captured_at,source_time,race_date,track,race_no,bet_type,combination,odds_low,odds_high,popularity,source_url
2026-09-20 13:41:51,13:41,2026-09-20,saga,1,馬連,1-6,3.4,3.4,1,https://www.keiba.go.jp/KeibaWeb/TodayRaceInfo/OddsUmLenFuku?k_babaCode=32&k_raceDate=2026%2F09%2F20&k_raceNo=1
2026-09-20 13:41:51,13:41,2026-09-20,saga,1,馬連,2-6,6.4,6.4,2,https://www.keiba.go.jp/KeibaWeb/TodayRaceInfo/OddsUmLenFuku?k_babaCode=32&k_raceDate=2026%2F09%2F20&k_raceNo=1
2026-09-20 13:41:51,13:41,2026-09-20,saga,1,馬連,1-2,7.4,7.4,3,https://www.keiba.go.jp/KeibaWeb/TodayRaceInfo/OddsUmLenFuku?k_babaCode=32&k_raceDate=2026%2F09%2F20&k_raceNo=1
2026-09-20 13:41:51,13:41,2026-09-20,saga,1,馬連,1-4,8.0,8.0,4,https://www.keiba.go.jp/KeibaWeb/TodayRaceInfo/OddsUmLenFuku?k_babaCode=32&k_raceDate=2026%2F09%2F20&k_raceNo=1
2026-09-20 13:41:51,13:41,2026-09-20,saga,1,馬連,1-3,8.4,8.4,5,https://www.keiba.go.jp/KeibaWeb/TodayRaceInfo/OddsUmLenFuku?k_babaCode=32&k_raceDate=2026%2F09%2F20&k_raceNo=1
2026-09-20 13:41:51,13:41,2026-09-20,saga,1,馬連,3-6,12.3,12.3,6,https://www.keiba.go.jp/KeibaWeb/TodayRaceInfo/OddsUmLenFuku?k_babaCode=32&k_raceDate=2026%2F09%2F20&k_raceNo=1
2026-09-20 13:41:51,13:41,2026-09-20,saga,1,馬連,1-7,18.2,18.2,7,https://www.keiba.go.jp/KeibaWeb/TodayRaceInfo/OddsUmLenFuku?k_babaCode=32&k_raceDate=2026%2F09%2F20&k_raceNo=1
2026-09-20 13:41:51,13:41,2026-09-20,saga,1,馬連,4-6,18.9,18.9,8,https://www.keiba.go.jp/KeibaWeb/TodayRaceInfo/OddsUmLenFuku?k_babaCode=32&k_raceDate=2026%2F09%2F20&k_raceNo=1
2026-09-20 13:41:51,13:41,2026-09-20,saga,1,馬連,6-7,24.6,24.6,9,https://www.keiba.go.jp/KeibaWeb/TodayRaceInfo/OddsUmLenFuku?k_babaCode=32&k_raceDate=2026%2F09%2F20&k_raceNo=1
2026-09-20 13:41:51,13:41,2026-09-20,saga,1,馬連,2-4,27.3,27.3,10,https://www.keiba.go.jp/KeibaWeb/TodayRaceInfo/OddsUmLenFuku?k_babaCode=32&k_raceDate=2026%2F09%2F20&k_raceNo=1
2026-09-20 13:41:51,13:41,2026-09-20,saga,1,馬連,2-7,28.9,28.9,11,https://www.keiba.go.jp/KeibaWeb/TodayRaceInfo/OddsUmLenFuku?k_babaCode=32&k_raceDate=2026%2F09%2F20&k_raceNo=1
2026-09-20 13:41:51,13:41,2026-09-20,saga,1,馬連,3-4,28.9,28.9,11,https://www.keiba.go.jp/KeibaWeb/TodayRaceInfo/OddsUmLenFuku?k_babaCode=32&k_raceDate=2026%2F09%2F20&k_raceNo=1
2026-09-20 13:41:51,13:41,2026-09-20,saga,1,馬連,1-5,30.7,30.7,13,https://www.keiba.go.jp/KeibaWeb/TodayRaceInfo/OddsUmLenFuku?k_babaCode=32&k_raceDate=2026%2F09%2F20&k_raceNo=1
2026-09-20 13:41:51,13:41,2026-09-20,saga,1,馬連,5-6,35.1,35.1,14,https://www.keiba.go.jp/KeibaWeb/TodayRaceInfo/OddsUmLenFuku?k_babaCode=32&k_raceDate=2026%2F09%2F20&k_raceNo=1
2026-09-20 13:41:51,13:41,2026-09-20,saga,1,馬連,3-7,37.8,37.8,15,https://www.keiba.go.jp/KeibaWeb/TodayRaceInfo/OddsUmLenFuku?k_babaCode=32&k_raceDate=2026%2F09%2F20&k_raceNo=1
2026-09-20 13:41:51,13:41,2026-09-20,saga,1,馬連,2-3,41.0,41.0,16,https://www.keiba.go.jp/KeibaWeb/TodayRaceInfo/OddsUmLenFuku?k_babaCode=32&k_raceDate=2026%2F09%2F20&k_raceNo=1
2026-09-20 13:41:51,13:41,2026-09-20,saga,1,馬連,5-7,44.7,44.7,17,https://www.keiba.go.jp/KeibaWeb/TodayRaceInfo/OddsUmLenFuku?k_babaCode=32&k_raceDate=2026%2F09%2F20&k_raceNo=1
2026-09-20 13:41:51,13:41,2026-09-20,saga,1,馬連,3-5,70.2,70.2,18,https://www.keiba.go.jp/KeibaWeb/TodayRaceInfo/OddsUmLenFuku?k_babaCode=32&k_raceDate=2026%2F09%2F20&k_raceNo=1
2026-09-20 13:41:51,13:41,2026-09-20,saga,1,馬連,2-5,82.0,82.0,19,https://www.keiba.go.jp/KeibaWeb/TodayRaceInfo/OddsUmLenFuku?k_babaCode=32&k_raceDate=2026%2F09%2F20&k_raceNo=1
2026-09-20 13:41:51,13:41,2026-09-20,saga,1,馬連,4-7,123.0,123.0,20,https://www.keiba.go.jp/KeibaWeb/TodayRaceInfo/OddsUmLenFuku?k_babaCode=32&k_raceDate=2026%2F09%2F20&k_raceNo=1
2026-09-20 13:41:51,13:41,2026-09-20,saga,1,馬連,4-5,164.0,164.0,21,https://www.keiba.go.jp/KeibaWeb/TodayRaceInfo/OddsUmLenFuku?k_babaCode=32&k_raceDate=2026%2F09%2F20&k_raceNo=1
2026-09-20 13:41:51,13:41,2026-09-20,saga,1,ワイド,1-6,1.0,1.0,1,https://www.keiba.go.jp/KeibaWeb/TodayRaceInfo/OddsWide?k_babaCode=32&k_raceDate=2026%2F09%2F20&k_raceNo=1
2026-09-20 13:41:51,13:41,2026-09-20,saga,1,ワイド,2-6,1.4,2.6,2,https://www.keiba.go.jp/KeibaWeb/TodayRaceInfo/OddsWide?k_babaCode=32&k_raceDate=2026%2F09%2F20&k_raceNo=1
2026-09-20 13:41:51,13:41,2026-09-20,saga,1,ワイド,4-6,2.3,4.4,3,https://www.keiba.go.jp/KeibaWeb/TodayRaceInfo/OddsWide?k_babaCode=32&k_raceDate=2026%2F09%2F20&k_raceNo=1
2026-09-20 13:41:51,13:41,2026-09-20,saga,1,ワイド,1-2,2.7,6.5,4,https://www.keiba.go.jp/KeibaWeb/TodayRaceInfo/OddsWide?k_babaCode=32&k_raceDate=2026%2F09%2F20&k_raceNo=1
2026-09-20 13:41:51,13:41,2026-09-20,saga,1,ワイド,1-4,3.9,8.6,5,https://www.keiba.go.jp/KeibaWeb/TodayRaceInfo/OddsWide?k_babaCode=32&k_raceDate=2026%2F09%2F20&k_raceNo=1
2026-09-20 13:41:51,13:41,2026-09-20,saga,1,ワイド,3-6,4.0,8.1,6,https://www.keiba.go.jp/KeibaWeb/TodayRaceInfo/OddsWide?k_babaCode=32&k_raceDate=2026%2F09%2F20&k_raceNo=1
2026-09-20 13:41:51,13:41,2026-09-20,saga,1,ワイド,1-3,5.5,11.5,7,https://www.keiba.go.jp/KeibaWeb/TodayRaceInfo/OddsWide?k_babaCode=32&k_raceDate=2026%2F09%2F20&k_raceNo=1
2026-09-20 13:41:51,13:41,2026-09-20,saga,1,ワイド,6-7,6.4,13.1,8,https://www.keiba.go.jp/KeibaWeb/TodayRaceInfo/OddsWide?k_babaCode=32&k_raceDate=2026%2F09%2F20&k_raceNo=1
2026-09-20 13:41:51,13:41,2026-09-20,saga,1,ワイド,1-7,7.9,16.4,9,https://www.keiba.go.jp/KeibaWeb/TodayRaceInfo/OddsWide?k_babaCode=32&k_raceDate=2026%2F09%2F20&k_raceNo=1
2026-09-20 13:41:51,13:41,2026-09-20,saga,1,ワイド,5-6,8.6,17.2,10,https://www.keiba.go.jp/KeibaWeb/TodayRaceInfo/OddsWide?k_babaCode=32&k_raceDate=2026%2F09%2F20&k_raceNo=1
2026-09-20 13:41:51,13:41,2026-09-20,saga,1,ワイド,2-4,9.3,11.0,11,https://www.keiba.go.jp/KeibaWeb/TodayRaceInfo/OddsWide?k_babaCode=32&k_raceDate=2026%2F09%2F20&k_raceNo=1
2026-09-20 13:41:51,13:41,2026-09-20,saga,1,ワイド,2-3,11.0,12.6,12,https://www.keiba.go.jp/KeibaWeb/TodayRaceInfo/OddsWide?k_babaCode=32&k_raceDate=2026%2F09%2F20&k_raceNo=1
2026-09-20 13:41:51,13:41,2026-09-20,saga,1,ワイド,2-7,12.9,14.6,13,https://www.keiba.go.jp/KeibaWeb/TodayRaceInfo/OddsWide?k_babaCode=32&k_raceDate=2026%2F09%2F20&k_raceNo=1
2026-09-20 13:41:51,13:41,2026-09-20,saga,1,ワイド,1-5,13.8,28.5,14,https://www.keiba.go.jp/KeibaWeb/TodayRaceInfo/OddsWide?k_babaCode=32&k_raceDate=2026%2F09%2F20&k_raceNo=1
2026-09-20 13:41:51,13:41,2026-09-20,saga,1,ワイド,3-4,14.2,15.4,15,https://www.keiba.go.jp/KeibaWeb/TodayRaceInfo/OddsWide?k_babaCode=32&k_raceDate=2026%2F09%2F20&k_raceNo=1
2026-09-20 13:41:51,13:41,2026-09-20,saga,1,ワイド,2-5,23.0,25.7,16,https://www.keiba.go.jp/KeibaWeb/TodayRaceInfo/OddsWide?k_babaCode=32&k_raceDate=2026%2F09%2F20&k_raceNo=1
2026-09-20 13:41:51,13:41,2026-09-20,saga,1,ワイド,4-5,27.0,28.8,17,https://www.keiba.go.jp/KeibaWeb/TodayRaceInfo/OddsWide?k_babaCode=32&k_raceDate=2026%2F09%2F20&k_raceNo=1
2026-09-20 13:41:51,13:41,2026-09-20,saga,1,ワイド,4-7,34.3,36.8,18,https://www.keiba.go.jp/KeibaWeb/TodayRaceInfo/OddsWide?k_babaCode=32&k_raceDate=2026%2F09%2F20&k_raceNo=1
2026-09-20 13:41:51,13:41,2026-09-20,saga,1,ワイド,3-7,35.5,37.0,19,https://www.keiba.go.jp/KeibaWeb/TodayRaceInfo/OddsWide?k_babaCode=32&k_raceDate=2026%2F09%2F20&k_raceNo=1
2026-09-20 13:41:51,13:41,2026-09-20,saga,1,ワイド,5-7,42.0,43.0,20,https://www.keiba.go.jp/KeibaWeb/TodayRaceInfo/OddsWide?k_babaCode=32&k_raceDate=2026%2F09%2F20&k_raceNo=1
2026-09-20 13:41:51,13:41,2026-09-20,saga,1,ワイド,3-5,49.7,51.5,21,https://www.keiba.go.jp/KeibaWeb/TodayRaceInfo/OddsWide?k_babaCode=32&k_raceDate=2026%2F09%2F20&k_raceNo=1
2026-09-20 13:41:51,13:41,2026-09-20,saga,1,三連複,1-2-6,4.8,4.8,1,https://www.keiba.go.jp/KeibaWeb/TodayRaceInfo/Odds3LenFuku?k_babaCode=32&k_raceDate=2026%2F09%2F20&k_raceNo=1
2026-09-20 13:41:51,13:41,2026-09-20,saga,1,三連複,1-4-6,5.3,5.3,2,https://www.keiba.go.jp/KeibaWeb/TodayRaceInfo/Odds3LenFuku?k_babaCode=32&k_raceDate=2026%2F09%2F20&k_raceNo=1
2026-09-20 13:41:51,13:41,2026-09-20,saga,1,三連複,1-3-6,9.7,9.7,3,https://www.keiba.go.jp/KeibaWeb/TodayRaceInfo/Odds3LenFuku?k_babaCode=32&k_raceDate=2026%2F09%2F20&k_raceNo=1
2026-09-20 13:41:51,13:41,2026-09-20,saga,1,三連複,1-2-4,10.7,10.7,4,https://www.keiba.go.jp/KeibaWeb/TodayRaceInfo/Odds3LenFuku?k_babaCode=32&k_raceDate=2026%2F09%2F20&k_raceNo=1
2026-09-20 13:41:51,13:41,2026-09-20,saga,1,三連複,2-4-6,11.0,11.0,5,https://www.keiba.go.jp/KeibaWeb/TodayRaceInfo/Odds3LenFuku?k_babaCode=32&k_raceDate=2026%2F09%2F20&k_raceNo=1
2026-09-20 13:41:51,13:41,2026-09-20,saga,1,三連複,1-6-7,15.0,15.0,6,https://www.keiba.go.jp/KeibaWeb/TodayRaceInfo/Odds3LenFuku?k_babaCode=32&k_raceDate=2026%2F09%2F20&k_raceNo=1
2026-09-20 13:41:51,13:41,2026-09-20,saga,1,三連複,1-2-3,17.0,17.0,7,https://www.keiba.go.jp/KeibaWeb/TodayRaceInfo/Odds3LenFuku?k_babaCode=32&k_raceDate=2026%2F09%2F20&k_raceNo=1
2026-09-20 13:41:51,13:41,2026-09-20,saga,1,三連複,1-3-4,19.6,19.6,8,https://www.keiba.go.jp/KeibaWeb/TodayRaceInfo/Odds3LenFuku?k_babaCode=32&k_raceDate=2026%2F09%2F20&k_raceNo=1
2026-09-20 13:41:51,13:41,2026-09-20,saga,1,三連複,1-4-7,25.3,25.3,9,https://www.keiba.go.jp/KeibaWeb/TodayRaceInfo/Odds3LenFuku?k_babaCode=32&k_raceDate=2026%2F09%2F20&k_raceNo=1
2026-09-20 13:41:51,13:41,2026-09-20,saga,1,三連複,3-4-6,25.3,25.3,9,https://www.keiba.go.jp/KeibaWeb/TodayRaceInfo/Odds3LenFuku?k_babaCode=32&k_raceDate=2026%2F09%2F20&k_raceNo=1
2026-09-20 13:41:51,13:41,2026-09-20,saga,1,三連複,1-5-6,26.9,26.9,11,https://www.keiba.go.jp/KeibaWeb/TodayRaceInfo/Odds3LenFuku?k_babaCode=32&k_raceDate=2026%2F09%2F20&k_raceNo=1
2026-09-20 13:41:51,13:41,2026-09-20,saga,1,三連複,1-3-7,27.5,27.5,12,https://www.keiba.go.jp/KeibaWeb/TodayRaceInfo/Odds3LenFuku?k_babaCode=32&k_raceDate=2026%2F09%2F20&k_raceNo=1
2026-09-20 13:41:51,13:41,2026-09-20,saga,1,三連複,1-2-7,29.4,29.4,13,https://www.keiba.go.jp/KeibaWeb/TodayRaceInfo/Odds3LenFuku?k_babaCode=32&k_raceDate=2026%2F09%2F20&k_raceNo=1
2026-09-20 13:41:51,13:41,2026-09-20,saga,1,三連複,2-4-5,34.9,34.9,14,https://www.keiba.go.jp/KeibaWeb/TodayRaceInfo/Odds3LenFuku?k_babaCode=32&k_raceDate=2026%2F09%2F20&k_raceNo=1
2026-09-20 13:41:51,13:41,2026-09-20,saga,1,三連複,2-3-6,35.9,35.9,15,https://www.keiba.go.jp/KeibaWeb/TodayRaceInfo/Odds3LenFuku?k_babaCode=32&k_raceDate=2026%2F09%2F20&k_raceNo=1
2026-09-20 13:41:51,13:41,2026-09-20,saga,1,三連複,4-5-6,38.0,38.0,16,https://www.keiba.go.jp/KeibaWeb/TodayRaceInfo/Odds3LenFuku?k_babaCode=32&k_raceDate=2026%2F09%2F20&k_raceNo=1
2026-09-20 13:41:51,13:41,2026-09-20,saga,1,三連複,4-6-7,41.7,41.7,17,https://www.keiba.go.jp/KeibaWeb/TodayRaceInfo/Odds3LenFuku?k_babaCode=32&k_raceDate=2026%2F09%2F20&k_raceNo=1
2026-09-20 13:41:51,13:41,2026-09-20,saga,1,三連複,1-2-5,43.1,43.1,18,https://www.keiba.go.jp/KeibaWeb/TodayRaceInfo/Odds3LenFuku?k_babaCode=32&k_raceDate=2026%2F09%2F20&k_raceNo=1
2026-09-20 13:41:51,13:41,2026-09-20,saga,1,三連複,1-4-5,44.6,44.6,19,https://www.keiba.go.jp/KeibaWeb/TodayRaceInfo/Odds3LenFuku?k_babaCode=32&k_raceDate=2026%2F09%2F20&k_raceNo=1
2026-09-20 13:41:51,13:41,2026-09-20,saga,1,三連複,2-6-7,47.9,47.9,20,https://www.keiba.go.jp/KeibaWeb/TodayRaceInfo/Odds3LenFuku?k_babaCode=32&k_raceDate=2026%2F09%2F20&k_raceNo=1
2026-09-20 13:41:51,13:41,2026-09-20,saga,1,三連複,1-5-7,49.8,49.8,21,https://www.keiba.go.jp/KeibaWeb/TodayRaceInfo/Odds3LenFuku?k_babaCode=32&k_raceDate=2026%2F09%2F20&k_raceNo=1
2026-09-20 13:41:51,13:41,2026-09-20,saga,1,三連複,3-6-7,51.7,51.7,22,https://www.keiba.go.jp/KeibaWeb/TodayRaceInfo/Odds3LenFuku?k_babaCode=32&k_raceDate=2026%2F09%2F20&k_raceNo=1
2026-09-20 13:41:51,13:41,2026-09-20,saga,1,三連複,1-3-5,53.9,53.9,23,https://www.keiba.go.jp/KeibaWeb/TodayRaceInfo/Odds3LenFuku?k_babaCode=32&k_raceDate=2026%2F09%2F20&k_raceNo=1
2026-09-20 13:41:51,13:41,2026-09-20,saga,1,三連複,2-4-7,64.7,64.7,24,https://www.keiba.go.jp/KeibaWeb/TodayRaceInfo/Odds3LenFuku?k_babaCode=32&k_raceDate=2026%2F09%2F20&k_raceNo=1
2026-09-20 13:41:51,13:41,2026-09-20,saga,1,三連複,2-3-4,71.9,71.9,25,https://www.keiba.go.jp/KeibaWeb/TodayRaceInfo/Odds3LenFuku?k_babaCode=32&k_raceDate=2026%2F09%2F20&k_raceNo=1
2026-09-20 13:41:51,13:41,2026-09-20,saga,1,三連複,2-3-7,107.9,107.9,26,https://www.keiba.go.jp/KeibaWeb/TodayRaceInfo/Odds3LenFuku?k_babaCode=32&k_raceDate=2026%2F09%2F20&k_raceNo=1
2026-09-20 13:41:51,13:41,2026-09-20,saga,1,三連複,3-4-7,107.9,107.9,26,https://www.keiba.go.jp/KeibaWeb/TodayRaceInfo/Odds3LenFuku?k_babaCode=32&k_raceDate=2026%2F09%2F20&k_raceNo=1
2026-09-20 13:41:51,13:41,2026-09-20,saga,1,三連複,2-3-5,129.4,129.4,28,https://www.keiba.go.jp/KeibaWeb/TodayRaceInfo/Odds3LenFuku?k_babaCode=32&k_raceDate=2026%2F09%2F20&k_raceNo=1
2026-09-20 13:41:51,13:41,2026-09-20,saga,1,三連複,2-5-6,129.4,129.4,28,https://www.keiba.go.jp/KeibaWeb/TodayRaceInfo/Odds3LenFuku?k_babaCode=32&k_raceDate=2026%2F09%2F20&k_raceNo=1
2026-09-20 13:41:51,13:41,2026-09-20,saga,1,三連複,3-4-5,129.4,129.4,28,https://www.keiba.go.jp/KeibaWeb/TodayRaceInfo/Odds3LenFuku?k_babaCode=32&k_raceDate=2026%2F09%2F20&k_raceNo=1
2026-09-20 13:41:51,13:41,2026-09-20,saga,1,三連複,3-5-7,129.4,129.4,28,https://www.keiba.go.jp/KeibaWeb/TodayRaceInfo/Odds3LenFuku?k_babaCode=32&k_raceDate=2026%2F09%2F20&k_raceNo=1
2026-09-20 13:41:51,13:41,2026-09-20,saga,1,三連複,2-5-7,143.8,143.8,32,https://www.keiba.go.jp/KeibaWeb/TodayRaceInfo/Odds3LenFuku?k_babaCode=32&k_raceDate=2026%2F09%2F20&k_raceNo=1
2026-09-20 13:41:51,13:41,2026-09-20,saga,1,三連複,3-5-6,143.8,143.8,32,https://www.keiba.go.jp/KeibaWeb/TodayRaceInfo/Odds3LenFuku?k_babaCode=32&k_raceDate=2026%2F09%2F20&k_raceNo=1
2026-09-20 13:41:51,13:41,2026-09-20,saga,1,三連複,5-6-7,143.8,143.8,32,https://www.keiba.go.jp/KeibaWeb/TodayRaceInfo/Odds3LenFuku?k_babaCode=32&k_raceDate=2026%2F09%2F20&k_raceNo=1
2026-09-20 13:41:51,13:41,2026-09-20,saga,1,三連複,4-5-7,215.8,215.8,35,https://www.keiba.go.jp/KeibaWeb/TodayRaceInfo/Odds3LenFuku?k_babaCode=32&k_raceDate=2026%2F09%2F20&k_raceNo=1
2026-09-20 13:41:51,13:41,2026-09-20,saga,2,馬連,3-4,7.2,7.2,1,https://www.keiba.go.jp/KeibaWeb/TodayRaceInfo/OddsUmLenFuku?k_babaCode=32&k_raceDate=2026%2F09%2F20&k_raceNo=2
2026-09-20 13:41:51,13:41,2026-09-20,saga,2,馬連,3-10,7.4,7.4,2,https://www.keiba.go.jp/KeibaWeb/TodayRaceInfo/OddsUmLenFuku?k_babaCode=32&k_raceDate=2026%2F09%2F20&k_raceNo=2
2026-09-20 13:41:51,13:41,2026-09-20,saga,2,馬連,3-9,9.7,9.7,3,https://www.keiba.go.jp/KeibaWeb/TodayRaceInfo/OddsUmLenFuku?k_babaCode=32&k_raceDate=2026%2F09%2F20&k_raceNo=2
2026-09-20 13:41:51,13:41,2026-09-20,saga,2,馬連,1-3,10.5,10.5,4,https://www.keiba.go.jp/KeibaWeb/TodayRaceInfo/OddsUmLenFuku?k_babaCode=32&k_raceDate=2026%2F09%2F20&k_raceNo=2
2026-09-20 13:41:51,13:41,2026-09-20,saga,2,馬連,1-5,16.6,16.6,5,https://www.keiba.go.jp/KeibaWeb/TodayRaceInfo/OddsUmLenFuku?k_babaCode=32&k_raceDate=2026%2F09%2F20&k_raceNo=2
2026-09-20 13:41:51,13:41,2026-09-20,saga,2,馬連,1-7,19.4,19.4,6,https://www.keiba.go.jp/KeibaWeb/TodayRaceInfo/OddsUmLenFuku?k_babaCode=32&k_raceDate=2026%2F09%2F20&k_raceNo=2
2026-09-20 13:41:51,13:41,2026-09-20,saga,2,馬連,4-9,20.5,20.5,7,https://www.keiba.go.jp/KeibaWeb/TodayRaceInfo/OddsUmLenFuku?k_babaCode=32&k_raceDate=2026%2F09%2F20&k_raceNo=2
2026-09-20 13:41:51,13:41,2026-09-20,saga,2,馬連,4-10,20.5,20.5,7,https://www.keiba.go.jp/KeibaWeb/TodayRaceInfo/OddsUmLenFuku?k_babaCode=32&k_raceDate=2026%2F09%2F20&k_raceNo=2
2026-09-20 13:41:51,13:41,2026-09-20,saga,2,馬連,2-3,23.3,23.3,9,https://www.keiba.go.jp/KeibaWeb/TodayRaceInfo/OddsUmLenFuku?k_babaCode=32&k_raceDate=2026%2F09%2F20&k_raceNo=2
2026-09-20 13:41:51,13:41,2026-09-20,saga,2,馬連,4-8,23.3,23.3,9,https://www.keiba.go.jp/KeibaWeb/TodayRaceInfo/OddsUmLenFuku?k_babaCode=32&k_raceDate=2026%2F09%2F20&k_raceNo=2
2026-09-20 13:41:51,13:41,2026-09-20,saga,2,馬連,1-9,24.9,24.9,11,https://www.keiba.go.jp/KeibaWeb/TodayRaceInfo/OddsUmLenFuku?k_babaCode=32&k_raceDate=2026%2F09%2F20&k_raceNo=2
2026-09-20 13:41:51,13:41,2026-09-20,saga,2,馬連,5-9,24.9,24.9,11,https://www.keiba.go.jp/KeibaWeb/TodayRaceInfo/OddsUmLenFuku?k_babaCode=32&k_raceDate=2026%2F09%2F20&k_raceNo=2
2026-09-20 13:41:51,13:41,2026-09-20,saga,2,馬連,9-10,24.9,24.9,11,https://www.keiba.go.jp/KeibaWeb/TodayRaceInfo/OddsUmLenFuku?k_babaCode=32&k_raceDate=2026%2F09%2F20&k_raceNo=2
2026-09-20 13:41:51,13:41,2026-09-20,saga,2,馬連,3-5,29.1,29.1,14,https://www.keiba.go.jp/KeibaWeb/TodayRaceInfo/OddsUmLenFuku?k_babaCode=32&k_raceDate=2026%2F09%2F20&k_raceNo=2
2026-09-20 13:41:51,13:41,2026-09-20,saga,2,馬連,3-7,29.1,29.1,14,https://www.keiba.go.jp/KeibaWeb/TodayRaceInfo/OddsUmLenFuku?k_babaCode=32&k_raceDate=2026%2F09%2F20&k_raceNo=2
2026-09-20 13:41:51,13:41,2026-09-20,saga,2,馬連,1-10,31.7,31.7,16,https://www.keiba.go.jp/KeibaWeb/TodayRaceInfo/OddsUmLenFuku?k_babaCode=32&k_raceDate=2026%2F09%2F20&k_raceNo=2
2026-09-20 13:41:51,13:41,2026-09-20,saga,2,馬連,2-9,34.9,34.9,17,https://www.keiba.go.jp/KeibaWeb/TodayRaceInfo/OddsUmLenFuku?k_babaCode=32&k_raceDate=2026%2F09%2F20&k_raceNo=2
2026-09-20 13:41:51,13:41,2026-09-20,saga,2,馬連,5-10,34.9,34.9,17,https://www.keiba.go.jp/KeibaWeb/TodayRaceInfo/OddsUmLenFuku?k_babaCode=32&k_raceDate=2026%2F09%2F20&k_raceNo=2
2026-09-20 13:41:51,13:41,2026-09-20,saga,2,馬連,2-4,38.8,38.8,19,https://www.keiba.go.jp/KeibaWeb/TodayRaceInfo/OddsUmLenFuku?k_babaCode=32&k_raceDate=2026%2F09%2F20&k_raceNo=2
2026-09-20 13:41:51,13:41,2026-09-20,saga,2,馬連,3-8,38.8,38.8,19,https://www.keiba.go.jp/KeibaWeb/TodayRaceInfo/OddsUmLenFuku?k_babaCode=32&k_raceDate=2026%2F09%2F20&k_raceNo=2
2026-09-20 13:41:51,13:41,2026-09-20,saga,2,馬連,1-4,43.6,43.6,21,https://www.keiba.go.jp/KeibaWeb/TodayRaceInfo/OddsUmLenFuku?k_babaCode=32&k_raceDate=2026%2F09%2F20&k_raceNo=2
2026-09-20 13:41:51,13:41,2026-09-20,saga,2,馬連,2-7,43.6,43.6,21,https://www.keiba.go.jp/KeibaWeb/TodayRaceInfo/OddsUmLenFuku?k_babaCode=32&k_raceDate=2026%2F09%2F20&k_raceNo=2
2026-09-20 13:41:51,13:41,2026-09-20,saga,2,馬連,1-2,49.9,49.9,23,https://www.keiba.go.jp/KeibaWeb/TodayRaceInfo/OddsUmLenFuku?k_babaCode=32&k_raceDate=2026%2F09%2F20&k_raceNo=2
2026-09-20 13:41:51,13:41,2026-09-20,saga,2,馬連,2-8,49.9,49.9,23,https://www.keiba.go.jp/KeibaWeb/TodayRaceInfo/OddsUmLenFuku?k_babaCode=32&k_raceDate=2026%2F09%2F20&k_raceNo=2
2026-09-20 13:41:51,13:41,2026-09-20,saga,2,馬連,2-10,58.2,58.2,25,https://www.keiba.go.jp/KeibaWeb/TodayRaceInfo/OddsUmLenFuku?k_babaCode=32&k_raceDate=2026%2F09%2F20&k_raceNo=2
2026-09-20 13:41:51,13:41,2026-09-20,saga,2,馬連,4-5,58.2,58.2,25,https://www.keiba.go.jp/KeibaWeb/TodayRaceInfo/OddsUmLenFuku?k_babaCode=32&k_raceDate=2026%2F09%2F20&k_raceNo=2
2026-09-20 13:41:51,13:41,2026-09-20,saga,2,馬連,7-9,58.2,58.2,25,https://www.keiba.go.jp/KeibaWeb/TodayRaceInfo/OddsUmLenFuku?k_babaCode=32&k_raceDate=2026%2F09%2F20&k_raceNo=2
2026-09-20 13:41:51,13:41,2026-09-20,saga,2,馬連,8-9,69.9,69.9,28,https://www.keiba.go.jp/KeibaWeb/TodayRaceInfo/OddsUmLenFuku?k_babaCode=32&k_raceDate=2026%2F09%2F20&k_raceNo=2
2026-09-20 13:41:51,13:41,2026-09-20,saga,2,馬連,8-10,69.9,69.9,28,https://www.keiba.go.jp/KeibaWeb/TodayRaceInfo/OddsUmLenFuku?k_babaCode=32&k_raceDate=2026%2F09%2F20&k_raceNo=2
2026-09-20 13:41:51,13:41,2026-09-20,saga,2,馬連,5-6,116.5,116.5,30,https://www.keiba.go.jp/KeibaWeb/TodayRaceInfo/OddsUmLenFuku?k_babaCode=32&k_raceDate=2026%2F09%2F20&k_raceNo=2
2026-09-20 13:41:51,13:41,2026-09-20,saga,2,馬連,6-9,116.5,116.5,30,https://www.keiba.go.jp/KeibaWeb/TodayRaceInfo/OddsUmLenFuku?k_babaCode=32&k_raceDate=2026%2F09%2F20&k_raceNo=2
2026-09-20 13:41:51,13:41,2026-09-20,saga,2,馬連,1-6,174.7,174.7,32,https://www.keiba.go.jp/KeibaWeb/TodayRaceInfo/OddsUmLenFuku?k_babaCode=32&k_raceDate=2026%2F09%2F20&k_raceNo=2
2026-09-20 13:41:51,13:41,2026-09-20,saga,2,馬連,1-8,174.7,174.7,32,https://www.keiba.go.jp/KeibaWeb/TodayRaceInfo/OddsUmLenFuku?k_babaCode=32&k_raceDate=2026%2F09%2F20&k_raceNo=2
2026-09-20 13:41:51,13:41,2026-09-20,saga,2,馬連,2-5,174.7,174.7,32,https://www.keiba.go.jp/KeibaWeb/TodayRaceInfo/OddsUmLenFuku?k_babaCode=32&k_raceDate=2026%2F09%2F20&k_raceNo=2
2026-09-20 13:41:51,13:41,2026-09-20,saga,2,馬連,3-6,174.7,174.7,32,https://www.keiba.go.jp/KeibaWeb/TodayRaceInfo/OddsUmLenFuku?k_babaCode=32&k_raceDate=2026%2F09%2F20&k_raceNo=2
2026-09-20 13:41:51,13:41,2026-09-20,saga,2,馬連,4-7,174.7,174.7,32,https://www.keiba.go.jp/KeibaWeb/TodayRaceInfo/OddsUmLenFuku?k_babaCode=32&k_raceDate=2026%2F09%2F20&k_raceNo=2
2026-09-20 13:41:51,13:41,2026-09-20,saga,2,馬連,5-7,174.7,174.7,32,https://www.keiba.go.jp/KeibaWeb/TodayRaceInfo/OddsUmLenFuku?k_babaCode=32&k_raceDate=2026%2F09%2F20&k_raceNo=2
2026-09-20 13:41:51,13:41,2026-09-20,saga,2,馬連,7-8,174.7,174.7,32,https://www.keiba.go.jp/KeibaWeb/TodayRaceInfo/OddsUmLenFuku?k_babaCode=32&k_raceDate=2026%2F09%2F20&k_raceNo=2
2026-09-20 13:41:51,13:41,2026-09-20,saga,2,馬連,7-10,174.7,174.7,32,https://www.keiba.go.jp/KeibaWeb/TodayRaceInfo/OddsUmLenFuku?k_babaCode=32&k_raceDate=2026%2F09%2F20&k_raceNo=2
2026-09-20 13:41:51,13:41,2026-09-20,saga,2,馬連,2-6,349.5,349.5,40,https://www.keiba.go.jp/KeibaWeb/TodayRaceInfo/OddsUmLenFuku?k_babaCode=32&k_raceDate=2026%2F09%2F20&k_raceNo=2
2026-09-20 13:41:51,13:41,2026-09-20,saga,2,馬連,4-6,349.5,349.5,40,https://www.keiba.go.jp/KeibaWeb/TodayRaceInfo/OddsUmLenFuku?k_babaCode=32&k_raceDate=2026%2F09%2F20&k_raceNo=2
2026-09-20 13:41:51,13:41,2026-09-20,saga,2,馬連,5-8,349.5,349.5,40,https://www.keiba.go.jp/KeibaWeb/TodayRaceInfo/OddsUmLenFuku?k_babaCode=32&k_raceDate=2026%2F09%2F20&k_raceNo=2
2026-09-20 13:41:51,13:41,2026-09-20,saga,2,馬連,6-8,349.5,349.5,40,https://www.keiba.go.jp/KeibaWeb/TodayRaceInfo/OddsUmLenFuku?k_babaCode=32&k_raceDate=2026%2F09%2F20&k_raceNo=2
2026-09-20 13:41:51,13:41,2026-09-20,saga,2,馬連,6-7,0.0,0.0,44,https://www.keiba.go.jp/KeibaWeb/TodayRaceInfo/OddsUmLenFuku?k_babaCode=32&k_raceDate=2026%2F09%2F20&k_raceNo=2
2026-09-20 13:41:51,13:41,2026-09-20,saga,2,馬連,6-10,0.0,0.0,44,https://www.keiba.go.jp/KeibaWeb/TodayRaceInfo/OddsUmLenFuku?k_babaCode=32&k_raceDate=2026%2F09%2F20&k_raceNo=2
2026-09-20 13:41:51,13:41,2026-09-20,saga,2,ワイド,3-10,2.7,3.0,1,https://www.keiba.go.jp/KeibaWeb/TodayRaceInfo/OddsWide?k_babaCode=32&k_raceDate=2026%2F09%2F20&k_raceNo=2
2026-09-20 13:41:51,13:41,2026-09-20,saga,2,ワイド,3-4,3.3,3.7,2,https://www.keiba.go.jp/KeibaWeb/TodayRaceInfo/OddsWide?k_babaCode=32&k_raceDate=2026%2F09%2F20&k_raceNo=2
2026-09-20 13:41:51,13:41,2026-09-20,saga,2,ワイド,4-5,3.7,3.9,3,https://www.keiba.go.jp/KeibaWeb/TodayRaceInfo/OddsWide?k_babaCode=32&k_raceDate=2026%2F09%2F20&k_raceNo=2
2026-09-20 13:41:51,13:41,2026-09-20,saga,2,ワイド,1-3,3.9,4.3,4,https://www.keiba.go.jp/KeibaWeb/TodayRaceInfo/OddsWide?k_babaCode=32&k_raceDate=2026%2F09%2F20&k_raceNo=2
2026-09-20 13:41:51,13:41,2026-09-20,saga,2,ワイド,3-9,4.2,4.7,5,https://www.keiba.go.jp/KeibaWeb/TodayRaceInfo/OddsWide?k_babaCode=32&k_raceDate=2026%2F09%2F20&k_raceNo=2
2026-09-20 13:41:51,13:41,2026-09-20,saga,2,ワイド,4-10,4.5,5.2,6,https://www.keiba.go.jp/KeibaWeb/TodayRaceInfo/OddsWide?k_babaCode=32&k_raceDate=2026%2F09%2F20&k_raceNo=2
2026-09-20 13:41:51,13:41,2026-09-20,saga,2,ワイド,4-9,5.3,6.0,7,https://www.keiba.go.jp/KeibaWeb/TodayRaceInfo/OddsWide?k_babaCode=32&k_raceDate=2026%2F09%2F20&k_raceNo=2
2026-09-20 13:41:51,13:41,2026-09-20,saga,2,ワイド,2-4,6.5,7.0,8,https://www.keiba.go.jp/KeibaWeb/TodayRaceInfo/OddsWide?k_babaCode=32&k_raceDate=2026%2F09%2F20&k_raceNo=2
2026-09-20 13:41:51,13:41,2026-09-20,saga,2,ワイド,2-9,7.4,8.0,9,https://www.keiba.go.jp/KeibaWeb/TodayRaceInfo/OddsWide?k_babaCode=32&k_raceDate=2026%2F09%2F20&k_raceNo=2
2026-09-20 13:41:51,13:41,2026-09-20,saga,2,ワイド,9-10,8.6,10.0,10,https://www.keiba.go.jp/KeibaWeb/TodayRaceInfo/OddsWide?k_babaCode=32&k_raceDate=2026%2F09%2F20&k_raceNo=2
2026-09-20 13:41:51,13:41,2026-09-20,saga,2,ワイド,1-2,9.4,10.0,11,https://www.keiba.go.jp/KeibaWeb/TodayRaceInfo/OddsWide?k_babaCode=32&k_raceDate=2026%2F09%2F20&k_raceNo=2
2026-09-20 13:41:51,13:41,2026-09-20,saga,2,ワイド,1-9,9.8,10.9,12,https://www.keiba.go.jp/KeibaWeb/TodayRaceInfo/OddsWide?k_babaCode=32&k_raceDate=2026%2F09%2F20&k_raceNo=2
2026-09-20 13:41:51,13:41,2026-09-20,saga,2,ワイド,2-5,10.0,11.0,13,https://www.keiba.go.jp/KeibaWeb/TodayRaceInfo/OddsWide?k_babaCode=32&k_raceDate=2026%2F09%2F20&k_raceNo=2
2026-09-20 13:41:51,13:41,2026-09-20,saga,2,ワイド,1-5,10.2,10.9,14,https://www.keiba.go.jp/KeibaWeb/TodayRaceInfo/OddsWide?k_babaCode=32&k_raceDate=2026%2F09%2F20&k_raceNo=2
2026-09-20 13:41:51,13:41,2026-09-20,saga,2,ワイド,1-10,10.4,12.1,15,https://www.keiba.go.jp/KeibaWeb/TodayRaceInfo/OddsWide?k_babaCode=32&k_raceDate=2026%2F09%2F20&k_raceNo=2
2026-09-20 13:41:51,13:41,2026-09-20,saga,2,ワイド,2-7,10.6,11.0,16,https://www.keiba.go.jp/KeibaWeb/TodayRaceInfo/OddsWide?k_babaCode=32&k_raceDate=2026%2F09%2F20&k_raceNo=2
2026-09-20 13:41:51,13:41,2026-09-20,saga,2,ワイド,3-5,13.5,15.4,17,https://www.keiba.go.jp/KeibaWeb/TodayRaceInfo/OddsWide?k_babaCode=32&k_raceDate=2026%2F09%2F20&k_raceNo=2
2026-09-20 13:41:51,13:41,2026-09-20,saga,2,ワイド,2-3,14.0,15.5,18,https://www.keiba.go.jp/KeibaWeb/TodayRaceInfo/OddsWide?k_babaCode=32&k_raceDate=2026%2F09%2F20&k_raceNo=2
2026-09-20 13:41:51,13:41,2026-09-20,saga,2,ワイド,8-10,14.0,15.6,19,https://www.keiba.go.jp/KeibaWeb/TodayRaceInfo/OddsWide?k_babaCode=32&k_raceDate=2026%2F09%2F20&k_raceNo=2
2026-09-20 13:41:51,13:41,2026-09-20,saga,2,ワイド,1-7,14.5,15.5,20,https://www.keiba.go.jp/KeibaWeb/TodayRaceInfo/OddsWide?k_babaCode=32&k_raceDate=2026%2F09%2F20&k_raceNo=2
2026-09-20 13:41:51,13:41,2026-09-20,saga,2,ワイド,1-4,15.7,17.9,21,https://www.keiba.go.jp/KeibaWeb/TodayRaceInfo/OddsWide?k_babaCode=32&k_raceDate=2026%2F09%2F20&k_raceNo=2
2026-09-20 13:41:51,13:41,2026-09-20,saga,2,ワイド,5-9,16.2,17.9,22,https://www.keiba.go.jp/KeibaWeb/TodayRaceInfo/OddsWide?k_babaCode=32&k_raceDate=2026%2F09%2F20&k_raceNo=2
2026-09-20 13:41:51,13:41,2026-09-20,saga,2,ワイド,3-8,16.2,18.1,23,https://www.keiba.go.jp/KeibaWeb/TodayRaceInfo/OddsWide?k_babaCode=32&k_raceDate=2026%2F09%2F20&k_raceNo=2
2026-09-20 13:41:51,13:41,2026-09-20,saga,2,ワイド,5-7,16.7,17.9,24,https://www.keiba.go.jp/KeibaWeb/TodayRaceInfo/OddsWide?k_babaCode=32&k_raceDate=2026%2F09%2F20&k_raceNo=2
2026-09-20 13:41:51,13:41,2026-09-20,saga,2,ワイド,4-7,16.7,18.1,25,https://www.keiba.go.jp/KeibaWeb/TodayRaceInfo/OddsWide?k_babaCode=32&k_raceDate=2026%2F09%2F20&k_raceNo=2
2026-09-20 13:41:51,13:41,2026-09-20,saga,2,ワイド,1-8,16.8,18.0,26,https://www.keiba.go.jp/KeibaWeb/TodayRaceInfo/OddsWide?k_babaCode=32&k_raceDate=2026%2F09%2F20&k_raceNo=2
2026-09-20 13:41:51,13:41,2026-09-20,saga,2,ワイド,5-6,16.9,18.0,27,https://www.keiba.go.jp/KeibaWeb/TodayRaceInfo/OddsWide?k_babaCode=32&k_raceDate=2026%2F09%2F20&k_raceNo=2
2026-09-20 13:41:51,13:41,2026-09-20,saga,2,ワイド,8-9,16.9,18.1,28,https://www.keiba.go.jp/KeibaWeb/TodayRaceInfo/OddsWide?k_babaCode=32&k_raceDate=2026%2F09%2F20&k_raceNo=2
2026-09-20 13:41:51,13:41,2026-09-20,saga,2,ワイド,5-10,19.2,21.4,29,https://www.keiba.go.jp/KeibaWeb/TodayRaceInfo/OddsWide?k_babaCode=32&k_raceDate=2026%2F09%2F20&k_raceNo=2
2026-09-20 13:41:51,13:41,2026-09-20,saga,2,ワイド,3-7,19.5,21.6,30,https://www.keiba.go.jp/KeibaWeb/TodayRaceInfo/OddsWide?k_babaCode=32&k_raceDate=2026%2F09%2F20&k_raceNo=2
2026-09-20 13:41:51,13:41,2026-09-20,saga,2,ワイド,4-8,19.9,21.6,31,https://www.keiba.go.jp/KeibaWeb/TodayRaceInfo/OddsWide?k_babaCode=32&k_raceDate=2026%2F09%2F20&k_raceNo=2
2026-09-20 13:41:51,13:41,2026-09-20,saga,2,ワイド,1-6,20.3,21.4,32,https://www.keiba.go.jp/KeibaWeb/TodayRaceInfo/OddsWide?k_babaCode=32&k_raceDate=2026%2F09%2F20&k_raceNo=2
2026-09-20 13:41:51,13:41,2026-09-20,saga,2,ワイド,2-10,24.1,26.8,33,https://www.keiba.go.jp/KeibaWeb/TodayRaceInfo/OddsWide?k_babaCode=32&k_raceDate=2026%2F09%2F20&k_raceNo=2
2026-09-20 13:41:51,13:41,2026-09-20,saga,2,ワイド,7-10,24.2,26.9,34,https://www.keiba.go.jp/KeibaWeb/TodayRaceInfo/OddsWide?k_babaCode=32&k_raceDate=2026%2F09%2F20&k_raceNo=2
2026-09-20 13:41:51,13:41,2026-09-20,saga,2,ワイド,7-9,25.2,26.9,35,https://www.keiba.go.jp/KeibaWeb/TodayRaceInfo/OddsWide?k_babaCode=32&k_raceDate=2026%2F09%2F20&k_raceNo=2
2026-09-20 13:41:51,13:41,2026-09-20,saga,2,ワイド,7-8,26.3,27.0,36,https://www.keiba.go.jp/KeibaWeb/TodayRaceInfo/OddsWide?k_babaCode=32&k_raceDate=2026%2F09%2F20&k_raceNo=2
2026-09-20 13:41:51,13:41,2026-09-20,saga,2,ワイド,5-8,33.0,35.4,37,https://www.keiba.go.jp/KeibaWeb/TodayRaceInfo/OddsWide?k_babaCode=32&k_raceDate=2026%2F09%2F20&k_raceNo=2
2026-09-20 13:41:51,13:41,2026-09-20,saga,2,ワイド,3-6,48.3,53.0,38,https://www.keiba.go.jp/KeibaWeb/TodayRaceInfo/OddsWide?k_babaCode=32&k_raceDate=2026%2F09%2F20&k_raceNo=2
2026-09-20 13:41:51,13:41,2026-09-20,saga,2,ワイド,6-10,48.3,53.1,39,https://www.keiba.go.jp/KeibaWeb/TodayRaceInfo/OddsWide?k_babaCode=32&k_raceDate=2026%2F09%2F20&k_raceNo=2
2026-09-20 13:41:51,13:41,2026-09-20,saga,2,ワイド,4-6,49.2,53.0,40,https://www.keiba.go.jp/KeibaWeb/TodayRaceInfo/OddsWide?k_babaCode=32&k_raceDate=2026%2F09%2F20&k_raceNo=2
2026-09-20 13:41:51,13:41,2026-09-20,saga,2,ワイド,6-9,50.3,53.1,41,https://www.keiba.go.jp/KeibaWeb/TodayRaceInfo/OddsWide?k_babaCode=32&k_raceDate=2026%2F09%2F20&k_raceNo=2
2026-09-20 13:41:51,13:41,2026-09-20,saga,2,ワイド,2-8,51.1,53.3,42,https://www.keiba.go.jp/KeibaWeb/TodayRaceInfo/OddsWide?k_babaCode=32&k_raceDate=2026%2F09%2F20&k_raceNo=2
2026-09-20 13:41:51,13:41,2026-09-20,saga,2,ワイド,2-6,51.5,53.3,43,https://www.keiba.go.jp/KeibaWeb/TodayRaceInfo/OddsWide?k_babaCode=32&k_raceDate=2026%2F09%2F20&k_raceNo=2
2026-09-20 13:41:51,13:41,2026-09-20,saga,2,ワイド,6-7,104.0,105.7,44,https://www.keiba.go.jp/KeibaWeb/TodayRaceInfo/OddsWide?k_babaCode=32&k_raceDate=2026%2F09%2F20&k_raceNo=2
2026-09-20 13:41:51,13:41,2026-09-20,saga,2,ワイド,6-8,104.2,106.0,45,https://www.keiba.go.jp/KeibaWeb/TodayRaceInfo/OddsWide?k_babaCode=32&k_raceDate=2026%2F09%2F20&k_raceNo=2
2026-09-20 13:41:51,13:41,2026-09-20,saga,2,三連複,3-4-9,13.2,13.2,1,https://www.keiba.go.jp/KeibaWeb/TodayRaceInfo/Odds3LenFuku?k_babaCode=32&k_raceDate=2026%2F09%2F20&k_raceNo=2
2026-09-20 13:41:51,13:41,2026-09-20,saga,2,三連複,3-4-10,13.3,13.3,2,https://www.keiba.go.jp/KeibaWeb/TodayRaceInfo/Odds3LenFuku?k_babaCode=32&k_raceDate=2026%2F09%2F20&k_raceNo=2
2026-09-20 13:41:51,13:41,2026-09-20,saga,2,三連複,1-3-9,13.5,13.5,3,https://www.keiba.go.jp/KeibaWeb/TodayRaceInfo/Odds3LenFuku?k_babaCode=32&k_raceDate=2026%2F09%2F20&k_raceNo=2
2026-09-20 13:41:51,13:41,2026-09-20,saga,2,三連複,1-3-4,15.2,15.2,4,https://www.keiba.go.jp/KeibaWeb/TodayRaceInfo/Odds3LenFuku?k_babaCode=32&k_raceDate=2026%2F09%2F20&k_raceNo=2
2026-09-20 13:41:51,13:41,2026-09-20,saga,2,三連複,3-9-10,15.4,15.4,5,https://www.keiba.go.jp/KeibaWeb/TodayRaceInfo/Odds3LenFuku?k_babaCode=32&k_raceDate=2026%2F09%2F20&k_raceNo=2
2026-09-20 13:41:51,13:41,2026-09-20,saga,2,三連複,1-3-10,17.0,17.0,6,https://www.keiba.go.jp/KeibaWeb/TodayRaceInfo/Odds3LenFuku?k_babaCode=32&k_raceDate=2026%2F09%2F20&k_raceNo=2
2026-09-20 13:41:51,13:41,2026-09-20,saga,2,三連複,2-3-4,18.8,18.8,7,https://www.keiba.go.jp/KeibaWeb/TodayRaceInfo/Odds3LenFuku?k_babaCode=32&k_raceDate=2026%2F09%2F20&k_raceNo=2
2026-09-20 13:41:51,13:41,2026-09-20,saga,2,三連複,2-3-10,23.6,23.6,8,https://www.keiba.go.jp/KeibaWeb/TodayRaceInfo/Odds3LenFuku?k_babaCode=32&k_raceDate=2026%2F09%2F20&k_raceNo=2
2026-09-20 13:41:51,13:41,2026-09-20,saga,2,三連複,2-3-9,25.2,25.2,9,https://www.keiba.go.jp/KeibaWeb/TodayRaceInfo/Odds3LenFuku?k_babaCode=32&k_raceDate=2026%2F09%2F20&k_raceNo=2
2026-09-20 13:41:51,13:41,2026-09-20,saga,2,三連複,4-9-10,30.0,30.0,10,https://www.keiba.go.jp/KeibaWeb/TodayRaceInfo/Odds3LenFuku?k_babaCode=32&k_raceDate=2026%2F09%2F20&k_raceNo=2
2026-09-20 13:41:51,13:41,2026-09-20,saga,2,三連複,3-4-5,35.8,35.8,11,https://www.keiba.go.jp/KeibaWeb/TodayRaceInfo/Odds3LenFuku?k_babaCode=32&k_raceDate=2026%2F09%2F20&k_raceNo=2
2026-09-20 13:41:51,13:41,2026-09-20,saga,2,三連複,3-4-7,38.3,38.3,12,https://www.keiba.go.jp/KeibaWeb/TodayRaceInfo/Odds3LenFuku?k_babaCode=32&k_raceDate=2026%2F09%2F20&k_raceNo=2
2026-09-20 13:41:51,13:41,2026-09-20,saga,2,三連複,1-3-7,41.1,41.1,13,https://www.keiba.go.jp/KeibaWeb/TodayRaceInfo/Odds3LenFuku?k_babaCode=32&k_raceDate=2026%2F09%2F20&k_raceNo=2
2026-09-20 13:41:51,13:41,2026-09-20,saga,2,三連複,1-9-10,41.1,41.1,13,https://www.keiba.go.jp/KeibaWeb/TodayRaceInfo/Odds3LenFuku?k_babaCode=32&k_raceDate=2026%2F09%2F20&k_raceNo=2
2026-09-20 13:41:51,13:41,2026-09-20,saga,2,三連複,1-2-3,42.7,42.7,15,https://www.keiba.go.jp/KeibaWeb/TodayRaceInfo/Odds3LenFuku?k_babaCode=32&k_raceDate=2026%2F09%2F20&k_raceNo=2
2026-09-20 13:41:51,13:41,2026-09-20,saga,2,三連複,3-7-10,42.7,42.7,15,https://www.keiba.go.jp/KeibaWeb/TodayRaceInfo/Odds3LenFuku?k_babaCode=32&k_raceDate=2026%2F09%2F20&k_raceNo=2
2026-09-20 13:41:51,13:41,2026-09-20,saga,2,三連複,3-7-9,46.2,46.2,17,https://www.keiba.go.jp/KeibaWeb/TodayRaceInfo/Odds3LenFuku?k_babaCode=32&k_raceDate=2026%2F09%2F20&k_raceNo=2
2026-09-20 13:41:51,13:41,2026-09-20,saga,2,三連複,3-8-9,48.2,48.2,18,https://www.keiba.go.jp/KeibaWeb/TodayRaceInfo/Odds3LenFuku?k_babaCode=32&k_raceDate=2026%2F09%2F20&k_raceNo=2
2026-09-20 13:41:51,13:41,2026-09-20,saga,2,三連複,1-4-9,50.4,50.4,19,https://www.keiba.go.jp/KeibaWeb/TodayRaceInfo/Odds3LenFuku?k_babaCode=32&k_raceDate=2026%2F09%2F20&k_raceNo=2
2026-09-20 13:41:51,13:41,2026-09-20,saga,2,三連複,2-4-10,50.4,50.4,19,https://www.keiba.go.jp/KeibaWeb/TodayRaceInfo/Odds3LenFuku?k_babaCode=32&k_raceDate=2026%2F09%2F20&k_raceNo=2
2026-09-20 13:41:51,13:41,2026-09-20,saga,2,三連複,2-4-9,52.8,52.8,21,https://www.keiba.go.jp/KeibaWeb/TodayRaceInfo/Odds3LenFuku?k_babaCode=32&k_raceDate=2026%2F09%2F20&k_raceNo=2
2026-09-20 13:41:51,13:41,2026-09-20,saga,2,三連複,3-5-10,52.8,52.8,22,https://www.keiba.go.jp/KeibaWeb/TodayRaceInfo/Odds3LenFuku?k_babaCode=32&k_raceDate=2026%2F09%2F20&k_raceNo=2
2026-09-20 13:41:51,13:41,2026-09-20,saga,2,三連複,1-4-10,55.5,55.5,23,https://www.keiba.go.jp/KeibaWeb/TodayRaceInfo/Odds3LenFuku?k_babaCode=32&k_raceDate=2026%2F09%2F20&k_raceNo=2
2026-09-20 13:41:51,13:41,2026-09-20,saga,2,三連複,3-5-9,55.5,55.5,23,https://www.keiba.go.jp/KeibaWeb/TodayRaceInfo/Odds3LenFuku?k_babaCode=32&k_raceDate=2026%2F09%2F20&k_raceNo=2
2026-09-20 13:41:51,13:41,2026-09-20,saga,2,三連複,2-3-7,58.4,58.4,25,https://www.keiba.go.jp/KeibaWeb/TodayRaceInfo/Odds3LenFuku?k_babaCode=32&k_raceDate=2026%2F09%2F20&k_raceNo=2
2026-09-20 13:41:51,13:41,2026-09-20,saga,2,三連複,2-9-10,58.4,58.4,25,https://www.keiba.go.jp/KeibaWeb/TodayRaceInfo/Odds3LenFuku?k_babaCode=32&k_raceDate=2026%2F09%2F20&k_raceNo=2
2026-09-20 13:41:51,13:41,2026-09-20,saga,2,三連複,1-3-5,65.3,65.3,27,https://www.keiba.go.jp/KeibaWeb/TodayRaceInfo/Odds3LenFuku?k_babaCode=32&k_raceDate=2026%2F09%2F20&k_raceNo=2
2026-09-20 13:41:51,13:41,2026-09-20,saga,2,三連複,3-4-8,69.4,69.4,28,https://www.keiba.go.jp/KeibaWeb/TodayRaceInfo/Odds3LenFuku?k_babaCode=32&k_raceDate=2026%2F09%2F20&k_raceNo=2
2026-09-20 13:41:51,13:41,2026-09-20,saga,2,三連複,2-3-5,79.3,79.3,29,https://www.keiba.go.jp/KeibaWeb/TodayRaceInfo/Odds3LenFuku?k_babaCode=32&k_raceDate=2026%2F09%2F20&k_raceNo=2
2026-09-20 13:41:51,13:41,2026-09-20,saga,2,三連複,3-6-9,79.3,79.3,29,https://www.keiba.go.jp/KeibaWeb/TodayRaceInfo/Odds3LenFuku?k_babaCode=32&k_raceDate=2026%2F09%2F20&k_raceNo=2
2026-09-20 13:41:51,13:41,2026-09-20,saga,2,三連複,7-9-10,79.3,79.3,29,https://www.keiba.go.jp/KeibaWeb/TodayRaceInfo/Odds3LenFuku?k_babaCode=32&k_raceDate=2026%2F09%2F20&k_raceNo=2
2026-09-20 13:41:51,13:41,2026-09-20,saga,2,三連複,1-2-5,85.4,85.4,32,https://www.keiba.go.jp/KeibaWeb/TodayRaceInfo/Odds3LenFuku?k_babaCode=32&k_raceDate=2026%2F09%2F20&k_raceNo=2
2026-09-20 13:41:51,13:41,2026-09-20,saga,2,三連複,2-4-5,85.4,85.4,32,https://www.keiba.go.jp/KeibaWeb/TodayRaceInfo/Odds3LenFuku?k_babaCode=32&k_raceDate=2026%2F09%2F20&k_raceNo=2
2026-09-20 13:41:51,13:41,2026-09-20,saga,2,三連複,1-2-9,92.5,92.5,34,https://www.keiba.go.jp/KeibaWeb/TodayRaceInfo/Odds3LenFuku?k_babaCode=32&k_raceDate=2026%2F09%2F20&k_raceNo=2
2026-09-20 13:41:51,13:41,2026-09-20,saga,2,三連複,1-2-10,92.5,92.5,34,https://www.keiba.go.jp/KeibaWeb/TodayRaceInfo/Odds3LenFuku?k_babaCode=32&k_raceDate=2026%2F09%2F20&k_raceNo=2
2026-09-20 13:41:51,13:41,2026-09-20,saga,2,三連複,3-4-6,92.5,92.5,34,https://www.keiba.go.jp/KeibaWeb/TodayRaceInfo/Odds3LenFuku?k_babaCode=32&k_raceDate=2026%2F09%2F20&k_raceNo=2
2026-09-20 13:41:51,13:41,2026-09-20,saga,2,三連複,3-8-10,92.5,92.5,34,https://www.keiba.go.jp/KeibaWeb/TodayRaceInfo/Odds3LenFuku?k_babaCode=32&k_raceDate=2026%2F09%2F20&k_raceNo=2
2026-09-20 13:41:51,13:41,2026-09-20,saga,2,三連複,1-2-6,111.0,111.0,38,https://www.keiba.go.jp/KeibaWeb/TodayRaceInfo/Odds3LenFuku?k_babaCode=32&k_raceDate=2026%2F09%2F20&k_raceNo=2
2026-09-20 13:41:51,13:41,2026-09-20,saga,2,三連複,1-4-7,111.0,111.0,38,https://www.keiba.go.jp/KeibaWeb/TodayRaceInfo/Odds3LenFuku?k_babaCode=32&k_raceDate=2026%2F09%2F20&k_raceNo=2
2026-09-20 13:41:51,13:41,2026-09-20,saga,2,三連複,4-8-9,111.0,111.0,38,https://www.keiba.go.jp/KeibaWeb/TodayRaceInfo/Odds3LenFuku?k_babaCode=32&k_raceDate=2026%2F09%2F20&k_raceNo=2
2026-09-20 13:41:51,13:41,2026-09-20,saga,2,三連複,1-2-4,123.4,123.4,41,https://www.keiba.go.jp/KeibaWeb/TodayRaceInfo/Odds3LenFuku?k_babaCode=32&k_raceDate=2026%2F09%2F20&k_raceNo=2
2026-09-20 13:41:51,13:41,2026-09-20,saga,2,三連複,1-7-9,123.4,123.4,41,https://www.keiba.go.jp/KeibaWeb/TodayRaceInfo/Odds3LenFuku?k_babaCode=32&k_raceDate=2026%2F09%2F20&k_raceNo=2
2026-09-20 13:41:51,13:41,2026-09-20,saga,2,三連複,2-3-6,123.4,123.4,41,https://www.keiba.go.jp/KeibaWeb/TodayRaceInfo/Odds3LenFuku?k_babaCode=32&k_raceDate=2026%2F09%2F20&k_raceNo=2
2026-09-20 13:41:51,13:41,2026-09-20,saga,2,三連複,2-5-9,123.4,123.4,41,https://www.keiba.go.jp/KeibaWeb/TodayRaceInfo/Odds3LenFuku?k_babaCode=32&k_raceDate=2026%2F09%2F20&k_raceNo=2
2026-09-20 13:41:51,13:41,2026-09-20,saga,2,三連複,3-5-7,123.4,123.4,45,https://www.keiba.go.jp/KeibaWeb/TodayRaceInfo/Odds3LenFuku?k_babaCode=32&k_raceDate=2026%2F09%2F20&k_raceNo=2
2026-09-20 13:41:51,13:41,2026-09-20,saga,2,三連複,3-5-8,123.4,123.4,45,https://www.keiba.go.jp/KeibaWeb/TodayRaceInfo/Odds3LenFuku?k_babaCode=32&k_raceDate=2026%2F09%2F20&k_raceNo=2
2026-09-20 13:41:51,13:41,2026-09-20,saga,2,三連複,1-2-7,138.8,138.8,47,https://www.keiba.go.jp/KeibaWeb/TodayRaceInfo/Odds3LenFuku?k_babaCode=32&k_raceDate=2026%2F09%2F20&k_raceNo=2
2026-09-20 13:41:51,13:41,2026-09-20,saga,2,三連複,1-3-6,138.8,138.8,47,https://www.keiba.go.jp/KeibaWeb/TodayRaceInfo/Odds3LenFuku?k_babaCode=32&k_raceDate=2026%2F09%2F20&k_raceNo=2
2026-09-20 13:41:51,13:41,2026-09-20,saga,2,三連複,1-3-8,138.8,138.8,47,https://www.keiba.go.jp/KeibaWeb/TodayRaceInfo/Odds3LenFuku?k_babaCode=32&k_raceDate=2026%2F09%2F20&k_raceNo=2
2026-09-20 13:41:51,13:41,2026-09-20,saga,2,三連複,1-4-5,138.8,138.8,47,https://www.keiba.go.jp/KeibaWeb/TodayRaceInfo/Odds3LenFuku?k_babaCode=32&k_raceDate=2026%2F09%2F20&k_raceNo=2
2026-09-20 13:41:51,13:41,2026-09-20,saga,2,三連複,2-3-8,138.8,138.8,47,https://www.keiba.go.jp/KeibaWeb/TodayRaceInfo/Odds3LenFuku?k_babaCode=32&k_raceDate=2026%2F09%2F20&k_raceNo=2
2026-09-20 13:41:51,13:41,2026-09-20,saga,2,三連複,2-5-8,138.8,138.8,47,https://www.keiba.go.jp/KeibaWeb/TodayRaceInfo/Odds3LenFuku?k_babaCode=32&k_raceDate=2026%2F09%2F20&k_raceNo=2
2026-09-20 13:41:51,13:41,2026-09-20,saga,2,三連複,3-6-10,138.8,138.8,47,https://www.keiba.go.jp/KeibaWeb/TodayRaceInfo/Odds3LenFuku?k_babaCode=32&k_raceDate=2026%2F09%2F20&k_raceNo=2
2026-09-20 13:41:51,13:41,2026-09-20,saga,2,三連複,4-5-10,138.8,138.8,47,https://www.keiba.go.jp/KeibaWeb/TodayRaceInfo/Odds3LenFuku?k_babaCode=32&k_raceDate=2026%2F09%2F20&k_raceNo=2
2026-09-20 13:41:51,13:41,2026-09-20,saga,2,三連複,1-5-9,158.6,158.6,55,https://www.keiba.go.jp/KeibaWeb/TodayRaceInfo/Odds3LenFuku?k_babaCode=32&k_raceDate=2026%2F09%2F20&k_raceNo=2
2026-09-20 13:41:51,13:41,2026-09-20,saga,2,三連複,1-5-10,158.6,158.6,55,https://www.keiba.go.jp/KeibaWeb/TodayRaceInfo/Odds3LenFuku?k_babaCode=32&k_raceDate=2026%2F09%2F20&k_raceNo=2
2026-09-20 13:41:51,13:41,2026-09-20,saga,2,三連複,1-6-9,158.6,158.6,55,https://www.keiba.go.jp/KeibaWeb/TodayRaceInfo/Odds3LenFuku?k_babaCode=32&k_raceDate=2026%2F09%2F20&k_raceNo=2
2026-09-20 13:41:51,13:41,2026-09-20,saga,2,三連複,2-4-8,158.6,158.6,55,https://www.keiba.go.jp/KeibaWeb/TodayRaceInfo/Odds3LenFuku?k_babaCode=32&k_raceDate=2026%2F09%2F20&k_raceNo=2
2026-09-20 13:41:51,13:41,2026-09-20,saga,2,三連複,2-5-10,158.6,158.6,55,https://www.keiba.go.jp/KeibaWeb/TodayRaceInfo/Odds3LenFuku?k_babaCode=32&k_raceDate=2026%2F09%2F20&k_raceNo=2
2026-09-20 13:41:51,13:41,2026-09-20,saga,2,三連複,2-8-10,158.6,158.6,55,https://www.keiba.go.jp/KeibaWeb/TodayRaceInfo/Odds3LenFuku?k_babaCode=32&k_raceDate=2026%2F09%2F20&k_raceNo=2
2026-09-20 13:41:51,13:41,2026-09-20,saga,2,三連複,3-7-8,158.6,158.6,55,https://www.keiba.go.jp/KeibaWeb/TodayRaceInfo/Odds3LenFuku?k_babaCode=32&k_raceDate=2026%2F09%2F20&k_raceNo=2
2026-09-20 13:41:51,13:41,2026-09-20,saga,2,三連複,4-7-10,158.6,158.6,55,https://www.keiba.go.jp/KeibaWeb/TodayRaceInfo/Odds3LenFuku?k_babaCode=32&k_raceDate=2026%2F09%2F20&k_raceNo=2
2026-09-20 13:41:51,13:41,2026-09-20,saga,2,三連複,4-8-10,158.6,158.6,55,https://www.keiba.go.jp/KeibaWeb/TodayRaceInfo/Odds3LenFuku?k_babaCode=32&k_raceDate=2026%2F09%2F20&k_raceNo=2
2026-09-20 13:41:51,13:41,2026-09-20,saga,2,三連複,1-5-6,185.1,185.1,64,https://www.keiba.go.jp/KeibaWeb/TodayRaceInfo/Odds3LenFuku?k_babaCode=32&k_raceDate=2026%2F09%2F20&k_raceNo=2
2026-09-20 13:41:51,13:41,2026-09-20,saga,2,三連複,3-5-6,185.1,185.1,64,https://www.keiba.go.jp/KeibaWeb/TodayRaceInfo/Odds3LenFuku?k_babaCode=32&k_raceDate=2026%2F09%2F20&k_raceNo=2
2026-09-20 13:41:51,13:41,2026-09-20,saga,2,三連複,3-6-7,185.1,185.1,64,https://www.keiba.go.jp/KeibaWeb/TodayRaceInfo/Odds3LenFuku?k_babaCode=32&k_raceDate=2026%2F09%2F20&k_raceNo=2
2026-09-20 13:41:51,13:41,2026-09-20,saga,2,三連複,1-8-9,185.1,185.1,67,https://www.keiba.go.jp/KeibaWeb/TodayRaceInfo/Odds3LenFuku?k_babaCode=32&k_raceDate=2026%2F09%2F20&k_raceNo=2
2026-09-20 13:41:51,13:41,2026-09-20,saga,2,三連複,1-7-10,222.1,222.1,68,https://www.keiba.go.jp/KeibaWeb/TodayRaceInfo/Odds3LenFuku?k_babaCode=32&k_raceDate=2026%2F09%2F20&k_raceNo=2
2026-09-20 13:41:51,13:41,2026-09-20,saga,2,三連複,2-4-7,222.1,222.1,68,https://www.keiba.go.jp/KeibaWeb/TodayRaceInfo/Odds3LenFuku?k_babaCode=32&k_raceDate=2026%2F09%2F20&k_raceNo=2
2026-09-20 13:41:51,13:41,2026-09-20,saga,2,三連複,2-6-10,222.1,222.1,68,https://www.keiba.go.jp/KeibaWeb/TodayRaceInfo/Odds3LenFuku?k_babaCode=32&k_raceDate=2026%2F09%2F20&k_raceNo=2
2026-09-20 13:41:51,13:41,2026-09-20,saga,2,三連複,2-7-9,222.1,222.1,68,https://www.keiba.go.jp/KeibaWeb/TodayRaceInfo/Odds3LenFuku?k_babaCode=32&k_raceDate=2026%2F09%2F20&k_raceNo=2
2026-09-20 13:41:51,13:41,2026-09-20,saga,2,三連複,2-8-9,222.1,222.1,68,https://www.keiba.go.jp/KeibaWeb/TodayRaceInfo/Odds3LenFuku?k_babaCode=32&k_raceDate=2026%2F09%2F20&k_raceNo=2
2026-09-20 13:41:51,13:41,2026-09-20,saga,2,三連複,5-7-10,222.1,222.1,68,https://www.keiba.go.jp/KeibaWeb/TodayRaceInfo/Odds3LenFuku?k_babaCode=32&k_raceDate=2026%2F09%2F20&k_raceNo=2
2026-09-20 13:41:51,13:41,2026-09-20,saga,2,三連複,5-9-10,222.1,222.1,68,https://www.keiba.go.jp/KeibaWeb/TodayRaceInfo/Odds3LenFuku?k_babaCode=32&k_raceDate=2026%2F09%2F20&k_raceNo=2
2026-09-20 13:41:51,13:41,2026-09-20,saga,2,三連複,8-9-10,222.1,222.1,68,https://www.keiba.go.jp/KeibaWeb/TodayRaceInfo/Odds3LenFuku?k_babaCode=32&k_raceDate=2026%2F09%2F20&k_raceNo=2
2026-09-20 13:41:51,13:41,2026-09-20,saga,2,三連複,2-4-6,277.6,277.6,76,https://www.keiba.go.jp/KeibaWeb/TodayRaceInfo/Odds3LenFuku?k_babaCode=32&k_raceDate=2026%2F09%2F20&k_raceNo=2
2026-09-20 13:41:51,13:41,2026-09-20,saga,2,三連複,2-5-6,277.6,277.6,76,https://www.keiba.go.jp/KeibaWeb/TodayRaceInfo/Odds3LenFuku?k_babaCode=32&k_raceDate=2026%2F09%2F20&k_raceNo=2
2026-09-20 13:41:51,13:41,2026-09-20,saga,2,三連複,2-5-7,277.6,277.6,76,https://www.keiba.go.jp/KeibaWeb/TodayRaceInfo/Odds3LenFuku?k_babaCode=32&k_raceDate=2026%2F09%2F20&k_raceNo=2
2026-09-20 13:41:51,13:41,2026-09-20,saga,2,三連複,2-6-7,277.6,277.6,76,https://www.keiba.go.jp/KeibaWeb/TodayRaceInfo/Odds3LenFuku?k_babaCode=32&k_raceDate=2026%2F09%2F20&k_raceNo=2
2026-09-20 13:41:51,13:41,2026-09-20,saga,2,三連複,2-7-10,277.6,277.6,76,https://www.keiba.go.jp/KeibaWeb/TodayRaceInfo/Odds3LenFuku?k_babaCode=32&k_raceDate=2026%2F09%2F20&k_raceNo=2
2026-09-20 13:41:51,13:41,2026-09-20,saga,2,三連複,4-5-9,277.6,277.6,76,https://www.keiba.go.jp/KeibaWeb/TodayRaceInfo/Odds3LenFuku?k_babaCode=32&k_raceDate=2026%2F09%2F20&k_raceNo=2
2026-09-20 13:41:51,13:41,2026-09-20,saga,2,三連複,4-6-8,277.6,277.6,76,https://www.keiba.go.jp/KeibaWeb/TodayRaceInfo/Odds3LenFuku?k_babaCode=32&k_raceDate=2026%2F09%2F20&k_raceNo=2
2026-09-20 13:41:51,13:41,2026-09-20,saga,2,三連複,4-6-9,277.6,277.6,76,https://www.keiba.go.jp/KeibaWeb/TodayRaceInfo/Odds3LenFuku?k_babaCode=32&k_raceDate=2026%2F09%2F20&k_raceNo=2
2026-09-20 13:41:51,13:41,2026-09-20,saga,2,三連複,6-8-9,277.6,277.6,76,https://www.keiba.go.jp/KeibaWeb/TodayRaceInfo/Odds3LenFuku?k_babaCode=32&k_raceDate=2026%2F09%2F20&k_raceNo=2
2026-09-20 13:41:51,13:41,2026-09-20,saga,2,三連複,1-4-8,370.2,370.2,85,https://www.keiba.go.jp/KeibaWeb/TodayRaceInfo/Odds3LenFuku?k_babaCode=32&k_raceDate=2026%2F09%2F20&k_raceNo=2
2026-09-20 13:41:51,13:41,2026-09-20,saga,2,三連複,1-5-7,370.2,370.2,85,https://www.keiba.go.jp/KeibaWeb/TodayRaceInfo/Odds3LenFuku?k_babaCode=32&k_raceDate=2026%2F09%2F20&k_raceNo=2
2026-09-20 13:41:51,13:41,2026-09-20,saga,2,三連複,1-6-7,370.2,370.2,85,https://www.keiba.go.jp/KeibaWeb/TodayRaceInfo/Odds3LenFuku?k_babaCode=32&k_raceDate=2026%2F09%2F20&k_raceNo=2
2026-09-20 13:41:51,13:41,2026-09-20,saga,2,三連複,1-6-10,370.2,370.2,85,https://www.keiba.go.jp/KeibaWeb/TodayRaceInfo/Odds3LenFuku?k_babaCode=32&k_raceDate=2026%2F09%2F20&k_raceNo=2
2026-09-20 13:41:51,13:41,2026-09-20,saga,2,三連複,1-7-8,370.2,370.2,85,https://www.keiba.go.jp/KeibaWeb/TodayRaceInfo/Odds3LenFuku?k_babaCode=32&k_raceDate=2026%2F09%2F20&k_raceNo=2
2026-09-20 13:41:51,13:41,2026-09-20,saga,2,三連複,4-7-9,370.2,370.2,85,https://www.keiba.go.jp/KeibaWeb/TodayRaceInfo/Odds3LenFuku?k_babaCode=32&k_raceDate=2026%2F09%2F20&k_raceNo=2
2026-09-20 13:41:51,13:41,2026-09-20,saga,2,三連複,1-4-6,555.3,555.3,91,https://www.keiba.go.jp/KeibaWeb/TodayRaceInfo/Odds3LenFuku?k_babaCode=32&k_raceDate=2026%2F09%2F20&k_raceNo=2
2026-09-20 13:41:51,13:41,2026-09-20,saga,2,三連複,2-6-9,555.3,555.3,91,https://www.keiba.go.jp/KeibaWeb/TodayRaceInfo/Odds3LenFuku?k_babaCode=32&k_raceDate=2026%2F09%2F20&k_raceNo=2
2026-09-20 13:41:51,13:41,2026-09-20,saga,2,三連複,3-6-8,555.3,555.3,91,https://www.keiba.go.jp/KeibaWeb/TodayRaceInfo/Odds3LenFuku?k_babaCode=32&k_raceDate=2026%2F09%2F20&k_raceNo=2
2026-09-20 13:41:51,13:41,2026-09-20,saga,2,三連複,4-5-7,555.3,555.3,91,https://www.keiba.go.jp/KeibaWeb/TodayRaceInfo/Odds3LenFuku?k_babaCode=32&k_raceDate=2026%2F09%2F20&k_raceNo=2
2026-09-20 13:41:51,13:41,2026-09-20,saga,2,三連複,4-5-8,555.3,555.3,91,https://www.keiba.go.jp/KeibaWeb/TodayRaceInfo/Odds3LenFuku?k_babaCode=32&k_raceDate=2026%2F09%2F20&k_raceNo=2
2026-09-20 13:41:51,13:41,2026-09-20,saga,2,三連複,4-7-8,555.3,555.3,91,https://www.keiba.go.jp/KeibaWeb/TodayRaceInfo/Odds3LenFuku?k_babaCode=32&k_raceDate=2026%2F09%2F20&k_raceNo=2
2026-09-20 13:41:51,13:41,2026-09-20,saga,2,三連複,5-6-8,555.3,555.3,91,https://www.keiba.go.jp/KeibaWeb/TodayRaceInfo/Odds3LenFuku?k_babaCode=32&k_raceDate=2026%2F09%2F20&k_raceNo=2
2026-09-20 13:41:51,13:41,2026-09-20,saga,2,三連複,5-6-9,555.3,555.3,91,https://www.keiba.go.jp/KeibaWeb/TodayRaceInfo/Odds3LenFuku?k_babaCode=32&k_raceDate=2026%2F09%2F20&k_raceNo=2
2026-09-20 13:41:51,13:41,2026-09-20,saga,2,三連複,5-7-9,555.3,555.3,91,https://www.keiba.go.jp/KeibaWeb/TodayRaceInfo/Odds3LenFuku?k_babaCode=32&k_raceDate=2026%2F09%2F20&k_raceNo=2
2026-09-20 13:41:51,13:41,2026-09-20,saga,2,三連複,5-8-9,555.3,555.3,91,https://www.keiba.go.jp/KeibaWeb/TodayRaceInfo/Odds3LenFuku?k_babaCode=32&k_raceDate=2026%2F09%2F20&k_raceNo=2
2026-09-20 13:41:51,13:41,2026-09-20,saga,2,三連複,6-7-10,555.3,555.3,91,https://www.keiba.go.jp/KeibaWeb/TodayRaceInfo/Odds3LenFuku?k_babaCode=32&k_raceDate=2026%2F09%2F20&k_raceNo=2
2026-09-20 13:41:51,13:41,2026-09-20,saga,2,三連複,7-8-9,555.3,555.3,91,https://www.keiba.go.jp/KeibaWeb/TodayRaceInfo/Odds3LenFuku?k_babaCode=32&k_raceDate=2026%2F09%2F20&k_raceNo=2
2026-09-20 13:41:51,13:41,2026-09-20,saga,2,三連複,7-8-10,555.3,555.3,91,https://www.keiba.go.jp/KeibaWeb/TodayRaceInfo/Odds3LenFuku?k_babaCode=32&k_raceDate=2026%2F09%2F20&k_raceNo=2
2026-09-20 13:41:51,13:41,2026-09-20,saga,2,三連複,1-2-8,1110.7,1110.7,104,https://www.keiba.go.jp/KeibaWeb/TodayRaceInfo/Odds3LenFuku?k_babaCode=32&k_raceDate=2026%2F09%2F20&k_raceNo=2
2026-09-20 13:41:51,13:41,2026-09-20,saga,2,三連複,1-5-8,1110.7,1110.7,104,https://www.keiba.go.jp/KeibaWeb/TodayRaceInfo/Odds3LenFuku?k_babaCode=32&k_raceDate=2026%2F09%2F20&k_raceNo=2
2026-09-20 13:41:51,13:41,2026-09-20,saga,2,三連複,1-8-10,1110.7,1110.7,104,https://www.keiba.go.jp/KeibaWeb/TodayRaceInfo/Odds3LenFuku?k_babaCode=32&k_raceDate=2026%2F09%2F20&k_raceNo=2
2026-09-20 13:41:51,13:41,2026-09-20,saga,2,三連複,5-8-10,1110.7,1110.7,104,https://www.keiba.go.jp/KeibaWeb/TodayRaceInfo/Odds3LenFuku?k_babaCode=32&k_raceDate=2026%2F09%2F20&k_raceNo=2
2026-09-20 13:41:51,13:41,2026-09-20,saga,2,三連複,6-9-10,1110.7,1110.7,104,https://www.keiba.go.jp/KeibaWeb/TodayRaceInfo/Odds3LenFuku?k_babaCode=32&k_raceDate=2026%2F09%2F20&k_raceNo=2
2026-09-20 13:41:51,13:41,2026-09-20,saga,2,三連複,1-6-8,0.0,0.0,109,https://www.keiba.go.jp/KeibaWeb/TodayRaceInfo/Odds3LenFuku?k_babaCode=32&k_raceDate=2026%2F09%2F20&k_raceNo=2
2026-09-20 13:41:51,13:41,2026-09-20,saga,2,三連複,2-6-8,0.0,0.0,109,https://www.keiba.go.jp/KeibaWeb/TodayRaceInfo/Odds3LenFuku?k_babaCode=32&k_raceDate=2026%2F09%2F20&k_raceNo=2
2026-09-20 13:41:51,13:41,2026-09-20,saga,2,三連複,2-7-8,0.0,0.0,109,https://www.keiba.go.jp/KeibaWeb/TodayRaceInfo/Odds3LenFuku?k_babaCode=32&k_raceDate=2026%2F09%2F20&k_raceNo=2
2026-09-20 13:41:51,13:41,2026-09-20,saga,2,三連複,4-5-6,0.0,0.0,109,https://www.keiba.go.jp/KeibaWeb/TodayRaceInfo/Odds3LenFuku?k_babaCode=32&k_raceDate=2026%2F09%2F20&k_raceNo=2
2026-09-20 13:41:51,13:41,2026-09-20,saga,2,三連複,4-6-7,0.0,0.0,109,https://www.keiba.go.jp/KeibaWeb/TodayRaceInfo/Odds3LenFuku?k_babaCode=32&k_raceDate=2026%2F09%2F20&k_raceNo=2
2026-09-20 13:41:51,13:41,2026-09-20,saga,2,三連複,4-6-10,0.0,0.0,109,https://www.keiba.go.jp/KeibaWeb/TodayRaceInfo/Odds3LenFuku?k_babaCode=32&k_raceDate=2026%2F09%2F20&k_raceNo=2
2026-09-20 13:41:51,13:41,2026-09-20,saga,2,三連複,5-6-7,0.0,0.0,109,https://www.keiba.go.jp/KeibaWeb/TodayRaceInfo/Odds3LenFuku?k_babaCode=32&k_raceDate=2026%2F09%2F20&k_raceNo=2
2026-09-20 13:41:51,13:41,2026-09-20,saga,2,三連複,5-6-10,0.0,0.0,109,https://www.keiba.go.jp/KeibaWeb/TodayRaceInfo/Odds3LenFuku?k_babaCode=32&k_raceDate=2026%2F09%2F20&k_raceNo=2
2026-09-20 13:41:51,13:41,2026-09-20,saga,2,三連複,5-7-8,0.0,0.0,109,https://www.keiba.go.jp/KeibaWeb/TodayRaceInfo/Odds3LenFuku?k_babaCode=32&k_raceDate=2026%2F09%2F20&k_raceNo=2
2026-09-20 13:41:51,13:41,2026-09-20,saga,2,三連複,6-7-8,0.0,0.0,109,https://www.keiba.go.jp/KeibaWeb/TodayRaceInfo/Odds3LenFuku?k_babaCode=32&k_raceDate=2026%2F09%2F20&k_raceNo=2
2026-09-20 13:41:51,13:41,2026-09-20,saga,2,三連複,6-7-9,0.0,0.0,109,https://www.keiba.go.jp/KeibaWeb/TodayRaceInfo/Odds3LenFuku?k_babaCode=32&k_raceDate=2026%2F09%2F20&k_raceNo=2
2026-09-20 13:41:51,13:41,2026-09-20,saga,2,三連複,6-8-10,0.0,0.0,109,https://www.keiba.go.jp/KeibaWeb/TodayRaceInfo/Odds3LenFuku?k_babaCode=32&k_raceDate=2026%2F09%2F20&k_raceNo=2
2026-09-20 13:41:51,13:41,2026-09-20,saga,3,馬連,3-10,6.8,6.8,1,https://www.keiba.go.jp/KeibaWeb/TodayRaceInfo/OddsUmLenFuku?k_babaCode=32&k_raceDate=2026%2F09%2F20&k_raceNo=3
2026-09-20 13:41:51,13:41,2026-09-20,saga,3,馬連,4-10,7.3,7.3,2,https://www.keiba.go.jp/KeibaWeb/TodayRaceInfo/OddsUmLenFuku?k_babaCode=32&k_raceDate=2026%2F09%2F20&k_raceNo=3
2026-09-20 13:41:51,13:41,2026-09-20,saga,3,馬連,4-9,8.6,8.6,3,https://www.keiba.go.jp/KeibaWeb/TodayRaceInfo/OddsUmLenFuku?k_babaCode=32&k_raceDate=2026%2F09%2F20&k_raceNo=3
2026-09-20 13:41:51,13:41,2026-09-20,saga,3,馬連,3-4,9.5,9.5,4,https://www.keiba.go.jp/KeibaWeb/TodayRaceInfo/OddsUmLenFuku?k_babaCode=32&k_raceDate=2026%2F09%2F20&k_raceNo=3
2026-09-20 13:41:51,13:41,2026-09-20,saga,3,馬連,4-6,11.9,11.9,5,https://www.keiba.go.jp/KeibaWeb/TodayRaceInfo/OddsUmLenFuku?k_babaCode=32&k_raceDate=2026%2F09%2F20&k_raceNo=3
2026-09-20 13:41:51,13:41,2026-09-20,saga,3,馬連,6-10,11.9,11.9,5,https://www.keiba.go.jp/KeibaWeb/TodayRaceInfo/OddsUmLenFuku?k_babaCode=32&k_raceDate=2026%2F09%2F20&k_raceNo=3
2026-09-20 13:41:51,13:41,2026-09-20,saga,3,馬連,3-9,13.6,13.6,7,https://www.keiba.go.jp/KeibaWeb/TodayRaceInfo/OddsUmLenFuku?k_babaCode=32&k_raceDate=2026%2F09%2F20&k_raceNo=3
2026-09-20 13:41:51,13:41,2026-09-20,saga,3,馬連,3-6,19.0,19.0,8,https://www.keiba.go.jp/KeibaWeb/TodayRaceInfo/OddsUmLenFuku?k_babaCode=32&k_raceDate=2026%2F09%2F20&k_raceNo=3
2026-09-20 13:41:51,13:41,2026-09-20,saga,3,馬連,4-7,19.0,19.0,8,https://www.keiba.go.jp/KeibaWeb/TodayRaceInfo/OddsUmLenFuku?k_babaCode=32&k_raceDate=2026%2F09%2F20&k_raceNo=3
2026-09-20 13:41:51,13:41,2026-09-20,saga,3,馬連,4-8,19.0,19.0,8,https://www.keiba.go.jp/KeibaWeb/TodayRaceInfo/OddsUmLenFuku?k_babaCode=32&k_raceDate=2026%2F09%2F20&k_raceNo=3
2026-09-20 13:41:51,13:41,2026-09-20,saga,3,馬連,6-7,19.0,19.0,8,https://www.keiba.go.jp/KeibaWeb/TodayRaceInfo/OddsUmLenFuku?k_babaCode=32&k_raceDate=2026%2F09%2F20&k_raceNo=3
2026-09-20 13:41:51,13:41,2026-09-20,saga,3,馬連,6-9,19.0,19.0,8,https://www.keiba.go.jp/KeibaWeb/TodayRaceInfo/OddsUmLenFuku?k_babaCode=32&k_raceDate=2026%2F09%2F20&k_raceNo=3
2026-09-20 13:41:51,13:41,2026-09-20,saga,3,馬連,2-6,31.7,31.7,13,https://www.keiba.go.jp/KeibaWeb/TodayRaceInfo/OddsUmLenFuku?k_babaCode=32&k_raceDate=2026%2F09%2F20&k_raceNo=3
2026-09-20 13:41:51,13:41,2026-09-20,saga,3,馬連,9-10,31.7,31.7,13,https://www.keiba.go.jp/KeibaWeb/TodayRaceInfo/OddsUmLenFuku?k_babaCode=32&k_raceDate=2026%2F09%2F20&k_raceNo=3
2026-09-20 13:41:51,13:41,2026-09-20,saga,3,馬連,1-3,47.6,47.6,15,https://www.keiba.go.jp/KeibaWeb/TodayRaceInfo/OddsUmLenFuku?k_babaCode=32&k_raceDate=2026%2F09%2F20&k_raceNo=3
2026-09-20 13:41:51,13:41,2026-09-20,saga,3,馬連,2-4,47.6,47.6,15,https://www.keiba.go.jp/KeibaWeb/TodayRaceInfo/OddsUmLenFuku?k_babaCode=32&k_raceDate=2026%2F09%2F20&k_raceNo=3
2026-09-20 13:41:51,13:41,2026-09-20,saga,3,馬連,2-5,47.6,47.6,15,https://www.keiba.go.jp/KeibaWeb/TodayRaceInfo/OddsUmLenFuku?k_babaCode=32&k_raceDate=2026%2F09%2F20&k_raceNo=3
2026-09-20 13:41:51,13:41,2026-09-20,saga,3,馬連,2-10,47.6,47.6,15,https://www.keiba.go.jp/KeibaWeb/TodayRaceInfo/OddsUmLenFuku?k_babaCode=32&k_raceDate=2026%2F09%2F20&k_raceNo=3
2026-09-20 13:41:51,13:41,2026-09-20,saga,3,馬連,3-5,47.6,47.6,15,https://www.keiba.go.jp/KeibaWeb/TodayRaceInfo/OddsUmLenFuku?k_babaCode=32&k_raceDate=2026%2F09%2F20&k_raceNo=3
2026-09-20 13:41:51,13:41,2026-09-20,saga,3,馬連,4-5,47.6,47.6,15,https://www.keiba.go.jp/KeibaWeb/TodayRaceInfo/OddsUmLenFuku?k_babaCode=32&k_raceDate=2026%2F09%2F20&k_raceNo=3
2026-09-20 13:41:51,13:41,2026-09-20,saga,3,馬連,7-10,47.6,47.6,15,https://www.keiba.go.jp/KeibaWeb/TodayRaceInfo/OddsUmLenFuku?k_babaCode=32&k_raceDate=2026%2F09%2F20&k_raceNo=3
2026-09-20 13:41:51,13:41,2026-09-20,saga,3,馬連,1-2,95.2,95.2,22,https://www.keiba.go.jp/KeibaWeb/TodayRaceInfo/OddsUmLenFuku?k_babaCode=32&k_raceDate=2026%2F09%2F20&k_raceNo=3
2026-09-20 13:41:51,13:41,2026-09-20,saga,3,馬連,1-5,95.2,95.2,22,https://www.keiba.go.jp/KeibaWeb/TodayRaceInfo/OddsUmLenFuku?k_babaCode=32&k_raceDate=2026%2F09%2F20&k_raceNo=3
2026-09-20 13:41:51,13:41,2026-09-20,saga,3,馬連,1-7,95.2,95.2,22,https://www.keiba.go.jp/KeibaWeb/TodayRaceInfo/OddsUmLenFuku?k_babaCode=32&k_raceDate=2026%2F09%2F20&k_raceNo=3
2026-09-20 13:41:51,13:41,2026-09-20,saga,3,馬連,1-10,95.2,95.2,22,https://www.keiba.go.jp/KeibaWeb/TodayRaceInfo/OddsUmLenFuku?k_babaCode=32&k_raceDate=2026%2F09%2F20&k_raceNo=3
2026-09-20 13:41:51,13:41,2026-09-20,saga,3,馬連,2-8,95.2,95.2,22,https://www.keiba.go.jp/KeibaWeb/TodayRaceInfo/OddsUmLenFuku?k_babaCode=32&k_raceDate=2026%2F09%2F20&k_raceNo=3
2026-09-20 13:41:51,13:41,2026-09-20,saga,3,馬連,3-7,95.2,95.2,22,https://www.keiba.go.jp/KeibaWeb/TodayRaceInfo/OddsUmLenFuku?k_babaCode=32&k_raceDate=2026%2F09%2F20&k_raceNo=3
2026-09-20 13:41:51,13:41,2026-09-20,saga,3,馬連,3-8,95.2,95.2,22,https://www.keiba.go.jp/KeibaWeb/TodayRaceInfo/OddsUmLenFuku?k_babaCode=32&k_raceDate=2026%2F09%2F20&k_raceNo=3
2026-09-20 13:41:51,13:41,2026-09-20,saga,3,馬連,5-10,95.2,95.2,22,https://www.keiba.go.jp/KeibaWeb/TodayRaceInfo/OddsUmLenFuku?k_babaCode=32&k_raceDate=2026%2F09%2F20&k_raceNo=3
2026-09-20 13:41:51,13:41,2026-09-20,saga,3,馬連,6-8,95.2,95.2,22,https://www.keiba.go.jp/KeibaWeb/TodayRaceInfo/OddsUmLenFuku?k_babaCode=32&k_raceDate=2026%2F09%2F20&k_raceNo=3
2026-09-20 13:41:51,13:41,2026-09-20,saga,3,馬連,7-9,95.2,95.2,22,https://www.keiba.go.jp/KeibaWeb/TodayRaceInfo/OddsUmLenFuku?k_babaCode=32&k_raceDate=2026%2F09%2F20&k_raceNo=3
2026-09-20 13:41:51,13:41,2026-09-20,saga,3,馬連,8-10,95.2,95.2,22,https://www.keiba.go.jp/KeibaWeb/TodayRaceInfo/OddsUmLenFuku?k_babaCode=32&k_raceDate=2026%2F09%2F20&k_raceNo=3
2026-09-20 13:41:51,13:41,2026-09-20,saga,3,馬連,1-4,0.0,0.0,33,https://www.keiba.go.jp/KeibaWeb/TodayRaceInfo/OddsUmLenFuku?k_babaCode=32&k_raceDate=2026%2F09%2F20&k_raceNo=3
2026-09-20 13:41:51,13:41,2026-09-20,saga,3,馬連,1-6,0.0,0.0,33,https://www.keiba.go.jp/KeibaWeb/TodayRaceInfo/OddsUmLenFuku?k_babaCode=32&k_raceDate=2026%2F09%2F20&k_raceNo=3
2026-09-20 13:41:51,13:41,2026-09-20,saga,3,馬連,1-8,0.0,0.0,33,https://www.keiba.go.jp/KeibaWeb/TodayRaceInfo/OddsUmLenFuku?k_babaCode=32&k_raceDate=2026%2F09%2F20&k_raceNo=3
2026-09-20 13:41:51,13:41,2026-09-20,saga,3,馬連,1-9,0.0,0.0,33,https://www.keiba.go.jp/KeibaWeb/TodayRaceInfo/OddsUmLenFuku?k_babaCode=32&k_raceDate=2026%2F09%2F20&k_raceNo=3
2026-09-20 13:41:51,13:41,2026-09-20,saga,3,馬連,2-3,0.0,0.0,33,https://www.keiba.go.jp/KeibaWeb/TodayRaceInfo/OddsUmLenFuku?k_babaCode=32&k_raceDate=2026%2F09%2F20&k_raceNo=3
2026-09-20 13:41:51,13:41,2026-09-20,saga,3,馬連,2-7,0.0,0.0,33,https://www.keiba.go.jp/KeibaWeb/TodayRaceInfo/OddsUmLenFuku?k_babaCode=32&k_raceDate=2026%2F09%2F20&k_raceNo=3
2026-09-20 13:41:51,13:41,2026-09-20,saga,3,馬連,2-9,0.0,0.0,33,https://www.keiba.go.jp/KeibaWeb/TodayRaceInfo/OddsUmLenFuku?k_babaCode=32&k_raceDate=2026%2F09%2F20&k_raceNo=3
2026-09-20 13:41:51,13:41,2026-09-20,saga,3,馬連,5-6,0.0,0.0,33,https://www.keiba.go.jp/KeibaWeb/TodayRaceInfo/OddsUmLenFuku?k_babaCode=32&k_raceDate=2026%2F09%2F20&k_raceNo=3
2026-09-20 13:41:51,13:41,2026-09-20,saga,3,馬連,5-7,0.0,0.0,33,https://www.keiba.go.jp/KeibaWeb/TodayRaceInfo/OddsUmLenFuku?k_babaCode=32&k_raceDate=2026%2F09%2F20&k_raceNo=3
2026-09-20 13:41:51,13:41,2026-09-20,saga,3,馬連,5-8,0.0,0.0,33,https://www.keiba.go.jp/KeibaWeb/TodayRaceInfo/OddsUmLenFuku?k_babaCode=32&k_raceDate=2026%2F09%2F20&k_raceNo=3
2026-09-20 13:41:51,13:41,2026-09-20,saga,3,馬連,5-9,0.0,0.0,33,https://www.keiba.go.jp/KeibaWeb/TodayRaceInfo/OddsUmLenFuku?k_babaCode=32&k_raceDate=2026%2F09%2F20&k_raceNo=3
2026-09-20 13:41:51,13:41,2026-09-20,saga,3,馬連,7-8,0.0,0.0,33,https://www.keiba.go.jp/KeibaWeb/TodayRaceInfo/OddsUmLenFuku?k_babaCode=32&k_raceDate=2026%2F09%2F20&k_raceNo=3
2026-09-20 13:41:51,13:41,2026-09-20,saga,3,馬連,8-9,0.0,0.0,33,https://www.keiba.go.jp/KeibaWeb/TodayRaceInfo/OddsUmLenFuku?k_babaCode=32&k_raceDate=2026%2F09%2F20&k_raceNo=3
2026-09-20 13:41:51,13:41,2026-09-20,saga,3,ワイド,3-6,2.0,2.2,1,https://www.keiba.go.jp/KeibaWeb/TodayRaceInfo/OddsWide?k_babaCode=32&k_raceDate=2026%2F09%2F20&k_raceNo=3
2026-09-20 13:41:51,13:41,2026-09-20,saga,3,ワイド,3-4,3.1,3.5,2,https://www.keiba.go.jp/KeibaWeb/TodayRaceInfo/OddsWide?k_babaCode=32&k_raceDate=2026%2F09%2F20&k_raceNo=3
2026-09-20 13:41:51,13:41,2026-09-20,saga,3,ワイド,4-9,3.7,4.1,3,https://www.keiba.go.jp/KeibaWeb/TodayRaceInfo/OddsWide?k_babaCode=32&k_raceDate=2026%2F09%2F20&k_raceNo=3
2026-09-20 13:41:51,13:41,2026-09-20,saga,3,ワイド,2-10,3.9,4.2,4,https://www.keiba.go.jp/KeibaWeb/TodayRaceInfo/OddsWide?k_babaCode=32&k_raceDate=2026%2F09%2F20&k_raceNo=3
2026-09-20 13:41:51,13:41,2026-09-20,saga,3,ワイド,1-3,4.0,4.5,5,https://www.keiba.go.jp/KeibaWeb/TodayRaceInfo/OddsWide?k_babaCode=32&k_raceDate=2026%2F09%2F20&k_raceNo=3
2026-09-20 13:41:51,13:41,2026-09-20,saga,3,ワイド,4-10,4.1,4.5,6,https://www.keiba.go.jp/KeibaWeb/TodayRaceInfo/OddsWide?k_babaCode=32&k_raceDate=2026%2F09%2F20&k_raceNo=3
2026-09-20 13:41:51,13:41,2026-09-20,saga,3,ワイド,3-9,4.3,4.9,7,https://www.keiba.go.jp/KeibaWeb/TodayRaceInfo/OddsWide?k_babaCode=32&k_raceDate=2026%2F09%2F20&k_raceNo=3
2026-09-20 13:41:51,13:41,2026-09-20,saga,3,ワイド,9-10,5.5,6.3,8,https://www.keiba.go.jp/KeibaWeb/TodayRaceInfo/OddsWide?k_babaCode=32&k_raceDate=2026%2F09%2F20&k_raceNo=3
2026-09-20 13:41:51,13:41,2026-09-20,saga,3,ワイド,3-10,6.1,7.2,9,https://www.keiba.go.jp/KeibaWeb/TodayRaceInfo/OddsWide?k_babaCode=32&k_raceDate=2026%2F09%2F20&k_raceNo=3
2026-09-20 13:41:51,13:41,2026-09-20,saga,3,ワイド,4-5,7.9,8.5,10,https://www.keiba.go.jp/KeibaWeb/TodayRaceInfo/OddsWide?k_babaCode=32&k_raceDate=2026%2F09%2F20&k_raceNo=3
2026-09-20 13:41:51,13:41,2026-09-20,saga,3,ワイド,4-6,8.4,10.5,11,https://www.keiba.go.jp/KeibaWeb/TodayRaceInfo/OddsWide?k_babaCode=32&k_raceDate=2026%2F09%2F20&k_raceNo=3
2026-09-20 13:41:51,13:41,2026-09-20,saga,3,ワイド,6-10,8.8,10.6,12,https://www.keiba.go.jp/KeibaWeb/TodayRaceInfo/OddsWide?k_babaCode=32&k_raceDate=2026%2F09%2F20&k_raceNo=3
2026-09-20 13:41:51,13:41,2026-09-20,saga,3,ワイド,3-7,9.0,10.5,13,https://www.keiba.go.jp/KeibaWeb/TodayRaceInfo/OddsWide?k_babaCode=32&k_raceDate=2026%2F09%2F20&k_raceNo=3
2026-09-20 13:41:51,13:41,2026-09-20,saga,3,ワイド,6-7,9.0,10.5,13,https://www.keiba.go.jp/KeibaWeb/TodayRaceInfo/OddsWide?k_babaCode=32&k_raceDate=2026%2F09%2F20&k_raceNo=3
2026-09-20 13:41:51,13:41,2026-09-20,saga,3,ワイド,4-7,9.6,10.4,15,https://www.keiba.go.jp/KeibaWeb/TodayRaceInfo/OddsWide?k_babaCode=32&k_raceDate=2026%2F09%2F20&k_raceNo=3
2026-09-20 13:41:51,13:41,2026-09-20,saga,3,ワイド,1-8,10.0,10.6,16,https://www.keiba.go.jp/KeibaWeb/TodayRaceInfo/OddsWide?k_babaCode=32&k_raceDate=2026%2F09%2F20&k_raceNo=3
2026-09-20 13:41:51,13:41,2026-09-20,saga,3,ワイド,1-7,12.9,14.0,17,https://www.keiba.go.jp/KeibaWeb/TodayRaceInfo/OddsWide?k_babaCode=32&k_raceDate=2026%2F09%2F20&k_raceNo=3
2026-09-20 13:41:51,13:41,2026-09-20,saga,3,ワイド,4-8,13.0,13.7,18,https://www.keiba.go.jp/KeibaWeb/TodayRaceInfo/OddsWide?k_babaCode=32&k_raceDate=2026%2F09%2F20&k_raceNo=3
2026-09-20 13:41:51,13:41,2026-09-20,saga,3,ワイド,6-9,16.8,20.8,19,https://www.keiba.go.jp/KeibaWeb/TodayRaceInfo/OddsWide?k_babaCode=32&k_raceDate=2026%2F09%2F20&k_raceNo=3
2026-09-20 13:41:51,13:41,2026-09-20,saga,3,ワイド,1-4,18.0,20.6,20,https://www.keiba.go.jp/KeibaWeb/TodayRaceInfo/OddsWide?k_babaCode=32&k_raceDate=2026%2F09%2F20&k_raceNo=3
2026-09-20 13:41:51,13:41,2026-09-20,saga,3,ワイド,2-4,18.2,20.6,21,https://www.keiba.go.jp/KeibaWeb/TodayRaceInfo/OddsWide?k_babaCode=32&k_raceDate=2026%2F09%2F20&k_raceNo=3
2026-09-20 13:41:51,13:41,2026-09-20,saga,3,ワイド,2-9,18.6,20.8,22,https://www.keiba.go.jp/KeibaWeb/TodayRaceInfo/OddsWide?k_babaCode=32&k_raceDate=2026%2F09%2F20&k_raceNo=3
2026-09-20 13:41:51,13:41,2026-09-20,saga,3,ワイド,7-9,19.0,20.6,23,https://www.keiba.go.jp/KeibaWeb/TodayRaceInfo/OddsWide?k_babaCode=32&k_raceDate=2026%2F09%2F20&k_raceNo=3
2026-09-20 13:41:51,13:41,2026-09-20,saga,3,ワイド,8-9,19.1,20.5,24,https://www.keiba.go.jp/KeibaWeb/TodayRaceInfo/OddsWide?k_babaCode=32&k_raceDate=2026%2F09%2F20&k_raceNo=3
2026-09-20 13:41:51,13:41,2026-09-20,saga,3,ワイド,2-7,19.5,20.5,25,https://www.keiba.go.jp/KeibaWeb/TodayRaceInfo/OddsWide?k_babaCode=32&k_raceDate=2026%2F09%2F20&k_raceNo=3
2026-09-20 13:41:51,13:41,2026-09-20,saga,3,ワイド,2-5,19.5,20.7,26,https://www.keiba.go.jp/KeibaWeb/TodayRaceInfo/OddsWide?k_babaCode=32&k_raceDate=2026%2F09%2F20&k_raceNo=3
2026-09-20 13:41:51,13:41,2026-09-20,saga,3,ワイド,2-8,19.5,20.8,27,https://www.keiba.go.jp/KeibaWeb/TodayRaceInfo/OddsWide?k_babaCode=32&k_raceDate=2026%2F09%2F20&k_raceNo=3
2026-09-20 13:41:51,13:41,2026-09-20,saga,3,ワイド,5-8,19.8,20.8,28,https://www.keiba.go.jp/KeibaWeb/TodayRaceInfo/OddsWide?k_babaCode=32&k_raceDate=2026%2F09%2F20&k_raceNo=3
2026-09-20 13:41:51,13:41,2026-09-20,saga,3,ワイド,7-8,20.0,20.8,29,https://www.keiba.go.jp/KeibaWeb/TodayRaceInfo/OddsWide?k_babaCode=32&k_raceDate=2026%2F09%2F20&k_raceNo=3
2026-09-20 13:41:51,13:41,2026-09-20,saga,3,ワイド,3-5,35.2,40.7,30,https://www.keiba.go.jp/KeibaWeb/TodayRaceInfo/OddsWide?k_babaCode=32&k_raceDate=2026%2F09%2F20&k_raceNo=3
2026-09-20 13:41:51,13:41,2026-09-20,saga,3,ワイド,5-6,35.2,41.0,31,https://www.keiba.go.jp/KeibaWeb/TodayRaceInfo/OddsWide?k_babaCode=32&k_raceDate=2026%2F09%2F20&k_raceNo=3
2026-09-20 13:41:51,13:41,2026-09-20,saga,3,ワイド,6-8,35.5,40.7,32,https://www.keiba.go.jp/KeibaWeb/TodayRaceInfo/OddsWide?k_babaCode=32&k_raceDate=2026%2F09%2F20&k_raceNo=3
2026-09-20 13:41:51,13:41,2026-09-20,saga,3,ワイド,5-9,37.2,41.0,33,https://www.keiba.go.jp/KeibaWeb/TodayRaceInfo/OddsWide?k_babaCode=32&k_raceDate=2026%2F09%2F20&k_raceNo=3
2026-09-20 13:41:51,13:41,2026-09-20,saga,3,ワイド,1-5,38.5,41.2,34,https://www.keiba.go.jp/KeibaWeb/TodayRaceInfo/OddsWide?k_babaCode=32&k_raceDate=2026%2F09%2F20&k_raceNo=3
2026-09-20 13:41:51,13:41,2026-09-20,saga,3,ワイド,5-7,39.0,41.2,35,https://www.keiba.go.jp/KeibaWeb/TodayRaceInfo/OddsWide?k_babaCode=32&k_raceDate=2026%2F09%2F20&k_raceNo=3
2026-09-20 13:41:51,13:41,2026-09-20,saga,3,ワイド,1-2,0.0,0.0,36,https://www.keiba.go.jp/KeibaWeb/TodayRaceInfo/OddsWide?k_babaCode=32&k_raceDate=2026%2F09%2F20&k_raceNo=3
2026-09-20 13:41:51,13:41,2026-09-20,saga,3,ワイド,1-6,0.0,0.0,36,https://www.keiba.go.jp/KeibaWeb/TodayRaceInfo/OddsWide?k_babaCode=32&k_raceDate=2026%2F09%2F20&k_raceNo=3
2026-09-20 13:41:51,13:41,2026-09-20,saga,3,ワイド,1-9,0.0,0.0,36,https://www.keiba.go.jp/KeibaWeb/TodayRaceInfo/OddsWide?k_babaCode=32&k_raceDate=2026%2F09%2F20&k_raceNo=3
2026-09-20 13:41:51,13:41,2026-09-20,saga,3,ワイド,1-10,0.0,0.0,36,https://www.keiba.go.jp/KeibaWeb/TodayRaceInfo/OddsWide?k_babaCode=32&k_raceDate=2026%2F09%2F20&k_raceNo=3
2026-09-20 13:41:51,13:41,2026-09-20,saga,3,ワイド,2-3,0.0,0.0,36,https://www.keiba.go.jp/KeibaWeb/TodayRaceInfo/OddsWide?k_babaCode=32&k_raceDate=2026%2F09%2F20&k_raceNo=3
2026-09-20 13:41:51,13:41,2026-09-20,saga,3,ワイド,2-6,0.0,0.0,36,https://www.keiba.go.jp/KeibaWeb/TodayRaceInfo/OddsWide?k_babaCode=32&k_raceDate=2026%2F09%2F20&k_raceNo=3
2026-09-20 13:41:51,13:41,2026-09-20,saga,3,ワイド,3-8,0.0,0.0,36,https://www.keiba.go.jp/KeibaWeb/TodayRaceInfo/OddsWide?k_babaCode=32&k_raceDate=2026%2F09%2F20&k_raceNo=3
2026-09-20 13:41:51,13:41,2026-09-20,saga,3,ワイド,5-10,0.0,0.0,36,https://www.keiba.go.jp/KeibaWeb/TodayRaceInfo/OddsWide?k_babaCode=32&k_raceDate=2026%2F09%2F20&k_raceNo=3
2026-09-20 13:41:51,13:41,2026-09-20,saga,3,ワイド,7-10,0.0,0.0,36,https://www.keiba.go.jp/KeibaWeb/TodayRaceInfo/OddsWide?k_babaCode=32&k_raceDate=2026%2F09%2F20&k_raceNo=3
2026-09-20 13:41:51,13:41,2026-09-20,saga,3,ワイド,8-10,0.0,0.0,36,https://www.keiba.go.jp/KeibaWeb/TodayRaceInfo/OddsWide?k_babaCode=32&k_raceDate=2026%2F09%2F20&k_raceNo=3
2026-09-20 13:41:51,13:41,2026-09-20,saga,3,三連複,4-6-10,9.7,9.7,1,https://www.keiba.go.jp/KeibaWeb/TodayRaceInfo/Odds3LenFuku?k_babaCode=32&k_raceDate=2026%2F09%2F20&k_raceNo=3
2026-09-20 13:41:51,13:41,2026-09-20,saga,3,三連複,3-4-10,11.8,11.8,2,https://www.keiba.go.jp/KeibaWeb/TodayRaceInfo/Odds3LenFuku?k_babaCode=32&k_raceDate=2026%2F09%2F20&k_raceNo=3
2026-09-20 13:41:51,13:41,2026-09-20,saga,3,三連複,3-4-6,12.3,12.3,3,https://www.keiba.go.jp/KeibaWeb/TodayRaceInfo/Odds3LenFuku?k_babaCode=32&k_raceDate=2026%2F09%2F20&k_raceNo=3
2026-09-20 13:41:51,13:41,2026-09-20,saga,3,三連複,4-6-9,12.3,12.3,3,https://www.keiba.go.jp/KeibaWeb/TodayRaceInfo/Odds3LenFuku?k_babaCode=32&k_raceDate=2026%2F09%2F20&k_raceNo=3
2026-09-20 13:41:51,13:41,2026-09-20,saga,3,三連複,4-9-10,15.9,15.9,5,https://www.keiba.go.jp/KeibaWeb/TodayRaceInfo/Odds3LenFuku?k_babaCode=32&k_raceDate=2026%2F09%2F20&k_raceNo=3
2026-09-20 13:41:51,13:41,2026-09-20,saga,3,三連複,6-9-10,15.9,15.9,5,https://www.keiba.go.jp/KeibaWeb/TodayRaceInfo/Odds3LenFuku?k_babaCode=32&k_raceDate=2026%2F09%2F20&k_raceNo=3
2026-09-20 13:41:51,13:41,2026-09-20,saga,3,三連複,3-4-9,18.1,18.1,7,https://www.keiba.go.jp/KeibaWeb/TodayRaceInfo/Odds3LenFuku?k_babaCode=32&k_raceDate=2026%2F09%2F20&k_raceNo=3
2026-09-20 13:41:51,13:41,2026-09-20,saga,3,三連複,4-7-10,18.1,18.1,7,https://www.keiba.go.jp/KeibaWeb/TodayRaceInfo/Odds3LenFuku?k_babaCode=32&k_raceDate=2026%2F09%2F20&k_raceNo=3
2026-09-20 13:41:51,13:41,2026-09-20,saga,3,三連複,2-4-10,20.9,20.9,9,https://www.keiba.go.jp/KeibaWeb/TodayRaceInfo/Odds3LenFuku?k_babaCode=32&k_raceDate=2026%2F09%2F20&k_raceNo=3
2026-09-20 13:41:51,13:41,2026-09-20,saga,3,三連複,6-7-10,24.7,24.7,10,https://www.keiba.go.jp/KeibaWeb/TodayRaceInfo/Odds3LenFuku?k_babaCode=32&k_raceDate=2026%2F09%2F20&k_raceNo=3
2026-09-20 13:41:51,13:41,2026-09-20,saga,3,三連複,4-5-10,27.1,27.1,11,https://www.keiba.go.jp/KeibaWeb/TodayRaceInfo/Odds3LenFuku?k_babaCode=32&k_raceDate=2026%2F09%2F20&k_raceNo=3
2026-09-20 13:41:51,13:41,2026-09-20,saga,3,三連複,4-6-7,27.1,27.1,11,https://www.keiba.go.jp/KeibaWeb/TodayRaceInfo/Odds3LenFuku?k_babaCode=32&k_raceDate=2026%2F09%2F20&k_raceNo=3
2026-09-20 13:41:51,13:41,2026-09-20,saga,3,三連複,2-3-10,30.2,30.2,13,https://www.keiba.go.jp/KeibaWeb/TodayRaceInfo/Odds3LenFuku?k_babaCode=32&k_raceDate=2026%2F09%2F20&k_raceNo=3
2026-09-20 13:41:51,13:41,2026-09-20,saga,3,三連複,4-5-6,30.2,30.2,13,https://www.keiba.go.jp/KeibaWeb/TodayRaceInfo/Odds3LenFuku?k_babaCode=32&k_raceDate=2026%2F09%2F20&k_raceNo=3
2026-09-20 13:41:51,13:41,2026-09-20,saga,3,三連複,3-6-10,33.9,33.9,15,https://www.keiba.go.jp/KeibaWeb/TodayRaceInfo/Odds3LenFuku?k_babaCode=32&k_raceDate=2026%2F09%2F20&k_raceNo=3
2026-09-20 13:41:51,13:41,2026-09-20,saga,3,三連複,5-6-10,33.9,33.9,15,https://www.keiba.go.jp/KeibaWeb/TodayRaceInfo/Odds3LenFuku?k_babaCode=32&k_raceDate=2026%2F09%2F20&k_raceNo=3
2026-09-20 13:41:51,13:41,2026-09-20,saga,3,三連複,3-9-10,38.8,38.8,17,https://www.keiba.go.jp/KeibaWeb/TodayRaceInfo/Odds3LenFuku?k_babaCode=32&k_raceDate=2026%2F09%2F20&k_raceNo=3
2026-09-20 13:41:51,13:41,2026-09-20,saga,3,三連複,5-6-9,38.8,38.8,17,https://www.keiba.go.jp/KeibaWeb/TodayRaceInfo/Odds3LenFuku?k_babaCode=32&k_raceDate=2026%2F09%2F20&k_raceNo=3
2026-09-20 13:41:51,13:41,2026-09-20,saga,3,三連複,3-4-7,54.3,54.3,19,https://www.keiba.go.jp/KeibaWeb/TodayRaceInfo/Odds3LenFuku?k_babaCode=32&k_raceDate=2026%2F09%2F20&k_raceNo=3
2026-09-20 13:41:51,13:41,2026-09-20,saga,3,三連複,5-9-10,54.3,54.3,19,https://www.keiba.go.jp/KeibaWeb/TodayRaceInfo/Odds3LenFuku?k_babaCode=32&k_raceDate=2026%2F09%2F20&k_raceNo=3
2026-09-20 13:41:51,13:41,2026-09-20,saga,3,三連複,2-4-6,67.9,67.9,21,https://www.keiba.go.jp/KeibaWeb/TodayRaceInfo/Odds3LenFuku?k_babaCode=32&k_raceDate=2026%2F09%2F20&k_raceNo=3
2026-09-20 13:41:51,13:41,2026-09-20,saga,3,三連複,2-4-9,67.9,67.9,21,https://www.keiba.go.jp/KeibaWeb/TodayRaceInfo/Odds3LenFuku?k_babaCode=32&k_raceDate=2026%2F09%2F20&k_raceNo=3
2026-09-20 13:41:51,13:41,2026-09-20,saga,3,三連複,2-6-10,67.9,67.9,21,https://www.keiba.go.jp/KeibaWeb/TodayRaceInfo/Odds3LenFuku?k_babaCode=32&k_raceDate=2026%2F09%2F20&k_raceNo=3
2026-09-20 13:41:51,13:41,2026-09-20,saga,3,三連複,2-7-10,67.9,67.9,21,https://www.keiba.go.jp/KeibaWeb/TodayRaceInfo/Odds3LenFuku?k_babaCode=32&k_raceDate=2026%2F09%2F20&k_raceNo=3
2026-09-20 13:41:51,13:41,2026-09-20,saga,3,三連複,2-9-10,67.9,67.9,21,https://www.keiba.go.jp/KeibaWeb/TodayRaceInfo/Odds3LenFuku?k_babaCode=32&k_raceDate=2026%2F09%2F20&k_raceNo=3
2026-09-20 13:41:51,13:41,2026-09-20,saga,3,三連複,3-4-5,67.9,67.9,21,https://www.keiba.go.jp/KeibaWeb/TodayRaceInfo/Odds3LenFuku?k_babaCode=32&k_raceDate=2026%2F09%2F20&k_raceNo=3
2026-09-20 13:41:51,13:41,2026-09-20,saga,3,三連複,3-6-9,67.9,67.9,21,https://www.keiba.go.jp/KeibaWeb/TodayRaceInfo/Odds3LenFuku?k_babaCode=32&k_raceDate=2026%2F09%2F20&k_raceNo=3
2026-09-20 13:41:51,13:41,2026-09-20,saga,3,三連複,4-7-9,67.9,67.9,21,https://www.keiba.go.jp/KeibaWeb/TodayRaceInfo/Odds3LenFuku?k_babaCode=32&k_raceDate=2026%2F09%2F20&k_raceNo=3
2026-09-20 13:41:51,13:41,2026-09-20,saga,3,三連複,1-2-6,90.6,90.6,29,https://www.keiba.go.jp/KeibaWeb/TodayRaceInfo/Odds3LenFuku?k_babaCode=32&k_raceDate=2026%2F09%2F20&k_raceNo=3
2026-09-20 13:41:51,13:41,2026-09-20,saga,3,三連複,2-3-4,90.6,90.6,29,https://www.keiba.go.jp/KeibaWeb/TodayRaceInfo/Odds3LenFuku?k_babaCode=32&k_raceDate=2026%2F09%2F20&k_raceNo=3
2026-09-20 13:41:51,13:41,2026-09-20,saga,3,三連複,2-3-9,90.6,90.6,29,https://www.keiba.go.jp/KeibaWeb/TodayRaceInfo/Odds3LenFuku?k_babaCode=32&k_raceDate=2026%2F09%2F20&k_raceNo=3
2026-09-20 13:41:51,13:41,2026-09-20,saga,3,三連複,2-5-7,90.6,90.6,29,https://www.keiba.go.jp/KeibaWeb/TodayRaceInfo/Odds3LenFuku?k_babaCode=32&k_raceDate=2026%2F09%2F20&k_raceNo=3
2026-09-20 13:41:51,13:41,2026-09-20,saga,3,三連複,3-5-6,90.6,90.6,29,https://www.keiba.go.jp/KeibaWeb/TodayRaceInfo/Odds3LenFuku?k_babaCode=32&k_raceDate=2026%2F09%2F20&k_raceNo=3
2026-09-20 13:41:51,13:41,2026-09-20,saga,3,三連複,3-5-9,90.6,90.6,29,https://www.keiba.go.jp/KeibaWeb/TodayRaceInfo/Odds3LenFuku?k_babaCode=32&k_raceDate=2026%2F09%2F20&k_raceNo=3
2026-09-20 13:41:51,13:41,2026-09-20,saga,3,三連複,3-7-10,90.6,90.6,29,https://www.keiba.go.jp/KeibaWeb/TodayRaceInfo/Odds3LenFuku?k_babaCode=32&k_raceDate=2026%2F09%2F20&k_raceNo=3
2026-09-20 13:41:51,13:41,2026-09-20,saga,3,三連複,4-6-8,90.6,90.6,29,https://www.keiba.go.jp/KeibaWeb/TodayRaceInfo/Odds3LenFuku?k_babaCode=32&k_raceDate=2026%2F09%2F20&k_raceNo=3
2026-09-20 13:41:51,13:41,2026-09-20,saga,3,三連複,1-4-9,135.9,135.9,37,https://www.keiba.go.jp/KeibaWeb/TodayRaceInfo/Odds3LenFuku?k_babaCode=32&k_raceDate=2026%2F09%2F20&k_raceNo=3
2026-09-20 13:41:51,13:41,2026-09-20,saga,3,三連複,1-7-9,135.9,135.9,37,https://www.keiba.go.jp/KeibaWeb/TodayRaceInfo/Odds3LenFuku?k_babaCode=32&k_raceDate=2026%2F09%2F20&k_raceNo=3
2026-09-20 13:41:51,13:41,2026-09-20,saga,3,三連複,2-3-6,135.9,135.9,37,https://www.keiba.go.jp/KeibaWeb/TodayRaceInfo/Odds3LenFuku?k_babaCode=32&k_raceDate=2026%2F09%2F20&k_raceNo=3
2026-09-20 13:41:51,13:41,2026-09-20,saga,3,三連複,2-5-6,135.9,135.9,37,https://www.keiba.go.jp/KeibaWeb/TodayRaceInfo/Odds3LenFuku?k_babaCode=32&k_raceDate=2026%2F09%2F20&k_raceNo=3
2026-09-20 13:41:51,13:41,2026-09-20,saga,3,三連複,2-5-8,135.9,135.9,37,https://www.keiba.go.jp/KeibaWeb/TodayRaceInfo/Odds3LenFuku?k_babaCode=32&k_raceDate=2026%2F09%2F20&k_raceNo=3
2026-09-20 13:41:51,13:41,2026-09-20,saga,3,三連複,2-8-10,135.9,135.9,37,https://www.keiba.go.jp/KeibaWeb/TodayRaceInfo/Odds3LenFuku?k_babaCode=32&k_raceDate=2026%2F09%2F20&k_raceNo=3
2026-09-20 13:41:51,13:41,2026-09-20,saga,3,三連複,3-5-7,135.9,135.9,37,https://www.keiba.go.jp/KeibaWeb/TodayRaceInfo/Odds3LenFuku?k_babaCode=32&k_raceDate=2026%2F09%2F20&k_raceNo=3
2026-09-20 13:41:51,13:41,2026-09-20,saga,3,三連複,3-5-10,135.9,135.9,37,https://www.keiba.go.jp/KeibaWeb/TodayRaceInfo/Odds3LenFuku?k_babaCode=32&k_raceDate=2026%2F09%2F20&k_raceNo=3
2026-09-20 13:41:51,13:41,2026-09-20,saga,3,三連複,3-6-7,135.9,135.9,37,https://www.keiba.go.jp/KeibaWeb/TodayRaceInfo/Odds3LenFuku?k_babaCode=32&k_raceDate=2026%2F09%2F20&k_raceNo=3
2026-09-20 13:41:51,13:41,2026-09-20,saga,3,三連複,4-5-9,135.9,135.9,37,https://www.keiba.go.jp/KeibaWeb/TodayRaceInfo/Odds3LenFuku?k_babaCode=32&k_raceDate=2026%2F09%2F20&k_raceNo=3
2026-09-20 13:41:51,13:41,2026-09-20,saga,3,三連複,4-8-10,135.9,135.9,37,https://www.keiba.go.jp/KeibaWeb/TodayRaceInfo/Odds3LenFuku?k_babaCode=32&k_raceDate=2026%2F09%2F20&k_raceNo=3
2026-09-20 13:41:51,13:41,2026-09-20,saga,3,三連複,5-7-10,135.9,135.9,37,https://www.keiba.go.jp/KeibaWeb/TodayRaceInfo/Odds3LenFuku?k_babaCode=32&k_raceDate=2026%2F09%2F20&k_raceNo=3
2026-09-20 13:41:51,13:41,2026-09-20,saga,3,三連複,6-8-10,135.9,135.9,37,https://www.keiba.go.jp/KeibaWeb/TodayRaceInfo/Odds3LenFuku?k_babaCode=32&k_raceDate=2026%2F09%2F20&k_raceNo=3
2026-09-20 13:41:51,13:41,2026-09-20,saga,3,三連複,7-9-10,135.9,135.9,37,https://www.keiba.go.jp/KeibaWeb/TodayRaceInfo/Odds3LenFuku?k_babaCode=32&k_raceDate=2026%2F09%2F20&k_raceNo=3
2026-09-20 13:41:51,13:41,2026-09-20,saga,3,三連複,8-9-10,135.9,135.9,37,https://www.keiba.go.jp/KeibaWeb/TodayRaceInfo/Odds3LenFuku?k_babaCode=32&k_raceDate=2026%2F09%2F20&k_raceNo=3
2026-09-20 13:41:51,13:41,2026-09-20,saga,3,三連複,1-2-3,271.8,271.8,52,https://www.keiba.go.jp/KeibaWeb/TodayRaceInfo/Odds3LenFuku?k_babaCode=32&k_raceDate=2026%2F09%2F20&k_raceNo=3
2026-09-20 13:41:51,13:41,2026-09-20,saga,3,三連複,1-2-4,271.8,271.8,52,https://www.keiba.go.jp/KeibaWeb/TodayRaceInfo/Odds3LenFuku?k_babaCode=32&k_raceDate=2026%2F09%2F20&k_raceNo=3
2026-09-20 13:41:51,13:41,2026-09-20,saga,3,三連複,1-2-5,271.8,271.8,52,https://www.keiba.go.jp/KeibaWeb/TodayRaceInfo/Odds3LenFuku?k_babaCode=32&k_raceDate=2026%2F09%2F20&k_raceNo=3
2026-09-20 13:41:51,13:41,2026-09-20,saga,3,三連複,1-2-7,271.8,271.8,52,https://www.keiba.go.jp/KeibaWeb/TodayRaceInfo/Odds3LenFuku?k_babaCode=32&k_raceDate=2026%2F09%2F20&k_raceNo=3
2026-09-20 13:41:51,13:41,2026-09-20,saga,3,三連複,1-3-7,271.8,271.8,52,https://www.keiba.go.jp/KeibaWeb/TodayRaceInfo/Odds3LenFuku?k_babaCode=32&k_raceDate=2026%2F09%2F20&k_raceNo=3
2026-09-20 13:41:51,13:41,2026-09-20,saga,3,三連複,1-4-6,271.8,271.8,52,https://www.keiba.go.jp/KeibaWeb/TodayRaceInfo/Odds3LenFuku?k_babaCode=32&k_raceDate=2026%2F09%2F20&k_raceNo=3
2026-09-20 13:41:51,13:41,2026-09-20,saga,3,三連複,1-4-10,271.8,271.8,52,https://www.keiba.go.jp/KeibaWeb/TodayRaceInfo/Odds3LenFuku?k_babaCode=32&k_raceDate=2026%2F09%2F20&k_raceNo=3
2026-09-20 13:41:51,13:41,2026-09-20,saga,3,三連複,1-6-7,271.8,271.8,52,https://www.keiba.go.jp/KeibaWeb/TodayRaceInfo/Odds3LenFuku?k_babaCode=32&k_raceDate=2026%2F09%2F20&k_raceNo=3
2026-09-20 13:41:51,13:41,2026-09-20,saga,3,三連複,1-7-10,271.8,271.8,52,https://www.keiba.go.jp/KeibaWeb/TodayRaceInfo/Odds3LenFuku?k_babaCode=32&k_raceDate=2026%2F09%2F20&k_raceNo=3
2026-09-20 13:41:51,13:41,2026-09-20,saga,3,三連複,1-8-9,271.8,271.8,52,https://www.keiba.go.jp/KeibaWeb/TodayRaceInfo/Odds3LenFuku?k_babaCode=32&k_raceDate=2026%2F09%2F20&k_raceNo=3
2026-09-20 13:41:51,13:41,2026-09-20,saga,3,三連複,2-3-7,271.8,271.8,52,https://www.keiba.go.jp/KeibaWeb/TodayRaceInfo/Odds3LenFuku?k_babaCode=32&k_raceDate=2026%2F09%2F20&k_raceNo=3
2026-09-20 13:41:51,13:41,2026-09-20,saga,3,三連複,2-4-5,271.8,271.8,52,https://www.keiba.go.jp/KeibaWeb/TodayRaceInfo/Odds3LenFuku?k_babaCode=32&k_raceDate=2026%2F09%2F20&k_raceNo=3
2026-09-20 13:41:51,13:41,2026-09-20,saga,3,三連複,2-4-7,271.8,271.8,52,https://www.keiba.go.jp/KeibaWeb/TodayRaceInfo/Odds3LenFuku?k_babaCode=32&k_raceDate=2026%2F09%2F20&k_raceNo=3
2026-09-20 13:41:51,13:41,2026-09-20,saga,3,三連複,2-4-8,271.8,271.8,52,https://www.keiba.go.jp/KeibaWeb/TodayRaceInfo/Odds3LenFuku?k_babaCode=32&k_raceDate=2026%2F09%2F20&k_raceNo=3
2026-09-20 13:41:51,13:41,2026-09-20,saga,3,三連複,2-5-10,271.8,271.8,52,https://www.keiba.go.jp/KeibaWeb/TodayRaceInfo/Odds3LenFuku?k_babaCode=32&k_raceDate=2026%2F09%2F20&k_raceNo=3
2026-09-20 13:41:51,13:41,2026-09-20,saga,3,三連複,2-6-7,271.8,271.8,52,https://www.keiba.go.jp/KeibaWeb/TodayRaceInfo/Odds3LenFuku?k_babaCode=32&k_raceDate=2026%2F09%2F20&k_raceNo=3
2026-09-20 13:41:51,13:41,2026-09-20,saga,3,三連複,2-7-8,271.8,271.8,52,https://www.keiba.go.jp/KeibaWeb/TodayRaceInfo/Odds3LenFuku?k_babaCode=32&k_raceDate=2026%2F09%2F20&k_raceNo=3
2026-09-20 13:41:51,13:41,2026-09-20,saga,3,三連複,2-7-9,271.8,271.8,52,https://www.keiba.go.jp/KeibaWeb/TodayRaceInfo/Odds3LenFuku?k_babaCode=32&k_raceDate=2026%2F09%2F20&k_raceNo=3
2026-09-20 13:41:51,13:41,2026-09-20,saga,3,三連複,2-8-9,271.8,271.8,52,https://www.keiba.go.jp/KeibaWeb/TodayRaceInfo/Odds3LenFuku?k_babaCode=32&k_raceDate=2026%2F09%2F20&k_raceNo=3
2026-09-20 13:41:51,13:41,2026-09-20,saga,3,三連複,3-4-8,271.8,271.8,52,https://www.keiba.go.jp/KeibaWeb/TodayRaceInfo/Odds3LenFuku?k_babaCode=32&k_raceDate=2026%2F09%2F20&k_raceNo=3
2026-09-20 13:41:51,13:41,2026-09-20,saga,3,三連複,3-7-8,271.8,271.8,52,https://www.keiba.go.jp/KeibaWeb/TodayRaceInfo/Odds3LenFuku?k_babaCode=32&k_raceDate=2026%2F09%2F20&k_raceNo=3
2026-09-20 13:41:51,13:41,2026-09-20,saga,3,三連複,3-7-9,271.8,271.8,52,https://www.keiba.go.jp/KeibaWeb/TodayRaceInfo/Odds3LenFuku?k_babaCode=32&k_raceDate=2026%2F09%2F20&k_raceNo=3
2026-09-20 13:41:51,13:41,2026-09-20,saga,3,三連複,4-5-7,271.8,271.8,52,https://www.keiba.go.jp/KeibaWeb/TodayRaceInfo/Odds3LenFuku?k_babaCode=32&k_raceDate=2026%2F09%2F20&k_raceNo=3
2026-09-20 13:41:51,13:41,2026-09-20,saga,3,三連複,4-7-8,271.8,271.8,52,https://www.keiba.go.jp/KeibaWeb/TodayRaceInfo/Odds3LenFuku?k_babaCode=32&k_raceDate=2026%2F09%2F20&k_raceNo=3
2026-09-20 13:41:51,13:41,2026-09-20,saga,3,三連複,4-8-9,271.8,271.8,52,https://www.keiba.go.jp/KeibaWeb/TodayRaceInfo/Odds3LenFuku?k_babaCode=32&k_raceDate=2026%2F09%2F20&k_raceNo=3
2026-09-20 13:41:51,13:41,2026-09-20,saga,3,三連複,5-8-10,271.8,271.8,52,https://www.keiba.go.jp/KeibaWeb/TodayRaceInfo/Odds3LenFuku?k_babaCode=32&k_raceDate=2026%2F09%2F20&k_raceNo=3
2026-09-20 13:41:51,13:41,2026-09-20,saga,3,三連複,7-8-9,271.8,271.8,52,https://www.keiba.go.jp/KeibaWeb/TodayRaceInfo/Odds3LenFuku?k_babaCode=32&k_raceDate=2026%2F09%2F20&k_raceNo=3
2026-09-20 13:41:51,13:41,2026-09-20,saga,3,三連複,7-8-10,271.8,271.8,52,https://www.keiba.go.jp/KeibaWeb/TodayRaceInfo/Odds3LenFuku?k_babaCode=32&k_raceDate=2026%2F09%2F20&k_raceNo=3
2026-09-20 13:41:51,13:41,2026-09-20,saga,3,三連複,1-2-8,0.0,0.0,80,https://www.keiba.go.jp/KeibaWeb/TodayRaceInfo/Odds3LenFuku?k_babaCode=32&k_raceDate=2026%2F09%2F20&k_raceNo=3
2026-09-20 13:41:51,13:41,2026-09-20,saga,3,三連複,1-2-9,0.0,0.0,80,https://www.keiba.go.jp/KeibaWeb/TodayRaceInfo/Odds3LenFuku?k_babaCode=32&k_raceDate=2026%2F09%2F20&k_raceNo=3
2026-09-20 13:41:51,13:41,2026-09-20,saga,3,三連複,1-2-10,0.0,0.0,80,https://www.keiba.go.jp/KeibaWeb/TodayRaceInfo/Odds3LenFuku?k_babaCode=32&k_raceDate=2026%2F09%2F20&k_raceNo=3
2026-09-20 13:41:51,13:41,2026-09-20,saga,3,三連複,1-3-4,0.0,0.0,80,https://www.keiba.go.jp/KeibaWeb/TodayRaceInfo/Odds3LenFuku?k_babaCode=32&k_raceDate=2026%2F09%2F20&k_raceNo=3
2026-09-20 13:41:51,13:41,2026-09-20,saga,3,三連複,1-3-5,0.0,0.0,80,https://www.keiba.go.jp/KeibaWeb/TodayRaceInfo/Odds3LenFuku?k_babaCode=32&k_raceDate=2026%2F09%2F20&k_raceNo=3
2026-09-20 13:41:51,13:41,2026-09-20,saga,3,三連複,1-3-6,0.0,0.0,80,https://www.keiba.go.jp/KeibaWeb/TodayRaceInfo/Odds3LenFuku?k_babaCode=32&k_raceDate=2026%2F09%2F20&k_raceNo=3
2026-09-20 13:41:51,13:41,2026-09-20,saga,3,三連複,1-3-8,0.0,0.0,80,https://www.keiba.go.jp/KeibaWeb/TodayRaceInfo/Odds3LenFuku?k_babaCode=32&k_raceDate=2026%2F09%2F20&k_raceNo=3
2026-09-20 13:41:51,13:41,2026-09-20,saga,3,三連複,1-3-9,0.0,0.0,80,https://www.keiba.go.jp/KeibaWeb/TodayRaceInfo/Odds3LenFuku?k_babaCode=32&k_raceDate=2026%2F09%2F20&k_raceNo=3
2026-09-20 13:41:51,13:41,2026-09-20,saga,3,三連複,1-3-10,0.0,0.0,80,https://www.keiba.go.jp/KeibaWeb/TodayRaceInfo/Odds3LenFuku?k_babaCode=32&k_raceDate=2026%2F09%2F20&k_raceNo=3
2026-09-20 13:41:51,13:41,2026-09-20,saga,3,三連複,1-4-5,0.0,0.0,80,https://www.keiba.go.jp/KeibaWeb/TodayRaceInfo/Odds3LenFuku?k_babaCode=32&k_raceDate=2026%2F09%2F20&k_raceNo=3
2026-09-20 13:41:51,13:41,2026-09-20,saga,3,三連複,1-4-7,0.0,0.0,80,https://www.keiba.go.jp/KeibaWeb/TodayRaceInfo/Odds3LenFuku?k_babaCode=32&k_raceDate=2026%2F09%2F20&k_raceNo=3
2026-09-20 13:41:51,13:41,2026-09-20,saga,3,三連複,1-4-8,0.0,0.0,80,https://www.keiba.go.jp/KeibaWeb/TodayRaceInfo/Odds3LenFuku?k_babaCode=32&k_raceDate=2026%2F09%2F20&k_raceNo=3
2026-09-20 13:41:51,13:41,2026-09-20,saga,3,三連複,1-5-6,0.0,0.0,80,https://www.keiba.go.jp/KeibaWeb/TodayRaceInfo/Odds3LenFuku?k_babaCode=32&k_raceDate=2026%2F09%2F20&k_raceNo=3
2026-09-20 13:41:51,13:41,2026-09-20,saga,3,三連複,1-5-7,0.0,0.0,80,https://www.keiba.go.jp/KeibaWeb/TodayRaceInfo/Odds3LenFuku?k_babaCode=32&k_raceDate=2026%2F09%2F20&k_raceNo=3
2026-09-20 13:41:51,13:41,2026-09-20,saga,3,三連複,1-5-8,0.0,0.0,80,https://www.keiba.go.jp/KeibaWeb/TodayRaceInfo/Odds3LenFuku?k_babaCode=32&k_raceDate=2026%2F09%2F20&k_raceNo=3
2026-09-20 13:41:51,13:41,2026-09-20,saga,3,三連複,1-5-9,0.0,0.0,80,https://www.keiba.go.jp/KeibaWeb/TodayRaceInfo/Odds3LenFuku?k_babaCode=32&k_raceDate=2026%2F09%2F20&k_raceNo=3
2026-09-20 13:41:51,13:41,2026-09-20,saga,3,三連複,1-5-10,0.0,0.0,80,https://www.keiba.go.jp/KeibaWeb/TodayRaceInfo/Odds3LenFuku?k_babaCode=32&k_raceDate=2026%2F09%2F20&k_raceNo=3
2026-09-20 13:41:51,13:41,2026-09-20,saga,3,三連複,1-6-8,0.0,0.0,80,https://www.keiba.go.jp/KeibaWeb/TodayRaceInfo/Odds3LenFuku?k_babaCode=32&k_raceDate=2026%2F09%2F20&k_raceNo=3
2026-09-20 13:41:51,13:41,2026-09-20,saga,3,三連複,1-6-9,0.0,0.0,80,https://www.keiba.go.jp/KeibaWeb/TodayRaceInfo/Odds3LenFuku?k_babaCode=32&k_raceDate=2026%2F09%2F20&k_raceNo=3
2026-09-20 13:41:51,13:41,2026-09-20,saga,3,三連複,1-6-10,0.0,0.0,80,https://www.keiba.go.jp/KeibaWeb/TodayRaceInfo/Odds3LenFuku?k_babaCode=32&k_raceDate=2026%2F09%2F20&k_raceNo=3
2026-09-20 13:41:51,13:41,2026-09-20,saga,3,三連複,1-7-8,0.0,0.0,80,https://www.keiba.go.jp/KeibaWeb/TodayRaceInfo/Odds3LenFuku?k_babaCode=32&k_raceDate=2026%2F09%2F20&k_raceNo=3
2026-09-20 13:41:51,13:41,2026-09-20,saga,3,三連複,1-8-10,0.0,0.0,80,https://www.keiba.go.jp/KeibaWeb/TodayRaceInfo/Odds3LenFuku?k_babaCode=32&k_raceDate=2026%2F09%2F20&k_raceNo=3
2026-09-20 13:41:51,13:41,2026-09-20,saga,3,三連複,1-9-10,0.0,0.0,80,https://www.keiba.go.jp/KeibaWeb/TodayRaceInfo/Odds3LenFuku?k_babaCode=32&k_raceDate=2026%2F09%2F20&k_raceNo=3
2026-09-20 13:41:51,13:41,2026-09-20,saga,3,三連複,2-3-5,0.0,0.0,80,https://www.keiba.go.jp/KeibaWeb/TodayRaceInfo/Odds3LenFuku?k_babaCode=32&k_raceDate=2026%2F09%2F20&k_raceNo=3
2026-09-20 13:41:51,13:41,2026-09-20,saga,3,三連複,2-3-8,0.0,0.0,80,https://www.keiba.go.jp/KeibaWeb/TodayRaceInfo/Odds3LenFuku?k_babaCode=32&k_raceDate=2026%2F09%2F20&k_raceNo=3
2026-09-20 13:41:51,13:41,2026-09-20,saga,3,三連複,2-5-9,0.0,0.0,80,https://www.keiba.go.jp/KeibaWeb/TodayRaceInfo/Odds3LenFuku?k_babaCode=32&k_raceDate=2026%2F09%2F20&k_raceNo=3
2026-09-20 13:41:51,13:41,2026-09-20,saga,3,三連複,2-6-8,0.0,0.0,80,https://www.keiba.go.jp/KeibaWeb/TodayRaceInfo/Odds3LenFuku?k_babaCode=32&k_raceDate=2026%2F09%2F20&k_raceNo=3
2026-09-20 13:41:51,13:41,2026-09-20,saga,3,三連複,2-6-9,0.0,0.0,80,https://www.keiba.go.jp/KeibaWeb/TodayRaceInfo/Odds3LenFuku?k_babaCode=32&k_raceDate=2026%2F09%2F20&k_raceNo=3
2026-09-20 13:41:51,13:41,2026-09-20,saga,3,三連複,3-5-8,0.0,0.0,80,https://www.keiba.go.jp/KeibaWeb/TodayRaceInfo/Odds3LenFuku?k_babaCode=32&k_raceDate=2026%2F09%2F20&k_raceNo=3
2026-09-20 13:41:51,13:41,2026-09-20,saga,3,三連複,3-6-8,0.0,0.0,80,https://www.keiba.go.jp/KeibaWeb/TodayRaceInfo/Odds3LenFuku?k_babaCode=32&k_raceDate=2026%2F09%2F20&k_raceNo=3
2026-09-20 13:41:51,13:41,2026-09-20,saga,3,三連複,3-8-9,0.0,0.0,80,https://www.keiba.go.jp/KeibaWeb/TodayRaceInfo/Odds3LenFuku?k_babaCode=32&k_raceDate=2026%2F09%2F20&k_raceNo=3
2026-09-20 13:41:51,13:41,2026-09-20,saga,3,三連複,3-8-10,0.0,0.0,80,https://www.keiba.go.jp/KeibaWeb/TodayRaceInfo/Odds3LenFuku?k_babaCode=32&k_raceDate=2026%2F09%2F20&k_raceNo=3
2026-09-20 13:41:51,13:41,2026-09-20,saga,3,三連複,4-5-8,0.0,0.0,80,https://www.keiba.go.jp/KeibaWeb/TodayRaceInfo/Odds3LenFuku?k_babaCode=32&k_raceDate=2026%2F09%2F20&k_raceNo=3
2026-09-20 13:41:51,13:41,2026-09-20,saga,3,三連複,5-6-7,0.0,0.0,80,https://www.keiba.go.jp/KeibaWeb/TodayRaceInfo/Odds3LenFuku?k_babaCode=32&k_raceDate=2026%2F09%2F20&k_raceNo=3
2026-09-20 13:41:51,13:41,2026-09-20,saga,3,三連複,5-6-8,0.0,0.0,80,https://www.keiba.go.jp/KeibaWeb/TodayRaceInfo/Odds3LenFuku?k_babaCode=32&k_raceDate=2026%2F09%2F20&k_raceNo=3
2026-09-20 13:41:51,13:41,2026-09-20,saga,3,三連複,5-7-8,0.0,0.0,80,https://www.keiba.go.jp/KeibaWeb/TodayRaceInfo/Odds3LenFuku?k_babaCode=32&k_raceDate=2026%2F09%2F20&k_raceNo=3
2026-09-20 13:41:51,13:41,2026-09-20,saga,3,三連複,5-7-9,0.0,0.0,80,https://www.keiba.go.jp/KeibaWeb/TodayRaceInfo/Odds3LenFuku?k_babaCode=32&k_raceDate=2026%2F09%2F20&k_raceNo=3
2026-09-20 13:41:51,13:41,2026-09-20,saga,3,三連複,5-8-9,0.0,0.0,80,https://www.keiba.go.jp/KeibaWeb/TodayRaceInfo/Odds3LenFuku?k_babaCode=32&k_raceDate=2026%2F09%2F20&k_raceNo=3
2026-09-20 13:41:51,13:41,2026-09-20,saga,3,三連複,6-7-8,0.0,0.0,80,https://www.keiba.go.jp/KeibaWeb/TodayRaceInfo/Odds3LenFuku?k_babaCode=32&k_raceDate=2026%2F09%2F20&k_raceNo=3
2026-09-20 13:41:51,13:41,2026-09-20,saga,3,三連複,6-7-9,0.0,0.0,80,https://www.keiba.go.jp/KeibaWeb/TodayRaceInfo/Odds3LenFuku?k_babaCode=32&k_raceDate=2026%2F09%2F20&k_raceNo=3
2026-09-20 13:41:51,13:41,2026-09-20,saga,3,三連複,6-8-9,0.0,0.0,80,https://www.keiba.go.jp/KeibaWeb/TodayRaceInfo/Odds3LenFuku?k_babaCode=32&k_raceDate=2026%2F09%2F20&k_raceNo=3
2026-09-20 13:41:51,13:41,2026-09-20,saga,4,馬連,3-10,7.4,7.4,1,https://www.keiba.go.jp/KeibaWeb/TodayRaceInfo/OddsUmLenFuku?k_babaCode=32&k_raceDate=2026%2F09%2F20&k_raceNo=4
2026-09-20 13:41:51,13:41,2026-09-20,saga,4,馬連,3-7,8.5,8.5,2,https://www.keiba.go.jp/KeibaWeb/TodayRaceInfo/OddsUmLenFuku?k_babaCode=32&k_raceDate=2026%2F09%2F20&k_raceNo=4
2026-09-20 13:41:51,13:41,2026-09-20,saga,4,馬連,4-10,8.5,8.5,2,https://www.keiba.go.jp/KeibaWeb/TodayRaceInfo/OddsUmLenFuku?k_babaCode=32&k_raceDate=2026%2F09%2F20&k_raceNo=4
2026-09-20 13:41:51,13:41,2026-09-20,saga,4,馬連,7-10,9.2,9.2,4,https://www.keiba.go.jp/KeibaWeb/TodayRaceInfo/OddsUmLenFuku?k_babaCode=32&k_raceDate=2026%2F09%2F20&k_raceNo=4
2026-09-20 13:41:51,13:41,2026-09-20,saga,4,馬連,3-4,11.1,11.1,5,https://www.keiba.go.jp/KeibaWeb/TodayRaceInfo/OddsUmLenFuku?k_babaCode=32&k_raceDate=2026%2F09%2F20&k_raceNo=4
2026-09-20 13:41:51,13:41,2026-09-20,saga,4,馬連,2-3,15.8,15.8,6,https://www.keiba.go.jp/KeibaWeb/TodayRaceInfo/OddsUmLenFuku?k_babaCode=32&k_raceDate=2026%2F09%2F20&k_raceNo=4
2026-09-20 13:41:51,13:41,2026-09-20,saga,4,馬連,2-4,15.8,15.8,6,https://www.keiba.go.jp/KeibaWeb/TodayRaceInfo/OddsUmLenFuku?k_babaCode=32&k_raceDate=2026%2F09%2F20&k_raceNo=4
2026-09-20 13:41:51,13:41,2026-09-20,saga,4,馬連,3-8,15.8,15.8,6,https://www.keiba.go.jp/KeibaWeb/TodayRaceInfo/OddsUmLenFuku?k_babaCode=32&k_raceDate=2026%2F09%2F20&k_raceNo=4
2026-09-20 13:41:51,13:41,2026-09-20,saga,4,馬連,1-3,22.2,22.2,9,https://www.keiba.go.jp/KeibaWeb/TodayRaceInfo/OddsUmLenFuku?k_babaCode=32&k_raceDate=2026%2F09%2F20&k_raceNo=4
2026-09-20 13:41:51,13:41,2026-09-20,saga,4,馬連,4-8,22.2,22.2,9,https://www.keiba.go.jp/KeibaWeb/TodayRaceInfo/OddsUmLenFuku?k_babaCode=32&k_raceDate=2026%2F09%2F20&k_raceNo=4
2026-09-20 13:41:51,13:41,2026-09-20,saga,4,馬連,8-10,22.2,22.2,9,https://www.keiba.go.jp/KeibaWeb/TodayRaceInfo/OddsUmLenFuku?k_babaCode=32&k_raceDate=2026%2F09%2F20&k_raceNo=4
2026-09-20 13:41:51,13:41,2026-09-20,saga,4,馬連,3-5,27.7,27.7,12,https://www.keiba.go.jp/KeibaWeb/TodayRaceInfo/OddsUmLenFuku?k_babaCode=32&k_raceDate=2026%2F09%2F20&k_raceNo=4
2026-09-20 13:41:51,13:41,2026-09-20,saga,4,馬連,4-5,27.7,27.7,12,https://www.keiba.go.jp/KeibaWeb/TodayRaceInfo/OddsUmLenFuku?k_babaCode=32&k_raceDate=2026%2F09%2F20&k_raceNo=4
2026-09-20 13:41:51,13:41,2026-09-20,saga,4,馬連,4-7,27.7,27.7,12,https://www.keiba.go.jp/KeibaWeb/TodayRaceInfo/OddsUmLenFuku?k_babaCode=32&k_raceDate=2026%2F09%2F20&k_raceNo=4
2026-09-20 13:41:51,13:41,2026-09-20,saga,4,馬連,5-8,27.7,27.7,12,https://www.keiba.go.jp/KeibaWeb/TodayRaceInfo/OddsUmLenFuku?k_babaCode=32&k_raceDate=2026%2F09%2F20&k_raceNo=4
2026-09-20 13:41:51,13:41,2026-09-20,saga,4,馬連,1-2,37.0,37.0,16,https://www.keiba.go.jp/KeibaWeb/TodayRaceInfo/OddsUmLenFuku?k_babaCode=32&k_raceDate=2026%2F09%2F20&k_raceNo=4
2026-09-20 13:41:51,13:41,2026-09-20,saga,4,馬連,9-10,37.0,37.0,16,https://www.keiba.go.jp/KeibaWeb/TodayRaceInfo/OddsUmLenFuku?k_babaCode=32&k_raceDate=2026%2F09%2F20&k_raceNo=4
2026-09-20 13:41:51,13:41,2026-09-20,saga,4,馬連,1-4,55.5,55.5,18,https://www.keiba.go.jp/KeibaWeb/TodayRaceInfo/OddsUmLenFuku?k_babaCode=32&k_raceDate=2026%2F09%2F20&k_raceNo=4
2026-09-20 13:41:51,13:41,2026-09-20,saga,4,馬連,1-7,55.5,55.5,18,https://www.keiba.go.jp/KeibaWeb/TodayRaceInfo/OddsUmLenFuku?k_babaCode=32&k_raceDate=2026%2F09%2F20&k_raceNo=4
2026-09-20 13:41:51,13:41,2026-09-20,saga,4,馬連,1-8,55.5,55.5,18,https://www.keiba.go.jp/KeibaWeb/TodayRaceInfo/OddsUmLenFuku?k_babaCode=32&k_raceDate=2026%2F09%2F20&k_raceNo=4
2026-09-20 13:41:51,13:41,2026-09-20,saga,4,馬連,1-10,55.5,55.5,18,https://www.keiba.go.jp/KeibaWeb/TodayRaceInfo/OddsUmLenFuku?k_babaCode=32&k_raceDate=2026%2F09%2F20&k_raceNo=4
2026-09-20 13:41:51,13:41,2026-09-20,saga,4,馬連,1-11,55.5,55.5,18,https://www.keiba.go.jp/KeibaWeb/TodayRaceInfo/OddsUmLenFuku?k_babaCode=32&k_raceDate=2026%2F09%2F20&k_raceNo=4
2026-09-20 13:41:51,13:41,2026-09-20,saga,4,馬連,2-7,55.5,55.5,18,https://www.keiba.go.jp/KeibaWeb/TodayRaceInfo/OddsUmLenFuku?k_babaCode=32&k_raceDate=2026%2F09%2F20&k_raceNo=4
2026-09-20 13:41:51,13:41,2026-09-20,saga,4,馬連,2-8,55.5,55.5,18,https://www.keiba.go.jp/KeibaWeb/TodayRaceInfo/OddsUmLenFuku?k_babaCode=32&k_raceDate=2026%2F09%2F20&k_raceNo=4
2026-09-20 13:41:51,13:41,2026-09-20,saga,4,馬連,2-9,55.5,55.5,18,https://www.keiba.go.jp/KeibaWeb/TodayRaceInfo/OddsUmLenFuku?k_babaCode=32&k_raceDate=2026%2F09%2F20&k_raceNo=4
2026-09-20 13:41:51,13:41,2026-09-20,saga,4,馬連,5-10,55.5,55.5,18,https://www.keiba.go.jp/KeibaWeb/TodayRaceInfo/OddsUmLenFuku?k_babaCode=32&k_raceDate=2026%2F09%2F20&k_raceNo=4
2026-09-20 13:41:51,13:41,2026-09-20,saga,4,馬連,1-5,111.0,111.0,27,https://www.keiba.go.jp/KeibaWeb/TodayRaceInfo/OddsUmLenFuku?k_babaCode=32&k_raceDate=2026%2F09%2F20&k_raceNo=4
2026-09-20 13:41:51,13:41,2026-09-20,saga,4,馬連,2-5,111.0,111.0,27,https://www.keiba.go.jp/KeibaWeb/TodayRaceInfo/OddsUmLenFuku?k_babaCode=32&k_raceDate=2026%2F09%2F20&k_raceNo=4
2026-09-20 13:41:51,13:41,2026-09-20,saga,4,馬連,2-6,111.0,111.0,27,https://www.keiba.go.jp/KeibaWeb/TodayRaceInfo/OddsUmLenFuku?k_babaCode=32&k_raceDate=2026%2F09%2F20&k_raceNo=4
2026-09-20 13:41:51,13:41,2026-09-20,saga,4,馬連,2-10,111.0,111.0,27,https://www.keiba.go.jp/KeibaWeb/TodayRaceInfo/OddsUmLenFuku?k_babaCode=32&k_raceDate=2026%2F09%2F20&k_raceNo=4
2026-09-20 13:41:51,13:41,2026-09-20,saga,4,馬連,4-9,111.0,111.0,27,https://www.keiba.go.jp/KeibaWeb/TodayRaceInfo/OddsUmLenFuku?k_babaCode=32&k_raceDate=2026%2F09%2F20&k_raceNo=4
2026-09-20 13:41:51,13:41,2026-09-20,saga,4,馬連,4-11,111.0,111.0,27,https://www.keiba.go.jp/KeibaWeb/TodayRaceInfo/OddsUmLenFuku?k_babaCode=32&k_raceDate=2026%2F09%2F20&k_raceNo=4
2026-09-20 13:41:51,13:41,2026-09-20,saga,4,馬連,5-7,111.0,111.0,27,https://www.keiba.go.jp/KeibaWeb/TodayRaceInfo/OddsUmLenFuku?k_babaCode=32&k_raceDate=2026%2F09%2F20&k_raceNo=4
2026-09-20 13:41:51,13:41,2026-09-20,saga,4,馬連,7-8,111.0,111.0,27,https://www.keiba.go.jp/KeibaWeb/TodayRaceInfo/OddsUmLenFuku?k_babaCode=32&k_raceDate=2026%2F09%2F20&k_raceNo=4
2026-09-20 13:41:51,13:41,2026-09-20,saga,4,馬連,8-11,111.0,111.0,27,https://www.keiba.go.jp/KeibaWeb/TodayRaceInfo/OddsUmLenFuku?k_babaCode=32&k_raceDate=2026%2F09%2F20&k_raceNo=4
2026-09-20 13:41:51,13:41,2026-09-20,saga,4,馬連,1-6,0.0,0.0,36,https://www.keiba.go.jp/KeibaWeb/TodayRaceInfo/OddsUmLenFuku?k_babaCode=32&k_raceDate=2026%2F09%2F20&k_raceNo=4
2026-09-20 13:41:51,13:41,2026-09-20,saga,4,馬連,1-9,0.0,0.0,36,https://www.keiba.go.jp/KeibaWeb/TodayRaceInfo/OddsUmLenFuku?k_babaCode=32&k_raceDate=2026%2F09%2F20&k_raceNo=4
2026-09-20 13:41:51,13:41,2026-09-20,saga,4,馬連,2-11,0.0,0.0,36,https://www.keiba.go.jp/KeibaWeb/TodayRaceInfo/OddsUmLenFuku?k_babaCode=32&k_raceDate=2026%2F09%2F20&k_raceNo=4
2026-09-20 13:41:51,13:41,2026-09-20,saga,4,馬連,3-6,0.0,0.0,36,https://www.keiba.go.jp/KeibaWeb/TodayRaceInfo/OddsUmLenFuku?k_babaCode=32&k_raceDate=2026%2F09%2F20&k_raceNo=4
2026-09-20 13:41:51,13:41,2026-09-20,saga,4,馬連,3-9,0.0,0.0,36,https://www.keiba.go.jp/KeibaWeb/TodayRaceInfo/OddsUmLenFuku?k_babaCode=32&k_raceDate=2026%2F09%2F20&k_raceNo=4
2026-09-20 13:41:51,13:41,2026-09-20,saga,4,馬連,3-11,0.0,0.0,36,https://www.keiba.go.jp/KeibaWeb/TodayRaceInfo/OddsUmLenFuku?k_babaCode=32&k_raceDate=2026%2F09%2F20&k_raceNo=4
2026-09-20 13:41:51,13:41,2026-09-20,saga,4,馬連,4-6,0.0,0.0,36,https://www.keiba.go.jp/KeibaWeb/TodayRaceInfo/OddsUmLenFuku?k_babaCode=32&k_raceDate=2026%2F09%2F20&k_raceNo=4
2026-09-20 13:41:51,13:41,2026-09-20,saga,4,馬連,5-6,0.0,0.0,36,https://www.keiba.go.jp/KeibaWeb/TodayRaceInfo/OddsUmLenFuku?k_babaCode=32&k_raceDate=2026%2F09%2F20&k_raceNo=4
2026-09-20 13:41:51,13:41,2026-09-20,saga,4,馬連,5-9,0.0,0.0,36,https://www.keiba.go.jp/KeibaWeb/TodayRaceInfo/OddsUmLenFuku?k_babaCode=32&k_raceDate=2026%2F09%2F20&k_raceNo=4
2026-09-20 13:41:51,13:41,2026-09-20,saga,4,馬連,5-11,0.0,0.0,36,https://www.keiba.go.jp/KeibaWeb/TodayRaceInfo/OddsUmLenFuku?k_babaCode=32&k_raceDate=2026%2F09%2F20&k_raceNo=4
2026-09-20 13:41:51,13:41,2026-09-20,saga,4,馬連,6-7,0.0,0.0,36,https://www.keiba.go.jp/KeibaWeb/TodayRaceInfo/OddsUmLenFuku?k_babaCode=32&k_raceDate=2026%2F09%2F20&k_raceNo=4
2026-09-20 13:41:51,13:41,2026-09-20,saga,4,馬連,6-8,0.0,0.0,36,https://www.keiba.go.jp/KeibaWeb/TodayRaceInfo/OddsUmLenFuku?k_babaCode=32&k_raceDate=2026%2F09%2F20&k_raceNo=4
2026-09-20 13:41:51,13:41,2026-09-20,saga,4,馬連,6-9,0.0,0.0,36,https://www.keiba.go.jp/KeibaWeb/TodayRaceInfo/OddsUmLenFuku?k_babaCode=32&k_raceDate=2026%2F09%2F20&k_raceNo=4
2026-09-20 13:41:51,13:41,2026-09-20,saga,4,馬連,6-10,0.0,0.0,36,https://www.keiba.go.jp/KeibaWeb/TodayRaceInfo/OddsUmLenFuku?k_babaCode=32&k_raceDate=2026%2F09%2F20&k_raceNo=4
2026-09-20 13:41:51,13:41,2026-09-20,saga,4,馬連,6-11,0.0,0.0,36,https://www.keiba.go.jp/KeibaWeb/TodayRaceInfo/OddsUmLenFuku?k_babaCode=32&k_raceDate=2026%2F09%2F20&k_raceNo=4
2026-09-20 13:41:51,13:41,2026-09-20,saga,4,馬連,7-9,0.0,0.0,36,https://www.keiba.go.jp/KeibaWeb/TodayRaceInfo/OddsUmLenFuku?k_babaCode=32&k_raceDate=2026%2F09%2F20&k_raceNo=4
2026-09-20 13:41:51,13:41,2026-09-20,saga,4,馬連,7-11,0.0,0.0,36,https://www.keiba.go.jp/KeibaWeb/TodayRaceInfo/OddsUmLenFuku?k_babaCode=32&k_raceDate=2026%2F09%2F20&k_raceNo=4
2026-09-20 13:41:51,13:41,2026-09-20,saga,4,馬連,8-9,0.0,0.0,36,https://www.keiba.go.jp/KeibaWeb/TodayRaceInfo/OddsUmLenFuku?k_babaCode=32&k_raceDate=2026%2F09%2F20&k_raceNo=4
2026-09-20 13:41:51,13:41,2026-09-20,saga,4,馬連,9-11,0.0,0.0,36,https://www.keiba.go.jp/KeibaWeb/TodayRaceInfo/OddsUmLenFuku?k_babaCode=32&k_raceDate=2026%2F09%2F20&k_raceNo=4
2026-09-20 13:41:51,13:41,2026-09-20,saga,4,馬連,10-11,0.0,0.0,36,https://www.keiba.go.jp/KeibaWeb/TodayRaceInfo/OddsUmLenFuku?k_babaCode=32&k_raceDate=2026%2F09%2F20&k_raceNo=4
2026-09-20 13:41:51,13:41,2026-09-20,saga,4,ワイド,4-10,1.4,1.6,1,https://www.keiba.go.jp/KeibaWeb/TodayRaceInfo/OddsWide?k_babaCode=32&k_raceDate=2026%2F09%2F20&k_raceNo=4
2026-09-20 13:41:51,13:41,2026-09-20,saga,4,ワイド,3-4,1.6,2.0,2,https://www.keiba.go.jp/KeibaWeb/TodayRaceInfo/OddsWide?k_babaCode=32&k_raceDate=2026%2F09%2F20&k_raceNo=4
2026-09-20 13:41:51,13:41,2026-09-20,saga,4,ワイド,3-8,3.1,3.8,3,https://www.keiba.go.jp/KeibaWeb/TodayRaceInfo/OddsWide?k_babaCode=32&k_raceDate=2026%2F09%2F20&k_raceNo=4
2026-09-20 13:41:51,13:41,2026-09-20,saga,4,ワイド,1-3,3.7,4.4,4,https://www.keiba.go.jp/KeibaWeb/TodayRaceInfo/OddsWide?k_babaCode=32&k_raceDate=2026%2F09%2F20&k_raceNo=4
2026-09-20 13:41:51,13:41,2026-09-20,saga,4,ワイド,2-4,5.1,6.6,5,https://www.keiba.go.jp/KeibaWeb/TodayRaceInfo/OddsWide?k_babaCode=32&k_raceDate=2026%2F09%2F20&k_raceNo=4
2026-09-20 13:41:51,13:41,2026-09-20,saga,4,ワイド,4-5,5.3,6.6,6,https://www.keiba.go.jp/KeibaWeb/TodayRaceInfo/OddsWide?k_babaCode=32&k_raceDate=2026%2F09%2F20&k_raceNo=4
2026-09-20 13:41:51,13:41,2026-09-20,saga,4,ワイド,4-8,6.0,7.6,7,https://www.keiba.go.jp/KeibaWeb/TodayRaceInfo/OddsWide?k_babaCode=32&k_raceDate=2026%2F09%2F20&k_raceNo=4
2026-09-20 13:41:51,13:41,2026-09-20,saga,4,ワイド,2-10,6.9,9.1,8,https://www.keiba.go.jp/KeibaWeb/TodayRaceInfo/OddsWide?k_babaCode=32&k_raceDate=2026%2F09%2F20&k_raceNo=4
2026-09-20 13:41:51,13:41,2026-09-20,saga,4,ワイド,1-4,7.2,9.1,9,https://www.keiba.go.jp/KeibaWeb/TodayRaceInfo/OddsWide?k_babaCode=32&k_raceDate=2026%2F09%2F20&k_raceNo=4
2026-09-20 13:41:51,13:41,2026-09-20,saga,4,ワイド,1-8,8.0,9.1,10,https://www.keiba.go.jp/KeibaWeb/TodayRaceInfo/OddsWide?k_babaCode=32&k_raceDate=2026%2F09%2F20&k_raceNo=4
2026-09-20 13:41:51,13:41,2026-09-20,saga,4,ワイド,2-9,10.7,11.3,11,https://www.keiba.go.jp/KeibaWeb/TodayRaceInfo/OddsWide?k_babaCode=32&k_raceDate=2026%2F09%2F20&k_raceNo=4
2026-09-20 13:41:51,13:41,2026-09-20,saga,4,ワイド,2-7,10.8,11.3,12,https://www.keiba.go.jp/KeibaWeb/TodayRaceInfo/OddsWide?k_babaCode=32&k_raceDate=2026%2F09%2F20&k_raceNo=4
2026-09-20 13:41:51,13:41,2026-09-20,saga,4,ワイド,4-9,11.7,14.9,13,https://www.keiba.go.jp/KeibaWeb/TodayRaceInfo/OddsWide?k_babaCode=32&k_raceDate=2026%2F09%2F20&k_raceNo=4
2026-09-20 13:41:51,13:41,2026-09-20,saga,4,ワイド,3-5,12.0,15.0,14,https://www.keiba.go.jp/KeibaWeb/TodayRaceInfo/OddsWide?k_babaCode=32&k_raceDate=2026%2F09%2F20&k_raceNo=4
2026-09-20 13:41:51,13:41,2026-09-20,saga,4,ワイド,2-8,13.7,14.8,15,https://www.keiba.go.jp/KeibaWeb/TodayRaceInfo/OddsWide?k_babaCode=32&k_raceDate=2026%2F09%2F20&k_raceNo=4
2026-09-20 13:41:51,13:41,2026-09-20,saga,4,ワイド,8-11,13.9,14.9,16,https://www.keiba.go.jp/KeibaWeb/TodayRaceInfo/OddsWide?k_babaCode=32&k_raceDate=2026%2F09%2F20&k_raceNo=4
2026-09-20 13:41:51,13:41,2026-09-20,saga,4,ワイド,3-10,14.0,22.2,17,https://www.keiba.go.jp/KeibaWeb/TodayRaceInfo/OddsWide?k_babaCode=32&k_raceDate=2026%2F09%2F20&k_raceNo=4
2026-09-20 13:41:51,13:41,2026-09-20,saga,4,ワイド,1-10,16.8,22.2,18,https://www.keiba.go.jp/KeibaWeb/TodayRaceInfo/OddsWide?k_babaCode=32&k_raceDate=2026%2F09%2F20&k_raceNo=4
2026-09-20 13:41:51,13:41,2026-09-20,saga,4,ワイド,4-6,17.3,22.1,19,https://www.keiba.go.jp/KeibaWeb/TodayRaceInfo/OddsWide?k_babaCode=32&k_raceDate=2026%2F09%2F20&k_raceNo=4
2026-09-20 13:41:51,13:41,2026-09-20,saga,4,ワイド,2-3,17.8,22.1,20,https://www.keiba.go.jp/KeibaWeb/TodayRaceInfo/OddsWide?k_babaCode=32&k_raceDate=2026%2F09%2F20&k_raceNo=4
2026-09-20 13:41:51,13:41,2026-09-20,saga,4,ワイド,6-8,20.5,22.1,21,https://www.keiba.go.jp/KeibaWeb/TodayRaceInfo/OddsWide?k_babaCode=32&k_raceDate=2026%2F09%2F20&k_raceNo=4
2026-09-20 13:41:51,13:41,2026-09-20,saga,4,ワイド,8-9,20.6,22.1,22,https://www.keiba.go.jp/KeibaWeb/TodayRaceInfo/OddsWide?k_babaCode=32&k_raceDate=2026%2F09%2F20&k_raceNo=4
2026-09-20 13:41:51,13:41,2026-09-20,saga,4,ワイド,8-10,33.0,43.7,23,https://www.keiba.go.jp/KeibaWeb/TodayRaceInfo/OddsWide?k_babaCode=32&k_raceDate=2026%2F09%2F20&k_raceNo=4
2026-09-20 13:41:51,13:41,2026-09-20,saga,4,ワイド,9-10,33.7,44.0,24,https://www.keiba.go.jp/KeibaWeb/TodayRaceInfo/OddsWide?k_babaCode=32&k_raceDate=2026%2F09%2F20&k_raceNo=4
2026-09-20 13:41:51,13:41,2026-09-20,saga,4,ワイド,6-10,34.0,44.0,25,https://www.keiba.go.jp/KeibaWeb/TodayRaceInfo/OddsWide?k_babaCode=32&k_raceDate=2026%2F09%2F20&k_raceNo=4
2026-09-20 13:41:51,13:41,2026-09-20,saga,4,ワイド,4-7,34.5,43.5,26,https://www.keiba.go.jp/KeibaWeb/TodayRaceInfo/OddsWide?k_babaCode=32&k_raceDate=2026%2F09%2F20&k_raceNo=4
2026-09-20 13:41:51,13:41,2026-09-20,saga,4,ワイド,4-11,34.5,43.5,26,https://www.keiba.go.jp/KeibaWeb/TodayRaceInfo/OddsWide?k_babaCode=32&k_raceDate=2026%2F09%2F20&k_raceNo=4
2026-09-20 13:41:51,13:41,2026-09-20,saga,4,ワイド,3-6,36.5,44.0,28,https://www.keiba.go.jp/KeibaWeb/TodayRaceInfo/OddsWide?k_babaCode=32&k_raceDate=2026%2F09%2F20&k_raceNo=4
2026-09-20 13:41:51,13:41,2026-09-20,saga,4,ワイド,3-7,36.7,44.0,29,https://www.keiba.go.jp/KeibaWeb/TodayRaceInfo/OddsWide?k_babaCode=32&k_raceDate=2026%2F09%2F20&k_raceNo=4
2026-09-20 13:41:51,13:41,2026-09-20,saga,4,ワイド,5-8,40.0,43.7,30,https://www.keiba.go.jp/KeibaWeb/TodayRaceInfo/OddsWide?k_babaCode=32&k_raceDate=2026%2F09%2F20&k_raceNo=4
2026-09-20 13:41:51,13:41,2026-09-20,saga,4,ワイド,2-5,40.5,43.7,31,https://www.keiba.go.jp/KeibaWeb/TodayRaceInfo/OddsWide?k_babaCode=32&k_raceDate=2026%2F09%2F20&k_raceNo=4
2026-09-20 13:41:51,13:41,2026-09-20,saga,4,ワイド,7-8,40.5,43.7,31,https://www.keiba.go.jp/KeibaWeb/TodayRaceInfo/OddsWide?k_babaCode=32&k_raceDate=2026%2F09%2F20&k_raceNo=4
2026-09-20 13:41:51,13:41,2026-09-20,saga,4,ワイド,1-5,40.5,44.0,33,https://www.keiba.go.jp/KeibaWeb/TodayRaceInfo/OddsWide?k_babaCode=32&k_raceDate=2026%2F09%2F20&k_raceNo=4
2026-09-20 13:41:51,13:41,2026-09-20,saga,4,ワイド,1-2,40.7,43.7,34,https://www.keiba.go.jp/KeibaWeb/TodayRaceInfo/OddsWide?k_babaCode=32&k_raceDate=2026%2F09%2F20&k_raceNo=4
2026-09-20 13:41:51,13:41,2026-09-20,saga,4,ワイド,1-11,41.2,44.0,35,https://www.keiba.go.jp/KeibaWeb/TodayRaceInfo/OddsWide?k_babaCode=32&k_raceDate=2026%2F09%2F20&k_raceNo=4
2026-09-20 13:41:51,13:41,2026-09-20,saga,4,ワイド,2-6,41.7,43.7,36,https://www.keiba.go.jp/KeibaWeb/TodayRaceInfo/OddsWide?k_babaCode=32&k_raceDate=2026%2F09%2F20&k_raceNo=4
2026-09-20 13:41:51,13:41,2026-09-20,saga,4,ワイド,5-6,41.7,44.0,37,https://www.keiba.go.jp/KeibaWeb/TodayRaceInfo/OddsWide?k_babaCode=32&k_raceDate=2026%2F09%2F20&k_raceNo=4
2026-09-20 13:41:51,13:41,2026-09-20,saga,4,ワイド,2-11,42.0,43.7,38,https://www.keiba.go.jp/KeibaWeb/TodayRaceInfo/OddsWide?k_babaCode=32&k_raceDate=2026%2F09%2F20&k_raceNo=4
2026-09-20 13:41:51,13:41,2026-09-20,saga,4,ワイド,7-11,42.7,44.0,39,https://www.keiba.go.jp/KeibaWeb/TodayRaceInfo/OddsWide?k_babaCode=32&k_raceDate=2026%2F09%2F20&k_raceNo=4
2026-09-20 13:41:51,13:41,2026-09-20,saga,4,ワイド,1-6,0.0,0.0,40,https://www.keiba.go.jp/KeibaWeb/TodayRaceInfo/OddsWide?k_babaCode=32&k_raceDate=2026%2F09%2F20&k_raceNo=4
2026-09-20 13:41:51,13:41,2026-09-20,saga,4,ワイド,1-7,0.0,0.0,40,https://www.keiba.go.jp/KeibaWeb/TodayRaceInfo/OddsWide?k_babaCode=32&k_raceDate=2026%2F09%2F20&k_raceNo=4
2026-09-20 13:41:51,13:41,2026-09-20,saga,4,ワイド,1-9,0.0,0.0,40,https://www.keiba.go.jp/KeibaWeb/TodayRaceInfo/OddsWide?k_babaCode=32&k_raceDate=2026%2F09%2F20&k_raceNo=4
2026-09-20 13:41:51,13:41,2026-09-20,saga,4,ワイド,3-9,0.0,0.0,40,https://www.keiba.go.jp/KeibaWeb/TodayRaceInfo/OddsWide?k_babaCode=32&k_raceDate=2026%2F09%2F20&k_raceNo=4
2026-09-20 13:41:51,13:41,2026-09-20,saga,4,ワイド,3-11,0.0,0.0,40,https://www.keiba.go.jp/KeibaWeb/TodayRaceInfo/OddsWide?k_babaCode=32&k_raceDate=2026%2F09%2F20&k_raceNo=4
2026-09-20 13:41:51,13:41,2026-09-20,saga,4,ワイド,5-7,0.0,0.0,40,https://www.keiba.go.jp/KeibaWeb/TodayRaceInfo/OddsWide?k_babaCode=32&k_raceDate=2026%2F09%2F20&k_raceNo=4
2026-09-20 13:41:51,13:41,2026-09-20,saga,4,ワイド,5-9,0.0,0.0,40,https://www.keiba.go.jp/KeibaWeb/TodayRaceInfo/OddsWide?k_babaCode=32&k_raceDate=2026%2F09%2F20&k_raceNo=4
2026-09-20 13:41:51,13:41,2026-09-20,saga,4,ワイド,5-10,0.0,0.0,40,https://www.keiba.go.jp/KeibaWeb/TodayRaceInfo/OddsWide?k_babaCode=32&k_raceDate=2026%2F09%2F20&k_raceNo=4
2026-09-20 13:41:51,13:41,2026-09-20,saga,4,ワイド,5-11,0.0,0.0,40,https://www.keiba.go.jp/KeibaWeb/TodayRaceInfo/OddsWide?k_babaCode=32&k_raceDate=2026%2F09%2F20&k_raceNo=4
2026-09-20 13:41:51,13:41,2026-09-20,saga,4,ワイド,6-7,0.0,0.0,40,https://www.keiba.go.jp/KeibaWeb/TodayRaceInfo/OddsWide?k_babaCode=32&k_raceDate=2026%2F09%2F20&k_raceNo=4
2026-09-20 13:41:51,13:41,2026-09-20,saga,4,ワイド,6-9,0.0,0.0,40,https://www.keiba.go.jp/KeibaWeb/TodayRaceInfo/OddsWide?k_babaCode=32&k_raceDate=2026%2F09%2F20&k_raceNo=4
2026-09-20 13:41:51,13:41,2026-09-20,saga,4,ワイド,6-11,0.0,0.0,40,https://www.keiba.go.jp/KeibaWeb/TodayRaceInfo/OddsWide?k_babaCode=32&k_raceDate=2026%2F09%2F20&k_raceNo=4
2026-09-20 13:41:51,13:41,2026-09-20,saga,4,ワイド,7-9,0.0,0.0,40,https://www.keiba.go.jp/KeibaWeb/TodayRaceInfo/OddsWide?k_babaCode=32&k_raceDate=2026%2F09%2F20&k_raceNo=4
2026-09-20 13:41:51,13:41,2026-09-20,saga,4,ワイド,7-10,0.0,0.0,40,https://www.keiba.go.jp/KeibaWeb/TodayRaceInfo/OddsWide?k_babaCode=32&k_raceDate=2026%2F09%2F20&k_raceNo=4
2026-09-20 13:41:51,13:41,2026-09-20,saga,4,ワイド,9-11,0.0,0.0,40,https://www.keiba.go.jp/KeibaWeb/TodayRaceInfo/OddsWide?k_babaCode=32&k_raceDate=2026%2F09%2F20&k_raceNo=4
2026-09-20 13:41:51,13:41,2026-09-20,saga,4,ワイド,10-11,0.0,0.0,40,https://www.keiba.go.jp/KeibaWeb/TodayRaceInfo/OddsWide?k_babaCode=32&k_raceDate=2026%2F09%2F20&k_raceNo=4
2026-09-20 13:41:51,13:41,2026-09-20,saga,4,三連複,3-4-8,6.1,6.1,1,https://www.keiba.go.jp/KeibaWeb/TodayRaceInfo/Odds3LenFuku?k_babaCode=32&k_raceDate=2026%2F09%2F20&k_raceNo=4
2026-09-20 13:41:51,13:41,2026-09-20,saga,4,三連複,3-4-10,11.9,11.9,2,https://www.keiba.go.jp/KeibaWeb/TodayRaceInfo/Odds3LenFuku?k_babaCode=32&k_raceDate=2026%2F09%2F20&k_raceNo=4
2026-09-20 13:41:51,13:41,2026-09-20,saga,4,三連複,2-3-4,14.3,14.3,3,https://www.keiba.go.jp/KeibaWeb/TodayRaceInfo/Odds3LenFuku?k_babaCode=32&k_raceDate=2026%2F09%2F20&k_raceNo=4
2026-09-20 13:41:51,13:41,2026-09-20,saga,4,三連複,1-3-4,15.1,15.1,4,https://www.keiba.go.jp/KeibaWeb/TodayRaceInfo/Odds3LenFuku?k_babaCode=32&k_raceDate=2026%2F09%2F20&k_raceNo=4
2026-09-20 13:41:51,13:41,2026-09-20,saga,4,三連複,3-4-5,16.8,16.8,5,https://www.keiba.go.jp/KeibaWeb/TodayRaceInfo/Odds3LenFuku?k_babaCode=32&k_raceDate=2026%2F09%2F20&k_raceNo=4
2026-09-20 13:41:51,13:41,2026-09-20,saga,4,三連複,4-8-10,19.1,19.1,6,https://www.keiba.go.jp/KeibaWeb/TodayRaceInfo/Odds3LenFuku?k_babaCode=32&k_raceDate=2026%2F09%2F20&k_raceNo=4
2026-09-20 13:41:51,13:41,2026-09-20,saga,4,三連複,1-4-8,22.0,22.0,7,https://www.keiba.go.jp/KeibaWeb/TodayRaceInfo/Odds3LenFuku?k_babaCode=32&k_raceDate=2026%2F09%2F20&k_raceNo=4
2026-09-20 13:41:51,13:41,2026-09-20,saga,4,三連複,1-4-10,22.0,22.0,7,https://www.keiba.go.jp/KeibaWeb/TodayRaceInfo/Odds3LenFuku?k_babaCode=32&k_raceDate=2026%2F09%2F20&k_raceNo=4
2026-09-20 13:41:51,13:41,2026-09-20,saga,4,三連複,4-7-8,23.9,23.9,9,https://www.keiba.go.jp/KeibaWeb/TodayRaceInfo/Odds3LenFuku?k_babaCode=32&k_raceDate=2026%2F09%2F20&k_raceNo=4
2026-09-20 13:41:51,13:41,2026-09-20,saga,4,三連複,1-4-5,26.1,26.1,10,https://www.keiba.go.jp/KeibaWeb/TodayRaceInfo/Odds3LenFuku?k_babaCode=32&k_raceDate=2026%2F09%2F20&k_raceNo=4
2026-09-20 13:41:51,13:41,2026-09-20,saga,4,三連複,1-2-3,28.7,28.7,11,https://www.keiba.go.jp/KeibaWeb/TodayRaceInfo/Odds3LenFuku?k_babaCode=32&k_raceDate=2026%2F09%2F20&k_raceNo=4
2026-09-20 13:41:51,13:41,2026-09-20,saga,4,三連複,1-4-7,28.7,28.7,11,https://www.keiba.go.jp/KeibaWeb/TodayRaceInfo/Odds3LenFuku?k_babaCode=32&k_raceDate=2026%2F09%2F20&k_raceNo=4
2026-09-20 13:41:51,13:41,2026-09-20,saga,4,三連複,2-3-10,28.7,28.7,11,https://www.keiba.go.jp/KeibaWeb/TodayRaceInfo/Odds3LenFuku?k_babaCode=32&k_raceDate=2026%2F09%2F20&k_raceNo=4
2026-09-20 13:41:51,13:41,2026-09-20,saga,4,三連複,2-4-8,31.9,31.9,14,https://www.keiba.go.jp/KeibaWeb/TodayRaceInfo/Odds3LenFuku?k_babaCode=32&k_raceDate=2026%2F09%2F20&k_raceNo=4
2026-09-20 13:41:51,13:41,2026-09-20,saga,4,三連複,3-8-10,31.9,31.9,14,https://www.keiba.go.jp/KeibaWeb/TodayRaceInfo/Odds3LenFuku?k_babaCode=32&k_raceDate=2026%2F09%2F20&k_raceNo=4
2026-09-20 13:41:51,13:41,2026-09-20,saga,4,三連複,1-2-4,35.8,35.8,16,https://www.keiba.go.jp/KeibaWeb/TodayRaceInfo/Odds3LenFuku?k_babaCode=32&k_raceDate=2026%2F09%2F20&k_raceNo=4
2026-09-20 13:41:51,13:41,2026-09-20,saga,4,三連複,2-4-10,41.0,41.0,17,https://www.keiba.go.jp/KeibaWeb/TodayRaceInfo/Odds3LenFuku?k_babaCode=32&k_raceDate=2026%2F09%2F20&k_raceNo=4
2026-09-20 13:41:51,13:41,2026-09-20,saga,4,三連複,2-3-7,47.8,47.8,18,https://www.keiba.go.jp/KeibaWeb/TodayRaceInfo/Odds3LenFuku?k_babaCode=32&k_raceDate=2026%2F09%2F20&k_raceNo=4
2026-09-20 13:41:51,13:41,2026-09-20,saga,4,三連複,3-5-8,47.8,47.8,18,https://www.keiba.go.jp/KeibaWeb/TodayRaceInfo/Odds3LenFuku?k_babaCode=32&k_raceDate=2026%2F09%2F20&k_raceNo=4
2026-09-20 13:41:51,13:41,2026-09-20,saga,4,三連複,3-4-7,57.4,57.4,20,https://www.keiba.go.jp/KeibaWeb/TodayRaceInfo/Odds3LenFuku?k_babaCode=32&k_raceDate=2026%2F09%2F20&k_raceNo=4
2026-09-20 13:41:51,13:41,2026-09-20,saga,4,三連複,4-5-7,57.4,57.4,20,https://www.keiba.go.jp/KeibaWeb/TodayRaceInfo/Odds3LenFuku?k_babaCode=32&k_raceDate=2026%2F09%2F20&k_raceNo=4
2026-09-20 13:41:51,13:41,2026-09-20,saga,4,三連複,4-5-8,57.4,57.4,20,https://www.keiba.go.jp/KeibaWeb/TodayRaceInfo/Odds3LenFuku?k_babaCode=32&k_raceDate=2026%2F09%2F20&k_raceNo=4
2026-09-20 13:41:51,13:41,2026-09-20,saga,4,三連複,4-5-10,57.4,57.4,20,https://www.keiba.go.jp/KeibaWeb/TodayRaceInfo/Odds3LenFuku?k_babaCode=32&k_raceDate=2026%2F09%2F20&k_raceNo=4
2026-09-20 13:41:51,13:41,2026-09-20,saga,4,三連複,1-3-8,71.7,71.7,24,https://www.keiba.go.jp/KeibaWeb/TodayRaceInfo/Odds3LenFuku?k_babaCode=32&k_raceDate=2026%2F09%2F20&k_raceNo=4
2026-09-20 13:41:51,13:41,2026-09-20,saga,4,三連複,2-4-5,71.7,71.7,24,https://www.keiba.go.jp/KeibaWeb/TodayRaceInfo/Odds3LenFuku?k_babaCode=32&k_raceDate=2026%2F09%2F20&k_raceNo=4
2026-09-20 13:41:51,13:41,2026-09-20,saga,4,三連複,2-4-9,71.7,71.7,24,https://www.keiba.go.jp/KeibaWeb/TodayRaceInfo/Odds3LenFuku?k_babaCode=32&k_raceDate=2026%2F09%2F20&k_raceNo=4
2026-09-20 13:41:51,13:41,2026-09-20,saga,4,三連複,3-5-10,71.7,71.7,24,https://www.keiba.go.jp/KeibaWeb/TodayRaceInfo/Odds3LenFuku?k_babaCode=32&k_raceDate=2026%2F09%2F20&k_raceNo=4
2026-09-20 13:41:51,13:41,2026-09-20,saga,4,三連複,4-7-10,71.7,71.7,24,https://www.keiba.go.jp/KeibaWeb/TodayRaceInfo/Odds3LenFuku?k_babaCode=32&k_raceDate=2026%2F09%2F20&k_raceNo=4
2026-09-20 13:41:51,13:41,2026-09-20,saga,4,三連複,7-8-10,71.7,71.7,24,https://www.keiba.go.jp/KeibaWeb/TodayRaceInfo/Odds3LenFuku?k_babaCode=32&k_raceDate=2026%2F09%2F20&k_raceNo=4
2026-09-20 13:41:51,13:41,2026-09-20,saga,4,三連複,8-9-10,71.7,71.7,24,https://www.keiba.go.jp/KeibaWeb/TodayRaceInfo/Odds3LenFuku?k_babaCode=32&k_raceDate=2026%2F09%2F20&k_raceNo=4
2026-09-20 13:41:51,13:41,2026-09-20,saga,4,三連複,1-3-10,95.7,95.7,31,https://www.keiba.go.jp/KeibaWeb/TodayRaceInfo/Odds3LenFuku?k_babaCode=32&k_raceDate=2026%2F09%2F20&k_raceNo=4
2026-09-20 13:41:51,13:41,2026-09-20,saga,4,三連複,2-3-5,95.7,95.7,31,https://www.keiba.go.jp/KeibaWeb/TodayRaceInfo/Odds3LenFuku?k_babaCode=32&k_raceDate=2026%2F09%2F20&k_raceNo=4
2026-09-20 13:41:51,13:41,2026-09-20,saga,4,三連複,2-3-8,95.7,95.7,31,https://www.keiba.go.jp/KeibaWeb/TodayRaceInfo/Odds3LenFuku?k_babaCode=32&k_raceDate=2026%2F09%2F20&k_raceNo=4
2026-09-20 13:41:51,13:41,2026-09-20,saga,4,三連複,2-7-10,95.7,95.7,31,https://www.keiba.go.jp/KeibaWeb/TodayRaceInfo/Odds3LenFuku?k_babaCode=32&k_raceDate=2026%2F09%2F20&k_raceNo=4
2026-09-20 13:41:51,13:41,2026-09-20,saga,4,三連複,3-4-9,95.7,95.7,31,https://www.keiba.go.jp/KeibaWeb/TodayRaceInfo/Odds3LenFuku?k_babaCode=32&k_raceDate=2026%2F09%2F20&k_raceNo=4
2026-09-20 13:41:51,13:41,2026-09-20,saga,4,三連複,4-8-11,95.7,95.7,31,https://www.keiba.go.jp/KeibaWeb/TodayRaceInfo/Odds3LenFuku?k_babaCode=32&k_raceDate=2026%2F09%2F20&k_raceNo=4
2026-09-20 13:41:51,13:41,2026-09-20,saga,4,三連複,5-8-10,95.7,95.7,31,https://www.keiba.go.jp/KeibaWeb/TodayRaceInfo/Odds3LenFuku?k_babaCode=32&k_raceDate=2026%2F09%2F20&k_raceNo=4
2026-09-20 13:41:51,13:41,2026-09-20,saga,4,三連複,1-2-6,143.5,143.5,38,https://www.keiba.go.jp/KeibaWeb/TodayRaceInfo/Odds3LenFuku?k_babaCode=32&k_raceDate=2026%2F09%2F20&k_raceNo=4
2026-09-20 13:41:51,13:41,2026-09-20,saga,4,三連複,1-2-10,143.5,143.5,38,https://www.keiba.go.jp/KeibaWeb/TodayRaceInfo/Odds3LenFuku?k_babaCode=32&k_raceDate=2026%2F09%2F20&k_raceNo=4
2026-09-20 13:41:51,13:41,2026-09-20,saga,4,三連複,1-3-7,143.5,143.5,38,https://www.keiba.go.jp/KeibaWeb/TodayRaceInfo/Odds3LenFuku?k_babaCode=32&k_raceDate=2026%2F09%2F20&k_raceNo=4
2026-09-20 13:41:51,13:41,2026-09-20,saga,4,三連複,1-4-9,143.5,143.5,38,https://www.keiba.go.jp/KeibaWeb/TodayRaceInfo/Odds3LenFuku?k_babaCode=32&k_raceDate=2026%2F09%2F20&k_raceNo=4
2026-09-20 13:41:51,13:41,2026-09-20,saga,4,三連複,1-4-11,143.5,143.5,38,https://www.keiba.go.jp/KeibaWeb/TodayRaceInfo/Odds3LenFuku?k_babaCode=32&k_raceDate=2026%2F09%2F20&k_raceNo=4
2026-09-20 13:41:51,13:41,2026-09-20,saga,4,三連複,1-7-9,143.5,143.5,38,https://www.keiba.go.jp/KeibaWeb/TodayRaceInfo/Odds3LenFuku?k_babaCode=32&k_raceDate=2026%2F09%2F20&k_raceNo=4
2026-09-20 13:41:51,13:41,2026-09-20,saga,4,三連複,1-7-10,143.5,143.5,38,https://www.keiba.go.jp/KeibaWeb/TodayRaceInfo/Odds3LenFuku?k_babaCode=32&k_raceDate=2026%2F09%2F20&k_raceNo=4
2026-09-20 13:41:51,13:41,2026-09-20,saga,4,三連複,1-7-11,143.5,143.5,38,https://www.keiba.go.jp/KeibaWeb/TodayRaceInfo/Odds3LenFuku?k_babaCode=32&k_raceDate=2026%2F09%2F20&k_raceNo=4
2026-09-20 13:41:51,13:41,2026-09-20,saga,4,三連複,2-3-6,143.5,143.5,38,https://www.keiba.go.jp/KeibaWeb/TodayRaceInfo/Odds3LenFuku?k_babaCode=32&k_raceDate=2026%2F09%2F20&k_raceNo=4
2026-09-20 13:41:51,13:41,2026-09-20,saga,4,三連複,2-4-7,143.5,143.5,38,https://www.keiba.go.jp/KeibaWeb/TodayRaceInfo/Odds3LenFuku?k_babaCode=32&k_raceDate=2026%2F09%2F20&k_raceNo=4
2026-09-20 13:41:51,13:41,2026-09-20,saga,4,三連複,2-5-7,143.5,143.5,38,https://www.keiba.go.jp/KeibaWeb/TodayRaceInfo/Odds3LenFuku?k_babaCode=32&k_raceDate=2026%2F09%2F20&k_raceNo=4
2026-09-20 13:41:51,13:41,2026-09-20,saga,4,三連複,2-8-9,143.5,143.5,38,https://www.keiba.go.jp/KeibaWeb/TodayRaceInfo/Odds3LenFuku?k_babaCode=32&k_raceDate=2026%2F09%2F20&k_raceNo=4
2026-09-20 13:41:51,13:41,2026-09-20,saga,4,三連複,3-5-7,143.5,143.5,38,https://www.keiba.go.jp/KeibaWeb/TodayRaceInfo/Odds3LenFuku?k_babaCode=32&k_raceDate=2026%2F09%2F20&k_raceNo=4
2026-09-20 13:41:51,13:41,2026-09-20,saga,4,三連複,3-7-10,143.5,143.5,38,https://www.keiba.go.jp/KeibaWeb/TodayRaceInfo/Odds3LenFuku?k_babaCode=32&k_raceDate=2026%2F09%2F20&k_raceNo=4
2026-09-20 13:41:51,13:41,2026-09-20,saga,4,三連複,4-8-9,143.5,143.5,38,https://www.keiba.go.jp/KeibaWeb/TodayRaceInfo/Odds3LenFuku?k_babaCode=32&k_raceDate=2026%2F09%2F20&k_raceNo=4
2026-09-20 13:41:51,13:41,2026-09-20,saga,4,三連複,6-7-10,143.5,143.5,38,https://www.keiba.go.jp/KeibaWeb/TodayRaceInfo/Odds3LenFuku?k_babaCode=32&k_raceDate=2026%2F09%2F20&k_raceNo=4
2026-09-20 13:41:51,13:41,2026-09-20,saga,4,三連複,1-2-7,287.1,287.1,54,https://www.keiba.go.jp/KeibaWeb/TodayRaceInfo/Odds3LenFuku?k_babaCode=32&k_raceDate=2026%2F09%2F20&k_raceNo=4
2026-09-20 13:41:51,13:41,2026-09-20,saga,4,三連複,1-3-9,287.1,287.1,54,https://www.keiba.go.jp/KeibaWeb/TodayRaceInfo/Odds3LenFuku?k_babaCode=32&k_raceDate=2026%2F09%2F20&k_raceNo=4
2026-09-20 13:41:51,13:41,2026-09-20,saga,4,三連複,1-3-11,287.1,287.1,54,https://www.keiba.go.jp/KeibaWeb/TodayRaceInfo/Odds3LenFuku?k_babaCode=32&k_raceDate=2026%2F09%2F20&k_raceNo=4
2026-09-20 13:41:51,13:41,2026-09-20,saga,4,三連複,1-4-6,287.1,287.1,54,https://www.keiba.go.jp/KeibaWeb/TodayRaceInfo/Odds3LenFuku?k_babaCode=32&k_raceDate=2026%2F09%2F20&k_raceNo=4
2026-09-20 13:41:51,13:41,2026-09-20,saga,4,三連複,1-5-8,287.1,287.1,54,https://www.keiba.go.jp/KeibaWeb/TodayRaceInfo/Odds3LenFuku?k_babaCode=32&k_raceDate=2026%2F09%2F20&k_raceNo=4
2026-09-20 13:41:51,13:41,2026-09-20,saga,4,三連複,1-5-10,287.1,287.1,54,https://www.keiba.go.jp/KeibaWeb/TodayRaceInfo/Odds3LenFuku?k_babaCode=32&k_raceDate=2026%2F09%2F20&k_raceNo=4
2026-09-20 13:41:51,13:41,2026-09-20,saga,4,三連複,1-8-9,287.1,287.1,54,https://www.keiba.go.jp/KeibaWeb/TodayRaceInfo/Odds3LenFuku?k_babaCode=32&k_raceDate=2026%2F09%2F20&k_raceNo=4
2026-09-20 13:41:51,13:41,2026-09-20,saga,4,三連複,1-8-11,287.1,287.1,54,https://www.keiba.go.jp/KeibaWeb/TodayRaceInfo/Odds3LenFuku?k_babaCode=32&k_raceDate=2026%2F09%2F20&k_raceNo=4
2026-09-20 13:41:51,13:41,2026-09-20,saga,4,三連複,1-10-11,287.1,287.1,54,https://www.keiba.go.jp/KeibaWeb/TodayRaceInfo/Odds3LenFuku?k_babaCode=32&k_raceDate=2026%2F09%2F20&k_raceNo=4
2026-09-20 13:41:51,13:41,2026-09-20,saga,4,三連複,2-3-9,287.1,287.1,54,https://www.keiba.go.jp/KeibaWeb/TodayRaceInfo/Odds3LenFuku?k_babaCode=32&k_raceDate=2026%2F09%2F20&k_raceNo=4
2026-09-20 13:41:51,13:41,2026-09-20,saga,4,三連複,2-4-6,287.1,287.1,54,https://www.keiba.go.jp/KeibaWeb/TodayRaceInfo/Odds3LenFuku?k_babaCode=32&k_raceDate=2026%2F09%2F20&k_raceNo=4
2026-09-20 13:41:51,13:41,2026-09-20,saga,4,三連複,2-4-11,287.1,287.1,54,https://www.keiba.go.jp/KeibaWeb/TodayRaceInfo/Odds3LenFuku?k_babaCode=32&k_raceDate=2026%2F09%2F20&k_raceNo=4
2026-09-20 13:41:51,13:41,2026-09-20,saga,4,三連複,2-6-7,287.1,287.1,54,https://www.keiba.go.jp/KeibaWeb/TodayRaceInfo/Odds3LenFuku?k_babaCode=32&k_raceDate=2026%2F09%2F20&k_raceNo=4
2026-09-20 13:41:51,13:41,2026-09-20,saga,4,三連複,2-6-10,287.1,287.1,54,https://www.keiba.go.jp/KeibaWeb/TodayRaceInfo/Odds3LenFuku?k_babaCode=32&k_raceDate=2026%2F09%2F20&k_raceNo=4
2026-09-20 13:41:51,13:41,2026-09-20,saga,4,三連複,3-4-6,287.1,287.1,54,https://www.keiba.go.jp/KeibaWeb/TodayRaceInfo/Odds3LenFuku?k_babaCode=32&k_raceDate=2026%2F09%2F20&k_raceNo=4
2026-09-20 13:41:51,13:41,2026-09-20,saga,4,三連複,3-5-6,287.1,287.1,54,https://www.keiba.go.jp/KeibaWeb/TodayRaceInfo/Odds3LenFuku?k_babaCode=32&k_raceDate=2026%2F09%2F20&k_raceNo=4
2026-09-20 13:41:51,13:41,2026-09-20,saga,4,三連複,3-5-9,287.1,287.1,54,https://www.keiba.go.jp/KeibaWeb/TodayRaceInfo/Odds3LenFuku?k_babaCode=32&k_raceDate=2026%2F09%2F20&k_raceNo=4
2026-09-20 13:41:51,13:41,2026-09-20,saga,4,三連複,3-6-9,287.1,287.1,54,https://www.keiba.go.jp/KeibaWeb/TodayRaceInfo/Odds3LenFuku?k_babaCode=32&k_raceDate=2026%2F09%2F20&k_raceNo=4
2026-09-20 13:41:51,13:41,2026-09-20,saga,4,三連複,3-6-10,287.1,287.1,54,https://www.keiba.go.jp/KeibaWeb/TodayRaceInfo/Odds3LenFuku?k_babaCode=32&k_raceDate=2026%2F09%2F20&k_raceNo=4
2026-09-20 13:41:51,13:41,2026-09-20,saga,4,三連複,3-7-11,287.1,287.1,54,https://www.keiba.go.jp/KeibaWeb/TodayRaceInfo/Odds3LenFuku?k_babaCode=32&k_raceDate=2026%2F09%2F20&k_raceNo=4
2026-09-20 13:41:51,13:41,2026-09-20,saga,4,三連複,3-8-11,287.1,287.1,54,https://www.keiba.go.jp/KeibaWeb/TodayRaceInfo/Odds3LenFuku?k_babaCode=32&k_raceDate=2026%2F09%2F20&k_raceNo=4
2026-09-20 13:41:51,13:41,2026-09-20,saga,4,三連複,4-7-11,287.1,287.1,54,https://www.keiba.go.jp/KeibaWeb/TodayRaceInfo/Odds3LenFuku?k_babaCode=32&k_raceDate=2026%2F09%2F20&k_raceNo=4
2026-09-20 13:41:51,13:41,2026-09-20,saga,4,三連複,4-9-10,287.1,287.1,54,https://www.keiba.go.jp/KeibaWeb/TodayRaceInfo/Odds3LenFuku?k_babaCode=32&k_raceDate=2026%2F09%2F20&k_raceNo=4
2026-09-20 13:41:51,13:41,2026-09-20,saga,4,三連複,5-7-10,287.1,287.1,54,https://www.keiba.go.jp/KeibaWeb/TodayRaceInfo/Odds3LenFuku?k_babaCode=32&k_raceDate=2026%2F09%2F20&k_raceNo=4
2026-09-20 13:41:51,13:41,2026-09-20,saga,4,三連複,5-9-11,287.1,287.1,54,https://www.keiba.go.jp/KeibaWeb/TodayRaceInfo/Odds3LenFuku?k_babaCode=32&k_raceDate=2026%2F09%2F20&k_raceNo=4
2026-09-20 13:41:51,13:41,2026-09-20,saga,4,三連複,5-10-11,287.1,287.1,54,https://www.keiba.go.jp/KeibaWeb/TodayRaceInfo/Odds3LenFuku?k_babaCode=32&k_raceDate=2026%2F09%2F20&k_raceNo=4
2026-09-20 13:41:51,13:41,2026-09-20,saga,4,三連複,7-9-10,287.1,287.1,54,https://www.keiba.go.jp/KeibaWeb/TodayRaceInfo/Odds3LenFuku?k_babaCode=32&k_raceDate=2026%2F09%2F20&k_raceNo=4
2026-09-20 13:41:51,13:41,2026-09-20,saga,4,三連複,7-10-11,287.1,287.1,54,https://www.keiba.go.jp/KeibaWeb/TodayRaceInfo/Odds3LenFuku?k_babaCode=32&k_raceDate=2026%2F09%2F20&k_raceNo=4
2026-09-20 13:41:51,13:41,2026-09-20,saga,4,三連複,8-9-11,287.1,287.1,54,https://www.keiba.go.jp/KeibaWeb/TodayRaceInfo/Odds3LenFuku?k_babaCode=32&k_raceDate=2026%2F09%2F20&k_raceNo=4
2026-09-20 13:41:51,13:41,2026-09-20,saga,4,三連複,1-2-5,0.0,0.0,83,https://www.keiba.go.jp/KeibaWeb/TodayRaceInfo/Odds3LenFuku?k_babaCode=32&k_raceDate=2026%2F09%2F20&k_raceNo=4
2026-09-20 13:41:51,13:41,2026-09-20,saga,4,三連複,1-2-8,0.0,0.0,83,https://www.keiba.go.jp/KeibaWeb/TodayRaceInfo/Odds3LenFuku?k_babaCode=32&k_raceDate=2026%2F09%2F20&k_raceNo=4
2026-09-20 13:41:51,13:41,2026-09-20,saga,4,三連複,1-2-9,0.0,0.0,83,https://www.keiba.go.jp/KeibaWeb/TodayRaceInfo/Odds3LenFuku?k_babaCode=32&k_raceDate=2026%2F09%2F20&k_raceNo=4
2026-09-20 13:41:51,13:41,2026-09-20,saga,4,三連複,1-2-11,0.0,0.0,83,https://www.keiba.go.jp/KeibaWeb/TodayRaceInfo/Odds3LenFuku?k_babaCode=32&k_raceDate=2026%2F09%2F20&k_raceNo=4
2026-09-20 13:41:51,13:41,2026-09-20,saga,4,三連複,1-3-5,0.0,0.0,83,https://www.keiba.go.jp/KeibaWeb/TodayRaceInfo/Odds3LenFuku?k_babaCode=32&k_raceDate=2026%2F09%2F20&k_raceNo=4
2026-09-20 13:41:51,13:41,2026-09-20,saga,4,三連複,1-3-6,0.0,0.0,83,https://www.keiba.go.jp/KeibaWeb/TodayRaceInfo/Odds3LenFuku?k_babaCode=32&k_raceDate=2026%2F09%2F20&k_raceNo=4
2026-09-20 13:41:51,13:41,2026-09-20,saga,4,三連複,1-5-6,0.0,0.0,83,https://www.keiba.go.jp/KeibaWeb/TodayRaceInfo/Odds3LenFuku?k_babaCode=32&k_raceDate=2026%2F09%2F20&k_raceNo=4
2026-09-20 13:41:51,13:41,2026-09-20,saga,4,三連複,1-5-7,0.0,0.0,83,https://www.keiba.go.jp/KeibaWeb/TodayRaceInfo/Odds3LenFuku?k_babaCode=32&k_raceDate=2026%2F09%2F20&k_raceNo=4
2026-09-20 13:41:51,13:41,2026-09-20,saga,4,三連複,1-5-9,0.0,0.0,83,https://www.keiba.go.jp/KeibaWeb/TodayRaceInfo/Odds3LenFuku?k_babaCode=32&k_raceDate=2026%2F09%2F20&k_raceNo=4
2026-09-20 13:41:51,13:41,2026-09-20,saga,4,三連複,1-5-11,0.0,0.0,83,https://www.keiba.go.jp/KeibaWeb/TodayRaceInfo/Odds3LenFuku?k_babaCode=32&k_raceDate=2026%2F09%2F20&k_raceNo=4
2026-09-20 13:41:51,13:41,2026-09-20,saga,4,三連複,1-6-7,0.0,0.0,83,https://www.keiba.go.jp/KeibaWeb/TodayRaceInfo/Odds3LenFuku?k_babaCode=32&k_raceDate=2026%2F09%2F20&k_raceNo=4
2026-09-20 13:41:51,13:41,2026-09-20,saga,4,三連複,1-6-8,0.0,0.0,83,https://www.keiba.go.jp/KeibaWeb/TodayRaceInfo/Odds3LenFuku?k_babaCode=32&k_raceDate=2026%2F09%2F20&k_raceNo=4
2026-09-20 13:41:51,13:41,2026-09-20,saga,4,三連複,1-6-9,0.0,0.0,83,https://www.keiba.go.jp/KeibaWeb/TodayRaceInfo/Odds3LenFuku?k_babaCode=32&k_raceDate=2026%2F09%2F20&k_raceNo=4
2026-09-20 13:41:51,13:41,2026-09-20,saga,4,三連複,1-6-10,0.0,0.0,83,https://www.keiba.go.jp/KeibaWeb/TodayRaceInfo/Odds3LenFuku?k_babaCode=32&k_raceDate=2026%2F09%2F20&k_raceNo=4
2026-09-20 13:41:51,13:41,2026-09-20,saga,4,三連複,1-6-11,0.0,0.0,83,https://www.keiba.go.jp/KeibaWeb/TodayRaceInfo/Odds3LenFuku?k_babaCode=32&k_raceDate=2026%2F09%2F20&k_raceNo=4
2026-09-20 13:41:51,13:41,2026-09-20,saga,4,三連複,1-7-8,0.0,0.0,83,https://www.keiba.go.jp/KeibaWeb/TodayRaceInfo/Odds3LenFuku?k_babaCode=32&k_raceDate=2026%2F09%2F20&k_raceNo=4
2026-09-20 13:41:51,13:41,2026-09-20,saga,4,三連複,1-8-10,0.0,0.0,83,https://www.keiba.go.jp/KeibaWeb/TodayRaceInfo/Odds3LenFuku?k_babaCode=32&k_raceDate=2026%2F09%2F20&k_raceNo=4
2026-09-20 13:41:51,13:41,2026-09-20,saga,4,三連複,1-9-10,0.0,0.0,83,https://www.keiba.go.jp/KeibaWeb/TodayRaceInfo/Odds3LenFuku?k_babaCode=32&k_raceDate=2026%2F09%2F20&k_raceNo=4
2026-09-20 13:41:51,13:41,2026-09-20,saga,4,三連複,1-9-11,0.0,0.0,83,https://www.keiba.go.jp/KeibaWeb/TodayRaceInfo/Odds3LenFuku?k_babaCode=32&k_raceDate=2026%2F09%2F20&k_raceNo=4
2026-09-20 13:41:51,13:41,2026-09-20,saga,4,三連複,2-3-11,0.0,0.0,83,https://www.keiba.go.jp/KeibaWeb/TodayRaceInfo/Odds3LenFuku?k_babaCode=32&k_raceDate=2026%2F09%2F20&k_raceNo=4
2026-09-20 13:41:51,13:41,2026-09-20,saga,4,三連複,2-5-6,0.0,0.0,83,https://www.keiba.go.jp/KeibaWeb/TodayRaceInfo/Odds3LenFuku?k_babaCode=32&k_raceDate=2026%2F09%2F20&k_raceNo=4
2026-09-20 13:41:51,13:41,2026-09-20,saga,4,三連複,2-5-8,0.0,0.0,83,https://www.keiba.go.jp/KeibaWeb/TodayRaceInfo/Odds3LenFuku?k_babaCode=32&k_raceDate=2026%2F09%2F20&k_raceNo=4
2026-09-20 13:41:51,13:41,2026-09-20,saga,4,三連複,2-5-9,0.0,0.0,83,https://www.keiba.go.jp/KeibaWeb/TodayRaceInfo/Odds3LenFuku?k_babaCode=32&k_raceDate=2026%2F09%2F20&k_raceNo=4
2026-09-20 13:41:51,13:41,2026-09-20,saga,4,三連複,2-5-10,0.0,0.0,83,https://www.keiba.go.jp/KeibaWeb/TodayRaceInfo/Odds3LenFuku?k_babaCode=32&k_raceDate=2026%2F09%2F20&k_raceNo=4
2026-09-20 13:41:51,13:41,2026-09-20,saga,4,三連複,2-5-11,0.0,0.0,83,https://www.keiba.go.jp/KeibaWeb/TodayRaceInfo/Odds3LenFuku?k_babaCode=32&k_raceDate=2026%2F09%2F20&k_raceNo=4
2026-09-20 13:41:51,13:41,2026-09-20,saga,4,三連複,2-6-8,0.0,0.0,83,https://www.keiba.go.jp/KeibaWeb/TodayRaceInfo/Odds3LenFuku?k_babaCode=32&k_raceDate=2026%2F09%2F20&k_raceNo=4
2026-09-20 13:41:51,13:41,2026-09-20,saga,4,三連複,2-6-9,0.0,0.0,83,https://www.keiba.go.jp/KeibaWeb/TodayRaceInfo/Odds3LenFuku?k_babaCode=32&k_raceDate=2026%2F09%2F20&k_raceNo=4
2026-09-20 13:41:51,13:41,2026-09-20,saga,4,三連複,2-6-11,0.0,0.0,83,https://www.keiba.go.jp/KeibaWeb/TodayRaceInfo/Odds3LenFuku?k_babaCode=32&k_raceDate=2026%2F09%2F20&k_raceNo=4
2026-09-20 13:41:51,13:41,2026-09-20,saga,4,三連複,2-7-8,0.0,0.0,83,https://www.keiba.go.jp/KeibaWeb/TodayRaceInfo/Odds3LenFuku?k_babaCode=32&k_raceDate=2026%2F09%2F20&k_raceNo=4
2026-09-20 13:41:51,13:41,2026-09-20,saga,4,三連複,2-7-9,0.0,0.0,83,https://www.keiba.go.jp/KeibaWeb/TodayRaceInfo/Odds3LenFuku?k_babaCode=32&k_raceDate=2026%2F09%2F20&k_raceNo=4
2026-09-20 13:41:51,13:41,2026-09-20,saga,4,三連複,2-7-11,0.0,0.0,83,https://www.keiba.go.jp/KeibaWeb/TodayRaceInfo/Odds3LenFuku?k_babaCode=32&k_raceDate=2026%2F09%2F20&k_raceNo=4
2026-09-20 13:41:51,13:41,2026-09-20,saga,4,三連複,2-8-10,0.0,0.0,83,https://www.keiba.go.jp/KeibaWeb/TodayRaceInfo/Odds3LenFuku?k_babaCode=32&k_raceDate=2026%2F09%2F20&k_raceNo=4
2026-09-20 13:41:51,13:41,2026-09-20,saga,4,三連複,2-8-11,0.0,0.0,83,https://www.keiba.go.jp/KeibaWeb/TodayRaceInfo/Odds3LenFuku?k_babaCode=32&k_raceDate=2026%2F09%2F20&k_raceNo=4
2026-09-20 13:41:51,13:41,2026-09-20,saga,4,三連複,2-9-10,0.0,0.0,83,https://www.keiba.go.jp/KeibaWeb/TodayRaceInfo/Odds3LenFuku?k_babaCode=32&k_raceDate=2026%2F09%2F20&k_raceNo=4
2026-09-20 13:41:51,13:41,2026-09-20,saga,4,三連複,2-9-11,0.0,0.0,83,https://www.keiba.go.jp/KeibaWeb/TodayRaceInfo/Odds3LenFuku?k_babaCode=32&k_raceDate=2026%2F09%2F20&k_raceNo=4
2026-09-20 13:41:51,13:41,2026-09-20,saga,4,三連複,2-10-11,0.0,0.0,83,https://www.keiba.go.jp/KeibaWeb/TodayRaceInfo/Odds3LenFuku?k_babaCode=32&k_raceDate=2026%2F09%2F20&k_raceNo=4
2026-09-20 13:41:51,13:41,2026-09-20,saga,4,三連複,3-4-11,0.0,0.0,83,https://www.keiba.go.jp/KeibaWeb/TodayRaceInfo/Odds3LenFuku?k_babaCode=32&k_raceDate=2026%2F09%2F20&k_raceNo=4
2026-09-20 13:41:51,13:41,2026-09-20,saga,4,三連複,3-5-11,0.0,0.0,83,https://www.keiba.go.jp/KeibaWeb/TodayRaceInfo/Odds3LenFuku?k_babaCode=32&k_raceDate=2026%2F09%2F20&k_raceNo=4
2026-09-20 13:41:51,13:41,2026-09-20,saga,4,三連複,3-6-7,0.0,0.0,83,https://www.keiba.go.jp/KeibaWeb/TodayRaceInfo/Odds3LenFuku?k_babaCode=32&k_raceDate=2026%2F09%2F20&k_raceNo=4
2026-09-20 13:41:51,13:41,2026-09-20,saga,4,三連複,3-6-8,0.0,0.0,83,https://www.keiba.go.jp/KeibaWeb/TodayRaceInfo/Odds3LenFuku?k_babaCode=32&k_raceDate=2026%2F09%2F20&k_raceNo=4
2026-09-20 13:41:51,13:41,2026-09-20,saga,4,三連複,3-6-11,0.0,0.0,83,https://www.keiba.go.jp/KeibaWeb/TodayRaceInfo/Odds3LenFuku?k_babaCode=32&k_raceDate=2026%2F09%2F20&k_raceNo=4
2026-09-20 13:41:51,13:41,2026-09-20,saga,4,三連複,3-7-8,0.0,0.0,83,https://www.keiba.go.jp/KeibaWeb/TodayRaceInfo/Odds3LenFuku?k_babaCode=32&k_raceDate=2026%2F09%2F20&k_raceNo=4
2026-09-20 13:41:51,13:41,2026-09-20,saga,4,三連複,3-7-9,0.0,0.0,83,https://www.keiba.go.jp/KeibaWeb/TodayRaceInfo/Odds3LenFuku?k_babaCode=32&k_raceDate=2026%2F09%2F20&k_raceNo=4
2026-09-20 13:41:51,13:41,2026-09-20,saga,4,三連複,3-8-9,0.0,0.0,83,https://www.keiba.go.jp/KeibaWeb/TodayRaceInfo/Odds3LenFuku?k_babaCode=32&k_raceDate=2026%2F09%2F20&k_raceNo=4
2026-09-20 13:41:51,13:41,2026-09-20,saga,4,三連複,3-9-10,0.0,0.0,83,https://www.keiba.go.jp/KeibaWeb/TodayRaceInfo/Odds3LenFuku?k_babaCode=32&k_raceDate=2026%2F09%2F20&k_raceNo=4
2026-09-20 13:41:51,13:41,2026-09-20,saga,4,三連複,3-9-11,0.0,0.0,83,https://www.keiba.go.jp/KeibaWeb/TodayRaceInfo/Odds3LenFuku?k_babaCode=32&k_raceDate=2026%2F09%2F20&k_raceNo=4
2026-09-20 13:41:51,13:41,2026-09-20,saga,4,三連複,3-10-11,0.0,0.0,83,https://www.keiba.go.jp/KeibaWeb/TodayRaceInfo/Odds3LenFuku?k_babaCode=32&k_raceDate=2026%2F09%2F20&k_raceNo=4
2026-09-20 13:41:51,13:41,2026-09-20,saga,4,三連複,4-5-6,0.0,0.0,83,https://www.keiba.go.jp/KeibaWeb/TodayRaceInfo/Odds3LenFuku?k_babaCode=32&k_raceDate=2026%2F09%2F20&k_raceNo=4
2026-09-20 13:41:51,13:41,2026-09-20,saga,4,三連複,4-5-9,0.0,0.0,83,https://www.keiba.go.jp/KeibaWeb/TodayRaceInfo/Odds3LenFuku?k_babaCode=32&k_raceDate=2026%2F09%2F20&k_raceNo=4
2026-09-20 13:41:51,13:41,2026-09-20,saga,4,三連複,4-5-11,0.0,0.0,83,https://www.keiba.go.jp/KeibaWeb/TodayRaceInfo/Odds3LenFuku?k_babaCode=32&k_raceDate=2026%2F09%2F20&k_raceNo=4
2026-09-20 13:41:51,13:41,2026-09-20,saga,4,三連複,4-6-7,0.0,0.0,83,https://www.keiba.go.jp/KeibaWeb/TodayRaceInfo/Odds3LenFuku?k_babaCode=32&k_raceDate=2026%2F09%2F20&k_raceNo=4
2026-09-20 13:41:51,13:41,2026-09-20,saga,4,三連複,4-6-8,0.0,0.0,83,https://www.keiba.go.jp/KeibaWeb/TodayRaceInfo/Odds3LenFuku?k_babaCode=32&k_raceDate=2026%2F09%2F20&k_raceNo=4
2026-09-20 13:41:51,13:41,2026-09-20,saga,4,三連複,4-6-9,0.0,0.0,83,https://www.keiba.go.jp/KeibaWeb/TodayRaceInfo/Odds3LenFuku?k_babaCode=32&k_raceDate=2026%2F09%2F20&k_raceNo=4
2026-09-20 13:41:51,13:41,2026-09-20,saga,4,三連複,4-6-10,0.0,0.0,83,https://www.keiba.go.jp/KeibaWeb/TodayRaceInfo/Odds3LenFuku?k_babaCode=32&k_raceDate=2026%2F09%2F20&k_raceNo=4
2026-09-20 13:41:51,13:41,2026-09-20,saga,4,三連複,4-6-11,0.0,0.0,83,https://www.keiba.go.jp/KeibaWeb/TodayRaceInfo/Odds3LenFuku?k_babaCode=32&k_raceDate=2026%2F09%2F20&k_raceNo=4
2026-09-20 13:41:51,13:41,2026-09-20,saga,4,三連複,4-7-9,0.0,0.0,83,https://www.keiba.go.jp/KeibaWeb/TodayRaceInfo/Odds3LenFuku?k_babaCode=32&k_raceDate=2026%2F09%2F20&k_raceNo=4
2026-09-20 13:41:51,13:41,2026-09-20,saga,4,三連複,4-9-11,0.0,0.0,83,https://www.keiba.go.jp/KeibaWeb/TodayRaceInfo/Odds3LenFuku?k_babaCode=32&k_raceDate=2026%2F09%2F20&k_raceNo=4
2026-09-20 13:41:51,13:41,2026-09-20,saga,4,三連複,4-10-11,0.0,0.0,83,https://www.keiba.go.jp/KeibaWeb/TodayRaceInfo/Odds3LenFuku?k_babaCode=32&k_raceDate=2026%2F09%2F20&k_raceNo=4
2026-09-20 13:41:51,13:41,2026-09-20,saga,4,三連複,5-6-7,0.0,0.0,83,https://www.keiba.go.jp/KeibaWeb/TodayRaceInfo/Odds3LenFuku?k_babaCode=32&k_raceDate=2026%2F09%2F20&k_raceNo=4
2026-09-20 13:41:51,13:41,2026-09-20,saga,4,三連複,5-6-8,0.0,0.0,83,https://www.keiba.go.jp/KeibaWeb/TodayRaceInfo/Odds3LenFuku?k_babaCode=32&k_raceDate=2026%2F09%2F20&k_raceNo=4
2026-09-20 13:41:51,13:41,2026-09-20,saga,4,三連複,5-6-9,0.0,0.0,83,https://www.keiba.go.jp/KeibaWeb/TodayRaceInfo/Odds3LenFuku?k_babaCode=32&k_raceDate=2026%2F09%2F20&k_raceNo=4
2026-09-20 13:41:51,13:41,2026-09-20,saga,4,三連複,5-6-10,0.0,0.0,83,https://www.keiba.go.jp/KeibaWeb/TodayRaceInfo/Odds3LenFuku?k_babaCode=32&k_raceDate=2026%2F09%2F20&k_raceNo=4
2026-09-20 13:41:51,13:41,2026-09-20,saga,4,三連複,5-6-11,0.0,0.0,83,https://www.keiba.go.jp/KeibaWeb/TodayRaceInfo/Odds3LenFuku?k_babaCode=32&k_raceDate=2026%2F09%2F20&k_raceNo=4
2026-09-20 13:41:51,13:41,2026-09-20,saga,4,三連複,5-7-8,0.0,0.0,83,https://www.keiba.go.jp/KeibaWeb/TodayRaceInfo/Odds3LenFuku?k_babaCode=32&k_raceDate=2026%2F09%2F20&k_raceNo=4
2026-09-20 13:41:51,13:41,2026-09-20,saga,4,三連複,5-7-9,0.0,0.0,83,https://www.keiba.go.jp/KeibaWeb/TodayRaceInfo/Odds3LenFuku?k_babaCode=32&k_raceDate=2026%2F09%2F20&k_raceNo=4
2026-09-20 13:41:51,13:41,2026-09-20,saga,4,三連複,5-7-11,0.0,0.0,83,https://www.keiba.go.jp/KeibaWeb/TodayRaceInfo/Odds3LenFuku?k_babaCode=32&k_raceDate=2026%2F09%2F20&k_raceNo=4
2026-09-20 13:41:51,13:41,2026-09-20,saga,4,三連複,5-8-9,0.0,0.0,83,https://www.keiba.go.jp/KeibaWeb/TodayRaceInfo/Odds3LenFuku?k_babaCode=32&k_raceDate=2026%2F09%2F20&k_raceNo=4
2026-09-20 13:41:51,13:41,2026-09-20,saga,4,三連複,5-8-11,0.0,0.0,83,https://www.keiba.go.jp/KeibaWeb/TodayRaceInfo/Odds3LenFuku?k_babaCode=32&k_raceDate=2026%2F09%2F20&k_raceNo=4
2026-09-20 13:41:51,13:41,2026-09-20,saga,4,三連複,5-9-10,0.0,0.0,83,https://www.keiba.go.jp/KeibaWeb/TodayRaceInfo/Odds3LenFuku?k_babaCode=32&k_raceDate=2026%2F09%2F20&k_raceNo=4
2026-09-20 13:41:51,13:41,2026-09-20,saga,4,三連複,6-7-8,0.0,0.0,83,https://www.keiba.go.jp/KeibaWeb/TodayRaceInfo/Odds3LenFuku?k_babaCode=32&k_raceDate=2026%2F09%2F20&k_raceNo=4
2026-09-20 13:41:51,13:41,2026-09-20,saga,4,三連複,6-7-9,0.0,0.0,83,https://www.keiba.go.jp/KeibaWeb/TodayRaceInfo/Odds3LenFuku?k_babaCode=32&k_raceDate=2026%2F09%2F20&k_raceNo=4
2026-09-20 13:41:51,13:41,2026-09-20,saga,4,三連複,6-7-11,0.0,0.0,83,https://www.keiba.go.jp/KeibaWeb/TodayRaceInfo/Odds3LenFuku?k_babaCode=32&k_raceDate=2026%2F09%2F20&k_raceNo=4
2026-09-20 13:41:51,13:41,2026-09-20,saga,4,三連複,6-8-9,0.0,0.0,83,https://www.keiba.go.jp/KeibaWeb/TodayRaceInfo/Odds3LenFuku?k_babaCode=32&k_raceDate=2026%2F09%2F20&k_raceNo=4
2026-09-20 13:41:51,13:41,2026-09-20,saga,4,三連複,6-8-10,0.0,0.0,83,https://www.keiba.go.jp/KeibaWeb/TodayRaceInfo/Odds3LenFuku?k_babaCode=32&k_raceDate=2026%2F09%2F20&k_raceNo=4
2026-09-20 13:41:51,13:41,2026-09-20,saga,4,三連複,6-8-11,0.0,0.0,83,https://www.keiba.go.jp/KeibaWeb/TodayRaceInfo/Odds3LenFuku?k_babaCode=32&k_raceDate=2026%2F09%2F20&k_raceNo=4
2026-09-20 13:41:51,13:41,2026-09-20,saga,4,三連複,6-9-10,0.0,0.0,83,https://www.keiba.go.jp/KeibaWeb/TodayRaceInfo/Odds3LenFuku?k_babaCode=32&k_raceDate=2026%2F09%2F20&k_raceNo=4
2026-09-20 13:41:51,13:41,2026-09-20,saga,4,三連複,6-9-11,0.0,0.0,83,https://www.keiba.go.jp/KeibaWeb/TodayRaceInfo/Odds3LenFuku?k_babaCode=32&k_raceDate=2026%2F09%2F20&k_raceNo=4
2026-09-20 13:41:51,13:41,2026-09-20,saga,4,三連複,6-10-11,0.0,0.0,83,https://www.keiba.go.jp/KeibaWeb/TodayRaceInfo/Odds3LenFuku?k_babaCode=32&k_raceDate=2026%2F09%2F20&k_raceNo=4
2026-09-20 13:41:51,13:41,2026-09-20,saga,4,三連複,7-8-9,0.0,0.0,83,https://www.keiba.go.jp/KeibaWeb/TodayRaceInfo/Odds3LenFuku?k_babaCode=32&k_raceDate=2026%2F09%2F20&k_raceNo=4
2026-09-20 13:41:51,13:41,2026-09-20,saga,4,三連複,7-8-11,0.0,0.0,83,https://www.keiba.go.jp/KeibaWeb/TodayRaceInfo/Odds3LenFuku?k_babaCode=32&k_raceDate=2026%2F09%2F20&k_raceNo=4
2026-09-20 13:41:51,13:41,2026-09-20,saga,4,三連複,7-9-11,0.0,0.0,83,https://www.keiba.go.jp/KeibaWeb/TodayRaceInfo/Odds3LenFuku?k_babaCode=32&k_raceDate=2026%2F09%2F20&k_raceNo=4
2026-09-20 13:41:51,13:41,2026-09-20,saga,4,三連複,8-10-11,0.0,0.0,83,https://www.keiba.go.jp/KeibaWeb/TodayRaceInfo/Odds3LenFuku?k_babaCode=32&k_raceDate=2026%2F09%2F20&k_raceNo=4
2026-09-20 13:41:51,13:41,2026-09-20,saga,4,三連複,9-10-11,0.0,0.0,83,https://www.keiba.go.jp/KeibaWeb/TodayRaceInfo/Odds3LenFuku?k_babaCode=32&k_raceDate=2026%2F09%2F20&k_raceNo=4
2026-09-20 13:41:51,13:41,2026-09-20,saga,5,馬連,2-5,1.8,1.8,1,https://www.keiba.go.jp/KeibaWeb/TodayRaceInfo/OddsUmLenFuku?k_babaCode=32&k_raceDate=2026%2F09%2F20&k_raceNo=5
2026-09-20 13:41:51,13:41,2026-09-20,saga,5,馬連,2-4,8.5,8.5,2,https://www.keiba.go.jp/KeibaWeb/TodayRaceInfo/OddsUmLenFuku?k_babaCode=32&k_raceDate=2026%2F09%2F20&k_raceNo=5
2026-09-20 13:41:51,13:41,2026-09-20,saga,5,馬連,5-8,10.9,10.9,3,https://www.keiba.go.jp/KeibaWeb/TodayRaceInfo/OddsUmLenFuku?k_babaCode=32&k_raceDate=2026%2F09%2F20&k_raceNo=5
2026-09-20 13:41:51,13:41,2026-09-20,saga,5,馬連,4-5,12.7,12.7,4,https://www.keiba.go.jp/KeibaWeb/TodayRaceInfo/OddsUmLenFuku?k_babaCode=32&k_raceDate=2026%2F09%2F20&k_raceNo=5
2026-09-20 13:41:51,13:41,2026-09-20,saga,5,馬連,5-12,12.7,12.7,4,https://www.keiba.go.jp/KeibaWeb/TodayRaceInfo/OddsUmLenFuku?k_babaCode=32&k_raceDate=2026%2F09%2F20&k_raceNo=5
2026-09-20 13:41:51,13:41,2026-09-20,saga,5,馬連,5-11,13.9,13.9,6,https://www.keiba.go.jp/KeibaWeb/TodayRaceInfo/OddsUmLenFuku?k_babaCode=32&k_raceDate=2026%2F09%2F20&k_raceNo=5
2026-09-20 13:41:51,13:41,2026-09-20,saga,5,馬連,2-11,25.5,25.5,7,https://www.keiba.go.jp/KeibaWeb/TodayRaceInfo/OddsUmLenFuku?k_babaCode=32&k_raceDate=2026%2F09%2F20&k_raceNo=5
2026-09-20 13:41:51,13:41,2026-09-20,saga,5,馬連,4-8,25.5,25.5,7,https://www.keiba.go.jp/KeibaWeb/TodayRaceInfo/OddsUmLenFuku?k_babaCode=32&k_raceDate=2026%2F09%2F20&k_raceNo=5
2026-09-20 13:41:51,13:41,2026-09-20,saga,5,馬連,2-12,30.6,30.6,9,https://www.keiba.go.jp/KeibaWeb/TodayRaceInfo/OddsUmLenFuku?k_babaCode=32&k_raceDate=2026%2F09%2F20&k_raceNo=5
2026-09-20 13:41:51,13:41,2026-09-20,saga,5,馬連,4-11,30.6,30.6,9,https://www.keiba.go.jp/KeibaWeb/TodayRaceInfo/OddsUmLenFuku?k_babaCode=32&k_raceDate=2026%2F09%2F20&k_raceNo=5
2026-09-20 13:41:51,13:41,2026-09-20,saga,5,馬連,8-11,30.6,30.6,9,https://www.keiba.go.jp/KeibaWeb/TodayRaceInfo/OddsUmLenFuku?k_babaCode=32&k_raceDate=2026%2F09%2F20&k_raceNo=5
2026-09-20 13:41:51,13:41,2026-09-20,saga,5,馬連,2-8,38.2,38.2,12,https://www.keiba.go.jp/KeibaWeb/TodayRaceInfo/OddsUmLenFuku?k_babaCode=32&k_raceDate=2026%2F09%2F20&k_raceNo=5
2026-09-20 13:41:51,13:41,2026-09-20,saga,5,馬連,3-5,38.2,38.2,12,https://www.keiba.go.jp/KeibaWeb/TodayRaceInfo/OddsUmLenFuku?k_babaCode=32&k_raceDate=2026%2F09%2F20&k_raceNo=5
2026-09-20 13:41:51,13:41,2026-09-20,saga,5,馬連,1-5,51.0,51.0,14,https://www.keiba.go.jp/KeibaWeb/TodayRaceInfo/OddsUmLenFuku?k_babaCode=32&k_raceDate=2026%2F09%2F20&k_raceNo=5
2026-09-20 13:41:51,13:41,2026-09-20,saga,5,馬連,5-6,51.0,51.0,14,https://www.keiba.go.jp/KeibaWeb/TodayRaceInfo/OddsUmLenFuku?k_babaCode=32&k_raceDate=2026%2F09%2F20&k_raceNo=5
2026-09-20 13:41:51,13:41,2026-09-20,saga,5,馬連,1-3,76.5,76.5,16,https://www.keiba.go.jp/KeibaWeb/TodayRaceInfo/OddsUmLenFuku?k_babaCode=32&k_raceDate=2026%2F09%2F20&k_raceNo=5
2026-09-20 13:41:51,13:41,2026-09-20,saga,5,馬連,1-11,76.5,76.5,16,https://www.keiba.go.jp/KeibaWeb/TodayRaceInfo/OddsUmLenFuku?k_babaCode=32&k_raceDate=2026%2F09%2F20&k_raceNo=5
2026-09-20 13:41:51,13:41,2026-09-20,saga,5,馬連,2-6,76.5,76.5,16,https://www.keiba.go.jp/KeibaWeb/TodayRaceInfo/OddsUmLenFuku?k_babaCode=32&k_raceDate=2026%2F09%2F20&k_raceNo=5
2026-09-20 13:41:51,13:41,2026-09-20,saga,5,馬連,5-10,76.5,76.5,16,https://www.keiba.go.jp/KeibaWeb/TodayRaceInfo/OddsUmLenFuku?k_babaCode=32&k_raceDate=2026%2F09%2F20&k_raceNo=5
2026-09-20 13:41:51,13:41,2026-09-20,saga,5,馬連,1-8,153.0,153.0,20,https://www.keiba.go.jp/KeibaWeb/TodayRaceInfo/OddsUmLenFuku?k_babaCode=32&k_raceDate=2026%2F09%2F20&k_raceNo=5
2026-09-20 13:41:51,13:41,2026-09-20,saga,5,馬連,3-4,153.0,153.0,20,https://www.keiba.go.jp/KeibaWeb/TodayRaceInfo/OddsUmLenFuku?k_babaCode=32&k_raceDate=2026%2F09%2F20&k_raceNo=5
2026-09-20 13:41:51,13:41,2026-09-20,saga,5,馬連,3-11,153.0,153.0,20,https://www.keiba.go.jp/KeibaWeb/TodayRaceInfo/OddsUmLenFuku?k_babaCode=32&k_raceDate=2026%2F09%2F20&k_raceNo=5
2026-09-20 13:41:51,13:41,2026-09-20,saga,5,馬連,5-7,153.0,153.0,20,https://www.keiba.go.jp/KeibaWeb/TodayRaceInfo/OddsUmLenFuku?k_babaCode=32&k_raceDate=2026%2F09%2F20&k_raceNo=5
2026-09-20 13:41:51,13:41,2026-09-20,saga,5,馬連,5-9,153.0,153.0,20,https://www.keiba.go.jp/KeibaWeb/TodayRaceInfo/OddsUmLenFuku?k_babaCode=32&k_raceDate=2026%2F09%2F20&k_raceNo=5
2026-09-20 13:41:51,13:41,2026-09-20,saga,5,馬連,6-12,153.0,153.0,20,https://www.keiba.go.jp/KeibaWeb/TodayRaceInfo/OddsUmLenFuku?k_babaCode=32&k_raceDate=2026%2F09%2F20&k_raceNo=5
2026-09-20 13:41:51,13:41,2026-09-20,saga,5,馬連,9-12,153.0,153.0,20,https://www.keiba.go.jp/KeibaWeb/TodayRaceInfo/OddsUmLenFuku?k_babaCode=32&k_raceDate=2026%2F09%2F20&k_raceNo=5
2026-09-20 13:41:51,13:41,2026-09-20,saga,5,馬連,1-2,0.0,0.0,27,https://www.keiba.go.jp/KeibaWeb/TodayRaceInfo/OddsUmLenFuku?k_babaCode=32&k_raceDate=2026%2F09%2F20&k_raceNo=5
2026-09-20 13:41:51,13:41,2026-09-20,saga,5,馬連,1-4,0.0,0.0,27,https://www.keiba.go.jp/KeibaWeb/TodayRaceInfo/OddsUmLenFuku?k_babaCode=32&k_raceDate=2026%2F09%2F20&k_raceNo=5
2026-09-20 13:41:51,13:41,2026-09-20,saga,5,馬連,1-6,0.0,0.0,27,https://www.keiba.go.jp/KeibaWeb/TodayRaceInfo/OddsUmLenFuku?k_babaCode=32&k_raceDate=2026%2F09%2F20&k_raceNo=5
2026-09-20 13:41:51,13:41,2026-09-20,saga,5,馬連,1-7,0.0,0.0,27,https://www.keiba.go.jp/KeibaWeb/TodayRaceInfo/OddsUmLenFuku?k_babaCode=32&k_raceDate=2026%2F09%2F20&k_raceNo=5
2026-09-20 13:41:51,13:41,2026-09-20,saga,5,馬連,1-9,0.0,0.0,27,https://www.keiba.go.jp/KeibaWeb/TodayRaceInfo/OddsUmLenFuku?k_babaCode=32&k_raceDate=2026%2F09%2F20&k_raceNo=5
2026-09-20 13:41:51,13:41,2026-09-20,saga,5,馬連,1-10,0.0,0.0,27,https://www.keiba.go.jp/KeibaWeb/TodayRaceInfo/OddsUmLenFuku?k_babaCode=32&k_raceDate=2026%2F09%2F20&k_raceNo=5
2026-09-20 13:41:51,13:41,2026-09-20,saga,5,馬連,1-12,0.0,0.0,27,https://www.keiba.go.jp/KeibaWeb/TodayRaceInfo/OddsUmLenFuku?k_babaCode=32&k_raceDate=2026%2F09%2F20&k_raceNo=5
2026-09-20 13:41:51,13:41,2026-09-20,saga,5,馬連,2-3,0.0,0.0,27,https://www.keiba.go.jp/KeibaWeb/TodayRaceInfo/OddsUmLenFuku?k_babaCode=32&k_raceDate=2026%2F09%2F20&k_raceNo=5
2026-09-20 13:41:51,13:41,2026-09-20,saga,5,馬連,2-7,0.0,0.0,27,https://www.keiba.go.jp/KeibaWeb/TodayRaceInfo/OddsUmLenFuku?k_babaCode=32&k_raceDate=2026%2F09%2F20&k_raceNo=5
2026-09-20 13:41:51,13:41,2026-09-20,saga,5,馬連,2-9,0.0,0.0,27,https://www.keiba.go.jp/KeibaWeb/TodayRaceInfo/OddsUmLenFuku?k_babaCode=32&k_raceDate=2026%2F09%2F20&k_raceNo=5
2026-09-20 13:41:51,13:41,2026-09-20,saga,5,馬連,2-10,0.0,0.0,27,https://www.keiba.go.jp/KeibaWeb/TodayRaceInfo/OddsUmLenFuku?k_babaCode=32&k_raceDate=2026%2F09%2F20&k_raceNo=5
2026-09-20 13:41:51,13:41,2026-09-20,saga,5,馬連,3-6,0.0,0.0,27,https://www.keiba.go.jp/KeibaWeb/TodayRaceInfo/OddsUmLenFuku?k_babaCode=32&k_raceDate=2026%2F09%2F20&k_raceNo=5
2026-09-20 13:41:51,13:41,2026-09-20,saga,5,馬連,3-7,0.0,0.0,27,https://www.keiba.go.jp/KeibaWeb/TodayRaceInfo/OddsUmLenFuku?k_babaCode=32&k_raceDate=2026%2F09%2F20&k_raceNo=5
2026-09-20 13:41:51,13:41,2026-09-20,saga,5,馬連,3-8,0.0,0.0,27,https://www.keiba.go.jp/KeibaWeb/TodayRaceInfo/OddsUmLenFuku?k_babaCode=32&k_raceDate=2026%2F09%2F20&k_raceNo=5
2026-09-20 13:41:51,13:41,2026-09-20,saga,5,馬連,3-9,0.0,0.0,27,https://www.keiba.go.jp/KeibaWeb/TodayRaceInfo/OddsUmLenFuku?k_babaCode=32&k_raceDate=2026%2F09%2F20&k_raceNo=5
2026-09-20 13:41:51,13:41,2026-09-20,saga,5,馬連,3-10,0.0,0.0,27,https://www.keiba.go.jp/KeibaWeb/TodayRaceInfo/OddsUmLenFuku?k_babaCode=32&k_raceDate=2026%2F09%2F20&k_raceNo=5
2026-09-20 13:41:51,13:41,2026-09-20,saga,5,馬連,3-12,0.0,0.0,27,https://www.keiba.go.jp/KeibaWeb/TodayRaceInfo/OddsUmLenFuku?k_babaCode=32&k_raceDate=2026%2F09%2F20&k_raceNo=5
2026-09-20 13:41:51,13:41,2026-09-20,saga,5,馬連,4-6,0.0,0.0,27,https://www.keiba.go.jp/KeibaWeb/TodayRaceInfo/OddsUmLenFuku?k_babaCode=32&k_raceDate=2026%2F09%2F20&k_raceNo=5
2026-09-20 13:41:51,13:41,2026-09-20,saga,5,馬連,4-7,0.0,0.0,27,https://www.keiba.go.jp/KeibaWeb/TodayRaceInfo/OddsUmLenFuku?k_babaCode=32&k_raceDate=2026%2F09%2F20&k_raceNo=5
2026-09-20 13:41:51,13:41,2026-09-20,saga,5,馬連,4-9,0.0,0.0,27,https://www.keiba.go.jp/KeibaWeb/TodayRaceInfo/OddsUmLenFuku?k_babaCode=32&k_raceDate=2026%2F09%2F20&k_raceNo=5
2026-09-20 13:41:51,13:41,2026-09-20,saga,5,馬連,4-10,0.0,0.0,27,https://www.keiba.go.jp/KeibaWeb/TodayRaceInfo/OddsUmLenFuku?k_babaCode=32&k_raceDate=2026%2F09%2F20&k_raceNo=5
2026-09-20 13:41:51,13:41,2026-09-20,saga,5,馬連,4-12,0.0,0.0,27,https://www.keiba.go.jp/KeibaWeb/TodayRaceInfo/OddsUmLenFuku?k_babaCode=32&k_raceDate=2026%2F09%2F20&k_raceNo=5
2026-09-20 13:41:51,13:41,2026-09-20,saga,5,馬連,6-7,0.0,0.0,27,https://www.keiba.go.jp/KeibaWeb/TodayRaceInfo/OddsUmLenFuku?k_babaCode=32&k_raceDate=2026%2F09%2F20&k_raceNo=5
2026-09-20 13:41:51,13:41,2026-09-20,saga,5,馬連,6-8,0.0,0.0,27,https://www.keiba.go.jp/KeibaWeb/TodayRaceInfo/OddsUmLenFuku?k_babaCode=32&k_raceDate=2026%2F09%2F20&k_raceNo=5
2026-09-20 13:41:51,13:41,2026-09-20,saga,5,馬連,6-9,0.0,0.0,27,https://www.keiba.go.jp/KeibaWeb/TodayRaceInfo/OddsUmLenFuku?k_babaCode=32&k_raceDate=2026%2F09%2F20&k_raceNo=5
2026-09-20 13:41:51,13:41,2026-09-20,saga,5,馬連,6-10,0.0,0.0,27,https://www.keiba.go.jp/KeibaWeb/TodayRaceInfo/OddsUmLenFuku?k_babaCode=32&k_raceDate=2026%2F09%2F20&k_raceNo=5
2026-09-20 13:41:51,13:41,2026-09-20,saga,5,馬連,6-11,0.0,0.0,27,https://www.keiba.go.jp/KeibaWeb/TodayRaceInfo/OddsUmLenFuku?k_babaCode=32&k_raceDate=2026%2F09%2F20&k_raceNo=5
2026-09-20 13:41:51,13:41,2026-09-20,saga,5,馬連,7-8,0.0,0.0,27,https://www.keiba.go.jp/KeibaWeb/TodayRaceInfo/OddsUmLenFuku?k_babaCode=32&k_raceDate=2026%2F09%2F20&k_raceNo=5
2026-09-20 13:41:51,13:41,2026-09-20,saga,5,馬連,7-9,0.0,0.0,27,https://www.keiba.go.jp/KeibaWeb/TodayRaceInfo/OddsUmLenFuku?k_babaCode=32&k_raceDate=2026%2F09%2F20&k_raceNo=5
2026-09-20 13:41:51,13:41,2026-09-20,saga,5,馬連,7-10,0.0,0.0,27,https://www.keiba.go.jp/KeibaWeb/TodayRaceInfo/OddsUmLenFuku?k_babaCode=32&k_raceDate=2026%2F09%2F20&k_raceNo=5
2026-09-20 13:41:51,13:41,2026-09-20,saga,5,馬連,7-11,0.0,0.0,27,https://www.keiba.go.jp/KeibaWeb/TodayRaceInfo/OddsUmLenFuku?k_babaCode=32&k_raceDate=2026%2F09%2F20&k_raceNo=5
2026-09-20 13:41:51,13:41,2026-09-20,saga,5,馬連,7-12,0.0,0.0,27,https://www.keiba.go.jp/KeibaWeb/TodayRaceInfo/OddsUmLenFuku?k_babaCode=32&k_raceDate=2026%2F09%2F20&k_raceNo=5
2026-09-20 13:41:51,13:41,2026-09-20,saga,5,馬連,8-9,0.0,0.0,27,https://www.keiba.go.jp/KeibaWeb/TodayRaceInfo/OddsUmLenFuku?k_babaCode=32&k_raceDate=2026%2F09%2F20&k_raceNo=5
2026-09-20 13:41:51,13:41,2026-09-20,saga,5,馬連,8-10,0.0,0.0,27,https://www.keiba.go.jp/KeibaWeb/TodayRaceInfo/OddsUmLenFuku?k_babaCode=32&k_raceDate=2026%2F09%2F20&k_raceNo=5
2026-09-20 13:41:51,13:41,2026-09-20,saga,5,馬連,8-12,0.0,0.0,27,https://www.keiba.go.jp/KeibaWeb/TodayRaceInfo/OddsUmLenFuku?k_babaCode=32&k_raceDate=2026%2F09%2F20&k_raceNo=5
2026-09-20 13:41:51,13:41,2026-09-20,saga,5,馬連,9-10,0.0,0.0,27,https://www.keiba.go.jp/KeibaWeb/TodayRaceInfo/OddsUmLenFuku?k_babaCode=32&k_raceDate=2026%2F09%2F20&k_raceNo=5
2026-09-20 13:41:51,13:41,2026-09-20,saga,5,馬連,9-11,0.0,0.0,27,https://www.keiba.go.jp/KeibaWeb/TodayRaceInfo/OddsUmLenFuku?k_babaCode=32&k_raceDate=2026%2F09%2F20&k_raceNo=5
2026-09-20 13:41:51,13:41,2026-09-20,saga,5,馬連,10-11,0.0,0.0,27,https://www.keiba.go.jp/KeibaWeb/TodayRaceInfo/OddsUmLenFuku?k_babaCode=32&k_raceDate=2026%2F09%2F20&k_raceNo=5
2026-09-20 13:41:51,13:41,2026-09-20,saga,5,馬連,10-12,0.0,0.0,27,https://www.keiba.go.jp/KeibaWeb/TodayRaceInfo/OddsUmLenFuku?k_babaCode=32&k_raceDate=2026%2F09%2F20&k_raceNo=5
2026-09-20 13:41:51,13:41,2026-09-20,saga,5,馬連,11-12,0.0,0.0,27,https://www.keiba.go.jp/KeibaWeb/TodayRaceInfo/OddsUmLenFuku?k_babaCode=32&k_raceDate=2026%2F09%2F20&k_raceNo=5
2026-09-20 13:41:51,13:41,2026-09-20,saga,5,ワイド,2-5,1.5,1.5,1,https://www.keiba.go.jp/KeibaWeb/TodayRaceInfo/OddsWide?k_babaCode=32&k_raceDate=2026%2F09%2F20&k_raceNo=5
2026-09-20 13:41:51,13:41,2026-09-20,saga,5,ワイド,1-3,2.7,2.7,2,https://www.keiba.go.jp/KeibaWeb/TodayRaceInfo/OddsWide?k_babaCode=32&k_raceDate=2026%2F09%2F20&k_raceNo=5
2026-09-20 13:41:51,13:41,2026-09-20,saga,5,ワイド,4-6,2.8,3.0,3,https://www.keiba.go.jp/KeibaWeb/TodayRaceInfo/OddsWide?k_babaCode=32&k_raceDate=2026%2F09%2F20&k_raceNo=5
2026-09-20 13:41:51,13:41,2026-09-20,saga,5,ワイド,4-11,3.7,4.0,4,https://www.keiba.go.jp/KeibaWeb/TodayRaceInfo/OddsWide?k_babaCode=32&k_raceDate=2026%2F09%2F20&k_raceNo=5
2026-09-20 13:41:51,13:41,2026-09-20,saga,5,ワイド,5-11,4.2,5.5,5,https://www.keiba.go.jp/KeibaWeb/TodayRaceInfo/OddsWide?k_babaCode=32&k_raceDate=2026%2F09%2F20&k_raceNo=5
2026-09-20 13:41:51,13:41,2026-09-20,saga,5,ワイド,2-4,6.8,8.8,6,https://www.keiba.go.jp/KeibaWeb/TodayRaceInfo/OddsWide?k_babaCode=32&k_raceDate=2026%2F09%2F20&k_raceNo=5
2026-09-20 13:41:51,13:41,2026-09-20,saga,5,ワイド,4-8,7.9,8.8,7,https://www.keiba.go.jp/KeibaWeb/TodayRaceInfo/OddsWide?k_babaCode=32&k_raceDate=2026%2F09%2F20&k_raceNo=5
2026-09-20 13:41:51,13:41,2026-09-20,saga,5,ワイド,8-11,8.0,8.8,8,https://www.keiba.go.jp/KeibaWeb/TodayRaceInfo/OddsWide?k_babaCode=32&k_raceDate=2026%2F09%2F20&k_raceNo=5
2026-09-20 13:41:51,13:41,2026-09-20,saga,5,ワイド,2-11,9.5,13.0,9,https://www.keiba.go.jp/KeibaWeb/TodayRaceInfo/OddsWide?k_babaCode=32&k_raceDate=2026%2F09%2F20&k_raceNo=5
2026-09-20 13:41:51,13:41,2026-09-20,saga,5,ワイド,2-8,9.8,13.0,10,https://www.keiba.go.jp/KeibaWeb/TodayRaceInfo/OddsWide?k_babaCode=32&k_raceDate=2026%2F09%2F20&k_raceNo=5
2026-09-20 13:41:51,13:41,2026-09-20,saga,5,ワイド,5-8,9.8,13.0,10,https://www.keiba.go.jp/KeibaWeb/TodayRaceInfo/OddsWide?k_babaCode=32&k_raceDate=2026%2F09%2F20&k_raceNo=5
2026-09-20 13:41:51,13:41,2026-09-20,saga,5,ワイド,1-8,11.5,13.0,12,https://www.keiba.go.jp/KeibaWeb/TodayRaceInfo/OddsWide?k_babaCode=32&k_raceDate=2026%2F09%2F20&k_raceNo=5
2026-09-20 13:41:51,13:41,2026-09-20,saga,5,ワイド,1-7,11.6,13.0,13,https://www.keiba.go.jp/KeibaWeb/TodayRaceInfo/OddsWide?k_babaCode=32&k_raceDate=2026%2F09%2F20&k_raceNo=5
2026-09-20 13:41:51,13:41,2026-09-20,saga,5,ワイド,6-12,11.6,13.0,13,https://www.keiba.go.jp/KeibaWeb/TodayRaceInfo/OddsWide?k_babaCode=32&k_raceDate=2026%2F09%2F20&k_raceNo=5
2026-09-20 13:41:51,13:41,2026-09-20,saga,5,ワイド,9-12,12.6,13.0,15,https://www.keiba.go.jp/KeibaWeb/TodayRaceInfo/OddsWide?k_babaCode=32&k_raceDate=2026%2F09%2F20&k_raceNo=5
2026-09-20 13:41:51,13:41,2026-09-20,saga,5,ワイド,4-5,19.0,25.5,16,https://www.keiba.go.jp/KeibaWeb/TodayRaceInfo/OddsWide?k_babaCode=32&k_raceDate=2026%2F09%2F20&k_raceNo=5
2026-09-20 13:41:51,13:41,2026-09-20,saga,5,ワイド,1-2,19.5,25.5,17,https://www.keiba.go.jp/KeibaWeb/TodayRaceInfo/OddsWide?k_babaCode=32&k_raceDate=2026%2F09%2F20&k_raceNo=5
2026-09-20 13:41:51,13:41,2026-09-20,saga,5,ワイド,1-5,19.5,25.5,17,https://www.keiba.go.jp/KeibaWeb/TodayRaceInfo/OddsWide?k_babaCode=32&k_raceDate=2026%2F09%2F20&k_raceNo=5
2026-09-20 13:41:51,13:41,2026-09-20,saga,5,ワイド,2-3,19.5,25.5,17,https://www.keiba.go.jp/KeibaWeb/TodayRaceInfo/OddsWide?k_babaCode=32&k_raceDate=2026%2F09%2F20&k_raceNo=5
2026-09-20 13:41:51,13:41,2026-09-20,saga,5,ワイド,2-7,19.5,25.5,17,https://www.keiba.go.jp/KeibaWeb/TodayRaceInfo/OddsWide?k_babaCode=32&k_raceDate=2026%2F09%2F20&k_raceNo=5
2026-09-20 13:41:51,13:41,2026-09-20,saga,5,ワイド,3-5,19.5,25.5,17,https://www.keiba.go.jp/KeibaWeb/TodayRaceInfo/OddsWide?k_babaCode=32&k_raceDate=2026%2F09%2F20&k_raceNo=5
2026-09-20 13:41:51,13:41,2026-09-20,saga,5,ワイド,5-7,19.5,25.5,17,https://www.keiba.go.jp/KeibaWeb/TodayRaceInfo/OddsWide?k_babaCode=32&k_raceDate=2026%2F09%2F20&k_raceNo=5
2026-09-20 13:41:51,13:41,2026-09-20,saga,5,ワイド,2-6,19.7,25.5,23,https://www.keiba.go.jp/KeibaWeb/TodayRaceInfo/OddsWide?k_babaCode=32&k_raceDate=2026%2F09%2F20&k_raceNo=5
2026-09-20 13:41:51,13:41,2026-09-20,saga,5,ワイド,5-12,19.7,25.5,23,https://www.keiba.go.jp/KeibaWeb/TodayRaceInfo/OddsWide?k_babaCode=32&k_raceDate=2026%2F09%2F20&k_raceNo=5
2026-09-20 13:41:51,13:41,2026-09-20,saga,5,ワイド,3-8,22.2,25.5,25,https://www.keiba.go.jp/KeibaWeb/TodayRaceInfo/OddsWide?k_babaCode=32&k_raceDate=2026%2F09%2F20&k_raceNo=5
2026-09-20 13:41:51,13:41,2026-09-20,saga,5,ワイド,6-8,22.2,25.5,25,https://www.keiba.go.jp/KeibaWeb/TodayRaceInfo/OddsWide?k_babaCode=32&k_raceDate=2026%2F09%2F20&k_raceNo=5
2026-09-20 13:41:51,13:41,2026-09-20,saga,5,ワイド,4-12,22.5,25.2,27,https://www.keiba.go.jp/KeibaWeb/TodayRaceInfo/OddsWide?k_babaCode=32&k_raceDate=2026%2F09%2F20&k_raceNo=5
2026-09-20 13:41:51,13:41,2026-09-20,saga,5,ワイド,1-4,22.7,25.5,28,https://www.keiba.go.jp/KeibaWeb/TodayRaceInfo/OddsWide?k_babaCode=32&k_raceDate=2026%2F09%2F20&k_raceNo=5
2026-09-20 13:41:51,13:41,2026-09-20,saga,5,ワイド,3-12,22.7,25.5,28,https://www.keiba.go.jp/KeibaWeb/TodayRaceInfo/OddsWide?k_babaCode=32&k_raceDate=2026%2F09%2F20&k_raceNo=5
2026-09-20 13:41:51,13:41,2026-09-20,saga,5,ワイド,4-10,23.0,25.5,30,https://www.keiba.go.jp/KeibaWeb/TodayRaceInfo/OddsWide?k_babaCode=32&k_raceDate=2026%2F09%2F20&k_raceNo=5
2026-09-20 13:41:51,13:41,2026-09-20,saga,5,ワイド,6-7,23.0,25.5,30,https://www.keiba.go.jp/KeibaWeb/TodayRaceInfo/OddsWide?k_babaCode=32&k_raceDate=2026%2F09%2F20&k_raceNo=5
2026-09-20 13:41:51,13:41,2026-09-20,saga,5,ワイド,6-9,23.0,25.5,30,https://www.keiba.go.jp/KeibaWeb/TodayRaceInfo/OddsWide?k_babaCode=32&k_raceDate=2026%2F09%2F20&k_raceNo=5
2026-09-20 13:41:51,13:41,2026-09-20,saga,5,ワイド,11-12,23.5,25.5,33,https://www.keiba.go.jp/KeibaWeb/TodayRaceInfo/OddsWide?k_babaCode=32&k_raceDate=2026%2F09%2F20&k_raceNo=5
2026-09-20 13:41:51,13:41,2026-09-20,saga,5,ワイド,8-12,24.5,25.5,34,https://www.keiba.go.jp/KeibaWeb/TodayRaceInfo/OddsWide?k_babaCode=32&k_raceDate=2026%2F09%2F20&k_raceNo=5
2026-09-20 13:41:51,13:41,2026-09-20,saga,5,ワイド,7-9,24.7,25.5,35,https://www.keiba.go.jp/KeibaWeb/TodayRaceInfo/OddsWide?k_babaCode=32&k_raceDate=2026%2F09%2F20&k_raceNo=5
2026-09-20 13:41:51,13:41,2026-09-20,saga,5,ワイド,7-12,24.7,25.5,35,https://www.keiba.go.jp/KeibaWeb/TodayRaceInfo/OddsWide?k_babaCode=32&k_raceDate=2026%2F09%2F20&k_raceNo=5
2026-09-20 13:41:51,13:41,2026-09-20,saga,5,ワイド,1-6,0.0,0.0,37,https://www.keiba.go.jp/KeibaWeb/TodayRaceInfo/OddsWide?k_babaCode=32&k_raceDate=2026%2F09%2F20&k_raceNo=5
2026-09-20 13:41:51,13:41,2026-09-20,saga,5,ワイド,1-9,0.0,0.0,37,https://www.keiba.go.jp/KeibaWeb/TodayRaceInfo/OddsWide?k_babaCode=32&k_raceDate=2026%2F09%2F20&k_raceNo=5
2026-09-20 13:41:51,13:41,2026-09-20,saga,5,ワイド,1-10,0.0,0.0,37,https://www.keiba.go.jp/KeibaWeb/TodayRaceInfo/OddsWide?k_babaCode=32&k_raceDate=2026%2F09%2F20&k_raceNo=5
2026-09-20 13:41:51,13:41,2026-09-20,saga,5,ワイド,1-11,0.0,0.0,37,https://www.keiba.go.jp/KeibaWeb/TodayRaceInfo/OddsWide?k_babaCode=32&k_raceDate=2026%2F09%2F20&k_raceNo=5
2026-09-20 13:41:51,13:41,2026-09-20,saga,5,ワイド,1-12,0.0,0.0,37,https://www.keiba.go.jp/KeibaWeb/TodayRaceInfo/OddsWide?k_babaCode=32&k_raceDate=2026%2F09%2F20&k_raceNo=5
2026-09-20 13:41:51,13:41,2026-09-20,saga,5,ワイド,2-9,0.0,0.0,37,https://www.keiba.go.jp/KeibaWeb/TodayRaceInfo/OddsWide?k_babaCode=32&k_raceDate=2026%2F09%2F20&k_raceNo=5
2026-09-20 13:41:51,13:41,2026-09-20,saga,5,ワイド,2-10,0.0,0.0,37,https://www.keiba.go.jp/KeibaWeb/TodayRaceInfo/OddsWide?k_babaCode=32&k_raceDate=2026%2F09%2F20&k_raceNo=5
2026-09-20 13:41:51,13:41,2026-09-20,saga,5,ワイド,2-12,0.0,0.0,37,https://www.keiba.go.jp/KeibaWeb/TodayRaceInfo/OddsWide?k_babaCode=32&k_raceDate=2026%2F09%2F20&k_raceNo=5
2026-09-20 13:41:51,13:41,2026-09-20,saga,5,ワイド,3-4,0.0,0.0,37,https://www.keiba.go.jp/KeibaWeb/TodayRaceInfo/OddsWide?k_babaCode=32&k_raceDate=2026%2F09%2F20&k_raceNo=5
2026-09-20 13:41:51,13:41,2026-09-20,saga,5,ワイド,3-6,0.0,0.0,37,https://www.keiba.go.jp/KeibaWeb/TodayRaceInfo/OddsWide?k_babaCode=32&k_raceDate=2026%2F09%2F20&k_raceNo=5
2026-09-20 13:41:51,13:41,2026-09-20,saga,5,ワイド,3-7,0.0,0.0,37,https://www.keiba.go.jp/KeibaWeb/TodayRaceInfo/OddsWide?k_babaCode=32&k_raceDate=2026%2F09%2F20&k_raceNo=5
2026-09-20 13:41:51,13:41,2026-09-20,saga,5,ワイド,3-9,0.0,0.0,37,https://www.keiba.go.jp/KeibaWeb/TodayRaceInfo/OddsWide?k_babaCode=32&k_raceDate=2026%2F09%2F20&k_raceNo=5
2026-09-20 13:41:51,13:41,2026-09-20,saga,5,ワイド,3-10,0.0,0.0,37,https://www.keiba.go.jp/KeibaWeb/TodayRaceInfo/OddsWide?k_babaCode=32&k_raceDate=2026%2F09%2F20&k_raceNo=5
2026-09-20 13:41:51,13:41,2026-09-20,saga,5,ワイド,3-11,0.0,0.0,37,https://www.keiba.go.jp/KeibaWeb/TodayRaceInfo/OddsWide?k_babaCode=32&k_raceDate=2026%2F09%2F20&k_raceNo=5
2026-09-20 13:41:51,13:41,2026-09-20,saga,5,ワイド,4-7,0.0,0.0,37,https://www.keiba.go.jp/KeibaWeb/TodayRaceInfo/OddsWide?k_babaCode=32&k_raceDate=2026%2F09%2F20&k_raceNo=5
2026-09-20 13:41:51,13:41,2026-09-20,saga,5,ワイド,4-9,0.0,0.0,37,https://www.keiba.go.jp/KeibaWeb/TodayRaceInfo/OddsWide?k_babaCode=32&k_raceDate=2026%2F09%2F20&k_raceNo=5
2026-09-20 13:41:51,13:41,2026-09-20,saga,5,ワイド,5-6,0.0,0.0,37,https://www.keiba.go.jp/KeibaWeb/TodayRaceInfo/OddsWide?k_babaCode=32&k_raceDate=2026%2F09%2F20&k_raceNo=5
2026-09-20 13:41:51,13:41,2026-09-20,saga,5,ワイド,5-9,0.0,0.0,37,https://www.keiba.go.jp/KeibaWeb/TodayRaceInfo/OddsWide?k_babaCode=32&k_raceDate=2026%2F09%2F20&k_raceNo=5
2026-09-20 13:41:51,13:41,2026-09-20,saga,5,ワイド,5-10,0.0,0.0,37,https://www.keiba.go.jp/KeibaWeb/TodayRaceInfo/OddsWide?k_babaCode=32&k_raceDate=2026%2F09%2F20&k_raceNo=5
2026-09-20 13:41:51,13:41,2026-09-20,saga,5,ワイド,6-10,0.0,0.0,37,https://www.keiba.go.jp/KeibaWeb/TodayRaceInfo/OddsWide?k_babaCode=32&k_raceDate=2026%2F09%2F20&k_raceNo=5
2026-09-20 13:41:51,13:41,2026-09-20,saga,5,ワイド,6-11,0.0,0.0,37,https://www.keiba.go.jp/KeibaWeb/TodayRaceInfo/OddsWide?k_babaCode=32&k_raceDate=2026%2F09%2F20&k_raceNo=5
2026-09-20 13:41:51,13:41,2026-09-20,saga,5,ワイド,7-8,0.0,0.0,37,https://www.keiba.go.jp/KeibaWeb/TodayRaceInfo/OddsWide?k_babaCode=32&k_raceDate=2026%2F09%2F20&k_raceNo=5
2026-09-20 13:41:51,13:41,2026-09-20,saga,5,ワイド,7-10,0.0,0.0,37,https://www.keiba.go.jp/KeibaWeb/TodayRaceInfo/OddsWide?k_babaCode=32&k_raceDate=2026%2F09%2F20&k_raceNo=5
2026-09-20 13:41:51,13:41,2026-09-20,saga,5,ワイド,7-11,0.0,0.0,37,https://www.keiba.go.jp/KeibaWeb/TodayRaceInfo/OddsWide?k_babaCode=32&k_raceDate=2026%2F09%2F20&k_raceNo=5
2026-09-20 13:41:51,13:41,2026-09-20,saga,5,ワイド,8-9,0.0,0.0,37,https://www.keiba.go.jp/KeibaWeb/TodayRaceInfo/OddsWide?k_babaCode=32&k_raceDate=2026%2F09%2F20&k_raceNo=5
2026-09-20 13:41:51,13:41,2026-09-20,saga,5,ワイド,8-10,0.0,0.0,37,https://www.keiba.go.jp/KeibaWeb/TodayRaceInfo/OddsWide?k_babaCode=32&k_raceDate=2026%2F09%2F20&k_raceNo=5
2026-09-20 13:41:51,13:41,2026-09-20,saga,5,ワイド,9-10,0.0,0.0,37,https://www.keiba.go.jp/KeibaWeb/TodayRaceInfo/OddsWide?k_babaCode=32&k_raceDate=2026%2F09%2F20&k_raceNo=5
2026-09-20 13:41:51,13:41,2026-09-20,saga,5,ワイド,9-11,0.0,0.0,37,https://www.keiba.go.jp/KeibaWeb/TodayRaceInfo/OddsWide?k_babaCode=32&k_raceDate=2026%2F09%2F20&k_raceNo=5
2026-09-20 13:41:51,13:41,2026-09-20,saga,5,ワイド,10-11,0.0,0.0,37,https://www.keiba.go.jp/KeibaWeb/TodayRaceInfo/OddsWide?k_babaCode=32&k_raceDate=2026%2F09%2F20&k_raceNo=5
2026-09-20 13:41:51,13:41,2026-09-20,saga,5,ワイド,10-12,0.0,0.0,37,https://www.keiba.go.jp/KeibaWeb/TodayRaceInfo/OddsWide?k_babaCode=32&k_raceDate=2026%2F09%2F20&k_raceNo=5
2026-09-20 13:41:51,13:41,2026-09-20,saga,5,三連複,2-5-11,8.2,8.2,1,https://www.keiba.go.jp/KeibaWeb/TodayRaceInfo/Odds3LenFuku?k_babaCode=32&k_raceDate=2026%2F09%2F20&k_raceNo=5
2026-09-20 13:41:51,13:41,2026-09-20,saga,5,三連複,2-5-12,8.2,8.2,1,https://www.keiba.go.jp/KeibaWeb/TodayRaceInfo/Odds3LenFuku?k_babaCode=32&k_raceDate=2026%2F09%2F20&k_raceNo=5
2026-09-20 13:41:51,13:41,2026-09-20,saga,5,三連複,2-4-5,10.8,10.8,3,https://www.keiba.go.jp/KeibaWeb/TodayRaceInfo/Odds3LenFuku?k_babaCode=32&k_raceDate=2026%2F09%2F20&k_raceNo=5
2026-09-20 13:41:51,13:41,2026-09-20,saga,5,三連複,4-5-8,14.4,14.4,4,https://www.keiba.go.jp/KeibaWeb/TodayRaceInfo/Odds3LenFuku?k_babaCode=32&k_raceDate=2026%2F09%2F20&k_raceNo=5
2026-09-20 13:41:51,13:41,2026-09-20,saga,5,三連複,2-4-8,18.9,18.9,5,https://www.keiba.go.jp/KeibaWeb/TodayRaceInfo/Odds3LenFuku?k_babaCode=32&k_raceDate=2026%2F09%2F20&k_raceNo=5
2026-09-20 13:41:51,13:41,2026-09-20,saga,5,三連複,2-5-8,18.9,18.9,5,https://www.keiba.go.jp/KeibaWeb/TodayRaceInfo/Odds3LenFuku?k_babaCode=32&k_raceDate=2026%2F09%2F20&k_raceNo=5
2026-09-20 13:41:51,13:41,2026-09-20,saga,5,三連複,5-8-11,20.2,20.2,7,https://www.keiba.go.jp/KeibaWeb/TodayRaceInfo/Odds3LenFuku?k_babaCode=32&k_raceDate=2026%2F09%2F20&k_raceNo=5
2026-09-20 13:41:51,13:41,2026-09-20,saga,5,三連複,5-11-12,20.2,20.2,7,https://www.keiba.go.jp/KeibaWeb/TodayRaceInfo/Odds3LenFuku?k_babaCode=32&k_raceDate=2026%2F09%2F20&k_raceNo=5
2026-09-20 13:41:51,13:41,2026-09-20,saga,5,三連複,5-8-12,21.6,21.6,9,https://www.keiba.go.jp/KeibaWeb/TodayRaceInfo/Odds3LenFuku?k_babaCode=32&k_raceDate=2026%2F09%2F20&k_raceNo=5
2026-09-20 13:41:51,13:41,2026-09-20,saga,5,三連複,2-4-11,23.3,23.3,10,https://www.keiba.go.jp/KeibaWeb/TodayRaceInfo/Odds3LenFuku?k_babaCode=32&k_raceDate=2026%2F09%2F20&k_raceNo=5
2026-09-20 13:41:51,13:41,2026-09-20,saga,5,三連複,2-11-12,23.3,23.3,10,https://www.keiba.go.jp/KeibaWeb/TodayRaceInfo/Odds3LenFuku?k_babaCode=32&k_raceDate=2026%2F09%2F20&k_raceNo=5
2026-09-20 13:41:51,13:41,2026-09-20,saga,5,三連複,4-5-11,25.3,25.3,12,https://www.keiba.go.jp/KeibaWeb/TodayRaceInfo/Odds3LenFuku?k_babaCode=32&k_raceDate=2026%2F09%2F20&k_raceNo=5
2026-09-20 13:41:51,13:41,2026-09-20,saga,5,三連複,4-5-12,25.3,25.3,12,https://www.keiba.go.jp/KeibaWeb/TodayRaceInfo/Odds3LenFuku?k_babaCode=32&k_raceDate=2026%2F09%2F20&k_raceNo=5
2026-09-20 13:41:51,13:41,2026-09-20,saga,5,三連複,2-4-12,33.7,33.7,14,https://www.keiba.go.jp/KeibaWeb/TodayRaceInfo/Odds3LenFuku?k_babaCode=32&k_raceDate=2026%2F09%2F20&k_raceNo=5
2026-09-20 13:41:51,13:41,2026-09-20,saga,5,三連複,2-8-11,50.6,50.6,15,https://www.keiba.go.jp/KeibaWeb/TodayRaceInfo/Odds3LenFuku?k_babaCode=32&k_raceDate=2026%2F09%2F20&k_raceNo=5
2026-09-20 13:41:51,13:41,2026-09-20,saga,5,三連複,2-8-12,50.6,50.6,15,https://www.keiba.go.jp/KeibaWeb/TodayRaceInfo/Odds3LenFuku?k_babaCode=32&k_raceDate=2026%2F09%2F20&k_raceNo=5
2026-09-20 13:41:51,13:41,2026-09-20,saga,5,三連複,2-5-7,60.7,60.7,17,https://www.keiba.go.jp/KeibaWeb/TodayRaceInfo/Odds3LenFuku?k_babaCode=32&k_raceDate=2026%2F09%2F20&k_raceNo=5
2026-09-20 13:41:51,13:41,2026-09-20,saga,5,三連複,4-8-11,60.7,60.7,17,https://www.keiba.go.jp/KeibaWeb/TodayRaceInfo/Odds3LenFuku?k_babaCode=32&k_raceDate=2026%2F09%2F20&k_raceNo=5
2026-09-20 13:41:51,13:41,2026-09-20,saga,5,三連複,4-8-12,60.7,60.7,17,https://www.keiba.go.jp/KeibaWeb/TodayRaceInfo/Odds3LenFuku?k_babaCode=32&k_raceDate=2026%2F09%2F20&k_raceNo=5
2026-09-20 13:41:51,13:41,2026-09-20,saga,5,三連複,4-11-12,60.7,60.7,17,https://www.keiba.go.jp/KeibaWeb/TodayRaceInfo/Odds3LenFuku?k_babaCode=32&k_raceDate=2026%2F09%2F20&k_raceNo=5
2026-09-20 13:41:51,13:41,2026-09-20,saga,5,三連複,2-3-6,75.9,75.9,21,https://www.keiba.go.jp/KeibaWeb/TodayRaceInfo/Odds3LenFuku?k_babaCode=32&k_raceDate=2026%2F09%2F20&k_raceNo=5
2026-09-20 13:41:51,13:41,2026-09-20,saga,5,三連複,2-5-6,75.9,75.9,21,https://www.keiba.go.jp/KeibaWeb/TodayRaceInfo/Odds3LenFuku?k_babaCode=32&k_raceDate=2026%2F09%2F20&k_raceNo=5
2026-09-20 13:41:51,13:41,2026-09-20,saga,5,三連複,8-11-12,75.9,75.9,21,https://www.keiba.go.jp/KeibaWeb/TodayRaceInfo/Odds3LenFuku?k_babaCode=32&k_raceDate=2026%2F09%2F20&k_raceNo=5
2026-09-20 13:41:51,13:41,2026-09-20,saga,5,三連複,1-2-5,101.2,101.2,24,https://www.keiba.go.jp/KeibaWeb/TodayRaceInfo/Odds3LenFuku?k_babaCode=32&k_raceDate=2026%2F09%2F20&k_raceNo=5
2026-09-20 13:41:51,13:41,2026-09-20,saga,5,三連複,2-3-8,101.2,101.2,24,https://www.keiba.go.jp/KeibaWeb/TodayRaceInfo/Odds3LenFuku?k_babaCode=32&k_raceDate=2026%2F09%2F20&k_raceNo=5
2026-09-20 13:41:51,13:41,2026-09-20,saga,5,三連複,2-4-7,101.2,101.2,24,https://www.keiba.go.jp/KeibaWeb/TodayRaceInfo/Odds3LenFuku?k_babaCode=32&k_raceDate=2026%2F09%2F20&k_raceNo=5
2026-09-20 13:41:51,13:41,2026-09-20,saga,5,三連複,2-5-9,101.2,101.2,24,https://www.keiba.go.jp/KeibaWeb/TodayRaceInfo/Odds3LenFuku?k_babaCode=32&k_raceDate=2026%2F09%2F20&k_raceNo=5
2026-09-20 13:41:51,13:41,2026-09-20,saga,5,三連複,3-7-11,101.2,101.2,24,https://www.keiba.go.jp/KeibaWeb/TodayRaceInfo/Odds3LenFuku?k_babaCode=32&k_raceDate=2026%2F09%2F20&k_raceNo=5
2026-09-20 13:41:51,13:41,2026-09-20,saga,5,三連複,4-5-7,101.2,101.2,24,https://www.keiba.go.jp/KeibaWeb/TodayRaceInfo/Odds3LenFuku?k_babaCode=32&k_raceDate=2026%2F09%2F20&k_raceNo=5
2026-09-20 13:41:51,13:41,2026-09-20,saga,5,三連複,5-6-12,101.2,101.2,24,https://www.keiba.go.jp/KeibaWeb/TodayRaceInfo/Odds3LenFuku?k_babaCode=32&k_raceDate=2026%2F09%2F20&k_raceNo=5
2026-09-20 13:41:51,13:41,2026-09-20,saga,5,三連複,5-7-8,101.2,101.2,24,https://www.keiba.go.jp/KeibaWeb/TodayRaceInfo/Odds3LenFuku?k_babaCode=32&k_raceDate=2026%2F09%2F20&k_raceNo=5
2026-09-20 13:41:51,13:41,2026-09-20,saga,5,三連複,5-9-12,101.2,101.2,24,https://www.keiba.go.jp/KeibaWeb/TodayRaceInfo/Odds3LenFuku?k_babaCode=32&k_raceDate=2026%2F09%2F20&k_raceNo=5
2026-09-20 13:41:51,13:41,2026-09-20,saga,5,三連複,1-2-6,151.8,151.8,33,https://www.keiba.go.jp/KeibaWeb/TodayRaceInfo/Odds3LenFuku?k_babaCode=32&k_raceDate=2026%2F09%2F20&k_raceNo=5
2026-09-20 13:41:51,13:41,2026-09-20,saga,5,三連複,1-2-8,151.8,151.8,33,https://www.keiba.go.jp/KeibaWeb/TodayRaceInfo/Odds3LenFuku?k_babaCode=32&k_raceDate=2026%2F09%2F20&k_raceNo=5
2026-09-20 13:41:51,13:41,2026-09-20,saga,5,三連複,1-5-12,151.8,151.8,33,https://www.keiba.go.jp/KeibaWeb/TodayRaceInfo/Odds3LenFuku?k_babaCode=32&k_raceDate=2026%2F09%2F20&k_raceNo=5
2026-09-20 13:41:51,13:41,2026-09-20,saga,5,三連複,1-7-9,151.8,151.8,33,https://www.keiba.go.jp/KeibaWeb/TodayRaceInfo/Odds3LenFuku?k_babaCode=32&k_raceDate=2026%2F09%2F20&k_raceNo=5
2026-09-20 13:41:51,13:41,2026-09-20,saga,5,三連複,1-7-11,151.8,151.8,33,https://www.keiba.go.jp/KeibaWeb/TodayRaceInfo/Odds3LenFuku?k_babaCode=32&k_raceDate=2026%2F09%2F20&k_raceNo=5
2026-09-20 13:41:51,13:41,2026-09-20,saga,5,三連複,2-3-4,151.8,151.8,33,https://www.keiba.go.jp/KeibaWeb/TodayRaceInfo/Odds3LenFuku?k_babaCode=32&k_raceDate=2026%2F09%2F20&k_raceNo=5
2026-09-20 13:41:51,13:41,2026-09-20,saga,5,三連複,2-3-11,151.8,151.8,33,https://www.keiba.go.jp/KeibaWeb/TodayRaceInfo/Odds3LenFuku?k_babaCode=32&k_raceDate=2026%2F09%2F20&k_raceNo=5
2026-09-20 13:41:51,13:41,2026-09-20,saga,5,三連複,2-5-10,151.8,151.8,33,https://www.keiba.go.jp/KeibaWeb/TodayRaceInfo/Odds3LenFuku?k_babaCode=32&k_raceDate=2026%2F09%2F20&k_raceNo=5
2026-09-20 13:41:51,13:41,2026-09-20,saga,5,三連複,2-6-7,151.8,151.8,33,https://www.keiba.go.jp/KeibaWeb/TodayRaceInfo/Odds3LenFuku?k_babaCode=32&k_raceDate=2026%2F09%2F20&k_raceNo=5
2026-09-20 13:41:51,13:41,2026-09-20,saga,5,三連複,3-5-7,151.8,151.8,33,https://www.keiba.go.jp/KeibaWeb/TodayRaceInfo/Odds3LenFuku?k_babaCode=32&k_raceDate=2026%2F09%2F20&k_raceNo=5
2026-09-20 13:41:51,13:41,2026-09-20,saga,5,三連複,3-5-8,151.8,151.8,33,https://www.keiba.go.jp/KeibaWeb/TodayRaceInfo/Odds3LenFuku?k_babaCode=32&k_raceDate=2026%2F09%2F20&k_raceNo=5
2026-09-20 13:41:51,13:41,2026-09-20,saga,5,三連複,3-5-12,151.8,151.8,33,https://www.keiba.go.jp/KeibaWeb/TodayRaceInfo/Odds3LenFuku?k_babaCode=32&k_raceDate=2026%2F09%2F20&k_raceNo=5
2026-09-20 13:41:51,13:41,2026-09-20,saga,5,三連複,4-5-9,151.8,151.8,33,https://www.keiba.go.jp/KeibaWeb/TodayRaceInfo/Odds3LenFuku?k_babaCode=32&k_raceDate=2026%2F09%2F20&k_raceNo=5
2026-09-20 13:41:51,13:41,2026-09-20,saga,5,三連複,4-7-8,151.8,151.8,33,https://www.keiba.go.jp/KeibaWeb/TodayRaceInfo/Odds3LenFuku?k_babaCode=32&k_raceDate=2026%2F09%2F20&k_raceNo=5
2026-09-20 13:41:51,13:41,2026-09-20,saga,5,三連複,4-10-12,151.8,151.8,33,https://www.keiba.go.jp/KeibaWeb/TodayRaceInfo/Odds3LenFuku?k_babaCode=32&k_raceDate=2026%2F09%2F20&k_raceNo=5
2026-09-20 13:41:51,13:41,2026-09-20,saga,5,三連複,5-7-10,151.8,151.8,33,https://www.keiba.go.jp/KeibaWeb/TodayRaceInfo/Odds3LenFuku?k_babaCode=32&k_raceDate=2026%2F09%2F20&k_raceNo=5
2026-09-20 13:41:51,13:41,2026-09-20,saga,5,三連複,5-8-9,151.8,151.8,33,https://www.keiba.go.jp/KeibaWeb/TodayRaceInfo/Odds3LenFuku?k_babaCode=32&k_raceDate=2026%2F09%2F20&k_raceNo=5
2026-09-20 13:41:51,13:41,2026-09-20,saga,5,三連複,5-8-10,151.8,151.8,33,https://www.keiba.go.jp/KeibaWeb/TodayRaceInfo/Odds3LenFuku?k_babaCode=32&k_raceDate=2026%2F09%2F20&k_raceNo=5
2026-09-20 13:41:51,13:41,2026-09-20,saga,5,三連複,5-10-11,151.8,151.8,33,https://www.keiba.go.jp/KeibaWeb/TodayRaceInfo/Odds3LenFuku?k_babaCode=32&k_raceDate=2026%2F09%2F20&k_raceNo=5
2026-09-20 13:41:51,13:41,2026-09-20,saga,5,三連複,6-7-10,151.8,151.8,33,https://www.keiba.go.jp/KeibaWeb/TodayRaceInfo/Odds3LenFuku?k_babaCode=32&k_raceDate=2026%2F09%2F20&k_raceNo=5
2026-09-20 13:41:51,13:41,2026-09-20,saga,5,三連複,1-2-3,303.7,303.7,53,https://www.keiba.go.jp/KeibaWeb/TodayRaceInfo/Odds3LenFuku?k_babaCode=32&k_raceDate=2026%2F09%2F20&k_raceNo=5
2026-09-20 13:41:51,13:41,2026-09-20,saga,5,三連複,1-2-4,303.7,303.7,53,https://www.keiba.go.jp/KeibaWeb/TodayRaceInfo/Odds3LenFuku?k_babaCode=32&k_raceDate=2026%2F09%2F20&k_raceNo=5
2026-09-20 13:41:51,13:41,2026-09-20,saga,5,三連複,1-2-12,303.7,303.7,53,https://www.keiba.go.jp/KeibaWeb/TodayRaceInfo/Odds3LenFuku?k_babaCode=32&k_raceDate=2026%2F09%2F20&k_raceNo=5
2026-09-20 13:41:51,13:41,2026-09-20,saga,5,三連複,1-3-5,303.7,303.7,53,https://www.keiba.go.jp/KeibaWeb/TodayRaceInfo/Odds3LenFuku?k_babaCode=32&k_raceDate=2026%2F09%2F20&k_raceNo=5
2026-09-20 13:41:51,13:41,2026-09-20,saga,5,三連複,1-3-7,303.7,303.7,53,https://www.keiba.go.jp/KeibaWeb/TodayRaceInfo/Odds3LenFuku?k_babaCode=32&k_raceDate=2026%2F09%2F20&k_raceNo=5
2026-09-20 13:41:51,13:41,2026-09-20,saga,5,三連複,1-3-11,303.7,303.7,53,https://www.keiba.go.jp/KeibaWeb/TodayRaceInfo/Odds3LenFuku?k_babaCode=32&k_raceDate=2026%2F09%2F20&k_raceNo=5
2026-09-20 13:41:51,13:41,2026-09-20,saga,5,三連複,1-4-6,303.7,303.7,53,https://www.keiba.go.jp/KeibaWeb/TodayRaceInfo/Odds3LenFuku?k_babaCode=32&k_raceDate=2026%2F09%2F20&k_raceNo=5
2026-09-20 13:41:51,13:41,2026-09-20,saga,5,三連複,1-4-9,303.7,303.7,53,https://www.keiba.go.jp/KeibaWeb/TodayRaceInfo/Odds3LenFuku?k_babaCode=32&k_raceDate=2026%2F09%2F20&k_raceNo=5
2026-09-20 13:41:51,13:41,2026-09-20,saga,5,三連複,1-4-12,303.7,303.7,53,https://www.keiba.go.jp/KeibaWeb/TodayRaceInfo/Odds3LenFuku?k_babaCode=32&k_raceDate=2026%2F09%2F20&k_raceNo=5
2026-09-20 13:41:51,13:41,2026-09-20,saga,5,三連複,1-5-8,303.7,303.7,53,https://www.keiba.go.jp/KeibaWeb/TodayRaceInfo/Odds3LenFuku?k_babaCode=32&k_raceDate=2026%2F09%2F20&k_raceNo=5
2026-09-20 13:41:51,13:41,2026-09-20,saga,5,三連複,1-8-9,303.7,303.7,53,https://www.keiba.go.jp/KeibaWeb/TodayRaceInfo/Odds3LenFuku?k_babaCode=32&k_raceDate=2026%2F09%2F20&k_raceNo=5
2026-09-20 13:41:51,13:41,2026-09-20,saga,5,三連複,1-9-12,303.7,303.7,53,https://www.keiba.go.jp/KeibaWeb/TodayRaceInfo/Odds3LenFuku?k_babaCode=32&k_raceDate=2026%2F09%2F20&k_raceNo=5
2026-09-20 13:41:51,13:41,2026-09-20,saga,5,三連複,2-3-5,303.7,303.7,53,https://www.keiba.go.jp/KeibaWeb/TodayRaceInfo/Odds3LenFuku?k_babaCode=32&k_raceDate=2026%2F09%2F20&k_raceNo=5
2026-09-20 13:41:51,13:41,2026-09-20,saga,5,三連複,2-4-10,303.7,303.7,53,https://www.keiba.go.jp/KeibaWeb/TodayRaceInfo/Odds3LenFuku?k_babaCode=32&k_raceDate=2026%2F09%2F20&k_raceNo=5
2026-09-20 13:41:51,13:41,2026-09-20,saga,5,三連複,2-6-8,303.7,303.7,53,https://www.keiba.go.jp/KeibaWeb/TodayRaceInfo/Odds3LenFuku?k_babaCode=32&k_raceDate=2026%2F09%2F20&k_raceNo=5
2026-09-20 13:41:51,13:41,2026-09-20,saga,5,三連複,2-6-10,303.7,303.7,53,https://www.keiba.go.jp/KeibaWeb/TodayRaceInfo/Odds3LenFuku?k_babaCode=32&k_raceDate=2026%2F09%2F20&k_raceNo=5
2026-09-20 13:41:51,13:41,2026-09-20,saga,5,三連複,2-6-12,303.7,303.7,53,https://www.keiba.go.jp/KeibaWeb/TodayRaceInfo/Odds3LenFuku?k_babaCode=32&k_raceDate=2026%2F09%2F20&k_raceNo=5
2026-09-20 13:41:51,13:41,2026-09-20,saga,5,三連複,2-7-8,303.7,303.7,53,https://www.keiba.go.jp/KeibaWeb/TodayRaceInfo/Odds3LenFuku?k_babaCode=32&k_raceDate=2026%2F09%2F20&k_raceNo=5
2026-09-20 13:41:51,13:41,2026-09-20,saga,5,三連複,2-7-10,303.7,303.7,53,https://www.keiba.go.jp/KeibaWeb/TodayRaceInfo/Odds3LenFuku?k_babaCode=32&k_raceDate=2026%2F09%2F20&k_raceNo=5
2026-09-20 13:41:51,13:41,2026-09-20,saga,5,三連複,2-7-11,303.7,303.7,53,https://www.keiba.go.jp/KeibaWeb/TodayRaceInfo/Odds3LenFuku?k_babaCode=32&k_raceDate=2026%2F09%2F20&k_raceNo=5
2026-09-20 13:41:51,13:41,2026-09-20,saga,5,三連複,2-9-12,303.7,303.7,53,https://www.keiba.go.jp/KeibaWeb/TodayRaceInfo/Odds3LenFuku?k_babaCode=32&k_raceDate=2026%2F09%2F20&k_raceNo=5
2026-09-20 13:41:51,13:41,2026-09-20,saga,5,三連複,2-10-12,303.7,303.7,53,https://www.keiba.go.jp/KeibaWeb/TodayRaceInfo/Odds3LenFuku?k_babaCode=32&k_raceDate=2026%2F09%2F20&k_raceNo=5
2026-09-20 13:41:51,13:41,2026-09-20,saga,5,三連複,3-4-5,303.7,303.7,53,https://www.keiba.go.jp/KeibaWeb/TodayRaceInfo/Odds3LenFuku?k_babaCode=32&k_raceDate=2026%2F09%2F20&k_raceNo=5
2026-09-20 13:41:51,13:41,2026-09-20,saga,5,三連複,3-4-8,303.7,303.7,53,https://www.keiba.go.jp/KeibaWeb/TodayRaceInfo/Odds3LenFuku?k_babaCode=32&k_raceDate=2026%2F09%2F20&k_raceNo=5
2026-09-20 13:41:51,13:41,2026-09-20,saga,5,三連複,3-5-6,303.7,303.7,53,https://www.keiba.go.jp/KeibaWeb/TodayRaceInfo/Odds3LenFuku?k_babaCode=32&k_raceDate=2026%2F09%2F20&k_raceNo=5
2026-09-20 13:41:51,13:41,2026-09-20,saga,5,三連複,3-6-9,303.7,303.7,53,https://www.keiba.go.jp/KeibaWeb/TodayRaceInfo/Odds3LenFuku?k_babaCode=32&k_raceDate=2026%2F09%2F20&k_raceNo=5
2026-09-20 13:41:51,13:41,2026-09-20,saga,5,三連複,3-6-10,303.7,303.7,53,https://www.keiba.go.jp/KeibaWeb/TodayRaceInfo/Odds3LenFuku?k_babaCode=32&k_raceDate=2026%2F09%2F20&k_raceNo=5
2026-09-20 13:41:51,13:41,2026-09-20,saga,5,三連複,3-8-10,303.7,303.7,53,https://www.keiba.go.jp/KeibaWeb/TodayRaceInfo/Odds3LenFuku?k_babaCode=32&k_raceDate=2026%2F09%2F20&k_raceNo=5
2026-09-20 13:41:51,13:41,2026-09-20,saga,5,三連複,3-8-11,303.7,303.7,53,https://www.keiba.go.jp/KeibaWeb/TodayRaceInfo/Odds3LenFuku?k_babaCode=32&k_raceDate=2026%2F09%2F20&k_raceNo=5
2026-09-20 13:41:51,13:41,2026-09-20,saga,5,三連複,3-9-12,303.7,303.7,53,https://www.keiba.go.jp/KeibaWeb/TodayRaceInfo/Odds3LenFuku?k_babaCode=32&k_raceDate=2026%2F09%2F20&k_raceNo=5
2026-09-20 13:41:51,13:41,2026-09-20,saga,5,三連複,4-5-10,303.7,303.7,53,https://www.keiba.go.jp/KeibaWeb/TodayRaceInfo/Odds3LenFuku?k_babaCode=32&k_raceDate=2026%2F09%2F20&k_raceNo=5
2026-09-20 13:41:51,13:41,2026-09-20,saga,5,三連複,4-6-7,303.7,303.7,53,https://www.keiba.go.jp/KeibaWeb/TodayRaceInfo/Odds3LenFuku?k_babaCode=32&k_raceDate=2026%2F09%2F20&k_raceNo=5
2026-09-20 13:41:51,13:41,2026-09-20,saga,5,三連複,4-7-9,303.7,303.7,53,https://www.keiba.go.jp/KeibaWeb/TodayRaceInfo/Odds3LenFuku?k_babaCode=32&k_raceDate=2026%2F09%2F20&k_raceNo=5
2026-09-20 13:41:51,13:41,2026-09-20,saga,5,三連複,4-7-11,303.7,303.7,53,https://www.keiba.go.jp/KeibaWeb/TodayRaceInfo/Odds3LenFuku?k_babaCode=32&k_raceDate=2026%2F09%2F20&k_raceNo=5
2026-09-20 13:41:51,13:41,2026-09-20,saga,5,三連複,4-7-12,303.7,303.7,53,https://www.keiba.go.jp/KeibaWeb/TodayRaceInfo/Odds3LenFuku?k_babaCode=32&k_raceDate=2026%2F09%2F20&k_raceNo=5
2026-09-20 13:41:51,13:41,2026-09-20,saga,5,三連複,4-8-9,303.7,303.7,53,https://www.keiba.go.jp/KeibaWeb/TodayRaceInfo/Odds3LenFuku?k_babaCode=32&k_raceDate=2026%2F09%2F20&k_raceNo=5
2026-09-20 13:41:51,13:41,2026-09-20,saga,5,三連複,5-6-11,303.7,303.7,53,https://www.keiba.go.jp/KeibaWeb/TodayRaceInfo/Odds3LenFuku?k_babaCode=32&k_raceDate=2026%2F09%2F20&k_raceNo=5
2026-09-20 13:41:51,13:41,2026-09-20,saga,5,三連複,5-9-11,303.7,303.7,53,https://www.keiba.go.jp/KeibaWeb/TodayRaceInfo/Odds3LenFuku?k_babaCode=32&k_raceDate=2026%2F09%2F20&k_raceNo=5
2026-09-20 13:41:51,13:41,2026-09-20,saga,5,三連複,5-10-12,303.7,303.7,53,https://www.keiba.go.jp/KeibaWeb/TodayRaceInfo/Odds3LenFuku?k_babaCode=32&k_raceDate=2026%2F09%2F20&k_raceNo=5
2026-09-20 13:41:51,13:41,2026-09-20,saga,5,三連複,6-7-9,303.7,303.7,53,https://www.keiba.go.jp/KeibaWeb/TodayRaceInfo/Odds3LenFuku?k_babaCode=32&k_raceDate=2026%2F09%2F20&k_raceNo=5
2026-09-20 13:41:51,13:41,2026-09-20,saga,5,三連複,6-7-12,303.7,303.7,53,https://www.keiba.go.jp/KeibaWeb/TodayRaceInfo/Odds3LenFuku?k_babaCode=32&k_raceDate=2026%2F09%2F20&k_raceNo=5
2026-09-20 13:41:51,13:41,2026-09-20,saga,5,三連複,6-8-12,303.7,303.7,53,https://www.keiba.go.jp/KeibaWeb/TodayRaceInfo/Odds3LenFuku?k_babaCode=32&k_raceDate=2026%2F09%2F20&k_raceNo=5
2026-09-20 13:41:51,13:41,2026-09-20,saga,5,三連複,6-9-12,303.7,303.7,53,https://www.keiba.go.jp/KeibaWeb/TodayRaceInfo/Odds3LenFuku?k_babaCode=32&k_raceDate=2026%2F09%2F20&k_raceNo=5
2026-09-20 13:41:51,13:41,2026-09-20,saga,5,三連複,7-9-10,303.7,303.7,53,https://www.keiba.go.jp/KeibaWeb/TodayRaceInfo/Odds3LenFuku?k_babaCode=32&k_raceDate=2026%2F09%2F20&k_raceNo=5
2026-09-20 13:41:51,13:41,2026-09-20,saga,5,三連複,7-9-12,303.7,303.7,53,https://www.keiba.go.jp/KeibaWeb/TodayRaceInfo/Odds3LenFuku?k_babaCode=32&k_raceDate=2026%2F09%2F20&k_raceNo=5
2026-09-20 13:41:51,13:41,2026-09-20,saga,5,三連複,8-9-11,303.7,303.7,53,https://www.keiba.go.jp/KeibaWeb/TodayRaceInfo/Odds3LenFuku?k_babaCode=32&k_raceDate=2026%2F09%2F20&k_raceNo=5
2026-09-20 13:41:51,13:41,2026-09-20,saga,5,三連複,8-10-11,303.7,303.7,53,https://www.keiba.go.jp/KeibaWeb/TodayRaceInfo/Odds3LenFuku?k_babaCode=32&k_raceDate=2026%2F09%2F20&k_raceNo=5
2026-09-20 13:41:51,13:41,2026-09-20,saga,5,三連複,8-10-12,303.7,303.7,53,https://www.keiba.go.jp/KeibaWeb/TodayRaceInfo/Odds3LenFuku?k_babaCode=32&k_raceDate=2026%2F09%2F20&k_raceNo=5
2026-09-20 13:41:51,13:41,2026-09-20,saga,5,三連複,9-10-12,303.7,303.7,53,https://www.keiba.go.jp/KeibaWeb/TodayRaceInfo/Odds3LenFuku?k_babaCode=32&k_raceDate=2026%2F09%2F20&k_raceNo=5
2026-09-20 13:41:51,13:41,2026-09-20,saga,5,三連複,10-11-12,303.7,303.7,53,https://www.keiba.go.jp/KeibaWeb/TodayRaceInfo/Odds3LenFuku?k_babaCode=32&k_raceDate=2026%2F09%2F20&k_raceNo=5
2026-09-20 13:41:51,13:41,2026-09-20,saga,5,三連複,1-2-7,0.0,0.0,103,https://www.keiba.go.jp/KeibaWeb/TodayRaceInfo/Odds3LenFuku?k_babaCode=32&k_raceDate=2026%2F09%2F20&k_raceNo=5
2026-09-20 13:41:51,13:41,2026-09-20,saga,5,三連複,1-2-9,0.0,0.0,103,https://www.keiba.go.jp/KeibaWeb/TodayRaceInfo/Odds3LenFuku?k_babaCode=32&k_raceDate=2026%2F09%2F20&k_raceNo=5
2026-09-20 13:41:51,13:41,2026-09-20,saga,5,三連複,1-2-10,0.0,0.0,103,https://www.keiba.go.jp/KeibaWeb/TodayRaceInfo/Odds3LenFuku?k_babaCode=32&k_raceDate=2026%2F09%2F20&k_raceNo=5
2026-09-20 13:41:51,13:41,2026-09-20,saga,5,三連複,1-2-11,0.0,0.0,103,https://www.keiba.go.jp/KeibaWeb/TodayRaceInfo/Odds3LenFuku?k_babaCode=32&k_raceDate=2026%2F09%2F20&k_raceNo=5
2026-09-20 13:41:51,13:41,2026-09-20,saga,5,三連複,1-3-4,0.0,0.0,103,https://www.keiba.go.jp/KeibaWeb/TodayRaceInfo/Odds3LenFuku?k_babaCode=32&k_raceDate=2026%2F09%2F20&k_raceNo=5
2026-09-20 13:41:51,13:41,2026-09-20,saga,5,三連複,1-3-6,0.0,0.0,103,https://www.keiba.go.jp/KeibaWeb/TodayRaceInfo/Odds3LenFuku?k_babaCode=32&k_raceDate=2026%2F09%2F20&k_raceNo=5
2026-09-20 13:41:51,13:41,2026-09-20,saga,5,三連複,1-3-8,0.0,0.0,103,https://www.keiba.go.jp/KeibaWeb/TodayRaceInfo/Odds3LenFuku?k_babaCode=32&k_raceDate=2026%2F09%2F20&k_raceNo=5
2026-09-20 13:41:51,13:41,2026-09-20,saga,5,三連複,1-3-9,0.0,0.0,103,https://www.keiba.go.jp/KeibaWeb/TodayRaceInfo/Odds3LenFuku?k_babaCode=32&k_raceDate=2026%2F09%2F20&k_raceNo=5
2026-09-20 13:41:51,13:41,2026-09-20,saga,5,三連複,1-3-10,0.0,0.0,103,https://www.keiba.go.jp/KeibaWeb/TodayRaceInfo/Odds3LenFuku?k_babaCode=32&k_raceDate=2026%2F09%2F20&k_raceNo=5
2026-09-20 13:41:51,13:41,2026-09-20,saga,5,三連複,1-3-12,0.0,0.0,103,https://www.keiba.go.jp/KeibaWeb/TodayRaceInfo/Odds3LenFuku?k_babaCode=32&k_raceDate=2026%2F09%2F20&k_raceNo=5
2026-09-20 13:41:51,13:41,2026-09-20,saga,5,三連複,1-4-5,0.0,0.0,103,https://www.keiba.go.jp/KeibaWeb/TodayRaceInfo/Odds3LenFuku?k_babaCode=32&k_raceDate=2026%2F09%2F20&k_raceNo=5
2026-09-20 13:41:51,13:41,2026-09-20,saga,5,三連複,1-4-7,0.0,0.0,103,https://www.keiba.go.jp/KeibaWeb/TodayRaceInfo/Odds3LenFuku?k_babaCode=32&k_raceDate=2026%2F09%2F20&k_raceNo=5
2026-09-20 13:41:51,13:41,2026-09-20,saga,5,三連複,1-4-8,0.0,0.0,103,https://www.keiba.go.jp/KeibaWeb/TodayRaceInfo/Odds3LenFuku?k_babaCode=32&k_raceDate=2026%2F09%2F20&k_raceNo=5
2026-09-20 13:41:51,13:41,2026-09-20,saga,5,三連複,1-4-10,0.0,0.0,103,https://www.keiba.go.jp/KeibaWeb/TodayRaceInfo/Odds3LenFuku?k_babaCode=32&k_raceDate=2026%2F09%2F20&k_raceNo=5
2026-09-20 13:41:51,13:41,2026-09-20,saga,5,三連複,1-4-11,0.0,0.0,103,https://www.keiba.go.jp/KeibaWeb/TodayRaceInfo/Odds3LenFuku?k_babaCode=32&k_raceDate=2026%2F09%2F20&k_raceNo=5
2026-09-20 13:41:51,13:41,2026-09-20,saga,5,三連複,1-5-6,0.0,0.0,103,https://www.keiba.go.jp/KeibaWeb/TodayRaceInfo/Odds3LenFuku?k_babaCode=32&k_raceDate=2026%2F09%2F20&k_raceNo=5
2026-09-20 13:41:51,13:41,2026-09-20,saga,5,三連複,1-5-7,0.0,0.0,103,https://www.keiba.go.jp/KeibaWeb/TodayRaceInfo/Odds3LenFuku?k_babaCode=32&k_raceDate=2026%2F09%2F20&k_raceNo=5
2026-09-20 13:41:51,13:41,2026-09-20,saga,5,三連複,1-5-9,0.0,0.0,103,https://www.keiba.go.jp/KeibaWeb/TodayRaceInfo/Odds3LenFuku?k_babaCode=32&k_raceDate=2026%2F09%2F20&k_raceNo=5
2026-09-20 13:41:51,13:41,2026-09-20,saga,5,三連複,1-5-10,0.0,0.0,103,https://www.keiba.go.jp/KeibaWeb/TodayRaceInfo/Odds3LenFuku?k_babaCode=32&k_raceDate=2026%2F09%2F20&k_raceNo=5
2026-09-20 13:41:51,13:41,2026-09-20,saga,5,三連複,1-5-11,0.0,0.0,103,https://www.keiba.go.jp/KeibaWeb/TodayRaceInfo/Odds3LenFuku?k_babaCode=32&k_raceDate=2026%2F09%2F20&k_raceNo=5
2026-09-20 13:41:51,13:41,2026-09-20,saga,5,三連複,1-6-7,0.0,0.0,103,https://www.keiba.go.jp/KeibaWeb/TodayRaceInfo/Odds3LenFuku?k_babaCode=32&k_raceDate=2026%2F09%2F20&k_raceNo=5
2026-09-20 13:41:51,13:41,2026-09-20,saga,5,三連複,1-6-8,0.0,0.0,103,https://www.keiba.go.jp/KeibaWeb/TodayRaceInfo/Odds3LenFuku?k_babaCode=32&k_raceDate=2026%2F09%2F20&k_raceNo=5
2026-09-20 13:41:51,13:41,2026-09-20,saga,5,三連複,1-6-9,0.0,0.0,103,https://www.keiba.go.jp/KeibaWeb/TodayRaceInfo/Odds3LenFuku?k_babaCode=32&k_raceDate=2026%2F09%2F20&k_raceNo=5
2026-09-20 13:41:51,13:41,2026-09-20,saga,5,三連複,1-6-10,0.0,0.0,103,https://www.keiba.go.jp/KeibaWeb/TodayRaceInfo/Odds3LenFuku?k_babaCode=32&k_raceDate=2026%2F09%2F20&k_raceNo=5
2026-09-20 13:41:51,13:41,2026-09-20,saga,5,三連複,1-6-11,0.0,0.0,103,https://www.keiba.go.jp/KeibaWeb/TodayRaceInfo/Odds3LenFuku?k_babaCode=32&k_raceDate=2026%2F09%2F20&k_raceNo=5
2026-09-20 13:41:51,13:41,2026-09-20,saga,5,三連複,1-6-12,0.0,0.0,103,https://www.keiba.go.jp/KeibaWeb/TodayRaceInfo/Odds3LenFuku?k_babaCode=32&k_raceDate=2026%2F09%2F20&k_raceNo=5
2026-09-20 13:41:51,13:41,2026-09-20,saga,5,三連複,1-7-8,0.0,0.0,103,https://www.keiba.go.jp/KeibaWeb/TodayRaceInfo/Odds3LenFuku?k_babaCode=32&k_raceDate=2026%2F09%2F20&k_raceNo=5
2026-09-20 13:41:51,13:41,2026-09-20,saga,5,三連複,1-7-10,0.0,0.0,103,https://www.keiba.go.jp/KeibaWeb/TodayRaceInfo/Odds3LenFuku?k_babaCode=32&k_raceDate=2026%2F09%2F20&k_raceNo=5
2026-09-20 13:41:51,13:41,2026-09-20,saga,5,三連複,1-7-12,0.0,0.0,103,https://www.keiba.go.jp/KeibaWeb/TodayRaceInfo/Odds3LenFuku?k_babaCode=32&k_raceDate=2026%2F09%2F20&k_raceNo=5
2026-09-20 13:41:51,13:41,2026-09-20,saga,5,三連複,1-8-10,0.0,0.0,103,https://www.keiba.go.jp/KeibaWeb/TodayRaceInfo/Odds3LenFuku?k_babaCode=32&k_raceDate=2026%2F09%2F20&k_raceNo=5
2026-09-20 13:41:51,13:41,2026-09-20,saga,5,三連複,1-8-11,0.0,0.0,103,https://www.keiba.go.jp/KeibaWeb/TodayRaceInfo/Odds3LenFuku?k_babaCode=32&k_raceDate=2026%2F09%2F20&k_raceNo=5
2026-09-20 13:41:51,13:41,2026-09-20,saga,5,三連複,1-8-12,0.0,0.0,103,https://www.keiba.go.jp/KeibaWeb/TodayRaceInfo/Odds3LenFuku?k_babaCode=32&k_raceDate=2026%2F09%2F20&k_raceNo=5
2026-09-20 13:41:51,13:41,2026-09-20,saga,5,三連複,1-9-10,0.0,0.0,103,https://www.keiba.go.jp/KeibaWeb/TodayRaceInfo/Odds3LenFuku?k_babaCode=32&k_raceDate=2026%2F09%2F20&k_raceNo=5
2026-09-20 13:41:51,13:41,2026-09-20,saga,5,三連複,1-9-11,0.0,0.0,103,https://www.keiba.go.jp/KeibaWeb/TodayRaceInfo/Odds3LenFuku?k_babaCode=32&k_raceDate=2026%2F09%2F20&k_raceNo=5
2026-09-20 13:41:51,13:41,2026-09-20,saga,5,三連複,1-10-11,0.0,0.0,103,https://www.keiba.go.jp/KeibaWeb/TodayRaceInfo/Odds3LenFuku?k_babaCode=32&k_raceDate=2026%2F09%2F20&k_raceNo=5
2026-09-20 13:41:51,13:41,2026-09-20,saga,5,三連複,1-10-12,0.0,0.0,103,https://www.keiba.go.jp/KeibaWeb/TodayRaceInfo/Odds3LenFuku?k_babaCode=32&k_raceDate=2026%2F09%2F20&k_raceNo=5
2026-09-20 13:41:51,13:41,2026-09-20,saga,5,三連複,1-11-12,0.0,0.0,103,https://www.keiba.go.jp/KeibaWeb/TodayRaceInfo/Odds3LenFuku?k_babaCode=32&k_raceDate=2026%2F09%2F20&k_raceNo=5
2026-09-20 13:41:51,13:41,2026-09-20,saga,5,三連複,2-3-7,0.0,0.0,103,https://www.keiba.go.jp/KeibaWeb/TodayRaceInfo/Odds3LenFuku?k_babaCode=32&k_raceDate=2026%2F09%2F20&k_raceNo=5
2026-09-20 13:41:51,13:41,2026-09-20,saga,5,三連複,2-3-9,0.0,0.0,103,https://www.keiba.go.jp/KeibaWeb/TodayRaceInfo/Odds3LenFuku?k_babaCode=32&k_raceDate=2026%2F09%2F20&k_raceNo=5
2026-09-20 13:41:51,13:41,2026-09-20,saga,5,三連複,2-3-10,0.0,0.0,103,https://www.keiba.go.jp/KeibaWeb/TodayRaceInfo/Odds3LenFuku?k_babaCode=32&k_raceDate=2026%2F09%2F20&k_raceNo=5
2026-09-20 13:41:51,13:41,2026-09-20,saga,5,三連複,2-3-12,0.0,0.0,103,https://www.keiba.go.jp/KeibaWeb/TodayRaceInfo/Odds3LenFuku?k_babaCode=32&k_raceDate=2026%2F09%2F20&k_raceNo=5
2026-09-20 13:41:51,13:41,2026-09-20,saga,5,三連複,2-4-6,0.0,0.0,103,https://www.keiba.go.jp/KeibaWeb/TodayRaceInfo/Odds3LenFuku?k_babaCode=32&k_raceDate=2026%2F09%2F20&k_raceNo=5
2026-09-20 13:41:51,13:41,2026-09-20,saga,5,三連複,2-4-9,0.0,0.0,103,https://www.keiba.go.jp/KeibaWeb/TodayRaceInfo/Odds3LenFuku?k_babaCode=32&k_raceDate=2026%2F09%2F20&k_raceNo=5
2026-09-20 13:41:51,13:41,2026-09-20,saga,5,三連複,2-6-9,0.0,0.0,103,https://www.keiba.go.jp/KeibaWeb/TodayRaceInfo/Odds3LenFuku?k_babaCode=32&k_raceDate=2026%2F09%2F20&k_raceNo=5
2026-09-20 13:41:51,13:41,2026-09-20,saga,5,三連複,2-6-11,0.0,0.0,103,https://www.keiba.go.jp/KeibaWeb/TodayRaceInfo/Odds3LenFuku?k_babaCode=32&k_raceDate=2026%2F09%2F20&k_raceNo=5
2026-09-20 13:41:51,13:41,2026-09-20,saga,5,三連複,2-7-9,0.0,0.0,103,https://www.keiba.go.jp/KeibaWeb/TodayRaceInfo/Odds3LenFuku?k_babaCode=32&k_raceDate=2026%2F09%2F20&k_raceNo=5
2026-09-20 13:41:51,13:41,2026-09-20,saga,5,三連複,2-7-12,0.0,0.0,103,https://www.keiba.go.jp/KeibaWeb/TodayRaceInfo/Odds3LenFuku?k_babaCode=32&k_raceDate=2026%2F09%2F20&k_raceNo=5
2026-09-20 13:41:51,13:41,2026-09-20,saga,5,三連複,2-8-9,0.0,0.0,103,https://www.keiba.go.jp/KeibaWeb/TodayRaceInfo/Odds3LenFuku?k_babaCode=32&k_raceDate=2026%2F09%2F20&k_raceNo=5
2026-09-20 13:41:51,13:41,2026-09-20,saga,5,三連複,2-8-10,0.0,0.0,103,https://www.keiba.go.jp/KeibaWeb/TodayRaceInfo/Odds3LenFuku?k_babaCode=32&k_raceDate=2026%2F09%2F20&k_raceNo=5
2026-09-20 13:41:51,13:41,2026-09-20,saga,5,三連複,2-9-10,0.0,0.0,103,https://www.keiba.go.jp/KeibaWeb/TodayRaceInfo/Odds3LenFuku?k_babaCode=32&k_raceDate=2026%2F09%2F20&k_raceNo=5
2026-09-20 13:41:51,13:41,2026-09-20,saga,5,三連複,2-9-11,0.0,0.0,103,https://www.keiba.go.jp/KeibaWeb/TodayRaceInfo/Odds3LenFuku?k_babaCode=32&k_raceDate=2026%2F09%2F20&k_raceNo=5
2026-09-20 13:41:51,13:41,2026-09-20,saga,5,三連複,2-10-11,0.0,0.0,103,https://www.keiba.go.jp/KeibaWeb/TodayRaceInfo/Odds3LenFuku?k_babaCode=32&k_raceDate=2026%2F09%2F20&k_raceNo=5
2026-09-20 13:41:51,13:41,2026-09-20,saga,5,三連複,3-4-6,0.0,0.0,103,https://www.keiba.go.jp/KeibaWeb/TodayRaceInfo/Odds3LenFuku?k_babaCode=32&k_raceDate=2026%2F09%2F20&k_raceNo=5
2026-09-20 13:41:51,13:41,2026-09-20,saga,5,三連複,3-4-7,0.0,0.0,103,https://www.keiba.go.jp/KeibaWeb/TodayRaceInfo/Odds3LenFuku?k_babaCode=32&k_raceDate=2026%2F09%2F20&k_raceNo=5
2026-09-20 13:41:51,13:41,2026-09-20,saga,5,三連複,3-4-9,0.0,0.0,103,https://www.keiba.go.jp/KeibaWeb/TodayRaceInfo/Odds3LenFuku?k_babaCode=32&k_raceDate=2026%2F09%2F20&k_raceNo=5
2026-09-20 13:41:51,13:41,2026-09-20,saga,5,三連複,3-4-10,0.0,0.0,103,https://www.keiba.go.jp/KeibaWeb/TodayRaceInfo/Odds3LenFuku?k_babaCode=32&k_raceDate=2026%2F09%2F20&k_raceNo=5
2026-09-20 13:41:51,13:41,2026-09-20,saga,5,三連複,3-4-11,0.0,0.0,103,https://www.keiba.go.jp/KeibaWeb/TodayRaceInfo/Odds3LenFuku?k_babaCode=32&k_raceDate=2026%2F09%2F20&k_raceNo=5
2026-09-20 13:41:51,13:41,2026-09-20,saga,5,三連複,3-4-12,0.0,0.0,103,https://www.keiba.go.jp/KeibaWeb/TodayRaceInfo/Odds3LenFuku?k_babaCode=32&k_raceDate=2026%2F09%2F20&k_raceNo=5
2026-09-20 13:41:51,13:41,2026-09-20,saga,5,三連複,3-5-9,0.0,0.0,103,https://www.keiba.go.jp/KeibaWeb/TodayRaceInfo/Odds3LenFuku?k_babaCode=32&k_raceDate=2026%2F09%2F20&k_raceNo=5
2026-09-20 13:41:51,13:41,2026-09-20,saga,5,三連複,3-5-10,0.0,0.0,103,https://www.keiba.go.jp/KeibaWeb/TodayRaceInfo/Odds3LenFuku?k_babaCode=32&k_raceDate=2026%2F09%2F20&k_raceNo=5
2026-09-20 13:41:51,13:41,2026-09-20,saga,5,三連複,3-5-11,0.0,0.0,103,https://www.keiba.go.jp/KeibaWeb/TodayRaceInfo/Odds3LenFuku?k_babaCode=32&k_raceDate=2026%2F09%2F20&k_raceNo=5
2026-09-20 13:41:51,13:41,2026-09-20,saga,5,三連複,3-6-7,0.0,0.0,103,https://www.keiba.go.jp/KeibaWeb/TodayRaceInfo/Odds3LenFuku?k_babaCode=32&k_raceDate=2026%2F09%2F20&k_raceNo=5
2026-09-20 13:41:51,13:41,2026-09-20,saga,5,三連複,3-6-8,0.0,0.0,103,https://www.keiba.go.jp/KeibaWeb/TodayRaceInfo/Odds3LenFuku?k_babaCode=32&k_raceDate=2026%2F09%2F20&k_raceNo=5
2026-09-20 13:41:51,13:41,2026-09-20,saga,5,三連複,3-6-11,0.0,0.0,103,https://www.keiba.go.jp/KeibaWeb/TodayRaceInfo/Odds3LenFuku?k_babaCode=32&k_raceDate=2026%2F09%2F20&k_raceNo=5
2026-09-20 13:41:51,13:41,2026-09-20,saga,5,三連複,3-6-12,0.0,0.0,103,https://www.keiba.go.jp/KeibaWeb/TodayRaceInfo/Odds3LenFuku?k_babaCode=32&k_raceDate=2026%2F09%2F20&k_raceNo=5
2026-09-20 13:41:51,13:41,2026-09-20,saga,5,三連複,3-7-8,0.0,0.0,103,https://www.keiba.go.jp/KeibaWeb/TodayRaceInfo/Odds3LenFuku?k_babaCode=32&k_raceDate=2026%2F09%2F20&k_raceNo=5
2026-09-20 13:41:51,13:41,2026-09-20,saga,5,三連複,3-7-9,0.0,0.0,103,https://www.keiba.go.jp/KeibaWeb/TodayRaceInfo/Odds3LenFuku?k_babaCode=32&k_raceDate=2026%2F09%2F20&k_raceNo=5
2026-09-20 13:41:51,13:41,2026-09-20,saga,5,三連複,3-7-10,0.0,0.0,103,https://www.keiba.go.jp/KeibaWeb/TodayRaceInfo/Odds3LenFuku?k_babaCode=32&k_raceDate=2026%2F09%2F20&k_raceNo=5
2026-09-20 13:41:51,13:41,2026-09-20,saga,5,三連複,3-7-12,0.0,0.0,103,https://www.keiba.go.jp/KeibaWeb/TodayRaceInfo/Odds3LenFuku?k_babaCode=32&k_raceDate=2026%2F09%2F20&k_raceNo=5
2026-09-20 13:41:51,13:41,2026-09-20,saga,5,三連複,3-8-9,0.0,0.0,103,https://www.keiba.go.jp/KeibaWeb/TodayRaceInfo/Odds3LenFuku?k_babaCode=32&k_raceDate=2026%2F09%2F20&k_raceNo=5
2026-09-20 13:41:51,13:41,2026-09-20,saga,5,三連複,3-8-12,0.0,0.0,103,https://www.keiba.go.jp/KeibaWeb/TodayRaceInfo/Odds3LenFuku?k_babaCode=32&k_raceDate=2026%2F09%2F20&k_raceNo=5
2026-09-20 13:41:51,13:41,2026-09-20,saga,5,三連複,3-9-10,0.0,0.0,103,https://www.keiba.go.jp/KeibaWeb/TodayRaceInfo/Odds3LenFuku?k_babaCode=32&k_raceDate=2026%2F09%2F20&k_raceNo=5
2026-09-20 13:41:51,13:41,2026-09-20,saga,5,三連複,3-9-11,0.0,0.0,103,https://www.keiba.go.jp/KeibaWeb/TodayRaceInfo/Odds3LenFuku?k_babaCode=32&k_raceDate=2026%2F09%2F20&k_raceNo=5
2026-09-20 13:41:51,13:41,2026-09-20,saga,5,三連複,3-10-11,0.0,0.0,103,https://www.keiba.go.jp/KeibaWeb/TodayRaceInfo/Odds3LenFuku?k_babaCode=32&k_raceDate=2026%2F09%2F20&k_raceNo=5
2026-09-20 13:41:51,13:41,2026-09-20,saga,5,三連複,3-10-12,0.0,0.0,103,https://www.keiba.go.jp/KeibaWeb/TodayRaceInfo/Odds3LenFuku?k_babaCode=32&k_raceDate=2026%2F09%2F20&k_raceNo=5
2026-09-20 13:41:51,13:41,2026-09-20,saga,5,三連複,3-11-12,0.0,0.0,103,https://www.keiba.go.jp/KeibaWeb/TodayRaceInfo/Odds3LenFuku?k_babaCode=32&k_raceDate=2026%2F09%2F20&k_raceNo=5
2026-09-20 13:41:51,13:41,2026-09-20,saga,5,三連複,4-5-6,0.0,0.0,103,https://www.keiba.go.jp/KeibaWeb/TodayRaceInfo/Odds3LenFuku?k_babaCode=32&k_raceDate=2026%2F09%2F20&k_raceNo=5
2026-09-20 13:41:51,13:41,2026-09-20,saga,5,三連複,4-6-8,0.0,0.0,103,https://www.keiba.go.jp/KeibaWeb/TodayRaceInfo/Odds3LenFuku?k_babaCode=32&k_raceDate=2026%2F09%2F20&k_raceNo=5
2026-09-20 13:41:51,13:41,2026-09-20,saga,5,三連複,4-6-9,0.0,0.0,103,https://www.keiba.go.jp/KeibaWeb/TodayRaceInfo/Odds3LenFuku?k_babaCode=32&k_raceDate=2026%2F09%2F20&k_raceNo=5
2026-09-20 13:41:51,13:41,2026-09-20,saga,5,三連複,4-6-10,0.0,0.0,103,https://www.keiba.go.jp/KeibaWeb/TodayRaceInfo/Odds3LenFuku?k_babaCode=32&k_raceDate=2026%2F09%2F20&k_raceNo=5
2026-09-20 13:41:51,13:41,2026-09-20,saga,5,三連複,4-6-11,0.0,0.0,103,https://www.keiba.go.jp/KeibaWeb/TodayRaceInfo/Odds3LenFuku?k_babaCode=32&k_raceDate=2026%2F09%2F20&k_raceNo=5
2026-09-20 13:41:51,13:41,2026-09-20,saga,5,三連複,4-6-12,0.0,0.0,103,https://www.keiba.go.jp/KeibaWeb/TodayRaceInfo/Odds3LenFuku?k_babaCode=32&k_raceDate=2026%2F09%2F20&k_raceNo=5
2026-09-20 13:41:51,13:41,2026-09-20,saga,5,三連複,4-7-10,0.0,0.0,103,https://www.keiba.go.jp/KeibaWeb/TodayRaceInfo/Odds3LenFuku?k_babaCode=32&k_raceDate=2026%2F09%2F20&k_raceNo=5
2026-09-20 13:41:51,13:41,2026-09-20,saga,5,三連複,4-8-10,0.0,0.0,103,https://www.keiba.go.jp/KeibaWeb/TodayRaceInfo/Odds3LenFuku?k_babaCode=32&k_raceDate=2026%2F09%2F20&k_raceNo=5
2026-09-20 13:41:51,13:41,2026-09-20,saga,5,三連複,4-9-10,0.0,0.0,103,https://www.keiba.go.jp/KeibaWeb/TodayRaceInfo/Odds3LenFuku?k_babaCode=32&k_raceDate=2026%2F09%2F20&k_raceNo=5
2026-09-20 13:41:51,13:41,2026-09-20,saga,5,三連複,4-9-11,0.0,0.0,103,https://www.keiba.go.jp/KeibaWeb/TodayRaceInfo/Odds3LenFuku?k_babaCode=32&k_raceDate=2026%2F09%2F20&k_raceNo=5
2026-09-20 13:41:51,13:41,2026-09-20,saga,5,三連複,4-9-12,0.0,0.0,103,https://www.keiba.go.jp/KeibaWeb/TodayRaceInfo/Odds3LenFuku?k_babaCode=32&k_raceDate=2026%2F09%2F20&k_raceNo=5
2026-09-20 13:41:51,13:41,2026-09-20,saga,5,三連複,4-10-11,0.0,0.0,103,https://www.keiba.go.jp/KeibaWeb/TodayRaceInfo/Odds3LenFuku?k_babaCode=32&k_raceDate=2026%2F09%2F20&k_raceNo=5
2026-09-20 13:41:51,13:41,2026-09-20,saga,5,三連複,5-6-7,0.0,0.0,103,https://www.keiba.go.jp/KeibaWeb/TodayRaceInfo/Odds3LenFuku?k_babaCode=32&k_raceDate=2026%2F09%2F20&k_raceNo=5
2026-09-20 13:41:51,13:41,2026-09-20,saga,5,三連複,5-6-8,0.0,0.0,103,https://www.keiba.go.jp/KeibaWeb/TodayRaceInfo/Odds3LenFuku?k_babaCode=32&k_raceDate=2026%2F09%2F20&k_raceNo=5
2026-09-20 13:41:51,13:41,2026-09-20,saga,5,三連複,5-6-9,0.0,0.0,103,https://www.keiba.go.jp/KeibaWeb/TodayRaceInfo/Odds3LenFuku?k_babaCode=32&k_raceDate=2026%2F09%2F20&k_raceNo=5
2026-09-20 13:41:51,13:41,2026-09-20,saga,5,三連複,5-6-10,0.0,0.0,103,https://www.keiba.go.jp/KeibaWeb/TodayRaceInfo/Odds3LenFuku?k_babaCode=32&k_raceDate=2026%2F09%2F20&k_raceNo=5
2026-09-20 13:41:51,13:41,2026-09-20,saga,5,三連複,5-7-9,0.0,0.0,103,https://www.keiba.go.jp/KeibaWeb/TodayRaceInfo/Odds3LenFuku?k_babaCode=32&k_raceDate=2026%2F09%2F20&k_raceNo=5
2026-09-20 13:41:51,13:41,2026-09-20,saga,5,三連複,5-7-11,0.0,0.0,103,https://www.keiba.go.jp/KeibaWeb/TodayRaceInfo/Odds3LenFuku?k_babaCode=32&k_raceDate=2026%2F09%2F20&k_raceNo=5
2026-09-20 13:41:51,13:41,2026-09-20,saga,5,三連複,5-7-12,0.0,0.0,103,https://www.keiba.go.jp/KeibaWeb/TodayRaceInfo/Odds3LenFuku?k_babaCode=32&k_raceDate=2026%2F09%2F20&k_raceNo=5
2026-09-20 13:41:51,13:41,2026-09-20,saga,5,三連複,5-9-10,0.0,0.0,103,https://www.keiba.go.jp/KeibaWeb/TodayRaceInfo/Odds3LenFuku?k_babaCode=32&k_raceDate=2026%2F09%2F20&k_raceNo=5
2026-09-20 13:41:51,13:41,2026-09-20,saga,5,三連複,6-7-8,0.0,0.0,103,https://www.keiba.go.jp/KeibaWeb/TodayRaceInfo/Odds3LenFuku?k_babaCode=32&k_raceDate=2026%2F09%2F20&k_raceNo=5
2026-09-20 13:41:51,13:41,2026-09-20,saga,5,三連複,6-7-11,0.0,0.0,103,https://www.keiba.go.jp/KeibaWeb/TodayRaceInfo/Odds3LenFuku?k_babaCode=32&k_raceDate=2026%2F09%2F20&k_raceNo=5
2026-09-20 13:41:51,13:41,2026-09-20,saga,5,三連複,6-8-9,0.0,0.0,103,https://www.keiba.go.jp/KeibaWeb/TodayRaceInfo/Odds3LenFuku?k_babaCode=32&k_raceDate=2026%2F09%2F20&k_raceNo=5
2026-09-20 13:41:51,13:41,2026-09-20,saga,5,三連複,6-8-10,0.0,0.0,103,https://www.keiba.go.jp/KeibaWeb/TodayRaceInfo/Odds3LenFuku?k_babaCode=32&k_raceDate=2026%2F09%2F20&k_raceNo=5
2026-09-20 13:41:51,13:41,2026-09-20,saga,5,三連複,6-8-11,0.0,0.0,103,https://www.keiba.go.jp/KeibaWeb/TodayRaceInfo/Odds3LenFuku?k_babaCode=32&k_raceDate=2026%2F09%2F20&k_raceNo=5
2026-09-20 13:41:51,13:41,2026-09-20,saga,5,三連複,6-9-10,0.0,0.0,103,https://www.keiba.go.jp/KeibaWeb/TodayRaceInfo/Odds3LenFuku?k_babaCode=32&k_raceDate=2026%2F09%2F20&k_raceNo=5
2026-09-20 13:41:51,13:41,2026-09-20,saga,5,三連複,6-9-11,0.0,0.0,103,https://www.keiba.go.jp/KeibaWeb/TodayRaceInfo/Odds3LenFuku?k_babaCode=32&k_raceDate=2026%2F09%2F20&k_raceNo=5
2026-09-20 13:41:51,13:41,2026-09-20,saga,5,三連複,6-10-11,0.0,0.0,103,https://www.keiba.go.jp/KeibaWeb/TodayRaceInfo/Odds3LenFuku?k_babaCode=32&k_raceDate=2026%2F09%2F20&k_raceNo=5
2026-09-20 13:41:51,13:41,2026-09-20,saga,5,三連複,6-10-12,0.0,0.0,103,https://www.keiba.go.jp/KeibaWeb/TodayRaceInfo/Odds3LenFuku?k_babaCode=32&k_raceDate=2026%2F09%2F20&k_raceNo=5
2026-09-20 13:41:51,13:41,2026-09-20,saga,5,三連複,6-11-12,0.0,0.0,103,https://www.keiba.go.jp/KeibaWeb/TodayRaceInfo/Odds3LenFuku?k_babaCode=32&k_raceDate=2026%2F09%2F20&k_raceNo=5
2026-09-20 13:41:51,13:41,2026-09-20,saga,5,三連複,7-8-9,0.0,0.0,103,https://www.keiba.go.jp/KeibaWeb/TodayRaceInfo/Odds3LenFuku?k_babaCode=32&k_raceDate=2026%2F09%2F20&k_raceNo=5
2026-09-20 13:41:51,13:41,2026-09-20,saga,5,三連複,7-8-10,0.0,0.0,103,https://www.keiba.go.jp/KeibaWeb/TodayRaceInfo/Odds3LenFuku?k_babaCode=32&k_raceDate=2026%2F09%2F20&k_raceNo=5
2026-09-20 13:41:51,13:41,2026-09-20,saga,5,三連複,7-8-11,0.0,0.0,103,https://www.keiba.go.jp/KeibaWeb/TodayRaceInfo/Odds3LenFuku?k_babaCode=32&k_raceDate=2026%2F09%2F20&k_raceNo=5
2026-09-20 13:41:51,13:41,2026-09-20,saga,5,三連複,7-8-12,0.0,0.0,103,https://www.keiba.go.jp/KeibaWeb/TodayRaceInfo/Odds3LenFuku?k_babaCode=32&k_raceDate=2026%2F09%2F20&k_raceNo=5
2026-09-20 13:41:51,13:41,2026-09-20,saga,5,三連複,7-9-11,0.0,0.0,103,https://www.keiba.go.jp/KeibaWeb/TodayRaceInfo/Odds3LenFuku?k_babaCode=32&k_raceDate=2026%2F09%2F20&k_raceNo=5
2026-09-20 13:41:51,13:41,2026-09-20,saga,5,三連複,7-10-11,0.0,0.0,103,https://www.keiba.go.jp/KeibaWeb/TodayRaceInfo/Odds3LenFuku?k_babaCode=32&k_raceDate=2026%2F09%2F20&k_raceNo=5
2026-09-20 13:41:51,13:41,2026-09-20,saga,5,三連複,7-10-12,0.0,0.0,103,https://www.keiba.go.jp/KeibaWeb/TodayRaceInfo/Odds3LenFuku?k_babaCode=32&k_raceDate=2026%2F09%2F20&k_raceNo=5
2026-09-20 13:41:51,13:41,2026-09-20,saga,5,三連複,7-11-12,0.0,0.0,103,https://www.keiba.go.jp/KeibaWeb/TodayRaceInfo/Odds3LenFuku?k_babaCode=32&k_raceDate=2026%2F09%2F20&k_raceNo=5
2026-09-20 13:41:51,13:41,2026-09-20,saga,5,三連複,8-9-10,0.0,0.0,103,https://www.keiba.go.jp/KeibaWeb/TodayRaceInfo/Odds3LenFuku?k_babaCode=32&k_raceDate=2026%2F09%2F20&k_raceNo=5
2026-09-20 13:41:51,13:41,2026-09-20,saga,5,三連複,8-9-12,0.0,0.0,103,https://www.keiba.go.jp/KeibaWeb/TodayRaceInfo/Odds3LenFuku?k_babaCode=32&k_raceDate=2026%2F09%2F20&k_raceNo=5
2026-09-20 13:41:51,13:41,2026-09-20,saga,5,三連複,9-10-11,0.0,0.0,103,https://www.keiba.go.jp/KeibaWeb/TodayRaceInfo/Odds3LenFuku?k_babaCode=32&k_raceDate=2026%2F09%2F20&k_raceNo=5
2026-09-20 13:41:51,13:41,2026-09-20,saga,5,三連複,9-11-12,0.0,0.0,103,https://www.keiba.go.jp/KeibaWeb/TodayRaceInfo/Odds3LenFuku?k_babaCode=32&k_raceDate=2026%2F09%2F20&k_raceNo=5
2026-09-20 13:41:51,13:41,2026-09-20,saga,6,馬連,5-8,4.8,4.8,1,https://www.keiba.go.jp/KeibaWeb/TodayRaceInfo/OddsUmLenFuku?k_babaCode=32&k_raceDate=2026%2F09%2F20&k_raceNo=6
2026-09-20 13:41:51,13:41,2026-09-20,saga,6,馬連,3-8,5.0,5.0,2,https://www.keiba.go.jp/KeibaWeb/TodayRaceInfo/OddsUmLenFuku?k_babaCode=32&k_raceDate=2026%2F09%2F20&k_raceNo=6
2026-09-20 13:41:51,13:41,2026-09-20,saga,6,馬連,4-8,5.3,5.3,3,https://www.keiba.go.jp/KeibaWeb/TodayRaceInfo/OddsUmLenFuku?k_babaCode=32&k_raceDate=2026%2F09%2F20&k_raceNo=6
2026-09-20 13:41:51,13:41,2026-09-20,saga,6,馬連,6-8,5.9,5.9,4,https://www.keiba.go.jp/KeibaWeb/TodayRaceInfo/OddsUmLenFuku?k_babaCode=32&k_raceDate=2026%2F09%2F20&k_raceNo=6
2026-09-20 13:41:51,13:41,2026-09-20,saga,6,馬連,4-6,11.2,11.2,5,https://www.keiba.go.jp/KeibaWeb/TodayRaceInfo/OddsUmLenFuku?k_babaCode=32&k_raceDate=2026%2F09%2F20&k_raceNo=6
2026-09-20 13:41:51,13:41,2026-09-20,saga,6,馬連,5-6,11.2,11.2,5,https://www.keiba.go.jp/KeibaWeb/TodayRaceInfo/OddsUmLenFuku?k_babaCode=32&k_raceDate=2026%2F09%2F20&k_raceNo=6
2026-09-20 13:41:51,13:41,2026-09-20,saga,6,馬連,3-5,12.6,12.6,7,https://www.keiba.go.jp/KeibaWeb/TodayRaceInfo/OddsUmLenFuku?k_babaCode=32&k_raceDate=2026%2F09%2F20&k_raceNo=6
2026-09-20 13:41:51,13:41,2026-09-20,saga,6,馬連,3-4,14.4,14.4,8,https://www.keiba.go.jp/KeibaWeb/TodayRaceInfo/OddsUmLenFuku?k_babaCode=32&k_raceDate=2026%2F09%2F20&k_raceNo=6
2026-09-20 13:41:51,13:41,2026-09-20,saga,6,馬連,4-5,14.4,14.4,8,https://www.keiba.go.jp/KeibaWeb/TodayRaceInfo/OddsUmLenFuku?k_babaCode=32&k_raceDate=2026%2F09%2F20&k_raceNo=6
2026-09-20 13:41:51,13:41,2026-09-20,saga,6,馬連,7-8,20.2,20.2,10,https://www.keiba.go.jp/KeibaWeb/TodayRaceInfo/OddsUmLenFuku?k_babaCode=32&k_raceDate=2026%2F09%2F20&k_raceNo=6
2026-09-20 13:41:51,13:41,2026-09-20,saga,6,馬連,3-6,33.7,33.7,11,https://www.keiba.go.jp/KeibaWeb/TodayRaceInfo/OddsUmLenFuku?k_babaCode=32&k_raceDate=2026%2F09%2F20&k_raceNo=6
2026-09-20 13:41:51,13:41,2026-09-20,saga,6,馬連,1-3,50.6,50.6,12,https://www.keiba.go.jp/KeibaWeb/TodayRaceInfo/OddsUmLenFuku?k_babaCode=32&k_raceDate=2026%2F09%2F20&k_raceNo=6
2026-09-20 13:41:51,13:41,2026-09-20,saga,6,馬連,3-7,50.6,50.6,12,https://www.keiba.go.jp/KeibaWeb/TodayRaceInfo/OddsUmLenFuku?k_babaCode=32&k_raceDate=2026%2F09%2F20&k_raceNo=6
2026-09-20 13:41:51,13:41,2026-09-20,saga,6,馬連,6-7,50.6,50.6,12,https://www.keiba.go.jp/KeibaWeb/TodayRaceInfo/OddsUmLenFuku?k_babaCode=32&k_raceDate=2026%2F09%2F20&k_raceNo=6
2026-09-20 13:41:51,13:41,2026-09-20,saga,6,馬連,1-5,101.2,101.2,15,https://www.keiba.go.jp/KeibaWeb/TodayRaceInfo/OddsUmLenFuku?k_babaCode=32&k_raceDate=2026%2F09%2F20&k_raceNo=6
2026-09-20 13:41:51,13:41,2026-09-20,saga,6,馬連,2-5,101.2,101.2,15,https://www.keiba.go.jp/KeibaWeb/TodayRaceInfo/OddsUmLenFuku?k_babaCode=32&k_raceDate=2026%2F09%2F20&k_raceNo=6
2026-09-20 13:41:51,13:41,2026-09-20,saga,6,馬連,2-6,101.2,101.2,15,https://www.keiba.go.jp/KeibaWeb/TodayRaceInfo/OddsUmLenFuku?k_babaCode=32&k_raceDate=2026%2F09%2F20&k_raceNo=6
2026-09-20 13:41:51,13:41,2026-09-20,saga,6,馬連,3-9,101.2,101.2,15,https://www.keiba.go.jp/KeibaWeb/TodayRaceInfo/OddsUmLenFuku?k_babaCode=32&k_raceDate=2026%2F09%2F20&k_raceNo=6
2026-09-20 13:41:51,13:41,2026-09-20,saga,6,馬連,1-2,0.0,0.0,19,https://www.keiba.go.jp/KeibaWeb/TodayRaceInfo/OddsUmLenFuku?k_babaCode=32&k_raceDate=2026%2F09%2F20&k_raceNo=6
2026-09-20 13:41:51,13:41,2026-09-20,saga,6,馬連,1-4,0.0,0.0,19,https://www.keiba.go.jp/KeibaWeb/TodayRaceInfo/OddsUmLenFuku?k_babaCode=32&k_raceDate=2026%2F09%2F20&k_raceNo=6
2026-09-20 13:41:51,13:41,2026-09-20,saga,6,馬連,1-6,0.0,0.0,19,https://www.keiba.go.jp/KeibaWeb/TodayRaceInfo/OddsUmLenFuku?k_babaCode=32&k_raceDate=2026%2F09%2F20&k_raceNo=6
2026-09-20 13:41:51,13:41,2026-09-20,saga,6,馬連,1-7,0.0,0.0,19,https://www.keiba.go.jp/KeibaWeb/TodayRaceInfo/OddsUmLenFuku?k_babaCode=32&k_raceDate=2026%2F09%2F20&k_raceNo=6
2026-09-20 13:41:51,13:41,2026-09-20,saga,6,馬連,1-8,0.0,0.0,19,https://www.keiba.go.jp/KeibaWeb/TodayRaceInfo/OddsUmLenFuku?k_babaCode=32&k_raceDate=2026%2F09%2F20&k_raceNo=6
2026-09-20 13:41:51,13:41,2026-09-20,saga,6,馬連,1-9,0.0,0.0,19,https://www.keiba.go.jp/KeibaWeb/TodayRaceInfo/OddsUmLenFuku?k_babaCode=32&k_raceDate=2026%2F09%2F20&k_raceNo=6
2026-09-20 13:41:51,13:41,2026-09-20,saga,6,馬連,2-3,0.0,0.0,19,https://www.keiba.go.jp/KeibaWeb/TodayRaceInfo/OddsUmLenFuku?k_babaCode=32&k_raceDate=2026%2F09%2F20&k_raceNo=6
2026-09-20 13:41:51,13:41,2026-09-20,saga,6,馬連,2-4,0.0,0.0,19,https://www.keiba.go.jp/KeibaWeb/TodayRaceInfo/OddsUmLenFuku?k_babaCode=32&k_raceDate=2026%2F09%2F20&k_raceNo=6
2026-09-20 13:41:51,13:41,2026-09-20,saga,6,馬連,2-7,0.0,0.0,19,https://www.keiba.go.jp/KeibaWeb/TodayRaceInfo/OddsUmLenFuku?k_babaCode=32&k_raceDate=2026%2F09%2F20&k_raceNo=6
2026-09-20 13:41:51,13:41,2026-09-20,saga,6,馬連,2-8,0.0,0.0,19,https://www.keiba.go.jp/KeibaWeb/TodayRaceInfo/OddsUmLenFuku?k_babaCode=32&k_raceDate=2026%2F09%2F20&k_raceNo=6
2026-09-20 13:41:51,13:41,2026-09-20,saga,6,馬連,2-9,0.0,0.0,19,https://www.keiba.go.jp/KeibaWeb/TodayRaceInfo/OddsUmLenFuku?k_babaCode=32&k_raceDate=2026%2F09%2F20&k_raceNo=6
2026-09-20 13:41:51,13:41,2026-09-20,saga,6,馬連,4-7,0.0,0.0,19,https://www.keiba.go.jp/KeibaWeb/TodayRaceInfo/OddsUmLenFuku?k_babaCode=32&k_raceDate=2026%2F09%2F20&k_raceNo=6
2026-09-20 13:41:51,13:41,2026-09-20,saga,6,馬連,4-9,0.0,0.0,19,https://www.keiba.go.jp/KeibaWeb/TodayRaceInfo/OddsUmLenFuku?k_babaCode=32&k_raceDate=2026%2F09%2F20&k_raceNo=6
2026-09-20 13:41:51,13:41,2026-09-20,saga,6,馬連,5-7,0.0,0.0,19,https://www.keiba.go.jp/KeibaWeb/TodayRaceInfo/OddsUmLenFuku?k_babaCode=32&k_raceDate=2026%2F09%2F20&k_raceNo=6
2026-09-20 13:41:51,13:41,2026-09-20,saga,6,馬連,5-9,0.0,0.0,19,https://www.keiba.go.jp/KeibaWeb/TodayRaceInfo/OddsUmLenFuku?k_babaCode=32&k_raceDate=2026%2F09%2F20&k_raceNo=6
2026-09-20 13:41:51,13:41,2026-09-20,saga,6,馬連,6-9,0.0,0.0,19,https://www.keiba.go.jp/KeibaWeb/TodayRaceInfo/OddsUmLenFuku?k_babaCode=32&k_raceDate=2026%2F09%2F20&k_raceNo=6
2026-09-20 13:41:51,13:41,2026-09-20,saga,6,馬連,7-9,0.0,0.0,19,https://www.keiba.go.jp/KeibaWeb/TodayRaceInfo/OddsUmLenFuku?k_babaCode=32&k_raceDate=2026%2F09%2F20&k_raceNo=6
2026-09-20 13:41:51,13:41,2026-09-20,saga,6,馬連,8-9,0.0,0.0,19,https://www.keiba.go.jp/KeibaWeb/TodayRaceInfo/OddsUmLenFuku?k_babaCode=32&k_raceDate=2026%2F09%2F20&k_raceNo=6
2026-09-20 13:41:51,13:41,2026-09-20,saga,6,ワイド,3-4,1.4,1.6,1,https://www.keiba.go.jp/KeibaWeb/TodayRaceInfo/OddsWide?k_babaCode=32&k_raceDate=2026%2F09%2F20&k_raceNo=6
2026-09-20 13:41:51,13:41,2026-09-20,saga,6,ワイド,3-5,2.5,3.0,2,https://www.keiba.go.jp/KeibaWeb/TodayRaceInfo/OddsWide?k_babaCode=32&k_raceDate=2026%2F09%2F20&k_raceNo=6
2026-09-20 13:41:51,13:41,2026-09-20,saga,6,ワイド,1-3,2.6,3.3,3,https://www.keiba.go.jp/KeibaWeb/TodayRaceInfo/OddsWide?k_babaCode=32&k_raceDate=2026%2F09%2F20&k_raceNo=6
2026-09-20 13:41:51,13:41,2026-09-20,saga,6,ワイド,3-8,2.7,3.5,4,https://www.keiba.go.jp/KeibaWeb/TodayRaceInfo/OddsWide?k_babaCode=32&k_raceDate=2026%2F09%2F20&k_raceNo=6
2026-09-20 13:41:51,13:41,2026-09-20,saga,6,ワイド,6-7,3.1,3.3,5,https://www.keiba.go.jp/KeibaWeb/TodayRaceInfo/OddsWide?k_babaCode=32&k_raceDate=2026%2F09%2F20&k_raceNo=6
2026-09-20 13:41:51,13:41,2026-09-20,saga,6,ワイド,4-8,3.6,4.8,6,https://www.keiba.go.jp/KeibaWeb/TodayRaceInfo/OddsWide?k_babaCode=32&k_raceDate=2026%2F09%2F20&k_raceNo=6
2026-09-20 13:41:51,13:41,2026-09-20,saga,6,ワイド,4-6,3.8,4.9,7,https://www.keiba.go.jp/KeibaWeb/TodayRaceInfo/OddsWide?k_babaCode=32&k_raceDate=2026%2F09%2F20&k_raceNo=6
2026-09-20 13:41:51,13:41,2026-09-20,saga,6,ワイド,5-8,4.1,4.8,8,https://www.keiba.go.jp/KeibaWeb/TodayRaceInfo/OddsWide?k_babaCode=32&k_raceDate=2026%2F09%2F20&k_raceNo=6
2026-09-20 13:41:51,13:41,2026-09-20,saga,6,ワイド,6-8,4.4,4.8,9,https://www.keiba.go.jp/KeibaWeb/TodayRaceInfo/OddsWide?k_babaCode=32&k_raceDate=2026%2F09%2F20&k_raceNo=6
2026-09-20 13:41:51,13:41,2026-09-20,saga,6,ワイド,3-6,6.1,8.2,10,https://www.keiba.go.jp/KeibaWeb/TodayRaceInfo/OddsWide?k_babaCode=32&k_raceDate=2026%2F09%2F20&k_raceNo=6
2026-09-20 13:41:51,13:41,2026-09-20,saga,6,ワイド,3-7,6.5,8.2,11,https://www.keiba.go.jp/KeibaWeb/TodayRaceInfo/OddsWide?k_babaCode=32&k_raceDate=2026%2F09%2F20&k_raceNo=6
2026-09-20 13:41:51,13:41,2026-09-20,saga,6,ワイド,5-6,9.5,10.8,12,https://www.keiba.go.jp/KeibaWeb/TodayRaceInfo/OddsWide?k_babaCode=32&k_raceDate=2026%2F09%2F20&k_raceNo=6
2026-09-20 13:41:51,13:41,2026-09-20,saga,6,ワイド,1-8,13.3,15.8,13,https://www.keiba.go.jp/KeibaWeb/TodayRaceInfo/OddsWide?k_babaCode=32&k_raceDate=2026%2F09%2F20&k_raceNo=6
2026-09-20 13:41:51,13:41,2026-09-20,saga,6,ワイド,7-8,13.7,15.8,14,https://www.keiba.go.jp/KeibaWeb/TodayRaceInfo/OddsWide?k_babaCode=32&k_raceDate=2026%2F09%2F20&k_raceNo=6
2026-09-20 13:41:51,13:41,2026-09-20,saga,6,ワイド,2-8,14.6,15.7,15,https://www.keiba.go.jp/KeibaWeb/TodayRaceInfo/OddsWide?k_babaCode=32&k_raceDate=2026%2F09%2F20&k_raceNo=6
2026-09-20 13:41:51,13:41,2026-09-20,saga,6,ワイド,1-4,22.0,31.5,16,https://www.keiba.go.jp/KeibaWeb/TodayRaceInfo/OddsWide?k_babaCode=32&k_raceDate=2026%2F09%2F20&k_raceNo=6
2026-09-20 13:41:51,13:41,2026-09-20,saga,6,ワイド,2-3,24.5,31.2,17,https://www.keiba.go.jp/KeibaWeb/TodayRaceInfo/OddsWide?k_babaCode=32&k_raceDate=2026%2F09%2F20&k_raceNo=6
2026-09-20 13:41:51,13:41,2026-09-20,saga,6,ワイド,2-4,24.5,31.5,18,https://www.keiba.go.jp/KeibaWeb/TodayRaceInfo/OddsWide?k_babaCode=32&k_raceDate=2026%2F09%2F20&k_raceNo=6
2026-09-20 13:41:51,13:41,2026-09-20,saga,6,ワイド,1-6,27.7,31.5,19,https://www.keiba.go.jp/KeibaWeb/TodayRaceInfo/OddsWide?k_babaCode=32&k_raceDate=2026%2F09%2F20&k_raceNo=6
2026-09-20 13:41:51,13:41,2026-09-20,saga,6,ワイド,2-6,28.5,31.2,20,https://www.keiba.go.jp/KeibaWeb/TodayRaceInfo/OddsWide?k_babaCode=32&k_raceDate=2026%2F09%2F20&k_raceNo=6
2026-09-20 13:41:51,13:41,2026-09-20,saga,6,ワイド,2-7,28.5,31.5,21,https://www.keiba.go.jp/KeibaWeb/TodayRaceInfo/OddsWide?k_babaCode=32&k_raceDate=2026%2F09%2F20&k_raceNo=6
2026-09-20 13:41:51,13:41,2026-09-20,saga,6,ワイド,8-9,29.0,31.0,22,https://www.keiba.go.jp/KeibaWeb/TodayRaceInfo/OddsWide?k_babaCode=32&k_raceDate=2026%2F09%2F20&k_raceNo=6
2026-09-20 13:41:51,13:41,2026-09-20,saga,6,ワイド,2-9,30.7,31.5,23,https://www.keiba.go.jp/KeibaWeb/TodayRaceInfo/OddsWide?k_babaCode=32&k_raceDate=2026%2F09%2F20&k_raceNo=6
2026-09-20 13:41:51,13:41,2026-09-20,saga,6,ワイド,1-2,0.0,0.0,24,https://www.keiba.go.jp/KeibaWeb/TodayRaceInfo/OddsWide?k_babaCode=32&k_raceDate=2026%2F09%2F20&k_raceNo=6
2026-09-20 13:41:51,13:41,2026-09-20,saga,6,ワイド,1-5,0.0,0.0,24,https://www.keiba.go.jp/KeibaWeb/TodayRaceInfo/OddsWide?k_babaCode=32&k_raceDate=2026%2F09%2F20&k_raceNo=6
2026-09-20 13:41:51,13:41,2026-09-20,saga,6,ワイド,1-7,0.0,0.0,24,https://www.keiba.go.jp/KeibaWeb/TodayRaceInfo/OddsWide?k_babaCode=32&k_raceDate=2026%2F09%2F20&k_raceNo=6
2026-09-20 13:41:51,13:41,2026-09-20,saga,6,ワイド,1-9,0.0,0.0,24,https://www.keiba.go.jp/KeibaWeb/TodayRaceInfo/OddsWide?k_babaCode=32&k_raceDate=2026%2F09%2F20&k_raceNo=6
2026-09-20 13:41:51,13:41,2026-09-20,saga,6,ワイド,2-5,0.0,0.0,24,https://www.keiba.go.jp/KeibaWeb/TodayRaceInfo/OddsWide?k_babaCode=32&k_raceDate=2026%2F09%2F20&k_raceNo=6
2026-09-20 13:41:51,13:41,2026-09-20,saga,6,ワイド,3-9,0.0,0.0,24,https://www.keiba.go.jp/KeibaWeb/TodayRaceInfo/OddsWide?k_babaCode=32&k_raceDate=2026%2F09%2F20&k_raceNo=6
2026-09-20 13:41:51,13:41,2026-09-20,saga,6,ワイド,4-5,0.0,0.0,24,https://www.keiba.go.jp/KeibaWeb/TodayRaceInfo/OddsWide?k_babaCode=32&k_raceDate=2026%2F09%2F20&k_raceNo=6
2026-09-20 13:41:51,13:41,2026-09-20,saga,6,ワイド,4-7,0.0,0.0,24,https://www.keiba.go.jp/KeibaWeb/TodayRaceInfo/OddsWide?k_babaCode=32&k_raceDate=2026%2F09%2F20&k_raceNo=6
2026-09-20 13:41:51,13:41,2026-09-20,saga,6,ワイド,4-9,0.0,0.0,24,https://www.keiba.go.jp/KeibaWeb/TodayRaceInfo/OddsWide?k_babaCode=32&k_raceDate=2026%2F09%2F20&k_raceNo=6
2026-09-20 13:41:51,13:41,2026-09-20,saga,6,ワイド,5-7,0.0,0.0,24,https://www.keiba.go.jp/KeibaWeb/TodayRaceInfo/OddsWide?k_babaCode=32&k_raceDate=2026%2F09%2F20&k_raceNo=6
2026-09-20 13:41:51,13:41,2026-09-20,saga,6,ワイド,5-9,0.0,0.0,24,https://www.keiba.go.jp/KeibaWeb/TodayRaceInfo/OddsWide?k_babaCode=32&k_raceDate=2026%2F09%2F20&k_raceNo=6
2026-09-20 13:41:51,13:41,2026-09-20,saga,6,ワイド,6-9,0.0,0.0,24,https://www.keiba.go.jp/KeibaWeb/TodayRaceInfo/OddsWide?k_babaCode=32&k_raceDate=2026%2F09%2F20&k_raceNo=6
2026-09-20 13:41:51,13:41,2026-09-20,saga,6,ワイド,7-9,0.0,0.0,24,https://www.keiba.go.jp/KeibaWeb/TodayRaceInfo/OddsWide?k_babaCode=32&k_raceDate=2026%2F09%2F20&k_raceNo=6
2026-09-20 13:41:51,13:41,2026-09-20,saga,6,三連複,4-6-8,6.2,6.2,1,https://www.keiba.go.jp/KeibaWeb/TodayRaceInfo/Odds3LenFuku?k_babaCode=32&k_raceDate=2026%2F09%2F20&k_raceNo=6
2026-09-20 13:41:51,13:41,2026-09-20,saga,6,三連複,3-4-8,6.6,6.6,2,https://www.keiba.go.jp/KeibaWeb/TodayRaceInfo/Odds3LenFuku?k_babaCode=32&k_raceDate=2026%2F09%2F20&k_raceNo=6
2026-09-20 13:41:51,13:41,2026-09-20,saga,6,三連複,3-5-8,9.0,9.0,3,https://www.keiba.go.jp/KeibaWeb/TodayRaceInfo/Odds3LenFuku?k_babaCode=32&k_raceDate=2026%2F09%2F20&k_raceNo=6
2026-09-20 13:41:51,13:41,2026-09-20,saga,6,三連複,5-6-8,11.3,11.3,4,https://www.keiba.go.jp/KeibaWeb/TodayRaceInfo/Odds3LenFuku?k_babaCode=32&k_raceDate=2026%2F09%2F20&k_raceNo=6
2026-09-20 13:41:51,13:41,2026-09-20,saga,6,三連複,3-6-8,11.9,11.9,5,https://www.keiba.go.jp/KeibaWeb/TodayRaceInfo/Odds3LenFuku?k_babaCode=32&k_raceDate=2026%2F09%2F20&k_raceNo=6
2026-09-20 13:41:51,13:41,2026-09-20,saga,6,三連複,6-7-8,12.5,12.5,6,https://www.keiba.go.jp/KeibaWeb/TodayRaceInfo/Odds3LenFuku?k_babaCode=32&k_raceDate=2026%2F09%2F20&k_raceNo=6
2026-09-20 13:41:51,13:41,2026-09-20,saga,6,三連複,5-7-8,13.3,13.3,7,https://www.keiba.go.jp/KeibaWeb/TodayRaceInfo/Odds3LenFuku?k_babaCode=32&k_raceDate=2026%2F09%2F20&k_raceNo=6
2026-09-20 13:41:51,13:41,2026-09-20,saga,6,三連複,4-5-8,20.5,20.5,8,https://www.keiba.go.jp/KeibaWeb/TodayRaceInfo/Odds3LenFuku?k_babaCode=32&k_raceDate=2026%2F09%2F20&k_raceNo=6
2026-09-20 13:41:51,13:41,2026-09-20,saga,6,三連複,4-7-8,22.6,22.6,9,https://www.keiba.go.jp/KeibaWeb/TodayRaceInfo/Odds3LenFuku?k_babaCode=32&k_raceDate=2026%2F09%2F20&k_raceNo=6
2026-09-20 13:41:51,13:41,2026-09-20,saga,6,三連複,4-5-6,28.2,28.2,10,https://www.keiba.go.jp/KeibaWeb/TodayRaceInfo/Odds3LenFuku?k_babaCode=32&k_raceDate=2026%2F09%2F20&k_raceNo=6
2026-09-20 13:41:51,13:41,2026-09-20,saga,6,三連複,3-4-6,32.3,32.3,11,https://www.keiba.go.jp/KeibaWeb/TodayRaceInfo/Odds3LenFuku?k_babaCode=32&k_raceDate=2026%2F09%2F20&k_raceNo=6
2026-09-20 13:41:51,13:41,2026-09-20,saga,6,三連複,3-5-6,32.3,32.3,11,https://www.keiba.go.jp/KeibaWeb/TodayRaceInfo/Odds3LenFuku?k_babaCode=32&k_raceDate=2026%2F09%2F20&k_raceNo=6
2026-09-20 13:41:51,13:41,2026-09-20,saga,6,三連複,3-5-7,37.7,37.7,13,https://www.keiba.go.jp/KeibaWeb/TodayRaceInfo/Odds3LenFuku?k_babaCode=32&k_raceDate=2026%2F09%2F20&k_raceNo=6
2026-09-20 13:41:51,13:41,2026-09-20,saga,6,三連複,3-4-5,45.2,45.2,14,https://www.keiba.go.jp/KeibaWeb/TodayRaceInfo/Odds3LenFuku?k_babaCode=32&k_raceDate=2026%2F09%2F20&k_raceNo=6
2026-09-20 13:41:51,13:41,2026-09-20,saga,6,三連複,3-4-7,45.2,45.2,14,https://www.keiba.go.jp/KeibaWeb/TodayRaceInfo/Odds3LenFuku?k_babaCode=32&k_raceDate=2026%2F09%2F20&k_raceNo=6
2026-09-20 13:41:51,13:41,2026-09-20,saga,6,三連複,2-5-7,56.5,56.5,16,https://www.keiba.go.jp/KeibaWeb/TodayRaceInfo/Odds3LenFuku?k_babaCode=32&k_raceDate=2026%2F09%2F20&k_raceNo=6
2026-09-20 13:41:51,13:41,2026-09-20,saga,6,三連複,3-7-8,56.5,56.5,16,https://www.keiba.go.jp/KeibaWeb/TodayRaceInfo/Odds3LenFuku?k_babaCode=32&k_raceDate=2026%2F09%2F20&k_raceNo=6
2026-09-20 13:41:51,13:41,2026-09-20,saga,6,三連複,4-6-7,56.5,56.5,16,https://www.keiba.go.jp/KeibaWeb/TodayRaceInfo/Odds3LenFuku?k_babaCode=32&k_raceDate=2026%2F09%2F20&k_raceNo=6
2026-09-20 13:41:51,13:41,2026-09-20,saga,6,三連複,5-6-7,56.5,56.5,16,https://www.keiba.go.jp/KeibaWeb/TodayRaceInfo/Odds3LenFuku?k_babaCode=32&k_raceDate=2026%2F09%2F20&k_raceNo=6
2026-09-20 13:41:51,13:41,2026-09-20,saga,6,三連複,7-8-9,56.5,56.5,16,https://www.keiba.go.jp/KeibaWeb/TodayRaceInfo/Odds3LenFuku?k_babaCode=32&k_raceDate=2026%2F09%2F20&k_raceNo=6
2026-09-20 13:41:51,13:41,2026-09-20,saga,6,三連複,2-3-4,75.4,75.4,21,https://www.keiba.go.jp/KeibaWeb/TodayRaceInfo/Odds3LenFuku?k_babaCode=32&k_raceDate=2026%2F09%2F20&k_raceNo=6
2026-09-20 13:41:51,13:41,2026-09-20,saga,6,三連複,2-3-8,75.4,75.4,21,https://www.keiba.go.jp/KeibaWeb/TodayRaceInfo/Odds3LenFuku?k_babaCode=32&k_raceDate=2026%2F09%2F20&k_raceNo=6
2026-09-20 13:41:51,13:41,2026-09-20,saga,6,三連複,2-4-7,75.4,75.4,21,https://www.keiba.go.jp/KeibaWeb/TodayRaceInfo/Odds3LenFuku?k_babaCode=32&k_raceDate=2026%2F09%2F20&k_raceNo=6
2026-09-20 13:41:51,13:41,2026-09-20,saga,6,三連複,5-8-9,75.4,75.4,21,https://www.keiba.go.jp/KeibaWeb/TodayRaceInfo/Odds3LenFuku?k_babaCode=32&k_raceDate=2026%2F09%2F20&k_raceNo=6
2026-09-20 13:41:51,13:41,2026-09-20,saga,6,三連複,6-8-9,75.4,75.4,21,https://www.keiba.go.jp/KeibaWeb/TodayRaceInfo/Odds3LenFuku?k_babaCode=32&k_raceDate=2026%2F09%2F20&k_raceNo=6
2026-09-20 13:41:51,13:41,2026-09-20,saga,6,三連複,1-2-6,113.1,113.1,26,https://www.keiba.go.jp/KeibaWeb/TodayRaceInfo/Odds3LenFuku?k_babaCode=32&k_raceDate=2026%2F09%2F20&k_raceNo=6
2026-09-20 13:41:51,13:41,2026-09-20,saga,6,三連複,1-2-9,113.1,113.1,26,https://www.keiba.go.jp/KeibaWeb/TodayRaceInfo/Odds3LenFuku?k_babaCode=32&k_raceDate=2026%2F09%2F20&k_raceNo=6
2026-09-20 13:41:51,13:41,2026-09-20,saga,6,三連複,1-5-8,113.1,113.1,26,https://www.keiba.go.jp/KeibaWeb/TodayRaceInfo/Odds3LenFuku?k_babaCode=32&k_raceDate=2026%2F09%2F20&k_raceNo=6
2026-09-20 13:41:51,13:41,2026-09-20,saga,6,三連複,1-7-9,113.1,113.1,26,https://www.keiba.go.jp/KeibaWeb/TodayRaceInfo/Odds3LenFuku?k_babaCode=32&k_raceDate=2026%2F09%2F20&k_raceNo=6
2026-09-20 13:41:51,13:41,2026-09-20,saga,6,三連複,2-3-6,113.1,113.1,26,https://www.keiba.go.jp/KeibaWeb/TodayRaceInfo/Odds3LenFuku?k_babaCode=32&k_raceDate=2026%2F09%2F20&k_raceNo=6
2026-09-20 13:41:51,13:41,2026-09-20,saga,6,三連複,2-5-6,113.1,113.1,26,https://www.keiba.go.jp/KeibaWeb/TodayRaceInfo/Odds3LenFuku?k_babaCode=32&k_raceDate=2026%2F09%2F20&k_raceNo=6
2026-09-20 13:41:51,13:41,2026-09-20,saga,6,三連複,2-5-8,113.1,113.1,26,https://www.keiba.go.jp/KeibaWeb/TodayRaceInfo/Odds3LenFuku?k_babaCode=32&k_raceDate=2026%2F09%2F20&k_raceNo=6
2026-09-20 13:41:51,13:41,2026-09-20,saga,6,三連複,3-8-9,113.1,113.1,26,https://www.keiba.go.jp/KeibaWeb/TodayRaceInfo/Odds3LenFuku?k_babaCode=32&k_raceDate=2026%2F09%2F20&k_raceNo=6
2026-09-20 13:41:51,13:41,2026-09-20,saga,6,三連複,4-5-7,113.1,113.1,26,https://www.keiba.go.jp/KeibaWeb/TodayRaceInfo/Odds3LenFuku?k_babaCode=32&k_raceDate=2026%2F09%2F20&k_raceNo=6
2026-09-20 13:41:51,13:41,2026-09-20,saga,6,三連複,4-7-9,113.1,113.1,26,https://www.keiba.go.jp/KeibaWeb/TodayRaceInfo/Odds3LenFuku?k_babaCode=32&k_raceDate=2026%2F09%2F20&k_raceNo=6
2026-09-20 13:41:51,13:41,2026-09-20,saga,6,三連複,4-8-9,113.1,113.1,26,https://www.keiba.go.jp/KeibaWeb/TodayRaceInfo/Odds3LenFuku?k_babaCode=32&k_raceDate=2026%2F09%2F20&k_raceNo=6
2026-09-20 13:41:51,13:41,2026-09-20,saga,6,三連複,1-2-4,226.2,226.2,37,https://www.keiba.go.jp/KeibaWeb/TodayRaceInfo/Odds3LenFuku?k_babaCode=32&k_raceDate=2026%2F09%2F20&k_raceNo=6
2026-09-20 13:41:51,13:41,2026-09-20,saga,6,三連複,1-2-5,226.2,226.2,37,https://www.keiba.go.jp/KeibaWeb/TodayRaceInfo/Odds3LenFuku?k_babaCode=32&k_raceDate=2026%2F09%2F20&k_raceNo=6
2026-09-20 13:41:51,13:41,2026-09-20,saga,6,三連複,1-3-4,226.2,226.2,37,https://www.keiba.go.jp/KeibaWeb/TodayRaceInfo/Odds3LenFuku?k_babaCode=32&k_raceDate=2026%2F09%2F20&k_raceNo=6
2026-09-20 13:41:51,13:41,2026-09-20,saga,6,三連複,1-3-6,226.2,226.2,37,https://www.keiba.go.jp/KeibaWeb/TodayRaceInfo/Odds3LenFuku?k_babaCode=32&k_raceDate=2026%2F09%2F20&k_raceNo=6
2026-09-20 13:41:51,13:41,2026-09-20,saga,6,三連複,1-3-7,226.2,226.2,37,https://www.keiba.go.jp/KeibaWeb/TodayRaceInfo/Odds3LenFuku?k_babaCode=32&k_raceDate=2026%2F09%2F20&k_raceNo=6
2026-09-20 13:41:51,13:41,2026-09-20,saga,6,三連複,1-3-8,226.2,226.2,37,https://www.keiba.go.jp/KeibaWeb/TodayRaceInfo/Odds3LenFuku?k_babaCode=32&k_raceDate=2026%2F09%2F20&k_raceNo=6
2026-09-20 13:41:51,13:41,2026-09-20,saga,6,三連複,1-4-6,226.2,226.2,37,https://www.keiba.go.jp/KeibaWeb/TodayRaceInfo/Odds3LenFuku?k_babaCode=32&k_raceDate=2026%2F09%2F20&k_raceNo=6
2026-09-20 13:41:51,13:41,2026-09-20,saga,6,三連複,1-4-7,226.2,226.2,37,https://www.keiba.go.jp/KeibaWeb/TodayRaceInfo/Odds3LenFuku?k_babaCode=32&k_raceDate=2026%2F09%2F20&k_raceNo=6
2026-09-20 13:41:51,13:41,2026-09-20,saga,6,三連複,1-4-8,226.2,226.2,37,https://www.keiba.go.jp/KeibaWeb/TodayRaceInfo/Odds3LenFuku?k_babaCode=32&k_raceDate=2026%2F09%2F20&k_raceNo=6
2026-09-20 13:41:51,13:41,2026-09-20,saga,6,三連複,1-4-9,226.2,226.2,37,https://www.keiba.go.jp/KeibaWeb/TodayRaceInfo/Odds3LenFuku?k_babaCode=32&k_raceDate=2026%2F09%2F20&k_raceNo=6
2026-09-20 13:41:51,13:41,2026-09-20,saga,6,三連複,1-5-7,226.2,226.2,37,https://www.keiba.go.jp/KeibaWeb/TodayRaceInfo/Odds3LenFuku?k_babaCode=32&k_raceDate=2026%2F09%2F20&k_raceNo=6
2026-09-20 13:41:51,13:41,2026-09-20,saga,6,三連複,1-6-7,226.2,226.2,37,https://www.keiba.go.jp/KeibaWeb/TodayRaceInfo/Odds3LenFuku?k_babaCode=32&k_raceDate=2026%2F09%2F20&k_raceNo=6
2026-09-20 13:41:51,13:41,2026-09-20,saga,6,三連複,1-6-9,226.2,226.2,37,https://www.keiba.go.jp/KeibaWeb/TodayRaceInfo/Odds3LenFuku?k_babaCode=32&k_raceDate=2026%2F09%2F20&k_raceNo=6
2026-09-20 13:41:51,13:41,2026-09-20,saga,6,三連複,1-7-8,226.2,226.2,37,https://www.keiba.go.jp/KeibaWeb/TodayRaceInfo/Odds3LenFuku?k_babaCode=32&k_raceDate=2026%2F09%2F20&k_raceNo=6
2026-09-20 13:41:51,13:41,2026-09-20,saga,6,三連複,1-8-9,226.2,226.2,37,https://www.keiba.go.jp/KeibaWeb/TodayRaceInfo/Odds3LenFuku?k_babaCode=32&k_raceDate=2026%2F09%2F20&k_raceNo=6
2026-09-20 13:41:51,13:41,2026-09-20,saga,6,三連複,2-3-7,226.2,226.2,37,https://www.keiba.go.jp/KeibaWeb/TodayRaceInfo/Odds3LenFuku?k_babaCode=32&k_raceDate=2026%2F09%2F20&k_raceNo=6
2026-09-20 13:41:51,13:41,2026-09-20,saga,6,三連複,2-4-6,226.2,226.2,37,https://www.keiba.go.jp/KeibaWeb/TodayRaceInfo/Odds3LenFuku?k_babaCode=32&k_raceDate=2026%2F09%2F20&k_raceNo=6
2026-09-20 13:41:51,13:41,2026-09-20,saga,6,三連複,2-4-8,226.2,226.2,37,https://www.keiba.go.jp/KeibaWeb/TodayRaceInfo/Odds3LenFuku?k_babaCode=32&k_raceDate=2026%2F09%2F20&k_raceNo=6
2026-09-20 13:41:51,13:41,2026-09-20,saga,6,三連複,2-6-7,226.2,226.2,37,https://www.keiba.go.jp/KeibaWeb/TodayRaceInfo/Odds3LenFuku?k_babaCode=32&k_raceDate=2026%2F09%2F20&k_raceNo=6
2026-09-20 13:41:51,13:41,2026-09-20,saga,6,三連複,2-6-8,226.2,226.2,37,https://www.keiba.go.jp/KeibaWeb/TodayRaceInfo/Odds3LenFuku?k_babaCode=32&k_raceDate=2026%2F09%2F20&k_raceNo=6
2026-09-20 13:41:51,13:41,2026-09-20,saga,6,三連複,2-7-9,226.2,226.2,37,https://www.keiba.go.jp/KeibaWeb/TodayRaceInfo/Odds3LenFuku?k_babaCode=32&k_raceDate=2026%2F09%2F20&k_raceNo=6
2026-09-20 13:41:51,13:41,2026-09-20,saga,6,三連複,3-4-9,226.2,226.2,37,https://www.keiba.go.jp/KeibaWeb/TodayRaceInfo/Odds3LenFuku?k_babaCode=32&k_raceDate=2026%2F09%2F20&k_raceNo=6
2026-09-20 13:41:51,13:41,2026-09-20,saga,6,三連複,3-6-7,226.2,226.2,37,https://www.keiba.go.jp/KeibaWeb/TodayRaceInfo/Odds3LenFuku?k_babaCode=32&k_raceDate=2026%2F09%2F20&k_raceNo=6
2026-09-20 13:41:51,13:41,2026-09-20,saga,6,三連複,3-6-9,226.2,226.2,37,https://www.keiba.go.jp/KeibaWeb/TodayRaceInfo/Odds3LenFuku?k_babaCode=32&k_raceDate=2026%2F09%2F20&k_raceNo=6
2026-09-20 13:41:51,13:41,2026-09-20,saga,6,三連複,4-5-9,226.2,226.2,37,https://www.keiba.go.jp/KeibaWeb/TodayRaceInfo/Odds3LenFuku?k_babaCode=32&k_raceDate=2026%2F09%2F20&k_raceNo=6
2026-09-20 13:41:51,13:41,2026-09-20,saga,6,三連複,5-6-9,226.2,226.2,37,https://www.keiba.go.jp/KeibaWeb/TodayRaceInfo/Odds3LenFuku?k_babaCode=32&k_raceDate=2026%2F09%2F20&k_raceNo=6
2026-09-20 13:41:51,13:41,2026-09-20,saga,6,三連複,5-7-9,226.2,226.2,37,https://www.keiba.go.jp/KeibaWeb/TodayRaceInfo/Odds3LenFuku?k_babaCode=32&k_raceDate=2026%2F09%2F20&k_raceNo=6
2026-09-20 13:41:51,13:41,2026-09-20,saga,6,三連複,1-2-3,0.0,0.0,64,https://www.keiba.go.jp/KeibaWeb/TodayRaceInfo/Odds3LenFuku?k_babaCode=32&k_raceDate=2026%2F09%2F20&k_raceNo=6
2026-09-20 13:41:51,13:41,2026-09-20,saga,6,三連複,1-2-7,0.0,0.0,64,https://www.keiba.go.jp/KeibaWeb/TodayRaceInfo/Odds3LenFuku?k_babaCode=32&k_raceDate=2026%2F09%2F20&k_raceNo=6
2026-09-20 13:41:51,13:41,2026-09-20,saga,6,三連複,1-2-8,0.0,0.0,64,https://www.keiba.go.jp/KeibaWeb/TodayRaceInfo/Odds3LenFuku?k_babaCode=32&k_raceDate=2026%2F09%2F20&k_raceNo=6
2026-09-20 13:41:51,13:41,2026-09-20,saga,6,三連複,1-3-5,0.0,0.0,64,https://www.keiba.go.jp/KeibaWeb/TodayRaceInfo/Odds3LenFuku?k_babaCode=32&k_raceDate=2026%2F09%2F20&k_raceNo=6
2026-09-20 13:41:51,13:41,2026-09-20,saga,6,三連複,1-3-9,0.0,0.0,64,https://www.keiba.go.jp/KeibaWeb/TodayRaceInfo/Odds3LenFuku?k_babaCode=32&k_raceDate=2026%2F09%2F20&k_raceNo=6
2026-09-20 13:41:51,13:41,2026-09-20,saga,6,三連複,1-4-5,0.0,0.0,64,https://www.keiba.go.jp/KeibaWeb/TodayRaceInfo/Odds3LenFuku?k_babaCode=32&k_raceDate=2026%2F09%2F20&k_raceNo=6
2026-09-20 13:41:51,13:41,2026-09-20,saga,6,三連複,1-5-6,0.0,0.0,64,https://www.keiba.go.jp/KeibaWeb/TodayRaceInfo/Odds3LenFuku?k_babaCode=32&k_raceDate=2026%2F09%2F20&k_raceNo=6
2026-09-20 13:41:51,13:41,2026-09-20,saga,6,三連複,1-5-9,0.0,0.0,64,https://www.keiba.go.jp/KeibaWeb/TodayRaceInfo/Odds3LenFuku?k_babaCode=32&k_raceDate=2026%2F09%2F20&k_raceNo=6
2026-09-20 13:41:51,13:41,2026-09-20,saga,6,三連複,1-6-8,0.0,0.0,64,https://www.keiba.go.jp/KeibaWeb/TodayRaceInfo/Odds3LenFuku?k_babaCode=32&k_raceDate=2026%2F09%2F20&k_raceNo=6
2026-09-20 13:41:51,13:41,2026-09-20,saga,6,三連複,2-3-5,0.0,0.0,64,https://www.keiba.go.jp/KeibaWeb/TodayRaceInfo/Odds3LenFuku?k_babaCode=32&k_raceDate=2026%2F09%2F20&k_raceNo=6
2026-09-20 13:41:51,13:41,2026-09-20,saga,6,三連複,2-3-9,0.0,0.0,64,https://www.keiba.go.jp/KeibaWeb/TodayRaceInfo/Odds3LenFuku?k_babaCode=32&k_raceDate=2026%2F09%2F20&k_raceNo=6
2026-09-20 13:41:51,13:41,2026-09-20,saga,6,三連複,2-4-5,0.0,0.0,64,https://www.keiba.go.jp/KeibaWeb/TodayRaceInfo/Odds3LenFuku?k_babaCode=32&k_raceDate=2026%2F09%2F20&k_raceNo=6
2026-09-20 13:41:51,13:41,2026-09-20,saga,6,三連複,2-4-9,0.0,0.0,64,https://www.keiba.go.jp/KeibaWeb/TodayRaceInfo/Odds3LenFuku?k_babaCode=32&k_raceDate=2026%2F09%2F20&k_raceNo=6
2026-09-20 13:41:51,13:41,2026-09-20,saga,6,三連複,2-5-9,0.0,0.0,64,https://www.keiba.go.jp/KeibaWeb/TodayRaceInfo/Odds3LenFuku?k_babaCode=32&k_raceDate=2026%2F09%2F20&k_raceNo=6
2026-09-20 13:41:51,13:41,2026-09-20,saga,6,三連複,2-6-9,0.0,0.0,64,https://www.keiba.go.jp/KeibaWeb/TodayRaceInfo/Odds3LenFuku?k_babaCode=32&k_raceDate=2026%2F09%2F20&k_raceNo=6
2026-09-20 13:41:51,13:41,2026-09-20,saga,6,三連複,2-7-8,0.0,0.0,64,https://www.keiba.go.jp/KeibaWeb/TodayRaceInfo/Odds3LenFuku?k_babaCode=32&k_raceDate=2026%2F09%2F20&k_raceNo=6
2026-09-20 13:41:51,13:41,2026-09-20,saga,6,三連複,2-8-9,0.0,0.0,64,https://www.keiba.go.jp/KeibaWeb/TodayRaceInfo/Odds3LenFuku?k_babaCode=32&k_raceDate=2026%2F09%2F20&k_raceNo=6
2026-09-20 13:41:51,13:41,2026-09-20,saga,6,三連複,3-5-9,0.0,0.0,64,https://www.keiba.go.jp/KeibaWeb/TodayRaceInfo/Odds3LenFuku?k_babaCode=32&k_raceDate=2026%2F09%2F20&k_raceNo=6
2026-09-20 13:41:51,13:41,2026-09-20,saga,6,三連複,3-7-9,0.0,0.0,64,https://www.keiba.go.jp/KeibaWeb/TodayRaceInfo/Odds3LenFuku?k_babaCode=32&k_raceDate=2026%2F09%2F20&k_raceNo=6
2026-09-20 13:41:51,13:41,2026-09-20,saga,6,三連複,4-6-9,0.0,0.0,64,https://www.keiba.go.jp/KeibaWeb/TodayRaceInfo/Odds3LenFuku?k_babaCode=32&k_raceDate=2026%2F09%2F20&k_raceNo=6
2026-09-20 13:41:51,13:41,2026-09-20,saga,6,三連複,6-7-9,0.0,0.0,64,https://www.keiba.go.jp/KeibaWeb/TodayRaceInfo/Odds3LenFuku?k_babaCode=32&k_raceDate=2026%2F09%2F20&k_raceNo=6
2026-09-20 13:41:51,13:41,2026-09-20,saga,7,馬連,1-5,2.7,2.7,1,https://www.keiba.go.jp/KeibaWeb/TodayRaceInfo/OddsUmLenFuku?k_babaCode=32&k_raceDate=2026%2F09%2F20&k_raceNo=7
2026-09-20 13:41:51,13:41,2026-09-20,saga,7,馬連,1-2,4.0,4.0,2,https://www.keiba.go.jp/KeibaWeb/TodayRaceInfo/OddsUmLenFuku?k_babaCode=32&k_raceDate=2026%2F09%2F20&k_raceNo=7
2026-09-20 13:41:51,13:41,2026-09-20,saga,7,馬連,1-8,4.5,4.5,3,https://www.keiba.go.jp/KeibaWeb/TodayRaceInfo/OddsUmLenFuku?k_babaCode=32&k_raceDate=2026%2F09%2F20&k_raceNo=7
2026-09-20 13:41:51,13:41,2026-09-20,saga,7,馬連,2-8,8.3,8.3,4,https://www.keiba.go.jp/KeibaWeb/TodayRaceInfo/OddsUmLenFuku?k_babaCode=32&k_raceDate=2026%2F09%2F20&k_raceNo=7
2026-09-20 13:41:51,13:41,2026-09-20,saga,7,馬連,1-6,15.8,15.8,5,https://www.keiba.go.jp/KeibaWeb/TodayRaceInfo/OddsUmLenFuku?k_babaCode=32&k_raceDate=2026%2F09%2F20&k_raceNo=7
2026-09-20 13:41:51,13:41,2026-09-20,saga,7,馬連,2-5,17.5,17.5,6,https://www.keiba.go.jp/KeibaWeb/TodayRaceInfo/OddsUmLenFuku?k_babaCode=32&k_raceDate=2026%2F09%2F20&k_raceNo=7
2026-09-20 13:41:51,13:41,2026-09-20,saga,7,馬連,2-6,19.7,19.7,7,https://www.keiba.go.jp/KeibaWeb/TodayRaceInfo/OddsUmLenFuku?k_babaCode=32&k_raceDate=2026%2F09%2F20&k_raceNo=7
2026-09-20 13:41:51,13:41,2026-09-20,saga,7,馬連,1-3,31.6,31.6,8,https://www.keiba.go.jp/KeibaWeb/TodayRaceInfo/OddsUmLenFuku?k_babaCode=32&k_raceDate=2026%2F09%2F20&k_raceNo=7
2026-09-20 13:41:51,13:41,2026-09-20,saga,7,馬連,5-8,31.6,31.6,8,https://www.keiba.go.jp/KeibaWeb/TodayRaceInfo/OddsUmLenFuku?k_babaCode=32&k_raceDate=2026%2F09%2F20&k_raceNo=7
2026-09-20 13:41:51,13:41,2026-09-20,saga,7,馬連,2-3,39.5,39.5,10,https://www.keiba.go.jp/KeibaWeb/TodayRaceInfo/OddsUmLenFuku?k_babaCode=32&k_raceDate=2026%2F09%2F20&k_raceNo=7
2026-09-20 13:41:51,13:41,2026-09-20,saga,7,馬連,6-8,39.5,39.5,10,https://www.keiba.go.jp/KeibaWeb/TodayRaceInfo/OddsUmLenFuku?k_babaCode=32&k_raceDate=2026%2F09%2F20&k_raceNo=7
2026-09-20 13:41:51,13:41,2026-09-20,saga,7,馬連,3-5,52.7,52.7,12,https://www.keiba.go.jp/KeibaWeb/TodayRaceInfo/OddsUmLenFuku?k_babaCode=32&k_raceDate=2026%2F09%2F20&k_raceNo=7
2026-09-20 13:41:51,13:41,2026-09-20,saga,7,馬連,5-6,52.7,52.7,12,https://www.keiba.go.jp/KeibaWeb/TodayRaceInfo/OddsUmLenFuku?k_babaCode=32&k_raceDate=2026%2F09%2F20&k_raceNo=7
2026-09-20 13:41:51,13:41,2026-09-20,saga,7,馬連,7-8,52.7,52.7,12,https://www.keiba.go.jp/KeibaWeb/TodayRaceInfo/OddsUmLenFuku?k_babaCode=32&k_raceDate=2026%2F09%2F20&k_raceNo=7
2026-09-20 13:41:51,13:41,2026-09-20,saga,7,馬連,4-8,79.1,79.1,15,https://www.keiba.go.jp/KeibaWeb/TodayRaceInfo/OddsUmLenFuku?k_babaCode=32&k_raceDate=2026%2F09%2F20&k_raceNo=7
2026-09-20 13:41:51,13:41,2026-09-20,saga,7,馬連,2-4,158.2,158.2,16,https://www.keiba.go.jp/KeibaWeb/TodayRaceInfo/OddsUmLenFuku?k_babaCode=32&k_raceDate=2026%2F09%2F20&k_raceNo=7
2026-09-20 13:41:51,13:41,2026-09-20,saga,7,馬連,3-6,158.2,158.2,16,https://www.keiba.go.jp/KeibaWeb/TodayRaceInfo/OddsUmLenFuku?k_babaCode=32&k_raceDate=2026%2F09%2F20&k_raceNo=7
2026-09-20 13:41:51,13:41,2026-09-20,saga,7,馬連,3-8,158.2,158.2,16,https://www.keiba.go.jp/KeibaWeb/TodayRaceInfo/OddsUmLenFuku?k_babaCode=32&k_raceDate=2026%2F09%2F20&k_raceNo=7
2026-09-20 13:41:51,13:41,2026-09-20,saga,7,馬連,4-6,158.2,158.2,16,https://www.keiba.go.jp/KeibaWeb/TodayRaceInfo/OddsUmLenFuku?k_babaCode=32&k_raceDate=2026%2F09%2F20&k_raceNo=7
2026-09-20 13:41:51,13:41,2026-09-20,saga,7,馬連,6-7,158.2,158.2,16,https://www.keiba.go.jp/KeibaWeb/TodayRaceInfo/OddsUmLenFuku?k_babaCode=32&k_raceDate=2026%2F09%2F20&k_raceNo=7
2026-09-20 13:41:51,13:41,2026-09-20,saga,7,馬連,1-4,0.0,0.0,21,https://www.keiba.go.jp/KeibaWeb/TodayRaceInfo/OddsUmLenFuku?k_babaCode=32&k_raceDate=2026%2F09%2F20&k_raceNo=7
2026-09-20 13:41:51,13:41,2026-09-20,saga,7,馬連,1-7,0.0,0.0,21,https://www.keiba.go.jp/KeibaWeb/TodayRaceInfo/OddsUmLenFuku?k_babaCode=32&k_raceDate=2026%2F09%2F20&k_raceNo=7
2026-09-20 13:41:51,13:41,2026-09-20,saga,7,馬連,2-7,0.0,0.0,21,https://www.keiba.go.jp/KeibaWeb/TodayRaceInfo/OddsUmLenFuku?k_babaCode=32&k_raceDate=2026%2F09%2F20&k_raceNo=7
2026-09-20 13:41:51,13:41,2026-09-20,saga,7,馬連,3-4,0.0,0.0,21,https://www.keiba.go.jp/KeibaWeb/TodayRaceInfo/OddsUmLenFuku?k_babaCode=32&k_raceDate=2026%2F09%2F20&k_raceNo=7
2026-09-20 13:41:51,13:41,2026-09-20,saga,7,馬連,3-7,0.0,0.0,21,https://www.keiba.go.jp/KeibaWeb/TodayRaceInfo/OddsUmLenFuku?k_babaCode=32&k_raceDate=2026%2F09%2F20&k_raceNo=7
2026-09-20 13:41:51,13:41,2026-09-20,saga,7,馬連,4-5,0.0,0.0,21,https://www.keiba.go.jp/KeibaWeb/TodayRaceInfo/OddsUmLenFuku?k_babaCode=32&k_raceDate=2026%2F09%2F20&k_raceNo=7
2026-09-20 13:41:51,13:41,2026-09-20,saga,7,馬連,4-7,0.0,0.0,21,https://www.keiba.go.jp/KeibaWeb/TodayRaceInfo/OddsUmLenFuku?k_babaCode=32&k_raceDate=2026%2F09%2F20&k_raceNo=7
2026-09-20 13:41:51,13:41,2026-09-20,saga,7,馬連,5-7,0.0,0.0,21,https://www.keiba.go.jp/KeibaWeb/TodayRaceInfo/OddsUmLenFuku?k_babaCode=32&k_raceDate=2026%2F09%2F20&k_raceNo=7
2026-09-20 13:41:51,13:41,2026-09-20,saga,7,ワイド,1-5,1.6,1.7,1,https://www.keiba.go.jp/KeibaWeb/TodayRaceInfo/OddsWide?k_babaCode=32&k_raceDate=2026%2F09%2F20&k_raceNo=7
2026-09-20 13:41:51,13:41,2026-09-20,saga,7,ワイド,2-3,2.2,2.6,2,https://www.keiba.go.jp/KeibaWeb/TodayRaceInfo/OddsWide?k_babaCode=32&k_raceDate=2026%2F09%2F20&k_raceNo=7
2026-09-20 13:41:51,13:41,2026-09-20,saga,7,ワイド,1-3,2.2,2.7,3,https://www.keiba.go.jp/KeibaWeb/TodayRaceInfo/OddsWide?k_babaCode=32&k_raceDate=2026%2F09%2F20&k_raceNo=7
2026-09-20 13:41:51,13:41,2026-09-20,saga,7,ワイド,1-2,2.5,3.0,4,https://www.keiba.go.jp/KeibaWeb/TodayRaceInfo/OddsWide?k_babaCode=32&k_raceDate=2026%2F09%2F20&k_raceNo=7
2026-09-20 13:41:51,13:41,2026-09-20,saga,7,ワイド,1-8,2.8,3.3,5,https://www.keiba.go.jp/KeibaWeb/TodayRaceInfo/OddsWide?k_babaCode=32&k_raceDate=2026%2F09%2F20&k_raceNo=7
2026-09-20 13:41:51,13:41,2026-09-20,saga,7,ワイド,2-6,3.3,3.6,6,https://www.keiba.go.jp/KeibaWeb/TodayRaceInfo/OddsWide?k_babaCode=32&k_raceDate=2026%2F09%2F20&k_raceNo=7
2026-09-20 13:41:51,13:41,2026-09-20,saga,7,ワイド,2-8,4.5,5.1,7,https://www.keiba.go.jp/KeibaWeb/TodayRaceInfo/OddsWide?k_babaCode=32&k_raceDate=2026%2F09%2F20&k_raceNo=7
2026-09-20 13:41:51,13:41,2026-09-20,saga,7,ワイド,4-8,7.0,7.6,8,https://www.keiba.go.jp/KeibaWeb/TodayRaceInfo/OddsWide?k_babaCode=32&k_raceDate=2026%2F09%2F20&k_raceNo=7
2026-09-20 13:41:51,13:41,2026-09-20,saga,7,ワイド,2-5,7.4,10.0,9,https://www.keiba.go.jp/KeibaWeb/TodayRaceInfo/OddsWide?k_babaCode=32&k_raceDate=2026%2F09%2F20&k_raceNo=7
2026-09-20 13:41:51,13:41,2026-09-20,saga,7,ワイド,1-6,8.1,10.2,10,https://www.keiba.go.jp/KeibaWeb/TodayRaceInfo/OddsWide?k_babaCode=32&k_raceDate=2026%2F09%2F20&k_raceNo=7
2026-09-20 13:41:51,13:41,2026-09-20,saga,7,ワイド,6-8,9.0,10.0,11,https://www.keiba.go.jp/KeibaWeb/TodayRaceInfo/OddsWide?k_babaCode=32&k_raceDate=2026%2F09%2F20&k_raceNo=7
2026-09-20 13:41:51,13:41,2026-09-20,saga,7,ワイド,2-7,9.1,10.0,12,https://www.keiba.go.jp/KeibaWeb/TodayRaceInfo/OddsWide?k_babaCode=32&k_raceDate=2026%2F09%2F20&k_raceNo=7
2026-09-20 13:41:51,13:41,2026-09-20,saga,7,ワイド,5-8,11.0,14.8,13,https://www.keiba.go.jp/KeibaWeb/TodayRaceInfo/OddsWide?k_babaCode=32&k_raceDate=2026%2F09%2F20&k_raceNo=7
2026-09-20 13:41:51,13:41,2026-09-20,saga,7,ワイド,5-6,11.8,15.1,14,https://www.keiba.go.jp/KeibaWeb/TodayRaceInfo/OddsWide?k_babaCode=32&k_raceDate=2026%2F09%2F20&k_raceNo=7
2026-09-20 13:41:51,13:41,2026-09-20,saga,7,ワイド,3-8,12.2,14.8,15,https://www.keiba.go.jp/KeibaWeb/TodayRaceInfo/OddsWide?k_babaCode=32&k_raceDate=2026%2F09%2F20&k_raceNo=7
2026-09-20 13:41:51,13:41,2026-09-20,saga,7,ワイド,1-4,12.2,15.0,16,https://www.keiba.go.jp/KeibaWeb/TodayRaceInfo/OddsWide?k_babaCode=32&k_raceDate=2026%2F09%2F20&k_raceNo=7
2026-09-20 13:41:51,13:41,2026-09-20,saga,7,ワイド,2-4,13.3,14.7,17,https://www.keiba.go.jp/KeibaWeb/TodayRaceInfo/OddsWide?k_babaCode=32&k_raceDate=2026%2F09%2F20&k_raceNo=7
2026-09-20 13:41:51,13:41,2026-09-20,saga,7,ワイド,7-8,13.8,14.8,18,https://www.keiba.go.jp/KeibaWeb/TodayRaceInfo/OddsWide?k_babaCode=32&k_raceDate=2026%2F09%2F20&k_raceNo=7
2026-09-20 13:41:51,13:41,2026-09-20,saga,7,ワイド,3-5,20.7,29.7,19,https://www.keiba.go.jp/KeibaWeb/TodayRaceInfo/OddsWide?k_babaCode=32&k_raceDate=2026%2F09%2F20&k_raceNo=7
2026-09-20 13:41:51,13:41,2026-09-20,saga,7,ワイド,3-6,24.2,29.7,20,https://www.keiba.go.jp/KeibaWeb/TodayRaceInfo/OddsWide?k_babaCode=32&k_raceDate=2026%2F09%2F20&k_raceNo=7
2026-09-20 13:41:51,13:41,2026-09-20,saga,7,ワイド,3-4,26.0,29.5,21,https://www.keiba.go.jp/KeibaWeb/TodayRaceInfo/OddsWide?k_babaCode=32&k_raceDate=2026%2F09%2F20&k_raceNo=7
2026-09-20 13:41:51,13:41,2026-09-20,saga,7,ワイド,4-7,28.2,29.7,22,https://www.keiba.go.jp/KeibaWeb/TodayRaceInfo/OddsWide?k_babaCode=32&k_raceDate=2026%2F09%2F20&k_raceNo=7
2026-09-20 13:41:51,13:41,2026-09-20,saga,7,ワイド,1-7,0.0,0.0,23,https://www.keiba.go.jp/KeibaWeb/TodayRaceInfo/OddsWide?k_babaCode=32&k_raceDate=2026%2F09%2F20&k_raceNo=7
2026-09-20 13:41:51,13:41,2026-09-20,saga,7,ワイド,3-7,0.0,0.0,23,https://www.keiba.go.jp/KeibaWeb/TodayRaceInfo/OddsWide?k_babaCode=32&k_raceDate=2026%2F09%2F20&k_raceNo=7
2026-09-20 13:41:51,13:41,2026-09-20,saga,7,ワイド,4-5,0.0,0.0,23,https://www.keiba.go.jp/KeibaWeb/TodayRaceInfo/OddsWide?k_babaCode=32&k_raceDate=2026%2F09%2F20&k_raceNo=7
2026-09-20 13:41:51,13:41,2026-09-20,saga,7,ワイド,4-6,0.0,0.0,23,https://www.keiba.go.jp/KeibaWeb/TodayRaceInfo/OddsWide?k_babaCode=32&k_raceDate=2026%2F09%2F20&k_raceNo=7
2026-09-20 13:41:51,13:41,2026-09-20,saga,7,ワイド,5-7,0.0,0.0,23,https://www.keiba.go.jp/KeibaWeb/TodayRaceInfo/OddsWide?k_babaCode=32&k_raceDate=2026%2F09%2F20&k_raceNo=7
2026-09-20 13:41:51,13:41,2026-09-20,saga,7,ワイド,6-7,0.0,0.0,23,https://www.keiba.go.jp/KeibaWeb/TodayRaceInfo/OddsWide?k_babaCode=32&k_raceDate=2026%2F09%2F20&k_raceNo=7
2026-09-20 13:41:51,13:41,2026-09-20,saga,7,三連複,1-5-8,4.1,4.1,1,https://www.keiba.go.jp/KeibaWeb/TodayRaceInfo/Odds3LenFuku?k_babaCode=32&k_raceDate=2026%2F09%2F20&k_raceNo=7
2026-09-20 13:41:51,13:41,2026-09-20,saga,7,三連複,1-2-8,5.3,5.3,2,https://www.keiba.go.jp/KeibaWeb/TodayRaceInfo/Odds3LenFuku?k_babaCode=32&k_raceDate=2026%2F09%2F20&k_raceNo=7
2026-09-20 13:41:51,13:41,2026-09-20,saga,7,三連複,1-2-5,7.3,7.3,3,https://www.keiba.go.jp/KeibaWeb/TodayRaceInfo/Odds3LenFuku?k_babaCode=32&k_raceDate=2026%2F09%2F20&k_raceNo=7
2026-09-20 13:41:51,13:41,2026-09-20,saga,7,三連複,1-5-6,7.9,7.9,4,https://www.keiba.go.jp/KeibaWeb/TodayRaceInfo/Odds3LenFuku?k_babaCode=32&k_raceDate=2026%2F09%2F20&k_raceNo=7
2026-09-20 13:41:51,13:41,2026-09-20,saga,7,三連複,1-2-3,11.9,11.9,5,https://www.keiba.go.jp/KeibaWeb/TodayRaceInfo/Odds3LenFuku?k_babaCode=32&k_raceDate=2026%2F09%2F20&k_raceNo=7
2026-09-20 13:41:51,13:41,2026-09-20,saga,7,三連複,1-3-5,14.6,14.6,6,https://www.keiba.go.jp/KeibaWeb/TodayRaceInfo/Odds3LenFuku?k_babaCode=32&k_raceDate=2026%2F09%2F20&k_raceNo=7
2026-09-20 13:41:51,13:41,2026-09-20,saga,7,三連複,2-3-8,15.4,15.4,7,https://www.keiba.go.jp/KeibaWeb/TodayRaceInfo/Odds3LenFuku?k_babaCode=32&k_raceDate=2026%2F09%2F20&k_raceNo=7
2026-09-20 13:41:51,13:41,2026-09-20,saga,7,三連複,1-2-6,16.4,16.4,8,https://www.keiba.go.jp/KeibaWeb/TodayRaceInfo/Odds3LenFuku?k_babaCode=32&k_raceDate=2026%2F09%2F20&k_raceNo=7
2026-09-20 13:41:51,13:41,2026-09-20,saga,7,三連複,2-5-8,26.3,26.3,9,https://www.keiba.go.jp/KeibaWeb/TodayRaceInfo/Odds3LenFuku?k_babaCode=32&k_raceDate=2026%2F09%2F20&k_raceNo=7
2026-09-20 13:41:51,13:41,2026-09-20,saga,7,三連複,1-3-8,29.2,29.2,10,https://www.keiba.go.jp/KeibaWeb/TodayRaceInfo/Odds3LenFuku?k_babaCode=32&k_raceDate=2026%2F09%2F20&k_raceNo=7
2026-09-20 13:41:51,13:41,2026-09-20,saga,7,三連複,2-3-5,32.8,32.8,11,https://www.keiba.go.jp/KeibaWeb/TodayRaceInfo/Odds3LenFuku?k_babaCode=32&k_raceDate=2026%2F09%2F20&k_raceNo=7
2026-09-20 13:41:51,13:41,2026-09-20,saga,7,三連複,1-6-8,37.5,37.5,12,https://www.keiba.go.jp/KeibaWeb/TodayRaceInfo/Odds3LenFuku?k_babaCode=32&k_raceDate=2026%2F09%2F20&k_raceNo=7
2026-09-20 13:41:51,13:41,2026-09-20,saga,7,三連複,1-5-7,43.8,43.8,13,https://www.keiba.go.jp/KeibaWeb/TodayRaceInfo/Odds3LenFuku?k_babaCode=32&k_raceDate=2026%2F09%2F20&k_raceNo=7
2026-09-20 13:41:51,13:41,2026-09-20,saga,7,三連複,2-5-6,43.8,43.8,13,https://www.keiba.go.jp/KeibaWeb/TodayRaceInfo/Odds3LenFuku?k_babaCode=32&k_raceDate=2026%2F09%2F20&k_raceNo=7
2026-09-20 13:41:51,13:41,2026-09-20,saga,7,三連複,3-5-6,43.8,43.8,13,https://www.keiba.go.jp/KeibaWeb/TodayRaceInfo/Odds3LenFuku?k_babaCode=32&k_raceDate=2026%2F09%2F20&k_raceNo=7
2026-09-20 13:41:51,13:41,2026-09-20,saga,7,三連複,2-3-6,52.6,52.6,16,https://www.keiba.go.jp/KeibaWeb/TodayRaceInfo/Odds3LenFuku?k_babaCode=32&k_raceDate=2026%2F09%2F20&k_raceNo=7
2026-09-20 13:41:51,13:41,2026-09-20,saga,7,三連複,1-2-4,65.7,65.7,17,https://www.keiba.go.jp/KeibaWeb/TodayRaceInfo/Odds3LenFuku?k_babaCode=32&k_raceDate=2026%2F09%2F20&k_raceNo=7
2026-09-20 13:41:51,13:41,2026-09-20,saga,7,三連複,1-3-6,65.7,65.7,17,https://www.keiba.go.jp/KeibaWeb/TodayRaceInfo/Odds3LenFuku?k_babaCode=32&k_raceDate=2026%2F09%2F20&k_raceNo=7
2026-09-20 13:41:51,13:41,2026-09-20,saga,7,三連複,1-3-7,65.7,65.7,17,https://www.keiba.go.jp/KeibaWeb/TodayRaceInfo/Odds3LenFuku?k_babaCode=32&k_raceDate=2026%2F09%2F20&k_raceNo=7
2026-09-20 13:41:51,13:41,2026-09-20,saga,7,三連複,1-7-8,65.7,65.7,17,https://www.keiba.go.jp/KeibaWeb/TodayRaceInfo/Odds3LenFuku?k_babaCode=32&k_raceDate=2026%2F09%2F20&k_raceNo=7
2026-09-20 13:41:51,13:41,2026-09-20,saga,7,三連複,1-2-7,87.7,87.7,21,https://www.keiba.go.jp/KeibaWeb/TodayRaceInfo/Odds3LenFuku?k_babaCode=32&k_raceDate=2026%2F09%2F20&k_raceNo=7
2026-09-20 13:41:51,13:41,2026-09-20,saga,7,三連複,2-3-4,87.7,87.7,21,https://www.keiba.go.jp/KeibaWeb/TodayRaceInfo/Odds3LenFuku?k_babaCode=32&k_raceDate=2026%2F09%2F20&k_raceNo=7
2026-09-20 13:41:51,13:41,2026-09-20,saga,7,三連複,2-4-8,87.7,87.7,21,https://www.keiba.go.jp/KeibaWeb/TodayRaceInfo/Odds3LenFuku?k_babaCode=32&k_raceDate=2026%2F09%2F20&k_raceNo=7
2026-09-20 13:41:51,13:41,2026-09-20,saga,7,三連複,2-6-8,87.7,87.7,21,https://www.keiba.go.jp/KeibaWeb/TodayRaceInfo/Odds3LenFuku?k_babaCode=32&k_raceDate=2026%2F09%2F20&k_raceNo=7
2026-09-20 13:41:51,13:41,2026-09-20,saga,7,三連複,1-4-5,131.5,131.5,25,https://www.keiba.go.jp/KeibaWeb/TodayRaceInfo/Odds3LenFuku?k_babaCode=32&k_raceDate=2026%2F09%2F20&k_raceNo=7
2026-09-20 13:41:51,13:41,2026-09-20,saga,7,三連複,1-6-7,131.5,131.5,25,https://www.keiba.go.jp/KeibaWeb/TodayRaceInfo/Odds3LenFuku?k_babaCode=32&k_raceDate=2026%2F09%2F20&k_raceNo=7
2026-09-20 13:41:51,13:41,2026-09-20,saga,7,三連複,2-3-7,131.5,131.5,25,https://www.keiba.go.jp/KeibaWeb/TodayRaceInfo/Odds3LenFuku?k_babaCode=32&k_raceDate=2026%2F09%2F20&k_raceNo=7
2026-09-20 13:41:51,13:41,2026-09-20,saga,7,三連複,2-5-7,131.5,131.5,25,https://www.keiba.go.jp/KeibaWeb/TodayRaceInfo/Odds3LenFuku?k_babaCode=32&k_raceDate=2026%2F09%2F20&k_raceNo=7
2026-09-20 13:41:51,13:41,2026-09-20,saga,7,三連複,3-5-8,131.5,131.5,25,https://www.keiba.go.jp/KeibaWeb/TodayRaceInfo/Odds3LenFuku?k_babaCode=32&k_raceDate=2026%2F09%2F20&k_raceNo=7
2026-09-20 13:41:51,13:41,2026-09-20,saga,7,三連複,5-7-8,131.5,131.5,25,https://www.keiba.go.jp/KeibaWeb/TodayRaceInfo/Odds3LenFuku?k_babaCode=32&k_raceDate=2026%2F09%2F20&k_raceNo=7
2026-09-20 13:41:51,13:41,2026-09-20,saga,7,三連複,1-4-6,263.1,263.1,31,https://www.keiba.go.jp/KeibaWeb/TodayRaceInfo/Odds3LenFuku?k_babaCode=32&k_raceDate=2026%2F09%2F20&k_raceNo=7
2026-09-20 13:41:51,13:41,2026-09-20,saga,7,三連複,1-4-8,263.1,263.1,31,https://www.keiba.go.jp/KeibaWeb/TodayRaceInfo/Odds3LenFuku?k_babaCode=32&k_raceDate=2026%2F09%2F20&k_raceNo=7
2026-09-20 13:41:51,13:41,2026-09-20,saga,7,三連複,2-4-7,263.1,263.1,31,https://www.keiba.go.jp/KeibaWeb/TodayRaceInfo/Odds3LenFuku?k_babaCode=32&k_raceDate=2026%2F09%2F20&k_raceNo=7
2026-09-20 13:41:51,13:41,2026-09-20,saga,7,三連複,2-6-7,263.1,263.1,31,https://www.keiba.go.jp/KeibaWeb/TodayRaceInfo/Odds3LenFuku?k_babaCode=32&k_raceDate=2026%2F09%2F20&k_raceNo=7
2026-09-20 13:41:51,13:41,2026-09-20,saga,7,三連複,3-4-5,263.1,263.1,31,https://www.keiba.go.jp/KeibaWeb/TodayRaceInfo/Odds3LenFuku?k_babaCode=32&k_raceDate=2026%2F09%2F20&k_raceNo=7
2026-09-20 13:41:51,13:41,2026-09-20,saga,7,三連複,3-4-7,263.1,263.1,31,https://www.keiba.go.jp/KeibaWeb/TodayRaceInfo/Odds3LenFuku?k_babaCode=32&k_raceDate=2026%2F09%2F20&k_raceNo=7
2026-09-20 13:41:51,13:41,2026-09-20,saga,7,三連複,3-4-8,263.1,263.1,31,https://www.keiba.go.jp/KeibaWeb/TodayRaceInfo/Odds3LenFuku?k_babaCode=32&k_raceDate=2026%2F09%2F20&k_raceNo=7
2026-09-20 13:41:51,13:41,2026-09-20,saga,7,三連複,3-6-7,263.1,263.1,31,https://www.keiba.go.jp/KeibaWeb/TodayRaceInfo/Odds3LenFuku?k_babaCode=32&k_raceDate=2026%2F09%2F20&k_raceNo=7
2026-09-20 13:41:51,13:41,2026-09-20,saga,7,三連複,3-6-8,263.1,263.1,31,https://www.keiba.go.jp/KeibaWeb/TodayRaceInfo/Odds3LenFuku?k_babaCode=32&k_raceDate=2026%2F09%2F20&k_raceNo=7
2026-09-20 13:41:51,13:41,2026-09-20,saga,7,三連複,3-7-8,263.1,263.1,31,https://www.keiba.go.jp/KeibaWeb/TodayRaceInfo/Odds3LenFuku?k_babaCode=32&k_raceDate=2026%2F09%2F20&k_raceNo=7
2026-09-20 13:41:51,13:41,2026-09-20,saga,7,三連複,4-5-8,263.1,263.1,31,https://www.keiba.go.jp/KeibaWeb/TodayRaceInfo/Odds3LenFuku?k_babaCode=32&k_raceDate=2026%2F09%2F20&k_raceNo=7
2026-09-20 13:41:51,13:41,2026-09-20,saga,7,三連複,6-7-8,263.1,263.1,31,https://www.keiba.go.jp/KeibaWeb/TodayRaceInfo/Odds3LenFuku?k_babaCode=32&k_raceDate=2026%2F09%2F20&k_raceNo=7
2026-09-20 13:41:51,13:41,2026-09-20,saga,7,三連複,1-3-4,0.0,0.0,43,https://www.keiba.go.jp/KeibaWeb/TodayRaceInfo/Odds3LenFuku?k_babaCode=32&k_raceDate=2026%2F09%2F20&k_raceNo=7
2026-09-20 13:41:51,13:41,2026-09-20,saga,7,三連複,1-4-7,0.0,0.0,43,https://www.keiba.go.jp/KeibaWeb/TodayRaceInfo/Odds3LenFuku?k_babaCode=32&k_raceDate=2026%2F09%2F20&k_raceNo=7
2026-09-20 13:41:51,13:41,2026-09-20,saga,7,三連複,2-4-5,0.0,0.0,43,https://www.keiba.go.jp/KeibaWeb/TodayRaceInfo/Odds3LenFuku?k_babaCode=32&k_raceDate=2026%2F09%2F20&k_raceNo=7
2026-09-20 13:41:51,13:41,2026-09-20,saga,7,三連複,2-4-6,0.0,0.0,43,https://www.keiba.go.jp/KeibaWeb/TodayRaceInfo/Odds3LenFuku?k_babaCode=32&k_raceDate=2026%2F09%2F20&k_raceNo=7
2026-09-20 13:41:51,13:41,2026-09-20,saga,7,三連複,2-7-8,0.0,0.0,43,https://www.keiba.go.jp/KeibaWeb/TodayRaceInfo/Odds3LenFuku?k_babaCode=32&k_raceDate=2026%2F09%2F20&k_raceNo=7
2026-09-20 13:41:51,13:41,2026-09-20,saga,7,三連複,3-4-6,0.0,0.0,43,https://www.keiba.go.jp/KeibaWeb/TodayRaceInfo/Odds3LenFuku?k_babaCode=32&k_raceDate=2026%2F09%2F20&k_raceNo=7
2026-09-20 13:41:51,13:41,2026-09-20,saga,7,三連複,3-5-7,0.0,0.0,43,https://www.keiba.go.jp/KeibaWeb/TodayRaceInfo/Odds3LenFuku?k_babaCode=32&k_raceDate=2026%2F09%2F20&k_raceNo=7
2026-09-20 13:41:51,13:41,2026-09-20,saga,7,三連複,4-5-6,0.0,0.0,43,https://www.keiba.go.jp/KeibaWeb/TodayRaceInfo/Odds3LenFuku?k_babaCode=32&k_raceDate=2026%2F09%2F20&k_raceNo=7
2026-09-20 13:41:51,13:41,2026-09-20,saga,7,三連複,4-5-7,0.0,0.0,43,https://www.keiba.go.jp/KeibaWeb/TodayRaceInfo/Odds3LenFuku?k_babaCode=32&k_raceDate=2026%2F09%2F20&k_raceNo=7
2026-09-20 13:41:51,13:41,2026-09-20,saga,7,三連複,4-6-7,0.0,0.0,43,https://www.keiba.go.jp/KeibaWeb/TodayRaceInfo/Odds3LenFuku?k_babaCode=32&k_raceDate=2026%2F09%2F20&k_raceNo=7
2026-09-20 13:41:51,13:41,2026-09-20,saga,7,三連複,4-6-8,0.0,0.0,43,https://www.keiba.go.jp/KeibaWeb/TodayRaceInfo/Odds3LenFuku?k_babaCode=32&k_raceDate=2026%2F09%2F20&k_raceNo=7
2026-09-20 13:41:51,13:41,2026-09-20,saga,7,三連複,4-7-8,0.0,0.0,43,https://www.keiba.go.jp/KeibaWeb/TodayRaceInfo/Odds3LenFuku?k_babaCode=32&k_raceDate=2026%2F09%2F20&k_raceNo=7
2026-09-20 13:41:51,13:41,2026-09-20,saga,7,三連複,5-6-7,0.0,0.0,43,https://www.keiba.go.jp/KeibaWeb/TodayRaceInfo/Odds3LenFuku?k_babaCode=32&k_raceDate=2026%2F09%2F20&k_raceNo=7
2026-09-20 13:41:51,13:41,2026-09-20,saga,7,三連複,5-6-8,0.0,0.0,43,https://www.keiba.go.jp/KeibaWeb/TodayRaceInfo/Odds3LenFuku?k_babaCode=32&k_raceDate=2026%2F09%2F20&k_raceNo=7
2026-09-20 13:41:51,13:41,2026-09-20,saga,8,馬連,1-7,4.1,4.1,1,https://www.keiba.go.jp/KeibaWeb/TodayRaceInfo/OddsUmLenFuku?k_babaCode=32&k_raceDate=2026%2F09%2F20&k_raceNo=8
2026-09-20 13:41:51,13:41,2026-09-20,saga,8,馬連,7-8,4.3,4.3,2,https://www.keiba.go.jp/KeibaWeb/TodayRaceInfo/OddsUmLenFuku?k_babaCode=32&k_raceDate=2026%2F09%2F20&k_raceNo=8
2026-09-20 13:41:51,13:41,2026-09-20,saga,8,馬連,1-5,4.5,4.5,3,https://www.keiba.go.jp/KeibaWeb/TodayRaceInfo/OddsUmLenFuku?k_babaCode=32&k_raceDate=2026%2F09%2F20&k_raceNo=8
2026-09-20 13:41:51,13:41,2026-09-20,saga,8,馬連,5-7,6.5,6.5,4,https://www.keiba.go.jp/KeibaWeb/TodayRaceInfo/OddsUmLenFuku?k_babaCode=32&k_raceDate=2026%2F09%2F20&k_raceNo=8
2026-09-20 13:41:51,13:41,2026-09-20,saga,8,馬連,1-8,9.8,9.8,5,https://www.keiba.go.jp/KeibaWeb/TodayRaceInfo/OddsUmLenFuku?k_babaCode=32&k_raceDate=2026%2F09%2F20&k_raceNo=8
2026-09-20 13:41:51,13:41,2026-09-20,saga,8,馬連,5-8,15.8,15.8,6,https://www.keiba.go.jp/KeibaWeb/TodayRaceInfo/OddsUmLenFuku?k_babaCode=32&k_raceDate=2026%2F09%2F20&k_raceNo=8
2026-09-20 13:41:51,13:41,2026-09-20,saga,8,馬連,2-7,22.6,22.6,7,https://www.keiba.go.jp/KeibaWeb/TodayRaceInfo/OddsUmLenFuku?k_babaCode=32&k_raceDate=2026%2F09%2F20&k_raceNo=8
2026-09-20 13:41:51,13:41,2026-09-20,saga,8,馬連,3-7,26.3,26.3,8,https://www.keiba.go.jp/KeibaWeb/TodayRaceInfo/OddsUmLenFuku?k_babaCode=32&k_raceDate=2026%2F09%2F20&k_raceNo=8
2026-09-20 13:41:51,13:41,2026-09-20,saga,8,馬連,1-3,31.6,31.6,9,https://www.keiba.go.jp/KeibaWeb/TodayRaceInfo/OddsUmLenFuku?k_babaCode=32&k_raceDate=2026%2F09%2F20&k_raceNo=8
2026-09-20 13:41:51,13:41,2026-09-20,saga,8,馬連,1-2,39.5,39.5,10,https://www.keiba.go.jp/KeibaWeb/TodayRaceInfo/OddsUmLenFuku?k_babaCode=32&k_raceDate=2026%2F09%2F20&k_raceNo=8
2026-09-20 13:41:51,13:41,2026-09-20,saga,8,馬連,4-7,39.5,39.5,10,https://www.keiba.go.jp/KeibaWeb/TodayRaceInfo/OddsUmLenFuku?k_babaCode=32&k_raceDate=2026%2F09%2F20&k_raceNo=8
2026-09-20 13:41:51,13:41,2026-09-20,saga,8,馬連,6-7,39.5,39.5,10,https://www.keiba.go.jp/KeibaWeb/TodayRaceInfo/OddsUmLenFuku?k_babaCode=32&k_raceDate=2026%2F09%2F20&k_raceNo=8
2026-09-20 13:41:51,13:41,2026-09-20,saga,8,馬連,2-5,52.7,52.7,13,https://www.keiba.go.jp/KeibaWeb/TodayRaceInfo/OddsUmLenFuku?k_babaCode=32&k_raceDate=2026%2F09%2F20&k_raceNo=8
2026-09-20 13:41:51,13:41,2026-09-20,saga,8,馬連,4-8,52.7,52.7,13,https://www.keiba.go.jp/KeibaWeb/TodayRaceInfo/OddsUmLenFuku?k_babaCode=32&k_raceDate=2026%2F09%2F20&k_raceNo=8
2026-09-20 13:41:51,13:41,2026-09-20,saga,8,馬連,6-8,52.7,52.7,13,https://www.keiba.go.jp/KeibaWeb/TodayRaceInfo/OddsUmLenFuku?k_babaCode=32&k_raceDate=2026%2F09%2F20&k_raceNo=8
2026-09-20 13:41:51,13:41,2026-09-20,saga,8,馬連,2-6,79.1,79.1,16,https://www.keiba.go.jp/KeibaWeb/TodayRaceInfo/OddsUmLenFuku?k_babaCode=32&k_raceDate=2026%2F09%2F20&k_raceNo=8
2026-09-20 13:41:51,13:41,2026-09-20,saga,8,馬連,3-5,79.1,79.1,16,https://www.keiba.go.jp/KeibaWeb/TodayRaceInfo/OddsUmLenFuku?k_babaCode=32&k_raceDate=2026%2F09%2F20&k_raceNo=8
2026-09-20 13:41:51,13:41,2026-09-20,saga,8,馬連,4-5,79.1,79.1,16,https://www.keiba.go.jp/KeibaWeb/TodayRaceInfo/OddsUmLenFuku?k_babaCode=32&k_raceDate=2026%2F09%2F20&k_raceNo=8
2026-09-20 13:41:51,13:41,2026-09-20,saga,8,馬連,5-6,79.1,79.1,16,https://www.keiba.go.jp/KeibaWeb/TodayRaceInfo/OddsUmLenFuku?k_babaCode=32&k_raceDate=2026%2F09%2F20&k_raceNo=8
2026-09-20 13:41:51,13:41,2026-09-20,saga,8,馬連,1-6,158.2,158.2,20,https://www.keiba.go.jp/KeibaWeb/TodayRaceInfo/OddsUmLenFuku?k_babaCode=32&k_raceDate=2026%2F09%2F20&k_raceNo=8
2026-09-20 13:41:51,13:41,2026-09-20,saga,8,馬連,2-3,158.2,158.2,20,https://www.keiba.go.jp/KeibaWeb/TodayRaceInfo/OddsUmLenFuku?k_babaCode=32&k_raceDate=2026%2F09%2F20&k_raceNo=8
2026-09-20 13:41:51,13:41,2026-09-20,saga,8,馬連,2-8,158.2,158.2,20,https://www.keiba.go.jp/KeibaWeb/TodayRaceInfo/OddsUmLenFuku?k_babaCode=32&k_raceDate=2026%2F09%2F20&k_raceNo=8
2026-09-20 13:41:51,13:41,2026-09-20,saga,8,馬連,3-6,158.2,158.2,20,https://www.keiba.go.jp/KeibaWeb/TodayRaceInfo/OddsUmLenFuku?k_babaCode=32&k_raceDate=2026%2F09%2F20&k_raceNo=8
2026-09-20 13:41:51,13:41,2026-09-20,saga,8,馬連,3-8,158.2,158.2,20,https://www.keiba.go.jp/KeibaWeb/TodayRaceInfo/OddsUmLenFuku?k_babaCode=32&k_raceDate=2026%2F09%2F20&k_raceNo=8
2026-09-20 13:41:51,13:41,2026-09-20,saga,8,馬連,1-4,0.0,0.0,25,https://www.keiba.go.jp/KeibaWeb/TodayRaceInfo/OddsUmLenFuku?k_babaCode=32&k_raceDate=2026%2F09%2F20&k_raceNo=8
2026-09-20 13:41:51,13:41,2026-09-20,saga,8,馬連,2-4,0.0,0.0,25,https://www.keiba.go.jp/KeibaWeb/TodayRaceInfo/OddsUmLenFuku?k_babaCode=32&k_raceDate=2026%2F09%2F20&k_raceNo=8
2026-09-20 13:41:51,13:41,2026-09-20,saga,8,馬連,3-4,0.0,0.0,25,https://www.keiba.go.jp/KeibaWeb/TodayRaceInfo/OddsUmLenFuku?k_babaCode=32&k_raceDate=2026%2F09%2F20&k_raceNo=8
2026-09-20 13:41:51,13:41,2026-09-20,saga,8,馬連,4-6,0.0,0.0,25,https://www.keiba.go.jp/KeibaWeb/TodayRaceInfo/OddsUmLenFuku?k_babaCode=32&k_raceDate=2026%2F09%2F20&k_raceNo=8
2026-09-20 13:41:51,13:41,2026-09-20,saga,8,ワイド,5-7,1.0,1.2,1,https://www.keiba.go.jp/KeibaWeb/TodayRaceInfo/OddsWide?k_babaCode=32&k_raceDate=2026%2F09%2F20&k_raceNo=8
2026-09-20 13:41:51,13:41,2026-09-20,saga,8,ワイド,1-7,1.8,2.8,2,https://www.keiba.go.jp/KeibaWeb/TodayRaceInfo/OddsWide?k_babaCode=32&k_raceDate=2026%2F09%2F20&k_raceNo=8
2026-09-20 13:41:51,13:41,2026-09-20,saga,8,ワイド,1-5,1.8,3.0,3,https://www.keiba.go.jp/KeibaWeb/TodayRaceInfo/OddsWide?k_babaCode=32&k_raceDate=2026%2F09%2F20&k_raceNo=8
2026-09-20 13:41:51,13:41,2026-09-20,saga,8,ワイド,7-8,3.6,5.3,4,https://www.keiba.go.jp/KeibaWeb/TodayRaceInfo/OddsWide?k_babaCode=32&k_raceDate=2026%2F09%2F20&k_raceNo=8
2026-09-20 13:41:51,13:41,2026-09-20,saga,8,ワイド,5-8,4.0,6.3,5,https://www.keiba.go.jp/KeibaWeb/TodayRaceInfo/OddsWide?k_babaCode=32&k_raceDate=2026%2F09%2F20&k_raceNo=8
2026-09-20 13:41:51,13:41,2026-09-20,saga,8,ワイド,1-8,4.2,4.8,6,https://www.keiba.go.jp/KeibaWeb/TodayRaceInfo/OddsWide?k_babaCode=32&k_raceDate=2026%2F09%2F20&k_raceNo=8
2026-09-20 13:41:51,13:41,2026-09-20,saga,8,ワイド,1-3,4.9,5.5,7,https://www.keiba.go.jp/KeibaWeb/TodayRaceInfo/OddsWide?k_babaCode=32&k_raceDate=2026%2F09%2F20&k_raceNo=8
2026-09-20 13:41:51,13:41,2026-09-20,saga,8,ワイド,4-8,7.1,7.4,8,https://www.keiba.go.jp/KeibaWeb/TodayRaceInfo/OddsWide?k_babaCode=32&k_raceDate=2026%2F09%2F20&k_raceNo=8
2026-09-20 13:41:51,13:41,2026-09-20,saga,8,ワイド,6-7,8.1,12.0,9,https://www.keiba.go.jp/KeibaWeb/TodayRaceInfo/OddsWide?k_babaCode=32&k_raceDate=2026%2F09%2F20&k_raceNo=8
2026-09-20 13:41:51,13:41,2026-09-20,saga,8,ワイド,2-7,8.2,12.0,10,https://www.keiba.go.jp/KeibaWeb/TodayRaceInfo/OddsWide?k_babaCode=32&k_raceDate=2026%2F09%2F20&k_raceNo=8
2026-09-20 13:41:51,13:41,2026-09-20,saga,8,ワイド,6-8,8.6,9.1,11,https://www.keiba.go.jp/KeibaWeb/TodayRaceInfo/OddsWide?k_babaCode=32&k_raceDate=2026%2F09%2F20&k_raceNo=8
2026-09-20 13:41:51,13:41,2026-09-20,saga,8,ワイド,2-6,8.9,9.3,12,https://www.keiba.go.jp/KeibaWeb/TodayRaceInfo/OddsWide?k_babaCode=32&k_raceDate=2026%2F09%2F20&k_raceNo=8
2026-09-20 13:41:51,13:41,2026-09-20,saga,8,ワイド,1-6,10.7,12.0,13,https://www.keiba.go.jp/KeibaWeb/TodayRaceInfo/OddsWide?k_babaCode=32&k_raceDate=2026%2F09%2F20&k_raceNo=8
2026-09-20 13:41:51,13:41,2026-09-20,saga,8,ワイド,3-8,11.0,12.1,14,https://www.keiba.go.jp/KeibaWeb/TodayRaceInfo/OddsWide?k_babaCode=32&k_raceDate=2026%2F09%2F20&k_raceNo=8
2026-09-20 13:41:51,13:41,2026-09-20,saga,8,ワイド,3-7,12.1,18.1,15,https://www.keiba.go.jp/KeibaWeb/TodayRaceInfo/OddsWide?k_babaCode=32&k_raceDate=2026%2F09%2F20&k_raceNo=8
2026-09-20 13:41:51,13:41,2026-09-20,saga,8,ワイド,4-6,17.0,18.1,16,https://www.keiba.go.jp/KeibaWeb/TodayRaceInfo/OddsWide?k_babaCode=32&k_raceDate=2026%2F09%2F20&k_raceNo=8
2026-09-20 13:41:51,13:41,2026-09-20,saga,8,ワイド,2-4,17.3,18.1,17,https://www.keiba.go.jp/KeibaWeb/TodayRaceInfo/OddsWide?k_babaCode=32&k_raceDate=2026%2F09%2F20&k_raceNo=8
2026-09-20 13:41:51,13:41,2026-09-20,saga,8,ワイド,5-6,23.0,35.7,18,https://www.keiba.go.jp/KeibaWeb/TodayRaceInfo/OddsWide?k_babaCode=32&k_raceDate=2026%2F09%2F20&k_raceNo=8
2026-09-20 13:41:51,13:41,2026-09-20,saga,8,ワイド,4-5,23.7,35.7,19,https://www.keiba.go.jp/KeibaWeb/TodayRaceInfo/OddsWide?k_babaCode=32&k_raceDate=2026%2F09%2F20&k_raceNo=8
2026-09-20 13:41:51,13:41,2026-09-20,saga,8,ワイド,1-2,31.2,35.0,20,https://www.keiba.go.jp/KeibaWeb/TodayRaceInfo/OddsWide?k_babaCode=32&k_raceDate=2026%2F09%2F20&k_raceNo=8
2026-09-20 13:41:51,13:41,2026-09-20,saga,8,ワイド,1-4,32.0,35.0,21,https://www.keiba.go.jp/KeibaWeb/TodayRaceInfo/OddsWide?k_babaCode=32&k_raceDate=2026%2F09%2F20&k_raceNo=8
2026-09-20 13:41:51,13:41,2026-09-20,saga,8,ワイド,2-8,33.2,35.0,22,https://www.keiba.go.jp/KeibaWeb/TodayRaceInfo/OddsWide?k_babaCode=32&k_raceDate=2026%2F09%2F20&k_raceNo=8
2026-09-20 13:41:51,13:41,2026-09-20,saga,8,ワイド,2-3,0.0,0.0,23,https://www.keiba.go.jp/KeibaWeb/TodayRaceInfo/OddsWide?k_babaCode=32&k_raceDate=2026%2F09%2F20&k_raceNo=8
2026-09-20 13:41:51,13:41,2026-09-20,saga,8,ワイド,2-5,0.0,0.0,23,https://www.keiba.go.jp/KeibaWeb/TodayRaceInfo/OddsWide?k_babaCode=32&k_raceDate=2026%2F09%2F20&k_raceNo=8
2026-09-20 13:41:51,13:41,2026-09-20,saga,8,ワイド,3-4,0.0,0.0,23,https://www.keiba.go.jp/KeibaWeb/TodayRaceInfo/OddsWide?k_babaCode=32&k_raceDate=2026%2F09%2F20&k_raceNo=8
2026-09-20 13:41:51,13:41,2026-09-20,saga,8,ワイド,3-5,0.0,0.0,23,https://www.keiba.go.jp/KeibaWeb/TodayRaceInfo/OddsWide?k_babaCode=32&k_raceDate=2026%2F09%2F20&k_raceNo=8
2026-09-20 13:41:51,13:41,2026-09-20,saga,8,ワイド,3-6,0.0,0.0,23,https://www.keiba.go.jp/KeibaWeb/TodayRaceInfo/OddsWide?k_babaCode=32&k_raceDate=2026%2F09%2F20&k_raceNo=8
2026-09-20 13:41:51,13:41,2026-09-20,saga,8,ワイド,4-7,0.0,0.0,23,https://www.keiba.go.jp/KeibaWeb/TodayRaceInfo/OddsWide?k_babaCode=32&k_raceDate=2026%2F09%2F20&k_raceNo=8
2026-09-20 13:41:51,13:41,2026-09-20,saga,8,三連複,1-5-7,4.0,4.0,1,https://www.keiba.go.jp/KeibaWeb/TodayRaceInfo/Odds3LenFuku?k_babaCode=32&k_raceDate=2026%2F09%2F20&k_raceNo=8
2026-09-20 13:41:51,13:41,2026-09-20,saga,8,三連複,1-7-8,5.7,5.7,2,https://www.keiba.go.jp/KeibaWeb/TodayRaceInfo/Odds3LenFuku?k_babaCode=32&k_raceDate=2026%2F09%2F20&k_raceNo=8
2026-09-20 13:41:51,13:41,2026-09-20,saga,8,三連複,1-3-7,6.3,6.3,3,https://www.keiba.go.jp/KeibaWeb/TodayRaceInfo/Odds3LenFuku?k_babaCode=32&k_raceDate=2026%2F09%2F20&k_raceNo=8
2026-09-20 13:41:51,13:41,2026-09-20,saga,8,三連複,1-5-8,10.3,10.3,4,https://www.keiba.go.jp/KeibaWeb/TodayRaceInfo/Odds3LenFuku?k_babaCode=32&k_raceDate=2026%2F09%2F20&k_raceNo=8
2026-09-20 13:41:51,13:41,2026-09-20,saga,8,三連複,5-7-8,10.8,10.8,5,https://www.keiba.go.jp/KeibaWeb/TodayRaceInfo/Odds3LenFuku?k_babaCode=32&k_raceDate=2026%2F09%2F20&k_raceNo=8
2026-09-20 13:41:51,13:41,2026-09-20,saga,8,三連複,3-7-8,12.5,12.5,6,https://www.keiba.go.jp/KeibaWeb/TodayRaceInfo/Odds3LenFuku?k_babaCode=32&k_raceDate=2026%2F09%2F20&k_raceNo=8
2026-09-20 13:41:51,13:41,2026-09-20,saga,8,三連複,1-6-7,19.7,19.7,7,https://www.keiba.go.jp/KeibaWeb/TodayRaceInfo/Odds3LenFuku?k_babaCode=32&k_raceDate=2026%2F09%2F20&k_raceNo=8
2026-09-20 13:41:51,13:41,2026-09-20,saga,8,三連複,3-5-7,22.9,22.9,8,https://www.keiba.go.jp/KeibaWeb/TodayRaceInfo/Odds3LenFuku?k_babaCode=32&k_raceDate=2026%2F09%2F20&k_raceNo=8
2026-09-20 13:41:51,13:41,2026-09-20,saga,8,三連複,2-7-8,29.5,29.5,9,https://www.keiba.go.jp/KeibaWeb/TodayRaceInfo/Odds3LenFuku?k_babaCode=32&k_raceDate=2026%2F09%2F20&k_raceNo=8
2026-09-20 13:41:51,13:41,2026-09-20,saga,8,三連複,1-2-7,31.8,31.8,10,https://www.keiba.go.jp/KeibaWeb/TodayRaceInfo/Odds3LenFuku?k_babaCode=32&k_raceDate=2026%2F09%2F20&k_raceNo=8
2026-09-20 13:41:51,13:41,2026-09-20,saga,8,三連複,1-3-5,31.8,31.8,10,https://www.keiba.go.jp/KeibaWeb/TodayRaceInfo/Odds3LenFuku?k_babaCode=32&k_raceDate=2026%2F09%2F20&k_raceNo=8
2026-09-20 13:41:51,13:41,2026-09-20,saga,8,三連複,5-6-7,31.8,31.8,10,https://www.keiba.go.jp/KeibaWeb/TodayRaceInfo/Odds3LenFuku?k_babaCode=32&k_raceDate=2026%2F09%2F20&k_raceNo=8
2026-09-20 13:41:51,13:41,2026-09-20,saga,8,三連複,2-3-7,37.6,37.6,13,https://www.keiba.go.jp/KeibaWeb/TodayRaceInfo/Odds3LenFuku?k_babaCode=32&k_raceDate=2026%2F09%2F20&k_raceNo=8
2026-09-20 13:41:51,13:41,2026-09-20,saga,8,三連複,6-7-8,41.3,41.3,14,https://www.keiba.go.jp/KeibaWeb/TodayRaceInfo/Odds3LenFuku?k_babaCode=32&k_raceDate=2026%2F09%2F20&k_raceNo=8
2026-09-20 13:41:51,13:41,2026-09-20,saga,8,三連複,2-5-7,51.7,51.7,15,https://www.keiba.go.jp/KeibaWeb/TodayRaceInfo/Odds3LenFuku?k_babaCode=32&k_raceDate=2026%2F09%2F20&k_raceNo=8
2026-09-20 13:41:51,13:41,2026-09-20,saga,8,三連複,2-3-8,59.1,59.1,16,https://www.keiba.go.jp/KeibaWeb/TodayRaceInfo/Odds3LenFuku?k_babaCode=32&k_raceDate=2026%2F09%2F20&k_raceNo=8
2026-09-20 13:41:51,13:41,2026-09-20,saga,8,三連複,1-4-7,68.9,68.9,17,https://www.keiba.go.jp/KeibaWeb/TodayRaceInfo/Odds3LenFuku?k_babaCode=32&k_raceDate=2026%2F09%2F20&k_raceNo=8
2026-09-20 13:41:51,13:41,2026-09-20,saga,8,三連複,1-6-8,68.9,68.9,17,https://www.keiba.go.jp/KeibaWeb/TodayRaceInfo/Odds3LenFuku?k_babaCode=32&k_raceDate=2026%2F09%2F20&k_raceNo=8
2026-09-20 13:41:51,13:41,2026-09-20,saga,8,三連複,2-3-6,68.9,68.9,17,https://www.keiba.go.jp/KeibaWeb/TodayRaceInfo/Odds3LenFuku?k_babaCode=32&k_raceDate=2026%2F09%2F20&k_raceNo=8
2026-09-20 13:41:51,13:41,2026-09-20,saga,8,三連複,3-6-7,82.7,82.7,20,https://www.keiba.go.jp/KeibaWeb/TodayRaceInfo/Odds3LenFuku?k_babaCode=32&k_raceDate=2026%2F09%2F20&k_raceNo=8
2026-09-20 13:41:51,13:41,2026-09-20,saga,8,三連複,1-2-3,103.4,103.4,21,https://www.keiba.go.jp/KeibaWeb/TodayRaceInfo/Odds3LenFuku?k_babaCode=32&k_raceDate=2026%2F09%2F20&k_raceNo=8
2026-09-20 13:41:51,13:41,2026-09-20,saga,8,三連複,1-3-8,103.4,103.4,21,https://www.keiba.go.jp/KeibaWeb/TodayRaceInfo/Odds3LenFuku?k_babaCode=32&k_raceDate=2026%2F09%2F20&k_raceNo=8
2026-09-20 13:41:51,13:41,2026-09-20,saga,8,三連複,1-4-5,103.4,103.4,21,https://www.keiba.go.jp/KeibaWeb/TodayRaceInfo/Odds3LenFuku?k_babaCode=32&k_raceDate=2026%2F09%2F20&k_raceNo=8
2026-09-20 13:41:51,13:41,2026-09-20,saga,8,三連複,3-5-8,103.4,103.4,21,https://www.keiba.go.jp/KeibaWeb/TodayRaceInfo/Odds3LenFuku?k_babaCode=32&k_raceDate=2026%2F09%2F20&k_raceNo=8
2026-09-20 13:41:51,13:41,2026-09-20,saga,8,三連複,4-5-7,103.4,103.4,21,https://www.keiba.go.jp/KeibaWeb/TodayRaceInfo/Odds3LenFuku?k_babaCode=32&k_raceDate=2026%2F09%2F20&k_raceNo=8
2026-09-20 13:41:51,13:41,2026-09-20,saga,8,三連複,1-2-5,137.9,137.9,26,https://www.keiba.go.jp/KeibaWeb/TodayRaceInfo/Odds3LenFuku?k_babaCode=32&k_raceDate=2026%2F09%2F20&k_raceNo=8
2026-09-20 13:41:51,13:41,2026-09-20,saga,8,三連複,1-2-6,137.9,137.9,26,https://www.keiba.go.jp/KeibaWeb/TodayRaceInfo/Odds3LenFuku?k_babaCode=32&k_raceDate=2026%2F09%2F20&k_raceNo=8
2026-09-20 13:41:51,13:41,2026-09-20,saga,8,三連複,1-3-6,137.9,137.9,26,https://www.keiba.go.jp/KeibaWeb/TodayRaceInfo/Odds3LenFuku?k_babaCode=32&k_raceDate=2026%2F09%2F20&k_raceNo=8
2026-09-20 13:41:51,13:41,2026-09-20,saga,8,三連複,1-4-6,137.9,137.9,26,https://www.keiba.go.jp/KeibaWeb/TodayRaceInfo/Odds3LenFuku?k_babaCode=32&k_raceDate=2026%2F09%2F20&k_raceNo=8
2026-09-20 13:41:51,13:41,2026-09-20,saga,8,三連複,3-5-6,137.9,137.9,26,https://www.keiba.go.jp/KeibaWeb/TodayRaceInfo/Odds3LenFuku?k_babaCode=32&k_raceDate=2026%2F09%2F20&k_raceNo=8
2026-09-20 13:41:51,13:41,2026-09-20,saga,8,三連複,3-6-8,137.9,137.9,26,https://www.keiba.go.jp/KeibaWeb/TodayRaceInfo/Odds3LenFuku?k_babaCode=32&k_raceDate=2026%2F09%2F20&k_raceNo=8
2026-09-20 13:41:51,13:41,2026-09-20,saga,8,三連複,5-6-8,137.9,137.9,26,https://www.keiba.go.jp/KeibaWeb/TodayRaceInfo/Odds3LenFuku?k_babaCode=32&k_raceDate=2026%2F09%2F20&k_raceNo=8
2026-09-20 13:41:51,13:41,2026-09-20,saga,8,三連複,1-2-4,206.9,206.9,33,https://www.keiba.go.jp/KeibaWeb/TodayRaceInfo/Odds3LenFuku?k_babaCode=32&k_raceDate=2026%2F09%2F20&k_raceNo=8
2026-09-20 13:41:51,13:41,2026-09-20,saga,8,三連複,1-4-8,206.9,206.9,33,https://www.keiba.go.jp/KeibaWeb/TodayRaceInfo/Odds3LenFuku?k_babaCode=32&k_raceDate=2026%2F09%2F20&k_raceNo=8
2026-09-20 13:41:51,13:41,2026-09-20,saga,8,三連複,1-5-6,206.9,206.9,33,https://www.keiba.go.jp/KeibaWeb/TodayRaceInfo/Odds3LenFuku?k_babaCode=32&k_raceDate=2026%2F09%2F20&k_raceNo=8
2026-09-20 13:41:51,13:41,2026-09-20,saga,8,三連複,2-3-5,206.9,206.9,33,https://www.keiba.go.jp/KeibaWeb/TodayRaceInfo/Odds3LenFuku?k_babaCode=32&k_raceDate=2026%2F09%2F20&k_raceNo=8
2026-09-20 13:41:51,13:41,2026-09-20,saga,8,三連複,2-4-7,206.9,206.9,33,https://www.keiba.go.jp/KeibaWeb/TodayRaceInfo/Odds3LenFuku?k_babaCode=32&k_raceDate=2026%2F09%2F20&k_raceNo=8
2026-09-20 13:41:51,13:41,2026-09-20,saga,8,三連複,2-5-8,206.9,206.9,33,https://www.keiba.go.jp/KeibaWeb/TodayRaceInfo/Odds3LenFuku?k_babaCode=32&k_raceDate=2026%2F09%2F20&k_raceNo=8
2026-09-20 13:41:51,13:41,2026-09-20,saga,8,三連複,2-6-7,206.9,206.9,33,https://www.keiba.go.jp/KeibaWeb/TodayRaceInfo/Odds3LenFuku?k_babaCode=32&k_raceDate=2026%2F09%2F20&k_raceNo=8
2026-09-20 13:41:51,13:41,2026-09-20,saga,8,三連複,3-4-7,206.9,206.9,33,https://www.keiba.go.jp/KeibaWeb/TodayRaceInfo/Odds3LenFuku?k_babaCode=32&k_raceDate=2026%2F09%2F20&k_raceNo=8
2026-09-20 13:41:51,13:41,2026-09-20,saga,8,三連複,4-5-8,206.9,206.9,33,https://www.keiba.go.jp/KeibaWeb/TodayRaceInfo/Odds3LenFuku?k_babaCode=32&k_raceDate=2026%2F09%2F20&k_raceNo=8
2026-09-20 13:41:51,13:41,2026-09-20,saga,8,三連複,4-6-8,206.9,206.9,33,https://www.keiba.go.jp/KeibaWeb/TodayRaceInfo/Odds3LenFuku?k_babaCode=32&k_raceDate=2026%2F09%2F20&k_raceNo=8
2026-09-20 13:41:51,13:41,2026-09-20,saga,8,三連複,4-7-8,206.9,206.9,33,https://www.keiba.go.jp/KeibaWeb/TodayRaceInfo/Odds3LenFuku?k_babaCode=32&k_raceDate=2026%2F09%2F20&k_raceNo=8
2026-09-20 13:41:51,13:41,2026-09-20,saga,8,三連複,1-2-8,413.9,413.9,44,https://www.keiba.go.jp/KeibaWeb/TodayRaceInfo/Odds3LenFuku?k_babaCode=32&k_raceDate=2026%2F09%2F20&k_raceNo=8
2026-09-20 13:41:51,13:41,2026-09-20,saga,8,三連複,1-3-4,413.9,413.9,44,https://www.keiba.go.jp/KeibaWeb/TodayRaceInfo/Odds3LenFuku?k_babaCode=32&k_raceDate=2026%2F09%2F20&k_raceNo=8
2026-09-20 13:41:51,13:41,2026-09-20,saga,8,三連複,2-4-5,413.9,413.9,44,https://www.keiba.go.jp/KeibaWeb/TodayRaceInfo/Odds3LenFuku?k_babaCode=32&k_raceDate=2026%2F09%2F20&k_raceNo=8
2026-09-20 13:41:51,13:41,2026-09-20,saga,8,三連複,2-4-8,413.9,413.9,44,https://www.keiba.go.jp/KeibaWeb/TodayRaceInfo/Odds3LenFuku?k_babaCode=32&k_raceDate=2026%2F09%2F20&k_raceNo=8
2026-09-20 13:41:51,13:41,2026-09-20,saga,8,三連複,2-5-6,413.9,413.9,44,https://www.keiba.go.jp/KeibaWeb/TodayRaceInfo/Odds3LenFuku?k_babaCode=32&k_raceDate=2026%2F09%2F20&k_raceNo=8
2026-09-20 13:41:51,13:41,2026-09-20,saga,8,三連複,2-6-8,413.9,413.9,44,https://www.keiba.go.jp/KeibaWeb/TodayRaceInfo/Odds3LenFuku?k_babaCode=32&k_raceDate=2026%2F09%2F20&k_raceNo=8
2026-09-20 13:41:51,13:41,2026-09-20,saga,8,三連複,3-4-8,413.9,413.9,44,https://www.keiba.go.jp/KeibaWeb/TodayRaceInfo/Odds3LenFuku?k_babaCode=32&k_raceDate=2026%2F09%2F20&k_raceNo=8
2026-09-20 13:41:51,13:41,2026-09-20,saga,8,三連複,2-3-4,0.0,0.0,51,https://www.keiba.go.jp/KeibaWeb/TodayRaceInfo/Odds3LenFuku?k_babaCode=32&k_raceDate=2026%2F09%2F20&k_raceNo=8
2026-09-20 13:41:51,13:41,2026-09-20,saga,8,三連複,2-4-6,0.0,0.0,51,https://www.keiba.go.jp/KeibaWeb/TodayRaceInfo/Odds3LenFuku?k_babaCode=32&k_raceDate=2026%2F09%2F20&k_raceNo=8
2026-09-20 13:41:51,13:41,2026-09-20,saga,8,三連複,3-4-5,0.0,0.0,51,https://www.keiba.go.jp/KeibaWeb/TodayRaceInfo/Odds3LenFuku?k_babaCode=32&k_raceDate=2026%2F09%2F20&k_raceNo=8
2026-09-20 13:41:51,13:41,2026-09-20,saga,8,三連複,3-4-6,0.0,0.0,51,https://www.keiba.go.jp/KeibaWeb/TodayRaceInfo/Odds3LenFuku?k_babaCode=32&k_raceDate=2026%2F09%2F20&k_raceNo=8
2026-09-20 13:41:51,13:41,2026-09-20,saga,8,三連複,4-5-6,0.0,0.0,51,https://www.keiba.go.jp/KeibaWeb/TodayRaceInfo/Odds3LenFuku?k_babaCode=32&k_raceDate=2026%2F09%2F20&k_raceNo=8
2026-09-20 13:41:51,13:41,2026-09-20,saga,8,三連複,4-6-7,0.0,0.0,51,https://www.keiba.go.jp/KeibaWeb/TodayRaceInfo/Odds3LenFuku?k_babaCode=32&k_raceDate=2026%2F09%2F20&k_raceNo=8
2026-09-20 13:41:51,13:41,2026-09-20,saga,9,馬連,1-14,7.1,7.1,1,https://www.keiba.go.jp/KeibaWeb/TodayRaceInfo/OddsUmLenFuku?k_babaCode=32&k_raceDate=2026%2F09%2F20&k_raceNo=9
2026-09-20 13:41:51,13:41,2026-09-20,saga,9,馬連,10-14,7.6,7.6,2,https://www.keiba.go.jp/KeibaWeb/TodayRaceInfo/OddsUmLenFuku?k_babaCode=32&k_raceDate=2026%2F09%2F20&k_raceNo=9
2026-09-20 13:41:51,13:41,2026-09-20,saga,9,馬連,5-14,10.1,10.1,3,https://www.keiba.go.jp/KeibaWeb/TodayRaceInfo/OddsUmLenFuku?k_babaCode=32&k_raceDate=2026%2F09%2F20&k_raceNo=9
2026-09-20 13:41:51,13:41,2026-09-20,saga,9,馬連,2-14,12.0,12.0,4,https://www.keiba.go.jp/KeibaWeb/TodayRaceInfo/OddsUmLenFuku?k_babaCode=32&k_raceDate=2026%2F09%2F20&k_raceNo=9
2026-09-20 13:41:51,13:41,2026-09-20,saga,9,馬連,9-14,12.0,12.0,4,https://www.keiba.go.jp/KeibaWeb/TodayRaceInfo/OddsUmLenFuku?k_babaCode=32&k_raceDate=2026%2F09%2F20&k_raceNo=9
2026-09-20 13:41:51,13:41,2026-09-20,saga,9,馬連,1-5,13.6,13.6,6,https://www.keiba.go.jp/KeibaWeb/TodayRaceInfo/OddsUmLenFuku?k_babaCode=32&k_raceDate=2026%2F09%2F20&k_raceNo=9
2026-09-20 13:41:51,13:41,2026-09-20,saga,9,馬連,5-10,15.6,15.6,7,https://www.keiba.go.jp/KeibaWeb/TodayRaceInfo/OddsUmLenFuku?k_babaCode=32&k_raceDate=2026%2F09%2F20&k_raceNo=9
2026-09-20 13:41:51,13:41,2026-09-20,saga,9,馬連,1-10,16.5,16.5,8,https://www.keiba.go.jp/KeibaWeb/TodayRaceInfo/OddsUmLenFuku?k_babaCode=32&k_raceDate=2026%2F09%2F20&k_raceNo=9
2026-09-20 13:41:51,13:41,2026-09-20,saga,9,馬連,7-14,19.5,19.5,9,https://www.keiba.go.jp/KeibaWeb/TodayRaceInfo/OddsUmLenFuku?k_babaCode=32&k_raceDate=2026%2F09%2F20&k_raceNo=9
2026-09-20 13:41:51,13:41,2026-09-20,saga,9,馬連,1-3,24.1,24.1,10,https://www.keiba.go.jp/KeibaWeb/TodayRaceInfo/OddsUmLenFuku?k_babaCode=32&k_raceDate=2026%2F09%2F20&k_raceNo=9
2026-09-20 13:41:51,13:41,2026-09-20,saga,9,馬連,2-10,26.1,26.1,11,https://www.keiba.go.jp/KeibaWeb/TodayRaceInfo/OddsUmLenFuku?k_babaCode=32&k_raceDate=2026%2F09%2F20&k_raceNo=9
2026-09-20 13:41:51,13:41,2026-09-20,saga,9,馬連,1-2,28.5,28.5,12,https://www.keiba.go.jp/KeibaWeb/TodayRaceInfo/OddsUmLenFuku?k_babaCode=32&k_raceDate=2026%2F09%2F20&k_raceNo=9
2026-09-20 13:41:51,13:41,2026-09-20,saga,9,馬連,1-9,28.5,28.5,12,https://www.keiba.go.jp/KeibaWeb/TodayRaceInfo/OddsUmLenFuku?k_babaCode=32&k_raceDate=2026%2F09%2F20&k_raceNo=9
2026-09-20 13:41:51,13:41,2026-09-20,saga,9,馬連,2-5,28.5,28.5,12,https://www.keiba.go.jp/KeibaWeb/TodayRaceInfo/OddsUmLenFuku?k_babaCode=32&k_raceDate=2026%2F09%2F20&k_raceNo=9
2026-09-20 13:41:51,13:41,2026-09-20,saga,9,馬連,2-9,39.1,39.1,15,https://www.keiba.go.jp/KeibaWeb/TodayRaceInfo/OddsUmLenFuku?k_babaCode=32&k_raceDate=2026%2F09%2F20&k_raceNo=9
2026-09-20 13:41:51,13:41,2026-09-20,saga,9,馬連,9-10,39.1,39.1,15,https://www.keiba.go.jp/KeibaWeb/TodayRaceInfo/OddsUmLenFuku?k_babaCode=32&k_raceDate=2026%2F09%2F20&k_raceNo=9
2026-09-20 13:41:51,13:41,2026-09-20,saga,9,馬連,6-14,52.2,52.2,17,https://www.keiba.go.jp/KeibaWeb/TodayRaceInfo/OddsUmLenFuku?k_babaCode=32&k_raceDate=2026%2F09%2F20&k_raceNo=9
2026-09-20 13:41:51,13:41,2026-09-20,saga,9,馬連,1-4,62.7,62.7,18,https://www.keiba.go.jp/KeibaWeb/TodayRaceInfo/OddsUmLenFuku?k_babaCode=32&k_raceDate=2026%2F09%2F20&k_raceNo=9
2026-09-20 13:41:51,13:41,2026-09-20,saga,9,馬連,3-5,62.7,62.7,18,https://www.keiba.go.jp/KeibaWeb/TodayRaceInfo/OddsUmLenFuku?k_babaCode=32&k_raceDate=2026%2F09%2F20&k_raceNo=9
2026-09-20 13:41:51,13:41,2026-09-20,saga,9,馬連,5-9,62.7,62.7,18,https://www.keiba.go.jp/KeibaWeb/TodayRaceInfo/OddsUmLenFuku?k_babaCode=32&k_raceDate=2026%2F09%2F20&k_raceNo=9
2026-09-20 13:41:51,13:41,2026-09-20,saga,9,馬連,1-6,78.3,78.3,21,https://www.keiba.go.jp/KeibaWeb/TodayRaceInfo/OddsUmLenFuku?k_babaCode=32&k_raceDate=2026%2F09%2F20&k_raceNo=9
2026-09-20 13:41:51,13:41,2026-09-20,saga,9,馬連,1-7,78.3,78.3,21,https://www.keiba.go.jp/KeibaWeb/TodayRaceInfo/OddsUmLenFuku?k_babaCode=32&k_raceDate=2026%2F09%2F20&k_raceNo=9
2026-09-20 13:41:51,13:41,2026-09-20,saga,9,馬連,4-14,78.3,78.3,21,https://www.keiba.go.jp/KeibaWeb/TodayRaceInfo/OddsUmLenFuku?k_babaCode=32&k_raceDate=2026%2F09%2F20&k_raceNo=9
2026-09-20 13:41:51,13:41,2026-09-20,saga,9,馬連,1-11,104.5,104.5,24,https://www.keiba.go.jp/KeibaWeb/TodayRaceInfo/OddsUmLenFuku?k_babaCode=32&k_raceDate=2026%2F09%2F20&k_raceNo=9
2026-09-20 13:41:51,13:41,2026-09-20,saga,9,馬連,1-12,104.5,104.5,24,https://www.keiba.go.jp/KeibaWeb/TodayRaceInfo/OddsUmLenFuku?k_babaCode=32&k_raceDate=2026%2F09%2F20&k_raceNo=9
2026-09-20 13:41:51,13:41,2026-09-20,saga,9,馬連,3-14,104.5,104.5,24,https://www.keiba.go.jp/KeibaWeb/TodayRaceInfo/OddsUmLenFuku?k_babaCode=32&k_raceDate=2026%2F09%2F20&k_raceNo=9
2026-09-20 13:41:51,13:41,2026-09-20,saga,9,馬連,4-5,104.5,104.5,24,https://www.keiba.go.jp/KeibaWeb/TodayRaceInfo/OddsUmLenFuku?k_babaCode=32&k_raceDate=2026%2F09%2F20&k_raceNo=9
2026-09-20 13:41:51,13:41,2026-09-20,saga,9,馬連,6-10,104.5,104.5,24,https://www.keiba.go.jp/KeibaWeb/TodayRaceInfo/OddsUmLenFuku?k_babaCode=32&k_raceDate=2026%2F09%2F20&k_raceNo=9
2026-09-20 13:41:51,13:41,2026-09-20,saga,9,馬連,10-11,104.5,104.5,24,https://www.keiba.go.jp/KeibaWeb/TodayRaceInfo/OddsUmLenFuku?k_babaCode=32&k_raceDate=2026%2F09%2F20&k_raceNo=9
2026-09-20 13:41:51,13:41,2026-09-20,saga,9,馬連,2-3,156.7,156.7,30,https://www.keiba.go.jp/KeibaWeb/TodayRaceInfo/OddsUmLenFuku?k_babaCode=32&k_raceDate=2026%2F09%2F20&k_raceNo=9
2026-09-20 13:41:51,13:41,2026-09-20,saga,9,馬連,2-4,156.7,156.7,30,https://www.keiba.go.jp/KeibaWeb/TodayRaceInfo/OddsUmLenFuku?k_babaCode=32&k_raceDate=2026%2F09%2F20&k_raceNo=9
2026-09-20 13:41:51,13:41,2026-09-20,saga,9,馬連,2-6,156.7,156.7,30,https://www.keiba.go.jp/KeibaWeb/TodayRaceInfo/OddsUmLenFuku?k_babaCode=32&k_raceDate=2026%2F09%2F20&k_raceNo=9
2026-09-20 13:41:51,13:41,2026-09-20,saga,9,馬連,3-6,156.7,156.7,30,https://www.keiba.go.jp/KeibaWeb/TodayRaceInfo/OddsUmLenFuku?k_babaCode=32&k_raceDate=2026%2F09%2F20&k_raceNo=9
2026-09-20 13:41:51,13:41,2026-09-20,saga,9,馬連,3-10,156.7,156.7,30,https://www.keiba.go.jp/KeibaWeb/TodayRaceInfo/OddsUmLenFuku?k_babaCode=32&k_raceDate=2026%2F09%2F20&k_raceNo=9
2026-09-20 13:41:51,13:41,2026-09-20,saga,9,馬連,4-8,156.7,156.7,30,https://www.keiba.go.jp/KeibaWeb/TodayRaceInfo/OddsUmLenFuku?k_babaCode=32&k_raceDate=2026%2F09%2F20&k_raceNo=9
2026-09-20 13:41:51,13:41,2026-09-20,saga,9,馬連,5-7,156.7,156.7,30,https://www.keiba.go.jp/KeibaWeb/TodayRaceInfo/OddsUmLenFuku?k_babaCode=32&k_raceDate=2026%2F09%2F20&k_raceNo=9
2026-09-20 13:41:51,13:41,2026-09-20,saga,9,馬連,6-9,156.7,156.7,30,https://www.keiba.go.jp/KeibaWeb/TodayRaceInfo/OddsUmLenFuku?k_babaCode=32&k_raceDate=2026%2F09%2F20&k_raceNo=9
2026-09-20 13:41:51,13:41,2026-09-20,saga,9,馬連,7-10,156.7,156.7,30,https://www.keiba.go.jp/KeibaWeb/TodayRaceInfo/OddsUmLenFuku?k_babaCode=32&k_raceDate=2026%2F09%2F20&k_raceNo=9
2026-09-20 13:41:51,13:41,2026-09-20,saga,9,馬連,7-12,156.7,156.7,30,https://www.keiba.go.jp/KeibaWeb/TodayRaceInfo/OddsUmLenFuku?k_babaCode=32&k_raceDate=2026%2F09%2F20&k_raceNo=9
2026-09-20 13:41:51,13:41,2026-09-20,saga,9,馬連,1-8,313.5,313.5,40,https://www.keiba.go.jp/KeibaWeb/TodayRaceInfo/OddsUmLenFuku?k_babaCode=32&k_raceDate=2026%2F09%2F20&k_raceNo=9
2026-09-20 13:41:51,13:41,2026-09-20,saga,9,馬連,1-13,313.5,313.5,40,https://www.keiba.go.jp/KeibaWeb/TodayRaceInfo/OddsUmLenFuku?k_babaCode=32&k_raceDate=2026%2F09%2F20&k_raceNo=9
2026-09-20 13:41:51,13:41,2026-09-20,saga,9,馬連,2-8,313.5,313.5,40,https://www.keiba.go.jp/KeibaWeb/TodayRaceInfo/OddsUmLenFuku?k_babaCode=32&k_raceDate=2026%2F09%2F20&k_raceNo=9
2026-09-20 13:41:51,13:41,2026-09-20,saga,9,馬連,2-11,313.5,313.5,40,https://www.keiba.go.jp/KeibaWeb/TodayRaceInfo/OddsUmLenFuku?k_babaCode=32&k_raceDate=2026%2F09%2F20&k_raceNo=9
2026-09-20 13:41:51,13:41,2026-09-20,saga,9,馬連,2-12,313.5,313.5,40,https://www.keiba.go.jp/KeibaWeb/TodayRaceInfo/OddsUmLenFuku?k_babaCode=32&k_raceDate=2026%2F09%2F20&k_raceNo=9
2026-09-20 13:41:51,13:41,2026-09-20,saga,9,馬連,3-4,313.5,313.5,40,https://www.keiba.go.jp/KeibaWeb/TodayRaceInfo/OddsUmLenFuku?k_babaCode=32&k_raceDate=2026%2F09%2F20&k_raceNo=9
2026-09-20 13:41:51,13:41,2026-09-20,saga,9,馬連,3-7,313.5,313.5,40,https://www.keiba.go.jp/KeibaWeb/TodayRaceInfo/OddsUmLenFuku?k_babaCode=32&k_raceDate=2026%2F09%2F20&k_raceNo=9
2026-09-20 13:41:51,13:41,2026-09-20,saga,9,馬連,3-9,313.5,313.5,40,https://www.keiba.go.jp/KeibaWeb/TodayRaceInfo/OddsUmLenFuku?k_babaCode=32&k_raceDate=2026%2F09%2F20&k_raceNo=9
2026-09-20 13:41:51,13:41,2026-09-20,saga,9,馬連,3-12,313.5,313.5,40,https://www.keiba.go.jp/KeibaWeb/TodayRaceInfo/OddsUmLenFuku?k_babaCode=32&k_raceDate=2026%2F09%2F20&k_raceNo=9
2026-09-20 13:41:51,13:41,2026-09-20,saga,9,馬連,4-6,313.5,313.5,40,https://www.keiba.go.jp/KeibaWeb/TodayRaceInfo/OddsUmLenFuku?k_babaCode=32&k_raceDate=2026%2F09%2F20&k_raceNo=9
2026-09-20 13:41:51,13:41,2026-09-20,saga,9,馬連,4-10,313.5,313.5,40,https://www.keiba.go.jp/KeibaWeb/TodayRaceInfo/OddsUmLenFuku?k_babaCode=32&k_raceDate=2026%2F09%2F20&k_raceNo=9
2026-09-20 13:41:51,13:41,2026-09-20,saga,9,馬連,4-11,313.5,313.5,40,https://www.keiba.go.jp/KeibaWeb/TodayRaceInfo/OddsUmLenFuku?k_babaCode=32&k_raceDate=2026%2F09%2F20&k_raceNo=9
2026-09-20 13:41:51,13:41,2026-09-20,saga,9,馬連,4-12,313.5,313.5,40,https://www.keiba.go.jp/KeibaWeb/TodayRaceInfo/OddsUmLenFuku?k_babaCode=32&k_raceDate=2026%2F09%2F20&k_raceNo=9
2026-09-20 13:41:51,13:41,2026-09-20,saga,9,馬連,5-6,313.5,313.5,40,https://www.keiba.go.jp/KeibaWeb/TodayRaceInfo/OddsUmLenFuku?k_babaCode=32&k_raceDate=2026%2F09%2F20&k_raceNo=9
2026-09-20 13:41:51,13:41,2026-09-20,saga,9,馬連,5-8,313.5,313.5,40,https://www.keiba.go.jp/KeibaWeb/TodayRaceInfo/OddsUmLenFuku?k_babaCode=32&k_raceDate=2026%2F09%2F20&k_raceNo=9
2026-09-20 13:41:51,13:41,2026-09-20,saga,9,馬連,5-11,313.5,313.5,40,https://www.keiba.go.jp/KeibaWeb/TodayRaceInfo/OddsUmLenFuku?k_babaCode=32&k_raceDate=2026%2F09%2F20&k_raceNo=9
2026-09-20 13:41:51,13:41,2026-09-20,saga,9,馬連,5-12,313.5,313.5,40,https://www.keiba.go.jp/KeibaWeb/TodayRaceInfo/OddsUmLenFuku?k_babaCode=32&k_raceDate=2026%2F09%2F20&k_raceNo=9
2026-09-20 13:41:51,13:41,2026-09-20,saga,9,馬連,6-7,313.5,313.5,40,https://www.keiba.go.jp/KeibaWeb/TodayRaceInfo/OddsUmLenFuku?k_babaCode=32&k_raceDate=2026%2F09%2F20&k_raceNo=9
2026-09-20 13:41:51,13:41,2026-09-20,saga,9,馬連,8-11,313.5,313.5,40,https://www.keiba.go.jp/KeibaWeb/TodayRaceInfo/OddsUmLenFuku?k_babaCode=32&k_raceDate=2026%2F09%2F20&k_raceNo=9
2026-09-20 13:41:51,13:41,2026-09-20,saga,9,馬連,8-12,313.5,313.5,40,https://www.keiba.go.jp/KeibaWeb/TodayRaceInfo/OddsUmLenFuku?k_babaCode=32&k_raceDate=2026%2F09%2F20&k_raceNo=9
2026-09-20 13:41:51,13:41,2026-09-20,saga,9,馬連,9-11,313.5,313.5,40,https://www.keiba.go.jp/KeibaWeb/TodayRaceInfo/OddsUmLenFuku?k_babaCode=32&k_raceDate=2026%2F09%2F20&k_raceNo=9
2026-09-20 13:41:51,13:41,2026-09-20,saga,9,馬連,9-12,313.5,313.5,40,https://www.keiba.go.jp/KeibaWeb/TodayRaceInfo/OddsUmLenFuku?k_babaCode=32&k_raceDate=2026%2F09%2F20&k_raceNo=9
2026-09-20 13:41:51,13:41,2026-09-20,saga,9,馬連,10-12,313.5,313.5,40,https://www.keiba.go.jp/KeibaWeb/TodayRaceInfo/OddsUmLenFuku?k_babaCode=32&k_raceDate=2026%2F09%2F20&k_raceNo=9
2026-09-20 13:41:51,13:41,2026-09-20,saga,9,馬連,10-13,313.5,313.5,40,https://www.keiba.go.jp/KeibaWeb/TodayRaceInfo/OddsUmLenFuku?k_babaCode=32&k_raceDate=2026%2F09%2F20&k_raceNo=9
2026-09-20 13:41:51,13:41,2026-09-20,saga,9,馬連,11-12,313.5,313.5,40,https://www.keiba.go.jp/KeibaWeb/TodayRaceInfo/OddsUmLenFuku?k_babaCode=32&k_raceDate=2026%2F09%2F20&k_raceNo=9
2026-09-20 13:41:51,13:41,2026-09-20,saga,9,馬連,11-14,313.5,313.5,40,https://www.keiba.go.jp/KeibaWeb/TodayRaceInfo/OddsUmLenFuku?k_babaCode=32&k_raceDate=2026%2F09%2F20&k_raceNo=9
2026-09-20 13:41:51,13:41,2026-09-20,saga,9,馬連,12-14,313.5,313.5,40,https://www.keiba.go.jp/KeibaWeb/TodayRaceInfo/OddsUmLenFuku?k_babaCode=32&k_raceDate=2026%2F09%2F20&k_raceNo=9
2026-09-20 13:41:51,13:41,2026-09-20,saga,9,馬連,2-7,0.0,0.0,67,https://www.keiba.go.jp/KeibaWeb/TodayRaceInfo/OddsUmLenFuku?k_babaCode=32&k_raceDate=2026%2F09%2F20&k_raceNo=9
2026-09-20 13:41:51,13:41,2026-09-20,saga,9,馬連,2-13,0.0,0.0,67,https://www.keiba.go.jp/KeibaWeb/TodayRaceInfo/OddsUmLenFuku?k_babaCode=32&k_raceDate=2026%2F09%2F20&k_raceNo=9
2026-09-20 13:41:51,13:41,2026-09-20,saga,9,馬連,3-8,0.0,0.0,67,https://www.keiba.go.jp/KeibaWeb/TodayRaceInfo/OddsUmLenFuku?k_babaCode=32&k_raceDate=2026%2F09%2F20&k_raceNo=9
2026-09-20 13:41:51,13:41,2026-09-20,saga,9,馬連,3-11,0.0,0.0,67,https://www.keiba.go.jp/KeibaWeb/TodayRaceInfo/OddsUmLenFuku?k_babaCode=32&k_raceDate=2026%2F09%2F20&k_raceNo=9
2026-09-20 13:41:51,13:41,2026-09-20,saga,9,馬連,3-13,0.0,0.0,67,https://www.keiba.go.jp/KeibaWeb/TodayRaceInfo/OddsUmLenFuku?k_babaCode=32&k_raceDate=2026%2F09%2F20&k_raceNo=9
2026-09-20 13:41:51,13:41,2026-09-20,saga,9,馬連,4-7,0.0,0.0,67,https://www.keiba.go.jp/KeibaWeb/TodayRaceInfo/OddsUmLenFuku?k_babaCode=32&k_raceDate=2026%2F09%2F20&k_raceNo=9
2026-09-20 13:41:51,13:41,2026-09-20,saga,9,馬連,4-9,0.0,0.0,67,https://www.keiba.go.jp/KeibaWeb/TodayRaceInfo/OddsUmLenFuku?k_babaCode=32&k_raceDate=2026%2F09%2F20&k_raceNo=9
2026-09-20 13:41:51,13:41,2026-09-20,saga,9,馬連,4-13,0.0,0.0,67,https://www.keiba.go.jp/KeibaWeb/TodayRaceInfo/OddsUmLenFuku?k_babaCode=32&k_raceDate=2026%2F09%2F20&k_raceNo=9
2026-09-20 13:41:51,13:41,2026-09-20,saga,9,馬連,5-13,0.0,0.0,67,https://www.keiba.go.jp/KeibaWeb/TodayRaceInfo/OddsUmLenFuku?k_babaCode=32&k_raceDate=2026%2F09%2F20&k_raceNo=9
2026-09-20 13:41:51,13:41,2026-09-20,saga,9,馬連,6-8,0.0,0.0,67,https://www.keiba.go.jp/KeibaWeb/TodayRaceInfo/OddsUmLenFuku?k_babaCode=32&k_raceDate=2026%2F09%2F20&k_raceNo=9
2026-09-20 13:41:51,13:41,2026-09-20,saga,9,馬連,6-11,0.0,0.0,67,https://www.keiba.go.jp/KeibaWeb/TodayRaceInfo/OddsUmLenFuku?k_babaCode=32&k_raceDate=2026%2F09%2F20&k_raceNo=9
2026-09-20 13:41:51,13:41,2026-09-20,saga,9,馬連,6-12,0.0,0.0,67,https://www.keiba.go.jp/KeibaWeb/TodayRaceInfo/OddsUmLenFuku?k_babaCode=32&k_raceDate=2026%2F09%2F20&k_raceNo=9
2026-09-20 13:41:51,13:41,2026-09-20,saga,9,馬連,6-13,0.0,0.0,67,https://www.keiba.go.jp/KeibaWeb/TodayRaceInfo/OddsUmLenFuku?k_babaCode=32&k_raceDate=2026%2F09%2F20&k_raceNo=9
2026-09-20 13:41:51,13:41,2026-09-20,saga,9,馬連,7-8,0.0,0.0,67,https://www.keiba.go.jp/KeibaWeb/TodayRaceInfo/OddsUmLenFuku?k_babaCode=32&k_raceDate=2026%2F09%2F20&k_raceNo=9
2026-09-20 13:41:51,13:41,2026-09-20,saga,9,馬連,7-9,0.0,0.0,67,https://www.keiba.go.jp/KeibaWeb/TodayRaceInfo/OddsUmLenFuku?k_babaCode=32&k_raceDate=2026%2F09%2F20&k_raceNo=9
2026-09-20 13:41:51,13:41,2026-09-20,saga,9,馬連,7-11,0.0,0.0,67,https://www.keiba.go.jp/KeibaWeb/TodayRaceInfo/OddsUmLenFuku?k_babaCode=32&k_raceDate=2026%2F09%2F20&k_raceNo=9
2026-09-20 13:41:51,13:41,2026-09-20,saga,9,馬連,7-13,0.0,0.0,67,https://www.keiba.go.jp/KeibaWeb/TodayRaceInfo/OddsUmLenFuku?k_babaCode=32&k_raceDate=2026%2F09%2F20&k_raceNo=9
2026-09-20 13:41:51,13:41,2026-09-20,saga,9,馬連,8-9,0.0,0.0,67,https://www.keiba.go.jp/KeibaWeb/TodayRaceInfo/OddsUmLenFuku?k_babaCode=32&k_raceDate=2026%2F09%2F20&k_raceNo=9
2026-09-20 13:41:51,13:41,2026-09-20,saga,9,馬連,8-10,0.0,0.0,67,https://www.keiba.go.jp/KeibaWeb/TodayRaceInfo/OddsUmLenFuku?k_babaCode=32&k_raceDate=2026%2F09%2F20&k_raceNo=9
2026-09-20 13:41:51,13:41,2026-09-20,saga,9,馬連,8-13,0.0,0.0,67,https://www.keiba.go.jp/KeibaWeb/TodayRaceInfo/OddsUmLenFuku?k_babaCode=32&k_raceDate=2026%2F09%2F20&k_raceNo=9
2026-09-20 13:41:51,13:41,2026-09-20,saga,9,馬連,8-14,0.0,0.0,67,https://www.keiba.go.jp/KeibaWeb/TodayRaceInfo/OddsUmLenFuku?k_babaCode=32&k_raceDate=2026%2F09%2F20&k_raceNo=9
2026-09-20 13:41:51,13:41,2026-09-20,saga,9,馬連,9-13,0.0,0.0,67,https://www.keiba.go.jp/KeibaWeb/TodayRaceInfo/OddsUmLenFuku?k_babaCode=32&k_raceDate=2026%2F09%2F20&k_raceNo=9
2026-09-20 13:41:51,13:41,2026-09-20,saga,9,馬連,11-13,0.0,0.0,67,https://www.keiba.go.jp/KeibaWeb/TodayRaceInfo/OddsUmLenFuku?k_babaCode=32&k_raceDate=2026%2F09%2F20&k_raceNo=9
2026-09-20 13:41:51,13:41,2026-09-20,saga,9,馬連,12-13,0.0,0.0,67,https://www.keiba.go.jp/KeibaWeb/TodayRaceInfo/OddsUmLenFuku?k_babaCode=32&k_raceDate=2026%2F09%2F20&k_raceNo=9
2026-09-20 13:41:51,13:41,2026-09-20,saga,9,馬連,13-14,0.0,0.0,67,https://www.keiba.go.jp/KeibaWeb/TodayRaceInfo/OddsUmLenFuku?k_babaCode=32&k_raceDate=2026%2F09%2F20&k_raceNo=9
2026-09-20 13:41:51,13:41,2026-09-20,saga,9,ワイド,5-14,3.3,3.7,1,https://www.keiba.go.jp/KeibaWeb/TodayRaceInfo/OddsWide?k_babaCode=32&k_raceDate=2026%2F09%2F20&k_raceNo=9
2026-09-20 13:41:51,13:41,2026-09-20,saga,9,ワイド,9-10,3.3,3.7,1,https://www.keiba.go.jp/KeibaWeb/TodayRaceInfo/OddsWide?k_babaCode=32&k_raceDate=2026%2F09%2F20&k_raceNo=9
2026-09-20 13:41:51,13:41,2026-09-20,saga,9,ワイド,9-14,3.5,3.9,3,https://www.keiba.go.jp/KeibaWeb/TodayRaceInfo/OddsWide?k_babaCode=32&k_raceDate=2026%2F09%2F20&k_raceNo=9
2026-09-20 13:41:51,13:41,2026-09-20,saga,9,ワイド,10-14,4.1,4.7,4,https://www.keiba.go.jp/KeibaWeb/TodayRaceInfo/OddsWide?k_babaCode=32&k_raceDate=2026%2F09%2F20&k_raceNo=9
2026-09-20 13:41:51,13:41,2026-09-20,saga,9,ワイド,5-10,4.3,4.9,5,https://www.keiba.go.jp/KeibaWeb/TodayRaceInfo/OddsWide?k_babaCode=32&k_raceDate=2026%2F09%2F20&k_raceNo=9
2026-09-20 13:41:51,13:41,2026-09-20,saga,9,ワイド,1-9,5.3,5.8,6,https://www.keiba.go.jp/KeibaWeb/TodayRaceInfo/OddsWide?k_babaCode=32&k_raceDate=2026%2F09%2F20&k_raceNo=9
2026-09-20 13:41:51,13:41,2026-09-20,saga,9,ワイド,1-5,5.3,5.9,7,https://www.keiba.go.jp/KeibaWeb/TodayRaceInfo/OddsWide?k_babaCode=32&k_raceDate=2026%2F09%2F20&k_raceNo=9
2026-09-20 13:41:51,13:41,2026-09-20,saga,9,ワイド,1-10,6.2,6.9,8,https://www.keiba.go.jp/KeibaWeb/TodayRaceInfo/OddsWide?k_babaCode=32&k_raceDate=2026%2F09%2F20&k_raceNo=9
2026-09-20 13:41:51,13:41,2026-09-20,saga,9,ワイド,1-14,7.0,7.9,9,https://www.keiba.go.jp/KeibaWeb/TodayRaceInfo/OddsWide?k_babaCode=32&k_raceDate=2026%2F09%2F20&k_raceNo=9
2026-09-20 13:41:51,13:41,2026-09-20,saga,9,ワイド,2-10,7.2,8.0,10,https://www.keiba.go.jp/KeibaWeb/TodayRaceInfo/OddsWide?k_babaCode=32&k_raceDate=2026%2F09%2F20&k_raceNo=9
2026-09-20 13:41:51,13:41,2026-09-20,saga,9,ワイド,2-14,7.3,8.0,11,https://www.keiba.go.jp/KeibaWeb/TodayRaceInfo/OddsWide?k_babaCode=32&k_raceDate=2026%2F09%2F20&k_raceNo=9
2026-09-20 13:41:51,13:41,2026-09-20,saga,9,ワイド,5-9,8.0,9.3,12,https://www.keiba.go.jp/KeibaWeb/TodayRaceInfo/OddsWide?k_babaCode=32&k_raceDate=2026%2F09%2F20&k_raceNo=9
2026-09-20 13:41:51,13:41,2026-09-20,saga,9,ワイド,1-2,9.5,10.2,13,https://www.keiba.go.jp/KeibaWeb/TodayRaceInfo/OddsWide?k_babaCode=32&k_raceDate=2026%2F09%2F20&k_raceNo=9
2026-09-20 13:41:51,13:41,2026-09-20,saga,9,ワイド,2-9,11.3,12.6,14,https://www.keiba.go.jp/KeibaWeb/TodayRaceInfo/OddsWide?k_babaCode=32&k_raceDate=2026%2F09%2F20&k_raceNo=9
2026-09-20 13:41:51,13:41,2026-09-20,saga,9,ワイド,4-10,11.7,12.7,15,https://www.keiba.go.jp/KeibaWeb/TodayRaceInfo/OddsWide?k_babaCode=32&k_raceDate=2026%2F09%2F20&k_raceNo=9
2026-09-20 13:41:51,13:41,2026-09-20,saga,9,ワイド,1-4,15.8,16.7,16,https://www.keiba.go.jp/KeibaWeb/TodayRaceInfo/OddsWide?k_babaCode=32&k_raceDate=2026%2F09%2F20&k_raceNo=9
2026-09-20 13:41:51,13:41,2026-09-20,saga,9,ワイド,4-14,18.4,20.0,17,https://www.keiba.go.jp/KeibaWeb/TodayRaceInfo/OddsWide?k_babaCode=32&k_raceDate=2026%2F09%2F20&k_raceNo=9
2026-09-20 13:41:51,13:41,2026-09-20,saga,9,ワイド,7-9,18.4,20.0,17,https://www.keiba.go.jp/KeibaWeb/TodayRaceInfo/OddsWide?k_babaCode=32&k_raceDate=2026%2F09%2F20&k_raceNo=9
2026-09-20 13:41:51,13:41,2026-09-20,saga,9,ワイド,9-13,18.4,20.0,17,https://www.keiba.go.jp/KeibaWeb/TodayRaceInfo/OddsWide?k_babaCode=32&k_raceDate=2026%2F09%2F20&k_raceNo=9
2026-09-20 13:41:51,13:41,2026-09-20,saga,9,ワイド,1-13,18.9,19.9,20,https://www.keiba.go.jp/KeibaWeb/TodayRaceInfo/OddsWide?k_babaCode=32&k_raceDate=2026%2F09%2F20&k_raceNo=9
2026-09-20 13:41:51,13:41,2026-09-20,saga,9,ワイド,2-4,19.0,20.0,21,https://www.keiba.go.jp/KeibaWeb/TodayRaceInfo/OddsWide?k_babaCode=32&k_raceDate=2026%2F09%2F20&k_raceNo=9
2026-09-20 13:41:51,13:41,2026-09-20,saga,9,ワイド,3-5,22.8,24.8,22,https://www.keiba.go.jp/KeibaWeb/TodayRaceInfo/OddsWide?k_babaCode=32&k_raceDate=2026%2F09%2F20&k_raceNo=9
2026-09-20 13:41:51,13:41,2026-09-20,saga,9,ワイド,3-14,22.8,24.8,22,https://www.keiba.go.jp/KeibaWeb/TodayRaceInfo/OddsWide?k_babaCode=32&k_raceDate=2026%2F09%2F20&k_raceNo=9
2026-09-20 13:41:51,13:41,2026-09-20,saga,9,ワイド,6-14,23.0,24.8,24,https://www.keiba.go.jp/KeibaWeb/TodayRaceInfo/OddsWide?k_babaCode=32&k_raceDate=2026%2F09%2F20&k_raceNo=9
2026-09-20 13:41:51,13:41,2026-09-20,saga,9,ワイド,1-3,23.5,24.8,25,https://www.keiba.go.jp/KeibaWeb/TodayRaceInfo/OddsWide?k_babaCode=32&k_raceDate=2026%2F09%2F20&k_raceNo=9
2026-09-20 13:41:51,13:41,2026-09-20,saga,9,ワイド,1-7,23.5,24.8,25,https://www.keiba.go.jp/KeibaWeb/TodayRaceInfo/OddsWide?k_babaCode=32&k_raceDate=2026%2F09%2F20&k_raceNo=9
2026-09-20 13:41:51,13:41,2026-09-20,saga,9,ワイド,1-8,23.6,24.8,27,https://www.keiba.go.jp/KeibaWeb/TodayRaceInfo/OddsWide?k_babaCode=32&k_raceDate=2026%2F09%2F20&k_raceNo=9
2026-09-20 13:41:51,13:41,2026-09-20,saga,9,ワイド,7-14,30.3,33.0,28,https://www.keiba.go.jp/KeibaWeb/TodayRaceInfo/OddsWide?k_babaCode=32&k_raceDate=2026%2F09%2F20&k_raceNo=9
2026-09-20 13:41:51,13:41,2026-09-20,saga,9,ワイド,5-13,30.4,33.0,29,https://www.keiba.go.jp/KeibaWeb/TodayRaceInfo/OddsWide?k_babaCode=32&k_raceDate=2026%2F09%2F20&k_raceNo=9
2026-09-20 13:41:51,13:41,2026-09-20,saga,9,ワイド,1-6,31.5,33.0,30,https://www.keiba.go.jp/KeibaWeb/TodayRaceInfo/OddsWide?k_babaCode=32&k_raceDate=2026%2F09%2F20&k_raceNo=9
2026-09-20 13:41:51,13:41,2026-09-20,saga,9,ワイド,2-7,31.7,33.0,31,https://www.keiba.go.jp/KeibaWeb/TodayRaceInfo/OddsWide?k_babaCode=32&k_raceDate=2026%2F09%2F20&k_raceNo=9
2026-09-20 13:41:51,13:41,2026-09-20,saga,9,ワイド,4-8,32.2,33.0,32,https://www.keiba.go.jp/KeibaWeb/TodayRaceInfo/OddsWide?k_babaCode=32&k_raceDate=2026%2F09%2F20&k_raceNo=9
2026-09-20 13:41:51,13:41,2026-09-20,saga,9,ワイド,2-5,44.0,49.3,33,https://www.keiba.go.jp/KeibaWeb/TodayRaceInfo/OddsWide?k_babaCode=32&k_raceDate=2026%2F09%2F20&k_raceNo=9
2026-09-20 13:41:51,13:41,2026-09-20,saga,9,ワイド,7-10,45.0,49.2,34,https://www.keiba.go.jp/KeibaWeb/TodayRaceInfo/OddsWide?k_babaCode=32&k_raceDate=2026%2F09%2F20&k_raceNo=9
2026-09-20 13:41:51,13:41,2026-09-20,saga,9,ワイド,10-13,45.0,49.2,34,https://www.keiba.go.jp/KeibaWeb/TodayRaceInfo/OddsWide?k_babaCode=32&k_raceDate=2026%2F09%2F20&k_raceNo=9
2026-09-20 13:41:51,13:41,2026-09-20,saga,9,ワイド,4-5,45.0,49.3,36,https://www.keiba.go.jp/KeibaWeb/TodayRaceInfo/OddsWide?k_babaCode=32&k_raceDate=2026%2F09%2F20&k_raceNo=9
2026-09-20 13:41:51,13:41,2026-09-20,saga,9,ワイド,13-14,45.2,49.1,37,https://www.keiba.go.jp/KeibaWeb/TodayRaceInfo/OddsWide?k_babaCode=32&k_raceDate=2026%2F09%2F20&k_raceNo=9
2026-09-20 13:41:51,13:41,2026-09-20,saga,9,ワイド,5-7,45.2,49.2,38,https://www.keiba.go.jp/KeibaWeb/TodayRaceInfo/OddsWide?k_babaCode=32&k_raceDate=2026%2F09%2F20&k_raceNo=9
2026-09-20 13:41:51,13:41,2026-09-20,saga,9,ワイド,9-11,45.3,49.3,39,https://www.keiba.go.jp/KeibaWeb/TodayRaceInfo/OddsWide?k_babaCode=32&k_raceDate=2026%2F09%2F20&k_raceNo=9
2026-09-20 13:41:51,13:41,2026-09-20,saga,9,ワイド,10-11,45.3,49.3,39,https://www.keiba.go.jp/KeibaWeb/TodayRaceInfo/OddsWide?k_babaCode=32&k_raceDate=2026%2F09%2F20&k_raceNo=9
2026-09-20 13:41:51,13:41,2026-09-20,saga,9,ワイド,5-8,45.5,49.1,41,https://www.keiba.go.jp/KeibaWeb/TodayRaceInfo/OddsWide?k_babaCode=32&k_raceDate=2026%2F09%2F20&k_raceNo=9
2026-09-20 13:41:51,13:41,2026-09-20,saga,9,ワイド,8-9,45.6,49.1,42,https://www.keiba.go.jp/KeibaWeb/TodayRaceInfo/OddsWide?k_babaCode=32&k_raceDate=2026%2F09%2F20&k_raceNo=9
2026-09-20 13:41:51,13:41,2026-09-20,saga,9,ワイド,9-12,45.6,49.3,43,https://www.keiba.go.jp/KeibaWeb/TodayRaceInfo/OddsWide?k_babaCode=32&k_raceDate=2026%2F09%2F20&k_raceNo=9
2026-09-20 13:41:51,13:41,2026-09-20,saga,9,ワイド,1-12,46.8,49.2,44,https://www.keiba.go.jp/KeibaWeb/TodayRaceInfo/OddsWide?k_babaCode=32&k_raceDate=2026%2F09%2F20&k_raceNo=9
2026-09-20 13:41:51,13:41,2026-09-20,saga,9,ワイド,2-3,47.2,49.3,45,https://www.keiba.go.jp/KeibaWeb/TodayRaceInfo/OddsWide?k_babaCode=32&k_raceDate=2026%2F09%2F20&k_raceNo=9
2026-09-20 13:41:51,13:41,2026-09-20,saga,9,ワイド,3-4,48.1,49.3,46,https://www.keiba.go.jp/KeibaWeb/TodayRaceInfo/OddsWide?k_babaCode=32&k_raceDate=2026%2F09%2F20&k_raceNo=9
2026-09-20 13:41:51,13:41,2026-09-20,saga,9,ワイド,3-13,48.2,49.2,47,https://www.keiba.go.jp/KeibaWeb/TodayRaceInfo/OddsWide?k_babaCode=32&k_raceDate=2026%2F09%2F20&k_raceNo=9
2026-09-20 13:41:51,13:41,2026-09-20,saga,9,ワイド,7-8,48.3,49.2,48,https://www.keiba.go.jp/KeibaWeb/TodayRaceInfo/OddsWide?k_babaCode=32&k_raceDate=2026%2F09%2F20&k_raceNo=9
2026-09-20 13:41:51,13:41,2026-09-20,saga,9,ワイド,6-8,48.5,49.3,49,https://www.keiba.go.jp/KeibaWeb/TodayRaceInfo/OddsWide?k_babaCode=32&k_raceDate=2026%2F09%2F20&k_raceNo=9
2026-09-20 13:41:51,13:41,2026-09-20,saga,9,ワイド,3-12,48.6,49.2,50,https://www.keiba.go.jp/KeibaWeb/TodayRaceInfo/OddsWide?k_babaCode=32&k_raceDate=2026%2F09%2F20&k_raceNo=9
2026-09-20 13:41:51,13:41,2026-09-20,saga,9,ワイド,8-12,48.6,49.3,51,https://www.keiba.go.jp/KeibaWeb/TodayRaceInfo/OddsWide?k_babaCode=32&k_raceDate=2026%2F09%2F20&k_raceNo=9
2026-09-20 13:41:51,13:41,2026-09-20,saga,9,ワイド,5-6,89.7,98.0,52,https://www.keiba.go.jp/KeibaWeb/TodayRaceInfo/OddsWide?k_babaCode=32&k_raceDate=2026%2F09%2F20&k_raceNo=9
2026-09-20 13:41:51,13:41,2026-09-20,saga,9,ワイド,8-14,90.2,97.7,53,https://www.keiba.go.jp/KeibaWeb/TodayRaceInfo/OddsWide?k_babaCode=32&k_raceDate=2026%2F09%2F20&k_raceNo=9
2026-09-20 13:41:51,13:41,2026-09-20,saga,9,ワイド,3-9,90.2,98.0,54,https://www.keiba.go.jp/KeibaWeb/TodayRaceInfo/OddsWide?k_babaCode=32&k_raceDate=2026%2F09%2F20&k_raceNo=9
2026-09-20 13:41:51,13:41,2026-09-20,saga,9,ワイド,6-9,90.2,98.2,55,https://www.keiba.go.jp/KeibaWeb/TodayRaceInfo/OddsWide?k_babaCode=32&k_raceDate=2026%2F09%2F20&k_raceNo=9
2026-09-20 13:41:51,13:41,2026-09-20,saga,9,ワイド,3-10,90.5,98.0,56,https://www.keiba.go.jp/KeibaWeb/TodayRaceInfo/OddsWide?k_babaCode=32&k_raceDate=2026%2F09%2F20&k_raceNo=9
2026-09-20 13:41:51,13:41,2026-09-20,saga,9,ワイド,6-10,90.5,98.0,56,https://www.keiba.go.jp/KeibaWeb/TodayRaceInfo/OddsWide?k_babaCode=32&k_raceDate=2026%2F09%2F20&k_raceNo=9
2026-09-20 13:41:51,13:41,2026-09-20,saga,9,ワイド,11-14,90.5,98.0,56,https://www.keiba.go.jp/KeibaWeb/TodayRaceInfo/OddsWide?k_babaCode=32&k_raceDate=2026%2F09%2F20&k_raceNo=9
2026-09-20 13:41:51,13:41,2026-09-20,saga,9,ワイド,5-11,90.5,98.2,59,https://www.keiba.go.jp/KeibaWeb/TodayRaceInfo/OddsWide?k_babaCode=32&k_raceDate=2026%2F09%2F20&k_raceNo=9
2026-09-20 13:41:51,13:41,2026-09-20,saga,9,ワイド,12-14,90.7,98.0,60,https://www.keiba.go.jp/KeibaWeb/TodayRaceInfo/OddsWide?k_babaCode=32&k_raceDate=2026%2F09%2F20&k_raceNo=9
2026-09-20 13:41:51,13:41,2026-09-20,saga,9,ワイド,1-11,93.2,97.7,61,https://www.keiba.go.jp/KeibaWeb/TodayRaceInfo/OddsWide?k_babaCode=32&k_raceDate=2026%2F09%2F20&k_raceNo=9
2026-09-20 13:41:51,13:41,2026-09-20,saga,9,ワイド,2-13,94.5,98.0,62,https://www.keiba.go.jp/KeibaWeb/TodayRaceInfo/OddsWide?k_babaCode=32&k_raceDate=2026%2F09%2F20&k_raceNo=9
2026-09-20 13:41:51,13:41,2026-09-20,saga,9,ワイド,4-13,95.5,98.0,63,https://www.keiba.go.jp/KeibaWeb/TodayRaceInfo/OddsWide?k_babaCode=32&k_raceDate=2026%2F09%2F20&k_raceNo=9
2026-09-20 13:41:51,13:41,2026-09-20,saga,9,ワイド,7-13,95.7,98.0,64,https://www.keiba.go.jp/KeibaWeb/TodayRaceInfo/OddsWide?k_babaCode=32&k_raceDate=2026%2F09%2F20&k_raceNo=9
2026-09-20 13:41:51,13:41,2026-09-20,saga,9,ワイド,4-7,95.7,98.2,65,https://www.keiba.go.jp/KeibaWeb/TodayRaceInfo/OddsWide?k_babaCode=32&k_raceDate=2026%2F09%2F20&k_raceNo=9
2026-09-20 13:41:51,13:41,2026-09-20,saga,9,ワイド,8-13,96.0,98.0,66,https://www.keiba.go.jp/KeibaWeb/TodayRaceInfo/OddsWide?k_babaCode=32&k_raceDate=2026%2F09%2F20&k_raceNo=9
2026-09-20 13:41:51,13:41,2026-09-20,saga,9,ワイド,3-8,96.2,98.0,67,https://www.keiba.go.jp/KeibaWeb/TodayRaceInfo/OddsWide?k_babaCode=32&k_raceDate=2026%2F09%2F20&k_raceNo=9
2026-09-20 13:41:51,13:41,2026-09-20,saga,9,ワイド,6-13,96.2,98.0,67,https://www.keiba.go.jp/KeibaWeb/TodayRaceInfo/OddsWide?k_babaCode=32&k_raceDate=2026%2F09%2F20&k_raceNo=9
2026-09-20 13:41:51,13:41,2026-09-20,saga,9,ワイド,11-13,96.5,98.0,69,https://www.keiba.go.jp/KeibaWeb/TodayRaceInfo/OddsWide?k_babaCode=32&k_raceDate=2026%2F09%2F20&k_raceNo=9
2026-09-20 13:41:51,13:41,2026-09-20,saga,9,ワイド,12-13,96.5,98.0,69,https://www.keiba.go.jp/KeibaWeb/TodayRaceInfo/OddsWide?k_babaCode=32&k_raceDate=2026%2F09%2F20&k_raceNo=9
2026-09-20 13:41:51,13:41,2026-09-20,saga,9,ワイド,7-12,96.5,98.2,71,https://www.keiba.go.jp/KeibaWeb/TodayRaceInfo/OddsWide?k_babaCode=32&k_raceDate=2026%2F09%2F20&k_raceNo=9
2026-09-20 13:41:51,13:41,2026-09-20,saga,9,ワイド,3-11,97.0,98.2,72,https://www.keiba.go.jp/KeibaWeb/TodayRaceInfo/OddsWide?k_babaCode=32&k_raceDate=2026%2F09%2F20&k_raceNo=9
2026-09-20 13:41:51,13:41,2026-09-20,saga,9,ワイド,6-12,97.0,98.2,72,https://www.keiba.go.jp/KeibaWeb/TodayRaceInfo/OddsWide?k_babaCode=32&k_raceDate=2026%2F09%2F20&k_raceNo=9
2026-09-20 13:41:51,13:41,2026-09-20,saga,9,ワイド,8-11,97.0,98.2,72,https://www.keiba.go.jp/KeibaWeb/TodayRaceInfo/OddsWide?k_babaCode=32&k_raceDate=2026%2F09%2F20&k_raceNo=9
2026-09-20 13:41:51,13:41,2026-09-20,saga,9,ワイド,2-6,0.0,0.0,75,https://www.keiba.go.jp/KeibaWeb/TodayRaceInfo/OddsWide?k_babaCode=32&k_raceDate=2026%2F09%2F20&k_raceNo=9
2026-09-20 13:41:51,13:41,2026-09-20,saga,9,ワイド,2-8,0.0,0.0,75,https://www.keiba.go.jp/KeibaWeb/TodayRaceInfo/OddsWide?k_babaCode=32&k_raceDate=2026%2F09%2F20&k_raceNo=9
2026-09-20 13:41:51,13:41,2026-09-20,saga,9,ワイド,2-11,0.0,0.0,75,https://www.keiba.go.jp/KeibaWeb/TodayRaceInfo/OddsWide?k_babaCode=32&k_raceDate=2026%2F09%2F20&k_raceNo=9
2026-09-20 13:41:51,13:41,2026-09-20,saga,9,ワイド,2-12,0.0,0.0,75,https://www.keiba.go.jp/KeibaWeb/TodayRaceInfo/OddsWide?k_babaCode=32&k_raceDate=2026%2F09%2F20&k_raceNo=9
2026-09-20 13:41:51,13:41,2026-09-20,saga,9,ワイド,3-6,0.0,0.0,75,https://www.keiba.go.jp/KeibaWeb/TodayRaceInfo/OddsWide?k_babaCode=32&k_raceDate=2026%2F09%2F20&k_raceNo=9
2026-09-20 13:41:51,13:41,2026-09-20,saga,9,ワイド,3-7,0.0,0.0,75,https://www.keiba.go.jp/KeibaWeb/TodayRaceInfo/OddsWide?k_babaCode=32&k_raceDate=2026%2F09%2F20&k_raceNo=9
2026-09-20 13:41:51,13:41,2026-09-20,saga,9,ワイド,4-6,0.0,0.0,75,https://www.keiba.go.jp/KeibaWeb/TodayRaceInfo/OddsWide?k_babaCode=32&k_raceDate=2026%2F09%2F20&k_raceNo=9
2026-09-20 13:41:51,13:41,2026-09-20,saga,9,ワイド,4-9,0.0,0.0,75,https://www.keiba.go.jp/KeibaWeb/TodayRaceInfo/OddsWide?k_babaCode=32&k_raceDate=2026%2F09%2F20&k_raceNo=9
2026-09-20 13:41:51,13:41,2026-09-20,saga,9,ワイド,4-11,0.0,0.0,75,https://www.keiba.go.jp/KeibaWeb/TodayRaceInfo/OddsWide?k_babaCode=32&k_raceDate=2026%2F09%2F20&k_raceNo=9
2026-09-20 13:41:51,13:41,2026-09-20,saga,9,ワイド,4-12,0.0,0.0,75,https://www.keiba.go.jp/KeibaWeb/TodayRaceInfo/OddsWide?k_babaCode=32&k_raceDate=2026%2F09%2F20&k_raceNo=9
2026-09-20 13:41:51,13:41,2026-09-20,saga,9,ワイド,5-12,0.0,0.0,75,https://www.keiba.go.jp/KeibaWeb/TodayRaceInfo/OddsWide?k_babaCode=32&k_raceDate=2026%2F09%2F20&k_raceNo=9
2026-09-20 13:41:51,13:41,2026-09-20,saga,9,ワイド,6-7,0.0,0.0,75,https://www.keiba.go.jp/KeibaWeb/TodayRaceInfo/OddsWide?k_babaCode=32&k_raceDate=2026%2F09%2F20&k_raceNo=9
2026-09-20 13:41:51,13:41,2026-09-20,saga,9,ワイド,6-11,0.0,0.0,75,https://www.keiba.go.jp/KeibaWeb/TodayRaceInfo/OddsWide?k_babaCode=32&k_raceDate=2026%2F09%2F20&k_raceNo=9
2026-09-20 13:41:51,13:41,2026-09-20,saga,9,ワイド,7-11,0.0,0.0,75,https://www.keiba.go.jp/KeibaWeb/TodayRaceInfo/OddsWide?k_babaCode=32&k_raceDate=2026%2F09%2F20&k_raceNo=9
2026-09-20 13:41:51,13:41,2026-09-20,saga,9,ワイド,8-10,0.0,0.0,75,https://www.keiba.go.jp/KeibaWeb/TodayRaceInfo/OddsWide?k_babaCode=32&k_raceDate=2026%2F09%2F20&k_raceNo=9
2026-09-20 13:41:51,13:41,2026-09-20,saga,9,ワイド,10-12,0.0,0.0,75,https://www.keiba.go.jp/KeibaWeb/TodayRaceInfo/OddsWide?k_babaCode=32&k_raceDate=2026%2F09%2F20&k_raceNo=9
2026-09-20 13:41:51,13:41,2026-09-20,saga,9,ワイド,11-12,0.0,0.0,75,https://www.keiba.go.jp/KeibaWeb/TodayRaceInfo/OddsWide?k_babaCode=32&k_raceDate=2026%2F09%2F20&k_raceNo=9
2026-09-20 13:41:51,13:41,2026-09-20,saga,9,三連複,5-10-14,14.6,14.6,1,https://www.keiba.go.jp/KeibaWeb/TodayRaceInfo/Odds3LenFuku?k_babaCode=32&k_raceDate=2026%2F09%2F20&k_raceNo=9
2026-09-20 13:41:51,13:41,2026-09-20,saga,9,三連複,1-10-14,17.4,17.4,2,https://www.keiba.go.jp/KeibaWeb/TodayRaceInfo/Odds3LenFuku?k_babaCode=32&k_raceDate=2026%2F09%2F20&k_raceNo=9
2026-09-20 13:41:51,13:41,2026-09-20,saga,9,三連複,2-10-14,17.7,17.7,3,https://www.keiba.go.jp/KeibaWeb/TodayRaceInfo/Odds3LenFuku?k_babaCode=32&k_raceDate=2026%2F09%2F20&k_raceNo=9
2026-09-20 13:41:51,13:41,2026-09-20,saga,9,三連複,2-5-10,22.0,22.0,4,https://www.keiba.go.jp/KeibaWeb/TodayRaceInfo/Odds3LenFuku?k_babaCode=32&k_raceDate=2026%2F09%2F20&k_raceNo=9
2026-09-20 13:41:51,13:41,2026-09-20,saga,9,三連複,2-5-14,22.5,22.5,5,https://www.keiba.go.jp/KeibaWeb/TodayRaceInfo/Odds3LenFuku?k_babaCode=32&k_raceDate=2026%2F09%2F20&k_raceNo=9
2026-09-20 13:41:51,13:41,2026-09-20,saga,9,三連複,1-5-14,23.7,23.7,6,https://www.keiba.go.jp/KeibaWeb/TodayRaceInfo/Odds3LenFuku?k_babaCode=32&k_raceDate=2026%2F09%2F20&k_raceNo=9
2026-09-20 13:41:51,13:41,2026-09-20,saga,9,三連複,1-5-10,24.3,24.3,7,https://www.keiba.go.jp/KeibaWeb/TodayRaceInfo/Odds3LenFuku?k_babaCode=32&k_raceDate=2026%2F09%2F20&k_raceNo=9
2026-09-20 13:41:51,13:41,2026-09-20,saga,9,三連複,9-10-14,30.8,30.8,8,https://www.keiba.go.jp/KeibaWeb/TodayRaceInfo/Odds3LenFuku?k_babaCode=32&k_raceDate=2026%2F09%2F20&k_raceNo=9
2026-09-20 13:41:51,13:41,2026-09-20,saga,9,三連複,1-2-14,34.2,34.2,9,https://www.keiba.go.jp/KeibaWeb/TodayRaceInfo/Odds3LenFuku?k_babaCode=32&k_raceDate=2026%2F09%2F20&k_raceNo=9
2026-09-20 13:41:51,13:41,2026-09-20,saga,9,三連複,1-9-14,34.2,34.2,9,https://www.keiba.go.jp/KeibaWeb/TodayRaceInfo/Odds3LenFuku?k_babaCode=32&k_raceDate=2026%2F09%2F20&k_raceNo=9
2026-09-20 13:41:51,13:41,2026-09-20,saga,9,三連複,4-10-14,35.5,35.5,11,https://www.keiba.go.jp/KeibaWeb/TodayRaceInfo/Odds3LenFuku?k_babaCode=32&k_raceDate=2026%2F09%2F20&k_raceNo=9
2026-09-20 13:41:51,13:41,2026-09-20,saga,9,三連複,1-2-5,37.0,37.0,12,https://www.keiba.go.jp/KeibaWeb/TodayRaceInfo/Odds3LenFuku?k_babaCode=32&k_raceDate=2026%2F09%2F20&k_raceNo=9
2026-09-20 13:41:51,13:41,2026-09-20,saga,9,三連複,6-10-14,37.0,37.0,12,https://www.keiba.go.jp/KeibaWeb/TodayRaceInfo/Odds3LenFuku?k_babaCode=32&k_raceDate=2026%2F09%2F20&k_raceNo=9
2026-09-20 13:41:51,13:41,2026-09-20,saga,9,三連複,7-10-14,42.0,42.0,14,https://www.keiba.go.jp/KeibaWeb/TodayRaceInfo/Odds3LenFuku?k_babaCode=32&k_raceDate=2026%2F09%2F20&k_raceNo=9
2026-09-20 13:41:51,13:41,2026-09-20,saga,9,三連複,4-6-10,46.2,46.2,15,https://www.keiba.go.jp/KeibaWeb/TodayRaceInfo/Odds3LenFuku?k_babaCode=32&k_raceDate=2026%2F09%2F20&k_raceNo=9
2026-09-20 13:41:51,13:41,2026-09-20,saga,9,三連複,1-2-10,48.6,48.6,16,https://www.keiba.go.jp/KeibaWeb/TodayRaceInfo/Odds3LenFuku?k_babaCode=32&k_raceDate=2026%2F09%2F20&k_raceNo=9
2026-09-20 13:41:51,13:41,2026-09-20,saga,9,三連複,2-4-10,54.4,54.4,17,https://www.keiba.go.jp/KeibaWeb/TodayRaceInfo/Odds3LenFuku?k_babaCode=32&k_raceDate=2026%2F09%2F20&k_raceNo=9
2026-09-20 13:41:51,13:41,2026-09-20,saga,9,三連複,2-9-14,54.4,54.4,17,https://www.keiba.go.jp/KeibaWeb/TodayRaceInfo/Odds3LenFuku?k_babaCode=32&k_raceDate=2026%2F09%2F20&k_raceNo=9
2026-09-20 13:41:51,13:41,2026-09-20,saga,9,三連複,4-5-10,54.4,54.4,17,https://www.keiba.go.jp/KeibaWeb/TodayRaceInfo/Odds3LenFuku?k_babaCode=32&k_raceDate=2026%2F09%2F20&k_raceNo=9
2026-09-20 13:41:51,13:41,2026-09-20,saga,9,三連複,1-7-14,57.8,57.8,20,https://www.keiba.go.jp/KeibaWeb/TodayRaceInfo/Odds3LenFuku?k_babaCode=32&k_raceDate=2026%2F09%2F20&k_raceNo=9
2026-09-20 13:41:51,13:41,2026-09-20,saga,9,三連複,1-3-11,61.6,61.6,21,https://www.keiba.go.jp/KeibaWeb/TodayRaceInfo/Odds3LenFuku?k_babaCode=32&k_raceDate=2026%2F09%2F20&k_raceNo=9
2026-09-20 13:41:51,13:41,2026-09-20,saga,9,三連複,1-9-10,61.6,61.6,21,https://www.keiba.go.jp/KeibaWeb/TodayRaceInfo/Odds3LenFuku?k_babaCode=32&k_raceDate=2026%2F09%2F20&k_raceNo=9
2026-09-20 13:41:51,13:41,2026-09-20,saga,9,三連複,5-6-10,61.6,61.6,21,https://www.keiba.go.jp/KeibaWeb/TodayRaceInfo/Odds3LenFuku?k_babaCode=32&k_raceDate=2026%2F09%2F20&k_raceNo=9
2026-09-20 13:41:51,13:41,2026-09-20,saga,9,三連複,10-12-14,66.0,66.0,24,https://www.keiba.go.jp/KeibaWeb/TodayRaceInfo/Odds3LenFuku?k_babaCode=32&k_raceDate=2026%2F09%2F20&k_raceNo=9
2026-09-20 13:41:51,13:41,2026-09-20,saga,9,三連複,2-6-10,71.1,71.1,25,https://www.keiba.go.jp/KeibaWeb/TodayRaceInfo/Odds3LenFuku?k_babaCode=32&k_raceDate=2026%2F09%2F20&k_raceNo=9
2026-09-20 13:41:51,13:41,2026-09-20,saga,9,三連複,2-7-14,71.1,71.1,25,https://www.keiba.go.jp/KeibaWeb/TodayRaceInfo/Odds3LenFuku?k_babaCode=32&k_raceDate=2026%2F09%2F20&k_raceNo=9
2026-09-20 13:41:51,13:41,2026-09-20,saga,9,三連複,2-9-10,71.1,71.1,25,https://www.keiba.go.jp/KeibaWeb/TodayRaceInfo/Odds3LenFuku?k_babaCode=32&k_raceDate=2026%2F09%2F20&k_raceNo=9
2026-09-20 13:41:51,13:41,2026-09-20,saga,9,三連複,4-5-14,71.1,71.1,25,https://www.keiba.go.jp/KeibaWeb/TodayRaceInfo/Odds3LenFuku?k_babaCode=32&k_raceDate=2026%2F09%2F20&k_raceNo=9
2026-09-20 13:41:51,13:41,2026-09-20,saga,9,三連複,3-10-14,77.0,77.0,29,https://www.keiba.go.jp/KeibaWeb/TodayRaceInfo/Odds3LenFuku?k_babaCode=32&k_raceDate=2026%2F09%2F20&k_raceNo=9
2026-09-20 13:41:51,13:41,2026-09-20,saga,9,三連複,5-7-14,77.0,77.0,29,https://www.keiba.go.jp/KeibaWeb/TodayRaceInfo/Odds3LenFuku?k_babaCode=32&k_raceDate=2026%2F09%2F20&k_raceNo=9
2026-09-20 13:41:51,13:41,2026-09-20,saga,9,三連複,1-4-10,84.1,84.1,31,https://www.keiba.go.jp/KeibaWeb/TodayRaceInfo/Odds3LenFuku?k_babaCode=32&k_raceDate=2026%2F09%2F20&k_raceNo=9
2026-09-20 13:41:51,13:41,2026-09-20,saga,9,三連複,1-6-10,84.1,84.1,31,https://www.keiba.go.jp/KeibaWeb/TodayRaceInfo/Odds3LenFuku?k_babaCode=32&k_raceDate=2026%2F09%2F20&k_raceNo=9
2026-09-20 13:41:51,13:41,2026-09-20,saga,9,三連複,2-7-10,84.1,84.1,31,https://www.keiba.go.jp/KeibaWeb/TodayRaceInfo/Odds3LenFuku?k_babaCode=32&k_raceDate=2026%2F09%2F20&k_raceNo=9
2026-09-20 13:41:51,13:41,2026-09-20,saga,9,三連複,7-9-14,92.5,92.5,34,https://www.keiba.go.jp/KeibaWeb/TodayRaceInfo/Odds3LenFuku?k_babaCode=32&k_raceDate=2026%2F09%2F20&k_raceNo=9
2026-09-20 13:41:51,13:41,2026-09-20,saga,9,三連複,1-2-9,102.7,102.7,35,https://www.keiba.go.jp/KeibaWeb/TodayRaceInfo/Odds3LenFuku?k_babaCode=32&k_raceDate=2026%2F09%2F20&k_raceNo=9
2026-09-20 13:41:51,13:41,2026-09-20,saga,9,三連複,1-5-9,102.7,102.7,35,https://www.keiba.go.jp/KeibaWeb/TodayRaceInfo/Odds3LenFuku?k_babaCode=32&k_raceDate=2026%2F09%2F20&k_raceNo=9
2026-09-20 13:41:51,13:41,2026-09-20,saga,9,三連複,5-7-10,102.7,102.7,35,https://www.keiba.go.jp/KeibaWeb/TodayRaceInfo/Odds3LenFuku?k_babaCode=32&k_raceDate=2026%2F09%2F20&k_raceNo=9
2026-09-20 13:41:51,13:41,2026-09-20,saga,9,三連複,5-9-14,102.7,102.7,35,https://www.keiba.go.jp/KeibaWeb/TodayRaceInfo/Odds3LenFuku?k_babaCode=32&k_raceDate=2026%2F09%2F20&k_raceNo=9
2026-09-20 13:41:51,13:41,2026-09-20,saga,9,三連複,6-7-10,102.7,102.7,35,https://www.keiba.go.jp/KeibaWeb/TodayRaceInfo/Odds3LenFuku?k_babaCode=32&k_raceDate=2026%2F09%2F20&k_raceNo=9
2026-09-20 13:41:51,13:41,2026-09-20,saga,9,三連複,7-9-10,102.7,102.7,35,https://www.keiba.go.jp/KeibaWeb/TodayRaceInfo/Odds3LenFuku?k_babaCode=32&k_raceDate=2026%2F09%2F20&k_raceNo=9
2026-09-20 13:41:51,13:41,2026-09-20,saga,9,三連複,1-3-14,115.6,115.6,41,https://www.keiba.go.jp/KeibaWeb/TodayRaceInfo/Odds3LenFuku?k_babaCode=32&k_raceDate=2026%2F09%2F20&k_raceNo=9
2026-09-20 13:41:51,13:41,2026-09-20,saga,9,三連複,1-4-9,115.6,115.6,41,https://www.keiba.go.jp/KeibaWeb/TodayRaceInfo/Odds3LenFuku?k_babaCode=32&k_raceDate=2026%2F09%2F20&k_raceNo=9
2026-09-20 13:41:51,13:41,2026-09-20,saga,9,三連複,1-4-14,115.6,115.6,41,https://www.keiba.go.jp/KeibaWeb/TodayRaceInfo/Odds3LenFuku?k_babaCode=32&k_raceDate=2026%2F09%2F20&k_raceNo=9
2026-09-20 13:41:51,13:41,2026-09-20,saga,9,三連複,1-7-10,115.6,115.6,41,https://www.keiba.go.jp/KeibaWeb/TodayRaceInfo/Odds3LenFuku?k_babaCode=32&k_raceDate=2026%2F09%2F20&k_raceNo=9
2026-09-20 13:41:51,13:41,2026-09-20,saga,9,三連複,3-5-14,115.6,115.6,41,https://www.keiba.go.jp/KeibaWeb/TodayRaceInfo/Odds3LenFuku?k_babaCode=32&k_raceDate=2026%2F09%2F20&k_raceNo=9
2026-09-20 13:41:51,13:41,2026-09-20,saga,9,三連複,5-6-14,115.6,115.6,41,https://www.keiba.go.jp/KeibaWeb/TodayRaceInfo/Odds3LenFuku?k_babaCode=32&k_raceDate=2026%2F09%2F20&k_raceNo=9
2026-09-20 13:41:51,13:41,2026-09-20,saga,9,三連複,1-5-7,132.1,132.1,47,https://www.keiba.go.jp/KeibaWeb/TodayRaceInfo/Odds3LenFuku?k_babaCode=32&k_raceDate=2026%2F09%2F20&k_raceNo=9
2026-09-20 13:41:51,13:41,2026-09-20,saga,9,三連複,3-5-10,132.1,132.1,47,https://www.keiba.go.jp/KeibaWeb/TodayRaceInfo/Odds3LenFuku?k_babaCode=32&k_raceDate=2026%2F09%2F20&k_raceNo=9
2026-09-20 13:41:51,13:41,2026-09-20,saga,9,三連複,1-3-5,154.1,154.1,49,https://www.keiba.go.jp/KeibaWeb/TodayRaceInfo/Odds3LenFuku?k_babaCode=32&k_raceDate=2026%2F09%2F20&k_raceNo=9
2026-09-20 13:41:51,13:41,2026-09-20,saga,9,三連複,1-7-9,154.1,154.1,49,https://www.keiba.go.jp/KeibaWeb/TodayRaceInfo/Odds3LenFuku?k_babaCode=32&k_raceDate=2026%2F09%2F20&k_raceNo=9
2026-09-20 13:41:51,13:41,2026-09-20,saga,9,三連複,2-3-14,154.1,154.1,49,https://www.keiba.go.jp/KeibaWeb/TodayRaceInfo/Odds3LenFuku?k_babaCode=32&k_raceDate=2026%2F09%2F20&k_raceNo=9
2026-09-20 13:41:51,13:41,2026-09-20,saga,9,三連複,2-5-6,154.1,154.1,49,https://www.keiba.go.jp/KeibaWeb/TodayRaceInfo/Odds3LenFuku?k_babaCode=32&k_raceDate=2026%2F09%2F20&k_raceNo=9
2026-09-20 13:41:51,13:41,2026-09-20,saga,9,三連複,4-7-10,154.1,154.1,49,https://www.keiba.go.jp/KeibaWeb/TodayRaceInfo/Odds3LenFuku?k_babaCode=32&k_raceDate=2026%2F09%2F20&k_raceNo=9
2026-09-20 13:41:51,13:41,2026-09-20,saga,9,三連複,5-9-10,154.1,154.1,49,https://www.keiba.go.jp/KeibaWeb/TodayRaceInfo/Odds3LenFuku?k_babaCode=32&k_raceDate=2026%2F09%2F20&k_raceNo=9
2026-09-20 13:41:51,13:41,2026-09-20,saga,9,三連複,6-9-14,154.1,154.1,49,https://www.keiba.go.jp/KeibaWeb/TodayRaceInfo/Odds3LenFuku?k_babaCode=32&k_raceDate=2026%2F09%2F20&k_raceNo=9
2026-09-20 13:41:51,13:41,2026-09-20,saga,9,三連複,1-2-3,185.0,185.0,56,https://www.keiba.go.jp/KeibaWeb/TodayRaceInfo/Odds3LenFuku?k_babaCode=32&k_raceDate=2026%2F09%2F20&k_raceNo=9
2026-09-20 13:41:51,13:41,2026-09-20,saga,9,三連複,1-2-4,185.0,185.0,56,https://www.keiba.go.jp/KeibaWeb/TodayRaceInfo/Odds3LenFuku?k_babaCode=32&k_raceDate=2026%2F09%2F20&k_raceNo=9
2026-09-20 13:41:51,13:41,2026-09-20,saga,9,三連複,1-5-6,185.0,185.0,56,https://www.keiba.go.jp/KeibaWeb/TodayRaceInfo/Odds3LenFuku?k_babaCode=32&k_raceDate=2026%2F09%2F20&k_raceNo=9
2026-09-20 13:41:51,13:41,2026-09-20,saga,9,三連複,1-8-9,185.0,185.0,56,https://www.keiba.go.jp/KeibaWeb/TodayRaceInfo/Odds3LenFuku?k_babaCode=32&k_raceDate=2026%2F09%2F20&k_raceNo=9
2026-09-20 13:41:51,13:41,2026-09-20,saga,9,三連複,1-9-13,185.0,185.0,56,https://www.keiba.go.jp/KeibaWeb/TodayRaceInfo/Odds3LenFuku?k_babaCode=32&k_raceDate=2026%2F09%2F20&k_raceNo=9
2026-09-20 13:41:51,13:41,2026-09-20,saga,9,三連複,2-4-5,185.0,185.0,56,https://www.keiba.go.jp/KeibaWeb/TodayRaceInfo/Odds3LenFuku?k_babaCode=32&k_raceDate=2026%2F09%2F20&k_raceNo=9
2026-09-20 13:41:51,13:41,2026-09-20,saga,9,三連複,2-5-7,185.0,185.0,56,https://www.keiba.go.jp/KeibaWeb/TodayRaceInfo/Odds3LenFuku?k_babaCode=32&k_raceDate=2026%2F09%2F20&k_raceNo=9
2026-09-20 13:41:51,13:41,2026-09-20,saga,9,三連複,2-5-9,185.0,185.0,56,https://www.keiba.go.jp/KeibaWeb/TodayRaceInfo/Odds3LenFuku?k_babaCode=32&k_raceDate=2026%2F09%2F20&k_raceNo=9
2026-09-20 13:41:51,13:41,2026-09-20,saga,9,三連複,4-6-7,185.0,185.0,56,https://www.keiba.go.jp/KeibaWeb/TodayRaceInfo/Odds3LenFuku?k_babaCode=32&k_raceDate=2026%2F09%2F20&k_raceNo=9
2026-09-20 13:41:51,13:41,2026-09-20,saga,9,三連複,4-7-14,185.0,185.0,56,https://www.keiba.go.jp/KeibaWeb/TodayRaceInfo/Odds3LenFuku?k_babaCode=32&k_raceDate=2026%2F09%2F20&k_raceNo=9
2026-09-20 13:41:51,13:41,2026-09-20,saga,9,三連複,4-9-14,185.0,185.0,56,https://www.keiba.go.jp/KeibaWeb/TodayRaceInfo/Odds3LenFuku?k_babaCode=32&k_raceDate=2026%2F09%2F20&k_raceNo=9
2026-09-20 13:41:51,13:41,2026-09-20,saga,9,三連複,1-2-6,231.2,231.2,67,https://www.keiba.go.jp/KeibaWeb/TodayRaceInfo/Odds3LenFuku?k_babaCode=32&k_raceDate=2026%2F09%2F20&k_raceNo=9
2026-09-20 13:41:51,13:41,2026-09-20,saga,9,三連複,1-3-10,231.2,231.2,67,https://www.keiba.go.jp/KeibaWeb/TodayRaceInfo/Odds3LenFuku?k_babaCode=32&k_raceDate=2026%2F09%2F20&k_raceNo=9
2026-09-20 13:41:51,13:41,2026-09-20,saga,9,三連複,1-4-5,231.2,231.2,67,https://www.keiba.go.jp/KeibaWeb/TodayRaceInfo/Odds3LenFuku?k_babaCode=32&k_raceDate=2026%2F09%2F20&k_raceNo=9
2026-09-20 13:41:51,13:41,2026-09-20,saga,9,三連複,2-3-6,231.2,231.2,67,https://www.keiba.go.jp/KeibaWeb/TodayRaceInfo/Odds3LenFuku?k_babaCode=32&k_raceDate=2026%2F09%2F20&k_raceNo=9
2026-09-20 13:41:51,13:41,2026-09-20,saga,9,三連複,2-4-14,231.2,231.2,67,https://www.keiba.go.jp/KeibaWeb/TodayRaceInfo/Odds3LenFuku?k_babaCode=32&k_raceDate=2026%2F09%2F20&k_raceNo=9
2026-09-20 13:41:51,13:41,2026-09-20,saga,9,三連複,2-6-14,231.2,231.2,67,https://www.keiba.go.jp/KeibaWeb/TodayRaceInfo/Odds3LenFuku?k_babaCode=32&k_raceDate=2026%2F09%2F20&k_raceNo=9
2026-09-20 13:41:51,13:41,2026-09-20,saga,9,三連複,2-8-12,231.2,231.2,67,https://www.keiba.go.jp/KeibaWeb/TodayRaceInfo/Odds3LenFuku?k_babaCode=32&k_raceDate=2026%2F09%2F20&k_raceNo=9
2026-09-20 13:41:51,13:41,2026-09-20,saga,9,三連複,3-6-9,231.2,231.2,67,https://www.keiba.go.jp/KeibaWeb/TodayRaceInfo/Odds3LenFuku?k_babaCode=32&k_raceDate=2026%2F09%2F20&k_raceNo=9
2026-09-20 13:41:51,13:41,2026-09-20,saga,9,三連複,3-6-14,231.2,231.2,67,https://www.keiba.go.jp/KeibaWeb/TodayRaceInfo/Odds3LenFuku?k_babaCode=32&k_raceDate=2026%2F09%2F20&k_raceNo=9
2026-09-20 13:41:51,13:41,2026-09-20,saga,9,三連複,5-8-10,231.2,231.2,67,https://www.keiba.go.jp/KeibaWeb/TodayRaceInfo/Odds3LenFuku?k_babaCode=32&k_raceDate=2026%2F09%2F20&k_raceNo=9
2026-09-20 13:41:51,13:41,2026-09-20,saga,9,三連複,9-13-14,231.2,231.2,67,https://www.keiba.go.jp/KeibaWeb/TodayRaceInfo/Odds3LenFuku?k_babaCode=32&k_raceDate=2026%2F09%2F20&k_raceNo=9
2026-09-20 13:41:51,13:41,2026-09-20,saga,9,三連複,1-2-11,308.3,308.3,78,https://www.keiba.go.jp/KeibaWeb/TodayRaceInfo/Odds3LenFuku?k_babaCode=32&k_raceDate=2026%2F09%2F20&k_raceNo=9
2026-09-20 13:41:51,13:41,2026-09-20,saga,9,三連複,1-3-4,308.3,308.3,78,https://www.keiba.go.jp/KeibaWeb/TodayRaceInfo/Odds3LenFuku?k_babaCode=32&k_raceDate=2026%2F09%2F20&k_raceNo=9
2026-09-20 13:41:51,13:41,2026-09-20,saga,9,三連複,1-3-9,308.3,308.3,78,https://www.keiba.go.jp/KeibaWeb/TodayRaceInfo/Odds3LenFuku?k_babaCode=32&k_raceDate=2026%2F09%2F20&k_raceNo=9
2026-09-20 13:41:51,13:41,2026-09-20,saga,9,三連複,1-5-13,308.3,308.3,78,https://www.keiba.go.jp/KeibaWeb/TodayRaceInfo/Odds3LenFuku?k_babaCode=32&k_raceDate=2026%2F09%2F20&k_raceNo=9
2026-09-20 13:41:51,13:41,2026-09-20,saga,9,三連複,1-6-9,308.3,308.3,78,https://www.keiba.go.jp/KeibaWeb/TodayRaceInfo/Odds3LenFuku?k_babaCode=32&k_raceDate=2026%2F09%2F20&k_raceNo=9
2026-09-20 13:41:51,13:41,2026-09-20,saga,9,三連複,1-6-14,308.3,308.3,78,https://www.keiba.go.jp/KeibaWeb/TodayRaceInfo/Odds3LenFuku?k_babaCode=32&k_raceDate=2026%2F09%2F20&k_raceNo=9
2026-09-20 13:41:51,13:41,2026-09-20,saga,9,三連複,1-9-11,308.3,308.3,78,https://www.keiba.go.jp/KeibaWeb/TodayRaceInfo/Odds3LenFuku?k_babaCode=32&k_raceDate=2026%2F09%2F20&k_raceNo=9
2026-09-20 13:41:51,13:41,2026-09-20,saga,9,三連複,2-4-6,308.3,308.3,78,https://www.keiba.go.jp/KeibaWeb/TodayRaceInfo/Odds3LenFuku?k_babaCode=32&k_raceDate=2026%2F09%2F20&k_raceNo=9
2026-09-20 13:41:51,13:41,2026-09-20,saga,9,三連複,2-5-12,308.3,308.3,78,https://www.keiba.go.jp/KeibaWeb/TodayRaceInfo/Odds3LenFuku?k_babaCode=32&k_raceDate=2026%2F09%2F20&k_raceNo=9
2026-09-20 13:41:51,13:41,2026-09-20,saga,9,三連複,2-10-12,308.3,308.3,78,https://www.keiba.go.jp/KeibaWeb/TodayRaceInfo/Odds3LenFuku?k_babaCode=32&k_raceDate=2026%2F09%2F20&k_raceNo=9
2026-09-20 13:41:51,13:41,2026-09-20,saga,9,三連複,2-11-14,308.3,308.3,78,https://www.keiba.go.jp/KeibaWeb/TodayRaceInfo/Odds3LenFuku?k_babaCode=32&k_raceDate=2026%2F09%2F20&k_raceNo=9
2026-09-20 13:41:51,13:41,2026-09-20,saga,9,三連複,2-13-14,308.3,308.3,78,https://www.keiba.go.jp/KeibaWeb/TodayRaceInfo/Odds3LenFuku?k_babaCode=32&k_raceDate=2026%2F09%2F20&k_raceNo=9
2026-09-20 13:41:51,13:41,2026-09-20,saga,9,三連複,3-5-7,308.3,308.3,78,https://www.keiba.go.jp/KeibaWeb/TodayRaceInfo/Odds3LenFuku?k_babaCode=32&k_raceDate=2026%2F09%2F20&k_raceNo=9
2026-09-20 13:41:51,13:41,2026-09-20,saga,9,三連複,3-7-10,308.3,308.3,78,https://www.keiba.go.jp/KeibaWeb/TodayRaceInfo/Odds3LenFuku?k_babaCode=32&k_raceDate=2026%2F09%2F20&k_raceNo=9
2026-09-20 13:41:51,13:41,2026-09-20,saga,9,三連複,3-9-14,308.3,308.3,78,https://www.keiba.go.jp/KeibaWeb/TodayRaceInfo/Odds3LenFuku?k_babaCode=32&k_raceDate=2026%2F09%2F20&k_raceNo=9
2026-09-20 13:41:51,13:41,2026-09-20,saga,9,三連複,4-5-6,308.3,308.3,78,https://www.keiba.go.jp/KeibaWeb/TodayRaceInfo/Odds3LenFuku?k_babaCode=32&k_raceDate=2026%2F09%2F20&k_raceNo=9
2026-09-20 13:41:51,13:41,2026-09-20,saga,9,三連複,4-6-14,308.3,308.3,78,https://www.keiba.go.jp/KeibaWeb/TodayRaceInfo/Odds3LenFuku?k_babaCode=32&k_raceDate=2026%2F09%2F20&k_raceNo=9
2026-09-20 13:41:51,13:41,2026-09-20,saga,9,三連複,5-6-12,308.3,308.3,78,https://www.keiba.go.jp/KeibaWeb/TodayRaceInfo/Odds3LenFuku?k_babaCode=32&k_raceDate=2026%2F09%2F20&k_raceNo=9
2026-09-20 13:41:51,13:41,2026-09-20,saga,9,三連複,5-10-12,308.3,308.3,78,https://www.keiba.go.jp/KeibaWeb/TodayRaceInfo/Odds3LenFuku?k_babaCode=32&k_raceDate=2026%2F09%2F20&k_raceNo=9
2026-09-20 13:41:51,13:41,2026-09-20,saga,9,三連複,6-7-14,308.3,308.3,78,https://www.keiba.go.jp/KeibaWeb/TodayRaceInfo/Odds3LenFuku?k_babaCode=32&k_raceDate=2026%2F09%2F20&k_raceNo=9
2026-09-20 13:41:51,13:41,2026-09-20,saga,9,三連複,6-9-10,308.3,308.3,78,https://www.keiba.go.jp/KeibaWeb/TodayRaceInfo/Odds3LenFuku?k_babaCode=32&k_raceDate=2026%2F09%2F20&k_raceNo=9
2026-09-20 13:41:51,13:41,2026-09-20,saga,9,三連複,7-10-12,308.3,308.3,78,https://www.keiba.go.jp/KeibaWeb/TodayRaceInfo/Odds3LenFuku?k_babaCode=32&k_raceDate=2026%2F09%2F20&k_raceNo=9
2026-09-20 13:41:51,13:41,2026-09-20,saga,9,三連複,7-10-13,308.3,308.3,78,https://www.keiba.go.jp/KeibaWeb/TodayRaceInfo/Odds3LenFuku?k_babaCode=32&k_raceDate=2026%2F09%2F20&k_raceNo=9
2026-09-20 13:41:51,13:41,2026-09-20,saga,9,三連複,8-9-14,308.3,308.3,78,https://www.keiba.go.jp/KeibaWeb/TodayRaceInfo/Odds3LenFuku?k_babaCode=32&k_raceDate=2026%2F09%2F20&k_raceNo=9
2026-09-20 13:41:51,13:41,2026-09-20,saga,9,三連複,8-10-14,308.3,308.3,78,https://www.keiba.go.jp/KeibaWeb/TodayRaceInfo/Odds3LenFuku?k_babaCode=32&k_raceDate=2026%2F09%2F20&k_raceNo=9
2026-09-20 13:41:51,13:41,2026-09-20,saga,9,三連複,10-11-14,308.3,308.3,78,https://www.keiba.go.jp/KeibaWeb/TodayRaceInfo/Odds3LenFuku?k_babaCode=32&k_raceDate=2026%2F09%2F20&k_raceNo=9
2026-09-20 13:41:51,13:41,2026-09-20,saga,9,三連複,10-13-14,308.3,308.3,78,https://www.keiba.go.jp/KeibaWeb/TodayRaceInfo/Odds3LenFuku?k_babaCode=32&k_raceDate=2026%2F09%2F20&k_raceNo=9
2026-09-20 13:41:51,13:41,2026-09-20,saga,9,三連複,12-13-14,308.3,308.3,78,https://www.keiba.go.jp/KeibaWeb/TodayRaceInfo/Odds3LenFuku?k_babaCode=32&k_raceDate=2026%2F09%2F20&k_raceNo=9
2026-09-20 13:41:51,13:41,2026-09-20,saga,9,三連複,1-2-7,462.5,462.5,106,https://www.keiba.go.jp/KeibaWeb/TodayRaceInfo/Odds3LenFuku?k_babaCode=32&k_raceDate=2026%2F09%2F20&k_raceNo=9
2026-09-20 13:41:51,13:41,2026-09-20,saga,9,三連複,1-3-7,462.5,462.5,106,https://www.keiba.go.jp/KeibaWeb/TodayRaceInfo/Odds3LenFuku?k_babaCode=32&k_raceDate=2026%2F09%2F20&k_raceNo=9
2026-09-20 13:41:51,13:41,2026-09-20,saga,9,三連複,1-4-6,462.5,462.5,106,https://www.keiba.go.jp/KeibaWeb/TodayRaceInfo/Odds3LenFuku?k_babaCode=32&k_raceDate=2026%2F09%2F20&k_raceNo=9
2026-09-20 13:41:51,13:41,2026-09-20,saga,9,三連複,1-4-8,462.5,462.5,106,https://www.keiba.go.jp/KeibaWeb/TodayRaceInfo/Odds3LenFuku?k_babaCode=32&k_raceDate=2026%2F09%2F20&k_raceNo=9
2026-09-20 13:41:51,13:41,2026-09-20,saga,9,三連複,1-5-12,462.5,462.5,106,https://www.keiba.go.jp/KeibaWeb/TodayRaceInfo/Odds3LenFuku?k_babaCode=32&k_raceDate=2026%2F09%2F20&k_raceNo=9
2026-09-20 13:41:51,13:41,2026-09-20,saga,9,三連複,1-7-11,462.5,462.5,106,https://www.keiba.go.jp/KeibaWeb/TodayRaceInfo/Odds3LenFuku?k_babaCode=32&k_raceDate=2026%2F09%2F20&k_raceNo=9
2026-09-20 13:41:51,13:41,2026-09-20,saga,9,三連複,1-7-13,462.5,462.5,106,https://www.keiba.go.jp/KeibaWeb/TodayRaceInfo/Odds3LenFuku?k_babaCode=32&k_raceDate=2026%2F09%2F20&k_raceNo=9
2026-09-20 13:41:51,13:41,2026-09-20,saga,9,三連複,1-9-12,462.5,462.5,106,https://www.keiba.go.jp/KeibaWeb/TodayRaceInfo/Odds3LenFuku?k_babaCode=32&k_raceDate=2026%2F09%2F20&k_raceNo=9
2026-09-20 13:41:51,13:41,2026-09-20,saga,9,三連複,1-13-14,462.5,462.5,106,https://www.keiba.go.jp/KeibaWeb/TodayRaceInfo/Odds3LenFuku?k_babaCode=32&k_raceDate=2026%2F09%2F20&k_raceNo=9
2026-09-20 13:41:51,13:41,2026-09-20,saga,9,三連複,2-3-5,462.5,462.5,106,https://www.keiba.go.jp/KeibaWeb/TodayRaceInfo/Odds3LenFuku?k_babaCode=32&k_raceDate=2026%2F09%2F20&k_raceNo=9
2026-09-20 13:41:51,13:41,2026-09-20,saga,9,三連複,2-4-7,462.5,462.5,106,https://www.keiba.go.jp/KeibaWeb/TodayRaceInfo/Odds3LenFuku?k_babaCode=32&k_raceDate=2026%2F09%2F20&k_raceNo=9
2026-09-20 13:41:51,13:41,2026-09-20,saga,9,三連複,2-7-9,462.5,462.5,106,https://www.keiba.go.jp/KeibaWeb/TodayRaceInfo/Odds3LenFuku?k_babaCode=32&k_raceDate=2026%2F09%2F20&k_raceNo=9
2026-09-20 13:41:51,13:41,2026-09-20,saga,9,三連複,2-9-11,462.5,462.5,106,https://www.keiba.go.jp/KeibaWeb/TodayRaceInfo/Odds3LenFuku?k_babaCode=32&k_raceDate=2026%2F09%2F20&k_raceNo=9
2026-09-20 13:41:51,13:41,2026-09-20,saga,9,三連複,2-10-11,462.5,462.5,106,https://www.keiba.go.jp/KeibaWeb/TodayRaceInfo/Odds3LenFuku?k_babaCode=32&k_raceDate=2026%2F09%2F20&k_raceNo=9
2026-09-20 13:41:51,13:41,2026-09-20,saga,9,三連複,2-11-12,462.5,462.5,106,https://www.keiba.go.jp/KeibaWeb/TodayRaceInfo/Odds3LenFuku?k_babaCode=32&k_raceDate=2026%2F09%2F20&k_raceNo=9
2026-09-20 13:41:51,13:41,2026-09-20,saga,9,三連複,2-12-14,462.5,462.5,106,https://www.keiba.go.jp/KeibaWeb/TodayRaceInfo/Odds3LenFuku?k_babaCode=32&k_raceDate=2026%2F09%2F20&k_raceNo=9
2026-09-20 13:41:51,13:41,2026-09-20,saga,9,三連複,3-4-5,462.5,462.5,106,https://www.keiba.go.jp/KeibaWeb/TodayRaceInfo/Odds3LenFuku?k_babaCode=32&k_raceDate=2026%2F09%2F20&k_raceNo=9
2026-09-20 13:41:51,13:41,2026-09-20,saga,9,三連複,3-4-10,462.5,462.5,106,https://www.keiba.go.jp/KeibaWeb/TodayRaceInfo/Odds3LenFuku?k_babaCode=32&k_raceDate=2026%2F09%2F20&k_raceNo=9
2026-09-20 13:41:51,13:41,2026-09-20,saga,9,三連複,3-5-6,462.5,462.5,106,https://www.keiba.go.jp/KeibaWeb/TodayRaceInfo/Odds3LenFuku?k_babaCode=32&k_raceDate=2026%2F09%2F20&k_raceNo=9
2026-09-20 13:41:51,13:41,2026-09-20,saga,9,三連複,3-6-10,462.5,462.5,106,https://www.keiba.go.jp/KeibaWeb/TodayRaceInfo/Odds3LenFuku?k_babaCode=32&k_raceDate=2026%2F09%2F20&k_raceNo=9
2026-09-20 13:41:51,13:41,2026-09-20,saga,9,三連複,3-9-10,462.5,462.5,106,https://www.keiba.go.jp/KeibaWeb/TodayRaceInfo/Odds3LenFuku?k_babaCode=32&k_raceDate=2026%2F09%2F20&k_raceNo=9
2026-09-20 13:41:51,13:41,2026-09-20,saga,9,三連複,3-9-13,462.5,462.5,106,https://www.keiba.go.jp/KeibaWeb/TodayRaceInfo/Odds3LenFuku?k_babaCode=32&k_raceDate=2026%2F09%2F20&k_raceNo=9
2026-09-20 13:41:51,13:41,2026-09-20,saga,9,三連複,4-5-7,462.5,462.5,106,https://www.keiba.go.jp/KeibaWeb/TodayRaceInfo/Odds3LenFuku?k_babaCode=32&k_raceDate=2026%2F09%2F20&k_raceNo=9
2026-09-20 13:41:51,13:41,2026-09-20,saga,9,三連複,4-9-10,462.5,462.5,106,https://www.keiba.go.jp/KeibaWeb/TodayRaceInfo/Odds3LenFuku?k_babaCode=32&k_raceDate=2026%2F09%2F20&k_raceNo=9
2026-09-20 13:41:51,13:41,2026-09-20,saga,9,三連複,4-10-12,462.5,462.5,106,https://www.keiba.go.jp/KeibaWeb/TodayRaceInfo/Odds3LenFuku?k_babaCode=32&k_raceDate=2026%2F09%2F20&k_raceNo=9
2026-09-20 13:41:51,13:41,2026-09-20,saga,9,三連複,5-7-9,462.5,462.5,106,https://www.keiba.go.jp/KeibaWeb/TodayRaceInfo/Odds3LenFuku?k_babaCode=32&k_raceDate=2026%2F09%2F20&k_raceNo=9
2026-09-20 13:41:51,13:41,2026-09-20,saga,9,三連複,5-7-13,462.5,462.5,106,https://www.keiba.go.jp/KeibaWeb/TodayRaceInfo/Odds3LenFuku?k_babaCode=32&k_raceDate=2026%2F09%2F20&k_raceNo=9
2026-09-20 13:41:51,13:41,2026-09-20,saga,9,三連複,5-9-13,462.5,462.5,106,https://www.keiba.go.jp/KeibaWeb/TodayRaceInfo/Odds3LenFuku?k_babaCode=32&k_raceDate=2026%2F09%2F20&k_raceNo=9
2026-09-20 13:41:51,13:41,2026-09-20,saga,9,三連複,6-8-14,462.5,462.5,106,https://www.keiba.go.jp/KeibaWeb/TodayRaceInfo/Odds3LenFuku?k_babaCode=32&k_raceDate=2026%2F09%2F20&k_raceNo=9
2026-09-20 13:41:51,13:41,2026-09-20,saga,9,三連複,6-9-13,462.5,462.5,106,https://www.keiba.go.jp/KeibaWeb/TodayRaceInfo/Odds3LenFuku?k_babaCode=32&k_raceDate=2026%2F09%2F20&k_raceNo=9
2026-09-20 13:41:51,13:41,2026-09-20,saga,9,三連複,8-9-10,462.5,462.5,106,https://www.keiba.go.jp/KeibaWeb/TodayRaceInfo/Odds3LenFuku?k_babaCode=32&k_raceDate=2026%2F09%2F20&k_raceNo=9
2026-09-20 13:41:51,13:41,2026-09-20,saga,9,三連複,9-10-13,462.5,462.5,106,https://www.keiba.go.jp/KeibaWeb/TodayRaceInfo/Odds3LenFuku?k_babaCode=32&k_raceDate=2026%2F09%2F20&k_raceNo=9
2026-09-20 13:41:51,13:41,2026-09-20,saga,9,三連複,1-2-8,925.1,925.1,138,https://www.keiba.go.jp/KeibaWeb/TodayRaceInfo/Odds3LenFuku?k_babaCode=32&k_raceDate=2026%2F09%2F20&k_raceNo=9
2026-09-20 13:41:51,13:41,2026-09-20,saga,9,三連複,1-2-12,925.1,925.1,138,https://www.keiba.go.jp/KeibaWeb/TodayRaceInfo/Odds3LenFuku?k_babaCode=32&k_raceDate=2026%2F09%2F20&k_raceNo=9
2026-09-20 13:41:51,13:41,2026-09-20,saga,9,三連複,1-2-13,925.1,925.1,138,https://www.keiba.go.jp/KeibaWeb/TodayRaceInfo/Odds3LenFuku?k_babaCode=32&k_raceDate=2026%2F09%2F20&k_raceNo=9
2026-09-20 13:41:51,13:41,2026-09-20,saga,9,三連複,1-3-6,925.1,925.1,138,https://www.keiba.go.jp/KeibaWeb/TodayRaceInfo/Odds3LenFuku?k_babaCode=32&k_raceDate=2026%2F09%2F20&k_raceNo=9
2026-09-20 13:41:51,13:41,2026-09-20,saga,9,三連複,1-4-7,925.1,925.1,138,https://www.keiba.go.jp/KeibaWeb/TodayRaceInfo/Odds3LenFuku?k_babaCode=32&k_raceDate=2026%2F09%2F20&k_raceNo=9
2026-09-20 13:41:51,13:41,2026-09-20,saga,9,三連複,1-4-12,925.1,925.1,138,https://www.keiba.go.jp/KeibaWeb/TodayRaceInfo/Odds3LenFuku?k_babaCode=32&k_raceDate=2026%2F09%2F20&k_raceNo=9
2026-09-20 13:41:51,13:41,2026-09-20,saga,9,三連複,1-8-10,925.1,925.1,138,https://www.keiba.go.jp/KeibaWeb/TodayRaceInfo/Odds3LenFuku?k_babaCode=32&k_raceDate=2026%2F09%2F20&k_raceNo=9
2026-09-20 13:41:51,13:41,2026-09-20,saga,9,三連複,1-8-13,925.1,925.1,138,https://www.keiba.go.jp/KeibaWeb/TodayRaceInfo/Odds3LenFuku?k_babaCode=32&k_raceDate=2026%2F09%2F20&k_raceNo=9
2026-09-20 13:41:51,13:41,2026-09-20,saga,9,三連複,1-10-12,925.1,925.1,138,https://www.keiba.go.jp/KeibaWeb/TodayRaceInfo/Odds3LenFuku?k_babaCode=32&k_raceDate=2026%2F09%2F20&k_raceNo=9
2026-09-20 13:41:51,13:41,2026-09-20,saga,9,三連複,1-11-12,925.1,925.1,138,https://www.keiba.go.jp/KeibaWeb/TodayRaceInfo/Odds3LenFuku?k_babaCode=32&k_raceDate=2026%2F09%2F20&k_raceNo=9
2026-09-20 13:41:51,13:41,2026-09-20,saga,9,三連複,1-11-14,925.1,925.1,138,https://www.keiba.go.jp/KeibaWeb/TodayRaceInfo/Odds3LenFuku?k_babaCode=32&k_raceDate=2026%2F09%2F20&k_raceNo=9
2026-09-20 13:41:51,13:41,2026-09-20,saga,9,三連複,1-12-14,925.1,925.1,138,https://www.keiba.go.jp/KeibaWeb/TodayRaceInfo/Odds3LenFuku?k_babaCode=32&k_raceDate=2026%2F09%2F20&k_raceNo=9
2026-09-20 13:41:51,13:41,2026-09-20,saga,9,三連複,2-3-4,925.1,925.1,138,https://www.keiba.go.jp/KeibaWeb/TodayRaceInfo/Odds3LenFuku?k_babaCode=32&k_raceDate=2026%2F09%2F20&k_raceNo=9
2026-09-20 13:41:51,13:41,2026-09-20,saga,9,三連複,2-3-8,925.1,925.1,138,https://www.keiba.go.jp/KeibaWeb/TodayRaceInfo/Odds3LenFuku?k_babaCode=32&k_raceDate=2026%2F09%2F20&k_raceNo=9
2026-09-20 13:41:51,13:41,2026-09-20,saga,9,三連複,2-3-11,925.1,925.1,138,https://www.keiba.go.jp/KeibaWeb/TodayRaceInfo/Odds3LenFuku?k_babaCode=32&k_raceDate=2026%2F09%2F20&k_raceNo=9
2026-09-20 13:41:51,13:41,2026-09-20,saga,9,三連複,2-4-9,925.1,925.1,138,https://www.keiba.go.jp/KeibaWeb/TodayRaceInfo/Odds3LenFuku?k_babaCode=32&k_raceDate=2026%2F09%2F20&k_raceNo=9
2026-09-20 13:41:51,13:41,2026-09-20,saga,9,三連複,2-4-12,925.1,925.1,138,https://www.keiba.go.jp/KeibaWeb/TodayRaceInfo/Odds3LenFuku?k_babaCode=32&k_raceDate=2026%2F09%2F20&k_raceNo=9
2026-09-20 13:41:51,13:41,2026-09-20,saga,9,三連複,2-5-8,925.1,925.1,138,https://www.keiba.go.jp/KeibaWeb/TodayRaceInfo/Odds3LenFuku?k_babaCode=32&k_raceDate=2026%2F09%2F20&k_raceNo=9
2026-09-20 13:41:51,13:41,2026-09-20,saga,9,三連複,2-6-7,925.1,925.1,138,https://www.keiba.go.jp/KeibaWeb/TodayRaceInfo/Odds3LenFuku?k_babaCode=32&k_raceDate=2026%2F09%2F20&k_raceNo=9
2026-09-20 13:41:51,13:41,2026-09-20,saga,9,三連複,2-6-8,925.1,925.1,138,https://www.keiba.go.jp/KeibaWeb/TodayRaceInfo/Odds3LenFuku?k_babaCode=32&k_raceDate=2026%2F09%2F20&k_raceNo=9
2026-09-20 13:41:51,13:41,2026-09-20,saga,9,三連複,2-6-9,925.1,925.1,138,https://www.keiba.go.jp/KeibaWeb/TodayRaceInfo/Odds3LenFuku?k_babaCode=32&k_raceDate=2026%2F09%2F20&k_raceNo=9
2026-09-20 13:41:51,13:41,2026-09-20,saga,9,三連複,2-6-11,925.1,925.1,138,https://www.keiba.go.jp/KeibaWeb/TodayRaceInfo/Odds3LenFuku?k_babaCode=32&k_raceDate=2026%2F09%2F20&k_raceNo=9
2026-09-20 13:41:51,13:41,2026-09-20,saga,9,三連複,2-6-13,925.1,925.1,138,https://www.keiba.go.jp/KeibaWeb/TodayRaceInfo/Odds3LenFuku?k_babaCode=32&k_raceDate=2026%2F09%2F20&k_raceNo=9
2026-09-20 13:41:51,13:41,2026-09-20,saga,9,三連複,2-8-9,925.1,925.1,138,https://www.keiba.go.jp/KeibaWeb/TodayRaceInfo/Odds3LenFuku?k_babaCode=32&k_raceDate=2026%2F09%2F20&k_raceNo=9
2026-09-20 13:41:51,13:41,2026-09-20,saga,9,三連複,2-8-10,925.1,925.1,138,https://www.keiba.go.jp/KeibaWeb/TodayRaceInfo/Odds3LenFuku?k_babaCode=32&k_raceDate=2026%2F09%2F20&k_raceNo=9
2026-09-20 13:41:51,13:41,2026-09-20,saga,9,三連複,2-8-14,925.1,925.1,138,https://www.keiba.go.jp/KeibaWeb/TodayRaceInfo/Odds3LenFuku?k_babaCode=32&k_raceDate=2026%2F09%2F20&k_raceNo=9
2026-09-20 13:41:51,13:41,2026-09-20,saga,9,三連複,2-9-12,925.1,925.1,138,https://www.keiba.go.jp/KeibaWeb/TodayRaceInfo/Odds3LenFuku?k_babaCode=32&k_raceDate=2026%2F09%2F20&k_raceNo=9
2026-09-20 13:41:51,13:41,2026-09-20,saga,9,三連複,2-9-13,925.1,925.1,138,https://www.keiba.go.jp/KeibaWeb/TodayRaceInfo/Odds3LenFuku?k_babaCode=32&k_raceDate=2026%2F09%2F20&k_raceNo=9
2026-09-20 13:41:51,13:41,2026-09-20,saga,9,三連複,2-11-13,925.1,925.1,138,https://www.keiba.go.jp/KeibaWeb/TodayRaceInfo/Odds3LenFuku?k_babaCode=32&k_raceDate=2026%2F09%2F20&k_raceNo=9
2026-09-20 13:41:51,13:41,2026-09-20,saga,9,三連複,2-12-13,925.1,925.1,138,https://www.keiba.go.jp/KeibaWeb/TodayRaceInfo/Odds3LenFuku?k_babaCode=32&k_raceDate=2026%2F09%2F20&k_raceNo=9
2026-09-20 13:41:51,13:41,2026-09-20,saga,9,三連複,3-4-6,925.1,925.1,138,https://www.keiba.go.jp/KeibaWeb/TodayRaceInfo/Odds3LenFuku?k_babaCode=32&k_raceDate=2026%2F09%2F20&k_raceNo=9
2026-09-20 13:41:51,13:41,2026-09-20,saga,9,三連複,3-4-8,925.1,925.1,138,https://www.keiba.go.jp/KeibaWeb/TodayRaceInfo/Odds3LenFuku?k_babaCode=32&k_raceDate=2026%2F09%2F20&k_raceNo=9
2026-09-20 13:41:51,13:41,2026-09-20,saga,9,三連複,3-4-14,925.1,925.1,138,https://www.keiba.go.jp/KeibaWeb/TodayRaceInfo/Odds3LenFuku?k_babaCode=32&k_raceDate=2026%2F09%2F20&k_raceNo=9
2026-09-20 13:41:51,13:41,2026-09-20,saga,9,三連複,3-6-7,925.1,925.1,138,https://www.keiba.go.jp/KeibaWeb/TodayRaceInfo/Odds3LenFuku?k_babaCode=32&k_raceDate=2026%2F09%2F20&k_raceNo=9
2026-09-20 13:41:51,13:41,2026-09-20,saga,9,三連複,3-6-12,925.1,925.1,138,https://www.keiba.go.jp/KeibaWeb/TodayRaceInfo/Odds3LenFuku?k_babaCode=32&k_raceDate=2026%2F09%2F20&k_raceNo=9
2026-09-20 13:41:51,13:41,2026-09-20,saga,9,三連複,3-7-11,925.1,925.1,138,https://www.keiba.go.jp/KeibaWeb/TodayRaceInfo/Odds3LenFuku?k_babaCode=32&k_raceDate=2026%2F09%2F20&k_raceNo=9
2026-09-20 13:41:51,13:41,2026-09-20,saga,9,三連複,3-7-14,925.1,925.1,138,https://www.keiba.go.jp/KeibaWeb/TodayRaceInfo/Odds3LenFuku?k_babaCode=32&k_raceDate=2026%2F09%2F20&k_raceNo=9
2026-09-20 13:41:51,13:41,2026-09-20,saga,9,三連複,3-8-9,925.1,925.1,138,https://www.keiba.go.jp/KeibaWeb/TodayRaceInfo/Odds3LenFuku?k_babaCode=32&k_raceDate=2026%2F09%2F20&k_raceNo=9
2026-09-20 13:41:51,13:41,2026-09-20,saga,9,三連複,3-8-11,925.1,925.1,138,https://www.keiba.go.jp/KeibaWeb/TodayRaceInfo/Odds3LenFuku?k_babaCode=32&k_raceDate=2026%2F09%2F20&k_raceNo=9
2026-09-20 13:41:51,13:41,2026-09-20,saga,9,三連複,3-9-12,925.1,925.1,138,https://www.keiba.go.jp/KeibaWeb/TodayRaceInfo/Odds3LenFuku?k_babaCode=32&k_raceDate=2026%2F09%2F20&k_raceNo=9
2026-09-20 13:41:51,13:41,2026-09-20,saga,9,三連複,3-11-14,925.1,925.1,138,https://www.keiba.go.jp/KeibaWeb/TodayRaceInfo/Odds3LenFuku?k_babaCode=32&k_raceDate=2026%2F09%2F20&k_raceNo=9
2026-09-20 13:41:51,13:41,2026-09-20,saga,9,三連複,3-12-13,925.1,925.1,138,https://www.keiba.go.jp/KeibaWeb/TodayRaceInfo/Odds3LenFuku?k_babaCode=32&k_raceDate=2026%2F09%2F20&k_raceNo=9
2026-09-20 13:41:51,13:41,2026-09-20,saga,9,三連複,4-5-8,925.1,925.1,138,https://www.keiba.go.jp/KeibaWeb/TodayRaceInfo/Odds3LenFuku?k_babaCode=32&k_raceDate=2026%2F09%2F20&k_raceNo=9
2026-09-20 13:41:51,13:41,2026-09-20,saga,9,三連複,4-5-9,925.1,925.1,138,https://www.keiba.go.jp/KeibaWeb/TodayRaceInfo/Odds3LenFuku?k_babaCode=32&k_raceDate=2026%2F09%2F20&k_raceNo=9
2026-09-20 13:41:51,13:41,2026-09-20,saga,9,三連複,4-5-11,925.1,925.1,138,https://www.keiba.go.jp/KeibaWeb/TodayRaceInfo/Odds3LenFuku?k_babaCode=32&k_raceDate=2026%2F09%2F20&k_raceNo=9
2026-09-20 13:41:51,13:41,2026-09-20,saga,9,三連複,4-5-12,925.1,925.1,138,https://www.keiba.go.jp/KeibaWeb/TodayRaceInfo/Odds3LenFuku?k_babaCode=32&k_raceDate=2026%2F09%2F20&k_raceNo=9
2026-09-20 13:41:51,13:41,2026-09-20,saga,9,三連複,4-5-13,925.1,925.1,138,https://www.keiba.go.jp/KeibaWeb/TodayRaceInfo/Odds3LenFuku?k_babaCode=32&k_raceDate=2026%2F09%2F20&k_raceNo=9
2026-09-20 13:41:51,13:41,2026-09-20,saga,9,三連複,4-6-11,925.1,925.1,138,https://www.keiba.go.jp/KeibaWeb/TodayRaceInfo/Odds3LenFuku?k_babaCode=32&k_raceDate=2026%2F09%2F20&k_raceNo=9
2026-09-20 13:41:51,13:41,2026-09-20,saga,9,三連複,4-8-10,925.1,925.1,138,https://www.keiba.go.jp/KeibaWeb/TodayRaceInfo/Odds3LenFuku?k_babaCode=32&k_raceDate=2026%2F09%2F20&k_raceNo=9
2026-09-20 13:41:51,13:41,2026-09-20,saga,9,三連複,4-8-14,925.1,925.1,138,https://www.keiba.go.jp/KeibaWeb/TodayRaceInfo/Odds3LenFuku?k_babaCode=32&k_raceDate=2026%2F09%2F20&k_raceNo=9
2026-09-20 13:41:51,13:41,2026-09-20,saga,9,三連複,4-11-14,925.1,925.1,138,https://www.keiba.go.jp/KeibaWeb/TodayRaceInfo/Odds3LenFuku?k_babaCode=32&k_raceDate=2026%2F09%2F20&k_raceNo=9
2026-09-20 13:41:51,13:41,2026-09-20,saga,9,三連複,4-12-14,925.1,925.1,138,https://www.keiba.go.jp/KeibaWeb/TodayRaceInfo/Odds3LenFuku?k_babaCode=32&k_raceDate=2026%2F09%2F20&k_raceNo=9
2026-09-20 13:41:51,13:41,2026-09-20,saga,9,三連複,4-13-14,925.1,925.1,138,https://www.keiba.go.jp/KeibaWeb/TodayRaceInfo/Odds3LenFuku?k_babaCode=32&k_raceDate=2026%2F09%2F20&k_raceNo=9
2026-09-20 13:41:51,13:41,2026-09-20,saga,9,三連複,5-6-13,925.1,925.1,138,https://www.keiba.go.jp/KeibaWeb/TodayRaceInfo/Odds3LenFuku?k_babaCode=32&k_raceDate=2026%2F09%2F20&k_raceNo=9
2026-09-20 13:41:51,13:41,2026-09-20,saga,9,三連複,5-8-9,925.1,925.1,138,https://www.keiba.go.jp/KeibaWeb/TodayRaceInfo/Odds3LenFuku?k_babaCode=32&k_raceDate=2026%2F09%2F20&k_raceNo=9
2026-09-20 13:41:51,13:41,2026-09-20,saga,9,三連複,5-10-11,925.1,925.1,138,https://www.keiba.go.jp/KeibaWeb/TodayRaceInfo/Odds3LenFuku?k_babaCode=32&k_raceDate=2026%2F09%2F20&k_raceNo=9
2026-09-20 13:41:51,13:41,2026-09-20,saga,9,三連複,5-11-14,925.1,925.1,138,https://www.keiba.go.jp/KeibaWeb/TodayRaceInfo/Odds3LenFuku?k_babaCode=32&k_raceDate=2026%2F09%2F20&k_raceNo=9
2026-09-20 13:41:51,13:41,2026-09-20,saga,9,三連複,5-13-14,925.1,925.1,138,https://www.keiba.go.jp/KeibaWeb/TodayRaceInfo/Odds3LenFuku?k_babaCode=32&k_raceDate=2026%2F09%2F20&k_raceNo=9
2026-09-20 13:41:51,13:41,2026-09-20,saga,9,三連複,6-7-12,925.1,925.1,138,https://www.keiba.go.jp/KeibaWeb/TodayRaceInfo/Odds3LenFuku?k_babaCode=32&k_raceDate=2026%2F09%2F20&k_raceNo=9
2026-09-20 13:41:51,13:41,2026-09-20,saga,9,三連複,6-8-12,925.1,925.1,138,https://www.keiba.go.jp/KeibaWeb/TodayRaceInfo/Odds3LenFuku?k_babaCode=32&k_raceDate=2026%2F09%2F20&k_raceNo=9
2026-09-20 13:41:51,13:41,2026-09-20,saga,9,三連複,6-10-11,925.1,925.1,138,https://www.keiba.go.jp/KeibaWeb/TodayRaceInfo/Odds3LenFuku?k_babaCode=32&k_raceDate=2026%2F09%2F20&k_raceNo=9
2026-09-20 13:41:51,13:41,2026-09-20,saga,9,三連複,6-10-12,925.1,925.1,138,https://www.keiba.go.jp/KeibaWeb/TodayRaceInfo/Odds3LenFuku?k_babaCode=32&k_raceDate=2026%2F09%2F20&k_raceNo=9
2026-09-20 13:41:51,13:41,2026-09-20,saga,9,三連複,7-9-13,925.1,925.1,138,https://www.keiba.go.jp/KeibaWeb/TodayRaceInfo/Odds3LenFuku?k_babaCode=32&k_raceDate=2026%2F09%2F20&k_raceNo=9
2026-09-20 13:41:51,13:41,2026-09-20,saga,9,三連複,7-13-14,925.1,925.1,138,https://www.keiba.go.jp/KeibaWeb/TodayRaceInfo/Odds3LenFuku?k_babaCode=32&k_raceDate=2026%2F09%2F20&k_raceNo=9
2026-09-20 13:41:51,13:41,2026-09-20,saga,9,三連複,8-9-11,925.1,925.1,138,https://www.keiba.go.jp/KeibaWeb/TodayRaceInfo/Odds3LenFuku?k_babaCode=32&k_raceDate=2026%2F09%2F20&k_raceNo=9
2026-09-20 13:41:51,13:41,2026-09-20,saga,9,三連複,8-9-12,925.1,925.1,138,https://www.keiba.go.jp/KeibaWeb/TodayRaceInfo/Odds3LenFuku?k_babaCode=32&k_raceDate=2026%2F09%2F20&k_raceNo=9
2026-09-20 13:41:51,13:41,2026-09-20,saga,9,三連複,8-9-13,925.1,925.1,138,https://www.keiba.go.jp/KeibaWeb/TodayRaceInfo/Odds3LenFuku?k_babaCode=32&k_raceDate=2026%2F09%2F20&k_raceNo=9
2026-09-20 13:41:51,13:41,2026-09-20,saga,9,三連複,8-12-14,925.1,925.1,138,https://www.keiba.go.jp/KeibaWeb/TodayRaceInfo/Odds3LenFuku?k_babaCode=32&k_raceDate=2026%2F09%2F20&k_raceNo=9
2026-09-20 13:41:51,13:41,2026-09-20,saga,9,三連複,9-10-11,925.1,925.1,138,https://www.keiba.go.jp/KeibaWeb/TodayRaceInfo/Odds3LenFuku?k_babaCode=32&k_raceDate=2026%2F09%2F20&k_raceNo=9
2026-09-20 13:41:51,13:41,2026-09-20,saga,9,三連複,9-11-12,925.1,925.1,138,https://www.keiba.go.jp/KeibaWeb/TodayRaceInfo/Odds3LenFuku?k_babaCode=32&k_raceDate=2026%2F09%2F20&k_raceNo=9
2026-09-20 13:41:51,13:41,2026-09-20,saga,9,三連複,9-11-14,925.1,925.1,138,https://www.keiba.go.jp/KeibaWeb/TodayRaceInfo/Odds3LenFuku?k_babaCode=32&k_raceDate=2026%2F09%2F20&k_raceNo=9
2026-09-20 13:41:51,13:41,2026-09-20,saga,9,三連複,9-12-13,925.1,925.1,138,https://www.keiba.go.jp/KeibaWeb/TodayRaceInfo/Odds3LenFuku?k_babaCode=32&k_raceDate=2026%2F09%2F20&k_raceNo=9
2026-09-20 13:41:51,13:41,2026-09-20,saga,9,三連複,9-12-14,925.1,925.1,138,https://www.keiba.go.jp/KeibaWeb/TodayRaceInfo/Odds3LenFuku?k_babaCode=32&k_raceDate=2026%2F09%2F20&k_raceNo=9
2026-09-20 13:41:51,13:41,2026-09-20,saga,9,三連複,10-12-13,925.1,925.1,138,https://www.keiba.go.jp/KeibaWeb/TodayRaceInfo/Odds3LenFuku?k_babaCode=32&k_raceDate=2026%2F09%2F20&k_raceNo=9
2026-09-20 13:41:51,13:41,2026-09-20,saga,9,三連複,11-12-13,925.1,925.1,138,https://www.keiba.go.jp/KeibaWeb/TodayRaceInfo/Odds3LenFuku?k_babaCode=32&k_raceDate=2026%2F09%2F20&k_raceNo=9
2026-09-20 13:41:51,13:41,2026-09-20,saga,9,三連複,11-12-14,925.1,925.1,138,https://www.keiba.go.jp/KeibaWeb/TodayRaceInfo/Odds3LenFuku?k_babaCode=32&k_raceDate=2026%2F09%2F20&k_raceNo=9
2026-09-20 13:41:51,13:41,2026-09-20,saga,9,三連複,11-13-14,925.1,925.1,138,https://www.keiba.go.jp/KeibaWeb/TodayRaceInfo/Odds3LenFuku?k_babaCode=32&k_raceDate=2026%2F09%2F20&k_raceNo=9
2026-09-20 13:41:51,13:41,2026-09-20,saga,9,三連複,1-3-8,0.0,0.0,215,https://www.keiba.go.jp/KeibaWeb/TodayRaceInfo/Odds3LenFuku?k_babaCode=32&k_raceDate=2026%2F09%2F20&k_raceNo=9
2026-09-20 13:41:51,13:41,2026-09-20,saga,9,三連複,1-3-12,0.0,0.0,215,https://www.keiba.go.jp/KeibaWeb/TodayRaceInfo/Odds3LenFuku?k_babaCode=32&k_raceDate=2026%2F09%2F20&k_raceNo=9
2026-09-20 13:41:51,13:41,2026-09-20,saga,9,三連複,1-3-13,0.0,0.0,215,https://www.keiba.go.jp/KeibaWeb/TodayRaceInfo/Odds3LenFuku?k_babaCode=32&k_raceDate=2026%2F09%2F20&k_raceNo=9
2026-09-20 13:41:51,13:41,2026-09-20,saga,9,三連複,1-4-11,0.0,0.0,215,https://www.keiba.go.jp/KeibaWeb/TodayRaceInfo/Odds3LenFuku?k_babaCode=32&k_raceDate=2026%2F09%2F20&k_raceNo=9
2026-09-20 13:41:51,13:41,2026-09-20,saga,9,三連複,1-4-13,0.0,0.0,215,https://www.keiba.go.jp/KeibaWeb/TodayRaceInfo/Odds3LenFuku?k_babaCode=32&k_raceDate=2026%2F09%2F20&k_raceNo=9
2026-09-20 13:41:51,13:41,2026-09-20,saga,9,三連複,1-5-8,0.0,0.0,215,https://www.keiba.go.jp/KeibaWeb/TodayRaceInfo/Odds3LenFuku?k_babaCode=32&k_raceDate=2026%2F09%2F20&k_raceNo=9
2026-09-20 13:41:51,13:41,2026-09-20,saga,9,三連複,1-5-11,0.0,0.0,215,https://www.keiba.go.jp/KeibaWeb/TodayRaceInfo/Odds3LenFuku?k_babaCode=32&k_raceDate=2026%2F09%2F20&k_raceNo=9
2026-09-20 13:41:51,13:41,2026-09-20,saga,9,三連複,1-6-7,0.0,0.0,215,https://www.keiba.go.jp/KeibaWeb/TodayRaceInfo/Odds3LenFuku?k_babaCode=32&k_raceDate=2026%2F09%2F20&k_raceNo=9
2026-09-20 13:41:51,13:41,2026-09-20,saga,9,三連複,1-6-8,0.0,0.0,215,https://www.keiba.go.jp/KeibaWeb/TodayRaceInfo/Odds3LenFuku?k_babaCode=32&k_raceDate=2026%2F09%2F20&k_raceNo=9
2026-09-20 13:41:51,13:41,2026-09-20,saga,9,三連複,1-6-11,0.0,0.0,215,https://www.keiba.go.jp/KeibaWeb/TodayRaceInfo/Odds3LenFuku?k_babaCode=32&k_raceDate=2026%2F09%2F20&k_raceNo=9
2026-09-20 13:41:51,13:41,2026-09-20,saga,9,三連複,1-6-12,0.0,0.0,215,https://www.keiba.go.jp/KeibaWeb/TodayRaceInfo/Odds3LenFuku?k_babaCode=32&k_raceDate=2026%2F09%2F20&k_raceNo=9
2026-09-20 13:41:51,13:41,2026-09-20,saga,9,三連複,1-6-13,0.0,0.0,215,https://www.keiba.go.jp/KeibaWeb/TodayRaceInfo/Odds3LenFuku?k_babaCode=32&k_raceDate=2026%2F09%2F20&k_raceNo=9
2026-09-20 13:41:51,13:41,2026-09-20,saga,9,三連複,1-7-8,0.0,0.0,215,https://www.keiba.go.jp/KeibaWeb/TodayRaceInfo/Odds3LenFuku?k_babaCode=32&k_raceDate=2026%2F09%2F20&k_raceNo=9
2026-09-20 13:41:51,13:41,2026-09-20,saga,9,三連複,1-7-12,0.0,0.0,215,https://www.keiba.go.jp/KeibaWeb/TodayRaceInfo/Odds3LenFuku?k_babaCode=32&k_raceDate=2026%2F09%2F20&k_raceNo=9
2026-09-20 13:41:51,13:41,2026-09-20,saga,9,三連複,1-8-11,0.0,0.0,215,https://www.keiba.go.jp/KeibaWeb/TodayRaceInfo/Odds3LenFuku?k_babaCode=32&k_raceDate=2026%2F09%2F20&k_raceNo=9
2026-09-20 13:41:51,13:41,2026-09-20,saga,9,三連複,1-8-12,0.0,0.0,215,https://www.keiba.go.jp/KeibaWeb/TodayRaceInfo/Odds3LenFuku?k_babaCode=32&k_raceDate=2026%2F09%2F20&k_raceNo=9
2026-09-20 13:41:51,13:41,2026-09-20,saga,9,三連複,1-8-14,0.0,0.0,215,https://www.keiba.go.jp/KeibaWeb/TodayRaceInfo/Odds3LenFuku?k_babaCode=32&k_raceDate=2026%2F09%2F20&k_raceNo=9
2026-09-20 13:41:51,13:41,2026-09-20,saga,9,三連複,1-10-11,0.0,0.0,215,https://www.keiba.go.jp/KeibaWeb/TodayRaceInfo/Odds3LenFuku?k_babaCode=32&k_raceDate=2026%2F09%2F20&k_raceNo=9
2026-09-20 13:41:51,13:41,2026-09-20,saga,9,三連複,1-10-13,0.0,0.0,215,https://www.keiba.go.jp/KeibaWeb/TodayRaceInfo/Odds3LenFuku?k_babaCode=32&k_raceDate=2026%2F09%2F20&k_raceNo=9
2026-09-20 13:41:51,13:41,2026-09-20,saga,9,三連複,1-11-13,0.0,0.0,215,https://www.keiba.go.jp/KeibaWeb/TodayRaceInfo/Odds3LenFuku?k_babaCode=32&k_raceDate=2026%2F09%2F20&k_raceNo=9
2026-09-20 13:41:51,13:41,2026-09-20,saga,9,三連複,1-12-13,0.0,0.0,215,https://www.keiba.go.jp/KeibaWeb/TodayRaceInfo/Odds3LenFuku?k_babaCode=32&k_raceDate=2026%2F09%2F20&k_raceNo=9
2026-09-20 13:41:51,13:41,2026-09-20,saga,9,三連複,2-3-7,0.0,0.0,215,https://www.keiba.go.jp/KeibaWeb/TodayRaceInfo/Odds3LenFuku?k_babaCode=32&k_raceDate=2026%2F09%2F20&k_raceNo=9
2026-09-20 13:41:51,13:41,2026-09-20,saga,9,三連複,2-3-9,0.0,0.0,215,https://www.keiba.go.jp/KeibaWeb/TodayRaceInfo/Odds3LenFuku?k_babaCode=32&k_raceDate=2026%2F09%2F20&k_raceNo=9
2026-09-20 13:41:51,13:41,2026-09-20,saga,9,三連複,2-3-10,0.0,0.0,215,https://www.keiba.go.jp/KeibaWeb/TodayRaceInfo/Odds3LenFuku?k_babaCode=32&k_raceDate=2026%2F09%2F20&k_raceNo=9
2026-09-20 13:41:51,13:41,2026-09-20,saga,9,三連複,2-3-12,0.0,0.0,215,https://www.keiba.go.jp/KeibaWeb/TodayRaceInfo/Odds3LenFuku?k_babaCode=32&k_raceDate=2026%2F09%2F20&k_raceNo=9
2026-09-20 13:41:51,13:41,2026-09-20,saga,9,三連複,2-3-13,0.0,0.0,215,https://www.keiba.go.jp/KeibaWeb/TodayRaceInfo/Odds3LenFuku?k_babaCode=32&k_raceDate=2026%2F09%2F20&k_raceNo=9
2026-09-20 13:41:51,13:41,2026-09-20,saga,9,三連複,2-4-8,0.0,0.0,215,https://www.keiba.go.jp/KeibaWeb/TodayRaceInfo/Odds3LenFuku?k_babaCode=32&k_raceDate=2026%2F09%2F20&k_raceNo=9
2026-09-20 13:41:51,13:41,2026-09-20,saga,9,三連複,2-4-11,0.0,0.0,215,https://www.keiba.go.jp/KeibaWeb/TodayRaceInfo/Odds3LenFuku?k_babaCode=32&k_raceDate=2026%2F09%2F20&k_raceNo=9
2026-09-20 13:41:51,13:41,2026-09-20,saga,9,三連複,2-4-13,0.0,0.0,215,https://www.keiba.go.jp/KeibaWeb/TodayRaceInfo/Odds3LenFuku?k_babaCode=32&k_raceDate=2026%2F09%2F20&k_raceNo=9
2026-09-20 13:41:51,13:41,2026-09-20,saga,9,三連複,2-5-11,0.0,0.0,215,https://www.keiba.go.jp/KeibaWeb/TodayRaceInfo/Odds3LenFuku?k_babaCode=32&k_raceDate=2026%2F09%2F20&k_raceNo=9
2026-09-20 13:41:51,13:41,2026-09-20,saga,9,三連複,2-5-13,0.0,0.0,215,https://www.keiba.go.jp/KeibaWeb/TodayRaceInfo/Odds3LenFuku?k_babaCode=32&k_raceDate=2026%2F09%2F20&k_raceNo=9
2026-09-20 13:41:51,13:41,2026-09-20,saga,9,三連複,2-6-12,0.0,0.0,215,https://www.keiba.go.jp/KeibaWeb/TodayRaceInfo/Odds3LenFuku?k_babaCode=32&k_raceDate=2026%2F09%2F20&k_raceNo=9
2026-09-20 13:41:51,13:41,2026-09-20,saga,9,三連複,2-7-8,0.0,0.0,215,https://www.keiba.go.jp/KeibaWeb/TodayRaceInfo/Odds3LenFuku?k_babaCode=32&k_raceDate=2026%2F09%2F20&k_raceNo=9
2026-09-20 13:41:51,13:41,2026-09-20,saga,9,三連複,2-7-11,0.0,0.0,215,https://www.keiba.go.jp/KeibaWeb/TodayRaceInfo/Odds3LenFuku?k_babaCode=32&k_raceDate=2026%2F09%2F20&k_raceNo=9
2026-09-20 13:41:51,13:41,2026-09-20,saga,9,三連複,2-7-12,0.0,0.0,215,https://www.keiba.go.jp/KeibaWeb/TodayRaceInfo/Odds3LenFuku?k_babaCode=32&k_raceDate=2026%2F09%2F20&k_raceNo=9
2026-09-20 13:41:51,13:41,2026-09-20,saga,9,三連複,2-7-13,0.0,0.0,215,https://www.keiba.go.jp/KeibaWeb/TodayRaceInfo/Odds3LenFuku?k_babaCode=32&k_raceDate=2026%2F09%2F20&k_raceNo=9
2026-09-20 13:41:51,13:41,2026-09-20,saga,9,三連複,2-8-11,0.0,0.0,215,https://www.keiba.go.jp/KeibaWeb/TodayRaceInfo/Odds3LenFuku?k_babaCode=32&k_raceDate=2026%2F09%2F20&k_raceNo=9
2026-09-20 13:41:51,13:41,2026-09-20,saga,9,三連複,2-8-13,0.0,0.0,215,https://www.keiba.go.jp/KeibaWeb/TodayRaceInfo/Odds3LenFuku?k_babaCode=32&k_raceDate=2026%2F09%2F20&k_raceNo=9
2026-09-20 13:41:51,13:41,2026-09-20,saga,9,三連複,2-10-13,0.0,0.0,215,https://www.keiba.go.jp/KeibaWeb/TodayRaceInfo/Odds3LenFuku?k_babaCode=32&k_raceDate=2026%2F09%2F20&k_raceNo=9
2026-09-20 13:41:51,13:41,2026-09-20,saga,9,三連複,3-4-7,0.0,0.0,215,https://www.keiba.go.jp/KeibaWeb/TodayRaceInfo/Odds3LenFuku?k_babaCode=32&k_raceDate=2026%2F09%2F20&k_raceNo=9
2026-09-20 13:41:51,13:41,2026-09-20,saga,9,三連複,3-4-9,0.0,0.0,215,https://www.keiba.go.jp/KeibaWeb/TodayRaceInfo/Odds3LenFuku?k_babaCode=32&k_raceDate=2026%2F09%2F20&k_raceNo=9
2026-09-20 13:41:51,13:41,2026-09-20,saga,9,三連複,3-4-11,0.0,0.0,215,https://www.keiba.go.jp/KeibaWeb/TodayRaceInfo/Odds3LenFuku?k_babaCode=32&k_raceDate=2026%2F09%2F20&k_raceNo=9
2026-09-20 13:41:51,13:41,2026-09-20,saga,9,三連複,3-4-12,0.0,0.0,215,https://www.keiba.go.jp/KeibaWeb/TodayRaceInfo/Odds3LenFuku?k_babaCode=32&k_raceDate=2026%2F09%2F20&k_raceNo=9
2026-09-20 13:41:51,13:41,2026-09-20,saga,9,三連複,3-4-13,0.0,0.0,215,https://www.keiba.go.jp/KeibaWeb/TodayRaceInfo/Odds3LenFuku?k_babaCode=32&k_raceDate=2026%2F09%2F20&k_raceNo=9
2026-09-20 13:41:51,13:41,2026-09-20,saga,9,三連複,3-5-8,0.0,0.0,215,https://www.keiba.go.jp/KeibaWeb/TodayRaceInfo/Odds3LenFuku?k_babaCode=32&k_raceDate=2026%2F09%2F20&k_raceNo=9
2026-09-20 13:41:51,13:41,2026-09-20,saga,9,三連複,3-5-9,0.0,0.0,215,https://www.keiba.go.jp/KeibaWeb/TodayRaceInfo/Odds3LenFuku?k_babaCode=32&k_raceDate=2026%2F09%2F20&k_raceNo=9
2026-09-20 13:41:51,13:41,2026-09-20,saga,9,三連複,3-5-11,0.0,0.0,215,https://www.keiba.go.jp/KeibaWeb/TodayRaceInfo/Odds3LenFuku?k_babaCode=32&k_raceDate=2026%2F09%2F20&k_raceNo=9
2026-09-20 13:41:51,13:41,2026-09-20,saga,9,三連複,3-5-12,0.0,0.0,215,https://www.keiba.go.jp/KeibaWeb/TodayRaceInfo/Odds3LenFuku?k_babaCode=32&k_raceDate=2026%2F09%2F20&k_raceNo=9
2026-09-20 13:41:51,13:41,2026-09-20,saga,9,三連複,3-5-13,0.0,0.0,215,https://www.keiba.go.jp/KeibaWeb/TodayRaceInfo/Odds3LenFuku?k_babaCode=32&k_raceDate=2026%2F09%2F20&k_raceNo=9
2026-09-20 13:41:51,13:41,2026-09-20,saga,9,三連複,3-6-8,0.0,0.0,215,https://www.keiba.go.jp/KeibaWeb/TodayRaceInfo/Odds3LenFuku?k_babaCode=32&k_raceDate=2026%2F09%2F20&k_raceNo=9
2026-09-20 13:41:51,13:41,2026-09-20,saga,9,三連複,3-6-11,0.0,0.0,215,https://www.keiba.go.jp/KeibaWeb/TodayRaceInfo/Odds3LenFuku?k_babaCode=32&k_raceDate=2026%2F09%2F20&k_raceNo=9
2026-09-20 13:41:51,13:41,2026-09-20,saga,9,三連複,3-6-13,0.0,0.0,215,https://www.keiba.go.jp/KeibaWeb/TodayRaceInfo/Odds3LenFuku?k_babaCode=32&k_raceDate=2026%2F09%2F20&k_raceNo=9
2026-09-20 13:41:51,13:41,2026-09-20,saga,9,三連複,3-7-8,0.0,0.0,215,https://www.keiba.go.jp/KeibaWeb/TodayRaceInfo/Odds3LenFuku?k_babaCode=32&k_raceDate=2026%2F09%2F20&k_raceNo=9
2026-09-20 13:41:51,13:41,2026-09-20,saga,9,三連複,3-7-9,0.0,0.0,215,https://www.keiba.go.jp/KeibaWeb/TodayRaceInfo/Odds3LenFuku?k_babaCode=32&k_raceDate=2026%2F09%2F20&k_raceNo=9
2026-09-20 13:41:51,13:41,2026-09-20,saga,9,三連複,3-7-12,0.0,0.0,215,https://www.keiba.go.jp/KeibaWeb/TodayRaceInfo/Odds3LenFuku?k_babaCode=32&k_raceDate=2026%2F09%2F20&k_raceNo=9
2026-09-20 13:41:51,13:41,2026-09-20,saga,9,三連複,3-7-13,0.0,0.0,215,https://www.keiba.go.jp/KeibaWeb/TodayRaceInfo/Odds3LenFuku?k_babaCode=32&k_raceDate=2026%2F09%2F20&k_raceNo=9
2026-09-20 13:41:51,13:41,2026-09-20,saga,9,三連複,3-8-10,0.0,0.0,215,https://www.keiba.go.jp/KeibaWeb/TodayRaceInfo/Odds3LenFuku?k_babaCode=32&k_raceDate=2026%2F09%2F20&k_raceNo=9
2026-09-20 13:41:51,13:41,2026-09-20,saga,9,三連複,3-8-12,0.0,0.0,215,https://www.keiba.go.jp/KeibaWeb/TodayRaceInfo/Odds3LenFuku?k_babaCode=32&k_raceDate=2026%2F09%2F20&k_raceNo=9
2026-09-20 13:41:51,13:41,2026-09-20,saga,9,三連複,3-8-13,0.0,0.0,215,https://www.keiba.go.jp/KeibaWeb/TodayRaceInfo/Odds3LenFuku?k_babaCode=32&k_raceDate=2026%2F09%2F20&k_raceNo=9
2026-09-20 13:41:51,13:41,2026-09-20,saga,9,三連複,3-8-14,0.0,0.0,215,https://www.keiba.go.jp/KeibaWeb/TodayRaceInfo/Odds3LenFuku?k_babaCode=32&k_raceDate=2026%2F09%2F20&k_raceNo=9
2026-09-20 13:41:51,13:41,2026-09-20,saga,9,三連複,3-9-11,0.0,0.0,215,https://www.keiba.go.jp/KeibaWeb/TodayRaceInfo/Odds3LenFuku?k_babaCode=32&k_raceDate=2026%2F09%2F20&k_raceNo=9
2026-09-20 13:41:51,13:41,2026-09-20,saga,9,三連複,3-10-11,0.0,0.0,215,https://www.keiba.go.jp/KeibaWeb/TodayRaceInfo/Odds3LenFuku?k_babaCode=32&k_raceDate=2026%2F09%2F20&k_raceNo=9
2026-09-20 13:41:51,13:41,2026-09-20,saga,9,三連複,3-10-12,0.0,0.0,215,https://www.keiba.go.jp/KeibaWeb/TodayRaceInfo/Odds3LenFuku?k_babaCode=32&k_raceDate=2026%2F09%2F20&k_raceNo=9
2026-09-20 13:41:51,13:41,2026-09-20,saga,9,三連複,3-10-13,0.0,0.0,215,https://www.keiba.go.jp/KeibaWeb/TodayRaceInfo/Odds3LenFuku?k_babaCode=32&k_raceDate=2026%2F09%2F20&k_raceNo=9
2026-09-20 13:41:51,13:41,2026-09-20,saga,9,三連複,3-11-12,0.0,0.0,215,https://www.keiba.go.jp/KeibaWeb/TodayRaceInfo/Odds3LenFuku?k_babaCode=32&k_raceDate=2026%2F09%2F20&k_raceNo=9
2026-09-20 13:41:51,13:41,2026-09-20,saga,9,三連複,3-11-13,0.0,0.0,215,https://www.keiba.go.jp/KeibaWeb/TodayRaceInfo/Odds3LenFuku?k_babaCode=32&k_raceDate=2026%2F09%2F20&k_raceNo=9
2026-09-20 13:41:51,13:41,2026-09-20,saga,9,三連複,3-12-14,0.0,0.0,215,https://www.keiba.go.jp/KeibaWeb/TodayRaceInfo/Odds3LenFuku?k_babaCode=32&k_raceDate=2026%2F09%2F20&k_raceNo=9
2026-09-20 13:41:51,13:41,2026-09-20,saga,9,三連複,3-13-14,0.0,0.0,215,https://www.keiba.go.jp/KeibaWeb/TodayRaceInfo/Odds3LenFuku?k_babaCode=32&k_raceDate=2026%2F09%2F20&k_raceNo=9
2026-09-20 13:41:51,13:41,2026-09-20,saga,9,三連複,4-6-8,0.0,0.0,215,https://www.keiba.go.jp/KeibaWeb/TodayRaceInfo/Odds3LenFuku?k_babaCode=32&k_raceDate=2026%2F09%2F20&k_raceNo=9
2026-09-20 13:41:51,13:41,2026-09-20,saga,9,三連複,4-6-9,0.0,0.0,215,https://www.keiba.go.jp/KeibaWeb/TodayRaceInfo/Odds3LenFuku?k_babaCode=32&k_raceDate=2026%2F09%2F20&k_raceNo=9
2026-09-20 13:41:51,13:41,2026-09-20,saga,9,三連複,4-6-12,0.0,0.0,215,https://www.keiba.go.jp/KeibaWeb/TodayRaceInfo/Odds3LenFuku?k_babaCode=32&k_raceDate=2026%2F09%2F20&k_raceNo=9
2026-09-20 13:41:51,13:41,2026-09-20,saga,9,三連複,4-6-13,0.0,0.0,215,https://www.keiba.go.jp/KeibaWeb/TodayRaceInfo/Odds3LenFuku?k_babaCode=32&k_raceDate=2026%2F09%2F20&k_raceNo=9
2026-09-20 13:41:51,13:41,2026-09-20,saga,9,三連複,4-7-8,0.0,0.0,215,https://www.keiba.go.jp/KeibaWeb/TodayRaceInfo/Odds3LenFuku?k_babaCode=32&k_raceDate=2026%2F09%2F20&k_raceNo=9
2026-09-20 13:41:51,13:41,2026-09-20,saga,9,三連複,4-7-9,0.0,0.0,215,https://www.keiba.go.jp/KeibaWeb/TodayRaceInfo/Odds3LenFuku?k_babaCode=32&k_raceDate=2026%2F09%2F20&k_raceNo=9
2026-09-20 13:41:51,13:41,2026-09-20,saga,9,三連複,4-7-11,0.0,0.0,215,https://www.keiba.go.jp/KeibaWeb/TodayRaceInfo/Odds3LenFuku?k_babaCode=32&k_raceDate=2026%2F09%2F20&k_raceNo=9
2026-09-20 13:41:51,13:41,2026-09-20,saga,9,三連複,4-7-12,0.0,0.0,215,https://www.keiba.go.jp/KeibaWeb/TodayRaceInfo/Odds3LenFuku?k_babaCode=32&k_raceDate=2026%2F09%2F20&k_raceNo=9
2026-09-20 13:41:51,13:41,2026-09-20,saga,9,三連複,4-7-13,0.0,0.0,215,https://www.keiba.go.jp/KeibaWeb/TodayRaceInfo/Odds3LenFuku?k_babaCode=32&k_raceDate=2026%2F09%2F20&k_raceNo=9
2026-09-20 13:41:51,13:41,2026-09-20,saga,9,三連複,4-8-9,0.0,0.0,215,https://www.keiba.go.jp/KeibaWeb/TodayRaceInfo/Odds3LenFuku?k_babaCode=32&k_raceDate=2026%2F09%2F20&k_raceNo=9
2026-09-20 13:41:51,13:41,2026-09-20,saga,9,三連複,4-8-11,0.0,0.0,215,https://www.keiba.go.jp/KeibaWeb/TodayRaceInfo/Odds3LenFuku?k_babaCode=32&k_raceDate=2026%2F09%2F20&k_raceNo=9
2026-09-20 13:41:51,13:41,2026-09-20,saga,9,三連複,4-8-12,0.0,0.0,215,https://www.keiba.go.jp/KeibaWeb/TodayRaceInfo/Odds3LenFuku?k_babaCode=32&k_raceDate=2026%2F09%2F20&k_raceNo=9
2026-09-20 13:41:51,13:41,2026-09-20,saga,9,三連複,4-8-13,0.0,0.0,215,https://www.keiba.go.jp/KeibaWeb/TodayRaceInfo/Odds3LenFuku?k_babaCode=32&k_raceDate=2026%2F09%2F20&k_raceNo=9
2026-09-20 13:41:51,13:41,2026-09-20,saga,9,三連複,4-9-11,0.0,0.0,215,https://www.keiba.go.jp/KeibaWeb/TodayRaceInfo/Odds3LenFuku?k_babaCode=32&k_raceDate=2026%2F09%2F20&k_raceNo=9
2026-09-20 13:41:51,13:41,2026-09-20,saga,9,三連複,4-9-12,0.0,0.0,215,https://www.keiba.go.jp/KeibaWeb/TodayRaceInfo/Odds3LenFuku?k_babaCode=32&k_raceDate=2026%2F09%2F20&k_raceNo=9
2026-09-20 13:41:51,13:41,2026-09-20,saga,9,三連複,4-9-13,0.0,0.0,215,https://www.keiba.go.jp/KeibaWeb/TodayRaceInfo/Odds3LenFuku?k_babaCode=32&k_raceDate=2026%2F09%2F20&k_raceNo=9
2026-09-20 13:41:51,13:41,2026-09-20,saga,9,三連複,4-10-11,0.0,0.0,215,https://www.keiba.go.jp/KeibaWeb/TodayRaceInfo/Odds3LenFuku?k_babaCode=32&k_raceDate=2026%2F09%2F20&k_raceNo=9
2026-09-20 13:41:51,13:41,2026-09-20,saga,9,三連複,4-10-13,0.0,0.0,215,https://www.keiba.go.jp/KeibaWeb/TodayRaceInfo/Odds3LenFuku?k_babaCode=32&k_raceDate=2026%2F09%2F20&k_raceNo=9
2026-09-20 13:41:51,13:41,2026-09-20,saga,9,三連複,4-11-12,0.0,0.0,215,https://www.keiba.go.jp/KeibaWeb/TodayRaceInfo/Odds3LenFuku?k_babaCode=32&k_raceDate=2026%2F09%2F20&k_raceNo=9
2026-09-20 13:41:51,13:41,2026-09-20,saga,9,三連複,4-11-13,0.0,0.0,215,https://www.keiba.go.jp/KeibaWeb/TodayRaceInfo/Odds3LenFuku?k_babaCode=32&k_raceDate=2026%2F09%2F20&k_raceNo=9
2026-09-20 13:41:51,13:41,2026-09-20,saga,9,三連複,4-12-13,0.0,0.0,215,https://www.keiba.go.jp/KeibaWeb/TodayRaceInfo/Odds3LenFuku?k_babaCode=32&k_raceDate=2026%2F09%2F20&k_raceNo=9
2026-09-20 13:41:51,13:41,2026-09-20,saga,9,三連複,5-6-7,0.0,0.0,215,https://www.keiba.go.jp/KeibaWeb/TodayRaceInfo/Odds3LenFuku?k_babaCode=32&k_raceDate=2026%2F09%2F20&k_raceNo=9
2026-09-20 13:41:51,13:41,2026-09-20,saga,9,三連複,5-6-8,0.0,0.0,215,https://www.keiba.go.jp/KeibaWeb/TodayRaceInfo/Odds3LenFuku?k_babaCode=32&k_raceDate=2026%2F09%2F20&k_raceNo=9
2026-09-20 13:41:51,13:41,2026-09-20,saga,9,三連複,5-6-9,0.0,0.0,215,https://www.keiba.go.jp/KeibaWeb/TodayRaceInfo/Odds3LenFuku?k_babaCode=32&k_raceDate=2026%2F09%2F20&k_raceNo=9
2026-09-20 13:41:51,13:41,2026-09-20,saga,9,三連複,5-6-11,0.0,0.0,215,https://www.keiba.go.jp/KeibaWeb/TodayRaceInfo/Odds3LenFuku?k_babaCode=32&k_raceDate=2026%2F09%2F20&k_raceNo=9
2026-09-20 13:41:51,13:41,2026-09-20,saga,9,三連複,5-7-8,0.0,0.0,215,https://www.keiba.go.jp/KeibaWeb/TodayRaceInfo/Odds3LenFuku?k_babaCode=32&k_raceDate=2026%2F09%2F20&k_raceNo=9
2026-09-20 13:41:51,13:41,2026-09-20,saga,9,三連複,5-7-11,0.0,0.0,215,https://www.keiba.go.jp/KeibaWeb/TodayRaceInfo/Odds3LenFuku?k_babaCode=32&k_raceDate=2026%2F09%2F20&k_raceNo=9
2026-09-20 13:41:51,13:41,2026-09-20,saga,9,三連複,5-7-12,0.0,0.0,215,https://www.keiba.go.jp/KeibaWeb/TodayRaceInfo/Odds3LenFuku?k_babaCode=32&k_raceDate=2026%2F09%2F20&k_raceNo=9
2026-09-20 13:41:51,13:41,2026-09-20,saga,9,三連複,5-8-11,0.0,0.0,215,https://www.keiba.go.jp/KeibaWeb/TodayRaceInfo/Odds3LenFuku?k_babaCode=32&k_raceDate=2026%2F09%2F20&k_raceNo=9
2026-09-20 13:41:51,13:41,2026-09-20,saga,9,三連複,5-8-12,0.0,0.0,215,https://www.keiba.go.jp/KeibaWeb/TodayRaceInfo/Odds3LenFuku?k_babaCode=32&k_raceDate=2026%2F09%2F20&k_raceNo=9
2026-09-20 13:41:51,13:41,2026-09-20,saga,9,三連複,5-8-13,0.0,0.0,215,https://www.keiba.go.jp/KeibaWeb/TodayRaceInfo/Odds3LenFuku?k_babaCode=32&k_raceDate=2026%2F09%2F20&k_raceNo=9
2026-09-20 13:41:51,13:41,2026-09-20,saga,9,三連複,5-8-14,0.0,0.0,215,https://www.keiba.go.jp/KeibaWeb/TodayRaceInfo/Odds3LenFuku?k_babaCode=32&k_raceDate=2026%2F09%2F20&k_raceNo=9
2026-09-20 13:41:51,13:41,2026-09-20,saga,9,三連複,5-9-11,0.0,0.0,215,https://www.keiba.go.jp/KeibaWeb/TodayRaceInfo/Odds3LenFuku?k_babaCode=32&k_raceDate=2026%2F09%2F20&k_raceNo=9
2026-09-20 13:41:51,13:41,2026-09-20,saga,9,三連複,5-9-12,0.0,0.0,215,https://www.keiba.go.jp/KeibaWeb/TodayRaceInfo/Odds3LenFuku?k_babaCode=32&k_raceDate=2026%2F09%2F20&k_raceNo=9
2026-09-20 13:41:51,13:41,2026-09-20,saga,9,三連複,5-10-13,0.0,0.0,215,https://www.keiba.go.jp/KeibaWeb/TodayRaceInfo/Odds3LenFuku?k_babaCode=32&k_raceDate=2026%2F09%2F20&k_raceNo=9
2026-09-20 13:41:51,13:41,2026-09-20,saga,9,三連複,5-11-12,0.0,0.0,215,https://www.keiba.go.jp/KeibaWeb/TodayRaceInfo/Odds3LenFuku?k_babaCode=32&k_raceDate=2026%2F09%2F20&k_raceNo=9
2026-09-20 13:41:51,13:41,2026-09-20,saga,9,三連複,5-11-13,0.0,0.0,215,https://www.keiba.go.jp/KeibaWeb/TodayRaceInfo/Odds3LenFuku?k_babaCode=32&k_raceDate=2026%2F09%2F20&k_raceNo=9
2026-09-20 13:41:51,13:41,2026-09-20,saga,9,三連複,5-12-13,0.0,0.0,215,https://www.keiba.go.jp/KeibaWeb/TodayRaceInfo/Odds3LenFuku?k_babaCode=32&k_raceDate=2026%2F09%2F20&k_raceNo=9
2026-09-20 13:41:51,13:41,2026-09-20,saga,9,三連複,5-12-14,0.0,0.0,215,https://www.keiba.go.jp/KeibaWeb/TodayRaceInfo/Odds3LenFuku?k_babaCode=32&k_raceDate=2026%2F09%2F20&k_raceNo=9
2026-09-20 13:41:51,13:41,2026-09-20,saga,9,三連複,6-7-8,0.0,0.0,215,https://www.keiba.go.jp/KeibaWeb/TodayRaceInfo/Odds3LenFuku?k_babaCode=32&k_raceDate=2026%2F09%2F20&k_raceNo=9
2026-09-20 13:41:51,13:41,2026-09-20,saga,9,三連複,6-7-9,0.0,0.0,215,https://www.keiba.go.jp/KeibaWeb/TodayRaceInfo/Odds3LenFuku?k_babaCode=32&k_raceDate=2026%2F09%2F20&k_raceNo=9
2026-09-20 13:41:51,13:41,2026-09-20,saga,9,三連複,6-7-11,0.0,0.0,215,https://www.keiba.go.jp/KeibaWeb/TodayRaceInfo/Odds3LenFuku?k_babaCode=32&k_raceDate=2026%2F09%2F20&k_raceNo=9
2026-09-20 13:41:51,13:41,2026-09-20,saga,9,三連複,6-7-13,0.0,0.0,215,https://www.keiba.go.jp/KeibaWeb/TodayRaceInfo/Odds3LenFuku?k_babaCode=32&k_raceDate=2026%2F09%2F20&k_raceNo=9
2026-09-20 13:41:51,13:41,2026-09-20,saga,9,三連複,6-8-9,0.0,0.0,215,https://www.keiba.go.jp/KeibaWeb/TodayRaceInfo/Odds3LenFuku?k_babaCode=32&k_raceDate=2026%2F09%2F20&k_raceNo=9
2026-09-20 13:41:51,13:41,2026-09-20,saga,9,三連複,6-8-10,0.0,0.0,215,https://www.keiba.go.jp/KeibaWeb/TodayRaceInfo/Odds3LenFuku?k_babaCode=32&k_raceDate=2026%2F09%2F20&k_raceNo=9
2026-09-20 13:41:51,13:41,2026-09-20,saga,9,三連複,6-8-11,0.0,0.0,215,https://www.keiba.go.jp/KeibaWeb/TodayRaceInfo/Odds3LenFuku?k_babaCode=32&k_raceDate=2026%2F09%2F20&k_raceNo=9
2026-09-20 13:41:51,13:41,2026-09-20,saga,9,三連複,6-8-13,0.0,0.0,215,https://www.keiba.go.jp/KeibaWeb/TodayRaceInfo/Odds3LenFuku?k_babaCode=32&k_raceDate=2026%2F09%2F20&k_raceNo=9
2026-09-20 13:41:51,13:41,2026-09-20,saga,9,三連複,6-9-11,0.0,0.0,215,https://www.keiba.go.jp/KeibaWeb/TodayRaceInfo/Odds3LenFuku?k_babaCode=32&k_raceDate=2026%2F09%2F20&k_raceNo=9
2026-09-20 13:41:51,13:41,2026-09-20,saga,9,三連複,6-9-12,0.0,0.0,215,https://www.keiba.go.jp/KeibaWeb/TodayRaceInfo/Odds3LenFuku?k_babaCode=32&k_raceDate=2026%2F09%2F20&k_raceNo=9
2026-09-20 13:41:51,13:41,2026-09-20,saga,9,三連複,6-10-13,0.0,0.0,215,https://www.keiba.go.jp/KeibaWeb/TodayRaceInfo/Odds3LenFuku?k_babaCode=32&k_raceDate=2026%2F09%2F20&k_raceNo=9
2026-09-20 13:41:51,13:41,2026-09-20,saga,9,三連複,6-11-12,0.0,0.0,215,https://www.keiba.go.jp/KeibaWeb/TodayRaceInfo/Odds3LenFuku?k_babaCode=32&k_raceDate=2026%2F09%2F20&k_raceNo=9
2026-09-20 13:41:51,13:41,2026-09-20,saga,9,三連複,6-11-13,0.0,0.0,215,https://www.keiba.go.jp/KeibaWeb/TodayRaceInfo/Odds3LenFuku?k_babaCode=32&k_raceDate=2026%2F09%2F20&k_raceNo=9
2026-09-20 13:41:51,13:41,2026-09-20,saga,9,三連複,6-11-14,0.0,0.0,215,https://www.keiba.go.jp/KeibaWeb/TodayRaceInfo/Odds3LenFuku?k_babaCode=32&k_raceDate=2026%2F09%2F20&k_raceNo=9
2026-09-20 13:41:51,13:41,2026-09-20,saga,9,三連複,6-12-13,0.0,0.0,215,https://www.keiba.go.jp/KeibaWeb/TodayRaceInfo/Odds3LenFuku?k_babaCode=32&k_raceDate=2026%2F09%2F20&k_raceNo=9
2026-09-20 13:41:51,13:41,2026-09-20,saga,9,三連複,6-12-14,0.0,0.0,215,https://www.keiba.go.jp/KeibaWeb/TodayRaceInfo/Odds3LenFuku?k_babaCode=32&k_raceDate=2026%2F09%2F20&k_raceNo=9
2026-09-20 13:41:51,13:41,2026-09-20,saga,9,三連複,6-13-14,0.0,0.0,215,https://www.keiba.go.jp/KeibaWeb/TodayRaceInfo/Odds3LenFuku?k_babaCode=32&k_raceDate=2026%2F09%2F20&k_raceNo=9
2026-09-20 13:41:51,13:41,2026-09-20,saga,9,三連複,7-8-9,0.0,0.0,215,https://www.keiba.go.jp/KeibaWeb/TodayRaceInfo/Odds3LenFuku?k_babaCode=32&k_raceDate=2026%2F09%2F20&k_raceNo=9
2026-09-20 13:41:51,13:41,2026-09-20,saga,9,三連複,7-8-10,0.0,0.0,215,https://www.keiba.go.jp/KeibaWeb/TodayRaceInfo/Odds3LenFuku?k_babaCode=32&k_raceDate=2026%2F09%2F20&k_raceNo=9
2026-09-20 13:41:51,13:41,2026-09-20,saga,9,三連複,7-8-11,0.0,0.0,215,https://www.keiba.go.jp/KeibaWeb/TodayRaceInfo/Odds3LenFuku?k_babaCode=32&k_raceDate=2026%2F09%2F20&k_raceNo=9
2026-09-20 13:41:51,13:41,2026-09-20,saga,9,三連複,7-8-12,0.0,0.0,215,https://www.keiba.go.jp/KeibaWeb/TodayRaceInfo/Odds3LenFuku?k_babaCode=32&k_raceDate=2026%2F09%2F20&k_raceNo=9
2026-09-20 13:41:51,13:41,2026-09-20,saga,9,三連複,7-8-13,0.0,0.0,215,https://www.keiba.go.jp/KeibaWeb/TodayRaceInfo/Odds3LenFuku?k_babaCode=32&k_raceDate=2026%2F09%2F20&k_raceNo=9
2026-09-20 13:41:51,13:41,2026-09-20,saga,9,三連複,7-8-14,0.0,0.0,215,https://www.keiba.go.jp/KeibaWeb/TodayRaceInfo/Odds3LenFuku?k_babaCode=32&k_raceDate=2026%2F09%2F20&k_raceNo=9
2026-09-20 13:41:51,13:41,2026-09-20,saga,9,三連複,7-9-11,0.0,0.0,215,https://www.keiba.go.jp/KeibaWeb/TodayRaceInfo/Odds3LenFuku?k_babaCode=32&k_raceDate=2026%2F09%2F20&k_raceNo=9
2026-09-20 13:41:51,13:41,2026-09-20,saga,9,三連複,7-9-12,0.0,0.0,215,https://www.keiba.go.jp/KeibaWeb/TodayRaceInfo/Odds3LenFuku?k_babaCode=32&k_raceDate=2026%2F09%2F20&k_raceNo=9
2026-09-20 13:41:51,13:41,2026-09-20,saga,9,三連複,7-10-11,0.0,0.0,215,https://www.keiba.go.jp/KeibaWeb/TodayRaceInfo/Odds3LenFuku?k_babaCode=32&k_raceDate=2026%2F09%2F20&k_raceNo=9
2026-09-20 13:41:51,13:41,2026-09-20,saga,9,三連複,7-11-12,0.0,0.0,215,https://www.keiba.go.jp/KeibaWeb/TodayRaceInfo/Odds3LenFuku?k_babaCode=32&k_raceDate=2026%2F09%2F20&k_raceNo=9
2026-09-20 13:41:51,13:41,2026-09-20,saga,9,三連複,7-11-13,0.0,0.0,215,https://www.keiba.go.jp/KeibaWeb/TodayRaceInfo/Odds3LenFuku?k_babaCode=32&k_raceDate=2026%2F09%2F20&k_raceNo=9
2026-09-20 13:41:51,13:41,2026-09-20,saga,9,三連複,7-11-14,0.0,0.0,215,https://www.keiba.go.jp/KeibaWeb/TodayRaceInfo/Odds3LenFuku?k_babaCode=32&k_raceDate=2026%2F09%2F20&k_raceNo=9
2026-09-20 13:41:51,13:41,2026-09-20,saga,9,三連複,7-12-13,0.0,0.0,215,https://www.keiba.go.jp/KeibaWeb/TodayRaceInfo/Odds3LenFuku?k_babaCode=32&k_raceDate=2026%2F09%2F20&k_raceNo=9
2026-09-20 13:41:51,13:41,2026-09-20,saga,9,三連複,7-12-14,0.0,0.0,215,https://www.keiba.go.jp/KeibaWeb/TodayRaceInfo/Odds3LenFuku?k_babaCode=32&k_raceDate=2026%2F09%2F20&k_raceNo=9
2026-09-20 13:41:51,13:41,2026-09-20,saga,9,三連複,8-10-11,0.0,0.0,215,https://www.keiba.go.jp/KeibaWeb/TodayRaceInfo/Odds3LenFuku?k_babaCode=32&k_raceDate=2026%2F09%2F20&k_raceNo=9
2026-09-20 13:41:51,13:41,2026-09-20,saga,9,三連複,8-10-12,0.0,0.0,215,https://www.keiba.go.jp/KeibaWeb/TodayRaceInfo/Odds3LenFuku?k_babaCode=32&k_raceDate=2026%2F09%2F20&k_raceNo=9
2026-09-20 13:41:51,13:41,2026-09-20,saga,9,三連複,8-10-13,0.0,0.0,215,https://www.keiba.go.jp/KeibaWeb/TodayRaceInfo/Odds3LenFuku?k_babaCode=32&k_raceDate=2026%2F09%2F20&k_raceNo=9
2026-09-20 13:41:51,13:41,2026-09-20,saga,9,三連複,8-11-12,0.0,0.0,215,https://www.keiba.go.jp/KeibaWeb/TodayRaceInfo/Odds3LenFuku?k_babaCode=32&k_raceDate=2026%2F09%2F20&k_raceNo=9
2026-09-20 13:41:51,13:41,2026-09-20,saga,9,三連複,8-11-13,0.0,0.0,215,https://www.keiba.go.jp/KeibaWeb/TodayRaceInfo/Odds3LenFuku?k_babaCode=32&k_raceDate=2026%2F09%2F20&k_raceNo=9
2026-09-20 13:41:51,13:41,2026-09-20,saga,9,三連複,8-11-14,0.0,0.0,215,https://www.keiba.go.jp/KeibaWeb/TodayRaceInfo/Odds3LenFuku?k_babaCode=32&k_raceDate=2026%2F09%2F20&k_raceNo=9
2026-09-20 13:41:51,13:41,2026-09-20,saga,9,三連複,8-12-13,0.0,0.0,215,https://www.keiba.go.jp/KeibaWeb/TodayRaceInfo/Odds3LenFuku?k_babaCode=32&k_raceDate=2026%2F09%2F20&k_raceNo=9
2026-09-20 13:41:51,13:41,2026-09-20,saga,9,三連複,8-13-14,0.0,0.0,215,https://www.keiba.go.jp/KeibaWeb/TodayRaceInfo/Odds3LenFuku?k_babaCode=32&k_raceDate=2026%2F09%2F20&k_raceNo=9
2026-09-20 13:41:51,13:41,2026-09-20,saga,9,三連複,9-10-12,0.0,0.0,215,https://www.keiba.go.jp/KeibaWeb/TodayRaceInfo/Odds3LenFuku?k_babaCode=32&k_raceDate=2026%2F09%2F20&k_raceNo=9
2026-09-20 13:41:51,13:41,2026-09-20,saga,9,三連複,9-11-13,0.0,0.0,215,https://www.keiba.go.jp/KeibaWeb/TodayRaceInfo/Odds3LenFuku?k_babaCode=32&k_raceDate=2026%2F09%2F20&k_raceNo=9
2026-09-20 13:41:51,13:41,2026-09-20,saga,9,三連複,10-11-12,0.0,0.0,215,https://www.keiba.go.jp/KeibaWeb/TodayRaceInfo/Odds3LenFuku?k_babaCode=32&k_raceDate=2026%2F09%2F20&k_raceNo=9
2026-09-20 13:41:51,13:41,2026-09-20,saga,9,三連複,10-11-13,0.0,0.0,215,https://www.keiba.go.jp/KeibaWeb/TodayRaceInfo/Odds3LenFuku?k_babaCode=32&k_raceDate=2026%2F09%2F20&k_raceNo=9
