captured_at,source_time,race_date,track,race_no,minutes_before,bet_type,combination,odds_low,odds_high,popularity,source_url
2026-09-20 20:30:00,20:29,2026-09-20,saga,9,10,馬連,2-14,5.9,5.9,1,https://www.keiba.go.jp/KeibaWeb/TodayRaceInfo/OddsUmLenFuku?k_babaCode=32&k_raceDate=2026%2F09%2F20&k_raceNo=9
2026-09-20 20:30:00,20:29,2026-09-20,saga,9,10,馬連,1-14,7.0,7.0,2,https://www.keiba.go.jp/KeibaWeb/TodayRaceInfo/OddsUmLenFuku?k_babaCode=32&k_raceDate=2026%2F09%2F20&k_raceNo=9
2026-09-20 20:30:00,20:29,2026-09-20,saga,9,10,馬連,10-14,8.6,8.6,3,https://www.keiba.go.jp/KeibaWeb/TodayRaceInfo/OddsUmLenFuku?k_babaCode=32&k_raceDate=2026%2F09%2F20&k_raceNo=9
2026-09-20 20:30:00,20:29,2026-09-20,saga,9,10,馬連,5-14,10.5,10.5,4,https://www.keiba.go.jp/KeibaWeb/TodayRaceInfo/OddsUmLenFuku?k_babaCode=32&k_raceDate=2026%2F09%2F20&k_raceNo=9
2026-09-20 20:30:00,20:29,2026-09-20,saga,9,10,馬連,2-10,10.6,10.6,5,https://www.keiba.go.jp/KeibaWeb/TodayRaceInfo/OddsUmLenFuku?k_babaCode=32&k_raceDate=2026%2F09%2F20&k_raceNo=9
2026-09-20 20:30:00,20:29,2026-09-20,saga,9,10,馬連,1-2,12.8,12.8,6,https://www.keiba.go.jp/KeibaWeb/TodayRaceInfo/OddsUmLenFuku?k_babaCode=32&k_raceDate=2026%2F09%2F20&k_raceNo=9
2026-09-20 20:30:00,20:29,2026-09-20,saga,9,10,馬連,9-14,18.5,18.5,7,https://www.keiba.go.jp/KeibaWeb/TodayRaceInfo/OddsUmLenFuku?k_babaCode=32&k_raceDate=2026%2F09%2F20&k_raceNo=9
2026-09-20 20:30:00,20:29,2026-09-20,saga,9,10,馬連,2-5,27.9,27.9,8,https://www.keiba.go.jp/KeibaWeb/TodayRaceInfo/OddsUmLenFuku?k_babaCode=32&k_raceDate=2026%2F09%2F20&k_raceNo=9
2026-09-20 20:30:00,20:29,2026-09-20,saga,9,10,馬連,1-5,29.0,29.0,9,https://www.keiba.go.jp/KeibaWeb/TodayRaceInfo/OddsUmLenFuku?k_babaCode=32&k_raceDate=2026%2F09%2F20&k_raceNo=9
2026-09-20 20:30:00,20:29,2026-09-20,saga,9,10,馬連,7-14,33.0,33.0,10,https://www.keiba.go.jp/KeibaWeb/TodayRaceInfo/OddsUmLenFuku?k_babaCode=32&k_raceDate=2026%2F09%2F20&k_raceNo=9
2026-09-20 20:30:00,20:29,2026-09-20,saga,9,10,馬連,1-10,33.2,33.2,11,https://www.keiba.go.jp/KeibaWeb/TodayRaceInfo/OddsUmLenFuku?k_babaCode=32&k_raceDate=2026%2F09%2F20&k_raceNo=9
2026-09-20 20:30:00,20:29,2026-09-20,saga,9,10,馬連,2-7,35.2,35.2,12,https://www.keiba.go.jp/KeibaWeb/TodayRaceInfo/OddsUmLenFuku?k_babaCode=32&k_raceDate=2026%2F09%2F20&k_raceNo=9
2026-09-20 20:30:00,20:29,2026-09-20,saga,9,10,馬連,2-4,35.5,35.5,13,https://www.keiba.go.jp/KeibaWeb/TodayRaceInfo/OddsUmLenFuku?k_babaCode=32&k_raceDate=2026%2F09%2F20&k_raceNo=9
2026-09-20 20:30:00,20:29,2026-09-20,saga,9,10,馬連,5-10,38.8,38.8,14,https://www.keiba.go.jp/KeibaWeb/TodayRaceInfo/OddsUmLenFuku?k_babaCode=32&k_raceDate=2026%2F09%2F20&k_raceNo=9
2026-09-20 20:30:00,20:29,2026-09-20,saga,9,10,馬連,2-3,44.5,44.5,15,https://www.keiba.go.jp/KeibaWeb/TodayRaceInfo/OddsUmLenFuku?k_babaCode=32&k_raceDate=2026%2F09%2F20&k_raceNo=9
2026-09-20 20:30:00,20:29,2026-09-20,saga,9,10,馬連,4-14,49.2,49.2,16,https://www.keiba.go.jp/KeibaWeb/TodayRaceInfo/OddsUmLenFuku?k_babaCode=32&k_raceDate=2026%2F09%2F20&k_raceNo=9
2026-09-20 20:30:00,20:29,2026-09-20,saga,9,10,馬連,1-9,50.0,50.0,17,https://www.keiba.go.jp/KeibaWeb/TodayRaceInfo/OddsUmLenFuku?k_babaCode=32&k_raceDate=2026%2F09%2F20&k_raceNo=9
2026-09-20 20:30:00,20:29,2026-09-20,saga,9,10,馬連,2-9,54.4,54.4,18,https://www.keiba.go.jp/KeibaWeb/TodayRaceInfo/OddsUmLenFuku?k_babaCode=32&k_raceDate=2026%2F09%2F20&k_raceNo=9
2026-09-20 20:30:00,20:29,2026-09-20,saga,9,10,馬連,9-10,62.9,62.9,19,https://www.keiba.go.jp/KeibaWeb/TodayRaceInfo/OddsUmLenFuku?k_babaCode=32&k_raceDate=2026%2F09%2F20&k_raceNo=9
2026-09-20 20:30:00,20:29,2026-09-20,saga,9,10,馬連,6-14,68.9,68.9,20,https://www.keiba.go.jp/KeibaWeb/TodayRaceInfo/OddsUmLenFuku?k_babaCode=32&k_raceDate=2026%2F09%2F20&k_raceNo=9
2026-09-20 20:30:00,20:29,2026-09-20,saga,9,10,馬連,5-9,75.7,75.7,21,https://www.keiba.go.jp/KeibaWeb/TodayRaceInfo/OddsUmLenFuku?k_babaCode=32&k_raceDate=2026%2F09%2F20&k_raceNo=9
2026-09-20 20:30:00,20:29,2026-09-20,saga,9,10,馬連,3-14,91.7,91.7,22,https://www.keiba.go.jp/KeibaWeb/TodayRaceInfo/OddsUmLenFuku?k_babaCode=32&k_raceDate=2026%2F09%2F20&k_raceNo=9
2026-09-20 20:30:00,20:29,2026-09-20,saga,9,10,馬連,7-10,97.6,97.6,23,https://www.keiba.go.jp/KeibaWeb/TodayRaceInfo/OddsUmLenFuku?k_babaCode=32&k_raceDate=2026%2F09%2F20&k_raceNo=9
2026-09-20 20:30:00,20:29,2026-09-20,saga,9,10,馬連,4-10,99.2,99.2,24,https://www.keiba.go.jp/KeibaWeb/TodayRaceInfo/OddsUmLenFuku?k_babaCode=32&k_raceDate=2026%2F09%2F20&k_raceNo=9
2026-09-20 20:30:00,20:29,2026-09-20,saga,9,10,馬連,1-7,102.5,102.5,25,https://www.keiba.go.jp/KeibaWeb/TodayRaceInfo/OddsUmLenFuku?k_babaCode=32&k_raceDate=2026%2F09%2F20&k_raceNo=9
2026-09-20 20:30:00,20:29,2026-09-20,saga,9,10,馬連,1-3,114.0,114.0,26,https://www.keiba.go.jp/KeibaWeb/TodayRaceInfo/OddsUmLenFuku?k_babaCode=32&k_raceDate=2026%2F09%2F20&k_raceNo=9
2026-09-20 20:30:00,20:29,2026-09-20,saga,9,10,馬連,5-7,120.8,120.8,27,https://www.keiba.go.jp/KeibaWeb/TodayRaceInfo/OddsUmLenFuku?k_babaCode=32&k_raceDate=2026%2F09%2F20&k_raceNo=9
2026-09-20 20:30:00,20:29,2026-09-20,saga,9,10,馬連,2-6,124.5,124.5,28,https://www.keiba.go.jp/KeibaWeb/TodayRaceInfo/OddsUmLenFuku?k_babaCode=32&k_raceDate=2026%2F09%2F20&k_raceNo=9
2026-09-20 20:30:00,20:29,2026-09-20,saga,9,10,馬連,3-5,132.6,132.6,29,https://www.keiba.go.jp/KeibaWeb/TodayRaceInfo/OddsUmLenFuku?k_babaCode=32&k_raceDate=2026%2F09%2F20&k_raceNo=9
2026-09-20 20:30:00,20:29,2026-09-20,saga,9,10,馬連,4-5,134.1,134.1,30,https://www.keiba.go.jp/KeibaWeb/TodayRaceInfo/OddsUmLenFuku?k_babaCode=32&k_raceDate=2026%2F09%2F20&k_raceNo=9
2026-09-20 20:30:00,20:29,2026-09-20,saga,9,10,馬連,2-12,137.1,137.1,31,https://www.keiba.go.jp/KeibaWeb/TodayRaceInfo/OddsUmLenFuku?k_babaCode=32&k_raceDate=2026%2F09%2F20&k_raceNo=9
2026-09-20 20:30:00,20:29,2026-09-20,saga,9,10,馬連,8-14,138.6,138.6,32,https://www.keiba.go.jp/KeibaWeb/TodayRaceInfo/OddsUmLenFuku?k_babaCode=32&k_raceDate=2026%2F09%2F20&k_raceNo=9
2026-09-20 20:30:00,20:29,2026-09-20,saga,9,10,馬連,1-4,141.8,141.8,33,https://www.keiba.go.jp/KeibaWeb/TodayRaceInfo/OddsUmLenFuku?k_babaCode=32&k_raceDate=2026%2F09%2F20&k_raceNo=9
2026-09-20 20:30:00,20:29,2026-09-20,saga,9,10,馬連,12-14,141.8,141.8,33,https://www.keiba.go.jp/KeibaWeb/TodayRaceInfo/OddsUmLenFuku?k_babaCode=32&k_raceDate=2026%2F09%2F20&k_raceNo=9
2026-09-20 20:30:00,20:29,2026-09-20,saga,9,10,馬連,13-14,143.5,143.5,35,https://www.keiba.go.jp/KeibaWeb/TodayRaceInfo/OddsUmLenFuku?k_babaCode=32&k_raceDate=2026%2F09%2F20&k_raceNo=9
2026-09-20 20:30:00,20:29,2026-09-20,saga,9,10,馬連,6-10,152.5,152.5,36,https://www.keiba.go.jp/KeibaWeb/TodayRaceInfo/OddsUmLenFuku?k_babaCode=32&k_raceDate=2026%2F09%2F20&k_raceNo=9
2026-09-20 20:30:00,20:29,2026-09-20,saga,9,10,馬連,11-14,169.4,169.4,37,https://www.keiba.go.jp/KeibaWeb/TodayRaceInfo/OddsUmLenFuku?k_babaCode=32&k_raceDate=2026%2F09%2F20&k_raceNo=9
2026-09-20 20:30:00,20:29,2026-09-20,saga,9,10,馬連,7-9,171.8,171.8,38,https://www.keiba.go.jp/KeibaWeb/TodayRaceInfo/OddsUmLenFuku?k_babaCode=32&k_raceDate=2026%2F09%2F20&k_raceNo=9
2026-09-20 20:30:00,20:29,2026-09-20,saga,9,10,馬連,1-6,179.4,179.4,39,https://www.keiba.go.jp/KeibaWeb/TodayRaceInfo/OddsUmLenFuku?k_babaCode=32&k_raceDate=2026%2F09%2F20&k_raceNo=9
2026-09-20 20:30:00,20:29,2026-09-20,saga,9,10,馬連,5-6,182.1,182.1,40,https://www.keiba.go.jp/KeibaWeb/TodayRaceInfo/OddsUmLenFuku?k_babaCode=32&k_raceDate=2026%2F09%2F20&k_raceNo=9
2026-09-20 20:30:00,20:29,2026-09-20,saga,9,10,馬連,3-10,193.7,193.7,41,https://www.keiba.go.jp/KeibaWeb/TodayRaceInfo/OddsUmLenFuku?k_babaCode=32&k_raceDate=2026%2F09%2F20&k_raceNo=9
2026-09-20 20:30:00,20:29,2026-09-20,saga,9,10,馬連,2-13,254.2,254.2,42,https://www.keiba.go.jp/KeibaWeb/TodayRaceInfo/OddsUmLenFuku?k_babaCode=32&k_raceDate=2026%2F09%2F20&k_raceNo=9
2026-09-20 20:30:00,20:29,2026-09-20,saga,9,10,馬連,1-8,277.3,277.3,43,https://www.keiba.go.jp/KeibaWeb/TodayRaceInfo/OddsUmLenFuku?k_babaCode=32&k_raceDate=2026%2F09%2F20&k_raceNo=9
2026-09-20 20:30:00,20:29,2026-09-20,saga,9,10,馬連,5-12,290.5,290.5,44,https://www.keiba.go.jp/KeibaWeb/TodayRaceInfo/OddsUmLenFuku?k_babaCode=32&k_raceDate=2026%2F09%2F20&k_raceNo=9
2026-09-20 20:30:00,20:29,2026-09-20,saga,9,10,馬連,1-12,297.6,297.6,45,https://www.keiba.go.jp/KeibaWeb/TodayRaceInfo/OddsUmLenFuku?k_babaCode=32&k_raceDate=2026%2F09%2F20&k_raceNo=9
2026-09-20 20:30:00,20:29,2026-09-20,saga,9,10,馬連,4-9,297.6,297.6,45,https://www.keiba.go.jp/KeibaWeb/TodayRaceInfo/OddsUmLenFuku?k_babaCode=32&k_raceDate=2026%2F09%2F20&k_raceNo=9
2026-09-20 20:30:00,20:29,2026-09-20,saga,9,10,馬連,10-12,305.0,305.0,47,https://www.keiba.go.jp/KeibaWeb/TodayRaceInfo/OddsUmLenFuku?k_babaCode=32&k_raceDate=2026%2F09%2F20&k_raceNo=9
2026-09-20 20:30:00,20:29,2026-09-20,saga,9,10,馬連,2-8,321.1,321.1,48,https://www.keiba.go.jp/KeibaWeb/TodayRaceInfo/OddsUmLenFuku?k_babaCode=32&k_raceDate=2026%2F09%2F20&k_raceNo=9
2026-09-20 20:30:00,20:29,2026-09-20,saga,9,10,馬連,4-7,321.1,321.1,48,https://www.keiba.go.jp/KeibaWeb/TodayRaceInfo/OddsUmLenFuku?k_babaCode=32&k_raceDate=2026%2F09%2F20&k_raceNo=9
2026-09-20 20:30:00,20:29,2026-09-20,saga,9,10,馬連,8-10,329.8,329.8,50,https://www.keiba.go.jp/KeibaWeb/TodayRaceInfo/OddsUmLenFuku?k_babaCode=32&k_raceDate=2026%2F09%2F20&k_raceNo=9
2026-09-20 20:30:00,20:29,2026-09-20,saga,9,10,馬連,1-11,338.9,338.9,51,https://www.keiba.go.jp/KeibaWeb/TodayRaceInfo/OddsUmLenFuku?k_babaCode=32&k_raceDate=2026%2F09%2F20&k_raceNo=9
2026-09-20 20:30:00,20:29,2026-09-20,saga,9,10,馬連,3-9,348.6,348.6,52,https://www.keiba.go.jp/KeibaWeb/TodayRaceInfo/OddsUmLenFuku?k_babaCode=32&k_raceDate=2026%2F09%2F20&k_raceNo=9
2026-09-20 20:30:00,20:29,2026-09-20,saga,9,10,馬連,10-13,348.6,348.6,52,https://www.keiba.go.jp/KeibaWeb/TodayRaceInfo/OddsUmLenFuku?k_babaCode=32&k_raceDate=2026%2F09%2F20&k_raceNo=9
2026-09-20 20:30:00,20:29,2026-09-20,saga,9,10,馬連,3-4,369.7,369.7,54,https://www.keiba.go.jp/KeibaWeb/TodayRaceInfo/OddsUmLenFuku?k_babaCode=32&k_raceDate=2026%2F09%2F20&k_raceNo=9
2026-09-20 20:30:00,20:29,2026-09-20,saga,9,10,馬連,6-9,369.7,369.7,54,https://www.keiba.go.jp/KeibaWeb/TodayRaceInfo/OddsUmLenFuku?k_babaCode=32&k_raceDate=2026%2F09%2F20&k_raceNo=9
2026-09-20 20:30:00,20:29,2026-09-20,saga,9,10,馬連,2-11,381.3,381.3,56,https://www.keiba.go.jp/KeibaWeb/TodayRaceInfo/OddsUmLenFuku?k_babaCode=32&k_raceDate=2026%2F09%2F20&k_raceNo=9
2026-09-20 20:30:00,20:29,2026-09-20,saga,9,10,馬連,9-13,381.3,381.3,56,https://www.keiba.go.jp/KeibaWeb/TodayRaceInfo/OddsUmLenFuku?k_babaCode=32&k_raceDate=2026%2F09%2F20&k_raceNo=9
2026-09-20 20:30:00,20:29,2026-09-20,saga,9,10,馬連,10-11,393.6,393.6,58,https://www.keiba.go.jp/KeibaWeb/TodayRaceInfo/OddsUmLenFuku?k_babaCode=32&k_raceDate=2026%2F09%2F20&k_raceNo=9
2026-09-20 20:30:00,20:29,2026-09-20,saga,9,10,馬連,4-6,406.7,406.7,59,https://www.keiba.go.jp/KeibaWeb/TodayRaceInfo/OddsUmLenFuku?k_babaCode=32&k_raceDate=2026%2F09%2F20&k_raceNo=9
2026-09-20 20:30:00,20:29,2026-09-20,saga,9,10,馬連,5-8,420.8,420.8,60,https://www.keiba.go.jp/KeibaWeb/TodayRaceInfo/OddsUmLenFuku?k_babaCode=32&k_raceDate=2026%2F09%2F20&k_raceNo=9
2026-09-20 20:30:00,20:29,2026-09-20,saga,9,10,馬連,6-7,420.8,420.8,60,https://www.keiba.go.jp/KeibaWeb/TodayRaceInfo/OddsUmLenFuku?k_babaCode=32&k_raceDate=2026%2F09%2F20&k_raceNo=9
2026-09-20 20:30:00,20:29,2026-09-20,saga,9,10,馬連,9-12,420.8,420.8,60,https://www.keiba.go.jp/KeibaWeb/TodayRaceInfo/OddsUmLenFuku?k_babaCode=32&k_raceDate=2026%2F09%2F20&k_raceNo=9
2026-09-20 20:30:00,20:29,2026-09-20,saga,9,10,馬連,3-7,451.9,451.9,63,https://www.keiba.go.jp/KeibaWeb/TodayRaceInfo/OddsUmLenFuku?k_babaCode=32&k_raceDate=2026%2F09%2F20&k_raceNo=9
2026-09-20 20:30:00,20:29,2026-09-20,saga,9,10,馬連,5-13,469.3,469.3,64,https://www.keiba.go.jp/KeibaWeb/TodayRaceInfo/OddsUmLenFuku?k_babaCode=32&k_raceDate=2026%2F09%2F20&k_raceNo=9
2026-09-20 20:30:00,20:29,2026-09-20,saga,9,10,馬連,8-9,469.3,469.3,64,https://www.keiba.go.jp/KeibaWeb/TodayRaceInfo/OddsUmLenFuku?k_babaCode=32&k_raceDate=2026%2F09%2F20&k_raceNo=9
2026-09-20 20:30:00,20:29,2026-09-20,saga,9,10,馬連,1-13,581.1,581.1,66,https://www.keiba.go.jp/KeibaWeb/TodayRaceInfo/OddsUmLenFuku?k_babaCode=32&k_raceDate=2026%2F09%2F20&k_raceNo=9
2026-09-20 20:30:00,20:29,2026-09-20,saga,9,10,馬連,3-8,581.1,581.1,66,https://www.keiba.go.jp/KeibaWeb/TodayRaceInfo/OddsUmLenFuku?k_babaCode=32&k_raceDate=2026%2F09%2F20&k_raceNo=9
2026-09-20 20:30:00,20:29,2026-09-20,saga,9,10,馬連,8-11,581.1,581.1,66,https://www.keiba.go.jp/KeibaWeb/TodayRaceInfo/OddsUmLenFuku?k_babaCode=32&k_raceDate=2026%2F09%2F20&k_raceNo=9
2026-09-20 20:30:00,20:29,2026-09-20,saga,9,10,馬連,9-11,581.1,581.1,66,https://www.keiba.go.jp/KeibaWeb/TodayRaceInfo/OddsUmLenFuku?k_babaCode=32&k_raceDate=2026%2F09%2F20&k_raceNo=9
2026-09-20 20:30:00,20:29,2026-09-20,saga,9,10,馬連,5-11,610.1,610.1,70,https://www.keiba.go.jp/KeibaWeb/TodayRaceInfo/OddsUmLenFuku?k_babaCode=32&k_raceDate=2026%2F09%2F20&k_raceNo=9
2026-09-20 20:30:00,20:29,2026-09-20,saga,9,10,馬連,4-8,642.2,642.2,71,https://www.keiba.go.jp/KeibaWeb/TodayRaceInfo/OddsUmLenFuku?k_babaCode=32&k_raceDate=2026%2F09%2F20&k_raceNo=9
2026-09-20 20:30:00,20:29,2026-09-20,saga,9,10,馬連,3-6,717.8,717.8,72,https://www.keiba.go.jp/KeibaWeb/TodayRaceInfo/OddsUmLenFuku?k_babaCode=32&k_raceDate=2026%2F09%2F20&k_raceNo=9
2026-09-20 20:30:00,20:29,2026-09-20,saga,9,10,馬連,7-12,717.8,717.8,72,https://www.keiba.go.jp/KeibaWeb/TodayRaceInfo/OddsUmLenFuku?k_babaCode=32&k_raceDate=2026%2F09%2F20&k_raceNo=9
2026-09-20 20:30:00,20:29,2026-09-20,saga,9,10,馬連,4-12,813.5,813.5,74,https://www.keiba.go.jp/KeibaWeb/TodayRaceInfo/OddsUmLenFuku?k_babaCode=32&k_raceDate=2026%2F09%2F20&k_raceNo=9
2026-09-20 20:30:00,20:29,2026-09-20,saga,9,10,馬連,3-11,871.6,871.6,75,https://www.keiba.go.jp/KeibaWeb/TodayRaceInfo/OddsUmLenFuku?k_babaCode=32&k_raceDate=2026%2F09%2F20&k_raceNo=9
2026-09-20 20:30:00,20:29,2026-09-20,saga,9,10,馬連,4-11,871.6,871.6,75,https://www.keiba.go.jp/KeibaWeb/TodayRaceInfo/OddsUmLenFuku?k_babaCode=32&k_raceDate=2026%2F09%2F20&k_raceNo=9
2026-09-20 20:30:00,20:29,2026-09-20,saga,9,10,馬連,7-11,871.6,871.6,75,https://www.keiba.go.jp/KeibaWeb/TodayRaceInfo/OddsUmLenFuku?k_babaCode=32&k_raceDate=2026%2F09%2F20&k_raceNo=9
2026-09-20 20:30:00,20:29,2026-09-20,saga,9,10,馬連,12-13,871.6,871.6,75,https://www.keiba.go.jp/KeibaWeb/TodayRaceInfo/OddsUmLenFuku?k_babaCode=32&k_raceDate=2026%2F09%2F20&k_raceNo=9
2026-09-20 20:30:00,20:29,2026-09-20,saga,9,10,馬連,6-12,1016.9,1016.9,79,https://www.keiba.go.jp/KeibaWeb/TodayRaceInfo/OddsUmLenFuku?k_babaCode=32&k_raceDate=2026%2F09%2F20&k_raceNo=9
2026-09-20 20:30:00,20:29,2026-09-20,saga,9,10,馬連,7-8,1016.9,1016.9,79,https://www.keiba.go.jp/KeibaWeb/TodayRaceInfo/OddsUmLenFuku?k_babaCode=32&k_raceDate=2026%2F09%2F20&k_raceNo=9
2026-09-20 20:30:00,20:29,2026-09-20,saga,9,10,馬連,3-13,1109.3,1109.3,81,https://www.keiba.go.jp/KeibaWeb/TodayRaceInfo/OddsUmLenFuku?k_babaCode=32&k_raceDate=2026%2F09%2F20&k_raceNo=9
2026-09-20 20:30:00,20:29,2026-09-20,saga,9,10,馬連,6-8,1109.3,1109.3,81,https://www.keiba.go.jp/KeibaWeb/TodayRaceInfo/OddsUmLenFuku?k_babaCode=32&k_raceDate=2026%2F09%2F20&k_raceNo=9
2026-09-20 20:30:00,20:29,2026-09-20,saga,9,10,馬連,6-13,1109.3,1109.3,81,https://www.keiba.go.jp/KeibaWeb/TodayRaceInfo/OddsUmLenFuku?k_babaCode=32&k_raceDate=2026%2F09%2F20&k_raceNo=9
2026-09-20 20:30:00,20:29,2026-09-20,saga,9,10,馬連,7-13,1220.3,1220.3,84,https://www.keiba.go.jp/KeibaWeb/TodayRaceInfo/OddsUmLenFuku?k_babaCode=32&k_raceDate=2026%2F09%2F20&k_raceNo=9
2026-09-20 20:30:00,20:29,2026-09-20,saga,9,10,馬連,8-12,1220.3,1220.3,84,https://www.keiba.go.jp/KeibaWeb/TodayRaceInfo/OddsUmLenFuku?k_babaCode=32&k_raceDate=2026%2F09%2F20&k_raceNo=9
2026-09-20 20:30:00,20:29,2026-09-20,saga,9,10,馬連,6-11,1355.9,1355.9,86,https://www.keiba.go.jp/KeibaWeb/TodayRaceInfo/OddsUmLenFuku?k_babaCode=32&k_raceDate=2026%2F09%2F20&k_raceNo=9
2026-09-20 20:30:00,20:29,2026-09-20,saga,9,10,馬連,8-13,1355.9,1355.9,86,https://www.keiba.go.jp/KeibaWeb/TodayRaceInfo/OddsUmLenFuku?k_babaCode=32&k_raceDate=2026%2F09%2F20&k_raceNo=9
2026-09-20 20:30:00,20:29,2026-09-20,saga,9,10,馬連,11-12,1355.9,1355.9,86,https://www.keiba.go.jp/KeibaWeb/TodayRaceInfo/OddsUmLenFuku?k_babaCode=32&k_raceDate=2026%2F09%2F20&k_raceNo=9
2026-09-20 20:30:00,20:29,2026-09-20,saga,9,10,馬連,3-12,1743.3,1743.3,89,https://www.keiba.go.jp/KeibaWeb/TodayRaceInfo/OddsUmLenFuku?k_babaCode=32&k_raceDate=2026%2F09%2F20&k_raceNo=9
2026-09-20 20:30:00,20:29,2026-09-20,saga,9,10,馬連,11-13,2033.8,2033.8,90,https://www.keiba.go.jp/KeibaWeb/TodayRaceInfo/OddsUmLenFuku?k_babaCode=32&k_raceDate=2026%2F09%2F20&k_raceNo=9
2026-09-20 20:30:00,20:29,2026-09-20,saga,9,10,馬連,4-13,2440.6,2440.6,91,https://www.keiba.go.jp/KeibaWeb/TodayRaceInfo/OddsUmLenFuku?k_babaCode=32&k_raceDate=2026%2F09%2F20&k_raceNo=9
2026-09-20 20:30:00,20:29,2026-09-20,saga,9,10,ワイド,10-14,2.3,2.6,1,https://www.keiba.go.jp/KeibaWeb/TodayRaceInfo/OddsWide?k_babaCode=32&k_raceDate=2026%2F09%2F20&k_raceNo=9
2026-09-20 20:30:00,20:29,2026-09-20,saga,9,10,ワイド,2-14,2.5,2.9,2,https://www.keiba.go.jp/KeibaWeb/TodayRaceInfo/OddsWide?k_babaCode=32&k_raceDate=2026%2F09%2F20&k_raceNo=9
2026-09-20 20:30:00,20:29,2026-09-20,saga,9,10,ワイド,1-14,3.0,3.4,3,https://www.keiba.go.jp/KeibaWeb/TodayRaceInfo/OddsWide?k_babaCode=32&k_raceDate=2026%2F09%2F20&k_raceNo=9
2026-09-20 20:30:00,20:29,2026-09-20,saga,9,10,ワイド,2-10,4.9,6.1,4,https://www.keiba.go.jp/KeibaWeb/TodayRaceInfo/OddsWide?k_babaCode=32&k_raceDate=2026%2F09%2F20&k_raceNo=9
2026-09-20 20:30:00,20:29,2026-09-20,saga,9,10,ワイド,1-2,5.0,6.0,5,https://www.keiba.go.jp/KeibaWeb/TodayRaceInfo/OddsWide?k_babaCode=32&k_raceDate=2026%2F09%2F20&k_raceNo=9
2026-09-20 20:30:00,20:29,2026-09-20,saga,9,10,ワイド,1-5,5.6,6.3,6,https://www.keiba.go.jp/KeibaWeb/TodayRaceInfo/OddsWide?k_babaCode=32&k_raceDate=2026%2F09%2F20&k_raceNo=9
2026-09-20 20:30:00,20:29,2026-09-20,saga,9,10,ワイド,2-5,5.8,6.6,7,https://www.keiba.go.jp/KeibaWeb/TodayRaceInfo/OddsWide?k_babaCode=32&k_raceDate=2026%2F09%2F20&k_raceNo=9
2026-09-20 20:30:00,20:29,2026-09-20,saga,9,10,ワイド,5-14,6.0,6.9,8,https://www.keiba.go.jp/KeibaWeb/TodayRaceInfo/OddsWide?k_babaCode=32&k_raceDate=2026%2F09%2F20&k_raceNo=9
2026-09-20 20:30:00,20:29,2026-09-20,saga,9,10,ワイド,1-10,7.1,8.7,9,https://www.keiba.go.jp/KeibaWeb/TodayRaceInfo/OddsWide?k_babaCode=32&k_raceDate=2026%2F09%2F20&k_raceNo=9
2026-09-20 20:30:00,20:29,2026-09-20,saga,9,10,ワイド,9-14,8.5,9.6,10,https://www.keiba.go.jp/KeibaWeb/TodayRaceInfo/OddsWide?k_babaCode=32&k_raceDate=2026%2F09%2F20&k_raceNo=9
2026-09-20 20:30:00,20:29,2026-09-20,saga,9,10,ワイド,5-10,8.9,10.3,11,https://www.keiba.go.jp/KeibaWeb/TodayRaceInfo/OddsWide?k_babaCode=32&k_raceDate=2026%2F09%2F20&k_raceNo=9
2026-09-20 20:30:00,20:29,2026-09-20,saga,9,10,ワイド,1-9,11.1,12.4,12,https://www.keiba.go.jp/KeibaWeb/TodayRaceInfo/OddsWide?k_babaCode=32&k_raceDate=2026%2F09%2F20&k_raceNo=9
2026-09-20 20:30:00,20:29,2026-09-20,saga,9,10,ワイド,7-14,12.0,13.6,13,https://www.keiba.go.jp/KeibaWeb/TodayRaceInfo/OddsWide?k_babaCode=32&k_raceDate=2026%2F09%2F20&k_raceNo=9
2026-09-20 20:30:00,20:29,2026-09-20,saga,9,10,ワイド,2-4,12.3,13.7,14,https://www.keiba.go.jp/KeibaWeb/TodayRaceInfo/OddsWide?k_babaCode=32&k_raceDate=2026%2F09%2F20&k_raceNo=9
2026-09-20 20:30:00,20:29,2026-09-20,saga,9,10,ワイド,5-9,12.4,13.2,15,https://www.keiba.go.jp/KeibaWeb/TodayRaceInfo/OddsWide?k_babaCode=32&k_raceDate=2026%2F09%2F20&k_raceNo=9
2026-09-20 20:30:00,20:29,2026-09-20,saga,9,10,ワイド,2-9,14.4,16.4,16,https://www.keiba.go.jp/KeibaWeb/TodayRaceInfo/OddsWide?k_babaCode=32&k_raceDate=2026%2F09%2F20&k_raceNo=9
2026-09-20 20:30:00,20:29,2026-09-20,saga,9,10,ワイド,9-10,14.8,17.1,17,https://www.keiba.go.jp/KeibaWeb/TodayRaceInfo/OddsWide?k_babaCode=32&k_raceDate=2026%2F09%2F20&k_raceNo=9
2026-09-20 20:30:00,20:29,2026-09-20,saga,9,10,ワイド,7-10,16.9,19.3,18,https://www.keiba.go.jp/KeibaWeb/TodayRaceInfo/OddsWide?k_babaCode=32&k_raceDate=2026%2F09%2F20&k_raceNo=9
2026-09-20 20:30:00,20:29,2026-09-20,saga,9,10,ワイド,2-7,19.2,21.7,19,https://www.keiba.go.jp/KeibaWeb/TodayRaceInfo/OddsWide?k_babaCode=32&k_raceDate=2026%2F09%2F20&k_raceNo=9
2026-09-20 20:30:00,20:29,2026-09-20,saga,9,10,ワイド,1-7,19.4,21.5,20,https://www.keiba.go.jp/KeibaWeb/TodayRaceInfo/OddsWide?k_babaCode=32&k_raceDate=2026%2F09%2F20&k_raceNo=9
2026-09-20 20:30:00,20:29,2026-09-20,saga,9,10,ワイド,4-14,19.9,22.5,21,https://www.keiba.go.jp/KeibaWeb/TodayRaceInfo/OddsWide?k_babaCode=32&k_raceDate=2026%2F09%2F20&k_raceNo=9
2026-09-20 20:30:00,20:29,2026-09-20,saga,9,10,ワイド,5-7,24.2,25.5,22,https://www.keiba.go.jp/KeibaWeb/TodayRaceInfo/OddsWide?k_babaCode=32&k_raceDate=2026%2F09%2F20&k_raceNo=9
2026-09-20 20:30:00,20:29,2026-09-20,saga,9,10,ワイド,4-10,24.6,28.1,23,https://www.keiba.go.jp/KeibaWeb/TodayRaceInfo/OddsWide?k_babaCode=32&k_raceDate=2026%2F09%2F20&k_raceNo=9
2026-09-20 20:30:00,20:29,2026-09-20,saga,9,10,ワイド,6-10,24.8,28.1,24,https://www.keiba.go.jp/KeibaWeb/TodayRaceInfo/OddsWide?k_babaCode=32&k_raceDate=2026%2F09%2F20&k_raceNo=9
2026-09-20 20:30:00,20:29,2026-09-20,saga,9,10,ワイド,4-5,25.4,26.9,25,https://www.keiba.go.jp/KeibaWeb/TodayRaceInfo/OddsWide?k_babaCode=32&k_raceDate=2026%2F09%2F20&k_raceNo=9
2026-09-20 20:30:00,20:29,2026-09-20,saga,9,10,ワイド,3-14,26.5,30.0,26,https://www.keiba.go.jp/KeibaWeb/TodayRaceInfo/OddsWide?k_babaCode=32&k_raceDate=2026%2F09%2F20&k_raceNo=9
2026-09-20 20:30:00,20:29,2026-09-20,saga,9,10,ワイド,1-4,27.6,30.3,27,https://www.keiba.go.jp/KeibaWeb/TodayRaceInfo/OddsWide?k_babaCode=32&k_raceDate=2026%2F09%2F20&k_raceNo=9
2026-09-20 20:30:00,20:29,2026-09-20,saga,9,10,ワイド,1-3,28.0,30.7,28,https://www.keiba.go.jp/KeibaWeb/TodayRaceInfo/OddsWide?k_babaCode=32&k_raceDate=2026%2F09%2F20&k_raceNo=9
2026-09-20 20:30:00,20:29,2026-09-20,saga,9,10,ワイド,3-5,30.8,32.3,29,https://www.keiba.go.jp/KeibaWeb/TodayRaceInfo/OddsWide?k_babaCode=32&k_raceDate=2026%2F09%2F20&k_raceNo=9
2026-09-20 20:30:00,20:29,2026-09-20,saga,9,10,ワイド,6-14,31.9,36.2,30,https://www.keiba.go.jp/KeibaWeb/TodayRaceInfo/OddsWide?k_babaCode=32&k_raceDate=2026%2F09%2F20&k_raceNo=9
2026-09-20 20:30:00,20:29,2026-09-20,saga,9,10,ワイド,7-9,32.1,33.6,31,https://www.keiba.go.jp/KeibaWeb/TodayRaceInfo/OddsWide?k_babaCode=32&k_raceDate=2026%2F09%2F20&k_raceNo=9
2026-09-20 20:30:00,20:29,2026-09-20,saga,9,10,ワイド,2-3,32.4,36.2,32,https://www.keiba.go.jp/KeibaWeb/TodayRaceInfo/OddsWide?k_babaCode=32&k_raceDate=2026%2F09%2F20&k_raceNo=9
2026-09-20 20:30:00,20:29,2026-09-20,saga,9,10,ワイド,6-7,32.6,33.4,33,https://www.keiba.go.jp/KeibaWeb/TodayRaceInfo/OddsWide?k_babaCode=32&k_raceDate=2026%2F09%2F20&k_raceNo=9
2026-09-20 20:30:00,20:29,2026-09-20,saga,9,10,ワイド,2-12,37.4,41.5,34,https://www.keiba.go.jp/KeibaWeb/TodayRaceInfo/OddsWide?k_babaCode=32&k_raceDate=2026%2F09%2F20&k_raceNo=9
2026-09-20 20:30:00,20:29,2026-09-20,saga,9,10,ワイド,3-10,38.1,43.3,35,https://www.keiba.go.jp/KeibaWeb/TodayRaceInfo/OddsWide?k_babaCode=32&k_raceDate=2026%2F09%2F20&k_raceNo=9
2026-09-20 20:30:00,20:29,2026-09-20,saga,9,10,ワイド,2-6,39.1,43.7,36,https://www.keiba.go.jp/KeibaWeb/TodayRaceInfo/OddsWide?k_babaCode=32&k_raceDate=2026%2F09%2F20&k_raceNo=9
2026-09-20 20:30:00,20:29,2026-09-20,saga,9,10,ワイド,5-6,39.7,41.5,37,https://www.keiba.go.jp/KeibaWeb/TodayRaceInfo/OddsWide?k_babaCode=32&k_raceDate=2026%2F09%2F20&k_raceNo=9
2026-09-20 20:30:00,20:29,2026-09-20,saga,9,10,ワイド,1-6,41.2,45.2,38,https://www.keiba.go.jp/KeibaWeb/TodayRaceInfo/OddsWide?k_babaCode=32&k_raceDate=2026%2F09%2F20&k_raceNo=9
2026-09-20 20:30:00,20:29,2026-09-20,saga,9,10,ワイド,4-9,43.2,44.8,39,https://www.keiba.go.jp/KeibaWeb/TodayRaceInfo/OddsWide?k_babaCode=32&k_raceDate=2026%2F09%2F20&k_raceNo=9
2026-09-20 20:30:00,20:29,2026-09-20,saga,9,10,ワイド,4-6,45.0,46.1,40,https://www.keiba.go.jp/KeibaWeb/TodayRaceInfo/OddsWide?k_babaCode=32&k_raceDate=2026%2F09%2F20&k_raceNo=9
2026-09-20 20:30:00,20:29,2026-09-20,saga,9,10,ワイド,13-14,52.9,59.6,41,https://www.keiba.go.jp/KeibaWeb/TodayRaceInfo/OddsWide?k_babaCode=32&k_raceDate=2026%2F09%2F20&k_raceNo=9
2026-09-20 20:30:00,20:29,2026-09-20,saga,9,10,ワイド,3-9,54.4,56.3,42,https://www.keiba.go.jp/KeibaWeb/TodayRaceInfo/OddsWide?k_babaCode=32&k_raceDate=2026%2F09%2F20&k_raceNo=9
2026-09-20 20:30:00,20:29,2026-09-20,saga,9,10,ワイド,4-8,58.5,59.7,43,https://www.keiba.go.jp/KeibaWeb/TodayRaceInfo/OddsWide?k_babaCode=32&k_raceDate=2026%2F09%2F20&k_raceNo=9
2026-09-20 20:30:00,20:29,2026-09-20,saga,9,10,ワイド,6-9,59.1,61.1,44,https://www.keiba.go.jp/KeibaWeb/TodayRaceInfo/OddsWide?k_babaCode=32&k_raceDate=2026%2F09%2F20&k_raceNo=9
2026-09-20 20:30:00,20:29,2026-09-20,saga,9,10,ワイド,1-8,59.5,65.0,45,https://www.keiba.go.jp/KeibaWeb/TodayRaceInfo/OddsWide?k_babaCode=32&k_raceDate=2026%2F09%2F20&k_raceNo=9
2026-09-20 20:30:00,20:29,2026-09-20,saga,9,10,ワイド,2-13,59.9,66.7,46,https://www.keiba.go.jp/KeibaWeb/TodayRaceInfo/OddsWide?k_babaCode=32&k_raceDate=2026%2F09%2F20&k_raceNo=9
2026-09-20 20:30:00,20:29,2026-09-20,saga,9,10,ワイド,3-4,61.1,62.6,47,https://www.keiba.go.jp/KeibaWeb/TodayRaceInfo/OddsWide?k_babaCode=32&k_raceDate=2026%2F09%2F20&k_raceNo=9
2026-09-20 20:30:00,20:29,2026-09-20,saga,9,10,ワイド,8-10,64.2,72.5,48,https://www.keiba.go.jp/KeibaWeb/TodayRaceInfo/OddsWide?k_babaCode=32&k_raceDate=2026%2F09%2F20&k_raceNo=9
2026-09-20 20:30:00,20:29,2026-09-20,saga,9,10,ワイド,2-8,71.4,79.3,49,https://www.keiba.go.jp/KeibaWeb/TodayRaceInfo/OddsWide?k_babaCode=32&k_raceDate=2026%2F09%2F20&k_raceNo=9
2026-09-20 20:30:00,20:29,2026-09-20,saga,9,10,ワイド,4-7,71.5,73.6,50,https://www.keiba.go.jp/KeibaWeb/TodayRaceInfo/OddsWide?k_babaCode=32&k_raceDate=2026%2F09%2F20&k_raceNo=9
2026-09-20 20:30:00,20:29,2026-09-20,saga,9,10,ワイド,1-13,72.5,79.3,51,https://www.keiba.go.jp/KeibaWeb/TodayRaceInfo/OddsWide?k_babaCode=32&k_raceDate=2026%2F09%2F20&k_raceNo=9
2026-09-20 20:30:00,20:29,2026-09-20,saga,9,10,ワイド,10-11,73.7,83.3,52,https://www.keiba.go.jp/KeibaWeb/TodayRaceInfo/OddsWide?k_babaCode=32&k_raceDate=2026%2F09%2F20&k_raceNo=9
2026-09-20 20:30:00,20:29,2026-09-20,saga,9,10,ワイド,6-8,73.9,74.7,53,https://www.keiba.go.jp/KeibaWeb/TodayRaceInfo/OddsWide?k_babaCode=32&k_raceDate=2026%2F09%2F20&k_raceNo=9
2026-09-20 20:30:00,20:29,2026-09-20,saga,9,10,ワイド,1-11,78.8,86.1,54,https://www.keiba.go.jp/KeibaWeb/TodayRaceInfo/OddsWide?k_babaCode=32&k_raceDate=2026%2F09%2F20&k_raceNo=9
2026-09-20 20:30:00,20:29,2026-09-20,saga,9,10,ワイド,11-14,81.9,92.4,55,https://www.keiba.go.jp/KeibaWeb/TodayRaceInfo/OddsWide?k_babaCode=32&k_raceDate=2026%2F09%2F20&k_raceNo=9
2026-09-20 20:30:00,20:29,2026-09-20,saga,9,10,ワイド,5-12,82.4,86.2,56,https://www.keiba.go.jp/KeibaWeb/TodayRaceInfo/OddsWide?k_babaCode=32&k_raceDate=2026%2F09%2F20&k_raceNo=9
2026-09-20 20:30:00,20:29,2026-09-20,saga,9,10,ワイド,12-14,83.5,94.2,57,https://www.keiba.go.jp/KeibaWeb/TodayRaceInfo/OddsWide?k_babaCode=32&k_raceDate=2026%2F09%2F20&k_raceNo=9
2026-09-20 20:30:00,20:29,2026-09-20,saga,9,10,ワイド,8-14,86.6,97.8,58,https://www.keiba.go.jp/KeibaWeb/TodayRaceInfo/OddsWide?k_babaCode=32&k_raceDate=2026%2F09%2F20&k_raceNo=9
2026-09-20 20:30:00,20:29,2026-09-20,saga,9,10,ワイド,5-8,88.5,92.5,59,https://www.keiba.go.jp/KeibaWeb/TodayRaceInfo/OddsWide?k_babaCode=32&k_raceDate=2026%2F09%2F20&k_raceNo=9
2026-09-20 20:30:00,20:29,2026-09-20,saga,9,10,ワイド,1-12,99.3,108.4,60,https://www.keiba.go.jp/KeibaWeb/TodayRaceInfo/OddsWide?k_babaCode=32&k_raceDate=2026%2F09%2F20&k_raceNo=9
2026-09-20 20:30:00,20:29,2026-09-20,saga,9,10,ワイド,4-12,99.6,102.0,61,https://www.keiba.go.jp/KeibaWeb/TodayRaceInfo/OddsWide?k_babaCode=32&k_raceDate=2026%2F09%2F20&k_raceNo=9
2026-09-20 20:30:00,20:29,2026-09-20,saga,9,10,ワイド,9-13,101.0,104.1,62,https://www.keiba.go.jp/KeibaWeb/TodayRaceInfo/OddsWide?k_babaCode=32&k_raceDate=2026%2F09%2F20&k_raceNo=9
2026-09-20 20:30:00,20:29,2026-09-20,saga,9,10,ワイド,3-7,103.6,106.3,63,https://www.keiba.go.jp/KeibaWeb/TodayRaceInfo/OddsWide?k_babaCode=32&k_raceDate=2026%2F09%2F20&k_raceNo=9
2026-09-20 20:30:00,20:29,2026-09-20,saga,9,10,ワイド,9-12,110.3,113.5,64,https://www.keiba.go.jp/KeibaWeb/TodayRaceInfo/OddsWide?k_babaCode=32&k_raceDate=2026%2F09%2F20&k_raceNo=9
2026-09-20 20:30:00,20:29,2026-09-20,saga,9,10,ワイド,3-6,114.6,116.1,65,https://www.keiba.go.jp/KeibaWeb/TodayRaceInfo/OddsWide?k_babaCode=32&k_raceDate=2026%2F09%2F20&k_raceNo=9
2026-09-20 20:30:00,20:29,2026-09-20,saga,9,10,ワイド,7-8,125.5,128.0,66,https://www.keiba.go.jp/KeibaWeb/TodayRaceInfo/OddsWide?k_babaCode=32&k_raceDate=2026%2F09%2F20&k_raceNo=9
2026-09-20 20:30:00,20:29,2026-09-20,saga,9,10,ワイド,5-13,125.6,131.3,67,https://www.keiba.go.jp/KeibaWeb/TodayRaceInfo/OddsWide?k_babaCode=32&k_raceDate=2026%2F09%2F20&k_raceNo=9
2026-09-20 20:30:00,20:29,2026-09-20,saga,9,10,ワイド,2-11,131.9,146.4,68,https://www.keiba.go.jp/KeibaWeb/TodayRaceInfo/OddsWide?k_babaCode=32&k_raceDate=2026%2F09%2F20&k_raceNo=9
2026-09-20 20:30:00,20:29,2026-09-20,saga,9,10,ワイド,10-12,133.7,151.1,69,https://www.keiba.go.jp/KeibaWeb/TodayRaceInfo/OddsWide?k_babaCode=32&k_raceDate=2026%2F09%2F20&k_raceNo=9
2026-09-20 20:30:00,20:29,2026-09-20,saga,9,10,ワイド,3-11,141.2,142.6,70,https://www.keiba.go.jp/KeibaWeb/TodayRaceInfo/OddsWide?k_babaCode=32&k_raceDate=2026%2F09%2F20&k_raceNo=9
2026-09-20 20:30:00,20:29,2026-09-20,saga,9,10,ワイド,8-11,141.9,142.7,71,https://www.keiba.go.jp/KeibaWeb/TodayRaceInfo/OddsWide?k_babaCode=32&k_raceDate=2026%2F09%2F20&k_raceNo=9
2026-09-20 20:30:00,20:29,2026-09-20,saga,9,10,ワイド,4-11,148.4,151.2,72,https://www.keiba.go.jp/KeibaWeb/TodayRaceInfo/OddsWide?k_babaCode=32&k_raceDate=2026%2F09%2F20&k_raceNo=9
2026-09-20 20:30:00,20:29,2026-09-20,saga,9,10,ワイド,5-11,149.1,155.8,73,https://www.keiba.go.jp/KeibaWeb/TodayRaceInfo/OddsWide?k_babaCode=32&k_raceDate=2026%2F09%2F20&k_raceNo=9
2026-09-20 20:30:00,20:29,2026-09-20,saga,9,10,ワイド,10-13,151.8,171.9,74,https://www.keiba.go.jp/KeibaWeb/TodayRaceInfo/OddsWide?k_babaCode=32&k_raceDate=2026%2F09%2F20&k_raceNo=9
2026-09-20 20:30:00,20:29,2026-09-20,saga,9,10,ワイド,6-13,154.4,156.0,75,https://www.keiba.go.jp/KeibaWeb/TodayRaceInfo/OddsWide?k_babaCode=32&k_raceDate=2026%2F09%2F20&k_raceNo=9
2026-09-20 20:30:00,20:29,2026-09-20,saga,9,10,ワイド,7-13,168.3,172.0,76,https://www.keiba.go.jp/KeibaWeb/TodayRaceInfo/OddsWide?k_babaCode=32&k_raceDate=2026%2F09%2F20&k_raceNo=9
2026-09-20 20:30:00,20:29,2026-09-20,saga,9,10,ワイド,8-9,186.4,191.6,77,https://www.keiba.go.jp/KeibaWeb/TodayRaceInfo/OddsWide?k_babaCode=32&k_raceDate=2026%2F09%2F20&k_raceNo=9
2026-09-20 20:30:00,20:29,2026-09-20,saga,9,10,ワイド,9-11,186.4,191.6,77,https://www.keiba.go.jp/KeibaWeb/TodayRaceInfo/OddsWide?k_babaCode=32&k_raceDate=2026%2F09%2F20&k_raceNo=9
2026-09-20 20:30:00,20:29,2026-09-20,saga,9,10,ワイド,7-12,188.0,191.8,79,https://www.keiba.go.jp/KeibaWeb/TodayRaceInfo/OddsWide?k_babaCode=32&k_raceDate=2026%2F09%2F20&k_raceNo=9
2026-09-20 20:30:00,20:29,2026-09-20,saga,9,10,ワイド,7-11,212.4,216.7,80,https://www.keiba.go.jp/KeibaWeb/TodayRaceInfo/OddsWide?k_babaCode=32&k_raceDate=2026%2F09%2F20&k_raceNo=9
2026-09-20 20:30:00,20:29,2026-09-20,saga,9,10,ワイド,6-12,259.6,262.4,81,https://www.keiba.go.jp/KeibaWeb/TodayRaceInfo/OddsWide?k_babaCode=32&k_raceDate=2026%2F09%2F20&k_raceNo=9
2026-09-20 20:30:00,20:29,2026-09-20,saga,9,10,ワイド,4-13,271.1,276.6,82,https://www.keiba.go.jp/KeibaWeb/TodayRaceInfo/OddsWide?k_babaCode=32&k_raceDate=2026%2F09%2F20&k_raceNo=9
2026-09-20 20:30:00,20:29,2026-09-20,saga,9,10,ワイド,3-8,290.0,293.2,83,https://www.keiba.go.jp/KeibaWeb/TodayRaceInfo/OddsWide?k_babaCode=32&k_raceDate=2026%2F09%2F20&k_raceNo=9
2026-09-20 20:30:00,20:29,2026-09-20,saga,9,10,ワイド,8-13,309.7,311.5,84,https://www.keiba.go.jp/KeibaWeb/TodayRaceInfo/OddsWide?k_babaCode=32&k_raceDate=2026%2F09%2F20&k_raceNo=9
2026-09-20 20:30:00,20:29,2026-09-20,saga,9,10,ワイド,3-12,328.3,332.2,85,https://www.keiba.go.jp/KeibaWeb/TodayRaceInfo/OddsWide?k_babaCode=32&k_raceDate=2026%2F09%2F20&k_raceNo=9
2026-09-20 20:30:00,20:29,2026-09-20,saga,9,10,ワイド,3-13,328.5,332.2,86,https://www.keiba.go.jp/KeibaWeb/TodayRaceInfo/OddsWide?k_babaCode=32&k_raceDate=2026%2F09%2F20&k_raceNo=9
2026-09-20 20:30:00,20:29,2026-09-20,saga,9,10,ワイド,6-11,352.1,355.8,87,https://www.keiba.go.jp/KeibaWeb/TodayRaceInfo/OddsWide?k_babaCode=32&k_raceDate=2026%2F09%2F20&k_raceNo=9
2026-09-20 20:30:00,20:29,2026-09-20,saga,9,10,ワイド,12-13,352.9,355.9,88,https://www.keiba.go.jp/KeibaWeb/TodayRaceInfo/OddsWide?k_babaCode=32&k_raceDate=2026%2F09%2F20&k_raceNo=9
2026-09-20 20:30:00,20:29,2026-09-20,saga,9,10,ワイド,11-13,353.9,355.9,89,https://www.keiba.go.jp/KeibaWeb/TodayRaceInfo/OddsWide?k_babaCode=32&k_raceDate=2026%2F09%2F20&k_raceNo=9
2026-09-20 20:30:00,20:29,2026-09-20,saga,9,10,ワイド,8-12,380.2,383.2,90,https://www.keiba.go.jp/KeibaWeb/TodayRaceInfo/OddsWide?k_babaCode=32&k_raceDate=2026%2F09%2F20&k_raceNo=9
2026-09-20 20:30:00,20:29,2026-09-20,saga,9,10,ワイド,11-12,412.5,415.1,91,https://www.keiba.go.jp/KeibaWeb/TodayRaceInfo/OddsWide?k_babaCode=32&k_raceDate=2026%2F09%2F20&k_raceNo=9
2026-09-20 20:30:00,20:29,2026-09-20,saga,9,10,三連複,2-10-14,11.5,11.5,1,https://www.keiba.go.jp/KeibaWeb/TodayRaceInfo/Odds3LenFuku?k_babaCode=32&k_raceDate=2026%2F09%2F20&k_raceNo=9
2026-09-20 20:30:00,20:29,2026-09-20,saga,9,10,三連複,1-2-14,12.8,12.8,2,https://www.keiba.go.jp/KeibaWeb/TodayRaceInfo/Odds3LenFuku?k_babaCode=32&k_raceDate=2026%2F09%2F20&k_raceNo=9
2026-09-20 20:30:00,20:29,2026-09-20,saga,9,10,三連複,2-5-14,19.7,19.7,3,https://www.keiba.go.jp/KeibaWeb/TodayRaceInfo/Odds3LenFuku?k_babaCode=32&k_raceDate=2026%2F09%2F20&k_raceNo=9
2026-09-20 20:30:00,20:29,2026-09-20,saga,9,10,三連複,1-10-14,20.1,20.1,4,https://www.keiba.go.jp/KeibaWeb/TodayRaceInfo/Odds3LenFuku?k_babaCode=32&k_raceDate=2026%2F09%2F20&k_raceNo=9
2026-09-20 20:30:00,20:29,2026-09-20,saga,9,10,三連複,1-5-14,21.2,21.2,5,https://www.keiba.go.jp/KeibaWeb/TodayRaceInfo/Odds3LenFuku?k_babaCode=32&k_raceDate=2026%2F09%2F20&k_raceNo=9
2026-09-20 20:30:00,20:29,2026-09-20,saga,9,10,三連複,5-10-14,22.6,22.6,6,https://www.keiba.go.jp/KeibaWeb/TodayRaceInfo/Odds3LenFuku?k_babaCode=32&k_raceDate=2026%2F09%2F20&k_raceNo=9
2026-09-20 20:30:00,20:29,2026-09-20,saga,9,10,三連複,2-7-14,23.2,23.2,7,https://www.keiba.go.jp/KeibaWeb/TodayRaceInfo/Odds3LenFuku?k_babaCode=32&k_raceDate=2026%2F09%2F20&k_raceNo=9
2026-09-20 20:30:00,20:29,2026-09-20,saga,9,10,三連複,1-2-10,27.4,27.4,8,https://www.keiba.go.jp/KeibaWeb/TodayRaceInfo/Odds3LenFuku?k_babaCode=32&k_raceDate=2026%2F09%2F20&k_raceNo=9
2026-09-20 20:30:00,20:29,2026-09-20,saga,9,10,三連複,2-9-14,35.0,35.0,9,https://www.keiba.go.jp/KeibaWeb/TodayRaceInfo/Odds3LenFuku?k_babaCode=32&k_raceDate=2026%2F09%2F20&k_raceNo=9
2026-09-20 20:30:00,20:29,2026-09-20,saga,9,10,三連複,1-2-5,38.9,38.9,10,https://www.keiba.go.jp/KeibaWeb/TodayRaceInfo/Odds3LenFuku?k_babaCode=32&k_raceDate=2026%2F09%2F20&k_raceNo=9
2026-09-20 20:30:00,20:29,2026-09-20,saga,9,10,三連複,2-5-10,39.3,39.3,11,https://www.keiba.go.jp/KeibaWeb/TodayRaceInfo/Odds3LenFuku?k_babaCode=32&k_raceDate=2026%2F09%2F20&k_raceNo=9
2026-09-20 20:30:00,20:29,2026-09-20,saga,9,10,三連複,1-9-14,40.3,40.3,12,https://www.keiba.go.jp/KeibaWeb/TodayRaceInfo/Odds3LenFuku?k_babaCode=32&k_raceDate=2026%2F09%2F20&k_raceNo=9
2026-09-20 20:30:00,20:29,2026-09-20,saga,9,10,三連複,2-4-14,40.9,40.9,13,https://www.keiba.go.jp/KeibaWeb/TodayRaceInfo/Odds3LenFuku?k_babaCode=32&k_raceDate=2026%2F09%2F20&k_raceNo=9
2026-09-20 20:30:00,20:29,2026-09-20,saga,9,10,三連複,9-10-14,41.5,41.5,14,https://www.keiba.go.jp/KeibaWeb/TodayRaceInfo/Odds3LenFuku?k_babaCode=32&k_raceDate=2026%2F09%2F20&k_raceNo=9
2026-09-20 20:30:00,20:29,2026-09-20,saga,9,10,三連複,2-3-14,45.8,45.8,15,https://www.keiba.go.jp/KeibaWeb/TodayRaceInfo/Odds3LenFuku?k_babaCode=32&k_raceDate=2026%2F09%2F20&k_raceNo=9
2026-09-20 20:30:00,20:29,2026-09-20,saga,9,10,三連複,1-5-10,47.8,47.8,16,https://www.keiba.go.jp/KeibaWeb/TodayRaceInfo/Odds3LenFuku?k_babaCode=32&k_raceDate=2026%2F09%2F20&k_raceNo=9
2026-09-20 20:30:00,20:29,2026-09-20,saga,9,10,三連複,4-10-14,51.1,51.1,17,https://www.keiba.go.jp/KeibaWeb/TodayRaceInfo/Odds3LenFuku?k_babaCode=32&k_raceDate=2026%2F09%2F20&k_raceNo=9
2026-09-20 20:30:00,20:29,2026-09-20,saga,9,10,三連複,5-9-14,52.7,52.7,18,https://www.keiba.go.jp/KeibaWeb/TodayRaceInfo/Odds3LenFuku?k_babaCode=32&k_raceDate=2026%2F09%2F20&k_raceNo=9
2026-09-20 20:30:00,20:29,2026-09-20,saga,9,10,三連複,1-2-3,53.5,53.5,19,https://www.keiba.go.jp/KeibaWeb/TodayRaceInfo/Odds3LenFuku?k_babaCode=32&k_raceDate=2026%2F09%2F20&k_raceNo=9
2026-09-20 20:30:00,20:29,2026-09-20,saga,9,10,三連複,7-10-14,55.3,55.3,20,https://www.keiba.go.jp/KeibaWeb/TodayRaceInfo/Odds3LenFuku?k_babaCode=32&k_raceDate=2026%2F09%2F20&k_raceNo=9
2026-09-20 20:30:00,20:29,2026-09-20,saga,9,10,三連複,1-2-7,58.2,58.2,21,https://www.keiba.go.jp/KeibaWeb/TodayRaceInfo/Odds3LenFuku?k_babaCode=32&k_raceDate=2026%2F09%2F20&k_raceNo=9
2026-09-20 20:30:00,20:29,2026-09-20,saga,9,10,三連複,1-7-14,60.6,60.6,22,https://www.keiba.go.jp/KeibaWeb/TodayRaceInfo/Odds3LenFuku?k_babaCode=32&k_raceDate=2026%2F09%2F20&k_raceNo=9
2026-09-20 20:30:00,20:29,2026-09-20,saga,9,10,三連複,2-4-10,67.3,67.3,23,https://www.keiba.go.jp/KeibaWeb/TodayRaceInfo/Odds3LenFuku?k_babaCode=32&k_raceDate=2026%2F09%2F20&k_raceNo=9
2026-09-20 20:30:00,20:29,2026-09-20,saga,9,10,三連複,1-2-4,69.9,69.9,24,https://www.keiba.go.jp/KeibaWeb/TodayRaceInfo/Odds3LenFuku?k_babaCode=32&k_raceDate=2026%2F09%2F20&k_raceNo=9
2026-09-20 20:30:00,20:29,2026-09-20,saga,9,10,三連複,5-7-14,72.9,72.9,25,https://www.keiba.go.jp/KeibaWeb/TodayRaceInfo/Odds3LenFuku?k_babaCode=32&k_raceDate=2026%2F09%2F20&k_raceNo=9
2026-09-20 20:30:00,20:29,2026-09-20,saga,9,10,三連複,6-10-14,74.9,74.9,26,https://www.keiba.go.jp/KeibaWeb/TodayRaceInfo/Odds3LenFuku?k_babaCode=32&k_raceDate=2026%2F09%2F20&k_raceNo=9
2026-09-20 20:30:00,20:29,2026-09-20,saga,9,10,三連複,2-7-10,75.0,75.0,27,https://www.keiba.go.jp/KeibaWeb/TodayRaceInfo/Odds3LenFuku?k_babaCode=32&k_raceDate=2026%2F09%2F20&k_raceNo=9
2026-09-20 20:30:00,20:29,2026-09-20,saga,9,10,三連複,1-2-9,78.8,78.8,28,https://www.keiba.go.jp/KeibaWeb/TodayRaceInfo/Odds3LenFuku?k_babaCode=32&k_raceDate=2026%2F09%2F20&k_raceNo=9
2026-09-20 20:30:00,20:29,2026-09-20,saga,9,10,三連複,1-3-14,79.6,79.6,29,https://www.keiba.go.jp/KeibaWeb/TodayRaceInfo/Odds3LenFuku?k_babaCode=32&k_raceDate=2026%2F09%2F20&k_raceNo=9
2026-09-20 20:30:00,20:29,2026-09-20,saga,9,10,三連複,2-9-10,93.6,93.6,30,https://www.keiba.go.jp/KeibaWeb/TodayRaceInfo/Odds3LenFuku?k_babaCode=32&k_raceDate=2026%2F09%2F20&k_raceNo=9
2026-09-20 20:30:00,20:29,2026-09-20,saga,9,10,三連複,1-4-14,99.8,99.8,31,https://www.keiba.go.jp/KeibaWeb/TodayRaceInfo/Odds3LenFuku?k_babaCode=32&k_raceDate=2026%2F09%2F20&k_raceNo=9
2026-09-20 20:30:00,20:29,2026-09-20,saga,9,10,三連複,7-9-14,101.1,101.1,32,https://www.keiba.go.jp/KeibaWeb/TodayRaceInfo/Odds3LenFuku?k_babaCode=32&k_raceDate=2026%2F09%2F20&k_raceNo=9
2026-09-20 20:30:00,20:29,2026-09-20,saga,9,10,三連複,2-5-9,103.6,103.6,33,https://www.keiba.go.jp/KeibaWeb/TodayRaceInfo/Odds3LenFuku?k_babaCode=32&k_raceDate=2026%2F09%2F20&k_raceNo=9
2026-09-20 20:30:00,20:29,2026-09-20,saga,9,10,三連複,3-5-14,103.9,103.9,34,https://www.keiba.go.jp/KeibaWeb/TodayRaceInfo/Odds3LenFuku?k_babaCode=32&k_raceDate=2026%2F09%2F20&k_raceNo=9
2026-09-20 20:30:00,20:29,2026-09-20,saga,9,10,三連複,3-10-14,106.6,106.6,35,https://www.keiba.go.jp/KeibaWeb/TodayRaceInfo/Odds3LenFuku?k_babaCode=32&k_raceDate=2026%2F09%2F20&k_raceNo=9
2026-09-20 20:30:00,20:29,2026-09-20,saga,9,10,三連複,2-6-14,115.1,115.1,36,https://www.keiba.go.jp/KeibaWeb/TodayRaceInfo/Odds3LenFuku?k_babaCode=32&k_raceDate=2026%2F09%2F20&k_raceNo=9
2026-09-20 20:30:00,20:29,2026-09-20,saga,9,10,三連複,2-5-7,115.5,115.5,37,https://www.keiba.go.jp/KeibaWeb/TodayRaceInfo/Odds3LenFuku?k_babaCode=32&k_raceDate=2026%2F09%2F20&k_raceNo=9
2026-09-20 20:30:00,20:29,2026-09-20,saga,9,10,三連複,4-5-14,115.8,115.8,38,https://www.keiba.go.jp/KeibaWeb/TodayRaceInfo/Odds3LenFuku?k_babaCode=32&k_raceDate=2026%2F09%2F20&k_raceNo=9
2026-09-20 20:30:00,20:29,2026-09-20,saga,9,10,三連複,2-12-14,117.5,117.5,39,https://www.keiba.go.jp/KeibaWeb/TodayRaceInfo/Odds3LenFuku?k_babaCode=32&k_raceDate=2026%2F09%2F20&k_raceNo=9
2026-09-20 20:30:00,20:29,2026-09-20,saga,9,10,三連複,1-5-9,117.8,117.8,40,https://www.keiba.go.jp/KeibaWeb/TodayRaceInfo/Odds3LenFuku?k_babaCode=32&k_raceDate=2026%2F09%2F20&k_raceNo=9
2026-09-20 20:30:00,20:29,2026-09-20,saga,9,10,三連複,1-9-10,122.4,122.4,41,https://www.keiba.go.jp/KeibaWeb/TodayRaceInfo/Odds3LenFuku?k_babaCode=32&k_raceDate=2026%2F09%2F20&k_raceNo=9
2026-09-20 20:30:00,20:29,2026-09-20,saga,9,10,三連複,2-4-7,124.3,124.3,42,https://www.keiba.go.jp/KeibaWeb/TodayRaceInfo/Odds3LenFuku?k_babaCode=32&k_raceDate=2026%2F09%2F20&k_raceNo=9
2026-09-20 20:30:00,20:29,2026-09-20,saga,9,10,三連複,2-3-10,125.1,125.1,43,https://www.keiba.go.jp/KeibaWeb/TodayRaceInfo/Odds3LenFuku?k_babaCode=32&k_raceDate=2026%2F09%2F20&k_raceNo=9
2026-09-20 20:30:00,20:29,2026-09-20,saga,9,10,三連複,1-3-5,132.4,132.4,44,https://www.keiba.go.jp/KeibaWeb/TodayRaceInfo/Odds3LenFuku?k_babaCode=32&k_raceDate=2026%2F09%2F20&k_raceNo=9
2026-09-20 20:30:00,20:29,2026-09-20,saga,9,10,三連複,2-3-4,140.7,140.7,45,https://www.keiba.go.jp/KeibaWeb/TodayRaceInfo/Odds3LenFuku?k_babaCode=32&k_raceDate=2026%2F09%2F20&k_raceNo=9
2026-09-20 20:30:00,20:29,2026-09-20,saga,9,10,三連複,10-12-14,141.2,141.2,46,https://www.keiba.go.jp/KeibaWeb/TodayRaceInfo/Odds3LenFuku?k_babaCode=32&k_raceDate=2026%2F09%2F20&k_raceNo=9
2026-09-20 20:30:00,20:29,2026-09-20,saga,9,10,三連複,2-4-5,142.2,142.2,47,https://www.keiba.go.jp/KeibaWeb/TodayRaceInfo/Odds3LenFuku?k_babaCode=32&k_raceDate=2026%2F09%2F20&k_raceNo=9
2026-09-20 20:30:00,20:29,2026-09-20,saga,9,10,三連複,5-9-10,143.2,143.2,48,https://www.keiba.go.jp/KeibaWeb/TodayRaceInfo/Odds3LenFuku?k_babaCode=32&k_raceDate=2026%2F09%2F20&k_raceNo=9
2026-09-20 20:30:00,20:29,2026-09-20,saga,9,10,三連複,1-5-7,150.1,150.1,49,https://www.keiba.go.jp/KeibaWeb/TodayRaceInfo/Odds3LenFuku?k_babaCode=32&k_raceDate=2026%2F09%2F20&k_raceNo=9
2026-09-20 20:30:00,20:29,2026-09-20,saga,9,10,三連複,1-6-14,151.2,151.2,50,https://www.keiba.go.jp/KeibaWeb/TodayRaceInfo/Odds3LenFuku?k_babaCode=32&k_raceDate=2026%2F09%2F20&k_raceNo=9
2026-09-20 20:30:00,20:29,2026-09-20,saga,9,10,三連複,2-6-10,151.2,151.2,50,https://www.keiba.go.jp/KeibaWeb/TodayRaceInfo/Odds3LenFuku?k_babaCode=32&k_raceDate=2026%2F09%2F20&k_raceNo=9
2026-09-20 20:30:00,20:29,2026-09-20,saga,9,10,三連複,4-5-10,154.7,154.7,52,https://www.keiba.go.jp/KeibaWeb/TodayRaceInfo/Odds3LenFuku?k_babaCode=32&k_raceDate=2026%2F09%2F20&k_raceNo=9
2026-09-20 20:30:00,20:29,2026-09-20,saga,9,10,三連複,1-6-10,155.9,155.9,53,https://www.keiba.go.jp/KeibaWeb/TodayRaceInfo/Odds3LenFuku?k_babaCode=32&k_raceDate=2026%2F09%2F20&k_raceNo=9
2026-09-20 20:30:00,20:29,2026-09-20,saga,9,10,三連複,2-3-5,156.5,156.5,54,https://www.keiba.go.jp/KeibaWeb/TodayRaceInfo/Odds3LenFuku?k_babaCode=32&k_raceDate=2026%2F09%2F20&k_raceNo=9
2026-09-20 20:30:00,20:29,2026-09-20,saga,9,10,三連複,1-4-10,159.6,159.6,55,https://www.keiba.go.jp/KeibaWeb/TodayRaceInfo/Odds3LenFuku?k_babaCode=32&k_raceDate=2026%2F09%2F20&k_raceNo=9
2026-09-20 20:30:00,20:29,2026-09-20,saga,9,10,三連複,1-7-10,159.6,159.6,55,https://www.keiba.go.jp/KeibaWeb/TodayRaceInfo/Odds3LenFuku?k_babaCode=32&k_raceDate=2026%2F09%2F20&k_raceNo=9
2026-09-20 20:30:00,20:29,2026-09-20,saga,9,10,三連複,5-6-14,171.7,171.7,57,https://www.keiba.go.jp/KeibaWeb/TodayRaceInfo/Odds3LenFuku?k_babaCode=32&k_raceDate=2026%2F09%2F20&k_raceNo=9
2026-09-20 20:30:00,20:29,2026-09-20,saga,9,10,三連複,5-7-10,174.0,174.0,58,https://www.keiba.go.jp/KeibaWeb/TodayRaceInfo/Odds3LenFuku?k_babaCode=32&k_raceDate=2026%2F09%2F20&k_raceNo=9
2026-09-20 20:30:00,20:29,2026-09-20,saga,9,10,三連複,2-3-7,180.9,180.9,59,https://www.keiba.go.jp/KeibaWeb/TodayRaceInfo/Odds3LenFuku?k_babaCode=32&k_raceDate=2026%2F09%2F20&k_raceNo=9
2026-09-20 20:30:00,20:29,2026-09-20,saga,9,10,三連複,4-9-14,192.1,192.1,60,https://www.keiba.go.jp/KeibaWeb/TodayRaceInfo/Odds3LenFuku?k_babaCode=32&k_raceDate=2026%2F09%2F20&k_raceNo=9
2026-09-20 20:30:00,20:29,2026-09-20,saga,9,10,三連複,5-6-10,196.8,196.8,61,https://www.keiba.go.jp/KeibaWeb/TodayRaceInfo/Odds3LenFuku?k_babaCode=32&k_raceDate=2026%2F09%2F20&k_raceNo=9
2026-09-20 20:30:00,20:29,2026-09-20,saga,9,10,三連複,2-7-9,204.7,204.7,62,https://www.keiba.go.jp/KeibaWeb/TodayRaceInfo/Odds3LenFuku?k_babaCode=32&k_raceDate=2026%2F09%2F20&k_raceNo=9
2026-09-20 20:30:00,20:29,2026-09-20,saga,9,10,三連複,2-5-6,215.6,215.6,63,https://www.keiba.go.jp/KeibaWeb/TodayRaceInfo/Odds3LenFuku?k_babaCode=32&k_raceDate=2026%2F09%2F20&k_raceNo=9
2026-09-20 20:30:00,20:29,2026-09-20,saga,9,10,三連複,3-9-14,216.8,216.8,64,https://www.keiba.go.jp/KeibaWeb/TodayRaceInfo/Odds3LenFuku?k_babaCode=32&k_raceDate=2026%2F09%2F20&k_raceNo=9
2026-09-20 20:30:00,20:29,2026-09-20,saga,9,10,三連複,10-13-14,219.1,219.1,65,https://www.keiba.go.jp/KeibaWeb/TodayRaceInfo/Odds3LenFuku?k_babaCode=32&k_raceDate=2026%2F09%2F20&k_raceNo=9
2026-09-20 20:30:00,20:29,2026-09-20,saga,9,10,三連複,4-7-14,222.7,222.7,66,https://www.keiba.go.jp/KeibaWeb/TodayRaceInfo/Odds3LenFuku?k_babaCode=32&k_raceDate=2026%2F09%2F20&k_raceNo=9
2026-09-20 20:30:00,20:29,2026-09-20,saga,9,10,三連複,1-4-5,225.2,225.2,67,https://www.keiba.go.jp/KeibaWeb/TodayRaceInfo/Odds3LenFuku?k_babaCode=32&k_raceDate=2026%2F09%2F20&k_raceNo=9
2026-09-20 20:30:00,20:29,2026-09-20,saga,9,10,三連複,2-13-14,226.4,226.4,68,https://www.keiba.go.jp/KeibaWeb/TodayRaceInfo/Odds3LenFuku?k_babaCode=32&k_raceDate=2026%2F09%2F20&k_raceNo=9
2026-09-20 20:30:00,20:29,2026-09-20,saga,9,10,三連複,6-9-14,231.6,231.6,69,https://www.keiba.go.jp/KeibaWeb/TodayRaceInfo/Odds3LenFuku?k_babaCode=32&k_raceDate=2026%2F09%2F20&k_raceNo=9
2026-09-20 20:30:00,20:29,2026-09-20,saga,9,10,三連複,1-7-9,233.0,233.0,70,https://www.keiba.go.jp/KeibaWeb/TodayRaceInfo/Odds3LenFuku?k_babaCode=32&k_raceDate=2026%2F09%2F20&k_raceNo=9
2026-09-20 20:30:00,20:29,2026-09-20,saga,9,10,三連複,2-10-12,242.7,242.7,71,https://www.keiba.go.jp/KeibaWeb/TodayRaceInfo/Odds3LenFuku?k_babaCode=32&k_raceDate=2026%2F09%2F20&k_raceNo=9
2026-09-20 20:30:00,20:29,2026-09-20,saga,9,10,三連複,1-2-6,245.7,245.7,72,https://www.keiba.go.jp/KeibaWeb/TodayRaceInfo/Odds3LenFuku?k_babaCode=32&k_raceDate=2026%2F09%2F20&k_raceNo=9
2026-09-20 20:30:00,20:29,2026-09-20,saga,9,10,三連複,4-6-10,263.2,263.2,73,https://www.keiba.go.jp/KeibaWeb/TodayRaceInfo/Odds3LenFuku?k_babaCode=32&k_raceDate=2026%2F09%2F20&k_raceNo=9
2026-09-20 20:30:00,20:29,2026-09-20,saga,9,10,三連複,1-13-14,287.5,287.5,74,https://www.keiba.go.jp/KeibaWeb/TodayRaceInfo/Odds3LenFuku?k_babaCode=32&k_raceDate=2026%2F09%2F20&k_raceNo=9
2026-09-20 20:30:00,20:29,2026-09-20,saga,9,10,三連複,4-6-14,293.7,293.7,75,https://www.keiba.go.jp/KeibaWeb/TodayRaceInfo/Odds3LenFuku?k_babaCode=32&k_raceDate=2026%2F09%2F20&k_raceNo=9
2026-09-20 20:30:00,20:29,2026-09-20,saga,9,10,三連複,2-4-9,295.9,295.9,76,https://www.keiba.go.jp/KeibaWeb/TodayRaceInfo/Odds3LenFuku?k_babaCode=32&k_raceDate=2026%2F09%2F20&k_raceNo=9
2026-09-20 20:30:00,20:29,2026-09-20,saga,9,10,三連複,2-5-12,295.9,295.9,76,https://www.keiba.go.jp/KeibaWeb/TodayRaceInfo/Odds3LenFuku?k_babaCode=32&k_raceDate=2026%2F09%2F20&k_raceNo=9
2026-09-20 20:30:00,20:29,2026-09-20,saga,9,10,三連複,2-8-14,298.1,298.1,78,https://www.keiba.go.jp/KeibaWeb/TodayRaceInfo/Odds3LenFuku?k_babaCode=32&k_raceDate=2026%2F09%2F20&k_raceNo=9
2026-09-20 20:30:00,20:29,2026-09-20,saga,9,10,三連複,1-3-10,302.5,302.5,79,https://www.keiba.go.jp/KeibaWeb/TodayRaceInfo/Odds3LenFuku?k_babaCode=32&k_raceDate=2026%2F09%2F20&k_raceNo=9
2026-09-20 20:30:00,20:29,2026-09-20,saga,9,10,三連複,5-12-14,307.1,307.1,80,https://www.keiba.go.jp/KeibaWeb/TodayRaceInfo/Odds3LenFuku?k_babaCode=32&k_raceDate=2026%2F09%2F20&k_raceNo=9
2026-09-20 20:30:00,20:29,2026-09-20,saga,9,10,三連複,1-5-6,309.4,309.4,81,https://www.keiba.go.jp/KeibaWeb/TodayRaceInfo/Odds3LenFuku?k_babaCode=32&k_raceDate=2026%2F09%2F20&k_raceNo=9
2026-09-20 20:30:00,20:29,2026-09-20,saga,9,10,三連複,8-10-14,311.8,311.8,82,https://www.keiba.go.jp/KeibaWeb/TodayRaceInfo/Odds3LenFuku?k_babaCode=32&k_raceDate=2026%2F09%2F20&k_raceNo=9
2026-09-20 20:30:00,20:29,2026-09-20,saga,9,10,三連複,3-4-14,316.7,316.7,83,https://www.keiba.go.jp/KeibaWeb/TodayRaceInfo/Odds3LenFuku?k_babaCode=32&k_raceDate=2026%2F09%2F20&k_raceNo=9
2026-09-20 20:30:00,20:29,2026-09-20,saga,9,10,三連複,3-5-10,319.2,319.2,84,https://www.keiba.go.jp/KeibaWeb/TodayRaceInfo/Odds3LenFuku?k_babaCode=32&k_raceDate=2026%2F09%2F20&k_raceNo=9
2026-09-20 20:30:00,20:29,2026-09-20,saga,9,10,三連複,7-12-14,324.3,324.3,85,https://www.keiba.go.jp/KeibaWeb/TodayRaceInfo/Odds3LenFuku?k_babaCode=32&k_raceDate=2026%2F09%2F20&k_raceNo=9
2026-09-20 20:30:00,20:29,2026-09-20,saga,9,10,三連複,1-2-12,332.3,332.3,86,https://www.keiba.go.jp/KeibaWeb/TodayRaceInfo/Odds3LenFuku?k_babaCode=32&k_raceDate=2026%2F09%2F20&k_raceNo=9
2026-09-20 20:30:00,20:29,2026-09-20,saga,9,10,三連複,7-9-10,335.0,335.0,87,https://www.keiba.go.jp/KeibaWeb/TodayRaceInfo/Odds3LenFuku?k_babaCode=32&k_raceDate=2026%2F09%2F20&k_raceNo=9
2026-09-20 20:30:00,20:29,2026-09-20,saga,9,10,三連複,2-4-6,337.8,337.8,88,https://www.keiba.go.jp/KeibaWeb/TodayRaceInfo/Odds3LenFuku?k_babaCode=32&k_raceDate=2026%2F09%2F20&k_raceNo=9
2026-09-20 20:30:00,20:29,2026-09-20,saga,9,10,三連複,2-11-14,340.6,340.6,89,https://www.keiba.go.jp/KeibaWeb/TodayRaceInfo/Odds3LenFuku?k_babaCode=32&k_raceDate=2026%2F09%2F20&k_raceNo=9
2026-09-20 20:30:00,20:29,2026-09-20,saga,9,10,三連複,3-7-14,340.6,340.6,89,https://www.keiba.go.jp/KeibaWeb/TodayRaceInfo/Odds3LenFuku?k_babaCode=32&k_raceDate=2026%2F09%2F20&k_raceNo=9
2026-09-20 20:30:00,20:29,2026-09-20,saga,9,10,三連複,6-7-14,343.5,343.5,91,https://www.keiba.go.jp/KeibaWeb/TodayRaceInfo/Odds3LenFuku?k_babaCode=32&k_raceDate=2026%2F09%2F20&k_raceNo=9
2026-09-20 20:30:00,20:29,2026-09-20,saga,9,10,三連複,10-11-14,343.5,343.5,91,https://www.keiba.go.jp/KeibaWeb/TodayRaceInfo/Odds3LenFuku?k_babaCode=32&k_raceDate=2026%2F09%2F20&k_raceNo=9
2026-09-20 20:30:00,20:29,2026-09-20,saga,9,10,三連複,5-7-9,352.5,352.5,93,https://www.keiba.go.jp/KeibaWeb/TodayRaceInfo/Odds3LenFuku?k_babaCode=32&k_raceDate=2026%2F09%2F20&k_raceNo=9
2026-09-20 20:30:00,20:29,2026-09-20,saga,9,10,三連複,1-12-14,361.9,361.9,94,https://www.keiba.go.jp/KeibaWeb/TodayRaceInfo/Odds3LenFuku?k_babaCode=32&k_raceDate=2026%2F09%2F20&k_raceNo=9
2026-09-20 20:30:00,20:29,2026-09-20,saga,9,10,三連複,9-13-14,368.5,368.5,95,https://www.keiba.go.jp/KeibaWeb/TodayRaceInfo/Odds3LenFuku?k_babaCode=32&k_raceDate=2026%2F09%2F20&k_raceNo=9
2026-09-20 20:30:00,20:29,2026-09-20,saga,9,10,三連複,1-8-14,382.4,382.4,96,https://www.keiba.go.jp/KeibaWeb/TodayRaceInfo/Odds3LenFuku?k_babaCode=32&k_raceDate=2026%2F09%2F20&k_raceNo=9
2026-09-20 20:30:00,20:29,2026-09-20,saga,9,10,三連複,5-13-14,382.4,382.4,96,https://www.keiba.go.jp/KeibaWeb/TodayRaceInfo/Odds3LenFuku?k_babaCode=32&k_raceDate=2026%2F09%2F20&k_raceNo=9
2026-09-20 20:30:00,20:29,2026-09-20,saga,9,10,三連複,9-12-14,386.1,386.1,98,https://www.keiba.go.jp/KeibaWeb/TodayRaceInfo/Odds3LenFuku?k_babaCode=32&k_raceDate=2026%2F09%2F20&k_raceNo=9
2026-09-20 20:30:00,20:29,2026-09-20,saga,9,10,三連複,2-7-12,435.9,435.9,99,https://www.keiba.go.jp/KeibaWeb/TodayRaceInfo/Odds3LenFuku?k_babaCode=32&k_raceDate=2026%2F09%2F20&k_raceNo=9
2026-09-20 20:30:00,20:29,2026-09-20,saga,9,10,三連複,1-11-14,450.4,450.4,100,https://www.keiba.go.jp/KeibaWeb/TodayRaceInfo/Odds3LenFuku?k_babaCode=32&k_raceDate=2026%2F09%2F20&k_raceNo=9
2026-09-20 20:30:00,20:29,2026-09-20,saga,9,10,三連複,2-4-12,450.4,450.4,100,https://www.keiba.go.jp/KeibaWeb/TodayRaceInfo/Odds3LenFuku?k_babaCode=32&k_raceDate=2026%2F09%2F20&k_raceNo=9
2026-09-20 20:30:00,20:29,2026-09-20,saga,9,10,三連複,3-4-5,450.4,450.4,100,https://www.keiba.go.jp/KeibaWeb/TodayRaceInfo/Odds3LenFuku?k_babaCode=32&k_raceDate=2026%2F09%2F20&k_raceNo=9
2026-09-20 20:30:00,20:29,2026-09-20,saga,9,10,三連複,2-3-9,460.7,460.7,103,https://www.keiba.go.jp/KeibaWeb/TodayRaceInfo/Odds3LenFuku?k_babaCode=32&k_raceDate=2026%2F09%2F20&k_raceNo=9
2026-09-20 20:30:00,20:29,2026-09-20,saga,9,10,三連複,1-3-9,476.9,476.9,104,https://www.keiba.go.jp/KeibaWeb/TodayRaceInfo/Odds3LenFuku?k_babaCode=32&k_raceDate=2026%2F09%2F20&k_raceNo=9
2026-09-20 20:30:00,20:29,2026-09-20,saga,9,10,三連複,3-6-14,488.4,488.4,105,https://www.keiba.go.jp/KeibaWeb/TodayRaceInfo/Odds3LenFuku?k_babaCode=32&k_raceDate=2026%2F09%2F20&k_raceNo=9
2026-09-20 20:30:00,20:29,2026-09-20,saga,9,10,三連複,2-10-13,494.4,494.4,106,https://www.keiba.go.jp/KeibaWeb/TodayRaceInfo/Odds3LenFuku?k_babaCode=32&k_raceDate=2026%2F09%2F20&k_raceNo=9
2026-09-20 20:30:00,20:29,2026-09-20,saga,9,10,三連複,4-5-9,513.1,513.1,107,https://www.keiba.go.jp/KeibaWeb/TodayRaceInfo/Odds3LenFuku?k_babaCode=32&k_raceDate=2026%2F09%2F20&k_raceNo=9
2026-09-20 20:30:00,20:29,2026-09-20,saga,9,10,三連複,4-7-10,513.1,513.1,107,https://www.keiba.go.jp/KeibaWeb/TodayRaceInfo/Odds3LenFuku?k_babaCode=32&k_raceDate=2026%2F09%2F20&k_raceNo=9
2026-09-20 20:30:00,20:29,2026-09-20,saga,9,10,三連複,1-2-13,519.7,519.7,109,https://www.keiba.go.jp/KeibaWeb/TodayRaceInfo/Odds3LenFuku?k_babaCode=32&k_raceDate=2026%2F09%2F20&k_raceNo=9
2026-09-20 20:30:00,20:29,2026-09-20,saga,9,10,三連複,2-9-12,519.7,519.7,109,https://www.keiba.go.jp/KeibaWeb/TodayRaceInfo/Odds3LenFuku?k_babaCode=32&k_raceDate=2026%2F09%2F20&k_raceNo=9
2026-09-20 20:30:00,20:29,2026-09-20,saga,9,10,三連複,2-3-6,526.5,526.5,111,https://www.keiba.go.jp/KeibaWeb/TodayRaceInfo/Odds3LenFuku?k_babaCode=32&k_raceDate=2026%2F09%2F20&k_raceNo=9
2026-09-20 20:30:00,20:29,2026-09-20,saga,9,10,三連複,1-4-9,533.4,533.4,112,https://www.keiba.go.jp/KeibaWeb/TodayRaceInfo/Odds3LenFuku?k_babaCode=32&k_raceDate=2026%2F09%2F20&k_raceNo=9
2026-09-20 20:30:00,20:29,2026-09-20,saga,9,10,三連複,5-11-14,540.5,540.5,113,https://www.keiba.go.jp/KeibaWeb/TodayRaceInfo/Odds3LenFuku?k_babaCode=32&k_raceDate=2026%2F09%2F20&k_raceNo=9
2026-09-20 20:30:00,20:29,2026-09-20,saga,9,10,三連複,6-7-10,540.5,540.5,113,https://www.keiba.go.jp/KeibaWeb/TodayRaceInfo/Odds3LenFuku?k_babaCode=32&k_raceDate=2026%2F09%2F20&k_raceNo=9
2026-09-20 20:30:00,20:29,2026-09-20,saga,9,10,三連複,4-9-10,547.8,547.8,115,https://www.keiba.go.jp/KeibaWeb/TodayRaceInfo/Odds3LenFuku?k_babaCode=32&k_raceDate=2026%2F09%2F20&k_raceNo=9
2026-09-20 20:30:00,20:29,2026-09-20,saga,9,10,三連複,1-2-8,555.3,555.3,116,https://www.keiba.go.jp/KeibaWeb/TodayRaceInfo/Odds3LenFuku?k_babaCode=32&k_raceDate=2026%2F09%2F20&k_raceNo=9
2026-09-20 20:30:00,20:29,2026-09-20,saga,9,10,三連複,2-6-7,555.3,555.3,116,https://www.keiba.go.jp/KeibaWeb/TodayRaceInfo/Odds3LenFuku?k_babaCode=32&k_raceDate=2026%2F09%2F20&k_raceNo=9
2026-09-20 20:30:00,20:29,2026-09-20,saga,9,10,三連複,5-8-14,555.3,555.3,116,https://www.keiba.go.jp/KeibaWeb/TodayRaceInfo/Odds3LenFuku?k_babaCode=32&k_raceDate=2026%2F09%2F20&k_raceNo=9
2026-09-20 20:30:00,20:29,2026-09-20,saga,9,10,三連複,1-4-7,571.0,571.0,119,https://www.keiba.go.jp/KeibaWeb/TodayRaceInfo/Odds3LenFuku?k_babaCode=32&k_raceDate=2026%2F09%2F20&k_raceNo=9
2026-09-20 20:30:00,20:29,2026-09-20,saga,9,10,三連複,1-3-4,587.5,587.5,120,https://www.keiba.go.jp/KeibaWeb/TodayRaceInfo/Odds3LenFuku?k_babaCode=32&k_raceDate=2026%2F09%2F20&k_raceNo=9
2026-09-20 20:30:00,20:29,2026-09-20,saga,9,10,三連複,6-9-10,587.5,587.5,120,https://www.keiba.go.jp/KeibaWeb/TodayRaceInfo/Odds3LenFuku?k_babaCode=32&k_raceDate=2026%2F09%2F20&k_raceNo=9
2026-09-20 20:30:00,20:29,2026-09-20,saga,9,10,三連複,2-8-10,623.7,623.7,122,https://www.keiba.go.jp/KeibaWeb/TodayRaceInfo/Odds3LenFuku?k_babaCode=32&k_raceDate=2026%2F09%2F20&k_raceNo=9
2026-09-20 20:30:00,20:29,2026-09-20,saga,9,10,三連複,1-2-11,633.4,633.4,123,https://www.keiba.go.jp/KeibaWeb/TodayRaceInfo/Odds3LenFuku?k_babaCode=32&k_raceDate=2026%2F09%2F20&k_raceNo=9
2026-09-20 20:30:00,20:29,2026-09-20,saga,9,10,三連複,2-5-13,643.5,643.5,124,https://www.keiba.go.jp/KeibaWeb/TodayRaceInfo/Odds3LenFuku?k_babaCode=32&k_raceDate=2026%2F09%2F20&k_raceNo=9
2026-09-20 20:30:00,20:29,2026-09-20,saga,9,10,三連複,4-12-14,643.5,643.5,124,https://www.keiba.go.jp/KeibaWeb/TodayRaceInfo/Odds3LenFuku?k_babaCode=32&k_raceDate=2026%2F09%2F20&k_raceNo=9
2026-09-20 20:30:00,20:29,2026-09-20,saga,9,10,三連複,8-9-14,643.5,643.5,124,https://www.keiba.go.jp/KeibaWeb/TodayRaceInfo/Odds3LenFuku?k_babaCode=32&k_raceDate=2026%2F09%2F20&k_raceNo=9
2026-09-20 20:30:00,20:29,2026-09-20,saga,9,10,三連複,1-5-13,675.7,675.7,127,https://www.keiba.go.jp/KeibaWeb/TodayRaceInfo/Odds3LenFuku?k_babaCode=32&k_raceDate=2026%2F09%2F20&k_raceNo=9
2026-09-20 20:30:00,20:29,2026-09-20,saga,9,10,三連複,2-6-12,675.7,675.7,127,https://www.keiba.go.jp/KeibaWeb/TodayRaceInfo/Odds3LenFuku?k_babaCode=32&k_raceDate=2026%2F09%2F20&k_raceNo=9
2026-09-20 20:30:00,20:29,2026-09-20,saga,9,10,三連複,3-5-9,675.7,675.7,127,https://www.keiba.go.jp/KeibaWeb/TodayRaceInfo/Odds3LenFuku?k_babaCode=32&k_raceDate=2026%2F09%2F20&k_raceNo=9
2026-09-20 20:30:00,20:29,2026-09-20,saga,9,10,三連複,7-13-14,675.7,675.7,127,https://www.keiba.go.jp/KeibaWeb/TodayRaceInfo/Odds3LenFuku?k_babaCode=32&k_raceDate=2026%2F09%2F20&k_raceNo=9
2026-09-20 20:30:00,20:29,2026-09-20,saga,9,10,三連複,5-10-12,687.1,687.1,131,https://www.keiba.go.jp/KeibaWeb/TodayRaceInfo/Odds3LenFuku?k_babaCode=32&k_raceDate=2026%2F09%2F20&k_raceNo=9
2026-09-20 20:30:00,20:29,2026-09-20,saga,9,10,三連複,1-3-7,699.0,699.0,132,https://www.keiba.go.jp/KeibaWeb/TodayRaceInfo/Odds3LenFuku?k_babaCode=32&k_raceDate=2026%2F09%2F20&k_raceNo=9
2026-09-20 20:30:00,20:29,2026-09-20,saga,9,10,三連複,1-8-10,699.0,699.0,132,https://www.keiba.go.jp/KeibaWeb/TodayRaceInfo/Odds3LenFuku?k_babaCode=32&k_raceDate=2026%2F09%2F20&k_raceNo=9
2026-09-20 20:30:00,20:29,2026-09-20,saga,9,10,三連複,2-6-9,711.2,711.2,134,https://www.keiba.go.jp/KeibaWeb/TodayRaceInfo/Odds3LenFuku?k_babaCode=32&k_raceDate=2026%2F09%2F20&k_raceNo=9
2026-09-20 20:30:00,20:29,2026-09-20,saga,9,10,三連複,3-9-10,711.2,711.2,134,https://www.keiba.go.jp/KeibaWeb/TodayRaceInfo/Odds3LenFuku?k_babaCode=32&k_raceDate=2026%2F09%2F20&k_raceNo=9
2026-09-20 20:30:00,20:29,2026-09-20,saga,9,10,三連複,12-13-14,711.2,711.2,134,https://www.keiba.go.jp/KeibaWeb/TodayRaceInfo/Odds3LenFuku?k_babaCode=32&k_raceDate=2026%2F09%2F20&k_raceNo=9
2026-09-20 20:30:00,20:29,2026-09-20,saga,9,10,三連複,9-11-14,737.1,737.1,137,https://www.keiba.go.jp/KeibaWeb/TodayRaceInfo/Odds3LenFuku?k_babaCode=32&k_raceDate=2026%2F09%2F20&k_raceNo=9
2026-09-20 20:30:00,20:29,2026-09-20,saga,9,10,三連複,1-5-8,764.9,764.9,138,https://www.keiba.go.jp/KeibaWeb/TodayRaceInfo/Odds3LenFuku?k_babaCode=32&k_raceDate=2026%2F09%2F20&k_raceNo=9
2026-09-20 20:30:00,20:29,2026-09-20,saga,9,10,三連複,2-4-13,764.9,764.9,138,https://www.keiba.go.jp/KeibaWeb/TodayRaceInfo/Odds3LenFuku?k_babaCode=32&k_raceDate=2026%2F09%2F20&k_raceNo=9
2026-09-20 20:30:00,20:29,2026-09-20,saga,9,10,三連複,4-13-14,764.9,764.9,138,https://www.keiba.go.jp/KeibaWeb/TodayRaceInfo/Odds3LenFuku?k_babaCode=32&k_raceDate=2026%2F09%2F20&k_raceNo=9
2026-09-20 20:30:00,20:29,2026-09-20,saga,9,10,三連複,1-6-7,779.6,779.6,141,https://www.keiba.go.jp/KeibaWeb/TodayRaceInfo/Odds3LenFuku?k_babaCode=32&k_raceDate=2026%2F09%2F20&k_raceNo=9
2026-09-20 20:30:00,20:29,2026-09-20,saga,9,10,三連複,1-6-9,779.6,779.6,141,https://www.keiba.go.jp/KeibaWeb/TodayRaceInfo/Odds3LenFuku?k_babaCode=32&k_raceDate=2026%2F09%2F20&k_raceNo=9
2026-09-20 20:30:00,20:29,2026-09-20,saga,9,10,三連複,3-4-10,779.6,779.6,141,https://www.keiba.go.jp/KeibaWeb/TodayRaceInfo/Odds3LenFuku?k_babaCode=32&k_raceDate=2026%2F09%2F20&k_raceNo=9
2026-09-20 20:30:00,20:29,2026-09-20,saga,9,10,三連複,4-5-7,794.9,794.9,144,https://www.keiba.go.jp/KeibaWeb/TodayRaceInfo/Odds3LenFuku?k_babaCode=32&k_raceDate=2026%2F09%2F20&k_raceNo=9
2026-09-20 20:30:00,20:29,2026-09-20,saga,9,10,三連複,1-5-12,810.8,810.8,145,https://www.keiba.go.jp/KeibaWeb/TodayRaceInfo/Odds3LenFuku?k_babaCode=32&k_raceDate=2026%2F09%2F20&k_raceNo=9
2026-09-20 20:30:00,20:29,2026-09-20,saga,9,10,三連複,1-10-13,810.8,810.8,145,https://www.keiba.go.jp/KeibaWeb/TodayRaceInfo/Odds3LenFuku?k_babaCode=32&k_raceDate=2026%2F09%2F20&k_raceNo=9
2026-09-20 20:30:00,20:29,2026-09-20,saga,9,10,三連複,2-5-8,810.8,810.8,145,https://www.keiba.go.jp/KeibaWeb/TodayRaceInfo/Odds3LenFuku?k_babaCode=32&k_raceDate=2026%2F09%2F20&k_raceNo=9
2026-09-20 20:30:00,20:29,2026-09-20,saga,9,10,三連複,1-4-6,827.3,827.3,148,https://www.keiba.go.jp/KeibaWeb/TodayRaceInfo/Odds3LenFuku?k_babaCode=32&k_raceDate=2026%2F09%2F20&k_raceNo=9
2026-09-20 20:30:00,20:29,2026-09-20,saga,9,10,三連複,3-13-14,827.3,827.3,148,https://www.keiba.go.jp/KeibaWeb/TodayRaceInfo/Odds3LenFuku?k_babaCode=32&k_raceDate=2026%2F09%2F20&k_raceNo=9
2026-09-20 20:30:00,20:29,2026-09-20,saga,9,10,三連複,5-6-9,827.3,827.3,148,https://www.keiba.go.jp/KeibaWeb/TodayRaceInfo/Odds3LenFuku?k_babaCode=32&k_raceDate=2026%2F09%2F20&k_raceNo=9
2026-09-20 20:30:00,20:29,2026-09-20,saga,9,10,三連複,1-10-12,844.6,844.6,151,https://www.keiba.go.jp/KeibaWeb/TodayRaceInfo/Odds3LenFuku?k_babaCode=32&k_raceDate=2026%2F09%2F20&k_raceNo=9
2026-09-20 20:30:00,20:29,2026-09-20,saga,9,10,三連複,7-10-12,844.6,844.6,151,https://www.keiba.go.jp/KeibaWeb/TodayRaceInfo/Odds3LenFuku?k_babaCode=32&k_raceDate=2026%2F09%2F20&k_raceNo=9
2026-09-20 20:30:00,20:29,2026-09-20,saga,9,10,三連複,4-5-6,900.9,900.9,153,https://www.keiba.go.jp/KeibaWeb/TodayRaceInfo/Odds3LenFuku?k_babaCode=32&k_raceDate=2026%2F09%2F20&k_raceNo=9
2026-09-20 20:30:00,20:29,2026-09-20,saga,9,10,三連複,5-6-7,900.9,900.9,153,https://www.keiba.go.jp/KeibaWeb/TodayRaceInfo/Odds3LenFuku?k_babaCode=32&k_raceDate=2026%2F09%2F20&k_raceNo=9
2026-09-20 20:30:00,20:29,2026-09-20,saga,9,10,三連複,1-3-6,921.4,921.4,155,https://www.keiba.go.jp/KeibaWeb/TodayRaceInfo/Odds3LenFuku?k_babaCode=32&k_raceDate=2026%2F09%2F20&k_raceNo=9
2026-09-20 20:30:00,20:29,2026-09-20,saga,9,10,三連複,1-5-11,921.4,921.4,155,https://www.keiba.go.jp/KeibaWeb/TodayRaceInfo/Odds3LenFuku?k_babaCode=32&k_raceDate=2026%2F09%2F20&k_raceNo=9
2026-09-20 20:30:00,20:29,2026-09-20,saga,9,10,三連複,3-7-10,921.4,921.4,155,https://www.keiba.go.jp/KeibaWeb/TodayRaceInfo/Odds3LenFuku?k_babaCode=32&k_raceDate=2026%2F09%2F20&k_raceNo=9
2026-09-20 20:30:00,20:29,2026-09-20,saga,9,10,三連複,5-8-10,921.4,921.4,155,https://www.keiba.go.jp/KeibaWeb/TodayRaceInfo/Odds3LenFuku?k_babaCode=32&k_raceDate=2026%2F09%2F20&k_raceNo=9
2026-09-20 20:30:00,20:29,2026-09-20,saga,9,10,三連複,5-10-13,921.4,921.4,155,https://www.keiba.go.jp/KeibaWeb/TodayRaceInfo/Odds3LenFuku?k_babaCode=32&k_raceDate=2026%2F09%2F20&k_raceNo=9
2026-09-20 20:30:00,20:29,2026-09-20,saga,9,10,三連複,1-10-11,988.8,988.8,160,https://www.keiba.go.jp/KeibaWeb/TodayRaceInfo/Odds3LenFuku?k_babaCode=32&k_raceDate=2026%2F09%2F20&k_raceNo=9
2026-09-20 20:30:00,20:29,2026-09-20,saga,9,10,三連複,2-10-11,988.8,988.8,160,https://www.keiba.go.jp/KeibaWeb/TodayRaceInfo/Odds3LenFuku?k_babaCode=32&k_raceDate=2026%2F09%2F20&k_raceNo=9
2026-09-20 20:30:00,20:29,2026-09-20,saga,9,10,三連複,3-5-7,988.8,988.8,160,https://www.keiba.go.jp/KeibaWeb/TodayRaceInfo/Odds3LenFuku?k_babaCode=32&k_raceDate=2026%2F09%2F20&k_raceNo=9
2026-09-20 20:30:00,20:29,2026-09-20,saga,9,10,三連複,7-8-14,988.8,988.8,160,https://www.keiba.go.jp/KeibaWeb/TodayRaceInfo/Odds3LenFuku?k_babaCode=32&k_raceDate=2026%2F09%2F20&k_raceNo=9
2026-09-20 20:30:00,20:29,2026-09-20,saga,9,10,三連複,3-5-6,1039.5,1039.5,164,https://www.keiba.go.jp/KeibaWeb/TodayRaceInfo/Odds3LenFuku?k_babaCode=32&k_raceDate=2026%2F09%2F20&k_raceNo=9
2026-09-20 20:30:00,20:29,2026-09-20,saga,9,10,三連複,4-7-9,1039.5,1039.5,164,https://www.keiba.go.jp/KeibaWeb/TodayRaceInfo/Odds3LenFuku?k_babaCode=32&k_raceDate=2026%2F09%2F20&k_raceNo=9
2026-09-20 20:30:00,20:29,2026-09-20,saga,9,10,三連複,6-12-14,1066.8,1066.8,166,https://www.keiba.go.jp/KeibaWeb/TodayRaceInfo/Odds3LenFuku?k_babaCode=32&k_raceDate=2026%2F09%2F20&k_raceNo=9
2026-09-20 20:30:00,20:29,2026-09-20,saga,9,10,三連複,1-8-9,1095.7,1095.7,167,https://www.keiba.go.jp/KeibaWeb/TodayRaceInfo/Odds3LenFuku?k_babaCode=32&k_raceDate=2026%2F09%2F20&k_raceNo=9
2026-09-20 20:30:00,20:29,2026-09-20,saga,9,10,三連複,4-8-14,1095.7,1095.7,167,https://www.keiba.go.jp/KeibaWeb/TodayRaceInfo/Odds3LenFuku?k_babaCode=32&k_raceDate=2026%2F09%2F20&k_raceNo=9
2026-09-20 20:30:00,20:29,2026-09-20,saga,9,10,三連複,9-10-12,1095.7,1095.7,167,https://www.keiba.go.jp/KeibaWeb/TodayRaceInfo/Odds3LenFuku?k_babaCode=32&k_raceDate=2026%2F09%2F20&k_raceNo=9
2026-09-20 20:30:00,20:29,2026-09-20,saga,9,10,三連複,9-10-13,1095.7,1095.7,167,https://www.keiba.go.jp/KeibaWeb/TodayRaceInfo/Odds3LenFuku?k_babaCode=32&k_raceDate=2026%2F09%2F20&k_raceNo=9
2026-09-20 20:30:00,20:29,2026-09-20,saga,9,10,三連複,1-9-11,1126.1,1126.1,171,https://www.keiba.go.jp/KeibaWeb/TodayRaceInfo/Odds3LenFuku?k_babaCode=32&k_raceDate=2026%2F09%2F20&k_raceNo=9
2026-09-20 20:30:00,20:29,2026-09-20,saga,9,10,三連複,6-13-14,1126.1,1126.1,171,https://www.keiba.go.jp/KeibaWeb/TodayRaceInfo/Odds3LenFuku?k_babaCode=32&k_raceDate=2026%2F09%2F20&k_raceNo=9
2026-09-20 20:30:00,20:29,2026-09-20,saga,9,10,三連複,7-11-14,1126.1,1126.1,171,https://www.keiba.go.jp/KeibaWeb/TodayRaceInfo/Odds3LenFuku?k_babaCode=32&k_raceDate=2026%2F09%2F20&k_raceNo=9
2026-09-20 20:30:00,20:29,2026-09-20,saga,9,10,三連複,6-8-14,1158.3,1158.3,174,https://www.keiba.go.jp/KeibaWeb/TodayRaceInfo/Odds3LenFuku?k_babaCode=32&k_raceDate=2026%2F09%2F20&k_raceNo=9
2026-09-20 20:30:00,20:29,2026-09-20,saga,9,10,三連複,3-4-7,1192.4,1192.4,175,https://www.keiba.go.jp/KeibaWeb/TodayRaceInfo/Odds3LenFuku?k_babaCode=32&k_raceDate=2026%2F09%2F20&k_raceNo=9
2026-09-20 20:30:00,20:29,2026-09-20,saga,9,10,三連複,8-13-14,1192.4,1192.4,175,https://www.keiba.go.jp/KeibaWeb/TodayRaceInfo/Odds3LenFuku?k_babaCode=32&k_raceDate=2026%2F09%2F20&k_raceNo=9
2026-09-20 20:30:00,20:29,2026-09-20,saga,9,10,三連複,1-9-12,1228.5,1228.5,177,https://www.keiba.go.jp/KeibaWeb/TodayRaceInfo/Odds3LenFuku?k_babaCode=32&k_raceDate=2026%2F09%2F20&k_raceNo=9
2026-09-20 20:30:00,20:29,2026-09-20,saga,9,10,三連複,2-7-8,1228.5,1228.5,177,https://www.keiba.go.jp/KeibaWeb/TodayRaceInfo/Odds3LenFuku?k_babaCode=32&k_raceDate=2026%2F09%2F20&k_raceNo=9
2026-09-20 20:30:00,20:29,2026-09-20,saga,9,10,三連複,1-3-11,1266.9,1266.9,179,https://www.keiba.go.jp/KeibaWeb/TodayRaceInfo/Odds3LenFuku?k_babaCode=32&k_raceDate=2026%2F09%2F20&k_raceNo=9
2026-09-20 20:30:00,20:29,2026-09-20,saga,9,10,三連複,1-9-13,1266.9,1266.9,179,https://www.keiba.go.jp/KeibaWeb/TodayRaceInfo/Odds3LenFuku?k_babaCode=32&k_raceDate=2026%2F09%2F20&k_raceNo=9
2026-09-20 20:30:00,20:29,2026-09-20,saga,9,10,三連複,2-9-13,1266.9,1266.9,179,https://www.keiba.go.jp/KeibaWeb/TodayRaceInfo/Odds3LenFuku?k_babaCode=32&k_raceDate=2026%2F09%2F20&k_raceNo=9
2026-09-20 20:30:00,20:29,2026-09-20,saga,9,10,三連複,2-5-11,1307.8,1307.8,182,https://www.keiba.go.jp/KeibaWeb/TodayRaceInfo/Odds3LenFuku?k_babaCode=32&k_raceDate=2026%2F09%2F20&k_raceNo=9
2026-09-20 20:30:00,20:29,2026-09-20,saga,9,10,三連複,5-9-12,1307.8,1307.8,182,https://www.keiba.go.jp/KeibaWeb/TodayRaceInfo/Odds3LenFuku?k_babaCode=32&k_raceDate=2026%2F09%2F20&k_raceNo=9
2026-09-20 20:30:00,20:29,2026-09-20,saga,9,10,三連複,2-7-13,1351.4,1351.4,184,https://www.keiba.go.jp/KeibaWeb/TodayRaceInfo/Odds3LenFuku?k_babaCode=32&k_raceDate=2026%2F09%2F20&k_raceNo=9
2026-09-20 20:30:00,20:29,2026-09-20,saga,9,10,三連複,3-6-10,1351.4,1351.4,184,https://www.keiba.go.jp/KeibaWeb/TodayRaceInfo/Odds3LenFuku?k_babaCode=32&k_raceDate=2026%2F09%2F20&k_raceNo=9
2026-09-20 20:30:00,20:29,2026-09-20,saga,9,10,三連複,3-11-14,1351.4,1351.4,184,https://www.keiba.go.jp/KeibaWeb/TodayRaceInfo/Odds3LenFuku?k_babaCode=32&k_raceDate=2026%2F09%2F20&k_raceNo=9
2026-09-20 20:30:00,20:29,2026-09-20,saga,9,10,三連複,5-7-12,1351.4,1351.4,184,https://www.keiba.go.jp/KeibaWeb/TodayRaceInfo/Odds3LenFuku?k_babaCode=32&k_raceDate=2026%2F09%2F20&k_raceNo=9
2026-09-20 20:30:00,20:29,2026-09-20,saga,9,10,三連複,5-8-9,1351.4,1351.4,184,https://www.keiba.go.jp/KeibaWeb/TodayRaceInfo/Odds3LenFuku?k_babaCode=32&k_raceDate=2026%2F09%2F20&k_raceNo=9
2026-09-20 20:30:00,20:29,2026-09-20,saga,9,10,三連複,6-7-9,1351.4,1351.4,184,https://www.keiba.go.jp/KeibaWeb/TodayRaceInfo/Odds3LenFuku?k_babaCode=32&k_raceDate=2026%2F09%2F20&k_raceNo=9
2026-09-20 20:30:00,20:29,2026-09-20,saga,9,10,三連複,9-10-11,1351.4,1351.4,184,https://www.keiba.go.jp/KeibaWeb/TodayRaceInfo/Odds3LenFuku?k_babaCode=32&k_raceDate=2026%2F09%2F20&k_raceNo=9
2026-09-20 20:30:00,20:29,2026-09-20,saga,9,10,三連複,2-4-8,1398.0,1398.0,191,https://www.keiba.go.jp/KeibaWeb/TodayRaceInfo/Odds3LenFuku?k_babaCode=32&k_raceDate=2026%2F09%2F20&k_raceNo=9
2026-09-20 20:30:00,20:29,2026-09-20,saga,9,10,三連複,2-6-8,1447.9,1447.9,192,https://www.keiba.go.jp/KeibaWeb/TodayRaceInfo/Odds3LenFuku?k_babaCode=32&k_raceDate=2026%2F09%2F20&k_raceNo=9
2026-09-20 20:30:00,20:29,2026-09-20,saga,9,10,三連複,2-9-11,1447.9,1447.9,192,https://www.keiba.go.jp/KeibaWeb/TodayRaceInfo/Odds3LenFuku?k_babaCode=32&k_raceDate=2026%2F09%2F20&k_raceNo=9
2026-09-20 20:30:00,20:29,2026-09-20,saga,9,10,三連複,3-4-6,1447.9,1447.9,192,https://www.keiba.go.jp/KeibaWeb/TodayRaceInfo/Odds3LenFuku?k_babaCode=32&k_raceDate=2026%2F09%2F20&k_raceNo=9
2026-09-20 20:30:00,20:29,2026-09-20,saga,9,10,三連複,4-11-14,1447.9,1447.9,192,https://www.keiba.go.jp/KeibaWeb/TodayRaceInfo/Odds3LenFuku?k_babaCode=32&k_raceDate=2026%2F09%2F20&k_raceNo=9
2026-09-20 20:30:00,20:29,2026-09-20,saga,9,10,三連複,8-12-14,1447.9,1447.9,192,https://www.keiba.go.jp/KeibaWeb/TodayRaceInfo/Odds3LenFuku?k_babaCode=32&k_raceDate=2026%2F09%2F20&k_raceNo=9
2026-09-20 20:30:00,20:29,2026-09-20,saga,9,10,三連複,1-7-12,1501.5,1501.5,197,https://www.keiba.go.jp/KeibaWeb/TodayRaceInfo/Odds3LenFuku?k_babaCode=32&k_raceDate=2026%2F09%2F20&k_raceNo=9
2026-09-20 20:30:00,20:29,2026-09-20,saga,9,10,三連複,2-3-8,1501.5,1501.5,197,https://www.keiba.go.jp/KeibaWeb/TodayRaceInfo/Odds3LenFuku?k_babaCode=32&k_raceDate=2026%2F09%2F20&k_raceNo=9
2026-09-20 20:30:00,20:29,2026-09-20,saga,9,10,三連複,8-9-10,1501.5,1501.5,197,https://www.keiba.go.jp/KeibaWeb/TodayRaceInfo/Odds3LenFuku?k_babaCode=32&k_raceDate=2026%2F09%2F20&k_raceNo=9
2026-09-20 20:30:00,20:29,2026-09-20,saga,9,10,三連複,11-13-14,1501.5,1501.5,197,https://www.keiba.go.jp/KeibaWeb/TodayRaceInfo/Odds3LenFuku?k_babaCode=32&k_raceDate=2026%2F09%2F20&k_raceNo=9
2026-09-20 20:30:00,20:29,2026-09-20,saga,9,10,三連複,3-12-14,1559.3,1559.3,201,https://www.keiba.go.jp/KeibaWeb/TodayRaceInfo/Odds3LenFuku?k_babaCode=32&k_raceDate=2026%2F09%2F20&k_raceNo=9
2026-09-20 20:30:00,20:29,2026-09-20,saga,9,10,三連複,7-8-10,1559.3,1559.3,201,https://www.keiba.go.jp/KeibaWeb/TodayRaceInfo/Odds3LenFuku?k_babaCode=32&k_raceDate=2026%2F09%2F20&k_raceNo=9
2026-09-20 20:30:00,20:29,2026-09-20,saga,9,10,三連複,7-9-12,1621.6,1621.6,203,https://www.keiba.go.jp/KeibaWeb/TodayRaceInfo/Odds3LenFuku?k_babaCode=32&k_raceDate=2026%2F09%2F20&k_raceNo=9
2026-09-20 20:30:00,20:29,2026-09-20,saga,9,10,三連複,4-6-7,1689.2,1689.2,204,https://www.keiba.go.jp/KeibaWeb/TodayRaceInfo/Odds3LenFuku?k_babaCode=32&k_raceDate=2026%2F09%2F20&k_raceNo=9
2026-09-20 20:30:00,20:29,2026-09-20,saga,9,10,三連複,4-6-9,1689.2,1689.2,204,https://www.keiba.go.jp/KeibaWeb/TodayRaceInfo/Odds3LenFuku?k_babaCode=32&k_raceDate=2026%2F09%2F20&k_raceNo=9
2026-09-20 20:30:00,20:29,2026-09-20,saga,9,10,三連複,5-10-11,1689.2,1689.2,204,https://www.keiba.go.jp/KeibaWeb/TodayRaceInfo/Odds3LenFuku?k_babaCode=32&k_raceDate=2026%2F09%2F20&k_raceNo=9
2026-09-20 20:30:00,20:29,2026-09-20,saga,9,10,三連複,7-8-9,1689.2,1689.2,204,https://www.keiba.go.jp/KeibaWeb/TodayRaceInfo/Odds3LenFuku?k_babaCode=32&k_raceDate=2026%2F09%2F20&k_raceNo=9
2026-09-20 20:30:00,20:29,2026-09-20,saga,9,10,三連複,1-4-8,1762.6,1762.6,208,https://www.keiba.go.jp/KeibaWeb/TodayRaceInfo/Odds3LenFuku?k_babaCode=32&k_raceDate=2026%2F09%2F20&k_raceNo=9
2026-09-20 20:30:00,20:29,2026-09-20,saga,9,10,三連複,1-7-8,1762.6,1762.6,208,https://www.keiba.go.jp/KeibaWeb/TodayRaceInfo/Odds3LenFuku?k_babaCode=32&k_raceDate=2026%2F09%2F20&k_raceNo=9
2026-09-20 20:30:00,20:29,2026-09-20,saga,9,10,三連複,4-7-12,1762.6,1762.6,208,https://www.keiba.go.jp/KeibaWeb/TodayRaceInfo/Odds3LenFuku?k_babaCode=32&k_raceDate=2026%2F09%2F20&k_raceNo=9
2026-09-20 20:30:00,20:29,2026-09-20,saga,9,10,三連複,4-10-12,1762.6,1762.6,208,https://www.keiba.go.jp/KeibaWeb/TodayRaceInfo/Odds3LenFuku?k_babaCode=32&k_raceDate=2026%2F09%2F20&k_raceNo=9
2026-09-20 20:30:00,20:29,2026-09-20,saga,9,10,三連複,5-9-13,1762.6,1762.6,208,https://www.keiba.go.jp/KeibaWeb/TodayRaceInfo/Odds3LenFuku?k_babaCode=32&k_raceDate=2026%2F09%2F20&k_raceNo=9
2026-09-20 20:30:00,20:29,2026-09-20,saga,9,10,三連複,1-3-13,1842.8,1842.8,213,https://www.keiba.go.jp/KeibaWeb/TodayRaceInfo/Odds3LenFuku?k_babaCode=32&k_raceDate=2026%2F09%2F20&k_raceNo=9
2026-09-20 20:30:00,20:29,2026-09-20,saga,9,10,三連複,1-4-11,1842.8,1842.8,213,https://www.keiba.go.jp/KeibaWeb/TodayRaceInfo/Odds3LenFuku?k_babaCode=32&k_raceDate=2026%2F09%2F20&k_raceNo=9
2026-09-20 20:30:00,20:29,2026-09-20,saga,9,10,三連複,7-9-11,1842.8,1842.8,213,https://www.keiba.go.jp/KeibaWeb/TodayRaceInfo/Odds3LenFuku?k_babaCode=32&k_raceDate=2026%2F09%2F20&k_raceNo=9
2026-09-20 20:30:00,20:29,2026-09-20,saga,9,10,三連複,1-3-8,1930.5,1930.5,216,https://www.keiba.go.jp/KeibaWeb/TodayRaceInfo/Odds3LenFuku?k_babaCode=32&k_raceDate=2026%2F09%2F20&k_raceNo=9
2026-09-20 20:30:00,20:29,2026-09-20,saga,9,10,三連複,1-7-11,1930.5,1930.5,216,https://www.keiba.go.jp/KeibaWeb/TodayRaceInfo/Odds3LenFuku?k_babaCode=32&k_raceDate=2026%2F09%2F20&k_raceNo=9
2026-09-20 20:30:00,20:29,2026-09-20,saga,9,10,三連複,1-7-13,1930.5,1930.5,216,https://www.keiba.go.jp/KeibaWeb/TodayRaceInfo/Odds3LenFuku?k_babaCode=32&k_raceDate=2026%2F09%2F20&k_raceNo=9
2026-09-20 20:30:00,20:29,2026-09-20,saga,9,10,三連複,2-8-9,1930.5,1930.5,216,https://www.keiba.go.jp/KeibaWeb/TodayRaceInfo/Odds3LenFuku?k_babaCode=32&k_raceDate=2026%2F09%2F20&k_raceNo=9
2026-09-20 20:30:00,20:29,2026-09-20,saga,9,10,三連複,3-4-9,1930.5,1930.5,216,https://www.keiba.go.jp/KeibaWeb/TodayRaceInfo/Odds3LenFuku?k_babaCode=32&k_raceDate=2026%2F09%2F20&k_raceNo=9
2026-09-20 20:30:00,20:29,2026-09-20,saga,9,10,三連複,7-10-13,1930.5,1930.5,216,https://www.keiba.go.jp/KeibaWeb/TodayRaceInfo/Odds3LenFuku?k_babaCode=32&k_raceDate=2026%2F09%2F20&k_raceNo=9
2026-09-20 20:30:00,20:29,2026-09-20,saga,9,10,三連複,8-11-14,1930.5,1930.5,216,https://www.keiba.go.jp/KeibaWeb/TodayRaceInfo/Odds3LenFuku?k_babaCode=32&k_raceDate=2026%2F09%2F20&k_raceNo=9
2026-09-20 20:30:00,20:29,2026-09-20,saga,9,10,三連複,2-3-13,2027.1,2027.1,223,https://www.keiba.go.jp/KeibaWeb/TodayRaceInfo/Odds3LenFuku?k_babaCode=32&k_raceDate=2026%2F09%2F20&k_raceNo=9
2026-09-20 20:30:00,20:29,2026-09-20,saga,9,10,三連複,2-4-11,2133.7,2133.7,224,https://www.keiba.go.jp/KeibaWeb/TodayRaceInfo/Odds3LenFuku?k_babaCode=32&k_raceDate=2026%2F09%2F20&k_raceNo=9
2026-09-20 20:30:00,20:29,2026-09-20,saga,9,10,三連複,3-6-9,2133.7,2133.7,224,https://www.keiba.go.jp/KeibaWeb/TodayRaceInfo/Odds3LenFuku?k_babaCode=32&k_raceDate=2026%2F09%2F20&k_raceNo=9
2026-09-20 20:30:00,20:29,2026-09-20,saga,9,10,三連複,3-8-14,2133.7,2133.7,224,https://www.keiba.go.jp/KeibaWeb/TodayRaceInfo/Odds3LenFuku?k_babaCode=32&k_raceDate=2026%2F09%2F20&k_raceNo=9
2026-09-20 20:30:00,20:29,2026-09-20,saga,9,10,三連複,4-5-12,2133.7,2133.7,224,https://www.keiba.go.jp/KeibaWeb/TodayRaceInfo/Odds3LenFuku?k_babaCode=32&k_raceDate=2026%2F09%2F20&k_raceNo=9
2026-09-20 20:30:00,20:29,2026-09-20,saga,9,10,三連複,4-8-10,2133.7,2133.7,224,https://www.keiba.go.jp/KeibaWeb/TodayRaceInfo/Odds3LenFuku?k_babaCode=32&k_raceDate=2026%2F09%2F20&k_raceNo=9
2026-09-20 20:30:00,20:29,2026-09-20,saga,9,10,三連複,11-12-14,2133.7,2133.7,224,https://www.keiba.go.jp/KeibaWeb/TodayRaceInfo/Odds3LenFuku?k_babaCode=32&k_raceDate=2026%2F09%2F20&k_raceNo=9
2026-09-20 20:30:00,20:29,2026-09-20,saga,9,10,三連複,3-7-9,2252.3,2252.3,230,https://www.keiba.go.jp/KeibaWeb/TodayRaceInfo/Odds3LenFuku?k_babaCode=32&k_raceDate=2026%2F09%2F20&k_raceNo=9
2026-09-20 20:30:00,20:29,2026-09-20,saga,9,10,三連複,4-5-8,2252.3,2252.3,230,https://www.keiba.go.jp/KeibaWeb/TodayRaceInfo/Odds3LenFuku?k_babaCode=32&k_raceDate=2026%2F09%2F20&k_raceNo=9
2026-09-20 20:30:00,20:29,2026-09-20,saga,9,10,三連複,6-11-14,2384.8,2384.8,232,https://www.keiba.go.jp/KeibaWeb/TodayRaceInfo/Odds3LenFuku?k_babaCode=32&k_raceDate=2026%2F09%2F20&k_raceNo=9
2026-09-20 20:30:00,20:29,2026-09-20,saga,9,10,三連複,2-7-11,2533.8,2533.8,233,https://www.keiba.go.jp/KeibaWeb/TodayRaceInfo/Odds3LenFuku?k_babaCode=32&k_raceDate=2026%2F09%2F20&k_raceNo=9
2026-09-20 20:30:00,20:29,2026-09-20,saga,9,10,三連複,2-8-12,2533.8,2533.8,233,https://www.keiba.go.jp/KeibaWeb/TodayRaceInfo/Odds3LenFuku?k_babaCode=32&k_raceDate=2026%2F09%2F20&k_raceNo=9
2026-09-20 20:30:00,20:29,2026-09-20,saga,9,10,三連複,3-8-10,2533.8,2533.8,233,https://www.keiba.go.jp/KeibaWeb/TodayRaceInfo/Odds3LenFuku?k_babaCode=32&k_raceDate=2026%2F09%2F20&k_raceNo=9
2026-09-20 20:30:00,20:29,2026-09-20,saga,9,10,三連複,5-6-12,2533.8,2533.8,233,https://www.keiba.go.jp/KeibaWeb/TodayRaceInfo/Odds3LenFuku?k_babaCode=32&k_raceDate=2026%2F09%2F20&k_raceNo=9
2026-09-20 20:30:00,20:29,2026-09-20,saga,9,10,三連複,5-7-8,2533.8,2533.8,233,https://www.keiba.go.jp/KeibaWeb/TodayRaceInfo/Odds3LenFuku?k_babaCode=32&k_raceDate=2026%2F09%2F20&k_raceNo=9
2026-09-20 20:30:00,20:29,2026-09-20,saga,9,10,三連複,1-4-13,2702.8,2702.8,238,https://www.keiba.go.jp/KeibaWeb/TodayRaceInfo/Odds3LenFuku?k_babaCode=32&k_raceDate=2026%2F09%2F20&k_raceNo=9
2026-09-20 20:30:00,20:29,2026-09-20,saga,9,10,三連複,1-6-13,2702.8,2702.8,238,https://www.keiba.go.jp/KeibaWeb/TodayRaceInfo/Odds3LenFuku?k_babaCode=32&k_raceDate=2026%2F09%2F20&k_raceNo=9
2026-09-20 20:30:00,20:29,2026-09-20,saga,9,10,三連複,1-8-11,2702.8,2702.8,238,https://www.keiba.go.jp/KeibaWeb/TodayRaceInfo/Odds3LenFuku?k_babaCode=32&k_raceDate=2026%2F09%2F20&k_raceNo=9
2026-09-20 20:30:00,20:29,2026-09-20,saga,9,10,三連複,2-6-11,2702.8,2702.8,238,https://www.keiba.go.jp/KeibaWeb/TodayRaceInfo/Odds3LenFuku?k_babaCode=32&k_raceDate=2026%2F09%2F20&k_raceNo=9
2026-09-20 20:30:00,20:29,2026-09-20,saga,9,10,三連複,3-5-8,2702.8,2702.8,238,https://www.keiba.go.jp/KeibaWeb/TodayRaceInfo/Odds3LenFuku?k_babaCode=32&k_raceDate=2026%2F09%2F20&k_raceNo=9
2026-09-20 20:30:00,20:29,2026-09-20,saga,9,10,三連複,4-6-12,2702.8,2702.8,238,https://www.keiba.go.jp/KeibaWeb/TodayRaceInfo/Odds3LenFuku?k_babaCode=32&k_raceDate=2026%2F09%2F20&k_raceNo=9
2026-09-20 20:30:00,20:29,2026-09-20,saga,9,10,三連複,7-9-13,2702.8,2702.8,238,https://www.keiba.go.jp/KeibaWeb/TodayRaceInfo/Odds3LenFuku?k_babaCode=32&k_raceDate=2026%2F09%2F20&k_raceNo=9
2026-09-20 20:30:00,20:29,2026-09-20,saga,9,10,三連複,1-4-12,2895.8,2895.8,245,https://www.keiba.go.jp/KeibaWeb/TodayRaceInfo/Odds3LenFuku?k_babaCode=32&k_raceDate=2026%2F09%2F20&k_raceNo=9
2026-09-20 20:30:00,20:29,2026-09-20,saga,9,10,三連複,2-3-11,2895.8,2895.8,245,https://www.keiba.go.jp/KeibaWeb/TodayRaceInfo/Odds3LenFuku?k_babaCode=32&k_raceDate=2026%2F09%2F20&k_raceNo=9
2026-09-20 20:30:00,20:29,2026-09-20,saga,9,10,三連複,2-6-13,2895.8,2895.8,245,https://www.keiba.go.jp/KeibaWeb/TodayRaceInfo/Odds3LenFuku?k_babaCode=32&k_raceDate=2026%2F09%2F20&k_raceNo=9
2026-09-20 20:30:00,20:29,2026-09-20,saga,9,10,三連複,3-8-9,2895.8,2895.8,245,https://www.keiba.go.jp/KeibaWeb/TodayRaceInfo/Odds3LenFuku?k_babaCode=32&k_raceDate=2026%2F09%2F20&k_raceNo=9
2026-09-20 20:30:00,20:29,2026-09-20,saga,9,10,三連複,4-9-12,2895.8,2895.8,245,https://www.keiba.go.jp/KeibaWeb/TodayRaceInfo/Odds3LenFuku?k_babaCode=32&k_raceDate=2026%2F09%2F20&k_raceNo=9
2026-09-20 20:30:00,20:29,2026-09-20,saga,9,10,三連複,5-12-13,2895.8,2895.8,245,https://www.keiba.go.jp/KeibaWeb/TodayRaceInfo/Odds3LenFuku?k_babaCode=32&k_raceDate=2026%2F09%2F20&k_raceNo=9
2026-09-20 20:30:00,20:29,2026-09-20,saga,9,10,三連複,1-3-12,3118.6,3118.6,251,https://www.keiba.go.jp/KeibaWeb/TodayRaceInfo/Odds3LenFuku?k_babaCode=32&k_raceDate=2026%2F09%2F20&k_raceNo=9
2026-09-20 20:30:00,20:29,2026-09-20,saga,9,10,三連複,1-6-8,3118.6,3118.6,251,https://www.keiba.go.jp/KeibaWeb/TodayRaceInfo/Odds3LenFuku?k_babaCode=32&k_raceDate=2026%2F09%2F20&k_raceNo=9
2026-09-20 20:30:00,20:29,2026-09-20,saga,9,10,三連複,1-6-11,3118.6,3118.6,251,https://www.keiba.go.jp/KeibaWeb/TodayRaceInfo/Odds3LenFuku?k_babaCode=32&k_raceDate=2026%2F09%2F20&k_raceNo=9
2026-09-20 20:30:00,20:29,2026-09-20,saga,9,10,三連複,3-5-13,3118.6,3118.6,251,https://www.keiba.go.jp/KeibaWeb/TodayRaceInfo/Odds3LenFuku?k_babaCode=32&k_raceDate=2026%2F09%2F20&k_raceNo=9
2026-09-20 20:30:00,20:29,2026-09-20,saga,9,10,三連複,3-6-7,3118.6,3118.6,251,https://www.keiba.go.jp/KeibaWeb/TodayRaceInfo/Odds3LenFuku?k_babaCode=32&k_raceDate=2026%2F09%2F20&k_raceNo=9
2026-09-20 20:30:00,20:29,2026-09-20,saga,9,10,三連複,3-10-13,3118.6,3118.6,251,https://www.keiba.go.jp/KeibaWeb/TodayRaceInfo/Odds3LenFuku?k_babaCode=32&k_raceDate=2026%2F09%2F20&k_raceNo=9
2026-09-20 20:30:00,20:29,2026-09-20,saga,9,10,三連複,4-6-8,3118.6,3118.6,251,https://www.keiba.go.jp/KeibaWeb/TodayRaceInfo/Odds3LenFuku?k_babaCode=32&k_raceDate=2026%2F09%2F20&k_raceNo=9
2026-09-20 20:30:00,20:29,2026-09-20,saga,9,10,三連複,5-6-13,3118.6,3118.6,251,https://www.keiba.go.jp/KeibaWeb/TodayRaceInfo/Odds3LenFuku?k_babaCode=32&k_raceDate=2026%2F09%2F20&k_raceNo=9
2026-09-20 20:30:00,20:29,2026-09-20,saga,9,10,三連複,5-7-13,3118.6,3118.6,251,https://www.keiba.go.jp/KeibaWeb/TodayRaceInfo/Odds3LenFuku?k_babaCode=32&k_raceDate=2026%2F09%2F20&k_raceNo=9
2026-09-20 20:30:00,20:29,2026-09-20,saga,9,10,三連複,5-9-11,3118.6,3118.6,251,https://www.keiba.go.jp/KeibaWeb/TodayRaceInfo/Odds3LenFuku?k_babaCode=32&k_raceDate=2026%2F09%2F20&k_raceNo=9
2026-09-20 20:30:00,20:29,2026-09-20,saga,9,10,三連複,6-7-8,3118.6,3118.6,251,https://www.keiba.go.jp/KeibaWeb/TodayRaceInfo/Odds3LenFuku?k_babaCode=32&k_raceDate=2026%2F09%2F20&k_raceNo=9
2026-09-20 20:30:00,20:29,2026-09-20,saga,9,10,三連複,6-8-10,3118.6,3118.6,251,https://www.keiba.go.jp/KeibaWeb/TodayRaceInfo/Odds3LenFuku?k_babaCode=32&k_raceDate=2026%2F09%2F20&k_raceNo=9
2026-09-20 20:30:00,20:29,2026-09-20,saga,9,10,三連複,6-10-12,3118.6,3118.6,251,https://www.keiba.go.jp/KeibaWeb/TodayRaceInfo/Odds3LenFuku?k_babaCode=32&k_raceDate=2026%2F09%2F20&k_raceNo=9
2026-09-20 20:30:00,20:29,2026-09-20,saga,9,10,三連複,6-10-13,3118.6,3118.6,251,https://www.keiba.go.jp/KeibaWeb/TodayRaceInfo/Odds3LenFuku?k_babaCode=32&k_raceDate=2026%2F09%2F20&k_raceNo=9
2026-09-20 20:30:00,20:29,2026-09-20,saga,9,10,三連複,7-10-11,3118.6,3118.6,251,https://www.keiba.go.jp/KeibaWeb/TodayRaceInfo/Odds3LenFuku?k_babaCode=32&k_raceDate=2026%2F09%2F20&k_raceNo=9
2026-09-20 20:30:00,20:29,2026-09-20,saga,9,10,三連複,10-12-13,3118.6,3118.6,251,https://www.keiba.go.jp/KeibaWeb/TodayRaceInfo/Odds3LenFuku?k_babaCode=32&k_raceDate=2026%2F09%2F20&k_raceNo=9
2026-09-20 20:30:00,20:29,2026-09-20,saga,9,10,三連複,11-12-13,3118.6,3118.6,251,https://www.keiba.go.jp/KeibaWeb/TodayRaceInfo/Odds3LenFuku?k_babaCode=32&k_raceDate=2026%2F09%2F20&k_raceNo=9
2026-09-20 20:30:00,20:29,2026-09-20,saga,9,10,三連複,2-12-13,3378.5,3378.5,268,https://www.keiba.go.jp/KeibaWeb/TodayRaceInfo/Odds3LenFuku?k_babaCode=32&k_raceDate=2026%2F09%2F20&k_raceNo=9
2026-09-20 20:30:00,20:29,2026-09-20,saga,9,10,三連複,3-5-11,3378.5,3378.5,268,https://www.keiba.go.jp/KeibaWeb/TodayRaceInfo/Odds3LenFuku?k_babaCode=32&k_raceDate=2026%2F09%2F20&k_raceNo=9
2026-09-20 20:30:00,20:29,2026-09-20,saga,9,10,三連複,8-10-11,3378.5,3378.5,268,https://www.keiba.go.jp/KeibaWeb/TodayRaceInfo/Odds3LenFuku?k_babaCode=32&k_raceDate=2026%2F09%2F20&k_raceNo=9
2026-09-20 20:30:00,20:29,2026-09-20,saga,9,10,三連複,3-7-8,3685.6,3685.6,271,https://www.keiba.go.jp/KeibaWeb/TodayRaceInfo/Odds3LenFuku?k_babaCode=32&k_raceDate=2026%2F09%2F20&k_raceNo=9
2026-09-20 20:30:00,20:29,2026-09-20,saga,9,10,三連複,4-7-13,3685.6,3685.6,271,https://www.keiba.go.jp/KeibaWeb/TodayRaceInfo/Odds3LenFuku?k_babaCode=32&k_raceDate=2026%2F09%2F20&k_raceNo=9
2026-09-20 20:30:00,20:29,2026-09-20,saga,9,10,三連複,4-8-12,3685.6,3685.6,271,https://www.keiba.go.jp/KeibaWeb/TodayRaceInfo/Odds3LenFuku?k_babaCode=32&k_raceDate=2026%2F09%2F20&k_raceNo=9
2026-09-20 20:30:00,20:29,2026-09-20,saga,9,10,三連複,6-10-11,3685.6,3685.6,271,https://www.keiba.go.jp/KeibaWeb/TodayRaceInfo/Odds3LenFuku?k_babaCode=32&k_raceDate=2026%2F09%2F20&k_raceNo=9
2026-09-20 20:30:00,20:29,2026-09-20,saga,9,10,三連複,8-10-12,3685.6,3685.6,271,https://www.keiba.go.jp/KeibaWeb/TodayRaceInfo/Odds3LenFuku?k_babaCode=32&k_raceDate=2026%2F09%2F20&k_raceNo=9
2026-09-20 20:30:00,20:29,2026-09-20,saga,9,10,三連複,9-11-12,3685.6,3685.6,271,https://www.keiba.go.jp/KeibaWeb/TodayRaceInfo/Odds3LenFuku?k_babaCode=32&k_raceDate=2026%2F09%2F20&k_raceNo=9
2026-09-20 20:30:00,20:29,2026-09-20,saga,9,10,三連複,9-12-13,3685.6,3685.6,271,https://www.keiba.go.jp/KeibaWeb/TodayRaceInfo/Odds3LenFuku?k_babaCode=32&k_raceDate=2026%2F09%2F20&k_raceNo=9
2026-09-20 20:30:00,20:29,2026-09-20,saga,9,10,三連複,10-11-13,3685.6,3685.6,271,https://www.keiba.go.jp/KeibaWeb/TodayRaceInfo/Odds3LenFuku?k_babaCode=32&k_raceDate=2026%2F09%2F20&k_raceNo=9
2026-09-20 20:30:00,20:29,2026-09-20,saga,9,10,三連複,2-3-12,4054.2,4054.2,279,https://www.keiba.go.jp/KeibaWeb/TodayRaceInfo/Odds3LenFuku?k_babaCode=32&k_raceDate=2026%2F09%2F20&k_raceNo=9
2026-09-20 20:30:00,20:29,2026-09-20,saga,9,10,三連複,3-4-8,4054.2,4054.2,279,https://www.keiba.go.jp/KeibaWeb/TodayRaceInfo/Odds3LenFuku?k_babaCode=32&k_raceDate=2026%2F09%2F20&k_raceNo=9
2026-09-20 20:30:00,20:29,2026-09-20,saga,9,10,三連複,3-7-11,4054.2,4054.2,279,https://www.keiba.go.jp/KeibaWeb/TodayRaceInfo/Odds3LenFuku?k_babaCode=32&k_raceDate=2026%2F09%2F20&k_raceNo=9
2026-09-20 20:30:00,20:29,2026-09-20,saga,9,10,三連複,4-6-11,4054.2,4054.2,279,https://www.keiba.go.jp/KeibaWeb/TodayRaceInfo/Odds3LenFuku?k_babaCode=32&k_raceDate=2026%2F09%2F20&k_raceNo=9
2026-09-20 20:30:00,20:29,2026-09-20,saga,9,10,三連複,4-7-8,4054.2,4054.2,279,https://www.keiba.go.jp/KeibaWeb/TodayRaceInfo/Odds3LenFuku?k_babaCode=32&k_raceDate=2026%2F09%2F20&k_raceNo=9
2026-09-20 20:30:00,20:29,2026-09-20,saga,9,10,三連複,4-7-11,4054.2,4054.2,279,https://www.keiba.go.jp/KeibaWeb/TodayRaceInfo/Odds3LenFuku?k_babaCode=32&k_raceDate=2026%2F09%2F20&k_raceNo=9
2026-09-20 20:30:00,20:29,2026-09-20,saga,9,10,三連複,4-10-11,4054.2,4054.2,279,https://www.keiba.go.jp/KeibaWeb/TodayRaceInfo/Odds3LenFuku?k_babaCode=32&k_raceDate=2026%2F09%2F20&k_raceNo=9
2026-09-20 20:30:00,20:29,2026-09-20,saga,9,10,三連複,5-6-11,4054.2,4054.2,279,https://www.keiba.go.jp/KeibaWeb/TodayRaceInfo/Odds3LenFuku?k_babaCode=32&k_raceDate=2026%2F09%2F20&k_raceNo=9
2026-09-20 20:30:00,20:29,2026-09-20,saga,9,10,三連複,6-7-12,4054.2,4054.2,279,https://www.keiba.go.jp/KeibaWeb/TodayRaceInfo/Odds3LenFuku?k_babaCode=32&k_raceDate=2026%2F09%2F20&k_raceNo=9
2026-09-20 20:30:00,20:29,2026-09-20,saga,9,10,三連複,7-8-12,4054.2,4054.2,279,https://www.keiba.go.jp/KeibaWeb/TodayRaceInfo/Odds3LenFuku?k_babaCode=32&k_raceDate=2026%2F09%2F20&k_raceNo=9
2026-09-20 20:30:00,20:29,2026-09-20,saga,9,10,三連複,1-8-12,4504.6,4504.6,289,https://www.keiba.go.jp/KeibaWeb/TodayRaceInfo/Odds3LenFuku?k_babaCode=32&k_raceDate=2026%2F09%2F20&k_raceNo=9
2026-09-20 20:30:00,20:29,2026-09-20,saga,9,10,三連複,1-8-13,4504.6,4504.6,289,https://www.keiba.go.jp/KeibaWeb/TodayRaceInfo/Odds3LenFuku?k_babaCode=32&k_raceDate=2026%2F09%2F20&k_raceNo=9
2026-09-20 20:30:00,20:29,2026-09-20,saga,9,10,三連複,1-11-12,4504.6,4504.6,289,https://www.keiba.go.jp/KeibaWeb/TodayRaceInfo/Odds3LenFuku?k_babaCode=32&k_raceDate=2026%2F09%2F20&k_raceNo=9
2026-09-20 20:30:00,20:29,2026-09-20,saga,9,10,三連複,2-8-11,4504.6,4504.6,289,https://www.keiba.go.jp/KeibaWeb/TodayRaceInfo/Odds3LenFuku?k_babaCode=32&k_raceDate=2026%2F09%2F20&k_raceNo=9
2026-09-20 20:30:00,20:29,2026-09-20,saga,9,10,三連複,2-11-13,4504.6,4504.6,289,https://www.keiba.go.jp/KeibaWeb/TodayRaceInfo/Odds3LenFuku?k_babaCode=32&k_raceDate=2026%2F09%2F20&k_raceNo=9
2026-09-20 20:30:00,20:29,2026-09-20,saga,9,10,三連複,3-6-8,4504.6,4504.6,289,https://www.keiba.go.jp/KeibaWeb/TodayRaceInfo/Odds3LenFuku?k_babaCode=32&k_raceDate=2026%2F09%2F20&k_raceNo=9
2026-09-20 20:30:00,20:29,2026-09-20,saga,9,10,三連複,3-10-11,4504.6,4504.6,289,https://www.keiba.go.jp/KeibaWeb/TodayRaceInfo/Odds3LenFuku?k_babaCode=32&k_raceDate=2026%2F09%2F20&k_raceNo=9
2026-09-20 20:30:00,20:29,2026-09-20,saga,9,10,三連複,4-5-13,4504.6,4504.6,289,https://www.keiba.go.jp/KeibaWeb/TodayRaceInfo/Odds3LenFuku?k_babaCode=32&k_raceDate=2026%2F09%2F20&k_raceNo=9
2026-09-20 20:30:00,20:29,2026-09-20,saga,9,10,三連複,4-9-13,4504.6,4504.6,289,https://www.keiba.go.jp/KeibaWeb/TodayRaceInfo/Odds3LenFuku?k_babaCode=32&k_raceDate=2026%2F09%2F20&k_raceNo=9
2026-09-20 20:30:00,20:29,2026-09-20,saga,9,10,三連複,5-7-11,4504.6,4504.6,289,https://www.keiba.go.jp/KeibaWeb/TodayRaceInfo/Odds3LenFuku?k_babaCode=32&k_raceDate=2026%2F09%2F20&k_raceNo=9
2026-09-20 20:30:00,20:29,2026-09-20,saga,9,10,三連複,5-8-13,4504.6,4504.6,289,https://www.keiba.go.jp/KeibaWeb/TodayRaceInfo/Odds3LenFuku?k_babaCode=32&k_raceDate=2026%2F09%2F20&k_raceNo=9
2026-09-20 20:30:00,20:29,2026-09-20,saga,9,10,三連複,6-8-9,4504.6,4504.6,289,https://www.keiba.go.jp/KeibaWeb/TodayRaceInfo/Odds3LenFuku?k_babaCode=32&k_raceDate=2026%2F09%2F20&k_raceNo=9
2026-09-20 20:30:00,20:29,2026-09-20,saga,9,10,三連複,8-9-13,4504.6,4504.6,289,https://www.keiba.go.jp/KeibaWeb/TodayRaceInfo/Odds3LenFuku?k_babaCode=32&k_raceDate=2026%2F09%2F20&k_raceNo=9
2026-09-20 20:30:00,20:29,2026-09-20,saga,9,10,三連複,8-10-13,4504.6,4504.6,289,https://www.keiba.go.jp/KeibaWeb/TodayRaceInfo/Odds3LenFuku?k_babaCode=32&k_raceDate=2026%2F09%2F20&k_raceNo=9
2026-09-20 20:30:00,20:29,2026-09-20,saga,9,10,三連複,1-6-12,5067.7,5067.7,303,https://www.keiba.go.jp/KeibaWeb/TodayRaceInfo/Odds3LenFuku?k_babaCode=32&k_raceDate=2026%2F09%2F20&k_raceNo=9
2026-09-20 20:30:00,20:29,2026-09-20,saga,9,10,三連複,1-12-13,5067.7,5067.7,303,https://www.keiba.go.jp/KeibaWeb/TodayRaceInfo/Odds3LenFuku?k_babaCode=32&k_raceDate=2026%2F09%2F20&k_raceNo=9
2026-09-20 20:30:00,20:29,2026-09-20,saga,9,10,三連複,3-7-13,5067.7,5067.7,303,https://www.keiba.go.jp/KeibaWeb/TodayRaceInfo/Odds3LenFuku?k_babaCode=32&k_raceDate=2026%2F09%2F20&k_raceNo=9
2026-09-20 20:30:00,20:29,2026-09-20,saga,9,10,三連複,3-9-12,5067.7,5067.7,303,https://www.keiba.go.jp/KeibaWeb/TodayRaceInfo/Odds3LenFuku?k_babaCode=32&k_raceDate=2026%2F09%2F20&k_raceNo=9
2026-09-20 20:30:00,20:29,2026-09-20,saga,9,10,三連複,4-5-11,5067.7,5067.7,303,https://www.keiba.go.jp/KeibaWeb/TodayRaceInfo/Odds3LenFuku?k_babaCode=32&k_raceDate=2026%2F09%2F20&k_raceNo=9
2026-09-20 20:30:00,20:29,2026-09-20,saga,9,10,三連複,5-6-8,5067.7,5067.7,303,https://www.keiba.go.jp/KeibaWeb/TodayRaceInfo/Odds3LenFuku?k_babaCode=32&k_raceDate=2026%2F09%2F20&k_raceNo=9
2026-09-20 20:30:00,20:29,2026-09-20,saga,9,10,三連複,6-7-13,5067.7,5067.7,303,https://www.keiba.go.jp/KeibaWeb/TodayRaceInfo/Odds3LenFuku?k_babaCode=32&k_raceDate=2026%2F09%2F20&k_raceNo=9
2026-09-20 20:30:00,20:29,2026-09-20,saga,9,10,三連複,6-9-11,5067.7,5067.7,303,https://www.keiba.go.jp/KeibaWeb/TodayRaceInfo/Odds3LenFuku?k_babaCode=32&k_raceDate=2026%2F09%2F20&k_raceNo=9
2026-09-20 20:30:00,20:29,2026-09-20,saga,9,10,三連複,6-9-12,5067.7,5067.7,303,https://www.keiba.go.jp/KeibaWeb/TodayRaceInfo/Odds3LenFuku?k_babaCode=32&k_raceDate=2026%2F09%2F20&k_raceNo=9
2026-09-20 20:30:00,20:29,2026-09-20,saga,9,10,三連複,7-8-13,5067.7,5067.7,303,https://www.keiba.go.jp/KeibaWeb/TodayRaceInfo/Odds3LenFuku?k_babaCode=32&k_raceDate=2026%2F09%2F20&k_raceNo=9
2026-09-20 20:30:00,20:29,2026-09-20,saga,9,10,三連複,8-9-12,5067.7,5067.7,303,https://www.keiba.go.jp/KeibaWeb/TodayRaceInfo/Odds3LenFuku?k_babaCode=32&k_raceDate=2026%2F09%2F20&k_raceNo=9
2026-09-20 20:30:00,20:29,2026-09-20,saga,9,10,三連複,10-11-12,5067.7,5067.7,303,https://www.keiba.go.jp/KeibaWeb/TodayRaceInfo/Odds3LenFuku?k_babaCode=32&k_raceDate=2026%2F09%2F20&k_raceNo=9
2026-09-20 20:30:00,20:29,2026-09-20,saga,9,10,三連複,1-11-13,5791.7,5791.7,315,https://www.keiba.go.jp/KeibaWeb/TodayRaceInfo/Odds3LenFuku?k_babaCode=32&k_raceDate=2026%2F09%2F20&k_raceNo=9
2026-09-20 20:30:00,20:29,2026-09-20,saga,9,10,三連複,2-8-13,5791.7,5791.7,315,https://www.keiba.go.jp/KeibaWeb/TodayRaceInfo/Odds3LenFuku?k_babaCode=32&k_raceDate=2026%2F09%2F20&k_raceNo=9
2026-09-20 20:30:00,20:29,2026-09-20,saga,9,10,三連複,2-11-12,5791.7,5791.7,315,https://www.keiba.go.jp/KeibaWeb/TodayRaceInfo/Odds3LenFuku?k_babaCode=32&k_raceDate=2026%2F09%2F20&k_raceNo=9
2026-09-20 20:30:00,20:29,2026-09-20,saga,9,10,三連複,3-4-11,5791.7,5791.7,315,https://www.keiba.go.jp/KeibaWeb/TodayRaceInfo/Odds3LenFuku?k_babaCode=32&k_raceDate=2026%2F09%2F20&k_raceNo=9
2026-09-20 20:30:00,20:29,2026-09-20,saga,9,10,三連複,3-4-12,5791.7,5791.7,315,https://www.keiba.go.jp/KeibaWeb/TodayRaceInfo/Odds3LenFuku?k_babaCode=32&k_raceDate=2026%2F09%2F20&k_raceNo=9
2026-09-20 20:30:00,20:29,2026-09-20,saga,9,10,三連複,3-4-13,5791.7,5791.7,315,https://www.keiba.go.jp/KeibaWeb/TodayRaceInfo/Odds3LenFuku?k_babaCode=32&k_raceDate=2026%2F09%2F20&k_raceNo=9
2026-09-20 20:30:00,20:29,2026-09-20,saga,9,10,三連複,3-5-12,5791.7,5791.7,315,https://www.keiba.go.jp/KeibaWeb/TodayRaceInfo/Odds3LenFuku?k_babaCode=32&k_raceDate=2026%2F09%2F20&k_raceNo=9
2026-09-20 20:30:00,20:29,2026-09-20,saga,9,10,三連複,3-7-12,5791.7,5791.7,315,https://www.keiba.go.jp/KeibaWeb/TodayRaceInfo/Odds3LenFuku?k_babaCode=32&k_raceDate=2026%2F09%2F20&k_raceNo=9
2026-09-20 20:30:00,20:29,2026-09-20,saga,9,10,三連複,3-9-11,5791.7,5791.7,315,https://www.keiba.go.jp/KeibaWeb/TodayRaceInfo/Odds3LenFuku?k_babaCode=32&k_raceDate=2026%2F09%2F20&k_raceNo=9
2026-09-20 20:30:00,20:29,2026-09-20,saga,9,10,三連複,3-9-13,5791.7,5791.7,315,https://www.keiba.go.jp/KeibaWeb/TodayRaceInfo/Odds3LenFuku?k_babaCode=32&k_raceDate=2026%2F09%2F20&k_raceNo=9
2026-09-20 20:30:00,20:29,2026-09-20,saga,9,10,三連複,3-10-12,5791.7,5791.7,315,https://www.keiba.go.jp/KeibaWeb/TodayRaceInfo/Odds3LenFuku?k_babaCode=32&k_raceDate=2026%2F09%2F20&k_raceNo=9
2026-09-20 20:30:00,20:29,2026-09-20,saga,9,10,三連複,4-8-9,5791.7,5791.7,315,https://www.keiba.go.jp/KeibaWeb/TodayRaceInfo/Odds3LenFuku?k_babaCode=32&k_raceDate=2026%2F09%2F20&k_raceNo=9
2026-09-20 20:30:00,20:29,2026-09-20,saga,9,10,三連複,6-7-11,5791.7,5791.7,315,https://www.keiba.go.jp/KeibaWeb/TodayRaceInfo/Odds3LenFuku?k_babaCode=32&k_raceDate=2026%2F09%2F20&k_raceNo=9
2026-09-20 20:30:00,20:29,2026-09-20,saga,9,10,三連複,6-8-12,5791.7,5791.7,315,https://www.keiba.go.jp/KeibaWeb/TodayRaceInfo/Odds3LenFuku?k_babaCode=32&k_raceDate=2026%2F09%2F20&k_raceNo=9
2026-09-20 20:30:00,20:29,2026-09-20,saga,9,10,三連複,6-9-13,5791.7,5791.7,315,https://www.keiba.go.jp/KeibaWeb/TodayRaceInfo/Odds3LenFuku?k_babaCode=32&k_raceDate=2026%2F09%2F20&k_raceNo=9
2026-09-20 20:30:00,20:29,2026-09-20,saga,9,10,三連複,7-11-12,5791.7,5791.7,315,https://www.keiba.go.jp/KeibaWeb/TodayRaceInfo/Odds3LenFuku?k_babaCode=32&k_raceDate=2026%2F09%2F20&k_raceNo=9
2026-09-20 20:30:00,20:29,2026-09-20,saga,9,10,三連複,3-6-11,6757.0,6757.0,331,https://www.keiba.go.jp/KeibaWeb/TodayRaceInfo/Odds3LenFuku?k_babaCode=32&k_raceDate=2026%2F09%2F20&k_raceNo=9
2026-09-20 20:30:00,20:29,2026-09-20,saga,9,10,三連複,3-8-11,6757.0,6757.0,331,https://www.keiba.go.jp/KeibaWeb/TodayRaceInfo/Odds3LenFuku?k_babaCode=32&k_raceDate=2026%2F09%2F20&k_raceNo=9
2026-09-20 20:30:00,20:29,2026-09-20,saga,9,10,三連複,4-8-11,6757.0,6757.0,331,https://www.keiba.go.jp/KeibaWeb/TodayRaceInfo/Odds3LenFuku?k_babaCode=32&k_raceDate=2026%2F09%2F20&k_raceNo=9
2026-09-20 20:30:00,20:29,2026-09-20,saga,9,10,三連複,4-8-13,6757.0,6757.0,331,https://www.keiba.go.jp/KeibaWeb/TodayRaceInfo/Odds3LenFuku?k_babaCode=32&k_raceDate=2026%2F09%2F20&k_raceNo=9
2026-09-20 20:30:00,20:29,2026-09-20,saga,9,10,三連複,4-10-13,6757.0,6757.0,331,https://www.keiba.go.jp/KeibaWeb/TodayRaceInfo/Odds3LenFuku?k_babaCode=32&k_raceDate=2026%2F09%2F20&k_raceNo=9
2026-09-20 20:30:00,20:29,2026-09-20,saga,9,10,三連複,5-8-12,6757.0,6757.0,331,https://www.keiba.go.jp/KeibaWeb/TodayRaceInfo/Odds3LenFuku?k_babaCode=32&k_raceDate=2026%2F09%2F20&k_raceNo=9
2026-09-20 20:30:00,20:29,2026-09-20,saga,9,10,三連複,5-11-13,6757.0,6757.0,331,https://www.keiba.go.jp/KeibaWeb/TodayRaceInfo/Odds3LenFuku?k_babaCode=32&k_raceDate=2026%2F09%2F20&k_raceNo=9
2026-09-20 20:30:00,20:29,2026-09-20,saga,9,10,三連複,6-8-13,6757.0,6757.0,331,https://www.keiba.go.jp/KeibaWeb/TodayRaceInfo/Odds3LenFuku?k_babaCode=32&k_raceDate=2026%2F09%2F20&k_raceNo=9
2026-09-20 20:30:00,20:29,2026-09-20,saga,9,10,三連複,7-8-11,6757.0,6757.0,331,https://www.keiba.go.jp/KeibaWeb/TodayRaceInfo/Odds3LenFuku?k_babaCode=32&k_raceDate=2026%2F09%2F20&k_raceNo=9
2026-09-20 20:30:00,20:29,2026-09-20,saga,9,10,三連複,8-9-11,6757.0,6757.0,331,https://www.keiba.go.jp/KeibaWeb/TodayRaceInfo/Odds3LenFuku?k_babaCode=32&k_raceDate=2026%2F09%2F20&k_raceNo=9
2026-09-20 20:30:00,20:29,2026-09-20,saga,9,10,三連複,8-11-12,6757.0,6757.0,331,https://www.keiba.go.jp/KeibaWeb/TodayRaceInfo/Odds3LenFuku?k_babaCode=32&k_raceDate=2026%2F09%2F20&k_raceNo=9
2026-09-20 20:30:00,20:29,2026-09-20,saga,9,10,三連複,4-9-11,8108.4,8108.4,342,https://www.keiba.go.jp/KeibaWeb/TodayRaceInfo/Odds3LenFuku?k_babaCode=32&k_raceDate=2026%2F09%2F20&k_raceNo=9
2026-09-20 20:30:00,20:29,2026-09-20,saga,9,10,三連複,5-8-11,8108.4,8108.4,342,https://www.keiba.go.jp/KeibaWeb/TodayRaceInfo/Odds3LenFuku?k_babaCode=32&k_raceDate=2026%2F09%2F20&k_raceNo=9
2026-09-20 20:30:00,20:29,2026-09-20,saga,9,10,三連複,5-11-12,8108.4,8108.4,342,https://www.keiba.go.jp/KeibaWeb/TodayRaceInfo/Odds3LenFuku?k_babaCode=32&k_raceDate=2026%2F09%2F20&k_raceNo=9
2026-09-20 20:30:00,20:29,2026-09-20,saga,9,10,三連複,6-8-11,8108.4,8108.4,342,https://www.keiba.go.jp/KeibaWeb/TodayRaceInfo/Odds3LenFuku?k_babaCode=32&k_raceDate=2026%2F09%2F20&k_raceNo=9
2026-09-20 20:30:00,20:29,2026-09-20,saga,9,10,三連複,7-11-13,8108.4,8108.4,342,https://www.keiba.go.jp/KeibaWeb/TodayRaceInfo/Odds3LenFuku?k_babaCode=32&k_raceDate=2026%2F09%2F20&k_raceNo=9
2026-09-20 20:30:00,20:29,2026-09-20,saga,9,10,三連複,7-12-13,8108.4,8108.4,342,https://www.keiba.go.jp/KeibaWeb/TodayRaceInfo/Odds3LenFuku?k_babaCode=32&k_raceDate=2026%2F09%2F20&k_raceNo=9
2026-09-20 20:30:00,20:29,2026-09-20,saga,9,10,三連複,9-11-13,8108.4,8108.4,342,https://www.keiba.go.jp/KeibaWeb/TodayRaceInfo/Odds3LenFuku?k_babaCode=32&k_raceDate=2026%2F09%2F20&k_raceNo=9
2026-09-20 20:30:00,20:29,2026-09-20,saga,9,10,三連複,3-6-12,10135.5,10135.5,349,https://www.keiba.go.jp/KeibaWeb/TodayRaceInfo/Odds3LenFuku?k_babaCode=32&k_raceDate=2026%2F09%2F20&k_raceNo=9
2026-09-20 20:30:00,20:29,2026-09-20,saga,9,10,三連複,3-11-12,10135.5,10135.5,349,https://www.keiba.go.jp/KeibaWeb/TodayRaceInfo/Odds3LenFuku?k_babaCode=32&k_raceDate=2026%2F09%2F20&k_raceNo=9
2026-09-20 20:30:00,20:29,2026-09-20,saga,9,10,三連複,4-12-13,10135.5,10135.5,349,https://www.keiba.go.jp/KeibaWeb/TodayRaceInfo/Odds3LenFuku?k_babaCode=32&k_raceDate=2026%2F09%2F20&k_raceNo=9
2026-09-20 20:30:00,20:29,2026-09-20,saga,9,10,三連複,6-11-12,10135.5,10135.5,349,https://www.keiba.go.jp/KeibaWeb/TodayRaceInfo/Odds3LenFuku?k_babaCode=32&k_raceDate=2026%2F09%2F20&k_raceNo=9
2026-09-20 20:30:00,20:29,2026-09-20,saga,9,10,三連複,6-11-13,10135.5,10135.5,349,https://www.keiba.go.jp/KeibaWeb/TodayRaceInfo/Odds3LenFuku?k_babaCode=32&k_raceDate=2026%2F09%2F20&k_raceNo=9
2026-09-20 20:30:00,20:29,2026-09-20,saga,9,10,三連複,3-6-13,13514.0,13514.0,354,https://www.keiba.go.jp/KeibaWeb/TodayRaceInfo/Odds3LenFuku?k_babaCode=32&k_raceDate=2026%2F09%2F20&k_raceNo=9
2026-09-20 20:30:00,20:29,2026-09-20,saga,9,10,三連複,3-8-13,13514.0,13514.0,354,https://www.keiba.go.jp/KeibaWeb/TodayRaceInfo/Odds3LenFuku?k_babaCode=32&k_raceDate=2026%2F09%2F20&k_raceNo=9
2026-09-20 20:30:00,20:29,2026-09-20,saga,9,10,三連複,3-11-13,13514.0,13514.0,354,https://www.keiba.go.jp/KeibaWeb/TodayRaceInfo/Odds3LenFuku?k_babaCode=32&k_raceDate=2026%2F09%2F20&k_raceNo=9
2026-09-20 20:30:00,20:29,2026-09-20,saga,9,10,三連複,3-12-13,13514.0,13514.0,354,https://www.keiba.go.jp/KeibaWeb/TodayRaceInfo/Odds3LenFuku?k_babaCode=32&k_raceDate=2026%2F09%2F20&k_raceNo=9
2026-09-20 20:30:00,20:29,2026-09-20,saga,9,10,三連複,4-6-13,13514.0,13514.0,354,https://www.keiba.go.jp/KeibaWeb/TodayRaceInfo/Odds3LenFuku?k_babaCode=32&k_raceDate=2026%2F09%2F20&k_raceNo=9
2026-09-20 20:30:00,20:29,2026-09-20,saga,9,10,三連複,4-11-12,13514.0,13514.0,354,https://www.keiba.go.jp/KeibaWeb/TodayRaceInfo/Odds3LenFuku?k_babaCode=32&k_raceDate=2026%2F09%2F20&k_raceNo=9
2026-09-20 20:30:00,20:29,2026-09-20,saga,9,10,三連複,8-11-13,13514.0,13514.0,354,https://www.keiba.go.jp/KeibaWeb/TodayRaceInfo/Odds3LenFuku?k_babaCode=32&k_raceDate=2026%2F09%2F20&k_raceNo=9
2026-09-20 20:30:00,20:29,2026-09-20,saga,9,10,三連複,3-8-12,20271.0,20271.0,361,https://www.keiba.go.jp/KeibaWeb/TodayRaceInfo/Odds3LenFuku?k_babaCode=32&k_raceDate=2026%2F09%2F20&k_raceNo=9
2026-09-20 20:30:00,20:29,2026-09-20,saga,9,10,三連複,4-11-13,20271.0,20271.0,361,https://www.keiba.go.jp/KeibaWeb/TodayRaceInfo/Odds3LenFuku?k_babaCode=32&k_raceDate=2026%2F09%2F20&k_raceNo=9
2026-09-20 20:30:00,20:29,2026-09-20,saga,9,10,三連複,6-12-13,20271.0,20271.0,361,https://www.keiba.go.jp/KeibaWeb/TodayRaceInfo/Odds3LenFuku?k_babaCode=32&k_raceDate=2026%2F09%2F20&k_raceNo=9
2026-09-20 20:30:00,20:29,2026-09-20,saga,9,10,三連複,8-12-13,20271.0,20271.0,361,https://www.keiba.go.jp/KeibaWeb/TodayRaceInfo/Odds3LenFuku?k_babaCode=32&k_raceDate=2026%2F09%2F20&k_raceNo=9
