captured_at,source_time,race_date,track,race_no,minutes_before,bet_type,combination,odds_low,odds_high,popularity,source_url
2026-10-02 19:00:23,18:59,2026-10-02,funabashi,9,5,単勝,1,179.5,179.5,14,https://www.keiba.go.jp/KeibaWeb/TodayRaceInfo/OddsTanFuku?k_babaCode=19&k_raceDate=2026%2F10%2F02&k_raceNo=9
2026-10-02 19:00:23,18:59,2026-10-02,funabashi,9,5,単勝,2,13.2,13.2,7,https://www.keiba.go.jp/KeibaWeb/TodayRaceInfo/OddsTanFuku?k_babaCode=19&k_raceDate=2026%2F10%2F02&k_raceNo=9
2026-10-02 19:00:23,18:59,2026-10-02,funabashi,9,5,単勝,3,4.5,4.5,2,https://www.keiba.go.jp/KeibaWeb/TodayRaceInfo/OddsTanFuku?k_babaCode=19&k_raceDate=2026%2F10%2F02&k_raceNo=9
2026-10-02 19:00:23,18:59,2026-10-02,funabashi,9,5,単勝,4,21.1,21.1,9,https://www.keiba.go.jp/KeibaWeb/TodayRaceInfo/OddsTanFuku?k_babaCode=19&k_raceDate=2026%2F10%2F02&k_raceNo=9
2026-10-02 19:00:23,18:59,2026-10-02,funabashi,9,5,単勝,5,9.3,9.3,4,https://www.keiba.go.jp/KeibaWeb/TodayRaceInfo/OddsTanFuku?k_babaCode=19&k_raceDate=2026%2F10%2F02&k_raceNo=9
2026-10-02 19:00:23,18:59,2026-10-02,funabashi,9,5,単勝,6,2.2,2.2,1,https://www.keiba.go.jp/KeibaWeb/TodayRaceInfo/OddsTanFuku?k_babaCode=19&k_raceDate=2026%2F10%2F02&k_raceNo=9
2026-10-02 19:00:23,18:59,2026-10-02,funabashi,9,5,単勝,7,17.8,17.8,8,https://www.keiba.go.jp/KeibaWeb/TodayRaceInfo/OddsTanFuku?k_babaCode=19&k_raceDate=2026%2F10%2F02&k_raceNo=9
2026-10-02 19:00:23,18:59,2026-10-02,funabashi,9,5,単勝,8,176.6,176.6,13,https://www.keiba.go.jp/KeibaWeb/TodayRaceInfo/OddsTanFuku?k_babaCode=19&k_raceDate=2026%2F10%2F02&k_raceNo=9
2026-10-02 19:00:23,18:59,2026-10-02,funabashi,9,5,単勝,9,8.9,8.9,3,https://www.keiba.go.jp/KeibaWeb/TodayRaceInfo/OddsTanFuku?k_babaCode=19&k_raceDate=2026%2F10%2F02&k_raceNo=9
2026-10-02 19:00:23,18:59,2026-10-02,funabashi,9,5,単勝,10,157.2,157.2,12,https://www.keiba.go.jp/KeibaWeb/TodayRaceInfo/OddsTanFuku?k_babaCode=19&k_raceDate=2026%2F10%2F02&k_raceNo=9
2026-10-02 19:00:23,18:59,2026-10-02,funabashi,9,5,単勝,11,12.7,12.7,5,https://www.keiba.go.jp/KeibaWeb/TodayRaceInfo/OddsTanFuku?k_babaCode=19&k_raceDate=2026%2F10%2F02&k_raceNo=9
2026-10-02 19:00:23,18:59,2026-10-02,funabashi,9,5,単勝,12,147.3,147.3,11,https://www.keiba.go.jp/KeibaWeb/TodayRaceInfo/OddsTanFuku?k_babaCode=19&k_raceDate=2026%2F10%2F02&k_raceNo=9
2026-10-02 19:00:23,18:59,2026-10-02,funabashi,9,5,単勝,13,82.7,82.7,10,https://www.keiba.go.jp/KeibaWeb/TodayRaceInfo/OddsTanFuku?k_babaCode=19&k_raceDate=2026%2F10%2F02&k_raceNo=9
2026-10-02 19:00:23,18:59,2026-10-02,funabashi,9,5,単勝,14,12.7,12.7,6,https://www.keiba.go.jp/KeibaWeb/TodayRaceInfo/OddsTanFuku?k_babaCode=19&k_raceDate=2026%2F10%2F02&k_raceNo=9
2026-10-02 19:00:23,18:59,2026-10-02,funabashi,9,5,馬連,3-6,5.7,5.7,1,https://www.keiba.go.jp/KeibaWeb/TodayRaceInfo/OddsUmLenFuku?k_babaCode=19&k_raceDate=2026%2F10%2F02&k_raceNo=9
2026-10-02 19:00:23,18:59,2026-10-02,funabashi,9,5,馬連,6-9,7.6,7.6,2,https://www.keiba.go.jp/KeibaWeb/TodayRaceInfo/OddsUmLenFuku?k_babaCode=19&k_raceDate=2026%2F10%2F02&k_raceNo=9
2026-10-02 19:00:23,18:59,2026-10-02,funabashi,9,5,馬連,5-6,10.3,10.3,3,https://www.keiba.go.jp/KeibaWeb/TodayRaceInfo/OddsUmLenFuku?k_babaCode=19&k_raceDate=2026%2F10%2F02&k_raceNo=9
2026-10-02 19:00:23,18:59,2026-10-02,funabashi,9,5,馬連,2-6,12.8,12.8,4,https://www.keiba.go.jp/KeibaWeb/TodayRaceInfo/OddsUmLenFuku?k_babaCode=19&k_raceDate=2026%2F10%2F02&k_raceNo=9
2026-10-02 19:00:23,18:59,2026-10-02,funabashi,9,5,馬連,6-14,14.5,14.5,5,https://www.keiba.go.jp/KeibaWeb/TodayRaceInfo/OddsUmLenFuku?k_babaCode=19&k_raceDate=2026%2F10%2F02&k_raceNo=9
2026-10-02 19:00:23,18:59,2026-10-02,funabashi,9,5,馬連,3-9,14.8,14.8,6,https://www.keiba.go.jp/KeibaWeb/TodayRaceInfo/OddsUmLenFuku?k_babaCode=19&k_raceDate=2026%2F10%2F02&k_raceNo=9
2026-10-02 19:00:23,18:59,2026-10-02,funabashi,9,5,馬連,6-11,16.5,16.5,7,https://www.keiba.go.jp/KeibaWeb/TodayRaceInfo/OddsUmLenFuku?k_babaCode=19&k_raceDate=2026%2F10%2F02&k_raceNo=9
2026-10-02 19:00:23,18:59,2026-10-02,funabashi,9,5,馬連,3-5,21.9,21.9,8,https://www.keiba.go.jp/KeibaWeb/TodayRaceInfo/OddsUmLenFuku?k_babaCode=19&k_raceDate=2026%2F10%2F02&k_raceNo=9
2026-10-02 19:00:23,18:59,2026-10-02,funabashi,9,5,馬連,5-9,23.7,23.7,9,https://www.keiba.go.jp/KeibaWeb/TodayRaceInfo/OddsUmLenFuku?k_babaCode=19&k_raceDate=2026%2F10%2F02&k_raceNo=9
2026-10-02 19:00:23,18:59,2026-10-02,funabashi,9,5,馬連,3-11,24.2,24.2,10,https://www.keiba.go.jp/KeibaWeb/TodayRaceInfo/OddsUmLenFuku?k_babaCode=19&k_raceDate=2026%2F10%2F02&k_raceNo=9
2026-10-02 19:00:23,18:59,2026-10-02,funabashi,9,5,馬連,2-3,26.5,26.5,11,https://www.keiba.go.jp/KeibaWeb/TodayRaceInfo/OddsUmLenFuku?k_babaCode=19&k_raceDate=2026%2F10%2F02&k_raceNo=9
2026-10-02 19:00:23,18:59,2026-10-02,funabashi,9,5,馬連,3-14,29.5,29.5,12,https://www.keiba.go.jp/KeibaWeb/TodayRaceInfo/OddsUmLenFuku?k_babaCode=19&k_raceDate=2026%2F10%2F02&k_raceNo=9
2026-10-02 19:00:23,18:59,2026-10-02,funabashi,9,5,馬連,9-14,30.4,30.4,13,https://www.keiba.go.jp/KeibaWeb/TodayRaceInfo/OddsUmLenFuku?k_babaCode=19&k_raceDate=2026%2F10%2F02&k_raceNo=9
2026-10-02 19:00:23,18:59,2026-10-02,funabashi,9,5,馬連,2-9,31.6,31.6,14,https://www.keiba.go.jp/KeibaWeb/TodayRaceInfo/OddsUmLenFuku?k_babaCode=19&k_raceDate=2026%2F10%2F02&k_raceNo=9
2026-10-02 19:00:23,18:59,2026-10-02,funabashi,9,5,馬連,6-7,37.7,37.7,15,https://www.keiba.go.jp/KeibaWeb/TodayRaceInfo/OddsUmLenFuku?k_babaCode=19&k_raceDate=2026%2F10%2F02&k_raceNo=9
2026-10-02 19:00:23,18:59,2026-10-02,funabashi,9,5,馬連,5-14,37.9,37.9,16,https://www.keiba.go.jp/KeibaWeb/TodayRaceInfo/OddsUmLenFuku?k_babaCode=19&k_raceDate=2026%2F10%2F02&k_raceNo=9
2026-10-02 19:00:23,18:59,2026-10-02,funabashi,9,5,馬連,4-6,42.3,42.3,17,https://www.keiba.go.jp/KeibaWeb/TodayRaceInfo/OddsUmLenFuku?k_babaCode=19&k_raceDate=2026%2F10%2F02&k_raceNo=9
2026-10-02 19:00:23,18:59,2026-10-02,funabashi,9,5,馬連,5-11,44.8,44.8,18,https://www.keiba.go.jp/KeibaWeb/TodayRaceInfo/OddsUmLenFuku?k_babaCode=19&k_raceDate=2026%2F10%2F02&k_raceNo=9
2026-10-02 19:00:23,18:59,2026-10-02,funabashi,9,5,馬連,2-5,48.3,48.3,19,https://www.keiba.go.jp/KeibaWeb/TodayRaceInfo/OddsUmLenFuku?k_babaCode=19&k_raceDate=2026%2F10%2F02&k_raceNo=9
2026-10-02 19:00:23,18:59,2026-10-02,funabashi,9,5,馬連,9-11,53.3,53.3,20,https://www.keiba.go.jp/KeibaWeb/TodayRaceInfo/OddsUmLenFuku?k_babaCode=19&k_raceDate=2026%2F10%2F02&k_raceNo=9
2026-10-02 19:00:23,18:59,2026-10-02,funabashi,9,5,馬連,4-9,56.4,56.4,21,https://www.keiba.go.jp/KeibaWeb/TodayRaceInfo/OddsUmLenFuku?k_babaCode=19&k_raceDate=2026%2F10%2F02&k_raceNo=9
2026-10-02 19:00:23,18:59,2026-10-02,funabashi,9,5,馬連,11-14,57.7,57.7,22,https://www.keiba.go.jp/KeibaWeb/TodayRaceInfo/OddsUmLenFuku?k_babaCode=19&k_raceDate=2026%2F10%2F02&k_raceNo=9
2026-10-02 19:00:23,18:59,2026-10-02,funabashi,9,5,馬連,3-4,62.9,62.9,23,https://www.keiba.go.jp/KeibaWeb/TodayRaceInfo/OddsUmLenFuku?k_babaCode=19&k_raceDate=2026%2F10%2F02&k_raceNo=9
2026-10-02 19:00:23,18:59,2026-10-02,funabashi,9,5,馬連,7-9,70.0,70.0,24,https://www.keiba.go.jp/KeibaWeb/TodayRaceInfo/OddsUmLenFuku?k_babaCode=19&k_raceDate=2026%2F10%2F02&k_raceNo=9
2026-10-02 19:00:23,18:59,2026-10-02,funabashi,9,5,馬連,3-7,70.3,70.3,25,https://www.keiba.go.jp/KeibaWeb/TodayRaceInfo/OddsUmLenFuku?k_babaCode=19&k_raceDate=2026%2F10%2F02&k_raceNo=9
2026-10-02 19:00:23,18:59,2026-10-02,funabashi,9,5,馬連,4-5,70.5,70.5,26,https://www.keiba.go.jp/KeibaWeb/TodayRaceInfo/OddsUmLenFuku?k_babaCode=19&k_raceDate=2026%2F10%2F02&k_raceNo=9
2026-10-02 19:00:23,18:59,2026-10-02,funabashi,9,5,馬連,2-11,76.1,76.1,27,https://www.keiba.go.jp/KeibaWeb/TodayRaceInfo/OddsUmLenFuku?k_babaCode=19&k_raceDate=2026%2F10%2F02&k_raceNo=9
2026-10-02 19:00:23,18:59,2026-10-02,funabashi,9,5,馬連,2-14,77.6,77.6,28,https://www.keiba.go.jp/KeibaWeb/TodayRaceInfo/OddsUmLenFuku?k_babaCode=19&k_raceDate=2026%2F10%2F02&k_raceNo=9
2026-10-02 19:00:23,18:59,2026-10-02,funabashi,9,5,馬連,2-4,88.4,88.4,29,https://www.keiba.go.jp/KeibaWeb/TodayRaceInfo/OddsUmLenFuku?k_babaCode=19&k_raceDate=2026%2F10%2F02&k_raceNo=9
2026-10-02 19:00:23,18:59,2026-10-02,funabashi,9,5,馬連,2-7,98.9,98.9,30,https://www.keiba.go.jp/KeibaWeb/TodayRaceInfo/OddsUmLenFuku?k_babaCode=19&k_raceDate=2026%2F10%2F02&k_raceNo=9
2026-10-02 19:00:23,18:59,2026-10-02,funabashi,9,5,馬連,4-14,103.4,103.4,31,https://www.keiba.go.jp/KeibaWeb/TodayRaceInfo/OddsUmLenFuku?k_babaCode=19&k_raceDate=2026%2F10%2F02&k_raceNo=9
2026-10-02 19:00:23,18:59,2026-10-02,funabashi,9,5,馬連,5-7,106.5,106.5,32,https://www.keiba.go.jp/KeibaWeb/TodayRaceInfo/OddsUmLenFuku?k_babaCode=19&k_raceDate=2026%2F10%2F02&k_raceNo=9
2026-10-02 19:00:23,18:59,2026-10-02,funabashi,9,5,馬連,7-14,117.1,117.1,33,https://www.keiba.go.jp/KeibaWeb/TodayRaceInfo/OddsUmLenFuku?k_babaCode=19&k_raceDate=2026%2F10%2F02&k_raceNo=9
2026-10-02 19:00:23,18:59,2026-10-02,funabashi,9,5,馬連,7-11,172.6,172.6,34,https://www.keiba.go.jp/KeibaWeb/TodayRaceInfo/OddsUmLenFuku?k_babaCode=19&k_raceDate=2026%2F10%2F02&k_raceNo=9
2026-10-02 19:00:23,18:59,2026-10-02,funabashi,9,5,馬連,6-13,192.9,192.9,35,https://www.keiba.go.jp/KeibaWeb/TodayRaceInfo/OddsUmLenFuku?k_babaCode=19&k_raceDate=2026%2F10%2F02&k_raceNo=9
2026-10-02 19:00:23,18:59,2026-10-02,funabashi,9,5,馬連,4-11,198.3,198.3,36,https://www.keiba.go.jp/KeibaWeb/TodayRaceInfo/OddsUmLenFuku?k_babaCode=19&k_raceDate=2026%2F10%2F02&k_raceNo=9
2026-10-02 19:00:23,18:59,2026-10-02,funabashi,9,5,馬連,4-7,273.3,273.3,37,https://www.keiba.go.jp/KeibaWeb/TodayRaceInfo/OddsUmLenFuku?k_babaCode=19&k_raceDate=2026%2F10%2F02&k_raceNo=9
2026-10-02 19:00:23,18:59,2026-10-02,funabashi,9,5,馬連,6-10,290.0,290.0,38,https://www.keiba.go.jp/KeibaWeb/TodayRaceInfo/OddsUmLenFuku?k_babaCode=19&k_raceDate=2026%2F10%2F02&k_raceNo=9
2026-10-02 19:00:23,18:59,2026-10-02,funabashi,9,5,馬連,1-6,325.4,325.4,39,https://www.keiba.go.jp/KeibaWeb/TodayRaceInfo/OddsUmLenFuku?k_babaCode=19&k_raceDate=2026%2F10%2F02&k_raceNo=9
2026-10-02 19:00:23,18:59,2026-10-02,funabashi,9,5,馬連,6-8,364.4,364.4,40,https://www.keiba.go.jp/KeibaWeb/TodayRaceInfo/OddsUmLenFuku?k_babaCode=19&k_raceDate=2026%2F10%2F02&k_raceNo=9
2026-10-02 19:00:23,18:59,2026-10-02,funabashi,9,5,馬連,3-13,409.9,409.9,41,https://www.keiba.go.jp/KeibaWeb/TodayRaceInfo/OddsUmLenFuku?k_babaCode=19&k_raceDate=2026%2F10%2F02&k_raceNo=9
2026-10-02 19:00:23,18:59,2026-10-02,funabashi,9,5,馬連,5-13,430.6,430.6,42,https://www.keiba.go.jp/KeibaWeb/TodayRaceInfo/OddsUmLenFuku?k_babaCode=19&k_raceDate=2026%2F10%2F02&k_raceNo=9
2026-10-02 19:00:23,18:59,2026-10-02,funabashi,9,5,馬連,6-12,479.0,479.0,43,https://www.keiba.go.jp/KeibaWeb/TodayRaceInfo/OddsUmLenFuku?k_babaCode=19&k_raceDate=2026%2F10%2F02&k_raceNo=9
2026-10-02 19:00:23,18:59,2026-10-02,funabashi,9,5,馬連,3-10,490.0,490.0,44,https://www.keiba.go.jp/KeibaWeb/TodayRaceInfo/OddsUmLenFuku?k_babaCode=19&k_raceDate=2026%2F10%2F02&k_raceNo=9
2026-10-02 19:00:23,18:59,2026-10-02,funabashi,9,5,馬連,5-8,532.9,532.9,45,https://www.keiba.go.jp/KeibaWeb/TodayRaceInfo/OddsUmLenFuku?k_babaCode=19&k_raceDate=2026%2F10%2F02&k_raceNo=9
2026-10-02 19:00:23,18:59,2026-10-02,funabashi,9,5,馬連,13-14,539.7,539.7,46,https://www.keiba.go.jp/KeibaWeb/TodayRaceInfo/OddsUmLenFuku?k_babaCode=19&k_raceDate=2026%2F10%2F02&k_raceNo=9
2026-10-02 19:00:23,18:59,2026-10-02,funabashi,9,5,馬連,9-10,627.0,627.0,47,https://www.keiba.go.jp/KeibaWeb/TodayRaceInfo/OddsUmLenFuku?k_babaCode=19&k_raceDate=2026%2F10%2F02&k_raceNo=9
2026-10-02 19:00:23,18:59,2026-10-02,funabashi,9,5,馬連,5-10,636.3,636.3,48,https://www.keiba.go.jp/KeibaWeb/TodayRaceInfo/OddsUmLenFuku?k_babaCode=19&k_raceDate=2026%2F10%2F02&k_raceNo=9
2026-10-02 19:00:23,18:59,2026-10-02,funabashi,9,5,馬連,11-13,655.9,655.9,49,https://www.keiba.go.jp/KeibaWeb/TodayRaceInfo/OddsUmLenFuku?k_babaCode=19&k_raceDate=2026%2F10%2F02&k_raceNo=9
2026-10-02 19:00:23,18:59,2026-10-02,funabashi,9,5,馬連,1-3,666.2,666.2,50,https://www.keiba.go.jp/KeibaWeb/TodayRaceInfo/OddsUmLenFuku?k_babaCode=19&k_raceDate=2026%2F10%2F02&k_raceNo=9
2026-10-02 19:00:23,18:59,2026-10-02,funabashi,9,5,馬連,3-8,666.2,666.2,50,https://www.keiba.go.jp/KeibaWeb/TodayRaceInfo/OddsUmLenFuku?k_babaCode=19&k_raceDate=2026%2F10%2F02&k_raceNo=9
2026-10-02 19:00:23,18:59,2026-10-02,funabashi,9,5,馬連,1-5,687.7,687.7,52,https://www.keiba.go.jp/KeibaWeb/TodayRaceInfo/OddsUmLenFuku?k_babaCode=19&k_raceDate=2026%2F10%2F02&k_raceNo=9
2026-10-02 19:00:23,18:59,2026-10-02,funabashi,9,5,馬連,7-13,698.9,698.9,53,https://www.keiba.go.jp/KeibaWeb/TodayRaceInfo/OddsUmLenFuku?k_babaCode=19&k_raceDate=2026%2F10%2F02&k_raceNo=9
2026-10-02 19:00:23,18:59,2026-10-02,funabashi,9,5,馬連,2-13,722.6,722.6,54,https://www.keiba.go.jp/KeibaWeb/TodayRaceInfo/OddsUmLenFuku?k_babaCode=19&k_raceDate=2026%2F10%2F02&k_raceNo=9
2026-10-02 19:00:23,18:59,2026-10-02,funabashi,9,5,馬連,4-8,722.6,722.6,54,https://www.keiba.go.jp/KeibaWeb/TodayRaceInfo/OddsUmLenFuku?k_babaCode=19&k_raceDate=2026%2F10%2F02&k_raceNo=9
2026-10-02 19:00:23,18:59,2026-10-02,funabashi,9,5,馬連,5-12,722.6,722.6,54,https://www.keiba.go.jp/KeibaWeb/TodayRaceInfo/OddsUmLenFuku?k_babaCode=19&k_raceDate=2026%2F10%2F02&k_raceNo=9
2026-10-02 19:00:23,18:59,2026-10-02,funabashi,9,5,馬連,2-10,761.3,761.3,57,https://www.keiba.go.jp/KeibaWeb/TodayRaceInfo/OddsUmLenFuku?k_babaCode=19&k_raceDate=2026%2F10%2F02&k_raceNo=9
2026-10-02 19:00:23,18:59,2026-10-02,funabashi,9,5,馬連,9-13,761.3,761.3,57,https://www.keiba.go.jp/KeibaWeb/TodayRaceInfo/OddsUmLenFuku?k_babaCode=19&k_raceDate=2026%2F10%2F02&k_raceNo=9
2026-10-02 19:00:23,18:59,2026-10-02,funabashi,9,5,馬連,11-12,761.3,761.3,57,https://www.keiba.go.jp/KeibaWeb/TodayRaceInfo/OddsUmLenFuku?k_babaCode=19&k_raceDate=2026%2F10%2F02&k_raceNo=9
2026-10-02 19:00:23,18:59,2026-10-02,funabashi,9,5,馬連,12-14,789.5,789.5,60,https://www.keiba.go.jp/KeibaWeb/TodayRaceInfo/OddsUmLenFuku?k_babaCode=19&k_raceDate=2026%2F10%2F02&k_raceNo=9
2026-10-02 19:00:23,18:59,2026-10-02,funabashi,9,5,馬連,4-10,804.4,804.4,61,https://www.keiba.go.jp/KeibaWeb/TodayRaceInfo/OddsUmLenFuku?k_babaCode=19&k_raceDate=2026%2F10%2F02&k_raceNo=9
2026-10-02 19:00:23,18:59,2026-10-02,funabashi,9,5,馬連,1-11,819.9,819.9,62,https://www.keiba.go.jp/KeibaWeb/TodayRaceInfo/OddsUmLenFuku?k_babaCode=19&k_raceDate=2026%2F10%2F02&k_raceNo=9
2026-10-02 19:00:23,18:59,2026-10-02,funabashi,9,5,馬連,4-13,836.0,836.0,63,https://www.keiba.go.jp/KeibaWeb/TodayRaceInfo/OddsUmLenFuku?k_babaCode=19&k_raceDate=2026%2F10%2F02&k_raceNo=9
2026-10-02 19:00:23,18:59,2026-10-02,funabashi,9,5,馬連,7-10,836.0,836.0,63,https://www.keiba.go.jp/KeibaWeb/TodayRaceInfo/OddsUmLenFuku?k_babaCode=19&k_raceDate=2026%2F10%2F02&k_raceNo=9
2026-10-02 19:00:23,18:59,2026-10-02,funabashi,9,5,馬連,10-11,836.0,836.0,63,https://www.keiba.go.jp/KeibaWeb/TodayRaceInfo/OddsUmLenFuku?k_babaCode=19&k_raceDate=2026%2F10%2F02&k_raceNo=9
2026-10-02 19:00:23,18:59,2026-10-02,funabashi,9,5,馬連,8-9,852.7,852.7,66,https://www.keiba.go.jp/KeibaWeb/TodayRaceInfo/OddsUmLenFuku?k_babaCode=19&k_raceDate=2026%2F10%2F02&k_raceNo=9
2026-10-02 19:00:23,18:59,2026-10-02,funabashi,9,5,馬連,1-2,870.1,870.1,67,https://www.keiba.go.jp/KeibaWeb/TodayRaceInfo/OddsUmLenFuku?k_babaCode=19&k_raceDate=2026%2F10%2F02&k_raceNo=9
2026-10-02 19:00:23,18:59,2026-10-02,funabashi,9,5,馬連,1-7,926.9,926.9,68,https://www.keiba.go.jp/KeibaWeb/TodayRaceInfo/OddsUmLenFuku?k_babaCode=19&k_raceDate=2026%2F10%2F02&k_raceNo=9
2026-10-02 19:00:23,18:59,2026-10-02,funabashi,9,5,馬連,1-9,969.0,969.0,69,https://www.keiba.go.jp/KeibaWeb/TodayRaceInfo/OddsUmLenFuku?k_babaCode=19&k_raceDate=2026%2F10%2F02&k_raceNo=9
2026-10-02 19:00:23,18:59,2026-10-02,funabashi,9,5,馬連,8-14,969.0,969.0,69,https://www.keiba.go.jp/KeibaWeb/TodayRaceInfo/OddsUmLenFuku?k_babaCode=19&k_raceDate=2026%2F10%2F02&k_raceNo=9
2026-10-02 19:00:23,18:59,2026-10-02,funabashi,9,5,馬連,10-14,991.5,991.5,71,https://www.keiba.go.jp/KeibaWeb/TodayRaceInfo/OddsUmLenFuku?k_babaCode=19&k_raceDate=2026%2F10%2F02&k_raceNo=9
2026-10-02 19:00:23,18:59,2026-10-02,funabashi,9,5,馬連,2-8,1015.1,1015.1,72,https://www.keiba.go.jp/KeibaWeb/TodayRaceInfo/OddsUmLenFuku?k_babaCode=19&k_raceDate=2026%2F10%2F02&k_raceNo=9
2026-10-02 19:00:23,18:59,2026-10-02,funabashi,9,5,馬連,7-8,1015.1,1015.1,72,https://www.keiba.go.jp/KeibaWeb/TodayRaceInfo/OddsUmLenFuku?k_babaCode=19&k_raceDate=2026%2F10%2F02&k_raceNo=9
2026-10-02 19:00:23,18:59,2026-10-02,funabashi,9,5,馬連,1-14,1065.9,1065.9,74,https://www.keiba.go.jp/KeibaWeb/TodayRaceInfo/OddsUmLenFuku?k_babaCode=19&k_raceDate=2026%2F10%2F02&k_raceNo=9
2026-10-02 19:00:23,18:59,2026-10-02,funabashi,9,5,馬連,1-4,1122.0,1122.0,75,https://www.keiba.go.jp/KeibaWeb/TodayRaceInfo/OddsUmLenFuku?k_babaCode=19&k_raceDate=2026%2F10%2F02&k_raceNo=9
2026-10-02 19:00:23,18:59,2026-10-02,funabashi,9,5,馬連,2-12,1122.0,1122.0,75,https://www.keiba.go.jp/KeibaWeb/TodayRaceInfo/OddsUmLenFuku?k_babaCode=19&k_raceDate=2026%2F10%2F02&k_raceNo=9
2026-10-02 19:00:23,18:59,2026-10-02,funabashi,9,5,馬連,8-11,1152.3,1152.3,77,https://www.keiba.go.jp/KeibaWeb/TodayRaceInfo/OddsUmLenFuku?k_babaCode=19&k_raceDate=2026%2F10%2F02&k_raceNo=9
2026-10-02 19:00:23,18:59,2026-10-02,funabashi,9,5,馬連,3-12,1184.3,1184.3,78,https://www.keiba.go.jp/KeibaWeb/TodayRaceInfo/OddsUmLenFuku?k_babaCode=19&k_raceDate=2026%2F10%2F02&k_raceNo=9
2026-10-02 19:00:23,18:59,2026-10-02,funabashi,9,5,馬連,8-10,1292.0,1292.0,79,https://www.keiba.go.jp/KeibaWeb/TodayRaceInfo/OddsUmLenFuku?k_babaCode=19&k_raceDate=2026%2F10%2F02&k_raceNo=9
2026-10-02 19:00:23,18:59,2026-10-02,funabashi,9,5,馬連,10-13,1332.4,1332.4,80,https://www.keiba.go.jp/KeibaWeb/TodayRaceInfo/OddsUmLenFuku?k_babaCode=19&k_raceDate=2026%2F10%2F02&k_raceNo=9
2026-10-02 19:00:23,18:59,2026-10-02,funabashi,9,5,馬連,7-12,1375.4,1375.4,81,https://www.keiba.go.jp/KeibaWeb/TodayRaceInfo/OddsUmLenFuku?k_babaCode=19&k_raceDate=2026%2F10%2F02&k_raceNo=9
2026-10-02 19:00:23,18:59,2026-10-02,funabashi,9,5,馬連,4-12,1776.5,1776.5,82,https://www.keiba.go.jp/KeibaWeb/TodayRaceInfo/OddsUmLenFuku?k_babaCode=19&k_raceDate=2026%2F10%2F02&k_raceNo=9
2026-10-02 19:00:23,18:59,2026-10-02,funabashi,9,5,馬連,9-12,1776.5,1776.5,82,https://www.keiba.go.jp/KeibaWeb/TodayRaceInfo/OddsUmLenFuku?k_babaCode=19&k_raceDate=2026%2F10%2F02&k_raceNo=9
2026-10-02 19:00:23,18:59,2026-10-02,funabashi,9,5,馬連,8-12,1853.8,1853.8,84,https://www.keiba.go.jp/KeibaWeb/TodayRaceInfo/OddsUmLenFuku?k_babaCode=19&k_raceDate=2026%2F10%2F02&k_raceNo=9
2026-10-02 19:00:23,18:59,2026-10-02,funabashi,9,5,馬連,1-10,2131.8,2131.8,85,https://www.keiba.go.jp/KeibaWeb/TodayRaceInfo/OddsUmLenFuku?k_babaCode=19&k_raceDate=2026%2F10%2F02&k_raceNo=9
2026-10-02 19:00:23,18:59,2026-10-02,funabashi,9,5,馬連,1-8,2508.0,2508.0,86,https://www.keiba.go.jp/KeibaWeb/TodayRaceInfo/OddsUmLenFuku?k_babaCode=19&k_raceDate=2026%2F10%2F02&k_raceNo=9
2026-10-02 19:00:23,18:59,2026-10-02,funabashi,9,5,馬連,12-13,2508.0,2508.0,86,https://www.keiba.go.jp/KeibaWeb/TodayRaceInfo/OddsUmLenFuku?k_babaCode=19&k_raceDate=2026%2F10%2F02&k_raceNo=9
2026-10-02 19:00:23,18:59,2026-10-02,funabashi,9,5,馬連,1-12,2842.5,2842.5,88,https://www.keiba.go.jp/KeibaWeb/TodayRaceInfo/OddsUmLenFuku?k_babaCode=19&k_raceDate=2026%2F10%2F02&k_raceNo=9
2026-10-02 19:00:23,18:59,2026-10-02,funabashi,9,5,馬連,10-12,2842.5,2842.5,88,https://www.keiba.go.jp/KeibaWeb/TodayRaceInfo/OddsUmLenFuku?k_babaCode=19&k_raceDate=2026%2F10%2F02&k_raceNo=9
2026-10-02 19:00:23,18:59,2026-10-02,funabashi,9,5,馬連,1-13,3553.1,3553.1,90,https://www.keiba.go.jp/KeibaWeb/TodayRaceInfo/OddsUmLenFuku?k_babaCode=19&k_raceDate=2026%2F10%2F02&k_raceNo=9
2026-10-02 19:00:23,18:59,2026-10-02,funabashi,9,5,馬連,8-13,3553.1,3553.1,90,https://www.keiba.go.jp/KeibaWeb/TodayRaceInfo/OddsUmLenFuku?k_babaCode=19&k_raceDate=2026%2F10%2F02&k_raceNo=9
2026-10-02 19:00:23,18:59,2026-10-02,funabashi,9,5,ワイド,3-6,2.6,2.9,1,https://www.keiba.go.jp/KeibaWeb/TodayRaceInfo/OddsWide?k_babaCode=19&k_raceDate=2026%2F10%2F02&k_raceNo=9
2026-10-02 19:00:23,18:59,2026-10-02,funabashi,9,5,ワイド,6-9,3.2,3.7,2,https://www.keiba.go.jp/KeibaWeb/TodayRaceInfo/OddsWide?k_babaCode=19&k_raceDate=2026%2F10%2F02&k_raceNo=9
2026-10-02 19:00:23,18:59,2026-10-02,funabashi,9,5,ワイド,5-6,4.0,4.5,3,https://www.keiba.go.jp/KeibaWeb/TodayRaceInfo/OddsWide?k_babaCode=19&k_raceDate=2026%2F10%2F02&k_raceNo=9
2026-10-02 19:00:23,18:59,2026-10-02,funabashi,9,5,ワイド,3-9,5.0,6.0,4,https://www.keiba.go.jp/KeibaWeb/TodayRaceInfo/OddsWide?k_babaCode=19&k_raceDate=2026%2F10%2F02&k_raceNo=9
2026-10-02 19:00:23,18:59,2026-10-02,funabashi,9,5,ワイド,2-6,5.1,5.7,5,https://www.keiba.go.jp/KeibaWeb/TodayRaceInfo/OddsWide?k_babaCode=19&k_raceDate=2026%2F10%2F02&k_raceNo=9
2026-10-02 19:00:23,18:59,2026-10-02,funabashi,9,5,ワイド,6-11,5.3,6.0,6,https://www.keiba.go.jp/KeibaWeb/TodayRaceInfo/OddsWide?k_babaCode=19&k_raceDate=2026%2F10%2F02&k_raceNo=9
2026-10-02 19:00:23,18:59,2026-10-02,funabashi,9,5,ワイド,3-5,6.2,7.3,7,https://www.keiba.go.jp/KeibaWeb/TodayRaceInfo/OddsWide?k_babaCode=19&k_raceDate=2026%2F10%2F02&k_raceNo=9
2026-10-02 19:00:23,18:59,2026-10-02,funabashi,9,5,ワイド,6-14,6.5,7.4,8,https://www.keiba.go.jp/KeibaWeb/TodayRaceInfo/OddsWide?k_babaCode=19&k_raceDate=2026%2F10%2F02&k_raceNo=9
2026-10-02 19:00:23,18:59,2026-10-02,funabashi,9,5,ワイド,5-9,7.0,8.0,9,https://www.keiba.go.jp/KeibaWeb/TodayRaceInfo/OddsWide?k_babaCode=19&k_raceDate=2026%2F10%2F02&k_raceNo=9
2026-10-02 19:00:23,18:59,2026-10-02,funabashi,9,5,ワイド,3-11,7.9,9.2,10,https://www.keiba.go.jp/KeibaWeb/TodayRaceInfo/OddsWide?k_babaCode=19&k_raceDate=2026%2F10%2F02&k_raceNo=9
2026-10-02 19:00:23,18:59,2026-10-02,funabashi,9,5,ワイド,2-3,8.1,9.4,11,https://www.keiba.go.jp/KeibaWeb/TodayRaceInfo/OddsWide?k_babaCode=19&k_raceDate=2026%2F10%2F02&k_raceNo=9
2026-10-02 19:00:23,18:59,2026-10-02,funabashi,9,5,ワイド,3-14,8.7,10.0,12,https://www.keiba.go.jp/KeibaWeb/TodayRaceInfo/OddsWide?k_babaCode=19&k_raceDate=2026%2F10%2F02&k_raceNo=9
2026-10-02 19:00:23,18:59,2026-10-02,funabashi,9,5,ワイド,2-9,9.1,10.3,13,https://www.keiba.go.jp/KeibaWeb/TodayRaceInfo/OddsWide?k_babaCode=19&k_raceDate=2026%2F10%2F02&k_raceNo=9
2026-10-02 19:00:23,18:59,2026-10-02,funabashi,9,5,ワイド,5-14,10.5,11.5,14,https://www.keiba.go.jp/KeibaWeb/TodayRaceInfo/OddsWide?k_babaCode=19&k_raceDate=2026%2F10%2F02&k_raceNo=9
2026-10-02 19:00:23,18:59,2026-10-02,funabashi,9,5,ワイド,6-7,10.8,12.2,15,https://www.keiba.go.jp/KeibaWeb/TodayRaceInfo/OddsWide?k_babaCode=19&k_raceDate=2026%2F10%2F02&k_raceNo=9
2026-10-02 19:00:23,18:59,2026-10-02,funabashi,9,5,ワイド,9-11,11.6,13.1,16,https://www.keiba.go.jp/KeibaWeb/TodayRaceInfo/OddsWide?k_babaCode=19&k_raceDate=2026%2F10%2F02&k_raceNo=9
2026-10-02 19:00:23,18:59,2026-10-02,funabashi,9,5,ワイド,2-5,11.7,13.0,17,https://www.keiba.go.jp/KeibaWeb/TodayRaceInfo/OddsWide?k_babaCode=19&k_raceDate=2026%2F10%2F02&k_raceNo=9
2026-10-02 19:00:23,18:59,2026-10-02,funabashi,9,5,ワイド,9-14,11.9,13.3,18,https://www.keiba.go.jp/KeibaWeb/TodayRaceInfo/OddsWide?k_babaCode=19&k_raceDate=2026%2F10%2F02&k_raceNo=9
2026-10-02 19:00:23,18:59,2026-10-02,funabashi,9,5,ワイド,5-11,13.8,15.3,19,https://www.keiba.go.jp/KeibaWeb/TodayRaceInfo/OddsWide?k_babaCode=19&k_raceDate=2026%2F10%2F02&k_raceNo=9
2026-10-02 19:00:23,18:59,2026-10-02,funabashi,9,5,ワイド,4-6,14.5,16.3,20,https://www.keiba.go.jp/KeibaWeb/TodayRaceInfo/OddsWide?k_babaCode=19&k_raceDate=2026%2F10%2F02&k_raceNo=9
2026-10-02 19:00:23,18:59,2026-10-02,funabashi,9,5,ワイド,11-14,14.8,16.0,21,https://www.keiba.go.jp/KeibaWeb/TodayRaceInfo/OddsWide?k_babaCode=19&k_raceDate=2026%2F10%2F02&k_raceNo=9
2026-10-02 19:00:23,18:59,2026-10-02,funabashi,9,5,ワイド,3-4,15.3,17.2,22,https://www.keiba.go.jp/KeibaWeb/TodayRaceInfo/OddsWide?k_babaCode=19&k_raceDate=2026%2F10%2F02&k_raceNo=9
2026-10-02 19:00:23,18:59,2026-10-02,funabashi,9,5,ワイド,2-11,15.7,17.2,23,https://www.keiba.go.jp/KeibaWeb/TodayRaceInfo/OddsWide?k_babaCode=19&k_raceDate=2026%2F10%2F02&k_raceNo=9
2026-10-02 19:00:23,18:59,2026-10-02,funabashi,9,5,ワイド,3-7,16.1,18.3,24,https://www.keiba.go.jp/KeibaWeb/TodayRaceInfo/OddsWide?k_babaCode=19&k_raceDate=2026%2F10%2F02&k_raceNo=9
2026-10-02 19:00:23,18:59,2026-10-02,funabashi,9,5,ワイド,4-9,17.6,19.3,25,https://www.keiba.go.jp/KeibaWeb/TodayRaceInfo/OddsWide?k_babaCode=19&k_raceDate=2026%2F10%2F02&k_raceNo=9
2026-10-02 19:00:23,18:59,2026-10-02,funabashi,9,5,ワイド,7-9,18.6,20.5,26,https://www.keiba.go.jp/KeibaWeb/TodayRaceInfo/OddsWide?k_babaCode=19&k_raceDate=2026%2F10%2F02&k_raceNo=9
2026-10-02 19:00:23,18:59,2026-10-02,funabashi,9,5,ワイド,2-7,20.3,21.7,27,https://www.keiba.go.jp/KeibaWeb/TodayRaceInfo/OddsWide?k_babaCode=19&k_raceDate=2026%2F10%2F02&k_raceNo=9
2026-10-02 19:00:23,18:59,2026-10-02,funabashi,9,5,ワイド,4-5,20.8,22.4,28,https://www.keiba.go.jp/KeibaWeb/TodayRaceInfo/OddsWide?k_babaCode=19&k_raceDate=2026%2F10%2F02&k_raceNo=9
2026-10-02 19:00:23,18:59,2026-10-02,funabashi,9,5,ワイド,2-14,22.2,24.1,29,https://www.keiba.go.jp/KeibaWeb/TodayRaceInfo/OddsWide?k_babaCode=19&k_raceDate=2026%2F10%2F02&k_raceNo=9
2026-10-02 19:00:23,18:59,2026-10-02,funabashi,9,5,ワイド,5-7,22.9,24.9,30,https://www.keiba.go.jp/KeibaWeb/TodayRaceInfo/OddsWide?k_babaCode=19&k_raceDate=2026%2F10%2F02&k_raceNo=9
2026-10-02 19:00:23,18:59,2026-10-02,funabashi,9,5,ワイド,4-14,29.0,30.5,31,https://www.keiba.go.jp/KeibaWeb/TodayRaceInfo/OddsWide?k_babaCode=19&k_raceDate=2026%2F10%2F02&k_raceNo=9
2026-10-02 19:00:23,18:59,2026-10-02,funabashi,9,5,ワイド,7-14,30.7,32.5,32,https://www.keiba.go.jp/KeibaWeb/TodayRaceInfo/OddsWide?k_babaCode=19&k_raceDate=2026%2F10%2F02&k_raceNo=9
2026-10-02 19:00:23,18:59,2026-10-02,funabashi,9,5,ワイド,4-11,31.3,33.2,33,https://www.keiba.go.jp/KeibaWeb/TodayRaceInfo/OddsWide?k_babaCode=19&k_raceDate=2026%2F10%2F02&k_raceNo=9
2026-10-02 19:00:23,18:59,2026-10-02,funabashi,9,5,ワイド,2-4,34.4,36.7,34,https://www.keiba.go.jp/KeibaWeb/TodayRaceInfo/OddsWide?k_babaCode=19&k_raceDate=2026%2F10%2F02&k_raceNo=9
2026-10-02 19:00:23,18:59,2026-10-02,funabashi,9,5,ワイド,7-11,36.7,39.2,35,https://www.keiba.go.jp/KeibaWeb/TodayRaceInfo/OddsWide?k_babaCode=19&k_raceDate=2026%2F10%2F02&k_raceNo=9
2026-10-02 19:00:23,18:59,2026-10-02,funabashi,9,5,ワイド,6-8,50.0,55.6,36,https://www.keiba.go.jp/KeibaWeb/TodayRaceInfo/OddsWide?k_babaCode=19&k_raceDate=2026%2F10%2F02&k_raceNo=9
2026-10-02 19:00:23,18:59,2026-10-02,funabashi,9,5,ワイド,4-7,50.3,52.1,37,https://www.keiba.go.jp/KeibaWeb/TodayRaceInfo/OddsWide?k_babaCode=19&k_raceDate=2026%2F10%2F02&k_raceNo=9
2026-10-02 19:00:23,18:59,2026-10-02,funabashi,9,5,ワイド,6-13,57.5,64.0,38,https://www.keiba.go.jp/KeibaWeb/TodayRaceInfo/OddsWide?k_babaCode=19&k_raceDate=2026%2F10%2F02&k_raceNo=9
2026-10-02 19:00:23,18:59,2026-10-02,funabashi,9,5,ワイド,1-6,60.2,67.0,39,https://www.keiba.go.jp/KeibaWeb/TodayRaceInfo/OddsWide?k_babaCode=19&k_raceDate=2026%2F10%2F02&k_raceNo=9
2026-10-02 19:00:23,18:59,2026-10-02,funabashi,9,5,ワイド,5-13,67.2,71.7,40,https://www.keiba.go.jp/KeibaWeb/TodayRaceInfo/OddsWide?k_babaCode=19&k_raceDate=2026%2F10%2F02&k_raceNo=9
2026-10-02 19:00:23,18:59,2026-10-02,funabashi,9,5,ワイド,3-13,74.2,82.8,41,https://www.keiba.go.jp/KeibaWeb/TodayRaceInfo/OddsWide?k_babaCode=19&k_raceDate=2026%2F10%2F02&k_raceNo=9
2026-10-02 19:00:23,18:59,2026-10-02,funabashi,9,5,ワイド,6-10,79.7,88.7,42,https://www.keiba.go.jp/KeibaWeb/TodayRaceInfo/OddsWide?k_babaCode=19&k_raceDate=2026%2F10%2F02&k_raceNo=9
2026-10-02 19:00:23,18:59,2026-10-02,funabashi,9,5,ワイド,5-8,81.0,86.5,43,https://www.keiba.go.jp/KeibaWeb/TodayRaceInfo/OddsWide?k_babaCode=19&k_raceDate=2026%2F10%2F02&k_raceNo=9
2026-10-02 19:00:23,18:59,2026-10-02,funabashi,9,5,ワイド,11-13,83.3,87.4,44,https://www.keiba.go.jp/KeibaWeb/TodayRaceInfo/OddsWide?k_babaCode=19&k_raceDate=2026%2F10%2F02&k_raceNo=9
2026-10-02 19:00:23,18:59,2026-10-02,funabashi,9,5,ワイド,9-13,87.7,95.1,45,https://www.keiba.go.jp/KeibaWeb/TodayRaceInfo/OddsWide?k_babaCode=19&k_raceDate=2026%2F10%2F02&k_raceNo=9
2026-10-02 19:00:23,18:59,2026-10-02,funabashi,9,5,ワイド,1-5,90.7,96.8,46,https://www.keiba.go.jp/KeibaWeb/TodayRaceInfo/OddsWide?k_babaCode=19&k_raceDate=2026%2F10%2F02&k_raceNo=9
2026-10-02 19:00:23,18:59,2026-10-02,funabashi,9,5,ワイド,2-8,92.0,96.7,47,https://www.keiba.go.jp/KeibaWeb/TodayRaceInfo/OddsWide?k_babaCode=19&k_raceDate=2026%2F10%2F02&k_raceNo=9
2026-10-02 19:00:23,18:59,2026-10-02,funabashi,9,5,ワイド,13-14,93.1,96.8,48,https://www.keiba.go.jp/KeibaWeb/TodayRaceInfo/OddsWide?k_babaCode=19&k_raceDate=2026%2F10%2F02&k_raceNo=9
2026-10-02 19:00:23,18:59,2026-10-02,funabashi,9,5,ワイド,1-3,94.7,105.7,49,https://www.keiba.go.jp/KeibaWeb/TodayRaceInfo/OddsWide?k_babaCode=19&k_raceDate=2026%2F10%2F02&k_raceNo=9
2026-10-02 19:00:23,18:59,2026-10-02,funabashi,9,5,ワイド,2-13,95.2,100.1,50,https://www.keiba.go.jp/KeibaWeb/TodayRaceInfo/OddsWide?k_babaCode=19&k_raceDate=2026%2F10%2F02&k_raceNo=9
2026-10-02 19:00:23,18:59,2026-10-02,funabashi,9,5,ワイド,3-10,95.4,106.2,51,https://www.keiba.go.jp/KeibaWeb/TodayRaceInfo/OddsWide?k_babaCode=19&k_raceDate=2026%2F10%2F02&k_raceNo=9
2026-10-02 19:00:23,18:59,2026-10-02,funabashi,9,5,ワイド,2-10,95.9,100.7,52,https://www.keiba.go.jp/KeibaWeb/TodayRaceInfo/OddsWide?k_babaCode=19&k_raceDate=2026%2F10%2F02&k_raceNo=9
2026-10-02 19:00:23,18:59,2026-10-02,funabashi,9,5,ワイド,8-9,101.0,109.7,53,https://www.keiba.go.jp/KeibaWeb/TodayRaceInfo/OddsWide?k_babaCode=19&k_raceDate=2026%2F10%2F02&k_raceNo=9
2026-10-02 19:00:23,18:59,2026-10-02,funabashi,9,5,ワイド,9-10,101.9,110.4,54,https://www.keiba.go.jp/KeibaWeb/TodayRaceInfo/OddsWide?k_babaCode=19&k_raceDate=2026%2F10%2F02&k_raceNo=9
2026-10-02 19:00:23,18:59,2026-10-02,funabashi,9,5,ワイド,7-10,105.3,107.7,55,https://www.keiba.go.jp/KeibaWeb/TodayRaceInfo/OddsWide?k_babaCode=19&k_raceDate=2026%2F10%2F02&k_raceNo=9
2026-10-02 19:00:23,18:59,2026-10-02,funabashi,9,5,ワイド,1-11,109.5,114.8,56,https://www.keiba.go.jp/KeibaWeb/TodayRaceInfo/OddsWide?k_babaCode=19&k_raceDate=2026%2F10%2F02&k_raceNo=9
2026-10-02 19:00:23,18:59,2026-10-02,funabashi,9,5,ワイド,11-12,110.5,115.6,57,https://www.keiba.go.jp/KeibaWeb/TodayRaceInfo/OddsWide?k_babaCode=19&k_raceDate=2026%2F10%2F02&k_raceNo=9
2026-10-02 19:00:23,18:59,2026-10-02,funabashi,9,5,ワイド,3-8,112.7,125.7,58,https://www.keiba.go.jp/KeibaWeb/TodayRaceInfo/OddsWide?k_babaCode=19&k_raceDate=2026%2F10%2F02&k_raceNo=9
2026-10-02 19:00:23,18:59,2026-10-02,funabashi,9,5,ワイド,5-10,116.3,123.9,59,https://www.keiba.go.jp/KeibaWeb/TodayRaceInfo/OddsWide?k_babaCode=19&k_raceDate=2026%2F10%2F02&k_raceNo=9
2026-10-02 19:00:23,18:59,2026-10-02,funabashi,9,5,ワイド,7-13,119.4,122.2,60,https://www.keiba.go.jp/KeibaWeb/TodayRaceInfo/OddsWide?k_babaCode=19&k_raceDate=2026%2F10%2F02&k_raceNo=9
2026-10-02 19:00:23,18:59,2026-10-02,funabashi,9,5,ワイド,6-12,128.1,142.2,61,https://www.keiba.go.jp/KeibaWeb/TodayRaceInfo/OddsWide?k_babaCode=19&k_raceDate=2026%2F10%2F02&k_raceNo=9
2026-10-02 19:00:23,18:59,2026-10-02,funabashi,9,5,ワイド,7-8,128.5,131.6,62,https://www.keiba.go.jp/KeibaWeb/TodayRaceInfo/OddsWide?k_babaCode=19&k_raceDate=2026%2F10%2F02&k_raceNo=9
2026-10-02 19:00:23,18:59,2026-10-02,funabashi,9,5,ワイド,1-8,138.2,139.1,63,https://www.keiba.go.jp/KeibaWeb/TodayRaceInfo/OddsWide?k_babaCode=19&k_raceDate=2026%2F10%2F02&k_raceNo=9
2026-10-02 19:00:23,18:59,2026-10-02,funabashi,9,5,ワイド,10-14,147.1,152.6,64,https://www.keiba.go.jp/KeibaWeb/TodayRaceInfo/OddsWide?k_babaCode=19&k_raceDate=2026%2F10%2F02&k_raceNo=9
2026-10-02 19:00:23,18:59,2026-10-02,funabashi,9,5,ワイド,3-12,158.3,176.1,65,https://www.keiba.go.jp/KeibaWeb/TodayRaceInfo/OddsWide?k_babaCode=19&k_raceDate=2026%2F10%2F02&k_raceNo=9
2026-10-02 19:00:23,18:59,2026-10-02,funabashi,9,5,ワイド,12-13,160.7,161.3,66,https://www.keiba.go.jp/KeibaWeb/TodayRaceInfo/OddsWide?k_babaCode=19&k_raceDate=2026%2F10%2F02&k_raceNo=9
2026-10-02 19:00:23,18:59,2026-10-02,funabashi,9,5,ワイド,4-13,163.0,165.9,67,https://www.keiba.go.jp/KeibaWeb/TodayRaceInfo/OddsWide?k_babaCode=19&k_raceDate=2026%2F10%2F02&k_raceNo=9
2026-10-02 19:00:23,18:59,2026-10-02,funabashi,9,5,ワイド,4-8,166.1,169.2,68,https://www.keiba.go.jp/KeibaWeb/TodayRaceInfo/OddsWide?k_babaCode=19&k_raceDate=2026%2F10%2F02&k_raceNo=9
2026-10-02 19:00:23,18:59,2026-10-02,funabashi,9,5,ワイド,10-11,166.4,174.3,69,https://www.keiba.go.jp/KeibaWeb/TodayRaceInfo/OddsWide?k_babaCode=19&k_raceDate=2026%2F10%2F02&k_raceNo=9
2026-10-02 19:00:23,18:59,2026-10-02,funabashi,9,5,ワイド,1-10,171.8,172.7,70,https://www.keiba.go.jp/KeibaWeb/TodayRaceInfo/OddsWide?k_babaCode=19&k_raceDate=2026%2F10%2F02&k_raceNo=9
2026-10-02 19:00:23,18:59,2026-10-02,funabashi,9,5,ワイド,10-12,181.3,181.8,71,https://www.keiba.go.jp/KeibaWeb/TodayRaceInfo/OddsWide?k_babaCode=19&k_raceDate=2026%2F10%2F02&k_raceNo=9
2026-10-02 19:00:23,18:59,2026-10-02,funabashi,9,5,ワイド,1-2,182.6,192.1,72,https://www.keiba.go.jp/KeibaWeb/TodayRaceInfo/OddsWide?k_babaCode=19&k_raceDate=2026%2F10%2F02&k_raceNo=9
2026-10-02 19:00:23,18:59,2026-10-02,funabashi,9,5,ワイド,1-9,183.1,198.8,73,https://www.keiba.go.jp/KeibaWeb/TodayRaceInfo/OddsWide?k_babaCode=19&k_raceDate=2026%2F10%2F02&k_raceNo=9
2026-10-02 19:00:23,18:59,2026-10-02,funabashi,9,5,ワイド,5-12,186.5,198.5,74,https://www.keiba.go.jp/KeibaWeb/TodayRaceInfo/OddsWide?k_babaCode=19&k_raceDate=2026%2F10%2F02&k_raceNo=9
2026-10-02 19:00:23,18:59,2026-10-02,funabashi,9,5,ワイド,8-11,187.1,196.3,75,https://www.keiba.go.jp/KeibaWeb/TodayRaceInfo/OddsWide?k_babaCode=19&k_raceDate=2026%2F10%2F02&k_raceNo=9
2026-10-02 19:00:23,18:59,2026-10-02,funabashi,9,5,ワイド,1-13,188.8,189.9,76,https://www.keiba.go.jp/KeibaWeb/TodayRaceInfo/OddsWide?k_babaCode=19&k_raceDate=2026%2F10%2F02&k_raceNo=9
2026-10-02 19:00:23,18:59,2026-10-02,funabashi,9,5,ワイド,8-12,197.8,198.6,77,https://www.keiba.go.jp/KeibaWeb/TodayRaceInfo/OddsWide?k_babaCode=19&k_raceDate=2026%2F10%2F02&k_raceNo=9
2026-10-02 19:00:23,18:59,2026-10-02,funabashi,9,5,ワイド,12-14,198.5,206.0,78,https://www.keiba.go.jp/KeibaWeb/TodayRaceInfo/OddsWide?k_babaCode=19&k_raceDate=2026%2F10%2F02&k_raceNo=9
2026-10-02 19:00:23,18:59,2026-10-02,funabashi,9,5,ワイド,1-4,204.7,208.5,79,https://www.keiba.go.jp/KeibaWeb/TodayRaceInfo/OddsWide?k_babaCode=19&k_raceDate=2026%2F10%2F02&k_raceNo=9
2026-10-02 19:00:23,18:59,2026-10-02,funabashi,9,5,ワイド,9-12,204.8,221.9,80,https://www.keiba.go.jp/KeibaWeb/TodayRaceInfo/OddsWide?k_babaCode=19&k_raceDate=2026%2F10%2F02&k_raceNo=9
2026-10-02 19:00:23,18:59,2026-10-02,funabashi,9,5,ワイド,8-10,207.2,208.4,81,https://www.keiba.go.jp/KeibaWeb/TodayRaceInfo/OddsWide?k_babaCode=19&k_raceDate=2026%2F10%2F02&k_raceNo=9
2026-10-02 19:00:23,18:59,2026-10-02,funabashi,9,5,ワイド,10-13,218.0,219.0,82,https://www.keiba.go.jp/KeibaWeb/TodayRaceInfo/OddsWide?k_babaCode=19&k_raceDate=2026%2F10%2F02&k_raceNo=9
2026-10-02 19:00:23,18:59,2026-10-02,funabashi,9,5,ワイド,4-10,221.0,224.7,83,https://www.keiba.go.jp/KeibaWeb/TodayRaceInfo/OddsWide?k_babaCode=19&k_raceDate=2026%2F10%2F02&k_raceNo=9
2026-10-02 19:00:23,18:59,2026-10-02,funabashi,9,5,ワイド,1-7,225.5,231.0,84,https://www.keiba.go.jp/KeibaWeb/TodayRaceInfo/OddsWide?k_babaCode=19&k_raceDate=2026%2F10%2F02&k_raceNo=9
2026-10-02 19:00:23,18:59,2026-10-02,funabashi,9,5,ワイド,8-14,228.1,237.1,85,https://www.keiba.go.jp/KeibaWeb/TodayRaceInfo/OddsWide?k_babaCode=19&k_raceDate=2026%2F10%2F02&k_raceNo=9
2026-10-02 19:00:23,18:59,2026-10-02,funabashi,9,5,ワイド,2-12,266.7,280.0,86,https://www.keiba.go.jp/KeibaWeb/TodayRaceInfo/OddsWide?k_babaCode=19&k_raceDate=2026%2F10%2F02&k_raceNo=9
2026-10-02 19:00:23,18:59,2026-10-02,funabashi,9,5,ワイド,4-12,305.6,310.5,87,https://www.keiba.go.jp/KeibaWeb/TodayRaceInfo/OddsWide?k_babaCode=19&k_raceDate=2026%2F10%2F02&k_raceNo=9
2026-10-02 19:00:23,18:59,2026-10-02,funabashi,9,5,ワイド,1-14,322.1,334.8,88,https://www.keiba.go.jp/KeibaWeb/TodayRaceInfo/OddsWide?k_babaCode=19&k_raceDate=2026%2F10%2F02&k_raceNo=9
2026-10-02 19:00:23,18:59,2026-10-02,funabashi,9,5,ワイド,7-12,388.5,397.1,89,https://www.keiba.go.jp/KeibaWeb/TodayRaceInfo/OddsWide?k_babaCode=19&k_raceDate=2026%2F10%2F02&k_raceNo=9
2026-10-02 19:00:23,18:59,2026-10-02,funabashi,9,5,ワイド,8-13,403.7,406.2,90,https://www.keiba.go.jp/KeibaWeb/TodayRaceInfo/OddsWide?k_babaCode=19&k_raceDate=2026%2F10%2F02&k_raceNo=9
2026-10-02 19:00:23,18:59,2026-10-02,funabashi,9,5,ワイド,1-12,679.9,682.5,91,https://www.keiba.go.jp/KeibaWeb/TodayRaceInfo/OddsWide?k_babaCode=19&k_raceDate=2026%2F10%2F02&k_raceNo=9
2026-10-02 19:00:23,18:59,2026-10-02,funabashi,9,5,三連複,3-6-9,10.7,10.7,1,https://www.keiba.go.jp/KeibaWeb/TodayRaceInfo/Odds3LenFuku?k_babaCode=19&k_raceDate=2026%2F10%2F02&k_raceNo=9
2026-10-02 19:00:23,18:59,2026-10-02,funabashi,9,5,三連複,3-5-6,15.6,15.6,2,https://www.keiba.go.jp/KeibaWeb/TodayRaceInfo/Odds3LenFuku?k_babaCode=19&k_raceDate=2026%2F10%2F02&k_raceNo=9
2026-10-02 19:00:23,18:59,2026-10-02,funabashi,9,5,三連複,2-3-6,16.7,16.7,3,https://www.keiba.go.jp/KeibaWeb/TodayRaceInfo/Odds3LenFuku?k_babaCode=19&k_raceDate=2026%2F10%2F02&k_raceNo=9
2026-10-02 19:00:23,18:59,2026-10-02,funabashi,9,5,三連複,3-6-14,20.5,20.5,4,https://www.keiba.go.jp/KeibaWeb/TodayRaceInfo/Odds3LenFuku?k_babaCode=19&k_raceDate=2026%2F10%2F02&k_raceNo=9
2026-10-02 19:00:23,18:59,2026-10-02,funabashi,9,5,三連複,5-6-9,20.6,20.6,5,https://www.keiba.go.jp/KeibaWeb/TodayRaceInfo/Odds3LenFuku?k_babaCode=19&k_raceDate=2026%2F10%2F02&k_raceNo=9
2026-10-02 19:00:23,18:59,2026-10-02,funabashi,9,5,三連複,2-6-9,22.6,22.6,6,https://www.keiba.go.jp/KeibaWeb/TodayRaceInfo/Odds3LenFuku?k_babaCode=19&k_raceDate=2026%2F10%2F02&k_raceNo=9
2026-10-02 19:00:23,18:59,2026-10-02,funabashi,9,5,三連複,3-6-11,23.0,23.0,7,https://www.keiba.go.jp/KeibaWeb/TodayRaceInfo/Odds3LenFuku?k_babaCode=19&k_raceDate=2026%2F10%2F02&k_raceNo=9
2026-10-02 19:00:23,18:59,2026-10-02,funabashi,9,5,三連複,6-9-14,26.6,26.6,8,https://www.keiba.go.jp/KeibaWeb/TodayRaceInfo/Odds3LenFuku?k_babaCode=19&k_raceDate=2026%2F10%2F02&k_raceNo=9
2026-10-02 19:00:23,18:59,2026-10-02,funabashi,9,5,三連複,2-5-6,33.5,33.5,9,https://www.keiba.go.jp/KeibaWeb/TodayRaceInfo/Odds3LenFuku?k_babaCode=19&k_raceDate=2026%2F10%2F02&k_raceNo=9
2026-10-02 19:00:23,18:59,2026-10-02,funabashi,9,5,三連複,6-9-11,33.5,33.5,10,https://www.keiba.go.jp/KeibaWeb/TodayRaceInfo/Odds3LenFuku?k_babaCode=19&k_raceDate=2026%2F10%2F02&k_raceNo=9
2026-10-02 19:00:23,18:59,2026-10-02,funabashi,9,5,三連複,2-3-9,36.8,36.8,11,https://www.keiba.go.jp/KeibaWeb/TodayRaceInfo/Odds3LenFuku?k_babaCode=19&k_raceDate=2026%2F10%2F02&k_raceNo=9
2026-10-02 19:00:23,18:59,2026-10-02,funabashi,9,5,三連複,3-5-9,37.9,37.9,12,https://www.keiba.go.jp/KeibaWeb/TodayRaceInfo/Odds3LenFuku?k_babaCode=19&k_raceDate=2026%2F10%2F02&k_raceNo=9
2026-10-02 19:00:23,18:59,2026-10-02,funabashi,9,5,三連複,5-6-11,39.1,39.1,13,https://www.keiba.go.jp/KeibaWeb/TodayRaceInfo/Odds3LenFuku?k_babaCode=19&k_raceDate=2026%2F10%2F02&k_raceNo=9
2026-10-02 19:00:23,18:59,2026-10-02,funabashi,9,5,三連複,5-6-14,42.1,42.1,14,https://www.keiba.go.jp/KeibaWeb/TodayRaceInfo/Odds3LenFuku?k_babaCode=19&k_raceDate=2026%2F10%2F02&k_raceNo=9
2026-10-02 19:00:23,18:59,2026-10-02,funabashi,9,5,三連複,3-4-6,44.0,44.0,15,https://www.keiba.go.jp/KeibaWeb/TodayRaceInfo/Odds3LenFuku?k_babaCode=19&k_raceDate=2026%2F10%2F02&k_raceNo=9
2026-10-02 19:00:23,18:59,2026-10-02,funabashi,9,5,三連複,3-9-14,44.4,44.4,16,https://www.keiba.go.jp/KeibaWeb/TodayRaceInfo/Odds3LenFuku?k_babaCode=19&k_raceDate=2026%2F10%2F02&k_raceNo=9
2026-10-02 19:00:23,18:59,2026-10-02,funabashi,9,5,三連複,2-6-14,47.6,47.6,17,https://www.keiba.go.jp/KeibaWeb/TodayRaceInfo/Odds3LenFuku?k_babaCode=19&k_raceDate=2026%2F10%2F02&k_raceNo=9
2026-10-02 19:00:23,18:59,2026-10-02,funabashi,9,5,三連複,3-6-7,54.9,54.9,18,https://www.keiba.go.jp/KeibaWeb/TodayRaceInfo/Odds3LenFuku?k_babaCode=19&k_raceDate=2026%2F10%2F02&k_raceNo=9
2026-10-02 19:00:23,18:59,2026-10-02,funabashi,9,5,三連複,2-3-5,55.4,55.4,19,https://www.keiba.go.jp/KeibaWeb/TodayRaceInfo/Odds3LenFuku?k_babaCode=19&k_raceDate=2026%2F10%2F02&k_raceNo=9
2026-10-02 19:00:23,18:59,2026-10-02,funabashi,9,5,三連複,2-6-11,56.6,56.6,20,https://www.keiba.go.jp/KeibaWeb/TodayRaceInfo/Odds3LenFuku?k_babaCode=19&k_raceDate=2026%2F10%2F02&k_raceNo=9
2026-10-02 19:00:23,18:59,2026-10-02,funabashi,9,5,三連複,6-11-14,58.8,58.8,21,https://www.keiba.go.jp/KeibaWeb/TodayRaceInfo/Odds3LenFuku?k_babaCode=19&k_raceDate=2026%2F10%2F02&k_raceNo=9
2026-10-02 19:00:23,18:59,2026-10-02,funabashi,9,5,三連複,4-6-9,59.3,59.3,22,https://www.keiba.go.jp/KeibaWeb/TodayRaceInfo/Odds3LenFuku?k_babaCode=19&k_raceDate=2026%2F10%2F02&k_raceNo=9
2026-10-02 19:00:23,18:59,2026-10-02,funabashi,9,5,三連複,6-7-9,61.5,61.5,23,https://www.keiba.go.jp/KeibaWeb/TodayRaceInfo/Odds3LenFuku?k_babaCode=19&k_raceDate=2026%2F10%2F02&k_raceNo=9
2026-10-02 19:00:23,18:59,2026-10-02,funabashi,9,5,三連複,3-9-11,63.7,63.7,24,https://www.keiba.go.jp/KeibaWeb/TodayRaceInfo/Odds3LenFuku?k_babaCode=19&k_raceDate=2026%2F10%2F02&k_raceNo=9
2026-10-02 19:00:23,18:59,2026-10-02,funabashi,9,5,三連複,2-5-9,68.2,68.2,25,https://www.keiba.go.jp/KeibaWeb/TodayRaceInfo/Odds3LenFuku?k_babaCode=19&k_raceDate=2026%2F10%2F02&k_raceNo=9
2026-10-02 19:00:23,18:59,2026-10-02,funabashi,9,5,三連複,4-5-6,71.6,71.6,26,https://www.keiba.go.jp/KeibaWeb/TodayRaceInfo/Odds3LenFuku?k_babaCode=19&k_raceDate=2026%2F10%2F02&k_raceNo=9
2026-10-02 19:00:23,18:59,2026-10-02,funabashi,9,5,三連複,3-5-14,75.3,75.3,27,https://www.keiba.go.jp/KeibaWeb/TodayRaceInfo/Odds3LenFuku?k_babaCode=19&k_raceDate=2026%2F10%2F02&k_raceNo=9
2026-10-02 19:00:23,18:59,2026-10-02,funabashi,9,5,三連複,5-9-14,76.1,76.1,28,https://www.keiba.go.jp/KeibaWeb/TodayRaceInfo/Odds3LenFuku?k_babaCode=19&k_raceDate=2026%2F10%2F02&k_raceNo=9
2026-10-02 19:00:23,18:59,2026-10-02,funabashi,9,5,三連複,3-5-11,76.5,76.5,29,https://www.keiba.go.jp/KeibaWeb/TodayRaceInfo/Odds3LenFuku?k_babaCode=19&k_raceDate=2026%2F10%2F02&k_raceNo=9
2026-10-02 19:00:23,18:59,2026-10-02,funabashi,9,5,三連複,2-3-14,77.3,77.3,30,https://www.keiba.go.jp/KeibaWeb/TodayRaceInfo/Odds3LenFuku?k_babaCode=19&k_raceDate=2026%2F10%2F02&k_raceNo=9
2026-10-02 19:00:23,18:59,2026-10-02,funabashi,9,5,三連複,3-4-9,80.2,80.2,31,https://www.keiba.go.jp/KeibaWeb/TodayRaceInfo/Odds3LenFuku?k_babaCode=19&k_raceDate=2026%2F10%2F02&k_raceNo=9
2026-10-02 19:00:23,18:59,2026-10-02,funabashi,9,5,三連複,3-11-14,82.7,82.7,32,https://www.keiba.go.jp/KeibaWeb/TodayRaceInfo/Odds3LenFuku?k_babaCode=19&k_raceDate=2026%2F10%2F02&k_raceNo=9
2026-10-02 19:00:23,18:59,2026-10-02,funabashi,9,5,三連複,2-6-7,86.3,86.3,33,https://www.keiba.go.jp/KeibaWeb/TodayRaceInfo/Odds3LenFuku?k_babaCode=19&k_raceDate=2026%2F10%2F02&k_raceNo=9
2026-10-02 19:00:23,18:59,2026-10-02,funabashi,9,5,三連複,5-6-7,87.1,87.1,34,https://www.keiba.go.jp/KeibaWeb/TodayRaceInfo/Odds3LenFuku?k_babaCode=19&k_raceDate=2026%2F10%2F02&k_raceNo=9
2026-10-02 19:00:23,18:59,2026-10-02,funabashi,9,5,三連複,2-3-11,94.6,94.6,35,https://www.keiba.go.jp/KeibaWeb/TodayRaceInfo/Odds3LenFuku?k_babaCode=19&k_raceDate=2026%2F10%2F02&k_raceNo=9
2026-10-02 19:00:23,18:59,2026-10-02,funabashi,9,5,三連複,2-4-6,100.2,100.2,36,https://www.keiba.go.jp/KeibaWeb/TodayRaceInfo/Odds3LenFuku?k_babaCode=19&k_raceDate=2026%2F10%2F02&k_raceNo=9
2026-10-02 19:00:23,18:59,2026-10-02,funabashi,9,5,三連複,2-9-14,100.5,100.5,37,https://www.keiba.go.jp/KeibaWeb/TodayRaceInfo/Odds3LenFuku?k_babaCode=19&k_raceDate=2026%2F10%2F02&k_raceNo=9
2026-10-02 19:00:23,18:59,2026-10-02,funabashi,9,5,三連複,2-9-11,101.1,101.1,38,https://www.keiba.go.jp/KeibaWeb/TodayRaceInfo/Odds3LenFuku?k_babaCode=19&k_raceDate=2026%2F10%2F02&k_raceNo=9
2026-10-02 19:00:23,18:59,2026-10-02,funabashi,9,5,三連複,3-7-9,101.1,101.1,38,https://www.keiba.go.jp/KeibaWeb/TodayRaceInfo/Odds3LenFuku?k_babaCode=19&k_raceDate=2026%2F10%2F02&k_raceNo=9
2026-10-02 19:00:23,18:59,2026-10-02,funabashi,9,5,三連複,4-6-14,106.2,106.2,40,https://www.keiba.go.jp/KeibaWeb/TodayRaceInfo/Odds3LenFuku?k_babaCode=19&k_raceDate=2026%2F10%2F02&k_raceNo=9
2026-10-02 19:00:23,18:59,2026-10-02,funabashi,9,5,三連複,3-4-5,106.3,106.3,41,https://www.keiba.go.jp/KeibaWeb/TodayRaceInfo/Odds3LenFuku?k_babaCode=19&k_raceDate=2026%2F10%2F02&k_raceNo=9
2026-10-02 19:00:23,18:59,2026-10-02,funabashi,9,5,三連複,5-9-11,111.5,111.5,42,https://www.keiba.go.jp/KeibaWeb/TodayRaceInfo/Odds3LenFuku?k_babaCode=19&k_raceDate=2026%2F10%2F02&k_raceNo=9
2026-10-02 19:00:23,18:59,2026-10-02,funabashi,9,5,三連複,4-6-11,114.3,114.3,43,https://www.keiba.go.jp/KeibaWeb/TodayRaceInfo/Odds3LenFuku?k_babaCode=19&k_raceDate=2026%2F10%2F02&k_raceNo=9
2026-10-02 19:00:23,18:59,2026-10-02,funabashi,9,5,三連複,4-5-9,122.0,122.0,44,https://www.keiba.go.jp/KeibaWeb/TodayRaceInfo/Odds3LenFuku?k_babaCode=19&k_raceDate=2026%2F10%2F02&k_raceNo=9
2026-10-02 19:00:23,18:59,2026-10-02,funabashi,9,5,三連複,9-11-14,128.3,128.3,45,https://www.keiba.go.jp/KeibaWeb/TodayRaceInfo/Odds3LenFuku?k_babaCode=19&k_raceDate=2026%2F10%2F02&k_raceNo=9
2026-10-02 19:00:23,18:59,2026-10-02,funabashi,9,5,三連複,3-4-14,129.9,129.9,46,https://www.keiba.go.jp/KeibaWeb/TodayRaceInfo/Odds3LenFuku?k_babaCode=19&k_raceDate=2026%2F10%2F02&k_raceNo=9
2026-10-02 19:00:23,18:59,2026-10-02,funabashi,9,5,三連複,6-7-14,131.1,131.1,47,https://www.keiba.go.jp/KeibaWeb/TodayRaceInfo/Odds3LenFuku?k_babaCode=19&k_raceDate=2026%2F10%2F02&k_raceNo=9
2026-10-02 19:00:23,18:59,2026-10-02,funabashi,9,5,三連複,2-3-4,131.8,131.8,48,https://www.keiba.go.jp/KeibaWeb/TodayRaceInfo/Odds3LenFuku?k_babaCode=19&k_raceDate=2026%2F10%2F02&k_raceNo=9
2026-10-02 19:00:23,18:59,2026-10-02,funabashi,9,5,三連複,6-7-11,132.3,132.3,49,https://www.keiba.go.jp/KeibaWeb/TodayRaceInfo/Odds3LenFuku?k_babaCode=19&k_raceDate=2026%2F10%2F02&k_raceNo=9
2026-10-02 19:00:23,18:59,2026-10-02,funabashi,9,5,三連複,2-4-9,136.2,136.2,50,https://www.keiba.go.jp/KeibaWeb/TodayRaceInfo/Odds3LenFuku?k_babaCode=19&k_raceDate=2026%2F10%2F02&k_raceNo=9
2026-10-02 19:00:23,18:59,2026-10-02,funabashi,9,5,三連複,2-3-7,137.3,137.3,51,https://www.keiba.go.jp/KeibaWeb/TodayRaceInfo/Odds3LenFuku?k_babaCode=19&k_raceDate=2026%2F10%2F02&k_raceNo=9
2026-10-02 19:00:23,18:59,2026-10-02,funabashi,9,5,三連複,2-5-11,149.0,149.0,52,https://www.keiba.go.jp/KeibaWeb/TodayRaceInfo/Odds3LenFuku?k_babaCode=19&k_raceDate=2026%2F10%2F02&k_raceNo=9
2026-10-02 19:00:23,18:59,2026-10-02,funabashi,9,5,三連複,4-9-14,151.1,151.1,53,https://www.keiba.go.jp/KeibaWeb/TodayRaceInfo/Odds3LenFuku?k_babaCode=19&k_raceDate=2026%2F10%2F02&k_raceNo=9
2026-10-02 19:00:23,18:59,2026-10-02,funabashi,9,5,三連複,2-7-9,152.0,152.0,54,https://www.keiba.go.jp/KeibaWeb/TodayRaceInfo/Odds3LenFuku?k_babaCode=19&k_raceDate=2026%2F10%2F02&k_raceNo=9
2026-10-02 19:00:23,18:59,2026-10-02,funabashi,9,5,三連複,5-11-14,153.7,153.7,55,https://www.keiba.go.jp/KeibaWeb/TodayRaceInfo/Odds3LenFuku?k_babaCode=19&k_raceDate=2026%2F10%2F02&k_raceNo=9
2026-10-02 19:00:23,18:59,2026-10-02,funabashi,9,5,三連複,2-4-5,163.2,163.2,56,https://www.keiba.go.jp/KeibaWeb/TodayRaceInfo/Odds3LenFuku?k_babaCode=19&k_raceDate=2026%2F10%2F02&k_raceNo=9
2026-10-02 19:00:23,18:59,2026-10-02,funabashi,9,5,三連複,5-7-9,167.6,167.6,57,https://www.keiba.go.jp/KeibaWeb/TodayRaceInfo/Odds3LenFuku?k_babaCode=19&k_raceDate=2026%2F10%2F02&k_raceNo=9
2026-10-02 19:00:23,18:59,2026-10-02,funabashi,9,5,三連複,3-5-7,169.4,169.4,58,https://www.keiba.go.jp/KeibaWeb/TodayRaceInfo/Odds3LenFuku?k_babaCode=19&k_raceDate=2026%2F10%2F02&k_raceNo=9
2026-10-02 19:00:23,18:59,2026-10-02,funabashi,9,5,三連複,3-4-11,172.6,172.6,59,https://www.keiba.go.jp/KeibaWeb/TodayRaceInfo/Odds3LenFuku?k_babaCode=19&k_raceDate=2026%2F10%2F02&k_raceNo=9
2026-10-02 19:00:23,18:59,2026-10-02,funabashi,9,5,三連複,2-5-14,185.4,185.4,60,https://www.keiba.go.jp/KeibaWeb/TodayRaceInfo/Odds3LenFuku?k_babaCode=19&k_raceDate=2026%2F10%2F02&k_raceNo=9
2026-10-02 19:00:23,18:59,2026-10-02,funabashi,9,5,三連複,3-7-14,194.6,194.6,61,https://www.keiba.go.jp/KeibaWeb/TodayRaceInfo/Odds3LenFuku?k_babaCode=19&k_raceDate=2026%2F10%2F02&k_raceNo=9
2026-10-02 19:00:23,18:59,2026-10-02,funabashi,9,5,三連複,3-6-13,199.3,199.3,62,https://www.keiba.go.jp/KeibaWeb/TodayRaceInfo/Odds3LenFuku?k_babaCode=19&k_raceDate=2026%2F10%2F02&k_raceNo=9
2026-10-02 19:00:23,18:59,2026-10-02,funabashi,9,5,三連複,4-9-11,200.5,200.5,63,https://www.keiba.go.jp/KeibaWeb/TodayRaceInfo/Odds3LenFuku?k_babaCode=19&k_raceDate=2026%2F10%2F02&k_raceNo=9
2026-10-02 19:00:23,18:59,2026-10-02,funabashi,9,5,三連複,2-5-7,213.2,213.2,64,https://www.keiba.go.jp/KeibaWeb/TodayRaceInfo/Odds3LenFuku?k_babaCode=19&k_raceDate=2026%2F10%2F02&k_raceNo=9
2026-10-02 19:00:23,18:59,2026-10-02,funabashi,9,5,三連複,4-5-14,213.2,213.2,64,https://www.keiba.go.jp/KeibaWeb/TodayRaceInfo/Odds3LenFuku?k_babaCode=19&k_raceDate=2026%2F10%2F02&k_raceNo=9
2026-10-02 19:00:23,18:59,2026-10-02,funabashi,9,5,三連複,2-11-14,228.1,228.1,66,https://www.keiba.go.jp/KeibaWeb/TodayRaceInfo/Odds3LenFuku?k_babaCode=19&k_raceDate=2026%2F10%2F02&k_raceNo=9
2026-10-02 19:00:23,18:59,2026-10-02,funabashi,9,5,三連複,7-9-14,228.1,228.1,66,https://www.keiba.go.jp/KeibaWeb/TodayRaceInfo/Odds3LenFuku?k_babaCode=19&k_raceDate=2026%2F10%2F02&k_raceNo=9
2026-10-02 19:00:23,18:59,2026-10-02,funabashi,9,5,三連複,3-7-11,236.9,236.9,68,https://www.keiba.go.jp/KeibaWeb/TodayRaceInfo/Odds3LenFuku?k_babaCode=19&k_raceDate=2026%2F10%2F02&k_raceNo=9
2026-10-02 19:00:23,18:59,2026-10-02,funabashi,9,5,三連複,6-9-13,248.9,248.9,69,https://www.keiba.go.jp/KeibaWeb/TodayRaceInfo/Odds3LenFuku?k_babaCode=19&k_raceDate=2026%2F10%2F02&k_raceNo=9
2026-10-02 19:00:23,18:59,2026-10-02,funabashi,9,5,三連複,7-9-11,268.0,268.0,70,https://www.keiba.go.jp/KeibaWeb/TodayRaceInfo/Odds3LenFuku?k_babaCode=19&k_raceDate=2026%2F10%2F02&k_raceNo=9
2026-10-02 19:00:23,18:59,2026-10-02,funabashi,9,5,三連複,4-11-14,274.7,274.7,71,https://www.keiba.go.jp/KeibaWeb/TodayRaceInfo/Odds3LenFuku?k_babaCode=19&k_raceDate=2026%2F10%2F02&k_raceNo=9
2026-10-02 19:00:23,18:59,2026-10-02,funabashi,9,5,三連複,4-6-7,275.5,275.5,72,https://www.keiba.go.jp/KeibaWeb/TodayRaceInfo/Odds3LenFuku?k_babaCode=19&k_raceDate=2026%2F10%2F02&k_raceNo=9
2026-10-02 19:00:23,18:59,2026-10-02,funabashi,9,5,三連複,4-5-11,282.6,282.6,73,https://www.keiba.go.jp/KeibaWeb/TodayRaceInfo/Odds3LenFuku?k_babaCode=19&k_raceDate=2026%2F10%2F02&k_raceNo=9
2026-10-02 19:00:23,18:59,2026-10-02,funabashi,9,5,三連複,2-4-14,289.3,289.3,74,https://www.keiba.go.jp/KeibaWeb/TodayRaceInfo/Odds3LenFuku?k_babaCode=19&k_raceDate=2026%2F10%2F02&k_raceNo=9
2026-10-02 19:00:23,18:59,2026-10-02,funabashi,9,5,三連複,3-6-10,317.4,317.4,75,https://www.keiba.go.jp/KeibaWeb/TodayRaceInfo/Odds3LenFuku?k_babaCode=19&k_raceDate=2026%2F10%2F02&k_raceNo=9
2026-10-02 19:00:23,18:59,2026-10-02,funabashi,9,5,三連複,5-7-14,328.0,328.0,76,https://www.keiba.go.jp/KeibaWeb/TodayRaceInfo/Odds3LenFuku?k_babaCode=19&k_raceDate=2026%2F10%2F02&k_raceNo=9
2026-10-02 19:00:23,18:59,2026-10-02,funabashi,9,5,三連複,1-3-6,342.9,342.9,77,https://www.keiba.go.jp/KeibaWeb/TodayRaceInfo/Odds3LenFuku?k_babaCode=19&k_raceDate=2026%2F10%2F02&k_raceNo=9
2026-10-02 19:00:23,18:59,2026-10-02,funabashi,9,5,三連複,3-6-8,346.6,346.6,78,https://www.keiba.go.jp/KeibaWeb/TodayRaceInfo/Odds3LenFuku?k_babaCode=19&k_raceDate=2026%2F10%2F02&k_raceNo=9
2026-10-02 19:00:23,18:59,2026-10-02,funabashi,9,5,三連複,3-4-7,350.3,350.3,79,https://www.keiba.go.jp/KeibaWeb/TodayRaceInfo/Odds3LenFuku?k_babaCode=19&k_raceDate=2026%2F10%2F02&k_raceNo=9
2026-10-02 19:00:23,18:59,2026-10-02,funabashi,9,5,三連複,2-7-14,354.1,354.1,80,https://www.keiba.go.jp/KeibaWeb/TodayRaceInfo/Odds3LenFuku?k_babaCode=19&k_raceDate=2026%2F10%2F02&k_raceNo=9
2026-10-02 19:00:23,18:59,2026-10-02,funabashi,9,5,三連複,5-6-13,360.6,360.6,81,https://www.keiba.go.jp/KeibaWeb/TodayRaceInfo/Odds3LenFuku?k_babaCode=19&k_raceDate=2026%2F10%2F02&k_raceNo=9
2026-10-02 19:00:23,18:59,2026-10-02,funabashi,9,5,三連複,2-7-11,367.3,367.3,82,https://www.keiba.go.jp/KeibaWeb/TodayRaceInfo/Odds3LenFuku?k_babaCode=19&k_raceDate=2026%2F10%2F02&k_raceNo=9
2026-10-02 19:00:23,18:59,2026-10-02,funabashi,9,5,三連複,3-6-12,377.2,377.2,83,https://www.keiba.go.jp/KeibaWeb/TodayRaceInfo/Odds3LenFuku?k_babaCode=19&k_raceDate=2026%2F10%2F02&k_raceNo=9
2026-10-02 19:00:23,18:59,2026-10-02,funabashi,9,5,三連複,2-4-11,410.4,410.4,84,https://www.keiba.go.jp/KeibaWeb/TodayRaceInfo/Odds3LenFuku?k_babaCode=19&k_raceDate=2026%2F10%2F02&k_raceNo=9
2026-10-02 19:00:23,18:59,2026-10-02,funabashi,9,5,三連複,4-7-9,415.6,415.6,85,https://www.keiba.go.jp/KeibaWeb/TodayRaceInfo/Odds3LenFuku?k_babaCode=19&k_raceDate=2026%2F10%2F02&k_raceNo=9
2026-10-02 19:00:23,18:59,2026-10-02,funabashi,9,5,三連複,7-11-14,417.4,417.4,86,https://www.keiba.go.jp/KeibaWeb/TodayRaceInfo/Odds3LenFuku?k_babaCode=19&k_raceDate=2026%2F10%2F02&k_raceNo=9
2026-10-02 19:00:23,18:59,2026-10-02,funabashi,9,5,三連複,2-6-13,424.6,424.6,87,https://www.keiba.go.jp/KeibaWeb/TodayRaceInfo/Odds3LenFuku?k_babaCode=19&k_raceDate=2026%2F10%2F02&k_raceNo=9
2026-10-02 19:00:23,18:59,2026-10-02,funabashi,9,5,三連複,6-13-14,424.6,424.6,87,https://www.keiba.go.jp/KeibaWeb/TodayRaceInfo/Odds3LenFuku?k_babaCode=19&k_raceDate=2026%2F10%2F02&k_raceNo=9
2026-10-02 19:00:23,18:59,2026-10-02,funabashi,9,5,三連複,3-9-13,435.9,435.9,89,https://www.keiba.go.jp/KeibaWeb/TodayRaceInfo/Odds3LenFuku?k_babaCode=19&k_raceDate=2026%2F10%2F02&k_raceNo=9
2026-10-02 19:00:23,18:59,2026-10-02,funabashi,9,5,三連複,6-9-10,441.8,441.8,90,https://www.keiba.go.jp/KeibaWeb/TodayRaceInfo/Odds3LenFuku?k_babaCode=19&k_raceDate=2026%2F10%2F02&k_raceNo=9
2026-10-02 19:00:23,18:59,2026-10-02,funabashi,9,5,三連複,4-5-7,445.8,445.8,91,https://www.keiba.go.jp/KeibaWeb/TodayRaceInfo/Odds3LenFuku?k_babaCode=19&k_raceDate=2026%2F10%2F02&k_raceNo=9
2026-10-02 19:00:23,18:59,2026-10-02,funabashi,9,5,三連複,6-11-13,449.9,449.9,92,https://www.keiba.go.jp/KeibaWeb/TodayRaceInfo/Odds3LenFuku?k_babaCode=19&k_raceDate=2026%2F10%2F02&k_raceNo=9
2026-10-02 19:00:23,18:59,2026-10-02,funabashi,9,5,三連複,5-7-11,458.3,458.3,93,https://www.keiba.go.jp/KeibaWeb/TodayRaceInfo/Odds3LenFuku?k_babaCode=19&k_raceDate=2026%2F10%2F02&k_raceNo=9
2026-10-02 19:00:23,18:59,2026-10-02,funabashi,9,5,三連複,1-6-9,469.3,469.3,94,https://www.keiba.go.jp/KeibaWeb/TodayRaceInfo/Odds3LenFuku?k_babaCode=19&k_raceDate=2026%2F10%2F02&k_raceNo=9
2026-10-02 19:00:23,18:59,2026-10-02,funabashi,9,5,三連複,6-8-9,488.0,488.0,95,https://www.keiba.go.jp/KeibaWeb/TodayRaceInfo/Odds3LenFuku?k_babaCode=19&k_raceDate=2026%2F10%2F02&k_raceNo=9
2026-10-02 19:00:23,18:59,2026-10-02,funabashi,9,5,三連複,3-13-14,521.7,521.7,96,https://www.keiba.go.jp/KeibaWeb/TodayRaceInfo/Odds3LenFuku?k_babaCode=19&k_raceDate=2026%2F10%2F02&k_raceNo=9
2026-10-02 19:00:23,18:59,2026-10-02,funabashi,9,5,三連複,4-7-14,530.2,530.2,97,https://www.keiba.go.jp/KeibaWeb/TodayRaceInfo/Odds3LenFuku?k_babaCode=19&k_raceDate=2026%2F10%2F02&k_raceNo=9
2026-10-02 19:00:23,18:59,2026-10-02,funabashi,9,5,三連複,2-6-10,536.0,536.0,98,https://www.keiba.go.jp/KeibaWeb/TodayRaceInfo/Odds3LenFuku?k_babaCode=19&k_raceDate=2026%2F10%2F02&k_raceNo=9
2026-10-02 19:00:23,18:59,2026-10-02,funabashi,9,5,三連複,6-9-12,544.9,544.9,99,https://www.keiba.go.jp/KeibaWeb/TodayRaceInfo/Odds3LenFuku?k_babaCode=19&k_raceDate=2026%2F10%2F02&k_raceNo=9
2026-10-02 19:00:23,18:59,2026-10-02,funabashi,9,5,三連複,2-4-7,567.0,567.0,100,https://www.keiba.go.jp/KeibaWeb/TodayRaceInfo/Odds3LenFuku?k_babaCode=19&k_raceDate=2026%2F10%2F02&k_raceNo=9
2026-10-02 19:00:23,18:59,2026-10-02,funabashi,9,5,三連複,6-10-14,573.6,573.6,101,https://www.keiba.go.jp/KeibaWeb/TodayRaceInfo/Odds3LenFuku?k_babaCode=19&k_raceDate=2026%2F10%2F02&k_raceNo=9
2026-10-02 19:00:23,18:59,2026-10-02,funabashi,9,5,三連複,1-5-6,587.3,587.3,102,https://www.keiba.go.jp/KeibaWeb/TodayRaceInfo/Odds3LenFuku?k_babaCode=19&k_raceDate=2026%2F10%2F02&k_raceNo=9
2026-10-02 19:00:23,18:59,2026-10-02,funabashi,9,5,三連複,5-6-8,587.3,587.3,102,https://www.keiba.go.jp/KeibaWeb/TodayRaceInfo/Odds3LenFuku?k_babaCode=19&k_raceDate=2026%2F10%2F02&k_raceNo=9
2026-10-02 19:00:23,18:59,2026-10-02,funabashi,9,5,三連複,5-6-10,594.5,594.5,104,https://www.keiba.go.jp/KeibaWeb/TodayRaceInfo/Odds3LenFuku?k_babaCode=19&k_raceDate=2026%2F10%2F02&k_raceNo=9
2026-10-02 19:00:23,18:59,2026-10-02,funabashi,9,5,三連複,3-5-13,628.8,628.8,105,https://www.keiba.go.jp/KeibaWeb/TodayRaceInfo/Odds3LenFuku?k_babaCode=19&k_raceDate=2026%2F10%2F02&k_raceNo=9
2026-10-02 19:00:23,18:59,2026-10-02,funabashi,9,5,三連複,6-7-13,628.8,628.8,105,https://www.keiba.go.jp/KeibaWeb/TodayRaceInfo/Odds3LenFuku?k_babaCode=19&k_raceDate=2026%2F10%2F02&k_raceNo=9
2026-10-02 19:00:23,18:59,2026-10-02,funabashi,9,5,三連複,2-6-8,641.1,641.1,107,https://www.keiba.go.jp/KeibaWeb/TodayRaceInfo/Odds3LenFuku?k_babaCode=19&k_raceDate=2026%2F10%2F02&k_raceNo=9
2026-10-02 19:00:23,18:59,2026-10-02,funabashi,9,5,三連複,3-10-14,649.6,649.6,108,https://www.keiba.go.jp/KeibaWeb/TodayRaceInfo/Odds3LenFuku?k_babaCode=19&k_raceDate=2026%2F10%2F02&k_raceNo=9
2026-10-02 19:00:23,18:59,2026-10-02,funabashi,9,5,三連複,5-13-14,649.6,649.6,108,https://www.keiba.go.jp/KeibaWeb/TodayRaceInfo/Odds3LenFuku?k_babaCode=19&k_raceDate=2026%2F10%2F02&k_raceNo=9
2026-10-02 19:00:23,18:59,2026-10-02,funabashi,9,5,三連複,1-2-6,653.9,653.9,110,https://www.keiba.go.jp/KeibaWeb/TodayRaceInfo/Odds3LenFuku?k_babaCode=19&k_raceDate=2026%2F10%2F02&k_raceNo=9
2026-10-02 19:00:23,18:59,2026-10-02,funabashi,9,5,三連複,3-5-8,667.3,667.3,111,https://www.keiba.go.jp/KeibaWeb/TodayRaceInfo/Odds3LenFuku?k_babaCode=19&k_raceDate=2026%2F10%2F02&k_raceNo=9
2026-10-02 19:00:23,18:59,2026-10-02,funabashi,9,5,三連複,3-9-10,671.8,671.8,112,https://www.keiba.go.jp/KeibaWeb/TodayRaceInfo/Odds3LenFuku?k_babaCode=19&k_raceDate=2026%2F10%2F02&k_raceNo=9
2026-10-02 19:00:23,18:59,2026-10-02,funabashi,9,5,三連複,5-9-13,671.8,671.8,112,https://www.keiba.go.jp/KeibaWeb/TodayRaceInfo/Odds3LenFuku?k_babaCode=19&k_raceDate=2026%2F10%2F02&k_raceNo=9
2026-10-02 19:00:23,18:59,2026-10-02,funabashi,9,5,三連複,6-8-14,685.9,685.9,114,https://www.keiba.go.jp/KeibaWeb/TodayRaceInfo/Odds3LenFuku?k_babaCode=19&k_raceDate=2026%2F10%2F02&k_raceNo=9
2026-10-02 19:00:23,18:59,2026-10-02,funabashi,9,5,三連複,2-3-13,695.6,695.6,115,https://www.keiba.go.jp/KeibaWeb/TodayRaceInfo/Odds3LenFuku?k_babaCode=19&k_raceDate=2026%2F10%2F02&k_raceNo=9
2026-10-02 19:00:23,18:59,2026-10-02,funabashi,9,5,三連複,5-6-12,695.6,695.6,115,https://www.keiba.go.jp/KeibaWeb/TodayRaceInfo/Odds3LenFuku?k_babaCode=19&k_raceDate=2026%2F10%2F02&k_raceNo=9
2026-10-02 19:00:23,18:59,2026-10-02,funabashi,9,5,三連複,3-8-9,700.6,700.6,117,https://www.keiba.go.jp/KeibaWeb/TodayRaceInfo/Odds3LenFuku?k_babaCode=19&k_raceDate=2026%2F10%2F02&k_raceNo=9
2026-10-02 19:00:23,18:59,2026-10-02,funabashi,9,5,三連複,3-8-14,700.6,700.6,117,https://www.keiba.go.jp/KeibaWeb/TodayRaceInfo/Odds3LenFuku?k_babaCode=19&k_raceDate=2026%2F10%2F02&k_raceNo=9
2026-10-02 19:00:23,18:59,2026-10-02,funabashi,9,5,三連複,3-11-13,721.2,721.2,119,https://www.keiba.go.jp/KeibaWeb/TodayRaceInfo/Odds3LenFuku?k_babaCode=19&k_raceDate=2026%2F10%2F02&k_raceNo=9
2026-10-02 19:00:23,18:59,2026-10-02,funabashi,9,5,三連複,2-6-12,726.6,726.6,120,https://www.keiba.go.jp/KeibaWeb/TodayRaceInfo/Odds3LenFuku?k_babaCode=19&k_raceDate=2026%2F10%2F02&k_raceNo=9
2026-10-02 19:00:23,18:59,2026-10-02,funabashi,9,5,三連複,6-10-11,732.0,732.0,121,https://www.keiba.go.jp/KeibaWeb/TodayRaceInfo/Odds3LenFuku?k_babaCode=19&k_raceDate=2026%2F10%2F02&k_raceNo=9
2026-10-02 19:00:23,18:59,2026-10-02,funabashi,9,5,三連複,1-6-14,743.1,743.1,122,https://www.keiba.go.jp/KeibaWeb/TodayRaceInfo/Odds3LenFuku?k_babaCode=19&k_raceDate=2026%2F10%2F02&k_raceNo=9
2026-10-02 19:00:23,18:59,2026-10-02,funabashi,9,5,三連複,11-13-14,748.8,748.8,123,https://www.keiba.go.jp/KeibaWeb/TodayRaceInfo/Odds3LenFuku?k_babaCode=19&k_raceDate=2026%2F10%2F02&k_raceNo=9
2026-10-02 19:00:23,18:59,2026-10-02,funabashi,9,5,三連複,9-11-13,754.5,754.5,124,https://www.keiba.go.jp/KeibaWeb/TodayRaceInfo/Odds3LenFuku?k_babaCode=19&k_raceDate=2026%2F10%2F02&k_raceNo=9
2026-10-02 19:00:23,18:59,2026-10-02,funabashi,9,5,三連複,3-9-12,766.3,766.3,125,https://www.keiba.go.jp/KeibaWeb/TodayRaceInfo/Odds3LenFuku?k_babaCode=19&k_raceDate=2026%2F10%2F02&k_raceNo=9
2026-10-02 19:00:23,18:59,2026-10-02,funabashi,9,5,三連複,1-3-14,784.7,784.7,126,https://www.keiba.go.jp/KeibaWeb/TodayRaceInfo/Odds3LenFuku?k_babaCode=19&k_raceDate=2026%2F10%2F02&k_raceNo=9
2026-10-02 19:00:23,18:59,2026-10-02,funabashi,9,5,三連複,1-2-3,804.0,804.0,127,https://www.keiba.go.jp/KeibaWeb/TodayRaceInfo/Odds3LenFuku?k_babaCode=19&k_raceDate=2026%2F10%2F02&k_raceNo=9
2026-10-02 19:00:23,18:59,2026-10-02,funabashi,9,5,三連複,5-10-14,824.3,824.3,128,https://www.keiba.go.jp/KeibaWeb/TodayRaceInfo/Odds3LenFuku?k_babaCode=19&k_raceDate=2026%2F10%2F02&k_raceNo=9
2026-10-02 19:00:23,18:59,2026-10-02,funabashi,9,5,三連複,1-3-9,860.4,860.4,129,https://www.keiba.go.jp/KeibaWeb/TodayRaceInfo/Odds3LenFuku?k_babaCode=19&k_raceDate=2026%2F10%2F02&k_raceNo=9
2026-10-02 19:00:23,18:59,2026-10-02,funabashi,9,5,三連複,4-6-13,860.4,860.4,129,https://www.keiba.go.jp/KeibaWeb/TodayRaceInfo/Odds3LenFuku?k_babaCode=19&k_raceDate=2026%2F10%2F02&k_raceNo=9
2026-10-02 19:00:23,18:59,2026-10-02,funabashi,9,5,三連複,6-8-11,860.4,860.4,129,https://www.keiba.go.jp/KeibaWeb/TodayRaceInfo/Odds3LenFuku?k_babaCode=19&k_raceDate=2026%2F10%2F02&k_raceNo=9
2026-10-02 19:00:23,18:59,2026-10-02,funabashi,9,5,三連複,1-6-11,875.8,875.8,132,https://www.keiba.go.jp/KeibaWeb/TodayRaceInfo/Odds3LenFuku?k_babaCode=19&k_raceDate=2026%2F10%2F02&k_raceNo=9
2026-10-02 19:00:23,18:59,2026-10-02,funabashi,9,5,三連複,3-10-11,875.8,875.8,132,https://www.keiba.go.jp/KeibaWeb/TodayRaceInfo/Odds3LenFuku?k_babaCode=19&k_raceDate=2026%2F10%2F02&k_raceNo=9
2026-10-02 19:00:23,18:59,2026-10-02,funabashi,9,5,三連複,2-9-13,883.7,883.7,134,https://www.keiba.go.jp/KeibaWeb/TodayRaceInfo/Odds3LenFuku?k_babaCode=19&k_raceDate=2026%2F10%2F02&k_raceNo=9
2026-10-02 19:00:23,18:59,2026-10-02,funabashi,9,5,三連複,6-11-12,883.7,883.7,134,https://www.keiba.go.jp/KeibaWeb/TodayRaceInfo/Odds3LenFuku?k_babaCode=19&k_raceDate=2026%2F10%2F02&k_raceNo=9
2026-10-02 19:00:23,18:59,2026-10-02,funabashi,9,5,三連複,2-3-8,925.4,925.4,136,https://www.keiba.go.jp/KeibaWeb/TodayRaceInfo/Odds3LenFuku?k_babaCode=19&k_raceDate=2026%2F10%2F02&k_raceNo=9
2026-10-02 19:00:23,18:59,2026-10-02,funabashi,9,5,三連複,2-3-10,925.4,925.4,136,https://www.keiba.go.jp/KeibaWeb/TodayRaceInfo/Odds3LenFuku?k_babaCode=19&k_raceDate=2026%2F10%2F02&k_raceNo=9
2026-10-02 19:00:23,18:59,2026-10-02,funabashi,9,5,三連複,3-5-10,925.4,925.4,136,https://www.keiba.go.jp/KeibaWeb/TodayRaceInfo/Odds3LenFuku?k_babaCode=19&k_raceDate=2026%2F10%2F02&k_raceNo=9
2026-10-02 19:00:23,18:59,2026-10-02,funabashi,9,5,三連複,4-7-11,943.2,943.2,139,https://www.keiba.go.jp/KeibaWeb/TodayRaceInfo/Odds3LenFuku?k_babaCode=19&k_raceDate=2026%2F10%2F02&k_raceNo=9
2026-10-02 19:00:23,18:59,2026-10-02,funabashi,9,5,三連複,5-8-14,952.3,952.3,140,https://www.keiba.go.jp/KeibaWeb/TodayRaceInfo/Odds3LenFuku?k_babaCode=19&k_raceDate=2026%2F10%2F02&k_raceNo=9
2026-10-02 19:00:23,18:59,2026-10-02,funabashi,9,5,三連複,1-5-14,971.2,971.2,141,https://www.keiba.go.jp/KeibaWeb/TodayRaceInfo/Odds3LenFuku?k_babaCode=19&k_raceDate=2026%2F10%2F02&k_raceNo=9
2026-10-02 19:00:23,18:59,2026-10-02,funabashi,9,5,三連複,5-8-9,990.8,990.8,142,https://www.keiba.go.jp/KeibaWeb/TodayRaceInfo/Odds3LenFuku?k_babaCode=19&k_raceDate=2026%2F10%2F02&k_raceNo=9
2026-10-02 19:00:23,18:59,2026-10-02,funabashi,9,5,三連複,3-8-11,1032.5,1032.5,143,https://www.keiba.go.jp/KeibaWeb/TodayRaceInfo/Odds3LenFuku?k_babaCode=19&k_raceDate=2026%2F10%2F02&k_raceNo=9
2026-10-02 19:00:23,18:59,2026-10-02,funabashi,9,5,三連複,1-3-5,1066.2,1066.2,144,https://www.keiba.go.jp/KeibaWeb/TodayRaceInfo/Odds3LenFuku?k_babaCode=19&k_raceDate=2026%2F10%2F02&k_raceNo=9
2026-10-02 19:00:23,18:59,2026-10-02,funabashi,9,5,三連複,9-11-12,1077.9,1077.9,145,https://www.keiba.go.jp/KeibaWeb/TodayRaceInfo/Odds3LenFuku?k_babaCode=19&k_raceDate=2026%2F10%2F02&k_raceNo=9
2026-10-02 19:00:23,18:59,2026-10-02,funabashi,9,5,三連複,9-13-14,1077.9,1077.9,145,https://www.keiba.go.jp/KeibaWeb/TodayRaceInfo/Odds3LenFuku?k_babaCode=19&k_raceDate=2026%2F10%2F02&k_raceNo=9
2026-10-02 19:00:23,18:59,2026-10-02,funabashi,9,5,三連複,2-3-12,1089.9,1089.9,147,https://www.keiba.go.jp/KeibaWeb/TodayRaceInfo/Odds3LenFuku?k_babaCode=19&k_raceDate=2026%2F10%2F02&k_raceNo=9
2026-10-02 19:00:23,18:59,2026-10-02,funabashi,9,5,三連複,3-11-12,1102.1,1102.1,148,https://www.keiba.go.jp/KeibaWeb/TodayRaceInfo/Odds3LenFuku?k_babaCode=19&k_raceDate=2026%2F10%2F02&k_raceNo=9
2026-10-02 19:00:23,18:59,2026-10-02,funabashi,9,5,三連複,3-4-13,1114.6,1114.6,149,https://www.keiba.go.jp/KeibaWeb/TodayRaceInfo/Odds3LenFuku?k_babaCode=19&k_raceDate=2026%2F10%2F02&k_raceNo=9
2026-10-02 19:00:23,18:59,2026-10-02,funabashi,9,5,三連複,1-4-6,1140.6,1140.6,150,https://www.keiba.go.jp/KeibaWeb/TodayRaceInfo/Odds3LenFuku?k_babaCode=19&k_raceDate=2026%2F10%2F02&k_raceNo=9
2026-10-02 19:00:23,18:59,2026-10-02,funabashi,9,5,三連複,7-13-14,1154.0,1154.0,151,https://www.keiba.go.jp/KeibaWeb/TodayRaceInfo/Odds3LenFuku?k_babaCode=19&k_raceDate=2026%2F10%2F02&k_raceNo=9
2026-10-02 19:00:23,18:59,2026-10-02,funabashi,9,5,三連複,10-11-14,1154.0,1154.0,151,https://www.keiba.go.jp/KeibaWeb/TodayRaceInfo/Odds3LenFuku?k_babaCode=19&k_raceDate=2026%2F10%2F02&k_raceNo=9
2026-10-02 19:00:23,18:59,2026-10-02,funabashi,9,5,三連複,1-4-14,1167.7,1167.7,153,https://www.keiba.go.jp/KeibaWeb/TodayRaceInfo/Odds3LenFuku?k_babaCode=19&k_raceDate=2026%2F10%2F02&k_raceNo=9
2026-10-02 19:00:23,18:59,2026-10-02,funabashi,9,5,三連複,6-12-14,1167.7,1167.7,153,https://www.keiba.go.jp/KeibaWeb/TodayRaceInfo/Odds3LenFuku?k_babaCode=19&k_raceDate=2026%2F10%2F02&k_raceNo=9
2026-10-02 19:00:23,18:59,2026-10-02,funabashi,9,5,三連複,5-11-13,1181.8,1181.8,155,https://www.keiba.go.jp/KeibaWeb/TodayRaceInfo/Odds3LenFuku?k_babaCode=19&k_raceDate=2026%2F10%2F02&k_raceNo=9
2026-10-02 19:00:23,18:59,2026-10-02,funabashi,9,5,三連複,4-6-10,1196.2,1196.2,156,https://www.keiba.go.jp/KeibaWeb/TodayRaceInfo/Odds3LenFuku?k_babaCode=19&k_raceDate=2026%2F10%2F02&k_raceNo=9
2026-10-02 19:00:23,18:59,2026-10-02,funabashi,9,5,三連複,2-8-9,1211.0,1211.0,157,https://www.keiba.go.jp/KeibaWeb/TodayRaceInfo/Odds3LenFuku?k_babaCode=19&k_raceDate=2026%2F10%2F02&k_raceNo=9
2026-10-02 19:00:23,18:59,2026-10-02,funabashi,9,5,三連複,2-11-13,1211.0,1211.0,157,https://www.keiba.go.jp/KeibaWeb/TodayRaceInfo/Odds3LenFuku?k_babaCode=19&k_raceDate=2026%2F10%2F02&k_raceNo=9
2026-10-02 19:00:23,18:59,2026-10-02,funabashi,9,5,三連複,4-13-14,1211.0,1211.0,157,https://www.keiba.go.jp/KeibaWeb/TodayRaceInfo/Odds3LenFuku?k_babaCode=19&k_raceDate=2026%2F10%2F02&k_raceNo=9
2026-10-02 19:00:23,18:59,2026-10-02,funabashi,9,5,三連複,5-9-10,1211.0,1211.0,157,https://www.keiba.go.jp/KeibaWeb/TodayRaceInfo/Odds3LenFuku?k_babaCode=19&k_raceDate=2026%2F10%2F02&k_raceNo=9
2026-10-02 19:00:23,18:59,2026-10-02,funabashi,9,5,三連複,2-9-10,1226.1,1226.1,161,https://www.keiba.go.jp/KeibaWeb/TodayRaceInfo/Odds3LenFuku?k_babaCode=19&k_raceDate=2026%2F10%2F02&k_raceNo=9
2026-10-02 19:00:23,18:59,2026-10-02,funabashi,9,5,三連複,4-10-14,1226.1,1226.1,161,https://www.keiba.go.jp/KeibaWeb/TodayRaceInfo/Odds3LenFuku?k_babaCode=19&k_raceDate=2026%2F10%2F02&k_raceNo=9
2026-10-02 19:00:23,18:59,2026-10-02,funabashi,9,5,三連複,8-11-14,1241.6,1241.6,163,https://www.keiba.go.jp/KeibaWeb/TodayRaceInfo/Odds3LenFuku?k_babaCode=19&k_raceDate=2026%2F10%2F02&k_raceNo=9
2026-10-02 19:00:23,18:59,2026-10-02,funabashi,9,5,三連複,1-3-11,1273.9,1273.9,164,https://www.keiba.go.jp/KeibaWeb/TodayRaceInfo/Odds3LenFuku?k_babaCode=19&k_raceDate=2026%2F10%2F02&k_raceNo=9
2026-10-02 19:00:23,18:59,2026-10-02,funabashi,9,5,三連複,3-5-12,1273.9,1273.9,164,https://www.keiba.go.jp/KeibaWeb/TodayRaceInfo/Odds3LenFuku?k_babaCode=19&k_raceDate=2026%2F10%2F02&k_raceNo=9
2026-10-02 19:00:23,18:59,2026-10-02,funabashi,9,5,三連複,6-7-8,1362.4,1362.4,166,https://www.keiba.go.jp/KeibaWeb/TodayRaceInfo/Odds3LenFuku?k_babaCode=19&k_raceDate=2026%2F10%2F02&k_raceNo=9
2026-10-02 19:00:23,18:59,2026-10-02,funabashi,9,5,三連複,3-7-13,1381.5,1381.5,167,https://www.keiba.go.jp/KeibaWeb/TodayRaceInfo/Odds3LenFuku?k_babaCode=19&k_raceDate=2026%2F10%2F02&k_raceNo=9
2026-10-02 19:00:23,18:59,2026-10-02,funabashi,9,5,三連複,5-9-12,1381.5,1381.5,167,https://www.keiba.go.jp/KeibaWeb/TodayRaceInfo/Odds3LenFuku?k_babaCode=19&k_raceDate=2026%2F10%2F02&k_raceNo=9
2026-10-02 19:00:23,18:59,2026-10-02,funabashi,9,5,三連複,1-3-4,1401.3,1401.3,169,https://www.keiba.go.jp/KeibaWeb/TodayRaceInfo/Odds3LenFuku?k_babaCode=19&k_raceDate=2026%2F10%2F02&k_raceNo=9
2026-10-02 19:00:23,18:59,2026-10-02,funabashi,9,5,三連複,6-7-10,1401.3,1401.3,169,https://www.keiba.go.jp/KeibaWeb/TodayRaceInfo/Odds3LenFuku?k_babaCode=19&k_raceDate=2026%2F10%2F02&k_raceNo=9
2026-10-02 19:00:23,18:59,2026-10-02,funabashi,9,5,三連複,1-11-14,1421.6,1421.6,171,https://www.keiba.go.jp/KeibaWeb/TodayRaceInfo/Odds3LenFuku?k_babaCode=19&k_raceDate=2026%2F10%2F02&k_raceNo=9
2026-10-02 19:00:23,18:59,2026-10-02,funabashi,9,5,三連複,2-5-12,1421.6,1421.6,171,https://www.keiba.go.jp/KeibaWeb/TodayRaceInfo/Odds3LenFuku?k_babaCode=19&k_raceDate=2026%2F10%2F02&k_raceNo=9
2026-10-02 19:00:23,18:59,2026-10-02,funabashi,9,5,三連複,2-5-13,1421.6,1421.6,171,https://www.keiba.go.jp/KeibaWeb/TodayRaceInfo/Odds3LenFuku?k_babaCode=19&k_raceDate=2026%2F10%2F02&k_raceNo=9
2026-10-02 19:00:23,18:59,2026-10-02,funabashi,9,5,三連複,4-6-8,1421.6,1421.6,171,https://www.keiba.go.jp/KeibaWeb/TodayRaceInfo/Odds3LenFuku?k_babaCode=19&k_raceDate=2026%2F10%2F02&k_raceNo=9
2026-10-02 19:00:23,18:59,2026-10-02,funabashi,9,5,三連複,4-8-14,1421.6,1421.6,171,https://www.keiba.go.jp/KeibaWeb/TodayRaceInfo/Odds3LenFuku?k_babaCode=19&k_raceDate=2026%2F10%2F02&k_raceNo=9
2026-10-02 19:00:23,18:59,2026-10-02,funabashi,9,5,三連複,9-10-11,1421.6,1421.6,171,https://www.keiba.go.jp/KeibaWeb/TodayRaceInfo/Odds3LenFuku?k_babaCode=19&k_raceDate=2026%2F10%2F02&k_raceNo=9
2026-10-02 19:00:23,18:59,2026-10-02,funabashi,9,5,三連複,1-6-7,1442.5,1442.5,177,https://www.keiba.go.jp/KeibaWeb/TodayRaceInfo/Odds3LenFuku?k_babaCode=19&k_raceDate=2026%2F10%2F02&k_raceNo=9
2026-10-02 19:00:23,18:59,2026-10-02,funabashi,9,5,三連複,7-10-14,1464.0,1464.0,178,https://www.keiba.go.jp/KeibaWeb/TodayRaceInfo/Odds3LenFuku?k_babaCode=19&k_raceDate=2026%2F10%2F02&k_raceNo=9
2026-10-02 19:00:23,18:59,2026-10-02,funabashi,9,5,三連複,1-4-5,1509.1,1509.1,179,https://www.keiba.go.jp/KeibaWeb/TodayRaceInfo/Odds3LenFuku?k_babaCode=19&k_raceDate=2026%2F10%2F02&k_raceNo=9
2026-10-02 19:00:23,18:59,2026-10-02,funabashi,9,5,三連複,2-5-10,1509.1,1509.1,179,https://www.keiba.go.jp/KeibaWeb/TodayRaceInfo/Odds3LenFuku?k_babaCode=19&k_raceDate=2026%2F10%2F02&k_raceNo=9
2026-10-02 19:00:23,18:59,2026-10-02,funabashi,9,5,三連複,4-9-13,1509.1,1509.1,179,https://www.keiba.go.jp/KeibaWeb/TodayRaceInfo/Odds3LenFuku?k_babaCode=19&k_raceDate=2026%2F10%2F02&k_raceNo=9
2026-10-02 19:00:23,18:59,2026-10-02,funabashi,9,5,三連複,7-8-14,1509.1,1509.1,179,https://www.keiba.go.jp/KeibaWeb/TodayRaceInfo/Odds3LenFuku?k_babaCode=19&k_raceDate=2026%2F10%2F02&k_raceNo=9
2026-10-02 19:00:23,18:59,2026-10-02,funabashi,9,5,三連複,1-5-9,1532.7,1532.7,183,https://www.keiba.go.jp/KeibaWeb/TodayRaceInfo/Odds3LenFuku?k_babaCode=19&k_raceDate=2026%2F10%2F02&k_raceNo=9
2026-10-02 19:00:23,18:59,2026-10-02,funabashi,9,5,三連複,1-7-14,1532.7,1532.7,183,https://www.keiba.go.jp/KeibaWeb/TodayRaceInfo/Odds3LenFuku?k_babaCode=19&k_raceDate=2026%2F10%2F02&k_raceNo=9
2026-10-02 19:00:23,18:59,2026-10-02,funabashi,9,5,三連複,1-9-11,1582.1,1582.1,185,https://www.keiba.go.jp/KeibaWeb/TodayRaceInfo/Odds3LenFuku?k_babaCode=19&k_raceDate=2026%2F10%2F02&k_raceNo=9
2026-10-02 19:00:23,18:59,2026-10-02,funabashi,9,5,三連複,2-5-8,1608.0,1608.0,186,https://www.keiba.go.jp/KeibaWeb/TodayRaceInfo/Odds3LenFuku?k_babaCode=19&k_raceDate=2026%2F10%2F02&k_raceNo=9
2026-10-02 19:00:23,18:59,2026-10-02,funabashi,9,5,三連複,1-2-5,1634.8,1634.8,187,https://www.keiba.go.jp/KeibaWeb/TodayRaceInfo/Odds3LenFuku?k_babaCode=19&k_raceDate=2026%2F10%2F02&k_raceNo=9
2026-10-02 19:00:23,18:59,2026-10-02,funabashi,9,5,三連複,1-2-11,1634.8,1634.8,187,https://www.keiba.go.jp/KeibaWeb/TodayRaceInfo/Odds3LenFuku?k_babaCode=19&k_raceDate=2026%2F10%2F02&k_raceNo=9
2026-10-02 19:00:23,18:59,2026-10-02,funabashi,9,5,三連複,3-12-14,1634.8,1634.8,187,https://www.keiba.go.jp/KeibaWeb/TodayRaceInfo/Odds3LenFuku?k_babaCode=19&k_raceDate=2026%2F10%2F02&k_raceNo=9
2026-10-02 19:00:23,18:59,2026-10-02,funabashi,9,5,三連複,5-12-14,1634.8,1634.8,187,https://www.keiba.go.jp/KeibaWeb/TodayRaceInfo/Odds3LenFuku?k_babaCode=19&k_raceDate=2026%2F10%2F02&k_raceNo=9
2026-10-02 19:00:23,18:59,2026-10-02,funabashi,9,5,三連複,9-10-14,1634.8,1634.8,187,https://www.keiba.go.jp/KeibaWeb/TodayRaceInfo/Odds3LenFuku?k_babaCode=19&k_raceDate=2026%2F10%2F02&k_raceNo=9
2026-10-02 19:00:23,18:59,2026-10-02,funabashi,9,5,三連複,1-2-9,1662.5,1662.5,192,https://www.keiba.go.jp/KeibaWeb/TodayRaceInfo/Odds3LenFuku?k_babaCode=19&k_raceDate=2026%2F10%2F02&k_raceNo=9
2026-10-02 19:00:23,18:59,2026-10-02,funabashi,9,5,三連複,1-10-14,1720.9,1720.9,193,https://www.keiba.go.jp/KeibaWeb/TodayRaceInfo/Odds3LenFuku?k_babaCode=19&k_raceDate=2026%2F10%2F02&k_raceNo=9
2026-10-02 19:00:23,18:59,2026-10-02,funabashi,9,5,三連複,2-11-12,1720.9,1720.9,193,https://www.keiba.go.jp/KeibaWeb/TodayRaceInfo/Odds3LenFuku?k_babaCode=19&k_raceDate=2026%2F10%2F02&k_raceNo=9
2026-10-02 19:00:23,18:59,2026-10-02,funabashi,9,5,三連複,4-5-13,1720.9,1720.9,193,https://www.keiba.go.jp/KeibaWeb/TodayRaceInfo/Odds3LenFuku?k_babaCode=19&k_raceDate=2026%2F10%2F02&k_raceNo=9
2026-10-02 19:00:23,18:59,2026-10-02,funabashi,9,5,三連複,10-13-14,1720.9,1720.9,193,https://www.keiba.go.jp/KeibaWeb/TodayRaceInfo/Odds3LenFuku?k_babaCode=19&k_raceDate=2026%2F10%2F02&k_raceNo=9
2026-10-02 19:00:23,18:59,2026-10-02,funabashi,9,5,三連複,1-2-4,1751.6,1751.6,197,https://www.keiba.go.jp/KeibaWeb/TodayRaceInfo/Odds3LenFuku?k_babaCode=19&k_raceDate=2026%2F10%2F02&k_raceNo=9
2026-10-02 19:00:23,18:59,2026-10-02,funabashi,9,5,三連複,3-4-8,1751.6,1751.6,197,https://www.keiba.go.jp/KeibaWeb/TodayRaceInfo/Odds3LenFuku?k_babaCode=19&k_raceDate=2026%2F10%2F02&k_raceNo=9
2026-10-02 19:00:23,18:59,2026-10-02,funabashi,9,5,三連複,3-4-10,1751.6,1751.6,197,https://www.keiba.go.jp/KeibaWeb/TodayRaceInfo/Odds3LenFuku?k_babaCode=19&k_raceDate=2026%2F10%2F02&k_raceNo=9
2026-10-02 19:00:23,18:59,2026-10-02,funabashi,9,5,三連複,4-6-12,1751.6,1751.6,197,https://www.keiba.go.jp/KeibaWeb/TodayRaceInfo/Odds3LenFuku?k_babaCode=19&k_raceDate=2026%2F10%2F02&k_raceNo=9
2026-10-02 19:00:23,18:59,2026-10-02,funabashi,9,5,三連複,11-12-14,1751.6,1751.6,197,https://www.keiba.go.jp/KeibaWeb/TodayRaceInfo/Odds3LenFuku?k_babaCode=19&k_raceDate=2026%2F10%2F02&k_raceNo=9
2026-10-02 19:00:23,18:59,2026-10-02,funabashi,9,5,三連複,2-9-12,1783.5,1783.5,202,https://www.keiba.go.jp/KeibaWeb/TodayRaceInfo/Odds3LenFuku?k_babaCode=19&k_raceDate=2026%2F10%2F02&k_raceNo=9
2026-10-02 19:00:23,18:59,2026-10-02,funabashi,9,5,三連複,5-11-12,1816.5,1816.5,203,https://www.keiba.go.jp/KeibaWeb/TodayRaceInfo/Odds3LenFuku?k_babaCode=19&k_raceDate=2026%2F10%2F02&k_raceNo=9
2026-10-02 19:00:23,18:59,2026-10-02,funabashi,9,5,三連複,6-7-12,1816.5,1816.5,203,https://www.keiba.go.jp/KeibaWeb/TodayRaceInfo/Odds3LenFuku?k_babaCode=19&k_raceDate=2026%2F10%2F02&k_raceNo=9
2026-10-02 19:00:23,18:59,2026-10-02,funabashi,9,5,三連複,2-13-14,1850.8,1850.8,205,https://www.keiba.go.jp/KeibaWeb/TodayRaceInfo/Odds3LenFuku?k_babaCode=19&k_raceDate=2026%2F10%2F02&k_raceNo=9
2026-10-02 19:00:23,18:59,2026-10-02,funabashi,9,5,三連複,5-8-11,1850.8,1850.8,205,https://www.keiba.go.jp/KeibaWeb/TodayRaceInfo/Odds3LenFuku?k_babaCode=19&k_raceDate=2026%2F10%2F02&k_raceNo=9
2026-10-02 19:00:23,18:59,2026-10-02,funabashi,9,5,三連複,1-9-14,1886.4,1886.4,207,https://www.keiba.go.jp/KeibaWeb/TodayRaceInfo/Odds3LenFuku?k_babaCode=19&k_raceDate=2026%2F10%2F02&k_raceNo=9
2026-10-02 19:00:23,18:59,2026-10-02,funabashi,9,5,三連複,1-13-14,1923.3,1923.3,208,https://www.keiba.go.jp/KeibaWeb/TodayRaceInfo/Odds3LenFuku?k_babaCode=19&k_raceDate=2026%2F10%2F02&k_raceNo=9
2026-10-02 19:00:23,18:59,2026-10-02,funabashi,9,5,三連複,2-10-11,1923.3,1923.3,208,https://www.keiba.go.jp/KeibaWeb/TodayRaceInfo/Odds3LenFuku?k_babaCode=19&k_raceDate=2026%2F10%2F02&k_raceNo=9
2026-10-02 19:00:23,18:59,2026-10-02,funabashi,9,5,三連複,1-8-14,1961.8,1961.8,210,https://www.keiba.go.jp/KeibaWeb/TodayRaceInfo/Odds3LenFuku?k_babaCode=19&k_raceDate=2026%2F10%2F02&k_raceNo=9
2026-10-02 19:00:23,18:59,2026-10-02,funabashi,9,5,三連複,8-13-14,1961.8,1961.8,210,https://www.keiba.go.jp/KeibaWeb/TodayRaceInfo/Odds3LenFuku?k_babaCode=19&k_raceDate=2026%2F10%2F02&k_raceNo=9
2026-10-02 19:00:23,18:59,2026-10-02,funabashi,9,5,三連複,1-5-11,2001.9,2001.9,212,https://www.keiba.go.jp/KeibaWeb/TodayRaceInfo/Odds3LenFuku?k_babaCode=19&k_raceDate=2026%2F10%2F02&k_raceNo=9
2026-10-02 19:00:23,18:59,2026-10-02,funabashi,9,5,三連複,2-4-8,2001.9,2001.9,212,https://www.keiba.go.jp/KeibaWeb/TodayRaceInfo/Odds3LenFuku?k_babaCode=19&k_raceDate=2026%2F10%2F02&k_raceNo=9
2026-10-02 19:00:23,18:59,2026-10-02,funabashi,9,5,三連複,2-7-13,2001.9,2001.9,212,https://www.keiba.go.jp/KeibaWeb/TodayRaceInfo/Odds3LenFuku?k_babaCode=19&k_raceDate=2026%2F10%2F02&k_raceNo=9
2026-10-02 19:00:23,18:59,2026-10-02,funabashi,9,5,三連複,8-9-11,2001.9,2001.9,212,https://www.keiba.go.jp/KeibaWeb/TodayRaceInfo/Odds3LenFuku?k_babaCode=19&k_raceDate=2026%2F10%2F02&k_raceNo=9
2026-10-02 19:00:23,18:59,2026-10-02,funabashi,9,5,三連複,7-9-13,2043.6,2043.6,216,https://www.keiba.go.jp/KeibaWeb/TodayRaceInfo/Odds3LenFuku?k_babaCode=19&k_raceDate=2026%2F10%2F02&k_raceNo=9
2026-10-02 19:00:23,18:59,2026-10-02,funabashi,9,5,三連複,8-10-14,2043.6,2043.6,216,https://www.keiba.go.jp/KeibaWeb/TodayRaceInfo/Odds3LenFuku?k_babaCode=19&k_raceDate=2026%2F10%2F02&k_raceNo=9
2026-10-02 19:00:23,18:59,2026-10-02,funabashi,9,5,三連複,9-12-14,2087.0,2087.0,218,https://www.keiba.go.jp/KeibaWeb/TodayRaceInfo/Odds3LenFuku?k_babaCode=19&k_raceDate=2026%2F10%2F02&k_raceNo=9
2026-10-02 19:00:23,18:59,2026-10-02,funabashi,9,5,三連複,8-9-14,2132.4,2132.4,219,https://www.keiba.go.jp/KeibaWeb/TodayRaceInfo/Odds3LenFuku?k_babaCode=19&k_raceDate=2026%2F10%2F02&k_raceNo=9
2026-10-02 19:00:23,18:59,2026-10-02,funabashi,9,5,三連複,4-8-9,2179.8,2179.8,220,https://www.keiba.go.jp/KeibaWeb/TodayRaceInfo/Odds3LenFuku?k_babaCode=19&k_raceDate=2026%2F10%2F02&k_raceNo=9
2026-10-02 19:00:23,18:59,2026-10-02,funabashi,9,5,三連複,1-2-7,2281.2,2281.2,221,https://www.keiba.go.jp/KeibaWeb/TodayRaceInfo/Odds3LenFuku?k_babaCode=19&k_raceDate=2026%2F10%2F02&k_raceNo=9
2026-10-02 19:00:23,18:59,2026-10-02,funabashi,9,5,三連複,4-5-8,2281.2,2281.2,221,https://www.keiba.go.jp/KeibaWeb/TodayRaceInfo/Odds3LenFuku?k_babaCode=19&k_raceDate=2026%2F10%2F02&k_raceNo=9
2026-10-02 19:00:23,18:59,2026-10-02,funabashi,9,5,三連複,5-7-13,2281.2,2281.2,221,https://www.keiba.go.jp/KeibaWeb/TodayRaceInfo/Odds3LenFuku?k_babaCode=19&k_raceDate=2026%2F10%2F02&k_raceNo=9
2026-10-02 19:00:23,18:59,2026-10-02,funabashi,9,5,三連複,3-7-10,2335.5,2335.5,224,https://www.keiba.go.jp/KeibaWeb/TodayRaceInfo/Odds3LenFuku?k_babaCode=19&k_raceDate=2026%2F10%2F02&k_raceNo=9
2026-10-02 19:00:23,18:59,2026-10-02,funabashi,9,5,三連複,1-4-9,2392.5,2392.5,225,https://www.keiba.go.jp/KeibaWeb/TodayRaceInfo/Odds3LenFuku?k_babaCode=19&k_raceDate=2026%2F10%2F02&k_raceNo=9
2026-10-02 19:00:23,18:59,2026-10-02,funabashi,9,5,三連複,5-10-11,2392.5,2392.5,225,https://www.keiba.go.jp/KeibaWeb/TodayRaceInfo/Odds3LenFuku?k_babaCode=19&k_raceDate=2026%2F10%2F02&k_raceNo=9
2026-10-02 19:00:23,18:59,2026-10-02,funabashi,9,5,三連複,3-4-12,2515.2,2515.2,227,https://www.keiba.go.jp/KeibaWeb/TodayRaceInfo/Odds3LenFuku?k_babaCode=19&k_raceDate=2026%2F10%2F02&k_raceNo=9
2026-10-02 19:00:23,18:59,2026-10-02,funabashi,9,5,三連複,1-4-7,2581.4,2581.4,228,https://www.keiba.go.jp/KeibaWeb/TodayRaceInfo/Odds3LenFuku?k_babaCode=19&k_raceDate=2026%2F10%2F02&k_raceNo=9
2026-10-02 19:00:23,18:59,2026-10-02,funabashi,9,5,三連複,2-7-10,2581.4,2581.4,228,https://www.keiba.go.jp/KeibaWeb/TodayRaceInfo/Odds3LenFuku?k_babaCode=19&k_raceDate=2026%2F10%2F02&k_raceNo=9
2026-10-02 19:00:23,18:59,2026-10-02,funabashi,9,5,三連複,2-10-14,2581.4,2581.4,228,https://www.keiba.go.jp/KeibaWeb/TodayRaceInfo/Odds3LenFuku?k_babaCode=19&k_raceDate=2026%2F10%2F02&k_raceNo=9
2026-10-02 19:00:23,18:59,2026-10-02,funabashi,9,5,三連複,7-8-9,2581.4,2581.4,228,https://www.keiba.go.jp/KeibaWeb/TodayRaceInfo/Odds3LenFuku?k_babaCode=19&k_raceDate=2026%2F10%2F02&k_raceNo=9
2026-10-02 19:00:23,18:59,2026-10-02,funabashi,9,5,三連複,1-3-7,2651.1,2651.1,232,https://www.keiba.go.jp/KeibaWeb/TodayRaceInfo/Odds3LenFuku?k_babaCode=19&k_raceDate=2026%2F10%2F02&k_raceNo=9
2026-10-02 19:00:23,18:59,2026-10-02,funabashi,9,5,三連複,1-5-7,2651.1,2651.1,232,https://www.keiba.go.jp/KeibaWeb/TodayRaceInfo/Odds3LenFuku?k_babaCode=19&k_raceDate=2026%2F10%2F02&k_raceNo=9
2026-10-02 19:00:23,18:59,2026-10-02,funabashi,9,5,三連複,2-8-11,2651.1,2651.1,232,https://www.keiba.go.jp/KeibaWeb/TodayRaceInfo/Odds3LenFuku?k_babaCode=19&k_raceDate=2026%2F10%2F02&k_raceNo=9
2026-10-02 19:00:23,18:59,2026-10-02,funabashi,9,5,三連複,7-9-10,2651.1,2651.1,232,https://www.keiba.go.jp/KeibaWeb/TodayRaceInfo/Odds3LenFuku?k_babaCode=19&k_raceDate=2026%2F10%2F02&k_raceNo=9
2026-10-02 19:00:23,18:59,2026-10-02,funabashi,9,5,三連複,1-3-8,2724.8,2724.8,236,https://www.keiba.go.jp/KeibaWeb/TodayRaceInfo/Odds3LenFuku?k_babaCode=19&k_raceDate=2026%2F10%2F02&k_raceNo=9
2026-10-02 19:00:23,18:59,2026-10-02,funabashi,9,5,三連複,4-5-10,2724.8,2724.8,236,https://www.keiba.go.jp/KeibaWeb/TodayRaceInfo/Odds3LenFuku?k_babaCode=19&k_raceDate=2026%2F10%2F02&k_raceNo=9
2026-10-02 19:00:23,18:59,2026-10-02,funabashi,9,5,三連複,11-12-13,2724.8,2724.8,236,https://www.keiba.go.jp/KeibaWeb/TodayRaceInfo/Odds3LenFuku?k_babaCode=19&k_raceDate=2026%2F10%2F02&k_raceNo=9
2026-10-02 19:00:23,18:59,2026-10-02,funabashi,9,5,三連複,2-4-10,2802.6,2802.6,239,https://www.keiba.go.jp/KeibaWeb/TodayRaceInfo/Odds3LenFuku?k_babaCode=19&k_raceDate=2026%2F10%2F02&k_raceNo=9
2026-10-02 19:00:23,18:59,2026-10-02,funabashi,9,5,三連複,2-12-14,2802.6,2802.6,239,https://www.keiba.go.jp/KeibaWeb/TodayRaceInfo/Odds3LenFuku?k_babaCode=19&k_raceDate=2026%2F10%2F02&k_raceNo=9
2026-10-02 19:00:23,18:59,2026-10-02,funabashi,9,5,三連複,4-9-10,2802.6,2802.6,239,https://www.keiba.go.jp/KeibaWeb/TodayRaceInfo/Odds3LenFuku?k_babaCode=19&k_raceDate=2026%2F10%2F02&k_raceNo=9
2026-10-02 19:00:23,18:59,2026-10-02,funabashi,9,5,三連複,1-2-14,2972.5,2972.5,242,https://www.keiba.go.jp/KeibaWeb/TodayRaceInfo/Odds3LenFuku?k_babaCode=19&k_raceDate=2026%2F10%2F02&k_raceNo=9
2026-10-02 19:00:23,18:59,2026-10-02,funabashi,9,5,三連複,7-11-13,2972.5,2972.5,242,https://www.keiba.go.jp/KeibaWeb/TodayRaceInfo/Odds3LenFuku?k_babaCode=19&k_raceDate=2026%2F10%2F02&k_raceNo=9
2026-10-02 19:00:23,18:59,2026-10-02,funabashi,9,5,三連複,1-4-11,3065.4,3065.4,244,https://www.keiba.go.jp/KeibaWeb/TodayRaceInfo/Odds3LenFuku?k_babaCode=19&k_raceDate=2026%2F10%2F02&k_raceNo=9
2026-10-02 19:00:23,18:59,2026-10-02,funabashi,9,5,三連複,2-4-13,3065.4,3065.4,244,https://www.keiba.go.jp/KeibaWeb/TodayRaceInfo/Odds3LenFuku?k_babaCode=19&k_raceDate=2026%2F10%2F02&k_raceNo=9
2026-10-02 19:00:23,18:59,2026-10-02,funabashi,9,5,三連複,4-5-12,3065.4,3065.4,244,https://www.keiba.go.jp/KeibaWeb/TodayRaceInfo/Odds3LenFuku?k_babaCode=19&k_raceDate=2026%2F10%2F02&k_raceNo=9
2026-10-02 19:00:23,18:59,2026-10-02,funabashi,9,5,三連複,1-3-13,3164.2,3164.2,247,https://www.keiba.go.jp/KeibaWeb/TodayRaceInfo/Odds3LenFuku?k_babaCode=19&k_raceDate=2026%2F10%2F02&k_raceNo=9
2026-10-02 19:00:23,18:59,2026-10-02,funabashi,9,5,三連複,2-7-8,3164.2,3164.2,247,https://www.keiba.go.jp/KeibaWeb/TodayRaceInfo/Odds3LenFuku?k_babaCode=19&k_raceDate=2026%2F10%2F02&k_raceNo=9
2026-10-02 19:00:23,18:59,2026-10-02,funabashi,9,5,三連複,4-11-13,3164.2,3164.2,247,https://www.keiba.go.jp/KeibaWeb/TodayRaceInfo/Odds3LenFuku?k_babaCode=19&k_raceDate=2026%2F10%2F02&k_raceNo=9
2026-10-02 19:00:23,18:59,2026-10-02,funabashi,9,5,三連複,6-12-13,3164.2,3164.2,247,https://www.keiba.go.jp/KeibaWeb/TodayRaceInfo/Odds3LenFuku?k_babaCode=19&k_raceDate=2026%2F10%2F02&k_raceNo=9
2026-10-02 19:00:23,18:59,2026-10-02,funabashi,9,5,三連複,3-7-8,3269.7,3269.7,251,https://www.keiba.go.jp/KeibaWeb/TodayRaceInfo/Odds3LenFuku?k_babaCode=19&k_raceDate=2026%2F10%2F02&k_raceNo=9
2026-10-02 19:00:23,18:59,2026-10-02,funabashi,9,5,三連複,2-8-14,3382.5,3382.5,252,https://www.keiba.go.jp/KeibaWeb/TodayRaceInfo/Odds3LenFuku?k_babaCode=19&k_raceDate=2026%2F10%2F02&k_raceNo=9
2026-10-02 19:00:23,18:59,2026-10-02,funabashi,9,5,三連複,4-9-12,3382.5,3382.5,252,https://www.keiba.go.jp/KeibaWeb/TodayRaceInfo/Odds3LenFuku?k_babaCode=19&k_raceDate=2026%2F10%2F02&k_raceNo=9
2026-10-02 19:00:23,18:59,2026-10-02,funabashi,9,5,三連複,5-7-10,3382.5,3382.5,252,https://www.keiba.go.jp/KeibaWeb/TodayRaceInfo/Odds3LenFuku?k_babaCode=19&k_raceDate=2026%2F10%2F02&k_raceNo=9
2026-10-02 19:00:23,18:59,2026-10-02,funabashi,9,5,三連複,6-10-13,3382.5,3382.5,252,https://www.keiba.go.jp/KeibaWeb/TodayRaceInfo/Odds3LenFuku?k_babaCode=19&k_raceDate=2026%2F10%2F02&k_raceNo=9
2026-10-02 19:00:23,18:59,2026-10-02,funabashi,9,5,三連複,7-9-12,3382.5,3382.5,252,https://www.keiba.go.jp/KeibaWeb/TodayRaceInfo/Odds3LenFuku?k_babaCode=19&k_raceDate=2026%2F10%2F02&k_raceNo=9
2026-10-02 19:00:23,18:59,2026-10-02,funabashi,9,5,三連複,1-6-10,3503.3,3503.3,257,https://www.keiba.go.jp/KeibaWeb/TodayRaceInfo/Odds3LenFuku?k_babaCode=19&k_raceDate=2026%2F10%2F02&k_raceNo=9
2026-10-02 19:00:23,18:59,2026-10-02,funabashi,9,5,三連複,1-6-13,3503.3,3503.3,257,https://www.keiba.go.jp/KeibaWeb/TodayRaceInfo/Odds3LenFuku?k_babaCode=19&k_raceDate=2026%2F10%2F02&k_raceNo=9
2026-10-02 19:00:23,18:59,2026-10-02,funabashi,9,5,三連複,1-7-9,3503.3,3503.3,257,https://www.keiba.go.jp/KeibaWeb/TodayRaceInfo/Odds3LenFuku?k_babaCode=19&k_raceDate=2026%2F10%2F02&k_raceNo=9
2026-10-02 19:00:23,18:59,2026-10-02,funabashi,9,5,三連複,5-7-12,3503.3,3503.3,257,https://www.keiba.go.jp/KeibaWeb/TodayRaceInfo/Odds3LenFuku?k_babaCode=19&k_raceDate=2026%2F10%2F02&k_raceNo=9
2026-10-02 19:00:23,18:59,2026-10-02,funabashi,9,5,三連複,4-8-11,3633.0,3633.0,261,https://www.keiba.go.jp/KeibaWeb/TodayRaceInfo/Odds3LenFuku?k_babaCode=19&k_raceDate=2026%2F10%2F02&k_raceNo=9
2026-10-02 19:00:23,18:59,2026-10-02,funabashi,9,5,三連複,6-8-10,3633.0,3633.0,261,https://www.keiba.go.jp/KeibaWeb/TodayRaceInfo/Odds3LenFuku?k_babaCode=19&k_raceDate=2026%2F10%2F02&k_raceNo=9
2026-10-02 19:00:23,18:59,2026-10-02,funabashi,9,5,三連複,7-12-14,3633.0,3633.0,261,https://www.keiba.go.jp/KeibaWeb/TodayRaceInfo/Odds3LenFuku?k_babaCode=19&k_raceDate=2026%2F10%2F02&k_raceNo=9
2026-10-02 19:00:23,18:59,2026-10-02,funabashi,9,5,三連複,3-12-13,3772.8,3772.8,264,https://www.keiba.go.jp/KeibaWeb/TodayRaceInfo/Odds3LenFuku?k_babaCode=19&k_raceDate=2026%2F10%2F02&k_raceNo=9
2026-10-02 19:00:23,18:59,2026-10-02,funabashi,9,5,三連複,4-12-14,3772.8,3772.8,264,https://www.keiba.go.jp/KeibaWeb/TodayRaceInfo/Odds3LenFuku?k_babaCode=19&k_raceDate=2026%2F10%2F02&k_raceNo=9
2026-10-02 19:00:23,18:59,2026-10-02,funabashi,9,5,三連複,5-7-8,3923.7,3923.7,266,https://www.keiba.go.jp/KeibaWeb/TodayRaceInfo/Odds3LenFuku?k_babaCode=19&k_raceDate=2026%2F10%2F02&k_raceNo=9
2026-10-02 19:00:23,18:59,2026-10-02,funabashi,9,5,三連複,1-2-10,4087.2,4087.2,267,https://www.keiba.go.jp/KeibaWeb/TodayRaceInfo/Odds3LenFuku?k_babaCode=19&k_raceDate=2026%2F10%2F02&k_raceNo=9
2026-10-02 19:00:23,18:59,2026-10-02,funabashi,9,5,三連複,2-7-12,4087.2,4087.2,267,https://www.keiba.go.jp/KeibaWeb/TodayRaceInfo/Odds3LenFuku?k_babaCode=19&k_raceDate=2026%2F10%2F02&k_raceNo=9
2026-10-02 19:00:23,18:59,2026-10-02,funabashi,9,5,三連複,3-7-12,4087.2,4087.2,267,https://www.keiba.go.jp/KeibaWeb/TodayRaceInfo/Odds3LenFuku?k_babaCode=19&k_raceDate=2026%2F10%2F02&k_raceNo=9
2026-10-02 19:00:23,18:59,2026-10-02,funabashi,9,5,三連複,7-10-11,4087.2,4087.2,267,https://www.keiba.go.jp/KeibaWeb/TodayRaceInfo/Odds3LenFuku?k_babaCode=19&k_raceDate=2026%2F10%2F02&k_raceNo=9
2026-10-02 19:00:23,18:59,2026-10-02,funabashi,9,5,三連複,1-3-10,4264.9,4264.9,271,https://www.keiba.go.jp/KeibaWeb/TodayRaceInfo/Odds3LenFuku?k_babaCode=19&k_raceDate=2026%2F10%2F02&k_raceNo=9
2026-10-02 19:00:23,18:59,2026-10-02,funabashi,9,5,三連複,2-4-12,4264.9,4264.9,271,https://www.keiba.go.jp/KeibaWeb/TodayRaceInfo/Odds3LenFuku?k_babaCode=19&k_raceDate=2026%2F10%2F02&k_raceNo=9
2026-10-02 19:00:23,18:59,2026-10-02,funabashi,9,5,三連複,10-11-12,4264.9,4264.9,271,https://www.keiba.go.jp/KeibaWeb/TodayRaceInfo/Odds3LenFuku?k_babaCode=19&k_raceDate=2026%2F10%2F02&k_raceNo=9
2026-10-02 19:00:23,18:59,2026-10-02,funabashi,9,5,三連複,12-13-14,4264.9,4264.9,271,https://www.keiba.go.jp/KeibaWeb/TodayRaceInfo/Odds3LenFuku?k_babaCode=19&k_raceDate=2026%2F10%2F02&k_raceNo=9
2026-10-02 19:00:23,18:59,2026-10-02,funabashi,9,5,三連複,1-6-8,4458.7,4458.7,275,https://www.keiba.go.jp/KeibaWeb/TodayRaceInfo/Odds3LenFuku?k_babaCode=19&k_raceDate=2026%2F10%2F02&k_raceNo=9
2026-10-02 19:00:23,18:59,2026-10-02,funabashi,9,5,三連複,3-8-13,4458.7,4458.7,275,https://www.keiba.go.jp/KeibaWeb/TodayRaceInfo/Odds3LenFuku?k_babaCode=19&k_raceDate=2026%2F10%2F02&k_raceNo=9
2026-10-02 19:00:23,18:59,2026-10-02,funabashi,9,5,三連複,4-10-11,4458.7,4458.7,275,https://www.keiba.go.jp/KeibaWeb/TodayRaceInfo/Odds3LenFuku?k_babaCode=19&k_raceDate=2026%2F10%2F02&k_raceNo=9
2026-10-02 19:00:23,18:59,2026-10-02,funabashi,9,5,三連複,8-9-10,4458.7,4458.7,275,https://www.keiba.go.jp/KeibaWeb/TodayRaceInfo/Odds3LenFuku?k_babaCode=19&k_raceDate=2026%2F10%2F02&k_raceNo=9
2026-10-02 19:00:23,18:59,2026-10-02,funabashi,9,5,三連複,1-7-11,4671.1,4671.1,279,https://www.keiba.go.jp/KeibaWeb/TodayRaceInfo/Odds3LenFuku?k_babaCode=19&k_raceDate=2026%2F10%2F02&k_raceNo=9
2026-10-02 19:00:23,18:59,2026-10-02,funabashi,9,5,三連複,3-10-13,4671.1,4671.1,279,https://www.keiba.go.jp/KeibaWeb/TodayRaceInfo/Odds3LenFuku?k_babaCode=19&k_raceDate=2026%2F10%2F02&k_raceNo=9
2026-10-02 19:00:23,18:59,2026-10-02,funabashi,9,5,三連複,4-7-13,4671.1,4671.1,279,https://www.keiba.go.jp/KeibaWeb/TodayRaceInfo/Odds3LenFuku?k_babaCode=19&k_raceDate=2026%2F10%2F02&k_raceNo=9
2026-10-02 19:00:23,18:59,2026-10-02,funabashi,9,5,三連複,9-12-13,4671.1,4671.1,279,https://www.keiba.go.jp/KeibaWeb/TodayRaceInfo/Odds3LenFuku?k_babaCode=19&k_raceDate=2026%2F10%2F02&k_raceNo=9
2026-10-02 19:00:23,18:59,2026-10-02,funabashi,9,5,三連複,1-6-12,4904.6,4904.6,283,https://www.keiba.go.jp/KeibaWeb/TodayRaceInfo/Odds3LenFuku?k_babaCode=19&k_raceDate=2026%2F10%2F02&k_raceNo=9
2026-10-02 19:00:23,18:59,2026-10-02,funabashi,9,5,三連複,1-9-10,4904.6,4904.6,283,https://www.keiba.go.jp/KeibaWeb/TodayRaceInfo/Odds3LenFuku?k_babaCode=19&k_raceDate=2026%2F10%2F02&k_raceNo=9
2026-10-02 19:00:23,18:59,2026-10-02,funabashi,9,5,三連複,4-11-12,4904.6,4904.6,283,https://www.keiba.go.jp/KeibaWeb/TodayRaceInfo/Odds3LenFuku?k_babaCode=19&k_raceDate=2026%2F10%2F02&k_raceNo=9
2026-10-02 19:00:23,18:59,2026-10-02,funabashi,9,5,三連複,6-8-13,5162.8,5162.8,286,https://www.keiba.go.jp/KeibaWeb/TodayRaceInfo/Odds3LenFuku?k_babaCode=19&k_raceDate=2026%2F10%2F02&k_raceNo=9
2026-10-02 19:00:23,18:59,2026-10-02,funabashi,9,5,三連複,1-2-8,5449.6,5449.6,287,https://www.keiba.go.jp/KeibaWeb/TodayRaceInfo/Odds3LenFuku?k_babaCode=19&k_raceDate=2026%2F10%2F02&k_raceNo=9
2026-10-02 19:00:23,18:59,2026-10-02,funabashi,9,5,三連複,1-11-12,5449.6,5449.6,287,https://www.keiba.go.jp/KeibaWeb/TodayRaceInfo/Odds3LenFuku?k_babaCode=19&k_raceDate=2026%2F10%2F02&k_raceNo=9
2026-10-02 19:00:23,18:59,2026-10-02,funabashi,9,5,三連複,6-8-12,5449.6,5449.6,287,https://www.keiba.go.jp/KeibaWeb/TodayRaceInfo/Odds3LenFuku?k_babaCode=19&k_raceDate=2026%2F10%2F02&k_raceNo=9
2026-10-02 19:00:23,18:59,2026-10-02,funabashi,9,5,三連複,6-10-12,5449.6,5449.6,287,https://www.keiba.go.jp/KeibaWeb/TodayRaceInfo/Odds3LenFuku?k_babaCode=19&k_raceDate=2026%2F10%2F02&k_raceNo=9
2026-10-02 19:00:23,18:59,2026-10-02,funabashi,9,5,三連複,7-11-12,5449.6,5449.6,287,https://www.keiba.go.jp/KeibaWeb/TodayRaceInfo/Odds3LenFuku?k_babaCode=19&k_raceDate=2026%2F10%2F02&k_raceNo=9
2026-10-02 19:00:23,18:59,2026-10-02,funabashi,9,5,三連複,2-12-13,5770.1,5770.1,292,https://www.keiba.go.jp/KeibaWeb/TodayRaceInfo/Odds3LenFuku?k_babaCode=19&k_raceDate=2026%2F10%2F02&k_raceNo=9
2026-10-02 19:00:23,18:59,2026-10-02,funabashi,9,5,三連複,9-10-12,5770.1,5770.1,292,https://www.keiba.go.jp/KeibaWeb/TodayRaceInfo/Odds3LenFuku?k_babaCode=19&k_raceDate=2026%2F10%2F02&k_raceNo=9
2026-10-02 19:00:23,18:59,2026-10-02,funabashi,9,5,三連複,10-12-14,5770.1,5770.1,292,https://www.keiba.go.jp/KeibaWeb/TodayRaceInfo/Odds3LenFuku?k_babaCode=19&k_raceDate=2026%2F10%2F02&k_raceNo=9
2026-10-02 19:00:23,18:59,2026-10-02,funabashi,9,5,三連複,1-4-8,6130.8,6130.8,295,https://www.keiba.go.jp/KeibaWeb/TodayRaceInfo/Odds3LenFuku?k_babaCode=19&k_raceDate=2026%2F10%2F02&k_raceNo=9
2026-10-02 19:00:23,18:59,2026-10-02,funabashi,9,5,三連複,1-5-10,6130.8,6130.8,295,https://www.keiba.go.jp/KeibaWeb/TodayRaceInfo/Odds3LenFuku?k_babaCode=19&k_raceDate=2026%2F10%2F02&k_raceNo=9
2026-10-02 19:00:23,18:59,2026-10-02,funabashi,9,5,三連複,1-8-9,6130.8,6130.8,295,https://www.keiba.go.jp/KeibaWeb/TodayRaceInfo/Odds3LenFuku?k_babaCode=19&k_raceDate=2026%2F10%2F02&k_raceNo=9
2026-10-02 19:00:23,18:59,2026-10-02,funabashi,9,5,三連複,1-10-11,6130.8,6130.8,295,https://www.keiba.go.jp/KeibaWeb/TodayRaceInfo/Odds3LenFuku?k_babaCode=19&k_raceDate=2026%2F10%2F02&k_raceNo=9
2026-10-02 19:00:23,18:59,2026-10-02,funabashi,9,5,三連複,3-8-10,6130.8,6130.8,295,https://www.keiba.go.jp/KeibaWeb/TodayRaceInfo/Odds3LenFuku?k_babaCode=19&k_raceDate=2026%2F10%2F02&k_raceNo=9
2026-10-02 19:00:23,18:59,2026-10-02,funabashi,9,5,三連複,10-11-13,6130.8,6130.8,295,https://www.keiba.go.jp/KeibaWeb/TodayRaceInfo/Odds3LenFuku?k_babaCode=19&k_raceDate=2026%2F10%2F02&k_raceNo=9
2026-10-02 19:00:23,18:59,2026-10-02,funabashi,9,5,三連複,1-3-12,6539.5,6539.5,301,https://www.keiba.go.jp/KeibaWeb/TodayRaceInfo/Odds3LenFuku?k_babaCode=19&k_raceDate=2026%2F10%2F02&k_raceNo=9
2026-10-02 19:00:23,18:59,2026-10-02,funabashi,9,5,三連複,1-4-10,6539.5,6539.5,301,https://www.keiba.go.jp/KeibaWeb/TodayRaceInfo/Odds3LenFuku?k_babaCode=19&k_raceDate=2026%2F10%2F02&k_raceNo=9
2026-10-02 19:00:23,18:59,2026-10-02,funabashi,9,5,三連複,2-8-10,6539.5,6539.5,301,https://www.keiba.go.jp/KeibaWeb/TodayRaceInfo/Odds3LenFuku?k_babaCode=19&k_raceDate=2026%2F10%2F02&k_raceNo=9
2026-10-02 19:00:23,18:59,2026-10-02,funabashi,9,5,三連複,4-7-10,6539.5,6539.5,301,https://www.keiba.go.jp/KeibaWeb/TodayRaceInfo/Odds3LenFuku?k_babaCode=19&k_raceDate=2026%2F10%2F02&k_raceNo=9
2026-10-02 19:00:23,18:59,2026-10-02,funabashi,9,5,三連複,5-8-12,6539.5,6539.5,301,https://www.keiba.go.jp/KeibaWeb/TodayRaceInfo/Odds3LenFuku?k_babaCode=19&k_raceDate=2026%2F10%2F02&k_raceNo=9
2026-10-02 19:00:23,18:59,2026-10-02,funabashi,9,5,三連複,5-12-13,6539.5,6539.5,301,https://www.keiba.go.jp/KeibaWeb/TodayRaceInfo/Odds3LenFuku?k_babaCode=19&k_raceDate=2026%2F10%2F02&k_raceNo=9
2026-10-02 19:00:23,18:59,2026-10-02,funabashi,9,5,三連複,8-11-12,6539.5,6539.5,301,https://www.keiba.go.jp/KeibaWeb/TodayRaceInfo/Odds3LenFuku?k_babaCode=19&k_raceDate=2026%2F10%2F02&k_raceNo=9
2026-10-02 19:00:23,18:59,2026-10-02,funabashi,9,5,三連複,9-10-13,6539.5,6539.5,301,https://www.keiba.go.jp/KeibaWeb/TodayRaceInfo/Odds3LenFuku?k_babaCode=19&k_raceDate=2026%2F10%2F02&k_raceNo=9
2026-10-02 19:00:23,18:59,2026-10-02,funabashi,9,5,三連複,1-2-12,7006.6,7006.6,309,https://www.keiba.go.jp/KeibaWeb/TodayRaceInfo/Odds3LenFuku?k_babaCode=19&k_raceDate=2026%2F10%2F02&k_raceNo=9
2026-10-02 19:00:23,18:59,2026-10-02,funabashi,9,5,三連複,1-8-10,7006.6,7006.6,309,https://www.keiba.go.jp/KeibaWeb/TodayRaceInfo/Odds3LenFuku?k_babaCode=19&k_raceDate=2026%2F10%2F02&k_raceNo=9
2026-10-02 19:00:23,18:59,2026-10-02,funabashi,9,5,三連複,4-10-12,7006.6,7006.6,309,https://www.keiba.go.jp/KeibaWeb/TodayRaceInfo/Odds3LenFuku?k_babaCode=19&k_raceDate=2026%2F10%2F02&k_raceNo=9
2026-10-02 19:00:23,18:59,2026-10-02,funabashi,9,5,三連複,1-4-13,7545.6,7545.6,312,https://www.keiba.go.jp/KeibaWeb/TodayRaceInfo/Odds3LenFuku?k_babaCode=19&k_raceDate=2026%2F10%2F02&k_raceNo=9
2026-10-02 19:00:23,18:59,2026-10-02,funabashi,9,5,三連複,1-7-8,7545.6,7545.6,312,https://www.keiba.go.jp/KeibaWeb/TodayRaceInfo/Odds3LenFuku?k_babaCode=19&k_raceDate=2026%2F10%2F02&k_raceNo=9
2026-10-02 19:00:23,18:59,2026-10-02,funabashi,9,5,三連複,1-9-13,7545.6,7545.6,312,https://www.keiba.go.jp/KeibaWeb/TodayRaceInfo/Odds3LenFuku?k_babaCode=19&k_raceDate=2026%2F10%2F02&k_raceNo=9
2026-10-02 19:00:23,18:59,2026-10-02,funabashi,9,5,三連複,2-10-13,7545.6,7545.6,312,https://www.keiba.go.jp/KeibaWeb/TodayRaceInfo/Odds3LenFuku?k_babaCode=19&k_raceDate=2026%2F10%2F02&k_raceNo=9
2026-10-02 19:00:23,18:59,2026-10-02,funabashi,9,5,三連複,4-8-13,7545.6,7545.6,312,https://www.keiba.go.jp/KeibaWeb/TodayRaceInfo/Odds3LenFuku?k_babaCode=19&k_raceDate=2026%2F10%2F02&k_raceNo=9
2026-10-02 19:00:23,18:59,2026-10-02,funabashi,9,5,三連複,7-8-11,7545.6,7545.6,312,https://www.keiba.go.jp/KeibaWeb/TodayRaceInfo/Odds3LenFuku?k_babaCode=19&k_raceDate=2026%2F10%2F02&k_raceNo=9
2026-10-02 19:00:23,18:59,2026-10-02,funabashi,9,5,三連複,1-7-13,8174.4,8174.4,318,https://www.keiba.go.jp/KeibaWeb/TodayRaceInfo/Odds3LenFuku?k_babaCode=19&k_raceDate=2026%2F10%2F02&k_raceNo=9
2026-10-02 19:00:23,18:59,2026-10-02,funabashi,9,5,三連複,1-11-13,8174.4,8174.4,318,https://www.keiba.go.jp/KeibaWeb/TodayRaceInfo/Odds3LenFuku?k_babaCode=19&k_raceDate=2026%2F10%2F02&k_raceNo=9
2026-10-02 19:00:23,18:59,2026-10-02,funabashi,9,5,三連複,4-7-8,8174.4,8174.4,318,https://www.keiba.go.jp/KeibaWeb/TodayRaceInfo/Odds3LenFuku?k_babaCode=19&k_raceDate=2026%2F10%2F02&k_raceNo=9
2026-10-02 19:00:23,18:59,2026-10-02,funabashi,9,5,三連複,7-8-10,8174.4,8174.4,318,https://www.keiba.go.jp/KeibaWeb/TodayRaceInfo/Odds3LenFuku?k_babaCode=19&k_raceDate=2026%2F10%2F02&k_raceNo=9
2026-10-02 19:00:23,18:59,2026-10-02,funabashi,9,5,三連複,7-12-13,8174.4,8174.4,318,https://www.keiba.go.jp/KeibaWeb/TodayRaceInfo/Odds3LenFuku?k_babaCode=19&k_raceDate=2026%2F10%2F02&k_raceNo=9
2026-10-02 19:00:23,18:59,2026-10-02,funabashi,9,5,三連複,10-12-13,8174.4,8174.4,318,https://www.keiba.go.jp/KeibaWeb/TodayRaceInfo/Odds3LenFuku?k_babaCode=19&k_raceDate=2026%2F10%2F02&k_raceNo=9
2026-10-02 19:00:23,18:59,2026-10-02,funabashi,9,5,三連複,1-2-13,8917.5,8917.5,324,https://www.keiba.go.jp/KeibaWeb/TodayRaceInfo/Odds3LenFuku?k_babaCode=19&k_raceDate=2026%2F10%2F02&k_raceNo=9
2026-10-02 19:00:23,18:59,2026-10-02,funabashi,9,5,三連複,2-10-12,8917.5,8917.5,324,https://www.keiba.go.jp/KeibaWeb/TodayRaceInfo/Odds3LenFuku?k_babaCode=19&k_raceDate=2026%2F10%2F02&k_raceNo=9
2026-10-02 19:00:23,18:59,2026-10-02,funabashi,9,5,三連複,4-7-12,8917.5,8917.5,324,https://www.keiba.go.jp/KeibaWeb/TodayRaceInfo/Odds3LenFuku?k_babaCode=19&k_raceDate=2026%2F10%2F02&k_raceNo=9
2026-10-02 19:00:23,18:59,2026-10-02,funabashi,9,5,三連複,5-10-13,8917.5,8917.5,324,https://www.keiba.go.jp/KeibaWeb/TodayRaceInfo/Odds3LenFuku?k_babaCode=19&k_raceDate=2026%2F10%2F02&k_raceNo=9
2026-10-02 19:00:23,18:59,2026-10-02,funabashi,9,5,三連複,8-10-11,8917.5,8917.5,324,https://www.keiba.go.jp/KeibaWeb/TodayRaceInfo/Odds3LenFuku?k_babaCode=19&k_raceDate=2026%2F10%2F02&k_raceNo=9
2026-10-02 19:00:23,18:59,2026-10-02,funabashi,9,5,三連複,8-11-13,8917.5,8917.5,324,https://www.keiba.go.jp/KeibaWeb/TodayRaceInfo/Odds3LenFuku?k_babaCode=19&k_raceDate=2026%2F10%2F02&k_raceNo=9
2026-10-02 19:00:23,18:59,2026-10-02,funabashi,9,5,三連複,1-5-8,9809.3,9809.3,330,https://www.keiba.go.jp/KeibaWeb/TodayRaceInfo/Odds3LenFuku?k_babaCode=19&k_raceDate=2026%2F10%2F02&k_raceNo=9
2026-10-02 19:00:23,18:59,2026-10-02,funabashi,9,5,三連複,1-8-11,9809.3,9809.3,330,https://www.keiba.go.jp/KeibaWeb/TodayRaceInfo/Odds3LenFuku?k_babaCode=19&k_raceDate=2026%2F10%2F02&k_raceNo=9
2026-10-02 19:00:23,18:59,2026-10-02,funabashi,9,5,三連複,1-9-12,9809.3,9809.3,330,https://www.keiba.go.jp/KeibaWeb/TodayRaceInfo/Odds3LenFuku?k_babaCode=19&k_raceDate=2026%2F10%2F02&k_raceNo=9
2026-10-02 19:00:23,18:59,2026-10-02,funabashi,9,5,三連複,1-10-12,9809.3,9809.3,330,https://www.keiba.go.jp/KeibaWeb/TodayRaceInfo/Odds3LenFuku?k_babaCode=19&k_raceDate=2026%2F10%2F02&k_raceNo=9
2026-10-02 19:00:23,18:59,2026-10-02,funabashi,9,5,三連複,4-8-12,9809.3,9809.3,330,https://www.keiba.go.jp/KeibaWeb/TodayRaceInfo/Odds3LenFuku?k_babaCode=19&k_raceDate=2026%2F10%2F02&k_raceNo=9
2026-10-02 19:00:23,18:59,2026-10-02,funabashi,9,5,三連複,4-10-13,9809.3,9809.3,330,https://www.keiba.go.jp/KeibaWeb/TodayRaceInfo/Odds3LenFuku?k_babaCode=19&k_raceDate=2026%2F10%2F02&k_raceNo=9
2026-10-02 19:00:23,18:59,2026-10-02,funabashi,9,5,三連複,7-10-12,9809.3,9809.3,330,https://www.keiba.go.jp/KeibaWeb/TodayRaceInfo/Odds3LenFuku?k_babaCode=19&k_raceDate=2026%2F10%2F02&k_raceNo=9
2026-10-02 19:00:23,18:59,2026-10-02,funabashi,9,5,三連複,7-10-13,9809.3,9809.3,330,https://www.keiba.go.jp/KeibaWeb/TodayRaceInfo/Odds3LenFuku?k_babaCode=19&k_raceDate=2026%2F10%2F02&k_raceNo=9
2026-10-02 19:00:23,18:59,2026-10-02,funabashi,9,5,三連複,8-10-12,9809.3,9809.3,330,https://www.keiba.go.jp/KeibaWeb/TodayRaceInfo/Odds3LenFuku?k_babaCode=19&k_raceDate=2026%2F10%2F02&k_raceNo=9
2026-10-02 19:00:23,18:59,2026-10-02,funabashi,9,5,三連複,8-12-14,9809.3,9809.3,330,https://www.keiba.go.jp/KeibaWeb/TodayRaceInfo/Odds3LenFuku?k_babaCode=19&k_raceDate=2026%2F10%2F02&k_raceNo=9
2026-10-02 19:00:23,18:59,2026-10-02,funabashi,9,5,三連複,1-7-10,10899.2,10899.2,340,https://www.keiba.go.jp/KeibaWeb/TodayRaceInfo/Odds3LenFuku?k_babaCode=19&k_raceDate=2026%2F10%2F02&k_raceNo=9
2026-10-02 19:00:23,18:59,2026-10-02,funabashi,9,5,三連複,1-7-12,10899.2,10899.2,340,https://www.keiba.go.jp/KeibaWeb/TodayRaceInfo/Odds3LenFuku?k_babaCode=19&k_raceDate=2026%2F10%2F02&k_raceNo=9
2026-10-02 19:00:23,18:59,2026-10-02,funabashi,9,5,三連複,3-10-12,10899.2,10899.2,340,https://www.keiba.go.jp/KeibaWeb/TodayRaceInfo/Odds3LenFuku?k_babaCode=19&k_raceDate=2026%2F10%2F02&k_raceNo=9
2026-10-02 19:00:23,18:59,2026-10-02,funabashi,9,5,三連複,4-8-10,10899.2,10899.2,340,https://www.keiba.go.jp/KeibaWeb/TodayRaceInfo/Odds3LenFuku?k_babaCode=19&k_raceDate=2026%2F10%2F02&k_raceNo=9
2026-10-02 19:00:23,18:59,2026-10-02,funabashi,9,5,三連複,5-8-10,10899.2,10899.2,340,https://www.keiba.go.jp/KeibaWeb/TodayRaceInfo/Odds3LenFuku?k_babaCode=19&k_raceDate=2026%2F10%2F02&k_raceNo=9
2026-10-02 19:00:23,18:59,2026-10-02,funabashi,9,5,三連複,5-8-13,10899.2,10899.2,340,https://www.keiba.go.jp/KeibaWeb/TodayRaceInfo/Odds3LenFuku?k_babaCode=19&k_raceDate=2026%2F10%2F02&k_raceNo=9
2026-10-02 19:00:23,18:59,2026-10-02,funabashi,9,5,三連複,5-10-12,10899.2,10899.2,340,https://www.keiba.go.jp/KeibaWeb/TodayRaceInfo/Odds3LenFuku?k_babaCode=19&k_raceDate=2026%2F10%2F02&k_raceNo=9
2026-10-02 19:00:23,18:59,2026-10-02,funabashi,9,5,三連複,7-8-12,10899.2,10899.2,340,https://www.keiba.go.jp/KeibaWeb/TodayRaceInfo/Odds3LenFuku?k_babaCode=19&k_raceDate=2026%2F10%2F02&k_raceNo=9
2026-10-02 19:00:23,18:59,2026-10-02,funabashi,9,5,三連複,7-8-13,10899.2,10899.2,340,https://www.keiba.go.jp/KeibaWeb/TodayRaceInfo/Odds3LenFuku?k_babaCode=19&k_raceDate=2026%2F10%2F02&k_raceNo=9
2026-10-02 19:00:23,18:59,2026-10-02,funabashi,9,5,三連複,8-9-13,10899.2,10899.2,340,https://www.keiba.go.jp/KeibaWeb/TodayRaceInfo/Odds3LenFuku?k_babaCode=19&k_raceDate=2026%2F10%2F02&k_raceNo=9
2026-10-02 19:00:23,18:59,2026-10-02,funabashi,9,5,三連複,1-5-12,12261.6,12261.6,350,https://www.keiba.go.jp/KeibaWeb/TodayRaceInfo/Odds3LenFuku?k_babaCode=19&k_raceDate=2026%2F10%2F02&k_raceNo=9
2026-10-02 19:00:23,18:59,2026-10-02,funabashi,9,5,三連複,1-8-12,12261.6,12261.6,350,https://www.keiba.go.jp/KeibaWeb/TodayRaceInfo/Odds3LenFuku?k_babaCode=19&k_raceDate=2026%2F10%2F02&k_raceNo=9
2026-10-02 19:00:23,18:59,2026-10-02,funabashi,9,5,三連複,1-10-13,12261.6,12261.6,350,https://www.keiba.go.jp/KeibaWeb/TodayRaceInfo/Odds3LenFuku?k_babaCode=19&k_raceDate=2026%2F10%2F02&k_raceNo=9
2026-10-02 19:00:23,18:59,2026-10-02,funabashi,9,5,三連複,1-12-14,12261.6,12261.6,350,https://www.keiba.go.jp/KeibaWeb/TodayRaceInfo/Odds3LenFuku?k_babaCode=19&k_raceDate=2026%2F10%2F02&k_raceNo=9
2026-10-02 19:00:23,18:59,2026-10-02,funabashi,9,5,三連複,2-8-12,12261.6,12261.6,350,https://www.keiba.go.jp/KeibaWeb/TodayRaceInfo/Odds3LenFuku?k_babaCode=19&k_raceDate=2026%2F10%2F02&k_raceNo=9
2026-10-02 19:00:23,18:59,2026-10-02,funabashi,9,5,三連複,3-8-12,12261.6,12261.6,350,https://www.keiba.go.jp/KeibaWeb/TodayRaceInfo/Odds3LenFuku?k_babaCode=19&k_raceDate=2026%2F10%2F02&k_raceNo=9
2026-10-02 19:00:23,18:59,2026-10-02,funabashi,9,5,三連複,4-12-13,12261.6,12261.6,350,https://www.keiba.go.jp/KeibaWeb/TodayRaceInfo/Odds3LenFuku?k_babaCode=19&k_raceDate=2026%2F10%2F02&k_raceNo=9
2026-10-02 19:00:23,18:59,2026-10-02,funabashi,9,5,三連複,8-9-12,12261.6,12261.6,350,https://www.keiba.go.jp/KeibaWeb/TodayRaceInfo/Odds3LenFuku?k_babaCode=19&k_raceDate=2026%2F10%2F02&k_raceNo=9
2026-10-02 19:00:23,18:59,2026-10-02,funabashi,9,5,三連複,8-10-13,12261.6,12261.6,350,https://www.keiba.go.jp/KeibaWeb/TodayRaceInfo/Odds3LenFuku?k_babaCode=19&k_raceDate=2026%2F10%2F02&k_raceNo=9
2026-10-02 19:00:23,18:59,2026-10-02,funabashi,9,5,三連複,1-4-12,14013.3,14013.3,359,https://www.keiba.go.jp/KeibaWeb/TodayRaceInfo/Odds3LenFuku?k_babaCode=19&k_raceDate=2026%2F10%2F02&k_raceNo=9
2026-10-02 19:00:23,18:59,2026-10-02,funabashi,9,5,三連複,1-5-13,14013.3,14013.3,359,https://www.keiba.go.jp/KeibaWeb/TodayRaceInfo/Odds3LenFuku?k_babaCode=19&k_raceDate=2026%2F10%2F02&k_raceNo=9
2026-10-02 19:00:23,18:59,2026-10-02,funabashi,9,5,三連複,2-8-13,14013.3,14013.3,359,https://www.keiba.go.jp/KeibaWeb/TodayRaceInfo/Odds3LenFuku?k_babaCode=19&k_raceDate=2026%2F10%2F02&k_raceNo=9
2026-10-02 19:00:23,18:59,2026-10-02,funabashi,9,5,三連複,1-8-13,19618.6,19618.6,362,https://www.keiba.go.jp/KeibaWeb/TodayRaceInfo/Odds3LenFuku?k_babaCode=19&k_raceDate=2026%2F10%2F02&k_raceNo=9
2026-10-02 19:00:23,18:59,2026-10-02,funabashi,9,5,三連複,1-12-13,19618.6,19618.6,362,https://www.keiba.go.jp/KeibaWeb/TodayRaceInfo/Odds3LenFuku?k_babaCode=19&k_raceDate=2026%2F10%2F02&k_raceNo=9
2026-10-02 19:00:23,18:59,2026-10-02,funabashi,9,5,三連複,8-12-13,32697.7,32697.7,364,https://www.keiba.go.jp/KeibaWeb/TodayRaceInfo/Odds3LenFuku?k_babaCode=19&k_raceDate=2026%2F10%2F02&k_raceNo=9
2026-10-02 19:00:23,18:59,2026-10-02,funabashi,9,5,三連単,6-9-5,64.5,64.5,7,https://www.keiba.go.jp/KeibaWeb/TodayRaceInfo/Odds3LenTan?k_babaCode=19&k_raceDate=2026%2F10%2F02&k_raceNo=9&odds_flg=1
2026-10-02 19:00:23,18:59,2026-10-02,funabashi,9,5,三連単,6-9-2,71.6,71.6,10,https://www.keiba.go.jp/KeibaWeb/TodayRaceInfo/Odds3LenTan?k_babaCode=19&k_raceDate=2026%2F10%2F02&k_raceNo=9&odds_flg=1
2026-10-02 19:00:23,18:59,2026-10-02,funabashi,9,5,三連単,6-5-9,78.2,78.2,15,https://www.keiba.go.jp/KeibaWeb/TodayRaceInfo/Odds3LenTan?k_babaCode=19&k_raceDate=2026%2F10%2F02&k_raceNo=9&odds_flg=1
2026-10-02 19:00:23,18:59,2026-10-02,funabashi,9,5,三連単,6-2-9,96.3,96.3,20,https://www.keiba.go.jp/KeibaWeb/TodayRaceInfo/Odds3LenTan?k_babaCode=19&k_raceDate=2026%2F10%2F02&k_raceNo=9&odds_flg=1
2026-10-02 19:00:23,18:59,2026-10-02,funabashi,9,5,三連単,6-5-2,108.0,108.0,27,https://www.keiba.go.jp/KeibaWeb/TodayRaceInfo/Odds3LenTan?k_babaCode=19&k_raceDate=2026%2F10%2F02&k_raceNo=9&odds_flg=1
2026-10-02 19:00:23,18:59,2026-10-02,funabashi,9,5,三連単,9-6-5,113.7,113.7,29,https://www.keiba.go.jp/KeibaWeb/TodayRaceInfo/Odds3LenTan?k_babaCode=19&k_raceDate=2026%2F10%2F02&k_raceNo=9&odds_flg=1
2026-10-02 19:00:23,18:59,2026-10-02,funabashi,9,5,三連単,6-2-5,122.6,122.6,31,https://www.keiba.go.jp/KeibaWeb/TodayRaceInfo/Odds3LenTan?k_babaCode=19&k_raceDate=2026%2F10%2F02&k_raceNo=9&odds_flg=1
2026-10-02 19:00:23,18:59,2026-10-02,funabashi,9,5,三連単,9-6-2,128.1,128.1,34,https://www.keiba.go.jp/KeibaWeb/TodayRaceInfo/Odds3LenTan?k_babaCode=19&k_raceDate=2026%2F10%2F02&k_raceNo=9&odds_flg=1
2026-10-02 19:00:23,18:59,2026-10-02,funabashi,9,5,三連単,5-6-9,147.5,147.5,39,https://www.keiba.go.jp/KeibaWeb/TodayRaceInfo/Odds3LenTan?k_babaCode=19&k_raceDate=2026%2F10%2F02&k_raceNo=9&odds_flg=1
2026-10-02 19:00:23,18:59,2026-10-02,funabashi,9,5,三連単,5-9-6,185.9,185.9,52,https://www.keiba.go.jp/KeibaWeb/TodayRaceInfo/Odds3LenTan?k_babaCode=19&k_raceDate=2026%2F10%2F02&k_raceNo=9&odds_flg=1
2026-10-02 19:00:23,18:59,2026-10-02,funabashi,9,5,三連単,2-6-9,187.2,187.2,53,https://www.keiba.go.jp/KeibaWeb/TodayRaceInfo/Odds3LenTan?k_babaCode=19&k_raceDate=2026%2F10%2F02&k_raceNo=9&odds_flg=1
2026-10-02 19:00:23,18:59,2026-10-02,funabashi,9,5,三連単,9-5-6,192.6,192.6,55,https://www.keiba.go.jp/KeibaWeb/TodayRaceInfo/Odds3LenTan?k_babaCode=19&k_raceDate=2026%2F10%2F02&k_raceNo=9&odds_flg=1
2026-10-02 19:00:23,18:59,2026-10-02,funabashi,9,5,三連単,9-2-6,205.7,205.7,60,https://www.keiba.go.jp/KeibaWeb/TodayRaceInfo/Odds3LenTan?k_babaCode=19&k_raceDate=2026%2F10%2F02&k_raceNo=9&odds_flg=1
2026-10-02 19:00:23,18:59,2026-10-02,funabashi,9,5,三連単,5-6-2,212.6,212.6,64,https://www.keiba.go.jp/KeibaWeb/TodayRaceInfo/Odds3LenTan?k_babaCode=19&k_raceDate=2026%2F10%2F02&k_raceNo=9&odds_flg=1
2026-10-02 19:00:23,18:59,2026-10-02,funabashi,9,5,三連単,2-9-6,246.0,246.0,78,https://www.keiba.go.jp/KeibaWeb/TodayRaceInfo/Odds3LenTan?k_babaCode=19&k_raceDate=2026%2F10%2F02&k_raceNo=9&odds_flg=1
2026-10-02 19:00:23,18:59,2026-10-02,funabashi,9,5,三連単,2-6-5,255.5,255.5,81,https://www.keiba.go.jp/KeibaWeb/TodayRaceInfo/Odds3LenTan?k_babaCode=19&k_raceDate=2026%2F10%2F02&k_raceNo=9&odds_flg=1
2026-10-02 19:00:23,18:59,2026-10-02,funabashi,9,5,三連単,5-2-6,296.3,296.3,93,https://www.keiba.go.jp/KeibaWeb/TodayRaceInfo/Odds3LenTan?k_babaCode=19&k_raceDate=2026%2F10%2F02&k_raceNo=9&odds_flg=1
2026-10-02 19:00:23,18:59,2026-10-02,funabashi,9,5,三連単,2-5-6,324.6,324.6,102,https://www.keiba.go.jp/KeibaWeb/TodayRaceInfo/Odds3LenTan?k_babaCode=19&k_raceDate=2026%2F10%2F02&k_raceNo=9&odds_flg=1
2026-10-02 19:00:23,18:59,2026-10-02,funabashi,9,5,三連単,9-2-5,404.9,404.9,134,https://www.keiba.go.jp/KeibaWeb/TodayRaceInfo/Odds3LenTan?k_babaCode=19&k_raceDate=2026%2F10%2F02&k_raceNo=9&odds_flg=1
2026-10-02 19:00:23,18:59,2026-10-02,funabashi,9,5,三連単,9-5-2,409.6,409.6,136,https://www.keiba.go.jp/KeibaWeb/TodayRaceInfo/Odds3LenTan?k_babaCode=19&k_raceDate=2026%2F10%2F02&k_raceNo=9&odds_flg=1
2026-10-02 19:00:23,18:59,2026-10-02,funabashi,9,5,三連単,5-9-2,425.9,425.9,142,https://www.keiba.go.jp/KeibaWeb/TodayRaceInfo/Odds3LenTan?k_babaCode=19&k_raceDate=2026%2F10%2F02&k_raceNo=9&odds_flg=1
2026-10-02 19:00:23,18:59,2026-10-02,funabashi,9,5,三連単,2-9-5,478.6,478.6,164,https://www.keiba.go.jp/KeibaWeb/TodayRaceInfo/Odds3LenTan?k_babaCode=19&k_raceDate=2026%2F10%2F02&k_raceNo=9&odds_flg=1
2026-10-02 19:00:23,18:59,2026-10-02,funabashi,9,5,三連単,5-2-9,495.6,495.6,171,https://www.keiba.go.jp/KeibaWeb/TodayRaceInfo/Odds3LenTan?k_babaCode=19&k_raceDate=2026%2F10%2F02&k_raceNo=9&odds_flg=1
2026-10-02 19:00:23,18:59,2026-10-02,funabashi,9,5,三連単,2-5-9,523.6,523.6,179,https://www.keiba.go.jp/KeibaWeb/TodayRaceInfo/Odds3LenTan?k_babaCode=19&k_raceDate=2026%2F10%2F02&k_raceNo=9&odds_flg=1
