captured_at,source_time,race_date,track,race_no,minutes_before,bet_type,combination,odds_low,odds_high,popularity,source_url
2026-10-01 19:20:22,19:20,2026-10-01,funabashi,10,5,馬連,6-12,6.5,6.5,1,https://www.keiba.go.jp/KeibaWeb/TodayRaceInfo/OddsUmLenFuku?k_babaCode=19&k_raceDate=2026%2F10%2F01&k_raceNo=10
2026-10-01 19:20:22,19:20,2026-10-01,funabashi,10,5,馬連,1-6,10.5,10.5,2,https://www.keiba.go.jp/KeibaWeb/TodayRaceInfo/OddsUmLenFuku?k_babaCode=19&k_raceDate=2026%2F10%2F01&k_raceNo=10
2026-10-01 19:20:22,19:20,2026-10-01,funabashi,10,5,馬連,5-6,10.5,10.5,3,https://www.keiba.go.jp/KeibaWeb/TodayRaceInfo/OddsUmLenFuku?k_babaCode=19&k_raceDate=2026%2F10%2F01&k_raceNo=10
2026-10-01 19:20:22,19:20,2026-10-01,funabashi,10,5,馬連,1-12,14.4,14.4,4,https://www.keiba.go.jp/KeibaWeb/TodayRaceInfo/OddsUmLenFuku?k_babaCode=19&k_raceDate=2026%2F10%2F01&k_raceNo=10
2026-10-01 19:20:22,19:20,2026-10-01,funabashi,10,5,馬連,3-6,18.0,18.0,5,https://www.keiba.go.jp/KeibaWeb/TodayRaceInfo/OddsUmLenFuku?k_babaCode=19&k_raceDate=2026%2F10%2F01&k_raceNo=10
2026-10-01 19:20:22,19:20,2026-10-01,funabashi,10,5,馬連,5-12,18.5,18.5,6,https://www.keiba.go.jp/KeibaWeb/TodayRaceInfo/OddsUmLenFuku?k_babaCode=19&k_raceDate=2026%2F10%2F01&k_raceNo=10
2026-10-01 19:20:22,19:20,2026-10-01,funabashi,10,5,馬連,3-12,21.5,21.5,7,https://www.keiba.go.jp/KeibaWeb/TodayRaceInfo/OddsUmLenFuku?k_babaCode=19&k_raceDate=2026%2F10%2F01&k_raceNo=10
2026-10-01 19:20:22,19:20,2026-10-01,funabashi,10,5,馬連,6-9,22.9,22.9,8,https://www.keiba.go.jp/KeibaWeb/TodayRaceInfo/OddsUmLenFuku?k_babaCode=19&k_raceDate=2026%2F10%2F01&k_raceNo=10
2026-10-01 19:20:22,19:20,2026-10-01,funabashi,10,5,馬連,9-12,24.5,24.5,9,https://www.keiba.go.jp/KeibaWeb/TodayRaceInfo/OddsUmLenFuku?k_babaCode=19&k_raceDate=2026%2F10%2F01&k_raceNo=10
2026-10-01 19:20:22,19:20,2026-10-01,funabashi,10,5,馬連,1-5,27.2,27.2,10,https://www.keiba.go.jp/KeibaWeb/TodayRaceInfo/OddsUmLenFuku?k_babaCode=19&k_raceDate=2026%2F10%2F01&k_raceNo=10
2026-10-01 19:20:22,19:20,2026-10-01,funabashi,10,5,馬連,5-9,30.0,30.0,11,https://www.keiba.go.jp/KeibaWeb/TodayRaceInfo/OddsUmLenFuku?k_babaCode=19&k_raceDate=2026%2F10%2F01&k_raceNo=10
2026-10-01 19:20:22,19:20,2026-10-01,funabashi,10,5,馬連,2-12,30.6,30.6,12,https://www.keiba.go.jp/KeibaWeb/TodayRaceInfo/OddsUmLenFuku?k_babaCode=19&k_raceDate=2026%2F10%2F01&k_raceNo=10
2026-10-01 19:20:22,19:20,2026-10-01,funabashi,10,5,馬連,2-6,35.7,35.7,13,https://www.keiba.go.jp/KeibaWeb/TodayRaceInfo/OddsUmLenFuku?k_babaCode=19&k_raceDate=2026%2F10%2F01&k_raceNo=10
2026-10-01 19:20:22,19:20,2026-10-01,funabashi,10,5,馬連,1-9,36.3,36.3,14,https://www.keiba.go.jp/KeibaWeb/TodayRaceInfo/OddsUmLenFuku?k_babaCode=19&k_raceDate=2026%2F10%2F01&k_raceNo=10
2026-10-01 19:20:22,19:20,2026-10-01,funabashi,10,5,馬連,3-5,39.8,39.8,15,https://www.keiba.go.jp/KeibaWeb/TodayRaceInfo/OddsUmLenFuku?k_babaCode=19&k_raceDate=2026%2F10%2F01&k_raceNo=10
2026-10-01 19:20:22,19:20,2026-10-01,funabashi,10,5,馬連,6-10,42.7,42.7,16,https://www.keiba.go.jp/KeibaWeb/TodayRaceInfo/OddsUmLenFuku?k_babaCode=19&k_raceDate=2026%2F10%2F01&k_raceNo=10
2026-10-01 19:20:22,19:20,2026-10-01,funabashi,10,5,馬連,10-12,46.8,46.8,17,https://www.keiba.go.jp/KeibaWeb/TodayRaceInfo/OddsUmLenFuku?k_babaCode=19&k_raceDate=2026%2F10%2F01&k_raceNo=10
2026-10-01 19:20:22,19:20,2026-10-01,funabashi,10,5,馬連,12-14,47.9,47.9,18,https://www.keiba.go.jp/KeibaWeb/TodayRaceInfo/OddsUmLenFuku?k_babaCode=19&k_raceDate=2026%2F10%2F01&k_raceNo=10
2026-10-01 19:20:22,19:20,2026-10-01,funabashi,10,5,馬連,1-3,48.7,48.7,19,https://www.keiba.go.jp/KeibaWeb/TodayRaceInfo/OddsUmLenFuku?k_babaCode=19&k_raceDate=2026%2F10%2F01&k_raceNo=10
2026-10-01 19:20:22,19:20,2026-10-01,funabashi,10,5,馬連,6-11,50.8,50.8,20,https://www.keiba.go.jp/KeibaWeb/TodayRaceInfo/OddsUmLenFuku?k_babaCode=19&k_raceDate=2026%2F10%2F01&k_raceNo=10
2026-10-01 19:20:22,19:20,2026-10-01,funabashi,10,5,馬連,11-12,51.5,51.5,21,https://www.keiba.go.jp/KeibaWeb/TodayRaceInfo/OddsUmLenFuku?k_babaCode=19&k_raceDate=2026%2F10%2F01&k_raceNo=10
2026-10-01 19:20:22,19:20,2026-10-01,funabashi,10,5,馬連,6-14,51.6,51.6,22,https://www.keiba.go.jp/KeibaWeb/TodayRaceInfo/OddsUmLenFuku?k_babaCode=19&k_raceDate=2026%2F10%2F01&k_raceNo=10
2026-10-01 19:20:22,19:20,2026-10-01,funabashi,10,5,馬連,5-7,56.2,56.2,23,https://www.keiba.go.jp/KeibaWeb/TodayRaceInfo/OddsUmLenFuku?k_babaCode=19&k_raceDate=2026%2F10%2F01&k_raceNo=10
2026-10-01 19:20:22,19:20,2026-10-01,funabashi,10,5,馬連,1-2,58.8,58.8,24,https://www.keiba.go.jp/KeibaWeb/TodayRaceInfo/OddsUmLenFuku?k_babaCode=19&k_raceDate=2026%2F10%2F01&k_raceNo=10
2026-10-01 19:20:22,19:20,2026-10-01,funabashi,10,5,馬連,7-9,59.3,59.3,25,https://www.keiba.go.jp/KeibaWeb/TodayRaceInfo/OddsUmLenFuku?k_babaCode=19&k_raceDate=2026%2F10%2F01&k_raceNo=10
2026-10-01 19:20:22,19:20,2026-10-01,funabashi,10,5,馬連,2-3,71.3,71.3,26,https://www.keiba.go.jp/KeibaWeb/TodayRaceInfo/OddsUmLenFuku?k_babaCode=19&k_raceDate=2026%2F10%2F01&k_raceNo=10
2026-10-01 19:20:22,19:20,2026-10-01,funabashi,10,5,馬連,3-9,74.4,74.4,27,https://www.keiba.go.jp/KeibaWeb/TodayRaceInfo/OddsUmLenFuku?k_babaCode=19&k_raceDate=2026%2F10%2F01&k_raceNo=10
2026-10-01 19:20:22,19:20,2026-10-01,funabashi,10,5,馬連,1-10,78.0,78.0,28,https://www.keiba.go.jp/KeibaWeb/TodayRaceInfo/OddsUmLenFuku?k_babaCode=19&k_raceDate=2026%2F10%2F01&k_raceNo=10
2026-10-01 19:20:22,19:20,2026-10-01,funabashi,10,5,馬連,1-11,81.5,81.5,29,https://www.keiba.go.jp/KeibaWeb/TodayRaceInfo/OddsUmLenFuku?k_babaCode=19&k_raceDate=2026%2F10%2F01&k_raceNo=10
2026-10-01 19:20:22,19:20,2026-10-01,funabashi,10,5,馬連,5-10,86.0,86.0,30,https://www.keiba.go.jp/KeibaWeb/TodayRaceInfo/OddsUmLenFuku?k_babaCode=19&k_raceDate=2026%2F10%2F01&k_raceNo=10
2026-10-01 19:20:22,19:20,2026-10-01,funabashi,10,5,馬連,2-5,87.3,87.3,31,https://www.keiba.go.jp/KeibaWeb/TodayRaceInfo/OddsUmLenFuku?k_babaCode=19&k_raceDate=2026%2F10%2F01&k_raceNo=10
2026-10-01 19:20:22,19:20,2026-10-01,funabashi,10,5,馬連,2-9,95.3,95.3,32,https://www.keiba.go.jp/KeibaWeb/TodayRaceInfo/OddsUmLenFuku?k_babaCode=19&k_raceDate=2026%2F10%2F01&k_raceNo=10
2026-10-01 19:20:22,19:20,2026-10-01,funabashi,10,5,馬連,6-7,95.5,95.5,33,https://www.keiba.go.jp/KeibaWeb/TodayRaceInfo/OddsUmLenFuku?k_babaCode=19&k_raceDate=2026%2F10%2F01&k_raceNo=10
2026-10-01 19:20:22,19:20,2026-10-01,funabashi,10,5,馬連,3-10,97.4,97.4,34,https://www.keiba.go.jp/KeibaWeb/TodayRaceInfo/OddsUmLenFuku?k_babaCode=19&k_raceDate=2026%2F10%2F01&k_raceNo=10
2026-10-01 19:20:22,19:20,2026-10-01,funabashi,10,5,馬連,5-11,97.6,97.6,35,https://www.keiba.go.jp/KeibaWeb/TodayRaceInfo/OddsUmLenFuku?k_babaCode=19&k_raceDate=2026%2F10%2F01&k_raceNo=10
2026-10-01 19:20:22,19:20,2026-10-01,funabashi,10,5,馬連,3-11,97.7,97.7,36,https://www.keiba.go.jp/KeibaWeb/TodayRaceInfo/OddsUmLenFuku?k_babaCode=19&k_raceDate=2026%2F10%2F01&k_raceNo=10
2026-10-01 19:20:22,19:20,2026-10-01,funabashi,10,5,馬連,3-14,107.0,107.0,37,https://www.keiba.go.jp/KeibaWeb/TodayRaceInfo/OddsUmLenFuku?k_babaCode=19&k_raceDate=2026%2F10%2F01&k_raceNo=10
2026-10-01 19:20:22,19:20,2026-10-01,funabashi,10,5,馬連,7-12,107.9,107.9,38,https://www.keiba.go.jp/KeibaWeb/TodayRaceInfo/OddsUmLenFuku?k_babaCode=19&k_raceDate=2026%2F10%2F01&k_raceNo=10
2026-10-01 19:20:22,19:20,2026-10-01,funabashi,10,5,馬連,9-11,109.0,109.0,39,https://www.keiba.go.jp/KeibaWeb/TodayRaceInfo/OddsUmLenFuku?k_babaCode=19&k_raceDate=2026%2F10%2F01&k_raceNo=10
2026-10-01 19:20:22,19:20,2026-10-01,funabashi,10,5,馬連,5-14,122.1,122.1,40,https://www.keiba.go.jp/KeibaWeb/TodayRaceInfo/OddsUmLenFuku?k_babaCode=19&k_raceDate=2026%2F10%2F01&k_raceNo=10
2026-10-01 19:20:22,19:20,2026-10-01,funabashi,10,5,馬連,3-7,133.0,133.0,41,https://www.keiba.go.jp/KeibaWeb/TodayRaceInfo/OddsUmLenFuku?k_babaCode=19&k_raceDate=2026%2F10%2F01&k_raceNo=10
2026-10-01 19:20:22,19:20,2026-10-01,funabashi,10,5,馬連,1-14,139.4,139.4,42,https://www.keiba.go.jp/KeibaWeb/TodayRaceInfo/OddsUmLenFuku?k_babaCode=19&k_raceDate=2026%2F10%2F01&k_raceNo=10
2026-10-01 19:20:22,19:20,2026-10-01,funabashi,10,5,馬連,9-10,140.3,140.3,43,https://www.keiba.go.jp/KeibaWeb/TodayRaceInfo/OddsUmLenFuku?k_babaCode=19&k_raceDate=2026%2F10%2F01&k_raceNo=10
2026-10-01 19:20:22,19:20,2026-10-01,funabashi,10,5,馬連,1-7,142.2,142.2,44,https://www.keiba.go.jp/KeibaWeb/TodayRaceInfo/OddsUmLenFuku?k_babaCode=19&k_raceDate=2026%2F10%2F01&k_raceNo=10
2026-10-01 19:20:22,19:20,2026-10-01,funabashi,10,5,馬連,9-14,179.1,179.1,45,https://www.keiba.go.jp/KeibaWeb/TodayRaceInfo/OddsUmLenFuku?k_babaCode=19&k_raceDate=2026%2F10%2F01&k_raceNo=10
2026-10-01 19:20:22,19:20,2026-10-01,funabashi,10,5,馬連,2-14,182.7,182.7,46,https://www.keiba.go.jp/KeibaWeb/TodayRaceInfo/OddsUmLenFuku?k_babaCode=19&k_raceDate=2026%2F10%2F01&k_raceNo=10
2026-10-01 19:20:22,19:20,2026-10-01,funabashi,10,5,馬連,10-14,185.3,185.3,47,https://www.keiba.go.jp/KeibaWeb/TodayRaceInfo/OddsUmLenFuku?k_babaCode=19&k_raceDate=2026%2F10%2F01&k_raceNo=10
2026-10-01 19:20:22,19:20,2026-10-01,funabashi,10,5,馬連,2-10,213.8,213.8,48,https://www.keiba.go.jp/KeibaWeb/TodayRaceInfo/OddsUmLenFuku?k_babaCode=19&k_raceDate=2026%2F10%2F01&k_raceNo=10
2026-10-01 19:20:22,19:20,2026-10-01,funabashi,10,5,馬連,2-11,217.4,217.4,49,https://www.keiba.go.jp/KeibaWeb/TodayRaceInfo/OddsUmLenFuku?k_babaCode=19&k_raceDate=2026%2F10%2F01&k_raceNo=10
2026-10-01 19:20:22,19:20,2026-10-01,funabashi,10,5,馬連,10-11,218.1,218.1,50,https://www.keiba.go.jp/KeibaWeb/TodayRaceInfo/OddsUmLenFuku?k_babaCode=19&k_raceDate=2026%2F10%2F01&k_raceNo=10
2026-10-01 19:20:22,19:20,2026-10-01,funabashi,10,5,馬連,6-13,238.4,238.4,51,https://www.keiba.go.jp/KeibaWeb/TodayRaceInfo/OddsUmLenFuku?k_babaCode=19&k_raceDate=2026%2F10%2F01&k_raceNo=10
2026-10-01 19:20:22,19:20,2026-10-01,funabashi,10,5,馬連,2-7,244.8,244.8,52,https://www.keiba.go.jp/KeibaWeb/TodayRaceInfo/OddsUmLenFuku?k_babaCode=19&k_raceDate=2026%2F10%2F01&k_raceNo=10
2026-10-01 19:20:22,19:20,2026-10-01,funabashi,10,5,馬連,8-12,250.5,250.5,53,https://www.keiba.go.jp/KeibaWeb/TodayRaceInfo/OddsUmLenFuku?k_babaCode=19&k_raceDate=2026%2F10%2F01&k_raceNo=10
2026-10-01 19:20:22,19:20,2026-10-01,funabashi,10,5,馬連,12-13,260.7,260.7,54,https://www.keiba.go.jp/KeibaWeb/TodayRaceInfo/OddsUmLenFuku?k_babaCode=19&k_raceDate=2026%2F10%2F01&k_raceNo=10
2026-10-01 19:20:22,19:20,2026-10-01,funabashi,10,5,馬連,11-14,281.3,281.3,55,https://www.keiba.go.jp/KeibaWeb/TodayRaceInfo/OddsUmLenFuku?k_babaCode=19&k_raceDate=2026%2F10%2F01&k_raceNo=10
2026-10-01 19:20:22,19:20,2026-10-01,funabashi,10,5,馬連,7-11,315.9,315.9,56,https://www.keiba.go.jp/KeibaWeb/TodayRaceInfo/OddsUmLenFuku?k_babaCode=19&k_raceDate=2026%2F10%2F01&k_raceNo=10
2026-10-01 19:20:22,19:20,2026-10-01,funabashi,10,5,馬連,6-8,319.1,319.1,57,https://www.keiba.go.jp/KeibaWeb/TodayRaceInfo/OddsUmLenFuku?k_babaCode=19&k_raceDate=2026%2F10%2F01&k_raceNo=10
2026-10-01 19:20:22,19:20,2026-10-01,funabashi,10,5,馬連,1-8,330.6,330.6,58,https://www.keiba.go.jp/KeibaWeb/TodayRaceInfo/OddsUmLenFuku?k_babaCode=19&k_raceDate=2026%2F10%2F01&k_raceNo=10
2026-10-01 19:20:22,19:20,2026-10-01,funabashi,10,5,馬連,7-10,330.6,330.6,58,https://www.keiba.go.jp/KeibaWeb/TodayRaceInfo/OddsUmLenFuku?k_babaCode=19&k_raceDate=2026%2F10%2F01&k_raceNo=10
2026-10-01 19:20:22,19:20,2026-10-01,funabashi,10,5,馬連,3-13,343.0,343.0,60,https://www.keiba.go.jp/KeibaWeb/TodayRaceInfo/OddsUmLenFuku?k_babaCode=19&k_raceDate=2026%2F10%2F01&k_raceNo=10
2026-10-01 19:20:22,19:20,2026-10-01,funabashi,10,5,馬連,7-14,379.5,379.5,61,https://www.keiba.go.jp/KeibaWeb/TodayRaceInfo/OddsUmLenFuku?k_babaCode=19&k_raceDate=2026%2F10%2F01&k_raceNo=10
2026-10-01 19:20:22,19:20,2026-10-01,funabashi,10,5,馬連,1-4,391.1,391.1,62,https://www.keiba.go.jp/KeibaWeb/TodayRaceInfo/OddsUmLenFuku?k_babaCode=19&k_raceDate=2026%2F10%2F01&k_raceNo=10
2026-10-01 19:20:22,19:20,2026-10-01,funabashi,10,5,馬連,4-6,430.4,430.4,63,https://www.keiba.go.jp/KeibaWeb/TodayRaceInfo/OddsUmLenFuku?k_babaCode=19&k_raceDate=2026%2F10%2F01&k_raceNo=10
2026-10-01 19:20:22,19:20,2026-10-01,funabashi,10,5,馬連,5-8,442.3,442.3,64,https://www.keiba.go.jp/KeibaWeb/TodayRaceInfo/OddsUmLenFuku?k_babaCode=19&k_raceDate=2026%2F10%2F01&k_raceNo=10
2026-10-01 19:20:22,19:20,2026-10-01,funabashi,10,5,馬連,5-13,445.4,445.4,65,https://www.keiba.go.jp/KeibaWeb/TodayRaceInfo/OddsUmLenFuku?k_babaCode=19&k_raceDate=2026%2F10%2F01&k_raceNo=10
2026-10-01 19:20:22,19:20,2026-10-01,funabashi,10,5,馬連,1-13,451.7,451.7,66,https://www.keiba.go.jp/KeibaWeb/TodayRaceInfo/OddsUmLenFuku?k_babaCode=19&k_raceDate=2026%2F10%2F01&k_raceNo=10
2026-10-01 19:20:22,19:20,2026-10-01,funabashi,10,5,馬連,4-12,513.1,513.1,67,https://www.keiba.go.jp/KeibaWeb/TodayRaceInfo/OddsUmLenFuku?k_babaCode=19&k_raceDate=2026%2F10%2F01&k_raceNo=10
2026-10-01 19:20:22,19:20,2026-10-01,funabashi,10,5,馬連,8-9,548.2,548.2,68,https://www.keiba.go.jp/KeibaWeb/TodayRaceInfo/OddsUmLenFuku?k_babaCode=19&k_raceDate=2026%2F10%2F01&k_raceNo=10
2026-10-01 19:20:22,19:20,2026-10-01,funabashi,10,5,馬連,8-11,562.6,562.6,69,https://www.keiba.go.jp/KeibaWeb/TodayRaceInfo/OddsUmLenFuku?k_babaCode=19&k_raceDate=2026%2F10%2F01&k_raceNo=10
2026-10-01 19:20:22,19:20,2026-10-01,funabashi,10,5,馬連,3-8,572.7,572.7,70,https://www.keiba.go.jp/KeibaWeb/TodayRaceInfo/OddsUmLenFuku?k_babaCode=19&k_raceDate=2026%2F10%2F01&k_raceNo=10
2026-10-01 19:20:22,19:20,2026-10-01,funabashi,10,5,馬連,10-13,593.9,593.9,71,https://www.keiba.go.jp/KeibaWeb/TodayRaceInfo/OddsUmLenFuku?k_babaCode=19&k_raceDate=2026%2F10%2F01&k_raceNo=10
2026-10-01 19:20:22,19:20,2026-10-01,funabashi,10,5,馬連,2-8,616.7,616.7,72,https://www.keiba.go.jp/KeibaWeb/TodayRaceInfo/OddsUmLenFuku?k_babaCode=19&k_raceDate=2026%2F10%2F01&k_raceNo=10
2026-10-01 19:20:22,19:20,2026-10-01,funabashi,10,5,馬連,11-13,622.7,622.7,73,https://www.keiba.go.jp/KeibaWeb/TodayRaceInfo/OddsUmLenFuku?k_babaCode=19&k_raceDate=2026%2F10%2F01&k_raceNo=10
2026-10-01 19:20:22,19:20,2026-10-01,funabashi,10,5,馬連,9-13,641.4,641.4,74,https://www.keiba.go.jp/KeibaWeb/TodayRaceInfo/OddsUmLenFuku?k_babaCode=19&k_raceDate=2026%2F10%2F01&k_raceNo=10
2026-10-01 19:20:22,19:20,2026-10-01,funabashi,10,5,馬連,7-8,661.2,661.2,75,https://www.keiba.go.jp/KeibaWeb/TodayRaceInfo/OddsUmLenFuku?k_babaCode=19&k_raceDate=2026%2F10%2F01&k_raceNo=10
2026-10-01 19:20:22,19:20,2026-10-01,funabashi,10,5,馬連,13-14,682.3,682.3,76,https://www.keiba.go.jp/KeibaWeb/TodayRaceInfo/OddsUmLenFuku?k_babaCode=19&k_raceDate=2026%2F10%2F01&k_raceNo=10
2026-10-01 19:20:22,19:20,2026-10-01,funabashi,10,5,馬連,8-10,712.7,712.7,77,https://www.keiba.go.jp/KeibaWeb/TodayRaceInfo/OddsUmLenFuku?k_babaCode=19&k_raceDate=2026%2F10%2F01&k_raceNo=10
2026-10-01 19:20:22,19:20,2026-10-01,funabashi,10,5,馬連,3-4,720.7,720.7,78,https://www.keiba.go.jp/KeibaWeb/TodayRaceInfo/OddsUmLenFuku?k_babaCode=19&k_raceDate=2026%2F10%2F01&k_raceNo=10
2026-10-01 19:20:22,19:20,2026-10-01,funabashi,10,5,馬連,4-5,720.7,720.7,78,https://www.keiba.go.jp/KeibaWeb/TodayRaceInfo/OddsUmLenFuku?k_babaCode=19&k_raceDate=2026%2F10%2F01&k_raceNo=10
2026-10-01 19:20:22,19:20,2026-10-01,funabashi,10,5,馬連,4-9,745.8,745.8,80,https://www.keiba.go.jp/KeibaWeb/TodayRaceInfo/OddsUmLenFuku?k_babaCode=19&k_raceDate=2026%2F10%2F01&k_raceNo=10
2026-10-01 19:20:22,19:20,2026-10-01,funabashi,10,5,馬連,8-14,745.8,745.8,80,https://www.keiba.go.jp/KeibaWeb/TodayRaceInfo/OddsUmLenFuku?k_babaCode=19&k_raceDate=2026%2F10%2F01&k_raceNo=10
2026-10-01 19:20:22,19:20,2026-10-01,funabashi,10,5,馬連,2-4,843.9,843.9,82,https://www.keiba.go.jp/KeibaWeb/TodayRaceInfo/OddsUmLenFuku?k_babaCode=19&k_raceDate=2026%2F10%2F01&k_raceNo=10
2026-10-01 19:20:22,19:20,2026-10-01,funabashi,10,5,馬連,4-7,855.2,855.2,83,https://www.keiba.go.jp/KeibaWeb/TodayRaceInfo/OddsUmLenFuku?k_babaCode=19&k_raceDate=2026%2F10%2F01&k_raceNo=10
2026-10-01 19:20:22,19:20,2026-10-01,funabashi,10,5,馬連,2-13,866.7,866.7,84,https://www.keiba.go.jp/KeibaWeb/TodayRaceInfo/OddsUmLenFuku?k_babaCode=19&k_raceDate=2026%2F10%2F01&k_raceNo=10
2026-10-01 19:20:22,19:20,2026-10-01,funabashi,10,5,馬連,4-11,866.7,866.7,84,https://www.keiba.go.jp/KeibaWeb/TodayRaceInfo/OddsUmLenFuku?k_babaCode=19&k_raceDate=2026%2F10%2F01&k_raceNo=10
2026-10-01 19:20:22,19:20,2026-10-01,funabashi,10,5,馬連,7-13,890.8,890.8,86,https://www.keiba.go.jp/KeibaWeb/TodayRaceInfo/OddsUmLenFuku?k_babaCode=19&k_raceDate=2026%2F10%2F01&k_raceNo=10
2026-10-01 19:20:22,19:20,2026-10-01,funabashi,10,5,馬連,4-14,1336.3,1336.3,87,https://www.keiba.go.jp/KeibaWeb/TodayRaceInfo/OddsUmLenFuku?k_babaCode=19&k_raceDate=2026%2F10%2F01&k_raceNo=10
2026-10-01 19:20:22,19:20,2026-10-01,funabashi,10,5,馬連,4-10,1491.6,1491.6,88,https://www.keiba.go.jp/KeibaWeb/TodayRaceInfo/OddsUmLenFuku?k_babaCode=19&k_raceDate=2026%2F10%2F01&k_raceNo=10
2026-10-01 19:20:22,19:20,2026-10-01,funabashi,10,5,馬連,4-8,1687.9,1687.9,89,https://www.keiba.go.jp/KeibaWeb/TodayRaceInfo/OddsUmLenFuku?k_babaCode=19&k_raceDate=2026%2F10%2F01&k_raceNo=10
2026-10-01 19:20:22,19:20,2026-10-01,funabashi,10,5,馬連,8-13,2915.5,2915.5,90,https://www.keiba.go.jp/KeibaWeb/TodayRaceInfo/OddsUmLenFuku?k_babaCode=19&k_raceDate=2026%2F10%2F01&k_raceNo=10
2026-10-01 19:20:22,19:20,2026-10-01,funabashi,10,5,馬連,4-13,3563.5,3563.5,91,https://www.keiba.go.jp/KeibaWeb/TodayRaceInfo/OddsUmLenFuku?k_babaCode=19&k_raceDate=2026%2F10%2F01&k_raceNo=10
2026-10-01 19:20:22,19:20,2026-10-01,funabashi,10,5,ワイド,5-6,3.1,3.4,1,https://www.keiba.go.jp/KeibaWeb/TodayRaceInfo/OddsWide?k_babaCode=19&k_raceDate=2026%2F10%2F01&k_raceNo=10
2026-10-01 19:20:22,19:20,2026-10-01,funabashi,10,5,ワイド,6-12,3.5,3.9,2,https://www.keiba.go.jp/KeibaWeb/TodayRaceInfo/OddsWide?k_babaCode=19&k_raceDate=2026%2F10%2F01&k_raceNo=10
2026-10-01 19:20:22,19:20,2026-10-01,funabashi,10,5,ワイド,1-6,4.3,4.7,3,https://www.keiba.go.jp/KeibaWeb/TodayRaceInfo/OddsWide?k_babaCode=19&k_raceDate=2026%2F10%2F01&k_raceNo=10
2026-10-01 19:20:22,19:20,2026-10-01,funabashi,10,5,ワイド,1-12,6.0,6.9,4,https://www.keiba.go.jp/KeibaWeb/TodayRaceInfo/OddsWide?k_babaCode=19&k_raceDate=2026%2F10%2F01&k_raceNo=10
2026-10-01 19:20:22,19:20,2026-10-01,funabashi,10,5,ワイド,3-12,6.4,7.1,5,https://www.keiba.go.jp/KeibaWeb/TodayRaceInfo/OddsWide?k_babaCode=19&k_raceDate=2026%2F10%2F01&k_raceNo=10
2026-10-01 19:20:22,19:20,2026-10-01,funabashi,10,5,ワイド,5-12,6.7,7.8,6,https://www.keiba.go.jp/KeibaWeb/TodayRaceInfo/OddsWide?k_babaCode=19&k_raceDate=2026%2F10%2F01&k_raceNo=10
2026-10-01 19:20:22,19:20,2026-10-01,funabashi,10,5,ワイド,3-6,6.8,7.6,7,https://www.keiba.go.jp/KeibaWeb/TodayRaceInfo/OddsWide?k_babaCode=19&k_raceDate=2026%2F10%2F01&k_raceNo=10
2026-10-01 19:20:22,19:20,2026-10-01,funabashi,10,5,ワイド,9-12,7.1,7.8,8,https://www.keiba.go.jp/KeibaWeb/TodayRaceInfo/OddsWide?k_babaCode=19&k_raceDate=2026%2F10%2F01&k_raceNo=10
2026-10-01 19:20:22,19:20,2026-10-01,funabashi,10,5,ワイド,6-9,7.8,8.6,9,https://www.keiba.go.jp/KeibaWeb/TodayRaceInfo/OddsWide?k_babaCode=19&k_raceDate=2026%2F10%2F01&k_raceNo=10
2026-10-01 19:20:22,19:20,2026-10-01,funabashi,10,5,ワイド,2-12,8.7,9.5,10,https://www.keiba.go.jp/KeibaWeb/TodayRaceInfo/OddsWide?k_babaCode=19&k_raceDate=2026%2F10%2F01&k_raceNo=10
2026-10-01 19:20:22,19:20,2026-10-01,funabashi,10,5,ワイド,1-5,8.7,10.0,11,https://www.keiba.go.jp/KeibaWeb/TodayRaceInfo/OddsWide?k_babaCode=19&k_raceDate=2026%2F10%2F01&k_raceNo=10
2026-10-01 19:20:22,19:20,2026-10-01,funabashi,10,5,ワイド,3-5,10.0,11.2,12,https://www.keiba.go.jp/KeibaWeb/TodayRaceInfo/OddsWide?k_babaCode=19&k_raceDate=2026%2F10%2F01&k_raceNo=10
2026-10-01 19:20:22,19:20,2026-10-01,funabashi,10,5,ワイド,12-14,10.3,11.2,13,https://www.keiba.go.jp/KeibaWeb/TodayRaceInfo/OddsWide?k_babaCode=19&k_raceDate=2026%2F10%2F01&k_raceNo=10
2026-10-01 19:20:22,19:20,2026-10-01,funabashi,10,5,ワイド,1-9,11.3,12.3,14,https://www.keiba.go.jp/KeibaWeb/TodayRaceInfo/OddsWide?k_babaCode=19&k_raceDate=2026%2F10%2F01&k_raceNo=10
2026-10-01 19:20:22,19:20,2026-10-01,funabashi,10,5,ワイド,5-9,13.0,14.6,15,https://www.keiba.go.jp/KeibaWeb/TodayRaceInfo/OddsWide?k_babaCode=19&k_raceDate=2026%2F10%2F01&k_raceNo=10
2026-10-01 19:20:22,19:20,2026-10-01,funabashi,10,5,ワイド,2-6,13.7,15.1,16,https://www.keiba.go.jp/KeibaWeb/TodayRaceInfo/OddsWide?k_babaCode=19&k_raceDate=2026%2F10%2F01&k_raceNo=10
2026-10-01 19:20:22,19:20,2026-10-01,funabashi,10,5,ワイド,10-12,14.5,15.8,17,https://www.keiba.go.jp/KeibaWeb/TodayRaceInfo/OddsWide?k_babaCode=19&k_raceDate=2026%2F10%2F01&k_raceNo=10
2026-10-01 19:20:22,19:20,2026-10-01,funabashi,10,5,ワイド,6-10,15.3,16.8,18,https://www.keiba.go.jp/KeibaWeb/TodayRaceInfo/OddsWide?k_babaCode=19&k_raceDate=2026%2F10%2F01&k_raceNo=10
2026-10-01 19:20:22,19:20,2026-10-01,funabashi,10,5,ワイド,11-12,15.4,16.8,19,https://www.keiba.go.jp/KeibaWeb/TodayRaceInfo/OddsWide?k_babaCode=19&k_raceDate=2026%2F10%2F01&k_raceNo=10
2026-10-01 19:20:22,19:20,2026-10-01,funabashi,10,5,ワイド,6-11,16.6,18.2,20,https://www.keiba.go.jp/KeibaWeb/TodayRaceInfo/OddsWide?k_babaCode=19&k_raceDate=2026%2F10%2F01&k_raceNo=10
2026-10-01 19:20:22,19:20,2026-10-01,funabashi,10,5,ワイド,6-14,16.9,18.5,21,https://www.keiba.go.jp/KeibaWeb/TodayRaceInfo/OddsWide?k_babaCode=19&k_raceDate=2026%2F10%2F01&k_raceNo=10
2026-10-01 19:20:22,19:20,2026-10-01,funabashi,10,5,ワイド,1-3,17.1,18.7,22,https://www.keiba.go.jp/KeibaWeb/TodayRaceInfo/OddsWide?k_babaCode=19&k_raceDate=2026%2F10%2F01&k_raceNo=10
2026-10-01 19:20:22,19:20,2026-10-01,funabashi,10,5,ワイド,2-3,18.5,19.7,23,https://www.keiba.go.jp/KeibaWeb/TodayRaceInfo/OddsWide?k_babaCode=19&k_raceDate=2026%2F10%2F01&k_raceNo=10
2026-10-01 19:20:22,19:20,2026-10-01,funabashi,10,5,ワイド,3-9,20.3,21.8,24,https://www.keiba.go.jp/KeibaWeb/TodayRaceInfo/OddsWide?k_babaCode=19&k_raceDate=2026%2F10%2F01&k_raceNo=10
2026-10-01 19:20:22,19:20,2026-10-01,funabashi,10,5,ワイド,2-9,21.2,22.5,25,https://www.keiba.go.jp/KeibaWeb/TodayRaceInfo/OddsWide?k_babaCode=19&k_raceDate=2026%2F10%2F01&k_raceNo=10
2026-10-01 19:20:22,19:20,2026-10-01,funabashi,10,5,ワイド,3-10,22.6,23.8,26,https://www.keiba.go.jp/KeibaWeb/TodayRaceInfo/OddsWide?k_babaCode=19&k_raceDate=2026%2F10%2F01&k_raceNo=10
2026-10-01 19:20:22,19:20,2026-10-01,funabashi,10,5,ワイド,1-2,22.6,24.3,27,https://www.keiba.go.jp/KeibaWeb/TodayRaceInfo/OddsWide?k_babaCode=19&k_raceDate=2026%2F10%2F01&k_raceNo=10
2026-10-01 19:20:22,19:20,2026-10-01,funabashi,10,5,ワイド,6-7,22.6,24.8,28,https://www.keiba.go.jp/KeibaWeb/TodayRaceInfo/OddsWide?k_babaCode=19&k_raceDate=2026%2F10%2F01&k_raceNo=10
2026-10-01 19:20:22,19:20,2026-10-01,funabashi,10,5,ワイド,5-10,22.8,25.2,29,https://www.keiba.go.jp/KeibaWeb/TodayRaceInfo/OddsWide?k_babaCode=19&k_raceDate=2026%2F10%2F01&k_raceNo=10
2026-10-01 19:20:22,19:20,2026-10-01,funabashi,10,5,ワイド,3-11,23.0,24.2,30,https://www.keiba.go.jp/KeibaWeb/TodayRaceInfo/OddsWide?k_babaCode=19&k_raceDate=2026%2F10%2F01&k_raceNo=10
2026-10-01 19:20:22,19:20,2026-10-01,funabashi,10,5,ワイド,2-5,23.2,25.7,31,https://www.keiba.go.jp/KeibaWeb/TodayRaceInfo/OddsWide?k_babaCode=19&k_raceDate=2026%2F10%2F01&k_raceNo=10
2026-10-01 19:20:22,19:20,2026-10-01,funabashi,10,5,ワイド,5-7,24.0,26.4,32,https://www.keiba.go.jp/KeibaWeb/TodayRaceInfo/OddsWide?k_babaCode=19&k_raceDate=2026%2F10%2F01&k_raceNo=10
2026-10-01 19:20:22,19:20,2026-10-01,funabashi,10,5,ワイド,3-14,24.3,25.8,33,https://www.keiba.go.jp/KeibaWeb/TodayRaceInfo/OddsWide?k_babaCode=19&k_raceDate=2026%2F10%2F01&k_raceNo=10
2026-10-01 19:20:22,19:20,2026-10-01,funabashi,10,5,ワイド,1-11,25.7,27.5,34,https://www.keiba.go.jp/KeibaWeb/TodayRaceInfo/OddsWide?k_babaCode=19&k_raceDate=2026%2F10%2F01&k_raceNo=10
2026-10-01 19:20:22,19:20,2026-10-01,funabashi,10,5,ワイド,3-7,25.8,26.9,35,https://www.keiba.go.jp/KeibaWeb/TodayRaceInfo/OddsWide?k_babaCode=19&k_raceDate=2026%2F10%2F01&k_raceNo=10
2026-10-01 19:20:22,19:20,2026-10-01,funabashi,10,5,ワイド,9-11,26.1,27.3,36,https://www.keiba.go.jp/KeibaWeb/TodayRaceInfo/OddsWide?k_babaCode=19&k_raceDate=2026%2F10%2F01&k_raceNo=10
2026-10-01 19:20:22,19:20,2026-10-01,funabashi,10,5,ワイド,2-14,27.7,29.1,37,https://www.keiba.go.jp/KeibaWeb/TodayRaceInfo/OddsWide?k_babaCode=19&k_raceDate=2026%2F10%2F01&k_raceNo=10
2026-10-01 19:20:22,19:20,2026-10-01,funabashi,10,5,ワイド,5-11,28.7,31.7,38,https://www.keiba.go.jp/KeibaWeb/TodayRaceInfo/OddsWide?k_babaCode=19&k_raceDate=2026%2F10%2F01&k_raceNo=10
2026-10-01 19:20:22,19:20,2026-10-01,funabashi,10,5,ワイド,5-14,29.0,32.1,39,https://www.keiba.go.jp/KeibaWeb/TodayRaceInfo/OddsWide?k_babaCode=19&k_raceDate=2026%2F10%2F01&k_raceNo=10
2026-10-01 19:20:22,19:20,2026-10-01,funabashi,10,5,ワイド,1-10,29.8,32.0,40,https://www.keiba.go.jp/KeibaWeb/TodayRaceInfo/OddsWide?k_babaCode=19&k_raceDate=2026%2F10%2F01&k_raceNo=10
2026-10-01 19:20:22,19:20,2026-10-01,funabashi,10,5,ワイド,7-12,31.2,33.9,41,https://www.keiba.go.jp/KeibaWeb/TodayRaceInfo/OddsWide?k_babaCode=19&k_raceDate=2026%2F10%2F01&k_raceNo=10
2026-10-01 19:20:22,19:20,2026-10-01,funabashi,10,5,ワイド,9-14,32.3,34.2,42,https://www.keiba.go.jp/KeibaWeb/TodayRaceInfo/OddsWide?k_babaCode=19&k_raceDate=2026%2F10%2F01&k_raceNo=10
2026-10-01 19:20:22,19:20,2026-10-01,funabashi,10,5,ワイド,7-9,33.6,34.9,43,https://www.keiba.go.jp/KeibaWeb/TodayRaceInfo/OddsWide?k_babaCode=19&k_raceDate=2026%2F10%2F01&k_raceNo=10
2026-10-01 19:20:22,19:20,2026-10-01,funabashi,10,5,ワイド,8-12,35.4,38.1,44,https://www.keiba.go.jp/KeibaWeb/TodayRaceInfo/OddsWide?k_babaCode=19&k_raceDate=2026%2F10%2F01&k_raceNo=10
2026-10-01 19:20:22,19:20,2026-10-01,funabashi,10,5,ワイド,1-7,37.2,39.7,45,https://www.keiba.go.jp/KeibaWeb/TodayRaceInfo/OddsWide?k_babaCode=19&k_raceDate=2026%2F10%2F01&k_raceNo=10
2026-10-01 19:20:22,19:20,2026-10-01,funabashi,10,5,ワイド,9-10,38.9,40.8,46,https://www.keiba.go.jp/KeibaWeb/TodayRaceInfo/OddsWide?k_babaCode=19&k_raceDate=2026%2F10%2F01&k_raceNo=10
2026-10-01 19:20:22,19:20,2026-10-01,funabashi,10,5,ワイド,3-13,40.1,41.7,47,https://www.keiba.go.jp/KeibaWeb/TodayRaceInfo/OddsWide?k_babaCode=19&k_raceDate=2026%2F10%2F01&k_raceNo=10
2026-10-01 19:20:22,19:20,2026-10-01,funabashi,10,5,ワイド,1-14,45.5,48.8,48,https://www.keiba.go.jp/KeibaWeb/TodayRaceInfo/OddsWide?k_babaCode=19&k_raceDate=2026%2F10%2F01&k_raceNo=10
2026-10-01 19:20:22,19:20,2026-10-01,funabashi,10,5,ワイド,10-11,48.8,50.3,49,https://www.keiba.go.jp/KeibaWeb/TodayRaceInfo/OddsWide?k_babaCode=19&k_raceDate=2026%2F10%2F01&k_raceNo=10
2026-10-01 19:20:22,19:20,2026-10-01,funabashi,10,5,ワイド,10-14,49.1,51.0,50,https://www.keiba.go.jp/KeibaWeb/TodayRaceInfo/OddsWide?k_babaCode=19&k_raceDate=2026%2F10%2F01&k_raceNo=10
2026-10-01 19:20:22,19:20,2026-10-01,funabashi,10,5,ワイド,2-11,50.6,52.7,51,https://www.keiba.go.jp/KeibaWeb/TodayRaceInfo/OddsWide?k_babaCode=19&k_raceDate=2026%2F10%2F01&k_raceNo=10
2026-10-01 19:20:22,19:20,2026-10-01,funabashi,10,5,ワイド,2-7,50.9,52.6,52,https://www.keiba.go.jp/KeibaWeb/TodayRaceInfo/OddsWide?k_babaCode=19&k_raceDate=2026%2F10%2F01&k_raceNo=10
2026-10-01 19:20:22,19:20,2026-10-01,funabashi,10,5,ワイド,12-13,54.8,59.1,53,https://www.keiba.go.jp/KeibaWeb/TodayRaceInfo/OddsWide?k_babaCode=19&k_raceDate=2026%2F10%2F01&k_raceNo=10
2026-10-01 19:20:22,19:20,2026-10-01,funabashi,10,5,ワイド,2-10,55.6,58.0,54,https://www.keiba.go.jp/KeibaWeb/TodayRaceInfo/OddsWide?k_babaCode=19&k_raceDate=2026%2F10%2F01&k_raceNo=10
2026-10-01 19:20:22,19:20,2026-10-01,funabashi,10,5,ワイド,6-13,60.3,65.9,55,https://www.keiba.go.jp/KeibaWeb/TodayRaceInfo/OddsWide?k_babaCode=19&k_raceDate=2026%2F10%2F01&k_raceNo=10
2026-10-01 19:20:22,19:20,2026-10-01,funabashi,10,5,ワイド,5-13,63.7,69.7,56,https://www.keiba.go.jp/KeibaWeb/TodayRaceInfo/OddsWide?k_babaCode=19&k_raceDate=2026%2F10%2F01&k_raceNo=10
2026-10-01 19:20:22,19:20,2026-10-01,funabashi,10,5,ワイド,1-8,65.1,69.2,57,https://www.keiba.go.jp/KeibaWeb/TodayRaceInfo/OddsWide?k_babaCode=19&k_raceDate=2026%2F10%2F01&k_raceNo=10
2026-10-01 19:20:22,19:20,2026-10-01,funabashi,10,5,ワイド,11-14,66.0,68.5,58,https://www.keiba.go.jp/KeibaWeb/TodayRaceInfo/OddsWide?k_babaCode=19&k_raceDate=2026%2F10%2F01&k_raceNo=10
2026-10-01 19:20:22,19:20,2026-10-01,funabashi,10,5,ワイド,7-11,70.1,71.6,59,https://www.keiba.go.jp/KeibaWeb/TodayRaceInfo/OddsWide?k_babaCode=19&k_raceDate=2026%2F10%2F01&k_raceNo=10
2026-10-01 19:20:22,19:20,2026-10-01,funabashi,10,5,ワイド,6-8,83.0,90.6,60,https://www.keiba.go.jp/KeibaWeb/TodayRaceInfo/OddsWide?k_babaCode=19&k_raceDate=2026%2F10%2F01&k_raceNo=10
2026-10-01 19:20:22,19:20,2026-10-01,funabashi,10,5,ワイド,4-12,84.1,90.4,61,https://www.keiba.go.jp/KeibaWeb/TodayRaceInfo/OddsWide?k_babaCode=19&k_raceDate=2026%2F10%2F01&k_raceNo=10
2026-10-01 19:20:22,19:20,2026-10-01,funabashi,10,5,ワイド,9-13,86.3,89.5,62,https://www.keiba.go.jp/KeibaWeb/TodayRaceInfo/OddsWide?k_babaCode=19&k_raceDate=2026%2F10%2F01&k_raceNo=10
2026-10-01 19:20:22,19:20,2026-10-01,funabashi,10,5,ワイド,7-14,86.7,89.2,63,https://www.keiba.go.jp/KeibaWeb/TodayRaceInfo/OddsWide?k_babaCode=19&k_raceDate=2026%2F10%2F01&k_raceNo=10
2026-10-01 19:20:22,19:20,2026-10-01,funabashi,10,5,ワイド,7-10,92.5,94.6,64,https://www.keiba.go.jp/KeibaWeb/TodayRaceInfo/OddsWide?k_babaCode=19&k_raceDate=2026%2F10%2F01&k_raceNo=10
2026-10-01 19:20:22,19:20,2026-10-01,funabashi,10,5,ワイド,5-8,103.8,113.5,65,https://www.keiba.go.jp/KeibaWeb/TodayRaceInfo/OddsWide?k_babaCode=19&k_raceDate=2026%2F10%2F01&k_raceNo=10
2026-10-01 19:20:22,19:20,2026-10-01,funabashi,10,5,ワイド,2-8,109.9,113.5,66,https://www.keiba.go.jp/KeibaWeb/TodayRaceInfo/OddsWide?k_babaCode=19&k_raceDate=2026%2F10%2F01&k_raceNo=10
2026-10-01 19:20:22,19:20,2026-10-01,funabashi,10,5,ワイド,4-6,110.7,120.7,67,https://www.keiba.go.jp/KeibaWeb/TodayRaceInfo/OddsWide?k_babaCode=19&k_raceDate=2026%2F10%2F01&k_raceNo=10
2026-10-01 19:20:22,19:20,2026-10-01,funabashi,10,5,ワイド,13-14,111.6,114.5,68,https://www.keiba.go.jp/KeibaWeb/TodayRaceInfo/OddsWide?k_babaCode=19&k_raceDate=2026%2F10%2F01&k_raceNo=10
2026-10-01 19:20:22,19:20,2026-10-01,funabashi,10,5,ワイド,8-9,116.2,120.8,69,https://www.keiba.go.jp/KeibaWeb/TodayRaceInfo/OddsWide?k_babaCode=19&k_raceDate=2026%2F10%2F01&k_raceNo=10
2026-10-01 19:20:22,19:20,2026-10-01,funabashi,10,5,ワイド,1-4,120.1,127.5,70,https://www.keiba.go.jp/KeibaWeb/TodayRaceInfo/OddsWide?k_babaCode=19&k_raceDate=2026%2F10%2F01&k_raceNo=10
2026-10-01 19:20:22,19:20,2026-10-01,funabashi,10,5,ワイド,1-13,124.4,132.3,71,https://www.keiba.go.jp/KeibaWeb/TodayRaceInfo/OddsWide?k_babaCode=19&k_raceDate=2026%2F10%2F01&k_raceNo=10
2026-10-01 19:20:22,19:20,2026-10-01,funabashi,10,5,ワイド,7-8,130.1,131.7,72,https://www.keiba.go.jp/KeibaWeb/TodayRaceInfo/OddsWide?k_babaCode=19&k_raceDate=2026%2F10%2F01&k_raceNo=10
2026-10-01 19:20:22,19:20,2026-10-01,funabashi,10,5,ワイド,2-13,132.2,136.3,73,https://www.keiba.go.jp/KeibaWeb/TodayRaceInfo/OddsWide?k_babaCode=19&k_raceDate=2026%2F10%2F01&k_raceNo=10
2026-10-01 19:20:22,19:20,2026-10-01,funabashi,10,5,ワイド,8-14,133.1,136.9,74,https://www.keiba.go.jp/KeibaWeb/TodayRaceInfo/OddsWide?k_babaCode=19&k_raceDate=2026%2F10%2F01&k_raceNo=10
2026-10-01 19:20:22,19:20,2026-10-01,funabashi,10,5,ワイド,7-13,135.1,136.9,75,https://www.keiba.go.jp/KeibaWeb/TodayRaceInfo/OddsWide?k_babaCode=19&k_raceDate=2026%2F10%2F01&k_raceNo=10
2026-10-01 19:20:22,19:20,2026-10-01,funabashi,10,5,ワイド,3-8,144.6,151.0,76,https://www.keiba.go.jp/KeibaWeb/TodayRaceInfo/OddsWide?k_babaCode=19&k_raceDate=2026%2F10%2F01&k_raceNo=10
2026-10-01 19:20:22,19:20,2026-10-01,funabashi,10,5,ワイド,11-13,146.8,149.5,77,https://www.keiba.go.jp/KeibaWeb/TodayRaceInfo/OddsWide?k_babaCode=19&k_raceDate=2026%2F10%2F01&k_raceNo=10
2026-10-01 19:20:22,19:20,2026-10-01,funabashi,10,5,ワイド,4-7,149.4,151.0,78,https://www.keiba.go.jp/KeibaWeb/TodayRaceInfo/OddsWide?k_babaCode=19&k_raceDate=2026%2F10%2F01&k_raceNo=10
2026-10-01 19:20:22,19:20,2026-10-01,funabashi,10,5,ワイド,10-13,149.8,152.8,79,https://www.keiba.go.jp/KeibaWeb/TodayRaceInfo/OddsWide?k_babaCode=19&k_raceDate=2026%2F10%2F01&k_raceNo=10
2026-10-01 19:20:22,19:20,2026-10-01,funabashi,10,5,ワイド,4-9,150.7,155.9,80,https://www.keiba.go.jp/KeibaWeb/TodayRaceInfo/OddsWide?k_babaCode=19&k_raceDate=2026%2F10%2F01&k_raceNo=10
2026-10-01 19:20:22,19:20,2026-10-01,funabashi,10,5,ワイド,8-10,157.2,160.6,81,https://www.keiba.go.jp/KeibaWeb/TodayRaceInfo/OddsWide?k_babaCode=19&k_raceDate=2026%2F10%2F01&k_raceNo=10
2026-10-01 19:20:22,19:20,2026-10-01,funabashi,10,5,ワイド,3-4,175.7,182.6,82,https://www.keiba.go.jp/KeibaWeb/TodayRaceInfo/OddsWide?k_babaCode=19&k_raceDate=2026%2F10%2F01&k_raceNo=10
2026-10-01 19:20:22,19:20,2026-10-01,funabashi,10,5,ワイド,8-11,183.9,187.7,83,https://www.keiba.go.jp/KeibaWeb/TodayRaceInfo/OddsWide?k_babaCode=19&k_raceDate=2026%2F10%2F01&k_raceNo=10
2026-10-01 19:20:22,19:20,2026-10-01,funabashi,10,5,ワイド,2-4,190.0,195.5,84,https://www.keiba.go.jp/KeibaWeb/TodayRaceInfo/OddsWide?k_babaCode=19&k_raceDate=2026%2F10%2F01&k_raceNo=10
2026-10-01 19:20:22,19:20,2026-10-01,funabashi,10,5,ワイド,4-5,191.0,208.5,85,https://www.keiba.go.jp/KeibaWeb/TodayRaceInfo/OddsWide?k_babaCode=19&k_raceDate=2026%2F10%2F01&k_raceNo=10
2026-10-01 19:20:22,19:20,2026-10-01,funabashi,10,5,ワイド,4-14,241.9,247.6,86,https://www.keiba.go.jp/KeibaWeb/TodayRaceInfo/OddsWide?k_babaCode=19&k_raceDate=2026%2F10%2F01&k_raceNo=10
2026-10-01 19:20:22,19:20,2026-10-01,funabashi,10,5,ワイド,4-10,267.4,272.0,87,https://www.keiba.go.jp/KeibaWeb/TodayRaceInfo/OddsWide?k_babaCode=19&k_raceDate=2026%2F10%2F01&k_raceNo=10
2026-10-01 19:20:22,19:20,2026-10-01,funabashi,10,5,ワイド,4-11,303.3,308.2,88,https://www.keiba.go.jp/KeibaWeb/TodayRaceInfo/OddsWide?k_babaCode=19&k_raceDate=2026%2F10%2F01&k_raceNo=10
2026-10-01 19:20:22,19:20,2026-10-01,funabashi,10,5,ワイド,4-8,348.5,351.5,89,https://www.keiba.go.jp/KeibaWeb/TodayRaceInfo/OddsWide?k_babaCode=19&k_raceDate=2026%2F10%2F01&k_raceNo=10
2026-10-01 19:20:22,19:20,2026-10-01,funabashi,10,5,ワイド,8-13,482.1,486.9,90,https://www.keiba.go.jp/KeibaWeb/TodayRaceInfo/OddsWide?k_babaCode=19&k_raceDate=2026%2F10%2F01&k_raceNo=10
2026-10-01 19:20:22,19:20,2026-10-01,funabashi,10,5,ワイド,4-13,706.9,711.3,91,https://www.keiba.go.jp/KeibaWeb/TodayRaceInfo/OddsWide?k_babaCode=19&k_raceDate=2026%2F10%2F01&k_raceNo=10
2026-10-01 19:20:22,19:20,2026-10-01,funabashi,10,5,三連複,1-6-12,15.6,15.6,1,https://www.keiba.go.jp/KeibaWeb/TodayRaceInfo/Odds3LenFuku?k_babaCode=19&k_raceDate=2026%2F10%2F01&k_raceNo=10
2026-10-01 19:20:22,19:20,2026-10-01,funabashi,10,5,三連複,5-6-12,16.1,16.1,2,https://www.keiba.go.jp/KeibaWeb/TodayRaceInfo/Odds3LenFuku?k_babaCode=19&k_raceDate=2026%2F10%2F01&k_raceNo=10
2026-10-01 19:20:22,19:20,2026-10-01,funabashi,10,5,三連複,1-5-6,19.6,19.6,3,https://www.keiba.go.jp/KeibaWeb/TodayRaceInfo/Odds3LenFuku?k_babaCode=19&k_raceDate=2026%2F10%2F01&k_raceNo=10
2026-10-01 19:20:22,19:20,2026-10-01,funabashi,10,5,三連複,3-6-12,26.2,26.2,4,https://www.keiba.go.jp/KeibaWeb/TodayRaceInfo/Odds3LenFuku?k_babaCode=19&k_raceDate=2026%2F10%2F01&k_raceNo=10
2026-10-01 19:20:22,19:20,2026-10-01,funabashi,10,5,三連複,6-9-12,27.1,27.1,5,https://www.keiba.go.jp/KeibaWeb/TodayRaceInfo/Odds3LenFuku?k_babaCode=19&k_raceDate=2026%2F10%2F01&k_raceNo=10
2026-10-01 19:20:22,19:20,2026-10-01,funabashi,10,5,三連複,5-6-9,32.0,32.0,6,https://www.keiba.go.jp/KeibaWeb/TodayRaceInfo/Odds3LenFuku?k_babaCode=19&k_raceDate=2026%2F10%2F01&k_raceNo=10
2026-10-01 19:20:22,19:20,2026-10-01,funabashi,10,5,三連複,2-6-12,34.4,34.4,7,https://www.keiba.go.jp/KeibaWeb/TodayRaceInfo/Odds3LenFuku?k_babaCode=19&k_raceDate=2026%2F10%2F01&k_raceNo=10
2026-10-01 19:20:22,19:20,2026-10-01,funabashi,10,5,三連複,1-6-9,35.5,35.5,8,https://www.keiba.go.jp/KeibaWeb/TodayRaceInfo/Odds3LenFuku?k_babaCode=19&k_raceDate=2026%2F10%2F01&k_raceNo=10
2026-10-01 19:20:22,19:20,2026-10-01,funabashi,10,5,三連複,3-5-6,36.1,36.1,9,https://www.keiba.go.jp/KeibaWeb/TodayRaceInfo/Odds3LenFuku?k_babaCode=19&k_raceDate=2026%2F10%2F01&k_raceNo=10
2026-10-01 19:20:22,19:20,2026-10-01,funabashi,10,5,三連複,1-5-12,37.2,37.2,10,https://www.keiba.go.jp/KeibaWeb/TodayRaceInfo/Odds3LenFuku?k_babaCode=19&k_raceDate=2026%2F10%2F01&k_raceNo=10
2026-10-01 19:20:22,19:20,2026-10-01,funabashi,10,5,三連複,1-3-6,40.1,40.1,11,https://www.keiba.go.jp/KeibaWeb/TodayRaceInfo/Odds3LenFuku?k_babaCode=19&k_raceDate=2026%2F10%2F01&k_raceNo=10
2026-10-01 19:20:22,19:20,2026-10-01,funabashi,10,5,三連複,1-9-12,46.2,46.2,12,https://www.keiba.go.jp/KeibaWeb/TodayRaceInfo/Odds3LenFuku?k_babaCode=19&k_raceDate=2026%2F10%2F01&k_raceNo=10
2026-10-01 19:20:22,19:20,2026-10-01,funabashi,10,5,三連複,6-10-12,53.2,53.2,13,https://www.keiba.go.jp/KeibaWeb/TodayRaceInfo/Odds3LenFuku?k_babaCode=19&k_raceDate=2026%2F10%2F01&k_raceNo=10
2026-10-01 19:20:22,19:20,2026-10-01,funabashi,10,5,三連複,5-9-12,55.7,55.7,14,https://www.keiba.go.jp/KeibaWeb/TodayRaceInfo/Odds3LenFuku?k_babaCode=19&k_raceDate=2026%2F10%2F01&k_raceNo=10
2026-10-01 19:20:22,19:20,2026-10-01,funabashi,10,5,三連複,6-12-14,57.6,57.6,15,https://www.keiba.go.jp/KeibaWeb/TodayRaceInfo/Odds3LenFuku?k_babaCode=19&k_raceDate=2026%2F10%2F01&k_raceNo=10
2026-10-01 19:20:22,19:20,2026-10-01,funabashi,10,5,三連複,3-5-12,58.8,58.8,16,https://www.keiba.go.jp/KeibaWeb/TodayRaceInfo/Odds3LenFuku?k_babaCode=19&k_raceDate=2026%2F10%2F01&k_raceNo=10
2026-10-01 19:20:22,19:20,2026-10-01,funabashi,10,5,三連複,1-3-12,58.9,58.9,17,https://www.keiba.go.jp/KeibaWeb/TodayRaceInfo/Odds3LenFuku?k_babaCode=19&k_raceDate=2026%2F10%2F01&k_raceNo=10
2026-10-01 19:20:22,19:20,2026-10-01,funabashi,10,5,三連複,5-6-10,60.2,60.2,18,https://www.keiba.go.jp/KeibaWeb/TodayRaceInfo/Odds3LenFuku?k_babaCode=19&k_raceDate=2026%2F10%2F01&k_raceNo=10
2026-10-01 19:20:22,19:20,2026-10-01,funabashi,10,5,三連複,2-5-6,61.9,61.9,19,https://www.keiba.go.jp/KeibaWeb/TodayRaceInfo/Odds3LenFuku?k_babaCode=19&k_raceDate=2026%2F10%2F01&k_raceNo=10
2026-10-01 19:20:22,19:20,2026-10-01,funabashi,10,5,三連複,1-2-6,62.4,62.4,20,https://www.keiba.go.jp/KeibaWeb/TodayRaceInfo/Odds3LenFuku?k_babaCode=19&k_raceDate=2026%2F10%2F01&k_raceNo=10
2026-10-01 19:20:22,19:20,2026-10-01,funabashi,10,5,三連複,6-11-12,66.3,66.3,21,https://www.keiba.go.jp/KeibaWeb/TodayRaceInfo/Odds3LenFuku?k_babaCode=19&k_raceDate=2026%2F10%2F01&k_raceNo=10
2026-10-01 19:20:22,19:20,2026-10-01,funabashi,10,5,三連複,1-2-12,70.5,70.5,22,https://www.keiba.go.jp/KeibaWeb/TodayRaceInfo/Odds3LenFuku?k_babaCode=19&k_raceDate=2026%2F10%2F01&k_raceNo=10
2026-10-01 19:20:22,19:20,2026-10-01,funabashi,10,5,三連複,3-6-9,70.8,70.8,23,https://www.keiba.go.jp/KeibaWeb/TodayRaceInfo/Odds3LenFuku?k_babaCode=19&k_raceDate=2026%2F10%2F01&k_raceNo=10
2026-10-01 19:20:22,19:20,2026-10-01,funabashi,10,5,三連複,1-5-9,71.1,71.1,24,https://www.keiba.go.jp/KeibaWeb/TodayRaceInfo/Odds3LenFuku?k_babaCode=19&k_raceDate=2026%2F10%2F01&k_raceNo=10
2026-10-01 19:20:22,19:20,2026-10-01,funabashi,10,5,三連複,1-3-5,78.0,78.0,25,https://www.keiba.go.jp/KeibaWeb/TodayRaceInfo/Odds3LenFuku?k_babaCode=19&k_raceDate=2026%2F10%2F01&k_raceNo=10
2026-10-01 19:20:22,19:20,2026-10-01,funabashi,10,5,三連複,1-6-10,81.6,81.6,26,https://www.keiba.go.jp/KeibaWeb/TodayRaceInfo/Odds3LenFuku?k_babaCode=19&k_raceDate=2026%2F10%2F01&k_raceNo=10
2026-10-01 19:20:22,19:20,2026-10-01,funabashi,10,5,三連複,2-3-12,81.9,81.9,27,https://www.keiba.go.jp/KeibaWeb/TodayRaceInfo/Odds3LenFuku?k_babaCode=19&k_raceDate=2026%2F10%2F01&k_raceNo=10
2026-10-01 19:20:22,19:20,2026-10-01,funabashi,10,5,三連複,2-3-6,83.3,83.3,28,https://www.keiba.go.jp/KeibaWeb/TodayRaceInfo/Odds3LenFuku?k_babaCode=19&k_raceDate=2026%2F10%2F01&k_raceNo=10
2026-10-01 19:20:22,19:20,2026-10-01,funabashi,10,5,三連複,1-6-11,84.6,84.6,29,https://www.keiba.go.jp/KeibaWeb/TodayRaceInfo/Odds3LenFuku?k_babaCode=19&k_raceDate=2026%2F10%2F01&k_raceNo=10
2026-10-01 19:20:22,19:20,2026-10-01,funabashi,10,5,三連複,5-6-11,97.1,97.1,30,https://www.keiba.go.jp/KeibaWeb/TodayRaceInfo/Odds3LenFuku?k_babaCode=19&k_raceDate=2026%2F10%2F01&k_raceNo=10
2026-10-01 19:20:22,19:20,2026-10-01,funabashi,10,5,三連複,3-9-12,97.3,97.3,31,https://www.keiba.go.jp/KeibaWeb/TodayRaceInfo/Odds3LenFuku?k_babaCode=19&k_raceDate=2026%2F10%2F01&k_raceNo=10
2026-10-01 19:20:22,19:20,2026-10-01,funabashi,10,5,三連複,5-6-14,97.8,97.8,32,https://www.keiba.go.jp/KeibaWeb/TodayRaceInfo/Odds3LenFuku?k_babaCode=19&k_raceDate=2026%2F10%2F01&k_raceNo=10
2026-10-01 19:20:22,19:20,2026-10-01,funabashi,10,5,三連複,2-5-12,98.4,98.4,33,https://www.keiba.go.jp/KeibaWeb/TodayRaceInfo/Odds3LenFuku?k_babaCode=19&k_raceDate=2026%2F10%2F01&k_raceNo=10
2026-10-01 19:20:22,19:20,2026-10-01,funabashi,10,5,三連複,2-6-9,100.0,100.0,34,https://www.keiba.go.jp/KeibaWeb/TodayRaceInfo/Odds3LenFuku?k_babaCode=19&k_raceDate=2026%2F10%2F01&k_raceNo=10
2026-10-01 19:20:22,19:20,2026-10-01,funabashi,10,5,三連複,5-6-7,102.6,102.6,35,https://www.keiba.go.jp/KeibaWeb/TodayRaceInfo/Odds3LenFuku?k_babaCode=19&k_raceDate=2026%2F10%2F01&k_raceNo=10
2026-10-01 19:20:22,19:20,2026-10-01,funabashi,10,5,三連複,6-9-10,104.8,104.8,36,https://www.keiba.go.jp/KeibaWeb/TodayRaceInfo/Odds3LenFuku?k_babaCode=19&k_raceDate=2026%2F10%2F01&k_raceNo=10
2026-10-01 19:20:22,19:20,2026-10-01,funabashi,10,5,三連複,1-11-12,105.5,105.5,37,https://www.keiba.go.jp/KeibaWeb/TodayRaceInfo/Odds3LenFuku?k_babaCode=19&k_raceDate=2026%2F10%2F01&k_raceNo=10
2026-10-01 19:20:22,19:20,2026-10-01,funabashi,10,5,三連複,1-10-12,107.4,107.4,38,https://www.keiba.go.jp/KeibaWeb/TodayRaceInfo/Odds3LenFuku?k_babaCode=19&k_raceDate=2026%2F10%2F01&k_raceNo=10
2026-10-01 19:20:22,19:20,2026-10-01,funabashi,10,5,三連複,3-12-14,108.1,108.1,39,https://www.keiba.go.jp/KeibaWeb/TodayRaceInfo/Odds3LenFuku?k_babaCode=19&k_raceDate=2026%2F10%2F01&k_raceNo=10
2026-10-01 19:20:22,19:20,2026-10-01,funabashi,10,5,三連複,2-9-12,109.2,109.2,40,https://www.keiba.go.jp/KeibaWeb/TodayRaceInfo/Odds3LenFuku?k_babaCode=19&k_raceDate=2026%2F10%2F01&k_raceNo=10
2026-10-01 19:20:22,19:20,2026-10-01,funabashi,10,5,三連複,3-6-10,112.6,112.6,41,https://www.keiba.go.jp/KeibaWeb/TodayRaceInfo/Odds3LenFuku?k_babaCode=19&k_raceDate=2026%2F10%2F01&k_raceNo=10
2026-10-01 19:20:22,19:20,2026-10-01,funabashi,10,5,三連複,6-7-12,117.5,117.5,42,https://www.keiba.go.jp/KeibaWeb/TodayRaceInfo/Odds3LenFuku?k_babaCode=19&k_raceDate=2026%2F10%2F01&k_raceNo=10
2026-10-01 19:20:22,19:20,2026-10-01,funabashi,10,5,三連複,3-6-14,117.7,117.7,43,https://www.keiba.go.jp/KeibaWeb/TodayRaceInfo/Odds3LenFuku?k_babaCode=19&k_raceDate=2026%2F10%2F01&k_raceNo=10
2026-10-01 19:20:22,19:20,2026-10-01,funabashi,10,5,三連複,3-5-9,118.8,118.8,44,https://www.keiba.go.jp/KeibaWeb/TodayRaceInfo/Odds3LenFuku?k_babaCode=19&k_raceDate=2026%2F10%2F01&k_raceNo=10
2026-10-01 19:20:22,19:20,2026-10-01,funabashi,10,5,三連複,5-10-12,121.3,121.3,45,https://www.keiba.go.jp/KeibaWeb/TodayRaceInfo/Odds3LenFuku?k_babaCode=19&k_raceDate=2026%2F10%2F01&k_raceNo=10
2026-10-01 19:20:22,19:20,2026-10-01,funabashi,10,5,三連複,1-6-14,130.6,130.6,46,https://www.keiba.go.jp/KeibaWeb/TodayRaceInfo/Odds3LenFuku?k_babaCode=19&k_raceDate=2026%2F10%2F01&k_raceNo=10
2026-10-01 19:20:22,19:20,2026-10-01,funabashi,10,5,三連複,3-6-11,135.8,135.8,47,https://www.keiba.go.jp/KeibaWeb/TodayRaceInfo/Odds3LenFuku?k_babaCode=19&k_raceDate=2026%2F10%2F01&k_raceNo=10
2026-10-01 19:20:22,19:20,2026-10-01,funabashi,10,5,三連複,2-12-14,136.2,136.2,48,https://www.keiba.go.jp/KeibaWeb/TodayRaceInfo/Odds3LenFuku?k_babaCode=19&k_raceDate=2026%2F10%2F01&k_raceNo=10
2026-10-01 19:20:22,19:20,2026-10-01,funabashi,10,5,三連複,1-12-14,142.9,142.9,49,https://www.keiba.go.jp/KeibaWeb/TodayRaceInfo/Odds3LenFuku?k_babaCode=19&k_raceDate=2026%2F10%2F01&k_raceNo=10
2026-10-01 19:20:22,19:20,2026-10-01,funabashi,10,5,三連複,1-2-5,145.1,145.1,50,https://www.keiba.go.jp/KeibaWeb/TodayRaceInfo/Odds3LenFuku?k_babaCode=19&k_raceDate=2026%2F10%2F01&k_raceNo=10
2026-10-01 19:20:22,19:20,2026-10-01,funabashi,10,5,三連複,1-3-9,146.4,146.4,51,https://www.keiba.go.jp/KeibaWeb/TodayRaceInfo/Odds3LenFuku?k_babaCode=19&k_raceDate=2026%2F10%2F01&k_raceNo=10
2026-10-01 19:20:22,19:20,2026-10-01,funabashi,10,5,三連複,5-7-12,149.4,149.4,52,https://www.keiba.go.jp/KeibaWeb/TodayRaceInfo/Odds3LenFuku?k_babaCode=19&k_raceDate=2026%2F10%2F01&k_raceNo=10
2026-10-01 19:20:22,19:20,2026-10-01,funabashi,10,5,三連複,9-11-12,151.5,151.5,53,https://www.keiba.go.jp/KeibaWeb/TodayRaceInfo/Odds3LenFuku?k_babaCode=19&k_raceDate=2026%2F10%2F01&k_raceNo=10
2026-10-01 19:20:22,19:20,2026-10-01,funabashi,10,5,三連複,6-9-11,151.6,151.6,54,https://www.keiba.go.jp/KeibaWeb/TodayRaceInfo/Odds3LenFuku?k_babaCode=19&k_raceDate=2026%2F10%2F01&k_raceNo=10
2026-10-01 19:20:22,19:20,2026-10-01,funabashi,10,5,三連複,1-6-7,152.2,152.2,55,https://www.keiba.go.jp/KeibaWeb/TodayRaceInfo/Odds3LenFuku?k_babaCode=19&k_raceDate=2026%2F10%2F01&k_raceNo=10
2026-10-01 19:20:22,19:20,2026-10-01,funabashi,10,5,三連複,9-10-12,152.7,152.7,56,https://www.keiba.go.jp/KeibaWeb/TodayRaceInfo/Odds3LenFuku?k_babaCode=19&k_raceDate=2026%2F10%2F01&k_raceNo=10
2026-10-01 19:20:22,19:20,2026-10-01,funabashi,10,5,三連複,3-10-12,153.7,153.7,57,https://www.keiba.go.jp/KeibaWeb/TodayRaceInfo/Odds3LenFuku?k_babaCode=19&k_raceDate=2026%2F10%2F01&k_raceNo=10
2026-10-01 19:20:22,19:20,2026-10-01,funabashi,10,5,三連複,6-9-14,156.4,156.4,58,https://www.keiba.go.jp/KeibaWeb/TodayRaceInfo/Odds3LenFuku?k_babaCode=19&k_raceDate=2026%2F10%2F01&k_raceNo=10
2026-10-01 19:20:22,19:20,2026-10-01,funabashi,10,5,三連複,5-11-12,157.0,157.0,59,https://www.keiba.go.jp/KeibaWeb/TodayRaceInfo/Odds3LenFuku?k_babaCode=19&k_raceDate=2026%2F10%2F01&k_raceNo=10
2026-10-01 19:20:22,19:20,2026-10-01,funabashi,10,5,三連複,5-12-14,157.8,157.8,60,https://www.keiba.go.jp/KeibaWeb/TodayRaceInfo/Odds3LenFuku?k_babaCode=19&k_raceDate=2026%2F10%2F01&k_raceNo=10
2026-10-01 19:20:22,19:20,2026-10-01,funabashi,10,5,三連複,5-9-10,164.9,164.9,61,https://www.keiba.go.jp/KeibaWeb/TodayRaceInfo/Odds3LenFuku?k_babaCode=19&k_raceDate=2026%2F10%2F01&k_raceNo=10
2026-10-01 19:20:22,19:20,2026-10-01,funabashi,10,5,三連複,3-11-12,165.8,165.8,62,https://www.keiba.go.jp/KeibaWeb/TodayRaceInfo/Odds3LenFuku?k_babaCode=19&k_raceDate=2026%2F10%2F01&k_raceNo=10
2026-10-01 19:20:22,19:20,2026-10-01,funabashi,10,5,三連複,1-2-9,173.0,173.0,63,https://www.keiba.go.jp/KeibaWeb/TodayRaceInfo/Odds3LenFuku?k_babaCode=19&k_raceDate=2026%2F10%2F01&k_raceNo=10
2026-10-01 19:20:22,19:20,2026-10-01,funabashi,10,5,三連複,3-5-7,177.2,177.2,64,https://www.keiba.go.jp/KeibaWeb/TodayRaceInfo/Odds3LenFuku?k_babaCode=19&k_raceDate=2026%2F10%2F01&k_raceNo=10
2026-10-01 19:20:22,19:20,2026-10-01,funabashi,10,5,三連複,6-7-9,177.8,177.8,65,https://www.keiba.go.jp/KeibaWeb/TodayRaceInfo/Odds3LenFuku?k_babaCode=19&k_raceDate=2026%2F10%2F01&k_raceNo=10
2026-10-01 19:20:22,19:20,2026-10-01,funabashi,10,5,三連複,1-5-10,178.0,178.0,66,https://www.keiba.go.jp/KeibaWeb/TodayRaceInfo/Odds3LenFuku?k_babaCode=19&k_raceDate=2026%2F10%2F01&k_raceNo=10
2026-10-01 19:20:22,19:20,2026-10-01,funabashi,10,5,三連複,1-5-7,178.8,178.8,67,https://www.keiba.go.jp/KeibaWeb/TodayRaceInfo/Odds3LenFuku?k_babaCode=19&k_raceDate=2026%2F10%2F01&k_raceNo=10
2026-10-01 19:20:22,19:20,2026-10-01,funabashi,10,5,三連複,3-6-7,182.4,182.4,68,https://www.keiba.go.jp/KeibaWeb/TodayRaceInfo/Odds3LenFuku?k_babaCode=19&k_raceDate=2026%2F10%2F01&k_raceNo=10
2026-10-01 19:20:22,19:20,2026-10-01,funabashi,10,5,三連複,1-2-3,186.6,186.6,69,https://www.keiba.go.jp/KeibaWeb/TodayRaceInfo/Odds3LenFuku?k_babaCode=19&k_raceDate=2026%2F10%2F01&k_raceNo=10
2026-10-01 19:20:22,19:20,2026-10-01,funabashi,10,5,三連複,9-12-14,192.4,192.4,70,https://www.keiba.go.jp/KeibaWeb/TodayRaceInfo/Odds3LenFuku?k_babaCode=19&k_raceDate=2026%2F10%2F01&k_raceNo=10
2026-10-01 19:20:22,19:20,2026-10-01,funabashi,10,5,三連複,1-5-11,193.4,193.4,71,https://www.keiba.go.jp/KeibaWeb/TodayRaceInfo/Odds3LenFuku?k_babaCode=19&k_raceDate=2026%2F10%2F01&k_raceNo=10
2026-10-01 19:20:22,19:20,2026-10-01,funabashi,10,5,三連複,1-9-11,197.3,197.3,72,https://www.keiba.go.jp/KeibaWeb/TodayRaceInfo/Odds3LenFuku?k_babaCode=19&k_raceDate=2026%2F10%2F01&k_raceNo=10
2026-10-01 19:20:22,19:20,2026-10-01,funabashi,10,5,三連複,1-7-12,200.4,200.4,73,https://www.keiba.go.jp/KeibaWeb/TodayRaceInfo/Odds3LenFuku?k_babaCode=19&k_raceDate=2026%2F10%2F01&k_raceNo=10
2026-10-01 19:20:22,19:20,2026-10-01,funabashi,10,5,三連複,7-9-12,205.2,205.2,74,https://www.keiba.go.jp/KeibaWeb/TodayRaceInfo/Odds3LenFuku?k_babaCode=19&k_raceDate=2026%2F10%2F01&k_raceNo=10
2026-10-01 19:20:22,19:20,2026-10-01,funabashi,10,5,三連複,2-3-5,205.5,205.5,75,https://www.keiba.go.jp/KeibaWeb/TodayRaceInfo/Odds3LenFuku?k_babaCode=19&k_raceDate=2026%2F10%2F01&k_raceNo=10
2026-10-01 19:20:22,19:20,2026-10-01,funabashi,10,5,三連複,2-10-12,205.5,205.5,75,https://www.keiba.go.jp/KeibaWeb/TodayRaceInfo/Odds3LenFuku?k_babaCode=19&k_raceDate=2026%2F10%2F01&k_raceNo=10
2026-10-01 19:20:22,19:20,2026-10-01,funabashi,10,5,三連複,3-7-12,208.2,208.2,77,https://www.keiba.go.jp/KeibaWeb/TodayRaceInfo/Odds3LenFuku?k_babaCode=19&k_raceDate=2026%2F10%2F01&k_raceNo=10
2026-10-01 19:20:22,19:20,2026-10-01,funabashi,10,5,三連複,2-6-14,212.5,212.5,78,https://www.keiba.go.jp/KeibaWeb/TodayRaceInfo/Odds3LenFuku?k_babaCode=19&k_raceDate=2026%2F10%2F01&k_raceNo=10
2026-10-01 19:20:22,19:20,2026-10-01,funabashi,10,5,三連複,2-6-10,217.6,217.6,79,https://www.keiba.go.jp/KeibaWeb/TodayRaceInfo/Odds3LenFuku?k_babaCode=19&k_raceDate=2026%2F10%2F01&k_raceNo=10
2026-10-01 19:20:22,19:20,2026-10-01,funabashi,10,5,三連複,3-5-10,218.6,218.6,80,https://www.keiba.go.jp/KeibaWeb/TodayRaceInfo/Odds3LenFuku?k_babaCode=19&k_raceDate=2026%2F10%2F01&k_raceNo=10
2026-10-01 19:20:22,19:20,2026-10-01,funabashi,10,5,三連複,5-7-9,219.5,219.5,81,https://www.keiba.go.jp/KeibaWeb/TodayRaceInfo/Odds3LenFuku?k_babaCode=19&k_raceDate=2026%2F10%2F01&k_raceNo=10
2026-10-01 19:20:22,19:20,2026-10-01,funabashi,10,5,三連複,2-5-9,225.9,225.9,82,https://www.keiba.go.jp/KeibaWeb/TodayRaceInfo/Odds3LenFuku?k_babaCode=19&k_raceDate=2026%2F10%2F01&k_raceNo=10
2026-10-01 19:20:22,19:20,2026-10-01,funabashi,10,5,三連複,1-7-9,232.7,232.7,83,https://www.keiba.go.jp/KeibaWeb/TodayRaceInfo/Odds3LenFuku?k_babaCode=19&k_raceDate=2026%2F10%2F01&k_raceNo=10
2026-10-01 19:20:22,19:20,2026-10-01,funabashi,10,5,三連複,2-11-12,232.7,232.7,83,https://www.keiba.go.jp/KeibaWeb/TodayRaceInfo/Odds3LenFuku?k_babaCode=19&k_raceDate=2026%2F10%2F01&k_raceNo=10
2026-10-01 19:20:22,19:20,2026-10-01,funabashi,10,5,三連複,6-10-14,232.7,232.7,83,https://www.keiba.go.jp/KeibaWeb/TodayRaceInfo/Odds3LenFuku?k_babaCode=19&k_raceDate=2026%2F10%2F01&k_raceNo=10
2026-10-01 19:20:22,19:20,2026-10-01,funabashi,10,5,三連複,10-12-14,235.9,235.9,86,https://www.keiba.go.jp/KeibaWeb/TodayRaceInfo/Odds3LenFuku?k_babaCode=19&k_raceDate=2026%2F10%2F01&k_raceNo=10
2026-10-01 19:20:22,19:20,2026-10-01,funabashi,10,5,三連複,1-9-10,250.0,250.0,87,https://www.keiba.go.jp/KeibaWeb/TodayRaceInfo/Odds3LenFuku?k_babaCode=19&k_raceDate=2026%2F10%2F01&k_raceNo=10
2026-10-01 19:20:22,19:20,2026-10-01,funabashi,10,5,三連複,1-3-11,250.4,250.4,88,https://www.keiba.go.jp/KeibaWeb/TodayRaceInfo/Odds3LenFuku?k_babaCode=19&k_raceDate=2026%2F10%2F01&k_raceNo=10
2026-10-01 19:20:22,19:20,2026-10-01,funabashi,10,5,三連複,10-11-12,256.3,256.3,89,https://www.keiba.go.jp/KeibaWeb/TodayRaceInfo/Odds3LenFuku?k_babaCode=19&k_raceDate=2026%2F10%2F01&k_raceNo=10
2026-10-01 19:20:22,19:20,2026-10-01,funabashi,10,5,三連複,1-3-10,257.1,257.1,90,https://www.keiba.go.jp/KeibaWeb/TodayRaceInfo/Odds3LenFuku?k_babaCode=19&k_raceDate=2026%2F10%2F01&k_raceNo=10
2026-10-01 19:20:22,19:20,2026-10-01,funabashi,10,5,三連複,3-5-11,257.5,257.5,91,https://www.keiba.go.jp/KeibaWeb/TodayRaceInfo/Odds3LenFuku?k_babaCode=19&k_raceDate=2026%2F10%2F01&k_raceNo=10
2026-10-01 19:20:22,19:20,2026-10-01,funabashi,10,5,三連複,3-7-9,267.3,267.3,92,https://www.keiba.go.jp/KeibaWeb/TodayRaceInfo/Odds3LenFuku?k_babaCode=19&k_raceDate=2026%2F10%2F01&k_raceNo=10
2026-10-01 19:20:22,19:20,2026-10-01,funabashi,10,5,三連複,6-12-13,277.9,277.9,93,https://www.keiba.go.jp/KeibaWeb/TodayRaceInfo/Odds3LenFuku?k_babaCode=19&k_raceDate=2026%2F10%2F01&k_raceNo=10
2026-10-01 19:20:22,19:20,2026-10-01,funabashi,10,5,三連複,5-7-10,288.3,288.3,94,https://www.keiba.go.jp/KeibaWeb/TodayRaceInfo/Odds3LenFuku?k_babaCode=19&k_raceDate=2026%2F10%2F01&k_raceNo=10
2026-10-01 19:20:22,19:20,2026-10-01,funabashi,10,5,三連複,6-10-11,293.8,293.8,95,https://www.keiba.go.jp/KeibaWeb/TodayRaceInfo/Odds3LenFuku?k_babaCode=19&k_raceDate=2026%2F10%2F01&k_raceNo=10
2026-10-01 19:20:22,19:20,2026-10-01,funabashi,10,5,三連複,2-6-11,297.7,297.7,96,https://www.keiba.go.jp/KeibaWeb/TodayRaceInfo/Odds3LenFuku?k_babaCode=19&k_raceDate=2026%2F10%2F01&k_raceNo=10
2026-10-01 19:20:22,19:20,2026-10-01,funabashi,10,5,三連複,2-3-14,302.4,302.4,97,https://www.keiba.go.jp/KeibaWeb/TodayRaceInfo/Odds3LenFuku?k_babaCode=19&k_raceDate=2026%2F10%2F01&k_raceNo=10
2026-10-01 19:20:22,19:20,2026-10-01,funabashi,10,5,三連複,1-5-14,303.0,303.0,98,https://www.keiba.go.jp/KeibaWeb/TodayRaceInfo/Odds3LenFuku?k_babaCode=19&k_raceDate=2026%2F10%2F01&k_raceNo=10
2026-10-01 19:20:22,19:20,2026-10-01,funabashi,10,5,三連複,11-12-14,316.7,316.7,99,https://www.keiba.go.jp/KeibaWeb/TodayRaceInfo/Odds3LenFuku?k_babaCode=19&k_raceDate=2026%2F10%2F01&k_raceNo=10
2026-10-01 19:20:22,19:20,2026-10-01,funabashi,10,5,三連複,5-6-13,320.6,320.6,100,https://www.keiba.go.jp/KeibaWeb/TodayRaceInfo/Odds3LenFuku?k_babaCode=19&k_raceDate=2026%2F10%2F01&k_raceNo=10
2026-10-01 19:20:22,19:20,2026-10-01,funabashi,10,5,三連複,5-9-11,328.1,328.1,101,https://www.keiba.go.jp/KeibaWeb/TodayRaceInfo/Odds3LenFuku?k_babaCode=19&k_raceDate=2026%2F10%2F01&k_raceNo=10
2026-10-01 19:20:22,19:20,2026-10-01,funabashi,10,5,三連複,2-6-7,330.2,330.2,102,https://www.keiba.go.jp/KeibaWeb/TodayRaceInfo/Odds3LenFuku?k_babaCode=19&k_raceDate=2026%2F10%2F01&k_raceNo=10
2026-10-01 19:20:22,19:20,2026-10-01,funabashi,10,5,三連複,1-3-7,331.6,331.6,103,https://www.keiba.go.jp/KeibaWeb/TodayRaceInfo/Odds3LenFuku?k_babaCode=19&k_raceDate=2026%2F10%2F01&k_raceNo=10
2026-10-01 19:20:22,19:20,2026-10-01,funabashi,10,5,三連複,2-7-12,341.9,341.9,104,https://www.keiba.go.jp/KeibaWeb/TodayRaceInfo/Odds3LenFuku?k_babaCode=19&k_raceDate=2026%2F10%2F01&k_raceNo=10
2026-10-01 19:20:22,19:20,2026-10-01,funabashi,10,5,三連複,7-9-10,342.6,342.6,105,https://www.keiba.go.jp/KeibaWeb/TodayRaceInfo/Odds3LenFuku?k_babaCode=19&k_raceDate=2026%2F10%2F01&k_raceNo=10
2026-10-01 19:20:22,19:20,2026-10-01,funabashi,10,5,三連複,6-11-14,345.7,345.7,106,https://www.keiba.go.jp/KeibaWeb/TodayRaceInfo/Odds3LenFuku?k_babaCode=19&k_raceDate=2026%2F10%2F01&k_raceNo=10
2026-10-01 19:20:22,19:20,2026-10-01,funabashi,10,5,三連複,5-9-14,353.6,353.6,107,https://www.keiba.go.jp/KeibaWeb/TodayRaceInfo/Odds3LenFuku?k_babaCode=19&k_raceDate=2026%2F10%2F01&k_raceNo=10
2026-10-01 19:20:22,19:20,2026-10-01,funabashi,10,5,三連複,3-5-14,355.3,355.3,108,https://www.keiba.go.jp/KeibaWeb/TodayRaceInfo/Odds3LenFuku?k_babaCode=19&k_raceDate=2026%2F10%2F01&k_raceNo=10
2026-10-01 19:20:22,19:20,2026-10-01,funabashi,10,5,三連複,6-8-12,361.1,361.1,109,https://www.keiba.go.jp/KeibaWeb/TodayRaceInfo/Odds3LenFuku?k_babaCode=19&k_raceDate=2026%2F10%2F01&k_raceNo=10
2026-10-01 19:20:22,19:20,2026-10-01,funabashi,10,5,三連複,2-3-9,365.3,365.3,110,https://www.keiba.go.jp/KeibaWeb/TodayRaceInfo/Odds3LenFuku?k_babaCode=19&k_raceDate=2026%2F10%2F01&k_raceNo=10
2026-10-01 19:20:22,19:20,2026-10-01,funabashi,10,5,三連複,1-2-10,367.9,367.9,111,https://www.keiba.go.jp/KeibaWeb/TodayRaceInfo/Odds3LenFuku?k_babaCode=19&k_raceDate=2026%2F10%2F01&k_raceNo=10
2026-10-01 19:20:22,19:20,2026-10-01,funabashi,10,5,三連複,6-7-10,379.7,379.7,112,https://www.keiba.go.jp/KeibaWeb/TodayRaceInfo/Odds3LenFuku?k_babaCode=19&k_raceDate=2026%2F10%2F01&k_raceNo=10
2026-10-01 19:20:22,19:20,2026-10-01,funabashi,10,5,三連複,2-5-10,393.2,393.2,113,https://www.keiba.go.jp/KeibaWeb/TodayRaceInfo/Odds3LenFuku?k_babaCode=19&k_raceDate=2026%2F10%2F01&k_raceNo=10
2026-10-01 19:20:22,19:20,2026-10-01,funabashi,10,5,三連複,1-10-11,398.3,398.3,114,https://www.keiba.go.jp/KeibaWeb/TodayRaceInfo/Odds3LenFuku?k_babaCode=19&k_raceDate=2026%2F10%2F01&k_raceNo=10
2026-10-01 19:20:22,19:20,2026-10-01,funabashi,10,5,三連複,1-8-12,401.4,401.4,115,https://www.keiba.go.jp/KeibaWeb/TodayRaceInfo/Odds3LenFuku?k_babaCode=19&k_raceDate=2026%2F10%2F01&k_raceNo=10
2026-10-01 19:20:22,19:20,2026-10-01,funabashi,10,5,三連複,3-9-11,406.7,406.7,116,https://www.keiba.go.jp/KeibaWeb/TodayRaceInfo/Odds3LenFuku?k_babaCode=19&k_raceDate=2026%2F10%2F01&k_raceNo=10
2026-10-01 19:20:22,19:20,2026-10-01,funabashi,10,5,三連複,1-9-14,408.8,408.8,117,https://www.keiba.go.jp/KeibaWeb/TodayRaceInfo/Odds3LenFuku?k_babaCode=19&k_raceDate=2026%2F10%2F01&k_raceNo=10
2026-10-01 19:20:22,19:20,2026-10-01,funabashi,10,5,三連複,1-2-11,417.7,417.7,118,https://www.keiba.go.jp/KeibaWeb/TodayRaceInfo/Odds3LenFuku?k_babaCode=19&k_raceDate=2026%2F10%2F01&k_raceNo=10
2026-10-01 19:20:22,19:20,2026-10-01,funabashi,10,5,三連複,1-6-8,423.4,423.4,119,https://www.keiba.go.jp/KeibaWeb/TodayRaceInfo/Odds3LenFuku?k_babaCode=19&k_raceDate=2026%2F10%2F01&k_raceNo=10
2026-10-01 19:20:22,19:20,2026-10-01,funabashi,10,5,三連複,2-3-10,426.9,426.9,120,https://www.keiba.go.jp/KeibaWeb/TodayRaceInfo/Odds3LenFuku?k_babaCode=19&k_raceDate=2026%2F10%2F01&k_raceNo=10
2026-10-01 19:20:22,19:20,2026-10-01,funabashi,10,5,三連複,3-12-13,431.7,431.7,121,https://www.keiba.go.jp/KeibaWeb/TodayRaceInfo/Odds3LenFuku?k_babaCode=19&k_raceDate=2026%2F10%2F01&k_raceNo=10
2026-10-01 19:20:22,19:20,2026-10-01,funabashi,10,5,三連複,5-10-14,439.0,439.0,122,https://www.keiba.go.jp/KeibaWeb/TodayRaceInfo/Odds3LenFuku?k_babaCode=19&k_raceDate=2026%2F10%2F01&k_raceNo=10
2026-10-01 19:20:22,19:20,2026-10-01,funabashi,10,5,三連複,5-6-8,442.8,442.8,123,https://www.keiba.go.jp/KeibaWeb/TodayRaceInfo/Odds3LenFuku?k_babaCode=19&k_raceDate=2026%2F10%2F01&k_raceNo=10
2026-10-01 19:20:22,19:20,2026-10-01,funabashi,10,5,三連複,4-5-6,449.2,449.2,124,https://www.keiba.go.jp/KeibaWeb/TodayRaceInfo/Odds3LenFuku?k_babaCode=19&k_raceDate=2026%2F10%2F01&k_raceNo=10
2026-10-01 19:20:22,19:20,2026-10-01,funabashi,10,5,三連複,1-6-13,450.6,450.6,125,https://www.keiba.go.jp/KeibaWeb/TodayRaceInfo/Odds3LenFuku?k_babaCode=19&k_raceDate=2026%2F10%2F01&k_raceNo=10
2026-10-01 19:20:22,19:20,2026-10-01,funabashi,10,5,三連複,3-6-13,451.9,451.9,126,https://www.keiba.go.jp/KeibaWeb/TodayRaceInfo/Odds3LenFuku?k_babaCode=19&k_raceDate=2026%2F10%2F01&k_raceNo=10
2026-10-01 19:20:22,19:20,2026-10-01,funabashi,10,5,三連複,1-3-14,453.2,453.2,127,https://www.keiba.go.jp/KeibaWeb/TodayRaceInfo/Odds3LenFuku?k_babaCode=19&k_raceDate=2026%2F10%2F01&k_raceNo=10
2026-10-01 19:20:22,19:20,2026-10-01,funabashi,10,5,三連複,7-12-14,453.2,453.2,127,https://www.keiba.go.jp/KeibaWeb/TodayRaceInfo/Odds3LenFuku?k_babaCode=19&k_raceDate=2026%2F10%2F01&k_raceNo=10
2026-10-01 19:20:22,19:20,2026-10-01,funabashi,10,5,三連複,7-10-12,461.3,461.3,129,https://www.keiba.go.jp/KeibaWeb/TodayRaceInfo/Odds3LenFuku?k_babaCode=19&k_raceDate=2026%2F10%2F01&k_raceNo=10
2026-10-01 19:20:22,19:20,2026-10-01,funabashi,10,5,三連複,2-3-7,465.5,465.5,130,https://www.keiba.go.jp/KeibaWeb/TodayRaceInfo/Odds3LenFuku?k_babaCode=19&k_raceDate=2026%2F10%2F01&k_raceNo=10
2026-10-01 19:20:22,19:20,2026-10-01,funabashi,10,5,三連複,3-9-10,465.5,465.5,130,https://www.keiba.go.jp/KeibaWeb/TodayRaceInfo/Odds3LenFuku?k_babaCode=19&k_raceDate=2026%2F10%2F01&k_raceNo=10
2026-10-01 19:20:22,19:20,2026-10-01,funabashi,10,5,三連複,3-7-10,468.3,468.3,132,https://www.keiba.go.jp/KeibaWeb/TodayRaceInfo/Odds3LenFuku?k_babaCode=19&k_raceDate=2026%2F10%2F01&k_raceNo=10
2026-10-01 19:20:22,19:20,2026-10-01,funabashi,10,5,三連複,6-7-14,468.3,468.3,132,https://www.keiba.go.jp/KeibaWeb/TodayRaceInfo/Odds3LenFuku?k_babaCode=19&k_raceDate=2026%2F10%2F01&k_raceNo=10
2026-10-01 19:20:22,19:20,2026-10-01,funabashi,10,5,三連複,2-9-11,474.1,474.1,134,https://www.keiba.go.jp/KeibaWeb/TodayRaceInfo/Odds3LenFuku?k_babaCode=19&k_raceDate=2026%2F10%2F01&k_raceNo=10
2026-10-01 19:20:22,19:20,2026-10-01,funabashi,10,5,三連複,1-4-6,479.9,479.9,135,https://www.keiba.go.jp/KeibaWeb/TodayRaceInfo/Odds3LenFuku?k_babaCode=19&k_raceDate=2026%2F10%2F01&k_raceNo=10
2026-10-01 19:20:22,19:20,2026-10-01,funabashi,10,5,三連複,2-9-10,486.0,486.0,136,https://www.keiba.go.jp/KeibaWeb/TodayRaceInfo/Odds3LenFuku?k_babaCode=19&k_raceDate=2026%2F10%2F01&k_raceNo=10
2026-10-01 19:20:22,19:20,2026-10-01,funabashi,10,5,三連複,2-3-11,506.7,506.7,137,https://www.keiba.go.jp/KeibaWeb/TodayRaceInfo/Odds3LenFuku?k_babaCode=19&k_raceDate=2026%2F10%2F01&k_raceNo=10
2026-10-01 19:20:22,19:20,2026-10-01,funabashi,10,5,三連複,7-11-12,510.0,510.0,138,https://www.keiba.go.jp/KeibaWeb/TodayRaceInfo/Odds3LenFuku?k_babaCode=19&k_raceDate=2026%2F10%2F01&k_raceNo=10
2026-10-01 19:20:22,19:20,2026-10-01,funabashi,10,5,三連複,9-10-11,515.1,515.1,139,https://www.keiba.go.jp/KeibaWeb/TodayRaceInfo/Odds3LenFuku?k_babaCode=19&k_raceDate=2026%2F10%2F01&k_raceNo=10
2026-10-01 19:20:22,19:20,2026-10-01,funabashi,10,5,三連複,1-2-7,523.9,523.9,140,https://www.keiba.go.jp/KeibaWeb/TodayRaceInfo/Odds3LenFuku?k_babaCode=19&k_raceDate=2026%2F10%2F01&k_raceNo=10
2026-10-01 19:20:22,19:20,2026-10-01,funabashi,10,5,三連複,2-5-7,525.7,525.7,141,https://www.keiba.go.jp/KeibaWeb/TodayRaceInfo/Odds3LenFuku?k_babaCode=19&k_raceDate=2026%2F10%2F01&k_raceNo=10
2026-10-01 19:20:22,19:20,2026-10-01,funabashi,10,5,三連複,1-7-10,536.6,536.6,142,https://www.keiba.go.jp/KeibaWeb/TodayRaceInfo/Odds3LenFuku?k_babaCode=19&k_raceDate=2026%2F10%2F01&k_raceNo=10
2026-10-01 19:20:22,19:20,2026-10-01,funabashi,10,5,三連複,3-9-14,544.2,544.2,143,https://www.keiba.go.jp/KeibaWeb/TodayRaceInfo/Odds3LenFuku?k_babaCode=19&k_raceDate=2026%2F10%2F01&k_raceNo=10
2026-10-01 19:20:22,19:20,2026-10-01,funabashi,10,5,三連複,5-10-11,548.0,548.0,144,https://www.keiba.go.jp/KeibaWeb/TodayRaceInfo/Odds3LenFuku?k_babaCode=19&k_raceDate=2026%2F10%2F01&k_raceNo=10
2026-10-01 19:20:22,19:20,2026-10-01,funabashi,10,5,三連複,2-5-11,553.9,553.9,145,https://www.keiba.go.jp/KeibaWeb/TodayRaceInfo/Odds3LenFuku?k_babaCode=19&k_raceDate=2026%2F10%2F01&k_raceNo=10
2026-10-01 19:20:22,19:20,2026-10-01,funabashi,10,5,三連複,3-10-11,555.9,555.9,146,https://www.keiba.go.jp/KeibaWeb/TodayRaceInfo/Odds3LenFuku?k_babaCode=19&k_raceDate=2026%2F10%2F01&k_raceNo=10
2026-10-01 19:20:22,19:20,2026-10-01,funabashi,10,5,三連複,3-10-14,557.9,557.9,147,https://www.keiba.go.jp/KeibaWeb/TodayRaceInfo/Odds3LenFuku?k_babaCode=19&k_raceDate=2026%2F10%2F01&k_raceNo=10
2026-10-01 19:20:22,19:20,2026-10-01,funabashi,10,5,三連複,1-2-14,564.0,564.0,148,https://www.keiba.go.jp/KeibaWeb/TodayRaceInfo/Odds3LenFuku?k_babaCode=19&k_raceDate=2026%2F10%2F01&k_raceNo=10
2026-10-01 19:20:22,19:20,2026-10-01,funabashi,10,5,三連複,4-6-12,574.5,574.5,149,https://www.keiba.go.jp/KeibaWeb/TodayRaceInfo/Odds3LenFuku?k_babaCode=19&k_raceDate=2026%2F10%2F01&k_raceNo=10
2026-10-01 19:20:22,19:20,2026-10-01,funabashi,10,5,三連複,3-11-14,594.4,594.4,150,https://www.keiba.go.jp/KeibaWeb/TodayRaceInfo/Odds3LenFuku?k_babaCode=19&k_raceDate=2026%2F10%2F01&k_raceNo=10
2026-10-01 19:20:22,19:20,2026-10-01,funabashi,10,5,三連複,6-7-11,601.3,601.3,151,https://www.keiba.go.jp/KeibaWeb/TodayRaceInfo/Odds3LenFuku?k_babaCode=19&k_raceDate=2026%2F10%2F01&k_raceNo=10
2026-10-01 19:20:22,19:20,2026-10-01,funabashi,10,5,三連複,6-10-13,618.2,618.2,152,https://www.keiba.go.jp/KeibaWeb/TodayRaceInfo/Odds3LenFuku?k_babaCode=19&k_raceDate=2026%2F10%2F01&k_raceNo=10
2026-10-01 19:20:22,19:20,2026-10-01,funabashi,10,5,三連複,1-10-14,623.2,623.2,153,https://www.keiba.go.jp/KeibaWeb/TodayRaceInfo/Odds3LenFuku?k_babaCode=19&k_raceDate=2026%2F10%2F01&k_raceNo=10
2026-10-01 19:20:22,19:20,2026-10-01,funabashi,10,5,三連複,6-9-13,630.8,630.8,154,https://www.keiba.go.jp/KeibaWeb/TodayRaceInfo/Odds3LenFuku?k_babaCode=19&k_raceDate=2026%2F10%2F01&k_raceNo=10
2026-10-01 19:20:22,19:20,2026-10-01,funabashi,10,5,三連複,9-10-14,638.6,638.6,155,https://www.keiba.go.jp/KeibaWeb/TodayRaceInfo/Odds3LenFuku?k_babaCode=19&k_raceDate=2026%2F10%2F01&k_raceNo=10
2026-10-01 19:20:22,19:20,2026-10-01,funabashi,10,5,三連複,1-12-13,654.9,654.9,156,https://www.keiba.go.jp/KeibaWeb/TodayRaceInfo/Odds3LenFuku?k_babaCode=19&k_raceDate=2026%2F10%2F01&k_raceNo=10
2026-10-01 19:20:22,19:20,2026-10-01,funabashi,10,5,三連複,3-5-13,654.9,654.9,156,https://www.keiba.go.jp/KeibaWeb/TodayRaceInfo/Odds3LenFuku?k_babaCode=19&k_raceDate=2026%2F10%2F01&k_raceNo=10
2026-10-01 19:20:22,19:20,2026-10-01,funabashi,10,5,三連複,2-5-14,689.9,689.9,158,https://www.keiba.go.jp/KeibaWeb/TodayRaceInfo/Odds3LenFuku?k_babaCode=19&k_raceDate=2026%2F10%2F01&k_raceNo=10
2026-10-01 19:20:22,19:20,2026-10-01,funabashi,10,5,三連複,2-9-14,705.7,705.7,159,https://www.keiba.go.jp/KeibaWeb/TodayRaceInfo/Odds3LenFuku?k_babaCode=19&k_raceDate=2026%2F10%2F01&k_raceNo=10
2026-10-01 19:20:22,19:20,2026-10-01,funabashi,10,5,三連複,8-9-12,708.9,708.9,160,https://www.keiba.go.jp/KeibaWeb/TodayRaceInfo/Odds3LenFuku?k_babaCode=19&k_raceDate=2026%2F10%2F01&k_raceNo=10
2026-10-01 19:20:22,19:20,2026-10-01,funabashi,10,5,三連複,2-8-12,722.2,722.2,161,https://www.keiba.go.jp/KeibaWeb/TodayRaceInfo/Odds3LenFuku?k_babaCode=19&k_raceDate=2026%2F10%2F01&k_raceNo=10
2026-10-01 19:20:22,19:20,2026-10-01,funabashi,10,5,三連複,3-7-11,743.0,743.0,162,https://www.keiba.go.jp/KeibaWeb/TodayRaceInfo/Odds3LenFuku?k_babaCode=19&k_raceDate=2026%2F10%2F01&k_raceNo=10
2026-10-01 19:20:22,19:20,2026-10-01,funabashi,10,5,三連複,5-12-13,757.6,757.6,163,https://www.keiba.go.jp/KeibaWeb/TodayRaceInfo/Odds3LenFuku?k_babaCode=19&k_raceDate=2026%2F10%2F01&k_raceNo=10
2026-10-01 19:20:22,19:20,2026-10-01,funabashi,10,5,三連複,1-7-11,776.6,776.6,164,https://www.keiba.go.jp/KeibaWeb/TodayRaceInfo/Odds3LenFuku?k_babaCode=19&k_raceDate=2026%2F10%2F01&k_raceNo=10
2026-10-01 19:20:22,19:20,2026-10-01,funabashi,10,5,三連複,5-7-14,788.5,788.5,165,https://www.keiba.go.jp/KeibaWeb/TodayRaceInfo/Odds3LenFuku?k_babaCode=19&k_raceDate=2026%2F10%2F01&k_raceNo=10
2026-10-01 19:20:22,19:20,2026-10-01,funabashi,10,5,三連複,12-13-14,788.5,788.5,165,https://www.keiba.go.jp/KeibaWeb/TodayRaceInfo/Odds3LenFuku?k_babaCode=19&k_raceDate=2026%2F10%2F01&k_raceNo=10
2026-10-01 19:20:22,19:20,2026-10-01,funabashi,10,5,三連複,1-3-13,796.6,796.6,167,https://www.keiba.go.jp/KeibaWeb/TodayRaceInfo/Odds3LenFuku?k_babaCode=19&k_raceDate=2026%2F10%2F01&k_raceNo=10
2026-10-01 19:20:22,19:20,2026-10-01,funabashi,10,5,三連複,1-8-9,796.6,796.6,167,https://www.keiba.go.jp/KeibaWeb/TodayRaceInfo/Odds3LenFuku?k_babaCode=19&k_raceDate=2026%2F10%2F01&k_raceNo=10
2026-10-01 19:20:22,19:20,2026-10-01,funabashi,10,5,三連複,2-7-9,809.1,809.1,169,https://www.keiba.go.jp/KeibaWeb/TodayRaceInfo/Odds3LenFuku?k_babaCode=19&k_raceDate=2026%2F10%2F01&k_raceNo=10
2026-10-01 19:20:22,19:20,2026-10-01,funabashi,10,5,三連複,5-8-12,813.4,813.4,170,https://www.keiba.go.jp/KeibaWeb/TodayRaceInfo/Odds3LenFuku?k_babaCode=19&k_raceDate=2026%2F10%2F01&k_raceNo=10
2026-10-01 19:20:22,19:20,2026-10-01,funabashi,10,5,三連複,9-11-14,822.1,822.1,171,https://www.keiba.go.jp/KeibaWeb/TodayRaceInfo/Odds3LenFuku?k_babaCode=19&k_raceDate=2026%2F10%2F01&k_raceNo=10
2026-10-01 19:20:22,19:20,2026-10-01,funabashi,10,5,三連複,10-11-14,822.1,822.1,171,https://www.keiba.go.jp/KeibaWeb/TodayRaceInfo/Odds3LenFuku?k_babaCode=19&k_raceDate=2026%2F10%2F01&k_raceNo=10
2026-10-01 19:20:22,19:20,2026-10-01,funabashi,10,5,三連複,1-4-12,826.5,826.5,173,https://www.keiba.go.jp/KeibaWeb/TodayRaceInfo/Odds3LenFuku?k_babaCode=19&k_raceDate=2026%2F10%2F01&k_raceNo=10
2026-10-01 19:20:22,19:20,2026-10-01,funabashi,10,5,三連複,1-5-8,830.9,830.9,174,https://www.keiba.go.jp/KeibaWeb/TodayRaceInfo/Odds3LenFuku?k_babaCode=19&k_raceDate=2026%2F10%2F01&k_raceNo=10
2026-10-01 19:20:22,19:20,2026-10-01,funabashi,10,5,三連複,3-7-14,839.9,839.9,175,https://www.keiba.go.jp/KeibaWeb/TodayRaceInfo/Odds3LenFuku?k_babaCode=19&k_raceDate=2026%2F10%2F01&k_raceNo=10
2026-10-01 19:20:22,19:20,2026-10-01,funabashi,10,5,三連複,5-7-11,844.5,844.5,176,https://www.keiba.go.jp/KeibaWeb/TodayRaceInfo/Odds3LenFuku?k_babaCode=19&k_raceDate=2026%2F10%2F01&k_raceNo=10
2026-10-01 19:20:22,19:20,2026-10-01,funabashi,10,5,三連複,5-11-14,844.5,844.5,176,https://www.keiba.go.jp/KeibaWeb/TodayRaceInfo/Odds3LenFuku?k_babaCode=19&k_raceDate=2026%2F10%2F01&k_raceNo=10
2026-10-01 19:20:22,19:20,2026-10-01,funabashi,10,5,三連複,6-8-9,844.5,844.5,176,https://www.keiba.go.jp/KeibaWeb/TodayRaceInfo/Odds3LenFuku?k_babaCode=19&k_raceDate=2026%2F10%2F01&k_raceNo=10
2026-10-01 19:20:22,19:20,2026-10-01,funabashi,10,5,三連複,2-10-14,863.4,863.4,179,https://www.keiba.go.jp/KeibaWeb/TodayRaceInfo/Odds3LenFuku?k_babaCode=19&k_raceDate=2026%2F10%2F01&k_raceNo=10
2026-10-01 19:20:22,19:20,2026-10-01,funabashi,10,5,三連複,3-6-8,863.4,863.4,179,https://www.keiba.go.jp/KeibaWeb/TodayRaceInfo/Odds3LenFuku?k_babaCode=19&k_raceDate=2026%2F10%2F01&k_raceNo=10
2026-10-01 19:20:22,19:20,2026-10-01,funabashi,10,5,三連複,1-4-9,873.2,873.2,181,https://www.keiba.go.jp/KeibaWeb/TodayRaceInfo/Odds3LenFuku?k_babaCode=19&k_raceDate=2026%2F10%2F01&k_raceNo=10
2026-10-01 19:20:22,19:20,2026-10-01,funabashi,10,5,三連複,3-8-12,883.1,883.1,182,https://www.keiba.go.jp/KeibaWeb/TodayRaceInfo/Odds3LenFuku?k_babaCode=19&k_raceDate=2026%2F10%2F01&k_raceNo=10
2026-10-01 19:20:22,19:20,2026-10-01,funabashi,10,5,三連複,1-11-14,898.5,898.5,183,https://www.keiba.go.jp/KeibaWeb/TodayRaceInfo/Odds3LenFuku?k_babaCode=19&k_raceDate=2026%2F10%2F01&k_raceNo=10
2026-10-01 19:20:22,19:20,2026-10-01,funabashi,10,5,三連複,8-12-14,903.8,903.8,184,https://www.keiba.go.jp/KeibaWeb/TodayRaceInfo/Odds3LenFuku?k_babaCode=19&k_raceDate=2026%2F10%2F01&k_raceNo=10
2026-10-01 19:20:22,19:20,2026-10-01,funabashi,10,5,三連複,11-12-13,925.4,925.4,185,https://www.keiba.go.jp/KeibaWeb/TodayRaceInfo/Odds3LenFuku?k_babaCode=19&k_raceDate=2026%2F10%2F01&k_raceNo=10
2026-10-01 19:20:22,19:20,2026-10-01,funabashi,10,5,三連複,2-12-13,942.4,942.4,186,https://www.keiba.go.jp/KeibaWeb/TodayRaceInfo/Odds3LenFuku?k_babaCode=19&k_raceDate=2026%2F10%2F01&k_raceNo=10
2026-10-01 19:20:22,19:20,2026-10-01,funabashi,10,5,三連複,3-4-6,948.2,948.2,187,https://www.keiba.go.jp/KeibaWeb/TodayRaceInfo/Odds3LenFuku?k_babaCode=19&k_raceDate=2026%2F10%2F01&k_raceNo=10
2026-10-01 19:20:22,19:20,2026-10-01,funabashi,10,5,三連複,3-10-13,954.0,954.0,188,https://www.keiba.go.jp/KeibaWeb/TodayRaceInfo/Odds3LenFuku?k_babaCode=19&k_raceDate=2026%2F10%2F01&k_raceNo=10
2026-10-01 19:20:22,19:20,2026-10-01,funabashi,10,5,三連複,9-12-13,954.0,954.0,188,https://www.keiba.go.jp/KeibaWeb/TodayRaceInfo/Odds3LenFuku?k_babaCode=19&k_raceDate=2026%2F10%2F01&k_raceNo=10
2026-10-01 19:20:22,19:20,2026-10-01,funabashi,10,5,三連複,2-3-13,959.9,959.9,190,https://www.keiba.go.jp/KeibaWeb/TodayRaceInfo/Odds3LenFuku?k_babaCode=19&k_raceDate=2026%2F10%2F01&k_raceNo=10
2026-10-01 19:20:22,19:20,2026-10-01,funabashi,10,5,三連複,2-10-11,978.2,978.2,191,https://www.keiba.go.jp/KeibaWeb/TodayRaceInfo/Odds3LenFuku?k_babaCode=19&k_raceDate=2026%2F10%2F01&k_raceNo=10
2026-10-01 19:20:22,19:20,2026-10-01,funabashi,10,5,三連複,8-10-12,990.7,990.7,192,https://www.keiba.go.jp/KeibaWeb/TodayRaceInfo/Odds3LenFuku?k_babaCode=19&k_raceDate=2026%2F10%2F01&k_raceNo=10
2026-10-01 19:20:22,19:20,2026-10-01,funabashi,10,5,三連複,6-13-14,997.1,997.1,193,https://www.keiba.go.jp/KeibaWeb/TodayRaceInfo/Odds3LenFuku?k_babaCode=19&k_raceDate=2026%2F10%2F01&k_raceNo=10
2026-10-01 19:20:22,19:20,2026-10-01,funabashi,10,5,三連複,1-4-5,1003.6,1003.6,194,https://www.keiba.go.jp/KeibaWeb/TodayRaceInfo/Odds3LenFuku?k_babaCode=19&k_raceDate=2026%2F10%2F01&k_raceNo=10
2026-10-01 19:20:22,19:20,2026-10-01,funabashi,10,5,三連複,10-12-13,1016.8,1016.8,195,https://www.keiba.go.jp/KeibaWeb/TodayRaceInfo/Odds3LenFuku?k_babaCode=19&k_raceDate=2026%2F10%2F01&k_raceNo=10
2026-10-01 19:20:22,19:20,2026-10-01,funabashi,10,5,三連複,1-2-8,1037.2,1037.2,196,https://www.keiba.go.jp/KeibaWeb/TodayRaceInfo/Odds3LenFuku?k_babaCode=19&k_raceDate=2026%2F10%2F01&k_raceNo=10
2026-10-01 19:20:22,19:20,2026-10-01,funabashi,10,5,三連複,3-7-13,1058.6,1058.6,197,https://www.keiba.go.jp/KeibaWeb/TodayRaceInfo/Odds3LenFuku?k_babaCode=19&k_raceDate=2026%2F10%2F01&k_raceNo=10
2026-10-01 19:20:22,19:20,2026-10-01,funabashi,10,5,三連複,8-11-12,1065.9,1065.9,198,https://www.keiba.go.jp/KeibaWeb/TodayRaceInfo/Odds3LenFuku?k_babaCode=19&k_raceDate=2026%2F10%2F01&k_raceNo=10
2026-10-01 19:20:22,19:20,2026-10-01,funabashi,10,5,三連複,1-5-13,1088.4,1088.4,199,https://www.keiba.go.jp/KeibaWeb/TodayRaceInfo/Odds3LenFuku?k_babaCode=19&k_raceDate=2026%2F10%2F01&k_raceNo=10
2026-10-01 19:20:22,19:20,2026-10-01,funabashi,10,5,三連複,3-5-8,1088.4,1088.4,199,https://www.keiba.go.jp/KeibaWeb/TodayRaceInfo/Odds3LenFuku?k_babaCode=19&k_raceDate=2026%2F10%2F01&k_raceNo=10
2026-10-01 19:20:22,19:20,2026-10-01,funabashi,10,5,三連複,4-6-9,1119.9,1119.9,201,https://www.keiba.go.jp/KeibaWeb/TodayRaceInfo/Odds3LenFuku?k_babaCode=19&k_raceDate=2026%2F10%2F01&k_raceNo=10
2026-10-01 19:20:22,19:20,2026-10-01,funabashi,10,5,三連複,2-6-8,1128.1,1128.1,202,https://www.keiba.go.jp/KeibaWeb/TodayRaceInfo/Odds3LenFuku?k_babaCode=19&k_raceDate=2026%2F10%2F01&k_raceNo=10
2026-10-01 19:20:22,19:20,2026-10-01,funabashi,10,5,三連複,4-9-12,1128.1,1128.1,202,https://www.keiba.go.jp/KeibaWeb/TodayRaceInfo/Odds3LenFuku?k_babaCode=19&k_raceDate=2026%2F10%2F01&k_raceNo=10
2026-10-01 19:20:22,19:20,2026-10-01,funabashi,10,5,三連複,6-8-10,1136.4,1136.4,204,https://www.keiba.go.jp/KeibaWeb/TodayRaceInfo/Odds3LenFuku?k_babaCode=19&k_raceDate=2026%2F10%2F01&k_raceNo=10
2026-10-01 19:20:22,19:20,2026-10-01,funabashi,10,5,三連複,6-11-13,1136.4,1136.4,204,https://www.keiba.go.jp/KeibaWeb/TodayRaceInfo/Odds3LenFuku?k_babaCode=19&k_raceDate=2026%2F10%2F01&k_raceNo=10
2026-10-01 19:20:22,19:20,2026-10-01,funabashi,10,5,三連複,7-9-11,1136.4,1136.4,204,https://www.keiba.go.jp/KeibaWeb/TodayRaceInfo/Odds3LenFuku?k_babaCode=19&k_raceDate=2026%2F10%2F01&k_raceNo=10
2026-10-01 19:20:22,19:20,2026-10-01,funabashi,10,5,三連複,2-4-6,1162.0,1162.0,207,https://www.keiba.go.jp/KeibaWeb/TodayRaceInfo/Odds3LenFuku?k_babaCode=19&k_raceDate=2026%2F10%2F01&k_raceNo=10
2026-10-01 19:20:22,19:20,2026-10-01,funabashi,10,5,三連複,1-2-4,1170.8,1170.8,208,https://www.keiba.go.jp/KeibaWeb/TodayRaceInfo/Odds3LenFuku?k_babaCode=19&k_raceDate=2026%2F10%2F01&k_raceNo=10
2026-10-01 19:20:22,19:20,2026-10-01,funabashi,10,5,三連複,1-3-8,1179.8,1179.8,209,https://www.keiba.go.jp/KeibaWeb/TodayRaceInfo/Odds3LenFuku?k_babaCode=19&k_raceDate=2026%2F10%2F01&k_raceNo=10
2026-10-01 19:20:22,19:20,2026-10-01,funabashi,10,5,三連複,4-5-12,1179.8,1179.8,209,https://www.keiba.go.jp/KeibaWeb/TodayRaceInfo/Odds3LenFuku?k_babaCode=19&k_raceDate=2026%2F10%2F01&k_raceNo=10
2026-10-01 19:20:22,19:20,2026-10-01,funabashi,10,5,三連複,1-11-13,1198.1,1198.1,211,https://www.keiba.go.jp/KeibaWeb/TodayRaceInfo/Odds3LenFuku?k_babaCode=19&k_raceDate=2026%2F10%2F01&k_raceNo=10
2026-10-01 19:20:22,19:20,2026-10-01,funabashi,10,5,三連複,7-9-14,1207.4,1207.4,212,https://www.keiba.go.jp/KeibaWeb/TodayRaceInfo/Odds3LenFuku?k_babaCode=19&k_raceDate=2026%2F10%2F01&k_raceNo=10
2026-10-01 19:20:22,19:20,2026-10-01,funabashi,10,5,三連複,3-4-5,1246.4,1246.4,213,https://www.keiba.go.jp/KeibaWeb/TodayRaceInfo/Odds3LenFuku?k_babaCode=19&k_raceDate=2026%2F10%2F01&k_raceNo=10
2026-10-01 19:20:22,19:20,2026-10-01,funabashi,10,5,三連複,6-7-13,1246.4,1246.4,213,https://www.keiba.go.jp/KeibaWeb/TodayRaceInfo/Odds3LenFuku?k_babaCode=19&k_raceDate=2026%2F10%2F01&k_raceNo=10
2026-10-01 19:20:22,19:20,2026-10-01,funabashi,10,5,三連複,1-7-14,1256.5,1256.5,215,https://www.keiba.go.jp/KeibaWeb/TodayRaceInfo/Odds3LenFuku?k_babaCode=19&k_raceDate=2026%2F10%2F01&k_raceNo=10
2026-10-01 19:20:22,19:20,2026-10-01,funabashi,10,5,三連複,2-7-14,1256.5,1256.5,215,https://www.keiba.go.jp/KeibaWeb/TodayRaceInfo/Odds3LenFuku?k_babaCode=19&k_raceDate=2026%2F10%2F01&k_raceNo=10
2026-10-01 19:20:22,19:20,2026-10-01,funabashi,10,5,三連複,2-7-10,1266.8,1266.8,217,https://www.keiba.go.jp/KeibaWeb/TodayRaceInfo/Odds3LenFuku?k_babaCode=19&k_raceDate=2026%2F10%2F01&k_raceNo=10
2026-10-01 19:20:22,19:20,2026-10-01,funabashi,10,5,三連複,1-8-10,1277.3,1277.3,218,https://www.keiba.go.jp/KeibaWeb/TodayRaceInfo/Odds3LenFuku?k_babaCode=19&k_raceDate=2026%2F10%2F01&k_raceNo=10
2026-10-01 19:20:22,19:20,2026-10-01,funabashi,10,5,三連複,6-7-8,1277.3,1277.3,218,https://www.keiba.go.jp/KeibaWeb/TodayRaceInfo/Odds3LenFuku?k_babaCode=19&k_raceDate=2026%2F10%2F01&k_raceNo=10
2026-10-01 19:20:22,19:20,2026-10-01,funabashi,10,5,三連複,10-13-14,1309.8,1309.8,220,https://www.keiba.go.jp/KeibaWeb/TodayRaceInfo/Odds3LenFuku?k_babaCode=19&k_raceDate=2026%2F10%2F01&k_raceNo=10
2026-10-01 19:20:22,19:20,2026-10-01,funabashi,10,5,三連複,2-11-14,1320.9,1320.9,221,https://www.keiba.go.jp/KeibaWeb/TodayRaceInfo/Odds3LenFuku?k_babaCode=19&k_raceDate=2026%2F10%2F01&k_raceNo=10
2026-10-01 19:20:22,19:20,2026-10-01,funabashi,10,5,三連複,5-8-9,1332.3,1332.3,222,https://www.keiba.go.jp/KeibaWeb/TodayRaceInfo/Odds3LenFuku?k_babaCode=19&k_raceDate=2026%2F10%2F01&k_raceNo=10
2026-10-01 19:20:22,19:20,2026-10-01,funabashi,10,5,三連複,1-4-8,1355.7,1355.7,223,https://www.keiba.go.jp/KeibaWeb/TodayRaceInfo/Odds3LenFuku?k_babaCode=19&k_raceDate=2026%2F10%2F01&k_raceNo=10
2026-10-01 19:20:22,19:20,2026-10-01,funabashi,10,5,三連複,1-9-13,1355.7,1355.7,223,https://www.keiba.go.jp/KeibaWeb/TodayRaceInfo/Odds3LenFuku?k_babaCode=19&k_raceDate=2026%2F10%2F01&k_raceNo=10
2026-10-01 19:20:22,19:20,2026-10-01,funabashi,10,5,三連複,3-4-12,1379.9,1379.9,225,https://www.keiba.go.jp/KeibaWeb/TodayRaceInfo/Odds3LenFuku?k_babaCode=19&k_raceDate=2026%2F10%2F01&k_raceNo=10
2026-10-01 19:20:22,19:20,2026-10-01,funabashi,10,5,三連複,8-9-10,1405.0,1405.0,226,https://www.keiba.go.jp/KeibaWeb/TodayRaceInfo/Odds3LenFuku?k_babaCode=19&k_raceDate=2026%2F10%2F01&k_raceNo=10
2026-10-01 19:20:22,19:20,2026-10-01,funabashi,10,5,三連複,3-8-11,1417.9,1417.9,227,https://www.keiba.go.jp/KeibaWeb/TodayRaceInfo/Odds3LenFuku?k_babaCode=19&k_raceDate=2026%2F10%2F01&k_raceNo=10
2026-10-01 19:20:22,19:20,2026-10-01,funabashi,10,5,三連複,6-8-11,1417.9,1417.9,227,https://www.keiba.go.jp/KeibaWeb/TodayRaceInfo/Odds3LenFuku?k_babaCode=19&k_raceDate=2026%2F10%2F01&k_raceNo=10
2026-10-01 19:20:22,19:20,2026-10-01,funabashi,10,5,三連複,1-3-4,1431.0,1431.0,229,https://www.keiba.go.jp/KeibaWeb/TodayRaceInfo/Odds3LenFuku?k_babaCode=19&k_raceDate=2026%2F10%2F01&k_raceNo=10
2026-10-01 19:20:22,19:20,2026-10-01,funabashi,10,5,三連複,2-4-12,1444.4,1444.4,230,https://www.keiba.go.jp/KeibaWeb/TodayRaceInfo/Odds3LenFuku?k_babaCode=19&k_raceDate=2026%2F10%2F01&k_raceNo=10
2026-10-01 19:20:22,19:20,2026-10-01,funabashi,10,5,三連複,3-11-13,1458.0,1458.0,231,https://www.keiba.go.jp/KeibaWeb/TodayRaceInfo/Odds3LenFuku?k_babaCode=19&k_raceDate=2026%2F10%2F01&k_raceNo=10
2026-10-01 19:20:22,19:20,2026-10-01,funabashi,10,5,三連複,2-6-13,1471.9,1471.9,232,https://www.keiba.go.jp/KeibaWeb/TodayRaceInfo/Odds3LenFuku?k_babaCode=19&k_raceDate=2026%2F10%2F01&k_raceNo=10
2026-10-01 19:20:22,19:20,2026-10-01,funabashi,10,5,三連複,3-9-13,1471.9,1471.9,232,https://www.keiba.go.jp/KeibaWeb/TodayRaceInfo/Odds3LenFuku?k_babaCode=19&k_raceDate=2026%2F10%2F01&k_raceNo=10
2026-10-01 19:20:22,19:20,2026-10-01,funabashi,10,5,三連複,7-10-14,1471.9,1471.9,232,https://www.keiba.go.jp/KeibaWeb/TodayRaceInfo/Odds3LenFuku?k_babaCode=19&k_raceDate=2026%2F10%2F01&k_raceNo=10
2026-10-01 19:20:22,19:20,2026-10-01,funabashi,10,5,三連複,7-12-13,1500.5,1500.5,235,https://www.keiba.go.jp/KeibaWeb/TodayRaceInfo/Odds3LenFuku?k_babaCode=19&k_raceDate=2026%2F10%2F01&k_raceNo=10
2026-10-01 19:20:22,19:20,2026-10-01,funabashi,10,5,三連複,1-8-11,1545.5,1545.5,236,https://www.keiba.go.jp/KeibaWeb/TodayRaceInfo/Odds3LenFuku?k_babaCode=19&k_raceDate=2026%2F10%2F01&k_raceNo=10
2026-10-01 19:20:22,19:20,2026-10-01,funabashi,10,5,三連複,1-10-13,1545.5,1545.5,236,https://www.keiba.go.jp/KeibaWeb/TodayRaceInfo/Odds3LenFuku?k_babaCode=19&k_raceDate=2026%2F10%2F01&k_raceNo=10
2026-10-01 19:20:22,19:20,2026-10-01,funabashi,10,5,三連複,5-9-13,1545.5,1545.5,236,https://www.keiba.go.jp/KeibaWeb/TodayRaceInfo/Odds3LenFuku?k_babaCode=19&k_raceDate=2026%2F10%2F01&k_raceNo=10
2026-10-01 19:20:22,19:20,2026-10-01,funabashi,10,5,三連複,4-6-14,1561.1,1561.1,239,https://www.keiba.go.jp/KeibaWeb/TodayRaceInfo/Odds3LenFuku?k_babaCode=19&k_raceDate=2026%2F10%2F01&k_raceNo=10
2026-10-01 19:20:22,19:20,2026-10-01,funabashi,10,5,三連複,2-4-5,1577.1,1577.1,240,https://www.keiba.go.jp/KeibaWeb/TodayRaceInfo/Odds3LenFuku?k_babaCode=19&k_raceDate=2026%2F10%2F01&k_raceNo=10
2026-10-01 19:20:22,19:20,2026-10-01,funabashi,10,5,三連複,2-7-11,1577.1,1577.1,240,https://www.keiba.go.jp/KeibaWeb/TodayRaceInfo/Odds3LenFuku?k_babaCode=19&k_raceDate=2026%2F10%2F01&k_raceNo=10
2026-10-01 19:20:22,19:20,2026-10-01,funabashi,10,5,三連複,5-8-11,1593.3,1593.3,242,https://www.keiba.go.jp/KeibaWeb/TodayRaceInfo/Odds3LenFuku?k_babaCode=19&k_raceDate=2026%2F10%2F01&k_raceNo=10
2026-10-01 19:20:22,19:20,2026-10-01,funabashi,10,5,三連複,3-13-14,1644.2,1644.2,243,https://www.keiba.go.jp/KeibaWeb/TodayRaceInfo/Odds3LenFuku?k_babaCode=19&k_raceDate=2026%2F10%2F01&k_raceNo=10
2026-10-01 19:20:22,19:20,2026-10-01,funabashi,10,5,三連複,2-8-9,1661.9,1661.9,244,https://www.keiba.go.jp/KeibaWeb/TodayRaceInfo/Odds3LenFuku?k_babaCode=19&k_raceDate=2026%2F10%2F01&k_raceNo=10
2026-10-01 19:20:22,19:20,2026-10-01,funabashi,10,5,三連複,4-6-10,1679.9,1679.9,245,https://www.keiba.go.jp/KeibaWeb/TodayRaceInfo/Odds3LenFuku?k_babaCode=19&k_raceDate=2026%2F10%2F01&k_raceNo=10
2026-10-01 19:20:22,19:20,2026-10-01,funabashi,10,5,三連複,1-2-13,1698.4,1698.4,246,https://www.keiba.go.jp/KeibaWeb/TodayRaceInfo/Odds3LenFuku?k_babaCode=19&k_raceDate=2026%2F10%2F01&k_raceNo=10
2026-10-01 19:20:22,19:20,2026-10-01,funabashi,10,5,三連複,5-7-8,1698.4,1698.4,246,https://www.keiba.go.jp/KeibaWeb/TodayRaceInfo/Odds3LenFuku?k_babaCode=19&k_raceDate=2026%2F10%2F01&k_raceNo=10
2026-10-01 19:20:22,19:20,2026-10-01,funabashi,10,5,三連複,2-3-8,1717.2,1717.2,248,https://www.keiba.go.jp/KeibaWeb/TodayRaceInfo/Odds3LenFuku?k_babaCode=19&k_raceDate=2026%2F10%2F01&k_raceNo=10
2026-10-01 19:20:22,19:20,2026-10-01,funabashi,10,5,三連複,2-5-8,1717.2,1717.2,248,https://www.keiba.go.jp/KeibaWeb/TodayRaceInfo/Odds3LenFuku?k_babaCode=19&k_raceDate=2026%2F10%2F01&k_raceNo=10
2026-10-01 19:20:22,19:20,2026-10-01,funabashi,10,5,三連複,7-10-11,1717.2,1717.2,248,https://www.keiba.go.jp/KeibaWeb/TodayRaceInfo/Odds3LenFuku?k_babaCode=19&k_raceDate=2026%2F10%2F01&k_raceNo=10
2026-10-01 19:20:22,19:20,2026-10-01,funabashi,10,5,三連複,1-4-10,1736.5,1736.5,251,https://www.keiba.go.jp/KeibaWeb/TodayRaceInfo/Odds3LenFuku?k_babaCode=19&k_raceDate=2026%2F10%2F01&k_raceNo=10
2026-10-01 19:20:22,19:20,2026-10-01,funabashi,10,5,三連複,4-6-11,1736.5,1736.5,251,https://www.keiba.go.jp/KeibaWeb/TodayRaceInfo/Odds3LenFuku?k_babaCode=19&k_raceDate=2026%2F10%2F01&k_raceNo=10
2026-10-01 19:20:22,19:20,2026-10-01,funabashi,10,5,三連複,2-3-4,1756.3,1756.3,253,https://www.keiba.go.jp/KeibaWeb/TodayRaceInfo/Odds3LenFuku?k_babaCode=19&k_raceDate=2026%2F10%2F01&k_raceNo=10
2026-10-01 19:20:22,19:20,2026-10-01,funabashi,10,5,三連複,5-8-10,1756.3,1756.3,253,https://www.keiba.go.jp/KeibaWeb/TodayRaceInfo/Odds3LenFuku?k_babaCode=19&k_raceDate=2026%2F10%2F01&k_raceNo=10
2026-10-01 19:20:22,19:20,2026-10-01,funabashi,10,5,三連複,1-4-7,1776.5,1776.5,255,https://www.keiba.go.jp/KeibaWeb/TodayRaceInfo/Odds3LenFuku?k_babaCode=19&k_raceDate=2026%2F10%2F01&k_raceNo=10
2026-10-01 19:20:22,19:20,2026-10-01,funabashi,10,5,三連複,10-11-13,1776.5,1776.5,255,https://www.keiba.go.jp/KeibaWeb/TodayRaceInfo/Odds3LenFuku?k_babaCode=19&k_raceDate=2026%2F10%2F01&k_raceNo=10
2026-10-01 19:20:22,19:20,2026-10-01,funabashi,10,5,三連複,9-11-13,1797.1,1797.1,257,https://www.keiba.go.jp/KeibaWeb/TodayRaceInfo/Odds3LenFuku?k_babaCode=19&k_raceDate=2026%2F10%2F01&k_raceNo=10
2026-10-01 19:20:22,19:20,2026-10-01,funabashi,10,5,三連複,6-8-14,1818.3,1818.3,258,https://www.keiba.go.jp/KeibaWeb/TodayRaceInfo/Odds3LenFuku?k_babaCode=19&k_raceDate=2026%2F10%2F01&k_raceNo=10
2026-10-01 19:20:22,19:20,2026-10-01,funabashi,10,5,三連複,7-9-13,1818.3,1818.3,258,https://www.keiba.go.jp/KeibaWeb/TodayRaceInfo/Odds3LenFuku?k_babaCode=19&k_raceDate=2026%2F10%2F01&k_raceNo=10
2026-10-01 19:20:22,19:20,2026-10-01,funabashi,10,5,三連複,4-12-14,1839.9,1839.9,260,https://www.keiba.go.jp/KeibaWeb/TodayRaceInfo/Odds3LenFuku?k_babaCode=19&k_raceDate=2026%2F10%2F01&k_raceNo=10
2026-10-01 19:20:22,19:20,2026-10-01,funabashi,10,5,三連複,4-5-9,1862.1,1862.1,261,https://www.keiba.go.jp/KeibaWeb/TodayRaceInfo/Odds3LenFuku?k_babaCode=19&k_raceDate=2026%2F10%2F01&k_raceNo=10
2026-10-01 19:20:22,19:20,2026-10-01,funabashi,10,5,三連複,4-6-7,1862.1,1862.1,261,https://www.keiba.go.jp/KeibaWeb/TodayRaceInfo/Odds3LenFuku?k_babaCode=19&k_raceDate=2026%2F10%2F01&k_raceNo=10
2026-10-01 19:20:22,19:20,2026-10-01,funabashi,10,5,三連複,5-10-13,1862.1,1862.1,261,https://www.keiba.go.jp/KeibaWeb/TodayRaceInfo/Odds3LenFuku?k_babaCode=19&k_raceDate=2026%2F10%2F01&k_raceNo=10
2026-10-01 19:20:22,19:20,2026-10-01,funabashi,10,5,三連複,1-13-14,1884.8,1884.8,264,https://www.keiba.go.jp/KeibaWeb/TodayRaceInfo/Odds3LenFuku?k_babaCode=19&k_raceDate=2026%2F10%2F01&k_raceNo=10
2026-10-01 19:20:22,19:20,2026-10-01,funabashi,10,5,三連複,5-13-14,1884.8,1884.8,264,https://www.keiba.go.jp/KeibaWeb/TodayRaceInfo/Odds3LenFuku?k_babaCode=19&k_raceDate=2026%2F10%2F01&k_raceNo=10
2026-10-01 19:20:22,19:20,2026-10-01,funabashi,10,5,三連複,1-4-11,1908.1,1908.1,266,https://www.keiba.go.jp/KeibaWeb/TodayRaceInfo/Odds3LenFuku?k_babaCode=19&k_raceDate=2026%2F10%2F01&k_raceNo=10
2026-10-01 19:20:22,19:20,2026-10-01,funabashi,10,5,三連複,4-11-12,1931.9,1931.9,267,https://www.keiba.go.jp/KeibaWeb/TodayRaceInfo/Odds3LenFuku?k_babaCode=19&k_raceDate=2026%2F10%2F01&k_raceNo=10
2026-10-01 19:20:22,19:20,2026-10-01,funabashi,10,5,三連複,8-10-14,1981.4,1981.4,268,https://www.keiba.go.jp/KeibaWeb/TodayRaceInfo/Odds3LenFuku?k_babaCode=19&k_raceDate=2026%2F10%2F01&k_raceNo=10
2026-10-01 19:20:22,19:20,2026-10-01,funabashi,10,5,三連複,1-4-14,2007.2,2007.2,269,https://www.keiba.go.jp/KeibaWeb/TodayRaceInfo/Odds3LenFuku?k_babaCode=19&k_raceDate=2026%2F10%2F01&k_raceNo=10
2026-10-01 19:20:22,19:20,2026-10-01,funabashi,10,5,三連複,1-7-8,2007.2,2007.2,269,https://www.keiba.go.jp/KeibaWeb/TodayRaceInfo/Odds3LenFuku?k_babaCode=19&k_raceDate=2026%2F10%2F01&k_raceNo=10
2026-10-01 19:20:22,19:20,2026-10-01,funabashi,10,5,三連複,1-7-13,2007.2,2007.2,269,https://www.keiba.go.jp/KeibaWeb/TodayRaceInfo/Odds3LenFuku?k_babaCode=19&k_raceDate=2026%2F10%2F01&k_raceNo=10
2026-10-01 19:20:22,19:20,2026-10-01,funabashi,10,5,三連複,3-8-9,2007.2,2007.2,269,https://www.keiba.go.jp/KeibaWeb/TodayRaceInfo/Odds3LenFuku?k_babaCode=19&k_raceDate=2026%2F10%2F01&k_raceNo=10
2026-10-01 19:20:22,19:20,2026-10-01,funabashi,10,5,三連複,7-11-14,2007.2,2007.2,269,https://www.keiba.go.jp/KeibaWeb/TodayRaceInfo/Odds3LenFuku?k_babaCode=19&k_raceDate=2026%2F10%2F01&k_raceNo=10
2026-10-01 19:20:22,19:20,2026-10-01,funabashi,10,5,三連複,5-7-13,2033.6,2033.6,274,https://www.keiba.go.jp/KeibaWeb/TodayRaceInfo/Odds3LenFuku?k_babaCode=19&k_raceDate=2026%2F10%2F01&k_raceNo=10
2026-10-01 19:20:22,19:20,2026-10-01,funabashi,10,5,三連複,7-8-12,2033.6,2033.6,274,https://www.keiba.go.jp/KeibaWeb/TodayRaceInfo/Odds3LenFuku?k_babaCode=19&k_raceDate=2026%2F10%2F01&k_raceNo=10
2026-10-01 19:20:22,19:20,2026-10-01,funabashi,10,5,三連複,3-8-10,2060.7,2060.7,276,https://www.keiba.go.jp/KeibaWeb/TodayRaceInfo/Odds3LenFuku?k_babaCode=19&k_raceDate=2026%2F10%2F01&k_raceNo=10
2026-10-01 19:20:22,19:20,2026-10-01,funabashi,10,5,三連複,5-11-13,2207.9,2207.9,277,https://www.keiba.go.jp/KeibaWeb/TodayRaceInfo/Odds3LenFuku?k_babaCode=19&k_raceDate=2026%2F10%2F01&k_raceNo=10
2026-10-01 19:20:22,19:20,2026-10-01,funabashi,10,5,三連複,8-9-11,2207.9,2207.9,277,https://www.keiba.go.jp/KeibaWeb/TodayRaceInfo/Odds3LenFuku?k_babaCode=19&k_raceDate=2026%2F10%2F01&k_raceNo=10
2026-10-01 19:20:22,19:20,2026-10-01,funabashi,10,5,三連複,11-13-14,2207.9,2207.9,277,https://www.keiba.go.jp/KeibaWeb/TodayRaceInfo/Odds3LenFuku?k_babaCode=19&k_raceDate=2026%2F10%2F01&k_raceNo=10
2026-10-01 19:20:22,19:20,2026-10-01,funabashi,10,5,三連複,3-7-8,2272.8,2272.8,280,https://www.keiba.go.jp/KeibaWeb/TodayRaceInfo/Odds3LenFuku?k_babaCode=19&k_raceDate=2026%2F10%2F01&k_raceNo=10
2026-10-01 19:20:22,19:20,2026-10-01,funabashi,10,5,三連複,3-4-7,2306.8,2306.8,281,https://www.keiba.go.jp/KeibaWeb/TodayRaceInfo/Odds3LenFuku?k_babaCode=19&k_raceDate=2026%2F10%2F01&k_raceNo=10
2026-10-01 19:20:22,19:20,2026-10-01,funabashi,10,5,三連複,2-9-13,2377.7,2377.7,282,https://www.keiba.go.jp/KeibaWeb/TodayRaceInfo/Odds3LenFuku?k_babaCode=19&k_raceDate=2026%2F10%2F01&k_raceNo=10
2026-10-01 19:20:22,19:20,2026-10-01,funabashi,10,5,三連複,2-4-9,2414.9,2414.9,283,https://www.keiba.go.jp/KeibaWeb/TodayRaceInfo/Odds3LenFuku?k_babaCode=19&k_raceDate=2026%2F10%2F01&k_raceNo=10
2026-10-01 19:20:22,19:20,2026-10-01,funabashi,10,5,三連複,2-8-14,2414.9,2414.9,283,https://www.keiba.go.jp/KeibaWeb/TodayRaceInfo/Odds3LenFuku?k_babaCode=19&k_raceDate=2026%2F10%2F01&k_raceNo=10
2026-10-01 19:20:22,19:20,2026-10-01,funabashi,10,5,三連複,4-5-14,2453.2,2453.2,285,https://www.keiba.go.jp/KeibaWeb/TodayRaceInfo/Odds3LenFuku?k_babaCode=19&k_raceDate=2026%2F10%2F01&k_raceNo=10
2026-10-01 19:20:22,19:20,2026-10-01,funabashi,10,5,三連複,4-10-12,2453.2,2453.2,285,https://www.keiba.go.jp/KeibaWeb/TodayRaceInfo/Odds3LenFuku?k_babaCode=19&k_raceDate=2026%2F10%2F01&k_raceNo=10
2026-10-01 19:20:22,19:20,2026-10-01,funabashi,10,5,三連複,9-13-14,2492.8,2492.8,287,https://www.keiba.go.jp/KeibaWeb/TodayRaceInfo/Odds3LenFuku?k_babaCode=19&k_raceDate=2026%2F10%2F01&k_raceNo=10
2026-10-01 19:20:22,19:20,2026-10-01,funabashi,10,5,三連複,3-4-9,2533.7,2533.7,288,https://www.keiba.go.jp/KeibaWeb/TodayRaceInfo/Odds3LenFuku?k_babaCode=19&k_raceDate=2026%2F10%2F01&k_raceNo=10
2026-10-01 19:20:22,19:20,2026-10-01,funabashi,10,5,三連複,7-8-9,2619.6,2619.6,289,https://www.keiba.go.jp/KeibaWeb/TodayRaceInfo/Odds3LenFuku?k_babaCode=19&k_raceDate=2026%2F10%2F01&k_raceNo=10
2026-10-01 19:20:22,19:20,2026-10-01,funabashi,10,5,三連複,2-4-14,2664.7,2664.7,290,https://www.keiba.go.jp/KeibaWeb/TodayRaceInfo/Odds3LenFuku?k_babaCode=19&k_raceDate=2026%2F10%2F01&k_raceNo=10
2026-10-01 19:20:22,19:20,2026-10-01,funabashi,10,5,三連複,4-5-7,2664.7,2664.7,290,https://www.keiba.go.jp/KeibaWeb/TodayRaceInfo/Odds3LenFuku?k_babaCode=19&k_raceDate=2026%2F10%2F01&k_raceNo=10
2026-10-01 19:20:22,19:20,2026-10-01,funabashi,10,5,三連複,4-10-14,2664.7,2664.7,290,https://www.keiba.go.jp/KeibaWeb/TodayRaceInfo/Odds3LenFuku?k_babaCode=19&k_raceDate=2026%2F10%2F01&k_raceNo=10
2026-10-01 19:20:22,19:20,2026-10-01,funabashi,10,5,三連複,7-10-13,2664.7,2664.7,290,https://www.keiba.go.jp/KeibaWeb/TodayRaceInfo/Odds3LenFuku?k_babaCode=19&k_raceDate=2026%2F10%2F01&k_raceNo=10
2026-10-01 19:20:22,19:20,2026-10-01,funabashi,10,5,三連複,4-7-14,2711.5,2711.5,294,https://www.keiba.go.jp/KeibaWeb/TodayRaceInfo/Odds3LenFuku?k_babaCode=19&k_raceDate=2026%2F10%2F01&k_raceNo=10
2026-10-01 19:20:22,19:20,2026-10-01,funabashi,10,5,三連複,8-10-11,2711.5,2711.5,294,https://www.keiba.go.jp/KeibaWeb/TodayRaceInfo/Odds3LenFuku?k_babaCode=19&k_raceDate=2026%2F10%2F01&k_raceNo=10
2026-10-01 19:20:22,19:20,2026-10-01,funabashi,10,5,三連複,1-8-14,2759.9,2759.9,296,https://www.keiba.go.jp/KeibaWeb/TodayRaceInfo/Odds3LenFuku?k_babaCode=19&k_raceDate=2026%2F10%2F01&k_raceNo=10
2026-10-01 19:20:22,19:20,2026-10-01,funabashi,10,5,三連複,4-7-12,2759.9,2759.9,296,https://www.keiba.go.jp/KeibaWeb/TodayRaceInfo/Odds3LenFuku?k_babaCode=19&k_raceDate=2026%2F10%2F01&k_raceNo=10
2026-10-01 19:20:22,19:20,2026-10-01,funabashi,10,5,三連複,5-8-14,2759.9,2759.9,296,https://www.keiba.go.jp/KeibaWeb/TodayRaceInfo/Odds3LenFuku?k_babaCode=19&k_raceDate=2026%2F10%2F01&k_raceNo=10
2026-10-01 19:20:22,19:20,2026-10-01,funabashi,10,5,三連複,7-11-13,2759.9,2759.9,296,https://www.keiba.go.jp/KeibaWeb/TodayRaceInfo/Odds3LenFuku?k_babaCode=19&k_raceDate=2026%2F10%2F01&k_raceNo=10
2026-10-01 19:20:22,19:20,2026-10-01,funabashi,10,5,三連複,2-4-7,2810.1,2810.1,300,https://www.keiba.go.jp/KeibaWeb/TodayRaceInfo/Odds3LenFuku?k_babaCode=19&k_raceDate=2026%2F10%2F01&k_raceNo=10
2026-10-01 19:20:22,19:20,2026-10-01,funabashi,10,5,三連複,3-8-14,2810.1,2810.1,300,https://www.keiba.go.jp/KeibaWeb/TodayRaceInfo/Odds3LenFuku?k_babaCode=19&k_raceDate=2026%2F10%2F01&k_raceNo=10
2026-10-01 19:20:22,19:20,2026-10-01,funabashi,10,5,三連複,4-5-11,2810.1,2810.1,300,https://www.keiba.go.jp/KeibaWeb/TodayRaceInfo/Odds3LenFuku?k_babaCode=19&k_raceDate=2026%2F10%2F01&k_raceNo=10
2026-10-01 19:20:22,19:20,2026-10-01,funabashi,10,5,三連複,2-5-13,2862.1,2862.1,303,https://www.keiba.go.jp/KeibaWeb/TodayRaceInfo/Odds3LenFuku?k_babaCode=19&k_raceDate=2026%2F10%2F01&k_raceNo=10
2026-10-01 19:20:22,19:20,2026-10-01,funabashi,10,5,三連複,7-13-14,2862.1,2862.1,303,https://www.keiba.go.jp/KeibaWeb/TodayRaceInfo/Odds3LenFuku?k_babaCode=19&k_raceDate=2026%2F10%2F01&k_raceNo=10
2026-10-01 19:20:22,19:20,2026-10-01,funabashi,10,5,三連複,9-10-13,2916.1,2916.1,305,https://www.keiba.go.jp/KeibaWeb/TodayRaceInfo/Odds3LenFuku?k_babaCode=19&k_raceDate=2026%2F10%2F01&k_raceNo=10
2026-10-01 19:20:22,19:20,2026-10-01,funabashi,10,5,三連複,4-9-11,2972.2,2972.2,306,https://www.keiba.go.jp/KeibaWeb/TodayRaceInfo/Odds3LenFuku?k_babaCode=19&k_raceDate=2026%2F10%2F01&k_raceNo=10
2026-10-01 19:20:22,19:20,2026-10-01,funabashi,10,5,三連複,2-7-8,3030.5,3030.5,307,https://www.keiba.go.jp/KeibaWeb/TodayRaceInfo/Odds3LenFuku?k_babaCode=19&k_raceDate=2026%2F10%2F01&k_raceNo=10
2026-10-01 19:20:22,19:20,2026-10-01,funabashi,10,5,三連複,2-8-10,3030.5,3030.5,307,https://www.keiba.go.jp/KeibaWeb/TodayRaceInfo/Odds3LenFuku?k_babaCode=19&k_raceDate=2026%2F10%2F01&k_raceNo=10
2026-10-01 19:20:22,19:20,2026-10-01,funabashi,10,5,三連複,3-4-11,3030.5,3030.5,307,https://www.keiba.go.jp/KeibaWeb/TodayRaceInfo/Odds3LenFuku?k_babaCode=19&k_raceDate=2026%2F10%2F01&k_raceNo=10
2026-10-01 19:20:22,19:20,2026-10-01,funabashi,10,5,三連複,4-7-9,3030.5,3030.5,307,https://www.keiba.go.jp/KeibaWeb/TodayRaceInfo/Odds3LenFuku?k_babaCode=19&k_raceDate=2026%2F10%2F01&k_raceNo=10
2026-10-01 19:20:22,19:20,2026-10-01,funabashi,10,5,三連複,2-11-13,3154.2,3154.2,311,https://www.keiba.go.jp/KeibaWeb/TodayRaceInfo/Odds3LenFuku?k_babaCode=19&k_raceDate=2026%2F10%2F01&k_raceNo=10
2026-10-01 19:20:22,19:20,2026-10-01,funabashi,10,5,三連複,2-13-14,3154.2,3154.2,311,https://www.keiba.go.jp/KeibaWeb/TodayRaceInfo/Odds3LenFuku?k_babaCode=19&k_raceDate=2026%2F10%2F01&k_raceNo=10
2026-10-01 19:20:22,19:20,2026-10-01,funabashi,10,5,三連複,4-5-10,3154.2,3154.2,311,https://www.keiba.go.jp/KeibaWeb/TodayRaceInfo/Odds3LenFuku?k_babaCode=19&k_raceDate=2026%2F10%2F01&k_raceNo=10
2026-10-01 19:20:22,19:20,2026-10-01,funabashi,10,5,三連複,8-10-13,3154.2,3154.2,311,https://www.keiba.go.jp/KeibaWeb/TodayRaceInfo/Odds3LenFuku?k_babaCode=19&k_raceDate=2026%2F10%2F01&k_raceNo=10
2026-10-01 19:20:22,19:20,2026-10-01,funabashi,10,5,三連複,2-7-13,3219.9,3219.9,315,https://www.keiba.go.jp/KeibaWeb/TodayRaceInfo/Odds3LenFuku?k_babaCode=19&k_raceDate=2026%2F10%2F01&k_raceNo=10
2026-10-01 19:20:22,19:20,2026-10-01,funabashi,10,5,三連複,3-4-14,3359.9,3359.9,316,https://www.keiba.go.jp/KeibaWeb/TodayRaceInfo/Odds3LenFuku?k_babaCode=19&k_raceDate=2026%2F10%2F01&k_raceNo=10
2026-10-01 19:20:22,19:20,2026-10-01,funabashi,10,5,三連複,6-8-13,3512.6,3512.6,317,https://www.keiba.go.jp/KeibaWeb/TodayRaceInfo/Odds3LenFuku?k_babaCode=19&k_raceDate=2026%2F10%2F01&k_raceNo=10
2026-10-01 19:20:22,19:20,2026-10-01,funabashi,10,5,三連複,4-9-10,3594.3,3594.3,318,https://www.keiba.go.jp/KeibaWeb/TodayRaceInfo/Odds3LenFuku?k_babaCode=19&k_raceDate=2026%2F10%2F01&k_raceNo=10
2026-10-01 19:20:22,19:20,2026-10-01,funabashi,10,5,三連複,4-9-14,3679.9,3679.9,319,https://www.keiba.go.jp/KeibaWeb/TodayRaceInfo/Odds3LenFuku?k_babaCode=19&k_raceDate=2026%2F10%2F01&k_raceNo=10
2026-10-01 19:20:22,19:20,2026-10-01,funabashi,10,5,三連複,7-8-10,3679.9,3679.9,319,https://www.keiba.go.jp/KeibaWeb/TodayRaceInfo/Odds3LenFuku?k_babaCode=19&k_raceDate=2026%2F10%2F01&k_raceNo=10
2026-10-01 19:20:22,19:20,2026-10-01,funabashi,10,5,三連複,8-9-14,3679.9,3679.9,319,https://www.keiba.go.jp/KeibaWeb/TodayRaceInfo/Odds3LenFuku?k_babaCode=19&k_raceDate=2026%2F10%2F01&k_raceNo=10
2026-10-01 19:20:22,19:20,2026-10-01,funabashi,10,5,三連複,4-6-13,3769.6,3769.6,322,https://www.keiba.go.jp/KeibaWeb/TodayRaceInfo/Odds3LenFuku?k_babaCode=19&k_raceDate=2026%2F10%2F01&k_raceNo=10
2026-10-01 19:20:22,19:20,2026-10-01,funabashi,10,5,三連複,4-6-8,3863.9,3863.9,323,https://www.keiba.go.jp/KeibaWeb/TodayRaceInfo/Odds3LenFuku?k_babaCode=19&k_raceDate=2026%2F10%2F01&k_raceNo=10
2026-10-01 19:20:22,19:20,2026-10-01,funabashi,10,5,三連複,4-7-10,3863.9,3863.9,323,https://www.keiba.go.jp/KeibaWeb/TodayRaceInfo/Odds3LenFuku?k_babaCode=19&k_raceDate=2026%2F10%2F01&k_raceNo=10
2026-10-01 19:20:22,19:20,2026-10-01,funabashi,10,5,三連複,4-7-11,3863.9,3863.9,323,https://www.keiba.go.jp/KeibaWeb/TodayRaceInfo/Odds3LenFuku?k_babaCode=19&k_raceDate=2026%2F10%2F01&k_raceNo=10
2026-10-01 19:20:22,19:20,2026-10-01,funabashi,10,5,三連複,4-8-12,3863.9,3863.9,323,https://www.keiba.go.jp/KeibaWeb/TodayRaceInfo/Odds3LenFuku?k_babaCode=19&k_raceDate=2026%2F10%2F01&k_raceNo=10
2026-10-01 19:20:22,19:20,2026-10-01,funabashi,10,5,三連複,2-4-8,3962.9,3962.9,327,https://www.keiba.go.jp/KeibaWeb/TodayRaceInfo/Odds3LenFuku?k_babaCode=19&k_raceDate=2026%2F10%2F01&k_raceNo=10
2026-10-01 19:20:22,19:20,2026-10-01,funabashi,10,5,三連複,2-8-11,3962.9,3962.9,327,https://www.keiba.go.jp/KeibaWeb/TodayRaceInfo/Odds3LenFuku?k_babaCode=19&k_raceDate=2026%2F10%2F01&k_raceNo=10
2026-10-01 19:20:22,19:20,2026-10-01,funabashi,10,5,三連複,3-4-10,3962.9,3962.9,327,https://www.keiba.go.jp/KeibaWeb/TodayRaceInfo/Odds3LenFuku?k_babaCode=19&k_raceDate=2026%2F10%2F01&k_raceNo=10
2026-10-01 19:20:22,19:20,2026-10-01,funabashi,10,5,三連複,8-11-14,3962.9,3962.9,327,https://www.keiba.go.jp/KeibaWeb/TodayRaceInfo/Odds3LenFuku?k_babaCode=19&k_raceDate=2026%2F10%2F01&k_raceNo=10
2026-10-01 19:20:22,19:20,2026-10-01,funabashi,10,5,三連複,3-8-13,4067.2,4067.2,331,https://www.keiba.go.jp/KeibaWeb/TodayRaceInfo/Odds3LenFuku?k_babaCode=19&k_raceDate=2026%2F10%2F01&k_raceNo=10
2026-10-01 19:20:22,19:20,2026-10-01,funabashi,10,5,三連複,7-8-13,4067.2,4067.2,331,https://www.keiba.go.jp/KeibaWeb/TodayRaceInfo/Odds3LenFuku?k_babaCode=19&k_raceDate=2026%2F10%2F01&k_raceNo=10
2026-10-01 19:20:22,19:20,2026-10-01,funabashi,10,5,三連複,8-12-13,4067.2,4067.2,331,https://www.keiba.go.jp/KeibaWeb/TodayRaceInfo/Odds3LenFuku?k_babaCode=19&k_raceDate=2026%2F10%2F01&k_raceNo=10
2026-10-01 19:20:22,19:20,2026-10-01,funabashi,10,5,三連複,7-8-14,4293.2,4293.2,334,https://www.keiba.go.jp/KeibaWeb/TodayRaceInfo/Odds3LenFuku?k_babaCode=19&k_raceDate=2026%2F10%2F01&k_raceNo=10
2026-10-01 19:20:22,19:20,2026-10-01,funabashi,10,5,三連複,8-9-13,4293.2,4293.2,334,https://www.keiba.go.jp/KeibaWeb/TodayRaceInfo/Odds3LenFuku?k_babaCode=19&k_raceDate=2026%2F10%2F01&k_raceNo=10
2026-10-01 19:20:22,19:20,2026-10-01,funabashi,10,5,三連複,4-5-8,4415.9,4415.9,336,https://www.keiba.go.jp/KeibaWeb/TodayRaceInfo/Odds3LenFuku?k_babaCode=19&k_raceDate=2026%2F10%2F01&k_raceNo=10
2026-10-01 19:20:22,19:20,2026-10-01,funabashi,10,5,三連複,4-7-8,4545.7,4545.7,337,https://www.keiba.go.jp/KeibaWeb/TodayRaceInfo/Odds3LenFuku?k_babaCode=19&k_raceDate=2026%2F10%2F01&k_raceNo=10
2026-10-01 19:20:22,19:20,2026-10-01,funabashi,10,5,三連複,2-4-10,4829.9,4829.9,338,https://www.keiba.go.jp/KeibaWeb/TodayRaceInfo/Odds3LenFuku?k_babaCode=19&k_raceDate=2026%2F10%2F01&k_raceNo=10
2026-10-01 19:20:22,19:20,2026-10-01,funabashi,10,5,三連複,4-11-14,4829.9,4829.9,338,https://www.keiba.go.jp/KeibaWeb/TodayRaceInfo/Odds3LenFuku?k_babaCode=19&k_raceDate=2026%2F10%2F01&k_raceNo=10
2026-10-01 19:20:22,19:20,2026-10-01,funabashi,10,5,三連複,8-11-13,4829.9,4829.9,338,https://www.keiba.go.jp/KeibaWeb/TodayRaceInfo/Odds3LenFuku?k_babaCode=19&k_raceDate=2026%2F10%2F01&k_raceNo=10
2026-10-01 19:20:22,19:20,2026-10-01,funabashi,10,5,三連複,4-10-11,4985.7,4985.7,341,https://www.keiba.go.jp/KeibaWeb/TodayRaceInfo/Odds3LenFuku?k_babaCode=19&k_raceDate=2026%2F10%2F01&k_raceNo=10
2026-10-01 19:20:22,19:20,2026-10-01,funabashi,10,5,三連複,5-8-13,4985.7,4985.7,341,https://www.keiba.go.jp/KeibaWeb/TodayRaceInfo/Odds3LenFuku?k_babaCode=19&k_raceDate=2026%2F10%2F01&k_raceNo=10
2026-10-01 19:20:22,19:20,2026-10-01,funabashi,10,5,三連複,7-8-11,4985.7,4985.7,341,https://www.keiba.go.jp/KeibaWeb/TodayRaceInfo/Odds3LenFuku?k_babaCode=19&k_raceDate=2026%2F10%2F01&k_raceNo=10
2026-10-01 19:20:22,19:20,2026-10-01,funabashi,10,5,三連複,1-8-13,5151.8,5151.8,344,https://www.keiba.go.jp/KeibaWeb/TodayRaceInfo/Odds3LenFuku?k_babaCode=19&k_raceDate=2026%2F10%2F01&k_raceNo=10
2026-10-01 19:20:22,19:20,2026-10-01,funabashi,10,5,三連複,2-4-11,5151.8,5151.8,344,https://www.keiba.go.jp/KeibaWeb/TodayRaceInfo/Odds3LenFuku?k_babaCode=19&k_raceDate=2026%2F10%2F01&k_raceNo=10
2026-10-01 19:20:22,19:20,2026-10-01,funabashi,10,5,三連複,4-12-13,5151.8,5151.8,344,https://www.keiba.go.jp/KeibaWeb/TodayRaceInfo/Odds3LenFuku?k_babaCode=19&k_raceDate=2026%2F10%2F01&k_raceNo=10
2026-10-01 19:20:22,19:20,2026-10-01,funabashi,10,5,三連複,3-4-8,5329.5,5329.5,347,https://www.keiba.go.jp/KeibaWeb/TodayRaceInfo/Odds3LenFuku?k_babaCode=19&k_raceDate=2026%2F10%2F01&k_raceNo=10
2026-10-01 19:20:22,19:20,2026-10-01,funabashi,10,5,三連複,2-8-13,5519.8,5519.8,348,https://www.keiba.go.jp/KeibaWeb/TodayRaceInfo/Odds3LenFuku?k_babaCode=19&k_raceDate=2026%2F10%2F01&k_raceNo=10
2026-10-01 19:20:22,19:20,2026-10-01,funabashi,10,5,三連複,4-13-14,5519.8,5519.8,348,https://www.keiba.go.jp/KeibaWeb/TodayRaceInfo/Odds3LenFuku?k_babaCode=19&k_raceDate=2026%2F10%2F01&k_raceNo=10
2026-10-01 19:20:22,19:20,2026-10-01,funabashi,10,5,三連複,4-5-13,5724.3,5724.3,350,https://www.keiba.go.jp/KeibaWeb/TodayRaceInfo/Odds3LenFuku?k_babaCode=19&k_raceDate=2026%2F10%2F01&k_raceNo=10
2026-10-01 19:20:22,19:20,2026-10-01,funabashi,10,5,三連複,4-7-13,5724.3,5724.3,350,https://www.keiba.go.jp/KeibaWeb/TodayRaceInfo/Odds3LenFuku?k_babaCode=19&k_raceDate=2026%2F10%2F01&k_raceNo=10
2026-10-01 19:20:22,19:20,2026-10-01,funabashi,10,5,三連複,2-10-13,5944.4,5944.4,352,https://www.keiba.go.jp/KeibaWeb/TodayRaceInfo/Odds3LenFuku?k_babaCode=19&k_raceDate=2026%2F10%2F01&k_raceNo=10
2026-10-01 19:20:22,19:20,2026-10-01,funabashi,10,5,三連複,8-13-14,5944.4,5944.4,352,https://www.keiba.go.jp/KeibaWeb/TodayRaceInfo/Odds3LenFuku?k_babaCode=19&k_raceDate=2026%2F10%2F01&k_raceNo=10
2026-10-01 19:20:22,19:20,2026-10-01,funabashi,10,5,三連複,1-4-13,6182.2,6182.2,354,https://www.keiba.go.jp/KeibaWeb/TodayRaceInfo/Odds3LenFuku?k_babaCode=19&k_raceDate=2026%2F10%2F01&k_raceNo=10
2026-10-01 19:20:22,19:20,2026-10-01,funabashi,10,5,三連複,4-8-14,6182.2,6182.2,354,https://www.keiba.go.jp/KeibaWeb/TodayRaceInfo/Odds3LenFuku?k_babaCode=19&k_raceDate=2026%2F10%2F01&k_raceNo=10
2026-10-01 19:20:22,19:20,2026-10-01,funabashi,10,5,三連複,4-11-13,6439.8,6439.8,356,https://www.keiba.go.jp/KeibaWeb/TodayRaceInfo/Odds3LenFuku?k_babaCode=19&k_raceDate=2026%2F10%2F01&k_raceNo=10
2026-10-01 19:20:22,19:20,2026-10-01,funabashi,10,5,三連複,3-4-13,6719.8,6719.8,357,https://www.keiba.go.jp/KeibaWeb/TodayRaceInfo/Odds3LenFuku?k_babaCode=19&k_raceDate=2026%2F10%2F01&k_raceNo=10
2026-10-01 19:20:22,19:20,2026-10-01,funabashi,10,5,三連複,4-8-9,6719.8,6719.8,357,https://www.keiba.go.jp/KeibaWeb/TodayRaceInfo/Odds3LenFuku?k_babaCode=19&k_raceDate=2026%2F10%2F01&k_raceNo=10
2026-10-01 19:20:22,19:20,2026-10-01,funabashi,10,5,三連複,4-9-13,6719.8,6719.8,357,https://www.keiba.go.jp/KeibaWeb/TodayRaceInfo/Odds3LenFuku?k_babaCode=19&k_raceDate=2026%2F10%2F01&k_raceNo=10
2026-10-01 19:20:22,19:20,2026-10-01,funabashi,10,5,三連複,4-8-10,7359.8,7359.8,360,https://www.keiba.go.jp/KeibaWeb/TodayRaceInfo/Odds3LenFuku?k_babaCode=19&k_raceDate=2026%2F10%2F01&k_raceNo=10
2026-10-01 19:20:22,19:20,2026-10-01,funabashi,10,5,三連複,4-8-11,7359.8,7359.8,360,https://www.keiba.go.jp/KeibaWeb/TodayRaceInfo/Odds3LenFuku?k_babaCode=19&k_raceDate=2026%2F10%2F01&k_raceNo=10
2026-10-01 19:20:22,19:20,2026-10-01,funabashi,10,5,三連複,4-8-13,9091.5,9091.5,362,https://www.keiba.go.jp/KeibaWeb/TodayRaceInfo/Odds3LenFuku?k_babaCode=19&k_raceDate=2026%2F10%2F01&k_raceNo=10
2026-10-01 19:20:22,19:20,2026-10-01,funabashi,10,5,三連複,4-10-13,9091.5,9091.5,362,https://www.keiba.go.jp/KeibaWeb/TodayRaceInfo/Odds3LenFuku?k_babaCode=19&k_raceDate=2026%2F10%2F01&k_raceNo=10
2026-10-01 19:20:22,19:20,2026-10-01,funabashi,10,5,三連複,2-4-13,10303.7,10303.7,364,https://www.keiba.go.jp/KeibaWeb/TodayRaceInfo/Odds3LenFuku?k_babaCode=19&k_raceDate=2026%2F10%2F01&k_raceNo=10
2026-10-01 19:20:22,19:20,2026-10-01,funabashi,10,5,三連単,6-1-3,157.9,157.9,32,https://www.keiba.go.jp/KeibaWeb/TodayRaceInfo/Odds3LenTan?k_babaCode=19&k_raceDate=2026%2F10%2F01&k_raceNo=10&odds_flg=1
2026-10-01 19:20:22,19:20,2026-10-01,funabashi,10,5,三連単,6-3-1,212.9,212.9,47,https://www.keiba.go.jp/KeibaWeb/TodayRaceInfo/Odds3LenTan?k_babaCode=19&k_raceDate=2026%2F10%2F01&k_raceNo=10&odds_flg=1
2026-10-01 19:20:22,19:20,2026-10-01,funabashi,10,5,三連単,1-6-3,239.7,239.7,59,https://www.keiba.go.jp/KeibaWeb/TodayRaceInfo/Odds3LenTan?k_babaCode=19&k_raceDate=2026%2F10%2F01&k_raceNo=10&odds_flg=1
2026-10-01 19:20:22,19:20,2026-10-01,funabashi,10,5,三連単,1-3-6,338.3,338.3,93,https://www.keiba.go.jp/KeibaWeb/TodayRaceInfo/Odds3LenTan?k_babaCode=19&k_raceDate=2026%2F10%2F01&k_raceNo=10&odds_flg=1
2026-10-01 19:20:22,19:20,2026-10-01,funabashi,10,5,三連単,3-6-1,347.9,347.9,97,https://www.keiba.go.jp/KeibaWeb/TodayRaceInfo/Odds3LenTan?k_babaCode=19&k_raceDate=2026%2F10%2F01&k_raceNo=10&odds_flg=1
2026-10-01 19:20:22,19:20,2026-10-01,funabashi,10,5,三連単,3-1-6,408.8,408.8,115,https://www.keiba.go.jp/KeibaWeb/TodayRaceInfo/Odds3LenTan?k_babaCode=19&k_raceDate=2026%2F10%2F01&k_raceNo=10&odds_flg=1
2026-10-01 19:20:22,19:20,2026-10-01,funabashi,10,5,三連単,6-1-14,493.4,493.4,150,https://www.keiba.go.jp/KeibaWeb/TodayRaceInfo/Odds3LenTan?k_babaCode=19&k_raceDate=2026%2F10%2F01&k_raceNo=10&odds_flg=1
2026-10-01 19:20:22,19:20,2026-10-01,funabashi,10,5,三連単,6-3-14,625.5,625.5,200,https://www.keiba.go.jp/KeibaWeb/TodayRaceInfo/Odds3LenTan?k_babaCode=19&k_raceDate=2026%2F10%2F01&k_raceNo=10&odds_flg=1
2026-10-01 19:20:22,19:20,2026-10-01,funabashi,10,5,三連単,1-6-14,734.3,734.3,237,https://www.keiba.go.jp/KeibaWeb/TodayRaceInfo/Odds3LenTan?k_babaCode=19&k_raceDate=2026%2F10%2F01&k_raceNo=10&odds_flg=1
2026-10-01 19:20:22,19:20,2026-10-01,funabashi,10,5,三連単,6-14-1,864.4,864.4,279,https://www.keiba.go.jp/KeibaWeb/TodayRaceInfo/Odds3LenTan?k_babaCode=19&k_raceDate=2026%2F10%2F01&k_raceNo=10&odds_flg=1
2026-10-01 19:20:22,19:20,2026-10-01,funabashi,10,5,三連単,3-6-14,892.5,892.5,291,https://www.keiba.go.jp/KeibaWeb/TodayRaceInfo/Odds3LenTan?k_babaCode=19&k_raceDate=2026%2F10%2F01&k_raceNo=10&odds_flg=1
2026-10-01 19:20:22,19:20,2026-10-01,funabashi,10,5,三連単,6-14-3,907.3,907.3,295,https://www.keiba.go.jp/KeibaWeb/TodayRaceInfo/Odds3LenTan?k_babaCode=19&k_raceDate=2026%2F10%2F01&k_raceNo=10&odds_flg=1
2026-10-01 19:20:22,19:20,2026-10-01,funabashi,10,5,三連単,1-14-6,1206.4,1206.4,383,https://www.keiba.go.jp/KeibaWeb/TodayRaceInfo/Odds3LenTan?k_babaCode=19&k_raceDate=2026%2F10%2F01&k_raceNo=10&odds_flg=1
2026-10-01 19:20:22,19:20,2026-10-01,funabashi,10,5,三連単,3-14-6,1363.8,1363.8,425,https://www.keiba.go.jp/KeibaWeb/TodayRaceInfo/Odds3LenTan?k_babaCode=19&k_raceDate=2026%2F10%2F01&k_raceNo=10&odds_flg=1
2026-10-01 19:20:22,19:20,2026-10-01,funabashi,10,5,三連単,14-3-6,1568.3,1568.3,488,https://www.keiba.go.jp/KeibaWeb/TodayRaceInfo/Odds3LenTan?k_babaCode=19&k_raceDate=2026%2F10%2F01&k_raceNo=10&odds_flg=1
2026-10-01 19:20:22,19:20,2026-10-01,funabashi,10,5,三連単,14-6-3,1591.1,1591.1,496,https://www.keiba.go.jp/KeibaWeb/TodayRaceInfo/Odds3LenTan?k_babaCode=19&k_raceDate=2026%2F10%2F01&k_raceNo=10&odds_flg=1
2026-10-01 19:20:22,19:20,2026-10-01,funabashi,10,5,三連単,14-6-1,1756.5,1756.5,530,https://www.keiba.go.jp/KeibaWeb/TodayRaceInfo/Odds3LenTan?k_babaCode=19&k_raceDate=2026%2F10%2F01&k_raceNo=10&odds_flg=1
2026-10-01 19:20:22,19:20,2026-10-01,funabashi,10,5,三連単,14-1-6,1770.7,1770.7,532,https://www.keiba.go.jp/KeibaWeb/TodayRaceInfo/Odds3LenTan?k_babaCode=19&k_raceDate=2026%2F10%2F01&k_raceNo=10&odds_flg=1
2026-10-01 19:20:22,19:20,2026-10-01,funabashi,10,5,三連単,1-3-14,2386.6,2386.6,636,https://www.keiba.go.jp/KeibaWeb/TodayRaceInfo/Odds3LenTan?k_babaCode=19&k_raceDate=2026%2F10%2F01&k_raceNo=10&odds_flg=1
2026-10-01 19:20:22,19:20,2026-10-01,funabashi,10,5,三連単,3-1-14,2467.1,2467.1,648,https://www.keiba.go.jp/KeibaWeb/TodayRaceInfo/Odds3LenTan?k_babaCode=19&k_raceDate=2026%2F10%2F01&k_raceNo=10&odds_flg=1
2026-10-01 19:20:22,19:20,2026-10-01,funabashi,10,5,三連単,3-14-1,3136.7,3136.7,760,https://www.keiba.go.jp/KeibaWeb/TodayRaceInfo/Odds3LenTan?k_babaCode=19&k_raceDate=2026%2F10%2F01&k_raceNo=10&odds_flg=1
2026-10-01 19:20:22,19:20,2026-10-01,funabashi,10,5,三連単,1-14-3,3430.8,3430.8,810,https://www.keiba.go.jp/KeibaWeb/TodayRaceInfo/Odds3LenTan?k_babaCode=19&k_raceDate=2026%2F10%2F01&k_raceNo=10&odds_flg=1
2026-10-01 19:20:22,19:20,2026-10-01,funabashi,10,5,三連単,14-3-1,3992.2,3992.2,886,https://www.keiba.go.jp/KeibaWeb/TodayRaceInfo/Odds3LenTan?k_babaCode=19&k_raceDate=2026%2F10%2F01&k_raceNo=10&odds_flg=1
2026-10-01 19:20:22,19:20,2026-10-01,funabashi,10,5,三連単,14-1-3,4391.4,4391.4,931,https://www.keiba.go.jp/KeibaWeb/TodayRaceInfo/Odds3LenTan?k_babaCode=19&k_raceDate=2026%2F10%2F01&k_raceNo=10&odds_flg=1
