captured_at,source_time,race_date,track,race_no,minutes_before,bet_type,combination,odds_low,odds_high,popularity,source_url
2026-10-01 20:15:19,20:14,2026-10-01,saga,10,30,馬連,10-13,4.3,4.3,1,https://www.keiba.go.jp/KeibaWeb/TodayRaceInfo/OddsUmLenFuku?k_babaCode=32&k_raceDate=2026%2F10%2F01&k_raceNo=10
2026-10-01 20:15:19,20:14,2026-10-01,saga,10,30,馬連,4-13,15.2,15.2,2,https://www.keiba.go.jp/KeibaWeb/TodayRaceInfo/OddsUmLenFuku?k_babaCode=32&k_raceDate=2026%2F10%2F01&k_raceNo=10
2026-10-01 20:15:19,20:14,2026-10-01,saga,10,30,馬連,11-13,15.6,15.6,3,https://www.keiba.go.jp/KeibaWeb/TodayRaceInfo/OddsUmLenFuku?k_babaCode=32&k_raceDate=2026%2F10%2F01&k_raceNo=10
2026-10-01 20:15:19,20:14,2026-10-01,saga,10,30,馬連,9-13,18.7,18.7,4,https://www.keiba.go.jp/KeibaWeb/TodayRaceInfo/OddsUmLenFuku?k_babaCode=32&k_raceDate=2026%2F10%2F01&k_raceNo=10
2026-10-01 20:15:19,20:14,2026-10-01,saga,10,30,馬連,1-13,19.8,19.8,5,https://www.keiba.go.jp/KeibaWeb/TodayRaceInfo/OddsUmLenFuku?k_babaCode=32&k_raceDate=2026%2F10%2F01&k_raceNo=10
2026-10-01 20:15:19,20:14,2026-10-01,saga,10,30,馬連,10-11,21.3,21.3,6,https://www.keiba.go.jp/KeibaWeb/TodayRaceInfo/OddsUmLenFuku?k_babaCode=32&k_raceDate=2026%2F10%2F01&k_raceNo=10
2026-10-01 20:15:19,20:14,2026-10-01,saga,10,30,馬連,13-14,26.7,26.7,7,https://www.keiba.go.jp/KeibaWeb/TodayRaceInfo/OddsUmLenFuku?k_babaCode=32&k_raceDate=2026%2F10%2F01&k_raceNo=10
2026-10-01 20:15:19,20:14,2026-10-01,saga,10,30,馬連,9-10,29.3,29.3,8,https://www.keiba.go.jp/KeibaWeb/TodayRaceInfo/OddsUmLenFuku?k_babaCode=32&k_raceDate=2026%2F10%2F01&k_raceNo=10
2026-10-01 20:15:19,20:14,2026-10-01,saga,10,30,馬連,4-10,31.3,31.3,9,https://www.keiba.go.jp/KeibaWeb/TodayRaceInfo/OddsUmLenFuku?k_babaCode=32&k_raceDate=2026%2F10%2F01&k_raceNo=10
2026-10-01 20:15:19,20:14,2026-10-01,saga,10,30,馬連,7-13,32.6,32.6,10,https://www.keiba.go.jp/KeibaWeb/TodayRaceInfo/OddsUmLenFuku?k_babaCode=32&k_raceDate=2026%2F10%2F01&k_raceNo=10
2026-10-01 20:15:19,20:14,2026-10-01,saga,10,30,馬連,2-13,33.5,33.5,11,https://www.keiba.go.jp/KeibaWeb/TodayRaceInfo/OddsUmLenFuku?k_babaCode=32&k_raceDate=2026%2F10%2F01&k_raceNo=10
2026-10-01 20:15:19,20:14,2026-10-01,saga,10,30,馬連,1-10,34.7,34.7,12,https://www.keiba.go.jp/KeibaWeb/TodayRaceInfo/OddsUmLenFuku?k_babaCode=32&k_raceDate=2026%2F10%2F01&k_raceNo=10
2026-10-01 20:15:19,20:14,2026-10-01,saga,10,30,馬連,7-10,35.5,35.5,13,https://www.keiba.go.jp/KeibaWeb/TodayRaceInfo/OddsUmLenFuku?k_babaCode=32&k_raceDate=2026%2F10%2F01&k_raceNo=10
2026-10-01 20:15:19,20:14,2026-10-01,saga,10,30,馬連,10-14,43.8,43.8,14,https://www.keiba.go.jp/KeibaWeb/TodayRaceInfo/OddsUmLenFuku?k_babaCode=32&k_raceDate=2026%2F10%2F01&k_raceNo=10
2026-10-01 20:15:19,20:14,2026-10-01,saga,10,30,馬連,4-11,45.4,45.4,15,https://www.keiba.go.jp/KeibaWeb/TodayRaceInfo/OddsUmLenFuku?k_babaCode=32&k_raceDate=2026%2F10%2F01&k_raceNo=10
2026-10-01 20:15:19,20:14,2026-10-01,saga,10,30,馬連,2-10,46.3,46.3,16,https://www.keiba.go.jp/KeibaWeb/TodayRaceInfo/OddsUmLenFuku?k_babaCode=32&k_raceDate=2026%2F10%2F01&k_raceNo=10
2026-10-01 20:15:19,20:14,2026-10-01,saga,10,30,馬連,4-9,47.7,47.7,17,https://www.keiba.go.jp/KeibaWeb/TodayRaceInfo/OddsUmLenFuku?k_babaCode=32&k_raceDate=2026%2F10%2F01&k_raceNo=10
2026-10-01 20:15:19,20:14,2026-10-01,saga,10,30,馬連,9-11,53.1,53.1,18,https://www.keiba.go.jp/KeibaWeb/TodayRaceInfo/OddsUmLenFuku?k_babaCode=32&k_raceDate=2026%2F10%2F01&k_raceNo=10
2026-10-01 20:15:19,20:14,2026-10-01,saga,10,30,馬連,6-13,61.4,61.4,19,https://www.keiba.go.jp/KeibaWeb/TodayRaceInfo/OddsUmLenFuku?k_babaCode=32&k_raceDate=2026%2F10%2F01&k_raceNo=10
2026-10-01 20:15:19,20:14,2026-10-01,saga,10,30,馬連,4-14,62.2,62.2,20,https://www.keiba.go.jp/KeibaWeb/TodayRaceInfo/OddsUmLenFuku?k_babaCode=32&k_raceDate=2026%2F10%2F01&k_raceNo=10
2026-10-01 20:15:19,20:14,2026-10-01,saga,10,30,馬連,1-11,64.8,64.8,21,https://www.keiba.go.jp/KeibaWeb/TodayRaceInfo/OddsUmLenFuku?k_babaCode=32&k_raceDate=2026%2F10%2F01&k_raceNo=10
2026-10-01 20:15:19,20:14,2026-10-01,saga,10,30,馬連,1-4,75.0,75.0,22,https://www.keiba.go.jp/KeibaWeb/TodayRaceInfo/OddsUmLenFuku?k_babaCode=32&k_raceDate=2026%2F10%2F01&k_raceNo=10
2026-10-01 20:15:19,20:14,2026-10-01,saga,10,30,馬連,2-4,75.0,75.0,22,https://www.keiba.go.jp/KeibaWeb/TodayRaceInfo/OddsUmLenFuku?k_babaCode=32&k_raceDate=2026%2F10%2F01&k_raceNo=10
2026-10-01 20:15:19,20:14,2026-10-01,saga,10,30,馬連,12-13,75.0,75.0,22,https://www.keiba.go.jp/KeibaWeb/TodayRaceInfo/OddsUmLenFuku?k_babaCode=32&k_raceDate=2026%2F10%2F01&k_raceNo=10
2026-10-01 20:15:19,20:14,2026-10-01,saga,10,30,馬連,3-13,76.3,76.3,25,https://www.keiba.go.jp/KeibaWeb/TodayRaceInfo/OddsUmLenFuku?k_babaCode=32&k_raceDate=2026%2F10%2F01&k_raceNo=10
2026-10-01 20:15:19,20:14,2026-10-01,saga,10,30,馬連,1-9,78.8,78.8,26,https://www.keiba.go.jp/KeibaWeb/TodayRaceInfo/OddsUmLenFuku?k_babaCode=32&k_raceDate=2026%2F10%2F01&k_raceNo=10
2026-10-01 20:15:19,20:14,2026-10-01,saga,10,30,馬連,4-7,78.8,78.8,26,https://www.keiba.go.jp/KeibaWeb/TodayRaceInfo/OddsUmLenFuku?k_babaCode=32&k_raceDate=2026%2F10%2F01&k_raceNo=10
2026-10-01 20:15:19,20:14,2026-10-01,saga,10,30,馬連,6-10,78.8,78.8,26,https://www.keiba.go.jp/KeibaWeb/TodayRaceInfo/OddsUmLenFuku?k_babaCode=32&k_raceDate=2026%2F10%2F01&k_raceNo=10
2026-10-01 20:15:19,20:14,2026-10-01,saga,10,30,馬連,1-2,83.0,83.0,29,https://www.keiba.go.jp/KeibaWeb/TodayRaceInfo/OddsUmLenFuku?k_babaCode=32&k_raceDate=2026%2F10%2F01&k_raceNo=10
2026-10-01 20:15:19,20:14,2026-10-01,saga,10,30,馬連,7-9,83.0,83.0,29,https://www.keiba.go.jp/KeibaWeb/TodayRaceInfo/OddsUmLenFuku?k_babaCode=32&k_raceDate=2026%2F10%2F01&k_raceNo=10
2026-10-01 20:15:19,20:14,2026-10-01,saga,10,30,馬連,8-13,87.6,87.6,31,https://www.keiba.go.jp/KeibaWeb/TodayRaceInfo/OddsUmLenFuku?k_babaCode=32&k_raceDate=2026%2F10%2F01&k_raceNo=10
2026-10-01 20:15:19,20:14,2026-10-01,saga,10,30,馬連,1-14,92.7,92.7,32,https://www.keiba.go.jp/KeibaWeb/TodayRaceInfo/OddsUmLenFuku?k_babaCode=32&k_raceDate=2026%2F10%2F01&k_raceNo=10
2026-10-01 20:15:19,20:14,2026-10-01,saga,10,30,馬連,2-9,96.5,96.5,33,https://www.keiba.go.jp/KeibaWeb/TodayRaceInfo/OddsUmLenFuku?k_babaCode=32&k_raceDate=2026%2F10%2F01&k_raceNo=10
2026-10-01 20:15:19,20:14,2026-10-01,saga,10,30,馬連,10-12,98.5,98.5,34,https://www.keiba.go.jp/KeibaWeb/TodayRaceInfo/OddsUmLenFuku?k_babaCode=32&k_raceDate=2026%2F10%2F01&k_raceNo=10
2026-10-01 20:15:19,20:14,2026-10-01,saga,10,30,馬連,8-10,102.8,102.8,35,https://www.keiba.go.jp/KeibaWeb/TodayRaceInfo/OddsUmLenFuku?k_babaCode=32&k_raceDate=2026%2F10%2F01&k_raceNo=10
2026-10-01 20:15:19,20:14,2026-10-01,saga,10,30,馬連,1-3,112.6,112.6,36,https://www.keiba.go.jp/KeibaWeb/TodayRaceInfo/OddsUmLenFuku?k_babaCode=32&k_raceDate=2026%2F10%2F01&k_raceNo=10
2026-10-01 20:15:19,20:14,2026-10-01,saga,10,30,馬連,1-7,112.6,112.6,36,https://www.keiba.go.jp/KeibaWeb/TodayRaceInfo/OddsUmLenFuku?k_babaCode=32&k_raceDate=2026%2F10%2F01&k_raceNo=10
2026-10-01 20:15:19,20:14,2026-10-01,saga,10,30,馬連,2-11,115.3,115.3,38,https://www.keiba.go.jp/KeibaWeb/TodayRaceInfo/OddsUmLenFuku?k_babaCode=32&k_raceDate=2026%2F10%2F01&k_raceNo=10
2026-10-01 20:15:19,20:14,2026-10-01,saga,10,30,馬連,3-10,115.3,115.3,38,https://www.keiba.go.jp/KeibaWeb/TodayRaceInfo/OddsUmLenFuku?k_babaCode=32&k_raceDate=2026%2F10%2F01&k_raceNo=10
2026-10-01 20:15:19,20:14,2026-10-01,saga,10,30,馬連,2-14,121.3,121.3,40,https://www.keiba.go.jp/KeibaWeb/TodayRaceInfo/OddsUmLenFuku?k_babaCode=32&k_raceDate=2026%2F10%2F01&k_raceNo=10
2026-10-01 20:15:19,20:14,2026-10-01,saga,10,30,馬連,7-11,121.3,121.3,40,https://www.keiba.go.jp/KeibaWeb/TodayRaceInfo/OddsUmLenFuku?k_babaCode=32&k_raceDate=2026%2F10%2F01&k_raceNo=10
2026-10-01 20:15:19,20:14,2026-10-01,saga,10,30,馬連,3-9,124.5,124.5,42,https://www.keiba.go.jp/KeibaWeb/TodayRaceInfo/OddsUmLenFuku?k_babaCode=32&k_raceDate=2026%2F10%2F01&k_raceNo=10
2026-10-01 20:15:19,20:14,2026-10-01,saga,10,30,馬連,11-14,124.5,124.5,42,https://www.keiba.go.jp/KeibaWeb/TodayRaceInfo/OddsUmLenFuku?k_babaCode=32&k_raceDate=2026%2F10%2F01&k_raceNo=10
2026-10-01 20:15:19,20:14,2026-10-01,saga,10,30,馬連,1-6,131.4,131.4,44,https://www.keiba.go.jp/KeibaWeb/TodayRaceInfo/OddsUmLenFuku?k_babaCode=32&k_raceDate=2026%2F10%2F01&k_raceNo=10
2026-10-01 20:15:19,20:14,2026-10-01,saga,10,30,馬連,3-7,131.4,131.4,44,https://www.keiba.go.jp/KeibaWeb/TodayRaceInfo/OddsUmLenFuku?k_babaCode=32&k_raceDate=2026%2F10%2F01&k_raceNo=10
2026-10-01 20:15:19,20:14,2026-10-01,saga,10,30,馬連,9-14,131.4,131.4,44,https://www.keiba.go.jp/KeibaWeb/TodayRaceInfo/OddsUmLenFuku?k_babaCode=32&k_raceDate=2026%2F10%2F01&k_raceNo=10
2026-10-01 20:15:19,20:14,2026-10-01,saga,10,30,馬連,2-7,135.1,135.1,47,https://www.keiba.go.jp/KeibaWeb/TodayRaceInfo/OddsUmLenFuku?k_babaCode=32&k_raceDate=2026%2F10%2F01&k_raceNo=10
2026-10-01 20:15:19,20:14,2026-10-01,saga,10,30,馬連,3-4,139.1,139.1,48,https://www.keiba.go.jp/KeibaWeb/TodayRaceInfo/OddsUmLenFuku?k_babaCode=32&k_raceDate=2026%2F10%2F01&k_raceNo=10
2026-10-01 20:15:19,20:14,2026-10-01,saga,10,30,馬連,6-7,139.1,139.1,48,https://www.keiba.go.jp/KeibaWeb/TodayRaceInfo/OddsUmLenFuku?k_babaCode=32&k_raceDate=2026%2F10%2F01&k_raceNo=10
2026-10-01 20:15:19,20:14,2026-10-01,saga,10,30,馬連,6-14,139.1,139.1,48,https://www.keiba.go.jp/KeibaWeb/TodayRaceInfo/OddsUmLenFuku?k_babaCode=32&k_raceDate=2026%2F10%2F01&k_raceNo=10
2026-10-01 20:15:19,20:14,2026-10-01,saga,10,30,馬連,7-14,139.1,139.1,48,https://www.keiba.go.jp/KeibaWeb/TodayRaceInfo/OddsUmLenFuku?k_babaCode=32&k_raceDate=2026%2F10%2F01&k_raceNo=10
2026-10-01 20:15:19,20:14,2026-10-01,saga,10,30,馬連,2-6,152.6,152.6,52,https://www.keiba.go.jp/KeibaWeb/TodayRaceInfo/OddsUmLenFuku?k_babaCode=32&k_raceDate=2026%2F10%2F01&k_raceNo=10
2026-10-01 20:15:19,20:14,2026-10-01,saga,10,30,馬連,4-6,152.6,152.6,52,https://www.keiba.go.jp/KeibaWeb/TodayRaceInfo/OddsUmLenFuku?k_babaCode=32&k_raceDate=2026%2F10%2F01&k_raceNo=10
2026-10-01 20:15:19,20:14,2026-10-01,saga,10,30,馬連,1-8,175.2,175.2,54,https://www.keiba.go.jp/KeibaWeb/TodayRaceInfo/OddsUmLenFuku?k_babaCode=32&k_raceDate=2026%2F10%2F01&k_raceNo=10
2026-10-01 20:15:19,20:14,2026-10-01,saga,10,30,馬連,7-12,181.9,181.9,55,https://www.keiba.go.jp/KeibaWeb/TodayRaceInfo/OddsUmLenFuku?k_babaCode=32&k_raceDate=2026%2F10%2F01&k_raceNo=10
2026-10-01 20:15:19,20:14,2026-10-01,saga,10,30,馬連,2-5,189.2,189.2,56,https://www.keiba.go.jp/KeibaWeb/TodayRaceInfo/OddsUmLenFuku?k_babaCode=32&k_raceDate=2026%2F10%2F01&k_raceNo=10
2026-10-01 20:15:19,20:14,2026-10-01,saga,10,30,馬連,5-13,189.2,189.2,56,https://www.keiba.go.jp/KeibaWeb/TodayRaceInfo/OddsUmLenFuku?k_babaCode=32&k_raceDate=2026%2F10%2F01&k_raceNo=10
2026-10-01 20:15:19,20:14,2026-10-01,saga,10,30,馬連,6-9,189.2,189.2,56,https://www.keiba.go.jp/KeibaWeb/TodayRaceInfo/OddsUmLenFuku?k_babaCode=32&k_raceDate=2026%2F10%2F01&k_raceNo=10
2026-10-01 20:15:19,20:14,2026-10-01,saga,10,30,馬連,8-11,189.2,189.2,56,https://www.keiba.go.jp/KeibaWeb/TodayRaceInfo/OddsUmLenFuku?k_babaCode=32&k_raceDate=2026%2F10%2F01&k_raceNo=10
2026-10-01 20:15:19,20:14,2026-10-01,saga,10,30,馬連,1-5,205.6,205.6,60,https://www.keiba.go.jp/KeibaWeb/TodayRaceInfo/OddsUmLenFuku?k_babaCode=32&k_raceDate=2026%2F10%2F01&k_raceNo=10
2026-10-01 20:15:19,20:14,2026-10-01,saga,10,30,馬連,3-11,215.0,215.0,61,https://www.keiba.go.jp/KeibaWeb/TodayRaceInfo/OddsUmLenFuku?k_babaCode=32&k_raceDate=2026%2F10%2F01&k_raceNo=10
2026-10-01 20:15:19,20:14,2026-10-01,saga,10,30,馬連,6-11,215.0,215.0,61,https://www.keiba.go.jp/KeibaWeb/TodayRaceInfo/OddsUmLenFuku?k_babaCode=32&k_raceDate=2026%2F10%2F01&k_raceNo=10
2026-10-01 20:15:19,20:14,2026-10-01,saga,10,30,馬連,12-14,215.0,215.0,61,https://www.keiba.go.jp/KeibaWeb/TodayRaceInfo/OddsUmLenFuku?k_babaCode=32&k_raceDate=2026%2F10%2F01&k_raceNo=10
2026-10-01 20:15:19,20:14,2026-10-01,saga,10,30,馬連,2-12,225.2,225.2,64,https://www.keiba.go.jp/KeibaWeb/TodayRaceInfo/OddsUmLenFuku?k_babaCode=32&k_raceDate=2026%2F10%2F01&k_raceNo=10
2026-10-01 20:15:19,20:14,2026-10-01,saga,10,30,馬連,8-12,225.2,225.2,64,https://www.keiba.go.jp/KeibaWeb/TodayRaceInfo/OddsUmLenFuku?k_babaCode=32&k_raceDate=2026%2F10%2F01&k_raceNo=10
2026-10-01 20:15:19,20:14,2026-10-01,saga,10,30,馬連,1-12,236.5,236.5,66,https://www.keiba.go.jp/KeibaWeb/TodayRaceInfo/OddsUmLenFuku?k_babaCode=32&k_raceDate=2026%2F10%2F01&k_raceNo=10
2026-10-01 20:15:19,20:14,2026-10-01,saga,10,30,馬連,6-12,236.5,236.5,66,https://www.keiba.go.jp/KeibaWeb/TodayRaceInfo/OddsUmLenFuku?k_babaCode=32&k_raceDate=2026%2F10%2F01&k_raceNo=10
2026-10-01 20:15:19,20:14,2026-10-01,saga,10,30,馬連,7-8,236.5,236.5,66,https://www.keiba.go.jp/KeibaWeb/TodayRaceInfo/OddsUmLenFuku?k_babaCode=32&k_raceDate=2026%2F10%2F01&k_raceNo=10
2026-10-01 20:15:19,20:14,2026-10-01,saga,10,30,馬連,2-8,249.0,249.0,69,https://www.keiba.go.jp/KeibaWeb/TodayRaceInfo/OddsUmLenFuku?k_babaCode=32&k_raceDate=2026%2F10%2F01&k_raceNo=10
2026-10-01 20:15:19,20:14,2026-10-01,saga,10,30,馬連,5-7,249.0,249.0,69,https://www.keiba.go.jp/KeibaWeb/TodayRaceInfo/OddsUmLenFuku?k_babaCode=32&k_raceDate=2026%2F10%2F01&k_raceNo=10
2026-10-01 20:15:19,20:14,2026-10-01,saga,10,30,馬連,6-8,249.0,249.0,69,https://www.keiba.go.jp/KeibaWeb/TodayRaceInfo/OddsUmLenFuku?k_babaCode=32&k_raceDate=2026%2F10%2F01&k_raceNo=10
2026-10-01 20:15:19,20:14,2026-10-01,saga,10,30,馬連,2-3,262.8,262.8,72,https://www.keiba.go.jp/KeibaWeb/TodayRaceInfo/OddsUmLenFuku?k_babaCode=32&k_raceDate=2026%2F10%2F01&k_raceNo=10
2026-10-01 20:15:19,20:14,2026-10-01,saga,10,30,馬連,3-6,262.8,262.8,72,https://www.keiba.go.jp/KeibaWeb/TodayRaceInfo/OddsUmLenFuku?k_babaCode=32&k_raceDate=2026%2F10%2F01&k_raceNo=10
2026-10-01 20:15:19,20:14,2026-10-01,saga,10,30,馬連,3-14,262.8,262.8,72,https://www.keiba.go.jp/KeibaWeb/TodayRaceInfo/OddsUmLenFuku?k_babaCode=32&k_raceDate=2026%2F10%2F01&k_raceNo=10
2026-10-01 20:15:19,20:14,2026-10-01,saga,10,30,馬連,4-8,262.8,262.8,72,https://www.keiba.go.jp/KeibaWeb/TodayRaceInfo/OddsUmLenFuku?k_babaCode=32&k_raceDate=2026%2F10%2F01&k_raceNo=10
2026-10-01 20:15:19,20:14,2026-10-01,saga,10,30,馬連,3-8,278.2,278.2,76,https://www.keiba.go.jp/KeibaWeb/TodayRaceInfo/OddsUmLenFuku?k_babaCode=32&k_raceDate=2026%2F10%2F01&k_raceNo=10
2026-10-01 20:15:19,20:14,2026-10-01,saga,10,30,馬連,9-12,278.2,278.2,76,https://www.keiba.go.jp/KeibaWeb/TodayRaceInfo/OddsUmLenFuku?k_babaCode=32&k_raceDate=2026%2F10%2F01&k_raceNo=10
2026-10-01 20:15:19,20:14,2026-10-01,saga,10,30,馬連,11-12,278.2,278.2,76,https://www.keiba.go.jp/KeibaWeb/TodayRaceInfo/OddsUmLenFuku?k_babaCode=32&k_raceDate=2026%2F10%2F01&k_raceNo=10
2026-10-01 20:15:19,20:14,2026-10-01,saga,10,30,馬連,5-10,295.6,295.6,79,https://www.keiba.go.jp/KeibaWeb/TodayRaceInfo/OddsUmLenFuku?k_babaCode=32&k_raceDate=2026%2F10%2F01&k_raceNo=10
2026-10-01 20:15:19,20:14,2026-10-01,saga,10,30,馬連,8-14,295.6,295.6,79,https://www.keiba.go.jp/KeibaWeb/TodayRaceInfo/OddsUmLenFuku?k_babaCode=32&k_raceDate=2026%2F10%2F01&k_raceNo=10
2026-10-01 20:15:19,20:14,2026-10-01,saga,10,30,馬連,3-5,337.9,337.9,81,https://www.keiba.go.jp/KeibaWeb/TodayRaceInfo/OddsUmLenFuku?k_babaCode=32&k_raceDate=2026%2F10%2F01&k_raceNo=10
2026-10-01 20:15:19,20:14,2026-10-01,saga,10,30,馬連,4-5,337.9,337.9,81,https://www.keiba.go.jp/KeibaWeb/TodayRaceInfo/OddsUmLenFuku?k_babaCode=32&k_raceDate=2026%2F10%2F01&k_raceNo=10
2026-10-01 20:15:19,20:14,2026-10-01,saga,10,30,馬連,3-12,363.9,363.9,83,https://www.keiba.go.jp/KeibaWeb/TodayRaceInfo/OddsUmLenFuku?k_babaCode=32&k_raceDate=2026%2F10%2F01&k_raceNo=10
2026-10-01 20:15:19,20:14,2026-10-01,saga,10,30,馬連,4-12,363.9,363.9,83,https://www.keiba.go.jp/KeibaWeb/TodayRaceInfo/OddsUmLenFuku?k_babaCode=32&k_raceDate=2026%2F10%2F01&k_raceNo=10
2026-10-01 20:15:19,20:14,2026-10-01,saga,10,30,馬連,8-9,363.9,363.9,83,https://www.keiba.go.jp/KeibaWeb/TodayRaceInfo/OddsUmLenFuku?k_babaCode=32&k_raceDate=2026%2F10%2F01&k_raceNo=10
2026-10-01 20:15:19,20:14,2026-10-01,saga,10,30,馬連,5-6,394.2,394.2,86,https://www.keiba.go.jp/KeibaWeb/TodayRaceInfo/OddsUmLenFuku?k_babaCode=32&k_raceDate=2026%2F10%2F01&k_raceNo=10
2026-10-01 20:15:19,20:14,2026-10-01,saga,10,30,馬連,5-8,430.0,430.0,87,https://www.keiba.go.jp/KeibaWeb/TodayRaceInfo/OddsUmLenFuku?k_babaCode=32&k_raceDate=2026%2F10%2F01&k_raceNo=10
2026-10-01 20:15:19,20:14,2026-10-01,saga,10,30,馬連,5-9,430.0,430.0,87,https://www.keiba.go.jp/KeibaWeb/TodayRaceInfo/OddsUmLenFuku?k_babaCode=32&k_raceDate=2026%2F10%2F01&k_raceNo=10
2026-10-01 20:15:19,20:14,2026-10-01,saga,10,30,馬連,5-11,430.0,430.0,87,https://www.keiba.go.jp/KeibaWeb/TodayRaceInfo/OddsUmLenFuku?k_babaCode=32&k_raceDate=2026%2F10%2F01&k_raceNo=10
2026-10-01 20:15:19,20:14,2026-10-01,saga,10,30,馬連,5-12,946.2,946.2,90,https://www.keiba.go.jp/KeibaWeb/TodayRaceInfo/OddsUmLenFuku?k_babaCode=32&k_raceDate=2026%2F10%2F01&k_raceNo=10
2026-10-01 20:15:19,20:14,2026-10-01,saga,10,30,馬連,5-14,946.2,946.2,90,https://www.keiba.go.jp/KeibaWeb/TodayRaceInfo/OddsUmLenFuku?k_babaCode=32&k_raceDate=2026%2F10%2F01&k_raceNo=10
2026-10-01 20:15:19,20:14,2026-10-01,saga,10,30,ワイド,10-13,2.8,3.0,1,https://www.keiba.go.jp/KeibaWeb/TodayRaceInfo/OddsWide?k_babaCode=32&k_raceDate=2026%2F10%2F01&k_raceNo=10
2026-10-01 20:15:19,20:14,2026-10-01,saga,10,30,ワイド,9-13,4.8,5.4,2,https://www.keiba.go.jp/KeibaWeb/TodayRaceInfo/OddsWide?k_babaCode=32&k_raceDate=2026%2F10%2F01&k_raceNo=10
2026-10-01 20:15:19,20:14,2026-10-01,saga,10,30,ワイド,11-13,5.0,5.5,3,https://www.keiba.go.jp/KeibaWeb/TodayRaceInfo/OddsWide?k_babaCode=32&k_raceDate=2026%2F10%2F01&k_raceNo=10
2026-10-01 20:15:19,20:14,2026-10-01,saga,10,30,ワイド,1-13,5.6,6.3,4,https://www.keiba.go.jp/KeibaWeb/TodayRaceInfo/OddsWide?k_babaCode=32&k_raceDate=2026%2F10%2F01&k_raceNo=10
2026-10-01 20:15:19,20:14,2026-10-01,saga,10,30,ワイド,2-10,7.0,7.9,5,https://www.keiba.go.jp/KeibaWeb/TodayRaceInfo/OddsWide?k_babaCode=32&k_raceDate=2026%2F10%2F01&k_raceNo=10
2026-10-01 20:15:19,20:14,2026-10-01,saga,10,30,ワイド,4-13,7.4,8.3,6,https://www.keiba.go.jp/KeibaWeb/TodayRaceInfo/OddsWide?k_babaCode=32&k_raceDate=2026%2F10%2F01&k_raceNo=10
2026-10-01 20:15:19,20:14,2026-10-01,saga,10,30,ワイド,4-10,8.7,9.8,7,https://www.keiba.go.jp/KeibaWeb/TodayRaceInfo/OddsWide?k_babaCode=32&k_raceDate=2026%2F10%2F01&k_raceNo=10
2026-10-01 20:15:19,20:14,2026-10-01,saga,10,30,ワイド,1-10,8.7,10.0,8,https://www.keiba.go.jp/KeibaWeb/TodayRaceInfo/OddsWide?k_babaCode=32&k_raceDate=2026%2F10%2F01&k_raceNo=10
2026-10-01 20:15:19,20:14,2026-10-01,saga,10,30,ワイド,9-10,9.3,10.8,9,https://www.keiba.go.jp/KeibaWeb/TodayRaceInfo/OddsWide?k_babaCode=32&k_raceDate=2026%2F10%2F01&k_raceNo=10
2026-10-01 20:15:19,20:14,2026-10-01,saga,10,30,ワイド,13-14,9.8,10.9,10,https://www.keiba.go.jp/KeibaWeb/TodayRaceInfo/OddsWide?k_babaCode=32&k_raceDate=2026%2F10%2F01&k_raceNo=10
2026-10-01 20:15:19,20:14,2026-10-01,saga,10,30,ワイド,7-10,9.8,10.9,11,https://www.keiba.go.jp/KeibaWeb/TodayRaceInfo/OddsWide?k_babaCode=32&k_raceDate=2026%2F10%2F01&k_raceNo=10
2026-10-01 20:15:19,20:14,2026-10-01,saga,10,30,ワイド,10-11,10.1,11.7,12,https://www.keiba.go.jp/KeibaWeb/TodayRaceInfo/OddsWide?k_babaCode=32&k_raceDate=2026%2F10%2F01&k_raceNo=10
2026-10-01 20:15:19,20:14,2026-10-01,saga,10,30,ワイド,2-13,10.8,12.2,13,https://www.keiba.go.jp/KeibaWeb/TodayRaceInfo/OddsWide?k_babaCode=32&k_raceDate=2026%2F10%2F01&k_raceNo=10
2026-10-01 20:15:19,20:14,2026-10-01,saga,10,30,ワイド,4-6,11.5,11.9,14,https://www.keiba.go.jp/KeibaWeb/TodayRaceInfo/OddsWide?k_babaCode=32&k_raceDate=2026%2F10%2F01&k_raceNo=10
2026-10-01 20:15:19,20:14,2026-10-01,saga,10,30,ワイド,1-9,13.8,15.0,15,https://www.keiba.go.jp/KeibaWeb/TodayRaceInfo/OddsWide?k_babaCode=32&k_raceDate=2026%2F10%2F01&k_raceNo=10
2026-10-01 20:15:19,20:14,2026-10-01,saga,10,30,ワイド,1-11,13.9,15.2,16,https://www.keiba.go.jp/KeibaWeb/TodayRaceInfo/OddsWide?k_babaCode=32&k_raceDate=2026%2F10%2F01&k_raceNo=10
2026-10-01 20:15:19,20:14,2026-10-01,saga,10,30,ワイド,4-11,14.0,15.1,17,https://www.keiba.go.jp/KeibaWeb/TodayRaceInfo/OddsWide?k_babaCode=32&k_raceDate=2026%2F10%2F01&k_raceNo=10
2026-10-01 20:15:19,20:14,2026-10-01,saga,10,30,ワイド,1-2,15.3,16.2,18,https://www.keiba.go.jp/KeibaWeb/TodayRaceInfo/OddsWide?k_babaCode=32&k_raceDate=2026%2F10%2F01&k_raceNo=10
2026-10-01 20:15:19,20:14,2026-10-01,saga,10,30,ワイド,3-10,15.3,17.1,19,https://www.keiba.go.jp/KeibaWeb/TodayRaceInfo/OddsWide?k_babaCode=32&k_raceDate=2026%2F10%2F01&k_raceNo=10
2026-10-01 20:15:19,20:14,2026-10-01,saga,10,30,ワイド,7-13,16.1,18.1,20,https://www.keiba.go.jp/KeibaWeb/TodayRaceInfo/OddsWide?k_babaCode=32&k_raceDate=2026%2F10%2F01&k_raceNo=10
2026-10-01 20:15:19,20:14,2026-10-01,saga,10,30,ワイド,1-4,16.5,17.7,21,https://www.keiba.go.jp/KeibaWeb/TodayRaceInfo/OddsWide?k_babaCode=32&k_raceDate=2026%2F10%2F01&k_raceNo=10
2026-10-01 20:15:19,20:14,2026-10-01,saga,10,30,ワイド,10-14,16.6,18.7,22,https://www.keiba.go.jp/KeibaWeb/TodayRaceInfo/OddsWide?k_babaCode=32&k_raceDate=2026%2F10%2F01&k_raceNo=10
2026-10-01 20:15:19,20:14,2026-10-01,saga,10,30,ワイド,8-13,17.2,19.0,23,https://www.keiba.go.jp/KeibaWeb/TodayRaceInfo/OddsWide?k_babaCode=32&k_raceDate=2026%2F10%2F01&k_raceNo=10
2026-10-01 20:15:19,20:14,2026-10-01,saga,10,30,ワイド,3-13,17.9,20.0,24,https://www.keiba.go.jp/KeibaWeb/TodayRaceInfo/OddsWide?k_babaCode=32&k_raceDate=2026%2F10%2F01&k_raceNo=10
2026-10-01 20:15:19,20:14,2026-10-01,saga,10,30,ワイド,2-3,19.0,19.8,25,https://www.keiba.go.jp/KeibaWeb/TodayRaceInfo/OddsWide?k_babaCode=32&k_raceDate=2026%2F10%2F01&k_raceNo=10
2026-10-01 20:15:19,20:14,2026-10-01,saga,10,30,ワイド,2-4,19.1,20.2,26,https://www.keiba.go.jp/KeibaWeb/TodayRaceInfo/OddsWide?k_babaCode=32&k_raceDate=2026%2F10%2F01&k_raceNo=10
2026-10-01 20:15:19,20:14,2026-10-01,saga,10,30,ワイド,2-7,19.6,20.6,27,https://www.keiba.go.jp/KeibaWeb/TodayRaceInfo/OddsWide?k_babaCode=32&k_raceDate=2026%2F10%2F01&k_raceNo=10
2026-10-01 20:15:19,20:14,2026-10-01,saga,10,30,ワイド,12-13,20.1,22.3,28,https://www.keiba.go.jp/KeibaWeb/TodayRaceInfo/OddsWide?k_babaCode=32&k_raceDate=2026%2F10%2F01&k_raceNo=10
2026-10-01 20:15:19,20:14,2026-10-01,saga,10,30,ワイド,9-11,21.7,23.9,29,https://www.keiba.go.jp/KeibaWeb/TodayRaceInfo/OddsWide?k_babaCode=32&k_raceDate=2026%2F10%2F01&k_raceNo=10
2026-10-01 20:15:19,20:14,2026-10-01,saga,10,30,ワイド,1-7,22.9,24.2,30,https://www.keiba.go.jp/KeibaWeb/TodayRaceInfo/OddsWide?k_babaCode=32&k_raceDate=2026%2F10%2F01&k_raceNo=10
2026-10-01 20:15:19,20:14,2026-10-01,saga,10,30,ワイド,4-9,25.5,27.5,31,https://www.keiba.go.jp/KeibaWeb/TodayRaceInfo/OddsWide?k_babaCode=32&k_raceDate=2026%2F10%2F01&k_raceNo=10
2026-10-01 20:15:19,20:14,2026-10-01,saga,10,30,ワイド,2-11,28.2,30.0,32,https://www.keiba.go.jp/KeibaWeb/TodayRaceInfo/OddsWide?k_babaCode=32&k_raceDate=2026%2F10%2F01&k_raceNo=10
2026-10-01 20:15:19,20:14,2026-10-01,saga,10,30,ワイド,3-4,28.9,30.1,33,https://www.keiba.go.jp/KeibaWeb/TodayRaceInfo/OddsWide?k_babaCode=32&k_raceDate=2026%2F10%2F01&k_raceNo=10
2026-10-01 20:15:19,20:14,2026-10-01,saga,10,30,ワイド,8-10,30.7,34.3,34,https://www.keiba.go.jp/KeibaWeb/TodayRaceInfo/OddsWide?k_babaCode=32&k_raceDate=2026%2F10%2F01&k_raceNo=10
2026-10-01 20:15:19,20:14,2026-10-01,saga,10,30,ワイド,2-9,31.0,33.1,35,https://www.keiba.go.jp/KeibaWeb/TodayRaceInfo/OddsWide?k_babaCode=32&k_raceDate=2026%2F10%2F01&k_raceNo=10
2026-10-01 20:15:19,20:14,2026-10-01,saga,10,30,ワイド,4-14,31.5,33.2,36,https://www.keiba.go.jp/KeibaWeb/TodayRaceInfo/OddsWide?k_babaCode=32&k_raceDate=2026%2F10%2F01&k_raceNo=10
2026-10-01 20:15:19,20:14,2026-10-01,saga,10,30,ワイド,8-11,31.8,33.7,37,https://www.keiba.go.jp/KeibaWeb/TodayRaceInfo/OddsWide?k_babaCode=32&k_raceDate=2026%2F10%2F01&k_raceNo=10
2026-10-01 20:15:19,20:14,2026-10-01,saga,10,30,ワイド,10-12,31.9,35.6,38,https://www.keiba.go.jp/KeibaWeb/TodayRaceInfo/OddsWide?k_babaCode=32&k_raceDate=2026%2F10%2F01&k_raceNo=10
2026-10-01 20:15:19,20:14,2026-10-01,saga,10,30,ワイド,9-14,32.0,34.3,39,https://www.keiba.go.jp/KeibaWeb/TodayRaceInfo/OddsWide?k_babaCode=32&k_raceDate=2026%2F10%2F01&k_raceNo=10
2026-10-01 20:15:19,20:14,2026-10-01,saga,10,30,ワイド,6-10,32.1,35.5,40,https://www.keiba.go.jp/KeibaWeb/TodayRaceInfo/OddsWide?k_babaCode=32&k_raceDate=2026%2F10%2F01&k_raceNo=10
2026-10-01 20:15:19,20:14,2026-10-01,saga,10,30,ワイド,1-14,32.2,34.3,41,https://www.keiba.go.jp/KeibaWeb/TodayRaceInfo/OddsWide?k_babaCode=32&k_raceDate=2026%2F10%2F01&k_raceNo=10
2026-10-01 20:15:19,20:14,2026-10-01,saga,10,30,ワイド,2-5,33.3,34.4,42,https://www.keiba.go.jp/KeibaWeb/TodayRaceInfo/OddsWide?k_babaCode=32&k_raceDate=2026%2F10%2F01&k_raceNo=10
2026-10-01 20:15:19,20:14,2026-10-01,saga,10,30,ワイド,6-13,33.9,37.5,43,https://www.keiba.go.jp/KeibaWeb/TodayRaceInfo/OddsWide?k_babaCode=32&k_raceDate=2026%2F10%2F01&k_raceNo=10
2026-10-01 20:15:19,20:14,2026-10-01,saga,10,30,ワイド,2-6,35.6,36.9,44,https://www.keiba.go.jp/KeibaWeb/TodayRaceInfo/OddsWide?k_babaCode=32&k_raceDate=2026%2F10%2F01&k_raceNo=10
2026-10-01 20:15:19,20:14,2026-10-01,saga,10,30,ワイド,1-8,35.7,37.6,45,https://www.keiba.go.jp/KeibaWeb/TodayRaceInfo/OddsWide?k_babaCode=32&k_raceDate=2026%2F10%2F01&k_raceNo=10
2026-10-01 20:15:19,20:14,2026-10-01,saga,10,30,ワイド,6-11,38.0,39.9,46,https://www.keiba.go.jp/KeibaWeb/TodayRaceInfo/OddsWide?k_babaCode=32&k_raceDate=2026%2F10%2F01&k_raceNo=10
2026-10-01 20:15:19,20:14,2026-10-01,saga,10,30,ワイド,2-14,38.3,40.0,47,https://www.keiba.go.jp/KeibaWeb/TodayRaceInfo/OddsWide?k_babaCode=32&k_raceDate=2026%2F10%2F01&k_raceNo=10
2026-10-01 20:15:19,20:14,2026-10-01,saga,10,30,ワイド,6-9,38.7,40.8,48,https://www.keiba.go.jp/KeibaWeb/TodayRaceInfo/OddsWide?k_babaCode=32&k_raceDate=2026%2F10%2F01&k_raceNo=10
2026-10-01 20:15:19,20:14,2026-10-01,saga,10,30,ワイド,6-7,38.9,40.0,49,https://www.keiba.go.jp/KeibaWeb/TodayRaceInfo/OddsWide?k_babaCode=32&k_raceDate=2026%2F10%2F01&k_raceNo=10
2026-10-01 20:15:19,20:14,2026-10-01,saga,10,30,ワイド,1-6,39.0,40.8,50,https://www.keiba.go.jp/KeibaWeb/TodayRaceInfo/OddsWide?k_babaCode=32&k_raceDate=2026%2F10%2F01&k_raceNo=10
2026-10-01 20:15:19,20:14,2026-10-01,saga,10,30,ワイド,4-7,39.8,41.7,51,https://www.keiba.go.jp/KeibaWeb/TodayRaceInfo/OddsWide?k_babaCode=32&k_raceDate=2026%2F10%2F01&k_raceNo=10
2026-10-01 20:15:19,20:14,2026-10-01,saga,10,30,ワイド,7-11,41.1,43.5,52,https://www.keiba.go.jp/KeibaWeb/TodayRaceInfo/OddsWide?k_babaCode=32&k_raceDate=2026%2F10%2F01&k_raceNo=10
2026-10-01 20:15:19,20:14,2026-10-01,saga,10,30,ワイド,6-14,41.5,42.6,53,https://www.keiba.go.jp/KeibaWeb/TodayRaceInfo/OddsWide?k_babaCode=32&k_raceDate=2026%2F10%2F01&k_raceNo=10
2026-10-01 20:15:19,20:14,2026-10-01,saga,10,30,ワイド,3-11,42.1,44.6,54,https://www.keiba.go.jp/KeibaWeb/TodayRaceInfo/OddsWide?k_babaCode=32&k_raceDate=2026%2F10%2F01&k_raceNo=10
2026-10-01 20:15:19,20:14,2026-10-01,saga,10,30,ワイド,11-14,42.5,45.6,55,https://www.keiba.go.jp/KeibaWeb/TodayRaceInfo/OddsWide?k_babaCode=32&k_raceDate=2026%2F10%2F01&k_raceNo=10
2026-10-01 20:15:19,20:14,2026-10-01,saga,10,30,ワイド,3-9,45.1,47.9,56,https://www.keiba.go.jp/KeibaWeb/TodayRaceInfo/OddsWide?k_babaCode=32&k_raceDate=2026%2F10%2F01&k_raceNo=10
2026-10-01 20:15:19,20:14,2026-10-01,saga,10,30,ワイド,4-5,46.4,47.9,57,https://www.keiba.go.jp/KeibaWeb/TodayRaceInfo/OddsWide?k_babaCode=32&k_raceDate=2026%2F10%2F01&k_raceNo=10
2026-10-01 20:15:19,20:14,2026-10-01,saga,10,30,ワイド,4-8,48.4,50.3,58,https://www.keiba.go.jp/KeibaWeb/TodayRaceInfo/OddsWide?k_babaCode=32&k_raceDate=2026%2F10%2F01&k_raceNo=10
2026-10-01 20:15:19,20:14,2026-10-01,saga,10,30,ワイド,7-14,52.9,54.7,59,https://www.keiba.go.jp/KeibaWeb/TodayRaceInfo/OddsWide?k_babaCode=32&k_raceDate=2026%2F10%2F01&k_raceNo=10
2026-10-01 20:15:19,20:14,2026-10-01,saga,10,30,ワイド,1-3,55.0,57.9,60,https://www.keiba.go.jp/KeibaWeb/TodayRaceInfo/OddsWide?k_babaCode=32&k_raceDate=2026%2F10%2F01&k_raceNo=10
2026-10-01 20:15:19,20:14,2026-10-01,saga,10,30,ワイド,5-13,55.8,61.3,61,https://www.keiba.go.jp/KeibaWeb/TodayRaceInfo/OddsWide?k_babaCode=32&k_raceDate=2026%2F10%2F01&k_raceNo=10
2026-10-01 20:15:19,20:14,2026-10-01,saga,10,30,ワイド,11-12,56.4,59.8,62,https://www.keiba.go.jp/KeibaWeb/TodayRaceInfo/OddsWide?k_babaCode=32&k_raceDate=2026%2F10%2F01&k_raceNo=10
2026-10-01 20:15:19,20:14,2026-10-01,saga,10,30,ワイド,7-9,59.9,63.7,63,https://www.keiba.go.jp/KeibaWeb/TodayRaceInfo/OddsWide?k_babaCode=32&k_raceDate=2026%2F10%2F01&k_raceNo=10
2026-10-01 20:15:19,20:14,2026-10-01,saga,10,30,ワイド,5-8,62.9,63.8,64,https://www.keiba.go.jp/KeibaWeb/TodayRaceInfo/OddsWide?k_babaCode=32&k_raceDate=2026%2F10%2F01&k_raceNo=10
2026-10-01 20:15:19,20:14,2026-10-01,saga,10,30,ワイド,8-9,64.2,68.2,65,https://www.keiba.go.jp/KeibaWeb/TodayRaceInfo/OddsWide?k_babaCode=32&k_raceDate=2026%2F10%2F01&k_raceNo=10
2026-10-01 20:15:19,20:14,2026-10-01,saga,10,30,ワイド,7-8,68.9,70.8,66,https://www.keiba.go.jp/KeibaWeb/TodayRaceInfo/OddsWide?k_babaCode=32&k_raceDate=2026%2F10%2F01&k_raceNo=10
2026-10-01 20:15:19,20:14,2026-10-01,saga,10,30,ワイド,5-6,69.2,70.8,67,https://www.keiba.go.jp/KeibaWeb/TodayRaceInfo/OddsWide?k_babaCode=32&k_raceDate=2026%2F10%2F01&k_raceNo=10
2026-10-01 20:15:19,20:14,2026-10-01,saga,10,30,ワイド,3-7,70.9,73.5,68,https://www.keiba.go.jp/KeibaWeb/TodayRaceInfo/OddsWide?k_babaCode=32&k_raceDate=2026%2F10%2F01&k_raceNo=10
2026-10-01 20:15:19,20:14,2026-10-01,saga,10,30,ワイド,6-8,71.8,73.4,69,https://www.keiba.go.jp/KeibaWeb/TodayRaceInfo/OddsWide?k_babaCode=32&k_raceDate=2026%2F10%2F01&k_raceNo=10
2026-10-01 20:15:19,20:14,2026-10-01,saga,10,30,ワイド,2-8,73.6,76.3,70,https://www.keiba.go.jp/KeibaWeb/TodayRaceInfo/OddsWide?k_babaCode=32&k_raceDate=2026%2F10%2F01&k_raceNo=10
2026-10-01 20:15:19,20:14,2026-10-01,saga,10,30,ワイド,2-12,73.6,76.3,70,https://www.keiba.go.jp/KeibaWeb/TodayRaceInfo/OddsWide?k_babaCode=32&k_raceDate=2026%2F10%2F01&k_raceNo=10
2026-10-01 20:15:19,20:14,2026-10-01,saga,10,30,ワイド,3-6,77.5,79.5,72,https://www.keiba.go.jp/KeibaWeb/TodayRaceInfo/OddsWide?k_babaCode=32&k_raceDate=2026%2F10%2F01&k_raceNo=10
2026-10-01 20:15:19,20:14,2026-10-01,saga,10,30,ワイド,5-7,77.8,79.7,73,https://www.keiba.go.jp/KeibaWeb/TodayRaceInfo/OddsWide?k_babaCode=32&k_raceDate=2026%2F10%2F01&k_raceNo=10
2026-10-01 20:15:19,20:14,2026-10-01,saga,10,30,ワイド,6-12,77.9,79.5,74,https://www.keiba.go.jp/KeibaWeb/TodayRaceInfo/OddsWide?k_babaCode=32&k_raceDate=2026%2F10%2F01&k_raceNo=10
2026-10-01 20:15:19,20:14,2026-10-01,saga,10,30,ワイド,1-12,78.9,83.0,75,https://www.keiba.go.jp/KeibaWeb/TodayRaceInfo/OddsWide?k_babaCode=32&k_raceDate=2026%2F10%2F01&k_raceNo=10
2026-10-01 20:15:19,20:14,2026-10-01,saga,10,30,ワイド,4-12,79.8,82.8,76,https://www.keiba.go.jp/KeibaWeb/TodayRaceInfo/OddsWide?k_babaCode=32&k_raceDate=2026%2F10%2F01&k_raceNo=10
2026-10-01 20:15:19,20:14,2026-10-01,saga,10,30,ワイド,3-8,84.8,86.7,77,https://www.keiba.go.jp/KeibaWeb/TodayRaceInfo/OddsWide?k_babaCode=32&k_raceDate=2026%2F10%2F01&k_raceNo=10
2026-10-01 20:15:19,20:14,2026-10-01,saga,10,30,ワイド,1-5,87.0,90.9,78,https://www.keiba.go.jp/KeibaWeb/TodayRaceInfo/OddsWide?k_babaCode=32&k_raceDate=2026%2F10%2F01&k_raceNo=10
2026-10-01 20:15:19,20:14,2026-10-01,saga,10,30,ワイド,8-14,87.9,90.8,79,https://www.keiba.go.jp/KeibaWeb/TodayRaceInfo/OddsWide?k_babaCode=32&k_raceDate=2026%2F10%2F01&k_raceNo=10
2026-10-01 20:15:19,20:14,2026-10-01,saga,10,30,ワイド,3-5,89.4,91.0,80,https://www.keiba.go.jp/KeibaWeb/TodayRaceInfo/OddsWide?k_babaCode=32&k_raceDate=2026%2F10%2F01&k_raceNo=10
2026-10-01 20:15:19,20:14,2026-10-01,saga,10,30,ワイド,9-12,89.9,95.4,81,https://www.keiba.go.jp/KeibaWeb/TodayRaceInfo/OddsWide?k_babaCode=32&k_raceDate=2026%2F10%2F01&k_raceNo=10
2026-10-01 20:15:19,20:14,2026-10-01,saga,10,30,ワイド,5-9,90.6,95.4,82,https://www.keiba.go.jp/KeibaWeb/TodayRaceInfo/OddsWide?k_babaCode=32&k_raceDate=2026%2F10%2F01&k_raceNo=10
2026-10-01 20:15:19,20:14,2026-10-01,saga,10,30,ワイド,5-10,90.6,100.0,83,https://www.keiba.go.jp/KeibaWeb/TodayRaceInfo/OddsWide?k_babaCode=32&k_raceDate=2026%2F10%2F01&k_raceNo=10
2026-10-01 20:15:19,20:14,2026-10-01,saga,10,30,ワイド,8-12,93.4,95.3,84,https://www.keiba.go.jp/KeibaWeb/TodayRaceInfo/OddsWide?k_babaCode=32&k_raceDate=2026%2F10%2F01&k_raceNo=10
2026-10-01 20:15:19,20:14,2026-10-01,saga,10,30,ワイド,5-11,100.8,105.8,85,https://www.keiba.go.jp/KeibaWeb/TodayRaceInfo/OddsWide?k_babaCode=32&k_raceDate=2026%2F10%2F01&k_raceNo=10
2026-10-01 20:15:19,20:14,2026-10-01,saga,10,30,ワイド,3-14,108.5,112.1,86,https://www.keiba.go.jp/KeibaWeb/TodayRaceInfo/OddsWide?k_babaCode=32&k_raceDate=2026%2F10%2F01&k_raceNo=10
2026-10-01 20:15:19,20:14,2026-10-01,saga,10,30,ワイド,12-14,115.4,119.3,87,https://www.keiba.go.jp/KeibaWeb/TodayRaceInfo/OddsWide?k_babaCode=32&k_raceDate=2026%2F10%2F01&k_raceNo=10
2026-10-01 20:15:19,20:14,2026-10-01,saga,10,30,ワイド,5-14,124.0,127.2,88,https://www.keiba.go.jp/KeibaWeb/TodayRaceInfo/OddsWide?k_babaCode=32&k_raceDate=2026%2F10%2F01&k_raceNo=10
2026-10-01 20:15:19,20:14,2026-10-01,saga,10,30,ワイド,3-12,124.5,127.1,89,https://www.keiba.go.jp/KeibaWeb/TodayRaceInfo/OddsWide?k_babaCode=32&k_raceDate=2026%2F10%2F01&k_raceNo=10
2026-10-01 20:15:19,20:14,2026-10-01,saga,10,30,ワイド,7-12,142.6,146.5,90,https://www.keiba.go.jp/KeibaWeb/TodayRaceInfo/OddsWide?k_babaCode=32&k_raceDate=2026%2F10%2F01&k_raceNo=10
2026-10-01 20:15:19,20:14,2026-10-01,saga,10,30,ワイド,5-12,268.6,271.7,91,https://www.keiba.go.jp/KeibaWeb/TodayRaceInfo/OddsWide?k_babaCode=32&k_raceDate=2026%2F10%2F01&k_raceNo=10
2026-10-01 20:15:19,20:14,2026-10-01,saga,10,30,三連複,10-11-13,11.9,11.9,1,https://www.keiba.go.jp/KeibaWeb/TodayRaceInfo/Odds3LenFuku?k_babaCode=32&k_raceDate=2026%2F10%2F01&k_raceNo=10
2026-10-01 20:15:19,20:14,2026-10-01,saga,10,30,三連複,9-10-13,14.2,14.2,2,https://www.keiba.go.jp/KeibaWeb/TodayRaceInfo/Odds3LenFuku?k_babaCode=32&k_raceDate=2026%2F10%2F01&k_raceNo=10
2026-10-01 20:15:19,20:14,2026-10-01,saga,10,30,三連複,4-10-13,15.5,15.5,3,https://www.keiba.go.jp/KeibaWeb/TodayRaceInfo/Odds3LenFuku?k_babaCode=32&k_raceDate=2026%2F10%2F01&k_raceNo=10
2026-10-01 20:15:19,20:14,2026-10-01,saga,10,30,三連複,1-10-13,20.0,20.0,4,https://www.keiba.go.jp/KeibaWeb/TodayRaceInfo/Odds3LenFuku?k_babaCode=32&k_raceDate=2026%2F10%2F01&k_raceNo=10
2026-10-01 20:15:19,20:14,2026-10-01,saga,10,30,三連複,4-11-13,28.3,28.3,5,https://www.keiba.go.jp/KeibaWeb/TodayRaceInfo/Odds3LenFuku?k_babaCode=32&k_raceDate=2026%2F10%2F01&k_raceNo=10
2026-10-01 20:15:19,20:14,2026-10-01,saga,10,30,三連複,10-13-14,30.7,30.7,6,https://www.keiba.go.jp/KeibaWeb/TodayRaceInfo/Odds3LenFuku?k_babaCode=32&k_raceDate=2026%2F10%2F01&k_raceNo=10
2026-10-01 20:15:19,20:14,2026-10-01,saga,10,30,三連複,9-11-13,30.9,30.9,7,https://www.keiba.go.jp/KeibaWeb/TodayRaceInfo/Odds3LenFuku?k_babaCode=32&k_raceDate=2026%2F10%2F01&k_raceNo=10
2026-10-01 20:15:19,20:14,2026-10-01,saga,10,30,三連複,2-10-13,34.5,34.5,8,https://www.keiba.go.jp/KeibaWeb/TodayRaceInfo/Odds3LenFuku?k_babaCode=32&k_raceDate=2026%2F10%2F01&k_raceNo=10
2026-10-01 20:15:19,20:14,2026-10-01,saga,10,30,三連複,4-9-13,35.9,35.9,9,https://www.keiba.go.jp/KeibaWeb/TodayRaceInfo/Odds3LenFuku?k_babaCode=32&k_raceDate=2026%2F10%2F01&k_raceNo=10
2026-10-01 20:15:19,20:14,2026-10-01,saga,10,30,三連複,4-10-11,37.2,37.2,10,https://www.keiba.go.jp/KeibaWeb/TodayRaceInfo/Odds3LenFuku?k_babaCode=32&k_raceDate=2026%2F10%2F01&k_raceNo=10
2026-10-01 20:15:19,20:14,2026-10-01,saga,10,30,三連複,9-10-11,42.9,42.9,11,https://www.keiba.go.jp/KeibaWeb/TodayRaceInfo/Odds3LenFuku?k_babaCode=32&k_raceDate=2026%2F10%2F01&k_raceNo=10
2026-10-01 20:15:19,20:14,2026-10-01,saga,10,30,三連複,7-10-13,43.3,43.3,12,https://www.keiba.go.jp/KeibaWeb/TodayRaceInfo/Odds3LenFuku?k_babaCode=32&k_raceDate=2026%2F10%2F01&k_raceNo=10
2026-10-01 20:15:19,20:14,2026-10-01,saga,10,30,三連複,1-11-13,55.8,55.8,13,https://www.keiba.go.jp/KeibaWeb/TodayRaceInfo/Odds3LenFuku?k_babaCode=32&k_raceDate=2026%2F10%2F01&k_raceNo=10
2026-10-01 20:15:19,20:14,2026-10-01,saga,10,30,三連複,1-4-13,58.9,58.9,14,https://www.keiba.go.jp/KeibaWeb/TodayRaceInfo/Odds3LenFuku?k_babaCode=32&k_raceDate=2026%2F10%2F01&k_raceNo=10
2026-10-01 20:15:19,20:14,2026-10-01,saga,10,30,三連複,3-10-13,61.9,61.9,15,https://www.keiba.go.jp/KeibaWeb/TodayRaceInfo/Odds3LenFuku?k_babaCode=32&k_raceDate=2026%2F10%2F01&k_raceNo=10
2026-10-01 20:15:19,20:14,2026-10-01,saga,10,30,三連複,4-13-14,63.0,63.0,16,https://www.keiba.go.jp/KeibaWeb/TodayRaceInfo/Odds3LenFuku?k_babaCode=32&k_raceDate=2026%2F10%2F01&k_raceNo=10
2026-10-01 20:15:19,20:14,2026-10-01,saga,10,30,三連複,1-10-11,65.5,65.5,17,https://www.keiba.go.jp/KeibaWeb/TodayRaceInfo/Odds3LenFuku?k_babaCode=32&k_raceDate=2026%2F10%2F01&k_raceNo=10
2026-10-01 20:15:19,20:14,2026-10-01,saga,10,30,三連複,1-9-13,66.0,66.0,18,https://www.keiba.go.jp/KeibaWeb/TodayRaceInfo/Odds3LenFuku?k_babaCode=32&k_raceDate=2026%2F10%2F01&k_raceNo=10
2026-10-01 20:15:19,20:14,2026-10-01,saga,10,30,三連複,6-10-13,68.2,68.2,19,https://www.keiba.go.jp/KeibaWeb/TodayRaceInfo/Odds3LenFuku?k_babaCode=32&k_raceDate=2026%2F10%2F01&k_raceNo=10
2026-10-01 20:15:19,20:14,2026-10-01,saga,10,30,三連複,4-9-10,70.6,70.6,20,https://www.keiba.go.jp/KeibaWeb/TodayRaceInfo/Odds3LenFuku?k_babaCode=32&k_raceDate=2026%2F10%2F01&k_raceNo=10
2026-10-01 20:15:19,20:14,2026-10-01,saga,10,30,三連複,4-9-11,72.9,72.9,21,https://www.keiba.go.jp/KeibaWeb/TodayRaceInfo/Odds3LenFuku?k_babaCode=32&k_raceDate=2026%2F10%2F01&k_raceNo=10
2026-10-01 20:15:19,20:14,2026-10-01,saga,10,30,三連複,11-13-14,82.5,82.5,22,https://www.keiba.go.jp/KeibaWeb/TodayRaceInfo/Odds3LenFuku?k_babaCode=32&k_raceDate=2026%2F10%2F01&k_raceNo=10
2026-10-01 20:15:19,20:14,2026-10-01,saga,10,30,三連複,2-9-13,86.0,86.0,23,https://www.keiba.go.jp/KeibaWeb/TodayRaceInfo/Odds3LenFuku?k_babaCode=32&k_raceDate=2026%2F10%2F01&k_raceNo=10
2026-10-01 20:15:19,20:14,2026-10-01,saga,10,30,三連複,2-11-13,92.1,92.1,24,https://www.keiba.go.jp/KeibaWeb/TodayRaceInfo/Odds3LenFuku?k_babaCode=32&k_raceDate=2026%2F10%2F01&k_raceNo=10
2026-10-01 20:15:19,20:14,2026-10-01,saga,10,30,三連複,7-9-13,93.0,93.0,25,https://www.keiba.go.jp/KeibaWeb/TodayRaceInfo/Odds3LenFuku?k_babaCode=32&k_raceDate=2026%2F10%2F01&k_raceNo=10
2026-10-01 20:15:19,20:14,2026-10-01,saga,10,30,三連複,9-13-14,96.5,96.5,26,https://www.keiba.go.jp/KeibaWeb/TodayRaceInfo/Odds3LenFuku?k_babaCode=32&k_raceDate=2026%2F10%2F01&k_raceNo=10
2026-10-01 20:15:19,20:14,2026-10-01,saga,10,30,三連複,1-13-14,97.6,97.6,27,https://www.keiba.go.jp/KeibaWeb/TodayRaceInfo/Odds3LenFuku?k_babaCode=32&k_raceDate=2026%2F10%2F01&k_raceNo=10
2026-10-01 20:15:19,20:14,2026-10-01,saga,10,30,三連複,8-10-13,98.1,98.1,28,https://www.keiba.go.jp/KeibaWeb/TodayRaceInfo/Odds3LenFuku?k_babaCode=32&k_raceDate=2026%2F10%2F01&k_raceNo=10
2026-10-01 20:15:19,20:14,2026-10-01,saga,10,30,三連複,2-9-10,100.8,100.8,29,https://www.keiba.go.jp/KeibaWeb/TodayRaceInfo/Odds3LenFuku?k_babaCode=32&k_raceDate=2026%2F10%2F01&k_raceNo=10
2026-10-01 20:15:19,20:14,2026-10-01,saga,10,30,三連複,2-4-13,104.9,104.9,30,https://www.keiba.go.jp/KeibaWeb/TodayRaceInfo/Odds3LenFuku?k_babaCode=32&k_raceDate=2026%2F10%2F01&k_raceNo=10
2026-10-01 20:15:19,20:14,2026-10-01,saga,10,30,三連複,1-9-10,106.1,106.1,31,https://www.keiba.go.jp/KeibaWeb/TodayRaceInfo/Odds3LenFuku?k_babaCode=32&k_raceDate=2026%2F10%2F01&k_raceNo=10
2026-10-01 20:15:19,20:14,2026-10-01,saga,10,30,三連複,1-4-10,106.7,106.7,32,https://www.keiba.go.jp/KeibaWeb/TodayRaceInfo/Odds3LenFuku?k_babaCode=32&k_raceDate=2026%2F10%2F01&k_raceNo=10
2026-10-01 20:15:19,20:14,2026-10-01,saga,10,30,三連複,1-2-10,108.7,108.7,33,https://www.keiba.go.jp/KeibaWeb/TodayRaceInfo/Odds3LenFuku?k_babaCode=32&k_raceDate=2026%2F10%2F01&k_raceNo=10
2026-10-01 20:15:19,20:14,2026-10-01,saga,10,30,三連複,2-10-11,111.3,111.3,34,https://www.keiba.go.jp/KeibaWeb/TodayRaceInfo/Odds3LenFuku?k_babaCode=32&k_raceDate=2026%2F10%2F01&k_raceNo=10
2026-10-01 20:15:19,20:14,2026-10-01,saga,10,30,三連複,10-11-14,112.0,112.0,35,https://www.keiba.go.jp/KeibaWeb/TodayRaceInfo/Odds3LenFuku?k_babaCode=32&k_raceDate=2026%2F10%2F01&k_raceNo=10
2026-10-01 20:15:19,20:14,2026-10-01,saga,10,30,三連複,2-4-10,116.3,116.3,36,https://www.keiba.go.jp/KeibaWeb/TodayRaceInfo/Odds3LenFuku?k_babaCode=32&k_raceDate=2026%2F10%2F01&k_raceNo=10
2026-10-01 20:15:19,20:14,2026-10-01,saga,10,30,三連複,10-12-13,116.3,116.3,36,https://www.keiba.go.jp/KeibaWeb/TodayRaceInfo/Odds3LenFuku?k_babaCode=32&k_raceDate=2026%2F10%2F01&k_raceNo=10
2026-10-01 20:15:19,20:14,2026-10-01,saga,10,30,三連複,1-2-13,117.8,117.8,38,https://www.keiba.go.jp/KeibaWeb/TodayRaceInfo/Odds3LenFuku?k_babaCode=32&k_raceDate=2026%2F10%2F01&k_raceNo=10
2026-10-01 20:15:19,20:14,2026-10-01,saga,10,30,三連複,4-10-14,117.8,117.8,38,https://www.keiba.go.jp/KeibaWeb/TodayRaceInfo/Odds3LenFuku?k_babaCode=32&k_raceDate=2026%2F10%2F01&k_raceNo=10
2026-10-01 20:15:19,20:14,2026-10-01,saga,10,30,三連複,4-7-13,120.2,120.2,40,https://www.keiba.go.jp/KeibaWeb/TodayRaceInfo/Odds3LenFuku?k_babaCode=32&k_raceDate=2026%2F10%2F01&k_raceNo=10
2026-10-01 20:15:19,20:14,2026-10-01,saga,10,30,三連複,3-4-13,140.7,140.7,41,https://www.keiba.go.jp/KeibaWeb/TodayRaceInfo/Odds3LenFuku?k_babaCode=32&k_raceDate=2026%2F10%2F01&k_raceNo=10
2026-10-01 20:15:19,20:14,2026-10-01,saga,10,30,三連複,7-11-13,142.9,142.9,42,https://www.keiba.go.jp/KeibaWeb/TodayRaceInfo/Odds3LenFuku?k_babaCode=32&k_raceDate=2026%2F10%2F01&k_raceNo=10
2026-10-01 20:15:19,20:14,2026-10-01,saga,10,30,三連複,4-6-13,146.4,146.4,43,https://www.keiba.go.jp/KeibaWeb/TodayRaceInfo/Odds3LenFuku?k_babaCode=32&k_raceDate=2026%2F10%2F01&k_raceNo=10
2026-10-01 20:15:19,20:14,2026-10-01,saga,10,30,三連複,1-7-13,150.0,150.0,44,https://www.keiba.go.jp/KeibaWeb/TodayRaceInfo/Odds3LenFuku?k_babaCode=32&k_raceDate=2026%2F10%2F01&k_raceNo=10
2026-10-01 20:15:19,20:14,2026-10-01,saga,10,30,三連複,7-13-14,153.8,153.8,45,https://www.keiba.go.jp/KeibaWeb/TodayRaceInfo/Odds3LenFuku?k_babaCode=32&k_raceDate=2026%2F10%2F01&k_raceNo=10
2026-10-01 20:15:19,20:14,2026-10-01,saga,10,30,三連複,7-9-10,155.1,155.1,46,https://www.keiba.go.jp/KeibaWeb/TodayRaceInfo/Odds3LenFuku?k_babaCode=32&k_raceDate=2026%2F10%2F01&k_raceNo=10
2026-10-01 20:15:19,20:14,2026-10-01,saga,10,30,三連複,4-7-10,156.5,156.5,47,https://www.keiba.go.jp/KeibaWeb/TodayRaceInfo/Odds3LenFuku?k_babaCode=32&k_raceDate=2026%2F10%2F01&k_raceNo=10
2026-10-01 20:15:19,20:14,2026-10-01,saga,10,30,三連複,1-6-13,171.2,171.2,48,https://www.keiba.go.jp/KeibaWeb/TodayRaceInfo/Odds3LenFuku?k_babaCode=32&k_raceDate=2026%2F10%2F01&k_raceNo=10
2026-10-01 20:15:19,20:14,2026-10-01,saga,10,30,三連複,2-7-10,172.8,172.8,49,https://www.keiba.go.jp/KeibaWeb/TodayRaceInfo/Odds3LenFuku?k_babaCode=32&k_raceDate=2026%2F10%2F01&k_raceNo=10
2026-10-01 20:15:19,20:14,2026-10-01,saga,10,30,三連複,6-9-13,177.9,177.9,50,https://www.keiba.go.jp/KeibaWeb/TodayRaceInfo/Odds3LenFuku?k_babaCode=32&k_raceDate=2026%2F10%2F01&k_raceNo=10
2026-10-01 20:15:19,20:14,2026-10-01,saga,10,30,三連複,1-9-11,187.1,187.1,51,https://www.keiba.go.jp/KeibaWeb/TodayRaceInfo/Odds3LenFuku?k_babaCode=32&k_raceDate=2026%2F10%2F01&k_raceNo=10
2026-10-01 20:15:19,20:14,2026-10-01,saga,10,30,三連複,6-7-13,187.1,187.1,51,https://www.keiba.go.jp/KeibaWeb/TodayRaceInfo/Odds3LenFuku?k_babaCode=32&k_raceDate=2026%2F10%2F01&k_raceNo=10
2026-10-01 20:15:19,20:14,2026-10-01,saga,10,30,三連複,2-7-13,191.0,191.0,53,https://www.keiba.go.jp/KeibaWeb/TodayRaceInfo/Odds3LenFuku?k_babaCode=32&k_raceDate=2026%2F10%2F01&k_raceNo=10
2026-10-01 20:15:19,20:14,2026-10-01,saga,10,30,三連複,2-4-11,193.1,193.1,54,https://www.keiba.go.jp/KeibaWeb/TodayRaceInfo/Odds3LenFuku?k_babaCode=32&k_raceDate=2026%2F10%2F01&k_raceNo=10
2026-10-01 20:15:19,20:14,2026-10-01,saga,10,30,三連複,2-13-14,193.1,193.1,54,https://www.keiba.go.jp/KeibaWeb/TodayRaceInfo/Odds3LenFuku?k_babaCode=32&k_raceDate=2026%2F10%2F01&k_raceNo=10
2026-10-01 20:15:19,20:14,2026-10-01,saga,10,30,三連複,2-10-14,195.2,195.2,56,https://www.keiba.go.jp/KeibaWeb/TodayRaceInfo/Odds3LenFuku?k_babaCode=32&k_raceDate=2026%2F10%2F01&k_raceNo=10
2026-10-01 20:15:19,20:14,2026-10-01,saga,10,30,三連複,6-13-14,199.4,199.4,57,https://www.keiba.go.jp/KeibaWeb/TodayRaceInfo/Odds3LenFuku?k_babaCode=32&k_raceDate=2026%2F10%2F01&k_raceNo=10
2026-10-01 20:15:19,20:14,2026-10-01,saga,10,30,三連複,9-10-14,199.4,199.4,57,https://www.keiba.go.jp/KeibaWeb/TodayRaceInfo/Odds3LenFuku?k_babaCode=32&k_raceDate=2026%2F10%2F01&k_raceNo=10
2026-10-01 20:15:19,20:14,2026-10-01,saga,10,30,三連複,3-11-13,201.7,201.7,59,https://www.keiba.go.jp/KeibaWeb/TodayRaceInfo/Odds3LenFuku?k_babaCode=32&k_raceDate=2026%2F10%2F01&k_raceNo=10
2026-10-01 20:15:19,20:14,2026-10-01,saga,10,30,三連複,3-4-10,203.9,203.9,60,https://www.keiba.go.jp/KeibaWeb/TodayRaceInfo/Odds3LenFuku?k_babaCode=32&k_raceDate=2026%2F10%2F01&k_raceNo=10
2026-10-01 20:15:19,20:14,2026-10-01,saga,10,30,三連複,1-7-10,211.0,211.0,61,https://www.keiba.go.jp/KeibaWeb/TodayRaceInfo/Odds3LenFuku?k_babaCode=32&k_raceDate=2026%2F10%2F01&k_raceNo=10
2026-10-01 20:15:19,20:14,2026-10-01,saga,10,30,三連複,5-10-13,211.0,211.0,61,https://www.keiba.go.jp/KeibaWeb/TodayRaceInfo/Odds3LenFuku?k_babaCode=32&k_raceDate=2026%2F10%2F01&k_raceNo=10
2026-10-01 20:15:19,20:14,2026-10-01,saga,10,30,三連複,7-10-11,211.0,211.0,61,https://www.keiba.go.jp/KeibaWeb/TodayRaceInfo/Odds3LenFuku?k_babaCode=32&k_raceDate=2026%2F10%2F01&k_raceNo=10
2026-10-01 20:15:19,20:14,2026-10-01,saga,10,30,三連複,11-12-13,211.0,211.0,61,https://www.keiba.go.jp/KeibaWeb/TodayRaceInfo/Odds3LenFuku?k_babaCode=32&k_raceDate=2026%2F10%2F01&k_raceNo=10
2026-10-01 20:15:19,20:14,2026-10-01,saga,10,30,三連複,4-6-10,216.1,216.1,65,https://www.keiba.go.jp/KeibaWeb/TodayRaceInfo/Odds3LenFuku?k_babaCode=32&k_raceDate=2026%2F10%2F01&k_raceNo=10
2026-10-01 20:15:19,20:14,2026-10-01,saga,10,30,三連複,1-4-11,221.3,221.3,66,https://www.keiba.go.jp/KeibaWeb/TodayRaceInfo/Odds3LenFuku?k_babaCode=32&k_raceDate=2026%2F10%2F01&k_raceNo=10
2026-10-01 20:15:19,20:14,2026-10-01,saga,10,30,三連複,3-9-13,221.3,221.3,66,https://www.keiba.go.jp/KeibaWeb/TodayRaceInfo/Odds3LenFuku?k_babaCode=32&k_raceDate=2026%2F10%2F01&k_raceNo=10
2026-10-01 20:15:19,20:14,2026-10-01,saga,10,30,三連複,7-10-14,221.3,221.3,66,https://www.keiba.go.jp/KeibaWeb/TodayRaceInfo/Odds3LenFuku?k_babaCode=32&k_raceDate=2026%2F10%2F01&k_raceNo=10
2026-10-01 20:15:19,20:14,2026-10-01,saga,10,30,三連複,6-11-13,226.9,226.9,69,https://www.keiba.go.jp/KeibaWeb/TodayRaceInfo/Odds3LenFuku?k_babaCode=32&k_raceDate=2026%2F10%2F01&k_raceNo=10
2026-10-01 20:15:19,20:14,2026-10-01,saga,10,30,三連複,1-10-14,232.7,232.7,70,https://www.keiba.go.jp/KeibaWeb/TodayRaceInfo/Odds3LenFuku?k_babaCode=32&k_raceDate=2026%2F10%2F01&k_raceNo=10
2026-10-01 20:15:19,20:14,2026-10-01,saga,10,30,三連複,4-11-14,232.7,232.7,70,https://www.keiba.go.jp/KeibaWeb/TodayRaceInfo/Odds3LenFuku?k_babaCode=32&k_raceDate=2026%2F10%2F01&k_raceNo=10
2026-10-01 20:15:19,20:14,2026-10-01,saga,10,30,三連複,1-3-13,238.8,238.8,72,https://www.keiba.go.jp/KeibaWeb/TodayRaceInfo/Odds3LenFuku?k_babaCode=32&k_raceDate=2026%2F10%2F01&k_raceNo=10
2026-10-01 20:15:19,20:14,2026-10-01,saga,10,30,三連複,2-9-11,238.8,238.8,72,https://www.keiba.go.jp/KeibaWeb/TodayRaceInfo/Odds3LenFuku?k_babaCode=32&k_raceDate=2026%2F10%2F01&k_raceNo=10
2026-10-01 20:15:19,20:14,2026-10-01,saga,10,30,三連複,1-8-13,245.3,245.3,74,https://www.keiba.go.jp/KeibaWeb/TodayRaceInfo/Odds3LenFuku?k_babaCode=32&k_raceDate=2026%2F10%2F01&k_raceNo=10
2026-10-01 20:15:19,20:14,2026-10-01,saga,10,30,三連複,6-10-11,245.3,245.3,74,https://www.keiba.go.jp/KeibaWeb/TodayRaceInfo/Odds3LenFuku?k_babaCode=32&k_raceDate=2026%2F10%2F01&k_raceNo=10
2026-10-01 20:15:19,20:14,2026-10-01,saga,10,30,三連複,1-4-9,248.6,248.6,76,https://www.keiba.go.jp/KeibaWeb/TodayRaceInfo/Odds3LenFuku?k_babaCode=32&k_raceDate=2026%2F10%2F01&k_raceNo=10
2026-10-01 20:15:19,20:14,2026-10-01,saga,10,30,三連複,6-9-10,252.1,252.1,77,https://www.keiba.go.jp/KeibaWeb/TodayRaceInfo/Odds3LenFuku?k_babaCode=32&k_raceDate=2026%2F10%2F01&k_raceNo=10
2026-10-01 20:15:19,20:14,2026-10-01,saga,10,30,三連複,9-12-13,252.1,252.1,77,https://www.keiba.go.jp/KeibaWeb/TodayRaceInfo/Odds3LenFuku?k_babaCode=32&k_raceDate=2026%2F10%2F01&k_raceNo=10
2026-10-01 20:15:19,20:14,2026-10-01,saga,10,30,三連複,4-8-13,263.1,263.1,79,https://www.keiba.go.jp/KeibaWeb/TodayRaceInfo/Odds3LenFuku?k_babaCode=32&k_raceDate=2026%2F10%2F01&k_raceNo=10
2026-10-01 20:15:19,20:14,2026-10-01,saga,10,30,三連複,4-7-11,266.9,266.9,80,https://www.keiba.go.jp/KeibaWeb/TodayRaceInfo/Odds3LenFuku?k_babaCode=32&k_raceDate=2026%2F10%2F01&k_raceNo=10
2026-10-01 20:15:19,20:14,2026-10-01,saga,10,30,三連複,1-2-4,270.9,270.9,81,https://www.keiba.go.jp/KeibaWeb/TodayRaceInfo/Odds3LenFuku?k_babaCode=32&k_raceDate=2026%2F10%2F01&k_raceNo=10
2026-10-01 20:15:19,20:14,2026-10-01,saga,10,30,三連複,1-2-9,270.9,270.9,81,https://www.keiba.go.jp/KeibaWeb/TodayRaceInfo/Odds3LenFuku?k_babaCode=32&k_raceDate=2026%2F10%2F01&k_raceNo=10
2026-10-01 20:15:19,20:14,2026-10-01,saga,10,30,三連複,1-2-11,270.9,270.9,81,https://www.keiba.go.jp/KeibaWeb/TodayRaceInfo/Odds3LenFuku?k_babaCode=32&k_raceDate=2026%2F10%2F01&k_raceNo=10
2026-10-01 20:15:19,20:14,2026-10-01,saga,10,30,三連複,8-9-13,279.2,279.2,84,https://www.keiba.go.jp/KeibaWeb/TodayRaceInfo/Odds3LenFuku?k_babaCode=32&k_raceDate=2026%2F10%2F01&k_raceNo=10
2026-10-01 20:15:19,20:14,2026-10-01,saga,10,30,三連複,1-6-10,283.6,283.6,85,https://www.keiba.go.jp/KeibaWeb/TodayRaceInfo/Odds3LenFuku?k_babaCode=32&k_raceDate=2026%2F10%2F01&k_raceNo=10
2026-10-01 20:15:19,20:14,2026-10-01,saga,10,30,三連複,2-4-7,283.6,283.6,85,https://www.keiba.go.jp/KeibaWeb/TodayRaceInfo/Odds3LenFuku?k_babaCode=32&k_raceDate=2026%2F10%2F01&k_raceNo=10
2026-10-01 20:15:19,20:14,2026-10-01,saga,10,30,三連複,8-10-11,283.6,283.6,85,https://www.keiba.go.jp/KeibaWeb/TodayRaceInfo/Odds3LenFuku?k_babaCode=32&k_raceDate=2026%2F10%2F01&k_raceNo=10
2026-10-01 20:15:19,20:14,2026-10-01,saga,10,30,三連複,8-11-13,283.6,283.6,85,https://www.keiba.go.jp/KeibaWeb/TodayRaceInfo/Odds3LenFuku?k_babaCode=32&k_raceDate=2026%2F10%2F01&k_raceNo=10
2026-10-01 20:15:19,20:14,2026-10-01,saga,10,30,三連複,2-6-10,288.1,288.1,89,https://www.keiba.go.jp/KeibaWeb/TodayRaceInfo/Odds3LenFuku?k_babaCode=32&k_raceDate=2026%2F10%2F01&k_raceNo=10
2026-10-01 20:15:19,20:14,2026-10-01,saga,10,30,三連複,3-10-11,292.8,292.8,90,https://www.keiba.go.jp/KeibaWeb/TodayRaceInfo/Odds3LenFuku?k_babaCode=32&k_raceDate=2026%2F10%2F01&k_raceNo=10
2026-10-01 20:15:19,20:14,2026-10-01,saga,10,30,三連複,4-9-14,292.8,292.8,90,https://www.keiba.go.jp/KeibaWeb/TodayRaceInfo/Odds3LenFuku?k_babaCode=32&k_raceDate=2026%2F10%2F01&k_raceNo=10
2026-10-01 20:15:19,20:14,2026-10-01,saga,10,30,三連複,2-6-13,307.6,307.6,92,https://www.keiba.go.jp/KeibaWeb/TodayRaceInfo/Odds3LenFuku?k_babaCode=32&k_raceDate=2026%2F10%2F01&k_raceNo=10
2026-10-01 20:15:19,20:14,2026-10-01,saga,10,30,三連複,4-6-9,307.6,307.6,92,https://www.keiba.go.jp/KeibaWeb/TodayRaceInfo/Odds3LenFuku?k_babaCode=32&k_raceDate=2026%2F10%2F01&k_raceNo=10
2026-10-01 20:15:19,20:14,2026-10-01,saga,10,30,三連複,1-4-14,318.4,318.4,94,https://www.keiba.go.jp/KeibaWeb/TodayRaceInfo/Odds3LenFuku?k_babaCode=32&k_raceDate=2026%2F10%2F01&k_raceNo=10
2026-10-01 20:15:19,20:14,2026-10-01,saga,10,30,三連複,2-4-9,318.4,318.4,94,https://www.keiba.go.jp/KeibaWeb/TodayRaceInfo/Odds3LenFuku?k_babaCode=32&k_raceDate=2026%2F10%2F01&k_raceNo=10
2026-10-01 20:15:19,20:14,2026-10-01,saga,10,30,三連複,3-9-10,318.4,318.4,94,https://www.keiba.go.jp/KeibaWeb/TodayRaceInfo/Odds3LenFuku?k_babaCode=32&k_raceDate=2026%2F10%2F01&k_raceNo=10
2026-10-01 20:15:19,20:14,2026-10-01,saga,10,30,三連複,1-2-7,336.1,336.1,97,https://www.keiba.go.jp/KeibaWeb/TodayRaceInfo/Odds3LenFuku?k_babaCode=32&k_raceDate=2026%2F10%2F01&k_raceNo=10
2026-10-01 20:15:19,20:14,2026-10-01,saga,10,30,三連複,1-8-10,342.5,342.5,98,https://www.keiba.go.jp/KeibaWeb/TodayRaceInfo/Odds3LenFuku?k_babaCode=32&k_raceDate=2026%2F10%2F01&k_raceNo=10
2026-10-01 20:15:19,20:14,2026-10-01,saga,10,30,三連複,1-4-6,349.1,349.1,99,https://www.keiba.go.jp/KeibaWeb/TodayRaceInfo/Odds3LenFuku?k_babaCode=32&k_raceDate=2026%2F10%2F01&k_raceNo=10
2026-10-01 20:15:19,20:14,2026-10-01,saga,10,30,三連複,1-7-9,349.1,349.1,99,https://www.keiba.go.jp/KeibaWeb/TodayRaceInfo/Odds3LenFuku?k_babaCode=32&k_raceDate=2026%2F10%2F01&k_raceNo=10
2026-10-01 20:15:19,20:14,2026-10-01,saga,10,30,三連複,2-4-14,349.1,349.1,99,https://www.keiba.go.jp/KeibaWeb/TodayRaceInfo/Odds3LenFuku?k_babaCode=32&k_raceDate=2026%2F10%2F01&k_raceNo=10
2026-10-01 20:15:19,20:14,2026-10-01,saga,10,30,三連複,2-8-10,349.1,349.1,99,https://www.keiba.go.jp/KeibaWeb/TodayRaceInfo/Odds3LenFuku?k_babaCode=32&k_raceDate=2026%2F10%2F01&k_raceNo=10
2026-10-01 20:15:19,20:14,2026-10-01,saga,10,30,三連複,6-9-14,355.9,355.9,103,https://www.keiba.go.jp/KeibaWeb/TodayRaceInfo/Odds3LenFuku?k_babaCode=32&k_raceDate=2026%2F10%2F01&k_raceNo=10
2026-10-01 20:15:19,20:14,2026-10-01,saga,10,30,三連複,10-11-12,355.9,355.9,103,https://www.keiba.go.jp/KeibaWeb/TodayRaceInfo/Odds3LenFuku?k_babaCode=32&k_raceDate=2026%2F10%2F01&k_raceNo=10
2026-10-01 20:15:19,20:14,2026-10-01,saga,10,30,三連複,4-6-14,363.0,363.0,105,https://www.keiba.go.jp/KeibaWeb/TodayRaceInfo/Odds3LenFuku?k_babaCode=32&k_raceDate=2026%2F10%2F01&k_raceNo=10
2026-10-01 20:15:19,20:14,2026-10-01,saga,10,30,三連複,9-11-14,363.0,363.0,105,https://www.keiba.go.jp/KeibaWeb/TodayRaceInfo/Odds3LenFuku?k_babaCode=32&k_raceDate=2026%2F10%2F01&k_raceNo=10
2026-10-01 20:15:19,20:14,2026-10-01,saga,10,30,三連複,6-7-10,370.4,370.4,107,https://www.keiba.go.jp/KeibaWeb/TodayRaceInfo/Odds3LenFuku?k_babaCode=32&k_raceDate=2026%2F10%2F01&k_raceNo=10
2026-10-01 20:15:19,20:14,2026-10-01,saga,10,30,三連複,6-10-14,370.4,370.4,107,https://www.keiba.go.jp/KeibaWeb/TodayRaceInfo/Odds3LenFuku?k_babaCode=32&k_raceDate=2026%2F10%2F01&k_raceNo=10
2026-10-01 20:15:19,20:14,2026-10-01,saga,10,30,三連複,1-2-6,378.2,378.2,109,https://www.keiba.go.jp/KeibaWeb/TodayRaceInfo/Odds3LenFuku?k_babaCode=32&k_raceDate=2026%2F10%2F01&k_raceNo=10
2026-10-01 20:15:19,20:14,2026-10-01,saga,10,30,三連複,1-3-10,378.2,378.2,109,https://www.keiba.go.jp/KeibaWeb/TodayRaceInfo/Odds3LenFuku?k_babaCode=32&k_raceDate=2026%2F10%2F01&k_raceNo=10
2026-10-01 20:15:19,20:14,2026-10-01,saga,10,30,三連複,4-7-9,378.2,378.2,109,https://www.keiba.go.jp/KeibaWeb/TodayRaceInfo/Odds3LenFuku?k_babaCode=32&k_raceDate=2026%2F10%2F01&k_raceNo=10
2026-10-01 20:15:19,20:14,2026-10-01,saga,10,30,三連複,7-9-11,378.2,378.2,109,https://www.keiba.go.jp/KeibaWeb/TodayRaceInfo/Odds3LenFuku?k_babaCode=32&k_raceDate=2026%2F10%2F01&k_raceNo=10
2026-10-01 20:15:19,20:14,2026-10-01,saga,10,30,三連複,8-9-10,378.2,378.2,109,https://www.keiba.go.jp/KeibaWeb/TodayRaceInfo/Odds3LenFuku?k_babaCode=32&k_raceDate=2026%2F10%2F01&k_raceNo=10
2026-10-01 20:15:19,20:14,2026-10-01,saga,10,30,三連複,3-6-13,386.2,386.2,114,https://www.keiba.go.jp/KeibaWeb/TodayRaceInfo/Odds3LenFuku?k_babaCode=32&k_raceDate=2026%2F10%2F01&k_raceNo=10
2026-10-01 20:15:19,20:14,2026-10-01,saga,10,30,三連複,1-4-7,394.6,394.6,115,https://www.keiba.go.jp/KeibaWeb/TodayRaceInfo/Odds3LenFuku?k_babaCode=32&k_raceDate=2026%2F10%2F01&k_raceNo=10
2026-10-01 20:15:19,20:14,2026-10-01,saga,10,30,三連複,2-3-10,403.4,403.4,116,https://www.keiba.go.jp/KeibaWeb/TodayRaceInfo/Odds3LenFuku?k_babaCode=32&k_raceDate=2026%2F10%2F01&k_raceNo=10
2026-10-01 20:15:19,20:14,2026-10-01,saga,10,30,三連複,4-7-14,403.4,403.4,116,https://www.keiba.go.jp/KeibaWeb/TodayRaceInfo/Odds3LenFuku?k_babaCode=32&k_raceDate=2026%2F10%2F01&k_raceNo=10
2026-10-01 20:15:19,20:14,2026-10-01,saga,10,30,三連複,4-12-13,403.4,403.4,116,https://www.keiba.go.jp/KeibaWeb/TodayRaceInfo/Odds3LenFuku?k_babaCode=32&k_raceDate=2026%2F10%2F01&k_raceNo=10
2026-10-01 20:15:19,20:14,2026-10-01,saga,10,30,三連複,4-6-11,412.5,412.5,119,https://www.keiba.go.jp/KeibaWeb/TodayRaceInfo/Odds3LenFuku?k_babaCode=32&k_raceDate=2026%2F10%2F01&k_raceNo=10
2026-10-01 20:15:19,20:14,2026-10-01,saga,10,30,三連複,4-8-10,412.5,412.5,119,https://www.keiba.go.jp/KeibaWeb/TodayRaceInfo/Odds3LenFuku?k_babaCode=32&k_raceDate=2026%2F10%2F01&k_raceNo=10
2026-10-01 20:15:19,20:14,2026-10-01,saga,10,30,三連複,6-9-11,422.1,422.1,121,https://www.keiba.go.jp/KeibaWeb/TodayRaceInfo/Odds3LenFuku?k_babaCode=32&k_raceDate=2026%2F10%2F01&k_raceNo=10
2026-10-01 20:15:19,20:14,2026-10-01,saga,10,30,三連複,1-9-14,432.2,432.2,122,https://www.keiba.go.jp/KeibaWeb/TodayRaceInfo/Odds3LenFuku?k_babaCode=32&k_raceDate=2026%2F10%2F01&k_raceNo=10
2026-10-01 20:15:19,20:14,2026-10-01,saga,10,30,三連複,1-12-13,432.2,432.2,122,https://www.keiba.go.jp/KeibaWeb/TodayRaceInfo/Odds3LenFuku?k_babaCode=32&k_raceDate=2026%2F10%2F01&k_raceNo=10
2026-10-01 20:15:19,20:14,2026-10-01,saga,10,30,三連複,2-7-9,432.2,432.2,122,https://www.keiba.go.jp/KeibaWeb/TodayRaceInfo/Odds3LenFuku?k_babaCode=32&k_raceDate=2026%2F10%2F01&k_raceNo=10
2026-10-01 20:15:19,20:14,2026-10-01,saga,10,30,三連複,6-7-9,432.2,432.2,122,https://www.keiba.go.jp/KeibaWeb/TodayRaceInfo/Odds3LenFuku?k_babaCode=32&k_raceDate=2026%2F10%2F01&k_raceNo=10
2026-10-01 20:15:19,20:14,2026-10-01,saga,10,30,三連複,3-7-10,442.7,442.7,126,https://www.keiba.go.jp/KeibaWeb/TodayRaceInfo/Odds3LenFuku?k_babaCode=32&k_raceDate=2026%2F10%2F01&k_raceNo=10
2026-10-01 20:15:19,20:14,2026-10-01,saga,10,30,三連複,2-10-12,465.4,465.4,127,https://www.keiba.go.jp/KeibaWeb/TodayRaceInfo/Odds3LenFuku?k_babaCode=32&k_raceDate=2026%2F10%2F01&k_raceNo=10
2026-10-01 20:15:19,20:14,2026-10-01,saga,10,30,三連複,12-13-14,465.4,465.4,127,https://www.keiba.go.jp/KeibaWeb/TodayRaceInfo/Odds3LenFuku?k_babaCode=32&k_raceDate=2026%2F10%2F01&k_raceNo=10
2026-10-01 20:15:19,20:14,2026-10-01,saga,10,30,三連複,2-7-14,477.7,477.7,129,https://www.keiba.go.jp/KeibaWeb/TodayRaceInfo/Odds3LenFuku?k_babaCode=32&k_raceDate=2026%2F10%2F01&k_raceNo=10
2026-10-01 20:15:19,20:14,2026-10-01,saga,10,30,三連複,3-7-13,477.7,477.7,129,https://www.keiba.go.jp/KeibaWeb/TodayRaceInfo/Odds3LenFuku?k_babaCode=32&k_raceDate=2026%2F10%2F01&k_raceNo=10
2026-10-01 20:15:19,20:14,2026-10-01,saga,10,30,三連複,2-3-13,490.6,490.6,131,https://www.keiba.go.jp/KeibaWeb/TodayRaceInfo/Odds3LenFuku?k_babaCode=32&k_raceDate=2026%2F10%2F01&k_raceNo=10
2026-10-01 20:15:19,20:14,2026-10-01,saga,10,30,三連複,2-4-6,490.6,490.6,131,https://www.keiba.go.jp/KeibaWeb/TodayRaceInfo/Odds3LenFuku?k_babaCode=32&k_raceDate=2026%2F10%2F01&k_raceNo=10
2026-10-01 20:15:19,20:14,2026-10-01,saga,10,30,三連複,2-6-9,490.6,490.6,131,https://www.keiba.go.jp/KeibaWeb/TodayRaceInfo/Odds3LenFuku?k_babaCode=32&k_raceDate=2026%2F10%2F01&k_raceNo=10
2026-10-01 20:15:19,20:14,2026-10-01,saga,10,30,三連複,2-9-14,490.6,490.6,131,https://www.keiba.go.jp/KeibaWeb/TodayRaceInfo/Odds3LenFuku?k_babaCode=32&k_raceDate=2026%2F10%2F01&k_raceNo=10
2026-10-01 20:15:19,20:14,2026-10-01,saga,10,30,三連複,9-10-12,490.6,490.6,131,https://www.keiba.go.jp/KeibaWeb/TodayRaceInfo/Odds3LenFuku?k_babaCode=32&k_raceDate=2026%2F10%2F01&k_raceNo=10
2026-10-01 20:15:19,20:14,2026-10-01,saga,10,30,三連複,1-2-3,504.2,504.2,136,https://www.keiba.go.jp/KeibaWeb/TodayRaceInfo/Odds3LenFuku?k_babaCode=32&k_raceDate=2026%2F10%2F01&k_raceNo=10
2026-10-01 20:15:19,20:14,2026-10-01,saga,10,30,三連複,1-10-12,504.2,504.2,136,https://www.keiba.go.jp/KeibaWeb/TodayRaceInfo/Odds3LenFuku?k_babaCode=32&k_raceDate=2026%2F10%2F01&k_raceNo=10
2026-10-01 20:15:19,20:14,2026-10-01,saga,10,30,三連複,2-5-10,504.2,504.2,136,https://www.keiba.go.jp/KeibaWeb/TodayRaceInfo/Odds3LenFuku?k_babaCode=32&k_raceDate=2026%2F10%2F01&k_raceNo=10
2026-10-01 20:15:19,20:14,2026-10-01,saga,10,30,三連複,1-3-4,518.6,518.6,139,https://www.keiba.go.jp/KeibaWeb/TodayRaceInfo/Odds3LenFuku?k_babaCode=32&k_raceDate=2026%2F10%2F01&k_raceNo=10
2026-10-01 20:15:19,20:14,2026-10-01,saga,10,30,三連複,1-6-9,518.6,518.6,139,https://www.keiba.go.jp/KeibaWeb/TodayRaceInfo/Odds3LenFuku?k_babaCode=32&k_raceDate=2026%2F10%2F01&k_raceNo=10
2026-10-01 20:15:19,20:14,2026-10-01,saga,10,30,三連複,3-4-7,518.6,518.6,139,https://www.keiba.go.jp/KeibaWeb/TodayRaceInfo/Odds3LenFuku?k_babaCode=32&k_raceDate=2026%2F10%2F01&k_raceNo=10
2026-10-01 20:15:19,20:14,2026-10-01,saga,10,30,三連複,3-13-14,518.6,518.6,139,https://www.keiba.go.jp/KeibaWeb/TodayRaceInfo/Odds3LenFuku?k_babaCode=32&k_raceDate=2026%2F10%2F01&k_raceNo=10
2026-10-01 20:15:19,20:14,2026-10-01,saga,10,30,三連複,1-6-11,533.9,533.9,143,https://www.keiba.go.jp/KeibaWeb/TodayRaceInfo/Odds3LenFuku?k_babaCode=32&k_raceDate=2026%2F10%2F01&k_raceNo=10
2026-10-01 20:15:19,20:14,2026-10-01,saga,10,30,三連複,4-6-7,533.9,533.9,143,https://www.keiba.go.jp/KeibaWeb/TodayRaceInfo/Odds3LenFuku?k_babaCode=32&k_raceDate=2026%2F10%2F01&k_raceNo=10
2026-10-01 20:15:19,20:14,2026-10-01,saga,10,30,三連複,7-8-13,533.9,533.9,143,https://www.keiba.go.jp/KeibaWeb/TodayRaceInfo/Odds3LenFuku?k_babaCode=32&k_raceDate=2026%2F10%2F01&k_raceNo=10
2026-10-01 20:15:19,20:14,2026-10-01,saga,10,30,三連複,7-11-14,533.9,533.9,143,https://www.keiba.go.jp/KeibaWeb/TodayRaceInfo/Odds3LenFuku?k_babaCode=32&k_raceDate=2026%2F10%2F01&k_raceNo=10
2026-10-01 20:15:19,20:14,2026-10-01,saga,10,30,三連複,1-7-11,550.1,550.1,147,https://www.keiba.go.jp/KeibaWeb/TodayRaceInfo/Odds3LenFuku?k_babaCode=32&k_raceDate=2026%2F10%2F01&k_raceNo=10
2026-10-01 20:15:19,20:14,2026-10-01,saga,10,30,三連複,1-11-14,550.1,550.1,147,https://www.keiba.go.jp/KeibaWeb/TodayRaceInfo/Odds3LenFuku?k_babaCode=32&k_raceDate=2026%2F10%2F01&k_raceNo=10
2026-10-01 20:15:19,20:14,2026-10-01,saga,10,30,三連複,2-11-14,550.1,550.1,147,https://www.keiba.go.jp/KeibaWeb/TodayRaceInfo/Odds3LenFuku?k_babaCode=32&k_raceDate=2026%2F10%2F01&k_raceNo=10
2026-10-01 20:15:19,20:14,2026-10-01,saga,10,30,三連複,1-6-7,585.6,585.6,150,https://www.keiba.go.jp/KeibaWeb/TodayRaceInfo/Odds3LenFuku?k_babaCode=32&k_raceDate=2026%2F10%2F01&k_raceNo=10
2026-10-01 20:15:19,20:14,2026-10-01,saga,10,30,三連複,2-6-7,585.6,585.6,150,https://www.keiba.go.jp/KeibaWeb/TodayRaceInfo/Odds3LenFuku?k_babaCode=32&k_raceDate=2026%2F10%2F01&k_raceNo=10
2026-10-01 20:15:19,20:14,2026-10-01,saga,10,30,三連複,2-8-13,585.6,585.6,150,https://www.keiba.go.jp/KeibaWeb/TodayRaceInfo/Odds3LenFuku?k_babaCode=32&k_raceDate=2026%2F10%2F01&k_raceNo=10
2026-10-01 20:15:19,20:14,2026-10-01,saga,10,30,三連複,3-10-14,585.6,585.6,150,https://www.keiba.go.jp/KeibaWeb/TodayRaceInfo/Odds3LenFuku?k_babaCode=32&k_raceDate=2026%2F10%2F01&k_raceNo=10
2026-10-01 20:15:19,20:14,2026-10-01,saga,10,30,三連複,4-10-12,585.6,585.6,150,https://www.keiba.go.jp/KeibaWeb/TodayRaceInfo/Odds3LenFuku?k_babaCode=32&k_raceDate=2026%2F10%2F01&k_raceNo=10
2026-10-01 20:15:19,20:14,2026-10-01,saga,10,30,三連複,5-9-13,585.6,585.6,150,https://www.keiba.go.jp/KeibaWeb/TodayRaceInfo/Odds3LenFuku?k_babaCode=32&k_raceDate=2026%2F10%2F01&k_raceNo=10
2026-10-01 20:15:19,20:14,2026-10-01,saga,10,30,三連複,6-8-13,585.6,585.6,150,https://www.keiba.go.jp/KeibaWeb/TodayRaceInfo/Odds3LenFuku?k_babaCode=32&k_raceDate=2026%2F10%2F01&k_raceNo=10
2026-10-01 20:15:19,20:14,2026-10-01,saga,10,30,三連複,2-7-11,605.1,605.1,157,https://www.keiba.go.jp/KeibaWeb/TodayRaceInfo/Odds3LenFuku?k_babaCode=32&k_raceDate=2026%2F10%2F01&k_raceNo=10
2026-10-01 20:15:19,20:14,2026-10-01,saga,10,30,三連複,3-4-11,605.1,605.1,157,https://www.keiba.go.jp/KeibaWeb/TodayRaceInfo/Odds3LenFuku?k_babaCode=32&k_raceDate=2026%2F10%2F01&k_raceNo=10
2026-10-01 20:15:19,20:14,2026-10-01,saga,10,30,三連複,7-8-10,605.1,605.1,157,https://www.keiba.go.jp/KeibaWeb/TodayRaceInfo/Odds3LenFuku?k_babaCode=32&k_raceDate=2026%2F10%2F01&k_raceNo=10
2026-10-01 20:15:19,20:14,2026-10-01,saga,10,30,三連複,1-2-14,626.0,626.0,160,https://www.keiba.go.jp/KeibaWeb/TodayRaceInfo/Odds3LenFuku?k_babaCode=32&k_raceDate=2026%2F10%2F01&k_raceNo=10
2026-10-01 20:15:19,20:14,2026-10-01,saga,10,30,三連複,1-2-5,672.3,672.3,161,https://www.keiba.go.jp/KeibaWeb/TodayRaceInfo/Odds3LenFuku?k_babaCode=32&k_raceDate=2026%2F10%2F01&k_raceNo=10
2026-10-01 20:15:19,20:14,2026-10-01,saga,10,30,三連複,2-3-7,672.3,672.3,161,https://www.keiba.go.jp/KeibaWeb/TodayRaceInfo/Odds3LenFuku?k_babaCode=32&k_raceDate=2026%2F10%2F01&k_raceNo=10
2026-10-01 20:15:19,20:14,2026-10-01,saga,10,30,三連複,2-5-9,672.3,672.3,161,https://www.keiba.go.jp/KeibaWeb/TodayRaceInfo/Odds3LenFuku?k_babaCode=32&k_raceDate=2026%2F10%2F01&k_raceNo=10
2026-10-01 20:15:19,20:14,2026-10-01,saga,10,30,三連複,4-5-13,672.3,672.3,161,https://www.keiba.go.jp/KeibaWeb/TodayRaceInfo/Odds3LenFuku?k_babaCode=32&k_raceDate=2026%2F10%2F01&k_raceNo=10
2026-10-01 20:15:19,20:14,2026-10-01,saga,10,30,三連複,7-9-14,672.3,672.3,161,https://www.keiba.go.jp/KeibaWeb/TodayRaceInfo/Odds3LenFuku?k_babaCode=32&k_raceDate=2026%2F10%2F01&k_raceNo=10
2026-10-01 20:15:19,20:14,2026-10-01,saga,10,30,三連複,8-13-14,672.3,672.3,161,https://www.keiba.go.jp/KeibaWeb/TodayRaceInfo/Odds3LenFuku?k_babaCode=32&k_raceDate=2026%2F10%2F01&k_raceNo=10
2026-10-01 20:15:19,20:14,2026-10-01,saga,10,30,三連複,1-5-13,698.2,698.2,167,https://www.keiba.go.jp/KeibaWeb/TodayRaceInfo/Odds3LenFuku?k_babaCode=32&k_raceDate=2026%2F10%2F01&k_raceNo=10
2026-10-01 20:15:19,20:14,2026-10-01,saga,10,30,三連複,3-8-13,698.2,698.2,167,https://www.keiba.go.jp/KeibaWeb/TodayRaceInfo/Odds3LenFuku?k_babaCode=32&k_raceDate=2026%2F10%2F01&k_raceNo=10
2026-10-01 20:15:19,20:14,2026-10-01,saga,10,30,三連複,4-8-9,698.2,698.2,167,https://www.keiba.go.jp/KeibaWeb/TodayRaceInfo/Odds3LenFuku?k_babaCode=32&k_raceDate=2026%2F10%2F01&k_raceNo=10
2026-10-01 20:15:19,20:14,2026-10-01,saga,10,30,三連複,9-11-12,698.2,698.2,167,https://www.keiba.go.jp/KeibaWeb/TodayRaceInfo/Odds3LenFuku?k_babaCode=32&k_raceDate=2026%2F10%2F01&k_raceNo=10
2026-10-01 20:15:19,20:14,2026-10-01,saga,10,30,三連複,1-4-8,726.1,726.1,171,https://www.keiba.go.jp/KeibaWeb/TodayRaceInfo/Odds3LenFuku?k_babaCode=32&k_raceDate=2026%2F10%2F01&k_raceNo=10
2026-10-01 20:15:19,20:14,2026-10-01,saga,10,30,三連複,1-5-10,726.1,726.1,171,https://www.keiba.go.jp/KeibaWeb/TodayRaceInfo/Odds3LenFuku?k_babaCode=32&k_raceDate=2026%2F10%2F01&k_raceNo=10
2026-10-01 20:15:19,20:14,2026-10-01,saga,10,30,三連複,1-7-14,726.1,726.1,171,https://www.keiba.go.jp/KeibaWeb/TodayRaceInfo/Odds3LenFuku?k_babaCode=32&k_raceDate=2026%2F10%2F01&k_raceNo=10
2026-10-01 20:15:19,20:14,2026-10-01,saga,10,30,三連複,2-3-4,726.1,726.1,171,https://www.keiba.go.jp/KeibaWeb/TodayRaceInfo/Odds3LenFuku?k_babaCode=32&k_raceDate=2026%2F10%2F01&k_raceNo=10
2026-10-01 20:15:19,20:14,2026-10-01,saga,10,30,三連複,2-6-11,726.1,726.1,171,https://www.keiba.go.jp/KeibaWeb/TodayRaceInfo/Odds3LenFuku?k_babaCode=32&k_raceDate=2026%2F10%2F01&k_raceNo=10
2026-10-01 20:15:19,20:14,2026-10-01,saga,10,30,三連複,3-4-9,726.1,726.1,171,https://www.keiba.go.jp/KeibaWeb/TodayRaceInfo/Odds3LenFuku?k_babaCode=32&k_raceDate=2026%2F10%2F01&k_raceNo=10
2026-10-01 20:15:19,20:14,2026-10-01,saga,10,30,三連複,3-5-8,726.1,726.1,171,https://www.keiba.go.jp/KeibaWeb/TodayRaceInfo/Odds3LenFuku?k_babaCode=32&k_raceDate=2026%2F10%2F01&k_raceNo=10
2026-10-01 20:15:19,20:14,2026-10-01,saga,10,30,三連複,4-5-10,726.1,726.1,171,https://www.keiba.go.jp/KeibaWeb/TodayRaceInfo/Odds3LenFuku?k_babaCode=32&k_raceDate=2026%2F10%2F01&k_raceNo=10
2026-10-01 20:15:19,20:14,2026-10-01,saga,10,30,三連複,4-8-14,726.1,726.1,171,https://www.keiba.go.jp/KeibaWeb/TodayRaceInfo/Odds3LenFuku?k_babaCode=32&k_raceDate=2026%2F10%2F01&k_raceNo=10
2026-10-01 20:15:19,20:14,2026-10-01,saga,10,30,三連複,1-7-8,756.4,756.4,180,https://www.keiba.go.jp/KeibaWeb/TodayRaceInfo/Odds3LenFuku?k_babaCode=32&k_raceDate=2026%2F10%2F01&k_raceNo=10
2026-10-01 20:15:19,20:14,2026-10-01,saga,10,30,三連複,2-3-9,756.4,756.4,180,https://www.keiba.go.jp/KeibaWeb/TodayRaceInfo/Odds3LenFuku?k_babaCode=32&k_raceDate=2026%2F10%2F01&k_raceNo=10
2026-10-01 20:15:19,20:14,2026-10-01,saga,10,30,三連複,2-4-5,756.4,756.4,180,https://www.keiba.go.jp/KeibaWeb/TodayRaceInfo/Odds3LenFuku?k_babaCode=32&k_raceDate=2026%2F10%2F01&k_raceNo=10
2026-10-01 20:15:19,20:14,2026-10-01,saga,10,30,三連複,2-12-13,756.4,756.4,180,https://www.keiba.go.jp/KeibaWeb/TodayRaceInfo/Odds3LenFuku?k_babaCode=32&k_raceDate=2026%2F10%2F01&k_raceNo=10
2026-10-01 20:15:19,20:14,2026-10-01,saga,10,30,三連複,6-11-14,756.4,756.4,180,https://www.keiba.go.jp/KeibaWeb/TodayRaceInfo/Odds3LenFuku?k_babaCode=32&k_raceDate=2026%2F10%2F01&k_raceNo=10
2026-10-01 20:15:19,20:14,2026-10-01,saga,10,30,三連複,8-12-13,756.4,756.4,180,https://www.keiba.go.jp/KeibaWeb/TodayRaceInfo/Odds3LenFuku?k_babaCode=32&k_raceDate=2026%2F10%2F01&k_raceNo=10
2026-10-01 20:15:19,20:14,2026-10-01,saga,10,30,三連複,2-4-8,789.3,789.3,186,https://www.keiba.go.jp/KeibaWeb/TodayRaceInfo/Odds3LenFuku?k_babaCode=32&k_raceDate=2026%2F10%2F01&k_raceNo=10
2026-10-01 20:15:19,20:14,2026-10-01,saga,10,30,三連複,2-5-13,789.3,789.3,186,https://www.keiba.go.jp/KeibaWeb/TodayRaceInfo/Odds3LenFuku?k_babaCode=32&k_raceDate=2026%2F10%2F01&k_raceNo=10
2026-10-01 20:15:19,20:14,2026-10-01,saga,10,30,三連複,4-5-9,789.3,789.3,186,https://www.keiba.go.jp/KeibaWeb/TodayRaceInfo/Odds3LenFuku?k_babaCode=32&k_raceDate=2026%2F10%2F01&k_raceNo=10
2026-10-01 20:15:19,20:14,2026-10-01,saga,10,30,三連複,4-8-11,789.3,789.3,186,https://www.keiba.go.jp/KeibaWeb/TodayRaceInfo/Odds3LenFuku?k_babaCode=32&k_raceDate=2026%2F10%2F01&k_raceNo=10
2026-10-01 20:15:19,20:14,2026-10-01,saga,10,30,三連複,6-7-11,789.3,789.3,186,https://www.keiba.go.jp/KeibaWeb/TodayRaceInfo/Odds3LenFuku?k_babaCode=32&k_raceDate=2026%2F10%2F01&k_raceNo=10
2026-10-01 20:15:19,20:14,2026-10-01,saga,10,30,三連複,6-7-14,789.3,789.3,186,https://www.keiba.go.jp/KeibaWeb/TodayRaceInfo/Odds3LenFuku?k_babaCode=32&k_raceDate=2026%2F10%2F01&k_raceNo=10
2026-10-01 20:15:19,20:14,2026-10-01,saga,10,30,三連複,6-8-9,789.3,789.3,186,https://www.keiba.go.jp/KeibaWeb/TodayRaceInfo/Odds3LenFuku?k_babaCode=32&k_raceDate=2026%2F10%2F01&k_raceNo=10
2026-10-01 20:15:19,20:14,2026-10-01,saga,10,30,三連複,1-2-8,825.1,825.1,193,https://www.keiba.go.jp/KeibaWeb/TodayRaceInfo/Odds3LenFuku?k_babaCode=32&k_raceDate=2026%2F10%2F01&k_raceNo=10
2026-10-01 20:15:19,20:14,2026-10-01,saga,10,30,三連複,1-6-14,825.1,825.1,193,https://www.keiba.go.jp/KeibaWeb/TodayRaceInfo/Odds3LenFuku?k_babaCode=32&k_raceDate=2026%2F10%2F01&k_raceNo=10
2026-10-01 20:15:19,20:14,2026-10-01,saga,10,30,三連複,3-4-14,825.1,825.1,193,https://www.keiba.go.jp/KeibaWeb/TodayRaceInfo/Odds3LenFuku?k_babaCode=32&k_raceDate=2026%2F10%2F01&k_raceNo=10
2026-10-01 20:15:19,20:14,2026-10-01,saga,10,30,三連複,3-9-11,825.1,825.1,193,https://www.keiba.go.jp/KeibaWeb/TodayRaceInfo/Odds3LenFuku?k_babaCode=32&k_raceDate=2026%2F10%2F01&k_raceNo=10
2026-10-01 20:15:19,20:14,2026-10-01,saga,10,30,三連複,8-10-14,825.1,825.1,193,https://www.keiba.go.jp/KeibaWeb/TodayRaceInfo/Odds3LenFuku?k_babaCode=32&k_raceDate=2026%2F10%2F01&k_raceNo=10
2026-10-01 20:15:19,20:14,2026-10-01,saga,10,30,三連複,1-8-11,864.4,864.4,198,https://www.keiba.go.jp/KeibaWeb/TodayRaceInfo/Odds3LenFuku?k_babaCode=32&k_raceDate=2026%2F10%2F01&k_raceNo=10
2026-10-01 20:15:19,20:14,2026-10-01,saga,10,30,三連複,2-3-5,864.4,864.4,198,https://www.keiba.go.jp/KeibaWeb/TodayRaceInfo/Odds3LenFuku?k_babaCode=32&k_raceDate=2026%2F10%2F01&k_raceNo=10
2026-10-01 20:15:19,20:14,2026-10-01,saga,10,30,三連複,2-6-14,864.4,864.4,198,https://www.keiba.go.jp/KeibaWeb/TodayRaceInfo/Odds3LenFuku?k_babaCode=32&k_raceDate=2026%2F10%2F01&k_raceNo=10
2026-10-01 20:15:19,20:14,2026-10-01,saga,10,30,三連複,3-12-13,864.4,864.4,198,https://www.keiba.go.jp/KeibaWeb/TodayRaceInfo/Odds3LenFuku?k_babaCode=32&k_raceDate=2026%2F10%2F01&k_raceNo=10
2026-10-01 20:15:19,20:14,2026-10-01,saga,10,30,三連複,5-7-13,864.4,864.4,198,https://www.keiba.go.jp/KeibaWeb/TodayRaceInfo/Odds3LenFuku?k_babaCode=32&k_raceDate=2026%2F10%2F01&k_raceNo=10
2026-10-01 20:15:19,20:14,2026-10-01,saga,10,30,三連複,5-11-13,864.4,864.4,198,https://www.keiba.go.jp/KeibaWeb/TodayRaceInfo/Odds3LenFuku?k_babaCode=32&k_raceDate=2026%2F10%2F01&k_raceNo=10
2026-10-01 20:15:19,20:14,2026-10-01,saga,10,30,三連複,8-9-11,864.4,864.4,198,https://www.keiba.go.jp/KeibaWeb/TodayRaceInfo/Odds3LenFuku?k_babaCode=32&k_raceDate=2026%2F10%2F01&k_raceNo=10
2026-10-01 20:15:19,20:14,2026-10-01,saga,10,30,三連複,2-3-6,907.7,907.7,205,https://www.keiba.go.jp/KeibaWeb/TodayRaceInfo/Odds3LenFuku?k_babaCode=32&k_raceDate=2026%2F10%2F01&k_raceNo=10
2026-10-01 20:15:19,20:14,2026-10-01,saga,10,30,三連複,3-6-9,907.7,907.7,205,https://www.keiba.go.jp/KeibaWeb/TodayRaceInfo/Odds3LenFuku?k_babaCode=32&k_raceDate=2026%2F10%2F01&k_raceNo=10
2026-10-01 20:15:19,20:14,2026-10-01,saga,10,30,三連複,3-6-10,907.7,907.7,205,https://www.keiba.go.jp/KeibaWeb/TodayRaceInfo/Odds3LenFuku?k_babaCode=32&k_raceDate=2026%2F10%2F01&k_raceNo=10
2026-10-01 20:15:19,20:14,2026-10-01,saga,10,30,三連複,4-6-8,907.7,907.7,205,https://www.keiba.go.jp/KeibaWeb/TodayRaceInfo/Odds3LenFuku?k_babaCode=32&k_raceDate=2026%2F10%2F01&k_raceNo=10
2026-10-01 20:15:19,20:14,2026-10-01,saga,10,30,三連複,6-12-13,907.7,907.7,205,https://www.keiba.go.jp/KeibaWeb/TodayRaceInfo/Odds3LenFuku?k_babaCode=32&k_raceDate=2026%2F10%2F01&k_raceNo=10
2026-10-01 20:15:19,20:14,2026-10-01,saga,10,30,三連複,10-12-14,907.7,907.7,205,https://www.keiba.go.jp/KeibaWeb/TodayRaceInfo/Odds3LenFuku?k_babaCode=32&k_raceDate=2026%2F10%2F01&k_raceNo=10
2026-10-01 20:15:19,20:14,2026-10-01,saga,10,30,三連複,1-3-6,955.4,955.4,211,https://www.keiba.go.jp/KeibaWeb/TodayRaceInfo/Odds3LenFuku?k_babaCode=32&k_raceDate=2026%2F10%2F01&k_raceNo=10
2026-10-01 20:15:19,20:14,2026-10-01,saga,10,30,三連複,1-3-9,955.4,955.4,211,https://www.keiba.go.jp/KeibaWeb/TodayRaceInfo/Odds3LenFuku?k_babaCode=32&k_raceDate=2026%2F10%2F01&k_raceNo=10
2026-10-01 20:15:19,20:14,2026-10-01,saga,10,30,三連複,1-4-5,955.4,955.4,211,https://www.keiba.go.jp/KeibaWeb/TodayRaceInfo/Odds3LenFuku?k_babaCode=32&k_raceDate=2026%2F10%2F01&k_raceNo=10
2026-10-01 20:15:19,20:14,2026-10-01,saga,10,30,三連複,4-5-6,955.4,955.4,211,https://www.keiba.go.jp/KeibaWeb/TodayRaceInfo/Odds3LenFuku?k_babaCode=32&k_raceDate=2026%2F10%2F01&k_raceNo=10
2026-10-01 20:15:19,20:14,2026-10-01,saga,10,30,三連複,5-9-10,955.4,955.4,211,https://www.keiba.go.jp/KeibaWeb/TodayRaceInfo/Odds3LenFuku?k_babaCode=32&k_raceDate=2026%2F10%2F01&k_raceNo=10
2026-10-01 20:15:19,20:14,2026-10-01,saga,10,30,三連複,5-10-11,955.4,955.4,211,https://www.keiba.go.jp/KeibaWeb/TodayRaceInfo/Odds3LenFuku?k_babaCode=32&k_raceDate=2026%2F10%2F01&k_raceNo=10
2026-10-01 20:15:19,20:14,2026-10-01,saga,10,30,三連複,5-10-14,955.4,955.4,211,https://www.keiba.go.jp/KeibaWeb/TodayRaceInfo/Odds3LenFuku?k_babaCode=32&k_raceDate=2026%2F10%2F01&k_raceNo=10
2026-10-01 20:15:19,20:14,2026-10-01,saga,10,30,三連複,6-8-10,955.4,955.4,211,https://www.keiba.go.jp/KeibaWeb/TodayRaceInfo/Odds3LenFuku?k_babaCode=32&k_raceDate=2026%2F10%2F01&k_raceNo=10
2026-10-01 20:15:19,20:14,2026-10-01,saga,10,30,三連複,11-12-14,955.4,955.4,211,https://www.keiba.go.jp/KeibaWeb/TodayRaceInfo/Odds3LenFuku?k_babaCode=32&k_raceDate=2026%2F10%2F01&k_raceNo=10
2026-10-01 20:15:19,20:14,2026-10-01,saga,10,30,三連複,1-3-11,1008.5,1008.5,220,https://www.keiba.go.jp/KeibaWeb/TodayRaceInfo/Odds3LenFuku?k_babaCode=32&k_raceDate=2026%2F10%2F01&k_raceNo=10
2026-10-01 20:15:19,20:14,2026-10-01,saga,10,30,三連複,1-11-12,1008.5,1008.5,220,https://www.keiba.go.jp/KeibaWeb/TodayRaceInfo/Odds3LenFuku?k_babaCode=32&k_raceDate=2026%2F10%2F01&k_raceNo=10
2026-10-01 20:15:19,20:14,2026-10-01,saga,10,30,三連複,2-8-9,1008.5,1008.5,220,https://www.keiba.go.jp/KeibaWeb/TodayRaceInfo/Odds3LenFuku?k_babaCode=32&k_raceDate=2026%2F10%2F01&k_raceNo=10
2026-10-01 20:15:19,20:14,2026-10-01,saga,10,30,三連複,3-4-6,1008.5,1008.5,220,https://www.keiba.go.jp/KeibaWeb/TodayRaceInfo/Odds3LenFuku?k_babaCode=32&k_raceDate=2026%2F10%2F01&k_raceNo=10
2026-10-01 20:15:19,20:14,2026-10-01,saga,10,30,三連複,5-6-10,1008.5,1008.5,220,https://www.keiba.go.jp/KeibaWeb/TodayRaceInfo/Odds3LenFuku?k_babaCode=32&k_raceDate=2026%2F10%2F01&k_raceNo=10
2026-10-01 20:15:19,20:14,2026-10-01,saga,10,30,三連複,5-7-10,1008.5,1008.5,220,https://www.keiba.go.jp/KeibaWeb/TodayRaceInfo/Odds3LenFuku?k_babaCode=32&k_raceDate=2026%2F10%2F01&k_raceNo=10
2026-10-01 20:15:19,20:14,2026-10-01,saga,10,30,三連複,7-8-9,1008.5,1008.5,220,https://www.keiba.go.jp/KeibaWeb/TodayRaceInfo/Odds3LenFuku?k_babaCode=32&k_raceDate=2026%2F10%2F01&k_raceNo=10
2026-10-01 20:15:19,20:14,2026-10-01,saga,10,30,三連複,1-2-12,1067.8,1067.8,227,https://www.keiba.go.jp/KeibaWeb/TodayRaceInfo/Odds3LenFuku?k_babaCode=32&k_raceDate=2026%2F10%2F01&k_raceNo=10
2026-10-01 20:15:19,20:14,2026-10-01,saga,10,30,三連複,2-5-7,1067.8,1067.8,227,https://www.keiba.go.jp/KeibaWeb/TodayRaceInfo/Odds3LenFuku?k_babaCode=32&k_raceDate=2026%2F10%2F01&k_raceNo=10
2026-10-01 20:15:19,20:14,2026-10-01,saga,10,30,三連複,2-7-8,1067.8,1067.8,227,https://www.keiba.go.jp/KeibaWeb/TodayRaceInfo/Odds3LenFuku?k_babaCode=32&k_raceDate=2026%2F10%2F01&k_raceNo=10
2026-10-01 20:15:19,20:14,2026-10-01,saga,10,30,三連複,3-6-14,1067.8,1067.8,227,https://www.keiba.go.jp/KeibaWeb/TodayRaceInfo/Odds3LenFuku?k_babaCode=32&k_raceDate=2026%2F10%2F01&k_raceNo=10
2026-10-01 20:15:19,20:14,2026-10-01,saga,10,30,三連複,3-8-10,1067.8,1067.8,227,https://www.keiba.go.jp/KeibaWeb/TodayRaceInfo/Odds3LenFuku?k_babaCode=32&k_raceDate=2026%2F10%2F01&k_raceNo=10
2026-10-01 20:15:19,20:14,2026-10-01,saga,10,30,三連複,6-12-14,1067.8,1067.8,227,https://www.keiba.go.jp/KeibaWeb/TodayRaceInfo/Odds3LenFuku?k_babaCode=32&k_raceDate=2026%2F10%2F01&k_raceNo=10
2026-10-01 20:15:19,20:14,2026-10-01,saga,10,30,三連複,1-3-5,1134.6,1134.6,233,https://www.keiba.go.jp/KeibaWeb/TodayRaceInfo/Odds3LenFuku?k_babaCode=32&k_raceDate=2026%2F10%2F01&k_raceNo=10
2026-10-01 20:15:19,20:14,2026-10-01,saga,10,30,三連複,1-8-9,1134.6,1134.6,233,https://www.keiba.go.jp/KeibaWeb/TodayRaceInfo/Odds3LenFuku?k_babaCode=32&k_raceDate=2026%2F10%2F01&k_raceNo=10
2026-10-01 20:15:19,20:14,2026-10-01,saga,10,30,三連複,2-6-8,1134.6,1134.6,233,https://www.keiba.go.jp/KeibaWeb/TodayRaceInfo/Odds3LenFuku?k_babaCode=32&k_raceDate=2026%2F10%2F01&k_raceNo=10
2026-10-01 20:15:19,20:14,2026-10-01,saga,10,30,三連複,4-5-14,1134.6,1134.6,233,https://www.keiba.go.jp/KeibaWeb/TodayRaceInfo/Odds3LenFuku?k_babaCode=32&k_raceDate=2026%2F10%2F01&k_raceNo=10
2026-10-01 20:15:19,20:14,2026-10-01,saga,10,30,三連複,5-7-9,1134.6,1134.6,233,https://www.keiba.go.jp/KeibaWeb/TodayRaceInfo/Odds3LenFuku?k_babaCode=32&k_raceDate=2026%2F10%2F01&k_raceNo=10
2026-10-01 20:15:19,20:14,2026-10-01,saga,10,30,三連複,6-9-12,1134.6,1134.6,233,https://www.keiba.go.jp/KeibaWeb/TodayRaceInfo/Odds3LenFuku?k_babaCode=32&k_raceDate=2026%2F10%2F01&k_raceNo=10
2026-10-01 20:15:19,20:14,2026-10-01,saga,10,30,三連複,6-10-12,1134.6,1134.6,233,https://www.keiba.go.jp/KeibaWeb/TodayRaceInfo/Odds3LenFuku?k_babaCode=32&k_raceDate=2026%2F10%2F01&k_raceNo=10
2026-10-01 20:15:19,20:14,2026-10-01,saga,10,30,三連複,1-3-7,1210.2,1210.2,240,https://www.keiba.go.jp/KeibaWeb/TodayRaceInfo/Odds3LenFuku?k_babaCode=32&k_raceDate=2026%2F10%2F01&k_raceNo=10
2026-10-01 20:15:19,20:14,2026-10-01,saga,10,30,三連複,1-6-8,1210.2,1210.2,240,https://www.keiba.go.jp/KeibaWeb/TodayRaceInfo/Odds3LenFuku?k_babaCode=32&k_raceDate=2026%2F10%2F01&k_raceNo=10
2026-10-01 20:15:19,20:14,2026-10-01,saga,10,30,三連複,4-5-7,1210.2,1210.2,240,https://www.keiba.go.jp/KeibaWeb/TodayRaceInfo/Odds3LenFuku?k_babaCode=32&k_raceDate=2026%2F10%2F01&k_raceNo=10
2026-10-01 20:15:19,20:14,2026-10-01,saga,10,30,三連複,4-9-12,1210.2,1210.2,240,https://www.keiba.go.jp/KeibaWeb/TodayRaceInfo/Odds3LenFuku?k_babaCode=32&k_raceDate=2026%2F10%2F01&k_raceNo=10
2026-10-01 20:15:19,20:14,2026-10-01,saga,10,30,三連複,4-11-12,1210.2,1210.2,240,https://www.keiba.go.jp/KeibaWeb/TodayRaceInfo/Odds3LenFuku?k_babaCode=32&k_raceDate=2026%2F10%2F01&k_raceNo=10
2026-10-01 20:15:19,20:14,2026-10-01,saga,10,30,三連複,4-12-14,1210.2,1210.2,240,https://www.keiba.go.jp/KeibaWeb/TodayRaceInfo/Odds3LenFuku?k_babaCode=32&k_raceDate=2026%2F10%2F01&k_raceNo=10
2026-10-01 20:15:19,20:14,2026-10-01,saga,10,30,三連複,5-8-13,1210.2,1210.2,240,https://www.keiba.go.jp/KeibaWeb/TodayRaceInfo/Odds3LenFuku?k_babaCode=32&k_raceDate=2026%2F10%2F01&k_raceNo=10
2026-10-01 20:15:19,20:14,2026-10-01,saga,10,30,三連複,5-13-14,1210.2,1210.2,240,https://www.keiba.go.jp/KeibaWeb/TodayRaceInfo/Odds3LenFuku?k_babaCode=32&k_raceDate=2026%2F10%2F01&k_raceNo=10
2026-10-01 20:15:19,20:14,2026-10-01,saga,10,30,三連複,6-8-14,1210.2,1210.2,240,https://www.keiba.go.jp/KeibaWeb/TodayRaceInfo/Odds3LenFuku?k_babaCode=32&k_raceDate=2026%2F10%2F01&k_raceNo=10
2026-10-01 20:15:19,20:14,2026-10-01,saga,10,30,三連複,8-11-12,1210.2,1210.2,240,https://www.keiba.go.jp/KeibaWeb/TodayRaceInfo/Odds3LenFuku?k_babaCode=32&k_raceDate=2026%2F10%2F01&k_raceNo=10
2026-10-01 20:15:19,20:14,2026-10-01,saga,10,30,三連複,1-6-12,1296.7,1296.7,250,https://www.keiba.go.jp/KeibaWeb/TodayRaceInfo/Odds3LenFuku?k_babaCode=32&k_raceDate=2026%2F10%2F01&k_raceNo=10
2026-10-01 20:15:19,20:14,2026-10-01,saga,10,30,三連複,2-8-11,1296.7,1296.7,250,https://www.keiba.go.jp/KeibaWeb/TodayRaceInfo/Odds3LenFuku?k_babaCode=32&k_raceDate=2026%2F10%2F01&k_raceNo=10
2026-10-01 20:15:19,20:14,2026-10-01,saga,10,30,三連複,2-11-12,1296.7,1296.7,250,https://www.keiba.go.jp/KeibaWeb/TodayRaceInfo/Odds3LenFuku?k_babaCode=32&k_raceDate=2026%2F10%2F01&k_raceNo=10
2026-10-01 20:15:19,20:14,2026-10-01,saga,10,30,三連複,3-7-11,1296.7,1296.7,250,https://www.keiba.go.jp/KeibaWeb/TodayRaceInfo/Odds3LenFuku?k_babaCode=32&k_raceDate=2026%2F10%2F01&k_raceNo=10
2026-10-01 20:15:19,20:14,2026-10-01,saga,10,30,三連複,3-7-14,1296.7,1296.7,250,https://www.keiba.go.jp/KeibaWeb/TodayRaceInfo/Odds3LenFuku?k_babaCode=32&k_raceDate=2026%2F10%2F01&k_raceNo=10
2026-10-01 20:15:19,20:14,2026-10-01,saga,10,30,三連複,3-8-12,1296.7,1296.7,250,https://www.keiba.go.jp/KeibaWeb/TodayRaceInfo/Odds3LenFuku?k_babaCode=32&k_raceDate=2026%2F10%2F01&k_raceNo=10
2026-10-01 20:15:19,20:14,2026-10-01,saga,10,30,三連複,4-7-8,1296.7,1296.7,250,https://www.keiba.go.jp/KeibaWeb/TodayRaceInfo/Odds3LenFuku?k_babaCode=32&k_raceDate=2026%2F10%2F01&k_raceNo=10
2026-10-01 20:15:19,20:14,2026-10-01,saga,10,30,三連複,9-12-14,1296.7,1296.7,250,https://www.keiba.go.jp/KeibaWeb/TodayRaceInfo/Odds3LenFuku?k_babaCode=32&k_raceDate=2026%2F10%2F01&k_raceNo=10
2026-10-01 20:15:19,20:14,2026-10-01,saga,10,30,三連複,1-5-6,1396.4,1396.4,258,https://www.keiba.go.jp/KeibaWeb/TodayRaceInfo/Odds3LenFuku?k_babaCode=32&k_raceDate=2026%2F10%2F01&k_raceNo=10
2026-10-01 20:15:19,20:14,2026-10-01,saga,10,30,三連複,2-3-11,1396.4,1396.4,258,https://www.keiba.go.jp/KeibaWeb/TodayRaceInfo/Odds3LenFuku?k_babaCode=32&k_raceDate=2026%2F10%2F01&k_raceNo=10
2026-10-01 20:15:19,20:14,2026-10-01,saga,10,30,三連複,3-9-14,1396.4,1396.4,258,https://www.keiba.go.jp/KeibaWeb/TodayRaceInfo/Odds3LenFuku?k_babaCode=32&k_raceDate=2026%2F10%2F01&k_raceNo=10
2026-10-01 20:15:19,20:14,2026-10-01,saga,10,30,三連複,3-11-14,1396.4,1396.4,258,https://www.keiba.go.jp/KeibaWeb/TodayRaceInfo/Odds3LenFuku?k_babaCode=32&k_raceDate=2026%2F10%2F01&k_raceNo=10
2026-10-01 20:15:19,20:14,2026-10-01,saga,10,30,三連複,5-6-9,1396.4,1396.4,258,https://www.keiba.go.jp/KeibaWeb/TodayRaceInfo/Odds3LenFuku?k_babaCode=32&k_raceDate=2026%2F10%2F01&k_raceNo=10
2026-10-01 20:15:19,20:14,2026-10-01,saga,10,30,三連複,5-6-13,1396.4,1396.4,258,https://www.keiba.go.jp/KeibaWeb/TodayRaceInfo/Odds3LenFuku?k_babaCode=32&k_raceDate=2026%2F10%2F01&k_raceNo=10
2026-10-01 20:15:19,20:14,2026-10-01,saga,10,30,三連複,6-8-11,1396.4,1396.4,258,https://www.keiba.go.jp/KeibaWeb/TodayRaceInfo/Odds3LenFuku?k_babaCode=32&k_raceDate=2026%2F10%2F01&k_raceNo=10
2026-10-01 20:15:19,20:14,2026-10-01,saga,10,30,三連複,7-9-12,1396.4,1396.4,258,https://www.keiba.go.jp/KeibaWeb/TodayRaceInfo/Odds3LenFuku?k_babaCode=32&k_raceDate=2026%2F10%2F01&k_raceNo=10
2026-10-01 20:15:19,20:14,2026-10-01,saga,10,30,三連複,7-10-12,1396.4,1396.4,258,https://www.keiba.go.jp/KeibaWeb/TodayRaceInfo/Odds3LenFuku?k_babaCode=32&k_raceDate=2026%2F10%2F01&k_raceNo=10
2026-10-01 20:15:19,20:14,2026-10-01,saga,10,30,三連複,2-5-8,1512.8,1512.8,267,https://www.keiba.go.jp/KeibaWeb/TodayRaceInfo/Odds3LenFuku?k_babaCode=32&k_raceDate=2026%2F10%2F01&k_raceNo=10
2026-10-01 20:15:19,20:14,2026-10-01,saga,10,30,三連複,2-9-12,1512.8,1512.8,267,https://www.keiba.go.jp/KeibaWeb/TodayRaceInfo/Odds3LenFuku?k_babaCode=32&k_raceDate=2026%2F10%2F01&k_raceNo=10
2026-10-01 20:15:19,20:14,2026-10-01,saga,10,30,三連複,2-12-14,1512.8,1512.8,267,https://www.keiba.go.jp/KeibaWeb/TodayRaceInfo/Odds3LenFuku?k_babaCode=32&k_raceDate=2026%2F10%2F01&k_raceNo=10
2026-10-01 20:15:19,20:14,2026-10-01,saga,10,30,三連複,3-6-7,1512.8,1512.8,267,https://www.keiba.go.jp/KeibaWeb/TodayRaceInfo/Odds3LenFuku?k_babaCode=32&k_raceDate=2026%2F10%2F01&k_raceNo=10
2026-10-01 20:15:19,20:14,2026-10-01,saga,10,30,三連複,3-6-12,1512.8,1512.8,267,https://www.keiba.go.jp/KeibaWeb/TodayRaceInfo/Odds3LenFuku?k_babaCode=32&k_raceDate=2026%2F10%2F01&k_raceNo=10
2026-10-01 20:15:19,20:14,2026-10-01,saga,10,30,三連複,5-6-7,1512.8,1512.8,267,https://www.keiba.go.jp/KeibaWeb/TodayRaceInfo/Odds3LenFuku?k_babaCode=32&k_raceDate=2026%2F10%2F01&k_raceNo=10
2026-10-01 20:15:19,20:14,2026-10-01,saga,10,30,三連複,5-6-8,1512.8,1512.8,267,https://www.keiba.go.jp/KeibaWeb/TodayRaceInfo/Odds3LenFuku?k_babaCode=32&k_raceDate=2026%2F10%2F01&k_raceNo=10
2026-10-01 20:15:19,20:14,2026-10-01,saga,10,30,三連複,6-7-12,1512.8,1512.8,267,https://www.keiba.go.jp/KeibaWeb/TodayRaceInfo/Odds3LenFuku?k_babaCode=32&k_raceDate=2026%2F10%2F01&k_raceNo=10
2026-10-01 20:15:19,20:14,2026-10-01,saga,10,30,三連複,7-8-11,1512.8,1512.8,267,https://www.keiba.go.jp/KeibaWeb/TodayRaceInfo/Odds3LenFuku?k_babaCode=32&k_raceDate=2026%2F10%2F01&k_raceNo=10
2026-10-01 20:15:19,20:14,2026-10-01,saga,10,30,三連複,7-11-12,1512.8,1512.8,267,https://www.keiba.go.jp/KeibaWeb/TodayRaceInfo/Odds3LenFuku?k_babaCode=32&k_raceDate=2026%2F10%2F01&k_raceNo=10
2026-10-01 20:15:19,20:14,2026-10-01,saga,10,30,三連複,8-10-12,1512.8,1512.8,267,https://www.keiba.go.jp/KeibaWeb/TodayRaceInfo/Odds3LenFuku?k_babaCode=32&k_raceDate=2026%2F10%2F01&k_raceNo=10
2026-10-01 20:15:19,20:14,2026-10-01,saga,10,30,三連複,8-11-14,1512.8,1512.8,267,https://www.keiba.go.jp/KeibaWeb/TodayRaceInfo/Odds3LenFuku?k_babaCode=32&k_raceDate=2026%2F10%2F01&k_raceNo=10
2026-10-01 20:15:19,20:14,2026-10-01,saga,10,30,三連複,1-5-9,1650.3,1650.3,279,https://www.keiba.go.jp/KeibaWeb/TodayRaceInfo/Odds3LenFuku?k_babaCode=32&k_raceDate=2026%2F10%2F01&k_raceNo=10
2026-10-01 20:15:19,20:14,2026-10-01,saga,10,30,三連複,2-3-14,1650.3,1650.3,279,https://www.keiba.go.jp/KeibaWeb/TodayRaceInfo/Odds3LenFuku?k_babaCode=32&k_raceDate=2026%2F10%2F01&k_raceNo=10
2026-10-01 20:15:19,20:14,2026-10-01,saga,10,30,三連複,2-4-12,1650.3,1650.3,279,https://www.keiba.go.jp/KeibaWeb/TodayRaceInfo/Odds3LenFuku?k_babaCode=32&k_raceDate=2026%2F10%2F01&k_raceNo=10
2026-10-01 20:15:19,20:14,2026-10-01,saga,10,30,三連複,2-5-6,1650.3,1650.3,279,https://www.keiba.go.jp/KeibaWeb/TodayRaceInfo/Odds3LenFuku?k_babaCode=32&k_raceDate=2026%2F10%2F01&k_raceNo=10
2026-10-01 20:15:19,20:14,2026-10-01,saga,10,30,三連複,3-4-5,1650.3,1650.3,279,https://www.keiba.go.jp/KeibaWeb/TodayRaceInfo/Odds3LenFuku?k_babaCode=32&k_raceDate=2026%2F10%2F01&k_raceNo=10
2026-10-01 20:15:19,20:14,2026-10-01,saga,10,30,三連複,3-6-8,1650.3,1650.3,279,https://www.keiba.go.jp/KeibaWeb/TodayRaceInfo/Odds3LenFuku?k_babaCode=32&k_raceDate=2026%2F10%2F01&k_raceNo=10
2026-10-01 20:15:19,20:14,2026-10-01,saga,10,30,三連複,3-6-11,1650.3,1650.3,279,https://www.keiba.go.jp/KeibaWeb/TodayRaceInfo/Odds3LenFuku?k_babaCode=32&k_raceDate=2026%2F10%2F01&k_raceNo=10
2026-10-01 20:15:19,20:14,2026-10-01,saga,10,30,三連複,3-7-9,1650.3,1650.3,279,https://www.keiba.go.jp/KeibaWeb/TodayRaceInfo/Odds3LenFuku?k_babaCode=32&k_raceDate=2026%2F10%2F01&k_raceNo=10
2026-10-01 20:15:19,20:14,2026-10-01,saga,10,30,三連複,4-6-12,1650.3,1650.3,279,https://www.keiba.go.jp/KeibaWeb/TodayRaceInfo/Odds3LenFuku?k_babaCode=32&k_raceDate=2026%2F10%2F01&k_raceNo=10
2026-10-01 20:15:19,20:14,2026-10-01,saga,10,30,三連複,5-7-8,1650.3,1650.3,279,https://www.keiba.go.jp/KeibaWeb/TodayRaceInfo/Odds3LenFuku?k_babaCode=32&k_raceDate=2026%2F10%2F01&k_raceNo=10
2026-10-01 20:15:19,20:14,2026-10-01,saga,10,30,三連複,5-8-10,1650.3,1650.3,279,https://www.keiba.go.jp/KeibaWeb/TodayRaceInfo/Odds3LenFuku?k_babaCode=32&k_raceDate=2026%2F10%2F01&k_raceNo=10
2026-10-01 20:15:19,20:14,2026-10-01,saga,10,30,三連複,5-8-12,1650.3,1650.3,279,https://www.keiba.go.jp/KeibaWeb/TodayRaceInfo/Odds3LenFuku?k_babaCode=32&k_raceDate=2026%2F10%2F01&k_raceNo=10
2026-10-01 20:15:19,20:14,2026-10-01,saga,10,30,三連複,7-12-13,1650.3,1650.3,279,https://www.keiba.go.jp/KeibaWeb/TodayRaceInfo/Odds3LenFuku?k_babaCode=32&k_raceDate=2026%2F10%2F01&k_raceNo=10
2026-10-01 20:15:19,20:14,2026-10-01,saga,10,30,三連複,1-3-14,1815.4,1815.4,292,https://www.keiba.go.jp/KeibaWeb/TodayRaceInfo/Odds3LenFuku?k_babaCode=32&k_raceDate=2026%2F10%2F01&k_raceNo=10
2026-10-01 20:15:19,20:14,2026-10-01,saga,10,30,三連複,1-5-8,1815.4,1815.4,292,https://www.keiba.go.jp/KeibaWeb/TodayRaceInfo/Odds3LenFuku?k_babaCode=32&k_raceDate=2026%2F10%2F01&k_raceNo=10
2026-10-01 20:15:19,20:14,2026-10-01,saga,10,30,三連複,1-7-12,1815.4,1815.4,292,https://www.keiba.go.jp/KeibaWeb/TodayRaceInfo/Odds3LenFuku?k_babaCode=32&k_raceDate=2026%2F10%2F01&k_raceNo=10
2026-10-01 20:15:19,20:14,2026-10-01,saga,10,30,三連複,1-8-14,1815.4,1815.4,292,https://www.keiba.go.jp/KeibaWeb/TodayRaceInfo/Odds3LenFuku?k_babaCode=32&k_raceDate=2026%2F10%2F01&k_raceNo=10
2026-10-01 20:15:19,20:14,2026-10-01,saga,10,30,三連複,1-9-12,1815.4,1815.4,292,https://www.keiba.go.jp/KeibaWeb/TodayRaceInfo/Odds3LenFuku?k_babaCode=32&k_raceDate=2026%2F10%2F01&k_raceNo=10
2026-10-01 20:15:19,20:14,2026-10-01,saga,10,30,三連複,3-4-8,1815.4,1815.4,292,https://www.keiba.go.jp/KeibaWeb/TodayRaceInfo/Odds3LenFuku?k_babaCode=32&k_raceDate=2026%2F10%2F01&k_raceNo=10
2026-10-01 20:15:19,20:14,2026-10-01,saga,10,30,三連複,3-5-7,1815.4,1815.4,292,https://www.keiba.go.jp/KeibaWeb/TodayRaceInfo/Odds3LenFuku?k_babaCode=32&k_raceDate=2026%2F10%2F01&k_raceNo=10
2026-10-01 20:15:19,20:14,2026-10-01,saga,10,30,三連複,3-7-8,1815.4,1815.4,292,https://www.keiba.go.jp/KeibaWeb/TodayRaceInfo/Odds3LenFuku?k_babaCode=32&k_raceDate=2026%2F10%2F01&k_raceNo=10
2026-10-01 20:15:19,20:14,2026-10-01,saga,10,30,三連複,3-8-9,1815.4,1815.4,292,https://www.keiba.go.jp/KeibaWeb/TodayRaceInfo/Odds3LenFuku?k_babaCode=32&k_raceDate=2026%2F10%2F01&k_raceNo=10
2026-10-01 20:15:19,20:14,2026-10-01,saga,10,30,三連複,3-8-11,1815.4,1815.4,292,https://www.keiba.go.jp/KeibaWeb/TodayRaceInfo/Odds3LenFuku?k_babaCode=32&k_raceDate=2026%2F10%2F01&k_raceNo=10
2026-10-01 20:15:19,20:14,2026-10-01,saga,10,30,三連複,3-9-12,1815.4,1815.4,292,https://www.keiba.go.jp/KeibaWeb/TodayRaceInfo/Odds3LenFuku?k_babaCode=32&k_raceDate=2026%2F10%2F01&k_raceNo=10
2026-10-01 20:15:19,20:14,2026-10-01,saga,10,30,三連複,3-10-12,1815.4,1815.4,292,https://www.keiba.go.jp/KeibaWeb/TodayRaceInfo/Odds3LenFuku?k_babaCode=32&k_raceDate=2026%2F10%2F01&k_raceNo=10
2026-10-01 20:15:19,20:14,2026-10-01,saga,10,30,三連複,5-6-14,1815.4,1815.4,292,https://www.keiba.go.jp/KeibaWeb/TodayRaceInfo/Odds3LenFuku?k_babaCode=32&k_raceDate=2026%2F10%2F01&k_raceNo=10
2026-10-01 20:15:19,20:14,2026-10-01,saga,10,30,三連複,5-8-9,1815.4,1815.4,292,https://www.keiba.go.jp/KeibaWeb/TodayRaceInfo/Odds3LenFuku?k_babaCode=32&k_raceDate=2026%2F10%2F01&k_raceNo=10
2026-10-01 20:15:19,20:14,2026-10-01,saga,10,30,三連複,5-10-12,1815.4,1815.4,292,https://www.keiba.go.jp/KeibaWeb/TodayRaceInfo/Odds3LenFuku?k_babaCode=32&k_raceDate=2026%2F10%2F01&k_raceNo=10
2026-10-01 20:15:19,20:14,2026-10-01,saga,10,30,三連複,8-9-12,1815.4,1815.4,292,https://www.keiba.go.jp/KeibaWeb/TodayRaceInfo/Odds3LenFuku?k_babaCode=32&k_raceDate=2026%2F10%2F01&k_raceNo=10
2026-10-01 20:15:19,20:14,2026-10-01,saga,10,30,三連複,8-9-14,1815.4,1815.4,292,https://www.keiba.go.jp/KeibaWeb/TodayRaceInfo/Odds3LenFuku?k_babaCode=32&k_raceDate=2026%2F10%2F01&k_raceNo=10
2026-10-01 20:15:19,20:14,2026-10-01,saga,10,30,三連複,8-12-14,1815.4,1815.4,292,https://www.keiba.go.jp/KeibaWeb/TodayRaceInfo/Odds3LenFuku?k_babaCode=32&k_raceDate=2026%2F10%2F01&k_raceNo=10
2026-10-01 20:15:19,20:14,2026-10-01,saga,10,30,三連複,1-5-7,2017.1,2017.1,310,https://www.keiba.go.jp/KeibaWeb/TodayRaceInfo/Odds3LenFuku?k_babaCode=32&k_raceDate=2026%2F10%2F01&k_raceNo=10
2026-10-01 20:15:19,20:14,2026-10-01,saga,10,30,三連複,2-6-12,2017.1,2017.1,310,https://www.keiba.go.jp/KeibaWeb/TodayRaceInfo/Odds3LenFuku?k_babaCode=32&k_raceDate=2026%2F10%2F01&k_raceNo=10
2026-10-01 20:15:19,20:14,2026-10-01,saga,10,30,三連複,3-5-10,2017.1,2017.1,310,https://www.keiba.go.jp/KeibaWeb/TodayRaceInfo/Odds3LenFuku?k_babaCode=32&k_raceDate=2026%2F10%2F01&k_raceNo=10
2026-10-01 20:15:19,20:14,2026-10-01,saga,10,30,三連複,3-5-12,2017.1,2017.1,310,https://www.keiba.go.jp/KeibaWeb/TodayRaceInfo/Odds3LenFuku?k_babaCode=32&k_raceDate=2026%2F10%2F01&k_raceNo=10
2026-10-01 20:15:19,20:14,2026-10-01,saga,10,30,三連複,3-7-12,2017.1,2017.1,310,https://www.keiba.go.jp/KeibaWeb/TodayRaceInfo/Odds3LenFuku?k_babaCode=32&k_raceDate=2026%2F10%2F01&k_raceNo=10
2026-10-01 20:15:19,20:14,2026-10-01,saga,10,30,三連複,4-8-12,2017.1,2017.1,310,https://www.keiba.go.jp/KeibaWeb/TodayRaceInfo/Odds3LenFuku?k_babaCode=32&k_raceDate=2026%2F10%2F01&k_raceNo=10
2026-10-01 20:15:19,20:14,2026-10-01,saga,10,30,三連複,5-7-14,2017.1,2017.1,310,https://www.keiba.go.jp/KeibaWeb/TodayRaceInfo/Odds3LenFuku?k_babaCode=32&k_raceDate=2026%2F10%2F01&k_raceNo=10
2026-10-01 20:15:19,20:14,2026-10-01,saga,10,30,三連複,5-9-11,2017.1,2017.1,310,https://www.keiba.go.jp/KeibaWeb/TodayRaceInfo/Odds3LenFuku?k_babaCode=32&k_raceDate=2026%2F10%2F01&k_raceNo=10
2026-10-01 20:15:19,20:14,2026-10-01,saga,10,30,三連複,5-12-13,2017.1,2017.1,310,https://www.keiba.go.jp/KeibaWeb/TodayRaceInfo/Odds3LenFuku?k_babaCode=32&k_raceDate=2026%2F10%2F01&k_raceNo=10
2026-10-01 20:15:19,20:14,2026-10-01,saga,10,30,三連複,6-7-8,2017.1,2017.1,310,https://www.keiba.go.jp/KeibaWeb/TodayRaceInfo/Odds3LenFuku?k_babaCode=32&k_raceDate=2026%2F10%2F01&k_raceNo=10
2026-10-01 20:15:19,20:14,2026-10-01,saga,10,30,三連複,6-11-12,2017.1,2017.1,310,https://www.keiba.go.jp/KeibaWeb/TodayRaceInfo/Odds3LenFuku?k_babaCode=32&k_raceDate=2026%2F10%2F01&k_raceNo=10
2026-10-01 20:15:19,20:14,2026-10-01,saga,10,30,三連複,7-8-14,2017.1,2017.1,310,https://www.keiba.go.jp/KeibaWeb/TodayRaceInfo/Odds3LenFuku?k_babaCode=32&k_raceDate=2026%2F10%2F01&k_raceNo=10
2026-10-01 20:15:19,20:14,2026-10-01,saga,10,30,三連複,7-12-14,2017.1,2017.1,310,https://www.keiba.go.jp/KeibaWeb/TodayRaceInfo/Odds3LenFuku?k_babaCode=32&k_raceDate=2026%2F10%2F01&k_raceNo=10
2026-10-01 20:15:19,20:14,2026-10-01,saga,10,30,三連複,1-3-8,2269.2,2269.2,323,https://www.keiba.go.jp/KeibaWeb/TodayRaceInfo/Odds3LenFuku?k_babaCode=32&k_raceDate=2026%2F10%2F01&k_raceNo=10
2026-10-01 20:15:19,20:14,2026-10-01,saga,10,30,三連複,1-4-12,2269.2,2269.2,323,https://www.keiba.go.jp/KeibaWeb/TodayRaceInfo/Odds3LenFuku?k_babaCode=32&k_raceDate=2026%2F10%2F01&k_raceNo=10
2026-10-01 20:15:19,20:14,2026-10-01,saga,10,30,三連複,1-12-14,2269.2,2269.2,323,https://www.keiba.go.jp/KeibaWeb/TodayRaceInfo/Odds3LenFuku?k_babaCode=32&k_raceDate=2026%2F10%2F01&k_raceNo=10
2026-10-01 20:15:19,20:14,2026-10-01,saga,10,30,三連複,2-3-8,2269.2,2269.2,323,https://www.keiba.go.jp/KeibaWeb/TodayRaceInfo/Odds3LenFuku?k_babaCode=32&k_raceDate=2026%2F10%2F01&k_raceNo=10
2026-10-01 20:15:19,20:14,2026-10-01,saga,10,30,三連複,2-7-12,2269.2,2269.2,323,https://www.keiba.go.jp/KeibaWeb/TodayRaceInfo/Odds3LenFuku?k_babaCode=32&k_raceDate=2026%2F10%2F01&k_raceNo=10
2026-10-01 20:15:19,20:14,2026-10-01,saga,10,30,三連複,2-8-12,2269.2,2269.2,323,https://www.keiba.go.jp/KeibaWeb/TodayRaceInfo/Odds3LenFuku?k_babaCode=32&k_raceDate=2026%2F10%2F01&k_raceNo=10
2026-10-01 20:15:19,20:14,2026-10-01,saga,10,30,三連複,2-8-14,2269.2,2269.2,323,https://www.keiba.go.jp/KeibaWeb/TodayRaceInfo/Odds3LenFuku?k_babaCode=32&k_raceDate=2026%2F10%2F01&k_raceNo=10
2026-10-01 20:15:19,20:14,2026-10-01,saga,10,30,三連複,3-5-11,2269.2,2269.2,323,https://www.keiba.go.jp/KeibaWeb/TodayRaceInfo/Odds3LenFuku?k_babaCode=32&k_raceDate=2026%2F10%2F01&k_raceNo=10
2026-10-01 20:15:19,20:14,2026-10-01,saga,10,30,三連複,3-8-14,2269.2,2269.2,323,https://www.keiba.go.jp/KeibaWeb/TodayRaceInfo/Odds3LenFuku?k_babaCode=32&k_raceDate=2026%2F10%2F01&k_raceNo=10
2026-10-01 20:15:19,20:14,2026-10-01,saga,10,30,三連複,4-5-8,2269.2,2269.2,323,https://www.keiba.go.jp/KeibaWeb/TodayRaceInfo/Odds3LenFuku?k_babaCode=32&k_raceDate=2026%2F10%2F01&k_raceNo=10
2026-10-01 20:15:19,20:14,2026-10-01,saga,10,30,三連複,6-8-12,2269.2,2269.2,323,https://www.keiba.go.jp/KeibaWeb/TodayRaceInfo/Odds3LenFuku?k_babaCode=32&k_raceDate=2026%2F10%2F01&k_raceNo=10
2026-10-01 20:15:19,20:14,2026-10-01,saga,10,30,三連複,7-8-12,2269.2,2269.2,323,https://www.keiba.go.jp/KeibaWeb/TodayRaceInfo/Odds3LenFuku?k_babaCode=32&k_raceDate=2026%2F10%2F01&k_raceNo=10
2026-10-01 20:15:19,20:14,2026-10-01,saga,10,30,三連複,1-5-11,2593.4,2593.4,335,https://www.keiba.go.jp/KeibaWeb/TodayRaceInfo/Odds3LenFuku?k_babaCode=32&k_raceDate=2026%2F10%2F01&k_raceNo=10
2026-10-01 20:15:19,20:14,2026-10-01,saga,10,30,三連複,1-8-12,2593.4,2593.4,335,https://www.keiba.go.jp/KeibaWeb/TodayRaceInfo/Odds3LenFuku?k_babaCode=32&k_raceDate=2026%2F10%2F01&k_raceNo=10
2026-10-01 20:15:19,20:14,2026-10-01,saga,10,30,三連複,2-3-12,2593.4,2593.4,335,https://www.keiba.go.jp/KeibaWeb/TodayRaceInfo/Odds3LenFuku?k_babaCode=32&k_raceDate=2026%2F10%2F01&k_raceNo=10
2026-10-01 20:15:19,20:14,2026-10-01,saga,10,30,三連複,2-5-14,2593.4,2593.4,335,https://www.keiba.go.jp/KeibaWeb/TodayRaceInfo/Odds3LenFuku?k_babaCode=32&k_raceDate=2026%2F10%2F01&k_raceNo=10
2026-10-01 20:15:19,20:14,2026-10-01,saga,10,30,三連複,3-5-13,2593.4,2593.4,335,https://www.keiba.go.jp/KeibaWeb/TodayRaceInfo/Odds3LenFuku?k_babaCode=32&k_raceDate=2026%2F10%2F01&k_raceNo=10
2026-10-01 20:15:19,20:14,2026-10-01,saga,10,30,三連複,5-8-11,2593.4,2593.4,335,https://www.keiba.go.jp/KeibaWeb/TodayRaceInfo/Odds3LenFuku?k_babaCode=32&k_raceDate=2026%2F10%2F01&k_raceNo=10
2026-10-01 20:15:19,20:14,2026-10-01,saga,10,30,三連複,1-5-14,3025.6,3025.6,341,https://www.keiba.go.jp/KeibaWeb/TodayRaceInfo/Odds3LenFuku?k_babaCode=32&k_raceDate=2026%2F10%2F01&k_raceNo=10
2026-10-01 20:15:19,20:14,2026-10-01,saga,10,30,三連複,3-4-12,3025.6,3025.6,341,https://www.keiba.go.jp/KeibaWeb/TodayRaceInfo/Odds3LenFuku?k_babaCode=32&k_raceDate=2026%2F10%2F01&k_raceNo=10
2026-10-01 20:15:19,20:14,2026-10-01,saga,10,30,三連複,3-5-9,3025.6,3025.6,341,https://www.keiba.go.jp/KeibaWeb/TodayRaceInfo/Odds3LenFuku?k_babaCode=32&k_raceDate=2026%2F10%2F01&k_raceNo=10
2026-10-01 20:15:19,20:14,2026-10-01,saga,10,30,三連複,4-7-12,3025.6,3025.6,341,https://www.keiba.go.jp/KeibaWeb/TodayRaceInfo/Odds3LenFuku?k_babaCode=32&k_raceDate=2026%2F10%2F01&k_raceNo=10
2026-10-01 20:15:19,20:14,2026-10-01,saga,10,30,三連複,5-9-14,3025.6,3025.6,341,https://www.keiba.go.jp/KeibaWeb/TodayRaceInfo/Odds3LenFuku?k_babaCode=32&k_raceDate=2026%2F10%2F01&k_raceNo=10
2026-10-01 20:15:19,20:14,2026-10-01,saga,10,30,三連複,2-5-11,3630.8,3630.8,346,https://www.keiba.go.jp/KeibaWeb/TodayRaceInfo/Odds3LenFuku?k_babaCode=32&k_raceDate=2026%2F10%2F01&k_raceNo=10
2026-10-01 20:15:19,20:14,2026-10-01,saga,10,30,三連複,4-5-12,3630.8,3630.8,346,https://www.keiba.go.jp/KeibaWeb/TodayRaceInfo/Odds3LenFuku?k_babaCode=32&k_raceDate=2026%2F10%2F01&k_raceNo=10
2026-10-01 20:15:19,20:14,2026-10-01,saga,10,30,三連複,5-6-12,3630.8,3630.8,346,https://www.keiba.go.jp/KeibaWeb/TodayRaceInfo/Odds3LenFuku?k_babaCode=32&k_raceDate=2026%2F10%2F01&k_raceNo=10
2026-10-01 20:15:19,20:14,2026-10-01,saga,10,30,三連複,5-7-11,3630.8,3630.8,346,https://www.keiba.go.jp/KeibaWeb/TodayRaceInfo/Odds3LenFuku?k_babaCode=32&k_raceDate=2026%2F10%2F01&k_raceNo=10
2026-10-01 20:15:19,20:14,2026-10-01,saga,10,30,三連複,5-7-12,3630.8,3630.8,346,https://www.keiba.go.jp/KeibaWeb/TodayRaceInfo/Odds3LenFuku?k_babaCode=32&k_raceDate=2026%2F10%2F01&k_raceNo=10
2026-10-01 20:15:19,20:14,2026-10-01,saga,10,30,三連複,5-9-12,3630.8,3630.8,346,https://www.keiba.go.jp/KeibaWeb/TodayRaceInfo/Odds3LenFuku?k_babaCode=32&k_raceDate=2026%2F10%2F01&k_raceNo=10
2026-10-01 20:15:19,20:14,2026-10-01,saga,10,30,三連複,1-3-12,4538.5,4538.5,352,https://www.keiba.go.jp/KeibaWeb/TodayRaceInfo/Odds3LenFuku?k_babaCode=32&k_raceDate=2026%2F10%2F01&k_raceNo=10
2026-10-01 20:15:19,20:14,2026-10-01,saga,10,30,三連複,3-5-6,4538.5,4538.5,352,https://www.keiba.go.jp/KeibaWeb/TodayRaceInfo/Odds3LenFuku?k_babaCode=32&k_raceDate=2026%2F10%2F01&k_raceNo=10
2026-10-01 20:15:19,20:14,2026-10-01,saga,10,30,三連複,3-5-14,4538.5,4538.5,352,https://www.keiba.go.jp/KeibaWeb/TodayRaceInfo/Odds3LenFuku?k_babaCode=32&k_raceDate=2026%2F10%2F01&k_raceNo=10
2026-10-01 20:15:19,20:14,2026-10-01,saga,10,30,三連複,5-6-11,4538.5,4538.5,352,https://www.keiba.go.jp/KeibaWeb/TodayRaceInfo/Odds3LenFuku?k_babaCode=32&k_raceDate=2026%2F10%2F01&k_raceNo=10
2026-10-01 20:15:19,20:14,2026-10-01,saga,10,30,三連複,2-5-12,6051.3,6051.3,356,https://www.keiba.go.jp/KeibaWeb/TodayRaceInfo/Odds3LenFuku?k_babaCode=32&k_raceDate=2026%2F10%2F01&k_raceNo=10
2026-10-01 20:15:19,20:14,2026-10-01,saga,10,30,三連複,3-11-12,6051.3,6051.3,356,https://www.keiba.go.jp/KeibaWeb/TodayRaceInfo/Odds3LenFuku?k_babaCode=32&k_raceDate=2026%2F10%2F01&k_raceNo=10
2026-10-01 20:15:19,20:14,2026-10-01,saga,10,30,三連複,3-12-14,6051.3,6051.3,356,https://www.keiba.go.jp/KeibaWeb/TodayRaceInfo/Odds3LenFuku?k_babaCode=32&k_raceDate=2026%2F10%2F01&k_raceNo=10
2026-10-01 20:15:19,20:14,2026-10-01,saga,10,30,三連複,4-5-11,6051.3,6051.3,356,https://www.keiba.go.jp/KeibaWeb/TodayRaceInfo/Odds3LenFuku?k_babaCode=32&k_raceDate=2026%2F10%2F01&k_raceNo=10
2026-10-01 20:15:19,20:14,2026-10-01,saga,10,30,三連複,5-8-14,6051.3,6051.3,356,https://www.keiba.go.jp/KeibaWeb/TodayRaceInfo/Odds3LenFuku?k_babaCode=32&k_raceDate=2026%2F10%2F01&k_raceNo=10
2026-10-01 20:15:19,20:14,2026-10-01,saga,10,30,三連複,5-11-12,9077.0,9077.0,361,https://www.keiba.go.jp/KeibaWeb/TodayRaceInfo/Odds3LenFuku?k_babaCode=32&k_raceDate=2026%2F10%2F01&k_raceNo=10
2026-10-01 20:15:19,20:14,2026-10-01,saga,10,30,三連複,5-12-14,9077.0,9077.0,361,https://www.keiba.go.jp/KeibaWeb/TodayRaceInfo/Odds3LenFuku?k_babaCode=32&k_raceDate=2026%2F10%2F01&k_raceNo=10
2026-10-01 20:15:19,20:14,2026-10-01,saga,10,30,三連複,1-5-12,18154.0,18154.0,363,https://www.keiba.go.jp/KeibaWeb/TodayRaceInfo/Odds3LenFuku?k_babaCode=32&k_raceDate=2026%2F10%2F01&k_raceNo=10
2026-10-01 20:15:19,20:14,2026-10-01,saga,10,30,三連複,5-11-14,18154.0,18154.0,363,https://www.keiba.go.jp/KeibaWeb/TodayRaceInfo/Odds3LenFuku?k_babaCode=32&k_raceDate=2026%2F10%2F01&k_raceNo=10
2026-10-01 20:15:19,20:14,2026-10-01,saga,10,30,三連単,13-10-1,43.8,43.8,4,https://www.keiba.go.jp/KeibaWeb/TodayRaceInfo/Odds3LenTan?k_babaCode=32&k_raceDate=2026%2F10%2F01&k_raceNo=10&odds_flg=1
2026-10-01 20:15:19,20:14,2026-10-01,saga,10,30,三連単,10-13-1,74.0,74.0,11,https://www.keiba.go.jp/KeibaWeb/TodayRaceInfo/Odds3LenTan?k_babaCode=32&k_raceDate=2026%2F10%2F01&k_raceNo=10&odds_flg=1
2026-10-01 20:15:19,20:14,2026-10-01,saga,10,30,三連単,13-1-10,85.0,85.0,14,https://www.keiba.go.jp/KeibaWeb/TodayRaceInfo/Odds3LenTan?k_babaCode=32&k_raceDate=2026%2F10%2F01&k_raceNo=10&odds_flg=1
2026-10-01 20:15:19,20:14,2026-10-01,saga,10,30,三連単,10-1-13,120.8,120.8,20,https://www.keiba.go.jp/KeibaWeb/TodayRaceInfo/Odds3LenTan?k_babaCode=32&k_raceDate=2026%2F10%2F01&k_raceNo=10&odds_flg=1
2026-10-01 20:15:19,20:14,2026-10-01,saga,10,30,三連単,13-10-6,124.8,124.8,21,https://www.keiba.go.jp/KeibaWeb/TodayRaceInfo/Odds3LenTan?k_babaCode=32&k_raceDate=2026%2F10%2F01&k_raceNo=10&odds_flg=1
2026-10-01 20:15:19,20:14,2026-10-01,saga,10,30,三連単,10-13-6,152.0,152.0,32,https://www.keiba.go.jp/KeibaWeb/TodayRaceInfo/Odds3LenTan?k_babaCode=32&k_raceDate=2026%2F10%2F01&k_raceNo=10&odds_flg=1
2026-10-01 20:15:19,20:14,2026-10-01,saga,10,30,三連単,1-13-10,166.8,166.8,35,https://www.keiba.go.jp/KeibaWeb/TodayRaceInfo/Odds3LenTan?k_babaCode=32&k_raceDate=2026%2F10%2F01&k_raceNo=10&odds_flg=1
2026-10-01 20:15:19,20:14,2026-10-01,saga,10,30,三連単,1-10-13,172.7,172.7,38,https://www.keiba.go.jp/KeibaWeb/TodayRaceInfo/Odds3LenTan?k_babaCode=32&k_raceDate=2026%2F10%2F01&k_raceNo=10&odds_flg=1
2026-10-01 20:15:19,20:14,2026-10-01,saga,10,30,三連単,13-6-10,273.6,273.6,60,https://www.keiba.go.jp/KeibaWeb/TodayRaceInfo/Odds3LenTan?k_babaCode=32&k_raceDate=2026%2F10%2F01&k_raceNo=10&odds_flg=1
2026-10-01 20:15:19,20:14,2026-10-01,saga,10,30,三連単,13-1-6,322.6,322.6,74,https://www.keiba.go.jp/KeibaWeb/TodayRaceInfo/Odds3LenTan?k_babaCode=32&k_raceDate=2026%2F10%2F01&k_raceNo=10&odds_flg=1
2026-10-01 20:15:19,20:14,2026-10-01,saga,10,30,三連単,10-6-13,342.0,342.0,78,https://www.keiba.go.jp/KeibaWeb/TodayRaceInfo/Odds3LenTan?k_babaCode=32&k_raceDate=2026%2F10%2F01&k_raceNo=10&odds_flg=1
2026-10-01 20:15:19,20:14,2026-10-01,saga,10,30,三連単,13-6-1,462.2,462.2,125,https://www.keiba.go.jp/KeibaWeb/TodayRaceInfo/Odds3LenTan?k_babaCode=32&k_raceDate=2026%2F10%2F01&k_raceNo=10&odds_flg=1
2026-10-01 20:15:19,20:14,2026-10-01,saga,10,30,三連単,6-13-10,570.0,570.0,164,https://www.keiba.go.jp/KeibaWeb/TodayRaceInfo/Odds3LenTan?k_babaCode=32&k_raceDate=2026%2F10%2F01&k_raceNo=10&odds_flg=1
2026-10-01 20:15:19,20:14,2026-10-01,saga,10,30,三連単,6-10-13,610.7,610.7,175,https://www.keiba.go.jp/KeibaWeb/TodayRaceInfo/Odds3LenTan?k_babaCode=32&k_raceDate=2026%2F10%2F01&k_raceNo=10&odds_flg=1
2026-10-01 20:15:19,20:14,2026-10-01,saga,10,30,三連単,10-1-6,777.3,777.3,229,https://www.keiba.go.jp/KeibaWeb/TodayRaceInfo/Odds3LenTan?k_babaCode=32&k_raceDate=2026%2F10%2F01&k_raceNo=10&odds_flg=1
2026-10-01 20:15:19,20:14,2026-10-01,saga,10,30,三連単,1-13-6,1315.5,1315.5,347,https://www.keiba.go.jp/KeibaWeb/TodayRaceInfo/Odds3LenTan?k_babaCode=32&k_raceDate=2026%2F10%2F01&k_raceNo=10&odds_flg=1
2026-10-01 20:15:19,20:14,2026-10-01,saga,10,30,三連単,6-13-1,1315.5,1315.5,347,https://www.keiba.go.jp/KeibaWeb/TodayRaceInfo/Odds3LenTan?k_babaCode=32&k_raceDate=2026%2F10%2F01&k_raceNo=10&odds_flg=1
2026-10-01 20:15:19,20:14,2026-10-01,saga,10,30,三連単,10-6-1,1487.1,1487.1,389,https://www.keiba.go.jp/KeibaWeb/TodayRaceInfo/Odds3LenTan?k_babaCode=32&k_raceDate=2026%2F10%2F01&k_raceNo=10&odds_flg=1
2026-10-01 20:15:19,20:14,2026-10-01,saga,10,30,三連単,1-6-13,1710.2,1710.2,432,https://www.keiba.go.jp/KeibaWeb/TodayRaceInfo/Odds3LenTan?k_babaCode=32&k_raceDate=2026%2F10%2F01&k_raceNo=10&odds_flg=1
2026-10-01 20:15:19,20:14,2026-10-01,saga,10,30,三連単,6-1-13,1900.2,1900.2,481,https://www.keiba.go.jp/KeibaWeb/TodayRaceInfo/Odds3LenTan?k_babaCode=32&k_raceDate=2026%2F10%2F01&k_raceNo=10&odds_flg=1
2026-10-01 20:15:19,20:14,2026-10-01,saga,10,30,三連単,6-10-1,2443.1,2443.1,586,https://www.keiba.go.jp/KeibaWeb/TodayRaceInfo/Odds3LenTan?k_babaCode=32&k_raceDate=2026%2F10%2F01&k_raceNo=10&odds_flg=1
2026-10-01 20:15:19,20:14,2026-10-01,saga,10,30,三連単,1-10-6,2631.1,2631.1,623,https://www.keiba.go.jp/KeibaWeb/TodayRaceInfo/Odds3LenTan?k_babaCode=32&k_raceDate=2026%2F10%2F01&k_raceNo=10&odds_flg=1
2026-10-01 20:15:19,20:14,2026-10-01,saga,10,30,三連単,1-6-10,3109.5,3109.5,694,https://www.keiba.go.jp/KeibaWeb/TodayRaceInfo/Odds3LenTan?k_babaCode=32&k_raceDate=2026%2F10%2F01&k_raceNo=10&odds_flg=1
2026-10-01 20:15:19,20:14,2026-10-01,saga,10,30,三連単,6-1-10,3109.5,3109.5,694,https://www.keiba.go.jp/KeibaWeb/TodayRaceInfo/Odds3LenTan?k_babaCode=32&k_raceDate=2026%2F10%2F01&k_raceNo=10&odds_flg=1
