captured_at,source_time,race_date,track,race_no,minutes_before,bet_type,combination,odds_low,odds_high,popularity,source_url
2026-10-01 20:30:00,20:29,2026-10-01,saga,10,15,馬連,10-13,3.6,3.6,1,https://www.keiba.go.jp/KeibaWeb/TodayRaceInfo/OddsUmLenFuku?k_babaCode=32&k_raceDate=2026%2F10%2F01&k_raceNo=10
2026-10-01 20:30:00,20:29,2026-10-01,saga,10,15,馬連,11-13,13.2,13.2,2,https://www.keiba.go.jp/KeibaWeb/TodayRaceInfo/OddsUmLenFuku?k_babaCode=32&k_raceDate=2026%2F10%2F01&k_raceNo=10
2026-10-01 20:30:00,20:29,2026-10-01,saga,10,15,馬連,1-13,14.1,14.1,3,https://www.keiba.go.jp/KeibaWeb/TodayRaceInfo/OddsUmLenFuku?k_babaCode=32&k_raceDate=2026%2F10%2F01&k_raceNo=10
2026-10-01 20:30:00,20:29,2026-10-01,saga,10,15,馬連,4-13,17.2,17.2,4,https://www.keiba.go.jp/KeibaWeb/TodayRaceInfo/OddsUmLenFuku?k_babaCode=32&k_raceDate=2026%2F10%2F01&k_raceNo=10
2026-10-01 20:30:00,20:29,2026-10-01,saga,10,15,馬連,9-13,18.9,18.9,5,https://www.keiba.go.jp/KeibaWeb/TodayRaceInfo/OddsUmLenFuku?k_babaCode=32&k_raceDate=2026%2F10%2F01&k_raceNo=10
2026-10-01 20:30:00,20:29,2026-10-01,saga,10,15,馬連,10-11,19.9,19.9,6,https://www.keiba.go.jp/KeibaWeb/TodayRaceInfo/OddsUmLenFuku?k_babaCode=32&k_raceDate=2026%2F10%2F01&k_raceNo=10
2026-10-01 20:30:00,20:29,2026-10-01,saga,10,15,馬連,9-10,19.9,19.9,7,https://www.keiba.go.jp/KeibaWeb/TodayRaceInfo/OddsUmLenFuku?k_babaCode=32&k_raceDate=2026%2F10%2F01&k_raceNo=10
2026-10-01 20:30:00,20:29,2026-10-01,saga,10,15,馬連,1-10,23.3,23.3,8,https://www.keiba.go.jp/KeibaWeb/TodayRaceInfo/OddsUmLenFuku?k_babaCode=32&k_raceDate=2026%2F10%2F01&k_raceNo=10
2026-10-01 20:30:00,20:29,2026-10-01,saga,10,15,馬連,4-10,26.5,26.5,9,https://www.keiba.go.jp/KeibaWeb/TodayRaceInfo/OddsUmLenFuku?k_babaCode=32&k_raceDate=2026%2F10%2F01&k_raceNo=10
2026-10-01 20:30:00,20:29,2026-10-01,saga,10,15,馬連,13-14,27.6,27.6,10,https://www.keiba.go.jp/KeibaWeb/TodayRaceInfo/OddsUmLenFuku?k_babaCode=32&k_raceDate=2026%2F10%2F01&k_raceNo=10
2026-10-01 20:30:00,20:29,2026-10-01,saga,10,15,馬連,2-10,32.5,32.5,11,https://www.keiba.go.jp/KeibaWeb/TodayRaceInfo/OddsUmLenFuku?k_babaCode=32&k_raceDate=2026%2F10%2F01&k_raceNo=10
2026-10-01 20:30:00,20:29,2026-10-01,saga,10,15,馬連,7-10,34.7,34.7,12,https://www.keiba.go.jp/KeibaWeb/TodayRaceInfo/OddsUmLenFuku?k_babaCode=32&k_raceDate=2026%2F10%2F01&k_raceNo=10
2026-10-01 20:30:00,20:29,2026-10-01,saga,10,15,馬連,2-13,35.2,35.2,13,https://www.keiba.go.jp/KeibaWeb/TodayRaceInfo/OddsUmLenFuku?k_babaCode=32&k_raceDate=2026%2F10%2F01&k_raceNo=10
2026-10-01 20:30:00,20:29,2026-10-01,saga,10,15,馬連,10-14,38.9,38.9,14,https://www.keiba.go.jp/KeibaWeb/TodayRaceInfo/OddsUmLenFuku?k_babaCode=32&k_raceDate=2026%2F10%2F01&k_raceNo=10
2026-10-01 20:30:00,20:29,2026-10-01,saga,10,15,馬連,7-13,40.9,40.9,15,https://www.keiba.go.jp/KeibaWeb/TodayRaceInfo/OddsUmLenFuku?k_babaCode=32&k_raceDate=2026%2F10%2F01&k_raceNo=10
2026-10-01 20:30:00,20:29,2026-10-01,saga,10,15,馬連,4-11,63.6,63.6,16,https://www.keiba.go.jp/KeibaWeb/TodayRaceInfo/OddsUmLenFuku?k_babaCode=32&k_raceDate=2026%2F10%2F01&k_raceNo=10
2026-10-01 20:30:00,20:29,2026-10-01,saga,10,15,馬連,1-11,67.9,67.9,17,https://www.keiba.go.jp/KeibaWeb/TodayRaceInfo/OddsUmLenFuku?k_babaCode=32&k_raceDate=2026%2F10%2F01&k_raceNo=10
2026-10-01 20:30:00,20:29,2026-10-01,saga,10,15,馬連,9-11,67.9,67.9,17,https://www.keiba.go.jp/KeibaWeb/TodayRaceInfo/OddsUmLenFuku?k_babaCode=32&k_raceDate=2026%2F10%2F01&k_raceNo=10
2026-10-01 20:30:00,20:29,2026-10-01,saga,10,15,馬連,4-9,71.6,71.6,19,https://www.keiba.go.jp/KeibaWeb/TodayRaceInfo/OddsUmLenFuku?k_babaCode=32&k_raceDate=2026%2F10%2F01&k_raceNo=10
2026-10-01 20:30:00,20:29,2026-10-01,saga,10,15,馬連,1-4,74.7,74.7,20,https://www.keiba.go.jp/KeibaWeb/TodayRaceInfo/OddsUmLenFuku?k_babaCode=32&k_raceDate=2026%2F10%2F01&k_raceNo=10
2026-10-01 20:30:00,20:29,2026-10-01,saga,10,15,馬連,1-2,75.2,75.2,21,https://www.keiba.go.jp/KeibaWeb/TodayRaceInfo/OddsUmLenFuku?k_babaCode=32&k_raceDate=2026%2F10%2F01&k_raceNo=10
2026-10-01 20:30:00,20:29,2026-10-01,saga,10,15,馬連,12-13,78.7,78.7,22,https://www.keiba.go.jp/KeibaWeb/TodayRaceInfo/OddsUmLenFuku?k_babaCode=32&k_raceDate=2026%2F10%2F01&k_raceNo=10
2026-10-01 20:30:00,20:29,2026-10-01,saga,10,15,馬連,6-10,79.2,79.2,23,https://www.keiba.go.jp/KeibaWeb/TodayRaceInfo/OddsUmLenFuku?k_babaCode=32&k_raceDate=2026%2F10%2F01&k_raceNo=10
2026-10-01 20:30:00,20:29,2026-10-01,saga,10,15,馬連,1-9,80.8,80.8,24,https://www.keiba.go.jp/KeibaWeb/TodayRaceInfo/OddsUmLenFuku?k_babaCode=32&k_raceDate=2026%2F10%2F01&k_raceNo=10
2026-10-01 20:30:00,20:29,2026-10-01,saga,10,15,馬連,6-13,80.8,80.8,24,https://www.keiba.go.jp/KeibaWeb/TodayRaceInfo/OddsUmLenFuku?k_babaCode=32&k_raceDate=2026%2F10%2F01&k_raceNo=10
2026-10-01 20:30:00,20:29,2026-10-01,saga,10,15,馬連,1-7,84.8,84.8,26,https://www.keiba.go.jp/KeibaWeb/TodayRaceInfo/OddsUmLenFuku?k_babaCode=32&k_raceDate=2026%2F10%2F01&k_raceNo=10
2026-10-01 20:30:00,20:29,2026-10-01,saga,10,15,馬連,3-13,87.9,87.9,27,https://www.keiba.go.jp/KeibaWeb/TodayRaceInfo/OddsUmLenFuku?k_babaCode=32&k_raceDate=2026%2F10%2F01&k_raceNo=10
2026-10-01 20:30:00,20:29,2026-10-01,saga,10,15,馬連,8-10,89.2,89.2,28,https://www.keiba.go.jp/KeibaWeb/TodayRaceInfo/OddsUmLenFuku?k_babaCode=32&k_raceDate=2026%2F10%2F01&k_raceNo=10
2026-10-01 20:30:00,20:29,2026-10-01,saga,10,15,馬連,10-12,90.6,90.6,29,https://www.keiba.go.jp/KeibaWeb/TodayRaceInfo/OddsUmLenFuku?k_babaCode=32&k_raceDate=2026%2F10%2F01&k_raceNo=10
2026-10-01 20:30:00,20:29,2026-10-01,saga,10,15,馬連,1-14,92.0,92.0,30,https://www.keiba.go.jp/KeibaWeb/TodayRaceInfo/OddsUmLenFuku?k_babaCode=32&k_raceDate=2026%2F10%2F01&k_raceNo=10
2026-10-01 20:30:00,20:29,2026-10-01,saga,10,15,馬連,2-9,110.7,110.7,31,https://www.keiba.go.jp/KeibaWeb/TodayRaceInfo/OddsUmLenFuku?k_babaCode=32&k_raceDate=2026%2F10%2F01&k_raceNo=10
2026-10-01 20:30:00,20:29,2026-10-01,saga,10,15,馬連,8-13,115.0,115.0,32,https://www.keiba.go.jp/KeibaWeb/TodayRaceInfo/OddsUmLenFuku?k_babaCode=32&k_raceDate=2026%2F10%2F01&k_raceNo=10
2026-10-01 20:30:00,20:29,2026-10-01,saga,10,15,馬連,1-6,116.1,116.1,33,https://www.keiba.go.jp/KeibaWeb/TodayRaceInfo/OddsUmLenFuku?k_babaCode=32&k_raceDate=2026%2F10%2F01&k_raceNo=10
2026-10-01 20:30:00,20:29,2026-10-01,saga,10,15,馬連,3-10,116.1,116.1,33,https://www.keiba.go.jp/KeibaWeb/TodayRaceInfo/OddsUmLenFuku?k_babaCode=32&k_raceDate=2026%2F10%2F01&k_raceNo=10
2026-10-01 20:30:00,20:29,2026-10-01,saga,10,15,馬連,4-14,119.6,119.6,35,https://www.keiba.go.jp/KeibaWeb/TodayRaceInfo/OddsUmLenFuku?k_babaCode=32&k_raceDate=2026%2F10%2F01&k_raceNo=10
2026-10-01 20:30:00,20:29,2026-10-01,saga,10,15,馬連,11-14,120.8,120.8,36,https://www.keiba.go.jp/KeibaWeb/TodayRaceInfo/OddsUmLenFuku?k_babaCode=32&k_raceDate=2026%2F10%2F01&k_raceNo=10
2026-10-01 20:30:00,20:29,2026-10-01,saga,10,15,馬連,2-4,122.0,122.0,37,https://www.keiba.go.jp/KeibaWeb/TodayRaceInfo/OddsUmLenFuku?k_babaCode=32&k_raceDate=2026%2F10%2F01&k_raceNo=10
2026-10-01 20:30:00,20:29,2026-10-01,saga,10,15,馬連,4-7,130.0,130.0,38,https://www.keiba.go.jp/KeibaWeb/TodayRaceInfo/OddsUmLenFuku?k_babaCode=32&k_raceDate=2026%2F10%2F01&k_raceNo=10
2026-10-01 20:30:00,20:29,2026-10-01,saga,10,15,馬連,7-14,130.0,130.0,38,https://www.keiba.go.jp/KeibaWeb/TodayRaceInfo/OddsUmLenFuku?k_babaCode=32&k_raceDate=2026%2F10%2F01&k_raceNo=10
2026-10-01 20:30:00,20:29,2026-10-01,saga,10,15,馬連,7-9,134.4,134.4,40,https://www.keiba.go.jp/KeibaWeb/TodayRaceInfo/OddsUmLenFuku?k_babaCode=32&k_raceDate=2026%2F10%2F01&k_raceNo=10
2026-10-01 20:30:00,20:29,2026-10-01,saga,10,15,馬連,7-11,135.9,135.9,41,https://www.keiba.go.jp/KeibaWeb/TodayRaceInfo/OddsUmLenFuku?k_babaCode=32&k_raceDate=2026%2F10%2F01&k_raceNo=10
2026-10-01 20:30:00,20:29,2026-10-01,saga,10,15,馬連,1-3,137.5,137.5,42,https://www.keiba.go.jp/KeibaWeb/TodayRaceInfo/OddsUmLenFuku?k_babaCode=32&k_raceDate=2026%2F10%2F01&k_raceNo=10
2026-10-01 20:30:00,20:29,2026-10-01,saga,10,15,馬連,2-11,139.1,139.1,43,https://www.keiba.go.jp/KeibaWeb/TodayRaceInfo/OddsUmLenFuku?k_babaCode=32&k_raceDate=2026%2F10%2F01&k_raceNo=10
2026-10-01 20:30:00,20:29,2026-10-01,saga,10,15,馬連,2-7,173.4,173.4,44,https://www.keiba.go.jp/KeibaWeb/TodayRaceInfo/OddsUmLenFuku?k_babaCode=32&k_raceDate=2026%2F10%2F01&k_raceNo=10
2026-10-01 20:30:00,20:29,2026-10-01,saga,10,15,馬連,2-14,173.4,173.4,44,https://www.keiba.go.jp/KeibaWeb/TodayRaceInfo/OddsUmLenFuku?k_babaCode=32&k_raceDate=2026%2F10%2F01&k_raceNo=10
2026-10-01 20:30:00,20:29,2026-10-01,saga,10,15,馬連,1-8,184.0,184.0,46,https://www.keiba.go.jp/KeibaWeb/TodayRaceInfo/OddsUmLenFuku?k_babaCode=32&k_raceDate=2026%2F10%2F01&k_raceNo=10
2026-10-01 20:30:00,20:29,2026-10-01,saga,10,15,馬連,3-9,184.0,184.0,46,https://www.keiba.go.jp/KeibaWeb/TodayRaceInfo/OddsUmLenFuku?k_babaCode=32&k_raceDate=2026%2F10%2F01&k_raceNo=10
2026-10-01 20:30:00,20:29,2026-10-01,saga,10,15,馬連,9-14,184.0,184.0,46,https://www.keiba.go.jp/KeibaWeb/TodayRaceInfo/OddsUmLenFuku?k_babaCode=32&k_raceDate=2026%2F10%2F01&k_raceNo=10
2026-10-01 20:30:00,20:29,2026-10-01,saga,10,15,馬連,1-12,192.9,192.9,49,https://www.keiba.go.jp/KeibaWeb/TodayRaceInfo/OddsUmLenFuku?k_babaCode=32&k_raceDate=2026%2F10%2F01&k_raceNo=10
2026-10-01 20:30:00,20:29,2026-10-01,saga,10,15,馬連,5-10,196.1,196.1,50,https://www.keiba.go.jp/KeibaWeb/TodayRaceInfo/OddsUmLenFuku?k_babaCode=32&k_raceDate=2026%2F10%2F01&k_raceNo=10
2026-10-01 20:30:00,20:29,2026-10-01,saga,10,15,馬連,5-13,199.4,199.4,51,https://www.keiba.go.jp/KeibaWeb/TodayRaceInfo/OddsUmLenFuku?k_babaCode=32&k_raceDate=2026%2F10%2F01&k_raceNo=10
2026-10-01 20:30:00,20:29,2026-10-01,saga,10,15,馬連,3-4,206.2,206.2,52,https://www.keiba.go.jp/KeibaWeb/TodayRaceInfo/OddsUmLenFuku?k_babaCode=32&k_raceDate=2026%2F10%2F01&k_raceNo=10
2026-10-01 20:30:00,20:29,2026-10-01,saga,10,15,馬連,4-6,217.5,217.5,53,https://www.keiba.go.jp/KeibaWeb/TodayRaceInfo/OddsUmLenFuku?k_babaCode=32&k_raceDate=2026%2F10%2F01&k_raceNo=10
2026-10-01 20:30:00,20:29,2026-10-01,saga,10,15,馬連,6-11,217.5,217.5,53,https://www.keiba.go.jp/KeibaWeb/TodayRaceInfo/OddsUmLenFuku?k_babaCode=32&k_raceDate=2026%2F10%2F01&k_raceNo=10
2026-10-01 20:30:00,20:29,2026-10-01,saga,10,15,馬連,6-9,221.5,221.5,55,https://www.keiba.go.jp/KeibaWeb/TodayRaceInfo/OddsUmLenFuku?k_babaCode=32&k_raceDate=2026%2F10%2F01&k_raceNo=10
2026-10-01 20:30:00,20:29,2026-10-01,saga,10,15,馬連,3-7,225.7,225.7,56,https://www.keiba.go.jp/KeibaWeb/TodayRaceInfo/OddsUmLenFuku?k_babaCode=32&k_raceDate=2026%2F10%2F01&k_raceNo=10
2026-10-01 20:30:00,20:29,2026-10-01,saga,10,15,馬連,6-14,249.2,249.2,57,https://www.keiba.go.jp/KeibaWeb/TodayRaceInfo/OddsUmLenFuku?k_babaCode=32&k_raceDate=2026%2F10%2F01&k_raceNo=10
2026-10-01 20:30:00,20:29,2026-10-01,saga,10,15,馬連,6-7,254.5,254.5,58,https://www.keiba.go.jp/KeibaWeb/TodayRaceInfo/OddsUmLenFuku?k_babaCode=32&k_raceDate=2026%2F10%2F01&k_raceNo=10
2026-10-01 20:30:00,20:29,2026-10-01,saga,10,15,馬連,1-5,260.1,260.1,59,https://www.keiba.go.jp/KeibaWeb/TodayRaceInfo/OddsUmLenFuku?k_babaCode=32&k_raceDate=2026%2F10%2F01&k_raceNo=10
2026-10-01 20:30:00,20:29,2026-10-01,saga,10,15,馬連,2-6,260.1,260.1,59,https://www.keiba.go.jp/KeibaWeb/TodayRaceInfo/OddsUmLenFuku?k_babaCode=32&k_raceDate=2026%2F10%2F01&k_raceNo=10
2026-10-01 20:30:00,20:29,2026-10-01,saga,10,15,馬連,3-11,284.8,284.8,61,https://www.keiba.go.jp/KeibaWeb/TodayRaceInfo/OddsUmLenFuku?k_babaCode=32&k_raceDate=2026%2F10%2F01&k_raceNo=10
2026-10-01 20:30:00,20:29,2026-10-01,saga,10,15,馬連,9-12,284.8,284.8,61,https://www.keiba.go.jp/KeibaWeb/TodayRaceInfo/OddsUmLenFuku?k_babaCode=32&k_raceDate=2026%2F10%2F01&k_raceNo=10
2026-10-01 20:30:00,20:29,2026-10-01,saga,10,15,馬連,2-5,299.1,299.1,63,https://www.keiba.go.jp/KeibaWeb/TodayRaceInfo/OddsUmLenFuku?k_babaCode=32&k_raceDate=2026%2F10%2F01&k_raceNo=10
2026-10-01 20:30:00,20:29,2026-10-01,saga,10,15,馬連,8-11,306.7,306.7,64,https://www.keiba.go.jp/KeibaWeb/TodayRaceInfo/OddsUmLenFuku?k_babaCode=32&k_raceDate=2026%2F10%2F01&k_raceNo=10
2026-10-01 20:30:00,20:29,2026-10-01,saga,10,15,馬連,11-12,314.8,314.8,65,https://www.keiba.go.jp/KeibaWeb/TodayRaceInfo/OddsUmLenFuku?k_babaCode=32&k_raceDate=2026%2F10%2F01&k_raceNo=10
2026-10-01 20:30:00,20:29,2026-10-01,saga,10,15,馬連,7-12,323.3,323.3,66,https://www.keiba.go.jp/KeibaWeb/TodayRaceInfo/OddsUmLenFuku?k_babaCode=32&k_raceDate=2026%2F10%2F01&k_raceNo=10
2026-10-01 20:30:00,20:29,2026-10-01,saga,10,15,馬連,8-9,341.8,341.8,67,https://www.keiba.go.jp/KeibaWeb/TodayRaceInfo/OddsUmLenFuku?k_babaCode=32&k_raceDate=2026%2F10%2F01&k_raceNo=10
2026-10-01 20:30:00,20:29,2026-10-01,saga,10,15,馬連,2-12,351.9,351.9,68,https://www.keiba.go.jp/KeibaWeb/TodayRaceInfo/OddsUmLenFuku?k_babaCode=32&k_raceDate=2026%2F10%2F01&k_raceNo=10
2026-10-01 20:30:00,20:29,2026-10-01,saga,10,15,馬連,7-8,362.5,362.5,69,https://www.keiba.go.jp/KeibaWeb/TodayRaceInfo/OddsUmLenFuku?k_babaCode=32&k_raceDate=2026%2F10%2F01&k_raceNo=10
2026-10-01 20:30:00,20:29,2026-10-01,saga,10,15,馬連,12-14,373.8,373.8,70,https://www.keiba.go.jp/KeibaWeb/TodayRaceInfo/OddsUmLenFuku?k_babaCode=32&k_raceDate=2026%2F10%2F01&k_raceNo=10
2026-10-01 20:30:00,20:29,2026-10-01,saga,10,15,馬連,2-3,385.9,385.9,71,https://www.keiba.go.jp/KeibaWeb/TodayRaceInfo/OddsUmLenFuku?k_babaCode=32&k_raceDate=2026%2F10%2F01&k_raceNo=10
2026-10-01 20:30:00,20:29,2026-10-01,saga,10,15,馬連,3-6,385.9,385.9,71,https://www.keiba.go.jp/KeibaWeb/TodayRaceInfo/OddsUmLenFuku?k_babaCode=32&k_raceDate=2026%2F10%2F01&k_raceNo=10
2026-10-01 20:30:00,20:29,2026-10-01,saga,10,15,馬連,4-8,385.9,385.9,71,https://www.keiba.go.jp/KeibaWeb/TodayRaceInfo/OddsUmLenFuku?k_babaCode=32&k_raceDate=2026%2F10%2F01&k_raceNo=10
2026-10-01 20:30:00,20:29,2026-10-01,saga,10,15,馬連,6-12,385.9,385.9,71,https://www.keiba.go.jp/KeibaWeb/TodayRaceInfo/OddsUmLenFuku?k_babaCode=32&k_raceDate=2026%2F10%2F01&k_raceNo=10
2026-10-01 20:30:00,20:29,2026-10-01,saga,10,15,馬連,6-8,398.8,398.8,75,https://www.keiba.go.jp/KeibaWeb/TodayRaceInfo/OddsUmLenFuku?k_babaCode=32&k_raceDate=2026%2F10%2F01&k_raceNo=10
2026-10-01 20:30:00,20:29,2026-10-01,saga,10,15,馬連,2-8,412.5,412.5,76,https://www.keiba.go.jp/KeibaWeb/TodayRaceInfo/OddsUmLenFuku?k_babaCode=32&k_raceDate=2026%2F10%2F01&k_raceNo=10
2026-10-01 20:30:00,20:29,2026-10-01,saga,10,15,馬連,3-8,412.5,412.5,76,https://www.keiba.go.jp/KeibaWeb/TodayRaceInfo/OddsUmLenFuku?k_babaCode=32&k_raceDate=2026%2F10%2F01&k_raceNo=10
2026-10-01 20:30:00,20:29,2026-10-01,saga,10,15,馬連,8-14,443.1,443.1,78,https://www.keiba.go.jp/KeibaWeb/TodayRaceInfo/OddsUmLenFuku?k_babaCode=32&k_raceDate=2026%2F10%2F01&k_raceNo=10
2026-10-01 20:30:00,20:29,2026-10-01,saga,10,15,馬連,3-14,460.1,460.1,79,https://www.keiba.go.jp/KeibaWeb/TodayRaceInfo/OddsUmLenFuku?k_babaCode=32&k_raceDate=2026%2F10%2F01&k_raceNo=10
2026-10-01 20:30:00,20:29,2026-10-01,saga,10,15,馬連,8-12,460.1,460.1,79,https://www.keiba.go.jp/KeibaWeb/TodayRaceInfo/OddsUmLenFuku?k_babaCode=32&k_raceDate=2026%2F10%2F01&k_raceNo=10
2026-10-01 20:30:00,20:29,2026-10-01,saga,10,15,馬連,5-7,478.5,478.5,81,https://www.keiba.go.jp/KeibaWeb/TodayRaceInfo/OddsUmLenFuku?k_babaCode=32&k_raceDate=2026%2F10%2F01&k_raceNo=10
2026-10-01 20:30:00,20:29,2026-10-01,saga,10,15,馬連,4-12,498.5,498.5,82,https://www.keiba.go.jp/KeibaWeb/TodayRaceInfo/OddsUmLenFuku?k_babaCode=32&k_raceDate=2026%2F10%2F01&k_raceNo=10
2026-10-01 20:30:00,20:29,2026-10-01,saga,10,15,馬連,5-11,520.2,520.2,83,https://www.keiba.go.jp/KeibaWeb/TodayRaceInfo/OddsUmLenFuku?k_babaCode=32&k_raceDate=2026%2F10%2F01&k_raceNo=10
2026-10-01 20:30:00,20:29,2026-10-01,saga,10,15,馬連,4-5,569.7,569.7,84,https://www.keiba.go.jp/KeibaWeb/TodayRaceInfo/OddsUmLenFuku?k_babaCode=32&k_raceDate=2026%2F10%2F01&k_raceNo=10
2026-10-01 20:30:00,20:29,2026-10-01,saga,10,15,馬連,5-9,569.7,569.7,84,https://www.keiba.go.jp/KeibaWeb/TodayRaceInfo/OddsUmLenFuku?k_babaCode=32&k_raceDate=2026%2F10%2F01&k_raceNo=10
2026-10-01 20:30:00,20:29,2026-10-01,saga,10,15,馬連,5-6,598.2,598.2,86,https://www.keiba.go.jp/KeibaWeb/TodayRaceInfo/OddsUmLenFuku?k_babaCode=32&k_raceDate=2026%2F10%2F01&k_raceNo=10
2026-10-01 20:30:00,20:29,2026-10-01,saga,10,15,馬連,3-12,629.7,629.7,87,https://www.keiba.go.jp/KeibaWeb/TodayRaceInfo/OddsUmLenFuku?k_babaCode=32&k_raceDate=2026%2F10%2F01&k_raceNo=10
2026-10-01 20:30:00,20:29,2026-10-01,saga,10,15,馬連,3-5,703.8,703.8,88,https://www.keiba.go.jp/KeibaWeb/TodayRaceInfo/OddsUmLenFuku?k_babaCode=32&k_raceDate=2026%2F10%2F01&k_raceNo=10
2026-10-01 20:30:00,20:29,2026-10-01,saga,10,15,馬連,5-8,854.6,854.6,89,https://www.keiba.go.jp/KeibaWeb/TodayRaceInfo/OddsUmLenFuku?k_babaCode=32&k_raceDate=2026%2F10%2F01&k_raceNo=10
2026-10-01 20:30:00,20:29,2026-10-01,saga,10,15,馬連,5-14,997.0,997.0,90,https://www.keiba.go.jp/KeibaWeb/TodayRaceInfo/OddsUmLenFuku?k_babaCode=32&k_raceDate=2026%2F10%2F01&k_raceNo=10
2026-10-01 20:30:00,20:29,2026-10-01,saga,10,15,馬連,5-12,2392.9,2392.9,91,https://www.keiba.go.jp/KeibaWeb/TodayRaceInfo/OddsUmLenFuku?k_babaCode=32&k_raceDate=2026%2F10%2F01&k_raceNo=10
2026-10-01 20:30:00,20:29,2026-10-01,saga,10,15,ワイド,10-13,2.0,2.2,1,https://www.keiba.go.jp/KeibaWeb/TodayRaceInfo/OddsWide?k_babaCode=32&k_raceDate=2026%2F10%2F01&k_raceNo=10
2026-10-01 20:30:00,20:29,2026-10-01,saga,10,15,ワイド,9-13,5.5,6.5,2,https://www.keiba.go.jp/KeibaWeb/TodayRaceInfo/OddsWide?k_babaCode=32&k_raceDate=2026%2F10%2F01&k_raceNo=10
2026-10-01 20:30:00,20:29,2026-10-01,saga,10,15,ワイド,1-13,5.5,6.6,3,https://www.keiba.go.jp/KeibaWeb/TodayRaceInfo/OddsWide?k_babaCode=32&k_raceDate=2026%2F10%2F01&k_raceNo=10
2026-10-01 20:30:00,20:29,2026-10-01,saga,10,15,ワイド,11-13,5.7,6.8,4,https://www.keiba.go.jp/KeibaWeb/TodayRaceInfo/OddsWide?k_babaCode=32&k_raceDate=2026%2F10%2F01&k_raceNo=10
2026-10-01 20:30:00,20:29,2026-10-01,saga,10,15,ワイド,2-10,6.2,7.2,5,https://www.keiba.go.jp/KeibaWeb/TodayRaceInfo/OddsWide?k_babaCode=32&k_raceDate=2026%2F10%2F01&k_raceNo=10
2026-10-01 20:30:00,20:29,2026-10-01,saga,10,15,ワイド,4-13,6.3,7.5,6,https://www.keiba.go.jp/KeibaWeb/TodayRaceInfo/OddsWide?k_babaCode=32&k_raceDate=2026%2F10%2F01&k_raceNo=10
2026-10-01 20:30:00,20:29,2026-10-01,saga,10,15,ワイド,1-10,6.4,7.7,7,https://www.keiba.go.jp/KeibaWeb/TodayRaceInfo/OddsWide?k_babaCode=32&k_raceDate=2026%2F10%2F01&k_raceNo=10
2026-10-01 20:30:00,20:29,2026-10-01,saga,10,15,ワイド,10-11,6.9,8.3,8,https://www.keiba.go.jp/KeibaWeb/TodayRaceInfo/OddsWide?k_babaCode=32&k_raceDate=2026%2F10%2F01&k_raceNo=10
2026-10-01 20:30:00,20:29,2026-10-01,saga,10,15,ワイド,4-10,7.5,9.0,9,https://www.keiba.go.jp/KeibaWeb/TodayRaceInfo/OddsWide?k_babaCode=32&k_raceDate=2026%2F10%2F01&k_raceNo=10
2026-10-01 20:30:00,20:29,2026-10-01,saga,10,15,ワイド,9-10,7.7,9.3,10,https://www.keiba.go.jp/KeibaWeb/TodayRaceInfo/OddsWide?k_babaCode=32&k_raceDate=2026%2F10%2F01&k_raceNo=10
2026-10-01 20:30:00,20:29,2026-10-01,saga,10,15,ワイド,13-14,9.2,10.8,11,https://www.keiba.go.jp/KeibaWeb/TodayRaceInfo/OddsWide?k_babaCode=32&k_raceDate=2026%2F10%2F01&k_raceNo=10
2026-10-01 20:30:00,20:29,2026-10-01,saga,10,15,ワイド,7-13,9.5,11.3,12,https://www.keiba.go.jp/KeibaWeb/TodayRaceInfo/OddsWide?k_babaCode=32&k_raceDate=2026%2F10%2F01&k_raceNo=10
2026-10-01 20:30:00,20:29,2026-10-01,saga,10,15,ワイド,7-10,9.7,11.5,13,https://www.keiba.go.jp/KeibaWeb/TodayRaceInfo/OddsWide?k_babaCode=32&k_raceDate=2026%2F10%2F01&k_raceNo=10
2026-10-01 20:30:00,20:29,2026-10-01,saga,10,15,ワイド,3-13,11.5,13.5,14,https://www.keiba.go.jp/KeibaWeb/TodayRaceInfo/OddsWide?k_babaCode=32&k_raceDate=2026%2F10%2F01&k_raceNo=10
2026-10-01 20:30:00,20:29,2026-10-01,saga,10,15,ワイド,2-13,14.0,16.8,15,https://www.keiba.go.jp/KeibaWeb/TodayRaceInfo/OddsWide?k_babaCode=32&k_raceDate=2026%2F10%2F01&k_raceNo=10
2026-10-01 20:30:00,20:29,2026-10-01,saga,10,15,ワイド,8-10,14.2,16.6,16,https://www.keiba.go.jp/KeibaWeb/TodayRaceInfo/OddsWide?k_babaCode=32&k_raceDate=2026%2F10%2F01&k_raceNo=10
2026-10-01 20:30:00,20:29,2026-10-01,saga,10,15,ワイド,6-10,15.4,18.0,17,https://www.keiba.go.jp/KeibaWeb/TodayRaceInfo/OddsWide?k_babaCode=32&k_raceDate=2026%2F10%2F01&k_raceNo=10
2026-10-01 20:30:00,20:29,2026-10-01,saga,10,15,ワイド,4-7,16.4,17.3,18,https://www.keiba.go.jp/KeibaWeb/TodayRaceInfo/OddsWide?k_babaCode=32&k_raceDate=2026%2F10%2F01&k_raceNo=10
2026-10-01 20:30:00,20:29,2026-10-01,saga,10,15,ワイド,1-4,16.7,18.0,19,https://www.keiba.go.jp/KeibaWeb/TodayRaceInfo/OddsWide?k_babaCode=32&k_raceDate=2026%2F10%2F01&k_raceNo=10
2026-10-01 20:30:00,20:29,2026-10-01,saga,10,15,ワイド,1-9,16.7,18.1,20,https://www.keiba.go.jp/KeibaWeb/TodayRaceInfo/OddsWide?k_babaCode=32&k_raceDate=2026%2F10%2F01&k_raceNo=10
2026-10-01 20:30:00,20:29,2026-10-01,saga,10,15,ワイド,4-11,17.1,18.4,21,https://www.keiba.go.jp/KeibaWeb/TodayRaceInfo/OddsWide?k_babaCode=32&k_raceDate=2026%2F10%2F01&k_raceNo=10
2026-10-01 20:30:00,20:29,2026-10-01,saga,10,15,ワイド,10-14,18.0,21.5,22,https://www.keiba.go.jp/KeibaWeb/TodayRaceInfo/OddsWide?k_babaCode=32&k_raceDate=2026%2F10%2F01&k_raceNo=10
2026-10-01 20:30:00,20:29,2026-10-01,saga,10,15,ワイド,12-13,18.9,22.1,23,https://www.keiba.go.jp/KeibaWeb/TodayRaceInfo/OddsWide?k_babaCode=32&k_raceDate=2026%2F10%2F01&k_raceNo=10
2026-10-01 20:30:00,20:29,2026-10-01,saga,10,15,ワイド,1-11,19.0,20.5,24,https://www.keiba.go.jp/KeibaWeb/TodayRaceInfo/OddsWide?k_babaCode=32&k_raceDate=2026%2F10%2F01&k_raceNo=10
2026-10-01 20:30:00,20:29,2026-10-01,saga,10,15,ワイド,4-9,19.4,20.8,25,https://www.keiba.go.jp/KeibaWeb/TodayRaceInfo/OddsWide?k_babaCode=32&k_raceDate=2026%2F10%2F01&k_raceNo=10
2026-10-01 20:30:00,20:29,2026-10-01,saga,10,15,ワイド,1-2,19.6,21.0,26,https://www.keiba.go.jp/KeibaWeb/TodayRaceInfo/OddsWide?k_babaCode=32&k_raceDate=2026%2F10%2F01&k_raceNo=10
2026-10-01 20:30:00,20:29,2026-10-01,saga,10,15,ワイド,6-13,22.7,26.7,27,https://www.keiba.go.jp/KeibaWeb/TodayRaceInfo/OddsWide?k_babaCode=32&k_raceDate=2026%2F10%2F01&k_raceNo=10
2026-10-01 20:30:00,20:29,2026-10-01,saga,10,15,ワイド,4-6,23.0,23.9,28,https://www.keiba.go.jp/KeibaWeb/TodayRaceInfo/OddsWide?k_babaCode=32&k_raceDate=2026%2F10%2F01&k_raceNo=10
2026-10-01 20:30:00,20:29,2026-10-01,saga,10,15,ワイド,3-10,24.0,28.4,29,https://www.keiba.go.jp/KeibaWeb/TodayRaceInfo/OddsWide?k_babaCode=32&k_raceDate=2026%2F10%2F01&k_raceNo=10
2026-10-01 20:30:00,20:29,2026-10-01,saga,10,15,ワイド,9-11,24.4,26.4,30,https://www.keiba.go.jp/KeibaWeb/TodayRaceInfo/OddsWide?k_babaCode=32&k_raceDate=2026%2F10%2F01&k_raceNo=10
2026-10-01 20:30:00,20:29,2026-10-01,saga,10,15,ワイド,8-13,24.8,29.3,31,https://www.keiba.go.jp/KeibaWeb/TodayRaceInfo/OddsWide?k_babaCode=32&k_raceDate=2026%2F10%2F01&k_raceNo=10
2026-10-01 20:30:00,20:29,2026-10-01,saga,10,15,ワイド,2-6,26.6,27.9,32,https://www.keiba.go.jp/KeibaWeb/TodayRaceInfo/OddsWide?k_babaCode=32&k_raceDate=2026%2F10%2F01&k_raceNo=10
2026-10-01 20:30:00,20:29,2026-10-01,saga,10,15,ワイド,2-4,26.8,28.4,33,https://www.keiba.go.jp/KeibaWeb/TodayRaceInfo/OddsWide?k_babaCode=32&k_raceDate=2026%2F10%2F01&k_raceNo=10
2026-10-01 20:30:00,20:29,2026-10-01,saga,10,15,ワイド,10-12,26.8,31.5,34,https://www.keiba.go.jp/KeibaWeb/TodayRaceInfo/OddsWide?k_babaCode=32&k_raceDate=2026%2F10%2F01&k_raceNo=10
2026-10-01 20:30:00,20:29,2026-10-01,saga,10,15,ワイド,1-7,28.4,30.2,35,https://www.keiba.go.jp/KeibaWeb/TodayRaceInfo/OddsWide?k_babaCode=32&k_raceDate=2026%2F10%2F01&k_raceNo=10
2026-10-01 20:30:00,20:29,2026-10-01,saga,10,15,ワイド,2-5,29.1,30.2,36,https://www.keiba.go.jp/KeibaWeb/TodayRaceInfo/OddsWide?k_babaCode=32&k_raceDate=2026%2F10%2F01&k_raceNo=10
2026-10-01 20:30:00,20:29,2026-10-01,saga,10,15,ワイド,4-14,29.3,31.0,37,https://www.keiba.go.jp/KeibaWeb/TodayRaceInfo/OddsWide?k_babaCode=32&k_raceDate=2026%2F10%2F01&k_raceNo=10
2026-10-01 20:30:00,20:29,2026-10-01,saga,10,15,ワイド,2-9,30.9,32.8,38,https://www.keiba.go.jp/KeibaWeb/TodayRaceInfo/OddsWide?k_babaCode=32&k_raceDate=2026%2F10%2F01&k_raceNo=10
2026-10-01 20:30:00,20:29,2026-10-01,saga,10,15,ワイド,2-7,32.4,34.2,39,https://www.keiba.go.jp/KeibaWeb/TodayRaceInfo/OddsWide?k_babaCode=32&k_raceDate=2026%2F10%2F01&k_raceNo=10
2026-10-01 20:30:00,20:29,2026-10-01,saga,10,15,ワイド,2-3,34.8,36.2,40,https://www.keiba.go.jp/KeibaWeb/TodayRaceInfo/OddsWide?k_babaCode=32&k_raceDate=2026%2F10%2F01&k_raceNo=10
2026-10-01 20:30:00,20:29,2026-10-01,saga,10,15,ワイド,5-6,38.2,38.8,41,https://www.keiba.go.jp/KeibaWeb/TodayRaceInfo/OddsWide?k_babaCode=32&k_raceDate=2026%2F10%2F01&k_raceNo=10
2026-10-01 20:30:00,20:29,2026-10-01,saga,10,15,ワイド,1-14,42.0,44.7,42,https://www.keiba.go.jp/KeibaWeb/TodayRaceInfo/OddsWide?k_babaCode=32&k_raceDate=2026%2F10%2F01&k_raceNo=10
2026-10-01 20:30:00,20:29,2026-10-01,saga,10,15,ワイド,2-11,44.3,47.2,43,https://www.keiba.go.jp/KeibaWeb/TodayRaceInfo/OddsWide?k_babaCode=32&k_raceDate=2026%2F10%2F01&k_raceNo=10
2026-10-01 20:30:00,20:29,2026-10-01,saga,10,15,ワイド,7-11,46.6,49.5,44,https://www.keiba.go.jp/KeibaWeb/TodayRaceInfo/OddsWide?k_babaCode=32&k_raceDate=2026%2F10%2F01&k_raceNo=10
2026-10-01 20:30:00,20:29,2026-10-01,saga,10,15,ワイド,5-10,48.9,56.9,45,https://www.keiba.go.jp/KeibaWeb/TodayRaceInfo/OddsWide?k_babaCode=32&k_raceDate=2026%2F10%2F01&k_raceNo=10
2026-10-01 20:30:00,20:29,2026-10-01,saga,10,15,ワイド,9-14,50.0,53.3,46,https://www.keiba.go.jp/KeibaWeb/TodayRaceInfo/OddsWide?k_babaCode=32&k_raceDate=2026%2F10%2F01&k_raceNo=10
2026-10-01 20:30:00,20:29,2026-10-01,saga,10,15,ワイド,3-4,51.6,54.3,47,https://www.keiba.go.jp/KeibaWeb/TodayRaceInfo/OddsWide?k_babaCode=32&k_raceDate=2026%2F10%2F01&k_raceNo=10
2026-10-01 20:30:00,20:29,2026-10-01,saga,10,15,ワイド,4-8,52.1,54.2,48,https://www.keiba.go.jp/KeibaWeb/TodayRaceInfo/OddsWide?k_babaCode=32&k_raceDate=2026%2F10%2F01&k_raceNo=10
2026-10-01 20:30:00,20:29,2026-10-01,saga,10,15,ワイド,7-9,52.1,55.4,49,https://www.keiba.go.jp/KeibaWeb/TodayRaceInfo/OddsWide?k_babaCode=32&k_raceDate=2026%2F10%2F01&k_raceNo=10
2026-10-01 20:30:00,20:29,2026-10-01,saga,10,15,ワイド,6-11,53.5,55.8,50,https://www.keiba.go.jp/KeibaWeb/TodayRaceInfo/OddsWide?k_babaCode=32&k_raceDate=2026%2F10%2F01&k_raceNo=10
2026-10-01 20:30:00,20:29,2026-10-01,saga,10,15,ワイド,8-11,55.2,57.7,51,https://www.keiba.go.jp/KeibaWeb/TodayRaceInfo/OddsWide?k_babaCode=32&k_raceDate=2026%2F10%2F01&k_raceNo=10
2026-10-01 20:30:00,20:29,2026-10-01,saga,10,15,ワイド,11-12,55.6,58.4,52,https://www.keiba.go.jp/KeibaWeb/TodayRaceInfo/OddsWide?k_babaCode=32&k_raceDate=2026%2F10%2F01&k_raceNo=10
2026-10-01 20:30:00,20:29,2026-10-01,saga,10,15,ワイド,3-11,55.8,59.0,53,https://www.keiba.go.jp/KeibaWeb/TodayRaceInfo/OddsWide?k_babaCode=32&k_raceDate=2026%2F10%2F01&k_raceNo=10
2026-10-01 20:30:00,20:29,2026-10-01,saga,10,15,ワイド,1-6,56.3,58.9,54,https://www.keiba.go.jp/KeibaWeb/TodayRaceInfo/OddsWide?k_babaCode=32&k_raceDate=2026%2F10%2F01&k_raceNo=10
2026-10-01 20:30:00,20:29,2026-10-01,saga,10,15,ワイド,1-8,58.1,60.8,55,https://www.keiba.go.jp/KeibaWeb/TodayRaceInfo/OddsWide?k_babaCode=32&k_raceDate=2026%2F10%2F01&k_raceNo=10
2026-10-01 20:30:00,20:29,2026-10-01,saga,10,15,ワイド,2-14,58.2,60.9,56,https://www.keiba.go.jp/KeibaWeb/TodayRaceInfo/OddsWide?k_babaCode=32&k_raceDate=2026%2F10%2F01&k_raceNo=10
2026-10-01 20:30:00,20:29,2026-10-01,saga,10,15,ワイド,3-9,58.8,62.3,57,https://www.keiba.go.jp/KeibaWeb/TodayRaceInfo/OddsWide?k_babaCode=32&k_raceDate=2026%2F10%2F01&k_raceNo=10
2026-10-01 20:30:00,20:29,2026-10-01,saga,10,15,ワイド,6-9,59.4,62.2,58,https://www.keiba.go.jp/KeibaWeb/TodayRaceInfo/OddsWide?k_babaCode=32&k_raceDate=2026%2F10%2F01&k_raceNo=10
2026-10-01 20:30:00,20:29,2026-10-01,saga,10,15,ワイド,8-9,59.4,62.3,59,https://www.keiba.go.jp/KeibaWeb/TodayRaceInfo/OddsWide?k_babaCode=32&k_raceDate=2026%2F10%2F01&k_raceNo=10
2026-10-01 20:30:00,20:29,2026-10-01,saga,10,15,ワイド,7-14,62.4,65.2,60,https://www.keiba.go.jp/KeibaWeb/TodayRaceInfo/OddsWide?k_babaCode=32&k_raceDate=2026%2F10%2F01&k_raceNo=10
2026-10-01 20:30:00,20:29,2026-10-01,saga,10,15,ワイド,2-8,66.0,69.2,61,https://www.keiba.go.jp/KeibaWeb/TodayRaceInfo/OddsWide?k_babaCode=32&k_raceDate=2026%2F10%2F01&k_raceNo=10
2026-10-01 20:30:00,20:29,2026-10-01,saga,10,15,ワイド,11-14,66.1,70.3,62,https://www.keiba.go.jp/KeibaWeb/TodayRaceInfo/OddsWide?k_babaCode=32&k_raceDate=2026%2F10%2F01&k_raceNo=10
2026-10-01 20:30:00,20:29,2026-10-01,saga,10,15,ワイド,6-7,66.2,68.4,63,https://www.keiba.go.jp/KeibaWeb/TodayRaceInfo/OddsWide?k_babaCode=32&k_raceDate=2026%2F10%2F01&k_raceNo=10
2026-10-01 20:30:00,20:29,2026-10-01,saga,10,15,ワイド,5-13,66.8,77.6,64,https://www.keiba.go.jp/KeibaWeb/TodayRaceInfo/OddsWide?k_babaCode=32&k_raceDate=2026%2F10%2F01&k_raceNo=10
2026-10-01 20:30:00,20:29,2026-10-01,saga,10,15,ワイド,1-3,68.0,72.0,65,https://www.keiba.go.jp/KeibaWeb/TodayRaceInfo/OddsWide?k_babaCode=32&k_raceDate=2026%2F10%2F01&k_raceNo=10
2026-10-01 20:30:00,20:29,2026-10-01,saga,10,15,ワイド,9-12,70.4,74.1,66,https://www.keiba.go.jp/KeibaWeb/TodayRaceInfo/OddsWide?k_babaCode=32&k_raceDate=2026%2F10%2F01&k_raceNo=10
2026-10-01 20:30:00,20:29,2026-10-01,saga,10,15,ワイド,6-14,70.9,73.0,67,https://www.keiba.go.jp/KeibaWeb/TodayRaceInfo/OddsWide?k_babaCode=32&k_raceDate=2026%2F10%2F01&k_raceNo=10
2026-10-01 20:30:00,20:29,2026-10-01,saga,10,15,ワイド,4-12,77.1,80.5,68,https://www.keiba.go.jp/KeibaWeb/TodayRaceInfo/OddsWide?k_babaCode=32&k_raceDate=2026%2F10%2F01&k_raceNo=10
2026-10-01 20:30:00,20:29,2026-10-01,saga,10,15,ワイド,7-8,77.7,80.4,69,https://www.keiba.go.jp/KeibaWeb/TodayRaceInfo/OddsWide?k_babaCode=32&k_raceDate=2026%2F10%2F01&k_raceNo=10
2026-10-01 20:30:00,20:29,2026-10-01,saga,10,15,ワイド,4-5,85.2,88.2,70,https://www.keiba.go.jp/KeibaWeb/TodayRaceInfo/OddsWide?k_babaCode=32&k_raceDate=2026%2F10%2F01&k_raceNo=10
2026-10-01 20:30:00,20:29,2026-10-01,saga,10,15,ワイド,2-12,88.9,92.5,71,https://www.keiba.go.jp/KeibaWeb/TodayRaceInfo/OddsWide?k_babaCode=32&k_raceDate=2026%2F10%2F01&k_raceNo=10
2026-10-01 20:30:00,20:29,2026-10-01,saga,10,15,ワイド,1-5,89.0,92.8,72,https://www.keiba.go.jp/KeibaWeb/TodayRaceInfo/OddsWide?k_babaCode=32&k_raceDate=2026%2F10%2F01&k_raceNo=10
2026-10-01 20:30:00,20:29,2026-10-01,saga,10,15,ワイド,5-8,89.7,91.2,73,https://www.keiba.go.jp/KeibaWeb/TodayRaceInfo/OddsWide?k_babaCode=32&k_raceDate=2026%2F10%2F01&k_raceNo=10
2026-10-01 20:30:00,20:29,2026-10-01,saga,10,15,ワイド,6-8,90.3,92.6,74,https://www.keiba.go.jp/KeibaWeb/TodayRaceInfo/OddsWide?k_babaCode=32&k_raceDate=2026%2F10%2F01&k_raceNo=10
2026-10-01 20:30:00,20:29,2026-10-01,saga,10,15,ワイド,8-12,90.9,92.7,75,https://www.keiba.go.jp/KeibaWeb/TodayRaceInfo/OddsWide?k_babaCode=32&k_raceDate=2026%2F10%2F01&k_raceNo=10
2026-10-01 20:30:00,20:29,2026-10-01,saga,10,15,ワイド,6-12,91.0,92.6,76,https://www.keiba.go.jp/KeibaWeb/TodayRaceInfo/OddsWide?k_babaCode=32&k_raceDate=2026%2F10%2F01&k_raceNo=10
2026-10-01 20:30:00,20:29,2026-10-01,saga,10,15,ワイド,3-6,95.2,97.5,77,https://www.keiba.go.jp/KeibaWeb/TodayRaceInfo/OddsWide?k_babaCode=32&k_raceDate=2026%2F10%2F01&k_raceNo=10
2026-10-01 20:30:00,20:29,2026-10-01,saga,10,15,ワイド,1-12,96.3,101.3,78,https://www.keiba.go.jp/KeibaWeb/TodayRaceInfo/OddsWide?k_babaCode=32&k_raceDate=2026%2F10%2F01&k_raceNo=10
2026-10-01 20:30:00,20:29,2026-10-01,saga,10,15,ワイド,3-7,107.2,111.5,79,https://www.keiba.go.jp/KeibaWeb/TodayRaceInfo/OddsWide?k_babaCode=32&k_raceDate=2026%2F10%2F01&k_raceNo=10
2026-10-01 20:30:00,20:29,2026-10-01,saga,10,15,ワイド,5-7,108.9,111.6,80,https://www.keiba.go.jp/KeibaWeb/TodayRaceInfo/OddsWide?k_babaCode=32&k_raceDate=2026%2F10%2F01&k_raceNo=10
2026-10-01 20:30:00,20:29,2026-10-01,saga,10,15,ワイド,8-14,112.9,116.3,81,https://www.keiba.go.jp/KeibaWeb/TodayRaceInfo/OddsWide?k_babaCode=32&k_raceDate=2026%2F10%2F01&k_raceNo=10
2026-10-01 20:30:00,20:29,2026-10-01,saga,10,15,ワイド,3-8,113.5,116.3,82,https://www.keiba.go.jp/KeibaWeb/TodayRaceInfo/OddsWide?k_babaCode=32&k_raceDate=2026%2F10%2F01&k_raceNo=10
2026-10-01 20:30:00,20:29,2026-10-01,saga,10,15,ワイド,3-12,118.1,121.6,83,https://www.keiba.go.jp/KeibaWeb/TodayRaceInfo/OddsWide?k_babaCode=32&k_raceDate=2026%2F10%2F01&k_raceNo=10
2026-10-01 20:30:00,20:29,2026-10-01,saga,10,15,ワイド,7-12,120.3,124.3,84,https://www.keiba.go.jp/KeibaWeb/TodayRaceInfo/OddsWide?k_babaCode=32&k_raceDate=2026%2F10%2F01&k_raceNo=10
2026-10-01 20:30:00,20:29,2026-10-01,saga,10,15,ワイド,12-14,123.0,127.2,85,https://www.keiba.go.jp/KeibaWeb/TodayRaceInfo/OddsWide?k_babaCode=32&k_raceDate=2026%2F10%2F01&k_raceNo=10
2026-10-01 20:30:00,20:29,2026-10-01,saga,10,15,ワイド,5-11,138.1,143.5,86,https://www.keiba.go.jp/KeibaWeb/TodayRaceInfo/OddsWide?k_babaCode=32&k_raceDate=2026%2F10%2F01&k_raceNo=10
2026-10-01 20:30:00,20:29,2026-10-01,saga,10,15,ワイド,5-9,149.6,155.9,87,https://www.keiba.go.jp/KeibaWeb/TodayRaceInfo/OddsWide?k_babaCode=32&k_raceDate=2026%2F10%2F01&k_raceNo=10
2026-10-01 20:30:00,20:29,2026-10-01,saga,10,15,ワイド,3-5,157.5,160.7,88,https://www.keiba.go.jp/KeibaWeb/TodayRaceInfo/OddsWide?k_babaCode=32&k_raceDate=2026%2F10%2F01&k_raceNo=10
2026-10-01 20:30:00,20:29,2026-10-01,saga,10,15,ワイド,5-14,161.5,165.6,89,https://www.keiba.go.jp/KeibaWeb/TodayRaceInfo/OddsWide?k_babaCode=32&k_raceDate=2026%2F10%2F01&k_raceNo=10
2026-10-01 20:30:00,20:29,2026-10-01,saga,10,15,ワイド,3-14,163.8,170.6,90,https://www.keiba.go.jp/KeibaWeb/TodayRaceInfo/OddsWide?k_babaCode=32&k_raceDate=2026%2F10%2F01&k_raceNo=10
2026-10-01 20:30:00,20:29,2026-10-01,saga,10,15,ワイド,5-12,414.5,419.2,91,https://www.keiba.go.jp/KeibaWeb/TodayRaceInfo/OddsWide?k_babaCode=32&k_raceDate=2026%2F10%2F01&k_raceNo=10
2026-10-01 20:30:00,20:29,2026-10-01,saga,10,15,三連複,10-11-13,11.3,11.3,1,https://www.keiba.go.jp/KeibaWeb/TodayRaceInfo/Odds3LenFuku?k_babaCode=32&k_raceDate=2026%2F10%2F01&k_raceNo=10
2026-10-01 20:30:00,20:29,2026-10-01,saga,10,15,三連複,4-10-13,14.0,14.0,2,https://www.keiba.go.jp/KeibaWeb/TodayRaceInfo/Odds3LenFuku?k_babaCode=32&k_raceDate=2026%2F10%2F01&k_raceNo=10
2026-10-01 20:30:00,20:29,2026-10-01,saga,10,15,三連複,9-10-13,14.0,14.0,2,https://www.keiba.go.jp/KeibaWeb/TodayRaceInfo/Odds3LenFuku?k_babaCode=32&k_raceDate=2026%2F10%2F01&k_raceNo=10
2026-10-01 20:30:00,20:29,2026-10-01,saga,10,15,三連複,1-10-13,16.8,16.8,4,https://www.keiba.go.jp/KeibaWeb/TodayRaceInfo/Odds3LenFuku?k_babaCode=32&k_raceDate=2026%2F10%2F01&k_raceNo=10
2026-10-01 20:30:00,20:29,2026-10-01,saga,10,15,三連複,10-13-14,22.1,22.1,5,https://www.keiba.go.jp/KeibaWeb/TodayRaceInfo/Odds3LenFuku?k_babaCode=32&k_raceDate=2026%2F10%2F01&k_raceNo=10
2026-10-01 20:30:00,20:29,2026-10-01,saga,10,15,三連複,2-10-13,27.6,27.6,6,https://www.keiba.go.jp/KeibaWeb/TodayRaceInfo/Odds3LenFuku?k_babaCode=32&k_raceDate=2026%2F10%2F01&k_raceNo=10
2026-10-01 20:30:00,20:29,2026-10-01,saga,10,15,三連複,7-10-13,29.2,29.2,7,https://www.keiba.go.jp/KeibaWeb/TodayRaceInfo/Odds3LenFuku?k_babaCode=32&k_raceDate=2026%2F10%2F01&k_raceNo=10
2026-10-01 20:30:00,20:29,2026-10-01,saga,10,15,三連複,9-11-13,33.3,33.3,8,https://www.keiba.go.jp/KeibaWeb/TodayRaceInfo/Odds3LenFuku?k_babaCode=32&k_raceDate=2026%2F10%2F01&k_raceNo=10
2026-10-01 20:30:00,20:29,2026-10-01,saga,10,15,三連複,4-11-13,34.1,34.1,9,https://www.keiba.go.jp/KeibaWeb/TodayRaceInfo/Odds3LenFuku?k_babaCode=32&k_raceDate=2026%2F10%2F01&k_raceNo=10
2026-10-01 20:30:00,20:29,2026-10-01,saga,10,15,三連複,9-10-11,39.3,39.3,10,https://www.keiba.go.jp/KeibaWeb/TodayRaceInfo/Odds3LenFuku?k_babaCode=32&k_raceDate=2026%2F10%2F01&k_raceNo=10
2026-10-01 20:30:00,20:29,2026-10-01,saga,10,15,三連複,4-9-13,39.9,39.9,11,https://www.keiba.go.jp/KeibaWeb/TodayRaceInfo/Odds3LenFuku?k_babaCode=32&k_raceDate=2026%2F10%2F01&k_raceNo=10
2026-10-01 20:30:00,20:29,2026-10-01,saga,10,15,三連複,4-10-11,43.6,43.6,12,https://www.keiba.go.jp/KeibaWeb/TodayRaceInfo/Odds3LenFuku?k_babaCode=32&k_raceDate=2026%2F10%2F01&k_raceNo=10
2026-10-01 20:30:00,20:29,2026-10-01,saga,10,15,三連複,3-10-13,57.5,57.5,13,https://www.keiba.go.jp/KeibaWeb/TodayRaceInfo/Odds3LenFuku?k_babaCode=32&k_raceDate=2026%2F10%2F01&k_raceNo=10
2026-10-01 20:30:00,20:29,2026-10-01,saga,10,15,三連複,1-11-13,58.1,58.1,14,https://www.keiba.go.jp/KeibaWeb/TodayRaceInfo/Odds3LenFuku?k_babaCode=32&k_raceDate=2026%2F10%2F01&k_raceNo=10
2026-10-01 20:30:00,20:29,2026-10-01,saga,10,15,三連複,1-4-13,60.6,60.6,15,https://www.keiba.go.jp/KeibaWeb/TodayRaceInfo/Odds3LenFuku?k_babaCode=32&k_raceDate=2026%2F10%2F01&k_raceNo=10
2026-10-01 20:30:00,20:29,2026-10-01,saga,10,15,三連複,6-10-13,61.6,61.6,16,https://www.keiba.go.jp/KeibaWeb/TodayRaceInfo/Odds3LenFuku?k_babaCode=32&k_raceDate=2026%2F10%2F01&k_raceNo=10
2026-10-01 20:30:00,20:29,2026-10-01,saga,10,15,三連複,1-9-13,66.3,66.3,17,https://www.keiba.go.jp/KeibaWeb/TodayRaceInfo/Odds3LenFuku?k_babaCode=32&k_raceDate=2026%2F10%2F01&k_raceNo=10
2026-10-01 20:30:00,20:29,2026-10-01,saga,10,15,三連複,1-10-11,66.9,66.9,18,https://www.keiba.go.jp/KeibaWeb/TodayRaceInfo/Odds3LenFuku?k_babaCode=32&k_raceDate=2026%2F10%2F01&k_raceNo=10
2026-10-01 20:30:00,20:29,2026-10-01,saga,10,15,三連複,4-9-10,67.7,67.7,19,https://www.keiba.go.jp/KeibaWeb/TodayRaceInfo/Odds3LenFuku?k_babaCode=32&k_raceDate=2026%2F10%2F01&k_raceNo=10
2026-10-01 20:30:00,20:29,2026-10-01,saga,10,15,三連複,4-13-14,68.8,68.8,20,https://www.keiba.go.jp/KeibaWeb/TodayRaceInfo/Odds3LenFuku?k_babaCode=32&k_raceDate=2026%2F10%2F01&k_raceNo=10
2026-10-01 20:30:00,20:29,2026-10-01,saga,10,15,三連複,2-9-13,76.1,76.1,21,https://www.keiba.go.jp/KeibaWeb/TodayRaceInfo/Odds3LenFuku?k_babaCode=32&k_raceDate=2026%2F10%2F01&k_raceNo=10
2026-10-01 20:30:00,20:29,2026-10-01,saga,10,15,三連複,11-13-14,78.8,78.8,22,https://www.keiba.go.jp/KeibaWeb/TodayRaceInfo/Odds3LenFuku?k_babaCode=32&k_raceDate=2026%2F10%2F01&k_raceNo=10
2026-10-01 20:30:00,20:29,2026-10-01,saga,10,15,三連複,2-11-13,80.0,80.0,23,https://www.keiba.go.jp/KeibaWeb/TodayRaceInfo/Odds3LenFuku?k_babaCode=32&k_raceDate=2026%2F10%2F01&k_raceNo=10
2026-10-01 20:30:00,20:29,2026-10-01,saga,10,15,三連複,1-13-14,80.7,80.7,24,https://www.keiba.go.jp/KeibaWeb/TodayRaceInfo/Odds3LenFuku?k_babaCode=32&k_raceDate=2026%2F10%2F01&k_raceNo=10
2026-10-01 20:30:00,20:29,2026-10-01,saga,10,15,三連複,7-9-13,81.7,81.7,25,https://www.keiba.go.jp/KeibaWeb/TodayRaceInfo/Odds3LenFuku?k_babaCode=32&k_raceDate=2026%2F10%2F01&k_raceNo=10
2026-10-01 20:30:00,20:29,2026-10-01,saga,10,15,三連複,2-9-10,82.7,82.7,26,https://www.keiba.go.jp/KeibaWeb/TodayRaceInfo/Odds3LenFuku?k_babaCode=32&k_raceDate=2026%2F10%2F01&k_raceNo=10
2026-10-01 20:30:00,20:29,2026-10-01,saga,10,15,三連複,2-10-11,84.3,84.3,27,https://www.keiba.go.jp/KeibaWeb/TodayRaceInfo/Odds3LenFuku?k_babaCode=32&k_raceDate=2026%2F10%2F01&k_raceNo=10
2026-10-01 20:30:00,20:29,2026-10-01,saga,10,15,三連複,8-10-13,89.5,89.5,28,https://www.keiba.go.jp/KeibaWeb/TodayRaceInfo/Odds3LenFuku?k_babaCode=32&k_raceDate=2026%2F10%2F01&k_raceNo=10
2026-10-01 20:30:00,20:29,2026-10-01,saga,10,15,三連複,7-11-13,89.7,89.7,29,https://www.keiba.go.jp/KeibaWeb/TodayRaceInfo/Odds3LenFuku?k_babaCode=32&k_raceDate=2026%2F10%2F01&k_raceNo=10
2026-10-01 20:30:00,20:29,2026-10-01,saga,10,15,三連複,10-12-13,91.7,91.7,30,https://www.keiba.go.jp/KeibaWeb/TodayRaceInfo/Odds3LenFuku?k_babaCode=32&k_raceDate=2026%2F10%2F01&k_raceNo=10
2026-10-01 20:30:00,20:29,2026-10-01,saga,10,15,三連複,9-13-14,95.9,95.9,31,https://www.keiba.go.jp/KeibaWeb/TodayRaceInfo/Odds3LenFuku?k_babaCode=32&k_raceDate=2026%2F10%2F01&k_raceNo=10
2026-10-01 20:30:00,20:29,2026-10-01,saga,10,15,三連複,1-9-10,96.8,96.8,32,https://www.keiba.go.jp/KeibaWeb/TodayRaceInfo/Odds3LenFuku?k_babaCode=32&k_raceDate=2026%2F10%2F01&k_raceNo=10
2026-10-01 20:30:00,20:29,2026-10-01,saga,10,15,三連複,7-9-10,100.0,100.0,33,https://www.keiba.go.jp/KeibaWeb/TodayRaceInfo/Odds3LenFuku?k_babaCode=32&k_raceDate=2026%2F10%2F01&k_raceNo=10
2026-10-01 20:30:00,20:29,2026-10-01,saga,10,15,三連複,4-9-11,100.5,100.5,34,https://www.keiba.go.jp/KeibaWeb/TodayRaceInfo/Odds3LenFuku?k_babaCode=32&k_raceDate=2026%2F10%2F01&k_raceNo=10
2026-10-01 20:30:00,20:29,2026-10-01,saga,10,15,三連複,10-11-14,104.2,104.2,35,https://www.keiba.go.jp/KeibaWeb/TodayRaceInfo/Odds3LenFuku?k_babaCode=32&k_raceDate=2026%2F10%2F01&k_raceNo=10
2026-10-01 20:30:00,20:29,2026-10-01,saga,10,15,三連複,2-4-13,112.0,112.0,36,https://www.keiba.go.jp/KeibaWeb/TodayRaceInfo/Odds3LenFuku?k_babaCode=32&k_raceDate=2026%2F10%2F01&k_raceNo=10
2026-10-01 20:30:00,20:29,2026-10-01,saga,10,15,三連複,1-4-10,113.2,113.2,37,https://www.keiba.go.jp/KeibaWeb/TodayRaceInfo/Odds3LenFuku?k_babaCode=32&k_raceDate=2026%2F10%2F01&k_raceNo=10
2026-10-01 20:30:00,20:29,2026-10-01,saga,10,15,三連複,2-7-10,113.5,113.5,38,https://www.keiba.go.jp/KeibaWeb/TodayRaceInfo/Odds3LenFuku?k_babaCode=32&k_raceDate=2026%2F10%2F01&k_raceNo=10
2026-10-01 20:30:00,20:29,2026-10-01,saga,10,15,三連複,7-10-11,113.5,113.5,38,https://www.keiba.go.jp/KeibaWeb/TodayRaceInfo/Odds3LenFuku?k_babaCode=32&k_raceDate=2026%2F10%2F01&k_raceNo=10
2026-10-01 20:30:00,20:29,2026-10-01,saga,10,15,三連複,2-7-13,117.6,117.6,40,https://www.keiba.go.jp/KeibaWeb/TodayRaceInfo/Odds3LenFuku?k_babaCode=32&k_raceDate=2026%2F10%2F01&k_raceNo=10
2026-10-01 20:30:00,20:29,2026-10-01,saga,10,15,三連複,4-7-13,121.7,121.7,41,https://www.keiba.go.jp/KeibaWeb/TodayRaceInfo/Odds3LenFuku?k_babaCode=32&k_raceDate=2026%2F10%2F01&k_raceNo=10
2026-10-01 20:30:00,20:29,2026-10-01,saga,10,15,三連複,1-2-13,125.4,125.4,42,https://www.keiba.go.jp/KeibaWeb/TodayRaceInfo/Odds3LenFuku?k_babaCode=32&k_raceDate=2026%2F10%2F01&k_raceNo=10
2026-10-01 20:30:00,20:29,2026-10-01,saga,10,15,三連複,4-10-14,125.7,125.7,43,https://www.keiba.go.jp/KeibaWeb/TodayRaceInfo/Odds3LenFuku?k_babaCode=32&k_raceDate=2026%2F10%2F01&k_raceNo=10
2026-10-01 20:30:00,20:29,2026-10-01,saga,10,15,三連複,1-7-13,127.3,127.3,44,https://www.keiba.go.jp/KeibaWeb/TodayRaceInfo/Odds3LenFuku?k_babaCode=32&k_raceDate=2026%2F10%2F01&k_raceNo=10
2026-10-01 20:30:00,20:29,2026-10-01,saga,10,15,三連複,1-2-10,130.8,130.8,45,https://www.keiba.go.jp/KeibaWeb/TodayRaceInfo/Odds3LenFuku?k_babaCode=32&k_raceDate=2026%2F10%2F01&k_raceNo=10
2026-10-01 20:30:00,20:29,2026-10-01,saga,10,15,三連複,2-4-10,136.4,136.4,46,https://www.keiba.go.jp/KeibaWeb/TodayRaceInfo/Odds3LenFuku?k_babaCode=32&k_raceDate=2026%2F10%2F01&k_raceNo=10
2026-10-01 20:30:00,20:29,2026-10-01,saga,10,15,三連複,7-13-14,141.9,141.9,47,https://www.keiba.go.jp/KeibaWeb/TodayRaceInfo/Odds3LenFuku?k_babaCode=32&k_raceDate=2026%2F10%2F01&k_raceNo=10
2026-10-01 20:30:00,20:29,2026-10-01,saga,10,15,三連複,9-10-14,143.3,143.3,48,https://www.keiba.go.jp/KeibaWeb/TodayRaceInfo/Odds3LenFuku?k_babaCode=32&k_raceDate=2026%2F10%2F01&k_raceNo=10
2026-10-01 20:30:00,20:29,2026-10-01,saga,10,15,三連複,4-7-10,151.6,151.6,49,https://www.keiba.go.jp/KeibaWeb/TodayRaceInfo/Odds3LenFuku?k_babaCode=32&k_raceDate=2026%2F10%2F01&k_raceNo=10
2026-10-01 20:30:00,20:29,2026-10-01,saga,10,15,三連複,5-10-13,155.0,155.0,50,https://www.keiba.go.jp/KeibaWeb/TodayRaceInfo/Odds3LenFuku?k_babaCode=32&k_raceDate=2026%2F10%2F01&k_raceNo=10
2026-10-01 20:30:00,20:29,2026-10-01,saga,10,15,三連複,1-10-14,156.7,156.7,51,https://www.keiba.go.jp/KeibaWeb/TodayRaceInfo/Odds3LenFuku?k_babaCode=32&k_raceDate=2026%2F10%2F01&k_raceNo=10
2026-10-01 20:30:00,20:29,2026-10-01,saga,10,15,三連複,1-7-10,159.7,159.7,52,https://www.keiba.go.jp/KeibaWeb/TodayRaceInfo/Odds3LenFuku?k_babaCode=32&k_raceDate=2026%2F10%2F01&k_raceNo=10
2026-10-01 20:30:00,20:29,2026-10-01,saga,10,15,三連複,2-13-14,161.5,161.5,53,https://www.keiba.go.jp/KeibaWeb/TodayRaceInfo/Odds3LenFuku?k_babaCode=32&k_raceDate=2026%2F10%2F01&k_raceNo=10
2026-10-01 20:30:00,20:29,2026-10-01,saga,10,15,三連複,3-4-13,170.0,170.0,54,https://www.keiba.go.jp/KeibaWeb/TodayRaceInfo/Odds3LenFuku?k_babaCode=32&k_raceDate=2026%2F10%2F01&k_raceNo=10
2026-10-01 20:30:00,20:29,2026-10-01,saga,10,15,三連複,2-10-14,179.5,179.5,55,https://www.keiba.go.jp/KeibaWeb/TodayRaceInfo/Odds3LenFuku?k_babaCode=32&k_raceDate=2026%2F10%2F01&k_raceNo=10
2026-10-01 20:30:00,20:29,2026-10-01,saga,10,15,三連複,3-11-13,202.9,202.9,56,https://www.keiba.go.jp/KeibaWeb/TodayRaceInfo/Odds3LenFuku?k_babaCode=32&k_raceDate=2026%2F10%2F01&k_raceNo=10
2026-10-01 20:30:00,20:29,2026-10-01,saga,10,15,三連複,1-6-13,213.2,213.2,57,https://www.keiba.go.jp/KeibaWeb/TodayRaceInfo/Odds3LenFuku?k_babaCode=32&k_raceDate=2026%2F10%2F01&k_raceNo=10
2026-10-01 20:30:00,20:29,2026-10-01,saga,10,15,三連複,7-10-14,213.2,213.2,57,https://www.keiba.go.jp/KeibaWeb/TodayRaceInfo/Odds3LenFuku?k_babaCode=32&k_raceDate=2026%2F10%2F01&k_raceNo=10
2026-10-01 20:30:00,20:29,2026-10-01,saga,10,15,三連複,4-6-13,218.8,218.8,59,https://www.keiba.go.jp/KeibaWeb/TodayRaceInfo/Odds3LenFuku?k_babaCode=32&k_raceDate=2026%2F10%2F01&k_raceNo=10
2026-10-01 20:30:00,20:29,2026-10-01,saga,10,15,三連複,1-4-9,238.7,238.7,60,https://www.keiba.go.jp/KeibaWeb/TodayRaceInfo/Odds3LenFuku?k_babaCode=32&k_raceDate=2026%2F10%2F01&k_raceNo=10
2026-10-01 20:30:00,20:29,2026-10-01,saga,10,15,三連複,6-9-13,238.7,238.7,60,https://www.keiba.go.jp/KeibaWeb/TodayRaceInfo/Odds3LenFuku?k_babaCode=32&k_raceDate=2026%2F10%2F01&k_raceNo=10
2026-10-01 20:30:00,20:29,2026-10-01,saga,10,15,三連複,11-12-13,240.0,240.0,62,https://www.keiba.go.jp/KeibaWeb/TodayRaceInfo/Odds3LenFuku?k_babaCode=32&k_raceDate=2026%2F10%2F01&k_raceNo=10
2026-10-01 20:30:00,20:29,2026-10-01,saga,10,15,三連複,3-9-13,241.4,241.4,63,https://www.keiba.go.jp/KeibaWeb/TodayRaceInfo/Odds3LenFuku?k_babaCode=32&k_raceDate=2026%2F10%2F01&k_raceNo=10
2026-10-01 20:30:00,20:29,2026-10-01,saga,10,15,三連複,3-4-10,242.8,242.8,64,https://www.keiba.go.jp/KeibaWeb/TodayRaceInfo/Odds3LenFuku?k_babaCode=32&k_raceDate=2026%2F10%2F01&k_raceNo=10
2026-10-01 20:30:00,20:29,2026-10-01,saga,10,15,三連複,1-9-11,248.6,248.6,65,https://www.keiba.go.jp/KeibaWeb/TodayRaceInfo/Odds3LenFuku?k_babaCode=32&k_raceDate=2026%2F10%2F01&k_raceNo=10
2026-10-01 20:30:00,20:29,2026-10-01,saga,10,15,三連複,1-3-13,254.6,254.6,66,https://www.keiba.go.jp/KeibaWeb/TodayRaceInfo/Odds3LenFuku?k_babaCode=32&k_raceDate=2026%2F10%2F01&k_raceNo=10
2026-10-01 20:30:00,20:29,2026-10-01,saga,10,15,三連複,6-11-13,262.5,262.5,67,https://www.keiba.go.jp/KeibaWeb/TodayRaceInfo/Odds3LenFuku?k_babaCode=32&k_raceDate=2026%2F10%2F01&k_raceNo=10
2026-10-01 20:30:00,20:29,2026-10-01,saga,10,15,三連複,6-13-14,264.2,264.2,68,https://www.keiba.go.jp/KeibaWeb/TodayRaceInfo/Odds3LenFuku?k_babaCode=32&k_raceDate=2026%2F10%2F01&k_raceNo=10
2026-10-01 20:30:00,20:29,2026-10-01,saga,10,15,三連複,6-7-13,269.3,269.3,69,https://www.keiba.go.jp/KeibaWeb/TodayRaceInfo/Odds3LenFuku?k_babaCode=32&k_raceDate=2026%2F10%2F01&k_raceNo=10
2026-10-01 20:30:00,20:29,2026-10-01,saga,10,15,三連複,8-10-11,278.2,278.2,70,https://www.keiba.go.jp/KeibaWeb/TodayRaceInfo/Odds3LenFuku?k_babaCode=32&k_raceDate=2026%2F10%2F01&k_raceNo=10
2026-10-01 20:30:00,20:29,2026-10-01,saga,10,15,三連複,4-6-10,280.0,280.0,71,https://www.keiba.go.jp/KeibaWeb/TodayRaceInfo/Odds3LenFuku?k_babaCode=32&k_raceDate=2026%2F10%2F01&k_raceNo=10
2026-10-01 20:30:00,20:29,2026-10-01,saga,10,15,三連複,1-4-11,285.8,285.8,72,https://www.keiba.go.jp/KeibaWeb/TodayRaceInfo/Odds3LenFuku?k_babaCode=32&k_raceDate=2026%2F10%2F01&k_raceNo=10
2026-10-01 20:30:00,20:29,2026-10-01,saga,10,15,三連複,3-10-11,285.8,285.8,72,https://www.keiba.go.jp/KeibaWeb/TodayRaceInfo/Odds3LenFuku?k_babaCode=32&k_raceDate=2026%2F10%2F01&k_raceNo=10
2026-10-01 20:30:00,20:29,2026-10-01,saga,10,15,三連複,1-8-13,291.7,291.7,74,https://www.keiba.go.jp/KeibaWeb/TodayRaceInfo/Odds3LenFuku?k_babaCode=32&k_raceDate=2026%2F10%2F01&k_raceNo=10
2026-10-01 20:30:00,20:29,2026-10-01,saga,10,15,三連複,2-8-10,297.9,297.9,75,https://www.keiba.go.jp/KeibaWeb/TodayRaceInfo/Odds3LenFuku?k_babaCode=32&k_raceDate=2026%2F10%2F01&k_raceNo=10
2026-10-01 20:30:00,20:29,2026-10-01,saga,10,15,三連複,4-8-13,304.4,304.4,76,https://www.keiba.go.jp/KeibaWeb/TodayRaceInfo/Odds3LenFuku?k_babaCode=32&k_raceDate=2026%2F10%2F01&k_raceNo=10
2026-10-01 20:30:00,20:29,2026-10-01,saga,10,15,三連複,6-9-10,308.9,308.9,77,https://www.keiba.go.jp/KeibaWeb/TodayRaceInfo/Odds3LenFuku?k_babaCode=32&k_raceDate=2026%2F10%2F01&k_raceNo=10
2026-10-01 20:30:00,20:29,2026-10-01,saga,10,15,三連複,6-10-11,311.2,311.2,78,https://www.keiba.go.jp/KeibaWeb/TodayRaceInfo/Odds3LenFuku?k_babaCode=32&k_raceDate=2026%2F10%2F01&k_raceNo=10
2026-10-01 20:30:00,20:29,2026-10-01,saga,10,15,三連複,1-8-10,313.5,313.5,79,https://www.keiba.go.jp/KeibaWeb/TodayRaceInfo/Odds3LenFuku?k_babaCode=32&k_raceDate=2026%2F10%2F01&k_raceNo=10
2026-10-01 20:30:00,20:29,2026-10-01,saga,10,15,三連複,9-12-13,313.5,313.5,79,https://www.keiba.go.jp/KeibaWeb/TodayRaceInfo/Odds3LenFuku?k_babaCode=32&k_raceDate=2026%2F10%2F01&k_raceNo=10
2026-10-01 20:30:00,20:29,2026-10-01,saga,10,15,三連複,2-4-11,315.8,315.8,81,https://www.keiba.go.jp/KeibaWeb/TodayRaceInfo/Odds3LenFuku?k_babaCode=32&k_raceDate=2026%2F10%2F01&k_raceNo=10
2026-10-01 20:30:00,20:29,2026-10-01,saga,10,15,三連複,1-6-10,318.2,318.2,82,https://www.keiba.go.jp/KeibaWeb/TodayRaceInfo/Odds3LenFuku?k_babaCode=32&k_raceDate=2026%2F10%2F01&k_raceNo=10
2026-10-01 20:30:00,20:29,2026-10-01,saga,10,15,三連複,4-9-14,325.6,325.6,83,https://www.keiba.go.jp/KeibaWeb/TodayRaceInfo/Odds3LenFuku?k_babaCode=32&k_raceDate=2026%2F10%2F01&k_raceNo=10
2026-10-01 20:30:00,20:29,2026-10-01,saga,10,15,三連複,4-11-14,328.2,328.2,84,https://www.keiba.go.jp/KeibaWeb/TodayRaceInfo/Odds3LenFuku?k_babaCode=32&k_raceDate=2026%2F10%2F01&k_raceNo=10
2026-10-01 20:30:00,20:29,2026-10-01,saga,10,15,三連複,8-11-13,328.2,328.2,84,https://www.keiba.go.jp/KeibaWeb/TodayRaceInfo/Odds3LenFuku?k_babaCode=32&k_raceDate=2026%2F10%2F01&k_raceNo=10
2026-10-01 20:30:00,20:29,2026-10-01,saga,10,15,三連複,1-2-9,333.4,333.4,86,https://www.keiba.go.jp/KeibaWeb/TodayRaceInfo/Odds3LenFuku?k_babaCode=32&k_raceDate=2026%2F10%2F01&k_raceNo=10
2026-10-01 20:30:00,20:29,2026-10-01,saga,10,15,三連複,3-9-10,333.4,333.4,86,https://www.keiba.go.jp/KeibaWeb/TodayRaceInfo/Odds3LenFuku?k_babaCode=32&k_raceDate=2026%2F10%2F01&k_raceNo=10
2026-10-01 20:30:00,20:29,2026-10-01,saga,10,15,三連複,8-9-13,338.8,338.8,88,https://www.keiba.go.jp/KeibaWeb/TodayRaceInfo/Odds3LenFuku?k_babaCode=32&k_raceDate=2026%2F10%2F01&k_raceNo=10
2026-10-01 20:30:00,20:29,2026-10-01,saga,10,15,三連複,10-11-12,344.3,344.3,89,https://www.keiba.go.jp/KeibaWeb/TodayRaceInfo/Odds3LenFuku?k_babaCode=32&k_raceDate=2026%2F10%2F01&k_raceNo=10
2026-10-01 20:30:00,20:29,2026-10-01,saga,10,15,三連複,2-6-13,350.1,350.1,90,https://www.keiba.go.jp/KeibaWeb/TodayRaceInfo/Odds3LenFuku?k_babaCode=32&k_raceDate=2026%2F10%2F01&k_raceNo=10
2026-10-01 20:30:00,20:29,2026-10-01,saga,10,15,三連複,1-7-11,356.0,356.0,91,https://www.keiba.go.jp/KeibaWeb/TodayRaceInfo/Odds3LenFuku?k_babaCode=32&k_raceDate=2026%2F10%2F01&k_raceNo=10
2026-10-01 20:30:00,20:29,2026-10-01,saga,10,15,三連複,1-2-4,362.1,362.1,92,https://www.keiba.go.jp/KeibaWeb/TodayRaceInfo/Odds3LenFuku?k_babaCode=32&k_raceDate=2026%2F10%2F01&k_raceNo=10
2026-10-01 20:30:00,20:29,2026-10-01,saga,10,15,三連複,2-6-10,362.1,362.1,92,https://www.keiba.go.jp/KeibaWeb/TodayRaceInfo/Odds3LenFuku?k_babaCode=32&k_raceDate=2026%2F10%2F01&k_raceNo=10
2026-10-01 20:30:00,20:29,2026-10-01,saga,10,15,三連複,4-7-11,362.1,362.1,92,https://www.keiba.go.jp/KeibaWeb/TodayRaceInfo/Odds3LenFuku?k_babaCode=32&k_raceDate=2026%2F10%2F01&k_raceNo=10
2026-10-01 20:30:00,20:29,2026-10-01,saga,10,15,三連複,1-4-14,375.1,375.1,95,https://www.keiba.go.jp/KeibaWeb/TodayRaceInfo/Odds3LenFuku?k_babaCode=32&k_raceDate=2026%2F10%2F01&k_raceNo=10
2026-10-01 20:30:00,20:29,2026-10-01,saga,10,15,三連複,1-7-9,381.9,381.9,96,https://www.keiba.go.jp/KeibaWeb/TodayRaceInfo/Odds3LenFuku?k_babaCode=32&k_raceDate=2026%2F10%2F01&k_raceNo=10
2026-10-01 20:30:00,20:29,2026-10-01,saga,10,15,三連複,6-7-10,392.6,392.6,97,https://www.keiba.go.jp/KeibaWeb/TodayRaceInfo/Odds3LenFuku?k_babaCode=32&k_raceDate=2026%2F10%2F01&k_raceNo=10
2026-10-01 20:30:00,20:29,2026-10-01,saga,10,15,三連複,2-4-9,396.3,396.3,98,https://www.keiba.go.jp/KeibaWeb/TodayRaceInfo/Odds3LenFuku?k_babaCode=32&k_raceDate=2026%2F10%2F01&k_raceNo=10
2026-10-01 20:30:00,20:29,2026-10-01,saga,10,15,三連複,2-9-11,400.1,400.1,99,https://www.keiba.go.jp/KeibaWeb/TodayRaceInfo/Odds3LenFuku?k_babaCode=32&k_raceDate=2026%2F10%2F01&k_raceNo=10
2026-10-01 20:30:00,20:29,2026-10-01,saga,10,15,三連複,4-12-13,400.1,400.1,99,https://www.keiba.go.jp/KeibaWeb/TodayRaceInfo/Odds3LenFuku?k_babaCode=32&k_raceDate=2026%2F10%2F01&k_raceNo=10
2026-10-01 20:30:00,20:29,2026-10-01,saga,10,15,三連複,2-3-10,403.9,403.9,101,https://www.keiba.go.jp/KeibaWeb/TodayRaceInfo/Odds3LenFuku?k_babaCode=32&k_raceDate=2026%2F10%2F01&k_raceNo=10
2026-10-01 20:30:00,20:29,2026-10-01,saga,10,15,三連複,4-8-10,407.9,407.9,102,https://www.keiba.go.jp/KeibaWeb/TodayRaceInfo/Odds3LenFuku?k_babaCode=32&k_raceDate=2026%2F10%2F01&k_raceNo=10
2026-10-01 20:30:00,20:29,2026-10-01,saga,10,15,三連複,1-4-7,411.8,411.8,103,https://www.keiba.go.jp/KeibaWeb/TodayRaceInfo/Odds3LenFuku?k_babaCode=32&k_raceDate=2026%2F10%2F01&k_raceNo=10
2026-10-01 20:30:00,20:29,2026-10-01,saga,10,15,三連複,1-2-7,415.9,415.9,104,https://www.keiba.go.jp/KeibaWeb/TodayRaceInfo/Odds3LenFuku?k_babaCode=32&k_raceDate=2026%2F10%2F01&k_raceNo=10
2026-10-01 20:30:00,20:29,2026-10-01,saga,10,15,三連複,3-7-10,415.9,415.9,104,https://www.keiba.go.jp/KeibaWeb/TodayRaceInfo/Odds3LenFuku?k_babaCode=32&k_raceDate=2026%2F10%2F01&k_raceNo=10
2026-10-01 20:30:00,20:29,2026-10-01,saga,10,15,三連複,1-12-13,420.1,420.1,106,https://www.keiba.go.jp/KeibaWeb/TodayRaceInfo/Odds3LenFuku?k_babaCode=32&k_raceDate=2026%2F10%2F01&k_raceNo=10
2026-10-01 20:30:00,20:29,2026-10-01,saga,10,15,三連複,3-13-14,424.3,424.3,107,https://www.keiba.go.jp/KeibaWeb/TodayRaceInfo/Odds3LenFuku?k_babaCode=32&k_raceDate=2026%2F10%2F01&k_raceNo=10
2026-10-01 20:30:00,20:29,2026-10-01,saga,10,15,三連複,3-7-13,428.7,428.7,108,https://www.keiba.go.jp/KeibaWeb/TodayRaceInfo/Odds3LenFuku?k_babaCode=32&k_raceDate=2026%2F10%2F01&k_raceNo=10
2026-10-01 20:30:00,20:29,2026-10-01,saga,10,15,三連複,9-10-12,428.7,428.7,108,https://www.keiba.go.jp/KeibaWeb/TodayRaceInfo/Odds3LenFuku?k_babaCode=32&k_raceDate=2026%2F10%2F01&k_raceNo=10
2026-10-01 20:30:00,20:29,2026-10-01,saga,10,15,三連複,7-9-11,433.1,433.1,110,https://www.keiba.go.jp/KeibaWeb/TodayRaceInfo/Odds3LenFuku?k_babaCode=32&k_raceDate=2026%2F10%2F01&k_raceNo=10
2026-10-01 20:30:00,20:29,2026-10-01,saga,10,15,三連複,12-13-14,433.1,433.1,110,https://www.keiba.go.jp/KeibaWeb/TodayRaceInfo/Odds3LenFuku?k_babaCode=32&k_raceDate=2026%2F10%2F01&k_raceNo=10
2026-10-01 20:30:00,20:29,2026-10-01,saga,10,15,三連複,1-2-11,442.2,442.2,112,https://www.keiba.go.jp/KeibaWeb/TodayRaceInfo/Odds3LenFuku?k_babaCode=32&k_raceDate=2026%2F10%2F01&k_raceNo=10
2026-10-01 20:30:00,20:29,2026-10-01,saga,10,15,三連複,1-3-10,442.2,442.2,112,https://www.keiba.go.jp/KeibaWeb/TodayRaceInfo/Odds3LenFuku?k_babaCode=32&k_raceDate=2026%2F10%2F01&k_raceNo=10
2026-10-01 20:30:00,20:29,2026-10-01,saga,10,15,三連複,3-6-13,446.9,446.9,114,https://www.keiba.go.jp/KeibaWeb/TodayRaceInfo/Odds3LenFuku?k_babaCode=32&k_raceDate=2026%2F10%2F01&k_raceNo=10
2026-10-01 20:30:00,20:29,2026-10-01,saga,10,15,三連複,9-11-14,446.9,446.9,114,https://www.keiba.go.jp/KeibaWeb/TodayRaceInfo/Odds3LenFuku?k_babaCode=32&k_raceDate=2026%2F10%2F01&k_raceNo=10
2026-10-01 20:30:00,20:29,2026-10-01,saga,10,15,三連複,2-4-7,451.7,451.7,116,https://www.keiba.go.jp/KeibaWeb/TodayRaceInfo/Odds3LenFuku?k_babaCode=32&k_raceDate=2026%2F10%2F01&k_raceNo=10
2026-10-01 20:30:00,20:29,2026-10-01,saga,10,15,三連複,4-7-9,451.7,451.7,116,https://www.keiba.go.jp/KeibaWeb/TodayRaceInfo/Odds3LenFuku?k_babaCode=32&k_raceDate=2026%2F10%2F01&k_raceNo=10
2026-10-01 20:30:00,20:29,2026-10-01,saga,10,15,三連複,2-3-13,461.6,461.6,118,https://www.keiba.go.jp/KeibaWeb/TodayRaceInfo/Odds3LenFuku?k_babaCode=32&k_raceDate=2026%2F10%2F01&k_raceNo=10
2026-10-01 20:30:00,20:29,2026-10-01,saga,10,15,三連複,8-9-10,461.6,461.6,118,https://www.keiba.go.jp/KeibaWeb/TodayRaceInfo/Odds3LenFuku?k_babaCode=32&k_raceDate=2026%2F10%2F01&k_raceNo=10
2026-10-01 20:30:00,20:29,2026-10-01,saga,10,15,三連複,1-11-14,466.8,466.8,120,https://www.keiba.go.jp/KeibaWeb/TodayRaceInfo/Odds3LenFuku?k_babaCode=32&k_raceDate=2026%2F10%2F01&k_raceNo=10
2026-10-01 20:30:00,20:29,2026-10-01,saga,10,15,三連複,2-7-9,466.8,466.8,120,https://www.keiba.go.jp/KeibaWeb/TodayRaceInfo/Odds3LenFuku?k_babaCode=32&k_raceDate=2026%2F10%2F01&k_raceNo=10
2026-10-01 20:30:00,20:29,2026-10-01,saga,10,15,三連複,1-7-14,482.9,482.9,122,https://www.keiba.go.jp/KeibaWeb/TodayRaceInfo/Odds3LenFuku?k_babaCode=32&k_raceDate=2026%2F10%2F01&k_raceNo=10
2026-10-01 20:30:00,20:29,2026-10-01,saga,10,15,三連複,1-9-14,488.5,488.5,123,https://www.keiba.go.jp/KeibaWeb/TodayRaceInfo/Odds3LenFuku?k_babaCode=32&k_raceDate=2026%2F10%2F01&k_raceNo=10
2026-10-01 20:30:00,20:29,2026-10-01,saga,10,15,三連複,2-8-13,494.2,494.2,124,https://www.keiba.go.jp/KeibaWeb/TodayRaceInfo/Odds3LenFuku?k_babaCode=32&k_raceDate=2026%2F10%2F01&k_raceNo=10
2026-10-01 20:30:00,20:29,2026-10-01,saga,10,15,三連複,2-10-12,494.2,494.2,124,https://www.keiba.go.jp/KeibaWeb/TodayRaceInfo/Odds3LenFuku?k_babaCode=32&k_raceDate=2026%2F10%2F01&k_raceNo=10
2026-10-01 20:30:00,20:29,2026-10-01,saga,10,15,三連複,7-11-14,494.2,494.2,124,https://www.keiba.go.jp/KeibaWeb/TodayRaceInfo/Odds3LenFuku?k_babaCode=32&k_raceDate=2026%2F10%2F01&k_raceNo=10
2026-10-01 20:30:00,20:29,2026-10-01,saga,10,15,三連複,1-5-13,500.1,500.1,127,https://www.keiba.go.jp/KeibaWeb/TodayRaceInfo/Odds3LenFuku?k_babaCode=32&k_raceDate=2026%2F10%2F01&k_raceNo=10
2026-10-01 20:30:00,20:29,2026-10-01,saga,10,15,三連複,1-10-12,506.1,506.1,128,https://www.keiba.go.jp/KeibaWeb/TodayRaceInfo/Odds3LenFuku?k_babaCode=32&k_raceDate=2026%2F10%2F01&k_raceNo=10
2026-10-01 20:30:00,20:29,2026-10-01,saga,10,15,三連複,6-10-14,512.3,512.3,129,https://www.keiba.go.jp/KeibaWeb/TodayRaceInfo/Odds3LenFuku?k_babaCode=32&k_raceDate=2026%2F10%2F01&k_raceNo=10
2026-10-01 20:30:00,20:29,2026-10-01,saga,10,15,三連複,7-8-13,525.1,525.1,130,https://www.keiba.go.jp/KeibaWeb/TodayRaceInfo/Odds3LenFuku?k_babaCode=32&k_raceDate=2026%2F10%2F01&k_raceNo=10
2026-10-01 20:30:00,20:29,2026-10-01,saga,10,15,三連複,2-4-14,538.6,538.6,131,https://www.keiba.go.jp/KeibaWeb/TodayRaceInfo/Odds3LenFuku?k_babaCode=32&k_raceDate=2026%2F10%2F01&k_raceNo=10
2026-10-01 20:30:00,20:29,2026-10-01,saga,10,15,三連複,4-7-14,552.8,552.8,132,https://www.keiba.go.jp/KeibaWeb/TodayRaceInfo/Odds3LenFuku?k_babaCode=32&k_raceDate=2026%2F10%2F01&k_raceNo=10
2026-10-01 20:30:00,20:29,2026-10-01,saga,10,15,三連複,8-13-14,552.8,552.8,132,https://www.keiba.go.jp/KeibaWeb/TodayRaceInfo/Odds3LenFuku?k_babaCode=32&k_raceDate=2026%2F10%2F01&k_raceNo=10
2026-10-01 20:30:00,20:29,2026-10-01,saga,10,15,三連複,4-6-9,560.1,560.1,134,https://www.keiba.go.jp/KeibaWeb/TodayRaceInfo/Odds3LenFuku?k_babaCode=32&k_raceDate=2026%2F10%2F01&k_raceNo=10
2026-10-01 20:30:00,20:29,2026-10-01,saga,10,15,三連複,2-7-14,567.7,567.7,135,https://www.keiba.go.jp/KeibaWeb/TodayRaceInfo/Odds3LenFuku?k_babaCode=32&k_raceDate=2026%2F10%2F01&k_raceNo=10
2026-10-01 20:30:00,20:29,2026-10-01,saga,10,15,三連複,1-2-6,575.5,575.5,136,https://www.keiba.go.jp/KeibaWeb/TodayRaceInfo/Odds3LenFuku?k_babaCode=32&k_raceDate=2026%2F10%2F01&k_raceNo=10
2026-10-01 20:30:00,20:29,2026-10-01,saga,10,15,三連複,2-5-10,575.5,575.5,136,https://www.keiba.go.jp/KeibaWeb/TodayRaceInfo/Odds3LenFuku?k_babaCode=32&k_raceDate=2026%2F10%2F01&k_raceNo=10
2026-10-01 20:30:00,20:29,2026-10-01,saga,10,15,三連複,1-4-6,583.5,583.5,138,https://www.keiba.go.jp/KeibaWeb/TodayRaceInfo/Odds3LenFuku?k_babaCode=32&k_raceDate=2026%2F10%2F01&k_raceNo=10
2026-10-01 20:30:00,20:29,2026-10-01,saga,10,15,三連複,6-9-11,583.5,583.5,138,https://www.keiba.go.jp/KeibaWeb/TodayRaceInfo/Odds3LenFuku?k_babaCode=32&k_raceDate=2026%2F10%2F01&k_raceNo=10
2026-10-01 20:30:00,20:29,2026-10-01,saga,10,15,三連複,7-8-10,608.8,608.8,140,https://www.keiba.go.jp/KeibaWeb/TodayRaceInfo/Odds3LenFuku?k_babaCode=32&k_raceDate=2026%2F10%2F01&k_raceNo=10
2026-10-01 20:30:00,20:29,2026-10-01,saga,10,15,三連複,1-5-10,617.8,617.8,141,https://www.keiba.go.jp/KeibaWeb/TodayRaceInfo/Odds3LenFuku?k_babaCode=32&k_raceDate=2026%2F10%2F01&k_raceNo=10
2026-10-01 20:30:00,20:29,2026-10-01,saga,10,15,三連複,3-4-11,646.3,646.3,142,https://www.keiba.go.jp/KeibaWeb/TodayRaceInfo/Odds3LenFuku?k_babaCode=32&k_raceDate=2026%2F10%2F01&k_raceNo=10
2026-10-01 20:30:00,20:29,2026-10-01,saga,10,15,三連複,4-10-12,646.3,646.3,142,https://www.keiba.go.jp/KeibaWeb/TodayRaceInfo/Odds3LenFuku?k_babaCode=32&k_raceDate=2026%2F10%2F01&k_raceNo=10
2026-10-01 20:30:00,20:29,2026-10-01,saga,10,15,三連複,2-9-14,656.4,656.4,144,https://www.keiba.go.jp/KeibaWeb/TodayRaceInfo/Odds3LenFuku?k_babaCode=32&k_raceDate=2026%2F10%2F01&k_raceNo=10
2026-10-01 20:30:00,20:29,2026-10-01,saga,10,15,三連複,1-6-7,666.8,666.8,145,https://www.keiba.go.jp/KeibaWeb/TodayRaceInfo/Odds3LenFuku?k_babaCode=32&k_raceDate=2026%2F10%2F01&k_raceNo=10
2026-10-01 20:30:00,20:29,2026-10-01,saga,10,15,三連複,2-12-13,666.8,666.8,145,https://www.keiba.go.jp/KeibaWeb/TodayRaceInfo/Odds3LenFuku?k_babaCode=32&k_raceDate=2026%2F10%2F01&k_raceNo=10
2026-10-01 20:30:00,20:29,2026-10-01,saga,10,15,三連複,4-6-11,666.8,666.8,145,https://www.keiba.go.jp/KeibaWeb/TodayRaceInfo/Odds3LenFuku?k_babaCode=32&k_raceDate=2026%2F10%2F01&k_raceNo=10
2026-10-01 20:30:00,20:29,2026-10-01,saga,10,15,三連複,4-6-14,666.8,666.8,145,https://www.keiba.go.jp/KeibaWeb/TodayRaceInfo/Odds3LenFuku?k_babaCode=32&k_raceDate=2026%2F10%2F01&k_raceNo=10
2026-10-01 20:30:00,20:29,2026-10-01,saga,10,15,三連複,2-11-14,677.6,677.6,149,https://www.keiba.go.jp/KeibaWeb/TodayRaceInfo/Odds3LenFuku?k_babaCode=32&k_raceDate=2026%2F10%2F01&k_raceNo=10
2026-10-01 20:30:00,20:29,2026-10-01,saga,10,15,三連複,3-10-14,677.6,677.6,149,https://www.keiba.go.jp/KeibaWeb/TodayRaceInfo/Odds3LenFuku?k_babaCode=32&k_raceDate=2026%2F10%2F01&k_raceNo=10
2026-10-01 20:30:00,20:29,2026-10-01,saga,10,15,三連複,6-9-14,677.6,677.6,149,https://www.keiba.go.jp/KeibaWeb/TodayRaceInfo/Odds3LenFuku?k_babaCode=32&k_raceDate=2026%2F10%2F01&k_raceNo=10
2026-10-01 20:30:00,20:29,2026-10-01,saga,10,15,三連複,7-9-14,677.6,677.6,149,https://www.keiba.go.jp/KeibaWeb/TodayRaceInfo/Odds3LenFuku?k_babaCode=32&k_raceDate=2026%2F10%2F01&k_raceNo=10
2026-10-01 20:30:00,20:29,2026-10-01,saga,10,15,三連複,2-3-4,688.7,688.7,153,https://www.keiba.go.jp/KeibaWeb/TodayRaceInfo/Odds3LenFuku?k_babaCode=32&k_raceDate=2026%2F10%2F01&k_raceNo=10
2026-10-01 20:30:00,20:29,2026-10-01,saga,10,15,三連複,6-7-9,688.7,688.7,153,https://www.keiba.go.jp/KeibaWeb/TodayRaceInfo/Odds3LenFuku?k_babaCode=32&k_raceDate=2026%2F10%2F01&k_raceNo=10
2026-10-01 20:30:00,20:29,2026-10-01,saga,10,15,三連複,1-6-9,700.2,700.2,155,https://www.keiba.go.jp/KeibaWeb/TodayRaceInfo/Odds3LenFuku?k_babaCode=32&k_raceDate=2026%2F10%2F01&k_raceNo=10
2026-10-01 20:30:00,20:29,2026-10-01,saga,10,15,三連複,1-6-11,712.0,712.0,156,https://www.keiba.go.jp/KeibaWeb/TodayRaceInfo/Odds3LenFuku?k_babaCode=32&k_raceDate=2026%2F10%2F01&k_raceNo=10
2026-10-01 20:30:00,20:29,2026-10-01,saga,10,15,三連複,5-11-13,712.0,712.0,156,https://www.keiba.go.jp/KeibaWeb/TodayRaceInfo/Odds3LenFuku?k_babaCode=32&k_raceDate=2026%2F10%2F01&k_raceNo=10
2026-10-01 20:30:00,20:29,2026-10-01,saga,10,15,三連複,1-2-3,724.3,724.3,158,https://www.keiba.go.jp/KeibaWeb/TodayRaceInfo/Odds3LenFuku?k_babaCode=32&k_raceDate=2026%2F10%2F01&k_raceNo=10
2026-10-01 20:30:00,20:29,2026-10-01,saga,10,15,三連複,5-9-13,724.3,724.3,158,https://www.keiba.go.jp/KeibaWeb/TodayRaceInfo/Odds3LenFuku?k_babaCode=32&k_raceDate=2026%2F10%2F01&k_raceNo=10
2026-10-01 20:30:00,20:29,2026-10-01,saga,10,15,三連複,2-4-6,750.2,750.2,160,https://www.keiba.go.jp/KeibaWeb/TodayRaceInfo/Odds3LenFuku?k_babaCode=32&k_raceDate=2026%2F10%2F01&k_raceNo=10
2026-10-01 20:30:00,20:29,2026-10-01,saga,10,15,三連複,3-4-7,750.2,750.2,160,https://www.keiba.go.jp/KeibaWeb/TodayRaceInfo/Odds3LenFuku?k_babaCode=32&k_raceDate=2026%2F10%2F01&k_raceNo=10
2026-10-01 20:30:00,20:29,2026-10-01,saga,10,15,三連複,2-6-9,763.8,763.8,162,https://www.keiba.go.jp/KeibaWeb/TodayRaceInfo/Odds3LenFuku?k_babaCode=32&k_raceDate=2026%2F10%2F01&k_raceNo=10
2026-10-01 20:30:00,20:29,2026-10-01,saga,10,15,三連複,2-7-11,763.8,763.8,162,https://www.keiba.go.jp/KeibaWeb/TodayRaceInfo/Odds3LenFuku?k_babaCode=32&k_raceDate=2026%2F10%2F01&k_raceNo=10
2026-10-01 20:30:00,20:29,2026-10-01,saga,10,15,三連複,6-8-13,763.8,763.8,162,https://www.keiba.go.jp/KeibaWeb/TodayRaceInfo/Odds3LenFuku?k_babaCode=32&k_raceDate=2026%2F10%2F01&k_raceNo=10
2026-10-01 20:30:00,20:29,2026-10-01,saga,10,15,三連複,1-2-14,778.0,778.0,165,https://www.keiba.go.jp/KeibaWeb/TodayRaceInfo/Odds3LenFuku?k_babaCode=32&k_raceDate=2026%2F10%2F01&k_raceNo=10
2026-10-01 20:30:00,20:29,2026-10-01,saga,10,15,三連複,1-3-4,778.0,778.0,165,https://www.keiba.go.jp/KeibaWeb/TodayRaceInfo/Odds3LenFuku?k_babaCode=32&k_raceDate=2026%2F10%2F01&k_raceNo=10
2026-10-01 20:30:00,20:29,2026-10-01,saga,10,15,三連複,4-6-7,778.0,778.0,165,https://www.keiba.go.jp/KeibaWeb/TodayRaceInfo/Odds3LenFuku?k_babaCode=32&k_raceDate=2026%2F10%2F01&k_raceNo=10
2026-10-01 20:30:00,20:29,2026-10-01,saga,10,15,三連複,4-5-10,792.7,792.7,168,https://www.keiba.go.jp/KeibaWeb/TodayRaceInfo/Odds3LenFuku?k_babaCode=32&k_raceDate=2026%2F10%2F01&k_raceNo=10
2026-10-01 20:30:00,20:29,2026-10-01,saga,10,15,三連複,5-10-11,792.7,792.7,168,https://www.keiba.go.jp/KeibaWeb/TodayRaceInfo/Odds3LenFuku?k_babaCode=32&k_raceDate=2026%2F10%2F01&k_raceNo=10
2026-10-01 20:30:00,20:29,2026-10-01,saga,10,15,三連複,10-12-14,792.7,792.7,168,https://www.keiba.go.jp/KeibaWeb/TodayRaceInfo/Odds3LenFuku?k_babaCode=32&k_raceDate=2026%2F10%2F01&k_raceNo=10
2026-10-01 20:30:00,20:29,2026-10-01,saga,10,15,三連複,4-5-13,807.9,807.9,171,https://www.keiba.go.jp/KeibaWeb/TodayRaceInfo/Odds3LenFuku?k_babaCode=32&k_raceDate=2026%2F10%2F01&k_raceNo=10
2026-10-01 20:30:00,20:29,2026-10-01,saga,10,15,三連複,7-10-12,807.9,807.9,171,https://www.keiba.go.jp/KeibaWeb/TodayRaceInfo/Odds3LenFuku?k_babaCode=32&k_raceDate=2026%2F10%2F01&k_raceNo=10
2026-10-01 20:30:00,20:29,2026-10-01,saga,10,15,三連複,3-4-9,840.2,840.2,173,https://www.keiba.go.jp/KeibaWeb/TodayRaceInfo/Odds3LenFuku?k_babaCode=32&k_raceDate=2026%2F10%2F01&k_raceNo=10
2026-10-01 20:30:00,20:29,2026-10-01,saga,10,15,三連複,3-8-13,840.2,840.2,173,https://www.keiba.go.jp/KeibaWeb/TodayRaceInfo/Odds3LenFuku?k_babaCode=32&k_raceDate=2026%2F10%2F01&k_raceNo=10
2026-10-01 20:30:00,20:29,2026-10-01,saga,10,15,三連複,5-9-10,840.2,840.2,173,https://www.keiba.go.jp/KeibaWeb/TodayRaceInfo/Odds3LenFuku?k_babaCode=32&k_raceDate=2026%2F10%2F01&k_raceNo=10
2026-10-01 20:30:00,20:29,2026-10-01,saga,10,15,三連複,5-7-10,857.4,857.4,176,https://www.keiba.go.jp/KeibaWeb/TodayRaceInfo/Odds3LenFuku?k_babaCode=32&k_raceDate=2026%2F10%2F01&k_raceNo=10
2026-10-01 20:30:00,20:29,2026-10-01,saga,10,15,三連複,8-10-14,857.4,857.4,176,https://www.keiba.go.jp/KeibaWeb/TodayRaceInfo/Odds3LenFuku?k_babaCode=32&k_raceDate=2026%2F10%2F01&k_raceNo=10
2026-10-01 20:30:00,20:29,2026-10-01,saga,10,15,三連複,2-6-7,875.2,875.2,178,https://www.keiba.go.jp/KeibaWeb/TodayRaceInfo/Odds3LenFuku?k_babaCode=32&k_raceDate=2026%2F10%2F01&k_raceNo=10
2026-10-01 20:30:00,20:29,2026-10-01,saga,10,15,三連複,3-12-13,875.2,875.2,178,https://www.keiba.go.jp/KeibaWeb/TodayRaceInfo/Odds3LenFuku?k_babaCode=32&k_raceDate=2026%2F10%2F01&k_raceNo=10
2026-10-01 20:30:00,20:29,2026-10-01,saga,10,15,三連複,4-8-11,875.2,875.2,178,https://www.keiba.go.jp/KeibaWeb/TodayRaceInfo/Odds3LenFuku?k_babaCode=32&k_raceDate=2026%2F10%2F01&k_raceNo=10
2026-10-01 20:30:00,20:29,2026-10-01,saga,10,15,三連複,9-11-12,875.2,875.2,178,https://www.keiba.go.jp/KeibaWeb/TodayRaceInfo/Odds3LenFuku?k_babaCode=32&k_raceDate=2026%2F10%2F01&k_raceNo=10
2026-10-01 20:30:00,20:29,2026-10-01,saga,10,15,三連複,1-6-14,893.9,893.9,182,https://www.keiba.go.jp/KeibaWeb/TodayRaceInfo/Odds3LenFuku?k_babaCode=32&k_raceDate=2026%2F10%2F01&k_raceNo=10
2026-10-01 20:30:00,20:29,2026-10-01,saga,10,15,三連複,2-4-8,893.9,893.9,182,https://www.keiba.go.jp/KeibaWeb/TodayRaceInfo/Odds3LenFuku?k_babaCode=32&k_raceDate=2026%2F10%2F01&k_raceNo=10
2026-10-01 20:30:00,20:29,2026-10-01,saga,10,15,三連複,5-7-13,933.6,933.6,184,https://www.keiba.go.jp/KeibaWeb/TodayRaceInfo/Odds3LenFuku?k_babaCode=32&k_raceDate=2026%2F10%2F01&k_raceNo=10
2026-10-01 20:30:00,20:29,2026-10-01,saga,10,15,三連複,1-4-8,954.8,954.8,185,https://www.keiba.go.jp/KeibaWeb/TodayRaceInfo/Odds3LenFuku?k_babaCode=32&k_raceDate=2026%2F10%2F01&k_raceNo=10
2026-10-01 20:30:00,20:29,2026-10-01,saga,10,15,三連複,4-8-9,954.8,954.8,185,https://www.keiba.go.jp/KeibaWeb/TodayRaceInfo/Odds3LenFuku?k_babaCode=32&k_raceDate=2026%2F10%2F01&k_raceNo=10
2026-10-01 20:30:00,20:29,2026-10-01,saga,10,15,三連複,5-10-14,954.8,954.8,185,https://www.keiba.go.jp/KeibaWeb/TodayRaceInfo/Odds3LenFuku?k_babaCode=32&k_raceDate=2026%2F10%2F01&k_raceNo=10
2026-10-01 20:30:00,20:29,2026-10-01,saga,10,15,三連複,6-11-14,954.8,954.8,185,https://www.keiba.go.jp/KeibaWeb/TodayRaceInfo/Odds3LenFuku?k_babaCode=32&k_raceDate=2026%2F10%2F01&k_raceNo=10
2026-10-01 20:30:00,20:29,2026-10-01,saga,10,15,三連複,8-12-13,954.8,954.8,185,https://www.keiba.go.jp/KeibaWeb/TodayRaceInfo/Odds3LenFuku?k_babaCode=32&k_raceDate=2026%2F10%2F01&k_raceNo=10
2026-10-01 20:30:00,20:29,2026-10-01,saga,10,15,三連複,2-4-5,977.0,977.0,190,https://www.keiba.go.jp/KeibaWeb/TodayRaceInfo/Odds3LenFuku?k_babaCode=32&k_raceDate=2026%2F10%2F01&k_raceNo=10
2026-10-01 20:30:00,20:29,2026-10-01,saga,10,15,三連複,2-5-13,977.0,977.0,190,https://www.keiba.go.jp/KeibaWeb/TodayRaceInfo/Odds3LenFuku?k_babaCode=32&k_raceDate=2026%2F10%2F01&k_raceNo=10
2026-10-01 20:30:00,20:29,2026-10-01,saga,10,15,三連複,3-8-10,977.0,977.0,190,https://www.keiba.go.jp/KeibaWeb/TodayRaceInfo/Odds3LenFuku?k_babaCode=32&k_raceDate=2026%2F10%2F01&k_raceNo=10
2026-10-01 20:30:00,20:29,2026-10-01,saga,10,15,三連複,2-3-7,1000.3,1000.3,193,https://www.keiba.go.jp/KeibaWeb/TodayRaceInfo/Odds3LenFuku?k_babaCode=32&k_raceDate=2026%2F10%2F01&k_raceNo=10
2026-10-01 20:30:00,20:29,2026-10-01,saga,10,15,三連複,3-6-10,1000.3,1000.3,193,https://www.keiba.go.jp/KeibaWeb/TodayRaceInfo/Odds3LenFuku?k_babaCode=32&k_raceDate=2026%2F10%2F01&k_raceNo=10
2026-10-01 20:30:00,20:29,2026-10-01,saga,10,15,三連複,7-12-13,1024.7,1024.7,195,https://www.keiba.go.jp/KeibaWeb/TodayRaceInfo/Odds3LenFuku?k_babaCode=32&k_raceDate=2026%2F10%2F01&k_raceNo=10
2026-10-01 20:30:00,20:29,2026-10-01,saga,10,15,三連複,1-8-11,1050.3,1050.3,196,https://www.keiba.go.jp/KeibaWeb/TodayRaceInfo/Odds3LenFuku?k_babaCode=32&k_raceDate=2026%2F10%2F01&k_raceNo=10
2026-10-01 20:30:00,20:29,2026-10-01,saga,10,15,三連複,2-5-9,1050.3,1050.3,196,https://www.keiba.go.jp/KeibaWeb/TodayRaceInfo/Odds3LenFuku?k_babaCode=32&k_raceDate=2026%2F10%2F01&k_raceNo=10
2026-10-01 20:30:00,20:29,2026-10-01,saga,10,15,三連複,6-7-14,1050.3,1050.3,196,https://www.keiba.go.jp/KeibaWeb/TodayRaceInfo/Odds3LenFuku?k_babaCode=32&k_raceDate=2026%2F10%2F01&k_raceNo=10
2026-10-01 20:30:00,20:29,2026-10-01,saga,10,15,三連複,1-7-8,1077.2,1077.2,199,https://www.keiba.go.jp/KeibaWeb/TodayRaceInfo/Odds3LenFuku?k_babaCode=32&k_raceDate=2026%2F10%2F01&k_raceNo=10
2026-10-01 20:30:00,20:29,2026-10-01,saga,10,15,三連複,2-6-11,1077.2,1077.2,199,https://www.keiba.go.jp/KeibaWeb/TodayRaceInfo/Odds3LenFuku?k_babaCode=32&k_raceDate=2026%2F10%2F01&k_raceNo=10
2026-10-01 20:30:00,20:29,2026-10-01,saga,10,15,三連複,3-9-11,1077.2,1077.2,199,https://www.keiba.go.jp/KeibaWeb/TodayRaceInfo/Odds3LenFuku?k_babaCode=32&k_raceDate=2026%2F10%2F01&k_raceNo=10
2026-10-01 20:30:00,20:29,2026-10-01,saga,10,15,三連複,11-12-14,1077.2,1077.2,199,https://www.keiba.go.jp/KeibaWeb/TodayRaceInfo/Odds3LenFuku?k_babaCode=32&k_raceDate=2026%2F10%2F01&k_raceNo=10
2026-10-01 20:30:00,20:29,2026-10-01,saga,10,15,三連複,1-2-5,1105.6,1105.6,203,https://www.keiba.go.jp/KeibaWeb/TodayRaceInfo/Odds3LenFuku?k_babaCode=32&k_raceDate=2026%2F10%2F01&k_raceNo=10
2026-10-01 20:30:00,20:29,2026-10-01,saga,10,15,三連複,1-2-8,1105.6,1105.6,203,https://www.keiba.go.jp/KeibaWeb/TodayRaceInfo/Odds3LenFuku?k_babaCode=32&k_raceDate=2026%2F10%2F01&k_raceNo=10
2026-10-01 20:30:00,20:29,2026-10-01,saga,10,15,三連複,2-7-8,1105.6,1105.6,203,https://www.keiba.go.jp/KeibaWeb/TodayRaceInfo/Odds3LenFuku?k_babaCode=32&k_raceDate=2026%2F10%2F01&k_raceNo=10
2026-10-01 20:30:00,20:29,2026-10-01,saga,10,15,三連複,5-13-14,1105.6,1105.6,203,https://www.keiba.go.jp/KeibaWeb/TodayRaceInfo/Odds3LenFuku?k_babaCode=32&k_raceDate=2026%2F10%2F01&k_raceNo=10
2026-10-01 20:30:00,20:29,2026-10-01,saga,10,15,三連複,6-7-11,1105.6,1105.6,203,https://www.keiba.go.jp/KeibaWeb/TodayRaceInfo/Odds3LenFuku?k_babaCode=32&k_raceDate=2026%2F10%2F01&k_raceNo=10
2026-10-01 20:30:00,20:29,2026-10-01,saga,10,15,三連複,8-9-11,1105.6,1105.6,203,https://www.keiba.go.jp/KeibaWeb/TodayRaceInfo/Odds3LenFuku?k_babaCode=32&k_raceDate=2026%2F10%2F01&k_raceNo=10
2026-10-01 20:30:00,20:29,2026-10-01,saga,10,15,三連複,1-11-12,1135.5,1135.5,209,https://www.keiba.go.jp/KeibaWeb/TodayRaceInfo/Odds3LenFuku?k_babaCode=32&k_raceDate=2026%2F10%2F01&k_raceNo=10
2026-10-01 20:30:00,20:29,2026-10-01,saga,10,15,三連複,2-8-9,1135.5,1135.5,209,https://www.keiba.go.jp/KeibaWeb/TodayRaceInfo/Odds3LenFuku?k_babaCode=32&k_raceDate=2026%2F10%2F01&k_raceNo=10
2026-10-01 20:30:00,20:29,2026-10-01,saga,10,15,三連複,4-8-14,1135.5,1135.5,209,https://www.keiba.go.jp/KeibaWeb/TodayRaceInfo/Odds3LenFuku?k_babaCode=32&k_raceDate=2026%2F10%2F01&k_raceNo=10
2026-10-01 20:30:00,20:29,2026-10-01,saga,10,15,三連複,6-12-13,1135.5,1135.5,209,https://www.keiba.go.jp/KeibaWeb/TodayRaceInfo/Odds3LenFuku?k_babaCode=32&k_raceDate=2026%2F10%2F01&k_raceNo=10
2026-10-01 20:30:00,20:29,2026-10-01,saga,10,15,三連複,7-8-9,1135.5,1135.5,209,https://www.keiba.go.jp/KeibaWeb/TodayRaceInfo/Odds3LenFuku?k_babaCode=32&k_raceDate=2026%2F10%2F01&k_raceNo=10
2026-10-01 20:30:00,20:29,2026-10-01,saga,10,15,三連複,5-6-10,1167.0,1167.0,214,https://www.keiba.go.jp/KeibaWeb/TodayRaceInfo/Odds3LenFuku?k_babaCode=32&k_raceDate=2026%2F10%2F01&k_raceNo=10
2026-10-01 20:30:00,20:29,2026-10-01,saga,10,15,三連複,2-3-9,1200.3,1200.3,215,https://www.keiba.go.jp/KeibaWeb/TodayRaceInfo/Odds3LenFuku?k_babaCode=32&k_raceDate=2026%2F10%2F01&k_raceNo=10
2026-10-01 20:30:00,20:29,2026-10-01,saga,10,15,三連複,2-6-14,1200.3,1200.3,215,https://www.keiba.go.jp/KeibaWeb/TodayRaceInfo/Odds3LenFuku?k_babaCode=32&k_raceDate=2026%2F10%2F01&k_raceNo=10
2026-10-01 20:30:00,20:29,2026-10-01,saga,10,15,三連複,4-6-8,1200.3,1200.3,215,https://www.keiba.go.jp/KeibaWeb/TodayRaceInfo/Odds3LenFuku?k_babaCode=32&k_raceDate=2026%2F10%2F01&k_raceNo=10
2026-10-01 20:30:00,20:29,2026-10-01,saga,10,15,三連複,2-3-11,1273.1,1273.1,218,https://www.keiba.go.jp/KeibaWeb/TodayRaceInfo/Odds3LenFuku?k_babaCode=32&k_raceDate=2026%2F10%2F01&k_raceNo=10
2026-10-01 20:30:00,20:29,2026-10-01,saga,10,15,三連複,3-10-12,1273.1,1273.1,218,https://www.keiba.go.jp/KeibaWeb/TodayRaceInfo/Odds3LenFuku?k_babaCode=32&k_raceDate=2026%2F10%2F01&k_raceNo=10
2026-10-01 20:30:00,20:29,2026-10-01,saga,10,15,三連複,4-9-12,1273.1,1273.1,218,https://www.keiba.go.jp/KeibaWeb/TodayRaceInfo/Odds3LenFuku?k_babaCode=32&k_raceDate=2026%2F10%2F01&k_raceNo=10
2026-10-01 20:30:00,20:29,2026-10-01,saga,10,15,三連複,6-8-9,1273.1,1273.1,218,https://www.keiba.go.jp/KeibaWeb/TodayRaceInfo/Odds3LenFuku?k_babaCode=32&k_raceDate=2026%2F10%2F01&k_raceNo=10
2026-10-01 20:30:00,20:29,2026-10-01,saga,10,15,三連複,1-6-12,1312.9,1312.9,222,https://www.keiba.go.jp/KeibaWeb/TodayRaceInfo/Odds3LenFuku?k_babaCode=32&k_raceDate=2026%2F10%2F01&k_raceNo=10
2026-10-01 20:30:00,20:29,2026-10-01,saga,10,15,三連複,3-4-14,1312.9,1312.9,222,https://www.keiba.go.jp/KeibaWeb/TodayRaceInfo/Odds3LenFuku?k_babaCode=32&k_raceDate=2026%2F10%2F01&k_raceNo=10
2026-10-01 20:30:00,20:29,2026-10-01,saga,10,15,三連複,1-7-12,1355.2,1355.2,224,https://www.keiba.go.jp/KeibaWeb/TodayRaceInfo/Odds3LenFuku?k_babaCode=32&k_raceDate=2026%2F10%2F01&k_raceNo=10
2026-10-01 20:30:00,20:29,2026-10-01,saga,10,15,三連複,3-5-13,1355.2,1355.2,224,https://www.keiba.go.jp/KeibaWeb/TodayRaceInfo/Odds3LenFuku?k_babaCode=32&k_raceDate=2026%2F10%2F01&k_raceNo=10
2026-10-01 20:30:00,20:29,2026-10-01,saga,10,15,三連複,5-7-9,1355.2,1355.2,224,https://www.keiba.go.jp/KeibaWeb/TodayRaceInfo/Odds3LenFuku?k_babaCode=32&k_raceDate=2026%2F10%2F01&k_raceNo=10
2026-10-01 20:30:00,20:29,2026-10-01,saga,10,15,三連複,5-8-10,1355.2,1355.2,224,https://www.keiba.go.jp/KeibaWeb/TodayRaceInfo/Odds3LenFuku?k_babaCode=32&k_raceDate=2026%2F10%2F01&k_raceNo=10
2026-10-01 20:30:00,20:29,2026-10-01,saga,10,15,三連複,6-8-10,1355.2,1355.2,224,https://www.keiba.go.jp/KeibaWeb/TodayRaceInfo/Odds3LenFuku?k_babaCode=32&k_raceDate=2026%2F10%2F01&k_raceNo=10
2026-10-01 20:30:00,20:29,2026-10-01,saga,10,15,三連複,1-2-12,1400.4,1400.4,229,https://www.keiba.go.jp/KeibaWeb/TodayRaceInfo/Odds3LenFuku?k_babaCode=32&k_raceDate=2026%2F10%2F01&k_raceNo=10
2026-10-01 20:30:00,20:29,2026-10-01,saga,10,15,三連複,1-3-9,1400.4,1400.4,229,https://www.keiba.go.jp/KeibaWeb/TodayRaceInfo/Odds3LenFuku?k_babaCode=32&k_raceDate=2026%2F10%2F01&k_raceNo=10
2026-10-01 20:30:00,20:29,2026-10-01,saga,10,15,三連複,1-3-11,1400.4,1400.4,229,https://www.keiba.go.jp/KeibaWeb/TodayRaceInfo/Odds3LenFuku?k_babaCode=32&k_raceDate=2026%2F10%2F01&k_raceNo=10
2026-10-01 20:30:00,20:29,2026-10-01,saga,10,15,三連複,1-9-12,1400.4,1400.4,229,https://www.keiba.go.jp/KeibaWeb/TodayRaceInfo/Odds3LenFuku?k_babaCode=32&k_raceDate=2026%2F10%2F01&k_raceNo=10
2026-10-01 20:30:00,20:29,2026-10-01,saga,10,15,三連複,5-8-13,1400.4,1400.4,229,https://www.keiba.go.jp/KeibaWeb/TodayRaceInfo/Odds3LenFuku?k_babaCode=32&k_raceDate=2026%2F10%2F01&k_raceNo=10
2026-10-01 20:30:00,20:29,2026-10-01,saga,10,15,三連複,7-8-11,1400.4,1400.4,229,https://www.keiba.go.jp/KeibaWeb/TodayRaceInfo/Odds3LenFuku?k_babaCode=32&k_raceDate=2026%2F10%2F01&k_raceNo=10
2026-10-01 20:30:00,20:29,2026-10-01,saga,10,15,三連複,1-8-9,1448.7,1448.7,235,https://www.keiba.go.jp/KeibaWeb/TodayRaceInfo/Odds3LenFuku?k_babaCode=32&k_raceDate=2026%2F10%2F01&k_raceNo=10
2026-10-01 20:30:00,20:29,2026-10-01,saga,10,15,三連複,3-5-8,1448.7,1448.7,235,https://www.keiba.go.jp/KeibaWeb/TodayRaceInfo/Odds3LenFuku?k_babaCode=32&k_raceDate=2026%2F10%2F01&k_raceNo=10
2026-10-01 20:30:00,20:29,2026-10-01,saga,10,15,三連複,4-5-9,1448.7,1448.7,235,https://www.keiba.go.jp/KeibaWeb/TodayRaceInfo/Odds3LenFuku?k_babaCode=32&k_raceDate=2026%2F10%2F01&k_raceNo=10
2026-10-01 20:30:00,20:29,2026-10-01,saga,10,15,三連複,4-7-8,1448.7,1448.7,235,https://www.keiba.go.jp/KeibaWeb/TodayRaceInfo/Odds3LenFuku?k_babaCode=32&k_raceDate=2026%2F10%2F01&k_raceNo=10
2026-10-01 20:30:00,20:29,2026-10-01,saga,10,15,三連複,7-9-12,1448.7,1448.7,235,https://www.keiba.go.jp/KeibaWeb/TodayRaceInfo/Odds3LenFuku?k_babaCode=32&k_raceDate=2026%2F10%2F01&k_raceNo=10
2026-10-01 20:30:00,20:29,2026-10-01,saga,10,15,三連複,2-3-6,1500.4,1500.4,240,https://www.keiba.go.jp/KeibaWeb/TodayRaceInfo/Odds3LenFuku?k_babaCode=32&k_raceDate=2026%2F10%2F01&k_raceNo=10
2026-10-01 20:30:00,20:29,2026-10-01,saga,10,15,三連複,3-4-6,1500.4,1500.4,240,https://www.keiba.go.jp/KeibaWeb/TodayRaceInfo/Odds3LenFuku?k_babaCode=32&k_raceDate=2026%2F10%2F01&k_raceNo=10
2026-10-01 20:30:00,20:29,2026-10-01,saga,10,15,三連複,3-6-9,1500.4,1500.4,240,https://www.keiba.go.jp/KeibaWeb/TodayRaceInfo/Odds3LenFuku?k_babaCode=32&k_raceDate=2026%2F10%2F01&k_raceNo=10
2026-10-01 20:30:00,20:29,2026-10-01,saga,10,15,三連複,5-10-12,1500.4,1500.4,240,https://www.keiba.go.jp/KeibaWeb/TodayRaceInfo/Odds3LenFuku?k_babaCode=32&k_raceDate=2026%2F10%2F01&k_raceNo=10
2026-10-01 20:30:00,20:29,2026-10-01,saga,10,15,三連複,6-10-12,1500.4,1500.4,240,https://www.keiba.go.jp/KeibaWeb/TodayRaceInfo/Odds3LenFuku?k_babaCode=32&k_raceDate=2026%2F10%2F01&k_raceNo=10
2026-10-01 20:30:00,20:29,2026-10-01,saga,10,15,三連複,7-8-14,1500.4,1500.4,240,https://www.keiba.go.jp/KeibaWeb/TodayRaceInfo/Odds3LenFuku?k_babaCode=32&k_raceDate=2026%2F10%2F01&k_raceNo=10
2026-10-01 20:30:00,20:29,2026-10-01,saga,10,15,三連複,8-11-14,1500.4,1500.4,240,https://www.keiba.go.jp/KeibaWeb/TodayRaceInfo/Odds3LenFuku?k_babaCode=32&k_raceDate=2026%2F10%2F01&k_raceNo=10
2026-10-01 20:30:00,20:29,2026-10-01,saga,10,15,三連複,9-12-14,1500.4,1500.4,240,https://www.keiba.go.jp/KeibaWeb/TodayRaceInfo/Odds3LenFuku?k_babaCode=32&k_raceDate=2026%2F10%2F01&k_raceNo=10
2026-10-01 20:30:00,20:29,2026-10-01,saga,10,15,三連複,1-3-7,1556.0,1556.0,248,https://www.keiba.go.jp/KeibaWeb/TodayRaceInfo/Odds3LenFuku?k_babaCode=32&k_raceDate=2026%2F10%2F01&k_raceNo=10
2026-10-01 20:30:00,20:29,2026-10-01,saga,10,15,三連複,1-12-14,1556.0,1556.0,248,https://www.keiba.go.jp/KeibaWeb/TodayRaceInfo/Odds3LenFuku?k_babaCode=32&k_raceDate=2026%2F10%2F01&k_raceNo=10
2026-10-01 20:30:00,20:29,2026-10-01,saga,10,15,三連複,2-5-7,1556.0,1556.0,248,https://www.keiba.go.jp/KeibaWeb/TodayRaceInfo/Odds3LenFuku?k_babaCode=32&k_raceDate=2026%2F10%2F01&k_raceNo=10
2026-10-01 20:30:00,20:29,2026-10-01,saga,10,15,三連複,2-11-12,1556.0,1556.0,248,https://www.keiba.go.jp/KeibaWeb/TodayRaceInfo/Odds3LenFuku?k_babaCode=32&k_raceDate=2026%2F10%2F01&k_raceNo=10
2026-10-01 20:30:00,20:29,2026-10-01,saga,10,15,三連複,8-10-12,1556.0,1556.0,248,https://www.keiba.go.jp/KeibaWeb/TodayRaceInfo/Odds3LenFuku?k_babaCode=32&k_raceDate=2026%2F10%2F01&k_raceNo=10
2026-10-01 20:30:00,20:29,2026-10-01,saga,10,15,三連複,1-3-6,1615.9,1615.9,253,https://www.keiba.go.jp/KeibaWeb/TodayRaceInfo/Odds3LenFuku?k_babaCode=32&k_raceDate=2026%2F10%2F01&k_raceNo=10
2026-10-01 20:30:00,20:29,2026-10-01,saga,10,15,三連複,1-4-5,1615.9,1615.9,253,https://www.keiba.go.jp/KeibaWeb/TodayRaceInfo/Odds3LenFuku?k_babaCode=32&k_raceDate=2026%2F10%2F01&k_raceNo=10
2026-10-01 20:30:00,20:29,2026-10-01,saga,10,15,三連複,1-6-8,1615.9,1615.9,253,https://www.keiba.go.jp/KeibaWeb/TodayRaceInfo/Odds3LenFuku?k_babaCode=32&k_raceDate=2026%2F10%2F01&k_raceNo=10
2026-10-01 20:30:00,20:29,2026-10-01,saga,10,15,三連複,2-3-5,1615.9,1615.9,253,https://www.keiba.go.jp/KeibaWeb/TodayRaceInfo/Odds3LenFuku?k_babaCode=32&k_raceDate=2026%2F10%2F01&k_raceNo=10
2026-10-01 20:30:00,20:29,2026-10-01,saga,10,15,三連複,2-3-14,1615.9,1615.9,253,https://www.keiba.go.jp/KeibaWeb/TodayRaceInfo/Odds3LenFuku?k_babaCode=32&k_raceDate=2026%2F10%2F01&k_raceNo=10
2026-10-01 20:30:00,20:29,2026-10-01,saga,10,15,三連複,3-5-10,1615.9,1615.9,253,https://www.keiba.go.jp/KeibaWeb/TodayRaceInfo/Odds3LenFuku?k_babaCode=32&k_raceDate=2026%2F10%2F01&k_raceNo=10
2026-10-01 20:30:00,20:29,2026-10-01,saga,10,15,三連複,4-11-12,1615.9,1615.9,253,https://www.keiba.go.jp/KeibaWeb/TodayRaceInfo/Odds3LenFuku?k_babaCode=32&k_raceDate=2026%2F10%2F01&k_raceNo=10
2026-10-01 20:30:00,20:29,2026-10-01,saga,10,15,三連複,2-6-8,1680.5,1680.5,260,https://www.keiba.go.jp/KeibaWeb/TodayRaceInfo/Odds3LenFuku?k_babaCode=32&k_raceDate=2026%2F10%2F01&k_raceNo=10
2026-10-01 20:30:00,20:29,2026-10-01,saga,10,15,三連複,2-8-14,1680.5,1680.5,260,https://www.keiba.go.jp/KeibaWeb/TodayRaceInfo/Odds3LenFuku?k_babaCode=32&k_raceDate=2026%2F10%2F01&k_raceNo=10
2026-10-01 20:30:00,20:29,2026-10-01,saga,10,15,三連複,2-9-12,1680.5,1680.5,260,https://www.keiba.go.jp/KeibaWeb/TodayRaceInfo/Odds3LenFuku?k_babaCode=32&k_raceDate=2026%2F10%2F01&k_raceNo=10
2026-10-01 20:30:00,20:29,2026-10-01,saga,10,15,三連複,3-7-9,1680.5,1680.5,260,https://www.keiba.go.jp/KeibaWeb/TodayRaceInfo/Odds3LenFuku?k_babaCode=32&k_raceDate=2026%2F10%2F01&k_raceNo=10
2026-10-01 20:30:00,20:29,2026-10-01,saga,10,15,三連複,3-7-14,1680.5,1680.5,260,https://www.keiba.go.jp/KeibaWeb/TodayRaceInfo/Odds3LenFuku?k_babaCode=32&k_raceDate=2026%2F10%2F01&k_raceNo=10
2026-10-01 20:30:00,20:29,2026-10-01,saga,10,15,三連複,3-11-14,1680.5,1680.5,260,https://www.keiba.go.jp/KeibaWeb/TodayRaceInfo/Odds3LenFuku?k_babaCode=32&k_raceDate=2026%2F10%2F01&k_raceNo=10
2026-10-01 20:30:00,20:29,2026-10-01,saga,10,15,三連複,4-5-6,1680.5,1680.5,260,https://www.keiba.go.jp/KeibaWeb/TodayRaceInfo/Odds3LenFuku?k_babaCode=32&k_raceDate=2026%2F10%2F01&k_raceNo=10
2026-10-01 20:30:00,20:29,2026-10-01,saga,10,15,三連複,2-7-12,1750.5,1750.5,267,https://www.keiba.go.jp/KeibaWeb/TodayRaceInfo/Odds3LenFuku?k_babaCode=32&k_raceDate=2026%2F10%2F01&k_raceNo=10
2026-10-01 20:30:00,20:29,2026-10-01,saga,10,15,三連複,2-8-11,1750.5,1750.5,267,https://www.keiba.go.jp/KeibaWeb/TodayRaceInfo/Odds3LenFuku?k_babaCode=32&k_raceDate=2026%2F10%2F01&k_raceNo=10
2026-10-01 20:30:00,20:29,2026-10-01,saga,10,15,三連複,3-4-8,1750.5,1750.5,267,https://www.keiba.go.jp/KeibaWeb/TodayRaceInfo/Odds3LenFuku?k_babaCode=32&k_raceDate=2026%2F10%2F01&k_raceNo=10
2026-10-01 20:30:00,20:29,2026-10-01,saga,10,15,三連複,3-7-11,1750.5,1750.5,267,https://www.keiba.go.jp/KeibaWeb/TodayRaceInfo/Odds3LenFuku?k_babaCode=32&k_raceDate=2026%2F10%2F01&k_raceNo=10
2026-10-01 20:30:00,20:29,2026-10-01,saga,10,15,三連複,6-9-12,1750.5,1750.5,267,https://www.keiba.go.jp/KeibaWeb/TodayRaceInfo/Odds3LenFuku?k_babaCode=32&k_raceDate=2026%2F10%2F01&k_raceNo=10
2026-10-01 20:30:00,20:29,2026-10-01,saga,10,15,三連複,6-12-14,1750.5,1750.5,267,https://www.keiba.go.jp/KeibaWeb/TodayRaceInfo/Odds3LenFuku?k_babaCode=32&k_raceDate=2026%2F10%2F01&k_raceNo=10
2026-10-01 20:30:00,20:29,2026-10-01,saga,10,15,三連複,7-11-12,1750.5,1750.5,267,https://www.keiba.go.jp/KeibaWeb/TodayRaceInfo/Odds3LenFuku?k_babaCode=32&k_raceDate=2026%2F10%2F01&k_raceNo=10
2026-10-01 20:30:00,20:29,2026-10-01,saga,10,15,三連複,1-3-5,1826.6,1826.6,274,https://www.keiba.go.jp/KeibaWeb/TodayRaceInfo/Odds3LenFuku?k_babaCode=32&k_raceDate=2026%2F10%2F01&k_raceNo=10
2026-10-01 20:30:00,20:29,2026-10-01,saga,10,15,三連複,2-12-14,1826.6,1826.6,274,https://www.keiba.go.jp/KeibaWeb/TodayRaceInfo/Odds3LenFuku?k_babaCode=32&k_raceDate=2026%2F10%2F01&k_raceNo=10
2026-10-01 20:30:00,20:29,2026-10-01,saga,10,15,三連複,4-12-14,1826.6,1826.6,274,https://www.keiba.go.jp/KeibaWeb/TodayRaceInfo/Odds3LenFuku?k_babaCode=32&k_raceDate=2026%2F10%2F01&k_raceNo=10
2026-10-01 20:30:00,20:29,2026-10-01,saga,10,15,三連複,6-7-8,1826.6,1826.6,274,https://www.keiba.go.jp/KeibaWeb/TodayRaceInfo/Odds3LenFuku?k_babaCode=32&k_raceDate=2026%2F10%2F01&k_raceNo=10
2026-10-01 20:30:00,20:29,2026-10-01,saga,10,15,三連複,6-8-14,1826.6,1826.6,274,https://www.keiba.go.jp/KeibaWeb/TodayRaceInfo/Odds3LenFuku?k_babaCode=32&k_raceDate=2026%2F10%2F01&k_raceNo=10
2026-10-01 20:30:00,20:29,2026-10-01,saga,10,15,三連複,7-12-14,1826.6,1826.6,274,https://www.keiba.go.jp/KeibaWeb/TodayRaceInfo/Odds3LenFuku?k_babaCode=32&k_raceDate=2026%2F10%2F01&k_raceNo=10
2026-10-01 20:30:00,20:29,2026-10-01,saga,10,15,三連複,3-6-11,1909.7,1909.7,280,https://www.keiba.go.jp/KeibaWeb/TodayRaceInfo/Odds3LenFuku?k_babaCode=32&k_raceDate=2026%2F10%2F01&k_raceNo=10
2026-10-01 20:30:00,20:29,2026-10-01,saga,10,15,三連複,6-7-12,1909.7,1909.7,280,https://www.keiba.go.jp/KeibaWeb/TodayRaceInfo/Odds3LenFuku?k_babaCode=32&k_raceDate=2026%2F10%2F01&k_raceNo=10
2026-10-01 20:30:00,20:29,2026-10-01,saga,10,15,三連複,8-11-12,1909.7,1909.7,280,https://www.keiba.go.jp/KeibaWeb/TodayRaceInfo/Odds3LenFuku?k_babaCode=32&k_raceDate=2026%2F10%2F01&k_raceNo=10
2026-10-01 20:30:00,20:29,2026-10-01,saga,10,15,三連複,1-5-6,2000.6,2000.6,283,https://www.keiba.go.jp/KeibaWeb/TodayRaceInfo/Odds3LenFuku?k_babaCode=32&k_raceDate=2026%2F10%2F01&k_raceNo=10
2026-10-01 20:30:00,20:29,2026-10-01,saga,10,15,三連複,1-5-7,2000.6,2000.6,283,https://www.keiba.go.jp/KeibaWeb/TodayRaceInfo/Odds3LenFuku?k_babaCode=32&k_raceDate=2026%2F10%2F01&k_raceNo=10
2026-10-01 20:30:00,20:29,2026-10-01,saga,10,15,三連複,1-8-14,2000.6,2000.6,283,https://www.keiba.go.jp/KeibaWeb/TodayRaceInfo/Odds3LenFuku?k_babaCode=32&k_raceDate=2026%2F10%2F01&k_raceNo=10
2026-10-01 20:30:00,20:29,2026-10-01,saga,10,15,三連複,2-4-12,2000.6,2000.6,283,https://www.keiba.go.jp/KeibaWeb/TodayRaceInfo/Odds3LenFuku?k_babaCode=32&k_raceDate=2026%2F10%2F01&k_raceNo=10
2026-10-01 20:30:00,20:29,2026-10-01,saga,10,15,三連複,2-5-6,2000.6,2000.6,283,https://www.keiba.go.jp/KeibaWeb/TodayRaceInfo/Odds3LenFuku?k_babaCode=32&k_raceDate=2026%2F10%2F01&k_raceNo=10
2026-10-01 20:30:00,20:29,2026-10-01,saga,10,15,三連複,3-8-11,2000.6,2000.6,283,https://www.keiba.go.jp/KeibaWeb/TodayRaceInfo/Odds3LenFuku?k_babaCode=32&k_raceDate=2026%2F10%2F01&k_raceNo=10
2026-10-01 20:30:00,20:29,2026-10-01,saga,10,15,三連複,5-6-13,2000.6,2000.6,283,https://www.keiba.go.jp/KeibaWeb/TodayRaceInfo/Odds3LenFuku?k_babaCode=32&k_raceDate=2026%2F10%2F01&k_raceNo=10
2026-10-01 20:30:00,20:29,2026-10-01,saga,10,15,三連複,1-5-11,2100.6,2100.6,290,https://www.keiba.go.jp/KeibaWeb/TodayRaceInfo/Odds3LenFuku?k_babaCode=32&k_raceDate=2026%2F10%2F01&k_raceNo=10
2026-10-01 20:30:00,20:29,2026-10-01,saga,10,15,三連複,3-9-12,2100.6,2100.6,290,https://www.keiba.go.jp/KeibaWeb/TodayRaceInfo/Odds3LenFuku?k_babaCode=32&k_raceDate=2026%2F10%2F01&k_raceNo=10
2026-10-01 20:30:00,20:29,2026-10-01,saga,10,15,三連複,3-9-14,2100.6,2100.6,290,https://www.keiba.go.jp/KeibaWeb/TodayRaceInfo/Odds3LenFuku?k_babaCode=32&k_raceDate=2026%2F10%2F01&k_raceNo=10
2026-10-01 20:30:00,20:29,2026-10-01,saga,10,15,三連複,4-5-14,2100.6,2100.6,290,https://www.keiba.go.jp/KeibaWeb/TodayRaceInfo/Odds3LenFuku?k_babaCode=32&k_raceDate=2026%2F10%2F01&k_raceNo=10
2026-10-01 20:30:00,20:29,2026-10-01,saga,10,15,三連複,4-8-12,2100.6,2100.6,290,https://www.keiba.go.jp/KeibaWeb/TodayRaceInfo/Odds3LenFuku?k_babaCode=32&k_raceDate=2026%2F10%2F01&k_raceNo=10
2026-10-01 20:30:00,20:29,2026-10-01,saga,10,15,三連複,5-7-14,2100.6,2100.6,290,https://www.keiba.go.jp/KeibaWeb/TodayRaceInfo/Odds3LenFuku?k_babaCode=32&k_raceDate=2026%2F10%2F01&k_raceNo=10
2026-10-01 20:30:00,20:29,2026-10-01,saga,10,15,三連複,6-8-11,2100.6,2100.6,290,https://www.keiba.go.jp/KeibaWeb/TodayRaceInfo/Odds3LenFuku?k_babaCode=32&k_raceDate=2026%2F10%2F01&k_raceNo=10
2026-10-01 20:30:00,20:29,2026-10-01,saga,10,15,三連複,2-3-8,2211.2,2211.2,297,https://www.keiba.go.jp/KeibaWeb/TodayRaceInfo/Odds3LenFuku?k_babaCode=32&k_raceDate=2026%2F10%2F01&k_raceNo=10
2026-10-01 20:30:00,20:29,2026-10-01,saga,10,15,三連複,2-5-8,2211.2,2211.2,297,https://www.keiba.go.jp/KeibaWeb/TodayRaceInfo/Odds3LenFuku?k_babaCode=32&k_raceDate=2026%2F10%2F01&k_raceNo=10
2026-10-01 20:30:00,20:29,2026-10-01,saga,10,15,三連複,2-6-12,2211.2,2211.2,297,https://www.keiba.go.jp/KeibaWeb/TodayRaceInfo/Odds3LenFuku?k_babaCode=32&k_raceDate=2026%2F10%2F01&k_raceNo=10
2026-10-01 20:30:00,20:29,2026-10-01,saga,10,15,三連複,3-5-7,2211.2,2211.2,297,https://www.keiba.go.jp/KeibaWeb/TodayRaceInfo/Odds3LenFuku?k_babaCode=32&k_raceDate=2026%2F10%2F01&k_raceNo=10
2026-10-01 20:30:00,20:29,2026-10-01,saga,10,15,三連複,3-6-14,2211.2,2211.2,297,https://www.keiba.go.jp/KeibaWeb/TodayRaceInfo/Odds3LenFuku?k_babaCode=32&k_raceDate=2026%2F10%2F01&k_raceNo=10
2026-10-01 20:30:00,20:29,2026-10-01,saga,10,15,三連複,4-5-7,2211.2,2211.2,297,https://www.keiba.go.jp/KeibaWeb/TodayRaceInfo/Odds3LenFuku?k_babaCode=32&k_raceDate=2026%2F10%2F01&k_raceNo=10
2026-10-01 20:30:00,20:29,2026-10-01,saga,10,15,三連複,1-8-12,2334.0,2334.0,303,https://www.keiba.go.jp/KeibaWeb/TodayRaceInfo/Odds3LenFuku?k_babaCode=32&k_raceDate=2026%2F10%2F01&k_raceNo=10
2026-10-01 20:30:00,20:29,2026-10-01,saga,10,15,三連複,3-8-12,2334.0,2334.0,303,https://www.keiba.go.jp/KeibaWeb/TodayRaceInfo/Odds3LenFuku?k_babaCode=32&k_raceDate=2026%2F10%2F01&k_raceNo=10
2026-10-01 20:30:00,20:29,2026-10-01,saga,10,15,三連複,4-5-8,2334.0,2334.0,303,https://www.keiba.go.jp/KeibaWeb/TodayRaceInfo/Odds3LenFuku?k_babaCode=32&k_raceDate=2026%2F10%2F01&k_raceNo=10
2026-10-01 20:30:00,20:29,2026-10-01,saga,10,15,三連複,4-6-12,2334.0,2334.0,303,https://www.keiba.go.jp/KeibaWeb/TodayRaceInfo/Odds3LenFuku?k_babaCode=32&k_raceDate=2026%2F10%2F01&k_raceNo=10
2026-10-01 20:30:00,20:29,2026-10-01,saga,10,15,三連複,4-7-12,2334.0,2334.0,303,https://www.keiba.go.jp/KeibaWeb/TodayRaceInfo/Odds3LenFuku?k_babaCode=32&k_raceDate=2026%2F10%2F01&k_raceNo=10
2026-10-01 20:30:00,20:29,2026-10-01,saga,10,15,三連複,8-9-12,2334.0,2334.0,303,https://www.keiba.go.jp/KeibaWeb/TodayRaceInfo/Odds3LenFuku?k_babaCode=32&k_raceDate=2026%2F10%2F01&k_raceNo=10
2026-10-01 20:30:00,20:29,2026-10-01,saga,10,15,三連複,8-12-14,2334.0,2334.0,303,https://www.keiba.go.jp/KeibaWeb/TodayRaceInfo/Odds3LenFuku?k_babaCode=32&k_raceDate=2026%2F10%2F01&k_raceNo=10
2026-10-01 20:30:00,20:29,2026-10-01,saga,10,15,三連複,1-3-14,2471.3,2471.3,310,https://www.keiba.go.jp/KeibaWeb/TodayRaceInfo/Odds3LenFuku?k_babaCode=32&k_raceDate=2026%2F10%2F01&k_raceNo=10
2026-10-01 20:30:00,20:29,2026-10-01,saga,10,15,三連複,1-4-12,2471.3,2471.3,310,https://www.keiba.go.jp/KeibaWeb/TodayRaceInfo/Odds3LenFuku?k_babaCode=32&k_raceDate=2026%2F10%2F01&k_raceNo=10
2026-10-01 20:30:00,20:29,2026-10-01,saga,10,15,三連複,3-4-5,2471.3,2471.3,310,https://www.keiba.go.jp/KeibaWeb/TodayRaceInfo/Odds3LenFuku?k_babaCode=32&k_raceDate=2026%2F10%2F01&k_raceNo=10
2026-10-01 20:30:00,20:29,2026-10-01,saga,10,15,三連複,3-6-12,2471.3,2471.3,310,https://www.keiba.go.jp/KeibaWeb/TodayRaceInfo/Odds3LenFuku?k_babaCode=32&k_raceDate=2026%2F10%2F01&k_raceNo=10
2026-10-01 20:30:00,20:29,2026-10-01,saga,10,15,三連複,3-8-9,2471.3,2471.3,310,https://www.keiba.go.jp/KeibaWeb/TodayRaceInfo/Odds3LenFuku?k_babaCode=32&k_raceDate=2026%2F10%2F01&k_raceNo=10
2026-10-01 20:30:00,20:29,2026-10-01,saga,10,15,三連複,5-6-9,2471.3,2471.3,310,https://www.keiba.go.jp/KeibaWeb/TodayRaceInfo/Odds3LenFuku?k_babaCode=32&k_raceDate=2026%2F10%2F01&k_raceNo=10
2026-10-01 20:30:00,20:29,2026-10-01,saga,10,15,三連複,5-7-8,2471.3,2471.3,310,https://www.keiba.go.jp/KeibaWeb/TodayRaceInfo/Odds3LenFuku?k_babaCode=32&k_raceDate=2026%2F10%2F01&k_raceNo=10
2026-10-01 20:30:00,20:29,2026-10-01,saga,10,15,三連複,6-11-12,2471.3,2471.3,310,https://www.keiba.go.jp/KeibaWeb/TodayRaceInfo/Odds3LenFuku?k_babaCode=32&k_raceDate=2026%2F10%2F01&k_raceNo=10
2026-10-01 20:30:00,20:29,2026-10-01,saga,10,15,三連複,8-9-14,2471.3,2471.3,310,https://www.keiba.go.jp/KeibaWeb/TodayRaceInfo/Odds3LenFuku?k_babaCode=32&k_raceDate=2026%2F10%2F01&k_raceNo=10
2026-10-01 20:30:00,20:29,2026-10-01,saga,10,15,三連複,1-5-9,2625.8,2625.8,319,https://www.keiba.go.jp/KeibaWeb/TodayRaceInfo/Odds3LenFuku?k_babaCode=32&k_raceDate=2026%2F10%2F01&k_raceNo=10
2026-10-01 20:30:00,20:29,2026-10-01,saga,10,15,三連複,2-8-12,2625.8,2625.8,319,https://www.keiba.go.jp/KeibaWeb/TodayRaceInfo/Odds3LenFuku?k_babaCode=32&k_raceDate=2026%2F10%2F01&k_raceNo=10
2026-10-01 20:30:00,20:29,2026-10-01,saga,10,15,三連複,5-12-13,2625.8,2625.8,319,https://www.keiba.go.jp/KeibaWeb/TodayRaceInfo/Odds3LenFuku?k_babaCode=32&k_raceDate=2026%2F10%2F01&k_raceNo=10
2026-10-01 20:30:00,20:29,2026-10-01,saga,10,15,三連複,7-8-12,2625.8,2625.8,319,https://www.keiba.go.jp/KeibaWeb/TodayRaceInfo/Odds3LenFuku?k_babaCode=32&k_raceDate=2026%2F10%2F01&k_raceNo=10
2026-10-01 20:30:00,20:29,2026-10-01,saga,10,15,三連複,2-5-14,2800.9,2800.9,323,https://www.keiba.go.jp/KeibaWeb/TodayRaceInfo/Odds3LenFuku?k_babaCode=32&k_raceDate=2026%2F10%2F01&k_raceNo=10
2026-10-01 20:30:00,20:29,2026-10-01,saga,10,15,三連複,3-6-7,2800.9,2800.9,323,https://www.keiba.go.jp/KeibaWeb/TodayRaceInfo/Odds3LenFuku?k_babaCode=32&k_raceDate=2026%2F10%2F01&k_raceNo=10
2026-10-01 20:30:00,20:29,2026-10-01,saga,10,15,三連複,3-6-8,2800.9,2800.9,323,https://www.keiba.go.jp/KeibaWeb/TodayRaceInfo/Odds3LenFuku?k_babaCode=32&k_raceDate=2026%2F10%2F01&k_raceNo=10
2026-10-01 20:30:00,20:29,2026-10-01,saga,10,15,三連複,5-6-7,2800.9,2800.9,323,https://www.keiba.go.jp/KeibaWeb/TodayRaceInfo/Odds3LenFuku?k_babaCode=32&k_raceDate=2026%2F10%2F01&k_raceNo=10
2026-10-01 20:30:00,20:29,2026-10-01,saga,10,15,三連複,5-6-8,2800.9,2800.9,323,https://www.keiba.go.jp/KeibaWeb/TodayRaceInfo/Odds3LenFuku?k_babaCode=32&k_raceDate=2026%2F10%2F01&k_raceNo=10
2026-10-01 20:30:00,20:29,2026-10-01,saga,10,15,三連複,5-9-11,2800.9,2800.9,323,https://www.keiba.go.jp/KeibaWeb/TodayRaceInfo/Odds3LenFuku?k_babaCode=32&k_raceDate=2026%2F10%2F01&k_raceNo=10
2026-10-01 20:30:00,20:29,2026-10-01,saga,10,15,三連複,3-7-8,3000.9,3000.9,329,https://www.keiba.go.jp/KeibaWeb/TodayRaceInfo/Odds3LenFuku?k_babaCode=32&k_raceDate=2026%2F10%2F01&k_raceNo=10
2026-10-01 20:30:00,20:29,2026-10-01,saga,10,15,三連複,5-6-14,3000.9,3000.9,329,https://www.keiba.go.jp/KeibaWeb/TodayRaceInfo/Odds3LenFuku?k_babaCode=32&k_raceDate=2026%2F10%2F01&k_raceNo=10
2026-10-01 20:30:00,20:29,2026-10-01,saga,10,15,三連複,5-8-9,3000.9,3000.9,329,https://www.keiba.go.jp/KeibaWeb/TodayRaceInfo/Odds3LenFuku?k_babaCode=32&k_raceDate=2026%2F10%2F01&k_raceNo=10
2026-10-01 20:30:00,20:29,2026-10-01,saga,10,15,三連複,1-5-8,3231.8,3231.8,332,https://www.keiba.go.jp/KeibaWeb/TodayRaceInfo/Odds3LenFuku?k_babaCode=32&k_raceDate=2026%2F10%2F01&k_raceNo=10
2026-10-01 20:30:00,20:29,2026-10-01,saga,10,15,三連複,1-5-14,3231.8,3231.8,332,https://www.keiba.go.jp/KeibaWeb/TodayRaceInfo/Odds3LenFuku?k_babaCode=32&k_raceDate=2026%2F10%2F01&k_raceNo=10
2026-10-01 20:30:00,20:29,2026-10-01,saga,10,15,三連複,2-3-12,3231.8,3231.8,332,https://www.keiba.go.jp/KeibaWeb/TodayRaceInfo/Odds3LenFuku?k_babaCode=32&k_raceDate=2026%2F10%2F01&k_raceNo=10
2026-10-01 20:30:00,20:29,2026-10-01,saga,10,15,三連複,3-5-11,3231.8,3231.8,332,https://www.keiba.go.jp/KeibaWeb/TodayRaceInfo/Odds3LenFuku?k_babaCode=32&k_raceDate=2026%2F10%2F01&k_raceNo=10
2026-10-01 20:30:00,20:29,2026-10-01,saga,10,15,三連複,3-7-12,3231.8,3231.8,332,https://www.keiba.go.jp/KeibaWeb/TodayRaceInfo/Odds3LenFuku?k_babaCode=32&k_raceDate=2026%2F10%2F01&k_raceNo=10
2026-10-01 20:30:00,20:29,2026-10-01,saga,10,15,三連複,5-7-11,3231.8,3231.8,332,https://www.keiba.go.jp/KeibaWeb/TodayRaceInfo/Odds3LenFuku?k_babaCode=32&k_raceDate=2026%2F10%2F01&k_raceNo=10
2026-10-01 20:30:00,20:29,2026-10-01,saga,10,15,三連複,5-7-12,3231.8,3231.8,332,https://www.keiba.go.jp/KeibaWeb/TodayRaceInfo/Odds3LenFuku?k_babaCode=32&k_raceDate=2026%2F10%2F01&k_raceNo=10
2026-10-01 20:30:00,20:29,2026-10-01,saga,10,15,三連複,5-8-12,3231.8,3231.8,332,https://www.keiba.go.jp/KeibaWeb/TodayRaceInfo/Odds3LenFuku?k_babaCode=32&k_raceDate=2026%2F10%2F01&k_raceNo=10
2026-10-01 20:30:00,20:29,2026-10-01,saga,10,15,三連複,6-8-12,3231.8,3231.8,332,https://www.keiba.go.jp/KeibaWeb/TodayRaceInfo/Odds3LenFuku?k_babaCode=32&k_raceDate=2026%2F10%2F01&k_raceNo=10
2026-10-01 20:30:00,20:29,2026-10-01,saga,10,15,三連複,1-3-8,3501.1,3501.1,341,https://www.keiba.go.jp/KeibaWeb/TodayRaceInfo/Odds3LenFuku?k_babaCode=32&k_raceDate=2026%2F10%2F01&k_raceNo=10
2026-10-01 20:30:00,20:29,2026-10-01,saga,10,15,三連複,3-4-12,3501.1,3501.1,341,https://www.keiba.go.jp/KeibaWeb/TodayRaceInfo/Odds3LenFuku?k_babaCode=32&k_raceDate=2026%2F10%2F01&k_raceNo=10
2026-10-01 20:30:00,20:29,2026-10-01,saga,10,15,三連複,3-5-12,3501.1,3501.1,341,https://www.keiba.go.jp/KeibaWeb/TodayRaceInfo/Odds3LenFuku?k_babaCode=32&k_raceDate=2026%2F10%2F01&k_raceNo=10
2026-10-01 20:30:00,20:29,2026-10-01,saga,10,15,三連複,3-8-14,3501.1,3501.1,341,https://www.keiba.go.jp/KeibaWeb/TodayRaceInfo/Odds3LenFuku?k_babaCode=32&k_raceDate=2026%2F10%2F01&k_raceNo=10
2026-10-01 20:30:00,20:29,2026-10-01,saga,10,15,三連複,2-5-11,3819.4,3819.4,345,https://www.keiba.go.jp/KeibaWeb/TodayRaceInfo/Odds3LenFuku?k_babaCode=32&k_raceDate=2026%2F10%2F01&k_raceNo=10
2026-10-01 20:30:00,20:29,2026-10-01,saga,10,15,三連複,5-8-11,3819.4,3819.4,345,https://www.keiba.go.jp/KeibaWeb/TodayRaceInfo/Odds3LenFuku?k_babaCode=32&k_raceDate=2026%2F10%2F01&k_raceNo=10
2026-10-01 20:30:00,20:29,2026-10-01,saga,10,15,三連複,5-9-14,3819.4,3819.4,345,https://www.keiba.go.jp/KeibaWeb/TodayRaceInfo/Odds3LenFuku?k_babaCode=32&k_raceDate=2026%2F10%2F01&k_raceNo=10
2026-10-01 20:30:00,20:29,2026-10-01,saga,10,15,三連複,3-5-14,4201.3,4201.3,348,https://www.keiba.go.jp/KeibaWeb/TodayRaceInfo/Odds3LenFuku?k_babaCode=32&k_raceDate=2026%2F10%2F01&k_raceNo=10
2026-10-01 20:30:00,20:29,2026-10-01,saga,10,15,三連複,3-12-14,4668.1,4668.1,349,https://www.keiba.go.jp/KeibaWeb/TodayRaceInfo/Odds3LenFuku?k_babaCode=32&k_raceDate=2026%2F10%2F01&k_raceNo=10
2026-10-01 20:30:00,20:29,2026-10-01,saga,10,15,三連複,5-11-14,4668.1,4668.1,349,https://www.keiba.go.jp/KeibaWeb/TodayRaceInfo/Odds3LenFuku?k_babaCode=32&k_raceDate=2026%2F10%2F01&k_raceNo=10
2026-10-01 20:30:00,20:29,2026-10-01,saga,10,15,三連複,3-11-12,5251.7,5251.7,351,https://www.keiba.go.jp/KeibaWeb/TodayRaceInfo/Odds3LenFuku?k_babaCode=32&k_raceDate=2026%2F10%2F01&k_raceNo=10
2026-10-01 20:30:00,20:29,2026-10-01,saga,10,15,三連複,1-3-12,6001.9,6001.9,352,https://www.keiba.go.jp/KeibaWeb/TodayRaceInfo/Odds3LenFuku?k_babaCode=32&k_raceDate=2026%2F10%2F01&k_raceNo=10
2026-10-01 20:30:00,20:29,2026-10-01,saga,10,15,三連複,3-5-9,6001.9,6001.9,352,https://www.keiba.go.jp/KeibaWeb/TodayRaceInfo/Odds3LenFuku?k_babaCode=32&k_raceDate=2026%2F10%2F01&k_raceNo=10
2026-10-01 20:30:00,20:29,2026-10-01,saga,10,15,三連複,4-5-11,6001.9,6001.9,352,https://www.keiba.go.jp/KeibaWeb/TodayRaceInfo/Odds3LenFuku?k_babaCode=32&k_raceDate=2026%2F10%2F01&k_raceNo=10
2026-10-01 20:30:00,20:29,2026-10-01,saga,10,15,三連複,4-5-12,6001.9,6001.9,352,https://www.keiba.go.jp/KeibaWeb/TodayRaceInfo/Odds3LenFuku?k_babaCode=32&k_raceDate=2026%2F10%2F01&k_raceNo=10
2026-10-01 20:30:00,20:29,2026-10-01,saga,10,15,三連複,5-6-11,6001.9,6001.9,352,https://www.keiba.go.jp/KeibaWeb/TodayRaceInfo/Odds3LenFuku?k_babaCode=32&k_raceDate=2026%2F10%2F01&k_raceNo=10
2026-10-01 20:30:00,20:29,2026-10-01,saga,10,15,三連複,5-6-12,6001.9,6001.9,352,https://www.keiba.go.jp/KeibaWeb/TodayRaceInfo/Odds3LenFuku?k_babaCode=32&k_raceDate=2026%2F10%2F01&k_raceNo=10
2026-10-01 20:30:00,20:29,2026-10-01,saga,10,15,三連複,5-9-12,6001.9,6001.9,352,https://www.keiba.go.jp/KeibaWeb/TodayRaceInfo/Odds3LenFuku?k_babaCode=32&k_raceDate=2026%2F10%2F01&k_raceNo=10
2026-10-01 20:30:00,20:29,2026-10-01,saga,10,15,三連複,3-5-6,7002.2,7002.2,359,https://www.keiba.go.jp/KeibaWeb/TodayRaceInfo/Odds3LenFuku?k_babaCode=32&k_raceDate=2026%2F10%2F01&k_raceNo=10
2026-10-01 20:30:00,20:29,2026-10-01,saga,10,15,三連複,5-8-14,7002.2,7002.2,359,https://www.keiba.go.jp/KeibaWeb/TodayRaceInfo/Odds3LenFuku?k_babaCode=32&k_raceDate=2026%2F10%2F01&k_raceNo=10
2026-10-01 20:30:00,20:29,2026-10-01,saga,10,15,三連複,1-5-12,8402.7,8402.7,361,https://www.keiba.go.jp/KeibaWeb/TodayRaceInfo/Odds3LenFuku?k_babaCode=32&k_raceDate=2026%2F10%2F01&k_raceNo=10
2026-10-01 20:30:00,20:29,2026-10-01,saga,10,15,三連複,2-5-12,8402.7,8402.7,361,https://www.keiba.go.jp/KeibaWeb/TodayRaceInfo/Odds3LenFuku?k_babaCode=32&k_raceDate=2026%2F10%2F01&k_raceNo=10
2026-10-01 20:30:00,20:29,2026-10-01,saga,10,15,三連複,5-12-14,8402.7,8402.7,361,https://www.keiba.go.jp/KeibaWeb/TodayRaceInfo/Odds3LenFuku?k_babaCode=32&k_raceDate=2026%2F10%2F01&k_raceNo=10
2026-10-01 20:30:00,20:29,2026-10-01,saga,10,15,三連複,5-11-12,10503.4,10503.4,364,https://www.keiba.go.jp/KeibaWeb/TodayRaceInfo/Odds3LenFuku?k_babaCode=32&k_raceDate=2026%2F10%2F01&k_raceNo=10
2026-10-01 20:30:00,20:29,2026-10-01,saga,10,15,三連単,13-10-1,37.6,37.6,5,https://www.keiba.go.jp/KeibaWeb/TodayRaceInfo/Odds3LenTan?k_babaCode=32&k_raceDate=2026%2F10%2F01&k_raceNo=10&odds_flg=1
2026-10-01 20:30:00,20:29,2026-10-01,saga,10,15,三連単,10-13-1,56.9,56.9,10,https://www.keiba.go.jp/KeibaWeb/TodayRaceInfo/Odds3LenTan?k_babaCode=32&k_raceDate=2026%2F10%2F01&k_raceNo=10&odds_flg=1
2026-10-01 20:30:00,20:29,2026-10-01,saga,10,15,三連単,13-1-10,85.9,85.9,21,https://www.keiba.go.jp/KeibaWeb/TodayRaceInfo/Odds3LenTan?k_babaCode=32&k_raceDate=2026%2F10%2F01&k_raceNo=10&odds_flg=1
2026-10-01 20:30:00,20:29,2026-10-01,saga,10,15,三連単,10-1-13,109.6,109.6,25,https://www.keiba.go.jp/KeibaWeb/TodayRaceInfo/Odds3LenTan?k_babaCode=32&k_raceDate=2026%2F10%2F01&k_raceNo=10&odds_flg=1
2026-10-01 20:30:00,20:29,2026-10-01,saga,10,15,三連単,13-10-6,134.5,134.5,33,https://www.keiba.go.jp/KeibaWeb/TodayRaceInfo/Odds3LenTan?k_babaCode=32&k_raceDate=2026%2F10%2F01&k_raceNo=10&odds_flg=1
2026-10-01 20:30:00,20:29,2026-10-01,saga,10,15,三連単,10-13-6,162.2,162.2,35,https://www.keiba.go.jp/KeibaWeb/TodayRaceInfo/Odds3LenTan?k_babaCode=32&k_raceDate=2026%2F10%2F01&k_raceNo=10&odds_flg=1
2026-10-01 20:30:00,20:29,2026-10-01,saga,10,15,三連単,1-13-10,178.5,178.5,39,https://www.keiba.go.jp/KeibaWeb/TodayRaceInfo/Odds3LenTan?k_babaCode=32&k_raceDate=2026%2F10%2F01&k_raceNo=10&odds_flg=1
2026-10-01 20:30:00,20:29,2026-10-01,saga,10,15,三連単,1-10-13,179.4,179.4,41,https://www.keiba.go.jp/KeibaWeb/TodayRaceInfo/Odds3LenTan?k_babaCode=32&k_raceDate=2026%2F10%2F01&k_raceNo=10&odds_flg=1
2026-10-01 20:30:00,20:29,2026-10-01,saga,10,15,三連単,13-6-10,311.9,311.9,84,https://www.keiba.go.jp/KeibaWeb/TodayRaceInfo/Odds3LenTan?k_babaCode=32&k_raceDate=2026%2F10%2F01&k_raceNo=10&odds_flg=1
2026-10-01 20:30:00,20:29,2026-10-01,saga,10,15,三連単,10-6-13,415.3,415.3,111,https://www.keiba.go.jp/KeibaWeb/TodayRaceInfo/Odds3LenTan?k_babaCode=32&k_raceDate=2026%2F10%2F01&k_raceNo=10&odds_flg=1
2026-10-01 20:30:00,20:29,2026-10-01,saga,10,15,三連単,13-1-6,436.7,436.7,117,https://www.keiba.go.jp/KeibaWeb/TodayRaceInfo/Odds3LenTan?k_babaCode=32&k_raceDate=2026%2F10%2F01&k_raceNo=10&odds_flg=1
2026-10-01 20:30:00,20:29,2026-10-01,saga,10,15,三連単,13-6-1,670.4,670.4,162,https://www.keiba.go.jp/KeibaWeb/TodayRaceInfo/Odds3LenTan?k_babaCode=32&k_raceDate=2026%2F10%2F01&k_raceNo=10&odds_flg=1
2026-10-01 20:30:00,20:29,2026-10-01,saga,10,15,三連単,6-13-10,858.7,858.7,205,https://www.keiba.go.jp/KeibaWeb/TodayRaceInfo/Odds3LenTan?k_babaCode=32&k_raceDate=2026%2F10%2F01&k_raceNo=10&odds_flg=1
2026-10-01 20:30:00,20:29,2026-10-01,saga,10,15,三連単,6-10-13,888.7,888.7,215,https://www.keiba.go.jp/KeibaWeb/TodayRaceInfo/Odds3LenTan?k_babaCode=32&k_raceDate=2026%2F10%2F01&k_raceNo=10&odds_flg=1
2026-10-01 20:30:00,20:29,2026-10-01,saga,10,15,三連単,10-1-6,943.5,943.5,232,https://www.keiba.go.jp/KeibaWeb/TodayRaceInfo/Odds3LenTan?k_babaCode=32&k_raceDate=2026%2F10%2F01&k_raceNo=10&odds_flg=1
2026-10-01 20:30:00,20:29,2026-10-01,saga,10,15,三連単,10-6-1,1661.4,1661.4,360,https://www.keiba.go.jp/KeibaWeb/TodayRaceInfo/Odds3LenTan?k_babaCode=32&k_raceDate=2026%2F10%2F01&k_raceNo=10&odds_flg=1
2026-10-01 20:30:00,20:29,2026-10-01,saga,10,15,三連単,1-13-6,1737.0,1737.0,375,https://www.keiba.go.jp/KeibaWeb/TodayRaceInfo/Odds3LenTan?k_babaCode=32&k_raceDate=2026%2F10%2F01&k_raceNo=10&odds_flg=1
2026-10-01 20:30:00,20:29,2026-10-01,saga,10,15,三連単,6-13-1,2388.3,2388.3,483,https://www.keiba.go.jp/KeibaWeb/TodayRaceInfo/Odds3LenTan?k_babaCode=32&k_raceDate=2026%2F10%2F01&k_raceNo=10&odds_flg=1
2026-10-01 20:30:00,20:29,2026-10-01,saga,10,15,三連単,1-10-6,2465.4,2465.4,494,https://www.keiba.go.jp/KeibaWeb/TodayRaceInfo/Odds3LenTan?k_babaCode=32&k_raceDate=2026%2F10%2F01&k_raceNo=10&odds_flg=1
2026-10-01 20:30:00,20:29,2026-10-01,saga,10,15,三連単,1-6-13,2547.6,2547.6,505,https://www.keiba.go.jp/KeibaWeb/TodayRaceInfo/Odds3LenTan?k_babaCode=32&k_raceDate=2026%2F10%2F01&k_raceNo=10&odds_flg=1
2026-10-01 20:30:00,20:29,2026-10-01,saga,10,15,三連単,1-6-10,2939.5,2939.5,564,https://www.keiba.go.jp/KeibaWeb/TodayRaceInfo/Odds3LenTan?k_babaCode=32&k_raceDate=2026%2F10%2F01&k_raceNo=10&odds_flg=1
2026-10-01 20:30:00,20:29,2026-10-01,saga,10,15,三連単,6-10-1,2939.5,2939.5,564,https://www.keiba.go.jp/KeibaWeb/TodayRaceInfo/Odds3LenTan?k_babaCode=32&k_raceDate=2026%2F10%2F01&k_raceNo=10&odds_flg=1
2026-10-01 20:30:00,20:29,2026-10-01,saga,10,15,三連単,6-1-13,3322.9,3322.9,616,https://www.keiba.go.jp/KeibaWeb/TodayRaceInfo/Odds3LenTan?k_babaCode=32&k_raceDate=2026%2F10%2F01&k_raceNo=10&odds_flg=1
2026-10-01 20:30:00,20:29,2026-10-01,saga,10,15,三連単,6-1-10,3639.4,3639.4,654,https://www.keiba.go.jp/KeibaWeb/TodayRaceInfo/Odds3LenTan?k_babaCode=32&k_raceDate=2026%2F10%2F01&k_raceNo=10&odds_flg=1
