captured_at,source_time,race_date,track,race_no,minutes_before,bet_type,combination,odds_low,odds_high,popularity,source_url
2026-09-29 14:00:00,13:59,2026-09-29,funabashi,1,30,ワイド,1-10,62.9,66.8,49,https://www.keiba.go.jp/KeibaWeb/TodayRaceInfo/OddsWide?k_babaCode=19&k_raceDate=2026%2F09%2F29&k_raceNo=1
2026-09-29 14:00:00,13:59,2026-09-29,funabashi,1,30,ワイド,1-11,21.4,23.4,29,https://www.keiba.go.jp/KeibaWeb/TodayRaceInfo/OddsWide?k_babaCode=19&k_raceDate=2026%2F09%2F29&k_raceNo=1
2026-09-29 14:00:00,13:59,2026-09-29,funabashi,1,30,ワイド,1-12,207.5,211.0,66,https://www.keiba.go.jp/KeibaWeb/TodayRaceInfo/OddsWide?k_babaCode=19&k_raceDate=2026%2F09%2F29&k_raceNo=1
2026-09-29 14:00:00,13:59,2026-09-29,funabashi,1,30,ワイド,1-2,32.1,34.6,40,https://www.keiba.go.jp/KeibaWeb/TodayRaceInfo/OddsWide?k_babaCode=19&k_raceDate=2026%2F09%2F29&k_raceNo=1
2026-09-29 14:00:00,13:59,2026-09-29,funabashi,1,30,ワイド,1-3,81.6,83.3,52,https://www.keiba.go.jp/KeibaWeb/TodayRaceInfo/OddsWide?k_babaCode=19&k_raceDate=2026%2F09%2F29&k_raceNo=1
2026-09-29 14:00:00,13:59,2026-09-29,funabashi,1,30,ワイド,1-4,36.1,39.1,42,https://www.keiba.go.jp/KeibaWeb/TodayRaceInfo/OddsWide?k_babaCode=19&k_raceDate=2026%2F09%2F29&k_raceNo=1
2026-09-29 14:00:00,13:59,2026-09-29,funabashi,1,30,ワイド,1-5,39.9,42.7,44,https://www.keiba.go.jp/KeibaWeb/TodayRaceInfo/OddsWide?k_babaCode=19&k_raceDate=2026%2F09%2F29&k_raceNo=1
2026-09-29 14:00:00,13:59,2026-09-29,funabashi,1,30,ワイド,1-6,41.8,46.0,45,https://www.keiba.go.jp/KeibaWeb/TodayRaceInfo/OddsWide?k_babaCode=19&k_raceDate=2026%2F09%2F29&k_raceNo=1
2026-09-29 14:00:00,13:59,2026-09-29,funabashi,1,30,ワイド,1-7,34.0,35.6,41,https://www.keiba.go.jp/KeibaWeb/TodayRaceInfo/OddsWide?k_babaCode=19&k_raceDate=2026%2F09%2F29&k_raceNo=1
2026-09-29 14:00:00,13:59,2026-09-29,funabashi,1,30,ワイド,1-8,16.0,17.4,21,https://www.keiba.go.jp/KeibaWeb/TodayRaceInfo/OddsWide?k_babaCode=19&k_raceDate=2026%2F09%2F29&k_raceNo=1
2026-09-29 14:00:00,13:59,2026-09-29,funabashi,1,30,ワイド,1-9,25.7,27.8,34,https://www.keiba.go.jp/KeibaWeb/TodayRaceInfo/OddsWide?k_babaCode=19&k_raceDate=2026%2F09%2F29&k_raceNo=1
2026-09-29 14:00:00,13:59,2026-09-29,funabashi,1,30,ワイド,10-11,14.9,16.9,18,https://www.keiba.go.jp/KeibaWeb/TodayRaceInfo/OddsWide?k_babaCode=19&k_raceDate=2026%2F09%2F29&k_raceNo=1
2026-09-29 14:00:00,13:59,2026-09-29,funabashi,1,30,ワイド,10-12,110.6,116.4,60,https://www.keiba.go.jp/KeibaWeb/TodayRaceInfo/OddsWide?k_babaCode=19&k_raceDate=2026%2F09%2F29&k_raceNo=1
2026-09-29 14:00:00,13:59,2026-09-29,funabashi,1,30,ワイド,11-12,106.8,116.2,58,https://www.keiba.go.jp/KeibaWeb/TodayRaceInfo/OddsWide?k_babaCode=19&k_raceDate=2026%2F09%2F29&k_raceNo=1
2026-09-29 14:00:00,13:59,2026-09-29,funabashi,1,30,ワイド,2-10,27.1,30.2,35,https://www.keiba.go.jp/KeibaWeb/TodayRaceInfo/OddsWide?k_babaCode=19&k_raceDate=2026%2F09%2F29&k_raceNo=1
2026-09-29 14:00:00,13:59,2026-09-29,funabashi,1,30,ワイド,2-11,15.3,17.6,19,https://www.keiba.go.jp/KeibaWeb/TodayRaceInfo/OddsWide?k_babaCode=19&k_raceDate=2026%2F09%2F29&k_raceNo=1
2026-09-29 14:00:00,13:59,2026-09-29,funabashi,1,30,ワイド,2-12,155.5,166.0,63,https://www.keiba.go.jp/KeibaWeb/TodayRaceInfo/OddsWide?k_babaCode=19&k_raceDate=2026%2F09%2F29&k_raceNo=1
2026-09-29 14:00:00,13:59,2026-09-29,funabashi,1,30,ワイド,2-3,83.7,89.7,53,https://www.keiba.go.jp/KeibaWeb/TodayRaceInfo/OddsWide?k_babaCode=19&k_raceDate=2026%2F09%2F29&k_raceNo=1
2026-09-29 14:00:00,13:59,2026-09-29,funabashi,1,30,ワイド,2-4,23.5,26.8,31,https://www.keiba.go.jp/KeibaWeb/TodayRaceInfo/OddsWide?k_babaCode=19&k_raceDate=2026%2F09%2F29&k_raceNo=1
2026-09-29 14:00:00,13:59,2026-09-29,funabashi,1,30,ワイド,2-5,20.1,22.6,28,https://www.keiba.go.jp/KeibaWeb/TodayRaceInfo/OddsWide?k_babaCode=19&k_raceDate=2026%2F09%2F29&k_raceNo=1
2026-09-29 14:00:00,13:59,2026-09-29,funabashi,1,30,ワイド,2-6,12.6,14.5,14,https://www.keiba.go.jp/KeibaWeb/TodayRaceInfo/OddsWide?k_babaCode=19&k_raceDate=2026%2F09%2F29&k_raceNo=1
2026-09-29 14:00:00,13:59,2026-09-29,funabashi,1,30,ワイド,2-7,28.5,31.4,36,https://www.keiba.go.jp/KeibaWeb/TodayRaceInfo/OddsWide?k_babaCode=19&k_raceDate=2026%2F09%2F29&k_raceNo=1
2026-09-29 14:00:00,13:59,2026-09-29,funabashi,1,30,ワイド,2-8,4.2,4.5,5,https://www.keiba.go.jp/KeibaWeb/TodayRaceInfo/OddsWide?k_babaCode=19&k_raceDate=2026%2F09%2F29&k_raceNo=1
2026-09-29 14:00:00,13:59,2026-09-29,funabashi,1,30,ワイド,2-9,19.7,22.4,27,https://www.keiba.go.jp/KeibaWeb/TodayRaceInfo/OddsWide?k_babaCode=19&k_raceDate=2026%2F09%2F29&k_raceNo=1
2026-09-29 14:00:00,13:59,2026-09-29,funabashi,1,30,ワイド,3-10,96.0,101.3,57,https://www.keiba.go.jp/KeibaWeb/TodayRaceInfo/OddsWide?k_babaCode=19&k_raceDate=2026%2F09%2F29&k_raceNo=1
2026-09-29 14:00:00,13:59,2026-09-29,funabashi,1,30,ワイド,3-11,64.7,70.7,50,https://www.keiba.go.jp/KeibaWeb/TodayRaceInfo/OddsWide?k_babaCode=19&k_raceDate=2026%2F09%2F29&k_raceNo=1
2026-09-29 14:00:00,13:59,2026-09-29,funabashi,1,30,ワイド,3-12,88.5,89.8,55,https://www.keiba.go.jp/KeibaWeb/TodayRaceInfo/OddsWide?k_babaCode=19&k_raceDate=2026%2F09%2F29&k_raceNo=1
2026-09-29 14:00:00,13:59,2026-09-29,funabashi,1,30,ワイド,3-4,57.0,61.4,48,https://www.keiba.go.jp/KeibaWeb/TodayRaceInfo/OddsWide?k_babaCode=19&k_raceDate=2026%2F09%2F29&k_raceNo=1
2026-09-29 14:00:00,13:59,2026-09-29,funabashi,1,30,ワイド,3-5,109.4,116.5,59,https://www.keiba.go.jp/KeibaWeb/TodayRaceInfo/OddsWide?k_babaCode=19&k_raceDate=2026%2F09%2F29&k_raceNo=1
2026-09-29 14:00:00,13:59,2026-09-29,funabashi,1,30,ワイド,3-6,92.6,101.3,56,https://www.keiba.go.jp/KeibaWeb/TodayRaceInfo/OddsWide?k_babaCode=19&k_raceDate=2026%2F09%2F29&k_raceNo=1
2026-09-29 14:00:00,13:59,2026-09-29,funabashi,1,30,ワイド,3-7,67.8,70.7,51,https://www.keiba.go.jp/KeibaWeb/TodayRaceInfo/OddsWide?k_babaCode=19&k_raceDate=2026%2F09%2F29&k_raceNo=1
2026-09-29 14:00:00,13:59,2026-09-29,funabashi,1,30,ワイド,3-8,23.4,25.2,30,https://www.keiba.go.jp/KeibaWeb/TodayRaceInfo/OddsWide?k_babaCode=19&k_raceDate=2026%2F09%2F29&k_raceNo=1
2026-09-29 14:00:00,13:59,2026-09-29,funabashi,1,30,ワイド,3-9,47.4,50.9,46,https://www.keiba.go.jp/KeibaWeb/TodayRaceInfo/OddsWide?k_babaCode=19&k_raceDate=2026%2F09%2F29&k_raceNo=1
2026-09-29 14:00:00,13:59,2026-09-29,funabashi,1,30,ワイド,4-10,30.8,34.5,39,https://www.keiba.go.jp/KeibaWeb/TodayRaceInfo/OddsWide?k_babaCode=19&k_raceDate=2026%2F09%2F29&k_raceNo=1
2026-09-29 14:00:00,13:59,2026-09-29,funabashi,1,30,ワイド,4-11,16.5,19.1,23,https://www.keiba.go.jp/KeibaWeb/TodayRaceInfo/OddsWide?k_babaCode=19&k_raceDate=2026%2F09%2F29&k_raceNo=1
2026-09-29 14:00:00,13:59,2026-09-29,funabashi,1,30,ワイド,4-12,86.6,93.0,54,https://www.keiba.go.jp/KeibaWeb/TodayRaceInfo/OddsWide?k_babaCode=19&k_raceDate=2026%2F09%2F29&k_raceNo=1
2026-09-29 14:00:00,13:59,2026-09-29,funabashi,1,30,ワイド,4-5,11.0,12.5,12,https://www.keiba.go.jp/KeibaWeb/TodayRaceInfo/OddsWide?k_babaCode=19&k_raceDate=2026%2F09%2F29&k_raceNo=1
2026-09-29 14:00:00,13:59,2026-09-29,funabashi,1,30,ワイド,4-6,14.6,17.0,17,https://www.keiba.go.jp/KeibaWeb/TodayRaceInfo/OddsWide?k_babaCode=19&k_raceDate=2026%2F09%2F29&k_raceNo=1
2026-09-29 14:00:00,13:59,2026-09-29,funabashi,1,30,ワイド,4-7,16.1,17.9,22,https://www.keiba.go.jp/KeibaWeb/TodayRaceInfo/OddsWide?k_babaCode=19&k_raceDate=2026%2F09%2F29&k_raceNo=1
2026-09-29 14:00:00,13:59,2026-09-29,funabashi,1,30,ワイド,4-8,3.8,4.1,3,https://www.keiba.go.jp/KeibaWeb/TodayRaceInfo/OddsWide?k_babaCode=19&k_raceDate=2026%2F09%2F29&k_raceNo=1
2026-09-29 14:00:00,13:59,2026-09-29,funabashi,1,30,ワイド,4-9,17.4,19.9,25,https://www.keiba.go.jp/KeibaWeb/TodayRaceInfo/OddsWide?k_babaCode=19&k_raceDate=2026%2F09%2F29&k_raceNo=1
2026-09-29 14:00:00,13:59,2026-09-29,funabashi,1,30,ワイド,5-10,30.3,33.6,38,https://www.keiba.go.jp/KeibaWeb/TodayRaceInfo/OddsWide?k_babaCode=19&k_raceDate=2026%2F09%2F29&k_raceNo=1
2026-09-29 14:00:00,13:59,2026-09-29,funabashi,1,30,ワイド,5-11,14.5,16.6,16,https://www.keiba.go.jp/KeibaWeb/TodayRaceInfo/OddsWide?k_babaCode=19&k_raceDate=2026%2F09%2F29&k_raceNo=1
2026-09-29 14:00:00,13:59,2026-09-29,funabashi,1,30,ワイド,5-12,199.0,211.2,65,https://www.keiba.go.jp/KeibaWeb/TodayRaceInfo/OddsWide?k_babaCode=19&k_raceDate=2026%2F09%2F29&k_raceNo=1
2026-09-29 14:00:00,13:59,2026-09-29,funabashi,1,30,ワイド,5-6,23.6,27.2,32,https://www.keiba.go.jp/KeibaWeb/TodayRaceInfo/OddsWide?k_babaCode=19&k_raceDate=2026%2F09%2F29&k_raceNo=1
2026-09-29 14:00:00,13:59,2026-09-29,funabashi,1,30,ワイド,5-7,36.3,39.8,43,https://www.keiba.go.jp/KeibaWeb/TodayRaceInfo/OddsWide?k_babaCode=19&k_raceDate=2026%2F09%2F29&k_raceNo=1
2026-09-29 14:00:00,13:59,2026-09-29,funabashi,1,30,ワイド,5-8,4.6,4.9,6,https://www.keiba.go.jp/KeibaWeb/TodayRaceInfo/OddsWide?k_babaCode=19&k_raceDate=2026%2F09%2F29&k_raceNo=1
2026-09-29 14:00:00,13:59,2026-09-29,funabashi,1,30,ワイド,5-9,24.6,27.8,33,https://www.keiba.go.jp/KeibaWeb/TodayRaceInfo/OddsWide?k_babaCode=19&k_raceDate=2026%2F09%2F29&k_raceNo=1
2026-09-29 14:00:00,13:59,2026-09-29,funabashi,1,30,ワイド,6-10,15.7,17.9,20,https://www.keiba.go.jp/KeibaWeb/TodayRaceInfo/OddsWide?k_babaCode=19&k_raceDate=2026%2F09%2F29&k_raceNo=1
2026-09-29 14:00:00,13:59,2026-09-29,funabashi,1,30,ワイド,6-11,10.4,12.2,10,https://www.keiba.go.jp/KeibaWeb/TodayRaceInfo/OddsWide?k_babaCode=19&k_raceDate=2026%2F09%2F29&k_raceNo=1
2026-09-29 14:00:00,13:59,2026-09-29,funabashi,1,30,ワイド,6-12,163.9,178.7,64,https://www.keiba.go.jp/KeibaWeb/TodayRaceInfo/OddsWide?k_babaCode=19&k_raceDate=2026%2F09%2F29&k_raceNo=1
2026-09-29 14:00:00,13:59,2026-09-29,funabashi,1,30,ワイド,6-7,17.1,19.2,24,https://www.keiba.go.jp/KeibaWeb/TodayRaceInfo/OddsWide?k_babaCode=19&k_raceDate=2026%2F09%2F29&k_raceNo=1
2026-09-29 14:00:00,13:59,2026-09-29,funabashi,1,30,ワイド,6-8,3.3,3.5,1,https://www.keiba.go.jp/KeibaWeb/TodayRaceInfo/OddsWide?k_babaCode=19&k_raceDate=2026%2F09%2F29&k_raceNo=1
2026-09-29 14:00:00,13:59,2026-09-29,funabashi,1,30,ワイド,6-9,12.9,15.0,15,https://www.keiba.go.jp/KeibaWeb/TodayRaceInfo/OddsWide?k_babaCode=19&k_raceDate=2026%2F09%2F29&k_raceNo=1
2026-09-29 14:00:00,13:59,2026-09-29,funabashi,1,30,ワイド,7-10,52.6,57.0,47,https://www.keiba.go.jp/KeibaWeb/TodayRaceInfo/OddsWide?k_babaCode=19&k_raceDate=2026%2F09%2F29&k_raceNo=1
2026-09-29 14:00:00,13:59,2026-09-29,funabashi,1,30,ワイド,7-11,9.8,10.9,9,https://www.keiba.go.jp/KeibaWeb/TodayRaceInfo/OddsWide?k_babaCode=19&k_raceDate=2026%2F09%2F29&k_raceNo=1
2026-09-29 14:00:00,13:59,2026-09-29,funabashi,1,30,ワイド,7-12,117.7,122.3,61,https://www.keiba.go.jp/KeibaWeb/TodayRaceInfo/OddsWide?k_babaCode=19&k_raceDate=2026%2F09%2F29&k_raceNo=1
2026-09-29 14:00:00,13:59,2026-09-29,funabashi,1,30,ワイド,7-8,6.7,7.3,8,https://www.keiba.go.jp/KeibaWeb/TodayRaceInfo/OddsWide?k_babaCode=19&k_raceDate=2026%2F09%2F29&k_raceNo=1
2026-09-29 14:00:00,13:59,2026-09-29,funabashi,1,30,ワイド,7-9,10.5,11.6,11,https://www.keiba.go.jp/KeibaWeb/TodayRaceInfo/OddsWide?k_babaCode=19&k_raceDate=2026%2F09%2F29&k_raceNo=1
2026-09-29 14:00:00,13:59,2026-09-29,funabashi,1,30,ワイド,8-10,5.3,5.8,7,https://www.keiba.go.jp/KeibaWeb/TodayRaceInfo/OddsWide?k_babaCode=19&k_raceDate=2026%2F09%2F29&k_raceNo=1
2026-09-29 14:00:00,13:59,2026-09-29,funabashi,1,30,ワイド,8-11,3.3,3.6,2,https://www.keiba.go.jp/KeibaWeb/TodayRaceInfo/OddsWide?k_babaCode=19&k_raceDate=2026%2F09%2F29&k_raceNo=1
2026-09-29 14:00:00,13:59,2026-09-29,funabashi,1,30,ワイド,8-12,30.2,32.4,37,https://www.keiba.go.jp/KeibaWeb/TodayRaceInfo/OddsWide?k_babaCode=19&k_raceDate=2026%2F09%2F29&k_raceNo=1
2026-09-29 14:00:00,13:59,2026-09-29,funabashi,1,30,ワイド,8-9,4.0,4.3,4,https://www.keiba.go.jp/KeibaWeb/TodayRaceInfo/OddsWide?k_babaCode=19&k_raceDate=2026%2F09%2F29&k_raceNo=1
2026-09-29 14:00:00,13:59,2026-09-29,funabashi,1,30,ワイド,9-10,18.0,20.1,26,https://www.keiba.go.jp/KeibaWeb/TodayRaceInfo/OddsWide?k_babaCode=19&k_raceDate=2026%2F09%2F29&k_raceNo=1
2026-09-29 14:00:00,13:59,2026-09-29,funabashi,1,30,ワイド,9-11,12.4,14.3,13,https://www.keiba.go.jp/KeibaWeb/TodayRaceInfo/OddsWide?k_babaCode=19&k_raceDate=2026%2F09%2F29&k_raceNo=1
2026-09-29 14:00:00,13:59,2026-09-29,funabashi,1,30,ワイド,9-12,127.7,136.5,62,https://www.keiba.go.jp/KeibaWeb/TodayRaceInfo/OddsWide?k_babaCode=19&k_raceDate=2026%2F09%2F29&k_raceNo=1
2026-09-29 14:00:00,13:59,2026-09-29,funabashi,1,30,三連複,1-10-11,301.2,301.2,84,https://www.keiba.go.jp/KeibaWeb/TodayRaceInfo/Odds3LenFuku?k_babaCode=19&k_raceDate=2026%2F09%2F29&k_raceNo=1
2026-09-29 14:00:00,13:59,2026-09-29,funabashi,1,30,三連複,1-10-12,1841.2,1841.2,186,https://www.keiba.go.jp/KeibaWeb/TodayRaceInfo/Odds3LenFuku?k_babaCode=19&k_raceDate=2026%2F09%2F29&k_raceNo=1
2026-09-29 14:00:00,13:59,2026-09-29,funabashi,1,30,三連複,1-11-12,1183.6,1183.6,158,https://www.keiba.go.jp/KeibaWeb/TodayRaceInfo/Odds3LenFuku?k_babaCode=19&k_raceDate=2026%2F09%2F29&k_raceNo=1
2026-09-29 14:00:00,13:59,2026-09-29,funabashi,1,30,三連複,1-2-10,637.3,637.3,133,https://www.keiba.go.jp/KeibaWeb/TodayRaceInfo/Odds3LenFuku?k_babaCode=19&k_raceDate=2026%2F09%2F29&k_raceNo=1
2026-09-29 14:00:00,13:59,2026-09-29,funabashi,1,30,三連複,1-2-11,571.4,571.4,127,https://www.keiba.go.jp/KeibaWeb/TodayRaceInfo/Odds3LenFuku?k_babaCode=19&k_raceDate=2026%2F09%2F29&k_raceNo=1
2026-09-29 14:00:00,13:59,2026-09-29,funabashi,1,30,三連複,1-2-12,4142.8,4142.8,211,https://www.keiba.go.jp/KeibaWeb/TodayRaceInfo/Odds3LenFuku?k_babaCode=19&k_raceDate=2026%2F09%2F29&k_raceNo=1
2026-09-29 14:00:00,13:59,2026-09-29,funabashi,1,30,三連複,1-2-3,1506.4,1506.4,171,https://www.keiba.go.jp/KeibaWeb/TodayRaceInfo/Odds3LenFuku?k_babaCode=19&k_raceDate=2026%2F09%2F29&k_raceNo=1
2026-09-29 14:00:00,13:59,2026-09-29,funabashi,1,30,三連複,1-2-4,720.4,720.4,136,https://www.keiba.go.jp/KeibaWeb/TodayRaceInfo/Odds3LenFuku?k_babaCode=19&k_raceDate=2026%2F09%2F29&k_raceNo=1
2026-09-29 14:00:00,13:59,2026-09-29,funabashi,1,30,三連複,1-2-5,637.3,637.3,133,https://www.keiba.go.jp/KeibaWeb/TodayRaceInfo/Odds3LenFuku?k_babaCode=19&k_raceDate=2026%2F09%2F29&k_raceNo=1
2026-09-29 14:00:00,13:59,2026-09-29,funabashi,1,30,三連複,1-2-6,447.8,447.8,114,https://www.keiba.go.jp/KeibaWeb/TodayRaceInfo/Odds3LenFuku?k_babaCode=19&k_raceDate=2026%2F09%2F29&k_raceNo=1
2026-09-29 14:00:00,13:59,2026-09-29,funabashi,1,30,三連複,1-2-7,789.1,789.1,142,https://www.keiba.go.jp/KeibaWeb/TodayRaceInfo/Odds3LenFuku?k_babaCode=19&k_raceDate=2026%2F09%2F29&k_raceNo=1
2026-09-29 14:00:00,13:59,2026-09-29,funabashi,1,30,三連複,1-2-8,121.8,121.8,39,https://www.keiba.go.jp/KeibaWeb/TodayRaceInfo/Odds3LenFuku?k_babaCode=19&k_raceDate=2026%2F09%2F29&k_raceNo=1
2026-09-29 14:00:00,13:59,2026-09-29,funabashi,1,30,三連複,1-2-9,789.1,789.1,142,https://www.keiba.go.jp/KeibaWeb/TodayRaceInfo/Odds3LenFuku?k_babaCode=19&k_raceDate=2026%2F09%2F29&k_raceNo=1
2026-09-29 14:00:00,13:59,2026-09-29,funabashi,1,30,三連複,1-3-10,2761.8,2761.8,204,https://www.keiba.go.jp/KeibaWeb/TodayRaceInfo/Odds3LenFuku?k_babaCode=19&k_raceDate=2026%2F09%2F29&k_raceNo=1
2026-09-29 14:00:00,13:59,2026-09-29,funabashi,1,30,三連複,1-3-11,1657.1,1657.1,177,https://www.keiba.go.jp/KeibaWeb/TodayRaceInfo/Odds3LenFuku?k_babaCode=19&k_raceDate=2026%2F09%2F29&k_raceNo=1
2026-09-29 14:00:00,13:59,2026-09-29,funabashi,1,30,三連複,1-3-12,0.0,0.0,220,https://www.keiba.go.jp/KeibaWeb/TodayRaceInfo/Odds3LenFuku?k_babaCode=19&k_raceDate=2026%2F09%2F29&k_raceNo=1
2026-09-29 14:00:00,13:59,2026-09-29,funabashi,1,30,三連複,1-3-4,1657.1,1657.1,177,https://www.keiba.go.jp/KeibaWeb/TodayRaceInfo/Odds3LenFuku?k_babaCode=19&k_raceDate=2026%2F09%2F29&k_raceNo=1
2026-09-29 14:00:00,13:59,2026-09-29,funabashi,1,30,三連複,1-3-5,2071.4,2071.4,191,https://www.keiba.go.jp/KeibaWeb/TodayRaceInfo/Odds3LenFuku?k_babaCode=19&k_raceDate=2026%2F09%2F29&k_raceNo=1
2026-09-29 14:00:00,13:59,2026-09-29,funabashi,1,30,三連複,1-3-6,1183.6,1183.6,158,https://www.keiba.go.jp/KeibaWeb/TodayRaceInfo/Odds3LenFuku?k_babaCode=19&k_raceDate=2026%2F09%2F29&k_raceNo=1
2026-09-29 14:00:00,13:59,2026-09-29,funabashi,1,30,三連複,1-3-7,872.1,872.1,144,https://www.keiba.go.jp/KeibaWeb/TodayRaceInfo/Odds3LenFuku?k_babaCode=19&k_raceDate=2026%2F09%2F29&k_raceNo=1
2026-09-29 14:00:00,13:59,2026-09-29,funabashi,1,30,三連複,1-3-8,920.6,920.6,147,https://www.keiba.go.jp/KeibaWeb/TodayRaceInfo/Odds3LenFuku?k_babaCode=19&k_raceDate=2026%2F09%2F29&k_raceNo=1
2026-09-29 14:00:00,13:59,2026-09-29,funabashi,1,30,三連複,1-3-9,1657.1,1657.1,177,https://www.keiba.go.jp/KeibaWeb/TodayRaceInfo/Odds3LenFuku?k_babaCode=19&k_raceDate=2026%2F09%2F29&k_raceNo=1
2026-09-29 14:00:00,13:59,2026-09-29,funabashi,1,30,三連複,1-4-10,552.3,552.3,126,https://www.keiba.go.jp/KeibaWeb/TodayRaceInfo/Odds3LenFuku?k_babaCode=19&k_raceDate=2026%2F09%2F29&k_raceNo=1
2026-09-29 14:00:00,13:59,2026-09-29,funabashi,1,30,三連複,1-4-11,394.5,394.5,101,https://www.keiba.go.jp/KeibaWeb/TodayRaceInfo/Odds3LenFuku?k_babaCode=19&k_raceDate=2026%2F09%2F29&k_raceNo=1
2026-09-29 14:00:00,13:59,2026-09-29,funabashi,1,30,三連複,1-4-12,2761.8,2761.8,204,https://www.keiba.go.jp/KeibaWeb/TodayRaceInfo/Odds3LenFuku?k_babaCode=19&k_raceDate=2026%2F09%2F29&k_raceNo=1
2026-09-29 14:00:00,13:59,2026-09-29,funabashi,1,30,三連複,1-4-5,447.8,447.8,114,https://www.keiba.go.jp/KeibaWeb/TodayRaceInfo/Odds3LenFuku?k_babaCode=19&k_raceDate=2026%2F09%2F29&k_raceNo=1
2026-09-29 14:00:00,13:59,2026-09-29,funabashi,1,30,三連複,1-4-6,385.3,385.3,97,https://www.keiba.go.jp/KeibaWeb/TodayRaceInfo/Odds3LenFuku?k_babaCode=19&k_raceDate=2026%2F09%2F29&k_raceNo=1
2026-09-29 14:00:00,13:59,2026-09-29,funabashi,1,30,三連複,1-4-7,295.9,295.9,81,https://www.keiba.go.jp/KeibaWeb/TodayRaceInfo/Odds3LenFuku?k_babaCode=19&k_raceDate=2026%2F09%2F29&k_raceNo=1
2026-09-29 14:00:00,13:59,2026-09-29,funabashi,1,30,三連複,1-4-8,85.8,85.8,32,https://www.keiba.go.jp/KeibaWeb/TodayRaceInfo/Odds3LenFuku?k_babaCode=19&k_raceDate=2026%2F09%2F29&k_raceNo=1
2026-09-29 14:00:00,13:59,2026-09-29,funabashi,1,30,三連複,1-4-9,487.3,487.3,120,https://www.keiba.go.jp/KeibaWeb/TodayRaceInfo/Odds3LenFuku?k_babaCode=19&k_raceDate=2026%2F09%2F29&k_raceNo=1
2026-09-29 14:00:00,13:59,2026-09-29,funabashi,1,30,三連複,1-5-10,720.4,720.4,136,https://www.keiba.go.jp/KeibaWeb/TodayRaceInfo/Odds3LenFuku?k_babaCode=19&k_raceDate=2026%2F09%2F29&k_raceNo=1
2026-09-29 14:00:00,13:59,2026-09-29,funabashi,1,30,三連複,1-5-11,460.3,460.3,116,https://www.keiba.go.jp/KeibaWeb/TodayRaceInfo/Odds3LenFuku?k_babaCode=19&k_raceDate=2026%2F09%2F29&k_raceNo=1
2026-09-29 14:00:00,13:59,2026-09-29,funabashi,1,30,三連複,1-5-12,8285.6,8285.6,215,https://www.keiba.go.jp/KeibaWeb/TodayRaceInfo/Odds3LenFuku?k_babaCode=19&k_raceDate=2026%2F09%2F29&k_raceNo=1
2026-09-29 14:00:00,13:59,2026-09-29,funabashi,1,30,三連複,1-5-6,436.0,436.0,110,https://www.keiba.go.jp/KeibaWeb/TodayRaceInfo/Odds3LenFuku?k_babaCode=19&k_raceDate=2026%2F09%2F29&k_raceNo=1
2026-09-29 14:00:00,13:59,2026-09-29,funabashi,1,30,三連複,1-5-7,753.2,753.2,139,https://www.keiba.go.jp/KeibaWeb/TodayRaceInfo/Odds3LenFuku?k_babaCode=19&k_raceDate=2026%2F09%2F29&k_raceNo=1
2026-09-29 14:00:00,13:59,2026-09-29,funabashi,1,30,三連複,1-5-8,106.9,106.9,34,https://www.keiba.go.jp/KeibaWeb/TodayRaceInfo/Odds3LenFuku?k_babaCode=19&k_raceDate=2026%2F09%2F29&k_raceNo=1
2026-09-29 14:00:00,13:59,2026-09-29,funabashi,1,30,三連複,1-5-9,613.7,613.7,130,https://www.keiba.go.jp/KeibaWeb/TodayRaceInfo/Odds3LenFuku?k_babaCode=19&k_raceDate=2026%2F09%2F29&k_raceNo=1
2026-09-29 14:00:00,13:59,2026-09-29,funabashi,1,30,三連複,1-6-10,376.6,376.6,95,https://www.keiba.go.jp/KeibaWeb/TodayRaceInfo/Odds3LenFuku?k_babaCode=19&k_raceDate=2026%2F09%2F29&k_raceNo=1
2026-09-29 14:00:00,13:59,2026-09-29,funabashi,1,30,三連複,1-6-11,295.9,295.9,81,https://www.keiba.go.jp/KeibaWeb/TodayRaceInfo/Odds3LenFuku?k_babaCode=19&k_raceDate=2026%2F09%2F29&k_raceNo=1
2026-09-29 14:00:00,13:59,2026-09-29,funabashi,1,30,三連複,1-6-12,1274.7,1274.7,163,https://www.keiba.go.jp/KeibaWeb/TodayRaceInfo/Odds3LenFuku?k_babaCode=19&k_raceDate=2026%2F09%2F29&k_raceNo=1
2026-09-29 14:00:00,13:59,2026-09-29,funabashi,1,30,三連複,1-6-7,290.7,290.7,79,https://www.keiba.go.jp/KeibaWeb/TodayRaceInfo/Odds3LenFuku?k_babaCode=19&k_raceDate=2026%2F09%2F29&k_raceNo=1
2026-09-29 14:00:00,13:59,2026-09-29,funabashi,1,30,三連複,1-6-8,76.0,76.0,29,https://www.keiba.go.jp/KeibaWeb/TodayRaceInfo/Odds3LenFuku?k_babaCode=19&k_raceDate=2026%2F09%2F29&k_raceNo=1
2026-09-29 14:00:00,13:59,2026-09-29,funabashi,1,30,三連複,1-6-9,414.2,414.2,105,https://www.keiba.go.jp/KeibaWeb/TodayRaceInfo/Odds3LenFuku?k_babaCode=19&k_raceDate=2026%2F09%2F29&k_raceNo=1
2026-09-29 14:00:00,13:59,2026-09-29,funabashi,1,30,三連複,1-7-10,920.6,920.6,147,https://www.keiba.go.jp/KeibaWeb/TodayRaceInfo/Odds3LenFuku?k_babaCode=19&k_raceDate=2026%2F09%2F29&k_raceNo=1
2026-09-29 14:00:00,13:59,2026-09-29,funabashi,1,30,三連複,1-7-11,436.0,436.0,110,https://www.keiba.go.jp/KeibaWeb/TodayRaceInfo/Odds3LenFuku?k_babaCode=19&k_raceDate=2026%2F09%2F29&k_raceNo=1
2026-09-29 14:00:00,13:59,2026-09-29,funabashi,1,30,三連複,1-7-12,1841.2,1841.2,186,https://www.keiba.go.jp/KeibaWeb/TodayRaceInfo/Odds3LenFuku?k_babaCode=19&k_raceDate=2026%2F09%2F29&k_raceNo=1
2026-09-29 14:00:00,13:59,2026-09-29,funabashi,1,30,三連複,1-7-8,118.3,118.3,37,https://www.keiba.go.jp/KeibaWeb/TodayRaceInfo/Odds3LenFuku?k_babaCode=19&k_raceDate=2026%2F09%2F29&k_raceNo=1
2026-09-29 14:00:00,13:59,2026-09-29,funabashi,1,30,三連複,1-7-9,424.9,424.9,107,https://www.keiba.go.jp/KeibaWeb/TodayRaceInfo/Odds3LenFuku?k_babaCode=19&k_raceDate=2026%2F09%2F29&k_raceNo=1
2026-09-29 14:00:00,13:59,2026-09-29,funabashi,1,30,三連複,1-8-10,115.8,115.8,36,https://www.keiba.go.jp/KeibaWeb/TodayRaceInfo/Odds3LenFuku?k_babaCode=19&k_raceDate=2026%2F09%2F29&k_raceNo=1
2026-09-29 14:00:00,13:59,2026-09-29,funabashi,1,30,三連複,1-8-11,71.7,71.7,28,https://www.keiba.go.jp/KeibaWeb/TodayRaceInfo/Odds3LenFuku?k_babaCode=19&k_raceDate=2026%2F09%2F29&k_raceNo=1
2026-09-29 14:00:00,13:59,2026-09-29,funabashi,1,30,三連複,1-8-12,1506.4,1506.4,171,https://www.keiba.go.jp/KeibaWeb/TodayRaceInfo/Odds3LenFuku?k_babaCode=19&k_raceDate=2026%2F09%2F29&k_raceNo=1
2026-09-29 14:00:00,13:59,2026-09-29,funabashi,1,30,三連複,1-8-9,80.8,80.8,31,https://www.keiba.go.jp/KeibaWeb/TodayRaceInfo/Odds3LenFuku?k_babaCode=19&k_raceDate=2026%2F09%2F29&k_raceNo=1
2026-09-29 14:00:00,13:59,2026-09-29,funabashi,1,30,三連複,1-9-10,591.8,591.8,129,https://www.keiba.go.jp/KeibaWeb/TodayRaceInfo/Odds3LenFuku?k_babaCode=19&k_raceDate=2026%2F09%2F29&k_raceNo=1
2026-09-29 14:00:00,13:59,2026-09-29,funabashi,1,30,三連複,1-9-11,290.7,290.7,79,https://www.keiba.go.jp/KeibaWeb/TodayRaceInfo/Odds3LenFuku?k_babaCode=19&k_raceDate=2026%2F09%2F29&k_raceNo=1
2026-09-29 14:00:00,13:59,2026-09-29,funabashi,1,30,三連複,1-9-12,2761.8,2761.8,204,https://www.keiba.go.jp/KeibaWeb/TodayRaceInfo/Odds3LenFuku?k_babaCode=19&k_raceDate=2026%2F09%2F29&k_raceNo=1
2026-09-29 14:00:00,13:59,2026-09-29,funabashi,1,30,三連複,10-11-12,753.2,753.2,139,https://www.keiba.go.jp/KeibaWeb/TodayRaceInfo/Odds3LenFuku?k_babaCode=19&k_raceDate=2026%2F09%2F29&k_raceNo=1
2026-09-29 14:00:00,13:59,2026-09-29,funabashi,1,30,三連複,2-10-11,212.4,212.4,58,https://www.keiba.go.jp/KeibaWeb/TodayRaceInfo/Odds3LenFuku?k_babaCode=19&k_raceDate=2026%2F09%2F29&k_raceNo=1
2026-09-29 14:00:00,13:59,2026-09-29,funabashi,1,30,三連複,2-10-12,1035.7,1035.7,154,https://www.keiba.go.jp/KeibaWeb/TodayRaceInfo/Odds3LenFuku?k_babaCode=19&k_raceDate=2026%2F09%2F29&k_raceNo=1
2026-09-29 14:00:00,13:59,2026-09-29,funabashi,1,30,三連複,2-11-12,974.7,974.7,151,https://www.keiba.go.jp/KeibaWeb/TodayRaceInfo/Odds3LenFuku?k_babaCode=19&k_raceDate=2026%2F09%2F29&k_raceNo=1
2026-09-29 14:00:00,13:59,2026-09-29,funabashi,1,30,三連複,2-3-10,4142.8,4142.8,211,https://www.keiba.go.jp/KeibaWeb/TodayRaceInfo/Odds3LenFuku?k_babaCode=19&k_raceDate=2026%2F09%2F29&k_raceNo=1
2026-09-29 14:00:00,13:59,2026-09-29,funabashi,1,30,三連複,2-3-11,1274.7,1274.7,163,https://www.keiba.go.jp/KeibaWeb/TodayRaceInfo/Odds3LenFuku?k_babaCode=19&k_raceDate=2026%2F09%2F29&k_raceNo=1
2026-09-29 14:00:00,13:59,2026-09-29,funabashi,1,30,三連複,2-3-12,8285.6,8285.6,215,https://www.keiba.go.jp/KeibaWeb/TodayRaceInfo/Odds3LenFuku?k_babaCode=19&k_raceDate=2026%2F09%2F29&k_raceNo=1
2026-09-29 14:00:00,13:59,2026-09-29,funabashi,1,30,三連複,2-3-4,1183.6,1183.6,158,https://www.keiba.go.jp/KeibaWeb/TodayRaceInfo/Odds3LenFuku?k_babaCode=19&k_raceDate=2026%2F09%2F29&k_raceNo=1
2026-09-29 14:00:00,13:59,2026-09-29,funabashi,1,30,三連複,2-3-5,2367.3,2367.3,195,https://www.keiba.go.jp/KeibaWeb/TodayRaceInfo/Odds3LenFuku?k_babaCode=19&k_raceDate=2026%2F09%2F29&k_raceNo=1
2026-09-29 14:00:00,13:59,2026-09-29,funabashi,1,30,三連複,2-3-6,517.8,517.8,124,https://www.keiba.go.jp/KeibaWeb/TodayRaceInfo/Odds3LenFuku?k_babaCode=19&k_raceDate=2026%2F09%2F29&k_raceNo=1
2026-09-29 14:00:00,13:59,2026-09-29,funabashi,1,30,三連複,2-3-7,872.1,872.1,144,https://www.keiba.go.jp/KeibaWeb/TodayRaceInfo/Odds3LenFuku?k_babaCode=19&k_raceDate=2026%2F09%2F29&k_raceNo=1
2026-09-29 14:00:00,13:59,2026-09-29,funabashi,1,30,三連複,2-3-8,404.1,404.1,103,https://www.keiba.go.jp/KeibaWeb/TodayRaceInfo/Odds3LenFuku?k_babaCode=19&k_raceDate=2026%2F09%2F29&k_raceNo=1
2026-09-29 14:00:00,13:59,2026-09-29,funabashi,1,30,三連複,2-3-9,1506.4,1506.4,171,https://www.keiba.go.jp/KeibaWeb/TodayRaceInfo/Odds3LenFuku?k_babaCode=19&k_raceDate=2026%2F09%2F29&k_raceNo=1
2026-09-29 14:00:00,13:59,2026-09-29,funabashi,1,30,三連複,2-4-10,360.2,360.2,93,https://www.keiba.go.jp/KeibaWeb/TodayRaceInfo/Odds3LenFuku?k_babaCode=19&k_raceDate=2026%2F09%2F29&k_raceNo=1
2026-09-29 14:00:00,13:59,2026-09-29,funabashi,1,30,三連複,2-4-11,220.9,220.9,59,https://www.keiba.go.jp/KeibaWeb/TodayRaceInfo/Odds3LenFuku?k_babaCode=19&k_raceDate=2026%2F09%2F29&k_raceNo=1
2026-09-29 14:00:00,13:59,2026-09-29,funabashi,1,30,三連複,2-4-12,2367.3,2367.3,195,https://www.keiba.go.jp/KeibaWeb/TodayRaceInfo/Odds3LenFuku?k_babaCode=19&k_raceDate=2026%2F09%2F29&k_raceNo=1
2026-09-29 14:00:00,13:59,2026-09-29,funabashi,1,30,三連複,2-4-5,258.9,258.9,67,https://www.keiba.go.jp/KeibaWeb/TodayRaceInfo/Odds3LenFuku?k_babaCode=19&k_raceDate=2026%2F09%2F29&k_raceNo=1
2026-09-29 14:00:00,13:59,2026-09-29,funabashi,1,30,三連複,2-4-6,186.1,186.1,51,https://www.keiba.go.jp/KeibaWeb/TodayRaceInfo/Odds3LenFuku?k_babaCode=19&k_raceDate=2026%2F09%2F29&k_raceNo=1
2026-09-29 14:00:00,13:59,2026-09-29,funabashi,1,30,三連複,2-4-7,197.2,197.2,56,https://www.keiba.go.jp/KeibaWeb/TodayRaceInfo/Odds3LenFuku?k_babaCode=19&k_raceDate=2026%2F09%2F29&k_raceNo=1
2026-09-29 14:00:00,13:59,2026-09-29,funabashi,1,30,三連複,2-4-8,46.6,46.6,23,https://www.keiba.go.jp/KeibaWeb/TodayRaceInfo/Odds3LenFuku?k_babaCode=19&k_raceDate=2026%2F09%2F29&k_raceNo=1
2026-09-29 14:00:00,13:59,2026-09-29,funabashi,1,30,三連複,2-4-9,473.4,473.4,117,https://www.keiba.go.jp/KeibaWeb/TodayRaceInfo/Odds3LenFuku?k_babaCode=19&k_raceDate=2026%2F09%2F29&k_raceNo=1
2026-09-29 14:00:00,13:59,2026-09-29,funabashi,1,30,三連複,2-5-10,243.6,243.6,64,https://www.keiba.go.jp/KeibaWeb/TodayRaceInfo/Odds3LenFuku?k_babaCode=19&k_raceDate=2026%2F09%2F29&k_raceNo=1
2026-09-29 14:00:00,13:59,2026-09-29,funabashi,1,30,三連複,2-5-11,165.7,165.7,49,https://www.keiba.go.jp/KeibaWeb/TodayRaceInfo/Odds3LenFuku?k_babaCode=19&k_raceDate=2026%2F09%2F29&k_raceNo=1
2026-09-29 14:00:00,13:59,2026-09-29,funabashi,1,30,三連複,2-5-12,1841.2,1841.2,186,https://www.keiba.go.jp/KeibaWeb/TodayRaceInfo/Odds3LenFuku?k_babaCode=19&k_raceDate=2026%2F09%2F29&k_raceNo=1
2026-09-29 14:00:00,13:59,2026-09-29,funabashi,1,30,三連複,2-5-6,172.6,172.6,50,https://www.keiba.go.jp/KeibaWeb/TodayRaceInfo/Odds3LenFuku?k_babaCode=19&k_raceDate=2026%2F09%2F29&k_raceNo=1
2026-09-29 14:00:00,13:59,2026-09-29,funabashi,1,30,三連複,2-5-7,199.6,199.6,57,https://www.keiba.go.jp/KeibaWeb/TodayRaceInfo/Odds3LenFuku?k_babaCode=19&k_raceDate=2026%2F09%2F29&k_raceNo=1
2026-09-29 14:00:00,13:59,2026-09-29,funabashi,1,30,三連複,2-5-8,30.2,30.2,11,https://www.keiba.go.jp/KeibaWeb/TodayRaceInfo/Odds3LenFuku?k_babaCode=19&k_raceDate=2026%2F09%2F29&k_raceNo=1
2026-09-29 14:00:00,13:59,2026-09-29,funabashi,1,30,三連複,2-5-9,436.0,436.0,110,https://www.keiba.go.jp/KeibaWeb/TodayRaceInfo/Odds3LenFuku?k_babaCode=19&k_raceDate=2026%2F09%2F29&k_raceNo=1
2026-09-29 14:00:00,13:59,2026-09-29,funabashi,1,30,三連複,2-6-10,227.0,227.0,60,https://www.keiba.go.jp/KeibaWeb/TodayRaceInfo/Odds3LenFuku?k_babaCode=19&k_raceDate=2026%2F09%2F29&k_raceNo=1
2026-09-29 14:00:00,13:59,2026-09-29,funabashi,1,30,三連複,2-6-11,141.6,141.6,43,https://www.keiba.go.jp/KeibaWeb/TodayRaceInfo/Odds3LenFuku?k_babaCode=19&k_raceDate=2026%2F09%2F29&k_raceNo=1
2026-09-29 14:00:00,13:59,2026-09-29,funabashi,1,30,三連複,2-6-12,1104.7,1104.7,155,https://www.keiba.go.jp/KeibaWeb/TodayRaceInfo/Odds3LenFuku?k_babaCode=19&k_raceDate=2026%2F09%2F29&k_raceNo=1
2026-09-29 14:00:00,13:59,2026-09-29,funabashi,1,30,三連複,2-6-7,153.4,153.4,46,https://www.keiba.go.jp/KeibaWeb/TodayRaceInfo/Odds3LenFuku?k_babaCode=19&k_raceDate=2026%2F09%2F29&k_raceNo=1
2026-09-29 14:00:00,13:59,2026-09-29,funabashi,1,30,三連複,2-6-8,22.8,22.8,3,https://www.keiba.go.jp/KeibaWeb/TodayRaceInfo/Odds3LenFuku?k_babaCode=19&k_raceDate=2026%2F09%2F29&k_raceNo=1
2026-09-29 14:00:00,13:59,2026-09-29,funabashi,1,30,三連複,2-6-9,230.1,230.1,62,https://www.keiba.go.jp/KeibaWeb/TodayRaceInfo/Odds3LenFuku?k_babaCode=19&k_raceDate=2026%2F09%2F29&k_raceNo=1
2026-09-29 14:00:00,13:59,2026-09-29,funabashi,1,30,三連複,2-7-10,436.0,436.0,110,https://www.keiba.go.jp/KeibaWeb/TodayRaceInfo/Odds3LenFuku?k_babaCode=19&k_raceDate=2026%2F09%2F29&k_raceNo=1
2026-09-29 14:00:00,13:59,2026-09-29,funabashi,1,30,三連複,2-7-11,271.6,271.6,73,https://www.keiba.go.jp/KeibaWeb/TodayRaceInfo/Odds3LenFuku?k_babaCode=19&k_raceDate=2026%2F09%2F29&k_raceNo=1
2026-09-29 14:00:00,13:59,2026-09-29,funabashi,1,30,三連複,2-7-12,1657.1,1657.1,177,https://www.keiba.go.jp/KeibaWeb/TodayRaceInfo/Odds3LenFuku?k_babaCode=19&k_raceDate=2026%2F09%2F29&k_raceNo=1
2026-09-29 14:00:00,13:59,2026-09-29,funabashi,1,30,三連複,2-7-8,49.0,49.0,26,https://www.keiba.go.jp/KeibaWeb/TodayRaceInfo/Odds3LenFuku?k_babaCode=19&k_raceDate=2026%2F09%2F29&k_raceNo=1
2026-09-29 14:00:00,13:59,2026-09-29,funabashi,1,30,三連複,2-7-9,247.3,247.3,65,https://www.keiba.go.jp/KeibaWeb/TodayRaceInfo/Odds3LenFuku?k_babaCode=19&k_raceDate=2026%2F09%2F29&k_raceNo=1
2026-09-29 14:00:00,13:59,2026-09-29,funabashi,1,30,三連複,2-8-10,40.8,40.8,19,https://www.keiba.go.jp/KeibaWeb/TodayRaceInfo/Odds3LenFuku?k_babaCode=19&k_raceDate=2026%2F09%2F29&k_raceNo=1
2026-09-29 14:00:00,13:59,2026-09-29,funabashi,1,30,三連複,2-8-11,25.5,25.5,8,https://www.keiba.go.jp/KeibaWeb/TodayRaceInfo/Odds3LenFuku?k_babaCode=19&k_raceDate=2026%2F09%2F29&k_raceNo=1
2026-09-29 14:00:00,13:59,2026-09-29,funabashi,1,30,三連複,2-8-12,414.2,414.2,105,https://www.keiba.go.jp/KeibaWeb/TodayRaceInfo/Odds3LenFuku?k_babaCode=19&k_raceDate=2026%2F09%2F29&k_raceNo=1
2026-09-29 14:00:00,13:59,2026-09-29,funabashi,1,30,三連複,2-8-9,38.4,38.4,18,https://www.keiba.go.jp/KeibaWeb/TodayRaceInfo/Odds3LenFuku?k_babaCode=19&k_raceDate=2026%2F09%2F29&k_raceNo=1
2026-09-29 14:00:00,13:59,2026-09-29,funabashi,1,30,三連複,2-9-10,613.7,613.7,130,https://www.keiba.go.jp/KeibaWeb/TodayRaceInfo/Odds3LenFuku?k_babaCode=19&k_raceDate=2026%2F09%2F29&k_raceNo=1
2026-09-29 14:00:00,13:59,2026-09-29,funabashi,1,30,三連複,2-9-11,276.1,276.1,75,https://www.keiba.go.jp/KeibaWeb/TodayRaceInfo/Odds3LenFuku?k_babaCode=19&k_raceDate=2026%2F09%2F29&k_raceNo=1
2026-09-29 14:00:00,13:59,2026-09-29,funabashi,1,30,三連複,2-9-12,3314.2,3314.2,208,https://www.keiba.go.jp/KeibaWeb/TodayRaceInfo/Odds3LenFuku?k_babaCode=19&k_raceDate=2026%2F09%2F29&k_raceNo=1
2026-09-29 14:00:00,13:59,2026-09-29,funabashi,1,30,三連複,3-10-11,3314.2,3314.2,208,https://www.keiba.go.jp/KeibaWeb/TodayRaceInfo/Odds3LenFuku?k_babaCode=19&k_raceDate=2026%2F09%2F29&k_raceNo=1
2026-09-29 14:00:00,13:59,2026-09-29,funabashi,1,30,三連複,3-10-12,2367.3,2367.3,195,https://www.keiba.go.jp/KeibaWeb/TodayRaceInfo/Odds3LenFuku?k_babaCode=19&k_raceDate=2026%2F09%2F29&k_raceNo=1
2026-09-29 14:00:00,13:59,2026-09-29,funabashi,1,30,三連複,3-11-12,1657.1,1657.1,177,https://www.keiba.go.jp/KeibaWeb/TodayRaceInfo/Odds3LenFuku?k_babaCode=19&k_raceDate=2026%2F09%2F29&k_raceNo=1
2026-09-29 14:00:00,13:59,2026-09-29,funabashi,1,30,三連複,3-4-10,2071.4,2071.4,191,https://www.keiba.go.jp/KeibaWeb/TodayRaceInfo/Odds3LenFuku?k_babaCode=19&k_raceDate=2026%2F09%2F29&k_raceNo=1
2026-09-29 14:00:00,13:59,2026-09-29,funabashi,1,30,三連複,3-4-11,1380.9,1380.9,169,https://www.keiba.go.jp/KeibaWeb/TodayRaceInfo/Odds3LenFuku?k_babaCode=19&k_raceDate=2026%2F09%2F29&k_raceNo=1
2026-09-29 14:00:00,13:59,2026-09-29,funabashi,1,30,三連複,3-4-12,8285.6,8285.6,215,https://www.keiba.go.jp/KeibaWeb/TodayRaceInfo/Odds3LenFuku?k_babaCode=19&k_raceDate=2026%2F09%2F29&k_raceNo=1
2026-09-29 14:00:00,13:59,2026-09-29,funabashi,1,30,三連複,3-4-5,2367.3,2367.3,195,https://www.keiba.go.jp/KeibaWeb/TodayRaceInfo/Odds3LenFuku?k_babaCode=19&k_raceDate=2026%2F09%2F29&k_raceNo=1
2026-09-29 14:00:00,13:59,2026-09-29,funabashi,1,30,三連複,3-4-6,1274.7,1274.7,163,https://www.keiba.go.jp/KeibaWeb/TodayRaceInfo/Odds3LenFuku?k_babaCode=19&k_raceDate=2026%2F09%2F29&k_raceNo=1
2026-09-29 14:00:00,13:59,2026-09-29,funabashi,1,30,三連複,3-4-7,571.4,571.4,127,https://www.keiba.go.jp/KeibaWeb/TodayRaceInfo/Odds3LenFuku?k_babaCode=19&k_raceDate=2026%2F09%2F29&k_raceNo=1
2026-09-29 14:00:00,13:59,2026-09-29,funabashi,1,30,三連複,3-4-8,385.3,385.3,97,https://www.keiba.go.jp/KeibaWeb/TodayRaceInfo/Odds3LenFuku?k_babaCode=19&k_raceDate=2026%2F09%2F29&k_raceNo=1
2026-09-29 14:00:00,13:59,2026-09-29,funabashi,1,30,三連複,3-4-9,1380.9,1380.9,169,https://www.keiba.go.jp/KeibaWeb/TodayRaceInfo/Odds3LenFuku?k_babaCode=19&k_raceDate=2026%2F09%2F29&k_raceNo=1
2026-09-29 14:00:00,13:59,2026-09-29,funabashi,1,30,三連複,3-5-10,1657.1,1657.1,177,https://www.keiba.go.jp/KeibaWeb/TodayRaceInfo/Odds3LenFuku?k_babaCode=19&k_raceDate=2026%2F09%2F29&k_raceNo=1
2026-09-29 14:00:00,13:59,2026-09-29,funabashi,1,30,三連複,3-5-11,1506.4,1506.4,171,https://www.keiba.go.jp/KeibaWeb/TodayRaceInfo/Odds3LenFuku?k_babaCode=19&k_raceDate=2026%2F09%2F29&k_raceNo=1
2026-09-29 14:00:00,13:59,2026-09-29,funabashi,1,30,三連複,3-5-12,16571.3,16571.3,219,https://www.keiba.go.jp/KeibaWeb/TodayRaceInfo/Odds3LenFuku?k_babaCode=19&k_raceDate=2026%2F09%2F29&k_raceNo=1
2026-09-29 14:00:00,13:59,2026-09-29,funabashi,1,30,三連複,3-5-6,473.4,473.4,117,https://www.keiba.go.jp/KeibaWeb/TodayRaceInfo/Odds3LenFuku?k_babaCode=19&k_raceDate=2026%2F09%2F29&k_raceNo=1
2026-09-29 14:00:00,13:59,2026-09-29,funabashi,1,30,三連複,3-5-7,1104.7,1104.7,155,https://www.keiba.go.jp/KeibaWeb/TodayRaceInfo/Odds3LenFuku?k_babaCode=19&k_raceDate=2026%2F09%2F29&k_raceNo=1
2026-09-29 14:00:00,13:59,2026-09-29,funabashi,1,30,三連複,3-5-8,338.1,338.1,90,https://www.keiba.go.jp/KeibaWeb/TodayRaceInfo/Odds3LenFuku?k_babaCode=19&k_raceDate=2026%2F09%2F29&k_raceNo=1
2026-09-29 14:00:00,13:59,2026-09-29,funabashi,1,30,三連複,3-5-9,1506.4,1506.4,171,https://www.keiba.go.jp/KeibaWeb/TodayRaceInfo/Odds3LenFuku?k_babaCode=19&k_raceDate=2026%2F09%2F29&k_raceNo=1
2026-09-29 14:00:00,13:59,2026-09-29,funabashi,1,30,三連複,3-6-10,1657.1,1657.1,177,https://www.keiba.go.jp/KeibaWeb/TodayRaceInfo/Odds3LenFuku?k_babaCode=19&k_raceDate=2026%2F09%2F29&k_raceNo=1
2026-09-29 14:00:00,13:59,2026-09-29,funabashi,1,30,三連複,3-6-11,720.4,720.4,136,https://www.keiba.go.jp/KeibaWeb/TodayRaceInfo/Odds3LenFuku?k_babaCode=19&k_raceDate=2026%2F09%2F29&k_raceNo=1
2026-09-29 14:00:00,13:59,2026-09-29,funabashi,1,30,三連複,3-6-12,4142.8,4142.8,211,https://www.keiba.go.jp/KeibaWeb/TodayRaceInfo/Odds3LenFuku?k_babaCode=19&k_raceDate=2026%2F09%2F29&k_raceNo=1
2026-09-29 14:00:00,13:59,2026-09-29,funabashi,1,30,三連複,3-6-7,613.7,613.7,130,https://www.keiba.go.jp/KeibaWeb/TodayRaceInfo/Odds3LenFuku?k_babaCode=19&k_raceDate=2026%2F09%2F29&k_raceNo=1
2026-09-29 14:00:00,13:59,2026-09-29,funabashi,1,30,三連複,3-6-8,240.1,240.1,63,https://www.keiba.go.jp/KeibaWeb/TodayRaceInfo/Odds3LenFuku?k_babaCode=19&k_raceDate=2026%2F09%2F29&k_raceNo=1
2026-09-29 14:00:00,13:59,2026-09-29,funabashi,1,30,三連複,3-6-9,404.1,404.1,103,https://www.keiba.go.jp/KeibaWeb/TodayRaceInfo/Odds3LenFuku?k_babaCode=19&k_raceDate=2026%2F09%2F29&k_raceNo=1
2026-09-29 14:00:00,13:59,2026-09-29,funabashi,1,30,三連複,3-7-10,2761.8,2761.8,204,https://www.keiba.go.jp/KeibaWeb/TodayRaceInfo/Odds3LenFuku?k_babaCode=19&k_raceDate=2026%2F09%2F29&k_raceNo=1
2026-09-29 14:00:00,13:59,2026-09-29,funabashi,1,30,三連複,3-7-11,1841.2,1841.2,186,https://www.keiba.go.jp/KeibaWeb/TodayRaceInfo/Odds3LenFuku?k_babaCode=19&k_raceDate=2026%2F09%2F29&k_raceNo=1
2026-09-29 14:00:00,13:59,2026-09-29,funabashi,1,30,三連複,3-7-12,2367.3,2367.3,195,https://www.keiba.go.jp/KeibaWeb/TodayRaceInfo/Odds3LenFuku?k_babaCode=19&k_raceDate=2026%2F09%2F29&k_raceNo=1
2026-09-29 14:00:00,13:59,2026-09-29,funabashi,1,30,三連複,3-7-8,280.8,280.8,76,https://www.keiba.go.jp/KeibaWeb/TodayRaceInfo/Odds3LenFuku?k_babaCode=19&k_raceDate=2026%2F09%2F29&k_raceNo=1
2026-09-29 14:00:00,13:59,2026-09-29,funabashi,1,30,三連複,3-7-9,502.1,502.1,122,https://www.keiba.go.jp/KeibaWeb/TodayRaceInfo/Odds3LenFuku?k_babaCode=19&k_raceDate=2026%2F09%2F29&k_raceNo=1
2026-09-29 14:00:00,13:59,2026-09-29,funabashi,1,30,三連複,3-8-10,487.3,487.3,120,https://www.keiba.go.jp/KeibaWeb/TodayRaceInfo/Odds3LenFuku?k_babaCode=19&k_raceDate=2026%2F09%2F29&k_raceNo=1
2026-09-29 14:00:00,13:59,2026-09-29,funabashi,1,30,三連複,3-8-11,312.6,312.6,86,https://www.keiba.go.jp/KeibaWeb/TodayRaceInfo/Odds3LenFuku?k_babaCode=19&k_raceDate=2026%2F09%2F29&k_raceNo=1
2026-09-29 14:00:00,13:59,2026-09-29,funabashi,1,30,三連複,3-8-12,1657.1,1657.1,177,https://www.keiba.go.jp/KeibaWeb/TodayRaceInfo/Odds3LenFuku?k_babaCode=19&k_raceDate=2026%2F09%2F29&k_raceNo=1
2026-09-29 14:00:00,13:59,2026-09-29,funabashi,1,30,三連複,3-8-9,345.2,345.2,91,https://www.keiba.go.jp/KeibaWeb/TodayRaceInfo/Odds3LenFuku?k_babaCode=19&k_raceDate=2026%2F09%2F29&k_raceNo=1
2026-09-29 14:00:00,13:59,2026-09-29,funabashi,1,30,三連複,3-9-10,2367.3,2367.3,195,https://www.keiba.go.jp/KeibaWeb/TodayRaceInfo/Odds3LenFuku?k_babaCode=19&k_raceDate=2026%2F09%2F29&k_raceNo=1
2026-09-29 14:00:00,13:59,2026-09-29,funabashi,1,30,三連複,3-9-11,1274.7,1274.7,163,https://www.keiba.go.jp/KeibaWeb/TodayRaceInfo/Odds3LenFuku?k_babaCode=19&k_raceDate=2026%2F09%2F29&k_raceNo=1
2026-09-29 14:00:00,13:59,2026-09-29,funabashi,1,30,三連複,3-9-12,8285.6,8285.6,215,https://www.keiba.go.jp/KeibaWeb/TodayRaceInfo/Odds3LenFuku?k_babaCode=19&k_raceDate=2026%2F09%2F29&k_raceNo=1
2026-09-29 14:00:00,13:59,2026-09-29,funabashi,1,30,三連複,4-10-11,295.9,295.9,81,https://www.keiba.go.jp/KeibaWeb/TodayRaceInfo/Odds3LenFuku?k_babaCode=19&k_raceDate=2026%2F09%2F29&k_raceNo=1
2026-09-29 14:00:00,13:59,2026-09-29,funabashi,1,30,三連複,4-10-12,1183.6,1183.6,158,https://www.keiba.go.jp/KeibaWeb/TodayRaceInfo/Odds3LenFuku?k_babaCode=19&k_raceDate=2026%2F09%2F29&k_raceNo=1
2026-09-29 14:00:00,13:59,2026-09-29,funabashi,1,30,三連複,4-11-12,1183.6,1183.6,158,https://www.keiba.go.jp/KeibaWeb/TodayRaceInfo/Odds3LenFuku?k_babaCode=19&k_raceDate=2026%2F09%2F29&k_raceNo=1
2026-09-29 14:00:00,13:59,2026-09-29,funabashi,1,30,三連複,4-5-10,502.1,502.1,122,https://www.keiba.go.jp/KeibaWeb/TodayRaceInfo/Odds3LenFuku?k_babaCode=19&k_raceDate=2026%2F09%2F29&k_raceNo=1
2026-09-29 14:00:00,13:59,2026-09-29,funabashi,1,30,三連複,4-5-11,227.0,227.0,60,https://www.keiba.go.jp/KeibaWeb/TodayRaceInfo/Odds3LenFuku?k_babaCode=19&k_raceDate=2026%2F09%2F29&k_raceNo=1
2026-09-29 14:00:00,13:59,2026-09-29,funabashi,1,30,三連複,4-5-12,2367.3,2367.3,195,https://www.keiba.go.jp/KeibaWeb/TodayRaceInfo/Odds3LenFuku?k_babaCode=19&k_raceDate=2026%2F09%2F29&k_raceNo=1
2026-09-29 14:00:00,13:59,2026-09-29,funabashi,1,30,三連複,4-5-6,120.0,120.0,38,https://www.keiba.go.jp/KeibaWeb/TodayRaceInfo/Odds3LenFuku?k_babaCode=19&k_raceDate=2026%2F09%2F29&k_raceNo=1
2026-09-29 14:00:00,13:59,2026-09-29,funabashi,1,30,三連複,4-5-7,157.8,157.8,48,https://www.keiba.go.jp/KeibaWeb/TodayRaceInfo/Odds3LenFuku?k_babaCode=19&k_raceDate=2026%2F09%2F29&k_raceNo=1
2026-09-29 14:00:00,13:59,2026-09-29,funabashi,1,30,三連複,4-5-8,31.9,31.9,13,https://www.keiba.go.jp/KeibaWeb/TodayRaceInfo/Odds3LenFuku?k_babaCode=19&k_raceDate=2026%2F09%2F29&k_raceNo=1
2026-09-29 14:00:00,13:59,2026-09-29,funabashi,1,30,三連複,4-5-9,280.8,280.8,76,https://www.keiba.go.jp/KeibaWeb/TodayRaceInfo/Odds3LenFuku?k_babaCode=19&k_raceDate=2026%2F09%2F29&k_raceNo=1
2026-09-29 14:00:00,13:59,2026-09-29,funabashi,1,30,三連複,4-6-10,258.9,258.9,67,https://www.keiba.go.jp/KeibaWeb/TodayRaceInfo/Odds3LenFuku?k_babaCode=19&k_raceDate=2026%2F09%2F29&k_raceNo=1
2026-09-29 14:00:00,13:59,2026-09-29,funabashi,1,30,三連複,4-6-11,145.3,145.3,44,https://www.keiba.go.jp/KeibaWeb/TodayRaceInfo/Odds3LenFuku?k_babaCode=19&k_raceDate=2026%2F09%2F29&k_raceNo=1
2026-09-29 14:00:00,13:59,2026-09-29,funabashi,1,30,三連複,4-6-12,872.1,872.1,144,https://www.keiba.go.jp/KeibaWeb/TodayRaceInfo/Odds3LenFuku?k_babaCode=19&k_raceDate=2026%2F09%2F29&k_raceNo=1
2026-09-29 14:00:00,13:59,2026-09-29,funabashi,1,30,三連複,4-6-7,108.3,108.3,35,https://www.keiba.go.jp/KeibaWeb/TodayRaceInfo/Odds3LenFuku?k_babaCode=19&k_raceDate=2026%2F09%2F29&k_raceNo=1
2026-09-29 14:00:00,13:59,2026-09-29,funabashi,1,30,三連複,4-6-8,25.3,25.3,7,https://www.keiba.go.jp/KeibaWeb/TodayRaceInfo/Odds3LenFuku?k_babaCode=19&k_raceDate=2026%2F09%2F29&k_raceNo=1
2026-09-29 14:00:00,13:59,2026-09-29,funabashi,1,30,三連複,4-6-9,254.9,254.9,66,https://www.keiba.go.jp/KeibaWeb/TodayRaceInfo/Odds3LenFuku?k_babaCode=19&k_raceDate=2026%2F09%2F29&k_raceNo=1
2026-09-29 14:00:00,13:59,2026-09-29,funabashi,1,30,三連複,4-7-10,385.3,385.3,97,https://www.keiba.go.jp/KeibaWeb/TodayRaceInfo/Odds3LenFuku?k_babaCode=19&k_raceDate=2026%2F09%2F29&k_raceNo=1
2026-09-29 14:00:00,13:59,2026-09-29,funabashi,1,30,三連複,4-7-11,154.8,154.8,47,https://www.keiba.go.jp/KeibaWeb/TodayRaceInfo/Odds3LenFuku?k_babaCode=19&k_raceDate=2026%2F09%2F29&k_raceNo=1
2026-09-29 14:00:00,13:59,2026-09-29,funabashi,1,30,三連複,4-7-12,974.7,974.7,151,https://www.keiba.go.jp/KeibaWeb/TodayRaceInfo/Odds3LenFuku?k_babaCode=19&k_raceDate=2026%2F09%2F29&k_raceNo=1
2026-09-29 14:00:00,13:59,2026-09-29,funabashi,1,30,三連複,4-7-8,41.4,41.4,20,https://www.keiba.go.jp/KeibaWeb/TodayRaceInfo/Odds3LenFuku?k_babaCode=19&k_raceDate=2026%2F09%2F29&k_raceNo=1
2026-09-29 14:00:00,13:59,2026-09-29,funabashi,1,30,三連複,4-7-9,190.4,190.4,53,https://www.keiba.go.jp/KeibaWeb/TodayRaceInfo/Odds3LenFuku?k_babaCode=19&k_raceDate=2026%2F09%2F29&k_raceNo=1
2026-09-29 14:00:00,13:59,2026-09-29,funabashi,1,30,三連複,4-8-10,58.1,58.1,27,https://www.keiba.go.jp/KeibaWeb/TodayRaceInfo/Odds3LenFuku?k_babaCode=19&k_raceDate=2026%2F09%2F29&k_raceNo=1
2026-09-29 14:00:00,13:59,2026-09-29,funabashi,1,30,三連複,4-8-11,32.1,32.1,14,https://www.keiba.go.jp/KeibaWeb/TodayRaceInfo/Odds3LenFuku?k_babaCode=19&k_raceDate=2026%2F09%2F29&k_raceNo=1
2026-09-29 14:00:00,13:59,2026-09-29,funabashi,1,30,三連複,4-8-12,368.2,368.2,94,https://www.keiba.go.jp/KeibaWeb/TodayRaceInfo/Odds3LenFuku?k_babaCode=19&k_raceDate=2026%2F09%2F29&k_raceNo=1
2026-09-29 14:00:00,13:59,2026-09-29,funabashi,1,30,三連複,4-8-9,46.4,46.4,22,https://www.keiba.go.jp/KeibaWeb/TodayRaceInfo/Odds3LenFuku?k_babaCode=19&k_raceDate=2026%2F09%2F29&k_raceNo=1
2026-09-29 14:00:00,13:59,2026-09-29,funabashi,1,30,三連複,4-9-10,920.6,920.6,147,https://www.keiba.go.jp/KeibaWeb/TodayRaceInfo/Odds3LenFuku?k_babaCode=19&k_raceDate=2026%2F09%2F29&k_raceNo=1
2026-09-29 14:00:00,13:59,2026-09-29,funabashi,1,30,三連複,4-9-11,263.0,263.0,70,https://www.keiba.go.jp/KeibaWeb/TodayRaceInfo/Odds3LenFuku?k_babaCode=19&k_raceDate=2026%2F09%2F29&k_raceNo=1
2026-09-29 14:00:00,13:59,2026-09-29,funabashi,1,30,三連複,4-9-12,2367.3,2367.3,195,https://www.keiba.go.jp/KeibaWeb/TodayRaceInfo/Odds3LenFuku?k_babaCode=19&k_raceDate=2026%2F09%2F29&k_raceNo=1
2026-09-29 14:00:00,13:59,2026-09-29,funabashi,1,30,三連複,5-10-11,424.9,424.9,107,https://www.keiba.go.jp/KeibaWeb/TodayRaceInfo/Odds3LenFuku?k_babaCode=19&k_raceDate=2026%2F09%2F29&k_raceNo=1
2026-09-29 14:00:00,13:59,2026-09-29,funabashi,1,30,三連複,5-10-12,2071.4,2071.4,191,https://www.keiba.go.jp/KeibaWeb/TodayRaceInfo/Odds3LenFuku?k_babaCode=19&k_raceDate=2026%2F09%2F29&k_raceNo=1
2026-09-29 14:00:00,13:59,2026-09-29,funabashi,1,30,三連複,5-11-12,1841.2,1841.2,186,https://www.keiba.go.jp/KeibaWeb/TodayRaceInfo/Odds3LenFuku?k_babaCode=19&k_raceDate=2026%2F09%2F29&k_raceNo=1
2026-09-29 14:00:00,13:59,2026-09-29,funabashi,1,30,三連複,5-6-10,271.6,271.6,73,https://www.keiba.go.jp/KeibaWeb/TodayRaceInfo/Odds3LenFuku?k_babaCode=19&k_raceDate=2026%2F09%2F29&k_raceNo=1
2026-09-29 14:00:00,13:59,2026-09-29,funabashi,1,30,三連複,5-6-11,136.9,136.9,40,https://www.keiba.go.jp/KeibaWeb/TodayRaceInfo/Odds3LenFuku?k_babaCode=19&k_raceDate=2026%2F09%2F29&k_raceNo=1
2026-09-29 14:00:00,13:59,2026-09-29,funabashi,1,30,三連複,5-6-12,1274.7,1274.7,163,https://www.keiba.go.jp/KeibaWeb/TodayRaceInfo/Odds3LenFuku?k_babaCode=19&k_raceDate=2026%2F09%2F29&k_raceNo=1
2026-09-29 14:00:00,13:59,2026-09-29,funabashi,1,30,三連複,5-6-7,136.9,136.9,40,https://www.keiba.go.jp/KeibaWeb/TodayRaceInfo/Odds3LenFuku?k_babaCode=19&k_raceDate=2026%2F09%2F29&k_raceNo=1
2026-09-29 14:00:00,13:59,2026-09-29,funabashi,1,30,三連複,5-6-8,24.4,24.4,6,https://www.keiba.go.jp/KeibaWeb/TodayRaceInfo/Odds3LenFuku?k_babaCode=19&k_raceDate=2026%2F09%2F29&k_raceNo=1
2026-09-29 14:00:00,13:59,2026-09-29,funabashi,1,30,三連複,5-6-9,263.0,263.0,70,https://www.keiba.go.jp/KeibaWeb/TodayRaceInfo/Odds3LenFuku?k_babaCode=19&k_raceDate=2026%2F09%2F29&k_raceNo=1
2026-09-29 14:00:00,13:59,2026-09-29,funabashi,1,30,三連複,5-7-10,312.6,312.6,86,https://www.keiba.go.jp/KeibaWeb/TodayRaceInfo/Odds3LenFuku?k_babaCode=19&k_raceDate=2026%2F09%2F29&k_raceNo=1
2026-09-29 14:00:00,13:59,2026-09-29,funabashi,1,30,三連複,5-7-11,190.4,190.4,53,https://www.keiba.go.jp/KeibaWeb/TodayRaceInfo/Odds3LenFuku?k_babaCode=19&k_raceDate=2026%2F09%2F29&k_raceNo=1
2026-09-29 14:00:00,13:59,2026-09-29,funabashi,1,30,三連複,5-7-12,2071.4,2071.4,191,https://www.keiba.go.jp/KeibaWeb/TodayRaceInfo/Odds3LenFuku?k_babaCode=19&k_raceDate=2026%2F09%2F29&k_raceNo=1
2026-09-29 14:00:00,13:59,2026-09-29,funabashi,1,30,三連複,5-7-8,48.8,48.8,25,https://www.keiba.go.jp/KeibaWeb/TodayRaceInfo/Odds3LenFuku?k_babaCode=19&k_raceDate=2026%2F09%2F29&k_raceNo=1
2026-09-29 14:00:00,13:59,2026-09-29,funabashi,1,30,三連複,5-7-9,352.5,352.5,92,https://www.keiba.go.jp/KeibaWeb/TodayRaceInfo/Odds3LenFuku?k_babaCode=19&k_raceDate=2026%2F09%2F29&k_raceNo=1
2026-09-29 14:00:00,13:59,2026-09-29,funabashi,1,30,三連複,5-8-10,44.9,44.9,21,https://www.keiba.go.jp/KeibaWeb/TodayRaceInfo/Odds3LenFuku?k_babaCode=19&k_raceDate=2026%2F09%2F29&k_raceNo=1
2026-09-29 14:00:00,13:59,2026-09-29,funabashi,1,30,三連複,5-8-11,26.7,26.7,9,https://www.keiba.go.jp/KeibaWeb/TodayRaceInfo/Odds3LenFuku?k_babaCode=19&k_raceDate=2026%2F09%2F29&k_raceNo=1
2026-09-29 14:00:00,13:59,2026-09-29,funabashi,1,30,三連複,5-8-12,424.9,424.9,107,https://www.keiba.go.jp/KeibaWeb/TodayRaceInfo/Odds3LenFuku?k_babaCode=19&k_raceDate=2026%2F09%2F29&k_raceNo=1
2026-09-29 14:00:00,13:59,2026-09-29,funabashi,1,30,三連複,5-8-9,36.2,36.2,15,https://www.keiba.go.jp/KeibaWeb/TodayRaceInfo/Odds3LenFuku?k_babaCode=19&k_raceDate=2026%2F09%2F29&k_raceNo=1
2026-09-29 14:00:00,13:59,2026-09-29,funabashi,1,30,三連複,5-9-10,690.4,690.4,135,https://www.keiba.go.jp/KeibaWeb/TodayRaceInfo/Odds3LenFuku?k_babaCode=19&k_raceDate=2026%2F09%2F29&k_raceNo=1
2026-09-29 14:00:00,13:59,2026-09-29,funabashi,1,30,三連複,5-9-11,312.6,312.6,86,https://www.keiba.go.jp/KeibaWeb/TodayRaceInfo/Odds3LenFuku?k_babaCode=19&k_raceDate=2026%2F09%2F29&k_raceNo=1
2026-09-29 14:00:00,13:59,2026-09-29,funabashi,1,30,三連複,5-9-12,4142.8,4142.8,211,https://www.keiba.go.jp/KeibaWeb/TodayRaceInfo/Odds3LenFuku?k_babaCode=19&k_raceDate=2026%2F09%2F29&k_raceNo=1
2026-09-29 14:00:00,13:59,2026-09-29,funabashi,1,30,三連複,6-10-11,190.4,190.4,53,https://www.keiba.go.jp/KeibaWeb/TodayRaceInfo/Odds3LenFuku?k_babaCode=19&k_raceDate=2026%2F09%2F29&k_raceNo=1
2026-09-29 14:00:00,13:59,2026-09-29,funabashi,1,30,三連複,6-10-12,1104.7,1104.7,155,https://www.keiba.go.jp/KeibaWeb/TodayRaceInfo/Odds3LenFuku?k_babaCode=19&k_raceDate=2026%2F09%2F29&k_raceNo=1
2026-09-29 14:00:00,13:59,2026-09-29,funabashi,1,30,三連複,6-11-12,753.2,753.2,139,https://www.keiba.go.jp/KeibaWeb/TodayRaceInfo/Odds3LenFuku?k_babaCode=19&k_raceDate=2026%2F09%2F29&k_raceNo=1
2026-09-29 14:00:00,13:59,2026-09-29,funabashi,1,30,三連複,6-7-10,263.0,263.0,70,https://www.keiba.go.jp/KeibaWeb/TodayRaceInfo/Odds3LenFuku?k_babaCode=19&k_raceDate=2026%2F09%2F29&k_raceNo=1
2026-09-29 14:00:00,13:59,2026-09-29,funabashi,1,30,三連複,6-7-11,104.8,104.8,33,https://www.keiba.go.jp/KeibaWeb/TodayRaceInfo/Odds3LenFuku?k_babaCode=19&k_raceDate=2026%2F09%2F29&k_raceNo=1
2026-09-29 14:00:00,13:59,2026-09-29,funabashi,1,30,三連複,6-7-12,974.7,974.7,151,https://www.keiba.go.jp/KeibaWeb/TodayRaceInfo/Odds3LenFuku?k_babaCode=19&k_raceDate=2026%2F09%2F29&k_raceNo=1
2026-09-29 14:00:00,13:59,2026-09-29,funabashi,1,30,三連複,6-7-8,17.8,17.8,2,https://www.keiba.go.jp/KeibaWeb/TodayRaceInfo/Odds3LenFuku?k_babaCode=19&k_raceDate=2026%2F09%2F29&k_raceNo=1
2026-09-29 14:00:00,13:59,2026-09-29,funabashi,1,30,三連複,6-7-9,138.0,138.0,42,https://www.keiba.go.jp/KeibaWeb/TodayRaceInfo/Odds3LenFuku?k_babaCode=19&k_raceDate=2026%2F09%2F29&k_raceNo=1
2026-09-29 14:00:00,13:59,2026-09-29,funabashi,1,30,三連複,6-8-10,37.4,37.4,17,https://www.keiba.go.jp/KeibaWeb/TodayRaceInfo/Odds3LenFuku?k_babaCode=19&k_raceDate=2026%2F09%2F29&k_raceNo=1
2026-09-29 14:00:00,13:59,2026-09-29,funabashi,1,30,三連複,6-8-11,16.8,16.8,1,https://www.keiba.go.jp/KeibaWeb/TodayRaceInfo/Odds3LenFuku?k_babaCode=19&k_raceDate=2026%2F09%2F29&k_raceNo=1
2026-09-29 14:00:00,13:59,2026-09-29,funabashi,1,30,三連複,6-8-12,376.6,376.6,95,https://www.keiba.go.jp/KeibaWeb/TodayRaceInfo/Odds3LenFuku?k_babaCode=19&k_raceDate=2026%2F09%2F29&k_raceNo=1
2026-09-29 14:00:00,13:59,2026-09-29,funabashi,1,30,三連複,6-8-9,24.0,24.0,5,https://www.keiba.go.jp/KeibaWeb/TodayRaceInfo/Odds3LenFuku?k_babaCode=19&k_raceDate=2026%2F09%2F29&k_raceNo=1
2026-09-29 14:00:00,13:59,2026-09-29,funabashi,1,30,三連複,6-9-10,331.4,331.4,89,https://www.keiba.go.jp/KeibaWeb/TodayRaceInfo/Odds3LenFuku?k_babaCode=19&k_raceDate=2026%2F09%2F29&k_raceNo=1
2026-09-29 14:00:00,13:59,2026-09-29,funabashi,1,30,三連複,6-9-11,150.6,150.6,45,https://www.keiba.go.jp/KeibaWeb/TodayRaceInfo/Odds3LenFuku?k_babaCode=19&k_raceDate=2026%2F09%2F29&k_raceNo=1
2026-09-29 14:00:00,13:59,2026-09-29,funabashi,1,30,三連複,6-9-12,2367.3,2367.3,195,https://www.keiba.go.jp/KeibaWeb/TodayRaceInfo/Odds3LenFuku?k_babaCode=19&k_raceDate=2026%2F09%2F29&k_raceNo=1
2026-09-29 14:00:00,13:59,2026-09-29,funabashi,1,30,三連複,7-10-11,285.7,285.7,78,https://www.keiba.go.jp/KeibaWeb/TodayRaceInfo/Odds3LenFuku?k_babaCode=19&k_raceDate=2026%2F09%2F29&k_raceNo=1
2026-09-29 14:00:00,13:59,2026-09-29,funabashi,1,30,三連複,7-10-12,1657.1,1657.1,177,https://www.keiba.go.jp/KeibaWeb/TodayRaceInfo/Odds3LenFuku?k_babaCode=19&k_raceDate=2026%2F09%2F29&k_raceNo=1
2026-09-29 14:00:00,13:59,2026-09-29,funabashi,1,30,三連複,7-11-12,1274.7,1274.7,163,https://www.keiba.go.jp/KeibaWeb/TodayRaceInfo/Odds3LenFuku?k_babaCode=19&k_raceDate=2026%2F09%2F29&k_raceNo=1
2026-09-29 14:00:00,13:59,2026-09-29,funabashi,1,30,三連複,7-8-10,79.2,79.2,30,https://www.keiba.go.jp/KeibaWeb/TodayRaceInfo/Odds3LenFuku?k_babaCode=19&k_raceDate=2026%2F09%2F29&k_raceNo=1
2026-09-29 14:00:00,13:59,2026-09-29,funabashi,1,30,三連複,7-8-11,28.0,28.0,10,https://www.keiba.go.jp/KeibaWeb/TodayRaceInfo/Odds3LenFuku?k_babaCode=19&k_raceDate=2026%2F09%2F29&k_raceNo=1
2026-09-29 14:00:00,13:59,2026-09-29,funabashi,1,30,三連複,7-8-12,517.8,517.8,124,https://www.keiba.go.jp/KeibaWeb/TodayRaceInfo/Odds3LenFuku?k_babaCode=19&k_raceDate=2026%2F09%2F29&k_raceNo=1
2026-09-29 14:00:00,13:59,2026-09-29,funabashi,1,30,三連複,7-8-9,36.9,36.9,16,https://www.keiba.go.jp/KeibaWeb/TodayRaceInfo/Odds3LenFuku?k_babaCode=19&k_raceDate=2026%2F09%2F29&k_raceNo=1
2026-09-29 14:00:00,13:59,2026-09-29,funabashi,1,30,三連複,7-9-10,385.3,385.3,97,https://www.keiba.go.jp/KeibaWeb/TodayRaceInfo/Odds3LenFuku?k_babaCode=19&k_raceDate=2026%2F09%2F29&k_raceNo=1
2026-09-29 14:00:00,13:59,2026-09-29,funabashi,1,30,三連複,7-9-11,186.1,186.1,51,https://www.keiba.go.jp/KeibaWeb/TodayRaceInfo/Odds3LenFuku?k_babaCode=19&k_raceDate=2026%2F09%2F29&k_raceNo=1
2026-09-29 14:00:00,13:59,2026-09-29,funabashi,1,30,三連複,7-9-12,1506.4,1506.4,171,https://www.keiba.go.jp/KeibaWeb/TodayRaceInfo/Odds3LenFuku?k_babaCode=19&k_raceDate=2026%2F09%2F29&k_raceNo=1
2026-09-29 14:00:00,13:59,2026-09-29,funabashi,1,30,三連複,8-10-11,30.4,30.4,12,https://www.keiba.go.jp/KeibaWeb/TodayRaceInfo/Odds3LenFuku?k_babaCode=19&k_raceDate=2026%2F09%2F29&k_raceNo=1
2026-09-29 14:00:00,13:59,2026-09-29,funabashi,1,30,三連複,8-10-12,394.5,394.5,101,https://www.keiba.go.jp/KeibaWeb/TodayRaceInfo/Odds3LenFuku?k_babaCode=19&k_raceDate=2026%2F09%2F29&k_raceNo=1
2026-09-29 14:00:00,13:59,2026-09-29,funabashi,1,30,三連複,8-11-12,301.2,301.2,84,https://www.keiba.go.jp/KeibaWeb/TodayRaceInfo/Odds3LenFuku?k_babaCode=19&k_raceDate=2026%2F09%2F29&k_raceNo=1
2026-09-29 14:00:00,13:59,2026-09-29,funabashi,1,30,三連複,8-9-10,48.4,48.4,24,https://www.keiba.go.jp/KeibaWeb/TodayRaceInfo/Odds3LenFuku?k_babaCode=19&k_raceDate=2026%2F09%2F29&k_raceNo=1
2026-09-29 14:00:00,13:59,2026-09-29,funabashi,1,30,三連複,8-9-11,23.1,23.1,4,https://www.keiba.go.jp/KeibaWeb/TodayRaceInfo/Odds3LenFuku?k_babaCode=19&k_raceDate=2026%2F09%2F29&k_raceNo=1
2026-09-29 14:00:00,13:59,2026-09-29,funabashi,1,30,三連複,8-9-12,473.4,473.4,117,https://www.keiba.go.jp/KeibaWeb/TodayRaceInfo/Odds3LenFuku?k_babaCode=19&k_raceDate=2026%2F09%2F29&k_raceNo=1
2026-09-29 14:00:00,13:59,2026-09-29,funabashi,1,30,三連複,9-10-11,258.9,258.9,67,https://www.keiba.go.jp/KeibaWeb/TodayRaceInfo/Odds3LenFuku?k_babaCode=19&k_raceDate=2026%2F09%2F29&k_raceNo=1
2026-09-29 14:00:00,13:59,2026-09-29,funabashi,1,30,三連複,9-10-12,3314.2,3314.2,208,https://www.keiba.go.jp/KeibaWeb/TodayRaceInfo/Odds3LenFuku?k_babaCode=19&k_raceDate=2026%2F09%2F29&k_raceNo=1
2026-09-29 14:00:00,13:59,2026-09-29,funabashi,1,30,三連複,9-11-12,920.6,920.6,147,https://www.keiba.go.jp/KeibaWeb/TodayRaceInfo/Odds3LenFuku?k_babaCode=19&k_raceDate=2026%2F09%2F29&k_raceNo=1
2026-09-29 14:00:00,13:59,2026-09-29,funabashi,1,30,馬連,1-10,197.7,197.7,44,https://www.keiba.go.jp/KeibaWeb/TodayRaceInfo/OddsUmLenFuku?k_babaCode=19&k_raceDate=2026%2F09%2F29&k_raceNo=1
2026-09-29 14:00:00,13:59,2026-09-29,funabashi,1,30,馬連,1-11,127.4,127.4,41,https://www.keiba.go.jp/KeibaWeb/TodayRaceInfo/OddsUmLenFuku?k_babaCode=19&k_raceDate=2026%2F09%2F29&k_raceNo=1
2026-09-29 14:00:00,13:59,2026-09-29,funabashi,1,30,馬連,1-12,1433.6,1433.6,66,https://www.keiba.go.jp/KeibaWeb/TodayRaceInfo/OddsUmLenFuku?k_babaCode=19&k_raceDate=2026%2F09%2F29&k_raceNo=1
2026-09-29 14:00:00,13:59,2026-09-29,funabashi,1,30,馬連,1-2,409.6,409.6,53,https://www.keiba.go.jp/KeibaWeb/TodayRaceInfo/OddsUmLenFuku?k_babaCode=19&k_raceDate=2026%2F09%2F29&k_raceNo=1
2026-09-29 14:00:00,13:59,2026-09-29,funabashi,1,30,馬連,1-3,409.6,409.6,53,https://www.keiba.go.jp/KeibaWeb/TodayRaceInfo/OddsUmLenFuku?k_babaCode=19&k_raceDate=2026%2F09%2F29&k_raceNo=1
2026-09-29 14:00:00,13:59,2026-09-29,funabashi,1,30,馬連,1-4,119.4,119.4,37,https://www.keiba.go.jp/KeibaWeb/TodayRaceInfo/OddsUmLenFuku?k_babaCode=19&k_raceDate=2026%2F09%2F29&k_raceNo=1
2026-09-29 14:00:00,13:59,2026-09-29,funabashi,1,30,馬連,1-5,179.2,179.2,43,https://www.keiba.go.jp/KeibaWeb/TodayRaceInfo/OddsUmLenFuku?k_babaCode=19&k_raceDate=2026%2F09%2F29&k_raceNo=1
2026-09-29 14:00:00,13:59,2026-09-29,funabashi,1,30,馬連,1-6,130.3,130.3,42,https://www.keiba.go.jp/KeibaWeb/TodayRaceInfo/OddsUmLenFuku?k_babaCode=19&k_raceDate=2026%2F09%2F29&k_raceNo=1
2026-09-29 14:00:00,13:59,2026-09-29,funabashi,1,30,馬連,1-7,260.6,260.6,47,https://www.keiba.go.jp/KeibaWeb/TodayRaceInfo/OddsUmLenFuku?k_babaCode=19&k_raceDate=2026%2F09%2F29&k_raceNo=1
2026-09-29 14:00:00,13:59,2026-09-29,funabashi,1,30,馬連,1-8,31.6,31.6,9,https://www.keiba.go.jp/KeibaWeb/TodayRaceInfo/OddsUmLenFuku?k_babaCode=19&k_raceDate=2026%2F09%2F29&k_raceNo=1
2026-09-29 14:00:00,13:59,2026-09-29,funabashi,1,30,馬連,1-9,102.4,102.4,31,https://www.keiba.go.jp/KeibaWeb/TodayRaceInfo/OddsUmLenFuku?k_babaCode=19&k_raceDate=2026%2F09%2F29&k_raceNo=1
2026-09-29 14:00:00,13:59,2026-09-29,funabashi,1,30,馬連,10-11,95.5,95.5,27,https://www.keiba.go.jp/KeibaWeb/TodayRaceInfo/OddsUmLenFuku?k_babaCode=19&k_raceDate=2026%2F09%2F29&k_raceNo=1
2026-09-29 14:00:00,13:59,2026-09-29,funabashi,1,30,馬連,10-12,637.1,637.1,61,https://www.keiba.go.jp/KeibaWeb/TodayRaceInfo/OddsUmLenFuku?k_babaCode=19&k_raceDate=2026%2F09%2F29&k_raceNo=1
2026-09-29 14:00:00,13:59,2026-09-29,funabashi,1,30,馬連,11-12,477.8,477.8,58,https://www.keiba.go.jp/KeibaWeb/TodayRaceInfo/OddsUmLenFuku?k_babaCode=19&k_raceDate=2026%2F09%2F29&k_raceNo=1
2026-09-29 14:00:00,13:59,2026-09-29,funabashi,1,30,馬連,2-10,102.4,102.4,31,https://www.keiba.go.jp/KeibaWeb/TodayRaceInfo/OddsUmLenFuku?k_babaCode=19&k_raceDate=2026%2F09%2F29&k_raceNo=1
2026-09-29 14:00:00,13:59,2026-09-29,funabashi,1,30,馬連,2-11,78.5,78.5,22,https://www.keiba.go.jp/KeibaWeb/TodayRaceInfo/OddsUmLenFuku?k_babaCode=19&k_raceDate=2026%2F09%2F29&k_raceNo=1
2026-09-29 14:00:00,13:59,2026-09-29,funabashi,1,30,馬連,2-12,819.2,819.2,64,https://www.keiba.go.jp/KeibaWeb/TodayRaceInfo/OddsUmLenFuku?k_babaCode=19&k_raceDate=2026%2F09%2F29&k_raceNo=1
2026-09-29 14:00:00,13:59,2026-09-29,funabashi,1,30,馬連,2-3,318.5,318.5,50,https://www.keiba.go.jp/KeibaWeb/TodayRaceInfo/OddsUmLenFuku?k_babaCode=19&k_raceDate=2026%2F09%2F29&k_raceNo=1
2026-09-29 14:00:00,13:59,2026-09-29,funabashi,1,30,馬連,2-4,100.6,100.6,30,https://www.keiba.go.jp/KeibaWeb/TodayRaceInfo/OddsUmLenFuku?k_babaCode=19&k_raceDate=2026%2F09%2F29&k_raceNo=1
2026-09-29 14:00:00,13:59,2026-09-29,funabashi,1,30,馬連,2-5,72.5,72.5,18,https://www.keiba.go.jp/KeibaWeb/TodayRaceInfo/OddsUmLenFuku?k_babaCode=19&k_raceDate=2026%2F09%2F29&k_raceNo=1
2026-09-29 14:00:00,13:59,2026-09-29,funabashi,1,30,馬連,2-6,56.2,56.2,12,https://www.keiba.go.jp/KeibaWeb/TodayRaceInfo/OddsUmLenFuku?k_babaCode=19&k_raceDate=2026%2F09%2F29&k_raceNo=1
2026-09-29 14:00:00,13:59,2026-09-29,funabashi,1,30,馬連,2-7,114.6,114.6,36,https://www.keiba.go.jp/KeibaWeb/TodayRaceInfo/OddsUmLenFuku?k_babaCode=19&k_raceDate=2026%2F09%2F29&k_raceNo=1
2026-09-29 14:00:00,13:59,2026-09-29,funabashi,1,30,馬連,2-8,6.8,6.8,2,https://www.keiba.go.jp/KeibaWeb/TodayRaceInfo/OddsUmLenFuku?k_babaCode=19&k_raceDate=2026%2F09%2F29&k_raceNo=1
2026-09-29 14:00:00,13:59,2026-09-29,funabashi,1,30,馬連,2-9,124.6,124.6,40,https://www.keiba.go.jp/KeibaWeb/TodayRaceInfo/OddsUmLenFuku?k_babaCode=19&k_raceDate=2026%2F09%2F29&k_raceNo=1
2026-09-29 14:00:00,13:59,2026-09-29,funabashi,1,30,馬連,3-10,637.1,637.1,61,https://www.keiba.go.jp/KeibaWeb/TodayRaceInfo/OddsUmLenFuku?k_babaCode=19&k_raceDate=2026%2F09%2F29&k_raceNo=1
2026-09-29 14:00:00,13:59,2026-09-29,funabashi,1,30,馬連,3-11,337.3,337.3,51,https://www.keiba.go.jp/KeibaWeb/TodayRaceInfo/OddsUmLenFuku?k_babaCode=19&k_raceDate=2026%2F09%2F29&k_raceNo=1
2026-09-29 14:00:00,13:59,2026-09-29,funabashi,1,30,馬連,3-12,716.8,716.8,63,https://www.keiba.go.jp/KeibaWeb/TodayRaceInfo/OddsUmLenFuku?k_babaCode=19&k_raceDate=2026%2F09%2F29&k_raceNo=1
2026-09-29 14:00:00,13:59,2026-09-29,funabashi,1,30,馬連,3-4,409.6,409.6,53,https://www.keiba.go.jp/KeibaWeb/TodayRaceInfo/OddsUmLenFuku?k_babaCode=19&k_raceDate=2026%2F09%2F29&k_raceNo=1
2026-09-29 14:00:00,13:59,2026-09-29,funabashi,1,30,馬連,3-5,409.6,409.6,53,https://www.keiba.go.jp/KeibaWeb/TodayRaceInfo/OddsUmLenFuku?k_babaCode=19&k_raceDate=2026%2F09%2F29&k_raceNo=1
2026-09-29 14:00:00,13:59,2026-09-29,funabashi,1,30,馬連,3-6,409.6,409.6,53,https://www.keiba.go.jp/KeibaWeb/TodayRaceInfo/OddsUmLenFuku?k_babaCode=19&k_raceDate=2026%2F09%2F29&k_raceNo=1
2026-09-29 14:00:00,13:59,2026-09-29,funabashi,1,30,馬連,3-7,286.7,286.7,48,https://www.keiba.go.jp/KeibaWeb/TodayRaceInfo/OddsUmLenFuku?k_babaCode=19&k_raceDate=2026%2F09%2F29&k_raceNo=1
2026-09-29 14:00:00,13:59,2026-09-29,funabashi,1,30,馬連,3-8,91.0,91.0,26,https://www.keiba.go.jp/KeibaWeb/TodayRaceInfo/OddsUmLenFuku?k_babaCode=19&k_raceDate=2026%2F09%2F29&k_raceNo=1
2026-09-29 14:00:00,13:59,2026-09-29,funabashi,1,30,馬連,3-9,220.5,220.5,45,https://www.keiba.go.jp/KeibaWeb/TodayRaceInfo/OddsUmLenFuku?k_babaCode=19&k_raceDate=2026%2F09%2F29&k_raceNo=1
2026-09-29 14:00:00,13:59,2026-09-29,funabashi,1,30,馬連,4-10,97.1,97.1,28,https://www.keiba.go.jp/KeibaWeb/TodayRaceInfo/OddsUmLenFuku?k_babaCode=19&k_raceDate=2026%2F09%2F29&k_raceNo=1
2026-09-29 14:00:00,13:59,2026-09-29,funabashi,1,30,馬連,4-11,57.3,57.3,14,https://www.keiba.go.jp/KeibaWeb/TodayRaceInfo/OddsUmLenFuku?k_babaCode=19&k_raceDate=2026%2F09%2F29&k_raceNo=1
2026-09-29 14:00:00,13:59,2026-09-29,funabashi,1,30,馬連,4-12,521.3,521.3,60,https://www.keiba.go.jp/KeibaWeb/TodayRaceInfo/OddsUmLenFuku?k_babaCode=19&k_raceDate=2026%2F09%2F29&k_raceNo=1
2026-09-29 14:00:00,13:59,2026-09-29,funabashi,1,30,馬連,4-5,56.7,56.7,13,https://www.keiba.go.jp/KeibaWeb/TodayRaceInfo/OddsUmLenFuku?k_babaCode=19&k_raceDate=2026%2F09%2F29&k_raceNo=1
2026-09-29 14:00:00,13:59,2026-09-29,funabashi,1,30,馬連,4-6,51.6,51.6,11,https://www.keiba.go.jp/KeibaWeb/TodayRaceInfo/OddsUmLenFuku?k_babaCode=19&k_raceDate=2026%2F09%2F29&k_raceNo=1
2026-09-29 14:00:00,13:59,2026-09-29,funabashi,1,30,馬連,4-7,67.4,67.4,16,https://www.keiba.go.jp/KeibaWeb/TodayRaceInfo/OddsUmLenFuku?k_babaCode=19&k_raceDate=2026%2F09%2F29&k_raceNo=1
2026-09-29 14:00:00,13:59,2026-09-29,funabashi,1,30,馬連,4-8,12.5,12.5,5,https://www.keiba.go.jp/KeibaWeb/TodayRaceInfo/OddsUmLenFuku?k_babaCode=19&k_raceDate=2026%2F09%2F29&k_raceNo=1
2026-09-29 14:00:00,13:59,2026-09-29,funabashi,1,30,馬連,4-9,89.6,89.6,25,https://www.keiba.go.jp/KeibaWeb/TodayRaceInfo/OddsUmLenFuku?k_babaCode=19&k_raceDate=2026%2F09%2F29&k_raceNo=1
2026-09-29 14:00:00,13:59,2026-09-29,funabashi,1,30,馬連,5-10,86.8,86.8,23,https://www.keiba.go.jp/KeibaWeb/TodayRaceInfo/OddsUmLenFuku?k_babaCode=19&k_raceDate=2026%2F09%2F29&k_raceNo=1
2026-09-29 14:00:00,13:59,2026-09-29,funabashi,1,30,馬連,5-11,77.4,77.4,21,https://www.keiba.go.jp/KeibaWeb/TodayRaceInfo/OddsUmLenFuku?k_babaCode=19&k_raceDate=2026%2F09%2F29&k_raceNo=1
2026-09-29 14:00:00,13:59,2026-09-29,funabashi,1,30,馬連,5-12,955.7,955.7,65,https://www.keiba.go.jp/KeibaWeb/TodayRaceInfo/OddsUmLenFuku?k_babaCode=19&k_raceDate=2026%2F09%2F29&k_raceNo=1
2026-09-29 14:00:00,13:59,2026-09-29,funabashi,1,30,馬連,5-6,86.8,86.8,23,https://www.keiba.go.jp/KeibaWeb/TodayRaceInfo/OddsUmLenFuku?k_babaCode=19&k_raceDate=2026%2F09%2F29&k_raceNo=1
2026-09-29 14:00:00,13:59,2026-09-29,funabashi,1,30,馬連,5-7,112.4,112.4,35,https://www.keiba.go.jp/KeibaWeb/TodayRaceInfo/OddsUmLenFuku?k_babaCode=19&k_raceDate=2026%2F09%2F29&k_raceNo=1
2026-09-29 14:00:00,13:59,2026-09-29,funabashi,1,30,馬連,5-8,9.8,9.8,4,https://www.keiba.go.jp/KeibaWeb/TodayRaceInfo/OddsUmLenFuku?k_babaCode=19&k_raceDate=2026%2F09%2F29&k_raceNo=1
2026-09-29 14:00:00,13:59,2026-09-29,funabashi,1,30,馬連,5-9,104.2,104.2,33,https://www.keiba.go.jp/KeibaWeb/TodayRaceInfo/OddsUmLenFuku?k_babaCode=19&k_raceDate=2026%2F09%2F29&k_raceNo=1
2026-09-29 14:00:00,13:59,2026-09-29,funabashi,1,30,馬連,6-10,119.4,119.4,37,https://www.keiba.go.jp/KeibaWeb/TodayRaceInfo/OddsUmLenFuku?k_babaCode=19&k_raceDate=2026%2F09%2F29&k_raceNo=1
2026-09-29 14:00:00,13:59,2026-09-29,funabashi,1,30,馬連,6-11,45.5,45.5,10,https://www.keiba.go.jp/KeibaWeb/TodayRaceInfo/OddsUmLenFuku?k_babaCode=19&k_raceDate=2026%2F09%2F29&k_raceNo=1
2026-09-29 14:00:00,13:59,2026-09-29,funabashi,1,30,馬連,6-12,301.8,301.8,49,https://www.keiba.go.jp/KeibaWeb/TodayRaceInfo/OddsUmLenFuku?k_babaCode=19&k_raceDate=2026%2F09%2F29&k_raceNo=1
2026-09-29 14:00:00,13:59,2026-09-29,funabashi,1,30,馬連,6-7,75.4,75.4,20,https://www.keiba.go.jp/KeibaWeb/TodayRaceInfo/OddsUmLenFuku?k_babaCode=19&k_raceDate=2026%2F09%2F29&k_raceNo=1
2026-09-29 14:00:00,13:59,2026-09-29,funabashi,1,30,馬連,6-8,6.0,6.0,1,https://www.keiba.go.jp/KeibaWeb/TodayRaceInfo/OddsUmLenFuku?k_babaCode=19&k_raceDate=2026%2F09%2F29&k_raceNo=1
2026-09-29 14:00:00,13:59,2026-09-29,funabashi,1,30,馬連,6-9,74.4,74.4,19,https://www.keiba.go.jp/KeibaWeb/TodayRaceInfo/OddsUmLenFuku?k_babaCode=19&k_raceDate=2026%2F09%2F29&k_raceNo=1
2026-09-29 14:00:00,13:59,2026-09-29,funabashi,1,30,馬連,7-10,238.9,238.9,46,https://www.keiba.go.jp/KeibaWeb/TodayRaceInfo/OddsUmLenFuku?k_babaCode=19&k_raceDate=2026%2F09%2F29&k_raceNo=1
2026-09-29 14:00:00,13:59,2026-09-29,funabashi,1,30,馬連,7-11,62.3,62.3,15,https://www.keiba.go.jp/KeibaWeb/TodayRaceInfo/OddsUmLenFuku?k_babaCode=19&k_raceDate=2026%2F09%2F29&k_raceNo=1
2026-09-29 14:00:00,13:59,2026-09-29,funabashi,1,30,馬連,7-12,477.8,477.8,58,https://www.keiba.go.jp/KeibaWeb/TodayRaceInfo/OddsUmLenFuku?k_babaCode=19&k_raceDate=2026%2F09%2F29&k_raceNo=1
2026-09-29 14:00:00,13:59,2026-09-29,funabashi,1,30,馬連,7-8,17.6,17.6,8,https://www.keiba.go.jp/KeibaWeb/TodayRaceInfo/OddsUmLenFuku?k_babaCode=19&k_raceDate=2026%2F09%2F29&k_raceNo=1
2026-09-29 14:00:00,13:59,2026-09-29,funabashi,1,30,馬連,7-9,97.1,97.1,28,https://www.keiba.go.jp/KeibaWeb/TodayRaceInfo/OddsUmLenFuku?k_babaCode=19&k_raceDate=2026%2F09%2F29&k_raceNo=1
2026-09-29 14:00:00,13:59,2026-09-29,funabashi,1,30,馬連,8-10,12.6,12.6,6,https://www.keiba.go.jp/KeibaWeb/TodayRaceInfo/OddsUmLenFuku?k_babaCode=19&k_raceDate=2026%2F09%2F29&k_raceNo=1
2026-09-29 14:00:00,13:59,2026-09-29,funabashi,1,30,馬連,8-11,7.1,7.1,3,https://www.keiba.go.jp/KeibaWeb/TodayRaceInfo/OddsUmLenFuku?k_babaCode=19&k_raceDate=2026%2F09%2F29&k_raceNo=1
2026-09-29 14:00:00,13:59,2026-09-29,funabashi,1,30,馬連,8-12,119.4,119.4,37,https://www.keiba.go.jp/KeibaWeb/TodayRaceInfo/OddsUmLenFuku?k_babaCode=19&k_raceDate=2026%2F09%2F29&k_raceNo=1
2026-09-29 14:00:00,13:59,2026-09-29,funabashi,1,30,馬連,8-9,13.4,13.4,7,https://www.keiba.go.jp/KeibaWeb/TodayRaceInfo/OddsUmLenFuku?k_babaCode=19&k_raceDate=2026%2F09%2F29&k_raceNo=1
2026-09-29 14:00:00,13:59,2026-09-29,funabashi,1,30,馬連,9-10,110.2,110.2,34,https://www.keiba.go.jp/KeibaWeb/TodayRaceInfo/OddsUmLenFuku?k_babaCode=19&k_raceDate=2026%2F09%2F29&k_raceNo=1
2026-09-29 14:00:00,13:59,2026-09-29,funabashi,1,30,馬連,9-11,70.7,70.7,17,https://www.keiba.go.jp/KeibaWeb/TodayRaceInfo/OddsUmLenFuku?k_babaCode=19&k_raceDate=2026%2F09%2F29&k_raceNo=1
2026-09-29 14:00:00,13:59,2026-09-29,funabashi,1,30,馬連,9-12,337.3,337.3,51,https://www.keiba.go.jp/KeibaWeb/TodayRaceInfo/OddsUmLenFuku?k_babaCode=19&k_raceDate=2026%2F09%2F29&k_raceNo=1
2026-09-29 14:00:20,14:00,2026-09-29,funabashi,1,30,ワイド,1-10,62.9,66.8,49,https://www.keiba.go.jp/KeibaWeb/TodayRaceInfo/OddsWide?k_babaCode=19&k_raceDate=2026%2F09%2F29&k_raceNo=1
2026-09-29 14:00:20,14:00,2026-09-29,funabashi,1,30,ワイド,1-11,21.4,23.4,29,https://www.keiba.go.jp/KeibaWeb/TodayRaceInfo/OddsWide?k_babaCode=19&k_raceDate=2026%2F09%2F29&k_raceNo=1
2026-09-29 14:00:20,14:00,2026-09-29,funabashi,1,30,ワイド,1-12,207.5,211.0,66,https://www.keiba.go.jp/KeibaWeb/TodayRaceInfo/OddsWide?k_babaCode=19&k_raceDate=2026%2F09%2F29&k_raceNo=1
2026-09-29 14:00:20,14:00,2026-09-29,funabashi,1,30,ワイド,1-2,32.1,34.6,40,https://www.keiba.go.jp/KeibaWeb/TodayRaceInfo/OddsWide?k_babaCode=19&k_raceDate=2026%2F09%2F29&k_raceNo=1
2026-09-29 14:00:20,14:00,2026-09-29,funabashi,1,30,ワイド,1-3,81.6,83.3,52,https://www.keiba.go.jp/KeibaWeb/TodayRaceInfo/OddsWide?k_babaCode=19&k_raceDate=2026%2F09%2F29&k_raceNo=1
2026-09-29 14:00:20,14:00,2026-09-29,funabashi,1,30,ワイド,1-4,36.1,39.1,42,https://www.keiba.go.jp/KeibaWeb/TodayRaceInfo/OddsWide?k_babaCode=19&k_raceDate=2026%2F09%2F29&k_raceNo=1
2026-09-29 14:00:20,14:00,2026-09-29,funabashi,1,30,ワイド,1-5,39.9,42.7,44,https://www.keiba.go.jp/KeibaWeb/TodayRaceInfo/OddsWide?k_babaCode=19&k_raceDate=2026%2F09%2F29&k_raceNo=1
2026-09-29 14:00:20,14:00,2026-09-29,funabashi,1,30,ワイド,1-6,41.8,46.0,45,https://www.keiba.go.jp/KeibaWeb/TodayRaceInfo/OddsWide?k_babaCode=19&k_raceDate=2026%2F09%2F29&k_raceNo=1
2026-09-29 14:00:20,14:00,2026-09-29,funabashi,1,30,ワイド,1-7,34.0,35.6,41,https://www.keiba.go.jp/KeibaWeb/TodayRaceInfo/OddsWide?k_babaCode=19&k_raceDate=2026%2F09%2F29&k_raceNo=1
2026-09-29 14:00:20,14:00,2026-09-29,funabashi,1,30,ワイド,1-8,16.0,17.4,21,https://www.keiba.go.jp/KeibaWeb/TodayRaceInfo/OddsWide?k_babaCode=19&k_raceDate=2026%2F09%2F29&k_raceNo=1
2026-09-29 14:00:20,14:00,2026-09-29,funabashi,1,30,ワイド,1-9,25.7,27.8,34,https://www.keiba.go.jp/KeibaWeb/TodayRaceInfo/OddsWide?k_babaCode=19&k_raceDate=2026%2F09%2F29&k_raceNo=1
2026-09-29 14:00:20,14:00,2026-09-29,funabashi,1,30,ワイド,10-11,14.9,16.9,18,https://www.keiba.go.jp/KeibaWeb/TodayRaceInfo/OddsWide?k_babaCode=19&k_raceDate=2026%2F09%2F29&k_raceNo=1
2026-09-29 14:00:20,14:00,2026-09-29,funabashi,1,30,ワイド,10-12,110.6,116.4,60,https://www.keiba.go.jp/KeibaWeb/TodayRaceInfo/OddsWide?k_babaCode=19&k_raceDate=2026%2F09%2F29&k_raceNo=1
2026-09-29 14:00:20,14:00,2026-09-29,funabashi,1,30,ワイド,11-12,106.8,116.2,58,https://www.keiba.go.jp/KeibaWeb/TodayRaceInfo/OddsWide?k_babaCode=19&k_raceDate=2026%2F09%2F29&k_raceNo=1
2026-09-29 14:00:20,14:00,2026-09-29,funabashi,1,30,ワイド,2-10,27.1,30.2,35,https://www.keiba.go.jp/KeibaWeb/TodayRaceInfo/OddsWide?k_babaCode=19&k_raceDate=2026%2F09%2F29&k_raceNo=1
2026-09-29 14:00:20,14:00,2026-09-29,funabashi,1,30,ワイド,2-11,15.3,17.6,19,https://www.keiba.go.jp/KeibaWeb/TodayRaceInfo/OddsWide?k_babaCode=19&k_raceDate=2026%2F09%2F29&k_raceNo=1
2026-09-29 14:00:20,14:00,2026-09-29,funabashi,1,30,ワイド,2-12,155.5,166.0,63,https://www.keiba.go.jp/KeibaWeb/TodayRaceInfo/OddsWide?k_babaCode=19&k_raceDate=2026%2F09%2F29&k_raceNo=1
2026-09-29 14:00:20,14:00,2026-09-29,funabashi,1,30,ワイド,2-3,83.7,89.7,53,https://www.keiba.go.jp/KeibaWeb/TodayRaceInfo/OddsWide?k_babaCode=19&k_raceDate=2026%2F09%2F29&k_raceNo=1
2026-09-29 14:00:20,14:00,2026-09-29,funabashi,1,30,ワイド,2-4,23.5,26.8,31,https://www.keiba.go.jp/KeibaWeb/TodayRaceInfo/OddsWide?k_babaCode=19&k_raceDate=2026%2F09%2F29&k_raceNo=1
2026-09-29 14:00:20,14:00,2026-09-29,funabashi,1,30,ワイド,2-5,20.1,22.6,28,https://www.keiba.go.jp/KeibaWeb/TodayRaceInfo/OddsWide?k_babaCode=19&k_raceDate=2026%2F09%2F29&k_raceNo=1
2026-09-29 14:00:20,14:00,2026-09-29,funabashi,1,30,ワイド,2-6,12.6,14.5,14,https://www.keiba.go.jp/KeibaWeb/TodayRaceInfo/OddsWide?k_babaCode=19&k_raceDate=2026%2F09%2F29&k_raceNo=1
2026-09-29 14:00:20,14:00,2026-09-29,funabashi,1,30,ワイド,2-7,28.5,31.4,36,https://www.keiba.go.jp/KeibaWeb/TodayRaceInfo/OddsWide?k_babaCode=19&k_raceDate=2026%2F09%2F29&k_raceNo=1
2026-09-29 14:00:20,14:00,2026-09-29,funabashi,1,30,ワイド,2-8,4.2,4.5,5,https://www.keiba.go.jp/KeibaWeb/TodayRaceInfo/OddsWide?k_babaCode=19&k_raceDate=2026%2F09%2F29&k_raceNo=1
2026-09-29 14:00:20,14:00,2026-09-29,funabashi,1,30,ワイド,2-9,19.7,22.4,27,https://www.keiba.go.jp/KeibaWeb/TodayRaceInfo/OddsWide?k_babaCode=19&k_raceDate=2026%2F09%2F29&k_raceNo=1
2026-09-29 14:00:20,14:00,2026-09-29,funabashi,1,30,ワイド,3-10,96.0,101.3,57,https://www.keiba.go.jp/KeibaWeb/TodayRaceInfo/OddsWide?k_babaCode=19&k_raceDate=2026%2F09%2F29&k_raceNo=1
2026-09-29 14:00:20,14:00,2026-09-29,funabashi,1,30,ワイド,3-11,64.7,70.7,50,https://www.keiba.go.jp/KeibaWeb/TodayRaceInfo/OddsWide?k_babaCode=19&k_raceDate=2026%2F09%2F29&k_raceNo=1
2026-09-29 14:00:20,14:00,2026-09-29,funabashi,1,30,ワイド,3-12,88.5,89.8,55,https://www.keiba.go.jp/KeibaWeb/TodayRaceInfo/OddsWide?k_babaCode=19&k_raceDate=2026%2F09%2F29&k_raceNo=1
2026-09-29 14:00:20,14:00,2026-09-29,funabashi,1,30,ワイド,3-4,57.0,61.4,48,https://www.keiba.go.jp/KeibaWeb/TodayRaceInfo/OddsWide?k_babaCode=19&k_raceDate=2026%2F09%2F29&k_raceNo=1
2026-09-29 14:00:20,14:00,2026-09-29,funabashi,1,30,ワイド,3-5,109.4,116.5,59,https://www.keiba.go.jp/KeibaWeb/TodayRaceInfo/OddsWide?k_babaCode=19&k_raceDate=2026%2F09%2F29&k_raceNo=1
2026-09-29 14:00:20,14:00,2026-09-29,funabashi,1,30,ワイド,3-6,92.6,101.3,56,https://www.keiba.go.jp/KeibaWeb/TodayRaceInfo/OddsWide?k_babaCode=19&k_raceDate=2026%2F09%2F29&k_raceNo=1
2026-09-29 14:00:20,14:00,2026-09-29,funabashi,1,30,ワイド,3-7,67.8,70.7,51,https://www.keiba.go.jp/KeibaWeb/TodayRaceInfo/OddsWide?k_babaCode=19&k_raceDate=2026%2F09%2F29&k_raceNo=1
2026-09-29 14:00:20,14:00,2026-09-29,funabashi,1,30,ワイド,3-8,23.4,25.2,30,https://www.keiba.go.jp/KeibaWeb/TodayRaceInfo/OddsWide?k_babaCode=19&k_raceDate=2026%2F09%2F29&k_raceNo=1
2026-09-29 14:00:20,14:00,2026-09-29,funabashi,1,30,ワイド,3-9,47.4,50.9,46,https://www.keiba.go.jp/KeibaWeb/TodayRaceInfo/OddsWide?k_babaCode=19&k_raceDate=2026%2F09%2F29&k_raceNo=1
2026-09-29 14:00:20,14:00,2026-09-29,funabashi,1,30,ワイド,4-10,30.8,34.5,39,https://www.keiba.go.jp/KeibaWeb/TodayRaceInfo/OddsWide?k_babaCode=19&k_raceDate=2026%2F09%2F29&k_raceNo=1
2026-09-29 14:00:20,14:00,2026-09-29,funabashi,1,30,ワイド,4-11,16.5,19.1,23,https://www.keiba.go.jp/KeibaWeb/TodayRaceInfo/OddsWide?k_babaCode=19&k_raceDate=2026%2F09%2F29&k_raceNo=1
2026-09-29 14:00:20,14:00,2026-09-29,funabashi,1,30,ワイド,4-12,86.6,93.0,54,https://www.keiba.go.jp/KeibaWeb/TodayRaceInfo/OddsWide?k_babaCode=19&k_raceDate=2026%2F09%2F29&k_raceNo=1
2026-09-29 14:00:20,14:00,2026-09-29,funabashi,1,30,ワイド,4-5,11.0,12.5,12,https://www.keiba.go.jp/KeibaWeb/TodayRaceInfo/OddsWide?k_babaCode=19&k_raceDate=2026%2F09%2F29&k_raceNo=1
2026-09-29 14:00:20,14:00,2026-09-29,funabashi,1,30,ワイド,4-6,14.6,17.0,17,https://www.keiba.go.jp/KeibaWeb/TodayRaceInfo/OddsWide?k_babaCode=19&k_raceDate=2026%2F09%2F29&k_raceNo=1
2026-09-29 14:00:20,14:00,2026-09-29,funabashi,1,30,ワイド,4-7,16.1,17.9,22,https://www.keiba.go.jp/KeibaWeb/TodayRaceInfo/OddsWide?k_babaCode=19&k_raceDate=2026%2F09%2F29&k_raceNo=1
2026-09-29 14:00:20,14:00,2026-09-29,funabashi,1,30,ワイド,4-8,3.8,4.1,3,https://www.keiba.go.jp/KeibaWeb/TodayRaceInfo/OddsWide?k_babaCode=19&k_raceDate=2026%2F09%2F29&k_raceNo=1
2026-09-29 14:00:20,14:00,2026-09-29,funabashi,1,30,ワイド,4-9,17.4,19.9,25,https://www.keiba.go.jp/KeibaWeb/TodayRaceInfo/OddsWide?k_babaCode=19&k_raceDate=2026%2F09%2F29&k_raceNo=1
2026-09-29 14:00:20,14:00,2026-09-29,funabashi,1,30,ワイド,5-10,30.3,33.6,38,https://www.keiba.go.jp/KeibaWeb/TodayRaceInfo/OddsWide?k_babaCode=19&k_raceDate=2026%2F09%2F29&k_raceNo=1
2026-09-29 14:00:20,14:00,2026-09-29,funabashi,1,30,ワイド,5-11,14.5,16.6,16,https://www.keiba.go.jp/KeibaWeb/TodayRaceInfo/OddsWide?k_babaCode=19&k_raceDate=2026%2F09%2F29&k_raceNo=1
2026-09-29 14:00:20,14:00,2026-09-29,funabashi,1,30,ワイド,5-12,199.0,211.2,65,https://www.keiba.go.jp/KeibaWeb/TodayRaceInfo/OddsWide?k_babaCode=19&k_raceDate=2026%2F09%2F29&k_raceNo=1
2026-09-29 14:00:20,14:00,2026-09-29,funabashi,1,30,ワイド,5-6,23.6,27.2,32,https://www.keiba.go.jp/KeibaWeb/TodayRaceInfo/OddsWide?k_babaCode=19&k_raceDate=2026%2F09%2F29&k_raceNo=1
2026-09-29 14:00:20,14:00,2026-09-29,funabashi,1,30,ワイド,5-7,36.3,39.8,43,https://www.keiba.go.jp/KeibaWeb/TodayRaceInfo/OddsWide?k_babaCode=19&k_raceDate=2026%2F09%2F29&k_raceNo=1
2026-09-29 14:00:20,14:00,2026-09-29,funabashi,1,30,ワイド,5-8,4.6,4.9,6,https://www.keiba.go.jp/KeibaWeb/TodayRaceInfo/OddsWide?k_babaCode=19&k_raceDate=2026%2F09%2F29&k_raceNo=1
2026-09-29 14:00:20,14:00,2026-09-29,funabashi,1,30,ワイド,5-9,24.6,27.8,33,https://www.keiba.go.jp/KeibaWeb/TodayRaceInfo/OddsWide?k_babaCode=19&k_raceDate=2026%2F09%2F29&k_raceNo=1
2026-09-29 14:00:20,14:00,2026-09-29,funabashi,1,30,ワイド,6-10,15.7,17.9,20,https://www.keiba.go.jp/KeibaWeb/TodayRaceInfo/OddsWide?k_babaCode=19&k_raceDate=2026%2F09%2F29&k_raceNo=1
2026-09-29 14:00:20,14:00,2026-09-29,funabashi,1,30,ワイド,6-11,10.4,12.2,10,https://www.keiba.go.jp/KeibaWeb/TodayRaceInfo/OddsWide?k_babaCode=19&k_raceDate=2026%2F09%2F29&k_raceNo=1
2026-09-29 14:00:20,14:00,2026-09-29,funabashi,1,30,ワイド,6-12,163.9,178.7,64,https://www.keiba.go.jp/KeibaWeb/TodayRaceInfo/OddsWide?k_babaCode=19&k_raceDate=2026%2F09%2F29&k_raceNo=1
2026-09-29 14:00:20,14:00,2026-09-29,funabashi,1,30,ワイド,6-7,17.1,19.2,24,https://www.keiba.go.jp/KeibaWeb/TodayRaceInfo/OddsWide?k_babaCode=19&k_raceDate=2026%2F09%2F29&k_raceNo=1
2026-09-29 14:00:20,14:00,2026-09-29,funabashi,1,30,ワイド,6-8,3.3,3.5,1,https://www.keiba.go.jp/KeibaWeb/TodayRaceInfo/OddsWide?k_babaCode=19&k_raceDate=2026%2F09%2F29&k_raceNo=1
2026-09-29 14:00:20,14:00,2026-09-29,funabashi,1,30,ワイド,6-9,12.9,15.0,15,https://www.keiba.go.jp/KeibaWeb/TodayRaceInfo/OddsWide?k_babaCode=19&k_raceDate=2026%2F09%2F29&k_raceNo=1
2026-09-29 14:00:20,14:00,2026-09-29,funabashi,1,30,ワイド,7-10,52.6,57.0,47,https://www.keiba.go.jp/KeibaWeb/TodayRaceInfo/OddsWide?k_babaCode=19&k_raceDate=2026%2F09%2F29&k_raceNo=1
2026-09-29 14:00:20,14:00,2026-09-29,funabashi,1,30,ワイド,7-11,9.8,10.9,9,https://www.keiba.go.jp/KeibaWeb/TodayRaceInfo/OddsWide?k_babaCode=19&k_raceDate=2026%2F09%2F29&k_raceNo=1
2026-09-29 14:00:20,14:00,2026-09-29,funabashi,1,30,ワイド,7-12,117.7,122.3,61,https://www.keiba.go.jp/KeibaWeb/TodayRaceInfo/OddsWide?k_babaCode=19&k_raceDate=2026%2F09%2F29&k_raceNo=1
2026-09-29 14:00:20,14:00,2026-09-29,funabashi,1,30,ワイド,7-8,6.7,7.3,8,https://www.keiba.go.jp/KeibaWeb/TodayRaceInfo/OddsWide?k_babaCode=19&k_raceDate=2026%2F09%2F29&k_raceNo=1
2026-09-29 14:00:20,14:00,2026-09-29,funabashi,1,30,ワイド,7-9,10.5,11.6,11,https://www.keiba.go.jp/KeibaWeb/TodayRaceInfo/OddsWide?k_babaCode=19&k_raceDate=2026%2F09%2F29&k_raceNo=1
2026-09-29 14:00:20,14:00,2026-09-29,funabashi,1,30,ワイド,8-10,5.3,5.8,7,https://www.keiba.go.jp/KeibaWeb/TodayRaceInfo/OddsWide?k_babaCode=19&k_raceDate=2026%2F09%2F29&k_raceNo=1
2026-09-29 14:00:20,14:00,2026-09-29,funabashi,1,30,ワイド,8-11,3.3,3.6,2,https://www.keiba.go.jp/KeibaWeb/TodayRaceInfo/OddsWide?k_babaCode=19&k_raceDate=2026%2F09%2F29&k_raceNo=1
2026-09-29 14:00:20,14:00,2026-09-29,funabashi,1,30,ワイド,8-12,30.2,32.4,37,https://www.keiba.go.jp/KeibaWeb/TodayRaceInfo/OddsWide?k_babaCode=19&k_raceDate=2026%2F09%2F29&k_raceNo=1
2026-09-29 14:00:20,14:00,2026-09-29,funabashi,1,30,ワイド,8-9,4.0,4.3,4,https://www.keiba.go.jp/KeibaWeb/TodayRaceInfo/OddsWide?k_babaCode=19&k_raceDate=2026%2F09%2F29&k_raceNo=1
2026-09-29 14:00:20,14:00,2026-09-29,funabashi,1,30,ワイド,9-10,18.0,20.1,26,https://www.keiba.go.jp/KeibaWeb/TodayRaceInfo/OddsWide?k_babaCode=19&k_raceDate=2026%2F09%2F29&k_raceNo=1
2026-09-29 14:00:20,14:00,2026-09-29,funabashi,1,30,ワイド,9-11,12.4,14.3,13,https://www.keiba.go.jp/KeibaWeb/TodayRaceInfo/OddsWide?k_babaCode=19&k_raceDate=2026%2F09%2F29&k_raceNo=1
2026-09-29 14:00:20,14:00,2026-09-29,funabashi,1,30,ワイド,9-12,127.7,136.5,62,https://www.keiba.go.jp/KeibaWeb/TodayRaceInfo/OddsWide?k_babaCode=19&k_raceDate=2026%2F09%2F29&k_raceNo=1
2026-09-29 14:00:20,14:00,2026-09-29,funabashi,1,30,三連複,1-10-11,301.2,301.2,84,https://www.keiba.go.jp/KeibaWeb/TodayRaceInfo/Odds3LenFuku?k_babaCode=19&k_raceDate=2026%2F09%2F29&k_raceNo=1
2026-09-29 14:00:20,14:00,2026-09-29,funabashi,1,30,三連複,1-10-12,1841.2,1841.2,186,https://www.keiba.go.jp/KeibaWeb/TodayRaceInfo/Odds3LenFuku?k_babaCode=19&k_raceDate=2026%2F09%2F29&k_raceNo=1
2026-09-29 14:00:20,14:00,2026-09-29,funabashi,1,30,三連複,1-11-12,1183.6,1183.6,158,https://www.keiba.go.jp/KeibaWeb/TodayRaceInfo/Odds3LenFuku?k_babaCode=19&k_raceDate=2026%2F09%2F29&k_raceNo=1
2026-09-29 14:00:20,14:00,2026-09-29,funabashi,1,30,三連複,1-2-10,637.3,637.3,133,https://www.keiba.go.jp/KeibaWeb/TodayRaceInfo/Odds3LenFuku?k_babaCode=19&k_raceDate=2026%2F09%2F29&k_raceNo=1
2026-09-29 14:00:20,14:00,2026-09-29,funabashi,1,30,三連複,1-2-11,571.4,571.4,127,https://www.keiba.go.jp/KeibaWeb/TodayRaceInfo/Odds3LenFuku?k_babaCode=19&k_raceDate=2026%2F09%2F29&k_raceNo=1
2026-09-29 14:00:20,14:00,2026-09-29,funabashi,1,30,三連複,1-2-12,4142.8,4142.8,211,https://www.keiba.go.jp/KeibaWeb/TodayRaceInfo/Odds3LenFuku?k_babaCode=19&k_raceDate=2026%2F09%2F29&k_raceNo=1
2026-09-29 14:00:20,14:00,2026-09-29,funabashi,1,30,三連複,1-2-3,1506.4,1506.4,171,https://www.keiba.go.jp/KeibaWeb/TodayRaceInfo/Odds3LenFuku?k_babaCode=19&k_raceDate=2026%2F09%2F29&k_raceNo=1
2026-09-29 14:00:20,14:00,2026-09-29,funabashi,1,30,三連複,1-2-4,720.4,720.4,136,https://www.keiba.go.jp/KeibaWeb/TodayRaceInfo/Odds3LenFuku?k_babaCode=19&k_raceDate=2026%2F09%2F29&k_raceNo=1
2026-09-29 14:00:20,14:00,2026-09-29,funabashi,1,30,三連複,1-2-5,637.3,637.3,133,https://www.keiba.go.jp/KeibaWeb/TodayRaceInfo/Odds3LenFuku?k_babaCode=19&k_raceDate=2026%2F09%2F29&k_raceNo=1
2026-09-29 14:00:20,14:00,2026-09-29,funabashi,1,30,三連複,1-2-6,447.8,447.8,114,https://www.keiba.go.jp/KeibaWeb/TodayRaceInfo/Odds3LenFuku?k_babaCode=19&k_raceDate=2026%2F09%2F29&k_raceNo=1
2026-09-29 14:00:20,14:00,2026-09-29,funabashi,1,30,三連複,1-2-7,789.1,789.1,142,https://www.keiba.go.jp/KeibaWeb/TodayRaceInfo/Odds3LenFuku?k_babaCode=19&k_raceDate=2026%2F09%2F29&k_raceNo=1
2026-09-29 14:00:20,14:00,2026-09-29,funabashi,1,30,三連複,1-2-8,121.8,121.8,39,https://www.keiba.go.jp/KeibaWeb/TodayRaceInfo/Odds3LenFuku?k_babaCode=19&k_raceDate=2026%2F09%2F29&k_raceNo=1
2026-09-29 14:00:20,14:00,2026-09-29,funabashi,1,30,三連複,1-2-9,789.1,789.1,142,https://www.keiba.go.jp/KeibaWeb/TodayRaceInfo/Odds3LenFuku?k_babaCode=19&k_raceDate=2026%2F09%2F29&k_raceNo=1
2026-09-29 14:00:20,14:00,2026-09-29,funabashi,1,30,三連複,1-3-10,2761.8,2761.8,204,https://www.keiba.go.jp/KeibaWeb/TodayRaceInfo/Odds3LenFuku?k_babaCode=19&k_raceDate=2026%2F09%2F29&k_raceNo=1
2026-09-29 14:00:20,14:00,2026-09-29,funabashi,1,30,三連複,1-3-11,1657.1,1657.1,177,https://www.keiba.go.jp/KeibaWeb/TodayRaceInfo/Odds3LenFuku?k_babaCode=19&k_raceDate=2026%2F09%2F29&k_raceNo=1
2026-09-29 14:00:20,14:00,2026-09-29,funabashi,1,30,三連複,1-3-12,0.0,0.0,220,https://www.keiba.go.jp/KeibaWeb/TodayRaceInfo/Odds3LenFuku?k_babaCode=19&k_raceDate=2026%2F09%2F29&k_raceNo=1
2026-09-29 14:00:20,14:00,2026-09-29,funabashi,1,30,三連複,1-3-4,1657.1,1657.1,177,https://www.keiba.go.jp/KeibaWeb/TodayRaceInfo/Odds3LenFuku?k_babaCode=19&k_raceDate=2026%2F09%2F29&k_raceNo=1
2026-09-29 14:00:20,14:00,2026-09-29,funabashi,1,30,三連複,1-3-5,2071.4,2071.4,191,https://www.keiba.go.jp/KeibaWeb/TodayRaceInfo/Odds3LenFuku?k_babaCode=19&k_raceDate=2026%2F09%2F29&k_raceNo=1
2026-09-29 14:00:20,14:00,2026-09-29,funabashi,1,30,三連複,1-3-6,1183.6,1183.6,158,https://www.keiba.go.jp/KeibaWeb/TodayRaceInfo/Odds3LenFuku?k_babaCode=19&k_raceDate=2026%2F09%2F29&k_raceNo=1
2026-09-29 14:00:20,14:00,2026-09-29,funabashi,1,30,三連複,1-3-7,872.1,872.1,144,https://www.keiba.go.jp/KeibaWeb/TodayRaceInfo/Odds3LenFuku?k_babaCode=19&k_raceDate=2026%2F09%2F29&k_raceNo=1
2026-09-29 14:00:20,14:00,2026-09-29,funabashi,1,30,三連複,1-3-8,920.6,920.6,147,https://www.keiba.go.jp/KeibaWeb/TodayRaceInfo/Odds3LenFuku?k_babaCode=19&k_raceDate=2026%2F09%2F29&k_raceNo=1
2026-09-29 14:00:20,14:00,2026-09-29,funabashi,1,30,三連複,1-3-9,1657.1,1657.1,177,https://www.keiba.go.jp/KeibaWeb/TodayRaceInfo/Odds3LenFuku?k_babaCode=19&k_raceDate=2026%2F09%2F29&k_raceNo=1
2026-09-29 14:00:20,14:00,2026-09-29,funabashi,1,30,三連複,1-4-10,552.3,552.3,126,https://www.keiba.go.jp/KeibaWeb/TodayRaceInfo/Odds3LenFuku?k_babaCode=19&k_raceDate=2026%2F09%2F29&k_raceNo=1
2026-09-29 14:00:20,14:00,2026-09-29,funabashi,1,30,三連複,1-4-11,394.5,394.5,101,https://www.keiba.go.jp/KeibaWeb/TodayRaceInfo/Odds3LenFuku?k_babaCode=19&k_raceDate=2026%2F09%2F29&k_raceNo=1
2026-09-29 14:00:20,14:00,2026-09-29,funabashi,1,30,三連複,1-4-12,2761.8,2761.8,204,https://www.keiba.go.jp/KeibaWeb/TodayRaceInfo/Odds3LenFuku?k_babaCode=19&k_raceDate=2026%2F09%2F29&k_raceNo=1
2026-09-29 14:00:20,14:00,2026-09-29,funabashi,1,30,三連複,1-4-5,447.8,447.8,114,https://www.keiba.go.jp/KeibaWeb/TodayRaceInfo/Odds3LenFuku?k_babaCode=19&k_raceDate=2026%2F09%2F29&k_raceNo=1
2026-09-29 14:00:20,14:00,2026-09-29,funabashi,1,30,三連複,1-4-6,385.3,385.3,97,https://www.keiba.go.jp/KeibaWeb/TodayRaceInfo/Odds3LenFuku?k_babaCode=19&k_raceDate=2026%2F09%2F29&k_raceNo=1
2026-09-29 14:00:20,14:00,2026-09-29,funabashi,1,30,三連複,1-4-7,295.9,295.9,81,https://www.keiba.go.jp/KeibaWeb/TodayRaceInfo/Odds3LenFuku?k_babaCode=19&k_raceDate=2026%2F09%2F29&k_raceNo=1
2026-09-29 14:00:20,14:00,2026-09-29,funabashi,1,30,三連複,1-4-8,85.8,85.8,32,https://www.keiba.go.jp/KeibaWeb/TodayRaceInfo/Odds3LenFuku?k_babaCode=19&k_raceDate=2026%2F09%2F29&k_raceNo=1
2026-09-29 14:00:20,14:00,2026-09-29,funabashi,1,30,三連複,1-4-9,487.3,487.3,120,https://www.keiba.go.jp/KeibaWeb/TodayRaceInfo/Odds3LenFuku?k_babaCode=19&k_raceDate=2026%2F09%2F29&k_raceNo=1
2026-09-29 14:00:20,14:00,2026-09-29,funabashi,1,30,三連複,1-5-10,720.4,720.4,136,https://www.keiba.go.jp/KeibaWeb/TodayRaceInfo/Odds3LenFuku?k_babaCode=19&k_raceDate=2026%2F09%2F29&k_raceNo=1
2026-09-29 14:00:20,14:00,2026-09-29,funabashi,1,30,三連複,1-5-11,460.3,460.3,116,https://www.keiba.go.jp/KeibaWeb/TodayRaceInfo/Odds3LenFuku?k_babaCode=19&k_raceDate=2026%2F09%2F29&k_raceNo=1
2026-09-29 14:00:20,14:00,2026-09-29,funabashi,1,30,三連複,1-5-12,8285.6,8285.6,215,https://www.keiba.go.jp/KeibaWeb/TodayRaceInfo/Odds3LenFuku?k_babaCode=19&k_raceDate=2026%2F09%2F29&k_raceNo=1
2026-09-29 14:00:20,14:00,2026-09-29,funabashi,1,30,三連複,1-5-6,436.0,436.0,110,https://www.keiba.go.jp/KeibaWeb/TodayRaceInfo/Odds3LenFuku?k_babaCode=19&k_raceDate=2026%2F09%2F29&k_raceNo=1
2026-09-29 14:00:20,14:00,2026-09-29,funabashi,1,30,三連複,1-5-7,753.2,753.2,139,https://www.keiba.go.jp/KeibaWeb/TodayRaceInfo/Odds3LenFuku?k_babaCode=19&k_raceDate=2026%2F09%2F29&k_raceNo=1
2026-09-29 14:00:20,14:00,2026-09-29,funabashi,1,30,三連複,1-5-8,106.9,106.9,34,https://www.keiba.go.jp/KeibaWeb/TodayRaceInfo/Odds3LenFuku?k_babaCode=19&k_raceDate=2026%2F09%2F29&k_raceNo=1
2026-09-29 14:00:20,14:00,2026-09-29,funabashi,1,30,三連複,1-5-9,613.7,613.7,130,https://www.keiba.go.jp/KeibaWeb/TodayRaceInfo/Odds3LenFuku?k_babaCode=19&k_raceDate=2026%2F09%2F29&k_raceNo=1
2026-09-29 14:00:20,14:00,2026-09-29,funabashi,1,30,三連複,1-6-10,376.6,376.6,95,https://www.keiba.go.jp/KeibaWeb/TodayRaceInfo/Odds3LenFuku?k_babaCode=19&k_raceDate=2026%2F09%2F29&k_raceNo=1
2026-09-29 14:00:20,14:00,2026-09-29,funabashi,1,30,三連複,1-6-11,295.9,295.9,81,https://www.keiba.go.jp/KeibaWeb/TodayRaceInfo/Odds3LenFuku?k_babaCode=19&k_raceDate=2026%2F09%2F29&k_raceNo=1
2026-09-29 14:00:20,14:00,2026-09-29,funabashi,1,30,三連複,1-6-12,1274.7,1274.7,163,https://www.keiba.go.jp/KeibaWeb/TodayRaceInfo/Odds3LenFuku?k_babaCode=19&k_raceDate=2026%2F09%2F29&k_raceNo=1
2026-09-29 14:00:20,14:00,2026-09-29,funabashi,1,30,三連複,1-6-7,290.7,290.7,79,https://www.keiba.go.jp/KeibaWeb/TodayRaceInfo/Odds3LenFuku?k_babaCode=19&k_raceDate=2026%2F09%2F29&k_raceNo=1
2026-09-29 14:00:20,14:00,2026-09-29,funabashi,1,30,三連複,1-6-8,76.0,76.0,29,https://www.keiba.go.jp/KeibaWeb/TodayRaceInfo/Odds3LenFuku?k_babaCode=19&k_raceDate=2026%2F09%2F29&k_raceNo=1
2026-09-29 14:00:20,14:00,2026-09-29,funabashi,1,30,三連複,1-6-9,414.2,414.2,105,https://www.keiba.go.jp/KeibaWeb/TodayRaceInfo/Odds3LenFuku?k_babaCode=19&k_raceDate=2026%2F09%2F29&k_raceNo=1
2026-09-29 14:00:20,14:00,2026-09-29,funabashi,1,30,三連複,1-7-10,920.6,920.6,147,https://www.keiba.go.jp/KeibaWeb/TodayRaceInfo/Odds3LenFuku?k_babaCode=19&k_raceDate=2026%2F09%2F29&k_raceNo=1
2026-09-29 14:00:20,14:00,2026-09-29,funabashi,1,30,三連複,1-7-11,436.0,436.0,110,https://www.keiba.go.jp/KeibaWeb/TodayRaceInfo/Odds3LenFuku?k_babaCode=19&k_raceDate=2026%2F09%2F29&k_raceNo=1
2026-09-29 14:00:20,14:00,2026-09-29,funabashi,1,30,三連複,1-7-12,1841.2,1841.2,186,https://www.keiba.go.jp/KeibaWeb/TodayRaceInfo/Odds3LenFuku?k_babaCode=19&k_raceDate=2026%2F09%2F29&k_raceNo=1
2026-09-29 14:00:20,14:00,2026-09-29,funabashi,1,30,三連複,1-7-8,118.3,118.3,37,https://www.keiba.go.jp/KeibaWeb/TodayRaceInfo/Odds3LenFuku?k_babaCode=19&k_raceDate=2026%2F09%2F29&k_raceNo=1
2026-09-29 14:00:20,14:00,2026-09-29,funabashi,1,30,三連複,1-7-9,424.9,424.9,107,https://www.keiba.go.jp/KeibaWeb/TodayRaceInfo/Odds3LenFuku?k_babaCode=19&k_raceDate=2026%2F09%2F29&k_raceNo=1
2026-09-29 14:00:20,14:00,2026-09-29,funabashi,1,30,三連複,1-8-10,115.8,115.8,36,https://www.keiba.go.jp/KeibaWeb/TodayRaceInfo/Odds3LenFuku?k_babaCode=19&k_raceDate=2026%2F09%2F29&k_raceNo=1
2026-09-29 14:00:20,14:00,2026-09-29,funabashi,1,30,三連複,1-8-11,71.7,71.7,28,https://www.keiba.go.jp/KeibaWeb/TodayRaceInfo/Odds3LenFuku?k_babaCode=19&k_raceDate=2026%2F09%2F29&k_raceNo=1
2026-09-29 14:00:20,14:00,2026-09-29,funabashi,1,30,三連複,1-8-12,1506.4,1506.4,171,https://www.keiba.go.jp/KeibaWeb/TodayRaceInfo/Odds3LenFuku?k_babaCode=19&k_raceDate=2026%2F09%2F29&k_raceNo=1
2026-09-29 14:00:20,14:00,2026-09-29,funabashi,1,30,三連複,1-8-9,80.8,80.8,31,https://www.keiba.go.jp/KeibaWeb/TodayRaceInfo/Odds3LenFuku?k_babaCode=19&k_raceDate=2026%2F09%2F29&k_raceNo=1
2026-09-29 14:00:20,14:00,2026-09-29,funabashi,1,30,三連複,1-9-10,591.8,591.8,129,https://www.keiba.go.jp/KeibaWeb/TodayRaceInfo/Odds3LenFuku?k_babaCode=19&k_raceDate=2026%2F09%2F29&k_raceNo=1
2026-09-29 14:00:20,14:00,2026-09-29,funabashi,1,30,三連複,1-9-11,290.7,290.7,79,https://www.keiba.go.jp/KeibaWeb/TodayRaceInfo/Odds3LenFuku?k_babaCode=19&k_raceDate=2026%2F09%2F29&k_raceNo=1
2026-09-29 14:00:20,14:00,2026-09-29,funabashi,1,30,三連複,1-9-12,2761.8,2761.8,204,https://www.keiba.go.jp/KeibaWeb/TodayRaceInfo/Odds3LenFuku?k_babaCode=19&k_raceDate=2026%2F09%2F29&k_raceNo=1
2026-09-29 14:00:20,14:00,2026-09-29,funabashi,1,30,三連複,10-11-12,753.2,753.2,139,https://www.keiba.go.jp/KeibaWeb/TodayRaceInfo/Odds3LenFuku?k_babaCode=19&k_raceDate=2026%2F09%2F29&k_raceNo=1
2026-09-29 14:00:20,14:00,2026-09-29,funabashi,1,30,三連複,2-10-11,212.4,212.4,58,https://www.keiba.go.jp/KeibaWeb/TodayRaceInfo/Odds3LenFuku?k_babaCode=19&k_raceDate=2026%2F09%2F29&k_raceNo=1
2026-09-29 14:00:20,14:00,2026-09-29,funabashi,1,30,三連複,2-10-12,1035.7,1035.7,154,https://www.keiba.go.jp/KeibaWeb/TodayRaceInfo/Odds3LenFuku?k_babaCode=19&k_raceDate=2026%2F09%2F29&k_raceNo=1
2026-09-29 14:00:20,14:00,2026-09-29,funabashi,1,30,三連複,2-11-12,974.7,974.7,151,https://www.keiba.go.jp/KeibaWeb/TodayRaceInfo/Odds3LenFuku?k_babaCode=19&k_raceDate=2026%2F09%2F29&k_raceNo=1
2026-09-29 14:00:20,14:00,2026-09-29,funabashi,1,30,三連複,2-3-10,4142.8,4142.8,211,https://www.keiba.go.jp/KeibaWeb/TodayRaceInfo/Odds3LenFuku?k_babaCode=19&k_raceDate=2026%2F09%2F29&k_raceNo=1
2026-09-29 14:00:20,14:00,2026-09-29,funabashi,1,30,三連複,2-3-11,1274.7,1274.7,163,https://www.keiba.go.jp/KeibaWeb/TodayRaceInfo/Odds3LenFuku?k_babaCode=19&k_raceDate=2026%2F09%2F29&k_raceNo=1
2026-09-29 14:00:20,14:00,2026-09-29,funabashi,1,30,三連複,2-3-12,8285.6,8285.6,215,https://www.keiba.go.jp/KeibaWeb/TodayRaceInfo/Odds3LenFuku?k_babaCode=19&k_raceDate=2026%2F09%2F29&k_raceNo=1
2026-09-29 14:00:20,14:00,2026-09-29,funabashi,1,30,三連複,2-3-4,1183.6,1183.6,158,https://www.keiba.go.jp/KeibaWeb/TodayRaceInfo/Odds3LenFuku?k_babaCode=19&k_raceDate=2026%2F09%2F29&k_raceNo=1
2026-09-29 14:00:20,14:00,2026-09-29,funabashi,1,30,三連複,2-3-5,2367.3,2367.3,195,https://www.keiba.go.jp/KeibaWeb/TodayRaceInfo/Odds3LenFuku?k_babaCode=19&k_raceDate=2026%2F09%2F29&k_raceNo=1
2026-09-29 14:00:20,14:00,2026-09-29,funabashi,1,30,三連複,2-3-6,517.8,517.8,124,https://www.keiba.go.jp/KeibaWeb/TodayRaceInfo/Odds3LenFuku?k_babaCode=19&k_raceDate=2026%2F09%2F29&k_raceNo=1
2026-09-29 14:00:20,14:00,2026-09-29,funabashi,1,30,三連複,2-3-7,872.1,872.1,144,https://www.keiba.go.jp/KeibaWeb/TodayRaceInfo/Odds3LenFuku?k_babaCode=19&k_raceDate=2026%2F09%2F29&k_raceNo=1
2026-09-29 14:00:20,14:00,2026-09-29,funabashi,1,30,三連複,2-3-8,404.1,404.1,103,https://www.keiba.go.jp/KeibaWeb/TodayRaceInfo/Odds3LenFuku?k_babaCode=19&k_raceDate=2026%2F09%2F29&k_raceNo=1
2026-09-29 14:00:20,14:00,2026-09-29,funabashi,1,30,三連複,2-3-9,1506.4,1506.4,171,https://www.keiba.go.jp/KeibaWeb/TodayRaceInfo/Odds3LenFuku?k_babaCode=19&k_raceDate=2026%2F09%2F29&k_raceNo=1
2026-09-29 14:00:20,14:00,2026-09-29,funabashi,1,30,三連複,2-4-10,360.2,360.2,93,https://www.keiba.go.jp/KeibaWeb/TodayRaceInfo/Odds3LenFuku?k_babaCode=19&k_raceDate=2026%2F09%2F29&k_raceNo=1
2026-09-29 14:00:20,14:00,2026-09-29,funabashi,1,30,三連複,2-4-11,220.9,220.9,59,https://www.keiba.go.jp/KeibaWeb/TodayRaceInfo/Odds3LenFuku?k_babaCode=19&k_raceDate=2026%2F09%2F29&k_raceNo=1
2026-09-29 14:00:20,14:00,2026-09-29,funabashi,1,30,三連複,2-4-12,2367.3,2367.3,195,https://www.keiba.go.jp/KeibaWeb/TodayRaceInfo/Odds3LenFuku?k_babaCode=19&k_raceDate=2026%2F09%2F29&k_raceNo=1
2026-09-29 14:00:20,14:00,2026-09-29,funabashi,1,30,三連複,2-4-5,258.9,258.9,67,https://www.keiba.go.jp/KeibaWeb/TodayRaceInfo/Odds3LenFuku?k_babaCode=19&k_raceDate=2026%2F09%2F29&k_raceNo=1
2026-09-29 14:00:20,14:00,2026-09-29,funabashi,1,30,三連複,2-4-6,186.1,186.1,51,https://www.keiba.go.jp/KeibaWeb/TodayRaceInfo/Odds3LenFuku?k_babaCode=19&k_raceDate=2026%2F09%2F29&k_raceNo=1
2026-09-29 14:00:20,14:00,2026-09-29,funabashi,1,30,三連複,2-4-7,197.2,197.2,56,https://www.keiba.go.jp/KeibaWeb/TodayRaceInfo/Odds3LenFuku?k_babaCode=19&k_raceDate=2026%2F09%2F29&k_raceNo=1
2026-09-29 14:00:20,14:00,2026-09-29,funabashi,1,30,三連複,2-4-8,46.6,46.6,23,https://www.keiba.go.jp/KeibaWeb/TodayRaceInfo/Odds3LenFuku?k_babaCode=19&k_raceDate=2026%2F09%2F29&k_raceNo=1
2026-09-29 14:00:20,14:00,2026-09-29,funabashi,1,30,三連複,2-4-9,473.4,473.4,117,https://www.keiba.go.jp/KeibaWeb/TodayRaceInfo/Odds3LenFuku?k_babaCode=19&k_raceDate=2026%2F09%2F29&k_raceNo=1
2026-09-29 14:00:20,14:00,2026-09-29,funabashi,1,30,三連複,2-5-10,243.6,243.6,64,https://www.keiba.go.jp/KeibaWeb/TodayRaceInfo/Odds3LenFuku?k_babaCode=19&k_raceDate=2026%2F09%2F29&k_raceNo=1
2026-09-29 14:00:20,14:00,2026-09-29,funabashi,1,30,三連複,2-5-11,165.7,165.7,49,https://www.keiba.go.jp/KeibaWeb/TodayRaceInfo/Odds3LenFuku?k_babaCode=19&k_raceDate=2026%2F09%2F29&k_raceNo=1
2026-09-29 14:00:20,14:00,2026-09-29,funabashi,1,30,三連複,2-5-12,1841.2,1841.2,186,https://www.keiba.go.jp/KeibaWeb/TodayRaceInfo/Odds3LenFuku?k_babaCode=19&k_raceDate=2026%2F09%2F29&k_raceNo=1
2026-09-29 14:00:20,14:00,2026-09-29,funabashi,1,30,三連複,2-5-6,172.6,172.6,50,https://www.keiba.go.jp/KeibaWeb/TodayRaceInfo/Odds3LenFuku?k_babaCode=19&k_raceDate=2026%2F09%2F29&k_raceNo=1
2026-09-29 14:00:20,14:00,2026-09-29,funabashi,1,30,三連複,2-5-7,199.6,199.6,57,https://www.keiba.go.jp/KeibaWeb/TodayRaceInfo/Odds3LenFuku?k_babaCode=19&k_raceDate=2026%2F09%2F29&k_raceNo=1
2026-09-29 14:00:20,14:00,2026-09-29,funabashi,1,30,三連複,2-5-8,30.2,30.2,11,https://www.keiba.go.jp/KeibaWeb/TodayRaceInfo/Odds3LenFuku?k_babaCode=19&k_raceDate=2026%2F09%2F29&k_raceNo=1
2026-09-29 14:00:20,14:00,2026-09-29,funabashi,1,30,三連複,2-5-9,436.0,436.0,110,https://www.keiba.go.jp/KeibaWeb/TodayRaceInfo/Odds3LenFuku?k_babaCode=19&k_raceDate=2026%2F09%2F29&k_raceNo=1
2026-09-29 14:00:20,14:00,2026-09-29,funabashi,1,30,三連複,2-6-10,227.0,227.0,60,https://www.keiba.go.jp/KeibaWeb/TodayRaceInfo/Odds3LenFuku?k_babaCode=19&k_raceDate=2026%2F09%2F29&k_raceNo=1
2026-09-29 14:00:20,14:00,2026-09-29,funabashi,1,30,三連複,2-6-11,141.6,141.6,43,https://www.keiba.go.jp/KeibaWeb/TodayRaceInfo/Odds3LenFuku?k_babaCode=19&k_raceDate=2026%2F09%2F29&k_raceNo=1
2026-09-29 14:00:20,14:00,2026-09-29,funabashi,1,30,三連複,2-6-12,1104.7,1104.7,155,https://www.keiba.go.jp/KeibaWeb/TodayRaceInfo/Odds3LenFuku?k_babaCode=19&k_raceDate=2026%2F09%2F29&k_raceNo=1
2026-09-29 14:00:20,14:00,2026-09-29,funabashi,1,30,三連複,2-6-7,153.4,153.4,46,https://www.keiba.go.jp/KeibaWeb/TodayRaceInfo/Odds3LenFuku?k_babaCode=19&k_raceDate=2026%2F09%2F29&k_raceNo=1
2026-09-29 14:00:20,14:00,2026-09-29,funabashi,1,30,三連複,2-6-8,22.8,22.8,3,https://www.keiba.go.jp/KeibaWeb/TodayRaceInfo/Odds3LenFuku?k_babaCode=19&k_raceDate=2026%2F09%2F29&k_raceNo=1
2026-09-29 14:00:20,14:00,2026-09-29,funabashi,1,30,三連複,2-6-9,230.1,230.1,62,https://www.keiba.go.jp/KeibaWeb/TodayRaceInfo/Odds3LenFuku?k_babaCode=19&k_raceDate=2026%2F09%2F29&k_raceNo=1
2026-09-29 14:00:20,14:00,2026-09-29,funabashi,1,30,三連複,2-7-10,436.0,436.0,110,https://www.keiba.go.jp/KeibaWeb/TodayRaceInfo/Odds3LenFuku?k_babaCode=19&k_raceDate=2026%2F09%2F29&k_raceNo=1
2026-09-29 14:00:20,14:00,2026-09-29,funabashi,1,30,三連複,2-7-11,271.6,271.6,73,https://www.keiba.go.jp/KeibaWeb/TodayRaceInfo/Odds3LenFuku?k_babaCode=19&k_raceDate=2026%2F09%2F29&k_raceNo=1
2026-09-29 14:00:20,14:00,2026-09-29,funabashi,1,30,三連複,2-7-12,1657.1,1657.1,177,https://www.keiba.go.jp/KeibaWeb/TodayRaceInfo/Odds3LenFuku?k_babaCode=19&k_raceDate=2026%2F09%2F29&k_raceNo=1
2026-09-29 14:00:20,14:00,2026-09-29,funabashi,1,30,三連複,2-7-8,49.0,49.0,26,https://www.keiba.go.jp/KeibaWeb/TodayRaceInfo/Odds3LenFuku?k_babaCode=19&k_raceDate=2026%2F09%2F29&k_raceNo=1
2026-09-29 14:00:20,14:00,2026-09-29,funabashi,1,30,三連複,2-7-9,247.3,247.3,65,https://www.keiba.go.jp/KeibaWeb/TodayRaceInfo/Odds3LenFuku?k_babaCode=19&k_raceDate=2026%2F09%2F29&k_raceNo=1
2026-09-29 14:00:20,14:00,2026-09-29,funabashi,1,30,三連複,2-8-10,40.8,40.8,19,https://www.keiba.go.jp/KeibaWeb/TodayRaceInfo/Odds3LenFuku?k_babaCode=19&k_raceDate=2026%2F09%2F29&k_raceNo=1
2026-09-29 14:00:20,14:00,2026-09-29,funabashi,1,30,三連複,2-8-11,25.5,25.5,8,https://www.keiba.go.jp/KeibaWeb/TodayRaceInfo/Odds3LenFuku?k_babaCode=19&k_raceDate=2026%2F09%2F29&k_raceNo=1
2026-09-29 14:00:20,14:00,2026-09-29,funabashi,1,30,三連複,2-8-12,414.2,414.2,105,https://www.keiba.go.jp/KeibaWeb/TodayRaceInfo/Odds3LenFuku?k_babaCode=19&k_raceDate=2026%2F09%2F29&k_raceNo=1
2026-09-29 14:00:20,14:00,2026-09-29,funabashi,1,30,三連複,2-8-9,38.4,38.4,18,https://www.keiba.go.jp/KeibaWeb/TodayRaceInfo/Odds3LenFuku?k_babaCode=19&k_raceDate=2026%2F09%2F29&k_raceNo=1
2026-09-29 14:00:20,14:00,2026-09-29,funabashi,1,30,三連複,2-9-10,613.7,613.7,130,https://www.keiba.go.jp/KeibaWeb/TodayRaceInfo/Odds3LenFuku?k_babaCode=19&k_raceDate=2026%2F09%2F29&k_raceNo=1
2026-09-29 14:00:20,14:00,2026-09-29,funabashi,1,30,三連複,2-9-11,276.1,276.1,75,https://www.keiba.go.jp/KeibaWeb/TodayRaceInfo/Odds3LenFuku?k_babaCode=19&k_raceDate=2026%2F09%2F29&k_raceNo=1
2026-09-29 14:00:20,14:00,2026-09-29,funabashi,1,30,三連複,2-9-12,3314.2,3314.2,208,https://www.keiba.go.jp/KeibaWeb/TodayRaceInfo/Odds3LenFuku?k_babaCode=19&k_raceDate=2026%2F09%2F29&k_raceNo=1
2026-09-29 14:00:20,14:00,2026-09-29,funabashi,1,30,三連複,3-10-11,3314.2,3314.2,208,https://www.keiba.go.jp/KeibaWeb/TodayRaceInfo/Odds3LenFuku?k_babaCode=19&k_raceDate=2026%2F09%2F29&k_raceNo=1
2026-09-29 14:00:20,14:00,2026-09-29,funabashi,1,30,三連複,3-10-12,2367.3,2367.3,195,https://www.keiba.go.jp/KeibaWeb/TodayRaceInfo/Odds3LenFuku?k_babaCode=19&k_raceDate=2026%2F09%2F29&k_raceNo=1
2026-09-29 14:00:20,14:00,2026-09-29,funabashi,1,30,三連複,3-11-12,1657.1,1657.1,177,https://www.keiba.go.jp/KeibaWeb/TodayRaceInfo/Odds3LenFuku?k_babaCode=19&k_raceDate=2026%2F09%2F29&k_raceNo=1
2026-09-29 14:00:20,14:00,2026-09-29,funabashi,1,30,三連複,3-4-10,2071.4,2071.4,191,https://www.keiba.go.jp/KeibaWeb/TodayRaceInfo/Odds3LenFuku?k_babaCode=19&k_raceDate=2026%2F09%2F29&k_raceNo=1
2026-09-29 14:00:20,14:00,2026-09-29,funabashi,1,30,三連複,3-4-11,1380.9,1380.9,169,https://www.keiba.go.jp/KeibaWeb/TodayRaceInfo/Odds3LenFuku?k_babaCode=19&k_raceDate=2026%2F09%2F29&k_raceNo=1
2026-09-29 14:00:20,14:00,2026-09-29,funabashi,1,30,三連複,3-4-12,8285.6,8285.6,215,https://www.keiba.go.jp/KeibaWeb/TodayRaceInfo/Odds3LenFuku?k_babaCode=19&k_raceDate=2026%2F09%2F29&k_raceNo=1
2026-09-29 14:00:20,14:00,2026-09-29,funabashi,1,30,三連複,3-4-5,2367.3,2367.3,195,https://www.keiba.go.jp/KeibaWeb/TodayRaceInfo/Odds3LenFuku?k_babaCode=19&k_raceDate=2026%2F09%2F29&k_raceNo=1
2026-09-29 14:00:20,14:00,2026-09-29,funabashi,1,30,三連複,3-4-6,1274.7,1274.7,163,https://www.keiba.go.jp/KeibaWeb/TodayRaceInfo/Odds3LenFuku?k_babaCode=19&k_raceDate=2026%2F09%2F29&k_raceNo=1
2026-09-29 14:00:20,14:00,2026-09-29,funabashi,1,30,三連複,3-4-7,571.4,571.4,127,https://www.keiba.go.jp/KeibaWeb/TodayRaceInfo/Odds3LenFuku?k_babaCode=19&k_raceDate=2026%2F09%2F29&k_raceNo=1
2026-09-29 14:00:20,14:00,2026-09-29,funabashi,1,30,三連複,3-4-8,385.3,385.3,97,https://www.keiba.go.jp/KeibaWeb/TodayRaceInfo/Odds3LenFuku?k_babaCode=19&k_raceDate=2026%2F09%2F29&k_raceNo=1
2026-09-29 14:00:20,14:00,2026-09-29,funabashi,1,30,三連複,3-4-9,1380.9,1380.9,169,https://www.keiba.go.jp/KeibaWeb/TodayRaceInfo/Odds3LenFuku?k_babaCode=19&k_raceDate=2026%2F09%2F29&k_raceNo=1
2026-09-29 14:00:20,14:00,2026-09-29,funabashi,1,30,三連複,3-5-10,1657.1,1657.1,177,https://www.keiba.go.jp/KeibaWeb/TodayRaceInfo/Odds3LenFuku?k_babaCode=19&k_raceDate=2026%2F09%2F29&k_raceNo=1
2026-09-29 14:00:20,14:00,2026-09-29,funabashi,1,30,三連複,3-5-11,1506.4,1506.4,171,https://www.keiba.go.jp/KeibaWeb/TodayRaceInfo/Odds3LenFuku?k_babaCode=19&k_raceDate=2026%2F09%2F29&k_raceNo=1
2026-09-29 14:00:20,14:00,2026-09-29,funabashi,1,30,三連複,3-5-12,16571.3,16571.3,219,https://www.keiba.go.jp/KeibaWeb/TodayRaceInfo/Odds3LenFuku?k_babaCode=19&k_raceDate=2026%2F09%2F29&k_raceNo=1
2026-09-29 14:00:20,14:00,2026-09-29,funabashi,1,30,三連複,3-5-6,473.4,473.4,117,https://www.keiba.go.jp/KeibaWeb/TodayRaceInfo/Odds3LenFuku?k_babaCode=19&k_raceDate=2026%2F09%2F29&k_raceNo=1
2026-09-29 14:00:20,14:00,2026-09-29,funabashi,1,30,三連複,3-5-7,1104.7,1104.7,155,https://www.keiba.go.jp/KeibaWeb/TodayRaceInfo/Odds3LenFuku?k_babaCode=19&k_raceDate=2026%2F09%2F29&k_raceNo=1
2026-09-29 14:00:20,14:00,2026-09-29,funabashi,1,30,三連複,3-5-8,338.1,338.1,90,https://www.keiba.go.jp/KeibaWeb/TodayRaceInfo/Odds3LenFuku?k_babaCode=19&k_raceDate=2026%2F09%2F29&k_raceNo=1
2026-09-29 14:00:20,14:00,2026-09-29,funabashi,1,30,三連複,3-5-9,1506.4,1506.4,171,https://www.keiba.go.jp/KeibaWeb/TodayRaceInfo/Odds3LenFuku?k_babaCode=19&k_raceDate=2026%2F09%2F29&k_raceNo=1
2026-09-29 14:00:20,14:00,2026-09-29,funabashi,1,30,三連複,3-6-10,1657.1,1657.1,177,https://www.keiba.go.jp/KeibaWeb/TodayRaceInfo/Odds3LenFuku?k_babaCode=19&k_raceDate=2026%2F09%2F29&k_raceNo=1
2026-09-29 14:00:20,14:00,2026-09-29,funabashi,1,30,三連複,3-6-11,720.4,720.4,136,https://www.keiba.go.jp/KeibaWeb/TodayRaceInfo/Odds3LenFuku?k_babaCode=19&k_raceDate=2026%2F09%2F29&k_raceNo=1
2026-09-29 14:00:20,14:00,2026-09-29,funabashi,1,30,三連複,3-6-12,4142.8,4142.8,211,https://www.keiba.go.jp/KeibaWeb/TodayRaceInfo/Odds3LenFuku?k_babaCode=19&k_raceDate=2026%2F09%2F29&k_raceNo=1
2026-09-29 14:00:20,14:00,2026-09-29,funabashi,1,30,三連複,3-6-7,613.7,613.7,130,https://www.keiba.go.jp/KeibaWeb/TodayRaceInfo/Odds3LenFuku?k_babaCode=19&k_raceDate=2026%2F09%2F29&k_raceNo=1
2026-09-29 14:00:20,14:00,2026-09-29,funabashi,1,30,三連複,3-6-8,240.1,240.1,63,https://www.keiba.go.jp/KeibaWeb/TodayRaceInfo/Odds3LenFuku?k_babaCode=19&k_raceDate=2026%2F09%2F29&k_raceNo=1
2026-09-29 14:00:20,14:00,2026-09-29,funabashi,1,30,三連複,3-6-9,404.1,404.1,103,https://www.keiba.go.jp/KeibaWeb/TodayRaceInfo/Odds3LenFuku?k_babaCode=19&k_raceDate=2026%2F09%2F29&k_raceNo=1
2026-09-29 14:00:20,14:00,2026-09-29,funabashi,1,30,三連複,3-7-10,2761.8,2761.8,204,https://www.keiba.go.jp/KeibaWeb/TodayRaceInfo/Odds3LenFuku?k_babaCode=19&k_raceDate=2026%2F09%2F29&k_raceNo=1
2026-09-29 14:00:20,14:00,2026-09-29,funabashi,1,30,三連複,3-7-11,1841.2,1841.2,186,https://www.keiba.go.jp/KeibaWeb/TodayRaceInfo/Odds3LenFuku?k_babaCode=19&k_raceDate=2026%2F09%2F29&k_raceNo=1
2026-09-29 14:00:20,14:00,2026-09-29,funabashi,1,30,三連複,3-7-12,2367.3,2367.3,195,https://www.keiba.go.jp/KeibaWeb/TodayRaceInfo/Odds3LenFuku?k_babaCode=19&k_raceDate=2026%2F09%2F29&k_raceNo=1
2026-09-29 14:00:20,14:00,2026-09-29,funabashi,1,30,三連複,3-7-8,280.8,280.8,76,https://www.keiba.go.jp/KeibaWeb/TodayRaceInfo/Odds3LenFuku?k_babaCode=19&k_raceDate=2026%2F09%2F29&k_raceNo=1
2026-09-29 14:00:20,14:00,2026-09-29,funabashi,1,30,三連複,3-7-9,502.1,502.1,122,https://www.keiba.go.jp/KeibaWeb/TodayRaceInfo/Odds3LenFuku?k_babaCode=19&k_raceDate=2026%2F09%2F29&k_raceNo=1
2026-09-29 14:00:20,14:00,2026-09-29,funabashi,1,30,三連複,3-8-10,487.3,487.3,120,https://www.keiba.go.jp/KeibaWeb/TodayRaceInfo/Odds3LenFuku?k_babaCode=19&k_raceDate=2026%2F09%2F29&k_raceNo=1
2026-09-29 14:00:20,14:00,2026-09-29,funabashi,1,30,三連複,3-8-11,312.6,312.6,86,https://www.keiba.go.jp/KeibaWeb/TodayRaceInfo/Odds3LenFuku?k_babaCode=19&k_raceDate=2026%2F09%2F29&k_raceNo=1
2026-09-29 14:00:20,14:00,2026-09-29,funabashi,1,30,三連複,3-8-12,1657.1,1657.1,177,https://www.keiba.go.jp/KeibaWeb/TodayRaceInfo/Odds3LenFuku?k_babaCode=19&k_raceDate=2026%2F09%2F29&k_raceNo=1
2026-09-29 14:00:20,14:00,2026-09-29,funabashi,1,30,三連複,3-8-9,345.2,345.2,91,https://www.keiba.go.jp/KeibaWeb/TodayRaceInfo/Odds3LenFuku?k_babaCode=19&k_raceDate=2026%2F09%2F29&k_raceNo=1
2026-09-29 14:00:20,14:00,2026-09-29,funabashi,1,30,三連複,3-9-10,2367.3,2367.3,195,https://www.keiba.go.jp/KeibaWeb/TodayRaceInfo/Odds3LenFuku?k_babaCode=19&k_raceDate=2026%2F09%2F29&k_raceNo=1
2026-09-29 14:00:20,14:00,2026-09-29,funabashi,1,30,三連複,3-9-11,1274.7,1274.7,163,https://www.keiba.go.jp/KeibaWeb/TodayRaceInfo/Odds3LenFuku?k_babaCode=19&k_raceDate=2026%2F09%2F29&k_raceNo=1
2026-09-29 14:00:20,14:00,2026-09-29,funabashi,1,30,三連複,3-9-12,8285.6,8285.6,215,https://www.keiba.go.jp/KeibaWeb/TodayRaceInfo/Odds3LenFuku?k_babaCode=19&k_raceDate=2026%2F09%2F29&k_raceNo=1
2026-09-29 14:00:20,14:00,2026-09-29,funabashi,1,30,三連複,4-10-11,295.9,295.9,81,https://www.keiba.go.jp/KeibaWeb/TodayRaceInfo/Odds3LenFuku?k_babaCode=19&k_raceDate=2026%2F09%2F29&k_raceNo=1
2026-09-29 14:00:20,14:00,2026-09-29,funabashi,1,30,三連複,4-10-12,1183.6,1183.6,158,https://www.keiba.go.jp/KeibaWeb/TodayRaceInfo/Odds3LenFuku?k_babaCode=19&k_raceDate=2026%2F09%2F29&k_raceNo=1
2026-09-29 14:00:20,14:00,2026-09-29,funabashi,1,30,三連複,4-11-12,1183.6,1183.6,158,https://www.keiba.go.jp/KeibaWeb/TodayRaceInfo/Odds3LenFuku?k_babaCode=19&k_raceDate=2026%2F09%2F29&k_raceNo=1
2026-09-29 14:00:20,14:00,2026-09-29,funabashi,1,30,三連複,4-5-10,502.1,502.1,122,https://www.keiba.go.jp/KeibaWeb/TodayRaceInfo/Odds3LenFuku?k_babaCode=19&k_raceDate=2026%2F09%2F29&k_raceNo=1
2026-09-29 14:00:20,14:00,2026-09-29,funabashi,1,30,三連複,4-5-11,227.0,227.0,60,https://www.keiba.go.jp/KeibaWeb/TodayRaceInfo/Odds3LenFuku?k_babaCode=19&k_raceDate=2026%2F09%2F29&k_raceNo=1
2026-09-29 14:00:20,14:00,2026-09-29,funabashi,1,30,三連複,4-5-12,2367.3,2367.3,195,https://www.keiba.go.jp/KeibaWeb/TodayRaceInfo/Odds3LenFuku?k_babaCode=19&k_raceDate=2026%2F09%2F29&k_raceNo=1
2026-09-29 14:00:20,14:00,2026-09-29,funabashi,1,30,三連複,4-5-6,120.0,120.0,38,https://www.keiba.go.jp/KeibaWeb/TodayRaceInfo/Odds3LenFuku?k_babaCode=19&k_raceDate=2026%2F09%2F29&k_raceNo=1
2026-09-29 14:00:20,14:00,2026-09-29,funabashi,1,30,三連複,4-5-7,157.8,157.8,48,https://www.keiba.go.jp/KeibaWeb/TodayRaceInfo/Odds3LenFuku?k_babaCode=19&k_raceDate=2026%2F09%2F29&k_raceNo=1
2026-09-29 14:00:20,14:00,2026-09-29,funabashi,1,30,三連複,4-5-8,31.9,31.9,13,https://www.keiba.go.jp/KeibaWeb/TodayRaceInfo/Odds3LenFuku?k_babaCode=19&k_raceDate=2026%2F09%2F29&k_raceNo=1
2026-09-29 14:00:20,14:00,2026-09-29,funabashi,1,30,三連複,4-5-9,280.8,280.8,76,https://www.keiba.go.jp/KeibaWeb/TodayRaceInfo/Odds3LenFuku?k_babaCode=19&k_raceDate=2026%2F09%2F29&k_raceNo=1
2026-09-29 14:00:20,14:00,2026-09-29,funabashi,1,30,三連複,4-6-10,258.9,258.9,67,https://www.keiba.go.jp/KeibaWeb/TodayRaceInfo/Odds3LenFuku?k_babaCode=19&k_raceDate=2026%2F09%2F29&k_raceNo=1
2026-09-29 14:00:20,14:00,2026-09-29,funabashi,1,30,三連複,4-6-11,145.3,145.3,44,https://www.keiba.go.jp/KeibaWeb/TodayRaceInfo/Odds3LenFuku?k_babaCode=19&k_raceDate=2026%2F09%2F29&k_raceNo=1
2026-09-29 14:00:20,14:00,2026-09-29,funabashi,1,30,三連複,4-6-12,872.1,872.1,144,https://www.keiba.go.jp/KeibaWeb/TodayRaceInfo/Odds3LenFuku?k_babaCode=19&k_raceDate=2026%2F09%2F29&k_raceNo=1
2026-09-29 14:00:20,14:00,2026-09-29,funabashi,1,30,三連複,4-6-7,108.3,108.3,35,https://www.keiba.go.jp/KeibaWeb/TodayRaceInfo/Odds3LenFuku?k_babaCode=19&k_raceDate=2026%2F09%2F29&k_raceNo=1
2026-09-29 14:00:20,14:00,2026-09-29,funabashi,1,30,三連複,4-6-8,25.3,25.3,7,https://www.keiba.go.jp/KeibaWeb/TodayRaceInfo/Odds3LenFuku?k_babaCode=19&k_raceDate=2026%2F09%2F29&k_raceNo=1
2026-09-29 14:00:20,14:00,2026-09-29,funabashi,1,30,三連複,4-6-9,254.9,254.9,66,https://www.keiba.go.jp/KeibaWeb/TodayRaceInfo/Odds3LenFuku?k_babaCode=19&k_raceDate=2026%2F09%2F29&k_raceNo=1
2026-09-29 14:00:20,14:00,2026-09-29,funabashi,1,30,三連複,4-7-10,385.3,385.3,97,https://www.keiba.go.jp/KeibaWeb/TodayRaceInfo/Odds3LenFuku?k_babaCode=19&k_raceDate=2026%2F09%2F29&k_raceNo=1
2026-09-29 14:00:20,14:00,2026-09-29,funabashi,1,30,三連複,4-7-11,154.8,154.8,47,https://www.keiba.go.jp/KeibaWeb/TodayRaceInfo/Odds3LenFuku?k_babaCode=19&k_raceDate=2026%2F09%2F29&k_raceNo=1
2026-09-29 14:00:20,14:00,2026-09-29,funabashi,1,30,三連複,4-7-12,974.7,974.7,151,https://www.keiba.go.jp/KeibaWeb/TodayRaceInfo/Odds3LenFuku?k_babaCode=19&k_raceDate=2026%2F09%2F29&k_raceNo=1
2026-09-29 14:00:20,14:00,2026-09-29,funabashi,1,30,三連複,4-7-8,41.4,41.4,20,https://www.keiba.go.jp/KeibaWeb/TodayRaceInfo/Odds3LenFuku?k_babaCode=19&k_raceDate=2026%2F09%2F29&k_raceNo=1
2026-09-29 14:00:20,14:00,2026-09-29,funabashi,1,30,三連複,4-7-9,190.4,190.4,53,https://www.keiba.go.jp/KeibaWeb/TodayRaceInfo/Odds3LenFuku?k_babaCode=19&k_raceDate=2026%2F09%2F29&k_raceNo=1
2026-09-29 14:00:20,14:00,2026-09-29,funabashi,1,30,三連複,4-8-10,58.1,58.1,27,https://www.keiba.go.jp/KeibaWeb/TodayRaceInfo/Odds3LenFuku?k_babaCode=19&k_raceDate=2026%2F09%2F29&k_raceNo=1
2026-09-29 14:00:20,14:00,2026-09-29,funabashi,1,30,三連複,4-8-11,32.1,32.1,14,https://www.keiba.go.jp/KeibaWeb/TodayRaceInfo/Odds3LenFuku?k_babaCode=19&k_raceDate=2026%2F09%2F29&k_raceNo=1
2026-09-29 14:00:20,14:00,2026-09-29,funabashi,1,30,三連複,4-8-12,368.2,368.2,94,https://www.keiba.go.jp/KeibaWeb/TodayRaceInfo/Odds3LenFuku?k_babaCode=19&k_raceDate=2026%2F09%2F29&k_raceNo=1
2026-09-29 14:00:20,14:00,2026-09-29,funabashi,1,30,三連複,4-8-9,46.4,46.4,22,https://www.keiba.go.jp/KeibaWeb/TodayRaceInfo/Odds3LenFuku?k_babaCode=19&k_raceDate=2026%2F09%2F29&k_raceNo=1
2026-09-29 14:00:20,14:00,2026-09-29,funabashi,1,30,三連複,4-9-10,920.6,920.6,147,https://www.keiba.go.jp/KeibaWeb/TodayRaceInfo/Odds3LenFuku?k_babaCode=19&k_raceDate=2026%2F09%2F29&k_raceNo=1
2026-09-29 14:00:20,14:00,2026-09-29,funabashi,1,30,三連複,4-9-11,263.0,263.0,70,https://www.keiba.go.jp/KeibaWeb/TodayRaceInfo/Odds3LenFuku?k_babaCode=19&k_raceDate=2026%2F09%2F29&k_raceNo=1
2026-09-29 14:00:20,14:00,2026-09-29,funabashi,1,30,三連複,4-9-12,2367.3,2367.3,195,https://www.keiba.go.jp/KeibaWeb/TodayRaceInfo/Odds3LenFuku?k_babaCode=19&k_raceDate=2026%2F09%2F29&k_raceNo=1
2026-09-29 14:00:20,14:00,2026-09-29,funabashi,1,30,三連複,5-10-11,424.9,424.9,107,https://www.keiba.go.jp/KeibaWeb/TodayRaceInfo/Odds3LenFuku?k_babaCode=19&k_raceDate=2026%2F09%2F29&k_raceNo=1
2026-09-29 14:00:20,14:00,2026-09-29,funabashi,1,30,三連複,5-10-12,2071.4,2071.4,191,https://www.keiba.go.jp/KeibaWeb/TodayRaceInfo/Odds3LenFuku?k_babaCode=19&k_raceDate=2026%2F09%2F29&k_raceNo=1
2026-09-29 14:00:20,14:00,2026-09-29,funabashi,1,30,三連複,5-11-12,1841.2,1841.2,186,https://www.keiba.go.jp/KeibaWeb/TodayRaceInfo/Odds3LenFuku?k_babaCode=19&k_raceDate=2026%2F09%2F29&k_raceNo=1
2026-09-29 14:00:20,14:00,2026-09-29,funabashi,1,30,三連複,5-6-10,271.6,271.6,73,https://www.keiba.go.jp/KeibaWeb/TodayRaceInfo/Odds3LenFuku?k_babaCode=19&k_raceDate=2026%2F09%2F29&k_raceNo=1
2026-09-29 14:00:20,14:00,2026-09-29,funabashi,1,30,三連複,5-6-11,136.9,136.9,40,https://www.keiba.go.jp/KeibaWeb/TodayRaceInfo/Odds3LenFuku?k_babaCode=19&k_raceDate=2026%2F09%2F29&k_raceNo=1
2026-09-29 14:00:20,14:00,2026-09-29,funabashi,1,30,三連複,5-6-12,1274.7,1274.7,163,https://www.keiba.go.jp/KeibaWeb/TodayRaceInfo/Odds3LenFuku?k_babaCode=19&k_raceDate=2026%2F09%2F29&k_raceNo=1
2026-09-29 14:00:20,14:00,2026-09-29,funabashi,1,30,三連複,5-6-7,136.9,136.9,40,https://www.keiba.go.jp/KeibaWeb/TodayRaceInfo/Odds3LenFuku?k_babaCode=19&k_raceDate=2026%2F09%2F29&k_raceNo=1
2026-09-29 14:00:20,14:00,2026-09-29,funabashi,1,30,三連複,5-6-8,24.4,24.4,6,https://www.keiba.go.jp/KeibaWeb/TodayRaceInfo/Odds3LenFuku?k_babaCode=19&k_raceDate=2026%2F09%2F29&k_raceNo=1
2026-09-29 14:00:20,14:00,2026-09-29,funabashi,1,30,三連複,5-6-9,263.0,263.0,70,https://www.keiba.go.jp/KeibaWeb/TodayRaceInfo/Odds3LenFuku?k_babaCode=19&k_raceDate=2026%2F09%2F29&k_raceNo=1
2026-09-29 14:00:20,14:00,2026-09-29,funabashi,1,30,三連複,5-7-10,312.6,312.6,86,https://www.keiba.go.jp/KeibaWeb/TodayRaceInfo/Odds3LenFuku?k_babaCode=19&k_raceDate=2026%2F09%2F29&k_raceNo=1
2026-09-29 14:00:20,14:00,2026-09-29,funabashi,1,30,三連複,5-7-11,190.4,190.4,53,https://www.keiba.go.jp/KeibaWeb/TodayRaceInfo/Odds3LenFuku?k_babaCode=19&k_raceDate=2026%2F09%2F29&k_raceNo=1
2026-09-29 14:00:20,14:00,2026-09-29,funabashi,1,30,三連複,5-7-12,2071.4,2071.4,191,https://www.keiba.go.jp/KeibaWeb/TodayRaceInfo/Odds3LenFuku?k_babaCode=19&k_raceDate=2026%2F09%2F29&k_raceNo=1
2026-09-29 14:00:20,14:00,2026-09-29,funabashi,1,30,三連複,5-7-8,48.8,48.8,25,https://www.keiba.go.jp/KeibaWeb/TodayRaceInfo/Odds3LenFuku?k_babaCode=19&k_raceDate=2026%2F09%2F29&k_raceNo=1
2026-09-29 14:00:20,14:00,2026-09-29,funabashi,1,30,三連複,5-7-9,352.5,352.5,92,https://www.keiba.go.jp/KeibaWeb/TodayRaceInfo/Odds3LenFuku?k_babaCode=19&k_raceDate=2026%2F09%2F29&k_raceNo=1
2026-09-29 14:00:20,14:00,2026-09-29,funabashi,1,30,三連複,5-8-10,44.9,44.9,21,https://www.keiba.go.jp/KeibaWeb/TodayRaceInfo/Odds3LenFuku?k_babaCode=19&k_raceDate=2026%2F09%2F29&k_raceNo=1
2026-09-29 14:00:20,14:00,2026-09-29,funabashi,1,30,三連複,5-8-11,26.7,26.7,9,https://www.keiba.go.jp/KeibaWeb/TodayRaceInfo/Odds3LenFuku?k_babaCode=19&k_raceDate=2026%2F09%2F29&k_raceNo=1
2026-09-29 14:00:20,14:00,2026-09-29,funabashi,1,30,三連複,5-8-12,424.9,424.9,107,https://www.keiba.go.jp/KeibaWeb/TodayRaceInfo/Odds3LenFuku?k_babaCode=19&k_raceDate=2026%2F09%2F29&k_raceNo=1
2026-09-29 14:00:20,14:00,2026-09-29,funabashi,1,30,三連複,5-8-9,36.2,36.2,15,https://www.keiba.go.jp/KeibaWeb/TodayRaceInfo/Odds3LenFuku?k_babaCode=19&k_raceDate=2026%2F09%2F29&k_raceNo=1
2026-09-29 14:00:20,14:00,2026-09-29,funabashi,1,30,三連複,5-9-10,690.4,690.4,135,https://www.keiba.go.jp/KeibaWeb/TodayRaceInfo/Odds3LenFuku?k_babaCode=19&k_raceDate=2026%2F09%2F29&k_raceNo=1
2026-09-29 14:00:20,14:00,2026-09-29,funabashi,1,30,三連複,5-9-11,312.6,312.6,86,https://www.keiba.go.jp/KeibaWeb/TodayRaceInfo/Odds3LenFuku?k_babaCode=19&k_raceDate=2026%2F09%2F29&k_raceNo=1
2026-09-29 14:00:20,14:00,2026-09-29,funabashi,1,30,三連複,5-9-12,4142.8,4142.8,211,https://www.keiba.go.jp/KeibaWeb/TodayRaceInfo/Odds3LenFuku?k_babaCode=19&k_raceDate=2026%2F09%2F29&k_raceNo=1
2026-09-29 14:00:20,14:00,2026-09-29,funabashi,1,30,三連複,6-10-11,190.4,190.4,53,https://www.keiba.go.jp/KeibaWeb/TodayRaceInfo/Odds3LenFuku?k_babaCode=19&k_raceDate=2026%2F09%2F29&k_raceNo=1
2026-09-29 14:00:20,14:00,2026-09-29,funabashi,1,30,三連複,6-10-12,1104.7,1104.7,155,https://www.keiba.go.jp/KeibaWeb/TodayRaceInfo/Odds3LenFuku?k_babaCode=19&k_raceDate=2026%2F09%2F29&k_raceNo=1
2026-09-29 14:00:20,14:00,2026-09-29,funabashi,1,30,三連複,6-11-12,753.2,753.2,139,https://www.keiba.go.jp/KeibaWeb/TodayRaceInfo/Odds3LenFuku?k_babaCode=19&k_raceDate=2026%2F09%2F29&k_raceNo=1
2026-09-29 14:00:20,14:00,2026-09-29,funabashi,1,30,三連複,6-7-10,263.0,263.0,70,https://www.keiba.go.jp/KeibaWeb/TodayRaceInfo/Odds3LenFuku?k_babaCode=19&k_raceDate=2026%2F09%2F29&k_raceNo=1
2026-09-29 14:00:20,14:00,2026-09-29,funabashi,1,30,三連複,6-7-11,104.8,104.8,33,https://www.keiba.go.jp/KeibaWeb/TodayRaceInfo/Odds3LenFuku?k_babaCode=19&k_raceDate=2026%2F09%2F29&k_raceNo=1
2026-09-29 14:00:20,14:00,2026-09-29,funabashi,1,30,三連複,6-7-12,974.7,974.7,151,https://www.keiba.go.jp/KeibaWeb/TodayRaceInfo/Odds3LenFuku?k_babaCode=19&k_raceDate=2026%2F09%2F29&k_raceNo=1
2026-09-29 14:00:20,14:00,2026-09-29,funabashi,1,30,三連複,6-7-8,17.8,17.8,2,https://www.keiba.go.jp/KeibaWeb/TodayRaceInfo/Odds3LenFuku?k_babaCode=19&k_raceDate=2026%2F09%2F29&k_raceNo=1
2026-09-29 14:00:20,14:00,2026-09-29,funabashi,1,30,三連複,6-7-9,138.0,138.0,42,https://www.keiba.go.jp/KeibaWeb/TodayRaceInfo/Odds3LenFuku?k_babaCode=19&k_raceDate=2026%2F09%2F29&k_raceNo=1
2026-09-29 14:00:20,14:00,2026-09-29,funabashi,1,30,三連複,6-8-10,37.4,37.4,17,https://www.keiba.go.jp/KeibaWeb/TodayRaceInfo/Odds3LenFuku?k_babaCode=19&k_raceDate=2026%2F09%2F29&k_raceNo=1
2026-09-29 14:00:20,14:00,2026-09-29,funabashi,1,30,三連複,6-8-11,16.8,16.8,1,https://www.keiba.go.jp/KeibaWeb/TodayRaceInfo/Odds3LenFuku?k_babaCode=19&k_raceDate=2026%2F09%2F29&k_raceNo=1
2026-09-29 14:00:20,14:00,2026-09-29,funabashi,1,30,三連複,6-8-12,376.6,376.6,95,https://www.keiba.go.jp/KeibaWeb/TodayRaceInfo/Odds3LenFuku?k_babaCode=19&k_raceDate=2026%2F09%2F29&k_raceNo=1
2026-09-29 14:00:20,14:00,2026-09-29,funabashi,1,30,三連複,6-8-9,24.0,24.0,5,https://www.keiba.go.jp/KeibaWeb/TodayRaceInfo/Odds3LenFuku?k_babaCode=19&k_raceDate=2026%2F09%2F29&k_raceNo=1
2026-09-29 14:00:20,14:00,2026-09-29,funabashi,1,30,三連複,6-9-10,331.4,331.4,89,https://www.keiba.go.jp/KeibaWeb/TodayRaceInfo/Odds3LenFuku?k_babaCode=19&k_raceDate=2026%2F09%2F29&k_raceNo=1
2026-09-29 14:00:20,14:00,2026-09-29,funabashi,1,30,三連複,6-9-11,150.6,150.6,45,https://www.keiba.go.jp/KeibaWeb/TodayRaceInfo/Odds3LenFuku?k_babaCode=19&k_raceDate=2026%2F09%2F29&k_raceNo=1
2026-09-29 14:00:20,14:00,2026-09-29,funabashi,1,30,三連複,6-9-12,2367.3,2367.3,195,https://www.keiba.go.jp/KeibaWeb/TodayRaceInfo/Odds3LenFuku?k_babaCode=19&k_raceDate=2026%2F09%2F29&k_raceNo=1
2026-09-29 14:00:20,14:00,2026-09-29,funabashi,1,30,三連複,7-10-11,285.7,285.7,78,https://www.keiba.go.jp/KeibaWeb/TodayRaceInfo/Odds3LenFuku?k_babaCode=19&k_raceDate=2026%2F09%2F29&k_raceNo=1
2026-09-29 14:00:20,14:00,2026-09-29,funabashi,1,30,三連複,7-10-12,1657.1,1657.1,177,https://www.keiba.go.jp/KeibaWeb/TodayRaceInfo/Odds3LenFuku?k_babaCode=19&k_raceDate=2026%2F09%2F29&k_raceNo=1
2026-09-29 14:00:20,14:00,2026-09-29,funabashi,1,30,三連複,7-11-12,1274.7,1274.7,163,https://www.keiba.go.jp/KeibaWeb/TodayRaceInfo/Odds3LenFuku?k_babaCode=19&k_raceDate=2026%2F09%2F29&k_raceNo=1
2026-09-29 14:00:20,14:00,2026-09-29,funabashi,1,30,三連複,7-8-10,79.2,79.2,30,https://www.keiba.go.jp/KeibaWeb/TodayRaceInfo/Odds3LenFuku?k_babaCode=19&k_raceDate=2026%2F09%2F29&k_raceNo=1
2026-09-29 14:00:20,14:00,2026-09-29,funabashi,1,30,三連複,7-8-11,28.0,28.0,10,https://www.keiba.go.jp/KeibaWeb/TodayRaceInfo/Odds3LenFuku?k_babaCode=19&k_raceDate=2026%2F09%2F29&k_raceNo=1
2026-09-29 14:00:20,14:00,2026-09-29,funabashi,1,30,三連複,7-8-12,517.8,517.8,124,https://www.keiba.go.jp/KeibaWeb/TodayRaceInfo/Odds3LenFuku?k_babaCode=19&k_raceDate=2026%2F09%2F29&k_raceNo=1
2026-09-29 14:00:20,14:00,2026-09-29,funabashi,1,30,三連複,7-8-9,36.9,36.9,16,https://www.keiba.go.jp/KeibaWeb/TodayRaceInfo/Odds3LenFuku?k_babaCode=19&k_raceDate=2026%2F09%2F29&k_raceNo=1
2026-09-29 14:00:20,14:00,2026-09-29,funabashi,1,30,三連複,7-9-10,385.3,385.3,97,https://www.keiba.go.jp/KeibaWeb/TodayRaceInfo/Odds3LenFuku?k_babaCode=19&k_raceDate=2026%2F09%2F29&k_raceNo=1
2026-09-29 14:00:20,14:00,2026-09-29,funabashi,1,30,三連複,7-9-11,186.1,186.1,51,https://www.keiba.go.jp/KeibaWeb/TodayRaceInfo/Odds3LenFuku?k_babaCode=19&k_raceDate=2026%2F09%2F29&k_raceNo=1
2026-09-29 14:00:20,14:00,2026-09-29,funabashi,1,30,三連複,7-9-12,1506.4,1506.4,171,https://www.keiba.go.jp/KeibaWeb/TodayRaceInfo/Odds3LenFuku?k_babaCode=19&k_raceDate=2026%2F09%2F29&k_raceNo=1
2026-09-29 14:00:20,14:00,2026-09-29,funabashi,1,30,三連複,8-10-11,30.4,30.4,12,https://www.keiba.go.jp/KeibaWeb/TodayRaceInfo/Odds3LenFuku?k_babaCode=19&k_raceDate=2026%2F09%2F29&k_raceNo=1
2026-09-29 14:00:20,14:00,2026-09-29,funabashi,1,30,三連複,8-10-12,394.5,394.5,101,https://www.keiba.go.jp/KeibaWeb/TodayRaceInfo/Odds3LenFuku?k_babaCode=19&k_raceDate=2026%2F09%2F29&k_raceNo=1
2026-09-29 14:00:20,14:00,2026-09-29,funabashi,1,30,三連複,8-11-12,301.2,301.2,84,https://www.keiba.go.jp/KeibaWeb/TodayRaceInfo/Odds3LenFuku?k_babaCode=19&k_raceDate=2026%2F09%2F29&k_raceNo=1
2026-09-29 14:00:20,14:00,2026-09-29,funabashi,1,30,三連複,8-9-10,48.4,48.4,24,https://www.keiba.go.jp/KeibaWeb/TodayRaceInfo/Odds3LenFuku?k_babaCode=19&k_raceDate=2026%2F09%2F29&k_raceNo=1
2026-09-29 14:00:20,14:00,2026-09-29,funabashi,1,30,三連複,8-9-11,23.1,23.1,4,https://www.keiba.go.jp/KeibaWeb/TodayRaceInfo/Odds3LenFuku?k_babaCode=19&k_raceDate=2026%2F09%2F29&k_raceNo=1
2026-09-29 14:00:20,14:00,2026-09-29,funabashi,1,30,三連複,8-9-12,473.4,473.4,117,https://www.keiba.go.jp/KeibaWeb/TodayRaceInfo/Odds3LenFuku?k_babaCode=19&k_raceDate=2026%2F09%2F29&k_raceNo=1
2026-09-29 14:00:20,14:00,2026-09-29,funabashi,1,30,三連複,9-10-11,258.9,258.9,67,https://www.keiba.go.jp/KeibaWeb/TodayRaceInfo/Odds3LenFuku?k_babaCode=19&k_raceDate=2026%2F09%2F29&k_raceNo=1
2026-09-29 14:00:20,14:00,2026-09-29,funabashi,1,30,三連複,9-10-12,3314.2,3314.2,208,https://www.keiba.go.jp/KeibaWeb/TodayRaceInfo/Odds3LenFuku?k_babaCode=19&k_raceDate=2026%2F09%2F29&k_raceNo=1
2026-09-29 14:00:20,14:00,2026-09-29,funabashi,1,30,三連複,9-11-12,920.6,920.6,147,https://www.keiba.go.jp/KeibaWeb/TodayRaceInfo/Odds3LenFuku?k_babaCode=19&k_raceDate=2026%2F09%2F29&k_raceNo=1
2026-09-29 14:00:20,14:00,2026-09-29,funabashi,1,30,馬連,1-10,197.7,197.7,44,https://www.keiba.go.jp/KeibaWeb/TodayRaceInfo/OddsUmLenFuku?k_babaCode=19&k_raceDate=2026%2F09%2F29&k_raceNo=1
2026-09-29 14:00:20,14:00,2026-09-29,funabashi,1,30,馬連,1-11,127.4,127.4,41,https://www.keiba.go.jp/KeibaWeb/TodayRaceInfo/OddsUmLenFuku?k_babaCode=19&k_raceDate=2026%2F09%2F29&k_raceNo=1
2026-09-29 14:00:20,14:00,2026-09-29,funabashi,1,30,馬連,1-12,1433.6,1433.6,66,https://www.keiba.go.jp/KeibaWeb/TodayRaceInfo/OddsUmLenFuku?k_babaCode=19&k_raceDate=2026%2F09%2F29&k_raceNo=1
2026-09-29 14:00:20,14:00,2026-09-29,funabashi,1,30,馬連,1-2,409.6,409.6,53,https://www.keiba.go.jp/KeibaWeb/TodayRaceInfo/OddsUmLenFuku?k_babaCode=19&k_raceDate=2026%2F09%2F29&k_raceNo=1
2026-09-29 14:00:20,14:00,2026-09-29,funabashi,1,30,馬連,1-3,409.6,409.6,53,https://www.keiba.go.jp/KeibaWeb/TodayRaceInfo/OddsUmLenFuku?k_babaCode=19&k_raceDate=2026%2F09%2F29&k_raceNo=1
2026-09-29 14:00:20,14:00,2026-09-29,funabashi,1,30,馬連,1-4,119.4,119.4,37,https://www.keiba.go.jp/KeibaWeb/TodayRaceInfo/OddsUmLenFuku?k_babaCode=19&k_raceDate=2026%2F09%2F29&k_raceNo=1
2026-09-29 14:00:20,14:00,2026-09-29,funabashi,1,30,馬連,1-5,179.2,179.2,43,https://www.keiba.go.jp/KeibaWeb/TodayRaceInfo/OddsUmLenFuku?k_babaCode=19&k_raceDate=2026%2F09%2F29&k_raceNo=1
2026-09-29 14:00:20,14:00,2026-09-29,funabashi,1,30,馬連,1-6,130.3,130.3,42,https://www.keiba.go.jp/KeibaWeb/TodayRaceInfo/OddsUmLenFuku?k_babaCode=19&k_raceDate=2026%2F09%2F29&k_raceNo=1
2026-09-29 14:00:20,14:00,2026-09-29,funabashi,1,30,馬連,1-7,260.6,260.6,47,https://www.keiba.go.jp/KeibaWeb/TodayRaceInfo/OddsUmLenFuku?k_babaCode=19&k_raceDate=2026%2F09%2F29&k_raceNo=1
2026-09-29 14:00:20,14:00,2026-09-29,funabashi,1,30,馬連,1-8,31.6,31.6,9,https://www.keiba.go.jp/KeibaWeb/TodayRaceInfo/OddsUmLenFuku?k_babaCode=19&k_raceDate=2026%2F09%2F29&k_raceNo=1
2026-09-29 14:00:20,14:00,2026-09-29,funabashi,1,30,馬連,1-9,102.4,102.4,31,https://www.keiba.go.jp/KeibaWeb/TodayRaceInfo/OddsUmLenFuku?k_babaCode=19&k_raceDate=2026%2F09%2F29&k_raceNo=1
2026-09-29 14:00:20,14:00,2026-09-29,funabashi,1,30,馬連,10-11,95.5,95.5,27,https://www.keiba.go.jp/KeibaWeb/TodayRaceInfo/OddsUmLenFuku?k_babaCode=19&k_raceDate=2026%2F09%2F29&k_raceNo=1
2026-09-29 14:00:20,14:00,2026-09-29,funabashi,1,30,馬連,10-12,637.1,637.1,61,https://www.keiba.go.jp/KeibaWeb/TodayRaceInfo/OddsUmLenFuku?k_babaCode=19&k_raceDate=2026%2F09%2F29&k_raceNo=1
2026-09-29 14:00:20,14:00,2026-09-29,funabashi,1,30,馬連,11-12,477.8,477.8,58,https://www.keiba.go.jp/KeibaWeb/TodayRaceInfo/OddsUmLenFuku?k_babaCode=19&k_raceDate=2026%2F09%2F29&k_raceNo=1
2026-09-29 14:00:20,14:00,2026-09-29,funabashi,1,30,馬連,2-10,102.4,102.4,31,https://www.keiba.go.jp/KeibaWeb/TodayRaceInfo/OddsUmLenFuku?k_babaCode=19&k_raceDate=2026%2F09%2F29&k_raceNo=1
2026-09-29 14:00:20,14:00,2026-09-29,funabashi,1,30,馬連,2-11,78.5,78.5,22,https://www.keiba.go.jp/KeibaWeb/TodayRaceInfo/OddsUmLenFuku?k_babaCode=19&k_raceDate=2026%2F09%2F29&k_raceNo=1
2026-09-29 14:00:20,14:00,2026-09-29,funabashi,1,30,馬連,2-12,819.2,819.2,64,https://www.keiba.go.jp/KeibaWeb/TodayRaceInfo/OddsUmLenFuku?k_babaCode=19&k_raceDate=2026%2F09%2F29&k_raceNo=1
2026-09-29 14:00:20,14:00,2026-09-29,funabashi,1,30,馬連,2-3,318.5,318.5,50,https://www.keiba.go.jp/KeibaWeb/TodayRaceInfo/OddsUmLenFuku?k_babaCode=19&k_raceDate=2026%2F09%2F29&k_raceNo=1
2026-09-29 14:00:20,14:00,2026-09-29,funabashi,1,30,馬連,2-4,100.6,100.6,30,https://www.keiba.go.jp/KeibaWeb/TodayRaceInfo/OddsUmLenFuku?k_babaCode=19&k_raceDate=2026%2F09%2F29&k_raceNo=1
2026-09-29 14:00:20,14:00,2026-09-29,funabashi,1,30,馬連,2-5,72.5,72.5,18,https://www.keiba.go.jp/KeibaWeb/TodayRaceInfo/OddsUmLenFuku?k_babaCode=19&k_raceDate=2026%2F09%2F29&k_raceNo=1
2026-09-29 14:00:20,14:00,2026-09-29,funabashi,1,30,馬連,2-6,56.2,56.2,12,https://www.keiba.go.jp/KeibaWeb/TodayRaceInfo/OddsUmLenFuku?k_babaCode=19&k_raceDate=2026%2F09%2F29&k_raceNo=1
2026-09-29 14:00:20,14:00,2026-09-29,funabashi,1,30,馬連,2-7,114.6,114.6,36,https://www.keiba.go.jp/KeibaWeb/TodayRaceInfo/OddsUmLenFuku?k_babaCode=19&k_raceDate=2026%2F09%2F29&k_raceNo=1
2026-09-29 14:00:20,14:00,2026-09-29,funabashi,1,30,馬連,2-8,6.8,6.8,2,https://www.keiba.go.jp/KeibaWeb/TodayRaceInfo/OddsUmLenFuku?k_babaCode=19&k_raceDate=2026%2F09%2F29&k_raceNo=1
2026-09-29 14:00:20,14:00,2026-09-29,funabashi,1,30,馬連,2-9,124.6,124.6,40,https://www.keiba.go.jp/KeibaWeb/TodayRaceInfo/OddsUmLenFuku?k_babaCode=19&k_raceDate=2026%2F09%2F29&k_raceNo=1
2026-09-29 14:00:20,14:00,2026-09-29,funabashi,1,30,馬連,3-10,637.1,637.1,61,https://www.keiba.go.jp/KeibaWeb/TodayRaceInfo/OddsUmLenFuku?k_babaCode=19&k_raceDate=2026%2F09%2F29&k_raceNo=1
2026-09-29 14:00:20,14:00,2026-09-29,funabashi,1,30,馬連,3-11,337.3,337.3,51,https://www.keiba.go.jp/KeibaWeb/TodayRaceInfo/OddsUmLenFuku?k_babaCode=19&k_raceDate=2026%2F09%2F29&k_raceNo=1
2026-09-29 14:00:20,14:00,2026-09-29,funabashi,1,30,馬連,3-12,716.8,716.8,63,https://www.keiba.go.jp/KeibaWeb/TodayRaceInfo/OddsUmLenFuku?k_babaCode=19&k_raceDate=2026%2F09%2F29&k_raceNo=1
2026-09-29 14:00:20,14:00,2026-09-29,funabashi,1,30,馬連,3-4,409.6,409.6,53,https://www.keiba.go.jp/KeibaWeb/TodayRaceInfo/OddsUmLenFuku?k_babaCode=19&k_raceDate=2026%2F09%2F29&k_raceNo=1
2026-09-29 14:00:20,14:00,2026-09-29,funabashi,1,30,馬連,3-5,409.6,409.6,53,https://www.keiba.go.jp/KeibaWeb/TodayRaceInfo/OddsUmLenFuku?k_babaCode=19&k_raceDate=2026%2F09%2F29&k_raceNo=1
2026-09-29 14:00:20,14:00,2026-09-29,funabashi,1,30,馬連,3-6,409.6,409.6,53,https://www.keiba.go.jp/KeibaWeb/TodayRaceInfo/OddsUmLenFuku?k_babaCode=19&k_raceDate=2026%2F09%2F29&k_raceNo=1
2026-09-29 14:00:20,14:00,2026-09-29,funabashi,1,30,馬連,3-7,286.7,286.7,48,https://www.keiba.go.jp/KeibaWeb/TodayRaceInfo/OddsUmLenFuku?k_babaCode=19&k_raceDate=2026%2F09%2F29&k_raceNo=1
2026-09-29 14:00:20,14:00,2026-09-29,funabashi,1,30,馬連,3-8,91.0,91.0,26,https://www.keiba.go.jp/KeibaWeb/TodayRaceInfo/OddsUmLenFuku?k_babaCode=19&k_raceDate=2026%2F09%2F29&k_raceNo=1
2026-09-29 14:00:20,14:00,2026-09-29,funabashi,1,30,馬連,3-9,220.5,220.5,45,https://www.keiba.go.jp/KeibaWeb/TodayRaceInfo/OddsUmLenFuku?k_babaCode=19&k_raceDate=2026%2F09%2F29&k_raceNo=1
2026-09-29 14:00:20,14:00,2026-09-29,funabashi,1,30,馬連,4-10,97.1,97.1,28,https://www.keiba.go.jp/KeibaWeb/TodayRaceInfo/OddsUmLenFuku?k_babaCode=19&k_raceDate=2026%2F09%2F29&k_raceNo=1
2026-09-29 14:00:20,14:00,2026-09-29,funabashi,1,30,馬連,4-11,57.3,57.3,14,https://www.keiba.go.jp/KeibaWeb/TodayRaceInfo/OddsUmLenFuku?k_babaCode=19&k_raceDate=2026%2F09%2F29&k_raceNo=1
2026-09-29 14:00:20,14:00,2026-09-29,funabashi,1,30,馬連,4-12,521.3,521.3,60,https://www.keiba.go.jp/KeibaWeb/TodayRaceInfo/OddsUmLenFuku?k_babaCode=19&k_raceDate=2026%2F09%2F29&k_raceNo=1
2026-09-29 14:00:20,14:00,2026-09-29,funabashi,1,30,馬連,4-5,56.7,56.7,13,https://www.keiba.go.jp/KeibaWeb/TodayRaceInfo/OddsUmLenFuku?k_babaCode=19&k_raceDate=2026%2F09%2F29&k_raceNo=1
2026-09-29 14:00:20,14:00,2026-09-29,funabashi,1,30,馬連,4-6,51.6,51.6,11,https://www.keiba.go.jp/KeibaWeb/TodayRaceInfo/OddsUmLenFuku?k_babaCode=19&k_raceDate=2026%2F09%2F29&k_raceNo=1
2026-09-29 14:00:20,14:00,2026-09-29,funabashi,1,30,馬連,4-7,67.4,67.4,16,https://www.keiba.go.jp/KeibaWeb/TodayRaceInfo/OddsUmLenFuku?k_babaCode=19&k_raceDate=2026%2F09%2F29&k_raceNo=1
2026-09-29 14:00:20,14:00,2026-09-29,funabashi,1,30,馬連,4-8,12.5,12.5,5,https://www.keiba.go.jp/KeibaWeb/TodayRaceInfo/OddsUmLenFuku?k_babaCode=19&k_raceDate=2026%2F09%2F29&k_raceNo=1
2026-09-29 14:00:20,14:00,2026-09-29,funabashi,1,30,馬連,4-9,89.6,89.6,25,https://www.keiba.go.jp/KeibaWeb/TodayRaceInfo/OddsUmLenFuku?k_babaCode=19&k_raceDate=2026%2F09%2F29&k_raceNo=1
2026-09-29 14:00:20,14:00,2026-09-29,funabashi,1,30,馬連,5-10,86.8,86.8,23,https://www.keiba.go.jp/KeibaWeb/TodayRaceInfo/OddsUmLenFuku?k_babaCode=19&k_raceDate=2026%2F09%2F29&k_raceNo=1
2026-09-29 14:00:20,14:00,2026-09-29,funabashi,1,30,馬連,5-11,77.4,77.4,21,https://www.keiba.go.jp/KeibaWeb/TodayRaceInfo/OddsUmLenFuku?k_babaCode=19&k_raceDate=2026%2F09%2F29&k_raceNo=1
2026-09-29 14:00:20,14:00,2026-09-29,funabashi,1,30,馬連,5-12,955.7,955.7,65,https://www.keiba.go.jp/KeibaWeb/TodayRaceInfo/OddsUmLenFuku?k_babaCode=19&k_raceDate=2026%2F09%2F29&k_raceNo=1
2026-09-29 14:00:20,14:00,2026-09-29,funabashi,1,30,馬連,5-6,86.8,86.8,23,https://www.keiba.go.jp/KeibaWeb/TodayRaceInfo/OddsUmLenFuku?k_babaCode=19&k_raceDate=2026%2F09%2F29&k_raceNo=1
2026-09-29 14:00:20,14:00,2026-09-29,funabashi,1,30,馬連,5-7,112.4,112.4,35,https://www.keiba.go.jp/KeibaWeb/TodayRaceInfo/OddsUmLenFuku?k_babaCode=19&k_raceDate=2026%2F09%2F29&k_raceNo=1
2026-09-29 14:00:20,14:00,2026-09-29,funabashi,1,30,馬連,5-8,9.8,9.8,4,https://www.keiba.go.jp/KeibaWeb/TodayRaceInfo/OddsUmLenFuku?k_babaCode=19&k_raceDate=2026%2F09%2F29&k_raceNo=1
2026-09-29 14:00:20,14:00,2026-09-29,funabashi,1,30,馬連,5-9,104.2,104.2,33,https://www.keiba.go.jp/KeibaWeb/TodayRaceInfo/OddsUmLenFuku?k_babaCode=19&k_raceDate=2026%2F09%2F29&k_raceNo=1
2026-09-29 14:00:20,14:00,2026-09-29,funabashi,1,30,馬連,6-10,119.4,119.4,37,https://www.keiba.go.jp/KeibaWeb/TodayRaceInfo/OddsUmLenFuku?k_babaCode=19&k_raceDate=2026%2F09%2F29&k_raceNo=1
2026-09-29 14:00:20,14:00,2026-09-29,funabashi,1,30,馬連,6-11,45.5,45.5,10,https://www.keiba.go.jp/KeibaWeb/TodayRaceInfo/OddsUmLenFuku?k_babaCode=19&k_raceDate=2026%2F09%2F29&k_raceNo=1
2026-09-29 14:00:20,14:00,2026-09-29,funabashi,1,30,馬連,6-12,301.8,301.8,49,https://www.keiba.go.jp/KeibaWeb/TodayRaceInfo/OddsUmLenFuku?k_babaCode=19&k_raceDate=2026%2F09%2F29&k_raceNo=1
2026-09-29 14:00:20,14:00,2026-09-29,funabashi,1,30,馬連,6-7,75.4,75.4,20,https://www.keiba.go.jp/KeibaWeb/TodayRaceInfo/OddsUmLenFuku?k_babaCode=19&k_raceDate=2026%2F09%2F29&k_raceNo=1
2026-09-29 14:00:20,14:00,2026-09-29,funabashi,1,30,馬連,6-8,6.0,6.0,1,https://www.keiba.go.jp/KeibaWeb/TodayRaceInfo/OddsUmLenFuku?k_babaCode=19&k_raceDate=2026%2F09%2F29&k_raceNo=1
2026-09-29 14:00:20,14:00,2026-09-29,funabashi,1,30,馬連,6-9,74.4,74.4,19,https://www.keiba.go.jp/KeibaWeb/TodayRaceInfo/OddsUmLenFuku?k_babaCode=19&k_raceDate=2026%2F09%2F29&k_raceNo=1
2026-09-29 14:00:20,14:00,2026-09-29,funabashi,1,30,馬連,7-10,238.9,238.9,46,https://www.keiba.go.jp/KeibaWeb/TodayRaceInfo/OddsUmLenFuku?k_babaCode=19&k_raceDate=2026%2F09%2F29&k_raceNo=1
2026-09-29 14:00:20,14:00,2026-09-29,funabashi,1,30,馬連,7-11,62.3,62.3,15,https://www.keiba.go.jp/KeibaWeb/TodayRaceInfo/OddsUmLenFuku?k_babaCode=19&k_raceDate=2026%2F09%2F29&k_raceNo=1
2026-09-29 14:00:20,14:00,2026-09-29,funabashi,1,30,馬連,7-12,477.8,477.8,58,https://www.keiba.go.jp/KeibaWeb/TodayRaceInfo/OddsUmLenFuku?k_babaCode=19&k_raceDate=2026%2F09%2F29&k_raceNo=1
2026-09-29 14:00:20,14:00,2026-09-29,funabashi,1,30,馬連,7-8,17.6,17.6,8,https://www.keiba.go.jp/KeibaWeb/TodayRaceInfo/OddsUmLenFuku?k_babaCode=19&k_raceDate=2026%2F09%2F29&k_raceNo=1
2026-09-29 14:00:20,14:00,2026-09-29,funabashi,1,30,馬連,7-9,97.1,97.1,28,https://www.keiba.go.jp/KeibaWeb/TodayRaceInfo/OddsUmLenFuku?k_babaCode=19&k_raceDate=2026%2F09%2F29&k_raceNo=1
2026-09-29 14:00:20,14:00,2026-09-29,funabashi,1,30,馬連,8-10,12.6,12.6,6,https://www.keiba.go.jp/KeibaWeb/TodayRaceInfo/OddsUmLenFuku?k_babaCode=19&k_raceDate=2026%2F09%2F29&k_raceNo=1
2026-09-29 14:00:20,14:00,2026-09-29,funabashi,1,30,馬連,8-11,7.1,7.1,3,https://www.keiba.go.jp/KeibaWeb/TodayRaceInfo/OddsUmLenFuku?k_babaCode=19&k_raceDate=2026%2F09%2F29&k_raceNo=1
2026-09-29 14:00:20,14:00,2026-09-29,funabashi,1,30,馬連,8-12,119.4,119.4,37,https://www.keiba.go.jp/KeibaWeb/TodayRaceInfo/OddsUmLenFuku?k_babaCode=19&k_raceDate=2026%2F09%2F29&k_raceNo=1
2026-09-29 14:00:20,14:00,2026-09-29,funabashi,1,30,馬連,8-9,13.4,13.4,7,https://www.keiba.go.jp/KeibaWeb/TodayRaceInfo/OddsUmLenFuku?k_babaCode=19&k_raceDate=2026%2F09%2F29&k_raceNo=1
2026-09-29 14:00:20,14:00,2026-09-29,funabashi,1,30,馬連,9-10,110.2,110.2,34,https://www.keiba.go.jp/KeibaWeb/TodayRaceInfo/OddsUmLenFuku?k_babaCode=19&k_raceDate=2026%2F09%2F29&k_raceNo=1
2026-09-29 14:00:20,14:00,2026-09-29,funabashi,1,30,馬連,9-11,70.7,70.7,17,https://www.keiba.go.jp/KeibaWeb/TodayRaceInfo/OddsUmLenFuku?k_babaCode=19&k_raceDate=2026%2F09%2F29&k_raceNo=1
2026-09-29 14:00:20,14:00,2026-09-29,funabashi,1,30,馬連,9-12,337.3,337.3,51,https://www.keiba.go.jp/KeibaWeb/TodayRaceInfo/OddsUmLenFuku?k_babaCode=19&k_raceDate=2026%2F09%2F29&k_raceNo=1
2026-09-29 14:15:00,14:14,2026-09-29,funabashi,1,15,ワイド,1-10,61.6,65.5,48,https://www.keiba.go.jp/KeibaWeb/TodayRaceInfo/OddsWide?k_babaCode=19&k_raceDate=2026%2F09%2F29&k_raceNo=1
2026-09-29 14:15:00,14:14,2026-09-29,funabashi,1,15,ワイド,1-11,25.1,28.0,34,https://www.keiba.go.jp/KeibaWeb/TodayRaceInfo/OddsWide?k_babaCode=19&k_raceDate=2026%2F09%2F29&k_raceNo=1
2026-09-29 14:15:00,14:14,2026-09-29,funabashi,1,15,ワイド,1-12,287.3,293.0,66,https://www.keiba.go.jp/KeibaWeb/TodayRaceInfo/OddsWide?k_babaCode=19&k_raceDate=2026%2F09%2F29&k_raceNo=1
2026-09-29 14:15:00,14:14,2026-09-29,funabashi,1,15,ワイド,1-2,43.7,46.5,44,https://www.keiba.go.jp/KeibaWeb/TodayRaceInfo/OddsWide?k_babaCode=19&k_raceDate=2026%2F09%2F29&k_raceNo=1
2026-09-29 14:15:00,14:14,2026-09-29,funabashi,1,15,ワイド,1-3,118.4,121.1,56,https://www.keiba.go.jp/KeibaWeb/TodayRaceInfo/OddsWide?k_babaCode=19&k_raceDate=2026%2F09%2F29&k_raceNo=1
2026-09-29 14:15:00,14:14,2026-09-29,funabashi,1,15,ワイド,1-4,43.0,46.5,43,https://www.keiba.go.jp/KeibaWeb/TodayRaceInfo/OddsWide?k_babaCode=19&k_raceDate=2026%2F09%2F29&k_raceNo=1
2026-09-29 14:15:00,14:14,2026-09-29,funabashi,1,15,ワイド,1-5,46.4,51.1,46,https://www.keiba.go.jp/KeibaWeb/TodayRaceInfo/OddsWide?k_babaCode=19&k_raceDate=2026%2F09%2F29&k_raceNo=1
2026-09-29 14:15:00,14:14,2026-09-29,funabashi,1,15,ワイド,1-6,35.3,38.8,40,https://www.keiba.go.jp/KeibaWeb/TodayRaceInfo/OddsWide?k_babaCode=19&k_raceDate=2026%2F09%2F29&k_raceNo=1
2026-09-29 14:15:00,14:14,2026-09-29,funabashi,1,15,ワイド,1-7,36.1,38.1,41,https://www.keiba.go.jp/KeibaWeb/TodayRaceInfo/OddsWide?k_babaCode=19&k_raceDate=2026%2F09%2F29&k_raceNo=1
2026-09-29 14:15:00,14:14,2026-09-29,funabashi,1,15,ワイド,1-8,13.6,15.0,18,https://www.keiba.go.jp/KeibaWeb/TodayRaceInfo/OddsWide?k_babaCode=19&k_raceDate=2026%2F09%2F29&k_raceNo=1
2026-09-29 14:15:00,14:14,2026-09-29,funabashi,1,15,ワイド,1-9,30.7,33.0,37,https://www.keiba.go.jp/KeibaWeb/TodayRaceInfo/OddsWide?k_babaCode=19&k_raceDate=2026%2F09%2F29&k_raceNo=1
2026-09-29 14:15:00,14:14,2026-09-29,funabashi,1,15,ワイド,10-11,17.6,20.2,23,https://www.keiba.go.jp/KeibaWeb/TodayRaceInfo/OddsWide?k_babaCode=19&k_raceDate=2026%2F09%2F29&k_raceNo=1
2026-09-29 14:15:00,14:14,2026-09-29,funabashi,1,15,ワイド,10-12,139.8,146.7,60,https://www.keiba.go.jp/KeibaWeb/TodayRaceInfo/OddsWide?k_babaCode=19&k_raceDate=2026%2F09%2F29&k_raceNo=1
2026-09-29 14:15:00,14:14,2026-09-29,funabashi,1,15,ワイド,11-12,106.8,117.4,53,https://www.keiba.go.jp/KeibaWeb/TodayRaceInfo/OddsWide?k_babaCode=19&k_raceDate=2026%2F09%2F29&k_raceNo=1
2026-09-29 14:15:00,14:14,2026-09-29,funabashi,1,15,ワイド,2-10,26.7,29.3,35,https://www.keiba.go.jp/KeibaWeb/TodayRaceInfo/OddsWide?k_babaCode=19&k_raceDate=2026%2F09%2F29&k_raceNo=1
2026-09-29 14:15:00,14:14,2026-09-29,funabashi,1,15,ワイド,2-11,13.4,15.4,16,https://www.keiba.go.jp/KeibaWeb/TodayRaceInfo/OddsWide?k_babaCode=19&k_raceDate=2026%2F09%2F29&k_raceNo=1
2026-09-29 14:15:00,14:14,2026-09-29,funabashi,1,15,ワイド,2-12,177.3,186.6,65,https://www.keiba.go.jp/KeibaWeb/TodayRaceInfo/OddsWide?k_babaCode=19&k_raceDate=2026%2F09%2F29&k_raceNo=1
2026-09-29 14:15:00,14:14,2026-09-29,funabashi,1,15,ワイド,2-3,108.4,114.3,54,https://www.keiba.go.jp/KeibaWeb/TodayRaceInfo/OddsWide?k_babaCode=19&k_raceDate=2026%2F09%2F29&k_raceNo=1
2026-09-29 14:15:00,14:14,2026-09-29,funabashi,1,15,ワイド,2-4,27.8,31.0,36,https://www.keiba.go.jp/KeibaWeb/TodayRaceInfo/OddsWide?k_babaCode=19&k_raceDate=2026%2F09%2F29&k_raceNo=1
2026-09-29 14:15:00,14:14,2026-09-29,funabashi,1,15,ワイド,2-5,20.1,22.9,27,https://www.keiba.go.jp/KeibaWeb/TodayRaceInfo/OddsWide?k_babaCode=19&k_raceDate=2026%2F09%2F29&k_raceNo=1
2026-09-29 14:15:00,14:14,2026-09-29,funabashi,1,15,ワイド,2-6,14.0,15.9,19,https://www.keiba.go.jp/KeibaWeb/TodayRaceInfo/OddsWide?k_babaCode=19&k_raceDate=2026%2F09%2F29&k_raceNo=1
2026-09-29 14:15:00,14:14,2026-09-29,funabashi,1,15,ワイド,2-7,22.7,24.7,30,https://www.keiba.go.jp/KeibaWeb/TodayRaceInfo/OddsWide?k_babaCode=19&k_raceDate=2026%2F09%2F29&k_raceNo=1
2026-09-29 14:15:00,14:14,2026-09-29,funabashi,1,15,ワイド,2-8,5.1,5.7,6,https://www.keiba.go.jp/KeibaWeb/TodayRaceInfo/OddsWide?k_babaCode=19&k_raceDate=2026%2F09%2F29&k_raceNo=1
2026-09-29 14:15:00,14:14,2026-09-29,funabashi,1,15,ワイド,2-9,23.6,26.2,31,https://www.keiba.go.jp/KeibaWeb/TodayRaceInfo/OddsWide?k_babaCode=19&k_raceDate=2026%2F09%2F29&k_raceNo=1
2026-09-29 14:15:00,14:14,2026-09-29,funabashi,1,15,ワイド,3-10,122.2,128.5,57,https://www.keiba.go.jp/KeibaWeb/TodayRaceInfo/OddsWide?k_babaCode=19&k_raceDate=2026%2F09%2F29&k_raceNo=1
2026-09-29 14:15:00,14:14,2026-09-29,funabashi,1,15,ワイド,3-11,79.5,87.6,50,https://www.keiba.go.jp/KeibaWeb/TodayRaceInfo/OddsWide?k_babaCode=19&k_raceDate=2026%2F09%2F29&k_raceNo=1
2026-09-29 14:15:00,14:14,2026-09-29,funabashi,1,15,ワイド,3-12,135.7,137.1,59,https://www.keiba.go.jp/KeibaWeb/TodayRaceInfo/OddsWide?k_babaCode=19&k_raceDate=2026%2F09%2F29&k_raceNo=1
2026-09-29 14:15:00,14:14,2026-09-29,funabashi,1,15,ワイド,3-4,72.7,77.7,49,https://www.keiba.go.jp/KeibaWeb/TodayRaceInfo/OddsWide?k_babaCode=19&k_raceDate=2026%2F09%2F29&k_raceNo=1
2026-09-29 14:15:00,14:14,2026-09-29,funabashi,1,15,ワイド,3-5,114.4,124.7,55,https://www.keiba.go.jp/KeibaWeb/TodayRaceInfo/OddsWide?k_babaCode=19&k_raceDate=2026%2F09%2F29&k_raceNo=1
2026-09-29 14:15:00,14:14,2026-09-29,funabashi,1,15,ワイド,3-6,84.1,91.5,52,https://www.keiba.go.jp/KeibaWeb/TodayRaceInfo/OddsWide?k_babaCode=19&k_raceDate=2026%2F09%2F29&k_raceNo=1
2026-09-29 14:15:00,14:14,2026-09-29,funabashi,1,15,ワイド,3-7,80.6,84.1,51,https://www.keiba.go.jp/KeibaWeb/TodayRaceInfo/OddsWide?k_babaCode=19&k_raceDate=2026%2F09%2F29&k_raceNo=1
2026-09-29 14:15:00,14:14,2026-09-29,funabashi,1,15,ワイド,3-8,31.3,34.2,38,https://www.keiba.go.jp/KeibaWeb/TodayRaceInfo/OddsWide?k_babaCode=19&k_raceDate=2026%2F09%2F29&k_raceNo=1
2026-09-29 14:15:00,14:14,2026-09-29,funabashi,1,15,ワイド,3-9,58.8,62.5,47,https://www.keiba.go.jp/KeibaWeb/TodayRaceInfo/OddsWide?k_babaCode=19&k_raceDate=2026%2F09%2F29&k_raceNo=1
2026-09-29 14:15:00,14:14,2026-09-29,funabashi,1,15,ワイド,4-10,35.1,39.1,39,https://www.keiba.go.jp/KeibaWeb/TodayRaceInfo/OddsWide?k_babaCode=19&k_raceDate=2026%2F09%2F29&k_raceNo=1
2026-09-29 14:15:00,14:14,2026-09-29,funabashi,1,15,ワイド,4-11,16.9,19.8,22,https://www.keiba.go.jp/KeibaWeb/TodayRaceInfo/OddsWide?k_babaCode=19&k_raceDate=2026%2F09%2F29&k_raceNo=1
2026-09-29 14:15:00,14:14,2026-09-29,funabashi,1,15,ワイド,4-12,124.1,132.4,58,https://www.keiba.go.jp/KeibaWeb/TodayRaceInfo/OddsWide?k_babaCode=19&k_raceDate=2026%2F09%2F29&k_raceNo=1
2026-09-29 14:15:00,14:14,2026-09-29,funabashi,1,15,ワイド,4-5,9.0,10.4,10,https://www.keiba.go.jp/KeibaWeb/TodayRaceInfo/OddsWide?k_babaCode=19&k_raceDate=2026%2F09%2F29&k_raceNo=1
2026-09-29 14:15:00,14:14,2026-09-29,funabashi,1,15,ワイド,4-6,16.0,18.4,20,https://www.keiba.go.jp/KeibaWeb/TodayRaceInfo/OddsWide?k_babaCode=19&k_raceDate=2026%2F09%2F29&k_raceNo=1
2026-09-29 14:15:00,14:14,2026-09-29,funabashi,1,15,ワイド,4-7,16.4,18.1,21,https://www.keiba.go.jp/KeibaWeb/TodayRaceInfo/OddsWide?k_babaCode=19&k_raceDate=2026%2F09%2F29&k_raceNo=1
2026-09-29 14:15:00,14:14,2026-09-29,funabashi,1,15,ワイド,4-8,4.1,4.5,4,https://www.keiba.go.jp/KeibaWeb/TodayRaceInfo/OddsWide?k_babaCode=19&k_raceDate=2026%2F09%2F29&k_raceNo=1
2026-09-29 14:15:00,14:14,2026-09-29,funabashi,1,15,ワイド,4-9,18.3,20.6,25,https://www.keiba.go.jp/KeibaWeb/TodayRaceInfo/OddsWide?k_babaCode=19&k_raceDate=2026%2F09%2F29&k_raceNo=1
2026-09-29 14:15:00,14:14,2026-09-29,funabashi,1,15,ワイド,5-10,20.5,23.2,29,https://www.keiba.go.jp/KeibaWeb/TodayRaceInfo/OddsWide?k_babaCode=19&k_raceDate=2026%2F09%2F29&k_raceNo=1
2026-09-29 14:15:00,14:14,2026-09-29,funabashi,1,15,ワイド,5-11,11.9,14.1,13,https://www.keiba.go.jp/KeibaWeb/TodayRaceInfo/OddsWide?k_babaCode=19&k_raceDate=2026%2F09%2F29&k_raceNo=1
2026-09-29 14:15:00,14:14,2026-09-29,funabashi,1,15,ワイド,5-12,171.7,186.6,64,https://www.keiba.go.jp/KeibaWeb/TodayRaceInfo/OddsWide?k_babaCode=19&k_raceDate=2026%2F09%2F29&k_raceNo=1
2026-09-29 14:15:00,14:14,2026-09-29,funabashi,1,15,ワイド,5-6,17.9,21.1,24,https://www.keiba.go.jp/KeibaWeb/TodayRaceInfo/OddsWide?k_babaCode=19&k_raceDate=2026%2F09%2F29&k_raceNo=1
2026-09-29 14:15:00,14:14,2026-09-29,funabashi,1,15,ワイド,5-7,23.8,26.7,33,https://www.keiba.go.jp/KeibaWeb/TodayRaceInfo/OddsWide?k_babaCode=19&k_raceDate=2026%2F09%2F29&k_raceNo=1
2026-09-29 14:15:00,14:14,2026-09-29,funabashi,1,15,ワイド,5-8,3.3,3.6,2,https://www.keiba.go.jp/KeibaWeb/TodayRaceInfo/OddsWide?k_babaCode=19&k_raceDate=2026%2F09%2F29&k_raceNo=1
2026-09-29 14:15:00,14:14,2026-09-29,funabashi,1,15,ワイド,5-9,20.1,23.1,28,https://www.keiba.go.jp/KeibaWeb/TodayRaceInfo/OddsWide?k_babaCode=19&k_raceDate=2026%2F09%2F29&k_raceNo=1
2026-09-29 14:15:00,14:14,2026-09-29,funabashi,1,15,ワイド,6-10,18.6,21.0,26,https://www.keiba.go.jp/KeibaWeb/TodayRaceInfo/OddsWide?k_babaCode=19&k_raceDate=2026%2F09%2F29&k_raceNo=1
2026-09-29 14:15:00,14:14,2026-09-29,funabashi,1,15,ワイド,6-11,7.9,9.4,9,https://www.keiba.go.jp/KeibaWeb/TodayRaceInfo/OddsWide?k_babaCode=19&k_raceDate=2026%2F09%2F29&k_raceNo=1
2026-09-29 14:15:00,14:14,2026-09-29,funabashi,1,15,ワイド,6-12,151.3,164.2,62,https://www.keiba.go.jp/KeibaWeb/TodayRaceInfo/OddsWide?k_babaCode=19&k_raceDate=2026%2F09%2F29&k_raceNo=1
2026-09-29 14:15:00,14:14,2026-09-29,funabashi,1,15,ワイド,6-7,13.4,15.0,15,https://www.keiba.go.jp/KeibaWeb/TodayRaceInfo/OddsWide?k_babaCode=19&k_raceDate=2026%2F09%2F29&k_raceNo=1
2026-09-29 14:15:00,14:14,2026-09-29,funabashi,1,15,ワイド,6-8,3.3,3.7,3,https://www.keiba.go.jp/KeibaWeb/TodayRaceInfo/OddsWide?k_babaCode=19&k_raceDate=2026%2F09%2F29&k_raceNo=1
2026-09-29 14:15:00,14:14,2026-09-29,funabashi,1,15,ワイド,6-9,11.2,12.9,12,https://www.keiba.go.jp/KeibaWeb/TodayRaceInfo/OddsWide?k_babaCode=19&k_raceDate=2026%2F09%2F29&k_raceNo=1
2026-09-29 14:15:00,14:14,2026-09-29,funabashi,1,15,ワイド,7-10,45.4,49.2,45,https://www.keiba.go.jp/KeibaWeb/TodayRaceInfo/OddsWide?k_babaCode=19&k_raceDate=2026%2F09%2F29&k_raceNo=1
2026-09-29 14:15:00,14:14,2026-09-29,funabashi,1,15,ワイド,7-11,10.0,11.3,11,https://www.keiba.go.jp/KeibaWeb/TodayRaceInfo/OddsWide?k_babaCode=19&k_raceDate=2026%2F09%2F29&k_raceNo=1
2026-09-29 14:15:00,14:14,2026-09-29,funabashi,1,15,ワイド,7-12,151.7,157.8,63,https://www.keiba.go.jp/KeibaWeb/TodayRaceInfo/OddsWide?k_babaCode=19&k_raceDate=2026%2F09%2F29&k_raceNo=1
2026-09-29 14:15:00,14:14,2026-09-29,funabashi,1,15,ワイド,7-8,6.4,7.1,8,https://www.keiba.go.jp/KeibaWeb/TodayRaceInfo/OddsWide?k_babaCode=19&k_raceDate=2026%2F09%2F29&k_raceNo=1
2026-09-29 14:15:00,14:14,2026-09-29,funabashi,1,15,ワイド,7-9,13.3,14.6,14,https://www.keiba.go.jp/KeibaWeb/TodayRaceInfo/OddsWide?k_babaCode=19&k_raceDate=2026%2F09%2F29&k_raceNo=1
2026-09-29 14:15:00,14:14,2026-09-29,funabashi,1,15,ワイド,8-10,5.4,5.9,7,https://www.keiba.go.jp/KeibaWeb/TodayRaceInfo/OddsWide?k_babaCode=19&k_raceDate=2026%2F09%2F29&k_raceNo=1
2026-09-29 14:15:00,14:14,2026-09-29,funabashi,1,15,ワイド,8-11,3.0,3.2,1,https://www.keiba.go.jp/KeibaWeb/TodayRaceInfo/OddsWide?k_babaCode=19&k_raceDate=2026%2F09%2F29&k_raceNo=1
2026-09-29 14:15:00,14:14,2026-09-29,funabashi,1,15,ワイド,8-12,37.8,41.2,42,https://www.keiba.go.jp/KeibaWeb/TodayRaceInfo/OddsWide?k_babaCode=19&k_raceDate=2026%2F09%2F29&k_raceNo=1
2026-09-29 14:15:00,14:14,2026-09-29,funabashi,1,15,ワイド,8-9,4.4,4.8,5,https://www.keiba.go.jp/KeibaWeb/TodayRaceInfo/OddsWide?k_babaCode=19&k_raceDate=2026%2F09%2F29&k_raceNo=1
2026-09-29 14:15:00,14:14,2026-09-29,funabashi,1,15,ワイド,9-10,23.8,26.4,32,https://www.keiba.go.jp/KeibaWeb/TodayRaceInfo/OddsWide?k_babaCode=19&k_raceDate=2026%2F09%2F29&k_raceNo=1
2026-09-29 14:15:00,14:14,2026-09-29,funabashi,1,15,ワイド,9-11,13.5,15.7,17,https://www.keiba.go.jp/KeibaWeb/TodayRaceInfo/OddsWide?k_babaCode=19&k_raceDate=2026%2F09%2F29&k_raceNo=1
2026-09-29 14:15:00,14:14,2026-09-29,funabashi,1,15,ワイド,9-12,143.2,151.8,61,https://www.keiba.go.jp/KeibaWeb/TodayRaceInfo/OddsWide?k_babaCode=19&k_raceDate=2026%2F09%2F29&k_raceNo=1
2026-09-29 14:15:00,14:14,2026-09-29,funabashi,1,15,三連複,1-10-11,410.2,410.2,98,https://www.keiba.go.jp/KeibaWeb/TodayRaceInfo/Odds3LenFuku?k_babaCode=19&k_raceDate=2026%2F09%2F29&k_raceNo=1
2026-09-29 14:15:00,14:14,2026-09-29,funabashi,1,15,三連複,1-10-12,2543.3,2543.3,198,https://www.keiba.go.jp/KeibaWeb/TodayRaceInfo/Odds3LenFuku?k_babaCode=19&k_raceDate=2026%2F09%2F29&k_raceNo=1
2026-09-29 14:15:00,14:14,2026-09-29,funabashi,1,15,三連複,1-11-12,1589.5,1589.5,166,https://www.keiba.go.jp/KeibaWeb/TodayRaceInfo/Odds3LenFuku?k_babaCode=19&k_raceDate=2026%2F09%2F29&k_raceNo=1
2026-09-29 14:15:00,14:14,2026-09-29,funabashi,1,15,三連複,1-2-10,652.1,652.1,130,https://www.keiba.go.jp/KeibaWeb/TodayRaceInfo/Odds3LenFuku?k_babaCode=19&k_raceDate=2026%2F09%2F29&k_raceNo=1
2026-09-29 14:15:00,14:14,2026-09-29,funabashi,1,15,三連複,1-2-11,591.4,591.4,123,https://www.keiba.go.jp/KeibaWeb/TodayRaceInfo/Odds3LenFuku?k_babaCode=19&k_raceDate=2026%2F09%2F29&k_raceNo=1
2026-09-29 14:15:00,14:14,2026-09-29,funabashi,1,15,三連複,1-2-12,5086.6,5086.6,211,https://www.keiba.go.jp/KeibaWeb/TodayRaceInfo/Odds3LenFuku?k_babaCode=19&k_raceDate=2026%2F09%2F29&k_raceNo=1
2026-09-29 14:15:00,14:14,2026-09-29,funabashi,1,15,三連複,1-2-3,1695.5,1695.5,174,https://www.keiba.go.jp/KeibaWeb/TodayRaceInfo/Odds3LenFuku?k_babaCode=19&k_raceDate=2026%2F09%2F29&k_raceNo=1
2026-09-29 14:15:00,14:14,2026-09-29,funabashi,1,15,三連複,1-2-4,635.8,635.8,128,https://www.keiba.go.jp/KeibaWeb/TodayRaceInfo/Odds3LenFuku?k_babaCode=19&k_raceDate=2026%2F09%2F29&k_raceNo=1
2026-09-29 14:15:00,14:14,2026-09-29,funabashi,1,15,三連複,1-2-5,620.3,620.3,126,https://www.keiba.go.jp/KeibaWeb/TodayRaceInfo/Odds3LenFuku?k_babaCode=19&k_raceDate=2026%2F09%2F29&k_raceNo=1
2026-09-29 14:15:00,14:14,2026-09-29,funabashi,1,15,三連複,1-2-6,438.5,438.5,105,https://www.keiba.go.jp/KeibaWeb/TodayRaceInfo/Odds3LenFuku?k_babaCode=19&k_raceDate=2026%2F09%2F29&k_raceNo=1
2026-09-29 14:15:00,14:14,2026-09-29,funabashi,1,15,三連複,1-2-7,847.7,847.7,141,https://www.keiba.go.jp/KeibaWeb/TodayRaceInfo/Odds3LenFuku?k_babaCode=19&k_raceDate=2026%2F09%2F29&k_raceNo=1
2026-09-29 14:15:00,14:14,2026-09-29,funabashi,1,15,三連複,1-2-8,104.6,104.6,35,https://www.keiba.go.jp/KeibaWeb/TodayRaceInfo/Odds3LenFuku?k_babaCode=19&k_raceDate=2026%2F09%2F29&k_raceNo=1
2026-09-29 14:15:00,14:14,2026-09-29,funabashi,1,15,三連複,1-2-9,820.4,820.4,140,https://www.keiba.go.jp/KeibaWeb/TodayRaceInfo/Odds3LenFuku?k_babaCode=19&k_raceDate=2026%2F09%2F29&k_raceNo=1
2026-09-29 14:15:00,14:14,2026-09-29,funabashi,1,15,三連複,1-3-10,3179.1,3179.1,206,https://www.keiba.go.jp/KeibaWeb/TodayRaceInfo/Odds3LenFuku?k_babaCode=19&k_raceDate=2026%2F09%2F29&k_raceNo=1
2026-09-29 14:15:00,14:14,2026-09-29,funabashi,1,15,三連複,1-3-11,1695.5,1695.5,174,https://www.keiba.go.jp/KeibaWeb/TodayRaceInfo/Odds3LenFuku?k_babaCode=19&k_raceDate=2026%2F09%2F29&k_raceNo=1
2026-09-29 14:15:00,14:14,2026-09-29,funabashi,1,15,三連複,1-3-12,0.0,0.0,220,https://www.keiba.go.jp/KeibaWeb/TodayRaceInfo/Odds3LenFuku?k_babaCode=19&k_raceDate=2026%2F09%2F29&k_raceNo=1
2026-09-29 14:15:00,14:14,2026-09-29,funabashi,1,15,三連複,1-3-4,1695.5,1695.5,174,https://www.keiba.go.jp/KeibaWeb/TodayRaceInfo/Odds3LenFuku?k_babaCode=19&k_raceDate=2026%2F09%2F29&k_raceNo=1
2026-09-29 14:15:00,14:14,2026-09-29,funabashi,1,15,三連複,1-3-5,2119.4,2119.4,188,https://www.keiba.go.jp/KeibaWeb/TodayRaceInfo/Odds3LenFuku?k_babaCode=19&k_raceDate=2026%2F09%2F29&k_raceNo=1
2026-09-29 14:15:00,14:14,2026-09-29,funabashi,1,15,三連複,1-3-6,1589.5,1589.5,166,https://www.keiba.go.jp/KeibaWeb/TodayRaceInfo/Odds3LenFuku?k_babaCode=19&k_raceDate=2026%2F09%2F29&k_raceNo=1
2026-09-29 14:15:00,14:14,2026-09-29,funabashi,1,15,三連複,1-3-7,941.9,941.9,145,https://www.keiba.go.jp/KeibaWeb/TodayRaceInfo/Odds3LenFuku?k_babaCode=19&k_raceDate=2026%2F09%2F29&k_raceNo=1
2026-09-29 14:15:00,14:14,2026-09-29,funabashi,1,15,三連複,1-3-8,519.0,519.0,118,https://www.keiba.go.jp/KeibaWeb/TodayRaceInfo/Odds3LenFuku?k_babaCode=19&k_raceDate=2026%2F09%2F29&k_raceNo=1
2026-09-29 14:15:00,14:14,2026-09-29,funabashi,1,15,三連複,1-3-9,1412.9,1412.9,159,https://www.keiba.go.jp/KeibaWeb/TodayRaceInfo/Odds3LenFuku?k_babaCode=19&k_raceDate=2026%2F09%2F29&k_raceNo=1
2026-09-29 14:15:00,14:14,2026-09-29,funabashi,1,15,三連複,1-4-10,748.0,748.0,138,https://www.keiba.go.jp/KeibaWeb/TodayRaceInfo/Odds3LenFuku?k_babaCode=19&k_raceDate=2026%2F09%2F29&k_raceNo=1
2026-09-29 14:15:00,14:14,2026-09-29,funabashi,1,15,三連複,1-4-11,454.1,454.1,108,https://www.keiba.go.jp/KeibaWeb/TodayRaceInfo/Odds3LenFuku?k_babaCode=19&k_raceDate=2026%2F09%2F29&k_raceNo=1
2026-09-29 14:15:00,14:14,2026-09-29,funabashi,1,15,三連複,1-4-12,2825.8,2825.8,201,https://www.keiba.go.jp/KeibaWeb/TodayRaceInfo/Odds3LenFuku?k_babaCode=19&k_raceDate=2026%2F09%2F29&k_raceNo=1
2026-09-29 14:15:00,14:14,2026-09-29,funabashi,1,15,三連複,1-4-5,519.0,519.0,118,https://www.keiba.go.jp/KeibaWeb/TodayRaceInfo/Odds3LenFuku?k_babaCode=19&k_raceDate=2026%2F09%2F29&k_raceNo=1
2026-09-29 14:15:00,14:14,2026-09-29,funabashi,1,15,三連複,1-4-6,416.9,416.9,101,https://www.keiba.go.jp/KeibaWeb/TodayRaceInfo/Odds3LenFuku?k_babaCode=19&k_raceDate=2026%2F09%2F29&k_raceNo=1
2026-09-29 14:15:00,14:14,2026-09-29,funabashi,1,15,三連複,1-4-7,343.6,343.6,86,https://www.keiba.go.jp/KeibaWeb/TodayRaceInfo/Odds3LenFuku?k_babaCode=19&k_raceDate=2026%2F09%2F29&k_raceNo=1
2026-09-29 14:15:00,14:14,2026-09-29,funabashi,1,15,三連複,1-4-8,87.7,87.7,32,https://www.keiba.go.jp/KeibaWeb/TodayRaceInfo/Odds3LenFuku?k_babaCode=19&k_raceDate=2026%2F09%2F29&k_raceNo=1
2026-09-29 14:15:00,14:14,2026-09-29,funabashi,1,15,三連複,1-4-9,489.0,489.0,113,https://www.keiba.go.jp/KeibaWeb/TodayRaceInfo/Odds3LenFuku?k_babaCode=19&k_raceDate=2026%2F09%2F29&k_raceNo=1
2026-09-29 14:15:00,14:14,2026-09-29,funabashi,1,15,三連複,1-5-10,908.3,908.3,143,https://www.keiba.go.jp/KeibaWeb/TodayRaceInfo/Odds3LenFuku?k_babaCode=19&k_raceDate=2026%2F09%2F29&k_raceNo=1
2026-09-29 14:15:00,14:14,2026-09-29,funabashi,1,15,三連複,1-5-11,591.4,591.4,123,https://www.keiba.go.jp/KeibaWeb/TodayRaceInfo/Odds3LenFuku?k_babaCode=19&k_raceDate=2026%2F09%2F29&k_raceNo=1
2026-09-29 14:15:00,14:14,2026-09-29,funabashi,1,15,三連複,1-5-12,12716.5,12716.5,216,https://www.keiba.go.jp/KeibaWeb/TodayRaceInfo/Odds3LenFuku?k_babaCode=19&k_raceDate=2026%2F09%2F29&k_raceNo=1
2026-09-29 14:15:00,14:14,2026-09-29,funabashi,1,15,三連複,1-5-6,508.6,508.6,116,https://www.keiba.go.jp/KeibaWeb/TodayRaceInfo/Odds3LenFuku?k_babaCode=19&k_raceDate=2026%2F09%2F29&k_raceNo=1
2026-09-29 14:15:00,14:14,2026-09-29,funabashi,1,15,三連複,1-5-7,877.0,877.0,142,https://www.keiba.go.jp/KeibaWeb/TodayRaceInfo/Odds3LenFuku?k_babaCode=19&k_raceDate=2026%2F09%2F29&k_raceNo=1
2026-09-29 14:15:00,14:14,2026-09-29,funabashi,1,15,三連複,1-5-8,111.5,111.5,37,https://www.keiba.go.jp/KeibaWeb/TodayRaceInfo/Odds3LenFuku?k_babaCode=19&k_raceDate=2026%2F09%2F29&k_raceNo=1
2026-09-29 14:15:00,14:14,2026-09-29,funabashi,1,15,三連複,1-5-9,687.3,687.3,134,https://www.keiba.go.jp/KeibaWeb/TodayRaceInfo/Odds3LenFuku?k_babaCode=19&k_raceDate=2026%2F09%2F29&k_raceNo=1
2026-09-29 14:15:00,14:14,2026-09-29,funabashi,1,15,三連複,1-6-10,489.0,489.0,113,https://www.keiba.go.jp/KeibaWeb/TodayRaceInfo/Odds3LenFuku?k_babaCode=19&k_raceDate=2026%2F09%2F29&k_raceNo=1
2026-09-29 14:15:00,14:14,2026-09-29,funabashi,1,15,三連複,1-6-11,330.2,330.2,84,https://www.keiba.go.jp/KeibaWeb/TodayRaceInfo/Odds3LenFuku?k_babaCode=19&k_raceDate=2026%2F09%2F29&k_raceNo=1
2026-09-29 14:15:00,14:14,2026-09-29,funabashi,1,15,三連複,1-6-12,1816.6,1816.6,181,https://www.keiba.go.jp/KeibaWeb/TodayRaceInfo/Odds3LenFuku?k_babaCode=19&k_raceDate=2026%2F09%2F29&k_raceNo=1
2026-09-29 14:15:00,14:14,2026-09-29,funabashi,1,15,三連複,1-6-7,306.4,306.4,77,https://www.keiba.go.jp/KeibaWeb/TodayRaceInfo/Odds3LenFuku?k_babaCode=19&k_raceDate=2026%2F09%2F29&k_raceNo=1
2026-09-29 14:15:00,14:14,2026-09-29,funabashi,1,15,三連複,1-6-8,70.2,70.2,28,https://www.keiba.go.jp/KeibaWeb/TodayRaceInfo/Odds3LenFuku?k_babaCode=19&k_raceDate=2026%2F09%2F29&k_raceNo=1
2026-09-29 14:15:00,14:14,2026-09-29,funabashi,1,15,三連複,1-6-9,416.9,416.9,101,https://www.keiba.go.jp/KeibaWeb/TodayRaceInfo/Odds3LenFuku?k_babaCode=19&k_raceDate=2026%2F09%2F29&k_raceNo=1
2026-09-29 14:15:00,14:14,2026-09-29,funabashi,1,15,三連複,1-7-10,1105.7,1105.7,149,https://www.keiba.go.jp/KeibaWeb/TodayRaceInfo/Odds3LenFuku?k_babaCode=19&k_raceDate=2026%2F09%2F29&k_raceNo=1
2026-09-29 14:15:00,14:14,2026-09-29,funabashi,1,15,三連複,1-7-11,410.2,410.2,98,https://www.keiba.go.jp/KeibaWeb/TodayRaceInfo/Odds3LenFuku?k_babaCode=19&k_raceDate=2026%2F09%2F29&k_raceNo=1
2026-09-29 14:15:00,14:14,2026-09-29,funabashi,1,15,三連複,1-7-12,2119.4,2119.4,188,https://www.keiba.go.jp/KeibaWeb/TodayRaceInfo/Odds3LenFuku?k_babaCode=19&k_raceDate=2026%2F09%2F29&k_raceNo=1
2026-09-29 14:15:00,14:14,2026-09-29,funabashi,1,15,三連複,1-7-8,97.4,97.4,33,https://www.keiba.go.jp/KeibaWeb/TodayRaceInfo/Odds3LenFuku?k_babaCode=19&k_raceDate=2026%2F09%2F29&k_raceNo=1
2026-09-29 14:15:00,14:14,2026-09-29,funabashi,1,15,三連複,1-7-9,397.3,397.3,95,https://www.keiba.go.jp/KeibaWeb/TodayRaceInfo/Odds3LenFuku?k_babaCode=19&k_raceDate=2026%2F09%2F29&k_raceNo=1
2026-09-29 14:15:00,14:14,2026-09-29,funabashi,1,15,三連複,1-8-10,127.1,127.1,38,https://www.keiba.go.jp/KeibaWeb/TodayRaceInfo/Odds3LenFuku?k_babaCode=19&k_raceDate=2026%2F09%2F29&k_raceNo=1
2026-09-29 14:15:00,14:14,2026-09-29,funabashi,1,15,三連複,1-8-11,74.8,74.8,30,https://www.keiba.go.jp/KeibaWeb/TodayRaceInfo/Odds3LenFuku?k_babaCode=19&k_raceDate=2026%2F09%2F29&k_raceNo=1
2026-09-29 14:15:00,14:14,2026-09-29,funabashi,1,15,三連複,1-8-12,1338.5,1338.5,157,https://www.keiba.go.jp/KeibaWeb/TodayRaceInfo/Odds3LenFuku?k_babaCode=19&k_raceDate=2026%2F09%2F29&k_raceNo=1
2026-09-29 14:15:00,14:14,2026-09-29,funabashi,1,15,三連複,1-8-9,80.9,80.9,31,https://www.keiba.go.jp/KeibaWeb/TodayRaceInfo/Odds3LenFuku?k_babaCode=19&k_raceDate=2026%2F09%2F29&k_raceNo=1
2026-09-29 14:15:00,14:14,2026-09-29,funabashi,1,15,三連複,1-9-10,652.1,652.1,130,https://www.keiba.go.jp/KeibaWeb/TodayRaceInfo/Odds3LenFuku?k_babaCode=19&k_raceDate=2026%2F09%2F29&k_raceNo=1
2026-09-29 14:15:00,14:14,2026-09-29,funabashi,1,15,三連複,1-9-11,363.3,363.3,91,https://www.keiba.go.jp/KeibaWeb/TodayRaceInfo/Odds3LenFuku?k_babaCode=19&k_raceDate=2026%2F09%2F29&k_raceNo=1
2026-09-29 14:15:00,14:14,2026-09-29,funabashi,1,15,三連複,1-9-12,4238.8,4238.8,210,https://www.keiba.go.jp/KeibaWeb/TodayRaceInfo/Odds3LenFuku?k_babaCode=19&k_raceDate=2026%2F09%2F29&k_raceNo=1
2026-09-29 14:15:00,14:14,2026-09-29,funabashi,1,15,三連複,10-11-12,978.1,978.1,146,https://www.keiba.go.jp/KeibaWeb/TodayRaceInfo/Odds3LenFuku?k_babaCode=19&k_raceDate=2026%2F09%2F29&k_raceNo=1
2026-09-29 14:15:00,14:14,2026-09-29,funabashi,1,15,三連複,2-10-11,276.4,276.4,68,https://www.keiba.go.jp/KeibaWeb/TodayRaceInfo/Odds3LenFuku?k_babaCode=19&k_raceDate=2026%2F09%2F29&k_raceNo=1
2026-09-29 14:15:00,14:14,2026-09-29,funabashi,1,15,三連複,2-10-12,1589.5,1589.5,166,https://www.keiba.go.jp/KeibaWeb/TodayRaceInfo/Odds3LenFuku?k_babaCode=19&k_raceDate=2026%2F09%2F29&k_raceNo=1
2026-09-29 14:15:00,14:14,2026-09-29,funabashi,1,15,三連複,2-11-12,1412.9,1412.9,159,https://www.keiba.go.jp/KeibaWeb/TodayRaceInfo/Odds3LenFuku?k_babaCode=19&k_raceDate=2026%2F09%2F29&k_raceNo=1
2026-09-29 14:15:00,14:14,2026-09-29,funabashi,1,15,三連複,2-3-10,2312.0,2312.0,191,https://www.keiba.go.jp/KeibaWeb/TodayRaceInfo/Odds3LenFuku?k_babaCode=19&k_raceDate=2026%2F09%2F29&k_raceNo=1
2026-09-29 14:15:00,14:14,2026-09-29,funabashi,1,15,三連複,2-3-11,1589.5,1589.5,166,https://www.keiba.go.jp/KeibaWeb/TodayRaceInfo/Odds3LenFuku?k_babaCode=19&k_raceDate=2026%2F09%2F29&k_raceNo=1
2026-09-29 14:15:00,14:14,2026-09-29,funabashi,1,15,三連複,2-3-12,12716.5,12716.5,216,https://www.keiba.go.jp/KeibaWeb/TodayRaceInfo/Odds3LenFuku?k_babaCode=19&k_raceDate=2026%2F09%2F29&k_raceNo=1
2026-09-29 14:15:00,14:14,2026-09-29,funabashi,1,15,三連複,2-3-4,1589.5,1589.5,166,https://www.keiba.go.jp/KeibaWeb/TodayRaceInfo/Odds3LenFuku?k_babaCode=19&k_raceDate=2026%2F09%2F29&k_raceNo=1
2026-09-29 14:15:00,14:14,2026-09-29,funabashi,1,15,三連複,2-3-5,1271.6,1271.6,153,https://www.keiba.go.jp/KeibaWeb/TodayRaceInfo/Odds3LenFuku?k_babaCode=19&k_raceDate=2026%2F09%2F29&k_raceNo=1
2026-09-29 14:15:00,14:14,2026-09-29,funabashi,1,15,三連複,2-3-6,669.2,669.2,133,https://www.keiba.go.jp/KeibaWeb/TodayRaceInfo/Odds3LenFuku?k_babaCode=19&k_raceDate=2026%2F09%2F29&k_raceNo=1
2026-09-29 14:15:00,14:14,2026-09-29,funabashi,1,15,三連複,2-3-7,1271.6,1271.6,153,https://www.keiba.go.jp/KeibaWeb/TodayRaceInfo/Odds3LenFuku?k_babaCode=19&k_raceDate=2026%2F09%2F29&k_raceNo=1
2026-09-29 14:15:00,14:14,2026-09-29,funabashi,1,15,三連複,2-3-8,343.6,343.6,86,https://www.keiba.go.jp/KeibaWeb/TodayRaceInfo/Odds3LenFuku?k_babaCode=19&k_raceDate=2026%2F09%2F29&k_raceNo=1
2026-09-29 14:15:00,14:14,2026-09-29,funabashi,1,15,三連複,2-3-9,1695.5,1695.5,174,https://www.keiba.go.jp/KeibaWeb/TodayRaceInfo/Odds3LenFuku?k_babaCode=19&k_raceDate=2026%2F09%2F29&k_raceNo=1
2026-09-29 14:15:00,14:14,2026-09-29,funabashi,1,15,三連複,2-4-10,462.4,462.4,109,https://www.keiba.go.jp/KeibaWeb/TodayRaceInfo/Odds3LenFuku?k_babaCode=19&k_raceDate=2026%2F09%2F29&k_raceNo=1
2026-09-29 14:15:00,14:14,2026-09-29,funabashi,1,15,三連複,2-4-11,229.1,229.1,57,https://www.keiba.go.jp/KeibaWeb/TodayRaceInfo/Odds3LenFuku?k_babaCode=19&k_raceDate=2026%2F09%2F29&k_raceNo=1
2026-09-29 14:15:00,14:14,2026-09-29,funabashi,1,15,三連複,2-4-12,1816.6,1816.6,181,https://www.keiba.go.jp/KeibaWeb/TodayRaceInfo/Odds3LenFuku?k_babaCode=19&k_raceDate=2026%2F09%2F29&k_raceNo=1
2026-09-29 14:15:00,14:14,2026-09-29,funabashi,1,15,三連複,2-4-5,282.5,282.5,70,https://www.keiba.go.jp/KeibaWeb/TodayRaceInfo/Odds3LenFuku?k_babaCode=19&k_raceDate=2026%2F09%2F29&k_raceNo=1
2026-09-29 14:15:00,14:14,2026-09-29,funabashi,1,15,三連複,2-4-6,197.1,197.1,51,https://www.keiba.go.jp/KeibaWeb/TodayRaceInfo/Odds3LenFuku?k_babaCode=19&k_raceDate=2026%2F09%2F29&k_raceNo=1
2026-09-29 14:15:00,14:14,2026-09-29,funabashi,1,15,三連複,2-4-7,211.9,211.9,54,https://www.keiba.go.jp/KeibaWeb/TodayRaceInfo/Odds3LenFuku?k_babaCode=19&k_raceDate=2026%2F09%2F29&k_raceNo=1
2026-09-29 14:15:00,14:14,2026-09-29,funabashi,1,15,三連複,2-4-8,43.8,43.8,21,https://www.keiba.go.jp/KeibaWeb/TodayRaceInfo/Odds3LenFuku?k_babaCode=19&k_raceDate=2026%2F09%2F29&k_raceNo=1
2026-09-29 14:15:00,14:14,2026-09-29,funabashi,1,15,三連複,2-4-9,416.9,416.9,101,https://www.keiba.go.jp/KeibaWeb/TodayRaceInfo/Odds3LenFuku?k_babaCode=19&k_raceDate=2026%2F09%2F29&k_raceNo=1
2026-09-29 14:15:00,14:14,2026-09-29,funabashi,1,15,三連複,2-5-10,295.7,295.7,74,https://www.keiba.go.jp/KeibaWeb/TodayRaceInfo/Odds3LenFuku?k_babaCode=19&k_raceDate=2026%2F09%2F29&k_raceNo=1
2026-09-29 14:15:00,14:14,2026-09-29,funabashi,1,15,三連複,2-5-11,184.2,184.2,49,https://www.keiba.go.jp/KeibaWeb/TodayRaceInfo/Odds3LenFuku?k_babaCode=19&k_raceDate=2026%2F09%2F29&k_raceNo=1
2026-09-29 14:15:00,14:14,2026-09-29,funabashi,1,15,三連複,2-5-12,2825.8,2825.8,201,https://www.keiba.go.jp/KeibaWeb/TodayRaceInfo/Odds3LenFuku?k_babaCode=19&k_raceDate=2026%2F09%2F29&k_raceNo=1
2026-09-29 14:15:00,14:14,2026-09-29,funabashi,1,15,三連複,2-5-6,194.1,194.1,50,https://www.keiba.go.jp/KeibaWeb/TodayRaceInfo/Odds3LenFuku?k_babaCode=19&k_raceDate=2026%2F09%2F29&k_raceNo=1
2026-09-29 14:15:00,14:14,2026-09-29,funabashi,1,15,三連複,2-5-7,242.2,242.2,60,https://www.keiba.go.jp/KeibaWeb/TodayRaceInfo/Odds3LenFuku?k_babaCode=19&k_raceDate=2026%2F09%2F29&k_raceNo=1
2026-09-29 14:15:00,14:14,2026-09-29,funabashi,1,15,三連複,2-5-8,31.0,31.0,12,https://www.keiba.go.jp/KeibaWeb/TodayRaceInfo/Odds3LenFuku?k_babaCode=19&k_raceDate=2026%2F09%2F29&k_raceNo=1
2026-09-29 14:15:00,14:14,2026-09-29,funabashi,1,15,三連複,2-5-9,403.6,403.6,97,https://www.keiba.go.jp/KeibaWeb/TodayRaceInfo/Odds3LenFuku?k_babaCode=19&k_raceDate=2026%2F09%2F29&k_raceNo=1
2026-09-29 14:15:00,14:14,2026-09-29,funabashi,1,15,三連複,2-6-10,276.4,276.4,68,https://www.keiba.go.jp/KeibaWeb/TodayRaceInfo/Odds3LenFuku?k_babaCode=19&k_raceDate=2026%2F09%2F29&k_raceNo=1
2026-09-29 14:15:00,14:14,2026-09-29,funabashi,1,15,三連複,2-6-11,138.2,138.2,41,https://www.keiba.go.jp/KeibaWeb/TodayRaceInfo/Odds3LenFuku?k_babaCode=19&k_raceDate=2026%2F09%2F29&k_raceNo=1
2026-09-29 14:15:00,14:14,2026-09-29,funabashi,1,15,三連複,2-6-12,1017.3,1017.3,148,https://www.keiba.go.jp/KeibaWeb/TodayRaceInfo/Odds3LenFuku?k_babaCode=19&k_raceDate=2026%2F09%2F29&k_raceNo=1
2026-09-29 14:15:00,14:14,2026-09-29,funabashi,1,15,三連複,2-6-7,152.2,152.2,45,https://www.keiba.go.jp/KeibaWeb/TodayRaceInfo/Odds3LenFuku?k_babaCode=19&k_raceDate=2026%2F09%2F29&k_raceNo=1
2026-09-29 14:15:00,14:14,2026-09-29,funabashi,1,15,三連複,2-6-8,22.2,22.2,3,https://www.keiba.go.jp/KeibaWeb/TodayRaceInfo/Odds3LenFuku?k_babaCode=19&k_raceDate=2026%2F09%2F29&k_raceNo=1
2026-09-29 14:15:00,14:14,2026-09-29,funabashi,1,15,三連複,2-6-9,219.2,219.2,56,https://www.keiba.go.jp/KeibaWeb/TodayRaceInfo/Odds3LenFuku?k_babaCode=19&k_raceDate=2026%2F09%2F29&k_raceNo=1
2026-09-29 14:15:00,14:14,2026-09-29,funabashi,1,15,三連複,2-7-10,565.1,565.1,121,https://www.keiba.go.jp/KeibaWeb/TodayRaceInfo/Odds3LenFuku?k_babaCode=19&k_raceDate=2026%2F09%2F29&k_raceNo=1
2026-09-29 14:15:00,14:14,2026-09-29,funabashi,1,15,三連複,2-7-11,270.5,270.5,67,https://www.keiba.go.jp/KeibaWeb/TodayRaceInfo/Odds3LenFuku?k_babaCode=19&k_raceDate=2026%2F09%2F29&k_raceNo=1
2026-09-29 14:15:00,14:14,2026-09-29,funabashi,1,15,三連複,2-7-12,2312.0,2312.0,191,https://www.keiba.go.jp/KeibaWeb/TodayRaceInfo/Odds3LenFuku?k_babaCode=19&k_raceDate=2026%2F09%2F29&k_raceNo=1
2026-09-29 14:15:00,14:14,2026-09-29,funabashi,1,15,三連複,2-7-8,42.9,42.9,20,https://www.keiba.go.jp/KeibaWeb/TodayRaceInfo/Odds3LenFuku?k_babaCode=19&k_raceDate=2026%2F09%2F29&k_raceNo=1
2026-09-29 14:15:00,14:14,2026-09-29,funabashi,1,15,三連複,2-7-9,267.7,267.7,65,https://www.keiba.go.jp/KeibaWeb/TodayRaceInfo/Odds3LenFuku?k_babaCode=19&k_raceDate=2026%2F09%2F29&k_raceNo=1
2026-09-29 14:15:00,14:14,2026-09-29,funabashi,1,15,三連複,2-8-10,44.3,44.3,22,https://www.keiba.go.jp/KeibaWeb/TodayRaceInfo/Odds3LenFuku?k_babaCode=19&k_raceDate=2026%2F09%2F29&k_raceNo=1
2026-09-29 14:15:00,14:14,2026-09-29,funabashi,1,15,三連複,2-8-11,24.9,24.9,8,https://www.keiba.go.jp/KeibaWeb/TodayRaceInfo/Odds3LenFuku?k_babaCode=19&k_raceDate=2026%2F09%2F29&k_raceNo=1
2026-09-29 14:15:00,14:14,2026-09-29,funabashi,1,15,三連複,2-8-12,431.0,431.0,104,https://www.keiba.go.jp/KeibaWeb/TodayRaceInfo/Odds3LenFuku?k_babaCode=19&k_raceDate=2026%2F09%2F29&k_raceNo=1
2026-09-29 14:15:00,14:14,2026-09-29,funabashi,1,15,三連複,2-8-9,36.2,36.2,17,https://www.keiba.go.jp/KeibaWeb/TodayRaceInfo/Odds3LenFuku?k_babaCode=19&k_raceDate=2026%2F09%2F29&k_raceNo=1
2026-09-29 14:15:00,14:14,2026-09-29,funabashi,1,15,三連複,2-9-10,591.4,591.4,123,https://www.keiba.go.jp/KeibaWeb/TodayRaceInfo/Odds3LenFuku?k_babaCode=19&k_raceDate=2026%2F09%2F29&k_raceNo=1
2026-09-29 14:15:00,14:14,2026-09-29,funabashi,1,15,三連複,2-9-11,282.5,282.5,70,https://www.keiba.go.jp/KeibaWeb/TodayRaceInfo/Odds3LenFuku?k_babaCode=19&k_raceDate=2026%2F09%2F29&k_raceNo=1
2026-09-29 14:15:00,14:14,2026-09-29,funabashi,1,15,三連複,2-9-12,5086.6,5086.6,211,https://www.keiba.go.jp/KeibaWeb/TodayRaceInfo/Odds3LenFuku?k_babaCode=19&k_raceDate=2026%2F09%2F29&k_raceNo=1
2026-09-29 14:15:00,14:14,2026-09-29,funabashi,1,15,三連複,3-10-11,2312.0,2312.0,191,https://www.keiba.go.jp/KeibaWeb/TodayRaceInfo/Odds3LenFuku?k_babaCode=19&k_raceDate=2026%2F09%2F29&k_raceNo=1
2026-09-29 14:15:00,14:14,2026-09-29,funabashi,1,15,三連複,3-10-12,3179.1,3179.1,206,https://www.keiba.go.jp/KeibaWeb/TodayRaceInfo/Odds3LenFuku?k_babaCode=19&k_raceDate=2026%2F09%2F29&k_raceNo=1
2026-09-29 14:15:00,14:14,2026-09-29,funabashi,1,15,三連複,3-11-12,2312.0,2312.0,191,https://www.keiba.go.jp/KeibaWeb/TodayRaceInfo/Odds3LenFuku?k_babaCode=19&k_raceDate=2026%2F09%2F29&k_raceNo=1
2026-09-29 14:15:00,14:14,2026-09-29,funabashi,1,15,三連複,3-4-10,2543.3,2543.3,198,https://www.keiba.go.jp/KeibaWeb/TodayRaceInfo/Odds3LenFuku?k_babaCode=19&k_raceDate=2026%2F09%2F29&k_raceNo=1
2026-09-29 14:15:00,14:14,2026-09-29,funabashi,1,15,三連複,3-4-11,1956.3,1956.3,184,https://www.keiba.go.jp/KeibaWeb/TodayRaceInfo/Odds3LenFuku?k_babaCode=19&k_raceDate=2026%2F09%2F29&k_raceNo=1
2026-09-29 14:15:00,14:14,2026-09-29,funabashi,1,15,三連複,3-4-12,12716.5,12716.5,216,https://www.keiba.go.jp/KeibaWeb/TodayRaceInfo/Odds3LenFuku?k_babaCode=19&k_raceDate=2026%2F09%2F29&k_raceNo=1
2026-09-29 14:15:00,14:14,2026-09-29,funabashi,1,15,三連複,3-4-5,2543.3,2543.3,198,https://www.keiba.go.jp/KeibaWeb/TodayRaceInfo/Odds3LenFuku?k_babaCode=19&k_raceDate=2026%2F09%2F29&k_raceNo=1
2026-09-29 14:15:00,14:14,2026-09-29,funabashi,1,15,三連複,3-4-6,1589.5,1589.5,166,https://www.keiba.go.jp/KeibaWeb/TodayRaceInfo/Odds3LenFuku?k_babaCode=19&k_raceDate=2026%2F09%2F29&k_raceNo=1
2026-09-29 14:15:00,14:14,2026-09-29,funabashi,1,15,三連複,3-4-7,687.3,687.3,134,https://www.keiba.go.jp/KeibaWeb/TodayRaceInfo/Odds3LenFuku?k_babaCode=19&k_raceDate=2026%2F09%2F29&k_raceNo=1
2026-09-29 14:15:00,14:14,2026-09-29,funabashi,1,15,三連複,3-4-8,374.0,374.0,93,https://www.keiba.go.jp/KeibaWeb/TodayRaceInfo/Odds3LenFuku?k_babaCode=19&k_raceDate=2026%2F09%2F29&k_raceNo=1
2026-09-29 14:15:00,14:14,2026-09-29,funabashi,1,15,三連複,3-4-9,1271.6,1271.6,153,https://www.keiba.go.jp/KeibaWeb/TodayRaceInfo/Odds3LenFuku?k_babaCode=19&k_raceDate=2026%2F09%2F29&k_raceNo=1
2026-09-29 14:15:00,14:14,2026-09-29,funabashi,1,15,三連複,3-5-10,2119.4,2119.4,188,https://www.keiba.go.jp/KeibaWeb/TodayRaceInfo/Odds3LenFuku?k_babaCode=19&k_raceDate=2026%2F09%2F29&k_raceNo=1
2026-09-29 14:15:00,14:14,2026-09-29,funabashi,1,15,三連複,3-5-11,1695.5,1695.5,174,https://www.keiba.go.jp/KeibaWeb/TodayRaceInfo/Odds3LenFuku?k_babaCode=19&k_raceDate=2026%2F09%2F29&k_raceNo=1
2026-09-29 14:15:00,14:14,2026-09-29,funabashi,1,15,三連複,3-5-12,25433.0,25433.0,219,https://www.keiba.go.jp/KeibaWeb/TodayRaceInfo/Odds3LenFuku?k_babaCode=19&k_raceDate=2026%2F09%2F29&k_raceNo=1
2026-09-29 14:15:00,14:14,2026-09-29,funabashi,1,15,三連複,3-5-6,706.4,706.4,136,https://www.keiba.go.jp/KeibaWeb/TodayRaceInfo/Odds3LenFuku?k_babaCode=19&k_raceDate=2026%2F09%2F29&k_raceNo=1
2026-09-29 14:15:00,14:14,2026-09-29,funabashi,1,15,三連複,3-5-7,1271.6,1271.6,153,https://www.keiba.go.jp/KeibaWeb/TodayRaceInfo/Odds3LenFuku?k_babaCode=19&k_raceDate=2026%2F09%2F29&k_raceNo=1
2026-09-29 14:15:00,14:14,2026-09-29,funabashi,1,15,三連複,3-5-8,353.2,353.2,90,https://www.keiba.go.jp/KeibaWeb/TodayRaceInfo/Odds3LenFuku?k_babaCode=19&k_raceDate=2026%2F09%2F29&k_raceNo=1
2026-09-29 14:15:00,14:14,2026-09-29,funabashi,1,15,三連複,3-5-9,1695.5,1695.5,174,https://www.keiba.go.jp/KeibaWeb/TodayRaceInfo/Odds3LenFuku?k_babaCode=19&k_raceDate=2026%2F09%2F29&k_raceNo=1
2026-09-29 14:15:00,14:14,2026-09-29,funabashi,1,15,三連複,3-6-10,1956.3,1956.3,184,https://www.keiba.go.jp/KeibaWeb/TodayRaceInfo/Odds3LenFuku?k_babaCode=19&k_raceDate=2026%2F09%2F29&k_raceNo=1
2026-09-29 14:15:00,14:14,2026-09-29,funabashi,1,15,三連複,3-6-11,908.3,908.3,143,https://www.keiba.go.jp/KeibaWeb/TodayRaceInfo/Odds3LenFuku?k_babaCode=19&k_raceDate=2026%2F09%2F29&k_raceNo=1
2026-09-29 14:15:00,14:14,2026-09-29,funabashi,1,15,三連複,3-6-12,6358.2,6358.2,214,https://www.keiba.go.jp/KeibaWeb/TodayRaceInfo/Odds3LenFuku?k_babaCode=19&k_raceDate=2026%2F09%2F29&k_raceNo=1
2026-09-29 14:15:00,14:14,2026-09-29,funabashi,1,15,三連複,3-6-7,726.6,726.6,137,https://www.keiba.go.jp/KeibaWeb/TodayRaceInfo/Odds3LenFuku?k_babaCode=19&k_raceDate=2026%2F09%2F29&k_raceNo=1
2026-09-29 14:15:00,14:14,2026-09-29,funabashi,1,15,三連複,3-6-8,249.3,249.3,61,https://www.keiba.go.jp/KeibaWeb/TodayRaceInfo/Odds3LenFuku?k_babaCode=19&k_raceDate=2026%2F09%2F29&k_raceNo=1
2026-09-29 14:15:00,14:14,2026-09-29,funabashi,1,15,三連複,3-6-9,489.0,489.0,113,https://www.keiba.go.jp/KeibaWeb/TodayRaceInfo/Odds3LenFuku?k_babaCode=19&k_raceDate=2026%2F09%2F29&k_raceNo=1
2026-09-29 14:15:00,14:14,2026-09-29,funabashi,1,15,三連複,3-7-10,2825.8,2825.8,201,https://www.keiba.go.jp/KeibaWeb/TodayRaceInfo/Odds3LenFuku?k_babaCode=19&k_raceDate=2026%2F09%2F29&k_raceNo=1
2026-09-29 14:15:00,14:14,2026-09-29,funabashi,1,15,三連複,3-7-11,1496.0,1496.0,164,https://www.keiba.go.jp/KeibaWeb/TodayRaceInfo/Odds3LenFuku?k_babaCode=19&k_raceDate=2026%2F09%2F29&k_raceNo=1
2026-09-29 14:15:00,14:14,2026-09-29,funabashi,1,15,三連複,3-7-12,3179.1,3179.1,206,https://www.keiba.go.jp/KeibaWeb/TodayRaceInfo/Odds3LenFuku?k_babaCode=19&k_raceDate=2026%2F09%2F29&k_raceNo=1
2026-09-29 14:15:00,14:14,2026-09-29,funabashi,1,15,三連複,3-7-8,299.2,299.2,75,https://www.keiba.go.jp/KeibaWeb/TodayRaceInfo/Odds3LenFuku?k_babaCode=19&k_raceDate=2026%2F09%2F29&k_raceNo=1
2026-09-29 14:15:00,14:14,2026-09-29,funabashi,1,15,三連複,3-7-9,578.0,578.0,122,https://www.keiba.go.jp/KeibaWeb/TodayRaceInfo/Odds3LenFuku?k_babaCode=19&k_raceDate=2026%2F09%2F29&k_raceNo=1
2026-09-29 14:15:00,14:14,2026-09-29,funabashi,1,15,三連複,3-8-10,519.0,519.0,118,https://www.keiba.go.jp/KeibaWeb/TodayRaceInfo/Odds3LenFuku?k_babaCode=19&k_raceDate=2026%2F09%2F29&k_raceNo=1
2026-09-29 14:15:00,14:14,2026-09-29,funabashi,1,15,三連複,3-8-11,262.1,262.1,64,https://www.keiba.go.jp/KeibaWeb/TodayRaceInfo/Odds3LenFuku?k_babaCode=19&k_raceDate=2026%2F09%2F29&k_raceNo=1
2026-09-29 14:15:00,14:14,2026-09-29,funabashi,1,15,三連複,3-8-12,1956.3,1956.3,184,https://www.keiba.go.jp/KeibaWeb/TodayRaceInfo/Odds3LenFuku?k_babaCode=19&k_raceDate=2026%2F09%2F29&k_raceNo=1
2026-09-29 14:15:00,14:14,2026-09-29,funabashi,1,15,三連複,3-8-9,289.0,289.0,73,https://www.keiba.go.jp/KeibaWeb/TodayRaceInfo/Odds3LenFuku?k_babaCode=19&k_raceDate=2026%2F09%2F29&k_raceNo=1
2026-09-29 14:15:00,14:14,2026-09-29,funabashi,1,15,三連複,3-9-10,1589.5,1589.5,166,https://www.keiba.go.jp/KeibaWeb/TodayRaceInfo/Odds3LenFuku?k_babaCode=19&k_raceDate=2026%2F09%2F29&k_raceNo=1
2026-09-29 14:15:00,14:14,2026-09-29,funabashi,1,15,三連複,3-9-11,1338.5,1338.5,157,https://www.keiba.go.jp/KeibaWeb/TodayRaceInfo/Odds3LenFuku?k_babaCode=19&k_raceDate=2026%2F09%2F29&k_raceNo=1
2026-09-29 14:15:00,14:14,2026-09-29,funabashi,1,15,三連複,3-9-12,8477.6,8477.6,215,https://www.keiba.go.jp/KeibaWeb/TodayRaceInfo/Odds3LenFuku?k_babaCode=19&k_raceDate=2026%2F09%2F29&k_raceNo=1
2026-09-29 14:15:00,14:14,2026-09-29,funabashi,1,15,三連複,4-10-11,348.3,348.3,89,https://www.keiba.go.jp/KeibaWeb/TodayRaceInfo/Odds3LenFuku?k_babaCode=19&k_raceDate=2026%2F09%2F29&k_raceNo=1
2026-09-29 14:15:00,14:14,2026-09-29,funabashi,1,15,三連複,4-10-12,1695.5,1695.5,174,https://www.keiba.go.jp/KeibaWeb/TodayRaceInfo/Odds3LenFuku?k_babaCode=19&k_raceDate=2026%2F09%2F29&k_raceNo=1
2026-09-29 14:15:00,14:14,2026-09-29,funabashi,1,15,三連複,4-11-12,1589.5,1589.5,166,https://www.keiba.go.jp/KeibaWeb/TodayRaceInfo/Odds3LenFuku?k_babaCode=19&k_raceDate=2026%2F09%2F29&k_raceNo=1
2026-09-29 14:15:00,14:14,2026-09-29,funabashi,1,15,三連複,4-5-10,620.3,620.3,126,https://www.keiba.go.jp/KeibaWeb/TodayRaceInfo/Odds3LenFuku?k_babaCode=19&k_raceDate=2026%2F09%2F29&k_raceNo=1
2026-09-29 14:15:00,14:14,2026-09-29,funabashi,1,15,三連複,4-5-11,254.3,254.3,63,https://www.keiba.go.jp/KeibaWeb/TodayRaceInfo/Odds3LenFuku?k_babaCode=19&k_raceDate=2026%2F09%2F29&k_raceNo=1
2026-09-29 14:15:00,14:14,2026-09-29,funabashi,1,15,三連複,4-5-12,3179.1,3179.1,206,https://www.keiba.go.jp/KeibaWeb/TodayRaceInfo/Odds3LenFuku?k_babaCode=19&k_raceDate=2026%2F09%2F29&k_raceNo=1
2026-09-29 14:15:00,14:14,2026-09-29,funabashi,1,15,三連複,4-5-6,136.7,136.7,39,https://www.keiba.go.jp/KeibaWeb/TodayRaceInfo/Odds3LenFuku?k_babaCode=19&k_raceDate=2026%2F09%2F29&k_raceNo=1
2026-09-29 14:15:00,14:14,2026-09-29,funabashi,1,15,三連複,4-5-7,179.1,179.1,48,https://www.keiba.go.jp/KeibaWeb/TodayRaceInfo/Odds3LenFuku?k_babaCode=19&k_raceDate=2026%2F09%2F29&k_raceNo=1
2026-09-29 14:15:00,14:14,2026-09-29,funabashi,1,15,三連複,4-5-8,33.7,33.7,15,https://www.keiba.go.jp/KeibaWeb/TodayRaceInfo/Odds3LenFuku?k_babaCode=19&k_raceDate=2026%2F09%2F29&k_raceNo=1
2026-09-29 14:15:00,14:14,2026-09-29,funabashi,1,15,三連複,4-5-9,282.5,282.5,70,https://www.keiba.go.jp/KeibaWeb/TodayRaceInfo/Odds3LenFuku?k_babaCode=19&k_raceDate=2026%2F09%2F29&k_raceNo=1
2026-09-29 14:15:00,14:14,2026-09-29,funabashi,1,15,三連複,4-6-10,321.9,321.9,80,https://www.keiba.go.jp/KeibaWeb/TodayRaceInfo/Odds3LenFuku?k_babaCode=19&k_raceDate=2026%2F09%2F29&k_raceNo=1
2026-09-29 14:15:00,14:14,2026-09-29,funabashi,1,15,三連複,4-6-11,137.4,137.4,40,https://www.keiba.go.jp/KeibaWeb/TodayRaceInfo/Odds3LenFuku?k_babaCode=19&k_raceDate=2026%2F09%2F29&k_raceNo=1
2026-09-29 14:15:00,14:14,2026-09-29,funabashi,1,15,三連複,4-6-12,1211.0,1211.0,152,https://www.keiba.go.jp/KeibaWeb/TodayRaceInfo/Odds3LenFuku?k_babaCode=19&k_raceDate=2026%2F09%2F29&k_raceNo=1
2026-09-29 14:15:00,14:14,2026-09-29,funabashi,1,15,三連複,4-6-7,106.8,106.8,36,https://www.keiba.go.jp/KeibaWeb/TodayRaceInfo/Odds3LenFuku?k_babaCode=19&k_raceDate=2026%2F09%2F29&k_raceNo=1
2026-09-29 14:15:00,14:14,2026-09-29,funabashi,1,15,三連複,4-6-8,23.3,23.3,6,https://www.keiba.go.jp/KeibaWeb/TodayRaceInfo/Odds3LenFuku?k_babaCode=19&k_raceDate=2026%2F09%2F29&k_raceNo=1
2026-09-29 14:15:00,14:14,2026-09-29,funabashi,1,15,三連複,4-6-9,229.1,229.1,57,https://www.keiba.go.jp/KeibaWeb/TodayRaceInfo/Odds3LenFuku?k_babaCode=19&k_raceDate=2026%2F09%2F29&k_raceNo=1
2026-09-29 14:15:00,14:14,2026-09-29,funabashi,1,15,三連複,4-7-10,446.1,446.1,106,https://www.keiba.go.jp/KeibaWeb/TodayRaceInfo/Odds3LenFuku?k_babaCode=19&k_raceDate=2026%2F09%2F29&k_raceNo=1
2026-09-29 14:15:00,14:14,2026-09-29,funabashi,1,15,三連複,4-7-11,143.6,143.6,43,https://www.keiba.go.jp/KeibaWeb/TodayRaceInfo/Odds3LenFuku?k_babaCode=19&k_raceDate=2026%2F09%2F29&k_raceNo=1
2026-09-29 14:15:00,14:14,2026-09-29,funabashi,1,15,三連複,4-7-12,1156.0,1156.0,151,https://www.keiba.go.jp/KeibaWeb/TodayRaceInfo/Odds3LenFuku?k_babaCode=19&k_raceDate=2026%2F09%2F29&k_raceNo=1
2026-09-29 14:15:00,14:14,2026-09-29,funabashi,1,15,三連複,4-7-8,35.0,35.0,16,https://www.keiba.go.jp/KeibaWeb/TodayRaceInfo/Odds3LenFuku?k_babaCode=19&k_raceDate=2026%2F09%2F29&k_raceNo=1
2026-09-29 14:15:00,14:14,2026-09-29,funabashi,1,15,三連複,4-7-9,201.8,201.8,52,https://www.keiba.go.jp/KeibaWeb/TodayRaceInfo/Odds3LenFuku?k_babaCode=19&k_raceDate=2026%2F09%2F29&k_raceNo=1
2026-09-29 14:15:00,14:14,2026-09-29,funabashi,1,15,三連複,4-8-10,62.9,62.9,27,https://www.keiba.go.jp/KeibaWeb/TodayRaceInfo/Odds3LenFuku?k_babaCode=19&k_raceDate=2026%2F09%2F29&k_raceNo=1
2026-09-29 14:15:00,14:14,2026-09-29,funabashi,1,15,三連複,4-8-11,31.0,31.0,11,https://www.keiba.go.jp/KeibaWeb/TodayRaceInfo/Odds3LenFuku?k_babaCode=19&k_raceDate=2026%2F09%2F29&k_raceNo=1
2026-09-29 14:15:00,14:14,2026-09-29,funabashi,1,15,三連複,4-8-12,363.3,363.3,91,https://www.keiba.go.jp/KeibaWeb/TodayRaceInfo/Odds3LenFuku?k_babaCode=19&k_raceDate=2026%2F09%2F29&k_raceNo=1
2026-09-29 14:15:00,14:14,2026-09-29,funabashi,1,15,三連複,4-8-9,45.5,45.5,23,https://www.keiba.go.jp/KeibaWeb/TodayRaceInfo/Odds3LenFuku?k_babaCode=19&k_raceDate=2026%2F09%2F29&k_raceNo=1
2026-09-29 14:15:00,14:14,2026-09-29,funabashi,1,15,三連複,4-9-10,652.1,652.1,130,https://www.keiba.go.jp/KeibaWeb/TodayRaceInfo/Odds3LenFuku?k_babaCode=19&k_raceDate=2026%2F09%2F29&k_raceNo=1
2026-09-29 14:15:00,14:14,2026-09-29,funabashi,1,15,三連複,4-9-11,267.7,267.7,65,https://www.keiba.go.jp/KeibaWeb/TodayRaceInfo/Odds3LenFuku?k_babaCode=19&k_raceDate=2026%2F09%2F29&k_raceNo=1
2026-09-29 14:15:00,14:14,2026-09-29,funabashi,1,15,三連複,4-9-12,2312.0,2312.0,191,https://www.keiba.go.jp/KeibaWeb/TodayRaceInfo/Odds3LenFuku?k_babaCode=19&k_raceDate=2026%2F09%2F29&k_raceNo=1
2026-09-29 14:15:00,14:14,2026-09-29,funabashi,1,15,三連複,5-10-11,462.4,462.4,109,https://www.keiba.go.jp/KeibaWeb/TodayRaceInfo/Odds3LenFuku?k_babaCode=19&k_raceDate=2026%2F09%2F29&k_raceNo=1
2026-09-29 14:15:00,14:14,2026-09-29,funabashi,1,15,三連複,5-10-12,2825.8,2825.8,201,https://www.keiba.go.jp/KeibaWeb/TodayRaceInfo/Odds3LenFuku?k_babaCode=19&k_raceDate=2026%2F09%2F29&k_raceNo=1
2026-09-29 14:15:00,14:14,2026-09-29,funabashi,1,15,三連複,5-11-12,2312.0,2312.0,191,https://www.keiba.go.jp/KeibaWeb/TodayRaceInfo/Odds3LenFuku?k_babaCode=19&k_raceDate=2026%2F09%2F29&k_raceNo=1
2026-09-29 14:15:00,14:14,2026-09-29,funabashi,1,15,三連複,5-6-10,321.9,321.9,80,https://www.keiba.go.jp/KeibaWeb/TodayRaceInfo/Odds3LenFuku?k_babaCode=19&k_raceDate=2026%2F09%2F29&k_raceNo=1
2026-09-29 14:15:00,14:14,2026-09-29,funabashi,1,15,三連複,5-6-11,158.9,158.9,46,https://www.keiba.go.jp/KeibaWeb/TodayRaceInfo/Odds3LenFuku?k_babaCode=19&k_raceDate=2026%2F09%2F29&k_raceNo=1
2026-09-29 14:15:00,14:14,2026-09-29,funabashi,1,15,三連複,5-6-12,1816.6,1816.6,181,https://www.keiba.go.jp/KeibaWeb/TodayRaceInfo/Odds3LenFuku?k_babaCode=19&k_raceDate=2026%2F09%2F29&k_raceNo=1
2026-09-29 14:15:00,14:14,2026-09-29,funabashi,1,15,三連複,5-6-7,163.0,163.0,47,https://www.keiba.go.jp/KeibaWeb/TodayRaceInfo/Odds3LenFuku?k_babaCode=19&k_raceDate=2026%2F09%2F29&k_raceNo=1
2026-09-29 14:15:00,14:14,2026-09-29,funabashi,1,15,三連複,5-6-8,26.0,26.0,9,https://www.keiba.go.jp/KeibaWeb/TodayRaceInfo/Odds3LenFuku?k_babaCode=19&k_raceDate=2026%2F09%2F29&k_raceNo=1
2026-09-29 14:15:00,14:14,2026-09-29,funabashi,1,15,三連複,5-6-9,302.7,302.7,76,https://www.keiba.go.jp/KeibaWeb/TodayRaceInfo/Odds3LenFuku?k_babaCode=19&k_raceDate=2026%2F09%2F29&k_raceNo=1
2026-09-29 14:15:00,14:14,2026-09-29,funabashi,1,15,三連複,5-7-10,379.5,379.5,94,https://www.keiba.go.jp/KeibaWeb/TodayRaceInfo/Odds3LenFuku?k_babaCode=19&k_raceDate=2026%2F09%2F29&k_raceNo=1
2026-09-29 14:15:00,14:14,2026-09-29,funabashi,1,15,三連複,5-7-11,229.1,229.1,57,https://www.keiba.go.jp/KeibaWeb/TodayRaceInfo/Odds3LenFuku?k_babaCode=19&k_raceDate=2026%2F09%2F29&k_raceNo=1
2026-09-29 14:15:00,14:14,2026-09-29,funabashi,1,15,三連複,5-7-12,2312.0,2312.0,191,https://www.keiba.go.jp/KeibaWeb/TodayRaceInfo/Odds3LenFuku?k_babaCode=19&k_raceDate=2026%2F09%2F29&k_raceNo=1
2026-09-29 14:15:00,14:14,2026-09-29,funabashi,1,15,三連複,5-7-8,51.1,51.1,26,https://www.keiba.go.jp/KeibaWeb/TodayRaceInfo/Odds3LenFuku?k_babaCode=19&k_raceDate=2026%2F09%2F29&k_raceNo=1
2026-09-29 14:15:00,14:14,2026-09-29,funabashi,1,15,三連複,5-7-9,410.2,410.2,98,https://www.keiba.go.jp/KeibaWeb/TodayRaceInfo/Odds3LenFuku?k_babaCode=19&k_raceDate=2026%2F09%2F29&k_raceNo=1
2026-09-29 14:15:00,14:14,2026-09-29,funabashi,1,15,三連複,5-8-10,49.9,49.9,25,https://www.keiba.go.jp/KeibaWeb/TodayRaceInfo/Odds3LenFuku?k_babaCode=19&k_raceDate=2026%2F09%2F29&k_raceNo=1
2026-09-29 14:15:00,14:14,2026-09-29,funabashi,1,15,三連複,5-8-11,27.2,27.2,10,https://www.keiba.go.jp/KeibaWeb/TodayRaceInfo/Odds3LenFuku?k_babaCode=19&k_raceDate=2026%2F09%2F29&k_raceNo=1
2026-09-29 14:15:00,14:14,2026-09-29,funabashi,1,15,三連複,5-8-12,508.6,508.6,116,https://www.keiba.go.jp/KeibaWeb/TodayRaceInfo/Odds3LenFuku?k_babaCode=19&k_raceDate=2026%2F09%2F29&k_raceNo=1
2026-09-29 14:15:00,14:14,2026-09-29,funabashi,1,15,三連複,5-8-9,38.5,38.5,18,https://www.keiba.go.jp/KeibaWeb/TodayRaceInfo/Odds3LenFuku?k_babaCode=19&k_raceDate=2026%2F09%2F29&k_raceNo=1
2026-09-29 14:15:00,14:14,2026-09-29,funabashi,1,15,三連複,5-9-10,635.8,635.8,128,https://www.keiba.go.jp/KeibaWeb/TodayRaceInfo/Odds3LenFuku?k_babaCode=19&k_raceDate=2026%2F09%2F29&k_raceNo=1
2026-09-29 14:15:00,14:14,2026-09-29,funabashi,1,15,三連複,5-9-11,334.6,334.6,85,https://www.keiba.go.jp/KeibaWeb/TodayRaceInfo/Odds3LenFuku?k_babaCode=19&k_raceDate=2026%2F09%2F29&k_raceNo=1
2026-09-29 14:15:00,14:14,2026-09-29,funabashi,1,15,三連複,5-9-12,5086.6,5086.6,211,https://www.keiba.go.jp/KeibaWeb/TodayRaceInfo/Odds3LenFuku?k_babaCode=19&k_raceDate=2026%2F09%2F29&k_raceNo=1
2026-09-29 14:15:00,14:14,2026-09-29,funabashi,1,15,三連複,6-10-11,213.7,213.7,55,https://www.keiba.go.jp/KeibaWeb/TodayRaceInfo/Odds3LenFuku?k_babaCode=19&k_raceDate=2026%2F09%2F29&k_raceNo=1
2026-09-29 14:15:00,14:14,2026-09-29,funabashi,1,15,三連複,6-10-12,1412.9,1412.9,159,https://www.keiba.go.jp/KeibaWeb/TodayRaceInfo/Odds3LenFuku?k_babaCode=19&k_raceDate=2026%2F09%2F29&k_raceNo=1
2026-09-29 14:15:00,14:14,2026-09-29,funabashi,1,15,三連複,6-11-12,748.0,748.0,138,https://www.keiba.go.jp/KeibaWeb/TodayRaceInfo/Odds3LenFuku?k_babaCode=19&k_raceDate=2026%2F09%2F29&k_raceNo=1
2026-09-29 14:15:00,14:14,2026-09-29,funabashi,1,15,三連複,6-7-10,310.1,310.1,78,https://www.keiba.go.jp/KeibaWeb/TodayRaceInfo/Odds3LenFuku?k_babaCode=19&k_raceDate=2026%2F09%2F29&k_raceNo=1
2026-09-29 14:15:00,14:14,2026-09-29,funabashi,1,15,三連複,6-7-11,98.9,98.9,34,https://www.keiba.go.jp/KeibaWeb/TodayRaceInfo/Odds3LenFuku?k_babaCode=19&k_raceDate=2026%2F09%2F29&k_raceNo=1
2026-09-29 14:15:00,14:14,2026-09-29,funabashi,1,15,三連複,6-7-12,978.1,978.1,146,https://www.keiba.go.jp/KeibaWeb/TodayRaceInfo/Odds3LenFuku?k_babaCode=19&k_raceDate=2026%2F09%2F29&k_raceNo=1
2026-09-29 14:15:00,14:14,2026-09-29,funabashi,1,15,三連複,6-7-8,15.7,15.7,2,https://www.keiba.go.jp/KeibaWeb/TodayRaceInfo/Odds3LenFuku?k_babaCode=19&k_raceDate=2026%2F09%2F29&k_raceNo=1
2026-09-29 14:15:00,14:14,2026-09-29,funabashi,1,15,三連複,6-7-9,140.5,140.5,42,https://www.keiba.go.jp/KeibaWeb/TodayRaceInfo/Odds3LenFuku?k_babaCode=19&k_raceDate=2026%2F09%2F29&k_raceNo=1
2026-09-29 14:15:00,14:14,2026-09-29,funabashi,1,15,三連複,6-8-10,40.3,40.3,19,https://www.keiba.go.jp/KeibaWeb/TodayRaceInfo/Odds3LenFuku?k_babaCode=19&k_raceDate=2026%2F09%2F29&k_raceNo=1
2026-09-29 14:15:00,14:14,2026-09-29,funabashi,1,15,三連複,6-8-11,15.4,15.4,1,https://www.keiba.go.jp/KeibaWeb/TodayRaceInfo/Odds3LenFuku?k_babaCode=19&k_raceDate=2026%2F09%2F29&k_raceNo=1
2026-09-29 14:15:00,14:14,2026-09-29,funabashi,1,15,三連複,6-8-12,326.0,326.0,82,https://www.keiba.go.jp/KeibaWeb/TodayRaceInfo/Odds3LenFuku?k_babaCode=19&k_raceDate=2026%2F09%2F29&k_raceNo=1
2026-09-29 14:15:00,14:14,2026-09-29,funabashi,1,15,三連複,6-8-9,23.0,23.0,5,https://www.keiba.go.jp/KeibaWeb/TodayRaceInfo/Odds3LenFuku?k_babaCode=19&k_raceDate=2026%2F09%2F29&k_raceNo=1
2026-09-29 14:15:00,14:14,2026-09-29,funabashi,1,15,三連複,6-9-10,326.0,326.0,82,https://www.keiba.go.jp/KeibaWeb/TodayRaceInfo/Odds3LenFuku?k_babaCode=19&k_raceDate=2026%2F09%2F29&k_raceNo=1
2026-09-29 14:15:00,14:14,2026-09-29,funabashi,1,15,三連複,6-9-11,147.8,147.8,44,https://www.keiba.go.jp/KeibaWeb/TodayRaceInfo/Odds3LenFuku?k_babaCode=19&k_raceDate=2026%2F09%2F29&k_raceNo=1
2026-09-29 14:15:00,14:14,2026-09-29,funabashi,1,15,三連複,6-9-12,1496.0,1496.0,164,https://www.keiba.go.jp/KeibaWeb/TodayRaceInfo/Odds3LenFuku?k_babaCode=19&k_raceDate=2026%2F09%2F29&k_raceNo=1
2026-09-29 14:15:00,14:14,2026-09-29,funabashi,1,15,三連複,7-10-11,343.6,343.6,86,https://www.keiba.go.jp/KeibaWeb/TodayRaceInfo/Odds3LenFuku?k_babaCode=19&k_raceDate=2026%2F09%2F29&k_raceNo=1
2026-09-29 14:15:00,14:14,2026-09-29,funabashi,1,15,三連複,7-10-12,1956.3,1956.3,184,https://www.keiba.go.jp/KeibaWeb/TodayRaceInfo/Odds3LenFuku?k_babaCode=19&k_raceDate=2026%2F09%2F29&k_raceNo=1
2026-09-29 14:15:00,14:14,2026-09-29,funabashi,1,15,三連複,7-11-12,1412.9,1412.9,159,https://www.keiba.go.jp/KeibaWeb/TodayRaceInfo/Odds3LenFuku?k_babaCode=19&k_raceDate=2026%2F09%2F29&k_raceNo=1
2026-09-29 14:15:00,14:14,2026-09-29,funabashi,1,15,三連複,7-8-10,71.4,71.4,29,https://www.keiba.go.jp/KeibaWeb/TodayRaceInfo/Odds3LenFuku?k_babaCode=19&k_raceDate=2026%2F09%2F29&k_raceNo=1
2026-09-29 14:15:00,14:14,2026-09-29,funabashi,1,15,三連複,7-8-11,24.3,24.3,7,https://www.keiba.go.jp/KeibaWeb/TodayRaceInfo/Odds3LenFuku?k_babaCode=19&k_raceDate=2026%2F09%2F29&k_raceNo=1
2026-09-29 14:15:00,14:14,2026-09-29,funabashi,1,15,三連複,7-8-12,470.9,470.9,111,https://www.keiba.go.jp/KeibaWeb/TodayRaceInfo/Odds3LenFuku?k_babaCode=19&k_raceDate=2026%2F09%2F29&k_raceNo=1
2026-09-29 14:15:00,14:14,2026-09-29,funabashi,1,15,三連複,7-8-9,33.2,33.2,14,https://www.keiba.go.jp/KeibaWeb/TodayRaceInfo/Odds3LenFuku?k_babaCode=19&k_raceDate=2026%2F09%2F29&k_raceNo=1
2026-09-29 14:15:00,14:14,2026-09-29,funabashi,1,15,三連複,7-9-10,397.3,397.3,95,https://www.keiba.go.jp/KeibaWeb/TodayRaceInfo/Odds3LenFuku?k_babaCode=19&k_raceDate=2026%2F09%2F29&k_raceNo=1
2026-09-29 14:15:00,14:14,2026-09-29,funabashi,1,15,三連複,7-9-11,203.4,203.4,53,https://www.keiba.go.jp/KeibaWeb/TodayRaceInfo/Odds3LenFuku?k_babaCode=19&k_raceDate=2026%2F09%2F29&k_raceNo=1
2026-09-29 14:15:00,14:14,2026-09-29,funabashi,1,15,三連複,7-9-12,1412.9,1412.9,159,https://www.keiba.go.jp/KeibaWeb/TodayRaceInfo/Odds3LenFuku?k_babaCode=19&k_raceDate=2026%2F09%2F29&k_raceNo=1
2026-09-29 14:15:00,14:14,2026-09-29,funabashi,1,15,三連複,8-10-11,31.6,31.6,13,https://www.keiba.go.jp/KeibaWeb/TodayRaceInfo/Odds3LenFuku?k_babaCode=19&k_raceDate=2026%2F09%2F29&k_raceNo=1
2026-09-29 14:15:00,14:14,2026-09-29,funabashi,1,15,三連複,8-10-12,446.1,446.1,106,https://www.keiba.go.jp/KeibaWeb/TodayRaceInfo/Odds3LenFuku?k_babaCode=19&k_raceDate=2026%2F09%2F29&k_raceNo=1
2026-09-29 14:15:00,14:14,2026-09-29,funabashi,1,15,三連複,8-11-12,310.1,310.1,78,https://www.keiba.go.jp/KeibaWeb/TodayRaceInfo/Odds3LenFuku?k_babaCode=19&k_raceDate=2026%2F09%2F29&k_raceNo=1
2026-09-29 14:15:00,14:14,2026-09-29,funabashi,1,15,三連複,8-9-10,48.5,48.5,24,https://www.keiba.go.jp/KeibaWeb/TodayRaceInfo/Odds3LenFuku?k_babaCode=19&k_raceDate=2026%2F09%2F29&k_raceNo=1
2026-09-29 14:15:00,14:14,2026-09-29,funabashi,1,15,三連複,8-9-11,22.4,22.4,4,https://www.keiba.go.jp/KeibaWeb/TodayRaceInfo/Odds3LenFuku?k_babaCode=19&k_raceDate=2026%2F09%2F29&k_raceNo=1
2026-09-29 14:15:00,14:14,2026-09-29,funabashi,1,15,三連複,8-9-12,479.8,479.8,112,https://www.keiba.go.jp/KeibaWeb/TodayRaceInfo/Odds3LenFuku?k_babaCode=19&k_raceDate=2026%2F09%2F29&k_raceNo=1
2026-09-29 14:15:00,14:14,2026-09-29,funabashi,1,15,三連複,9-10-11,249.3,249.3,61,https://www.keiba.go.jp/KeibaWeb/TodayRaceInfo/Odds3LenFuku?k_babaCode=19&k_raceDate=2026%2F09%2F29&k_raceNo=1
2026-09-29 14:15:00,14:14,2026-09-29,funabashi,1,15,三連複,9-10-12,2825.8,2825.8,201,https://www.keiba.go.jp/KeibaWeb/TodayRaceInfo/Odds3LenFuku?k_babaCode=19&k_raceDate=2026%2F09%2F29&k_raceNo=1
2026-09-29 14:15:00,14:14,2026-09-29,funabashi,1,15,三連複,9-11-12,1105.7,1105.7,149,https://www.keiba.go.jp/KeibaWeb/TodayRaceInfo/Odds3LenFuku?k_babaCode=19&k_raceDate=2026%2F09%2F29&k_raceNo=1
2026-09-29 14:15:00,14:14,2026-09-29,funabashi,1,15,馬連,1-10,210.7,210.7,45,https://www.keiba.go.jp/KeibaWeb/TodayRaceInfo/OddsUmLenFuku?k_babaCode=19&k_raceDate=2026%2F09%2F29&k_raceNo=1
2026-09-29 14:15:00,14:14,2026-09-29,funabashi,1,15,馬連,1-11,125.8,125.8,38,https://www.keiba.go.jp/KeibaWeb/TodayRaceInfo/OddsUmLenFuku?k_babaCode=19&k_raceDate=2026%2F09%2F29&k_raceNo=1
2026-09-29 14:15:00,14:14,2026-09-29,funabashi,1,15,馬連,1-12,1294.5,1294.5,66,https://www.keiba.go.jp/KeibaWeb/TodayRaceInfo/OddsUmLenFuku?k_babaCode=19&k_raceDate=2026%2F09%2F29&k_raceNo=1
2026-09-29 14:15:00,14:14,2026-09-29,funabashi,1,15,馬連,1-2,323.6,323.6,50,https://www.keiba.go.jp/KeibaWeb/TodayRaceInfo/OddsUmLenFuku?k_babaCode=19&k_raceDate=2026%2F09%2F29&k_raceNo=1
2026-09-29 14:15:00,14:14,2026-09-29,funabashi,1,15,馬連,1-3,302.0,302.0,47,https://www.keiba.go.jp/KeibaWeb/TodayRaceInfo/OddsUmLenFuku?k_babaCode=19&k_raceDate=2026%2F09%2F29&k_raceNo=1
2026-09-29 14:15:00,14:14,2026-09-29,funabashi,1,15,馬連,1-4,119.2,119.2,36,https://www.keiba.go.jp/KeibaWeb/TodayRaceInfo/OddsUmLenFuku?k_babaCode=19&k_raceDate=2026%2F09%2F29&k_raceNo=1
2026-09-29 14:15:00,14:14,2026-09-29,funabashi,1,15,馬連,1-5,201.3,201.3,44,https://www.keiba.go.jp/KeibaWeb/TodayRaceInfo/OddsUmLenFuku?k_babaCode=19&k_raceDate=2026%2F09%2F29&k_raceNo=1
2026-09-29 14:15:00,14:14,2026-09-29,funabashi,1,15,馬連,1-6,114.7,114.7,35,https://www.keiba.go.jp/KeibaWeb/TodayRaceInfo/OddsUmLenFuku?k_babaCode=19&k_raceDate=2026%2F09%2F29&k_raceNo=1
2026-09-29 14:15:00,14:14,2026-09-29,funabashi,1,15,馬連,1-7,170.9,170.9,43,https://www.keiba.go.jp/KeibaWeb/TodayRaceInfo/OddsUmLenFuku?k_babaCode=19&k_raceDate=2026%2F09%2F29&k_raceNo=1
2026-09-29 14:15:00,14:14,2026-09-29,funabashi,1,15,馬連,1-8,26.3,26.3,9,https://www.keiba.go.jp/KeibaWeb/TodayRaceInfo/OddsUmLenFuku?k_babaCode=19&k_raceDate=2026%2F09%2F29&k_raceNo=1
2026-09-29 14:15:00,14:14,2026-09-29,funabashi,1,15,馬連,1-9,111.8,111.8,33,https://www.keiba.go.jp/KeibaWeb/TodayRaceInfo/OddsUmLenFuku?k_babaCode=19&k_raceDate=2026%2F09%2F29&k_raceNo=1
2026-09-29 14:15:00,14:14,2026-09-29,funabashi,1,15,馬連,10-11,90.6,90.6,29,https://www.keiba.go.jp/KeibaWeb/TodayRaceInfo/OddsUmLenFuku?k_babaCode=19&k_raceDate=2026%2F09%2F29&k_raceNo=1
2026-09-29 14:15:00,14:14,2026-09-29,funabashi,1,15,馬連,10-12,697.0,697.0,62,https://www.keiba.go.jp/KeibaWeb/TodayRaceInfo/OddsUmLenFuku?k_babaCode=19&k_raceDate=2026%2F09%2F29&k_raceNo=1
2026-09-29 14:15:00,14:14,2026-09-29,funabashi,1,15,馬連,11-12,453.0,453.0,56,https://www.keiba.go.jp/KeibaWeb/TodayRaceInfo/OddsUmLenFuku?k_babaCode=19&k_raceDate=2026%2F09%2F29&k_raceNo=1
2026-09-29 14:15:00,14:14,2026-09-29,funabashi,1,15,馬連,2-10,110.5,110.5,32,https://www.keiba.go.jp/KeibaWeb/TodayRaceInfo/OddsUmLenFuku?k_babaCode=19&k_raceDate=2026%2F09%2F29&k_raceNo=1
2026-09-29 14:15:00,14:14,2026-09-29,funabashi,1,15,馬連,2-11,85.4,85.4,24,https://www.keiba.go.jp/KeibaWeb/TodayRaceInfo/OddsUmLenFuku?k_babaCode=19&k_raceDate=2026%2F09%2F29&k_raceNo=1
2026-09-29 14:15:00,14:14,2026-09-29,funabashi,1,15,馬連,2-12,1006.8,1006.8,64,https://www.keiba.go.jp/KeibaWeb/TodayRaceInfo/OddsUmLenFuku?k_babaCode=19&k_raceDate=2026%2F09%2F29&k_raceNo=1
2026-09-29 14:15:00,14:14,2026-09-29,funabashi,1,15,馬連,2-3,411.8,411.8,54,https://www.keiba.go.jp/KeibaWeb/TodayRaceInfo/OddsUmLenFuku?k_babaCode=19&k_raceDate=2026%2F09%2F29&k_raceNo=1
2026-09-29 14:15:00,14:14,2026-09-29,funabashi,1,15,馬連,2-4,125.8,125.8,38,https://www.keiba.go.jp/KeibaWeb/TodayRaceInfo/OddsUmLenFuku?k_babaCode=19&k_raceDate=2026%2F09%2F29&k_raceNo=1
2026-09-29 14:15:00,14:14,2026-09-29,funabashi,1,15,馬連,2-5,76.1,76.1,22,https://www.keiba.go.jp/KeibaWeb/TodayRaceInfo/OddsUmLenFuku?k_babaCode=19&k_raceDate=2026%2F09%2F29&k_raceNo=1
2026-09-29 14:15:00,14:14,2026-09-29,funabashi,1,15,馬連,2-6,59.6,59.6,15,https://www.keiba.go.jp/KeibaWeb/TodayRaceInfo/OddsUmLenFuku?k_babaCode=19&k_raceDate=2026%2F09%2F29&k_raceNo=1
2026-09-29 14:15:00,14:14,2026-09-29,funabashi,1,15,馬連,2-7,133.2,133.2,40,https://www.keiba.go.jp/KeibaWeb/TodayRaceInfo/OddsUmLenFuku?k_babaCode=19&k_raceDate=2026%2F09%2F29&k_raceNo=1
2026-09-29 14:15:00,14:14,2026-09-29,funabashi,1,15,馬連,2-8,8.5,8.5,3,https://www.keiba.go.jp/KeibaWeb/TodayRaceInfo/OddsUmLenFuku?k_babaCode=19&k_raceDate=2026%2F09%2F29&k_raceNo=1
2026-09-29 14:15:00,14:14,2026-09-29,funabashi,1,15,馬連,2-9,137.2,137.2,42,https://www.keiba.go.jp/KeibaWeb/TodayRaceInfo/OddsUmLenFuku?k_babaCode=19&k_raceDate=2026%2F09%2F29&k_raceNo=1
2026-09-29 14:15:00,14:14,2026-09-29,funabashi,1,15,馬連,3-10,823.7,823.7,63,https://www.keiba.go.jp/KeibaWeb/TodayRaceInfo/OddsUmLenFuku?k_babaCode=19&k_raceDate=2026%2F09%2F29&k_raceNo=1
2026-09-29 14:15:00,14:14,2026-09-29,funabashi,1,15,馬連,3-11,476.9,476.9,57,https://www.keiba.go.jp/KeibaWeb/TodayRaceInfo/OddsUmLenFuku?k_babaCode=19&k_raceDate=2026%2F09%2F29&k_raceNo=1
2026-09-29 14:15:00,14:14,2026-09-29,funabashi,1,15,馬連,3-12,1132.6,1132.6,65,https://www.keiba.go.jp/KeibaWeb/TodayRaceInfo/OddsUmLenFuku?k_babaCode=19&k_raceDate=2026%2F09%2F29&k_raceNo=1
2026-09-29 14:15:00,14:14,2026-09-29,funabashi,1,15,馬連,3-4,377.5,377.5,52,https://www.keiba.go.jp/KeibaWeb/TodayRaceInfo/OddsUmLenFuku?k_babaCode=19&k_raceDate=2026%2F09%2F29&k_raceNo=1
2026-09-29 14:15:00,14:14,2026-09-29,funabashi,1,15,馬連,3-5,503.4,503.4,58,https://www.keiba.go.jp/KeibaWeb/TodayRaceInfo/OddsUmLenFuku?k_babaCode=19&k_raceDate=2026%2F09%2F29&k_raceNo=1
2026-09-29 14:15:00,14:14,2026-09-29,funabashi,1,15,馬連,3-6,411.8,411.8,54,https://www.keiba.go.jp/KeibaWeb/TodayRaceInfo/OddsUmLenFuku?k_babaCode=19&k_raceDate=2026%2F09%2F29&k_raceNo=1
2026-09-29 14:15:00,14:14,2026-09-29,funabashi,1,15,馬連,3-7,266.5,266.5,46,https://www.keiba.go.jp/KeibaWeb/TodayRaceInfo/OddsUmLenFuku?k_babaCode=19&k_raceDate=2026%2F09%2F29&k_raceNo=1
2026-09-29 14:15:00,14:14,2026-09-29,funabashi,1,15,馬連,3-8,87.9,87.9,27,https://www.keiba.go.jp/KeibaWeb/TodayRaceInfo/OddsUmLenFuku?k_babaCode=19&k_raceDate=2026%2F09%2F29&k_raceNo=1
2026-09-29 14:15:00,14:14,2026-09-29,funabashi,1,15,馬連,3-9,302.0,302.0,47,https://www.keiba.go.jp/KeibaWeb/TodayRaceInfo/OddsUmLenFuku?k_babaCode=19&k_raceDate=2026%2F09%2F29&k_raceNo=1
2026-09-29 14:15:00,14:14,2026-09-29,funabashi,1,15,馬連,4-10,133.2,133.2,40,https://www.keiba.go.jp/KeibaWeb/TodayRaceInfo/OddsUmLenFuku?k_babaCode=19&k_raceDate=2026%2F09%2F29&k_raceNo=1
2026-09-29 14:15:00,14:14,2026-09-29,funabashi,1,15,馬連,4-11,73.6,73.6,21,https://www.keiba.go.jp/KeibaWeb/TodayRaceInfo/OddsUmLenFuku?k_babaCode=19&k_raceDate=2026%2F09%2F29&k_raceNo=1
2026-09-29 14:15:00,14:14,2026-09-29,funabashi,1,15,馬連,4-12,647.2,647.2,61,https://www.keiba.go.jp/KeibaWeb/TodayRaceInfo/OddsUmLenFuku?k_babaCode=19&k_raceDate=2026%2F09%2F29&k_raceNo=1
2026-09-29 14:15:00,14:14,2026-09-29,funabashi,1,15,馬連,4-5,54.5,54.5,14,https://www.keiba.go.jp/KeibaWeb/TodayRaceInfo/OddsUmLenFuku?k_babaCode=19&k_raceDate=2026%2F09%2F29&k_raceNo=1
2026-09-29 14:15:00,14:14,2026-09-29,funabashi,1,15,馬連,4-6,53.6,53.6,13,https://www.keiba.go.jp/KeibaWeb/TodayRaceInfo/OddsUmLenFuku?k_babaCode=19&k_raceDate=2026%2F09%2F29&k_raceNo=1
2026-09-29 14:15:00,14:14,2026-09-29,funabashi,1,15,馬連,4-7,68.1,68.1,17,https://www.keiba.go.jp/KeibaWeb/TodayRaceInfo/OddsUmLenFuku?k_babaCode=19&k_raceDate=2026%2F09%2F29&k_raceNo=1
2026-09-29 14:15:00,14:14,2026-09-29,funabashi,1,15,馬連,4-8,13.0,13.0,7,https://www.keiba.go.jp/KeibaWeb/TodayRaceInfo/OddsUmLenFuku?k_babaCode=19&k_raceDate=2026%2F09%2F29&k_raceNo=1
2026-09-29 14:15:00,14:14,2026-09-29,funabashi,1,15,馬連,4-9,88.8,88.8,28,https://www.keiba.go.jp/KeibaWeb/TodayRaceInfo/OddsUmLenFuku?k_babaCode=19&k_raceDate=2026%2F09%2F29&k_raceNo=1
2026-09-29 14:15:00,14:14,2026-09-29,funabashi,1,15,馬連,5-10,72.4,72.4,19,https://www.keiba.go.jp/KeibaWeb/TodayRaceInfo/OddsUmLenFuku?k_babaCode=19&k_raceDate=2026%2F09%2F29&k_raceNo=1
2026-09-29 14:15:00,14:14,2026-09-29,funabashi,1,15,馬連,5-11,61.6,61.6,16,https://www.keiba.go.jp/KeibaWeb/TodayRaceInfo/OddsUmLenFuku?k_babaCode=19&k_raceDate=2026%2F09%2F29&k_raceNo=1
2026-09-29 14:15:00,14:14,2026-09-29,funabashi,1,15,馬連,5-12,566.3,566.3,60,https://www.keiba.go.jp/KeibaWeb/TodayRaceInfo/OddsUmLenFuku?k_babaCode=19&k_raceDate=2026%2F09%2F29&k_raceNo=1
2026-09-29 14:15:00,14:14,2026-09-29,funabashi,1,15,馬連,5-6,86.3,86.3,25,https://www.keiba.go.jp/KeibaWeb/TodayRaceInfo/OddsUmLenFuku?k_babaCode=19&k_raceDate=2026%2F09%2F29&k_raceNo=1
2026-09-29 14:15:00,14:14,2026-09-29,funabashi,1,15,馬連,5-7,83.1,83.1,23,https://www.keiba.go.jp/KeibaWeb/TodayRaceInfo/OddsUmLenFuku?k_babaCode=19&k_raceDate=2026%2F09%2F29&k_raceNo=1
2026-09-29 14:15:00,14:14,2026-09-29,funabashi,1,15,馬連,5-8,9.6,9.6,4,https://www.keiba.go.jp/KeibaWeb/TodayRaceInfo/OddsUmLenFuku?k_babaCode=19&k_raceDate=2026%2F09%2F29&k_raceNo=1
2026-09-29 14:15:00,14:14,2026-09-29,funabashi,1,15,馬連,5-9,100.6,100.6,31,https://www.keiba.go.jp/KeibaWeb/TodayRaceInfo/OddsUmLenFuku?k_babaCode=19&k_raceDate=2026%2F09%2F29&k_raceNo=1
2026-09-29 14:15:00,14:14,2026-09-29,funabashi,1,15,馬連,6-10,113.2,113.2,34,https://www.keiba.go.jp/KeibaWeb/TodayRaceInfo/OddsUmLenFuku?k_babaCode=19&k_raceDate=2026%2F09%2F29&k_raceNo=1
2026-09-29 14:15:00,14:14,2026-09-29,funabashi,1,15,馬連,6-11,40.4,40.4,10,https://www.keiba.go.jp/KeibaWeb/TodayRaceInfo/OddsUmLenFuku?k_babaCode=19&k_raceDate=2026%2F09%2F29&k_raceNo=1
2026-09-29 14:15:00,14:14,2026-09-29,funabashi,1,15,馬連,6-12,377.5,377.5,52,https://www.keiba.go.jp/KeibaWeb/TodayRaceInfo/OddsUmLenFuku?k_babaCode=19&k_raceDate=2026%2F09%2F29&k_raceNo=1
2026-09-29 14:15:00,14:14,2026-09-29,funabashi,1,15,馬連,6-7,46.7,46.7,11,https://www.keiba.go.jp/KeibaWeb/TodayRaceInfo/OddsUmLenFuku?k_babaCode=19&k_raceDate=2026%2F09%2F29&k_raceNo=1
2026-09-29 14:15:00,14:14,2026-09-29,funabashi,1,15,馬連,6-8,6.6,6.6,1,https://www.keiba.go.jp/KeibaWeb/TodayRaceInfo/OddsUmLenFuku?k_babaCode=19&k_raceDate=2026%2F09%2F29&k_raceNo=1
2026-09-29 14:15:00,14:14,2026-09-29,funabashi,1,15,馬連,6-9,71.3,71.3,18,https://www.keiba.go.jp/KeibaWeb/TodayRaceInfo/OddsUmLenFuku?k_babaCode=19&k_raceDate=2026%2F09%2F29&k_raceNo=1
2026-09-29 14:15:00,14:14,2026-09-29,funabashi,1,15,馬連,7-10,302.0,302.0,47,https://www.keiba.go.jp/KeibaWeb/TodayRaceInfo/OddsUmLenFuku?k_babaCode=19&k_raceDate=2026%2F09%2F29&k_raceNo=1
2026-09-29 14:15:00,14:14,2026-09-29,funabashi,1,15,馬連,7-11,47.9,47.9,12,https://www.keiba.go.jp/KeibaWeb/TodayRaceInfo/OddsUmLenFuku?k_babaCode=19&k_raceDate=2026%2F09%2F29&k_raceNo=1
2026-09-29 14:15:00,14:14,2026-09-29,funabashi,1,15,馬連,7-12,503.4,503.4,58,https://www.keiba.go.jp/KeibaWeb/TodayRaceInfo/OddsUmLenFuku?k_babaCode=19&k_raceDate=2026%2F09%2F29&k_raceNo=1
2026-09-29 14:15:00,14:14,2026-09-29,funabashi,1,15,馬連,7-8,14.4,14.4,8,https://www.keiba.go.jp/KeibaWeb/TodayRaceInfo/OddsUmLenFuku?k_babaCode=19&k_raceDate=2026%2F09%2F29&k_raceNo=1
2026-09-29 14:15:00,14:14,2026-09-29,funabashi,1,15,馬連,7-9,95.3,95.3,30,https://www.keiba.go.jp/KeibaWeb/TodayRaceInfo/OddsUmLenFuku?k_babaCode=19&k_raceDate=2026%2F09%2F29&k_raceNo=1
2026-09-29 14:15:00,14:14,2026-09-29,funabashi,1,15,馬連,8-10,12.7,12.7,6,https://www.keiba.go.jp/KeibaWeb/TodayRaceInfo/OddsUmLenFuku?k_babaCode=19&k_raceDate=2026%2F09%2F29&k_raceNo=1
2026-09-29 14:15:00,14:14,2026-09-29,funabashi,1,15,馬連,8-11,6.9,6.9,2,https://www.keiba.go.jp/KeibaWeb/TodayRaceInfo/OddsUmLenFuku?k_babaCode=19&k_raceDate=2026%2F09%2F29&k_raceNo=1
2026-09-29 14:15:00,14:14,2026-09-29,funabashi,1,15,馬連,8-12,120.8,120.8,37,https://www.keiba.go.jp/KeibaWeb/TodayRaceInfo/OddsUmLenFuku?k_babaCode=19&k_raceDate=2026%2F09%2F29&k_raceNo=1
2026-09-29 14:15:00,14:14,2026-09-29,funabashi,1,15,馬連,8-9,12.1,12.1,5,https://www.keiba.go.jp/KeibaWeb/TodayRaceInfo/OddsUmLenFuku?k_babaCode=19&k_raceDate=2026%2F09%2F29&k_raceNo=1
2026-09-29 14:15:00,14:14,2026-09-29,funabashi,1,15,馬連,9-10,87.1,87.1,26,https://www.keiba.go.jp/KeibaWeb/TodayRaceInfo/OddsUmLenFuku?k_babaCode=19&k_raceDate=2026%2F09%2F29&k_raceNo=1
2026-09-29 14:15:00,14:14,2026-09-29,funabashi,1,15,馬連,9-11,73.0,73.0,20,https://www.keiba.go.jp/KeibaWeb/TodayRaceInfo/OddsUmLenFuku?k_babaCode=19&k_raceDate=2026%2F09%2F29&k_raceNo=1
2026-09-29 14:15:00,14:14,2026-09-29,funabashi,1,15,馬連,9-12,362.4,362.4,51,https://www.keiba.go.jp/KeibaWeb/TodayRaceInfo/OddsUmLenFuku?k_babaCode=19&k_raceDate=2026%2F09%2F29&k_raceNo=1
2026-09-29 14:20:00,14:19,2026-09-29,funabashi,1,10,ワイド,1-10,66.2,70.1,47,https://www.keiba.go.jp/KeibaWeb/TodayRaceInfo/OddsWide?k_babaCode=19&k_raceDate=2026%2F09%2F29&k_raceNo=1
2026-09-29 14:20:00,14:19,2026-09-29,funabashi,1,10,ワイド,1-11,27.7,30.6,36,https://www.keiba.go.jp/KeibaWeb/TodayRaceInfo/OddsWide?k_babaCode=19&k_raceDate=2026%2F09%2F29&k_raceNo=1
2026-09-29 14:20:00,14:19,2026-09-29,funabashi,1,10,ワイド,1-12,277.6,282.5,66,https://www.keiba.go.jp/KeibaWeb/TodayRaceInfo/OddsWide?k_babaCode=19&k_raceDate=2026%2F09%2F29&k_raceNo=1
2026-09-29 14:20:00,14:19,2026-09-29,funabashi,1,10,ワイド,1-2,31.1,33.2,38,https://www.keiba.go.jp/KeibaWeb/TodayRaceInfo/OddsWide?k_babaCode=19&k_raceDate=2026%2F09%2F29&k_raceNo=1
2026-09-29 14:20:00,14:19,2026-09-29,funabashi,1,10,ワイド,1-3,131.9,134.6,58,https://www.keiba.go.jp/KeibaWeb/TodayRaceInfo/OddsWide?k_babaCode=19&k_raceDate=2026%2F09%2F29&k_raceNo=1
2026-09-29 14:20:00,14:19,2026-09-29,funabashi,1,10,ワイド,1-4,44.6,49.2,44,https://www.keiba.go.jp/KeibaWeb/TodayRaceInfo/OddsWide?k_babaCode=19&k_raceDate=2026%2F09%2F29&k_raceNo=1
2026-09-29 14:20:00,14:19,2026-09-29,funabashi,1,10,ワイド,1-5,51.3,55.8,45,https://www.keiba.go.jp/KeibaWeb/TodayRaceInfo/OddsWide?k_babaCode=19&k_raceDate=2026%2F09%2F29&k_raceNo=1
2026-09-29 14:20:00,14:19,2026-09-29,funabashi,1,10,ワイド,1-6,25.8,28.2,35,https://www.keiba.go.jp/KeibaWeb/TodayRaceInfo/OddsWide?k_babaCode=19&k_raceDate=2026%2F09%2F29&k_raceNo=1
2026-09-29 14:20:00,14:19,2026-09-29,funabashi,1,10,ワイド,1-7,36.0,38.2,42,https://www.keiba.go.jp/KeibaWeb/TodayRaceInfo/OddsWide?k_babaCode=19&k_raceDate=2026%2F09%2F29&k_raceNo=1
2026-09-29 14:20:00,14:19,2026-09-29,funabashi,1,10,ワイド,1-8,15.2,16.6,18,https://www.keiba.go.jp/KeibaWeb/TodayRaceInfo/OddsWide?k_babaCode=19&k_raceDate=2026%2F09%2F29&k_raceNo=1
2026-09-29 14:20:00,14:19,2026-09-29,funabashi,1,10,ワイド,1-9,35.7,38.2,41,https://www.keiba.go.jp/KeibaWeb/TodayRaceInfo/OddsWide?k_babaCode=19&k_raceDate=2026%2F09%2F29&k_raceNo=1
2026-09-29 14:20:00,14:19,2026-09-29,funabashi,1,10,ワイド,10-11,17.6,20.0,22,https://www.keiba.go.jp/KeibaWeb/TodayRaceInfo/OddsWide?k_babaCode=19&k_raceDate=2026%2F09%2F29&k_raceNo=1
2026-09-29 14:20:00,14:19,2026-09-29,funabashi,1,10,ワイド,10-12,146.6,153.6,62,https://www.keiba.go.jp/KeibaWeb/TodayRaceInfo/OddsWide?k_babaCode=19&k_raceDate=2026%2F09%2F29&k_raceNo=1
2026-09-29 14:20:00,14:19,2026-09-29,funabashi,1,10,ワイド,11-12,104.6,114.3,54,https://www.keiba.go.jp/KeibaWeb/TodayRaceInfo/OddsWide?k_babaCode=19&k_raceDate=2026%2F09%2F29&k_raceNo=1
2026-09-29 14:20:00,14:19,2026-09-29,funabashi,1,10,ワイド,2-10,28.1,30.9,37,https://www.keiba.go.jp/KeibaWeb/TodayRaceInfo/OddsWide?k_babaCode=19&k_raceDate=2026%2F09%2F29&k_raceNo=1
2026-09-29 14:20:00,14:19,2026-09-29,funabashi,1,10,ワイド,2-11,13.5,15.5,15,https://www.keiba.go.jp/KeibaWeb/TodayRaceInfo/OddsWide?k_babaCode=19&k_raceDate=2026%2F09%2F29&k_raceNo=1
2026-09-29 14:20:00,14:19,2026-09-29,funabashi,1,10,ワイド,2-12,164.2,173.3,64,https://www.keiba.go.jp/KeibaWeb/TodayRaceInfo/OddsWide?k_babaCode=19&k_raceDate=2026%2F09%2F29&k_raceNo=1
2026-09-29 14:20:00,14:19,2026-09-29,funabashi,1,10,ワイド,2-3,110.6,117.0,55,https://www.keiba.go.jp/KeibaWeb/TodayRaceInfo/OddsWide?k_babaCode=19&k_raceDate=2026%2F09%2F29&k_raceNo=1
2026-09-29 14:20:00,14:19,2026-09-29,funabashi,1,10,ワイド,2-4,25.6,29.4,34,https://www.keiba.go.jp/KeibaWeb/TodayRaceInfo/OddsWide?k_babaCode=19&k_raceDate=2026%2F09%2F29&k_raceNo=1
2026-09-29 14:20:00,14:19,2026-09-29,funabashi,1,10,ワイド,2-5,22.4,25.3,29,https://www.keiba.go.jp/KeibaWeb/TodayRaceInfo/OddsWide?k_babaCode=19&k_raceDate=2026%2F09%2F29&k_raceNo=1
2026-09-29 14:20:00,14:19,2026-09-29,funabashi,1,10,ワイド,2-6,11.4,12.9,12,https://www.keiba.go.jp/KeibaWeb/TodayRaceInfo/OddsWide?k_babaCode=19&k_raceDate=2026%2F09%2F29&k_raceNo=1
2026-09-29 14:20:00,14:19,2026-09-29,funabashi,1,10,ワイド,2-7,23.9,26.4,32,https://www.keiba.go.jp/KeibaWeb/TodayRaceInfo/OddsWide?k_babaCode=19&k_raceDate=2026%2F09%2F29&k_raceNo=1
2026-09-29 14:20:00,14:19,2026-09-29,funabashi,1,10,ワイド,2-8,4.9,5.3,6,https://www.keiba.go.jp/KeibaWeb/TodayRaceInfo/OddsWide?k_babaCode=19&k_raceDate=2026%2F09%2F29&k_raceNo=1
2026-09-29 14:20:00,14:19,2026-09-29,funabashi,1,10,ワイド,2-9,19.8,22.0,27,https://www.keiba.go.jp/KeibaWeb/TodayRaceInfo/OddsWide?k_babaCode=19&k_raceDate=2026%2F09%2F29&k_raceNo=1
2026-09-29 14:20:00,14:19,2026-09-29,funabashi,1,10,ワイド,3-10,131.3,137.9,56,https://www.keiba.go.jp/KeibaWeb/TodayRaceInfo/OddsWide?k_babaCode=19&k_raceDate=2026%2F09%2F29&k_raceNo=1
2026-09-29 14:20:00,14:19,2026-09-29,funabashi,1,10,ワイド,3-11,76.8,84.2,49,https://www.keiba.go.jp/KeibaWeb/TodayRaceInfo/OddsWide?k_babaCode=19&k_raceDate=2026%2F09%2F29&k_raceNo=1
2026-09-29 14:20:00,14:19,2026-09-29,funabashi,1,10,ワイド,3-12,144.0,145.4,59,https://www.keiba.go.jp/KeibaWeb/TodayRaceInfo/OddsWide?k_babaCode=19&k_raceDate=2026%2F09%2F29&k_raceNo=1
2026-09-29 14:20:00,14:19,2026-09-29,funabashi,1,10,ワイド,3-4,83.4,91.3,51,https://www.keiba.go.jp/KeibaWeb/TodayRaceInfo/OddsWide?k_babaCode=19&k_raceDate=2026%2F09%2F29&k_raceNo=1
2026-09-29 14:20:00,14:19,2026-09-29,funabashi,1,10,ワイド,3-5,131.4,141.6,57,https://www.keiba.go.jp/KeibaWeb/TodayRaceInfo/OddsWide?k_babaCode=19&k_raceDate=2026%2F09%2F29&k_raceNo=1
2026-09-29 14:20:00,14:19,2026-09-29,funabashi,1,10,ワイド,3-6,85.5,92.8,52,https://www.keiba.go.jp/KeibaWeb/TodayRaceInfo/OddsWide?k_babaCode=19&k_raceDate=2026%2F09%2F29&k_raceNo=1
2026-09-29 14:20:00,14:19,2026-09-29,funabashi,1,10,ワイド,3-7,80.1,84.2,50,https://www.keiba.go.jp/KeibaWeb/TodayRaceInfo/OddsWide?k_babaCode=19&k_raceDate=2026%2F09%2F29&k_raceNo=1
2026-09-29 14:20:00,14:19,2026-09-29,funabashi,1,10,ワイド,3-8,32.1,34.9,39,https://www.keiba.go.jp/KeibaWeb/TodayRaceInfo/OddsWide?k_babaCode=19&k_raceDate=2026%2F09%2F29&k_raceNo=1
2026-09-29 14:20:00,14:19,2026-09-29,funabashi,1,10,ワイド,3-9,67.7,71.9,48,https://www.keiba.go.jp/KeibaWeb/TodayRaceInfo/OddsWide?k_babaCode=19&k_raceDate=2026%2F09%2F29&k_raceNo=1
2026-09-29 14:20:00,14:19,2026-09-29,funabashi,1,10,ワイド,4-10,34.0,38.7,40,https://www.keiba.go.jp/KeibaWeb/TodayRaceInfo/OddsWide?k_babaCode=19&k_raceDate=2026%2F09%2F29&k_raceNo=1
2026-09-29 14:20:00,14:19,2026-09-29,funabashi,1,10,ワイド,4-11,18.2,21.6,24,https://www.keiba.go.jp/KeibaWeb/TodayRaceInfo/OddsWide?k_babaCode=19&k_raceDate=2026%2F09%2F29&k_raceNo=1
2026-09-29 14:20:00,14:19,2026-09-29,funabashi,1,10,ワイド,4-12,144.8,157.9,60,https://www.keiba.go.jp/KeibaWeb/TodayRaceInfo/OddsWide?k_babaCode=19&k_raceDate=2026%2F09%2F29&k_raceNo=1
2026-09-29 14:20:00,14:19,2026-09-29,funabashi,1,10,ワイド,4-5,9.9,11.6,11,https://www.keiba.go.jp/KeibaWeb/TodayRaceInfo/OddsWide?k_babaCode=19&k_raceDate=2026%2F09%2F29&k_raceNo=1
2026-09-29 14:20:00,14:19,2026-09-29,funabashi,1,10,ワイド,4-6,15.5,18.2,20,https://www.keiba.go.jp/KeibaWeb/TodayRaceInfo/OddsWide?k_babaCode=19&k_raceDate=2026%2F09%2F29&k_raceNo=1
2026-09-29 14:20:00,14:19,2026-09-29,funabashi,1,10,ワイド,4-7,17.2,19.6,21,https://www.keiba.go.jp/KeibaWeb/TodayRaceInfo/OddsWide?k_babaCode=19&k_raceDate=2026%2F09%2F29&k_raceNo=1
2026-09-29 14:20:00,14:19,2026-09-29,funabashi,1,10,ワイド,4-8,3.2,3.5,2,https://www.keiba.go.jp/KeibaWeb/TodayRaceInfo/OddsWide?k_babaCode=19&k_raceDate=2026%2F09%2F29&k_raceNo=1
2026-09-29 14:20:00,14:19,2026-09-29,funabashi,1,10,ワイド,4-9,18.4,21.2,25,https://www.keiba.go.jp/KeibaWeb/TodayRaceInfo/OddsWide?k_babaCode=19&k_raceDate=2026%2F09%2F29&k_raceNo=1
2026-09-29 14:20:00,14:19,2026-09-29,funabashi,1,10,ワイド,5-10,23.8,26.6,31,https://www.keiba.go.jp/KeibaWeb/TodayRaceInfo/OddsWide?k_babaCode=19&k_raceDate=2026%2F09%2F29&k_raceNo=1
2026-09-29 14:20:00,14:19,2026-09-29,funabashi,1,10,ワイド,5-11,14.1,16.5,16,https://www.keiba.go.jp/KeibaWeb/TodayRaceInfo/OddsWide?k_babaCode=19&k_raceDate=2026%2F09%2F29&k_raceNo=1
2026-09-29 14:20:00,14:19,2026-09-29,funabashi,1,10,ワイド,5-12,208.2,223.8,65,https://www.keiba.go.jp/KeibaWeb/TodayRaceInfo/OddsWide?k_babaCode=19&k_raceDate=2026%2F09%2F29&k_raceNo=1
2026-09-29 14:20:00,14:19,2026-09-29,funabashi,1,10,ワイド,5-6,19.5,22.6,26,https://www.keiba.go.jp/KeibaWeb/TodayRaceInfo/OddsWide?k_babaCode=19&k_raceDate=2026%2F09%2F29&k_raceNo=1
2026-09-29 14:20:00,14:19,2026-09-29,funabashi,1,10,ワイド,5-7,25.4,28.5,33,https://www.keiba.go.jp/KeibaWeb/TodayRaceInfo/OddsWide?k_babaCode=19&k_raceDate=2026%2F09%2F29&k_raceNo=1
2026-09-29 14:20:00,14:19,2026-09-29,funabashi,1,10,ワイド,5-8,3.8,4.1,4,https://www.keiba.go.jp/KeibaWeb/TodayRaceInfo/OddsWide?k_babaCode=19&k_raceDate=2026%2F09%2F29&k_raceNo=1
2026-09-29 14:20:00,14:19,2026-09-29,funabashi,1,10,ワイド,5-9,23.0,26.1,30,https://www.keiba.go.jp/KeibaWeb/TodayRaceInfo/OddsWide?k_babaCode=19&k_raceDate=2026%2F09%2F29&k_raceNo=1
2026-09-29 14:20:00,14:19,2026-09-29,funabashi,1,10,ワイド,6-10,17.7,19.9,23,https://www.keiba.go.jp/KeibaWeb/TodayRaceInfo/OddsWide?k_babaCode=19&k_raceDate=2026%2F09%2F29&k_raceNo=1
2026-09-29 14:20:00,14:19,2026-09-29,funabashi,1,10,ワイド,6-11,8.7,10.3,10,https://www.keiba.go.jp/KeibaWeb/TodayRaceInfo/OddsWide?k_babaCode=19&k_raceDate=2026%2F09%2F29&k_raceNo=1
2026-09-29 14:20:00,14:19,2026-09-29,funabashi,1,10,ワイド,6-12,97.4,105.4,53,https://www.keiba.go.jp/KeibaWeb/TodayRaceInfo/OddsWide?k_babaCode=19&k_raceDate=2026%2F09%2F29&k_raceNo=1
2026-09-29 14:20:00,14:19,2026-09-29,funabashi,1,10,ワイド,6-7,14.9,16.8,17,https://www.keiba.go.jp/KeibaWeb/TodayRaceInfo/OddsWide?k_babaCode=19&k_raceDate=2026%2F09%2F29&k_raceNo=1
2026-09-29 14:20:00,14:19,2026-09-29,funabashi,1,10,ワイド,6-8,3.4,3.8,3,https://www.keiba.go.jp/KeibaWeb/TodayRaceInfo/OddsWide?k_babaCode=19&k_raceDate=2026%2F09%2F29&k_raceNo=1
2026-09-29 14:20:00,14:19,2026-09-29,funabashi,1,10,ワイド,6-9,8.5,9.7,9,https://www.keiba.go.jp/KeibaWeb/TodayRaceInfo/OddsWide?k_babaCode=19&k_raceDate=2026%2F09%2F29&k_raceNo=1
2026-09-29 14:20:00,14:19,2026-09-29,funabashi,1,10,ワイド,7-10,52.0,56.9,46,https://www.keiba.go.jp/KeibaWeb/TodayRaceInfo/OddsWide?k_babaCode=19&k_raceDate=2026%2F09%2F29&k_raceNo=1
2026-09-29 14:20:00,14:19,2026-09-29,funabashi,1,10,ワイド,7-11,12.0,13.6,13,https://www.keiba.go.jp/KeibaWeb/TodayRaceInfo/OddsWide?k_babaCode=19&k_raceDate=2026%2F09%2F29&k_raceNo=1
2026-09-29 14:20:00,14:19,2026-09-29,funabashi,1,10,ワイド,7-12,146.4,153.4,61,https://www.keiba.go.jp/KeibaWeb/TodayRaceInfo/OddsWide?k_babaCode=19&k_raceDate=2026%2F09%2F29&k_raceNo=1
2026-09-29 14:20:00,14:19,2026-09-29,funabashi,1,10,ワイド,7-8,5.4,6.0,7,https://www.keiba.go.jp/KeibaWeb/TodayRaceInfo/OddsWide?k_babaCode=19&k_raceDate=2026%2F09%2F29&k_raceNo=1
2026-09-29 14:20:00,14:19,2026-09-29,funabashi,1,10,ワイド,7-9,15.2,16.8,19,https://www.keiba.go.jp/KeibaWeb/TodayRaceInfo/OddsWide?k_babaCode=19&k_raceDate=2026%2F09%2F29&k_raceNo=1
2026-09-29 14:20:00,14:19,2026-09-29,funabashi,1,10,ワイド,8-10,5.6,6.1,8,https://www.keiba.go.jp/KeibaWeb/TodayRaceInfo/OddsWide?k_babaCode=19&k_raceDate=2026%2F09%2F29&k_raceNo=1
2026-09-29 14:20:00,14:19,2026-09-29,funabashi,1,10,ワイド,8-11,3.1,3.4,1,https://www.keiba.go.jp/KeibaWeb/TodayRaceInfo/OddsWide?k_babaCode=19&k_raceDate=2026%2F09%2F29&k_raceNo=1
2026-09-29 14:20:00,14:19,2026-09-29,funabashi,1,10,ワイド,8-12,43.6,47.2,43,https://www.keiba.go.jp/KeibaWeb/TodayRaceInfo/OddsWide?k_babaCode=19&k_raceDate=2026%2F09%2F29&k_raceNo=1
2026-09-29 14:20:00,14:19,2026-09-29,funabashi,1,10,ワイド,8-9,4.5,5.0,5,https://www.keiba.go.jp/KeibaWeb/TodayRaceInfo/OddsWide?k_babaCode=19&k_raceDate=2026%2F09%2F29&k_raceNo=1
2026-09-29 14:20:00,14:19,2026-09-29,funabashi,1,10,ワイド,9-10,22.2,24.5,28,https://www.keiba.go.jp/KeibaWeb/TodayRaceInfo/OddsWide?k_babaCode=19&k_raceDate=2026%2F09%2F29&k_raceNo=1
2026-09-29 14:20:00,14:19,2026-09-29,funabashi,1,10,ワイド,9-11,13.1,15.1,14,https://www.keiba.go.jp/KeibaWeb/TodayRaceInfo/OddsWide?k_babaCode=19&k_raceDate=2026%2F09%2F29&k_raceNo=1
2026-09-29 14:20:00,14:19,2026-09-29,funabashi,1,10,ワイド,9-12,163.5,173.0,63,https://www.keiba.go.jp/KeibaWeb/TodayRaceInfo/OddsWide?k_babaCode=19&k_raceDate=2026%2F09%2F29&k_raceNo=1
2026-09-29 14:20:00,14:19,2026-09-29,funabashi,1,10,三連複,1-10-11,450.5,450.5,103,https://www.keiba.go.jp/KeibaWeb/TodayRaceInfo/Odds3LenFuku?k_babaCode=19&k_raceDate=2026%2F09%2F29&k_raceNo=1
2026-09-29 14:20:00,14:19,2026-09-29,funabashi,1,10,三連複,1-10-12,3153.9,3153.9,202,https://www.keiba.go.jp/KeibaWeb/TodayRaceInfo/Odds3LenFuku?k_babaCode=19&k_raceDate=2026%2F09%2F29&k_raceNo=1
2026-09-29 14:20:00,14:19,2026-09-29,funabashi,1,10,三連複,1-11-12,1752.2,1752.2,167,https://www.keiba.go.jp/KeibaWeb/TodayRaceInfo/Odds3LenFuku?k_babaCode=19&k_raceDate=2026%2F09%2F29&k_raceNo=1
2026-09-29 14:20:00,14:19,2026-09-29,funabashi,1,10,三連複,1-2-10,733.4,733.4,134,https://www.keiba.go.jp/KeibaWeb/TodayRaceInfo/Odds3LenFuku?k_babaCode=19&k_raceDate=2026%2F09%2F29&k_raceNo=1
2026-09-29 14:20:00,14:19,2026-09-29,funabashi,1,10,三連複,1-2-11,630.7,630.7,128,https://www.keiba.go.jp/KeibaWeb/TodayRaceInfo/Odds3LenFuku?k_babaCode=19&k_raceDate=2026%2F09%2F29&k_raceNo=1
2026-09-29 14:20:00,14:19,2026-09-29,funabashi,1,10,三連複,1-2-12,5256.6,5256.6,212,https://www.keiba.go.jp/KeibaWeb/TodayRaceInfo/Odds3LenFuku?k_babaCode=19&k_raceDate=2026%2F09%2F29&k_raceNo=1
2026-09-29 14:20:00,14:19,2026-09-29,funabashi,1,10,三連複,1-2-3,1752.2,1752.2,167,https://www.keiba.go.jp/KeibaWeb/TodayRaceInfo/Odds3LenFuku?k_babaCode=19&k_raceDate=2026%2F09%2F29&k_raceNo=1
2026-09-29 14:20:00,14:19,2026-09-29,funabashi,1,10,三連複,1-2-4,618.4,618.4,126,https://www.keiba.go.jp/KeibaWeb/TodayRaceInfo/Odds3LenFuku?k_babaCode=19&k_raceDate=2026%2F09%2F29&k_raceNo=1
2026-09-29 14:20:00,14:19,2026-09-29,funabashi,1,10,三連複,1-2-5,563.2,563.2,118,https://www.keiba.go.jp/KeibaWeb/TodayRaceInfo/Odds3LenFuku?k_babaCode=19&k_raceDate=2026%2F09%2F29&k_raceNo=1
2026-09-29 14:20:00,14:19,2026-09-29,funabashi,1,10,三連複,1-2-6,477.8,477.8,108,https://www.keiba.go.jp/KeibaWeb/TodayRaceInfo/Odds3LenFuku?k_babaCode=19&k_raceDate=2026%2F09%2F29&k_raceNo=1
2026-09-29 14:20:00,14:19,2026-09-29,funabashi,1,10,三連複,1-2-7,927.6,927.6,141,https://www.keiba.go.jp/KeibaWeb/TodayRaceInfo/Odds3LenFuku?k_babaCode=19&k_raceDate=2026%2F09%2F29&k_raceNo=1
2026-09-29 14:20:00,14:19,2026-09-29,funabashi,1,10,三連複,1-2-8,98.8,98.8,33,https://www.keiba.go.jp/KeibaWeb/TodayRaceInfo/Odds3LenFuku?k_babaCode=19&k_raceDate=2026%2F09%2F29&k_raceNo=1
2026-09-29 14:20:00,14:19,2026-09-29,funabashi,1,10,三連複,1-2-9,829.9,829.9,137,https://www.keiba.go.jp/KeibaWeb/TodayRaceInfo/Odds3LenFuku?k_babaCode=19&k_raceDate=2026%2F09%2F29&k_raceNo=1
2026-09-29 14:20:00,14:19,2026-09-29,funabashi,1,10,三連複,1-3-10,3504.4,3504.4,205,https://www.keiba.go.jp/KeibaWeb/TodayRaceInfo/Odds3LenFuku?k_babaCode=19&k_raceDate=2026%2F09%2F29&k_raceNo=1
2026-09-29 14:20:00,14:19,2026-09-29,funabashi,1,10,三連複,1-3-11,2102.6,2102.6,180,https://www.keiba.go.jp/KeibaWeb/TodayRaceInfo/Odds3LenFuku?k_babaCode=19&k_raceDate=2026%2F09%2F29&k_raceNo=1
2026-09-29 14:20:00,14:19,2026-09-29,funabashi,1,10,三連複,1-3-12,0.0,0.0,220,https://www.keiba.go.jp/KeibaWeb/TodayRaceInfo/Odds3LenFuku?k_babaCode=19&k_raceDate=2026%2F09%2F29&k_raceNo=1
2026-09-29 14:20:00,14:19,2026-09-29,funabashi,1,10,三連複,1-3-4,1855.2,1855.2,171,https://www.keiba.go.jp/KeibaWeb/TodayRaceInfo/Odds3LenFuku?k_babaCode=19&k_raceDate=2026%2F09%2F29&k_raceNo=1
2026-09-29 14:20:00,14:19,2026-09-29,funabashi,1,10,三連複,1-3-5,2628.3,2628.3,193,https://www.keiba.go.jp/KeibaWeb/TodayRaceInfo/Odds3LenFuku?k_babaCode=19&k_raceDate=2026%2F09%2F29&k_raceNo=1
2026-09-29 14:20:00,14:19,2026-09-29,funabashi,1,10,三連複,1-3-6,1855.2,1855.2,171,https://www.keiba.go.jp/KeibaWeb/TodayRaceInfo/Odds3LenFuku?k_babaCode=19&k_raceDate=2026%2F09%2F29&k_raceNo=1
2026-09-29 14:20:00,14:19,2026-09-29,funabashi,1,10,三連複,1-3-7,955.7,955.7,143,https://www.keiba.go.jp/KeibaWeb/TodayRaceInfo/Odds3LenFuku?k_babaCode=19&k_raceDate=2026%2F09%2F29&k_raceNo=1
2026-09-29 14:20:00,14:19,2026-09-29,funabashi,1,10,三連複,1-3-8,553.3,553.3,116,https://www.keiba.go.jp/KeibaWeb/TodayRaceInfo/Odds3LenFuku?k_babaCode=19&k_raceDate=2026%2F09%2F29&k_raceNo=1
2026-09-29 14:20:00,14:19,2026-09-29,funabashi,1,10,三連複,1-3-9,1659.9,1659.9,164,https://www.keiba.go.jp/KeibaWeb/TodayRaceInfo/Odds3LenFuku?k_babaCode=19&k_raceDate=2026%2F09%2F29&k_raceNo=1
2026-09-29 14:20:00,14:19,2026-09-29,funabashi,1,10,三連複,1-4-10,852.4,852.4,138,https://www.keiba.go.jp/KeibaWeb/TodayRaceInfo/Odds3LenFuku?k_babaCode=19&k_raceDate=2026%2F09%2F29&k_raceNo=1
2026-09-29 14:20:00,14:19,2026-09-29,funabashi,1,10,三連複,1-4-11,492.8,492.8,110,https://www.keiba.go.jp/KeibaWeb/TodayRaceInfo/Odds3LenFuku?k_babaCode=19&k_raceDate=2026%2F09%2F29&k_raceNo=1
2026-09-29 14:20:00,14:19,2026-09-29,funabashi,1,10,三連複,1-4-12,3153.9,3153.9,202,https://www.keiba.go.jp/KeibaWeb/TodayRaceInfo/Odds3LenFuku?k_babaCode=19&k_raceDate=2026%2F09%2F29&k_raceNo=1
2026-09-29 14:20:00,14:19,2026-09-29,funabashi,1,10,三連複,1-4-5,525.6,525.6,113,https://www.keiba.go.jp/KeibaWeb/TodayRaceInfo/Odds3LenFuku?k_babaCode=19&k_raceDate=2026%2F09%2F29&k_raceNo=1
2026-09-29 14:20:00,14:19,2026-09-29,funabashi,1,10,三連複,1-4-6,438.0,438.0,100,https://www.keiba.go.jp/KeibaWeb/TodayRaceInfo/Odds3LenFuku?k_babaCode=19&k_raceDate=2026%2F09%2F29&k_raceNo=1
2026-09-29 14:20:00,14:19,2026-09-29,funabashi,1,10,三連複,1-4-7,362.5,362.5,87,https://www.keiba.go.jp/KeibaWeb/TodayRaceInfo/Odds3LenFuku?k_babaCode=19&k_raceDate=2026%2F09%2F29&k_raceNo=1
2026-09-29 14:20:00,14:19,2026-09-29,funabashi,1,10,三連複,1-4-8,90.8,90.8,32,https://www.keiba.go.jp/KeibaWeb/TodayRaceInfo/Odds3LenFuku?k_babaCode=19&k_raceDate=2026%2F09%2F29&k_raceNo=1
2026-09-29 14:20:00,14:19,2026-09-29,funabashi,1,10,三連複,1-4-9,517.0,517.0,112,https://www.keiba.go.jp/KeibaWeb/TodayRaceInfo/Odds3LenFuku?k_babaCode=19&k_raceDate=2026%2F09%2F29&k_raceNo=1
2026-09-29 14:20:00,14:19,2026-09-29,funabashi,1,10,三連複,1-5-10,955.7,955.7,143,https://www.keiba.go.jp/KeibaWeb/TodayRaceInfo/Odds3LenFuku?k_babaCode=19&k_raceDate=2026%2F09%2F29&k_raceNo=1
2026-09-29 14:20:00,14:19,2026-09-29,funabashi,1,10,三連複,1-5-11,606.5,606.5,124,https://www.keiba.go.jp/KeibaWeb/TodayRaceInfo/Odds3LenFuku?k_babaCode=19&k_raceDate=2026%2F09%2F29&k_raceNo=1
2026-09-29 14:20:00,14:19,2026-09-29,funabashi,1,10,三連複,1-5-12,10513.2,10513.2,216,https://www.keiba.go.jp/KeibaWeb/TodayRaceInfo/Odds3LenFuku?k_babaCode=19&k_raceDate=2026%2F09%2F29&k_raceNo=1
2026-09-29 14:20:00,14:19,2026-09-29,funabashi,1,10,三連複,1-5-6,573.4,573.4,120,https://www.keiba.go.jp/KeibaWeb/TodayRaceInfo/Odds3LenFuku?k_babaCode=19&k_raceDate=2026%2F09%2F29&k_raceNo=1
2026-09-29 14:20:00,14:19,2026-09-29,funabashi,1,10,三連複,1-5-7,927.6,927.6,141,https://www.keiba.go.jp/KeibaWeb/TodayRaceInfo/Odds3LenFuku?k_babaCode=19&k_raceDate=2026%2F09%2F29&k_raceNo=1
2026-09-29 14:20:00,14:19,2026-09-29,funabashi,1,10,三連複,1-5-8,109.8,109.8,37,https://www.keiba.go.jp/KeibaWeb/TodayRaceInfo/Odds3LenFuku?k_babaCode=19&k_raceDate=2026%2F09%2F29&k_raceNo=1
2026-09-29 14:20:00,14:19,2026-09-29,funabashi,1,10,三連複,1-5-9,685.6,685.6,131,https://www.keiba.go.jp/KeibaWeb/TodayRaceInfo/Odds3LenFuku?k_babaCode=19&k_raceDate=2026%2F09%2F29&k_raceNo=1
2026-09-29 14:20:00,14:19,2026-09-29,funabashi,1,10,三連複,1-6-10,584.0,584.0,122,https://www.keiba.go.jp/KeibaWeb/TodayRaceInfo/Odds3LenFuku?k_babaCode=19&k_raceDate=2026%2F09%2F29&k_raceNo=1
2026-09-29 14:20:00,14:19,2026-09-29,funabashi,1,10,三連複,1-6-11,366.7,366.7,88,https://www.keiba.go.jp/KeibaWeb/TodayRaceInfo/Odds3LenFuku?k_babaCode=19&k_raceDate=2026%2F09%2F29&k_raceNo=1
2026-09-29 14:20:00,14:19,2026-09-29,funabashi,1,10,三連複,1-6-12,2252.8,2252.8,187,https://www.keiba.go.jp/KeibaWeb/TodayRaceInfo/Odds3LenFuku?k_babaCode=19&k_raceDate=2026%2F09%2F29&k_raceNo=1
2026-09-29 14:20:00,14:19,2026-09-29,funabashi,1,10,三連複,1-6-7,284.1,284.1,69,https://www.keiba.go.jp/KeibaWeb/TodayRaceInfo/Odds3LenFuku?k_babaCode=19&k_raceDate=2026%2F09%2F29&k_raceNo=1
2026-09-29 14:20:00,14:19,2026-09-29,funabashi,1,10,三連複,1-6-8,67.6,67.6,28,https://www.keiba.go.jp/KeibaWeb/TodayRaceInfo/Odds3LenFuku?k_babaCode=19&k_raceDate=2026%2F09%2F29&k_raceNo=1
2026-09-29 14:20:00,14:19,2026-09-29,funabashi,1,10,三連複,1-6-9,438.0,438.0,100,https://www.keiba.go.jp/KeibaWeb/TodayRaceInfo/Odds3LenFuku?k_babaCode=19&k_raceDate=2026%2F09%2F29&k_raceNo=1
2026-09-29 14:20:00,14:19,2026-09-29,funabashi,1,10,三連複,1-7-10,1087.5,1087.5,146,https://www.keiba.go.jp/KeibaWeb/TodayRaceInfo/Odds3LenFuku?k_babaCode=19&k_raceDate=2026%2F09%2F29&k_raceNo=1
2026-09-29 14:20:00,14:19,2026-09-29,funabashi,1,10,三連複,1-7-11,457.0,457.0,105,https://www.keiba.go.jp/KeibaWeb/TodayRaceInfo/Odds3LenFuku?k_babaCode=19&k_raceDate=2026%2F09%2F29&k_raceNo=1
2026-09-29 14:20:00,14:19,2026-09-29,funabashi,1,10,三連複,1-7-12,2426.1,2426.1,190,https://www.keiba.go.jp/KeibaWeb/TodayRaceInfo/Odds3LenFuku?k_babaCode=19&k_raceDate=2026%2F09%2F29&k_raceNo=1
2026-09-29 14:20:00,14:19,2026-09-29,funabashi,1,10,三連複,1-7-8,100.4,100.4,35,https://www.keiba.go.jp/KeibaWeb/TodayRaceInfo/Odds3LenFuku?k_babaCode=19&k_raceDate=2026%2F09%2F29&k_raceNo=1
2026-09-29 14:20:00,14:19,2026-09-29,funabashi,1,10,三連複,1-7-9,384.6,384.6,89,https://www.keiba.go.jp/KeibaWeb/TodayRaceInfo/Odds3LenFuku?k_babaCode=19&k_raceDate=2026%2F09%2F29&k_raceNo=1
2026-09-29 14:20:00,14:19,2026-09-29,funabashi,1,10,三連複,1-8-10,132.5,132.5,38,https://www.keiba.go.jp/KeibaWeb/TodayRaceInfo/Odds3LenFuku?k_babaCode=19&k_raceDate=2026%2F09%2F29&k_raceNo=1
2026-09-29 14:20:00,14:19,2026-09-29,funabashi,1,10,三連複,1-8-11,74.9,74.9,30,https://www.keiba.go.jp/KeibaWeb/TodayRaceInfo/Odds3LenFuku?k_babaCode=19&k_raceDate=2026%2F09%2F29&k_raceNo=1
2026-09-29 14:20:00,14:19,2026-09-29,funabashi,1,10,三連複,1-8-12,1433.6,1433.6,153,https://www.keiba.go.jp/KeibaWeb/TodayRaceInfo/Odds3LenFuku?k_babaCode=19&k_raceDate=2026%2F09%2F29&k_raceNo=1
2026-09-29 14:20:00,14:19,2026-09-29,funabashi,1,10,三連複,1-8-9,82.1,82.1,31,https://www.keiba.go.jp/KeibaWeb/TodayRaceInfo/Odds3LenFuku?k_babaCode=19&k_raceDate=2026%2F09%2F29&k_raceNo=1
2026-09-29 14:20:00,14:19,2026-09-29,funabashi,1,10,三連複,1-9-10,671.0,671.0,129,https://www.keiba.go.jp/KeibaWeb/TodayRaceInfo/Odds3LenFuku?k_babaCode=19&k_raceDate=2026%2F09%2F29&k_raceNo=1
2026-09-29 14:20:00,14:19,2026-09-29,funabashi,1,10,三連複,1-9-11,384.6,384.6,89,https://www.keiba.go.jp/KeibaWeb/TodayRaceInfo/Odds3LenFuku?k_babaCode=19&k_raceDate=2026%2F09%2F29&k_raceNo=1
2026-09-29 14:20:00,14:19,2026-09-29,funabashi,1,10,三連複,1-9-12,4505.6,4505.6,210,https://www.keiba.go.jp/KeibaWeb/TodayRaceInfo/Odds3LenFuku?k_babaCode=19&k_raceDate=2026%2F09%2F29&k_raceNo=1
2026-09-29 14:20:00,14:19,2026-09-29,funabashi,1,10,三連複,10-11-12,1051.3,1051.3,145,https://www.keiba.go.jp/KeibaWeb/TodayRaceInfo/Odds3LenFuku?k_babaCode=19&k_raceDate=2026%2F09%2F29&k_raceNo=1
2026-09-29 14:20:00,14:19,2026-09-29,funabashi,1,10,三連複,2-10-11,303.2,303.2,73,https://www.keiba.go.jp/KeibaWeb/TodayRaceInfo/Odds3LenFuku?k_babaCode=19&k_raceDate=2026%2F09%2F29&k_raceNo=1
2026-09-29 14:20:00,14:19,2026-09-29,funabashi,1,10,三連複,2-10-12,1971.2,1971.2,174,https://www.keiba.go.jp/KeibaWeb/TodayRaceInfo/Odds3LenFuku?k_babaCode=19&k_raceDate=2026%2F09%2F29&k_raceNo=1
2026-09-29 14:20:00,14:19,2026-09-29,funabashi,1,10,三連複,2-11-12,1576.9,1576.9,156,https://www.keiba.go.jp/KeibaWeb/TodayRaceInfo/Odds3LenFuku?k_babaCode=19&k_raceDate=2026%2F09%2F29&k_raceNo=1
2026-09-29 14:20:00,14:19,2026-09-29,funabashi,1,10,三連複,2-3-10,2867.2,2867.2,198,https://www.keiba.go.jp/KeibaWeb/TodayRaceInfo/Odds3LenFuku?k_babaCode=19&k_raceDate=2026%2F09%2F29&k_raceNo=1
2026-09-29 14:20:00,14:19,2026-09-29,funabashi,1,10,三連複,2-3-11,1971.2,1971.2,174,https://www.keiba.go.jp/KeibaWeb/TodayRaceInfo/Odds3LenFuku?k_babaCode=19&k_raceDate=2026%2F09%2F29&k_raceNo=1
2026-09-29 14:20:00,14:19,2026-09-29,funabashi,1,10,三連複,2-3-12,15769.8,15769.8,218,https://www.keiba.go.jp/KeibaWeb/TodayRaceInfo/Odds3LenFuku?k_babaCode=19&k_raceDate=2026%2F09%2F29&k_raceNo=1
2026-09-29 14:20:00,14:19,2026-09-29,funabashi,1,10,三連複,2-3-4,1752.2,1752.2,167,https://www.keiba.go.jp/KeibaWeb/TodayRaceInfo/Odds3LenFuku?k_babaCode=19&k_raceDate=2026%2F09%2F29&k_raceNo=1
2026-09-29 14:20:00,14:19,2026-09-29,funabashi,1,10,三連複,2-3-5,1576.9,1576.9,156,https://www.keiba.go.jp/KeibaWeb/TodayRaceInfo/Odds3LenFuku?k_babaCode=19&k_raceDate=2026%2F09%2F29&k_raceNo=1
2026-09-29 14:20:00,14:19,2026-09-29,funabashi,1,10,三連複,2-3-6,788.4,788.4,136,https://www.keiba.go.jp/KeibaWeb/TodayRaceInfo/Odds3LenFuku?k_babaCode=19&k_raceDate=2026%2F09%2F29&k_raceNo=1
2026-09-29 14:20:00,14:19,2026-09-29,funabashi,1,10,三連複,2-3-7,1576.9,1576.9,156,https://www.keiba.go.jp/KeibaWeb/TodayRaceInfo/Odds3LenFuku?k_babaCode=19&k_raceDate=2026%2F09%2F29&k_raceNo=1
2026-09-29 14:20:00,14:19,2026-09-29,funabashi,1,10,三連複,2-3-8,354.3,354.3,84,https://www.keiba.go.jp/KeibaWeb/TodayRaceInfo/Odds3LenFuku?k_babaCode=19&k_raceDate=2026%2F09%2F29&k_raceNo=1
2026-09-29 14:20:00,14:19,2026-09-29,funabashi,1,10,三連複,2-3-9,1971.2,1971.2,174,https://www.keiba.go.jp/KeibaWeb/TodayRaceInfo/Odds3LenFuku?k_babaCode=19&k_raceDate=2026%2F09%2F29&k_raceNo=1
2026-09-29 14:20:00,14:19,2026-09-29,funabashi,1,10,三連複,2-4-10,534.5,534.5,115,https://www.keiba.go.jp/KeibaWeb/TodayRaceInfo/Odds3LenFuku?k_babaCode=19&k_raceDate=2026%2F09%2F29&k_raceNo=1
2026-09-29 14:20:00,14:19,2026-09-29,funabashi,1,10,三連複,2-4-11,260.6,260.6,62,https://www.keiba.go.jp/KeibaWeb/TodayRaceInfo/Odds3LenFuku?k_babaCode=19&k_raceDate=2026%2F09%2F29&k_raceNo=1
2026-09-29 14:20:00,14:19,2026-09-29,funabashi,1,10,三連複,2-4-12,2102.6,2102.6,180,https://www.keiba.go.jp/KeibaWeb/TodayRaceInfo/Odds3LenFuku?k_babaCode=19&k_raceDate=2026%2F09%2F29&k_raceNo=1
2026-09-29 14:20:00,14:19,2026-09-29,funabashi,1,10,三連複,2-4-5,309.2,309.2,74,https://www.keiba.go.jp/KeibaWeb/TodayRaceInfo/Odds3LenFuku?k_babaCode=19&k_raceDate=2026%2F09%2F29&k_raceNo=1
2026-09-29 14:20:00,14:19,2026-09-29,funabashi,1,10,三連複,2-4-6,207.4,207.4,51,https://www.keiba.go.jp/KeibaWeb/TodayRaceInfo/Odds3LenFuku?k_babaCode=19&k_raceDate=2026%2F09%2F29&k_raceNo=1
2026-09-29 14:20:00,14:19,2026-09-29,funabashi,1,10,三連複,2-4-7,223.6,223.6,57,https://www.keiba.go.jp/KeibaWeb/TodayRaceInfo/Odds3LenFuku?k_babaCode=19&k_raceDate=2026%2F09%2F29&k_raceNo=1
2026-09-29 14:20:00,14:19,2026-09-29,funabashi,1,10,三連複,2-4-8,44.1,44.1,21,https://www.keiba.go.jp/KeibaWeb/TodayRaceInfo/Odds3LenFuku?k_babaCode=19&k_raceDate=2026%2F09%2F29&k_raceNo=1
2026-09-29 14:20:00,14:19,2026-09-29,funabashi,1,10,三連複,2-4-9,426.2,426.2,99,https://www.keiba.go.jp/KeibaWeb/TodayRaceInfo/Odds3LenFuku?k_babaCode=19&k_raceDate=2026%2F09%2F29&k_raceNo=1
2026-09-29 14:20:00,14:19,2026-09-29,funabashi,1,10,三連複,2-5-10,315.3,315.3,77,https://www.keiba.go.jp/KeibaWeb/TodayRaceInfo/Odds3LenFuku?k_babaCode=19&k_raceDate=2026%2F09%2F29&k_raceNo=1
2026-09-29 14:20:00,14:19,2026-09-29,funabashi,1,10,三連複,2-5-11,193.4,193.4,48,https://www.keiba.go.jp/KeibaWeb/TodayRaceInfo/Odds3LenFuku?k_babaCode=19&k_raceDate=2026%2F09%2F29&k_raceNo=1
2026-09-29 14:20:00,14:19,2026-09-29,funabashi,1,10,三連複,2-5-12,2628.3,2628.3,193,https://www.keiba.go.jp/KeibaWeb/TodayRaceInfo/Odds3LenFuku?k_babaCode=19&k_raceDate=2026%2F09%2F29&k_raceNo=1
2026-09-29 14:20:00,14:19,2026-09-29,funabashi,1,10,三連複,2-5-6,210.2,210.2,52,https://www.keiba.go.jp/KeibaWeb/TodayRaceInfo/Odds3LenFuku?k_babaCode=19&k_raceDate=2026%2F09%2F29&k_raceNo=1
2026-09-29 14:20:00,14:19,2026-09-29,funabashi,1,10,三連複,2-5-7,254.3,254.3,60,https://www.keiba.go.jp/KeibaWeb/TodayRaceInfo/Odds3LenFuku?k_babaCode=19&k_raceDate=2026%2F09%2F29&k_raceNo=1
2026-09-29 14:20:00,14:19,2026-09-29,funabashi,1,10,三連複,2-5-8,31.9,31.9,12,https://www.keiba.go.jp/KeibaWeb/TodayRaceInfo/Odds3LenFuku?k_babaCode=19&k_raceDate=2026%2F09%2F29&k_raceNo=1
2026-09-29 14:20:00,14:19,2026-09-29,funabashi,1,10,三連複,2-5-9,394.2,394.2,94,https://www.keiba.go.jp/KeibaWeb/TodayRaceInfo/Odds3LenFuku?k_babaCode=19&k_raceDate=2026%2F09%2F29&k_raceNo=1
2026-09-29 14:20:00,14:19,2026-09-29,funabashi,1,10,三連複,2-6-10,267.2,267.2,63,https://www.keiba.go.jp/KeibaWeb/TodayRaceInfo/Odds3LenFuku?k_babaCode=19&k_raceDate=2026%2F09%2F29&k_raceNo=1
2026-09-29 14:20:00,14:19,2026-09-29,funabashi,1,10,三連複,2-6-11,140.1,140.1,40,https://www.keiba.go.jp/KeibaWeb/TodayRaceInfo/Odds3LenFuku?k_babaCode=19&k_raceDate=2026%2F09%2F29&k_raceNo=1
2026-09-29 14:20:00,14:19,2026-09-29,funabashi,1,10,三連複,2-6-12,1213.0,1213.0,150,https://www.keiba.go.jp/KeibaWeb/TodayRaceInfo/Odds3LenFuku?k_babaCode=19&k_raceDate=2026%2F09%2F29&k_raceNo=1
2026-09-29 14:20:00,14:19,2026-09-29,funabashi,1,10,三連複,2-6-7,155.3,155.3,45,https://www.keiba.go.jp/KeibaWeb/TodayRaceInfo/Odds3LenFuku?k_babaCode=19&k_raceDate=2026%2F09%2F29&k_raceNo=1
2026-09-29 14:20:00,14:19,2026-09-29,funabashi,1,10,三連複,2-6-8,20.5,20.5,3,https://www.keiba.go.jp/KeibaWeb/TodayRaceInfo/Odds3LenFuku?k_babaCode=19&k_raceDate=2026%2F09%2F29&k_raceNo=1
2026-09-29 14:20:00,14:19,2026-09-29,funabashi,1,10,三連複,2-6-9,194.6,194.6,49,https://www.keiba.go.jp/KeibaWeb/TodayRaceInfo/Odds3LenFuku?k_babaCode=19&k_raceDate=2026%2F09%2F29&k_raceNo=1
2026-09-29 14:20:00,14:19,2026-09-29,funabashi,1,10,三連複,2-7-10,573.4,573.4,120,https://www.keiba.go.jp/KeibaWeb/TodayRaceInfo/Odds3LenFuku?k_babaCode=19&k_raceDate=2026%2F09%2F29&k_raceNo=1
2026-09-29 14:20:00,14:19,2026-09-29,funabashi,1,10,三連複,2-7-11,281.6,281.6,67,https://www.keiba.go.jp/KeibaWeb/TodayRaceInfo/Odds3LenFuku?k_babaCode=19&k_raceDate=2026%2F09%2F29&k_raceNo=1
2026-09-29 14:20:00,14:19,2026-09-29,funabashi,1,10,三連複,2-7-12,2867.2,2867.2,198,https://www.keiba.go.jp/KeibaWeb/TodayRaceInfo/Odds3LenFuku?k_babaCode=19&k_raceDate=2026%2F09%2F29&k_raceNo=1
2026-09-29 14:20:00,14:19,2026-09-29,funabashi,1,10,三連複,2-7-8,43.7,43.7,20,https://www.keiba.go.jp/KeibaWeb/TodayRaceInfo/Odds3LenFuku?k_babaCode=19&k_raceDate=2026%2F09%2F29&k_raceNo=1
2026-09-29 14:20:00,14:19,2026-09-29,funabashi,1,10,三連複,2-7-9,279.1,279.1,66,https://www.keiba.go.jp/KeibaWeb/TodayRaceInfo/Odds3LenFuku?k_babaCode=19&k_raceDate=2026%2F09%2F29&k_raceNo=1
2026-09-29 14:20:00,14:19,2026-09-29,funabashi,1,10,三連複,2-8-10,46.6,46.6,23,https://www.keiba.go.jp/KeibaWeb/TodayRaceInfo/Odds3LenFuku?k_babaCode=19&k_raceDate=2026%2F09%2F29&k_raceNo=1
2026-09-29 14:20:00,14:19,2026-09-29,funabashi,1,10,三連複,2-8-11,25.3,25.3,8,https://www.keiba.go.jp/KeibaWeb/TodayRaceInfo/Odds3LenFuku?k_babaCode=19&k_raceDate=2026%2F09%2F29&k_raceNo=1
2026-09-29 14:20:00,14:19,2026-09-29,funabashi,1,10,三連複,2-8-12,420.5,420.5,96,https://www.keiba.go.jp/KeibaWeb/TodayRaceInfo/Odds3LenFuku?k_babaCode=19&k_raceDate=2026%2F09%2F29&k_raceNo=1
2026-09-29 14:20:00,14:19,2026-09-29,funabashi,1,10,三連複,2-8-9,33.6,33.6,17,https://www.keiba.go.jp/KeibaWeb/TodayRaceInfo/Odds3LenFuku?k_babaCode=19&k_raceDate=2026%2F09%2F29&k_raceNo=1
2026-09-29 14:20:00,14:19,2026-09-29,funabashi,1,10,三連複,2-9-10,553.3,553.3,116,https://www.keiba.go.jp/KeibaWeb/TodayRaceInfo/Odds3LenFuku?k_babaCode=19&k_raceDate=2026%2F09%2F29&k_raceNo=1
2026-09-29 14:20:00,14:19,2026-09-29,funabashi,1,10,三連複,2-9-11,281.6,281.6,67,https://www.keiba.go.jp/KeibaWeb/TodayRaceInfo/Odds3LenFuku?k_babaCode=19&k_raceDate=2026%2F09%2F29&k_raceNo=1
2026-09-29 14:20:00,14:19,2026-09-29,funabashi,1,10,三連複,2-9-12,5256.6,5256.6,212,https://www.keiba.go.jp/KeibaWeb/TodayRaceInfo/Odds3LenFuku?k_babaCode=19&k_raceDate=2026%2F09%2F29&k_raceNo=1
2026-09-29 14:20:00,14:19,2026-09-29,funabashi,1,10,三連複,3-10-11,2628.3,2628.3,193,https://www.keiba.go.jp/KeibaWeb/TodayRaceInfo/Odds3LenFuku?k_babaCode=19&k_raceDate=2026%2F09%2F29&k_raceNo=1
2026-09-29 14:20:00,14:19,2026-09-29,funabashi,1,10,三連複,3-10-12,3504.4,3504.4,205,https://www.keiba.go.jp/KeibaWeb/TodayRaceInfo/Odds3LenFuku?k_babaCode=19&k_raceDate=2026%2F09%2F29&k_raceNo=1
2026-09-29 14:20:00,14:19,2026-09-29,funabashi,1,10,三連複,3-11-12,2628.3,2628.3,193,https://www.keiba.go.jp/KeibaWeb/TodayRaceInfo/Odds3LenFuku?k_babaCode=19&k_raceDate=2026%2F09%2F29&k_raceNo=1
2026-09-29 14:20:00,14:19,2026-09-29,funabashi,1,10,三連複,3-4-10,2867.2,2867.2,198,https://www.keiba.go.jp/KeibaWeb/TodayRaceInfo/Odds3LenFuku?k_babaCode=19&k_raceDate=2026%2F09%2F29&k_raceNo=1
2026-09-29 14:20:00,14:19,2026-09-29,funabashi,1,10,三連複,3-4-11,2102.6,2102.6,180,https://www.keiba.go.jp/KeibaWeb/TodayRaceInfo/Odds3LenFuku?k_babaCode=19&k_raceDate=2026%2F09%2F29&k_raceNo=1
2026-09-29 14:20:00,14:19,2026-09-29,funabashi,1,10,三連複,3-4-12,10513.2,10513.2,216,https://www.keiba.go.jp/KeibaWeb/TodayRaceInfo/Odds3LenFuku?k_babaCode=19&k_raceDate=2026%2F09%2F29&k_raceNo=1
2026-09-29 14:20:00,14:19,2026-09-29,funabashi,1,10,三連複,3-4-5,2867.2,2867.2,198,https://www.keiba.go.jp/KeibaWeb/TodayRaceInfo/Odds3LenFuku?k_babaCode=19&k_raceDate=2026%2F09%2F29&k_raceNo=1
2026-09-29 14:20:00,14:19,2026-09-29,funabashi,1,10,三連複,3-4-6,1576.9,1576.9,156,https://www.keiba.go.jp/KeibaWeb/TodayRaceInfo/Odds3LenFuku?k_babaCode=19&k_raceDate=2026%2F09%2F29&k_raceNo=1
2026-09-29 14:20:00,14:19,2026-09-29,funabashi,1,10,三連複,3-4-7,733.4,733.4,134,https://www.keiba.go.jp/KeibaWeb/TodayRaceInfo/Odds3LenFuku?k_babaCode=19&k_raceDate=2026%2F09%2F29&k_raceNo=1
2026-09-29 14:20:00,14:19,2026-09-29,funabashi,1,10,三連複,3-4-8,420.5,420.5,96,https://www.keiba.go.jp/KeibaWeb/TodayRaceInfo/Odds3LenFuku?k_babaCode=19&k_raceDate=2026%2F09%2F29&k_raceNo=1
2026-09-29 14:20:00,14:19,2026-09-29,funabashi,1,10,三連複,3-4-9,1433.6,1433.6,153,https://www.keiba.go.jp/KeibaWeb/TodayRaceInfo/Odds3LenFuku?k_babaCode=19&k_raceDate=2026%2F09%2F29&k_raceNo=1
2026-09-29 14:20:00,14:19,2026-09-29,funabashi,1,10,三連複,3-5-10,2628.3,2628.3,193,https://www.keiba.go.jp/KeibaWeb/TodayRaceInfo/Odds3LenFuku?k_babaCode=19&k_raceDate=2026%2F09%2F29&k_raceNo=1
2026-09-29 14:20:00,14:19,2026-09-29,funabashi,1,10,三連複,3-5-11,2102.6,2102.6,180,https://www.keiba.go.jp/KeibaWeb/TodayRaceInfo/Odds3LenFuku?k_babaCode=19&k_raceDate=2026%2F09%2F29&k_raceNo=1
2026-09-29 14:20:00,14:19,2026-09-29,funabashi,1,10,三連複,3-5-12,31539.6,31539.6,219,https://www.keiba.go.jp/KeibaWeb/TodayRaceInfo/Odds3LenFuku?k_babaCode=19&k_raceDate=2026%2F09%2F29&k_raceNo=1
2026-09-29 14:20:00,14:19,2026-09-29,funabashi,1,10,三連複,3-5-6,852.4,852.4,138,https://www.keiba.go.jp/KeibaWeb/TodayRaceInfo/Odds3LenFuku?k_babaCode=19&k_raceDate=2026%2F09%2F29&k_raceNo=1
2026-09-29 14:20:00,14:19,2026-09-29,funabashi,1,10,三連複,3-5-7,1576.9,1576.9,156,https://www.keiba.go.jp/KeibaWeb/TodayRaceInfo/Odds3LenFuku?k_babaCode=19&k_raceDate=2026%2F09%2F29&k_raceNo=1
2026-09-29 14:20:00,14:19,2026-09-29,funabashi,1,10,三連複,3-5-8,358.4,358.4,86,https://www.keiba.go.jp/KeibaWeb/TodayRaceInfo/Odds3LenFuku?k_babaCode=19&k_raceDate=2026%2F09%2F29&k_raceNo=1
2026-09-29 14:20:00,14:19,2026-09-29,funabashi,1,10,三連複,3-5-9,1971.2,1971.2,174,https://www.keiba.go.jp/KeibaWeb/TodayRaceInfo/Odds3LenFuku?k_babaCode=19&k_raceDate=2026%2F09%2F29&k_raceNo=1
2026-09-29 14:20:00,14:19,2026-09-29,funabashi,1,10,三連複,3-6-10,2102.6,2102.6,180,https://www.keiba.go.jp/KeibaWeb/TodayRaceInfo/Odds3LenFuku?k_babaCode=19&k_raceDate=2026%2F09%2F29&k_raceNo=1
2026-09-29 14:20:00,14:19,2026-09-29,funabashi,1,10,三連複,3-6-11,1126.4,1126.4,147,https://www.keiba.go.jp/KeibaWeb/TodayRaceInfo/Odds3LenFuku?k_babaCode=19&k_raceDate=2026%2F09%2F29&k_raceNo=1
2026-09-29 14:20:00,14:19,2026-09-29,funabashi,1,10,三連複,3-6-12,6307.9,6307.9,214,https://www.keiba.go.jp/KeibaWeb/TodayRaceInfo/Odds3LenFuku?k_babaCode=19&k_raceDate=2026%2F09%2F29&k_raceNo=1
2026-09-29 14:20:00,14:19,2026-09-29,funabashi,1,10,三連複,3-6-7,685.6,685.6,131,https://www.keiba.go.jp/KeibaWeb/TodayRaceInfo/Odds3LenFuku?k_babaCode=19&k_raceDate=2026%2F09%2F29&k_raceNo=1
2026-09-29 14:20:00,14:19,2026-09-29,funabashi,1,10,三連複,3-6-8,256.4,256.4,61,https://www.keiba.go.jp/KeibaWeb/TodayRaceInfo/Odds3LenFuku?k_babaCode=19&k_raceDate=2026%2F09%2F29&k_raceNo=1
2026-09-29 14:20:00,14:19,2026-09-29,funabashi,1,10,三連複,3-6-9,563.2,563.2,118,https://www.keiba.go.jp/KeibaWeb/TodayRaceInfo/Odds3LenFuku?k_babaCode=19&k_raceDate=2026%2F09%2F29&k_raceNo=1
2026-09-29 14:20:00,14:19,2026-09-29,funabashi,1,10,三連複,3-7-10,3153.9,3153.9,202,https://www.keiba.go.jp/KeibaWeb/TodayRaceInfo/Odds3LenFuku?k_babaCode=19&k_raceDate=2026%2F09%2F29&k_raceNo=1
2026-09-29 14:20:00,14:19,2026-09-29,funabashi,1,10,三連複,3-7-11,1855.2,1855.2,171,https://www.keiba.go.jp/KeibaWeb/TodayRaceInfo/Odds3LenFuku?k_babaCode=19&k_raceDate=2026%2F09%2F29&k_raceNo=1
2026-09-29 14:20:00,14:19,2026-09-29,funabashi,1,10,三連複,3-7-12,3942.4,3942.4,209,https://www.keiba.go.jp/KeibaWeb/TodayRaceInfo/Odds3LenFuku?k_babaCode=19&k_raceDate=2026%2F09%2F29&k_raceNo=1
2026-09-29 14:20:00,14:19,2026-09-29,funabashi,1,10,三連複,3-7-8,335.5,335.5,83,https://www.keiba.go.jp/KeibaWeb/TodayRaceInfo/Odds3LenFuku?k_babaCode=19&k_raceDate=2026%2F09%2F29&k_raceNo=1
2026-09-29 14:20:00,14:19,2026-09-29,funabashi,1,10,三連複,3-7-9,618.4,618.4,126,https://www.keiba.go.jp/KeibaWeb/TodayRaceInfo/Odds3LenFuku?k_babaCode=19&k_raceDate=2026%2F09%2F29&k_raceNo=1
2026-09-29 14:20:00,14:19,2026-09-29,funabashi,1,10,三連複,3-8-10,584.0,584.0,122,https://www.keiba.go.jp/KeibaWeb/TodayRaceInfo/Odds3LenFuku?k_babaCode=19&k_raceDate=2026%2F09%2F29&k_raceNo=1
2026-09-29 14:20:00,14:19,2026-09-29,funabashi,1,10,三連複,3-8-11,292.0,292.0,70,https://www.keiba.go.jp/KeibaWeb/TodayRaceInfo/Odds3LenFuku?k_babaCode=19&k_raceDate=2026%2F09%2F29&k_raceNo=1
2026-09-29 14:20:00,14:19,2026-09-29,funabashi,1,10,三連複,3-8-12,1971.2,1971.2,174,https://www.keiba.go.jp/KeibaWeb/TodayRaceInfo/Odds3LenFuku?k_babaCode=19&k_raceDate=2026%2F09%2F29&k_raceNo=1
2026-09-29 14:20:00,14:19,2026-09-29,funabashi,1,10,三連複,3-8-9,312.2,312.2,76,https://www.keiba.go.jp/KeibaWeb/TodayRaceInfo/Odds3LenFuku?k_babaCode=19&k_raceDate=2026%2F09%2F29&k_raceNo=1
2026-09-29 14:20:00,14:19,2026-09-29,funabashi,1,10,三連複,3-9-10,1576.9,1576.9,156,https://www.keiba.go.jp/KeibaWeb/TodayRaceInfo/Odds3LenFuku?k_babaCode=19&k_raceDate=2026%2F09%2F29&k_raceNo=1
2026-09-29 14:20:00,14:19,2026-09-29,funabashi,1,10,三連複,3-9-11,1501.8,1501.8,155,https://www.keiba.go.jp/KeibaWeb/TodayRaceInfo/Odds3LenFuku?k_babaCode=19&k_raceDate=2026%2F09%2F29&k_raceNo=1
2026-09-29 14:20:00,14:19,2026-09-29,funabashi,1,10,三連複,3-9-12,6307.9,6307.9,214,https://www.keiba.go.jp/KeibaWeb/TodayRaceInfo/Odds3LenFuku?k_babaCode=19&k_raceDate=2026%2F09%2F29&k_raceNo=1
2026-09-29 14:20:00,14:19,2026-09-29,funabashi,1,10,三連複,4-10-11,389.3,389.3,93,https://www.keiba.go.jp/KeibaWeb/TodayRaceInfo/Odds3LenFuku?k_babaCode=19&k_raceDate=2026%2F09%2F29&k_raceNo=1
2026-09-29 14:20:00,14:19,2026-09-29,funabashi,1,10,三連複,4-10-12,1971.2,1971.2,174,https://www.keiba.go.jp/KeibaWeb/TodayRaceInfo/Odds3LenFuku?k_babaCode=19&k_raceDate=2026%2F09%2F29&k_raceNo=1
2026-09-29 14:20:00,14:19,2026-09-29,funabashi,1,10,三連複,4-11-12,1752.2,1752.2,167,https://www.keiba.go.jp/KeibaWeb/TodayRaceInfo/Odds3LenFuku?k_babaCode=19&k_raceDate=2026%2F09%2F29&k_raceNo=1
2026-09-29 14:20:00,14:19,2026-09-29,funabashi,1,10,三連複,4-5-10,685.6,685.6,131,https://www.keiba.go.jp/KeibaWeb/TodayRaceInfo/Odds3LenFuku?k_babaCode=19&k_raceDate=2026%2F09%2F29&k_raceNo=1
2026-09-29 14:20:00,14:19,2026-09-29,funabashi,1,10,三連複,4-5-11,267.2,267.2,63,https://www.keiba.go.jp/KeibaWeb/TodayRaceInfo/Odds3LenFuku?k_babaCode=19&k_raceDate=2026%2F09%2F29&k_raceNo=1
2026-09-29 14:20:00,14:19,2026-09-29,funabashi,1,10,三連複,4-5-12,3504.4,3504.4,205,https://www.keiba.go.jp/KeibaWeb/TodayRaceInfo/Odds3LenFuku?k_babaCode=19&k_raceDate=2026%2F09%2F29&k_raceNo=1
2026-09-29 14:20:00,14:19,2026-09-29,funabashi,1,10,三連複,4-5-6,143.3,143.3,41,https://www.keiba.go.jp/KeibaWeb/TodayRaceInfo/Odds3LenFuku?k_babaCode=19&k_raceDate=2026%2F09%2F29&k_raceNo=1
2026-09-29 14:20:00,14:19,2026-09-29,funabashi,1,10,三連複,4-5-7,198.3,198.3,50,https://www.keiba.go.jp/KeibaWeb/TodayRaceInfo/Odds3LenFuku?k_babaCode=19&k_raceDate=2026%2F09%2F29&k_raceNo=1
2026-09-29 14:20:00,14:19,2026-09-29,funabashi,1,10,三連複,4-5-8,31.9,31.9,13,https://www.keiba.go.jp/KeibaWeb/TodayRaceInfo/Odds3LenFuku?k_babaCode=19&k_raceDate=2026%2F09%2F29&k_raceNo=1
2026-09-29 14:20:00,14:19,2026-09-29,funabashi,1,10,三連複,4-5-9,315.3,315.3,77,https://www.keiba.go.jp/KeibaWeb/TodayRaceInfo/Odds3LenFuku?k_babaCode=19&k_raceDate=2026%2F09%2F29&k_raceNo=1
2026-09-29 14:20:00,14:19,2026-09-29,funabashi,1,10,三連複,4-6-10,328.5,328.5,81,https://www.keiba.go.jp/KeibaWeb/TodayRaceInfo/Odds3LenFuku?k_babaCode=19&k_raceDate=2026%2F09%2F29&k_raceNo=1
2026-09-29 14:20:00,14:19,2026-09-29,funabashi,1,10,三連複,4-6-11,143.3,143.3,41,https://www.keiba.go.jp/KeibaWeb/TodayRaceInfo/Odds3LenFuku?k_babaCode=19&k_raceDate=2026%2F09%2F29&k_raceNo=1
2026-09-29 14:20:00,14:19,2026-09-29,funabashi,1,10,三連複,4-6-12,1261.5,1261.5,151,https://www.keiba.go.jp/KeibaWeb/TodayRaceInfo/Odds3LenFuku?k_babaCode=19&k_raceDate=2026%2F09%2F29&k_raceNo=1
2026-09-29 14:20:00,14:19,2026-09-29,funabashi,1,10,三連複,4-6-7,98.8,98.8,33,https://www.keiba.go.jp/KeibaWeb/TodayRaceInfo/Odds3LenFuku?k_babaCode=19&k_raceDate=2026%2F09%2F29&k_raceNo=1
2026-09-29 14:20:00,14:19,2026-09-29,funabashi,1,10,三連複,4-6-8,21.4,21.4,4,https://www.keiba.go.jp/KeibaWeb/TodayRaceInfo/Odds3LenFuku?k_babaCode=19&k_raceDate=2026%2F09%2F29&k_raceNo=1
2026-09-29 14:20:00,14:19,2026-09-29,funabashi,1,10,三連複,4-6-9,219.0,219.0,56,https://www.keiba.go.jp/KeibaWeb/TodayRaceInfo/Odds3LenFuku?k_babaCode=19&k_raceDate=2026%2F09%2F29&k_raceNo=1
2026-09-29 14:20:00,14:19,2026-09-29,funabashi,1,10,三連複,4-7-10,492.8,492.8,110,https://www.keiba.go.jp/KeibaWeb/TodayRaceInfo/Odds3LenFuku?k_babaCode=19&k_raceDate=2026%2F09%2F29&k_raceNo=1
2026-09-29 14:20:00,14:19,2026-09-29,funabashi,1,10,三連複,4-7-11,148.0,148.0,43,https://www.keiba.go.jp/KeibaWeb/TodayRaceInfo/Odds3LenFuku?k_babaCode=19&k_raceDate=2026%2F09%2F29&k_raceNo=1
2026-09-29 14:20:00,14:19,2026-09-29,funabashi,1,10,三連複,4-7-12,1371.2,1371.2,152,https://www.keiba.go.jp/KeibaWeb/TodayRaceInfo/Odds3LenFuku?k_babaCode=19&k_raceDate=2026%2F09%2F29&k_raceNo=1
2026-09-29 14:20:00,14:19,2026-09-29,funabashi,1,10,三連複,4-7-8,33.4,33.4,16,https://www.keiba.go.jp/KeibaWeb/TodayRaceInfo/Odds3LenFuku?k_babaCode=19&k_raceDate=2026%2F09%2F29&k_raceNo=1
2026-09-29 14:20:00,14:19,2026-09-29,funabashi,1,10,三連複,4-7-9,211.6,211.6,53,https://www.keiba.go.jp/KeibaWeb/TodayRaceInfo/Odds3LenFuku?k_babaCode=19&k_raceDate=2026%2F09%2F29&k_raceNo=1
2026-09-29 14:20:00,14:19,2026-09-29,funabashi,1,10,三連複,4-8-10,65.2,65.2,27,https://www.keiba.go.jp/KeibaWeb/TodayRaceInfo/Odds3LenFuku?k_babaCode=19&k_raceDate=2026%2F09%2F29&k_raceNo=1
2026-09-29 14:20:00,14:19,2026-09-29,funabashi,1,10,三連複,4-8-11,28.8,28.8,11,https://www.keiba.go.jp/KeibaWeb/TodayRaceInfo/Odds3LenFuku?k_babaCode=19&k_raceDate=2026%2F09%2F29&k_raceNo=1
2026-09-29 14:20:00,14:19,2026-09-29,funabashi,1,10,三連複,4-8-12,384.6,384.6,89,https://www.keiba.go.jp/KeibaWeb/TodayRaceInfo/Odds3LenFuku?k_babaCode=19&k_raceDate=2026%2F09%2F29&k_raceNo=1
2026-09-29 14:20:00,14:19,2026-09-29,funabashi,1,10,三連複,4-8-9,44.4,44.4,22,https://www.keiba.go.jp/KeibaWeb/TodayRaceInfo/Odds3LenFuku?k_babaCode=19&k_raceDate=2026%2F09%2F29&k_raceNo=1
2026-09-29 14:20:00,14:19,2026-09-29,funabashi,1,10,三連複,4-9-10,671.0,671.0,129,https://www.keiba.go.jp/KeibaWeb/TodayRaceInfo/Odds3LenFuku?k_babaCode=19&k_raceDate=2026%2F09%2F29&k_raceNo=1
2026-09-29 14:20:00,14:19,2026-09-29,funabashi,1,10,三連複,4-9-11,271.8,271.8,65,https://www.keiba.go.jp/KeibaWeb/TodayRaceInfo/Odds3LenFuku?k_babaCode=19&k_raceDate=2026%2F09%2F29&k_raceNo=1
2026-09-29 14:20:00,14:19,2026-09-29,funabashi,1,10,三連複,4-9-12,2252.8,2252.8,187,https://www.keiba.go.jp/KeibaWeb/TodayRaceInfo/Odds3LenFuku?k_babaCode=19&k_raceDate=2026%2F09%2F29&k_raceNo=1
2026-09-29 14:20:00,14:19,2026-09-29,funabashi,1,10,三連複,5-10-11,470.7,470.7,107,https://www.keiba.go.jp/KeibaWeb/TodayRaceInfo/Odds3LenFuku?k_babaCode=19&k_raceDate=2026%2F09%2F29&k_raceNo=1
2026-09-29 14:20:00,14:19,2026-09-29,funabashi,1,10,三連複,5-10-12,3504.4,3504.4,205,https://www.keiba.go.jp/KeibaWeb/TodayRaceInfo/Odds3LenFuku?k_babaCode=19&k_raceDate=2026%2F09%2F29&k_raceNo=1
2026-09-29 14:20:00,14:19,2026-09-29,funabashi,1,10,三連複,5-11-12,2252.8,2252.8,187,https://www.keiba.go.jp/KeibaWeb/TodayRaceInfo/Odds3LenFuku?k_babaCode=19&k_raceDate=2026%2F09%2F29&k_raceNo=1
2026-09-29 14:20:00,14:19,2026-09-29,funabashi,1,10,三連複,5-6-10,354.3,354.3,84,https://www.keiba.go.jp/KeibaWeb/TodayRaceInfo/Odds3LenFuku?k_babaCode=19&k_raceDate=2026%2F09%2F29&k_raceNo=1
2026-09-29 14:20:00,14:19,2026-09-29,funabashi,1,10,三連複,5-6-11,166.8,166.8,46,https://www.keiba.go.jp/KeibaWeb/TodayRaceInfo/Odds3LenFuku?k_babaCode=19&k_raceDate=2026%2F09%2F29&k_raceNo=1
2026-09-29 14:20:00,14:19,2026-09-29,funabashi,1,10,三連複,5-6-12,2102.6,2102.6,180,https://www.keiba.go.jp/KeibaWeb/TodayRaceInfo/Odds3LenFuku?k_babaCode=19&k_raceDate=2026%2F09%2F29&k_raceNo=1
2026-09-29 14:20:00,14:19,2026-09-29,funabashi,1,10,三連複,5-6-7,170.4,170.4,47,https://www.keiba.go.jp/KeibaWeb/TodayRaceInfo/Odds3LenFuku?k_babaCode=19&k_raceDate=2026%2F09%2F29&k_raceNo=1
2026-09-29 14:20:00,14:19,2026-09-29,funabashi,1,10,三連複,5-6-8,25.5,25.5,9,https://www.keiba.go.jp/KeibaWeb/TodayRaceInfo/Odds3LenFuku?k_babaCode=19&k_raceDate=2026%2F09%2F29&k_raceNo=1
2026-09-29 14:20:00,14:19,2026-09-29,funabashi,1,10,三連複,5-6-9,292.0,292.0,70,https://www.keiba.go.jp/KeibaWeb/TodayRaceInfo/Odds3LenFuku?k_babaCode=19&k_raceDate=2026%2F09%2F29&k_raceNo=1
2026-09-29 14:20:00,14:19,2026-09-29,funabashi,1,10,三連複,5-7-10,420.5,420.5,96,https://www.keiba.go.jp/KeibaWeb/TodayRaceInfo/Odds3LenFuku?k_babaCode=19&k_raceDate=2026%2F09%2F29&k_raceNo=1
2026-09-29 14:20:00,14:19,2026-09-29,funabashi,1,10,三連複,5-7-11,230.2,230.2,58,https://www.keiba.go.jp/KeibaWeb/TodayRaceInfo/Odds3LenFuku?k_babaCode=19&k_raceDate=2026%2F09%2F29&k_raceNo=1
2026-09-29 14:20:00,14:19,2026-09-29,funabashi,1,10,三連複,5-7-12,2426.1,2426.1,190,https://www.keiba.go.jp/KeibaWeb/TodayRaceInfo/Odds3LenFuku?k_babaCode=19&k_raceDate=2026%2F09%2F29&k_raceNo=1
2026-09-29 14:20:00,14:19,2026-09-29,funabashi,1,10,三連複,5-7-8,51.0,51.0,26,https://www.keiba.go.jp/KeibaWeb/TodayRaceInfo/Odds3LenFuku?k_babaCode=19&k_raceDate=2026%2F09%2F29&k_raceNo=1
2026-09-29 14:20:00,14:19,2026-09-29,funabashi,1,10,三連複,5-7-9,438.0,438.0,100,https://www.keiba.go.jp/KeibaWeb/TodayRaceInfo/Odds3LenFuku?k_babaCode=19&k_raceDate=2026%2F09%2F29&k_raceNo=1
2026-09-29 14:20:00,14:19,2026-09-29,funabashi,1,10,三連複,5-8-10,49.9,49.9,25,https://www.keiba.go.jp/KeibaWeb/TodayRaceInfo/Odds3LenFuku?k_babaCode=19&k_raceDate=2026%2F09%2F29&k_raceNo=1
2026-09-29 14:20:00,14:19,2026-09-29,funabashi,1,10,三連複,5-8-11,27.4,27.4,10,https://www.keiba.go.jp/KeibaWeb/TodayRaceInfo/Odds3LenFuku?k_babaCode=19&k_raceDate=2026%2F09%2F29&k_raceNo=1
2026-09-29 14:20:00,14:19,2026-09-29,funabashi,1,10,三連複,5-8-12,463.8,463.8,106,https://www.keiba.go.jp/KeibaWeb/TodayRaceInfo/Odds3LenFuku?k_babaCode=19&k_raceDate=2026%2F09%2F29&k_raceNo=1
2026-09-29 14:20:00,14:19,2026-09-29,funabashi,1,10,三連複,5-8-9,38.3,38.3,19,https://www.keiba.go.jp/KeibaWeb/TodayRaceInfo/Odds3LenFuku?k_babaCode=19&k_raceDate=2026%2F09%2F29&k_raceNo=1
2026-09-29 14:20:00,14:19,2026-09-29,funabashi,1,10,三連複,5-9-10,606.5,606.5,124,https://www.keiba.go.jp/KeibaWeb/TodayRaceInfo/Odds3LenFuku?k_babaCode=19&k_raceDate=2026%2F09%2F29&k_raceNo=1
2026-09-29 14:20:00,14:19,2026-09-29,funabashi,1,10,三連複,5-9-11,321.8,321.8,79,https://www.keiba.go.jp/KeibaWeb/TodayRaceInfo/Odds3LenFuku?k_babaCode=19&k_raceDate=2026%2F09%2F29&k_raceNo=1
2026-09-29 14:20:00,14:19,2026-09-29,funabashi,1,10,三連複,5-9-12,4505.6,4505.6,210,https://www.keiba.go.jp/KeibaWeb/TodayRaceInfo/Odds3LenFuku?k_babaCode=19&k_raceDate=2026%2F09%2F29&k_raceNo=1
2026-09-29 14:20:00,14:19,2026-09-29,funabashi,1,10,三連複,6-10-11,213.1,213.1,55,https://www.keiba.go.jp/KeibaWeb/TodayRaceInfo/Odds3LenFuku?k_babaCode=19&k_raceDate=2026%2F09%2F29&k_raceNo=1
2026-09-29 14:20:00,14:19,2026-09-29,funabashi,1,10,三連複,6-10-12,1576.9,1576.9,156,https://www.keiba.go.jp/KeibaWeb/TodayRaceInfo/Odds3LenFuku?k_babaCode=19&k_raceDate=2026%2F09%2F29&k_raceNo=1
2026-09-29 14:20:00,14:19,2026-09-29,funabashi,1,10,三連複,6-11-12,852.4,852.4,138,https://www.keiba.go.jp/KeibaWeb/TodayRaceInfo/Odds3LenFuku?k_babaCode=19&k_raceDate=2026%2F09%2F29&k_raceNo=1
2026-09-29 14:20:00,14:19,2026-09-29,funabashi,1,10,三連複,6-7-10,331.9,331.9,82,https://www.keiba.go.jp/KeibaWeb/TodayRaceInfo/Odds3LenFuku?k_babaCode=19&k_raceDate=2026%2F09%2F29&k_raceNo=1
2026-09-29 14:20:00,14:19,2026-09-29,funabashi,1,10,三連複,6-7-11,106.5,106.5,36,https://www.keiba.go.jp/KeibaWeb/TodayRaceInfo/Odds3LenFuku?k_babaCode=19&k_raceDate=2026%2F09%2F29&k_raceNo=1
2026-09-29 14:20:00,14:19,2026-09-29,funabashi,1,10,三連複,6-7-12,1168.1,1168.1,149,https://www.keiba.go.jp/KeibaWeb/TodayRaceInfo/Odds3LenFuku?k_babaCode=19&k_raceDate=2026%2F09%2F29&k_raceNo=1
2026-09-29 14:20:00,14:19,2026-09-29,funabashi,1,10,三連複,6-7-8,15.3,15.3,2,https://www.keiba.go.jp/KeibaWeb/TodayRaceInfo/Odds3LenFuku?k_babaCode=19&k_raceDate=2026%2F09%2F29&k_raceNo=1
2026-09-29 14:20:00,14:19,2026-09-29,funabashi,1,10,三連複,6-7-9,135.9,135.9,39,https://www.keiba.go.jp/KeibaWeb/TodayRaceInfo/Odds3LenFuku?k_babaCode=19&k_raceDate=2026%2F09%2F29&k_raceNo=1
2026-09-29 14:20:00,14:19,2026-09-29,funabashi,1,10,三連複,6-8-10,37.7,37.7,18,https://www.keiba.go.jp/KeibaWeb/TodayRaceInfo/Odds3LenFuku?k_babaCode=19&k_raceDate=2026%2F09%2F29&k_raceNo=1
2026-09-29 14:20:00,14:19,2026-09-29,funabashi,1,10,三連複,6-8-11,15.2,15.2,1,https://www.keiba.go.jp/KeibaWeb/TodayRaceInfo/Odds3LenFuku?k_babaCode=19&k_raceDate=2026%2F09%2F29&k_raceNo=1
2026-09-29 14:20:00,14:19,2026-09-29,funabashi,1,10,三連複,6-8-12,300.3,300.3,72,https://www.keiba.go.jp/KeibaWeb/TodayRaceInfo/Odds3LenFuku?k_babaCode=19&k_raceDate=2026%2F09%2F29&k_raceNo=1
2026-09-29 14:20:00,14:19,2026-09-29,funabashi,1,10,三連複,6-8-9,21.6,21.6,5,https://www.keiba.go.jp/KeibaWeb/TodayRaceInfo/Odds3LenFuku?k_babaCode=19&k_raceDate=2026%2F09%2F29&k_raceNo=1
2026-09-29 14:20:00,14:19,2026-09-29,funabashi,1,10,三連複,6-9-10,309.2,309.2,74,https://www.keiba.go.jp/KeibaWeb/TodayRaceInfo/Odds3LenFuku?k_babaCode=19&k_raceDate=2026%2F09%2F29&k_raceNo=1
2026-09-29 14:20:00,14:19,2026-09-29,funabashi,1,10,三連複,6-9-11,150.9,150.9,44,https://www.keiba.go.jp/KeibaWeb/TodayRaceInfo/Odds3LenFuku?k_babaCode=19&k_raceDate=2026%2F09%2F29&k_raceNo=1
2026-09-29 14:20:00,14:19,2026-09-29,funabashi,1,10,三連複,6-9-12,1659.9,1659.9,164,https://www.keiba.go.jp/KeibaWeb/TodayRaceInfo/Odds3LenFuku?k_babaCode=19&k_raceDate=2026%2F09%2F29&k_raceNo=1
2026-09-29 14:20:00,14:19,2026-09-29,funabashi,1,10,三連複,7-10-11,384.6,384.6,89,https://www.keiba.go.jp/KeibaWeb/TodayRaceInfo/Odds3LenFuku?k_babaCode=19&k_raceDate=2026%2F09%2F29&k_raceNo=1
2026-09-29 14:20:00,14:19,2026-09-29,funabashi,1,10,三連複,7-10-12,2102.6,2102.6,180,https://www.keiba.go.jp/KeibaWeb/TodayRaceInfo/Odds3LenFuku?k_babaCode=19&k_raceDate=2026%2F09%2F29&k_raceNo=1
2026-09-29 14:20:00,14:19,2026-09-29,funabashi,1,10,三連複,7-11-12,1659.9,1659.9,164,https://www.keiba.go.jp/KeibaWeb/TodayRaceInfo/Odds3LenFuku?k_babaCode=19&k_raceDate=2026%2F09%2F29&k_raceNo=1
2026-09-29 14:20:00,14:19,2026-09-29,funabashi,1,10,三連複,7-8-10,69.6,69.6,29,https://www.keiba.go.jp/KeibaWeb/TodayRaceInfo/Odds3LenFuku?k_babaCode=19&k_raceDate=2026%2F09%2F29&k_raceNo=1
2026-09-29 14:20:00,14:19,2026-09-29,funabashi,1,10,三連複,7-8-11,25.1,25.1,7,https://www.keiba.go.jp/KeibaWeb/TodayRaceInfo/Odds3LenFuku?k_babaCode=19&k_raceDate=2026%2F09%2F29&k_raceNo=1
2026-09-29 14:20:00,14:19,2026-09-29,funabashi,1,10,三連複,7-8-12,525.6,525.6,113,https://www.keiba.go.jp/KeibaWeb/TodayRaceInfo/Odds3LenFuku?k_babaCode=19&k_raceDate=2026%2F09%2F29&k_raceNo=1
2026-09-29 14:20:00,14:19,2026-09-29,funabashi,1,10,三連複,7-8-9,33.4,33.4,15,https://www.keiba.go.jp/KeibaWeb/TodayRaceInfo/Odds3LenFuku?k_babaCode=19&k_raceDate=2026%2F09%2F29&k_raceNo=1
2026-09-29 14:20:00,14:19,2026-09-29,funabashi,1,10,三連複,7-9-10,394.2,394.2,94,https://www.keiba.go.jp/KeibaWeb/TodayRaceInfo/Odds3LenFuku?k_babaCode=19&k_raceDate=2026%2F09%2F29&k_raceNo=1
2026-09-29 14:20:00,14:19,2026-09-29,funabashi,1,10,三連複,7-9-11,211.6,211.6,53,https://www.keiba.go.jp/KeibaWeb/TodayRaceInfo/Odds3LenFuku?k_babaCode=19&k_raceDate=2026%2F09%2F29&k_raceNo=1
2026-09-29 14:20:00,14:19,2026-09-29,funabashi,1,10,三連複,7-9-12,1576.9,1576.9,156,https://www.keiba.go.jp/KeibaWeb/TodayRaceInfo/Odds3LenFuku?k_babaCode=19&k_raceDate=2026%2F09%2F29&k_raceNo=1
2026-09-29 14:20:00,14:19,2026-09-29,funabashi,1,10,三連複,8-10-11,32.9,32.9,14,https://www.keiba.go.jp/KeibaWeb/TodayRaceInfo/Odds3LenFuku?k_babaCode=19&k_raceDate=2026%2F09%2F29&k_raceNo=1
2026-09-29 14:20:00,14:19,2026-09-29,funabashi,1,10,三連複,8-10-12,477.8,477.8,108,https://www.keiba.go.jp/KeibaWeb/TodayRaceInfo/Odds3LenFuku?k_babaCode=19&k_raceDate=2026%2F09%2F29&k_raceNo=1
2026-09-29 14:20:00,14:19,2026-09-29,funabashi,1,10,三連複,8-11-12,325.1,325.1,80,https://www.keiba.go.jp/KeibaWeb/TodayRaceInfo/Odds3LenFuku?k_babaCode=19&k_raceDate=2026%2F09%2F29&k_raceNo=1
2026-09-29 14:20:00,14:19,2026-09-29,funabashi,1,10,三連複,8-9-10,46.9,46.9,24,https://www.keiba.go.jp/KeibaWeb/TodayRaceInfo/Odds3LenFuku?k_babaCode=19&k_raceDate=2026%2F09%2F29&k_raceNo=1
2026-09-29 14:20:00,14:19,2026-09-29,funabashi,1,10,三連複,8-9-11,22.8,22.8,6,https://www.keiba.go.jp/KeibaWeb/TodayRaceInfo/Odds3LenFuku?k_babaCode=19&k_raceDate=2026%2F09%2F29&k_raceNo=1
2026-09-29 14:20:00,14:19,2026-09-29,funabashi,1,10,三連複,8-9-12,450.5,450.5,103,https://www.keiba.go.jp/KeibaWeb/TodayRaceInfo/Odds3LenFuku?k_babaCode=19&k_raceDate=2026%2F09%2F29&k_raceNo=1
2026-09-29 14:20:00,14:19,2026-09-29,funabashi,1,10,三連複,9-10-11,248.3,248.3,59,https://www.keiba.go.jp/KeibaWeb/TodayRaceInfo/Odds3LenFuku?k_babaCode=19&k_raceDate=2026%2F09%2F29&k_raceNo=1
2026-09-29 14:20:00,14:19,2026-09-29,funabashi,1,10,三連複,9-10-12,2426.1,2426.1,190,https://www.keiba.go.jp/KeibaWeb/TodayRaceInfo/Odds3LenFuku?k_babaCode=19&k_raceDate=2026%2F09%2F29&k_raceNo=1
2026-09-29 14:20:00,14:19,2026-09-29,funabashi,1,10,三連複,9-11-12,1126.4,1126.4,147,https://www.keiba.go.jp/KeibaWeb/TodayRaceInfo/Odds3LenFuku?k_babaCode=19&k_raceDate=2026%2F09%2F29&k_raceNo=1
2026-09-29 14:20:00,14:19,2026-09-29,funabashi,1,10,馬連,1-10,215.5,215.5,45,https://www.keiba.go.jp/KeibaWeb/TodayRaceInfo/OddsUmLenFuku?k_babaCode=19&k_raceDate=2026%2F09%2F29&k_raceNo=1
2026-09-29 14:20:00,14:19,2026-09-29,funabashi,1,10,馬連,1-11,98.7,98.7,31,https://www.keiba.go.jp/KeibaWeb/TodayRaceInfo/OddsUmLenFuku?k_babaCode=19&k_raceDate=2026%2F09%2F29&k_raceNo=1
2026-09-29 14:20:00,14:19,2026-09-29,funabashi,1,10,馬連,1-12,1693.5,1693.5,66,https://www.keiba.go.jp/KeibaWeb/TodayRaceInfo/OddsUmLenFuku?k_babaCode=19&k_raceDate=2026%2F09%2F29&k_raceNo=1
2026-09-29 14:20:00,14:19,2026-09-29,funabashi,1,10,馬連,1-2,246.9,246.9,46,https://www.keiba.go.jp/KeibaWeb/TodayRaceInfo/OddsUmLenFuku?k_babaCode=19&k_raceDate=2026%2F09%2F29&k_raceNo=1
2026-09-29 14:20:00,14:19,2026-09-29,funabashi,1,10,馬連,1-3,370.4,370.4,50,https://www.keiba.go.jp/KeibaWeb/TodayRaceInfo/OddsUmLenFuku?k_babaCode=19&k_raceDate=2026%2F09%2F29&k_raceNo=1
2026-09-29 14:20:00,14:19,2026-09-29,funabashi,1,10,馬連,1-4,113.9,113.9,36,https://www.keiba.go.jp/KeibaWeb/TodayRaceInfo/OddsUmLenFuku?k_babaCode=19&k_raceDate=2026%2F09%2F29&k_raceNo=1
2026-09-29 14:20:00,14:19,2026-09-29,funabashi,1,10,馬連,1-5,164.6,164.6,44,https://www.keiba.go.jp/KeibaWeb/TodayRaceInfo/OddsUmLenFuku?k_babaCode=19&k_raceDate=2026%2F09%2F29&k_raceNo=1
2026-09-29 14:20:00,14:19,2026-09-29,funabashi,1,10,馬連,1-6,120.9,120.9,37,https://www.keiba.go.jp/KeibaWeb/TodayRaceInfo/OddsUmLenFuku?k_babaCode=19&k_raceDate=2026%2F09%2F29&k_raceNo=1
2026-09-29 14:20:00,14:19,2026-09-29,funabashi,1,10,馬連,1-7,153.9,153.9,43,https://www.keiba.go.jp/KeibaWeb/TodayRaceInfo/OddsUmLenFuku?k_babaCode=19&k_raceDate=2026%2F09%2F29&k_raceNo=1
2026-09-29 14:20:00,14:19,2026-09-29,funabashi,1,10,馬連,1-8,25.9,25.9,9,https://www.keiba.go.jp/KeibaWeb/TodayRaceInfo/OddsUmLenFuku?k_babaCode=19&k_raceDate=2026%2F09%2F29&k_raceNo=1
2026-09-29 14:20:00,14:19,2026-09-29,funabashi,1,10,馬連,1-9,106.7,106.7,35,https://www.keiba.go.jp/KeibaWeb/TodayRaceInfo/OddsUmLenFuku?k_babaCode=19&k_raceDate=2026%2F09%2F29&k_raceNo=1
2026-09-29 14:20:00,14:19,2026-09-29,funabashi,1,10,馬連,10-11,92.6,92.6,26,https://www.keiba.go.jp/KeibaWeb/TodayRaceInfo/OddsUmLenFuku?k_babaCode=19&k_raceDate=2026%2F09%2F29&k_raceNo=1
2026-09-29 14:20:00,14:19,2026-09-29,funabashi,1,10,馬連,10-12,790.3,790.3,62,https://www.keiba.go.jp/KeibaWeb/TodayRaceInfo/OddsUmLenFuku?k_babaCode=19&k_raceDate=2026%2F09%2F29&k_raceNo=1
2026-09-29 14:20:00,14:19,2026-09-29,funabashi,1,10,馬連,11-12,439.0,439.0,53,https://www.keiba.go.jp/KeibaWeb/TodayRaceInfo/OddsUmLenFuku?k_babaCode=19&k_raceDate=2026%2F09%2F29&k_raceNo=1
2026-09-29 14:20:00,14:19,2026-09-29,funabashi,1,10,馬連,2-10,126.1,126.1,38,https://www.keiba.go.jp/KeibaWeb/TodayRaceInfo/OddsUmLenFuku?k_babaCode=19&k_raceDate=2026%2F09%2F29&k_raceNo=1
2026-09-29 14:20:00,14:19,2026-09-29,funabashi,1,10,馬連,2-11,84.0,84.0,23,https://www.keiba.go.jp/KeibaWeb/TodayRaceInfo/OddsUmLenFuku?k_babaCode=19&k_raceDate=2026%2F09%2F29&k_raceNo=1
2026-09-29 14:20:00,14:19,2026-09-29,funabashi,1,10,馬連,2-12,1317.1,1317.1,64,https://www.keiba.go.jp/KeibaWeb/TodayRaceInfo/OddsUmLenFuku?k_babaCode=19&k_raceDate=2026%2F09%2F29&k_raceNo=1
2026-09-29 14:20:00,14:19,2026-09-29,funabashi,1,10,馬連,2-3,515.4,515.4,57,https://www.keiba.go.jp/KeibaWeb/TodayRaceInfo/OddsUmLenFuku?k_babaCode=19&k_raceDate=2026%2F09%2F29&k_raceNo=1
2026-09-29 14:20:00,14:19,2026-09-29,funabashi,1,10,馬連,2-4,102.1,102.1,33,https://www.keiba.go.jp/KeibaWeb/TodayRaceInfo/OddsUmLenFuku?k_babaCode=19&k_raceDate=2026%2F09%2F29&k_raceNo=1
2026-09-29 14:20:00,14:19,2026-09-29,funabashi,1,10,馬連,2-5,80.6,80.6,21,https://www.keiba.go.jp/KeibaWeb/TodayRaceInfo/OddsUmLenFuku?k_babaCode=19&k_raceDate=2026%2F09%2F29&k_raceNo=1
2026-09-29 14:20:00,14:19,2026-09-29,funabashi,1,10,馬連,2-6,53.6,53.6,13,https://www.keiba.go.jp/KeibaWeb/TodayRaceInfo/OddsUmLenFuku?k_babaCode=19&k_raceDate=2026%2F09%2F29&k_raceNo=1
2026-09-29 14:20:00,14:19,2026-09-29,funabashi,1,10,馬連,2-7,151.9,151.9,42,https://www.keiba.go.jp/KeibaWeb/TodayRaceInfo/OddsUmLenFuku?k_babaCode=19&k_raceDate=2026%2F09%2F29&k_raceNo=1
2026-09-29 14:20:00,14:19,2026-09-29,funabashi,1,10,馬連,2-8,8.4,8.4,3,https://www.keiba.go.jp/KeibaWeb/TodayRaceInfo/OddsUmLenFuku?k_babaCode=19&k_raceDate=2026%2F09%2F29&k_raceNo=1
2026-09-29 14:20:00,14:19,2026-09-29,funabashi,1,10,馬連,2-9,95.6,95.6,29,https://www.keiba.go.jp/KeibaWeb/TodayRaceInfo/OddsUmLenFuku?k_babaCode=19&k_raceDate=2026%2F09%2F29&k_raceNo=1
2026-09-29 14:20:00,14:19,2026-09-29,funabashi,1,10,馬連,3-10,987.8,987.8,63,https://www.keiba.go.jp/KeibaWeb/TodayRaceInfo/OddsUmLenFuku?k_babaCode=19&k_raceDate=2026%2F09%2F29&k_raceNo=1
2026-09-29 14:20:00,14:19,2026-09-29,funabashi,1,10,馬連,3-11,455.9,455.9,55,https://www.keiba.go.jp/KeibaWeb/TodayRaceInfo/OddsUmLenFuku?k_babaCode=19&k_raceDate=2026%2F09%2F29&k_raceNo=1
2026-09-29 14:20:00,14:19,2026-09-29,funabashi,1,10,馬連,3-12,1481.8,1481.8,65,https://www.keiba.go.jp/KeibaWeb/TodayRaceInfo/OddsUmLenFuku?k_babaCode=19&k_raceDate=2026%2F09%2F29&k_raceNo=1
2026-09-29 14:20:00,14:19,2026-09-29,funabashi,1,10,馬連,3-4,408.7,408.7,51,https://www.keiba.go.jp/KeibaWeb/TodayRaceInfo/OddsUmLenFuku?k_babaCode=19&k_raceDate=2026%2F09%2F29&k_raceNo=1
2026-09-29 14:20:00,14:19,2026-09-29,funabashi,1,10,馬連,3-5,623.9,623.9,59,https://www.keiba.go.jp/KeibaWeb/TodayRaceInfo/OddsUmLenFuku?k_babaCode=19&k_raceDate=2026%2F09%2F29&k_raceNo=1
2026-09-29 14:20:00,14:19,2026-09-29,funabashi,1,10,馬連,3-6,474.1,474.1,56,https://www.keiba.go.jp/KeibaWeb/TodayRaceInfo/OddsUmLenFuku?k_babaCode=19&k_raceDate=2026%2F09%2F29&k_raceNo=1
2026-09-29 14:20:00,14:19,2026-09-29,funabashi,1,10,馬連,3-7,338.7,338.7,47,https://www.keiba.go.jp/KeibaWeb/TodayRaceInfo/OddsUmLenFuku?k_babaCode=19&k_raceDate=2026%2F09%2F29&k_raceNo=1
2026-09-29 14:20:00,14:19,2026-09-29,funabashi,1,10,馬連,3-8,95.6,95.6,29,https://www.keiba.go.jp/KeibaWeb/TodayRaceInfo/OddsUmLenFuku?k_babaCode=19&k_raceDate=2026%2F09%2F29&k_raceNo=1
2026-09-29 14:20:00,14:19,2026-09-29,funabashi,1,10,馬連,3-9,348.6,348.6,49,https://www.keiba.go.jp/KeibaWeb/TodayRaceInfo/OddsUmLenFuku?k_babaCode=19&k_raceDate=2026%2F09%2F29&k_raceNo=1
2026-09-29 14:20:00,14:19,2026-09-29,funabashi,1,10,馬連,4-10,134.7,134.7,41,https://www.keiba.go.jp/KeibaWeb/TodayRaceInfo/OddsUmLenFuku?k_babaCode=19&k_raceDate=2026%2F09%2F29&k_raceNo=1
2026-09-29 14:20:00,14:19,2026-09-29,funabashi,1,10,馬連,4-11,79.0,79.0,20,https://www.keiba.go.jp/KeibaWeb/TodayRaceInfo/OddsUmLenFuku?k_babaCode=19&k_raceDate=2026%2F09%2F29&k_raceNo=1
2026-09-29 14:20:00,14:19,2026-09-29,funabashi,1,10,馬連,4-12,592.7,592.7,58,https://www.keiba.go.jp/KeibaWeb/TodayRaceInfo/OddsUmLenFuku?k_babaCode=19&k_raceDate=2026%2F09%2F29&k_raceNo=1
2026-09-29 14:20:00,14:19,2026-09-29,funabashi,1,10,馬連,4-5,57.2,57.2,15,https://www.keiba.go.jp/KeibaWeb/TodayRaceInfo/OddsUmLenFuku?k_babaCode=19&k_raceDate=2026%2F09%2F29&k_raceNo=1
2026-09-29 14:20:00,14:19,2026-09-29,funabashi,1,10,馬連,4-6,51.0,51.0,12,https://www.keiba.go.jp/KeibaWeb/TodayRaceInfo/OddsUmLenFuku?k_babaCode=19&k_raceDate=2026%2F09%2F29&k_raceNo=1
2026-09-29 14:20:00,14:19,2026-09-29,funabashi,1,10,馬連,4-7,72.7,72.7,19,https://www.keiba.go.jp/KeibaWeb/TodayRaceInfo/OddsUmLenFuku?k_babaCode=19&k_raceDate=2026%2F09%2F29&k_raceNo=1
2026-09-29 14:20:00,14:19,2026-09-29,funabashi,1,10,馬連,4-8,10.4,10.4,5,https://www.keiba.go.jp/KeibaWeb/TodayRaceInfo/OddsUmLenFuku?k_babaCode=19&k_raceDate=2026%2F09%2F29&k_raceNo=1
2026-09-29 14:20:00,14:19,2026-09-29,funabashi,1,10,馬連,4-9,81.7,81.7,22,https://www.keiba.go.jp/KeibaWeb/TodayRaceInfo/OddsUmLenFuku?k_babaCode=19&k_raceDate=2026%2F09%2F29&k_raceNo=1
2026-09-29 14:20:00,14:19,2026-09-29,funabashi,1,10,馬連,5-10,86.5,86.5,24,https://www.keiba.go.jp/KeibaWeb/TodayRaceInfo/OddsUmLenFuku?k_babaCode=19&k_raceDate=2026%2F09%2F29&k_raceNo=1
2026-09-29 14:20:00,14:19,2026-09-29,funabashi,1,10,馬連,5-11,60.4,60.4,17,https://www.keiba.go.jp/KeibaWeb/TodayRaceInfo/OddsUmLenFuku?k_babaCode=19&k_raceDate=2026%2F09%2F29&k_raceNo=1
2026-09-29 14:20:00,14:19,2026-09-29,funabashi,1,10,馬連,5-12,740.9,740.9,61,https://www.keiba.go.jp/KeibaWeb/TodayRaceInfo/OddsUmLenFuku?k_babaCode=19&k_raceDate=2026%2F09%2F29&k_raceNo=1
2026-09-29 14:20:00,14:19,2026-09-29,funabashi,1,10,馬連,5-6,87.1,87.1,25,https://www.keiba.go.jp/KeibaWeb/TodayRaceInfo/OddsUmLenFuku?k_babaCode=19&k_raceDate=2026%2F09%2F29&k_raceNo=1
2026-09-29 14:20:00,14:19,2026-09-29,funabashi,1,10,馬連,5-7,94.8,94.8,28,https://www.keiba.go.jp/KeibaWeb/TodayRaceInfo/OddsUmLenFuku?k_babaCode=19&k_raceDate=2026%2F09%2F29&k_raceNo=1
2026-09-29 14:20:00,14:19,2026-09-29,funabashi,1,10,馬連,5-8,10.3,10.3,4,https://www.keiba.go.jp/KeibaWeb/TodayRaceInfo/OddsUmLenFuku?k_babaCode=19&k_raceDate=2026%2F09%2F29&k_raceNo=1
2026-09-29 14:20:00,14:19,2026-09-29,funabashi,1,10,馬連,5-9,102.1,102.1,33,https://www.keiba.go.jp/KeibaWeb/TodayRaceInfo/OddsUmLenFuku?k_babaCode=19&k_raceDate=2026%2F09%2F29&k_raceNo=1
2026-09-29 14:20:00,14:19,2026-09-29,funabashi,1,10,馬連,6-10,126.1,126.1,38,https://www.keiba.go.jp/KeibaWeb/TodayRaceInfo/OddsUmLenFuku?k_babaCode=19&k_raceDate=2026%2F09%2F29&k_raceNo=1
2026-09-29 14:20:00,14:19,2026-09-29,funabashi,1,10,馬連,6-11,43.7,43.7,10,https://www.keiba.go.jp/KeibaWeb/TodayRaceInfo/OddsUmLenFuku?k_babaCode=19&k_raceDate=2026%2F09%2F29&k_raceNo=1
2026-09-29 14:20:00,14:19,2026-09-29,funabashi,1,10,馬連,6-12,439.0,439.0,53,https://www.keiba.go.jp/KeibaWeb/TodayRaceInfo/OddsUmLenFuku?k_babaCode=19&k_raceDate=2026%2F09%2F29&k_raceNo=1
2026-09-29 14:20:00,14:19,2026-09-29,funabashi,1,10,馬連,6-7,45.5,45.5,11,https://www.keiba.go.jp/KeibaWeb/TodayRaceInfo/OddsUmLenFuku?k_babaCode=19&k_raceDate=2026%2F09%2F29&k_raceNo=1
2026-09-29 14:20:00,14:19,2026-09-29,funabashi,1,10,馬連,6-8,6.6,6.6,1,https://www.keiba.go.jp/KeibaWeb/TodayRaceInfo/OddsUmLenFuku?k_babaCode=19&k_raceDate=2026%2F09%2F29&k_raceNo=1
2026-09-29 14:20:00,14:19,2026-09-29,funabashi,1,10,馬連,6-9,58.1,58.1,16,https://www.keiba.go.jp/KeibaWeb/TodayRaceInfo/OddsUmLenFuku?k_babaCode=19&k_raceDate=2026%2F09%2F29&k_raceNo=1
2026-09-29 14:20:00,14:19,2026-09-29,funabashi,1,10,馬連,7-10,338.7,338.7,47,https://www.keiba.go.jp/KeibaWeb/TodayRaceInfo/OddsUmLenFuku?k_babaCode=19&k_raceDate=2026%2F09%2F29&k_raceNo=1
2026-09-29 14:20:00,14:19,2026-09-29,funabashi,1,10,馬連,7-11,54.3,54.3,14,https://www.keiba.go.jp/KeibaWeb/TodayRaceInfo/OddsUmLenFuku?k_babaCode=19&k_raceDate=2026%2F09%2F29&k_raceNo=1
2026-09-29 14:20:00,14:19,2026-09-29,funabashi,1,10,馬連,7-12,623.9,623.9,59,https://www.keiba.go.jp/KeibaWeb/TodayRaceInfo/OddsUmLenFuku?k_babaCode=19&k_raceDate=2026%2F09%2F29&k_raceNo=1
2026-09-29 14:20:00,14:19,2026-09-29,funabashi,1,10,馬連,7-8,13.8,13.8,7,https://www.keiba.go.jp/KeibaWeb/TodayRaceInfo/OddsUmLenFuku?k_babaCode=19&k_raceDate=2026%2F09%2F29&k_raceNo=1
2026-09-29 14:20:00,14:19,2026-09-29,funabashi,1,10,馬連,7-9,101.3,101.3,32,https://www.keiba.go.jp/KeibaWeb/TodayRaceInfo/OddsUmLenFuku?k_babaCode=19&k_raceDate=2026%2F09%2F29&k_raceNo=1
2026-09-29 14:20:00,14:19,2026-09-29,funabashi,1,10,馬連,8-10,14.0,14.0,8,https://www.keiba.go.jp/KeibaWeb/TodayRaceInfo/OddsUmLenFuku?k_babaCode=19&k_raceDate=2026%2F09%2F29&k_raceNo=1
2026-09-29 14:20:00,14:19,2026-09-29,funabashi,1,10,馬連,8-11,7.4,7.4,2,https://www.keiba.go.jp/KeibaWeb/TodayRaceInfo/OddsUmLenFuku?k_babaCode=19&k_raceDate=2026%2F09%2F29&k_raceNo=1
2026-09-29 14:20:00,14:19,2026-09-29,funabashi,1,10,馬連,8-12,133.1,133.1,40,https://www.keiba.go.jp/KeibaWeb/TodayRaceInfo/OddsUmLenFuku?k_babaCode=19&k_raceDate=2026%2F09%2F29&k_raceNo=1
2026-09-29 14:20:00,14:19,2026-09-29,funabashi,1,10,馬連,8-9,11.3,11.3,6,https://www.keiba.go.jp/KeibaWeb/TodayRaceInfo/OddsUmLenFuku?k_babaCode=19&k_raceDate=2026%2F09%2F29&k_raceNo=1
2026-09-29 14:20:00,14:19,2026-09-29,funabashi,1,10,馬連,9-10,94.0,94.0,27,https://www.keiba.go.jp/KeibaWeb/TodayRaceInfo/OddsUmLenFuku?k_babaCode=19&k_raceDate=2026%2F09%2F29&k_raceNo=1
2026-09-29 14:20:00,14:19,2026-09-29,funabashi,1,10,馬連,9-11,70.1,70.1,18,https://www.keiba.go.jp/KeibaWeb/TodayRaceInfo/OddsUmLenFuku?k_babaCode=19&k_raceDate=2026%2F09%2F29&k_raceNo=1
2026-09-29 14:20:00,14:19,2026-09-29,funabashi,1,10,馬連,9-12,408.7,408.7,51,https://www.keiba.go.jp/KeibaWeb/TodayRaceInfo/OddsUmLenFuku?k_babaCode=19&k_raceDate=2026%2F09%2F29&k_raceNo=1
2026-09-29 14:20:20,14:19,2026-09-29,funabashi,1,10,ワイド,1-10,66.2,70.1,47,https://www.keiba.go.jp/KeibaWeb/TodayRaceInfo/OddsWide?k_babaCode=19&k_raceDate=2026%2F09%2F29&k_raceNo=1
2026-09-29 14:20:20,14:19,2026-09-29,funabashi,1,10,ワイド,1-11,27.7,30.6,36,https://www.keiba.go.jp/KeibaWeb/TodayRaceInfo/OddsWide?k_babaCode=19&k_raceDate=2026%2F09%2F29&k_raceNo=1
2026-09-29 14:20:20,14:19,2026-09-29,funabashi,1,10,ワイド,1-12,277.6,282.5,66,https://www.keiba.go.jp/KeibaWeb/TodayRaceInfo/OddsWide?k_babaCode=19&k_raceDate=2026%2F09%2F29&k_raceNo=1
2026-09-29 14:20:20,14:19,2026-09-29,funabashi,1,10,ワイド,1-2,31.1,33.2,38,https://www.keiba.go.jp/KeibaWeb/TodayRaceInfo/OddsWide?k_babaCode=19&k_raceDate=2026%2F09%2F29&k_raceNo=1
2026-09-29 14:20:20,14:19,2026-09-29,funabashi,1,10,ワイド,1-3,131.9,134.6,58,https://www.keiba.go.jp/KeibaWeb/TodayRaceInfo/OddsWide?k_babaCode=19&k_raceDate=2026%2F09%2F29&k_raceNo=1
2026-09-29 14:20:20,14:19,2026-09-29,funabashi,1,10,ワイド,1-4,44.6,49.2,44,https://www.keiba.go.jp/KeibaWeb/TodayRaceInfo/OddsWide?k_babaCode=19&k_raceDate=2026%2F09%2F29&k_raceNo=1
2026-09-29 14:20:20,14:19,2026-09-29,funabashi,1,10,ワイド,1-5,51.3,55.8,45,https://www.keiba.go.jp/KeibaWeb/TodayRaceInfo/OddsWide?k_babaCode=19&k_raceDate=2026%2F09%2F29&k_raceNo=1
2026-09-29 14:20:20,14:19,2026-09-29,funabashi,1,10,ワイド,1-6,25.8,28.2,35,https://www.keiba.go.jp/KeibaWeb/TodayRaceInfo/OddsWide?k_babaCode=19&k_raceDate=2026%2F09%2F29&k_raceNo=1
2026-09-29 14:20:20,14:19,2026-09-29,funabashi,1,10,ワイド,1-7,36.0,38.2,42,https://www.keiba.go.jp/KeibaWeb/TodayRaceInfo/OddsWide?k_babaCode=19&k_raceDate=2026%2F09%2F29&k_raceNo=1
2026-09-29 14:20:20,14:19,2026-09-29,funabashi,1,10,ワイド,1-8,15.2,16.6,18,https://www.keiba.go.jp/KeibaWeb/TodayRaceInfo/OddsWide?k_babaCode=19&k_raceDate=2026%2F09%2F29&k_raceNo=1
2026-09-29 14:20:20,14:19,2026-09-29,funabashi,1,10,ワイド,1-9,35.7,38.2,41,https://www.keiba.go.jp/KeibaWeb/TodayRaceInfo/OddsWide?k_babaCode=19&k_raceDate=2026%2F09%2F29&k_raceNo=1
2026-09-29 14:20:20,14:19,2026-09-29,funabashi,1,10,ワイド,10-11,17.6,20.0,22,https://www.keiba.go.jp/KeibaWeb/TodayRaceInfo/OddsWide?k_babaCode=19&k_raceDate=2026%2F09%2F29&k_raceNo=1
2026-09-29 14:20:20,14:19,2026-09-29,funabashi,1,10,ワイド,10-12,146.6,153.6,62,https://www.keiba.go.jp/KeibaWeb/TodayRaceInfo/OddsWide?k_babaCode=19&k_raceDate=2026%2F09%2F29&k_raceNo=1
2026-09-29 14:20:20,14:19,2026-09-29,funabashi,1,10,ワイド,11-12,104.6,114.3,54,https://www.keiba.go.jp/KeibaWeb/TodayRaceInfo/OddsWide?k_babaCode=19&k_raceDate=2026%2F09%2F29&k_raceNo=1
2026-09-29 14:20:20,14:19,2026-09-29,funabashi,1,10,ワイド,2-10,28.1,30.9,37,https://www.keiba.go.jp/KeibaWeb/TodayRaceInfo/OddsWide?k_babaCode=19&k_raceDate=2026%2F09%2F29&k_raceNo=1
2026-09-29 14:20:20,14:19,2026-09-29,funabashi,1,10,ワイド,2-11,13.5,15.5,15,https://www.keiba.go.jp/KeibaWeb/TodayRaceInfo/OddsWide?k_babaCode=19&k_raceDate=2026%2F09%2F29&k_raceNo=1
2026-09-29 14:20:20,14:19,2026-09-29,funabashi,1,10,ワイド,2-12,164.2,173.3,64,https://www.keiba.go.jp/KeibaWeb/TodayRaceInfo/OddsWide?k_babaCode=19&k_raceDate=2026%2F09%2F29&k_raceNo=1
2026-09-29 14:20:20,14:19,2026-09-29,funabashi,1,10,ワイド,2-3,110.6,117.0,55,https://www.keiba.go.jp/KeibaWeb/TodayRaceInfo/OddsWide?k_babaCode=19&k_raceDate=2026%2F09%2F29&k_raceNo=1
2026-09-29 14:20:20,14:19,2026-09-29,funabashi,1,10,ワイド,2-4,25.6,29.4,34,https://www.keiba.go.jp/KeibaWeb/TodayRaceInfo/OddsWide?k_babaCode=19&k_raceDate=2026%2F09%2F29&k_raceNo=1
2026-09-29 14:20:20,14:19,2026-09-29,funabashi,1,10,ワイド,2-5,22.4,25.3,29,https://www.keiba.go.jp/KeibaWeb/TodayRaceInfo/OddsWide?k_babaCode=19&k_raceDate=2026%2F09%2F29&k_raceNo=1
2026-09-29 14:20:20,14:19,2026-09-29,funabashi,1,10,ワイド,2-6,11.4,12.9,12,https://www.keiba.go.jp/KeibaWeb/TodayRaceInfo/OddsWide?k_babaCode=19&k_raceDate=2026%2F09%2F29&k_raceNo=1
2026-09-29 14:20:20,14:19,2026-09-29,funabashi,1,10,ワイド,2-7,23.9,26.4,32,https://www.keiba.go.jp/KeibaWeb/TodayRaceInfo/OddsWide?k_babaCode=19&k_raceDate=2026%2F09%2F29&k_raceNo=1
2026-09-29 14:20:20,14:19,2026-09-29,funabashi,1,10,ワイド,2-8,4.9,5.3,6,https://www.keiba.go.jp/KeibaWeb/TodayRaceInfo/OddsWide?k_babaCode=19&k_raceDate=2026%2F09%2F29&k_raceNo=1
2026-09-29 14:20:20,14:19,2026-09-29,funabashi,1,10,ワイド,2-9,19.8,22.0,27,https://www.keiba.go.jp/KeibaWeb/TodayRaceInfo/OddsWide?k_babaCode=19&k_raceDate=2026%2F09%2F29&k_raceNo=1
2026-09-29 14:20:20,14:19,2026-09-29,funabashi,1,10,ワイド,3-10,131.3,137.9,56,https://www.keiba.go.jp/KeibaWeb/TodayRaceInfo/OddsWide?k_babaCode=19&k_raceDate=2026%2F09%2F29&k_raceNo=1
2026-09-29 14:20:20,14:19,2026-09-29,funabashi,1,10,ワイド,3-11,76.8,84.2,49,https://www.keiba.go.jp/KeibaWeb/TodayRaceInfo/OddsWide?k_babaCode=19&k_raceDate=2026%2F09%2F29&k_raceNo=1
2026-09-29 14:20:20,14:19,2026-09-29,funabashi,1,10,ワイド,3-12,144.0,145.4,59,https://www.keiba.go.jp/KeibaWeb/TodayRaceInfo/OddsWide?k_babaCode=19&k_raceDate=2026%2F09%2F29&k_raceNo=1
2026-09-29 14:20:20,14:19,2026-09-29,funabashi,1,10,ワイド,3-4,83.4,91.3,51,https://www.keiba.go.jp/KeibaWeb/TodayRaceInfo/OddsWide?k_babaCode=19&k_raceDate=2026%2F09%2F29&k_raceNo=1
2026-09-29 14:20:20,14:19,2026-09-29,funabashi,1,10,ワイド,3-5,131.4,141.6,57,https://www.keiba.go.jp/KeibaWeb/TodayRaceInfo/OddsWide?k_babaCode=19&k_raceDate=2026%2F09%2F29&k_raceNo=1
2026-09-29 14:20:20,14:19,2026-09-29,funabashi,1,10,ワイド,3-6,85.5,92.8,52,https://www.keiba.go.jp/KeibaWeb/TodayRaceInfo/OddsWide?k_babaCode=19&k_raceDate=2026%2F09%2F29&k_raceNo=1
2026-09-29 14:20:20,14:19,2026-09-29,funabashi,1,10,ワイド,3-7,80.1,84.2,50,https://www.keiba.go.jp/KeibaWeb/TodayRaceInfo/OddsWide?k_babaCode=19&k_raceDate=2026%2F09%2F29&k_raceNo=1
2026-09-29 14:20:20,14:19,2026-09-29,funabashi,1,10,ワイド,3-8,32.1,34.9,39,https://www.keiba.go.jp/KeibaWeb/TodayRaceInfo/OddsWide?k_babaCode=19&k_raceDate=2026%2F09%2F29&k_raceNo=1
2026-09-29 14:20:20,14:19,2026-09-29,funabashi,1,10,ワイド,3-9,67.7,71.9,48,https://www.keiba.go.jp/KeibaWeb/TodayRaceInfo/OddsWide?k_babaCode=19&k_raceDate=2026%2F09%2F29&k_raceNo=1
2026-09-29 14:20:20,14:19,2026-09-29,funabashi,1,10,ワイド,4-10,34.0,38.7,40,https://www.keiba.go.jp/KeibaWeb/TodayRaceInfo/OddsWide?k_babaCode=19&k_raceDate=2026%2F09%2F29&k_raceNo=1
2026-09-29 14:20:20,14:19,2026-09-29,funabashi,1,10,ワイド,4-11,18.2,21.6,24,https://www.keiba.go.jp/KeibaWeb/TodayRaceInfo/OddsWide?k_babaCode=19&k_raceDate=2026%2F09%2F29&k_raceNo=1
2026-09-29 14:20:20,14:19,2026-09-29,funabashi,1,10,ワイド,4-12,144.8,157.9,60,https://www.keiba.go.jp/KeibaWeb/TodayRaceInfo/OddsWide?k_babaCode=19&k_raceDate=2026%2F09%2F29&k_raceNo=1
2026-09-29 14:20:20,14:19,2026-09-29,funabashi,1,10,ワイド,4-5,9.9,11.6,11,https://www.keiba.go.jp/KeibaWeb/TodayRaceInfo/OddsWide?k_babaCode=19&k_raceDate=2026%2F09%2F29&k_raceNo=1
2026-09-29 14:20:20,14:19,2026-09-29,funabashi,1,10,ワイド,4-6,15.5,18.2,20,https://www.keiba.go.jp/KeibaWeb/TodayRaceInfo/OddsWide?k_babaCode=19&k_raceDate=2026%2F09%2F29&k_raceNo=1
2026-09-29 14:20:20,14:19,2026-09-29,funabashi,1,10,ワイド,4-7,17.2,19.6,21,https://www.keiba.go.jp/KeibaWeb/TodayRaceInfo/OddsWide?k_babaCode=19&k_raceDate=2026%2F09%2F29&k_raceNo=1
2026-09-29 14:20:20,14:19,2026-09-29,funabashi,1,10,ワイド,4-8,3.2,3.5,2,https://www.keiba.go.jp/KeibaWeb/TodayRaceInfo/OddsWide?k_babaCode=19&k_raceDate=2026%2F09%2F29&k_raceNo=1
2026-09-29 14:20:20,14:19,2026-09-29,funabashi,1,10,ワイド,4-9,18.4,21.2,25,https://www.keiba.go.jp/KeibaWeb/TodayRaceInfo/OddsWide?k_babaCode=19&k_raceDate=2026%2F09%2F29&k_raceNo=1
2026-09-29 14:20:20,14:19,2026-09-29,funabashi,1,10,ワイド,5-10,23.8,26.6,31,https://www.keiba.go.jp/KeibaWeb/TodayRaceInfo/OddsWide?k_babaCode=19&k_raceDate=2026%2F09%2F29&k_raceNo=1
2026-09-29 14:20:20,14:19,2026-09-29,funabashi,1,10,ワイド,5-11,14.1,16.5,16,https://www.keiba.go.jp/KeibaWeb/TodayRaceInfo/OddsWide?k_babaCode=19&k_raceDate=2026%2F09%2F29&k_raceNo=1
2026-09-29 14:20:20,14:19,2026-09-29,funabashi,1,10,ワイド,5-12,208.2,223.8,65,https://www.keiba.go.jp/KeibaWeb/TodayRaceInfo/OddsWide?k_babaCode=19&k_raceDate=2026%2F09%2F29&k_raceNo=1
2026-09-29 14:20:20,14:19,2026-09-29,funabashi,1,10,ワイド,5-6,19.5,22.6,26,https://www.keiba.go.jp/KeibaWeb/TodayRaceInfo/OddsWide?k_babaCode=19&k_raceDate=2026%2F09%2F29&k_raceNo=1
2026-09-29 14:20:20,14:19,2026-09-29,funabashi,1,10,ワイド,5-7,25.4,28.5,33,https://www.keiba.go.jp/KeibaWeb/TodayRaceInfo/OddsWide?k_babaCode=19&k_raceDate=2026%2F09%2F29&k_raceNo=1
2026-09-29 14:20:20,14:19,2026-09-29,funabashi,1,10,ワイド,5-8,3.8,4.1,4,https://www.keiba.go.jp/KeibaWeb/TodayRaceInfo/OddsWide?k_babaCode=19&k_raceDate=2026%2F09%2F29&k_raceNo=1
2026-09-29 14:20:20,14:19,2026-09-29,funabashi,1,10,ワイド,5-9,23.0,26.1,30,https://www.keiba.go.jp/KeibaWeb/TodayRaceInfo/OddsWide?k_babaCode=19&k_raceDate=2026%2F09%2F29&k_raceNo=1
2026-09-29 14:20:20,14:19,2026-09-29,funabashi,1,10,ワイド,6-10,17.7,19.9,23,https://www.keiba.go.jp/KeibaWeb/TodayRaceInfo/OddsWide?k_babaCode=19&k_raceDate=2026%2F09%2F29&k_raceNo=1
2026-09-29 14:20:20,14:19,2026-09-29,funabashi,1,10,ワイド,6-11,8.7,10.3,10,https://www.keiba.go.jp/KeibaWeb/TodayRaceInfo/OddsWide?k_babaCode=19&k_raceDate=2026%2F09%2F29&k_raceNo=1
2026-09-29 14:20:20,14:19,2026-09-29,funabashi,1,10,ワイド,6-12,97.4,105.4,53,https://www.keiba.go.jp/KeibaWeb/TodayRaceInfo/OddsWide?k_babaCode=19&k_raceDate=2026%2F09%2F29&k_raceNo=1
2026-09-29 14:20:20,14:19,2026-09-29,funabashi,1,10,ワイド,6-7,14.9,16.8,17,https://www.keiba.go.jp/KeibaWeb/TodayRaceInfo/OddsWide?k_babaCode=19&k_raceDate=2026%2F09%2F29&k_raceNo=1
2026-09-29 14:20:20,14:19,2026-09-29,funabashi,1,10,ワイド,6-8,3.4,3.8,3,https://www.keiba.go.jp/KeibaWeb/TodayRaceInfo/OddsWide?k_babaCode=19&k_raceDate=2026%2F09%2F29&k_raceNo=1
2026-09-29 14:20:20,14:19,2026-09-29,funabashi,1,10,ワイド,6-9,8.5,9.7,9,https://www.keiba.go.jp/KeibaWeb/TodayRaceInfo/OddsWide?k_babaCode=19&k_raceDate=2026%2F09%2F29&k_raceNo=1
2026-09-29 14:20:20,14:19,2026-09-29,funabashi,1,10,ワイド,7-10,52.0,56.9,46,https://www.keiba.go.jp/KeibaWeb/TodayRaceInfo/OddsWide?k_babaCode=19&k_raceDate=2026%2F09%2F29&k_raceNo=1
2026-09-29 14:20:20,14:19,2026-09-29,funabashi,1,10,ワイド,7-11,12.0,13.6,13,https://www.keiba.go.jp/KeibaWeb/TodayRaceInfo/OddsWide?k_babaCode=19&k_raceDate=2026%2F09%2F29&k_raceNo=1
2026-09-29 14:20:20,14:19,2026-09-29,funabashi,1,10,ワイド,7-12,146.4,153.4,61,https://www.keiba.go.jp/KeibaWeb/TodayRaceInfo/OddsWide?k_babaCode=19&k_raceDate=2026%2F09%2F29&k_raceNo=1
2026-09-29 14:20:20,14:19,2026-09-29,funabashi,1,10,ワイド,7-8,5.4,6.0,7,https://www.keiba.go.jp/KeibaWeb/TodayRaceInfo/OddsWide?k_babaCode=19&k_raceDate=2026%2F09%2F29&k_raceNo=1
2026-09-29 14:20:20,14:19,2026-09-29,funabashi,1,10,ワイド,7-9,15.2,16.8,19,https://www.keiba.go.jp/KeibaWeb/TodayRaceInfo/OddsWide?k_babaCode=19&k_raceDate=2026%2F09%2F29&k_raceNo=1
2026-09-29 14:20:20,14:19,2026-09-29,funabashi,1,10,ワイド,8-10,5.6,6.1,8,https://www.keiba.go.jp/KeibaWeb/TodayRaceInfo/OddsWide?k_babaCode=19&k_raceDate=2026%2F09%2F29&k_raceNo=1
2026-09-29 14:20:20,14:19,2026-09-29,funabashi,1,10,ワイド,8-11,3.1,3.4,1,https://www.keiba.go.jp/KeibaWeb/TodayRaceInfo/OddsWide?k_babaCode=19&k_raceDate=2026%2F09%2F29&k_raceNo=1
2026-09-29 14:20:20,14:19,2026-09-29,funabashi,1,10,ワイド,8-12,43.6,47.2,43,https://www.keiba.go.jp/KeibaWeb/TodayRaceInfo/OddsWide?k_babaCode=19&k_raceDate=2026%2F09%2F29&k_raceNo=1
2026-09-29 14:20:20,14:19,2026-09-29,funabashi,1,10,ワイド,8-9,4.5,5.0,5,https://www.keiba.go.jp/KeibaWeb/TodayRaceInfo/OddsWide?k_babaCode=19&k_raceDate=2026%2F09%2F29&k_raceNo=1
2026-09-29 14:20:20,14:19,2026-09-29,funabashi,1,10,ワイド,9-10,22.2,24.5,28,https://www.keiba.go.jp/KeibaWeb/TodayRaceInfo/OddsWide?k_babaCode=19&k_raceDate=2026%2F09%2F29&k_raceNo=1
2026-09-29 14:20:20,14:19,2026-09-29,funabashi,1,10,ワイド,9-11,13.1,15.1,14,https://www.keiba.go.jp/KeibaWeb/TodayRaceInfo/OddsWide?k_babaCode=19&k_raceDate=2026%2F09%2F29&k_raceNo=1
2026-09-29 14:20:20,14:19,2026-09-29,funabashi,1,10,ワイド,9-12,163.5,173.0,63,https://www.keiba.go.jp/KeibaWeb/TodayRaceInfo/OddsWide?k_babaCode=19&k_raceDate=2026%2F09%2F29&k_raceNo=1
2026-09-29 14:20:20,14:19,2026-09-29,funabashi,1,10,三連複,1-10-11,450.5,450.5,103,https://www.keiba.go.jp/KeibaWeb/TodayRaceInfo/Odds3LenFuku?k_babaCode=19&k_raceDate=2026%2F09%2F29&k_raceNo=1
2026-09-29 14:20:20,14:19,2026-09-29,funabashi,1,10,三連複,1-10-12,3153.9,3153.9,202,https://www.keiba.go.jp/KeibaWeb/TodayRaceInfo/Odds3LenFuku?k_babaCode=19&k_raceDate=2026%2F09%2F29&k_raceNo=1
2026-09-29 14:20:20,14:19,2026-09-29,funabashi,1,10,三連複,1-11-12,1752.2,1752.2,167,https://www.keiba.go.jp/KeibaWeb/TodayRaceInfo/Odds3LenFuku?k_babaCode=19&k_raceDate=2026%2F09%2F29&k_raceNo=1
2026-09-29 14:20:20,14:19,2026-09-29,funabashi,1,10,三連複,1-2-10,733.4,733.4,134,https://www.keiba.go.jp/KeibaWeb/TodayRaceInfo/Odds3LenFuku?k_babaCode=19&k_raceDate=2026%2F09%2F29&k_raceNo=1
2026-09-29 14:20:20,14:19,2026-09-29,funabashi,1,10,三連複,1-2-11,630.7,630.7,128,https://www.keiba.go.jp/KeibaWeb/TodayRaceInfo/Odds3LenFuku?k_babaCode=19&k_raceDate=2026%2F09%2F29&k_raceNo=1
2026-09-29 14:20:20,14:19,2026-09-29,funabashi,1,10,三連複,1-2-12,5256.6,5256.6,212,https://www.keiba.go.jp/KeibaWeb/TodayRaceInfo/Odds3LenFuku?k_babaCode=19&k_raceDate=2026%2F09%2F29&k_raceNo=1
2026-09-29 14:20:20,14:19,2026-09-29,funabashi,1,10,三連複,1-2-3,1752.2,1752.2,167,https://www.keiba.go.jp/KeibaWeb/TodayRaceInfo/Odds3LenFuku?k_babaCode=19&k_raceDate=2026%2F09%2F29&k_raceNo=1
2026-09-29 14:20:20,14:19,2026-09-29,funabashi,1,10,三連複,1-2-4,618.4,618.4,126,https://www.keiba.go.jp/KeibaWeb/TodayRaceInfo/Odds3LenFuku?k_babaCode=19&k_raceDate=2026%2F09%2F29&k_raceNo=1
2026-09-29 14:20:20,14:19,2026-09-29,funabashi,1,10,三連複,1-2-5,563.2,563.2,118,https://www.keiba.go.jp/KeibaWeb/TodayRaceInfo/Odds3LenFuku?k_babaCode=19&k_raceDate=2026%2F09%2F29&k_raceNo=1
2026-09-29 14:20:20,14:19,2026-09-29,funabashi,1,10,三連複,1-2-6,477.8,477.8,108,https://www.keiba.go.jp/KeibaWeb/TodayRaceInfo/Odds3LenFuku?k_babaCode=19&k_raceDate=2026%2F09%2F29&k_raceNo=1
2026-09-29 14:20:20,14:19,2026-09-29,funabashi,1,10,三連複,1-2-7,927.6,927.6,141,https://www.keiba.go.jp/KeibaWeb/TodayRaceInfo/Odds3LenFuku?k_babaCode=19&k_raceDate=2026%2F09%2F29&k_raceNo=1
2026-09-29 14:20:20,14:19,2026-09-29,funabashi,1,10,三連複,1-2-8,98.8,98.8,33,https://www.keiba.go.jp/KeibaWeb/TodayRaceInfo/Odds3LenFuku?k_babaCode=19&k_raceDate=2026%2F09%2F29&k_raceNo=1
2026-09-29 14:20:20,14:19,2026-09-29,funabashi,1,10,三連複,1-2-9,829.9,829.9,137,https://www.keiba.go.jp/KeibaWeb/TodayRaceInfo/Odds3LenFuku?k_babaCode=19&k_raceDate=2026%2F09%2F29&k_raceNo=1
2026-09-29 14:20:20,14:19,2026-09-29,funabashi,1,10,三連複,1-3-10,3504.4,3504.4,205,https://www.keiba.go.jp/KeibaWeb/TodayRaceInfo/Odds3LenFuku?k_babaCode=19&k_raceDate=2026%2F09%2F29&k_raceNo=1
2026-09-29 14:20:20,14:19,2026-09-29,funabashi,1,10,三連複,1-3-11,2102.6,2102.6,180,https://www.keiba.go.jp/KeibaWeb/TodayRaceInfo/Odds3LenFuku?k_babaCode=19&k_raceDate=2026%2F09%2F29&k_raceNo=1
2026-09-29 14:20:20,14:19,2026-09-29,funabashi,1,10,三連複,1-3-12,0.0,0.0,220,https://www.keiba.go.jp/KeibaWeb/TodayRaceInfo/Odds3LenFuku?k_babaCode=19&k_raceDate=2026%2F09%2F29&k_raceNo=1
2026-09-29 14:20:20,14:19,2026-09-29,funabashi,1,10,三連複,1-3-4,1855.2,1855.2,171,https://www.keiba.go.jp/KeibaWeb/TodayRaceInfo/Odds3LenFuku?k_babaCode=19&k_raceDate=2026%2F09%2F29&k_raceNo=1
2026-09-29 14:20:20,14:19,2026-09-29,funabashi,1,10,三連複,1-3-5,2628.3,2628.3,193,https://www.keiba.go.jp/KeibaWeb/TodayRaceInfo/Odds3LenFuku?k_babaCode=19&k_raceDate=2026%2F09%2F29&k_raceNo=1
2026-09-29 14:20:20,14:19,2026-09-29,funabashi,1,10,三連複,1-3-6,1855.2,1855.2,171,https://www.keiba.go.jp/KeibaWeb/TodayRaceInfo/Odds3LenFuku?k_babaCode=19&k_raceDate=2026%2F09%2F29&k_raceNo=1
2026-09-29 14:20:20,14:19,2026-09-29,funabashi,1,10,三連複,1-3-7,955.7,955.7,143,https://www.keiba.go.jp/KeibaWeb/TodayRaceInfo/Odds3LenFuku?k_babaCode=19&k_raceDate=2026%2F09%2F29&k_raceNo=1
2026-09-29 14:20:20,14:19,2026-09-29,funabashi,1,10,三連複,1-3-8,553.3,553.3,116,https://www.keiba.go.jp/KeibaWeb/TodayRaceInfo/Odds3LenFuku?k_babaCode=19&k_raceDate=2026%2F09%2F29&k_raceNo=1
2026-09-29 14:20:20,14:19,2026-09-29,funabashi,1,10,三連複,1-3-9,1659.9,1659.9,164,https://www.keiba.go.jp/KeibaWeb/TodayRaceInfo/Odds3LenFuku?k_babaCode=19&k_raceDate=2026%2F09%2F29&k_raceNo=1
2026-09-29 14:20:20,14:19,2026-09-29,funabashi,1,10,三連複,1-4-10,852.4,852.4,138,https://www.keiba.go.jp/KeibaWeb/TodayRaceInfo/Odds3LenFuku?k_babaCode=19&k_raceDate=2026%2F09%2F29&k_raceNo=1
2026-09-29 14:20:20,14:19,2026-09-29,funabashi,1,10,三連複,1-4-11,492.8,492.8,110,https://www.keiba.go.jp/KeibaWeb/TodayRaceInfo/Odds3LenFuku?k_babaCode=19&k_raceDate=2026%2F09%2F29&k_raceNo=1
2026-09-29 14:20:20,14:19,2026-09-29,funabashi,1,10,三連複,1-4-12,3153.9,3153.9,202,https://www.keiba.go.jp/KeibaWeb/TodayRaceInfo/Odds3LenFuku?k_babaCode=19&k_raceDate=2026%2F09%2F29&k_raceNo=1
2026-09-29 14:20:20,14:19,2026-09-29,funabashi,1,10,三連複,1-4-5,525.6,525.6,113,https://www.keiba.go.jp/KeibaWeb/TodayRaceInfo/Odds3LenFuku?k_babaCode=19&k_raceDate=2026%2F09%2F29&k_raceNo=1
2026-09-29 14:20:20,14:19,2026-09-29,funabashi,1,10,三連複,1-4-6,438.0,438.0,100,https://www.keiba.go.jp/KeibaWeb/TodayRaceInfo/Odds3LenFuku?k_babaCode=19&k_raceDate=2026%2F09%2F29&k_raceNo=1
2026-09-29 14:20:20,14:19,2026-09-29,funabashi,1,10,三連複,1-4-7,362.5,362.5,87,https://www.keiba.go.jp/KeibaWeb/TodayRaceInfo/Odds3LenFuku?k_babaCode=19&k_raceDate=2026%2F09%2F29&k_raceNo=1
2026-09-29 14:20:20,14:19,2026-09-29,funabashi,1,10,三連複,1-4-8,90.8,90.8,32,https://www.keiba.go.jp/KeibaWeb/TodayRaceInfo/Odds3LenFuku?k_babaCode=19&k_raceDate=2026%2F09%2F29&k_raceNo=1
2026-09-29 14:20:20,14:19,2026-09-29,funabashi,1,10,三連複,1-4-9,517.0,517.0,112,https://www.keiba.go.jp/KeibaWeb/TodayRaceInfo/Odds3LenFuku?k_babaCode=19&k_raceDate=2026%2F09%2F29&k_raceNo=1
2026-09-29 14:20:20,14:19,2026-09-29,funabashi,1,10,三連複,1-5-10,955.7,955.7,143,https://www.keiba.go.jp/KeibaWeb/TodayRaceInfo/Odds3LenFuku?k_babaCode=19&k_raceDate=2026%2F09%2F29&k_raceNo=1
2026-09-29 14:20:20,14:19,2026-09-29,funabashi,1,10,三連複,1-5-11,606.5,606.5,124,https://www.keiba.go.jp/KeibaWeb/TodayRaceInfo/Odds3LenFuku?k_babaCode=19&k_raceDate=2026%2F09%2F29&k_raceNo=1
2026-09-29 14:20:20,14:19,2026-09-29,funabashi,1,10,三連複,1-5-12,10513.2,10513.2,216,https://www.keiba.go.jp/KeibaWeb/TodayRaceInfo/Odds3LenFuku?k_babaCode=19&k_raceDate=2026%2F09%2F29&k_raceNo=1
2026-09-29 14:20:20,14:19,2026-09-29,funabashi,1,10,三連複,1-5-6,573.4,573.4,120,https://www.keiba.go.jp/KeibaWeb/TodayRaceInfo/Odds3LenFuku?k_babaCode=19&k_raceDate=2026%2F09%2F29&k_raceNo=1
2026-09-29 14:20:20,14:19,2026-09-29,funabashi,1,10,三連複,1-5-7,927.6,927.6,141,https://www.keiba.go.jp/KeibaWeb/TodayRaceInfo/Odds3LenFuku?k_babaCode=19&k_raceDate=2026%2F09%2F29&k_raceNo=1
2026-09-29 14:20:20,14:19,2026-09-29,funabashi,1,10,三連複,1-5-8,109.8,109.8,37,https://www.keiba.go.jp/KeibaWeb/TodayRaceInfo/Odds3LenFuku?k_babaCode=19&k_raceDate=2026%2F09%2F29&k_raceNo=1
2026-09-29 14:20:20,14:19,2026-09-29,funabashi,1,10,三連複,1-5-9,685.6,685.6,131,https://www.keiba.go.jp/KeibaWeb/TodayRaceInfo/Odds3LenFuku?k_babaCode=19&k_raceDate=2026%2F09%2F29&k_raceNo=1
2026-09-29 14:20:20,14:19,2026-09-29,funabashi,1,10,三連複,1-6-10,584.0,584.0,122,https://www.keiba.go.jp/KeibaWeb/TodayRaceInfo/Odds3LenFuku?k_babaCode=19&k_raceDate=2026%2F09%2F29&k_raceNo=1
2026-09-29 14:20:20,14:19,2026-09-29,funabashi,1,10,三連複,1-6-11,366.7,366.7,88,https://www.keiba.go.jp/KeibaWeb/TodayRaceInfo/Odds3LenFuku?k_babaCode=19&k_raceDate=2026%2F09%2F29&k_raceNo=1
2026-09-29 14:20:20,14:19,2026-09-29,funabashi,1,10,三連複,1-6-12,2252.8,2252.8,187,https://www.keiba.go.jp/KeibaWeb/TodayRaceInfo/Odds3LenFuku?k_babaCode=19&k_raceDate=2026%2F09%2F29&k_raceNo=1
2026-09-29 14:20:20,14:19,2026-09-29,funabashi,1,10,三連複,1-6-7,284.1,284.1,69,https://www.keiba.go.jp/KeibaWeb/TodayRaceInfo/Odds3LenFuku?k_babaCode=19&k_raceDate=2026%2F09%2F29&k_raceNo=1
2026-09-29 14:20:20,14:19,2026-09-29,funabashi,1,10,三連複,1-6-8,67.6,67.6,28,https://www.keiba.go.jp/KeibaWeb/TodayRaceInfo/Odds3LenFuku?k_babaCode=19&k_raceDate=2026%2F09%2F29&k_raceNo=1
2026-09-29 14:20:20,14:19,2026-09-29,funabashi,1,10,三連複,1-6-9,438.0,438.0,100,https://www.keiba.go.jp/KeibaWeb/TodayRaceInfo/Odds3LenFuku?k_babaCode=19&k_raceDate=2026%2F09%2F29&k_raceNo=1
2026-09-29 14:20:20,14:19,2026-09-29,funabashi,1,10,三連複,1-7-10,1087.5,1087.5,146,https://www.keiba.go.jp/KeibaWeb/TodayRaceInfo/Odds3LenFuku?k_babaCode=19&k_raceDate=2026%2F09%2F29&k_raceNo=1
2026-09-29 14:20:20,14:19,2026-09-29,funabashi,1,10,三連複,1-7-11,457.0,457.0,105,https://www.keiba.go.jp/KeibaWeb/TodayRaceInfo/Odds3LenFuku?k_babaCode=19&k_raceDate=2026%2F09%2F29&k_raceNo=1
2026-09-29 14:20:20,14:19,2026-09-29,funabashi,1,10,三連複,1-7-12,2426.1,2426.1,190,https://www.keiba.go.jp/KeibaWeb/TodayRaceInfo/Odds3LenFuku?k_babaCode=19&k_raceDate=2026%2F09%2F29&k_raceNo=1
2026-09-29 14:20:20,14:19,2026-09-29,funabashi,1,10,三連複,1-7-8,100.4,100.4,35,https://www.keiba.go.jp/KeibaWeb/TodayRaceInfo/Odds3LenFuku?k_babaCode=19&k_raceDate=2026%2F09%2F29&k_raceNo=1
2026-09-29 14:20:20,14:19,2026-09-29,funabashi,1,10,三連複,1-7-9,384.6,384.6,89,https://www.keiba.go.jp/KeibaWeb/TodayRaceInfo/Odds3LenFuku?k_babaCode=19&k_raceDate=2026%2F09%2F29&k_raceNo=1
2026-09-29 14:20:20,14:19,2026-09-29,funabashi,1,10,三連複,1-8-10,132.5,132.5,38,https://www.keiba.go.jp/KeibaWeb/TodayRaceInfo/Odds3LenFuku?k_babaCode=19&k_raceDate=2026%2F09%2F29&k_raceNo=1
2026-09-29 14:20:20,14:19,2026-09-29,funabashi,1,10,三連複,1-8-11,74.9,74.9,30,https://www.keiba.go.jp/KeibaWeb/TodayRaceInfo/Odds3LenFuku?k_babaCode=19&k_raceDate=2026%2F09%2F29&k_raceNo=1
2026-09-29 14:20:20,14:19,2026-09-29,funabashi,1,10,三連複,1-8-12,1433.6,1433.6,153,https://www.keiba.go.jp/KeibaWeb/TodayRaceInfo/Odds3LenFuku?k_babaCode=19&k_raceDate=2026%2F09%2F29&k_raceNo=1
2026-09-29 14:20:20,14:19,2026-09-29,funabashi,1,10,三連複,1-8-9,82.1,82.1,31,https://www.keiba.go.jp/KeibaWeb/TodayRaceInfo/Odds3LenFuku?k_babaCode=19&k_raceDate=2026%2F09%2F29&k_raceNo=1
2026-09-29 14:20:20,14:19,2026-09-29,funabashi,1,10,三連複,1-9-10,671.0,671.0,129,https://www.keiba.go.jp/KeibaWeb/TodayRaceInfo/Odds3LenFuku?k_babaCode=19&k_raceDate=2026%2F09%2F29&k_raceNo=1
2026-09-29 14:20:20,14:19,2026-09-29,funabashi,1,10,三連複,1-9-11,384.6,384.6,89,https://www.keiba.go.jp/KeibaWeb/TodayRaceInfo/Odds3LenFuku?k_babaCode=19&k_raceDate=2026%2F09%2F29&k_raceNo=1
2026-09-29 14:20:20,14:19,2026-09-29,funabashi,1,10,三連複,1-9-12,4505.6,4505.6,210,https://www.keiba.go.jp/KeibaWeb/TodayRaceInfo/Odds3LenFuku?k_babaCode=19&k_raceDate=2026%2F09%2F29&k_raceNo=1
2026-09-29 14:20:20,14:19,2026-09-29,funabashi,1,10,三連複,10-11-12,1051.3,1051.3,145,https://www.keiba.go.jp/KeibaWeb/TodayRaceInfo/Odds3LenFuku?k_babaCode=19&k_raceDate=2026%2F09%2F29&k_raceNo=1
2026-09-29 14:20:20,14:19,2026-09-29,funabashi,1,10,三連複,2-10-11,303.2,303.2,73,https://www.keiba.go.jp/KeibaWeb/TodayRaceInfo/Odds3LenFuku?k_babaCode=19&k_raceDate=2026%2F09%2F29&k_raceNo=1
2026-09-29 14:20:20,14:19,2026-09-29,funabashi,1,10,三連複,2-10-12,1971.2,1971.2,174,https://www.keiba.go.jp/KeibaWeb/TodayRaceInfo/Odds3LenFuku?k_babaCode=19&k_raceDate=2026%2F09%2F29&k_raceNo=1
2026-09-29 14:20:20,14:19,2026-09-29,funabashi,1,10,三連複,2-11-12,1576.9,1576.9,156,https://www.keiba.go.jp/KeibaWeb/TodayRaceInfo/Odds3LenFuku?k_babaCode=19&k_raceDate=2026%2F09%2F29&k_raceNo=1
2026-09-29 14:20:20,14:19,2026-09-29,funabashi,1,10,三連複,2-3-10,2867.2,2867.2,198,https://www.keiba.go.jp/KeibaWeb/TodayRaceInfo/Odds3LenFuku?k_babaCode=19&k_raceDate=2026%2F09%2F29&k_raceNo=1
2026-09-29 14:20:20,14:19,2026-09-29,funabashi,1,10,三連複,2-3-11,1971.2,1971.2,174,https://www.keiba.go.jp/KeibaWeb/TodayRaceInfo/Odds3LenFuku?k_babaCode=19&k_raceDate=2026%2F09%2F29&k_raceNo=1
2026-09-29 14:20:20,14:19,2026-09-29,funabashi,1,10,三連複,2-3-12,15769.8,15769.8,218,https://www.keiba.go.jp/KeibaWeb/TodayRaceInfo/Odds3LenFuku?k_babaCode=19&k_raceDate=2026%2F09%2F29&k_raceNo=1
2026-09-29 14:20:20,14:19,2026-09-29,funabashi,1,10,三連複,2-3-4,1752.2,1752.2,167,https://www.keiba.go.jp/KeibaWeb/TodayRaceInfo/Odds3LenFuku?k_babaCode=19&k_raceDate=2026%2F09%2F29&k_raceNo=1
2026-09-29 14:20:20,14:19,2026-09-29,funabashi,1,10,三連複,2-3-5,1576.9,1576.9,156,https://www.keiba.go.jp/KeibaWeb/TodayRaceInfo/Odds3LenFuku?k_babaCode=19&k_raceDate=2026%2F09%2F29&k_raceNo=1
2026-09-29 14:20:20,14:19,2026-09-29,funabashi,1,10,三連複,2-3-6,788.4,788.4,136,https://www.keiba.go.jp/KeibaWeb/TodayRaceInfo/Odds3LenFuku?k_babaCode=19&k_raceDate=2026%2F09%2F29&k_raceNo=1
2026-09-29 14:20:20,14:19,2026-09-29,funabashi,1,10,三連複,2-3-7,1576.9,1576.9,156,https://www.keiba.go.jp/KeibaWeb/TodayRaceInfo/Odds3LenFuku?k_babaCode=19&k_raceDate=2026%2F09%2F29&k_raceNo=1
2026-09-29 14:20:20,14:19,2026-09-29,funabashi,1,10,三連複,2-3-8,354.3,354.3,84,https://www.keiba.go.jp/KeibaWeb/TodayRaceInfo/Odds3LenFuku?k_babaCode=19&k_raceDate=2026%2F09%2F29&k_raceNo=1
2026-09-29 14:20:20,14:19,2026-09-29,funabashi,1,10,三連複,2-3-9,1971.2,1971.2,174,https://www.keiba.go.jp/KeibaWeb/TodayRaceInfo/Odds3LenFuku?k_babaCode=19&k_raceDate=2026%2F09%2F29&k_raceNo=1
2026-09-29 14:20:20,14:19,2026-09-29,funabashi,1,10,三連複,2-4-10,534.5,534.5,115,https://www.keiba.go.jp/KeibaWeb/TodayRaceInfo/Odds3LenFuku?k_babaCode=19&k_raceDate=2026%2F09%2F29&k_raceNo=1
2026-09-29 14:20:20,14:19,2026-09-29,funabashi,1,10,三連複,2-4-11,260.6,260.6,62,https://www.keiba.go.jp/KeibaWeb/TodayRaceInfo/Odds3LenFuku?k_babaCode=19&k_raceDate=2026%2F09%2F29&k_raceNo=1
2026-09-29 14:20:20,14:19,2026-09-29,funabashi,1,10,三連複,2-4-12,2102.6,2102.6,180,https://www.keiba.go.jp/KeibaWeb/TodayRaceInfo/Odds3LenFuku?k_babaCode=19&k_raceDate=2026%2F09%2F29&k_raceNo=1
2026-09-29 14:20:20,14:19,2026-09-29,funabashi,1,10,三連複,2-4-5,309.2,309.2,74,https://www.keiba.go.jp/KeibaWeb/TodayRaceInfo/Odds3LenFuku?k_babaCode=19&k_raceDate=2026%2F09%2F29&k_raceNo=1
2026-09-29 14:20:20,14:19,2026-09-29,funabashi,1,10,三連複,2-4-6,207.4,207.4,51,https://www.keiba.go.jp/KeibaWeb/TodayRaceInfo/Odds3LenFuku?k_babaCode=19&k_raceDate=2026%2F09%2F29&k_raceNo=1
2026-09-29 14:20:20,14:19,2026-09-29,funabashi,1,10,三連複,2-4-7,223.6,223.6,57,https://www.keiba.go.jp/KeibaWeb/TodayRaceInfo/Odds3LenFuku?k_babaCode=19&k_raceDate=2026%2F09%2F29&k_raceNo=1
2026-09-29 14:20:20,14:19,2026-09-29,funabashi,1,10,三連複,2-4-8,44.1,44.1,21,https://www.keiba.go.jp/KeibaWeb/TodayRaceInfo/Odds3LenFuku?k_babaCode=19&k_raceDate=2026%2F09%2F29&k_raceNo=1
2026-09-29 14:20:20,14:19,2026-09-29,funabashi,1,10,三連複,2-4-9,426.2,426.2,99,https://www.keiba.go.jp/KeibaWeb/TodayRaceInfo/Odds3LenFuku?k_babaCode=19&k_raceDate=2026%2F09%2F29&k_raceNo=1
2026-09-29 14:20:20,14:19,2026-09-29,funabashi,1,10,三連複,2-5-10,315.3,315.3,77,https://www.keiba.go.jp/KeibaWeb/TodayRaceInfo/Odds3LenFuku?k_babaCode=19&k_raceDate=2026%2F09%2F29&k_raceNo=1
2026-09-29 14:20:20,14:19,2026-09-29,funabashi,1,10,三連複,2-5-11,193.4,193.4,48,https://www.keiba.go.jp/KeibaWeb/TodayRaceInfo/Odds3LenFuku?k_babaCode=19&k_raceDate=2026%2F09%2F29&k_raceNo=1
2026-09-29 14:20:20,14:19,2026-09-29,funabashi,1,10,三連複,2-5-12,2628.3,2628.3,193,https://www.keiba.go.jp/KeibaWeb/TodayRaceInfo/Odds3LenFuku?k_babaCode=19&k_raceDate=2026%2F09%2F29&k_raceNo=1
2026-09-29 14:20:20,14:19,2026-09-29,funabashi,1,10,三連複,2-5-6,210.2,210.2,52,https://www.keiba.go.jp/KeibaWeb/TodayRaceInfo/Odds3LenFuku?k_babaCode=19&k_raceDate=2026%2F09%2F29&k_raceNo=1
2026-09-29 14:20:20,14:19,2026-09-29,funabashi,1,10,三連複,2-5-7,254.3,254.3,60,https://www.keiba.go.jp/KeibaWeb/TodayRaceInfo/Odds3LenFuku?k_babaCode=19&k_raceDate=2026%2F09%2F29&k_raceNo=1
2026-09-29 14:20:20,14:19,2026-09-29,funabashi,1,10,三連複,2-5-8,31.9,31.9,12,https://www.keiba.go.jp/KeibaWeb/TodayRaceInfo/Odds3LenFuku?k_babaCode=19&k_raceDate=2026%2F09%2F29&k_raceNo=1
2026-09-29 14:20:20,14:19,2026-09-29,funabashi,1,10,三連複,2-5-9,394.2,394.2,94,https://www.keiba.go.jp/KeibaWeb/TodayRaceInfo/Odds3LenFuku?k_babaCode=19&k_raceDate=2026%2F09%2F29&k_raceNo=1
2026-09-29 14:20:20,14:19,2026-09-29,funabashi,1,10,三連複,2-6-10,267.2,267.2,63,https://www.keiba.go.jp/KeibaWeb/TodayRaceInfo/Odds3LenFuku?k_babaCode=19&k_raceDate=2026%2F09%2F29&k_raceNo=1
2026-09-29 14:20:20,14:19,2026-09-29,funabashi,1,10,三連複,2-6-11,140.1,140.1,40,https://www.keiba.go.jp/KeibaWeb/TodayRaceInfo/Odds3LenFuku?k_babaCode=19&k_raceDate=2026%2F09%2F29&k_raceNo=1
2026-09-29 14:20:20,14:19,2026-09-29,funabashi,1,10,三連複,2-6-12,1213.0,1213.0,150,https://www.keiba.go.jp/KeibaWeb/TodayRaceInfo/Odds3LenFuku?k_babaCode=19&k_raceDate=2026%2F09%2F29&k_raceNo=1
2026-09-29 14:20:20,14:19,2026-09-29,funabashi,1,10,三連複,2-6-7,155.3,155.3,45,https://www.keiba.go.jp/KeibaWeb/TodayRaceInfo/Odds3LenFuku?k_babaCode=19&k_raceDate=2026%2F09%2F29&k_raceNo=1
2026-09-29 14:20:20,14:19,2026-09-29,funabashi,1,10,三連複,2-6-8,20.5,20.5,3,https://www.keiba.go.jp/KeibaWeb/TodayRaceInfo/Odds3LenFuku?k_babaCode=19&k_raceDate=2026%2F09%2F29&k_raceNo=1
2026-09-29 14:20:20,14:19,2026-09-29,funabashi,1,10,三連複,2-6-9,194.6,194.6,49,https://www.keiba.go.jp/KeibaWeb/TodayRaceInfo/Odds3LenFuku?k_babaCode=19&k_raceDate=2026%2F09%2F29&k_raceNo=1
2026-09-29 14:20:20,14:19,2026-09-29,funabashi,1,10,三連複,2-7-10,573.4,573.4,120,https://www.keiba.go.jp/KeibaWeb/TodayRaceInfo/Odds3LenFuku?k_babaCode=19&k_raceDate=2026%2F09%2F29&k_raceNo=1
2026-09-29 14:20:20,14:19,2026-09-29,funabashi,1,10,三連複,2-7-11,281.6,281.6,67,https://www.keiba.go.jp/KeibaWeb/TodayRaceInfo/Odds3LenFuku?k_babaCode=19&k_raceDate=2026%2F09%2F29&k_raceNo=1
2026-09-29 14:20:20,14:19,2026-09-29,funabashi,1,10,三連複,2-7-12,2867.2,2867.2,198,https://www.keiba.go.jp/KeibaWeb/TodayRaceInfo/Odds3LenFuku?k_babaCode=19&k_raceDate=2026%2F09%2F29&k_raceNo=1
2026-09-29 14:20:20,14:19,2026-09-29,funabashi,1,10,三連複,2-7-8,43.7,43.7,20,https://www.keiba.go.jp/KeibaWeb/TodayRaceInfo/Odds3LenFuku?k_babaCode=19&k_raceDate=2026%2F09%2F29&k_raceNo=1
2026-09-29 14:20:20,14:19,2026-09-29,funabashi,1,10,三連複,2-7-9,279.1,279.1,66,https://www.keiba.go.jp/KeibaWeb/TodayRaceInfo/Odds3LenFuku?k_babaCode=19&k_raceDate=2026%2F09%2F29&k_raceNo=1
2026-09-29 14:20:20,14:19,2026-09-29,funabashi,1,10,三連複,2-8-10,46.6,46.6,23,https://www.keiba.go.jp/KeibaWeb/TodayRaceInfo/Odds3LenFuku?k_babaCode=19&k_raceDate=2026%2F09%2F29&k_raceNo=1
2026-09-29 14:20:20,14:19,2026-09-29,funabashi,1,10,三連複,2-8-11,25.3,25.3,8,https://www.keiba.go.jp/KeibaWeb/TodayRaceInfo/Odds3LenFuku?k_babaCode=19&k_raceDate=2026%2F09%2F29&k_raceNo=1
2026-09-29 14:20:20,14:19,2026-09-29,funabashi,1,10,三連複,2-8-12,420.5,420.5,96,https://www.keiba.go.jp/KeibaWeb/TodayRaceInfo/Odds3LenFuku?k_babaCode=19&k_raceDate=2026%2F09%2F29&k_raceNo=1
2026-09-29 14:20:20,14:19,2026-09-29,funabashi,1,10,三連複,2-8-9,33.6,33.6,17,https://www.keiba.go.jp/KeibaWeb/TodayRaceInfo/Odds3LenFuku?k_babaCode=19&k_raceDate=2026%2F09%2F29&k_raceNo=1
2026-09-29 14:20:20,14:19,2026-09-29,funabashi,1,10,三連複,2-9-10,553.3,553.3,116,https://www.keiba.go.jp/KeibaWeb/TodayRaceInfo/Odds3LenFuku?k_babaCode=19&k_raceDate=2026%2F09%2F29&k_raceNo=1
2026-09-29 14:20:20,14:19,2026-09-29,funabashi,1,10,三連複,2-9-11,281.6,281.6,67,https://www.keiba.go.jp/KeibaWeb/TodayRaceInfo/Odds3LenFuku?k_babaCode=19&k_raceDate=2026%2F09%2F29&k_raceNo=1
2026-09-29 14:20:20,14:19,2026-09-29,funabashi,1,10,三連複,2-9-12,5256.6,5256.6,212,https://www.keiba.go.jp/KeibaWeb/TodayRaceInfo/Odds3LenFuku?k_babaCode=19&k_raceDate=2026%2F09%2F29&k_raceNo=1
2026-09-29 14:20:20,14:19,2026-09-29,funabashi,1,10,三連複,3-10-11,2628.3,2628.3,193,https://www.keiba.go.jp/KeibaWeb/TodayRaceInfo/Odds3LenFuku?k_babaCode=19&k_raceDate=2026%2F09%2F29&k_raceNo=1
2026-09-29 14:20:20,14:19,2026-09-29,funabashi,1,10,三連複,3-10-12,3504.4,3504.4,205,https://www.keiba.go.jp/KeibaWeb/TodayRaceInfo/Odds3LenFuku?k_babaCode=19&k_raceDate=2026%2F09%2F29&k_raceNo=1
2026-09-29 14:20:20,14:19,2026-09-29,funabashi,1,10,三連複,3-11-12,2628.3,2628.3,193,https://www.keiba.go.jp/KeibaWeb/TodayRaceInfo/Odds3LenFuku?k_babaCode=19&k_raceDate=2026%2F09%2F29&k_raceNo=1
2026-09-29 14:20:20,14:19,2026-09-29,funabashi,1,10,三連複,3-4-10,2867.2,2867.2,198,https://www.keiba.go.jp/KeibaWeb/TodayRaceInfo/Odds3LenFuku?k_babaCode=19&k_raceDate=2026%2F09%2F29&k_raceNo=1
2026-09-29 14:20:20,14:19,2026-09-29,funabashi,1,10,三連複,3-4-11,2102.6,2102.6,180,https://www.keiba.go.jp/KeibaWeb/TodayRaceInfo/Odds3LenFuku?k_babaCode=19&k_raceDate=2026%2F09%2F29&k_raceNo=1
2026-09-29 14:20:20,14:19,2026-09-29,funabashi,1,10,三連複,3-4-12,10513.2,10513.2,216,https://www.keiba.go.jp/KeibaWeb/TodayRaceInfo/Odds3LenFuku?k_babaCode=19&k_raceDate=2026%2F09%2F29&k_raceNo=1
2026-09-29 14:20:20,14:19,2026-09-29,funabashi,1,10,三連複,3-4-5,2867.2,2867.2,198,https://www.keiba.go.jp/KeibaWeb/TodayRaceInfo/Odds3LenFuku?k_babaCode=19&k_raceDate=2026%2F09%2F29&k_raceNo=1
2026-09-29 14:20:20,14:19,2026-09-29,funabashi,1,10,三連複,3-4-6,1576.9,1576.9,156,https://www.keiba.go.jp/KeibaWeb/TodayRaceInfo/Odds3LenFuku?k_babaCode=19&k_raceDate=2026%2F09%2F29&k_raceNo=1
2026-09-29 14:20:20,14:19,2026-09-29,funabashi,1,10,三連複,3-4-7,733.4,733.4,134,https://www.keiba.go.jp/KeibaWeb/TodayRaceInfo/Odds3LenFuku?k_babaCode=19&k_raceDate=2026%2F09%2F29&k_raceNo=1
2026-09-29 14:20:20,14:19,2026-09-29,funabashi,1,10,三連複,3-4-8,420.5,420.5,96,https://www.keiba.go.jp/KeibaWeb/TodayRaceInfo/Odds3LenFuku?k_babaCode=19&k_raceDate=2026%2F09%2F29&k_raceNo=1
2026-09-29 14:20:20,14:19,2026-09-29,funabashi,1,10,三連複,3-4-9,1433.6,1433.6,153,https://www.keiba.go.jp/KeibaWeb/TodayRaceInfo/Odds3LenFuku?k_babaCode=19&k_raceDate=2026%2F09%2F29&k_raceNo=1
2026-09-29 14:20:20,14:19,2026-09-29,funabashi,1,10,三連複,3-5-10,2628.3,2628.3,193,https://www.keiba.go.jp/KeibaWeb/TodayRaceInfo/Odds3LenFuku?k_babaCode=19&k_raceDate=2026%2F09%2F29&k_raceNo=1
2026-09-29 14:20:20,14:19,2026-09-29,funabashi,1,10,三連複,3-5-11,2102.6,2102.6,180,https://www.keiba.go.jp/KeibaWeb/TodayRaceInfo/Odds3LenFuku?k_babaCode=19&k_raceDate=2026%2F09%2F29&k_raceNo=1
2026-09-29 14:20:20,14:19,2026-09-29,funabashi,1,10,三連複,3-5-12,31539.6,31539.6,219,https://www.keiba.go.jp/KeibaWeb/TodayRaceInfo/Odds3LenFuku?k_babaCode=19&k_raceDate=2026%2F09%2F29&k_raceNo=1
2026-09-29 14:20:20,14:19,2026-09-29,funabashi,1,10,三連複,3-5-6,852.4,852.4,138,https://www.keiba.go.jp/KeibaWeb/TodayRaceInfo/Odds3LenFuku?k_babaCode=19&k_raceDate=2026%2F09%2F29&k_raceNo=1
2026-09-29 14:20:20,14:19,2026-09-29,funabashi,1,10,三連複,3-5-7,1576.9,1576.9,156,https://www.keiba.go.jp/KeibaWeb/TodayRaceInfo/Odds3LenFuku?k_babaCode=19&k_raceDate=2026%2F09%2F29&k_raceNo=1
2026-09-29 14:20:20,14:19,2026-09-29,funabashi,1,10,三連複,3-5-8,358.4,358.4,86,https://www.keiba.go.jp/KeibaWeb/TodayRaceInfo/Odds3LenFuku?k_babaCode=19&k_raceDate=2026%2F09%2F29&k_raceNo=1
2026-09-29 14:20:20,14:19,2026-09-29,funabashi,1,10,三連複,3-5-9,1971.2,1971.2,174,https://www.keiba.go.jp/KeibaWeb/TodayRaceInfo/Odds3LenFuku?k_babaCode=19&k_raceDate=2026%2F09%2F29&k_raceNo=1
2026-09-29 14:20:20,14:19,2026-09-29,funabashi,1,10,三連複,3-6-10,2102.6,2102.6,180,https://www.keiba.go.jp/KeibaWeb/TodayRaceInfo/Odds3LenFuku?k_babaCode=19&k_raceDate=2026%2F09%2F29&k_raceNo=1
2026-09-29 14:20:20,14:19,2026-09-29,funabashi,1,10,三連複,3-6-11,1126.4,1126.4,147,https://www.keiba.go.jp/KeibaWeb/TodayRaceInfo/Odds3LenFuku?k_babaCode=19&k_raceDate=2026%2F09%2F29&k_raceNo=1
2026-09-29 14:20:20,14:19,2026-09-29,funabashi,1,10,三連複,3-6-12,6307.9,6307.9,214,https://www.keiba.go.jp/KeibaWeb/TodayRaceInfo/Odds3LenFuku?k_babaCode=19&k_raceDate=2026%2F09%2F29&k_raceNo=1
2026-09-29 14:20:20,14:19,2026-09-29,funabashi,1,10,三連複,3-6-7,685.6,685.6,131,https://www.keiba.go.jp/KeibaWeb/TodayRaceInfo/Odds3LenFuku?k_babaCode=19&k_raceDate=2026%2F09%2F29&k_raceNo=1
2026-09-29 14:20:20,14:19,2026-09-29,funabashi,1,10,三連複,3-6-8,256.4,256.4,61,https://www.keiba.go.jp/KeibaWeb/TodayRaceInfo/Odds3LenFuku?k_babaCode=19&k_raceDate=2026%2F09%2F29&k_raceNo=1
2026-09-29 14:20:20,14:19,2026-09-29,funabashi,1,10,三連複,3-6-9,563.2,563.2,118,https://www.keiba.go.jp/KeibaWeb/TodayRaceInfo/Odds3LenFuku?k_babaCode=19&k_raceDate=2026%2F09%2F29&k_raceNo=1
2026-09-29 14:20:20,14:19,2026-09-29,funabashi,1,10,三連複,3-7-10,3153.9,3153.9,202,https://www.keiba.go.jp/KeibaWeb/TodayRaceInfo/Odds3LenFuku?k_babaCode=19&k_raceDate=2026%2F09%2F29&k_raceNo=1
2026-09-29 14:20:20,14:19,2026-09-29,funabashi,1,10,三連複,3-7-11,1855.2,1855.2,171,https://www.keiba.go.jp/KeibaWeb/TodayRaceInfo/Odds3LenFuku?k_babaCode=19&k_raceDate=2026%2F09%2F29&k_raceNo=1
2026-09-29 14:20:20,14:19,2026-09-29,funabashi,1,10,三連複,3-7-12,3942.4,3942.4,209,https://www.keiba.go.jp/KeibaWeb/TodayRaceInfo/Odds3LenFuku?k_babaCode=19&k_raceDate=2026%2F09%2F29&k_raceNo=1
2026-09-29 14:20:20,14:19,2026-09-29,funabashi,1,10,三連複,3-7-8,335.5,335.5,83,https://www.keiba.go.jp/KeibaWeb/TodayRaceInfo/Odds3LenFuku?k_babaCode=19&k_raceDate=2026%2F09%2F29&k_raceNo=1
2026-09-29 14:20:20,14:19,2026-09-29,funabashi,1,10,三連複,3-7-9,618.4,618.4,126,https://www.keiba.go.jp/KeibaWeb/TodayRaceInfo/Odds3LenFuku?k_babaCode=19&k_raceDate=2026%2F09%2F29&k_raceNo=1
2026-09-29 14:20:20,14:19,2026-09-29,funabashi,1,10,三連複,3-8-10,584.0,584.0,122,https://www.keiba.go.jp/KeibaWeb/TodayRaceInfo/Odds3LenFuku?k_babaCode=19&k_raceDate=2026%2F09%2F29&k_raceNo=1
2026-09-29 14:20:20,14:19,2026-09-29,funabashi,1,10,三連複,3-8-11,292.0,292.0,70,https://www.keiba.go.jp/KeibaWeb/TodayRaceInfo/Odds3LenFuku?k_babaCode=19&k_raceDate=2026%2F09%2F29&k_raceNo=1
2026-09-29 14:20:20,14:19,2026-09-29,funabashi,1,10,三連複,3-8-12,1971.2,1971.2,174,https://www.keiba.go.jp/KeibaWeb/TodayRaceInfo/Odds3LenFuku?k_babaCode=19&k_raceDate=2026%2F09%2F29&k_raceNo=1
2026-09-29 14:20:20,14:19,2026-09-29,funabashi,1,10,三連複,3-8-9,312.2,312.2,76,https://www.keiba.go.jp/KeibaWeb/TodayRaceInfo/Odds3LenFuku?k_babaCode=19&k_raceDate=2026%2F09%2F29&k_raceNo=1
2026-09-29 14:20:20,14:19,2026-09-29,funabashi,1,10,三連複,3-9-10,1576.9,1576.9,156,https://www.keiba.go.jp/KeibaWeb/TodayRaceInfo/Odds3LenFuku?k_babaCode=19&k_raceDate=2026%2F09%2F29&k_raceNo=1
2026-09-29 14:20:20,14:19,2026-09-29,funabashi,1,10,三連複,3-9-11,1501.8,1501.8,155,https://www.keiba.go.jp/KeibaWeb/TodayRaceInfo/Odds3LenFuku?k_babaCode=19&k_raceDate=2026%2F09%2F29&k_raceNo=1
2026-09-29 14:20:20,14:19,2026-09-29,funabashi,1,10,三連複,3-9-12,6307.9,6307.9,214,https://www.keiba.go.jp/KeibaWeb/TodayRaceInfo/Odds3LenFuku?k_babaCode=19&k_raceDate=2026%2F09%2F29&k_raceNo=1
2026-09-29 14:20:20,14:19,2026-09-29,funabashi,1,10,三連複,4-10-11,389.3,389.3,93,https://www.keiba.go.jp/KeibaWeb/TodayRaceInfo/Odds3LenFuku?k_babaCode=19&k_raceDate=2026%2F09%2F29&k_raceNo=1
2026-09-29 14:20:20,14:19,2026-09-29,funabashi,1,10,三連複,4-10-12,1971.2,1971.2,174,https://www.keiba.go.jp/KeibaWeb/TodayRaceInfo/Odds3LenFuku?k_babaCode=19&k_raceDate=2026%2F09%2F29&k_raceNo=1
2026-09-29 14:20:20,14:19,2026-09-29,funabashi,1,10,三連複,4-11-12,1752.2,1752.2,167,https://www.keiba.go.jp/KeibaWeb/TodayRaceInfo/Odds3LenFuku?k_babaCode=19&k_raceDate=2026%2F09%2F29&k_raceNo=1
2026-09-29 14:20:20,14:19,2026-09-29,funabashi,1,10,三連複,4-5-10,685.6,685.6,131,https://www.keiba.go.jp/KeibaWeb/TodayRaceInfo/Odds3LenFuku?k_babaCode=19&k_raceDate=2026%2F09%2F29&k_raceNo=1
2026-09-29 14:20:20,14:19,2026-09-29,funabashi,1,10,三連複,4-5-11,267.2,267.2,63,https://www.keiba.go.jp/KeibaWeb/TodayRaceInfo/Odds3LenFuku?k_babaCode=19&k_raceDate=2026%2F09%2F29&k_raceNo=1
2026-09-29 14:20:20,14:19,2026-09-29,funabashi,1,10,三連複,4-5-12,3504.4,3504.4,205,https://www.keiba.go.jp/KeibaWeb/TodayRaceInfo/Odds3LenFuku?k_babaCode=19&k_raceDate=2026%2F09%2F29&k_raceNo=1
2026-09-29 14:20:20,14:19,2026-09-29,funabashi,1,10,三連複,4-5-6,143.3,143.3,41,https://www.keiba.go.jp/KeibaWeb/TodayRaceInfo/Odds3LenFuku?k_babaCode=19&k_raceDate=2026%2F09%2F29&k_raceNo=1
2026-09-29 14:20:20,14:19,2026-09-29,funabashi,1,10,三連複,4-5-7,198.3,198.3,50,https://www.keiba.go.jp/KeibaWeb/TodayRaceInfo/Odds3LenFuku?k_babaCode=19&k_raceDate=2026%2F09%2F29&k_raceNo=1
2026-09-29 14:20:20,14:19,2026-09-29,funabashi,1,10,三連複,4-5-8,31.9,31.9,13,https://www.keiba.go.jp/KeibaWeb/TodayRaceInfo/Odds3LenFuku?k_babaCode=19&k_raceDate=2026%2F09%2F29&k_raceNo=1
2026-09-29 14:20:20,14:19,2026-09-29,funabashi,1,10,三連複,4-5-9,315.3,315.3,77,https://www.keiba.go.jp/KeibaWeb/TodayRaceInfo/Odds3LenFuku?k_babaCode=19&k_raceDate=2026%2F09%2F29&k_raceNo=1
2026-09-29 14:20:20,14:19,2026-09-29,funabashi,1,10,三連複,4-6-10,328.5,328.5,81,https://www.keiba.go.jp/KeibaWeb/TodayRaceInfo/Odds3LenFuku?k_babaCode=19&k_raceDate=2026%2F09%2F29&k_raceNo=1
2026-09-29 14:20:20,14:19,2026-09-29,funabashi,1,10,三連複,4-6-11,143.3,143.3,41,https://www.keiba.go.jp/KeibaWeb/TodayRaceInfo/Odds3LenFuku?k_babaCode=19&k_raceDate=2026%2F09%2F29&k_raceNo=1
2026-09-29 14:20:20,14:19,2026-09-29,funabashi,1,10,三連複,4-6-12,1261.5,1261.5,151,https://www.keiba.go.jp/KeibaWeb/TodayRaceInfo/Odds3LenFuku?k_babaCode=19&k_raceDate=2026%2F09%2F29&k_raceNo=1
2026-09-29 14:20:20,14:19,2026-09-29,funabashi,1,10,三連複,4-6-7,98.8,98.8,33,https://www.keiba.go.jp/KeibaWeb/TodayRaceInfo/Odds3LenFuku?k_babaCode=19&k_raceDate=2026%2F09%2F29&k_raceNo=1
2026-09-29 14:20:20,14:19,2026-09-29,funabashi,1,10,三連複,4-6-8,21.4,21.4,4,https://www.keiba.go.jp/KeibaWeb/TodayRaceInfo/Odds3LenFuku?k_babaCode=19&k_raceDate=2026%2F09%2F29&k_raceNo=1
2026-09-29 14:20:20,14:19,2026-09-29,funabashi,1,10,三連複,4-6-9,219.0,219.0,56,https://www.keiba.go.jp/KeibaWeb/TodayRaceInfo/Odds3LenFuku?k_babaCode=19&k_raceDate=2026%2F09%2F29&k_raceNo=1
2026-09-29 14:20:20,14:19,2026-09-29,funabashi,1,10,三連複,4-7-10,492.8,492.8,110,https://www.keiba.go.jp/KeibaWeb/TodayRaceInfo/Odds3LenFuku?k_babaCode=19&k_raceDate=2026%2F09%2F29&k_raceNo=1
2026-09-29 14:20:20,14:19,2026-09-29,funabashi,1,10,三連複,4-7-11,148.0,148.0,43,https://www.keiba.go.jp/KeibaWeb/TodayRaceInfo/Odds3LenFuku?k_babaCode=19&k_raceDate=2026%2F09%2F29&k_raceNo=1
2026-09-29 14:20:20,14:19,2026-09-29,funabashi,1,10,三連複,4-7-12,1371.2,1371.2,152,https://www.keiba.go.jp/KeibaWeb/TodayRaceInfo/Odds3LenFuku?k_babaCode=19&k_raceDate=2026%2F09%2F29&k_raceNo=1
2026-09-29 14:20:20,14:19,2026-09-29,funabashi,1,10,三連複,4-7-8,33.4,33.4,16,https://www.keiba.go.jp/KeibaWeb/TodayRaceInfo/Odds3LenFuku?k_babaCode=19&k_raceDate=2026%2F09%2F29&k_raceNo=1
2026-09-29 14:20:20,14:19,2026-09-29,funabashi,1,10,三連複,4-7-9,211.6,211.6,53,https://www.keiba.go.jp/KeibaWeb/TodayRaceInfo/Odds3LenFuku?k_babaCode=19&k_raceDate=2026%2F09%2F29&k_raceNo=1
2026-09-29 14:20:20,14:19,2026-09-29,funabashi,1,10,三連複,4-8-10,65.2,65.2,27,https://www.keiba.go.jp/KeibaWeb/TodayRaceInfo/Odds3LenFuku?k_babaCode=19&k_raceDate=2026%2F09%2F29&k_raceNo=1
2026-09-29 14:20:20,14:19,2026-09-29,funabashi,1,10,三連複,4-8-11,28.8,28.8,11,https://www.keiba.go.jp/KeibaWeb/TodayRaceInfo/Odds3LenFuku?k_babaCode=19&k_raceDate=2026%2F09%2F29&k_raceNo=1
2026-09-29 14:20:20,14:19,2026-09-29,funabashi,1,10,三連複,4-8-12,384.6,384.6,89,https://www.keiba.go.jp/KeibaWeb/TodayRaceInfo/Odds3LenFuku?k_babaCode=19&k_raceDate=2026%2F09%2F29&k_raceNo=1
2026-09-29 14:20:20,14:19,2026-09-29,funabashi,1,10,三連複,4-8-9,44.4,44.4,22,https://www.keiba.go.jp/KeibaWeb/TodayRaceInfo/Odds3LenFuku?k_babaCode=19&k_raceDate=2026%2F09%2F29&k_raceNo=1
2026-09-29 14:20:20,14:19,2026-09-29,funabashi,1,10,三連複,4-9-10,671.0,671.0,129,https://www.keiba.go.jp/KeibaWeb/TodayRaceInfo/Odds3LenFuku?k_babaCode=19&k_raceDate=2026%2F09%2F29&k_raceNo=1
2026-09-29 14:20:20,14:19,2026-09-29,funabashi,1,10,三連複,4-9-11,271.8,271.8,65,https://www.keiba.go.jp/KeibaWeb/TodayRaceInfo/Odds3LenFuku?k_babaCode=19&k_raceDate=2026%2F09%2F29&k_raceNo=1
2026-09-29 14:20:20,14:19,2026-09-29,funabashi,1,10,三連複,4-9-12,2252.8,2252.8,187,https://www.keiba.go.jp/KeibaWeb/TodayRaceInfo/Odds3LenFuku?k_babaCode=19&k_raceDate=2026%2F09%2F29&k_raceNo=1
2026-09-29 14:20:20,14:19,2026-09-29,funabashi,1,10,三連複,5-10-11,470.7,470.7,107,https://www.keiba.go.jp/KeibaWeb/TodayRaceInfo/Odds3LenFuku?k_babaCode=19&k_raceDate=2026%2F09%2F29&k_raceNo=1
2026-09-29 14:20:20,14:19,2026-09-29,funabashi,1,10,三連複,5-10-12,3504.4,3504.4,205,https://www.keiba.go.jp/KeibaWeb/TodayRaceInfo/Odds3LenFuku?k_babaCode=19&k_raceDate=2026%2F09%2F29&k_raceNo=1
2026-09-29 14:20:20,14:19,2026-09-29,funabashi,1,10,三連複,5-11-12,2252.8,2252.8,187,https://www.keiba.go.jp/KeibaWeb/TodayRaceInfo/Odds3LenFuku?k_babaCode=19&k_raceDate=2026%2F09%2F29&k_raceNo=1
2026-09-29 14:20:20,14:19,2026-09-29,funabashi,1,10,三連複,5-6-10,354.3,354.3,84,https://www.keiba.go.jp/KeibaWeb/TodayRaceInfo/Odds3LenFuku?k_babaCode=19&k_raceDate=2026%2F09%2F29&k_raceNo=1
2026-09-29 14:20:20,14:19,2026-09-29,funabashi,1,10,三連複,5-6-11,166.8,166.8,46,https://www.keiba.go.jp/KeibaWeb/TodayRaceInfo/Odds3LenFuku?k_babaCode=19&k_raceDate=2026%2F09%2F29&k_raceNo=1
2026-09-29 14:20:20,14:19,2026-09-29,funabashi,1,10,三連複,5-6-12,2102.6,2102.6,180,https://www.keiba.go.jp/KeibaWeb/TodayRaceInfo/Odds3LenFuku?k_babaCode=19&k_raceDate=2026%2F09%2F29&k_raceNo=1
2026-09-29 14:20:20,14:19,2026-09-29,funabashi,1,10,三連複,5-6-7,170.4,170.4,47,https://www.keiba.go.jp/KeibaWeb/TodayRaceInfo/Odds3LenFuku?k_babaCode=19&k_raceDate=2026%2F09%2F29&k_raceNo=1
2026-09-29 14:20:20,14:19,2026-09-29,funabashi,1,10,三連複,5-6-8,25.5,25.5,9,https://www.keiba.go.jp/KeibaWeb/TodayRaceInfo/Odds3LenFuku?k_babaCode=19&k_raceDate=2026%2F09%2F29&k_raceNo=1
2026-09-29 14:20:20,14:19,2026-09-29,funabashi,1,10,三連複,5-6-9,292.0,292.0,70,https://www.keiba.go.jp/KeibaWeb/TodayRaceInfo/Odds3LenFuku?k_babaCode=19&k_raceDate=2026%2F09%2F29&k_raceNo=1
2026-09-29 14:20:20,14:19,2026-09-29,funabashi,1,10,三連複,5-7-10,420.5,420.5,96,https://www.keiba.go.jp/KeibaWeb/TodayRaceInfo/Odds3LenFuku?k_babaCode=19&k_raceDate=2026%2F09%2F29&k_raceNo=1
2026-09-29 14:20:20,14:19,2026-09-29,funabashi,1,10,三連複,5-7-11,230.2,230.2,58,https://www.keiba.go.jp/KeibaWeb/TodayRaceInfo/Odds3LenFuku?k_babaCode=19&k_raceDate=2026%2F09%2F29&k_raceNo=1
2026-09-29 14:20:20,14:19,2026-09-29,funabashi,1,10,三連複,5-7-12,2426.1,2426.1,190,https://www.keiba.go.jp/KeibaWeb/TodayRaceInfo/Odds3LenFuku?k_babaCode=19&k_raceDate=2026%2F09%2F29&k_raceNo=1
2026-09-29 14:20:20,14:19,2026-09-29,funabashi,1,10,三連複,5-7-8,51.0,51.0,26,https://www.keiba.go.jp/KeibaWeb/TodayRaceInfo/Odds3LenFuku?k_babaCode=19&k_raceDate=2026%2F09%2F29&k_raceNo=1
2026-09-29 14:20:20,14:19,2026-09-29,funabashi,1,10,三連複,5-7-9,438.0,438.0,100,https://www.keiba.go.jp/KeibaWeb/TodayRaceInfo/Odds3LenFuku?k_babaCode=19&k_raceDate=2026%2F09%2F29&k_raceNo=1
2026-09-29 14:20:20,14:19,2026-09-29,funabashi,1,10,三連複,5-8-10,49.9,49.9,25,https://www.keiba.go.jp/KeibaWeb/TodayRaceInfo/Odds3LenFuku?k_babaCode=19&k_raceDate=2026%2F09%2F29&k_raceNo=1
2026-09-29 14:20:20,14:19,2026-09-29,funabashi,1,10,三連複,5-8-11,27.4,27.4,10,https://www.keiba.go.jp/KeibaWeb/TodayRaceInfo/Odds3LenFuku?k_babaCode=19&k_raceDate=2026%2F09%2F29&k_raceNo=1
2026-09-29 14:20:20,14:19,2026-09-29,funabashi,1,10,三連複,5-8-12,463.8,463.8,106,https://www.keiba.go.jp/KeibaWeb/TodayRaceInfo/Odds3LenFuku?k_babaCode=19&k_raceDate=2026%2F09%2F29&k_raceNo=1
2026-09-29 14:20:20,14:19,2026-09-29,funabashi,1,10,三連複,5-8-9,38.3,38.3,19,https://www.keiba.go.jp/KeibaWeb/TodayRaceInfo/Odds3LenFuku?k_babaCode=19&k_raceDate=2026%2F09%2F29&k_raceNo=1
2026-09-29 14:20:20,14:19,2026-09-29,funabashi,1,10,三連複,5-9-10,606.5,606.5,124,https://www.keiba.go.jp/KeibaWeb/TodayRaceInfo/Odds3LenFuku?k_babaCode=19&k_raceDate=2026%2F09%2F29&k_raceNo=1
2026-09-29 14:20:20,14:19,2026-09-29,funabashi,1,10,三連複,5-9-11,321.8,321.8,79,https://www.keiba.go.jp/KeibaWeb/TodayRaceInfo/Odds3LenFuku?k_babaCode=19&k_raceDate=2026%2F09%2F29&k_raceNo=1
2026-09-29 14:20:20,14:19,2026-09-29,funabashi,1,10,三連複,5-9-12,4505.6,4505.6,210,https://www.keiba.go.jp/KeibaWeb/TodayRaceInfo/Odds3LenFuku?k_babaCode=19&k_raceDate=2026%2F09%2F29&k_raceNo=1
2026-09-29 14:20:20,14:19,2026-09-29,funabashi,1,10,三連複,6-10-11,213.1,213.1,55,https://www.keiba.go.jp/KeibaWeb/TodayRaceInfo/Odds3LenFuku?k_babaCode=19&k_raceDate=2026%2F09%2F29&k_raceNo=1
2026-09-29 14:20:20,14:19,2026-09-29,funabashi,1,10,三連複,6-10-12,1576.9,1576.9,156,https://www.keiba.go.jp/KeibaWeb/TodayRaceInfo/Odds3LenFuku?k_babaCode=19&k_raceDate=2026%2F09%2F29&k_raceNo=1
2026-09-29 14:20:20,14:19,2026-09-29,funabashi,1,10,三連複,6-11-12,852.4,852.4,138,https://www.keiba.go.jp/KeibaWeb/TodayRaceInfo/Odds3LenFuku?k_babaCode=19&k_raceDate=2026%2F09%2F29&k_raceNo=1
2026-09-29 14:20:20,14:19,2026-09-29,funabashi,1,10,三連複,6-7-10,331.9,331.9,82,https://www.keiba.go.jp/KeibaWeb/TodayRaceInfo/Odds3LenFuku?k_babaCode=19&k_raceDate=2026%2F09%2F29&k_raceNo=1
2026-09-29 14:20:20,14:19,2026-09-29,funabashi,1,10,三連複,6-7-11,106.5,106.5,36,https://www.keiba.go.jp/KeibaWeb/TodayRaceInfo/Odds3LenFuku?k_babaCode=19&k_raceDate=2026%2F09%2F29&k_raceNo=1
2026-09-29 14:20:20,14:19,2026-09-29,funabashi,1,10,三連複,6-7-12,1168.1,1168.1,149,https://www.keiba.go.jp/KeibaWeb/TodayRaceInfo/Odds3LenFuku?k_babaCode=19&k_raceDate=2026%2F09%2F29&k_raceNo=1
2026-09-29 14:20:20,14:19,2026-09-29,funabashi,1,10,三連複,6-7-8,15.3,15.3,2,https://www.keiba.go.jp/KeibaWeb/TodayRaceInfo/Odds3LenFuku?k_babaCode=19&k_raceDate=2026%2F09%2F29&k_raceNo=1
2026-09-29 14:20:20,14:19,2026-09-29,funabashi,1,10,三連複,6-7-9,135.9,135.9,39,https://www.keiba.go.jp/KeibaWeb/TodayRaceInfo/Odds3LenFuku?k_babaCode=19&k_raceDate=2026%2F09%2F29&k_raceNo=1
2026-09-29 14:20:20,14:19,2026-09-29,funabashi,1,10,三連複,6-8-10,37.7,37.7,18,https://www.keiba.go.jp/KeibaWeb/TodayRaceInfo/Odds3LenFuku?k_babaCode=19&k_raceDate=2026%2F09%2F29&k_raceNo=1
2026-09-29 14:20:20,14:19,2026-09-29,funabashi,1,10,三連複,6-8-11,15.2,15.2,1,https://www.keiba.go.jp/KeibaWeb/TodayRaceInfo/Odds3LenFuku?k_babaCode=19&k_raceDate=2026%2F09%2F29&k_raceNo=1
2026-09-29 14:20:20,14:19,2026-09-29,funabashi,1,10,三連複,6-8-12,300.3,300.3,72,https://www.keiba.go.jp/KeibaWeb/TodayRaceInfo/Odds3LenFuku?k_babaCode=19&k_raceDate=2026%2F09%2F29&k_raceNo=1
2026-09-29 14:20:20,14:19,2026-09-29,funabashi,1,10,三連複,6-8-9,21.6,21.6,5,https://www.keiba.go.jp/KeibaWeb/TodayRaceInfo/Odds3LenFuku?k_babaCode=19&k_raceDate=2026%2F09%2F29&k_raceNo=1
2026-09-29 14:20:20,14:19,2026-09-29,funabashi,1,10,三連複,6-9-10,309.2,309.2,74,https://www.keiba.go.jp/KeibaWeb/TodayRaceInfo/Odds3LenFuku?k_babaCode=19&k_raceDate=2026%2F09%2F29&k_raceNo=1
2026-09-29 14:20:20,14:19,2026-09-29,funabashi,1,10,三連複,6-9-11,150.9,150.9,44,https://www.keiba.go.jp/KeibaWeb/TodayRaceInfo/Odds3LenFuku?k_babaCode=19&k_raceDate=2026%2F09%2F29&k_raceNo=1
2026-09-29 14:20:20,14:19,2026-09-29,funabashi,1,10,三連複,6-9-12,1659.9,1659.9,164,https://www.keiba.go.jp/KeibaWeb/TodayRaceInfo/Odds3LenFuku?k_babaCode=19&k_raceDate=2026%2F09%2F29&k_raceNo=1
2026-09-29 14:20:20,14:19,2026-09-29,funabashi,1,10,三連複,7-10-11,384.6,384.6,89,https://www.keiba.go.jp/KeibaWeb/TodayRaceInfo/Odds3LenFuku?k_babaCode=19&k_raceDate=2026%2F09%2F29&k_raceNo=1
2026-09-29 14:20:20,14:19,2026-09-29,funabashi,1,10,三連複,7-10-12,2102.6,2102.6,180,https://www.keiba.go.jp/KeibaWeb/TodayRaceInfo/Odds3LenFuku?k_babaCode=19&k_raceDate=2026%2F09%2F29&k_raceNo=1
2026-09-29 14:20:20,14:19,2026-09-29,funabashi,1,10,三連複,7-11-12,1659.9,1659.9,164,https://www.keiba.go.jp/KeibaWeb/TodayRaceInfo/Odds3LenFuku?k_babaCode=19&k_raceDate=2026%2F09%2F29&k_raceNo=1
2026-09-29 14:20:20,14:19,2026-09-29,funabashi,1,10,三連複,7-8-10,69.6,69.6,29,https://www.keiba.go.jp/KeibaWeb/TodayRaceInfo/Odds3LenFuku?k_babaCode=19&k_raceDate=2026%2F09%2F29&k_raceNo=1
2026-09-29 14:20:20,14:19,2026-09-29,funabashi,1,10,三連複,7-8-11,25.1,25.1,7,https://www.keiba.go.jp/KeibaWeb/TodayRaceInfo/Odds3LenFuku?k_babaCode=19&k_raceDate=2026%2F09%2F29&k_raceNo=1
2026-09-29 14:20:20,14:19,2026-09-29,funabashi,1,10,三連複,7-8-12,525.6,525.6,113,https://www.keiba.go.jp/KeibaWeb/TodayRaceInfo/Odds3LenFuku?k_babaCode=19&k_raceDate=2026%2F09%2F29&k_raceNo=1
2026-09-29 14:20:20,14:19,2026-09-29,funabashi,1,10,三連複,7-8-9,33.4,33.4,15,https://www.keiba.go.jp/KeibaWeb/TodayRaceInfo/Odds3LenFuku?k_babaCode=19&k_raceDate=2026%2F09%2F29&k_raceNo=1
2026-09-29 14:20:20,14:19,2026-09-29,funabashi,1,10,三連複,7-9-10,394.2,394.2,94,https://www.keiba.go.jp/KeibaWeb/TodayRaceInfo/Odds3LenFuku?k_babaCode=19&k_raceDate=2026%2F09%2F29&k_raceNo=1
2026-09-29 14:20:20,14:19,2026-09-29,funabashi,1,10,三連複,7-9-11,211.6,211.6,53,https://www.keiba.go.jp/KeibaWeb/TodayRaceInfo/Odds3LenFuku?k_babaCode=19&k_raceDate=2026%2F09%2F29&k_raceNo=1
2026-09-29 14:20:20,14:19,2026-09-29,funabashi,1,10,三連複,7-9-12,1576.9,1576.9,156,https://www.keiba.go.jp/KeibaWeb/TodayRaceInfo/Odds3LenFuku?k_babaCode=19&k_raceDate=2026%2F09%2F29&k_raceNo=1
2026-09-29 14:20:20,14:19,2026-09-29,funabashi,1,10,三連複,8-10-11,32.9,32.9,14,https://www.keiba.go.jp/KeibaWeb/TodayRaceInfo/Odds3LenFuku?k_babaCode=19&k_raceDate=2026%2F09%2F29&k_raceNo=1
2026-09-29 14:20:20,14:19,2026-09-29,funabashi,1,10,三連複,8-10-12,477.8,477.8,108,https://www.keiba.go.jp/KeibaWeb/TodayRaceInfo/Odds3LenFuku?k_babaCode=19&k_raceDate=2026%2F09%2F29&k_raceNo=1
2026-09-29 14:20:20,14:19,2026-09-29,funabashi,1,10,三連複,8-11-12,325.1,325.1,80,https://www.keiba.go.jp/KeibaWeb/TodayRaceInfo/Odds3LenFuku?k_babaCode=19&k_raceDate=2026%2F09%2F29&k_raceNo=1
2026-09-29 14:20:20,14:19,2026-09-29,funabashi,1,10,三連複,8-9-10,46.9,46.9,24,https://www.keiba.go.jp/KeibaWeb/TodayRaceInfo/Odds3LenFuku?k_babaCode=19&k_raceDate=2026%2F09%2F29&k_raceNo=1
2026-09-29 14:20:20,14:19,2026-09-29,funabashi,1,10,三連複,8-9-11,22.8,22.8,6,https://www.keiba.go.jp/KeibaWeb/TodayRaceInfo/Odds3LenFuku?k_babaCode=19&k_raceDate=2026%2F09%2F29&k_raceNo=1
2026-09-29 14:20:20,14:19,2026-09-29,funabashi,1,10,三連複,8-9-12,450.5,450.5,103,https://www.keiba.go.jp/KeibaWeb/TodayRaceInfo/Odds3LenFuku?k_babaCode=19&k_raceDate=2026%2F09%2F29&k_raceNo=1
2026-09-29 14:20:20,14:19,2026-09-29,funabashi,1,10,三連複,9-10-11,248.3,248.3,59,https://www.keiba.go.jp/KeibaWeb/TodayRaceInfo/Odds3LenFuku?k_babaCode=19&k_raceDate=2026%2F09%2F29&k_raceNo=1
2026-09-29 14:20:20,14:19,2026-09-29,funabashi,1,10,三連複,9-10-12,2426.1,2426.1,190,https://www.keiba.go.jp/KeibaWeb/TodayRaceInfo/Odds3LenFuku?k_babaCode=19&k_raceDate=2026%2F09%2F29&k_raceNo=1
2026-09-29 14:20:20,14:19,2026-09-29,funabashi,1,10,三連複,9-11-12,1126.4,1126.4,147,https://www.keiba.go.jp/KeibaWeb/TodayRaceInfo/Odds3LenFuku?k_babaCode=19&k_raceDate=2026%2F09%2F29&k_raceNo=1
2026-09-29 14:20:20,14:19,2026-09-29,funabashi,1,10,馬連,1-10,215.5,215.5,45,https://www.keiba.go.jp/KeibaWeb/TodayRaceInfo/OddsUmLenFuku?k_babaCode=19&k_raceDate=2026%2F09%2F29&k_raceNo=1
2026-09-29 14:20:20,14:19,2026-09-29,funabashi,1,10,馬連,1-11,98.7,98.7,31,https://www.keiba.go.jp/KeibaWeb/TodayRaceInfo/OddsUmLenFuku?k_babaCode=19&k_raceDate=2026%2F09%2F29&k_raceNo=1
2026-09-29 14:20:20,14:19,2026-09-29,funabashi,1,10,馬連,1-12,1693.5,1693.5,66,https://www.keiba.go.jp/KeibaWeb/TodayRaceInfo/OddsUmLenFuku?k_babaCode=19&k_raceDate=2026%2F09%2F29&k_raceNo=1
2026-09-29 14:20:20,14:19,2026-09-29,funabashi,1,10,馬連,1-2,246.9,246.9,46,https://www.keiba.go.jp/KeibaWeb/TodayRaceInfo/OddsUmLenFuku?k_babaCode=19&k_raceDate=2026%2F09%2F29&k_raceNo=1
2026-09-29 14:20:20,14:19,2026-09-29,funabashi,1,10,馬連,1-3,370.4,370.4,50,https://www.keiba.go.jp/KeibaWeb/TodayRaceInfo/OddsUmLenFuku?k_babaCode=19&k_raceDate=2026%2F09%2F29&k_raceNo=1
2026-09-29 14:20:20,14:19,2026-09-29,funabashi,1,10,馬連,1-4,113.9,113.9,36,https://www.keiba.go.jp/KeibaWeb/TodayRaceInfo/OddsUmLenFuku?k_babaCode=19&k_raceDate=2026%2F09%2F29&k_raceNo=1
2026-09-29 14:20:20,14:19,2026-09-29,funabashi,1,10,馬連,1-5,164.6,164.6,44,https://www.keiba.go.jp/KeibaWeb/TodayRaceInfo/OddsUmLenFuku?k_babaCode=19&k_raceDate=2026%2F09%2F29&k_raceNo=1
2026-09-29 14:20:20,14:19,2026-09-29,funabashi,1,10,馬連,1-6,120.9,120.9,37,https://www.keiba.go.jp/KeibaWeb/TodayRaceInfo/OddsUmLenFuku?k_babaCode=19&k_raceDate=2026%2F09%2F29&k_raceNo=1
2026-09-29 14:20:20,14:19,2026-09-29,funabashi,1,10,馬連,1-7,153.9,153.9,43,https://www.keiba.go.jp/KeibaWeb/TodayRaceInfo/OddsUmLenFuku?k_babaCode=19&k_raceDate=2026%2F09%2F29&k_raceNo=1
2026-09-29 14:20:20,14:19,2026-09-29,funabashi,1,10,馬連,1-8,25.9,25.9,9,https://www.keiba.go.jp/KeibaWeb/TodayRaceInfo/OddsUmLenFuku?k_babaCode=19&k_raceDate=2026%2F09%2F29&k_raceNo=1
2026-09-29 14:20:20,14:19,2026-09-29,funabashi,1,10,馬連,1-9,106.7,106.7,35,https://www.keiba.go.jp/KeibaWeb/TodayRaceInfo/OddsUmLenFuku?k_babaCode=19&k_raceDate=2026%2F09%2F29&k_raceNo=1
2026-09-29 14:20:20,14:19,2026-09-29,funabashi,1,10,馬連,10-11,92.6,92.6,26,https://www.keiba.go.jp/KeibaWeb/TodayRaceInfo/OddsUmLenFuku?k_babaCode=19&k_raceDate=2026%2F09%2F29&k_raceNo=1
2026-09-29 14:20:20,14:19,2026-09-29,funabashi,1,10,馬連,10-12,790.3,790.3,62,https://www.keiba.go.jp/KeibaWeb/TodayRaceInfo/OddsUmLenFuku?k_babaCode=19&k_raceDate=2026%2F09%2F29&k_raceNo=1
2026-09-29 14:20:20,14:19,2026-09-29,funabashi,1,10,馬連,11-12,439.0,439.0,53,https://www.keiba.go.jp/KeibaWeb/TodayRaceInfo/OddsUmLenFuku?k_babaCode=19&k_raceDate=2026%2F09%2F29&k_raceNo=1
2026-09-29 14:20:20,14:19,2026-09-29,funabashi,1,10,馬連,2-10,126.1,126.1,38,https://www.keiba.go.jp/KeibaWeb/TodayRaceInfo/OddsUmLenFuku?k_babaCode=19&k_raceDate=2026%2F09%2F29&k_raceNo=1
2026-09-29 14:20:20,14:19,2026-09-29,funabashi,1,10,馬連,2-11,84.0,84.0,23,https://www.keiba.go.jp/KeibaWeb/TodayRaceInfo/OddsUmLenFuku?k_babaCode=19&k_raceDate=2026%2F09%2F29&k_raceNo=1
2026-09-29 14:20:20,14:19,2026-09-29,funabashi,1,10,馬連,2-12,1317.1,1317.1,64,https://www.keiba.go.jp/KeibaWeb/TodayRaceInfo/OddsUmLenFuku?k_babaCode=19&k_raceDate=2026%2F09%2F29&k_raceNo=1
2026-09-29 14:20:20,14:19,2026-09-29,funabashi,1,10,馬連,2-3,515.4,515.4,57,https://www.keiba.go.jp/KeibaWeb/TodayRaceInfo/OddsUmLenFuku?k_babaCode=19&k_raceDate=2026%2F09%2F29&k_raceNo=1
2026-09-29 14:20:20,14:19,2026-09-29,funabashi,1,10,馬連,2-4,102.1,102.1,33,https://www.keiba.go.jp/KeibaWeb/TodayRaceInfo/OddsUmLenFuku?k_babaCode=19&k_raceDate=2026%2F09%2F29&k_raceNo=1
2026-09-29 14:20:20,14:19,2026-09-29,funabashi,1,10,馬連,2-5,80.6,80.6,21,https://www.keiba.go.jp/KeibaWeb/TodayRaceInfo/OddsUmLenFuku?k_babaCode=19&k_raceDate=2026%2F09%2F29&k_raceNo=1
2026-09-29 14:20:20,14:19,2026-09-29,funabashi,1,10,馬連,2-6,53.6,53.6,13,https://www.keiba.go.jp/KeibaWeb/TodayRaceInfo/OddsUmLenFuku?k_babaCode=19&k_raceDate=2026%2F09%2F29&k_raceNo=1
2026-09-29 14:20:20,14:19,2026-09-29,funabashi,1,10,馬連,2-7,151.9,151.9,42,https://www.keiba.go.jp/KeibaWeb/TodayRaceInfo/OddsUmLenFuku?k_babaCode=19&k_raceDate=2026%2F09%2F29&k_raceNo=1
2026-09-29 14:20:20,14:19,2026-09-29,funabashi,1,10,馬連,2-8,8.4,8.4,3,https://www.keiba.go.jp/KeibaWeb/TodayRaceInfo/OddsUmLenFuku?k_babaCode=19&k_raceDate=2026%2F09%2F29&k_raceNo=1
2026-09-29 14:20:20,14:19,2026-09-29,funabashi,1,10,馬連,2-9,95.6,95.6,29,https://www.keiba.go.jp/KeibaWeb/TodayRaceInfo/OddsUmLenFuku?k_babaCode=19&k_raceDate=2026%2F09%2F29&k_raceNo=1
2026-09-29 14:20:20,14:19,2026-09-29,funabashi,1,10,馬連,3-10,987.8,987.8,63,https://www.keiba.go.jp/KeibaWeb/TodayRaceInfo/OddsUmLenFuku?k_babaCode=19&k_raceDate=2026%2F09%2F29&k_raceNo=1
2026-09-29 14:20:20,14:19,2026-09-29,funabashi,1,10,馬連,3-11,455.9,455.9,55,https://www.keiba.go.jp/KeibaWeb/TodayRaceInfo/OddsUmLenFuku?k_babaCode=19&k_raceDate=2026%2F09%2F29&k_raceNo=1
2026-09-29 14:20:20,14:19,2026-09-29,funabashi,1,10,馬連,3-12,1481.8,1481.8,65,https://www.keiba.go.jp/KeibaWeb/TodayRaceInfo/OddsUmLenFuku?k_babaCode=19&k_raceDate=2026%2F09%2F29&k_raceNo=1
2026-09-29 14:20:20,14:19,2026-09-29,funabashi,1,10,馬連,3-4,408.7,408.7,51,https://www.keiba.go.jp/KeibaWeb/TodayRaceInfo/OddsUmLenFuku?k_babaCode=19&k_raceDate=2026%2F09%2F29&k_raceNo=1
2026-09-29 14:20:20,14:19,2026-09-29,funabashi,1,10,馬連,3-5,623.9,623.9,59,https://www.keiba.go.jp/KeibaWeb/TodayRaceInfo/OddsUmLenFuku?k_babaCode=19&k_raceDate=2026%2F09%2F29&k_raceNo=1
2026-09-29 14:20:20,14:19,2026-09-29,funabashi,1,10,馬連,3-6,474.1,474.1,56,https://www.keiba.go.jp/KeibaWeb/TodayRaceInfo/OddsUmLenFuku?k_babaCode=19&k_raceDate=2026%2F09%2F29&k_raceNo=1
2026-09-29 14:20:20,14:19,2026-09-29,funabashi,1,10,馬連,3-7,338.7,338.7,47,https://www.keiba.go.jp/KeibaWeb/TodayRaceInfo/OddsUmLenFuku?k_babaCode=19&k_raceDate=2026%2F09%2F29&k_raceNo=1
2026-09-29 14:20:20,14:19,2026-09-29,funabashi,1,10,馬連,3-8,95.6,95.6,29,https://www.keiba.go.jp/KeibaWeb/TodayRaceInfo/OddsUmLenFuku?k_babaCode=19&k_raceDate=2026%2F09%2F29&k_raceNo=1
2026-09-29 14:20:20,14:19,2026-09-29,funabashi,1,10,馬連,3-9,348.6,348.6,49,https://www.keiba.go.jp/KeibaWeb/TodayRaceInfo/OddsUmLenFuku?k_babaCode=19&k_raceDate=2026%2F09%2F29&k_raceNo=1
2026-09-29 14:20:20,14:19,2026-09-29,funabashi,1,10,馬連,4-10,134.7,134.7,41,https://www.keiba.go.jp/KeibaWeb/TodayRaceInfo/OddsUmLenFuku?k_babaCode=19&k_raceDate=2026%2F09%2F29&k_raceNo=1
2026-09-29 14:20:20,14:19,2026-09-29,funabashi,1,10,馬連,4-11,79.0,79.0,20,https://www.keiba.go.jp/KeibaWeb/TodayRaceInfo/OddsUmLenFuku?k_babaCode=19&k_raceDate=2026%2F09%2F29&k_raceNo=1
2026-09-29 14:20:20,14:19,2026-09-29,funabashi,1,10,馬連,4-12,592.7,592.7,58,https://www.keiba.go.jp/KeibaWeb/TodayRaceInfo/OddsUmLenFuku?k_babaCode=19&k_raceDate=2026%2F09%2F29&k_raceNo=1
2026-09-29 14:20:20,14:19,2026-09-29,funabashi,1,10,馬連,4-5,57.2,57.2,15,https://www.keiba.go.jp/KeibaWeb/TodayRaceInfo/OddsUmLenFuku?k_babaCode=19&k_raceDate=2026%2F09%2F29&k_raceNo=1
2026-09-29 14:20:20,14:19,2026-09-29,funabashi,1,10,馬連,4-6,51.0,51.0,12,https://www.keiba.go.jp/KeibaWeb/TodayRaceInfo/OddsUmLenFuku?k_babaCode=19&k_raceDate=2026%2F09%2F29&k_raceNo=1
2026-09-29 14:20:20,14:19,2026-09-29,funabashi,1,10,馬連,4-7,72.7,72.7,19,https://www.keiba.go.jp/KeibaWeb/TodayRaceInfo/OddsUmLenFuku?k_babaCode=19&k_raceDate=2026%2F09%2F29&k_raceNo=1
2026-09-29 14:20:20,14:19,2026-09-29,funabashi,1,10,馬連,4-8,10.4,10.4,5,https://www.keiba.go.jp/KeibaWeb/TodayRaceInfo/OddsUmLenFuku?k_babaCode=19&k_raceDate=2026%2F09%2F29&k_raceNo=1
2026-09-29 14:20:20,14:19,2026-09-29,funabashi,1,10,馬連,4-9,81.7,81.7,22,https://www.keiba.go.jp/KeibaWeb/TodayRaceInfo/OddsUmLenFuku?k_babaCode=19&k_raceDate=2026%2F09%2F29&k_raceNo=1
2026-09-29 14:20:20,14:19,2026-09-29,funabashi,1,10,馬連,5-10,86.5,86.5,24,https://www.keiba.go.jp/KeibaWeb/TodayRaceInfo/OddsUmLenFuku?k_babaCode=19&k_raceDate=2026%2F09%2F29&k_raceNo=1
2026-09-29 14:20:20,14:19,2026-09-29,funabashi,1,10,馬連,5-11,60.4,60.4,17,https://www.keiba.go.jp/KeibaWeb/TodayRaceInfo/OddsUmLenFuku?k_babaCode=19&k_raceDate=2026%2F09%2F29&k_raceNo=1
2026-09-29 14:20:20,14:19,2026-09-29,funabashi,1,10,馬連,5-12,740.9,740.9,61,https://www.keiba.go.jp/KeibaWeb/TodayRaceInfo/OddsUmLenFuku?k_babaCode=19&k_raceDate=2026%2F09%2F29&k_raceNo=1
2026-09-29 14:20:20,14:19,2026-09-29,funabashi,1,10,馬連,5-6,87.1,87.1,25,https://www.keiba.go.jp/KeibaWeb/TodayRaceInfo/OddsUmLenFuku?k_babaCode=19&k_raceDate=2026%2F09%2F29&k_raceNo=1
2026-09-29 14:20:20,14:19,2026-09-29,funabashi,1,10,馬連,5-7,94.8,94.8,28,https://www.keiba.go.jp/KeibaWeb/TodayRaceInfo/OddsUmLenFuku?k_babaCode=19&k_raceDate=2026%2F09%2F29&k_raceNo=1
2026-09-29 14:20:20,14:19,2026-09-29,funabashi,1,10,馬連,5-8,10.3,10.3,4,https://www.keiba.go.jp/KeibaWeb/TodayRaceInfo/OddsUmLenFuku?k_babaCode=19&k_raceDate=2026%2F09%2F29&k_raceNo=1
2026-09-29 14:20:20,14:19,2026-09-29,funabashi,1,10,馬連,5-9,102.1,102.1,33,https://www.keiba.go.jp/KeibaWeb/TodayRaceInfo/OddsUmLenFuku?k_babaCode=19&k_raceDate=2026%2F09%2F29&k_raceNo=1
2026-09-29 14:20:20,14:19,2026-09-29,funabashi,1,10,馬連,6-10,126.1,126.1,38,https://www.keiba.go.jp/KeibaWeb/TodayRaceInfo/OddsUmLenFuku?k_babaCode=19&k_raceDate=2026%2F09%2F29&k_raceNo=1
2026-09-29 14:20:20,14:19,2026-09-29,funabashi,1,10,馬連,6-11,43.7,43.7,10,https://www.keiba.go.jp/KeibaWeb/TodayRaceInfo/OddsUmLenFuku?k_babaCode=19&k_raceDate=2026%2F09%2F29&k_raceNo=1
2026-09-29 14:20:20,14:19,2026-09-29,funabashi,1,10,馬連,6-12,439.0,439.0,53,https://www.keiba.go.jp/KeibaWeb/TodayRaceInfo/OddsUmLenFuku?k_babaCode=19&k_raceDate=2026%2F09%2F29&k_raceNo=1
2026-09-29 14:20:20,14:19,2026-09-29,funabashi,1,10,馬連,6-7,45.5,45.5,11,https://www.keiba.go.jp/KeibaWeb/TodayRaceInfo/OddsUmLenFuku?k_babaCode=19&k_raceDate=2026%2F09%2F29&k_raceNo=1
2026-09-29 14:20:20,14:19,2026-09-29,funabashi,1,10,馬連,6-8,6.6,6.6,1,https://www.keiba.go.jp/KeibaWeb/TodayRaceInfo/OddsUmLenFuku?k_babaCode=19&k_raceDate=2026%2F09%2F29&k_raceNo=1
2026-09-29 14:20:20,14:19,2026-09-29,funabashi,1,10,馬連,6-9,58.1,58.1,16,https://www.keiba.go.jp/KeibaWeb/TodayRaceInfo/OddsUmLenFuku?k_babaCode=19&k_raceDate=2026%2F09%2F29&k_raceNo=1
2026-09-29 14:20:20,14:19,2026-09-29,funabashi,1,10,馬連,7-10,338.7,338.7,47,https://www.keiba.go.jp/KeibaWeb/TodayRaceInfo/OddsUmLenFuku?k_babaCode=19&k_raceDate=2026%2F09%2F29&k_raceNo=1
2026-09-29 14:20:20,14:19,2026-09-29,funabashi,1,10,馬連,7-11,54.3,54.3,14,https://www.keiba.go.jp/KeibaWeb/TodayRaceInfo/OddsUmLenFuku?k_babaCode=19&k_raceDate=2026%2F09%2F29&k_raceNo=1
2026-09-29 14:20:20,14:19,2026-09-29,funabashi,1,10,馬連,7-12,623.9,623.9,59,https://www.keiba.go.jp/KeibaWeb/TodayRaceInfo/OddsUmLenFuku?k_babaCode=19&k_raceDate=2026%2F09%2F29&k_raceNo=1
2026-09-29 14:20:20,14:19,2026-09-29,funabashi,1,10,馬連,7-8,13.8,13.8,7,https://www.keiba.go.jp/KeibaWeb/TodayRaceInfo/OddsUmLenFuku?k_babaCode=19&k_raceDate=2026%2F09%2F29&k_raceNo=1
2026-09-29 14:20:20,14:19,2026-09-29,funabashi,1,10,馬連,7-9,101.3,101.3,32,https://www.keiba.go.jp/KeibaWeb/TodayRaceInfo/OddsUmLenFuku?k_babaCode=19&k_raceDate=2026%2F09%2F29&k_raceNo=1
2026-09-29 14:20:20,14:19,2026-09-29,funabashi,1,10,馬連,8-10,14.0,14.0,8,https://www.keiba.go.jp/KeibaWeb/TodayRaceInfo/OddsUmLenFuku?k_babaCode=19&k_raceDate=2026%2F09%2F29&k_raceNo=1
2026-09-29 14:20:20,14:19,2026-09-29,funabashi,1,10,馬連,8-11,7.4,7.4,2,https://www.keiba.go.jp/KeibaWeb/TodayRaceInfo/OddsUmLenFuku?k_babaCode=19&k_raceDate=2026%2F09%2F29&k_raceNo=1
2026-09-29 14:20:20,14:19,2026-09-29,funabashi,1,10,馬連,8-12,133.1,133.1,40,https://www.keiba.go.jp/KeibaWeb/TodayRaceInfo/OddsUmLenFuku?k_babaCode=19&k_raceDate=2026%2F09%2F29&k_raceNo=1
2026-09-29 14:20:20,14:19,2026-09-29,funabashi,1,10,馬連,8-9,11.3,11.3,6,https://www.keiba.go.jp/KeibaWeb/TodayRaceInfo/OddsUmLenFuku?k_babaCode=19&k_raceDate=2026%2F09%2F29&k_raceNo=1
2026-09-29 14:20:20,14:19,2026-09-29,funabashi,1,10,馬連,9-10,94.0,94.0,27,https://www.keiba.go.jp/KeibaWeb/TodayRaceInfo/OddsUmLenFuku?k_babaCode=19&k_raceDate=2026%2F09%2F29&k_raceNo=1
2026-09-29 14:20:20,14:19,2026-09-29,funabashi,1,10,馬連,9-11,70.1,70.1,18,https://www.keiba.go.jp/KeibaWeb/TodayRaceInfo/OddsUmLenFuku?k_babaCode=19&k_raceDate=2026%2F09%2F29&k_raceNo=1
2026-09-29 14:20:20,14:19,2026-09-29,funabashi,1,10,馬連,9-12,408.7,408.7,51,https://www.keiba.go.jp/KeibaWeb/TodayRaceInfo/OddsUmLenFuku?k_babaCode=19&k_raceDate=2026%2F09%2F29&k_raceNo=1
2026-09-29 14:25:00,14:24,2026-09-29,funabashi,1,5,ワイド,1-10,78.4,83.4,47,https://www.keiba.go.jp/KeibaWeb/TodayRaceInfo/OddsWide?k_babaCode=19&k_raceDate=2026%2F09%2F29&k_raceNo=1
2026-09-29 14:25:00,14:24,2026-09-29,funabashi,1,5,ワイド,1-11,27.9,31.1,35,https://www.keiba.go.jp/KeibaWeb/TodayRaceInfo/OddsWide?k_babaCode=19&k_raceDate=2026%2F09%2F29&k_raceNo=1
2026-09-29 14:25:00,14:24,2026-09-29,funabashi,1,5,ワイド,1-12,319.6,325.6,66,https://www.keiba.go.jp/KeibaWeb/TodayRaceInfo/OddsWide?k_babaCode=19&k_raceDate=2026%2F09%2F29&k_raceNo=1
2026-09-29 14:25:00,14:24,2026-09-29,funabashi,1,5,ワイド,1-2,35.6,38.2,40,https://www.keiba.go.jp/KeibaWeb/TodayRaceInfo/OddsWide?k_babaCode=19&k_raceDate=2026%2F09%2F29&k_raceNo=1
2026-09-29 14:25:00,14:24,2026-09-29,funabashi,1,5,ワイド,1-3,151.0,154.3,57,https://www.keiba.go.jp/KeibaWeb/TodayRaceInfo/OddsWide?k_babaCode=19&k_raceDate=2026%2F09%2F29&k_raceNo=1
2026-09-29 14:25:00,14:24,2026-09-29,funabashi,1,5,ワイド,1-4,47.6,51.7,43,https://www.keiba.go.jp/KeibaWeb/TodayRaceInfo/OddsWide?k_babaCode=19&k_raceDate=2026%2F09%2F29&k_raceNo=1
2026-09-29 14:25:00,14:24,2026-09-29,funabashi,1,5,ワイド,1-5,55.3,59.6,45,https://www.keiba.go.jp/KeibaWeb/TodayRaceInfo/OddsWide?k_babaCode=19&k_raceDate=2026%2F09%2F29&k_raceNo=1
2026-09-29 14:25:00,14:24,2026-09-29,funabashi,1,5,ワイド,1-6,23.8,26.5,32,https://www.keiba.go.jp/KeibaWeb/TodayRaceInfo/OddsWide?k_babaCode=19&k_raceDate=2026%2F09%2F29&k_raceNo=1
2026-09-29 14:25:00,14:24,2026-09-29,funabashi,1,5,ワイド,1-7,35.6,37.5,39,https://www.keiba.go.jp/KeibaWeb/TodayRaceInfo/OddsWide?k_babaCode=19&k_raceDate=2026%2F09%2F29&k_raceNo=1
2026-09-29 14:25:00,14:24,2026-09-29,funabashi,1,5,ワイド,1-8,14.1,15.5,17,https://www.keiba.go.jp/KeibaWeb/TodayRaceInfo/OddsWide?k_babaCode=19&k_raceDate=2026%2F09%2F29&k_raceNo=1
2026-09-29 14:25:00,14:24,2026-09-29,funabashi,1,5,ワイド,1-9,38.0,41.7,42,https://www.keiba.go.jp/KeibaWeb/TodayRaceInfo/OddsWide?k_babaCode=19&k_raceDate=2026%2F09%2F29&k_raceNo=1
2026-09-29 14:25:00,14:24,2026-09-29,funabashi,1,5,ワイド,10-11,18.0,20.7,22,https://www.keiba.go.jp/KeibaWeb/TodayRaceInfo/OddsWide?k_babaCode=19&k_raceDate=2026%2F09%2F29&k_raceNo=1
2026-09-29 14:25:00,14:24,2026-09-29,funabashi,1,5,ワイド,10-12,201.6,211.9,62,https://www.keiba.go.jp/KeibaWeb/TodayRaceInfo/OddsWide?k_babaCode=19&k_raceDate=2026%2F09%2F29&k_raceNo=1
2026-09-29 14:25:00,14:24,2026-09-29,funabashi,1,5,ワイド,11-12,105.8,116.1,53,https://www.keiba.go.jp/KeibaWeb/TodayRaceInfo/OddsWide?k_babaCode=19&k_raceDate=2026%2F09%2F29&k_raceNo=1
2026-09-29 14:25:00,14:24,2026-09-29,funabashi,1,5,ワイド,2-10,31.9,35.4,38,https://www.keiba.go.jp/KeibaWeb/TodayRaceInfo/OddsWide?k_babaCode=19&k_raceDate=2026%2F09%2F29&k_raceNo=1
2026-09-29 14:25:00,14:24,2026-09-29,funabashi,1,5,ワイド,2-11,13.3,15.4,16,https://www.keiba.go.jp/KeibaWeb/TodayRaceInfo/OddsWide?k_babaCode=19&k_raceDate=2026%2F09%2F29&k_raceNo=1
2026-09-29 14:25:00,14:24,2026-09-29,funabashi,1,5,ワイド,2-12,204.8,217.2,63,https://www.keiba.go.jp/KeibaWeb/TodayRaceInfo/OddsWide?k_babaCode=19&k_raceDate=2026%2F09%2F29&k_raceNo=1
2026-09-29 14:25:00,14:24,2026-09-29,funabashi,1,5,ワイド,2-3,137.6,146.3,55,https://www.keiba.go.jp/KeibaWeb/TodayRaceInfo/OddsWide?k_babaCode=19&k_raceDate=2026%2F09%2F29&k_raceNo=1
2026-09-29 14:25:00,14:24,2026-09-29,funabashi,1,5,ワイド,2-4,22.7,25.7,31,https://www.keiba.go.jp/KeibaWeb/TodayRaceInfo/OddsWide?k_babaCode=19&k_raceDate=2026%2F09%2F29&k_raceNo=1
2026-09-29 14:25:00,14:24,2026-09-29,funabashi,1,5,ワイド,2-5,19.6,22.0,28,https://www.keiba.go.jp/KeibaWeb/TodayRaceInfo/OddsWide?k_babaCode=19&k_raceDate=2026%2F09%2F29&k_raceNo=1
2026-09-29 14:25:00,14:24,2026-09-29,funabashi,1,5,ワイド,2-6,10.9,12.6,12,https://www.keiba.go.jp/KeibaWeb/TodayRaceInfo/OddsWide?k_babaCode=19&k_raceDate=2026%2F09%2F29&k_raceNo=1
2026-09-29 14:25:00,14:24,2026-09-29,funabashi,1,5,ワイド,2-7,24.7,27.1,33,https://www.keiba.go.jp/KeibaWeb/TodayRaceInfo/OddsWide?k_babaCode=19&k_raceDate=2026%2F09%2F29&k_raceNo=1
2026-09-29 14:25:00,14:24,2026-09-29,funabashi,1,5,ワイド,2-8,4.5,4.9,6,https://www.keiba.go.jp/KeibaWeb/TodayRaceInfo/OddsWide?k_babaCode=19&k_raceDate=2026%2F09%2F29&k_raceNo=1
2026-09-29 14:25:00,14:24,2026-09-29,funabashi,1,5,ワイド,2-9,16.8,19.2,20,https://www.keiba.go.jp/KeibaWeb/TodayRaceInfo/OddsWide?k_babaCode=19&k_raceDate=2026%2F09%2F29&k_raceNo=1
2026-09-29 14:25:00,14:24,2026-09-29,funabashi,1,5,ワイド,3-10,183.0,192.7,60,https://www.keiba.go.jp/KeibaWeb/TodayRaceInfo/OddsWide?k_babaCode=19&k_raceDate=2026%2F09%2F29&k_raceNo=1
2026-09-29 14:25:00,14:24,2026-09-29,funabashi,1,5,ワイド,3-11,88.7,97.6,51,https://www.keiba.go.jp/KeibaWeb/TodayRaceInfo/OddsWide?k_babaCode=19&k_raceDate=2026%2F09%2F29&k_raceNo=1
2026-09-29 14:25:00,14:24,2026-09-29,funabashi,1,5,ワイド,3-12,210.0,211.9,65,https://www.keiba.go.jp/KeibaWeb/TodayRaceInfo/OddsWide?k_babaCode=19&k_raceDate=2026%2F09%2F29&k_raceNo=1
2026-09-29 14:25:00,14:24,2026-09-29,funabashi,1,5,ワイド,3-4,104.0,111.7,52,https://www.keiba.go.jp/KeibaWeb/TodayRaceInfo/OddsWide?k_babaCode=19&k_raceDate=2026%2F09%2F29&k_raceNo=1
2026-09-29 14:25:00,14:24,2026-09-29,funabashi,1,5,ワイド,3-5,139.5,148.8,56,https://www.keiba.go.jp/KeibaWeb/TodayRaceInfo/OddsWide?k_babaCode=19&k_raceDate=2026%2F09%2F29&k_raceNo=1
2026-09-29 14:25:00,14:24,2026-09-29,funabashi,1,5,ワイド,3-6,86.5,95.4,49,https://www.keiba.go.jp/KeibaWeb/TodayRaceInfo/OddsWide?k_babaCode=19&k_raceDate=2026%2F09%2F29&k_raceNo=1
2026-09-29 14:25:00,14:24,2026-09-29,funabashi,1,5,ワイド,3-7,82.3,85.9,48,https://www.keiba.go.jp/KeibaWeb/TodayRaceInfo/OddsWide?k_babaCode=19&k_raceDate=2026%2F09%2F29&k_raceNo=1
2026-09-29 14:25:00,14:24,2026-09-29,funabashi,1,5,ワイド,3-8,35.9,39.3,41,https://www.keiba.go.jp/KeibaWeb/TodayRaceInfo/OddsWide?k_babaCode=19&k_raceDate=2026%2F09%2F29&k_raceNo=1
2026-09-29 14:25:00,14:24,2026-09-29,funabashi,1,5,ワイド,3-9,86.9,94.4,50,https://www.keiba.go.jp/KeibaWeb/TodayRaceInfo/OddsWide?k_babaCode=19&k_raceDate=2026%2F09%2F29&k_raceNo=1
2026-09-29 14:25:00,14:24,2026-09-29,funabashi,1,5,ワイド,4-10,30.5,34.1,37,https://www.keiba.go.jp/KeibaWeb/TodayRaceInfo/OddsWide?k_babaCode=19&k_raceDate=2026%2F09%2F29&k_raceNo=1
2026-09-29 14:25:00,14:24,2026-09-29,funabashi,1,5,ワイド,4-11,18.3,21.5,25,https://www.keiba.go.jp/KeibaWeb/TodayRaceInfo/OddsWide?k_babaCode=19&k_raceDate=2026%2F09%2F29&k_raceNo=1
2026-09-29 14:25:00,14:24,2026-09-29,funabashi,1,5,ワイド,4-12,188.2,201.6,61,https://www.keiba.go.jp/KeibaWeb/TodayRaceInfo/OddsWide?k_babaCode=19&k_raceDate=2026%2F09%2F29&k_raceNo=1
2026-09-29 14:25:00,14:24,2026-09-29,funabashi,1,5,ワイド,4-5,10.5,11.9,11,https://www.keiba.go.jp/KeibaWeb/TodayRaceInfo/OddsWide?k_babaCode=19&k_raceDate=2026%2F09%2F29&k_raceNo=1
2026-09-29 14:25:00,14:24,2026-09-29,funabashi,1,5,ワイド,4-6,12.7,14.9,14,https://www.keiba.go.jp/KeibaWeb/TodayRaceInfo/OddsWide?k_babaCode=19&k_raceDate=2026%2F09%2F29&k_raceNo=1
2026-09-29 14:25:00,14:24,2026-09-29,funabashi,1,5,ワイド,4-7,18.7,20.7,26,https://www.keiba.go.jp/KeibaWeb/TodayRaceInfo/OddsWide?k_babaCode=19&k_raceDate=2026%2F09%2F29&k_raceNo=1
2026-09-29 14:25:00,14:24,2026-09-29,funabashi,1,5,ワイド,4-8,3.9,4.3,4,https://www.keiba.go.jp/KeibaWeb/TodayRaceInfo/OddsWide?k_babaCode=19&k_raceDate=2026%2F09%2F29&k_raceNo=1
2026-09-29 14:25:00,14:24,2026-09-29,funabashi,1,5,ワイド,4-9,18.0,20.9,23,https://www.keiba.go.jp/KeibaWeb/TodayRaceInfo/OddsWide?k_babaCode=19&k_raceDate=2026%2F09%2F29&k_raceNo=1
2026-09-29 14:25:00,14:24,2026-09-29,funabashi,1,5,ワイド,5-10,28.0,31.2,36,https://www.keiba.go.jp/KeibaWeb/TodayRaceInfo/OddsWide?k_babaCode=19&k_raceDate=2026%2F09%2F29&k_raceNo=1
2026-09-29 14:25:00,14:24,2026-09-29,funabashi,1,5,ワイド,5-11,15.3,17.8,18,https://www.keiba.go.jp/KeibaWeb/TodayRaceInfo/OddsWide?k_babaCode=19&k_raceDate=2026%2F09%2F29&k_raceNo=1
2026-09-29 14:25:00,14:24,2026-09-29,funabashi,1,5,ワイド,5-12,180.9,192.6,59,https://www.keiba.go.jp/KeibaWeb/TodayRaceInfo/OddsWide?k_babaCode=19&k_raceDate=2026%2F09%2F29&k_raceNo=1
2026-09-29 14:25:00,14:24,2026-09-29,funabashi,1,5,ワイド,5-6,18.8,21.9,27,https://www.keiba.go.jp/KeibaWeb/TodayRaceInfo/OddsWide?k_babaCode=19&k_raceDate=2026%2F09%2F29&k_raceNo=1
2026-09-29 14:25:00,14:24,2026-09-29,funabashi,1,5,ワイド,5-7,26.8,29.5,34,https://www.keiba.go.jp/KeibaWeb/TodayRaceInfo/OddsWide?k_babaCode=19&k_raceDate=2026%2F09%2F29&k_raceNo=1
2026-09-29 14:25:00,14:24,2026-09-29,funabashi,1,5,ワイド,5-8,4.3,4.7,5,https://www.keiba.go.jp/KeibaWeb/TodayRaceInfo/OddsWide?k_babaCode=19&k_raceDate=2026%2F09%2F29&k_raceNo=1
2026-09-29 14:25:00,14:24,2026-09-29,funabashi,1,5,ワイド,5-9,18.2,20.9,24,https://www.keiba.go.jp/KeibaWeb/TodayRaceInfo/OddsWide?k_babaCode=19&k_raceDate=2026%2F09%2F29&k_raceNo=1
2026-09-29 14:25:00,14:24,2026-09-29,funabashi,1,5,ワイド,6-10,20.0,23.0,29,https://www.keiba.go.jp/KeibaWeb/TodayRaceInfo/OddsWide?k_babaCode=19&k_raceDate=2026%2F09%2F29&k_raceNo=1
2026-09-29 14:25:00,14:24,2026-09-29,funabashi,1,5,ワイド,6-11,10.1,12.1,10,https://www.keiba.go.jp/KeibaWeb/TodayRaceInfo/OddsWide?k_babaCode=19&k_raceDate=2026%2F09%2F29&k_raceNo=1
2026-09-29 14:25:00,14:24,2026-09-29,funabashi,1,5,ワイド,6-12,107.0,117.7,54,https://www.keiba.go.jp/KeibaWeb/TodayRaceInfo/OddsWide?k_babaCode=19&k_raceDate=2026%2F09%2F29&k_raceNo=1
2026-09-29 14:25:00,14:24,2026-09-29,funabashi,1,5,ワイド,6-7,17.6,20.0,21,https://www.keiba.go.jp/KeibaWeb/TodayRaceInfo/OddsWide?k_babaCode=19&k_raceDate=2026%2F09%2F29&k_raceNo=1
2026-09-29 14:25:00,14:24,2026-09-29,funabashi,1,5,ワイド,6-8,2.9,3.2,1,https://www.keiba.go.jp/KeibaWeb/TodayRaceInfo/OddsWide?k_babaCode=19&k_raceDate=2026%2F09%2F29&k_raceNo=1
2026-09-29 14:25:00,14:24,2026-09-29,funabashi,1,5,ワイド,6-9,8.4,9.9,9,https://www.keiba.go.jp/KeibaWeb/TodayRaceInfo/OddsWide?k_babaCode=19&k_raceDate=2026%2F09%2F29&k_raceNo=1
2026-09-29 14:25:00,14:24,2026-09-29,funabashi,1,5,ワイド,7-10,59.3,64.5,46,https://www.keiba.go.jp/KeibaWeb/TodayRaceInfo/OddsWide?k_babaCode=19&k_raceDate=2026%2F09%2F29&k_raceNo=1
2026-09-29 14:25:00,14:24,2026-09-29,funabashi,1,5,ワイド,7-11,13.0,14.7,15,https://www.keiba.go.jp/KeibaWeb/TodayRaceInfo/OddsWide?k_babaCode=19&k_raceDate=2026%2F09%2F29&k_raceNo=1
2026-09-29 14:25:00,14:24,2026-09-29,funabashi,1,5,ワイド,7-12,169.6,176.3,58,https://www.keiba.go.jp/KeibaWeb/TodayRaceInfo/OddsWide?k_babaCode=19&k_raceDate=2026%2F09%2F29&k_raceNo=1
2026-09-29 14:25:00,14:24,2026-09-29,funabashi,1,5,ワイド,7-8,6.4,7.0,8,https://www.keiba.go.jp/KeibaWeb/TodayRaceInfo/OddsWide?k_babaCode=19&k_raceDate=2026%2F09%2F29&k_raceNo=1
2026-09-29 14:25:00,14:24,2026-09-29,funabashi,1,5,ワイド,7-9,16.5,18.5,19,https://www.keiba.go.jp/KeibaWeb/TodayRaceInfo/OddsWide?k_babaCode=19&k_raceDate=2026%2F09%2F29&k_raceNo=1
2026-09-29 14:25:00,14:24,2026-09-29,funabashi,1,5,ワイド,8-10,5.3,5.9,7,https://www.keiba.go.jp/KeibaWeb/TodayRaceInfo/OddsWide?k_babaCode=19&k_raceDate=2026%2F09%2F29&k_raceNo=1
2026-09-29 14:25:00,14:24,2026-09-29,funabashi,1,5,ワイド,8-11,3.0,3.3,2,https://www.keiba.go.jp/KeibaWeb/TodayRaceInfo/OddsWide?k_babaCode=19&k_raceDate=2026%2F09%2F29&k_raceNo=1
2026-09-29 14:25:00,14:24,2026-09-29,funabashi,1,5,ワイド,8-12,49.2,53.7,44,https://www.keiba.go.jp/KeibaWeb/TodayRaceInfo/OddsWide?k_babaCode=19&k_raceDate=2026%2F09%2F29&k_raceNo=1
2026-09-29 14:25:00,14:24,2026-09-29,funabashi,1,5,ワイド,8-9,3.4,3.7,3,https://www.keiba.go.jp/KeibaWeb/TodayRaceInfo/OddsWide?k_babaCode=19&k_raceDate=2026%2F09%2F29&k_raceNo=1
2026-09-29 14:25:00,14:24,2026-09-29,funabashi,1,5,ワイド,9-10,20.6,23.4,30,https://www.keiba.go.jp/KeibaWeb/TodayRaceInfo/OddsWide?k_babaCode=19&k_raceDate=2026%2F09%2F29&k_raceNo=1
2026-09-29 14:25:00,14:24,2026-09-29,funabashi,1,5,ワイド,9-11,12.3,14.5,13,https://www.keiba.go.jp/KeibaWeb/TodayRaceInfo/OddsWide?k_babaCode=19&k_raceDate=2026%2F09%2F29&k_raceNo=1
2026-09-29 14:25:00,14:24,2026-09-29,funabashi,1,5,ワイド,9-12,205.7,222.7,64,https://www.keiba.go.jp/KeibaWeb/TodayRaceInfo/OddsWide?k_babaCode=19&k_raceDate=2026%2F09%2F29&k_raceNo=1
2026-09-29 14:25:00,14:24,2026-09-29,funabashi,1,5,三連複,1-10-11,533.6,533.6,116,https://www.keiba.go.jp/KeibaWeb/TodayRaceInfo/Odds3LenFuku?k_babaCode=19&k_raceDate=2026%2F09%2F29&k_raceNo=1
2026-09-29 14:25:00,14:24,2026-09-29,funabashi,1,5,三連複,1-10-12,3201.6,3201.6,202,https://www.keiba.go.jp/KeibaWeb/TodayRaceInfo/Odds3LenFuku?k_babaCode=19&k_raceDate=2026%2F09%2F29&k_raceNo=1
2026-09-29 14:25:00,14:24,2026-09-29,funabashi,1,5,三連複,1-11-12,2134.4,2134.4,174,https://www.keiba.go.jp/KeibaWeb/TodayRaceInfo/Odds3LenFuku?k_babaCode=19&k_raceDate=2026%2F09%2F29&k_raceNo=1
2026-09-29 14:25:00,14:24,2026-09-29,funabashi,1,5,三連複,1-2-10,734.7,734.7,132,https://www.keiba.go.jp/KeibaWeb/TodayRaceInfo/Odds3LenFuku?k_babaCode=19&k_raceDate=2026%2F09%2F29&k_raceNo=1
2026-09-29 14:25:00,14:24,2026-09-29,funabashi,1,5,三連複,1-2-11,679.1,679.1,127,https://www.keiba.go.jp/KeibaWeb/TodayRaceInfo/Odds3LenFuku?k_babaCode=19&k_raceDate=2026%2F09%2F29&k_raceNo=1
2026-09-29 14:25:00,14:24,2026-09-29,funabashi,1,5,三連複,1-2-12,4980.2,4980.2,209,https://www.keiba.go.jp/KeibaWeb/TodayRaceInfo/Odds3LenFuku?k_babaCode=19&k_raceDate=2026%2F09%2F29&k_raceNo=1
2026-09-29 14:25:00,14:24,2026-09-29,funabashi,1,5,三連複,1-2-3,1660.0,1660.0,158,https://www.keiba.go.jp/KeibaWeb/TodayRaceInfo/Odds3LenFuku?k_babaCode=19&k_raceDate=2026%2F09%2F29&k_raceNo=1
2026-09-29 14:25:00,14:24,2026-09-29,funabashi,1,5,三連複,1-2-4,631.3,631.3,121,https://www.keiba.go.jp/KeibaWeb/TodayRaceInfo/Odds3LenFuku?k_babaCode=19&k_raceDate=2026%2F09%2F29&k_raceNo=1
2026-09-29 14:25:00,14:24,2026-09-29,funabashi,1,5,三連複,1-2-5,649.6,649.6,126,https://www.keiba.go.jp/KeibaWeb/TodayRaceInfo/Odds3LenFuku?k_babaCode=19&k_raceDate=2026%2F09%2F29&k_raceNo=1
2026-09-29 14:25:00,14:24,2026-09-29,funabashi,1,5,三連複,1-2-6,503.6,503.6,109,https://www.keiba.go.jp/KeibaWeb/TodayRaceInfo/Odds3LenFuku?k_babaCode=19&k_raceDate=2026%2F09%2F29&k_raceNo=1
2026-09-29 14:25:00,14:24,2026-09-29,funabashi,1,5,三連複,1-2-7,845.7,845.7,138,https://www.keiba.go.jp/KeibaWeb/TodayRaceInfo/Odds3LenFuku?k_babaCode=19&k_raceDate=2026%2F09%2F29&k_raceNo=1
2026-09-29 14:25:00,14:24,2026-09-29,funabashi,1,5,三連複,1-2-8,105.9,105.9,34,https://www.keiba.go.jp/KeibaWeb/TodayRaceInfo/Odds3LenFuku?k_babaCode=19&k_raceDate=2026%2F09%2F29&k_raceNo=1
2026-09-29 14:25:00,14:24,2026-09-29,funabashi,1,5,三連複,1-2-9,772.8,772.8,134,https://www.keiba.go.jp/KeibaWeb/TodayRaceInfo/Odds3LenFuku?k_babaCode=19&k_raceDate=2026%2F09%2F29&k_raceNo=1
2026-09-29 14:25:00,14:24,2026-09-29,funabashi,1,5,三連複,1-3-10,2988.1,2988.1,196,https://www.keiba.go.jp/KeibaWeb/TodayRaceInfo/Odds3LenFuku?k_babaCode=19&k_raceDate=2026%2F09%2F29&k_raceNo=1
2026-09-29 14:25:00,14:24,2026-09-29,funabashi,1,5,三連複,1-3-11,2134.4,2134.4,174,https://www.keiba.go.jp/KeibaWeb/TodayRaceInfo/Odds3LenFuku?k_babaCode=19&k_raceDate=2026%2F09%2F29&k_raceNo=1
2026-09-29 14:25:00,14:24,2026-09-29,funabashi,1,5,三連複,1-3-12,22411.2,22411.2,219,https://www.keiba.go.jp/KeibaWeb/TodayRaceInfo/Odds3LenFuku?k_babaCode=19&k_raceDate=2026%2F09%2F29&k_raceNo=1
2026-09-29 14:25:00,14:24,2026-09-29,funabashi,1,5,三連複,1-3-4,1948.8,1948.8,165,https://www.keiba.go.jp/KeibaWeb/TodayRaceInfo/Odds3LenFuku?k_babaCode=19&k_raceDate=2026%2F09%2F29&k_raceNo=1
2026-09-29 14:25:00,14:24,2026-09-29,funabashi,1,5,三連複,1-3-5,2988.1,2988.1,196,https://www.keiba.go.jp/KeibaWeb/TodayRaceInfo/Odds3LenFuku?k_babaCode=19&k_raceDate=2026%2F09%2F29&k_raceNo=1
2026-09-29 14:25:00,14:24,2026-09-29,funabashi,1,5,三連複,1-3-6,2037.3,2037.3,170,https://www.keiba.go.jp/KeibaWeb/TodayRaceInfo/Odds3LenFuku?k_babaCode=19&k_raceDate=2026%2F09%2F29&k_raceNo=1
2026-09-29 14:25:00,14:24,2026-09-29,funabashi,1,5,三連複,1-3-7,1093.2,1093.2,144,https://www.keiba.go.jp/KeibaWeb/TodayRaceInfo/Odds3LenFuku?k_babaCode=19&k_raceDate=2026%2F09%2F29&k_raceNo=1
2026-09-29 14:25:00,14:24,2026-09-29,funabashi,1,5,三連複,1-3-8,689.5,689.5,128,https://www.keiba.go.jp/KeibaWeb/TodayRaceInfo/Odds3LenFuku?k_babaCode=19&k_raceDate=2026%2F09%2F29&k_raceNo=1
2026-09-29 14:25:00,14:24,2026-09-29,funabashi,1,5,三連複,1-3-9,1600.8,1600.8,155,https://www.keiba.go.jp/KeibaWeb/TodayRaceInfo/Odds3LenFuku?k_babaCode=19&k_raceDate=2026%2F09%2F29&k_raceNo=1
2026-09-29 14:25:00,14:24,2026-09-29,funabashi,1,5,三連複,1-4-10,814.9,814.9,137,https://www.keiba.go.jp/KeibaWeb/TodayRaceInfo/Odds3LenFuku?k_babaCode=19&k_raceDate=2026%2F09%2F29&k_raceNo=1
2026-09-29 14:25:00,14:24,2026-09-29,funabashi,1,5,三連複,1-4-11,567.3,567.3,118,https://www.keiba.go.jp/KeibaWeb/TodayRaceInfo/Odds3LenFuku?k_babaCode=19&k_raceDate=2026%2F09%2F29&k_raceNo=1
2026-09-29 14:25:00,14:24,2026-09-29,funabashi,1,5,三連複,1-4-12,3447.8,3447.8,205,https://www.keiba.go.jp/KeibaWeb/TodayRaceInfo/Odds3LenFuku?k_babaCode=19&k_raceDate=2026%2F09%2F29&k_raceNo=1
2026-09-29 14:25:00,14:24,2026-09-29,funabashi,1,5,三連複,1-4-5,527.3,527.3,114,https://www.keiba.go.jp/KeibaWeb/TodayRaceInfo/Odds3LenFuku?k_babaCode=19&k_raceDate=2026%2F09%2F29&k_raceNo=1
2026-09-29 14:25:00,14:24,2026-09-29,funabashi,1,5,三連複,1-4-6,422.8,422.8,98,https://www.keiba.go.jp/KeibaWeb/TodayRaceInfo/Odds3LenFuku?k_babaCode=19&k_raceDate=2026%2F09%2F29&k_raceNo=1
2026-09-29 14:25:00,14:24,2026-09-29,funabashi,1,5,三連複,1-4-7,383.0,383.0,87,https://www.keiba.go.jp/KeibaWeb/TodayRaceInfo/Odds3LenFuku?k_babaCode=19&k_raceDate=2026%2F09%2F29&k_raceNo=1
2026-09-29 14:25:00,14:24,2026-09-29,funabashi,1,5,三連複,1-4-8,94.7,94.7,32,https://www.keiba.go.jp/KeibaWeb/TodayRaceInfo/Odds3LenFuku?k_babaCode=19&k_raceDate=2026%2F09%2F29&k_raceNo=1
2026-09-29 14:25:00,14:24,2026-09-29,funabashi,1,5,三連複,1-4-9,509.3,509.3,110,https://www.keiba.go.jp/KeibaWeb/TodayRaceInfo/Odds3LenFuku?k_babaCode=19&k_raceDate=2026%2F09%2F29&k_raceNo=1
2026-09-29 14:25:00,14:24,2026-09-29,funabashi,1,5,三連複,1-5-10,914.7,914.7,140,https://www.keiba.go.jp/KeibaWeb/TodayRaceInfo/Odds3LenFuku?k_babaCode=19&k_raceDate=2026%2F09%2F29&k_raceNo=1
2026-09-29 14:25:00,14:24,2026-09-29,funabashi,1,5,三連複,1-5-11,689.5,689.5,128,https://www.keiba.go.jp/KeibaWeb/TodayRaceInfo/Odds3LenFuku?k_babaCode=19&k_raceDate=2026%2F09%2F29&k_raceNo=1
2026-09-29 14:25:00,14:24,2026-09-29,funabashi,1,5,三連複,1-5-12,8964.4,8964.4,216,https://www.keiba.go.jp/KeibaWeb/TodayRaceInfo/Odds3LenFuku?k_babaCode=19&k_raceDate=2026%2F09%2F29&k_raceNo=1
2026-09-29 14:25:00,14:24,2026-09-29,funabashi,1,5,三連複,1-5-6,631.3,631.3,121,https://www.keiba.go.jp/KeibaWeb/TodayRaceInfo/Odds3LenFuku?k_babaCode=19&k_raceDate=2026%2F09%2F29&k_raceNo=1
2026-09-29 14:25:00,14:24,2026-09-29,funabashi,1,5,三連複,1-5-7,878.8,878.8,139,https://www.keiba.go.jp/KeibaWeb/TodayRaceInfo/Odds3LenFuku?k_babaCode=19&k_raceDate=2026%2F09%2F29&k_raceNo=1
2026-09-29 14:25:00,14:24,2026-09-29,funabashi,1,5,三連複,1-5-8,119.2,119.2,37,https://www.keiba.go.jp/KeibaWeb/TodayRaceInfo/Odds3LenFuku?k_babaCode=19&k_raceDate=2026%2F09%2F29&k_raceNo=1
2026-09-29 14:25:00,14:24,2026-09-29,funabashi,1,5,三連複,1-5-9,711.4,711.4,131,https://www.keiba.go.jp/KeibaWeb/TodayRaceInfo/Odds3LenFuku?k_babaCode=19&k_raceDate=2026%2F09%2F29&k_raceNo=1
2026-09-29 14:25:00,14:24,2026-09-29,funabashi,1,5,三連複,1-6-10,631.3,631.3,121,https://www.keiba.go.jp/KeibaWeb/TodayRaceInfo/Odds3LenFuku?k_babaCode=19&k_raceDate=2026%2F09%2F29&k_raceNo=1
2026-09-29 14:25:00,14:24,2026-09-29,funabashi,1,5,三連複,1-6-11,396.6,396.6,89,https://www.keiba.go.jp/KeibaWeb/TodayRaceInfo/Odds3LenFuku?k_babaCode=19&k_raceDate=2026%2F09%2F29&k_raceNo=1
2026-09-29 14:25:00,14:24,2026-09-29,funabashi,1,5,三連複,1-6-12,2636.6,2636.6,188,https://www.keiba.go.jp/KeibaWeb/TodayRaceInfo/Odds3LenFuku?k_babaCode=19&k_raceDate=2026%2F09%2F29&k_raceNo=1
2026-09-29 14:25:00,14:24,2026-09-29,funabashi,1,5,三連複,1-6-7,317.8,317.8,75,https://www.keiba.go.jp/KeibaWeb/TodayRaceInfo/Odds3LenFuku?k_babaCode=19&k_raceDate=2026%2F09%2F29&k_raceNo=1
2026-09-29 14:25:00,14:24,2026-09-29,funabashi,1,5,三連複,1-6-8,69.3,69.3,29,https://www.keiba.go.jp/KeibaWeb/TodayRaceInfo/Odds3LenFuku?k_babaCode=19&k_raceDate=2026%2F09%2F29&k_raceNo=1
2026-09-29 14:25:00,14:24,2026-09-29,funabashi,1,5,三連複,1-6-9,462.0,462.0,106,https://www.keiba.go.jp/KeibaWeb/TodayRaceInfo/Odds3LenFuku?k_babaCode=19&k_raceDate=2026%2F09%2F29&k_raceNo=1
2026-09-29 14:25:00,14:24,2026-09-29,funabashi,1,5,三連複,1-7-10,974.4,974.4,142,https://www.keiba.go.jp/KeibaWeb/TodayRaceInfo/Odds3LenFuku?k_babaCode=19&k_raceDate=2026%2F09%2F29&k_raceNo=1
2026-09-29 14:25:00,14:24,2026-09-29,funabashi,1,5,三連複,1-7-11,527.3,527.3,114,https://www.keiba.go.jp/KeibaWeb/TodayRaceInfo/Odds3LenFuku?k_babaCode=19&k_raceDate=2026%2F09%2F29&k_raceNo=1
2026-09-29 14:25:00,14:24,2026-09-29,funabashi,1,5,三連複,1-7-12,3201.6,3201.6,202,https://www.keiba.go.jp/KeibaWeb/TodayRaceInfo/Odds3LenFuku?k_babaCode=19&k_raceDate=2026%2F09%2F29&k_raceNo=1
2026-09-29 14:25:00,14:24,2026-09-29,funabashi,1,5,三連複,1-7-8,106.7,106.7,35,https://www.keiba.go.jp/KeibaWeb/TodayRaceInfo/Odds3LenFuku?k_babaCode=19&k_raceDate=2026%2F09%2F29&k_raceNo=1
2026-09-29 14:25:00,14:24,2026-09-29,funabashi,1,5,三連複,1-7-9,439.4,439.4,101,https://www.keiba.go.jp/KeibaWeb/TodayRaceInfo/Odds3LenFuku?k_babaCode=19&k_raceDate=2026%2F09%2F29&k_raceNo=1
2026-09-29 14:25:00,14:24,2026-09-29,funabashi,1,5,三連複,1-8-10,138.3,138.3,38,https://www.keiba.go.jp/KeibaWeb/TodayRaceInfo/Odds3LenFuku?k_babaCode=19&k_raceDate=2026%2F09%2F29&k_raceNo=1
2026-09-29 14:25:00,14:24,2026-09-29,funabashi,1,5,三連複,1-8-11,81.9,81.9,30,https://www.keiba.go.jp/KeibaWeb/TodayRaceInfo/Odds3LenFuku?k_babaCode=19&k_raceDate=2026%2F09%2F29&k_raceNo=1
2026-09-29 14:25:00,14:24,2026-09-29,funabashi,1,5,三連複,1-8-12,1660.0,1660.0,158,https://www.keiba.go.jp/KeibaWeb/TodayRaceInfo/Odds3LenFuku?k_babaCode=19&k_raceDate=2026%2F09%2F29&k_raceNo=1
2026-09-29 14:25:00,14:24,2026-09-29,funabashi,1,5,三連複,1-8-9,85.5,85.5,31,https://www.keiba.go.jp/KeibaWeb/TodayRaceInfo/Odds3LenFuku?k_babaCode=19&k_raceDate=2026%2F09%2F29&k_raceNo=1
2026-09-29 14:25:00,14:24,2026-09-29,funabashi,1,5,三連複,1-9-10,689.5,689.5,128,https://www.keiba.go.jp/KeibaWeb/TodayRaceInfo/Odds3LenFuku?k_babaCode=19&k_raceDate=2026%2F09%2F29&k_raceNo=1
2026-09-29 14:25:00,14:24,2026-09-29,funabashi,1,5,三連複,1-9-11,403.8,403.8,92,https://www.keiba.go.jp/KeibaWeb/TodayRaceInfo/Odds3LenFuku?k_babaCode=19&k_raceDate=2026%2F09%2F29&k_raceNo=1
2026-09-29 14:25:00,14:24,2026-09-29,funabashi,1,5,三連複,1-9-12,4980.2,4980.2,209,https://www.keiba.go.jp/KeibaWeb/TodayRaceInfo/Odds3LenFuku?k_babaCode=19&k_raceDate=2026%2F09%2F29&k_raceNo=1
2026-09-29 14:25:00,14:24,2026-09-29,funabashi,1,5,三連複,10-11-12,1358.2,1358.2,147,https://www.keiba.go.jp/KeibaWeb/TodayRaceInfo/Odds3LenFuku?k_babaCode=19&k_raceDate=2026%2F09%2F29&k_raceNo=1
2026-09-29 14:25:00,14:24,2026-09-29,funabashi,1,5,三連複,2-10-11,327.1,327.1,76,https://www.keiba.go.jp/KeibaWeb/TodayRaceInfo/Odds3LenFuku?k_babaCode=19&k_raceDate=2026%2F09%2F29&k_raceNo=1
2026-09-29 14:25:00,14:24,2026-09-29,funabashi,1,5,三連複,2-10-12,2490.1,2490.1,183,https://www.keiba.go.jp/KeibaWeb/TodayRaceInfo/Odds3LenFuku?k_babaCode=19&k_raceDate=2026%2F09%2F29&k_raceNo=1
2026-09-29 14:25:00,14:24,2026-09-29,funabashi,1,5,三連複,2-11-12,2134.4,2134.4,174,https://www.keiba.go.jp/KeibaWeb/TodayRaceInfo/Odds3LenFuku?k_babaCode=19&k_raceDate=2026%2F09%2F29&k_raceNo=1
2026-09-29 14:25:00,14:24,2026-09-29,funabashi,1,5,三連複,2-3-10,2801.4,2801.4,192,https://www.keiba.go.jp/KeibaWeb/TodayRaceInfo/Odds3LenFuku?k_babaCode=19&k_raceDate=2026%2F09%2F29&k_raceNo=1
2026-09-29 14:25:00,14:24,2026-09-29,funabashi,1,5,三連複,2-3-11,2134.4,2134.4,174,https://www.keiba.go.jp/KeibaWeb/TodayRaceInfo/Odds3LenFuku?k_babaCode=19&k_raceDate=2026%2F09%2F29&k_raceNo=1
2026-09-29 14:25:00,14:24,2026-09-29,funabashi,1,5,三連複,2-3-12,14940.8,14940.8,218,https://www.keiba.go.jp/KeibaWeb/TodayRaceInfo/Odds3LenFuku?k_babaCode=19&k_raceDate=2026%2F09%2F29&k_raceNo=1
2026-09-29 14:25:00,14:24,2026-09-29,funabashi,1,5,三連複,2-3-4,1948.8,1948.8,165,https://www.keiba.go.jp/KeibaWeb/TodayRaceInfo/Odds3LenFuku?k_babaCode=19&k_raceDate=2026%2F09%2F29&k_raceNo=1
2026-09-29 14:25:00,14:24,2026-09-29,funabashi,1,5,三連複,2-3-5,1948.8,1948.8,165,https://www.keiba.go.jp/KeibaWeb/TodayRaceInfo/Odds3LenFuku?k_babaCode=19&k_raceDate=2026%2F09%2F29&k_raceNo=1
2026-09-29 14:25:00,14:24,2026-09-29,funabashi,1,5,三連複,2-3-6,914.7,914.7,140,https://www.keiba.go.jp/KeibaWeb/TodayRaceInfo/Odds3LenFuku?k_babaCode=19&k_raceDate=2026%2F09%2F29&k_raceNo=1
2026-09-29 14:25:00,14:24,2026-09-29,funabashi,1,5,三連複,2-3-7,1545.6,1545.6,154,https://www.keiba.go.jp/KeibaWeb/TodayRaceInfo/Odds3LenFuku?k_babaCode=19&k_raceDate=2026%2F09%2F29&k_raceNo=1
2026-09-29 14:25:00,14:24,2026-09-29,funabashi,1,5,三連複,2-3-8,400.2,400.2,90,https://www.keiba.go.jp/KeibaWeb/TodayRaceInfo/Odds3LenFuku?k_babaCode=19&k_raceDate=2026%2F09%2F29&k_raceNo=1
2026-09-29 14:25:00,14:24,2026-09-29,funabashi,1,5,三連複,2-3-9,1792.8,1792.8,163,https://www.keiba.go.jp/KeibaWeb/TodayRaceInfo/Odds3LenFuku?k_babaCode=19&k_raceDate=2026%2F09%2F29&k_raceNo=1
2026-09-29 14:25:00,14:24,2026-09-29,funabashi,1,5,三連複,2-4-10,487.2,487.2,108,https://www.keiba.go.jp/KeibaWeb/TodayRaceInfo/Odds3LenFuku?k_babaCode=19&k_raceDate=2026%2F09%2F29&k_raceNo=1
2026-09-29 14:25:00,14:24,2026-09-29,funabashi,1,5,三連複,2-4-11,289.1,289.1,68,https://www.keiba.go.jp/KeibaWeb/TodayRaceInfo/Odds3LenFuku?k_babaCode=19&k_raceDate=2026%2F09%2F29&k_raceNo=1
2026-09-29 14:25:00,14:24,2026-09-29,funabashi,1,5,三連複,2-4-12,2241.1,2241.1,179,https://www.keiba.go.jp/KeibaWeb/TodayRaceInfo/Odds3LenFuku?k_babaCode=19&k_raceDate=2026%2F09%2F29&k_raceNo=1
2026-09-29 14:25:00,14:24,2026-09-29,funabashi,1,5,三連複,2-4-5,339.5,339.5,78,https://www.keiba.go.jp/KeibaWeb/TodayRaceInfo/Odds3LenFuku?k_babaCode=19&k_raceDate=2026%2F09%2F29&k_raceNo=1
2026-09-29 14:25:00,14:24,2026-09-29,funabashi,1,5,三連複,2-4-6,207.5,207.5,52,https://www.keiba.go.jp/KeibaWeb/TodayRaceInfo/Odds3LenFuku?k_babaCode=19&k_raceDate=2026%2F09%2F29&k_raceNo=1
2026-09-29 14:25:00,14:24,2026-09-29,funabashi,1,5,三連複,2-4-7,244.9,244.9,60,https://www.keiba.go.jp/KeibaWeb/TodayRaceInfo/Odds3LenFuku?k_babaCode=19&k_raceDate=2026%2F09%2F29&k_raceNo=1
2026-09-29 14:25:00,14:24,2026-09-29,funabashi,1,5,三連複,2-4-8,42.5,42.5,21,https://www.keiba.go.jp/KeibaWeb/TodayRaceInfo/Odds3LenFuku?k_babaCode=19&k_raceDate=2026%2F09%2F29&k_raceNo=1
2026-09-29 14:25:00,14:24,2026-09-29,funabashi,1,5,三連複,2-4-9,344.7,344.7,79,https://www.keiba.go.jp/KeibaWeb/TodayRaceInfo/Odds3LenFuku?k_babaCode=19&k_raceDate=2026%2F09%2F29&k_raceNo=1
2026-09-29 14:25:00,14:24,2026-09-29,funabashi,1,5,三連複,2-5-10,315.6,315.6,73,https://www.keiba.go.jp/KeibaWeb/TodayRaceInfo/Odds3LenFuku?k_babaCode=19&k_raceDate=2026%2F09%2F29&k_raceNo=1
2026-09-29 14:25:00,14:24,2026-09-29,funabashi,1,5,三連複,2-5-11,202.8,202.8,51,https://www.keiba.go.jp/KeibaWeb/TodayRaceInfo/Odds3LenFuku?k_babaCode=19&k_raceDate=2026%2F09%2F29&k_raceNo=1
2026-09-29 14:25:00,14:24,2026-09-29,funabashi,1,5,三連複,2-5-12,3201.6,3201.6,202,https://www.keiba.go.jp/KeibaWeb/TodayRaceInfo/Odds3LenFuku?k_babaCode=19&k_raceDate=2026%2F09%2F29&k_raceNo=1
2026-09-29 14:25:00,14:24,2026-09-29,funabashi,1,5,三連複,2-5-6,220.8,220.8,54,https://www.keiba.go.jp/KeibaWeb/TodayRaceInfo/Odds3LenFuku?k_babaCode=19&k_raceDate=2026%2F09%2F29&k_raceNo=1
2026-09-29 14:25:00,14:24,2026-09-29,funabashi,1,5,三連複,2-5-7,287.3,287.3,66,https://www.keiba.go.jp/KeibaWeb/TodayRaceInfo/Odds3LenFuku?k_babaCode=19&k_raceDate=2026%2F09%2F29&k_raceNo=1
2026-09-29 14:25:00,14:24,2026-09-29,funabashi,1,5,三連複,2-5-8,32.2,32.2,14,https://www.keiba.go.jp/KeibaWeb/TodayRaceInfo/Odds3LenFuku?k_babaCode=19&k_raceDate=2026%2F09%2F29&k_raceNo=1
2026-09-29 14:25:00,14:24,2026-09-29,funabashi,1,5,三連複,2-5-9,361.4,361.4,83,https://www.keiba.go.jp/KeibaWeb/TodayRaceInfo/Odds3LenFuku?k_babaCode=19&k_raceDate=2026%2F09%2F29&k_raceNo=1
2026-09-29 14:25:00,14:24,2026-09-29,funabashi,1,5,三連複,2-6-10,274.9,274.9,64,https://www.keiba.go.jp/KeibaWeb/TodayRaceInfo/Odds3LenFuku?k_babaCode=19&k_raceDate=2026%2F09%2F29&k_raceNo=1
2026-09-29 14:25:00,14:24,2026-09-29,funabashi,1,5,三連複,2-6-11,151.4,151.4,41,https://www.keiba.go.jp/KeibaWeb/TodayRaceInfo/Odds3LenFuku?k_babaCode=19&k_raceDate=2026%2F09%2F29&k_raceNo=1
2026-09-29 14:25:00,14:24,2026-09-29,funabashi,1,5,三連複,2-6-12,1358.2,1358.2,147,https://www.keiba.go.jp/KeibaWeb/TodayRaceInfo/Odds3LenFuku?k_babaCode=19&k_raceDate=2026%2F09%2F29&k_raceNo=1
2026-09-29 14:25:00,14:24,2026-09-29,funabashi,1,5,三連複,2-6-7,178.5,178.5,47,https://www.keiba.go.jp/KeibaWeb/TodayRaceInfo/Odds3LenFuku?k_babaCode=19&k_raceDate=2026%2F09%2F29&k_raceNo=1
2026-09-29 14:25:00,14:24,2026-09-29,funabashi,1,5,三連複,2-6-8,19.8,19.8,3,https://www.keiba.go.jp/KeibaWeb/TodayRaceInfo/Odds3LenFuku?k_babaCode=19&k_raceDate=2026%2F09%2F29&k_raceNo=1
2026-09-29 14:25:00,14:24,2026-09-29,funabashi,1,5,三連複,2-6-9,182.2,182.2,48,https://www.keiba.go.jp/KeibaWeb/TodayRaceInfo/Odds3LenFuku?k_babaCode=19&k_raceDate=2026%2F09%2F29&k_raceNo=1
2026-09-29 14:25:00,14:24,2026-09-29,funabashi,1,5,三連複,2-7-10,614.0,614.0,120,https://www.keiba.go.jp/KeibaWeb/TodayRaceInfo/Odds3LenFuku?k_babaCode=19&k_raceDate=2026%2F09%2F29&k_raceNo=1
2026-09-29 14:25:00,14:24,2026-09-29,funabashi,1,5,三連複,2-7-11,300.8,300.8,71,https://www.keiba.go.jp/KeibaWeb/TodayRaceInfo/Odds3LenFuku?k_babaCode=19&k_raceDate=2026%2F09%2F29&k_raceNo=1
2026-09-29 14:25:00,14:24,2026-09-29,funabashi,1,5,三連複,2-7-12,4074.7,4074.7,207,https://www.keiba.go.jp/KeibaWeb/TodayRaceInfo/Odds3LenFuku?k_babaCode=19&k_raceDate=2026%2F09%2F29&k_raceNo=1
2026-09-29 14:25:00,14:24,2026-09-29,funabashi,1,5,三連複,2-7-8,42.7,42.7,22,https://www.keiba.go.jp/KeibaWeb/TodayRaceInfo/Odds3LenFuku?k_babaCode=19&k_raceDate=2026%2F09%2F29&k_raceNo=1
2026-09-29 14:25:00,14:24,2026-09-29,funabashi,1,5,三連複,2-7-9,287.3,287.3,66,https://www.keiba.go.jp/KeibaWeb/TodayRaceInfo/Odds3LenFuku?k_babaCode=19&k_raceDate=2026%2F09%2F29&k_raceNo=1
2026-09-29 14:25:00,14:24,2026-09-29,funabashi,1,5,三連複,2-8-10,47.3,47.3,25,https://www.keiba.go.jp/KeibaWeb/TodayRaceInfo/Odds3LenFuku?k_babaCode=19&k_raceDate=2026%2F09%2F29&k_raceNo=1
2026-09-29 14:25:00,14:24,2026-09-29,funabashi,1,5,三連複,2-8-11,25.5,25.5,8,https://www.keiba.go.jp/KeibaWeb/TodayRaceInfo/Odds3LenFuku?k_babaCode=19&k_raceDate=2026%2F09%2F29&k_raceNo=1
2026-09-29 14:25:00,14:24,2026-09-29,funabashi,1,5,三連複,2-8-12,515.2,515.2,112,https://www.keiba.go.jp/KeibaWeb/TodayRaceInfo/Odds3LenFuku?k_babaCode=19&k_raceDate=2026%2F09%2F29&k_raceNo=1
2026-09-29 14:25:00,14:24,2026-09-29,funabashi,1,5,三連複,2-8-9,32.2,32.2,15,https://www.keiba.go.jp/KeibaWeb/TodayRaceInfo/Odds3LenFuku?k_babaCode=19&k_raceDate=2026%2F09%2F29&k_raceNo=1
2026-09-29 14:25:00,14:24,2026-09-29,funabashi,1,5,三連複,2-9-10,415.0,415.0,94,https://www.keiba.go.jp/KeibaWeb/TodayRaceInfo/Odds3LenFuku?k_babaCode=19&k_raceDate=2026%2F09%2F29&k_raceNo=1
2026-09-29 14:25:00,14:24,2026-09-29,funabashi,1,5,三連複,2-9-11,262.1,262.1,62,https://www.keiba.go.jp/KeibaWeb/TodayRaceInfo/Odds3LenFuku?k_babaCode=19&k_raceDate=2026%2F09%2F29&k_raceNo=1
2026-09-29 14:25:00,14:24,2026-09-29,funabashi,1,5,三連複,2-9-12,5602.8,5602.8,212,https://www.keiba.go.jp/KeibaWeb/TodayRaceInfo/Odds3LenFuku?k_babaCode=19&k_raceDate=2026%2F09%2F29&k_raceNo=1
2026-09-29 14:25:00,14:24,2026-09-29,funabashi,1,5,三連複,3-10-11,2801.4,2801.4,192,https://www.keiba.go.jp/KeibaWeb/TodayRaceInfo/Odds3LenFuku?k_babaCode=19&k_raceDate=2026%2F09%2F29&k_raceNo=1
2026-09-29 14:25:00,14:24,2026-09-29,funabashi,1,5,三連複,3-10-12,4074.7,4074.7,207,https://www.keiba.go.jp/KeibaWeb/TodayRaceInfo/Odds3LenFuku?k_babaCode=19&k_raceDate=2026%2F09%2F29&k_raceNo=1
2026-09-29 14:25:00,14:24,2026-09-29,funabashi,1,5,三連複,3-11-12,2988.1,2988.1,196,https://www.keiba.go.jp/KeibaWeb/TodayRaceInfo/Odds3LenFuku?k_babaCode=19&k_raceDate=2026%2F09%2F29&k_raceNo=1
2026-09-29 14:25:00,14:24,2026-09-29,funabashi,1,5,三連複,3-4-10,2636.6,2636.6,188,https://www.keiba.go.jp/KeibaWeb/TodayRaceInfo/Odds3LenFuku?k_babaCode=19&k_raceDate=2026%2F09%2F29&k_raceNo=1
2026-09-29 14:25:00,14:24,2026-09-29,funabashi,1,5,三連複,3-4-11,2359.0,2359.0,180,https://www.keiba.go.jp/KeibaWeb/TodayRaceInfo/Odds3LenFuku?k_babaCode=19&k_raceDate=2026%2F09%2F29&k_raceNo=1
2026-09-29 14:25:00,14:24,2026-09-29,funabashi,1,5,三連複,3-4-12,11205.6,11205.6,217,https://www.keiba.go.jp/KeibaWeb/TodayRaceInfo/Odds3LenFuku?k_babaCode=19&k_raceDate=2026%2F09%2F29&k_raceNo=1
2026-09-29 14:25:00,14:24,2026-09-29,funabashi,1,5,三連複,3-4-5,2801.4,2801.4,192,https://www.keiba.go.jp/KeibaWeb/TodayRaceInfo/Odds3LenFuku?k_babaCode=19&k_raceDate=2026%2F09%2F29&k_raceNo=1
2026-09-29 14:25:00,14:24,2026-09-29,funabashi,1,5,三連複,3-4-6,1445.8,1445.8,153,https://www.keiba.go.jp/KeibaWeb/TodayRaceInfo/Odds3LenFuku?k_babaCode=19&k_raceDate=2026%2F09%2F29&k_raceNo=1
2026-09-29 14:25:00,14:24,2026-09-29,funabashi,1,5,三連複,3-4-7,786.3,786.3,136,https://www.keiba.go.jp/KeibaWeb/TodayRaceInfo/Odds3LenFuku?k_babaCode=19&k_raceDate=2026%2F09%2F29&k_raceNo=1
2026-09-29 14:25:00,14:24,2026-09-29,funabashi,1,5,三連複,3-4-8,426.8,426.8,99,https://www.keiba.go.jp/KeibaWeb/TodayRaceInfo/Odds3LenFuku?k_babaCode=19&k_raceDate=2026%2F09%2F29&k_raceNo=1
2026-09-29 14:25:00,14:24,2026-09-29,funabashi,1,5,三連複,3-4-9,1358.2,1358.2,147,https://www.keiba.go.jp/KeibaWeb/TodayRaceInfo/Odds3LenFuku?k_babaCode=19&k_raceDate=2026%2F09%2F29&k_raceNo=1
2026-09-29 14:25:00,14:24,2026-09-29,funabashi,1,5,三連複,3-5-10,2490.1,2490.1,183,https://www.keiba.go.jp/KeibaWeb/TodayRaceInfo/Odds3LenFuku?k_babaCode=19&k_raceDate=2026%2F09%2F29&k_raceNo=1
2026-09-29 14:25:00,14:24,2026-09-29,funabashi,1,5,三連複,3-5-11,2490.1,2490.1,183,https://www.keiba.go.jp/KeibaWeb/TodayRaceInfo/Odds3LenFuku?k_babaCode=19&k_raceDate=2026%2F09%2F29&k_raceNo=1
2026-09-29 14:25:00,14:24,2026-09-29,funabashi,1,5,三連複,3-5-12,44822.4,44822.4,220,https://www.keiba.go.jp/KeibaWeb/TodayRaceInfo/Odds3LenFuku?k_babaCode=19&k_raceDate=2026%2F09%2F29&k_raceNo=1
2026-09-29 14:25:00,14:24,2026-09-29,funabashi,1,5,三連複,3-5-6,1093.2,1093.2,144,https://www.keiba.go.jp/KeibaWeb/TodayRaceInfo/Odds3LenFuku?k_babaCode=19&k_raceDate=2026%2F09%2F29&k_raceNo=1
2026-09-29 14:25:00,14:24,2026-09-29,funabashi,1,5,三連複,3-5-7,2037.3,2037.3,170,https://www.keiba.go.jp/KeibaWeb/TodayRaceInfo/Odds3LenFuku?k_babaCode=19&k_raceDate=2026%2F09%2F29&k_raceNo=1
2026-09-29 14:25:00,14:24,2026-09-29,funabashi,1,5,三連複,3-5-8,439.4,439.4,101,https://www.keiba.go.jp/KeibaWeb/TodayRaceInfo/Odds3LenFuku?k_babaCode=19&k_raceDate=2026%2F09%2F29&k_raceNo=1
2026-09-29 14:25:00,14:24,2026-09-29,funabashi,1,5,三連複,3-5-9,2636.6,2636.6,188,https://www.keiba.go.jp/KeibaWeb/TodayRaceInfo/Odds3LenFuku?k_babaCode=19&k_raceDate=2026%2F09%2F29&k_raceNo=1
2026-09-29 14:25:00,14:24,2026-09-29,funabashi,1,5,三連複,3-6-10,2359.0,2359.0,180,https://www.keiba.go.jp/KeibaWeb/TodayRaceInfo/Odds3LenFuku?k_babaCode=19&k_raceDate=2026%2F09%2F29&k_raceNo=1
2026-09-29 14:25:00,14:24,2026-09-29,funabashi,1,5,三連複,3-6-11,1211.4,1211.4,146,https://www.keiba.go.jp/KeibaWeb/TodayRaceInfo/Odds3LenFuku?k_babaCode=19&k_raceDate=2026%2F09%2F29&k_raceNo=1
2026-09-29 14:25:00,14:24,2026-09-29,funabashi,1,5,三連複,3-6-12,6403.2,6403.2,214,https://www.keiba.go.jp/KeibaWeb/TodayRaceInfo/Odds3LenFuku?k_babaCode=19&k_raceDate=2026%2F09%2F29&k_raceNo=1
2026-09-29 14:25:00,14:24,2026-09-29,funabashi,1,5,三連複,3-6-7,772.8,772.8,134,https://www.keiba.go.jp/KeibaWeb/TodayRaceInfo/Odds3LenFuku?k_babaCode=19&k_raceDate=2026%2F09%2F29&k_raceNo=1
2026-09-29 14:25:00,14:24,2026-09-29,funabashi,1,5,三連複,3-6-8,273.3,273.3,63,https://www.keiba.go.jp/KeibaWeb/TodayRaceInfo/Odds3LenFuku?k_babaCode=19&k_raceDate=2026%2F09%2F29&k_raceNo=1
2026-09-29 14:25:00,14:24,2026-09-29,funabashi,1,5,三連複,3-6-9,640.3,640.3,124,https://www.keiba.go.jp/KeibaWeb/TodayRaceInfo/Odds3LenFuku?k_babaCode=19&k_raceDate=2026%2F09%2F29&k_raceNo=1
2026-09-29 14:25:00,14:24,2026-09-29,funabashi,1,5,三連複,3-7-10,2988.1,2988.1,196,https://www.keiba.go.jp/KeibaWeb/TodayRaceInfo/Odds3LenFuku?k_babaCode=19&k_raceDate=2026%2F09%2F29&k_raceNo=1
2026-09-29 14:25:00,14:24,2026-09-29,funabashi,1,5,三連複,3-7-11,1948.8,1948.8,165,https://www.keiba.go.jp/KeibaWeb/TodayRaceInfo/Odds3LenFuku?k_babaCode=19&k_raceDate=2026%2F09%2F29&k_raceNo=1
2026-09-29 14:25:00,14:24,2026-09-29,funabashi,1,5,三連複,3-7-12,5602.8,5602.8,212,https://www.keiba.go.jp/KeibaWeb/TodayRaceInfo/Odds3LenFuku?k_babaCode=19&k_raceDate=2026%2F09%2F29&k_raceNo=1
2026-09-29 14:25:00,14:24,2026-09-29,funabashi,1,5,三連複,3-7-8,379.8,379.8,85,https://www.keiba.go.jp/KeibaWeb/TodayRaceInfo/Odds3LenFuku?k_babaCode=19&k_raceDate=2026%2F09%2F29&k_raceNo=1
2026-09-29 14:25:00,14:24,2026-09-29,funabashi,1,5,三連複,3-7-9,734.7,734.7,132,https://www.keiba.go.jp/KeibaWeb/TodayRaceInfo/Odds3LenFuku?k_babaCode=19&k_raceDate=2026%2F09%2F29&k_raceNo=1
2026-09-29 14:25:00,14:24,2026-09-29,funabashi,1,5,三連複,3-8-10,640.3,640.3,124,https://www.keiba.go.jp/KeibaWeb/TodayRaceInfo/Odds3LenFuku?k_babaCode=19&k_raceDate=2026%2F09%2F29&k_raceNo=1
2026-09-29 14:25:00,14:24,2026-09-29,funabashi,1,5,三連複,3-8-11,347.4,347.4,81,https://www.keiba.go.jp/KeibaWeb/TodayRaceInfo/Odds3LenFuku?k_babaCode=19&k_raceDate=2026%2F09%2F29&k_raceNo=1
2026-09-29 14:25:00,14:24,2026-09-29,funabashi,1,5,三連複,3-8-12,2490.1,2490.1,183,https://www.keiba.go.jp/KeibaWeb/TodayRaceInfo/Odds3LenFuku?k_babaCode=19&k_raceDate=2026%2F09%2F29&k_raceNo=1
2026-09-29 14:25:00,14:24,2026-09-29,funabashi,1,5,三連複,3-8-9,344.7,344.7,79,https://www.keiba.go.jp/KeibaWeb/TodayRaceInfo/Odds3LenFuku?k_babaCode=19&k_raceDate=2026%2F09%2F29&k_raceNo=1
2026-09-29 14:25:00,14:24,2026-09-29,funabashi,1,5,三連複,3-9-10,1867.6,1867.6,164,https://www.keiba.go.jp/KeibaWeb/TodayRaceInfo/Odds3LenFuku?k_babaCode=19&k_raceDate=2026%2F09%2F29&k_raceNo=1
2026-09-29 14:25:00,14:24,2026-09-29,funabashi,1,5,三連複,3-9-11,1600.8,1600.8,155,https://www.keiba.go.jp/KeibaWeb/TodayRaceInfo/Odds3LenFuku?k_babaCode=19&k_raceDate=2026%2F09%2F29&k_raceNo=1
2026-09-29 14:25:00,14:24,2026-09-29,funabashi,1,5,三連複,3-9-12,7470.4,7470.4,215,https://www.keiba.go.jp/KeibaWeb/TodayRaceInfo/Odds3LenFuku?k_babaCode=19&k_raceDate=2026%2F09%2F29&k_raceNo=1
2026-09-29 14:25:00,14:24,2026-09-29,funabashi,1,5,三連複,4-10-11,376.6,376.6,84,https://www.keiba.go.jp/KeibaWeb/TodayRaceInfo/Odds3LenFuku?k_babaCode=19&k_raceDate=2026%2F09%2F29&k_raceNo=1
2026-09-29 14:25:00,14:24,2026-09-29,funabashi,1,5,三連複,4-10-12,2134.4,2134.4,174,https://www.keiba.go.jp/KeibaWeb/TodayRaceInfo/Odds3LenFuku?k_babaCode=19&k_raceDate=2026%2F09%2F29&k_raceNo=1
2026-09-29 14:25:00,14:24,2026-09-29,funabashi,1,5,三連複,4-11-12,2359.0,2359.0,180,https://www.keiba.go.jp/KeibaWeb/TodayRaceInfo/Odds3LenFuku?k_babaCode=19&k_raceDate=2026%2F09%2F29&k_raceNo=1
2026-09-29 14:25:00,14:24,2026-09-29,funabashi,1,5,三連複,4-5-10,415.0,415.0,94,https://www.keiba.go.jp/KeibaWeb/TodayRaceInfo/Odds3LenFuku?k_babaCode=19&k_raceDate=2026%2F09%2F29&k_raceNo=1
2026-09-29 14:25:00,14:24,2026-09-29,funabashi,1,5,三連複,4-5-11,243.6,243.6,59,https://www.keiba.go.jp/KeibaWeb/TodayRaceInfo/Odds3LenFuku?k_babaCode=19&k_raceDate=2026%2F09%2F29&k_raceNo=1
2026-09-29 14:25:00,14:24,2026-09-29,funabashi,1,5,三連複,4-5-12,2988.1,2988.1,196,https://www.keiba.go.jp/KeibaWeb/TodayRaceInfo/Odds3LenFuku?k_babaCode=19&k_raceDate=2026%2F09%2F29&k_raceNo=1
2026-09-29 14:25:00,14:24,2026-09-29,funabashi,1,5,三連複,4-5-6,144.5,144.5,40,https://www.keiba.go.jp/KeibaWeb/TodayRaceInfo/Odds3LenFuku?k_babaCode=19&k_raceDate=2026%2F09%2F29&k_raceNo=1
2026-09-29 14:25:00,14:24,2026-09-29,funabashi,1,5,三連複,4-5-7,198.3,198.3,49,https://www.keiba.go.jp/KeibaWeb/TodayRaceInfo/Odds3LenFuku?k_babaCode=19&k_raceDate=2026%2F09%2F29&k_raceNo=1
2026-09-29 14:25:00,14:24,2026-09-29,funabashi,1,5,三連複,4-5-8,30.9,30.9,12,https://www.keiba.go.jp/KeibaWeb/TodayRaceInfo/Odds3LenFuku?k_babaCode=19&k_raceDate=2026%2F09%2F29&k_raceNo=1
2026-09-29 14:25:00,14:24,2026-09-29,funabashi,1,5,三連複,4-5-9,281.9,281.9,65,https://www.keiba.go.jp/KeibaWeb/TodayRaceInfo/Odds3LenFuku?k_babaCode=19&k_raceDate=2026%2F09%2F29&k_raceNo=1
2026-09-29 14:25:00,14:24,2026-09-29,funabashi,1,5,三連複,4-6-10,298.8,298.8,70,https://www.keiba.go.jp/KeibaWeb/TodayRaceInfo/Odds3LenFuku?k_babaCode=19&k_raceDate=2026%2F09%2F29&k_raceNo=1
2026-09-29 14:25:00,14:24,2026-09-29,funabashi,1,5,三連複,4-6-11,139.2,139.2,39,https://www.keiba.go.jp/KeibaWeb/TodayRaceInfo/Odds3LenFuku?k_babaCode=19&k_raceDate=2026%2F09%2F29&k_raceNo=1
2026-09-29 14:25:00,14:24,2026-09-29,funabashi,1,5,三連複,4-6-12,1400.7,1400.7,151,https://www.keiba.go.jp/KeibaWeb/TodayRaceInfo/Odds3LenFuku?k_babaCode=19&k_raceDate=2026%2F09%2F29&k_raceNo=1
2026-09-29 14:25:00,14:24,2026-09-29,funabashi,1,5,三連複,4-6-7,102.3,102.3,33,https://www.keiba.go.jp/KeibaWeb/TodayRaceInfo/Odds3LenFuku?k_babaCode=19&k_raceDate=2026%2F09%2F29&k_raceNo=1
2026-09-29 14:25:00,14:24,2026-09-29,funabashi,1,5,三連複,4-6-8,21.0,21.0,5,https://www.keiba.go.jp/KeibaWeb/TodayRaceInfo/Odds3LenFuku?k_babaCode=19&k_raceDate=2026%2F09%2F29&k_raceNo=1
2026-09-29 14:25:00,14:24,2026-09-29,funabashi,1,5,三連複,4-6-9,198.3,198.3,49,https://www.keiba.go.jp/KeibaWeb/TodayRaceInfo/Odds3LenFuku?k_babaCode=19&k_raceDate=2026%2F09%2F29&k_raceNo=1
2026-09-29 14:25:00,14:24,2026-09-29,funabashi,1,5,三連複,4-7-10,439.4,439.4,101,https://www.keiba.go.jp/KeibaWeb/TodayRaceInfo/Odds3LenFuku?k_babaCode=19&k_raceDate=2026%2F09%2F29&k_raceNo=1
2026-09-29 14:25:00,14:24,2026-09-29,funabashi,1,5,三連複,4-7-11,158.3,158.3,44,https://www.keiba.go.jp/KeibaWeb/TodayRaceInfo/Odds3LenFuku?k_babaCode=19&k_raceDate=2026%2F09%2F29&k_raceNo=1
2026-09-29 14:25:00,14:24,2026-09-29,funabashi,1,5,三連複,4-7-12,1660.0,1660.0,158,https://www.keiba.go.jp/KeibaWeb/TodayRaceInfo/Odds3LenFuku?k_babaCode=19&k_raceDate=2026%2F09%2F29&k_raceNo=1
2026-09-29 14:25:00,14:24,2026-09-29,funabashi,1,5,三連複,4-7-8,31.7,31.7,13,https://www.keiba.go.jp/KeibaWeb/TodayRaceInfo/Odds3LenFuku?k_babaCode=19&k_raceDate=2026%2F09%2F29&k_raceNo=1
2026-09-29 14:25:00,14:24,2026-09-29,funabashi,1,5,三連複,4-7-9,210.4,210.4,53,https://www.keiba.go.jp/KeibaWeb/TodayRaceInfo/Odds3LenFuku?k_babaCode=19&k_raceDate=2026%2F09%2F29&k_raceNo=1
2026-09-29 14:25:00,14:24,2026-09-29,funabashi,1,5,三連複,4-8-10,58.9,58.9,27,https://www.keiba.go.jp/KeibaWeb/TodayRaceInfo/Odds3LenFuku?k_babaCode=19&k_raceDate=2026%2F09%2F29&k_raceNo=1
2026-09-29 14:25:00,14:24,2026-09-29,funabashi,1,5,三連複,4-8-11,26.7,26.7,11,https://www.keiba.go.jp/KeibaWeb/TodayRaceInfo/Odds3LenFuku?k_babaCode=19&k_raceDate=2026%2F09%2F29&k_raceNo=1
2026-09-29 14:25:00,14:24,2026-09-29,funabashi,1,5,三連複,4-8-12,400.2,400.2,90,https://www.keiba.go.jp/KeibaWeb/TodayRaceInfo/Odds3LenFuku?k_babaCode=19&k_raceDate=2026%2F09%2F29&k_raceNo=1
2026-09-29 14:25:00,14:24,2026-09-29,funabashi,1,5,三連複,4-8-9,39.8,39.8,20,https://www.keiba.go.jp/KeibaWeb/TodayRaceInfo/Odds3LenFuku?k_babaCode=19&k_raceDate=2026%2F09%2F29&k_raceNo=1
2026-09-29 14:25:00,14:24,2026-09-29,funabashi,1,5,三連複,4-9-10,443.7,443.7,104,https://www.keiba.go.jp/KeibaWeb/TodayRaceInfo/Odds3LenFuku?k_babaCode=19&k_raceDate=2026%2F09%2F29&k_raceNo=1
2026-09-29 14:25:00,14:24,2026-09-29,funabashi,1,5,三連複,4-9-11,240.9,240.9,58,https://www.keiba.go.jp/KeibaWeb/TodayRaceInfo/Odds3LenFuku?k_babaCode=19&k_raceDate=2026%2F09%2F29&k_raceNo=1
2026-09-29 14:25:00,14:24,2026-09-29,funabashi,1,5,三連複,4-9-12,2490.1,2490.1,183,https://www.keiba.go.jp/KeibaWeb/TodayRaceInfo/Odds3LenFuku?k_babaCode=19&k_raceDate=2026%2F09%2F29&k_raceNo=1
2026-09-29 14:25:00,14:24,2026-09-29,funabashi,1,5,三連複,5-10-11,426.8,426.8,99,https://www.keiba.go.jp/KeibaWeb/TodayRaceInfo/Odds3LenFuku?k_babaCode=19&k_raceDate=2026%2F09%2F29&k_raceNo=1
2026-09-29 14:25:00,14:24,2026-09-29,funabashi,1,5,三連複,5-10-12,3735.2,3735.2,206,https://www.keiba.go.jp/KeibaWeb/TodayRaceInfo/Odds3LenFuku?k_babaCode=19&k_raceDate=2026%2F09%2F29&k_raceNo=1
2026-09-29 14:25:00,14:24,2026-09-29,funabashi,1,5,三連複,5-11-12,1660.0,1660.0,158,https://www.keiba.go.jp/KeibaWeb/TodayRaceInfo/Odds3LenFuku?k_babaCode=19&k_raceDate=2026%2F09%2F29&k_raceNo=1
2026-09-29 14:25:00,14:24,2026-09-29,funabashi,1,5,三連複,5-6-10,358.5,358.5,82,https://www.keiba.go.jp/KeibaWeb/TodayRaceInfo/Odds3LenFuku?k_babaCode=19&k_raceDate=2026%2F09%2F29&k_raceNo=1
2026-09-29 14:25:00,14:24,2026-09-29,funabashi,1,5,三連複,5-6-11,167.8,167.8,45,https://www.keiba.go.jp/KeibaWeb/TodayRaceInfo/Odds3LenFuku?k_babaCode=19&k_raceDate=2026%2F09%2F29&k_raceNo=1
2026-09-29 14:25:00,14:24,2026-09-29,funabashi,1,5,三連複,5-6-12,1600.8,1600.8,155,https://www.keiba.go.jp/KeibaWeb/TodayRaceInfo/Odds3LenFuku?k_babaCode=19&k_raceDate=2026%2F09%2F29&k_raceNo=1
2026-09-29 14:25:00,14:24,2026-09-29,funabashi,1,5,三連複,5-6-7,173.7,173.7,46,https://www.keiba.go.jp/KeibaWeb/TodayRaceInfo/Odds3LenFuku?k_babaCode=19&k_raceDate=2026%2F09%2F29&k_raceNo=1
2026-09-29 14:25:00,14:24,2026-09-29,funabashi,1,5,三連複,5-6-8,25.1,25.1,7,https://www.keiba.go.jp/KeibaWeb/TodayRaceInfo/Odds3LenFuku?k_babaCode=19&k_raceDate=2026%2F09%2F29&k_raceNo=1
2026-09-29 14:25:00,14:24,2026-09-29,funabashi,1,5,三連複,5-6-9,296.8,296.8,69,https://www.keiba.go.jp/KeibaWeb/TodayRaceInfo/Odds3LenFuku?k_babaCode=19&k_raceDate=2026%2F09%2F29&k_raceNo=1
2026-09-29 14:25:00,14:24,2026-09-29,funabashi,1,5,三連複,5-7-10,415.0,415.0,94,https://www.keiba.go.jp/KeibaWeb/TodayRaceInfo/Odds3LenFuku?k_babaCode=19&k_raceDate=2026%2F09%2F29&k_raceNo=1
2026-09-29 14:25:00,14:24,2026-09-29,funabashi,1,5,三連複,5-7-11,229.8,229.8,56,https://www.keiba.go.jp/KeibaWeb/TodayRaceInfo/Odds3LenFuku?k_babaCode=19&k_raceDate=2026%2F09%2F29&k_raceNo=1
2026-09-29 14:25:00,14:24,2026-09-29,funabashi,1,5,三連複,5-7-12,2801.4,2801.4,192,https://www.keiba.go.jp/KeibaWeb/TodayRaceInfo/Odds3LenFuku?k_babaCode=19&k_raceDate=2026%2F09%2F29&k_raceNo=1
2026-09-29 14:25:00,14:24,2026-09-29,funabashi,1,5,三連複,5-7-8,46.9,46.9,24,https://www.keiba.go.jp/KeibaWeb/TodayRaceInfo/Odds3LenFuku?k_babaCode=19&k_raceDate=2026%2F09%2F29&k_raceNo=1
2026-09-29 14:25:00,14:24,2026-09-29,funabashi,1,5,三連複,5-7-9,415.0,415.0,94,https://www.keiba.go.jp/KeibaWeb/TodayRaceInfo/Odds3LenFuku?k_babaCode=19&k_raceDate=2026%2F09%2F29&k_raceNo=1
2026-09-29 14:25:00,14:24,2026-09-29,funabashi,1,5,三連複,5-8-10,47.8,47.8,26,https://www.keiba.go.jp/KeibaWeb/TodayRaceInfo/Odds3LenFuku?k_babaCode=19&k_raceDate=2026%2F09%2F29&k_raceNo=1
2026-09-29 14:25:00,14:24,2026-09-29,funabashi,1,5,三連複,5-8-11,26.6,26.6,10,https://www.keiba.go.jp/KeibaWeb/TodayRaceInfo/Odds3LenFuku?k_babaCode=19&k_raceDate=2026%2F09%2F29&k_raceNo=1
2026-09-29 14:25:00,14:24,2026-09-29,funabashi,1,5,三連複,5-8-12,481.9,481.9,107,https://www.keiba.go.jp/KeibaWeb/TodayRaceInfo/Odds3LenFuku?k_babaCode=19&k_raceDate=2026%2F09%2F29&k_raceNo=1
2026-09-29 14:25:00,14:24,2026-09-29,funabashi,1,5,三連複,5-8-9,36.6,36.6,18,https://www.keiba.go.jp/KeibaWeb/TodayRaceInfo/Odds3LenFuku?k_babaCode=19&k_raceDate=2026%2F09%2F29&k_raceNo=1
2026-09-29 14:25:00,14:24,2026-09-29,funabashi,1,5,三連複,5-9-10,521.1,521.1,113,https://www.keiba.go.jp/KeibaWeb/TodayRaceInfo/Odds3LenFuku?k_babaCode=19&k_raceDate=2026%2F09%2F29&k_raceNo=1
2026-09-29 14:25:00,14:24,2026-09-29,funabashi,1,5,三連複,5-9-11,300.8,300.8,71,https://www.keiba.go.jp/KeibaWeb/TodayRaceInfo/Odds3LenFuku?k_babaCode=19&k_raceDate=2026%2F09%2F29&k_raceNo=1
2026-09-29 14:25:00,14:24,2026-09-29,funabashi,1,5,三連複,5-9-12,4980.2,4980.2,209,https://www.keiba.go.jp/KeibaWeb/TodayRaceInfo/Odds3LenFuku?k_babaCode=19&k_raceDate=2026%2F09%2F29&k_raceNo=1
2026-09-29 14:25:00,14:24,2026-09-29,funabashi,1,5,三連複,6-10-11,232.2,232.2,57,https://www.keiba.go.jp/KeibaWeb/TodayRaceInfo/Odds3LenFuku?k_babaCode=19&k_raceDate=2026%2F09%2F29&k_raceNo=1
2026-09-29 14:25:00,14:24,2026-09-29,funabashi,1,5,三連複,6-10-12,1948.8,1948.8,165,https://www.keiba.go.jp/KeibaWeb/TodayRaceInfo/Odds3LenFuku?k_babaCode=19&k_raceDate=2026%2F09%2F29&k_raceNo=1
2026-09-29 14:25:00,14:24,2026-09-29,funabashi,1,5,三連複,6-11-12,1042.3,1042.3,143,https://www.keiba.go.jp/KeibaWeb/TodayRaceInfo/Odds3LenFuku?k_babaCode=19&k_raceDate=2026%2F09%2F29&k_raceNo=1
2026-09-29 14:25:00,14:24,2026-09-29,funabashi,1,5,三連複,6-7-10,386.4,386.4,88,https://www.keiba.go.jp/KeibaWeb/TodayRaceInfo/Odds3LenFuku?k_babaCode=19&k_raceDate=2026%2F09%2F29&k_raceNo=1
2026-09-29 14:25:00,14:24,2026-09-29,funabashi,1,5,三連複,6-7-11,118.2,118.2,36,https://www.keiba.go.jp/KeibaWeb/TodayRaceInfo/Odds3LenFuku?k_babaCode=19&k_raceDate=2026%2F09%2F29&k_raceNo=1
2026-09-29 14:25:00,14:24,2026-09-29,funabashi,1,5,三連複,6-7-12,1400.7,1400.7,151,https://www.keiba.go.jp/KeibaWeb/TodayRaceInfo/Odds3LenFuku?k_babaCode=19&k_raceDate=2026%2F09%2F29&k_raceNo=1
2026-09-29 14:25:00,14:24,2026-09-29,funabashi,1,5,三連複,6-7-8,16.1,16.1,2,https://www.keiba.go.jp/KeibaWeb/TodayRaceInfo/Odds3LenFuku?k_babaCode=19&k_raceDate=2026%2F09%2F29&k_raceNo=1
2026-09-29 14:25:00,14:24,2026-09-29,funabashi,1,5,三連複,6-7-9,152.9,152.9,42,https://www.keiba.go.jp/KeibaWeb/TodayRaceInfo/Odds3LenFuku?k_babaCode=19&k_raceDate=2026%2F09%2F29&k_raceNo=1
2026-09-29 14:25:00,14:24,2026-09-29,funabashi,1,5,三連複,6-8-10,36.7,36.7,19,https://www.keiba.go.jp/KeibaWeb/TodayRaceInfo/Odds3LenFuku?k_babaCode=19&k_raceDate=2026%2F09%2F29&k_raceNo=1
2026-09-29 14:25:00,14:24,2026-09-29,funabashi,1,5,三連複,6-8-11,15.2,15.2,1,https://www.keiba.go.jp/KeibaWeb/TodayRaceInfo/Odds3LenFuku?k_babaCode=19&k_raceDate=2026%2F09%2F29&k_raceNo=1
2026-09-29 14:25:00,14:24,2026-09-29,funabashi,1,5,三連複,6-8-12,327.1,327.1,76,https://www.keiba.go.jp/KeibaWeb/TodayRaceInfo/Odds3LenFuku?k_babaCode=19&k_raceDate=2026%2F09%2F29&k_raceNo=1
2026-09-29 14:25:00,14:24,2026-09-29,funabashi,1,5,三連複,6-8-9,20.8,20.8,4,https://www.keiba.go.jp/KeibaWeb/TodayRaceInfo/Odds3LenFuku?k_babaCode=19&k_raceDate=2026%2F09%2F29&k_raceNo=1
2026-09-29 14:25:00,14:24,2026-09-29,funabashi,1,5,三連複,6-9-10,315.6,315.6,73,https://www.keiba.go.jp/KeibaWeb/TodayRaceInfo/Odds3LenFuku?k_babaCode=19&k_raceDate=2026%2F09%2F29&k_raceNo=1
2026-09-29 14:25:00,14:24,2026-09-29,funabashi,1,5,三連複,6-9-11,157.2,157.2,43,https://www.keiba.go.jp/KeibaWeb/TodayRaceInfo/Odds3LenFuku?k_babaCode=19&k_raceDate=2026%2F09%2F29&k_raceNo=1
2026-09-29 14:25:00,14:24,2026-09-29,funabashi,1,5,三連複,6-9-12,1723.9,1723.9,162,https://www.keiba.go.jp/KeibaWeb/TodayRaceInfo/Odds3LenFuku?k_babaCode=19&k_raceDate=2026%2F09%2F29&k_raceNo=1
2026-09-29 14:25:00,14:24,2026-09-29,funabashi,1,5,三連複,7-10-11,457.3,457.3,105,https://www.keiba.go.jp/KeibaWeb/TodayRaceInfo/Odds3LenFuku?k_babaCode=19&k_raceDate=2026%2F09%2F29&k_raceNo=1
2026-09-29 14:25:00,14:24,2026-09-29,funabashi,1,5,三連複,7-10-12,2636.6,2636.6,188,https://www.keiba.go.jp/KeibaWeb/TodayRaceInfo/Odds3LenFuku?k_babaCode=19&k_raceDate=2026%2F09%2F29&k_raceNo=1
2026-09-29 14:25:00,14:24,2026-09-29,funabashi,1,5,三連複,7-11-12,2037.3,2037.3,170,https://www.keiba.go.jp/KeibaWeb/TodayRaceInfo/Odds3LenFuku?k_babaCode=19&k_raceDate=2026%2F09%2F29&k_raceNo=1
2026-09-29 14:25:00,14:24,2026-09-29,funabashi,1,5,三連複,7-8-10,67.8,67.8,28,https://www.keiba.go.jp/KeibaWeb/TodayRaceInfo/Odds3LenFuku?k_babaCode=19&k_raceDate=2026%2F09%2F29&k_raceNo=1
2026-09-29 14:25:00,14:24,2026-09-29,funabashi,1,5,三連複,7-8-11,25.8,25.8,9,https://www.keiba.go.jp/KeibaWeb/TodayRaceInfo/Odds3LenFuku?k_babaCode=19&k_raceDate=2026%2F09%2F29&k_raceNo=1
2026-09-29 14:25:00,14:24,2026-09-29,funabashi,1,5,三連複,7-8-12,589.7,589.7,119,https://www.keiba.go.jp/KeibaWeb/TodayRaceInfo/Odds3LenFuku?k_babaCode=19&k_raceDate=2026%2F09%2F29&k_raceNo=1
2026-09-29 14:25:00,14:24,2026-09-29,funabashi,1,5,三連複,7-8-9,33.6,33.6,17,https://www.keiba.go.jp/KeibaWeb/TodayRaceInfo/Odds3LenFuku?k_babaCode=19&k_raceDate=2026%2F09%2F29&k_raceNo=1
2026-09-29 14:25:00,14:24,2026-09-29,funabashi,1,5,三連複,7-9-10,403.8,403.8,92,https://www.keiba.go.jp/KeibaWeb/TodayRaceInfo/Odds3LenFuku?k_babaCode=19&k_raceDate=2026%2F09%2F29&k_raceNo=1
2026-09-29 14:25:00,14:24,2026-09-29,funabashi,1,5,三連複,7-9-11,226.3,226.3,55,https://www.keiba.go.jp/KeibaWeb/TodayRaceInfo/Odds3LenFuku?k_babaCode=19&k_raceDate=2026%2F09%2F29&k_raceNo=1
2026-09-29 14:25:00,14:24,2026-09-29,funabashi,1,5,三連複,7-9-12,2037.3,2037.3,170,https://www.keiba.go.jp/KeibaWeb/TodayRaceInfo/Odds3LenFuku?k_babaCode=19&k_raceDate=2026%2F09%2F29&k_raceNo=1
2026-09-29 14:25:00,14:24,2026-09-29,funabashi,1,5,三連複,8-10-11,33.4,33.4,16,https://www.keiba.go.jp/KeibaWeb/TodayRaceInfo/Odds3LenFuku?k_babaCode=19&k_raceDate=2026%2F09%2F29&k_raceNo=1
2026-09-29 14:25:00,14:24,2026-09-29,funabashi,1,5,三連複,8-10-12,553.3,553.3,117,https://www.keiba.go.jp/KeibaWeb/TodayRaceInfo/Odds3LenFuku?k_babaCode=19&k_raceDate=2026%2F09%2F29&k_raceNo=1
2026-09-29 14:25:00,14:24,2026-09-29,funabashi,1,5,三連複,8-11-12,379.8,379.8,85,https://www.keiba.go.jp/KeibaWeb/TodayRaceInfo/Odds3LenFuku?k_babaCode=19&k_raceDate=2026%2F09%2F29&k_raceNo=1
2026-09-29 14:25:00,14:24,2026-09-29,funabashi,1,5,三連複,8-9-10,46.0,46.0,23,https://www.keiba.go.jp/KeibaWeb/TodayRaceInfo/Odds3LenFuku?k_babaCode=19&k_raceDate=2026%2F09%2F29&k_raceNo=1
2026-09-29 14:25:00,14:24,2026-09-29,funabashi,1,5,三連複,8-9-11,22.5,22.5,6,https://www.keiba.go.jp/KeibaWeb/TodayRaceInfo/Odds3LenFuku?k_babaCode=19&k_raceDate=2026%2F09%2F29&k_raceNo=1
2026-09-29 14:25:00,14:24,2026-09-29,funabashi,1,5,三連複,8-9-12,509.3,509.3,110,https://www.keiba.go.jp/KeibaWeb/TodayRaceInfo/Odds3LenFuku?k_babaCode=19&k_raceDate=2026%2F09%2F29&k_raceNo=1
2026-09-29 14:25:00,14:24,2026-09-29,funabashi,1,5,三連複,9-10-11,259.0,259.0,61,https://www.keiba.go.jp/KeibaWeb/TodayRaceInfo/Odds3LenFuku?k_babaCode=19&k_raceDate=2026%2F09%2F29&k_raceNo=1
2026-09-29 14:25:00,14:24,2026-09-29,funabashi,1,5,三連複,9-10-12,2988.1,2988.1,196,https://www.keiba.go.jp/KeibaWeb/TodayRaceInfo/Odds3LenFuku?k_babaCode=19&k_raceDate=2026%2F09%2F29&k_raceNo=1
2026-09-29 14:25:00,14:24,2026-09-29,funabashi,1,5,三連複,9-11-12,1358.2,1358.2,147,https://www.keiba.go.jp/KeibaWeb/TodayRaceInfo/Odds3LenFuku?k_babaCode=19&k_raceDate=2026%2F09%2F29&k_raceNo=1
2026-09-29 14:25:00,14:24,2026-09-29,funabashi,1,5,馬連,1-10,241.6,241.6,45,https://www.keiba.go.jp/KeibaWeb/TodayRaceInfo/OddsUmLenFuku?k_babaCode=19&k_raceDate=2026%2F09%2F29&k_raceNo=1
2026-09-29 14:25:00,14:24,2026-09-29,funabashi,1,5,馬連,1-11,120.8,120.8,35,https://www.keiba.go.jp/KeibaWeb/TodayRaceInfo/OddsUmLenFuku?k_babaCode=19&k_raceDate=2026%2F09%2F29&k_raceNo=1
2026-09-29 14:25:00,14:24,2026-09-29,funabashi,1,5,馬連,1-12,1429.9,1429.9,64,https://www.keiba.go.jp/KeibaWeb/TodayRaceInfo/OddsUmLenFuku?k_babaCode=19&k_raceDate=2026%2F09%2F29&k_raceNo=1
2026-09-29 14:25:00,14:24,2026-09-29,funabashi,1,5,馬連,1-2,281.2,281.2,46,https://www.keiba.go.jp/KeibaWeb/TodayRaceInfo/OddsUmLenFuku?k_babaCode=19&k_raceDate=2026%2F09%2F29&k_raceNo=1
2026-09-29 14:25:00,14:24,2026-09-29,funabashi,1,5,馬連,1-3,451.5,451.5,50,https://www.keiba.go.jp/KeibaWeb/TodayRaceInfo/OddsUmLenFuku?k_babaCode=19&k_raceDate=2026%2F09%2F29&k_raceNo=1
2026-09-29 14:25:00,14:24,2026-09-29,funabashi,1,5,馬連,1-4,136.1,136.1,39,https://www.keiba.go.jp/KeibaWeb/TodayRaceInfo/OddsUmLenFuku?k_babaCode=19&k_raceDate=2026%2F09%2F29&k_raceNo=1
2026-09-29 14:25:00,14:24,2026-09-29,funabashi,1,5,馬連,1-5,186.5,186.5,44,https://www.keiba.go.jp/KeibaWeb/TodayRaceInfo/OddsUmLenFuku?k_babaCode=19&k_raceDate=2026%2F09%2F29&k_raceNo=1
2026-09-29 14:25:00,14:24,2026-09-29,funabashi,1,5,馬連,1-6,133.0,133.0,37,https://www.keiba.go.jp/KeibaWeb/TodayRaceInfo/OddsUmLenFuku?k_babaCode=19&k_raceDate=2026%2F09%2F29&k_raceNo=1
2026-09-29 14:25:00,14:24,2026-09-29,funabashi,1,5,馬連,1-7,180.6,180.6,43,https://www.keiba.go.jp/KeibaWeb/TodayRaceInfo/OddsUmLenFuku?k_babaCode=19&k_raceDate=2026%2F09%2F29&k_raceNo=1
2026-09-29 14:25:00,14:24,2026-09-29,funabashi,1,5,馬連,1-8,30.0,30.0,9,https://www.keiba.go.jp/KeibaWeb/TodayRaceInfo/OddsUmLenFuku?k_babaCode=19&k_raceDate=2026%2F09%2F29&k_raceNo=1
2026-09-29 14:25:00,14:24,2026-09-29,funabashi,1,5,馬連,1-9,134.0,134.0,38,https://www.keiba.go.jp/KeibaWeb/TodayRaceInfo/OddsUmLenFuku?k_babaCode=19&k_raceDate=2026%2F09%2F29&k_raceNo=1
2026-09-29 14:25:00,14:24,2026-09-29,funabashi,1,5,馬連,10-11,104.6,104.6,29,https://www.keiba.go.jp/KeibaWeb/TodayRaceInfo/OddsUmLenFuku?k_babaCode=19&k_raceDate=2026%2F09%2F29&k_raceNo=1
2026-09-29 14:25:00,14:24,2026-09-29,funabashi,1,5,馬連,10-12,817.1,817.1,61,https://www.keiba.go.jp/KeibaWeb/TodayRaceInfo/OddsUmLenFuku?k_babaCode=19&k_raceDate=2026%2F09%2F29&k_raceNo=1
2026-09-29 14:25:00,14:24,2026-09-29,funabashi,1,5,馬連,11-12,476.6,476.6,52,https://www.keiba.go.jp/KeibaWeb/TodayRaceInfo/OddsUmLenFuku?k_babaCode=19&k_raceDate=2026%2F09%2F29&k_raceNo=1
2026-09-29 14:25:00,14:24,2026-09-29,funabashi,1,5,馬連,2-10,146.6,146.6,40,https://www.keiba.go.jp/KeibaWeb/TodayRaceInfo/OddsUmLenFuku?k_babaCode=19&k_raceDate=2026%2F09%2F29&k_raceNo=1
2026-09-29 14:25:00,14:24,2026-09-29,funabashi,1,5,馬連,2-11,93.2,93.2,24,https://www.keiba.go.jp/KeibaWeb/TodayRaceInfo/OddsUmLenFuku?k_babaCode=19&k_raceDate=2026%2F09%2F29&k_raceNo=1
2026-09-29 14:25:00,14:24,2026-09-29,funabashi,1,5,馬連,2-12,1559.9,1559.9,66,https://www.keiba.go.jp/KeibaWeb/TodayRaceInfo/OddsUmLenFuku?k_babaCode=19&k_raceDate=2026%2F09%2F29&k_raceNo=1
2026-09-29 14:25:00,14:24,2026-09-29,funabashi,1,5,馬連,2-3,612.8,612.8,57,https://www.keiba.go.jp/KeibaWeb/TodayRaceInfo/OddsUmLenFuku?k_babaCode=19&k_raceDate=2026%2F09%2F29&k_raceNo=1
2026-09-29 14:25:00,14:24,2026-09-29,funabashi,1,5,馬連,2-4,82.8,82.8,21,https://www.keiba.go.jp/KeibaWeb/TodayRaceInfo/OddsUmLenFuku?k_babaCode=19&k_raceDate=2026%2F09%2F29&k_raceNo=1
2026-09-29 14:25:00,14:24,2026-09-29,funabashi,1,5,馬連,2-5,98.0,98.0,26,https://www.keiba.go.jp/KeibaWeb/TodayRaceInfo/OddsUmLenFuku?k_babaCode=19&k_raceDate=2026%2F09%2F29&k_raceNo=1
2026-09-29 14:25:00,14:24,2026-09-29,funabashi,1,5,馬連,2-6,57.0,57.0,15,https://www.keiba.go.jp/KeibaWeb/TodayRaceInfo/OddsUmLenFuku?k_babaCode=19&k_raceDate=2026%2F09%2F29&k_raceNo=1
2026-09-29 14:25:00,14:24,2026-09-29,funabashi,1,5,馬連,2-7,173.3,173.3,42,https://www.keiba.go.jp/KeibaWeb/TodayRaceInfo/OddsUmLenFuku?k_babaCode=19&k_raceDate=2026%2F09%2F29&k_raceNo=1
2026-09-29 14:25:00,14:24,2026-09-29,funabashi,1,5,馬連,2-8,8.9,8.9,3,https://www.keiba.go.jp/KeibaWeb/TodayRaceInfo/OddsUmLenFuku?k_babaCode=19&k_raceDate=2026%2F09%2F29&k_raceNo=1
2026-09-29 14:25:00,14:24,2026-09-29,funabashi,1,5,馬連,2-9,102.1,102.1,28,https://www.keiba.go.jp/KeibaWeb/TodayRaceInfo/OddsUmLenFuku?k_babaCode=19&k_raceDate=2026%2F09%2F29&k_raceNo=1
2026-09-29 14:25:00,14:24,2026-09-29,funabashi,1,5,馬連,3-10,1009.3,1009.3,63,https://www.keiba.go.jp/KeibaWeb/TodayRaceInfo/OddsUmLenFuku?k_babaCode=19&k_raceDate=2026%2F09%2F29&k_raceNo=1
2026-09-29 14:25:00,14:24,2026-09-29,funabashi,1,5,馬連,3-11,553.5,553.5,56,https://www.keiba.go.jp/KeibaWeb/TodayRaceInfo/OddsUmLenFuku?k_babaCode=19&k_raceDate=2026%2F09%2F29&k_raceNo=1
2026-09-29 14:25:00,14:24,2026-09-29,funabashi,1,5,馬連,3-12,1429.9,1429.9,64,https://www.keiba.go.jp/KeibaWeb/TodayRaceInfo/OddsUmLenFuku?k_babaCode=19&k_raceDate=2026%2F09%2F29&k_raceNo=1
2026-09-29 14:25:00,14:24,2026-09-29,funabashi,1,5,馬連,3-4,451.5,451.5,50,https://www.keiba.go.jp/KeibaWeb/TodayRaceInfo/OddsUmLenFuku?k_babaCode=19&k_raceDate=2026%2F09%2F29&k_raceNo=1
2026-09-29 14:25:00,14:24,2026-09-29,funabashi,1,5,馬連,3-5,686.3,686.3,58,https://www.keiba.go.jp/KeibaWeb/TodayRaceInfo/OddsUmLenFuku?k_babaCode=19&k_raceDate=2026%2F09%2F29&k_raceNo=1
2026-09-29 14:25:00,14:24,2026-09-29,funabashi,1,5,馬連,3-6,504.6,504.6,54,https://www.keiba.go.jp/KeibaWeb/TodayRaceInfo/OddsUmLenFuku?k_babaCode=19&k_raceDate=2026%2F09%2F29&k_raceNo=1
2026-09-29 14:25:00,14:24,2026-09-29,funabashi,1,5,馬連,3-7,389.9,389.9,48,https://www.keiba.go.jp/KeibaWeb/TodayRaceInfo/OddsUmLenFuku?k_babaCode=19&k_raceDate=2026%2F09%2F29&k_raceNo=1
2026-09-29 14:25:00,14:24,2026-09-29,funabashi,1,5,馬連,3-8,109.9,109.9,32,https://www.keiba.go.jp/KeibaWeb/TodayRaceInfo/OddsUmLenFuku?k_babaCode=19&k_raceDate=2026%2F09%2F29&k_raceNo=1
2026-09-29 14:25:00,14:24,2026-09-29,funabashi,1,5,馬連,3-9,439.9,439.9,49,https://www.keiba.go.jp/KeibaWeb/TodayRaceInfo/OddsUmLenFuku?k_babaCode=19&k_raceDate=2026%2F09%2F29&k_raceNo=1
2026-09-29 14:25:00,14:24,2026-09-29,funabashi,1,5,馬連,4-10,154.5,154.5,41,https://www.keiba.go.jp/KeibaWeb/TodayRaceInfo/OddsUmLenFuku?k_babaCode=19&k_raceDate=2026%2F09%2F29&k_raceNo=1
2026-09-29 14:25:00,14:24,2026-09-29,funabashi,1,5,馬連,4-11,70.9,70.9,18,https://www.keiba.go.jp/KeibaWeb/TodayRaceInfo/OddsUmLenFuku?k_babaCode=19&k_raceDate=2026%2F09%2F29&k_raceNo=1
2026-09-29 14:25:00,14:24,2026-09-29,funabashi,1,5,馬連,4-12,714.9,714.9,59,https://www.keiba.go.jp/KeibaWeb/TodayRaceInfo/OddsUmLenFuku?k_babaCode=19&k_raceDate=2026%2F09%2F29&k_raceNo=1
2026-09-29 14:25:00,14:24,2026-09-29,funabashi,1,5,馬連,4-5,65.4,65.4,17,https://www.keiba.go.jp/KeibaWeb/TodayRaceInfo/OddsUmLenFuku?k_babaCode=19&k_raceDate=2026%2F09%2F29&k_raceNo=1
2026-09-29 14:25:00,14:24,2026-09-29,funabashi,1,5,馬連,4-6,44.4,44.4,11,https://www.keiba.go.jp/KeibaWeb/TodayRaceInfo/OddsUmLenFuku?k_babaCode=19&k_raceDate=2026%2F09%2F29&k_raceNo=1
2026-09-29 14:25:00,14:24,2026-09-29,funabashi,1,5,馬連,4-7,50.4,50.4,13,https://www.keiba.go.jp/KeibaWeb/TodayRaceInfo/OddsUmLenFuku?k_babaCode=19&k_raceDate=2026%2F09%2F29&k_raceNo=1
2026-09-29 14:25:00,14:24,2026-09-29,funabashi,1,5,馬連,4-8,10.4,10.4,4,https://www.keiba.go.jp/KeibaWeb/TodayRaceInfo/OddsUmLenFuku?k_babaCode=19&k_raceDate=2026%2F09%2F29&k_raceNo=1
2026-09-29 14:25:00,14:24,2026-09-29,funabashi,1,5,馬連,4-9,83.7,83.7,22,https://www.keiba.go.jp/KeibaWeb/TodayRaceInfo/OddsUmLenFuku?k_babaCode=19&k_raceDate=2026%2F09%2F29&k_raceNo=1
2026-09-29 14:25:00,14:24,2026-09-29,funabashi,1,5,馬連,5-10,98.0,98.0,26,https://www.keiba.go.jp/KeibaWeb/TodayRaceInfo/OddsUmLenFuku?k_babaCode=19&k_raceDate=2026%2F09%2F29&k_raceNo=1
2026-09-29 14:25:00,14:24,2026-09-29,funabashi,1,5,馬連,5-11,74.9,74.9,19,https://www.keiba.go.jp/KeibaWeb/TodayRaceInfo/OddsUmLenFuku?k_babaCode=19&k_raceDate=2026%2F09%2F29&k_raceNo=1
2026-09-29 14:25:00,14:24,2026-09-29,funabashi,1,5,馬連,5-12,817.1,817.1,61,https://www.keiba.go.jp/KeibaWeb/TodayRaceInfo/OddsUmLenFuku?k_babaCode=19&k_raceDate=2026%2F09%2F29&k_raceNo=1
2026-09-29 14:25:00,14:24,2026-09-29,funabashi,1,5,馬連,5-6,94.8,94.8,25,https://www.keiba.go.jp/KeibaWeb/TodayRaceInfo/OddsUmLenFuku?k_babaCode=19&k_raceDate=2026%2F09%2F29&k_raceNo=1
2026-09-29 14:25:00,14:24,2026-09-29,funabashi,1,5,馬連,5-7,105.2,105.2,30,https://www.keiba.go.jp/KeibaWeb/TodayRaceInfo/OddsUmLenFuku?k_babaCode=19&k_raceDate=2026%2F09%2F29&k_raceNo=1
2026-09-29 14:25:00,14:24,2026-09-29,funabashi,1,5,馬連,5-8,10.6,10.6,5,https://www.keiba.go.jp/KeibaWeb/TodayRaceInfo/OddsUmLenFuku?k_babaCode=19&k_raceDate=2026%2F09%2F29&k_raceNo=1
2026-09-29 14:25:00,14:24,2026-09-29,funabashi,1,5,馬連,5-9,110.7,110.7,33,https://www.keiba.go.jp/KeibaWeb/TodayRaceInfo/OddsUmLenFuku?k_babaCode=19&k_raceDate=2026%2F09%2F29&k_raceNo=1
2026-09-29 14:25:00,14:24,2026-09-29,funabashi,1,5,馬連,6-10,112.1,112.1,34,https://www.keiba.go.jp/KeibaWeb/TodayRaceInfo/OddsUmLenFuku?k_babaCode=19&k_raceDate=2026%2F09%2F29&k_raceNo=1
2026-09-29 14:25:00,14:24,2026-09-29,funabashi,1,5,馬連,6-11,45.1,45.1,12,https://www.keiba.go.jp/KeibaWeb/TodayRaceInfo/OddsUmLenFuku?k_babaCode=19&k_raceDate=2026%2F09%2F29&k_raceNo=1
2026-09-29 14:25:00,14:24,2026-09-29,funabashi,1,5,馬連,6-12,476.6,476.6,52,https://www.keiba.go.jp/KeibaWeb/TodayRaceInfo/OddsUmLenFuku?k_babaCode=19&k_raceDate=2026%2F09%2F29&k_raceNo=1
2026-09-29 14:25:00,14:24,2026-09-29,funabashi,1,5,馬連,6-7,39.8,39.8,10,https://www.keiba.go.jp/KeibaWeb/TodayRaceInfo/OddsUmLenFuku?k_babaCode=19&k_raceDate=2026%2F09%2F29&k_raceNo=1
2026-09-29 14:25:00,14:24,2026-09-29,funabashi,1,5,馬連,6-8,5.6,5.6,1,https://www.keiba.go.jp/KeibaWeb/TodayRaceInfo/OddsUmLenFuku?k_babaCode=19&k_raceDate=2026%2F09%2F29&k_raceNo=1
2026-09-29 14:25:00,14:24,2026-09-29,funabashi,1,5,馬連,6-9,56.6,56.6,14,https://www.keiba.go.jp/KeibaWeb/TodayRaceInfo/OddsUmLenFuku?k_babaCode=19&k_raceDate=2026%2F09%2F29&k_raceNo=1
2026-09-29 14:25:00,14:24,2026-09-29,funabashi,1,5,馬連,7-10,343.1,343.1,47,https://www.keiba.go.jp/KeibaWeb/TodayRaceInfo/OddsUmLenFuku?k_babaCode=19&k_raceDate=2026%2F09%2F29&k_raceNo=1
2026-09-29 14:25:00,14:24,2026-09-29,funabashi,1,5,馬連,7-11,58.9,58.9,16,https://www.keiba.go.jp/KeibaWeb/TodayRaceInfo/OddsUmLenFuku?k_babaCode=19&k_raceDate=2026%2F09%2F29&k_raceNo=1
2026-09-29 14:25:00,14:24,2026-09-29,funabashi,1,5,馬連,7-12,714.9,714.9,59,https://www.keiba.go.jp/KeibaWeb/TodayRaceInfo/OddsUmLenFuku?k_babaCode=19&k_raceDate=2026%2F09%2F29&k_raceNo=1
2026-09-29 14:25:00,14:24,2026-09-29,funabashi,1,5,馬連,7-8,12.5,12.5,7,https://www.keiba.go.jp/KeibaWeb/TodayRaceInfo/OddsUmLenFuku?k_babaCode=19&k_raceDate=2026%2F09%2F29&k_raceNo=1
2026-09-29 14:25:00,14:24,2026-09-29,funabashi,1,5,馬連,7-9,92.7,92.7,23,https://www.keiba.go.jp/KeibaWeb/TodayRaceInfo/OddsUmLenFuku?k_babaCode=19&k_raceDate=2026%2F09%2F29&k_raceNo=1
2026-09-29 14:25:00,14:24,2026-09-29,funabashi,1,5,馬連,8-10,14.3,14.3,8,https://www.keiba.go.jp/KeibaWeb/TodayRaceInfo/OddsUmLenFuku?k_babaCode=19&k_raceDate=2026%2F09%2F29&k_raceNo=1
2026-09-29 14:25:00,14:24,2026-09-29,funabashi,1,5,馬連,8-11,7.6,7.6,2,https://www.keiba.go.jp/KeibaWeb/TodayRaceInfo/OddsUmLenFuku?k_babaCode=19&k_raceDate=2026%2F09%2F29&k_raceNo=1
2026-09-29 14:25:00,14:24,2026-09-29,funabashi,1,5,馬連,8-12,128.0,128.0,36,https://www.keiba.go.jp/KeibaWeb/TodayRaceInfo/OddsUmLenFuku?k_babaCode=19&k_raceDate=2026%2F09%2F29&k_raceNo=1
2026-09-29 14:25:00,14:24,2026-09-29,funabashi,1,5,馬連,8-9,10.7,10.7,6,https://www.keiba.go.jp/KeibaWeb/TodayRaceInfo/OddsUmLenFuku?k_babaCode=19&k_raceDate=2026%2F09%2F29&k_raceNo=1
2026-09-29 14:25:00,14:24,2026-09-29,funabashi,1,5,馬連,9-10,106.5,106.5,31,https://www.keiba.go.jp/KeibaWeb/TodayRaceInfo/OddsUmLenFuku?k_babaCode=19&k_raceDate=2026%2F09%2F29&k_raceNo=1
2026-09-29 14:25:00,14:24,2026-09-29,funabashi,1,5,馬連,9-11,77.2,77.2,20,https://www.keiba.go.jp/KeibaWeb/TodayRaceInfo/OddsUmLenFuku?k_babaCode=19&k_raceDate=2026%2F09%2F29&k_raceNo=1
2026-09-29 14:25:00,14:24,2026-09-29,funabashi,1,5,馬連,9-12,519.9,519.9,55,https://www.keiba.go.jp/KeibaWeb/TodayRaceInfo/OddsUmLenFuku?k_babaCode=19&k_raceDate=2026%2F09%2F29&k_raceNo=1
2026-09-29 14:28:00,14:27,2026-09-29,funabashi,1,2,ワイド,1-10,70.1,74.6,47,https://www.keiba.go.jp/KeibaWeb/TodayRaceInfo/OddsWide?k_babaCode=19&k_raceDate=2026%2F09%2F29&k_raceNo=1
2026-09-29 14:28:00,14:27,2026-09-29,funabashi,1,2,ワイド,1-11,32.8,36.3,37,https://www.keiba.go.jp/KeibaWeb/TodayRaceInfo/OddsWide?k_babaCode=19&k_raceDate=2026%2F09%2F29&k_raceNo=1
2026-09-29 14:28:00,14:27,2026-09-29,funabashi,1,2,ワイド,1-12,265.9,270.9,66,https://www.keiba.go.jp/KeibaWeb/TodayRaceInfo/OddsWide?k_babaCode=19&k_raceDate=2026%2F09%2F29&k_raceNo=1
2026-09-29 14:28:00,14:27,2026-09-29,funabashi,1,2,ワイド,1-2,39.5,42.4,42,https://www.keiba.go.jp/KeibaWeb/TodayRaceInfo/OddsWide?k_babaCode=19&k_raceDate=2026%2F09%2F29&k_raceNo=1
2026-09-29 14:28:00,14:27,2026-09-29,funabashi,1,2,ワイド,1-3,177.1,180.8,59,https://www.keiba.go.jp/KeibaWeb/TodayRaceInfo/OddsWide?k_babaCode=19&k_raceDate=2026%2F09%2F29&k_raceNo=1
2026-09-29 14:28:00,14:27,2026-09-29,funabashi,1,2,ワイド,1-4,51.3,56.2,44,https://www.keiba.go.jp/KeibaWeb/TodayRaceInfo/OddsWide?k_babaCode=19&k_raceDate=2026%2F09%2F29&k_raceNo=1
2026-09-29 14:28:00,14:27,2026-09-29,funabashi,1,2,ワイド,1-5,59.6,64.1,46,https://www.keiba.go.jp/KeibaWeb/TodayRaceInfo/OddsWide?k_babaCode=19&k_raceDate=2026%2F09%2F29&k_raceNo=1
2026-09-29 14:28:00,14:27,2026-09-29,funabashi,1,2,ワイド,1-6,26.2,29.4,32,https://www.keiba.go.jp/KeibaWeb/TodayRaceInfo/OddsWide?k_babaCode=19&k_raceDate=2026%2F09%2F29&k_raceNo=1
2026-09-29 14:28:00,14:27,2026-09-29,funabashi,1,2,ワイド,1-7,36.9,39.1,39,https://www.keiba.go.jp/KeibaWeb/TodayRaceInfo/OddsWide?k_babaCode=19&k_raceDate=2026%2F09%2F29&k_raceNo=1
2026-09-29 14:28:00,14:27,2026-09-29,funabashi,1,2,ワイド,1-8,13.9,15.4,16,https://www.keiba.go.jp/KeibaWeb/TodayRaceInfo/OddsWide?k_babaCode=19&k_raceDate=2026%2F09%2F29&k_raceNo=1
2026-09-29 14:28:00,14:27,2026-09-29,funabashi,1,2,ワイド,1-9,37.2,40.8,40,https://www.keiba.go.jp/KeibaWeb/TodayRaceInfo/OddsWide?k_babaCode=19&k_raceDate=2026%2F09%2F29&k_raceNo=1
2026-09-29 14:28:00,14:27,2026-09-29,funabashi,1,2,ワイド,10-11,18.7,21.3,24,https://www.keiba.go.jp/KeibaWeb/TodayRaceInfo/OddsWide?k_babaCode=19&k_raceDate=2026%2F09%2F29&k_raceNo=1
2026-09-29 14:28:00,14:27,2026-09-29,funabashi,1,2,ワイド,10-12,175.0,183.8,58,https://www.keiba.go.jp/KeibaWeb/TodayRaceInfo/OddsWide?k_babaCode=19&k_raceDate=2026%2F09%2F29&k_raceNo=1
2026-09-29 14:28:00,14:27,2026-09-29,funabashi,1,2,ワイド,11-12,119.6,130.7,53,https://www.keiba.go.jp/KeibaWeb/TodayRaceInfo/OddsWide?k_babaCode=19&k_raceDate=2026%2F09%2F29&k_raceNo=1
2026-09-29 14:28:00,14:27,2026-09-29,funabashi,1,2,ワイド,2-10,33.9,37.5,38,https://www.keiba.go.jp/KeibaWeb/TodayRaceInfo/OddsWide?k_babaCode=19&k_raceDate=2026%2F09%2F29&k_raceNo=1
2026-09-29 14:28:00,14:27,2026-09-29,funabashi,1,2,ワイド,2-11,14.3,16.4,17,https://www.keiba.go.jp/KeibaWeb/TodayRaceInfo/OddsWide?k_babaCode=19&k_raceDate=2026%2F09%2F29&k_raceNo=1
2026-09-29 14:28:00,14:27,2026-09-29,funabashi,1,2,ワイド,2-12,208.7,221.2,63,https://www.keiba.go.jp/KeibaWeb/TodayRaceInfo/OddsWide?k_babaCode=19&k_raceDate=2026%2F09%2F29&k_raceNo=1
2026-09-29 14:28:00,14:27,2026-09-29,funabashi,1,2,ワイド,2-3,159.6,169.5,56,https://www.keiba.go.jp/KeibaWeb/TodayRaceInfo/OddsWide?k_babaCode=19&k_raceDate=2026%2F09%2F29&k_raceNo=1
2026-09-29 14:28:00,14:27,2026-09-29,funabashi,1,2,ワイド,2-4,16.2,18.5,20,https://www.keiba.go.jp/KeibaWeb/TodayRaceInfo/OddsWide?k_babaCode=19&k_raceDate=2026%2F09%2F29&k_raceNo=1
2026-09-29 14:28:00,14:27,2026-09-29,funabashi,1,2,ワイド,2-5,20.3,22.7,30,https://www.keiba.go.jp/KeibaWeb/TodayRaceInfo/OddsWide?k_babaCode=19&k_raceDate=2026%2F09%2F29&k_raceNo=1
2026-09-29 14:28:00,14:27,2026-09-29,funabashi,1,2,ワイド,2-6,11.5,13.4,11,https://www.keiba.go.jp/KeibaWeb/TodayRaceInfo/OddsWide?k_babaCode=19&k_raceDate=2026%2F09%2F29&k_raceNo=1
2026-09-29 14:28:00,14:27,2026-09-29,funabashi,1,2,ワイド,2-7,26.7,29.4,33,https://www.keiba.go.jp/KeibaWeb/TodayRaceInfo/OddsWide?k_babaCode=19&k_raceDate=2026%2F09%2F29&k_raceNo=1
2026-09-29 14:28:00,14:27,2026-09-29,funabashi,1,2,ワイド,2-8,4.5,5.0,6,https://www.keiba.go.jp/KeibaWeb/TodayRaceInfo/OddsWide?k_babaCode=19&k_raceDate=2026%2F09%2F29&k_raceNo=1
2026-09-29 14:28:00,14:27,2026-09-29,funabashi,1,2,ワイド,2-9,16.5,18.9,21,https://www.keiba.go.jp/KeibaWeb/TodayRaceInfo/OddsWide?k_babaCode=19&k_raceDate=2026%2F09%2F29&k_raceNo=1
2026-09-29 14:28:00,14:27,2026-09-29,funabashi,1,2,ワイド,3-10,161.1,169.5,57,https://www.keiba.go.jp/KeibaWeb/TodayRaceInfo/OddsWide?k_babaCode=19&k_raceDate=2026%2F09%2F29&k_raceNo=1
2026-09-29 14:28:00,14:27,2026-09-29,funabashi,1,2,ワイド,3-11,106.6,116.7,52,https://www.keiba.go.jp/KeibaWeb/TodayRaceInfo/OddsWide?k_babaCode=19&k_raceDate=2026%2F09%2F29&k_raceNo=1
2026-09-29 14:28:00,14:27,2026-09-29,funabashi,1,2,ワイド,3-12,244.4,246.3,65,https://www.keiba.go.jp/KeibaWeb/TodayRaceInfo/OddsWide?k_babaCode=19&k_raceDate=2026%2F09%2F29&k_raceNo=1
2026-09-29 14:28:00,14:27,2026-09-29,funabashi,1,2,ワイド,3-4,82.9,89.9,48,https://www.keiba.go.jp/KeibaWeb/TodayRaceInfo/OddsWide?k_babaCode=19&k_raceDate=2026%2F09%2F29&k_raceNo=1
2026-09-29 14:28:00,14:27,2026-09-29,funabashi,1,2,ワイド,3-5,152.4,161.9,55,https://www.keiba.go.jp/KeibaWeb/TodayRaceInfo/OddsWide?k_babaCode=19&k_raceDate=2026%2F09%2F29&k_raceNo=1
2026-09-29 14:28:00,14:27,2026-09-29,funabashi,1,2,ワイド,3-6,88.8,98.8,50,https://www.keiba.go.jp/KeibaWeb/TodayRaceInfo/OddsWide?k_babaCode=19&k_raceDate=2026%2F09%2F29&k_raceNo=1
2026-09-29 14:28:00,14:27,2026-09-29,funabashi,1,2,ワイド,3-7,88.8,92.9,49,https://www.keiba.go.jp/KeibaWeb/TodayRaceInfo/OddsWide?k_babaCode=19&k_raceDate=2026%2F09%2F29&k_raceNo=1
2026-09-29 14:28:00,14:27,2026-09-29,funabashi,1,2,ワイド,3-8,38.6,42.6,41,https://www.keiba.go.jp/KeibaWeb/TodayRaceInfo/OddsWide?k_babaCode=19&k_raceDate=2026%2F09%2F29&k_raceNo=1
2026-09-29 14:28:00,14:27,2026-09-29,funabashi,1,2,ワイド,3-9,91.0,98.8,51,https://www.keiba.go.jp/KeibaWeb/TodayRaceInfo/OddsWide?k_babaCode=19&k_raceDate=2026%2F09%2F29&k_raceNo=1
2026-09-29 14:28:00,14:27,2026-09-29,funabashi,1,2,ワイド,4-10,28.7,32.5,34,https://www.keiba.go.jp/KeibaWeb/TodayRaceInfo/OddsWide?k_babaCode=19&k_raceDate=2026%2F09%2F29&k_raceNo=1
2026-09-29 14:28:00,14:27,2026-09-29,funabashi,1,2,ワイド,4-11,19.0,22.4,26,https://www.keiba.go.jp/KeibaWeb/TodayRaceInfo/OddsWide?k_babaCode=19&k_raceDate=2026%2F09%2F29&k_raceNo=1
2026-09-29 14:28:00,14:27,2026-09-29,funabashi,1,2,ワイド,4-12,213.0,230.3,64,https://www.keiba.go.jp/KeibaWeb/TodayRaceInfo/OddsWide?k_babaCode=19&k_raceDate=2026%2F09%2F29&k_raceNo=1
2026-09-29 14:28:00,14:27,2026-09-29,funabashi,1,2,ワイド,4-5,11.6,13.3,12,https://www.keiba.go.jp/KeibaWeb/TodayRaceInfo/OddsWide?k_babaCode=19&k_raceDate=2026%2F09%2F29&k_raceNo=1
2026-09-29 14:28:00,14:27,2026-09-29,funabashi,1,2,ワイド,4-6,11.8,14.1,13,https://www.keiba.go.jp/KeibaWeb/TodayRaceInfo/OddsWide?k_babaCode=19&k_raceDate=2026%2F09%2F29&k_raceNo=1
2026-09-29 14:28:00,14:27,2026-09-29,funabashi,1,2,ワイド,4-7,19.0,21.3,25,https://www.keiba.go.jp/KeibaWeb/TodayRaceInfo/OddsWide?k_babaCode=19&k_raceDate=2026%2F09%2F29&k_raceNo=1
2026-09-29 14:28:00,14:27,2026-09-29,funabashi,1,2,ワイド,4-8,3.4,3.8,4,https://www.keiba.go.jp/KeibaWeb/TodayRaceInfo/OddsWide?k_babaCode=19&k_raceDate=2026%2F09%2F29&k_raceNo=1
2026-09-29 14:28:00,14:27,2026-09-29,funabashi,1,2,ワイド,4-9,16.1,18.8,19,https://www.keiba.go.jp/KeibaWeb/TodayRaceInfo/OddsWide?k_babaCode=19&k_raceDate=2026%2F09%2F29&k_raceNo=1
2026-09-29 14:28:00,14:27,2026-09-29,funabashi,1,2,ワイド,5-10,29.3,32.5,36,https://www.keiba.go.jp/KeibaWeb/TodayRaceInfo/OddsWide?k_babaCode=19&k_raceDate=2026%2F09%2F29&k_raceNo=1
2026-09-29 14:28:00,14:27,2026-09-29,funabashi,1,2,ワイド,5-11,17.5,20.2,23,https://www.keiba.go.jp/KeibaWeb/TodayRaceInfo/OddsWide?k_babaCode=19&k_raceDate=2026%2F09%2F29&k_raceNo=1
2026-09-29 14:28:00,14:27,2026-09-29,funabashi,1,2,ワイド,5-12,196.5,208.5,61,https://www.keiba.go.jp/KeibaWeb/TodayRaceInfo/OddsWide?k_babaCode=19&k_raceDate=2026%2F09%2F29&k_raceNo=1
2026-09-29 14:28:00,14:27,2026-09-29,funabashi,1,2,ワイド,5-6,19.2,22.6,28,https://www.keiba.go.jp/KeibaWeb/TodayRaceInfo/OddsWide?k_babaCode=19&k_raceDate=2026%2F09%2F29&k_raceNo=1
2026-09-29 14:28:00,14:27,2026-09-29,funabashi,1,2,ワイド,5-7,28.8,31.7,35,https://www.keiba.go.jp/KeibaWeb/TodayRaceInfo/OddsWide?k_babaCode=19&k_raceDate=2026%2F09%2F29&k_raceNo=1
2026-09-29 14:28:00,14:27,2026-09-29,funabashi,1,2,ワイド,5-8,4.5,4.9,5,https://www.keiba.go.jp/KeibaWeb/TodayRaceInfo/OddsWide?k_babaCode=19&k_raceDate=2026%2F09%2F29&k_raceNo=1
2026-09-29 14:28:00,14:27,2026-09-29,funabashi,1,2,ワイド,5-9,19.1,21.9,27,https://www.keiba.go.jp/KeibaWeb/TodayRaceInfo/OddsWide?k_babaCode=19&k_raceDate=2026%2F09%2F29&k_raceNo=1
2026-09-29 14:28:00,14:27,2026-09-29,funabashi,1,2,ワイド,6-10,21.3,24.7,31,https://www.keiba.go.jp/KeibaWeb/TodayRaceInfo/OddsWide?k_babaCode=19&k_raceDate=2026%2F09%2F29&k_raceNo=1
2026-09-29 14:28:00,14:27,2026-09-29,funabashi,1,2,ワイド,6-11,10.4,12.6,10,https://www.keiba.go.jp/KeibaWeb/TodayRaceInfo/OddsWide?k_babaCode=19&k_raceDate=2026%2F09%2F29&k_raceNo=1
2026-09-29 14:28:00,14:27,2026-09-29,funabashi,1,2,ワイド,6-12,123.7,137.2,54,https://www.keiba.go.jp/KeibaWeb/TodayRaceInfo/OddsWide?k_babaCode=19&k_raceDate=2026%2F09%2F29&k_raceNo=1
2026-09-29 14:28:00,14:27,2026-09-29,funabashi,1,2,ワイド,6-7,17.1,19.8,22,https://www.keiba.go.jp/KeibaWeb/TodayRaceInfo/OddsWide?k_babaCode=19&k_raceDate=2026%2F09%2F29&k_raceNo=1
2026-09-29 14:28:00,14:27,2026-09-29,funabashi,1,2,ワイド,6-8,2.7,3.0,1,https://www.keiba.go.jp/KeibaWeb/TodayRaceInfo/OddsWide?k_babaCode=19&k_raceDate=2026%2F09%2F29&k_raceNo=1
2026-09-29 14:28:00,14:27,2026-09-29,funabashi,1,2,ワイド,6-9,8.7,10.4,9,https://www.keiba.go.jp/KeibaWeb/TodayRaceInfo/OddsWide?k_babaCode=19&k_raceDate=2026%2F09%2F29&k_raceNo=1
2026-09-29 14:28:00,14:27,2026-09-29,funabashi,1,2,ワイド,7-10,51.2,55.9,43,https://www.keiba.go.jp/KeibaWeb/TodayRaceInfo/OddsWide?k_babaCode=19&k_raceDate=2026%2F09%2F29&k_raceNo=1
2026-09-29 14:28:00,14:27,2026-09-29,funabashi,1,2,ワイド,7-11,13.0,14.7,14,https://www.keiba.go.jp/KeibaWeb/TodayRaceInfo/OddsWide?k_babaCode=19&k_raceDate=2026%2F09%2F29&k_raceNo=1
2026-09-29 14:28:00,14:27,2026-09-29,funabashi,1,2,ワイド,7-12,188.7,196.9,60,https://www.keiba.go.jp/KeibaWeb/TodayRaceInfo/OddsWide?k_babaCode=19&k_raceDate=2026%2F09%2F29&k_raceNo=1
2026-09-29 14:28:00,14:27,2026-09-29,funabashi,1,2,ワイド,7-8,5.9,6.5,8,https://www.keiba.go.jp/KeibaWeb/TodayRaceInfo/OddsWide?k_babaCode=19&k_raceDate=2026%2F09%2F29&k_raceNo=1
2026-09-29 14:28:00,14:27,2026-09-29,funabashi,1,2,ワイド,7-9,15.6,17.5,18,https://www.keiba.go.jp/KeibaWeb/TodayRaceInfo/OddsWide?k_babaCode=19&k_raceDate=2026%2F09%2F29&k_raceNo=1
2026-09-29 14:28:00,14:27,2026-09-29,funabashi,1,2,ワイド,8-10,5.3,5.9,7,https://www.keiba.go.jp/KeibaWeb/TodayRaceInfo/OddsWide?k_babaCode=19&k_raceDate=2026%2F09%2F29&k_raceNo=1
2026-09-29 14:28:00,14:27,2026-09-29,funabashi,1,2,ワイド,8-11,3.1,3.4,2,https://www.keiba.go.jp/KeibaWeb/TodayRaceInfo/OddsWide?k_babaCode=19&k_raceDate=2026%2F09%2F29&k_raceNo=1
2026-09-29 14:28:00,14:27,2026-09-29,funabashi,1,2,ワイド,8-12,53.0,58.3,45,https://www.keiba.go.jp/KeibaWeb/TodayRaceInfo/OddsWide?k_babaCode=19&k_raceDate=2026%2F09%2F29&k_raceNo=1
2026-09-29 14:28:00,14:27,2026-09-29,funabashi,1,2,ワイド,8-9,3.3,3.7,3,https://www.keiba.go.jp/KeibaWeb/TodayRaceInfo/OddsWide?k_babaCode=19&k_raceDate=2026%2F09%2F29&k_raceNo=1
2026-09-29 14:28:00,14:27,2026-09-29,funabashi,1,2,ワイド,9-10,20.0,22.6,29,https://www.keiba.go.jp/KeibaWeb/TodayRaceInfo/OddsWide?k_babaCode=19&k_raceDate=2026%2F09%2F29&k_raceNo=1
2026-09-29 14:28:00,14:27,2026-09-29,funabashi,1,2,ワイド,9-11,13.0,15.3,15,https://www.keiba.go.jp/KeibaWeb/TodayRaceInfo/OddsWide?k_babaCode=19&k_raceDate=2026%2F09%2F29&k_raceNo=1
2026-09-29 14:28:00,14:27,2026-09-29,funabashi,1,2,ワイド,9-12,204.1,221.0,62,https://www.keiba.go.jp/KeibaWeb/TodayRaceInfo/OddsWide?k_babaCode=19&k_raceDate=2026%2F09%2F29&k_raceNo=1
2026-09-29 14:28:00,14:27,2026-09-29,funabashi,1,2,三連複,1-10-11,592.1,592.1,119,https://www.keiba.go.jp/KeibaWeb/TodayRaceInfo/Odds3LenFuku?k_babaCode=19&k_raceDate=2026%2F09%2F29&k_raceNo=1
2026-09-29 14:28:00,14:27,2026-09-29,funabashi,1,2,三連複,1-10-12,3478.7,3478.7,204,https://www.keiba.go.jp/KeibaWeb/TodayRaceInfo/Odds3LenFuku?k_babaCode=19&k_raceDate=2026%2F09%2F29&k_raceNo=1
2026-09-29 14:28:00,14:27,2026-09-29,funabashi,1,2,三連複,1-11-12,2140.7,2140.7,169,https://www.keiba.go.jp/KeibaWeb/TodayRaceInfo/Odds3LenFuku?k_babaCode=19&k_raceDate=2026%2F09%2F29&k_raceNo=1
2026-09-29 14:28:00,14:27,2026-09-29,funabashi,1,2,三連複,1-2-10,843.3,843.3,135,https://www.keiba.go.jp/KeibaWeb/TodayRaceInfo/Odds3LenFuku?k_babaCode=19&k_raceDate=2026%2F09%2F29&k_raceNo=1
2026-09-29 14:28:00,14:27,2026-09-29,funabashi,1,2,三連複,1-2-11,687.1,687.1,124,https://www.keiba.go.jp/KeibaWeb/TodayRaceInfo/Odds3LenFuku?k_babaCode=19&k_raceDate=2026%2F09%2F29&k_raceNo=1
2026-09-29 14:28:00,14:27,2026-09-29,funabashi,1,2,三連複,1-2-12,5566.0,5566.0,211,https://www.keiba.go.jp/KeibaWeb/TodayRaceInfo/Odds3LenFuku?k_babaCode=19&k_raceDate=2026%2F09%2F29&k_raceNo=1
2026-09-29 14:28:00,14:27,2026-09-29,funabashi,1,2,三連複,1-2-3,1919.3,1919.3,165,https://www.keiba.go.jp/KeibaWeb/TodayRaceInfo/Odds3LenFuku?k_babaCode=19&k_raceDate=2026%2F09%2F29&k_raceNo=1
2026-09-29 14:28:00,14:27,2026-09-29,funabashi,1,2,三連複,1-2-4,639.7,639.7,120,https://www.keiba.go.jp/KeibaWeb/TodayRaceInfo/Odds3LenFuku?k_babaCode=19&k_raceDate=2026%2F09%2F29&k_raceNo=1
2026-09-29 14:28:00,14:27,2026-09-29,funabashi,1,2,三連複,1-2-5,722.8,722.8,129,https://www.keiba.go.jp/KeibaWeb/TodayRaceInfo/Odds3LenFuku?k_babaCode=19&k_raceDate=2026%2F09%2F29&k_raceNo=1
2026-09-29 14:28:00,14:27,2026-09-29,funabashi,1,2,三連複,1-2-6,515.3,515.3,111,https://www.keiba.go.jp/KeibaWeb/TodayRaceInfo/Odds3LenFuku?k_babaCode=19&k_raceDate=2026%2F09%2F29&k_raceNo=1
2026-09-29 14:28:00,14:27,2026-09-29,funabashi,1,2,三連複,1-2-7,869.6,869.6,136,https://www.keiba.go.jp/KeibaWeb/TodayRaceInfo/Odds3LenFuku?k_babaCode=19&k_raceDate=2026%2F09%2F29&k_raceNo=1
2026-09-29 14:28:00,14:27,2026-09-29,funabashi,1,2,三連複,1-2-8,111.9,111.9,35,https://www.keiba.go.jp/KeibaWeb/TodayRaceInfo/Odds3LenFuku?k_babaCode=19&k_raceDate=2026%2F09%2F29&k_raceNo=1
2026-09-29 14:28:00,14:27,2026-09-29,funabashi,1,2,三連複,1-2-9,762.4,762.4,131,https://www.keiba.go.jp/KeibaWeb/TodayRaceInfo/Odds3LenFuku?k_babaCode=19&k_raceDate=2026%2F09%2F29&k_raceNo=1
2026-09-29 14:28:00,14:27,2026-09-29,funabashi,1,2,三連複,1-3-10,3478.7,3478.7,204,https://www.keiba.go.jp/KeibaWeb/TodayRaceInfo/Odds3LenFuku?k_babaCode=19&k_raceDate=2026%2F09%2F29&k_raceNo=1
2026-09-29 14:28:00,14:27,2026-09-29,funabashi,1,2,三連複,1-3-11,2140.7,2140.7,169,https://www.keiba.go.jp/KeibaWeb/TodayRaceInfo/Odds3LenFuku?k_babaCode=19&k_raceDate=2026%2F09%2F29&k_raceNo=1
2026-09-29 14:28:00,14:27,2026-09-29,funabashi,1,2,三連複,1-3-12,13915.1,13915.1,219,https://www.keiba.go.jp/KeibaWeb/TodayRaceInfo/Odds3LenFuku?k_babaCode=19&k_raceDate=2026%2F09%2F29&k_raceNo=1
2026-09-29 14:28:00,14:27,2026-09-29,funabashi,1,2,三連複,1-3-4,1855.3,1855.3,162,https://www.keiba.go.jp/KeibaWeb/TodayRaceInfo/Odds3LenFuku?k_babaCode=19&k_raceDate=2026%2F09%2F29&k_raceNo=1
2026-09-29 14:28:00,14:27,2026-09-29,funabashi,1,2,三連複,1-3-5,3274.1,3274.1,201,https://www.keiba.go.jp/KeibaWeb/TodayRaceInfo/Odds3LenFuku?k_babaCode=19&k_raceDate=2026%2F09%2F29&k_raceNo=1
2026-09-29 14:28:00,14:27,2026-09-29,funabashi,1,2,三連複,1-3-6,2061.4,2061.4,168,https://www.keiba.go.jp/KeibaWeb/TodayRaceInfo/Odds3LenFuku?k_babaCode=19&k_raceDate=2026%2F09%2F29&k_raceNo=1
2026-09-29 14:28:00,14:27,2026-09-29,funabashi,1,2,三連複,1-3-7,1113.2,1113.2,144,https://www.keiba.go.jp/KeibaWeb/TodayRaceInfo/Odds3LenFuku?k_babaCode=19&k_raceDate=2026%2F09%2F29&k_raceNo=1
2026-09-29 14:28:00,14:27,2026-09-29,funabashi,1,2,三連複,1-3-8,704.5,704.5,127,https://www.keiba.go.jp/KeibaWeb/TodayRaceInfo/Odds3LenFuku?k_babaCode=19&k_raceDate=2026%2F09%2F29&k_raceNo=1
2026-09-29 14:28:00,14:27,2026-09-29,funabashi,1,2,三連複,1-3-9,1739.3,1739.3,158,https://www.keiba.go.jp/KeibaWeb/TodayRaceInfo/Odds3LenFuku?k_babaCode=19&k_raceDate=2026%2F09%2F29&k_raceNo=1
2026-09-29 14:28:00,14:27,2026-09-29,funabashi,1,2,三連複,1-4-10,943.3,943.3,140,https://www.keiba.go.jp/KeibaWeb/TodayRaceInfo/Odds3LenFuku?k_babaCode=19&k_raceDate=2026%2F09%2F29&k_raceNo=1
2026-09-29 14:28:00,14:27,2026-09-29,funabashi,1,2,三連複,1-4-11,585.8,585.8,117,https://www.keiba.go.jp/KeibaWeb/TodayRaceInfo/Odds3LenFuku?k_babaCode=19&k_raceDate=2026%2F09%2F29&k_raceNo=1
2026-09-29 14:28:00,14:27,2026-09-29,funabashi,1,2,三連複,1-4-12,3274.1,3274.1,201,https://www.keiba.go.jp/KeibaWeb/TodayRaceInfo/Odds3LenFuku?k_babaCode=19&k_raceDate=2026%2F09%2F29&k_raceNo=1
2026-09-29 14:28:00,14:27,2026-09-29,funabashi,1,2,三連複,1-4-5,585.8,585.8,117,https://www.keiba.go.jp/KeibaWeb/TodayRaceInfo/Odds3LenFuku?k_babaCode=19&k_raceDate=2026%2F09%2F29&k_raceNo=1
2026-09-29 14:28:00,14:27,2026-09-29,funabashi,1,2,三連複,1-4-6,428.1,428.1,98,https://www.keiba.go.jp/KeibaWeb/TodayRaceInfo/Odds3LenFuku?k_babaCode=19&k_raceDate=2026%2F09%2F29&k_raceNo=1
2026-09-29 14:28:00,14:27,2026-09-29,funabashi,1,2,三連複,1-4-7,400.4,400.4,92,https://www.keiba.go.jp/KeibaWeb/TodayRaceInfo/Odds3LenFuku?k_babaCode=19&k_raceDate=2026%2F09%2F29&k_raceNo=1
2026-09-29 14:28:00,14:27,2026-09-29,funabashi,1,2,三連複,1-4-8,93.7,93.7,32,https://www.keiba.go.jp/KeibaWeb/TodayRaceInfo/Odds3LenFuku?k_babaCode=19&k_raceDate=2026%2F09%2F29&k_raceNo=1
2026-09-29 14:28:00,14:27,2026-09-29,funabashi,1,2,三連複,1-4-9,510.6,510.6,110,https://www.keiba.go.jp/KeibaWeb/TodayRaceInfo/Odds3LenFuku?k_babaCode=19&k_raceDate=2026%2F09%2F29&k_raceNo=1
2026-09-29 14:28:00,14:27,2026-09-29,funabashi,1,2,三連複,1-5-10,883.4,883.4,138,https://www.keiba.go.jp/KeibaWeb/TodayRaceInfo/Odds3LenFuku?k_babaCode=19&k_raceDate=2026%2F09%2F29&k_raceNo=1
2026-09-29 14:28:00,14:27,2026-09-29,funabashi,1,2,三連複,1-5-11,695.7,695.7,126,https://www.keiba.go.jp/KeibaWeb/TodayRaceInfo/Odds3LenFuku?k_babaCode=19&k_raceDate=2026%2F09%2F29&k_raceNo=1
2026-09-29 14:28:00,14:27,2026-09-29,funabashi,1,2,三連複,1-5-12,6184.4,6184.4,215,https://www.keiba.go.jp/KeibaWeb/TodayRaceInfo/Odds3LenFuku?k_babaCode=19&k_raceDate=2026%2F09%2F29&k_raceNo=1
2026-09-29 14:28:00,14:27,2026-09-29,funabashi,1,2,三連複,1-5-6,670.6,670.6,121,https://www.keiba.go.jp/KeibaWeb/TodayRaceInfo/Odds3LenFuku?k_babaCode=19&k_raceDate=2026%2F09%2F29&k_raceNo=1
2026-09-29 14:28:00,14:27,2026-09-29,funabashi,1,2,三連複,1-5-7,912.4,912.4,139,https://www.keiba.go.jp/KeibaWeb/TodayRaceInfo/Odds3LenFuku?k_babaCode=19&k_raceDate=2026%2F09%2F29&k_raceNo=1
2026-09-29 14:28:00,14:27,2026-09-29,funabashi,1,2,三連複,1-5-8,117.9,117.9,36,https://www.keiba.go.jp/KeibaWeb/TodayRaceInfo/Odds3LenFuku?k_babaCode=19&k_raceDate=2026%2F09%2F29&k_raceNo=1
2026-09-29 14:28:00,14:27,2026-09-29,funabashi,1,2,三連複,1-5-9,773.0,773.0,132,https://www.keiba.go.jp/KeibaWeb/TodayRaceInfo/Odds3LenFuku?k_babaCode=19&k_raceDate=2026%2F09%2F29&k_raceNo=1
2026-09-29 14:28:00,14:27,2026-09-29,funabashi,1,2,三連複,1-6-10,678.7,678.7,123,https://www.keiba.go.jp/KeibaWeb/TodayRaceInfo/Odds3LenFuku?k_babaCode=19&k_raceDate=2026%2F09%2F29&k_raceNo=1
2026-09-29 14:28:00,14:27,2026-09-29,funabashi,1,2,三連複,1-6-11,373.5,373.5,86,https://www.keiba.go.jp/KeibaWeb/TodayRaceInfo/Odds3LenFuku?k_babaCode=19&k_raceDate=2026%2F09%2F29&k_raceNo=1
2026-09-29 14:28:00,14:27,2026-09-29,funabashi,1,2,三連複,1-6-12,2650.4,2650.4,186,https://www.keiba.go.jp/KeibaWeb/TodayRaceInfo/Odds3LenFuku?k_babaCode=19&k_raceDate=2026%2F09%2F29&k_raceNo=1
2026-09-29 14:28:00,14:27,2026-09-29,funabashi,1,2,三連複,1-6-7,312.6,312.6,73,https://www.keiba.go.jp/KeibaWeb/TodayRaceInfo/Odds3LenFuku?k_babaCode=19&k_raceDate=2026%2F09%2F29&k_raceNo=1
2026-09-29 14:28:00,14:27,2026-09-29,funabashi,1,2,三連複,1-6-8,66.7,66.7,29,https://www.keiba.go.jp/KeibaWeb/TodayRaceInfo/Odds3LenFuku?k_babaCode=19&k_raceDate=2026%2F09%2F29&k_raceNo=1
2026-09-29 14:28:00,14:27,2026-09-29,funabashi,1,2,三連複,1-6-9,434.8,434.8,100,https://www.keiba.go.jp/KeibaWeb/TodayRaceInfo/Odds3LenFuku?k_babaCode=19&k_raceDate=2026%2F09%2F29&k_raceNo=1
2026-09-29 14:28:00,14:27,2026-09-29,funabashi,1,2,三連複,1-7-10,1050.1,1050.1,143,https://www.keiba.go.jp/KeibaWeb/TodayRaceInfo/Odds3LenFuku?k_babaCode=19&k_raceDate=2026%2F09%2F29&k_raceNo=1
2026-09-29 14:28:00,14:27,2026-09-29,funabashi,1,2,三連複,1-7-11,530.0,530.0,115,https://www.keiba.go.jp/KeibaWeb/TodayRaceInfo/Odds3LenFuku?k_babaCode=19&k_raceDate=2026%2F09%2F29&k_raceNo=1
2026-09-29 14:28:00,14:27,2026-09-29,funabashi,1,2,三連複,1-7-12,2783.0,2783.0,190,https://www.keiba.go.jp/KeibaWeb/TodayRaceInfo/Odds3LenFuku?k_babaCode=19&k_raceDate=2026%2F09%2F29&k_raceNo=1
2026-09-29 14:28:00,14:27,2026-09-29,funabashi,1,2,三連複,1-7-8,105.2,105.2,34,https://www.keiba.go.jp/KeibaWeb/TodayRaceInfo/Odds3LenFuku?k_babaCode=19&k_raceDate=2026%2F09%2F29&k_raceNo=1
2026-09-29 14:28:00,14:27,2026-09-29,funabashi,1,2,三連複,1-7-9,431.4,431.4,99,https://www.keiba.go.jp/KeibaWeb/TodayRaceInfo/Odds3LenFuku?k_babaCode=19&k_raceDate=2026%2F09%2F29&k_raceNo=1
2026-09-29 14:28:00,14:27,2026-09-29,funabashi,1,2,三連複,1-8-10,141.2,141.2,38,https://www.keiba.go.jp/KeibaWeb/TodayRaceInfo/Odds3LenFuku?k_babaCode=19&k_raceDate=2026%2F09%2F29&k_raceNo=1
2026-09-29 14:28:00,14:27,2026-09-29,funabashi,1,2,三連複,1-8-11,80.4,80.4,30,https://www.keiba.go.jp/KeibaWeb/TodayRaceInfo/Odds3LenFuku?k_babaCode=19&k_raceDate=2026%2F09%2F29&k_raceNo=1
2026-09-29 14:28:00,14:27,2026-09-29,funabashi,1,2,三連複,1-8-12,1294.4,1294.4,147,https://www.keiba.go.jp/KeibaWeb/TodayRaceInfo/Odds3LenFuku?k_babaCode=19&k_raceDate=2026%2F09%2F29&k_raceNo=1
2026-09-29 14:28:00,14:27,2026-09-29,funabashi,1,2,三連複,1-8-9,88.7,88.7,31,https://www.keiba.go.jp/KeibaWeb/TodayRaceInfo/Odds3LenFuku?k_babaCode=19&k_raceDate=2026%2F09%2F29&k_raceNo=1
2026-09-29 14:28:00,14:27,2026-09-29,funabashi,1,2,三連複,1-9-10,732.3,732.3,130,https://www.keiba.go.jp/KeibaWeb/TodayRaceInfo/Odds3LenFuku?k_babaCode=19&k_raceDate=2026%2F09%2F29&k_raceNo=1
2026-09-29 14:28:00,14:27,2026-09-29,funabashi,1,2,三連複,1-9-11,415.3,415.3,95,https://www.keiba.go.jp/KeibaWeb/TodayRaceInfo/Odds3LenFuku?k_babaCode=19&k_raceDate=2026%2F09%2F29&k_raceNo=1
2026-09-29 14:28:00,14:27,2026-09-29,funabashi,1,2,三連複,1-9-12,5060.0,5060.0,210,https://www.keiba.go.jp/KeibaWeb/TodayRaceInfo/Odds3LenFuku?k_babaCode=19&k_raceDate=2026%2F09%2F29&k_raceNo=1
2026-09-29 14:28:00,14:27,2026-09-29,funabashi,1,2,三連複,10-11-12,1504.3,1504.3,153,https://www.keiba.go.jp/KeibaWeb/TodayRaceInfo/Odds3LenFuku?k_babaCode=19&k_raceDate=2026%2F09%2F29&k_raceNo=1
2026-09-29 14:28:00,14:27,2026-09-29,funabashi,1,2,三連複,2-10-11,318.0,318.0,74,https://www.keiba.go.jp/KeibaWeb/TodayRaceInfo/Odds3LenFuku?k_babaCode=19&k_raceDate=2026%2F09%2F29&k_raceNo=1
2026-09-29 14:28:00,14:27,2026-09-29,funabashi,1,2,三連複,2-10-12,2783.0,2783.0,190,https://www.keiba.go.jp/KeibaWeb/TodayRaceInfo/Odds3LenFuku?k_babaCode=19&k_raceDate=2026%2F09%2F29&k_raceNo=1
2026-09-29 14:28:00,14:27,2026-09-29,funabashi,1,2,三連複,2-11-12,2140.7,2140.7,169,https://www.keiba.go.jp/KeibaWeb/TodayRaceInfo/Odds3LenFuku?k_babaCode=19&k_raceDate=2026%2F09%2F29&k_raceNo=1
2026-09-29 14:28:00,14:27,2026-09-29,funabashi,1,2,三連複,2-3-10,3092.2,3092.2,196,https://www.keiba.go.jp/KeibaWeb/TodayRaceInfo/Odds3LenFuku?k_babaCode=19&k_raceDate=2026%2F09%2F29&k_raceNo=1
2026-09-29 14:28:00,14:27,2026-09-29,funabashi,1,2,三連複,2-3-11,2226.4,2226.4,174,https://www.keiba.go.jp/KeibaWeb/TodayRaceInfo/Odds3LenFuku?k_babaCode=19&k_raceDate=2026%2F09%2F29&k_raceNo=1
2026-09-29 14:28:00,14:27,2026-09-29,funabashi,1,2,三連複,2-3-12,9276.7,9276.7,217,https://www.keiba.go.jp/KeibaWeb/TodayRaceInfo/Odds3LenFuku?k_babaCode=19&k_raceDate=2026%2F09%2F29&k_raceNo=1
2026-09-29 14:28:00,14:27,2026-09-29,funabashi,1,2,三連複,2-3-4,2140.7,2140.7,169,https://www.keiba.go.jp/KeibaWeb/TodayRaceInfo/Odds3LenFuku?k_babaCode=19&k_raceDate=2026%2F09%2F29&k_raceNo=1
2026-09-29 14:28:00,14:27,2026-09-29,funabashi,1,2,三連複,2-3-5,2226.4,2226.4,174,https://www.keiba.go.jp/KeibaWeb/TodayRaceInfo/Odds3LenFuku?k_babaCode=19&k_raceDate=2026%2F09%2F29&k_raceNo=1
2026-09-29 14:28:00,14:27,2026-09-29,funabashi,1,2,三連複,2-3-6,976.4,976.4,141,https://www.keiba.go.jp/KeibaWeb/TodayRaceInfo/Odds3LenFuku?k_babaCode=19&k_raceDate=2026%2F09%2F29&k_raceNo=1
2026-09-29 14:28:00,14:27,2026-09-29,funabashi,1,2,三連複,2-3-7,1546.1,1546.1,155,https://www.keiba.go.jp/KeibaWeb/TodayRaceInfo/Odds3LenFuku?k_babaCode=19&k_raceDate=2026%2F09%2F29&k_raceNo=1
2026-09-29 14:28:00,14:27,2026-09-29,funabashi,1,2,三連複,2-3-8,434.8,434.8,100,https://www.keiba.go.jp/KeibaWeb/TodayRaceInfo/Odds3LenFuku?k_babaCode=19&k_raceDate=2026%2F09%2F29&k_raceNo=1
2026-09-29 14:28:00,14:27,2026-09-29,funabashi,1,2,三連複,2-3-9,1795.4,1795.4,160,https://www.keiba.go.jp/KeibaWeb/TodayRaceInfo/Odds3LenFuku?k_babaCode=19&k_raceDate=2026%2F09%2F29&k_raceNo=1
2026-09-29 14:28:00,14:27,2026-09-29,funabashi,1,2,三連複,2-4-10,467.7,467.7,105,https://www.keiba.go.jp/KeibaWeb/TodayRaceInfo/Odds3LenFuku?k_babaCode=19&k_raceDate=2026%2F09%2F29&k_raceNo=1
2026-09-29 14:28:00,14:27,2026-09-29,funabashi,1,2,三連複,2-4-11,288.3,288.3,68,https://www.keiba.go.jp/KeibaWeb/TodayRaceInfo/Odds3LenFuku?k_babaCode=19&k_raceDate=2026%2F09%2F29&k_raceNo=1
2026-09-29 14:28:00,14:27,2026-09-29,funabashi,1,2,三連複,2-4-12,2650.4,2650.4,186,https://www.keiba.go.jp/KeibaWeb/TodayRaceInfo/Odds3LenFuku?k_babaCode=19&k_raceDate=2026%2F09%2F29&k_raceNo=1
2026-09-29 14:28:00,14:27,2026-09-29,funabashi,1,2,三連複,2-4-5,366.1,366.1,84,https://www.keiba.go.jp/KeibaWeb/TodayRaceInfo/Odds3LenFuku?k_babaCode=19&k_raceDate=2026%2F09%2F29&k_raceNo=1
2026-09-29 14:28:00,14:27,2026-09-29,funabashi,1,2,三連複,2-4-6,206.1,206.1,50,https://www.keiba.go.jp/KeibaWeb/TodayRaceInfo/Odds3LenFuku?k_babaCode=19&k_raceDate=2026%2F09%2F29&k_raceNo=1
2026-09-29 14:28:00,14:27,2026-09-29,funabashi,1,2,三連複,2-4-7,262.5,262.5,61,https://www.keiba.go.jp/KeibaWeb/TodayRaceInfo/Odds3LenFuku?k_babaCode=19&k_raceDate=2026%2F09%2F29&k_raceNo=1
2026-09-29 14:28:00,14:27,2026-09-29,funabashi,1,2,三連複,2-4-8,41.4,41.4,21,https://www.keiba.go.jp/KeibaWeb/TodayRaceInfo/Odds3LenFuku?k_babaCode=19&k_raceDate=2026%2F09%2F29&k_raceNo=1
2026-09-29 14:28:00,14:27,2026-09-29,funabashi,1,2,三連複,2-4-9,359.0,359.0,80,https://www.keiba.go.jp/KeibaWeb/TodayRaceInfo/Odds3LenFuku?k_babaCode=19&k_raceDate=2026%2F09%2F29&k_raceNo=1
2026-09-29 14:28:00,14:27,2026-09-29,funabashi,1,2,三連複,2-5-10,305.8,305.8,72,https://www.keiba.go.jp/KeibaWeb/TodayRaceInfo/Odds3LenFuku?k_babaCode=19&k_raceDate=2026%2F09%2F29&k_raceNo=1
2026-09-29 14:28:00,14:27,2026-09-29,funabashi,1,2,三連複,2-5-11,210.8,210.8,52,https://www.keiba.go.jp/KeibaWeb/TodayRaceInfo/Odds3LenFuku?k_babaCode=19&k_raceDate=2026%2F09%2F29&k_raceNo=1
2026-09-29 14:28:00,14:27,2026-09-29,funabashi,1,2,三連複,2-5-12,3478.7,3478.7,204,https://www.keiba.go.jp/KeibaWeb/TodayRaceInfo/Odds3LenFuku?k_babaCode=19&k_raceDate=2026%2F09%2F29&k_raceNo=1
2026-09-29 14:28:00,14:27,2026-09-29,funabashi,1,2,三連複,2-5-6,233.8,233.8,56,https://www.keiba.go.jp/KeibaWeb/TodayRaceInfo/Odds3LenFuku?k_babaCode=19&k_raceDate=2026%2F09%2F29&k_raceNo=1
2026-09-29 14:28:00,14:27,2026-09-29,funabashi,1,2,三連複,2-5-7,333.2,333.2,79,https://www.keiba.go.jp/KeibaWeb/TodayRaceInfo/Odds3LenFuku?k_babaCode=19&k_raceDate=2026%2F09%2F29&k_raceNo=1
2026-09-29 14:28:00,14:27,2026-09-29,funabashi,1,2,三連複,2-5-8,32.8,32.8,16,https://www.keiba.go.jp/KeibaWeb/TodayRaceInfo/Odds3LenFuku?k_babaCode=19&k_raceDate=2026%2F09%2F29&k_raceNo=1
2026-09-29 14:28:00,14:27,2026-09-29,funabashi,1,2,三連複,2-5-9,361.4,361.4,82,https://www.keiba.go.jp/KeibaWeb/TodayRaceInfo/Odds3LenFuku?k_babaCode=19&k_raceDate=2026%2F09%2F29&k_raceNo=1
2026-09-29 14:28:00,14:27,2026-09-29,funabashi,1,2,三連複,2-6-10,275.5,275.5,64,https://www.keiba.go.jp/KeibaWeb/TodayRaceInfo/Odds3LenFuku?k_babaCode=19&k_raceDate=2026%2F09%2F29&k_raceNo=1
2026-09-29 14:28:00,14:27,2026-09-29,funabashi,1,2,三連複,2-6-11,154.6,154.6,41,https://www.keiba.go.jp/KeibaWeb/TodayRaceInfo/Odds3LenFuku?k_babaCode=19&k_raceDate=2026%2F09%2F29&k_raceNo=1
2026-09-29 14:28:00,14:27,2026-09-29,funabashi,1,2,三連複,2-6-12,1357.5,1357.5,149,https://www.keiba.go.jp/KeibaWeb/TodayRaceInfo/Odds3LenFuku?k_babaCode=19&k_raceDate=2026%2F09%2F29&k_raceNo=1
2026-09-29 14:28:00,14:27,2026-09-29,funabashi,1,2,三連複,2-6-7,191.9,191.9,49,https://www.keiba.go.jp/KeibaWeb/TodayRaceInfo/Odds3LenFuku?k_babaCode=19&k_raceDate=2026%2F09%2F29&k_raceNo=1
2026-09-29 14:28:00,14:27,2026-09-29,funabashi,1,2,三連複,2-6-8,20.1,20.1,4,https://www.keiba.go.jp/KeibaWeb/TodayRaceInfo/Odds3LenFuku?k_babaCode=19&k_raceDate=2026%2F09%2F29&k_raceNo=1
2026-09-29 14:28:00,14:27,2026-09-29,funabashi,1,2,三連複,2-6-9,189.3,189.3,48,https://www.keiba.go.jp/KeibaWeb/TodayRaceInfo/Odds3LenFuku?k_babaCode=19&k_raceDate=2026%2F09%2F29&k_raceNo=1
2026-09-29 14:28:00,14:27,2026-09-29,funabashi,1,2,三連複,2-7-10,687.1,687.1,124,https://www.keiba.go.jp/KeibaWeb/TodayRaceInfo/Odds3LenFuku?k_babaCode=19&k_raceDate=2026%2F09%2F29&k_raceNo=1
2026-09-29 14:28:00,14:27,2026-09-29,funabashi,1,2,三連複,2-7-11,296.0,296.0,71,https://www.keiba.go.jp/KeibaWeb/TodayRaceInfo/Odds3LenFuku?k_babaCode=19&k_raceDate=2026%2F09%2F29&k_raceNo=1
2026-09-29 14:28:00,14:27,2026-09-29,funabashi,1,2,三連複,2-7-12,3975.7,3975.7,207,https://www.keiba.go.jp/KeibaWeb/TodayRaceInfo/Odds3LenFuku?k_babaCode=19&k_raceDate=2026%2F09%2F29&k_raceNo=1
2026-09-29 14:28:00,14:27,2026-09-29,funabashi,1,2,三連複,2-7-8,43.1,43.1,22,https://www.keiba.go.jp/KeibaWeb/TodayRaceInfo/Odds3LenFuku?k_babaCode=19&k_raceDate=2026%2F09%2F29&k_raceNo=1
2026-09-29 14:28:00,14:27,2026-09-29,funabashi,1,2,三連複,2-7-9,285.4,285.4,67,https://www.keiba.go.jp/KeibaWeb/TodayRaceInfo/Odds3LenFuku?k_babaCode=19&k_raceDate=2026%2F09%2F29&k_raceNo=1
2026-09-29 14:28:00,14:27,2026-09-29,funabashi,1,2,三連複,2-8-10,46.6,46.6,24,https://www.keiba.go.jp/KeibaWeb/TodayRaceInfo/Odds3LenFuku?k_babaCode=19&k_raceDate=2026%2F09%2F29&k_raceNo=1
2026-09-29 14:28:00,14:27,2026-09-29,funabashi,1,2,三連複,2-8-11,25.9,25.9,8,https://www.keiba.go.jp/KeibaWeb/TodayRaceInfo/Odds3LenFuku?k_babaCode=19&k_raceDate=2026%2F09%2F29&k_raceNo=1
2026-09-29 14:28:00,14:27,2026-09-29,funabashi,1,2,三連複,2-8-12,525.0,525.0,114,https://www.keiba.go.jp/KeibaWeb/TodayRaceInfo/Odds3LenFuku?k_babaCode=19&k_raceDate=2026%2F09%2F29&k_raceNo=1
2026-09-29 14:28:00,14:27,2026-09-29,funabashi,1,2,三連複,2-8-9,32.5,32.5,15,https://www.keiba.go.jp/KeibaWeb/TodayRaceInfo/Odds3LenFuku?k_babaCode=19&k_raceDate=2026%2F09%2F29&k_raceNo=1
2026-09-29 14:28:00,14:27,2026-09-29,funabashi,1,2,三連複,2-9-10,400.4,400.4,92,https://www.keiba.go.jp/KeibaWeb/TodayRaceInfo/Odds3LenFuku?k_babaCode=19&k_raceDate=2026%2F09%2F29&k_raceNo=1
2026-09-29 14:28:00,14:27,2026-09-29,funabashi,1,2,三連複,2-9-11,257.6,257.6,59,https://www.keiba.go.jp/KeibaWeb/TodayRaceInfo/Odds3LenFuku?k_babaCode=19&k_raceDate=2026%2F09%2F29&k_raceNo=1
2026-09-29 14:28:00,14:27,2026-09-29,funabashi,1,2,三連複,2-9-12,4281.5,4281.5,208,https://www.keiba.go.jp/KeibaWeb/TodayRaceInfo/Odds3LenFuku?k_babaCode=19&k_raceDate=2026%2F09%2F29&k_raceNo=1
2026-09-29 14:28:00,14:27,2026-09-29,funabashi,1,2,三連複,3-10-11,3092.2,3092.2,196,https://www.keiba.go.jp/KeibaWeb/TodayRaceInfo/Odds3LenFuku?k_babaCode=19&k_raceDate=2026%2F09%2F29&k_raceNo=1
2026-09-29 14:28:00,14:27,2026-09-29,funabashi,1,2,三連複,3-10-12,4638.3,4638.3,209,https://www.keiba.go.jp/KeibaWeb/TodayRaceInfo/Odds3LenFuku?k_babaCode=19&k_raceDate=2026%2F09%2F29&k_raceNo=1
2026-09-29 14:28:00,14:27,2026-09-29,funabashi,1,2,三連複,3-11-12,2783.0,2783.0,190,https://www.keiba.go.jp/KeibaWeb/TodayRaceInfo/Odds3LenFuku?k_babaCode=19&k_raceDate=2026%2F09%2F29&k_raceNo=1
2026-09-29 14:28:00,14:27,2026-09-29,funabashi,1,2,三連複,3-4-10,3092.2,3092.2,196,https://www.keiba.go.jp/KeibaWeb/TodayRaceInfo/Odds3LenFuku?k_babaCode=19&k_raceDate=2026%2F09%2F29&k_raceNo=1
2026-09-29 14:28:00,14:27,2026-09-29,funabashi,1,2,三連複,3-4-11,2650.4,2650.4,186,https://www.keiba.go.jp/KeibaWeb/TodayRaceInfo/Odds3LenFuku?k_babaCode=19&k_raceDate=2026%2F09%2F29&k_raceNo=1
2026-09-29 14:28:00,14:27,2026-09-29,funabashi,1,2,三連複,3-4-12,11132.0,11132.0,218,https://www.keiba.go.jp/KeibaWeb/TodayRaceInfo/Odds3LenFuku?k_babaCode=19&k_raceDate=2026%2F09%2F29&k_raceNo=1
2026-09-29 14:28:00,14:27,2026-09-29,funabashi,1,2,三連複,3-4-5,2319.1,2319.1,178,https://www.keiba.go.jp/KeibaWeb/TodayRaceInfo/Odds3LenFuku?k_babaCode=19&k_raceDate=2026%2F09%2F29&k_raceNo=1
2026-09-29 14:28:00,14:27,2026-09-29,funabashi,1,2,三連複,3-4-6,1464.7,1464.7,151,https://www.keiba.go.jp/KeibaWeb/TodayRaceInfo/Odds3LenFuku?k_babaCode=19&k_raceDate=2026%2F09%2F29&k_raceNo=1
2026-09-29 14:28:00,14:27,2026-09-29,funabashi,1,2,三連複,3-4-7,869.6,869.6,136,https://www.keiba.go.jp/KeibaWeb/TodayRaceInfo/Odds3LenFuku?k_babaCode=19&k_raceDate=2026%2F09%2F29&k_raceNo=1
2026-09-29 14:28:00,14:27,2026-09-29,funabashi,1,2,三連複,3-4-8,361.4,361.4,82,https://www.keiba.go.jp/KeibaWeb/TodayRaceInfo/Odds3LenFuku?k_babaCode=19&k_raceDate=2026%2F09%2F29&k_raceNo=1
2026-09-29 14:28:00,14:27,2026-09-29,funabashi,1,2,三連複,3-4-9,1357.5,1357.5,149,https://www.keiba.go.jp/KeibaWeb/TodayRaceInfo/Odds3LenFuku?k_babaCode=19&k_raceDate=2026%2F09%2F29&k_raceNo=1
2026-09-29 14:28:00,14:27,2026-09-29,funabashi,1,2,三連複,3-5-10,1919.3,1919.3,165,https://www.keiba.go.jp/KeibaWeb/TodayRaceInfo/Odds3LenFuku?k_babaCode=19&k_raceDate=2026%2F09%2F29&k_raceNo=1
2026-09-29 14:28:00,14:27,2026-09-29,funabashi,1,2,三連複,3-5-11,2319.1,2319.1,178,https://www.keiba.go.jp/KeibaWeb/TodayRaceInfo/Odds3LenFuku?k_babaCode=19&k_raceDate=2026%2F09%2F29&k_raceNo=1
2026-09-29 14:28:00,14:27,2026-09-29,funabashi,1,2,三連複,3-5-12,27830.2,27830.2,220,https://www.keiba.go.jp/KeibaWeb/TodayRaceInfo/Odds3LenFuku?k_babaCode=19&k_raceDate=2026%2F09%2F29&k_raceNo=1
2026-09-29 14:28:00,14:27,2026-09-29,funabashi,1,2,三連複,3-5-6,1236.8,1236.8,145,https://www.keiba.go.jp/KeibaWeb/TodayRaceInfo/Odds3LenFuku?k_babaCode=19&k_raceDate=2026%2F09%2F29&k_raceNo=1
2026-09-29 14:28:00,14:27,2026-09-29,funabashi,1,2,三連複,3-5-7,2226.4,2226.4,174,https://www.keiba.go.jp/KeibaWeb/TodayRaceInfo/Odds3LenFuku?k_babaCode=19&k_raceDate=2026%2F09%2F29&k_raceNo=1
2026-09-29 14:28:00,14:27,2026-09-29,funabashi,1,2,三連複,3-5-8,421.6,421.6,97,https://www.keiba.go.jp/KeibaWeb/TodayRaceInfo/Odds3LenFuku?k_babaCode=19&k_raceDate=2026%2F09%2F29&k_raceNo=1
2026-09-29 14:28:00,14:27,2026-09-29,funabashi,1,2,三連複,3-5-9,2530.0,2530.0,183,https://www.keiba.go.jp/KeibaWeb/TodayRaceInfo/Odds3LenFuku?k_babaCode=19&k_raceDate=2026%2F09%2F29&k_raceNo=1
2026-09-29 14:28:00,14:27,2026-09-29,funabashi,1,2,三連複,3-6-10,2650.4,2650.4,186,https://www.keiba.go.jp/KeibaWeb/TodayRaceInfo/Odds3LenFuku?k_babaCode=19&k_raceDate=2026%2F09%2F29&k_raceNo=1
2026-09-29 14:28:00,14:27,2026-09-29,funabashi,1,2,三連複,3-6-11,1265.0,1265.0,146,https://www.keiba.go.jp/KeibaWeb/TodayRaceInfo/Odds3LenFuku?k_babaCode=19&k_raceDate=2026%2F09%2F29&k_raceNo=1
2026-09-29 14:28:00,14:27,2026-09-29,funabashi,1,2,三連複,3-6-12,5566.0,5566.0,211,https://www.keiba.go.jp/KeibaWeb/TodayRaceInfo/Odds3LenFuku?k_babaCode=19&k_raceDate=2026%2F09%2F29&k_raceNo=1
2026-09-29 14:28:00,14:27,2026-09-29,funabashi,1,2,三連複,3-6-7,773.0,773.0,132,https://www.keiba.go.jp/KeibaWeb/TodayRaceInfo/Odds3LenFuku?k_babaCode=19&k_raceDate=2026%2F09%2F29&k_raceNo=1
2026-09-29 14:28:00,14:27,2026-09-29,funabashi,1,2,三連複,3-6-8,270.1,270.1,62,https://www.keiba.go.jp/KeibaWeb/TodayRaceInfo/Odds3LenFuku?k_babaCode=19&k_raceDate=2026%2F09%2F29&k_raceNo=1
2026-09-29 14:28:00,14:27,2026-09-29,funabashi,1,2,三連複,3-6-9,704.5,704.5,127,https://www.keiba.go.jp/KeibaWeb/TodayRaceInfo/Odds3LenFuku?k_babaCode=19&k_raceDate=2026%2F09%2F29&k_raceNo=1
2026-09-29 14:28:00,14:27,2026-09-29,funabashi,1,2,三連複,3-7-10,3274.1,3274.1,201,https://www.keiba.go.jp/KeibaWeb/TodayRaceInfo/Odds3LenFuku?k_babaCode=19&k_raceDate=2026%2F09%2F29&k_raceNo=1
2026-09-29 14:28:00,14:27,2026-09-29,funabashi,1,2,三連複,3-7-11,1987.8,1987.8,167,https://www.keiba.go.jp/KeibaWeb/TodayRaceInfo/Odds3LenFuku?k_babaCode=19&k_raceDate=2026%2F09%2F29&k_raceNo=1
2026-09-29 14:28:00,14:27,2026-09-29,funabashi,1,2,三連複,3-7-12,5566.0,5566.0,211,https://www.keiba.go.jp/KeibaWeb/TodayRaceInfo/Odds3LenFuku?k_babaCode=19&k_raceDate=2026%2F09%2F29&k_raceNo=1
2026-09-29 14:28:00,14:27,2026-09-29,funabashi,1,2,三連複,3-7-8,389.2,389.2,90,https://www.keiba.go.jp/KeibaWeb/TodayRaceInfo/Odds3LenFuku?k_babaCode=19&k_raceDate=2026%2F09%2F29&k_raceNo=1
2026-09-29 14:28:00,14:27,2026-09-29,funabashi,1,2,三連複,3-7-9,806.6,806.6,134,https://www.keiba.go.jp/KeibaWeb/TodayRaceInfo/Odds3LenFuku?k_babaCode=19&k_raceDate=2026%2F09%2F29&k_raceNo=1
2026-09-29 14:28:00,14:27,2026-09-29,funabashi,1,2,三連複,3-8-10,670.6,670.6,121,https://www.keiba.go.jp/KeibaWeb/TodayRaceInfo/Odds3LenFuku?k_babaCode=19&k_raceDate=2026%2F09%2F29&k_raceNo=1
2026-09-29 14:28:00,14:27,2026-09-29,funabashi,1,2,三連複,3-8-11,376.0,376.0,88,https://www.keiba.go.jp/KeibaWeb/TodayRaceInfo/Odds3LenFuku?k_babaCode=19&k_raceDate=2026%2F09%2F29&k_raceNo=1
2026-09-29 14:28:00,14:27,2026-09-29,funabashi,1,2,三連複,3-8-12,2530.0,2530.0,183,https://www.keiba.go.jp/KeibaWeb/TodayRaceInfo/Odds3LenFuku?k_babaCode=19&k_raceDate=2026%2F09%2F29&k_raceNo=1
2026-09-29 14:28:00,14:27,2026-09-29,funabashi,1,2,三連複,3-8-9,359.0,359.0,80,https://www.keiba.go.jp/KeibaWeb/TodayRaceInfo/Odds3LenFuku?k_babaCode=19&k_raceDate=2026%2F09%2F29&k_raceNo=1
2026-09-29 14:28:00,14:27,2026-09-29,funabashi,1,2,三連複,3-9-10,2140.7,2140.7,169,https://www.keiba.go.jp/KeibaWeb/TodayRaceInfo/Odds3LenFuku?k_babaCode=19&k_raceDate=2026%2F09%2F29&k_raceNo=1
2026-09-29 14:28:00,14:27,2026-09-29,funabashi,1,2,三連複,3-9-11,1739.3,1739.3,158,https://www.keiba.go.jp/KeibaWeb/TodayRaceInfo/Odds3LenFuku?k_babaCode=19&k_raceDate=2026%2F09%2F29&k_raceNo=1
2026-09-29 14:28:00,14:27,2026-09-29,funabashi,1,2,三連複,3-9-12,6957.5,6957.5,216,https://www.keiba.go.jp/KeibaWeb/TodayRaceInfo/Odds3LenFuku?k_babaCode=19&k_raceDate=2026%2F09%2F29&k_raceNo=1
2026-09-29 14:28:00,14:27,2026-09-29,funabashi,1,2,三連複,4-10-11,325.4,325.4,76,https://www.keiba.go.jp/KeibaWeb/TodayRaceInfo/Odds3LenFuku?k_babaCode=19&k_raceDate=2026%2F09%2F29&k_raceNo=1
2026-09-29 14:28:00,14:27,2026-09-29,funabashi,1,2,三連複,4-10-12,2319.1,2319.1,178,https://www.keiba.go.jp/KeibaWeb/TodayRaceInfo/Odds3LenFuku?k_babaCode=19&k_raceDate=2026%2F09%2F29&k_raceNo=1
2026-09-29 14:28:00,14:27,2026-09-29,funabashi,1,2,三連複,4-11-12,2530.0,2530.0,183,https://www.keiba.go.jp/KeibaWeb/TodayRaceInfo/Odds3LenFuku?k_babaCode=19&k_raceDate=2026%2F09%2F29&k_raceNo=1
2026-09-29 14:28:00,14:27,2026-09-29,funabashi,1,2,三連複,4-5-10,373.5,373.5,86,https://www.keiba.go.jp/KeibaWeb/TodayRaceInfo/Odds3LenFuku?k_babaCode=19&k_raceDate=2026%2F09%2F29&k_raceNo=1
2026-09-29 14:28:00,14:27,2026-09-29,funabashi,1,2,三連複,4-5-11,249.5,249.5,58,https://www.keiba.go.jp/KeibaWeb/TodayRaceInfo/Odds3LenFuku?k_babaCode=19&k_raceDate=2026%2F09%2F29&k_raceNo=1
2026-09-29 14:28:00,14:27,2026-09-29,funabashi,1,2,三連複,4-5-12,3092.2,3092.2,196,https://www.keiba.go.jp/KeibaWeb/TodayRaceInfo/Odds3LenFuku?k_babaCode=19&k_raceDate=2026%2F09%2F29&k_raceNo=1
2026-09-29 14:28:00,14:27,2026-09-29,funabashi,1,2,三連複,4-5-6,155.0,155.0,42,https://www.keiba.go.jp/KeibaWeb/TodayRaceInfo/Odds3LenFuku?k_babaCode=19&k_raceDate=2026%2F09%2F29&k_raceNo=1
2026-09-29 14:28:00,14:27,2026-09-29,funabashi,1,2,三連複,4-5-7,219.1,219.1,53,https://www.keiba.go.jp/KeibaWeb/TodayRaceInfo/Odds3LenFuku?k_babaCode=19&k_raceDate=2026%2F09%2F29&k_raceNo=1
2026-09-29 14:28:00,14:27,2026-09-29,funabashi,1,2,三連複,4-5-8,30.3,30.3,12,https://www.keiba.go.jp/KeibaWeb/TodayRaceInfo/Odds3LenFuku?k_babaCode=19&k_raceDate=2026%2F09%2F29&k_raceNo=1
2026-09-29 14:28:00,14:27,2026-09-29,funabashi,1,2,三連複,4-5-9,282.5,282.5,65,https://www.keiba.go.jp/KeibaWeb/TodayRaceInfo/Odds3LenFuku?k_babaCode=19&k_raceDate=2026%2F09%2F29&k_raceNo=1
2026-09-29 14:28:00,14:27,2026-09-29,funabashi,1,2,三連複,4-6-10,282.5,282.5,65,https://www.keiba.go.jp/KeibaWeb/TodayRaceInfo/Odds3LenFuku?k_babaCode=19&k_raceDate=2026%2F09%2F29&k_raceNo=1
2026-09-29 14:28:00,14:27,2026-09-29,funabashi,1,2,三連複,4-6-11,141.9,141.9,39,https://www.keiba.go.jp/KeibaWeb/TodayRaceInfo/Odds3LenFuku?k_babaCode=19&k_raceDate=2026%2F09%2F29&k_raceNo=1
2026-09-29 14:28:00,14:27,2026-09-29,funabashi,1,2,三連複,4-6-12,1546.1,1546.1,155,https://www.keiba.go.jp/KeibaWeb/TodayRaceInfo/Odds3LenFuku?k_babaCode=19&k_raceDate=2026%2F09%2F29&k_raceNo=1
2026-09-29 14:28:00,14:27,2026-09-29,funabashi,1,2,三連複,4-6-7,103.6,103.6,33,https://www.keiba.go.jp/KeibaWeb/TodayRaceInfo/Odds3LenFuku?k_babaCode=19&k_raceDate=2026%2F09%2F29&k_raceNo=1
2026-09-29 14:28:00,14:27,2026-09-29,funabashi,1,2,三連複,4-6-8,19.8,19.8,3,https://www.keiba.go.jp/KeibaWeb/TodayRaceInfo/Odds3LenFuku?k_babaCode=19&k_raceDate=2026%2F09%2F29&k_raceNo=1
2026-09-29 14:28:00,14:27,2026-09-29,funabashi,1,2,三連複,4-6-9,180.7,180.7,46,https://www.keiba.go.jp/KeibaWeb/TodayRaceInfo/Odds3LenFuku?k_babaCode=19&k_raceDate=2026%2F09%2F29&k_raceNo=1
2026-09-29 14:28:00,14:27,2026-09-29,funabashi,1,2,三連複,4-7-10,452.5,452.5,103,https://www.keiba.go.jp/KeibaWeb/TodayRaceInfo/Odds3LenFuku?k_babaCode=19&k_raceDate=2026%2F09%2F29&k_raceNo=1
2026-09-29 14:28:00,14:27,2026-09-29,funabashi,1,2,三連複,4-7-11,165.1,165.1,44,https://www.keiba.go.jp/KeibaWeb/TodayRaceInfo/Odds3LenFuku?k_babaCode=19&k_raceDate=2026%2F09%2F29&k_raceNo=1
2026-09-29 14:28:00,14:27,2026-09-29,funabashi,1,2,三連複,4-7-12,1855.3,1855.3,162,https://www.keiba.go.jp/KeibaWeb/TodayRaceInfo/Odds3LenFuku?k_babaCode=19&k_raceDate=2026%2F09%2F29&k_raceNo=1
2026-09-29 14:28:00,14:27,2026-09-29,funabashi,1,2,三連複,4-7-8,31.1,31.1,13,https://www.keiba.go.jp/KeibaWeb/TodayRaceInfo/Odds3LenFuku?k_babaCode=19&k_raceDate=2026%2F09%2F29&k_raceNo=1
2026-09-29 14:28:00,14:27,2026-09-29,funabashi,1,2,三連複,4-7-9,206.1,206.1,50,https://www.keiba.go.jp/KeibaWeb/TodayRaceInfo/Odds3LenFuku?k_babaCode=19&k_raceDate=2026%2F09%2F29&k_raceNo=1
2026-09-29 14:28:00,14:27,2026-09-29,funabashi,1,2,三連複,4-8-10,53.4,53.4,27,https://www.keiba.go.jp/KeibaWeb/TodayRaceInfo/Odds3LenFuku?k_babaCode=19&k_raceDate=2026%2F09%2F29&k_raceNo=1
2026-09-29 14:28:00,14:27,2026-09-29,funabashi,1,2,三連複,4-8-11,26.1,26.1,9,https://www.keiba.go.jp/KeibaWeb/TodayRaceInfo/Odds3LenFuku?k_babaCode=19&k_raceDate=2026%2F09%2F29&k_raceNo=1
2026-09-29 14:28:00,14:27,2026-09-29,funabashi,1,2,三連複,4-8-12,400.4,400.4,92,https://www.keiba.go.jp/KeibaWeb/TodayRaceInfo/Odds3LenFuku?k_babaCode=19&k_raceDate=2026%2F09%2F29&k_raceNo=1
2026-09-29 14:28:00,14:27,2026-09-29,funabashi,1,2,三連複,4-8-9,36.2,36.2,19,https://www.keiba.go.jp/KeibaWeb/TodayRaceInfo/Odds3LenFuku?k_babaCode=19&k_raceDate=2026%2F09%2F29&k_raceNo=1
2026-09-29 14:28:00,14:27,2026-09-29,funabashi,1,2,三連複,4-9-10,368.6,368.6,85,https://www.keiba.go.jp/KeibaWeb/TodayRaceInfo/Odds3LenFuku?k_babaCode=19&k_raceDate=2026%2F09%2F29&k_raceNo=1
2026-09-29 14:28:00,14:27,2026-09-29,funabashi,1,2,三連複,4-9-11,230.0,230.0,55,https://www.keiba.go.jp/KeibaWeb/TodayRaceInfo/Odds3LenFuku?k_babaCode=19&k_raceDate=2026%2F09%2F29&k_raceNo=1
2026-09-29 14:28:00,14:27,2026-09-29,funabashi,1,2,三連複,4-9-12,2929.4,2929.4,194,https://www.keiba.go.jp/KeibaWeb/TodayRaceInfo/Odds3LenFuku?k_babaCode=19&k_raceDate=2026%2F09%2F29&k_raceNo=1
2026-09-29 14:28:00,14:27,2026-09-29,funabashi,1,2,三連複,5-10-11,415.3,415.3,95,https://www.keiba.go.jp/KeibaWeb/TodayRaceInfo/Odds3LenFuku?k_babaCode=19&k_raceDate=2026%2F09%2F29&k_raceNo=1
2026-09-29 14:28:00,14:27,2026-09-29,funabashi,1,2,三連複,5-10-12,2420.0,2420.0,182,https://www.keiba.go.jp/KeibaWeb/TodayRaceInfo/Odds3LenFuku?k_babaCode=19&k_raceDate=2026%2F09%2F29&k_raceNo=1
2026-09-29 14:28:00,14:27,2026-09-29,funabashi,1,2,三連複,5-11-12,1590.2,1590.2,157,https://www.keiba.go.jp/KeibaWeb/TodayRaceInfo/Odds3LenFuku?k_babaCode=19&k_raceDate=2026%2F09%2F29&k_raceNo=1
2026-09-29 14:28:00,14:27,2026-09-29,funabashi,1,2,三連複,5-6-10,323.6,323.6,75,https://www.keiba.go.jp/KeibaWeb/TodayRaceInfo/Odds3LenFuku?k_babaCode=19&k_raceDate=2026%2F09%2F29&k_raceNo=1
2026-09-29 14:28:00,14:27,2026-09-29,funabashi,1,2,三連複,5-6-11,174.4,174.4,45,https://www.keiba.go.jp/KeibaWeb/TodayRaceInfo/Odds3LenFuku?k_babaCode=19&k_raceDate=2026%2F09%2F29&k_raceNo=1
2026-09-29 14:28:00,14:27,2026-09-29,funabashi,1,2,三連複,5-6-12,1795.4,1795.4,160,https://www.keiba.go.jp/KeibaWeb/TodayRaceInfo/Odds3LenFuku?k_babaCode=19&k_raceDate=2026%2F09%2F29&k_raceNo=1
2026-09-29 14:28:00,14:27,2026-09-29,funabashi,1,2,三連複,5-6-7,186.7,186.7,47,https://www.keiba.go.jp/KeibaWeb/TodayRaceInfo/Odds3LenFuku?k_babaCode=19&k_raceDate=2026%2F09%2F29&k_raceNo=1
2026-09-29 14:28:00,14:27,2026-09-29,funabashi,1,2,三連複,5-6-8,25.1,25.1,7,https://www.keiba.go.jp/KeibaWeb/TodayRaceInfo/Odds3LenFuku?k_babaCode=19&k_raceDate=2026%2F09%2F29&k_raceNo=1
2026-09-29 14:28:00,14:27,2026-09-29,funabashi,1,2,三連複,5-6-9,292.9,292.9,70,https://www.keiba.go.jp/KeibaWeb/TodayRaceInfo/Odds3LenFuku?k_babaCode=19&k_raceDate=2026%2F09%2F29&k_raceNo=1
2026-09-29 14:28:00,14:27,2026-09-29,funabashi,1,2,三連複,5-7-10,452.5,452.5,103,https://www.keiba.go.jp/KeibaWeb/TodayRaceInfo/Odds3LenFuku?k_babaCode=19&k_raceDate=2026%2F09%2F29&k_raceNo=1
2026-09-29 14:28:00,14:27,2026-09-29,funabashi,1,2,三連複,5-7-11,258.8,258.8,60,https://www.keiba.go.jp/KeibaWeb/TodayRaceInfo/Odds3LenFuku?k_babaCode=19&k_raceDate=2026%2F09%2F29&k_raceNo=1
2026-09-29 14:28:00,14:27,2026-09-29,funabashi,1,2,三連複,5-7-12,2783.0,2783.0,190,https://www.keiba.go.jp/KeibaWeb/TodayRaceInfo/Odds3LenFuku?k_babaCode=19&k_raceDate=2026%2F09%2F29&k_raceNo=1
2026-09-29 14:28:00,14:27,2026-09-29,funabashi,1,2,三連複,5-7-8,49.2,49.2,26,https://www.keiba.go.jp/KeibaWeb/TodayRaceInfo/Odds3LenFuku?k_babaCode=19&k_raceDate=2026%2F09%2F29&k_raceNo=1
2026-09-29 14:28:00,14:27,2026-09-29,funabashi,1,2,三連複,5-7-9,467.7,467.7,105,https://www.keiba.go.jp/KeibaWeb/TodayRaceInfo/Odds3LenFuku?k_babaCode=19&k_raceDate=2026%2F09%2F29&k_raceNo=1
2026-09-29 14:28:00,14:27,2026-09-29,funabashi,1,2,三連複,5-8-10,47.0,47.0,25,https://www.keiba.go.jp/KeibaWeb/TodayRaceInfo/Odds3LenFuku?k_babaCode=19&k_raceDate=2026%2F09%2F29&k_raceNo=1
2026-09-29 14:28:00,14:27,2026-09-29,funabashi,1,2,三連複,5-8-11,27.1,27.1,10,https://www.keiba.go.jp/KeibaWeb/TodayRaceInfo/Odds3LenFuku?k_babaCode=19&k_raceDate=2026%2F09%2F29&k_raceNo=1
2026-09-29 14:28:00,14:27,2026-09-29,funabashi,1,2,三連複,5-8-12,471.6,471.6,107,https://www.keiba.go.jp/KeibaWeb/TodayRaceInfo/Odds3LenFuku?k_babaCode=19&k_raceDate=2026%2F09%2F29&k_raceNo=1
2026-09-29 14:28:00,14:27,2026-09-29,funabashi,1,2,三連複,5-8-9,36.7,36.7,20,https://www.keiba.go.jp/KeibaWeb/TodayRaceInfo/Odds3LenFuku?k_babaCode=19&k_raceDate=2026%2F09%2F29&k_raceNo=1
2026-09-29 14:28:00,14:27,2026-09-29,funabashi,1,2,三連複,5-9-10,475.7,475.7,108,https://www.keiba.go.jp/KeibaWeb/TodayRaceInfo/Odds3LenFuku?k_babaCode=19&k_raceDate=2026%2F09%2F29&k_raceNo=1
2026-09-29 14:28:00,14:27,2026-09-29,funabashi,1,2,三連複,5-9-11,329.3,329.3,78,https://www.keiba.go.jp/KeibaWeb/TodayRaceInfo/Odds3LenFuku?k_babaCode=19&k_raceDate=2026%2F09%2F29&k_raceNo=1
2026-09-29 14:28:00,14:27,2026-09-29,funabashi,1,2,三連複,5-9-12,5566.0,5566.0,211,https://www.keiba.go.jp/KeibaWeb/TodayRaceInfo/Odds3LenFuku?k_babaCode=19&k_raceDate=2026%2F09%2F29&k_raceNo=1
2026-09-29 14:28:00,14:27,2026-09-29,funabashi,1,2,三連複,6-10-11,225.3,225.3,54,https://www.keiba.go.jp/KeibaWeb/TodayRaceInfo/Odds3LenFuku?k_babaCode=19&k_raceDate=2026%2F09%2F29&k_raceNo=1
2026-09-29 14:28:00,14:27,2026-09-29,funabashi,1,2,三連複,6-10-12,2226.4,2226.4,174,https://www.keiba.go.jp/KeibaWeb/TodayRaceInfo/Odds3LenFuku?k_babaCode=19&k_raceDate=2026%2F09%2F29&k_raceNo=1
2026-09-29 14:28:00,14:27,2026-09-29,funabashi,1,2,三連複,6-11-12,1030.7,1030.7,142,https://www.keiba.go.jp/KeibaWeb/TodayRaceInfo/Odds3LenFuku?k_babaCode=19&k_raceDate=2026%2F09%2F29&k_raceNo=1
2026-09-29 14:28:00,14:27,2026-09-29,funabashi,1,2,三連複,6-7-10,397.5,397.5,91,https://www.keiba.go.jp/KeibaWeb/TodayRaceInfo/Odds3LenFuku?k_babaCode=19&k_raceDate=2026%2F09%2F29&k_raceNo=1
2026-09-29 14:28:00,14:27,2026-09-29,funabashi,1,2,三連複,6-7-11,122.6,122.6,37,https://www.keiba.go.jp/KeibaWeb/TodayRaceInfo/Odds3LenFuku?k_babaCode=19&k_raceDate=2026%2F09%2F29&k_raceNo=1
2026-09-29 14:28:00,14:27,2026-09-29,funabashi,1,2,三連複,6-7-12,1464.7,1464.7,151,https://www.keiba.go.jp/KeibaWeb/TodayRaceInfo/Odds3LenFuku?k_babaCode=19&k_raceDate=2026%2F09%2F29&k_raceNo=1
2026-09-29 14:28:00,14:27,2026-09-29,funabashi,1,2,三連複,6-7-8,16.5,16.5,2,https://www.keiba.go.jp/KeibaWeb/TodayRaceInfo/Odds3LenFuku?k_babaCode=19&k_raceDate=2026%2F09%2F29&k_raceNo=1
2026-09-29 14:28:00,14:27,2026-09-29,funabashi,1,2,三連複,6-7-9,152.9,152.9,40,https://www.keiba.go.jp/KeibaWeb/TodayRaceInfo/Odds3LenFuku?k_babaCode=19&k_raceDate=2026%2F09%2F29&k_raceNo=1
2026-09-29 14:28:00,14:27,2026-09-29,funabashi,1,2,三連複,6-8-10,34.8,34.8,18,https://www.keiba.go.jp/KeibaWeb/TodayRaceInfo/Odds3LenFuku?k_babaCode=19&k_raceDate=2026%2F09%2F29&k_raceNo=1
2026-09-29 14:28:00,14:27,2026-09-29,funabashi,1,2,三連複,6-8-11,15.4,15.4,1,https://www.keiba.go.jp/KeibaWeb/TodayRaceInfo/Odds3LenFuku?k_babaCode=19&k_raceDate=2026%2F09%2F29&k_raceNo=1
2026-09-29 14:28:00,14:27,2026-09-29,funabashi,1,2,三連複,6-8-12,325.4,325.4,76,https://www.keiba.go.jp/KeibaWeb/TodayRaceInfo/Odds3LenFuku?k_babaCode=19&k_raceDate=2026%2F09%2F29&k_raceNo=1
2026-09-29 14:28:00,14:27,2026-09-29,funabashi,1,2,三連複,6-8-9,20.5,20.5,5,https://www.keiba.go.jp/KeibaWeb/TodayRaceInfo/Odds3LenFuku?k_babaCode=19&k_raceDate=2026%2F09%2F29&k_raceNo=1
2026-09-29 14:28:00,14:27,2026-09-29,funabashi,1,2,三連複,6-9-10,289.8,289.8,69,https://www.keiba.go.jp/KeibaWeb/TodayRaceInfo/Odds3LenFuku?k_babaCode=19&k_raceDate=2026%2F09%2F29&k_raceNo=1
2026-09-29 14:28:00,14:27,2026-09-29,funabashi,1,2,三連複,6-9-11,155.4,155.4,43,https://www.keiba.go.jp/KeibaWeb/TodayRaceInfo/Odds3LenFuku?k_babaCode=19&k_raceDate=2026%2F09%2F29&k_raceNo=1
2026-09-29 14:28:00,14:27,2026-09-29,funabashi,1,2,三連複,6-9-12,1504.3,1504.3,153,https://www.keiba.go.jp/KeibaWeb/TodayRaceInfo/Odds3LenFuku?k_babaCode=19&k_raceDate=2026%2F09%2F29&k_raceNo=1
2026-09-29 14:28:00,14:27,2026-09-29,funabashi,1,2,三連複,7-10-11,492.5,492.5,109,https://www.keiba.go.jp/KeibaWeb/TodayRaceInfo/Odds3LenFuku?k_babaCode=19&k_raceDate=2026%2F09%2F29&k_raceNo=1
2026-09-29 14:28:00,14:27,2026-09-29,funabashi,1,2,三連複,7-10-12,2929.4,2929.4,194,https://www.keiba.go.jp/KeibaWeb/TodayRaceInfo/Odds3LenFuku?k_babaCode=19&k_raceDate=2026%2F09%2F29&k_raceNo=1
2026-09-29 14:28:00,14:27,2026-09-29,funabashi,1,2,三連複,7-11-12,1855.3,1855.3,162,https://www.keiba.go.jp/KeibaWeb/TodayRaceInfo/Odds3LenFuku?k_babaCode=19&k_raceDate=2026%2F09%2F29&k_raceNo=1
2026-09-29 14:28:00,14:27,2026-09-29,funabashi,1,2,三連複,7-8-10,64.7,64.7,28,https://www.keiba.go.jp/KeibaWeb/TodayRaceInfo/Odds3LenFuku?k_babaCode=19&k_raceDate=2026%2F09%2F29&k_raceNo=1
2026-09-29 14:28:00,14:27,2026-09-29,funabashi,1,2,三連複,7-8-11,27.3,27.3,11,https://www.keiba.go.jp/KeibaWeb/TodayRaceInfo/Odds3LenFuku?k_babaCode=19&k_raceDate=2026%2F09%2F29&k_raceNo=1
2026-09-29 14:28:00,14:27,2026-09-29,funabashi,1,2,三連複,7-8-12,551.0,551.0,116,https://www.keiba.go.jp/KeibaWeb/TodayRaceInfo/Odds3LenFuku?k_babaCode=19&k_raceDate=2026%2F09%2F29&k_raceNo=1
2026-09-29 14:28:00,14:27,2026-09-29,funabashi,1,2,三連複,7-8-9,33.8,33.8,17,https://www.keiba.go.jp/KeibaWeb/TodayRaceInfo/Odds3LenFuku?k_babaCode=19&k_raceDate=2026%2F09%2F29&k_raceNo=1
2026-09-29 14:28:00,14:27,2026-09-29,funabashi,1,2,三連複,7-9-10,448.8,448.8,102,https://www.keiba.go.jp/KeibaWeb/TodayRaceInfo/Odds3LenFuku?k_babaCode=19&k_raceDate=2026%2F09%2F29&k_raceNo=1
2026-09-29 14:28:00,14:27,2026-09-29,funabashi,1,2,三連複,7-9-11,237.8,237.8,57,https://www.keiba.go.jp/KeibaWeb/TodayRaceInfo/Odds3LenFuku?k_babaCode=19&k_raceDate=2026%2F09%2F29&k_raceNo=1
2026-09-29 14:28:00,14:27,2026-09-29,funabashi,1,2,三連複,7-9-12,2319.1,2319.1,178,https://www.keiba.go.jp/KeibaWeb/TodayRaceInfo/Odds3LenFuku?k_babaCode=19&k_raceDate=2026%2F09%2F29&k_raceNo=1
2026-09-29 14:28:00,14:27,2026-09-29,funabashi,1,2,三連複,8-10-11,32.4,32.4,14,https://www.keiba.go.jp/KeibaWeb/TodayRaceInfo/Odds3LenFuku?k_babaCode=19&k_raceDate=2026%2F09%2F29&k_raceNo=1
2026-09-29 14:28:00,14:27,2026-09-29,funabashi,1,2,三連複,8-10-12,515.3,515.3,111,https://www.keiba.go.jp/KeibaWeb/TodayRaceInfo/Odds3LenFuku?k_babaCode=19&k_raceDate=2026%2F09%2F29&k_raceNo=1
2026-09-29 14:28:00,14:27,2026-09-29,funabashi,1,2,三連複,8-11-12,378.6,378.6,89,https://www.keiba.go.jp/KeibaWeb/TodayRaceInfo/Odds3LenFuku?k_babaCode=19&k_raceDate=2026%2F09%2F29&k_raceNo=1
2026-09-29 14:28:00,14:27,2026-09-29,funabashi,1,2,三連複,8-9-10,45.4,45.4,23,https://www.keiba.go.jp/KeibaWeb/TodayRaceInfo/Odds3LenFuku?k_babaCode=19&k_raceDate=2026%2F09%2F29&k_raceNo=1
2026-09-29 14:28:00,14:27,2026-09-29,funabashi,1,2,三連複,8-9-11,22.5,22.5,6,https://www.keiba.go.jp/KeibaWeb/TodayRaceInfo/Odds3LenFuku?k_babaCode=19&k_raceDate=2026%2F09%2F29&k_raceNo=1
2026-09-29 14:28:00,14:27,2026-09-29,funabashi,1,2,三連複,8-9-12,515.3,515.3,111,https://www.keiba.go.jp/KeibaWeb/TodayRaceInfo/Odds3LenFuku?k_babaCode=19&k_raceDate=2026%2F09%2F29&k_raceNo=1
2026-09-29 14:28:00,14:27,2026-09-29,funabashi,1,2,三連複,9-10-11,270.1,270.1,62,https://www.keiba.go.jp/KeibaWeb/TodayRaceInfo/Odds3LenFuku?k_babaCode=19&k_raceDate=2026%2F09%2F29&k_raceNo=1
2026-09-29 14:28:00,14:27,2026-09-29,funabashi,1,2,三連複,9-10-12,3092.2,3092.2,196,https://www.keiba.go.jp/KeibaWeb/TodayRaceInfo/Odds3LenFuku?k_babaCode=19&k_raceDate=2026%2F09%2F29&k_raceNo=1
2026-09-29 14:28:00,14:27,2026-09-29,funabashi,1,2,三連複,9-11-12,1294.4,1294.4,147,https://www.keiba.go.jp/KeibaWeb/TodayRaceInfo/Odds3LenFuku?k_babaCode=19&k_raceDate=2026%2F09%2F29&k_raceNo=1
2026-09-29 14:28:00,14:27,2026-09-29,funabashi,1,2,馬連,1-10,277.7,277.7,45,https://www.keiba.go.jp/KeibaWeb/TodayRaceInfo/OddsUmLenFuku?k_babaCode=19&k_raceDate=2026%2F09%2F29&k_raceNo=1
2026-09-29 14:28:00,14:27,2026-09-29,funabashi,1,2,馬連,1-11,143.4,143.4,37,https://www.keiba.go.jp/KeibaWeb/TodayRaceInfo/OddsUmLenFuku?k_babaCode=19&k_raceDate=2026%2F09%2F29&k_raceNo=1
2026-09-29 14:28:00,14:27,2026-09-29,funabashi,1,2,馬連,1-12,1219.1,1219.1,63,https://www.keiba.go.jp/KeibaWeb/TodayRaceInfo/OddsUmLenFuku?k_babaCode=19&k_raceDate=2026%2F09%2F29&k_raceNo=1
2026-09-29 14:28:00,14:27,2026-09-29,funabashi,1,2,馬連,1-2,322.7,322.7,46,https://www.keiba.go.jp/KeibaWeb/TodayRaceInfo/OddsUmLenFuku?k_babaCode=19&k_raceDate=2026%2F09%2F29&k_raceNo=1
2026-09-29 14:28:00,14:27,2026-09-29,funabashi,1,2,馬連,1-3,562.6,562.6,55,https://www.keiba.go.jp/KeibaWeb/TodayRaceInfo/OddsUmLenFuku?k_babaCode=19&k_raceDate=2026%2F09%2F29&k_raceNo=1
2026-09-29 14:28:00,14:27,2026-09-29,funabashi,1,2,馬連,1-4,144.3,144.3,38,https://www.keiba.go.jp/KeibaWeb/TodayRaceInfo/OddsUmLenFuku?k_babaCode=19&k_raceDate=2026%2F09%2F29&k_raceNo=1
2026-09-29 14:28:00,14:27,2026-09-29,funabashi,1,2,馬連,1-5,223.9,223.9,44,https://www.keiba.go.jp/KeibaWeb/TodayRaceInfo/OddsUmLenFuku?k_babaCode=19&k_raceDate=2026%2F09%2F29&k_raceNo=1
2026-09-29 14:28:00,14:27,2026-09-29,funabashi,1,2,馬連,1-6,141.5,141.5,36,https://www.keiba.go.jp/KeibaWeb/TodayRaceInfo/OddsUmLenFuku?k_babaCode=19&k_raceDate=2026%2F09%2F29&k_raceNo=1
2026-09-29 14:28:00,14:27,2026-09-29,funabashi,1,2,馬連,1-7,172.7,172.7,42,https://www.keiba.go.jp/KeibaWeb/TodayRaceInfo/OddsUmLenFuku?k_babaCode=19&k_raceDate=2026%2F09%2F29&k_raceNo=1
2026-09-29 14:28:00,14:27,2026-09-29,funabashi,1,2,馬連,1-8,31.3,31.3,9,https://www.keiba.go.jp/KeibaWeb/TodayRaceInfo/OddsUmLenFuku?k_babaCode=19&k_raceDate=2026%2F09%2F29&k_raceNo=1
2026-09-29 14:28:00,14:27,2026-09-29,funabashi,1,2,馬連,1-9,144.3,144.3,38,https://www.keiba.go.jp/KeibaWeb/TodayRaceInfo/OddsUmLenFuku?k_babaCode=19&k_raceDate=2026%2F09%2F29&k_raceNo=1
2026-09-29 14:28:00,14:27,2026-09-29,funabashi,1,2,馬連,10-11,114.2,114.2,31,https://www.keiba.go.jp/KeibaWeb/TodayRaceInfo/OddsUmLenFuku?k_babaCode=19&k_raceDate=2026%2F09%2F29&k_raceNo=1
2026-09-29 14:28:00,14:27,2026-09-29,funabashi,1,2,馬連,10-12,812.7,812.7,62,https://www.keiba.go.jp/KeibaWeb/TodayRaceInfo/OddsUmLenFuku?k_babaCode=19&k_raceDate=2026%2F09%2F29&k_raceNo=1
2026-09-29 14:28:00,14:27,2026-09-29,funabashi,1,2,馬連,11-12,498.7,498.7,53,https://www.keiba.go.jp/KeibaWeb/TodayRaceInfo/OddsUmLenFuku?k_babaCode=19&k_raceDate=2026%2F09%2F29&k_raceNo=1
2026-09-29 14:28:00,14:27,2026-09-29,funabashi,1,2,馬連,2-10,166.2,166.2,41,https://www.keiba.go.jp/KeibaWeb/TodayRaceInfo/OddsUmLenFuku?k_babaCode=19&k_raceDate=2026%2F09%2F29&k_raceNo=1
2026-09-29 14:28:00,14:27,2026-09-29,funabashi,1,2,馬連,2-11,94.9,94.9,24,https://www.keiba.go.jp/KeibaWeb/TodayRaceInfo/OddsUmLenFuku?k_babaCode=19&k_raceDate=2026%2F09%2F29&k_raceNo=1
2026-09-29 14:28:00,14:27,2026-09-29,funabashi,1,2,馬連,2-12,1290.8,1290.8,65,https://www.keiba.go.jp/KeibaWeb/TodayRaceInfo/OddsUmLenFuku?k_babaCode=19&k_raceDate=2026%2F09%2F29&k_raceNo=1
2026-09-29 14:28:00,14:27,2026-09-29,funabashi,1,2,馬連,2-3,756.6,756.6,59,https://www.keiba.go.jp/KeibaWeb/TodayRaceInfo/OddsUmLenFuku?k_babaCode=19&k_raceDate=2026%2F09%2F29&k_raceNo=1
2026-09-29 14:28:00,14:27,2026-09-29,funabashi,1,2,馬連,2-4,88.8,88.8,22,https://www.keiba.go.jp/KeibaWeb/TodayRaceInfo/OddsUmLenFuku?k_babaCode=19&k_raceDate=2026%2F09%2F29&k_raceNo=1
2026-09-29 14:28:00,14:27,2026-09-29,funabashi,1,2,馬連,2-5,103.0,103.0,26,https://www.keiba.go.jp/KeibaWeb/TodayRaceInfo/OddsUmLenFuku?k_babaCode=19&k_raceDate=2026%2F09%2F29&k_raceNo=1
2026-09-29 14:28:00,14:27,2026-09-29,funabashi,1,2,馬連,2-6,58.9,58.9,14,https://www.keiba.go.jp/KeibaWeb/TodayRaceInfo/OddsUmLenFuku?k_babaCode=19&k_raceDate=2026%2F09%2F29&k_raceNo=1
2026-09-29 14:28:00,14:27,2026-09-29,funabashi,1,2,馬連,2-7,176.9,176.9,43,https://www.keiba.go.jp/KeibaWeb/TodayRaceInfo/OddsUmLenFuku?k_babaCode=19&k_raceDate=2026%2F09%2F29&k_raceNo=1
2026-09-29 14:28:00,14:27,2026-09-29,funabashi,1,2,馬連,2-8,8.4,8.4,3,https://www.keiba.go.jp/KeibaWeb/TodayRaceInfo/OddsUmLenFuku?k_babaCode=19&k_raceDate=2026%2F09%2F29&k_raceNo=1
2026-09-29 14:28:00,14:27,2026-09-29,funabashi,1,2,馬連,2-9,104.9,104.9,27,https://www.keiba.go.jp/KeibaWeb/TodayRaceInfo/OddsUmLenFuku?k_babaCode=19&k_raceDate=2026%2F09%2F29&k_raceNo=1
2026-09-29 14:28:00,14:27,2026-09-29,funabashi,1,2,馬連,3-10,1219.1,1219.1,63,https://www.keiba.go.jp/KeibaWeb/TodayRaceInfo/OddsUmLenFuku?k_babaCode=19&k_raceDate=2026%2F09%2F29&k_raceNo=1
2026-09-29 14:28:00,14:27,2026-09-29,funabashi,1,2,馬連,3-11,707.8,707.8,56,https://www.keiba.go.jp/KeibaWeb/TodayRaceInfo/OddsUmLenFuku?k_babaCode=19&k_raceDate=2026%2F09%2F29&k_raceNo=1
2026-09-29 14:28:00,14:27,2026-09-29,funabashi,1,2,馬連,3-12,1290.8,1290.8,65,https://www.keiba.go.jp/KeibaWeb/TodayRaceInfo/OddsUmLenFuku?k_babaCode=19&k_raceDate=2026%2F09%2F29&k_raceNo=1
2026-09-29 14:28:00,14:27,2026-09-29,funabashi,1,2,馬連,3-4,348.3,348.3,47,https://www.keiba.go.jp/KeibaWeb/TodayRaceInfo/OddsUmLenFuku?k_babaCode=19&k_raceDate=2026%2F09%2F29&k_raceNo=1
2026-09-29 14:28:00,14:27,2026-09-29,funabashi,1,2,馬連,3-5,756.6,756.6,59,https://www.keiba.go.jp/KeibaWeb/TodayRaceInfo/OddsUmLenFuku?k_babaCode=19&k_raceDate=2026%2F09%2F29&k_raceNo=1
2026-09-29 14:28:00,14:27,2026-09-29,funabashi,1,2,馬連,3-6,438.8,438.8,49,https://www.keiba.go.jp/KeibaWeb/TodayRaceInfo/OddsUmLenFuku?k_babaCode=19&k_raceDate=2026%2F09%2F29&k_raceNo=1
2026-09-29 14:28:00,14:27,2026-09-29,funabashi,1,2,馬連,3-7,438.8,438.8,49,https://www.keiba.go.jp/KeibaWeb/TodayRaceInfo/OddsUmLenFuku?k_babaCode=19&k_raceDate=2026%2F09%2F29&k_raceNo=1
2026-09-29 14:28:00,14:27,2026-09-29,funabashi,1,2,馬連,3-8,127.5,127.5,34,https://www.keiba.go.jp/KeibaWeb/TodayRaceInfo/OddsUmLenFuku?k_babaCode=19&k_raceDate=2026%2F09%2F29&k_raceNo=1
2026-09-29 14:28:00,14:27,2026-09-29,funabashi,1,2,馬連,3-9,477.0,477.0,51,https://www.keiba.go.jp/KeibaWeb/TodayRaceInfo/OddsUmLenFuku?k_babaCode=19&k_raceDate=2026%2F09%2F29&k_raceNo=1
2026-09-29 14:28:00,14:27,2026-09-29,funabashi,1,2,馬連,4-10,159.0,159.0,40,https://www.keiba.go.jp/KeibaWeb/TodayRaceInfo/OddsUmLenFuku?k_babaCode=19&k_raceDate=2026%2F09%2F29&k_raceNo=1
2026-09-29 14:28:00,14:27,2026-09-29,funabashi,1,2,馬連,4-11,78.3,78.3,18,https://www.keiba.go.jp/KeibaWeb/TodayRaceInfo/OddsUmLenFuku?k_babaCode=19&k_raceDate=2026%2F09%2F29&k_raceNo=1
2026-09-29 14:28:00,14:27,2026-09-29,funabashi,1,2,馬連,4-12,731.4,731.4,58,https://www.keiba.go.jp/KeibaWeb/TodayRaceInfo/OddsUmLenFuku?k_babaCode=19&k_raceDate=2026%2F09%2F29&k_raceNo=1
2026-09-29 14:28:00,14:27,2026-09-29,funabashi,1,2,馬連,4-5,68.1,68.1,17,https://www.keiba.go.jp/KeibaWeb/TodayRaceInfo/OddsUmLenFuku?k_babaCode=19&k_raceDate=2026%2F09%2F29&k_raceNo=1
2026-09-29 14:28:00,14:27,2026-09-29,funabashi,1,2,馬連,4-6,44.1,44.1,11,https://www.keiba.go.jp/KeibaWeb/TodayRaceInfo/OddsUmLenFuku?k_babaCode=19&k_raceDate=2026%2F09%2F29&k_raceNo=1
2026-09-29 14:28:00,14:27,2026-09-29,funabashi,1,2,馬連,4-7,54.1,54.1,13,https://www.keiba.go.jp/KeibaWeb/TodayRaceInfo/OddsUmLenFuku?k_babaCode=19&k_raceDate=2026%2F09%2F29&k_raceNo=1
2026-09-29 14:28:00,14:27,2026-09-29,funabashi,1,2,馬連,4-8,9.0,9.0,4,https://www.keiba.go.jp/KeibaWeb/TodayRaceInfo/OddsUmLenFuku?k_babaCode=19&k_raceDate=2026%2F09%2F29&k_raceNo=1
2026-09-29 14:28:00,14:27,2026-09-29,funabashi,1,2,馬連,4-9,78.9,78.9,19,https://www.keiba.go.jp/KeibaWeb/TodayRaceInfo/OddsUmLenFuku?k_babaCode=19&k_raceDate=2026%2F09%2F29&k_raceNo=1
2026-09-29 14:28:00,14:27,2026-09-29,funabashi,1,2,馬連,5-10,114.8,114.8,32,https://www.keiba.go.jp/KeibaWeb/TodayRaceInfo/OddsUmLenFuku?k_babaCode=19&k_raceDate=2026%2F09%2F29&k_raceNo=1
2026-09-29 14:28:00,14:27,2026-09-29,funabashi,1,2,馬連,5-11,81.2,81.2,20,https://www.keiba.go.jp/KeibaWeb/TodayRaceInfo/OddsUmLenFuku?k_babaCode=19&k_raceDate=2026%2F09%2F29&k_raceNo=1
2026-09-29 14:28:00,14:27,2026-09-29,funabashi,1,2,馬連,5-12,783.7,783.7,61,https://www.keiba.go.jp/KeibaWeb/TodayRaceInfo/OddsUmLenFuku?k_babaCode=19&k_raceDate=2026%2F09%2F29&k_raceNo=1
2026-09-29 14:28:00,14:27,2026-09-29,funabashi,1,2,馬連,5-6,95.4,95.4,25,https://www.keiba.go.jp/KeibaWeb/TodayRaceInfo/OddsUmLenFuku?k_babaCode=19&k_raceDate=2026%2F09%2F29&k_raceNo=1
2026-09-29 14:28:00,14:27,2026-09-29,funabashi,1,2,馬連,5-7,123.2,123.2,33,https://www.keiba.go.jp/KeibaWeb/TodayRaceInfo/OddsUmLenFuku?k_babaCode=19&k_raceDate=2026%2F09%2F29&k_raceNo=1
2026-09-29 14:28:00,14:27,2026-09-29,funabashi,1,2,馬連,5-8,10.5,10.5,6,https://www.keiba.go.jp/KeibaWeb/TodayRaceInfo/OddsUmLenFuku?k_babaCode=19&k_raceDate=2026%2F09%2F29&k_raceNo=1
2026-09-29 14:28:00,14:27,2026-09-29,funabashi,1,2,馬連,5-9,113.1,113.1,30,https://www.keiba.go.jp/KeibaWeb/TodayRaceInfo/OddsUmLenFuku?k_babaCode=19&k_raceDate=2026%2F09%2F29&k_raceNo=1
2026-09-29 14:28:00,14:27,2026-09-29,funabashi,1,2,馬連,6-10,110.8,110.8,28,https://www.keiba.go.jp/KeibaWeb/TodayRaceInfo/OddsUmLenFuku?k_babaCode=19&k_raceDate=2026%2F09%2F29&k_raceNo=1
2026-09-29 14:28:00,14:27,2026-09-29,funabashi,1,2,馬連,6-11,44.1,44.1,11,https://www.keiba.go.jp/KeibaWeb/TodayRaceInfo/OddsUmLenFuku?k_babaCode=19&k_raceDate=2026%2F09%2F29&k_raceNo=1
2026-09-29 14:28:00,14:27,2026-09-29,funabashi,1,2,馬連,6-12,487.6,487.6,52,https://www.keiba.go.jp/KeibaWeb/TodayRaceInfo/OddsUmLenFuku?k_babaCode=19&k_raceDate=2026%2F09%2F29&k_raceNo=1
2026-09-29 14:28:00,14:27,2026-09-29,funabashi,1,2,馬連,6-7,43.3,43.3,10,https://www.keiba.go.jp/KeibaWeb/TodayRaceInfo/OddsUmLenFuku?k_babaCode=19&k_raceDate=2026%2F09%2F29&k_raceNo=1
2026-09-29 14:28:00,14:27,2026-09-29,funabashi,1,2,馬連,6-8,5.6,5.6,1,https://www.keiba.go.jp/KeibaWeb/TodayRaceInfo/OddsUmLenFuku?k_babaCode=19&k_raceDate=2026%2F09%2F29&k_raceNo=1
2026-09-29 14:28:00,14:27,2026-09-29,funabashi,1,2,馬連,6-9,59.1,59.1,15,https://www.keiba.go.jp/KeibaWeb/TodayRaceInfo/OddsUmLenFuku?k_babaCode=19&k_raceDate=2026%2F09%2F29&k_raceNo=1
2026-09-29 14:28:00,14:27,2026-09-29,funabashi,1,2,馬連,7-10,398.9,398.9,48,https://www.keiba.go.jp/KeibaWeb/TodayRaceInfo/OddsUmLenFuku?k_babaCode=19&k_raceDate=2026%2F09%2F29&k_raceNo=1
2026-09-29 14:28:00,14:27,2026-09-29,funabashi,1,2,馬連,7-11,67.5,67.5,16,https://www.keiba.go.jp/KeibaWeb/TodayRaceInfo/OddsUmLenFuku?k_babaCode=19&k_raceDate=2026%2F09%2F29&k_raceNo=1
2026-09-29 14:28:00,14:27,2026-09-29,funabashi,1,2,馬連,7-12,707.8,707.8,56,https://www.keiba.go.jp/KeibaWeb/TodayRaceInfo/OddsUmLenFuku?k_babaCode=19&k_raceDate=2026%2F09%2F29&k_raceNo=1
2026-09-29 14:28:00,14:27,2026-09-29,funabashi,1,2,馬連,7-8,12.8,12.8,7,https://www.keiba.go.jp/KeibaWeb/TodayRaceInfo/OddsUmLenFuku?k_babaCode=19&k_raceDate=2026%2F09%2F29&k_raceNo=1
2026-09-29 14:28:00,14:27,2026-09-29,funabashi,1,2,馬連,7-9,89.9,89.9,23,https://www.keiba.go.jp/KeibaWeb/TodayRaceInfo/OddsUmLenFuku?k_babaCode=19&k_raceDate=2026%2F09%2F29&k_raceNo=1
2026-09-29 14:28:00,14:27,2026-09-29,funabashi,1,2,馬連,8-10,14.5,14.5,8,https://www.keiba.go.jp/KeibaWeb/TodayRaceInfo/OddsUmLenFuku?k_babaCode=19&k_raceDate=2026%2F09%2F29&k_raceNo=1
2026-09-29 14:28:00,14:27,2026-09-29,funabashi,1,2,馬連,8-11,7.6,7.6,2,https://www.keiba.go.jp/KeibaWeb/TodayRaceInfo/OddsUmLenFuku?k_babaCode=19&k_raceDate=2026%2F09%2F29&k_raceNo=1
2026-09-29 14:28:00,14:27,2026-09-29,funabashi,1,2,馬連,8-12,139.7,139.7,35,https://www.keiba.go.jp/KeibaWeb/TodayRaceInfo/OddsUmLenFuku?k_babaCode=19&k_raceDate=2026%2F09%2F29&k_raceNo=1
2026-09-29 14:28:00,14:27,2026-09-29,funabashi,1,2,馬連,8-9,10.3,10.3,5,https://www.keiba.go.jp/KeibaWeb/TodayRaceInfo/OddsUmLenFuku?k_babaCode=19&k_raceDate=2026%2F09%2F29&k_raceNo=1
2026-09-29 14:28:00,14:27,2026-09-29,funabashi,1,2,馬連,9-10,111.9,111.9,29,https://www.keiba.go.jp/KeibaWeb/TodayRaceInfo/OddsUmLenFuku?k_babaCode=19&k_raceDate=2026%2F09%2F29&k_raceNo=1
2026-09-29 14:28:00,14:27,2026-09-29,funabashi,1,2,馬連,9-11,82.8,82.8,21,https://www.keiba.go.jp/KeibaWeb/TodayRaceInfo/OddsUmLenFuku?k_babaCode=19&k_raceDate=2026%2F09%2F29&k_raceNo=1
2026-09-29 14:28:00,14:27,2026-09-29,funabashi,1,2,馬連,9-12,522.4,522.4,54,https://www.keiba.go.jp/KeibaWeb/TodayRaceInfo/OddsUmLenFuku?k_babaCode=19&k_raceDate=2026%2F09%2F29&k_raceNo=1
2026-09-29 14:30:00,14:29,2026-09-29,funabashi,2,30,ワイド,1-10,12.3,13.3,16,https://www.keiba.go.jp/KeibaWeb/TodayRaceInfo/OddsWide?k_babaCode=19&k_raceDate=2026%2F09%2F29&k_raceNo=2
2026-09-29 14:30:00,14:29,2026-09-29,funabashi,2,30,ワイド,1-11,12.4,13.3,17,https://www.keiba.go.jp/KeibaWeb/TodayRaceInfo/OddsWide?k_babaCode=19&k_raceDate=2026%2F09%2F29&k_raceNo=2
2026-09-29 14:30:00,14:29,2026-09-29,funabashi,2,30,ワイド,1-12,13.4,14.4,19,https://www.keiba.go.jp/KeibaWeb/TodayRaceInfo/OddsWide?k_babaCode=19&k_raceDate=2026%2F09%2F29&k_raceNo=2
2026-09-29 14:30:00,14:29,2026-09-29,funabashi,2,30,ワイド,1-2,64.9,67.0,57,https://www.keiba.go.jp/KeibaWeb/TodayRaceInfo/OddsWide?k_babaCode=19&k_raceDate=2026%2F09%2F29&k_raceNo=2
2026-09-29 14:30:00,14:29,2026-09-29,funabashi,2,30,ワイド,1-3,23.9,25.1,36,https://www.keiba.go.jp/KeibaWeb/TodayRaceInfo/OddsWide?k_babaCode=19&k_raceDate=2026%2F09%2F29&k_raceNo=2
2026-09-29 14:30:00,14:29,2026-09-29,funabashi,2,30,ワイド,1-4,7.7,8.4,9,https://www.keiba.go.jp/KeibaWeb/TodayRaceInfo/OddsWide?k_babaCode=19&k_raceDate=2026%2F09%2F29&k_raceNo=2
2026-09-29 14:30:00,14:29,2026-09-29,funabashi,2,30,ワイド,1-5,13.5,15.1,20,https://www.keiba.go.jp/KeibaWeb/TodayRaceInfo/OddsWide?k_babaCode=19&k_raceDate=2026%2F09%2F29&k_raceNo=2
2026-09-29 14:30:00,14:29,2026-09-29,funabashi,2,30,ワイド,1-6,29.9,31.3,37,https://www.keiba.go.jp/KeibaWeb/TodayRaceInfo/OddsWide?k_babaCode=19&k_raceDate=2026%2F09%2F29&k_raceNo=2
2026-09-29 14:30:00,14:29,2026-09-29,funabashi,2,30,ワイド,1-7,93.3,96.4,64,https://www.keiba.go.jp/KeibaWeb/TodayRaceInfo/OddsWide?k_babaCode=19&k_raceDate=2026%2F09%2F29&k_raceNo=2
2026-09-29 14:30:00,14:29,2026-09-29,funabashi,2,30,ワイド,1-8,36.5,38.0,42,https://www.keiba.go.jp/KeibaWeb/TodayRaceInfo/OddsWide?k_babaCode=19&k_raceDate=2026%2F09%2F29&k_raceNo=2
2026-09-29 14:30:00,14:29,2026-09-29,funabashi,2,30,ワイド,1-9,59.6,62.1,52,https://www.keiba.go.jp/KeibaWeb/TodayRaceInfo/OddsWide?k_babaCode=19&k_raceDate=2026%2F09%2F29&k_raceNo=2
2026-09-29 14:30:00,14:29,2026-09-29,funabashi,2,30,ワイド,10-11,5.7,6.3,6,https://www.keiba.go.jp/KeibaWeb/TodayRaceInfo/OddsWide?k_babaCode=19&k_raceDate=2026%2F09%2F29&k_raceNo=2
2026-09-29 14:30:00,14:29,2026-09-29,funabashi,2,30,ワイド,10-12,5.3,5.7,5,https://www.keiba.go.jp/KeibaWeb/TodayRaceInfo/OddsWide?k_babaCode=19&k_raceDate=2026%2F09%2F29&k_raceNo=2
2026-09-29 14:30:00,14:29,2026-09-29,funabashi,2,30,ワイド,11-12,7.4,8.1,8,https://www.keiba.go.jp/KeibaWeb/TodayRaceInfo/OddsWide?k_babaCode=19&k_raceDate=2026%2F09%2F29&k_raceNo=2
2026-09-29 14:30:00,14:29,2026-09-29,funabashi,2,30,ワイド,2-10,37.5,39.7,43,https://www.keiba.go.jp/KeibaWeb/TodayRaceInfo/OddsWide?k_babaCode=19&k_raceDate=2026%2F09%2F29&k_raceNo=2
2026-09-29 14:30:00,14:29,2026-09-29,funabashi,2,30,ワイド,2-11,63.6,66.8,55,https://www.keiba.go.jp/KeibaWeb/TodayRaceInfo/OddsWide?k_babaCode=19&k_raceDate=2026%2F09%2F29&k_raceNo=2
2026-09-29 14:30:00,14:29,2026-09-29,funabashi,2,30,ワイド,2-12,55.3,58.0,50,https://www.keiba.go.jp/KeibaWeb/TodayRaceInfo/OddsWide?k_babaCode=19&k_raceDate=2026%2F09%2F29&k_raceNo=2
2026-09-29 14:30:00,14:29,2026-09-29,funabashi,2,30,ワイド,2-3,121.0,123.8,65,https://www.keiba.go.jp/KeibaWeb/TodayRaceInfo/OddsWide?k_babaCode=19&k_raceDate=2026%2F09%2F29&k_raceNo=2
2026-09-29 14:30:00,14:29,2026-09-29,funabashi,2,30,ワイド,2-4,57.3,61.9,51,https://www.keiba.go.jp/KeibaWeb/TodayRaceInfo/OddsWide?k_babaCode=19&k_raceDate=2026%2F09%2F29&k_raceNo=2
2026-09-29 14:30:00,14:29,2026-09-29,funabashi,2,30,ワイド,2-5,50.2,54.3,47,https://www.keiba.go.jp/KeibaWeb/TodayRaceInfo/OddsWide?k_babaCode=19&k_raceDate=2026%2F09%2F29&k_raceNo=2
2026-09-29 14:30:00,14:29,2026-09-29,funabashi,2,30,ワイド,2-6,77.1,79.0,62,https://www.keiba.go.jp/KeibaWeb/TodayRaceInfo/OddsWide?k_babaCode=19&k_raceDate=2026%2F09%2F29&k_raceNo=2
2026-09-29 14:30:00,14:29,2026-09-29,funabashi,2,30,ワイド,2-7,123.2,123.8,66,https://www.keiba.go.jp/KeibaWeb/TodayRaceInfo/OddsWide?k_babaCode=19&k_raceDate=2026%2F09%2F29&k_raceNo=2
2026-09-29 14:30:00,14:29,2026-09-29,funabashi,2,30,ワイド,2-8,71.4,72.4,60,https://www.keiba.go.jp/KeibaWeb/TodayRaceInfo/OddsWide?k_babaCode=19&k_raceDate=2026%2F09%2F29&k_raceNo=2
2026-09-29 14:30:00,14:29,2026-09-29,funabashi,2,30,ワイド,2-9,42.6,43.6,44,https://www.keiba.go.jp/KeibaWeb/TodayRaceInfo/OddsWide?k_babaCode=19&k_raceDate=2026%2F09%2F29&k_raceNo=2
2026-09-29 14:30:00,14:29,2026-09-29,funabashi,2,30,ワイド,3-10,19.4,21.0,31,https://www.keiba.go.jp/KeibaWeb/TodayRaceInfo/OddsWide?k_babaCode=19&k_raceDate=2026%2F09%2F29&k_raceNo=2
2026-09-29 14:30:00,14:29,2026-09-29,funabashi,2,30,ワイド,3-11,22.8,24.4,34,https://www.keiba.go.jp/KeibaWeb/TodayRaceInfo/OddsWide?k_babaCode=19&k_raceDate=2026%2F09%2F29&k_raceNo=2
2026-09-29 14:30:00,14:29,2026-09-29,funabashi,2,30,ワイド,3-12,19.3,20.5,30,https://www.keiba.go.jp/KeibaWeb/TodayRaceInfo/OddsWide?k_babaCode=19&k_raceDate=2026%2F09%2F29&k_raceNo=2
2026-09-29 14:30:00,14:29,2026-09-29,funabashi,2,30,ワイド,3-4,9.8,10.7,11,https://www.keiba.go.jp/KeibaWeb/TodayRaceInfo/OddsWide?k_babaCode=19&k_raceDate=2026%2F09%2F29&k_raceNo=2
2026-09-29 14:30:00,14:29,2026-09-29,funabashi,2,30,ワイド,3-5,11.6,12.8,15,https://www.keiba.go.jp/KeibaWeb/TodayRaceInfo/OddsWide?k_babaCode=19&k_raceDate=2026%2F09%2F29&k_raceNo=2
2026-09-29 14:30:00,14:29,2026-09-29,funabashi,2,30,ワイド,3-6,33.7,35.0,39,https://www.keiba.go.jp/KeibaWeb/TodayRaceInfo/OddsWide?k_babaCode=19&k_raceDate=2026%2F09%2F29&k_raceNo=2
2026-09-29 14:30:00,14:29,2026-09-29,funabashi,2,30,ワイド,3-7,70.6,72.5,59,https://www.keiba.go.jp/KeibaWeb/TodayRaceInfo/OddsWide?k_babaCode=19&k_raceDate=2026%2F09%2F29&k_raceNo=2
2026-09-29 14:30:00,14:29,2026-09-29,funabashi,2,30,ワイド,3-8,49.5,51.3,46,https://www.keiba.go.jp/KeibaWeb/TodayRaceInfo/OddsWide?k_babaCode=19&k_raceDate=2026%2F09%2F29&k_raceNo=2
2026-09-29 14:30:00,14:29,2026-09-29,funabashi,2,30,ワイド,3-9,52.6,54.3,48,https://www.keiba.go.jp/KeibaWeb/TodayRaceInfo/OddsWide?k_babaCode=19&k_raceDate=2026%2F09%2F29&k_raceNo=2
2026-09-29 14:30:00,14:29,2026-09-29,funabashi,2,30,ワイド,4-10,4.3,4.7,2,https://www.keiba.go.jp/KeibaWeb/TodayRaceInfo/OddsWide?k_babaCode=19&k_raceDate=2026%2F09%2F29&k_raceNo=2
2026-09-29 14:30:00,14:29,2026-09-29,funabashi,2,30,ワイド,4-11,4.9,5.4,3,https://www.keiba.go.jp/KeibaWeb/TodayRaceInfo/OddsWide?k_babaCode=19&k_raceDate=2026%2F09%2F29&k_raceNo=2
2026-09-29 14:30:00,14:29,2026-09-29,funabashi,2,30,ワイド,4-12,5.8,6.5,7,https://www.keiba.go.jp/KeibaWeb/TodayRaceInfo/OddsWide?k_babaCode=19&k_raceDate=2026%2F09%2F29&k_raceNo=2
2026-09-29 14:30:00,14:29,2026-09-29,funabashi,2,30,ワイド,4-5,3.3,3.6,1,https://www.keiba.go.jp/KeibaWeb/TodayRaceInfo/OddsWide?k_babaCode=19&k_raceDate=2026%2F09%2F29&k_raceNo=2
2026-09-29 14:30:00,14:29,2026-09-29,funabashi,2,30,ワイド,4-6,13.0,14.1,18,https://www.keiba.go.jp/KeibaWeb/TodayRaceInfo/OddsWide?k_babaCode=19&k_raceDate=2026%2F09%2F29&k_raceNo=2
2026-09-29 14:30:00,14:29,2026-09-29,funabashi,2,30,ワイド,4-7,33.6,36.4,38,https://www.keiba.go.jp/KeibaWeb/TodayRaceInfo/OddsWide?k_babaCode=19&k_raceDate=2026%2F09%2F29&k_raceNo=2
2026-09-29 14:30:00,14:29,2026-09-29,funabashi,2,30,ワイド,4-8,15.1,16.4,22,https://www.keiba.go.jp/KeibaWeb/TodayRaceInfo/OddsWide?k_babaCode=19&k_raceDate=2026%2F09%2F29&k_raceNo=2
2026-09-29 14:30:00,14:29,2026-09-29,funabashi,2,30,ワイド,4-9,15.1,16.4,22,https://www.keiba.go.jp/KeibaWeb/TodayRaceInfo/OddsWide?k_babaCode=19&k_raceDate=2026%2F09%2F29&k_raceNo=2
2026-09-29 14:30:00,14:29,2026-09-29,funabashi,2,30,ワイド,5-10,10.2,11.6,12,https://www.keiba.go.jp/KeibaWeb/TodayRaceInfo/OddsWide?k_babaCode=19&k_raceDate=2026%2F09%2F29&k_raceNo=2
2026-09-29 14:30:00,14:29,2026-09-29,funabashi,2,30,ワイド,5-11,8.3,9.4,10,https://www.keiba.go.jp/KeibaWeb/TodayRaceInfo/OddsWide?k_babaCode=19&k_raceDate=2026%2F09%2F29&k_raceNo=2
2026-09-29 14:30:00,14:29,2026-09-29,funabashi,2,30,ワイド,5-12,5.2,5.8,4,https://www.keiba.go.jp/KeibaWeb/TodayRaceInfo/OddsWide?k_babaCode=19&k_raceDate=2026%2F09%2F29&k_raceNo=2
2026-09-29 14:30:00,14:29,2026-09-29,funabashi,2,30,ワイド,5-6,18.7,20.5,29,https://www.keiba.go.jp/KeibaWeb/TodayRaceInfo/OddsWide?k_babaCode=19&k_raceDate=2026%2F09%2F29&k_raceNo=2
2026-09-29 14:30:00,14:29,2026-09-29,funabashi,2,30,ワイド,5-7,44.5,48.4,45,https://www.keiba.go.jp/KeibaWeb/TodayRaceInfo/OddsWide?k_babaCode=19&k_raceDate=2026%2F09%2F29&k_raceNo=2
2026-09-29 14:30:00,14:29,2026-09-29,funabashi,2,30,ワイド,5-8,23.6,25.8,35,https://www.keiba.go.jp/KeibaWeb/TodayRaceInfo/OddsWide?k_babaCode=19&k_raceDate=2026%2F09%2F29&k_raceNo=2
2026-09-29 14:30:00,14:29,2026-09-29,funabashi,2,30,ワイド,5-9,21.7,23.7,32,https://www.keiba.go.jp/KeibaWeb/TodayRaceInfo/OddsWide?k_babaCode=19&k_raceDate=2026%2F09%2F29&k_raceNo=2
2026-09-29 14:30:00,14:29,2026-09-29,funabashi,2,30,ワイド,6-10,10.7,11.5,14,https://www.keiba.go.jp/KeibaWeb/TodayRaceInfo/OddsWide?k_babaCode=19&k_raceDate=2026%2F09%2F29&k_raceNo=2
2026-09-29 14:30:00,14:29,2026-09-29,funabashi,2,30,ワイド,6-11,17.7,18.8,26,https://www.keiba.go.jp/KeibaWeb/TodayRaceInfo/OddsWide?k_babaCode=19&k_raceDate=2026%2F09%2F29&k_raceNo=2
2026-09-29 14:30:00,14:29,2026-09-29,funabashi,2,30,ワイド,6-12,15.4,16.4,24,https://www.keiba.go.jp/KeibaWeb/TodayRaceInfo/OddsWide?k_babaCode=19&k_raceDate=2026%2F09%2F29&k_raceNo=2
2026-09-29 14:30:00,14:29,2026-09-29,funabashi,2,30,ワイド,6-7,85.1,86.9,63,https://www.keiba.go.jp/KeibaWeb/TodayRaceInfo/OddsWide?k_babaCode=19&k_raceDate=2026%2F09%2F29&k_raceNo=2
2026-09-29 14:30:00,14:29,2026-09-29,funabashi,2,30,ワイド,6-8,34.0,35.0,41,https://www.keiba.go.jp/KeibaWeb/TodayRaceInfo/OddsWide?k_babaCode=19&k_raceDate=2026%2F09%2F29&k_raceNo=2
2026-09-29 14:30:00,14:29,2026-09-29,funabashi,2,30,ワイド,6-9,64.2,66.8,56,https://www.keiba.go.jp/KeibaWeb/TodayRaceInfo/OddsWide?k_babaCode=19&k_raceDate=2026%2F09%2F29&k_raceNo=2
2026-09-29 14:30:00,14:29,2026-09-29,funabashi,2,30,ワイド,7-10,74.3,78.7,61,https://www.keiba.go.jp/KeibaWeb/TodayRaceInfo/OddsWide?k_babaCode=19&k_raceDate=2026%2F09%2F29&k_raceNo=2
2026-09-29 14:30:00,14:29,2026-09-29,funabashi,2,30,ワイド,7-11,55.0,58.0,49,https://www.keiba.go.jp/KeibaWeb/TodayRaceInfo/OddsWide?k_babaCode=19&k_raceDate=2026%2F09%2F29&k_raceNo=2
2026-09-29 14:30:00,14:29,2026-09-29,funabashi,2,30,ワイド,7-12,69.1,72.4,58,https://www.keiba.go.jp/KeibaWeb/TodayRaceInfo/OddsWide?k_babaCode=19&k_raceDate=2026%2F09%2F29&k_raceNo=2
2026-09-29 14:30:00,14:29,2026-09-29,funabashi,2,30,ワイド,7-8,61.1,62.1,54,https://www.keiba.go.jp/KeibaWeb/TodayRaceInfo/OddsWide?k_babaCode=19&k_raceDate=2026%2F09%2F29&k_raceNo=2
2026-09-29 14:30:00,14:29,2026-09-29,funabashi,2,30,ワイド,7-9,60.9,62.1,53,https://www.keiba.go.jp/KeibaWeb/TodayRaceInfo/OddsWide?k_babaCode=19&k_raceDate=2026%2F09%2F29&k_raceNo=2
2026-09-29 14:30:00,14:29,2026-09-29,funabashi,2,30,ワイド,8-10,18.3,19.6,27,https://www.keiba.go.jp/KeibaWeb/TodayRaceInfo/OddsWide?k_babaCode=19&k_raceDate=2026%2F09%2F29&k_raceNo=2
2026-09-29 14:30:00,14:29,2026-09-29,funabashi,2,30,ワイド,8-11,22.4,23.8,33,https://www.keiba.go.jp/KeibaWeb/TodayRaceInfo/OddsWide?k_babaCode=19&k_raceDate=2026%2F09%2F29&k_raceNo=2
2026-09-29 14:30:00,14:29,2026-09-29,funabashi,2,30,ワイド,8-12,18.6,19.6,28,https://www.keiba.go.jp/KeibaWeb/TodayRaceInfo/OddsWide?k_babaCode=19&k_raceDate=2026%2F09%2F29&k_raceNo=2
2026-09-29 14:30:00,14:29,2026-09-29,funabashi,2,30,ワイド,8-9,34.0,34.9,40,https://www.keiba.go.jp/KeibaWeb/TodayRaceInfo/OddsWide?k_babaCode=19&k_raceDate=2026%2F09%2F29&k_raceNo=2
2026-09-29 14:30:00,14:29,2026-09-29,funabashi,2,30,ワイド,9-10,10.6,11.4,13,https://www.keiba.go.jp/KeibaWeb/TodayRaceInfo/OddsWide?k_babaCode=19&k_raceDate=2026%2F09%2F29&k_raceNo=2
2026-09-29 14:30:00,14:29,2026-09-29,funabashi,2,30,ワイド,9-11,14.9,15.8,21,https://www.keiba.go.jp/KeibaWeb/TodayRaceInfo/OddsWide?k_babaCode=19&k_raceDate=2026%2F09%2F29&k_raceNo=2
2026-09-29 14:30:00,14:29,2026-09-29,funabashi,2,30,ワイド,9-12,17.3,18.4,25,https://www.keiba.go.jp/KeibaWeb/TodayRaceInfo/OddsWide?k_babaCode=19&k_raceDate=2026%2F09%2F29&k_raceNo=2
2026-09-29 14:30:00,14:29,2026-09-29,funabashi,2,30,三連複,1-10-11,86.8,86.8,33,https://www.keiba.go.jp/KeibaWeb/TodayRaceInfo/Odds3LenFuku?k_babaCode=19&k_raceDate=2026%2F09%2F29&k_raceNo=2
2026-09-29 14:30:00,14:29,2026-09-29,funabashi,2,30,三連複,1-10-12,83.3,83.3,32,https://www.keiba.go.jp/KeibaWeb/TodayRaceInfo/Odds3LenFuku?k_babaCode=19&k_raceDate=2026%2F09%2F29&k_raceNo=2
2026-09-29 14:30:00,14:29,2026-09-29,funabashi,2,30,三連複,1-11-12,108.5,108.5,41,https://www.keiba.go.jp/KeibaWeb/TodayRaceInfo/Odds3LenFuku?k_babaCode=19&k_raceDate=2026%2F09%2F29&k_raceNo=2
2026-09-29 14:30:00,14:29,2026-09-29,funabashi,2,30,三連複,1-2-10,6081.3,6081.3,213,https://www.keiba.go.jp/KeibaWeb/TodayRaceInfo/Odds3LenFuku?k_babaCode=19&k_raceDate=2026%2F09%2F29&k_raceNo=2
2026-09-29 14:30:00,14:29,2026-09-29,funabashi,2,30,三連複,1-2-11,1520.3,1520.3,188,https://www.keiba.go.jp/KeibaWeb/TodayRaceInfo/Odds3LenFuku?k_babaCode=19&k_raceDate=2026%2F09%2F29&k_raceNo=2
2026-09-29 14:30:00,14:29,2026-09-29,funabashi,2,30,三連複,1-2-12,868.7,868.7,157,https://www.keiba.go.jp/KeibaWeb/TodayRaceInfo/Odds3LenFuku?k_babaCode=19&k_raceDate=2026%2F09%2F29&k_raceNo=2
2026-09-29 14:30:00,14:29,2026-09-29,funabashi,2,30,三連複,1-2-3,304.0,304.0,88,https://www.keiba.go.jp/KeibaWeb/TodayRaceInfo/Odds3LenFuku?k_babaCode=19&k_raceDate=2026%2F09%2F29&k_raceNo=2
2026-09-29 14:30:00,14:29,2026-09-29,funabashi,2,30,三連複,1-2-4,675.7,675.7,144,https://www.keiba.go.jp/KeibaWeb/TodayRaceInfo/Odds3LenFuku?k_babaCode=19&k_raceDate=2026%2F09%2F29&k_raceNo=2
2026-09-29 14:30:00,14:29,2026-09-29,funabashi,2,30,三連複,1-2-5,405.4,405.4,116,https://www.keiba.go.jp/KeibaWeb/TodayRaceInfo/Odds3LenFuku?k_babaCode=19&k_raceDate=2026%2F09%2F29&k_raceNo=2
2026-09-29 14:30:00,14:29,2026-09-29,funabashi,2,30,三連複,1-2-6,1013.5,1013.5,165,https://www.keiba.go.jp/KeibaWeb/TodayRaceInfo/Odds3LenFuku?k_babaCode=19&k_raceDate=2026%2F09%2F29&k_raceNo=2
2026-09-29 14:30:00,14:29,2026-09-29,funabashi,2,30,三連複,1-2-7,1520.3,1520.3,188,https://www.keiba.go.jp/KeibaWeb/TodayRaceInfo/Odds3LenFuku?k_babaCode=19&k_raceDate=2026%2F09%2F29&k_raceNo=2
2026-09-29 14:30:00,14:29,2026-09-29,funabashi,2,30,三連複,1-2-8,2027.1,2027.1,201,https://www.keiba.go.jp/KeibaWeb/TodayRaceInfo/Odds3LenFuku?k_babaCode=19&k_raceDate=2026%2F09%2F29&k_raceNo=2
2026-09-29 14:30:00,14:29,2026-09-29,funabashi,2,30,三連複,1-2-9,3040.6,3040.6,209,https://www.keiba.go.jp/KeibaWeb/TodayRaceInfo/Odds3LenFuku?k_babaCode=19&k_raceDate=2026%2F09%2F29&k_raceNo=2
2026-09-29 14:30:00,14:29,2026-09-29,funabashi,2,30,三連複,1-3-10,289.5,289.5,83,https://www.keiba.go.jp/KeibaWeb/TodayRaceInfo/Odds3LenFuku?k_babaCode=19&k_raceDate=2026%2F09%2F29&k_raceNo=2
2026-09-29 14:30:00,14:29,2026-09-29,funabashi,2,30,三連複,1-3-11,357.7,357.7,107,https://www.keiba.go.jp/KeibaWeb/TodayRaceInfo/Odds3LenFuku?k_babaCode=19&k_raceDate=2026%2F09%2F29&k_raceNo=2
2026-09-29 14:30:00,14:29,2026-09-29,funabashi,2,30,三連複,1-3-12,276.4,276.4,81,https://www.keiba.go.jp/KeibaWeb/TodayRaceInfo/Odds3LenFuku?k_babaCode=19&k_raceDate=2026%2F09%2F29&k_raceNo=2
2026-09-29 14:30:00,14:29,2026-09-29,funabashi,2,30,三連複,1-3-4,144.7,144.7,48,https://www.keiba.go.jp/KeibaWeb/TodayRaceInfo/Odds3LenFuku?k_babaCode=19&k_raceDate=2026%2F09%2F29&k_raceNo=2
2026-09-29 14:30:00,14:29,2026-09-29,funabashi,2,30,三連複,1-3-5,144.7,144.7,48,https://www.keiba.go.jp/KeibaWeb/TodayRaceInfo/Odds3LenFuku?k_babaCode=19&k_raceDate=2026%2F09%2F29&k_raceNo=2
2026-09-29 14:30:00,14:29,2026-09-29,funabashi,2,30,三連複,1-3-6,337.8,337.8,100,https://www.keiba.go.jp/KeibaWeb/TodayRaceInfo/Odds3LenFuku?k_babaCode=19&k_raceDate=2026%2F09%2F29&k_raceNo=2
2026-09-29 14:30:00,14:29,2026-09-29,funabashi,2,30,三連複,1-3-7,1216.2,1216.2,177,https://www.keiba.go.jp/KeibaWeb/TodayRaceInfo/Odds3LenFuku?k_babaCode=19&k_raceDate=2026%2F09%2F29&k_raceNo=2
2026-09-29 14:30:00,14:29,2026-09-29,funabashi,2,30,三連複,1-3-8,1216.2,1216.2,177,https://www.keiba.go.jp/KeibaWeb/TodayRaceInfo/Odds3LenFuku?k_babaCode=19&k_raceDate=2026%2F09%2F29&k_raceNo=2
2026-09-29 14:30:00,14:29,2026-09-29,funabashi,2,30,三連複,1-3-9,1013.5,1013.5,165,https://www.keiba.go.jp/KeibaWeb/TodayRaceInfo/Odds3LenFuku?k_babaCode=19&k_raceDate=2026%2F09%2F29&k_raceNo=2
2026-09-29 14:30:00,14:29,2026-09-29,funabashi,2,30,三連複,1-4-10,51.1,51.1,16,https://www.keiba.go.jp/KeibaWeb/TodayRaceInfo/Odds3LenFuku?k_babaCode=19&k_raceDate=2026%2F09%2F29&k_raceNo=2
2026-09-29 14:30:00,14:29,2026-09-29,funabashi,2,30,三連複,1-4-11,58.4,58.4,20,https://www.keiba.go.jp/KeibaWeb/TodayRaceInfo/Odds3LenFuku?k_babaCode=19&k_raceDate=2026%2F09%2F29&k_raceNo=2
2026-09-29 14:30:00,14:29,2026-09-29,funabashi,2,30,三連複,1-4-12,59.6,59.6,22,https://www.keiba.go.jp/KeibaWeb/TodayRaceInfo/Odds3LenFuku?k_babaCode=19&k_raceDate=2026%2F09%2F29&k_raceNo=2
2026-09-29 14:30:00,14:29,2026-09-29,funabashi,2,30,三連複,1-4-5,45.0,45.0,14,https://www.keiba.go.jp/KeibaWeb/TodayRaceInfo/Odds3LenFuku?k_babaCode=19&k_raceDate=2026%2F09%2F29&k_raceNo=2
2026-09-29 14:30:00,14:29,2026-09-29,funabashi,2,30,三連複,1-4-6,289.5,289.5,83,https://www.keiba.go.jp/KeibaWeb/TodayRaceInfo/Odds3LenFuku?k_babaCode=19&k_raceDate=2026%2F09%2F29&k_raceNo=2
2026-09-29 14:30:00,14:29,2026-09-29,funabashi,2,30,三連複,1-4-7,1013.5,1013.5,165,https://www.keiba.go.jp/KeibaWeb/TodayRaceInfo/Odds3LenFuku?k_babaCode=19&k_raceDate=2026%2F09%2F29&k_raceNo=2
2026-09-29 14:30:00,14:29,2026-09-29,funabashi,2,30,三連複,1-4-8,233.8,233.8,75,https://www.keiba.go.jp/KeibaWeb/TodayRaceInfo/Odds3LenFuku?k_babaCode=19&k_raceDate=2026%2F09%2F29&k_raceNo=2
2026-09-29 14:30:00,14:29,2026-09-29,funabashi,2,30,三連複,1-4-9,173.7,173.7,58,https://www.keiba.go.jp/KeibaWeb/TodayRaceInfo/Odds3LenFuku?k_babaCode=19&k_raceDate=2026%2F09%2F29&k_raceNo=2
2026-09-29 14:30:00,14:29,2026-09-29,funabashi,2,30,三連複,1-5-10,88.1,88.1,35,https://www.keiba.go.jp/KeibaWeb/TodayRaceInfo/Odds3LenFuku?k_babaCode=19&k_raceDate=2026%2F09%2F29&k_raceNo=2
2026-09-29 14:30:00,14:29,2026-09-29,funabashi,2,30,三連複,1-5-11,114.7,114.7,43,https://www.keiba.go.jp/KeibaWeb/TodayRaceInfo/Odds3LenFuku?k_babaCode=19&k_raceDate=2026%2F09%2F29&k_raceNo=2
2026-09-29 14:30:00,14:29,2026-09-29,funabashi,2,30,三連複,1-5-12,80.0,80.0,29,https://www.keiba.go.jp/KeibaWeb/TodayRaceInfo/Odds3LenFuku?k_babaCode=19&k_raceDate=2026%2F09%2F29&k_raceNo=2
2026-09-29 14:30:00,14:29,2026-09-29,funabashi,2,30,三連複,1-5-6,184.2,184.2,65,https://www.keiba.go.jp/KeibaWeb/TodayRaceInfo/Odds3LenFuku?k_babaCode=19&k_raceDate=2026%2F09%2F29&k_raceNo=2
2026-09-29 14:30:00,14:29,2026-09-29,funabashi,2,30,三連複,1-5-7,868.7,868.7,157,https://www.keiba.go.jp/KeibaWeb/TodayRaceInfo/Odds3LenFuku?k_babaCode=19&k_raceDate=2026%2F09%2F29&k_raceNo=2
2026-09-29 14:30:00,14:29,2026-09-29,funabashi,2,30,三連複,1-5-8,380.0,380.0,110,https://www.keiba.go.jp/KeibaWeb/TodayRaceInfo/Odds3LenFuku?k_babaCode=19&k_raceDate=2026%2F09%2F29&k_raceNo=2
2026-09-29 14:30:00,14:29,2026-09-29,funabashi,2,30,三連複,1-5-9,289.5,289.5,83,https://www.keiba.go.jp/KeibaWeb/TodayRaceInfo/Odds3LenFuku?k_babaCode=19&k_raceDate=2026%2F09%2F29&k_raceNo=2
2026-09-29 14:30:00,14:29,2026-09-29,funabashi,2,30,三連複,1-6-10,173.7,173.7,58,https://www.keiba.go.jp/KeibaWeb/TodayRaceInfo/Odds3LenFuku?k_babaCode=19&k_raceDate=2026%2F09%2F29&k_raceNo=2
2026-09-29 14:30:00,14:29,2026-09-29,funabashi,2,30,三連複,1-6-11,320.0,320.0,96,https://www.keiba.go.jp/KeibaWeb/TodayRaceInfo/Odds3LenFuku?k_babaCode=19&k_raceDate=2026%2F09%2F29&k_raceNo=2
2026-09-29 14:30:00,14:29,2026-09-29,funabashi,2,30,三連複,1-6-12,337.8,337.8,100,https://www.keiba.go.jp/KeibaWeb/TodayRaceInfo/Odds3LenFuku?k_babaCode=19&k_raceDate=2026%2F09%2F29&k_raceNo=2
2026-09-29 14:30:00,14:29,2026-09-29,funabashi,2,30,三連複,1-6-7,1013.5,1013.5,165,https://www.keiba.go.jp/KeibaWeb/TodayRaceInfo/Odds3LenFuku?k_babaCode=19&k_raceDate=2026%2F09%2F29&k_raceNo=2
2026-09-29 14:30:00,14:29,2026-09-29,funabashi,2,30,三連複,1-6-8,380.0,380.0,110,https://www.keiba.go.jp/KeibaWeb/TodayRaceInfo/Odds3LenFuku?k_babaCode=19&k_raceDate=2026%2F09%2F29&k_raceNo=2
2026-09-29 14:30:00,14:29,2026-09-29,funabashi,2,30,三連複,1-6-9,467.7,467.7,123,https://www.keiba.go.jp/KeibaWeb/TodayRaceInfo/Odds3LenFuku?k_babaCode=19&k_raceDate=2026%2F09%2F29&k_raceNo=2
2026-09-29 14:30:00,14:29,2026-09-29,funabashi,2,30,三連複,1-7-10,1216.2,1216.2,177,https://www.keiba.go.jp/KeibaWeb/TodayRaceInfo/Odds3LenFuku?k_babaCode=19&k_raceDate=2026%2F09%2F29&k_raceNo=2
2026-09-29 14:30:00,14:29,2026-09-29,funabashi,2,30,三連複,1-7-11,1216.2,1216.2,177,https://www.keiba.go.jp/KeibaWeb/TodayRaceInfo/Odds3LenFuku?k_babaCode=19&k_raceDate=2026%2F09%2F29&k_raceNo=2
2026-09-29 14:30:00,14:29,2026-09-29,funabashi,2,30,三連複,1-7-12,1520.3,1520.3,188,https://www.keiba.go.jp/KeibaWeb/TodayRaceInfo/Odds3LenFuku?k_babaCode=19&k_raceDate=2026%2F09%2F29&k_raceNo=2
2026-09-29 14:30:00,14:29,2026-09-29,funabashi,2,30,三連複,1-7-8,6081.3,6081.3,213,https://www.keiba.go.jp/KeibaWeb/TodayRaceInfo/Odds3LenFuku?k_babaCode=19&k_raceDate=2026%2F09%2F29&k_raceNo=2
2026-09-29 14:30:00,14:29,2026-09-29,funabashi,2,30,三連複,1-7-9,1520.3,1520.3,188,https://www.keiba.go.jp/KeibaWeb/TodayRaceInfo/Odds3LenFuku?k_babaCode=19&k_raceDate=2026%2F09%2F29&k_raceNo=2
2026-09-29 14:30:00,14:29,2026-09-29,funabashi,2,30,三連複,1-8-10,337.8,337.8,100,https://www.keiba.go.jp/KeibaWeb/TodayRaceInfo/Odds3LenFuku?k_babaCode=19&k_raceDate=2026%2F09%2F29&k_raceNo=2
2026-09-29 14:30:00,14:29,2026-09-29,funabashi,2,30,三連複,1-8-11,467.7,467.7,123,https://www.keiba.go.jp/KeibaWeb/TodayRaceInfo/Odds3LenFuku?k_babaCode=19&k_raceDate=2026%2F09%2F29&k_raceNo=2
2026-09-29 14:30:00,14:29,2026-09-29,funabashi,2,30,三連複,1-8-12,467.7,467.7,123,https://www.keiba.go.jp/KeibaWeb/TodayRaceInfo/Odds3LenFuku?k_babaCode=19&k_raceDate=2026%2F09%2F29&k_raceNo=2
2026-09-29 14:30:00,14:29,2026-09-29,funabashi,2,30,三連複,1-8-9,405.4,405.4,116,https://www.keiba.go.jp/KeibaWeb/TodayRaceInfo/Odds3LenFuku?k_babaCode=19&k_raceDate=2026%2F09%2F29&k_raceNo=2
2026-09-29 14:30:00,14:29,2026-09-29,funabashi,2,30,三連複,1-9-10,141.4,141.4,47,https://www.keiba.go.jp/KeibaWeb/TodayRaceInfo/Odds3LenFuku?k_babaCode=19&k_raceDate=2026%2F09%2F29&k_raceNo=2
2026-09-29 14:30:00,14:29,2026-09-29,funabashi,2,30,三連複,1-9-11,337.8,337.8,100,https://www.keiba.go.jp/KeibaWeb/TodayRaceInfo/Odds3LenFuku?k_babaCode=19&k_raceDate=2026%2F09%2F29&k_raceNo=2
2026-09-29 14:30:00,14:29,2026-09-29,funabashi,2,30,三連複,1-9-12,243.2,243.2,76,https://www.keiba.go.jp/KeibaWeb/TodayRaceInfo/Odds3LenFuku?k_babaCode=19&k_raceDate=2026%2F09%2F29&k_raceNo=2
2026-09-29 14:30:00,14:29,2026-09-29,funabashi,2,30,三連複,10-11-12,25.8,25.8,6,https://www.keiba.go.jp/KeibaWeb/TodayRaceInfo/Odds3LenFuku?k_babaCode=19&k_raceDate=2026%2F09%2F29&k_raceNo=2
2026-09-29 14:30:00,14:29,2026-09-29,funabashi,2,30,三連複,2-10-11,2027.1,2027.1,201,https://www.keiba.go.jp/KeibaWeb/TodayRaceInfo/Odds3LenFuku?k_babaCode=19&k_raceDate=2026%2F09%2F29&k_raceNo=2
2026-09-29 14:30:00,14:29,2026-09-29,funabashi,2,30,三連複,2-10-12,405.4,405.4,116,https://www.keiba.go.jp/KeibaWeb/TodayRaceInfo/Odds3LenFuku?k_babaCode=19&k_raceDate=2026%2F09%2F29&k_raceNo=2
2026-09-29 14:30:00,14:29,2026-09-29,funabashi,2,30,三連複,2-11-12,1013.5,1013.5,165,https://www.keiba.go.jp/KeibaWeb/TodayRaceInfo/Odds3LenFuku?k_babaCode=19&k_raceDate=2026%2F09%2F29&k_raceNo=2
2026-09-29 14:30:00,14:29,2026-09-29,funabashi,2,30,三連複,2-3-10,6081.3,6081.3,213,https://www.keiba.go.jp/KeibaWeb/TodayRaceInfo/Odds3LenFuku?k_babaCode=19&k_raceDate=2026%2F09%2F29&k_raceNo=2
2026-09-29 14:30:00,14:29,2026-09-29,funabashi,2,30,三連複,2-3-11,0.0,0.0,220,https://www.keiba.go.jp/KeibaWeb/TodayRaceInfo/Odds3LenFuku?k_babaCode=19&k_raceDate=2026%2F09%2F29&k_raceNo=2
2026-09-29 14:30:00,14:29,2026-09-29,funabashi,2,30,三連複,2-3-12,1216.2,1216.2,177,https://www.keiba.go.jp/KeibaWeb/TodayRaceInfo/Odds3LenFuku?k_babaCode=19&k_raceDate=2026%2F09%2F29&k_raceNo=2
2026-09-29 14:30:00,14:29,2026-09-29,funabashi,2,30,三連複,2-3-4,2027.1,2027.1,201,https://www.keiba.go.jp/KeibaWeb/TodayRaceInfo/Odds3LenFuku?k_babaCode=19&k_raceDate=2026%2F09%2F29&k_raceNo=2
2026-09-29 14:30:00,14:29,2026-09-29,funabashi,2,30,三連複,2-3-5,608.1,608.1,139,https://www.keiba.go.jp/KeibaWeb/TodayRaceInfo/Odds3LenFuku?k_babaCode=19&k_raceDate=2026%2F09%2F29&k_raceNo=2
2026-09-29 14:30:00,14:29,2026-09-29,funabashi,2,30,三連複,2-3-6,1520.3,1520.3,188,https://www.keiba.go.jp/KeibaWeb/TodayRaceInfo/Odds3LenFuku?k_babaCode=19&k_raceDate=2026%2F09%2F29&k_raceNo=2
2026-09-29 14:30:00,14:29,2026-09-29,funabashi,2,30,三連複,2-3-7,2027.1,2027.1,201,https://www.keiba.go.jp/KeibaWeb/TodayRaceInfo/Odds3LenFuku?k_babaCode=19&k_raceDate=2026%2F09%2F29&k_raceNo=2
2026-09-29 14:30:00,14:29,2026-09-29,funabashi,2,30,三連複,2-3-8,3040.6,3040.6,209,https://www.keiba.go.jp/KeibaWeb/TodayRaceInfo/Odds3LenFuku?k_babaCode=19&k_raceDate=2026%2F09%2F29&k_raceNo=2
2026-09-29 14:30:00,14:29,2026-09-29,funabashi,2,30,三連複,2-3-9,1216.2,1216.2,177,https://www.keiba.go.jp/KeibaWeb/TodayRaceInfo/Odds3LenFuku?k_babaCode=19&k_raceDate=2026%2F09%2F29&k_raceNo=2
2026-09-29 14:30:00,14:29,2026-09-29,funabashi,2,30,三連複,2-4-10,276.4,276.4,81,https://www.keiba.go.jp/KeibaWeb/TodayRaceInfo/Odds3LenFuku?k_babaCode=19&k_raceDate=2026%2F09%2F29&k_raceNo=2
2026-09-29 14:30:00,14:29,2026-09-29,funabashi,2,30,三連複,2-4-11,434.3,434.3,119,https://www.keiba.go.jp/KeibaWeb/TodayRaceInfo/Odds3LenFuku?k_babaCode=19&k_raceDate=2026%2F09%2F29&k_raceNo=2
2026-09-29 14:30:00,14:29,2026-09-29,funabashi,2,30,三連複,2-4-12,552.8,552.8,135,https://www.keiba.go.jp/KeibaWeb/TodayRaceInfo/Odds3LenFuku?k_babaCode=19&k_raceDate=2026%2F09%2F29&k_raceNo=2
2026-09-29 14:30:00,14:29,2026-09-29,funabashi,2,30,三連複,2-4-5,184.2,184.2,65,https://www.keiba.go.jp/KeibaWeb/TodayRaceInfo/Odds3LenFuku?k_babaCode=19&k_raceDate=2026%2F09%2F29&k_raceNo=2
2026-09-29 14:30:00,14:29,2026-09-29,funabashi,2,30,三連複,2-4-6,1013.5,1013.5,165,https://www.keiba.go.jp/KeibaWeb/TodayRaceInfo/Odds3LenFuku?k_babaCode=19&k_raceDate=2026%2F09%2F29&k_raceNo=2
2026-09-29 14:30:00,14:29,2026-09-29,funabashi,2,30,三連複,2-4-7,760.1,760.1,150,https://www.keiba.go.jp/KeibaWeb/TodayRaceInfo/Odds3LenFuku?k_babaCode=19&k_raceDate=2026%2F09%2F29&k_raceNo=2
2026-09-29 14:30:00,14:29,2026-09-29,funabashi,2,30,三連複,2-4-8,434.3,434.3,119,https://www.keiba.go.jp/KeibaWeb/TodayRaceInfo/Odds3LenFuku?k_babaCode=19&k_raceDate=2026%2F09%2F29&k_raceNo=2
2026-09-29 14:30:00,14:29,2026-09-29,funabashi,2,30,三連複,2-4-9,868.7,868.7,157,https://www.keiba.go.jp/KeibaWeb/TodayRaceInfo/Odds3LenFuku?k_babaCode=19&k_raceDate=2026%2F09%2F29&k_raceNo=2
2026-09-29 14:30:00,14:29,2026-09-29,funabashi,2,30,三連複,2-5-10,467.7,467.7,123,https://www.keiba.go.jp/KeibaWeb/TodayRaceInfo/Odds3LenFuku?k_babaCode=19&k_raceDate=2026%2F09%2F29&k_raceNo=2
2026-09-29 14:30:00,14:29,2026-09-29,funabashi,2,30,三連複,2-5-11,253.3,253.3,77,https://www.keiba.go.jp/KeibaWeb/TodayRaceInfo/Odds3LenFuku?k_babaCode=19&k_raceDate=2026%2F09%2F29&k_raceNo=2
2026-09-29 14:30:00,14:29,2026-09-29,funabashi,2,30,三連複,2-5-12,506.7,506.7,130,https://www.keiba.go.jp/KeibaWeb/TodayRaceInfo/Odds3LenFuku?k_babaCode=19&k_raceDate=2026%2F09%2F29&k_raceNo=2
2026-09-29 14:30:00,14:29,2026-09-29,funabashi,2,30,三連複,2-5-6,675.7,675.7,144,https://www.keiba.go.jp/KeibaWeb/TodayRaceInfo/Odds3LenFuku?k_babaCode=19&k_raceDate=2026%2F09%2F29&k_raceNo=2
2026-09-29 14:30:00,14:29,2026-09-29,funabashi,2,30,三連複,2-5-7,868.7,868.7,157,https://www.keiba.go.jp/KeibaWeb/TodayRaceInfo/Odds3LenFuku?k_babaCode=19&k_raceDate=2026%2F09%2F29&k_raceNo=2
2026-09-29 14:30:00,14:29,2026-09-29,funabashi,2,30,三連複,2-5-8,760.1,760.1,150,https://www.keiba.go.jp/KeibaWeb/TodayRaceInfo/Odds3LenFuku?k_babaCode=19&k_raceDate=2026%2F09%2F29&k_raceNo=2
2026-09-29 14:30:00,14:29,2026-09-29,funabashi,2,30,三連複,2-5-9,760.1,760.1,150,https://www.keiba.go.jp/KeibaWeb/TodayRaceInfo/Odds3LenFuku?k_babaCode=19&k_raceDate=2026%2F09%2F29&k_raceNo=2
2026-09-29 14:30:00,14:29,2026-09-29,funabashi,2,30,三連複,2-6-10,675.7,675.7,144,https://www.keiba.go.jp/KeibaWeb/TodayRaceInfo/Odds3LenFuku?k_babaCode=19&k_raceDate=2026%2F09%2F29&k_raceNo=2
2026-09-29 14:30:00,14:29,2026-09-29,funabashi,2,30,三連複,2-6-11,6081.3,6081.3,213,https://www.keiba.go.jp/KeibaWeb/TodayRaceInfo/Odds3LenFuku?k_babaCode=19&k_raceDate=2026%2F09%2F29&k_raceNo=2
2026-09-29 14:30:00,14:29,2026-09-29,funabashi,2,30,三連複,2-6-12,1013.5,1013.5,165,https://www.keiba.go.jp/KeibaWeb/TodayRaceInfo/Odds3LenFuku?k_babaCode=19&k_raceDate=2026%2F09%2F29&k_raceNo=2
2026-09-29 14:30:00,14:29,2026-09-29,funabashi,2,30,三連複,2-6-7,1520.3,1520.3,188,https://www.keiba.go.jp/KeibaWeb/TodayRaceInfo/Odds3LenFuku?k_babaCode=19&k_raceDate=2026%2F09%2F29&k_raceNo=2
2026-09-29 14:30:00,14:29,2026-09-29,funabashi,2,30,三連複,2-6-8,868.7,868.7,157,https://www.keiba.go.jp/KeibaWeb/TodayRaceInfo/Odds3LenFuku?k_babaCode=19&k_raceDate=2026%2F09%2F29&k_raceNo=2
2026-09-29 14:30:00,14:29,2026-09-29,funabashi,2,30,三連複,2-6-9,1520.3,1520.3,188,https://www.keiba.go.jp/KeibaWeb/TodayRaceInfo/Odds3LenFuku?k_babaCode=19&k_raceDate=2026%2F09%2F29&k_raceNo=2
2026-09-29 14:30:00,14:29,2026-09-29,funabashi,2,30,三連複,2-7-10,2027.1,2027.1,201,https://www.keiba.go.jp/KeibaWeb/TodayRaceInfo/Odds3LenFuku?k_babaCode=19&k_raceDate=2026%2F09%2F29&k_raceNo=2
2026-09-29 14:30:00,14:29,2026-09-29,funabashi,2,30,三連複,2-7-11,6081.3,6081.3,213,https://www.keiba.go.jp/KeibaWeb/TodayRaceInfo/Odds3LenFuku?k_babaCode=19&k_raceDate=2026%2F09%2F29&k_raceNo=2
2026-09-29 14:30:00,14:29,2026-09-29,funabashi,2,30,三連複,2-7-12,2027.1,2027.1,201,https://www.keiba.go.jp/KeibaWeb/TodayRaceInfo/Odds3LenFuku?k_babaCode=19&k_raceDate=2026%2F09%2F29&k_raceNo=2
2026-09-29 14:30:00,14:29,2026-09-29,funabashi,2,30,三連複,2-7-8,2027.1,2027.1,201,https://www.keiba.go.jp/KeibaWeb/TodayRaceInfo/Odds3LenFuku?k_babaCode=19&k_raceDate=2026%2F09%2F29&k_raceNo=2
2026-09-29 14:30:00,14:29,2026-09-29,funabashi,2,30,三連複,2-7-9,760.1,760.1,150,https://www.keiba.go.jp/KeibaWeb/TodayRaceInfo/Odds3LenFuku?k_babaCode=19&k_raceDate=2026%2F09%2F29&k_raceNo=2
2026-09-29 14:30:00,14:29,2026-09-29,funabashi,2,30,三連複,2-8-10,608.1,608.1,139,https://www.keiba.go.jp/KeibaWeb/TodayRaceInfo/Odds3LenFuku?k_babaCode=19&k_raceDate=2026%2F09%2F29&k_raceNo=2
2026-09-29 14:30:00,14:29,2026-09-29,funabashi,2,30,三連複,2-8-11,1520.3,1520.3,188,https://www.keiba.go.jp/KeibaWeb/TodayRaceInfo/Odds3LenFuku?k_babaCode=19&k_raceDate=2026%2F09%2F29&k_raceNo=2
2026-09-29 14:30:00,14:29,2026-09-29,funabashi,2,30,三連複,2-8-12,1520.3,1520.3,188,https://www.keiba.go.jp/KeibaWeb/TodayRaceInfo/Odds3LenFuku?k_babaCode=19&k_raceDate=2026%2F09%2F29&k_raceNo=2
2026-09-29 14:30:00,14:29,2026-09-29,funabashi,2,30,三連複,2-8-9,760.1,760.1,150,https://www.keiba.go.jp/KeibaWeb/TodayRaceInfo/Odds3LenFuku?k_babaCode=19&k_raceDate=2026%2F09%2F29&k_raceNo=2
2026-09-29 14:30:00,14:29,2026-09-29,funabashi,2,30,三連複,2-9-10,380.0,380.0,110,https://www.keiba.go.jp/KeibaWeb/TodayRaceInfo/Odds3LenFuku?k_babaCode=19&k_raceDate=2026%2F09%2F29&k_raceNo=2
2026-09-29 14:30:00,14:29,2026-09-29,funabashi,2,30,三連複,2-9-11,264.4,264.4,79,https://www.keiba.go.jp/KeibaWeb/TodayRaceInfo/Odds3LenFuku?k_babaCode=19&k_raceDate=2026%2F09%2F29&k_raceNo=2
2026-09-29 14:30:00,14:29,2026-09-29,funabashi,2,30,三連複,2-9-12,675.7,675.7,144,https://www.keiba.go.jp/KeibaWeb/TodayRaceInfo/Odds3LenFuku?k_babaCode=19&k_raceDate=2026%2F09%2F29&k_raceNo=2
2026-09-29 14:30:00,14:29,2026-09-29,funabashi,2,30,三連複,3-10-11,164.3,164.3,54,https://www.keiba.go.jp/KeibaWeb/TodayRaceInfo/Odds3LenFuku?k_babaCode=19&k_raceDate=2026%2F09%2F29&k_raceNo=2
2026-09-29 14:30:00,14:29,2026-09-29,funabashi,2,30,三連複,3-10-12,101.3,101.3,40,https://www.keiba.go.jp/KeibaWeb/TodayRaceInfo/Odds3LenFuku?k_babaCode=19&k_raceDate=2026%2F09%2F29&k_raceNo=2
2026-09-29 14:30:00,14:29,2026-09-29,funabashi,2,30,三連複,3-11-12,173.7,173.7,58,https://www.keiba.go.jp/KeibaWeb/TodayRaceInfo/Odds3LenFuku?k_babaCode=19&k_raceDate=2026%2F09%2F29&k_raceNo=2
2026-09-29 14:30:00,14:29,2026-09-29,funabashi,2,30,三連複,3-4-10,53.3,53.3,17,https://www.keiba.go.jp/KeibaWeb/TodayRaceInfo/Odds3LenFuku?k_babaCode=19&k_raceDate=2026%2F09%2F29&k_raceNo=2
2026-09-29 14:30:00,14:29,2026-09-29,funabashi,2,30,三連複,3-4-11,60.2,60.2,23,https://www.keiba.go.jp/KeibaWeb/TodayRaceInfo/Odds3LenFuku?k_babaCode=19&k_raceDate=2026%2F09%2F29&k_raceNo=2
2026-09-29 14:30:00,14:29,2026-09-29,funabashi,2,30,三連複,3-4-12,57.9,57.9,19,https://www.keiba.go.jp/KeibaWeb/TodayRaceInfo/Odds3LenFuku?k_babaCode=19&k_raceDate=2026%2F09%2F29&k_raceNo=2
2026-09-29 14:30:00,14:29,2026-09-29,funabashi,2,30,三連複,3-4-5,47.1,47.1,15,https://www.keiba.go.jp/KeibaWeb/TodayRaceInfo/Odds3LenFuku?k_babaCode=19&k_raceDate=2026%2F09%2F29&k_raceNo=2
2026-09-29 14:30:00,14:29,2026-09-29,funabashi,2,30,三連複,3-4-6,178.8,178.8,61,https://www.keiba.go.jp/KeibaWeb/TodayRaceInfo/Odds3LenFuku?k_babaCode=19&k_raceDate=2026%2F09%2F29&k_raceNo=2
2026-09-29 14:30:00,14:29,2026-09-29,funabashi,2,30,三連複,3-4-7,1216.2,1216.2,177,https://www.keiba.go.jp/KeibaWeb/TodayRaceInfo/Odds3LenFuku?k_babaCode=19&k_raceDate=2026%2F09%2F29&k_raceNo=2
2026-09-29 14:30:00,14:29,2026-09-29,funabashi,2,30,三連複,3-4-8,320.0,320.0,96,https://www.keiba.go.jp/KeibaWeb/TodayRaceInfo/Odds3LenFuku?k_babaCode=19&k_raceDate=2026%2F09%2F29&k_raceNo=2
2026-09-29 14:30:00,14:29,2026-09-29,funabashi,2,30,三連複,3-4-9,225.2,225.2,73,https://www.keiba.go.jp/KeibaWeb/TodayRaceInfo/Odds3LenFuku?k_babaCode=19&k_raceDate=2026%2F09%2F29&k_raceNo=2
2026-09-29 14:30:00,14:29,2026-09-29,funabashi,2,30,三連複,3-5-10,89.4,89.4,36,https://www.keiba.go.jp/KeibaWeb/TodayRaceInfo/Odds3LenFuku?k_babaCode=19&k_raceDate=2026%2F09%2F29&k_raceNo=2
2026-09-29 14:30:00,14:29,2026-09-29,funabashi,2,30,三連複,3-5-11,164.3,164.3,54,https://www.keiba.go.jp/KeibaWeb/TodayRaceInfo/Odds3LenFuku?k_babaCode=19&k_raceDate=2026%2F09%2F29&k_raceNo=2
2026-09-29 14:30:00,14:29,2026-09-29,funabashi,2,30,三連複,3-5-12,92.1,92.1,37,https://www.keiba.go.jp/KeibaWeb/TodayRaceInfo/Odds3LenFuku?k_babaCode=19&k_raceDate=2026%2F09%2F29&k_raceNo=2
2026-09-29 14:30:00,14:29,2026-09-29,funabashi,2,30,三連複,3-5-6,209.7,209.7,71,https://www.keiba.go.jp/KeibaWeb/TodayRaceInfo/Odds3LenFuku?k_babaCode=19&k_raceDate=2026%2F09%2F29&k_raceNo=2
2026-09-29 14:30:00,14:29,2026-09-29,funabashi,2,30,三連複,3-5-7,1013.5,1013.5,165,https://www.keiba.go.jp/KeibaWeb/TodayRaceInfo/Odds3LenFuku?k_babaCode=19&k_raceDate=2026%2F09%2F29&k_raceNo=2
2026-09-29 14:30:00,14:29,2026-09-29,funabashi,2,30,三連複,3-5-8,552.8,552.8,135,https://www.keiba.go.jp/KeibaWeb/TodayRaceInfo/Odds3LenFuku?k_babaCode=19&k_raceDate=2026%2F09%2F29&k_raceNo=2
2026-09-29 14:30:00,14:29,2026-09-29,funabashi,2,30,三連複,3-5-9,506.7,506.7,130,https://www.keiba.go.jp/KeibaWeb/TodayRaceInfo/Odds3LenFuku?k_babaCode=19&k_raceDate=2026%2F09%2F29&k_raceNo=2
2026-09-29 14:30:00,14:29,2026-09-29,funabashi,2,30,三連複,3-6-10,304.0,304.0,88,https://www.keiba.go.jp/KeibaWeb/TodayRaceInfo/Odds3LenFuku?k_babaCode=19&k_raceDate=2026%2F09%2F29&k_raceNo=2
2026-09-29 14:30:00,14:29,2026-09-29,funabashi,2,30,三連複,3-6-11,434.3,434.3,119,https://www.keiba.go.jp/KeibaWeb/TodayRaceInfo/Odds3LenFuku?k_babaCode=19&k_raceDate=2026%2F09%2F29&k_raceNo=2
2026-09-29 14:30:00,14:29,2026-09-29,funabashi,2,30,三連複,3-6-12,289.5,289.5,83,https://www.keiba.go.jp/KeibaWeb/TodayRaceInfo/Odds3LenFuku?k_babaCode=19&k_raceDate=2026%2F09%2F29&k_raceNo=2
2026-09-29 14:30:00,14:29,2026-09-29,funabashi,2,30,三連複,3-6-7,6081.3,6081.3,213,https://www.keiba.go.jp/KeibaWeb/TodayRaceInfo/Odds3LenFuku?k_babaCode=19&k_raceDate=2026%2F09%2F29&k_raceNo=2
2026-09-29 14:30:00,14:29,2026-09-29,funabashi,2,30,三連複,3-6-8,506.7,506.7,130,https://www.keiba.go.jp/KeibaWeb/TodayRaceInfo/Odds3LenFuku?k_babaCode=19&k_raceDate=2026%2F09%2F29&k_raceNo=2
2026-09-29 14:30:00,14:29,2026-09-29,funabashi,2,30,三連複,3-6-9,868.7,868.7,157,https://www.keiba.go.jp/KeibaWeb/TodayRaceInfo/Odds3LenFuku?k_babaCode=19&k_raceDate=2026%2F09%2F29&k_raceNo=2
2026-09-29 14:30:00,14:29,2026-09-29,funabashi,2,30,三連複,3-7-10,337.8,337.8,100,https://www.keiba.go.jp/KeibaWeb/TodayRaceInfo/Odds3LenFuku?k_babaCode=19&k_raceDate=2026%2F09%2F29&k_raceNo=2
2026-09-29 14:30:00,14:29,2026-09-29,funabashi,2,30,三連複,3-7-11,1520.3,1520.3,188,https://www.keiba.go.jp/KeibaWeb/TodayRaceInfo/Odds3LenFuku?k_babaCode=19&k_raceDate=2026%2F09%2F29&k_raceNo=2
2026-09-29 14:30:00,14:29,2026-09-29,funabashi,2,30,三連複,3-7-12,1520.3,1520.3,188,https://www.keiba.go.jp/KeibaWeb/TodayRaceInfo/Odds3LenFuku?k_babaCode=19&k_raceDate=2026%2F09%2F29&k_raceNo=2
2026-09-29 14:30:00,14:29,2026-09-29,funabashi,2,30,三連複,3-7-8,6081.3,6081.3,213,https://www.keiba.go.jp/KeibaWeb/TodayRaceInfo/Odds3LenFuku?k_babaCode=19&k_raceDate=2026%2F09%2F29&k_raceNo=2
2026-09-29 14:30:00,14:29,2026-09-29,funabashi,2,30,三連複,3-7-9,3040.6,3040.6,209,https://www.keiba.go.jp/KeibaWeb/TodayRaceInfo/Odds3LenFuku?k_babaCode=19&k_raceDate=2026%2F09%2F29&k_raceNo=2
2026-09-29 14:30:00,14:29,2026-09-29,funabashi,2,30,三連複,3-8-10,506.7,506.7,130,https://www.keiba.go.jp/KeibaWeb/TodayRaceInfo/Odds3LenFuku?k_babaCode=19&k_raceDate=2026%2F09%2F29&k_raceNo=2
2026-09-29 14:30:00,14:29,2026-09-29,funabashi,2,30,三連複,3-8-11,1216.2,1216.2,177,https://www.keiba.go.jp/KeibaWeb/TodayRaceInfo/Odds3LenFuku?k_babaCode=19&k_raceDate=2026%2F09%2F29&k_raceNo=2
2026-09-29 14:30:00,14:29,2026-09-29,funabashi,2,30,三連複,3-8-12,608.1,608.1,139,https://www.keiba.go.jp/KeibaWeb/TodayRaceInfo/Odds3LenFuku?k_babaCode=19&k_raceDate=2026%2F09%2F29&k_raceNo=2
2026-09-29 14:30:00,14:29,2026-09-29,funabashi,2,30,三連複,3-8-9,1013.5,1013.5,165,https://www.keiba.go.jp/KeibaWeb/TodayRaceInfo/Odds3LenFuku?k_babaCode=19&k_raceDate=2026%2F09%2F29&k_raceNo=2
2026-09-29 14:30:00,14:29,2026-09-29,funabashi,2,30,三連複,3-9-10,202.7,202.7,70,https://www.keiba.go.jp/KeibaWeb/TodayRaceInfo/Odds3LenFuku?k_babaCode=19&k_raceDate=2026%2F09%2F29&k_raceNo=2
2026-09-29 14:30:00,14:29,2026-09-29,funabashi,2,30,三連複,3-9-11,467.7,467.7,123,https://www.keiba.go.jp/KeibaWeb/TodayRaceInfo/Odds3LenFuku?k_babaCode=19&k_raceDate=2026%2F09%2F29&k_raceNo=2
2026-09-29 14:30:00,14:29,2026-09-29,funabashi,2,30,三連複,3-9-12,337.8,337.8,100,https://www.keiba.go.jp/KeibaWeb/TodayRaceInfo/Odds3LenFuku?k_babaCode=19&k_raceDate=2026%2F09%2F29&k_raceNo=2
2026-09-29 14:30:00,14:29,2026-09-29,funabashi,2,30,三連複,4-10-11,17.3,17.3,3,https://www.keiba.go.jp/KeibaWeb/TodayRaceInfo/Odds3LenFuku?k_babaCode=19&k_raceDate=2026%2F09%2F29&k_raceNo=2
2026-09-29 14:30:00,14:29,2026-09-29,funabashi,2,30,三連複,4-10-12,16.7,16.7,2,https://www.keiba.go.jp/KeibaWeb/TodayRaceInfo/Odds3LenFuku?k_babaCode=19&k_raceDate=2026%2F09%2F29&k_raceNo=2
2026-09-29 14:30:00,14:29,2026-09-29,funabashi,2,30,三連複,4-11-12,26.2,26.2,7,https://www.keiba.go.jp/KeibaWeb/TodayRaceInfo/Odds3LenFuku?k_babaCode=19&k_raceDate=2026%2F09%2F29&k_raceNo=2
2026-09-29 14:30:00,14:29,2026-09-29,funabashi,2,30,三連複,4-5-10,15.1,15.1,1,https://www.keiba.go.jp/KeibaWeb/TodayRaceInfo/Odds3LenFuku?k_babaCode=19&k_raceDate=2026%2F09%2F29&k_raceNo=2
2026-09-29 14:30:00,14:29,2026-09-29,funabashi,2,30,三連複,4-5-11,24.0,24.0,4,https://www.keiba.go.jp/KeibaWeb/TodayRaceInfo/Odds3LenFuku?k_babaCode=19&k_raceDate=2026%2F09%2F29&k_raceNo=2
2026-09-29 14:30:00,14:29,2026-09-29,funabashi,2,30,三連複,4-5-12,24.3,24.3,5,https://www.keiba.go.jp/KeibaWeb/TodayRaceInfo/Odds3LenFuku?k_babaCode=19&k_raceDate=2026%2F09%2F29&k_raceNo=2
2026-09-29 14:30:00,14:29,2026-09-29,funabashi,2,30,三連複,4-5-6,82.1,82.1,31,https://www.keiba.go.jp/KeibaWeb/TodayRaceInfo/Odds3LenFuku?k_babaCode=19&k_raceDate=2026%2F09%2F29&k_raceNo=2
2026-09-29 14:30:00,14:29,2026-09-29,funabashi,2,30,三連複,4-5-7,209.7,209.7,71,https://www.keiba.go.jp/KeibaWeb/TodayRaceInfo/Odds3LenFuku?k_babaCode=19&k_raceDate=2026%2F09%2F29&k_raceNo=2
2026-09-29 14:30:00,14:29,2026-09-29,funabashi,2,30,三連複,4-5-8,152.0,152.0,51,https://www.keiba.go.jp/KeibaWeb/TodayRaceInfo/Odds3LenFuku?k_babaCode=19&k_raceDate=2026%2F09%2F29&k_raceNo=2
2026-09-29 14:30:00,14:29,2026-09-29,funabashi,2,30,三連複,4-5-9,58.4,58.4,20,https://www.keiba.go.jp/KeibaWeb/TodayRaceInfo/Odds3LenFuku?k_babaCode=19&k_raceDate=2026%2F09%2F29&k_raceNo=2
2026-09-29 14:30:00,14:29,2026-09-29,funabashi,2,30,三連複,4-6-10,78.9,78.9,28,https://www.keiba.go.jp/KeibaWeb/TodayRaceInfo/Odds3LenFuku?k_babaCode=19&k_raceDate=2026%2F09%2F29&k_raceNo=2
2026-09-29 14:30:00,14:29,2026-09-29,funabashi,2,30,三連複,4-6-11,108.5,108.5,41,https://www.keiba.go.jp/KeibaWeb/TodayRaceInfo/Odds3LenFuku?k_babaCode=19&k_raceDate=2026%2F09%2F29&k_raceNo=2
2026-09-29 14:30:00,14:29,2026-09-29,funabashi,2,30,三連複,4-6-12,114.7,114.7,43,https://www.keiba.go.jp/KeibaWeb/TodayRaceInfo/Odds3LenFuku?k_babaCode=19&k_raceDate=2026%2F09%2F29&k_raceNo=2
2026-09-29 14:30:00,14:29,2026-09-29,funabashi,2,30,三連複,4-6-7,1520.3,1520.3,188,https://www.keiba.go.jp/KeibaWeb/TodayRaceInfo/Odds3LenFuku?k_babaCode=19&k_raceDate=2026%2F09%2F29&k_raceNo=2
2026-09-29 14:30:00,14:29,2026-09-29,funabashi,2,30,三連複,4-6-8,304.0,304.0,88,https://www.keiba.go.jp/KeibaWeb/TodayRaceInfo/Odds3LenFuku?k_babaCode=19&k_raceDate=2026%2F09%2F29&k_raceNo=2
2026-09-29 14:30:00,14:29,2026-09-29,funabashi,2,30,三連複,4-6-9,506.7,506.7,130,https://www.keiba.go.jp/KeibaWeb/TodayRaceInfo/Odds3LenFuku?k_babaCode=19&k_raceDate=2026%2F09%2F29&k_raceNo=2
2026-09-29 14:30:00,14:29,2026-09-29,funabashi,2,30,三連複,4-7-10,178.8,178.8,61,https://www.keiba.go.jp/KeibaWeb/TodayRaceInfo/Odds3LenFuku?k_babaCode=19&k_raceDate=2026%2F09%2F29&k_raceNo=2
2026-09-29 14:30:00,14:29,2026-09-29,funabashi,2,30,三連複,4-7-11,264.4,264.4,79,https://www.keiba.go.jp/KeibaWeb/TodayRaceInfo/Odds3LenFuku?k_babaCode=19&k_raceDate=2026%2F09%2F29&k_raceNo=2
2026-09-29 14:30:00,14:29,2026-09-29,funabashi,2,30,三連複,4-7-12,304.0,304.0,88,https://www.keiba.go.jp/KeibaWeb/TodayRaceInfo/Odds3LenFuku?k_babaCode=19&k_raceDate=2026%2F09%2F29&k_raceNo=2
2026-09-29 14:30:00,14:29,2026-09-29,funabashi,2,30,三連複,4-7-8,608.1,608.1,139,https://www.keiba.go.jp/KeibaWeb/TodayRaceInfo/Odds3LenFuku?k_babaCode=19&k_raceDate=2026%2F09%2F29&k_raceNo=2
2026-09-29 14:30:00,14:29,2026-09-29,funabashi,2,30,三連複,4-7-9,608.1,608.1,139,https://www.keiba.go.jp/KeibaWeb/TodayRaceInfo/Odds3LenFuku?k_babaCode=19&k_raceDate=2026%2F09%2F29&k_raceNo=2
2026-09-29 14:30:00,14:29,2026-09-29,funabashi,2,30,三連複,4-8-10,80.0,80.0,29,https://www.keiba.go.jp/KeibaWeb/TodayRaceInfo/Odds3LenFuku?k_babaCode=19&k_raceDate=2026%2F09%2F29&k_raceNo=2
2026-09-29 14:30:00,14:29,2026-09-29,funabashi,2,30,三連複,4-8-11,160.0,160.0,53,https://www.keiba.go.jp/KeibaWeb/TodayRaceInfo/Odds3LenFuku?k_babaCode=19&k_raceDate=2026%2F09%2F29&k_raceNo=2
2026-09-29 14:30:00,14:29,2026-09-29,funabashi,2,30,三連複,4-8-12,184.2,184.2,65,https://www.keiba.go.jp/KeibaWeb/TodayRaceInfo/Odds3LenFuku?k_babaCode=19&k_raceDate=2026%2F09%2F29&k_raceNo=2
2026-09-29 14:30:00,14:29,2026-09-29,funabashi,2,30,三連複,4-8-9,225.2,225.2,73,https://www.keiba.go.jp/KeibaWeb/TodayRaceInfo/Odds3LenFuku?k_babaCode=19&k_raceDate=2026%2F09%2F29&k_raceNo=2
2026-09-29 14:30:00,14:29,2026-09-29,funabashi,2,30,三連複,4-9-10,33.4,33.4,10,https://www.keiba.go.jp/KeibaWeb/TodayRaceInfo/Odds3LenFuku?k_babaCode=19&k_raceDate=2026%2F09%2F29&k_raceNo=2
2026-09-29 14:30:00,14:29,2026-09-29,funabashi,2,30,三連複,4-9-11,64.6,64.6,24,https://www.keiba.go.jp/KeibaWeb/TodayRaceInfo/Odds3LenFuku?k_babaCode=19&k_raceDate=2026%2F09%2F29&k_raceNo=2
2026-09-29 14:30:00,14:29,2026-09-29,funabashi,2,30,三連複,4-9-12,65.3,65.3,25,https://www.keiba.go.jp/KeibaWeb/TodayRaceInfo/Odds3LenFuku?k_babaCode=19&k_raceDate=2026%2F09%2F29&k_raceNo=2
2026-09-29 14:30:00,14:29,2026-09-29,funabashi,2,30,三連複,5-10-11,30.5,30.5,9,https://www.keiba.go.jp/KeibaWeb/TodayRaceInfo/Odds3LenFuku?k_babaCode=19&k_raceDate=2026%2F09%2F29&k_raceNo=2
2026-09-29 14:30:00,14:29,2026-09-29,funabashi,2,30,三連複,5-10-12,27.6,27.6,8,https://www.keiba.go.jp/KeibaWeb/TodayRaceInfo/Odds3LenFuku?k_babaCode=19&k_raceDate=2026%2F09%2F29&k_raceNo=2
2026-09-29 14:30:00,14:29,2026-09-29,funabashi,2,30,三連複,5-11-12,35.9,35.9,11,https://www.keiba.go.jp/KeibaWeb/TodayRaceInfo/Odds3LenFuku?k_babaCode=19&k_raceDate=2026%2F09%2F29&k_raceNo=2
2026-09-29 14:30:00,14:29,2026-09-29,funabashi,2,30,三連複,5-6-10,135.1,135.1,45,https://www.keiba.go.jp/KeibaWeb/TodayRaceInfo/Odds3LenFuku?k_babaCode=19&k_raceDate=2026%2F09%2F29&k_raceNo=2
2026-09-29 14:30:00,14:29,2026-09-29,funabashi,2,30,三連複,5-6-11,190.0,190.0,68,https://www.keiba.go.jp/KeibaWeb/TodayRaceInfo/Odds3LenFuku?k_babaCode=19&k_raceDate=2026%2F09%2F29&k_raceNo=2
2026-09-29 14:30:00,14:29,2026-09-29,funabashi,2,30,三連複,5-6-12,155.9,155.9,52,https://www.keiba.go.jp/KeibaWeb/TodayRaceInfo/Odds3LenFuku?k_babaCode=19&k_raceDate=2026%2F09%2F29&k_raceNo=2
2026-09-29 14:30:00,14:29,2026-09-29,funabashi,2,30,三連複,5-6-7,1520.3,1520.3,188,https://www.keiba.go.jp/KeibaWeb/TodayRaceInfo/Odds3LenFuku?k_babaCode=19&k_raceDate=2026%2F09%2F29&k_raceNo=2
2026-09-29 14:30:00,14:29,2026-09-29,funabashi,2,30,三連複,5-6-8,304.0,304.0,88,https://www.keiba.go.jp/KeibaWeb/TodayRaceInfo/Odds3LenFuku?k_babaCode=19&k_raceDate=2026%2F09%2F29&k_raceNo=2
2026-09-29 14:30:00,14:29,2026-09-29,funabashi,2,30,三連複,5-6-9,380.0,380.0,110,https://www.keiba.go.jp/KeibaWeb/TodayRaceInfo/Odds3LenFuku?k_babaCode=19&k_raceDate=2026%2F09%2F29&k_raceNo=2
2026-09-29 14:30:00,14:29,2026-09-29,funabashi,2,30,三連複,5-7-10,357.7,357.7,107,https://www.keiba.go.jp/KeibaWeb/TodayRaceInfo/Odds3LenFuku?k_babaCode=19&k_raceDate=2026%2F09%2F29&k_raceNo=2
2026-09-29 14:30:00,14:29,2026-09-29,funabashi,2,30,三連複,5-7-11,380.0,380.0,110,https://www.keiba.go.jp/KeibaWeb/TodayRaceInfo/Odds3LenFuku?k_babaCode=19&k_raceDate=2026%2F09%2F29&k_raceNo=2
2026-09-29 14:30:00,14:29,2026-09-29,funabashi,2,30,三連複,5-7-12,320.0,320.0,96,https://www.keiba.go.jp/KeibaWeb/TodayRaceInfo/Odds3LenFuku?k_babaCode=19&k_raceDate=2026%2F09%2F29&k_raceNo=2
2026-09-29 14:30:00,14:29,2026-09-29,funabashi,2,30,三連複,5-7-8,868.7,868.7,157,https://www.keiba.go.jp/KeibaWeb/TodayRaceInfo/Odds3LenFuku?k_babaCode=19&k_raceDate=2026%2F09%2F29&k_raceNo=2
2026-09-29 14:30:00,14:29,2026-09-29,funabashi,2,30,三連複,5-7-9,760.1,760.1,150,https://www.keiba.go.jp/KeibaWeb/TodayRaceInfo/Odds3LenFuku?k_babaCode=19&k_raceDate=2026%2F09%2F29&k_raceNo=2
2026-09-29 14:30:00,14:29,2026-09-29,funabashi,2,30,三連複,5-8-10,178.8,178.8,61,https://www.keiba.go.jp/KeibaWeb/TodayRaceInfo/Odds3LenFuku?k_babaCode=19&k_raceDate=2026%2F09%2F29&k_raceNo=2
2026-09-29 14:30:00,14:29,2026-09-29,funabashi,2,30,三連複,5-8-11,675.7,675.7,144,https://www.keiba.go.jp/KeibaWeb/TodayRaceInfo/Odds3LenFuku?k_babaCode=19&k_raceDate=2026%2F09%2F29&k_raceNo=2
2026-09-29 14:30:00,14:29,2026-09-29,funabashi,2,30,三連複,5-8-12,357.7,357.7,107,https://www.keiba.go.jp/KeibaWeb/TodayRaceInfo/Odds3LenFuku?k_babaCode=19&k_raceDate=2026%2F09%2F29&k_raceNo=2
2026-09-29 14:30:00,14:29,2026-09-29,funabashi,2,30,三連複,5-8-9,304.0,304.0,88,https://www.keiba.go.jp/KeibaWeb/TodayRaceInfo/Odds3LenFuku?k_babaCode=19&k_raceDate=2026%2F09%2F29&k_raceNo=2
2026-09-29 14:30:00,14:29,2026-09-29,funabashi,2,30,三連複,5-9-10,56.8,56.8,18,https://www.keiba.go.jp/KeibaWeb/TodayRaceInfo/Odds3LenFuku?k_babaCode=19&k_raceDate=2026%2F09%2F29&k_raceNo=2
2026-09-29 14:30:00,14:29,2026-09-29,funabashi,2,30,三連複,5-9-11,68.3,68.3,27,https://www.keiba.go.jp/KeibaWeb/TodayRaceInfo/Odds3LenFuku?k_babaCode=19&k_raceDate=2026%2F09%2F29&k_raceNo=2
2026-09-29 14:30:00,14:29,2026-09-29,funabashi,2,30,三連複,5-9-12,148.3,148.3,50,https://www.keiba.go.jp/KeibaWeb/TodayRaceInfo/Odds3LenFuku?k_babaCode=19&k_raceDate=2026%2F09%2F29&k_raceNo=2
2026-09-29 14:30:00,14:29,2026-09-29,funabashi,2,30,三連複,6-10-11,138.2,138.2,46,https://www.keiba.go.jp/KeibaWeb/TodayRaceInfo/Odds3LenFuku?k_babaCode=19&k_raceDate=2026%2F09%2F29&k_raceNo=2
2026-09-29 14:30:00,14:29,2026-09-29,funabashi,2,30,三連複,6-10-12,98.0,98.0,39,https://www.keiba.go.jp/KeibaWeb/TodayRaceInfo/Odds3LenFuku?k_babaCode=19&k_raceDate=2026%2F09%2F29&k_raceNo=2
2026-09-29 14:30:00,14:29,2026-09-29,funabashi,2,30,三連複,6-11-12,196.1,196.1,69,https://www.keiba.go.jp/KeibaWeb/TodayRaceInfo/Odds3LenFuku?k_babaCode=19&k_raceDate=2026%2F09%2F29&k_raceNo=2
2026-09-29 14:30:00,14:29,2026-09-29,funabashi,2,30,三連複,6-7-10,552.8,552.8,135,https://www.keiba.go.jp/KeibaWeb/TodayRaceInfo/Odds3LenFuku?k_babaCode=19&k_raceDate=2026%2F09%2F29&k_raceNo=2
2026-09-29 14:30:00,14:29,2026-09-29,funabashi,2,30,三連複,6-7-11,2027.1,2027.1,201,https://www.keiba.go.jp/KeibaWeb/TodayRaceInfo/Odds3LenFuku?k_babaCode=19&k_raceDate=2026%2F09%2F29&k_raceNo=2
2026-09-29 14:30:00,14:29,2026-09-29,funabashi,2,30,三連複,6-7-12,1216.2,1216.2,177,https://www.keiba.go.jp/KeibaWeb/TodayRaceInfo/Odds3LenFuku?k_babaCode=19&k_raceDate=2026%2F09%2F29&k_raceNo=2
2026-09-29 14:30:00,14:29,2026-09-29,funabashi,2,30,三連複,6-7-8,3040.6,3040.6,209,https://www.keiba.go.jp/KeibaWeb/TodayRaceInfo/Odds3LenFuku?k_babaCode=19&k_raceDate=2026%2F09%2F29&k_raceNo=2
2026-09-29 14:30:00,14:29,2026-09-29,funabashi,2,30,三連複,6-7-9,1216.2,1216.2,177,https://www.keiba.go.jp/KeibaWeb/TodayRaceInfo/Odds3LenFuku?k_babaCode=19&k_raceDate=2026%2F09%2F29&k_raceNo=2
2026-09-29 14:30:00,14:29,2026-09-29,funabashi,2,30,三連複,6-8-10,178.8,178.8,61,https://www.keiba.go.jp/KeibaWeb/TodayRaceInfo/Odds3LenFuku?k_babaCode=19&k_raceDate=2026%2F09%2F29&k_raceNo=2
2026-09-29 14:30:00,14:29,2026-09-29,funabashi,2,30,三連複,6-8-11,1013.5,1013.5,165,https://www.keiba.go.jp/KeibaWeb/TodayRaceInfo/Odds3LenFuku?k_babaCode=19&k_raceDate=2026%2F09%2F29&k_raceNo=2
2026-09-29 14:30:00,14:29,2026-09-29,funabashi,2,30,三連複,6-8-12,760.1,760.1,150,https://www.keiba.go.jp/KeibaWeb/TodayRaceInfo/Odds3LenFuku?k_babaCode=19&k_raceDate=2026%2F09%2F29&k_raceNo=2
2026-09-29 14:30:00,14:29,2026-09-29,funabashi,2,30,三連複,6-8-9,337.8,337.8,100,https://www.keiba.go.jp/KeibaWeb/TodayRaceInfo/Odds3LenFuku?k_babaCode=19&k_raceDate=2026%2F09%2F29&k_raceNo=2
2026-09-29 14:30:00,14:29,2026-09-29,funabashi,2,30,三連複,6-9-10,168.9,168.9,57,https://www.keiba.go.jp/KeibaWeb/TodayRaceInfo/Odds3LenFuku?k_babaCode=19&k_raceDate=2026%2F09%2F29&k_raceNo=2
2026-09-29 14:30:00,14:29,2026-09-29,funabashi,2,30,三連複,6-9-11,868.7,868.7,157,https://www.keiba.go.jp/KeibaWeb/TodayRaceInfo/Odds3LenFuku?k_babaCode=19&k_raceDate=2026%2F09%2F29&k_raceNo=2
2026-09-29 14:30:00,14:29,2026-09-29,funabashi,2,30,三連複,6-9-12,552.8,552.8,135,https://www.keiba.go.jp/KeibaWeb/TodayRaceInfo/Odds3LenFuku?k_babaCode=19&k_raceDate=2026%2F09%2F29&k_raceNo=2
2026-09-29 14:30:00,14:29,2026-09-29,funabashi,2,30,三連複,7-10-11,467.7,467.7,123,https://www.keiba.go.jp/KeibaWeb/TodayRaceInfo/Odds3LenFuku?k_babaCode=19&k_raceDate=2026%2F09%2F29&k_raceNo=2
2026-09-29 14:30:00,14:29,2026-09-29,funabashi,2,30,三連複,7-10-12,304.0,304.0,88,https://www.keiba.go.jp/KeibaWeb/TodayRaceInfo/Odds3LenFuku?k_babaCode=19&k_raceDate=2026%2F09%2F29&k_raceNo=2
2026-09-29 14:30:00,14:29,2026-09-29,funabashi,2,30,三連複,7-11-12,434.3,434.3,119,https://www.keiba.go.jp/KeibaWeb/TodayRaceInfo/Odds3LenFuku?k_babaCode=19&k_raceDate=2026%2F09%2F29&k_raceNo=2
2026-09-29 14:30:00,14:29,2026-09-29,funabashi,2,30,三連複,7-8-10,380.0,380.0,110,https://www.keiba.go.jp/KeibaWeb/TodayRaceInfo/Odds3LenFuku?k_babaCode=19&k_raceDate=2026%2F09%2F29&k_raceNo=2
2026-09-29 14:30:00,14:29,2026-09-29,funabashi,2,30,三連複,7-8-11,1216.2,1216.2,177,https://www.keiba.go.jp/KeibaWeb/TodayRaceInfo/Odds3LenFuku?k_babaCode=19&k_raceDate=2026%2F09%2F29&k_raceNo=2
2026-09-29 14:30:00,14:29,2026-09-29,funabashi,2,30,三連複,7-8-12,1013.5,1013.5,165,https://www.keiba.go.jp/KeibaWeb/TodayRaceInfo/Odds3LenFuku?k_babaCode=19&k_raceDate=2026%2F09%2F29&k_raceNo=2
2026-09-29 14:30:00,14:29,2026-09-29,funabashi,2,30,三連複,7-8-9,467.7,467.7,123,https://www.keiba.go.jp/KeibaWeb/TodayRaceInfo/Odds3LenFuku?k_babaCode=19&k_raceDate=2026%2F09%2F29&k_raceNo=2
2026-09-29 14:30:00,14:29,2026-09-29,funabashi,2,30,三連複,7-9-10,253.3,253.3,77,https://www.keiba.go.jp/KeibaWeb/TodayRaceInfo/Odds3LenFuku?k_babaCode=19&k_raceDate=2026%2F09%2F29&k_raceNo=2
2026-09-29 14:30:00,14:29,2026-09-29,funabashi,2,30,三連複,7-9-11,1013.5,1013.5,165,https://www.keiba.go.jp/KeibaWeb/TodayRaceInfo/Odds3LenFuku?k_babaCode=19&k_raceDate=2026%2F09%2F29&k_raceNo=2
2026-09-29 14:30:00,14:29,2026-09-29,funabashi,2,30,三連複,7-9-12,675.7,675.7,144,https://www.keiba.go.jp/KeibaWeb/TodayRaceInfo/Odds3LenFuku?k_babaCode=19&k_raceDate=2026%2F09%2F29&k_raceNo=2
2026-09-29 14:30:00,14:29,2026-09-29,funabashi,2,30,三連複,8-10-11,164.3,164.3,54,https://www.keiba.go.jp/KeibaWeb/TodayRaceInfo/Odds3LenFuku?k_babaCode=19&k_raceDate=2026%2F09%2F29&k_raceNo=2
2026-09-29 14:30:00,14:29,2026-09-29,funabashi,2,30,三連複,8-10-12,92.1,92.1,37,https://www.keiba.go.jp/KeibaWeb/TodayRaceInfo/Odds3LenFuku?k_babaCode=19&k_raceDate=2026%2F09%2F29&k_raceNo=2
2026-09-29 14:30:00,14:29,2026-09-29,funabashi,2,30,三連複,8-11-12,304.0,304.0,88,https://www.keiba.go.jp/KeibaWeb/TodayRaceInfo/Odds3LenFuku?k_babaCode=19&k_raceDate=2026%2F09%2F29&k_raceNo=2
2026-09-29 14:30:00,14:29,2026-09-29,funabashi,2,30,三連複,8-9-10,86.8,86.8,33,https://www.keiba.go.jp/KeibaWeb/TodayRaceInfo/Odds3LenFuku?k_babaCode=19&k_raceDate=2026%2F09%2F29&k_raceNo=2
2026-09-29 14:30:00,14:29,2026-09-29,funabashi,2,30,三連複,8-9-11,289.5,289.5,83,https://www.keiba.go.jp/KeibaWeb/TodayRaceInfo/Odds3LenFuku?k_babaCode=19&k_raceDate=2026%2F09%2F29&k_raceNo=2
2026-09-29 14:30:00,14:29,2026-09-29,funabashi,2,30,三連複,8-9-12,320.0,320.0,96,https://www.keiba.go.jp/KeibaWeb/TodayRaceInfo/Odds3LenFuku?k_babaCode=19&k_raceDate=2026%2F09%2F29&k_raceNo=2
2026-09-29 14:30:00,14:29,2026-09-29,funabashi,2,30,三連複,9-10-11,36.1,36.1,12,https://www.keiba.go.jp/KeibaWeb/TodayRaceInfo/Odds3LenFuku?k_babaCode=19&k_raceDate=2026%2F09%2F29&k_raceNo=2
2026-09-29 14:30:00,14:29,2026-09-29,funabashi,2,30,三連複,9-10-12,39.7,39.7,13,https://www.keiba.go.jp/KeibaWeb/TodayRaceInfo/Odds3LenFuku?k_babaCode=19&k_raceDate=2026%2F09%2F29&k_raceNo=2
2026-09-29 14:30:00,14:29,2026-09-29,funabashi,2,30,三連複,9-11-12,66.1,66.1,26,https://www.keiba.go.jp/KeibaWeb/TodayRaceInfo/Odds3LenFuku?k_babaCode=19&k_raceDate=2026%2F09%2F29&k_raceNo=2
2026-09-29 14:30:00,14:29,2026-09-29,funabashi,2,30,馬連,1-10,85.7,85.7,26,https://www.keiba.go.jp/KeibaWeb/TodayRaceInfo/OddsUmLenFuku?k_babaCode=19&k_raceDate=2026%2F09%2F29&k_raceNo=2
2026-09-29 14:30:00,14:29,2026-09-29,funabashi,2,30,馬連,1-11,85.7,85.7,26,https://www.keiba.go.jp/KeibaWeb/TodayRaceInfo/OddsUmLenFuku?k_babaCode=19&k_raceDate=2026%2F09%2F29&k_raceNo=2
2026-09-29 14:30:00,14:29,2026-09-29,funabashi,2,30,馬連,1-12,55.1,55.1,17,https://www.keiba.go.jp/KeibaWeb/TodayRaceInfo/OddsUmLenFuku?k_babaCode=19&k_raceDate=2026%2F09%2F29&k_raceNo=2
2026-09-29 14:30:00,14:29,2026-09-29,funabashi,2,30,馬連,1-2,1029.0,1029.0,64,https://www.keiba.go.jp/KeibaWeb/TodayRaceInfo/OddsUmLenFuku?k_babaCode=19&k_raceDate=2026%2F09%2F29&k_raceNo=2
2026-09-29 14:30:00,14:29,2026-09-29,funabashi,2,30,馬連,1-3,147.0,147.0,38,https://www.keiba.go.jp/KeibaWeb/TodayRaceInfo/OddsUmLenFuku?k_babaCode=19&k_raceDate=2026%2F09%2F29&k_raceNo=2
2026-09-29 14:30:00,14:29,2026-09-29,funabashi,2,30,馬連,1-4,40.0,40.0,13,https://www.keiba.go.jp/KeibaWeb/TodayRaceInfo/OddsUmLenFuku?k_babaCode=19&k_raceDate=2026%2F09%2F29&k_raceNo=2
2026-09-29 14:30:00,14:29,2026-09-29,funabashi,2,30,馬連,1-5,68.6,68.6,23,https://www.keiba.go.jp/KeibaWeb/TodayRaceInfo/OddsUmLenFuku?k_babaCode=19&k_raceDate=2026%2F09%2F29&k_raceNo=2
2026-09-29 14:30:00,14:29,2026-09-29,funabashi,2,30,馬連,1-6,99.5,99.5,31,https://www.keiba.go.jp/KeibaWeb/TodayRaceInfo/OddsUmLenFuku?k_babaCode=19&k_raceDate=2026%2F09%2F29&k_raceNo=2
2026-09-29 14:30:00,14:29,2026-09-29,funabashi,2,30,馬連,1-7,771.7,771.7,63,https://www.keiba.go.jp/KeibaWeb/TodayRaceInfo/OddsUmLenFuku?k_babaCode=19&k_raceDate=2026%2F09%2F29&k_raceNo=2
2026-09-29 14:30:00,14:29,2026-09-29,funabashi,2,30,馬連,1-8,308.7,308.7,51,https://www.keiba.go.jp/KeibaWeb/TodayRaceInfo/OddsUmLenFuku?k_babaCode=19&k_raceDate=2026%2F09%2F29&k_raceNo=2
2026-09-29 14:30:00,14:29,2026-09-29,funabashi,2,30,馬連,1-9,385.8,385.8,54,https://www.keiba.go.jp/KeibaWeb/TodayRaceInfo/OddsUmLenFuku?k_babaCode=19&k_raceDate=2026%2F09%2F29&k_raceNo=2
2026-09-29 14:30:00,14:29,2026-09-29,funabashi,2,30,馬連,10-11,19.0,19.0,7,https://www.keiba.go.jp/KeibaWeb/TodayRaceInfo/OddsUmLenFuku?k_babaCode=19&k_raceDate=2026%2F09%2F29&k_raceNo=2
2026-09-29 14:30:00,14:29,2026-09-29,funabashi,2,30,馬連,10-12,20.3,20.3,8,https://www.keiba.go.jp/KeibaWeb/TodayRaceInfo/OddsUmLenFuku?k_babaCode=19&k_raceDate=2026%2F09%2F29&k_raceNo=2
2026-09-29 14:30:00,14:29,2026-09-29,funabashi,2,30,馬連,11-12,13.3,13.3,5,https://www.keiba.go.jp/KeibaWeb/TodayRaceInfo/OddsUmLenFuku?k_babaCode=19&k_raceDate=2026%2F09%2F29&k_raceNo=2
2026-09-29 14:30:00,14:29,2026-09-29,funabashi,2,30,馬連,2-10,171.5,171.5,41,https://www.keiba.go.jp/KeibaWeb/TodayRaceInfo/OddsUmLenFuku?k_babaCode=19&k_raceDate=2026%2F09%2F29&k_raceNo=2
2026-09-29 14:30:00,14:29,2026-09-29,funabashi,2,30,馬連,2-11,257.2,257.2,49,https://www.keiba.go.jp/KeibaWeb/TodayRaceInfo/OddsUmLenFuku?k_babaCode=19&k_raceDate=2026%2F09%2F29&k_raceNo=2
2026-09-29 14:30:00,14:29,2026-09-29,funabashi,2,30,馬連,2-12,220.5,220.5,46,https://www.keiba.go.jp/KeibaWeb/TodayRaceInfo/OddsUmLenFuku?k_babaCode=19&k_raceDate=2026%2F09%2F29&k_raceNo=2
2026-09-29 14:30:00,14:29,2026-09-29,funabashi,2,30,馬連,2-3,1543.5,1543.5,66,https://www.keiba.go.jp/KeibaWeb/TodayRaceInfo/OddsUmLenFuku?k_babaCode=19&k_raceDate=2026%2F09%2F29&k_raceNo=2
2026-09-29 14:30:00,14:29,2026-09-29,funabashi,2,30,馬連,2-4,257.2,257.2,49,https://www.keiba.go.jp/KeibaWeb/TodayRaceInfo/OddsUmLenFuku?k_babaCode=19&k_raceDate=2026%2F09%2F29&k_raceNo=2
2026-09-29 14:30:00,14:29,2026-09-29,funabashi,2,30,馬連,2-5,147.0,147.0,38,https://www.keiba.go.jp/KeibaWeb/TodayRaceInfo/OddsUmLenFuku?k_babaCode=19&k_raceDate=2026%2F09%2F29&k_raceNo=2
2026-09-29 14:30:00,14:29,2026-09-29,funabashi,2,30,馬連,2-6,617.4,617.4,61,https://www.keiba.go.jp/KeibaWeb/TodayRaceInfo/OddsUmLenFuku?k_babaCode=19&k_raceDate=2026%2F09%2F29&k_raceNo=2
2026-09-29 14:30:00,14:29,2026-09-29,funabashi,2,30,馬連,2-7,617.4,617.4,61,https://www.keiba.go.jp/KeibaWeb/TodayRaceInfo/OddsUmLenFuku?k_babaCode=19&k_raceDate=2026%2F09%2F29&k_raceNo=2
2026-09-29 14:30:00,14:29,2026-09-29,funabashi,2,30,馬連,2-8,154.3,154.3,40,https://www.keiba.go.jp/KeibaWeb/TodayRaceInfo/OddsUmLenFuku?k_babaCode=19&k_raceDate=2026%2F09%2F29&k_raceNo=2
2026-09-29 14:30:00,14:29,2026-09-29,funabashi,2,30,馬連,2-9,308.7,308.7,51,https://www.keiba.go.jp/KeibaWeb/TodayRaceInfo/OddsUmLenFuku?k_babaCode=19&k_raceDate=2026%2F09%2F29&k_raceNo=2
2026-09-29 14:30:00,14:29,2026-09-29,funabashi,2,30,馬連,3-10,46.0,46.0,15,https://www.keiba.go.jp/KeibaWeb/TodayRaceInfo/OddsUmLenFuku?k_babaCode=19&k_raceDate=2026%2F09%2F29&k_raceNo=2
2026-09-29 14:30:00,14:29,2026-09-29,funabashi,2,30,馬連,3-11,64.3,64.3,22,https://www.keiba.go.jp/KeibaWeb/TodayRaceInfo/OddsUmLenFuku?k_babaCode=19&k_raceDate=2026%2F09%2F29&k_raceNo=2
2026-09-29 14:30:00,14:29,2026-09-29,funabashi,2,30,馬連,3-12,61.7,61.7,21,https://www.keiba.go.jp/KeibaWeb/TodayRaceInfo/OddsUmLenFuku?k_babaCode=19&k_raceDate=2026%2F09%2F29&k_raceNo=2
2026-09-29 14:30:00,14:29,2026-09-29,funabashi,2,30,馬連,3-4,16.5,16.5,6,https://www.keiba.go.jp/KeibaWeb/TodayRaceInfo/OddsUmLenFuku?k_babaCode=19&k_raceDate=2026%2F09%2F29&k_raceNo=2
2026-09-29 14:30:00,14:29,2026-09-29,funabashi,2,30,馬連,3-5,58.2,58.2,20,https://www.keiba.go.jp/KeibaWeb/TodayRaceInfo/OddsUmLenFuku?k_babaCode=19&k_raceDate=2026%2F09%2F29&k_raceNo=2
2026-09-29 14:30:00,14:29,2026-09-29,funabashi,2,30,馬連,3-6,88.2,88.2,28,https://www.keiba.go.jp/KeibaWeb/TodayRaceInfo/OddsUmLenFuku?k_babaCode=19&k_raceDate=2026%2F09%2F29&k_raceNo=2
2026-09-29 14:30:00,14:29,2026-09-29,funabashi,2,30,馬連,3-7,514.5,514.5,59,https://www.keiba.go.jp/KeibaWeb/TodayRaceInfo/OddsUmLenFuku?k_babaCode=19&k_raceDate=2026%2F09%2F29&k_raceNo=2
2026-09-29 14:30:00,14:29,2026-09-29,funabashi,2,30,馬連,3-8,441.0,441.0,58,https://www.keiba.go.jp/KeibaWeb/TodayRaceInfo/OddsUmLenFuku?k_babaCode=19&k_raceDate=2026%2F09%2F29&k_raceNo=2
2026-09-29 14:30:00,14:29,2026-09-29,funabashi,2,30,馬連,3-9,171.5,171.5,41,https://www.keiba.go.jp/KeibaWeb/TodayRaceInfo/OddsUmLenFuku?k_babaCode=19&k_raceDate=2026%2F09%2F29&k_raceNo=2
2026-09-29 14:30:00,14:29,2026-09-29,funabashi,2,30,馬連,4-10,7.5,7.5,2,https://www.keiba.go.jp/KeibaWeb/TodayRaceInfo/OddsUmLenFuku?k_babaCode=19&k_raceDate=2026%2F09%2F29&k_raceNo=2
2026-09-29 14:30:00,14:29,2026-09-29,funabashi,2,30,馬連,4-11,6.8,6.8,1,https://www.keiba.go.jp/KeibaWeb/TodayRaceInfo/OddsUmLenFuku?k_babaCode=19&k_raceDate=2026%2F09%2F29&k_raceNo=2
2026-09-29 14:30:00,14:29,2026-09-29,funabashi,2,30,馬連,4-12,10.4,10.4,4,https://www.keiba.go.jp/KeibaWeb/TodayRaceInfo/OddsUmLenFuku?k_babaCode=19&k_raceDate=2026%2F09%2F29&k_raceNo=2
2026-09-29 14:30:00,14:29,2026-09-29,funabashi,2,30,馬連,4-5,8.6,8.6,3,https://www.keiba.go.jp/KeibaWeb/TodayRaceInfo/OddsUmLenFuku?k_babaCode=19&k_raceDate=2026%2F09%2F29&k_raceNo=2
2026-09-29 14:30:00,14:29,2026-09-29,funabashi,2,30,馬連,4-6,42.8,42.8,14,https://www.keiba.go.jp/KeibaWeb/TodayRaceInfo/OddsUmLenFuku?k_babaCode=19&k_raceDate=2026%2F09%2F29&k_raceNo=2
2026-09-29 14:30:00,14:29,2026-09-29,funabashi,2,30,馬連,4-7,171.5,171.5,41,https://www.keiba.go.jp/KeibaWeb/TodayRaceInfo/OddsUmLenFuku?k_babaCode=19&k_raceDate=2026%2F09%2F29&k_raceNo=2
2026-09-29 14:30:00,14:29,2026-09-29,funabashi,2,30,馬連,4-8,102.9,102.9,32,https://www.keiba.go.jp/KeibaWeb/TodayRaceInfo/OddsUmLenFuku?k_babaCode=19&k_raceDate=2026%2F09%2F29&k_raceNo=2
2026-09-29 14:30:00,14:29,2026-09-29,funabashi,2,30,馬連,4-9,57.1,57.1,19,https://www.keiba.go.jp/KeibaWeb/TodayRaceInfo/OddsUmLenFuku?k_babaCode=19&k_raceDate=2026%2F09%2F29&k_raceNo=2
2026-09-29 14:30:00,14:29,2026-09-29,funabashi,2,30,馬連,5-10,27.3,27.3,11,https://www.keiba.go.jp/KeibaWeb/TodayRaceInfo/OddsUmLenFuku?k_babaCode=19&k_raceDate=2026%2F09%2F29&k_raceNo=2
2026-09-29 14:30:00,14:29,2026-09-29,funabashi,2,30,馬連,5-11,23.7,23.7,9,https://www.keiba.go.jp/KeibaWeb/TodayRaceInfo/OddsUmLenFuku?k_babaCode=19&k_raceDate=2026%2F09%2F29&k_raceNo=2
2026-09-29 14:30:00,14:29,2026-09-29,funabashi,2,30,馬連,5-12,25.0,25.0,10,https://www.keiba.go.jp/KeibaWeb/TodayRaceInfo/OddsUmLenFuku?k_babaCode=19&k_raceDate=2026%2F09%2F29&k_raceNo=2
2026-09-29 14:30:00,14:29,2026-09-29,funabashi,2,30,馬連,5-6,90.7,90.7,29,https://www.keiba.go.jp/KeibaWeb/TodayRaceInfo/OddsUmLenFuku?k_babaCode=19&k_raceDate=2026%2F09%2F29&k_raceNo=2
2026-09-29 14:30:00,14:29,2026-09-29,funabashi,2,30,馬連,5-7,385.8,385.8,54,https://www.keiba.go.jp/KeibaWeb/TodayRaceInfo/OddsUmLenFuku?k_babaCode=19&k_raceDate=2026%2F09%2F29&k_raceNo=2
2026-09-29 14:30:00,14:29,2026-09-29,funabashi,2,30,馬連,5-8,102.9,102.9,32,https://www.keiba.go.jp/KeibaWeb/TodayRaceInfo/OddsUmLenFuku?k_babaCode=19&k_raceDate=2026%2F09%2F29&k_raceNo=2
2026-09-29 14:30:00,14:29,2026-09-29,funabashi,2,30,馬連,5-9,71.7,71.7,25,https://www.keiba.go.jp/KeibaWeb/TodayRaceInfo/OddsUmLenFuku?k_babaCode=19&k_raceDate=2026%2F09%2F29&k_raceNo=2
2026-09-29 14:30:00,14:29,2026-09-29,funabashi,2,30,馬連,6-10,68.6,68.6,23,https://www.keiba.go.jp/KeibaWeb/TodayRaceInfo/OddsUmLenFuku?k_babaCode=19&k_raceDate=2026%2F09%2F29&k_raceNo=2
2026-09-29 14:30:00,14:29,2026-09-29,funabashi,2,30,馬連,6-11,106.4,106.4,34,https://www.keiba.go.jp/KeibaWeb/TodayRaceInfo/OddsUmLenFuku?k_babaCode=19&k_raceDate=2026%2F09%2F29&k_raceNo=2
2026-09-29 14:30:00,14:29,2026-09-29,funabashi,2,30,馬連,6-12,134.2,134.2,37,https://www.keiba.go.jp/KeibaWeb/TodayRaceInfo/OddsUmLenFuku?k_babaCode=19&k_raceDate=2026%2F09%2F29&k_raceNo=2
2026-09-29 14:30:00,14:29,2026-09-29,funabashi,2,30,馬連,6-7,1029.0,1029.0,64,https://www.keiba.go.jp/KeibaWeb/TodayRaceInfo/OddsUmLenFuku?k_babaCode=19&k_raceDate=2026%2F09%2F29&k_raceNo=2
2026-09-29 14:30:00,14:29,2026-09-29,funabashi,2,30,馬連,6-8,181.5,181.5,45,https://www.keiba.go.jp/KeibaWeb/TodayRaceInfo/OddsUmLenFuku?k_babaCode=19&k_raceDate=2026%2F09%2F29&k_raceNo=2
2026-09-29 14:30:00,14:29,2026-09-29,funabashi,2,30,馬連,6-9,171.5,171.5,41,https://www.keiba.go.jp/KeibaWeb/TodayRaceInfo/OddsUmLenFuku?k_babaCode=19&k_raceDate=2026%2F09%2F29&k_raceNo=2
2026-09-29 14:30:00,14:29,2026-09-29,funabashi,2,30,馬連,7-10,237.4,237.4,48,https://www.keiba.go.jp/KeibaWeb/TodayRaceInfo/OddsUmLenFuku?k_babaCode=19&k_raceDate=2026%2F09%2F29&k_raceNo=2
2026-09-29 14:30:00,14:29,2026-09-29,funabashi,2,30,馬連,7-11,385.8,385.8,54,https://www.keiba.go.jp/KeibaWeb/TodayRaceInfo/OddsUmLenFuku?k_babaCode=19&k_raceDate=2026%2F09%2F29&k_raceNo=2
2026-09-29 14:30:00,14:29,2026-09-29,funabashi,2,30,馬連,7-12,385.8,385.8,54,https://www.keiba.go.jp/KeibaWeb/TodayRaceInfo/OddsUmLenFuku?k_babaCode=19&k_raceDate=2026%2F09%2F29&k_raceNo=2
2026-09-29 14:30:00,14:29,2026-09-29,funabashi,2,30,馬連,7-8,514.5,514.5,59,https://www.keiba.go.jp/KeibaWeb/TodayRaceInfo/OddsUmLenFuku?k_babaCode=19&k_raceDate=2026%2F09%2F29&k_raceNo=2
2026-09-29 14:30:00,14:29,2026-09-29,funabashi,2,30,馬連,7-9,343.0,343.0,53,https://www.keiba.go.jp/KeibaWeb/TodayRaceInfo/OddsUmLenFuku?k_babaCode=19&k_raceDate=2026%2F09%2F29&k_raceNo=2
2026-09-29 14:30:00,14:29,2026-09-29,funabashi,2,30,馬連,8-10,47.4,47.4,16,https://www.keiba.go.jp/KeibaWeb/TodayRaceInfo/OddsUmLenFuku?k_babaCode=19&k_raceDate=2026%2F09%2F29&k_raceNo=2
2026-09-29 14:30:00,14:29,2026-09-29,funabashi,2,30,馬連,8-11,110.2,110.2,35,https://www.keiba.go.jp/KeibaWeb/TodayRaceInfo/OddsUmLenFuku?k_babaCode=19&k_raceDate=2026%2F09%2F29&k_raceNo=2
2026-09-29 14:30:00,14:29,2026-09-29,funabashi,2,30,馬連,8-12,114.3,114.3,36,https://www.keiba.go.jp/KeibaWeb/TodayRaceInfo/OddsUmLenFuku?k_babaCode=19&k_raceDate=2026%2F09%2F29&k_raceNo=2
2026-09-29 14:30:00,14:29,2026-09-29,funabashi,2,30,馬連,8-9,220.5,220.5,46,https://www.keiba.go.jp/KeibaWeb/TodayRaceInfo/OddsUmLenFuku?k_babaCode=19&k_raceDate=2026%2F09%2F29&k_raceNo=2
2026-09-29 14:30:00,14:29,2026-09-29,funabashi,2,30,馬連,9-10,36.3,36.3,12,https://www.keiba.go.jp/KeibaWeb/TodayRaceInfo/OddsUmLenFuku?k_babaCode=19&k_raceDate=2026%2F09%2F29&k_raceNo=2
2026-09-29 14:30:00,14:29,2026-09-29,funabashi,2,30,馬連,9-11,55.1,55.1,17,https://www.keiba.go.jp/KeibaWeb/TodayRaceInfo/OddsUmLenFuku?k_babaCode=19&k_raceDate=2026%2F09%2F29&k_raceNo=2
2026-09-29 14:30:00,14:29,2026-09-29,funabashi,2,30,馬連,9-12,93.5,93.5,30,https://www.keiba.go.jp/KeibaWeb/TodayRaceInfo/OddsUmLenFuku?k_babaCode=19&k_raceDate=2026%2F09%2F29&k_raceNo=2
2026-09-29 14:45:00,14:44,2026-09-29,funabashi,2,15,ワイド,1-10,18.2,20.0,25,https://www.keiba.go.jp/KeibaWeb/TodayRaceInfo/OddsWide?k_babaCode=19&k_raceDate=2026%2F09%2F29&k_raceNo=2
2026-09-29 14:45:00,14:44,2026-09-29,funabashi,2,15,ワイド,1-11,15.9,17.1,21,https://www.keiba.go.jp/KeibaWeb/TodayRaceInfo/OddsWide?k_babaCode=19&k_raceDate=2026%2F09%2F29&k_raceNo=2
2026-09-29 14:45:00,14:44,2026-09-29,funabashi,2,15,ワイド,1-12,16.5,17.8,22,https://www.keiba.go.jp/KeibaWeb/TodayRaceInfo/OddsWide?k_babaCode=19&k_raceDate=2026%2F09%2F29&k_raceNo=2
2026-09-29 14:45:00,14:44,2026-09-29,funabashi,2,15,ワイド,1-2,139.9,143.7,61,https://www.keiba.go.jp/KeibaWeb/TodayRaceInfo/OddsWide?k_babaCode=19&k_raceDate=2026%2F09%2F29&k_raceNo=2
2026-09-29 14:45:00,14:44,2026-09-29,funabashi,2,15,ワイド,1-3,24.1,25.2,30,https://www.keiba.go.jp/KeibaWeb/TodayRaceInfo/OddsWide?k_babaCode=19&k_raceDate=2026%2F09%2F29&k_raceNo=2
2026-09-29 14:45:00,14:44,2026-09-29,funabashi,2,15,ワイド,1-4,9.5,10.4,12,https://www.keiba.go.jp/KeibaWeb/TodayRaceInfo/OddsWide?k_babaCode=19&k_raceDate=2026%2F09%2F29&k_raceNo=2
2026-09-29 14:45:00,14:44,2026-09-29,funabashi,2,15,ワイド,1-5,17.2,19.1,23,https://www.keiba.go.jp/KeibaWeb/TodayRaceInfo/OddsWide?k_babaCode=19&k_raceDate=2026%2F09%2F29&k_raceNo=2
2026-09-29 14:45:00,14:44,2026-09-29,funabashi,2,15,ワイド,1-6,64.2,66.5,46,https://www.keiba.go.jp/KeibaWeb/TodayRaceInfo/OddsWide?k_babaCode=19&k_raceDate=2026%2F09%2F29&k_raceNo=2
2026-09-29 14:45:00,14:44,2026-09-29,funabashi,2,15,ワイド,1-7,179.4,184.6,65,https://www.keiba.go.jp/KeibaWeb/TodayRaceInfo/OddsWide?k_babaCode=19&k_raceDate=2026%2F09%2F29&k_raceNo=2
2026-09-29 14:45:00,14:44,2026-09-29,funabashi,2,15,ワイド,1-8,30.6,31.8,34,https://www.keiba.go.jp/KeibaWeb/TodayRaceInfo/OddsWide?k_babaCode=19&k_raceDate=2026%2F09%2F29&k_raceNo=2
2026-09-29 14:45:00,14:44,2026-09-29,funabashi,2,15,ワイド,1-9,37.1,39.4,37,https://www.keiba.go.jp/KeibaWeb/TodayRaceInfo/OddsWide?k_babaCode=19&k_raceDate=2026%2F09%2F29&k_raceNo=2
2026-09-29 14:45:00,14:44,2026-09-29,funabashi,2,15,ワイド,10-11,4.9,5.4,5,https://www.keiba.go.jp/KeibaWeb/TodayRaceInfo/OddsWide?k_babaCode=19&k_raceDate=2026%2F09%2F29&k_raceNo=2
2026-09-29 14:45:00,14:44,2026-09-29,funabashi,2,15,ワイド,10-12,5.2,5.8,8,https://www.keiba.go.jp/KeibaWeb/TodayRaceInfo/OddsWide?k_babaCode=19&k_raceDate=2026%2F09%2F29&k_raceNo=2
2026-09-29 14:45:00,14:44,2026-09-29,funabashi,2,15,ワイド,11-12,5.0,5.5,6,https://www.keiba.go.jp/KeibaWeb/TodayRaceInfo/OddsWide?k_babaCode=19&k_raceDate=2026%2F09%2F29&k_raceNo=2
2026-09-29 14:45:00,14:44,2026-09-29,funabashi,2,15,ワイド,2-10,75.2,81.0,47,https://www.keiba.go.jp/KeibaWeb/TodayRaceInfo/OddsWide?k_babaCode=19&k_raceDate=2026%2F09%2F29&k_raceNo=2
2026-09-29 14:45:00,14:44,2026-09-29,funabashi,2,15,ワイド,2-11,79.4,83.5,51,https://www.keiba.go.jp/KeibaWeb/TodayRaceInfo/OddsWide?k_babaCode=19&k_raceDate=2026%2F09%2F29&k_raceNo=2
2026-09-29 14:45:00,14:44,2026-09-29,funabashi,2,15,ワイド,2-12,106.0,112.5,58,https://www.keiba.go.jp/KeibaWeb/TodayRaceInfo/OddsWide?k_babaCode=19&k_raceDate=2026%2F09%2F29&k_raceNo=2
2026-09-29 14:45:00,14:44,2026-09-29,funabashi,2,15,ワイド,2-3,168.1,172.4,64,https://www.keiba.go.jp/KeibaWeb/TodayRaceInfo/OddsWide?k_babaCode=19&k_raceDate=2026%2F09%2F29&k_raceNo=2
2026-09-29 14:45:00,14:44,2026-09-29,funabashi,2,15,ワイド,2-4,58.2,63.1,45,https://www.keiba.go.jp/KeibaWeb/TodayRaceInfo/OddsWide?k_babaCode=19&k_raceDate=2026%2F09%2F29&k_raceNo=2
2026-09-29 14:45:00,14:44,2026-09-29,funabashi,2,15,ワイド,2-5,103.3,112.4,56,https://www.keiba.go.jp/KeibaWeb/TodayRaceInfo/OddsWide?k_babaCode=19&k_raceDate=2026%2F09%2F29&k_raceNo=2
2026-09-29 14:45:00,14:44,2026-09-29,funabashi,2,15,ワイド,2-6,149.8,152.0,62,https://www.keiba.go.jp/KeibaWeb/TodayRaceInfo/OddsWide?k_babaCode=19&k_raceDate=2026%2F09%2F29&k_raceNo=2
2026-09-29 14:45:00,14:44,2026-09-29,funabashi,2,15,ワイド,2-7,366.1,368.5,66,https://www.keiba.go.jp/KeibaWeb/TodayRaceInfo/OddsWide?k_babaCode=19&k_raceDate=2026%2F09%2F29&k_raceNo=2
2026-09-29 14:45:00,14:44,2026-09-29,funabashi,2,15,ワイド,2-8,101.5,103.5,55,https://www.keiba.go.jp/KeibaWeb/TodayRaceInfo/OddsWide?k_babaCode=19&k_raceDate=2026%2F09%2F29&k_raceNo=2
2026-09-29 14:45:00,14:44,2026-09-29,funabashi,2,15,ワイド,2-9,76.8,80.9,48,https://www.keiba.go.jp/KeibaWeb/TodayRaceInfo/OddsWide?k_babaCode=19&k_raceDate=2026%2F09%2F29&k_raceNo=2
2026-09-29 14:45:00,14:44,2026-09-29,funabashi,2,15,ワイド,3-10,25.7,28.1,31,https://www.keiba.go.jp/KeibaWeb/TodayRaceInfo/OddsWide?k_babaCode=19&k_raceDate=2026%2F09%2F29&k_raceNo=2
2026-09-29 14:45:00,14:44,2026-09-29,funabashi,2,15,ワイド,3-11,21.5,23.0,29,https://www.keiba.go.jp/KeibaWeb/TodayRaceInfo/OddsWide?k_babaCode=19&k_raceDate=2026%2F09%2F29&k_raceNo=2
2026-09-29 14:45:00,14:44,2026-09-29,funabashi,2,15,ワイド,3-12,15.8,17.1,20,https://www.keiba.go.jp/KeibaWeb/TodayRaceInfo/OddsWide?k_babaCode=19&k_raceDate=2026%2F09%2F29&k_raceNo=2
2026-09-29 14:45:00,14:44,2026-09-29,funabashi,2,15,ワイド,3-4,10.2,11.2,13,https://www.keiba.go.jp/KeibaWeb/TodayRaceInfo/OddsWide?k_babaCode=19&k_raceDate=2026%2F09%2F29&k_raceNo=2
2026-09-29 14:45:00,14:44,2026-09-29,funabashi,2,15,ワイド,3-5,12.9,14.3,16,https://www.keiba.go.jp/KeibaWeb/TodayRaceInfo/OddsWide?k_babaCode=19&k_raceDate=2026%2F09%2F29&k_raceNo=2
2026-09-29 14:45:00,14:44,2026-09-29,funabashi,2,15,ワイド,3-6,57.0,59.0,43,https://www.keiba.go.jp/KeibaWeb/TodayRaceInfo/OddsWide?k_babaCode=19&k_raceDate=2026%2F09%2F29&k_raceNo=2
2026-09-29 14:45:00,14:44,2026-09-29,funabashi,2,15,ワイド,3-7,157.3,161.6,63,https://www.keiba.go.jp/KeibaWeb/TodayRaceInfo/OddsWide?k_babaCode=19&k_raceDate=2026%2F09%2F29&k_raceNo=2
2026-09-29 14:45:00,14:44,2026-09-29,funabashi,2,15,ワイド,3-8,77.8,80.9,49,https://www.keiba.go.jp/KeibaWeb/TodayRaceInfo/OddsWide?k_babaCode=19&k_raceDate=2026%2F09%2F29&k_raceNo=2
2026-09-29 14:45:00,14:44,2026-09-29,funabashi,2,15,ワイド,3-9,52.1,55.2,41,https://www.keiba.go.jp/KeibaWeb/TodayRaceInfo/OddsWide?k_babaCode=19&k_raceDate=2026%2F09%2F29&k_raceNo=2
2026-09-29 14:45:00,14:44,2026-09-29,funabashi,2,15,ワイド,4-10,3.6,4.0,2,https://www.keiba.go.jp/KeibaWeb/TodayRaceInfo/OddsWide?k_babaCode=19&k_raceDate=2026%2F09%2F29&k_raceNo=2
2026-09-29 14:45:00,14:44,2026-09-29,funabashi,2,15,ワイド,4-11,5.2,5.8,9,https://www.keiba.go.jp/KeibaWeb/TodayRaceInfo/OddsWide?k_babaCode=19&k_raceDate=2026%2F09%2F29&k_raceNo=2
2026-09-29 14:45:00,14:44,2026-09-29,funabashi,2,15,ワイド,4-12,4.3,4.9,3,https://www.keiba.go.jp/KeibaWeb/TodayRaceInfo/OddsWide?k_babaCode=19&k_raceDate=2026%2F09%2F29&k_raceNo=2
2026-09-29 14:45:00,14:44,2026-09-29,funabashi,2,15,ワイド,4-5,3.2,3.5,1,https://www.keiba.go.jp/KeibaWeb/TodayRaceInfo/OddsWide?k_babaCode=19&k_raceDate=2026%2F09%2F29&k_raceNo=2
2026-09-29 14:45:00,14:44,2026-09-29,funabashi,2,15,ワイド,4-6,17.3,18.8,24,https://www.keiba.go.jp/KeibaWeb/TodayRaceInfo/OddsWide?k_babaCode=19&k_raceDate=2026%2F09%2F29&k_raceNo=2
2026-09-29 14:45:00,14:44,2026-09-29,funabashi,2,15,ワイド,4-7,41.3,44.8,39,https://www.keiba.go.jp/KeibaWeb/TodayRaceInfo/OddsWide?k_babaCode=19&k_raceDate=2026%2F09%2F29&k_raceNo=2
2026-09-29 14:45:00,14:44,2026-09-29,funabashi,2,15,ワイド,4-8,12.8,13.9,15,https://www.keiba.go.jp/KeibaWeb/TodayRaceInfo/OddsWide?k_babaCode=19&k_raceDate=2026%2F09%2F29&k_raceNo=2
2026-09-29 14:45:00,14:44,2026-09-29,funabashi,2,15,ワイド,4-9,12.9,14.5,17,https://www.keiba.go.jp/KeibaWeb/TodayRaceInfo/OddsWide?k_babaCode=19&k_raceDate=2026%2F09%2F29&k_raceNo=2
2026-09-29 14:45:00,14:44,2026-09-29,funabashi,2,15,ワイド,5-10,7.1,8.3,11,https://www.keiba.go.jp/KeibaWeb/TodayRaceInfo/OddsWide?k_babaCode=19&k_raceDate=2026%2F09%2F29&k_raceNo=2
2026-09-29 14:45:00,14:44,2026-09-29,funabashi,2,15,ワイド,5-11,6.4,7.2,10,https://www.keiba.go.jp/KeibaWeb/TodayRaceInfo/OddsWide?k_babaCode=19&k_raceDate=2026%2F09%2F29&k_raceNo=2
2026-09-29 14:45:00,14:44,2026-09-29,funabashi,2,15,ワイド,5-12,5.0,5.7,7,https://www.keiba.go.jp/KeibaWeb/TodayRaceInfo/OddsWide?k_babaCode=19&k_raceDate=2026%2F09%2F29&k_raceNo=2
2026-09-29 14:45:00,14:44,2026-09-29,funabashi,2,15,ワイド,5-6,27.7,30.4,33,https://www.keiba.go.jp/KeibaWeb/TodayRaceInfo/OddsWide?k_babaCode=19&k_raceDate=2026%2F09%2F29&k_raceNo=2
2026-09-29 14:45:00,14:44,2026-09-29,funabashi,2,15,ワイド,5-7,79.1,86.3,50,https://www.keiba.go.jp/KeibaWeb/TodayRaceInfo/OddsWide?k_babaCode=19&k_raceDate=2026%2F09%2F29&k_raceNo=2
2026-09-29 14:45:00,14:44,2026-09-29,funabashi,2,15,ワイド,5-8,43.5,48.1,40,https://www.keiba.go.jp/KeibaWeb/TodayRaceInfo/OddsWide?k_babaCode=19&k_raceDate=2026%2F09%2F29&k_raceNo=2
2026-09-29 14:45:00,14:44,2026-09-29,funabashi,2,15,ワイド,5-9,15.2,16.7,18,https://www.keiba.go.jp/KeibaWeb/TodayRaceInfo/OddsWide?k_babaCode=19&k_raceDate=2026%2F09%2F29&k_raceNo=2
2026-09-29 14:45:00,14:44,2026-09-29,funabashi,2,15,ワイド,6-10,20.2,21.9,27,https://www.keiba.go.jp/KeibaWeb/TodayRaceInfo/OddsWide?k_babaCode=19&k_raceDate=2026%2F09%2F29&k_raceNo=2
2026-09-29 14:45:00,14:44,2026-09-29,funabashi,2,15,ワイド,6-11,31.1,33.0,35,https://www.keiba.go.jp/KeibaWeb/TodayRaceInfo/OddsWide?k_babaCode=19&k_raceDate=2026%2F09%2F29&k_raceNo=2
2026-09-29 14:45:00,14:44,2026-09-29,funabashi,2,15,ワイド,6-12,26.6,28.4,32,https://www.keiba.go.jp/KeibaWeb/TodayRaceInfo/OddsWide?k_babaCode=19&k_raceDate=2026%2F09%2F29&k_raceNo=2
2026-09-29 14:45:00,14:44,2026-09-29,funabashi,2,15,ワイド,6-7,115.7,117.6,60,https://www.keiba.go.jp/KeibaWeb/TodayRaceInfo/OddsWide?k_babaCode=19&k_raceDate=2026%2F09%2F29&k_raceNo=2
2026-09-29 14:45:00,14:44,2026-09-29,funabashi,2,15,ワイド,6-8,57.3,58.9,44,https://www.keiba.go.jp/KeibaWeb/TodayRaceInfo/OddsWide?k_babaCode=19&k_raceDate=2026%2F09%2F29&k_raceNo=2
2026-09-29 14:45:00,14:44,2026-09-29,funabashi,2,15,ワイド,6-9,54.3,57.6,42,https://www.keiba.go.jp/KeibaWeb/TodayRaceInfo/OddsWide?k_babaCode=19&k_raceDate=2026%2F09%2F29&k_raceNo=2
2026-09-29 14:45:00,14:44,2026-09-29,funabashi,2,15,ワイド,7-10,114.2,123.0,59,https://www.keiba.go.jp/KeibaWeb/TodayRaceInfo/OddsWide?k_babaCode=19&k_raceDate=2026%2F09%2F29&k_raceNo=2
2026-09-29 14:45:00,14:44,2026-09-29,funabashi,2,15,ワイド,7-11,91.2,95.8,54,https://www.keiba.go.jp/KeibaWeb/TodayRaceInfo/OddsWide?k_babaCode=19&k_raceDate=2026%2F09%2F29&k_raceNo=2
2026-09-29 14:45:00,14:44,2026-09-29,funabashi,2,15,ワイド,7-12,105.8,112.5,57,https://www.keiba.go.jp/KeibaWeb/TodayRaceInfo/OddsWide?k_babaCode=19&k_raceDate=2026%2F09%2F29&k_raceNo=2
2026-09-29 14:45:00,14:44,2026-09-29,funabashi,2,15,ワイド,7-8,84.5,86.3,52,https://www.keiba.go.jp/KeibaWeb/TodayRaceInfo/OddsWide?k_babaCode=19&k_raceDate=2026%2F09%2F29&k_raceNo=2
2026-09-29 14:45:00,14:44,2026-09-29,funabashi,2,15,ワイド,7-9,84.8,89.2,53,https://www.keiba.go.jp/KeibaWeb/TodayRaceInfo/OddsWide?k_babaCode=19&k_raceDate=2026%2F09%2F29&k_raceNo=2
2026-09-29 14:45:00,14:44,2026-09-29,funabashi,2,15,ワイド,8-10,19.5,21.2,26,https://www.keiba.go.jp/KeibaWeb/TodayRaceInfo/OddsWide?k_babaCode=19&k_raceDate=2026%2F09%2F29&k_raceNo=2
2026-09-29 14:45:00,14:44,2026-09-29,funabashi,2,15,ワイド,8-11,39.4,41.9,38,https://www.keiba.go.jp/KeibaWeb/TodayRaceInfo/OddsWide?k_babaCode=19&k_raceDate=2026%2F09%2F29&k_raceNo=2
2026-09-29 14:45:00,14:44,2026-09-29,funabashi,2,15,ワイド,8-12,21.4,23.0,28,https://www.keiba.go.jp/KeibaWeb/TodayRaceInfo/OddsWide?k_babaCode=19&k_raceDate=2026%2F09%2F29&k_raceNo=2
2026-09-29 14:45:00,14:44,2026-09-29,funabashi,2,15,ワイド,8-9,33.6,35.7,36,https://www.keiba.go.jp/KeibaWeb/TodayRaceInfo/OddsWide?k_babaCode=19&k_raceDate=2026%2F09%2F29&k_raceNo=2
2026-09-29 14:45:00,14:44,2026-09-29,funabashi,2,15,ワイド,9-10,4.9,5.3,4,https://www.keiba.go.jp/KeibaWeb/TodayRaceInfo/OddsWide?k_babaCode=19&k_raceDate=2026%2F09%2F29&k_raceNo=2
2026-09-29 14:45:00,14:44,2026-09-29,funabashi,2,15,ワイド,9-11,12.1,13.4,14,https://www.keiba.go.jp/KeibaWeb/TodayRaceInfo/OddsWide?k_babaCode=19&k_raceDate=2026%2F09%2F29&k_raceNo=2
2026-09-29 14:45:00,14:44,2026-09-29,funabashi,2,15,ワイド,9-12,15.6,17.1,19,https://www.keiba.go.jp/KeibaWeb/TodayRaceInfo/OddsWide?k_babaCode=19&k_raceDate=2026%2F09%2F29&k_raceNo=2
2026-09-29 14:45:00,14:44,2026-09-29,funabashi,2,15,三連複,1-10-11,98.6,98.6,32,https://www.keiba.go.jp/KeibaWeb/TodayRaceInfo/Odds3LenFuku?k_babaCode=19&k_raceDate=2026%2F09%2F29&k_raceNo=2
2026-09-29 14:45:00,14:44,2026-09-29,funabashi,2,15,三連複,1-10-12,103.7,103.7,34,https://www.keiba.go.jp/KeibaWeb/TodayRaceInfo/Odds3LenFuku?k_babaCode=19&k_raceDate=2026%2F09%2F29&k_raceNo=2
2026-09-29 14:45:00,14:44,2026-09-29,funabashi,2,15,三連複,1-11-12,125.8,125.8,39,https://www.keiba.go.jp/KeibaWeb/TodayRaceInfo/Odds3LenFuku?k_babaCode=19&k_raceDate=2026%2F09%2F29&k_raceNo=2
2026-09-29 14:45:00,14:44,2026-09-29,funabashi,2,15,三連複,1-2-10,3195.3,3195.3,204,https://www.keiba.go.jp/KeibaWeb/TodayRaceInfo/Odds3LenFuku?k_babaCode=19&k_raceDate=2026%2F09%2F29&k_raceNo=2
2026-09-29 14:45:00,14:44,2026-09-29,funabashi,2,15,三連複,1-2-11,2282.4,2282.4,188,https://www.keiba.go.jp/KeibaWeb/TodayRaceInfo/Odds3LenFuku?k_babaCode=19&k_raceDate=2026%2F09%2F29&k_raceNo=2
2026-09-29 14:45:00,14:44,2026-09-29,funabashi,2,15,三連複,1-2-12,1597.6,1597.6,170,https://www.keiba.go.jp/KeibaWeb/TodayRaceInfo/Odds3LenFuku?k_babaCode=19&k_raceDate=2026%2F09%2F29&k_raceNo=2
2026-09-29 14:45:00,14:44,2026-09-29,funabashi,2,15,三連複,1-2-3,591.7,591.7,113,https://www.keiba.go.jp/KeibaWeb/TodayRaceInfo/Odds3LenFuku?k_babaCode=19&k_raceDate=2026%2F09%2F29&k_raceNo=2
2026-09-29 14:45:00,14:44,2026-09-29,funabashi,2,15,三連複,1-2-4,665.7,665.7,125,https://www.keiba.go.jp/KeibaWeb/TodayRaceInfo/Odds3LenFuku?k_babaCode=19&k_raceDate=2026%2F09%2F29&k_raceNo=2
2026-09-29 14:45:00,14:44,2026-09-29,funabashi,2,15,三連複,1-2-5,798.8,798.8,139,https://www.keiba.go.jp/KeibaWeb/TodayRaceInfo/Odds3LenFuku?k_babaCode=19&k_raceDate=2026%2F09%2F29&k_raceNo=2
2026-09-29 14:45:00,14:44,2026-09-29,funabashi,2,15,三連複,1-2-6,1597.6,1597.6,170,https://www.keiba.go.jp/KeibaWeb/TodayRaceInfo/Odds3LenFuku?k_babaCode=19&k_raceDate=2026%2F09%2F29&k_raceNo=2
2026-09-29 14:45:00,14:44,2026-09-29,funabashi,2,15,三連複,1-2-7,3195.3,3195.3,204,https://www.keiba.go.jp/KeibaWeb/TodayRaceInfo/Odds3LenFuku?k_babaCode=19&k_raceDate=2026%2F09%2F29&k_raceNo=2
2026-09-29 14:45:00,14:44,2026-09-29,funabashi,2,15,三連複,1-2-8,2662.8,2662.8,197,https://www.keiba.go.jp/KeibaWeb/TodayRaceInfo/Odds3LenFuku?k_babaCode=19&k_raceDate=2026%2F09%2F29&k_raceNo=2
2026-09-29 14:45:00,14:44,2026-09-29,funabashi,2,15,三連複,1-2-9,7988.4,7988.4,217,https://www.keiba.go.jp/KeibaWeb/TodayRaceInfo/Odds3LenFuku?k_babaCode=19&k_raceDate=2026%2F09%2F29&k_raceNo=2
2026-09-29 14:45:00,14:44,2026-09-29,funabashi,2,15,三連複,1-3-10,380.4,380.4,86,https://www.keiba.go.jp/KeibaWeb/TodayRaceInfo/Odds3LenFuku?k_babaCode=19&k_raceDate=2026%2F09%2F29&k_raceNo=2
2026-09-29 14:45:00,14:44,2026-09-29,funabashi,2,15,三連複,1-3-11,409.6,409.6,91,https://www.keiba.go.jp/KeibaWeb/TodayRaceInfo/Odds3LenFuku?k_babaCode=19&k_raceDate=2026%2F09%2F29&k_raceNo=2
2026-09-29 14:45:00,14:44,2026-09-29,funabashi,2,15,三連複,1-3-12,295.8,295.8,78,https://www.keiba.go.jp/KeibaWeb/TodayRaceInfo/Odds3LenFuku?k_babaCode=19&k_raceDate=2026%2F09%2F29&k_raceNo=2
2026-09-29 14:45:00,14:44,2026-09-29,funabashi,2,15,三連複,1-3-4,142.6,142.6,47,https://www.keiba.go.jp/KeibaWeb/TodayRaceInfo/Odds3LenFuku?k_babaCode=19&k_raceDate=2026%2F09%2F29&k_raceNo=2
2026-09-29 14:45:00,14:44,2026-09-29,funabashi,2,15,三連複,1-3-5,221.9,221.9,62,https://www.keiba.go.jp/KeibaWeb/TodayRaceInfo/Odds3LenFuku?k_babaCode=19&k_raceDate=2026%2F09%2F29&k_raceNo=2
2026-09-29 14:45:00,14:44,2026-09-29,funabashi,2,15,三連複,1-3-6,694.6,694.6,130,https://www.keiba.go.jp/KeibaWeb/TodayRaceInfo/Odds3LenFuku?k_babaCode=19&k_raceDate=2026%2F09%2F29&k_raceNo=2
2026-09-29 14:45:00,14:44,2026-09-29,funabashi,2,15,三連複,1-3-7,1997.1,1997.1,182,https://www.keiba.go.jp/KeibaWeb/TodayRaceInfo/Odds3LenFuku?k_babaCode=19&k_raceDate=2026%2F09%2F29&k_raceNo=2
2026-09-29 14:45:00,14:44,2026-09-29,funabashi,2,15,三連複,1-3-8,1775.2,1775.2,177,https://www.keiba.go.jp/KeibaWeb/TodayRaceInfo/Odds3LenFuku?k_babaCode=19&k_raceDate=2026%2F09%2F29&k_raceNo=2
2026-09-29 14:45:00,14:44,2026-09-29,funabashi,2,15,三連複,1-3-9,1141.2,1141.2,152,https://www.keiba.go.jp/KeibaWeb/TodayRaceInfo/Odds3LenFuku?k_babaCode=19&k_raceDate=2026%2F09%2F29&k_raceNo=2
2026-09-29 14:45:00,14:44,2026-09-29,funabashi,2,15,三連複,1-4-10,47.5,47.5,17,https://www.keiba.go.jp/KeibaWeb/TodayRaceInfo/Odds3LenFuku?k_babaCode=19&k_raceDate=2026%2F09%2F29&k_raceNo=2
2026-09-29 14:45:00,14:44,2026-09-29,funabashi,2,15,三連複,1-4-11,55.8,55.8,21,https://www.keiba.go.jp/KeibaWeb/TodayRaceInfo/Odds3LenFuku?k_babaCode=19&k_raceDate=2026%2F09%2F29&k_raceNo=2
2026-09-29 14:45:00,14:44,2026-09-29,funabashi,2,15,三連複,1-4-12,60.2,60.2,23,https://www.keiba.go.jp/KeibaWeb/TodayRaceInfo/Odds3LenFuku?k_babaCode=19&k_raceDate=2026%2F09%2F29&k_raceNo=2
2026-09-29 14:45:00,14:44,2026-09-29,funabashi,2,15,三連複,1-4-5,51.8,51.8,19,https://www.keiba.go.jp/KeibaWeb/TodayRaceInfo/Odds3LenFuku?k_babaCode=19&k_raceDate=2026%2F09%2F29&k_raceNo=2
2026-09-29 14:45:00,14:44,2026-09-29,funabashi,2,15,三連複,1-4-6,231.5,231.5,64,https://www.keiba.go.jp/KeibaWeb/TodayRaceInfo/Odds3LenFuku?k_babaCode=19&k_raceDate=2026%2F09%2F29&k_raceNo=2
2026-09-29 14:45:00,14:44,2026-09-29,funabashi,2,15,三連複,1-4-7,726.2,726.2,134,https://www.keiba.go.jp/KeibaWeb/TodayRaceInfo/Odds3LenFuku?k_babaCode=19&k_raceDate=2026%2F09%2F29&k_raceNo=2
2026-09-29 14:45:00,14:44,2026-09-29,funabashi,2,15,三連複,1-4-8,253.6,253.6,68,https://www.keiba.go.jp/KeibaWeb/TodayRaceInfo/Odds3LenFuku?k_babaCode=19&k_raceDate=2026%2F09%2F29&k_raceNo=2
2026-09-29 14:45:00,14:44,2026-09-29,funabashi,2,15,三連複,1-4-9,116.6,116.6,38,https://www.keiba.go.jp/KeibaWeb/TodayRaceInfo/Odds3LenFuku?k_babaCode=19&k_raceDate=2026%2F09%2F29&k_raceNo=2
2026-09-29 14:45:00,14:44,2026-09-29,funabashi,2,15,三連複,1-5-10,113.3,113.3,36,https://www.keiba.go.jp/KeibaWeb/TodayRaceInfo/Odds3LenFuku?k_babaCode=19&k_raceDate=2026%2F09%2F29&k_raceNo=2
2026-09-29 14:45:00,14:44,2026-09-29,funabashi,2,15,三連複,1-5-11,133.1,133.1,41,https://www.keiba.go.jp/KeibaWeb/TodayRaceInfo/Odds3LenFuku?k_babaCode=19&k_raceDate=2026%2F09%2F29&k_raceNo=2
2026-09-29 14:45:00,14:44,2026-09-29,funabashi,2,15,三連複,1-5-12,101.1,101.1,33,https://www.keiba.go.jp/KeibaWeb/TodayRaceInfo/Odds3LenFuku?k_babaCode=19&k_raceDate=2026%2F09%2F29&k_raceNo=2
2026-09-29 14:45:00,14:44,2026-09-29,funabashi,2,15,三連複,1-5-6,389.6,389.6,88,https://www.keiba.go.jp/KeibaWeb/TodayRaceInfo/Odds3LenFuku?k_babaCode=19&k_raceDate=2026%2F09%2F29&k_raceNo=2
2026-09-29 14:45:00,14:44,2026-09-29,funabashi,2,15,三連複,1-5-7,1331.4,1331.4,162,https://www.keiba.go.jp/KeibaWeb/TodayRaceInfo/Odds3LenFuku?k_babaCode=19&k_raceDate=2026%2F09%2F29&k_raceNo=2
2026-09-29 14:45:00,14:44,2026-09-29,funabashi,2,15,三連複,1-5-8,639.0,639.0,118,https://www.keiba.go.jp/KeibaWeb/TodayRaceInfo/Odds3LenFuku?k_babaCode=19&k_raceDate=2026%2F09%2F29&k_raceNo=2
2026-09-29 14:45:00,14:44,2026-09-29,funabashi,2,15,三連複,1-5-9,355.0,355.0,82,https://www.keiba.go.jp/KeibaWeb/TodayRaceInfo/Odds3LenFuku?k_babaCode=19&k_raceDate=2026%2F09%2F29&k_raceNo=2
2026-09-29 14:45:00,14:44,2026-09-29,funabashi,2,15,三連複,1-6-10,363.1,363.1,83,https://www.keiba.go.jp/KeibaWeb/TodayRaceInfo/Odds3LenFuku?k_babaCode=19&k_raceDate=2026%2F09%2F29&k_raceNo=2
2026-09-29 14:45:00,14:44,2026-09-29,funabashi,2,15,三連複,1-6-11,550.9,550.9,109,https://www.keiba.go.jp/KeibaWeb/TodayRaceInfo/Odds3LenFuku?k_babaCode=19&k_raceDate=2026%2F09%2F29&k_raceNo=2
2026-09-29 14:45:00,14:44,2026-09-29,funabashi,2,15,三連複,1-6-12,591.7,591.7,113,https://www.keiba.go.jp/KeibaWeb/TodayRaceInfo/Odds3LenFuku?k_babaCode=19&k_raceDate=2026%2F09%2F29&k_raceNo=2
2026-09-29 14:45:00,14:44,2026-09-29,funabashi,2,15,三連複,1-6-7,2662.8,2662.8,197,https://www.keiba.go.jp/KeibaWeb/TodayRaceInfo/Odds3LenFuku?k_babaCode=19&k_raceDate=2026%2F09%2F29&k_raceNo=2
2026-09-29 14:45:00,14:44,2026-09-29,funabashi,2,15,三連複,1-6-8,760.8,760.8,137,https://www.keiba.go.jp/KeibaWeb/TodayRaceInfo/Odds3LenFuku?k_babaCode=19&k_raceDate=2026%2F09%2F29&k_raceNo=2
2026-09-29 14:45:00,14:44,2026-09-29,funabashi,2,15,三連複,1-6-9,665.7,665.7,125,https://www.keiba.go.jp/KeibaWeb/TodayRaceInfo/Odds3LenFuku?k_babaCode=19&k_raceDate=2026%2F09%2F29&k_raceNo=2
2026-09-29 14:45:00,14:44,2026-09-29,funabashi,2,15,三連複,1-7-10,2662.8,2662.8,197,https://www.keiba.go.jp/KeibaWeb/TodayRaceInfo/Odds3LenFuku?k_babaCode=19&k_raceDate=2026%2F09%2F29&k_raceNo=2
2026-09-29 14:45:00,14:44,2026-09-29,funabashi,2,15,三連複,1-7-11,1775.2,1775.2,177,https://www.keiba.go.jp/KeibaWeb/TodayRaceInfo/Odds3LenFuku?k_babaCode=19&k_raceDate=2026%2F09%2F29&k_raceNo=2
2026-09-29 14:45:00,14:44,2026-09-29,funabashi,2,15,三連複,1-7-12,2282.4,2282.4,188,https://www.keiba.go.jp/KeibaWeb/TodayRaceInfo/Odds3LenFuku?k_babaCode=19&k_raceDate=2026%2F09%2F29&k_raceNo=2
2026-09-29 14:45:00,14:44,2026-09-29,funabashi,2,15,三連複,1-7-8,2282.4,2282.4,188,https://www.keiba.go.jp/KeibaWeb/TodayRaceInfo/Odds3LenFuku?k_babaCode=19&k_raceDate=2026%2F09%2F29&k_raceNo=2
2026-09-29 14:45:00,14:44,2026-09-29,funabashi,2,15,三連複,1-7-9,2282.4,2282.4,188,https://www.keiba.go.jp/KeibaWeb/TodayRaceInfo/Odds3LenFuku?k_babaCode=19&k_raceDate=2026%2F09%2F29&k_raceNo=2
2026-09-29 14:45:00,14:44,2026-09-29,funabashi,2,15,三連複,1-8-10,484.1,484.1,99,https://www.keiba.go.jp/KeibaWeb/TodayRaceInfo/Odds3LenFuku?k_babaCode=19&k_raceDate=2026%2F09%2F29&k_raceNo=2
2026-09-29 14:45:00,14:44,2026-09-29,funabashi,2,15,三連複,1-8-11,694.6,694.6,130,https://www.keiba.go.jp/KeibaWeb/TodayRaceInfo/Odds3LenFuku?k_babaCode=19&k_raceDate=2026%2F09%2F29&k_raceNo=2
2026-09-29 14:45:00,14:44,2026-09-29,funabashi,2,15,三連複,1-8-12,798.8,798.8,139,https://www.keiba.go.jp/KeibaWeb/TodayRaceInfo/Odds3LenFuku?k_babaCode=19&k_raceDate=2026%2F09%2F29&k_raceNo=2
2026-09-29 14:45:00,14:44,2026-09-29,funabashi,2,15,三連複,1-8-9,550.9,550.9,109,https://www.keiba.go.jp/KeibaWeb/TodayRaceInfo/Odds3LenFuku?k_babaCode=19&k_raceDate=2026%2F09%2F29&k_raceNo=2
2026-09-29 14:45:00,14:44,2026-09-29,funabashi,2,15,三連複,1-9-10,153.6,153.6,51,https://www.keiba.go.jp/KeibaWeb/TodayRaceInfo/Odds3LenFuku?k_babaCode=19&k_raceDate=2026%2F09%2F29&k_raceNo=2
2026-09-29 14:45:00,14:44,2026-09-29,funabashi,2,15,三連複,1-9-11,280.2,280.2,74,https://www.keiba.go.jp/KeibaWeb/TodayRaceInfo/Odds3LenFuku?k_babaCode=19&k_raceDate=2026%2F09%2F29&k_raceNo=2
2026-09-29 14:45:00,14:44,2026-09-29,funabashi,2,15,三連複,1-9-12,270.7,270.7,73,https://www.keiba.go.jp/KeibaWeb/TodayRaceInfo/Odds3LenFuku?k_babaCode=19&k_raceDate=2026%2F09%2F29&k_raceNo=2
2026-09-29 14:45:00,14:44,2026-09-29,funabashi,2,15,三連複,10-11-12,23.6,23.6,8,https://www.keiba.go.jp/KeibaWeb/TodayRaceInfo/Odds3LenFuku?k_babaCode=19&k_raceDate=2026%2F09%2F29&k_raceNo=2
2026-09-29 14:45:00,14:44,2026-09-29,funabashi,2,15,三連複,2-10-11,726.2,726.2,134,https://www.keiba.go.jp/KeibaWeb/TodayRaceInfo/Odds3LenFuku?k_babaCode=19&k_raceDate=2026%2F09%2F29&k_raceNo=2
2026-09-29 14:45:00,14:44,2026-09-29,funabashi,2,15,三連複,2-10-12,532.5,532.5,106,https://www.keiba.go.jp/KeibaWeb/TodayRaceInfo/Odds3LenFuku?k_babaCode=19&k_raceDate=2026%2F09%2F29&k_raceNo=2
2026-09-29 14:45:00,14:44,2026-09-29,funabashi,2,15,三連複,2-11-12,1228.9,1228.9,156,https://www.keiba.go.jp/KeibaWeb/TodayRaceInfo/Odds3LenFuku?k_babaCode=19&k_raceDate=2026%2F09%2F29&k_raceNo=2
2026-09-29 14:45:00,14:44,2026-09-29,funabashi,2,15,三連複,2-3-10,2662.8,2662.8,197,https://www.keiba.go.jp/KeibaWeb/TodayRaceInfo/Odds3LenFuku?k_babaCode=19&k_raceDate=2026%2F09%2F29&k_raceNo=2
2026-09-29 14:45:00,14:44,2026-09-29,funabashi,2,15,三連複,2-3-11,1997.1,1997.1,182,https://www.keiba.go.jp/KeibaWeb/TodayRaceInfo/Odds3LenFuku?k_babaCode=19&k_raceDate=2026%2F09%2F29&k_raceNo=2
2026-09-29 14:45:00,14:44,2026-09-29,funabashi,2,15,三連複,2-3-12,1997.1,1997.1,182,https://www.keiba.go.jp/KeibaWeb/TodayRaceInfo/Odds3LenFuku?k_babaCode=19&k_raceDate=2026%2F09%2F29&k_raceNo=2
2026-09-29 14:45:00,14:44,2026-09-29,funabashi,2,15,三連複,2-3-4,998.5,998.5,147,https://www.keiba.go.jp/KeibaWeb/TodayRaceInfo/Odds3LenFuku?k_babaCode=19&k_raceDate=2026%2F09%2F29&k_raceNo=2
2026-09-29 14:45:00,14:44,2026-09-29,funabashi,2,15,三連複,2-3-5,939.8,939.8,146,https://www.keiba.go.jp/KeibaWeb/TodayRaceInfo/Odds3LenFuku?k_babaCode=19&k_raceDate=2026%2F09%2F29&k_raceNo=2
2026-09-29 14:45:00,14:44,2026-09-29,funabashi,2,15,三連複,2-3-6,2282.4,2282.4,188,https://www.keiba.go.jp/KeibaWeb/TodayRaceInfo/Odds3LenFuku?k_babaCode=19&k_raceDate=2026%2F09%2F29&k_raceNo=2
2026-09-29 14:45:00,14:44,2026-09-29,funabashi,2,15,三連複,2-3-7,2282.4,2282.4,188,https://www.keiba.go.jp/KeibaWeb/TodayRaceInfo/Odds3LenFuku?k_babaCode=19&k_raceDate=2026%2F09%2F29&k_raceNo=2
2026-09-29 14:45:00,14:44,2026-09-29,funabashi,2,15,三連複,2-3-8,3195.3,3195.3,204,https://www.keiba.go.jp/KeibaWeb/TodayRaceInfo/Odds3LenFuku?k_babaCode=19&k_raceDate=2026%2F09%2F29&k_raceNo=2
2026-09-29 14:45:00,14:44,2026-09-29,funabashi,2,15,三連複,2-3-9,2282.4,2282.4,188,https://www.keiba.go.jp/KeibaWeb/TodayRaceInfo/Odds3LenFuku?k_babaCode=19&k_raceDate=2026%2F09%2F29&k_raceNo=2
2026-09-29 14:45:00,14:44,2026-09-29,funabashi,2,15,三連複,2-4-10,280.2,280.2,74,https://www.keiba.go.jp/KeibaWeb/TodayRaceInfo/Odds3LenFuku?k_babaCode=19&k_raceDate=2026%2F09%2F29&k_raceNo=2
2026-09-29 14:45:00,14:44,2026-09-29,funabashi,2,15,三連複,2-4-11,515.3,515.3,104,https://www.keiba.go.jp/KeibaWeb/TodayRaceInfo/Odds3LenFuku?k_babaCode=19&k_raceDate=2026%2F09%2F29&k_raceNo=2
2026-09-29 14:45:00,14:44,2026-09-29,funabashi,2,15,三連複,2-4-12,614.4,614.4,116,https://www.keiba.go.jp/KeibaWeb/TodayRaceInfo/Odds3LenFuku?k_babaCode=19&k_raceDate=2026%2F09%2F29&k_raceNo=2
2026-09-29 14:45:00,14:44,2026-09-29,funabashi,2,15,三連複,2-4-5,238.4,238.4,66,https://www.keiba.go.jp/KeibaWeb/TodayRaceInfo/Odds3LenFuku?k_babaCode=19&k_raceDate=2026%2F09%2F29&k_raceNo=2
2026-09-29 14:45:00,14:44,2026-09-29,funabashi,2,15,三連複,2-4-6,1141.2,1141.2,152,https://www.keiba.go.jp/KeibaWeb/TodayRaceInfo/Odds3LenFuku?k_babaCode=19&k_raceDate=2026%2F09%2F29&k_raceNo=2
2026-09-29 14:45:00,14:44,2026-09-29,funabashi,2,15,三連複,2-4-7,1065.1,1065.1,148,https://www.keiba.go.jp/KeibaWeb/TodayRaceInfo/Odds3LenFuku?k_babaCode=19&k_raceDate=2026%2F09%2F29&k_raceNo=2
2026-09-29 14:45:00,14:44,2026-09-29,funabashi,2,15,三連複,2-4-8,840.8,840.8,143,https://www.keiba.go.jp/KeibaWeb/TodayRaceInfo/Odds3LenFuku?k_babaCode=19&k_raceDate=2026%2F09%2F29&k_raceNo=2
2026-09-29 14:45:00,14:44,2026-09-29,funabashi,2,15,三連複,2-4-9,798.8,798.8,139,https://www.keiba.go.jp/KeibaWeb/TodayRaceInfo/Odds3LenFuku?k_babaCode=19&k_raceDate=2026%2F09%2F29&k_raceNo=2
2026-09-29 14:45:00,14:44,2026-09-29,funabashi,2,15,三連複,2-5-10,665.7,665.7,125,https://www.keiba.go.jp/KeibaWeb/TodayRaceInfo/Odds3LenFuku?k_babaCode=19&k_raceDate=2026%2F09%2F29&k_raceNo=2
2026-09-29 14:45:00,14:44,2026-09-29,funabashi,2,15,三連複,2-5-11,499.2,499.2,101,https://www.keiba.go.jp/KeibaWeb/TodayRaceInfo/Odds3LenFuku?k_babaCode=19&k_raceDate=2026%2F09%2F29&k_raceNo=2
2026-09-29 14:45:00,14:44,2026-09-29,funabashi,2,15,三連複,2-5-12,639.0,639.0,118,https://www.keiba.go.jp/KeibaWeb/TodayRaceInfo/Odds3LenFuku?k_babaCode=19&k_raceDate=2026%2F09%2F29&k_raceNo=2
2026-09-29 14:45:00,14:44,2026-09-29,funabashi,2,15,三連複,2-5-6,1228.9,1228.9,156,https://www.keiba.go.jp/KeibaWeb/TodayRaceInfo/Odds3LenFuku?k_babaCode=19&k_raceDate=2026%2F09%2F29&k_raceNo=2
2026-09-29 14:45:00,14:44,2026-09-29,funabashi,2,15,三連複,2-5-7,1997.1,1997.1,182,https://www.keiba.go.jp/KeibaWeb/TodayRaceInfo/Odds3LenFuku?k_babaCode=19&k_raceDate=2026%2F09%2F29&k_raceNo=2
2026-09-29 14:45:00,14:44,2026-09-29,funabashi,2,15,三連複,2-5-8,1228.9,1228.9,156,https://www.keiba.go.jp/KeibaWeb/TodayRaceInfo/Odds3LenFuku?k_babaCode=19&k_raceDate=2026%2F09%2F29&k_raceNo=2
2026-09-29 14:45:00,14:44,2026-09-29,funabashi,2,15,三連複,2-5-9,1141.2,1141.2,152,https://www.keiba.go.jp/KeibaWeb/TodayRaceInfo/Odds3LenFuku?k_babaCode=19&k_raceDate=2026%2F09%2F29&k_raceNo=2
2026-09-29 14:45:00,14:44,2026-09-29,funabashi,2,15,三連複,2-6-10,1228.9,1228.9,156,https://www.keiba.go.jp/KeibaWeb/TodayRaceInfo/Odds3LenFuku?k_babaCode=19&k_raceDate=2026%2F09%2F29&k_raceNo=2
2026-09-29 14:45:00,14:44,2026-09-29,funabashi,2,15,三連複,2-6-11,7988.4,7988.4,217,https://www.keiba.go.jp/KeibaWeb/TodayRaceInfo/Odds3LenFuku?k_babaCode=19&k_raceDate=2026%2F09%2F29&k_raceNo=2
2026-09-29 14:45:00,14:44,2026-09-29,funabashi,2,15,三連複,2-6-12,2662.8,2662.8,197,https://www.keiba.go.jp/KeibaWeb/TodayRaceInfo/Odds3LenFuku?k_babaCode=19&k_raceDate=2026%2F09%2F29&k_raceNo=2
2026-09-29 14:45:00,14:44,2026-09-29,funabashi,2,15,三連複,2-6-7,3994.2,3994.2,209,https://www.keiba.go.jp/KeibaWeb/TodayRaceInfo/Odds3LenFuku?k_babaCode=19&k_raceDate=2026%2F09%2F29&k_raceNo=2
2026-09-29 14:45:00,14:44,2026-09-29,funabashi,2,15,三連複,2-6-8,1452.4,1452.4,168,https://www.keiba.go.jp/KeibaWeb/TodayRaceInfo/Odds3LenFuku?k_babaCode=19&k_raceDate=2026%2F09%2F29&k_raceNo=2
2026-09-29 14:45:00,14:44,2026-09-29,funabashi,2,15,三連複,2-6-9,3195.3,3195.3,204,https://www.keiba.go.jp/KeibaWeb/TodayRaceInfo/Odds3LenFuku?k_babaCode=19&k_raceDate=2026%2F09%2F29&k_raceNo=2
2026-09-29 14:45:00,14:44,2026-09-29,funabashi,2,15,三連複,2-7-10,2282.4,2282.4,188,https://www.keiba.go.jp/KeibaWeb/TodayRaceInfo/Odds3LenFuku?k_babaCode=19&k_raceDate=2026%2F09%2F29&k_raceNo=2
2026-09-29 14:45:00,14:44,2026-09-29,funabashi,2,15,三連複,2-7-11,7988.4,7988.4,217,https://www.keiba.go.jp/KeibaWeb/TodayRaceInfo/Odds3LenFuku?k_babaCode=19&k_raceDate=2026%2F09%2F29&k_raceNo=2
2026-09-29 14:45:00,14:44,2026-09-29,funabashi,2,15,三連複,2-7-12,3994.2,3994.2,209,https://www.keiba.go.jp/KeibaWeb/TodayRaceInfo/Odds3LenFuku?k_babaCode=19&k_raceDate=2026%2F09%2F29&k_raceNo=2
2026-09-29 14:45:00,14:44,2026-09-29,funabashi,2,15,三連複,2-7-8,5325.6,5325.6,214,https://www.keiba.go.jp/KeibaWeb/TodayRaceInfo/Odds3LenFuku?k_babaCode=19&k_raceDate=2026%2F09%2F29&k_raceNo=2
2026-09-29 14:45:00,14:44,2026-09-29,funabashi,2,15,三連複,2-7-9,1997.1,1997.1,182,https://www.keiba.go.jp/KeibaWeb/TodayRaceInfo/Odds3LenFuku?k_babaCode=19&k_raceDate=2026%2F09%2F29&k_raceNo=2
2026-09-29 14:45:00,14:44,2026-09-29,funabashi,2,15,三連複,2-8-10,1331.4,1331.4,162,https://www.keiba.go.jp/KeibaWeb/TodayRaceInfo/Odds3LenFuku?k_babaCode=19&k_raceDate=2026%2F09%2F29&k_raceNo=2
2026-09-29 14:45:00,14:44,2026-09-29,funabashi,2,15,三連複,2-8-11,3994.2,3994.2,209,https://www.keiba.go.jp/KeibaWeb/TodayRaceInfo/Odds3LenFuku?k_babaCode=19&k_raceDate=2026%2F09%2F29&k_raceNo=2
2026-09-29 14:45:00,14:44,2026-09-29,funabashi,2,15,三連複,2-8-12,3994.2,3994.2,209,https://www.keiba.go.jp/KeibaWeb/TodayRaceInfo/Odds3LenFuku?k_babaCode=19&k_raceDate=2026%2F09%2F29&k_raceNo=2
2026-09-29 14:45:00,14:44,2026-09-29,funabashi,2,15,三連複,2-8-9,1597.6,1597.6,170,https://www.keiba.go.jp/KeibaWeb/TodayRaceInfo/Odds3LenFuku?k_babaCode=19&k_raceDate=2026%2F09%2F29&k_raceNo=2
2026-09-29 14:45:00,14:44,2026-09-29,funabashi,2,15,三連複,2-9-10,550.9,550.9,109,https://www.keiba.go.jp/KeibaWeb/TodayRaceInfo/Odds3LenFuku?k_babaCode=19&k_raceDate=2026%2F09%2F29&k_raceNo=2
2026-09-29 14:45:00,14:44,2026-09-29,funabashi,2,15,三連複,2-9-11,591.7,591.7,113,https://www.keiba.go.jp/KeibaWeb/TodayRaceInfo/Odds3LenFuku?k_babaCode=19&k_raceDate=2026%2F09%2F29&k_raceNo=2
2026-09-29 14:45:00,14:44,2026-09-29,funabashi,2,15,三連複,2-9-12,1331.4,1331.4,162,https://www.keiba.go.jp/KeibaWeb/TodayRaceInfo/Odds3LenFuku?k_babaCode=19&k_raceDate=2026%2F09%2F29&k_raceNo=2
2026-09-29 14:45:00,14:44,2026-09-29,funabashi,2,15,三連複,3-10-11,175.5,175.5,55,https://www.keiba.go.jp/KeibaWeb/TodayRaceInfo/Odds3LenFuku?k_babaCode=19&k_raceDate=2026%2F09%2F29&k_raceNo=2
2026-09-29 14:45:00,14:44,2026-09-29,funabashi,2,15,三連複,3-10-12,150.7,150.7,50,https://www.keiba.go.jp/KeibaWeb/TodayRaceInfo/Odds3LenFuku?k_babaCode=19&k_raceDate=2026%2F09%2F29&k_raceNo=2
2026-09-29 14:45:00,14:44,2026-09-29,funabashi,2,15,三連複,3-11-12,190.2,190.2,56,https://www.keiba.go.jp/KeibaWeb/TodayRaceInfo/Odds3LenFuku?k_babaCode=19&k_raceDate=2026%2F09%2F29&k_raceNo=2
2026-09-29 14:45:00,14:44,2026-09-29,funabashi,2,15,三連複,3-4-10,51.7,51.7,18,https://www.keiba.go.jp/KeibaWeb/TodayRaceInfo/Odds3LenFuku?k_babaCode=19&k_raceDate=2026%2F09%2F29&k_raceNo=2
2026-09-29 14:45:00,14:44,2026-09-29,funabashi,2,15,三連複,3-4-11,59.1,59.1,22,https://www.keiba.go.jp/KeibaWeb/TodayRaceInfo/Odds3LenFuku?k_babaCode=19&k_raceDate=2026%2F09%2F29&k_raceNo=2
2026-09-29 14:45:00,14:44,2026-09-29,funabashi,2,15,三連複,3-4-12,61.4,61.4,25,https://www.keiba.go.jp/KeibaWeb/TodayRaceInfo/Odds3LenFuku?k_babaCode=19&k_raceDate=2026%2F09%2F29&k_raceNo=2
2026-09-29 14:45:00,14:44,2026-09-29,funabashi,2,15,三連複,3-4-5,60.7,60.7,24,https://www.keiba.go.jp/KeibaWeb/TodayRaceInfo/Odds3LenFuku?k_babaCode=19&k_raceDate=2026%2F09%2F29&k_raceNo=2
2026-09-29 14:45:00,14:44,2026-09-29,funabashi,2,15,三連複,3-4-6,253.6,253.6,68,https://www.keiba.go.jp/KeibaWeb/TodayRaceInfo/Odds3LenFuku?k_babaCode=19&k_raceDate=2026%2F09%2F29&k_raceNo=2
2026-09-29 14:45:00,14:44,2026-09-29,funabashi,2,15,三連複,3-4-7,694.6,694.6,130,https://www.keiba.go.jp/KeibaWeb/TodayRaceInfo/Odds3LenFuku?k_babaCode=19&k_raceDate=2026%2F09%2F29&k_raceNo=2
2026-09-29 14:45:00,14:44,2026-09-29,funabashi,2,15,三連複,3-4-8,469.9,469.9,98,https://www.keiba.go.jp/KeibaWeb/TodayRaceInfo/Odds3LenFuku?k_babaCode=19&k_raceDate=2026%2F09%2F29&k_raceNo=2
2026-09-29 14:45:00,14:44,2026-09-29,funabashi,2,15,三連複,3-4-9,221.9,221.9,62,https://www.keiba.go.jp/KeibaWeb/TodayRaceInfo/Odds3LenFuku?k_babaCode=19&k_raceDate=2026%2F09%2F29&k_raceNo=2
2026-09-29 14:45:00,14:44,2026-09-29,funabashi,2,15,三連複,3-5-10,136.5,136.5,44,https://www.keiba.go.jp/KeibaWeb/TodayRaceInfo/Odds3LenFuku?k_babaCode=19&k_raceDate=2026%2F09%2F29&k_raceNo=2
2026-09-29 14:45:00,14:44,2026-09-29,funabashi,2,15,三連複,3-5-11,192.4,192.4,58,https://www.keiba.go.jp/KeibaWeb/TodayRaceInfo/Odds3LenFuku?k_babaCode=19&k_raceDate=2026%2F09%2F29&k_raceNo=2
2026-09-29 14:45:00,14:44,2026-09-29,funabashi,2,15,三連複,3-5-12,129.8,129.8,40,https://www.keiba.go.jp/KeibaWeb/TodayRaceInfo/Odds3LenFuku?k_babaCode=19&k_raceDate=2026%2F09%2F29&k_raceNo=2
2026-09-29 14:45:00,14:44,2026-09-29,funabashi,2,15,三連複,3-5-6,456.4,456.4,96,https://www.keiba.go.jp/KeibaWeb/TodayRaceInfo/Odds3LenFuku?k_babaCode=19&k_raceDate=2026%2F09%2F29&k_raceNo=2
2026-09-29 14:45:00,14:44,2026-09-29,funabashi,2,15,三連複,3-5-7,1331.4,1331.4,162,https://www.keiba.go.jp/KeibaWeb/TodayRaceInfo/Odds3LenFuku?k_babaCode=19&k_raceDate=2026%2F09%2F29&k_raceNo=2
2026-09-29 14:45:00,14:44,2026-09-29,funabashi,2,15,三連複,3-5-8,798.8,798.8,139,https://www.keiba.go.jp/KeibaWeb/TodayRaceInfo/Odds3LenFuku?k_babaCode=19&k_raceDate=2026%2F09%2F29&k_raceNo=2
2026-09-29 14:45:00,14:44,2026-09-29,funabashi,2,15,三連複,3-5-9,614.4,614.4,116,https://www.keiba.go.jp/KeibaWeb/TodayRaceInfo/Odds3LenFuku?k_babaCode=19&k_raceDate=2026%2F09%2F29&k_raceNo=2
2026-09-29 14:45:00,14:44,2026-09-29,funabashi,2,15,三連複,3-6-10,639.0,639.0,118,https://www.keiba.go.jp/KeibaWeb/TodayRaceInfo/Odds3LenFuku?k_babaCode=19&k_raceDate=2026%2F09%2F29&k_raceNo=2
2026-09-29 14:45:00,14:44,2026-09-29,funabashi,2,15,三連複,3-6-11,726.2,726.2,134,https://www.keiba.go.jp/KeibaWeb/TodayRaceInfo/Odds3LenFuku?k_babaCode=19&k_raceDate=2026%2F09%2F29&k_raceNo=2
2026-09-29 14:45:00,14:44,2026-09-29,funabashi,2,15,三連複,3-6-12,665.7,665.7,125,https://www.keiba.go.jp/KeibaWeb/TodayRaceInfo/Odds3LenFuku?k_babaCode=19&k_raceDate=2026%2F09%2F29&k_raceNo=2
2026-09-29 14:45:00,14:44,2026-09-29,funabashi,2,15,三連複,3-6-7,7988.4,7988.4,217,https://www.keiba.go.jp/KeibaWeb/TodayRaceInfo/Odds3LenFuku?k_babaCode=19&k_raceDate=2026%2F09%2F29&k_raceNo=2
2026-09-29 14:45:00,14:44,2026-09-29,funabashi,2,15,三連複,3-6-8,1065.1,1065.1,148,https://www.keiba.go.jp/KeibaWeb/TodayRaceInfo/Odds3LenFuku?k_babaCode=19&k_raceDate=2026%2F09%2F29&k_raceNo=2
2026-09-29 14:45:00,14:44,2026-09-29,funabashi,2,15,三連複,3-6-9,1141.2,1141.2,152,https://www.keiba.go.jp/KeibaWeb/TodayRaceInfo/Odds3LenFuku?k_babaCode=19&k_raceDate=2026%2F09%2F29&k_raceNo=2
2026-09-29 14:45:00,14:44,2026-09-29,funabashi,2,15,三連複,3-7-10,639.0,639.0,118,https://www.keiba.go.jp/KeibaWeb/TodayRaceInfo/Odds3LenFuku?k_babaCode=19&k_raceDate=2026%2F09%2F29&k_raceNo=2
2026-09-29 14:45:00,14:44,2026-09-29,funabashi,2,15,三連複,3-7-11,1997.1,1997.1,182,https://www.keiba.go.jp/KeibaWeb/TodayRaceInfo/Odds3LenFuku?k_babaCode=19&k_raceDate=2026%2F09%2F29&k_raceNo=2
2026-09-29 14:45:00,14:44,2026-09-29,funabashi,2,15,三連複,3-7-12,1452.4,1452.4,168,https://www.keiba.go.jp/KeibaWeb/TodayRaceInfo/Odds3LenFuku?k_babaCode=19&k_raceDate=2026%2F09%2F29&k_raceNo=2
2026-09-29 14:45:00,14:44,2026-09-29,funabashi,2,15,三連複,3-7-8,3994.2,3994.2,209,https://www.keiba.go.jp/KeibaWeb/TodayRaceInfo/Odds3LenFuku?k_babaCode=19&k_raceDate=2026%2F09%2F29&k_raceNo=2
2026-09-29 14:45:00,14:44,2026-09-29,funabashi,2,15,三連複,3-7-9,5325.6,5325.6,214,https://www.keiba.go.jp/KeibaWeb/TodayRaceInfo/Odds3LenFuku?k_babaCode=19&k_raceDate=2026%2F09%2F29&k_raceNo=2
2026-09-29 14:45:00,14:44,2026-09-29,funabashi,2,15,三連複,3-8-10,887.6,887.6,144,https://www.keiba.go.jp/KeibaWeb/TodayRaceInfo/Odds3LenFuku?k_babaCode=19&k_raceDate=2026%2F09%2F29&k_raceNo=2
2026-09-29 14:45:00,14:44,2026-09-29,funabashi,2,15,三連複,3-8-11,1775.2,1775.2,177,https://www.keiba.go.jp/KeibaWeb/TodayRaceInfo/Odds3LenFuku?k_babaCode=19&k_raceDate=2026%2F09%2F29&k_raceNo=2
2026-09-29 14:45:00,14:44,2026-09-29,funabashi,2,15,三連複,3-8-12,1228.9,1228.9,156,https://www.keiba.go.jp/KeibaWeb/TodayRaceInfo/Odds3LenFuku?k_babaCode=19&k_raceDate=2026%2F09%2F29&k_raceNo=2
2026-09-29 14:45:00,14:44,2026-09-29,funabashi,2,15,三連複,3-8-9,1597.6,1597.6,170,https://www.keiba.go.jp/KeibaWeb/TodayRaceInfo/Odds3LenFuku?k_babaCode=19&k_raceDate=2026%2F09%2F29&k_raceNo=2
2026-09-29 14:45:00,14:44,2026-09-29,funabashi,2,15,三連複,3-9-10,266.2,266.2,71,https://www.keiba.go.jp/KeibaWeb/TodayRaceInfo/Odds3LenFuku?k_babaCode=19&k_raceDate=2026%2F09%2F29&k_raceNo=2
2026-09-29 14:45:00,14:44,2026-09-29,funabashi,2,15,三連複,3-9-11,456.4,456.4,96,https://www.keiba.go.jp/KeibaWeb/TodayRaceInfo/Odds3LenFuku?k_babaCode=19&k_raceDate=2026%2F09%2F29&k_raceNo=2
2026-09-29 14:45:00,14:44,2026-09-29,funabashi,2,15,三連複,3-9-12,431.8,431.8,94,https://www.keiba.go.jp/KeibaWeb/TodayRaceInfo/Odds3LenFuku?k_babaCode=19&k_raceDate=2026%2F09%2F29&k_raceNo=2
2026-09-29 14:45:00,14:44,2026-09-29,funabashi,2,15,三連複,4-10-11,12.8,12.8,1,https://www.keiba.go.jp/KeibaWeb/TodayRaceInfo/Odds3LenFuku?k_babaCode=19&k_raceDate=2026%2F09%2F29&k_raceNo=2
2026-09-29 14:45:00,14:44,2026-09-29,funabashi,2,15,三連複,4-10-12,14.2,14.2,3,https://www.keiba.go.jp/KeibaWeb/TodayRaceInfo/Odds3LenFuku?k_babaCode=19&k_raceDate=2026%2F09%2F29&k_raceNo=2
2026-09-29 14:45:00,14:44,2026-09-29,funabashi,2,15,三連複,4-11-12,20.8,20.8,6,https://www.keiba.go.jp/KeibaWeb/TodayRaceInfo/Odds3LenFuku?k_babaCode=19&k_raceDate=2026%2F09%2F29&k_raceNo=2
2026-09-29 14:45:00,14:44,2026-09-29,funabashi,2,15,三連複,4-5-10,13.2,13.2,2,https://www.keiba.go.jp/KeibaWeb/TodayRaceInfo/Odds3LenFuku?k_babaCode=19&k_raceDate=2026%2F09%2F29&k_raceNo=2
2026-09-29 14:45:00,14:44,2026-09-29,funabashi,2,15,三連複,4-5-11,20.1,20.1,5,https://www.keiba.go.jp/KeibaWeb/TodayRaceInfo/Odds3LenFuku?k_babaCode=19&k_raceDate=2026%2F09%2F29&k_raceNo=2
2026-09-29 14:45:00,14:44,2026-09-29,funabashi,2,15,三連複,4-5-12,21.7,21.7,7,https://www.keiba.go.jp/KeibaWeb/TodayRaceInfo/Odds3LenFuku?k_babaCode=19&k_raceDate=2026%2F09%2F29&k_raceNo=2
2026-09-29 14:45:00,14:44,2026-09-29,funabashi,2,15,三連複,4-5-6,114.1,114.1,37,https://www.keiba.go.jp/KeibaWeb/TodayRaceInfo/Odds3LenFuku?k_babaCode=19&k_raceDate=2026%2F09%2F29&k_raceNo=2
2026-09-29 14:45:00,14:44,2026-09-29,funabashi,2,15,三連複,4-5-7,238.4,238.4,66,https://www.keiba.go.jp/KeibaWeb/TodayRaceInfo/Odds3LenFuku?k_babaCode=19&k_raceDate=2026%2F09%2F29&k_raceNo=2
2026-09-29 14:45:00,14:44,2026-09-29,funabashi,2,15,三連複,4-5-8,145.2,145.2,48,https://www.keiba.go.jp/KeibaWeb/TodayRaceInfo/Odds3LenFuku?k_babaCode=19&k_raceDate=2026%2F09%2F29&k_raceNo=2
2026-09-29 14:45:00,14:44,2026-09-29,funabashi,2,15,三連複,4-5-9,39.5,39.5,14,https://www.keiba.go.jp/KeibaWeb/TodayRaceInfo/Odds3LenFuku?k_babaCode=19&k_raceDate=2026%2F09%2F29&k_raceNo=2
2026-09-29 14:45:00,14:44,2026-09-29,funabashi,2,15,三連複,4-6-10,73.9,73.9,28,https://www.keiba.go.jp/KeibaWeb/TodayRaceInfo/Odds3LenFuku?k_babaCode=19&k_raceDate=2026%2F09%2F29&k_raceNo=2
2026-09-29 14:45:00,14:44,2026-09-29,funabashi,2,15,三連複,4-6-11,133.1,133.1,41,https://www.keiba.go.jp/KeibaWeb/TodayRaceInfo/Odds3LenFuku?k_babaCode=19&k_raceDate=2026%2F09%2F29&k_raceNo=2
2026-09-29 14:45:00,14:44,2026-09-29,funabashi,2,15,三連複,4-6-12,147.9,147.9,49,https://www.keiba.go.jp/KeibaWeb/TodayRaceInfo/Odds3LenFuku?k_babaCode=19&k_raceDate=2026%2F09%2F29&k_raceNo=2
2026-09-29 14:45:00,14:44,2026-09-29,funabashi,2,15,三連複,4-6-7,1228.9,1228.9,156,https://www.keiba.go.jp/KeibaWeb/TodayRaceInfo/Odds3LenFuku?k_babaCode=19&k_raceDate=2026%2F09%2F29&k_raceNo=2
2026-09-29 14:45:00,14:44,2026-09-29,funabashi,2,15,三連複,4-6-8,389.6,389.6,88,https://www.keiba.go.jp/KeibaWeb/TodayRaceInfo/Odds3LenFuku?k_babaCode=19&k_raceDate=2026%2F09%2F29&k_raceNo=2
2026-09-29 14:45:00,14:44,2026-09-29,funabashi,2,15,三連複,4-6-9,280.2,280.2,74,https://www.keiba.go.jp/KeibaWeb/TodayRaceInfo/Odds3LenFuku?k_babaCode=19&k_raceDate=2026%2F09%2F29&k_raceNo=2
2026-09-29 14:45:00,14:44,2026-09-29,funabashi,2,15,三連複,4-7-10,190.2,190.2,56,https://www.keiba.go.jp/KeibaWeb/TodayRaceInfo/Odds3LenFuku?k_babaCode=19&k_raceDate=2026%2F09%2F29&k_raceNo=2
2026-09-29 14:45:00,14:44,2026-09-29,funabashi,2,15,三連複,4-7-11,266.2,266.2,71,https://www.keiba.go.jp/KeibaWeb/TodayRaceInfo/Odds3LenFuku?k_babaCode=19&k_raceDate=2026%2F09%2F29&k_raceNo=2
2026-09-29 14:45:00,14:44,2026-09-29,funabashi,2,15,三連複,4-7-12,371.5,371.5,84,https://www.keiba.go.jp/KeibaWeb/TodayRaceInfo/Odds3LenFuku?k_babaCode=19&k_raceDate=2026%2F09%2F29&k_raceNo=2
2026-09-29 14:45:00,14:44,2026-09-29,funabashi,2,15,三連複,4-7-8,639.0,639.0,118,https://www.keiba.go.jp/KeibaWeb/TodayRaceInfo/Odds3LenFuku?k_babaCode=19&k_raceDate=2026%2F09%2F29&k_raceNo=2
2026-09-29 14:45:00,14:44,2026-09-29,funabashi,2,15,三連複,4-7-9,532.5,532.5,106,https://www.keiba.go.jp/KeibaWeb/TodayRaceInfo/Odds3LenFuku?k_babaCode=19&k_raceDate=2026%2F09%2F29&k_raceNo=2
2026-09-29 14:45:00,14:44,2026-09-29,funabashi,2,15,三連複,4-8-10,74.3,74.3,29,https://www.keiba.go.jp/KeibaWeb/TodayRaceInfo/Odds3LenFuku?k_babaCode=19&k_raceDate=2026%2F09%2F29&k_raceNo=2
2026-09-29 14:45:00,14:44,2026-09-29,funabashi,2,15,三連複,4-8-11,153.6,153.6,51,https://www.keiba.go.jp/KeibaWeb/TodayRaceInfo/Odds3LenFuku?k_babaCode=19&k_raceDate=2026%2F09%2F29&k_raceNo=2
2026-09-29 14:45:00,14:44,2026-09-29,funabashi,2,15,三連複,4-8-12,158.1,158.1,54,https://www.keiba.go.jp/KeibaWeb/TodayRaceInfo/Odds3LenFuku?k_babaCode=19&k_raceDate=2026%2F09%2F29&k_raceNo=2
2026-09-29 14:45:00,14:44,2026-09-29,funabashi,2,15,三連複,4-8-9,156.6,156.6,53,https://www.keiba.go.jp/KeibaWeb/TodayRaceInfo/Odds3LenFuku?k_babaCode=19&k_raceDate=2026%2F09%2F29&k_raceNo=2
2026-09-29 14:45:00,14:44,2026-09-29,funabashi,2,15,三連複,4-9-10,17.5,17.5,4,https://www.keiba.go.jp/KeibaWeb/TodayRaceInfo/Odds3LenFuku?k_babaCode=19&k_raceDate=2026%2F09%2F29&k_raceNo=2
2026-09-29 14:45:00,14:44,2026-09-29,funabashi,2,15,三連複,4-9-11,34.9,34.9,13,https://www.keiba.go.jp/KeibaWeb/TodayRaceInfo/Odds3LenFuku?k_babaCode=19&k_raceDate=2026%2F09%2F29&k_raceNo=2
2026-09-29 14:45:00,14:44,2026-09-29,funabashi,2,15,三連複,4-9-12,52.2,52.2,20,https://www.keiba.go.jp/KeibaWeb/TodayRaceInfo/Odds3LenFuku?k_babaCode=19&k_raceDate=2026%2F09%2F29&k_raceNo=2
2026-09-29 14:45:00,14:44,2026-09-29,funabashi,2,15,三連複,5-10-11,31.7,31.7,10,https://www.keiba.go.jp/KeibaWeb/TodayRaceInfo/Odds3LenFuku?k_babaCode=19&k_raceDate=2026%2F09%2F29&k_raceNo=2
2026-09-29 14:45:00,14:44,2026-09-29,funabashi,2,15,三連複,5-10-12,31.2,31.2,9,https://www.keiba.go.jp/KeibaWeb/TodayRaceInfo/Odds3LenFuku?k_babaCode=19&k_raceDate=2026%2F09%2F29&k_raceNo=2
2026-09-29 14:45:00,14:44,2026-09-29,funabashi,2,15,三連複,5-11-12,43.4,43.4,16,https://www.keiba.go.jp/KeibaWeb/TodayRaceInfo/Odds3LenFuku?k_babaCode=19&k_raceDate=2026%2F09%2F29&k_raceNo=2
2026-09-29 14:45:00,14:44,2026-09-29,funabashi,2,15,三連複,5-6-10,202.2,202.2,60,https://www.keiba.go.jp/KeibaWeb/TodayRaceInfo/Odds3LenFuku?k_babaCode=19&k_raceDate=2026%2F09%2F29&k_raceNo=2
2026-09-29 14:45:00,14:44,2026-09-29,funabashi,2,15,三連複,5-6-11,326.0,326.0,81,https://www.keiba.go.jp/KeibaWeb/TodayRaceInfo/Odds3LenFuku?k_babaCode=19&k_raceDate=2026%2F09%2F29&k_raceNo=2
2026-09-29 14:45:00,14:44,2026-09-29,funabashi,2,15,三連複,5-6-12,285.3,285.3,77,https://www.keiba.go.jp/KeibaWeb/TodayRaceInfo/Odds3LenFuku?k_babaCode=19&k_raceDate=2026%2F09%2F29&k_raceNo=2
2026-09-29 14:45:00,14:44,2026-09-29,funabashi,2,15,三連複,5-6-7,2662.8,2662.8,197,https://www.keiba.go.jp/KeibaWeb/TodayRaceInfo/Odds3LenFuku?k_babaCode=19&k_raceDate=2026%2F09%2F29&k_raceNo=2
2026-09-29 14:45:00,14:44,2026-09-29,funabashi,2,15,三連複,5-6-8,639.0,639.0,118,https://www.keiba.go.jp/KeibaWeb/TodayRaceInfo/Odds3LenFuku?k_babaCode=19&k_raceDate=2026%2F09%2F29&k_raceNo=2
2026-09-29 14:45:00,14:44,2026-09-29,funabashi,2,15,三連複,5-6-9,420.4,420.4,92,https://www.keiba.go.jp/KeibaWeb/TodayRaceInfo/Odds3LenFuku?k_babaCode=19&k_raceDate=2026%2F09%2F29&k_raceNo=2
2026-09-29 14:45:00,14:44,2026-09-29,funabashi,2,15,三連複,5-7-10,499.2,499.2,101,https://www.keiba.go.jp/KeibaWeb/TodayRaceInfo/Odds3LenFuku?k_babaCode=19&k_raceDate=2026%2F09%2F29&k_raceNo=2
2026-09-29 14:45:00,14:44,2026-09-29,funabashi,2,15,三連複,5-7-11,665.7,665.7,125,https://www.keiba.go.jp/KeibaWeb/TodayRaceInfo/Odds3LenFuku?k_babaCode=19&k_raceDate=2026%2F09%2F29&k_raceNo=2
2026-09-29 14:45:00,14:44,2026-09-29,funabashi,2,15,三連複,5-7-12,515.3,515.3,104,https://www.keiba.go.jp/KeibaWeb/TodayRaceInfo/Odds3LenFuku?k_babaCode=19&k_raceDate=2026%2F09%2F29&k_raceNo=2
2026-09-29 14:45:00,14:44,2026-09-29,funabashi,2,15,三連複,5-7-8,1597.6,1597.6,170,https://www.keiba.go.jp/KeibaWeb/TodayRaceInfo/Odds3LenFuku?k_babaCode=19&k_raceDate=2026%2F09%2F29&k_raceNo=2
2026-09-29 14:45:00,14:44,2026-09-29,funabashi,2,15,三連複,5-7-9,1065.1,1065.1,148,https://www.keiba.go.jp/KeibaWeb/TodayRaceInfo/Odds3LenFuku?k_babaCode=19&k_raceDate=2026%2F09%2F29&k_raceNo=2
2026-09-29 14:45:00,14:44,2026-09-29,funabashi,2,15,三連複,5-8-10,215.9,215.9,61,https://www.keiba.go.jp/KeibaWeb/TodayRaceInfo/Odds3LenFuku?k_babaCode=19&k_raceDate=2026%2F09%2F29&k_raceNo=2
2026-09-29 14:45:00,14:44,2026-09-29,funabashi,2,15,三連複,5-8-11,570.6,570.6,112,https://www.keiba.go.jp/KeibaWeb/TodayRaceInfo/Odds3LenFuku?k_babaCode=19&k_raceDate=2026%2F09%2F29&k_raceNo=2
2026-09-29 14:45:00,14:44,2026-09-29,funabashi,2,15,三連複,5-8-12,499.2,499.2,101,https://www.keiba.go.jp/KeibaWeb/TodayRaceInfo/Odds3LenFuku?k_babaCode=19&k_raceDate=2026%2F09%2F29&k_raceNo=2
2026-09-29 14:45:00,14:44,2026-09-29,funabashi,2,15,三連複,5-8-9,371.5,371.5,84,https://www.keiba.go.jp/KeibaWeb/TodayRaceInfo/Odds3LenFuku?k_babaCode=19&k_raceDate=2026%2F09%2F29&k_raceNo=2
2026-09-29 14:45:00,14:44,2026-09-29,funabashi,2,15,三連複,5-9-10,42.2,42.2,15,https://www.keiba.go.jp/KeibaWeb/TodayRaceInfo/Odds3LenFuku?k_babaCode=19&k_raceDate=2026%2F09%2F29&k_raceNo=2
2026-09-29 14:45:00,14:44,2026-09-29,funabashi,2,15,三連複,5-9-11,71.3,71.3,27,https://www.keiba.go.jp/KeibaWeb/TodayRaceInfo/Odds3LenFuku?k_babaCode=19&k_raceDate=2026%2F09%2F29&k_raceNo=2
2026-09-29 14:45:00,14:44,2026-09-29,funabashi,2,15,三連複,5-9-12,138.9,138.9,45,https://www.keiba.go.jp/KeibaWeb/TodayRaceInfo/Odds3LenFuku?k_babaCode=19&k_raceDate=2026%2F09%2F29&k_raceNo=2
2026-09-29 14:45:00,14:44,2026-09-29,funabashi,2,15,三連複,6-10-11,194.8,194.8,59,https://www.keiba.go.jp/KeibaWeb/TodayRaceInfo/Odds3LenFuku?k_babaCode=19&k_raceDate=2026%2F09%2F29&k_raceNo=2
2026-09-29 14:45:00,14:44,2026-09-29,funabashi,2,15,三連複,6-10-12,104.4,104.4,35,https://www.keiba.go.jp/KeibaWeb/TodayRaceInfo/Odds3LenFuku?k_babaCode=19&k_raceDate=2026%2F09%2F29&k_raceNo=2
2026-09-29 14:45:00,14:44,2026-09-29,funabashi,2,15,三連複,6-11-12,319.5,319.5,79,https://www.keiba.go.jp/KeibaWeb/TodayRaceInfo/Odds3LenFuku?k_babaCode=19&k_raceDate=2026%2F09%2F29&k_raceNo=2
2026-09-29 14:45:00,14:44,2026-09-29,funabashi,2,15,三連複,6-7-10,1065.1,1065.1,148,https://www.keiba.go.jp/KeibaWeb/TodayRaceInfo/Odds3LenFuku?k_babaCode=19&k_raceDate=2026%2F09%2F29&k_raceNo=2
2026-09-29 14:45:00,14:44,2026-09-29,funabashi,2,15,三連複,6-7-11,5325.6,5325.6,214,https://www.keiba.go.jp/KeibaWeb/TodayRaceInfo/Odds3LenFuku?k_babaCode=19&k_raceDate=2026%2F09%2F29&k_raceNo=2
2026-09-29 14:45:00,14:44,2026-09-29,funabashi,2,15,三連複,6-7-12,2662.8,2662.8,197,https://www.keiba.go.jp/KeibaWeb/TodayRaceInfo/Odds3LenFuku?k_babaCode=19&k_raceDate=2026%2F09%2F29&k_raceNo=2
2026-09-29 14:45:00,14:44,2026-09-29,funabashi,2,15,三連複,6-7-8,3195.3,3195.3,204,https://www.keiba.go.jp/KeibaWeb/TodayRaceInfo/Odds3LenFuku?k_babaCode=19&k_raceDate=2026%2F09%2F29&k_raceNo=2
2026-09-29 14:45:00,14:44,2026-09-29,funabashi,2,15,三連複,6-7-9,1775.2,1775.2,177,https://www.keiba.go.jp/KeibaWeb/TodayRaceInfo/Odds3LenFuku?k_babaCode=19&k_raceDate=2026%2F09%2F29&k_raceNo=2
2026-09-29 14:45:00,14:44,2026-09-29,funabashi,2,15,三連複,6-8-10,319.5,319.5,79,https://www.keiba.go.jp/KeibaWeb/TodayRaceInfo/Odds3LenFuku?k_babaCode=19&k_raceDate=2026%2F09%2F29&k_raceNo=2
2026-09-29 14:45:00,14:44,2026-09-29,funabashi,2,15,三連複,6-8-11,2282.4,2282.4,188,https://www.keiba.go.jp/KeibaWeb/TodayRaceInfo/Odds3LenFuku?k_babaCode=19&k_raceDate=2026%2F09%2F29&k_raceNo=2
2026-09-29 14:45:00,14:44,2026-09-29,funabashi,2,15,三連複,6-8-12,1775.2,1775.2,177,https://www.keiba.go.jp/KeibaWeb/TodayRaceInfo/Odds3LenFuku?k_babaCode=19&k_raceDate=2026%2F09%2F29&k_raceNo=2
2026-09-29 14:45:00,14:44,2026-09-29,funabashi,2,15,三連複,6-8-9,639.0,639.0,118,https://www.keiba.go.jp/KeibaWeb/TodayRaceInfo/Odds3LenFuku?k_babaCode=19&k_raceDate=2026%2F09%2F29&k_raceNo=2
2026-09-29 14:45:00,14:44,2026-09-29,funabashi,2,15,三連複,6-9-10,90.2,90.2,30,https://www.keiba.go.jp/KeibaWeb/TodayRaceInfo/Odds3LenFuku?k_babaCode=19&k_raceDate=2026%2F09%2F29&k_raceNo=2
2026-09-29 14:45:00,14:44,2026-09-29,funabashi,2,15,三連複,6-9-11,532.5,532.5,106,https://www.keiba.go.jp/KeibaWeb/TodayRaceInfo/Odds3LenFuku?k_babaCode=19&k_raceDate=2026%2F09%2F29&k_raceNo=2
2026-09-29 14:45:00,14:44,2026-09-29,funabashi,2,15,三連複,6-9-12,760.8,760.8,137,https://www.keiba.go.jp/KeibaWeb/TodayRaceInfo/Odds3LenFuku?k_babaCode=19&k_raceDate=2026%2F09%2F29&k_raceNo=2
2026-09-29 14:45:00,14:44,2026-09-29,funabashi,2,15,三連複,7-10-11,443.8,443.8,95,https://www.keiba.go.jp/KeibaWeb/TodayRaceInfo/Odds3LenFuku?k_babaCode=19&k_raceDate=2026%2F09%2F29&k_raceNo=2
2026-09-29 14:45:00,14:44,2026-09-29,funabashi,2,15,三連複,7-10-12,420.4,420.4,92,https://www.keiba.go.jp/KeibaWeb/TodayRaceInfo/Odds3LenFuku?k_babaCode=19&k_raceDate=2026%2F09%2F29&k_raceNo=2
2026-09-29 14:45:00,14:44,2026-09-29,funabashi,2,15,三連複,7-11-12,484.1,484.1,99,https://www.keiba.go.jp/KeibaWeb/TodayRaceInfo/Odds3LenFuku?k_babaCode=19&k_raceDate=2026%2F09%2F29&k_raceNo=2
2026-09-29 14:45:00,14:44,2026-09-29,funabashi,2,15,三連複,7-8-10,694.6,694.6,130,https://www.keiba.go.jp/KeibaWeb/TodayRaceInfo/Odds3LenFuku?k_babaCode=19&k_raceDate=2026%2F09%2F29&k_raceNo=2
2026-09-29 14:45:00,14:44,2026-09-29,funabashi,2,15,三連複,7-8-11,1597.6,1597.6,170,https://www.keiba.go.jp/KeibaWeb/TodayRaceInfo/Odds3LenFuku?k_babaCode=19&k_raceDate=2026%2F09%2F29&k_raceNo=2
2026-09-29 14:45:00,14:44,2026-09-29,funabashi,2,15,三連複,7-8-12,1597.6,1597.6,170,https://www.keiba.go.jp/KeibaWeb/TodayRaceInfo/Odds3LenFuku?k_babaCode=19&k_raceDate=2026%2F09%2F29&k_raceNo=2
2026-09-29 14:45:00,14:44,2026-09-29,funabashi,2,15,三連複,7-8-9,887.6,887.6,144,https://www.keiba.go.jp/KeibaWeb/TodayRaceInfo/Odds3LenFuku?k_babaCode=19&k_raceDate=2026%2F09%2F29&k_raceNo=2
2026-09-29 14:45:00,14:44,2026-09-29,funabashi,2,15,三連複,7-9-10,380.4,380.4,86,https://www.keiba.go.jp/KeibaWeb/TodayRaceInfo/Odds3LenFuku?k_babaCode=19&k_raceDate=2026%2F09%2F29&k_raceNo=2
2026-09-29 14:45:00,14:44,2026-09-29,funabashi,2,15,三連複,7-9-11,1331.4,1331.4,162,https://www.keiba.go.jp/KeibaWeb/TodayRaceInfo/Odds3LenFuku?k_babaCode=19&k_raceDate=2026%2F09%2F29&k_raceNo=2
2026-09-29 14:45:00,14:44,2026-09-29,funabashi,2,15,三連複,7-9-12,1331.4,1331.4,162,https://www.keiba.go.jp/KeibaWeb/TodayRaceInfo/Odds3LenFuku?k_babaCode=19&k_raceDate=2026%2F09%2F29&k_raceNo=2
2026-09-29 14:45:00,14:44,2026-09-29,funabashi,2,15,三連複,8-10-11,133.1,133.1,41,https://www.keiba.go.jp/KeibaWeb/TodayRaceInfo/Odds3LenFuku?k_babaCode=19&k_raceDate=2026%2F09%2F29&k_raceNo=2
2026-09-29 14:45:00,14:44,2026-09-29,funabashi,2,15,三連複,8-10-12,141.3,141.3,46,https://www.keiba.go.jp/KeibaWeb/TodayRaceInfo/Odds3LenFuku?k_babaCode=19&k_raceDate=2026%2F09%2F29&k_raceNo=2
2026-09-29 14:45:00,14:44,2026-09-29,funabashi,2,15,三連複,8-11-12,261.9,261.9,70,https://www.keiba.go.jp/KeibaWeb/TodayRaceInfo/Odds3LenFuku?k_babaCode=19&k_raceDate=2026%2F09%2F29&k_raceNo=2
2026-09-29 14:45:00,14:44,2026-09-29,funabashi,2,15,三連複,8-9-10,98.0,98.0,31,https://www.keiba.go.jp/KeibaWeb/TodayRaceInfo/Odds3LenFuku?k_babaCode=19&k_raceDate=2026%2F09%2F29&k_raceNo=2
2026-09-29 14:45:00,14:44,2026-09-29,funabashi,2,15,三連複,8-9-11,234.9,234.9,65,https://www.keiba.go.jp/KeibaWeb/TodayRaceInfo/Odds3LenFuku?k_babaCode=19&k_raceDate=2026%2F09%2F29&k_raceNo=2
2026-09-29 14:45:00,14:44,2026-09-29,funabashi,2,15,三連複,8-9-12,399.4,399.4,90,https://www.keiba.go.jp/KeibaWeb/TodayRaceInfo/Odds3LenFuku?k_babaCode=19&k_raceDate=2026%2F09%2F29&k_raceNo=2
2026-09-29 14:45:00,14:44,2026-09-29,funabashi,2,15,三連複,9-10-11,31.8,31.8,11,https://www.keiba.go.jp/KeibaWeb/TodayRaceInfo/Odds3LenFuku?k_babaCode=19&k_raceDate=2026%2F09%2F29&k_raceNo=2
2026-09-29 14:45:00,14:44,2026-09-29,funabashi,2,15,三連複,9-10-12,34.5,34.5,12,https://www.keiba.go.jp/KeibaWeb/TodayRaceInfo/Odds3LenFuku?k_babaCode=19&k_raceDate=2026%2F09%2F29&k_raceNo=2
2026-09-29 14:45:00,14:44,2026-09-29,funabashi,2,15,三連複,9-11-12,63.6,63.6,26,https://www.keiba.go.jp/KeibaWeb/TodayRaceInfo/Odds3LenFuku?k_babaCode=19&k_raceDate=2026%2F09%2F29&k_raceNo=2
2026-09-29 14:45:00,14:44,2026-09-29,funabashi,2,15,馬連,1-10,99.7,99.7,29,https://www.keiba.go.jp/KeibaWeb/TodayRaceInfo/OddsUmLenFuku?k_babaCode=19&k_raceDate=2026%2F09%2F29&k_raceNo=2
2026-09-29 14:45:00,14:44,2026-09-29,funabashi,2,15,馬連,1-11,58.6,58.6,17,https://www.keiba.go.jp/KeibaWeb/TodayRaceInfo/OddsUmLenFuku?k_babaCode=19&k_raceDate=2026%2F09%2F29&k_raceNo=2
2026-09-29 14:45:00,14:44,2026-09-29,funabashi,2,15,馬連,1-12,63.0,63.0,19,https://www.keiba.go.jp/KeibaWeb/TodayRaceInfo/OddsUmLenFuku?k_babaCode=19&k_raceDate=2026%2F09%2F29&k_raceNo=2
2026-09-29 14:45:00,14:44,2026-09-29,funabashi,2,15,馬連,1-2,668.6,668.6,60,https://www.keiba.go.jp/KeibaWeb/TodayRaceInfo/OddsUmLenFuku?k_babaCode=19&k_raceDate=2026%2F09%2F29&k_raceNo=2
2026-09-29 14:45:00,14:44,2026-09-29,funabashi,2,15,馬連,1-3,208.9,208.9,40,https://www.keiba.go.jp/KeibaWeb/TodayRaceInfo/OddsUmLenFuku?k_babaCode=19&k_raceDate=2026%2F09%2F29&k_raceNo=2
2026-09-29 14:45:00,14:44,2026-09-29,funabashi,2,15,馬連,1-4,40.7,40.7,14,https://www.keiba.go.jp/KeibaWeb/TodayRaceInfo/OddsUmLenFuku?k_babaCode=19&k_raceDate=2026%2F09%2F29&k_raceNo=2
2026-09-29 14:45:00,14:44,2026-09-29,funabashi,2,15,馬連,1-5,72.6,72.6,23,https://www.keiba.go.jp/KeibaWeb/TodayRaceInfo/OddsUmLenFuku?k_babaCode=19&k_raceDate=2026%2F09%2F29&k_raceNo=2
2026-09-29 14:45:00,14:44,2026-09-29,funabashi,2,15,馬連,1-6,167.1,167.1,36,https://www.keiba.go.jp/KeibaWeb/TodayRaceInfo/OddsUmLenFuku?k_babaCode=19&k_raceDate=2026%2F09%2F29&k_raceNo=2
2026-09-29 14:45:00,14:44,2026-09-29,funabashi,2,15,馬連,1-7,955.1,955.1,65,https://www.keiba.go.jp/KeibaWeb/TodayRaceInfo/OddsUmLenFuku?k_babaCode=19&k_raceDate=2026%2F09%2F29&k_raceNo=2
2026-09-29 14:45:00,14:44,2026-09-29,funabashi,2,15,馬連,1-8,351.9,351.9,53,https://www.keiba.go.jp/KeibaWeb/TodayRaceInfo/OddsUmLenFuku?k_babaCode=19&k_raceDate=2026%2F09%2F29&k_raceNo=2
2026-09-29 14:45:00,14:44,2026-09-29,funabashi,2,15,馬連,1-9,278.5,278.5,48,https://www.keiba.go.jp/KeibaWeb/TodayRaceInfo/OddsUmLenFuku?k_babaCode=19&k_raceDate=2026%2F09%2F29&k_raceNo=2
2026-09-29 14:45:00,14:44,2026-09-29,funabashi,2,15,馬連,10-11,15.5,15.5,5,https://www.keiba.go.jp/KeibaWeb/TodayRaceInfo/OddsUmLenFuku?k_babaCode=19&k_raceDate=2026%2F09%2F29&k_raceNo=2
2026-09-29 14:45:00,14:44,2026-09-29,funabashi,2,15,馬連,10-12,16.8,16.8,7,https://www.keiba.go.jp/KeibaWeb/TodayRaceInfo/OddsUmLenFuku?k_babaCode=19&k_raceDate=2026%2F09%2F29&k_raceNo=2
2026-09-29 14:45:00,14:44,2026-09-29,funabashi,2,15,馬連,11-12,15.6,15.6,6,https://www.keiba.go.jp/KeibaWeb/TodayRaceInfo/OddsUmLenFuku?k_babaCode=19&k_raceDate=2026%2F09%2F29&k_raceNo=2
2026-09-29 14:45:00,14:44,2026-09-29,funabashi,2,15,馬連,2-10,208.9,208.9,40,https://www.keiba.go.jp/KeibaWeb/TodayRaceInfo/OddsUmLenFuku?k_babaCode=19&k_raceDate=2026%2F09%2F29&k_raceNo=2
2026-09-29 14:45:00,14:44,2026-09-29,funabashi,2,15,馬連,2-11,334.3,334.3,52,https://www.keiba.go.jp/KeibaWeb/TodayRaceInfo/OddsUmLenFuku?k_babaCode=19&k_raceDate=2026%2F09%2F29&k_raceNo=2
2026-09-29 14:45:00,14:44,2026-09-29,funabashi,2,15,馬連,2-12,303.9,303.9,50,https://www.keiba.go.jp/KeibaWeb/TodayRaceInfo/OddsUmLenFuku?k_babaCode=19&k_raceDate=2026%2F09%2F29&k_raceNo=2
2026-09-29 14:45:00,14:44,2026-09-29,funabashi,2,15,馬連,2-3,742.9,742.9,62,https://www.keiba.go.jp/KeibaWeb/TodayRaceInfo/OddsUmLenFuku?k_babaCode=19&k_raceDate=2026%2F09%2F29&k_raceNo=2
2026-09-29 14:45:00,14:44,2026-09-29,funabashi,2,15,馬連,2-4,208.9,208.9,40,https://www.keiba.go.jp/KeibaWeb/TodayRaceInfo/OddsUmLenFuku?k_babaCode=19&k_raceDate=2026%2F09%2F29&k_raceNo=2
2026-09-29 14:45:00,14:44,2026-09-29,funabashi,2,15,馬連,2-5,196.6,196.6,39,https://www.keiba.go.jp/KeibaWeb/TodayRaceInfo/OddsUmLenFuku?k_babaCode=19&k_raceDate=2026%2F09%2F29&k_raceNo=2
2026-09-29 14:45:00,14:44,2026-09-29,funabashi,2,15,馬連,2-6,668.6,668.6,60,https://www.keiba.go.jp/KeibaWeb/TodayRaceInfo/OddsUmLenFuku?k_babaCode=19&k_raceDate=2026%2F09%2F29&k_raceNo=2
2026-09-29 14:45:00,14:44,2026-09-29,funabashi,2,15,馬連,2-7,835.7,835.7,64,https://www.keiba.go.jp/KeibaWeb/TodayRaceInfo/OddsUmLenFuku?k_babaCode=19&k_raceDate=2026%2F09%2F29&k_raceNo=2
2026-09-29 14:45:00,14:44,2026-09-29,funabashi,2,15,馬連,2-8,230.5,230.5,44,https://www.keiba.go.jp/KeibaWeb/TodayRaceInfo/OddsUmLenFuku?k_babaCode=19&k_raceDate=2026%2F09%2F29&k_raceNo=2
2026-09-29 14:45:00,14:44,2026-09-29,funabashi,2,15,馬連,2-9,417.8,417.8,56,https://www.keiba.go.jp/KeibaWeb/TodayRaceInfo/OddsUmLenFuku?k_babaCode=19&k_raceDate=2026%2F09%2F29&k_raceNo=2
2026-09-29 14:45:00,14:44,2026-09-29,funabashi,2,15,馬連,3-10,68.9,68.9,21,https://www.keiba.go.jp/KeibaWeb/TodayRaceInfo/OddsUmLenFuku?k_babaCode=19&k_raceDate=2026%2F09%2F29&k_raceNo=2
2026-09-29 14:45:00,14:44,2026-09-29,funabashi,2,15,馬連,3-11,90.3,90.3,26,https://www.keiba.go.jp/KeibaWeb/TodayRaceInfo/OddsUmLenFuku?k_babaCode=19&k_raceDate=2026%2F09%2F29&k_raceNo=2
2026-09-29 14:45:00,14:44,2026-09-29,funabashi,2,15,馬連,3-12,95.5,95.5,28,https://www.keiba.go.jp/KeibaWeb/TodayRaceInfo/OddsUmLenFuku?k_babaCode=19&k_raceDate=2026%2F09%2F29&k_raceNo=2
2026-09-29 14:45:00,14:44,2026-09-29,funabashi,2,15,馬連,3-4,22.5,22.5,9,https://www.keiba.go.jp/KeibaWeb/TodayRaceInfo/OddsUmLenFuku?k_babaCode=19&k_raceDate=2026%2F09%2F29&k_raceNo=2
2026-09-29 14:45:00,14:44,2026-09-29,funabashi,2,15,馬連,3-5,79.5,79.5,24,https://www.keiba.go.jp/KeibaWeb/TodayRaceInfo/OddsUmLenFuku?k_babaCode=19&k_raceDate=2026%2F09%2F29&k_raceNo=2
2026-09-29 14:45:00,14:44,2026-09-29,funabashi,2,15,馬連,3-6,159.1,159.1,35,https://www.keiba.go.jp/KeibaWeb/TodayRaceInfo/OddsUmLenFuku?k_babaCode=19&k_raceDate=2026%2F09%2F29&k_raceNo=2
2026-09-29 14:45:00,14:44,2026-09-29,funabashi,2,15,馬連,3-7,742.9,742.9,62,https://www.keiba.go.jp/KeibaWeb/TodayRaceInfo/OddsUmLenFuku?k_babaCode=19&k_raceDate=2026%2F09%2F29&k_raceNo=2
2026-09-29 14:45:00,14:44,2026-09-29,funabashi,2,15,馬連,3-8,417.8,417.8,56,https://www.keiba.go.jp/KeibaWeb/TodayRaceInfo/OddsUmLenFuku?k_babaCode=19&k_raceDate=2026%2F09%2F29&k_raceNo=2
2026-09-29 14:45:00,14:44,2026-09-29,funabashi,2,15,馬連,3-9,238.7,238.7,47,https://www.keiba.go.jp/KeibaWeb/TodayRaceInfo/OddsUmLenFuku?k_babaCode=19&k_raceDate=2026%2F09%2F29&k_raceNo=2
2026-09-29 14:45:00,14:44,2026-09-29,funabashi,2,15,馬連,4-10,5.0,5.0,1,https://www.keiba.go.jp/KeibaWeb/TodayRaceInfo/OddsUmLenFuku?k_babaCode=19&k_raceDate=2026%2F09%2F29&k_raceNo=2
2026-09-29 14:45:00,14:44,2026-09-29,funabashi,2,15,馬連,4-11,8.2,8.2,3,https://www.keiba.go.jp/KeibaWeb/TodayRaceInfo/OddsUmLenFuku?k_babaCode=19&k_raceDate=2026%2F09%2F29&k_raceNo=2
2026-09-29 14:45:00,14:44,2026-09-29,funabashi,2,15,馬連,4-12,11.8,11.8,4,https://www.keiba.go.jp/KeibaWeb/TodayRaceInfo/OddsUmLenFuku?k_babaCode=19&k_raceDate=2026%2F09%2F29&k_raceNo=2
2026-09-29 14:45:00,14:44,2026-09-29,funabashi,2,15,馬連,4-5,8.1,8.1,2,https://www.keiba.go.jp/KeibaWeb/TodayRaceInfo/OddsUmLenFuku?k_babaCode=19&k_raceDate=2026%2F09%2F29&k_raceNo=2
2026-09-29 14:45:00,14:44,2026-09-29,funabashi,2,15,馬連,4-6,57.1,57.1,16,https://www.keiba.go.jp/KeibaWeb/TodayRaceInfo/OddsUmLenFuku?k_babaCode=19&k_raceDate=2026%2F09%2F29&k_raceNo=2
2026-09-29 14:45:00,14:44,2026-09-29,funabashi,2,15,馬連,4-7,185.7,185.7,38,https://www.keiba.go.jp/KeibaWeb/TodayRaceInfo/OddsUmLenFuku?k_babaCode=19&k_raceDate=2026%2F09%2F29&k_raceNo=2
2026-09-29 14:45:00,14:44,2026-09-29,funabashi,2,15,馬連,4-8,80.5,80.5,25,https://www.keiba.go.jp/KeibaWeb/TodayRaceInfo/OddsUmLenFuku?k_babaCode=19&k_raceDate=2026%2F09%2F29&k_raceNo=2
2026-09-29 14:45:00,14:44,2026-09-29,funabashi,2,15,馬連,4-9,33.1,33.1,13,https://www.keiba.go.jp/KeibaWeb/TodayRaceInfo/OddsUmLenFuku?k_babaCode=19&k_raceDate=2026%2F09%2F29&k_raceNo=2
2026-09-29 14:45:00,14:44,2026-09-29,funabashi,2,15,馬連,5-10,25.8,25.8,10,https://www.keiba.go.jp/KeibaWeb/TodayRaceInfo/OddsUmLenFuku?k_babaCode=19&k_raceDate=2026%2F09%2F29&k_raceNo=2
2026-09-29 14:45:00,14:44,2026-09-29,funabashi,2,15,馬連,5-11,26.2,26.2,11,https://www.keiba.go.jp/KeibaWeb/TodayRaceInfo/OddsUmLenFuku?k_babaCode=19&k_raceDate=2026%2F09%2F29&k_raceNo=2
2026-09-29 14:45:00,14:44,2026-09-29,funabashi,2,15,馬連,5-12,27.5,27.5,12,https://www.keiba.go.jp/KeibaWeb/TodayRaceInfo/OddsUmLenFuku?k_babaCode=19&k_raceDate=2026%2F09%2F29&k_raceNo=2
2026-09-29 14:45:00,14:44,2026-09-29,funabashi,2,15,馬連,5-6,123.8,123.8,30,https://www.keiba.go.jp/KeibaWeb/TodayRaceInfo/OddsUmLenFuku?k_babaCode=19&k_raceDate=2026%2F09%2F29&k_raceNo=2
2026-09-29 14:45:00,14:44,2026-09-29,funabashi,2,15,馬連,5-7,351.9,351.9,53,https://www.keiba.go.jp/KeibaWeb/TodayRaceInfo/OddsUmLenFuku?k_babaCode=19&k_raceDate=2026%2F09%2F29&k_raceNo=2
2026-09-29 14:45:00,14:44,2026-09-29,funabashi,2,15,馬連,5-8,133.7,133.7,32,https://www.keiba.go.jp/KeibaWeb/TodayRaceInfo/OddsUmLenFuku?k_babaCode=19&k_raceDate=2026%2F09%2F29&k_raceNo=2
2026-09-29 14:45:00,14:44,2026-09-29,funabashi,2,15,馬連,5-9,70.3,70.3,22,https://www.keiba.go.jp/KeibaWeb/TodayRaceInfo/OddsUmLenFuku?k_babaCode=19&k_raceDate=2026%2F09%2F29&k_raceNo=2
2026-09-29 14:45:00,14:44,2026-09-29,funabashi,2,15,馬連,6-10,94.1,94.1,27,https://www.keiba.go.jp/KeibaWeb/TodayRaceInfo/OddsUmLenFuku?k_babaCode=19&k_raceDate=2026%2F09%2F29&k_raceNo=2
2026-09-29 14:45:00,14:44,2026-09-29,funabashi,2,15,馬連,6-11,136.4,136.4,33,https://www.keiba.go.jp/KeibaWeb/TodayRaceInfo/OddsUmLenFuku?k_babaCode=19&k_raceDate=2026%2F09%2F29&k_raceNo=2
2026-09-29 14:45:00,14:44,2026-09-29,funabashi,2,15,馬連,6-12,180.7,180.7,37,https://www.keiba.go.jp/KeibaWeb/TodayRaceInfo/OddsUmLenFuku?k_babaCode=19&k_raceDate=2026%2F09%2F29&k_raceNo=2
2026-09-29 14:45:00,14:44,2026-09-29,funabashi,2,15,馬連,6-7,1114.3,1114.3,66,https://www.keiba.go.jp/KeibaWeb/TodayRaceInfo/OddsUmLenFuku?k_babaCode=19&k_raceDate=2026%2F09%2F29&k_raceNo=2
2026-09-29 14:45:00,14:44,2026-09-29,funabashi,2,15,馬連,6-8,278.5,278.5,48,https://www.keiba.go.jp/KeibaWeb/TodayRaceInfo/OddsUmLenFuku?k_babaCode=19&k_raceDate=2026%2F09%2F29&k_raceNo=2
2026-09-29 14:45:00,14:44,2026-09-29,funabashi,2,15,馬連,6-9,230.5,230.5,44,https://www.keiba.go.jp/KeibaWeb/TodayRaceInfo/OddsUmLenFuku?k_babaCode=19&k_raceDate=2026%2F09%2F29&k_raceNo=2
2026-09-29 14:45:00,14:44,2026-09-29,funabashi,2,15,馬連,7-10,230.5,230.5,44,https://www.keiba.go.jp/KeibaWeb/TodayRaceInfo/OddsUmLenFuku?k_babaCode=19&k_raceDate=2026%2F09%2F29&k_raceNo=2
2026-09-29 14:45:00,14:44,2026-09-29,funabashi,2,15,馬連,7-11,351.9,351.9,53,https://www.keiba.go.jp/KeibaWeb/TodayRaceInfo/OddsUmLenFuku?k_babaCode=19&k_raceDate=2026%2F09%2F29&k_raceNo=2
2026-09-29 14:45:00,14:44,2026-09-29,funabashi,2,15,馬連,7-12,318.3,318.3,51,https://www.keiba.go.jp/KeibaWeb/TodayRaceInfo/OddsUmLenFuku?k_babaCode=19&k_raceDate=2026%2F09%2F29&k_raceNo=2
2026-09-29 14:45:00,14:44,2026-09-29,funabashi,2,15,馬連,7-8,477.5,477.5,59,https://www.keiba.go.jp/KeibaWeb/TodayRaceInfo/OddsUmLenFuku?k_babaCode=19&k_raceDate=2026%2F09%2F29&k_raceNo=2
2026-09-29 14:45:00,14:44,2026-09-29,funabashi,2,15,馬連,7-9,445.7,445.7,58,https://www.keiba.go.jp/KeibaWeb/TodayRaceInfo/OddsUmLenFuku?k_babaCode=19&k_raceDate=2026%2F09%2F29&k_raceNo=2
2026-09-29 14:45:00,14:44,2026-09-29,funabashi,2,15,馬連,8-10,59.1,59.1,18,https://www.keiba.go.jp/KeibaWeb/TodayRaceInfo/OddsUmLenFuku?k_babaCode=19&k_raceDate=2026%2F09%2F29&k_raceNo=2
2026-09-29 14:45:00,14:44,2026-09-29,funabashi,2,15,馬連,8-11,148.5,148.5,34,https://www.keiba.go.jp/KeibaWeb/TodayRaceInfo/OddsUmLenFuku?k_babaCode=19&k_raceDate=2026%2F09%2F29&k_raceNo=2
2026-09-29 14:45:00,14:44,2026-09-29,funabashi,2,15,馬連,8-12,131.1,131.1,31,https://www.keiba.go.jp/KeibaWeb/TodayRaceInfo/OddsUmLenFuku?k_babaCode=19&k_raceDate=2026%2F09%2F29&k_raceNo=2
2026-09-29 14:45:00,14:44,2026-09-29,funabashi,2,15,馬連,8-9,208.9,208.9,40,https://www.keiba.go.jp/KeibaWeb/TodayRaceInfo/OddsUmLenFuku?k_babaCode=19&k_raceDate=2026%2F09%2F29&k_raceNo=2
2026-09-29 14:45:00,14:44,2026-09-29,funabashi,2,15,馬連,9-10,21.4,21.4,8,https://www.keiba.go.jp/KeibaWeb/TodayRaceInfo/OddsUmLenFuku?k_babaCode=19&k_raceDate=2026%2F09%2F29&k_raceNo=2
2026-09-29 14:45:00,14:44,2026-09-29,funabashi,2,15,馬連,9-11,43.1,43.1,15,https://www.keiba.go.jp/KeibaWeb/TodayRaceInfo/OddsUmLenFuku?k_babaCode=19&k_raceDate=2026%2F09%2F29&k_raceNo=2
2026-09-29 14:45:00,14:44,2026-09-29,funabashi,2,15,馬連,9-12,65.5,65.5,20,https://www.keiba.go.jp/KeibaWeb/TodayRaceInfo/OddsUmLenFuku?k_babaCode=19&k_raceDate=2026%2F09%2F29&k_raceNo=2
2026-09-29 14:50:00,14:49,2026-09-29,funabashi,2,10,ワイド,1-10,19.5,22.3,22,https://www.keiba.go.jp/KeibaWeb/TodayRaceInfo/OddsWide?k_babaCode=19&k_raceDate=2026%2F09%2F29&k_raceNo=2
2026-09-29 14:50:00,14:49,2026-09-29,funabashi,2,10,ワイド,1-11,19.7,21.7,23,https://www.keiba.go.jp/KeibaWeb/TodayRaceInfo/OddsWide?k_babaCode=19&k_raceDate=2026%2F09%2F29&k_raceNo=2
2026-09-29 14:50:00,14:49,2026-09-29,funabashi,2,10,ワイド,1-12,20.5,22.6,24,https://www.keiba.go.jp/KeibaWeb/TodayRaceInfo/OddsWide?k_babaCode=19&k_raceDate=2026%2F09%2F29&k_raceNo=2
2026-09-29 14:50:00,14:49,2026-09-29,funabashi,2,10,ワイド,1-2,175.0,181.6,62,https://www.keiba.go.jp/KeibaWeb/TodayRaceInfo/OddsWide?k_babaCode=19&k_raceDate=2026%2F09%2F29&k_raceNo=2
2026-09-29 14:50:00,14:49,2026-09-29,funabashi,2,10,ワイド,1-3,33.5,35.4,34,https://www.keiba.go.jp/KeibaWeb/TodayRaceInfo/OddsWide?k_babaCode=19&k_raceDate=2026%2F09%2F29&k_raceNo=2
2026-09-29 14:50:00,14:49,2026-09-29,funabashi,2,10,ワイド,1-4,7.0,7.7,11,https://www.keiba.go.jp/KeibaWeb/TodayRaceInfo/OddsWide?k_babaCode=19&k_raceDate=2026%2F09%2F29&k_raceNo=2
2026-09-29 14:50:00,14:49,2026-09-29,funabashi,2,10,ワイド,1-5,21.1,23.9,26,https://www.keiba.go.jp/KeibaWeb/TodayRaceInfo/OddsWide?k_babaCode=19&k_raceDate=2026%2F09%2F29&k_raceNo=2
2026-09-29 14:50:00,14:49,2026-09-29,funabashi,2,10,ワイド,1-6,75.1,78.5,47,https://www.keiba.go.jp/KeibaWeb/TodayRaceInfo/OddsWide?k_babaCode=19&k_raceDate=2026%2F09%2F29&k_raceNo=2
2026-09-29 14:50:00,14:49,2026-09-29,funabashi,2,10,ワイド,1-7,256.2,266.0,65,https://www.keiba.go.jp/KeibaWeb/TodayRaceInfo/OddsWide?k_babaCode=19&k_raceDate=2026%2F09%2F29&k_raceNo=2
2026-09-29 14:50:00,14:49,2026-09-29,funabashi,2,10,ワイド,1-8,43.1,45.2,35,https://www.keiba.go.jp/KeibaWeb/TodayRaceInfo/OddsWide?k_babaCode=19&k_raceDate=2026%2F09%2F29&k_raceNo=2
2026-09-29 14:50:00,14:49,2026-09-29,funabashi,2,10,ワイド,1-9,44.0,46.7,37,https://www.keiba.go.jp/KeibaWeb/TodayRaceInfo/OddsWide?k_babaCode=19&k_raceDate=2026%2F09%2F29&k_raceNo=2
2026-09-29 14:50:00,14:49,2026-09-29,funabashi,2,10,ワイド,10-11,5.1,6.0,8,https://www.keiba.go.jp/KeibaWeb/TodayRaceInfo/OddsWide?k_babaCode=19&k_raceDate=2026%2F09%2F29&k_raceNo=2
2026-09-29 14:50:00,14:49,2026-09-29,funabashi,2,10,ワイド,10-12,4.3,5.0,5,https://www.keiba.go.jp/KeibaWeb/TodayRaceInfo/OddsWide?k_babaCode=19&k_raceDate=2026%2F09%2F29&k_raceNo=2
2026-09-29 14:50:00,14:49,2026-09-29,funabashi,2,10,ワイド,11-12,6.0,6.8,10,https://www.keiba.go.jp/KeibaWeb/TodayRaceInfo/OddsWide?k_babaCode=19&k_raceDate=2026%2F09%2F29&k_raceNo=2
2026-09-29 14:50:00,14:49,2026-09-29,funabashi,2,10,ワイド,2-10,90.3,99.8,48,https://www.keiba.go.jp/KeibaWeb/TodayRaceInfo/OddsWide?k_babaCode=19&k_raceDate=2026%2F09%2F29&k_raceNo=2
2026-09-29 14:50:00,14:49,2026-09-29,funabashi,2,10,ワイド,2-11,98.2,105.2,50,https://www.keiba.go.jp/KeibaWeb/TodayRaceInfo/OddsWide?k_babaCode=19&k_raceDate=2026%2F09%2F29&k_raceNo=2
2026-09-29 14:50:00,14:49,2026-09-29,funabashi,2,10,ワイド,2-12,110.4,117.5,55,https://www.keiba.go.jp/KeibaWeb/TodayRaceInfo/OddsWide?k_babaCode=19&k_raceDate=2026%2F09%2F29&k_raceNo=2
2026-09-29 14:50:00,14:49,2026-09-29,funabashi,2,10,ワイド,2-3,216.7,221.8,64,https://www.keiba.go.jp/KeibaWeb/TodayRaceInfo/OddsWide?k_babaCode=19&k_raceDate=2026%2F09%2F29&k_raceNo=2
2026-09-29 14:50:00,14:49,2026-09-29,funabashi,2,10,ワイド,2-4,61.5,67.7,43,https://www.keiba.go.jp/KeibaWeb/TodayRaceInfo/OddsWide?k_babaCode=19&k_raceDate=2026%2F09%2F29&k_raceNo=2
2026-09-29 14:50:00,14:49,2026-09-29,funabashi,2,10,ワイド,2-5,126.0,137.7,58,https://www.keiba.go.jp/KeibaWeb/TodayRaceInfo/OddsWide?k_babaCode=19&k_raceDate=2026%2F09%2F29&k_raceNo=2
2026-09-29 14:50:00,14:49,2026-09-29,funabashi,2,10,ワイド,2-6,171.3,173.6,61,https://www.keiba.go.jp/KeibaWeb/TodayRaceInfo/OddsWide?k_babaCode=19&k_raceDate=2026%2F09%2F29&k_raceNo=2
2026-09-29 14:50:00,14:49,2026-09-29,funabashi,2,10,ワイド,2-7,360.3,362.5,66,https://www.keiba.go.jp/KeibaWeb/TodayRaceInfo/OddsWide?k_babaCode=19&k_raceDate=2026%2F09%2F29&k_raceNo=2
2026-09-29 14:50:00,14:49,2026-09-29,funabashi,2,10,ワイド,2-8,135.6,137.7,59,https://www.keiba.go.jp/KeibaWeb/TodayRaceInfo/OddsWide?k_babaCode=19&k_raceDate=2026%2F09%2F29&k_raceNo=2
2026-09-29 14:50:00,14:49,2026-09-29,funabashi,2,10,ワイド,2-9,100.0,105.2,51,https://www.keiba.go.jp/KeibaWeb/TodayRaceInfo/OddsWide?k_babaCode=19&k_raceDate=2026%2F09%2F29&k_raceNo=2
2026-09-29 14:50:00,14:49,2026-09-29,funabashi,2,10,ワイド,3-10,23.3,26.3,28,https://www.keiba.go.jp/KeibaWeb/TodayRaceInfo/OddsWide?k_babaCode=19&k_raceDate=2026%2F09%2F29&k_raceNo=2
2026-09-29 14:50:00,14:49,2026-09-29,funabashi,2,10,ワイド,3-11,25.1,27.3,29,https://www.keiba.go.jp/KeibaWeb/TodayRaceInfo/OddsWide?k_babaCode=19&k_raceDate=2026%2F09%2F29&k_raceNo=2
2026-09-29 14:50:00,14:49,2026-09-29,funabashi,2,10,ワイド,3-12,19.5,21.1,21,https://www.keiba.go.jp/KeibaWeb/TodayRaceInfo/OddsWide?k_babaCode=19&k_raceDate=2026%2F09%2F29&k_raceNo=2
2026-09-29 14:50:00,14:49,2026-09-29,funabashi,2,10,ワイド,3-4,11.1,12.3,13,https://www.keiba.go.jp/KeibaWeb/TodayRaceInfo/OddsWide?k_babaCode=19&k_raceDate=2026%2F09%2F29&k_raceNo=2
2026-09-29 14:50:00,14:49,2026-09-29,funabashi,2,10,ワイド,3-5,14.5,16.1,16,https://www.keiba.go.jp/KeibaWeb/TodayRaceInfo/OddsWide?k_babaCode=19&k_raceDate=2026%2F09%2F29&k_raceNo=2
2026-09-29 14:50:00,14:49,2026-09-29,funabashi,2,10,ワイド,3-6,68.2,70.3,44,https://www.keiba.go.jp/KeibaWeb/TodayRaceInfo/OddsWide?k_babaCode=19&k_raceDate=2026%2F09%2F29&k_raceNo=2
2026-09-29 14:50:00,14:49,2026-09-29,funabashi,2,10,ワイド,3-7,205.1,210.1,63,https://www.keiba.go.jp/KeibaWeb/TodayRaceInfo/OddsWide?k_babaCode=19&k_raceDate=2026%2F09%2F29&k_raceNo=2
2026-09-29 14:50:00,14:49,2026-09-29,funabashi,2,10,ワイド,3-8,96.7,99.9,49,https://www.keiba.go.jp/KeibaWeb/TodayRaceInfo/OddsWide?k_babaCode=19&k_raceDate=2026%2F09%2F29&k_raceNo=2
2026-09-29 14:50:00,14:49,2026-09-29,funabashi,2,10,ワイド,3-9,57.4,60.7,42,https://www.keiba.go.jp/KeibaWeb/TodayRaceInfo/OddsWide?k_babaCode=19&k_raceDate=2026%2F09%2F29&k_raceNo=2
2026-09-29 14:50:00,14:49,2026-09-29,funabashi,2,10,ワイド,4-10,2.7,3.1,1,https://www.keiba.go.jp/KeibaWeb/TodayRaceInfo/OddsWide?k_babaCode=19&k_raceDate=2026%2F09%2F29&k_raceNo=2
2026-09-29 14:50:00,14:49,2026-09-29,funabashi,2,10,ワイド,4-11,3.7,4.2,3,https://www.keiba.go.jp/KeibaWeb/TodayRaceInfo/OddsWide?k_babaCode=19&k_raceDate=2026%2F09%2F29&k_raceNo=2
2026-09-29 14:50:00,14:49,2026-09-29,funabashi,2,10,ワイド,4-12,4.0,4.6,4,https://www.keiba.go.jp/KeibaWeb/TodayRaceInfo/OddsWide?k_babaCode=19&k_raceDate=2026%2F09%2F29&k_raceNo=2
2026-09-29 14:50:00,14:49,2026-09-29,funabashi,2,10,ワイド,4-5,3.0,3.4,2,https://www.keiba.go.jp/KeibaWeb/TodayRaceInfo/OddsWide?k_babaCode=19&k_raceDate=2026%2F09%2F29&k_raceNo=2
2026-09-29 14:50:00,14:49,2026-09-29,funabashi,2,10,ワイド,4-6,19.3,21.5,20,https://www.keiba.go.jp/KeibaWeb/TodayRaceInfo/OddsWide?k_babaCode=19&k_raceDate=2026%2F09%2F29&k_raceNo=2
2026-09-29 14:50:00,14:49,2026-09-29,funabashi,2,10,ワイド,4-7,49.7,54.9,39,https://www.keiba.go.jp/KeibaWeb/TodayRaceInfo/OddsWide?k_babaCode=19&k_raceDate=2026%2F09%2F29&k_raceNo=2
2026-09-29 14:50:00,14:49,2026-09-29,funabashi,2,10,ワイド,4-8,15.8,17.6,17,https://www.keiba.go.jp/KeibaWeb/TodayRaceInfo/OddsWide?k_babaCode=19&k_raceDate=2026%2F09%2F29&k_raceNo=2
2026-09-29 14:50:00,14:49,2026-09-29,funabashi,2,10,ワイド,4-9,12.8,14.8,14,https://www.keiba.go.jp/KeibaWeb/TodayRaceInfo/OddsWide?k_babaCode=19&k_raceDate=2026%2F09%2F29&k_raceNo=2
2026-09-29 14:50:00,14:49,2026-09-29,funabashi,2,10,ワイド,5-10,5.3,6.3,9,https://www.keiba.go.jp/KeibaWeb/TodayRaceInfo/OddsWide?k_babaCode=19&k_raceDate=2026%2F09%2F29&k_raceNo=2
2026-09-29 14:50:00,14:49,2026-09-29,funabashi,2,10,ワイド,5-11,7.4,8.5,12,https://www.keiba.go.jp/KeibaWeb/TodayRaceInfo/OddsWide?k_babaCode=19&k_raceDate=2026%2F09%2F29&k_raceNo=2
2026-09-29 14:50:00,14:49,2026-09-29,funabashi,2,10,ワイド,5-12,4.8,5.5,6,https://www.keiba.go.jp/KeibaWeb/TodayRaceInfo/OddsWide?k_babaCode=19&k_raceDate=2026%2F09%2F29&k_raceNo=2
2026-09-29 14:50:00,14:49,2026-09-29,funabashi,2,10,ワイド,5-6,30.8,33.9,32,https://www.keiba.go.jp/KeibaWeb/TodayRaceInfo/OddsWide?k_babaCode=19&k_raceDate=2026%2F09%2F29&k_raceNo=2
2026-09-29 14:50:00,14:49,2026-09-29,funabashi,2,10,ワイド,5-7,107.4,117.5,54,https://www.keiba.go.jp/KeibaWeb/TodayRaceInfo/OddsWide?k_babaCode=19&k_raceDate=2026%2F09%2F29&k_raceNo=2
2026-09-29 14:50:00,14:49,2026-09-29,funabashi,2,10,ワイド,5-8,54.1,59.8,40,https://www.keiba.go.jp/KeibaWeb/TodayRaceInfo/OddsWide?k_babaCode=19&k_raceDate=2026%2F09%2F29&k_raceNo=2
2026-09-29 14:50:00,14:49,2026-09-29,funabashi,2,10,ワイド,5-9,19.1,21.2,19,https://www.keiba.go.jp/KeibaWeb/TodayRaceInfo/OddsWide?k_babaCode=19&k_raceDate=2026%2F09%2F29&k_raceNo=2
2026-09-29 14:50:00,14:49,2026-09-29,funabashi,2,10,ワイド,6-10,20.7,23.0,25,https://www.keiba.go.jp/KeibaWeb/TodayRaceInfo/OddsWide?k_babaCode=19&k_raceDate=2026%2F09%2F29&k_raceNo=2
2026-09-29 14:50:00,14:49,2026-09-29,funabashi,2,10,ワイド,6-11,31.6,34.1,33,https://www.keiba.go.jp/KeibaWeb/TodayRaceInfo/OddsWide?k_babaCode=19&k_raceDate=2026%2F09%2F29&k_raceNo=2
2026-09-29 14:50:00,14:49,2026-09-29,funabashi,2,10,ワイド,6-12,28.7,30.8,31,https://www.keiba.go.jp/KeibaWeb/TodayRaceInfo/OddsWide?k_babaCode=19&k_raceDate=2026%2F09%2F29&k_raceNo=2
2026-09-29 14:50:00,14:49,2026-09-29,funabashi,2,10,ワイド,6-7,140.7,142.7,60,https://www.keiba.go.jp/KeibaWeb/TodayRaceInfo/OddsWide?k_babaCode=19&k_raceDate=2026%2F09%2F29&k_raceNo=2
2026-09-29 14:50:00,14:49,2026-09-29,funabashi,2,10,ワイド,6-8,68.6,70.2,45,https://www.keiba.go.jp/KeibaWeb/TodayRaceInfo/OddsWide?k_babaCode=19&k_raceDate=2026%2F09%2F29&k_raceNo=2
2026-09-29 14:50:00,14:49,2026-09-29,funabashi,2,10,ワイド,6-9,55.6,58.9,41,https://www.keiba.go.jp/KeibaWeb/TodayRaceInfo/OddsWide?k_babaCode=19&k_raceDate=2026%2F09%2F29&k_raceNo=2
2026-09-29 14:50:00,14:49,2026-09-29,funabashi,2,10,ワイド,7-10,69.5,77.0,46,https://www.keiba.go.jp/KeibaWeb/TodayRaceInfo/OddsWide?k_babaCode=19&k_raceDate=2026%2F09%2F29&k_raceNo=2
2026-09-29 14:50:00,14:49,2026-09-29,funabashi,2,10,ワイド,7-11,120.1,128.8,57,https://www.keiba.go.jp/KeibaWeb/TodayRaceInfo/OddsWide?k_babaCode=19&k_raceDate=2026%2F09%2F29&k_raceNo=2
2026-09-29 14:50:00,14:49,2026-09-29,funabashi,2,10,ワイド,7-12,101.4,108.0,53,https://www.keiba.go.jp/KeibaWeb/TodayRaceInfo/OddsWide?k_babaCode=19&k_raceDate=2026%2F09%2F29&k_raceNo=2
2026-09-29 14:50:00,14:49,2026-09-29,funabashi,2,10,ワイド,7-8,119.1,121.1,56,https://www.keiba.go.jp/KeibaWeb/TodayRaceInfo/OddsWide?k_babaCode=19&k_raceDate=2026%2F09%2F29&k_raceNo=2
2026-09-29 14:50:00,14:49,2026-09-29,funabashi,2,10,ワイド,7-9,100.0,105.2,51,https://www.keiba.go.jp/KeibaWeb/TodayRaceInfo/OddsWide?k_babaCode=19&k_raceDate=2026%2F09%2F29&k_raceNo=2
2026-09-29 14:50:00,14:49,2026-09-29,funabashi,2,10,ワイド,8-10,22.1,24.7,27,https://www.keiba.go.jp/KeibaWeb/TodayRaceInfo/OddsWide?k_babaCode=19&k_raceDate=2026%2F09%2F29&k_raceNo=2
2026-09-29 14:50:00,14:49,2026-09-29,funabashi,2,10,ワイド,8-11,44.1,47.8,38,https://www.keiba.go.jp/KeibaWeb/TodayRaceInfo/OddsWide?k_babaCode=19&k_raceDate=2026%2F09%2F29&k_raceNo=2
2026-09-29 14:50:00,14:49,2026-09-29,funabashi,2,10,ワイド,8-12,26.1,28.1,30,https://www.keiba.go.jp/KeibaWeb/TodayRaceInfo/OddsWide?k_babaCode=19&k_raceDate=2026%2F09%2F29&k_raceNo=2
2026-09-29 14:50:00,14:49,2026-09-29,funabashi,2,10,ワイド,8-9,43.1,45.6,36,https://www.keiba.go.jp/KeibaWeb/TodayRaceInfo/OddsWide?k_babaCode=19&k_raceDate=2026%2F09%2F29&k_raceNo=2
2026-09-29 14:50:00,14:49,2026-09-29,funabashi,2,10,ワイド,9-10,5.0,5.5,7,https://www.keiba.go.jp/KeibaWeb/TodayRaceInfo/OddsWide?k_babaCode=19&k_raceDate=2026%2F09%2F29&k_raceNo=2
2026-09-29 14:50:00,14:49,2026-09-29,funabashi,2,10,ワイド,9-11,14.1,15.5,15,https://www.keiba.go.jp/KeibaWeb/TodayRaceInfo/OddsWide?k_babaCode=19&k_raceDate=2026%2F09%2F29&k_raceNo=2
2026-09-29 14:50:00,14:49,2026-09-29,funabashi,2,10,ワイド,9-12,16.8,18.6,18,https://www.keiba.go.jp/KeibaWeb/TodayRaceInfo/OddsWide?k_babaCode=19&k_raceDate=2026%2F09%2F29&k_raceNo=2
2026-09-29 14:50:00,14:49,2026-09-29,funabashi,2,10,三連複,1-10-11,104.8,104.8,31,https://www.keiba.go.jp/KeibaWeb/TodayRaceInfo/Odds3LenFuku?k_babaCode=19&k_raceDate=2026%2F09%2F29&k_raceNo=2
2026-09-29 14:50:00,14:49,2026-09-29,funabashi,2,10,三連複,1-10-12,120.9,120.9,35,https://www.keiba.go.jp/KeibaWeb/TodayRaceInfo/Odds3LenFuku?k_babaCode=19&k_raceDate=2026%2F09%2F29&k_raceNo=2
2026-09-29 14:50:00,14:49,2026-09-29,funabashi,2,10,三連複,1-11-12,126.2,126.2,41,https://www.keiba.go.jp/KeibaWeb/TodayRaceInfo/Odds3LenFuku?k_babaCode=19&k_raceDate=2026%2F09%2F29&k_raceNo=2
2026-09-29 14:50:00,14:49,2026-09-29,funabashi,2,10,三連複,1-2-10,2539.1,2539.1,189,https://www.keiba.go.jp/KeibaWeb/TodayRaceInfo/Odds3LenFuku?k_babaCode=19&k_raceDate=2026%2F09%2F29&k_raceNo=2
2026-09-29 14:50:00,14:49,2026-09-29,funabashi,2,10,三連複,1-2-11,3264.5,3264.5,199,https://www.keiba.go.jp/KeibaWeb/TodayRaceInfo/Odds3LenFuku?k_babaCode=19&k_raceDate=2026%2F09%2F29&k_raceNo=2
2026-09-29 14:50:00,14:49,2026-09-29,funabashi,2,10,三連複,1-2-12,1904.3,1904.3,169,https://www.keiba.go.jp/KeibaWeb/TodayRaceInfo/Odds3LenFuku?k_babaCode=19&k_raceDate=2026%2F09%2F29&k_raceNo=2
2026-09-29 14:50:00,14:49,2026-09-29,funabashi,2,10,三連複,1-2-3,737.1,737.1,123,https://www.keiba.go.jp/KeibaWeb/TodayRaceInfo/Odds3LenFuku?k_babaCode=19&k_raceDate=2026%2F09%2F29&k_raceNo=2
2026-09-29 14:50:00,14:49,2026-09-29,funabashi,2,10,三連複,1-2-4,634.7,634.7,115,https://www.keiba.go.jp/KeibaWeb/TodayRaceInfo/Odds3LenFuku?k_babaCode=19&k_raceDate=2026%2F09%2F29&k_raceNo=2
2026-09-29 14:50:00,14:49,2026-09-29,funabashi,2,10,三連複,1-2-5,1142.6,1142.6,147,https://www.keiba.go.jp/KeibaWeb/TodayRaceInfo/Odds3LenFuku?k_babaCode=19&k_raceDate=2026%2F09%2F29&k_raceNo=2
2026-09-29 14:50:00,14:49,2026-09-29,funabashi,2,10,三連複,1-2-6,2285.2,2285.2,179,https://www.keiba.go.jp/KeibaWeb/TodayRaceInfo/Odds3LenFuku?k_babaCode=19&k_raceDate=2026%2F09%2F29&k_raceNo=2
2026-09-29 14:50:00,14:49,2026-09-29,funabashi,2,10,三連複,1-2-7,3808.6,3808.6,203,https://www.keiba.go.jp/KeibaWeb/TodayRaceInfo/Odds3LenFuku?k_babaCode=19&k_raceDate=2026%2F09%2F29&k_raceNo=2
2026-09-29 14:50:00,14:49,2026-09-29,funabashi,2,10,三連複,1-2-8,3808.6,3808.6,203,https://www.keiba.go.jp/KeibaWeb/TodayRaceInfo/Odds3LenFuku?k_babaCode=19&k_raceDate=2026%2F09%2F29&k_raceNo=2
2026-09-29 14:50:00,14:49,2026-09-29,funabashi,2,10,三連複,1-2-9,7617.3,7617.3,217,https://www.keiba.go.jp/KeibaWeb/TodayRaceInfo/Odds3LenFuku?k_babaCode=19&k_raceDate=2026%2F09%2F29&k_raceNo=2
2026-09-29 14:50:00,14:49,2026-09-29,funabashi,2,10,三連複,1-3-10,415.4,415.4,83,https://www.keiba.go.jp/KeibaWeb/TodayRaceInfo/Odds3LenFuku?k_babaCode=19&k_raceDate=2026%2F09%2F29&k_raceNo=2
2026-09-29 14:50:00,14:49,2026-09-29,funabashi,2,10,三連複,1-3-11,496.7,496.7,94,https://www.keiba.go.jp/KeibaWeb/TodayRaceInfo/Odds3LenFuku?k_babaCode=19&k_raceDate=2026%2F09%2F29&k_raceNo=2
2026-09-29 14:50:00,14:49,2026-09-29,funabashi,2,10,三連複,1-3-12,362.7,362.7,79,https://www.keiba.go.jp/KeibaWeb/TodayRaceInfo/Odds3LenFuku?k_babaCode=19&k_raceDate=2026%2F09%2F29&k_raceNo=2
2026-09-29 14:50:00,14:49,2026-09-29,funabashi,2,10,三連複,1-3-4,158.6,158.6,51,https://www.keiba.go.jp/KeibaWeb/TodayRaceInfo/Odds3LenFuku?k_babaCode=19&k_raceDate=2026%2F09%2F29&k_raceNo=2
2026-09-29 14:50:00,14:49,2026-09-29,funabashi,2,10,三連複,1-3-5,275.3,275.3,72,https://www.keiba.go.jp/KeibaWeb/TodayRaceInfo/Odds3LenFuku?k_babaCode=19&k_raceDate=2026%2F09%2F29&k_raceNo=2
2026-09-29 14:50:00,14:49,2026-09-29,funabashi,2,10,三連複,1-3-6,993.5,993.5,139,https://www.keiba.go.jp/KeibaWeb/TodayRaceInfo/Odds3LenFuku?k_babaCode=19&k_raceDate=2026%2F09%2F29&k_raceNo=2
2026-09-29 14:50:00,14:49,2026-09-29,funabashi,2,10,三連複,1-3-7,2285.2,2285.2,179,https://www.keiba.go.jp/KeibaWeb/TodayRaceInfo/Odds3LenFuku?k_babaCode=19&k_raceDate=2026%2F09%2F29&k_raceNo=2
2026-09-29 14:50:00,14:49,2026-09-29,funabashi,2,10,三連複,1-3-8,2285.2,2285.2,179,https://www.keiba.go.jp/KeibaWeb/TodayRaceInfo/Odds3LenFuku?k_babaCode=19&k_raceDate=2026%2F09%2F29&k_raceNo=2
2026-09-29 14:50:00,14:49,2026-09-29,funabashi,2,10,三連複,1-3-9,1269.5,1269.5,151,https://www.keiba.go.jp/KeibaWeb/TodayRaceInfo/Odds3LenFuku?k_babaCode=19&k_raceDate=2026%2F09%2F29&k_raceNo=2
2026-09-29 14:50:00,14:49,2026-09-29,funabashi,2,10,三連複,1-4-10,47.4,47.4,18,https://www.keiba.go.jp/KeibaWeb/TodayRaceInfo/Odds3LenFuku?k_babaCode=19&k_raceDate=2026%2F09%2F29&k_raceNo=2
2026-09-29 14:50:00,14:49,2026-09-29,funabashi,2,10,三連複,1-4-11,51.4,51.4,20,https://www.keiba.go.jp/KeibaWeb/TodayRaceInfo/Odds3LenFuku?k_babaCode=19&k_raceDate=2026%2F09%2F29&k_raceNo=2
2026-09-29 14:50:00,14:49,2026-09-29,funabashi,2,10,三連複,1-4-12,61.7,61.7,25,https://www.keiba.go.jp/KeibaWeb/TodayRaceInfo/Odds3LenFuku?k_babaCode=19&k_raceDate=2026%2F09%2F29&k_raceNo=2
2026-09-29 14:50:00,14:49,2026-09-29,funabashi,2,10,三連複,1-4-5,51.5,51.5,21,https://www.keiba.go.jp/KeibaWeb/TodayRaceInfo/Odds3LenFuku?k_babaCode=19&k_raceDate=2026%2F09%2F29&k_raceNo=2
2026-09-29 14:50:00,14:49,2026-09-29,funabashi,2,10,三連複,1-4-6,262.6,262.6,68,https://www.keiba.go.jp/KeibaWeb/TodayRaceInfo/Odds3LenFuku?k_babaCode=19&k_raceDate=2026%2F09%2F29&k_raceNo=2
2026-09-29 14:50:00,14:49,2026-09-29,funabashi,2,10,三連複,1-4-7,737.1,737.1,123,https://www.keiba.go.jp/KeibaWeb/TodayRaceInfo/Odds3LenFuku?k_babaCode=19&k_raceDate=2026%2F09%2F29&k_raceNo=2
2026-09-29 14:50:00,14:49,2026-09-29,funabashi,2,10,三連複,1-4-8,326.4,326.4,76,https://www.keiba.go.jp/KeibaWeb/TodayRaceInfo/Odds3LenFuku?k_babaCode=19&k_raceDate=2026%2F09%2F29&k_raceNo=2
2026-09-29 14:50:00,14:49,2026-09-29,funabashi,2,10,三連複,1-4-9,111.4,111.4,32,https://www.keiba.go.jp/KeibaWeb/TodayRaceInfo/Odds3LenFuku?k_babaCode=19&k_raceDate=2026%2F09%2F29&k_raceNo=2
2026-09-29 14:50:00,14:49,2026-09-29,funabashi,2,10,三連複,1-5-10,124.8,124.8,40,https://www.keiba.go.jp/KeibaWeb/TodayRaceInfo/Odds3LenFuku?k_babaCode=19&k_raceDate=2026%2F09%2F29&k_raceNo=2
2026-09-29 14:50:00,14:49,2026-09-29,funabashi,2,10,三連複,1-5-11,150.3,150.3,50,https://www.keiba.go.jp/KeibaWeb/TodayRaceInfo/Odds3LenFuku?k_babaCode=19&k_raceDate=2026%2F09%2F29&k_raceNo=2
2026-09-29 14:50:00,14:49,2026-09-29,funabashi,2,10,三連複,1-5-12,124.1,124.1,38,https://www.keiba.go.jp/KeibaWeb/TodayRaceInfo/Odds3LenFuku?k_babaCode=19&k_raceDate=2026%2F09%2F29&k_raceNo=2
2026-09-29 14:50:00,14:49,2026-09-29,funabashi,2,10,三連複,1-5-6,519.3,519.3,99,https://www.keiba.go.jp/KeibaWeb/TodayRaceInfo/Odds3LenFuku?k_babaCode=19&k_raceDate=2026%2F09%2F29&k_raceNo=2
2026-09-29 14:50:00,14:49,2026-09-29,funabashi,2,10,三連複,1-5-7,1632.2,1632.2,163,https://www.keiba.go.jp/KeibaWeb/TodayRaceInfo/Odds3LenFuku?k_babaCode=19&k_raceDate=2026%2F09%2F29&k_raceNo=2
2026-09-29 14:50:00,14:49,2026-09-29,funabashi,2,10,三連複,1-5-8,737.1,737.1,123,https://www.keiba.go.jp/KeibaWeb/TodayRaceInfo/Odds3LenFuku?k_babaCode=19&k_raceDate=2026%2F09%2F29&k_raceNo=2
2026-09-29 14:50:00,14:49,2026-09-29,funabashi,2,10,三連複,1-5-9,423.1,423.1,84,https://www.keiba.go.jp/KeibaWeb/TodayRaceInfo/Odds3LenFuku?k_babaCode=19&k_raceDate=2026%2F09%2F29&k_raceNo=2
2026-09-29 14:50:00,14:49,2026-09-29,funabashi,2,10,三連複,1-6-10,423.1,423.1,84,https://www.keiba.go.jp/KeibaWeb/TodayRaceInfo/Odds3LenFuku?k_babaCode=19&k_raceDate=2026%2F09%2F29&k_raceNo=2
2026-09-29 14:50:00,14:49,2026-09-29,funabashi,2,10,三連複,1-6-11,617.6,617.6,114,https://www.keiba.go.jp/KeibaWeb/TodayRaceInfo/Odds3LenFuku?k_babaCode=19&k_raceDate=2026%2F09%2F29&k_raceNo=2
2026-09-29 14:50:00,14:49,2026-09-29,funabashi,2,10,三連複,1-6-12,761.7,761.7,126,https://www.keiba.go.jp/KeibaWeb/TodayRaceInfo/Odds3LenFuku?k_babaCode=19&k_raceDate=2026%2F09%2F29&k_raceNo=2
2026-09-29 14:50:00,14:49,2026-09-29,funabashi,2,10,三連複,1-6-7,3808.6,3808.6,203,https://www.keiba.go.jp/KeibaWeb/TodayRaceInfo/Odds3LenFuku?k_babaCode=19&k_raceDate=2026%2F09%2F29&k_raceNo=2
2026-09-29 14:50:00,14:49,2026-09-29,funabashi,2,10,三連複,1-6-8,1038.7,1038.7,142,https://www.keiba.go.jp/KeibaWeb/TodayRaceInfo/Odds3LenFuku?k_babaCode=19&k_raceDate=2026%2F09%2F29&k_raceNo=2
2026-09-29 14:50:00,14:49,2026-09-29,funabashi,2,10,三連複,1-6-9,816.1,816.1,129,https://www.keiba.go.jp/KeibaWeb/TodayRaceInfo/Odds3LenFuku?k_babaCode=19&k_raceDate=2026%2F09%2F29&k_raceNo=2
2026-09-29 14:50:00,14:49,2026-09-29,funabashi,2,10,三連複,1-7-10,2539.1,2539.1,189,https://www.keiba.go.jp/KeibaWeb/TodayRaceInfo/Odds3LenFuku?k_babaCode=19&k_raceDate=2026%2F09%2F29&k_raceNo=2
2026-09-29 14:50:00,14:49,2026-09-29,funabashi,2,10,三連複,1-7-11,2285.2,2285.2,179,https://www.keiba.go.jp/KeibaWeb/TodayRaceInfo/Odds3LenFuku?k_babaCode=19&k_raceDate=2026%2F09%2F29&k_raceNo=2
2026-09-29 14:50:00,14:49,2026-09-29,funabashi,2,10,三連複,1-7-12,2539.1,2539.1,189,https://www.keiba.go.jp/KeibaWeb/TodayRaceInfo/Odds3LenFuku?k_babaCode=19&k_raceDate=2026%2F09%2F29&k_raceNo=2
2026-09-29 14:50:00,14:49,2026-09-29,funabashi,2,10,三連複,1-7-8,3264.5,3264.5,199,https://www.keiba.go.jp/KeibaWeb/TodayRaceInfo/Odds3LenFuku?k_babaCode=19&k_raceDate=2026%2F09%2F29&k_raceNo=2
2026-09-29 14:50:00,14:49,2026-09-29,funabashi,2,10,三連複,1-7-9,2856.5,2856.5,194,https://www.keiba.go.jp/KeibaWeb/TodayRaceInfo/Odds3LenFuku?k_babaCode=19&k_raceDate=2026%2F09%2F29&k_raceNo=2
2026-09-29 14:50:00,14:49,2026-09-29,funabashi,2,10,三連複,1-8-10,585.9,585.9,109,https://www.keiba.go.jp/KeibaWeb/TodayRaceInfo/Odds3LenFuku?k_babaCode=19&k_raceDate=2026%2F09%2F29&k_raceNo=2
2026-09-29 14:50:00,14:49,2026-09-29,funabashi,2,10,三連複,1-8-11,878.9,878.9,136,https://www.keiba.go.jp/KeibaWeb/TodayRaceInfo/Odds3LenFuku?k_babaCode=19&k_raceDate=2026%2F09%2F29&k_raceNo=2
2026-09-29 14:50:00,14:49,2026-09-29,funabashi,2,10,三連複,1-8-12,952.1,952.1,138,https://www.keiba.go.jp/KeibaWeb/TodayRaceInfo/Odds3LenFuku?k_babaCode=19&k_raceDate=2026%2F09%2F29&k_raceNo=2
2026-09-29 14:50:00,14:49,2026-09-29,funabashi,2,10,三連複,1-8-9,692.4,692.4,118,https://www.keiba.go.jp/KeibaWeb/TodayRaceInfo/Odds3LenFuku?k_babaCode=19&k_raceDate=2026%2F09%2F29&k_raceNo=2
2026-09-29 14:50:00,14:49,2026-09-29,funabashi,2,10,三連複,1-9-10,170.5,170.5,55,https://www.keiba.go.jp/KeibaWeb/TodayRaceInfo/Odds3LenFuku?k_babaCode=19&k_raceDate=2026%2F09%2F29&k_raceNo=2
2026-09-29 14:50:00,14:49,2026-09-29,funabashi,2,10,三連複,1-9-11,278.6,278.6,74,https://www.keiba.go.jp/KeibaWeb/TodayRaceInfo/Odds3LenFuku?k_babaCode=19&k_raceDate=2026%2F09%2F29&k_raceNo=2
2026-09-29 14:50:00,14:49,2026-09-29,funabashi,2,10,三連複,1-9-12,346.2,346.2,77,https://www.keiba.go.jp/KeibaWeb/TodayRaceInfo/Odds3LenFuku?k_babaCode=19&k_raceDate=2026%2F09%2F29&k_raceNo=2
2026-09-29 14:50:00,14:49,2026-09-29,funabashi,2,10,三連複,10-11-12,24.3,24.3,8,https://www.keiba.go.jp/KeibaWeb/TodayRaceInfo/Odds3LenFuku?k_babaCode=19&k_raceDate=2026%2F09%2F29&k_raceNo=2
2026-09-29 14:50:00,14:49,2026-09-29,funabashi,2,10,三連複,2-10-11,692.4,692.4,118,https://www.keiba.go.jp/KeibaWeb/TodayRaceInfo/Odds3LenFuku?k_babaCode=19&k_raceDate=2026%2F09%2F29&k_raceNo=2
2026-09-29 14:50:00,14:49,2026-09-29,funabashi,2,10,三連複,2-10-12,544.0,544.0,103,https://www.keiba.go.jp/KeibaWeb/TodayRaceInfo/Odds3LenFuku?k_babaCode=19&k_raceDate=2026%2F09%2F29&k_raceNo=2
2026-09-29 14:50:00,14:49,2026-09-29,funabashi,2,10,三連複,2-11-12,993.5,993.5,139,https://www.keiba.go.jp/KeibaWeb/TodayRaceInfo/Odds3LenFuku?k_babaCode=19&k_raceDate=2026%2F09%2F29&k_raceNo=2
2026-09-29 14:50:00,14:49,2026-09-29,funabashi,2,10,三連複,2-3-10,2285.2,2285.2,179,https://www.keiba.go.jp/KeibaWeb/TodayRaceInfo/Odds3LenFuku?k_babaCode=19&k_raceDate=2026%2F09%2F29&k_raceNo=2
2026-09-29 14:50:00,14:49,2026-09-29,funabashi,2,10,三連複,2-3-11,2285.2,2285.2,179,https://www.keiba.go.jp/KeibaWeb/TodayRaceInfo/Odds3LenFuku?k_babaCode=19&k_raceDate=2026%2F09%2F29&k_raceNo=2
2026-09-29 14:50:00,14:49,2026-09-29,funabashi,2,10,三連複,2-3-12,2077.4,2077.4,176,https://www.keiba.go.jp/KeibaWeb/TodayRaceInfo/Odds3LenFuku?k_babaCode=19&k_raceDate=2026%2F09%2F29&k_raceNo=2
2026-09-29 14:50:00,14:49,2026-09-29,funabashi,2,10,三連複,2-3-4,1038.7,1038.7,142,https://www.keiba.go.jp/KeibaWeb/TodayRaceInfo/Odds3LenFuku?k_babaCode=19&k_raceDate=2026%2F09%2F29&k_raceNo=2
2026-09-29 14:50:00,14:49,2026-09-29,funabashi,2,10,三連複,2-3-5,1088.1,1088.1,146,https://www.keiba.go.jp/KeibaWeb/TodayRaceInfo/Odds3LenFuku?k_babaCode=19&k_raceDate=2026%2F09%2F29&k_raceNo=2
2026-09-29 14:50:00,14:49,2026-09-29,funabashi,2,10,三連複,2-3-6,3264.5,3264.5,199,https://www.keiba.go.jp/KeibaWeb/TodayRaceInfo/Odds3LenFuku?k_babaCode=19&k_raceDate=2026%2F09%2F29&k_raceNo=2
2026-09-29 14:50:00,14:49,2026-09-29,funabashi,2,10,三連複,2-3-7,2539.1,2539.1,189,https://www.keiba.go.jp/KeibaWeb/TodayRaceInfo/Odds3LenFuku?k_babaCode=19&k_raceDate=2026%2F09%2F29&k_raceNo=2
2026-09-29 14:50:00,14:49,2026-09-29,funabashi,2,10,三連複,2-3-8,4570.4,4570.4,208,https://www.keiba.go.jp/KeibaWeb/TodayRaceInfo/Odds3LenFuku?k_babaCode=19&k_raceDate=2026%2F09%2F29&k_raceNo=2
2026-09-29 14:50:00,14:49,2026-09-29,funabashi,2,10,三連複,2-3-9,2539.1,2539.1,189,https://www.keiba.go.jp/KeibaWeb/TodayRaceInfo/Odds3LenFuku?k_babaCode=19&k_raceDate=2026%2F09%2F29&k_raceNo=2
2026-09-29 14:50:00,14:49,2026-09-29,funabashi,2,10,三連複,2-4-10,243.1,243.1,62,https://www.keiba.go.jp/KeibaWeb/TodayRaceInfo/Odds3LenFuku?k_babaCode=19&k_raceDate=2026%2F09%2F29&k_raceNo=2
2026-09-29 14:50:00,14:49,2026-09-29,funabashi,2,10,三連複,2-4-11,531.4,531.4,102,https://www.keiba.go.jp/KeibaWeb/TodayRaceInfo/Odds3LenFuku?k_babaCode=19&k_raceDate=2026%2F09%2F29&k_raceNo=2
2026-09-29 14:50:00,14:49,2026-09-29,funabashi,2,10,三連複,2-4-12,557.3,557.3,104,https://www.keiba.go.jp/KeibaWeb/TodayRaceInfo/Odds3LenFuku?k_babaCode=19&k_raceDate=2026%2F09%2F29&k_raceNo=2
2026-09-29 14:50:00,14:49,2026-09-29,funabashi,2,10,三連複,2-4-5,251.1,251.1,64,https://www.keiba.go.jp/KeibaWeb/TodayRaceInfo/Odds3LenFuku?k_babaCode=19&k_raceDate=2026%2F09%2F29&k_raceNo=2
2026-09-29 14:50:00,14:49,2026-09-29,funabashi,2,10,三連複,2-4-6,1202.7,1202.7,148,https://www.keiba.go.jp/KeibaWeb/TodayRaceInfo/Odds3LenFuku?k_babaCode=19&k_raceDate=2026%2F09%2F29&k_raceNo=2
2026-09-29 14:50:00,14:49,2026-09-29,funabashi,2,10,三連複,2-4-7,1202.7,1202.7,148,https://www.keiba.go.jp/KeibaWeb/TodayRaceInfo/Odds3LenFuku?k_babaCode=19&k_raceDate=2026%2F09%2F29&k_raceNo=2
2026-09-29 14:50:00,14:49,2026-09-29,funabashi,2,10,三連複,2-4-8,1038.7,1038.7,142,https://www.keiba.go.jp/KeibaWeb/TodayRaceInfo/Odds3LenFuku?k_babaCode=19&k_raceDate=2026%2F09%2F29&k_raceNo=2
2026-09-29 14:50:00,14:49,2026-09-29,funabashi,2,10,三連複,2-4-9,714.1,714.1,120,https://www.keiba.go.jp/KeibaWeb/TodayRaceInfo/Odds3LenFuku?k_babaCode=19&k_raceDate=2026%2F09%2F29&k_raceNo=2
2026-09-29 14:50:00,14:49,2026-09-29,funabashi,2,10,三連複,2-5-10,652.9,652.9,116,https://www.keiba.go.jp/KeibaWeb/TodayRaceInfo/Odds3LenFuku?k_babaCode=19&k_raceDate=2026%2F09%2F29&k_raceNo=2
2026-09-29 14:50:00,14:49,2026-09-29,funabashi,2,10,三連複,2-5-11,519.3,519.3,99,https://www.keiba.go.jp/KeibaWeb/TodayRaceInfo/Odds3LenFuku?k_babaCode=19&k_raceDate=2026%2F09%2F29&k_raceNo=2
2026-09-29 14:50:00,14:49,2026-09-29,funabashi,2,10,三連複,2-5-12,714.1,714.1,120,https://www.keiba.go.jp/KeibaWeb/TodayRaceInfo/Odds3LenFuku?k_babaCode=19&k_raceDate=2026%2F09%2F29&k_raceNo=2
2026-09-29 14:50:00,14:49,2026-09-29,funabashi,2,10,三連複,2-5-6,1632.2,1632.2,163,https://www.keiba.go.jp/KeibaWeb/TodayRaceInfo/Odds3LenFuku?k_babaCode=19&k_raceDate=2026%2F09%2F29&k_raceNo=2
2026-09-29 14:50:00,14:49,2026-09-29,funabashi,2,10,三連複,2-5-7,1904.3,1904.3,169,https://www.keiba.go.jp/KeibaWeb/TodayRaceInfo/Odds3LenFuku?k_babaCode=19&k_raceDate=2026%2F09%2F29&k_raceNo=2
2026-09-29 14:50:00,14:49,2026-09-29,funabashi,2,10,三連複,2-5-8,1523.4,1523.4,160,https://www.keiba.go.jp/KeibaWeb/TodayRaceInfo/Odds3LenFuku?k_babaCode=19&k_raceDate=2026%2F09%2F29&k_raceNo=2
2026-09-29 14:50:00,14:49,2026-09-29,funabashi,2,10,三連複,2-5-9,1344.2,1344.2,154,https://www.keiba.go.jp/KeibaWeb/TodayRaceInfo/Odds3LenFuku?k_babaCode=19&k_raceDate=2026%2F09%2F29&k_raceNo=2
2026-09-29 14:50:00,14:49,2026-09-29,funabashi,2,10,三連複,2-6-10,1344.2,1344.2,154,https://www.keiba.go.jp/KeibaWeb/TodayRaceInfo/Odds3LenFuku?k_babaCode=19&k_raceDate=2026%2F09%2F29&k_raceNo=2
2026-09-29 14:50:00,14:49,2026-09-29,funabashi,2,10,三連複,2-6-11,11426.0,11426.0,218,https://www.keiba.go.jp/KeibaWeb/TodayRaceInfo/Odds3LenFuku?k_babaCode=19&k_raceDate=2026%2F09%2F29&k_raceNo=2
2026-09-29 14:50:00,14:49,2026-09-29,funabashi,2,10,三連複,2-6-12,3808.6,3808.6,203,https://www.keiba.go.jp/KeibaWeb/TodayRaceInfo/Odds3LenFuku?k_babaCode=19&k_raceDate=2026%2F09%2F29&k_raceNo=2
2026-09-29 14:50:00,14:49,2026-09-29,funabashi,2,10,三連複,2-6-7,4570.4,4570.4,208,https://www.keiba.go.jp/KeibaWeb/TodayRaceInfo/Odds3LenFuku?k_babaCode=19&k_raceDate=2026%2F09%2F29&k_raceNo=2
2026-09-29 14:50:00,14:49,2026-09-29,funabashi,2,10,三連複,2-6-8,1757.8,1757.8,167,https://www.keiba.go.jp/KeibaWeb/TodayRaceInfo/Odds3LenFuku?k_babaCode=19&k_raceDate=2026%2F09%2F29&k_raceNo=2
2026-09-29 14:50:00,14:49,2026-09-29,funabashi,2,10,三連複,2-6-9,4570.4,4570.4,208,https://www.keiba.go.jp/KeibaWeb/TodayRaceInfo/Odds3LenFuku?k_babaCode=19&k_raceDate=2026%2F09%2F29&k_raceNo=2
2026-09-29 14:50:00,14:49,2026-09-29,funabashi,2,10,三連複,2-7-10,1904.3,1904.3,169,https://www.keiba.go.jp/KeibaWeb/TodayRaceInfo/Odds3LenFuku?k_babaCode=19&k_raceDate=2026%2F09%2F29&k_raceNo=2
2026-09-29 14:50:00,14:49,2026-09-29,funabashi,2,10,三連複,2-7-11,11426.0,11426.0,218,https://www.keiba.go.jp/KeibaWeb/TodayRaceInfo/Odds3LenFuku?k_babaCode=19&k_raceDate=2026%2F09%2F29&k_raceNo=2
2026-09-29 14:50:00,14:49,2026-09-29,funabashi,2,10,三連複,2-7-12,2856.5,2856.5,194,https://www.keiba.go.jp/KeibaWeb/TodayRaceInfo/Odds3LenFuku?k_babaCode=19&k_raceDate=2026%2F09%2F29&k_raceNo=2
2026-09-29 14:50:00,14:49,2026-09-29,funabashi,2,10,三連複,2-7-8,5713.0,5713.0,214,https://www.keiba.go.jp/KeibaWeb/TodayRaceInfo/Odds3LenFuku?k_babaCode=19&k_raceDate=2026%2F09%2F29&k_raceNo=2
2026-09-29 14:50:00,14:49,2026-09-29,funabashi,2,10,三連複,2-7-9,2285.2,2285.2,179,https://www.keiba.go.jp/KeibaWeb/TodayRaceInfo/Odds3LenFuku?k_babaCode=19&k_raceDate=2026%2F09%2F29&k_raceNo=2
2026-09-29 14:50:00,14:49,2026-09-29,funabashi,2,10,三連複,2-8-10,1632.2,1632.2,163,https://www.keiba.go.jp/KeibaWeb/TodayRaceInfo/Odds3LenFuku?k_babaCode=19&k_raceDate=2026%2F09%2F29&k_raceNo=2
2026-09-29 14:50:00,14:49,2026-09-29,funabashi,2,10,三連複,2-8-11,4570.4,4570.4,208,https://www.keiba.go.jp/KeibaWeb/TodayRaceInfo/Odds3LenFuku?k_babaCode=19&k_raceDate=2026%2F09%2F29&k_raceNo=2
2026-09-29 14:50:00,14:49,2026-09-29,funabashi,2,10,三連複,2-8-12,3808.6,3808.6,203,https://www.keiba.go.jp/KeibaWeb/TodayRaceInfo/Odds3LenFuku?k_babaCode=19&k_raceDate=2026%2F09%2F29&k_raceNo=2
2026-09-29 14:50:00,14:49,2026-09-29,funabashi,2,10,三連複,2-8-9,1904.3,1904.3,169,https://www.keiba.go.jp/KeibaWeb/TodayRaceInfo/Odds3LenFuku?k_babaCode=19&k_raceDate=2026%2F09%2F29&k_raceNo=2
2026-09-29 14:50:00,14:49,2026-09-29,funabashi,2,10,三連複,2-9-10,571.3,571.3,106,https://www.keiba.go.jp/KeibaWeb/TodayRaceInfo/Odds3LenFuku?k_babaCode=19&k_raceDate=2026%2F09%2F29&k_raceNo=2
2026-09-29 14:50:00,14:49,2026-09-29,funabashi,2,10,三連複,2-9-11,601.3,601.3,111,https://www.keiba.go.jp/KeibaWeb/TodayRaceInfo/Odds3LenFuku?k_babaCode=19&k_raceDate=2026%2F09%2F29&k_raceNo=2
2026-09-29 14:50:00,14:49,2026-09-29,funabashi,2,10,三連複,2-9-12,1523.4,1523.4,160,https://www.keiba.go.jp/KeibaWeb/TodayRaceInfo/Odds3LenFuku?k_babaCode=19&k_raceDate=2026%2F09%2F29&k_raceNo=2
2026-09-29 14:50:00,14:49,2026-09-29,funabashi,2,10,三連複,3-10-11,148.3,148.3,49,https://www.keiba.go.jp/KeibaWeb/TodayRaceInfo/Odds3LenFuku?k_babaCode=19&k_raceDate=2026%2F09%2F29&k_raceNo=2
2026-09-29 14:50:00,14:49,2026-09-29,funabashi,2,10,三連複,3-10-12,144.6,144.6,45,https://www.keiba.go.jp/KeibaWeb/TodayRaceInfo/Odds3LenFuku?k_babaCode=19&k_raceDate=2026%2F09%2F29&k_raceNo=2
2026-09-29 14:50:00,14:49,2026-09-29,funabashi,2,10,三連複,3-11-12,181.3,181.3,56,https://www.keiba.go.jp/KeibaWeb/TodayRaceInfo/Odds3LenFuku?k_babaCode=19&k_raceDate=2026%2F09%2F29&k_raceNo=2
2026-09-29 14:50:00,14:49,2026-09-29,funabashi,2,10,三連複,3-4-10,46.8,46.8,17,https://www.keiba.go.jp/KeibaWeb/TodayRaceInfo/Odds3LenFuku?k_babaCode=19&k_raceDate=2026%2F09%2F29&k_raceNo=2
2026-09-29 14:50:00,14:49,2026-09-29,funabashi,2,10,三連複,3-4-11,59.2,59.2,23,https://www.keiba.go.jp/KeibaWeb/TodayRaceInfo/Odds3LenFuku?k_babaCode=19&k_raceDate=2026%2F09%2F29&k_raceNo=2
2026-09-29 14:50:00,14:49,2026-09-29,funabashi,2,10,三連複,3-4-12,60.9,60.9,24,https://www.keiba.go.jp/KeibaWeb/TodayRaceInfo/Odds3LenFuku?k_babaCode=19&k_raceDate=2026%2F09%2F29&k_raceNo=2
2026-09-29 14:50:00,14:49,2026-09-29,funabashi,2,10,三連複,3-4-5,54.9,54.9,22,https://www.keiba.go.jp/KeibaWeb/TodayRaceInfo/Odds3LenFuku?k_babaCode=19&k_raceDate=2026%2F09%2F29&k_raceNo=2
2026-09-29 14:50:00,14:49,2026-09-29,funabashi,2,10,三連複,3-4-6,275.3,275.3,72,https://www.keiba.go.jp/KeibaWeb/TodayRaceInfo/Odds3LenFuku?k_babaCode=19&k_raceDate=2026%2F09%2F29&k_raceNo=2
2026-09-29 14:50:00,14:49,2026-09-29,funabashi,2,10,三連複,3-4-7,816.1,816.1,129,https://www.keiba.go.jp/KeibaWeb/TodayRaceInfo/Odds3LenFuku?k_babaCode=19&k_raceDate=2026%2F09%2F29&k_raceNo=2
2026-09-29 14:50:00,14:49,2026-09-29,funabashi,2,10,三連複,3-4-8,486.2,486.2,92,https://www.keiba.go.jp/KeibaWeb/TodayRaceInfo/Odds3LenFuku?k_babaCode=19&k_raceDate=2026%2F09%2F29&k_raceNo=2
2026-09-29 14:50:00,14:49,2026-09-29,funabashi,2,10,三連複,3-4-9,198.7,198.7,59,https://www.keiba.go.jp/KeibaWeb/TodayRaceInfo/Odds3LenFuku?k_babaCode=19&k_raceDate=2026%2F09%2F29&k_raceNo=2
2026-09-29 14:50:00,14:49,2026-09-29,funabashi,2,10,三連複,3-5-10,123.5,123.5,37,https://www.keiba.go.jp/KeibaWeb/TodayRaceInfo/Odds3LenFuku?k_babaCode=19&k_raceDate=2026%2F09%2F29&k_raceNo=2
2026-09-29 14:50:00,14:49,2026-09-29,funabashi,2,10,三連複,3-5-11,185.7,185.7,57,https://www.keiba.go.jp/KeibaWeb/TodayRaceInfo/Odds3LenFuku?k_babaCode=19&k_raceDate=2026%2F09%2F29&k_raceNo=2
2026-09-29 14:50:00,14:49,2026-09-29,funabashi,2,10,三連複,3-5-12,136.8,136.8,42,https://www.keiba.go.jp/KeibaWeb/TodayRaceInfo/Odds3LenFuku?k_babaCode=19&k_raceDate=2026%2F09%2F29&k_raceNo=2
2026-09-29 14:50:00,14:49,2026-09-29,funabashi,2,10,三連複,3-5-6,507.8,507.8,96,https://www.keiba.go.jp/KeibaWeb/TodayRaceInfo/Odds3LenFuku?k_babaCode=19&k_raceDate=2026%2F09%2F29&k_raceNo=2
2026-09-29 14:50:00,14:49,2026-09-29,funabashi,2,10,三連複,3-5-7,1632.2,1632.2,163,https://www.keiba.go.jp/KeibaWeb/TodayRaceInfo/Odds3LenFuku?k_babaCode=19&k_raceDate=2026%2F09%2F29&k_raceNo=2
2026-09-29 14:50:00,14:49,2026-09-29,funabashi,2,10,三連複,3-5-8,993.5,993.5,139,https://www.keiba.go.jp/KeibaWeb/TodayRaceInfo/Odds3LenFuku?k_babaCode=19&k_raceDate=2026%2F09%2F29&k_raceNo=2
2026-09-29 14:50:00,14:49,2026-09-29,funabashi,2,10,三連複,3-5-9,601.3,601.3,111,https://www.keiba.go.jp/KeibaWeb/TodayRaceInfo/Odds3LenFuku?k_babaCode=19&k_raceDate=2026%2F09%2F29&k_raceNo=2
2026-09-29 14:50:00,14:49,2026-09-29,funabashi,2,10,三連複,3-6-10,672.1,672.1,117,https://www.keiba.go.jp/KeibaWeb/TodayRaceInfo/Odds3LenFuku?k_babaCode=19&k_raceDate=2026%2F09%2F29&k_raceNo=2
2026-09-29 14:50:00,14:49,2026-09-29,funabashi,2,10,三連複,3-6-11,914.0,914.0,137,https://www.keiba.go.jp/KeibaWeb/TodayRaceInfo/Odds3LenFuku?k_babaCode=19&k_raceDate=2026%2F09%2F29&k_raceNo=2
2026-09-29 14:50:00,14:49,2026-09-29,funabashi,2,10,三連複,3-6-12,788.0,788.0,127,https://www.keiba.go.jp/KeibaWeb/TodayRaceInfo/Odds3LenFuku?k_babaCode=19&k_raceDate=2026%2F09%2F29&k_raceNo=2
2026-09-29 14:50:00,14:49,2026-09-29,funabashi,2,10,三連複,3-6-7,11426.0,11426.0,218,https://www.keiba.go.jp/KeibaWeb/TodayRaceInfo/Odds3LenFuku?k_babaCode=19&k_raceDate=2026%2F09%2F29&k_raceNo=2
2026-09-29 14:50:00,14:49,2026-09-29,funabashi,2,10,三連複,3-6-8,1523.4,1523.4,160,https://www.keiba.go.jp/KeibaWeb/TodayRaceInfo/Odds3LenFuku?k_babaCode=19&k_raceDate=2026%2F09%2F29&k_raceNo=2
2026-09-29 14:50:00,14:49,2026-09-29,funabashi,2,10,三連複,3-6-9,1344.2,1344.2,154,https://www.keiba.go.jp/KeibaWeb/TodayRaceInfo/Odds3LenFuku?k_babaCode=19&k_raceDate=2026%2F09%2F29&k_raceNo=2
2026-09-29 14:50:00,14:49,2026-09-29,funabashi,2,10,三連複,3-7-10,816.1,816.1,129,https://www.keiba.go.jp/KeibaWeb/TodayRaceInfo/Odds3LenFuku?k_babaCode=19&k_raceDate=2026%2F09%2F29&k_raceNo=2
2026-09-29 14:50:00,14:49,2026-09-29,funabashi,2,10,三連複,3-7-11,2856.5,2856.5,194,https://www.keiba.go.jp/KeibaWeb/TodayRaceInfo/Odds3LenFuku?k_babaCode=19&k_raceDate=2026%2F09%2F29&k_raceNo=2
2026-09-29 14:50:00,14:49,2026-09-29,funabashi,2,10,三連複,3-7-12,1904.3,1904.3,169,https://www.keiba.go.jp/KeibaWeb/TodayRaceInfo/Odds3LenFuku?k_babaCode=19&k_raceDate=2026%2F09%2F29&k_raceNo=2
2026-09-29 14:50:00,14:49,2026-09-29,funabashi,2,10,三連複,3-7-8,5713.0,5713.0,214,https://www.keiba.go.jp/KeibaWeb/TodayRaceInfo/Odds3LenFuku?k_babaCode=19&k_raceDate=2026%2F09%2F29&k_raceNo=2
2026-09-29 14:50:00,14:49,2026-09-29,funabashi,2,10,三連複,3-7-9,4570.4,4570.4,208,https://www.keiba.go.jp/KeibaWeb/TodayRaceInfo/Odds3LenFuku?k_babaCode=19&k_raceDate=2026%2F09%2F29&k_raceNo=2
2026-09-29 14:50:00,14:49,2026-09-29,funabashi,2,10,三連複,3-8-10,1038.7,1038.7,142,https://www.keiba.go.jp/KeibaWeb/TodayRaceInfo/Odds3LenFuku?k_babaCode=19&k_raceDate=2026%2F09%2F29&k_raceNo=2
2026-09-29 14:50:00,14:49,2026-09-29,funabashi,2,10,三連複,3-8-11,2077.4,2077.4,176,https://www.keiba.go.jp/KeibaWeb/TodayRaceInfo/Odds3LenFuku?k_babaCode=19&k_raceDate=2026%2F09%2F29&k_raceNo=2
2026-09-29 14:50:00,14:49,2026-09-29,funabashi,2,10,三連複,3-8-12,1428.2,1428.2,158,https://www.keiba.go.jp/KeibaWeb/TodayRaceInfo/Odds3LenFuku?k_babaCode=19&k_raceDate=2026%2F09%2F29&k_raceNo=2
2026-09-29 14:50:00,14:49,2026-09-29,funabashi,2,10,三連複,3-8-9,2077.4,2077.4,176,https://www.keiba.go.jp/KeibaWeb/TodayRaceInfo/Odds3LenFuku?k_babaCode=19&k_raceDate=2026%2F09%2F29&k_raceNo=2
2026-09-29 14:50:00,14:49,2026-09-29,funabashi,2,10,三連複,3-9-10,253.9,253.9,66,https://www.keiba.go.jp/KeibaWeb/TodayRaceInfo/Odds3LenFuku?k_babaCode=19&k_raceDate=2026%2F09%2F29&k_raceNo=2
2026-09-29 14:50:00,14:49,2026-09-29,funabashi,2,10,三連複,3-9-11,486.2,486.2,92,https://www.keiba.go.jp/KeibaWeb/TodayRaceInfo/Odds3LenFuku?k_babaCode=19&k_raceDate=2026%2F09%2F29&k_raceNo=2
2026-09-29 14:50:00,14:49,2026-09-29,funabashi,2,10,三連複,3-9-12,439.4,439.4,88,https://www.keiba.go.jp/KeibaWeb/TodayRaceInfo/Odds3LenFuku?k_babaCode=19&k_raceDate=2026%2F09%2F29&k_raceNo=2
2026-09-29 14:50:00,14:49,2026-09-29,funabashi,2,10,三連複,4-10-11,11.1,11.1,1,https://www.keiba.go.jp/KeibaWeb/TodayRaceInfo/Odds3LenFuku?k_babaCode=19&k_raceDate=2026%2F09%2F29&k_raceNo=2
2026-09-29 14:50:00,14:49,2026-09-29,funabashi,2,10,三連複,4-10-12,13.6,13.6,3,https://www.keiba.go.jp/KeibaWeb/TodayRaceInfo/Odds3LenFuku?k_babaCode=19&k_raceDate=2026%2F09%2F29&k_raceNo=2
2026-09-29 14:50:00,14:49,2026-09-29,funabashi,2,10,三連複,4-11-12,19.3,19.3,6,https://www.keiba.go.jp/KeibaWeb/TodayRaceInfo/Odds3LenFuku?k_babaCode=19&k_raceDate=2026%2F09%2F29&k_raceNo=2
2026-09-29 14:50:00,14:49,2026-09-29,funabashi,2,10,三連複,4-5-10,12.9,12.9,2,https://www.keiba.go.jp/KeibaWeb/TodayRaceInfo/Odds3LenFuku?k_babaCode=19&k_raceDate=2026%2F09%2F29&k_raceNo=2
2026-09-29 14:50:00,14:49,2026-09-29,funabashi,2,10,三連複,4-5-11,17.0,17.0,4,https://www.keiba.go.jp/KeibaWeb/TodayRaceInfo/Odds3LenFuku?k_babaCode=19&k_raceDate=2026%2F09%2F29&k_raceNo=2
2026-09-29 14:50:00,14:49,2026-09-29,funabashi,2,10,三連複,4-5-12,20.5,20.5,7,https://www.keiba.go.jp/KeibaWeb/TodayRaceInfo/Odds3LenFuku?k_babaCode=19&k_raceDate=2026%2F09%2F29&k_raceNo=2
2026-09-29 14:50:00,14:49,2026-09-29,funabashi,2,10,三連複,4-5-6,114.2,114.2,33,https://www.keiba.go.jp/KeibaWeb/TodayRaceInfo/Odds3LenFuku?k_babaCode=19&k_raceDate=2026%2F09%2F29&k_raceNo=2
2026-09-29 14:50:00,14:49,2026-09-29,funabashi,2,10,三連複,4-5-7,251.1,251.1,64,https://www.keiba.go.jp/KeibaWeb/TodayRaceInfo/Odds3LenFuku?k_babaCode=19&k_raceDate=2026%2F09%2F29&k_raceNo=2
2026-09-29 14:50:00,14:49,2026-09-29,funabashi,2,10,三連複,4-5-8,145.5,145.5,48,https://www.keiba.go.jp/KeibaWeb/TodayRaceInfo/Odds3LenFuku?k_babaCode=19&k_raceDate=2026%2F09%2F29&k_raceNo=2
2026-09-29 14:50:00,14:49,2026-09-29,funabashi,2,10,三連複,4-5-9,35.9,35.9,13,https://www.keiba.go.jp/KeibaWeb/TodayRaceInfo/Odds3LenFuku?k_babaCode=19&k_raceDate=2026%2F09%2F29&k_raceNo=2
2026-09-29 14:50:00,14:49,2026-09-29,funabashi,2,10,三連複,4-6-10,73.0,73.0,27,https://www.keiba.go.jp/KeibaWeb/TodayRaceInfo/Odds3LenFuku?k_babaCode=19&k_raceDate=2026%2F09%2F29&k_raceNo=2
2026-09-29 14:50:00,14:49,2026-09-29,funabashi,2,10,三連複,4-6-11,124.1,124.1,38,https://www.keiba.go.jp/KeibaWeb/TodayRaceInfo/Odds3LenFuku?k_babaCode=19&k_raceDate=2026%2F09%2F29&k_raceNo=2
2026-09-29 14:50:00,14:49,2026-09-29,funabashi,2,10,三連複,4-6-12,144.6,144.6,45,https://www.keiba.go.jp/KeibaWeb/TodayRaceInfo/Odds3LenFuku?k_babaCode=19&k_raceDate=2026%2F09%2F29&k_raceNo=2
2026-09-29 14:50:00,14:49,2026-09-29,funabashi,2,10,三連複,4-6-7,1202.7,1202.7,148,https://www.keiba.go.jp/KeibaWeb/TodayRaceInfo/Odds3LenFuku?k_babaCode=19&k_raceDate=2026%2F09%2F29&k_raceNo=2
2026-09-29 14:50:00,14:49,2026-09-29,funabashi,2,10,三連複,4-6-8,394.0,394.0,82,https://www.keiba.go.jp/KeibaWeb/TodayRaceInfo/Odds3LenFuku?k_babaCode=19&k_raceDate=2026%2F09%2F29&k_raceNo=2
2026-09-29 14:50:00,14:49,2026-09-29,funabashi,2,10,三連複,4-6-9,253.9,253.9,66,https://www.keiba.go.jp/KeibaWeb/TodayRaceInfo/Odds3LenFuku?k_babaCode=19&k_raceDate=2026%2F09%2F29&k_raceNo=2
2026-09-29 14:50:00,14:49,2026-09-29,funabashi,2,10,三連複,4-7-10,193.6,193.6,58,https://www.keiba.go.jp/KeibaWeb/TodayRaceInfo/Odds3LenFuku?k_babaCode=19&k_raceDate=2026%2F09%2F29&k_raceNo=2
2026-09-29 14:50:00,14:49,2026-09-29,funabashi,2,10,三連複,4-7-11,272.0,272.0,70,https://www.keiba.go.jp/KeibaWeb/TodayRaceInfo/Odds3LenFuku?k_babaCode=19&k_raceDate=2026%2F09%2F29&k_raceNo=2
2026-09-29 14:50:00,14:49,2026-09-29,funabashi,2,10,三連複,4-7-12,380.8,380.8,80,https://www.keiba.go.jp/KeibaWeb/TodayRaceInfo/Odds3LenFuku?k_babaCode=19&k_raceDate=2026%2F09%2F29&k_raceNo=2
2026-09-29 14:50:00,14:49,2026-09-29,funabashi,2,10,三連複,4-7-8,816.1,816.1,129,https://www.keiba.go.jp/KeibaWeb/TodayRaceInfo/Odds3LenFuku?k_babaCode=19&k_raceDate=2026%2F09%2F29&k_raceNo=2
2026-09-29 14:50:00,14:49,2026-09-29,funabashi,2,10,三連複,4-7-9,571.3,571.3,106,https://www.keiba.go.jp/KeibaWeb/TodayRaceInfo/Odds3LenFuku?k_babaCode=19&k_raceDate=2026%2F09%2F29&k_raceNo=2
2026-09-29 14:50:00,14:49,2026-09-29,funabashi,2,10,三連複,4-8-10,77.2,77.2,28,https://www.keiba.go.jp/KeibaWeb/TodayRaceInfo/Odds3LenFuku?k_babaCode=19&k_raceDate=2026%2F09%2F29&k_raceNo=2
2026-09-29 14:50:00,14:49,2026-09-29,funabashi,2,10,三連複,4-8-11,139.3,139.3,43,https://www.keiba.go.jp/KeibaWeb/TodayRaceInfo/Odds3LenFuku?k_babaCode=19&k_raceDate=2026%2F09%2F29&k_raceNo=2
2026-09-29 14:50:00,14:49,2026-09-29,funabashi,2,10,三連複,4-8-12,158.6,158.6,51,https://www.keiba.go.jp/KeibaWeb/TodayRaceInfo/Odds3LenFuku?k_babaCode=19&k_raceDate=2026%2F09%2F29&k_raceNo=2
2026-09-29 14:50:00,14:49,2026-09-29,funabashi,2,10,三連複,4-8-9,166.8,166.8,54,https://www.keiba.go.jp/KeibaWeb/TodayRaceInfo/Odds3LenFuku?k_babaCode=19&k_raceDate=2026%2F09%2F29&k_raceNo=2
2026-09-29 14:50:00,14:49,2026-09-29,funabashi,2,10,三連複,4-9-10,17.6,17.6,5,https://www.keiba.go.jp/KeibaWeb/TodayRaceInfo/Odds3LenFuku?k_babaCode=19&k_raceDate=2026%2F09%2F29&k_raceNo=2
2026-09-29 14:50:00,14:49,2026-09-29,funabashi,2,10,三連複,4-9-11,30.0,30.0,9,https://www.keiba.go.jp/KeibaWeb/TodayRaceInfo/Odds3LenFuku?k_babaCode=19&k_raceDate=2026%2F09%2F29&k_raceNo=2
2026-09-29 14:50:00,14:49,2026-09-29,funabashi,2,10,三連複,4-9-12,48.5,48.5,19,https://www.keiba.go.jp/KeibaWeb/TodayRaceInfo/Odds3LenFuku?k_babaCode=19&k_raceDate=2026%2F09%2F29&k_raceNo=2
2026-09-29 14:50:00,14:49,2026-09-29,funabashi,2,10,三連複,5-10-11,31.5,31.5,10,https://www.keiba.go.jp/KeibaWeb/TodayRaceInfo/Odds3LenFuku?k_babaCode=19&k_raceDate=2026%2F09%2F29&k_raceNo=2
2026-09-29 14:50:00,14:49,2026-09-29,funabashi,2,10,三連複,5-10-12,32.1,32.1,11,https://www.keiba.go.jp/KeibaWeb/TodayRaceInfo/Odds3LenFuku?k_babaCode=19&k_raceDate=2026%2F09%2F29&k_raceNo=2
2026-09-29 14:50:00,14:49,2026-09-29,funabashi,2,10,三連複,5-11-12,43.5,43.5,15,https://www.keiba.go.jp/KeibaWeb/TodayRaceInfo/Odds3LenFuku?k_babaCode=19&k_raceDate=2026%2F09%2F29&k_raceNo=2
2026-09-29 14:50:00,14:49,2026-09-29,funabashi,2,10,三連複,5-6-10,219.7,219.7,61,https://www.keiba.go.jp/KeibaWeb/TodayRaceInfo/Odds3LenFuku?k_babaCode=19&k_raceDate=2026%2F09%2F29&k_raceNo=2
2026-09-29 14:50:00,14:49,2026-09-29,funabashi,2,10,三連複,5-6-11,380.8,380.8,80,https://www.keiba.go.jp/KeibaWeb/TodayRaceInfo/Odds3LenFuku?k_babaCode=19&k_raceDate=2026%2F09%2F29&k_raceNo=2
2026-09-29 14:50:00,14:49,2026-09-29,funabashi,2,10,三連複,5-6-12,346.2,346.2,77,https://www.keiba.go.jp/KeibaWeb/TodayRaceInfo/Odds3LenFuku?k_babaCode=19&k_raceDate=2026%2F09%2F29&k_raceNo=2
2026-09-29 14:50:00,14:49,2026-09-29,funabashi,2,10,三連複,5-6-7,2856.5,2856.5,194,https://www.keiba.go.jp/KeibaWeb/TodayRaceInfo/Odds3LenFuku?k_babaCode=19&k_raceDate=2026%2F09%2F29&k_raceNo=2
2026-09-29 14:50:00,14:49,2026-09-29,funabashi,2,10,三連複,5-6-8,846.3,846.3,133,https://www.keiba.go.jp/KeibaWeb/TodayRaceInfo/Odds3LenFuku?k_babaCode=19&k_raceDate=2026%2F09%2F29&k_raceNo=2
2026-09-29 14:50:00,14:49,2026-09-29,funabashi,2,10,三連複,5-6-9,507.8,507.8,96,https://www.keiba.go.jp/KeibaWeb/TodayRaceInfo/Odds3LenFuku?k_babaCode=19&k_raceDate=2026%2F09%2F29&k_raceNo=2
2026-09-29 14:50:00,14:49,2026-09-29,funabashi,2,10,三連複,5-7-10,519.3,519.3,99,https://www.keiba.go.jp/KeibaWeb/TodayRaceInfo/Odds3LenFuku?k_babaCode=19&k_raceDate=2026%2F09%2F29&k_raceNo=2
2026-09-29 14:50:00,14:49,2026-09-29,funabashi,2,10,三連複,5-7-11,714.1,714.1,120,https://www.keiba.go.jp/KeibaWeb/TodayRaceInfo/Odds3LenFuku?k_babaCode=19&k_raceDate=2026%2F09%2F29&k_raceNo=2
2026-09-29 14:50:00,14:49,2026-09-29,funabashi,2,10,三連複,5-7-12,601.3,601.3,111,https://www.keiba.go.jp/KeibaWeb/TodayRaceInfo/Odds3LenFuku?k_babaCode=19&k_raceDate=2026%2F09%2F29&k_raceNo=2
2026-09-29 14:50:00,14:49,2026-09-29,funabashi,2,10,三連複,5-7-8,2285.2,2285.2,179,https://www.keiba.go.jp/KeibaWeb/TodayRaceInfo/Odds3LenFuku?k_babaCode=19&k_raceDate=2026%2F09%2F29&k_raceNo=2
2026-09-29 14:50:00,14:49,2026-09-29,funabashi,2,10,三連複,5-7-9,1344.2,1344.2,154,https://www.keiba.go.jp/KeibaWeb/TodayRaceInfo/Odds3LenFuku?k_babaCode=19&k_raceDate=2026%2F09%2F29&k_raceNo=2
2026-09-29 14:50:00,14:49,2026-09-29,funabashi,2,10,三連複,5-8-10,243.1,243.1,62,https://www.keiba.go.jp/KeibaWeb/TodayRaceInfo/Odds3LenFuku?k_babaCode=19&k_raceDate=2026%2F09%2F29&k_raceNo=2
2026-09-29 14:50:00,14:49,2026-09-29,funabashi,2,10,三連複,5-8-11,557.3,557.3,104,https://www.keiba.go.jp/KeibaWeb/TodayRaceInfo/Odds3LenFuku?k_babaCode=19&k_raceDate=2026%2F09%2F29&k_raceNo=2
2026-09-29 14:50:00,14:49,2026-09-29,funabashi,2,10,三連複,5-8-12,571.3,571.3,106,https://www.keiba.go.jp/KeibaWeb/TodayRaceInfo/Odds3LenFuku?k_babaCode=19&k_raceDate=2026%2F09%2F29&k_raceNo=2
2026-09-29 14:50:00,14:49,2026-09-29,funabashi,2,10,三連複,5-8-9,457.0,457.0,90,https://www.keiba.go.jp/KeibaWeb/TodayRaceInfo/Odds3LenFuku?k_babaCode=19&k_raceDate=2026%2F09%2F29&k_raceNo=2
2026-09-29 14:50:00,14:49,2026-09-29,funabashi,2,10,三連複,5-9-10,46.3,46.3,16,https://www.keiba.go.jp/KeibaWeb/TodayRaceInfo/Odds3LenFuku?k_babaCode=19&k_raceDate=2026%2F09%2F29&k_raceNo=2
2026-09-29 14:50:00,14:49,2026-09-29,funabashi,2,10,三連複,5-9-11,80.1,80.1,29,https://www.keiba.go.jp/KeibaWeb/TodayRaceInfo/Odds3LenFuku?k_babaCode=19&k_raceDate=2026%2F09%2F29&k_raceNo=2
2026-09-29 14:50:00,14:49,2026-09-29,funabashi,2,10,三連複,5-9-12,141.0,141.0,44,https://www.keiba.go.jp/KeibaWeb/TodayRaceInfo/Odds3LenFuku?k_babaCode=19&k_raceDate=2026%2F09%2F29&k_raceNo=2
2026-09-29 14:50:00,14:49,2026-09-29,funabashi,2,10,三連複,6-10-11,207.7,207.7,60,https://www.keiba.go.jp/KeibaWeb/TodayRaceInfo/Odds3LenFuku?k_babaCode=19&k_raceDate=2026%2F09%2F29&k_raceNo=2
2026-09-29 14:50:00,14:49,2026-09-29,funabashi,2,10,三連複,6-10-12,114.2,114.2,33,https://www.keiba.go.jp/KeibaWeb/TodayRaceInfo/Odds3LenFuku?k_babaCode=19&k_raceDate=2026%2F09%2F29&k_raceNo=2
2026-09-29 14:50:00,14:49,2026-09-29,funabashi,2,10,三連複,6-11-12,308.8,308.8,75,https://www.keiba.go.jp/KeibaWeb/TodayRaceInfo/Odds3LenFuku?k_babaCode=19&k_raceDate=2026%2F09%2F29&k_raceNo=2
2026-09-29 14:50:00,14:49,2026-09-29,funabashi,2,10,三連複,6-7-10,1269.5,1269.5,151,https://www.keiba.go.jp/KeibaWeb/TodayRaceInfo/Odds3LenFuku?k_babaCode=19&k_raceDate=2026%2F09%2F29&k_raceNo=2
2026-09-29 14:50:00,14:49,2026-09-29,funabashi,2,10,三連複,6-7-11,5713.0,5713.0,214,https://www.keiba.go.jp/KeibaWeb/TodayRaceInfo/Odds3LenFuku?k_babaCode=19&k_raceDate=2026%2F09%2F29&k_raceNo=2
2026-09-29 14:50:00,14:49,2026-09-29,funabashi,2,10,三連複,6-7-12,3264.5,3264.5,199,https://www.keiba.go.jp/KeibaWeb/TodayRaceInfo/Odds3LenFuku?k_babaCode=19&k_raceDate=2026%2F09%2F29&k_raceNo=2
2026-09-29 14:50:00,14:49,2026-09-29,funabashi,2,10,三連複,6-7-8,4570.4,4570.4,208,https://www.keiba.go.jp/KeibaWeb/TodayRaceInfo/Odds3LenFuku?k_babaCode=19&k_raceDate=2026%2F09%2F29&k_raceNo=2
2026-09-29 14:50:00,14:49,2026-09-29,funabashi,2,10,三連複,6-7-9,2285.2,2285.2,179,https://www.keiba.go.jp/KeibaWeb/TodayRaceInfo/Odds3LenFuku?k_babaCode=19&k_raceDate=2026%2F09%2F29&k_raceNo=2
2026-09-29 14:50:00,14:49,2026-09-29,funabashi,2,10,三連複,6-8-10,431.1,431.1,87,https://www.keiba.go.jp/KeibaWeb/TodayRaceInfo/Odds3LenFuku?k_babaCode=19&k_raceDate=2026%2F09%2F29&k_raceNo=2
2026-09-29 14:50:00,14:49,2026-09-29,funabashi,2,10,三連複,6-8-11,2856.5,2856.5,194,https://www.keiba.go.jp/KeibaWeb/TodayRaceInfo/Odds3LenFuku?k_babaCode=19&k_raceDate=2026%2F09%2F29&k_raceNo=2
2026-09-29 14:50:00,14:49,2026-09-29,funabashi,2,10,三連複,6-8-12,1757.8,1757.8,167,https://www.keiba.go.jp/KeibaWeb/TodayRaceInfo/Odds3LenFuku?k_babaCode=19&k_raceDate=2026%2F09%2F29&k_raceNo=2
2026-09-29 14:50:00,14:49,2026-09-29,funabashi,2,10,三連複,6-8-9,846.3,846.3,133,https://www.keiba.go.jp/KeibaWeb/TodayRaceInfo/Odds3LenFuku?k_babaCode=19&k_raceDate=2026%2F09%2F29&k_raceNo=2
2026-09-29 14:50:00,14:49,2026-09-29,funabashi,2,10,三連複,6-9-10,103.8,103.8,30,https://www.keiba.go.jp/KeibaWeb/TodayRaceInfo/Odds3LenFuku?k_babaCode=19&k_raceDate=2026%2F09%2F29&k_raceNo=2
2026-09-29 14:50:00,14:49,2026-09-29,funabashi,2,10,三連複,6-9-11,585.9,585.9,109,https://www.keiba.go.jp/KeibaWeb/TodayRaceInfo/Odds3LenFuku?k_babaCode=19&k_raceDate=2026%2F09%2F29&k_raceNo=2
2026-09-29 14:50:00,14:49,2026-09-29,funabashi,2,10,三連複,6-9-12,788.0,788.0,127,https://www.keiba.go.jp/KeibaWeb/TodayRaceInfo/Odds3LenFuku?k_babaCode=19&k_raceDate=2026%2F09%2F29&k_raceNo=2
2026-09-29 14:50:00,14:49,2026-09-29,funabashi,2,10,三連複,7-10-11,496.7,496.7,94,https://www.keiba.go.jp/KeibaWeb/TodayRaceInfo/Odds3LenFuku?k_babaCode=19&k_raceDate=2026%2F09%2F29&k_raceNo=2
2026-09-29 14:50:00,14:49,2026-09-29,funabashi,2,10,三連複,7-10-12,423.1,423.1,84,https://www.keiba.go.jp/KeibaWeb/TodayRaceInfo/Odds3LenFuku?k_babaCode=19&k_raceDate=2026%2F09%2F29&k_raceNo=2
2026-09-29 14:50:00,14:49,2026-09-29,funabashi,2,10,三連複,7-11-12,507.8,507.8,96,https://www.keiba.go.jp/KeibaWeb/TodayRaceInfo/Odds3LenFuku?k_babaCode=19&k_raceDate=2026%2F09%2F29&k_raceNo=2
2026-09-29 14:50:00,14:49,2026-09-29,funabashi,2,10,三連複,7-8-10,846.3,846.3,133,https://www.keiba.go.jp/KeibaWeb/TodayRaceInfo/Odds3LenFuku?k_babaCode=19&k_raceDate=2026%2F09%2F29&k_raceNo=2
2026-09-29 14:50:00,14:49,2026-09-29,funabashi,2,10,三連複,7-8-11,1904.3,1904.3,169,https://www.keiba.go.jp/KeibaWeb/TodayRaceInfo/Odds3LenFuku?k_babaCode=19&k_raceDate=2026%2F09%2F29&k_raceNo=2
2026-09-29 14:50:00,14:49,2026-09-29,funabashi,2,10,三連複,7-8-12,2285.2,2285.2,179,https://www.keiba.go.jp/KeibaWeb/TodayRaceInfo/Odds3LenFuku?k_babaCode=19&k_raceDate=2026%2F09%2F29&k_raceNo=2
2026-09-29 14:50:00,14:49,2026-09-29,funabashi,2,10,三連複,7-8-9,1269.5,1269.5,151,https://www.keiba.go.jp/KeibaWeb/TodayRaceInfo/Odds3LenFuku?k_babaCode=19&k_raceDate=2026%2F09%2F29&k_raceNo=2
2026-09-29 14:50:00,14:49,2026-09-29,funabashi,2,10,三連複,7-9-10,439.4,439.4,88,https://www.keiba.go.jp/KeibaWeb/TodayRaceInfo/Odds3LenFuku?k_babaCode=19&k_raceDate=2026%2F09%2F29&k_raceNo=2
2026-09-29 14:50:00,14:49,2026-09-29,funabashi,2,10,三連複,7-9-11,1904.3,1904.3,169,https://www.keiba.go.jp/KeibaWeb/TodayRaceInfo/Odds3LenFuku?k_babaCode=19&k_raceDate=2026%2F09%2F29&k_raceNo=2
2026-09-29 14:50:00,14:49,2026-09-29,funabashi,2,10,三連複,7-9-12,1428.2,1428.2,158,https://www.keiba.go.jp/KeibaWeb/TodayRaceInfo/Odds3LenFuku?k_babaCode=19&k_raceDate=2026%2F09%2F29&k_raceNo=2
2026-09-29 14:50:00,14:49,2026-09-29,funabashi,2,10,三連複,8-10-11,144.6,144.6,45,https://www.keiba.go.jp/KeibaWeb/TodayRaceInfo/Odds3LenFuku?k_babaCode=19&k_raceDate=2026%2F09%2F29&k_raceNo=2
2026-09-29 14:50:00,14:49,2026-09-29,funabashi,2,10,三連複,8-10-12,163.2,163.2,53,https://www.keiba.go.jp/KeibaWeb/TodayRaceInfo/Odds3LenFuku?k_babaCode=19&k_raceDate=2026%2F09%2F29&k_raceNo=2
2026-09-29 14:50:00,14:49,2026-09-29,funabashi,2,10,三連複,8-11-12,272.0,272.0,70,https://www.keiba.go.jp/KeibaWeb/TodayRaceInfo/Odds3LenFuku?k_babaCode=19&k_raceDate=2026%2F09%2F29&k_raceNo=2
2026-09-29 14:50:00,14:49,2026-09-29,funabashi,2,10,三連複,8-9-10,120.9,120.9,35,https://www.keiba.go.jp/KeibaWeb/TodayRaceInfo/Odds3LenFuku?k_babaCode=19&k_raceDate=2026%2F09%2F29&k_raceNo=2
2026-09-29 14:50:00,14:49,2026-09-29,funabashi,2,10,三連複,8-9-11,268.8,268.8,69,https://www.keiba.go.jp/KeibaWeb/TodayRaceInfo/Odds3LenFuku?k_babaCode=19&k_raceDate=2026%2F09%2F29&k_raceNo=2
2026-09-29 14:50:00,14:49,2026-09-29,funabashi,2,10,三連複,8-9-12,457.0,457.0,90,https://www.keiba.go.jp/KeibaWeb/TodayRaceInfo/Odds3LenFuku?k_babaCode=19&k_raceDate=2026%2F09%2F29&k_raceNo=2
2026-09-29 14:50:00,14:49,2026-09-29,funabashi,2,10,三連複,9-10-11,33.4,33.4,12,https://www.keiba.go.jp/KeibaWeb/TodayRaceInfo/Odds3LenFuku?k_babaCode=19&k_raceDate=2026%2F09%2F29&k_raceNo=2
2026-09-29 14:50:00,14:49,2026-09-29,funabashi,2,10,三連複,9-10-12,37.8,37.8,14,https://www.keiba.go.jp/KeibaWeb/TodayRaceInfo/Odds3LenFuku?k_babaCode=19&k_raceDate=2026%2F09%2F29&k_raceNo=2
2026-09-29 14:50:00,14:49,2026-09-29,funabashi,2,10,三連複,9-11-12,66.4,66.4,26,https://www.keiba.go.jp/KeibaWeb/TodayRaceInfo/Odds3LenFuku?k_babaCode=19&k_raceDate=2026%2F09%2F29&k_raceNo=2
2026-09-29 14:50:00,14:49,2026-09-29,funabashi,2,10,馬連,1-10,102.4,102.4,26,https://www.keiba.go.jp/KeibaWeb/TodayRaceInfo/OddsUmLenFuku?k_babaCode=19&k_raceDate=2026%2F09%2F29&k_raceNo=2
2026-09-29 14:50:00,14:49,2026-09-29,funabashi,2,10,馬連,1-11,66.7,66.7,18,https://www.keiba.go.jp/KeibaWeb/TodayRaceInfo/OddsUmLenFuku?k_babaCode=19&k_raceDate=2026%2F09%2F29&k_raceNo=2
2026-09-29 14:50:00,14:49,2026-09-29,funabashi,2,10,馬連,1-12,77.1,77.1,23,https://www.keiba.go.jp/KeibaWeb/TodayRaceInfo/OddsUmLenFuku?k_babaCode=19&k_raceDate=2026%2F09%2F29&k_raceNo=2
2026-09-29 14:50:00,14:49,2026-09-29,funabashi,2,10,馬連,1-2,1034.4,1034.4,61,https://www.keiba.go.jp/KeibaWeb/TodayRaceInfo/OddsUmLenFuku?k_babaCode=19&k_raceDate=2026%2F09%2F29&k_raceNo=2
2026-09-29 14:50:00,14:49,2026-09-29,funabashi,2,10,馬連,1-3,265.2,265.2,42,https://www.keiba.go.jp/KeibaWeb/TodayRaceInfo/OddsUmLenFuku?k_babaCode=19&k_raceDate=2026%2F09%2F29&k_raceNo=2
2026-09-29 14:50:00,14:49,2026-09-29,funabashi,2,10,馬連,1-4,44.9,44.9,15,https://www.keiba.go.jp/KeibaWeb/TodayRaceInfo/OddsUmLenFuku?k_babaCode=19&k_raceDate=2026%2F09%2F29&k_raceNo=2
2026-09-29 14:50:00,14:49,2026-09-29,funabashi,2,10,馬連,1-5,80.1,80.1,24,https://www.keiba.go.jp/KeibaWeb/TodayRaceInfo/OddsUmLenFuku?k_babaCode=19&k_raceDate=2026%2F09%2F29&k_raceNo=2
2026-09-29 14:50:00,14:49,2026-09-29,funabashi,2,10,馬連,1-6,224.8,224.8,36,https://www.keiba.go.jp/KeibaWeb/TodayRaceInfo/OddsUmLenFuku?k_babaCode=19&k_raceDate=2026%2F09%2F29&k_raceNo=2
2026-09-29 14:50:00,14:49,2026-09-29,funabashi,2,10,馬連,1-7,1293.0,1293.0,64,https://www.keiba.go.jp/KeibaWeb/TodayRaceInfo/OddsUmLenFuku?k_babaCode=19&k_raceDate=2026%2F09%2F29&k_raceNo=2
2026-09-29 14:50:00,14:49,2026-09-29,funabashi,2,10,馬連,1-8,369.4,369.4,51,https://www.keiba.go.jp/KeibaWeb/TodayRaceInfo/OddsUmLenFuku?k_babaCode=19&k_raceDate=2026%2F09%2F29&k_raceNo=2
2026-09-29 14:50:00,14:49,2026-09-29,funabashi,2,10,馬連,1-9,287.3,287.3,45,https://www.keiba.go.jp/KeibaWeb/TodayRaceInfo/OddsUmLenFuku?k_babaCode=19&k_raceDate=2026%2F09%2F29&k_raceNo=2
2026-09-29 14:50:00,14:49,2026-09-29,funabashi,2,10,馬連,10-11,16.7,16.7,5,https://www.keiba.go.jp/KeibaWeb/TodayRaceInfo/OddsUmLenFuku?k_babaCode=19&k_raceDate=2026%2F09%2F29&k_raceNo=2
2026-09-29 14:50:00,14:49,2026-09-29,funabashi,2,10,馬連,10-12,16.9,16.9,6,https://www.keiba.go.jp/KeibaWeb/TodayRaceInfo/OddsUmLenFuku?k_babaCode=19&k_raceDate=2026%2F09%2F29&k_raceNo=2
2026-09-29 14:50:00,14:49,2026-09-29,funabashi,2,10,馬連,11-12,17.6,17.6,7,https://www.keiba.go.jp/KeibaWeb/TodayRaceInfo/OddsUmLenFuku?k_babaCode=19&k_raceDate=2026%2F09%2F29&k_raceNo=2
2026-09-29 14:50:00,14:49,2026-09-29,funabashi,2,10,馬連,2-10,252.2,252.2,40,https://www.keiba.go.jp/KeibaWeb/TodayRaceInfo/OddsUmLenFuku?k_babaCode=19&k_raceDate=2026%2F09%2F29&k_raceNo=2
2026-09-29 14:50:00,14:49,2026-09-29,funabashi,2,10,馬連,2-11,383.1,383.1,52,https://www.keiba.go.jp/KeibaWeb/TodayRaceInfo/OddsUmLenFuku?k_babaCode=19&k_raceDate=2026%2F09%2F29&k_raceNo=2
2026-09-29 14:50:00,14:49,2026-09-29,funabashi,2,10,馬連,2-12,413.7,413.7,53,https://www.keiba.go.jp/KeibaWeb/TodayRaceInfo/OddsUmLenFuku?k_babaCode=19&k_raceDate=2026%2F09%2F29&k_raceNo=2
2026-09-29 14:50:00,14:49,2026-09-29,funabashi,2,10,馬連,2-3,1149.3,1149.3,63,https://www.keiba.go.jp/KeibaWeb/TodayRaceInfo/OddsUmLenFuku?k_babaCode=19&k_raceDate=2026%2F09%2F29&k_raceNo=2
2026-09-29 14:50:00,14:49,2026-09-29,funabashi,2,10,馬連,2-4,279.5,279.5,43,https://www.keiba.go.jp/KeibaWeb/TodayRaceInfo/OddsUmLenFuku?k_babaCode=19&k_raceDate=2026%2F09%2F29&k_raceNo=2
2026-09-29 14:50:00,14:49,2026-09-29,funabashi,2,10,馬連,2-5,279.5,279.5,43,https://www.keiba.go.jp/KeibaWeb/TodayRaceInfo/OddsUmLenFuku?k_babaCode=19&k_raceDate=2026%2F09%2F29&k_raceNo=2
2026-09-29 14:50:00,14:49,2026-09-29,funabashi,2,10,馬連,2-6,940.3,940.3,60,https://www.keiba.go.jp/KeibaWeb/TodayRaceInfo/OddsUmLenFuku?k_babaCode=19&k_raceDate=2026%2F09%2F29&k_raceNo=2
2026-09-29 14:50:00,14:49,2026-09-29,funabashi,2,10,馬連,2-7,1293.0,1293.0,64,https://www.keiba.go.jp/KeibaWeb/TodayRaceInfo/OddsUmLenFuku?k_babaCode=19&k_raceDate=2026%2F09%2F29&k_raceNo=2
2026-09-29 14:50:00,14:49,2026-09-29,funabashi,2,10,馬連,2-8,333.6,333.6,48,https://www.keiba.go.jp/KeibaWeb/TodayRaceInfo/OddsUmLenFuku?k_babaCode=19&k_raceDate=2026%2F09%2F29&k_raceNo=2
2026-09-29 14:50:00,14:49,2026-09-29,funabashi,2,10,馬連,2-9,608.4,608.4,59,https://www.keiba.go.jp/KeibaWeb/TodayRaceInfo/OddsUmLenFuku?k_babaCode=19&k_raceDate=2026%2F09%2F29&k_raceNo=2
2026-09-29 14:50:00,14:49,2026-09-29,funabashi,2,10,馬連,3-10,76.0,76.0,22,https://www.keiba.go.jp/KeibaWeb/TodayRaceInfo/OddsUmLenFuku?k_babaCode=19&k_raceDate=2026%2F09%2F29&k_raceNo=2
2026-09-29 14:50:00,14:49,2026-09-29,funabashi,2,10,馬連,3-11,106.6,106.6,27,https://www.keiba.go.jp/KeibaWeb/TodayRaceInfo/OddsUmLenFuku?k_babaCode=19&k_raceDate=2026%2F09%2F29&k_raceNo=2
2026-09-29 14:50:00,14:49,2026-09-29,funabashi,2,10,馬連,3-12,120.2,120.2,29,https://www.keiba.go.jp/KeibaWeb/TodayRaceInfo/OddsUmLenFuku?k_babaCode=19&k_raceDate=2026%2F09%2F29&k_raceNo=2
2026-09-29 14:50:00,14:49,2026-09-29,funabashi,2,10,馬連,3-4,24.9,24.9,10,https://www.keiba.go.jp/KeibaWeb/TodayRaceInfo/OddsUmLenFuku?k_babaCode=19&k_raceDate=2026%2F09%2F29&k_raceNo=2
2026-09-29 14:50:00,14:49,2026-09-29,funabashi,2,10,馬連,3-5,68.5,68.5,20,https://www.keiba.go.jp/KeibaWeb/TodayRaceInfo/OddsUmLenFuku?k_babaCode=19&k_raceDate=2026%2F09%2F29&k_raceNo=2
2026-09-29 14:50:00,14:49,2026-09-29,funabashi,2,10,馬連,3-6,229.8,229.8,37,https://www.keiba.go.jp/KeibaWeb/TodayRaceInfo/OddsUmLenFuku?k_babaCode=19&k_raceDate=2026%2F09%2F29&k_raceNo=2
2026-09-29 14:50:00,14:49,2026-09-29,funabashi,2,10,馬連,3-7,1034.4,1034.4,61,https://www.keiba.go.jp/KeibaWeb/TodayRaceInfo/OddsUmLenFuku?k_babaCode=19&k_raceDate=2026%2F09%2F29&k_raceNo=2
2026-09-29 14:50:00,14:49,2026-09-29,funabashi,2,10,馬連,3-8,517.2,517.2,56,https://www.keiba.go.jp/KeibaWeb/TodayRaceInfo/OddsUmLenFuku?k_babaCode=19&k_raceDate=2026%2F09%2F29&k_raceNo=2
2026-09-29 14:50:00,14:49,2026-09-29,funabashi,2,10,馬連,3-9,304.2,304.2,47,https://www.keiba.go.jp/KeibaWeb/TodayRaceInfo/OddsUmLenFuku?k_babaCode=19&k_raceDate=2026%2F09%2F29&k_raceNo=2
2026-09-29 14:50:00,14:49,2026-09-29,funabashi,2,10,馬連,4-10,4.1,4.1,1,https://www.keiba.go.jp/KeibaWeb/TodayRaceInfo/OddsUmLenFuku?k_babaCode=19&k_raceDate=2026%2F09%2F29&k_raceNo=2
2026-09-29 14:50:00,14:49,2026-09-29,funabashi,2,10,馬連,4-11,7.0,7.0,2,https://www.keiba.go.jp/KeibaWeb/TodayRaceInfo/OddsUmLenFuku?k_babaCode=19&k_raceDate=2026%2F09%2F29&k_raceNo=2
2026-09-29 14:50:00,14:49,2026-09-29,funabashi,2,10,馬連,4-12,12.5,12.5,4,https://www.keiba.go.jp/KeibaWeb/TodayRaceInfo/OddsUmLenFuku?k_babaCode=19&k_raceDate=2026%2F09%2F29&k_raceNo=2
2026-09-29 14:50:00,14:49,2026-09-29,funabashi,2,10,馬連,4-5,7.9,7.9,3,https://www.keiba.go.jp/KeibaWeb/TodayRaceInfo/OddsUmLenFuku?k_babaCode=19&k_raceDate=2026%2F09%2F29&k_raceNo=2
2026-09-29 14:50:00,14:49,2026-09-29,funabashi,2,10,馬連,4-6,66.3,66.3,17,https://www.keiba.go.jp/KeibaWeb/TodayRaceInfo/OddsUmLenFuku?k_babaCode=19&k_raceDate=2026%2F09%2F29&k_raceNo=2
2026-09-29 14:50:00,14:49,2026-09-29,funabashi,2,10,馬連,4-7,220.0,220.0,35,https://www.keiba.go.jp/KeibaWeb/TodayRaceInfo/OddsUmLenFuku?k_babaCode=19&k_raceDate=2026%2F09%2F29&k_raceNo=2
2026-09-29 14:50:00,14:49,2026-09-29,funabashi,2,10,馬連,4-8,89.1,89.1,25,https://www.keiba.go.jp/KeibaWeb/TodayRaceInfo/OddsUmLenFuku?k_babaCode=19&k_raceDate=2026%2F09%2F29&k_raceNo=2
2026-09-29 14:50:00,14:49,2026-09-29,funabashi,2,10,馬連,4-9,32.6,32.6,13,https://www.keiba.go.jp/KeibaWeb/TodayRaceInfo/OddsUmLenFuku?k_babaCode=19&k_raceDate=2026%2F09%2F29&k_raceNo=2
2026-09-29 14:50:00,14:49,2026-09-29,funabashi,2,10,馬連,5-10,22.6,22.6,9,https://www.keiba.go.jp/KeibaWeb/TodayRaceInfo/OddsUmLenFuku?k_babaCode=19&k_raceDate=2026%2F09%2F29&k_raceNo=2
2026-09-29 14:50:00,14:49,2026-09-29,funabashi,2,10,馬連,5-11,26.7,26.7,11,https://www.keiba.go.jp/KeibaWeb/TodayRaceInfo/OddsUmLenFuku?k_babaCode=19&k_raceDate=2026%2F09%2F29&k_raceNo=2
2026-09-29 14:50:00,14:49,2026-09-29,funabashi,2,10,馬連,5-12,30.9,30.9,12,https://www.keiba.go.jp/KeibaWeb/TodayRaceInfo/OddsUmLenFuku?k_babaCode=19&k_raceDate=2026%2F09%2F29&k_raceNo=2
2026-09-29 14:50:00,14:49,2026-09-29,funabashi,2,10,馬連,5-6,152.1,152.1,31,https://www.keiba.go.jp/KeibaWeb/TodayRaceInfo/OddsUmLenFuku?k_babaCode=19&k_raceDate=2026%2F09%2F29&k_raceNo=2
2026-09-29 14:50:00,14:49,2026-09-29,funabashi,2,10,馬連,5-7,449.7,449.7,54,https://www.keiba.go.jp/KeibaWeb/TodayRaceInfo/OddsUmLenFuku?k_babaCode=19&k_raceDate=2026%2F09%2F29&k_raceNo=2
2026-09-29 14:50:00,14:49,2026-09-29,funabashi,2,10,馬連,5-8,166.8,166.8,33,https://www.keiba.go.jp/KeibaWeb/TodayRaceInfo/OddsUmLenFuku?k_babaCode=19&k_raceDate=2026%2F09%2F29&k_raceNo=2
2026-09-29 14:50:00,14:49,2026-09-29,funabashi,2,10,馬連,5-9,58.4,58.4,16,https://www.keiba.go.jp/KeibaWeb/TodayRaceInfo/OddsUmLenFuku?k_babaCode=19&k_raceDate=2026%2F09%2F29&k_raceNo=2
2026-09-29 14:50:00,14:49,2026-09-29,funabashi,2,10,馬連,6-10,116.2,116.2,28,https://www.keiba.go.jp/KeibaWeb/TodayRaceInfo/OddsUmLenFuku?k_babaCode=19&k_raceDate=2026%2F09%2F29&k_raceNo=2
2026-09-29 14:50:00,14:49,2026-09-29,funabashi,2,10,馬連,6-11,166.8,166.8,33,https://www.keiba.go.jp/KeibaWeb/TodayRaceInfo/OddsUmLenFuku?k_babaCode=19&k_raceDate=2026%2F09%2F29&k_raceNo=2
2026-09-29 14:50:00,14:49,2026-09-29,funabashi,2,10,馬連,6-12,235.0,235.0,38,https://www.keiba.go.jp/KeibaWeb/TodayRaceInfo/OddsUmLenFuku?k_babaCode=19&k_raceDate=2026%2F09%2F29&k_raceNo=2
2026-09-29 14:50:00,14:49,2026-09-29,funabashi,2,10,馬連,6-7,1477.7,1477.7,66,https://www.keiba.go.jp/KeibaWeb/TodayRaceInfo/OddsUmLenFuku?k_babaCode=19&k_raceDate=2026%2F09%2F29&k_raceNo=2
2026-09-29 14:50:00,14:49,2026-09-29,funabashi,2,10,馬連,6-8,344.8,344.8,49,https://www.keiba.go.jp/KeibaWeb/TodayRaceInfo/OddsUmLenFuku?k_babaCode=19&k_raceDate=2026%2F09%2F29&k_raceNo=2
2026-09-29 14:50:00,14:49,2026-09-29,funabashi,2,10,馬連,6-9,295.5,295.5,46,https://www.keiba.go.jp/KeibaWeb/TodayRaceInfo/OddsUmLenFuku?k_babaCode=19&k_raceDate=2026%2F09%2F29&k_raceNo=2
2026-09-29 14:50:00,14:49,2026-09-29,funabashi,2,10,馬連,7-10,246.2,246.2,39,https://www.keiba.go.jp/KeibaWeb/TodayRaceInfo/OddsUmLenFuku?k_babaCode=19&k_raceDate=2026%2F09%2F29&k_raceNo=2
2026-09-29 14:50:00,14:49,2026-09-29,funabashi,2,10,馬連,7-11,344.8,344.8,49,https://www.keiba.go.jp/KeibaWeb/TodayRaceInfo/OddsUmLenFuku?k_babaCode=19&k_raceDate=2026%2F09%2F29&k_raceNo=2
2026-09-29 14:50:00,14:49,2026-09-29,funabashi,2,10,馬連,7-12,470.1,470.1,55,https://www.keiba.go.jp/KeibaWeb/TodayRaceInfo/OddsUmLenFuku?k_babaCode=19&k_raceDate=2026%2F09%2F29&k_raceNo=2
2026-09-29 14:50:00,14:49,2026-09-29,funabashi,2,10,馬連,7-8,574.6,574.6,57,https://www.keiba.go.jp/KeibaWeb/TodayRaceInfo/OddsUmLenFuku?k_babaCode=19&k_raceDate=2026%2F09%2F29&k_raceNo=2
2026-09-29 14:50:00,14:49,2026-09-29,funabashi,2,10,馬連,7-9,574.6,574.6,57,https://www.keiba.go.jp/KeibaWeb/TodayRaceInfo/OddsUmLenFuku?k_babaCode=19&k_raceDate=2026%2F09%2F29&k_raceNo=2
2026-09-29 14:50:00,14:49,2026-09-29,funabashi,2,10,馬連,8-10,71.8,71.8,21,https://www.keiba.go.jp/KeibaWeb/TodayRaceInfo/OddsUmLenFuku?k_babaCode=19&k_raceDate=2026%2F09%2F29&k_raceNo=2
2026-09-29 14:50:00,14:49,2026-09-29,funabashi,2,10,馬連,8-11,145.6,145.6,30,https://www.keiba.go.jp/KeibaWeb/TodayRaceInfo/OddsUmLenFuku?k_babaCode=19&k_raceDate=2026%2F09%2F29&k_raceNo=2
2026-09-29 14:50:00,14:49,2026-09-29,funabashi,2,10,馬連,8-12,159.1,159.1,32,https://www.keiba.go.jp/KeibaWeb/TodayRaceInfo/OddsUmLenFuku?k_babaCode=19&k_raceDate=2026%2F09%2F29&k_raceNo=2
2026-09-29 14:50:00,14:49,2026-09-29,funabashi,2,10,馬連,8-9,252.2,252.2,40,https://www.keiba.go.jp/KeibaWeb/TodayRaceInfo/OddsUmLenFuku?k_babaCode=19&k_raceDate=2026%2F09%2F29&k_raceNo=2
2026-09-29 14:50:00,14:49,2026-09-29,funabashi,2,10,馬連,9-10,20.8,20.8,8,https://www.keiba.go.jp/KeibaWeb/TodayRaceInfo/OddsUmLenFuku?k_babaCode=19&k_raceDate=2026%2F09%2F29&k_raceNo=2
2026-09-29 14:50:00,14:49,2026-09-29,funabashi,2,10,馬連,9-11,43.2,43.2,14,https://www.keiba.go.jp/KeibaWeb/TodayRaceInfo/OddsUmLenFuku?k_babaCode=19&k_raceDate=2026%2F09%2F29&k_raceNo=2
2026-09-29 14:50:00,14:49,2026-09-29,funabashi,2,10,馬連,9-12,66.7,66.7,18,https://www.keiba.go.jp/KeibaWeb/TodayRaceInfo/OddsUmLenFuku?k_babaCode=19&k_raceDate=2026%2F09%2F29&k_raceNo=2
