captured_at,source_time,race_date,track,race_no,minutes_before,bet_type,combination,odds_low,odds_high,popularity,source_url
2026-09-29 18:20:00,18:19,2026-09-29,funabashi,8,5,馬連,4-13,8.7,8.7,1,https://www.keiba.go.jp/KeibaWeb/TodayRaceInfo/OddsUmLenFuku?k_babaCode=19&k_raceDate=2026%2F09%2F29&k_raceNo=8
2026-09-29 18:20:00,18:19,2026-09-29,funabashi,8,5,馬連,4-14,15.5,15.5,2,https://www.keiba.go.jp/KeibaWeb/TodayRaceInfo/OddsUmLenFuku?k_babaCode=19&k_raceDate=2026%2F09%2F29&k_raceNo=8
2026-09-29 18:20:00,18:19,2026-09-29,funabashi,8,5,馬連,4-10,16.0,16.0,3,https://www.keiba.go.jp/KeibaWeb/TodayRaceInfo/OddsUmLenFuku?k_babaCode=19&k_raceDate=2026%2F09%2F29&k_raceNo=8
2026-09-29 18:20:00,18:19,2026-09-29,funabashi,8,5,馬連,4-6,16.5,16.5,4,https://www.keiba.go.jp/KeibaWeb/TodayRaceInfo/OddsUmLenFuku?k_babaCode=19&k_raceDate=2026%2F09%2F29&k_raceNo=8
2026-09-29 18:20:00,18:19,2026-09-29,funabashi,8,5,馬連,1-4,17.3,17.3,5,https://www.keiba.go.jp/KeibaWeb/TodayRaceInfo/OddsUmLenFuku?k_babaCode=19&k_raceDate=2026%2F09%2F29&k_raceNo=8
2026-09-29 18:20:00,18:19,2026-09-29,funabashi,8,5,馬連,4-5,20.9,20.9,6,https://www.keiba.go.jp/KeibaWeb/TodayRaceInfo/OddsUmLenFuku?k_babaCode=19&k_raceDate=2026%2F09%2F29&k_raceNo=8
2026-09-29 18:20:00,18:19,2026-09-29,funabashi,8,5,馬連,6-13,23.0,23.0,7,https://www.keiba.go.jp/KeibaWeb/TodayRaceInfo/OddsUmLenFuku?k_babaCode=19&k_raceDate=2026%2F09%2F29&k_raceNo=8
2026-09-29 18:20:00,18:19,2026-09-29,funabashi,8,5,馬連,2-4,24.3,24.3,8,https://www.keiba.go.jp/KeibaWeb/TodayRaceInfo/OddsUmLenFuku?k_babaCode=19&k_raceDate=2026%2F09%2F29&k_raceNo=8
2026-09-29 18:20:00,18:19,2026-09-29,funabashi,8,5,馬連,4-12,29.5,29.5,9,https://www.keiba.go.jp/KeibaWeb/TodayRaceInfo/OddsUmLenFuku?k_babaCode=19&k_raceDate=2026%2F09%2F29&k_raceNo=8
2026-09-29 18:20:00,18:19,2026-09-29,funabashi,8,5,馬連,10-13,29.8,29.8,10,https://www.keiba.go.jp/KeibaWeb/TodayRaceInfo/OddsUmLenFuku?k_babaCode=19&k_raceDate=2026%2F09%2F29&k_raceNo=8
2026-09-29 18:20:00,18:19,2026-09-29,funabashi,8,5,馬連,1-13,31.4,31.4,11,https://www.keiba.go.jp/KeibaWeb/TodayRaceInfo/OddsUmLenFuku?k_babaCode=19&k_raceDate=2026%2F09%2F29&k_raceNo=8
2026-09-29 18:20:00,18:19,2026-09-29,funabashi,8,5,馬連,13-14,31.5,31.5,12,https://www.keiba.go.jp/KeibaWeb/TodayRaceInfo/OddsUmLenFuku?k_babaCode=19&k_raceDate=2026%2F09%2F29&k_raceNo=8
2026-09-29 18:20:00,18:19,2026-09-29,funabashi,8,5,馬連,12-13,40.3,40.3,13,https://www.keiba.go.jp/KeibaWeb/TodayRaceInfo/OddsUmLenFuku?k_babaCode=19&k_raceDate=2026%2F09%2F29&k_raceNo=8
2026-09-29 18:20:00,18:19,2026-09-29,funabashi,8,5,馬連,6-14,41.1,41.1,14,https://www.keiba.go.jp/KeibaWeb/TodayRaceInfo/OddsUmLenFuku?k_babaCode=19&k_raceDate=2026%2F09%2F29&k_raceNo=8
2026-09-29 18:20:00,18:19,2026-09-29,funabashi,8,5,馬連,5-13,42.9,42.9,15,https://www.keiba.go.jp/KeibaWeb/TodayRaceInfo/OddsUmLenFuku?k_babaCode=19&k_raceDate=2026%2F09%2F29&k_raceNo=8
2026-09-29 18:20:00,18:19,2026-09-29,funabashi,8,5,馬連,5-6,44.5,44.5,16,https://www.keiba.go.jp/KeibaWeb/TodayRaceInfo/OddsUmLenFuku?k_babaCode=19&k_raceDate=2026%2F09%2F29&k_raceNo=8
2026-09-29 18:20:00,18:19,2026-09-29,funabashi,8,5,馬連,6-10,48.9,48.9,17,https://www.keiba.go.jp/KeibaWeb/TodayRaceInfo/OddsUmLenFuku?k_babaCode=19&k_raceDate=2026%2F09%2F29&k_raceNo=8
2026-09-29 18:20:00,18:19,2026-09-29,funabashi,8,5,馬連,4-8,49.7,49.7,18,https://www.keiba.go.jp/KeibaWeb/TodayRaceInfo/OddsUmLenFuku?k_babaCode=19&k_raceDate=2026%2F09%2F29&k_raceNo=8
2026-09-29 18:20:00,18:19,2026-09-29,funabashi,8,5,馬連,6-12,50.6,50.6,19,https://www.keiba.go.jp/KeibaWeb/TodayRaceInfo/OddsUmLenFuku?k_babaCode=19&k_raceDate=2026%2F09%2F29&k_raceNo=8
2026-09-29 18:20:00,18:19,2026-09-29,funabashi,8,5,馬連,1-10,50.9,50.9,20,https://www.keiba.go.jp/KeibaWeb/TodayRaceInfo/OddsUmLenFuku?k_babaCode=19&k_raceDate=2026%2F09%2F29&k_raceNo=8
2026-09-29 18:20:00,18:19,2026-09-29,funabashi,8,5,馬連,5-12,53.0,53.0,21,https://www.keiba.go.jp/KeibaWeb/TodayRaceInfo/OddsUmLenFuku?k_babaCode=19&k_raceDate=2026%2F09%2F29&k_raceNo=8
2026-09-29 18:20:00,18:19,2026-09-29,funabashi,8,5,馬連,1-6,53.2,53.2,22,https://www.keiba.go.jp/KeibaWeb/TodayRaceInfo/OddsUmLenFuku?k_babaCode=19&k_raceDate=2026%2F09%2F29&k_raceNo=8
2026-09-29 18:20:00,18:19,2026-09-29,funabashi,8,5,馬連,10-14,57.6,57.6,23,https://www.keiba.go.jp/KeibaWeb/TodayRaceInfo/OddsUmLenFuku?k_babaCode=19&k_raceDate=2026%2F09%2F29&k_raceNo=8
2026-09-29 18:20:00,18:19,2026-09-29,funabashi,8,5,馬連,3-4,59.9,59.9,24,https://www.keiba.go.jp/KeibaWeb/TodayRaceInfo/OddsUmLenFuku?k_babaCode=19&k_raceDate=2026%2F09%2F29&k_raceNo=8
2026-09-29 18:20:00,18:19,2026-09-29,funabashi,8,5,馬連,4-7,62.8,62.8,25,https://www.keiba.go.jp/KeibaWeb/TodayRaceInfo/OddsUmLenFuku?k_babaCode=19&k_raceDate=2026%2F09%2F29&k_raceNo=8
2026-09-29 18:20:00,18:19,2026-09-29,funabashi,8,5,馬連,12-14,63.4,63.4,26,https://www.keiba.go.jp/KeibaWeb/TodayRaceInfo/OddsUmLenFuku?k_babaCode=19&k_raceDate=2026%2F09%2F29&k_raceNo=8
2026-09-29 18:20:00,18:19,2026-09-29,funabashi,8,5,馬連,2-13,67.4,67.4,27,https://www.keiba.go.jp/KeibaWeb/TodayRaceInfo/OddsUmLenFuku?k_babaCode=19&k_raceDate=2026%2F09%2F29&k_raceNo=8
2026-09-29 18:20:00,18:19,2026-09-29,funabashi,8,5,馬連,10-12,69.1,69.1,28,https://www.keiba.go.jp/KeibaWeb/TodayRaceInfo/OddsUmLenFuku?k_babaCode=19&k_raceDate=2026%2F09%2F29&k_raceNo=8
2026-09-29 18:20:00,18:19,2026-09-29,funabashi,8,5,馬連,2-6,70.1,70.1,29,https://www.keiba.go.jp/KeibaWeb/TodayRaceInfo/OddsUmLenFuku?k_babaCode=19&k_raceDate=2026%2F09%2F29&k_raceNo=8
2026-09-29 18:20:00,18:19,2026-09-29,funabashi,8,5,馬連,8-14,70.7,70.7,30,https://www.keiba.go.jp/KeibaWeb/TodayRaceInfo/OddsUmLenFuku?k_babaCode=19&k_raceDate=2026%2F09%2F29&k_raceNo=8
2026-09-29 18:20:00,18:19,2026-09-29,funabashi,8,5,馬連,1-12,72.4,72.4,31,https://www.keiba.go.jp/KeibaWeb/TodayRaceInfo/OddsUmLenFuku?k_babaCode=19&k_raceDate=2026%2F09%2F29&k_raceNo=8
2026-09-29 18:20:00,18:19,2026-09-29,funabashi,8,5,馬連,4-9,81.0,81.0,32,https://www.keiba.go.jp/KeibaWeb/TodayRaceInfo/OddsUmLenFuku?k_babaCode=19&k_raceDate=2026%2F09%2F29&k_raceNo=8
2026-09-29 18:20:00,18:19,2026-09-29,funabashi,8,5,馬連,5-10,81.7,81.7,33,https://www.keiba.go.jp/KeibaWeb/TodayRaceInfo/OddsUmLenFuku?k_babaCode=19&k_raceDate=2026%2F09%2F29&k_raceNo=8
2026-09-29 18:20:00,18:19,2026-09-29,funabashi,8,5,馬連,2-14,83.8,83.8,34,https://www.keiba.go.jp/KeibaWeb/TodayRaceInfo/OddsUmLenFuku?k_babaCode=19&k_raceDate=2026%2F09%2F29&k_raceNo=8
2026-09-29 18:20:00,18:19,2026-09-29,funabashi,8,5,馬連,7-13,83.8,83.8,34,https://www.keiba.go.jp/KeibaWeb/TodayRaceInfo/OddsUmLenFuku?k_babaCode=19&k_raceDate=2026%2F09%2F29&k_raceNo=8
2026-09-29 18:20:00,18:19,2026-09-29,funabashi,8,5,馬連,1-14,87.9,87.9,36,https://www.keiba.go.jp/KeibaWeb/TodayRaceInfo/OddsUmLenFuku?k_babaCode=19&k_raceDate=2026%2F09%2F29&k_raceNo=8
2026-09-29 18:20:00,18:19,2026-09-29,funabashi,8,5,馬連,2-10,87.9,87.9,36,https://www.keiba.go.jp/KeibaWeb/TodayRaceInfo/OddsUmLenFuku?k_babaCode=19&k_raceDate=2026%2F09%2F29&k_raceNo=8
2026-09-29 18:20:00,18:19,2026-09-29,funabashi,8,5,馬連,6-8,92.9,92.9,38,https://www.keiba.go.jp/KeibaWeb/TodayRaceInfo/OddsUmLenFuku?k_babaCode=19&k_raceDate=2026%2F09%2F29&k_raceNo=8
2026-09-29 18:20:00,18:19,2026-09-29,funabashi,8,5,馬連,5-14,94.3,94.3,39,https://www.keiba.go.jp/KeibaWeb/TodayRaceInfo/OddsUmLenFuku?k_babaCode=19&k_raceDate=2026%2F09%2F29&k_raceNo=8
2026-09-29 18:20:00,18:19,2026-09-29,funabashi,8,5,馬連,6-7,95.7,95.7,40,https://www.keiba.go.jp/KeibaWeb/TodayRaceInfo/OddsUmLenFuku?k_babaCode=19&k_raceDate=2026%2F09%2F29&k_raceNo=8
2026-09-29 18:20:00,18:19,2026-09-29,funabashi,8,5,馬連,9-13,96.2,96.2,41,https://www.keiba.go.jp/KeibaWeb/TodayRaceInfo/OddsUmLenFuku?k_babaCode=19&k_raceDate=2026%2F09%2F29&k_raceNo=8
2026-09-29 18:20:00,18:19,2026-09-29,funabashi,8,5,馬連,1-5,101.4,101.4,42,https://www.keiba.go.jp/KeibaWeb/TodayRaceInfo/OddsUmLenFuku?k_babaCode=19&k_raceDate=2026%2F09%2F29&k_raceNo=8
2026-09-29 18:20:00,18:19,2026-09-29,funabashi,8,5,馬連,3-13,114.9,114.9,43,https://www.keiba.go.jp/KeibaWeb/TodayRaceInfo/OddsUmLenFuku?k_babaCode=19&k_raceDate=2026%2F09%2F29&k_raceNo=8
2026-09-29 18:20:00,18:19,2026-09-29,funabashi,8,5,馬連,8-13,114.9,114.9,43,https://www.keiba.go.jp/KeibaWeb/TodayRaceInfo/OddsUmLenFuku?k_babaCode=19&k_raceDate=2026%2F09%2F29&k_raceNo=8
2026-09-29 18:20:00,18:19,2026-09-29,funabashi,8,5,馬連,6-9,120.0,120.0,45,https://www.keiba.go.jp/KeibaWeb/TodayRaceInfo/OddsUmLenFuku?k_babaCode=19&k_raceDate=2026%2F09%2F29&k_raceNo=8
2026-09-29 18:20:00,18:19,2026-09-29,funabashi,8,5,馬連,1-7,127.7,127.7,46,https://www.keiba.go.jp/KeibaWeb/TodayRaceInfo/OddsUmLenFuku?k_babaCode=19&k_raceDate=2026%2F09%2F29&k_raceNo=8
2026-09-29 18:20:00,18:19,2026-09-29,funabashi,8,5,馬連,8-10,128.6,128.6,47,https://www.keiba.go.jp/KeibaWeb/TodayRaceInfo/OddsUmLenFuku?k_babaCode=19&k_raceDate=2026%2F09%2F29&k_raceNo=8
2026-09-29 18:20:00,18:19,2026-09-29,funabashi,8,5,馬連,9-12,130.8,130.8,48,https://www.keiba.go.jp/KeibaWeb/TodayRaceInfo/OddsUmLenFuku?k_babaCode=19&k_raceDate=2026%2F09%2F29&k_raceNo=8
2026-09-29 18:20:00,18:19,2026-09-29,funabashi,8,5,馬連,7-12,133.6,133.6,49,https://www.keiba.go.jp/KeibaWeb/TodayRaceInfo/OddsUmLenFuku?k_babaCode=19&k_raceDate=2026%2F09%2F29&k_raceNo=8
2026-09-29 18:20:00,18:19,2026-09-29,funabashi,8,5,馬連,1-9,135.5,135.5,50,https://www.keiba.go.jp/KeibaWeb/TodayRaceInfo/OddsUmLenFuku?k_babaCode=19&k_raceDate=2026%2F09%2F29&k_raceNo=8
2026-09-29 18:20:00,18:19,2026-09-29,funabashi,8,5,馬連,3-14,155.0,155.0,51,https://www.keiba.go.jp/KeibaWeb/TodayRaceInfo/OddsUmLenFuku?k_babaCode=19&k_raceDate=2026%2F09%2F29&k_raceNo=8
2026-09-29 18:20:00,18:19,2026-09-29,funabashi,8,5,馬連,1-3,155.6,155.6,52,https://www.keiba.go.jp/KeibaWeb/TodayRaceInfo/OddsUmLenFuku?k_babaCode=19&k_raceDate=2026%2F09%2F29&k_raceNo=8
2026-09-29 18:20:00,18:19,2026-09-29,funabashi,8,5,馬連,4-11,155.6,155.6,52,https://www.keiba.go.jp/KeibaWeb/TodayRaceInfo/OddsUmLenFuku?k_babaCode=19&k_raceDate=2026%2F09%2F29&k_raceNo=8
2026-09-29 18:20:00,18:19,2026-09-29,funabashi,8,5,馬連,1-8,162.3,162.3,54,https://www.keiba.go.jp/KeibaWeb/TodayRaceInfo/OddsUmLenFuku?k_babaCode=19&k_raceDate=2026%2F09%2F29&k_raceNo=8
2026-09-29 18:20:00,18:19,2026-09-29,funabashi,8,5,馬連,3-6,164.4,164.4,55,https://www.keiba.go.jp/KeibaWeb/TodayRaceInfo/OddsUmLenFuku?k_babaCode=19&k_raceDate=2026%2F09%2F29&k_raceNo=8
2026-09-29 18:20:00,18:19,2026-09-29,funabashi,8,5,馬連,9-14,168.1,168.1,56,https://www.keiba.go.jp/KeibaWeb/TodayRaceInfo/OddsUmLenFuku?k_babaCode=19&k_raceDate=2026%2F09%2F29&k_raceNo=8
2026-09-29 18:20:00,18:19,2026-09-29,funabashi,8,5,馬連,11-13,169.6,169.6,57,https://www.keiba.go.jp/KeibaWeb/TodayRaceInfo/OddsUmLenFuku?k_babaCode=19&k_raceDate=2026%2F09%2F29&k_raceNo=8
2026-09-29 18:20:00,18:19,2026-09-29,funabashi,8,5,馬連,1-2,171.1,171.1,58,https://www.keiba.go.jp/KeibaWeb/TodayRaceInfo/OddsUmLenFuku?k_babaCode=19&k_raceDate=2026%2F09%2F29&k_raceNo=8
2026-09-29 18:20:00,18:19,2026-09-29,funabashi,8,5,馬連,7-10,171.1,171.1,58,https://www.keiba.go.jp/KeibaWeb/TodayRaceInfo/OddsUmLenFuku?k_babaCode=19&k_raceDate=2026%2F09%2F29&k_raceNo=8
2026-09-29 18:20:00,18:19,2026-09-29,funabashi,8,5,馬連,8-12,171.1,171.1,58,https://www.keiba.go.jp/KeibaWeb/TodayRaceInfo/OddsUmLenFuku?k_babaCode=19&k_raceDate=2026%2F09%2F29&k_raceNo=8
2026-09-29 18:20:00,18:19,2026-09-29,funabashi,8,5,馬連,2-9,180.9,180.9,61,https://www.keiba.go.jp/KeibaWeb/TodayRaceInfo/OddsUmLenFuku?k_babaCode=19&k_raceDate=2026%2F09%2F29&k_raceNo=8
2026-09-29 18:20:00,18:19,2026-09-29,funabashi,8,5,馬連,9-10,189.1,189.1,62,https://www.keiba.go.jp/KeibaWeb/TodayRaceInfo/OddsUmLenFuku?k_babaCode=19&k_raceDate=2026%2F09%2F29&k_raceNo=8
2026-09-29 18:20:00,18:19,2026-09-29,funabashi,8,5,馬連,7-14,195.9,195.9,63,https://www.keiba.go.jp/KeibaWeb/TodayRaceInfo/OddsUmLenFuku?k_babaCode=19&k_raceDate=2026%2F09%2F29&k_raceNo=8
2026-09-29 18:20:00,18:19,2026-09-29,funabashi,8,5,馬連,2-5,214.9,214.9,64,https://www.keiba.go.jp/KeibaWeb/TodayRaceInfo/OddsUmLenFuku?k_babaCode=19&k_raceDate=2026%2F09%2F29&k_raceNo=8
2026-09-29 18:20:00,18:19,2026-09-29,funabashi,8,5,馬連,3-5,216.1,216.1,65,https://www.keiba.go.jp/KeibaWeb/TodayRaceInfo/OddsUmLenFuku?k_babaCode=19&k_raceDate=2026%2F09%2F29&k_raceNo=8
2026-09-29 18:20:00,18:19,2026-09-29,funabashi,8,5,馬連,5-7,216.1,216.1,65,https://www.keiba.go.jp/KeibaWeb/TodayRaceInfo/OddsUmLenFuku?k_babaCode=19&k_raceDate=2026%2F09%2F29&k_raceNo=8
2026-09-29 18:20:00,18:19,2026-09-29,funabashi,8,5,馬連,2-12,218.6,218.6,67,https://www.keiba.go.jp/KeibaWeb/TodayRaceInfo/OddsUmLenFuku?k_babaCode=19&k_raceDate=2026%2F09%2F29&k_raceNo=8
2026-09-29 18:20:00,18:19,2026-09-29,funabashi,8,5,馬連,2-8,219.9,219.9,68,https://www.keiba.go.jp/KeibaWeb/TodayRaceInfo/OddsUmLenFuku?k_babaCode=19&k_raceDate=2026%2F09%2F29&k_raceNo=8
2026-09-29 18:20:00,18:19,2026-09-29,funabashi,8,5,馬連,3-10,219.9,219.9,68,https://www.keiba.go.jp/KeibaWeb/TodayRaceInfo/OddsUmLenFuku?k_babaCode=19&k_raceDate=2026%2F09%2F29&k_raceNo=8
2026-09-29 18:20:00,18:19,2026-09-29,funabashi,8,5,馬連,11-12,222.5,222.5,70,https://www.keiba.go.jp/KeibaWeb/TodayRaceInfo/OddsUmLenFuku?k_babaCode=19&k_raceDate=2026%2F09%2F29&k_raceNo=8
2026-09-29 18:20:00,18:19,2026-09-29,funabashi,8,5,馬連,3-9,233.5,233.5,71,https://www.keiba.go.jp/KeibaWeb/TodayRaceInfo/OddsUmLenFuku?k_babaCode=19&k_raceDate=2026%2F09%2F29&k_raceNo=8
2026-09-29 18:20:00,18:19,2026-09-29,funabashi,8,5,馬連,3-7,240.9,240.9,72,https://www.keiba.go.jp/KeibaWeb/TodayRaceInfo/OddsUmLenFuku?k_babaCode=19&k_raceDate=2026%2F09%2F29&k_raceNo=8
2026-09-29 18:20:00,18:19,2026-09-29,funabashi,8,5,馬連,5-9,244.0,244.0,73,https://www.keiba.go.jp/KeibaWeb/TodayRaceInfo/OddsUmLenFuku?k_babaCode=19&k_raceDate=2026%2F09%2F29&k_raceNo=8
2026-09-29 18:20:00,18:19,2026-09-29,funabashi,8,5,馬連,1-11,250.5,250.5,74,https://www.keiba.go.jp/KeibaWeb/TodayRaceInfo/OddsUmLenFuku?k_babaCode=19&k_raceDate=2026%2F09%2F29&k_raceNo=8
2026-09-29 18:20:00,18:19,2026-09-29,funabashi,8,5,馬連,3-8,250.5,250.5,74,https://www.keiba.go.jp/KeibaWeb/TodayRaceInfo/OddsUmLenFuku?k_babaCode=19&k_raceDate=2026%2F09%2F29&k_raceNo=8
2026-09-29 18:20:00,18:19,2026-09-29,funabashi,8,5,馬連,8-9,255.5,255.5,76,https://www.keiba.go.jp/KeibaWeb/TodayRaceInfo/OddsUmLenFuku?k_babaCode=19&k_raceDate=2026%2F09%2F29&k_raceNo=8
2026-09-29 18:20:00,18:19,2026-09-29,funabashi,8,5,馬連,3-12,262.6,262.6,77,https://www.keiba.go.jp/KeibaWeb/TodayRaceInfo/OddsUmLenFuku?k_babaCode=19&k_raceDate=2026%2F09%2F29&k_raceNo=8
2026-09-29 18:20:00,18:19,2026-09-29,funabashi,8,5,馬連,5-8,270.1,270.1,78,https://www.keiba.go.jp/KeibaWeb/TodayRaceInfo/OddsUmLenFuku?k_babaCode=19&k_raceDate=2026%2F09%2F29&k_raceNo=8
2026-09-29 18:20:00,18:19,2026-09-29,funabashi,8,5,馬連,11-14,280.2,280.2,79,https://www.keiba.go.jp/KeibaWeb/TodayRaceInfo/OddsUmLenFuku?k_babaCode=19&k_raceDate=2026%2F09%2F29&k_raceNo=8
2026-09-29 18:20:00,18:19,2026-09-29,funabashi,8,5,馬連,6-11,288.7,288.7,80,https://www.keiba.go.jp/KeibaWeb/TodayRaceInfo/OddsUmLenFuku?k_babaCode=19&k_raceDate=2026%2F09%2F29&k_raceNo=8
2026-09-29 18:20:00,18:19,2026-09-29,funabashi,8,5,馬連,2-3,317.8,317.8,81,https://www.keiba.go.jp/KeibaWeb/TodayRaceInfo/OddsUmLenFuku?k_babaCode=19&k_raceDate=2026%2F09%2F29&k_raceNo=8
2026-09-29 18:20:00,18:19,2026-09-29,funabashi,8,5,馬連,5-11,337.7,337.7,82,https://www.keiba.go.jp/KeibaWeb/TodayRaceInfo/OddsUmLenFuku?k_babaCode=19&k_raceDate=2026%2F09%2F29&k_raceNo=8
2026-09-29 18:20:00,18:19,2026-09-29,funabashi,8,5,馬連,7-9,340.7,340.7,83,https://www.keiba.go.jp/KeibaWeb/TodayRaceInfo/OddsUmLenFuku?k_babaCode=19&k_raceDate=2026%2F09%2F29&k_raceNo=8
2026-09-29 18:20:00,18:19,2026-09-29,funabashi,8,5,馬連,10-11,343.8,343.8,84,https://www.keiba.go.jp/KeibaWeb/TodayRaceInfo/OddsUmLenFuku?k_babaCode=19&k_raceDate=2026%2F09%2F29&k_raceNo=8
2026-09-29 18:20:00,18:19,2026-09-29,funabashi,8,5,馬連,9-11,347.0,347.0,85,https://www.keiba.go.jp/KeibaWeb/TodayRaceInfo/OddsUmLenFuku?k_babaCode=19&k_raceDate=2026%2F09%2F29&k_raceNo=8
2026-09-29 18:20:00,18:19,2026-09-29,funabashi,8,5,馬連,2-7,434.8,434.8,86,https://www.keiba.go.jp/KeibaWeb/TodayRaceInfo/OddsUmLenFuku?k_babaCode=19&k_raceDate=2026%2F09%2F29&k_raceNo=8
2026-09-29 18:20:00,18:19,2026-09-29,funabashi,8,5,馬連,7-8,467.0,467.0,87,https://www.keiba.go.jp/KeibaWeb/TodayRaceInfo/OddsUmLenFuku?k_babaCode=19&k_raceDate=2026%2F09%2F29&k_raceNo=8
2026-09-29 18:20:00,18:19,2026-09-29,funabashi,8,5,馬連,7-11,472.8,472.8,88,https://www.keiba.go.jp/KeibaWeb/TodayRaceInfo/OddsUmLenFuku?k_babaCode=19&k_raceDate=2026%2F09%2F29&k_raceNo=8
2026-09-29 18:20:00,18:19,2026-09-29,funabashi,8,5,馬連,3-11,484.9,484.9,89,https://www.keiba.go.jp/KeibaWeb/TodayRaceInfo/OddsUmLenFuku?k_babaCode=19&k_raceDate=2026%2F09%2F29&k_raceNo=8
2026-09-29 18:20:00,18:19,2026-09-29,funabashi,8,5,馬連,8-11,504.3,504.3,90,https://www.keiba.go.jp/KeibaWeb/TodayRaceInfo/OddsUmLenFuku?k_babaCode=19&k_raceDate=2026%2F09%2F29&k_raceNo=8
2026-09-29 18:20:00,18:19,2026-09-29,funabashi,8,5,馬連,2-11,620.1,620.1,91,https://www.keiba.go.jp/KeibaWeb/TodayRaceInfo/OddsUmLenFuku?k_babaCode=19&k_raceDate=2026%2F09%2F29&k_raceNo=8
2026-09-29 18:20:00,18:19,2026-09-29,funabashi,8,5,ワイド,4-13,4.0,4.3,1,https://www.keiba.go.jp/KeibaWeb/TodayRaceInfo/OddsWide?k_babaCode=19&k_raceDate=2026%2F09%2F29&k_raceNo=8
2026-09-29 18:20:00,18:19,2026-09-29,funabashi,8,5,ワイド,4-14,6.1,6.6,2,https://www.keiba.go.jp/KeibaWeb/TodayRaceInfo/OddsWide?k_babaCode=19&k_raceDate=2026%2F09%2F29&k_raceNo=8
2026-09-29 18:20:00,18:19,2026-09-29,funabashi,8,5,ワイド,4-10,6.4,7.0,3,https://www.keiba.go.jp/KeibaWeb/TodayRaceInfo/OddsWide?k_babaCode=19&k_raceDate=2026%2F09%2F29&k_raceNo=8
2026-09-29 18:20:00,18:19,2026-09-29,funabashi,8,5,ワイド,13-14,7.8,8.6,4,https://www.keiba.go.jp/KeibaWeb/TodayRaceInfo/OddsWide?k_babaCode=19&k_raceDate=2026%2F09%2F29&k_raceNo=8
2026-09-29 18:20:00,18:19,2026-09-29,funabashi,8,5,ワイド,4-6,8.0,8.7,5,https://www.keiba.go.jp/KeibaWeb/TodayRaceInfo/OddsWide?k_babaCode=19&k_raceDate=2026%2F09%2F29&k_raceNo=8
2026-09-29 18:20:00,18:19,2026-09-29,funabashi,8,5,ワイド,10-13,8.3,9.2,6,https://www.keiba.go.jp/KeibaWeb/TodayRaceInfo/OddsWide?k_babaCode=19&k_raceDate=2026%2F09%2F29&k_raceNo=8
2026-09-29 18:20:00,18:19,2026-09-29,funabashi,8,5,ワイド,6-13,8.7,9.5,7,https://www.keiba.go.jp/KeibaWeb/TodayRaceInfo/OddsWide?k_babaCode=19&k_raceDate=2026%2F09%2F29&k_raceNo=8
2026-09-29 18:20:00,18:19,2026-09-29,funabashi,8,5,ワイド,2-4,9.3,10.0,8,https://www.keiba.go.jp/KeibaWeb/TodayRaceInfo/OddsWide?k_babaCode=19&k_raceDate=2026%2F09%2F29&k_raceNo=8
2026-09-29 18:20:00,18:19,2026-09-29,funabashi,8,5,ワイド,4-12,9.3,10.0,9,https://www.keiba.go.jp/KeibaWeb/TodayRaceInfo/OddsWide?k_babaCode=19&k_raceDate=2026%2F09%2F29&k_raceNo=8
2026-09-29 18:20:00,18:19,2026-09-29,funabashi,8,5,ワイド,4-5,9.6,10.4,10,https://www.keiba.go.jp/KeibaWeb/TodayRaceInfo/OddsWide?k_babaCode=19&k_raceDate=2026%2F09%2F29&k_raceNo=8
2026-09-29 18:20:00,18:19,2026-09-29,funabashi,8,5,ワイド,1-13,9.7,10.6,11,https://www.keiba.go.jp/KeibaWeb/TodayRaceInfo/OddsWide?k_babaCode=19&k_raceDate=2026%2F09%2F29&k_raceNo=8
2026-09-29 18:20:00,18:19,2026-09-29,funabashi,8,5,ワイド,6-14,9.8,10.4,12,https://www.keiba.go.jp/KeibaWeb/TodayRaceInfo/OddsWide?k_babaCode=19&k_raceDate=2026%2F09%2F29&k_raceNo=8
2026-09-29 18:20:00,18:19,2026-09-29,funabashi,8,5,ワイド,1-4,9.8,10.6,13,https://www.keiba.go.jp/KeibaWeb/TodayRaceInfo/OddsWide?k_babaCode=19&k_raceDate=2026%2F09%2F29&k_raceNo=8
2026-09-29 18:20:00,18:19,2026-09-29,funabashi,8,5,ワイド,12-13,11.1,12.1,14,https://www.keiba.go.jp/KeibaWeb/TodayRaceInfo/OddsWide?k_babaCode=19&k_raceDate=2026%2F09%2F29&k_raceNo=8
2026-09-29 18:20:00,18:19,2026-09-29,funabashi,8,5,ワイド,5-13,12.7,13.8,15,https://www.keiba.go.jp/KeibaWeb/TodayRaceInfo/OddsWide?k_babaCode=19&k_raceDate=2026%2F09%2F29&k_raceNo=8
2026-09-29 18:20:00,18:19,2026-09-29,funabashi,8,5,ワイド,10-14,14.9,16.0,16,https://www.keiba.go.jp/KeibaWeb/TodayRaceInfo/OddsWide?k_babaCode=19&k_raceDate=2026%2F09%2F29&k_raceNo=8
2026-09-29 18:20:00,18:19,2026-09-29,funabashi,8,5,ワイド,6-10,15.1,16.1,17,https://www.keiba.go.jp/KeibaWeb/TodayRaceInfo/OddsWide?k_babaCode=19&k_raceDate=2026%2F09%2F29&k_raceNo=8
2026-09-29 18:20:00,18:19,2026-09-29,funabashi,8,5,ワイド,8-14,15.7,16.4,18,https://www.keiba.go.jp/KeibaWeb/TodayRaceInfo/OddsWide?k_babaCode=19&k_raceDate=2026%2F09%2F29&k_raceNo=8
2026-09-29 18:20:00,18:19,2026-09-29,funabashi,8,5,ワイド,4-8,16.4,17.5,19,https://www.keiba.go.jp/KeibaWeb/TodayRaceInfo/OddsWide?k_babaCode=19&k_raceDate=2026%2F09%2F29&k_raceNo=8
2026-09-29 18:20:00,18:19,2026-09-29,funabashi,8,5,ワイド,10-12,16.7,17.6,20,https://www.keiba.go.jp/KeibaWeb/TodayRaceInfo/OddsWide?k_babaCode=19&k_raceDate=2026%2F09%2F29&k_raceNo=8
2026-09-29 18:20:00,18:19,2026-09-29,funabashi,8,5,ワイド,3-4,17.3,18.5,21,https://www.keiba.go.jp/KeibaWeb/TodayRaceInfo/OddsWide?k_babaCode=19&k_raceDate=2026%2F09%2F29&k_raceNo=8
2026-09-29 18:20:00,18:19,2026-09-29,funabashi,8,5,ワイド,1-6,17.4,18.2,22,https://www.keiba.go.jp/KeibaWeb/TodayRaceInfo/OddsWide?k_babaCode=19&k_raceDate=2026%2F09%2F29&k_raceNo=8
2026-09-29 18:20:00,18:19,2026-09-29,funabashi,8,5,ワイド,6-12,17.4,18.3,23,https://www.keiba.go.jp/KeibaWeb/TodayRaceInfo/OddsWide?k_babaCode=19&k_raceDate=2026%2F09%2F29&k_raceNo=8
2026-09-29 18:20:00,18:19,2026-09-29,funabashi,8,5,ワイド,12-14,18.3,19.4,24,https://www.keiba.go.jp/KeibaWeb/TodayRaceInfo/OddsWide?k_babaCode=19&k_raceDate=2026%2F09%2F29&k_raceNo=8
2026-09-29 18:20:00,18:19,2026-09-29,funabashi,8,5,ワイド,1-12,20.5,21.4,25,https://www.keiba.go.jp/KeibaWeb/TodayRaceInfo/OddsWide?k_babaCode=19&k_raceDate=2026%2F09%2F29&k_raceNo=8
2026-09-29 18:20:00,18:19,2026-09-29,funabashi,8,5,ワイド,9-13,21.0,22.6,26,https://www.keiba.go.jp/KeibaWeb/TodayRaceInfo/OddsWide?k_babaCode=19&k_raceDate=2026%2F09%2F29&k_raceNo=8
2026-09-29 18:20:00,18:19,2026-09-29,funabashi,8,5,ワイド,2-13,21.7,23.7,27,https://www.keiba.go.jp/KeibaWeb/TodayRaceInfo/OddsWide?k_babaCode=19&k_raceDate=2026%2F09%2F29&k_raceNo=8
2026-09-29 18:20:00,18:19,2026-09-29,funabashi,8,5,ワイド,5-6,21.8,22.9,28,https://www.keiba.go.jp/KeibaWeb/TodayRaceInfo/OddsWide?k_babaCode=19&k_raceDate=2026%2F09%2F29&k_raceNo=8
2026-09-29 18:20:00,18:19,2026-09-29,funabashi,8,5,ワイド,7-13,21.8,23.3,29,https://www.keiba.go.jp/KeibaWeb/TodayRaceInfo/OddsWide?k_babaCode=19&k_raceDate=2026%2F09%2F29&k_raceNo=8
2026-09-29 18:20:00,18:19,2026-09-29,funabashi,8,5,ワイド,4-9,22.4,24.0,30,https://www.keiba.go.jp/KeibaWeb/TodayRaceInfo/OddsWide?k_babaCode=19&k_raceDate=2026%2F09%2F29&k_raceNo=8
2026-09-29 18:20:00,18:19,2026-09-29,funabashi,8,5,ワイド,1-14,22.7,24.1,31,https://www.keiba.go.jp/KeibaWeb/TodayRaceInfo/OddsWide?k_babaCode=19&k_raceDate=2026%2F09%2F29&k_raceNo=8
2026-09-29 18:20:00,18:19,2026-09-29,funabashi,8,5,ワイド,5-12,23.3,24.4,32,https://www.keiba.go.jp/KeibaWeb/TodayRaceInfo/OddsWide?k_babaCode=19&k_raceDate=2026%2F09%2F29&k_raceNo=8
2026-09-29 18:20:00,18:19,2026-09-29,funabashi,8,5,ワイド,2-6,23.3,24.5,33,https://www.keiba.go.jp/KeibaWeb/TodayRaceInfo/OddsWide?k_babaCode=19&k_raceDate=2026%2F09%2F29&k_raceNo=8
2026-09-29 18:20:00,18:19,2026-09-29,funabashi,8,5,ワイド,6-8,24.5,25.5,34,https://www.keiba.go.jp/KeibaWeb/TodayRaceInfo/OddsWide?k_babaCode=19&k_raceDate=2026%2F09%2F29&k_raceNo=8
2026-09-29 18:20:00,18:19,2026-09-29,funabashi,8,5,ワイド,1-10,24.8,26.3,35,https://www.keiba.go.jp/KeibaWeb/TodayRaceInfo/OddsWide?k_babaCode=19&k_raceDate=2026%2F09%2F29&k_raceNo=8
2026-09-29 18:20:00,18:19,2026-09-29,funabashi,8,5,ワイド,8-13,24.9,26.8,36,https://www.keiba.go.jp/KeibaWeb/TodayRaceInfo/OddsWide?k_babaCode=19&k_raceDate=2026%2F09%2F29&k_raceNo=8
2026-09-29 18:20:00,18:19,2026-09-29,funabashi,8,5,ワイド,3-13,25.5,27.4,37,https://www.keiba.go.jp/KeibaWeb/TodayRaceInfo/OddsWide?k_babaCode=19&k_raceDate=2026%2F09%2F29&k_raceNo=8
2026-09-29 18:20:00,18:19,2026-09-29,funabashi,8,5,ワイド,5-10,25.6,27.1,38,https://www.keiba.go.jp/KeibaWeb/TodayRaceInfo/OddsWide?k_babaCode=19&k_raceDate=2026%2F09%2F29&k_raceNo=8
2026-09-29 18:20:00,18:19,2026-09-29,funabashi,8,5,ワイド,8-10,25.7,27.0,39,https://www.keiba.go.jp/KeibaWeb/TodayRaceInfo/OddsWide?k_babaCode=19&k_raceDate=2026%2F09%2F29&k_raceNo=8
2026-09-29 18:20:00,18:19,2026-09-29,funabashi,8,5,ワイド,4-7,26.2,28.1,40,https://www.keiba.go.jp/KeibaWeb/TodayRaceInfo/OddsWide?k_babaCode=19&k_raceDate=2026%2F09%2F29&k_raceNo=8
2026-09-29 18:20:00,18:19,2026-09-29,funabashi,8,5,ワイド,2-14,27.4,29.2,41,https://www.keiba.go.jp/KeibaWeb/TodayRaceInfo/OddsWide?k_babaCode=19&k_raceDate=2026%2F09%2F29&k_raceNo=8
2026-09-29 18:20:00,18:19,2026-09-29,funabashi,8,5,ワイド,2-10,28.2,30.0,42,https://www.keiba.go.jp/KeibaWeb/TodayRaceInfo/OddsWide?k_babaCode=19&k_raceDate=2026%2F09%2F29&k_raceNo=8
2026-09-29 18:20:00,18:19,2026-09-29,funabashi,8,5,ワイド,6-9,29.2,30.2,43,https://www.keiba.go.jp/KeibaWeb/TodayRaceInfo/OddsWide?k_babaCode=19&k_raceDate=2026%2F09%2F29&k_raceNo=8
2026-09-29 18:20:00,18:19,2026-09-29,funabashi,8,5,ワイド,5-14,29.8,31.6,44,https://www.keiba.go.jp/KeibaWeb/TodayRaceInfo/OddsWide?k_babaCode=19&k_raceDate=2026%2F09%2F29&k_raceNo=8
2026-09-29 18:20:00,18:19,2026-09-29,funabashi,8,5,ワイド,9-12,30.2,31.1,45,https://www.keiba.go.jp/KeibaWeb/TodayRaceInfo/OddsWide?k_babaCode=19&k_raceDate=2026%2F09%2F29&k_raceNo=8
2026-09-29 18:20:00,18:19,2026-09-29,funabashi,8,5,ワイド,1-8,30.2,31.2,46,https://www.keiba.go.jp/KeibaWeb/TodayRaceInfo/OddsWide?k_babaCode=19&k_raceDate=2026%2F09%2F29&k_raceNo=8
2026-09-29 18:20:00,18:19,2026-09-29,funabashi,8,5,ワイド,3-14,31.1,32.7,47,https://www.keiba.go.jp/KeibaWeb/TodayRaceInfo/OddsWide?k_babaCode=19&k_raceDate=2026%2F09%2F29&k_raceNo=8
2026-09-29 18:20:00,18:19,2026-09-29,funabashi,8,5,ワイド,3-8,33.5,34.3,48,https://www.keiba.go.jp/KeibaWeb/TodayRaceInfo/OddsWide?k_babaCode=19&k_raceDate=2026%2F09%2F29&k_raceNo=8
2026-09-29 18:20:00,18:19,2026-09-29,funabashi,8,5,ワイド,1-5,34.1,35.6,49,https://www.keiba.go.jp/KeibaWeb/TodayRaceInfo/OddsWide?k_babaCode=19&k_raceDate=2026%2F09%2F29&k_raceNo=8
2026-09-29 18:20:00,18:19,2026-09-29,funabashi,8,5,ワイド,1-9,34.2,35.2,50,https://www.keiba.go.jp/KeibaWeb/TodayRaceInfo/OddsWide?k_babaCode=19&k_raceDate=2026%2F09%2F29&k_raceNo=8
2026-09-29 18:20:00,18:19,2026-09-29,funabashi,8,5,ワイド,3-5,35.0,36.3,51,https://www.keiba.go.jp/KeibaWeb/TodayRaceInfo/OddsWide?k_babaCode=19&k_raceDate=2026%2F09%2F29&k_raceNo=8
2026-09-29 18:20:00,18:19,2026-09-29,funabashi,8,5,ワイド,7-12,36.1,37.2,52,https://www.keiba.go.jp/KeibaWeb/TodayRaceInfo/OddsWide?k_babaCode=19&k_raceDate=2026%2F09%2F29&k_raceNo=8
2026-09-29 18:20:00,18:19,2026-09-29,funabashi,8,5,ワイド,1-7,36.2,37.3,53,https://www.keiba.go.jp/KeibaWeb/TodayRaceInfo/OddsWide?k_babaCode=19&k_raceDate=2026%2F09%2F29&k_raceNo=8
2026-09-29 18:20:00,18:19,2026-09-29,funabashi,8,5,ワイド,9-14,38.2,39.9,54,https://www.keiba.go.jp/KeibaWeb/TodayRaceInfo/OddsWide?k_babaCode=19&k_raceDate=2026%2F09%2F29&k_raceNo=8
2026-09-29 18:20:00,18:19,2026-09-29,funabashi,8,5,ワイド,6-7,39.2,40.6,55,https://www.keiba.go.jp/KeibaWeb/TodayRaceInfo/OddsWide?k_babaCode=19&k_raceDate=2026%2F09%2F29&k_raceNo=8
2026-09-29 18:20:00,18:19,2026-09-29,funabashi,8,5,ワイド,4-11,39.2,41.7,56,https://www.keiba.go.jp/KeibaWeb/TodayRaceInfo/OddsWide?k_babaCode=19&k_raceDate=2026%2F09%2F29&k_raceNo=8
2026-09-29 18:20:00,18:19,2026-09-29,funabashi,8,5,ワイド,3-6,39.3,40.9,57,https://www.keiba.go.jp/KeibaWeb/TodayRaceInfo/OddsWide?k_babaCode=19&k_raceDate=2026%2F09%2F29&k_raceNo=8
2026-09-29 18:20:00,18:19,2026-09-29,funabashi,8,5,ワイド,2-12,41.6,43.6,58,https://www.keiba.go.jp/KeibaWeb/TodayRaceInfo/OddsWide?k_babaCode=19&k_raceDate=2026%2F09%2F29&k_raceNo=8
2026-09-29 18:20:00,18:19,2026-09-29,funabashi,8,5,ワイド,1-3,41.9,43.2,59,https://www.keiba.go.jp/KeibaWeb/TodayRaceInfo/OddsWide?k_babaCode=19&k_raceDate=2026%2F09%2F29&k_raceNo=8
2026-09-29 18:20:00,18:19,2026-09-29,funabashi,8,5,ワイド,8-12,42.0,43.5,60,https://www.keiba.go.jp/KeibaWeb/TodayRaceInfo/OddsWide?k_babaCode=19&k_raceDate=2026%2F09%2F29&k_raceNo=8
2026-09-29 18:20:00,18:19,2026-09-29,funabashi,8,5,ワイド,3-10,42.2,44.2,61,https://www.keiba.go.jp/KeibaWeb/TodayRaceInfo/OddsWide?k_babaCode=19&k_raceDate=2026%2F09%2F29&k_raceNo=8
2026-09-29 18:20:00,18:19,2026-09-29,funabashi,8,5,ワイド,9-10,44.2,46.2,62,https://www.keiba.go.jp/KeibaWeb/TodayRaceInfo/OddsWide?k_babaCode=19&k_raceDate=2026%2F09%2F29&k_raceNo=8
2026-09-29 18:20:00,18:19,2026-09-29,funabashi,8,5,ワイド,1-2,44.7,46.8,63,https://www.keiba.go.jp/KeibaWeb/TodayRaceInfo/OddsWide?k_babaCode=19&k_raceDate=2026%2F09%2F29&k_raceNo=8
2026-09-29 18:20:00,18:19,2026-09-29,funabashi,8,5,ワイド,7-14,46.1,48.2,64,https://www.keiba.go.jp/KeibaWeb/TodayRaceInfo/OddsWide?k_babaCode=19&k_raceDate=2026%2F09%2F29&k_raceNo=8
2026-09-29 18:20:00,18:19,2026-09-29,funabashi,8,5,ワイド,11-13,47.3,50.3,65,https://www.keiba.go.jp/KeibaWeb/TodayRaceInfo/OddsWide?k_babaCode=19&k_raceDate=2026%2F09%2F29&k_raceNo=8
2026-09-29 18:20:00,18:19,2026-09-29,funabashi,8,5,ワイド,7-10,47.7,49.8,66,https://www.keiba.go.jp/KeibaWeb/TodayRaceInfo/OddsWide?k_babaCode=19&k_raceDate=2026%2F09%2F29&k_raceNo=8
2026-09-29 18:20:00,18:19,2026-09-29,funabashi,8,5,ワイド,3-12,48.2,49.9,67,https://www.keiba.go.jp/KeibaWeb/TodayRaceInfo/OddsWide?k_babaCode=19&k_raceDate=2026%2F09%2F29&k_raceNo=8
2026-09-29 18:20:00,18:19,2026-09-29,funabashi,8,5,ワイド,2-8,48.5,50.3,68,https://www.keiba.go.jp/KeibaWeb/TodayRaceInfo/OddsWide?k_babaCode=19&k_raceDate=2026%2F09%2F29&k_raceNo=8
2026-09-29 18:20:00,18:19,2026-09-29,funabashi,8,5,ワイド,5-9,53.8,55.4,69,https://www.keiba.go.jp/KeibaWeb/TodayRaceInfo/OddsWide?k_babaCode=19&k_raceDate=2026%2F09%2F29&k_raceNo=8
2026-09-29 18:20:00,18:19,2026-09-29,funabashi,8,5,ワイド,8-9,54.3,55.4,70,https://www.keiba.go.jp/KeibaWeb/TodayRaceInfo/OddsWide?k_babaCode=19&k_raceDate=2026%2F09%2F29&k_raceNo=8
2026-09-29 18:20:00,18:19,2026-09-29,funabashi,8,5,ワイド,3-7,58.3,59.4,71,https://www.keiba.go.jp/KeibaWeb/TodayRaceInfo/OddsWide?k_babaCode=19&k_raceDate=2026%2F09%2F29&k_raceNo=8
2026-09-29 18:20:00,18:19,2026-09-29,funabashi,8,5,ワイド,2-5,61.3,64.4,72,https://www.keiba.go.jp/KeibaWeb/TodayRaceInfo/OddsWide?k_babaCode=19&k_raceDate=2026%2F09%2F29&k_raceNo=8
2026-09-29 18:20:00,18:19,2026-09-29,funabashi,8,5,ワイド,1-11,61.7,63.2,73,https://www.keiba.go.jp/KeibaWeb/TodayRaceInfo/OddsWide?k_babaCode=19&k_raceDate=2026%2F09%2F29&k_raceNo=8
2026-09-29 18:20:00,18:19,2026-09-29,funabashi,8,5,ワイド,11-14,63.4,66.0,74,https://www.keiba.go.jp/KeibaWeb/TodayRaceInfo/OddsWide?k_babaCode=19&k_raceDate=2026%2F09%2F29&k_raceNo=8
2026-09-29 18:20:00,18:19,2026-09-29,funabashi,8,5,ワイド,7-9,64.7,65.9,75,https://www.keiba.go.jp/KeibaWeb/TodayRaceInfo/OddsWide?k_babaCode=19&k_raceDate=2026%2F09%2F29&k_raceNo=8
2026-09-29 18:20:00,18:19,2026-09-29,funabashi,8,5,ワイド,11-12,66.8,68.5,76,https://www.keiba.go.jp/KeibaWeb/TodayRaceInfo/OddsWide?k_babaCode=19&k_raceDate=2026%2F09%2F29&k_raceNo=8
2026-09-29 18:20:00,18:19,2026-09-29,funabashi,8,5,ワイド,5-8,67.7,70.1,77,https://www.keiba.go.jp/KeibaWeb/TodayRaceInfo/OddsWide?k_babaCode=19&k_raceDate=2026%2F09%2F29&k_raceNo=8
2026-09-29 18:20:00,18:19,2026-09-29,funabashi,8,5,ワイド,6-11,69.5,71.5,78,https://www.keiba.go.jp/KeibaWeb/TodayRaceInfo/OddsWide?k_babaCode=19&k_raceDate=2026%2F09%2F29&k_raceNo=8
2026-09-29 18:20:00,18:19,2026-09-29,funabashi,8,5,ワイド,2-9,69.5,71.8,79,https://www.keiba.go.jp/KeibaWeb/TodayRaceInfo/OddsWide?k_babaCode=19&k_raceDate=2026%2F09%2F29&k_raceNo=8
2026-09-29 18:20:00,18:19,2026-09-29,funabashi,8,5,ワイド,5-7,70.3,72.4,80,https://www.keiba.go.jp/KeibaWeb/TodayRaceInfo/OddsWide?k_babaCode=19&k_raceDate=2026%2F09%2F29&k_raceNo=8
2026-09-29 18:20:00,18:19,2026-09-29,funabashi,8,5,ワイド,3-9,72.6,74.0,81,https://www.keiba.go.jp/KeibaWeb/TodayRaceInfo/OddsWide?k_babaCode=19&k_raceDate=2026%2F09%2F29&k_raceNo=8
2026-09-29 18:20:00,18:19,2026-09-29,funabashi,8,5,ワイド,2-7,82.9,85.6,82,https://www.keiba.go.jp/KeibaWeb/TodayRaceInfo/OddsWide?k_babaCode=19&k_raceDate=2026%2F09%2F29&k_raceNo=8
2026-09-29 18:20:00,18:19,2026-09-29,funabashi,8,5,ワイド,9-11,91.2,92.3,83,https://www.keiba.go.jp/KeibaWeb/TodayRaceInfo/OddsWide?k_babaCode=19&k_raceDate=2026%2F09%2F29&k_raceNo=8
2026-09-29 18:20:00,18:19,2026-09-29,funabashi,8,5,ワイド,2-3,92.8,96.3,84,https://www.keiba.go.jp/KeibaWeb/TodayRaceInfo/OddsWide?k_babaCode=19&k_raceDate=2026%2F09%2F29&k_raceNo=8
2026-09-29 18:20:00,18:19,2026-09-29,funabashi,8,5,ワイド,5-11,94.8,97.3,85,https://www.keiba.go.jp/KeibaWeb/TodayRaceInfo/OddsWide?k_babaCode=19&k_raceDate=2026%2F09%2F29&k_raceNo=8
2026-09-29 18:20:00,18:19,2026-09-29,funabashi,8,5,ワイド,8-11,95.8,97.5,86,https://www.keiba.go.jp/KeibaWeb/TodayRaceInfo/OddsWide?k_babaCode=19&k_raceDate=2026%2F09%2F29&k_raceNo=8
2026-09-29 18:20:00,18:19,2026-09-29,funabashi,8,5,ワイド,10-11,95.9,99.6,87,https://www.keiba.go.jp/KeibaWeb/TodayRaceInfo/OddsWide?k_babaCode=19&k_raceDate=2026%2F09%2F29&k_raceNo=8
2026-09-29 18:20:00,18:19,2026-09-29,funabashi,8,5,ワイド,7-8,107.3,109.4,88,https://www.keiba.go.jp/KeibaWeb/TodayRaceInfo/OddsWide?k_babaCode=19&k_raceDate=2026%2F09%2F29&k_raceNo=8
2026-09-29 18:20:00,18:19,2026-09-29,funabashi,8,5,ワイド,3-11,116.4,118.3,89,https://www.keiba.go.jp/KeibaWeb/TodayRaceInfo/OddsWide?k_babaCode=19&k_raceDate=2026%2F09%2F29&k_raceNo=8
2026-09-29 18:20:00,18:19,2026-09-29,funabashi,8,5,ワイド,7-11,143.4,145.0,90,https://www.keiba.go.jp/KeibaWeb/TodayRaceInfo/OddsWide?k_babaCode=19&k_raceDate=2026%2F09%2F29&k_raceNo=8
2026-09-29 18:20:00,18:19,2026-09-29,funabashi,8,5,ワイド,2-11,196.1,201.7,91,https://www.keiba.go.jp/KeibaWeb/TodayRaceInfo/OddsWide?k_babaCode=19&k_raceDate=2026%2F09%2F29&k_raceNo=8
2026-09-29 18:20:00,18:19,2026-09-29,funabashi,8,5,三連複,4-13-14,23.7,23.7,1,https://www.keiba.go.jp/KeibaWeb/TodayRaceInfo/Odds3LenFuku?k_babaCode=19&k_raceDate=2026%2F09%2F29&k_raceNo=8
2026-09-29 18:20:00,18:19,2026-09-29,funabashi,8,5,三連複,4-6-13,27.4,27.4,2,https://www.keiba.go.jp/KeibaWeb/TodayRaceInfo/Odds3LenFuku?k_babaCode=19&k_raceDate=2026%2F09%2F29&k_raceNo=8
2026-09-29 18:20:00,18:19,2026-09-29,funabashi,8,5,三連複,4-10-13,29.4,29.4,3,https://www.keiba.go.jp/KeibaWeb/TodayRaceInfo/Odds3LenFuku?k_babaCode=19&k_raceDate=2026%2F09%2F29&k_raceNo=8
2026-09-29 18:20:00,18:19,2026-09-29,funabashi,8,5,三連複,1-4-13,33.8,33.8,4,https://www.keiba.go.jp/KeibaWeb/TodayRaceInfo/Odds3LenFuku?k_babaCode=19&k_raceDate=2026%2F09%2F29&k_raceNo=8
2026-09-29 18:20:00,18:19,2026-09-29,funabashi,8,5,三連複,4-6-14,36.0,36.0,5,https://www.keiba.go.jp/KeibaWeb/TodayRaceInfo/Odds3LenFuku?k_babaCode=19&k_raceDate=2026%2F09%2F29&k_raceNo=8
2026-09-29 18:20:00,18:19,2026-09-29,funabashi,8,5,三連複,4-6-10,42.0,42.0,6,https://www.keiba.go.jp/KeibaWeb/TodayRaceInfo/Odds3LenFuku?k_babaCode=19&k_raceDate=2026%2F09%2F29&k_raceNo=8
2026-09-29 18:20:00,18:19,2026-09-29,funabashi,8,5,三連複,4-10-14,43.5,43.5,7,https://www.keiba.go.jp/KeibaWeb/TodayRaceInfo/Odds3LenFuku?k_babaCode=19&k_raceDate=2026%2F09%2F29&k_raceNo=8
2026-09-29 18:20:00,18:19,2026-09-29,funabashi,8,5,三連複,4-5-13,47.0,47.0,8,https://www.keiba.go.jp/KeibaWeb/TodayRaceInfo/Odds3LenFuku?k_babaCode=19&k_raceDate=2026%2F09%2F29&k_raceNo=8
2026-09-29 18:20:00,18:19,2026-09-29,funabashi,8,5,三連複,2-4-13,48.9,48.9,9,https://www.keiba.go.jp/KeibaWeb/TodayRaceInfo/Odds3LenFuku?k_babaCode=19&k_raceDate=2026%2F09%2F29&k_raceNo=8
2026-09-29 18:20:00,18:19,2026-09-29,funabashi,8,5,三連複,4-12-13,49.9,49.9,10,https://www.keiba.go.jp/KeibaWeb/TodayRaceInfo/Odds3LenFuku?k_babaCode=19&k_raceDate=2026%2F09%2F29&k_raceNo=8
2026-09-29 18:20:00,18:19,2026-09-29,funabashi,8,5,三連複,2-4-6,54.5,54.5,11,https://www.keiba.go.jp/KeibaWeb/TodayRaceInfo/Odds3LenFuku?k_babaCode=19&k_raceDate=2026%2F09%2F29&k_raceNo=8
2026-09-29 18:20:00,18:19,2026-09-29,funabashi,8,5,三連複,1-4-6,56.6,56.6,12,https://www.keiba.go.jp/KeibaWeb/TodayRaceInfo/Odds3LenFuku?k_babaCode=19&k_raceDate=2026%2F09%2F29&k_raceNo=8
2026-09-29 18:20:00,18:19,2026-09-29,funabashi,8,5,三連複,2-4-10,57.3,57.3,13,https://www.keiba.go.jp/KeibaWeb/TodayRaceInfo/Odds3LenFuku?k_babaCode=19&k_raceDate=2026%2F09%2F29&k_raceNo=8
2026-09-29 18:20:00,18:19,2026-09-29,funabashi,8,5,三連複,2-4-14,61.5,61.5,14,https://www.keiba.go.jp/KeibaWeb/TodayRaceInfo/Odds3LenFuku?k_babaCode=19&k_raceDate=2026%2F09%2F29&k_raceNo=8
2026-09-29 18:20:00,18:19,2026-09-29,funabashi,8,5,三連複,4-12-14,61.8,61.8,15,https://www.keiba.go.jp/KeibaWeb/TodayRaceInfo/Odds3LenFuku?k_babaCode=19&k_raceDate=2026%2F09%2F29&k_raceNo=8
2026-09-29 18:20:00,18:19,2026-09-29,funabashi,8,5,三連複,1-4-14,63.6,63.6,16,https://www.keiba.go.jp/KeibaWeb/TodayRaceInfo/Odds3LenFuku?k_babaCode=19&k_raceDate=2026%2F09%2F29&k_raceNo=8
2026-09-29 18:20:00,18:19,2026-09-29,funabashi,8,5,三連複,4-5-6,65.1,65.1,17,https://www.keiba.go.jp/KeibaWeb/TodayRaceInfo/Odds3LenFuku?k_babaCode=19&k_raceDate=2026%2F09%2F29&k_raceNo=8
2026-09-29 18:20:00,18:19,2026-09-29,funabashi,8,5,三連複,6-13-14,70.1,70.1,18,https://www.keiba.go.jp/KeibaWeb/TodayRaceInfo/Odds3LenFuku?k_babaCode=19&k_raceDate=2026%2F09%2F29&k_raceNo=8
2026-09-29 18:20:00,18:19,2026-09-29,funabashi,8,5,三連複,4-8-13,70.8,70.8,19,https://www.keiba.go.jp/KeibaWeb/TodayRaceInfo/Odds3LenFuku?k_babaCode=19&k_raceDate=2026%2F09%2F29&k_raceNo=8
2026-09-29 18:20:00,18:19,2026-09-29,funabashi,8,5,三連複,4-6-12,73.6,73.6,20,https://www.keiba.go.jp/KeibaWeb/TodayRaceInfo/Odds3LenFuku?k_babaCode=19&k_raceDate=2026%2F09%2F29&k_raceNo=8
2026-09-29 18:20:00,18:19,2026-09-29,funabashi,8,5,三連複,1-4-10,75.0,75.0,21,https://www.keiba.go.jp/KeibaWeb/TodayRaceInfo/Odds3LenFuku?k_babaCode=19&k_raceDate=2026%2F09%2F29&k_raceNo=8
2026-09-29 18:20:00,18:19,2026-09-29,funabashi,8,5,三連複,4-5-14,75.3,75.3,22,https://www.keiba.go.jp/KeibaWeb/TodayRaceInfo/Odds3LenFuku?k_babaCode=19&k_raceDate=2026%2F09%2F29&k_raceNo=8
2026-09-29 18:20:00,18:19,2026-09-29,funabashi,8,5,三連複,4-8-14,76.6,76.6,23,https://www.keiba.go.jp/KeibaWeb/TodayRaceInfo/Odds3LenFuku?k_babaCode=19&k_raceDate=2026%2F09%2F29&k_raceNo=8
2026-09-29 18:20:00,18:19,2026-09-29,funabashi,8,5,三連複,10-13-14,82.0,82.0,24,https://www.keiba.go.jp/KeibaWeb/TodayRaceInfo/Odds3LenFuku?k_babaCode=19&k_raceDate=2026%2F09%2F29&k_raceNo=8
2026-09-29 18:20:00,18:19,2026-09-29,funabashi,8,5,三連複,4-5-10,84.1,84.1,25,https://www.keiba.go.jp/KeibaWeb/TodayRaceInfo/Odds3LenFuku?k_babaCode=19&k_raceDate=2026%2F09%2F29&k_raceNo=8
2026-09-29 18:20:00,18:19,2026-09-29,funabashi,8,5,三連複,4-10-12,84.7,84.7,26,https://www.keiba.go.jp/KeibaWeb/TodayRaceInfo/Odds3LenFuku?k_babaCode=19&k_raceDate=2026%2F09%2F29&k_raceNo=8
2026-09-29 18:20:00,18:19,2026-09-29,funabashi,8,5,三連複,1-4-5,85.4,85.4,27,https://www.keiba.go.jp/KeibaWeb/TodayRaceInfo/Odds3LenFuku?k_babaCode=19&k_raceDate=2026%2F09%2F29&k_raceNo=8
2026-09-29 18:20:00,18:19,2026-09-29,funabashi,8,5,三連複,1-13-14,87.2,87.2,28,https://www.keiba.go.jp/KeibaWeb/TodayRaceInfo/Odds3LenFuku?k_babaCode=19&k_raceDate=2026%2F09%2F29&k_raceNo=8
2026-09-29 18:20:00,18:19,2026-09-29,funabashi,8,5,三連複,3-4-13,89.6,89.6,29,https://www.keiba.go.jp/KeibaWeb/TodayRaceInfo/Odds3LenFuku?k_babaCode=19&k_raceDate=2026%2F09%2F29&k_raceNo=8
2026-09-29 18:20:00,18:19,2026-09-29,funabashi,8,5,三連複,6-10-13,94.2,94.2,30,https://www.keiba.go.jp/KeibaWeb/TodayRaceInfo/Odds3LenFuku?k_babaCode=19&k_raceDate=2026%2F09%2F29&k_raceNo=8
2026-09-29 18:20:00,18:19,2026-09-29,funabashi,8,5,三連複,1-6-13,94.3,94.3,31,https://www.keiba.go.jp/KeibaWeb/TodayRaceInfo/Odds3LenFuku?k_babaCode=19&k_raceDate=2026%2F09%2F29&k_raceNo=8
2026-09-29 18:20:00,18:19,2026-09-29,funabashi,8,5,三連複,12-13-14,103.2,103.2,32,https://www.keiba.go.jp/KeibaWeb/TodayRaceInfo/Odds3LenFuku?k_babaCode=19&k_raceDate=2026%2F09%2F29&k_raceNo=8
2026-09-29 18:20:00,18:19,2026-09-29,funabashi,8,5,三連複,1-10-13,104.7,104.7,33,https://www.keiba.go.jp/KeibaWeb/TodayRaceInfo/Odds3LenFuku?k_babaCode=19&k_raceDate=2026%2F09%2F29&k_raceNo=8
2026-09-29 18:20:00,18:19,2026-09-29,funabashi,8,5,三連複,4-5-12,104.8,104.8,34,https://www.keiba.go.jp/KeibaWeb/TodayRaceInfo/Odds3LenFuku?k_babaCode=19&k_raceDate=2026%2F09%2F29&k_raceNo=8
2026-09-29 18:20:00,18:19,2026-09-29,funabashi,8,5,三連複,4-8-10,105.1,105.1,35,https://www.keiba.go.jp/KeibaWeb/TodayRaceInfo/Odds3LenFuku?k_babaCode=19&k_raceDate=2026%2F09%2F29&k_raceNo=8
2026-09-29 18:20:00,18:19,2026-09-29,funabashi,8,5,三連複,1-4-12,106.0,106.0,36,https://www.keiba.go.jp/KeibaWeb/TodayRaceInfo/Odds3LenFuku?k_babaCode=19&k_raceDate=2026%2F09%2F29&k_raceNo=8
2026-09-29 18:20:00,18:19,2026-09-29,funabashi,8,5,三連複,4-9-13,108.9,108.9,37,https://www.keiba.go.jp/KeibaWeb/TodayRaceInfo/Odds3LenFuku?k_babaCode=19&k_raceDate=2026%2F09%2F29&k_raceNo=8
2026-09-29 18:20:00,18:19,2026-09-29,funabashi,8,5,三連複,4-6-8,121.1,121.1,38,https://www.keiba.go.jp/KeibaWeb/TodayRaceInfo/Odds3LenFuku?k_babaCode=19&k_raceDate=2026%2F09%2F29&k_raceNo=8
2026-09-29 18:20:00,18:19,2026-09-29,funabashi,8,5,三連複,2-4-8,123.8,123.8,39,https://www.keiba.go.jp/KeibaWeb/TodayRaceInfo/Odds3LenFuku?k_babaCode=19&k_raceDate=2026%2F09%2F29&k_raceNo=8
2026-09-29 18:20:00,18:19,2026-09-29,funabashi,8,5,三連複,6-12-13,126.8,126.8,40,https://www.keiba.go.jp/KeibaWeb/TodayRaceInfo/Odds3LenFuku?k_babaCode=19&k_raceDate=2026%2F09%2F29&k_raceNo=8
2026-09-29 18:20:00,18:19,2026-09-29,funabashi,8,5,三連複,4-7-13,128.5,128.5,41,https://www.keiba.go.jp/KeibaWeb/TodayRaceInfo/Odds3LenFuku?k_babaCode=19&k_raceDate=2026%2F09%2F29&k_raceNo=8
2026-09-29 18:20:00,18:19,2026-09-29,funabashi,8,5,三連複,6-10-14,131.2,131.2,42,https://www.keiba.go.jp/KeibaWeb/TodayRaceInfo/Odds3LenFuku?k_babaCode=19&k_raceDate=2026%2F09%2F29&k_raceNo=8
2026-09-29 18:20:00,18:19,2026-09-29,funabashi,8,5,三連複,10-12-13,132.6,132.6,43,https://www.keiba.go.jp/KeibaWeb/TodayRaceInfo/Odds3LenFuku?k_babaCode=19&k_raceDate=2026%2F09%2F29&k_raceNo=8
2026-09-29 18:20:00,18:19,2026-09-29,funabashi,8,5,三連複,1-2-4,138.8,138.8,44,https://www.keiba.go.jp/KeibaWeb/TodayRaceInfo/Odds3LenFuku?k_babaCode=19&k_raceDate=2026%2F09%2F29&k_raceNo=8
2026-09-29 18:20:00,18:19,2026-09-29,funabashi,8,5,三連複,3-4-14,140.8,140.8,45,https://www.keiba.go.jp/KeibaWeb/TodayRaceInfo/Odds3LenFuku?k_babaCode=19&k_raceDate=2026%2F09%2F29&k_raceNo=8
2026-09-29 18:20:00,18:19,2026-09-29,funabashi,8,5,三連複,1-12-13,141.0,141.0,46,https://www.keiba.go.jp/KeibaWeb/TodayRaceInfo/Odds3LenFuku?k_babaCode=19&k_raceDate=2026%2F09%2F29&k_raceNo=8
2026-09-29 18:20:00,18:19,2026-09-29,funabashi,8,5,三連複,6-12-14,142.0,142.0,47,https://www.keiba.go.jp/KeibaWeb/TodayRaceInfo/Odds3LenFuku?k_babaCode=19&k_raceDate=2026%2F09%2F29&k_raceNo=8
2026-09-29 18:20:00,18:19,2026-09-29,funabashi,8,5,三連複,4-6-9,142.2,142.2,48,https://www.keiba.go.jp/KeibaWeb/TodayRaceInfo/Odds3LenFuku?k_babaCode=19&k_raceDate=2026%2F09%2F29&k_raceNo=8
2026-09-29 18:20:00,18:19,2026-09-29,funabashi,8,5,三連複,5-6-13,143.4,143.4,49,https://www.keiba.go.jp/KeibaWeb/TodayRaceInfo/Odds3LenFuku?k_babaCode=19&k_raceDate=2026%2F09%2F29&k_raceNo=8
2026-09-29 18:20:00,18:19,2026-09-29,funabashi,8,5,三連複,2-4-5,145.7,145.7,50,https://www.keiba.go.jp/KeibaWeb/TodayRaceInfo/Odds3LenFuku?k_babaCode=19&k_raceDate=2026%2F09%2F29&k_raceNo=8
2026-09-29 18:20:00,18:19,2026-09-29,funabashi,8,5,三連複,5-10-13,149.5,149.5,51,https://www.keiba.go.jp/KeibaWeb/TodayRaceInfo/Odds3LenFuku?k_babaCode=19&k_raceDate=2026%2F09%2F29&k_raceNo=8
2026-09-29 18:20:00,18:19,2026-09-29,funabashi,8,5,三連複,4-8-12,158.1,158.1,52,https://www.keiba.go.jp/KeibaWeb/TodayRaceInfo/Odds3LenFuku?k_babaCode=19&k_raceDate=2026%2F09%2F29&k_raceNo=8
2026-09-29 18:20:00,18:19,2026-09-29,funabashi,8,5,三連複,4-9-14,158.1,158.1,52,https://www.keiba.go.jp/KeibaWeb/TodayRaceInfo/Odds3LenFuku?k_babaCode=19&k_raceDate=2026%2F09%2F29&k_raceNo=8
2026-09-29 18:20:00,18:19,2026-09-29,funabashi,8,5,三連複,1-6-14,162.0,162.0,54,https://www.keiba.go.jp/KeibaWeb/TodayRaceInfo/Odds3LenFuku?k_babaCode=19&k_raceDate=2026%2F09%2F29&k_raceNo=8
2026-09-29 18:20:00,18:19,2026-09-29,funabashi,8,5,三連複,2-6-13,166.7,166.7,55,https://www.keiba.go.jp/KeibaWeb/TodayRaceInfo/Odds3LenFuku?k_babaCode=19&k_raceDate=2026%2F09%2F29&k_raceNo=8
2026-09-29 18:20:00,18:19,2026-09-29,funabashi,8,5,三連複,1-5-13,167.2,167.2,56,https://www.keiba.go.jp/KeibaWeb/TodayRaceInfo/Odds3LenFuku?k_babaCode=19&k_raceDate=2026%2F09%2F29&k_raceNo=8
2026-09-29 18:20:00,18:19,2026-09-29,funabashi,8,5,三連複,2-13-14,168.7,168.7,57,https://www.keiba.go.jp/KeibaWeb/TodayRaceInfo/Odds3LenFuku?k_babaCode=19&k_raceDate=2026%2F09%2F29&k_raceNo=8
2026-09-29 18:20:00,18:19,2026-09-29,funabashi,8,5,三連複,5-13-14,169.8,169.8,58,https://www.keiba.go.jp/KeibaWeb/TodayRaceInfo/Odds3LenFuku?k_babaCode=19&k_raceDate=2026%2F09%2F29&k_raceNo=8
2026-09-29 18:20:00,18:19,2026-09-29,funabashi,8,5,三連複,10-12-14,170.1,170.1,59,https://www.keiba.go.jp/KeibaWeb/TodayRaceInfo/Odds3LenFuku?k_babaCode=19&k_raceDate=2026%2F09%2F29&k_raceNo=8
2026-09-29 18:20:00,18:19,2026-09-29,funabashi,8,5,三連複,3-4-8,170.4,170.4,60,https://www.keiba.go.jp/KeibaWeb/TodayRaceInfo/Odds3LenFuku?k_babaCode=19&k_raceDate=2026%2F09%2F29&k_raceNo=8
2026-09-29 18:20:00,18:19,2026-09-29,funabashi,8,5,三連複,1-4-8,172.2,172.2,61,https://www.keiba.go.jp/KeibaWeb/TodayRaceInfo/Odds3LenFuku?k_babaCode=19&k_raceDate=2026%2F09%2F29&k_raceNo=8
2026-09-29 18:20:00,18:19,2026-09-29,funabashi,8,5,三連複,2-3-4,172.5,172.5,62,https://www.keiba.go.jp/KeibaWeb/TodayRaceInfo/Odds3LenFuku?k_babaCode=19&k_raceDate=2026%2F09%2F29&k_raceNo=8
2026-09-29 18:20:00,18:19,2026-09-29,funabashi,8,5,三連複,2-4-12,174.3,174.3,63,https://www.keiba.go.jp/KeibaWeb/TodayRaceInfo/Odds3LenFuku?k_babaCode=19&k_raceDate=2026%2F09%2F29&k_raceNo=8
2026-09-29 18:20:00,18:19,2026-09-29,funabashi,8,5,三連複,1-4-9,184.4,184.4,64,https://www.keiba.go.jp/KeibaWeb/TodayRaceInfo/Odds3LenFuku?k_babaCode=19&k_raceDate=2026%2F09%2F29&k_raceNo=8
2026-09-29 18:20:00,18:19,2026-09-29,funabashi,8,5,三連複,4-5-8,189.0,189.0,65,https://www.keiba.go.jp/KeibaWeb/TodayRaceInfo/Odds3LenFuku?k_babaCode=19&k_raceDate=2026%2F09%2F29&k_raceNo=8
2026-09-29 18:20:00,18:19,2026-09-29,funabashi,8,5,三連複,6-10-12,189.0,189.0,65,https://www.keiba.go.jp/KeibaWeb/TodayRaceInfo/Odds3LenFuku?k_babaCode=19&k_raceDate=2026%2F09%2F29&k_raceNo=8
2026-09-29 18:20:00,18:19,2026-09-29,funabashi,8,5,三連複,4-9-12,191.6,191.6,67,https://www.keiba.go.jp/KeibaWeb/TodayRaceInfo/Odds3LenFuku?k_babaCode=19&k_raceDate=2026%2F09%2F29&k_raceNo=8
2026-09-29 18:20:00,18:19,2026-09-29,funabashi,8,5,三連複,3-4-10,195.0,195.0,68,https://www.keiba.go.jp/KeibaWeb/TodayRaceInfo/Odds3LenFuku?k_babaCode=19&k_raceDate=2026%2F09%2F29&k_raceNo=8
2026-09-29 18:20:00,18:19,2026-09-29,funabashi,8,5,三連複,6-8-14,195.0,195.0,68,https://www.keiba.go.jp/KeibaWeb/TodayRaceInfo/Odds3LenFuku?k_babaCode=19&k_raceDate=2026%2F09%2F29&k_raceNo=8
2026-09-29 18:20:00,18:19,2026-09-29,funabashi,8,5,三連複,2-6-14,200.6,200.6,70,https://www.keiba.go.jp/KeibaWeb/TodayRaceInfo/Odds3LenFuku?k_babaCode=19&k_raceDate=2026%2F09%2F29&k_raceNo=8
2026-09-29 18:20:00,18:19,2026-09-29,funabashi,8,5,三連複,1-4-7,201.8,201.8,71,https://www.keiba.go.jp/KeibaWeb/TodayRaceInfo/Odds3LenFuku?k_babaCode=19&k_raceDate=2026%2F09%2F29&k_raceNo=8
2026-09-29 18:20:00,18:19,2026-09-29,funabashi,8,5,三連複,8-13-14,203.5,203.5,72,https://www.keiba.go.jp/KeibaWeb/TodayRaceInfo/Odds3LenFuku?k_babaCode=19&k_raceDate=2026%2F09%2F29&k_raceNo=8
2026-09-29 18:20:00,18:19,2026-09-29,funabashi,8,5,三連複,1-6-12,205.6,205.6,73,https://www.keiba.go.jp/KeibaWeb/TodayRaceInfo/Odds3LenFuku?k_babaCode=19&k_raceDate=2026%2F09%2F29&k_raceNo=8
2026-09-29 18:20:00,18:19,2026-09-29,funabashi,8,5,三連複,8-10-14,206.9,206.9,74,https://www.keiba.go.jp/KeibaWeb/TodayRaceInfo/Odds3LenFuku?k_babaCode=19&k_raceDate=2026%2F09%2F29&k_raceNo=8
2026-09-29 18:20:00,18:19,2026-09-29,funabashi,8,5,三連複,5-12-13,207.7,207.7,75,https://www.keiba.go.jp/KeibaWeb/TodayRaceInfo/Odds3LenFuku?k_babaCode=19&k_raceDate=2026%2F09%2F29&k_raceNo=8
2026-09-29 18:20:00,18:19,2026-09-29,funabashi,8,5,三連複,2-10-13,210.4,210.4,76,https://www.keiba.go.jp/KeibaWeb/TodayRaceInfo/Odds3LenFuku?k_babaCode=19&k_raceDate=2026%2F09%2F29&k_raceNo=8
2026-09-29 18:20:00,18:19,2026-09-29,funabashi,8,5,三連複,3-4-6,210.9,210.9,77,https://www.keiba.go.jp/KeibaWeb/TodayRaceInfo/Odds3LenFuku?k_babaCode=19&k_raceDate=2026%2F09%2F29&k_raceNo=8
2026-09-29 18:20:00,18:19,2026-09-29,funabashi,8,5,三連複,4-6-7,213.1,213.1,78,https://www.keiba.go.jp/KeibaWeb/TodayRaceInfo/Odds3LenFuku?k_babaCode=19&k_raceDate=2026%2F09%2F29&k_raceNo=8
2026-09-29 18:20:00,18:19,2026-09-29,funabashi,8,5,三連複,1-10-14,221.3,221.3,79,https://www.keiba.go.jp/KeibaWeb/TodayRaceInfo/Odds3LenFuku?k_babaCode=19&k_raceDate=2026%2F09%2F29&k_raceNo=8
2026-09-29 18:20:00,18:19,2026-09-29,funabashi,8,5,三連複,2-6-10,223.8,223.8,80,https://www.keiba.go.jp/KeibaWeb/TodayRaceInfo/Odds3LenFuku?k_babaCode=19&k_raceDate=2026%2F09%2F29&k_raceNo=8
2026-09-29 18:20:00,18:19,2026-09-29,funabashi,8,5,三連複,4-11-13,225.3,225.3,81,https://www.keiba.go.jp/KeibaWeb/TodayRaceInfo/Odds3LenFuku?k_babaCode=19&k_raceDate=2026%2F09%2F29&k_raceNo=8
2026-09-29 18:20:00,18:19,2026-09-29,funabashi,8,5,三連複,6-9-13,225.8,225.8,82,https://www.keiba.go.jp/KeibaWeb/TodayRaceInfo/Odds3LenFuku?k_babaCode=19&k_raceDate=2026%2F09%2F29&k_raceNo=8
2026-09-29 18:20:00,18:19,2026-09-29,funabashi,8,5,三連複,1-6-10,226.3,226.3,83,https://www.keiba.go.jp/KeibaWeb/TodayRaceInfo/Odds3LenFuku?k_babaCode=19&k_raceDate=2026%2F09%2F29&k_raceNo=8
2026-09-29 18:20:00,18:19,2026-09-29,funabashi,8,5,三連複,6-8-13,227.4,227.4,84,https://www.keiba.go.jp/KeibaWeb/TodayRaceInfo/Odds3LenFuku?k_babaCode=19&k_raceDate=2026%2F09%2F29&k_raceNo=8
2026-09-29 18:20:00,18:19,2026-09-29,funabashi,8,5,三連複,4-5-9,228.4,228.4,85,https://www.keiba.go.jp/KeibaWeb/TodayRaceInfo/Odds3LenFuku?k_babaCode=19&k_raceDate=2026%2F09%2F29&k_raceNo=8
2026-09-29 18:20:00,18:19,2026-09-29,funabashi,8,5,三連複,9-13-14,230.6,230.6,86,https://www.keiba.go.jp/KeibaWeb/TodayRaceInfo/Odds3LenFuku?k_babaCode=19&k_raceDate=2026%2F09%2F29&k_raceNo=8
2026-09-29 18:20:00,18:19,2026-09-29,funabashi,8,5,三連複,4-7-12,234.4,234.4,87,https://www.keiba.go.jp/KeibaWeb/TodayRaceInfo/Odds3LenFuku?k_babaCode=19&k_raceDate=2026%2F09%2F29&k_raceNo=8
2026-09-29 18:20:00,18:19,2026-09-29,funabashi,8,5,三連複,5-6-14,235.0,235.0,88,https://www.keiba.go.jp/KeibaWeb/TodayRaceInfo/Odds3LenFuku?k_babaCode=19&k_raceDate=2026%2F09%2F29&k_raceNo=8
2026-09-29 18:20:00,18:19,2026-09-29,funabashi,8,5,三連複,4-9-10,238.9,238.9,89,https://www.keiba.go.jp/KeibaWeb/TodayRaceInfo/Odds3LenFuku?k_babaCode=19&k_raceDate=2026%2F09%2F29&k_raceNo=8
2026-09-29 18:20:00,18:19,2026-09-29,funabashi,8,5,三連複,1-12-14,241.9,241.9,90,https://www.keiba.go.jp/KeibaWeb/TodayRaceInfo/Odds3LenFuku?k_babaCode=19&k_raceDate=2026%2F09%2F29&k_raceNo=8
2026-09-29 18:20:00,18:19,2026-09-29,funabashi,8,5,三連複,2-10-14,242.5,242.5,91,https://www.keiba.go.jp/KeibaWeb/TodayRaceInfo/Odds3LenFuku?k_babaCode=19&k_raceDate=2026%2F09%2F29&k_raceNo=8
2026-09-29 18:20:00,18:19,2026-09-29,funabashi,8,5,三連複,5-6-12,242.5,242.5,91,https://www.keiba.go.jp/KeibaWeb/TodayRaceInfo/Odds3LenFuku?k_babaCode=19&k_raceDate=2026%2F09%2F29&k_raceNo=8
2026-09-29 18:20:00,18:19,2026-09-29,funabashi,8,5,三連複,1-3-4,243.7,243.7,93,https://www.keiba.go.jp/KeibaWeb/TodayRaceInfo/Odds3LenFuku?k_babaCode=19&k_raceDate=2026%2F09%2F29&k_raceNo=8
2026-09-29 18:20:00,18:19,2026-09-29,funabashi,8,5,三連複,5-6-10,243.7,243.7,93,https://www.keiba.go.jp/KeibaWeb/TodayRaceInfo/Odds3LenFuku?k_babaCode=19&k_raceDate=2026%2F09%2F29&k_raceNo=8
2026-09-29 18:20:00,18:19,2026-09-29,funabashi,8,5,三連複,7-10-13,245.5,245.5,95,https://www.keiba.go.jp/KeibaWeb/TodayRaceInfo/Odds3LenFuku?k_babaCode=19&k_raceDate=2026%2F09%2F29&k_raceNo=8
2026-09-29 18:20:00,18:19,2026-09-29,funabashi,8,5,三連複,4-7-14,250.5,250.5,96,https://www.keiba.go.jp/KeibaWeb/TodayRaceInfo/Odds3LenFuku?k_babaCode=19&k_raceDate=2026%2F09%2F29&k_raceNo=8
2026-09-29 18:20:00,18:19,2026-09-29,funabashi,8,5,三連複,1-7-13,253.0,253.0,97,https://www.keiba.go.jp/KeibaWeb/TodayRaceInfo/Odds3LenFuku?k_babaCode=19&k_raceDate=2026%2F09%2F29&k_raceNo=8
2026-09-29 18:20:00,18:19,2026-09-29,funabashi,8,5,三連複,1-9-13,253.7,253.7,98,https://www.keiba.go.jp/KeibaWeb/TodayRaceInfo/Odds3LenFuku?k_babaCode=19&k_raceDate=2026%2F09%2F29&k_raceNo=8
2026-09-29 18:20:00,18:19,2026-09-29,funabashi,8,5,三連複,5-10-14,253.7,253.7,98,https://www.keiba.go.jp/KeibaWeb/TodayRaceInfo/Odds3LenFuku?k_babaCode=19&k_raceDate=2026%2F09%2F29&k_raceNo=8
2026-09-29 18:20:00,18:19,2026-09-29,funabashi,8,5,三連複,6-7-13,256.3,256.3,100,https://www.keiba.go.jp/KeibaWeb/TodayRaceInfo/Odds3LenFuku?k_babaCode=19&k_raceDate=2026%2F09%2F29&k_raceNo=8
2026-09-29 18:20:00,18:19,2026-09-29,funabashi,8,5,三連複,1-10-12,258.3,258.3,101,https://www.keiba.go.jp/KeibaWeb/TodayRaceInfo/Odds3LenFuku?k_babaCode=19&k_raceDate=2026%2F09%2F29&k_raceNo=8
2026-09-29 18:20:00,18:19,2026-09-29,funabashi,8,5,三連複,8-10-13,262.5,262.5,102,https://www.keiba.go.jp/KeibaWeb/TodayRaceInfo/Odds3LenFuku?k_babaCode=19&k_raceDate=2026%2F09%2F29&k_raceNo=8
2026-09-29 18:20:00,18:19,2026-09-29,funabashi,8,5,三連複,9-10-13,266.7,266.7,103,https://www.keiba.go.jp/KeibaWeb/TodayRaceInfo/Odds3LenFuku?k_babaCode=19&k_raceDate=2026%2F09%2F29&k_raceNo=8
2026-09-29 18:20:00,18:19,2026-09-29,funabashi,8,5,三連複,3-4-12,273.4,273.4,104,https://www.keiba.go.jp/KeibaWeb/TodayRaceInfo/Odds3LenFuku?k_babaCode=19&k_raceDate=2026%2F09%2F29&k_raceNo=8
2026-09-29 18:20:00,18:19,2026-09-29,funabashi,8,5,三連複,5-12-14,273.4,273.4,104,https://www.keiba.go.jp/KeibaWeb/TodayRaceInfo/Odds3LenFuku?k_babaCode=19&k_raceDate=2026%2F09%2F29&k_raceNo=8
2026-09-29 18:20:00,18:19,2026-09-29,funabashi,8,5,三連複,1-5-10,274.9,274.9,106,https://www.keiba.go.jp/KeibaWeb/TodayRaceInfo/Odds3LenFuku?k_babaCode=19&k_raceDate=2026%2F09%2F29&k_raceNo=8
2026-09-29 18:20:00,18:19,2026-09-29,funabashi,8,5,三連複,5-10-12,283.6,283.6,107,https://www.keiba.go.jp/KeibaWeb/TodayRaceInfo/Odds3LenFuku?k_babaCode=19&k_raceDate=2026%2F09%2F29&k_raceNo=8
2026-09-29 18:20:00,18:19,2026-09-29,funabashi,8,5,三連複,4-7-10,285.2,285.2,108,https://www.keiba.go.jp/KeibaWeb/TodayRaceInfo/Odds3LenFuku?k_babaCode=19&k_raceDate=2026%2F09%2F29&k_raceNo=8
2026-09-29 18:20:00,18:19,2026-09-29,funabashi,8,5,三連複,3-4-5,297.3,297.3,109,https://www.keiba.go.jp/KeibaWeb/TodayRaceInfo/Odds3LenFuku?k_babaCode=19&k_raceDate=2026%2F09%2F29&k_raceNo=8
2026-09-29 18:20:00,18:19,2026-09-29,funabashi,8,5,三連複,7-12-13,297.3,297.3,109,https://www.keiba.go.jp/KeibaWeb/TodayRaceInfo/Odds3LenFuku?k_babaCode=19&k_raceDate=2026%2F09%2F29&k_raceNo=8
2026-09-29 18:20:00,18:19,2026-09-29,funabashi,8,5,三連複,4-11-14,301.8,301.8,111,https://www.keiba.go.jp/KeibaWeb/TodayRaceInfo/Odds3LenFuku?k_babaCode=19&k_raceDate=2026%2F09%2F29&k_raceNo=8
2026-09-29 18:20:00,18:19,2026-09-29,funabashi,8,5,三連複,8-12-14,303.7,303.7,112,https://www.keiba.go.jp/KeibaWeb/TodayRaceInfo/Odds3LenFuku?k_babaCode=19&k_raceDate=2026%2F09%2F29&k_raceNo=8
2026-09-29 18:20:00,18:19,2026-09-29,funabashi,8,5,三連複,6-8-10,311.3,311.3,113,https://www.keiba.go.jp/KeibaWeb/TodayRaceInfo/Odds3LenFuku?k_babaCode=19&k_raceDate=2026%2F09%2F29&k_raceNo=8
2026-09-29 18:20:00,18:19,2026-09-29,funabashi,8,5,三連複,9-12-13,311.3,311.3,113,https://www.keiba.go.jp/KeibaWeb/TodayRaceInfo/Odds3LenFuku?k_babaCode=19&k_raceDate=2026%2F09%2F29&k_raceNo=8
2026-09-29 18:20:00,18:19,2026-09-29,funabashi,8,5,三連複,1-2-13,313.3,313.3,115,https://www.keiba.go.jp/KeibaWeb/TodayRaceInfo/Odds3LenFuku?k_babaCode=19&k_raceDate=2026%2F09%2F29&k_raceNo=8
2026-09-29 18:20:00,18:19,2026-09-29,funabashi,8,5,三連複,1-5-6,317.3,317.3,116,https://www.keiba.go.jp/KeibaWeb/TodayRaceInfo/Odds3LenFuku?k_babaCode=19&k_raceDate=2026%2F09%2F29&k_raceNo=8
2026-09-29 18:20:00,18:19,2026-09-29,funabashi,8,5,三連複,4-5-7,318.3,318.3,117,https://www.keiba.go.jp/KeibaWeb/TodayRaceInfo/Odds3LenFuku?k_babaCode=19&k_raceDate=2026%2F09%2F29&k_raceNo=8
2026-09-29 18:20:00,18:19,2026-09-29,funabashi,8,5,三連複,2-4-9,323.6,323.6,118,https://www.keiba.go.jp/KeibaWeb/TodayRaceInfo/Odds3LenFuku?k_babaCode=19&k_raceDate=2026%2F09%2F29&k_raceNo=8
2026-09-29 18:20:00,18:19,2026-09-29,funabashi,8,5,三連複,3-6-13,323.6,323.6,118,https://www.keiba.go.jp/KeibaWeb/TodayRaceInfo/Odds3LenFuku?k_babaCode=19&k_raceDate=2026%2F09%2F29&k_raceNo=8
2026-09-29 18:20:00,18:19,2026-09-29,funabashi,8,5,三連複,7-13-14,323.6,323.6,118,https://www.keiba.go.jp/KeibaWeb/TodayRaceInfo/Odds3LenFuku?k_babaCode=19&k_raceDate=2026%2F09%2F29&k_raceNo=8
2026-09-29 18:20:00,18:19,2026-09-29,funabashi,8,5,三連複,8-12-13,323.6,323.6,118,https://www.keiba.go.jp/KeibaWeb/TodayRaceInfo/Odds3LenFuku?k_babaCode=19&k_raceDate=2026%2F09%2F29&k_raceNo=8
2026-09-29 18:20:00,18:19,2026-09-29,funabashi,8,5,三連複,1-8-14,325.7,325.7,122,https://www.keiba.go.jp/KeibaWeb/TodayRaceInfo/Odds3LenFuku?k_babaCode=19&k_raceDate=2026%2F09%2F29&k_raceNo=8
2026-09-29 18:20:00,18:19,2026-09-29,funabashi,8,5,三連複,6-9-12,329.0,329.0,123,https://www.keiba.go.jp/KeibaWeb/TodayRaceInfo/Odds3LenFuku?k_babaCode=19&k_raceDate=2026%2F09%2F29&k_raceNo=8
2026-09-29 18:20:00,18:19,2026-09-29,funabashi,8,5,三連複,1-6-9,331.2,331.2,124,https://www.keiba.go.jp/KeibaWeb/TodayRaceInfo/Odds3LenFuku?k_babaCode=19&k_raceDate=2026%2F09%2F29&k_raceNo=8
2026-09-29 18:20:00,18:19,2026-09-29,funabashi,8,5,三連複,1-5-12,332.3,332.3,125,https://www.keiba.go.jp/KeibaWeb/TodayRaceInfo/Odds3LenFuku?k_babaCode=19&k_raceDate=2026%2F09%2F29&k_raceNo=8
2026-09-29 18:20:00,18:19,2026-09-29,funabashi,8,5,三連複,3-13-14,335.7,335.7,126,https://www.keiba.go.jp/KeibaWeb/TodayRaceInfo/Odds3LenFuku?k_babaCode=19&k_raceDate=2026%2F09%2F29&k_raceNo=8
2026-09-29 18:20:00,18:19,2026-09-29,funabashi,8,5,三連複,1-5-14,338.0,338.0,127,https://www.keiba.go.jp/KeibaWeb/TodayRaceInfo/Odds3LenFuku?k_babaCode=19&k_raceDate=2026%2F09%2F29&k_raceNo=8
2026-09-29 18:20:00,18:19,2026-09-29,funabashi,8,5,三連複,1-8-13,340.3,340.3,128,https://www.keiba.go.jp/KeibaWeb/TodayRaceInfo/Odds3LenFuku?k_babaCode=19&k_raceDate=2026%2F09%2F29&k_raceNo=8
2026-09-29 18:20:00,18:19,2026-09-29,funabashi,8,5,三連複,4-8-9,341.5,341.5,129,https://www.keiba.go.jp/KeibaWeb/TodayRaceInfo/Odds3LenFuku?k_babaCode=19&k_raceDate=2026%2F09%2F29&k_raceNo=8
2026-09-29 18:20:00,18:19,2026-09-29,funabashi,8,5,三連複,3-10-13,353.7,353.7,130,https://www.keiba.go.jp/KeibaWeb/TodayRaceInfo/Odds3LenFuku?k_babaCode=19&k_raceDate=2026%2F09%2F29&k_raceNo=8
2026-09-29 18:20:00,18:19,2026-09-29,funabashi,8,5,三連複,6-8-12,353.7,353.7,130,https://www.keiba.go.jp/KeibaWeb/TodayRaceInfo/Odds3LenFuku?k_babaCode=19&k_raceDate=2026%2F09%2F29&k_raceNo=8
2026-09-29 18:20:00,18:19,2026-09-29,funabashi,8,5,三連複,2-4-7,356.3,356.3,132,https://www.keiba.go.jp/KeibaWeb/TodayRaceInfo/Odds3LenFuku?k_babaCode=19&k_raceDate=2026%2F09%2F29&k_raceNo=8
2026-09-29 18:20:00,18:19,2026-09-29,funabashi,8,5,三連複,8-10-12,360.2,360.2,133,https://www.keiba.go.jp/KeibaWeb/TodayRaceInfo/Odds3LenFuku?k_babaCode=19&k_raceDate=2026%2F09%2F29&k_raceNo=8
2026-09-29 18:20:00,18:19,2026-09-29,funabashi,8,5,三連複,2-6-12,364.2,364.2,134,https://www.keiba.go.jp/KeibaWeb/TodayRaceInfo/Odds3LenFuku?k_babaCode=19&k_raceDate=2026%2F09%2F29&k_raceNo=8
2026-09-29 18:20:00,18:19,2026-09-29,funabashi,8,5,三連複,6-9-14,366.9,366.9,135,https://www.keiba.go.jp/KeibaWeb/TodayRaceInfo/Odds3LenFuku?k_babaCode=19&k_raceDate=2026%2F09%2F29&k_raceNo=8
2026-09-29 18:20:00,18:19,2026-09-29,funabashi,8,5,三連複,1-2-6,368.2,368.2,136,https://www.keiba.go.jp/KeibaWeb/TodayRaceInfo/Odds3LenFuku?k_babaCode=19&k_raceDate=2026%2F09%2F29&k_raceNo=8
2026-09-29 18:20:00,18:19,2026-09-29,funabashi,8,5,三連複,1-9-12,369.6,369.6,137,https://www.keiba.go.jp/KeibaWeb/TodayRaceInfo/Odds3LenFuku?k_babaCode=19&k_raceDate=2026%2F09%2F29&k_raceNo=8
2026-09-29 18:20:00,18:19,2026-09-29,funabashi,8,5,三連複,11-13-14,378.1,378.1,138,https://www.keiba.go.jp/KeibaWeb/TodayRaceInfo/Odds3LenFuku?k_babaCode=19&k_raceDate=2026%2F09%2F29&k_raceNo=8
2026-09-29 18:20:00,18:19,2026-09-29,funabashi,8,5,三連複,1-7-12,384.0,384.0,139,https://www.keiba.go.jp/KeibaWeb/TodayRaceInfo/Odds3LenFuku?k_babaCode=19&k_raceDate=2026%2F09%2F29&k_raceNo=8
2026-09-29 18:20:00,18:19,2026-09-29,funabashi,8,5,三連複,2-5-13,384.0,384.0,139,https://www.keiba.go.jp/KeibaWeb/TodayRaceInfo/Odds3LenFuku?k_babaCode=19&k_raceDate=2026%2F09%2F29&k_raceNo=8
2026-09-29 18:20:00,18:19,2026-09-29,funabashi,8,5,三連複,4-6-11,391.6,391.6,141,https://www.keiba.go.jp/KeibaWeb/TodayRaceInfo/Odds3LenFuku?k_babaCode=19&k_raceDate=2026%2F09%2F29&k_raceNo=8
2026-09-29 18:20:00,18:19,2026-09-29,funabashi,8,5,三連複,5-8-14,393.2,393.2,142,https://www.keiba.go.jp/KeibaWeb/TodayRaceInfo/Odds3LenFuku?k_babaCode=19&k_raceDate=2026%2F09%2F29&k_raceNo=8
2026-09-29 18:20:00,18:19,2026-09-29,funabashi,8,5,三連複,2-12-13,397.9,397.9,143,https://www.keiba.go.jp/KeibaWeb/TodayRaceInfo/Odds3LenFuku?k_babaCode=19&k_raceDate=2026%2F09%2F29&k_raceNo=8
2026-09-29 18:20:00,18:19,2026-09-29,funabashi,8,5,三連複,2-12-14,399.6,399.6,144,https://www.keiba.go.jp/KeibaWeb/TodayRaceInfo/Odds3LenFuku?k_babaCode=19&k_raceDate=2026%2F09%2F29&k_raceNo=8
2026-09-29 18:20:00,18:19,2026-09-29,funabashi,8,5,三連複,7-10-12,407.8,407.8,145,https://www.keiba.go.jp/KeibaWeb/TodayRaceInfo/Odds3LenFuku?k_babaCode=19&k_raceDate=2026%2F09%2F29&k_raceNo=8
2026-09-29 18:20:00,18:19,2026-09-29,funabashi,8,5,三連複,5-7-13,411.2,411.2,146,https://www.keiba.go.jp/KeibaWeb/TodayRaceInfo/Odds3LenFuku?k_babaCode=19&k_raceDate=2026%2F09%2F29&k_raceNo=8
2026-09-29 18:20:00,18:19,2026-09-29,funabashi,8,5,三連複,5-8-13,411.2,411.2,146,https://www.keiba.go.jp/KeibaWeb/TodayRaceInfo/Odds3LenFuku?k_babaCode=19&k_raceDate=2026%2F09%2F29&k_raceNo=8
2026-09-29 18:20:00,18:19,2026-09-29,funabashi,8,5,三連複,2-8-14,412.9,412.9,148,https://www.keiba.go.jp/KeibaWeb/TodayRaceInfo/Odds3LenFuku?k_babaCode=19&k_raceDate=2026%2F09%2F29&k_raceNo=8
2026-09-29 18:20:00,18:19,2026-09-29,funabashi,8,5,三連複,3-8-14,423.6,423.6,149,https://www.keiba.go.jp/KeibaWeb/TodayRaceInfo/Odds3LenFuku?k_babaCode=19&k_raceDate=2026%2F09%2F29&k_raceNo=8
2026-09-29 18:20:00,18:19,2026-09-29,funabashi,8,5,三連複,1-3-13,429.1,429.1,150,https://www.keiba.go.jp/KeibaWeb/TodayRaceInfo/Odds3LenFuku?k_babaCode=19&k_raceDate=2026%2F09%2F29&k_raceNo=8
2026-09-29 18:20:00,18:19,2026-09-29,funabashi,8,5,三連複,2-10-12,431.0,431.0,151,https://www.keiba.go.jp/KeibaWeb/TodayRaceInfo/Odds3LenFuku?k_babaCode=19&k_raceDate=2026%2F09%2F29&k_raceNo=8
2026-09-29 18:20:00,18:19,2026-09-29,funabashi,8,5,三連複,6-9-10,431.0,431.0,151,https://www.keiba.go.jp/KeibaWeb/TodayRaceInfo/Odds3LenFuku?k_babaCode=19&k_raceDate=2026%2F09%2F29&k_raceNo=8
2026-09-29 18:20:00,18:19,2026-09-29,funabashi,8,5,三連複,1-4-11,434.8,434.8,153,https://www.keiba.go.jp/KeibaWeb/TodayRaceInfo/Odds3LenFuku?k_babaCode=19&k_raceDate=2026%2F09%2F29&k_raceNo=8
2026-09-29 18:20:00,18:19,2026-09-29,funabashi,8,5,三連複,3-12-13,434.8,434.8,153,https://www.keiba.go.jp/KeibaWeb/TodayRaceInfo/Odds3LenFuku?k_babaCode=19&k_raceDate=2026%2F09%2F29&k_raceNo=8
2026-09-29 18:20:00,18:19,2026-09-29,funabashi,8,5,三連複,9-12-14,436.7,436.7,155,https://www.keiba.go.jp/KeibaWeb/TodayRaceInfo/Odds3LenFuku?k_babaCode=19&k_raceDate=2026%2F09%2F29&k_raceNo=8
2026-09-29 18:20:00,18:19,2026-09-29,funabashi,8,5,三連複,1-8-12,444.6,444.6,156,https://www.keiba.go.jp/KeibaWeb/TodayRaceInfo/Odds3LenFuku?k_babaCode=19&k_raceDate=2026%2F09%2F29&k_raceNo=8
2026-09-29 18:20:00,18:19,2026-09-29,funabashi,8,5,三連複,7-12-14,446.6,446.6,157,https://www.keiba.go.jp/KeibaWeb/TodayRaceInfo/Odds3LenFuku?k_babaCode=19&k_raceDate=2026%2F09%2F29&k_raceNo=8
2026-09-29 18:20:00,18:19,2026-09-29,funabashi,8,5,三連複,5-8-10,452.7,452.7,158,https://www.keiba.go.jp/KeibaWeb/TodayRaceInfo/Odds3LenFuku?k_babaCode=19&k_raceDate=2026%2F09%2F29&k_raceNo=8
2026-09-29 18:20:00,18:19,2026-09-29,funabashi,8,5,三連複,2-5-10,456.9,456.9,159,https://www.keiba.go.jp/KeibaWeb/TodayRaceInfo/Odds3LenFuku?k_babaCode=19&k_raceDate=2026%2F09%2F29&k_raceNo=8
2026-09-29 18:20:00,18:19,2026-09-29,funabashi,8,5,三連複,10-11-13,459.0,459.0,160,https://www.keiba.go.jp/KeibaWeb/TodayRaceInfo/Odds3LenFuku?k_babaCode=19&k_raceDate=2026%2F09%2F29&k_raceNo=8
2026-09-29 18:20:00,18:19,2026-09-29,funabashi,8,5,三連複,6-7-14,465.5,465.5,161,https://www.keiba.go.jp/KeibaWeb/TodayRaceInfo/Odds3LenFuku?k_babaCode=19&k_raceDate=2026%2F09%2F29&k_raceNo=8
2026-09-29 18:20:00,18:19,2026-09-29,funabashi,8,5,三連複,9-10-12,465.5,465.5,161,https://www.keiba.go.jp/KeibaWeb/TodayRaceInfo/Odds3LenFuku?k_babaCode=19&k_raceDate=2026%2F09%2F29&k_raceNo=8
2026-09-29 18:20:00,18:19,2026-09-29,funabashi,8,5,三連複,2-5-6,472.2,472.2,163,https://www.keiba.go.jp/KeibaWeb/TodayRaceInfo/Odds3LenFuku?k_babaCode=19&k_raceDate=2026%2F09%2F29&k_raceNo=8
2026-09-29 18:20:00,18:19,2026-09-29,funabashi,8,5,三連複,1-9-14,481.4,481.4,164,https://www.keiba.go.jp/KeibaWeb/TodayRaceInfo/Odds3LenFuku?k_babaCode=19&k_raceDate=2026%2F09%2F29&k_raceNo=8
2026-09-29 18:20:00,18:19,2026-09-29,funabashi,8,5,三連複,1-7-10,483.8,483.8,165,https://www.keiba.go.jp/KeibaWeb/TodayRaceInfo/Odds3LenFuku?k_babaCode=19&k_raceDate=2026%2F09%2F29&k_raceNo=8
2026-09-29 18:20:00,18:19,2026-09-29,funabashi,8,5,三連複,2-5-14,483.8,483.8,165,https://www.keiba.go.jp/KeibaWeb/TodayRaceInfo/Odds3LenFuku?k_babaCode=19&k_raceDate=2026%2F09%2F29&k_raceNo=8
2026-09-29 18:20:00,18:19,2026-09-29,funabashi,8,5,三連複,3-6-10,486.2,486.2,167,https://www.keiba.go.jp/KeibaWeb/TodayRaceInfo/Odds3LenFuku?k_babaCode=19&k_raceDate=2026%2F09%2F29&k_raceNo=8
2026-09-29 18:20:00,18:19,2026-09-29,funabashi,8,5,三連複,1-5-7,488.6,488.6,168,https://www.keiba.go.jp/KeibaWeb/TodayRaceInfo/Odds3LenFuku?k_babaCode=19&k_raceDate=2026%2F09%2F29&k_raceNo=8
2026-09-29 18:20:00,18:19,2026-09-29,funabashi,8,5,三連複,9-10-14,488.6,488.6,168,https://www.keiba.go.jp/KeibaWeb/TodayRaceInfo/Odds3LenFuku?k_babaCode=19&k_raceDate=2026%2F09%2F29&k_raceNo=8
2026-09-29 18:20:00,18:19,2026-09-29,funabashi,8,5,三連複,4-11-12,491.0,491.0,170,https://www.keiba.go.jp/KeibaWeb/TodayRaceInfo/Odds3LenFuku?k_babaCode=19&k_raceDate=2026%2F09%2F29&k_raceNo=8
2026-09-29 18:20:00,18:19,2026-09-29,funabashi,8,5,三連複,1-6-8,493.5,493.5,171,https://www.keiba.go.jp/KeibaWeb/TodayRaceInfo/Odds3LenFuku?k_babaCode=19&k_raceDate=2026%2F09%2F29&k_raceNo=8
2026-09-29 18:20:00,18:19,2026-09-29,funabashi,8,5,三連複,1-8-10,495.9,495.9,172,https://www.keiba.go.jp/KeibaWeb/TodayRaceInfo/Odds3LenFuku?k_babaCode=19&k_raceDate=2026%2F09%2F29&k_raceNo=8
2026-09-29 18:20:00,18:19,2026-09-29,funabashi,8,5,三連複,6-7-12,495.9,495.9,172,https://www.keiba.go.jp/KeibaWeb/TodayRaceInfo/Odds3LenFuku?k_babaCode=19&k_raceDate=2026%2F09%2F29&k_raceNo=8
2026-09-29 18:20:00,18:19,2026-09-29,funabashi,8,5,三連複,2-8-10,501.0,501.0,174,https://www.keiba.go.jp/KeibaWeb/TodayRaceInfo/Odds3LenFuku?k_babaCode=19&k_raceDate=2026%2F09%2F29&k_raceNo=8
2026-09-29 18:20:00,18:19,2026-09-29,funabashi,8,5,三連複,5-9-13,503.5,503.5,175,https://www.keiba.go.jp/KeibaWeb/TodayRaceInfo/Odds3LenFuku?k_babaCode=19&k_raceDate=2026%2F09%2F29&k_raceNo=8
2026-09-29 18:20:00,18:19,2026-09-29,funabashi,8,5,三連複,5-8-12,508.7,508.7,176,https://www.keiba.go.jp/KeibaWeb/TodayRaceInfo/Odds3LenFuku?k_babaCode=19&k_raceDate=2026%2F09%2F29&k_raceNo=8
2026-09-29 18:20:00,18:19,2026-09-29,funabashi,8,5,三連複,1-6-7,511.4,511.4,177,https://www.keiba.go.jp/KeibaWeb/TodayRaceInfo/Odds3LenFuku?k_babaCode=19&k_raceDate=2026%2F09%2F29&k_raceNo=8
2026-09-29 18:20:00,18:19,2026-09-29,funabashi,8,5,三連複,3-6-14,514.0,514.0,178,https://www.keiba.go.jp/KeibaWeb/TodayRaceInfo/Odds3LenFuku?k_babaCode=19&k_raceDate=2026%2F09%2F29&k_raceNo=8
2026-09-29 18:20:00,18:19,2026-09-29,funabashi,8,5,三連複,1-11-13,516.7,516.7,179,https://www.keiba.go.jp/KeibaWeb/TodayRaceInfo/Odds3LenFuku?k_babaCode=19&k_raceDate=2026%2F09%2F29&k_raceNo=8
2026-09-29 18:20:00,18:19,2026-09-29,funabashi,8,5,三連複,4-5-11,516.7,516.7,179,https://www.keiba.go.jp/KeibaWeb/TodayRaceInfo/Odds3LenFuku?k_babaCode=19&k_raceDate=2026%2F09%2F29&k_raceNo=8
2026-09-29 18:20:00,18:19,2026-09-29,funabashi,8,5,三連複,1-2-10,519.4,519.4,181,https://www.keiba.go.jp/KeibaWeb/TodayRaceInfo/Odds3LenFuku?k_babaCode=19&k_raceDate=2026%2F09%2F29&k_raceNo=8
2026-09-29 18:20:00,18:19,2026-09-29,funabashi,8,5,三連複,7-9-13,522.2,522.2,182,https://www.keiba.go.jp/KeibaWeb/TodayRaceInfo/Odds3LenFuku?k_babaCode=19&k_raceDate=2026%2F09%2F29&k_raceNo=8
2026-09-29 18:20:00,18:19,2026-09-29,funabashi,8,5,三連複,5-6-8,525.0,525.0,183,https://www.keiba.go.jp/KeibaWeb/TodayRaceInfo/Odds3LenFuku?k_babaCode=19&k_raceDate=2026%2F09%2F29&k_raceNo=8
2026-09-29 18:20:00,18:19,2026-09-29,funabashi,8,5,三連複,4-10-11,527.8,527.8,184,https://www.keiba.go.jp/KeibaWeb/TodayRaceInfo/Odds3LenFuku?k_babaCode=19&k_raceDate=2026%2F09%2F29&k_raceNo=8
2026-09-29 18:20:00,18:19,2026-09-29,funabashi,8,5,三連複,8-9-14,527.8,527.8,184,https://www.keiba.go.jp/KeibaWeb/TodayRaceInfo/Odds3LenFuku?k_babaCode=19&k_raceDate=2026%2F09%2F29&k_raceNo=8
2026-09-29 18:20:00,18:19,2026-09-29,funabashi,8,5,三連複,1-2-14,533.5,533.5,186,https://www.keiba.go.jp/KeibaWeb/TodayRaceInfo/Odds3LenFuku?k_babaCode=19&k_raceDate=2026%2F09%2F29&k_raceNo=8
2026-09-29 18:20:00,18:19,2026-09-29,funabashi,8,5,三連複,11-12-13,533.5,533.5,186,https://www.keiba.go.jp/KeibaWeb/TodayRaceInfo/Odds3LenFuku?k_babaCode=19&k_raceDate=2026%2F09%2F29&k_raceNo=8
2026-09-29 18:20:00,18:19,2026-09-29,funabashi,8,5,三連複,4-7-9,536.4,536.4,188,https://www.keiba.go.jp/KeibaWeb/TodayRaceInfo/Odds3LenFuku?k_babaCode=19&k_raceDate=2026%2F09%2F29&k_raceNo=8
2026-09-29 18:20:00,18:19,2026-09-29,funabashi,8,5,三連複,2-6-8,539.3,539.3,189,https://www.keiba.go.jp/KeibaWeb/TodayRaceInfo/Odds3LenFuku?k_babaCode=19&k_raceDate=2026%2F09%2F29&k_raceNo=8
2026-09-29 18:20:00,18:19,2026-09-29,funabashi,8,5,三連複,3-4-9,539.3,539.3,189,https://www.keiba.go.jp/KeibaWeb/TodayRaceInfo/Odds3LenFuku?k_babaCode=19&k_raceDate=2026%2F09%2F29&k_raceNo=8
2026-09-29 18:20:00,18:19,2026-09-29,funabashi,8,5,三連複,5-7-12,539.3,539.3,189,https://www.keiba.go.jp/KeibaWeb/TodayRaceInfo/Odds3LenFuku?k_babaCode=19&k_raceDate=2026%2F09%2F29&k_raceNo=8
2026-09-29 18:20:00,18:19,2026-09-29,funabashi,8,5,三連複,2-8-13,542.3,542.3,192,https://www.keiba.go.jp/KeibaWeb/TodayRaceInfo/Odds3LenFuku?k_babaCode=19&k_raceDate=2026%2F09%2F29&k_raceNo=8
2026-09-29 18:20:00,18:19,2026-09-29,funabashi,8,5,三連複,6-11-13,545.3,545.3,193,https://www.keiba.go.jp/KeibaWeb/TodayRaceInfo/Odds3LenFuku?k_babaCode=19&k_raceDate=2026%2F09%2F29&k_raceNo=8
2026-09-29 18:20:00,18:19,2026-09-29,funabashi,8,5,三連複,3-7-13,548.3,548.3,194,https://www.keiba.go.jp/KeibaWeb/TodayRaceInfo/Odds3LenFuku?k_babaCode=19&k_raceDate=2026%2F09%2F29&k_raceNo=8
2026-09-29 18:20:00,18:19,2026-09-29,funabashi,8,5,三連複,1-5-8,554.5,554.5,195,https://www.keiba.go.jp/KeibaWeb/TodayRaceInfo/Odds3LenFuku?k_babaCode=19&k_raceDate=2026%2F09%2F29&k_raceNo=8
2026-09-29 18:20:00,18:19,2026-09-29,funabashi,8,5,三連複,1-3-8,557.6,557.6,196,https://www.keiba.go.jp/KeibaWeb/TodayRaceInfo/Odds3LenFuku?k_babaCode=19&k_raceDate=2026%2F09%2F29&k_raceNo=8
2026-09-29 18:20:00,18:19,2026-09-29,funabashi,8,5,三連複,3-8-13,557.6,557.6,196,https://www.keiba.go.jp/KeibaWeb/TodayRaceInfo/Odds3LenFuku?k_babaCode=19&k_raceDate=2026%2F09%2F29&k_raceNo=8
2026-09-29 18:20:00,18:19,2026-09-29,funabashi,8,5,三連複,6-7-10,557.6,557.6,196,https://www.keiba.go.jp/KeibaWeb/TodayRaceInfo/Odds3LenFuku?k_babaCode=19&k_raceDate=2026%2F09%2F29&k_raceNo=8
2026-09-29 18:20:00,18:19,2026-09-29,funabashi,8,5,三連複,3-12-14,567.2,567.2,199,https://www.keiba.go.jp/KeibaWeb/TodayRaceInfo/Odds3LenFuku?k_babaCode=19&k_raceDate=2026%2F09%2F29&k_raceNo=8
2026-09-29 18:20:00,18:19,2026-09-29,funabashi,8,5,三連複,1-3-5,570.5,570.5,200,https://www.keiba.go.jp/KeibaWeb/TodayRaceInfo/Odds3LenFuku?k_babaCode=19&k_raceDate=2026%2F09%2F29&k_raceNo=8
2026-09-29 18:20:00,18:19,2026-09-29,funabashi,8,5,三連複,11-12-14,573.8,573.8,201,https://www.keiba.go.jp/KeibaWeb/TodayRaceInfo/Odds3LenFuku?k_babaCode=19&k_raceDate=2026%2F09%2F29&k_raceNo=8
2026-09-29 18:20:00,18:19,2026-09-29,funabashi,8,5,三連複,1-3-10,591.0,591.0,202,https://www.keiba.go.jp/KeibaWeb/TodayRaceInfo/Odds3LenFuku?k_babaCode=19&k_raceDate=2026%2F09%2F29&k_raceNo=8
2026-09-29 18:20:00,18:19,2026-09-29,funabashi,8,5,三連複,1-9-10,594.6,594.6,203,https://www.keiba.go.jp/KeibaWeb/TodayRaceInfo/Odds3LenFuku?k_babaCode=19&k_raceDate=2026%2F09%2F29&k_raceNo=8
2026-09-29 18:20:00,18:19,2026-09-29,funabashi,8,5,三連複,3-10-14,594.6,594.6,203,https://www.keiba.go.jp/KeibaWeb/TodayRaceInfo/Odds3LenFuku?k_babaCode=19&k_raceDate=2026%2F09%2F29&k_raceNo=8
2026-09-29 18:20:00,18:19,2026-09-29,funabashi,8,5,三連複,3-4-7,598.2,598.2,205,https://www.keiba.go.jp/KeibaWeb/TodayRaceInfo/Odds3LenFuku?k_babaCode=19&k_raceDate=2026%2F09%2F29&k_raceNo=8
2026-09-29 18:20:00,18:19,2026-09-29,funabashi,8,5,三連複,5-9-12,601.8,601.8,206,https://www.keiba.go.jp/KeibaWeb/TodayRaceInfo/Odds3LenFuku?k_babaCode=19&k_raceDate=2026%2F09%2F29&k_raceNo=8
2026-09-29 18:20:00,18:19,2026-09-29,funabashi,8,5,三連複,5-6-9,609.2,609.2,207,https://www.keiba.go.jp/KeibaWeb/TodayRaceInfo/Odds3LenFuku?k_babaCode=19&k_raceDate=2026%2F09%2F29&k_raceNo=8
2026-09-29 18:20:00,18:19,2026-09-29,funabashi,8,5,三連複,7-10-14,628.6,628.6,208,https://www.keiba.go.jp/KeibaWeb/TodayRaceInfo/Odds3LenFuku?k_babaCode=19&k_raceDate=2026%2F09%2F29&k_raceNo=8
2026-09-29 18:20:00,18:19,2026-09-29,funabashi,8,5,三連複,2-6-9,632.7,632.7,209,https://www.keiba.go.jp/KeibaWeb/TodayRaceInfo/Odds3LenFuku?k_babaCode=19&k_raceDate=2026%2F09%2F29&k_raceNo=8
2026-09-29 18:20:00,18:19,2026-09-29,funabashi,8,5,三連複,1-2-5,636.7,636.7,210,https://www.keiba.go.jp/KeibaWeb/TodayRaceInfo/Odds3LenFuku?k_babaCode=19&k_raceDate=2026%2F09%2F29&k_raceNo=8
2026-09-29 18:20:00,18:19,2026-09-29,funabashi,8,5,三連複,4-7-11,645.1,645.1,211,https://www.keiba.go.jp/KeibaWeb/TodayRaceInfo/Odds3LenFuku?k_babaCode=19&k_raceDate=2026%2F09%2F29&k_raceNo=8
2026-09-29 18:20:00,18:19,2026-09-29,funabashi,8,5,三連複,1-3-14,649.3,649.3,212,https://www.keiba.go.jp/KeibaWeb/TodayRaceInfo/Odds3LenFuku?k_babaCode=19&k_raceDate=2026%2F09%2F29&k_raceNo=8
2026-09-29 18:20:00,18:19,2026-09-29,funabashi,8,5,三連複,5-6-7,653.6,653.6,213,https://www.keiba.go.jp/KeibaWeb/TodayRaceInfo/Odds3LenFuku?k_babaCode=19&k_raceDate=2026%2F09%2F29&k_raceNo=8
2026-09-29 18:20:00,18:19,2026-09-29,funabashi,8,5,三連複,4-7-8,658.0,658.0,214,https://www.keiba.go.jp/KeibaWeb/TodayRaceInfo/Odds3LenFuku?k_babaCode=19&k_raceDate=2026%2F09%2F29&k_raceNo=8
2026-09-29 18:20:00,18:19,2026-09-29,funabashi,8,5,三連複,1-3-6,662.4,662.4,215,https://www.keiba.go.jp/KeibaWeb/TodayRaceInfo/Odds3LenFuku?k_babaCode=19&k_raceDate=2026%2F09%2F29&k_raceNo=8
2026-09-29 18:20:00,18:19,2026-09-29,funabashi,8,5,三連複,3-8-10,676.0,676.0,216,https://www.keiba.go.jp/KeibaWeb/TodayRaceInfo/Odds3LenFuku?k_babaCode=19&k_raceDate=2026%2F09%2F29&k_raceNo=8
2026-09-29 18:20:00,18:19,2026-09-29,funabashi,8,5,三連複,10-11-14,676.0,676.0,216,https://www.keiba.go.jp/KeibaWeb/TodayRaceInfo/Odds3LenFuku?k_babaCode=19&k_raceDate=2026%2F09%2F29&k_raceNo=8
2026-09-29 18:20:00,18:19,2026-09-29,funabashi,8,5,三連複,7-9-12,680.7,680.7,218,https://www.keiba.go.jp/KeibaWeb/TodayRaceInfo/Odds3LenFuku?k_babaCode=19&k_raceDate=2026%2F09%2F29&k_raceNo=8
2026-09-29 18:20:00,18:19,2026-09-29,funabashi,8,5,三連複,3-5-13,685.4,685.4,219,https://www.keiba.go.jp/KeibaWeb/TodayRaceInfo/Odds3LenFuku?k_babaCode=19&k_raceDate=2026%2F09%2F29&k_raceNo=8
2026-09-29 18:20:00,18:19,2026-09-29,funabashi,8,5,三連複,1-11-14,690.2,690.2,220,https://www.keiba.go.jp/KeibaWeb/TodayRaceInfo/Odds3LenFuku?k_babaCode=19&k_raceDate=2026%2F09%2F29&k_raceNo=8
2026-09-29 18:20:00,18:19,2026-09-29,funabashi,8,5,三連複,2-4-11,690.2,690.2,220,https://www.keiba.go.jp/KeibaWeb/TodayRaceInfo/Odds3LenFuku?k_babaCode=19&k_raceDate=2026%2F09%2F29&k_raceNo=8
2026-09-29 18:20:00,18:19,2026-09-29,funabashi,8,5,三連複,3-6-8,690.2,690.2,220,https://www.keiba.go.jp/KeibaWeb/TodayRaceInfo/Odds3LenFuku?k_babaCode=19&k_raceDate=2026%2F09%2F29&k_raceNo=8
2026-09-29 18:20:00,18:19,2026-09-29,funabashi,8,5,三連複,7-8-14,690.2,690.2,220,https://www.keiba.go.jp/KeibaWeb/TodayRaceInfo/Odds3LenFuku?k_babaCode=19&k_raceDate=2026%2F09%2F29&k_raceNo=8
2026-09-29 18:20:00,18:19,2026-09-29,funabashi,8,5,三連複,8-9-12,700.0,700.0,224,https://www.keiba.go.jp/KeibaWeb/TodayRaceInfo/Odds3LenFuku?k_babaCode=19&k_raceDate=2026%2F09%2F29&k_raceNo=8
2026-09-29 18:20:00,18:19,2026-09-29,funabashi,8,5,三連複,1-3-12,705.0,705.0,225,https://www.keiba.go.jp/KeibaWeb/TodayRaceInfo/Odds3LenFuku?k_babaCode=19&k_raceDate=2026%2F09%2F29&k_raceNo=8
2026-09-29 18:20:00,18:19,2026-09-29,funabashi,8,5,三連複,5-9-14,705.0,705.0,225,https://www.keiba.go.jp/KeibaWeb/TodayRaceInfo/Odds3LenFuku?k_babaCode=19&k_raceDate=2026%2F09%2F29&k_raceNo=8
2026-09-29 18:20:00,18:19,2026-09-29,funabashi,8,5,三連複,8-9-13,715.2,715.2,227,https://www.keiba.go.jp/KeibaWeb/TodayRaceInfo/Odds3LenFuku?k_babaCode=19&k_raceDate=2026%2F09%2F29&k_raceNo=8
2026-09-29 18:20:00,18:19,2026-09-29,funabashi,8,5,三連複,8-9-10,720.4,720.4,228,https://www.keiba.go.jp/KeibaWeb/TodayRaceInfo/Odds3LenFuku?k_babaCode=19&k_raceDate=2026%2F09%2F29&k_raceNo=8
2026-09-29 18:20:00,18:19,2026-09-29,funabashi,8,5,三連複,2-9-13,731.1,731.1,229,https://www.keiba.go.jp/KeibaWeb/TodayRaceInfo/Odds3LenFuku?k_babaCode=19&k_raceDate=2026%2F09%2F29&k_raceNo=8
2026-09-29 18:20:00,18:19,2026-09-29,funabashi,8,5,三連複,3-5-10,731.1,731.1,229,https://www.keiba.go.jp/KeibaWeb/TodayRaceInfo/Odds3LenFuku?k_babaCode=19&k_raceDate=2026%2F09%2F29&k_raceNo=8
2026-09-29 18:20:00,18:19,2026-09-29,funabashi,8,5,三連複,2-5-12,742.1,742.1,231,https://www.keiba.go.jp/KeibaWeb/TodayRaceInfo/Odds3LenFuku?k_babaCode=19&k_raceDate=2026%2F09%2F29&k_raceNo=8
2026-09-29 18:20:00,18:19,2026-09-29,funabashi,8,5,三連複,1-2-12,747.7,747.7,232,https://www.keiba.go.jp/KeibaWeb/TodayRaceInfo/Odds3LenFuku?k_babaCode=19&k_raceDate=2026%2F09%2F29&k_raceNo=8
2026-09-29 18:20:00,18:19,2026-09-29,funabashi,8,5,三連複,2-3-14,747.7,747.7,232,https://www.keiba.go.jp/KeibaWeb/TodayRaceInfo/Odds3LenFuku?k_babaCode=19&k_raceDate=2026%2F09%2F29&k_raceNo=8
2026-09-29 18:20:00,18:19,2026-09-29,funabashi,8,5,三連複,2-6-7,747.7,747.7,232,https://www.keiba.go.jp/KeibaWeb/TodayRaceInfo/Odds3LenFuku?k_babaCode=19&k_raceDate=2026%2F09%2F29&k_raceNo=8
2026-09-29 18:20:00,18:19,2026-09-29,funabashi,8,5,三連複,2-7-13,747.7,747.7,232,https://www.keiba.go.jp/KeibaWeb/TodayRaceInfo/Odds3LenFuku?k_babaCode=19&k_raceDate=2026%2F09%2F29&k_raceNo=8
2026-09-29 18:20:00,18:19,2026-09-29,funabashi,8,5,三連複,7-8-12,747.7,747.7,232,https://www.keiba.go.jp/KeibaWeb/TodayRaceInfo/Odds3LenFuku?k_babaCode=19&k_raceDate=2026%2F09%2F29&k_raceNo=8
2026-09-29 18:20:00,18:19,2026-09-29,funabashi,8,5,三連複,6-8-9,753.4,753.4,237,https://www.keiba.go.jp/KeibaWeb/TodayRaceInfo/Odds3LenFuku?k_babaCode=19&k_raceDate=2026%2F09%2F29&k_raceNo=8
2026-09-29 18:20:00,18:19,2026-09-29,funabashi,8,5,三連複,3-8-12,759.2,759.2,238,https://www.keiba.go.jp/KeibaWeb/TodayRaceInfo/Odds3LenFuku?k_babaCode=19&k_raceDate=2026%2F09%2F29&k_raceNo=8
2026-09-29 18:20:00,18:19,2026-09-29,funabashi,8,5,三連複,2-3-6,765.1,765.1,239,https://www.keiba.go.jp/KeibaWeb/TodayRaceInfo/Odds3LenFuku?k_babaCode=19&k_raceDate=2026%2F09%2F29&k_raceNo=8
2026-09-29 18:20:00,18:19,2026-09-29,funabashi,8,5,三連複,2-3-10,765.1,765.1,239,https://www.keiba.go.jp/KeibaWeb/TodayRaceInfo/Odds3LenFuku?k_babaCode=19&k_raceDate=2026%2F09%2F29&k_raceNo=8
2026-09-29 18:20:00,18:19,2026-09-29,funabashi,8,5,三連複,1-5-9,771.1,771.1,241,https://www.keiba.go.jp/KeibaWeb/TodayRaceInfo/Odds3LenFuku?k_babaCode=19&k_raceDate=2026%2F09%2F29&k_raceNo=8
2026-09-29 18:20:00,18:19,2026-09-29,funabashi,8,5,三連複,2-9-14,771.1,771.1,241,https://www.keiba.go.jp/KeibaWeb/TodayRaceInfo/Odds3LenFuku?k_babaCode=19&k_raceDate=2026%2F09%2F29&k_raceNo=8
2026-09-29 18:20:00,18:19,2026-09-29,funabashi,8,5,三連複,3-9-13,771.1,771.1,241,https://www.keiba.go.jp/KeibaWeb/TodayRaceInfo/Odds3LenFuku?k_babaCode=19&k_raceDate=2026%2F09%2F29&k_raceNo=8
2026-09-29 18:20:00,18:19,2026-09-29,funabashi,8,5,三連複,6-11-14,771.1,771.1,241,https://www.keiba.go.jp/KeibaWeb/TodayRaceInfo/Odds3LenFuku?k_babaCode=19&k_raceDate=2026%2F09%2F29&k_raceNo=8
2026-09-29 18:20:00,18:19,2026-09-29,funabashi,8,5,三連複,1-5-11,789.6,789.6,245,https://www.keiba.go.jp/KeibaWeb/TodayRaceInfo/Odds3LenFuku?k_babaCode=19&k_raceDate=2026%2F09%2F29&k_raceNo=8
2026-09-29 18:20:00,18:19,2026-09-29,funabashi,8,5,三連複,1-7-14,789.6,789.6,245,https://www.keiba.go.jp/KeibaWeb/TodayRaceInfo/Odds3LenFuku?k_babaCode=19&k_raceDate=2026%2F09%2F29&k_raceNo=8
2026-09-29 18:20:00,18:19,2026-09-29,funabashi,8,5,三連複,2-3-13,789.6,789.6,245,https://www.keiba.go.jp/KeibaWeb/TodayRaceInfo/Odds3LenFuku?k_babaCode=19&k_raceDate=2026%2F09%2F29&k_raceNo=8
2026-09-29 18:20:00,18:19,2026-09-29,funabashi,8,5,三連複,3-5-12,789.6,789.6,245,https://www.keiba.go.jp/KeibaWeb/TodayRaceInfo/Odds3LenFuku?k_babaCode=19&k_raceDate=2026%2F09%2F29&k_raceNo=8
2026-09-29 18:20:00,18:19,2026-09-29,funabashi,8,5,三連複,5-7-10,789.6,789.6,245,https://www.keiba.go.jp/KeibaWeb/TodayRaceInfo/Odds3LenFuku?k_babaCode=19&k_raceDate=2026%2F09%2F29&k_raceNo=8
2026-09-29 18:20:00,18:19,2026-09-29,funabashi,8,5,三連複,5-9-10,802.4,802.4,250,https://www.keiba.go.jp/KeibaWeb/TodayRaceInfo/Odds3LenFuku?k_babaCode=19&k_raceDate=2026%2F09%2F29&k_raceNo=8
2026-09-29 18:20:00,18:19,2026-09-29,funabashi,8,5,三連複,1-2-8,809.0,809.0,251,https://www.keiba.go.jp/KeibaWeb/TodayRaceInfo/Odds3LenFuku?k_babaCode=19&k_raceDate=2026%2F09%2F29&k_raceNo=8
2026-09-29 18:20:00,18:19,2026-09-29,funabashi,8,5,三連複,7-11-13,809.0,809.0,251,https://www.keiba.go.jp/KeibaWeb/TodayRaceInfo/Odds3LenFuku?k_babaCode=19&k_raceDate=2026%2F09%2F29&k_raceNo=8
2026-09-29 18:20:00,18:19,2026-09-29,funabashi,8,5,三連複,3-7-12,822.5,822.5,253,https://www.keiba.go.jp/KeibaWeb/TodayRaceInfo/Odds3LenFuku?k_babaCode=19&k_raceDate=2026%2F09%2F29&k_raceNo=8
2026-09-29 18:20:00,18:19,2026-09-29,funabashi,8,5,三連複,5-11-13,822.5,822.5,253,https://www.keiba.go.jp/KeibaWeb/TodayRaceInfo/Odds3LenFuku?k_babaCode=19&k_raceDate=2026%2F09%2F29&k_raceNo=8
2026-09-29 18:20:00,18:19,2026-09-29,funabashi,8,5,三連複,1-11-12,829.4,829.4,255,https://www.keiba.go.jp/KeibaWeb/TodayRaceInfo/Odds3LenFuku?k_babaCode=19&k_raceDate=2026%2F09%2F29&k_raceNo=8
2026-09-29 18:20:00,18:19,2026-09-29,funabashi,8,5,三連複,4-9-11,829.4,829.4,255,https://www.keiba.go.jp/KeibaWeb/TodayRaceInfo/Odds3LenFuku?k_babaCode=19&k_raceDate=2026%2F09%2F29&k_raceNo=8
2026-09-29 18:20:00,18:19,2026-09-29,funabashi,8,5,三連複,3-9-12,836.4,836.4,257,https://www.keiba.go.jp/KeibaWeb/TodayRaceInfo/Odds3LenFuku?k_babaCode=19&k_raceDate=2026%2F09%2F29&k_raceNo=8
2026-09-29 18:20:00,18:19,2026-09-29,funabashi,8,5,三連複,6-7-8,836.4,836.4,257,https://www.keiba.go.jp/KeibaWeb/TodayRaceInfo/Odds3LenFuku?k_babaCode=19&k_raceDate=2026%2F09%2F29&k_raceNo=8
2026-09-29 18:20:00,18:19,2026-09-29,funabashi,8,5,三連複,3-5-6,843.6,843.6,259,https://www.keiba.go.jp/KeibaWeb/TodayRaceInfo/Odds3LenFuku?k_babaCode=19&k_raceDate=2026%2F09%2F29&k_raceNo=8
2026-09-29 18:20:00,18:19,2026-09-29,funabashi,8,5,三連複,1-3-9,858.2,858.2,260,https://www.keiba.go.jp/KeibaWeb/TodayRaceInfo/Odds3LenFuku?k_babaCode=19&k_raceDate=2026%2F09%2F29&k_raceNo=8
2026-09-29 18:20:00,18:19,2026-09-29,funabashi,8,5,三連複,2-8-12,858.2,858.2,260,https://www.keiba.go.jp/KeibaWeb/TodayRaceInfo/Odds3LenFuku?k_babaCode=19&k_raceDate=2026%2F09%2F29&k_raceNo=8
2026-09-29 18:20:00,18:19,2026-09-29,funabashi,8,5,三連複,3-5-8,858.2,858.2,260,https://www.keiba.go.jp/KeibaWeb/TodayRaceInfo/Odds3LenFuku?k_babaCode=19&k_raceDate=2026%2F09%2F29&k_raceNo=8
2026-09-29 18:20:00,18:19,2026-09-29,funabashi,8,5,三連複,4-8-11,858.2,858.2,260,https://www.keiba.go.jp/KeibaWeb/TodayRaceInfo/Odds3LenFuku?k_babaCode=19&k_raceDate=2026%2F09%2F29&k_raceNo=8
2026-09-29 18:20:00,18:19,2026-09-29,funabashi,8,5,三連複,8-11-14,858.2,858.2,260,https://www.keiba.go.jp/KeibaWeb/TodayRaceInfo/Odds3LenFuku?k_babaCode=19&k_raceDate=2026%2F09%2F29&k_raceNo=8
2026-09-29 18:20:00,18:19,2026-09-29,funabashi,8,5,三連複,6-11-12,873.4,873.4,265,https://www.keiba.go.jp/KeibaWeb/TodayRaceInfo/Odds3LenFuku?k_babaCode=19&k_raceDate=2026%2F09%2F29&k_raceNo=8
2026-09-29 18:20:00,18:19,2026-09-29,funabashi,8,5,三連複,3-6-12,889.2,889.2,266,https://www.keiba.go.jp/KeibaWeb/TodayRaceInfo/Odds3LenFuku?k_babaCode=19&k_raceDate=2026%2F09%2F29&k_raceNo=8
2026-09-29 18:20:00,18:19,2026-09-29,funabashi,8,5,三連複,3-5-14,897.3,897.3,267,https://www.keiba.go.jp/KeibaWeb/TodayRaceInfo/Odds3LenFuku?k_babaCode=19&k_raceDate=2026%2F09%2F29&k_raceNo=8
2026-09-29 18:20:00,18:19,2026-09-29,funabashi,8,5,三連複,2-9-10,905.5,905.5,268,https://www.keiba.go.jp/KeibaWeb/TodayRaceInfo/Odds3LenFuku?k_babaCode=19&k_raceDate=2026%2F09%2F29&k_raceNo=8
2026-09-29 18:20:00,18:19,2026-09-29,funabashi,8,5,三連複,3-10-12,905.5,905.5,268,https://www.keiba.go.jp/KeibaWeb/TodayRaceInfo/Odds3LenFuku?k_babaCode=19&k_raceDate=2026%2F09%2F29&k_raceNo=8
2026-09-29 18:20:00,18:19,2026-09-29,funabashi,8,5,三連複,7-8-13,905.5,905.5,268,https://www.keiba.go.jp/KeibaWeb/TodayRaceInfo/Odds3LenFuku?k_babaCode=19&k_raceDate=2026%2F09%2F29&k_raceNo=8
2026-09-29 18:20:00,18:19,2026-09-29,funabashi,8,5,三連複,1-6-11,913.9,913.9,271,https://www.keiba.go.jp/KeibaWeb/TodayRaceInfo/Odds3LenFuku?k_babaCode=19&k_raceDate=2026%2F09%2F29&k_raceNo=8
2026-09-29 18:20:00,18:19,2026-09-29,funabashi,8,5,三連複,1-2-3,922.4,922.4,272,https://www.keiba.go.jp/KeibaWeb/TodayRaceInfo/Odds3LenFuku?k_babaCode=19&k_raceDate=2026%2F09%2F29&k_raceNo=8
2026-09-29 18:20:00,18:19,2026-09-29,funabashi,8,5,三連複,2-5-8,922.4,922.4,272,https://www.keiba.go.jp/KeibaWeb/TodayRaceInfo/Odds3LenFuku?k_babaCode=19&k_raceDate=2026%2F09%2F29&k_raceNo=8
2026-09-29 18:20:00,18:19,2026-09-29,funabashi,8,5,三連複,3-6-9,922.4,922.4,272,https://www.keiba.go.jp/KeibaWeb/TodayRaceInfo/Odds3LenFuku?k_babaCode=19&k_raceDate=2026%2F09%2F29&k_raceNo=8
2026-09-29 18:20:00,18:19,2026-09-29,funabashi,8,5,三連複,5-7-14,922.4,922.4,272,https://www.keiba.go.jp/KeibaWeb/TodayRaceInfo/Odds3LenFuku?k_babaCode=19&k_raceDate=2026%2F09%2F29&k_raceNo=8
2026-09-29 18:20:00,18:19,2026-09-29,funabashi,8,5,三連複,1-8-9,940.0,940.0,276,https://www.keiba.go.jp/KeibaWeb/TodayRaceInfo/Odds3LenFuku?k_babaCode=19&k_raceDate=2026%2F09%2F29&k_raceNo=8
2026-09-29 18:20:00,18:19,2026-09-29,funabashi,8,5,三連複,2-7-10,940.0,940.0,276,https://www.keiba.go.jp/KeibaWeb/TodayRaceInfo/Odds3LenFuku?k_babaCode=19&k_raceDate=2026%2F09%2F29&k_raceNo=8
2026-09-29 18:20:00,18:19,2026-09-29,funabashi,8,5,三連複,2-3-8,958.2,958.2,278,https://www.keiba.go.jp/KeibaWeb/TodayRaceInfo/Odds3LenFuku?k_babaCode=19&k_raceDate=2026%2F09%2F29&k_raceNo=8
2026-09-29 18:20:00,18:19,2026-09-29,funabashi,8,5,三連複,2-7-14,967.6,967.6,279,https://www.keiba.go.jp/KeibaWeb/TodayRaceInfo/Odds3LenFuku?k_babaCode=19&k_raceDate=2026%2F09%2F29&k_raceNo=8
2026-09-29 18:20:00,18:19,2026-09-29,funabashi,8,5,三連複,3-4-11,997.0,997.0,280,https://www.keiba.go.jp/KeibaWeb/TodayRaceInfo/Odds3LenFuku?k_babaCode=19&k_raceDate=2026%2F09%2F29&k_raceNo=8
2026-09-29 18:20:00,18:19,2026-09-29,funabashi,8,5,三連複,3-7-14,1007.1,1007.1,281,https://www.keiba.go.jp/KeibaWeb/TodayRaceInfo/Odds3LenFuku?k_babaCode=19&k_raceDate=2026%2F09%2F29&k_raceNo=8
2026-09-29 18:20:00,18:19,2026-09-29,funabashi,8,5,三連複,7-9-14,1017.5,1017.5,282,https://www.keiba.go.jp/KeibaWeb/TodayRaceInfo/Odds3LenFuku?k_babaCode=19&k_raceDate=2026%2F09%2F29&k_raceNo=8
2026-09-29 18:20:00,18:19,2026-09-29,funabashi,8,5,三連複,1-7-8,1028.1,1028.1,283,https://www.keiba.go.jp/KeibaWeb/TodayRaceInfo/Odds3LenFuku?k_babaCode=19&k_raceDate=2026%2F09%2F29&k_raceNo=8
2026-09-29 18:20:00,18:19,2026-09-29,funabashi,8,5,三連複,3-9-14,1028.1,1028.1,283,https://www.keiba.go.jp/KeibaWeb/TodayRaceInfo/Odds3LenFuku?k_babaCode=19&k_raceDate=2026%2F09%2F29&k_raceNo=8
2026-09-29 18:20:00,18:19,2026-09-29,funabashi,8,5,三連複,1-7-9,1038.9,1038.9,285,https://www.keiba.go.jp/KeibaWeb/TodayRaceInfo/Odds3LenFuku?k_babaCode=19&k_raceDate=2026%2F09%2F29&k_raceNo=8
2026-09-29 18:20:00,18:19,2026-09-29,funabashi,8,5,三連複,1-10-11,1038.9,1038.9,285,https://www.keiba.go.jp/KeibaWeb/TodayRaceInfo/Odds3LenFuku?k_babaCode=19&k_raceDate=2026%2F09%2F29&k_raceNo=8
2026-09-29 18:20:00,18:19,2026-09-29,funabashi,8,5,三連複,2-9-12,1038.9,1038.9,285,https://www.keiba.go.jp/KeibaWeb/TodayRaceInfo/Odds3LenFuku?k_babaCode=19&k_raceDate=2026%2F09%2F29&k_raceNo=8
2026-09-29 18:20:00,18:19,2026-09-29,funabashi,8,5,三連複,7-8-10,1038.9,1038.9,285,https://www.keiba.go.jp/KeibaWeb/TodayRaceInfo/Odds3LenFuku?k_babaCode=19&k_raceDate=2026%2F09%2F29&k_raceNo=8
2026-09-29 18:20:00,18:19,2026-09-29,funabashi,8,5,三連複,6-10-11,1050.0,1050.0,289,https://www.keiba.go.jp/KeibaWeb/TodayRaceInfo/Odds3LenFuku?k_babaCode=19&k_raceDate=2026%2F09%2F29&k_raceNo=8
2026-09-29 18:20:00,18:19,2026-09-29,funabashi,8,5,三連複,10-11-12,1050.0,1050.0,289,https://www.keiba.go.jp/KeibaWeb/TodayRaceInfo/Odds3LenFuku?k_babaCode=19&k_raceDate=2026%2F09%2F29&k_raceNo=8
2026-09-29 18:20:00,18:19,2026-09-29,funabashi,8,5,三連複,1-3-7,1072.8,1072.8,291,https://www.keiba.go.jp/KeibaWeb/TodayRaceInfo/Odds3LenFuku?k_babaCode=19&k_raceDate=2026%2F09%2F29&k_raceNo=8
2026-09-29 18:20:00,18:19,2026-09-29,funabashi,8,5,三連複,3-11-13,1084.6,1084.6,292,https://www.keiba.go.jp/KeibaWeb/TodayRaceInfo/Odds3LenFuku?k_babaCode=19&k_raceDate=2026%2F09%2F29&k_raceNo=8
2026-09-29 18:20:00,18:19,2026-09-29,funabashi,8,5,三連複,6-9-11,1084.6,1084.6,292,https://www.keiba.go.jp/KeibaWeb/TodayRaceInfo/Odds3LenFuku?k_babaCode=19&k_raceDate=2026%2F09%2F29&k_raceNo=8
2026-09-29 18:20:00,18:19,2026-09-29,funabashi,8,5,三連複,6-7-9,1096.7,1096.7,294,https://www.keiba.go.jp/KeibaWeb/TodayRaceInfo/Odds3LenFuku?k_babaCode=19&k_raceDate=2026%2F09%2F29&k_raceNo=8
2026-09-29 18:20:00,18:19,2026-09-29,funabashi,8,5,三連複,3-11-14,1109.0,1109.0,295,https://www.keiba.go.jp/KeibaWeb/TodayRaceInfo/Odds3LenFuku?k_babaCode=19&k_raceDate=2026%2F09%2F29&k_raceNo=8
2026-09-29 18:20:00,18:19,2026-09-29,funabashi,8,5,三連複,1-2-9,1121.6,1121.6,296,https://www.keiba.go.jp/KeibaWeb/TodayRaceInfo/Odds3LenFuku?k_babaCode=19&k_raceDate=2026%2F09%2F29&k_raceNo=8
2026-09-29 18:20:00,18:19,2026-09-29,funabashi,8,5,三連複,8-11-13,1121.6,1121.6,296,https://www.keiba.go.jp/KeibaWeb/TodayRaceInfo/Odds3LenFuku?k_babaCode=19&k_raceDate=2026%2F09%2F29&k_raceNo=8
2026-09-29 18:20:00,18:19,2026-09-29,funabashi,8,5,三連複,3-5-7,1175.0,1175.0,298,https://www.keiba.go.jp/KeibaWeb/TodayRaceInfo/Odds3LenFuku?k_babaCode=19&k_raceDate=2026%2F09%2F29&k_raceNo=8
2026-09-29 18:20:00,18:19,2026-09-29,funabashi,8,5,三連複,2-3-5,1189.2,1189.2,299,https://www.keiba.go.jp/KeibaWeb/TodayRaceInfo/Odds3LenFuku?k_babaCode=19&k_raceDate=2026%2F09%2F29&k_raceNo=8
2026-09-29 18:20:00,18:19,2026-09-29,funabashi,8,5,三連複,6-8-11,1189.2,1189.2,299,https://www.keiba.go.jp/KeibaWeb/TodayRaceInfo/Odds3LenFuku?k_babaCode=19&k_raceDate=2026%2F09%2F29&k_raceNo=8
2026-09-29 18:20:00,18:19,2026-09-29,funabashi,8,5,三連複,9-11-13,1189.2,1189.2,299,https://www.keiba.go.jp/KeibaWeb/TodayRaceInfo/Odds3LenFuku?k_babaCode=19&k_raceDate=2026%2F09%2F29&k_raceNo=8
2026-09-29 18:20:00,18:19,2026-09-29,funabashi,8,5,三連複,1-2-7,1203.7,1203.7,302,https://www.keiba.go.jp/KeibaWeb/TodayRaceInfo/Odds3LenFuku?k_babaCode=19&k_raceDate=2026%2F09%2F29&k_raceNo=8
2026-09-29 18:20:00,18:19,2026-09-29,funabashi,8,5,三連複,2-7-12,1203.7,1203.7,302,https://www.keiba.go.jp/KeibaWeb/TodayRaceInfo/Odds3LenFuku?k_babaCode=19&k_raceDate=2026%2F09%2F29&k_raceNo=8
2026-09-29 18:20:00,18:19,2026-09-29,funabashi,8,5,三連複,2-8-9,1218.5,1218.5,304,https://www.keiba.go.jp/KeibaWeb/TodayRaceInfo/Odds3LenFuku?k_babaCode=19&k_raceDate=2026%2F09%2F29&k_raceNo=8
2026-09-29 18:20:00,18:19,2026-09-29,funabashi,8,5,三連複,3-7-11,1249.4,1249.4,305,https://www.keiba.go.jp/KeibaWeb/TodayRaceInfo/Odds3LenFuku?k_babaCode=19&k_raceDate=2026%2F09%2F29&k_raceNo=8
2026-09-29 18:20:00,18:19,2026-09-29,funabashi,8,5,三連複,5-7-8,1249.4,1249.4,305,https://www.keiba.go.jp/KeibaWeb/TodayRaceInfo/Odds3LenFuku?k_babaCode=19&k_raceDate=2026%2F09%2F29&k_raceNo=8
2026-09-29 18:20:00,18:19,2026-09-29,funabashi,8,5,三連複,5-6-11,1265.4,1265.4,307,https://www.keiba.go.jp/KeibaWeb/TodayRaceInfo/Odds3LenFuku?k_babaCode=19&k_raceDate=2026%2F09%2F29&k_raceNo=8
2026-09-29 18:20:00,18:19,2026-09-29,funabashi,8,5,三連複,7-9-10,1265.4,1265.4,307,https://www.keiba.go.jp/KeibaWeb/TodayRaceInfo/Odds3LenFuku?k_babaCode=19&k_raceDate=2026%2F09%2F29&k_raceNo=8
2026-09-29 18:20:00,18:19,2026-09-29,funabashi,8,5,三連複,2-5-9,1298.7,1298.7,309,https://www.keiba.go.jp/KeibaWeb/TodayRaceInfo/Odds3LenFuku?k_babaCode=19&k_raceDate=2026%2F09%2F29&k_raceNo=8
2026-09-29 18:20:00,18:19,2026-09-29,funabashi,8,5,三連複,5-8-9,1298.7,1298.7,309,https://www.keiba.go.jp/KeibaWeb/TodayRaceInfo/Odds3LenFuku?k_babaCode=19&k_raceDate=2026%2F09%2F29&k_raceNo=8
2026-09-29 18:20:00,18:19,2026-09-29,funabashi,8,5,三連複,3-6-7,1352.1,1352.1,311,https://www.keiba.go.jp/KeibaWeb/TodayRaceInfo/Odds3LenFuku?k_babaCode=19&k_raceDate=2026%2F09%2F29&k_raceNo=8
2026-09-29 18:20:00,18:19,2026-09-29,funabashi,8,5,三連複,9-11-12,1352.1,1352.1,311,https://www.keiba.go.jp/KeibaWeb/TodayRaceInfo/Odds3LenFuku?k_babaCode=19&k_raceDate=2026%2F09%2F29&k_raceNo=8
2026-09-29 18:20:00,18:19,2026-09-29,funabashi,8,5,三連複,3-8-9,1370.8,1370.8,313,https://www.keiba.go.jp/KeibaWeb/TodayRaceInfo/Odds3LenFuku?k_babaCode=19&k_raceDate=2026%2F09%2F29&k_raceNo=8
2026-09-29 18:20:00,18:19,2026-09-29,funabashi,8,5,三連複,2-5-7,1390.1,1390.1,314,https://www.keiba.go.jp/KeibaWeb/TodayRaceInfo/Odds3LenFuku?k_babaCode=19&k_raceDate=2026%2F09%2F29&k_raceNo=8
2026-09-29 18:20:00,18:19,2026-09-29,funabashi,8,5,三連複,3-7-10,1410.0,1410.0,315,https://www.keiba.go.jp/KeibaWeb/TodayRaceInfo/Odds3LenFuku?k_babaCode=19&k_raceDate=2026%2F09%2F29&k_raceNo=8
2026-09-29 18:20:00,18:19,2026-09-29,funabashi,8,5,三連複,2-11-13,1430.4,1430.4,316,https://www.keiba.go.jp/KeibaWeb/TodayRaceInfo/Odds3LenFuku?k_babaCode=19&k_raceDate=2026%2F09%2F29&k_raceNo=8
2026-09-29 18:20:00,18:19,2026-09-29,funabashi,8,5,三連複,3-7-8,1430.4,1430.4,316,https://www.keiba.go.jp/KeibaWeb/TodayRaceInfo/Odds3LenFuku?k_babaCode=19&k_raceDate=2026%2F09%2F29&k_raceNo=8
2026-09-29 18:20:00,18:19,2026-09-29,funabashi,8,5,三連複,7-11-12,1430.4,1430.4,316,https://www.keiba.go.jp/KeibaWeb/TodayRaceInfo/Odds3LenFuku?k_babaCode=19&k_raceDate=2026%2F09%2F29&k_raceNo=8
2026-09-29 18:20:00,18:19,2026-09-29,funabashi,8,5,三連複,7-11-14,1430.4,1430.4,316,https://www.keiba.go.jp/KeibaWeb/TodayRaceInfo/Odds3LenFuku?k_babaCode=19&k_raceDate=2026%2F09%2F29&k_raceNo=8
2026-09-29 18:20:00,18:19,2026-09-29,funabashi,8,5,三連複,2-6-11,1451.5,1451.5,320,https://www.keiba.go.jp/KeibaWeb/TodayRaceInfo/Odds3LenFuku?k_babaCode=19&k_raceDate=2026%2F09%2F29&k_raceNo=8
2026-09-29 18:20:00,18:19,2026-09-29,funabashi,8,5,三連複,5-10-11,1451.5,1451.5,320,https://www.keiba.go.jp/KeibaWeb/TodayRaceInfo/Odds3LenFuku?k_babaCode=19&k_raceDate=2026%2F09%2F29&k_raceNo=8
2026-09-29 18:20:00,18:19,2026-09-29,funabashi,8,5,三連複,2-7-8,1473.1,1473.1,322,https://www.keiba.go.jp/KeibaWeb/TodayRaceInfo/Odds3LenFuku?k_babaCode=19&k_raceDate=2026%2F09%2F29&k_raceNo=8
2026-09-29 18:20:00,18:19,2026-09-29,funabashi,8,5,三連複,3-9-10,1473.1,1473.1,322,https://www.keiba.go.jp/KeibaWeb/TodayRaceInfo/Odds3LenFuku?k_babaCode=19&k_raceDate=2026%2F09%2F29&k_raceNo=8
2026-09-29 18:20:00,18:19,2026-09-29,funabashi,8,5,三連複,5-11-14,1473.1,1473.1,322,https://www.keiba.go.jp/KeibaWeb/TodayRaceInfo/Odds3LenFuku?k_babaCode=19&k_raceDate=2026%2F09%2F29&k_raceNo=8
2026-09-29 18:20:00,18:19,2026-09-29,funabashi,8,5,三連複,1-7-11,1495.5,1495.5,325,https://www.keiba.go.jp/KeibaWeb/TodayRaceInfo/Odds3LenFuku?k_babaCode=19&k_raceDate=2026%2F09%2F29&k_raceNo=8
2026-09-29 18:20:00,18:19,2026-09-29,funabashi,8,5,三連複,2-3-12,1495.5,1495.5,325,https://www.keiba.go.jp/KeibaWeb/TodayRaceInfo/Odds3LenFuku?k_babaCode=19&k_raceDate=2026%2F09%2F29&k_raceNo=8
2026-09-29 18:20:00,18:19,2026-09-29,funabashi,8,5,三連複,3-11-12,1518.5,1518.5,327,https://www.keiba.go.jp/KeibaWeb/TodayRaceInfo/Odds3LenFuku?k_babaCode=19&k_raceDate=2026%2F09%2F29&k_raceNo=8
2026-09-29 18:20:00,18:19,2026-09-29,funabashi,8,5,三連複,2-11-14,1542.2,1542.2,328,https://www.keiba.go.jp/KeibaWeb/TodayRaceInfo/Odds3LenFuku?k_babaCode=19&k_raceDate=2026%2F09%2F29&k_raceNo=8
2026-09-29 18:20:00,18:19,2026-09-29,funabashi,8,5,三連複,1-8-11,1566.7,1566.7,329,https://www.keiba.go.jp/KeibaWeb/TodayRaceInfo/Odds3LenFuku?k_babaCode=19&k_raceDate=2026%2F09%2F29&k_raceNo=8
2026-09-29 18:20:00,18:19,2026-09-29,funabashi,8,5,三連複,1-9-11,1566.7,1566.7,329,https://www.keiba.go.jp/KeibaWeb/TodayRaceInfo/Odds3LenFuku?k_babaCode=19&k_raceDate=2026%2F09%2F29&k_raceNo=8
2026-09-29 18:20:00,18:19,2026-09-29,funabashi,8,5,三連複,2-11-12,1566.7,1566.7,329,https://www.keiba.go.jp/KeibaWeb/TodayRaceInfo/Odds3LenFuku?k_babaCode=19&k_raceDate=2026%2F09%2F29&k_raceNo=8
2026-09-29 18:20:00,18:19,2026-09-29,funabashi,8,5,三連複,6-7-11,1566.7,1566.7,329,https://www.keiba.go.jp/KeibaWeb/TodayRaceInfo/Odds3LenFuku?k_babaCode=19&k_raceDate=2026%2F09%2F29&k_raceNo=8
2026-09-29 18:20:00,18:19,2026-09-29,funabashi,8,5,三連複,8-11-12,1591.9,1591.9,333,https://www.keiba.go.jp/KeibaWeb/TodayRaceInfo/Odds3LenFuku?k_babaCode=19&k_raceDate=2026%2F09%2F29&k_raceNo=8
2026-09-29 18:20:00,18:19,2026-09-29,funabashi,8,5,三連複,8-10-11,1618.0,1618.0,334,https://www.keiba.go.jp/KeibaWeb/TodayRaceInfo/Odds3LenFuku?k_babaCode=19&k_raceDate=2026%2F09%2F29&k_raceNo=8
2026-09-29 18:20:00,18:19,2026-09-29,funabashi,8,5,三連複,3-8-11,1672.9,1672.9,335,https://www.keiba.go.jp/KeibaWeb/TodayRaceInfo/Odds3LenFuku?k_babaCode=19&k_raceDate=2026%2F09%2F29&k_raceNo=8
2026-09-29 18:20:00,18:19,2026-09-29,funabashi,8,5,三連複,5-7-11,1701.7,1701.7,336,https://www.keiba.go.jp/KeibaWeb/TodayRaceInfo/Odds3LenFuku?k_babaCode=19&k_raceDate=2026%2F09%2F29&k_raceNo=8
2026-09-29 18:20:00,18:19,2026-09-29,funabashi,8,5,三連複,9-11-14,1701.7,1701.7,336,https://www.keiba.go.jp/KeibaWeb/TodayRaceInfo/Odds3LenFuku?k_babaCode=19&k_raceDate=2026%2F09%2F29&k_raceNo=8
2026-09-29 18:20:00,18:19,2026-09-29,funabashi,8,5,三連複,3-7-9,1731.6,1731.6,338,https://www.keiba.go.jp/KeibaWeb/TodayRaceInfo/Odds3LenFuku?k_babaCode=19&k_raceDate=2026%2F09%2F29&k_raceNo=8
2026-09-29 18:20:00,18:19,2026-09-29,funabashi,8,5,三連複,5-8-11,1731.6,1731.6,338,https://www.keiba.go.jp/KeibaWeb/TodayRaceInfo/Odds3LenFuku?k_babaCode=19&k_raceDate=2026%2F09%2F29&k_raceNo=8
2026-09-29 18:20:00,18:19,2026-09-29,funabashi,8,5,三連複,2-7-9,1762.5,1762.5,340,https://www.keiba.go.jp/KeibaWeb/TodayRaceInfo/Odds3LenFuku?k_babaCode=19&k_raceDate=2026%2F09%2F29&k_raceNo=8
2026-09-29 18:20:00,18:19,2026-09-29,funabashi,8,5,三連複,5-11-12,1762.5,1762.5,340,https://www.keiba.go.jp/KeibaWeb/TodayRaceInfo/Odds3LenFuku?k_babaCode=19&k_raceDate=2026%2F09%2F29&k_raceNo=8
2026-09-29 18:20:00,18:19,2026-09-29,funabashi,8,5,三連複,2-3-7,1794.6,1794.6,342,https://www.keiba.go.jp/KeibaWeb/TodayRaceInfo/Odds3LenFuku?k_babaCode=19&k_raceDate=2026%2F09%2F29&k_raceNo=8
2026-09-29 18:20:00,18:19,2026-09-29,funabashi,8,5,三連複,7-8-9,1827.8,1827.8,343,https://www.keiba.go.jp/KeibaWeb/TodayRaceInfo/Odds3LenFuku?k_babaCode=19&k_raceDate=2026%2F09%2F29&k_raceNo=8
2026-09-29 18:20:00,18:19,2026-09-29,funabashi,8,5,三連複,5-7-9,1898.1,1898.1,344,https://www.keiba.go.jp/KeibaWeb/TodayRaceInfo/Odds3LenFuku?k_babaCode=19&k_raceDate=2026%2F09%2F29&k_raceNo=8
2026-09-29 18:20:00,18:19,2026-09-29,funabashi,8,5,三連複,2-3-9,1974.0,1974.0,345,https://www.keiba.go.jp/KeibaWeb/TodayRaceInfo/Odds3LenFuku?k_babaCode=19&k_raceDate=2026%2F09%2F29&k_raceNo=8
2026-09-29 18:20:00,18:19,2026-09-29,funabashi,8,5,三連複,9-10-11,2056.3,2056.3,346,https://www.keiba.go.jp/KeibaWeb/TodayRaceInfo/Odds3LenFuku?k_babaCode=19&k_raceDate=2026%2F09%2F29&k_raceNo=8
2026-09-29 18:20:00,18:19,2026-09-29,funabashi,8,5,三連複,1-3-11,2100.0,2100.0,347,https://www.keiba.go.jp/KeibaWeb/TodayRaceInfo/Odds3LenFuku?k_babaCode=19&k_raceDate=2026%2F09%2F29&k_raceNo=8
2026-09-29 18:20:00,18:19,2026-09-29,funabashi,8,5,三連複,7-8-11,2100.0,2100.0,347,https://www.keiba.go.jp/KeibaWeb/TodayRaceInfo/Odds3LenFuku?k_babaCode=19&k_raceDate=2026%2F09%2F29&k_raceNo=8
2026-09-29 18:20:00,18:19,2026-09-29,funabashi,8,5,三連複,7-10-11,2100.0,2100.0,347,https://www.keiba.go.jp/KeibaWeb/TodayRaceInfo/Odds3LenFuku?k_babaCode=19&k_raceDate=2026%2F09%2F29&k_raceNo=8
2026-09-29 18:20:00,18:19,2026-09-29,funabashi,8,5,三連複,1-2-11,2193.4,2193.4,350,https://www.keiba.go.jp/KeibaWeb/TodayRaceInfo/Odds3LenFuku?k_babaCode=19&k_raceDate=2026%2F09%2F29&k_raceNo=8
2026-09-29 18:20:00,18:19,2026-09-29,funabashi,8,5,三連複,3-5-9,2193.4,2193.4,350,https://www.keiba.go.jp/KeibaWeb/TodayRaceInfo/Odds3LenFuku?k_babaCode=19&k_raceDate=2026%2F09%2F29&k_raceNo=8
2026-09-29 18:20:00,18:19,2026-09-29,funabashi,8,5,三連複,3-6-11,2193.4,2193.4,350,https://www.keiba.go.jp/KeibaWeb/TodayRaceInfo/Odds3LenFuku?k_babaCode=19&k_raceDate=2026%2F09%2F29&k_raceNo=8
2026-09-29 18:20:00,18:19,2026-09-29,funabashi,8,5,三連複,5-9-11,2243.2,2243.2,353,https://www.keiba.go.jp/KeibaWeb/TodayRaceInfo/Odds3LenFuku?k_babaCode=19&k_raceDate=2026%2F09%2F29&k_raceNo=8
2026-09-29 18:20:00,18:19,2026-09-29,funabashi,8,5,三連複,2-8-11,2350.0,2350.0,354,https://www.keiba.go.jp/KeibaWeb/TodayRaceInfo/Odds3LenFuku?k_babaCode=19&k_raceDate=2026%2F09%2F29&k_raceNo=8
2026-09-29 18:20:00,18:19,2026-09-29,funabashi,8,5,三連複,2-10-11,2350.0,2350.0,354,https://www.keiba.go.jp/KeibaWeb/TodayRaceInfo/Odds3LenFuku?k_babaCode=19&k_raceDate=2026%2F09%2F29&k_raceNo=8
2026-09-29 18:20:00,18:19,2026-09-29,funabashi,8,5,三連複,2-9-11,2467.5,2467.5,356,https://www.keiba.go.jp/KeibaWeb/TodayRaceInfo/Odds3LenFuku?k_babaCode=19&k_raceDate=2026%2F09%2F29&k_raceNo=8
2026-09-29 18:20:00,18:19,2026-09-29,funabashi,8,5,三連複,2-5-11,2597.4,2597.4,357,https://www.keiba.go.jp/KeibaWeb/TodayRaceInfo/Odds3LenFuku?k_babaCode=19&k_raceDate=2026%2F09%2F29&k_raceNo=8
2026-09-29 18:20:00,18:19,2026-09-29,funabashi,8,5,三連複,3-10-11,2667.6,2667.6,358,https://www.keiba.go.jp/KeibaWeb/TodayRaceInfo/Odds3LenFuku?k_babaCode=19&k_raceDate=2026%2F09%2F29&k_raceNo=8
2026-09-29 18:20:00,18:19,2026-09-29,funabashi,8,5,三連複,2-7-11,2741.7,2741.7,359,https://www.keiba.go.jp/KeibaWeb/TodayRaceInfo/Odds3LenFuku?k_babaCode=19&k_raceDate=2026%2F09%2F29&k_raceNo=8
2026-09-29 18:20:00,18:19,2026-09-29,funabashi,8,5,三連複,8-9-11,2741.7,2741.7,359,https://www.keiba.go.jp/KeibaWeb/TodayRaceInfo/Odds3LenFuku?k_babaCode=19&k_raceDate=2026%2F09%2F29&k_raceNo=8
2026-09-29 18:20:00,18:19,2026-09-29,funabashi,8,5,三連複,7-9-11,2991.0,2991.0,361,https://www.keiba.go.jp/KeibaWeb/TodayRaceInfo/Odds3LenFuku?k_babaCode=19&k_raceDate=2026%2F09%2F29&k_raceNo=8
2026-09-29 18:20:00,18:19,2026-09-29,funabashi,8,5,三連複,2-3-11,3525.1,3525.1,362,https://www.keiba.go.jp/KeibaWeb/TodayRaceInfo/Odds3LenFuku?k_babaCode=19&k_raceDate=2026%2F09%2F29&k_raceNo=8
2026-09-29 18:20:00,18:19,2026-09-29,funabashi,8,5,三連複,3-5-11,3655.6,3655.6,363,https://www.keiba.go.jp/KeibaWeb/TodayRaceInfo/Odds3LenFuku?k_babaCode=19&k_raceDate=2026%2F09%2F29&k_raceNo=8
2026-09-29 18:20:00,18:19,2026-09-29,funabashi,8,5,三連複,3-9-11,3948.1,3948.1,364,https://www.keiba.go.jp/KeibaWeb/TodayRaceInfo/Odds3LenFuku?k_babaCode=19&k_raceDate=2026%2F09%2F29&k_raceNo=8
