captured_at,source_time,race_date,track,race_no,minutes_before,bet_type,combination,odds_low,odds_high,popularity,source_url
2026-09-29 17:30:00,17:29,2026-09-29,funabashi,7,15,馬連,3-12,6.4,6.4,1,https://www.keiba.go.jp/KeibaWeb/TodayRaceInfo/OddsUmLenFuku?k_babaCode=19&k_raceDate=2026%2F09%2F29&k_raceNo=7
2026-09-29 17:30:00,17:29,2026-09-29,funabashi,7,15,馬連,12-13,6.4,6.4,2,https://www.keiba.go.jp/KeibaWeb/TodayRaceInfo/OddsUmLenFuku?k_babaCode=19&k_raceDate=2026%2F09%2F29&k_raceNo=7
2026-09-29 17:30:00,17:29,2026-09-29,funabashi,7,15,馬連,3-13,8.8,8.8,3,https://www.keiba.go.jp/KeibaWeb/TodayRaceInfo/OddsUmLenFuku?k_babaCode=19&k_raceDate=2026%2F09%2F29&k_raceNo=7
2026-09-29 17:30:00,17:29,2026-09-29,funabashi,7,15,馬連,3-4,19.1,19.1,4,https://www.keiba.go.jp/KeibaWeb/TodayRaceInfo/OddsUmLenFuku?k_babaCode=19&k_raceDate=2026%2F09%2F29&k_raceNo=7
2026-09-29 17:30:00,17:29,2026-09-29,funabashi,7,15,馬連,4-12,20.9,20.9,5,https://www.keiba.go.jp/KeibaWeb/TodayRaceInfo/OddsUmLenFuku?k_babaCode=19&k_raceDate=2026%2F09%2F29&k_raceNo=7
2026-09-29 17:30:00,17:29,2026-09-29,funabashi,7,15,馬連,4-13,23.0,23.0,6,https://www.keiba.go.jp/KeibaWeb/TodayRaceInfo/OddsUmLenFuku?k_babaCode=19&k_raceDate=2026%2F09%2F29&k_raceNo=7
2026-09-29 17:30:00,17:29,2026-09-29,funabashi,7,15,馬連,3-10,27.1,27.1,7,https://www.keiba.go.jp/KeibaWeb/TodayRaceInfo/OddsUmLenFuku?k_babaCode=19&k_raceDate=2026%2F09%2F29&k_raceNo=7
2026-09-29 17:30:00,17:29,2026-09-29,funabashi,7,15,馬連,10-13,27.1,27.1,7,https://www.keiba.go.jp/KeibaWeb/TodayRaceInfo/OddsUmLenFuku?k_babaCode=19&k_raceDate=2026%2F09%2F29&k_raceNo=7
2026-09-29 17:30:00,17:29,2026-09-29,funabashi,7,15,馬連,10-12,35.1,35.1,9,https://www.keiba.go.jp/KeibaWeb/TodayRaceInfo/OddsUmLenFuku?k_babaCode=19&k_raceDate=2026%2F09%2F29&k_raceNo=7
2026-09-29 17:30:00,17:29,2026-09-29,funabashi,7,15,馬連,3-7,37.5,37.5,10,https://www.keiba.go.jp/KeibaWeb/TodayRaceInfo/OddsUmLenFuku?k_babaCode=19&k_raceDate=2026%2F09%2F29&k_raceNo=7
2026-09-29 17:30:00,17:29,2026-09-29,funabashi,7,15,馬連,13-14,39.1,39.1,11,https://www.keiba.go.jp/KeibaWeb/TodayRaceInfo/OddsUmLenFuku?k_babaCode=19&k_raceDate=2026%2F09%2F29&k_raceNo=7
2026-09-29 17:30:00,17:29,2026-09-29,funabashi,7,15,馬連,11-13,39.9,39.9,12,https://www.keiba.go.jp/KeibaWeb/TodayRaceInfo/OddsUmLenFuku?k_babaCode=19&k_raceDate=2026%2F09%2F29&k_raceNo=7
2026-09-29 17:30:00,17:29,2026-09-29,funabashi,7,15,馬連,12-14,44.3,44.3,13,https://www.keiba.go.jp/KeibaWeb/TodayRaceInfo/OddsUmLenFuku?k_babaCode=19&k_raceDate=2026%2F09%2F29&k_raceNo=7
2026-09-29 17:30:00,17:29,2026-09-29,funabashi,7,15,馬連,3-14,46.0,46.0,14,https://www.keiba.go.jp/KeibaWeb/TodayRaceInfo/OddsUmLenFuku?k_babaCode=19&k_raceDate=2026%2F09%2F29&k_raceNo=7
2026-09-29 17:30:00,17:29,2026-09-29,funabashi,7,15,馬連,7-12,46.5,46.5,15,https://www.keiba.go.jp/KeibaWeb/TodayRaceInfo/OddsUmLenFuku?k_babaCode=19&k_raceDate=2026%2F09%2F29&k_raceNo=7
2026-09-29 17:30:00,17:29,2026-09-29,funabashi,7,15,馬連,11-12,48.3,48.3,16,https://www.keiba.go.jp/KeibaWeb/TodayRaceInfo/OddsUmLenFuku?k_babaCode=19&k_raceDate=2026%2F09%2F29&k_raceNo=7
2026-09-29 17:30:00,17:29,2026-09-29,funabashi,7,15,馬連,3-11,48.6,48.6,17,https://www.keiba.go.jp/KeibaWeb/TodayRaceInfo/OddsUmLenFuku?k_babaCode=19&k_raceDate=2026%2F09%2F29&k_raceNo=7
2026-09-29 17:30:00,17:29,2026-09-29,funabashi,7,15,馬連,3-8,51.6,51.6,18,https://www.keiba.go.jp/KeibaWeb/TodayRaceInfo/OddsUmLenFuku?k_babaCode=19&k_raceDate=2026%2F09%2F29&k_raceNo=7
2026-09-29 17:30:00,17:29,2026-09-29,funabashi,7,15,馬連,7-13,58.9,58.9,19,https://www.keiba.go.jp/KeibaWeb/TodayRaceInfo/OddsUmLenFuku?k_babaCode=19&k_raceDate=2026%2F09%2F29&k_raceNo=7
2026-09-29 17:30:00,17:29,2026-09-29,funabashi,7,15,馬連,4-7,62.8,62.8,20,https://www.keiba.go.jp/KeibaWeb/TodayRaceInfo/OddsUmLenFuku?k_babaCode=19&k_raceDate=2026%2F09%2F29&k_raceNo=7
2026-09-29 17:30:00,17:29,2026-09-29,funabashi,7,15,馬連,4-10,63.9,63.9,21,https://www.keiba.go.jp/KeibaWeb/TodayRaceInfo/OddsUmLenFuku?k_babaCode=19&k_raceDate=2026%2F09%2F29&k_raceNo=7
2026-09-29 17:30:00,17:29,2026-09-29,funabashi,7,15,馬連,8-13,65.0,65.0,22,https://www.keiba.go.jp/KeibaWeb/TodayRaceInfo/OddsUmLenFuku?k_babaCode=19&k_raceDate=2026%2F09%2F29&k_raceNo=7
2026-09-29 17:30:00,17:29,2026-09-29,funabashi,7,15,馬連,4-11,65.6,65.6,23,https://www.keiba.go.jp/KeibaWeb/TodayRaceInfo/OddsUmLenFuku?k_babaCode=19&k_raceDate=2026%2F09%2F29&k_raceNo=7
2026-09-29 17:30:00,17:29,2026-09-29,funabashi,7,15,馬連,8-12,76.2,76.2,24,https://www.keiba.go.jp/KeibaWeb/TodayRaceInfo/OddsUmLenFuku?k_babaCode=19&k_raceDate=2026%2F09%2F29&k_raceNo=7
2026-09-29 17:30:00,17:29,2026-09-29,funabashi,7,15,馬連,1-3,84.8,84.8,25,https://www.keiba.go.jp/KeibaWeb/TodayRaceInfo/OddsUmLenFuku?k_babaCode=19&k_raceDate=2026%2F09%2F29&k_raceNo=7
2026-09-29 17:30:00,17:29,2026-09-29,funabashi,7,15,馬連,10-14,84.8,84.8,25,https://www.keiba.go.jp/KeibaWeb/TodayRaceInfo/OddsUmLenFuku?k_babaCode=19&k_raceDate=2026%2F09%2F29&k_raceNo=7
2026-09-29 17:30:00,17:29,2026-09-29,funabashi,7,15,馬連,4-8,88.7,88.7,27,https://www.keiba.go.jp/KeibaWeb/TodayRaceInfo/OddsUmLenFuku?k_babaCode=19&k_raceDate=2026%2F09%2F29&k_raceNo=7
2026-09-29 17:30:00,17:29,2026-09-29,funabashi,7,15,馬連,8-10,89.8,89.8,28,https://www.keiba.go.jp/KeibaWeb/TodayRaceInfo/OddsUmLenFuku?k_babaCode=19&k_raceDate=2026%2F09%2F29&k_raceNo=7
2026-09-29 17:30:00,17:29,2026-09-29,funabashi,7,15,馬連,10-11,93.1,93.1,29,https://www.keiba.go.jp/KeibaWeb/TodayRaceInfo/OddsUmLenFuku?k_babaCode=19&k_raceDate=2026%2F09%2F29&k_raceNo=7
2026-09-29 17:30:00,17:29,2026-09-29,funabashi,7,15,馬連,4-14,94.3,94.3,30,https://www.keiba.go.jp/KeibaWeb/TodayRaceInfo/OddsUmLenFuku?k_babaCode=19&k_raceDate=2026%2F09%2F29&k_raceNo=7
2026-09-29 17:30:00,17:29,2026-09-29,funabashi,7,15,馬連,9-12,99.3,99.3,31,https://www.keiba.go.jp/KeibaWeb/TodayRaceInfo/OddsUmLenFuku?k_babaCode=19&k_raceDate=2026%2F09%2F29&k_raceNo=7
2026-09-29 17:30:00,17:29,2026-09-29,funabashi,7,15,馬連,8-11,100.6,100.6,32,https://www.keiba.go.jp/KeibaWeb/TodayRaceInfo/OddsUmLenFuku?k_babaCode=19&k_raceDate=2026%2F09%2F29&k_raceNo=7
2026-09-29 17:30:00,17:29,2026-09-29,funabashi,7,15,馬連,9-13,101.9,101.9,33,https://www.keiba.go.jp/KeibaWeb/TodayRaceInfo/OddsUmLenFuku?k_babaCode=19&k_raceDate=2026%2F09%2F29&k_raceNo=7
2026-09-29 17:30:00,17:29,2026-09-29,funabashi,7,15,馬連,7-14,103.3,103.3,34,https://www.keiba.go.jp/KeibaWeb/TodayRaceInfo/OddsUmLenFuku?k_babaCode=19&k_raceDate=2026%2F09%2F29&k_raceNo=7
2026-09-29 17:30:00,17:29,2026-09-29,funabashi,7,15,馬連,3-9,107.8,107.8,35,https://www.keiba.go.jp/KeibaWeb/TodayRaceInfo/OddsUmLenFuku?k_babaCode=19&k_raceDate=2026%2F09%2F29&k_raceNo=7
2026-09-29 17:30:00,17:29,2026-09-29,funabashi,7,15,馬連,3-5,110.9,110.9,36,https://www.keiba.go.jp/KeibaWeb/TodayRaceInfo/OddsUmLenFuku?k_babaCode=19&k_raceDate=2026%2F09%2F29&k_raceNo=7
2026-09-29 17:30:00,17:29,2026-09-29,funabashi,7,15,馬連,5-12,112.6,112.6,37,https://www.keiba.go.jp/KeibaWeb/TodayRaceInfo/OddsUmLenFuku?k_babaCode=19&k_raceDate=2026%2F09%2F29&k_raceNo=7
2026-09-29 17:30:00,17:29,2026-09-29,funabashi,7,15,馬連,7-11,116.1,116.1,38,https://www.keiba.go.jp/KeibaWeb/TodayRaceInfo/OddsUmLenFuku?k_babaCode=19&k_raceDate=2026%2F09%2F29&k_raceNo=7
2026-09-29 17:30:00,17:29,2026-09-29,funabashi,7,15,馬連,1-4,119.7,119.7,39,https://www.keiba.go.jp/KeibaWeb/TodayRaceInfo/OddsUmLenFuku?k_babaCode=19&k_raceDate=2026%2F09%2F29&k_raceNo=7
2026-09-29 17:30:00,17:29,2026-09-29,funabashi,7,15,馬連,2-3,119.7,119.7,39,https://www.keiba.go.jp/KeibaWeb/TodayRaceInfo/OddsUmLenFuku?k_babaCode=19&k_raceDate=2026%2F09%2F29&k_raceNo=7
2026-09-29 17:30:00,17:29,2026-09-29,funabashi,7,15,馬連,2-13,121.7,121.7,41,https://www.keiba.go.jp/KeibaWeb/TodayRaceInfo/OddsUmLenFuku?k_babaCode=19&k_raceDate=2026%2F09%2F29&k_raceNo=7
2026-09-29 17:30:00,17:29,2026-09-29,funabashi,7,15,馬連,6-12,121.7,121.7,41,https://www.keiba.go.jp/KeibaWeb/TodayRaceInfo/OddsUmLenFuku?k_babaCode=19&k_raceDate=2026%2F09%2F29&k_raceNo=7
2026-09-29 17:30:00,17:29,2026-09-29,funabashi,7,15,馬連,1-12,123.7,123.7,43,https://www.keiba.go.jp/KeibaWeb/TodayRaceInfo/OddsUmLenFuku?k_babaCode=19&k_raceDate=2026%2F09%2F29&k_raceNo=7
2026-09-29 17:30:00,17:29,2026-09-29,funabashi,7,15,馬連,2-4,130.1,130.1,44,https://www.keiba.go.jp/KeibaWeb/TodayRaceInfo/OddsUmLenFuku?k_babaCode=19&k_raceDate=2026%2F09%2F29&k_raceNo=7
2026-09-29 17:30:00,17:29,2026-09-29,funabashi,7,15,馬連,3-6,132.4,132.4,45,https://www.keiba.go.jp/KeibaWeb/TodayRaceInfo/OddsUmLenFuku?k_babaCode=19&k_raceDate=2026%2F09%2F29&k_raceNo=7
2026-09-29 17:30:00,17:29,2026-09-29,funabashi,7,15,馬連,7-10,134.7,134.7,46,https://www.keiba.go.jp/KeibaWeb/TodayRaceInfo/OddsUmLenFuku?k_babaCode=19&k_raceDate=2026%2F09%2F29&k_raceNo=7
2026-09-29 17:30:00,17:29,2026-09-29,funabashi,7,15,馬連,5-13,139.7,139.7,47,https://www.keiba.go.jp/KeibaWeb/TodayRaceInfo/OddsUmLenFuku?k_babaCode=19&k_raceDate=2026%2F09%2F29&k_raceNo=7
2026-09-29 17:30:00,17:29,2026-09-29,funabashi,7,15,馬連,6-13,139.7,139.7,47,https://www.keiba.go.jp/KeibaWeb/TodayRaceInfo/OddsUmLenFuku?k_babaCode=19&k_raceDate=2026%2F09%2F29&k_raceNo=7
2026-09-29 17:30:00,17:29,2026-09-29,funabashi,7,15,馬連,8-14,139.7,139.7,47,https://www.keiba.go.jp/KeibaWeb/TodayRaceInfo/OddsUmLenFuku?k_babaCode=19&k_raceDate=2026%2F09%2F29&k_raceNo=7
2026-09-29 17:30:00,17:29,2026-09-29,funabashi,7,15,馬連,11-14,139.7,139.7,47,https://www.keiba.go.jp/KeibaWeb/TodayRaceInfo/OddsUmLenFuku?k_babaCode=19&k_raceDate=2026%2F09%2F29&k_raceNo=7
2026-09-29 17:30:00,17:29,2026-09-29,funabashi,7,15,馬連,4-5,150.9,150.9,51,https://www.keiba.go.jp/KeibaWeb/TodayRaceInfo/OddsUmLenFuku?k_babaCode=19&k_raceDate=2026%2F09%2F29&k_raceNo=7
2026-09-29 17:30:00,17:29,2026-09-29,funabashi,7,15,馬連,1-13,157.2,157.2,52,https://www.keiba.go.jp/KeibaWeb/TodayRaceInfo/OddsUmLenFuku?k_babaCode=19&k_raceDate=2026%2F09%2F29&k_raceNo=7
2026-09-29 17:30:00,17:29,2026-09-29,funabashi,7,15,馬連,7-8,160.5,160.5,53,https://www.keiba.go.jp/KeibaWeb/TodayRaceInfo/OddsUmLenFuku?k_babaCode=19&k_raceDate=2026%2F09%2F29&k_raceNo=7
2026-09-29 17:30:00,17:29,2026-09-29,funabashi,7,15,馬連,5-14,167.7,167.7,54,https://www.keiba.go.jp/KeibaWeb/TodayRaceInfo/OddsUmLenFuku?k_babaCode=19&k_raceDate=2026%2F09%2F29&k_raceNo=7
2026-09-29 17:30:00,17:29,2026-09-29,funabashi,7,15,馬連,2-12,179.6,179.6,55,https://www.keiba.go.jp/KeibaWeb/TodayRaceInfo/OddsUmLenFuku?k_babaCode=19&k_raceDate=2026%2F09%2F29&k_raceNo=7
2026-09-29 17:30:00,17:29,2026-09-29,funabashi,7,15,馬連,5-11,179.6,179.6,55,https://www.keiba.go.jp/KeibaWeb/TodayRaceInfo/OddsUmLenFuku?k_babaCode=19&k_raceDate=2026%2F09%2F29&k_raceNo=7
2026-09-29 17:30:00,17:29,2026-09-29,funabashi,7,15,馬連,2-8,198.6,198.6,57,https://www.keiba.go.jp/KeibaWeb/TodayRaceInfo/OddsUmLenFuku?k_babaCode=19&k_raceDate=2026%2F09%2F29&k_raceNo=7
2026-09-29 17:30:00,17:29,2026-09-29,funabashi,7,15,馬連,4-6,203.9,203.9,58,https://www.keiba.go.jp/KeibaWeb/TodayRaceInfo/OddsUmLenFuku?k_babaCode=19&k_raceDate=2026%2F09%2F29&k_raceNo=7
2026-09-29 17:30:00,17:29,2026-09-29,funabashi,7,15,馬連,9-10,203.9,203.9,58,https://www.keiba.go.jp/KeibaWeb/TodayRaceInfo/OddsUmLenFuku?k_babaCode=19&k_raceDate=2026%2F09%2F29&k_raceNo=7
2026-09-29 17:30:00,17:29,2026-09-29,funabashi,7,15,馬連,1-10,228.7,228.7,60,https://www.keiba.go.jp/KeibaWeb/TodayRaceInfo/OddsUmLenFuku?k_babaCode=19&k_raceDate=2026%2F09%2F29&k_raceNo=7
2026-09-29 17:30:00,17:29,2026-09-29,funabashi,7,15,馬連,5-8,228.7,228.7,60,https://www.keiba.go.jp/KeibaWeb/TodayRaceInfo/OddsUmLenFuku?k_babaCode=19&k_raceDate=2026%2F09%2F29&k_raceNo=7
2026-09-29 17:30:00,17:29,2026-09-29,funabashi,7,15,馬連,2-7,235.8,235.8,62,https://www.keiba.go.jp/KeibaWeb/TodayRaceInfo/OddsUmLenFuku?k_babaCode=19&k_raceDate=2026%2F09%2F29&k_raceNo=7
2026-09-29 17:30:00,17:29,2026-09-29,funabashi,7,15,馬連,6-7,243.4,243.4,63,https://www.keiba.go.jp/KeibaWeb/TodayRaceInfo/OddsUmLenFuku?k_babaCode=19&k_raceDate=2026%2F09%2F29&k_raceNo=7
2026-09-29 17:30:00,17:29,2026-09-29,funabashi,7,15,馬連,6-8,243.4,243.4,63,https://www.keiba.go.jp/KeibaWeb/TodayRaceInfo/OddsUmLenFuku?k_babaCode=19&k_raceDate=2026%2F09%2F29&k_raceNo=7
2026-09-29 17:30:00,17:29,2026-09-29,funabashi,7,15,馬連,8-9,269.5,269.5,65,https://www.keiba.go.jp/KeibaWeb/TodayRaceInfo/OddsUmLenFuku?k_babaCode=19&k_raceDate=2026%2F09%2F29&k_raceNo=7
2026-09-29 17:30:00,17:29,2026-09-29,funabashi,7,15,馬連,9-11,269.5,269.5,65,https://www.keiba.go.jp/KeibaWeb/TodayRaceInfo/OddsUmLenFuku?k_babaCode=19&k_raceDate=2026%2F09%2F29&k_raceNo=7
2026-09-29 17:30:00,17:29,2026-09-29,funabashi,7,15,馬連,4-9,279.5,279.5,67,https://www.keiba.go.jp/KeibaWeb/TodayRaceInfo/OddsUmLenFuku?k_babaCode=19&k_raceDate=2026%2F09%2F29&k_raceNo=7
2026-09-29 17:30:00,17:29,2026-09-29,funabashi,7,15,馬連,1-7,290.2,290.2,68,https://www.keiba.go.jp/KeibaWeb/TodayRaceInfo/OddsUmLenFuku?k_babaCode=19&k_raceDate=2026%2F09%2F29&k_raceNo=7
2026-09-29 17:30:00,17:29,2026-09-29,funabashi,7,15,馬連,2-9,301.8,301.8,69,https://www.keiba.go.jp/KeibaWeb/TodayRaceInfo/OddsUmLenFuku?k_babaCode=19&k_raceDate=2026%2F09%2F29&k_raceNo=7
2026-09-29 17:30:00,17:29,2026-09-29,funabashi,7,15,馬連,5-7,301.8,301.8,69,https://www.keiba.go.jp/KeibaWeb/TodayRaceInfo/OddsUmLenFuku?k_babaCode=19&k_raceDate=2026%2F09%2F29&k_raceNo=7
2026-09-29 17:30:00,17:29,2026-09-29,funabashi,7,15,馬連,2-10,359.3,359.3,71,https://www.keiba.go.jp/KeibaWeb/TodayRaceInfo/OddsUmLenFuku?k_babaCode=19&k_raceDate=2026%2F09%2F29&k_raceNo=7
2026-09-29 17:30:00,17:29,2026-09-29,funabashi,7,15,馬連,2-14,359.3,359.3,71,https://www.keiba.go.jp/KeibaWeb/TodayRaceInfo/OddsUmLenFuku?k_babaCode=19&k_raceDate=2026%2F09%2F29&k_raceNo=7
2026-09-29 17:30:00,17:29,2026-09-29,funabashi,7,15,馬連,6-10,359.3,359.3,71,https://www.keiba.go.jp/KeibaWeb/TodayRaceInfo/OddsUmLenFuku?k_babaCode=19&k_raceDate=2026%2F09%2F29&k_raceNo=7
2026-09-29 17:30:00,17:29,2026-09-29,funabashi,7,15,馬連,7-9,359.3,359.3,71,https://www.keiba.go.jp/KeibaWeb/TodayRaceInfo/OddsUmLenFuku?k_babaCode=19&k_raceDate=2026%2F09%2F29&k_raceNo=7
2026-09-29 17:30:00,17:29,2026-09-29,funabashi,7,15,馬連,1-8,377.3,377.3,75,https://www.keiba.go.jp/KeibaWeb/TodayRaceInfo/OddsUmLenFuku?k_babaCode=19&k_raceDate=2026%2F09%2F29&k_raceNo=7
2026-09-29 17:30:00,17:29,2026-09-29,funabashi,7,15,馬連,2-11,377.3,377.3,75,https://www.keiba.go.jp/KeibaWeb/TodayRaceInfo/OddsUmLenFuku?k_babaCode=19&k_raceDate=2026%2F09%2F29&k_raceNo=7
2026-09-29 17:30:00,17:29,2026-09-29,funabashi,7,15,馬連,5-10,377.3,377.3,75,https://www.keiba.go.jp/KeibaWeb/TodayRaceInfo/OddsUmLenFuku?k_babaCode=19&k_raceDate=2026%2F09%2F29&k_raceNo=7
2026-09-29 17:30:00,17:29,2026-09-29,funabashi,7,15,馬連,1-2,443.9,443.9,78,https://www.keiba.go.jp/KeibaWeb/TodayRaceInfo/OddsUmLenFuku?k_babaCode=19&k_raceDate=2026%2F09%2F29&k_raceNo=7
2026-09-29 17:30:00,17:29,2026-09-29,funabashi,7,15,馬連,1-5,471.7,471.7,79,https://www.keiba.go.jp/KeibaWeb/TodayRaceInfo/OddsUmLenFuku?k_babaCode=19&k_raceDate=2026%2F09%2F29&k_raceNo=7
2026-09-29 17:30:00,17:29,2026-09-29,funabashi,7,15,馬連,2-6,471.7,471.7,79,https://www.keiba.go.jp/KeibaWeb/TodayRaceInfo/OddsUmLenFuku?k_babaCode=19&k_raceDate=2026%2F09%2F29&k_raceNo=7
2026-09-29 17:30:00,17:29,2026-09-29,funabashi,7,15,馬連,5-6,471.7,471.7,79,https://www.keiba.go.jp/KeibaWeb/TodayRaceInfo/OddsUmLenFuku?k_babaCode=19&k_raceDate=2026%2F09%2F29&k_raceNo=7
2026-09-29 17:30:00,17:29,2026-09-29,funabashi,7,15,馬連,2-5,503.1,503.1,82,https://www.keiba.go.jp/KeibaWeb/TodayRaceInfo/OddsUmLenFuku?k_babaCode=19&k_raceDate=2026%2F09%2F29&k_raceNo=7
2026-09-29 17:30:00,17:29,2026-09-29,funabashi,7,15,馬連,6-9,580.5,580.5,83,https://www.keiba.go.jp/KeibaWeb/TodayRaceInfo/OddsUmLenFuku?k_babaCode=19&k_raceDate=2026%2F09%2F29&k_raceNo=7
2026-09-29 17:30:00,17:29,2026-09-29,funabashi,7,15,馬連,9-14,580.5,580.5,83,https://www.keiba.go.jp/KeibaWeb/TodayRaceInfo/OddsUmLenFuku?k_babaCode=19&k_raceDate=2026%2F09%2F29&k_raceNo=7
2026-09-29 17:30:00,17:29,2026-09-29,funabashi,7,15,馬連,6-14,628.9,628.9,85,https://www.keiba.go.jp/KeibaWeb/TodayRaceInfo/OddsUmLenFuku?k_babaCode=19&k_raceDate=2026%2F09%2F29&k_raceNo=7
2026-09-29 17:30:00,17:29,2026-09-29,funabashi,7,15,馬連,1-11,754.7,754.7,86,https://www.keiba.go.jp/KeibaWeb/TodayRaceInfo/OddsUmLenFuku?k_babaCode=19&k_raceDate=2026%2F09%2F29&k_raceNo=7
2026-09-29 17:30:00,17:29,2026-09-29,funabashi,7,15,馬連,1-14,754.7,754.7,86,https://www.keiba.go.jp/KeibaWeb/TodayRaceInfo/OddsUmLenFuku?k_babaCode=19&k_raceDate=2026%2F09%2F29&k_raceNo=7
2026-09-29 17:30:00,17:29,2026-09-29,funabashi,7,15,馬連,1-6,943.4,943.4,88,https://www.keiba.go.jp/KeibaWeb/TodayRaceInfo/OddsUmLenFuku?k_babaCode=19&k_raceDate=2026%2F09%2F29&k_raceNo=7
2026-09-29 17:30:00,17:29,2026-09-29,funabashi,7,15,馬連,1-9,1078.1,1078.1,89,https://www.keiba.go.jp/KeibaWeb/TodayRaceInfo/OddsUmLenFuku?k_babaCode=19&k_raceDate=2026%2F09%2F29&k_raceNo=7
2026-09-29 17:30:00,17:29,2026-09-29,funabashi,7,15,馬連,5-9,1257.8,1257.8,90,https://www.keiba.go.jp/KeibaWeb/TodayRaceInfo/OddsUmLenFuku?k_babaCode=19&k_raceDate=2026%2F09%2F29&k_raceNo=7
2026-09-29 17:30:00,17:29,2026-09-29,funabashi,7,15,馬連,6-11,1509.4,1509.4,91,https://www.keiba.go.jp/KeibaWeb/TodayRaceInfo/OddsUmLenFuku?k_babaCode=19&k_raceDate=2026%2F09%2F29&k_raceNo=7
2026-09-29 17:30:00,17:29,2026-09-29,funabashi,7,15,ワイド,12-13,3.2,3.6,1,https://www.keiba.go.jp/KeibaWeb/TodayRaceInfo/OddsWide?k_babaCode=19&k_raceDate=2026%2F09%2F29&k_raceNo=7
2026-09-29 17:30:00,17:29,2026-09-29,funabashi,7,15,ワイド,3-12,3.6,4.1,2,https://www.keiba.go.jp/KeibaWeb/TodayRaceInfo/OddsWide?k_babaCode=19&k_raceDate=2026%2F09%2F29&k_raceNo=7
2026-09-29 17:30:00,17:29,2026-09-29,funabashi,7,15,ワイド,3-13,4.1,4.7,3,https://www.keiba.go.jp/KeibaWeb/TodayRaceInfo/OddsWide?k_babaCode=19&k_raceDate=2026%2F09%2F29&k_raceNo=7
2026-09-29 17:30:00,17:29,2026-09-29,funabashi,7,15,ワイド,4-13,6.3,7.0,4,https://www.keiba.go.jp/KeibaWeb/TodayRaceInfo/OddsWide?k_babaCode=19&k_raceDate=2026%2F09%2F29&k_raceNo=7
2026-09-29 17:30:00,17:29,2026-09-29,funabashi,7,15,ワイド,3-4,6.7,7.3,5,https://www.keiba.go.jp/KeibaWeb/TodayRaceInfo/OddsWide?k_babaCode=19&k_raceDate=2026%2F09%2F29&k_raceNo=7
2026-09-29 17:30:00,17:29,2026-09-29,funabashi,7,15,ワイド,4-12,6.7,7.5,6,https://www.keiba.go.jp/KeibaWeb/TodayRaceInfo/OddsWide?k_babaCode=19&k_raceDate=2026%2F09%2F29&k_raceNo=7
2026-09-29 17:30:00,17:29,2026-09-29,funabashi,7,15,ワイド,7-12,7.7,8.4,7,https://www.keiba.go.jp/KeibaWeb/TodayRaceInfo/OddsWide?k_babaCode=19&k_raceDate=2026%2F09%2F29&k_raceNo=7
2026-09-29 17:30:00,17:29,2026-09-29,funabashi,7,15,ワイド,13-14,8.3,9.1,8,https://www.keiba.go.jp/KeibaWeb/TodayRaceInfo/OddsWide?k_babaCode=19&k_raceDate=2026%2F09%2F29&k_raceNo=7
2026-09-29 17:30:00,17:29,2026-09-29,funabashi,7,15,ワイド,10-12,9.2,10.1,9,https://www.keiba.go.jp/KeibaWeb/TodayRaceInfo/OddsWide?k_babaCode=19&k_raceDate=2026%2F09%2F29&k_raceNo=7
2026-09-29 17:30:00,17:29,2026-09-29,funabashi,7,15,ワイド,12-14,9.4,10.4,10,https://www.keiba.go.jp/KeibaWeb/TodayRaceInfo/OddsWide?k_babaCode=19&k_raceDate=2026%2F09%2F29&k_raceNo=7
2026-09-29 17:30:00,17:29,2026-09-29,funabashi,7,15,ワイド,11-12,9.6,10.6,11,https://www.keiba.go.jp/KeibaWeb/TodayRaceInfo/OddsWide?k_babaCode=19&k_raceDate=2026%2F09%2F29&k_raceNo=7
2026-09-29 17:30:00,17:29,2026-09-29,funabashi,7,15,ワイド,11-13,10.7,11.8,12,https://www.keiba.go.jp/KeibaWeb/TodayRaceInfo/OddsWide?k_babaCode=19&k_raceDate=2026%2F09%2F29&k_raceNo=7
2026-09-29 17:30:00,17:29,2026-09-29,funabashi,7,15,ワイド,4-14,10.8,11.5,13,https://www.keiba.go.jp/KeibaWeb/TodayRaceInfo/OddsWide?k_babaCode=19&k_raceDate=2026%2F09%2F29&k_raceNo=7
2026-09-29 17:30:00,17:29,2026-09-29,funabashi,7,15,ワイド,10-13,10.9,12.0,14,https://www.keiba.go.jp/KeibaWeb/TodayRaceInfo/OddsWide?k_babaCode=19&k_raceDate=2026%2F09%2F29&k_raceNo=7
2026-09-29 17:30:00,17:29,2026-09-29,funabashi,7,15,ワイド,4-11,11.2,11.8,15,https://www.keiba.go.jp/KeibaWeb/TodayRaceInfo/OddsWide?k_babaCode=19&k_raceDate=2026%2F09%2F29&k_raceNo=7
2026-09-29 17:30:00,17:29,2026-09-29,funabashi,7,15,ワイド,7-13,13.4,14.9,16,https://www.keiba.go.jp/KeibaWeb/TodayRaceInfo/OddsWide?k_babaCode=19&k_raceDate=2026%2F09%2F29&k_raceNo=7
2026-09-29 17:30:00,17:29,2026-09-29,funabashi,7,15,ワイド,7-11,14.2,14.9,17,https://www.keiba.go.jp/KeibaWeb/TodayRaceInfo/OddsWide?k_babaCode=19&k_raceDate=2026%2F09%2F29&k_raceNo=7
2026-09-29 17:30:00,17:29,2026-09-29,funabashi,7,15,ワイド,3-10,14.3,15.6,18,https://www.keiba.go.jp/KeibaWeb/TodayRaceInfo/OddsWide?k_babaCode=19&k_raceDate=2026%2F09%2F29&k_raceNo=7
2026-09-29 17:30:00,17:29,2026-09-29,funabashi,7,15,ワイド,4-10,14.4,15.3,19,https://www.keiba.go.jp/KeibaWeb/TodayRaceInfo/OddsWide?k_babaCode=19&k_raceDate=2026%2F09%2F29&k_raceNo=7
2026-09-29 17:30:00,17:29,2026-09-29,funabashi,7,15,ワイド,7-8,15.0,15.6,20,https://www.keiba.go.jp/KeibaWeb/TodayRaceInfo/OddsWide?k_babaCode=19&k_raceDate=2026%2F09%2F29&k_raceNo=7
2026-09-29 17:30:00,17:29,2026-09-29,funabashi,7,15,ワイド,3-7,15.6,17.2,21,https://www.keiba.go.jp/KeibaWeb/TodayRaceInfo/OddsWide?k_babaCode=19&k_raceDate=2026%2F09%2F29&k_raceNo=7
2026-09-29 17:30:00,17:29,2026-09-29,funabashi,7,15,ワイド,8-13,16.9,18.3,22,https://www.keiba.go.jp/KeibaWeb/TodayRaceInfo/OddsWide?k_babaCode=19&k_raceDate=2026%2F09%2F29&k_raceNo=7
2026-09-29 17:30:00,17:29,2026-09-29,funabashi,7,15,ワイド,3-11,18.2,19.9,23,https://www.keiba.go.jp/KeibaWeb/TodayRaceInfo/OddsWide?k_babaCode=19&k_raceDate=2026%2F09%2F29&k_raceNo=7
2026-09-29 17:30:00,17:29,2026-09-29,funabashi,7,15,ワイド,4-7,18.8,20.0,24,https://www.keiba.go.jp/KeibaWeb/TodayRaceInfo/OddsWide?k_babaCode=19&k_raceDate=2026%2F09%2F29&k_raceNo=7
2026-09-29 17:30:00,17:29,2026-09-29,funabashi,7,15,ワイド,7-10,19.7,20.7,25,https://www.keiba.go.jp/KeibaWeb/TodayRaceInfo/OddsWide?k_babaCode=19&k_raceDate=2026%2F09%2F29&k_raceNo=7
2026-09-29 17:30:00,17:29,2026-09-29,funabashi,7,15,ワイド,10-14,22.1,23.1,26,https://www.keiba.go.jp/KeibaWeb/TodayRaceInfo/OddsWide?k_babaCode=19&k_raceDate=2026%2F09%2F29&k_raceNo=7
2026-09-29 17:30:00,17:29,2026-09-29,funabashi,7,15,ワイド,10-11,23.3,24.4,27,https://www.keiba.go.jp/KeibaWeb/TodayRaceInfo/OddsWide?k_babaCode=19&k_raceDate=2026%2F09%2F29&k_raceNo=7
2026-09-29 17:30:00,17:29,2026-09-29,funabashi,7,15,ワイド,3-14,23.8,26.0,28,https://www.keiba.go.jp/KeibaWeb/TodayRaceInfo/OddsWide?k_babaCode=19&k_raceDate=2026%2F09%2F29&k_raceNo=7
2026-09-29 17:30:00,17:29,2026-09-29,funabashi,7,15,ワイド,8-12,24.0,26.2,29,https://www.keiba.go.jp/KeibaWeb/TodayRaceInfo/OddsWide?k_babaCode=19&k_raceDate=2026%2F09%2F29&k_raceNo=7
2026-09-29 17:30:00,17:29,2026-09-29,funabashi,7,15,ワイド,3-8,24.4,26.2,30,https://www.keiba.go.jp/KeibaWeb/TodayRaceInfo/OddsWide?k_babaCode=19&k_raceDate=2026%2F09%2F29&k_raceNo=7
2026-09-29 17:30:00,17:29,2026-09-29,funabashi,7,15,ワイド,4-9,24.6,25.6,31,https://www.keiba.go.jp/KeibaWeb/TodayRaceInfo/OddsWide?k_babaCode=19&k_raceDate=2026%2F09%2F29&k_raceNo=7
2026-09-29 17:30:00,17:29,2026-09-29,funabashi,7,15,ワイド,9-13,25.5,27.8,32,https://www.keiba.go.jp/KeibaWeb/TodayRaceInfo/OddsWide?k_babaCode=19&k_raceDate=2026%2F09%2F29&k_raceNo=7
2026-09-29 17:30:00,17:29,2026-09-29,funabashi,7,15,ワイド,1-3,26.3,28.2,33,https://www.keiba.go.jp/KeibaWeb/TodayRaceInfo/OddsWide?k_babaCode=19&k_raceDate=2026%2F09%2F29&k_raceNo=7
2026-09-29 17:30:00,17:29,2026-09-29,funabashi,7,15,ワイド,4-8,27.0,28.2,34,https://www.keiba.go.jp/KeibaWeb/TodayRaceInfo/OddsWide?k_babaCode=19&k_raceDate=2026%2F09%2F29&k_raceNo=7
2026-09-29 17:30:00,17:29,2026-09-29,funabashi,7,15,ワイド,7-14,27.6,29.1,35,https://www.keiba.go.jp/KeibaWeb/TodayRaceInfo/OddsWide?k_babaCode=19&k_raceDate=2026%2F09%2F29&k_raceNo=7
2026-09-29 17:30:00,17:29,2026-09-29,funabashi,7,15,ワイド,11-14,28.6,30.0,36,https://www.keiba.go.jp/KeibaWeb/TodayRaceInfo/OddsWide?k_babaCode=19&k_raceDate=2026%2F09%2F29&k_raceNo=7
2026-09-29 17:30:00,17:29,2026-09-29,funabashi,7,15,ワイド,2-3,32.4,34.8,37,https://www.keiba.go.jp/KeibaWeb/TodayRaceInfo/OddsWide?k_babaCode=19&k_raceDate=2026%2F09%2F29&k_raceNo=7
2026-09-29 17:30:00,17:29,2026-09-29,funabashi,7,15,ワイド,2-13,33.6,36.5,38,https://www.keiba.go.jp/KeibaWeb/TodayRaceInfo/OddsWide?k_babaCode=19&k_raceDate=2026%2F09%2F29&k_raceNo=7
2026-09-29 17:30:00,17:29,2026-09-29,funabashi,7,15,ワイド,8-10,34.6,35.6,39,https://www.keiba.go.jp/KeibaWeb/TodayRaceInfo/OddsWide?k_babaCode=19&k_raceDate=2026%2F09%2F29&k_raceNo=7
2026-09-29 17:30:00,17:29,2026-09-29,funabashi,7,15,ワイド,9-12,34.8,37.9,40,https://www.keiba.go.jp/KeibaWeb/TodayRaceInfo/OddsWide?k_babaCode=19&k_raceDate=2026%2F09%2F29&k_raceNo=7
2026-09-29 17:30:00,17:29,2026-09-29,funabashi,7,15,ワイド,2-12,35.7,38.8,41,https://www.keiba.go.jp/KeibaWeb/TodayRaceInfo/OddsWide?k_babaCode=19&k_raceDate=2026%2F09%2F29&k_raceNo=7
2026-09-29 17:30:00,17:29,2026-09-29,funabashi,7,15,ワイド,5-8,35.9,36.5,42,https://www.keiba.go.jp/KeibaWeb/TodayRaceInfo/OddsWide?k_babaCode=19&k_raceDate=2026%2F09%2F29&k_raceNo=7
2026-09-29 17:30:00,17:29,2026-09-29,funabashi,7,15,ワイド,3-9,37.1,39.8,43,https://www.keiba.go.jp/KeibaWeb/TodayRaceInfo/OddsWide?k_babaCode=19&k_raceDate=2026%2F09%2F29&k_raceNo=7
2026-09-29 17:30:00,17:29,2026-09-29,funabashi,7,15,ワイド,5-12,37.7,40.9,44,https://www.keiba.go.jp/KeibaWeb/TodayRaceInfo/OddsWide?k_babaCode=19&k_raceDate=2026%2F09%2F29&k_raceNo=7
2026-09-29 17:30:00,17:29,2026-09-29,funabashi,7,15,ワイド,5-13,40.5,44.0,45,https://www.keiba.go.jp/KeibaWeb/TodayRaceInfo/OddsWide?k_babaCode=19&k_raceDate=2026%2F09%2F29&k_raceNo=7
2026-09-29 17:30:00,17:29,2026-09-29,funabashi,7,15,ワイド,2-4,45.0,46.8,46,https://www.keiba.go.jp/KeibaWeb/TodayRaceInfo/OddsWide?k_babaCode=19&k_raceDate=2026%2F09%2F29&k_raceNo=7
2026-09-29 17:30:00,17:29,2026-09-29,funabashi,7,15,ワイド,1-4,45.7,47.6,47,https://www.keiba.go.jp/KeibaWeb/TodayRaceInfo/OddsWide?k_babaCode=19&k_raceDate=2026%2F09%2F29&k_raceNo=7
2026-09-29 17:30:00,17:29,2026-09-29,funabashi,7,15,ワイド,6-12,46.0,49.9,48,https://www.keiba.go.jp/KeibaWeb/TodayRaceInfo/OddsWide?k_babaCode=19&k_raceDate=2026%2F09%2F29&k_raceNo=7
2026-09-29 17:30:00,17:29,2026-09-29,funabashi,7,15,ワイド,8-14,46.5,48.4,49,https://www.keiba.go.jp/KeibaWeb/TodayRaceInfo/OddsWide?k_babaCode=19&k_raceDate=2026%2F09%2F29&k_raceNo=7
2026-09-29 17:30:00,17:29,2026-09-29,funabashi,7,15,ワイド,3-6,46.5,49.9,50,https://www.keiba.go.jp/KeibaWeb/TodayRaceInfo/OddsWide?k_babaCode=19&k_raceDate=2026%2F09%2F29&k_raceNo=7
2026-09-29 17:30:00,17:29,2026-09-29,funabashi,7,15,ワイド,1-12,46.9,50.7,51,https://www.keiba.go.jp/KeibaWeb/TodayRaceInfo/OddsWide?k_babaCode=19&k_raceDate=2026%2F09%2F29&k_raceNo=7
2026-09-29 17:30:00,17:29,2026-09-29,funabashi,7,15,ワイド,3-5,48.9,52.5,52,https://www.keiba.go.jp/KeibaWeb/TodayRaceInfo/OddsWide?k_babaCode=19&k_raceDate=2026%2F09%2F29&k_raceNo=7
2026-09-29 17:30:00,17:29,2026-09-29,funabashi,7,15,ワイド,5-10,51.2,52.6,53,https://www.keiba.go.jp/KeibaWeb/TodayRaceInfo/OddsWide?k_babaCode=19&k_raceDate=2026%2F09%2F29&k_raceNo=7
2026-09-29 17:30:00,17:29,2026-09-29,funabashi,7,15,ワイド,9-10,53.1,54.6,54,https://www.keiba.go.jp/KeibaWeb/TodayRaceInfo/OddsWide?k_babaCode=19&k_raceDate=2026%2F09%2F29&k_raceNo=7
2026-09-29 17:30:00,17:29,2026-09-29,funabashi,7,15,ワイド,6-13,53.1,57.7,55,https://www.keiba.go.jp/KeibaWeb/TodayRaceInfo/OddsWide?k_babaCode=19&k_raceDate=2026%2F09%2F29&k_raceNo=7
2026-09-29 17:30:00,17:29,2026-09-29,funabashi,7,15,ワイド,4-5,56.6,58.8,56,https://www.keiba.go.jp/KeibaWeb/TodayRaceInfo/OddsWide?k_babaCode=19&k_raceDate=2026%2F09%2F29&k_raceNo=7
2026-09-29 17:30:00,17:29,2026-09-29,funabashi,7,15,ワイド,5-7,57.0,58.9,57,https://www.keiba.go.jp/KeibaWeb/TodayRaceInfo/OddsWide?k_babaCode=19&k_raceDate=2026%2F09%2F29&k_raceNo=7
2026-09-29 17:30:00,17:29,2026-09-29,funabashi,7,15,ワイド,1-13,63.0,68.3,58,https://www.keiba.go.jp/KeibaWeb/TodayRaceInfo/OddsWide?k_babaCode=19&k_raceDate=2026%2F09%2F29&k_raceNo=7
2026-09-29 17:30:00,17:29,2026-09-29,funabashi,7,15,ワイド,2-5,63.5,64.1,59,https://www.keiba.go.jp/KeibaWeb/TodayRaceInfo/OddsWide?k_babaCode=19&k_raceDate=2026%2F09%2F29&k_raceNo=7
2026-09-29 17:30:00,17:29,2026-09-29,funabashi,7,15,ワイド,4-6,64.4,66.8,60,https://www.keiba.go.jp/KeibaWeb/TodayRaceInfo/OddsWide?k_babaCode=19&k_raceDate=2026%2F09%2F29&k_raceNo=7
2026-09-29 17:30:00,17:29,2026-09-29,funabashi,7,15,ワイド,6-7,64.8,66.9,61,https://www.keiba.go.jp/KeibaWeb/TodayRaceInfo/OddsWide?k_babaCode=19&k_raceDate=2026%2F09%2F29&k_raceNo=7
2026-09-29 17:30:00,17:29,2026-09-29,funabashi,7,15,ワイド,8-11,66.3,68.4,62,https://www.keiba.go.jp/KeibaWeb/TodayRaceInfo/OddsWide?k_babaCode=19&k_raceDate=2026%2F09%2F29&k_raceNo=7
2026-09-29 17:30:00,17:29,2026-09-29,funabashi,7,15,ワイド,2-11,69.8,71.8,63,https://www.keiba.go.jp/KeibaWeb/TodayRaceInfo/OddsWide?k_babaCode=19&k_raceDate=2026%2F09%2F29&k_raceNo=7
2026-09-29 17:30:00,17:29,2026-09-29,funabashi,7,15,ワイド,6-8,70.6,71.7,64,https://www.keiba.go.jp/KeibaWeb/TodayRaceInfo/OddsWide?k_babaCode=19&k_raceDate=2026%2F09%2F29&k_raceNo=7
2026-09-29 17:30:00,17:29,2026-09-29,funabashi,7,15,ワイド,8-9,72.2,73.5,65,https://www.keiba.go.jp/KeibaWeb/TodayRaceInfo/OddsWide?k_babaCode=19&k_raceDate=2026%2F09%2F29&k_raceNo=7
2026-09-29 17:30:00,17:29,2026-09-29,funabashi,7,15,ワイド,5-9,72.8,73.6,66,https://www.keiba.go.jp/KeibaWeb/TodayRaceInfo/OddsWide?k_babaCode=19&k_raceDate=2026%2F09%2F29&k_raceNo=7
2026-09-29 17:30:00,17:29,2026-09-29,funabashi,7,15,ワイド,1-8,74.3,75.4,67,https://www.keiba.go.jp/KeibaWeb/TodayRaceInfo/OddsWide?k_babaCode=19&k_raceDate=2026%2F09%2F29&k_raceNo=7
2026-09-29 17:30:00,17:29,2026-09-29,funabashi,7,15,ワイド,2-8,76.1,77.3,68,https://www.keiba.go.jp/KeibaWeb/TodayRaceInfo/OddsWide?k_babaCode=19&k_raceDate=2026%2F09%2F29&k_raceNo=7
2026-09-29 17:30:00,17:29,2026-09-29,funabashi,7,15,ワイド,9-14,76.8,79.6,69,https://www.keiba.go.jp/KeibaWeb/TodayRaceInfo/OddsWide?k_babaCode=19&k_raceDate=2026%2F09%2F29&k_raceNo=7
2026-09-29 17:30:00,17:29,2026-09-29,funabashi,7,15,ワイド,6-14,81.6,84.1,70,https://www.keiba.go.jp/KeibaWeb/TodayRaceInfo/OddsWide?k_babaCode=19&k_raceDate=2026%2F09%2F29&k_raceNo=7
2026-09-29 17:30:00,17:29,2026-09-29,funabashi,7,15,ワイド,2-9,83.0,84.0,71,https://www.keiba.go.jp/KeibaWeb/TodayRaceInfo/OddsWide?k_babaCode=19&k_raceDate=2026%2F09%2F29&k_raceNo=7
2026-09-29 17:30:00,17:29,2026-09-29,funabashi,7,15,ワイド,9-11,84.0,86.5,72,https://www.keiba.go.jp/KeibaWeb/TodayRaceInfo/OddsWide?k_babaCode=19&k_raceDate=2026%2F09%2F29&k_raceNo=7
2026-09-29 17:30:00,17:29,2026-09-29,funabashi,7,15,ワイド,1-2,85.4,86.6,73,https://www.keiba.go.jp/KeibaWeb/TodayRaceInfo/OddsWide?k_babaCode=19&k_raceDate=2026%2F09%2F29&k_raceNo=7
2026-09-29 17:30:00,17:29,2026-09-29,funabashi,7,15,ワイド,2-7,88.7,91.7,74,https://www.keiba.go.jp/KeibaWeb/TodayRaceInfo/OddsWide?k_babaCode=19&k_raceDate=2026%2F09%2F29&k_raceNo=7
2026-09-29 17:30:00,17:29,2026-09-29,funabashi,7,15,ワイド,1-10,89.4,91.8,75,https://www.keiba.go.jp/KeibaWeb/TodayRaceInfo/OddsWide?k_babaCode=19&k_raceDate=2026%2F09%2F29&k_raceNo=7
2026-09-29 17:30:00,17:29,2026-09-29,funabashi,7,15,ワイド,2-10,92.1,94.8,76,https://www.keiba.go.jp/KeibaWeb/TodayRaceInfo/OddsWide?k_babaCode=19&k_raceDate=2026%2F09%2F29&k_raceNo=7
2026-09-29 17:30:00,17:29,2026-09-29,funabashi,7,15,ワイド,7-9,94.6,97.9,77,https://www.keiba.go.jp/KeibaWeb/TodayRaceInfo/OddsWide?k_babaCode=19&k_raceDate=2026%2F09%2F29&k_raceNo=7
2026-09-29 17:30:00,17:29,2026-09-29,funabashi,7,15,ワイド,1-7,94.8,97.9,78,https://www.keiba.go.jp/KeibaWeb/TodayRaceInfo/OddsWide?k_babaCode=19&k_raceDate=2026%2F09%2F29&k_raceNo=7
2026-09-29 17:30:00,17:29,2026-09-29,funabashi,7,15,ワイド,6-10,95.3,97.9,79,https://www.keiba.go.jp/KeibaWeb/TodayRaceInfo/OddsWide?k_babaCode=19&k_raceDate=2026%2F09%2F29&k_raceNo=7
2026-09-29 17:30:00,17:29,2026-09-29,funabashi,7,15,ワイド,1-11,102.2,105.0,80,https://www.keiba.go.jp/KeibaWeb/TodayRaceInfo/OddsWide?k_babaCode=19&k_raceDate=2026%2F09%2F29&k_raceNo=7
2026-09-29 17:30:00,17:29,2026-09-29,funabashi,7,15,ワイド,6-9,103.9,105.0,81,https://www.keiba.go.jp/KeibaWeb/TodayRaceInfo/OddsWide?k_babaCode=19&k_raceDate=2026%2F09%2F29&k_raceNo=7
2026-09-29 17:30:00,17:29,2026-09-29,funabashi,7,15,ワイド,1-5,107.7,108.9,82,https://www.keiba.go.jp/KeibaWeb/TodayRaceInfo/OddsWide?k_babaCode=19&k_raceDate=2026%2F09%2F29&k_raceNo=7
2026-09-29 17:30:00,17:29,2026-09-29,funabashi,7,15,ワイド,5-11,114.3,117.5,83,https://www.keiba.go.jp/KeibaWeb/TodayRaceInfo/OddsWide?k_babaCode=19&k_raceDate=2026%2F09%2F29&k_raceNo=7
2026-09-29 17:30:00,17:29,2026-09-29,funabashi,7,15,ワイド,5-6,132.4,133.4,84,https://www.keiba.go.jp/KeibaWeb/TodayRaceInfo/OddsWide?k_babaCode=19&k_raceDate=2026%2F09%2F29&k_raceNo=7
2026-09-29 17:30:00,17:29,2026-09-29,funabashi,7,15,ワイド,6-11,150.4,154.4,85,https://www.keiba.go.jp/KeibaWeb/TodayRaceInfo/OddsWide?k_babaCode=19&k_raceDate=2026%2F09%2F29&k_raceNo=7
2026-09-29 17:30:00,17:29,2026-09-29,funabashi,7,15,ワイド,5-14,167.2,172.6,86,https://www.keiba.go.jp/KeibaWeb/TodayRaceInfo/OddsWide?k_babaCode=19&k_raceDate=2026%2F09%2F29&k_raceNo=7
2026-09-29 17:30:00,17:29,2026-09-29,funabashi,7,15,ワイド,2-6,171.0,172.4,87,https://www.keiba.go.jp/KeibaWeb/TodayRaceInfo/OddsWide?k_babaCode=19&k_raceDate=2026%2F09%2F29&k_raceNo=7
2026-09-29 17:30:00,17:29,2026-09-29,funabashi,7,15,ワイド,2-14,177.4,183.2,88,https://www.keiba.go.jp/KeibaWeb/TodayRaceInfo/OddsWide?k_babaCode=19&k_raceDate=2026%2F09%2F29&k_raceNo=7
2026-09-29 17:30:00,17:29,2026-09-29,funabashi,7,15,ワイド,1-9,206.9,209.4,89,https://www.keiba.go.jp/KeibaWeb/TodayRaceInfo/OddsWide?k_babaCode=19&k_raceDate=2026%2F09%2F29&k_raceNo=7
2026-09-29 17:30:00,17:29,2026-09-29,funabashi,7,15,ワイド,1-6,207.2,209.4,90,https://www.keiba.go.jp/KeibaWeb/TodayRaceInfo/OddsWide?k_babaCode=19&k_raceDate=2026%2F09%2F29&k_raceNo=7
2026-09-29 17:30:00,17:29,2026-09-29,funabashi,7,15,ワイド,1-14,237.2,244.2,91,https://www.keiba.go.jp/KeibaWeb/TodayRaceInfo/OddsWide?k_babaCode=19&k_raceDate=2026%2F09%2F29&k_raceNo=7
2026-09-29 17:30:00,17:29,2026-09-29,funabashi,7,15,三連複,3-12-13,5.5,5.5,1,https://www.keiba.go.jp/KeibaWeb/TodayRaceInfo/Odds3LenFuku?k_babaCode=19&k_raceDate=2026%2F09%2F29&k_raceNo=7
2026-09-29 17:30:00,17:29,2026-09-29,funabashi,7,15,三連複,4-12-13,15.9,15.9,2,https://www.keiba.go.jp/KeibaWeb/TodayRaceInfo/Odds3LenFuku?k_babaCode=19&k_raceDate=2026%2F09%2F29&k_raceNo=7
2026-09-29 17:30:00,17:29,2026-09-29,funabashi,7,15,三連複,3-4-12,19.8,19.8,3,https://www.keiba.go.jp/KeibaWeb/TodayRaceInfo/Odds3LenFuku?k_babaCode=19&k_raceDate=2026%2F09%2F29&k_raceNo=7
2026-09-29 17:30:00,17:29,2026-09-29,funabashi,7,15,三連複,10-12-13,22.2,22.2,4,https://www.keiba.go.jp/KeibaWeb/TodayRaceInfo/Odds3LenFuku?k_babaCode=19&k_raceDate=2026%2F09%2F29&k_raceNo=7
2026-09-29 17:30:00,17:29,2026-09-29,funabashi,7,15,三連複,7-12-13,28.2,28.2,5,https://www.keiba.go.jp/KeibaWeb/TodayRaceInfo/Odds3LenFuku?k_babaCode=19&k_raceDate=2026%2F09%2F29&k_raceNo=7
2026-09-29 17:30:00,17:29,2026-09-29,funabashi,7,15,三連複,3-4-13,28.4,28.4,6,https://www.keiba.go.jp/KeibaWeb/TodayRaceInfo/Odds3LenFuku?k_babaCode=19&k_raceDate=2026%2F09%2F29&k_raceNo=7
2026-09-29 17:30:00,17:29,2026-09-29,funabashi,7,15,三連複,12-13-14,30.7,30.7,7,https://www.keiba.go.jp/KeibaWeb/TodayRaceInfo/Odds3LenFuku?k_babaCode=19&k_raceDate=2026%2F09%2F29&k_raceNo=7
2026-09-29 17:30:00,17:29,2026-09-29,funabashi,7,15,三連複,3-10-13,31.4,31.4,8,https://www.keiba.go.jp/KeibaWeb/TodayRaceInfo/Odds3LenFuku?k_babaCode=19&k_raceDate=2026%2F09%2F29&k_raceNo=7
2026-09-29 17:30:00,17:29,2026-09-29,funabashi,7,15,三連複,11-12-13,32.1,32.1,9,https://www.keiba.go.jp/KeibaWeb/TodayRaceInfo/Odds3LenFuku?k_babaCode=19&k_raceDate=2026%2F09%2F29&k_raceNo=7
2026-09-29 17:30:00,17:29,2026-09-29,funabashi,7,15,三連複,3-7-12,35.9,35.9,10,https://www.keiba.go.jp/KeibaWeb/TodayRaceInfo/Odds3LenFuku?k_babaCode=19&k_raceDate=2026%2F09%2F29&k_raceNo=7
2026-09-29 17:30:00,17:29,2026-09-29,funabashi,7,15,三連複,3-10-12,37.0,37.0,11,https://www.keiba.go.jp/KeibaWeb/TodayRaceInfo/Odds3LenFuku?k_babaCode=19&k_raceDate=2026%2F09%2F29&k_raceNo=7
2026-09-29 17:30:00,17:29,2026-09-29,funabashi,7,15,三連複,3-7-13,50.7,50.7,12,https://www.keiba.go.jp/KeibaWeb/TodayRaceInfo/Odds3LenFuku?k_babaCode=19&k_raceDate=2026%2F09%2F29&k_raceNo=7
2026-09-29 17:30:00,17:29,2026-09-29,funabashi,7,15,三連複,4-7-12,58.4,58.4,13,https://www.keiba.go.jp/KeibaWeb/TodayRaceInfo/Odds3LenFuku?k_babaCode=19&k_raceDate=2026%2F09%2F29&k_raceNo=7
2026-09-29 17:30:00,17:29,2026-09-29,funabashi,7,15,三連複,6-12-13,58.9,58.9,14,https://www.keiba.go.jp/KeibaWeb/TodayRaceInfo/Odds3LenFuku?k_babaCode=19&k_raceDate=2026%2F09%2F29&k_raceNo=7
2026-09-29 17:30:00,17:29,2026-09-29,funabashi,7,15,三連複,5-12-13,65.2,65.2,15,https://www.keiba.go.jp/KeibaWeb/TodayRaceInfo/Odds3LenFuku?k_babaCode=19&k_raceDate=2026%2F09%2F29&k_raceNo=7
2026-09-29 17:30:00,17:29,2026-09-29,funabashi,7,15,三連複,1-12-13,65.8,65.8,16,https://www.keiba.go.jp/KeibaWeb/TodayRaceInfo/Odds3LenFuku?k_babaCode=19&k_raceDate=2026%2F09%2F29&k_raceNo=7
2026-09-29 17:30:00,17:29,2026-09-29,funabashi,7,15,三連複,9-12-13,66.1,66.1,17,https://www.keiba.go.jp/KeibaWeb/TodayRaceInfo/Odds3LenFuku?k_babaCode=19&k_raceDate=2026%2F09%2F29&k_raceNo=7
2026-09-29 17:30:00,17:29,2026-09-29,funabashi,7,15,三連複,3-13-14,67.2,67.2,18,https://www.keiba.go.jp/KeibaWeb/TodayRaceInfo/Odds3LenFuku?k_babaCode=19&k_raceDate=2026%2F09%2F29&k_raceNo=7
2026-09-29 17:30:00,17:29,2026-09-29,funabashi,7,15,三連複,3-4-7,67.7,67.7,19,https://www.keiba.go.jp/KeibaWeb/TodayRaceInfo/Odds3LenFuku?k_babaCode=19&k_raceDate=2026%2F09%2F29&k_raceNo=7
2026-09-29 17:30:00,17:29,2026-09-29,funabashi,7,15,三連複,3-11-13,70.8,70.8,20,https://www.keiba.go.jp/KeibaWeb/TodayRaceInfo/Odds3LenFuku?k_babaCode=19&k_raceDate=2026%2F09%2F29&k_raceNo=7
2026-09-29 17:30:00,17:29,2026-09-29,funabashi,7,15,三連複,4-10-13,74.3,74.3,21,https://www.keiba.go.jp/KeibaWeb/TodayRaceInfo/Odds3LenFuku?k_babaCode=19&k_raceDate=2026%2F09%2F29&k_raceNo=7
2026-09-29 17:30:00,17:29,2026-09-29,funabashi,7,15,三連複,4-10-12,75.8,75.8,22,https://www.keiba.go.jp/KeibaWeb/TodayRaceInfo/Odds3LenFuku?k_babaCode=19&k_raceDate=2026%2F09%2F29&k_raceNo=7
2026-09-29 17:30:00,17:29,2026-09-29,funabashi,7,15,三連複,3-12-14,76.4,76.4,23,https://www.keiba.go.jp/KeibaWeb/TodayRaceInfo/Odds3LenFuku?k_babaCode=19&k_raceDate=2026%2F09%2F29&k_raceNo=7
2026-09-29 17:30:00,17:29,2026-09-29,funabashi,7,15,三連複,8-12-13,76.7,76.7,24,https://www.keiba.go.jp/KeibaWeb/TodayRaceInfo/Odds3LenFuku?k_babaCode=19&k_raceDate=2026%2F09%2F29&k_raceNo=7
2026-09-29 17:30:00,17:29,2026-09-29,funabashi,7,15,三連複,3-4-10,81.1,81.1,25,https://www.keiba.go.jp/KeibaWeb/TodayRaceInfo/Odds3LenFuku?k_babaCode=19&k_raceDate=2026%2F09%2F29&k_raceNo=7
2026-09-29 17:30:00,17:29,2026-09-29,funabashi,7,15,三連複,3-11-12,84.6,84.6,26,https://www.keiba.go.jp/KeibaWeb/TodayRaceInfo/Odds3LenFuku?k_babaCode=19&k_raceDate=2026%2F09%2F29&k_raceNo=7
2026-09-29 17:30:00,17:29,2026-09-29,funabashi,7,15,三連複,3-6-12,85.7,85.7,27,https://www.keiba.go.jp/KeibaWeb/TodayRaceInfo/Odds3LenFuku?k_babaCode=19&k_raceDate=2026%2F09%2F29&k_raceNo=7
2026-09-29 17:30:00,17:29,2026-09-29,funabashi,7,15,三連複,2-12-13,89.6,89.6,28,https://www.keiba.go.jp/KeibaWeb/TodayRaceInfo/Odds3LenFuku?k_babaCode=19&k_raceDate=2026%2F09%2F29&k_raceNo=7
2026-09-29 17:30:00,17:29,2026-09-29,funabashi,7,15,三連複,1-3-12,97.2,97.2,29,https://www.keiba.go.jp/KeibaWeb/TodayRaceInfo/Odds3LenFuku?k_babaCode=19&k_raceDate=2026%2F09%2F29&k_raceNo=7
2026-09-29 17:30:00,17:29,2026-09-29,funabashi,7,15,三連複,3-5-12,100.1,100.1,30,https://www.keiba.go.jp/KeibaWeb/TodayRaceInfo/Odds3LenFuku?k_babaCode=19&k_raceDate=2026%2F09%2F29&k_raceNo=7
2026-09-29 17:30:00,17:29,2026-09-29,funabashi,7,15,三連複,4-7-13,101.2,101.2,31,https://www.keiba.go.jp/KeibaWeb/TodayRaceInfo/Odds3LenFuku?k_babaCode=19&k_raceDate=2026%2F09%2F29&k_raceNo=7
2026-09-29 17:30:00,17:29,2026-09-29,funabashi,7,15,三連複,3-8-12,106.1,106.1,32,https://www.keiba.go.jp/KeibaWeb/TodayRaceInfo/Odds3LenFuku?k_babaCode=19&k_raceDate=2026%2F09%2F29&k_raceNo=7
2026-09-29 17:30:00,17:29,2026-09-29,funabashi,7,15,三連複,4-11-12,123.5,123.5,33,https://www.keiba.go.jp/KeibaWeb/TodayRaceInfo/Odds3LenFuku?k_babaCode=19&k_raceDate=2026%2F09%2F29&k_raceNo=7
2026-09-29 17:30:00,17:29,2026-09-29,funabashi,7,15,三連複,4-13-14,126.6,126.6,34,https://www.keiba.go.jp/KeibaWeb/TodayRaceInfo/Odds3LenFuku?k_babaCode=19&k_raceDate=2026%2F09%2F29&k_raceNo=7
2026-09-29 17:30:00,17:29,2026-09-29,funabashi,7,15,三連複,10-13-14,127.5,127.5,35,https://www.keiba.go.jp/KeibaWeb/TodayRaceInfo/Odds3LenFuku?k_babaCode=19&k_raceDate=2026%2F09%2F29&k_raceNo=7
2026-09-29 17:30:00,17:29,2026-09-29,funabashi,7,15,三連複,3-7-10,134.4,134.4,36,https://www.keiba.go.jp/KeibaWeb/TodayRaceInfo/Odds3LenFuku?k_babaCode=19&k_raceDate=2026%2F09%2F29&k_raceNo=7
2026-09-29 17:30:00,17:29,2026-09-29,funabashi,7,15,三連複,7-10-12,138.2,138.2,37,https://www.keiba.go.jp/KeibaWeb/TodayRaceInfo/Odds3LenFuku?k_babaCode=19&k_raceDate=2026%2F09%2F29&k_raceNo=7
2026-09-29 17:30:00,17:29,2026-09-29,funabashi,7,15,三連複,1-3-13,139.2,139.2,38,https://www.keiba.go.jp/KeibaWeb/TodayRaceInfo/Odds3LenFuku?k_babaCode=19&k_raceDate=2026%2F09%2F29&k_raceNo=7
2026-09-29 17:30:00,17:29,2026-09-29,funabashi,7,15,三連複,3-4-11,139.2,139.2,38,https://www.keiba.go.jp/KeibaWeb/TodayRaceInfo/Odds3LenFuku?k_babaCode=19&k_raceDate=2026%2F09%2F29&k_raceNo=7
2026-09-29 17:30:00,17:29,2026-09-29,funabashi,7,15,三連複,4-11-13,139.2,139.2,38,https://www.keiba.go.jp/KeibaWeb/TodayRaceInfo/Odds3LenFuku?k_babaCode=19&k_raceDate=2026%2F09%2F29&k_raceNo=7
2026-09-29 17:30:00,17:29,2026-09-29,funabashi,7,15,三連複,7-10-13,141.2,141.2,41,https://www.keiba.go.jp/KeibaWeb/TodayRaceInfo/Odds3LenFuku?k_babaCode=19&k_raceDate=2026%2F09%2F29&k_raceNo=7
2026-09-29 17:30:00,17:29,2026-09-29,funabashi,7,15,三連複,4-6-12,146.5,146.5,42,https://www.keiba.go.jp/KeibaWeb/TodayRaceInfo/Odds3LenFuku?k_babaCode=19&k_raceDate=2026%2F09%2F29&k_raceNo=7
2026-09-29 17:30:00,17:29,2026-09-29,funabashi,7,15,三連複,1-4-12,147.6,147.6,43,https://www.keiba.go.jp/KeibaWeb/TodayRaceInfo/Odds3LenFuku?k_babaCode=19&k_raceDate=2026%2F09%2F29&k_raceNo=7
2026-09-29 17:30:00,17:29,2026-09-29,funabashi,7,15,三連複,10-11-13,147.6,147.6,43,https://www.keiba.go.jp/KeibaWeb/TodayRaceInfo/Odds3LenFuku?k_babaCode=19&k_raceDate=2026%2F09%2F29&k_raceNo=7
2026-09-29 17:30:00,17:29,2026-09-29,funabashi,7,15,三連複,1-3-4,153.4,153.4,45,https://www.keiba.go.jp/KeibaWeb/TodayRaceInfo/Odds3LenFuku?k_babaCode=19&k_raceDate=2026%2F09%2F29&k_raceNo=7
2026-09-29 17:30:00,17:29,2026-09-29,funabashi,7,15,三連複,3-6-13,153.4,153.4,45,https://www.keiba.go.jp/KeibaWeb/TodayRaceInfo/Odds3LenFuku?k_babaCode=19&k_raceDate=2026%2F09%2F29&k_raceNo=7
2026-09-29 17:30:00,17:29,2026-09-29,funabashi,7,15,三連複,4-12-14,154.6,154.6,47,https://www.keiba.go.jp/KeibaWeb/TodayRaceInfo/Odds3LenFuku?k_babaCode=19&k_raceDate=2026%2F09%2F29&k_raceNo=7
2026-09-29 17:30:00,17:29,2026-09-29,funabashi,7,15,三連複,3-4-14,155.8,155.8,48,https://www.keiba.go.jp/KeibaWeb/TodayRaceInfo/Odds3LenFuku?k_babaCode=19&k_raceDate=2026%2F09%2F29&k_raceNo=7
2026-09-29 17:30:00,17:29,2026-09-29,funabashi,7,15,三連複,10-11-12,155.8,155.8,48,https://www.keiba.go.jp/KeibaWeb/TodayRaceInfo/Odds3LenFuku?k_babaCode=19&k_raceDate=2026%2F09%2F29&k_raceNo=7
2026-09-29 17:30:00,17:29,2026-09-29,funabashi,7,15,三連複,3-9-13,157.0,157.0,50,https://www.keiba.go.jp/KeibaWeb/TodayRaceInfo/Odds3LenFuku?k_babaCode=19&k_raceDate=2026%2F09%2F29&k_raceNo=7
2026-09-29 17:30:00,17:29,2026-09-29,funabashi,7,15,三連複,2-3-12,162.2,162.2,51,https://www.keiba.go.jp/KeibaWeb/TodayRaceInfo/Odds3LenFuku?k_babaCode=19&k_raceDate=2026%2F09%2F29&k_raceNo=7
2026-09-29 17:30:00,17:29,2026-09-29,funabashi,7,15,三連複,10-12-14,162.2,162.2,51,https://www.keiba.go.jp/KeibaWeb/TodayRaceInfo/Odds3LenFuku?k_babaCode=19&k_raceDate=2026%2F09%2F29&k_raceNo=7
2026-09-29 17:30:00,17:29,2026-09-29,funabashi,7,15,三連複,3-5-13,163.6,163.6,53,https://www.keiba.go.jp/KeibaWeb/TodayRaceInfo/Odds3LenFuku?k_babaCode=19&k_raceDate=2026%2F09%2F29&k_raceNo=7
2026-09-29 17:30:00,17:29,2026-09-29,funabashi,7,15,三連複,3-9-12,165.0,165.0,54,https://www.keiba.go.jp/KeibaWeb/TodayRaceInfo/Odds3LenFuku?k_babaCode=19&k_raceDate=2026%2F09%2F29&k_raceNo=7
2026-09-29 17:30:00,17:29,2026-09-29,funabashi,7,15,三連複,3-8-13,172.2,172.2,55,https://www.keiba.go.jp/KeibaWeb/TodayRaceInfo/Odds3LenFuku?k_babaCode=19&k_raceDate=2026%2F09%2F29&k_raceNo=7
2026-09-29 17:30:00,17:29,2026-09-29,funabashi,7,15,三連複,2-3-13,175.3,175.3,56,https://www.keiba.go.jp/KeibaWeb/TodayRaceInfo/Odds3LenFuku?k_babaCode=19&k_raceDate=2026%2F09%2F29&k_raceNo=7
2026-09-29 17:30:00,17:29,2026-09-29,funabashi,7,15,三連複,3-10-14,178.5,178.5,57,https://www.keiba.go.jp/KeibaWeb/TodayRaceInfo/Odds3LenFuku?k_babaCode=19&k_raceDate=2026%2F09%2F29&k_raceNo=7
2026-09-29 17:30:00,17:29,2026-09-29,funabashi,7,15,三連複,4-8-12,187.0,187.0,58,https://www.keiba.go.jp/KeibaWeb/TodayRaceInfo/Odds3LenFuku?k_babaCode=19&k_raceDate=2026%2F09%2F29&k_raceNo=7
2026-09-29 17:30:00,17:29,2026-09-29,funabashi,7,15,三連複,4-8-13,188.8,188.8,59,https://www.keiba.go.jp/KeibaWeb/TodayRaceInfo/Odds3LenFuku?k_babaCode=19&k_raceDate=2026%2F09%2F29&k_raceNo=7
2026-09-29 17:30:00,17:29,2026-09-29,funabashi,7,15,三連複,11-13-14,196.3,196.3,60,https://www.keiba.go.jp/KeibaWeb/TodayRaceInfo/Odds3LenFuku?k_babaCode=19&k_raceDate=2026%2F09%2F29&k_raceNo=7
2026-09-29 17:30:00,17:29,2026-09-29,funabashi,7,15,三連複,4-7-10,220.6,220.6,61,https://www.keiba.go.jp/KeibaWeb/TodayRaceInfo/Odds3LenFuku?k_babaCode=19&k_raceDate=2026%2F09%2F29&k_raceNo=7
2026-09-29 17:30:00,17:29,2026-09-29,funabashi,7,15,三連複,1-4-13,223.1,223.1,62,https://www.keiba.go.jp/KeibaWeb/TodayRaceInfo/Odds3LenFuku?k_babaCode=19&k_raceDate=2026%2F09%2F29&k_raceNo=7
2026-09-29 17:30:00,17:29,2026-09-29,funabashi,7,15,三連複,6-7-12,223.1,223.1,62,https://www.keiba.go.jp/KeibaWeb/TodayRaceInfo/Odds3LenFuku?k_babaCode=19&k_raceDate=2026%2F09%2F29&k_raceNo=7
2026-09-29 17:30:00,17:29,2026-09-29,funabashi,7,15,三連複,3-4-8,228.3,228.3,64,https://www.keiba.go.jp/KeibaWeb/TodayRaceInfo/Odds3LenFuku?k_babaCode=19&k_raceDate=2026%2F09%2F29&k_raceNo=7
2026-09-29 17:30:00,17:29,2026-09-29,funabashi,7,15,三連複,3-4-5,239.4,239.4,65,https://www.keiba.go.jp/KeibaWeb/TodayRaceInfo/Odds3LenFuku?k_babaCode=19&k_raceDate=2026%2F09%2F29&k_raceNo=7
2026-09-29 17:30:00,17:29,2026-09-29,funabashi,7,15,三連複,3-10-11,239.4,239.4,65,https://www.keiba.go.jp/KeibaWeb/TodayRaceInfo/Odds3LenFuku?k_babaCode=19&k_raceDate=2026%2F09%2F29&k_raceNo=7
2026-09-29 17:30:00,17:29,2026-09-29,funabashi,7,15,三連複,11-12-14,242.4,242.4,67,https://www.keiba.go.jp/KeibaWeb/TodayRaceInfo/Odds3LenFuku?k_babaCode=19&k_raceDate=2026%2F09%2F29&k_raceNo=7
2026-09-29 17:30:00,17:29,2026-09-29,funabashi,7,15,三連複,7-13-14,248.5,248.5,68,https://www.keiba.go.jp/KeibaWeb/TodayRaceInfo/Odds3LenFuku?k_babaCode=19&k_raceDate=2026%2F09%2F29&k_raceNo=7
2026-09-29 17:30:00,17:29,2026-09-29,funabashi,7,15,三連複,4-5-12,255.0,255.0,69,https://www.keiba.go.jp/KeibaWeb/TodayRaceInfo/Odds3LenFuku?k_babaCode=19&k_raceDate=2026%2F09%2F29&k_raceNo=7
2026-09-29 17:30:00,17:29,2026-09-29,funabashi,7,15,三連複,7-12-14,255.0,255.0,69,https://www.keiba.go.jp/KeibaWeb/TodayRaceInfo/Odds3LenFuku?k_babaCode=19&k_raceDate=2026%2F09%2F29&k_raceNo=7
2026-09-29 17:30:00,17:29,2026-09-29,funabashi,7,15,三連複,4-9-13,268.9,268.9,71,https://www.keiba.go.jp/KeibaWeb/TodayRaceInfo/Odds3LenFuku?k_babaCode=19&k_raceDate=2026%2F09%2F29&k_raceNo=7
2026-09-29 17:30:00,17:29,2026-09-29,funabashi,7,15,三連複,7-11-13,272.7,272.7,72,https://www.keiba.go.jp/KeibaWeb/TodayRaceInfo/Odds3LenFuku?k_babaCode=19&k_raceDate=2026%2F09%2F29&k_raceNo=7
2026-09-29 17:30:00,17:29,2026-09-29,funabashi,7,15,三連複,1-3-7,288.7,288.7,73,https://www.keiba.go.jp/KeibaWeb/TodayRaceInfo/Odds3LenFuku?k_babaCode=19&k_raceDate=2026%2F09%2F29&k_raceNo=7
2026-09-29 17:30:00,17:29,2026-09-29,funabashi,7,15,三連複,8-10-12,293.0,293.0,74,https://www.keiba.go.jp/KeibaWeb/TodayRaceInfo/Odds3LenFuku?k_babaCode=19&k_raceDate=2026%2F09%2F29&k_raceNo=7
2026-09-29 17:30:00,17:29,2026-09-29,funabashi,7,15,三連複,9-10-13,297.5,297.5,75,https://www.keiba.go.jp/KeibaWeb/TodayRaceInfo/Odds3LenFuku?k_babaCode=19&k_raceDate=2026%2F09%2F29&k_raceNo=7
2026-09-29 17:30:00,17:29,2026-09-29,funabashi,7,15,三連複,4-10-14,302.1,302.1,76,https://www.keiba.go.jp/KeibaWeb/TodayRaceInfo/Odds3LenFuku?k_babaCode=19&k_raceDate=2026%2F09%2F29&k_raceNo=7
2026-09-29 17:30:00,17:29,2026-09-29,funabashi,7,15,三連複,3-4-6,306.8,306.8,77,https://www.keiba.go.jp/KeibaWeb/TodayRaceInfo/Odds3LenFuku?k_babaCode=19&k_raceDate=2026%2F09%2F29&k_raceNo=7
2026-09-29 17:30:00,17:29,2026-09-29,funabashi,7,15,三連複,6-10-12,306.8,306.8,77,https://www.keiba.go.jp/KeibaWeb/TodayRaceInfo/Odds3LenFuku?k_babaCode=19&k_raceDate=2026%2F09%2F29&k_raceNo=7
2026-09-29 17:30:00,17:29,2026-09-29,funabashi,7,15,三連複,1-10-12,316.7,316.7,79,https://www.keiba.go.jp/KeibaWeb/TodayRaceInfo/Odds3LenFuku?k_babaCode=19&k_raceDate=2026%2F09%2F29&k_raceNo=7
2026-09-29 17:30:00,17:29,2026-09-29,funabashi,7,15,三連複,3-7-14,316.7,316.7,79,https://www.keiba.go.jp/KeibaWeb/TodayRaceInfo/Odds3LenFuku?k_babaCode=19&k_raceDate=2026%2F09%2F29&k_raceNo=7
2026-09-29 17:30:00,17:29,2026-09-29,funabashi,7,15,三連複,5-7-12,321.9,321.9,81,https://www.keiba.go.jp/KeibaWeb/TodayRaceInfo/Odds3LenFuku?k_babaCode=19&k_raceDate=2026%2F09%2F29&k_raceNo=7
2026-09-29 17:30:00,17:29,2026-09-29,funabashi,7,15,三連複,4-7-8,332.8,332.8,82,https://www.keiba.go.jp/KeibaWeb/TodayRaceInfo/Odds3LenFuku?k_babaCode=19&k_raceDate=2026%2F09%2F29&k_raceNo=7
2026-09-29 17:30:00,17:29,2026-09-29,funabashi,7,15,三連複,4-9-12,332.8,332.8,82,https://www.keiba.go.jp/KeibaWeb/TodayRaceInfo/Odds3LenFuku?k_babaCode=19&k_raceDate=2026%2F09%2F29&k_raceNo=7
2026-09-29 17:30:00,17:29,2026-09-29,funabashi,7,15,三連複,9-10-12,344.5,344.5,84,https://www.keiba.go.jp/KeibaWeb/TodayRaceInfo/Odds3LenFuku?k_babaCode=19&k_raceDate=2026%2F09%2F29&k_raceNo=7
2026-09-29 17:30:00,17:29,2026-09-29,funabashi,7,15,三連複,7-8-12,350.6,350.6,85,https://www.keiba.go.jp/KeibaWeb/TodayRaceInfo/Odds3LenFuku?k_babaCode=19&k_raceDate=2026%2F09%2F29&k_raceNo=7
2026-09-29 17:30:00,17:29,2026-09-29,funabashi,7,15,三連複,3-7-11,357.0,357.0,86,https://www.keiba.go.jp/KeibaWeb/TodayRaceInfo/Odds3LenFuku?k_babaCode=19&k_raceDate=2026%2F09%2F29&k_raceNo=7
2026-09-29 17:30:00,17:29,2026-09-29,funabashi,7,15,三連複,7-11-12,357.0,357.0,86,https://www.keiba.go.jp/KeibaWeb/TodayRaceInfo/Odds3LenFuku?k_babaCode=19&k_raceDate=2026%2F09%2F29&k_raceNo=7
2026-09-29 17:30:00,17:29,2026-09-29,funabashi,7,15,三連複,2-3-4,370.5,370.5,88,https://www.keiba.go.jp/KeibaWeb/TodayRaceInfo/Odds3LenFuku?k_babaCode=19&k_raceDate=2026%2F09%2F29&k_raceNo=7
2026-09-29 17:30:00,17:29,2026-09-29,funabashi,7,15,三連複,3-4-9,377.6,377.6,89,https://www.keiba.go.jp/KeibaWeb/TodayRaceInfo/Odds3LenFuku?k_babaCode=19&k_raceDate=2026%2F09%2F29&k_raceNo=7
2026-09-29 17:30:00,17:29,2026-09-29,funabashi,7,15,三連複,1-4-7,392.7,392.7,90,https://www.keiba.go.jp/KeibaWeb/TodayRaceInfo/Odds3LenFuku?k_babaCode=19&k_raceDate=2026%2F09%2F29&k_raceNo=7
2026-09-29 17:30:00,17:29,2026-09-29,funabashi,7,15,三連複,4-8-10,392.7,392.7,90,https://www.keiba.go.jp/KeibaWeb/TodayRaceInfo/Odds3LenFuku?k_babaCode=19&k_raceDate=2026%2F09%2F29&k_raceNo=7
2026-09-29 17:30:00,17:29,2026-09-29,funabashi,7,15,三連複,4-5-13,400.7,400.7,92,https://www.keiba.go.jp/KeibaWeb/TodayRaceInfo/Odds3LenFuku?k_babaCode=19&k_raceDate=2026%2F09%2F29&k_raceNo=7
2026-09-29 17:30:00,17:29,2026-09-29,funabashi,7,15,三連複,4-7-11,400.7,400.7,92,https://www.keiba.go.jp/KeibaWeb/TodayRaceInfo/Odds3LenFuku?k_babaCode=19&k_raceDate=2026%2F09%2F29&k_raceNo=7
2026-09-29 17:30:00,17:29,2026-09-29,funabashi,7,15,三連複,3-8-10,409.0,409.0,94,https://www.keiba.go.jp/KeibaWeb/TodayRaceInfo/Odds3LenFuku?k_babaCode=19&k_raceDate=2026%2F09%2F29&k_raceNo=7
2026-09-29 17:30:00,17:29,2026-09-29,funabashi,7,15,三連複,4-7-14,409.0,409.0,94,https://www.keiba.go.jp/KeibaWeb/TodayRaceInfo/Odds3LenFuku?k_babaCode=19&k_raceDate=2026%2F09%2F29&k_raceNo=7
2026-09-29 17:30:00,17:29,2026-09-29,funabashi,7,15,三連複,8-11-13,409.0,409.0,94,https://www.keiba.go.jp/KeibaWeb/TodayRaceInfo/Odds3LenFuku?k_babaCode=19&k_raceDate=2026%2F09%2F29&k_raceNo=7
2026-09-29 17:30:00,17:29,2026-09-29,funabashi,7,15,三連複,1-4-10,417.8,417.8,97,https://www.keiba.go.jp/KeibaWeb/TodayRaceInfo/Odds3LenFuku?k_babaCode=19&k_raceDate=2026%2F09%2F29&k_raceNo=7
2026-09-29 17:30:00,17:29,2026-09-29,funabashi,7,15,三連複,1-7-12,417.8,417.8,97,https://www.keiba.go.jp/KeibaWeb/TodayRaceInfo/Odds3LenFuku?k_babaCode=19&k_raceDate=2026%2F09%2F29&k_raceNo=7
2026-09-29 17:30:00,17:29,2026-09-29,funabashi,7,15,三連複,3-5-7,436.3,436.3,99,https://www.keiba.go.jp/KeibaWeb/TodayRaceInfo/Odds3LenFuku?k_babaCode=19&k_raceDate=2026%2F09%2F29&k_raceNo=7
2026-09-29 17:30:00,17:29,2026-09-29,funabashi,7,15,三連複,2-4-12,446.2,446.2,100,https://www.keiba.go.jp/KeibaWeb/TodayRaceInfo/Odds3LenFuku?k_babaCode=19&k_raceDate=2026%2F09%2F29&k_raceNo=7
2026-09-29 17:30:00,17:29,2026-09-29,funabashi,7,15,三連複,2-11-13,446.2,446.2,100,https://www.keiba.go.jp/KeibaWeb/TodayRaceInfo/Odds3LenFuku?k_babaCode=19&k_raceDate=2026%2F09%2F29&k_raceNo=7
2026-09-29 17:30:00,17:29,2026-09-29,funabashi,7,15,三連複,3-6-10,446.2,446.2,100,https://www.keiba.go.jp/KeibaWeb/TodayRaceInfo/Odds3LenFuku?k_babaCode=19&k_raceDate=2026%2F09%2F29&k_raceNo=7
2026-09-29 17:30:00,17:29,2026-09-29,funabashi,7,15,三連複,7-10-14,446.2,446.2,100,https://www.keiba.go.jp/KeibaWeb/TodayRaceInfo/Odds3LenFuku?k_babaCode=19&k_raceDate=2026%2F09%2F29&k_raceNo=7
2026-09-29 17:30:00,17:29,2026-09-29,funabashi,7,15,三連複,1-3-10,467.5,467.5,104,https://www.keiba.go.jp/KeibaWeb/TodayRaceInfo/Odds3LenFuku?k_babaCode=19&k_raceDate=2026%2F09%2F29&k_raceNo=7
2026-09-29 17:30:00,17:29,2026-09-29,funabashi,7,15,三連複,4-10-11,467.5,467.5,104,https://www.keiba.go.jp/KeibaWeb/TodayRaceInfo/Odds3LenFuku?k_babaCode=19&k_raceDate=2026%2F09%2F29&k_raceNo=7
2026-09-29 17:30:00,17:29,2026-09-29,funabashi,7,15,三連複,1-2-3,478.9,478.9,106,https://www.keiba.go.jp/KeibaWeb/TodayRaceInfo/Odds3LenFuku?k_babaCode=19&k_raceDate=2026%2F09%2F29&k_raceNo=7
2026-09-29 17:30:00,17:29,2026-09-29,funabashi,7,15,三連複,3-9-10,478.9,478.9,106,https://www.keiba.go.jp/KeibaWeb/TodayRaceInfo/Odds3LenFuku?k_babaCode=19&k_raceDate=2026%2F09%2F29&k_raceNo=7
2026-09-29 17:30:00,17:29,2026-09-29,funabashi,7,15,三連複,7-9-12,478.9,478.9,106,https://www.keiba.go.jp/KeibaWeb/TodayRaceInfo/Odds3LenFuku?k_babaCode=19&k_raceDate=2026%2F09%2F29&k_raceNo=7
2026-09-29 17:30:00,17:29,2026-09-29,funabashi,7,15,三連複,8-9-10,478.9,478.9,106,https://www.keiba.go.jp/KeibaWeb/TodayRaceInfo/Odds3LenFuku?k_babaCode=19&k_raceDate=2026%2F09%2F29&k_raceNo=7
2026-09-29 17:30:00,17:29,2026-09-29,funabashi,7,15,三連複,4-5-7,490.9,490.9,110,https://www.keiba.go.jp/KeibaWeb/TodayRaceInfo/Odds3LenFuku?k_babaCode=19&k_raceDate=2026%2F09%2F29&k_raceNo=7
2026-09-29 17:30:00,17:29,2026-09-29,funabashi,7,15,三連複,4-6-13,490.9,490.9,110,https://www.keiba.go.jp/KeibaWeb/TodayRaceInfo/Odds3LenFuku?k_babaCode=19&k_raceDate=2026%2F09%2F29&k_raceNo=7
2026-09-29 17:30:00,17:29,2026-09-29,funabashi,7,15,三連複,6-10-13,490.9,490.9,110,https://www.keiba.go.jp/KeibaWeb/TodayRaceInfo/Odds3LenFuku?k_babaCode=19&k_raceDate=2026%2F09%2F29&k_raceNo=7
2026-09-29 17:30:00,17:29,2026-09-29,funabashi,7,15,三連複,8-10-13,490.9,490.9,110,https://www.keiba.go.jp/KeibaWeb/TodayRaceInfo/Odds3LenFuku?k_babaCode=19&k_raceDate=2026%2F09%2F29&k_raceNo=7
2026-09-29 17:30:00,17:29,2026-09-29,funabashi,7,15,三連複,1-7-13,516.7,516.7,114,https://www.keiba.go.jp/KeibaWeb/TodayRaceInfo/Odds3LenFuku?k_babaCode=19&k_raceDate=2026%2F09%2F29&k_raceNo=7
2026-09-29 17:30:00,17:29,2026-09-29,funabashi,7,15,三連複,2-4-13,516.7,516.7,114,https://www.keiba.go.jp/KeibaWeb/TodayRaceInfo/Odds3LenFuku?k_babaCode=19&k_raceDate=2026%2F09%2F29&k_raceNo=7
2026-09-29 17:30:00,17:29,2026-09-29,funabashi,7,15,三連複,7-9-13,516.7,516.7,114,https://www.keiba.go.jp/KeibaWeb/TodayRaceInfo/Odds3LenFuku?k_babaCode=19&k_raceDate=2026%2F09%2F29&k_raceNo=7
2026-09-29 17:30:00,17:29,2026-09-29,funabashi,7,15,三連複,4-9-10,530.7,530.7,117,https://www.keiba.go.jp/KeibaWeb/TodayRaceInfo/Odds3LenFuku?k_babaCode=19&k_raceDate=2026%2F09%2F29&k_raceNo=7
2026-09-29 17:30:00,17:29,2026-09-29,funabashi,7,15,三連複,6-7-13,530.7,530.7,117,https://www.keiba.go.jp/KeibaWeb/TodayRaceInfo/Odds3LenFuku?k_babaCode=19&k_raceDate=2026%2F09%2F29&k_raceNo=7
2026-09-29 17:30:00,17:29,2026-09-29,funabashi,7,15,三連複,3-5-10,545.4,545.4,119,https://www.keiba.go.jp/KeibaWeb/TodayRaceInfo/Odds3LenFuku?k_babaCode=19&k_raceDate=2026%2F09%2F29&k_raceNo=7
2026-09-29 17:30:00,17:29,2026-09-29,funabashi,7,15,三連複,3-7-8,545.4,545.4,119,https://www.keiba.go.jp/KeibaWeb/TodayRaceInfo/Odds3LenFuku?k_babaCode=19&k_raceDate=2026%2F09%2F29&k_raceNo=7
2026-09-29 17:30:00,17:29,2026-09-29,funabashi,7,15,三連複,5-10-13,545.4,545.4,119,https://www.keiba.go.jp/KeibaWeb/TodayRaceInfo/Odds3LenFuku?k_babaCode=19&k_raceDate=2026%2F09%2F29&k_raceNo=7
2026-09-29 17:30:00,17:29,2026-09-29,funabashi,7,15,三連複,9-11-13,545.4,545.4,119,https://www.keiba.go.jp/KeibaWeb/TodayRaceInfo/Odds3LenFuku?k_babaCode=19&k_raceDate=2026%2F09%2F29&k_raceNo=7
2026-09-29 17:30:00,17:29,2026-09-29,funabashi,7,15,三連複,4-8-14,561.0,561.0,123,https://www.keiba.go.jp/KeibaWeb/TodayRaceInfo/Odds3LenFuku?k_babaCode=19&k_raceDate=2026%2F09%2F29&k_raceNo=7
2026-09-29 17:30:00,17:29,2026-09-29,funabashi,7,15,三連複,4-11-14,561.0,561.0,123,https://www.keiba.go.jp/KeibaWeb/TodayRaceInfo/Odds3LenFuku?k_babaCode=19&k_raceDate=2026%2F09%2F29&k_raceNo=7
2026-09-29 17:30:00,17:29,2026-09-29,funabashi,7,15,三連複,2-11-12,577.5,577.5,125,https://www.keiba.go.jp/KeibaWeb/TodayRaceInfo/Odds3LenFuku?k_babaCode=19&k_raceDate=2026%2F09%2F29&k_raceNo=7
2026-09-29 17:30:00,17:29,2026-09-29,funabashi,7,15,三連複,3-11-14,577.5,577.5,125,https://www.keiba.go.jp/KeibaWeb/TodayRaceInfo/Odds3LenFuku?k_babaCode=19&k_raceDate=2026%2F09%2F29&k_raceNo=7
2026-09-29 17:30:00,17:29,2026-09-29,funabashi,7,15,三連複,5-10-12,577.5,577.5,125,https://www.keiba.go.jp/KeibaWeb/TodayRaceInfo/Odds3LenFuku?k_babaCode=19&k_raceDate=2026%2F09%2F29&k_raceNo=7
2026-09-29 17:30:00,17:29,2026-09-29,funabashi,7,15,三連複,6-12-14,577.5,577.5,125,https://www.keiba.go.jp/KeibaWeb/TodayRaceInfo/Odds3LenFuku?k_babaCode=19&k_raceDate=2026%2F09%2F29&k_raceNo=7
2026-09-29 17:30:00,17:29,2026-09-29,funabashi,7,15,三連複,2-10-13,595.0,595.0,129,https://www.keiba.go.jp/KeibaWeb/TodayRaceInfo/Odds3LenFuku?k_babaCode=19&k_raceDate=2026%2F09%2F29&k_raceNo=7
2026-09-29 17:30:00,17:29,2026-09-29,funabashi,7,15,三連複,3-6-7,595.0,595.0,129,https://www.keiba.go.jp/KeibaWeb/TodayRaceInfo/Odds3LenFuku?k_babaCode=19&k_raceDate=2026%2F09%2F29&k_raceNo=7
2026-09-29 17:30:00,17:29,2026-09-29,funabashi,7,15,三連複,6-13-14,595.0,595.0,129,https://www.keiba.go.jp/KeibaWeb/TodayRaceInfo/Odds3LenFuku?k_babaCode=19&k_raceDate=2026%2F09%2F29&k_raceNo=7
2026-09-29 17:30:00,17:29,2026-09-29,funabashi,7,15,三連複,8-11-12,595.0,595.0,129,https://www.keiba.go.jp/KeibaWeb/TodayRaceInfo/Odds3LenFuku?k_babaCode=19&k_raceDate=2026%2F09%2F29&k_raceNo=7
2026-09-29 17:30:00,17:29,2026-09-29,funabashi,7,15,三連複,5-7-13,613.6,613.6,133,https://www.keiba.go.jp/KeibaWeb/TodayRaceInfo/Odds3LenFuku?k_babaCode=19&k_raceDate=2026%2F09%2F29&k_raceNo=7
2026-09-29 17:30:00,17:29,2026-09-29,funabashi,7,15,三連複,8-13-14,613.6,613.6,133,https://www.keiba.go.jp/KeibaWeb/TodayRaceInfo/Odds3LenFuku?k_babaCode=19&k_raceDate=2026%2F09%2F29&k_raceNo=7
2026-09-29 17:30:00,17:29,2026-09-29,funabashi,7,15,三連複,9-13-14,613.6,613.6,133,https://www.keiba.go.jp/KeibaWeb/TodayRaceInfo/Odds3LenFuku?k_babaCode=19&k_raceDate=2026%2F09%2F29&k_raceNo=7
2026-09-29 17:30:00,17:29,2026-09-29,funabashi,7,15,三連複,3-5-8,633.4,633.4,136,https://www.keiba.go.jp/KeibaWeb/TodayRaceInfo/Odds3LenFuku?k_babaCode=19&k_raceDate=2026%2F09%2F29&k_raceNo=7
2026-09-29 17:30:00,17:29,2026-09-29,funabashi,7,15,三連複,5-9-10,633.4,633.4,136,https://www.keiba.go.jp/KeibaWeb/TodayRaceInfo/Odds3LenFuku?k_babaCode=19&k_raceDate=2026%2F09%2F29&k_raceNo=7
2026-09-29 17:30:00,17:29,2026-09-29,funabashi,7,15,三連複,9-11-12,633.4,633.4,136,https://www.keiba.go.jp/KeibaWeb/TodayRaceInfo/Odds3LenFuku?k_babaCode=19&k_raceDate=2026%2F09%2F29&k_raceNo=7
2026-09-29 17:30:00,17:29,2026-09-29,funabashi,7,15,三連複,1-3-5,654.5,654.5,139,https://www.keiba.go.jp/KeibaWeb/TodayRaceInfo/Odds3LenFuku?k_babaCode=19&k_raceDate=2026%2F09%2F29&k_raceNo=7
2026-09-29 17:30:00,17:29,2026-09-29,funabashi,7,15,三連複,5-8-13,654.5,654.5,139,https://www.keiba.go.jp/KeibaWeb/TodayRaceInfo/Odds3LenFuku?k_babaCode=19&k_raceDate=2026%2F09%2F29&k_raceNo=7
2026-09-29 17:30:00,17:29,2026-09-29,funabashi,7,15,三連複,10-11-14,654.5,654.5,139,https://www.keiba.go.jp/KeibaWeb/TodayRaceInfo/Odds3LenFuku?k_babaCode=19&k_raceDate=2026%2F09%2F29&k_raceNo=7
2026-09-29 17:30:00,17:29,2026-09-29,funabashi,7,15,三連複,3-8-11,677.1,677.1,142,https://www.keiba.go.jp/KeibaWeb/TodayRaceInfo/Odds3LenFuku?k_babaCode=19&k_raceDate=2026%2F09%2F29&k_raceNo=7
2026-09-29 17:30:00,17:29,2026-09-29,funabashi,7,15,三連複,7-8-13,677.1,677.1,142,https://www.keiba.go.jp/KeibaWeb/TodayRaceInfo/Odds3LenFuku?k_babaCode=19&k_raceDate=2026%2F09%2F29&k_raceNo=7
2026-09-29 17:30:00,17:29,2026-09-29,funabashi,7,15,三連複,8-9-12,677.1,677.1,142,https://www.keiba.go.jp/KeibaWeb/TodayRaceInfo/Odds3LenFuku?k_babaCode=19&k_raceDate=2026%2F09%2F29&k_raceNo=7
2026-09-29 17:30:00,17:29,2026-09-29,funabashi,7,15,三連複,8-12-14,677.1,677.1,142,https://www.keiba.go.jp/KeibaWeb/TodayRaceInfo/Odds3LenFuku?k_babaCode=19&k_raceDate=2026%2F09%2F29&k_raceNo=7
2026-09-29 17:30:00,17:29,2026-09-29,funabashi,7,15,三連複,1-4-8,701.3,701.3,146,https://www.keiba.go.jp/KeibaWeb/TodayRaceInfo/Odds3LenFuku?k_babaCode=19&k_raceDate=2026%2F09%2F29&k_raceNo=7
2026-09-29 17:30:00,17:29,2026-09-29,funabashi,7,15,三連複,1-10-13,701.3,701.3,146,https://www.keiba.go.jp/KeibaWeb/TodayRaceInfo/Odds3LenFuku?k_babaCode=19&k_raceDate=2026%2F09%2F29&k_raceNo=7
2026-09-29 17:30:00,17:29,2026-09-29,funabashi,7,15,三連複,2-7-12,701.3,701.3,146,https://www.keiba.go.jp/KeibaWeb/TodayRaceInfo/Odds3LenFuku?k_babaCode=19&k_raceDate=2026%2F09%2F29&k_raceNo=7
2026-09-29 17:30:00,17:29,2026-09-29,funabashi,7,15,三連複,4-6-10,701.3,701.3,146,https://www.keiba.go.jp/KeibaWeb/TodayRaceInfo/Odds3LenFuku?k_babaCode=19&k_raceDate=2026%2F09%2F29&k_raceNo=7
2026-09-29 17:30:00,17:29,2026-09-29,funabashi,7,15,三連複,1-4-14,727.2,727.2,150,https://www.keiba.go.jp/KeibaWeb/TodayRaceInfo/Odds3LenFuku?k_babaCode=19&k_raceDate=2026%2F09%2F29&k_raceNo=7
2026-09-29 17:30:00,17:29,2026-09-29,funabashi,7,15,三連複,2-3-10,727.2,727.2,150,https://www.keiba.go.jp/KeibaWeb/TodayRaceInfo/Odds3LenFuku?k_babaCode=19&k_raceDate=2026%2F09%2F29&k_raceNo=7
2026-09-29 17:30:00,17:29,2026-09-29,funabashi,7,15,三連複,2-4-7,727.2,727.2,150,https://www.keiba.go.jp/KeibaWeb/TodayRaceInfo/Odds3LenFuku?k_babaCode=19&k_raceDate=2026%2F09%2F29&k_raceNo=7
2026-09-29 17:30:00,17:29,2026-09-29,funabashi,7,15,三連複,2-10-12,727.2,727.2,150,https://www.keiba.go.jp/KeibaWeb/TodayRaceInfo/Odds3LenFuku?k_babaCode=19&k_raceDate=2026%2F09%2F29&k_raceNo=7
2026-09-29 17:30:00,17:29,2026-09-29,funabashi,7,15,三連複,1-7-10,755.2,755.2,154,https://www.keiba.go.jp/KeibaWeb/TodayRaceInfo/Odds3LenFuku?k_babaCode=19&k_raceDate=2026%2F09%2F29&k_raceNo=7
2026-09-29 17:30:00,17:29,2026-09-29,funabashi,7,15,三連複,2-8-12,755.2,755.2,154,https://www.keiba.go.jp/KeibaWeb/TodayRaceInfo/Odds3LenFuku?k_babaCode=19&k_raceDate=2026%2F09%2F29&k_raceNo=7
2026-09-29 17:30:00,17:29,2026-09-29,funabashi,7,15,三連複,4-9-14,755.2,755.2,154,https://www.keiba.go.jp/KeibaWeb/TodayRaceInfo/Odds3LenFuku?k_babaCode=19&k_raceDate=2026%2F09%2F29&k_raceNo=7
2026-09-29 17:30:00,17:29,2026-09-29,funabashi,7,15,三連複,5-8-12,755.2,755.2,154,https://www.keiba.go.jp/KeibaWeb/TodayRaceInfo/Odds3LenFuku?k_babaCode=19&k_raceDate=2026%2F09%2F29&k_raceNo=7
2026-09-29 17:30:00,17:29,2026-09-29,funabashi,7,15,三連複,9-12-14,755.2,755.2,154,https://www.keiba.go.jp/KeibaWeb/TodayRaceInfo/Odds3LenFuku?k_babaCode=19&k_raceDate=2026%2F09%2F29&k_raceNo=7
2026-09-29 17:30:00,17:29,2026-09-29,funabashi,7,15,三連複,2-4-10,785.4,785.4,159,https://www.keiba.go.jp/KeibaWeb/TodayRaceInfo/Odds3LenFuku?k_babaCode=19&k_raceDate=2026%2F09%2F29&k_raceNo=7
2026-09-29 17:30:00,17:29,2026-09-29,funabashi,7,15,三連複,4-8-11,785.4,785.4,159,https://www.keiba.go.jp/KeibaWeb/TodayRaceInfo/Odds3LenFuku?k_babaCode=19&k_raceDate=2026%2F09%2F29&k_raceNo=7
2026-09-29 17:30:00,17:29,2026-09-29,funabashi,7,15,三連複,5-13-14,785.4,785.4,159,https://www.keiba.go.jp/KeibaWeb/TodayRaceInfo/Odds3LenFuku?k_babaCode=19&k_raceDate=2026%2F09%2F29&k_raceNo=7
2026-09-29 17:30:00,17:29,2026-09-29,funabashi,7,15,三連複,1-3-8,818.1,818.1,162,https://www.keiba.go.jp/KeibaWeb/TodayRaceInfo/Odds3LenFuku?k_babaCode=19&k_raceDate=2026%2F09%2F29&k_raceNo=7
2026-09-29 17:30:00,17:29,2026-09-29,funabashi,7,15,三連複,2-13-14,818.1,818.1,162,https://www.keiba.go.jp/KeibaWeb/TodayRaceInfo/Odds3LenFuku?k_babaCode=19&k_raceDate=2026%2F09%2F29&k_raceNo=7
2026-09-29 17:30:00,17:29,2026-09-29,funabashi,7,15,三連複,4-6-7,818.1,818.1,162,https://www.keiba.go.jp/KeibaWeb/TodayRaceInfo/Odds3LenFuku?k_babaCode=19&k_raceDate=2026%2F09%2F29&k_raceNo=7
2026-09-29 17:30:00,17:29,2026-09-29,funabashi,7,15,三連複,2-3-7,853.7,853.7,165,https://www.keiba.go.jp/KeibaWeb/TodayRaceInfo/Odds3LenFuku?k_babaCode=19&k_raceDate=2026%2F09%2F29&k_raceNo=7
2026-09-29 17:30:00,17:29,2026-09-29,funabashi,7,15,三連複,2-3-11,853.7,853.7,165,https://www.keiba.go.jp/KeibaWeb/TodayRaceInfo/Odds3LenFuku?k_babaCode=19&k_raceDate=2026%2F09%2F29&k_raceNo=7
2026-09-29 17:30:00,17:29,2026-09-29,funabashi,7,15,三連複,2-4-5,853.7,853.7,165,https://www.keiba.go.jp/KeibaWeb/TodayRaceInfo/Odds3LenFuku?k_babaCode=19&k_raceDate=2026%2F09%2F29&k_raceNo=7
2026-09-29 17:30:00,17:29,2026-09-29,funabashi,7,15,三連複,6-7-10,853.7,853.7,165,https://www.keiba.go.jp/KeibaWeb/TodayRaceInfo/Odds3LenFuku?k_babaCode=19&k_raceDate=2026%2F09%2F29&k_raceNo=7
2026-09-29 17:30:00,17:29,2026-09-29,funabashi,7,15,三連複,7-10-11,853.7,853.7,165,https://www.keiba.go.jp/KeibaWeb/TodayRaceInfo/Odds3LenFuku?k_babaCode=19&k_raceDate=2026%2F09%2F29&k_raceNo=7
2026-09-29 17:30:00,17:29,2026-09-29,funabashi,7,15,三連複,8-11-14,853.7,853.7,165,https://www.keiba.go.jp/KeibaWeb/TodayRaceInfo/Odds3LenFuku?k_babaCode=19&k_raceDate=2026%2F09%2F29&k_raceNo=7
2026-09-29 17:30:00,17:29,2026-09-29,funabashi,7,15,三連複,2-7-13,892.5,892.5,171,https://www.keiba.go.jp/KeibaWeb/TodayRaceInfo/Odds3LenFuku?k_babaCode=19&k_raceDate=2026%2F09%2F29&k_raceNo=7
2026-09-29 17:30:00,17:29,2026-09-29,funabashi,7,15,三連複,2-3-14,935.0,935.0,172,https://www.keiba.go.jp/KeibaWeb/TodayRaceInfo/Odds3LenFuku?k_babaCode=19&k_raceDate=2026%2F09%2F29&k_raceNo=7
2026-09-29 17:30:00,17:29,2026-09-29,funabashi,7,15,三連複,3-8-14,935.0,935.0,172,https://www.keiba.go.jp/KeibaWeb/TodayRaceInfo/Odds3LenFuku?k_babaCode=19&k_raceDate=2026%2F09%2F29&k_raceNo=7
2026-09-29 17:30:00,17:29,2026-09-29,funabashi,7,15,三連複,5-12-14,935.0,935.0,172,https://www.keiba.go.jp/KeibaWeb/TodayRaceInfo/Odds3LenFuku?k_babaCode=19&k_raceDate=2026%2F09%2F29&k_raceNo=7
2026-09-29 17:30:00,17:29,2026-09-29,funabashi,7,15,三連複,8-10-11,935.0,935.0,172,https://www.keiba.go.jp/KeibaWeb/TodayRaceInfo/Odds3LenFuku?k_babaCode=19&k_raceDate=2026%2F09%2F29&k_raceNo=7
2026-09-29 17:30:00,17:29,2026-09-29,funabashi,7,15,三連複,9-10-11,935.0,935.0,172,https://www.keiba.go.jp/KeibaWeb/TodayRaceInfo/Odds3LenFuku?k_babaCode=19&k_raceDate=2026%2F09%2F29&k_raceNo=7
2026-09-29 17:30:00,17:29,2026-09-29,funabashi,7,15,三連複,2-7-9,981.8,981.8,177,https://www.keiba.go.jp/KeibaWeb/TodayRaceInfo/Odds3LenFuku?k_babaCode=19&k_raceDate=2026%2F09%2F29&k_raceNo=7
2026-09-29 17:30:00,17:29,2026-09-29,funabashi,7,15,三連複,5-11-13,981.8,981.8,177,https://www.keiba.go.jp/KeibaWeb/TodayRaceInfo/Odds3LenFuku?k_babaCode=19&k_raceDate=2026%2F09%2F29&k_raceNo=7
2026-09-29 17:30:00,17:29,2026-09-29,funabashi,7,15,三連複,7-9-10,981.8,981.8,177,https://www.keiba.go.jp/KeibaWeb/TodayRaceInfo/Odds3LenFuku?k_babaCode=19&k_raceDate=2026%2F09%2F29&k_raceNo=7
2026-09-29 17:30:00,17:29,2026-09-29,funabashi,7,15,三連複,1-6-12,1033.5,1033.5,180,https://www.keiba.go.jp/KeibaWeb/TodayRaceInfo/Odds3LenFuku?k_babaCode=19&k_raceDate=2026%2F09%2F29&k_raceNo=7
2026-09-29 17:30:00,17:29,2026-09-29,funabashi,7,15,三連複,5-7-10,1033.5,1033.5,180,https://www.keiba.go.jp/KeibaWeb/TodayRaceInfo/Odds3LenFuku?k_babaCode=19&k_raceDate=2026%2F09%2F29&k_raceNo=7
2026-09-29 17:30:00,17:29,2026-09-29,funabashi,7,15,三連複,5-9-12,1033.5,1033.5,180,https://www.keiba.go.jp/KeibaWeb/TodayRaceInfo/Odds3LenFuku?k_babaCode=19&k_raceDate=2026%2F09%2F29&k_raceNo=7
2026-09-29 17:30:00,17:29,2026-09-29,funabashi,7,15,三連複,6-11-12,1033.5,1033.5,180,https://www.keiba.go.jp/KeibaWeb/TodayRaceInfo/Odds3LenFuku?k_babaCode=19&k_raceDate=2026%2F09%2F29&k_raceNo=7
2026-09-29 17:30:00,17:29,2026-09-29,funabashi,7,15,三連複,7-8-10,1033.5,1033.5,180,https://www.keiba.go.jp/KeibaWeb/TodayRaceInfo/Odds3LenFuku?k_babaCode=19&k_raceDate=2026%2F09%2F29&k_raceNo=7
2026-09-29 17:30:00,17:29,2026-09-29,funabashi,7,15,三連複,1-4-9,1090.9,1090.9,185,https://www.keiba.go.jp/KeibaWeb/TodayRaceInfo/Odds3LenFuku?k_babaCode=19&k_raceDate=2026%2F09%2F29&k_raceNo=7
2026-09-29 17:30:00,17:29,2026-09-29,funabashi,7,15,三連複,1-11-12,1090.9,1090.9,185,https://www.keiba.go.jp/KeibaWeb/TodayRaceInfo/Odds3LenFuku?k_babaCode=19&k_raceDate=2026%2F09%2F29&k_raceNo=7
2026-09-29 17:30:00,17:29,2026-09-29,funabashi,7,15,三連複,2-8-11,1090.9,1090.9,185,https://www.keiba.go.jp/KeibaWeb/TodayRaceInfo/Odds3LenFuku?k_babaCode=19&k_raceDate=2026%2F09%2F29&k_raceNo=7
2026-09-29 17:30:00,17:29,2026-09-29,funabashi,7,15,三連複,3-5-6,1090.9,1090.9,185,https://www.keiba.go.jp/KeibaWeb/TodayRaceInfo/Odds3LenFuku?k_babaCode=19&k_raceDate=2026%2F09%2F29&k_raceNo=7
2026-09-29 17:30:00,17:29,2026-09-29,funabashi,7,15,三連複,3-7-9,1090.9,1090.9,185,https://www.keiba.go.jp/KeibaWeb/TodayRaceInfo/Odds3LenFuku?k_babaCode=19&k_raceDate=2026%2F09%2F29&k_raceNo=7
2026-09-29 17:30:00,17:29,2026-09-29,funabashi,7,15,三連複,4-7-9,1090.9,1090.9,185,https://www.keiba.go.jp/KeibaWeb/TodayRaceInfo/Odds3LenFuku?k_babaCode=19&k_raceDate=2026%2F09%2F29&k_raceNo=7
2026-09-29 17:30:00,17:29,2026-09-29,funabashi,7,15,三連複,5-11-12,1090.9,1090.9,185,https://www.keiba.go.jp/KeibaWeb/TodayRaceInfo/Odds3LenFuku?k_babaCode=19&k_raceDate=2026%2F09%2F29&k_raceNo=7
2026-09-29 17:30:00,17:29,2026-09-29,funabashi,7,15,三連複,6-11-13,1090.9,1090.9,185,https://www.keiba.go.jp/KeibaWeb/TodayRaceInfo/Odds3LenFuku?k_babaCode=19&k_raceDate=2026%2F09%2F29&k_raceNo=7
2026-09-29 17:30:00,17:29,2026-09-29,funabashi,7,15,三連複,9-10-14,1090.9,1090.9,185,https://www.keiba.go.jp/KeibaWeb/TodayRaceInfo/Odds3LenFuku?k_babaCode=19&k_raceDate=2026%2F09%2F29&k_raceNo=7
2026-09-29 17:30:00,17:29,2026-09-29,funabashi,7,15,三連複,1-3-6,1155.0,1155.0,194,https://www.keiba.go.jp/KeibaWeb/TodayRaceInfo/Odds3LenFuku?k_babaCode=19&k_raceDate=2026%2F09%2F29&k_raceNo=7
2026-09-29 17:30:00,17:29,2026-09-29,funabashi,7,15,三連複,1-3-11,1155.0,1155.0,194,https://www.keiba.go.jp/KeibaWeb/TodayRaceInfo/Odds3LenFuku?k_babaCode=19&k_raceDate=2026%2F09%2F29&k_raceNo=7
2026-09-29 17:30:00,17:29,2026-09-29,funabashi,7,15,三連複,1-5-12,1155.0,1155.0,194,https://www.keiba.go.jp/KeibaWeb/TodayRaceInfo/Odds3LenFuku?k_babaCode=19&k_raceDate=2026%2F09%2F29&k_raceNo=7
2026-09-29 17:30:00,17:29,2026-09-29,funabashi,7,15,三連複,1-12-14,1155.0,1155.0,194,https://www.keiba.go.jp/KeibaWeb/TodayRaceInfo/Odds3LenFuku?k_babaCode=19&k_raceDate=2026%2F09%2F29&k_raceNo=7
2026-09-29 17:30:00,17:29,2026-09-29,funabashi,7,15,三連複,2-3-5,1155.0,1155.0,194,https://www.keiba.go.jp/KeibaWeb/TodayRaceInfo/Odds3LenFuku?k_babaCode=19&k_raceDate=2026%2F09%2F29&k_raceNo=7
2026-09-29 17:30:00,17:29,2026-09-29,funabashi,7,15,三連複,2-3-9,1155.0,1155.0,194,https://www.keiba.go.jp/KeibaWeb/TodayRaceInfo/Odds3LenFuku?k_babaCode=19&k_raceDate=2026%2F09%2F29&k_raceNo=7
2026-09-29 17:30:00,17:29,2026-09-29,funabashi,7,15,三連複,2-5-6,1155.0,1155.0,194,https://www.keiba.go.jp/KeibaWeb/TodayRaceInfo/Odds3LenFuku?k_babaCode=19&k_raceDate=2026%2F09%2F29&k_raceNo=7
2026-09-29 17:30:00,17:29,2026-09-29,funabashi,7,15,三連複,2-5-13,1155.0,1155.0,194,https://www.keiba.go.jp/KeibaWeb/TodayRaceInfo/Odds3LenFuku?k_babaCode=19&k_raceDate=2026%2F09%2F29&k_raceNo=7
2026-09-29 17:30:00,17:29,2026-09-29,funabashi,7,15,三連複,2-7-10,1155.0,1155.0,194,https://www.keiba.go.jp/KeibaWeb/TodayRaceInfo/Odds3LenFuku?k_babaCode=19&k_raceDate=2026%2F09%2F29&k_raceNo=7
2026-09-29 17:30:00,17:29,2026-09-29,funabashi,7,15,三連複,2-10-11,1155.0,1155.0,194,https://www.keiba.go.jp/KeibaWeb/TodayRaceInfo/Odds3LenFuku?k_babaCode=19&k_raceDate=2026%2F09%2F29&k_raceNo=7
2026-09-29 17:30:00,17:29,2026-09-29,funabashi,7,15,三連複,2-12-14,1155.0,1155.0,194,https://www.keiba.go.jp/KeibaWeb/TodayRaceInfo/Odds3LenFuku?k_babaCode=19&k_raceDate=2026%2F09%2F29&k_raceNo=7
2026-09-29 17:30:00,17:29,2026-09-29,funabashi,7,15,三連複,3-9-14,1155.0,1155.0,194,https://www.keiba.go.jp/KeibaWeb/TodayRaceInfo/Odds3LenFuku?k_babaCode=19&k_raceDate=2026%2F09%2F29&k_raceNo=7
2026-09-29 17:30:00,17:29,2026-09-29,funabashi,7,15,三連複,4-5-9,1155.0,1155.0,194,https://www.keiba.go.jp/KeibaWeb/TodayRaceInfo/Odds3LenFuku?k_babaCode=19&k_raceDate=2026%2F09%2F29&k_raceNo=7
2026-09-29 17:30:00,17:29,2026-09-29,funabashi,7,15,三連複,1-2-5,1227.2,1227.2,207,https://www.keiba.go.jp/KeibaWeb/TodayRaceInfo/Odds3LenFuku?k_babaCode=19&k_raceDate=2026%2F09%2F29&k_raceNo=7
2026-09-29 17:30:00,17:29,2026-09-29,funabashi,7,15,三連複,1-13-14,1227.2,1227.2,207,https://www.keiba.go.jp/KeibaWeb/TodayRaceInfo/Odds3LenFuku?k_babaCode=19&k_raceDate=2026%2F09%2F29&k_raceNo=7
2026-09-29 17:30:00,17:29,2026-09-29,funabashi,7,15,三連複,2-4-11,1227.2,1227.2,207,https://www.keiba.go.jp/KeibaWeb/TodayRaceInfo/Odds3LenFuku?k_babaCode=19&k_raceDate=2026%2F09%2F29&k_raceNo=7
2026-09-29 17:30:00,17:29,2026-09-29,funabashi,7,15,三連複,2-6-12,1227.2,1227.2,207,https://www.keiba.go.jp/KeibaWeb/TodayRaceInfo/Odds3LenFuku?k_babaCode=19&k_raceDate=2026%2F09%2F29&k_raceNo=7
2026-09-29 17:30:00,17:29,2026-09-29,funabashi,7,15,三連複,2-8-13,1227.2,1227.2,207,https://www.keiba.go.jp/KeibaWeb/TodayRaceInfo/Odds3LenFuku?k_babaCode=19&k_raceDate=2026%2F09%2F29&k_raceNo=7
2026-09-29 17:30:00,17:29,2026-09-29,funabashi,7,15,三連複,3-6-11,1227.2,1227.2,207,https://www.keiba.go.jp/KeibaWeb/TodayRaceInfo/Odds3LenFuku?k_babaCode=19&k_raceDate=2026%2F09%2F29&k_raceNo=7
2026-09-29 17:30:00,17:29,2026-09-29,funabashi,7,15,三連複,3-6-14,1227.2,1227.2,207,https://www.keiba.go.jp/KeibaWeb/TodayRaceInfo/Odds3LenFuku?k_babaCode=19&k_raceDate=2026%2F09%2F29&k_raceNo=7
2026-09-29 17:30:00,17:29,2026-09-29,funabashi,7,15,三連複,4-5-6,1227.2,1227.2,207,https://www.keiba.go.jp/KeibaWeb/TodayRaceInfo/Odds3LenFuku?k_babaCode=19&k_raceDate=2026%2F09%2F29&k_raceNo=7
2026-09-29 17:30:00,17:29,2026-09-29,funabashi,7,15,三連複,4-5-8,1227.2,1227.2,207,https://www.keiba.go.jp/KeibaWeb/TodayRaceInfo/Odds3LenFuku?k_babaCode=19&k_raceDate=2026%2F09%2F29&k_raceNo=7
2026-09-29 17:30:00,17:29,2026-09-29,funabashi,7,15,三連複,5-7-8,1227.2,1227.2,207,https://www.keiba.go.jp/KeibaWeb/TodayRaceInfo/Odds3LenFuku?k_babaCode=19&k_raceDate=2026%2F09%2F29&k_raceNo=7
2026-09-29 17:30:00,17:29,2026-09-29,funabashi,7,15,三連複,7-8-11,1227.2,1227.2,207,https://www.keiba.go.jp/KeibaWeb/TodayRaceInfo/Odds3LenFuku?k_babaCode=19&k_raceDate=2026%2F09%2F29&k_raceNo=7
2026-09-29 17:30:00,17:29,2026-09-29,funabashi,7,15,三連複,1-2-4,1309.1,1309.1,218,https://www.keiba.go.jp/KeibaWeb/TodayRaceInfo/Odds3LenFuku?k_babaCode=19&k_raceDate=2026%2F09%2F29&k_raceNo=7
2026-09-29 17:30:00,17:29,2026-09-29,funabashi,7,15,三連複,3-5-14,1309.1,1309.1,218,https://www.keiba.go.jp/KeibaWeb/TodayRaceInfo/Odds3LenFuku?k_babaCode=19&k_raceDate=2026%2F09%2F29&k_raceNo=7
2026-09-29 17:30:00,17:29,2026-09-29,funabashi,7,15,三連複,4-5-10,1309.1,1309.1,218,https://www.keiba.go.jp/KeibaWeb/TodayRaceInfo/Odds3LenFuku?k_babaCode=19&k_raceDate=2026%2F09%2F29&k_raceNo=7
2026-09-29 17:30:00,17:29,2026-09-29,funabashi,7,15,三連複,4-6-14,1309.1,1309.1,218,https://www.keiba.go.jp/KeibaWeb/TodayRaceInfo/Odds3LenFuku?k_babaCode=19&k_raceDate=2026%2F09%2F29&k_raceNo=7
2026-09-29 17:30:00,17:29,2026-09-29,funabashi,7,15,三連複,6-7-8,1309.1,1309.1,218,https://www.keiba.go.jp/KeibaWeb/TodayRaceInfo/Odds3LenFuku?k_babaCode=19&k_raceDate=2026%2F09%2F29&k_raceNo=7
2026-09-29 17:30:00,17:29,2026-09-29,funabashi,7,15,三連複,1-2-12,1402.6,1402.6,223,https://www.keiba.go.jp/KeibaWeb/TodayRaceInfo/Odds3LenFuku?k_babaCode=19&k_raceDate=2026%2F09%2F29&k_raceNo=7
2026-09-29 17:30:00,17:29,2026-09-29,funabashi,7,15,三連複,1-4-5,1402.6,1402.6,223,https://www.keiba.go.jp/KeibaWeb/TodayRaceInfo/Odds3LenFuku?k_babaCode=19&k_raceDate=2026%2F09%2F29&k_raceNo=7
2026-09-29 17:30:00,17:29,2026-09-29,funabashi,7,15,三連複,1-5-7,1402.6,1402.6,223,https://www.keiba.go.jp/KeibaWeb/TodayRaceInfo/Odds3LenFuku?k_babaCode=19&k_raceDate=2026%2F09%2F29&k_raceNo=7
2026-09-29 17:30:00,17:29,2026-09-29,funabashi,7,15,三連複,2-4-6,1402.6,1402.6,223,https://www.keiba.go.jp/KeibaWeb/TodayRaceInfo/Odds3LenFuku?k_babaCode=19&k_raceDate=2026%2F09%2F29&k_raceNo=7
2026-09-29 17:30:00,17:29,2026-09-29,funabashi,7,15,三連複,2-4-14,1402.6,1402.6,223,https://www.keiba.go.jp/KeibaWeb/TodayRaceInfo/Odds3LenFuku?k_babaCode=19&k_raceDate=2026%2F09%2F29&k_raceNo=7
2026-09-29 17:30:00,17:29,2026-09-29,funabashi,7,15,三連複,2-5-12,1402.6,1402.6,223,https://www.keiba.go.jp/KeibaWeb/TodayRaceInfo/Odds3LenFuku?k_babaCode=19&k_raceDate=2026%2F09%2F29&k_raceNo=7
2026-09-29 17:30:00,17:29,2026-09-29,funabashi,7,15,三連複,2-9-13,1402.6,1402.6,223,https://www.keiba.go.jp/KeibaWeb/TodayRaceInfo/Odds3LenFuku?k_babaCode=19&k_raceDate=2026%2F09%2F29&k_raceNo=7
2026-09-29 17:30:00,17:29,2026-09-29,funabashi,7,15,三連複,3-5-11,1402.6,1402.6,223,https://www.keiba.go.jp/KeibaWeb/TodayRaceInfo/Odds3LenFuku?k_babaCode=19&k_raceDate=2026%2F09%2F29&k_raceNo=7
2026-09-29 17:30:00,17:29,2026-09-29,funabashi,7,15,三連複,3-6-8,1402.6,1402.6,223,https://www.keiba.go.jp/KeibaWeb/TodayRaceInfo/Odds3LenFuku?k_babaCode=19&k_raceDate=2026%2F09%2F29&k_raceNo=7
2026-09-29 17:30:00,17:29,2026-09-29,funabashi,7,15,三連複,3-9-11,1402.6,1402.6,223,https://www.keiba.go.jp/KeibaWeb/TodayRaceInfo/Odds3LenFuku?k_babaCode=19&k_raceDate=2026%2F09%2F29&k_raceNo=7
2026-09-29 17:30:00,17:29,2026-09-29,funabashi,7,15,三連複,4-5-14,1402.6,1402.6,223,https://www.keiba.go.jp/KeibaWeb/TodayRaceInfo/Odds3LenFuku?k_babaCode=19&k_raceDate=2026%2F09%2F29&k_raceNo=7
2026-09-29 17:30:00,17:29,2026-09-29,funabashi,7,15,三連複,5-6-7,1402.6,1402.6,223,https://www.keiba.go.jp/KeibaWeb/TodayRaceInfo/Odds3LenFuku?k_babaCode=19&k_raceDate=2026%2F09%2F29&k_raceNo=7
2026-09-29 17:30:00,17:29,2026-09-29,funabashi,7,15,三連複,5-9-13,1402.6,1402.6,223,https://www.keiba.go.jp/KeibaWeb/TodayRaceInfo/Odds3LenFuku?k_babaCode=19&k_raceDate=2026%2F09%2F29&k_raceNo=7
2026-09-29 17:30:00,17:29,2026-09-29,funabashi,7,15,三連複,6-8-14,1402.6,1402.6,223,https://www.keiba.go.jp/KeibaWeb/TodayRaceInfo/Odds3LenFuku?k_babaCode=19&k_raceDate=2026%2F09%2F29&k_raceNo=7
2026-09-29 17:30:00,17:29,2026-09-29,funabashi,7,15,三連複,7-11-14,1402.6,1402.6,223,https://www.keiba.go.jp/KeibaWeb/TodayRaceInfo/Odds3LenFuku?k_babaCode=19&k_raceDate=2026%2F09%2F29&k_raceNo=7
2026-09-29 17:30:00,17:29,2026-09-29,funabashi,7,15,三連複,1-4-11,1510.5,1510.5,238,https://www.keiba.go.jp/KeibaWeb/TodayRaceInfo/Odds3LenFuku?k_babaCode=19&k_raceDate=2026%2F09%2F29&k_raceNo=7
2026-09-29 17:30:00,17:29,2026-09-29,funabashi,7,15,三連複,2-4-8,1510.5,1510.5,238,https://www.keiba.go.jp/KeibaWeb/TodayRaceInfo/Odds3LenFuku?k_babaCode=19&k_raceDate=2026%2F09%2F29&k_raceNo=7
2026-09-29 17:30:00,17:29,2026-09-29,funabashi,7,15,三連複,2-5-7,1510.5,1510.5,238,https://www.keiba.go.jp/KeibaWeb/TodayRaceInfo/Odds3LenFuku?k_babaCode=19&k_raceDate=2026%2F09%2F29&k_raceNo=7
2026-09-29 17:30:00,17:29,2026-09-29,funabashi,7,15,三連複,2-7-11,1510.5,1510.5,238,https://www.keiba.go.jp/KeibaWeb/TodayRaceInfo/Odds3LenFuku?k_babaCode=19&k_raceDate=2026%2F09%2F29&k_raceNo=7
2026-09-29 17:30:00,17:29,2026-09-29,funabashi,7,15,三連複,2-11-14,1510.5,1510.5,238,https://www.keiba.go.jp/KeibaWeb/TodayRaceInfo/Odds3LenFuku?k_babaCode=19&k_raceDate=2026%2F09%2F29&k_raceNo=7
2026-09-29 17:30:00,17:29,2026-09-29,funabashi,7,15,三連複,3-6-9,1510.5,1510.5,238,https://www.keiba.go.jp/KeibaWeb/TodayRaceInfo/Odds3LenFuku?k_babaCode=19&k_raceDate=2026%2F09%2F29&k_raceNo=7
2026-09-29 17:30:00,17:29,2026-09-29,funabashi,7,15,三連複,4-6-8,1510.5,1510.5,238,https://www.keiba.go.jp/KeibaWeb/TodayRaceInfo/Odds3LenFuku?k_babaCode=19&k_raceDate=2026%2F09%2F29&k_raceNo=7
2026-09-29 17:30:00,17:29,2026-09-29,funabashi,7,15,三連複,5-6-12,1510.5,1510.5,238,https://www.keiba.go.jp/KeibaWeb/TodayRaceInfo/Odds3LenFuku?k_babaCode=19&k_raceDate=2026%2F09%2F29&k_raceNo=7
2026-09-29 17:30:00,17:29,2026-09-29,funabashi,7,15,三連複,6-7-14,1510.5,1510.5,238,https://www.keiba.go.jp/KeibaWeb/TodayRaceInfo/Odds3LenFuku?k_babaCode=19&k_raceDate=2026%2F09%2F29&k_raceNo=7
2026-09-29 17:30:00,17:29,2026-09-29,funabashi,7,15,三連複,7-8-14,1510.5,1510.5,238,https://www.keiba.go.jp/KeibaWeb/TodayRaceInfo/Odds3LenFuku?k_babaCode=19&k_raceDate=2026%2F09%2F29&k_raceNo=7
2026-09-29 17:30:00,17:29,2026-09-29,funabashi,7,15,三連複,8-9-13,1510.5,1510.5,238,https://www.keiba.go.jp/KeibaWeb/TodayRaceInfo/Odds3LenFuku?k_babaCode=19&k_raceDate=2026%2F09%2F29&k_raceNo=7
2026-09-29 17:30:00,17:29,2026-09-29,funabashi,7,15,三連複,1-2-7,1636.3,1636.3,249,https://www.keiba.go.jp/KeibaWeb/TodayRaceInfo/Odds3LenFuku?k_babaCode=19&k_raceDate=2026%2F09%2F29&k_raceNo=7
2026-09-29 17:30:00,17:29,2026-09-29,funabashi,7,15,三連複,1-3-14,1636.3,1636.3,249,https://www.keiba.go.jp/KeibaWeb/TodayRaceInfo/Odds3LenFuku?k_babaCode=19&k_raceDate=2026%2F09%2F29&k_raceNo=7
2026-09-29 17:30:00,17:29,2026-09-29,funabashi,7,15,三連複,1-8-12,1636.3,1636.3,249,https://www.keiba.go.jp/KeibaWeb/TodayRaceInfo/Odds3LenFuku?k_babaCode=19&k_raceDate=2026%2F09%2F29&k_raceNo=7
2026-09-29 17:30:00,17:29,2026-09-29,funabashi,7,15,三連複,1-11-13,1636.3,1636.3,249,https://www.keiba.go.jp/KeibaWeb/TodayRaceInfo/Odds3LenFuku?k_babaCode=19&k_raceDate=2026%2F09%2F29&k_raceNo=7
2026-09-29 17:30:00,17:29,2026-09-29,funabashi,7,15,三連複,2-3-8,1636.3,1636.3,249,https://www.keiba.go.jp/KeibaWeb/TodayRaceInfo/Odds3LenFuku?k_babaCode=19&k_raceDate=2026%2F09%2F29&k_raceNo=7
2026-09-29 17:30:00,17:29,2026-09-29,funabashi,7,15,三連複,2-6-13,1636.3,1636.3,249,https://www.keiba.go.jp/KeibaWeb/TodayRaceInfo/Odds3LenFuku?k_babaCode=19&k_raceDate=2026%2F09%2F29&k_raceNo=7
2026-09-29 17:30:00,17:29,2026-09-29,funabashi,7,15,三連複,4-5-11,1636.3,1636.3,249,https://www.keiba.go.jp/KeibaWeb/TodayRaceInfo/Odds3LenFuku?k_babaCode=19&k_raceDate=2026%2F09%2F29&k_raceNo=7
2026-09-29 17:30:00,17:29,2026-09-29,funabashi,7,15,三連複,5-6-13,1636.3,1636.3,249,https://www.keiba.go.jp/KeibaWeb/TodayRaceInfo/Odds3LenFuku?k_babaCode=19&k_raceDate=2026%2F09%2F29&k_raceNo=7
2026-09-29 17:30:00,17:29,2026-09-29,funabashi,7,15,三連複,5-7-9,1636.3,1636.3,249,https://www.keiba.go.jp/KeibaWeb/TodayRaceInfo/Odds3LenFuku?k_babaCode=19&k_raceDate=2026%2F09%2F29&k_raceNo=7
2026-09-29 17:30:00,17:29,2026-09-29,funabashi,7,15,三連複,6-10-14,1636.3,1636.3,249,https://www.keiba.go.jp/KeibaWeb/TodayRaceInfo/Odds3LenFuku?k_babaCode=19&k_raceDate=2026%2F09%2F29&k_raceNo=7
2026-09-29 17:30:00,17:29,2026-09-29,funabashi,7,15,三連複,1-3-9,1785.1,1785.1,259,https://www.keiba.go.jp/KeibaWeb/TodayRaceInfo/Odds3LenFuku?k_babaCode=19&k_raceDate=2026%2F09%2F29&k_raceNo=7
2026-09-29 17:30:00,17:29,2026-09-29,funabashi,7,15,三連複,1-5-13,1785.1,1785.1,259,https://www.keiba.go.jp/KeibaWeb/TodayRaceInfo/Odds3LenFuku?k_babaCode=19&k_raceDate=2026%2F09%2F29&k_raceNo=7
2026-09-29 17:30:00,17:29,2026-09-29,funabashi,7,15,三連複,2-3-6,1785.1,1785.1,259,https://www.keiba.go.jp/KeibaWeb/TodayRaceInfo/Odds3LenFuku?k_babaCode=19&k_raceDate=2026%2F09%2F29&k_raceNo=7
2026-09-29 17:30:00,17:29,2026-09-29,funabashi,7,15,三連複,2-5-11,1785.1,1785.1,259,https://www.keiba.go.jp/KeibaWeb/TodayRaceInfo/Odds3LenFuku?k_babaCode=19&k_raceDate=2026%2F09%2F29&k_raceNo=7
2026-09-29 17:30:00,17:29,2026-09-29,funabashi,7,15,三連複,2-6-10,1785.1,1785.1,259,https://www.keiba.go.jp/KeibaWeb/TodayRaceInfo/Odds3LenFuku?k_babaCode=19&k_raceDate=2026%2F09%2F29&k_raceNo=7
2026-09-29 17:30:00,17:29,2026-09-29,funabashi,7,15,三連複,3-8-9,1785.1,1785.1,259,https://www.keiba.go.jp/KeibaWeb/TodayRaceInfo/Odds3LenFuku?k_babaCode=19&k_raceDate=2026%2F09%2F29&k_raceNo=7
2026-09-29 17:30:00,17:29,2026-09-29,funabashi,7,15,三連複,5-7-14,1785.1,1785.1,259,https://www.keiba.go.jp/KeibaWeb/TodayRaceInfo/Odds3LenFuku?k_babaCode=19&k_raceDate=2026%2F09%2F29&k_raceNo=7
2026-09-29 17:30:00,17:29,2026-09-29,funabashi,7,15,三連複,5-8-11,1785.1,1785.1,259,https://www.keiba.go.jp/KeibaWeb/TodayRaceInfo/Odds3LenFuku?k_babaCode=19&k_raceDate=2026%2F09%2F29&k_raceNo=7
2026-09-29 17:30:00,17:29,2026-09-29,funabashi,7,15,三連複,6-8-10,1785.1,1785.1,259,https://www.keiba.go.jp/KeibaWeb/TodayRaceInfo/Odds3LenFuku?k_babaCode=19&k_raceDate=2026%2F09%2F29&k_raceNo=7
2026-09-29 17:30:00,17:29,2026-09-29,funabashi,7,15,三連複,6-8-11,1785.1,1785.1,259,https://www.keiba.go.jp/KeibaWeb/TodayRaceInfo/Odds3LenFuku?k_babaCode=19&k_raceDate=2026%2F09%2F29&k_raceNo=7
2026-09-29 17:30:00,17:29,2026-09-29,funabashi,7,15,三連複,6-8-13,1785.1,1785.1,259,https://www.keiba.go.jp/KeibaWeb/TodayRaceInfo/Odds3LenFuku?k_babaCode=19&k_raceDate=2026%2F09%2F29&k_raceNo=7
2026-09-29 17:30:00,17:29,2026-09-29,funabashi,7,15,三連複,7-9-11,1785.1,1785.1,259,https://www.keiba.go.jp/KeibaWeb/TodayRaceInfo/Odds3LenFuku?k_babaCode=19&k_raceDate=2026%2F09%2F29&k_raceNo=7
2026-09-29 17:30:00,17:29,2026-09-29,funabashi,7,15,三連複,8-10-14,1785.1,1785.1,259,https://www.keiba.go.jp/KeibaWeb/TodayRaceInfo/Odds3LenFuku?k_babaCode=19&k_raceDate=2026%2F09%2F29&k_raceNo=7
2026-09-29 17:30:00,17:29,2026-09-29,funabashi,7,15,三連複,1-4-6,1963.6,1963.6,272,https://www.keiba.go.jp/KeibaWeb/TodayRaceInfo/Odds3LenFuku?k_babaCode=19&k_raceDate=2026%2F09%2F29&k_raceNo=7
2026-09-29 17:30:00,17:29,2026-09-29,funabashi,7,15,三連複,1-6-13,1963.6,1963.6,272,https://www.keiba.go.jp/KeibaWeb/TodayRaceInfo/Odds3LenFuku?k_babaCode=19&k_raceDate=2026%2F09%2F29&k_raceNo=7
2026-09-29 17:30:00,17:29,2026-09-29,funabashi,7,15,三連複,1-7-8,1963.6,1963.6,272,https://www.keiba.go.jp/KeibaWeb/TodayRaceInfo/Odds3LenFuku?k_babaCode=19&k_raceDate=2026%2F09%2F29&k_raceNo=7
2026-09-29 17:30:00,17:29,2026-09-29,funabashi,7,15,三連複,2-6-7,1963.6,1963.6,272,https://www.keiba.go.jp/KeibaWeb/TodayRaceInfo/Odds3LenFuku?k_babaCode=19&k_raceDate=2026%2F09%2F29&k_raceNo=7
2026-09-29 17:30:00,17:29,2026-09-29,funabashi,7,15,三連複,3-5-9,1963.6,1963.6,272,https://www.keiba.go.jp/KeibaWeb/TodayRaceInfo/Odds3LenFuku?k_babaCode=19&k_raceDate=2026%2F09%2F29&k_raceNo=7
2026-09-29 17:30:00,17:29,2026-09-29,funabashi,7,15,三連複,4-6-11,1963.6,1963.6,272,https://www.keiba.go.jp/KeibaWeb/TodayRaceInfo/Odds3LenFuku?k_babaCode=19&k_raceDate=2026%2F09%2F29&k_raceNo=7
2026-09-29 17:30:00,17:29,2026-09-29,funabashi,7,15,三連複,5-7-11,1963.6,1963.6,272,https://www.keiba.go.jp/KeibaWeb/TodayRaceInfo/Odds3LenFuku?k_babaCode=19&k_raceDate=2026%2F09%2F29&k_raceNo=7
2026-09-29 17:30:00,17:29,2026-09-29,funabashi,7,15,三連複,5-8-10,1963.6,1963.6,272,https://www.keiba.go.jp/KeibaWeb/TodayRaceInfo/Odds3LenFuku?k_babaCode=19&k_raceDate=2026%2F09%2F29&k_raceNo=7
2026-09-29 17:30:00,17:29,2026-09-29,funabashi,7,15,三連複,6-8-12,1963.6,1963.6,272,https://www.keiba.go.jp/KeibaWeb/TodayRaceInfo/Odds3LenFuku?k_babaCode=19&k_raceDate=2026%2F09%2F29&k_raceNo=7
2026-09-29 17:30:00,17:29,2026-09-29,funabashi,7,15,三連複,6-9-10,1963.6,1963.6,272,https://www.keiba.go.jp/KeibaWeb/TodayRaceInfo/Odds3LenFuku?k_babaCode=19&k_raceDate=2026%2F09%2F29&k_raceNo=7
2026-09-29 17:30:00,17:29,2026-09-29,funabashi,7,15,三連複,6-9-13,1963.6,1963.6,272,https://www.keiba.go.jp/KeibaWeb/TodayRaceInfo/Odds3LenFuku?k_babaCode=19&k_raceDate=2026%2F09%2F29&k_raceNo=7
2026-09-29 17:30:00,17:29,2026-09-29,funabashi,7,15,三連複,6-10-11,1963.6,1963.6,272,https://www.keiba.go.jp/KeibaWeb/TodayRaceInfo/Odds3LenFuku?k_babaCode=19&k_raceDate=2026%2F09%2F29&k_raceNo=7
2026-09-29 17:30:00,17:29,2026-09-29,funabashi,7,15,三連複,1-2-9,2181.8,2181.8,284,https://www.keiba.go.jp/KeibaWeb/TodayRaceInfo/Odds3LenFuku?k_babaCode=19&k_raceDate=2026%2F09%2F29&k_raceNo=7
2026-09-29 17:30:00,17:29,2026-09-29,funabashi,7,15,三連複,1-2-11,2181.8,2181.8,284,https://www.keiba.go.jp/KeibaWeb/TodayRaceInfo/Odds3LenFuku?k_babaCode=19&k_raceDate=2026%2F09%2F29&k_raceNo=7
2026-09-29 17:30:00,17:29,2026-09-29,funabashi,7,15,三連複,1-7-9,2181.8,2181.8,284,https://www.keiba.go.jp/KeibaWeb/TodayRaceInfo/Odds3LenFuku?k_babaCode=19&k_raceDate=2026%2F09%2F29&k_raceNo=7
2026-09-29 17:30:00,17:29,2026-09-29,funabashi,7,15,三連複,1-7-14,2181.8,2181.8,284,https://www.keiba.go.jp/KeibaWeb/TodayRaceInfo/Odds3LenFuku?k_babaCode=19&k_raceDate=2026%2F09%2F29&k_raceNo=7
2026-09-29 17:30:00,17:29,2026-09-29,funabashi,7,15,三連複,1-8-13,2181.8,2181.8,284,https://www.keiba.go.jp/KeibaWeb/TodayRaceInfo/Odds3LenFuku?k_babaCode=19&k_raceDate=2026%2F09%2F29&k_raceNo=7
2026-09-29 17:30:00,17:29,2026-09-29,funabashi,7,15,三連複,2-4-9,2181.8,2181.8,284,https://www.keiba.go.jp/KeibaWeb/TodayRaceInfo/Odds3LenFuku?k_babaCode=19&k_raceDate=2026%2F09%2F29&k_raceNo=7
2026-09-29 17:30:00,17:29,2026-09-29,funabashi,7,15,三連複,2-5-8,2181.8,2181.8,284,https://www.keiba.go.jp/KeibaWeb/TodayRaceInfo/Odds3LenFuku?k_babaCode=19&k_raceDate=2026%2F09%2F29&k_raceNo=7
2026-09-29 17:30:00,17:29,2026-09-29,funabashi,7,15,三連複,2-6-8,2181.8,2181.8,284,https://www.keiba.go.jp/KeibaWeb/TodayRaceInfo/Odds3LenFuku?k_babaCode=19&k_raceDate=2026%2F09%2F29&k_raceNo=7
2026-09-29 17:30:00,17:29,2026-09-29,funabashi,7,15,三連複,2-6-9,2181.8,2181.8,284,https://www.keiba.go.jp/KeibaWeb/TodayRaceInfo/Odds3LenFuku?k_babaCode=19&k_raceDate=2026%2F09%2F29&k_raceNo=7
2026-09-29 17:30:00,17:29,2026-09-29,funabashi,7,15,三連複,2-6-11,2181.8,2181.8,284,https://www.keiba.go.jp/KeibaWeb/TodayRaceInfo/Odds3LenFuku?k_babaCode=19&k_raceDate=2026%2F09%2F29&k_raceNo=7
2026-09-29 17:30:00,17:29,2026-09-29,funabashi,7,15,三連複,2-9-11,2181.8,2181.8,284,https://www.keiba.go.jp/KeibaWeb/TodayRaceInfo/Odds3LenFuku?k_babaCode=19&k_raceDate=2026%2F09%2F29&k_raceNo=7
2026-09-29 17:30:00,17:29,2026-09-29,funabashi,7,15,三連複,2-9-12,2181.8,2181.8,284,https://www.keiba.go.jp/KeibaWeb/TodayRaceInfo/Odds3LenFuku?k_babaCode=19&k_raceDate=2026%2F09%2F29&k_raceNo=7
2026-09-29 17:30:00,17:29,2026-09-29,funabashi,7,15,三連複,4-8-9,2181.8,2181.8,284,https://www.keiba.go.jp/KeibaWeb/TodayRaceInfo/Odds3LenFuku?k_babaCode=19&k_raceDate=2026%2F09%2F29&k_raceNo=7
2026-09-29 17:30:00,17:29,2026-09-29,funabashi,7,15,三連複,5-6-8,2181.8,2181.8,284,https://www.keiba.go.jp/KeibaWeb/TodayRaceInfo/Odds3LenFuku?k_babaCode=19&k_raceDate=2026%2F09%2F29&k_raceNo=7
2026-09-29 17:30:00,17:29,2026-09-29,funabashi,7,15,三連複,6-7-11,2181.8,2181.8,284,https://www.keiba.go.jp/KeibaWeb/TodayRaceInfo/Odds3LenFuku?k_babaCode=19&k_raceDate=2026%2F09%2F29&k_raceNo=7
2026-09-29 17:30:00,17:29,2026-09-29,funabashi,7,15,三連複,6-8-9,2181.8,2181.8,284,https://www.keiba.go.jp/KeibaWeb/TodayRaceInfo/Odds3LenFuku?k_babaCode=19&k_raceDate=2026%2F09%2F29&k_raceNo=7
2026-09-29 17:30:00,17:29,2026-09-29,funabashi,7,15,三連複,7-9-14,2181.8,2181.8,284,https://www.keiba.go.jp/KeibaWeb/TodayRaceInfo/Odds3LenFuku?k_babaCode=19&k_raceDate=2026%2F09%2F29&k_raceNo=7
2026-09-29 17:30:00,17:29,2026-09-29,funabashi,7,15,三連複,8-9-14,2181.8,2181.8,284,https://www.keiba.go.jp/KeibaWeb/TodayRaceInfo/Odds3LenFuku?k_babaCode=19&k_raceDate=2026%2F09%2F29&k_raceNo=7
2026-09-29 17:30:00,17:29,2026-09-29,funabashi,7,15,三連複,1-2-6,2454.5,2454.5,302,https://www.keiba.go.jp/KeibaWeb/TodayRaceInfo/Odds3LenFuku?k_babaCode=19&k_raceDate=2026%2F09%2F29&k_raceNo=7
2026-09-29 17:30:00,17:29,2026-09-29,funabashi,7,15,三連複,1-5-8,2454.5,2454.5,302,https://www.keiba.go.jp/KeibaWeb/TodayRaceInfo/Odds3LenFuku?k_babaCode=19&k_raceDate=2026%2F09%2F29&k_raceNo=7
2026-09-29 17:30:00,17:29,2026-09-29,funabashi,7,15,三連複,1-6-7,2454.5,2454.5,302,https://www.keiba.go.jp/KeibaWeb/TodayRaceInfo/Odds3LenFuku?k_babaCode=19&k_raceDate=2026%2F09%2F29&k_raceNo=7
2026-09-29 17:30:00,17:29,2026-09-29,funabashi,7,15,三連複,1-6-8,2454.5,2454.5,302,https://www.keiba.go.jp/KeibaWeb/TodayRaceInfo/Odds3LenFuku?k_babaCode=19&k_raceDate=2026%2F09%2F29&k_raceNo=7
2026-09-29 17:30:00,17:29,2026-09-29,funabashi,7,15,三連複,1-6-11,2454.5,2454.5,302,https://www.keiba.go.jp/KeibaWeb/TodayRaceInfo/Odds3LenFuku?k_babaCode=19&k_raceDate=2026%2F09%2F29&k_raceNo=7
2026-09-29 17:30:00,17:29,2026-09-29,funabashi,7,15,三連複,1-9-10,2454.5,2454.5,302,https://www.keiba.go.jp/KeibaWeb/TodayRaceInfo/Odds3LenFuku?k_babaCode=19&k_raceDate=2026%2F09%2F29&k_raceNo=7
2026-09-29 17:30:00,17:29,2026-09-29,funabashi,7,15,三連複,1-9-13,2454.5,2454.5,302,https://www.keiba.go.jp/KeibaWeb/TodayRaceInfo/Odds3LenFuku?k_babaCode=19&k_raceDate=2026%2F09%2F29&k_raceNo=7
2026-09-29 17:30:00,17:29,2026-09-29,funabashi,7,15,三連複,2-7-8,2454.5,2454.5,302,https://www.keiba.go.jp/KeibaWeb/TodayRaceInfo/Odds3LenFuku?k_babaCode=19&k_raceDate=2026%2F09%2F29&k_raceNo=7
2026-09-29 17:30:00,17:29,2026-09-29,funabashi,7,15,三連複,2-7-14,2454.5,2454.5,302,https://www.keiba.go.jp/KeibaWeb/TodayRaceInfo/Odds3LenFuku?k_babaCode=19&k_raceDate=2026%2F09%2F29&k_raceNo=7
2026-09-29 17:30:00,17:29,2026-09-29,funabashi,7,15,三連複,5-6-9,2454.5,2454.5,302,https://www.keiba.go.jp/KeibaWeb/TodayRaceInfo/Odds3LenFuku?k_babaCode=19&k_raceDate=2026%2F09%2F29&k_raceNo=7
2026-09-29 17:30:00,17:29,2026-09-29,funabashi,7,15,三連複,5-11-14,2454.5,2454.5,302,https://www.keiba.go.jp/KeibaWeb/TodayRaceInfo/Odds3LenFuku?k_babaCode=19&k_raceDate=2026%2F09%2F29&k_raceNo=7
2026-09-29 17:30:00,17:29,2026-09-29,funabashi,7,15,三連複,6-9-11,2454.5,2454.5,302,https://www.keiba.go.jp/KeibaWeb/TodayRaceInfo/Odds3LenFuku?k_babaCode=19&k_raceDate=2026%2F09%2F29&k_raceNo=7
2026-09-29 17:30:00,17:29,2026-09-29,funabashi,7,15,三連複,9-11-14,2454.5,2454.5,302,https://www.keiba.go.jp/KeibaWeb/TodayRaceInfo/Odds3LenFuku?k_babaCode=19&k_raceDate=2026%2F09%2F29&k_raceNo=7
2026-09-29 17:30:00,17:29,2026-09-29,funabashi,7,15,三連複,1-2-13,2805.2,2805.2,315,https://www.keiba.go.jp/KeibaWeb/TodayRaceInfo/Odds3LenFuku?k_babaCode=19&k_raceDate=2026%2F09%2F29&k_raceNo=7
2026-09-29 17:30:00,17:29,2026-09-29,funabashi,7,15,三連複,1-6-10,2805.2,2805.2,315,https://www.keiba.go.jp/KeibaWeb/TodayRaceInfo/Odds3LenFuku?k_babaCode=19&k_raceDate=2026%2F09%2F29&k_raceNo=7
2026-09-29 17:30:00,17:29,2026-09-29,funabashi,7,15,三連複,1-7-11,2805.2,2805.2,315,https://www.keiba.go.jp/KeibaWeb/TodayRaceInfo/Odds3LenFuku?k_babaCode=19&k_raceDate=2026%2F09%2F29&k_raceNo=7
2026-09-29 17:30:00,17:29,2026-09-29,funabashi,7,15,三連複,1-8-11,2805.2,2805.2,315,https://www.keiba.go.jp/KeibaWeb/TodayRaceInfo/Odds3LenFuku?k_babaCode=19&k_raceDate=2026%2F09%2F29&k_raceNo=7
2026-09-29 17:30:00,17:29,2026-09-29,funabashi,7,15,三連複,1-10-11,2805.2,2805.2,315,https://www.keiba.go.jp/KeibaWeb/TodayRaceInfo/Odds3LenFuku?k_babaCode=19&k_raceDate=2026%2F09%2F29&k_raceNo=7
2026-09-29 17:30:00,17:29,2026-09-29,funabashi,7,15,三連複,2-9-10,2805.2,2805.2,315,https://www.keiba.go.jp/KeibaWeb/TodayRaceInfo/Odds3LenFuku?k_babaCode=19&k_raceDate=2026%2F09%2F29&k_raceNo=7
2026-09-29 17:30:00,17:29,2026-09-29,funabashi,7,15,三連複,4-6-9,2805.2,2805.2,315,https://www.keiba.go.jp/KeibaWeb/TodayRaceInfo/Odds3LenFuku?k_babaCode=19&k_raceDate=2026%2F09%2F29&k_raceNo=7
2026-09-29 17:30:00,17:29,2026-09-29,funabashi,7,15,三連複,5-6-10,2805.2,2805.2,315,https://www.keiba.go.jp/KeibaWeb/TodayRaceInfo/Odds3LenFuku?k_babaCode=19&k_raceDate=2026%2F09%2F29&k_raceNo=7
2026-09-29 17:30:00,17:29,2026-09-29,funabashi,7,15,三連複,5-6-11,2805.2,2805.2,315,https://www.keiba.go.jp/KeibaWeb/TodayRaceInfo/Odds3LenFuku?k_babaCode=19&k_raceDate=2026%2F09%2F29&k_raceNo=7
2026-09-29 17:30:00,17:29,2026-09-29,funabashi,7,15,三連複,5-8-9,2805.2,2805.2,315,https://www.keiba.go.jp/KeibaWeb/TodayRaceInfo/Odds3LenFuku?k_babaCode=19&k_raceDate=2026%2F09%2F29&k_raceNo=7
2026-09-29 17:30:00,17:29,2026-09-29,funabashi,7,15,三連複,6-11-14,2805.2,2805.2,315,https://www.keiba.go.jp/KeibaWeb/TodayRaceInfo/Odds3LenFuku?k_babaCode=19&k_raceDate=2026%2F09%2F29&k_raceNo=7
2026-09-29 17:30:00,17:29,2026-09-29,funabashi,7,15,三連複,7-8-9,2805.2,2805.2,315,https://www.keiba.go.jp/KeibaWeb/TodayRaceInfo/Odds3LenFuku?k_babaCode=19&k_raceDate=2026%2F09%2F29&k_raceNo=7
2026-09-29 17:30:00,17:29,2026-09-29,funabashi,7,15,三連複,8-9-11,2805.2,2805.2,315,https://www.keiba.go.jp/KeibaWeb/TodayRaceInfo/Odds3LenFuku?k_babaCode=19&k_raceDate=2026%2F09%2F29&k_raceNo=7
2026-09-29 17:30:00,17:29,2026-09-29,funabashi,7,15,三連複,1-5-6,3272.7,3272.7,328,https://www.keiba.go.jp/KeibaWeb/TodayRaceInfo/Odds3LenFuku?k_babaCode=19&k_raceDate=2026%2F09%2F29&k_raceNo=7
2026-09-29 17:30:00,17:29,2026-09-29,funabashi,7,15,三連複,1-8-9,3272.7,3272.7,328,https://www.keiba.go.jp/KeibaWeb/TodayRaceInfo/Odds3LenFuku?k_babaCode=19&k_raceDate=2026%2F09%2F29&k_raceNo=7
2026-09-29 17:30:00,17:29,2026-09-29,funabashi,7,15,三連複,1-9-12,3272.7,3272.7,328,https://www.keiba.go.jp/KeibaWeb/TodayRaceInfo/Odds3LenFuku?k_babaCode=19&k_raceDate=2026%2F09%2F29&k_raceNo=7
2026-09-29 17:30:00,17:29,2026-09-29,funabashi,7,15,三連複,1-10-14,3272.7,3272.7,328,https://www.keiba.go.jp/KeibaWeb/TodayRaceInfo/Odds3LenFuku?k_babaCode=19&k_raceDate=2026%2F09%2F29&k_raceNo=7
2026-09-29 17:30:00,17:29,2026-09-29,funabashi,7,15,三連複,2-8-9,3272.7,3272.7,328,https://www.keiba.go.jp/KeibaWeb/TodayRaceInfo/Odds3LenFuku?k_babaCode=19&k_raceDate=2026%2F09%2F29&k_raceNo=7
2026-09-29 17:30:00,17:29,2026-09-29,funabashi,7,15,三連複,2-10-14,3272.7,3272.7,328,https://www.keiba.go.jp/KeibaWeb/TodayRaceInfo/Odds3LenFuku?k_babaCode=19&k_raceDate=2026%2F09%2F29&k_raceNo=7
2026-09-29 17:30:00,17:29,2026-09-29,funabashi,7,15,三連複,5-8-14,3272.7,3272.7,328,https://www.keiba.go.jp/KeibaWeb/TodayRaceInfo/Odds3LenFuku?k_babaCode=19&k_raceDate=2026%2F09%2F29&k_raceNo=7
2026-09-29 17:30:00,17:29,2026-09-29,funabashi,7,15,三連複,1-2-10,3927.3,3927.3,335,https://www.keiba.go.jp/KeibaWeb/TodayRaceInfo/Odds3LenFuku?k_babaCode=19&k_raceDate=2026%2F09%2F29&k_raceNo=7
2026-09-29 17:30:00,17:29,2026-09-29,funabashi,7,15,三連複,1-5-9,3927.3,3927.3,335,https://www.keiba.go.jp/KeibaWeb/TodayRaceInfo/Odds3LenFuku?k_babaCode=19&k_raceDate=2026%2F09%2F29&k_raceNo=7
2026-09-29 17:30:00,17:29,2026-09-29,funabashi,7,15,三連複,1-5-10,3927.3,3927.3,335,https://www.keiba.go.jp/KeibaWeb/TodayRaceInfo/Odds3LenFuku?k_babaCode=19&k_raceDate=2026%2F09%2F29&k_raceNo=7
2026-09-29 17:30:00,17:29,2026-09-29,funabashi,7,15,三連複,1-6-9,3927.3,3927.3,335,https://www.keiba.go.jp/KeibaWeb/TodayRaceInfo/Odds3LenFuku?k_babaCode=19&k_raceDate=2026%2F09%2F29&k_raceNo=7
2026-09-29 17:30:00,17:29,2026-09-29,funabashi,7,15,三連複,1-9-11,3927.3,3927.3,335,https://www.keiba.go.jp/KeibaWeb/TodayRaceInfo/Odds3LenFuku?k_babaCode=19&k_raceDate=2026%2F09%2F29&k_raceNo=7
2026-09-29 17:30:00,17:29,2026-09-29,funabashi,7,15,三連複,2-5-10,3927.3,3927.3,335,https://www.keiba.go.jp/KeibaWeb/TodayRaceInfo/Odds3LenFuku?k_babaCode=19&k_raceDate=2026%2F09%2F29&k_raceNo=7
2026-09-29 17:30:00,17:29,2026-09-29,funabashi,7,15,三連複,4-9-11,3927.3,3927.3,335,https://www.keiba.go.jp/KeibaWeb/TodayRaceInfo/Odds3LenFuku?k_babaCode=19&k_raceDate=2026%2F09%2F29&k_raceNo=7
2026-09-29 17:30:00,17:29,2026-09-29,funabashi,7,15,三連複,5-6-14,3927.3,3927.3,335,https://www.keiba.go.jp/KeibaWeb/TodayRaceInfo/Odds3LenFuku?k_babaCode=19&k_raceDate=2026%2F09%2F29&k_raceNo=7
2026-09-29 17:30:00,17:29,2026-09-29,funabashi,7,15,三連複,5-9-14,3927.3,3927.3,335,https://www.keiba.go.jp/KeibaWeb/TodayRaceInfo/Odds3LenFuku?k_babaCode=19&k_raceDate=2026%2F09%2F29&k_raceNo=7
2026-09-29 17:30:00,17:29,2026-09-29,funabashi,7,15,三連複,5-10-11,3927.3,3927.3,335,https://www.keiba.go.jp/KeibaWeb/TodayRaceInfo/Odds3LenFuku?k_babaCode=19&k_raceDate=2026%2F09%2F29&k_raceNo=7
2026-09-29 17:30:00,17:29,2026-09-29,funabashi,7,15,三連複,5-10-14,3927.3,3927.3,335,https://www.keiba.go.jp/KeibaWeb/TodayRaceInfo/Odds3LenFuku?k_babaCode=19&k_raceDate=2026%2F09%2F29&k_raceNo=7
2026-09-29 17:30:00,17:29,2026-09-29,funabashi,7,15,三連複,6-7-9,3927.3,3927.3,335,https://www.keiba.go.jp/KeibaWeb/TodayRaceInfo/Odds3LenFuku?k_babaCode=19&k_raceDate=2026%2F09%2F29&k_raceNo=7
2026-09-29 17:30:00,17:29,2026-09-29,funabashi,7,15,三連複,1-8-10,4909.1,4909.1,347,https://www.keiba.go.jp/KeibaWeb/TodayRaceInfo/Odds3LenFuku?k_babaCode=19&k_raceDate=2026%2F09%2F29&k_raceNo=7
2026-09-29 17:30:00,17:29,2026-09-29,funabashi,7,15,三連複,2-8-10,4909.1,4909.1,347,https://www.keiba.go.jp/KeibaWeb/TodayRaceInfo/Odds3LenFuku?k_babaCode=19&k_raceDate=2026%2F09%2F29&k_raceNo=7
2026-09-29 17:30:00,17:29,2026-09-29,funabashi,7,15,三連複,2-8-14,4909.1,4909.1,347,https://www.keiba.go.jp/KeibaWeb/TodayRaceInfo/Odds3LenFuku?k_babaCode=19&k_raceDate=2026%2F09%2F29&k_raceNo=7
2026-09-29 17:30:00,17:29,2026-09-29,funabashi,7,15,三連複,6-9-12,4909.1,4909.1,347,https://www.keiba.go.jp/KeibaWeb/TodayRaceInfo/Odds3LenFuku?k_babaCode=19&k_raceDate=2026%2F09%2F29&k_raceNo=7
2026-09-29 17:30:00,17:29,2026-09-29,funabashi,7,15,三連複,6-9-14,4909.1,4909.1,347,https://www.keiba.go.jp/KeibaWeb/TodayRaceInfo/Odds3LenFuku?k_babaCode=19&k_raceDate=2026%2F09%2F29&k_raceNo=7
2026-09-29 17:30:00,17:29,2026-09-29,funabashi,7,15,三連複,1-2-8,6545.5,6545.5,352,https://www.keiba.go.jp/KeibaWeb/TodayRaceInfo/Odds3LenFuku?k_babaCode=19&k_raceDate=2026%2F09%2F29&k_raceNo=7
2026-09-29 17:30:00,17:29,2026-09-29,funabashi,7,15,三連複,1-5-11,6545.5,6545.5,352,https://www.keiba.go.jp/KeibaWeb/TodayRaceInfo/Odds3LenFuku?k_babaCode=19&k_raceDate=2026%2F09%2F29&k_raceNo=7
2026-09-29 17:30:00,17:29,2026-09-29,funabashi,7,15,三連複,1-5-14,6545.5,6545.5,352,https://www.keiba.go.jp/KeibaWeb/TodayRaceInfo/Odds3LenFuku?k_babaCode=19&k_raceDate=2026%2F09%2F29&k_raceNo=7
2026-09-29 17:30:00,17:29,2026-09-29,funabashi,7,15,三連複,1-8-14,6545.5,6545.5,352,https://www.keiba.go.jp/KeibaWeb/TodayRaceInfo/Odds3LenFuku?k_babaCode=19&k_raceDate=2026%2F09%2F29&k_raceNo=7
2026-09-29 17:30:00,17:29,2026-09-29,funabashi,7,15,三連複,5-9-11,6545.5,6545.5,352,https://www.keiba.go.jp/KeibaWeb/TodayRaceInfo/Odds3LenFuku?k_babaCode=19&k_raceDate=2026%2F09%2F29&k_raceNo=7
2026-09-29 17:30:00,17:29,2026-09-29,funabashi,7,15,三連複,1-2-14,9818.3,9818.3,357,https://www.keiba.go.jp/KeibaWeb/TodayRaceInfo/Odds3LenFuku?k_babaCode=19&k_raceDate=2026%2F09%2F29&k_raceNo=7
2026-09-29 17:30:00,17:29,2026-09-29,funabashi,7,15,三連複,1-6-14,9818.3,9818.3,357,https://www.keiba.go.jp/KeibaWeb/TodayRaceInfo/Odds3LenFuku?k_babaCode=19&k_raceDate=2026%2F09%2F29&k_raceNo=7
2026-09-29 17:30:00,17:29,2026-09-29,funabashi,7,15,三連複,1-9-14,9818.3,9818.3,357,https://www.keiba.go.jp/KeibaWeb/TodayRaceInfo/Odds3LenFuku?k_babaCode=19&k_raceDate=2026%2F09%2F29&k_raceNo=7
2026-09-29 17:30:00,17:29,2026-09-29,funabashi,7,15,三連複,1-11-14,9818.3,9818.3,357,https://www.keiba.go.jp/KeibaWeb/TodayRaceInfo/Odds3LenFuku?k_babaCode=19&k_raceDate=2026%2F09%2F29&k_raceNo=7
2026-09-29 17:30:00,17:29,2026-09-29,funabashi,7,15,三連複,2-5-9,9818.3,9818.3,357,https://www.keiba.go.jp/KeibaWeb/TodayRaceInfo/Odds3LenFuku?k_babaCode=19&k_raceDate=2026%2F09%2F29&k_raceNo=7
2026-09-29 17:30:00,17:29,2026-09-29,funabashi,7,15,三連複,2-9-14,9818.3,9818.3,357,https://www.keiba.go.jp/KeibaWeb/TodayRaceInfo/Odds3LenFuku?k_babaCode=19&k_raceDate=2026%2F09%2F29&k_raceNo=7
2026-09-29 17:30:00,17:29,2026-09-29,funabashi,7,15,三連複,2-5-14,19636.6,19636.6,363,https://www.keiba.go.jp/KeibaWeb/TodayRaceInfo/Odds3LenFuku?k_babaCode=19&k_raceDate=2026%2F09%2F29&k_raceNo=7
2026-09-29 17:30:00,17:29,2026-09-29,funabashi,7,15,三連複,2-6-14,19636.6,19636.6,363,https://www.keiba.go.jp/KeibaWeb/TodayRaceInfo/Odds3LenFuku?k_babaCode=19&k_raceDate=2026%2F09%2F29&k_raceNo=7
