captured_at,source_time,race_date,track,race_no,minutes_before,bet_type,combination,odds_low,odds_high,popularity,source_url
2026-09-29 19:30:00,19:29,2026-09-29,funabashi,10,5,馬連,10-13,11.5,11.5,1,https://www.keiba.go.jp/KeibaWeb/TodayRaceInfo/OddsUmLenFuku?k_babaCode=19&k_raceDate=2026%2F09%2F29&k_raceNo=10
2026-09-29 19:30:00,19:29,2026-09-29,funabashi,10,5,馬連,4-13,11.8,11.8,2,https://www.keiba.go.jp/KeibaWeb/TodayRaceInfo/OddsUmLenFuku?k_babaCode=19&k_raceDate=2026%2F09%2F29&k_raceNo=10
2026-09-29 19:30:00,19:29,2026-09-29,funabashi,10,5,馬連,4-10,12.6,12.6,3,https://www.keiba.go.jp/KeibaWeb/TodayRaceInfo/OddsUmLenFuku?k_babaCode=19&k_raceDate=2026%2F09%2F29&k_raceNo=10
2026-09-29 19:30:00,19:29,2026-09-29,funabashi,10,5,馬連,2-4,13.3,13.3,4,https://www.keiba.go.jp/KeibaWeb/TodayRaceInfo/OddsUmLenFuku?k_babaCode=19&k_raceDate=2026%2F09%2F29&k_raceNo=10
2026-09-29 19:30:00,19:29,2026-09-29,funabashi,10,5,馬連,2-13,13.8,13.8,5,https://www.keiba.go.jp/KeibaWeb/TodayRaceInfo/OddsUmLenFuku?k_babaCode=19&k_raceDate=2026%2F09%2F29&k_raceNo=10
2026-09-29 19:30:00,19:29,2026-09-29,funabashi,10,5,馬連,2-10,15.8,15.8,6,https://www.keiba.go.jp/KeibaWeb/TodayRaceInfo/OddsUmLenFuku?k_babaCode=19&k_raceDate=2026%2F09%2F29&k_raceNo=10
2026-09-29 19:30:00,19:29,2026-09-29,funabashi,10,5,馬連,4-7,16.2,16.2,7,https://www.keiba.go.jp/KeibaWeb/TodayRaceInfo/OddsUmLenFuku?k_babaCode=19&k_raceDate=2026%2F09%2F29&k_raceNo=10
2026-09-29 19:30:00,19:29,2026-09-29,funabashi,10,5,馬連,7-10,17.4,17.4,8,https://www.keiba.go.jp/KeibaWeb/TodayRaceInfo/OddsUmLenFuku?k_babaCode=19&k_raceDate=2026%2F09%2F29&k_raceNo=10
2026-09-29 19:30:00,19:29,2026-09-29,funabashi,10,5,馬連,7-13,17.7,17.7,9,https://www.keiba.go.jp/KeibaWeb/TodayRaceInfo/OddsUmLenFuku?k_babaCode=19&k_raceDate=2026%2F09%2F29&k_raceNo=10
2026-09-29 19:30:00,19:29,2026-09-29,funabashi,10,5,馬連,2-7,22.5,22.5,10,https://www.keiba.go.jp/KeibaWeb/TodayRaceInfo/OddsUmLenFuku?k_babaCode=19&k_raceDate=2026%2F09%2F29&k_raceNo=10
2026-09-29 19:30:00,19:29,2026-09-29,funabashi,10,5,馬連,11-13,32.8,32.8,11,https://www.keiba.go.jp/KeibaWeb/TodayRaceInfo/OddsUmLenFuku?k_babaCode=19&k_raceDate=2026%2F09%2F29&k_raceNo=10
2026-09-29 19:30:00,19:29,2026-09-29,funabashi,10,5,馬連,13-14,36.0,36.0,12,https://www.keiba.go.jp/KeibaWeb/TodayRaceInfo/OddsUmLenFuku?k_babaCode=19&k_raceDate=2026%2F09%2F29&k_raceNo=10
2026-09-29 19:30:00,19:29,2026-09-29,funabashi,10,5,馬連,12-13,37.6,37.6,13,https://www.keiba.go.jp/KeibaWeb/TodayRaceInfo/OddsUmLenFuku?k_babaCode=19&k_raceDate=2026%2F09%2F29&k_raceNo=10
2026-09-29 19:30:00,19:29,2026-09-29,funabashi,10,5,馬連,7-11,38.7,38.7,14,https://www.keiba.go.jp/KeibaWeb/TodayRaceInfo/OddsUmLenFuku?k_babaCode=19&k_raceDate=2026%2F09%2F29&k_raceNo=10
2026-09-29 19:30:00,19:29,2026-09-29,funabashi,10,5,馬連,10-11,39.8,39.8,15,https://www.keiba.go.jp/KeibaWeb/TodayRaceInfo/OddsUmLenFuku?k_babaCode=19&k_raceDate=2026%2F09%2F29&k_raceNo=10
2026-09-29 19:30:00,19:29,2026-09-29,funabashi,10,5,馬連,10-12,42.9,42.9,16,https://www.keiba.go.jp/KeibaWeb/TodayRaceInfo/OddsUmLenFuku?k_babaCode=19&k_raceDate=2026%2F09%2F29&k_raceNo=10
2026-09-29 19:30:00,19:29,2026-09-29,funabashi,10,5,馬連,4-11,44.1,44.1,17,https://www.keiba.go.jp/KeibaWeb/TodayRaceInfo/OddsUmLenFuku?k_babaCode=19&k_raceDate=2026%2F09%2F29&k_raceNo=10
2026-09-29 19:30:00,19:29,2026-09-29,funabashi,10,5,馬連,2-11,44.5,44.5,18,https://www.keiba.go.jp/KeibaWeb/TodayRaceInfo/OddsUmLenFuku?k_babaCode=19&k_raceDate=2026%2F09%2F29&k_raceNo=10
2026-09-29 19:30:00,19:29,2026-09-29,funabashi,10,5,馬連,10-14,50.2,50.2,19,https://www.keiba.go.jp/KeibaWeb/TodayRaceInfo/OddsUmLenFuku?k_babaCode=19&k_raceDate=2026%2F09%2F29&k_raceNo=10
2026-09-29 19:30:00,19:29,2026-09-29,funabashi,10,5,馬連,4-14,55.7,55.7,20,https://www.keiba.go.jp/KeibaWeb/TodayRaceInfo/OddsUmLenFuku?k_babaCode=19&k_raceDate=2026%2F09%2F29&k_raceNo=10
2026-09-29 19:30:00,19:29,2026-09-29,funabashi,10,5,馬連,7-14,59.6,59.6,21,https://www.keiba.go.jp/KeibaWeb/TodayRaceInfo/OddsUmLenFuku?k_babaCode=19&k_raceDate=2026%2F09%2F29&k_raceNo=10
2026-09-29 19:30:00,19:29,2026-09-29,funabashi,10,5,馬連,4-12,61.5,61.5,22,https://www.keiba.go.jp/KeibaWeb/TodayRaceInfo/OddsUmLenFuku?k_babaCode=19&k_raceDate=2026%2F09%2F29&k_raceNo=10
2026-09-29 19:30:00,19:29,2026-09-29,funabashi,10,5,馬連,7-12,65.1,65.1,23,https://www.keiba.go.jp/KeibaWeb/TodayRaceInfo/OddsUmLenFuku?k_babaCode=19&k_raceDate=2026%2F09%2F29&k_raceNo=10
2026-09-29 19:30:00,19:29,2026-09-29,funabashi,10,5,馬連,5-13,67.4,67.4,24,https://www.keiba.go.jp/KeibaWeb/TodayRaceInfo/OddsUmLenFuku?k_babaCode=19&k_raceDate=2026%2F09%2F29&k_raceNo=10
2026-09-29 19:30:00,19:29,2026-09-29,funabashi,10,5,馬連,4-5,67.8,67.8,25,https://www.keiba.go.jp/KeibaWeb/TodayRaceInfo/OddsUmLenFuku?k_babaCode=19&k_raceDate=2026%2F09%2F29&k_raceNo=10
2026-09-29 19:30:00,19:29,2026-09-29,funabashi,10,5,馬連,5-7,68.8,68.8,26,https://www.keiba.go.jp/KeibaWeb/TodayRaceInfo/OddsUmLenFuku?k_babaCode=19&k_raceDate=2026%2F09%2F29&k_raceNo=10
2026-09-29 19:30:00,19:29,2026-09-29,funabashi,10,5,馬連,2-14,69.3,69.3,27,https://www.keiba.go.jp/KeibaWeb/TodayRaceInfo/OddsUmLenFuku?k_babaCode=19&k_raceDate=2026%2F09%2F29&k_raceNo=10
2026-09-29 19:30:00,19:29,2026-09-29,funabashi,10,5,馬連,9-13,69.5,69.5,28,https://www.keiba.go.jp/KeibaWeb/TodayRaceInfo/OddsUmLenFuku?k_babaCode=19&k_raceDate=2026%2F09%2F29&k_raceNo=10
2026-09-29 19:30:00,19:29,2026-09-29,funabashi,10,5,馬連,2-12,78.1,78.1,29,https://www.keiba.go.jp/KeibaWeb/TodayRaceInfo/OddsUmLenFuku?k_babaCode=19&k_raceDate=2026%2F09%2F29&k_raceNo=10
2026-09-29 19:30:00,19:29,2026-09-29,funabashi,10,5,馬連,9-10,81.6,81.6,30,https://www.keiba.go.jp/KeibaWeb/TodayRaceInfo/OddsUmLenFuku?k_babaCode=19&k_raceDate=2026%2F09%2F29&k_raceNo=10
2026-09-29 19:30:00,19:29,2026-09-29,funabashi,10,5,馬連,2-5,81.9,81.9,31,https://www.keiba.go.jp/KeibaWeb/TodayRaceInfo/OddsUmLenFuku?k_babaCode=19&k_raceDate=2026%2F09%2F29&k_raceNo=10
2026-09-29 19:30:00,19:29,2026-09-29,funabashi,10,5,馬連,5-10,85.2,85.2,32,https://www.keiba.go.jp/KeibaWeb/TodayRaceInfo/OddsUmLenFuku?k_babaCode=19&k_raceDate=2026%2F09%2F29&k_raceNo=10
2026-09-29 19:30:00,19:29,2026-09-29,funabashi,10,5,馬連,7-9,91.8,91.8,33,https://www.keiba.go.jp/KeibaWeb/TodayRaceInfo/OddsUmLenFuku?k_babaCode=19&k_raceDate=2026%2F09%2F29&k_raceNo=10
2026-09-29 19:30:00,19:29,2026-09-29,funabashi,10,5,馬連,2-9,95.0,95.0,34,https://www.keiba.go.jp/KeibaWeb/TodayRaceInfo/OddsUmLenFuku?k_babaCode=19&k_raceDate=2026%2F09%2F29&k_raceNo=10
2026-09-29 19:30:00,19:29,2026-09-29,funabashi,10,5,馬連,4-9,101.2,101.2,35,https://www.keiba.go.jp/KeibaWeb/TodayRaceInfo/OddsUmLenFuku?k_babaCode=19&k_raceDate=2026%2F09%2F29&k_raceNo=10
2026-09-29 19:30:00,19:29,2026-09-29,funabashi,10,5,馬連,6-13,115.0,115.0,36,https://www.keiba.go.jp/KeibaWeb/TodayRaceInfo/OddsUmLenFuku?k_babaCode=19&k_raceDate=2026%2F09%2F29&k_raceNo=10
2026-09-29 19:30:00,19:29,2026-09-29,funabashi,10,5,馬連,4-8,119.7,119.7,37,https://www.keiba.go.jp/KeibaWeb/TodayRaceInfo/OddsUmLenFuku?k_babaCode=19&k_raceDate=2026%2F09%2F29&k_raceNo=10
2026-09-29 19:30:00,19:29,2026-09-29,funabashi,10,5,馬連,11-12,121.5,121.5,38,https://www.keiba.go.jp/KeibaWeb/TodayRaceInfo/OddsUmLenFuku?k_babaCode=19&k_raceDate=2026%2F09%2F29&k_raceNo=10
2026-09-29 19:30:00,19:29,2026-09-29,funabashi,10,5,馬連,11-14,122.0,122.0,39,https://www.keiba.go.jp/KeibaWeb/TodayRaceInfo/OddsUmLenFuku?k_babaCode=19&k_raceDate=2026%2F09%2F29&k_raceNo=10
2026-09-29 19:30:00,19:29,2026-09-29,funabashi,10,5,馬連,7-8,122.6,122.6,40,https://www.keiba.go.jp/KeibaWeb/TodayRaceInfo/OddsUmLenFuku?k_babaCode=19&k_raceDate=2026%2F09%2F29&k_raceNo=10
2026-09-29 19:30:00,19:29,2026-09-29,funabashi,10,5,馬連,5-14,125.6,125.6,41,https://www.keiba.go.jp/KeibaWeb/TodayRaceInfo/OddsUmLenFuku?k_babaCode=19&k_raceDate=2026%2F09%2F29&k_raceNo=10
2026-09-29 19:30:00,19:29,2026-09-29,funabashi,10,5,馬連,9-11,136.4,136.4,42,https://www.keiba.go.jp/KeibaWeb/TodayRaceInfo/OddsUmLenFuku?k_babaCode=19&k_raceDate=2026%2F09%2F29&k_raceNo=10
2026-09-29 19:30:00,19:29,2026-09-29,funabashi,10,5,馬連,8-13,136.7,136.7,43,https://www.keiba.go.jp/KeibaWeb/TodayRaceInfo/OddsUmLenFuku?k_babaCode=19&k_raceDate=2026%2F09%2F29&k_raceNo=10
2026-09-29 19:30:00,19:29,2026-09-29,funabashi,10,5,馬連,8-10,141.2,141.2,44,https://www.keiba.go.jp/KeibaWeb/TodayRaceInfo/OddsUmLenFuku?k_babaCode=19&k_raceDate=2026%2F09%2F29&k_raceNo=10
2026-09-29 19:30:00,19:29,2026-09-29,funabashi,10,5,馬連,6-10,150.0,150.0,45,https://www.keiba.go.jp/KeibaWeb/TodayRaceInfo/OddsUmLenFuku?k_babaCode=19&k_raceDate=2026%2F09%2F29&k_raceNo=10
2026-09-29 19:30:00,19:29,2026-09-29,funabashi,10,5,馬連,2-8,153.7,153.7,46,https://www.keiba.go.jp/KeibaWeb/TodayRaceInfo/OddsUmLenFuku?k_babaCode=19&k_raceDate=2026%2F09%2F29&k_raceNo=10
2026-09-29 19:30:00,19:29,2026-09-29,funabashi,10,5,馬連,12-14,156.8,156.8,47,https://www.keiba.go.jp/KeibaWeb/TodayRaceInfo/OddsUmLenFuku?k_babaCode=19&k_raceDate=2026%2F09%2F29&k_raceNo=10
2026-09-29 19:30:00,19:29,2026-09-29,funabashi,10,5,馬連,5-12,171.2,171.2,48,https://www.keiba.go.jp/KeibaWeb/TodayRaceInfo/OddsUmLenFuku?k_babaCode=19&k_raceDate=2026%2F09%2F29&k_raceNo=10
2026-09-29 19:30:00,19:29,2026-09-29,funabashi,10,5,馬連,9-14,175.0,175.0,49,https://www.keiba.go.jp/KeibaWeb/TodayRaceInfo/OddsUmLenFuku?k_babaCode=19&k_raceDate=2026%2F09%2F29&k_raceNo=10
2026-09-29 19:30:00,19:29,2026-09-29,funabashi,10,5,馬連,8-11,178.4,178.4,50,https://www.keiba.go.jp/KeibaWeb/TodayRaceInfo/OddsUmLenFuku?k_babaCode=19&k_raceDate=2026%2F09%2F29&k_raceNo=10
2026-09-29 19:30:00,19:29,2026-09-29,funabashi,10,5,馬連,5-11,179.5,179.5,51,https://www.keiba.go.jp/KeibaWeb/TodayRaceInfo/OddsUmLenFuku?k_babaCode=19&k_raceDate=2026%2F09%2F29&k_raceNo=10
2026-09-29 19:30:00,19:29,2026-09-29,funabashi,10,5,馬連,4-6,200.9,200.9,52,https://www.keiba.go.jp/KeibaWeb/TodayRaceInfo/OddsUmLenFuku?k_babaCode=19&k_raceDate=2026%2F09%2F29&k_raceNo=10
2026-09-29 19:30:00,19:29,2026-09-29,funabashi,10,5,馬連,5-9,208.5,208.5,53,https://www.keiba.go.jp/KeibaWeb/TodayRaceInfo/OddsUmLenFuku?k_babaCode=19&k_raceDate=2026%2F09%2F29&k_raceNo=10
2026-09-29 19:30:00,19:29,2026-09-29,funabashi,10,5,馬連,6-7,221.7,221.7,54,https://www.keiba.go.jp/KeibaWeb/TodayRaceInfo/OddsUmLenFuku?k_babaCode=19&k_raceDate=2026%2F09%2F29&k_raceNo=10
2026-09-29 19:30:00,19:29,2026-09-29,funabashi,10,5,馬連,2-6,224.4,224.4,55,https://www.keiba.go.jp/KeibaWeb/TodayRaceInfo/OddsUmLenFuku?k_babaCode=19&k_raceDate=2026%2F09%2F29&k_raceNo=10
2026-09-29 19:30:00,19:29,2026-09-29,funabashi,10,5,馬連,9-12,250.7,250.7,56,https://www.keiba.go.jp/KeibaWeb/TodayRaceInfo/OddsUmLenFuku?k_babaCode=19&k_raceDate=2026%2F09%2F29&k_raceNo=10
2026-09-29 19:30:00,19:29,2026-09-29,funabashi,10,5,馬連,5-8,260.1,260.1,57,https://www.keiba.go.jp/KeibaWeb/TodayRaceInfo/OddsUmLenFuku?k_babaCode=19&k_raceDate=2026%2F09%2F29&k_raceNo=10
2026-09-29 19:30:00,19:29,2026-09-29,funabashi,10,5,馬連,3-7,270.2,270.2,58,https://www.keiba.go.jp/KeibaWeb/TodayRaceInfo/OddsUmLenFuku?k_babaCode=19&k_raceDate=2026%2F09%2F29&k_raceNo=10
2026-09-29 19:30:00,19:29,2026-09-29,funabashi,10,5,馬連,1-13,291.4,291.4,59,https://www.keiba.go.jp/KeibaWeb/TodayRaceInfo/OddsUmLenFuku?k_babaCode=19&k_raceDate=2026%2F09%2F29&k_raceNo=10
2026-09-29 19:30:00,19:29,2026-09-29,funabashi,10,5,馬連,8-12,314.5,314.5,60,https://www.keiba.go.jp/KeibaWeb/TodayRaceInfo/OddsUmLenFuku?k_babaCode=19&k_raceDate=2026%2F09%2F29&k_raceNo=10
2026-09-29 19:30:00,19:29,2026-09-29,funabashi,10,5,馬連,3-13,333.3,333.3,61,https://www.keiba.go.jp/KeibaWeb/TodayRaceInfo/OddsUmLenFuku?k_babaCode=19&k_raceDate=2026%2F09%2F29&k_raceNo=10
2026-09-29 19:30:00,19:29,2026-09-29,funabashi,10,5,馬連,1-7,337.3,337.3,62,https://www.keiba.go.jp/KeibaWeb/TodayRaceInfo/OddsUmLenFuku?k_babaCode=19&k_raceDate=2026%2F09%2F29&k_raceNo=10
2026-09-29 19:30:00,19:29,2026-09-29,funabashi,10,5,馬連,5-6,341.5,341.5,63,https://www.keiba.go.jp/KeibaWeb/TodayRaceInfo/OddsUmLenFuku?k_babaCode=19&k_raceDate=2026%2F09%2F29&k_raceNo=10
2026-09-29 19:30:00,19:29,2026-09-29,funabashi,10,5,馬連,1-10,347.9,347.9,64,https://www.keiba.go.jp/KeibaWeb/TodayRaceInfo/OddsUmLenFuku?k_babaCode=19&k_raceDate=2026%2F09%2F29&k_raceNo=10
2026-09-29 19:30:00,19:29,2026-09-29,funabashi,10,5,馬連,1-2,354.5,354.5,65,https://www.keiba.go.jp/KeibaWeb/TodayRaceInfo/OddsUmLenFuku?k_babaCode=19&k_raceDate=2026%2F09%2F29&k_raceNo=10
2026-09-29 19:30:00,19:29,2026-09-29,funabashi,10,5,馬連,8-9,361.4,361.4,66,https://www.keiba.go.jp/KeibaWeb/TodayRaceInfo/OddsUmLenFuku?k_babaCode=19&k_raceDate=2026%2F09%2F29&k_raceNo=10
2026-09-29 19:30:00,19:29,2026-09-29,funabashi,10,5,馬連,1-4,366.2,366.2,67,https://www.keiba.go.jp/KeibaWeb/TodayRaceInfo/OddsUmLenFuku?k_babaCode=19&k_raceDate=2026%2F09%2F29&k_raceNo=10
2026-09-29 19:30:00,19:29,2026-09-29,funabashi,10,5,馬連,6-11,366.2,366.2,67,https://www.keiba.go.jp/KeibaWeb/TodayRaceInfo/OddsUmLenFuku?k_babaCode=19&k_raceDate=2026%2F09%2F29&k_raceNo=10
2026-09-29 19:30:00,19:29,2026-09-29,funabashi,10,5,馬連,6-14,389.3,389.3,69,https://www.keiba.go.jp/KeibaWeb/TodayRaceInfo/OddsUmLenFuku?k_babaCode=19&k_raceDate=2026%2F09%2F29&k_raceNo=10
2026-09-29 19:30:00,19:29,2026-09-29,funabashi,10,5,馬連,3-4,397.6,397.6,70,https://www.keiba.go.jp/KeibaWeb/TodayRaceInfo/OddsUmLenFuku?k_babaCode=19&k_raceDate=2026%2F09%2F29&k_raceNo=10
2026-09-29 19:30:00,19:29,2026-09-29,funabashi,10,5,馬連,3-10,412.3,412.3,71,https://www.keiba.go.jp/KeibaWeb/TodayRaceInfo/OddsUmLenFuku?k_babaCode=19&k_raceDate=2026%2F09%2F29&k_raceNo=10
2026-09-29 19:30:00,19:29,2026-09-29,funabashi,10,5,馬連,8-14,441.8,441.8,72,https://www.keiba.go.jp/KeibaWeb/TodayRaceInfo/OddsUmLenFuku?k_babaCode=19&k_raceDate=2026%2F09%2F29&k_raceNo=10
2026-09-29 19:30:00,19:29,2026-09-29,funabashi,10,5,馬連,6-9,452.6,452.6,73,https://www.keiba.go.jp/KeibaWeb/TodayRaceInfo/OddsUmLenFuku?k_babaCode=19&k_raceDate=2026%2F09%2F29&k_raceNo=10
2026-09-29 19:30:00,19:29,2026-09-29,funabashi,10,5,馬連,2-3,456.3,456.3,74,https://www.keiba.go.jp/KeibaWeb/TodayRaceInfo/OddsUmLenFuku?k_babaCode=19&k_raceDate=2026%2F09%2F29&k_raceNo=10
2026-09-29 19:30:00,19:29,2026-09-29,funabashi,10,5,馬連,6-12,460.0,460.0,75,https://www.keiba.go.jp/KeibaWeb/TodayRaceInfo/OddsUmLenFuku?k_babaCode=19&k_raceDate=2026%2F09%2F29&k_raceNo=10
2026-09-29 19:30:00,19:29,2026-09-29,funabashi,10,5,馬連,1-11,497.0,497.0,76,https://www.keiba.go.jp/KeibaWeb/TodayRaceInfo/OddsUmLenFuku?k_babaCode=19&k_raceDate=2026%2F09%2F29&k_raceNo=10
2026-09-29 19:30:00,19:29,2026-09-29,funabashi,10,5,馬連,1-12,605.1,605.1,77,https://www.keiba.go.jp/KeibaWeb/TodayRaceInfo/OddsUmLenFuku?k_babaCode=19&k_raceDate=2026%2F09%2F29&k_raceNo=10
2026-09-29 19:30:00,19:29,2026-09-29,funabashi,10,5,馬連,3-11,611.7,611.7,78,https://www.keiba.go.jp/KeibaWeb/TodayRaceInfo/OddsUmLenFuku?k_babaCode=19&k_raceDate=2026%2F09%2F29&k_raceNo=10
2026-09-29 19:30:00,19:29,2026-09-29,funabashi,10,5,馬連,1-9,670.7,670.7,79,https://www.keiba.go.jp/KeibaWeb/TodayRaceInfo/OddsUmLenFuku?k_babaCode=19&k_raceDate=2026%2F09%2F29&k_raceNo=10
2026-09-29 19:30:00,19:29,2026-09-29,funabashi,10,5,馬連,3-9,678.9,678.9,80,https://www.keiba.go.jp/KeibaWeb/TodayRaceInfo/OddsUmLenFuku?k_babaCode=19&k_raceDate=2026%2F09%2F29&k_raceNo=10
2026-09-29 19:30:00,19:29,2026-09-29,funabashi,10,5,馬連,6-8,713.7,713.7,81,https://www.keiba.go.jp/KeibaWeb/TodayRaceInfo/OddsUmLenFuku?k_babaCode=19&k_raceDate=2026%2F09%2F29&k_raceNo=10
2026-09-29 19:30:00,19:29,2026-09-29,funabashi,10,5,馬連,1-5,742.2,742.2,82,https://www.keiba.go.jp/KeibaWeb/TodayRaceInfo/OddsUmLenFuku?k_babaCode=19&k_raceDate=2026%2F09%2F29&k_raceNo=10
2026-09-29 19:30:00,19:29,2026-09-29,funabashi,10,5,馬連,3-5,762.6,762.6,83,https://www.keiba.go.jp/KeibaWeb/TodayRaceInfo/OddsUmLenFuku?k_babaCode=19&k_raceDate=2026%2F09%2F29&k_raceNo=10
2026-09-29 19:30:00,19:29,2026-09-29,funabashi,10,5,馬連,1-8,869.8,869.8,84,https://www.keiba.go.jp/KeibaWeb/TodayRaceInfo/OddsUmLenFuku?k_babaCode=19&k_raceDate=2026%2F09%2F29&k_raceNo=10
2026-09-29 19:30:00,19:29,2026-09-29,funabashi,10,5,馬連,1-14,927.8,927.8,85,https://www.keiba.go.jp/KeibaWeb/TodayRaceInfo/OddsUmLenFuku?k_babaCode=19&k_raceDate=2026%2F09%2F29&k_raceNo=10
2026-09-29 19:30:00,19:29,2026-09-29,funabashi,10,5,馬連,3-14,927.8,927.8,85,https://www.keiba.go.jp/KeibaWeb/TodayRaceInfo/OddsUmLenFuku?k_babaCode=19&k_raceDate=2026%2F09%2F29&k_raceNo=10
2026-09-29 19:30:00,19:29,2026-09-29,funabashi,10,5,馬連,3-8,943.5,943.5,87,https://www.keiba.go.jp/KeibaWeb/TodayRaceInfo/OddsUmLenFuku?k_babaCode=19&k_raceDate=2026%2F09%2F29&k_raceNo=10
2026-09-29 19:30:00,19:29,2026-09-29,funabashi,10,5,馬連,3-12,1050.3,1050.3,88,https://www.keiba.go.jp/KeibaWeb/TodayRaceInfo/OddsUmLenFuku?k_babaCode=19&k_raceDate=2026%2F09%2F29&k_raceNo=10
2026-09-29 19:30:00,19:29,2026-09-29,funabashi,10,5,馬連,3-6,1159.7,1159.7,89,https://www.keiba.go.jp/KeibaWeb/TodayRaceInfo/OddsUmLenFuku?k_babaCode=19&k_raceDate=2026%2F09%2F29&k_raceNo=10
2026-09-29 19:30:00,19:29,2026-09-29,funabashi,10,5,馬連,1-3,1184.4,1184.4,90,https://www.keiba.go.jp/KeibaWeb/TodayRaceInfo/OddsUmLenFuku?k_babaCode=19&k_raceDate=2026%2F09%2F29&k_raceNo=10
2026-09-29 19:30:00,19:29,2026-09-29,funabashi,10,5,馬連,1-6,1184.4,1184.4,90,https://www.keiba.go.jp/KeibaWeb/TodayRaceInfo/OddsUmLenFuku?k_babaCode=19&k_raceDate=2026%2F09%2F29&k_raceNo=10
2026-09-29 19:30:00,19:29,2026-09-29,funabashi,10,5,ワイド,10-13,4.7,5.2,1,https://www.keiba.go.jp/KeibaWeb/TodayRaceInfo/OddsWide?k_babaCode=19&k_raceDate=2026%2F09%2F29&k_raceNo=10
2026-09-29 19:30:00,19:29,2026-09-29,funabashi,10,5,ワイド,4-7,5.0,5.4,2,https://www.keiba.go.jp/KeibaWeb/TodayRaceInfo/OddsWide?k_babaCode=19&k_raceDate=2026%2F09%2F29&k_raceNo=10
2026-09-29 19:30:00,19:29,2026-09-29,funabashi,10,5,ワイド,4-13,5.3,5.8,3,https://www.keiba.go.jp/KeibaWeb/TodayRaceInfo/OddsWide?k_babaCode=19&k_raceDate=2026%2F09%2F29&k_raceNo=10
2026-09-29 19:30:00,19:29,2026-09-29,funabashi,10,5,ワイド,4-10,5.6,6.1,4,https://www.keiba.go.jp/KeibaWeb/TodayRaceInfo/OddsWide?k_babaCode=19&k_raceDate=2026%2F09%2F29&k_raceNo=10
2026-09-29 19:30:00,19:29,2026-09-29,funabashi,10,5,ワイド,2-13,5.7,6.1,5,https://www.keiba.go.jp/KeibaWeb/TodayRaceInfo/OddsWide?k_babaCode=19&k_raceDate=2026%2F09%2F29&k_raceNo=10
2026-09-29 19:30:00,19:29,2026-09-29,funabashi,10,5,ワイド,7-10,6.3,6.8,6,https://www.keiba.go.jp/KeibaWeb/TodayRaceInfo/OddsWide?k_babaCode=19&k_raceDate=2026%2F09%2F29&k_raceNo=10
2026-09-29 19:30:00,19:29,2026-09-29,funabashi,10,5,ワイド,2-4,6.4,7.0,7,https://www.keiba.go.jp/KeibaWeb/TodayRaceInfo/OddsWide?k_babaCode=19&k_raceDate=2026%2F09%2F29&k_raceNo=10
2026-09-29 19:30:00,19:29,2026-09-29,funabashi,10,5,ワイド,7-13,6.9,7.5,8,https://www.keiba.go.jp/KeibaWeb/TodayRaceInfo/OddsWide?k_babaCode=19&k_raceDate=2026%2F09%2F29&k_raceNo=10
2026-09-29 19:30:00,19:29,2026-09-29,funabashi,10,5,ワイド,2-7,7.2,7.8,9,https://www.keiba.go.jp/KeibaWeb/TodayRaceInfo/OddsWide?k_babaCode=19&k_raceDate=2026%2F09%2F29&k_raceNo=10
2026-09-29 19:30:00,19:29,2026-09-29,funabashi,10,5,ワイド,2-10,7.9,8.6,10,https://www.keiba.go.jp/KeibaWeb/TodayRaceInfo/OddsWide?k_babaCode=19&k_raceDate=2026%2F09%2F29&k_raceNo=10
2026-09-29 19:30:00,19:29,2026-09-29,funabashi,10,5,ワイド,7-11,8.2,8.7,11,https://www.keiba.go.jp/KeibaWeb/TodayRaceInfo/OddsWide?k_babaCode=19&k_raceDate=2026%2F09%2F29&k_raceNo=10
2026-09-29 19:30:00,19:29,2026-09-29,funabashi,10,5,ワイド,12-13,8.5,9.1,12,https://www.keiba.go.jp/KeibaWeb/TodayRaceInfo/OddsWide?k_babaCode=19&k_raceDate=2026%2F09%2F29&k_raceNo=10
2026-09-29 19:30:00,19:29,2026-09-29,funabashi,10,5,ワイド,10-12,11.3,12.2,13,https://www.keiba.go.jp/KeibaWeb/TodayRaceInfo/OddsWide?k_babaCode=19&k_raceDate=2026%2F09%2F29&k_raceNo=10
2026-09-29 19:30:00,19:29,2026-09-29,funabashi,10,5,ワイド,2-11,11.8,12.5,14,https://www.keiba.go.jp/KeibaWeb/TodayRaceInfo/OddsWide?k_babaCode=19&k_raceDate=2026%2F09%2F29&k_raceNo=10
2026-09-29 19:30:00,19:29,2026-09-29,funabashi,10,5,ワイド,7-14,13.0,13.7,15,https://www.keiba.go.jp/KeibaWeb/TodayRaceInfo/OddsWide?k_babaCode=19&k_raceDate=2026%2F09%2F29&k_raceNo=10
2026-09-29 19:30:00,19:29,2026-09-29,funabashi,10,5,ワイド,5-13,13.3,14.1,16,https://www.keiba.go.jp/KeibaWeb/TodayRaceInfo/OddsWide?k_babaCode=19&k_raceDate=2026%2F09%2F29&k_raceNo=10
2026-09-29 19:30:00,19:29,2026-09-29,funabashi,10,5,ワイド,13-14,13.4,14.2,17,https://www.keiba.go.jp/KeibaWeb/TodayRaceInfo/OddsWide?k_babaCode=19&k_raceDate=2026%2F09%2F29&k_raceNo=10
2026-09-29 19:30:00,19:29,2026-09-29,funabashi,10,5,ワイド,4-11,13.4,14.4,18,https://www.keiba.go.jp/KeibaWeb/TodayRaceInfo/OddsWide?k_babaCode=19&k_raceDate=2026%2F09%2F29&k_raceNo=10
2026-09-29 19:30:00,19:29,2026-09-29,funabashi,10,5,ワイド,5-7,14.1,15.0,19,https://www.keiba.go.jp/KeibaWeb/TodayRaceInfo/OddsWide?k_babaCode=19&k_raceDate=2026%2F09%2F29&k_raceNo=10
2026-09-29 19:30:00,19:29,2026-09-29,funabashi,10,5,ワイド,7-12,14.3,15.3,20,https://www.keiba.go.jp/KeibaWeb/TodayRaceInfo/OddsWide?k_babaCode=19&k_raceDate=2026%2F09%2F29&k_raceNo=10
2026-09-29 19:30:00,19:29,2026-09-29,funabashi,10,5,ワイド,11-13,14.5,15.4,21,https://www.keiba.go.jp/KeibaWeb/TodayRaceInfo/OddsWide?k_babaCode=19&k_raceDate=2026%2F09%2F29&k_raceNo=10
2026-09-29 19:30:00,19:29,2026-09-29,funabashi,10,5,ワイド,4-12,14.5,15.6,22,https://www.keiba.go.jp/KeibaWeb/TodayRaceInfo/OddsWide?k_babaCode=19&k_raceDate=2026%2F09%2F29&k_raceNo=10
2026-09-29 19:30:00,19:29,2026-09-29,funabashi,10,5,ワイド,10-11,14.9,15.9,23,https://www.keiba.go.jp/KeibaWeb/TodayRaceInfo/OddsWide?k_babaCode=19&k_raceDate=2026%2F09%2F29&k_raceNo=10
2026-09-29 19:30:00,19:29,2026-09-29,funabashi,10,5,ワイド,10-14,17.5,18.7,24,https://www.keiba.go.jp/KeibaWeb/TodayRaceInfo/OddsWide?k_babaCode=19&k_raceDate=2026%2F09%2F29&k_raceNo=10
2026-09-29 19:30:00,19:29,2026-09-29,funabashi,10,5,ワイド,4-5,18.0,19.2,25,https://www.keiba.go.jp/KeibaWeb/TodayRaceInfo/OddsWide?k_babaCode=19&k_raceDate=2026%2F09%2F29&k_raceNo=10
2026-09-29 19:30:00,19:29,2026-09-29,funabashi,10,5,ワイド,2-5,18.5,19.6,26,https://www.keiba.go.jp/KeibaWeb/TodayRaceInfo/OddsWide?k_babaCode=19&k_raceDate=2026%2F09%2F29&k_raceNo=10
2026-09-29 19:30:00,19:29,2026-09-29,funabashi,10,5,ワイド,4-14,19.5,20.8,27,https://www.keiba.go.jp/KeibaWeb/TodayRaceInfo/OddsWide?k_babaCode=19&k_raceDate=2026%2F09%2F29&k_raceNo=10
2026-09-29 19:30:00,19:29,2026-09-29,funabashi,10,5,ワイド,2-12,20.1,21.6,28,https://www.keiba.go.jp/KeibaWeb/TodayRaceInfo/OddsWide?k_babaCode=19&k_raceDate=2026%2F09%2F29&k_raceNo=10
2026-09-29 19:30:00,19:29,2026-09-29,funabashi,10,5,ワイド,6-13,21.5,22.7,29,https://www.keiba.go.jp/KeibaWeb/TodayRaceInfo/OddsWide?k_babaCode=19&k_raceDate=2026%2F09%2F29&k_raceNo=10
2026-09-29 19:30:00,19:29,2026-09-29,funabashi,10,5,ワイド,2-14,21.5,22.8,30,https://www.keiba.go.jp/KeibaWeb/TodayRaceInfo/OddsWide?k_babaCode=19&k_raceDate=2026%2F09%2F29&k_raceNo=10
2026-09-29 19:30:00,19:29,2026-09-29,funabashi,10,5,ワイド,4-8,25.4,26.8,31,https://www.keiba.go.jp/KeibaWeb/TodayRaceInfo/OddsWide?k_babaCode=19&k_raceDate=2026%2F09%2F29&k_raceNo=10
2026-09-29 19:30:00,19:29,2026-09-29,funabashi,10,5,ワイド,5-10,25.9,27.8,32,https://www.keiba.go.jp/KeibaWeb/TodayRaceInfo/OddsWide?k_babaCode=19&k_raceDate=2026%2F09%2F29&k_raceNo=10
2026-09-29 19:30:00,19:29,2026-09-29,funabashi,10,5,ワイド,9-13,26.9,28.5,33,https://www.keiba.go.jp/KeibaWeb/TodayRaceInfo/OddsWide?k_babaCode=19&k_raceDate=2026%2F09%2F29&k_raceNo=10
2026-09-29 19:30:00,19:29,2026-09-29,funabashi,10,5,ワイド,11-12,28.7,30.0,34,https://www.keiba.go.jp/KeibaWeb/TodayRaceInfo/OddsWide?k_babaCode=19&k_raceDate=2026%2F09%2F29&k_raceNo=10
2026-09-29 19:30:00,19:29,2026-09-29,funabashi,10,5,ワイド,2-9,29.7,31.2,35,https://www.keiba.go.jp/KeibaWeb/TodayRaceInfo/OddsWide?k_babaCode=19&k_raceDate=2026%2F09%2F29&k_raceNo=10
2026-09-29 19:30:00,19:29,2026-09-29,funabashi,10,5,ワイド,5-14,30.1,31.1,36,https://www.keiba.go.jp/KeibaWeb/TodayRaceInfo/OddsWide?k_babaCode=19&k_raceDate=2026%2F09%2F29&k_raceNo=10
2026-09-29 19:30:00,19:29,2026-09-29,funabashi,10,5,ワイド,4-9,30.4,32.1,37,https://www.keiba.go.jp/KeibaWeb/TodayRaceInfo/OddsWide?k_babaCode=19&k_raceDate=2026%2F09%2F29&k_raceNo=10
2026-09-29 19:30:00,19:29,2026-09-29,funabashi,10,5,ワイド,7-9,30.7,32.5,38,https://www.keiba.go.jp/KeibaWeb/TodayRaceInfo/OddsWide?k_babaCode=19&k_raceDate=2026%2F09%2F29&k_raceNo=10
2026-09-29 19:30:00,19:29,2026-09-29,funabashi,10,5,ワイド,12-14,33.2,34.8,39,https://www.keiba.go.jp/KeibaWeb/TodayRaceInfo/OddsWide?k_babaCode=19&k_raceDate=2026%2F09%2F29&k_raceNo=10
2026-09-29 19:30:00,19:29,2026-09-29,funabashi,10,5,ワイド,7-8,33.4,35.3,40,https://www.keiba.go.jp/KeibaWeb/TodayRaceInfo/OddsWide?k_babaCode=19&k_raceDate=2026%2F09%2F29&k_raceNo=10
2026-09-29 19:30:00,19:29,2026-09-29,funabashi,10,5,ワイド,9-10,33.4,35.4,41,https://www.keiba.go.jp/KeibaWeb/TodayRaceInfo/OddsWide?k_babaCode=19&k_raceDate=2026%2F09%2F29&k_raceNo=10
2026-09-29 19:30:00,19:29,2026-09-29,funabashi,10,5,ワイド,5-12,33.9,35.4,42,https://www.keiba.go.jp/KeibaWeb/TodayRaceInfo/OddsWide?k_babaCode=19&k_raceDate=2026%2F09%2F29&k_raceNo=10
2026-09-29 19:30:00,19:29,2026-09-29,funabashi,10,5,ワイド,2-8,37.6,39.4,43,https://www.keiba.go.jp/KeibaWeb/TodayRaceInfo/OddsWide?k_babaCode=19&k_raceDate=2026%2F09%2F29&k_raceNo=10
2026-09-29 19:30:00,19:29,2026-09-29,funabashi,10,5,ワイド,11-14,40.1,42.0,44,https://www.keiba.go.jp/KeibaWeb/TodayRaceInfo/OddsWide?k_babaCode=19&k_raceDate=2026%2F09%2F29&k_raceNo=10
2026-09-29 19:30:00,19:29,2026-09-29,funabashi,10,5,ワイド,9-11,41.4,42.9,45,https://www.keiba.go.jp/KeibaWeb/TodayRaceInfo/OddsWide?k_babaCode=19&k_raceDate=2026%2F09%2F29&k_raceNo=10
2026-09-29 19:30:00,19:29,2026-09-29,funabashi,10,5,ワイド,8-11,42.5,44.0,46,https://www.keiba.go.jp/KeibaWeb/TodayRaceInfo/OddsWide?k_babaCode=19&k_raceDate=2026%2F09%2F29&k_raceNo=10
2026-09-29 19:30:00,19:29,2026-09-29,funabashi,10,5,ワイド,8-13,43.1,45.6,47,https://www.keiba.go.jp/KeibaWeb/TodayRaceInfo/OddsWide?k_babaCode=19&k_raceDate=2026%2F09%2F29&k_raceNo=10
2026-09-29 19:30:00,19:29,2026-09-29,funabashi,10,5,ワイド,5-9,43.2,44.2,48,https://www.keiba.go.jp/KeibaWeb/TodayRaceInfo/OddsWide?k_babaCode=19&k_raceDate=2026%2F09%2F29&k_raceNo=10
2026-09-29 19:30:00,19:29,2026-09-29,funabashi,10,5,ワイド,5-11,44.2,46.2,49,https://www.keiba.go.jp/KeibaWeb/TodayRaceInfo/OddsWide?k_babaCode=19&k_raceDate=2026%2F09%2F29&k_raceNo=10
2026-09-29 19:30:00,19:29,2026-09-29,funabashi,10,5,ワイド,8-10,44.5,47.1,50,https://www.keiba.go.jp/KeibaWeb/TodayRaceInfo/OddsWide?k_babaCode=19&k_raceDate=2026%2F09%2F29&k_raceNo=10
2026-09-29 19:30:00,19:29,2026-09-29,funabashi,10,5,ワイド,9-12,46.1,47.8,51,https://www.keiba.go.jp/KeibaWeb/TodayRaceInfo/OddsWide?k_babaCode=19&k_raceDate=2026%2F09%2F29&k_raceNo=10
2026-09-29 19:30:00,19:29,2026-09-29,funabashi,10,5,ワイド,9-14,51.1,52.4,52,https://www.keiba.go.jp/KeibaWeb/TodayRaceInfo/OddsWide?k_babaCode=19&k_raceDate=2026%2F09%2F29&k_raceNo=10
2026-09-29 19:30:00,19:29,2026-09-29,funabashi,10,5,ワイド,6-7,54.8,57.7,53,https://www.keiba.go.jp/KeibaWeb/TodayRaceInfo/OddsWide?k_babaCode=19&k_raceDate=2026%2F09%2F29&k_raceNo=10
2026-09-29 19:30:00,19:29,2026-09-29,funabashi,10,5,ワイド,6-10,54.9,58.5,54,https://www.keiba.go.jp/KeibaWeb/TodayRaceInfo/OddsWide?k_babaCode=19&k_raceDate=2026%2F09%2F29&k_raceNo=10
2026-09-29 19:30:00,19:29,2026-09-29,funabashi,10,5,ワイド,5-8,55.8,57.0,55,https://www.keiba.go.jp/KeibaWeb/TodayRaceInfo/OddsWide?k_babaCode=19&k_raceDate=2026%2F09%2F29&k_raceNo=10
2026-09-29 19:30:00,19:29,2026-09-29,funabashi,10,5,ワイド,2-6,58.8,62.0,56,https://www.keiba.go.jp/KeibaWeb/TodayRaceInfo/OddsWide?k_babaCode=19&k_raceDate=2026%2F09%2F29&k_raceNo=10
2026-09-29 19:30:00,19:29,2026-09-29,funabashi,10,5,ワイド,3-7,61.3,64.5,57,https://www.keiba.go.jp/KeibaWeb/TodayRaceInfo/OddsWide?k_babaCode=19&k_raceDate=2026%2F09%2F29&k_raceNo=10
2026-09-29 19:30:00,19:29,2026-09-29,funabashi,10,5,ワイド,4-6,62.0,65.5,58,https://www.keiba.go.jp/KeibaWeb/TodayRaceInfo/OddsWide?k_babaCode=19&k_raceDate=2026%2F09%2F29&k_raceNo=10
2026-09-29 19:30:00,19:29,2026-09-29,funabashi,10,5,ワイド,5-6,66.7,68.5,59,https://www.keiba.go.jp/KeibaWeb/TodayRaceInfo/OddsWide?k_babaCode=19&k_raceDate=2026%2F09%2F29&k_raceNo=10
2026-09-29 19:30:00,19:29,2026-09-29,funabashi,10,5,ワイド,8-12,78.0,80.5,60,https://www.keiba.go.jp/KeibaWeb/TodayRaceInfo/OddsWide?k_babaCode=19&k_raceDate=2026%2F09%2F29&k_raceNo=10
2026-09-29 19:30:00,19:29,2026-09-29,funabashi,10,5,ワイド,1-4,82.1,86.5,61,https://www.keiba.go.jp/KeibaWeb/TodayRaceInfo/OddsWide?k_babaCode=19&k_raceDate=2026%2F09%2F29&k_raceNo=10
2026-09-29 19:30:00,19:29,2026-09-29,funabashi,10,5,ワイド,6-14,82.7,85.0,62,https://www.keiba.go.jp/KeibaWeb/TodayRaceInfo/OddsWide?k_babaCode=19&k_raceDate=2026%2F09%2F29&k_raceNo=10
2026-09-29 19:30:00,19:29,2026-09-29,funabashi,10,5,ワイド,1-7,85.8,90.2,63,https://www.keiba.go.jp/KeibaWeb/TodayRaceInfo/OddsWide?k_babaCode=19&k_raceDate=2026%2F09%2F29&k_raceNo=10
2026-09-29 19:30:00,19:29,2026-09-29,funabashi,10,5,ワイド,6-12,86.0,89.4,64,https://www.keiba.go.jp/KeibaWeb/TodayRaceInfo/OddsWide?k_babaCode=19&k_raceDate=2026%2F09%2F29&k_raceNo=10
2026-09-29 19:30:00,19:29,2026-09-29,funabashi,10,5,ワイド,1-2,90.8,94.9,65,https://www.keiba.go.jp/KeibaWeb/TodayRaceInfo/OddsWide?k_babaCode=19&k_raceDate=2026%2F09%2F29&k_raceNo=10
2026-09-29 19:30:00,19:29,2026-09-29,funabashi,10,5,ワイド,1-13,91.0,96.0,66,https://www.keiba.go.jp/KeibaWeb/TodayRaceInfo/OddsWide?k_babaCode=19&k_raceDate=2026%2F09%2F29&k_raceNo=10
2026-09-29 19:30:00,19:29,2026-09-29,funabashi,10,5,ワイド,3-10,91.4,96.4,67,https://www.keiba.go.jp/KeibaWeb/TodayRaceInfo/OddsWide?k_babaCode=19&k_raceDate=2026%2F09%2F29&k_raceNo=10
2026-09-29 19:30:00,19:29,2026-09-29,funabashi,10,5,ワイド,1-10,93.2,98.3,68,https://www.keiba.go.jp/KeibaWeb/TodayRaceInfo/OddsWide?k_babaCode=19&k_raceDate=2026%2F09%2F29&k_raceNo=10
2026-09-29 19:30:00,19:29,2026-09-29,funabashi,10,5,ワイド,8-14,95.3,97.6,69,https://www.keiba.go.jp/KeibaWeb/TodayRaceInfo/OddsWide?k_babaCode=19&k_raceDate=2026%2F09%2F29&k_raceNo=10
2026-09-29 19:30:00,19:29,2026-09-29,funabashi,10,5,ワイド,6-11,100.1,103.4,70,https://www.keiba.go.jp/KeibaWeb/TodayRaceInfo/OddsWide?k_babaCode=19&k_raceDate=2026%2F09%2F29&k_raceNo=10
2026-09-29 19:30:00,19:29,2026-09-29,funabashi,10,5,ワイド,2-3,107.6,112.4,71,https://www.keiba.go.jp/KeibaWeb/TodayRaceInfo/OddsWide?k_babaCode=19&k_raceDate=2026%2F09%2F29&k_raceNo=10
2026-09-29 19:30:00,19:29,2026-09-29,funabashi,10,5,ワイド,3-4,108.2,114.0,72,https://www.keiba.go.jp/KeibaWeb/TodayRaceInfo/OddsWide?k_babaCode=19&k_raceDate=2026%2F09%2F29&k_raceNo=10
2026-09-29 19:30:00,19:29,2026-09-29,funabashi,10,5,ワイド,3-13,114.0,120.2,73,https://www.keiba.go.jp/KeibaWeb/TodayRaceInfo/OddsWide?k_babaCode=19&k_raceDate=2026%2F09%2F29&k_raceNo=10
2026-09-29 19:30:00,19:29,2026-09-29,funabashi,10,5,ワイド,6-9,125.7,128.0,74,https://www.keiba.go.jp/KeibaWeb/TodayRaceInfo/OddsWide?k_babaCode=19&k_raceDate=2026%2F09%2F29&k_raceNo=10
2026-09-29 19:30:00,19:29,2026-09-29,funabashi,10,5,ワイド,8-9,129.5,131.4,75,https://www.keiba.go.jp/KeibaWeb/TodayRaceInfo/OddsWide?k_babaCode=19&k_raceDate=2026%2F09%2F29&k_raceNo=10
2026-09-29 19:30:00,19:29,2026-09-29,funabashi,10,5,ワイド,3-11,133.0,137.3,76,https://www.keiba.go.jp/KeibaWeb/TodayRaceInfo/OddsWide?k_babaCode=19&k_raceDate=2026%2F09%2F29&k_raceNo=10
2026-09-29 19:30:00,19:29,2026-09-29,funabashi,10,5,ワイド,1-11,137.1,141.3,77,https://www.keiba.go.jp/KeibaWeb/TodayRaceInfo/OddsWide?k_babaCode=19&k_raceDate=2026%2F09%2F29&k_raceNo=10
2026-09-29 19:30:00,19:29,2026-09-29,funabashi,10,5,ワイド,1-5,144.7,147.4,78,https://www.keiba.go.jp/KeibaWeb/TodayRaceInfo/OddsWide?k_babaCode=19&k_raceDate=2026%2F09%2F29&k_raceNo=10
2026-09-29 19:30:00,19:29,2026-09-29,funabashi,10,5,ワイド,1-12,147.6,152.0,79,https://www.keiba.go.jp/KeibaWeb/TodayRaceInfo/OddsWide?k_babaCode=19&k_raceDate=2026%2F09%2F29&k_raceNo=10
2026-09-29 19:30:00,19:29,2026-09-29,funabashi,10,5,ワイド,3-5,149.2,152.0,80,https://www.keiba.go.jp/KeibaWeb/TodayRaceInfo/OddsWide?k_babaCode=19&k_raceDate=2026%2F09%2F29&k_raceNo=10
2026-09-29 19:30:00,19:29,2026-09-29,funabashi,10,5,ワイド,3-12,150.5,154.9,81,https://www.keiba.go.jp/KeibaWeb/TodayRaceInfo/OddsWide?k_babaCode=19&k_raceDate=2026%2F09%2F29&k_raceNo=10
2026-09-29 19:30:00,19:29,2026-09-29,funabashi,10,5,ワイド,1-14,152.9,156.0,82,https://www.keiba.go.jp/KeibaWeb/TodayRaceInfo/OddsWide?k_babaCode=19&k_raceDate=2026%2F09%2F29&k_raceNo=10
2026-09-29 19:30:00,19:29,2026-09-29,funabashi,10,5,ワイド,6-8,157.7,160.1,83,https://www.keiba.go.jp/KeibaWeb/TodayRaceInfo/OddsWide?k_babaCode=19&k_raceDate=2026%2F09%2F29&k_raceNo=10
2026-09-29 19:30:00,19:29,2026-09-29,funabashi,10,5,ワイド,3-8,165.1,166.7,84,https://www.keiba.go.jp/KeibaWeb/TodayRaceInfo/OddsWide?k_babaCode=19&k_raceDate=2026%2F09%2F29&k_raceNo=10
2026-09-29 19:30:00,19:29,2026-09-29,funabashi,10,5,ワイド,1-9,188.5,190.3,85,https://www.keiba.go.jp/KeibaWeb/TodayRaceInfo/OddsWide?k_babaCode=19&k_raceDate=2026%2F09%2F29&k_raceNo=10
2026-09-29 19:30:00,19:29,2026-09-29,funabashi,10,5,ワイド,3-14,195.6,199.6,86,https://www.keiba.go.jp/KeibaWeb/TodayRaceInfo/OddsWide?k_babaCode=19&k_raceDate=2026%2F09%2F29&k_raceNo=10
2026-09-29 19:30:00,19:29,2026-09-29,funabashi,10,5,ワイド,1-8,206.1,208.2,87,https://www.keiba.go.jp/KeibaWeb/TodayRaceInfo/OddsWide?k_babaCode=19&k_raceDate=2026%2F09%2F29&k_raceNo=10
2026-09-29 19:30:00,19:29,2026-09-29,funabashi,10,5,ワイド,3-9,209.9,211.9,88,https://www.keiba.go.jp/KeibaWeb/TodayRaceInfo/OddsWide?k_babaCode=19&k_raceDate=2026%2F09%2F29&k_raceNo=10
2026-09-29 19:30:00,19:29,2026-09-29,funabashi,10,5,ワイド,1-6,265.1,268.4,89,https://www.keiba.go.jp/KeibaWeb/TodayRaceInfo/OddsWide?k_babaCode=19&k_raceDate=2026%2F09%2F29&k_raceNo=10
2026-09-29 19:30:00,19:29,2026-09-29,funabashi,10,5,ワイド,1-3,300.4,301.9,90,https://www.keiba.go.jp/KeibaWeb/TodayRaceInfo/OddsWide?k_babaCode=19&k_raceDate=2026%2F09%2F29&k_raceNo=10
2026-09-29 19:30:00,19:29,2026-09-29,funabashi,10,5,ワイド,3-6,326.9,330.8,91,https://www.keiba.go.jp/KeibaWeb/TodayRaceInfo/OddsWide?k_babaCode=19&k_raceDate=2026%2F09%2F29&k_raceNo=10
2026-09-29 19:30:00,19:29,2026-09-29,funabashi,10,5,三連複,4-10-13,19.5,19.5,1,https://www.keiba.go.jp/KeibaWeb/TodayRaceInfo/Odds3LenFuku?k_babaCode=19&k_raceDate=2026%2F09%2F29&k_raceNo=10
2026-09-29 19:30:00,19:29,2026-09-29,funabashi,10,5,三連複,2-4-13,21.5,21.5,2,https://www.keiba.go.jp/KeibaWeb/TodayRaceInfo/Odds3LenFuku?k_babaCode=19&k_raceDate=2026%2F09%2F29&k_raceNo=10
2026-09-29 19:30:00,19:29,2026-09-29,funabashi,10,5,三連複,2-10-13,24.5,24.5,3,https://www.keiba.go.jp/KeibaWeb/TodayRaceInfo/Odds3LenFuku?k_babaCode=19&k_raceDate=2026%2F09%2F29&k_raceNo=10
2026-09-29 19:30:00,19:29,2026-09-29,funabashi,10,5,三連複,2-4-10,26.0,26.0,4,https://www.keiba.go.jp/KeibaWeb/TodayRaceInfo/Odds3LenFuku?k_babaCode=19&k_raceDate=2026%2F09%2F29&k_raceNo=10
2026-09-29 19:30:00,19:29,2026-09-29,funabashi,10,5,三連複,4-7-13,26.4,26.4,5,https://www.keiba.go.jp/KeibaWeb/TodayRaceInfo/Odds3LenFuku?k_babaCode=19&k_raceDate=2026%2F09%2F29&k_raceNo=10
2026-09-29 19:30:00,19:29,2026-09-29,funabashi,10,5,三連複,7-10-13,28.0,28.0,6,https://www.keiba.go.jp/KeibaWeb/TodayRaceInfo/Odds3LenFuku?k_babaCode=19&k_raceDate=2026%2F09%2F29&k_raceNo=10
2026-09-29 19:30:00,19:29,2026-09-29,funabashi,10,5,三連複,4-7-10,29.0,29.0,7,https://www.keiba.go.jp/KeibaWeb/TodayRaceInfo/Odds3LenFuku?k_babaCode=19&k_raceDate=2026%2F09%2F29&k_raceNo=10
2026-09-29 19:30:00,19:29,2026-09-29,funabashi,10,5,三連複,2-4-7,31.1,31.1,8,https://www.keiba.go.jp/KeibaWeb/TodayRaceInfo/Odds3LenFuku?k_babaCode=19&k_raceDate=2026%2F09%2F29&k_raceNo=10
2026-09-29 19:30:00,19:29,2026-09-29,funabashi,10,5,三連複,2-7-10,33.8,33.8,9,https://www.keiba.go.jp/KeibaWeb/TodayRaceInfo/Odds3LenFuku?k_babaCode=19&k_raceDate=2026%2F09%2F29&k_raceNo=10
2026-09-29 19:30:00,19:29,2026-09-29,funabashi,10,5,三連複,2-7-13,34.0,34.0,10,https://www.keiba.go.jp/KeibaWeb/TodayRaceInfo/Odds3LenFuku?k_babaCode=19&k_raceDate=2026%2F09%2F29&k_raceNo=10
2026-09-29 19:30:00,19:29,2026-09-29,funabashi,10,5,三連複,10-11-13,50.6,50.6,11,https://www.keiba.go.jp/KeibaWeb/TodayRaceInfo/Odds3LenFuku?k_babaCode=19&k_raceDate=2026%2F09%2F29&k_raceNo=10
2026-09-29 19:30:00,19:29,2026-09-29,funabashi,10,5,三連複,2-11-13,54.7,54.7,12,https://www.keiba.go.jp/KeibaWeb/TodayRaceInfo/Odds3LenFuku?k_babaCode=19&k_raceDate=2026%2F09%2F29&k_raceNo=10
2026-09-29 19:30:00,19:29,2026-09-29,funabashi,10,5,三連複,4-11-13,55.7,55.7,13,https://www.keiba.go.jp/KeibaWeb/TodayRaceInfo/Odds3LenFuku?k_babaCode=19&k_raceDate=2026%2F09%2F29&k_raceNo=10
2026-09-29 19:30:00,19:29,2026-09-29,funabashi,10,5,三連複,4-13-14,57.0,57.0,14,https://www.keiba.go.jp/KeibaWeb/TodayRaceInfo/Odds3LenFuku?k_babaCode=19&k_raceDate=2026%2F09%2F29&k_raceNo=10
2026-09-29 19:30:00,19:29,2026-09-29,funabashi,10,5,三連複,10-13-14,58.3,58.3,15,https://www.keiba.go.jp/KeibaWeb/TodayRaceInfo/Odds3LenFuku?k_babaCode=19&k_raceDate=2026%2F09%2F29&k_raceNo=10
2026-09-29 19:30:00,19:29,2026-09-29,funabashi,10,5,三連複,10-12-13,60.2,60.2,16,https://www.keiba.go.jp/KeibaWeb/TodayRaceInfo/Odds3LenFuku?k_babaCode=19&k_raceDate=2026%2F09%2F29&k_raceNo=10
2026-09-29 19:30:00,19:29,2026-09-29,funabashi,10,5,三連複,4-7-11,61.2,61.2,17,https://www.keiba.go.jp/KeibaWeb/TodayRaceInfo/Odds3LenFuku?k_babaCode=19&k_raceDate=2026%2F09%2F29&k_raceNo=10
2026-09-29 19:30:00,19:29,2026-09-29,funabashi,10,5,三連複,4-12-13,62.6,62.6,18,https://www.keiba.go.jp/KeibaWeb/TodayRaceInfo/Odds3LenFuku?k_babaCode=19&k_raceDate=2026%2F09%2F29&k_raceNo=10
2026-09-29 19:30:00,19:29,2026-09-29,funabashi,10,5,三連複,7-11-13,63.4,63.4,19,https://www.keiba.go.jp/KeibaWeb/TodayRaceInfo/Odds3LenFuku?k_babaCode=19&k_raceDate=2026%2F09%2F29&k_raceNo=10
2026-09-29 19:30:00,19:29,2026-09-29,funabashi,10,5,三連複,2-13-14,65.1,65.1,20,https://www.keiba.go.jp/KeibaWeb/TodayRaceInfo/Odds3LenFuku?k_babaCode=19&k_raceDate=2026%2F09%2F29&k_raceNo=10
2026-09-29 19:30:00,19:29,2026-09-29,funabashi,10,5,三連複,2-7-11,74.7,74.7,21,https://www.keiba.go.jp/KeibaWeb/TodayRaceInfo/Odds3LenFuku?k_babaCode=19&k_raceDate=2026%2F09%2F29&k_raceNo=10
2026-09-29 19:30:00,19:29,2026-09-29,funabashi,10,5,三連複,2-4-11,74.8,74.8,22,https://www.keiba.go.jp/KeibaWeb/TodayRaceInfo/Odds3LenFuku?k_babaCode=19&k_raceDate=2026%2F09%2F29&k_raceNo=10
2026-09-29 19:30:00,19:29,2026-09-29,funabashi,10,5,三連複,2-12-13,75.5,75.5,23,https://www.keiba.go.jp/KeibaWeb/TodayRaceInfo/Odds3LenFuku?k_babaCode=19&k_raceDate=2026%2F09%2F29&k_raceNo=10
2026-09-29 19:30:00,19:29,2026-09-29,funabashi,10,5,三連複,4-10-14,76.6,76.6,24,https://www.keiba.go.jp/KeibaWeb/TodayRaceInfo/Odds3LenFuku?k_babaCode=19&k_raceDate=2026%2F09%2F29&k_raceNo=10
2026-09-29 19:30:00,19:29,2026-09-29,funabashi,10,5,三連複,4-10-12,76.9,76.9,25,https://www.keiba.go.jp/KeibaWeb/TodayRaceInfo/Odds3LenFuku?k_babaCode=19&k_raceDate=2026%2F09%2F29&k_raceNo=10
2026-09-29 19:30:00,19:29,2026-09-29,funabashi,10,5,三連複,4-10-11,77.8,77.8,26,https://www.keiba.go.jp/KeibaWeb/TodayRaceInfo/Odds3LenFuku?k_babaCode=19&k_raceDate=2026%2F09%2F29&k_raceNo=10
2026-09-29 19:30:00,19:29,2026-09-29,funabashi,10,5,三連複,7-10-11,78.1,78.1,27,https://www.keiba.go.jp/KeibaWeb/TodayRaceInfo/Odds3LenFuku?k_babaCode=19&k_raceDate=2026%2F09%2F29&k_raceNo=10
2026-09-29 19:30:00,19:29,2026-09-29,funabashi,10,5,三連複,2-10-11,79.4,79.4,28,https://www.keiba.go.jp/KeibaWeb/TodayRaceInfo/Odds3LenFuku?k_babaCode=19&k_raceDate=2026%2F09%2F29&k_raceNo=10
2026-09-29 19:30:00,19:29,2026-09-29,funabashi,10,5,三連複,7-13-14,82.8,82.8,29,https://www.keiba.go.jp/KeibaWeb/TodayRaceInfo/Odds3LenFuku?k_babaCode=19&k_raceDate=2026%2F09%2F29&k_raceNo=10
2026-09-29 19:30:00,19:29,2026-09-29,funabashi,10,5,三連複,7-10-12,86.0,86.0,30,https://www.keiba.go.jp/KeibaWeb/TodayRaceInfo/Odds3LenFuku?k_babaCode=19&k_raceDate=2026%2F09%2F29&k_raceNo=10
2026-09-29 19:30:00,19:29,2026-09-29,funabashi,10,5,三連複,2-10-12,88.4,88.4,31,https://www.keiba.go.jp/KeibaWeb/TodayRaceInfo/Odds3LenFuku?k_babaCode=19&k_raceDate=2026%2F09%2F29&k_raceNo=10
2026-09-29 19:30:00,19:29,2026-09-29,funabashi,10,5,三連複,7-12-13,90.3,90.3,32,https://www.keiba.go.jp/KeibaWeb/TodayRaceInfo/Odds3LenFuku?k_babaCode=19&k_raceDate=2026%2F09%2F29&k_raceNo=10
2026-09-29 19:30:00,19:29,2026-09-29,funabashi,10,5,三連複,4-7-14,91.7,91.7,33,https://www.keiba.go.jp/KeibaWeb/TodayRaceInfo/Odds3LenFuku?k_babaCode=19&k_raceDate=2026%2F09%2F29&k_raceNo=10
2026-09-29 19:30:00,19:29,2026-09-29,funabashi,10,5,三連複,4-5-13,96.0,96.0,34,https://www.keiba.go.jp/KeibaWeb/TodayRaceInfo/Odds3LenFuku?k_babaCode=19&k_raceDate=2026%2F09%2F29&k_raceNo=10
2026-09-29 19:30:00,19:29,2026-09-29,funabashi,10,5,三連複,2-4-14,97.5,97.5,35,https://www.keiba.go.jp/KeibaWeb/TodayRaceInfo/Odds3LenFuku?k_babaCode=19&k_raceDate=2026%2F09%2F29&k_raceNo=10
2026-09-29 19:30:00,19:29,2026-09-29,funabashi,10,5,三連複,4-7-12,100.6,100.6,36,https://www.keiba.go.jp/KeibaWeb/TodayRaceInfo/Odds3LenFuku?k_babaCode=19&k_raceDate=2026%2F09%2F29&k_raceNo=10
2026-09-29 19:30:00,19:29,2026-09-29,funabashi,10,5,三連複,2-5-13,103.7,103.7,37,https://www.keiba.go.jp/KeibaWeb/TodayRaceInfo/Odds3LenFuku?k_babaCode=19&k_raceDate=2026%2F09%2F29&k_raceNo=10
2026-09-29 19:30:00,19:29,2026-09-29,funabashi,10,5,三連複,5-10-13,104.6,104.6,38,https://www.keiba.go.jp/KeibaWeb/TodayRaceInfo/Odds3LenFuku?k_babaCode=19&k_raceDate=2026%2F09%2F29&k_raceNo=10
2026-09-29 19:30:00,19:29,2026-09-29,funabashi,10,5,三連複,5-7-13,109.1,109.1,39,https://www.keiba.go.jp/KeibaWeb/TodayRaceInfo/Odds3LenFuku?k_babaCode=19&k_raceDate=2026%2F09%2F29&k_raceNo=10
2026-09-29 19:30:00,19:29,2026-09-29,funabashi,10,5,三連複,2-4-12,109.3,109.3,40,https://www.keiba.go.jp/KeibaWeb/TodayRaceInfo/Odds3LenFuku?k_babaCode=19&k_raceDate=2026%2F09%2F29&k_raceNo=10
2026-09-29 19:30:00,19:29,2026-09-29,funabashi,10,5,三連複,2-10-14,110.3,110.3,41,https://www.keiba.go.jp/KeibaWeb/TodayRaceInfo/Odds3LenFuku?k_babaCode=19&k_raceDate=2026%2F09%2F29&k_raceNo=10
2026-09-29 19:30:00,19:29,2026-09-29,funabashi,10,5,三連複,4-5-7,110.9,110.9,42,https://www.keiba.go.jp/KeibaWeb/TodayRaceInfo/Odds3LenFuku?k_babaCode=19&k_raceDate=2026%2F09%2F29&k_raceNo=10
2026-09-29 19:30:00,19:29,2026-09-29,funabashi,10,5,三連複,7-10-14,111.9,111.9,43,https://www.keiba.go.jp/KeibaWeb/TodayRaceInfo/Odds3LenFuku?k_babaCode=19&k_raceDate=2026%2F09%2F29&k_raceNo=10
2026-09-29 19:30:00,19:29,2026-09-29,funabashi,10,5,三連複,2-7-12,119.5,119.5,44,https://www.keiba.go.jp/KeibaWeb/TodayRaceInfo/Odds3LenFuku?k_babaCode=19&k_raceDate=2026%2F09%2F29&k_raceNo=10
2026-09-29 19:30:00,19:29,2026-09-29,funabashi,10,5,三連複,12-13-14,119.5,119.5,44,https://www.keiba.go.jp/KeibaWeb/TodayRaceInfo/Odds3LenFuku?k_babaCode=19&k_raceDate=2026%2F09%2F29&k_raceNo=10
2026-09-29 19:30:00,19:29,2026-09-29,funabashi,10,5,三連複,2-4-5,120.2,120.2,46,https://www.keiba.go.jp/KeibaWeb/TodayRaceInfo/Odds3LenFuku?k_babaCode=19&k_raceDate=2026%2F09%2F29&k_raceNo=10
2026-09-29 19:30:00,19:29,2026-09-29,funabashi,10,5,三連複,4-5-10,120.6,120.6,47,https://www.keiba.go.jp/KeibaWeb/TodayRaceInfo/Odds3LenFuku?k_babaCode=19&k_raceDate=2026%2F09%2F29&k_raceNo=10
2026-09-29 19:30:00,19:29,2026-09-29,funabashi,10,5,三連複,11-12-13,121.9,121.9,48,https://www.keiba.go.jp/KeibaWeb/TodayRaceInfo/Odds3LenFuku?k_babaCode=19&k_raceDate=2026%2F09%2F29&k_raceNo=10
2026-09-29 19:30:00,19:29,2026-09-29,funabashi,10,5,三連複,2-5-7,122.0,122.0,49,https://www.keiba.go.jp/KeibaWeb/TodayRaceInfo/Odds3LenFuku?k_babaCode=19&k_raceDate=2026%2F09%2F29&k_raceNo=10
2026-09-29 19:30:00,19:29,2026-09-29,funabashi,10,5,三連複,4-9-13,123.1,123.1,50,https://www.keiba.go.jp/KeibaWeb/TodayRaceInfo/Odds3LenFuku?k_babaCode=19&k_raceDate=2026%2F09%2F29&k_raceNo=10
2026-09-29 19:30:00,19:29,2026-09-29,funabashi,10,5,三連複,2-7-14,125.3,125.3,51,https://www.keiba.go.jp/KeibaWeb/TodayRaceInfo/Odds3LenFuku?k_babaCode=19&k_raceDate=2026%2F09%2F29&k_raceNo=10
2026-09-29 19:30:00,19:29,2026-09-29,funabashi,10,5,三連複,11-13-14,131.8,131.8,52,https://www.keiba.go.jp/KeibaWeb/TodayRaceInfo/Odds3LenFuku?k_babaCode=19&k_raceDate=2026%2F09%2F29&k_raceNo=10
2026-09-29 19:30:00,19:29,2026-09-29,funabashi,10,5,三連複,5-7-10,138.1,138.1,53,https://www.keiba.go.jp/KeibaWeb/TodayRaceInfo/Odds3LenFuku?k_babaCode=19&k_raceDate=2026%2F09%2F29&k_raceNo=10
2026-09-29 19:30:00,19:29,2026-09-29,funabashi,10,5,三連複,9-10-13,143.6,143.6,54,https://www.keiba.go.jp/KeibaWeb/TodayRaceInfo/Odds3LenFuku?k_babaCode=19&k_raceDate=2026%2F09%2F29&k_raceNo=10
2026-09-29 19:30:00,19:29,2026-09-29,funabashi,10,5,三連複,2-9-13,144.8,144.8,55,https://www.keiba.go.jp/KeibaWeb/TodayRaceInfo/Odds3LenFuku?k_babaCode=19&k_raceDate=2026%2F09%2F29&k_raceNo=10
2026-09-29 19:30:00,19:29,2026-09-29,funabashi,10,5,三連複,10-11-12,155.6,155.6,56,https://www.keiba.go.jp/KeibaWeb/TodayRaceInfo/Odds3LenFuku?k_babaCode=19&k_raceDate=2026%2F09%2F29&k_raceNo=10
2026-09-29 19:30:00,19:29,2026-09-29,funabashi,10,5,三連複,2-5-10,156.5,156.5,57,https://www.keiba.go.jp/KeibaWeb/TodayRaceInfo/Odds3LenFuku?k_babaCode=19&k_raceDate=2026%2F09%2F29&k_raceNo=10
2026-09-29 19:30:00,19:29,2026-09-29,funabashi,10,5,三連複,7-9-13,167.0,167.0,58,https://www.keiba.go.jp/KeibaWeb/TodayRaceInfo/Odds3LenFuku?k_babaCode=19&k_raceDate=2026%2F09%2F29&k_raceNo=10
2026-09-29 19:30:00,19:29,2026-09-29,funabashi,10,5,三連複,2-6-13,171.1,171.1,59,https://www.keiba.go.jp/KeibaWeb/TodayRaceInfo/Odds3LenFuku?k_babaCode=19&k_raceDate=2026%2F09%2F29&k_raceNo=10
2026-09-29 19:30:00,19:29,2026-09-29,funabashi,10,5,三連複,2-4-9,171.8,171.8,60,https://www.keiba.go.jp/KeibaWeb/TodayRaceInfo/Odds3LenFuku?k_babaCode=19&k_raceDate=2026%2F09%2F29&k_raceNo=10
2026-09-29 19:30:00,19:29,2026-09-29,funabashi,10,5,三連複,4-9-10,176.6,176.6,61,https://www.keiba.go.jp/KeibaWeb/TodayRaceInfo/Odds3LenFuku?k_babaCode=19&k_raceDate=2026%2F09%2F29&k_raceNo=10
2026-09-29 19:30:00,19:29,2026-09-29,funabashi,10,5,三連複,4-8-13,179.4,179.4,62,https://www.keiba.go.jp/KeibaWeb/TodayRaceInfo/Odds3LenFuku?k_babaCode=19&k_raceDate=2026%2F09%2F29&k_raceNo=10
2026-09-29 19:30:00,19:29,2026-09-29,funabashi,10,5,三連複,4-7-9,181.3,181.3,63,https://www.keiba.go.jp/KeibaWeb/TodayRaceInfo/Odds3LenFuku?k_babaCode=19&k_raceDate=2026%2F09%2F29&k_raceNo=10
2026-09-29 19:30:00,19:29,2026-09-29,funabashi,10,5,三連複,6-10-13,188.5,188.5,64,https://www.keiba.go.jp/KeibaWeb/TodayRaceInfo/Odds3LenFuku?k_babaCode=19&k_raceDate=2026%2F09%2F29&k_raceNo=10
2026-09-29 19:30:00,19:29,2026-09-29,funabashi,10,5,三連複,2-4-8,189.3,189.3,65,https://www.keiba.go.jp/KeibaWeb/TodayRaceInfo/Odds3LenFuku?k_babaCode=19&k_raceDate=2026%2F09%2F29&k_raceNo=10
2026-09-29 19:30:00,19:29,2026-09-29,funabashi,10,5,三連複,7-9-10,193.6,193.6,66,https://www.keiba.go.jp/KeibaWeb/TodayRaceInfo/Odds3LenFuku?k_babaCode=19&k_raceDate=2026%2F09%2F29&k_raceNo=10
2026-09-29 19:30:00,19:29,2026-09-29,funabashi,10,5,三連複,7-11-12,199.2,199.2,67,https://www.keiba.go.jp/KeibaWeb/TodayRaceInfo/Odds3LenFuku?k_babaCode=19&k_raceDate=2026%2F09%2F29&k_raceNo=10
2026-09-29 19:30:00,19:29,2026-09-29,funabashi,10,5,三連複,4-8-10,199.8,199.8,68,https://www.keiba.go.jp/KeibaWeb/TodayRaceInfo/Odds3LenFuku?k_babaCode=19&k_raceDate=2026%2F09%2F29&k_raceNo=10
2026-09-29 19:30:00,19:29,2026-09-29,funabashi,10,5,三連複,2-9-10,202.4,202.4,69,https://www.keiba.go.jp/KeibaWeb/TodayRaceInfo/Odds3LenFuku?k_babaCode=19&k_raceDate=2026%2F09%2F29&k_raceNo=10
2026-09-29 19:30:00,19:29,2026-09-29,funabashi,10,5,三連複,4-6-13,203.0,203.0,70,https://www.keiba.go.jp/KeibaWeb/TodayRaceInfo/Odds3LenFuku?k_babaCode=19&k_raceDate=2026%2F09%2F29&k_raceNo=10
2026-09-29 19:30:00,19:29,2026-09-29,funabashi,10,5,三連複,2-7-9,204.8,204.8,71,https://www.keiba.go.jp/KeibaWeb/TodayRaceInfo/Odds3LenFuku?k_babaCode=19&k_raceDate=2026%2F09%2F29&k_raceNo=10
2026-09-29 19:30:00,19:29,2026-09-29,funabashi,10,5,三連複,2-8-13,207.3,207.3,72,https://www.keiba.go.jp/KeibaWeb/TodayRaceInfo/Odds3LenFuku?k_babaCode=19&k_raceDate=2026%2F09%2F29&k_raceNo=10
2026-09-29 19:30:00,19:29,2026-09-29,funabashi,10,5,三連複,7-11-14,208.0,208.0,73,https://www.keiba.go.jp/KeibaWeb/TodayRaceInfo/Odds3LenFuku?k_babaCode=19&k_raceDate=2026%2F09%2F29&k_raceNo=10
2026-09-29 19:30:00,19:29,2026-09-29,funabashi,10,5,三連複,5-13-14,211.5,211.5,74,https://www.keiba.go.jp/KeibaWeb/TodayRaceInfo/Odds3LenFuku?k_babaCode=19&k_raceDate=2026%2F09%2F29&k_raceNo=10
2026-09-29 19:30:00,19:29,2026-09-29,funabashi,10,5,三連複,4-7-8,214.5,214.5,75,https://www.keiba.go.jp/KeibaWeb/TodayRaceInfo/Odds3LenFuku?k_babaCode=19&k_raceDate=2026%2F09%2F29&k_raceNo=10
2026-09-29 19:30:00,19:29,2026-09-29,funabashi,10,5,三連複,4-11-14,219.2,219.2,76,https://www.keiba.go.jp/KeibaWeb/TodayRaceInfo/Odds3LenFuku?k_babaCode=19&k_raceDate=2026%2F09%2F29&k_raceNo=10
2026-09-29 19:30:00,19:29,2026-09-29,funabashi,10,5,三連複,5-7-14,219.6,219.6,77,https://www.keiba.go.jp/KeibaWeb/TodayRaceInfo/Odds3LenFuku?k_babaCode=19&k_raceDate=2026%2F09%2F29&k_raceNo=10
2026-09-29 19:30:00,19:29,2026-09-29,funabashi,10,5,三連複,5-12-13,223.9,223.9,78,https://www.keiba.go.jp/KeibaWeb/TodayRaceInfo/Odds3LenFuku?k_babaCode=19&k_raceDate=2026%2F09%2F29&k_raceNo=10
2026-09-29 19:30:00,19:29,2026-09-29,funabashi,10,5,三連複,10-12-14,225.4,225.4,79,https://www.keiba.go.jp/KeibaWeb/TodayRaceInfo/Odds3LenFuku?k_babaCode=19&k_raceDate=2026%2F09%2F29&k_raceNo=10
2026-09-29 19:30:00,19:29,2026-09-29,funabashi,10,5,三連複,5-7-11,226.5,226.5,80,https://www.keiba.go.jp/KeibaWeb/TodayRaceInfo/Odds3LenFuku?k_babaCode=19&k_raceDate=2026%2F09%2F29&k_raceNo=10
2026-09-29 19:30:00,19:29,2026-09-29,funabashi,10,5,三連複,8-10-13,226.5,226.5,80,https://www.keiba.go.jp/KeibaWeb/TodayRaceInfo/Odds3LenFuku?k_babaCode=19&k_raceDate=2026%2F09%2F29&k_raceNo=10
2026-09-29 19:30:00,19:29,2026-09-29,funabashi,10,5,三連複,2-11-12,229.1,229.1,82,https://www.keiba.go.jp/KeibaWeb/TodayRaceInfo/Odds3LenFuku?k_babaCode=19&k_raceDate=2026%2F09%2F29&k_raceNo=10
2026-09-29 19:30:00,19:29,2026-09-29,funabashi,10,5,三連複,4-5-14,231.1,231.1,83,https://www.keiba.go.jp/KeibaWeb/TodayRaceInfo/Odds3LenFuku?k_babaCode=19&k_raceDate=2026%2F09%2F29&k_raceNo=10
2026-09-29 19:30:00,19:29,2026-09-29,funabashi,10,5,三連複,4-11-12,235.4,235.4,84,https://www.keiba.go.jp/KeibaWeb/TodayRaceInfo/Odds3LenFuku?k_babaCode=19&k_raceDate=2026%2F09%2F29&k_raceNo=10
2026-09-29 19:30:00,19:29,2026-09-29,funabashi,10,5,三連複,10-11-14,241.2,241.2,85,https://www.keiba.go.jp/KeibaWeb/TodayRaceInfo/Odds3LenFuku?k_babaCode=19&k_raceDate=2026%2F09%2F29&k_raceNo=10
2026-09-29 19:30:00,19:29,2026-09-29,funabashi,10,5,三連複,7-8-13,242.9,242.9,86,https://www.keiba.go.jp/KeibaWeb/TodayRaceInfo/Odds3LenFuku?k_babaCode=19&k_raceDate=2026%2F09%2F29&k_raceNo=10
2026-09-29 19:30:00,19:29,2026-09-29,funabashi,10,5,三連複,9-11-13,246.0,246.0,87,https://www.keiba.go.jp/KeibaWeb/TodayRaceInfo/Odds3LenFuku?k_babaCode=19&k_raceDate=2026%2F09%2F29&k_raceNo=10
2026-09-29 19:30:00,19:29,2026-09-29,funabashi,10,5,三連複,6-7-13,256.1,256.1,88,https://www.keiba.go.jp/KeibaWeb/TodayRaceInfo/Odds3LenFuku?k_babaCode=19&k_raceDate=2026%2F09%2F29&k_raceNo=10
2026-09-29 19:30:00,19:29,2026-09-29,funabashi,10,5,三連複,2-11-14,263.4,263.4,89,https://www.keiba.go.jp/KeibaWeb/TodayRaceInfo/Odds3LenFuku?k_babaCode=19&k_raceDate=2026%2F09%2F29&k_raceNo=10
2026-09-29 19:30:00,19:29,2026-09-29,funabashi,10,5,三連複,7-8-10,271.8,271.8,90,https://www.keiba.go.jp/KeibaWeb/TodayRaceInfo/Odds3LenFuku?k_babaCode=19&k_raceDate=2026%2F09%2F29&k_raceNo=10
2026-09-29 19:30:00,19:29,2026-09-29,funabashi,10,5,三連複,2-8-10,272.3,272.3,91,https://www.keiba.go.jp/KeibaWeb/TodayRaceInfo/Odds3LenFuku?k_babaCode=19&k_raceDate=2026%2F09%2F29&k_raceNo=10
2026-09-29 19:30:00,19:29,2026-09-29,funabashi,10,5,三連複,5-11-13,274.5,274.5,92,https://www.keiba.go.jp/KeibaWeb/TodayRaceInfo/Odds3LenFuku?k_babaCode=19&k_raceDate=2026%2F09%2F29&k_raceNo=10
2026-09-29 19:30:00,19:29,2026-09-29,funabashi,10,5,三連複,2-5-14,286.0,286.0,93,https://www.keiba.go.jp/KeibaWeb/TodayRaceInfo/Odds3LenFuku?k_babaCode=19&k_raceDate=2026%2F09%2F29&k_raceNo=10
2026-09-29 19:30:00,19:29,2026-09-29,funabashi,10,5,三連複,2-7-8,292.0,292.0,94,https://www.keiba.go.jp/KeibaWeb/TodayRaceInfo/Odds3LenFuku?k_babaCode=19&k_raceDate=2026%2F09%2F29&k_raceNo=10
2026-09-29 19:30:00,19:29,2026-09-29,funabashi,10,5,三連複,5-10-14,292.0,292.0,94,https://www.keiba.go.jp/KeibaWeb/TodayRaceInfo/Odds3LenFuku?k_babaCode=19&k_raceDate=2026%2F09%2F29&k_raceNo=10
2026-09-29 19:30:00,19:29,2026-09-29,funabashi,10,5,三連複,7-9-11,293.9,293.9,96,https://www.keiba.go.jp/KeibaWeb/TodayRaceInfo/Odds3LenFuku?k_babaCode=19&k_raceDate=2026%2F09%2F29&k_raceNo=10
2026-09-29 19:30:00,19:29,2026-09-29,funabashi,10,5,三連複,4-5-11,295.2,295.2,97,https://www.keiba.go.jp/KeibaWeb/TodayRaceInfo/Odds3LenFuku?k_babaCode=19&k_raceDate=2026%2F09%2F29&k_raceNo=10
2026-09-29 19:30:00,19:29,2026-09-29,funabashi,10,5,三連複,4-12-14,303.0,303.0,98,https://www.keiba.go.jp/KeibaWeb/TodayRaceInfo/Odds3LenFuku?k_babaCode=19&k_raceDate=2026%2F09%2F29&k_raceNo=10
2026-09-29 19:30:00,19:29,2026-09-29,funabashi,10,5,三連複,2-5-11,309.1,309.1,99,https://www.keiba.go.jp/KeibaWeb/TodayRaceInfo/Odds3LenFuku?k_babaCode=19&k_raceDate=2026%2F09%2F29&k_raceNo=10
2026-09-29 19:30:00,19:29,2026-09-29,funabashi,10,5,三連複,2-9-11,311.2,311.2,100,https://www.keiba.go.jp/KeibaWeb/TodayRaceInfo/Odds3LenFuku?k_babaCode=19&k_raceDate=2026%2F09%2F29&k_raceNo=10
2026-09-29 19:30:00,19:29,2026-09-29,funabashi,10,5,三連複,9-13-14,319.2,319.2,101,https://www.keiba.go.jp/KeibaWeb/TodayRaceInfo/Odds3LenFuku?k_babaCode=19&k_raceDate=2026%2F09%2F29&k_raceNo=10
2026-09-29 19:30:00,19:29,2026-09-29,funabashi,10,5,三連複,4-8-11,321.5,321.5,102,https://www.keiba.go.jp/KeibaWeb/TodayRaceInfo/Odds3LenFuku?k_babaCode=19&k_raceDate=2026%2F09%2F29&k_raceNo=10
2026-09-29 19:30:00,19:29,2026-09-29,funabashi,10,5,三連複,7-12-14,331.5,331.5,103,https://www.keiba.go.jp/KeibaWeb/TodayRaceInfo/Odds3LenFuku?k_babaCode=19&k_raceDate=2026%2F09%2F29&k_raceNo=10
2026-09-29 19:30:00,19:29,2026-09-29,funabashi,10,5,三連複,8-11-13,331.5,331.5,103,https://www.keiba.go.jp/KeibaWeb/TodayRaceInfo/Odds3LenFuku?k_babaCode=19&k_raceDate=2026%2F09%2F29&k_raceNo=10
2026-09-29 19:30:00,19:29,2026-09-29,funabashi,10,5,三連複,5-7-12,334.8,334.8,105,https://www.keiba.go.jp/KeibaWeb/TodayRaceInfo/Odds3LenFuku?k_babaCode=19&k_raceDate=2026%2F09%2F29&k_raceNo=10
2026-09-29 19:30:00,19:29,2026-09-29,funabashi,10,5,三連複,5-10-12,336.4,336.4,106,https://www.keiba.go.jp/KeibaWeb/TodayRaceInfo/Odds3LenFuku?k_babaCode=19&k_raceDate=2026%2F09%2F29&k_raceNo=10
2026-09-29 19:30:00,19:29,2026-09-29,funabashi,10,5,三連複,5-10-11,343.2,343.2,107,https://www.keiba.go.jp/KeibaWeb/TodayRaceInfo/Odds3LenFuku?k_babaCode=19&k_raceDate=2026%2F09%2F29&k_raceNo=10
2026-09-29 19:30:00,19:29,2026-09-29,funabashi,10,5,三連複,6-12-13,344.9,344.9,108,https://www.keiba.go.jp/KeibaWeb/TodayRaceInfo/Odds3LenFuku?k_babaCode=19&k_raceDate=2026%2F09%2F29&k_raceNo=10
2026-09-29 19:30:00,19:29,2026-09-29,funabashi,10,5,三連複,4-6-10,346.6,346.6,109,https://www.keiba.go.jp/KeibaWeb/TodayRaceInfo/Odds3LenFuku?k_babaCode=19&k_raceDate=2026%2F09%2F29&k_raceNo=10
2026-09-29 19:30:00,19:29,2026-09-29,funabashi,10,5,三連複,2-4-6,348.4,348.4,110,https://www.keiba.go.jp/KeibaWeb/TodayRaceInfo/Odds3LenFuku?k_babaCode=19&k_raceDate=2026%2F09%2F29&k_raceNo=10
2026-09-29 19:30:00,19:29,2026-09-29,funabashi,10,5,三連複,4-9-11,360.3,360.3,111,https://www.keiba.go.jp/KeibaWeb/TodayRaceInfo/Odds3LenFuku?k_babaCode=19&k_raceDate=2026%2F09%2F29&k_raceNo=10
2026-09-29 19:30:00,19:29,2026-09-29,funabashi,10,5,三連複,5-6-13,361.2,361.2,112,https://www.keiba.go.jp/KeibaWeb/TodayRaceInfo/Odds3LenFuku?k_babaCode=19&k_raceDate=2026%2F09%2F29&k_raceNo=10
2026-09-29 19:30:00,19:29,2026-09-29,funabashi,10,5,三連複,2-8-11,362.2,362.2,113,https://www.keiba.go.jp/KeibaWeb/TodayRaceInfo/Odds3LenFuku?k_babaCode=19&k_raceDate=2026%2F09%2F29&k_raceNo=10
2026-09-29 19:30:00,19:29,2026-09-29,funabashi,10,5,三連複,2-12-14,375.0,375.0,114,https://www.keiba.go.jp/KeibaWeb/TodayRaceInfo/Odds3LenFuku?k_babaCode=19&k_raceDate=2026%2F09%2F29&k_raceNo=10
2026-09-29 19:30:00,19:29,2026-09-29,funabashi,10,5,三連複,7-8-11,377.1,377.1,115,https://www.keiba.go.jp/KeibaWeb/TodayRaceInfo/Odds3LenFuku?k_babaCode=19&k_raceDate=2026%2F09%2F29&k_raceNo=10
2026-09-29 19:30:00,19:29,2026-09-29,funabashi,10,5,三連複,9-10-11,377.1,377.1,115,https://www.keiba.go.jp/KeibaWeb/TodayRaceInfo/Odds3LenFuku?k_babaCode=19&k_raceDate=2026%2F09%2F29&k_raceNo=10
2026-09-29 19:30:00,19:29,2026-09-29,funabashi,10,5,三連複,6-13-14,379.2,379.2,117,https://www.keiba.go.jp/KeibaWeb/TodayRaceInfo/Odds3LenFuku?k_babaCode=19&k_raceDate=2026%2F09%2F29&k_raceNo=10
2026-09-29 19:30:00,19:29,2026-09-29,funabashi,10,5,三連複,2-6-10,381.3,381.3,118,https://www.keiba.go.jp/KeibaWeb/TodayRaceInfo/Odds3LenFuku?k_babaCode=19&k_raceDate=2026%2F09%2F29&k_raceNo=10
2026-09-29 19:30:00,19:29,2026-09-29,funabashi,10,5,三連複,2-6-7,395.6,395.6,119,https://www.keiba.go.jp/KeibaWeb/TodayRaceInfo/Odds3LenFuku?k_babaCode=19&k_raceDate=2026%2F09%2F29&k_raceNo=10
2026-09-29 19:30:00,19:29,2026-09-29,funabashi,10,5,三連複,4-5-12,396.7,396.7,120,https://www.keiba.go.jp/KeibaWeb/TodayRaceInfo/Odds3LenFuku?k_babaCode=19&k_raceDate=2026%2F09%2F29&k_raceNo=10
2026-09-29 19:30:00,19:29,2026-09-29,funabashi,10,5,三連複,4-9-14,416.0,416.0,121,https://www.keiba.go.jp/KeibaWeb/TodayRaceInfo/Odds3LenFuku?k_babaCode=19&k_raceDate=2026%2F09%2F29&k_raceNo=10
2026-09-29 19:30:00,19:29,2026-09-29,funabashi,10,5,三連複,9-10-12,422.4,422.4,122,https://www.keiba.go.jp/KeibaWeb/TodayRaceInfo/Odds3LenFuku?k_babaCode=19&k_raceDate=2026%2F09%2F29&k_raceNo=10
2026-09-29 19:30:00,19:29,2026-09-29,funabashi,10,5,三連複,9-12-13,422.4,422.4,122,https://www.keiba.go.jp/KeibaWeb/TodayRaceInfo/Odds3LenFuku?k_babaCode=19&k_raceDate=2026%2F09%2F29&k_raceNo=10
2026-09-29 19:30:00,19:29,2026-09-29,funabashi,10,5,三連複,6-7-10,423.7,423.7,124,https://www.keiba.go.jp/KeibaWeb/TodayRaceInfo/Odds3LenFuku?k_babaCode=19&k_raceDate=2026%2F09%2F29&k_raceNo=10
2026-09-29 19:30:00,19:29,2026-09-29,funabashi,10,5,三連複,11-12-14,426.3,426.3,125,https://www.keiba.go.jp/KeibaWeb/TodayRaceInfo/Odds3LenFuku?k_babaCode=19&k_raceDate=2026%2F09%2F29&k_raceNo=10
2026-09-29 19:30:00,19:29,2026-09-29,funabashi,10,5,三連複,4-6-7,427.6,427.6,126,https://www.keiba.go.jp/KeibaWeb/TodayRaceInfo/Odds3LenFuku?k_babaCode=19&k_raceDate=2026%2F09%2F29&k_raceNo=10
2026-09-29 19:30:00,19:29,2026-09-29,funabashi,10,5,三連複,1-4-13,429.0,429.0,127,https://www.keiba.go.jp/KeibaWeb/TodayRaceInfo/Odds3LenFuku?k_babaCode=19&k_raceDate=2026%2F09%2F29&k_raceNo=10
2026-09-29 19:30:00,19:29,2026-09-29,funabashi,10,5,三連複,3-4-7,435.8,435.8,128,https://www.keiba.go.jp/KeibaWeb/TodayRaceInfo/Odds3LenFuku?k_babaCode=19&k_raceDate=2026%2F09%2F29&k_raceNo=10
2026-09-29 19:30:00,19:29,2026-09-29,funabashi,10,5,三連複,7-9-14,435.8,435.8,128,https://www.keiba.go.jp/KeibaWeb/TodayRaceInfo/Odds3LenFuku?k_babaCode=19&k_raceDate=2026%2F09%2F29&k_raceNo=10
2026-09-29 19:30:00,19:29,2026-09-29,funabashi,10,5,三連複,8-10-11,438.5,438.5,130,https://www.keiba.go.jp/KeibaWeb/TodayRaceInfo/Odds3LenFuku?k_babaCode=19&k_raceDate=2026%2F09%2F29&k_raceNo=10
2026-09-29 19:30:00,19:29,2026-09-29,funabashi,10,5,三連複,9-10-14,453.0,453.0,131,https://www.keiba.go.jp/KeibaWeb/TodayRaceInfo/Odds3LenFuku?k_babaCode=19&k_raceDate=2026%2F09%2F29&k_raceNo=10
2026-09-29 19:30:00,19:29,2026-09-29,funabashi,10,5,三連複,1-10-13,481.6,481.6,132,https://www.keiba.go.jp/KeibaWeb/TodayRaceInfo/Odds3LenFuku?k_babaCode=19&k_raceDate=2026%2F09%2F29&k_raceNo=10
2026-09-29 19:30:00,19:29,2026-09-29,funabashi,10,5,三連複,2-5-12,481.6,481.6,132,https://www.keiba.go.jp/KeibaWeb/TodayRaceInfo/Odds3LenFuku?k_babaCode=19&k_raceDate=2026%2F09%2F29&k_raceNo=10
2026-09-29 19:30:00,19:29,2026-09-29,funabashi,10,5,三連複,2-9-14,497.3,497.3,134,https://www.keiba.go.jp/KeibaWeb/TodayRaceInfo/Odds3LenFuku?k_babaCode=19&k_raceDate=2026%2F09%2F29&k_raceNo=10
2026-09-29 19:30:00,19:29,2026-09-29,funabashi,10,5,三連複,3-4-13,502.8,502.8,135,https://www.keiba.go.jp/KeibaWeb/TodayRaceInfo/Odds3LenFuku?k_babaCode=19&k_raceDate=2026%2F09%2F29&k_raceNo=10
2026-09-29 19:30:00,19:29,2026-09-29,funabashi,10,5,三連複,1-2-4,510.3,510.3,136,https://www.keiba.go.jp/KeibaWeb/TodayRaceInfo/Odds3LenFuku?k_babaCode=19&k_raceDate=2026%2F09%2F29&k_raceNo=10
2026-09-29 19:30:00,19:29,2026-09-29,funabashi,10,5,三連複,1-4-7,512.2,512.2,137,https://www.keiba.go.jp/KeibaWeb/TodayRaceInfo/Odds3LenFuku?k_babaCode=19&k_raceDate=2026%2F09%2F29&k_raceNo=10
2026-09-29 19:30:00,19:29,2026-09-29,funabashi,10,5,三連複,4-5-9,518.0,518.0,138,https://www.keiba.go.jp/KeibaWeb/TodayRaceInfo/Odds3LenFuku?k_babaCode=19&k_raceDate=2026%2F09%2F29&k_raceNo=10
2026-09-29 19:30:00,19:29,2026-09-29,funabashi,10,5,三連複,4-9-12,520.0,520.0,139,https://www.keiba.go.jp/KeibaWeb/TodayRaceInfo/Odds3LenFuku?k_babaCode=19&k_raceDate=2026%2F09%2F29&k_raceNo=10
2026-09-29 19:30:00,19:29,2026-09-29,funabashi,10,5,三連複,2-3-4,523.9,523.9,140,https://www.keiba.go.jp/KeibaWeb/TodayRaceInfo/Odds3LenFuku?k_babaCode=19&k_raceDate=2026%2F09%2F29&k_raceNo=10
2026-09-29 19:30:00,19:29,2026-09-29,funabashi,10,5,三連複,2-5-9,523.9,523.9,140,https://www.keiba.go.jp/KeibaWeb/TodayRaceInfo/Odds3LenFuku?k_babaCode=19&k_raceDate=2026%2F09%2F29&k_raceNo=10
2026-09-29 19:30:00,19:29,2026-09-29,funabashi,10,5,三連複,3-7-13,523.9,523.9,140,https://www.keiba.go.jp/KeibaWeb/TodayRaceInfo/Odds3LenFuku?k_babaCode=19&k_raceDate=2026%2F09%2F29&k_raceNo=10
2026-09-29 19:30:00,19:29,2026-09-29,funabashi,10,5,三連複,1-4-10,534.1,534.1,143,https://www.keiba.go.jp/KeibaWeb/TodayRaceInfo/Odds3LenFuku?k_babaCode=19&k_raceDate=2026%2F09%2F29&k_raceNo=10
2026-09-29 19:30:00,19:29,2026-09-29,funabashi,10,5,三連複,5-9-10,551.3,551.3,144,https://www.keiba.go.jp/KeibaWeb/TodayRaceInfo/Odds3LenFuku?k_babaCode=19&k_raceDate=2026%2F09%2F29&k_raceNo=10
2026-09-29 19:30:00,19:29,2026-09-29,funabashi,10,5,三連複,2-5-8,558.0,558.0,145,https://www.keiba.go.jp/KeibaWeb/TodayRaceInfo/Odds3LenFuku?k_babaCode=19&k_raceDate=2026%2F09%2F29&k_raceNo=10
2026-09-29 19:30:00,19:29,2026-09-29,funabashi,10,5,三連複,3-7-10,558.0,558.0,145,https://www.keiba.go.jp/KeibaWeb/TodayRaceInfo/Odds3LenFuku?k_babaCode=19&k_raceDate=2026%2F09%2F29&k_raceNo=10
2026-09-29 19:30:00,19:29,2026-09-29,funabashi,10,5,三連複,4-8-14,562.6,562.6,147,https://www.keiba.go.jp/KeibaWeb/TodayRaceInfo/Odds3LenFuku?k_babaCode=19&k_raceDate=2026%2F09%2F29&k_raceNo=10
2026-09-29 19:30:00,19:29,2026-09-29,funabashi,10,5,三連複,3-10-13,576.8,576.8,148,https://www.keiba.go.jp/KeibaWeb/TodayRaceInfo/Odds3LenFuku?k_babaCode=19&k_raceDate=2026%2F09%2F29&k_raceNo=10
2026-09-29 19:30:00,19:29,2026-09-29,funabashi,10,5,三連複,4-5-8,579.2,579.2,149,https://www.keiba.go.jp/KeibaWeb/TodayRaceInfo/Odds3LenFuku?k_babaCode=19&k_raceDate=2026%2F09%2F29&k_raceNo=10
2026-09-29 19:30:00,19:29,2026-09-29,funabashi,10,5,三連複,5-7-9,579.2,579.2,149,https://www.keiba.go.jp/KeibaWeb/TodayRaceInfo/Odds3LenFuku?k_babaCode=19&k_raceDate=2026%2F09%2F29&k_raceNo=10
2026-09-29 19:30:00,19:29,2026-09-29,funabashi,10,5,三連複,1-2-13,581.7,581.7,151,https://www.keiba.go.jp/KeibaWeb/TodayRaceInfo/Odds3LenFuku?k_babaCode=19&k_raceDate=2026%2F09%2F29&k_raceNo=10
2026-09-29 19:30:00,19:29,2026-09-29,funabashi,10,5,三連複,8-10-12,586.6,586.6,152,https://www.keiba.go.jp/KeibaWeb/TodayRaceInfo/Odds3LenFuku?k_babaCode=19&k_raceDate=2026%2F09%2F29&k_raceNo=10
2026-09-29 19:30:00,19:29,2026-09-29,funabashi,10,5,三連複,5-7-8,589.1,589.1,153,https://www.keiba.go.jp/KeibaWeb/TodayRaceInfo/Odds3LenFuku?k_babaCode=19&k_raceDate=2026%2F09%2F29&k_raceNo=10
2026-09-29 19:30:00,19:29,2026-09-29,funabashi,10,5,三連複,5-9-13,594.2,594.2,154,https://www.keiba.go.jp/KeibaWeb/TodayRaceInfo/Odds3LenFuku?k_babaCode=19&k_raceDate=2026%2F09%2F29&k_raceNo=10
2026-09-29 19:30:00,19:29,2026-09-29,funabashi,10,5,三連複,6-11-13,594.2,594.2,154,https://www.keiba.go.jp/KeibaWeb/TodayRaceInfo/Odds3LenFuku?k_babaCode=19&k_raceDate=2026%2F09%2F29&k_raceNo=10
2026-09-29 19:30:00,19:29,2026-09-29,funabashi,10,5,三連複,1-7-10,596.8,596.8,156,https://www.keiba.go.jp/KeibaWeb/TodayRaceInfo/Odds3LenFuku?k_babaCode=19&k_raceDate=2026%2F09%2F29&k_raceNo=10
2026-09-29 19:30:00,19:29,2026-09-29,funabashi,10,5,三連複,3-4-10,604.7,604.7,157,https://www.keiba.go.jp/KeibaWeb/TodayRaceInfo/Odds3LenFuku?k_babaCode=19&k_raceDate=2026%2F09%2F29&k_raceNo=10
2026-09-29 19:30:00,19:29,2026-09-29,funabashi,10,5,三連複,1-7-13,610.1,610.1,158,https://www.keiba.go.jp/KeibaWeb/TodayRaceInfo/Odds3LenFuku?k_babaCode=19&k_raceDate=2026%2F09%2F29&k_raceNo=10
2026-09-29 19:30:00,19:29,2026-09-29,funabashi,10,5,三連複,7-9-12,610.1,610.1,158,https://www.keiba.go.jp/KeibaWeb/TodayRaceInfo/Odds3LenFuku?k_babaCode=19&k_raceDate=2026%2F09%2F29&k_raceNo=10
2026-09-29 19:30:00,19:29,2026-09-29,funabashi,10,5,三連複,1-2-7,624.0,624.0,160,https://www.keiba.go.jp/KeibaWeb/TodayRaceInfo/Odds3LenFuku?k_babaCode=19&k_raceDate=2026%2F09%2F29&k_raceNo=10
2026-09-29 19:30:00,19:29,2026-09-29,funabashi,10,5,三連複,8-13-14,629.7,629.7,161,https://www.keiba.go.jp/KeibaWeb/TodayRaceInfo/Odds3LenFuku?k_babaCode=19&k_raceDate=2026%2F09%2F29&k_raceNo=10
2026-09-29 19:30:00,19:29,2026-09-29,funabashi,10,5,三連複,2-5-6,641.5,641.5,162,https://www.keiba.go.jp/KeibaWeb/TodayRaceInfo/Odds3LenFuku?k_babaCode=19&k_raceDate=2026%2F09%2F29&k_raceNo=10
2026-09-29 19:30:00,19:29,2026-09-29,funabashi,10,5,三連複,5-12-14,641.5,641.5,162,https://www.keiba.go.jp/KeibaWeb/TodayRaceInfo/Odds3LenFuku?k_babaCode=19&k_raceDate=2026%2F09%2F29&k_raceNo=10
2026-09-29 19:30:00,19:29,2026-09-29,funabashi,10,5,三連複,4-8-12,644.5,644.5,164,https://www.keiba.go.jp/KeibaWeb/TodayRaceInfo/Odds3LenFuku?k_babaCode=19&k_raceDate=2026%2F09%2F29&k_raceNo=10
2026-09-29 19:30:00,19:29,2026-09-29,funabashi,10,5,三連複,8-12-13,647.5,647.5,165,https://www.keiba.go.jp/KeibaWeb/TodayRaceInfo/Odds3LenFuku?k_babaCode=19&k_raceDate=2026%2F09%2F29&k_raceNo=10
2026-09-29 19:30:00,19:29,2026-09-29,funabashi,10,5,三連複,6-7-11,660.0,660.0,166,https://www.keiba.go.jp/KeibaWeb/TodayRaceInfo/Odds3LenFuku?k_babaCode=19&k_raceDate=2026%2F09%2F29&k_raceNo=10
2026-09-29 19:30:00,19:29,2026-09-29,funabashi,10,5,三連複,8-10-14,660.0,660.0,166,https://www.keiba.go.jp/KeibaWeb/TodayRaceInfo/Odds3LenFuku?k_babaCode=19&k_raceDate=2026%2F09%2F29&k_raceNo=10
2026-09-29 19:30:00,19:29,2026-09-29,funabashi,10,5,三連複,1-2-10,669.6,669.6,168,https://www.keiba.go.jp/KeibaWeb/TodayRaceInfo/Odds3LenFuku?k_babaCode=19&k_raceDate=2026%2F09%2F29&k_raceNo=10
2026-09-29 19:30:00,19:29,2026-09-29,funabashi,10,5,三連複,3-7-11,669.6,669.6,168,https://www.keiba.go.jp/KeibaWeb/TodayRaceInfo/Odds3LenFuku?k_babaCode=19&k_raceDate=2026%2F09%2F29&k_raceNo=10
2026-09-29 19:30:00,19:29,2026-09-29,funabashi,10,5,三連複,5-11-12,669.6,669.6,168,https://www.keiba.go.jp/KeibaWeb/TodayRaceInfo/Odds3LenFuku?k_babaCode=19&k_raceDate=2026%2F09%2F29&k_raceNo=10
2026-09-29 19:30:00,19:29,2026-09-29,funabashi,10,5,三連複,5-6-10,682.9,682.9,171,https://www.keiba.go.jp/KeibaWeb/TodayRaceInfo/Odds3LenFuku?k_babaCode=19&k_raceDate=2026%2F09%2F29&k_raceNo=10
2026-09-29 19:30:00,19:29,2026-09-29,funabashi,10,5,三連複,5-6-7,693.3,693.3,172,https://www.keiba.go.jp/KeibaWeb/TodayRaceInfo/Odds3LenFuku?k_babaCode=19&k_raceDate=2026%2F09%2F29&k_raceNo=10
2026-09-29 19:30:00,19:29,2026-09-29,funabashi,10,5,三連複,2-3-7,704.0,704.0,173,https://www.keiba.go.jp/KeibaWeb/TodayRaceInfo/Odds3LenFuku?k_babaCode=19&k_raceDate=2026%2F09%2F29&k_raceNo=10
2026-09-29 19:30:00,19:29,2026-09-29,funabashi,10,5,三連複,5-8-13,707.6,707.6,174,https://www.keiba.go.jp/KeibaWeb/TodayRaceInfo/Odds3LenFuku?k_babaCode=19&k_raceDate=2026%2F09%2F29&k_raceNo=10
2026-09-29 19:30:00,19:29,2026-09-29,funabashi,10,5,三連複,2-9-12,715.0,715.0,175,https://www.keiba.go.jp/KeibaWeb/TodayRaceInfo/Odds3LenFuku?k_babaCode=19&k_raceDate=2026%2F09%2F29&k_raceNo=10
2026-09-29 19:30:00,19:29,2026-09-29,funabashi,10,5,三連複,9-11-14,718.7,718.7,176,https://www.keiba.go.jp/KeibaWeb/TodayRaceInfo/Odds3LenFuku?k_babaCode=19&k_raceDate=2026%2F09%2F29&k_raceNo=10
2026-09-29 19:30:00,19:29,2026-09-29,funabashi,10,5,三連複,2-3-13,722.5,722.5,177,https://www.keiba.go.jp/KeibaWeb/TodayRaceInfo/Odds3LenFuku?k_babaCode=19&k_raceDate=2026%2F09%2F29&k_raceNo=10
2026-09-29 19:30:00,19:29,2026-09-29,funabashi,10,5,三連複,6-10-14,722.5,722.5,177,https://www.keiba.go.jp/KeibaWeb/TodayRaceInfo/Odds3LenFuku?k_babaCode=19&k_raceDate=2026%2F09%2F29&k_raceNo=10
2026-09-29 19:30:00,19:29,2026-09-29,funabashi,10,5,三連複,9-11-12,726.3,726.3,179,https://www.keiba.go.jp/KeibaWeb/TodayRaceInfo/Odds3LenFuku?k_babaCode=19&k_raceDate=2026%2F09%2F29&k_raceNo=10
2026-09-29 19:30:00,19:29,2026-09-29,funabashi,10,5,三連複,5-11-14,730.2,730.2,180,https://www.keiba.go.jp/KeibaWeb/TodayRaceInfo/Odds3LenFuku?k_babaCode=19&k_raceDate=2026%2F09%2F29&k_raceNo=10
2026-09-29 19:30:00,19:29,2026-09-29,funabashi,10,5,三連複,2-8-14,738.0,738.0,181,https://www.keiba.go.jp/KeibaWeb/TodayRaceInfo/Odds3LenFuku?k_babaCode=19&k_raceDate=2026%2F09%2F29&k_raceNo=10
2026-09-29 19:30:00,19:29,2026-09-29,funabashi,10,5,三連複,6-10-12,758.4,758.4,182,https://www.keiba.go.jp/KeibaWeb/TodayRaceInfo/Odds3LenFuku?k_babaCode=19&k_raceDate=2026%2F09%2F29&k_raceNo=10
2026-09-29 19:30:00,19:29,2026-09-29,funabashi,10,5,三連複,6-7-14,762.6,762.6,183,https://www.keiba.go.jp/KeibaWeb/TodayRaceInfo/Odds3LenFuku?k_babaCode=19&k_raceDate=2026%2F09%2F29&k_raceNo=10
2026-09-29 19:30:00,19:29,2026-09-29,funabashi,10,5,三連複,2-8-12,766.9,766.9,184,https://www.keiba.go.jp/KeibaWeb/TodayRaceInfo/Odds3LenFuku?k_babaCode=19&k_raceDate=2026%2F09%2F29&k_raceNo=10
2026-09-29 19:30:00,19:29,2026-09-29,funabashi,10,5,三連複,8-9-10,780.0,780.0,185,https://www.keiba.go.jp/KeibaWeb/TodayRaceInfo/Odds3LenFuku?k_babaCode=19&k_raceDate=2026%2F09%2F29&k_raceNo=10
2026-09-29 19:30:00,19:29,2026-09-29,funabashi,10,5,三連複,6-10-11,788.9,788.9,186,https://www.keiba.go.jp/KeibaWeb/TodayRaceInfo/Odds3LenFuku?k_babaCode=19&k_raceDate=2026%2F09%2F29&k_raceNo=10
2026-09-29 19:30:00,19:29,2026-09-29,funabashi,10,5,三連複,5-8-10,802.8,802.8,187,https://www.keiba.go.jp/KeibaWeb/TodayRaceInfo/Odds3LenFuku?k_babaCode=19&k_raceDate=2026%2F09%2F29&k_raceNo=10
2026-09-29 19:30:00,19:29,2026-09-29,funabashi,10,5,三連複,4-6-8,807.5,807.5,188,https://www.keiba.go.jp/KeibaWeb/TodayRaceInfo/Odds3LenFuku?k_babaCode=19&k_raceDate=2026%2F09%2F29&k_raceNo=10
2026-09-29 19:30:00,19:29,2026-09-29,funabashi,10,5,三連複,1-11-13,817.1,817.1,189,https://www.keiba.go.jp/KeibaWeb/TodayRaceInfo/Odds3LenFuku?k_babaCode=19&k_raceDate=2026%2F09%2F29&k_raceNo=10
2026-09-29 19:30:00,19:29,2026-09-29,funabashi,10,5,三連複,2-6-11,847.4,847.4,190,https://www.keiba.go.jp/KeibaWeb/TodayRaceInfo/Odds3LenFuku?k_babaCode=19&k_raceDate=2026%2F09%2F29&k_raceNo=10
2026-09-29 19:30:00,19:29,2026-09-29,funabashi,10,5,三連複,4-6-14,847.4,847.4,190,https://www.keiba.go.jp/KeibaWeb/TodayRaceInfo/Odds3LenFuku?k_babaCode=19&k_raceDate=2026%2F09%2F29&k_raceNo=10
2026-09-29 19:30:00,19:29,2026-09-29,funabashi,10,5,三連複,4-6-11,858.0,858.0,192,https://www.keiba.go.jp/KeibaWeb/TodayRaceInfo/Odds3LenFuku?k_babaCode=19&k_raceDate=2026%2F09%2F29&k_raceNo=10
2026-09-29 19:30:00,19:29,2026-09-29,funabashi,10,5,三連複,7-8-12,858.0,858.0,192,https://www.keiba.go.jp/KeibaWeb/TodayRaceInfo/Odds3LenFuku?k_babaCode=19&k_raceDate=2026%2F09%2F29&k_raceNo=10
2026-09-29 19:30:00,19:29,2026-09-29,funabashi,10,5,三連複,4-5-6,863.4,863.4,194,https://www.keiba.go.jp/KeibaWeb/TodayRaceInfo/Odds3LenFuku?k_babaCode=19&k_raceDate=2026%2F09%2F29&k_raceNo=10
2026-09-29 19:30:00,19:29,2026-09-29,funabashi,10,5,三連複,5-8-11,868.8,868.8,195,https://www.keiba.go.jp/KeibaWeb/TodayRaceInfo/Odds3LenFuku?k_babaCode=19&k_raceDate=2026%2F09%2F29&k_raceNo=10
2026-09-29 19:30:00,19:29,2026-09-29,funabashi,10,5,三連複,2-8-9,874.4,874.4,196,https://www.keiba.go.jp/KeibaWeb/TodayRaceInfo/Odds3LenFuku?k_babaCode=19&k_raceDate=2026%2F09%2F29&k_raceNo=10
2026-09-29 19:30:00,19:29,2026-09-29,funabashi,10,5,三連複,1-13-14,880.0,880.0,197,https://www.keiba.go.jp/KeibaWeb/TodayRaceInfo/Odds3LenFuku?k_babaCode=19&k_raceDate=2026%2F09%2F29&k_raceNo=10
2026-09-29 19:30:00,19:29,2026-09-29,funabashi,10,5,三連複,8-9-13,880.0,880.0,197,https://www.keiba.go.jp/KeibaWeb/TodayRaceInfo/Odds3LenFuku?k_babaCode=19&k_raceDate=2026%2F09%2F29&k_raceNo=10
2026-09-29 19:30:00,19:29,2026-09-29,funabashi,10,5,三連複,2-6-14,891.4,891.4,199,https://www.keiba.go.jp/KeibaWeb/TodayRaceInfo/Odds3LenFuku?k_babaCode=19&k_raceDate=2026%2F09%2F29&k_raceNo=10
2026-09-29 19:30:00,19:29,2026-09-29,funabashi,10,5,三連複,4-6-12,903.1,903.1,200,https://www.keiba.go.jp/KeibaWeb/TodayRaceInfo/Odds3LenFuku?k_babaCode=19&k_raceDate=2026%2F09%2F29&k_raceNo=10
2026-09-29 19:30:00,19:29,2026-09-29,funabashi,10,5,三連複,5-9-14,915.2,915.2,201,https://www.keiba.go.jp/KeibaWeb/TodayRaceInfo/Odds3LenFuku?k_babaCode=19&k_raceDate=2026%2F09%2F29&k_raceNo=10
2026-09-29 19:30:00,19:29,2026-09-29,funabashi,10,5,三連複,7-8-9,915.2,915.2,201,https://www.keiba.go.jp/KeibaWeb/TodayRaceInfo/Odds3LenFuku?k_babaCode=19&k_raceDate=2026%2F09%2F29&k_raceNo=10
2026-09-29 19:30:00,19:29,2026-09-29,funabashi,10,5,三連複,8-11-14,915.2,915.2,201,https://www.keiba.go.jp/KeibaWeb/TodayRaceInfo/Odds3LenFuku?k_babaCode=19&k_raceDate=2026%2F09%2F29&k_raceNo=10
2026-09-29 19:30:00,19:29,2026-09-29,funabashi,10,5,三連複,1-4-8,940.2,940.2,204,https://www.keiba.go.jp/KeibaWeb/TodayRaceInfo/Odds3LenFuku?k_babaCode=19&k_raceDate=2026%2F09%2F29&k_raceNo=10
2026-09-29 19:30:00,19:29,2026-09-29,funabashi,10,5,三連複,3-11-13,940.2,940.2,204,https://www.keiba.go.jp/KeibaWeb/TodayRaceInfo/Odds3LenFuku?k_babaCode=19&k_raceDate=2026%2F09%2F29&k_raceNo=10
2026-09-29 19:30:00,19:29,2026-09-29,funabashi,10,5,三連複,7-8-14,940.2,940.2,204,https://www.keiba.go.jp/KeibaWeb/TodayRaceInfo/Odds3LenFuku?k_babaCode=19&k_raceDate=2026%2F09%2F29&k_raceNo=10
2026-09-29 19:30:00,19:29,2026-09-29,funabashi,10,5,三連複,4-8-9,946.7,946.7,207,https://www.keiba.go.jp/KeibaWeb/TodayRaceInfo/Odds3LenFuku?k_babaCode=19&k_raceDate=2026%2F09%2F29&k_raceNo=10
2026-09-29 19:30:00,19:29,2026-09-29,funabashi,10,5,三連複,2-3-10,973.6,973.6,208,https://www.keiba.go.jp/KeibaWeb/TodayRaceInfo/Odds3LenFuku?k_babaCode=19&k_raceDate=2026%2F09%2F29&k_raceNo=10
2026-09-29 19:30:00,19:29,2026-09-29,funabashi,10,5,三連複,5-6-14,980.5,980.5,209,https://www.keiba.go.jp/KeibaWeb/TodayRaceInfo/Odds3LenFuku?k_babaCode=19&k_raceDate=2026%2F09%2F29&k_raceNo=10
2026-09-29 19:30:00,19:29,2026-09-29,funabashi,10,5,三連複,8-11-12,980.5,980.5,209,https://www.keiba.go.jp/KeibaWeb/TodayRaceInfo/Odds3LenFuku?k_babaCode=19&k_raceDate=2026%2F09%2F29&k_raceNo=10
2026-09-29 19:30:00,19:29,2026-09-29,funabashi,10,5,三連複,1-7-11,994.7,994.7,211,https://www.keiba.go.jp/KeibaWeb/TodayRaceInfo/Odds3LenFuku?k_babaCode=19&k_raceDate=2026%2F09%2F29&k_raceNo=10
2026-09-29 19:30:00,19:29,2026-09-29,funabashi,10,5,三連複,2-6-8,1002.0,1002.0,212,https://www.keiba.go.jp/KeibaWeb/TodayRaceInfo/Odds3LenFuku?k_babaCode=19&k_raceDate=2026%2F09%2F29&k_raceNo=10
2026-09-29 19:30:00,19:29,2026-09-29,funabashi,10,5,三連複,1-12-13,1009.4,1009.4,213,https://www.keiba.go.jp/KeibaWeb/TodayRaceInfo/Odds3LenFuku?k_babaCode=19&k_raceDate=2026%2F09%2F29&k_raceNo=10
2026-09-29 19:30:00,19:29,2026-09-29,funabashi,10,5,三連複,1-4-14,1040.0,1040.0,214,https://www.keiba.go.jp/KeibaWeb/TodayRaceInfo/Odds3LenFuku?k_babaCode=19&k_raceDate=2026%2F09%2F29&k_raceNo=10
2026-09-29 19:30:00,19:29,2026-09-29,funabashi,10,5,三連複,1-10-12,1040.0,1040.0,214,https://www.keiba.go.jp/KeibaWeb/TodayRaceInfo/Odds3LenFuku?k_babaCode=19&k_raceDate=2026%2F09%2F29&k_raceNo=10
2026-09-29 19:30:00,19:29,2026-09-29,funabashi,10,5,三連複,3-5-7,1040.0,1040.0,214,https://www.keiba.go.jp/KeibaWeb/TodayRaceInfo/Odds3LenFuku?k_babaCode=19&k_raceDate=2026%2F09%2F29&k_raceNo=10
2026-09-29 19:30:00,19:29,2026-09-29,funabashi,10,5,三連複,6-7-12,1040.0,1040.0,214,https://www.keiba.go.jp/KeibaWeb/TodayRaceInfo/Odds3LenFuku?k_babaCode=19&k_raceDate=2026%2F09%2F29&k_raceNo=10
2026-09-29 19:30:00,19:29,2026-09-29,funabashi,10,5,三連複,6-8-10,1040.0,1040.0,214,https://www.keiba.go.jp/KeibaWeb/TodayRaceInfo/Odds3LenFuku?k_babaCode=19&k_raceDate=2026%2F09%2F29&k_raceNo=10
2026-09-29 19:30:00,19:29,2026-09-29,funabashi,10,5,三連複,6-9-13,1040.0,1040.0,214,https://www.keiba.go.jp/KeibaWeb/TodayRaceInfo/Odds3LenFuku?k_babaCode=19&k_raceDate=2026%2F09%2F29&k_raceNo=10
2026-09-29 19:30:00,19:29,2026-09-29,funabashi,10,5,三連複,1-4-11,1056.0,1056.0,220,https://www.keiba.go.jp/KeibaWeb/TodayRaceInfo/Odds3LenFuku?k_babaCode=19&k_raceDate=2026%2F09%2F29&k_raceNo=10
2026-09-29 19:30:00,19:29,2026-09-29,funabashi,10,5,三連複,3-13-14,1056.0,1056.0,220,https://www.keiba.go.jp/KeibaWeb/TodayRaceInfo/Odds3LenFuku?k_babaCode=19&k_raceDate=2026%2F09%2F29&k_raceNo=10
2026-09-29 19:30:00,19:29,2026-09-29,funabashi,10,5,三連複,5-9-11,1056.0,1056.0,220,https://www.keiba.go.jp/KeibaWeb/TodayRaceInfo/Odds3LenFuku?k_babaCode=19&k_raceDate=2026%2F09%2F29&k_raceNo=10
2026-09-29 19:30:00,19:29,2026-09-29,funabashi,10,5,三連複,1-10-11,1064.1,1064.1,223,https://www.keiba.go.jp/KeibaWeb/TodayRaceInfo/Odds3LenFuku?k_babaCode=19&k_raceDate=2026%2F09%2F29&k_raceNo=10
2026-09-29 19:30:00,19:29,2026-09-29,funabashi,10,5,三連複,1-2-5,1089.5,1089.5,224,https://www.keiba.go.jp/KeibaWeb/TodayRaceInfo/Odds3LenFuku?k_babaCode=19&k_raceDate=2026%2F09%2F29&k_raceNo=10
2026-09-29 19:30:00,19:29,2026-09-29,funabashi,10,5,三連複,9-12-14,1098.2,1098.2,225,https://www.keiba.go.jp/KeibaWeb/TodayRaceInfo/Odds3LenFuku?k_babaCode=19&k_raceDate=2026%2F09%2F29&k_raceNo=10
2026-09-29 19:30:00,19:29,2026-09-29,funabashi,10,5,三連複,1-2-9,1116.1,1116.1,226,https://www.keiba.go.jp/KeibaWeb/TodayRaceInfo/Odds3LenFuku?k_babaCode=19&k_raceDate=2026%2F09%2F29&k_raceNo=10
2026-09-29 19:30:00,19:29,2026-09-29,funabashi,10,5,三連複,1-2-11,1173.3,1173.3,227,https://www.keiba.go.jp/KeibaWeb/TodayRaceInfo/Odds3LenFuku?k_babaCode=19&k_raceDate=2026%2F09%2F29&k_raceNo=10
2026-09-29 19:30:00,19:29,2026-09-29,funabashi,10,5,三連複,5-9-12,1173.3,1173.3,227,https://www.keiba.go.jp/KeibaWeb/TodayRaceInfo/Odds3LenFuku?k_babaCode=19&k_raceDate=2026%2F09%2F29&k_raceNo=10
2026-09-29 19:30:00,19:29,2026-09-29,funabashi,10,5,三連複,4-6-9,1193.7,1193.7,229,https://www.keiba.go.jp/KeibaWeb/TodayRaceInfo/Odds3LenFuku?k_babaCode=19&k_raceDate=2026%2F09%2F29&k_raceNo=10
2026-09-29 19:30:00,19:29,2026-09-29,funabashi,10,5,三連複,1-5-7,1259.4,1259.4,230,https://www.keiba.go.jp/KeibaWeb/TodayRaceInfo/Odds3LenFuku?k_babaCode=19&k_raceDate=2026%2F09%2F29&k_raceNo=10
2026-09-29 19:30:00,19:29,2026-09-29,funabashi,10,5,三連複,5-8-12,1259.4,1259.4,230,https://www.keiba.go.jp/KeibaWeb/TodayRaceInfo/Odds3LenFuku?k_babaCode=19&k_raceDate=2026%2F09%2F29&k_raceNo=10
2026-09-29 19:30:00,19:29,2026-09-29,funabashi,10,5,三連複,1-2-12,1283.0,1283.0,232,https://www.keiba.go.jp/KeibaWeb/TodayRaceInfo/Odds3LenFuku?k_babaCode=19&k_raceDate=2026%2F09%2F29&k_raceNo=10
2026-09-29 19:30:00,19:29,2026-09-29,funabashi,10,5,三連複,3-4-11,1307.4,1307.4,233,https://www.keiba.go.jp/KeibaWeb/TodayRaceInfo/Odds3LenFuku?k_babaCode=19&k_raceDate=2026%2F09%2F29&k_raceNo=10
2026-09-29 19:30:00,19:29,2026-09-29,funabashi,10,5,三連複,5-8-14,1307.4,1307.4,233,https://www.keiba.go.jp/KeibaWeb/TodayRaceInfo/Odds3LenFuku?k_babaCode=19&k_raceDate=2026%2F09%2F29&k_raceNo=10
2026-09-29 19:30:00,19:29,2026-09-29,funabashi,10,5,三連複,5-6-11,1332.8,1332.8,235,https://www.keiba.go.jp/KeibaWeb/TodayRaceInfo/Odds3LenFuku?k_babaCode=19&k_raceDate=2026%2F09%2F29&k_raceNo=10
2026-09-29 19:30:00,19:29,2026-09-29,funabashi,10,5,三連複,6-8-11,1332.8,1332.8,235,https://www.keiba.go.jp/KeibaWeb/TodayRaceInfo/Odds3LenFuku?k_babaCode=19&k_raceDate=2026%2F09%2F29&k_raceNo=10
2026-09-29 19:30:00,19:29,2026-09-29,funabashi,10,5,三連複,1-4-5,1345.8,1345.8,237,https://www.keiba.go.jp/KeibaWeb/TodayRaceInfo/Odds3LenFuku?k_babaCode=19&k_raceDate=2026%2F09%2F29&k_raceNo=10
2026-09-29 19:30:00,19:29,2026-09-29,funabashi,10,5,三連複,1-7-14,1372.8,1372.8,238,https://www.keiba.go.jp/KeibaWeb/TodayRaceInfo/Odds3LenFuku?k_babaCode=19&k_raceDate=2026%2F09%2F29&k_raceNo=10
2026-09-29 19:30:00,19:29,2026-09-29,funabashi,10,5,三連複,2-6-12,1372.8,1372.8,238,https://www.keiba.go.jp/KeibaWeb/TodayRaceInfo/Odds3LenFuku?k_babaCode=19&k_raceDate=2026%2F09%2F29&k_raceNo=10
2026-09-29 19:30:00,19:29,2026-09-29,funabashi,10,5,三連複,6-8-13,1400.8,1400.8,240,https://www.keiba.go.jp/KeibaWeb/TodayRaceInfo/Odds3LenFuku?k_babaCode=19&k_raceDate=2026%2F09%2F29&k_raceNo=10
2026-09-29 19:30:00,19:29,2026-09-29,funabashi,10,5,三連複,1-9-13,1415.2,1415.2,241,https://www.keiba.go.jp/KeibaWeb/TodayRaceInfo/Odds3LenFuku?k_babaCode=19&k_raceDate=2026%2F09%2F29&k_raceNo=10
2026-09-29 19:30:00,19:29,2026-09-29,funabashi,10,5,三連複,2-3-5,1415.2,1415.2,241,https://www.keiba.go.jp/KeibaWeb/TodayRaceInfo/Odds3LenFuku?k_babaCode=19&k_raceDate=2026%2F09%2F29&k_raceNo=10
2026-09-29 19:30:00,19:29,2026-09-29,funabashi,10,5,三連複,3-7-8,1415.2,1415.2,241,https://www.keiba.go.jp/KeibaWeb/TodayRaceInfo/Odds3LenFuku?k_babaCode=19&k_raceDate=2026%2F09%2F29&k_raceNo=10
2026-09-29 19:30:00,19:29,2026-09-29,funabashi,10,5,三連複,3-10-12,1415.2,1415.2,241,https://www.keiba.go.jp/KeibaWeb/TodayRaceInfo/Odds3LenFuku?k_babaCode=19&k_raceDate=2026%2F09%2F29&k_raceNo=10
2026-09-29 19:30:00,19:29,2026-09-29,funabashi,10,5,三連複,3-7-14,1430.0,1430.0,245,https://www.keiba.go.jp/KeibaWeb/TodayRaceInfo/Odds3LenFuku?k_babaCode=19&k_raceDate=2026%2F09%2F29&k_raceNo=10
2026-09-29 19:30:00,19:29,2026-09-29,funabashi,10,5,三連複,5-6-12,1430.0,1430.0,245,https://www.keiba.go.jp/KeibaWeb/TodayRaceInfo/Odds3LenFuku?k_babaCode=19&k_raceDate=2026%2F09%2F29&k_raceNo=10
2026-09-29 19:30:00,19:29,2026-09-29,funabashi,10,5,三連複,2-6-9,1445.0,1445.0,247,https://www.keiba.go.jp/KeibaWeb/TodayRaceInfo/Odds3LenFuku?k_babaCode=19&k_raceDate=2026%2F09%2F29&k_raceNo=10
2026-09-29 19:30:00,19:29,2026-09-29,funabashi,10,5,三連複,3-12-13,1445.0,1445.0,247,https://www.keiba.go.jp/KeibaWeb/TodayRaceInfo/Odds3LenFuku?k_babaCode=19&k_raceDate=2026%2F09%2F29&k_raceNo=10
2026-09-29 19:30:00,19:29,2026-09-29,funabashi,10,5,三連複,6-7-8,1445.0,1445.0,247,https://www.keiba.go.jp/KeibaWeb/TodayRaceInfo/Odds3LenFuku?k_babaCode=19&k_raceDate=2026%2F09%2F29&k_raceNo=10
2026-09-29 19:30:00,19:29,2026-09-29,funabashi,10,5,三連複,3-5-13,1460.4,1460.4,250,https://www.keiba.go.jp/KeibaWeb/TodayRaceInfo/Odds3LenFuku?k_babaCode=19&k_raceDate=2026%2F09%2F29&k_raceNo=10
2026-09-29 19:30:00,19:29,2026-09-29,funabashi,10,5,三連複,3-4-5,1476.1,1476.1,251,https://www.keiba.go.jp/KeibaWeb/TodayRaceInfo/Odds3LenFuku?k_babaCode=19&k_raceDate=2026%2F09%2F29&k_raceNo=10
2026-09-29 19:30:00,19:29,2026-09-29,funabashi,10,5,三連複,3-7-12,1476.1,1476.1,251,https://www.keiba.go.jp/KeibaWeb/TodayRaceInfo/Odds3LenFuku?k_babaCode=19&k_raceDate=2026%2F09%2F29&k_raceNo=10
2026-09-29 19:30:00,19:29,2026-09-29,funabashi,10,5,三連複,8-9-11,1476.1,1476.1,251,https://www.keiba.go.jp/KeibaWeb/TodayRaceInfo/Odds3LenFuku?k_babaCode=19&k_raceDate=2026%2F09%2F29&k_raceNo=10
2026-09-29 19:30:00,19:29,2026-09-29,funabashi,10,5,三連複,1-4-12,1492.1,1492.1,254,https://www.keiba.go.jp/KeibaWeb/TodayRaceInfo/Odds3LenFuku?k_babaCode=19&k_raceDate=2026%2F09%2F29&k_raceNo=10
2026-09-29 19:30:00,19:29,2026-09-29,funabashi,10,5,三連複,2-3-11,1492.1,1492.1,254,https://www.keiba.go.jp/KeibaWeb/TodayRaceInfo/Odds3LenFuku?k_babaCode=19&k_raceDate=2026%2F09%2F29&k_raceNo=10
2026-09-29 19:30:00,19:29,2026-09-29,funabashi,10,5,三連複,6-9-10,1508.5,1508.5,256,https://www.keiba.go.jp/KeibaWeb/TodayRaceInfo/Odds3LenFuku?k_babaCode=19&k_raceDate=2026%2F09%2F29&k_raceNo=10
2026-09-29 19:30:00,19:29,2026-09-29,funabashi,10,5,三連複,1-9-10,1525.3,1525.3,257,https://www.keiba.go.jp/KeibaWeb/TodayRaceInfo/Odds3LenFuku?k_babaCode=19&k_raceDate=2026%2F09%2F29&k_raceNo=10
2026-09-29 19:30:00,19:29,2026-09-29,funabashi,10,5,三連複,6-11-12,1542.4,1542.4,258,https://www.keiba.go.jp/KeibaWeb/TodayRaceInfo/Odds3LenFuku?k_babaCode=19&k_raceDate=2026%2F09%2F29&k_raceNo=10
2026-09-29 19:30:00,19:29,2026-09-29,funabashi,10,5,三連複,1-11-12,1560.0,1560.0,259,https://www.keiba.go.jp/KeibaWeb/TodayRaceInfo/Odds3LenFuku?k_babaCode=19&k_raceDate=2026%2F09%2F29&k_raceNo=10
2026-09-29 19:30:00,19:29,2026-09-29,funabashi,10,5,三連複,3-10-11,1577.9,1577.9,260,https://www.keiba.go.jp/KeibaWeb/TodayRaceInfo/Odds3LenFuku?k_babaCode=19&k_raceDate=2026%2F09%2F29&k_raceNo=10
2026-09-29 19:30:00,19:29,2026-09-29,funabashi,10,5,三連複,6-7-9,1596.2,1596.2,261,https://www.keiba.go.jp/KeibaWeb/TodayRaceInfo/Odds3LenFuku?k_babaCode=19&k_raceDate=2026%2F09%2F29&k_raceNo=10
2026-09-29 19:30:00,19:29,2026-09-29,funabashi,10,5,三連複,1-10-14,1615.0,1615.0,262,https://www.keiba.go.jp/KeibaWeb/TodayRaceInfo/Odds3LenFuku?k_babaCode=19&k_raceDate=2026%2F09%2F29&k_raceNo=10
2026-09-29 19:30:00,19:29,2026-09-29,funabashi,10,5,三連複,3-4-8,1674.1,1674.1,263,https://www.keiba.go.jp/KeibaWeb/TodayRaceInfo/Odds3LenFuku?k_babaCode=19&k_raceDate=2026%2F09%2F29&k_raceNo=10
2026-09-29 19:30:00,19:29,2026-09-29,funabashi,10,5,三連複,1-5-8,1716.0,1716.0,264,https://www.keiba.go.jp/KeibaWeb/TodayRaceInfo/Odds3LenFuku?k_babaCode=19&k_raceDate=2026%2F09%2F29&k_raceNo=10
2026-09-29 19:30:00,19:29,2026-09-29,funabashi,10,5,三連複,6-11-14,1716.0,1716.0,264,https://www.keiba.go.jp/KeibaWeb/TodayRaceInfo/Odds3LenFuku?k_babaCode=19&k_raceDate=2026%2F09%2F29&k_raceNo=10
2026-09-29 19:30:00,19:29,2026-09-29,funabashi,10,5,三連複,1-5-13,1737.7,1737.7,266,https://www.keiba.go.jp/KeibaWeb/TodayRaceInfo/Odds3LenFuku?k_babaCode=19&k_raceDate=2026%2F09%2F29&k_raceNo=10
2026-09-29 19:30:00,19:29,2026-09-29,funabashi,10,5,三連複,3-4-14,1760.0,1760.0,267,https://www.keiba.go.jp/KeibaWeb/TodayRaceInfo/Odds3LenFuku?k_babaCode=19&k_raceDate=2026%2F09%2F29&k_raceNo=10
2026-09-29 19:30:00,19:29,2026-09-29,funabashi,10,5,三連複,3-9-13,1760.0,1760.0,267,https://www.keiba.go.jp/KeibaWeb/TodayRaceInfo/Odds3LenFuku?k_babaCode=19&k_raceDate=2026%2F09%2F29&k_raceNo=10
2026-09-29 19:30:00,19:29,2026-09-29,funabashi,10,5,三連複,6-8-14,1760.0,1760.0,267,https://www.keiba.go.jp/KeibaWeb/TodayRaceInfo/Odds3LenFuku?k_babaCode=19&k_raceDate=2026%2F09%2F29&k_raceNo=10
2026-09-29 19:30:00,19:29,2026-09-29,funabashi,10,5,三連複,1-2-8,1782.8,1782.8,270,https://www.keiba.go.jp/KeibaWeb/TodayRaceInfo/Odds3LenFuku?k_babaCode=19&k_raceDate=2026%2F09%2F29&k_raceNo=10
2026-09-29 19:30:00,19:29,2026-09-29,funabashi,10,5,三連複,3-7-9,1782.8,1782.8,270,https://www.keiba.go.jp/KeibaWeb/TodayRaceInfo/Odds3LenFuku?k_babaCode=19&k_raceDate=2026%2F09%2F29&k_raceNo=10
2026-09-29 19:30:00,19:29,2026-09-29,funabashi,10,5,三連複,1-7-8,1806.3,1806.3,272,https://www.keiba.go.jp/KeibaWeb/TodayRaceInfo/Odds3LenFuku?k_babaCode=19&k_raceDate=2026%2F09%2F29&k_raceNo=10
2026-09-29 19:30:00,19:29,2026-09-29,funabashi,10,5,三連複,1-7-12,1806.3,1806.3,272,https://www.keiba.go.jp/KeibaWeb/TodayRaceInfo/Odds3LenFuku?k_babaCode=19&k_raceDate=2026%2F09%2F29&k_raceNo=10
2026-09-29 19:30:00,19:29,2026-09-29,funabashi,10,5,三連複,3-4-12,1806.3,1806.3,272,https://www.keiba.go.jp/KeibaWeb/TodayRaceInfo/Odds3LenFuku?k_babaCode=19&k_raceDate=2026%2F09%2F29&k_raceNo=10
2026-09-29 19:30:00,19:29,2026-09-29,funabashi,10,5,三連複,1-5-10,1830.4,1830.4,275,https://www.keiba.go.jp/KeibaWeb/TodayRaceInfo/Odds3LenFuku?k_babaCode=19&k_raceDate=2026%2F09%2F29&k_raceNo=10
2026-09-29 19:30:00,19:29,2026-09-29,funabashi,10,5,三連複,1-7-9,1830.4,1830.4,275,https://www.keiba.go.jp/KeibaWeb/TodayRaceInfo/Odds3LenFuku?k_babaCode=19&k_raceDate=2026%2F09%2F29&k_raceNo=10
2026-09-29 19:30:00,19:29,2026-09-29,funabashi,10,5,三連複,2-3-9,1830.4,1830.4,275,https://www.keiba.go.jp/KeibaWeb/TodayRaceInfo/Odds3LenFuku?k_babaCode=19&k_raceDate=2026%2F09%2F29&k_raceNo=10
2026-09-29 19:30:00,19:29,2026-09-29,funabashi,10,5,三連複,8-12-14,1830.4,1830.4,275,https://www.keiba.go.jp/KeibaWeb/TodayRaceInfo/Odds3LenFuku?k_babaCode=19&k_raceDate=2026%2F09%2F29&k_raceNo=10
2026-09-29 19:30:00,19:29,2026-09-29,funabashi,10,5,三連複,6-12-14,1855.1,1855.1,279,https://www.keiba.go.jp/KeibaWeb/TodayRaceInfo/Odds3LenFuku?k_babaCode=19&k_raceDate=2026%2F09%2F29&k_raceNo=10
2026-09-29 19:30:00,19:29,2026-09-29,funabashi,10,5,三連複,1-2-14,1880.5,1880.5,280,https://www.keiba.go.jp/KeibaWeb/TodayRaceInfo/Odds3LenFuku?k_babaCode=19&k_raceDate=2026%2F09%2F29&k_raceNo=10
2026-09-29 19:30:00,19:29,2026-09-29,funabashi,10,5,三連複,1-4-9,1933.5,1933.5,281,https://www.keiba.go.jp/KeibaWeb/TodayRaceInfo/Odds3LenFuku?k_babaCode=19&k_raceDate=2026%2F09%2F29&k_raceNo=10
2026-09-29 19:30:00,19:29,2026-09-29,funabashi,10,5,三連複,3-5-8,1961.1,1961.1,282,https://www.keiba.go.jp/KeibaWeb/TodayRaceInfo/Odds3LenFuku?k_babaCode=19&k_raceDate=2026%2F09%2F29&k_raceNo=10
2026-09-29 19:30:00,19:29,2026-09-29,funabashi,10,5,三連複,3-8-13,1961.1,1961.1,282,https://www.keiba.go.jp/KeibaWeb/TodayRaceInfo/Odds3LenFuku?k_babaCode=19&k_raceDate=2026%2F09%2F29&k_raceNo=10
2026-09-29 19:30:00,19:29,2026-09-29,funabashi,10,5,三連複,1-8-11,2018.8,2018.8,284,https://www.keiba.go.jp/KeibaWeb/TodayRaceInfo/Odds3LenFuku?k_babaCode=19&k_raceDate=2026%2F09%2F29&k_raceNo=10
2026-09-29 19:30:00,19:29,2026-09-29,funabashi,10,5,三連複,3-5-10,2080.0,2080.0,285,https://www.keiba.go.jp/KeibaWeb/TodayRaceInfo/Odds3LenFuku?k_babaCode=19&k_raceDate=2026%2F09%2F29&k_raceNo=10
2026-09-29 19:30:00,19:29,2026-09-29,funabashi,10,5,三連複,8-9-12,2080.0,2080.0,285,https://www.keiba.go.jp/KeibaWeb/TodayRaceInfo/Odds3LenFuku?k_babaCode=19&k_raceDate=2026%2F09%2F29&k_raceNo=10
2026-09-29 19:30:00,19:29,2026-09-29,funabashi,10,5,三連複,1-3-7,2179.0,2179.0,287,https://www.keiba.go.jp/KeibaWeb/TodayRaceInfo/Odds3LenFuku?k_babaCode=19&k_raceDate=2026%2F09%2F29&k_raceNo=10
2026-09-29 19:30:00,19:29,2026-09-29,funabashi,10,5,三連複,2-3-8,2179.0,2179.0,287,https://www.keiba.go.jp/KeibaWeb/TodayRaceInfo/Odds3LenFuku?k_babaCode=19&k_raceDate=2026%2F09%2F29&k_raceNo=10
2026-09-29 19:30:00,19:29,2026-09-29,funabashi,10,5,三連複,5-6-8,2214.2,2214.2,289,https://www.keiba.go.jp/KeibaWeb/TodayRaceInfo/Odds3LenFuku?k_babaCode=19&k_raceDate=2026%2F09%2F29&k_raceNo=10
2026-09-29 19:30:00,19:29,2026-09-29,funabashi,10,5,三連複,5-8-9,2214.2,2214.2,289,https://www.keiba.go.jp/KeibaWeb/TodayRaceInfo/Odds3LenFuku?k_babaCode=19&k_raceDate=2026%2F09%2F29&k_raceNo=10
2026-09-29 19:30:00,19:29,2026-09-29,funabashi,10,5,三連複,1-5-14,2250.5,2250.5,291,https://www.keiba.go.jp/KeibaWeb/TodayRaceInfo/Odds3LenFuku?k_babaCode=19&k_raceDate=2026%2F09%2F29&k_raceNo=10
2026-09-29 19:30:00,19:29,2026-09-29,funabashi,10,5,三連複,5-6-9,2250.5,2250.5,291,https://www.keiba.go.jp/KeibaWeb/TodayRaceInfo/Odds3LenFuku?k_babaCode=19&k_raceDate=2026%2F09%2F29&k_raceNo=10
2026-09-29 19:30:00,19:29,2026-09-29,funabashi,10,5,三連複,1-2-3,2288.0,2288.0,293,https://www.keiba.go.jp/KeibaWeb/TodayRaceInfo/Odds3LenFuku?k_babaCode=19&k_raceDate=2026%2F09%2F29&k_raceNo=10
2026-09-29 19:30:00,19:29,2026-09-29,funabashi,10,5,三連複,3-5-14,2326.8,2326.8,294,https://www.keiba.go.jp/KeibaWeb/TodayRaceInfo/Odds3LenFuku?k_babaCode=19&k_raceDate=2026%2F09%2F29&k_raceNo=10
2026-09-29 19:30:00,19:29,2026-09-29,funabashi,10,5,三連複,1-4-6,2366.9,2366.9,295,https://www.keiba.go.jp/KeibaWeb/TodayRaceInfo/Odds3LenFuku?k_babaCode=19&k_raceDate=2026%2F09%2F29&k_raceNo=10
2026-09-29 19:30:00,19:29,2026-09-29,funabashi,10,5,三連複,2-3-14,2366.9,2366.9,295,https://www.keiba.go.jp/KeibaWeb/TodayRaceInfo/Odds3LenFuku?k_babaCode=19&k_raceDate=2026%2F09%2F29&k_raceNo=10
2026-09-29 19:30:00,19:29,2026-09-29,funabashi,10,5,三連複,3-10-14,2366.9,2366.9,295,https://www.keiba.go.jp/KeibaWeb/TodayRaceInfo/Odds3LenFuku?k_babaCode=19&k_raceDate=2026%2F09%2F29&k_raceNo=10
2026-09-29 19:30:00,19:29,2026-09-29,funabashi,10,5,三連複,1-5-9,2408.4,2408.4,298,https://www.keiba.go.jp/KeibaWeb/TodayRaceInfo/Odds3LenFuku?k_babaCode=19&k_raceDate=2026%2F09%2F29&k_raceNo=10
2026-09-29 19:30:00,19:29,2026-09-29,funabashi,10,5,三連複,2-3-12,2408.4,2408.4,298,https://www.keiba.go.jp/KeibaWeb/TodayRaceInfo/Odds3LenFuku?k_babaCode=19&k_raceDate=2026%2F09%2F29&k_raceNo=10
2026-09-29 19:30:00,19:29,2026-09-29,funabashi,10,5,三連複,3-8-11,2408.4,2408.4,298,https://www.keiba.go.jp/KeibaWeb/TodayRaceInfo/Odds3LenFuku?k_babaCode=19&k_raceDate=2026%2F09%2F29&k_raceNo=10
2026-09-29 19:30:00,19:29,2026-09-29,funabashi,10,5,三連複,1-5-11,2451.4,2451.4,301,https://www.keiba.go.jp/KeibaWeb/TodayRaceInfo/Odds3LenFuku?k_babaCode=19&k_raceDate=2026%2F09%2F29&k_raceNo=10
2026-09-29 19:30:00,19:29,2026-09-29,funabashi,10,5,三連複,3-6-7,2451.4,2451.4,301,https://www.keiba.go.jp/KeibaWeb/TodayRaceInfo/Odds3LenFuku?k_babaCode=19&k_raceDate=2026%2F09%2F29&k_raceNo=10
2026-09-29 19:30:00,19:29,2026-09-29,funabashi,10,5,三連複,6-9-12,2496.0,2496.0,303,https://www.keiba.go.jp/KeibaWeb/TodayRaceInfo/Odds3LenFuku?k_babaCode=19&k_raceDate=2026%2F09%2F29&k_raceNo=10
2026-09-29 19:30:00,19:29,2026-09-29,funabashi,10,5,三連複,1-6-10,2542.2,2542.2,304,https://www.keiba.go.jp/KeibaWeb/TodayRaceInfo/Odds3LenFuku?k_babaCode=19&k_raceDate=2026%2F09%2F29&k_raceNo=10
2026-09-29 19:30:00,19:29,2026-09-29,funabashi,10,5,三連複,1-8-10,2542.2,2542.2,304,https://www.keiba.go.jp/KeibaWeb/TodayRaceInfo/Odds3LenFuku?k_babaCode=19&k_raceDate=2026%2F09%2F29&k_raceNo=10
2026-09-29 19:30:00,19:29,2026-09-29,funabashi,10,5,三連複,1-8-13,2542.2,2542.2,304,https://www.keiba.go.jp/KeibaWeb/TodayRaceInfo/Odds3LenFuku?k_babaCode=19&k_raceDate=2026%2F09%2F29&k_raceNo=10
2026-09-29 19:30:00,19:29,2026-09-29,funabashi,10,5,三連複,1-9-14,2542.2,2542.2,304,https://www.keiba.go.jp/KeibaWeb/TodayRaceInfo/Odds3LenFuku?k_babaCode=19&k_raceDate=2026%2F09%2F29&k_raceNo=10
2026-09-29 19:30:00,19:29,2026-09-29,funabashi,10,5,三連複,3-8-10,2542.2,2542.2,304,https://www.keiba.go.jp/KeibaWeb/TodayRaceInfo/Odds3LenFuku?k_babaCode=19&k_raceDate=2026%2F09%2F29&k_raceNo=10
2026-09-29 19:30:00,19:29,2026-09-29,funabashi,10,5,三連複,3-9-10,2542.2,2542.2,304,https://www.keiba.go.jp/KeibaWeb/TodayRaceInfo/Odds3LenFuku?k_babaCode=19&k_raceDate=2026%2F09%2F29&k_raceNo=10
2026-09-29 19:30:00,19:29,2026-09-29,funabashi,10,5,三連複,3-5-11,2590.2,2590.2,310,https://www.keiba.go.jp/KeibaWeb/TodayRaceInfo/Odds3LenFuku?k_babaCode=19&k_raceDate=2026%2F09%2F29&k_raceNo=10
2026-09-29 19:30:00,19:29,2026-09-29,funabashi,10,5,三連複,3-11-12,2590.2,2590.2,310,https://www.keiba.go.jp/KeibaWeb/TodayRaceInfo/Odds3LenFuku?k_babaCode=19&k_raceDate=2026%2F09%2F29&k_raceNo=10
2026-09-29 19:30:00,19:29,2026-09-29,funabashi,10,5,三連複,8-9-14,2590.2,2590.2,310,https://www.keiba.go.jp/KeibaWeb/TodayRaceInfo/Odds3LenFuku?k_babaCode=19&k_raceDate=2026%2F09%2F29&k_raceNo=10
2026-09-29 19:30:00,19:29,2026-09-29,funabashi,10,5,三連複,1-11-14,2640.0,2640.0,313,https://www.keiba.go.jp/KeibaWeb/TodayRaceInfo/Odds3LenFuku?k_babaCode=19&k_raceDate=2026%2F09%2F29&k_raceNo=10
2026-09-29 19:30:00,19:29,2026-09-29,funabashi,10,5,三連複,3-4-9,2691.7,2691.7,314,https://www.keiba.go.jp/KeibaWeb/TodayRaceInfo/Odds3LenFuku?k_babaCode=19&k_raceDate=2026%2F09%2F29&k_raceNo=10
2026-09-29 19:30:00,19:29,2026-09-29,funabashi,10,5,三連複,3-5-12,2745.6,2745.6,315,https://www.keiba.go.jp/KeibaWeb/TodayRaceInfo/Odds3LenFuku?k_babaCode=19&k_raceDate=2026%2F09%2F29&k_raceNo=10
2026-09-29 19:30:00,19:29,2026-09-29,funabashi,10,5,三連複,6-9-11,2745.6,2745.6,315,https://www.keiba.go.jp/KeibaWeb/TodayRaceInfo/Odds3LenFuku?k_babaCode=19&k_raceDate=2026%2F09%2F29&k_raceNo=10
2026-09-29 19:30:00,19:29,2026-09-29,funabashi,10,5,三連複,1-3-4,2801.6,2801.6,317,https://www.keiba.go.jp/KeibaWeb/TodayRaceInfo/Odds3LenFuku?k_babaCode=19&k_raceDate=2026%2F09%2F29&k_raceNo=10
2026-09-29 19:30:00,19:29,2026-09-29,funabashi,10,5,三連複,1-3-5,2801.6,2801.6,317,https://www.keiba.go.jp/KeibaWeb/TodayRaceInfo/Odds3LenFuku?k_babaCode=19&k_raceDate=2026%2F09%2F29&k_raceNo=10
2026-09-29 19:30:00,19:29,2026-09-29,funabashi,10,5,三連複,1-6-7,2801.6,2801.6,317,https://www.keiba.go.jp/KeibaWeb/TodayRaceInfo/Odds3LenFuku?k_babaCode=19&k_raceDate=2026%2F09%2F29&k_raceNo=10
2026-09-29 19:30:00,19:29,2026-09-29,funabashi,10,5,三連複,1-5-6,2860.0,2860.0,320,https://www.keiba.go.jp/KeibaWeb/TodayRaceInfo/Odds3LenFuku?k_babaCode=19&k_raceDate=2026%2F09%2F29&k_raceNo=10
2026-09-29 19:30:00,19:29,2026-09-29,funabashi,10,5,三連複,1-8-12,2860.0,2860.0,320,https://www.keiba.go.jp/KeibaWeb/TodayRaceInfo/Odds3LenFuku?k_babaCode=19&k_raceDate=2026%2F09%2F29&k_raceNo=10
2026-09-29 19:30:00,19:29,2026-09-29,funabashi,10,5,三連複,3-6-10,2860.0,2860.0,320,https://www.keiba.go.jp/KeibaWeb/TodayRaceInfo/Odds3LenFuku?k_babaCode=19&k_raceDate=2026%2F09%2F29&k_raceNo=10
2026-09-29 19:30:00,19:29,2026-09-29,funabashi,10,5,三連複,1-2-6,2920.8,2920.8,323,https://www.keiba.go.jp/KeibaWeb/TodayRaceInfo/Odds3LenFuku?k_babaCode=19&k_raceDate=2026%2F09%2F29&k_raceNo=10
2026-09-29 19:30:00,19:29,2026-09-29,funabashi,10,5,三連複,6-9-14,2920.8,2920.8,323,https://www.keiba.go.jp/KeibaWeb/TodayRaceInfo/Odds3LenFuku?k_babaCode=19&k_raceDate=2026%2F09%2F29&k_raceNo=10
2026-09-29 19:30:00,19:29,2026-09-29,funabashi,10,5,三連複,1-5-12,2984.3,2984.3,325,https://www.keiba.go.jp/KeibaWeb/TodayRaceInfo/Odds3LenFuku?k_babaCode=19&k_raceDate=2026%2F09%2F29&k_raceNo=10
2026-09-29 19:30:00,19:29,2026-09-29,funabashi,10,5,三連複,1-6-13,2984.3,2984.3,325,https://www.keiba.go.jp/KeibaWeb/TodayRaceInfo/Odds3LenFuku?k_babaCode=19&k_raceDate=2026%2F09%2F29&k_raceNo=10
2026-09-29 19:30:00,19:29,2026-09-29,funabashi,10,5,三連複,1-9-12,2984.3,2984.3,325,https://www.keiba.go.jp/KeibaWeb/TodayRaceInfo/Odds3LenFuku?k_babaCode=19&k_raceDate=2026%2F09%2F29&k_raceNo=10
2026-09-29 19:30:00,19:29,2026-09-29,funabashi,10,5,三連複,3-11-14,2984.3,2984.3,325,https://www.keiba.go.jp/KeibaWeb/TodayRaceInfo/Odds3LenFuku?k_babaCode=19&k_raceDate=2026%2F09%2F29&k_raceNo=10
2026-09-29 19:30:00,19:29,2026-09-29,funabashi,10,5,三連複,6-8-12,3050.7,3050.7,329,https://www.keiba.go.jp/KeibaWeb/TodayRaceInfo/Odds3LenFuku?k_babaCode=19&k_raceDate=2026%2F09%2F29&k_raceNo=10
2026-09-29 19:30:00,19:29,2026-09-29,funabashi,10,5,三連複,1-3-10,3120.0,3120.0,330,https://www.keiba.go.jp/KeibaWeb/TodayRaceInfo/Odds3LenFuku?k_babaCode=19&k_raceDate=2026%2F09%2F29&k_raceNo=10
2026-09-29 19:30:00,19:29,2026-09-29,funabashi,10,5,三連複,2-3-6,3120.0,3120.0,330,https://www.keiba.go.jp/KeibaWeb/TodayRaceInfo/Odds3LenFuku?k_babaCode=19&k_raceDate=2026%2F09%2F29&k_raceNo=10
2026-09-29 19:30:00,19:29,2026-09-29,funabashi,10,5,三連複,3-5-6,3120.0,3120.0,330,https://www.keiba.go.jp/KeibaWeb/TodayRaceInfo/Odds3LenFuku?k_babaCode=19&k_raceDate=2026%2F09%2F29&k_raceNo=10
2026-09-29 19:30:00,19:29,2026-09-29,funabashi,10,5,三連複,3-4-6,3192.5,3192.5,333,https://www.keiba.go.jp/KeibaWeb/TodayRaceInfo/Odds3LenFuku?k_babaCode=19&k_raceDate=2026%2F09%2F29&k_raceNo=10
2026-09-29 19:30:00,19:29,2026-09-29,funabashi,10,5,三連複,1-3-13,3348.3,3348.3,334,https://www.keiba.go.jp/KeibaWeb/TodayRaceInfo/Odds3LenFuku?k_babaCode=19&k_raceDate=2026%2F09%2F29&k_raceNo=10
2026-09-29 19:30:00,19:29,2026-09-29,funabashi,10,5,三連複,1-12-14,3348.3,3348.3,334,https://www.keiba.go.jp/KeibaWeb/TodayRaceInfo/Odds3LenFuku?k_babaCode=19&k_raceDate=2026%2F09%2F29&k_raceNo=10
2026-09-29 19:30:00,19:29,2026-09-29,funabashi,10,5,三連複,6-8-9,3348.3,3348.3,334,https://www.keiba.go.jp/KeibaWeb/TodayRaceInfo/Odds3LenFuku?k_babaCode=19&k_raceDate=2026%2F09%2F29&k_raceNo=10
2026-09-29 19:30:00,19:29,2026-09-29,funabashi,10,5,三連複,1-3-9,3520.0,3520.0,337,https://www.keiba.go.jp/KeibaWeb/TodayRaceInfo/Odds3LenFuku?k_babaCode=19&k_raceDate=2026%2F09%2F29&k_raceNo=10
2026-09-29 19:30:00,19:29,2026-09-29,funabashi,10,5,三連複,1-8-9,3520.0,3520.0,337,https://www.keiba.go.jp/KeibaWeb/TodayRaceInfo/Odds3LenFuku?k_babaCode=19&k_raceDate=2026%2F09%2F29&k_raceNo=10
2026-09-29 19:30:00,19:29,2026-09-29,funabashi,10,5,三連複,1-3-6,3710.3,3710.3,339,https://www.keiba.go.jp/KeibaWeb/TodayRaceInfo/Odds3LenFuku?k_babaCode=19&k_raceDate=2026%2F09%2F29&k_raceNo=10
2026-09-29 19:30:00,19:29,2026-09-29,funabashi,10,5,三連複,1-6-9,3710.3,3710.3,339,https://www.keiba.go.jp/KeibaWeb/TodayRaceInfo/Odds3LenFuku?k_babaCode=19&k_raceDate=2026%2F09%2F29&k_raceNo=10
2026-09-29 19:30:00,19:29,2026-09-29,funabashi,10,5,三連複,3-6-13,3710.3,3710.3,339,https://www.keiba.go.jp/KeibaWeb/TodayRaceInfo/Odds3LenFuku?k_babaCode=19&k_raceDate=2026%2F09%2F29&k_raceNo=10
2026-09-29 19:30:00,19:29,2026-09-29,funabashi,10,5,三連複,3-8-9,3710.3,3710.3,339,https://www.keiba.go.jp/KeibaWeb/TodayRaceInfo/Odds3LenFuku?k_babaCode=19&k_raceDate=2026%2F09%2F29&k_raceNo=10
2026-09-29 19:30:00,19:29,2026-09-29,funabashi,10,5,三連複,3-8-12,3710.3,3710.3,339,https://www.keiba.go.jp/KeibaWeb/TodayRaceInfo/Odds3LenFuku?k_babaCode=19&k_raceDate=2026%2F09%2F29&k_raceNo=10
2026-09-29 19:30:00,19:29,2026-09-29,funabashi,10,5,三連複,1-3-8,3922.3,3922.3,344,https://www.keiba.go.jp/KeibaWeb/TodayRaceInfo/Odds3LenFuku?k_babaCode=19&k_raceDate=2026%2F09%2F29&k_raceNo=10
2026-09-29 19:30:00,19:29,2026-09-29,funabashi,10,5,三連複,3-5-9,3922.3,3922.3,344,https://www.keiba.go.jp/KeibaWeb/TodayRaceInfo/Odds3LenFuku?k_babaCode=19&k_raceDate=2026%2F09%2F29&k_raceNo=10
2026-09-29 19:30:00,19:29,2026-09-29,funabashi,10,5,三連複,1-9-11,4160.0,4160.0,346,https://www.keiba.go.jp/KeibaWeb/TodayRaceInfo/Odds3LenFuku?k_babaCode=19&k_raceDate=2026%2F09%2F29&k_raceNo=10
2026-09-29 19:30:00,19:29,2026-09-29,funabashi,10,5,三連複,3-6-9,4160.0,4160.0,346,https://www.keiba.go.jp/KeibaWeb/TodayRaceInfo/Odds3LenFuku?k_babaCode=19&k_raceDate=2026%2F09%2F29&k_raceNo=10
2026-09-29 19:30:00,19:29,2026-09-29,funabashi,10,5,三連複,3-12-14,4290.0,4290.0,348,https://www.keiba.go.jp/KeibaWeb/TodayRaceInfo/Odds3LenFuku?k_babaCode=19&k_raceDate=2026%2F09%2F29&k_raceNo=10
2026-09-29 19:30:00,19:29,2026-09-29,funabashi,10,5,三連複,1-6-8,4428.4,4428.4,349,https://www.keiba.go.jp/KeibaWeb/TodayRaceInfo/Odds3LenFuku?k_babaCode=19&k_raceDate=2026%2F09%2F29&k_raceNo=10
2026-09-29 19:30:00,19:29,2026-09-29,funabashi,10,5,三連複,1-6-11,4576.0,4576.0,350,https://www.keiba.go.jp/KeibaWeb/TodayRaceInfo/Odds3LenFuku?k_babaCode=19&k_raceDate=2026%2F09%2F29&k_raceNo=10
2026-09-29 19:30:00,19:29,2026-09-29,funabashi,10,5,三連複,1-6-12,4576.0,4576.0,350,https://www.keiba.go.jp/KeibaWeb/TodayRaceInfo/Odds3LenFuku?k_babaCode=19&k_raceDate=2026%2F09%2F29&k_raceNo=10
2026-09-29 19:30:00,19:29,2026-09-29,funabashi,10,5,三連複,3-6-8,4576.0,4576.0,350,https://www.keiba.go.jp/KeibaWeb/TodayRaceInfo/Odds3LenFuku?k_babaCode=19&k_raceDate=2026%2F09%2F29&k_raceNo=10
2026-09-29 19:30:00,19:29,2026-09-29,funabashi,10,5,三連複,1-3-11,4733.8,4733.8,353,https://www.keiba.go.jp/KeibaWeb/TodayRaceInfo/Odds3LenFuku?k_babaCode=19&k_raceDate=2026%2F09%2F29&k_raceNo=10
2026-09-29 19:30:00,19:29,2026-09-29,funabashi,10,5,三連複,1-8-14,4733.8,4733.8,353,https://www.keiba.go.jp/KeibaWeb/TodayRaceInfo/Odds3LenFuku?k_babaCode=19&k_raceDate=2026%2F09%2F29&k_raceNo=10
2026-09-29 19:30:00,19:29,2026-09-29,funabashi,10,5,三連複,3-6-12,4733.8,4733.8,353,https://www.keiba.go.jp/KeibaWeb/TodayRaceInfo/Odds3LenFuku?k_babaCode=19&k_raceDate=2026%2F09%2F29&k_raceNo=10
2026-09-29 19:30:00,19:29,2026-09-29,funabashi,10,5,三連複,3-8-14,4733.8,4733.8,353,https://www.keiba.go.jp/KeibaWeb/TodayRaceInfo/Odds3LenFuku?k_babaCode=19&k_raceDate=2026%2F09%2F29&k_raceNo=10
2026-09-29 19:30:00,19:29,2026-09-29,funabashi,10,5,三連複,3-9-12,4733.8,4733.8,353,https://www.keiba.go.jp/KeibaWeb/TodayRaceInfo/Odds3LenFuku?k_babaCode=19&k_raceDate=2026%2F09%2F29&k_raceNo=10
2026-09-29 19:30:00,19:29,2026-09-29,funabashi,10,5,三連複,3-6-11,4902.9,4902.9,358,https://www.keiba.go.jp/KeibaWeb/TodayRaceInfo/Odds3LenFuku?k_babaCode=19&k_raceDate=2026%2F09%2F29&k_raceNo=10
2026-09-29 19:30:00,19:29,2026-09-29,funabashi,10,5,三連複,3-9-11,4902.9,4902.9,358,https://www.keiba.go.jp/KeibaWeb/TodayRaceInfo/Odds3LenFuku?k_babaCode=19&k_raceDate=2026%2F09%2F29&k_raceNo=10
2026-09-29 19:30:00,19:29,2026-09-29,funabashi,10,5,三連複,1-3-12,5491.2,5491.2,360,https://www.keiba.go.jp/KeibaWeb/TodayRaceInfo/Odds3LenFuku?k_babaCode=19&k_raceDate=2026%2F09%2F29&k_raceNo=10
2026-09-29 19:30:00,19:29,2026-09-29,funabashi,10,5,三連複,3-9-14,5491.2,5491.2,360,https://www.keiba.go.jp/KeibaWeb/TodayRaceInfo/Odds3LenFuku?k_babaCode=19&k_raceDate=2026%2F09%2F29&k_raceNo=10
2026-09-29 19:30:00,19:29,2026-09-29,funabashi,10,5,三連複,1-3-14,7225.3,7225.3,362,https://www.keiba.go.jp/KeibaWeb/TodayRaceInfo/Odds3LenFuku?k_babaCode=19&k_raceDate=2026%2F09%2F29&k_raceNo=10
2026-09-29 19:30:00,19:29,2026-09-29,funabashi,10,5,三連複,1-6-14,7626.7,7626.7,363,https://www.keiba.go.jp/KeibaWeb/TodayRaceInfo/Odds3LenFuku?k_babaCode=19&k_raceDate=2026%2F09%2F29&k_raceNo=10
2026-09-29 19:30:00,19:29,2026-09-29,funabashi,10,5,三連複,3-6-14,7626.7,7626.7,363,https://www.keiba.go.jp/KeibaWeb/TodayRaceInfo/Odds3LenFuku?k_babaCode=19&k_raceDate=2026%2F09%2F29&k_raceNo=10
