captured_at,source_time,race_date,track,race_no,minutes_before,bet_type,combination,odds_low,odds_high,popularity,source_url
2026-09-26 20:25:00,20:24,2026-09-26,saga,10,15,馬連,7-9,1.9,1.9,1,https://www.keiba.go.jp/KeibaWeb/TodayRaceInfo/OddsUmLenFuku?k_babaCode=32&k_raceDate=2026%2F09%2F26&k_raceNo=10
2026-09-26 20:25:00,20:24,2026-09-26,saga,10,15,馬連,9-10,11.3,11.3,2,https://www.keiba.go.jp/KeibaWeb/TodayRaceInfo/OddsUmLenFuku?k_babaCode=32&k_raceDate=2026%2F09%2F26&k_raceNo=10
2026-09-26 20:25:00,20:24,2026-09-26,saga,10,15,馬連,2-7,12.4,12.4,3,https://www.keiba.go.jp/KeibaWeb/TodayRaceInfo/OddsUmLenFuku?k_babaCode=32&k_raceDate=2026%2F09%2F26&k_raceNo=10
2026-09-26 20:25:00,20:24,2026-09-26,saga,10,15,馬連,2-9,14.2,14.2,4,https://www.keiba.go.jp/KeibaWeb/TodayRaceInfo/OddsUmLenFuku?k_babaCode=32&k_raceDate=2026%2F09%2F26&k_raceNo=10
2026-09-26 20:25:00,20:24,2026-09-26,saga,10,15,馬連,7-10,16.6,16.6,5,https://www.keiba.go.jp/KeibaWeb/TodayRaceInfo/OddsUmLenFuku?k_babaCode=32&k_raceDate=2026%2F09%2F26&k_raceNo=10
2026-09-26 20:25:00,20:24,2026-09-26,saga,10,15,馬連,7-14,34.1,34.1,6,https://www.keiba.go.jp/KeibaWeb/TodayRaceInfo/OddsUmLenFuku?k_babaCode=32&k_raceDate=2026%2F09%2F26&k_raceNo=10
2026-09-26 20:25:00,20:24,2026-09-26,saga,10,15,馬連,4-7,38.1,38.1,7,https://www.keiba.go.jp/KeibaWeb/TodayRaceInfo/OddsUmLenFuku?k_babaCode=32&k_raceDate=2026%2F09%2F26&k_raceNo=10
2026-09-26 20:25:00,20:24,2026-09-26,saga,10,15,馬連,4-9,41.2,41.2,8,https://www.keiba.go.jp/KeibaWeb/TodayRaceInfo/OddsUmLenFuku?k_babaCode=32&k_raceDate=2026%2F09%2F26&k_raceNo=10
2026-09-26 20:25:00,20:24,2026-09-26,saga,10,15,馬連,9-14,42.4,42.4,9,https://www.keiba.go.jp/KeibaWeb/TodayRaceInfo/OddsUmLenFuku?k_babaCode=32&k_raceDate=2026%2F09%2F26&k_raceNo=10
2026-09-26 20:25:00,20:24,2026-09-26,saga,10,15,馬連,6-9,48.8,48.8,10,https://www.keiba.go.jp/KeibaWeb/TodayRaceInfo/OddsUmLenFuku?k_babaCode=32&k_raceDate=2026%2F09%2F26&k_raceNo=10
2026-09-26 20:25:00,20:24,2026-09-26,saga,10,15,馬連,6-7,52.2,52.2,11,https://www.keiba.go.jp/KeibaWeb/TodayRaceInfo/OddsUmLenFuku?k_babaCode=32&k_raceDate=2026%2F09%2F26&k_raceNo=10
2026-09-26 20:25:00,20:24,2026-09-26,saga,10,15,馬連,8-9,56.5,56.5,12,https://www.keiba.go.jp/KeibaWeb/TodayRaceInfo/OddsUmLenFuku?k_babaCode=32&k_raceDate=2026%2F09%2F26&k_raceNo=10
2026-09-26 20:25:00,20:24,2026-09-26,saga,10,15,馬連,9-11,59.3,59.3,13,https://www.keiba.go.jp/KeibaWeb/TodayRaceInfo/OddsUmLenFuku?k_babaCode=32&k_raceDate=2026%2F09%2F26&k_raceNo=10
2026-09-26 20:25:00,20:24,2026-09-26,saga,10,15,馬連,7-11,65.0,65.0,14,https://www.keiba.go.jp/KeibaWeb/TodayRaceInfo/OddsUmLenFuku?k_babaCode=32&k_raceDate=2026%2F09%2F26&k_raceNo=10
2026-09-26 20:25:00,20:24,2026-09-26,saga,10,15,馬連,2-10,82.5,82.5,15,https://www.keiba.go.jp/KeibaWeb/TodayRaceInfo/OddsUmLenFuku?k_babaCode=32&k_raceDate=2026%2F09%2F26&k_raceNo=10
2026-09-26 20:25:00,20:24,2026-09-26,saga,10,15,馬連,7-8,89.8,89.8,16,https://www.keiba.go.jp/KeibaWeb/TodayRaceInfo/OddsUmLenFuku?k_babaCode=32&k_raceDate=2026%2F09%2F26&k_raceNo=10
2026-09-26 20:25:00,20:24,2026-09-26,saga,10,15,馬連,9-13,89.8,89.8,16,https://www.keiba.go.jp/KeibaWeb/TodayRaceInfo/OddsUmLenFuku?k_babaCode=32&k_raceDate=2026%2F09%2F26&k_raceNo=10
2026-09-26 20:25:00,20:24,2026-09-26,saga,10,15,馬連,1-9,91.2,91.2,18,https://www.keiba.go.jp/KeibaWeb/TodayRaceInfo/OddsUmLenFuku?k_babaCode=32&k_raceDate=2026%2F09%2F26&k_raceNo=10
2026-09-26 20:25:00,20:24,2026-09-26,saga,10,15,馬連,2-4,100.1,100.1,19,https://www.keiba.go.jp/KeibaWeb/TodayRaceInfo/OddsUmLenFuku?k_babaCode=32&k_raceDate=2026%2F09%2F26&k_raceNo=10
2026-09-26 20:25:00,20:24,2026-09-26,saga,10,15,馬連,2-6,103.5,103.5,20,https://www.keiba.go.jp/KeibaWeb/TodayRaceInfo/OddsUmLenFuku?k_babaCode=32&k_raceDate=2026%2F09%2F26&k_raceNo=10
2026-09-26 20:25:00,20:24,2026-09-26,saga,10,15,馬連,5-9,105.3,105.3,21,https://www.keiba.go.jp/KeibaWeb/TodayRaceInfo/OddsUmLenFuku?k_babaCode=32&k_raceDate=2026%2F09%2F26&k_raceNo=10
2026-09-26 20:25:00,20:24,2026-09-26,saga,10,15,馬連,4-10,113.1,113.1,22,https://www.keiba.go.jp/KeibaWeb/TodayRaceInfo/OddsUmLenFuku?k_babaCode=32&k_raceDate=2026%2F09%2F26&k_raceNo=10
2026-09-26 20:25:00,20:24,2026-09-26,saga,10,15,馬連,9-12,115.3,115.3,23,https://www.keiba.go.jp/KeibaWeb/TodayRaceInfo/OddsUmLenFuku?k_babaCode=32&k_raceDate=2026%2F09%2F26&k_raceNo=10
2026-09-26 20:25:00,20:24,2026-09-26,saga,10,15,馬連,10-14,119.8,119.8,24,https://www.keiba.go.jp/KeibaWeb/TodayRaceInfo/OddsUmLenFuku?k_babaCode=32&k_raceDate=2026%2F09%2F26&k_raceNo=10
2026-09-26 20:25:00,20:24,2026-09-26,saga,10,15,馬連,2-14,124.7,124.7,25,https://www.keiba.go.jp/KeibaWeb/TodayRaceInfo/OddsUmLenFuku?k_babaCode=32&k_raceDate=2026%2F09%2F26&k_raceNo=10
2026-09-26 20:25:00,20:24,2026-09-26,saga,10,15,馬連,7-13,130.0,130.0,26,https://www.keiba.go.jp/KeibaWeb/TodayRaceInfo/OddsUmLenFuku?k_babaCode=32&k_raceDate=2026%2F09%2F26&k_raceNo=10
2026-09-26 20:25:00,20:24,2026-09-26,saga,10,15,馬連,1-7,135.8,135.8,27,https://www.keiba.go.jp/KeibaWeb/TodayRaceInfo/OddsUmLenFuku?k_babaCode=32&k_raceDate=2026%2F09%2F26&k_raceNo=10
2026-09-26 20:25:00,20:24,2026-09-26,saga,10,15,馬連,3-9,135.8,135.8,27,https://www.keiba.go.jp/KeibaWeb/TodayRaceInfo/OddsUmLenFuku?k_babaCode=32&k_raceDate=2026%2F09%2F26&k_raceNo=10
2026-09-26 20:25:00,20:24,2026-09-26,saga,10,15,馬連,2-8,142.1,142.1,29,https://www.keiba.go.jp/KeibaWeb/TodayRaceInfo/OddsUmLenFuku?k_babaCode=32&k_raceDate=2026%2F09%2F26&k_raceNo=10
2026-09-26 20:25:00,20:24,2026-09-26,saga,10,15,馬連,5-11,156.7,156.7,30,https://www.keiba.go.jp/KeibaWeb/TodayRaceInfo/OddsUmLenFuku?k_babaCode=32&k_raceDate=2026%2F09%2F26&k_raceNo=10
2026-09-26 20:25:00,20:24,2026-09-26,saga,10,15,馬連,6-10,160.8,160.8,31,https://www.keiba.go.jp/KeibaWeb/TodayRaceInfo/OddsUmLenFuku?k_babaCode=32&k_raceDate=2026%2F09%2F26&k_raceNo=10
2026-09-26 20:25:00,20:24,2026-09-26,saga,10,15,馬連,4-6,165.1,165.1,32,https://www.keiba.go.jp/KeibaWeb/TodayRaceInfo/OddsUmLenFuku?k_babaCode=32&k_raceDate=2026%2F09%2F26&k_raceNo=10
2026-09-26 20:25:00,20:24,2026-09-26,saga,10,15,馬連,2-11,169.7,169.7,33,https://www.keiba.go.jp/KeibaWeb/TodayRaceInfo/OddsUmLenFuku?k_babaCode=32&k_raceDate=2026%2F09%2F26&k_raceNo=10
2026-09-26 20:25:00,20:24,2026-09-26,saga,10,15,馬連,5-7,169.7,169.7,33,https://www.keiba.go.jp/KeibaWeb/TodayRaceInfo/OddsUmLenFuku?k_babaCode=32&k_raceDate=2026%2F09%2F26&k_raceNo=10
2026-09-26 20:25:00,20:24,2026-09-26,saga,10,15,馬連,7-12,174.6,174.6,35,https://www.keiba.go.jp/KeibaWeb/TodayRaceInfo/OddsUmLenFuku?k_babaCode=32&k_raceDate=2026%2F09%2F26&k_raceNo=10
2026-09-26 20:25:00,20:24,2026-09-26,saga,10,15,馬連,2-3,179.7,179.7,36,https://www.keiba.go.jp/KeibaWeb/TodayRaceInfo/OddsUmLenFuku?k_babaCode=32&k_raceDate=2026%2F09%2F26&k_raceNo=10
2026-09-26 20:25:00,20:24,2026-09-26,saga,10,15,馬連,1-2,185.2,185.2,37,https://www.keiba.go.jp/KeibaWeb/TodayRaceInfo/OddsUmLenFuku?k_babaCode=32&k_raceDate=2026%2F09%2F26&k_raceNo=10
2026-09-26 20:25:00,20:24,2026-09-26,saga,10,15,馬連,8-10,197.1,197.1,38,https://www.keiba.go.jp/KeibaWeb/TodayRaceInfo/OddsUmLenFuku?k_babaCode=32&k_raceDate=2026%2F09%2F26&k_raceNo=10
2026-09-26 20:25:00,20:24,2026-09-26,saga,10,15,馬連,3-7,203.7,203.7,39,https://www.keiba.go.jp/KeibaWeb/TodayRaceInfo/OddsUmLenFuku?k_babaCode=32&k_raceDate=2026%2F09%2F26&k_raceNo=10
2026-09-26 20:25:00,20:24,2026-09-26,saga,10,15,馬連,4-5,218.2,218.2,40,https://www.keiba.go.jp/KeibaWeb/TodayRaceInfo/OddsUmLenFuku?k_babaCode=32&k_raceDate=2026%2F09%2F26&k_raceNo=10
2026-09-26 20:25:00,20:24,2026-09-26,saga,10,15,馬連,4-8,218.2,218.2,40,https://www.keiba.go.jp/KeibaWeb/TodayRaceInfo/OddsUmLenFuku?k_babaCode=32&k_raceDate=2026%2F09%2F26&k_raceNo=10
2026-09-26 20:25:00,20:24,2026-09-26,saga,10,15,馬連,2-5,235.0,235.0,42,https://www.keiba.go.jp/KeibaWeb/TodayRaceInfo/OddsUmLenFuku?k_babaCode=32&k_raceDate=2026%2F09%2F26&k_raceNo=10
2026-09-26 20:25:00,20:24,2026-09-26,saga,10,15,馬連,5-6,244.4,244.4,43,https://www.keiba.go.jp/KeibaWeb/TodayRaceInfo/OddsUmLenFuku?k_babaCode=32&k_raceDate=2026%2F09%2F26&k_raceNo=10
2026-09-26 20:25:00,20:24,2026-09-26,saga,10,15,馬連,6-8,254.6,254.6,44,https://www.keiba.go.jp/KeibaWeb/TodayRaceInfo/OddsUmLenFuku?k_babaCode=32&k_raceDate=2026%2F09%2F26&k_raceNo=10
2026-09-26 20:25:00,20:24,2026-09-26,saga,10,15,馬連,4-14,265.7,265.7,45,https://www.keiba.go.jp/KeibaWeb/TodayRaceInfo/OddsUmLenFuku?k_babaCode=32&k_raceDate=2026%2F09%2F26&k_raceNo=10
2026-09-26 20:25:00,20:24,2026-09-26,saga,10,15,馬連,8-14,265.7,265.7,45,https://www.keiba.go.jp/KeibaWeb/TodayRaceInfo/OddsUmLenFuku?k_babaCode=32&k_raceDate=2026%2F09%2F26&k_raceNo=10
2026-09-26 20:25:00,20:24,2026-09-26,saga,10,15,馬連,10-11,265.7,265.7,45,https://www.keiba.go.jp/KeibaWeb/TodayRaceInfo/OddsUmLenFuku?k_babaCode=32&k_raceDate=2026%2F09%2F26&k_raceNo=10
2026-09-26 20:25:00,20:24,2026-09-26,saga,10,15,馬連,10-13,277.8,277.8,48,https://www.keiba.go.jp/KeibaWeb/TodayRaceInfo/OddsUmLenFuku?k_babaCode=32&k_raceDate=2026%2F09%2F26&k_raceNo=10
2026-09-26 20:25:00,20:24,2026-09-26,saga,10,15,馬連,13-14,277.8,277.8,48,https://www.keiba.go.jp/KeibaWeb/TodayRaceInfo/OddsUmLenFuku?k_babaCode=32&k_raceDate=2026%2F09%2F26&k_raceNo=10
2026-09-26 20:25:00,20:24,2026-09-26,saga,10,15,馬連,1-6,291.0,291.0,50,https://www.keiba.go.jp/KeibaWeb/TodayRaceInfo/OddsUmLenFuku?k_babaCode=32&k_raceDate=2026%2F09%2F26&k_raceNo=10
2026-09-26 20:25:00,20:24,2026-09-26,saga,10,15,馬連,5-10,291.0,291.0,50,https://www.keiba.go.jp/KeibaWeb/TodayRaceInfo/OddsUmLenFuku?k_babaCode=32&k_raceDate=2026%2F09%2F26&k_raceNo=10
2026-09-26 20:25:00,20:24,2026-09-26,saga,10,15,馬連,5-12,291.0,291.0,50,https://www.keiba.go.jp/KeibaWeb/TodayRaceInfo/OddsUmLenFuku?k_babaCode=32&k_raceDate=2026%2F09%2F26&k_raceNo=10
2026-09-26 20:25:00,20:24,2026-09-26,saga,10,15,馬連,1-4,305.5,305.5,53,https://www.keiba.go.jp/KeibaWeb/TodayRaceInfo/OddsUmLenFuku?k_babaCode=32&k_raceDate=2026%2F09%2F26&k_raceNo=10
2026-09-26 20:25:00,20:24,2026-09-26,saga,10,15,馬連,3-5,305.5,305.5,53,https://www.keiba.go.jp/KeibaWeb/TodayRaceInfo/OddsUmLenFuku?k_babaCode=32&k_raceDate=2026%2F09%2F26&k_raceNo=10
2026-09-26 20:25:00,20:24,2026-09-26,saga,10,15,馬連,6-14,305.5,305.5,53,https://www.keiba.go.jp/KeibaWeb/TodayRaceInfo/OddsUmLenFuku?k_babaCode=32&k_raceDate=2026%2F09%2F26&k_raceNo=10
2026-09-26 20:25:00,20:24,2026-09-26,saga,10,15,馬連,1-5,321.6,321.6,56,https://www.keiba.go.jp/KeibaWeb/TodayRaceInfo/OddsUmLenFuku?k_babaCode=32&k_raceDate=2026%2F09%2F26&k_raceNo=10
2026-09-26 20:25:00,20:24,2026-09-26,saga,10,15,馬連,1-11,321.6,321.6,56,https://www.keiba.go.jp/KeibaWeb/TodayRaceInfo/OddsUmLenFuku?k_babaCode=32&k_raceDate=2026%2F09%2F26&k_raceNo=10
2026-09-26 20:25:00,20:24,2026-09-26,saga,10,15,馬連,5-14,321.6,321.6,56,https://www.keiba.go.jp/KeibaWeb/TodayRaceInfo/OddsUmLenFuku?k_babaCode=32&k_raceDate=2026%2F09%2F26&k_raceNo=10
2026-09-26 20:25:00,20:24,2026-09-26,saga,10,15,馬連,5-8,339.5,339.5,59,https://www.keiba.go.jp/KeibaWeb/TodayRaceInfo/OddsUmLenFuku?k_babaCode=32&k_raceDate=2026%2F09%2F26&k_raceNo=10
2026-09-26 20:25:00,20:24,2026-09-26,saga,10,15,馬連,11-14,339.5,339.5,59,https://www.keiba.go.jp/KeibaWeb/TodayRaceInfo/OddsUmLenFuku?k_babaCode=32&k_raceDate=2026%2F09%2F26&k_raceNo=10
2026-09-26 20:25:00,20:24,2026-09-26,saga,10,15,馬連,1-10,359.5,359.5,61,https://www.keiba.go.jp/KeibaWeb/TodayRaceInfo/OddsUmLenFuku?k_babaCode=32&k_raceDate=2026%2F09%2F26&k_raceNo=10
2026-09-26 20:25:00,20:24,2026-09-26,saga,10,15,馬連,2-12,359.5,359.5,61,https://www.keiba.go.jp/KeibaWeb/TodayRaceInfo/OddsUmLenFuku?k_babaCode=32&k_raceDate=2026%2F09%2F26&k_raceNo=10
2026-09-26 20:25:00,20:24,2026-09-26,saga,10,15,馬連,1-8,381.9,381.9,63,https://www.keiba.go.jp/KeibaWeb/TodayRaceInfo/OddsUmLenFuku?k_babaCode=32&k_raceDate=2026%2F09%2F26&k_raceNo=10
2026-09-26 20:25:00,20:24,2026-09-26,saga,10,15,馬連,5-13,381.9,381.9,63,https://www.keiba.go.jp/KeibaWeb/TodayRaceInfo/OddsUmLenFuku?k_babaCode=32&k_raceDate=2026%2F09%2F26&k_raceNo=10
2026-09-26 20:25:00,20:24,2026-09-26,saga,10,15,馬連,2-13,407.4,407.4,65,https://www.keiba.go.jp/KeibaWeb/TodayRaceInfo/OddsUmLenFuku?k_babaCode=32&k_raceDate=2026%2F09%2F26&k_raceNo=10
2026-09-26 20:25:00,20:24,2026-09-26,saga,10,15,馬連,6-11,436.5,436.5,66,https://www.keiba.go.jp/KeibaWeb/TodayRaceInfo/OddsUmLenFuku?k_babaCode=32&k_raceDate=2026%2F09%2F26&k_raceNo=10
2026-09-26 20:25:00,20:24,2026-09-26,saga,10,15,馬連,10-12,436.5,436.5,66,https://www.keiba.go.jp/KeibaWeb/TodayRaceInfo/OddsUmLenFuku?k_babaCode=32&k_raceDate=2026%2F09%2F26&k_raceNo=10
2026-09-26 20:25:00,20:24,2026-09-26,saga,10,15,馬連,11-13,436.5,436.5,66,https://www.keiba.go.jp/KeibaWeb/TodayRaceInfo/OddsUmLenFuku?k_babaCode=32&k_raceDate=2026%2F09%2F26&k_raceNo=10
2026-09-26 20:25:00,20:24,2026-09-26,saga,10,15,馬連,6-13,470.1,470.1,69,https://www.keiba.go.jp/KeibaWeb/TodayRaceInfo/OddsUmLenFuku?k_babaCode=32&k_raceDate=2026%2F09%2F26&k_raceNo=10
2026-09-26 20:25:00,20:24,2026-09-26,saga,10,15,馬連,8-11,470.1,470.1,69,https://www.keiba.go.jp/KeibaWeb/TodayRaceInfo/OddsUmLenFuku?k_babaCode=32&k_raceDate=2026%2F09%2F26&k_raceNo=10
2026-09-26 20:25:00,20:24,2026-09-26,saga,10,15,馬連,12-14,470.1,470.1,69,https://www.keiba.go.jp/KeibaWeb/TodayRaceInfo/OddsUmLenFuku?k_babaCode=32&k_raceDate=2026%2F09%2F26&k_raceNo=10
2026-09-26 20:25:00,20:24,2026-09-26,saga,10,15,馬連,1-3,509.3,509.3,72,https://www.keiba.go.jp/KeibaWeb/TodayRaceInfo/OddsUmLenFuku?k_babaCode=32&k_raceDate=2026%2F09%2F26&k_raceNo=10
2026-09-26 20:25:00,20:24,2026-09-26,saga,10,15,馬連,4-13,509.3,509.3,72,https://www.keiba.go.jp/KeibaWeb/TodayRaceInfo/OddsUmLenFuku?k_babaCode=32&k_raceDate=2026%2F09%2F26&k_raceNo=10
2026-09-26 20:25:00,20:24,2026-09-26,saga,10,15,馬連,6-12,509.3,509.3,72,https://www.keiba.go.jp/KeibaWeb/TodayRaceInfo/OddsUmLenFuku?k_babaCode=32&k_raceDate=2026%2F09%2F26&k_raceNo=10
2026-09-26 20:25:00,20:24,2026-09-26,saga,10,15,馬連,4-11,555.6,555.6,75,https://www.keiba.go.jp/KeibaWeb/TodayRaceInfo/OddsUmLenFuku?k_babaCode=32&k_raceDate=2026%2F09%2F26&k_raceNo=10
2026-09-26 20:25:00,20:24,2026-09-26,saga,10,15,馬連,1-12,611.1,611.1,76,https://www.keiba.go.jp/KeibaWeb/TodayRaceInfo/OddsUmLenFuku?k_babaCode=32&k_raceDate=2026%2F09%2F26&k_raceNo=10
2026-09-26 20:25:00,20:24,2026-09-26,saga,10,15,馬連,4-12,611.1,611.1,76,https://www.keiba.go.jp/KeibaWeb/TodayRaceInfo/OddsUmLenFuku?k_babaCode=32&k_raceDate=2026%2F09%2F26&k_raceNo=10
2026-09-26 20:25:00,20:24,2026-09-26,saga,10,15,馬連,8-12,679.0,679.0,78,https://www.keiba.go.jp/KeibaWeb/TodayRaceInfo/OddsUmLenFuku?k_babaCode=32&k_raceDate=2026%2F09%2F26&k_raceNo=10
2026-09-26 20:25:00,20:24,2026-09-26,saga,10,15,馬連,8-13,679.0,679.0,78,https://www.keiba.go.jp/KeibaWeb/TodayRaceInfo/OddsUmLenFuku?k_babaCode=32&k_raceDate=2026%2F09%2F26&k_raceNo=10
2026-09-26 20:25:00,20:24,2026-09-26,saga,10,15,馬連,3-11,763.9,763.9,80,https://www.keiba.go.jp/KeibaWeb/TodayRaceInfo/OddsUmLenFuku?k_babaCode=32&k_raceDate=2026%2F09%2F26&k_raceNo=10
2026-09-26 20:25:00,20:24,2026-09-26,saga,10,15,馬連,12-13,763.9,763.9,80,https://www.keiba.go.jp/KeibaWeb/TodayRaceInfo/OddsUmLenFuku?k_babaCode=32&k_raceDate=2026%2F09%2F26&k_raceNo=10
2026-09-26 20:25:00,20:24,2026-09-26,saga,10,15,馬連,3-6,873.1,873.1,82,https://www.keiba.go.jp/KeibaWeb/TodayRaceInfo/OddsUmLenFuku?k_babaCode=32&k_raceDate=2026%2F09%2F26&k_raceNo=10
2026-09-26 20:25:00,20:24,2026-09-26,saga,10,15,馬連,3-12,873.1,873.1,82,https://www.keiba.go.jp/KeibaWeb/TodayRaceInfo/OddsUmLenFuku?k_babaCode=32&k_raceDate=2026%2F09%2F26&k_raceNo=10
2026-09-26 20:25:00,20:24,2026-09-26,saga,10,15,馬連,11-12,873.1,873.1,82,https://www.keiba.go.jp/KeibaWeb/TodayRaceInfo/OddsUmLenFuku?k_babaCode=32&k_raceDate=2026%2F09%2F26&k_raceNo=10
2026-09-26 20:25:00,20:24,2026-09-26,saga,10,15,馬連,1-14,1018.6,1018.6,85,https://www.keiba.go.jp/KeibaWeb/TodayRaceInfo/OddsUmLenFuku?k_babaCode=32&k_raceDate=2026%2F09%2F26&k_raceNo=10
2026-09-26 20:25:00,20:24,2026-09-26,saga,10,15,馬連,3-4,1222.3,1222.3,86,https://www.keiba.go.jp/KeibaWeb/TodayRaceInfo/OddsUmLenFuku?k_babaCode=32&k_raceDate=2026%2F09%2F26&k_raceNo=10
2026-09-26 20:25:00,20:24,2026-09-26,saga,10,15,馬連,3-8,1222.3,1222.3,86,https://www.keiba.go.jp/KeibaWeb/TodayRaceInfo/OddsUmLenFuku?k_babaCode=32&k_raceDate=2026%2F09%2F26&k_raceNo=10
2026-09-26 20:25:00,20:24,2026-09-26,saga,10,15,馬連,3-10,1222.3,1222.3,86,https://www.keiba.go.jp/KeibaWeb/TodayRaceInfo/OddsUmLenFuku?k_babaCode=32&k_raceDate=2026%2F09%2F26&k_raceNo=10
2026-09-26 20:25:00,20:24,2026-09-26,saga,10,15,馬連,1-13,1527.9,1527.9,89,https://www.keiba.go.jp/KeibaWeb/TodayRaceInfo/OddsUmLenFuku?k_babaCode=32&k_raceDate=2026%2F09%2F26&k_raceNo=10
2026-09-26 20:25:00,20:24,2026-09-26,saga,10,15,馬連,3-13,1527.9,1527.9,89,https://www.keiba.go.jp/KeibaWeb/TodayRaceInfo/OddsUmLenFuku?k_babaCode=32&k_raceDate=2026%2F09%2F26&k_raceNo=10
2026-09-26 20:25:00,20:24,2026-09-26,saga,10,15,馬連,3-14,3055.8,3055.8,91,https://www.keiba.go.jp/KeibaWeb/TodayRaceInfo/OddsUmLenFuku?k_babaCode=32&k_raceDate=2026%2F09%2F26&k_raceNo=10
2026-09-26 20:25:00,20:24,2026-09-26,saga,10,15,ワイド,7-9,1.1,1.2,1,https://www.keiba.go.jp/KeibaWeb/TodayRaceInfo/OddsWide?k_babaCode=32&k_raceDate=2026%2F09%2F26&k_raceNo=10
2026-09-26 20:25:00,20:24,2026-09-26,saga,10,15,ワイド,2-7,2.8,4.2,2,https://www.keiba.go.jp/KeibaWeb/TodayRaceInfo/OddsWide?k_babaCode=32&k_raceDate=2026%2F09%2F26&k_raceNo=10
2026-09-26 20:25:00,20:24,2026-09-26,saga,10,15,ワイド,2-9,3.7,5.8,3,https://www.keiba.go.jp/KeibaWeb/TodayRaceInfo/OddsWide?k_babaCode=32&k_raceDate=2026%2F09%2F26&k_raceNo=10
2026-09-26 20:25:00,20:24,2026-09-26,saga,10,15,ワイド,7-10,4.5,6.6,4,https://www.keiba.go.jp/KeibaWeb/TodayRaceInfo/OddsWide?k_babaCode=32&k_raceDate=2026%2F09%2F26&k_raceNo=10
2026-09-26 20:25:00,20:24,2026-09-26,saga,10,15,ワイド,4-7,4.9,7.2,5,https://www.keiba.go.jp/KeibaWeb/TodayRaceInfo/OddsWide?k_babaCode=32&k_raceDate=2026%2F09%2F26&k_raceNo=10
2026-09-26 20:25:00,20:24,2026-09-26,saga,10,15,ワイド,9-10,6.5,9.9,6,https://www.keiba.go.jp/KeibaWeb/TodayRaceInfo/OddsWide?k_babaCode=32&k_raceDate=2026%2F09%2F26&k_raceNo=10
2026-09-26 20:25:00,20:24,2026-09-26,saga,10,15,ワイド,7-14,6.6,9.7,7,https://www.keiba.go.jp/KeibaWeb/TodayRaceInfo/OddsWide?k_babaCode=32&k_raceDate=2026%2F09%2F26&k_raceNo=10
2026-09-26 20:25:00,20:24,2026-09-26,saga,10,15,ワイド,6-9,7.4,10.8,8,https://www.keiba.go.jp/KeibaWeb/TodayRaceInfo/OddsWide?k_babaCode=32&k_raceDate=2026%2F09%2F26&k_raceNo=10
2026-09-26 20:25:00,20:24,2026-09-26,saga,10,15,ワイド,4-9,7.5,11.4,9,https://www.keiba.go.jp/KeibaWeb/TodayRaceInfo/OddsWide?k_babaCode=32&k_raceDate=2026%2F09%2F26&k_raceNo=10
2026-09-26 20:25:00,20:24,2026-09-26,saga,10,15,ワイド,7-11,8.1,12.0,10,https://www.keiba.go.jp/KeibaWeb/TodayRaceInfo/OddsWide?k_babaCode=32&k_raceDate=2026%2F09%2F26&k_raceNo=10
2026-09-26 20:25:00,20:24,2026-09-26,saga,10,15,ワイド,9-14,9.6,14.4,11,https://www.keiba.go.jp/KeibaWeb/TodayRaceInfo/OddsWide?k_babaCode=32&k_raceDate=2026%2F09%2F26&k_raceNo=10
2026-09-26 20:25:00,20:24,2026-09-26,saga,10,15,ワイド,2-4,10.3,11.3,12,https://www.keiba.go.jp/KeibaWeb/TodayRaceInfo/OddsWide?k_babaCode=32&k_raceDate=2026%2F09%2F26&k_raceNo=10
2026-09-26 20:25:00,20:24,2026-09-26,saga,10,15,ワイド,9-11,10.4,15.6,13,https://www.keiba.go.jp/KeibaWeb/TodayRaceInfo/OddsWide?k_babaCode=32&k_raceDate=2026%2F09%2F26&k_raceNo=10
2026-09-26 20:25:00,20:24,2026-09-26,saga,10,15,ワイド,8-9,12.4,18.3,14,https://www.keiba.go.jp/KeibaWeb/TodayRaceInfo/OddsWide?k_babaCode=32&k_raceDate=2026%2F09%2F26&k_raceNo=10
2026-09-26 20:25:00,20:24,2026-09-26,saga,10,15,ワイド,7-8,15.4,23.0,15,https://www.keiba.go.jp/KeibaWeb/TodayRaceInfo/OddsWide?k_babaCode=32&k_raceDate=2026%2F09%2F26&k_raceNo=10
2026-09-26 20:25:00,20:24,2026-09-26,saga,10,15,ワイド,2-10,17.0,18.9,16,https://www.keiba.go.jp/KeibaWeb/TodayRaceInfo/OddsWide?k_babaCode=32&k_raceDate=2026%2F09%2F26&k_raceNo=10
2026-09-26 20:25:00,20:24,2026-09-26,saga,10,15,ワイド,1-9,17.9,26.4,17,https://www.keiba.go.jp/KeibaWeb/TodayRaceInfo/OddsWide?k_babaCode=32&k_raceDate=2026%2F09%2F26&k_raceNo=10
2026-09-26 20:25:00,20:24,2026-09-26,saga,10,15,ワイド,9-13,19.0,28.1,18,https://www.keiba.go.jp/KeibaWeb/TodayRaceInfo/OddsWide?k_babaCode=32&k_raceDate=2026%2F09%2F26&k_raceNo=10
2026-09-26 20:25:00,20:24,2026-09-26,saga,10,15,ワイド,4-10,20.0,21.6,19,https://www.keiba.go.jp/KeibaWeb/TodayRaceInfo/OddsWide?k_babaCode=32&k_raceDate=2026%2F09%2F26&k_raceNo=10
2026-09-26 20:25:00,20:24,2026-09-26,saga,10,15,ワイド,7-13,20.2,30.0,20,https://www.keiba.go.jp/KeibaWeb/TodayRaceInfo/OddsWide?k_babaCode=32&k_raceDate=2026%2F09%2F26&k_raceNo=10
2026-09-26 20:25:00,20:24,2026-09-26,saga,10,15,ワイド,6-7,20.5,31.0,21,https://www.keiba.go.jp/KeibaWeb/TodayRaceInfo/OddsWide?k_babaCode=32&k_raceDate=2026%2F09%2F26&k_raceNo=10
2026-09-26 20:25:00,20:24,2026-09-26,saga,10,15,ワイド,10-14,21.0,22.5,22,https://www.keiba.go.jp/KeibaWeb/TodayRaceInfo/OddsWide?k_babaCode=32&k_raceDate=2026%2F09%2F26&k_raceNo=10
2026-09-26 20:25:00,20:24,2026-09-26,saga,10,15,ワイド,4-14,22.0,23.5,23,https://www.keiba.go.jp/KeibaWeb/TodayRaceInfo/OddsWide?k_babaCode=32&k_raceDate=2026%2F09%2F26&k_raceNo=10
2026-09-26 20:25:00,20:24,2026-09-26,saga,10,15,ワイド,9-12,22.2,32.6,24,https://www.keiba.go.jp/KeibaWeb/TodayRaceInfo/OddsWide?k_babaCode=32&k_raceDate=2026%2F09%2F26&k_raceNo=10
2026-09-26 20:25:00,20:24,2026-09-26,saga,10,15,ワイド,1-7,25.8,38.3,25,https://www.keiba.go.jp/KeibaWeb/TodayRaceInfo/OddsWide?k_babaCode=32&k_raceDate=2026%2F09%2F26&k_raceNo=10
2026-09-26 20:25:00,20:24,2026-09-26,saga,10,15,ワイド,2-14,26.4,29.0,26,https://www.keiba.go.jp/KeibaWeb/TodayRaceInfo/OddsWide?k_babaCode=32&k_raceDate=2026%2F09%2F26&k_raceNo=10
2026-09-26 20:25:00,20:24,2026-09-26,saga,10,15,ワイド,2-6,28.9,31.0,27,https://www.keiba.go.jp/KeibaWeb/TodayRaceInfo/OddsWide?k_babaCode=32&k_raceDate=2026%2F09%2F26&k_raceNo=10
2026-09-26 20:25:00,20:24,2026-09-26,saga,10,15,ワイド,5-9,29.4,43.3,28,https://www.keiba.go.jp/KeibaWeb/TodayRaceInfo/OddsWide?k_babaCode=32&k_raceDate=2026%2F09%2F26&k_raceNo=10
2026-09-26 20:25:00,20:24,2026-09-26,saga,10,15,ワイド,2-8,40.8,44.0,29,https://www.keiba.go.jp/KeibaWeb/TodayRaceInfo/OddsWide?k_babaCode=32&k_raceDate=2026%2F09%2F26&k_raceNo=10
2026-09-26 20:25:00,20:24,2026-09-26,saga,10,15,ワイド,5-7,41.7,61.7,30,https://www.keiba.go.jp/KeibaWeb/TodayRaceInfo/OddsWide?k_babaCode=32&k_raceDate=2026%2F09%2F26&k_raceNo=10
2026-09-26 20:25:00,20:24,2026-09-26,saga,10,15,ワイド,2-11,43.2,47.2,31,https://www.keiba.go.jp/KeibaWeb/TodayRaceInfo/OddsWide?k_babaCode=32&k_raceDate=2026%2F09%2F26&k_raceNo=10
2026-09-26 20:25:00,20:24,2026-09-26,saga,10,15,ワイド,4-6,43.6,45.6,32,https://www.keiba.go.jp/KeibaWeb/TodayRaceInfo/OddsWide?k_babaCode=32&k_raceDate=2026%2F09%2F26&k_raceNo=10
2026-09-26 20:25:00,20:24,2026-09-26,saga,10,15,ワイド,6-10,44.2,46.4,33,https://www.keiba.go.jp/KeibaWeb/TodayRaceInfo/OddsWide?k_babaCode=32&k_raceDate=2026%2F09%2F26&k_raceNo=10
2026-09-26 20:25:00,20:24,2026-09-26,saga,10,15,ワイド,8-10,46.6,49.1,34,https://www.keiba.go.jp/KeibaWeb/TodayRaceInfo/OddsWide?k_babaCode=32&k_raceDate=2026%2F09%2F26&k_raceNo=10
2026-09-26 20:25:00,20:24,2026-09-26,saga,10,15,ワイド,1-2,47.4,50.9,35,https://www.keiba.go.jp/KeibaWeb/TodayRaceInfo/OddsWide?k_babaCode=32&k_raceDate=2026%2F09%2F26&k_raceNo=10
2026-09-26 20:25:00,20:24,2026-09-26,saga,10,15,ワイド,3-7,48.7,71.9,36,https://www.keiba.go.jp/KeibaWeb/TodayRaceInfo/OddsWide?k_babaCode=32&k_raceDate=2026%2F09%2F26&k_raceNo=10
2026-09-26 20:25:00,20:24,2026-09-26,saga,10,15,ワイド,10-13,49.6,52.0,37,https://www.keiba.go.jp/KeibaWeb/TodayRaceInfo/OddsWide?k_babaCode=32&k_raceDate=2026%2F09%2F26&k_raceNo=10
2026-09-26 20:25:00,20:24,2026-09-26,saga,10,15,ワイド,4-11,50.1,53.1,38,https://www.keiba.go.jp/KeibaWeb/TodayRaceInfo/OddsWide?k_babaCode=32&k_raceDate=2026%2F09%2F26&k_raceNo=10
2026-09-26 20:25:00,20:24,2026-09-26,saga,10,15,ワイド,6-11,52.1,54.1,39,https://www.keiba.go.jp/KeibaWeb/TodayRaceInfo/OddsWide?k_babaCode=32&k_raceDate=2026%2F09%2F26&k_raceNo=10
2026-09-26 20:25:00,20:24,2026-09-26,saga,10,15,ワイド,11-14,52.7,55.3,40,https://www.keiba.go.jp/KeibaWeb/TodayRaceInfo/OddsWide?k_babaCode=32&k_raceDate=2026%2F09%2F26&k_raceNo=10
2026-09-26 20:25:00,20:24,2026-09-26,saga,10,15,ワイド,10-11,53.1,56.5,41,https://www.keiba.go.jp/KeibaWeb/TodayRaceInfo/OddsWide?k_babaCode=32&k_raceDate=2026%2F09%2F26&k_raceNo=10
2026-09-26 20:25:00,20:24,2026-09-26,saga,10,15,ワイド,3-9,56.5,83.1,42,https://www.keiba.go.jp/KeibaWeb/TodayRaceInfo/OddsWide?k_babaCode=32&k_raceDate=2026%2F09%2F26&k_raceNo=10
2026-09-26 20:25:00,20:24,2026-09-26,saga,10,15,ワイド,6-14,62.3,64.8,43,https://www.keiba.go.jp/KeibaWeb/TodayRaceInfo/OddsWide?k_babaCode=32&k_raceDate=2026%2F09%2F26&k_raceNo=10
2026-09-26 20:25:00,20:24,2026-09-26,saga,10,15,ワイド,2-3,63.6,68.2,44,https://www.keiba.go.jp/KeibaWeb/TodayRaceInfo/OddsWide?k_babaCode=32&k_raceDate=2026%2F09%2F26&k_raceNo=10
2026-09-26 20:25:00,20:24,2026-09-26,saga,10,15,ワイド,4-8,66.9,70.1,45,https://www.keiba.go.jp/KeibaWeb/TodayRaceInfo/OddsWide?k_babaCode=32&k_raceDate=2026%2F09%2F26&k_raceNo=10
2026-09-26 20:25:00,20:24,2026-09-26,saga,10,15,ワイド,8-14,67.6,70.1,46,https://www.keiba.go.jp/KeibaWeb/TodayRaceInfo/OddsWide?k_babaCode=32&k_raceDate=2026%2F09%2F26&k_raceNo=10
2026-09-26 20:25:00,20:24,2026-09-26,saga,10,15,ワイド,2-13,70.7,76.1,47,https://www.keiba.go.jp/KeibaWeb/TodayRaceInfo/OddsWide?k_babaCode=32&k_raceDate=2026%2F09%2F26&k_raceNo=10
2026-09-26 20:25:00,20:24,2026-09-26,saga,10,15,ワイド,7-12,72.3,107.6,48,https://www.keiba.go.jp/KeibaWeb/TodayRaceInfo/OddsWide?k_babaCode=32&k_raceDate=2026%2F09%2F26&k_raceNo=10
2026-09-26 20:25:00,20:24,2026-09-26,saga,10,15,ワイド,4-13,73.0,76.2,49,https://www.keiba.go.jp/KeibaWeb/TodayRaceInfo/OddsWide?k_babaCode=32&k_raceDate=2026%2F09%2F26&k_raceNo=10
2026-09-26 20:25:00,20:24,2026-09-26,saga,10,15,ワイド,11-13,74.1,76.3,50,https://www.keiba.go.jp/KeibaWeb/TodayRaceInfo/OddsWide?k_babaCode=32&k_raceDate=2026%2F09%2F26&k_raceNo=10
2026-09-26 20:25:00,20:24,2026-09-26,saga,10,15,ワイド,6-8,75.7,78.4,51,https://www.keiba.go.jp/KeibaWeb/TodayRaceInfo/OddsWide?k_babaCode=32&k_raceDate=2026%2F09%2F26&k_raceNo=10
2026-09-26 20:25:00,20:24,2026-09-26,saga,10,15,ワイド,2-5,77.8,83.4,52,https://www.keiba.go.jp/KeibaWeb/TodayRaceInfo/OddsWide?k_babaCode=32&k_raceDate=2026%2F09%2F26&k_raceNo=10
2026-09-26 20:25:00,20:24,2026-09-26,saga,10,15,ワイド,1-8,87.4,89.3,53,https://www.keiba.go.jp/KeibaWeb/TodayRaceInfo/OddsWide?k_babaCode=32&k_raceDate=2026%2F09%2F26&k_raceNo=10
2026-09-26 20:25:00,20:24,2026-09-26,saga,10,15,ワイド,1-4,88.7,92.5,54,https://www.keiba.go.jp/KeibaWeb/TodayRaceInfo/OddsWide?k_babaCode=32&k_raceDate=2026%2F09%2F26&k_raceNo=10
2026-09-26 20:25:00,20:24,2026-09-26,saga,10,15,ワイド,1-14,89.5,92.5,55,https://www.keiba.go.jp/KeibaWeb/TodayRaceInfo/OddsWide?k_babaCode=32&k_raceDate=2026%2F09%2F26&k_raceNo=10
2026-09-26 20:25:00,20:24,2026-09-26,saga,10,15,ワイド,3-6,90.2,92.4,56,https://www.keiba.go.jp/KeibaWeb/TodayRaceInfo/OddsWide?k_babaCode=32&k_raceDate=2026%2F09%2F26&k_raceNo=10
2026-09-26 20:25:00,20:24,2026-09-26,saga,10,15,ワイド,5-6,93.2,95.8,57,https://www.keiba.go.jp/KeibaWeb/TodayRaceInfo/OddsWide?k_babaCode=32&k_raceDate=2026%2F09%2F26&k_raceNo=10
2026-09-26 20:25:00,20:24,2026-09-26,saga,10,15,ワイド,2-12,100.6,107.5,58,https://www.keiba.go.jp/KeibaWeb/TodayRaceInfo/OddsWide?k_babaCode=32&k_raceDate=2026%2F09%2F26&k_raceNo=10
2026-09-26 20:25:00,20:24,2026-09-26,saga,10,15,ワイド,11-12,101.2,103.6,59,https://www.keiba.go.jp/KeibaWeb/TodayRaceInfo/OddsWide?k_babaCode=32&k_raceDate=2026%2F09%2F26&k_raceNo=10
2026-09-26 20:25:00,20:24,2026-09-26,saga,10,15,ワイド,1-10,102.9,107.8,60,https://www.keiba.go.jp/KeibaWeb/TodayRaceInfo/OddsWide?k_babaCode=32&k_raceDate=2026%2F09%2F26&k_raceNo=10
2026-09-26 20:25:00,20:24,2026-09-26,saga,10,15,ワイド,6-13,109.0,112.4,61,https://www.keiba.go.jp/KeibaWeb/TodayRaceInfo/OddsWide?k_babaCode=32&k_raceDate=2026%2F09%2F26&k_raceNo=10
2026-09-26 20:25:00,20:24,2026-09-26,saga,10,15,ワイド,4-12,118.6,123.2,62,https://www.keiba.go.jp/KeibaWeb/TodayRaceInfo/OddsWide?k_babaCode=32&k_raceDate=2026%2F09%2F26&k_raceNo=10
2026-09-26 20:25:00,20:24,2026-09-26,saga,10,15,ワイド,13-14,119.0,123.2,63,https://www.keiba.go.jp/KeibaWeb/TodayRaceInfo/OddsWide?k_babaCode=32&k_raceDate=2026%2F09%2F26&k_raceNo=10
2026-09-26 20:25:00,20:24,2026-09-26,saga,10,15,ワイド,12-14,119.8,123.2,64,https://www.keiba.go.jp/KeibaWeb/TodayRaceInfo/OddsWide?k_babaCode=32&k_raceDate=2026%2F09%2F26&k_raceNo=10
2026-09-26 20:25:00,20:24,2026-09-26,saga,10,15,ワイド,8-12,120.7,123.2,65,https://www.keiba.go.jp/KeibaWeb/TodayRaceInfo/OddsWide?k_babaCode=32&k_raceDate=2026%2F09%2F26&k_raceNo=10
2026-09-26 20:25:00,20:24,2026-09-26,saga,10,15,ワイド,4-5,124.3,129.2,66,https://www.keiba.go.jp/KeibaWeb/TodayRaceInfo/OddsWide?k_babaCode=32&k_raceDate=2026%2F09%2F26&k_raceNo=10
2026-09-26 20:25:00,20:24,2026-09-26,saga,10,15,ワイド,6-12,125.4,129.1,67,https://www.keiba.go.jp/KeibaWeb/TodayRaceInfo/OddsWide?k_babaCode=32&k_raceDate=2026%2F09%2F26&k_raceNo=10
2026-09-26 20:25:00,20:24,2026-09-26,saga,10,15,ワイド,1-11,125.9,129.4,68,https://www.keiba.go.jp/KeibaWeb/TodayRaceInfo/OddsWide?k_babaCode=32&k_raceDate=2026%2F09%2F26&k_raceNo=10
2026-09-26 20:25:00,20:24,2026-09-26,saga,10,15,ワイド,8-11,131.9,136.2,69,https://www.keiba.go.jp/KeibaWeb/TodayRaceInfo/OddsWide?k_babaCode=32&k_raceDate=2026%2F09%2F26&k_raceNo=10
2026-09-26 20:25:00,20:24,2026-09-26,saga,10,15,ワイド,10-12,137.7,143.6,70,https://www.keiba.go.jp/KeibaWeb/TodayRaceInfo/OddsWide?k_babaCode=32&k_raceDate=2026%2F09%2F26&k_raceNo=10
2026-09-26 20:25:00,20:24,2026-09-26,saga,10,15,ワイド,5-14,139.4,143.6,71,https://www.keiba.go.jp/KeibaWeb/TodayRaceInfo/OddsWide?k_babaCode=32&k_raceDate=2026%2F09%2F26&k_raceNo=10
2026-09-26 20:25:00,20:24,2026-09-26,saga,10,15,ワイド,5-10,154.6,161.4,72,https://www.keiba.go.jp/KeibaWeb/TodayRaceInfo/OddsWide?k_babaCode=32&k_raceDate=2026%2F09%2F26&k_raceNo=10
2026-09-26 20:25:00,20:24,2026-09-26,saga,10,15,ワイド,1-12,159.0,161.6,73,https://www.keiba.go.jp/KeibaWeb/TodayRaceInfo/OddsWide?k_babaCode=32&k_raceDate=2026%2F09%2F26&k_raceNo=10
2026-09-26 20:25:00,20:24,2026-09-26,saga,10,15,ワイド,12-13,159.1,161.5,74,https://www.keiba.go.jp/KeibaWeb/TodayRaceInfo/OddsWide?k_babaCode=32&k_raceDate=2026%2F09%2F26&k_raceNo=10
2026-09-26 20:25:00,20:24,2026-09-26,saga,10,15,ワイド,5-12,159.6,161.5,75,https://www.keiba.go.jp/KeibaWeb/TodayRaceInfo/OddsWide?k_babaCode=32&k_raceDate=2026%2F09%2F26&k_raceNo=10
2026-09-26 20:25:00,20:24,2026-09-26,saga,10,15,ワイド,1-6,166.8,172.0,76,https://www.keiba.go.jp/KeibaWeb/TodayRaceInfo/OddsWide?k_babaCode=32&k_raceDate=2026%2F09%2F26&k_raceNo=10
2026-09-26 20:25:00,20:24,2026-09-26,saga,10,15,ワイド,8-13,168.6,172.3,77,https://www.keiba.go.jp/KeibaWeb/TodayRaceInfo/OddsWide?k_babaCode=32&k_raceDate=2026%2F09%2F26&k_raceNo=10
2026-09-26 20:25:00,20:24,2026-09-26,saga,10,15,ワイド,3-5,171.0,172.3,78,https://www.keiba.go.jp/KeibaWeb/TodayRaceInfo/OddsWide?k_babaCode=32&k_raceDate=2026%2F09%2F26&k_raceNo=10
2026-09-26 20:25:00,20:24,2026-09-26,saga,10,15,ワイド,5-8,181.2,184.5,79,https://www.keiba.go.jp/KeibaWeb/TodayRaceInfo/OddsWide?k_babaCode=32&k_raceDate=2026%2F09%2F26&k_raceNo=10
2026-09-26 20:25:00,20:24,2026-09-26,saga,10,15,ワイド,1-5,196.0,198.7,80,https://www.keiba.go.jp/KeibaWeb/TodayRaceInfo/OddsWide?k_babaCode=32&k_raceDate=2026%2F09%2F26&k_raceNo=10
2026-09-26 20:25:00,20:24,2026-09-26,saga,10,15,ワイド,3-10,224.8,234.6,81,https://www.keiba.go.jp/KeibaWeb/TodayRaceInfo/OddsWide?k_babaCode=32&k_raceDate=2026%2F09%2F26&k_raceNo=10
2026-09-26 20:25:00,20:24,2026-09-26,saga,10,15,ワイド,3-4,225.7,234.5,82,https://www.keiba.go.jp/KeibaWeb/TodayRaceInfo/OddsWide?k_babaCode=32&k_raceDate=2026%2F09%2F26&k_raceNo=10
2026-09-26 20:25:00,20:24,2026-09-26,saga,10,15,ワイド,5-11,252.0,258.1,83,https://www.keiba.go.jp/KeibaWeb/TodayRaceInfo/OddsWide?k_babaCode=32&k_raceDate=2026%2F09%2F26&k_raceNo=10
2026-09-26 20:25:00,20:24,2026-09-26,saga,10,15,ワイド,3-13,255.5,258.2,84,https://www.keiba.go.jp/KeibaWeb/TodayRaceInfo/OddsWide?k_babaCode=32&k_raceDate=2026%2F09%2F26&k_raceNo=10
2026-09-26 20:25:00,20:24,2026-09-26,saga,10,15,ワイド,5-13,283.0,286.7,85,https://www.keiba.go.jp/KeibaWeb/TodayRaceInfo/OddsWide?k_babaCode=32&k_raceDate=2026%2F09%2F26&k_raceNo=10
2026-09-26 20:25:00,20:24,2026-09-26,saga,10,15,ワイド,1-13,317.1,322.5,86,https://www.keiba.go.jp/KeibaWeb/TodayRaceInfo/OddsWide?k_babaCode=32&k_raceDate=2026%2F09%2F26&k_raceNo=10
2026-09-26 20:25:00,20:24,2026-09-26,saga,10,15,ワイド,1-3,319.0,322.5,87,https://www.keiba.go.jp/KeibaWeb/TodayRaceInfo/OddsWide?k_babaCode=32&k_raceDate=2026%2F09%2F26&k_raceNo=10
2026-09-26 20:25:00,20:24,2026-09-26,saga,10,15,ワイド,3-12,426.0,429.7,88,https://www.keiba.go.jp/KeibaWeb/TodayRaceInfo/OddsWide?k_babaCode=32&k_raceDate=2026%2F09%2F26&k_raceNo=10
2026-09-26 20:25:00,20:24,2026-09-26,saga,10,15,ワイド,3-14,501.0,515.4,89,https://www.keiba.go.jp/KeibaWeb/TodayRaceInfo/OddsWide?k_babaCode=32&k_raceDate=2026%2F09%2F26&k_raceNo=10
2026-09-26 20:25:00,20:24,2026-09-26,saga,10,15,ワイド,3-8,508.0,515.6,90,https://www.keiba.go.jp/KeibaWeb/TodayRaceInfo/OddsWide?k_babaCode=32&k_raceDate=2026%2F09%2F26&k_raceNo=10
2026-09-26 20:25:00,20:24,2026-09-26,saga,10,15,ワイド,3-11,839.4,858.9,91,https://www.keiba.go.jp/KeibaWeb/TodayRaceInfo/OddsWide?k_babaCode=32&k_raceDate=2026%2F09%2F26&k_raceNo=10
2026-09-26 20:25:00,20:24,2026-09-26,saga,10,15,三連複,2-7-9,5.2,5.2,1,https://www.keiba.go.jp/KeibaWeb/TodayRaceInfo/Odds3LenFuku?k_babaCode=32&k_raceDate=2026%2F09%2F26&k_raceNo=10
2026-09-26 20:25:00,20:24,2026-09-26,saga,10,15,三連複,7-9-10,7.6,7.6,2,https://www.keiba.go.jp/KeibaWeb/TodayRaceInfo/Odds3LenFuku?k_babaCode=32&k_raceDate=2026%2F09%2F26&k_raceNo=10
2026-09-26 20:25:00,20:24,2026-09-26,saga,10,15,三連複,4-7-9,13.3,13.3,3,https://www.keiba.go.jp/KeibaWeb/TodayRaceInfo/Odds3LenFuku?k_babaCode=32&k_raceDate=2026%2F09%2F26&k_raceNo=10
2026-09-26 20:25:00,20:24,2026-09-26,saga,10,15,三連複,7-9-14,13.8,13.8,4,https://www.keiba.go.jp/KeibaWeb/TodayRaceInfo/Odds3LenFuku?k_babaCode=32&k_raceDate=2026%2F09%2F26&k_raceNo=10
2026-09-26 20:25:00,20:24,2026-09-26,saga,10,15,三連複,7-8-9,19.6,19.6,5,https://www.keiba.go.jp/KeibaWeb/TodayRaceInfo/Odds3LenFuku?k_babaCode=32&k_raceDate=2026%2F09%2F26&k_raceNo=10
2026-09-26 20:25:00,20:24,2026-09-26,saga,10,15,三連複,6-7-9,23.9,23.9,6,https://www.keiba.go.jp/KeibaWeb/TodayRaceInfo/Odds3LenFuku?k_babaCode=32&k_raceDate=2026%2F09%2F26&k_raceNo=10
2026-09-26 20:25:00,20:24,2026-09-26,saga,10,15,三連複,7-9-11,26.0,26.0,7,https://www.keiba.go.jp/KeibaWeb/TodayRaceInfo/Odds3LenFuku?k_babaCode=32&k_raceDate=2026%2F09%2F26&k_raceNo=10
2026-09-26 20:25:00,20:24,2026-09-26,saga,10,15,三連複,2-7-10,27.2,27.2,8,https://www.keiba.go.jp/KeibaWeb/TodayRaceInfo/Odds3LenFuku?k_babaCode=32&k_raceDate=2026%2F09%2F26&k_raceNo=10
2026-09-26 20:25:00,20:24,2026-09-26,saga,10,15,三連複,7-9-13,31.3,31.3,9,https://www.keiba.go.jp/KeibaWeb/TodayRaceInfo/Odds3LenFuku?k_babaCode=32&k_raceDate=2026%2F09%2F26&k_raceNo=10
2026-09-26 20:25:00,20:24,2026-09-26,saga,10,15,三連複,2-9-10,41.3,41.3,10,https://www.keiba.go.jp/KeibaWeb/TodayRaceInfo/Odds3LenFuku?k_babaCode=32&k_raceDate=2026%2F09%2F26&k_raceNo=10
2026-09-26 20:25:00,20:24,2026-09-26,saga,10,15,三連複,1-7-9,42.6,42.6,11,https://www.keiba.go.jp/KeibaWeb/TodayRaceInfo/Odds3LenFuku?k_babaCode=32&k_raceDate=2026%2F09%2F26&k_raceNo=10
2026-09-26 20:25:00,20:24,2026-09-26,saga,10,15,三連複,2-4-7,44.4,44.4,12,https://www.keiba.go.jp/KeibaWeb/TodayRaceInfo/Odds3LenFuku?k_babaCode=32&k_raceDate=2026%2F09%2F26&k_raceNo=10
2026-09-26 20:25:00,20:24,2026-09-26,saga,10,15,三連複,2-4-9,47.1,47.1,13,https://www.keiba.go.jp/KeibaWeb/TodayRaceInfo/Odds3LenFuku?k_babaCode=32&k_raceDate=2026%2F09%2F26&k_raceNo=10
2026-09-26 20:25:00,20:24,2026-09-26,saga,10,15,三連複,2-7-14,51.2,51.2,14,https://www.keiba.go.jp/KeibaWeb/TodayRaceInfo/Odds3LenFuku?k_babaCode=32&k_raceDate=2026%2F09%2F26&k_raceNo=10
2026-09-26 20:25:00,20:24,2026-09-26,saga,10,15,三連複,2-7-11,56.1,56.1,15,https://www.keiba.go.jp/KeibaWeb/TodayRaceInfo/Odds3LenFuku?k_babaCode=32&k_raceDate=2026%2F09%2F26&k_raceNo=10
2026-09-26 20:25:00,20:24,2026-09-26,saga,10,15,三連複,2-9-14,56.5,56.5,16,https://www.keiba.go.jp/KeibaWeb/TodayRaceInfo/Odds3LenFuku?k_babaCode=32&k_raceDate=2026%2F09%2F26&k_raceNo=10
2026-09-26 20:25:00,20:24,2026-09-26,saga,10,15,三連複,2-6-7,59.5,59.5,17,https://www.keiba.go.jp/KeibaWeb/TodayRaceInfo/Odds3LenFuku?k_babaCode=32&k_raceDate=2026%2F09%2F26&k_raceNo=10
2026-09-26 20:25:00,20:24,2026-09-26,saga,10,15,三連複,4-7-10,66.5,66.5,18,https://www.keiba.go.jp/KeibaWeb/TodayRaceInfo/Odds3LenFuku?k_babaCode=32&k_raceDate=2026%2F09%2F26&k_raceNo=10
2026-09-26 20:25:00,20:24,2026-09-26,saga,10,15,三連複,7-10-14,73.3,73.3,19,https://www.keiba.go.jp/KeibaWeb/TodayRaceInfo/Odds3LenFuku?k_babaCode=32&k_raceDate=2026%2F09%2F26&k_raceNo=10
2026-09-26 20:25:00,20:24,2026-09-26,saga,10,15,三連複,7-9-12,75.8,75.8,20,https://www.keiba.go.jp/KeibaWeb/TodayRaceInfo/Odds3LenFuku?k_babaCode=32&k_raceDate=2026%2F09%2F26&k_raceNo=10
2026-09-26 20:25:00,20:24,2026-09-26,saga,10,15,三連複,5-7-9,77.1,77.1,21,https://www.keiba.go.jp/KeibaWeb/TodayRaceInfo/Odds3LenFuku?k_babaCode=32&k_raceDate=2026%2F09%2F26&k_raceNo=10
2026-09-26 20:25:00,20:24,2026-09-26,saga,10,15,三連複,2-6-9,80.1,80.1,22,https://www.keiba.go.jp/KeibaWeb/TodayRaceInfo/Odds3LenFuku?k_babaCode=32&k_raceDate=2026%2F09%2F26&k_raceNo=10
2026-09-26 20:25:00,20:24,2026-09-26,saga,10,15,三連複,4-9-10,83.4,83.4,23,https://www.keiba.go.jp/KeibaWeb/TodayRaceInfo/Odds3LenFuku?k_babaCode=32&k_raceDate=2026%2F09%2F26&k_raceNo=10
2026-09-26 20:25:00,20:24,2026-09-26,saga,10,15,三連複,2-7-8,92.0,92.0,24,https://www.keiba.go.jp/KeibaWeb/TodayRaceInfo/Odds3LenFuku?k_babaCode=32&k_raceDate=2026%2F09%2F26&k_raceNo=10
2026-09-26 20:25:00,20:24,2026-09-26,saga,10,15,三連複,9-10-14,92.8,92.8,25,https://www.keiba.go.jp/KeibaWeb/TodayRaceInfo/Odds3LenFuku?k_babaCode=32&k_raceDate=2026%2F09%2F26&k_raceNo=10
2026-09-26 20:25:00,20:24,2026-09-26,saga,10,15,三連複,6-7-10,94.0,94.0,26,https://www.keiba.go.jp/KeibaWeb/TodayRaceInfo/Odds3LenFuku?k_babaCode=32&k_raceDate=2026%2F09%2F26&k_raceNo=10
2026-09-26 20:25:00,20:24,2026-09-26,saga,10,15,三連複,7-8-10,97.3,97.3,27,https://www.keiba.go.jp/KeibaWeb/TodayRaceInfo/Odds3LenFuku?k_babaCode=32&k_raceDate=2026%2F09%2F26&k_raceNo=10
2026-09-26 20:25:00,20:24,2026-09-26,saga,10,15,三連複,4-7-14,98.6,98.6,28,https://www.keiba.go.jp/KeibaWeb/TodayRaceInfo/Odds3LenFuku?k_babaCode=32&k_raceDate=2026%2F09%2F26&k_raceNo=10
2026-09-26 20:25:00,20:24,2026-09-26,saga,10,15,三連複,2-8-9,100.3,100.3,29,https://www.keiba.go.jp/KeibaWeb/TodayRaceInfo/Odds3LenFuku?k_babaCode=32&k_raceDate=2026%2F09%2F26&k_raceNo=10
2026-09-26 20:25:00,20:24,2026-09-26,saga,10,15,三連複,2-9-11,108.7,108.7,30,https://www.keiba.go.jp/KeibaWeb/TodayRaceInfo/Odds3LenFuku?k_babaCode=32&k_raceDate=2026%2F09%2F26&k_raceNo=10
2026-09-26 20:25:00,20:24,2026-09-26,saga,10,15,三連複,4-9-14,108.7,108.7,30,https://www.keiba.go.jp/KeibaWeb/TodayRaceInfo/Odds3LenFuku?k_babaCode=32&k_raceDate=2026%2F09%2F26&k_raceNo=10
2026-09-26 20:25:00,20:24,2026-09-26,saga,10,15,三連複,8-9-10,117.2,117.2,32,https://www.keiba.go.jp/KeibaWeb/TodayRaceInfo/Odds3LenFuku?k_babaCode=32&k_raceDate=2026%2F09%2F26&k_raceNo=10
2026-09-26 20:25:00,20:24,2026-09-26,saga,10,15,三連複,3-7-9,134.2,134.2,33,https://www.keiba.go.jp/KeibaWeb/TodayRaceInfo/Odds3LenFuku?k_babaCode=32&k_raceDate=2026%2F09%2F26&k_raceNo=10
2026-09-26 20:25:00,20:24,2026-09-26,saga,10,15,三連複,4-6-7,142.8,142.8,34,https://www.keiba.go.jp/KeibaWeb/TodayRaceInfo/Odds3LenFuku?k_babaCode=32&k_raceDate=2026%2F09%2F26&k_raceNo=10
2026-09-26 20:25:00,20:24,2026-09-26,saga,10,15,三連複,1-2-7,153.7,153.7,35,https://www.keiba.go.jp/KeibaWeb/TodayRaceInfo/Odds3LenFuku?k_babaCode=32&k_raceDate=2026%2F09%2F26&k_raceNo=10
2026-09-26 20:25:00,20:24,2026-09-26,saga,10,15,三連複,6-9-10,153.7,153.7,35,https://www.keiba.go.jp/KeibaWeb/TodayRaceInfo/Odds3LenFuku?k_babaCode=32&k_raceDate=2026%2F09%2F26&k_raceNo=10
2026-09-26 20:25:00,20:24,2026-09-26,saga,10,15,三連複,1-2-9,154.7,154.7,37,https://www.keiba.go.jp/KeibaWeb/TodayRaceInfo/Odds3LenFuku?k_babaCode=32&k_raceDate=2026%2F09%2F26&k_raceNo=10
2026-09-26 20:25:00,20:24,2026-09-26,saga,10,15,三連複,6-7-14,159.1,159.1,38,https://www.keiba.go.jp/KeibaWeb/TodayRaceInfo/Odds3LenFuku?k_babaCode=32&k_raceDate=2026%2F09%2F26&k_raceNo=10
2026-09-26 20:25:00,20:24,2026-09-26,saga,10,15,三連複,7-10-11,176.8,176.8,39,https://www.keiba.go.jp/KeibaWeb/TodayRaceInfo/Odds3LenFuku?k_babaCode=32&k_raceDate=2026%2F09%2F26&k_raceNo=10
2026-09-26 20:25:00,20:24,2026-09-26,saga,10,15,三連複,6-7-8,182.6,182.6,40,https://www.keiba.go.jp/KeibaWeb/TodayRaceInfo/Odds3LenFuku?k_babaCode=32&k_raceDate=2026%2F09%2F26&k_raceNo=10
2026-09-26 20:25:00,20:24,2026-09-26,saga,10,15,三連複,9-10-11,184.1,184.1,41,https://www.keiba.go.jp/KeibaWeb/TodayRaceInfo/Odds3LenFuku?k_babaCode=32&k_raceDate=2026%2F09%2F26&k_raceNo=10
2026-09-26 20:25:00,20:24,2026-09-26,saga,10,15,三連複,4-6-9,192.1,192.1,42,https://www.keiba.go.jp/KeibaWeb/TodayRaceInfo/Odds3LenFuku?k_babaCode=32&k_raceDate=2026%2F09%2F26&k_raceNo=10
2026-09-26 20:25:00,20:24,2026-09-26,saga,10,15,三連複,2-7-13,200.7,200.7,43,https://www.keiba.go.jp/KeibaWeb/TodayRaceInfo/Odds3LenFuku?k_babaCode=32&k_raceDate=2026%2F09%2F26&k_raceNo=10
2026-09-26 20:25:00,20:24,2026-09-26,saga,10,15,三連複,4-7-11,202.6,202.6,44,https://www.keiba.go.jp/KeibaWeb/TodayRaceInfo/Odds3LenFuku?k_babaCode=32&k_raceDate=2026%2F09%2F26&k_raceNo=10
2026-09-26 20:25:00,20:24,2026-09-26,saga,10,15,三連複,6-9-14,208.2,208.2,45,https://www.keiba.go.jp/KeibaWeb/TodayRaceInfo/Odds3LenFuku?k_babaCode=32&k_raceDate=2026%2F09%2F26&k_raceNo=10
2026-09-26 20:25:00,20:24,2026-09-26,saga,10,15,三連複,2-9-13,220.6,220.6,46,https://www.keiba.go.jp/KeibaWeb/TodayRaceInfo/Odds3LenFuku?k_babaCode=32&k_raceDate=2026%2F09%2F26&k_raceNo=10
2026-09-26 20:25:00,20:24,2026-09-26,saga,10,15,三連複,2-4-10,237.0,237.0,47,https://www.keiba.go.jp/KeibaWeb/TodayRaceInfo/Odds3LenFuku?k_babaCode=32&k_raceDate=2026%2F09%2F26&k_raceNo=10
2026-09-26 20:25:00,20:24,2026-09-26,saga,10,15,三連複,7-10-13,242.2,242.2,48,https://www.keiba.go.jp/KeibaWeb/TodayRaceInfo/Odds3LenFuku?k_babaCode=32&k_raceDate=2026%2F09%2F26&k_raceNo=10
2026-09-26 20:25:00,20:24,2026-09-26,saga,10,15,三連複,2-5-9,244.9,244.9,49,https://www.keiba.go.jp/KeibaWeb/TodayRaceInfo/Odds3LenFuku?k_babaCode=32&k_raceDate=2026%2F09%2F26&k_raceNo=10
2026-09-26 20:25:00,20:24,2026-09-26,saga,10,15,三連複,4-8-9,259.1,259.1,50,https://www.keiba.go.jp/KeibaWeb/TodayRaceInfo/Odds3LenFuku?k_babaCode=32&k_raceDate=2026%2F09%2F26&k_raceNo=10
2026-09-26 20:25:00,20:24,2026-09-26,saga,10,15,三連複,2-5-7,265.3,265.3,51,https://www.keiba.go.jp/KeibaWeb/TodayRaceInfo/Odds3LenFuku?k_babaCode=32&k_raceDate=2026%2F09%2F26&k_raceNo=10
2026-09-26 20:25:00,20:24,2026-09-26,saga,10,15,三連複,4-9-11,265.3,265.3,51,https://www.keiba.go.jp/KeibaWeb/TodayRaceInfo/Odds3LenFuku?k_babaCode=32&k_raceDate=2026%2F09%2F26&k_raceNo=10
2026-09-26 20:25:00,20:24,2026-09-26,saga,10,15,三連複,2-7-12,282.1,282.1,53,https://www.keiba.go.jp/KeibaWeb/TodayRaceInfo/Odds3LenFuku?k_babaCode=32&k_raceDate=2026%2F09%2F26&k_raceNo=10
2026-09-26 20:25:00,20:24,2026-09-26,saga,10,15,三連複,9-10-13,282.1,282.1,53,https://www.keiba.go.jp/KeibaWeb/TodayRaceInfo/Odds3LenFuku?k_babaCode=32&k_raceDate=2026%2F09%2F26&k_raceNo=10
2026-09-26 20:25:00,20:24,2026-09-26,saga,10,15,三連複,8-9-11,289.4,289.4,55,https://www.keiba.go.jp/KeibaWeb/TodayRaceInfo/Odds3LenFuku?k_babaCode=32&k_raceDate=2026%2F09%2F26&k_raceNo=10
2026-09-26 20:25:00,20:24,2026-09-26,saga,10,15,三連複,7-8-14,293.2,293.2,56,https://www.keiba.go.jp/KeibaWeb/TodayRaceInfo/Odds3LenFuku?k_babaCode=32&k_raceDate=2026%2F09%2F26&k_raceNo=10
2026-09-26 20:25:00,20:24,2026-09-26,saga,10,15,三連複,4-7-8,297.1,297.1,57,https://www.keiba.go.jp/KeibaWeb/TodayRaceInfo/Odds3LenFuku?k_babaCode=32&k_raceDate=2026%2F09%2F26&k_raceNo=10
2026-09-26 20:25:00,20:24,2026-09-26,saga,10,15,三連複,4-10-14,297.1,297.1,57,https://www.keiba.go.jp/KeibaWeb/TodayRaceInfo/Odds3LenFuku?k_babaCode=32&k_raceDate=2026%2F09%2F26&k_raceNo=10
2026-09-26 20:25:00,20:24,2026-09-26,saga,10,15,三連複,6-9-11,297.1,297.1,57,https://www.keiba.go.jp/KeibaWeb/TodayRaceInfo/Odds3LenFuku?k_babaCode=32&k_raceDate=2026%2F09%2F26&k_raceNo=10
2026-09-26 20:25:00,20:24,2026-09-26,saga,10,15,三連複,6-8-9,309.5,309.5,60,https://www.keiba.go.jp/KeibaWeb/TodayRaceInfo/Odds3LenFuku?k_babaCode=32&k_raceDate=2026%2F09%2F26&k_raceNo=10
2026-09-26 20:25:00,20:24,2026-09-26,saga,10,15,三連複,2-4-14,318.3,318.3,61,https://www.keiba.go.jp/KeibaWeb/TodayRaceInfo/Odds3LenFuku?k_babaCode=32&k_raceDate=2026%2F09%2F26&k_raceNo=10
2026-09-26 20:25:00,20:24,2026-09-26,saga,10,15,三連複,9-11-14,322.9,322.9,62,https://www.keiba.go.jp/KeibaWeb/TodayRaceInfo/Odds3LenFuku?k_babaCode=32&k_raceDate=2026%2F09%2F26&k_raceNo=10
2026-09-26 20:25:00,20:24,2026-09-26,saga,10,15,三連複,7-11-14,327.7,327.7,63,https://www.keiba.go.jp/KeibaWeb/TodayRaceInfo/Odds3LenFuku?k_babaCode=32&k_raceDate=2026%2F09%2F26&k_raceNo=10
2026-09-26 20:25:00,20:24,2026-09-26,saga,10,15,三連複,1-7-10,337.6,337.6,64,https://www.keiba.go.jp/KeibaWeb/TodayRaceInfo/Odds3LenFuku?k_babaCode=32&k_raceDate=2026%2F09%2F26&k_raceNo=10
2026-09-26 20:25:00,20:24,2026-09-26,saga,10,15,三連複,1-9-11,337.6,337.6,64,https://www.keiba.go.jp/KeibaWeb/TodayRaceInfo/Odds3LenFuku?k_babaCode=32&k_raceDate=2026%2F09%2F26&k_raceNo=10
2026-09-26 20:25:00,20:24,2026-09-26,saga,10,15,三連複,7-8-11,342.8,342.8,66,https://www.keiba.go.jp/KeibaWeb/TodayRaceInfo/Odds3LenFuku?k_babaCode=32&k_raceDate=2026%2F09%2F26&k_raceNo=10
2026-09-26 20:25:00,20:24,2026-09-26,saga,10,15,三連複,1-7-8,348.2,348.2,67,https://www.keiba.go.jp/KeibaWeb/TodayRaceInfo/Odds3LenFuku?k_babaCode=32&k_raceDate=2026%2F09%2F26&k_raceNo=10
2026-09-26 20:25:00,20:24,2026-09-26,saga,10,15,三連複,8-9-14,348.2,348.2,67,https://www.keiba.go.jp/KeibaWeb/TodayRaceInfo/Odds3LenFuku?k_babaCode=32&k_raceDate=2026%2F09%2F26&k_raceNo=10
2026-09-26 20:25:00,20:24,2026-09-26,saga,10,15,三連複,2-9-12,353.7,353.7,69,https://www.keiba.go.jp/KeibaWeb/TodayRaceInfo/Odds3LenFuku?k_babaCode=32&k_raceDate=2026%2F09%2F26&k_raceNo=10
2026-09-26 20:25:00,20:24,2026-09-26,saga,10,15,三連複,1-4-7,359.4,359.4,70,https://www.keiba.go.jp/KeibaWeb/TodayRaceInfo/Odds3LenFuku?k_babaCode=32&k_raceDate=2026%2F09%2F26&k_raceNo=10
2026-09-26 20:25:00,20:24,2026-09-26,saga,10,15,三連複,6-7-11,359.4,359.4,70,https://www.keiba.go.jp/KeibaWeb/TodayRaceInfo/Odds3LenFuku?k_babaCode=32&k_raceDate=2026%2F09%2F26&k_raceNo=10
2026-09-26 20:25:00,20:24,2026-09-26,saga,10,15,三連複,1-4-9,365.3,365.3,72,https://www.keiba.go.jp/KeibaWeb/TodayRaceInfo/Odds3LenFuku?k_babaCode=32&k_raceDate=2026%2F09%2F26&k_raceNo=10
2026-09-26 20:25:00,20:24,2026-09-26,saga,10,15,三連複,2-10-14,371.4,371.4,73,https://www.keiba.go.jp/KeibaWeb/TodayRaceInfo/Odds3LenFuku?k_babaCode=32&k_raceDate=2026%2F09%2F26&k_raceNo=10
2026-09-26 20:25:00,20:24,2026-09-26,saga,10,15,三連複,9-11-13,371.4,371.4,73,https://www.keiba.go.jp/KeibaWeb/TodayRaceInfo/Odds3LenFuku?k_babaCode=32&k_raceDate=2026%2F09%2F26&k_raceNo=10
2026-09-26 20:25:00,20:24,2026-09-26,saga,10,15,三連複,2-4-6,390.9,390.9,75,https://www.keiba.go.jp/KeibaWeb/TodayRaceInfo/Odds3LenFuku?k_babaCode=32&k_raceDate=2026%2F09%2F26&k_raceNo=10
2026-09-26 20:25:00,20:24,2026-09-26,saga,10,15,三連複,4-9-13,390.9,390.9,75,https://www.keiba.go.jp/KeibaWeb/TodayRaceInfo/Odds3LenFuku?k_babaCode=32&k_raceDate=2026%2F09%2F26&k_raceNo=10
2026-09-26 20:25:00,20:24,2026-09-26,saga,10,15,三連複,5-9-10,390.9,390.9,75,https://www.keiba.go.jp/KeibaWeb/TodayRaceInfo/Odds3LenFuku?k_babaCode=32&k_raceDate=2026%2F09%2F26&k_raceNo=10
2026-09-26 20:25:00,20:24,2026-09-26,saga,10,15,三連複,1-6-7,397.9,397.9,78,https://www.keiba.go.jp/KeibaWeb/TodayRaceInfo/Odds3LenFuku?k_babaCode=32&k_raceDate=2026%2F09%2F26&k_raceNo=10
2026-09-26 20:25:00,20:24,2026-09-26,saga,10,15,三連複,2-3-9,397.9,397.9,78,https://www.keiba.go.jp/KeibaWeb/TodayRaceInfo/Odds3LenFuku?k_babaCode=32&k_raceDate=2026%2F09%2F26&k_raceNo=10
2026-09-26 20:25:00,20:24,2026-09-26,saga,10,15,三連複,1-7-11,405.2,405.2,80,https://www.keiba.go.jp/KeibaWeb/TodayRaceInfo/Odds3LenFuku?k_babaCode=32&k_raceDate=2026%2F09%2F26&k_raceNo=10
2026-09-26 20:25:00,20:24,2026-09-26,saga,10,15,三連複,1-9-10,428.5,428.5,81,https://www.keiba.go.jp/KeibaWeb/TodayRaceInfo/Odds3LenFuku?k_babaCode=32&k_raceDate=2026%2F09%2F26&k_raceNo=10
2026-09-26 20:25:00,20:24,2026-09-26,saga,10,15,三連複,8-9-13,428.5,428.5,81,https://www.keiba.go.jp/KeibaWeb/TodayRaceInfo/Odds3LenFuku?k_babaCode=32&k_raceDate=2026%2F09%2F26&k_raceNo=10
2026-09-26 20:25:00,20:24,2026-09-26,saga,10,15,三連複,1-8-9,436.9,436.9,83,https://www.keiba.go.jp/KeibaWeb/TodayRaceInfo/Odds3LenFuku?k_babaCode=32&k_raceDate=2026%2F09%2F26&k_raceNo=10
2026-09-26 20:25:00,20:24,2026-09-26,saga,10,15,三連複,7-10-12,436.9,436.9,83,https://www.keiba.go.jp/KeibaWeb/TodayRaceInfo/Odds3LenFuku?k_babaCode=32&k_raceDate=2026%2F09%2F26&k_raceNo=10
2026-09-26 20:25:00,20:24,2026-09-26,saga,10,15,三連複,4-7-13,445.7,445.7,85,https://www.keiba.go.jp/KeibaWeb/TodayRaceInfo/Odds3LenFuku?k_babaCode=32&k_raceDate=2026%2F09%2F26&k_raceNo=10
2026-09-26 20:25:00,20:24,2026-09-26,saga,10,15,三連複,6-9-13,445.7,445.7,85,https://www.keiba.go.jp/KeibaWeb/TodayRaceInfo/Odds3LenFuku?k_babaCode=32&k_raceDate=2026%2F09%2F26&k_raceNo=10
2026-09-26 20:25:00,20:24,2026-09-26,saga,10,15,三連複,1-7-14,454.8,454.8,87,https://www.keiba.go.jp/KeibaWeb/TodayRaceInfo/Odds3LenFuku?k_babaCode=32&k_raceDate=2026%2F09%2F26&k_raceNo=10
2026-09-26 20:25:00,20:24,2026-09-26,saga,10,15,三連複,5-7-10,454.8,454.8,87,https://www.keiba.go.jp/KeibaWeb/TodayRaceInfo/Odds3LenFuku?k_babaCode=32&k_raceDate=2026%2F09%2F26&k_raceNo=10
2026-09-26 20:25:00,20:24,2026-09-26,saga,10,15,三連複,6-7-13,454.8,454.8,87,https://www.keiba.go.jp/KeibaWeb/TodayRaceInfo/Odds3LenFuku?k_babaCode=32&k_raceDate=2026%2F09%2F26&k_raceNo=10
2026-09-26 20:25:00,20:24,2026-09-26,saga,10,15,三連複,3-7-10,464.3,464.3,90,https://www.keiba.go.jp/KeibaWeb/TodayRaceInfo/Odds3LenFuku?k_babaCode=32&k_raceDate=2026%2F09%2F26&k_raceNo=10
2026-09-26 20:25:00,20:24,2026-09-26,saga,10,15,三連複,1-6-9,474.1,474.1,91,https://www.keiba.go.jp/KeibaWeb/TodayRaceInfo/Odds3LenFuku?k_babaCode=32&k_raceDate=2026%2F09%2F26&k_raceNo=10
2026-09-26 20:25:00,20:24,2026-09-26,saga,10,15,三連複,2-3-7,474.1,474.1,91,https://www.keiba.go.jp/KeibaWeb/TodayRaceInfo/Odds3LenFuku?k_babaCode=32&k_raceDate=2026%2F09%2F26&k_raceNo=10
2026-09-26 20:25:00,20:24,2026-09-26,saga,10,15,三連複,2-4-8,474.1,474.1,91,https://www.keiba.go.jp/KeibaWeb/TodayRaceInfo/Odds3LenFuku?k_babaCode=32&k_raceDate=2026%2F09%2F26&k_raceNo=10
2026-09-26 20:25:00,20:24,2026-09-26,saga,10,15,三連複,4-5-9,474.1,474.1,91,https://www.keiba.go.jp/KeibaWeb/TodayRaceInfo/Odds3LenFuku?k_babaCode=32&k_raceDate=2026%2F09%2F26&k_raceNo=10
2026-09-26 20:25:00,20:24,2026-09-26,saga,10,15,三連複,7-13-14,474.1,474.1,91,https://www.keiba.go.jp/KeibaWeb/TodayRaceInfo/Odds3LenFuku?k_babaCode=32&k_raceDate=2026%2F09%2F26&k_raceNo=10
2026-09-26 20:25:00,20:24,2026-09-26,saga,10,15,三連複,9-13-14,484.4,484.4,96,https://www.keiba.go.jp/KeibaWeb/TodayRaceInfo/Odds3LenFuku?k_babaCode=32&k_raceDate=2026%2F09%2F26&k_raceNo=10
2026-09-26 20:25:00,20:24,2026-09-26,saga,10,15,三連複,2-6-10,518.2,518.2,97,https://www.keiba.go.jp/KeibaWeb/TodayRaceInfo/Odds3LenFuku?k_babaCode=32&k_raceDate=2026%2F09%2F26&k_raceNo=10
2026-09-26 20:25:00,20:24,2026-09-26,saga,10,15,三連複,4-5-7,530.6,530.6,98,https://www.keiba.go.jp/KeibaWeb/TodayRaceInfo/Odds3LenFuku?k_babaCode=32&k_raceDate=2026%2F09%2F26&k_raceNo=10
2026-09-26 20:25:00,20:24,2026-09-26,saga,10,15,三連複,7-8-13,530.6,530.6,98,https://www.keiba.go.jp/KeibaWeb/TodayRaceInfo/Odds3LenFuku?k_babaCode=32&k_raceDate=2026%2F09%2F26&k_raceNo=10
2026-09-26 20:25:00,20:24,2026-09-26,saga,10,15,三連複,2-8-10,543.5,543.5,100,https://www.keiba.go.jp/KeibaWeb/TodayRaceInfo/Odds3LenFuku?k_babaCode=32&k_raceDate=2026%2F09%2F26&k_raceNo=10
2026-09-26 20:25:00,20:24,2026-09-26,saga,10,15,三連複,3-6-9,543.5,543.5,100,https://www.keiba.go.jp/KeibaWeb/TodayRaceInfo/Odds3LenFuku?k_babaCode=32&k_raceDate=2026%2F09%2F26&k_raceNo=10
2026-09-26 20:25:00,20:24,2026-09-26,saga,10,15,三連複,5-6-7,571.4,571.4,102,https://www.keiba.go.jp/KeibaWeb/TodayRaceInfo/Odds3LenFuku?k_babaCode=32&k_raceDate=2026%2F09%2F26&k_raceNo=10
2026-09-26 20:25:00,20:24,2026-09-26,saga,10,15,三連複,5-6-9,571.4,571.4,102,https://www.keiba.go.jp/KeibaWeb/TodayRaceInfo/Odds3LenFuku?k_babaCode=32&k_raceDate=2026%2F09%2F26&k_raceNo=10
2026-09-26 20:25:00,20:24,2026-09-26,saga,10,15,三連複,1-5-7,586.4,586.4,104,https://www.keiba.go.jp/KeibaWeb/TodayRaceInfo/Odds3LenFuku?k_babaCode=32&k_raceDate=2026%2F09%2F26&k_raceNo=10
2026-09-26 20:25:00,20:24,2026-09-26,saga,10,15,三連複,5-8-9,586.4,586.4,104,https://www.keiba.go.jp/KeibaWeb/TodayRaceInfo/Odds3LenFuku?k_babaCode=32&k_raceDate=2026%2F09%2F26&k_raceNo=10
2026-09-26 20:25:00,20:24,2026-09-26,saga,10,15,三連複,5-9-13,586.4,586.4,104,https://www.keiba.go.jp/KeibaWeb/TodayRaceInfo/Odds3LenFuku?k_babaCode=32&k_raceDate=2026%2F09%2F26&k_raceNo=10
2026-09-26 20:25:00,20:24,2026-09-26,saga,10,15,三連複,4-9-12,602.3,602.3,107,https://www.keiba.go.jp/KeibaWeb/TodayRaceInfo/Odds3LenFuku?k_babaCode=32&k_raceDate=2026%2F09%2F26&k_raceNo=10
2026-09-26 20:25:00,20:24,2026-09-26,saga,10,15,三連複,1-3-9,619.0,619.0,108,https://www.keiba.go.jp/KeibaWeb/TodayRaceInfo/Odds3LenFuku?k_babaCode=32&k_raceDate=2026%2F09%2F26&k_raceNo=10
2026-09-26 20:25:00,20:24,2026-09-26,saga,10,15,三連複,2-6-11,619.0,619.0,108,https://www.keiba.go.jp/KeibaWeb/TodayRaceInfo/Odds3LenFuku?k_babaCode=32&k_raceDate=2026%2F09%2F26&k_raceNo=10
2026-09-26 20:25:00,20:24,2026-09-26,saga,10,15,三連複,5-7-14,619.0,619.0,108,https://www.keiba.go.jp/KeibaWeb/TodayRaceInfo/Odds3LenFuku?k_babaCode=32&k_raceDate=2026%2F09%2F26&k_raceNo=10
2026-09-26 20:25:00,20:24,2026-09-26,saga,10,15,三連複,5-9-11,619.0,619.0,108,https://www.keiba.go.jp/KeibaWeb/TodayRaceInfo/Odds3LenFuku?k_babaCode=32&k_raceDate=2026%2F09%2F26&k_raceNo=10
2026-09-26 20:25:00,20:24,2026-09-26,saga,10,15,三連複,9-11-12,619.0,619.0,108,https://www.keiba.go.jp/KeibaWeb/TodayRaceInfo/Odds3LenFuku?k_babaCode=32&k_raceDate=2026%2F09%2F26&k_raceNo=10
2026-09-26 20:25:00,20:24,2026-09-26,saga,10,15,三連複,5-7-8,636.7,636.7,113,https://www.keiba.go.jp/KeibaWeb/TodayRaceInfo/Odds3LenFuku?k_babaCode=32&k_raceDate=2026%2F09%2F26&k_raceNo=10
2026-09-26 20:25:00,20:24,2026-09-26,saga,10,15,三連複,5-7-11,636.7,636.7,113,https://www.keiba.go.jp/KeibaWeb/TodayRaceInfo/Odds3LenFuku?k_babaCode=32&k_raceDate=2026%2F09%2F26&k_raceNo=10
2026-09-26 20:25:00,20:24,2026-09-26,saga,10,15,三連複,1-5-9,655.4,655.4,115,https://www.keiba.go.jp/KeibaWeb/TodayRaceInfo/Odds3LenFuku?k_babaCode=32&k_raceDate=2026%2F09%2F26&k_raceNo=10
2026-09-26 20:25:00,20:24,2026-09-26,saga,10,15,三連複,7-11-13,655.4,655.4,115,https://www.keiba.go.jp/KeibaWeb/TodayRaceInfo/Odds3LenFuku?k_babaCode=32&k_raceDate=2026%2F09%2F26&k_raceNo=10
2026-09-26 20:25:00,20:24,2026-09-26,saga,10,15,三連複,2-6-8,675.3,675.3,117,https://www.keiba.go.jp/KeibaWeb/TodayRaceInfo/Odds3LenFuku?k_babaCode=32&k_raceDate=2026%2F09%2F26&k_raceNo=10
2026-09-26 20:25:00,20:24,2026-09-26,saga,10,15,三連複,5-9-14,675.3,675.3,117,https://www.keiba.go.jp/KeibaWeb/TodayRaceInfo/Odds3LenFuku?k_babaCode=32&k_raceDate=2026%2F09%2F26&k_raceNo=10
2026-09-26 20:25:00,20:24,2026-09-26,saga,10,15,三連複,1-9-14,696.4,696.4,119,https://www.keiba.go.jp/KeibaWeb/TodayRaceInfo/Odds3LenFuku?k_babaCode=32&k_raceDate=2026%2F09%2F26&k_raceNo=10
2026-09-26 20:25:00,20:24,2026-09-26,saga,10,15,三連複,2-6-14,696.4,696.4,119,https://www.keiba.go.jp/KeibaWeb/TodayRaceInfo/Odds3LenFuku?k_babaCode=32&k_raceDate=2026%2F09%2F26&k_raceNo=10
2026-09-26 20:25:00,20:24,2026-09-26,saga,10,15,三連複,3-9-10,696.4,696.4,119,https://www.keiba.go.jp/KeibaWeb/TodayRaceInfo/Odds3LenFuku?k_babaCode=32&k_raceDate=2026%2F09%2F26&k_raceNo=10
2026-09-26 20:25:00,20:24,2026-09-26,saga,10,15,三連複,2-8-14,718.9,718.9,122,https://www.keiba.go.jp/KeibaWeb/TodayRaceInfo/Odds3LenFuku?k_babaCode=32&k_raceDate=2026%2F09%2F26&k_raceNo=10
2026-09-26 20:25:00,20:24,2026-09-26,saga,10,15,三連複,3-4-7,718.9,718.9,122,https://www.keiba.go.jp/KeibaWeb/TodayRaceInfo/Odds3LenFuku?k_babaCode=32&k_raceDate=2026%2F09%2F26&k_raceNo=10
2026-09-26 20:25:00,20:24,2026-09-26,saga,10,15,三連複,4-7-12,718.9,718.9,122,https://www.keiba.go.jp/KeibaWeb/TodayRaceInfo/Odds3LenFuku?k_babaCode=32&k_raceDate=2026%2F09%2F26&k_raceNo=10
2026-09-26 20:25:00,20:24,2026-09-26,saga,10,15,三連複,7-8-12,718.9,718.9,122,https://www.keiba.go.jp/KeibaWeb/TodayRaceInfo/Odds3LenFuku?k_babaCode=32&k_raceDate=2026%2F09%2F26&k_raceNo=10
2026-09-26 20:25:00,20:24,2026-09-26,saga,10,15,三連複,9-10-12,718.9,718.9,122,https://www.keiba.go.jp/KeibaWeb/TodayRaceInfo/Odds3LenFuku?k_babaCode=32&k_raceDate=2026%2F09%2F26&k_raceNo=10
2026-09-26 20:25:00,20:24,2026-09-26,saga,10,15,三連複,1-9-13,742.8,742.8,127,https://www.keiba.go.jp/KeibaWeb/TodayRaceInfo/Odds3LenFuku?k_babaCode=32&k_raceDate=2026%2F09%2F26&k_raceNo=10
2026-09-26 20:25:00,20:24,2026-09-26,saga,10,15,三連複,3-8-9,768.5,768.5,128,https://www.keiba.go.jp/KeibaWeb/TodayRaceInfo/Odds3LenFuku?k_babaCode=32&k_raceDate=2026%2F09%2F26&k_raceNo=10
2026-09-26 20:25:00,20:24,2026-09-26,saga,10,15,三連複,1-3-7,825.4,825.4,129,https://www.keiba.go.jp/KeibaWeb/TodayRaceInfo/Odds3LenFuku?k_babaCode=32&k_raceDate=2026%2F09%2F26&k_raceNo=10
2026-09-26 20:25:00,20:24,2026-09-26,saga,10,15,三連複,2-4-11,825.4,825.4,129,https://www.keiba.go.jp/KeibaWeb/TodayRaceInfo/Odds3LenFuku?k_babaCode=32&k_raceDate=2026%2F09%2F26&k_raceNo=10
2026-09-26 20:25:00,20:24,2026-09-26,saga,10,15,三連複,3-5-9,825.4,825.4,129,https://www.keiba.go.jp/KeibaWeb/TodayRaceInfo/Odds3LenFuku?k_babaCode=32&k_raceDate=2026%2F09%2F26&k_raceNo=10
2026-09-26 20:25:00,20:24,2026-09-26,saga,10,15,三連複,7-12-14,825.4,825.4,129,https://www.keiba.go.jp/KeibaWeb/TodayRaceInfo/Odds3LenFuku?k_babaCode=32&k_raceDate=2026%2F09%2F26&k_raceNo=10
2026-09-26 20:25:00,20:24,2026-09-26,saga,10,15,三連複,1-7-13,857.1,857.1,133,https://www.keiba.go.jp/KeibaWeb/TodayRaceInfo/Odds3LenFuku?k_babaCode=32&k_raceDate=2026%2F09%2F26&k_raceNo=10
2026-09-26 20:25:00,20:24,2026-09-26,saga,10,15,三連複,3-4-9,857.1,857.1,133,https://www.keiba.go.jp/KeibaWeb/TodayRaceInfo/Odds3LenFuku?k_babaCode=32&k_raceDate=2026%2F09%2F26&k_raceNo=10
2026-09-26 20:25:00,20:24,2026-09-26,saga,10,15,三連複,4-6-10,857.1,857.1,133,https://www.keiba.go.jp/KeibaWeb/TodayRaceInfo/Odds3LenFuku?k_babaCode=32&k_raceDate=2026%2F09%2F26&k_raceNo=10
2026-09-26 20:25:00,20:24,2026-09-26,saga,10,15,三連複,1-2-8,891.4,891.4,136,https://www.keiba.go.jp/KeibaWeb/TodayRaceInfo/Odds3LenFuku?k_babaCode=32&k_raceDate=2026%2F09%2F26&k_raceNo=10
2026-09-26 20:25:00,20:24,2026-09-26,saga,10,15,三連複,1-9-12,891.4,891.4,136,https://www.keiba.go.jp/KeibaWeb/TodayRaceInfo/Odds3LenFuku?k_babaCode=32&k_raceDate=2026%2F09%2F26&k_raceNo=10
2026-09-26 20:25:00,20:24,2026-09-26,saga,10,15,三連複,2-3-8,891.4,891.4,136,https://www.keiba.go.jp/KeibaWeb/TodayRaceInfo/Odds3LenFuku?k_babaCode=32&k_raceDate=2026%2F09%2F26&k_raceNo=10
2026-09-26 20:25:00,20:24,2026-09-26,saga,10,15,三連複,3-5-7,891.4,891.4,136,https://www.keiba.go.jp/KeibaWeb/TodayRaceInfo/Odds3LenFuku?k_babaCode=32&k_raceDate=2026%2F09%2F26&k_raceNo=10
2026-09-26 20:25:00,20:24,2026-09-26,saga,10,15,三連複,3-9-11,891.4,891.4,136,https://www.keiba.go.jp/KeibaWeb/TodayRaceInfo/Odds3LenFuku?k_babaCode=32&k_raceDate=2026%2F09%2F26&k_raceNo=10
2026-09-26 20:25:00,20:24,2026-09-26,saga,10,15,三連複,6-7-12,891.4,891.4,136,https://www.keiba.go.jp/KeibaWeb/TodayRaceInfo/Odds3LenFuku?k_babaCode=32&k_raceDate=2026%2F09%2F26&k_raceNo=10
2026-09-26 20:25:00,20:24,2026-09-26,saga,10,15,三連複,1-2-3,928.6,928.6,142,https://www.keiba.go.jp/KeibaWeb/TodayRaceInfo/Odds3LenFuku?k_babaCode=32&k_raceDate=2026%2F09%2F26&k_raceNo=10
2026-09-26 20:25:00,20:24,2026-09-26,saga,10,15,三連複,1-7-12,928.6,928.6,142,https://www.keiba.go.jp/KeibaWeb/TodayRaceInfo/Odds3LenFuku?k_babaCode=32&k_raceDate=2026%2F09%2F26&k_raceNo=10
2026-09-26 20:25:00,20:24,2026-09-26,saga,10,15,三連複,2-10-11,928.6,928.6,142,https://www.keiba.go.jp/KeibaWeb/TodayRaceInfo/Odds3LenFuku?k_babaCode=32&k_raceDate=2026%2F09%2F26&k_raceNo=10
2026-09-26 20:25:00,20:24,2026-09-26,saga,10,15,三連複,3-7-8,928.6,928.6,142,https://www.keiba.go.jp/KeibaWeb/TodayRaceInfo/Odds3LenFuku?k_babaCode=32&k_raceDate=2026%2F09%2F26&k_raceNo=10
2026-09-26 20:25:00,20:24,2026-09-26,saga,10,15,三連複,6-9-12,928.6,928.6,142,https://www.keiba.go.jp/KeibaWeb/TodayRaceInfo/Odds3LenFuku?k_babaCode=32&k_raceDate=2026%2F09%2F26&k_raceNo=10
2026-09-26 20:25:00,20:24,2026-09-26,saga,10,15,三連複,3-7-14,968.9,968.9,147,https://www.keiba.go.jp/KeibaWeb/TodayRaceInfo/Odds3LenFuku?k_babaCode=32&k_raceDate=2026%2F09%2F26&k_raceNo=10
2026-09-26 20:25:00,20:24,2026-09-26,saga,10,15,三連複,3-6-7,1013.0,1013.0,148,https://www.keiba.go.jp/KeibaWeb/TodayRaceInfo/Odds3LenFuku?k_babaCode=32&k_raceDate=2026%2F09%2F26&k_raceNo=10
2026-09-26 20:25:00,20:24,2026-09-26,saga,10,15,三連複,2-3-4,1061.2,1061.2,149,https://www.keiba.go.jp/KeibaWeb/TodayRaceInfo/Odds3LenFuku?k_babaCode=32&k_raceDate=2026%2F09%2F26&k_raceNo=10
2026-09-26 20:25:00,20:24,2026-09-26,saga,10,15,三連複,2-4-5,1061.2,1061.2,149,https://www.keiba.go.jp/KeibaWeb/TodayRaceInfo/Odds3LenFuku?k_babaCode=32&k_raceDate=2026%2F09%2F26&k_raceNo=10
2026-09-26 20:25:00,20:24,2026-09-26,saga,10,15,三連複,9-12-13,1061.2,1061.2,149,https://www.keiba.go.jp/KeibaWeb/TodayRaceInfo/Odds3LenFuku?k_babaCode=32&k_raceDate=2026%2F09%2F26&k_raceNo=10
2026-09-26 20:25:00,20:24,2026-09-26,saga,10,15,三連複,9-12-14,1061.2,1061.2,149,https://www.keiba.go.jp/KeibaWeb/TodayRaceInfo/Odds3LenFuku?k_babaCode=32&k_raceDate=2026%2F09%2F26&k_raceNo=10
2026-09-26 20:25:00,20:24,2026-09-26,saga,10,15,三連複,1-2-6,1114.3,1114.3,153,https://www.keiba.go.jp/KeibaWeb/TodayRaceInfo/Odds3LenFuku?k_babaCode=32&k_raceDate=2026%2F09%2F26&k_raceNo=10
2026-09-26 20:25:00,20:24,2026-09-26,saga,10,15,三連複,3-7-11,1114.3,1114.3,153,https://www.keiba.go.jp/KeibaWeb/TodayRaceInfo/Odds3LenFuku?k_babaCode=32&k_raceDate=2026%2F09%2F26&k_raceNo=10
2026-09-26 20:25:00,20:24,2026-09-26,saga,10,15,三連複,3-9-13,1114.3,1114.3,153,https://www.keiba.go.jp/KeibaWeb/TodayRaceInfo/Odds3LenFuku?k_babaCode=32&k_raceDate=2026%2F09%2F26&k_raceNo=10
2026-09-26 20:25:00,20:24,2026-09-26,saga,10,15,三連複,5-7-13,1114.3,1114.3,153,https://www.keiba.go.jp/KeibaWeb/TodayRaceInfo/Odds3LenFuku?k_babaCode=32&k_raceDate=2026%2F09%2F26&k_raceNo=10
2026-09-26 20:25:00,20:24,2026-09-26,saga,10,15,三連複,7-11-12,1114.3,1114.3,153,https://www.keiba.go.jp/KeibaWeb/TodayRaceInfo/Odds3LenFuku?k_babaCode=32&k_raceDate=2026%2F09%2F26&k_raceNo=10
2026-09-26 20:25:00,20:24,2026-09-26,saga,10,15,三連複,7-12-13,1114.3,1114.3,153,https://www.keiba.go.jp/KeibaWeb/TodayRaceInfo/Odds3LenFuku?k_babaCode=32&k_raceDate=2026%2F09%2F26&k_raceNo=10
2026-09-26 20:25:00,20:24,2026-09-26,saga,10,15,三連複,8-10-14,1114.3,1114.3,153,https://www.keiba.go.jp/KeibaWeb/TodayRaceInfo/Odds3LenFuku?k_babaCode=32&k_raceDate=2026%2F09%2F26&k_raceNo=10
2026-09-26 20:25:00,20:24,2026-09-26,saga,10,15,三連複,2-5-6,1172.9,1172.9,160,https://www.keiba.go.jp/KeibaWeb/TodayRaceInfo/Odds3LenFuku?k_babaCode=32&k_raceDate=2026%2F09%2F26&k_raceNo=10
2026-09-26 20:25:00,20:24,2026-09-26,saga,10,15,三連複,2-8-11,1172.9,1172.9,160,https://www.keiba.go.jp/KeibaWeb/TodayRaceInfo/Odds3LenFuku?k_babaCode=32&k_raceDate=2026%2F09%2F26&k_raceNo=10
2026-09-26 20:25:00,20:24,2026-09-26,saga,10,15,三連複,2-10-12,1172.9,1172.9,160,https://www.keiba.go.jp/KeibaWeb/TodayRaceInfo/Odds3LenFuku?k_babaCode=32&k_raceDate=2026%2F09%2F26&k_raceNo=10
2026-09-26 20:25:00,20:24,2026-09-26,saga,10,15,三連複,4-6-14,1172.9,1172.9,160,https://www.keiba.go.jp/KeibaWeb/TodayRaceInfo/Odds3LenFuku?k_babaCode=32&k_raceDate=2026%2F09%2F26&k_raceNo=10
2026-09-26 20:25:00,20:24,2026-09-26,saga,10,15,三連複,5-7-12,1238.1,1238.1,164,https://www.keiba.go.jp/KeibaWeb/TodayRaceInfo/Odds3LenFuku?k_babaCode=32&k_raceDate=2026%2F09%2F26&k_raceNo=10
2026-09-26 20:25:00,20:24,2026-09-26,saga,10,15,三連複,1-2-10,1310.9,1310.9,165,https://www.keiba.go.jp/KeibaWeb/TodayRaceInfo/Odds3LenFuku?k_babaCode=32&k_raceDate=2026%2F09%2F26&k_raceNo=10
2026-09-26 20:25:00,20:24,2026-09-26,saga,10,15,三連複,3-9-14,1310.9,1310.9,165,https://www.keiba.go.jp/KeibaWeb/TodayRaceInfo/Odds3LenFuku?k_babaCode=32&k_raceDate=2026%2F09%2F26&k_raceNo=10
2026-09-26 20:25:00,20:24,2026-09-26,saga,10,15,三連複,4-10-11,1310.9,1310.9,165,https://www.keiba.go.jp/KeibaWeb/TodayRaceInfo/Odds3LenFuku?k_babaCode=32&k_raceDate=2026%2F09%2F26&k_raceNo=10
2026-09-26 20:25:00,20:24,2026-09-26,saga,10,15,三連複,4-11-14,1310.9,1310.9,165,https://www.keiba.go.jp/KeibaWeb/TodayRaceInfo/Odds3LenFuku?k_babaCode=32&k_raceDate=2026%2F09%2F26&k_raceNo=10
2026-09-26 20:25:00,20:24,2026-09-26,saga,10,15,三連複,6-8-14,1310.9,1310.9,165,https://www.keiba.go.jp/KeibaWeb/TodayRaceInfo/Odds3LenFuku?k_babaCode=32&k_raceDate=2026%2F09%2F26&k_raceNo=10
2026-09-26 20:25:00,20:24,2026-09-26,saga,10,15,三連複,8-9-12,1310.9,1310.9,165,https://www.keiba.go.jp/KeibaWeb/TodayRaceInfo/Odds3LenFuku?k_babaCode=32&k_raceDate=2026%2F09%2F26&k_raceNo=10
2026-09-26 20:25:00,20:24,2026-09-26,saga,10,15,三連複,1-2-5,1392.9,1392.9,171,https://www.keiba.go.jp/KeibaWeb/TodayRaceInfo/Odds3LenFuku?k_babaCode=32&k_raceDate=2026%2F09%2F26&k_raceNo=10
2026-09-26 20:25:00,20:24,2026-09-26,saga,10,15,三連複,1-2-11,1392.9,1392.9,171,https://www.keiba.go.jp/KeibaWeb/TodayRaceInfo/Odds3LenFuku?k_babaCode=32&k_raceDate=2026%2F09%2F26&k_raceNo=10
2026-09-26 20:25:00,20:24,2026-09-26,saga,10,15,三連複,1-3-5,1392.9,1392.9,171,https://www.keiba.go.jp/KeibaWeb/TodayRaceInfo/Odds3LenFuku?k_babaCode=32&k_raceDate=2026%2F09%2F26&k_raceNo=10
2026-09-26 20:25:00,20:24,2026-09-26,saga,10,15,三連複,2-3-6,1392.9,1392.9,171,https://www.keiba.go.jp/KeibaWeb/TodayRaceInfo/Odds3LenFuku?k_babaCode=32&k_raceDate=2026%2F09%2F26&k_raceNo=10
2026-09-26 20:25:00,20:24,2026-09-26,saga,10,15,三連複,2-5-10,1392.9,1392.9,171,https://www.keiba.go.jp/KeibaWeb/TodayRaceInfo/Odds3LenFuku?k_babaCode=32&k_raceDate=2026%2F09%2F26&k_raceNo=10
2026-09-26 20:25:00,20:24,2026-09-26,saga,10,15,三連複,3-7-13,1392.9,1392.9,171,https://www.keiba.go.jp/KeibaWeb/TodayRaceInfo/Odds3LenFuku?k_babaCode=32&k_raceDate=2026%2F09%2F26&k_raceNo=10
2026-09-26 20:25:00,20:24,2026-09-26,saga,10,15,三連複,4-6-11,1392.9,1392.9,171,https://www.keiba.go.jp/KeibaWeb/TodayRaceInfo/Odds3LenFuku?k_babaCode=32&k_raceDate=2026%2F09%2F26&k_raceNo=10
2026-09-26 20:25:00,20:24,2026-09-26,saga,10,15,三連複,4-8-10,1392.9,1392.9,171,https://www.keiba.go.jp/KeibaWeb/TodayRaceInfo/Odds3LenFuku?k_babaCode=32&k_raceDate=2026%2F09%2F26&k_raceNo=10
2026-09-26 20:25:00,20:24,2026-09-26,saga,10,15,三連複,4-10-12,1392.9,1392.9,171,https://www.keiba.go.jp/KeibaWeb/TodayRaceInfo/Odds3LenFuku?k_babaCode=32&k_raceDate=2026%2F09%2F26&k_raceNo=10
2026-09-26 20:25:00,20:24,2026-09-26,saga,10,15,三連複,1-2-4,1485.7,1485.7,180,https://www.keiba.go.jp/KeibaWeb/TodayRaceInfo/Odds3LenFuku?k_babaCode=32&k_raceDate=2026%2F09%2F26&k_raceNo=10
2026-09-26 20:25:00,20:24,2026-09-26,saga,10,15,三連複,2-4-12,1485.7,1485.7,180,https://www.keiba.go.jp/KeibaWeb/TodayRaceInfo/Odds3LenFuku?k_babaCode=32&k_raceDate=2026%2F09%2F26&k_raceNo=10
2026-09-26 20:25:00,20:24,2026-09-26,saga,10,15,三連複,6-8-10,1485.7,1485.7,180,https://www.keiba.go.jp/KeibaWeb/TodayRaceInfo/Odds3LenFuku?k_babaCode=32&k_raceDate=2026%2F09%2F26&k_raceNo=10
2026-09-26 20:25:00,20:24,2026-09-26,saga,10,15,三連複,6-10-14,1485.7,1485.7,180,https://www.keiba.go.jp/KeibaWeb/TodayRaceInfo/Odds3LenFuku?k_babaCode=32&k_raceDate=2026%2F09%2F26&k_raceNo=10
2026-09-26 20:25:00,20:24,2026-09-26,saga,10,15,三連複,10-11-14,1485.7,1485.7,180,https://www.keiba.go.jp/KeibaWeb/TodayRaceInfo/Odds3LenFuku?k_babaCode=32&k_raceDate=2026%2F09%2F26&k_raceNo=10
2026-09-26 20:25:00,20:24,2026-09-26,saga,10,15,三連複,1-4-5,1591.8,1591.8,185,https://www.keiba.go.jp/KeibaWeb/TodayRaceInfo/Odds3LenFuku?k_babaCode=32&k_raceDate=2026%2F09%2F26&k_raceNo=10
2026-09-26 20:25:00,20:24,2026-09-26,saga,10,15,三連複,2-11-14,1591.8,1591.8,185,https://www.keiba.go.jp/KeibaWeb/TodayRaceInfo/Odds3LenFuku?k_babaCode=32&k_raceDate=2026%2F09%2F26&k_raceNo=10
2026-09-26 20:25:00,20:24,2026-09-26,saga,10,15,三連複,4-5-6,1591.8,1591.8,185,https://www.keiba.go.jp/KeibaWeb/TodayRaceInfo/Odds3LenFuku?k_babaCode=32&k_raceDate=2026%2F09%2F26&k_raceNo=10
2026-09-26 20:25:00,20:24,2026-09-26,saga,10,15,三連複,4-6-8,1591.8,1591.8,185,https://www.keiba.go.jp/KeibaWeb/TodayRaceInfo/Odds3LenFuku?k_babaCode=32&k_raceDate=2026%2F09%2F26&k_raceNo=10
2026-09-26 20:25:00,20:24,2026-09-26,saga,10,15,三連複,5-9-12,1591.8,1591.8,185,https://www.keiba.go.jp/KeibaWeb/TodayRaceInfo/Odds3LenFuku?k_babaCode=32&k_raceDate=2026%2F09%2F26&k_raceNo=10
2026-09-26 20:25:00,20:24,2026-09-26,saga,10,15,三連複,6-10-11,1591.8,1591.8,185,https://www.keiba.go.jp/KeibaWeb/TodayRaceInfo/Odds3LenFuku?k_babaCode=32&k_raceDate=2026%2F09%2F26&k_raceNo=10
2026-09-26 20:25:00,20:24,2026-09-26,saga,10,15,三連複,1-8-10,1714.3,1714.3,191,https://www.keiba.go.jp/KeibaWeb/TodayRaceInfo/Odds3LenFuku?k_babaCode=32&k_raceDate=2026%2F09%2F26&k_raceNo=10
2026-09-26 20:25:00,20:24,2026-09-26,saga,10,15,三連複,2-10-13,1714.3,1714.3,191,https://www.keiba.go.jp/KeibaWeb/TodayRaceInfo/Odds3LenFuku?k_babaCode=32&k_raceDate=2026%2F09%2F26&k_raceNo=10
2026-09-26 20:25:00,20:24,2026-09-26,saga,10,15,三連複,2-11-13,1714.3,1714.3,191,https://www.keiba.go.jp/KeibaWeb/TodayRaceInfo/Odds3LenFuku?k_babaCode=32&k_raceDate=2026%2F09%2F26&k_raceNo=10
2026-09-26 20:25:00,20:24,2026-09-26,saga,10,15,三連複,4-8-11,1714.3,1714.3,191,https://www.keiba.go.jp/KeibaWeb/TodayRaceInfo/Odds3LenFuku?k_babaCode=32&k_raceDate=2026%2F09%2F26&k_raceNo=10
2026-09-26 20:25:00,20:24,2026-09-26,saga,10,15,三連複,4-8-14,1714.3,1714.3,191,https://www.keiba.go.jp/KeibaWeb/TodayRaceInfo/Odds3LenFuku?k_babaCode=32&k_raceDate=2026%2F09%2F26&k_raceNo=10
2026-09-26 20:25:00,20:24,2026-09-26,saga,10,15,三連複,6-11-14,1714.3,1714.3,191,https://www.keiba.go.jp/KeibaWeb/TodayRaceInfo/Odds3LenFuku?k_babaCode=32&k_raceDate=2026%2F09%2F26&k_raceNo=10
2026-09-26 20:25:00,20:24,2026-09-26,saga,10,15,三連複,8-10-11,1714.3,1714.3,191,https://www.keiba.go.jp/KeibaWeb/TodayRaceInfo/Odds3LenFuku?k_babaCode=32&k_raceDate=2026%2F09%2F26&k_raceNo=10
2026-09-26 20:25:00,20:24,2026-09-26,saga,10,15,三連複,12-13-14,1714.3,1714.3,191,https://www.keiba.go.jp/KeibaWeb/TodayRaceInfo/Odds3LenFuku?k_babaCode=32&k_raceDate=2026%2F09%2F26&k_raceNo=10
2026-09-26 20:25:00,20:24,2026-09-26,saga,10,15,三連複,1-2-12,1857.2,1857.2,199,https://www.keiba.go.jp/KeibaWeb/TodayRaceInfo/Odds3LenFuku?k_babaCode=32&k_raceDate=2026%2F09%2F26&k_raceNo=10
2026-09-26 20:25:00,20:24,2026-09-26,saga,10,15,三連複,2-4-13,1857.2,1857.2,199,https://www.keiba.go.jp/KeibaWeb/TodayRaceInfo/Odds3LenFuku?k_babaCode=32&k_raceDate=2026%2F09%2F26&k_raceNo=10
2026-09-26 20:25:00,20:24,2026-09-26,saga,10,15,三連複,2-5-11,1857.2,1857.2,199,https://www.keiba.go.jp/KeibaWeb/TodayRaceInfo/Odds3LenFuku?k_babaCode=32&k_raceDate=2026%2F09%2F26&k_raceNo=10
2026-09-26 20:25:00,20:24,2026-09-26,saga,10,15,三連複,2-6-12,1857.2,1857.2,199,https://www.keiba.go.jp/KeibaWeb/TodayRaceInfo/Odds3LenFuku?k_babaCode=32&k_raceDate=2026%2F09%2F26&k_raceNo=10
2026-09-26 20:25:00,20:24,2026-09-26,saga,10,15,三連複,3-7-12,1857.2,1857.2,199,https://www.keiba.go.jp/KeibaWeb/TodayRaceInfo/Odds3LenFuku?k_babaCode=32&k_raceDate=2026%2F09%2F26&k_raceNo=10
2026-09-26 20:25:00,20:24,2026-09-26,saga,10,15,三連複,4-10-13,1857.2,1857.2,199,https://www.keiba.go.jp/KeibaWeb/TodayRaceInfo/Odds3LenFuku?k_babaCode=32&k_raceDate=2026%2F09%2F26&k_raceNo=10
2026-09-26 20:25:00,20:24,2026-09-26,saga,10,15,三連複,5-6-11,1857.2,1857.2,199,https://www.keiba.go.jp/KeibaWeb/TodayRaceInfo/Odds3LenFuku?k_babaCode=32&k_raceDate=2026%2F09%2F26&k_raceNo=10
2026-09-26 20:25:00,20:24,2026-09-26,saga,10,15,三連複,8-11-14,1857.2,1857.2,199,https://www.keiba.go.jp/KeibaWeb/TodayRaceInfo/Odds3LenFuku?k_babaCode=32&k_raceDate=2026%2F09%2F26&k_raceNo=10
2026-09-26 20:25:00,20:24,2026-09-26,saga,10,15,三連複,2-3-10,2026.0,2026.0,207,https://www.keiba.go.jp/KeibaWeb/TodayRaceInfo/Odds3LenFuku?k_babaCode=32&k_raceDate=2026%2F09%2F26&k_raceNo=10
2026-09-26 20:25:00,20:24,2026-09-26,saga,10,15,三連複,2-11-12,2026.0,2026.0,207,https://www.keiba.go.jp/KeibaWeb/TodayRaceInfo/Odds3LenFuku?k_babaCode=32&k_raceDate=2026%2F09%2F26&k_raceNo=10
2026-09-26 20:25:00,20:24,2026-09-26,saga,10,15,三連複,3-5-6,2026.0,2026.0,207,https://www.keiba.go.jp/KeibaWeb/TodayRaceInfo/Odds3LenFuku?k_babaCode=32&k_raceDate=2026%2F09%2F26&k_raceNo=10
2026-09-26 20:25:00,20:24,2026-09-26,saga,10,15,三連複,4-5-14,2026.0,2026.0,207,https://www.keiba.go.jp/KeibaWeb/TodayRaceInfo/Odds3LenFuku?k_babaCode=32&k_raceDate=2026%2F09%2F26&k_raceNo=10
2026-09-26 20:25:00,20:24,2026-09-26,saga,10,15,三連複,4-13-14,2026.0,2026.0,207,https://www.keiba.go.jp/KeibaWeb/TodayRaceInfo/Odds3LenFuku?k_babaCode=32&k_raceDate=2026%2F09%2F26&k_raceNo=10
2026-09-26 20:25:00,20:24,2026-09-26,saga,10,15,三連複,8-11-13,2026.0,2026.0,207,https://www.keiba.go.jp/KeibaWeb/TodayRaceInfo/Odds3LenFuku?k_babaCode=32&k_raceDate=2026%2F09%2F26&k_raceNo=10
2026-09-26 20:25:00,20:24,2026-09-26,saga,10,15,三連複,10-11-12,2026.0,2026.0,207,https://www.keiba.go.jp/KeibaWeb/TodayRaceInfo/Odds3LenFuku?k_babaCode=32&k_raceDate=2026%2F09%2F26&k_raceNo=10
2026-09-26 20:25:00,20:24,2026-09-26,saga,10,15,三連複,10-12-14,2026.0,2026.0,207,https://www.keiba.go.jp/KeibaWeb/TodayRaceInfo/Odds3LenFuku?k_babaCode=32&k_raceDate=2026%2F09%2F26&k_raceNo=10
2026-09-26 20:25:00,20:24,2026-09-26,saga,10,15,三連複,11-13-14,2026.0,2026.0,207,https://www.keiba.go.jp/KeibaWeb/TodayRaceInfo/Odds3LenFuku?k_babaCode=32&k_raceDate=2026%2F09%2F26&k_raceNo=10
2026-09-26 20:25:00,20:24,2026-09-26,saga,10,15,三連複,1-3-4,2228.6,2228.6,216,https://www.keiba.go.jp/KeibaWeb/TodayRaceInfo/Odds3LenFuku?k_babaCode=32&k_raceDate=2026%2F09%2F26&k_raceNo=10
2026-09-26 20:25:00,20:24,2026-09-26,saga,10,15,三連複,2-6-13,2228.6,2228.6,216,https://www.keiba.go.jp/KeibaWeb/TodayRaceInfo/Odds3LenFuku?k_babaCode=32&k_raceDate=2026%2F09%2F26&k_raceNo=10
2026-09-26 20:25:00,20:24,2026-09-26,saga,10,15,三連複,2-8-12,2228.6,2228.6,216,https://www.keiba.go.jp/KeibaWeb/TodayRaceInfo/Odds3LenFuku?k_babaCode=32&k_raceDate=2026%2F09%2F26&k_raceNo=10
2026-09-26 20:25:00,20:24,2026-09-26,saga,10,15,三連複,2-8-13,2228.6,2228.6,216,https://www.keiba.go.jp/KeibaWeb/TodayRaceInfo/Odds3LenFuku?k_babaCode=32&k_raceDate=2026%2F09%2F26&k_raceNo=10
2026-09-26 20:25:00,20:24,2026-09-26,saga,10,15,三連複,2-13-14,2228.6,2228.6,216,https://www.keiba.go.jp/KeibaWeb/TodayRaceInfo/Odds3LenFuku?k_babaCode=32&k_raceDate=2026%2F09%2F26&k_raceNo=10
2026-09-26 20:25:00,20:24,2026-09-26,saga,10,15,三連複,3-6-8,2228.6,2228.6,216,https://www.keiba.go.jp/KeibaWeb/TodayRaceInfo/Odds3LenFuku?k_babaCode=32&k_raceDate=2026%2F09%2F26&k_raceNo=10
2026-09-26 20:25:00,20:24,2026-09-26,saga,10,15,三連複,4-6-13,2228.6,2228.6,216,https://www.keiba.go.jp/KeibaWeb/TodayRaceInfo/Odds3LenFuku?k_babaCode=32&k_raceDate=2026%2F09%2F26&k_raceNo=10
2026-09-26 20:25:00,20:24,2026-09-26,saga,10,15,三連複,4-12-14,2228.6,2228.6,216,https://www.keiba.go.jp/KeibaWeb/TodayRaceInfo/Odds3LenFuku?k_babaCode=32&k_raceDate=2026%2F09%2F26&k_raceNo=10
2026-09-26 20:25:00,20:24,2026-09-26,saga,10,15,三連複,5-6-8,2228.6,2228.6,216,https://www.keiba.go.jp/KeibaWeb/TodayRaceInfo/Odds3LenFuku?k_babaCode=32&k_raceDate=2026%2F09%2F26&k_raceNo=10
2026-09-26 20:25:00,20:24,2026-09-26,saga,10,15,三連複,5-8-10,2228.6,2228.6,216,https://www.keiba.go.jp/KeibaWeb/TodayRaceInfo/Odds3LenFuku?k_babaCode=32&k_raceDate=2026%2F09%2F26&k_raceNo=10
2026-09-26 20:25:00,20:24,2026-09-26,saga,10,15,三連複,5-8-14,2228.6,2228.6,216,https://www.keiba.go.jp/KeibaWeb/TodayRaceInfo/Odds3LenFuku?k_babaCode=32&k_raceDate=2026%2F09%2F26&k_raceNo=10
2026-09-26 20:25:00,20:24,2026-09-26,saga,10,15,三連複,6-13-14,2228.6,2228.6,216,https://www.keiba.go.jp/KeibaWeb/TodayRaceInfo/Odds3LenFuku?k_babaCode=32&k_raceDate=2026%2F09%2F26&k_raceNo=10
2026-09-26 20:25:00,20:24,2026-09-26,saga,10,15,三連複,1-2-14,2476.2,2476.2,228,https://www.keiba.go.jp/KeibaWeb/TodayRaceInfo/Odds3LenFuku?k_babaCode=32&k_raceDate=2026%2F09%2F26&k_raceNo=10
2026-09-26 20:25:00,20:24,2026-09-26,saga,10,15,三連複,1-3-10,2476.2,2476.2,228,https://www.keiba.go.jp/KeibaWeb/TodayRaceInfo/Odds3LenFuku?k_babaCode=32&k_raceDate=2026%2F09%2F26&k_raceNo=10
2026-09-26 20:25:00,20:24,2026-09-26,saga,10,15,三連複,1-4-6,2476.2,2476.2,228,https://www.keiba.go.jp/KeibaWeb/TodayRaceInfo/Odds3LenFuku?k_babaCode=32&k_raceDate=2026%2F09%2F26&k_raceNo=10
2026-09-26 20:25:00,20:24,2026-09-26,saga,10,15,三連複,1-4-8,2476.2,2476.2,228,https://www.keiba.go.jp/KeibaWeb/TodayRaceInfo/Odds3LenFuku?k_babaCode=32&k_raceDate=2026%2F09%2F26&k_raceNo=10
2026-09-26 20:25:00,20:24,2026-09-26,saga,10,15,三連複,1-4-10,2476.2,2476.2,228,https://www.keiba.go.jp/KeibaWeb/TodayRaceInfo/Odds3LenFuku?k_babaCode=32&k_raceDate=2026%2F09%2F26&k_raceNo=10
2026-09-26 20:25:00,20:24,2026-09-26,saga,10,15,三連複,1-4-11,2476.2,2476.2,228,https://www.keiba.go.jp/KeibaWeb/TodayRaceInfo/Odds3LenFuku?k_babaCode=32&k_raceDate=2026%2F09%2F26&k_raceNo=10
2026-09-26 20:25:00,20:24,2026-09-26,saga,10,15,三連複,2-3-11,2476.2,2476.2,228,https://www.keiba.go.jp/KeibaWeb/TodayRaceInfo/Odds3LenFuku?k_babaCode=32&k_raceDate=2026%2F09%2F26&k_raceNo=10
2026-09-26 20:25:00,20:24,2026-09-26,saga,10,15,三連複,3-4-6,2476.2,2476.2,228,https://www.keiba.go.jp/KeibaWeb/TodayRaceInfo/Odds3LenFuku?k_babaCode=32&k_raceDate=2026%2F09%2F26&k_raceNo=10
2026-09-26 20:25:00,20:24,2026-09-26,saga,10,15,三連複,3-5-8,2476.2,2476.2,228,https://www.keiba.go.jp/KeibaWeb/TodayRaceInfo/Odds3LenFuku?k_babaCode=32&k_raceDate=2026%2F09%2F26&k_raceNo=10
2026-09-26 20:25:00,20:24,2026-09-26,saga,10,15,三連複,3-9-12,2476.2,2476.2,228,https://www.keiba.go.jp/KeibaWeb/TodayRaceInfo/Odds3LenFuku?k_babaCode=32&k_raceDate=2026%2F09%2F26&k_raceNo=10
2026-09-26 20:25:00,20:24,2026-09-26,saga,10,15,三連複,4-6-12,2476.2,2476.2,228,https://www.keiba.go.jp/KeibaWeb/TodayRaceInfo/Odds3LenFuku?k_babaCode=32&k_raceDate=2026%2F09%2F26&k_raceNo=10
2026-09-26 20:25:00,20:24,2026-09-26,saga,10,15,三連複,4-8-13,2476.2,2476.2,228,https://www.keiba.go.jp/KeibaWeb/TodayRaceInfo/Odds3LenFuku?k_babaCode=32&k_raceDate=2026%2F09%2F26&k_raceNo=10
2026-09-26 20:25:00,20:24,2026-09-26,saga,10,15,三連複,5-6-14,2476.2,2476.2,228,https://www.keiba.go.jp/KeibaWeb/TodayRaceInfo/Odds3LenFuku?k_babaCode=32&k_raceDate=2026%2F09%2F26&k_raceNo=10
2026-09-26 20:25:00,20:24,2026-09-26,saga,10,15,三連複,6-8-11,2476.2,2476.2,228,https://www.keiba.go.jp/KeibaWeb/TodayRaceInfo/Odds3LenFuku?k_babaCode=32&k_raceDate=2026%2F09%2F26&k_raceNo=10
2026-09-26 20:25:00,20:24,2026-09-26,saga,10,15,三連複,6-8-13,2476.2,2476.2,228,https://www.keiba.go.jp/KeibaWeb/TodayRaceInfo/Odds3LenFuku?k_babaCode=32&k_raceDate=2026%2F09%2F26&k_raceNo=10
2026-09-26 20:25:00,20:24,2026-09-26,saga,10,15,三連複,10-13-14,2476.2,2476.2,228,https://www.keiba.go.jp/KeibaWeb/TodayRaceInfo/Odds3LenFuku?k_babaCode=32&k_raceDate=2026%2F09%2F26&k_raceNo=10
2026-09-26 20:25:00,20:24,2026-09-26,saga,10,15,三連複,1-2-13,2785.8,2785.8,244,https://www.keiba.go.jp/KeibaWeb/TodayRaceInfo/Odds3LenFuku?k_babaCode=32&k_raceDate=2026%2F09%2F26&k_raceNo=10
2026-09-26 20:25:00,20:24,2026-09-26,saga,10,15,三連複,1-5-6,2785.8,2785.8,244,https://www.keiba.go.jp/KeibaWeb/TodayRaceInfo/Odds3LenFuku?k_babaCode=32&k_raceDate=2026%2F09%2F26&k_raceNo=10
2026-09-26 20:25:00,20:24,2026-09-26,saga,10,15,三連複,2-5-12,2785.8,2785.8,244,https://www.keiba.go.jp/KeibaWeb/TodayRaceInfo/Odds3LenFuku?k_babaCode=32&k_raceDate=2026%2F09%2F26&k_raceNo=10
2026-09-26 20:25:00,20:24,2026-09-26,saga,10,15,三連複,2-12-13,2785.8,2785.8,244,https://www.keiba.go.jp/KeibaWeb/TodayRaceInfo/Odds3LenFuku?k_babaCode=32&k_raceDate=2026%2F09%2F26&k_raceNo=10
2026-09-26 20:25:00,20:24,2026-09-26,saga,10,15,三連複,3-4-5,2785.8,2785.8,244,https://www.keiba.go.jp/KeibaWeb/TodayRaceInfo/Odds3LenFuku?k_babaCode=32&k_raceDate=2026%2F09%2F26&k_raceNo=10
2026-09-26 20:25:00,20:24,2026-09-26,saga,10,15,三連複,3-4-11,2785.8,2785.8,244,https://www.keiba.go.jp/KeibaWeb/TodayRaceInfo/Odds3LenFuku?k_babaCode=32&k_raceDate=2026%2F09%2F26&k_raceNo=10
2026-09-26 20:25:00,20:24,2026-09-26,saga,10,15,三連複,3-10-14,2785.8,2785.8,244,https://www.keiba.go.jp/KeibaWeb/TodayRaceInfo/Odds3LenFuku?k_babaCode=32&k_raceDate=2026%2F09%2F26&k_raceNo=10
2026-09-26 20:25:00,20:24,2026-09-26,saga,10,15,三連複,4-11-13,2785.8,2785.8,244,https://www.keiba.go.jp/KeibaWeb/TodayRaceInfo/Odds3LenFuku?k_babaCode=32&k_raceDate=2026%2F09%2F26&k_raceNo=10
2026-09-26 20:25:00,20:24,2026-09-26,saga,10,15,三連複,5-8-13,2785.8,2785.8,244,https://www.keiba.go.jp/KeibaWeb/TodayRaceInfo/Odds3LenFuku?k_babaCode=32&k_raceDate=2026%2F09%2F26&k_raceNo=10
2026-09-26 20:25:00,20:24,2026-09-26,saga,10,15,三連複,5-10-11,2785.8,2785.8,244,https://www.keiba.go.jp/KeibaWeb/TodayRaceInfo/Odds3LenFuku?k_babaCode=32&k_raceDate=2026%2F09%2F26&k_raceNo=10
2026-09-26 20:25:00,20:24,2026-09-26,saga,10,15,三連複,5-11-14,2785.8,2785.8,244,https://www.keiba.go.jp/KeibaWeb/TodayRaceInfo/Odds3LenFuku?k_babaCode=32&k_raceDate=2026%2F09%2F26&k_raceNo=10
2026-09-26 20:25:00,20:24,2026-09-26,saga,10,15,三連複,6-10-12,2785.8,2785.8,244,https://www.keiba.go.jp/KeibaWeb/TodayRaceInfo/Odds3LenFuku?k_babaCode=32&k_raceDate=2026%2F09%2F26&k_raceNo=10
2026-09-26 20:25:00,20:24,2026-09-26,saga,10,15,三連複,6-10-13,2785.8,2785.8,244,https://www.keiba.go.jp/KeibaWeb/TodayRaceInfo/Odds3LenFuku?k_babaCode=32&k_raceDate=2026%2F09%2F26&k_raceNo=10
2026-09-26 20:25:00,20:24,2026-09-26,saga,10,15,三連複,6-11-13,2785.8,2785.8,244,https://www.keiba.go.jp/KeibaWeb/TodayRaceInfo/Odds3LenFuku?k_babaCode=32&k_raceDate=2026%2F09%2F26&k_raceNo=10
2026-09-26 20:25:00,20:24,2026-09-26,saga,10,15,三連複,8-10-12,2785.8,2785.8,244,https://www.keiba.go.jp/KeibaWeb/TodayRaceInfo/Odds3LenFuku?k_babaCode=32&k_raceDate=2026%2F09%2F26&k_raceNo=10
2026-09-26 20:25:00,20:24,2026-09-26,saga,10,15,三連複,8-10-13,2785.8,2785.8,244,https://www.keiba.go.jp/KeibaWeb/TodayRaceInfo/Odds3LenFuku?k_babaCode=32&k_raceDate=2026%2F09%2F26&k_raceNo=10
2026-09-26 20:25:00,20:24,2026-09-26,saga,10,15,三連複,1-3-6,3183.7,3183.7,260,https://www.keiba.go.jp/KeibaWeb/TodayRaceInfo/Odds3LenFuku?k_babaCode=32&k_raceDate=2026%2F09%2F26&k_raceNo=10
2026-09-26 20:25:00,20:24,2026-09-26,saga,10,15,三連複,1-3-8,3183.7,3183.7,260,https://www.keiba.go.jp/KeibaWeb/TodayRaceInfo/Odds3LenFuku?k_babaCode=32&k_raceDate=2026%2F09%2F26&k_raceNo=10
2026-09-26 20:25:00,20:24,2026-09-26,saga,10,15,三連複,1-3-13,3183.7,3183.7,260,https://www.keiba.go.jp/KeibaWeb/TodayRaceInfo/Odds3LenFuku?k_babaCode=32&k_raceDate=2026%2F09%2F26&k_raceNo=10
2026-09-26 20:25:00,20:24,2026-09-26,saga,10,15,三連複,1-4-14,3183.7,3183.7,260,https://www.keiba.go.jp/KeibaWeb/TodayRaceInfo/Odds3LenFuku?k_babaCode=32&k_raceDate=2026%2F09%2F26&k_raceNo=10
2026-09-26 20:25:00,20:24,2026-09-26,saga,10,15,三連複,1-5-8,3183.7,3183.7,260,https://www.keiba.go.jp/KeibaWeb/TodayRaceInfo/Odds3LenFuku?k_babaCode=32&k_raceDate=2026%2F09%2F26&k_raceNo=10
2026-09-26 20:25:00,20:24,2026-09-26,saga,10,15,三連複,1-5-11,3183.7,3183.7,260,https://www.keiba.go.jp/KeibaWeb/TodayRaceInfo/Odds3LenFuku?k_babaCode=32&k_raceDate=2026%2F09%2F26&k_raceNo=10
2026-09-26 20:25:00,20:24,2026-09-26,saga,10,15,三連複,1-8-12,3183.7,3183.7,260,https://www.keiba.go.jp/KeibaWeb/TodayRaceInfo/Odds3LenFuku?k_babaCode=32&k_raceDate=2026%2F09%2F26&k_raceNo=10
2026-09-26 20:25:00,20:24,2026-09-26,saga,10,15,三連複,1-11-14,3183.7,3183.7,260,https://www.keiba.go.jp/KeibaWeb/TodayRaceInfo/Odds3LenFuku?k_babaCode=32&k_raceDate=2026%2F09%2F26&k_raceNo=10
2026-09-26 20:25:00,20:24,2026-09-26,saga,10,15,三連複,2-3-12,3183.7,3183.7,260,https://www.keiba.go.jp/KeibaWeb/TodayRaceInfo/Odds3LenFuku?k_babaCode=32&k_raceDate=2026%2F09%2F26&k_raceNo=10
2026-09-26 20:25:00,20:24,2026-09-26,saga,10,15,三連複,2-5-8,3183.7,3183.7,260,https://www.keiba.go.jp/KeibaWeb/TodayRaceInfo/Odds3LenFuku?k_babaCode=32&k_raceDate=2026%2F09%2F26&k_raceNo=10
2026-09-26 20:25:00,20:24,2026-09-26,saga,10,15,三連複,2-5-14,3183.7,3183.7,260,https://www.keiba.go.jp/KeibaWeb/TodayRaceInfo/Odds3LenFuku?k_babaCode=32&k_raceDate=2026%2F09%2F26&k_raceNo=10
2026-09-26 20:25:00,20:24,2026-09-26,saga,10,15,三連複,2-12-14,3183.7,3183.7,260,https://www.keiba.go.jp/KeibaWeb/TodayRaceInfo/Odds3LenFuku?k_babaCode=32&k_raceDate=2026%2F09%2F26&k_raceNo=10
2026-09-26 20:25:00,20:24,2026-09-26,saga,10,15,三連複,3-4-8,3183.7,3183.7,260,https://www.keiba.go.jp/KeibaWeb/TodayRaceInfo/Odds3LenFuku?k_babaCode=32&k_raceDate=2026%2F09%2F26&k_raceNo=10
2026-09-26 20:25:00,20:24,2026-09-26,saga,10,15,三連複,3-4-10,3183.7,3183.7,260,https://www.keiba.go.jp/KeibaWeb/TodayRaceInfo/Odds3LenFuku?k_babaCode=32&k_raceDate=2026%2F09%2F26&k_raceNo=10
2026-09-26 20:25:00,20:24,2026-09-26,saga,10,15,三連複,3-4-14,3183.7,3183.7,260,https://www.keiba.go.jp/KeibaWeb/TodayRaceInfo/Odds3LenFuku?k_babaCode=32&k_raceDate=2026%2F09%2F26&k_raceNo=10
2026-09-26 20:25:00,20:24,2026-09-26,saga,10,15,三連複,3-6-10,3183.7,3183.7,260,https://www.keiba.go.jp/KeibaWeb/TodayRaceInfo/Odds3LenFuku?k_babaCode=32&k_raceDate=2026%2F09%2F26&k_raceNo=10
2026-09-26 20:25:00,20:24,2026-09-26,saga,10,15,三連複,3-11-13,3183.7,3183.7,260,https://www.keiba.go.jp/KeibaWeb/TodayRaceInfo/Odds3LenFuku?k_babaCode=32&k_raceDate=2026%2F09%2F26&k_raceNo=10
2026-09-26 20:25:00,20:24,2026-09-26,saga,10,15,三連複,4-5-11,3183.7,3183.7,260,https://www.keiba.go.jp/KeibaWeb/TodayRaceInfo/Odds3LenFuku?k_babaCode=32&k_raceDate=2026%2F09%2F26&k_raceNo=10
2026-09-26 20:25:00,20:24,2026-09-26,saga,10,15,三連複,5-8-11,3183.7,3183.7,260,https://www.keiba.go.jp/KeibaWeb/TodayRaceInfo/Odds3LenFuku?k_babaCode=32&k_raceDate=2026%2F09%2F26&k_raceNo=10
2026-09-26 20:25:00,20:24,2026-09-26,saga,10,15,三連複,8-13-14,3183.7,3183.7,260,https://www.keiba.go.jp/KeibaWeb/TodayRaceInfo/Odds3LenFuku?k_babaCode=32&k_raceDate=2026%2F09%2F26&k_raceNo=10
2026-09-26 20:25:00,20:24,2026-09-26,saga,10,15,三連複,10-11-13,3183.7,3183.7,260,https://www.keiba.go.jp/KeibaWeb/TodayRaceInfo/Odds3LenFuku?k_babaCode=32&k_raceDate=2026%2F09%2F26&k_raceNo=10
2026-09-26 20:25:00,20:24,2026-09-26,saga,10,15,三連複,1-8-14,3714.4,3714.4,281,https://www.keiba.go.jp/KeibaWeb/TodayRaceInfo/Odds3LenFuku?k_babaCode=32&k_raceDate=2026%2F09%2F26&k_raceNo=10
2026-09-26 20:25:00,20:24,2026-09-26,saga,10,15,三連複,1-12-13,3714.4,3714.4,281,https://www.keiba.go.jp/KeibaWeb/TodayRaceInfo/Odds3LenFuku?k_babaCode=32&k_raceDate=2026%2F09%2F26&k_raceNo=10
2026-09-26 20:25:00,20:24,2026-09-26,saga,10,15,三連複,3-5-11,3714.4,3714.4,281,https://www.keiba.go.jp/KeibaWeb/TodayRaceInfo/Odds3LenFuku?k_babaCode=32&k_raceDate=2026%2F09%2F26&k_raceNo=10
2026-09-26 20:25:00,20:24,2026-09-26,saga,10,15,三連複,3-5-13,3714.4,3714.4,281,https://www.keiba.go.jp/KeibaWeb/TodayRaceInfo/Odds3LenFuku?k_babaCode=32&k_raceDate=2026%2F09%2F26&k_raceNo=10
2026-09-26 20:25:00,20:24,2026-09-26,saga,10,15,三連複,3-6-11,3714.4,3714.4,281,https://www.keiba.go.jp/KeibaWeb/TodayRaceInfo/Odds3LenFuku?k_babaCode=32&k_raceDate=2026%2F09%2F26&k_raceNo=10
2026-09-26 20:25:00,20:24,2026-09-26,saga,10,15,三連複,3-8-10,3714.4,3714.4,281,https://www.keiba.go.jp/KeibaWeb/TodayRaceInfo/Odds3LenFuku?k_babaCode=32&k_raceDate=2026%2F09%2F26&k_raceNo=10
2026-09-26 20:25:00,20:24,2026-09-26,saga,10,15,三連複,3-8-11,3714.4,3714.4,281,https://www.keiba.go.jp/KeibaWeb/TodayRaceInfo/Odds3LenFuku?k_babaCode=32&k_raceDate=2026%2F09%2F26&k_raceNo=10
2026-09-26 20:25:00,20:24,2026-09-26,saga,10,15,三連複,3-10-11,3714.4,3714.4,281,https://www.keiba.go.jp/KeibaWeb/TodayRaceInfo/Odds3LenFuku?k_babaCode=32&k_raceDate=2026%2F09%2F26&k_raceNo=10
2026-09-26 20:25:00,20:24,2026-09-26,saga,10,15,三連複,4-5-13,3714.4,3714.4,281,https://www.keiba.go.jp/KeibaWeb/TodayRaceInfo/Odds3LenFuku?k_babaCode=32&k_raceDate=2026%2F09%2F26&k_raceNo=10
2026-09-26 20:25:00,20:24,2026-09-26,saga,10,15,三連複,5-6-13,3714.4,3714.4,281,https://www.keiba.go.jp/KeibaWeb/TodayRaceInfo/Odds3LenFuku?k_babaCode=32&k_raceDate=2026%2F09%2F26&k_raceNo=10
2026-09-26 20:25:00,20:24,2026-09-26,saga,10,15,三連複,5-10-14,3714.4,3714.4,281,https://www.keiba.go.jp/KeibaWeb/TodayRaceInfo/Odds3LenFuku?k_babaCode=32&k_raceDate=2026%2F09%2F26&k_raceNo=10
2026-09-26 20:25:00,20:24,2026-09-26,saga,10,15,三連複,5-11-13,3714.4,3714.4,281,https://www.keiba.go.jp/KeibaWeb/TodayRaceInfo/Odds3LenFuku?k_babaCode=32&k_raceDate=2026%2F09%2F26&k_raceNo=10
2026-09-26 20:25:00,20:24,2026-09-26,saga,10,15,三連複,5-13-14,3714.4,3714.4,281,https://www.keiba.go.jp/KeibaWeb/TodayRaceInfo/Odds3LenFuku?k_babaCode=32&k_raceDate=2026%2F09%2F26&k_raceNo=10
2026-09-26 20:25:00,20:24,2026-09-26,saga,10,15,三連複,6-8-12,3714.4,3714.4,281,https://www.keiba.go.jp/KeibaWeb/TodayRaceInfo/Odds3LenFuku?k_babaCode=32&k_raceDate=2026%2F09%2F26&k_raceNo=10
2026-09-26 20:25:00,20:24,2026-09-26,saga,10,15,三連複,11-12-14,3714.4,3714.4,281,https://www.keiba.go.jp/KeibaWeb/TodayRaceInfo/Odds3LenFuku?k_babaCode=32&k_raceDate=2026%2F09%2F26&k_raceNo=10
2026-09-26 20:25:00,20:24,2026-09-26,saga,10,15,三連複,1-3-11,4457.3,4457.3,296,https://www.keiba.go.jp/KeibaWeb/TodayRaceInfo/Odds3LenFuku?k_babaCode=32&k_raceDate=2026%2F09%2F26&k_raceNo=10
2026-09-26 20:25:00,20:24,2026-09-26,saga,10,15,三連複,1-6-8,4457.3,4457.3,296,https://www.keiba.go.jp/KeibaWeb/TodayRaceInfo/Odds3LenFuku?k_babaCode=32&k_raceDate=2026%2F09%2F26&k_raceNo=10
2026-09-26 20:25:00,20:24,2026-09-26,saga,10,15,三連複,1-6-11,4457.3,4457.3,296,https://www.keiba.go.jp/KeibaWeb/TodayRaceInfo/Odds3LenFuku?k_babaCode=32&k_raceDate=2026%2F09%2F26&k_raceNo=10
2026-09-26 20:25:00,20:24,2026-09-26,saga,10,15,三連複,1-8-11,4457.3,4457.3,296,https://www.keiba.go.jp/KeibaWeb/TodayRaceInfo/Odds3LenFuku?k_babaCode=32&k_raceDate=2026%2F09%2F26&k_raceNo=10
2026-09-26 20:25:00,20:24,2026-09-26,saga,10,15,三連複,1-10-11,4457.3,4457.3,296,https://www.keiba.go.jp/KeibaWeb/TodayRaceInfo/Odds3LenFuku?k_babaCode=32&k_raceDate=2026%2F09%2F26&k_raceNo=10
2026-09-26 20:25:00,20:24,2026-09-26,saga,10,15,三連複,1-10-14,4457.3,4457.3,296,https://www.keiba.go.jp/KeibaWeb/TodayRaceInfo/Odds3LenFuku?k_babaCode=32&k_raceDate=2026%2F09%2F26&k_raceNo=10
2026-09-26 20:25:00,20:24,2026-09-26,saga,10,15,三連複,2-5-13,4457.3,4457.3,296,https://www.keiba.go.jp/KeibaWeb/TodayRaceInfo/Odds3LenFuku?k_babaCode=32&k_raceDate=2026%2F09%2F26&k_raceNo=10
2026-09-26 20:25:00,20:24,2026-09-26,saga,10,15,三連複,3-4-13,4457.3,4457.3,296,https://www.keiba.go.jp/KeibaWeb/TodayRaceInfo/Odds3LenFuku?k_babaCode=32&k_raceDate=2026%2F09%2F26&k_raceNo=10
2026-09-26 20:25:00,20:24,2026-09-26,saga,10,15,三連複,3-5-10,4457.3,4457.3,296,https://www.keiba.go.jp/KeibaWeb/TodayRaceInfo/Odds3LenFuku?k_babaCode=32&k_raceDate=2026%2F09%2F26&k_raceNo=10
2026-09-26 20:25:00,20:24,2026-09-26,saga,10,15,三連複,3-5-12,4457.3,4457.3,296,https://www.keiba.go.jp/KeibaWeb/TodayRaceInfo/Odds3LenFuku?k_babaCode=32&k_raceDate=2026%2F09%2F26&k_raceNo=10
2026-09-26 20:25:00,20:24,2026-09-26,saga,10,15,三連複,3-8-13,4457.3,4457.3,296,https://www.keiba.go.jp/KeibaWeb/TodayRaceInfo/Odds3LenFuku?k_babaCode=32&k_raceDate=2026%2F09%2F26&k_raceNo=10
2026-09-26 20:25:00,20:24,2026-09-26,saga,10,15,三連複,3-8-14,4457.3,4457.3,296,https://www.keiba.go.jp/KeibaWeb/TodayRaceInfo/Odds3LenFuku?k_babaCode=32&k_raceDate=2026%2F09%2F26&k_raceNo=10
2026-09-26 20:25:00,20:24,2026-09-26,saga,10,15,三連複,3-10-13,4457.3,4457.3,296,https://www.keiba.go.jp/KeibaWeb/TodayRaceInfo/Odds3LenFuku?k_babaCode=32&k_raceDate=2026%2F09%2F26&k_raceNo=10
2026-09-26 20:25:00,20:24,2026-09-26,saga,10,15,三連複,3-11-14,4457.3,4457.3,296,https://www.keiba.go.jp/KeibaWeb/TodayRaceInfo/Odds3LenFuku?k_babaCode=32&k_raceDate=2026%2F09%2F26&k_raceNo=10
2026-09-26 20:25:00,20:24,2026-09-26,saga,10,15,三連複,3-13-14,4457.3,4457.3,296,https://www.keiba.go.jp/KeibaWeb/TodayRaceInfo/Odds3LenFuku?k_babaCode=32&k_raceDate=2026%2F09%2F26&k_raceNo=10
2026-09-26 20:25:00,20:24,2026-09-26,saga,10,15,三連複,4-5-8,4457.3,4457.3,296,https://www.keiba.go.jp/KeibaWeb/TodayRaceInfo/Odds3LenFuku?k_babaCode=32&k_raceDate=2026%2F09%2F26&k_raceNo=10
2026-09-26 20:25:00,20:24,2026-09-26,saga,10,15,三連複,4-5-10,4457.3,4457.3,296,https://www.keiba.go.jp/KeibaWeb/TodayRaceInfo/Odds3LenFuku?k_babaCode=32&k_raceDate=2026%2F09%2F26&k_raceNo=10
2026-09-26 20:25:00,20:24,2026-09-26,saga,10,15,三連複,4-8-12,4457.3,4457.3,296,https://www.keiba.go.jp/KeibaWeb/TodayRaceInfo/Odds3LenFuku?k_babaCode=32&k_raceDate=2026%2F09%2F26&k_raceNo=10
2026-09-26 20:25:00,20:24,2026-09-26,saga,10,15,三連複,6-11-12,4457.3,4457.3,296,https://www.keiba.go.jp/KeibaWeb/TodayRaceInfo/Odds3LenFuku?k_babaCode=32&k_raceDate=2026%2F09%2F26&k_raceNo=10
2026-09-26 20:25:00,20:24,2026-09-26,saga,10,15,三連複,11-12-13,4457.3,4457.3,296,https://www.keiba.go.jp/KeibaWeb/TodayRaceInfo/Odds3LenFuku?k_babaCode=32&k_raceDate=2026%2F09%2F26&k_raceNo=10
2026-09-26 20:25:00,20:24,2026-09-26,saga,10,15,三連複,1-3-12,5571.6,5571.6,316,https://www.keiba.go.jp/KeibaWeb/TodayRaceInfo/Odds3LenFuku?k_babaCode=32&k_raceDate=2026%2F09%2F26&k_raceNo=10
2026-09-26 20:25:00,20:24,2026-09-26,saga,10,15,三連複,1-4-13,5571.6,5571.6,316,https://www.keiba.go.jp/KeibaWeb/TodayRaceInfo/Odds3LenFuku?k_babaCode=32&k_raceDate=2026%2F09%2F26&k_raceNo=10
2026-09-26 20:25:00,20:24,2026-09-26,saga,10,15,三連複,1-5-12,5571.6,5571.6,316,https://www.keiba.go.jp/KeibaWeb/TodayRaceInfo/Odds3LenFuku?k_babaCode=32&k_raceDate=2026%2F09%2F26&k_raceNo=10
2026-09-26 20:25:00,20:24,2026-09-26,saga,10,15,三連複,1-5-13,5571.6,5571.6,316,https://www.keiba.go.jp/KeibaWeb/TodayRaceInfo/Odds3LenFuku?k_babaCode=32&k_raceDate=2026%2F09%2F26&k_raceNo=10
2026-09-26 20:25:00,20:24,2026-09-26,saga,10,15,三連複,1-5-14,5571.6,5571.6,316,https://www.keiba.go.jp/KeibaWeb/TodayRaceInfo/Odds3LenFuku?k_babaCode=32&k_raceDate=2026%2F09%2F26&k_raceNo=10
2026-09-26 20:25:00,20:24,2026-09-26,saga,10,15,三連複,1-6-10,5571.6,5571.6,316,https://www.keiba.go.jp/KeibaWeb/TodayRaceInfo/Odds3LenFuku?k_babaCode=32&k_raceDate=2026%2F09%2F26&k_raceNo=10
2026-09-26 20:25:00,20:24,2026-09-26,saga,10,15,三連複,1-10-12,5571.6,5571.6,316,https://www.keiba.go.jp/KeibaWeb/TodayRaceInfo/Odds3LenFuku?k_babaCode=32&k_raceDate=2026%2F09%2F26&k_raceNo=10
2026-09-26 20:25:00,20:24,2026-09-26,saga,10,15,三連複,1-13-14,5571.6,5571.6,316,https://www.keiba.go.jp/KeibaWeb/TodayRaceInfo/Odds3LenFuku?k_babaCode=32&k_raceDate=2026%2F09%2F26&k_raceNo=10
2026-09-26 20:25:00,20:24,2026-09-26,saga,10,15,三連複,2-3-13,5571.6,5571.6,316,https://www.keiba.go.jp/KeibaWeb/TodayRaceInfo/Odds3LenFuku?k_babaCode=32&k_raceDate=2026%2F09%2F26&k_raceNo=10
2026-09-26 20:25:00,20:24,2026-09-26,saga,10,15,三連複,2-3-14,5571.6,5571.6,316,https://www.keiba.go.jp/KeibaWeb/TodayRaceInfo/Odds3LenFuku?k_babaCode=32&k_raceDate=2026%2F09%2F26&k_raceNo=10
2026-09-26 20:25:00,20:24,2026-09-26,saga,10,15,三連複,3-4-12,5571.6,5571.6,316,https://www.keiba.go.jp/KeibaWeb/TodayRaceInfo/Odds3LenFuku?k_babaCode=32&k_raceDate=2026%2F09%2F26&k_raceNo=10
2026-09-26 20:25:00,20:24,2026-09-26,saga,10,15,三連複,3-5-14,5571.6,5571.6,316,https://www.keiba.go.jp/KeibaWeb/TodayRaceInfo/Odds3LenFuku?k_babaCode=32&k_raceDate=2026%2F09%2F26&k_raceNo=10
2026-09-26 20:25:00,20:24,2026-09-26,saga,10,15,三連複,3-6-13,5571.6,5571.6,316,https://www.keiba.go.jp/KeibaWeb/TodayRaceInfo/Odds3LenFuku?k_babaCode=32&k_raceDate=2026%2F09%2F26&k_raceNo=10
2026-09-26 20:25:00,20:24,2026-09-26,saga,10,15,三連複,3-10-12,5571.6,5571.6,316,https://www.keiba.go.jp/KeibaWeb/TodayRaceInfo/Odds3LenFuku?k_babaCode=32&k_raceDate=2026%2F09%2F26&k_raceNo=10
2026-09-26 20:25:00,20:24,2026-09-26,saga,10,15,三連複,4-5-12,5571.6,5571.6,316,https://www.keiba.go.jp/KeibaWeb/TodayRaceInfo/Odds3LenFuku?k_babaCode=32&k_raceDate=2026%2F09%2F26&k_raceNo=10
2026-09-26 20:25:00,20:24,2026-09-26,saga,10,15,三連複,5-6-10,5571.6,5571.6,316,https://www.keiba.go.jp/KeibaWeb/TodayRaceInfo/Odds3LenFuku?k_babaCode=32&k_raceDate=2026%2F09%2F26&k_raceNo=10
2026-09-26 20:25:00,20:24,2026-09-26,saga,10,15,三連複,5-6-12,5571.6,5571.6,316,https://www.keiba.go.jp/KeibaWeb/TodayRaceInfo/Odds3LenFuku?k_babaCode=32&k_raceDate=2026%2F09%2F26&k_raceNo=10
2026-09-26 20:25:00,20:24,2026-09-26,saga,10,15,三連複,1-3-14,7428.8,7428.8,333,https://www.keiba.go.jp/KeibaWeb/TodayRaceInfo/Odds3LenFuku?k_babaCode=32&k_raceDate=2026%2F09%2F26&k_raceNo=10
2026-09-26 20:25:00,20:24,2026-09-26,saga,10,15,三連複,1-4-12,7428.8,7428.8,333,https://www.keiba.go.jp/KeibaWeb/TodayRaceInfo/Odds3LenFuku?k_babaCode=32&k_raceDate=2026%2F09%2F26&k_raceNo=10
2026-09-26 20:25:00,20:24,2026-09-26,saga,10,15,三連複,1-5-10,7428.8,7428.8,333,https://www.keiba.go.jp/KeibaWeb/TodayRaceInfo/Odds3LenFuku?k_babaCode=32&k_raceDate=2026%2F09%2F26&k_raceNo=10
2026-09-26 20:25:00,20:24,2026-09-26,saga,10,15,三連複,1-6-12,7428.8,7428.8,333,https://www.keiba.go.jp/KeibaWeb/TodayRaceInfo/Odds3LenFuku?k_babaCode=32&k_raceDate=2026%2F09%2F26&k_raceNo=10
2026-09-26 20:25:00,20:24,2026-09-26,saga,10,15,三連複,1-6-13,7428.8,7428.8,333,https://www.keiba.go.jp/KeibaWeb/TodayRaceInfo/Odds3LenFuku?k_babaCode=32&k_raceDate=2026%2F09%2F26&k_raceNo=10
2026-09-26 20:25:00,20:24,2026-09-26,saga,10,15,三連複,1-6-14,7428.8,7428.8,333,https://www.keiba.go.jp/KeibaWeb/TodayRaceInfo/Odds3LenFuku?k_babaCode=32&k_raceDate=2026%2F09%2F26&k_raceNo=10
2026-09-26 20:25:00,20:24,2026-09-26,saga,10,15,三連複,1-12-14,7428.8,7428.8,333,https://www.keiba.go.jp/KeibaWeb/TodayRaceInfo/Odds3LenFuku?k_babaCode=32&k_raceDate=2026%2F09%2F26&k_raceNo=10
2026-09-26 20:25:00,20:24,2026-09-26,saga,10,15,三連複,2-3-5,7428.8,7428.8,333,https://www.keiba.go.jp/KeibaWeb/TodayRaceInfo/Odds3LenFuku?k_babaCode=32&k_raceDate=2026%2F09%2F26&k_raceNo=10
2026-09-26 20:25:00,20:24,2026-09-26,saga,10,15,三連複,3-6-14,7428.8,7428.8,333,https://www.keiba.go.jp/KeibaWeb/TodayRaceInfo/Odds3LenFuku?k_babaCode=32&k_raceDate=2026%2F09%2F26&k_raceNo=10
2026-09-26 20:25:00,20:24,2026-09-26,saga,10,15,三連複,3-8-12,7428.8,7428.8,333,https://www.keiba.go.jp/KeibaWeb/TodayRaceInfo/Odds3LenFuku?k_babaCode=32&k_raceDate=2026%2F09%2F26&k_raceNo=10
2026-09-26 20:25:00,20:24,2026-09-26,saga,10,15,三連複,4-11-12,7428.8,7428.8,333,https://www.keiba.go.jp/KeibaWeb/TodayRaceInfo/Odds3LenFuku?k_babaCode=32&k_raceDate=2026%2F09%2F26&k_raceNo=10
2026-09-26 20:25:00,20:24,2026-09-26,saga,10,15,三連複,4-12-13,7428.8,7428.8,333,https://www.keiba.go.jp/KeibaWeb/TodayRaceInfo/Odds3LenFuku?k_babaCode=32&k_raceDate=2026%2F09%2F26&k_raceNo=10
2026-09-26 20:25:00,20:24,2026-09-26,saga,10,15,三連複,5-10-12,7428.8,7428.8,333,https://www.keiba.go.jp/KeibaWeb/TodayRaceInfo/Odds3LenFuku?k_babaCode=32&k_raceDate=2026%2F09%2F26&k_raceNo=10
2026-09-26 20:25:00,20:24,2026-09-26,saga,10,15,三連複,6-12-14,7428.8,7428.8,333,https://www.keiba.go.jp/KeibaWeb/TodayRaceInfo/Odds3LenFuku?k_babaCode=32&k_raceDate=2026%2F09%2F26&k_raceNo=10
2026-09-26 20:25:00,20:24,2026-09-26,saga,10,15,三連複,8-11-12,7428.8,7428.8,333,https://www.keiba.go.jp/KeibaWeb/TodayRaceInfo/Odds3LenFuku?k_babaCode=32&k_raceDate=2026%2F09%2F26&k_raceNo=10
2026-09-26 20:25:00,20:24,2026-09-26,saga,10,15,三連複,1-10-13,11143.2,11143.2,348,https://www.keiba.go.jp/KeibaWeb/TodayRaceInfo/Odds3LenFuku?k_babaCode=32&k_raceDate=2026%2F09%2F26&k_raceNo=10
2026-09-26 20:25:00,20:24,2026-09-26,saga,10,15,三連複,1-11-13,11143.2,11143.2,348,https://www.keiba.go.jp/KeibaWeb/TodayRaceInfo/Odds3LenFuku?k_babaCode=32&k_raceDate=2026%2F09%2F26&k_raceNo=10
2026-09-26 20:25:00,20:24,2026-09-26,saga,10,15,三連複,3-11-12,11143.2,11143.2,348,https://www.keiba.go.jp/KeibaWeb/TodayRaceInfo/Odds3LenFuku?k_babaCode=32&k_raceDate=2026%2F09%2F26&k_raceNo=10
2026-09-26 20:25:00,20:24,2026-09-26,saga,10,15,三連複,3-12-13,11143.2,11143.2,348,https://www.keiba.go.jp/KeibaWeb/TodayRaceInfo/Odds3LenFuku?k_babaCode=32&k_raceDate=2026%2F09%2F26&k_raceNo=10
2026-09-26 20:25:00,20:24,2026-09-26,saga,10,15,三連複,5-12-14,11143.2,11143.2,348,https://www.keiba.go.jp/KeibaWeb/TodayRaceInfo/Odds3LenFuku?k_babaCode=32&k_raceDate=2026%2F09%2F26&k_raceNo=10
2026-09-26 20:25:00,20:24,2026-09-26,saga,10,15,三連複,6-12-13,11143.2,11143.2,348,https://www.keiba.go.jp/KeibaWeb/TodayRaceInfo/Odds3LenFuku?k_babaCode=32&k_raceDate=2026%2F09%2F26&k_raceNo=10
2026-09-26 20:25:00,20:24,2026-09-26,saga,10,15,三連複,10-12-13,11143.2,11143.2,348,https://www.keiba.go.jp/KeibaWeb/TodayRaceInfo/Odds3LenFuku?k_babaCode=32&k_raceDate=2026%2F09%2F26&k_raceNo=10
2026-09-26 20:25:00,20:24,2026-09-26,saga,10,15,三連複,1-8-13,22286.5,22286.5,355,https://www.keiba.go.jp/KeibaWeb/TodayRaceInfo/Odds3LenFuku?k_babaCode=32&k_raceDate=2026%2F09%2F26&k_raceNo=10
2026-09-26 20:25:00,20:24,2026-09-26,saga,10,15,三連複,1-11-12,22286.5,22286.5,355,https://www.keiba.go.jp/KeibaWeb/TodayRaceInfo/Odds3LenFuku?k_babaCode=32&k_raceDate=2026%2F09%2F26&k_raceNo=10
2026-09-26 20:25:00,20:24,2026-09-26,saga,10,15,三連複,3-6-12,22286.5,22286.5,355,https://www.keiba.go.jp/KeibaWeb/TodayRaceInfo/Odds3LenFuku?k_babaCode=32&k_raceDate=2026%2F09%2F26&k_raceNo=10
2026-09-26 20:25:00,20:24,2026-09-26,saga,10,15,三連複,3-12-14,22286.5,22286.5,355,https://www.keiba.go.jp/KeibaWeb/TodayRaceInfo/Odds3LenFuku?k_babaCode=32&k_raceDate=2026%2F09%2F26&k_raceNo=10
2026-09-26 20:25:00,20:24,2026-09-26,saga,10,15,三連複,5-10-13,22286.5,22286.5,355,https://www.keiba.go.jp/KeibaWeb/TodayRaceInfo/Odds3LenFuku?k_babaCode=32&k_raceDate=2026%2F09%2F26&k_raceNo=10
2026-09-26 20:25:00,20:24,2026-09-26,saga,10,15,三連複,5-11-12,22286.5,22286.5,355,https://www.keiba.go.jp/KeibaWeb/TodayRaceInfo/Odds3LenFuku?k_babaCode=32&k_raceDate=2026%2F09%2F26&k_raceNo=10
2026-09-26 20:25:00,20:24,2026-09-26,saga,10,15,三連複,5-12-13,22286.5,22286.5,355,https://www.keiba.go.jp/KeibaWeb/TodayRaceInfo/Odds3LenFuku?k_babaCode=32&k_raceDate=2026%2F09%2F26&k_raceNo=10
2026-09-26 20:25:00,20:24,2026-09-26,saga,10,15,三連複,8-12-14,22286.5,22286.5,355,https://www.keiba.go.jp/KeibaWeb/TodayRaceInfo/Odds3LenFuku?k_babaCode=32&k_raceDate=2026%2F09%2F26&k_raceNo=10
2026-09-26 20:25:00,20:24,2026-09-26,saga,10,15,三連複,5-8-12,0.0,0.0,363,https://www.keiba.go.jp/KeibaWeb/TodayRaceInfo/Odds3LenFuku?k_babaCode=32&k_raceDate=2026%2F09%2F26&k_raceNo=10
2026-09-26 20:25:00,20:24,2026-09-26,saga,10,15,三連複,8-12-13,0.0,0.0,363,https://www.keiba.go.jp/KeibaWeb/TodayRaceInfo/Odds3LenFuku?k_babaCode=32&k_raceDate=2026%2F09%2F26&k_raceNo=10
