captured_at,source_time,race_date,track,race_no,minutes_before,bet_type,combination,odds_low,odds_high,popularity,source_url
2026-10-10 20:38:00,20:37,2026-10-10,saga,12,2,単勝,1,93.1,93.1,10,https://www.keiba.go.jp/KeibaWeb/TodayRaceInfo/OddsTanFuku?k_babaCode=32&k_raceDate=2026%2F10%2F10&k_raceNo=12
2026-10-10 20:38:00,20:37,2026-10-10,saga,12,2,単勝,2,111.9,111.9,11,https://www.keiba.go.jp/KeibaWeb/TodayRaceInfo/OddsTanFuku?k_babaCode=32&k_raceDate=2026%2F10%2F10&k_raceNo=12
2026-10-10 20:38:00,20:37,2026-10-10,saga,12,2,単勝,3,3.9,3.9,2,https://www.keiba.go.jp/KeibaWeb/TodayRaceInfo/OddsTanFuku?k_babaCode=32&k_raceDate=2026%2F10%2F10&k_raceNo=12
2026-10-10 20:38:00,20:37,2026-10-10,saga,12,2,単勝,4,179.4,179.4,13,https://www.keiba.go.jp/KeibaWeb/TodayRaceInfo/OddsTanFuku?k_babaCode=32&k_raceDate=2026%2F10%2F10&k_raceNo=12
2026-10-10 20:38:00,20:37,2026-10-10,saga,12,2,単勝,5,26.5,26.5,5,https://www.keiba.go.jp/KeibaWeb/TodayRaceInfo/OddsTanFuku?k_babaCode=32&k_raceDate=2026%2F10%2F10&k_raceNo=12
2026-10-10 20:38:00,20:37,2026-10-10,saga,12,2,単勝,6,74.6,74.6,9,https://www.keiba.go.jp/KeibaWeb/TodayRaceInfo/OddsTanFuku?k_babaCode=32&k_raceDate=2026%2F10%2F10&k_raceNo=12
2026-10-10 20:38:00,20:37,2026-10-10,saga,12,2,単勝,7,45.0,45.0,6,https://www.keiba.go.jp/KeibaWeb/TodayRaceInfo/OddsTanFuku?k_babaCode=32&k_raceDate=2026%2F10%2F10&k_raceNo=12
2026-10-10 20:38:00,20:37,2026-10-10,saga,12,2,単勝,8,153.0,153.0,12,https://www.keiba.go.jp/KeibaWeb/TodayRaceInfo/OddsTanFuku?k_babaCode=32&k_raceDate=2026%2F10%2F10&k_raceNo=12
2026-10-10 20:38:00,20:37,2026-10-10,saga,12,2,単勝,9,25.7,25.7,4,https://www.keiba.go.jp/KeibaWeb/TodayRaceInfo/OddsTanFuku?k_babaCode=32&k_raceDate=2026%2F10%2F10&k_raceNo=12
2026-10-10 20:38:00,20:37,2026-10-10,saga,12,2,単勝,10,8.6,8.6,3,https://www.keiba.go.jp/KeibaWeb/TodayRaceInfo/OddsTanFuku?k_babaCode=32&k_raceDate=2026%2F10%2F10&k_raceNo=12
2026-10-10 20:38:00,20:37,2026-10-10,saga,12,2,単勝,11,301.0,301.0,14,https://www.keiba.go.jp/KeibaWeb/TodayRaceInfo/OddsTanFuku?k_babaCode=32&k_raceDate=2026%2F10%2F10&k_raceNo=12
2026-10-10 20:38:00,20:37,2026-10-10,saga,12,2,単勝,12,72.8,72.8,8,https://www.keiba.go.jp/KeibaWeb/TodayRaceInfo/OddsTanFuku?k_babaCode=32&k_raceDate=2026%2F10%2F10&k_raceNo=12
2026-10-10 20:38:00,20:37,2026-10-10,saga,12,2,単勝,13,1.4,1.4,1,https://www.keiba.go.jp/KeibaWeb/TodayRaceInfo/OddsTanFuku?k_babaCode=32&k_raceDate=2026%2F10%2F10&k_raceNo=12
2026-10-10 20:38:00,20:37,2026-10-10,saga,12,2,単勝,14,65.9,65.9,7,https://www.keiba.go.jp/KeibaWeb/TodayRaceInfo/OddsTanFuku?k_babaCode=32&k_raceDate=2026%2F10%2F10&k_raceNo=12
2026-10-10 20:38:00,20:37,2026-10-10,saga,12,2,馬連,3-13,2.0,2.0,1,https://www.keiba.go.jp/KeibaWeb/TodayRaceInfo/OddsUmLenFuku?k_babaCode=32&k_raceDate=2026%2F10%2F10&k_raceNo=12
2026-10-10 20:38:00,20:37,2026-10-10,saga,12,2,馬連,10-13,6.5,6.5,2,https://www.keiba.go.jp/KeibaWeb/TodayRaceInfo/OddsUmLenFuku?k_babaCode=32&k_raceDate=2026%2F10%2F10&k_raceNo=12
2026-10-10 20:38:00,20:37,2026-10-10,saga,12,2,馬連,3-10,13.0,13.0,3,https://www.keiba.go.jp/KeibaWeb/TodayRaceInfo/OddsUmLenFuku?k_babaCode=32&k_raceDate=2026%2F10%2F10&k_raceNo=12
2026-10-10 20:38:00,20:37,2026-10-10,saga,12,2,馬連,9-13,21.3,21.3,4,https://www.keiba.go.jp/KeibaWeb/TodayRaceInfo/OddsUmLenFuku?k_babaCode=32&k_raceDate=2026%2F10%2F10&k_raceNo=12
2026-10-10 20:38:00,20:37,2026-10-10,saga,12,2,馬連,12-13,21.8,21.8,5,https://www.keiba.go.jp/KeibaWeb/TodayRaceInfo/OddsUmLenFuku?k_babaCode=32&k_raceDate=2026%2F10%2F10&k_raceNo=12
2026-10-10 20:38:00,20:37,2026-10-10,saga,12,2,馬連,5-13,27.4,27.4,6,https://www.keiba.go.jp/KeibaWeb/TodayRaceInfo/OddsUmLenFuku?k_babaCode=32&k_raceDate=2026%2F10%2F10&k_raceNo=12
2026-10-10 20:38:00,20:37,2026-10-10,saga,12,2,馬連,9-10,39.2,39.2,7,https://www.keiba.go.jp/KeibaWeb/TodayRaceInfo/OddsUmLenFuku?k_babaCode=32&k_raceDate=2026%2F10%2F10&k_raceNo=12
2026-10-10 20:38:00,20:37,2026-10-10,saga,12,2,馬連,7-13,41.0,41.0,8,https://www.keiba.go.jp/KeibaWeb/TodayRaceInfo/OddsUmLenFuku?k_babaCode=32&k_raceDate=2026%2F10%2F10&k_raceNo=12
2026-10-10 20:38:00,20:37,2026-10-10,saga,12,2,馬連,3-9,41.5,41.5,9,https://www.keiba.go.jp/KeibaWeb/TodayRaceInfo/OddsUmLenFuku?k_babaCode=32&k_raceDate=2026%2F10%2F10&k_raceNo=12
2026-10-10 20:38:00,20:37,2026-10-10,saga,12,2,馬連,13-14,41.5,41.5,9,https://www.keiba.go.jp/KeibaWeb/TodayRaceInfo/OddsUmLenFuku?k_babaCode=32&k_raceDate=2026%2F10%2F10&k_raceNo=12
2026-10-10 20:38:00,20:37,2026-10-10,saga,12,2,馬連,2-13,44.8,44.8,11,https://www.keiba.go.jp/KeibaWeb/TodayRaceInfo/OddsUmLenFuku?k_babaCode=32&k_raceDate=2026%2F10%2F10&k_raceNo=12
2026-10-10 20:38:00,20:37,2026-10-10,saga,12,2,馬連,6-13,48.0,48.0,12,https://www.keiba.go.jp/KeibaWeb/TodayRaceInfo/OddsUmLenFuku?k_babaCode=32&k_raceDate=2026%2F10%2F10&k_raceNo=12
2026-10-10 20:38:00,20:37,2026-10-10,saga,12,2,馬連,3-12,55.0,55.0,13,https://www.keiba.go.jp/KeibaWeb/TodayRaceInfo/OddsUmLenFuku?k_babaCode=32&k_raceDate=2026%2F10%2F10&k_raceNo=12
2026-10-10 20:38:00,20:37,2026-10-10,saga,12,2,馬連,3-5,58.0,58.0,14,https://www.keiba.go.jp/KeibaWeb/TodayRaceInfo/OddsUmLenFuku?k_babaCode=32&k_raceDate=2026%2F10%2F10&k_raceNo=12
2026-10-10 20:38:00,20:37,2026-10-10,saga,12,2,馬連,3-7,63.9,63.9,15,https://www.keiba.go.jp/KeibaWeb/TodayRaceInfo/OddsUmLenFuku?k_babaCode=32&k_raceDate=2026%2F10%2F10&k_raceNo=12
2026-10-10 20:38:00,20:37,2026-10-10,saga,12,2,馬連,1-13,64.6,64.6,16,https://www.keiba.go.jp/KeibaWeb/TodayRaceInfo/OddsUmLenFuku?k_babaCode=32&k_raceDate=2026%2F10%2F10&k_raceNo=12
2026-10-10 20:38:00,20:37,2026-10-10,saga,12,2,馬連,10-12,65.7,65.7,17,https://www.keiba.go.jp/KeibaWeb/TodayRaceInfo/OddsUmLenFuku?k_babaCode=32&k_raceDate=2026%2F10%2F10&k_raceNo=12
2026-10-10 20:38:00,20:37,2026-10-10,saga,12,2,馬連,8-13,72.0,72.0,18,https://www.keiba.go.jp/KeibaWeb/TodayRaceInfo/OddsUmLenFuku?k_babaCode=32&k_raceDate=2026%2F10%2F10&k_raceNo=12
2026-10-10 20:38:00,20:37,2026-10-10,saga,12,2,馬連,5-10,82.8,82.8,19,https://www.keiba.go.jp/KeibaWeb/TodayRaceInfo/OddsUmLenFuku?k_babaCode=32&k_raceDate=2026%2F10%2F10&k_raceNo=12
2026-10-10 20:38:00,20:37,2026-10-10,saga,12,2,馬連,2-3,86.6,86.6,20,https://www.keiba.go.jp/KeibaWeb/TodayRaceInfo/OddsUmLenFuku?k_babaCode=32&k_raceDate=2026%2F10%2F10&k_raceNo=12
2026-10-10 20:38:00,20:37,2026-10-10,saga,12,2,馬連,3-6,87.3,87.3,21,https://www.keiba.go.jp/KeibaWeb/TodayRaceInfo/OddsUmLenFuku?k_babaCode=32&k_raceDate=2026%2F10%2F10&k_raceNo=12
2026-10-10 20:38:00,20:37,2026-10-10,saga,12,2,馬連,7-10,91.5,91.5,22,https://www.keiba.go.jp/KeibaWeb/TodayRaceInfo/OddsUmLenFuku?k_babaCode=32&k_raceDate=2026%2F10%2F10&k_raceNo=12
2026-10-10 20:38:00,20:37,2026-10-10,saga,12,2,馬連,2-10,97.9,97.9,23,https://www.keiba.go.jp/KeibaWeb/TodayRaceInfo/OddsUmLenFuku?k_babaCode=32&k_raceDate=2026%2F10%2F10&k_raceNo=12
2026-10-10 20:38:00,20:37,2026-10-10,saga,12,2,馬連,3-8,109.1,109.1,24,https://www.keiba.go.jp/KeibaWeb/TodayRaceInfo/OddsUmLenFuku?k_babaCode=32&k_raceDate=2026%2F10%2F10&k_raceNo=12
2026-10-10 20:38:00,20:37,2026-10-10,saga,12,2,馬連,3-14,111.4,111.4,25,https://www.keiba.go.jp/KeibaWeb/TodayRaceInfo/OddsUmLenFuku?k_babaCode=32&k_raceDate=2026%2F10%2F10&k_raceNo=12
2026-10-10 20:38:00,20:37,2026-10-10,saga,12,2,馬連,4-13,114.5,114.5,26,https://www.keiba.go.jp/KeibaWeb/TodayRaceInfo/OddsUmLenFuku?k_babaCode=32&k_raceDate=2026%2F10%2F10&k_raceNo=12
2026-10-10 20:38:00,20:37,2026-10-10,saga,12,2,馬連,1-3,116.4,116.4,27,https://www.keiba.go.jp/KeibaWeb/TodayRaceInfo/OddsUmLenFuku?k_babaCode=32&k_raceDate=2026%2F10%2F10&k_raceNo=12
2026-10-10 20:38:00,20:37,2026-10-10,saga,12,2,馬連,6-10,120.4,120.4,28,https://www.keiba.go.jp/KeibaWeb/TodayRaceInfo/OddsUmLenFuku?k_babaCode=32&k_raceDate=2026%2F10%2F10&k_raceNo=12
2026-10-10 20:38:00,20:37,2026-10-10,saga,12,2,馬連,5-9,154.1,154.1,29,https://www.keiba.go.jp/KeibaWeb/TodayRaceInfo/OddsUmLenFuku?k_babaCode=32&k_raceDate=2026%2F10%2F10&k_raceNo=12
2026-10-10 20:38:00,20:37,2026-10-10,saga,12,2,馬連,10-14,166.3,166.3,30,https://www.keiba.go.jp/KeibaWeb/TodayRaceInfo/OddsUmLenFuku?k_babaCode=32&k_raceDate=2026%2F10%2F10&k_raceNo=12
2026-10-10 20:38:00,20:37,2026-10-10,saga,12,2,馬連,3-4,169.0,169.0,31,https://www.keiba.go.jp/KeibaWeb/TodayRaceInfo/OddsUmLenFuku?k_babaCode=32&k_raceDate=2026%2F10%2F10&k_raceNo=12
2026-10-10 20:38:00,20:37,2026-10-10,saga,12,2,馬連,1-10,176.1,176.1,32,https://www.keiba.go.jp/KeibaWeb/TodayRaceInfo/OddsUmLenFuku?k_babaCode=32&k_raceDate=2026%2F10%2F10&k_raceNo=12
2026-10-10 20:38:00,20:37,2026-10-10,saga,12,2,馬連,6-9,209.6,209.6,33,https://www.keiba.go.jp/KeibaWeb/TodayRaceInfo/OddsUmLenFuku?k_babaCode=32&k_raceDate=2026%2F10%2F10&k_raceNo=12
2026-10-10 20:38:00,20:37,2026-10-10,saga,12,2,馬連,8-10,216.0,216.0,34,https://www.keiba.go.jp/KeibaWeb/TodayRaceInfo/OddsUmLenFuku?k_babaCode=32&k_raceDate=2026%2F10%2F10&k_raceNo=12
2026-10-10 20:38:00,20:37,2026-10-10,saga,12,2,馬連,11-13,216.0,216.0,34,https://www.keiba.go.jp/KeibaWeb/TodayRaceInfo/OddsUmLenFuku?k_babaCode=32&k_raceDate=2026%2F10%2F10&k_raceNo=12
2026-10-10 20:38:00,20:37,2026-10-10,saga,12,2,馬連,9-12,249.5,249.5,36,https://www.keiba.go.jp/KeibaWeb/TodayRaceInfo/OddsUmLenFuku?k_babaCode=32&k_raceDate=2026%2F10%2F10&k_raceNo=12
2026-10-10 20:38:00,20:37,2026-10-10,saga,12,2,馬連,7-9,252.5,252.5,37,https://www.keiba.go.jp/KeibaWeb/TodayRaceInfo/OddsUmLenFuku?k_babaCode=32&k_raceDate=2026%2F10%2F10&k_raceNo=12
2026-10-10 20:38:00,20:37,2026-10-10,saga,12,2,馬連,5-7,262.0,262.0,38,https://www.keiba.go.jp/KeibaWeb/TodayRaceInfo/OddsUmLenFuku?k_babaCode=32&k_raceDate=2026%2F10%2F10&k_raceNo=12
2026-10-10 20:38:00,20:37,2026-10-10,saga,12,2,馬連,4-10,268.7,268.7,39,https://www.keiba.go.jp/KeibaWeb/TodayRaceInfo/OddsUmLenFuku?k_babaCode=32&k_raceDate=2026%2F10%2F10&k_raceNo=12
2026-10-10 20:38:00,20:37,2026-10-10,saga,12,2,馬連,9-14,272.2,272.2,40,https://www.keiba.go.jp/KeibaWeb/TodayRaceInfo/OddsUmLenFuku?k_babaCode=32&k_raceDate=2026%2F10%2F10&k_raceNo=12
2026-10-10 20:38:00,20:37,2026-10-10,saga,12,2,馬連,1-9,283.2,283.2,41,https://www.keiba.go.jp/KeibaWeb/TodayRaceInfo/OddsUmLenFuku?k_babaCode=32&k_raceDate=2026%2F10%2F10&k_raceNo=12
2026-10-10 20:38:00,20:37,2026-10-10,saga,12,2,馬連,2-12,322.4,322.4,42,https://www.keiba.go.jp/KeibaWeb/TodayRaceInfo/OddsUmLenFuku?k_babaCode=32&k_raceDate=2026%2F10%2F10&k_raceNo=12
2026-10-10 20:38:00,20:37,2026-10-10,saga,12,2,馬連,2-7,338.0,338.0,43,https://www.keiba.go.jp/KeibaWeb/TodayRaceInfo/OddsUmLenFuku?k_babaCode=32&k_raceDate=2026%2F10%2F10&k_raceNo=12
2026-10-10 20:38:00,20:37,2026-10-10,saga,12,2,馬連,7-14,338.0,338.0,43,https://www.keiba.go.jp/KeibaWeb/TodayRaceInfo/OddsUmLenFuku?k_babaCode=32&k_raceDate=2026%2F10%2F10&k_raceNo=12
2026-10-10 20:38:00,20:37,2026-10-10,saga,12,2,馬連,3-11,349.3,349.3,45,https://www.keiba.go.jp/KeibaWeb/TodayRaceInfo/OddsUmLenFuku?k_babaCode=32&k_raceDate=2026%2F10%2F10&k_raceNo=12
2026-10-10 20:38:00,20:37,2026-10-10,saga,12,2,馬連,12-14,349.3,349.3,45,https://www.keiba.go.jp/KeibaWeb/TodayRaceInfo/OddsUmLenFuku?k_babaCode=32&k_raceDate=2026%2F10%2F10&k_raceNo=12
2026-10-10 20:38:00,20:37,2026-10-10,saga,12,2,馬連,2-5,355.2,355.2,47,https://www.keiba.go.jp/KeibaWeb/TodayRaceInfo/OddsUmLenFuku?k_babaCode=32&k_raceDate=2026%2F10%2F10&k_raceNo=12
2026-10-10 20:38:00,20:37,2026-10-10,saga,12,2,馬連,1-5,388.1,388.1,48,https://www.keiba.go.jp/KeibaWeb/TodayRaceInfo/OddsUmLenFuku?k_babaCode=32&k_raceDate=2026%2F10%2F10&k_raceNo=12
2026-10-10 20:38:00,20:37,2026-10-10,saga,12,2,馬連,7-12,388.1,388.1,48,https://www.keiba.go.jp/KeibaWeb/TodayRaceInfo/OddsUmLenFuku?k_babaCode=32&k_raceDate=2026%2F10%2F10&k_raceNo=12
2026-10-10 20:38:00,20:37,2026-10-10,saga,12,2,馬連,8-9,411.0,411.0,50,https://www.keiba.go.jp/KeibaWeb/TodayRaceInfo/OddsUmLenFuku?k_babaCode=32&k_raceDate=2026%2F10%2F10&k_raceNo=12
2026-10-10 20:38:00,20:37,2026-10-10,saga,12,2,馬連,6-8,419.2,419.2,51,https://www.keiba.go.jp/KeibaWeb/TodayRaceInfo/OddsUmLenFuku?k_babaCode=32&k_raceDate=2026%2F10%2F10&k_raceNo=12
2026-10-10 20:38:00,20:37,2026-10-10,saga,12,2,馬連,1-12,427.7,427.7,52,https://www.keiba.go.jp/KeibaWeb/TodayRaceInfo/OddsUmLenFuku?k_babaCode=32&k_raceDate=2026%2F10%2F10&k_raceNo=12
2026-10-10 20:38:00,20:37,2026-10-10,saga,12,2,馬連,5-14,427.7,427.7,52,https://www.keiba.go.jp/KeibaWeb/TodayRaceInfo/OddsUmLenFuku?k_babaCode=32&k_raceDate=2026%2F10%2F10&k_raceNo=12
2026-10-10 20:38:00,20:37,2026-10-10,saga,12,2,馬連,2-9,436.6,436.6,54,https://www.keiba.go.jp/KeibaWeb/TodayRaceInfo/OddsUmLenFuku?k_babaCode=32&k_raceDate=2026%2F10%2F10&k_raceNo=12
2026-10-10 20:38:00,20:37,2026-10-10,saga,12,2,馬連,6-12,445.9,445.9,55,https://www.keiba.go.jp/KeibaWeb/TodayRaceInfo/OddsUmLenFuku?k_babaCode=32&k_raceDate=2026%2F10%2F10&k_raceNo=12
2026-10-10 20:38:00,20:37,2026-10-10,saga,12,2,馬連,1-7,465.8,465.8,56,https://www.keiba.go.jp/KeibaWeb/TodayRaceInfo/OddsUmLenFuku?k_babaCode=32&k_raceDate=2026%2F10%2F10&k_raceNo=12
2026-10-10 20:38:00,20:37,2026-10-10,saga,12,2,馬連,6-14,465.8,465.8,56,https://www.keiba.go.jp/KeibaWeb/TodayRaceInfo/OddsUmLenFuku?k_babaCode=32&k_raceDate=2026%2F10%2F10&k_raceNo=12
2026-10-10 20:38:00,20:37,2026-10-10,saga,12,2,馬連,1-2,476.3,476.3,58,https://www.keiba.go.jp/KeibaWeb/TodayRaceInfo/OddsUmLenFuku?k_babaCode=32&k_raceDate=2026%2F10%2F10&k_raceNo=12
2026-10-10 20:38:00,20:37,2026-10-10,saga,12,2,馬連,5-6,476.3,476.3,58,https://www.keiba.go.jp/KeibaWeb/TodayRaceInfo/OddsUmLenFuku?k_babaCode=32&k_raceDate=2026%2F10%2F10&k_raceNo=12
2026-10-10 20:38:00,20:37,2026-10-10,saga,12,2,馬連,5-8,499.0,499.0,60,https://www.keiba.go.jp/KeibaWeb/TodayRaceInfo/OddsUmLenFuku?k_babaCode=32&k_raceDate=2026%2F10%2F10&k_raceNo=12
2026-10-10 20:38:00,20:37,2026-10-10,saga,12,2,馬連,5-12,499.0,499.0,60,https://www.keiba.go.jp/KeibaWeb/TodayRaceInfo/OddsUmLenFuku?k_babaCode=32&k_raceDate=2026%2F10%2F10&k_raceNo=12
2026-10-10 20:38:00,20:37,2026-10-10,saga,12,2,馬連,8-14,524.0,524.0,62,https://www.keiba.go.jp/KeibaWeb/TodayRaceInfo/OddsUmLenFuku?k_babaCode=32&k_raceDate=2026%2F10%2F10&k_raceNo=12
2026-10-10 20:38:00,20:37,2026-10-10,saga,12,2,馬連,10-11,551.6,551.6,63,https://www.keiba.go.jp/KeibaWeb/TodayRaceInfo/OddsUmLenFuku?k_babaCode=32&k_raceDate=2026%2F10%2F10&k_raceNo=12
2026-10-10 20:38:00,20:37,2026-10-10,saga,12,2,馬連,1-14,566.5,566.5,64,https://www.keiba.go.jp/KeibaWeb/TodayRaceInfo/OddsUmLenFuku?k_babaCode=32&k_raceDate=2026%2F10%2F10&k_raceNo=12
2026-10-10 20:38:00,20:37,2026-10-10,saga,12,2,馬連,1-8,582.2,582.2,65,https://www.keiba.go.jp/KeibaWeb/TodayRaceInfo/OddsUmLenFuku?k_babaCode=32&k_raceDate=2026%2F10%2F10&k_raceNo=12
2026-10-10 20:38:00,20:37,2026-10-10,saga,12,2,馬連,8-12,582.2,582.2,65,https://www.keiba.go.jp/KeibaWeb/TodayRaceInfo/OddsUmLenFuku?k_babaCode=32&k_raceDate=2026%2F10%2F10&k_raceNo=12
2026-10-10 20:38:00,20:37,2026-10-10,saga,12,2,馬連,2-4,616.5,616.5,67,https://www.keiba.go.jp/KeibaWeb/TodayRaceInfo/OddsUmLenFuku?k_babaCode=32&k_raceDate=2026%2F10%2F10&k_raceNo=12
2026-10-10 20:38:00,20:37,2026-10-10,saga,12,2,馬連,2-6,616.5,616.5,67,https://www.keiba.go.jp/KeibaWeb/TodayRaceInfo/OddsUmLenFuku?k_babaCode=32&k_raceDate=2026%2F10%2F10&k_raceNo=12
2026-10-10 20:38:00,20:37,2026-10-10,saga,12,2,馬連,2-8,616.5,616.5,67,https://www.keiba.go.jp/KeibaWeb/TodayRaceInfo/OddsUmLenFuku?k_babaCode=32&k_raceDate=2026%2F10%2F10&k_raceNo=12
2026-10-10 20:38:00,20:37,2026-10-10,saga,12,2,馬連,4-9,616.5,616.5,67,https://www.keiba.go.jp/KeibaWeb/TodayRaceInfo/OddsUmLenFuku?k_babaCode=32&k_raceDate=2026%2F10%2F10&k_raceNo=12
2026-10-10 20:38:00,20:37,2026-10-10,saga,12,2,馬連,6-7,616.5,616.5,67,https://www.keiba.go.jp/KeibaWeb/TodayRaceInfo/OddsUmLenFuku?k_babaCode=32&k_raceDate=2026%2F10%2F10&k_raceNo=12
2026-10-10 20:38:00,20:37,2026-10-10,saga,12,2,馬連,2-14,635.1,635.1,72,https://www.keiba.go.jp/KeibaWeb/TodayRaceInfo/OddsUmLenFuku?k_babaCode=32&k_raceDate=2026%2F10%2F10&k_raceNo=12
2026-10-10 20:38:00,20:37,2026-10-10,saga,12,2,馬連,4-5,655.0,655.0,73,https://www.keiba.go.jp/KeibaWeb/TodayRaceInfo/OddsUmLenFuku?k_babaCode=32&k_raceDate=2026%2F10%2F10&k_raceNo=12
2026-10-10 20:38:00,20:37,2026-10-10,saga,12,2,馬連,1-6,676.1,676.1,74,https://www.keiba.go.jp/KeibaWeb/TodayRaceInfo/OddsUmLenFuku?k_babaCode=32&k_raceDate=2026%2F10%2F10&k_raceNo=12
2026-10-10 20:38:00,20:37,2026-10-10,saga,12,2,馬連,6-11,676.1,676.1,74,https://www.keiba.go.jp/KeibaWeb/TodayRaceInfo/OddsUmLenFuku?k_babaCode=32&k_raceDate=2026%2F10%2F10&k_raceNo=12
2026-10-10 20:38:00,20:37,2026-10-10,saga,12,2,馬連,7-8,676.1,676.1,74,https://www.keiba.go.jp/KeibaWeb/TodayRaceInfo/OddsUmLenFuku?k_babaCode=32&k_raceDate=2026%2F10%2F10&k_raceNo=12
2026-10-10 20:38:00,20:37,2026-10-10,saga,12,2,馬連,4-8,722.7,722.7,77,https://www.keiba.go.jp/KeibaWeb/TodayRaceInfo/OddsUmLenFuku?k_babaCode=32&k_raceDate=2026%2F10%2F10&k_raceNo=12
2026-10-10 20:38:00,20:37,2026-10-10,saga,12,2,馬連,4-12,748.6,748.6,78,https://www.keiba.go.jp/KeibaWeb/TodayRaceInfo/OddsUmLenFuku?k_babaCode=32&k_raceDate=2026%2F10%2F10&k_raceNo=12
2026-10-10 20:38:00,20:37,2026-10-10,saga,12,2,馬連,11-12,838.4,838.4,79,https://www.keiba.go.jp/KeibaWeb/TodayRaceInfo/OddsUmLenFuku?k_babaCode=32&k_raceDate=2026%2F10%2F10&k_raceNo=12
2026-10-10 20:38:00,20:37,2026-10-10,saga,12,2,馬連,4-6,873.3,873.3,80,https://www.keiba.go.jp/KeibaWeb/TodayRaceInfo/OddsUmLenFuku?k_babaCode=32&k_raceDate=2026%2F10%2F10&k_raceNo=12
2026-10-10 20:38:00,20:37,2026-10-10,saga,12,2,馬連,8-11,873.3,873.3,80,https://www.keiba.go.jp/KeibaWeb/TodayRaceInfo/OddsUmLenFuku?k_babaCode=32&k_raceDate=2026%2F10%2F10&k_raceNo=12
2026-10-10 20:38:00,20:37,2026-10-10,saga,12,2,馬連,5-11,911.3,911.3,82,https://www.keiba.go.jp/KeibaWeb/TodayRaceInfo/OddsUmLenFuku?k_babaCode=32&k_raceDate=2026%2F10%2F10&k_raceNo=12
2026-10-10 20:38:00,20:37,2026-10-10,saga,12,2,馬連,4-7,952.7,952.7,83,https://www.keiba.go.jp/KeibaWeb/TodayRaceInfo/OddsUmLenFuku?k_babaCode=32&k_raceDate=2026%2F10%2F10&k_raceNo=12
2026-10-10 20:38:00,20:37,2026-10-10,saga,12,2,馬連,9-11,952.7,952.7,83,https://www.keiba.go.jp/KeibaWeb/TodayRaceInfo/OddsUmLenFuku?k_babaCode=32&k_raceDate=2026%2F10%2F10&k_raceNo=12
2026-10-10 20:38:00,20:37,2026-10-10,saga,12,2,馬連,1-4,998.1,998.1,85,https://www.keiba.go.jp/KeibaWeb/TodayRaceInfo/OddsUmLenFuku?k_babaCode=32&k_raceDate=2026%2F10%2F10&k_raceNo=12
2026-10-10 20:38:00,20:37,2026-10-10,saga,12,2,馬連,7-11,1103.2,1103.2,86,https://www.keiba.go.jp/KeibaWeb/TodayRaceInfo/OddsUmLenFuku?k_babaCode=32&k_raceDate=2026%2F10%2F10&k_raceNo=12
2026-10-10 20:38:00,20:37,2026-10-10,saga,12,2,馬連,1-11,1164.5,1164.5,87,https://www.keiba.go.jp/KeibaWeb/TodayRaceInfo/OddsUmLenFuku?k_babaCode=32&k_raceDate=2026%2F10%2F10&k_raceNo=12
2026-10-10 20:38:00,20:37,2026-10-10,saga,12,2,馬連,11-14,1164.5,1164.5,87,https://www.keiba.go.jp/KeibaWeb/TodayRaceInfo/OddsUmLenFuku?k_babaCode=32&k_raceDate=2026%2F10%2F10&k_raceNo=12
2026-10-10 20:38:00,20:37,2026-10-10,saga,12,2,馬連,2-11,1233.0,1233.0,89,https://www.keiba.go.jp/KeibaWeb/TodayRaceInfo/OddsUmLenFuku?k_babaCode=32&k_raceDate=2026%2F10%2F10&k_raceNo=12
2026-10-10 20:38:00,20:37,2026-10-10,saga,12,2,馬連,4-14,1233.0,1233.0,89,https://www.keiba.go.jp/KeibaWeb/TodayRaceInfo/OddsUmLenFuku?k_babaCode=32&k_raceDate=2026%2F10%2F10&k_raceNo=12
2026-10-10 20:38:00,20:37,2026-10-10,saga,12,2,馬連,4-11,2096.1,2096.1,91,https://www.keiba.go.jp/KeibaWeb/TodayRaceInfo/OddsUmLenFuku?k_babaCode=32&k_raceDate=2026%2F10%2F10&k_raceNo=12
2026-10-10 20:38:00,20:37,2026-10-10,saga,12,2,ワイド,3-13,1.4,1.6,1,https://www.keiba.go.jp/KeibaWeb/TodayRaceInfo/OddsWide?k_babaCode=32&k_raceDate=2026%2F10%2F10&k_raceNo=12
2026-10-10 20:38:00,20:37,2026-10-10,saga,12,2,ワイド,10-13,2.0,2.7,2,https://www.keiba.go.jp/KeibaWeb/TodayRaceInfo/OddsWide?k_babaCode=32&k_raceDate=2026%2F10%2F10&k_raceNo=12
2026-10-10 20:38:00,20:37,2026-10-10,saga,12,2,ワイド,3-10,2.5,3.5,3,https://www.keiba.go.jp/KeibaWeb/TodayRaceInfo/OddsWide?k_babaCode=32&k_raceDate=2026%2F10%2F10&k_raceNo=12
2026-10-10 20:38:00,20:37,2026-10-10,saga,12,2,ワイド,9-13,4.6,5.9,4,https://www.keiba.go.jp/KeibaWeb/TodayRaceInfo/OddsWide?k_babaCode=32&k_raceDate=2026%2F10%2F10&k_raceNo=12
2026-10-10 20:38:00,20:37,2026-10-10,saga,12,2,ワイド,12-13,5.8,7.5,5,https://www.keiba.go.jp/KeibaWeb/TodayRaceInfo/OddsWide?k_babaCode=32&k_raceDate=2026%2F10%2F10&k_raceNo=12
2026-10-10 20:38:00,20:37,2026-10-10,saga,12,2,ワイド,5-13,6.5,8.3,6,https://www.keiba.go.jp/KeibaWeb/TodayRaceInfo/OddsWide?k_babaCode=32&k_raceDate=2026%2F10%2F10&k_raceNo=12
2026-10-10 20:38:00,20:37,2026-10-10,saga,12,2,ワイド,3-9,6.9,9.2,7,https://www.keiba.go.jp/KeibaWeb/TodayRaceInfo/OddsWide?k_babaCode=32&k_raceDate=2026%2F10%2F10&k_raceNo=12
2026-10-10 20:38:00,20:37,2026-10-10,saga,12,2,ワイド,3-12,7.9,10.5,8,https://www.keiba.go.jp/KeibaWeb/TodayRaceInfo/OddsWide?k_babaCode=32&k_raceDate=2026%2F10%2F10&k_raceNo=12
2026-10-10 20:38:00,20:37,2026-10-10,saga,12,2,ワイド,8-13,10.0,12.8,9,https://www.keiba.go.jp/KeibaWeb/TodayRaceInfo/OddsWide?k_babaCode=32&k_raceDate=2026%2F10%2F10&k_raceNo=12
2026-10-10 20:38:00,20:37,2026-10-10,saga,12,2,ワイド,7-13,10.9,14.1,10,https://www.keiba.go.jp/KeibaWeb/TodayRaceInfo/OddsWide?k_babaCode=32&k_raceDate=2026%2F10%2F10&k_raceNo=12
2026-10-10 20:38:00,20:37,2026-10-10,saga,12,2,ワイド,13-14,11.1,14.2,11,https://www.keiba.go.jp/KeibaWeb/TodayRaceInfo/OddsWide?k_babaCode=32&k_raceDate=2026%2F10%2F10&k_raceNo=12
2026-10-10 20:38:00,20:37,2026-10-10,saga,12,2,ワイド,9-10,11.7,13.7,12,https://www.keiba.go.jp/KeibaWeb/TodayRaceInfo/OddsWide?k_babaCode=32&k_raceDate=2026%2F10%2F10&k_raceNo=12
2026-10-10 20:38:00,20:37,2026-10-10,saga,12,2,ワイド,3-7,11.9,15.4,13,https://www.keiba.go.jp/KeibaWeb/TodayRaceInfo/OddsWide?k_babaCode=32&k_raceDate=2026%2F10%2F10&k_raceNo=12
2026-10-10 20:38:00,20:37,2026-10-10,saga,12,2,ワイド,3-6,12.5,16.2,14,https://www.keiba.go.jp/KeibaWeb/TodayRaceInfo/OddsWide?k_babaCode=32&k_raceDate=2026%2F10%2F10&k_raceNo=12
2026-10-10 20:38:00,20:37,2026-10-10,saga,12,2,ワイド,6-13,13.2,17.1,15,https://www.keiba.go.jp/KeibaWeb/TodayRaceInfo/OddsWide?k_babaCode=32&k_raceDate=2026%2F10%2F10&k_raceNo=12
2026-10-10 20:38:00,20:37,2026-10-10,saga,12,2,ワイド,2-13,13.8,17.8,16,https://www.keiba.go.jp/KeibaWeb/TodayRaceInfo/OddsWide?k_babaCode=32&k_raceDate=2026%2F10%2F10&k_raceNo=12
2026-10-10 20:38:00,20:37,2026-10-10,saga,12,2,ワイド,1-13,15.0,19.3,17,https://www.keiba.go.jp/KeibaWeb/TodayRaceInfo/OddsWide?k_babaCode=32&k_raceDate=2026%2F10%2F10&k_raceNo=12
2026-10-10 20:38:00,20:37,2026-10-10,saga,12,2,ワイド,5-10,15.3,17.7,18,https://www.keiba.go.jp/KeibaWeb/TodayRaceInfo/OddsWide?k_babaCode=32&k_raceDate=2026%2F10%2F10&k_raceNo=12
2026-10-10 20:38:00,20:37,2026-10-10,saga,12,2,ワイド,7-10,15.8,18.0,19,https://www.keiba.go.jp/KeibaWeb/TodayRaceInfo/OddsWide?k_babaCode=32&k_raceDate=2026%2F10%2F10&k_raceNo=12
2026-10-10 20:38:00,20:37,2026-10-10,saga,12,2,ワイド,10-12,16.3,18.9,20,https://www.keiba.go.jp/KeibaWeb/TodayRaceInfo/OddsWide?k_babaCode=32&k_raceDate=2026%2F10%2F10&k_raceNo=12
2026-10-10 20:38:00,20:37,2026-10-10,saga,12,2,ワイド,3-8,17.0,22.1,21,https://www.keiba.go.jp/KeibaWeb/TodayRaceInfo/OddsWide?k_babaCode=32&k_raceDate=2026%2F10%2F10&k_raceNo=12
2026-10-10 20:38:00,20:37,2026-10-10,saga,12,2,ワイド,3-5,18.2,24.1,22,https://www.keiba.go.jp/KeibaWeb/TodayRaceInfo/OddsWide?k_babaCode=32&k_raceDate=2026%2F10%2F10&k_raceNo=12
2026-10-10 20:38:00,20:37,2026-10-10,saga,12,2,ワイド,2-3,19.8,25.7,23,https://www.keiba.go.jp/KeibaWeb/TodayRaceInfo/OddsWide?k_babaCode=32&k_raceDate=2026%2F10%2F10&k_raceNo=12
2026-10-10 20:38:00,20:37,2026-10-10,saga,12,2,ワイド,3-14,20.7,26.9,24,https://www.keiba.go.jp/KeibaWeb/TodayRaceInfo/OddsWide?k_babaCode=32&k_raceDate=2026%2F10%2F10&k_raceNo=12
2026-10-10 20:38:00,20:37,2026-10-10,saga,12,2,ワイド,2-10,24.8,28.1,25,https://www.keiba.go.jp/KeibaWeb/TodayRaceInfo/OddsWide?k_babaCode=32&k_raceDate=2026%2F10%2F10&k_raceNo=12
2026-10-10 20:38:00,20:37,2026-10-10,saga,12,2,ワイド,4-13,27.4,35.1,26,https://www.keiba.go.jp/KeibaWeb/TodayRaceInfo/OddsWide?k_babaCode=32&k_raceDate=2026%2F10%2F10&k_raceNo=12
2026-10-10 20:38:00,20:37,2026-10-10,saga,12,2,ワイド,6-10,27.9,31.7,27,https://www.keiba.go.jp/KeibaWeb/TodayRaceInfo/OddsWide?k_babaCode=32&k_raceDate=2026%2F10%2F10&k_raceNo=12
2026-10-10 20:38:00,20:37,2026-10-10,saga,12,2,ワイド,1-3,28.9,37.5,28,https://www.keiba.go.jp/KeibaWeb/TodayRaceInfo/OddsWide?k_babaCode=32&k_raceDate=2026%2F10%2F10&k_raceNo=12
2026-10-10 20:38:00,20:37,2026-10-10,saga,12,2,ワイド,5-9,34.5,37.3,29,https://www.keiba.go.jp/KeibaWeb/TodayRaceInfo/OddsWide?k_babaCode=32&k_raceDate=2026%2F10%2F10&k_raceNo=12
2026-10-10 20:38:00,20:37,2026-10-10,saga,12,2,ワイド,10-14,34.6,39.5,30,https://www.keiba.go.jp/KeibaWeb/TodayRaceInfo/OddsWide?k_babaCode=32&k_raceDate=2026%2F10%2F10&k_raceNo=12
2026-10-10 20:38:00,20:37,2026-10-10,saga,12,2,ワイド,8-10,39.4,45.1,31,https://www.keiba.go.jp/KeibaWeb/TodayRaceInfo/OddsWide?k_babaCode=32&k_raceDate=2026%2F10%2F10&k_raceNo=12
2026-10-10 20:38:00,20:37,2026-10-10,saga,12,2,ワイド,5-7,39.5,41.4,32,https://www.keiba.go.jp/KeibaWeb/TodayRaceInfo/OddsWide?k_babaCode=32&k_raceDate=2026%2F10%2F10&k_raceNo=12
2026-10-10 20:38:00,20:37,2026-10-10,saga,12,2,ワイド,3-4,40.0,51.5,33,https://www.keiba.go.jp/KeibaWeb/TodayRaceInfo/OddsWide?k_babaCode=32&k_raceDate=2026%2F10%2F10&k_raceNo=12
2026-10-10 20:38:00,20:37,2026-10-10,saga,12,2,ワイド,9-12,45.6,49.5,34,https://www.keiba.go.jp/KeibaWeb/TodayRaceInfo/OddsWide?k_babaCode=32&k_raceDate=2026%2F10%2F10&k_raceNo=12
2026-10-10 20:38:00,20:37,2026-10-10,saga,12,2,ワイド,1-10,50.8,57.7,35,https://www.keiba.go.jp/KeibaWeb/TodayRaceInfo/OddsWide?k_babaCode=32&k_raceDate=2026%2F10%2F10&k_raceNo=12
2026-10-10 20:38:00,20:37,2026-10-10,saga,12,2,ワイド,6-8,57.0,58.9,36,https://www.keiba.go.jp/KeibaWeb/TodayRaceInfo/OddsWide?k_babaCode=32&k_raceDate=2026%2F10%2F10&k_raceNo=12
2026-10-10 20:38:00,20:37,2026-10-10,saga,12,2,ワイド,2-7,58.1,60.0,37,https://www.keiba.go.jp/KeibaWeb/TodayRaceInfo/OddsWide?k_babaCode=32&k_raceDate=2026%2F10%2F10&k_raceNo=12
2026-10-10 20:38:00,20:37,2026-10-10,saga,12,2,ワイド,7-9,58.8,62.6,38,https://www.keiba.go.jp/KeibaWeb/TodayRaceInfo/OddsWide?k_babaCode=32&k_raceDate=2026%2F10%2F10&k_raceNo=12
2026-10-10 20:38:00,20:37,2026-10-10,saga,12,2,ワイド,8-9,59.0,63.0,39,https://www.keiba.go.jp/KeibaWeb/TodayRaceInfo/OddsWide?k_babaCode=32&k_raceDate=2026%2F10%2F10&k_raceNo=12
2026-10-10 20:38:00,20:37,2026-10-10,saga,12,2,ワイド,7-12,59.7,63.0,40,https://www.keiba.go.jp/KeibaWeb/TodayRaceInfo/OddsWide?k_babaCode=32&k_raceDate=2026%2F10%2F10&k_raceNo=12
2026-10-10 20:38:00,20:37,2026-10-10,saga,12,2,ワイド,5-6,66.6,69.6,41,https://www.keiba.go.jp/KeibaWeb/TodayRaceInfo/OddsWide?k_babaCode=32&k_raceDate=2026%2F10%2F10&k_raceNo=12
2026-10-10 20:38:00,20:37,2026-10-10,saga,12,2,ワイド,9-14,66.7,71.1,42,https://www.keiba.go.jp/KeibaWeb/TodayRaceInfo/OddsWide?k_babaCode=32&k_raceDate=2026%2F10%2F10&k_raceNo=12
2026-10-10 20:38:00,20:37,2026-10-10,saga,12,2,ワイド,2-5,68.8,72.0,43,https://www.keiba.go.jp/KeibaWeb/TodayRaceInfo/OddsWide?k_babaCode=32&k_raceDate=2026%2F10%2F10&k_raceNo=12
2026-10-10 20:38:00,20:37,2026-10-10,saga,12,2,ワイド,6-9,69.1,73.4,44,https://www.keiba.go.jp/KeibaWeb/TodayRaceInfo/OddsWide?k_babaCode=32&k_raceDate=2026%2F10%2F10&k_raceNo=12
2026-10-10 20:38:00,20:37,2026-10-10,saga,12,2,ワイド,2-12,69.4,73.0,45,https://www.keiba.go.jp/KeibaWeb/TodayRaceInfo/OddsWide?k_babaCode=32&k_raceDate=2026%2F10%2F10&k_raceNo=12
2026-10-10 20:38:00,20:37,2026-10-10,saga,12,2,ワイド,2-9,72.5,77.0,46,https://www.keiba.go.jp/KeibaWeb/TodayRaceInfo/OddsWide?k_babaCode=32&k_raceDate=2026%2F10%2F10&k_raceNo=12
2026-10-10 20:38:00,20:37,2026-10-10,saga,12,2,ワイド,4-10,77.3,87.2,47,https://www.keiba.go.jp/KeibaWeb/TodayRaceInfo/OddsWide?k_babaCode=32&k_raceDate=2026%2F10%2F10&k_raceNo=12
2026-10-10 20:38:00,20:37,2026-10-10,saga,12,2,ワイド,8-12,78.3,82.7,48,https://www.keiba.go.jp/KeibaWeb/TodayRaceInfo/OddsWide?k_babaCode=32&k_raceDate=2026%2F10%2F10&k_raceNo=12
2026-10-10 20:38:00,20:37,2026-10-10,saga,12,2,ワイド,3-11,78.6,100.5,49,https://www.keiba.go.jp/KeibaWeb/TodayRaceInfo/OddsWide?k_babaCode=32&k_raceDate=2026%2F10%2F10&k_raceNo=12
2026-10-10 20:38:00,20:37,2026-10-10,saga,12,2,ワイド,2-6,79.8,82.1,50,https://www.keiba.go.jp/KeibaWeb/TodayRaceInfo/OddsWide?k_babaCode=32&k_raceDate=2026%2F10%2F10&k_raceNo=12
2026-10-10 20:38:00,20:37,2026-10-10,saga,12,2,ワイド,11-13,80.0,102.1,51,https://www.keiba.go.jp/KeibaWeb/TodayRaceInfo/OddsWide?k_babaCode=32&k_raceDate=2026%2F10%2F10&k_raceNo=12
2026-10-10 20:38:00,20:37,2026-10-10,saga,12,2,ワイド,6-12,81.8,85.9,52,https://www.keiba.go.jp/KeibaWeb/TodayRaceInfo/OddsWide?k_babaCode=32&k_raceDate=2026%2F10%2F10&k_raceNo=12
2026-10-10 20:38:00,20:37,2026-10-10,saga,12,2,ワイド,7-8,82.2,85.3,53,https://www.keiba.go.jp/KeibaWeb/TodayRaceInfo/OddsWide?k_babaCode=32&k_raceDate=2026%2F10%2F10&k_raceNo=12
2026-10-10 20:38:00,20:37,2026-10-10,saga,12,2,ワイド,6-7,83.9,86.6,54,https://www.keiba.go.jp/KeibaWeb/TodayRaceInfo/OddsWide?k_babaCode=32&k_raceDate=2026%2F10%2F10&k_raceNo=12
2026-10-10 20:38:00,20:37,2026-10-10,saga,12,2,ワイド,5-8,85.0,89.3,55,https://www.keiba.go.jp/KeibaWeb/TodayRaceInfo/OddsWide?k_babaCode=32&k_raceDate=2026%2F10%2F10&k_raceNo=12
2026-10-10 20:38:00,20:37,2026-10-10,saga,12,2,ワイド,2-8,87.9,90.9,56,https://www.keiba.go.jp/KeibaWeb/TodayRaceInfo/OddsWide?k_babaCode=32&k_raceDate=2026%2F10%2F10&k_raceNo=12
2026-10-10 20:38:00,20:37,2026-10-10,saga,12,2,ワイド,5-14,91.0,95.6,57,https://www.keiba.go.jp/KeibaWeb/TodayRaceInfo/OddsWide?k_babaCode=32&k_raceDate=2026%2F10%2F10&k_raceNo=12
2026-10-10 20:38:00,20:37,2026-10-10,saga,12,2,ワイド,5-12,97.0,103.6,58,https://www.keiba.go.jp/KeibaWeb/TodayRaceInfo/OddsWide?k_babaCode=32&k_raceDate=2026%2F10%2F10&k_raceNo=12
2026-10-10 20:38:00,20:37,2026-10-10,saga,12,2,ワイド,12-14,98.4,103.7,59,https://www.keiba.go.jp/KeibaWeb/TodayRaceInfo/OddsWide?k_babaCode=32&k_raceDate=2026%2F10%2F10&k_raceNo=12
2026-10-10 20:38:00,20:37,2026-10-10,saga,12,2,ワイド,1-5,100.2,104.7,60,https://www.keiba.go.jp/KeibaWeb/TodayRaceInfo/OddsWide?k_babaCode=32&k_raceDate=2026%2F10%2F10&k_raceNo=12
2026-10-10 20:38:00,20:37,2026-10-10,saga,12,2,ワイド,1-9,101.6,107.8,61,https://www.keiba.go.jp/KeibaWeb/TodayRaceInfo/OddsWide?k_babaCode=32&k_raceDate=2026%2F10%2F10&k_raceNo=12
2026-10-10 20:38:00,20:37,2026-10-10,saga,12,2,ワイド,10-11,116.3,130.5,62,https://www.keiba.go.jp/KeibaWeb/TodayRaceInfo/OddsWide?k_babaCode=32&k_raceDate=2026%2F10%2F10&k_raceNo=12
2026-10-10 20:38:00,20:37,2026-10-10,saga,12,2,ワイド,4-9,118.4,124.9,63,https://www.keiba.go.jp/KeibaWeb/TodayRaceInfo/OddsWide?k_babaCode=32&k_raceDate=2026%2F10%2F10&k_raceNo=12
2026-10-10 20:38:00,20:37,2026-10-10,saga,12,2,ワイド,2-14,133.0,137.3,64,https://www.keiba.go.jp/KeibaWeb/TodayRaceInfo/OddsWide?k_babaCode=32&k_raceDate=2026%2F10%2F10&k_raceNo=12
2026-10-10 20:38:00,20:37,2026-10-10,saga,12,2,ワイド,4-5,133.8,139.0,65,https://www.keiba.go.jp/KeibaWeb/TodayRaceInfo/OddsWide?k_babaCode=32&k_raceDate=2026%2F10%2F10&k_raceNo=12
2026-10-10 20:38:00,20:37,2026-10-10,saga,12,2,ワイド,7-14,134.1,139.1,66,https://www.keiba.go.jp/KeibaWeb/TodayRaceInfo/OddsWide?k_babaCode=32&k_raceDate=2026%2F10%2F10&k_raceNo=12
2026-10-10 20:38:00,20:37,2026-10-10,saga,12,2,ワイド,1-2,135.4,139.1,67,https://www.keiba.go.jp/KeibaWeb/TodayRaceInfo/OddsWide?k_babaCode=32&k_raceDate=2026%2F10%2F10&k_raceNo=12
2026-10-10 20:38:00,20:37,2026-10-10,saga,12,2,ワイド,8-14,137.3,142.6,68,https://www.keiba.go.jp/KeibaWeb/TodayRaceInfo/OddsWide?k_babaCode=32&k_raceDate=2026%2F10%2F10&k_raceNo=12
2026-10-10 20:38:00,20:37,2026-10-10,saga,12,2,ワイド,1-6,138.8,142.5,69,https://www.keiba.go.jp/KeibaWeb/TodayRaceInfo/OddsWide?k_babaCode=32&k_raceDate=2026%2F10%2F10&k_raceNo=12
2026-10-10 20:38:00,20:37,2026-10-10,saga,12,2,ワイド,4-7,155.3,159.1,70,https://www.keiba.go.jp/KeibaWeb/TodayRaceInfo/OddsWide?k_babaCode=32&k_raceDate=2026%2F10%2F10&k_raceNo=12
2026-10-10 20:38:00,20:37,2026-10-10,saga,12,2,ワイド,6-11,156.4,159.1,71,https://www.keiba.go.jp/KeibaWeb/TodayRaceInfo/OddsWide?k_babaCode=32&k_raceDate=2026%2F10%2F10&k_raceNo=12
2026-10-10 20:38:00,20:37,2026-10-10,saga,12,2,ワイド,1-8,158.6,163.8,72,https://www.keiba.go.jp/KeibaWeb/TodayRaceInfo/OddsWide?k_babaCode=32&k_raceDate=2026%2F10%2F10&k_raceNo=12
2026-10-10 20:38:00,20:37,2026-10-10,saga,12,2,ワイド,4-12,162.0,168.9,73,https://www.keiba.go.jp/KeibaWeb/TodayRaceInfo/OddsWide?k_babaCode=32&k_raceDate=2026%2F10%2F10&k_raceNo=12
2026-10-10 20:38:00,20:37,2026-10-10,saga,12,2,ワイド,1-12,177.3,186.0,74,https://www.keiba.go.jp/KeibaWeb/TodayRaceInfo/OddsWide?k_babaCode=32&k_raceDate=2026%2F10%2F10&k_raceNo=12
2026-10-10 20:38:00,20:37,2026-10-10,saga,12,2,ワイド,2-4,179.2,183.0,75,https://www.keiba.go.jp/KeibaWeb/TodayRaceInfo/OddsWide?k_babaCode=32&k_raceDate=2026%2F10%2F10&k_raceNo=12
2026-10-10 20:38:00,20:37,2026-10-10,saga,12,2,ワイド,5-11,183.0,189.0,76,https://www.keiba.go.jp/KeibaWeb/TodayRaceInfo/OddsWide?k_babaCode=32&k_raceDate=2026%2F10%2F10&k_raceNo=12
2026-10-10 20:38:00,20:37,2026-10-10,saga,12,2,ワイド,6-14,193.1,199.4,77,https://www.keiba.go.jp/KeibaWeb/TodayRaceInfo/OddsWide?k_babaCode=32&k_raceDate=2026%2F10%2F10&k_raceNo=12
2026-10-10 20:38:00,20:37,2026-10-10,saga,12,2,ワイド,1-7,193.5,199.5,78,https://www.keiba.go.jp/KeibaWeb/TodayRaceInfo/OddsWide?k_babaCode=32&k_raceDate=2026%2F10%2F10&k_raceNo=12
2026-10-10 20:38:00,20:37,2026-10-10,saga,12,2,ワイド,4-8,201.6,206.9,79,https://www.keiba.go.jp/KeibaWeb/TodayRaceInfo/OddsWide?k_babaCode=32&k_raceDate=2026%2F10%2F10&k_raceNo=12
2026-10-10 20:38:00,20:37,2026-10-10,saga,12,2,ワイド,1-14,212.8,219.5,80,https://www.keiba.go.jp/KeibaWeb/TodayRaceInfo/OddsWide?k_babaCode=32&k_raceDate=2026%2F10%2F10&k_raceNo=12
2026-10-10 20:38:00,20:37,2026-10-10,saga,12,2,ワイド,8-11,214.7,219.3,81,https://www.keiba.go.jp/KeibaWeb/TodayRaceInfo/OddsWide?k_babaCode=32&k_raceDate=2026%2F10%2F10&k_raceNo=12
2026-10-10 20:38:00,20:37,2026-10-10,saga,12,2,ワイド,4-6,219.2,223.7,82,https://www.keiba.go.jp/KeibaWeb/TodayRaceInfo/OddsWide?k_babaCode=32&k_raceDate=2026%2F10%2F10&k_raceNo=12
2026-10-10 20:38:00,20:37,2026-10-10,saga,12,2,ワイド,1-4,256.1,261.2,83,https://www.keiba.go.jp/KeibaWeb/TodayRaceInfo/OddsWide?k_babaCode=32&k_raceDate=2026%2F10%2F10&k_raceNo=12
2026-10-10 20:38:00,20:37,2026-10-10,saga,12,2,ワイド,9-11,298.6,312.9,84,https://www.keiba.go.jp/KeibaWeb/TodayRaceInfo/OddsWide?k_babaCode=32&k_raceDate=2026%2F10%2F10&k_raceNo=12
2026-10-10 20:38:00,20:37,2026-10-10,saga,12,2,ワイド,11-12,330.1,342.4,85,https://www.keiba.go.jp/KeibaWeb/TodayRaceInfo/OddsWide?k_babaCode=32&k_raceDate=2026%2F10%2F10&k_raceNo=12
2026-10-10 20:38:00,20:37,2026-10-10,saga,12,2,ワイド,4-14,356.6,365.5,86,https://www.keiba.go.jp/KeibaWeb/TodayRaceInfo/OddsWide?k_babaCode=32&k_raceDate=2026%2F10%2F10&k_raceNo=12
2026-10-10 20:38:00,20:37,2026-10-10,saga,12,2,ワイド,7-11,413.3,421.3,87,https://www.keiba.go.jp/KeibaWeb/TodayRaceInfo/OddsWide?k_babaCode=32&k_raceDate=2026%2F10%2F10&k_raceNo=12
2026-10-10 20:38:00,20:37,2026-10-10,saga,12,2,ワイド,2-11,469.0,476.1,88,https://www.keiba.go.jp/KeibaWeb/TodayRaceInfo/OddsWide?k_babaCode=32&k_raceDate=2026%2F10%2F10&k_raceNo=12
2026-10-10 20:38:00,20:37,2026-10-10,saga,12,2,ワイド,1-11,514.2,521.7,89,https://www.keiba.go.jp/KeibaWeb/TodayRaceInfo/OddsWide?k_babaCode=32&k_raceDate=2026%2F10%2F10&k_raceNo=12
2026-10-10 20:38:00,20:37,2026-10-10,saga,12,2,ワイド,4-11,517.4,521.9,90,https://www.keiba.go.jp/KeibaWeb/TodayRaceInfo/OddsWide?k_babaCode=32&k_raceDate=2026%2F10%2F10&k_raceNo=12
2026-10-10 20:38:00,20:37,2026-10-10,saga,12,2,ワイド,11-14,671.4,684.7,91,https://www.keiba.go.jp/KeibaWeb/TodayRaceInfo/OddsWide?k_babaCode=32&k_raceDate=2026%2F10%2F10&k_raceNo=12
2026-10-10 20:38:00,20:37,2026-10-10,saga,12,2,三連複,3-10-13,3.8,3.8,1,https://www.keiba.go.jp/KeibaWeb/TodayRaceInfo/Odds3LenFuku?k_babaCode=32&k_raceDate=2026%2F10%2F10&k_raceNo=12
2026-10-10 20:38:00,20:37,2026-10-10,saga,12,2,三連複,3-9-13,15.1,15.1,2,https://www.keiba.go.jp/KeibaWeb/TodayRaceInfo/Odds3LenFuku?k_babaCode=32&k_raceDate=2026%2F10%2F10&k_raceNo=12
2026-10-10 20:38:00,20:37,2026-10-10,saga,12,2,三連複,3-12-13,16.0,16.0,3,https://www.keiba.go.jp/KeibaWeb/TodayRaceInfo/Odds3LenFuku?k_babaCode=32&k_raceDate=2026%2F10%2F10&k_raceNo=12
2026-10-10 20:38:00,20:37,2026-10-10,saga,12,2,三連複,3-5-13,22.2,22.2,4,https://www.keiba.go.jp/KeibaWeb/TodayRaceInfo/Odds3LenFuku?k_babaCode=32&k_raceDate=2026%2F10%2F10&k_raceNo=12
2026-10-10 20:38:00,20:37,2026-10-10,saga,12,2,三連複,3-7-13,24.5,24.5,5,https://www.keiba.go.jp/KeibaWeb/TodayRaceInfo/Odds3LenFuku?k_babaCode=32&k_raceDate=2026%2F10%2F10&k_raceNo=12
2026-10-10 20:38:00,20:37,2026-10-10,saga,12,2,三連複,10-12-13,28.4,28.4,6,https://www.keiba.go.jp/KeibaWeb/TodayRaceInfo/Odds3LenFuku?k_babaCode=32&k_raceDate=2026%2F10%2F10&k_raceNo=12
2026-10-10 20:38:00,20:37,2026-10-10,saga,12,2,三連複,3-13-14,28.5,28.5,7,https://www.keiba.go.jp/KeibaWeb/TodayRaceInfo/Odds3LenFuku?k_babaCode=32&k_raceDate=2026%2F10%2F10&k_raceNo=12
2026-10-10 20:38:00,20:37,2026-10-10,saga,12,2,三連複,9-10-13,28.8,28.8,8,https://www.keiba.go.jp/KeibaWeb/TodayRaceInfo/Odds3LenFuku?k_babaCode=32&k_raceDate=2026%2F10%2F10&k_raceNo=12
2026-10-10 20:38:00,20:37,2026-10-10,saga,12,2,三連複,2-3-13,32.9,32.9,9,https://www.keiba.go.jp/KeibaWeb/TodayRaceInfo/Odds3LenFuku?k_babaCode=32&k_raceDate=2026%2F10%2F10&k_raceNo=12
2026-10-10 20:38:00,20:37,2026-10-10,saga,12,2,三連複,3-6-13,33.2,33.2,10,https://www.keiba.go.jp/KeibaWeb/TodayRaceInfo/Odds3LenFuku?k_babaCode=32&k_raceDate=2026%2F10%2F10&k_raceNo=12
2026-10-10 20:38:00,20:37,2026-10-10,saga,12,2,三連複,3-8-13,36.3,36.3,11,https://www.keiba.go.jp/KeibaWeb/TodayRaceInfo/Odds3LenFuku?k_babaCode=32&k_raceDate=2026%2F10%2F10&k_raceNo=12
2026-10-10 20:38:00,20:37,2026-10-10,saga,12,2,三連複,5-10-13,36.6,36.6,12,https://www.keiba.go.jp/KeibaWeb/TodayRaceInfo/Odds3LenFuku?k_babaCode=32&k_raceDate=2026%2F10%2F10&k_raceNo=12
2026-10-10 20:38:00,20:37,2026-10-10,saga,12,2,三連複,7-10-13,42.0,42.0,13,https://www.keiba.go.jp/KeibaWeb/TodayRaceInfo/Odds3LenFuku?k_babaCode=32&k_raceDate=2026%2F10%2F10&k_raceNo=12
2026-10-10 20:38:00,20:37,2026-10-10,saga,12,2,三連複,1-3-13,46.9,46.9,14,https://www.keiba.go.jp/KeibaWeb/TodayRaceInfo/Odds3LenFuku?k_babaCode=32&k_raceDate=2026%2F10%2F10&k_raceNo=12
2026-10-10 20:38:00,20:37,2026-10-10,saga,12,2,三連複,2-10-13,49.7,49.7,15,https://www.keiba.go.jp/KeibaWeb/TodayRaceInfo/Odds3LenFuku?k_babaCode=32&k_raceDate=2026%2F10%2F10&k_raceNo=12
2026-10-10 20:38:00,20:37,2026-10-10,saga,12,2,三連複,10-13-14,55.9,55.9,16,https://www.keiba.go.jp/KeibaWeb/TodayRaceInfo/Odds3LenFuku?k_babaCode=32&k_raceDate=2026%2F10%2F10&k_raceNo=12
2026-10-10 20:38:00,20:37,2026-10-10,saga,12,2,三連複,6-10-13,67.4,67.4,17,https://www.keiba.go.jp/KeibaWeb/TodayRaceInfo/Odds3LenFuku?k_babaCode=32&k_raceDate=2026%2F10%2F10&k_raceNo=12
2026-10-10 20:38:00,20:37,2026-10-10,saga,12,2,三連複,3-10-12,71.4,71.4,18,https://www.keiba.go.jp/KeibaWeb/TodayRaceInfo/Odds3LenFuku?k_babaCode=32&k_raceDate=2026%2F10%2F10&k_raceNo=12
2026-10-10 20:38:00,20:37,2026-10-10,saga,12,2,三連複,3-9-10,72.1,72.1,19,https://www.keiba.go.jp/KeibaWeb/TodayRaceInfo/Odds3LenFuku?k_babaCode=32&k_raceDate=2026%2F10%2F10&k_raceNo=12
2026-10-10 20:38:00,20:37,2026-10-10,saga,12,2,三連複,3-5-10,74.7,74.7,20,https://www.keiba.go.jp/KeibaWeb/TodayRaceInfo/Odds3LenFuku?k_babaCode=32&k_raceDate=2026%2F10%2F10&k_raceNo=12
2026-10-10 20:38:00,20:37,2026-10-10,saga,12,2,三連複,3-7-10,75.4,75.4,21,https://www.keiba.go.jp/KeibaWeb/TodayRaceInfo/Odds3LenFuku?k_babaCode=32&k_raceDate=2026%2F10%2F10&k_raceNo=12
2026-10-10 20:38:00,20:37,2026-10-10,saga,12,2,三連複,8-10-13,76.6,76.6,22,https://www.keiba.go.jp/KeibaWeb/TodayRaceInfo/Odds3LenFuku?k_babaCode=32&k_raceDate=2026%2F10%2F10&k_raceNo=12
2026-10-10 20:38:00,20:37,2026-10-10,saga,12,2,三連複,9-12-13,84.1,84.1,23,https://www.keiba.go.jp/KeibaWeb/TodayRaceInfo/Odds3LenFuku?k_babaCode=32&k_raceDate=2026%2F10%2F10&k_raceNo=12
2026-10-10 20:38:00,20:37,2026-10-10,saga,12,2,三連複,3-4-13,88.3,88.3,24,https://www.keiba.go.jp/KeibaWeb/TodayRaceInfo/Odds3LenFuku?k_babaCode=32&k_raceDate=2026%2F10%2F10&k_raceNo=12
2026-10-10 20:38:00,20:37,2026-10-10,saga,12,2,三連複,5-9-13,94.6,94.6,25,https://www.keiba.go.jp/KeibaWeb/TodayRaceInfo/Odds3LenFuku?k_babaCode=32&k_raceDate=2026%2F10%2F10&k_raceNo=12
2026-10-10 20:38:00,20:37,2026-10-10,saga,12,2,三連複,1-10-13,103.2,103.2,26,https://www.keiba.go.jp/KeibaWeb/TodayRaceInfo/Odds3LenFuku?k_babaCode=32&k_raceDate=2026%2F10%2F10&k_raceNo=12
2026-10-10 20:38:00,20:37,2026-10-10,saga,12,2,三連複,2-3-10,107.4,107.4,27,https://www.keiba.go.jp/KeibaWeb/TodayRaceInfo/Odds3LenFuku?k_babaCode=32&k_raceDate=2026%2F10%2F10&k_raceNo=12
2026-10-10 20:38:00,20:37,2026-10-10,saga,12,2,三連複,5-7-13,115.6,115.6,28,https://www.keiba.go.jp/KeibaWeb/TodayRaceInfo/Odds3LenFuku?k_babaCode=32&k_raceDate=2026%2F10%2F10&k_raceNo=12
2026-10-10 20:38:00,20:37,2026-10-10,saga,12,2,三連複,3-6-10,121.5,121.5,29,https://www.keiba.go.jp/KeibaWeb/TodayRaceInfo/Odds3LenFuku?k_babaCode=32&k_raceDate=2026%2F10%2F10&k_raceNo=12
2026-10-10 20:38:00,20:37,2026-10-10,saga,12,2,三連複,7-12-13,122.4,122.4,30,https://www.keiba.go.jp/KeibaWeb/TodayRaceInfo/Odds3LenFuku?k_babaCode=32&k_raceDate=2026%2F10%2F10&k_raceNo=12
2026-10-10 20:38:00,20:37,2026-10-10,saga,12,2,三連複,12-13-14,129.8,129.8,31,https://www.keiba.go.jp/KeibaWeb/TodayRaceInfo/Odds3LenFuku?k_babaCode=32&k_raceDate=2026%2F10%2F10&k_raceNo=12
2026-10-10 20:38:00,20:37,2026-10-10,saga,12,2,三連複,9-13-14,130.1,130.1,32,https://www.keiba.go.jp/KeibaWeb/TodayRaceInfo/Odds3LenFuku?k_babaCode=32&k_raceDate=2026%2F10%2F10&k_raceNo=12
2026-10-10 20:38:00,20:37,2026-10-10,saga,12,2,三連複,3-10-14,134.0,134.0,33,https://www.keiba.go.jp/KeibaWeb/TodayRaceInfo/Odds3LenFuku?k_babaCode=32&k_raceDate=2026%2F10%2F10&k_raceNo=12
2026-10-10 20:38:00,20:37,2026-10-10,saga,12,2,三連複,7-9-13,135.8,135.8,34,https://www.keiba.go.jp/KeibaWeb/TodayRaceInfo/Odds3LenFuku?k_babaCode=32&k_raceDate=2026%2F10%2F10&k_raceNo=12
2026-10-10 20:38:00,20:37,2026-10-10,saga,12,2,三連複,5-12-13,140.7,140.7,35,https://www.keiba.go.jp/KeibaWeb/TodayRaceInfo/Odds3LenFuku?k_babaCode=32&k_raceDate=2026%2F10%2F10&k_raceNo=12
2026-10-10 20:38:00,20:37,2026-10-10,saga,12,2,三連複,6-9-13,145.6,145.6,36,https://www.keiba.go.jp/KeibaWeb/TodayRaceInfo/Odds3LenFuku?k_babaCode=32&k_raceDate=2026%2F10%2F10&k_raceNo=12
2026-10-10 20:38:00,20:37,2026-10-10,saga,12,2,三連複,3-8-10,148.8,148.8,37,https://www.keiba.go.jp/KeibaWeb/TodayRaceInfo/Odds3LenFuku?k_babaCode=32&k_raceDate=2026%2F10%2F10&k_raceNo=12
2026-10-10 20:38:00,20:37,2026-10-10,saga,12,2,三連複,2-12-13,156.6,156.6,38,https://www.keiba.go.jp/KeibaWeb/TodayRaceInfo/Odds3LenFuku?k_babaCode=32&k_raceDate=2026%2F10%2F10&k_raceNo=12
2026-10-10 20:38:00,20:37,2026-10-10,saga,12,2,三連複,8-12-13,159.8,159.8,39,https://www.keiba.go.jp/KeibaWeb/TodayRaceInfo/Odds3LenFuku?k_babaCode=32&k_raceDate=2026%2F10%2F10&k_raceNo=12
2026-10-10 20:38:00,20:37,2026-10-10,saga,12,2,三連複,3-5-7,167.6,167.6,40,https://www.keiba.go.jp/KeibaWeb/TodayRaceInfo/Odds3LenFuku?k_babaCode=32&k_raceDate=2026%2F10%2F10&k_raceNo=12
2026-10-10 20:38:00,20:37,2026-10-10,saga,12,2,三連複,2-9-13,168.0,168.0,41,https://www.keiba.go.jp/KeibaWeb/TodayRaceInfo/Odds3LenFuku?k_babaCode=32&k_raceDate=2026%2F10%2F10&k_raceNo=12
2026-10-10 20:38:00,20:37,2026-10-10,saga,12,2,三連複,8-9-13,168.9,168.9,42,https://www.keiba.go.jp/KeibaWeb/TodayRaceInfo/Odds3LenFuku?k_babaCode=32&k_raceDate=2026%2F10%2F10&k_raceNo=12
2026-10-10 20:38:00,20:37,2026-10-10,saga,12,2,三連複,3-11-13,170.3,170.3,43,https://www.keiba.go.jp/KeibaWeb/TodayRaceInfo/Odds3LenFuku?k_babaCode=32&k_raceDate=2026%2F10%2F10&k_raceNo=12
2026-10-10 20:38:00,20:37,2026-10-10,saga,12,2,三連複,2-7-13,174.6,174.6,44,https://www.keiba.go.jp/KeibaWeb/TodayRaceInfo/Odds3LenFuku?k_babaCode=32&k_raceDate=2026%2F10%2F10&k_raceNo=12
2026-10-10 20:38:00,20:37,2026-10-10,saga,12,2,三連複,3-5-9,177.1,177.1,45,https://www.keiba.go.jp/KeibaWeb/TodayRaceInfo/Odds3LenFuku?k_babaCode=32&k_raceDate=2026%2F10%2F10&k_raceNo=12
2026-10-10 20:38:00,20:37,2026-10-10,saga,12,2,三連複,2-5-13,180.2,180.2,46,https://www.keiba.go.jp/KeibaWeb/TodayRaceInfo/Odds3LenFuku?k_babaCode=32&k_raceDate=2026%2F10%2F10&k_raceNo=12
2026-10-10 20:38:00,20:37,2026-10-10,saga,12,2,三連複,6-12-13,182.8,182.8,47,https://www.keiba.go.jp/KeibaWeb/TodayRaceInfo/Odds3LenFuku?k_babaCode=32&k_raceDate=2026%2F10%2F10&k_raceNo=12
2026-10-10 20:38:00,20:37,2026-10-10,saga,12,2,三連複,4-10-13,185.0,185.0,48,https://www.keiba.go.jp/KeibaWeb/TodayRaceInfo/Odds3LenFuku?k_babaCode=32&k_raceDate=2026%2F10%2F10&k_raceNo=12
2026-10-10 20:38:00,20:37,2026-10-10,saga,12,2,三連複,1-3-10,194.2,194.2,49,https://www.keiba.go.jp/KeibaWeb/TodayRaceInfo/Odds3LenFuku?k_babaCode=32&k_raceDate=2026%2F10%2F10&k_raceNo=12
2026-10-10 20:38:00,20:37,2026-10-10,saga,12,2,三連複,3-9-12,203.7,203.7,50,https://www.keiba.go.jp/KeibaWeb/TodayRaceInfo/Odds3LenFuku?k_babaCode=32&k_raceDate=2026%2F10%2F10&k_raceNo=12
2026-10-10 20:38:00,20:37,2026-10-10,saga,12,2,三連複,1-5-13,224.2,224.2,51,https://www.keiba.go.jp/KeibaWeb/TodayRaceInfo/Odds3LenFuku?k_babaCode=32&k_raceDate=2026%2F10%2F10&k_raceNo=12
2026-10-10 20:38:00,20:37,2026-10-10,saga,12,2,三連複,5-6-13,227.5,227.5,52,https://www.keiba.go.jp/KeibaWeb/TodayRaceInfo/Odds3LenFuku?k_babaCode=32&k_raceDate=2026%2F10%2F10&k_raceNo=12
2026-10-10 20:38:00,20:37,2026-10-10,saga,12,2,三連複,5-13-14,237.0,237.0,53,https://www.keiba.go.jp/KeibaWeb/TodayRaceInfo/Odds3LenFuku?k_babaCode=32&k_raceDate=2026%2F10%2F10&k_raceNo=12
2026-10-10 20:38:00,20:37,2026-10-10,saga,12,2,三連複,3-7-9,244.5,244.5,54,https://www.keiba.go.jp/KeibaWeb/TodayRaceInfo/Odds3LenFuku?k_babaCode=32&k_raceDate=2026%2F10%2F10&k_raceNo=12
2026-10-10 20:38:00,20:37,2026-10-10,saga,12,2,三連複,5-9-10,249.3,249.3,55,https://www.keiba.go.jp/KeibaWeb/TodayRaceInfo/Odds3LenFuku?k_babaCode=32&k_raceDate=2026%2F10%2F10&k_raceNo=12
2026-10-10 20:38:00,20:37,2026-10-10,saga,12,2,三連複,6-8-13,250.3,250.3,56,https://www.keiba.go.jp/KeibaWeb/TodayRaceInfo/Odds3LenFuku?k_babaCode=32&k_raceDate=2026%2F10%2F10&k_raceNo=12
2026-10-10 20:38:00,20:37,2026-10-10,saga,12,2,三連複,3-6-9,252.4,252.4,57,https://www.keiba.go.jp/KeibaWeb/TodayRaceInfo/Odds3LenFuku?k_babaCode=32&k_raceDate=2026%2F10%2F10&k_raceNo=12
2026-10-10 20:38:00,20:37,2026-10-10,saga,12,2,三連複,3-7-12,258.7,258.7,58,https://www.keiba.go.jp/KeibaWeb/TodayRaceInfo/Odds3LenFuku?k_babaCode=32&k_raceDate=2026%2F10%2F10&k_raceNo=12
2026-10-10 20:38:00,20:37,2026-10-10,saga,12,2,三連複,1-9-13,259.7,259.7,59,https://www.keiba.go.jp/KeibaWeb/TodayRaceInfo/Odds3LenFuku?k_babaCode=32&k_raceDate=2026%2F10%2F10&k_raceNo=12
2026-10-10 20:38:00,20:37,2026-10-10,saga,12,2,三連複,2-3-7,267.5,267.5,60,https://www.keiba.go.jp/KeibaWeb/TodayRaceInfo/Odds3LenFuku?k_babaCode=32&k_raceDate=2026%2F10%2F10&k_raceNo=12
2026-10-10 20:38:00,20:37,2026-10-10,saga,12,2,三連複,6-7-13,268.7,268.7,61,https://www.keiba.go.jp/KeibaWeb/TodayRaceInfo/Odds3LenFuku?k_babaCode=32&k_raceDate=2026%2F10%2F10&k_raceNo=12
2026-10-10 20:38:00,20:37,2026-10-10,saga,12,2,三連複,3-4-10,272.2,272.2,62,https://www.keiba.go.jp/KeibaWeb/TodayRaceInfo/Odds3LenFuku?k_babaCode=32&k_raceDate=2026%2F10%2F10&k_raceNo=12
2026-10-10 20:38:00,20:37,2026-10-10,saga,12,2,三連複,2-3-5,273.4,273.4,63,https://www.keiba.go.jp/KeibaWeb/TodayRaceInfo/Odds3LenFuku?k_babaCode=32&k_raceDate=2026%2F10%2F10&k_raceNo=12
2026-10-10 20:38:00,20:37,2026-10-10,saga,12,2,三連複,3-5-12,273.4,273.4,63,https://www.keiba.go.jp/KeibaWeb/TodayRaceInfo/Odds3LenFuku?k_babaCode=32&k_raceDate=2026%2F10%2F10&k_raceNo=12
2026-10-10 20:38:00,20:37,2026-10-10,saga,12,2,三連複,5-7-10,279.5,279.5,65,https://www.keiba.go.jp/KeibaWeb/TodayRaceInfo/Odds3LenFuku?k_babaCode=32&k_raceDate=2026%2F10%2F10&k_raceNo=12
2026-10-10 20:38:00,20:37,2026-10-10,saga,12,2,三連複,7-13-14,280.8,280.8,66,https://www.keiba.go.jp/KeibaWeb/TodayRaceInfo/Odds3LenFuku?k_babaCode=32&k_raceDate=2026%2F10%2F10&k_raceNo=12
2026-10-10 20:38:00,20:37,2026-10-10,saga,12,2,三連複,2-13-14,291.3,291.3,67,https://www.keiba.go.jp/KeibaWeb/TodayRaceInfo/Odds3LenFuku?k_babaCode=32&k_raceDate=2026%2F10%2F10&k_raceNo=12
2026-10-10 20:38:00,20:37,2026-10-10,saga,12,2,三連複,8-13-14,292.7,292.7,68,https://www.keiba.go.jp/KeibaWeb/TodayRaceInfo/Odds3LenFuku?k_babaCode=32&k_raceDate=2026%2F10%2F10&k_raceNo=12
2026-10-10 20:38:00,20:37,2026-10-10,saga,12,2,三連複,2-5-10,296.9,296.9,69,https://www.keiba.go.jp/KeibaWeb/TodayRaceInfo/Odds3LenFuku?k_babaCode=32&k_raceDate=2026%2F10%2F10&k_raceNo=12
2026-10-10 20:38:00,20:37,2026-10-10,saga,12,2,三連複,5-8-13,310.1,310.1,70,https://www.keiba.go.jp/KeibaWeb/TodayRaceInfo/Odds3LenFuku?k_babaCode=32&k_raceDate=2026%2F10%2F10&k_raceNo=12
2026-10-10 20:38:00,20:37,2026-10-10,saga,12,2,三連複,1-12-13,311.7,311.7,71,https://www.keiba.go.jp/KeibaWeb/TodayRaceInfo/Odds3LenFuku?k_babaCode=32&k_raceDate=2026%2F10%2F10&k_raceNo=12
2026-10-10 20:38:00,20:37,2026-10-10,saga,12,2,三連複,9-10-12,319.7,319.7,72,https://www.keiba.go.jp/KeibaWeb/TodayRaceInfo/Odds3LenFuku?k_babaCode=32&k_raceDate=2026%2F10%2F10&k_raceNo=12
2026-10-10 20:38:00,20:37,2026-10-10,saga,12,2,三連複,3-5-6,328.1,328.1,73,https://www.keiba.go.jp/KeibaWeb/TodayRaceInfo/Odds3LenFuku?k_babaCode=32&k_raceDate=2026%2F10%2F10&k_raceNo=12
2026-10-10 20:38:00,20:37,2026-10-10,saga,12,2,三連複,2-3-12,333.4,333.4,74,https://www.keiba.go.jp/KeibaWeb/TodayRaceInfo/Odds3LenFuku?k_babaCode=32&k_raceDate=2026%2F10%2F10&k_raceNo=12
2026-10-10 20:38:00,20:37,2026-10-10,saga,12,2,三連複,7-8-13,337.0,337.0,75,https://www.keiba.go.jp/KeibaWeb/TodayRaceInfo/Odds3LenFuku?k_babaCode=32&k_raceDate=2026%2F10%2F10&k_raceNo=12
2026-10-10 20:38:00,20:37,2026-10-10,saga,12,2,三連複,6-13-14,340.7,340.7,76,https://www.keiba.go.jp/KeibaWeb/TodayRaceInfo/Odds3LenFuku?k_babaCode=32&k_raceDate=2026%2F10%2F10&k_raceNo=12
2026-10-10 20:38:00,20:37,2026-10-10,saga,12,2,三連複,1-3-5,346.3,346.3,77,https://www.keiba.go.jp/KeibaWeb/TodayRaceInfo/Odds3LenFuku?k_babaCode=32&k_raceDate=2026%2F10%2F10&k_raceNo=12
2026-10-10 20:38:00,20:37,2026-10-10,saga,12,2,三連複,2-3-9,350.2,350.2,78,https://www.keiba.go.jp/KeibaWeb/TodayRaceInfo/Odds3LenFuku?k_babaCode=32&k_raceDate=2026%2F10%2F10&k_raceNo=12
2026-10-10 20:38:00,20:37,2026-10-10,saga,12,2,三連複,3-5-14,350.2,350.2,78,https://www.keiba.go.jp/KeibaWeb/TodayRaceInfo/Odds3LenFuku?k_babaCode=32&k_raceDate=2026%2F10%2F10&k_raceNo=12
2026-10-10 20:38:00,20:37,2026-10-10,saga,12,2,三連複,10-11-13,356.2,356.2,80,https://www.keiba.go.jp/KeibaWeb/TodayRaceInfo/Odds3LenFuku?k_babaCode=32&k_raceDate=2026%2F10%2F10&k_raceNo=12
2026-10-10 20:38:00,20:37,2026-10-10,saga,12,2,三連複,2-10-12,358.3,358.3,81,https://www.keiba.go.jp/KeibaWeb/TodayRaceInfo/Odds3LenFuku?k_babaCode=32&k_raceDate=2026%2F10%2F10&k_raceNo=12
2026-10-10 20:38:00,20:37,2026-10-10,saga,12,2,三連複,3-9-14,362.4,362.4,82,https://www.keiba.go.jp/KeibaWeb/TodayRaceInfo/Odds3LenFuku?k_babaCode=32&k_raceDate=2026%2F10%2F10&k_raceNo=12
2026-10-10 20:38:00,20:37,2026-10-10,saga,12,2,三連複,7-9-10,380.1,380.1,83,https://www.keiba.go.jp/KeibaWeb/TodayRaceInfo/Odds3LenFuku?k_babaCode=32&k_raceDate=2026%2F10%2F10&k_raceNo=12
2026-10-10 20:38:00,20:37,2026-10-10,saga,12,2,三連複,1-3-9,382.5,382.5,84,https://www.keiba.go.jp/KeibaWeb/TodayRaceInfo/Odds3LenFuku?k_babaCode=32&k_raceDate=2026%2F10%2F10&k_raceNo=12
2026-10-10 20:38:00,20:37,2026-10-10,saga,12,2,三連複,5-10-12,387.2,387.2,85,https://www.keiba.go.jp/KeibaWeb/TodayRaceInfo/Odds3LenFuku?k_babaCode=32&k_raceDate=2026%2F10%2F10&k_raceNo=12
2026-10-10 20:38:00,20:37,2026-10-10,saga,12,2,三連複,1-7-13,392.1,392.1,86,https://www.keiba.go.jp/KeibaWeb/TodayRaceInfo/Odds3LenFuku?k_babaCode=32&k_raceDate=2026%2F10%2F10&k_raceNo=12
2026-10-10 20:38:00,20:37,2026-10-10,saga,12,2,三連複,7-10-12,418.4,418.4,87,https://www.keiba.go.jp/KeibaWeb/TodayRaceInfo/Odds3LenFuku?k_babaCode=32&k_raceDate=2026%2F10%2F10&k_raceNo=12
2026-10-10 20:38:00,20:37,2026-10-10,saga,12,2,三連複,1-2-13,421.2,421.2,88,https://www.keiba.go.jp/KeibaWeb/TodayRaceInfo/Odds3LenFuku?k_babaCode=32&k_raceDate=2026%2F10%2F10&k_raceNo=12
2026-10-10 20:38:00,20:37,2026-10-10,saga,12,2,三連複,2-9-10,424.1,424.1,89,https://www.keiba.go.jp/KeibaWeb/TodayRaceInfo/Odds3LenFuku?k_babaCode=32&k_raceDate=2026%2F10%2F10&k_raceNo=12
2026-10-10 20:38:00,20:37,2026-10-10,saga,12,2,三連複,3-8-9,436.0,436.0,90,https://www.keiba.go.jp/KeibaWeb/TodayRaceInfo/Odds3LenFuku?k_babaCode=32&k_raceDate=2026%2F10%2F10&k_raceNo=12
2026-10-10 20:38:00,20:37,2026-10-10,saga,12,2,三連複,3-6-12,439.0,439.0,91,https://www.keiba.go.jp/KeibaWeb/TodayRaceInfo/Odds3LenFuku?k_babaCode=32&k_raceDate=2026%2F10%2F10&k_raceNo=12
2026-10-10 20:38:00,20:37,2026-10-10,saga,12,2,三連複,4-5-13,439.0,439.0,91,https://www.keiba.go.jp/KeibaWeb/TodayRaceInfo/Odds3LenFuku?k_babaCode=32&k_raceDate=2026%2F10%2F10&k_raceNo=12
2026-10-10 20:38:00,20:37,2026-10-10,saga,12,2,三連複,6-9-10,439.0,439.0,91,https://www.keiba.go.jp/KeibaWeb/TodayRaceInfo/Odds3LenFuku?k_babaCode=32&k_raceDate=2026%2F10%2F10&k_raceNo=12
2026-10-10 20:38:00,20:37,2026-10-10,saga,12,2,三連複,2-6-13,442.1,442.1,94,https://www.keiba.go.jp/KeibaWeb/TodayRaceInfo/Odds3LenFuku?k_babaCode=32&k_raceDate=2026%2F10%2F10&k_raceNo=12
2026-10-10 20:38:00,20:37,2026-10-10,saga,12,2,三連複,1-13-14,451.8,451.8,95,https://www.keiba.go.jp/KeibaWeb/TodayRaceInfo/Odds3LenFuku?k_babaCode=32&k_raceDate=2026%2F10%2F10&k_raceNo=12
2026-10-10 20:38:00,20:37,2026-10-10,saga,12,2,三連複,3-12-14,451.8,451.8,95,https://www.keiba.go.jp/KeibaWeb/TodayRaceInfo/Odds3LenFuku?k_babaCode=32&k_raceDate=2026%2F10%2F10&k_raceNo=12
2026-10-10 20:38:00,20:37,2026-10-10,saga,12,2,三連複,4-9-13,451.8,451.8,95,https://www.keiba.go.jp/KeibaWeb/TodayRaceInfo/Odds3LenFuku?k_babaCode=32&k_raceDate=2026%2F10%2F10&k_raceNo=12
2026-10-10 20:38:00,20:37,2026-10-10,saga,12,2,三連複,3-8-12,458.4,458.4,98,https://www.keiba.go.jp/KeibaWeb/TodayRaceInfo/Odds3LenFuku?k_babaCode=32&k_raceDate=2026%2F10%2F10&k_raceNo=12
2026-10-10 20:38:00,20:37,2026-10-10,saga,12,2,三連複,3-5-8,483.3,483.3,99,https://www.keiba.go.jp/KeibaWeb/TodayRaceInfo/Odds3LenFuku?k_babaCode=32&k_raceDate=2026%2F10%2F10&k_raceNo=12
2026-10-10 20:38:00,20:37,2026-10-10,saga,12,2,三連複,9-10-14,483.3,483.3,99,https://www.keiba.go.jp/KeibaWeb/TodayRaceInfo/Odds3LenFuku?k_babaCode=32&k_raceDate=2026%2F10%2F10&k_raceNo=12
2026-10-10 20:38:00,20:37,2026-10-10,saga,12,2,三連複,3-6-7,487.1,487.1,101,https://www.keiba.go.jp/KeibaWeb/TodayRaceInfo/Odds3LenFuku?k_babaCode=32&k_raceDate=2026%2F10%2F10&k_raceNo=12
2026-10-10 20:38:00,20:37,2026-10-10,saga,12,2,三連複,2-3-6,506.9,506.9,102,https://www.keiba.go.jp/KeibaWeb/TodayRaceInfo/Odds3LenFuku?k_babaCode=32&k_raceDate=2026%2F10%2F10&k_raceNo=12
2026-10-10 20:38:00,20:37,2026-10-10,saga,12,2,三連複,2-8-13,506.9,506.9,102,https://www.keiba.go.jp/KeibaWeb/TodayRaceInfo/Odds3LenFuku?k_babaCode=32&k_raceDate=2026%2F10%2F10&k_raceNo=12
2026-10-10 20:38:00,20:37,2026-10-10,saga,12,2,三連複,8-10-12,511.0,511.0,104,https://www.keiba.go.jp/KeibaWeb/TodayRaceInfo/Odds3LenFuku?k_babaCode=32&k_raceDate=2026%2F10%2F10&k_raceNo=12
2026-10-10 20:38:00,20:37,2026-10-10,saga,12,2,三連複,2-7-10,523.9,523.9,105,https://www.keiba.go.jp/KeibaWeb/TodayRaceInfo/Odds3LenFuku?k_babaCode=32&k_raceDate=2026%2F10%2F10&k_raceNo=12
2026-10-10 20:38:00,20:37,2026-10-10,saga,12,2,三連複,5-6-10,523.9,523.9,105,https://www.keiba.go.jp/KeibaWeb/TodayRaceInfo/Odds3LenFuku?k_babaCode=32&k_raceDate=2026%2F10%2F10&k_raceNo=12
2026-10-10 20:38:00,20:37,2026-10-10,saga,12,2,三連複,8-9-10,532.8,532.8,107,https://www.keiba.go.jp/KeibaWeb/TodayRaceInfo/Odds3LenFuku?k_babaCode=32&k_raceDate=2026%2F10%2F10&k_raceNo=12
2026-10-10 20:38:00,20:37,2026-10-10,saga,12,2,三連複,1-2-3,537.4,537.4,108,https://www.keiba.go.jp/KeibaWeb/TodayRaceInfo/Odds3LenFuku?k_babaCode=32&k_raceDate=2026%2F10%2F10&k_raceNo=12
2026-10-10 20:38:00,20:37,2026-10-10,saga,12,2,三連複,3-6-8,537.4,537.4,108,https://www.keiba.go.jp/KeibaWeb/TodayRaceInfo/Odds3LenFuku?k_babaCode=32&k_raceDate=2026%2F10%2F10&k_raceNo=12
2026-10-10 20:38:00,20:37,2026-10-10,saga,12,2,三連複,1-3-7,542.1,542.1,110,https://www.keiba.go.jp/KeibaWeb/TodayRaceInfo/Odds3LenFuku?k_babaCode=32&k_raceDate=2026%2F10%2F10&k_raceNo=12
2026-10-10 20:38:00,20:37,2026-10-10,saga,12,2,三連複,4-7-13,546.9,546.9,111,https://www.keiba.go.jp/KeibaWeb/TodayRaceInfo/Odds3LenFuku?k_babaCode=32&k_raceDate=2026%2F10%2F10&k_raceNo=12
2026-10-10 20:38:00,20:37,2026-10-10,saga,12,2,三連複,1-6-13,551.7,551.7,112,https://www.keiba.go.jp/KeibaWeb/TodayRaceInfo/Odds3LenFuku?k_babaCode=32&k_raceDate=2026%2F10%2F10&k_raceNo=12
2026-10-10 20:38:00,20:37,2026-10-10,saga,12,2,三連複,3-8-14,556.6,556.6,113,https://www.keiba.go.jp/KeibaWeb/TodayRaceInfo/Odds3LenFuku?k_babaCode=32&k_raceDate=2026%2F10%2F10&k_raceNo=12
2026-10-10 20:38:00,20:37,2026-10-10,saga,12,2,三連複,1-5-10,561.7,561.7,114,https://www.keiba.go.jp/KeibaWeb/TodayRaceInfo/Odds3LenFuku?k_babaCode=32&k_raceDate=2026%2F10%2F10&k_raceNo=12
2026-10-10 20:38:00,20:37,2026-10-10,saga,12,2,三連複,10-12-14,561.7,561.7,114,https://www.keiba.go.jp/KeibaWeb/TodayRaceInfo/Odds3LenFuku?k_babaCode=32&k_raceDate=2026%2F10%2F10&k_raceNo=12
2026-10-10 20:38:00,20:37,2026-10-10,saga,12,2,三連複,5-7-9,566.8,566.8,116,https://www.keiba.go.jp/KeibaWeb/TodayRaceInfo/Odds3LenFuku?k_babaCode=32&k_raceDate=2026%2F10%2F10&k_raceNo=12
2026-10-10 20:38:00,20:37,2026-10-10,saga,12,2,三連複,1-3-6,582.7,582.7,117,https://www.keiba.go.jp/KeibaWeb/TodayRaceInfo/Odds3LenFuku?k_babaCode=32&k_raceDate=2026%2F10%2F10&k_raceNo=12
2026-10-10 20:38:00,20:37,2026-10-10,saga,12,2,三連複,3-4-5,582.7,582.7,117,https://www.keiba.go.jp/KeibaWeb/TodayRaceInfo/Odds3LenFuku?k_babaCode=32&k_raceDate=2026%2F10%2F10&k_raceNo=12
2026-10-10 20:38:00,20:37,2026-10-10,saga,12,2,三連複,5-8-10,599.5,599.5,119,https://www.keiba.go.jp/KeibaWeb/TodayRaceInfo/Odds3LenFuku?k_babaCode=32&k_raceDate=2026%2F10%2F10&k_raceNo=12
2026-10-10 20:38:00,20:37,2026-10-10,saga,12,2,三連複,6-10-12,605.3,605.3,120,https://www.keiba.go.jp/KeibaWeb/TodayRaceInfo/Odds3LenFuku?k_babaCode=32&k_raceDate=2026%2F10%2F10&k_raceNo=12
2026-10-10 20:38:00,20:37,2026-10-10,saga,12,2,三連複,11-12-13,617.3,617.3,121,https://www.keiba.go.jp/KeibaWeb/TodayRaceInfo/Odds3LenFuku?k_babaCode=32&k_raceDate=2026%2F10%2F10&k_raceNo=12
2026-10-10 20:38:00,20:37,2026-10-10,saga,12,2,三連複,2-8-10,623.4,623.4,122,https://www.keiba.go.jp/KeibaWeb/TodayRaceInfo/Odds3LenFuku?k_babaCode=32&k_raceDate=2026%2F10%2F10&k_raceNo=12
2026-10-10 20:38:00,20:37,2026-10-10,saga,12,2,三連複,2-5-7,636.2,636.2,123,https://www.keiba.go.jp/KeibaWeb/TodayRaceInfo/Odds3LenFuku?k_babaCode=32&k_raceDate=2026%2F10%2F10&k_raceNo=12
2026-10-10 20:38:00,20:37,2026-10-10,saga,12,2,三連複,3-7-14,670.4,670.4,124,https://www.keiba.go.jp/KeibaWeb/TodayRaceInfo/Odds3LenFuku?k_babaCode=32&k_raceDate=2026%2F10%2F10&k_raceNo=12
2026-10-10 20:38:00,20:37,2026-10-10,saga,12,2,三連複,3-4-7,677.7,677.7,125,https://www.keiba.go.jp/KeibaWeb/TodayRaceInfo/Odds3LenFuku?k_babaCode=32&k_raceDate=2026%2F10%2F10&k_raceNo=12
2026-10-10 20:38:00,20:37,2026-10-10,saga,12,2,三連複,7-10-14,685.1,685.1,126,https://www.keiba.go.jp/KeibaWeb/TodayRaceInfo/Odds3LenFuku?k_babaCode=32&k_raceDate=2026%2F10%2F10&k_raceNo=12
2026-10-10 20:38:00,20:37,2026-10-10,saga,12,2,三連複,1-3-12,692.7,692.7,127,https://www.keiba.go.jp/KeibaWeb/TodayRaceInfo/Odds3LenFuku?k_babaCode=32&k_raceDate=2026%2F10%2F10&k_raceNo=12
2026-10-10 20:38:00,20:37,2026-10-10,saga,12,2,三連複,4-12-13,692.7,692.7,127,https://www.keiba.go.jp/KeibaWeb/TodayRaceInfo/Odds3LenFuku?k_babaCode=32&k_raceDate=2026%2F10%2F10&k_raceNo=12
2026-10-10 20:38:00,20:37,2026-10-10,saga,12,2,三連複,2-6-10,700.5,700.5,129,https://www.keiba.go.jp/KeibaWeb/TodayRaceInfo/Odds3LenFuku?k_babaCode=32&k_raceDate=2026%2F10%2F10&k_raceNo=12
2026-10-10 20:38:00,20:37,2026-10-10,saga,12,2,三連複,5-10-14,708.5,708.5,130,https://www.keiba.go.jp/KeibaWeb/TodayRaceInfo/Odds3LenFuku?k_babaCode=32&k_raceDate=2026%2F10%2F10&k_raceNo=12
2026-10-10 20:38:00,20:37,2026-10-10,saga,12,2,三連複,3-4-8,724.9,724.9,131,https://www.keiba.go.jp/KeibaWeb/TodayRaceInfo/Odds3LenFuku?k_babaCode=32&k_raceDate=2026%2F10%2F10&k_raceNo=12
2026-10-10 20:38:00,20:37,2026-10-10,saga,12,2,三連複,1-5-9,733.5,733.5,132,https://www.keiba.go.jp/KeibaWeb/TodayRaceInfo/Odds3LenFuku?k_babaCode=32&k_raceDate=2026%2F10%2F10&k_raceNo=12
2026-10-10 20:38:00,20:37,2026-10-10,saga,12,2,三連複,3-10-11,733.5,733.5,132,https://www.keiba.go.jp/KeibaWeb/TodayRaceInfo/Odds3LenFuku?k_babaCode=32&k_raceDate=2026%2F10%2F10&k_raceNo=12
2026-10-10 20:38:00,20:37,2026-10-10,saga,12,2,三連複,1-3-8,751.1,751.1,134,https://www.keiba.go.jp/KeibaWeb/TodayRaceInfo/Odds3LenFuku?k_babaCode=32&k_raceDate=2026%2F10%2F10&k_raceNo=12
2026-10-10 20:38:00,20:37,2026-10-10,saga,12,2,三連複,3-7-8,760.3,760.3,135,https://www.keiba.go.jp/KeibaWeb/TodayRaceInfo/Odds3LenFuku?k_babaCode=32&k_raceDate=2026%2F10%2F10&k_raceNo=12
2026-10-10 20:38:00,20:37,2026-10-10,saga,12,2,三連複,1-8-13,769.7,769.7,136,https://www.keiba.go.jp/KeibaWeb/TodayRaceInfo/Odds3LenFuku?k_babaCode=32&k_raceDate=2026%2F10%2F10&k_raceNo=12
2026-10-10 20:38:00,20:37,2026-10-10,saga,12,2,三連複,6-8-10,769.7,769.7,136,https://www.keiba.go.jp/KeibaWeb/TodayRaceInfo/Odds3LenFuku?k_babaCode=32&k_raceDate=2026%2F10%2F10&k_raceNo=12
2026-10-10 20:38:00,20:37,2026-10-10,saga,12,2,三連複,2-5-9,809.7,809.7,138,https://www.keiba.go.jp/KeibaWeb/TodayRaceInfo/Odds3LenFuku?k_babaCode=32&k_raceDate=2026%2F10%2F10&k_raceNo=12
2026-10-10 20:38:00,20:37,2026-10-10,saga,12,2,三連複,3-4-14,820.3,820.3,139,https://www.keiba.go.jp/KeibaWeb/TodayRaceInfo/Odds3LenFuku?k_babaCode=32&k_raceDate=2026%2F10%2F10&k_raceNo=12
2026-10-10 20:38:00,20:37,2026-10-10,saga,12,2,三連複,4-5-10,820.3,820.3,139,https://www.keiba.go.jp/KeibaWeb/TodayRaceInfo/Odds3LenFuku?k_babaCode=32&k_raceDate=2026%2F10%2F10&k_raceNo=12
2026-10-10 20:38:00,20:37,2026-10-10,saga,12,2,三連複,2-4-10,842.5,842.5,141,https://www.keiba.go.jp/KeibaWeb/TodayRaceInfo/Odds3LenFuku?k_babaCode=32&k_raceDate=2026%2F10%2F10&k_raceNo=12
2026-10-10 20:38:00,20:37,2026-10-10,saga,12,2,三連複,1-9-10,854.0,854.0,142,https://www.keiba.go.jp/KeibaWeb/TodayRaceInfo/Odds3LenFuku?k_babaCode=32&k_raceDate=2026%2F10%2F10&k_raceNo=12
2026-10-10 20:38:00,20:37,2026-10-10,saga,12,2,三連複,3-6-14,854.0,854.0,142,https://www.keiba.go.jp/KeibaWeb/TodayRaceInfo/Odds3LenFuku?k_babaCode=32&k_raceDate=2026%2F10%2F10&k_raceNo=12
2026-10-10 20:38:00,20:37,2026-10-10,saga,12,2,三連複,2-3-8,865.9,865.9,144,https://www.keiba.go.jp/KeibaWeb/TodayRaceInfo/Odds3LenFuku?k_babaCode=32&k_raceDate=2026%2F10%2F10&k_raceNo=12
2026-10-10 20:38:00,20:37,2026-10-10,saga,12,2,三連複,3-4-9,878.1,878.1,145,https://www.keiba.go.jp/KeibaWeb/TodayRaceInfo/Odds3LenFuku?k_babaCode=32&k_raceDate=2026%2F10%2F10&k_raceNo=12
2026-10-10 20:38:00,20:37,2026-10-10,saga,12,2,三連複,1-5-7,890.7,890.7,146,https://www.keiba.go.jp/KeibaWeb/TodayRaceInfo/Odds3LenFuku?k_babaCode=32&k_raceDate=2026%2F10%2F10&k_raceNo=12
2026-10-10 20:38:00,20:37,2026-10-10,saga,12,2,三連複,2-7-9,890.7,890.7,146,https://www.keiba.go.jp/KeibaWeb/TodayRaceInfo/Odds3LenFuku?k_babaCode=32&k_raceDate=2026%2F10%2F10&k_raceNo=12
2026-10-10 20:38:00,20:37,2026-10-10,saga,12,2,三連複,5-7-12,903.6,903.6,148,https://www.keiba.go.jp/KeibaWeb/TodayRaceInfo/Odds3LenFuku?k_babaCode=32&k_raceDate=2026%2F10%2F10&k_raceNo=12
2026-10-10 20:38:00,20:37,2026-10-10,saga,12,2,三連複,5-11-13,903.6,903.6,148,https://www.keiba.go.jp/KeibaWeb/TodayRaceInfo/Odds3LenFuku?k_babaCode=32&k_raceDate=2026%2F10%2F10&k_raceNo=12
2026-10-10 20:38:00,20:37,2026-10-10,saga,12,2,三連複,2-3-14,916.9,916.9,150,https://www.keiba.go.jp/KeibaWeb/TodayRaceInfo/Odds3LenFuku?k_babaCode=32&k_raceDate=2026%2F10%2F10&k_raceNo=12
2026-10-10 20:38:00,20:37,2026-10-10,saga,12,2,三連複,5-6-9,959.2,959.2,151,https://www.keiba.go.jp/KeibaWeb/TodayRaceInfo/Odds3LenFuku?k_babaCode=32&k_raceDate=2026%2F10%2F10&k_raceNo=12
2026-10-10 20:38:00,20:37,2026-10-10,saga,12,2,三連複,6-7-10,959.2,959.2,151,https://www.keiba.go.jp/KeibaWeb/TodayRaceInfo/Odds3LenFuku?k_babaCode=32&k_raceDate=2026%2F10%2F10&k_raceNo=12
2026-10-10 20:38:00,20:37,2026-10-10,saga,12,2,三連複,7-8-10,989.6,989.6,153,https://www.keiba.go.jp/KeibaWeb/TodayRaceInfo/Odds3LenFuku?k_babaCode=32&k_raceDate=2026%2F10%2F10&k_raceNo=12
2026-10-10 20:38:00,20:37,2026-10-10,saga,12,2,三連複,2-10-14,1005.6,1005.6,154,https://www.keiba.go.jp/KeibaWeb/TodayRaceInfo/Odds3LenFuku?k_babaCode=32&k_raceDate=2026%2F10%2F10&k_raceNo=12
2026-10-10 20:38:00,20:37,2026-10-10,saga,12,2,三連複,5-9-12,1005.6,1005.6,154,https://www.keiba.go.jp/KeibaWeb/TodayRaceInfo/Odds3LenFuku?k_babaCode=32&k_raceDate=2026%2F10%2F10&k_raceNo=12
2026-10-10 20:38:00,20:37,2026-10-10,saga,12,2,三連複,1-7-10,1022.1,1022.1,156,https://www.keiba.go.jp/KeibaWeb/TodayRaceInfo/Odds3LenFuku?k_babaCode=32&k_raceDate=2026%2F10%2F10&k_raceNo=12
2026-10-10 20:38:00,20:37,2026-10-10,saga,12,2,三連複,2-4-13,1022.1,1022.1,156,https://www.keiba.go.jp/KeibaWeb/TodayRaceInfo/Odds3LenFuku?k_babaCode=32&k_raceDate=2026%2F10%2F10&k_raceNo=12
2026-10-10 20:38:00,20:37,2026-10-10,saga,12,2,三連複,4-8-10,1022.1,1022.1,156,https://www.keiba.go.jp/KeibaWeb/TodayRaceInfo/Odds3LenFuku?k_babaCode=32&k_raceDate=2026%2F10%2F10&k_raceNo=12
2026-10-10 20:38:00,20:37,2026-10-10,saga,12,2,三連複,2-3-4,1074.9,1074.9,159,https://www.keiba.go.jp/KeibaWeb/TodayRaceInfo/Odds3LenFuku?k_babaCode=32&k_raceDate=2026%2F10%2F10&k_raceNo=12
2026-10-10 20:38:00,20:37,2026-10-10,saga,12,2,三連複,6-10-14,1074.9,1074.9,159,https://www.keiba.go.jp/KeibaWeb/TodayRaceInfo/Odds3LenFuku?k_babaCode=32&k_raceDate=2026%2F10%2F10&k_raceNo=12
2026-10-10 20:38:00,20:37,2026-10-10,saga,12,2,三連複,1-4-13,1093.8,1093.8,161,https://www.keiba.go.jp/KeibaWeb/TodayRaceInfo/Odds3LenFuku?k_babaCode=32&k_raceDate=2026%2F10%2F10&k_raceNo=12
2026-10-10 20:38:00,20:37,2026-10-10,saga,12,2,三連複,4-9-10,1093.8,1093.8,161,https://www.keiba.go.jp/KeibaWeb/TodayRaceInfo/Odds3LenFuku?k_babaCode=32&k_raceDate=2026%2F10%2F10&k_raceNo=12
2026-10-10 20:38:00,20:37,2026-10-10,saga,12,2,三連複,2-5-12,1113.3,1113.3,163,https://www.keiba.go.jp/KeibaWeb/TodayRaceInfo/Odds3LenFuku?k_babaCode=32&k_raceDate=2026%2F10%2F10&k_raceNo=12
2026-10-10 20:38:00,20:37,2026-10-10,saga,12,2,三連複,4-13-14,1113.3,1113.3,163,https://www.keiba.go.jp/KeibaWeb/TodayRaceInfo/Odds3LenFuku?k_babaCode=32&k_raceDate=2026%2F10%2F10&k_raceNo=12
2026-10-10 20:38:00,20:37,2026-10-10,saga,12,2,三連複,1-10-12,1133.6,1133.6,165,https://www.keiba.go.jp/KeibaWeb/TodayRaceInfo/Odds3LenFuku?k_babaCode=32&k_raceDate=2026%2F10%2F10&k_raceNo=12
2026-10-10 20:38:00,20:37,2026-10-10,saga,12,2,三連複,2-5-6,1133.6,1133.6,165,https://www.keiba.go.jp/KeibaWeb/TodayRaceInfo/Odds3LenFuku?k_babaCode=32&k_raceDate=2026%2F10%2F10&k_raceNo=12
2026-10-10 20:38:00,20:37,2026-10-10,saga,12,2,三連複,4-8-13,1133.6,1133.6,165,https://www.keiba.go.jp/KeibaWeb/TodayRaceInfo/Odds3LenFuku?k_babaCode=32&k_raceDate=2026%2F10%2F10&k_raceNo=12
2026-10-10 20:38:00,20:37,2026-10-10,saga,12,2,三連複,7-9-12,1133.6,1133.6,165,https://www.keiba.go.jp/KeibaWeb/TodayRaceInfo/Odds3LenFuku?k_babaCode=32&k_raceDate=2026%2F10%2F10&k_raceNo=12
2026-10-10 20:38:00,20:37,2026-10-10,saga,12,2,三連複,1-3-14,1176.4,1176.4,169,https://www.keiba.go.jp/KeibaWeb/TodayRaceInfo/Odds3LenFuku?k_babaCode=32&k_raceDate=2026%2F10%2F10&k_raceNo=12
2026-10-10 20:38:00,20:37,2026-10-10,saga,12,2,三連複,1-5-6,1199.0,1199.0,170,https://www.keiba.go.jp/KeibaWeb/TodayRaceInfo/Odds3LenFuku?k_babaCode=32&k_raceDate=2026%2F10%2F10&k_raceNo=12
2026-10-10 20:38:00,20:37,2026-10-10,saga,12,2,三連複,6-11-13,1199.0,1199.0,170,https://www.keiba.go.jp/KeibaWeb/TodayRaceInfo/Odds3LenFuku?k_babaCode=32&k_raceDate=2026%2F10%2F10&k_raceNo=12
2026-10-10 20:38:00,20:37,2026-10-10,saga,12,2,三連複,4-6-13,1222.5,1222.5,172,https://www.keiba.go.jp/KeibaWeb/TodayRaceInfo/Odds3LenFuku?k_babaCode=32&k_raceDate=2026%2F10%2F10&k_raceNo=12
2026-10-10 20:38:00,20:37,2026-10-10,saga,12,2,三連複,8-10-14,1222.5,1222.5,172,https://www.keiba.go.jp/KeibaWeb/TodayRaceInfo/Odds3LenFuku?k_babaCode=32&k_raceDate=2026%2F10%2F10&k_raceNo=12
2026-10-10 20:38:00,20:37,2026-10-10,saga,12,2,三連複,5-9-14,1246.9,1246.9,174,https://www.keiba.go.jp/KeibaWeb/TodayRaceInfo/Odds3LenFuku?k_babaCode=32&k_raceDate=2026%2F10%2F10&k_raceNo=12
2026-10-10 20:38:00,20:37,2026-10-10,saga,12,2,三連複,9-11-13,1246.9,1246.9,174,https://www.keiba.go.jp/KeibaWeb/TodayRaceInfo/Odds3LenFuku?k_babaCode=32&k_raceDate=2026%2F10%2F10&k_raceNo=12
2026-10-10 20:38:00,20:37,2026-10-10,saga,12,2,三連複,2-7-12,1272.4,1272.4,176,https://www.keiba.go.jp/KeibaWeb/TodayRaceInfo/Odds3LenFuku?k_babaCode=32&k_raceDate=2026%2F10%2F10&k_raceNo=12
2026-10-10 20:38:00,20:37,2026-10-10,saga,12,2,三連複,4-7-10,1272.4,1272.4,176,https://www.keiba.go.jp/KeibaWeb/TodayRaceInfo/Odds3LenFuku?k_babaCode=32&k_raceDate=2026%2F10%2F10&k_raceNo=12
2026-10-10 20:38:00,20:37,2026-10-10,saga,12,2,三連複,1-6-10,1298.9,1298.9,178,https://www.keiba.go.jp/KeibaWeb/TodayRaceInfo/Odds3LenFuku?k_babaCode=32&k_raceDate=2026%2F10%2F10&k_raceNo=12
2026-10-10 20:38:00,20:37,2026-10-10,saga,12,2,三連複,3-4-6,1298.9,1298.9,178,https://www.keiba.go.jp/KeibaWeb/TodayRaceInfo/Odds3LenFuku?k_babaCode=32&k_raceDate=2026%2F10%2F10&k_raceNo=12
2026-10-10 20:38:00,20:37,2026-10-10,saga,12,2,三連複,7-11-13,1298.9,1298.9,178,https://www.keiba.go.jp/KeibaWeb/TodayRaceInfo/Odds3LenFuku?k_babaCode=32&k_raceDate=2026%2F10%2F10&k_raceNo=12
2026-10-10 20:38:00,20:37,2026-10-10,saga,12,2,三連複,4-10-12,1326.5,1326.5,181,https://www.keiba.go.jp/KeibaWeb/TodayRaceInfo/Odds3LenFuku?k_babaCode=32&k_raceDate=2026%2F10%2F10&k_raceNo=12
2026-10-10 20:38:00,20:37,2026-10-10,saga,12,2,三連複,2-5-8,1355.4,1355.4,182,https://www.keiba.go.jp/KeibaWeb/TodayRaceInfo/Odds3LenFuku?k_babaCode=32&k_raceDate=2026%2F10%2F10&k_raceNo=12
2026-10-10 20:38:00,20:37,2026-10-10,saga,12,2,三連複,1-2-5,1385.5,1385.5,183,https://www.keiba.go.jp/KeibaWeb/TodayRaceInfo/Odds3LenFuku?k_babaCode=32&k_raceDate=2026%2F10%2F10&k_raceNo=12
2026-10-10 20:38:00,20:37,2026-10-10,saga,12,2,三連複,1-2-10,1385.5,1385.5,183,https://www.keiba.go.jp/KeibaWeb/TodayRaceInfo/Odds3LenFuku?k_babaCode=32&k_raceDate=2026%2F10%2F10&k_raceNo=12
2026-10-10 20:38:00,20:37,2026-10-10,saga,12,2,三連複,2-11-13,1417.0,1417.0,185,https://www.keiba.go.jp/KeibaWeb/TodayRaceInfo/Odds3LenFuku?k_babaCode=32&k_raceDate=2026%2F10%2F10&k_raceNo=12
2026-10-10 20:38:00,20:37,2026-10-10,saga,12,2,三連複,3-4-12,1417.0,1417.0,185,https://www.keiba.go.jp/KeibaWeb/TodayRaceInfo/Odds3LenFuku?k_babaCode=32&k_raceDate=2026%2F10%2F10&k_raceNo=12
2026-10-10 20:38:00,20:37,2026-10-10,saga,12,2,三連複,5-6-8,1417.0,1417.0,185,https://www.keiba.go.jp/KeibaWeb/TodayRaceInfo/Odds3LenFuku?k_babaCode=32&k_raceDate=2026%2F10%2F10&k_raceNo=12
2026-10-10 20:38:00,20:37,2026-10-10,saga,12,2,三連複,5-8-9,1417.0,1417.0,185,https://www.keiba.go.jp/KeibaWeb/TodayRaceInfo/Odds3LenFuku?k_babaCode=32&k_raceDate=2026%2F10%2F10&k_raceNo=12
2026-10-10 20:38:00,20:37,2026-10-10,saga,12,2,三連複,3-5-11,1449.9,1449.9,189,https://www.keiba.go.jp/KeibaWeb/TodayRaceInfo/Odds3LenFuku?k_babaCode=32&k_raceDate=2026%2F10%2F10&k_raceNo=12
2026-10-10 20:38:00,20:37,2026-10-10,saga,12,2,三連複,8-9-12,1484.5,1484.5,190,https://www.keiba.go.jp/KeibaWeb/TodayRaceInfo/Odds3LenFuku?k_babaCode=32&k_raceDate=2026%2F10%2F10&k_raceNo=12
2026-10-10 20:38:00,20:37,2026-10-10,saga,12,2,三連複,11-13-14,1484.5,1484.5,190,https://www.keiba.go.jp/KeibaWeb/TodayRaceInfo/Odds3LenFuku?k_babaCode=32&k_raceDate=2026%2F10%2F10&k_raceNo=12
2026-10-10 20:38:00,20:37,2026-10-10,saga,12,2,三連複,5-6-7,1520.7,1520.7,192,https://www.keiba.go.jp/KeibaWeb/TodayRaceInfo/Odds3LenFuku?k_babaCode=32&k_raceDate=2026%2F10%2F10&k_raceNo=12
2026-10-10 20:38:00,20:37,2026-10-10,saga,12,2,三連複,6-10-11,1520.7,1520.7,192,https://www.keiba.go.jp/KeibaWeb/TodayRaceInfo/Odds3LenFuku?k_babaCode=32&k_raceDate=2026%2F10%2F10&k_raceNo=12
2026-10-10 20:38:00,20:37,2026-10-10,saga,12,2,三連複,2-6-7,1558.7,1558.7,194,https://www.keiba.go.jp/KeibaWeb/TodayRaceInfo/Odds3LenFuku?k_babaCode=32&k_raceDate=2026%2F10%2F10&k_raceNo=12
2026-10-10 20:38:00,20:37,2026-10-10,saga,12,2,三連複,3-6-11,1558.7,1558.7,194,https://www.keiba.go.jp/KeibaWeb/TodayRaceInfo/Odds3LenFuku?k_babaCode=32&k_raceDate=2026%2F10%2F10&k_raceNo=12
2026-10-10 20:38:00,20:37,2026-10-10,saga,12,2,三連複,3-8-11,1598.6,1598.6,196,https://www.keiba.go.jp/KeibaWeb/TodayRaceInfo/Odds3LenFuku?k_babaCode=32&k_raceDate=2026%2F10%2F10&k_raceNo=12
2026-10-10 20:38:00,20:37,2026-10-10,saga,12,2,三連複,2-4-5,1640.7,1640.7,197,https://www.keiba.go.jp/KeibaWeb/TodayRaceInfo/Odds3LenFuku?k_babaCode=32&k_raceDate=2026%2F10%2F10&k_raceNo=12
2026-10-10 20:38:00,20:37,2026-10-10,saga,12,2,三連複,3-7-11,1640.7,1640.7,197,https://www.keiba.go.jp/KeibaWeb/TodayRaceInfo/Odds3LenFuku?k_babaCode=32&k_raceDate=2026%2F10%2F10&k_raceNo=12
2026-10-10 20:38:00,20:37,2026-10-10,saga,12,2,三連複,3-9-11,1640.7,1640.7,197,https://www.keiba.go.jp/KeibaWeb/TodayRaceInfo/Odds3LenFuku?k_babaCode=32&k_raceDate=2026%2F10%2F10&k_raceNo=12
2026-10-10 20:38:00,20:37,2026-10-10,saga,12,2,三連複,4-5-9,1640.7,1640.7,197,https://www.keiba.go.jp/KeibaWeb/TodayRaceInfo/Odds3LenFuku?k_babaCode=32&k_raceDate=2026%2F10%2F10&k_raceNo=12
2026-10-10 20:38:00,20:37,2026-10-10,saga,12,2,三連複,9-12-14,1640.7,1640.7,197,https://www.keiba.go.jp/KeibaWeb/TodayRaceInfo/Odds3LenFuku?k_babaCode=32&k_raceDate=2026%2F10%2F10&k_raceNo=12
2026-10-10 20:38:00,20:37,2026-10-10,saga,12,2,三連複,2-9-12,1685.1,1685.1,202,https://www.keiba.go.jp/KeibaWeb/TodayRaceInfo/Odds3LenFuku?k_babaCode=32&k_raceDate=2026%2F10%2F10&k_raceNo=12
2026-10-10 20:38:00,20:37,2026-10-10,saga,12,2,三連複,5-7-14,1685.1,1685.1,202,https://www.keiba.go.jp/KeibaWeb/TodayRaceInfo/Odds3LenFuku?k_babaCode=32&k_raceDate=2026%2F10%2F10&k_raceNo=12
2026-10-10 20:38:00,20:37,2026-10-10,saga,12,2,三連複,8-11-13,1685.1,1685.1,202,https://www.keiba.go.jp/KeibaWeb/TodayRaceInfo/Odds3LenFuku?k_babaCode=32&k_raceDate=2026%2F10%2F10&k_raceNo=12
2026-10-10 20:38:00,20:37,2026-10-10,saga,12,2,三連複,1-3-11,1731.9,1731.9,205,https://www.keiba.go.jp/KeibaWeb/TodayRaceInfo/Odds3LenFuku?k_babaCode=32&k_raceDate=2026%2F10%2F10&k_raceNo=12
2026-10-10 20:38:00,20:37,2026-10-10,saga,12,2,三連複,2-6-8,1731.9,1731.9,205,https://www.keiba.go.jp/KeibaWeb/TodayRaceInfo/Odds3LenFuku?k_babaCode=32&k_raceDate=2026%2F10%2F10&k_raceNo=12
2026-10-10 20:38:00,20:37,2026-10-10,saga,12,2,三連複,7-8-9,1731.9,1731.9,205,https://www.keiba.go.jp/KeibaWeb/TodayRaceInfo/Odds3LenFuku?k_babaCode=32&k_raceDate=2026%2F10%2F10&k_raceNo=12
2026-10-10 20:38:00,20:37,2026-10-10,saga,12,2,三連複,1-2-7,1781.4,1781.4,208,https://www.keiba.go.jp/KeibaWeb/TodayRaceInfo/Odds3LenFuku?k_babaCode=32&k_raceDate=2026%2F10%2F10&k_raceNo=12
2026-10-10 20:38:00,20:37,2026-10-10,saga,12,2,三連複,1-3-4,1781.4,1781.4,208,https://www.keiba.go.jp/KeibaWeb/TodayRaceInfo/Odds3LenFuku?k_babaCode=32&k_raceDate=2026%2F10%2F10&k_raceNo=12
2026-10-10 20:38:00,20:37,2026-10-10,saga,12,2,三連複,1-4-5,1833.8,1833.8,210,https://www.keiba.go.jp/KeibaWeb/TodayRaceInfo/Odds3LenFuku?k_babaCode=32&k_raceDate=2026%2F10%2F10&k_raceNo=12
2026-10-10 20:38:00,20:37,2026-10-10,saga,12,2,三連複,2-6-9,1833.8,1833.8,210,https://www.keiba.go.jp/KeibaWeb/TodayRaceInfo/Odds3LenFuku?k_babaCode=32&k_raceDate=2026%2F10%2F10&k_raceNo=12
2026-10-10 20:38:00,20:37,2026-10-10,saga,12,2,三連複,5-7-8,1833.8,1833.8,210,https://www.keiba.go.jp/KeibaWeb/TodayRaceInfo/Odds3LenFuku?k_babaCode=32&k_raceDate=2026%2F10%2F10&k_raceNo=12
2026-10-10 20:38:00,20:37,2026-10-10,saga,12,2,三連複,1-10-14,1889.3,1889.3,213,https://www.keiba.go.jp/KeibaWeb/TodayRaceInfo/Odds3LenFuku?k_babaCode=32&k_raceDate=2026%2F10%2F10&k_raceNo=12
2026-10-10 20:38:00,20:37,2026-10-10,saga,12,2,三連複,5-6-11,1889.3,1889.3,213,https://www.keiba.go.jp/KeibaWeb/TodayRaceInfo/Odds3LenFuku?k_babaCode=32&k_raceDate=2026%2F10%2F10&k_raceNo=12
2026-10-10 20:38:00,20:37,2026-10-10,saga,12,2,三連複,5-10-11,1889.3,1889.3,213,https://www.keiba.go.jp/KeibaWeb/TodayRaceInfo/Odds3LenFuku?k_babaCode=32&k_raceDate=2026%2F10%2F10&k_raceNo=12
2026-10-10 20:38:00,20:37,2026-10-10,saga,12,2,三連複,6-7-8,1889.3,1889.3,213,https://www.keiba.go.jp/KeibaWeb/TodayRaceInfo/Odds3LenFuku?k_babaCode=32&k_raceDate=2026%2F10%2F10&k_raceNo=12
2026-10-10 20:38:00,20:37,2026-10-10,saga,12,2,三連複,1-2-9,1948.4,1948.4,217,https://www.keiba.go.jp/KeibaWeb/TodayRaceInfo/Odds3LenFuku?k_babaCode=32&k_raceDate=2026%2F10%2F10&k_raceNo=12
2026-10-10 20:38:00,20:37,2026-10-10,saga,12,2,三連複,1-6-9,2011.2,2011.2,218,https://www.keiba.go.jp/KeibaWeb/TodayRaceInfo/Odds3LenFuku?k_babaCode=32&k_raceDate=2026%2F10%2F10&k_raceNo=12
2026-10-10 20:38:00,20:37,2026-10-10,saga,12,2,三連複,1-7-9,2011.2,2011.2,218,https://www.keiba.go.jp/KeibaWeb/TodayRaceInfo/Odds3LenFuku?k_babaCode=32&k_raceDate=2026%2F10%2F10&k_raceNo=12
2026-10-10 20:38:00,20:37,2026-10-10,saga,12,2,三連複,2-4-7,2011.2,2011.2,218,https://www.keiba.go.jp/KeibaWeb/TodayRaceInfo/Odds3LenFuku?k_babaCode=32&k_raceDate=2026%2F10%2F10&k_raceNo=12
2026-10-10 20:38:00,20:37,2026-10-10,saga,12,2,三連複,6-8-9,2078.3,2078.3,221,https://www.keiba.go.jp/KeibaWeb/TodayRaceInfo/Odds3LenFuku?k_babaCode=32&k_raceDate=2026%2F10%2F10&k_raceNo=12
2026-10-10 20:38:00,20:37,2026-10-10,saga,12,2,三連複,6-9-12,2078.3,2078.3,221,https://www.keiba.go.jp/KeibaWeb/TodayRaceInfo/Odds3LenFuku?k_babaCode=32&k_raceDate=2026%2F10%2F10&k_raceNo=12
2026-10-10 20:38:00,20:37,2026-10-10,saga,12,2,三連複,7-8-12,2078.3,2078.3,221,https://www.keiba.go.jp/KeibaWeb/TodayRaceInfo/Odds3LenFuku?k_babaCode=32&k_raceDate=2026%2F10%2F10&k_raceNo=12
2026-10-10 20:38:00,20:37,2026-10-10,saga,12,2,三連複,2-6-12,2149.9,2149.9,224,https://www.keiba.go.jp/KeibaWeb/TodayRaceInfo/Odds3LenFuku?k_babaCode=32&k_raceDate=2026%2F10%2F10&k_raceNo=12
2026-10-10 20:38:00,20:37,2026-10-10,saga,12,2,三連複,6-7-9,2149.9,2149.9,224,https://www.keiba.go.jp/KeibaWeb/TodayRaceInfo/Odds3LenFuku?k_babaCode=32&k_raceDate=2026%2F10%2F10&k_raceNo=12
2026-10-10 20:38:00,20:37,2026-10-10,saga,12,2,三連複,7-12-14,2149.9,2149.9,224,https://www.keiba.go.jp/KeibaWeb/TodayRaceInfo/Odds3LenFuku?k_babaCode=32&k_raceDate=2026%2F10%2F10&k_raceNo=12
2026-10-10 20:38:00,20:37,2026-10-10,saga,12,2,三連複,1-5-8,2226.7,2226.7,227,https://www.keiba.go.jp/KeibaWeb/TodayRaceInfo/Odds3LenFuku?k_babaCode=32&k_raceDate=2026%2F10%2F10&k_raceNo=12
2026-10-10 20:38:00,20:37,2026-10-10,saga,12,2,三連複,2-3-11,2226.7,2226.7,227,https://www.keiba.go.jp/KeibaWeb/TodayRaceInfo/Odds3LenFuku?k_babaCode=32&k_raceDate=2026%2F10%2F10&k_raceNo=12
2026-10-10 20:38:00,20:37,2026-10-10,saga,12,2,三連複,4-7-9,2226.7,2226.7,227,https://www.keiba.go.jp/KeibaWeb/TodayRaceInfo/Odds3LenFuku?k_babaCode=32&k_raceDate=2026%2F10%2F10&k_raceNo=12
2026-10-10 20:38:00,20:37,2026-10-10,saga,12,2,三連複,6-8-12,2226.7,2226.7,227,https://www.keiba.go.jp/KeibaWeb/TodayRaceInfo/Odds3LenFuku?k_babaCode=32&k_raceDate=2026%2F10%2F10&k_raceNo=12
2026-10-10 20:38:00,20:37,2026-10-10,saga,12,2,三連複,7-9-14,2226.7,2226.7,227,https://www.keiba.go.jp/KeibaWeb/TodayRaceInfo/Odds3LenFuku?k_babaCode=32&k_raceDate=2026%2F10%2F10&k_raceNo=12
2026-10-10 20:38:00,20:37,2026-10-10,saga,12,2,三連複,1-2-6,2309.2,2309.2,232,https://www.keiba.go.jp/KeibaWeb/TodayRaceInfo/Odds3LenFuku?k_babaCode=32&k_raceDate=2026%2F10%2F10&k_raceNo=12
2026-10-10 20:38:00,20:37,2026-10-10,saga,12,2,三連複,1-6-8,2398.0,2398.0,233,https://www.keiba.go.jp/KeibaWeb/TodayRaceInfo/Odds3LenFuku?k_babaCode=32&k_raceDate=2026%2F10%2F10&k_raceNo=12
2026-10-10 20:38:00,20:37,2026-10-10,saga,12,2,三連複,1-9-14,2398.0,2398.0,233,https://www.keiba.go.jp/KeibaWeb/TodayRaceInfo/Odds3LenFuku?k_babaCode=32&k_raceDate=2026%2F10%2F10&k_raceNo=12
2026-10-10 20:38:00,20:37,2026-10-10,saga,12,2,三連複,2-7-8,2398.0,2398.0,233,https://www.keiba.go.jp/KeibaWeb/TodayRaceInfo/Odds3LenFuku?k_babaCode=32&k_raceDate=2026%2F10%2F10&k_raceNo=12
2026-10-10 20:38:00,20:37,2026-10-10,saga,12,2,三連複,3-11-12,2398.0,2398.0,233,https://www.keiba.go.jp/KeibaWeb/TodayRaceInfo/Odds3LenFuku?k_babaCode=32&k_raceDate=2026%2F10%2F10&k_raceNo=12
2026-10-10 20:38:00,20:37,2026-10-10,saga,12,2,三連複,4-5-7,2398.0,2398.0,233,https://www.keiba.go.jp/KeibaWeb/TodayRaceInfo/Odds3LenFuku?k_babaCode=32&k_raceDate=2026%2F10%2F10&k_raceNo=12
2026-10-10 20:38:00,20:37,2026-10-10,saga,12,2,三連複,5-7-11,2398.0,2398.0,233,https://www.keiba.go.jp/KeibaWeb/TodayRaceInfo/Odds3LenFuku?k_babaCode=32&k_raceDate=2026%2F10%2F10&k_raceNo=12
2026-10-10 20:38:00,20:37,2026-10-10,saga,12,2,三連複,5-12-14,2398.0,2398.0,233,https://www.keiba.go.jp/KeibaWeb/TodayRaceInfo/Odds3LenFuku?k_babaCode=32&k_raceDate=2026%2F10%2F10&k_raceNo=12
2026-10-10 20:38:00,20:37,2026-10-10,saga,12,2,三連複,6-9-14,2398.0,2398.0,233,https://www.keiba.go.jp/KeibaWeb/TodayRaceInfo/Odds3LenFuku?k_babaCode=32&k_raceDate=2026%2F10%2F10&k_raceNo=12
2026-10-10 20:38:00,20:37,2026-10-10,saga,12,2,三連複,8-9-14,2398.0,2398.0,233,https://www.keiba.go.jp/KeibaWeb/TodayRaceInfo/Odds3LenFuku?k_babaCode=32&k_raceDate=2026%2F10%2F10&k_raceNo=12
2026-10-10 20:38:00,20:37,2026-10-10,saga,12,2,三連複,8-10-11,2398.0,2398.0,233,https://www.keiba.go.jp/KeibaWeb/TodayRaceInfo/Odds3LenFuku?k_babaCode=32&k_raceDate=2026%2F10%2F10&k_raceNo=12
2026-10-10 20:38:00,20:37,2026-10-10,saga,12,2,三連複,10-11-12,2398.0,2398.0,233,https://www.keiba.go.jp/KeibaWeb/TodayRaceInfo/Odds3LenFuku?k_babaCode=32&k_raceDate=2026%2F10%2F10&k_raceNo=12
2026-10-10 20:38:00,20:37,2026-10-10,saga,12,2,三連複,1-4-10,2493.9,2493.9,244,https://www.keiba.go.jp/KeibaWeb/TodayRaceInfo/Odds3LenFuku?k_babaCode=32&k_raceDate=2026%2F10%2F10&k_raceNo=12
2026-10-10 20:38:00,20:37,2026-10-10,saga,12,2,三連複,1-8-10,2493.9,2493.9,244,https://www.keiba.go.jp/KeibaWeb/TodayRaceInfo/Odds3LenFuku?k_babaCode=32&k_raceDate=2026%2F10%2F10&k_raceNo=12
2026-10-10 20:38:00,20:37,2026-10-10,saga,12,2,三連複,1-2-8,2597.8,2597.8,246,https://www.keiba.go.jp/KeibaWeb/TodayRaceInfo/Odds3LenFuku?k_babaCode=32&k_raceDate=2026%2F10%2F10&k_raceNo=12
2026-10-10 20:38:00,20:37,2026-10-10,saga,12,2,三連複,1-11-13,2597.8,2597.8,246,https://www.keiba.go.jp/KeibaWeb/TodayRaceInfo/Odds3LenFuku?k_babaCode=32&k_raceDate=2026%2F10%2F10&k_raceNo=12
2026-10-10 20:38:00,20:37,2026-10-10,saga,12,2,三連複,2-8-12,2597.8,2597.8,246,https://www.keiba.go.jp/KeibaWeb/TodayRaceInfo/Odds3LenFuku?k_babaCode=32&k_raceDate=2026%2F10%2F10&k_raceNo=12
2026-10-10 20:38:00,20:37,2026-10-10,saga,12,2,三連複,4-10-14,2597.8,2597.8,246,https://www.keiba.go.jp/KeibaWeb/TodayRaceInfo/Odds3LenFuku?k_babaCode=32&k_raceDate=2026%2F10%2F10&k_raceNo=12
2026-10-10 20:38:00,20:37,2026-10-10,saga,12,2,三連複,1-2-4,2710.8,2710.8,250,https://www.keiba.go.jp/KeibaWeb/TodayRaceInfo/Odds3LenFuku?k_babaCode=32&k_raceDate=2026%2F10%2F10&k_raceNo=12
2026-10-10 20:38:00,20:37,2026-10-10,saga,12,2,三連複,5-6-12,2710.8,2710.8,250,https://www.keiba.go.jp/KeibaWeb/TodayRaceInfo/Odds3LenFuku?k_babaCode=32&k_raceDate=2026%2F10%2F10&k_raceNo=12
2026-10-10 20:38:00,20:37,2026-10-10,saga,12,2,三連複,1-5-12,2834.0,2834.0,252,https://www.keiba.go.jp/KeibaWeb/TodayRaceInfo/Odds3LenFuku?k_babaCode=32&k_raceDate=2026%2F10%2F10&k_raceNo=12
2026-10-10 20:38:00,20:37,2026-10-10,saga,12,2,三連複,2-4-9,2834.0,2834.0,252,https://www.keiba.go.jp/KeibaWeb/TodayRaceInfo/Odds3LenFuku?k_babaCode=32&k_raceDate=2026%2F10%2F10&k_raceNo=12
2026-10-10 20:38:00,20:37,2026-10-10,saga,12,2,三連複,2-7-14,2834.0,2834.0,252,https://www.keiba.go.jp/KeibaWeb/TodayRaceInfo/Odds3LenFuku?k_babaCode=32&k_raceDate=2026%2F10%2F10&k_raceNo=12
2026-10-10 20:38:00,20:37,2026-10-10,saga,12,2,三連複,4-6-10,2834.0,2834.0,252,https://www.keiba.go.jp/KeibaWeb/TodayRaceInfo/Odds3LenFuku?k_babaCode=32&k_raceDate=2026%2F10%2F10&k_raceNo=12
2026-10-10 20:38:00,20:37,2026-10-10,saga,12,2,三連複,8-12-14,2834.0,2834.0,252,https://www.keiba.go.jp/KeibaWeb/TodayRaceInfo/Odds3LenFuku?k_babaCode=32&k_raceDate=2026%2F10%2F10&k_raceNo=12
2026-10-10 20:38:00,20:37,2026-10-10,saga,12,2,三連複,9-10-11,2834.0,2834.0,252,https://www.keiba.go.jp/KeibaWeb/TodayRaceInfo/Odds3LenFuku?k_babaCode=32&k_raceDate=2026%2F10%2F10&k_raceNo=12
2026-10-10 20:38:00,20:37,2026-10-10,saga,12,2,三連複,1-9-12,2969.0,2969.0,258,https://www.keiba.go.jp/KeibaWeb/TodayRaceInfo/Odds3LenFuku?k_babaCode=32&k_raceDate=2026%2F10%2F10&k_raceNo=12
2026-10-10 20:38:00,20:37,2026-10-10,saga,12,2,三連複,2-12-14,2969.0,2969.0,258,https://www.keiba.go.jp/KeibaWeb/TodayRaceInfo/Odds3LenFuku?k_babaCode=32&k_raceDate=2026%2F10%2F10&k_raceNo=12
2026-10-10 20:38:00,20:37,2026-10-10,saga,12,2,三連複,4-7-8,2969.0,2969.0,258,https://www.keiba.go.jp/KeibaWeb/TodayRaceInfo/Odds3LenFuku?k_babaCode=32&k_raceDate=2026%2F10%2F10&k_raceNo=12
2026-10-10 20:38:00,20:37,2026-10-10,saga,12,2,三連複,1-2-12,3117.4,3117.4,261,https://www.keiba.go.jp/KeibaWeb/TodayRaceInfo/Odds3LenFuku?k_babaCode=32&k_raceDate=2026%2F10%2F10&k_raceNo=12
2026-10-10 20:38:00,20:37,2026-10-10,saga,12,2,三連複,2-8-9,3117.4,3117.4,261,https://www.keiba.go.jp/KeibaWeb/TodayRaceInfo/Odds3LenFuku?k_babaCode=32&k_raceDate=2026%2F10%2F10&k_raceNo=12
2026-10-10 20:38:00,20:37,2026-10-10,saga,12,2,三連複,5-8-12,3117.4,3117.4,261,https://www.keiba.go.jp/KeibaWeb/TodayRaceInfo/Odds3LenFuku?k_babaCode=32&k_raceDate=2026%2F10%2F10&k_raceNo=12
2026-10-10 20:38:00,20:37,2026-10-10,saga,12,2,三連複,1-4-7,3281.5,3281.5,264,https://www.keiba.go.jp/KeibaWeb/TodayRaceInfo/Odds3LenFuku?k_babaCode=32&k_raceDate=2026%2F10%2F10&k_raceNo=12
2026-10-10 20:38:00,20:37,2026-10-10,saga,12,2,三連複,1-5-14,3281.5,3281.5,264,https://www.keiba.go.jp/KeibaWeb/TodayRaceInfo/Odds3LenFuku?k_babaCode=32&k_raceDate=2026%2F10%2F10&k_raceNo=12
2026-10-10 20:38:00,20:37,2026-10-10,saga,12,2,三連複,2-4-8,3281.5,3281.5,264,https://www.keiba.go.jp/KeibaWeb/TodayRaceInfo/Odds3LenFuku?k_babaCode=32&k_raceDate=2026%2F10%2F10&k_raceNo=12
2026-10-10 20:38:00,20:37,2026-10-10,saga,12,2,三連複,4-7-12,3281.5,3281.5,264,https://www.keiba.go.jp/KeibaWeb/TodayRaceInfo/Odds3LenFuku?k_babaCode=32&k_raceDate=2026%2F10%2F10&k_raceNo=12
2026-10-10 20:38:00,20:37,2026-10-10,saga,12,2,三連複,4-8-9,3281.5,3281.5,264,https://www.keiba.go.jp/KeibaWeb/TodayRaceInfo/Odds3LenFuku?k_babaCode=32&k_raceDate=2026%2F10%2F10&k_raceNo=12
2026-10-10 20:38:00,20:37,2026-10-10,saga,12,2,三連複,6-7-12,3281.5,3281.5,264,https://www.keiba.go.jp/KeibaWeb/TodayRaceInfo/Odds3LenFuku?k_babaCode=32&k_raceDate=2026%2F10%2F10&k_raceNo=12
2026-10-10 20:38:00,20:37,2026-10-10,saga,12,2,三連複,1-4-9,3463.8,3463.8,270,https://www.keiba.go.jp/KeibaWeb/TodayRaceInfo/Odds3LenFuku?k_babaCode=32&k_raceDate=2026%2F10%2F10&k_raceNo=12
2026-10-10 20:38:00,20:37,2026-10-10,saga,12,2,三連複,1-2-14,3667.6,3667.6,271,https://www.keiba.go.jp/KeibaWeb/TodayRaceInfo/Odds3LenFuku?k_babaCode=32&k_raceDate=2026%2F10%2F10&k_raceNo=12
2026-10-10 20:38:00,20:37,2026-10-10,saga,12,2,三連複,2-5-14,3667.6,3667.6,271,https://www.keiba.go.jp/KeibaWeb/TodayRaceInfo/Odds3LenFuku?k_babaCode=32&k_raceDate=2026%2F10%2F10&k_raceNo=12
2026-10-10 20:38:00,20:37,2026-10-10,saga,12,2,三連複,2-6-11,3667.6,3667.6,271,https://www.keiba.go.jp/KeibaWeb/TodayRaceInfo/Odds3LenFuku?k_babaCode=32&k_raceDate=2026%2F10%2F10&k_raceNo=12
2026-10-10 20:38:00,20:37,2026-10-10,saga,12,2,三連複,4-11-13,3667.6,3667.6,271,https://www.keiba.go.jp/KeibaWeb/TodayRaceInfo/Odds3LenFuku?k_babaCode=32&k_raceDate=2026%2F10%2F10&k_raceNo=12
2026-10-10 20:38:00,20:37,2026-10-10,saga,12,2,三連複,5-8-14,3667.6,3667.6,271,https://www.keiba.go.jp/KeibaWeb/TodayRaceInfo/Odds3LenFuku?k_babaCode=32&k_raceDate=2026%2F10%2F10&k_raceNo=12
2026-10-10 20:38:00,20:37,2026-10-10,saga,12,2,三連複,6-8-11,3667.6,3667.6,271,https://www.keiba.go.jp/KeibaWeb/TodayRaceInfo/Odds3LenFuku?k_babaCode=32&k_raceDate=2026%2F10%2F10&k_raceNo=12
2026-10-10 20:38:00,20:37,2026-10-10,saga,12,2,三連複,6-8-14,3667.6,3667.6,271,https://www.keiba.go.jp/KeibaWeb/TodayRaceInfo/Odds3LenFuku?k_babaCode=32&k_raceDate=2026%2F10%2F10&k_raceNo=12
2026-10-10 20:38:00,20:37,2026-10-10,saga,12,2,三連複,6-9-11,3667.6,3667.6,271,https://www.keiba.go.jp/KeibaWeb/TodayRaceInfo/Odds3LenFuku?k_babaCode=32&k_raceDate=2026%2F10%2F10&k_raceNo=12
2026-10-10 20:38:00,20:37,2026-10-10,saga,12,2,三連複,5-8-11,3896.8,3896.8,279,https://www.keiba.go.jp/KeibaWeb/TodayRaceInfo/Odds3LenFuku?k_babaCode=32&k_raceDate=2026%2F10%2F10&k_raceNo=12
2026-10-10 20:38:00,20:37,2026-10-10,saga,12,2,三連複,6-12-14,3896.8,3896.8,279,https://www.keiba.go.jp/KeibaWeb/TodayRaceInfo/Odds3LenFuku?k_babaCode=32&k_raceDate=2026%2F10%2F10&k_raceNo=12
2026-10-10 20:38:00,20:37,2026-10-10,saga,12,2,三連複,7-10-11,3896.8,3896.8,279,https://www.keiba.go.jp/KeibaWeb/TodayRaceInfo/Odds3LenFuku?k_babaCode=32&k_raceDate=2026%2F10%2F10&k_raceNo=12
2026-10-10 20:38:00,20:37,2026-10-10,saga,12,2,三連複,1-6-11,4156.6,4156.6,282,https://www.keiba.go.jp/KeibaWeb/TodayRaceInfo/Odds3LenFuku?k_babaCode=32&k_raceDate=2026%2F10%2F10&k_raceNo=12
2026-10-10 20:38:00,20:37,2026-10-10,saga,12,2,三連複,1-7-8,4156.6,4156.6,282,https://www.keiba.go.jp/KeibaWeb/TodayRaceInfo/Odds3LenFuku?k_babaCode=32&k_raceDate=2026%2F10%2F10&k_raceNo=12
2026-10-10 20:38:00,20:37,2026-10-10,saga,12,2,三連複,1-7-12,4156.6,4156.6,282,https://www.keiba.go.jp/KeibaWeb/TodayRaceInfo/Odds3LenFuku?k_babaCode=32&k_raceDate=2026%2F10%2F10&k_raceNo=12
2026-10-10 20:38:00,20:37,2026-10-10,saga,12,2,三連複,2-4-12,4156.6,4156.6,282,https://www.keiba.go.jp/KeibaWeb/TodayRaceInfo/Odds3LenFuku?k_babaCode=32&k_raceDate=2026%2F10%2F10&k_raceNo=12
2026-10-10 20:38:00,20:37,2026-10-10,saga,12,2,三連複,4-5-6,4156.6,4156.6,282,https://www.keiba.go.jp/KeibaWeb/TodayRaceInfo/Odds3LenFuku?k_babaCode=32&k_raceDate=2026%2F10%2F10&k_raceNo=12
2026-10-10 20:38:00,20:37,2026-10-10,saga,12,2,三連複,4-5-12,4156.6,4156.6,282,https://www.keiba.go.jp/KeibaWeb/TodayRaceInfo/Odds3LenFuku?k_babaCode=32&k_raceDate=2026%2F10%2F10&k_raceNo=12
2026-10-10 20:38:00,20:37,2026-10-10,saga,12,2,三連複,4-8-12,4156.6,4156.6,282,https://www.keiba.go.jp/KeibaWeb/TodayRaceInfo/Odds3LenFuku?k_babaCode=32&k_raceDate=2026%2F10%2F10&k_raceNo=12
2026-10-10 20:38:00,20:37,2026-10-10,saga,12,2,三連複,4-9-14,4156.6,4156.6,282,https://www.keiba.go.jp/KeibaWeb/TodayRaceInfo/Odds3LenFuku?k_babaCode=32&k_raceDate=2026%2F10%2F10&k_raceNo=12
2026-10-10 20:38:00,20:37,2026-10-10,saga,12,2,三連複,7-9-11,4156.6,4156.6,282,https://www.keiba.go.jp/KeibaWeb/TodayRaceInfo/Odds3LenFuku?k_babaCode=32&k_raceDate=2026%2F10%2F10&k_raceNo=12
2026-10-10 20:38:00,20:37,2026-10-10,saga,12,2,三連複,8-11-12,4156.6,4156.6,282,https://www.keiba.go.jp/KeibaWeb/TodayRaceInfo/Odds3LenFuku?k_babaCode=32&k_raceDate=2026%2F10%2F10&k_raceNo=12
2026-10-10 20:38:00,20:37,2026-10-10,saga,12,2,三連複,1-6-7,4453.5,4453.5,292,https://www.keiba.go.jp/KeibaWeb/TodayRaceInfo/Odds3LenFuku?k_babaCode=32&k_raceDate=2026%2F10%2F10&k_raceNo=12
2026-10-10 20:38:00,20:37,2026-10-10,saga,12,2,三連複,1-6-12,4453.5,4453.5,292,https://www.keiba.go.jp/KeibaWeb/TodayRaceInfo/Odds3LenFuku?k_babaCode=32&k_raceDate=2026%2F10%2F10&k_raceNo=12
2026-10-10 20:38:00,20:37,2026-10-10,saga,12,2,三連複,1-10-11,4453.5,4453.5,292,https://www.keiba.go.jp/KeibaWeb/TodayRaceInfo/Odds3LenFuku?k_babaCode=32&k_raceDate=2026%2F10%2F10&k_raceNo=12
2026-10-10 20:38:00,20:37,2026-10-10,saga,12,2,三連複,2-9-14,4453.5,4453.5,292,https://www.keiba.go.jp/KeibaWeb/TodayRaceInfo/Odds3LenFuku?k_babaCode=32&k_raceDate=2026%2F10%2F10&k_raceNo=12
2026-10-10 20:38:00,20:37,2026-10-10,saga,12,2,三連複,3-4-11,4453.5,4453.5,292,https://www.keiba.go.jp/KeibaWeb/TodayRaceInfo/Odds3LenFuku?k_babaCode=32&k_raceDate=2026%2F10%2F10&k_raceNo=12
2026-10-10 20:38:00,20:37,2026-10-10,saga,12,2,三連複,3-11-14,4453.5,4453.5,292,https://www.keiba.go.jp/KeibaWeb/TodayRaceInfo/Odds3LenFuku?k_babaCode=32&k_raceDate=2026%2F10%2F10&k_raceNo=12
2026-10-10 20:38:00,20:37,2026-10-10,saga,12,2,三連複,4-6-12,4453.5,4453.5,292,https://www.keiba.go.jp/KeibaWeb/TodayRaceInfo/Odds3LenFuku?k_babaCode=32&k_raceDate=2026%2F10%2F10&k_raceNo=12
2026-10-10 20:38:00,20:37,2026-10-10,saga,12,2,三連複,4-9-12,4453.5,4453.5,292,https://www.keiba.go.jp/KeibaWeb/TodayRaceInfo/Odds3LenFuku?k_babaCode=32&k_raceDate=2026%2F10%2F10&k_raceNo=12
2026-10-10 20:38:00,20:37,2026-10-10,saga,12,2,三連複,5-9-11,4453.5,4453.5,292,https://www.keiba.go.jp/KeibaWeb/TodayRaceInfo/Odds3LenFuku?k_babaCode=32&k_raceDate=2026%2F10%2F10&k_raceNo=12
2026-10-10 20:38:00,20:37,2026-10-10,saga,12,2,三連複,6-7-14,4453.5,4453.5,292,https://www.keiba.go.jp/KeibaWeb/TodayRaceInfo/Odds3LenFuku?k_babaCode=32&k_raceDate=2026%2F10%2F10&k_raceNo=12
2026-10-10 20:38:00,20:37,2026-10-10,saga,12,2,三連複,1-7-11,4796.0,4796.0,302,https://www.keiba.go.jp/KeibaWeb/TodayRaceInfo/Odds3LenFuku?k_babaCode=32&k_raceDate=2026%2F10%2F10&k_raceNo=12
2026-10-10 20:38:00,20:37,2026-10-10,saga,12,2,三連複,1-7-14,4796.0,4796.0,302,https://www.keiba.go.jp/KeibaWeb/TodayRaceInfo/Odds3LenFuku?k_babaCode=32&k_raceDate=2026%2F10%2F10&k_raceNo=12
2026-10-10 20:38:00,20:37,2026-10-10,saga,12,2,三連複,1-8-9,4796.0,4796.0,302,https://www.keiba.go.jp/KeibaWeb/TodayRaceInfo/Odds3LenFuku?k_babaCode=32&k_raceDate=2026%2F10%2F10&k_raceNo=12
2026-10-10 20:38:00,20:37,2026-10-10,saga,12,2,三連複,1-9-11,4796.0,4796.0,302,https://www.keiba.go.jp/KeibaWeb/TodayRaceInfo/Odds3LenFuku?k_babaCode=32&k_raceDate=2026%2F10%2F10&k_raceNo=12
2026-10-10 20:38:00,20:37,2026-10-10,saga,12,2,三連複,2-10-11,4796.0,4796.0,302,https://www.keiba.go.jp/KeibaWeb/TodayRaceInfo/Odds3LenFuku?k_babaCode=32&k_raceDate=2026%2F10%2F10&k_raceNo=12
2026-10-10 20:38:00,20:37,2026-10-10,saga,12,2,三連複,4-6-8,4796.0,4796.0,302,https://www.keiba.go.jp/KeibaWeb/TodayRaceInfo/Odds3LenFuku?k_babaCode=32&k_raceDate=2026%2F10%2F10&k_raceNo=12
2026-10-10 20:38:00,20:37,2026-10-10,saga,12,2,三連複,7-8-11,4796.0,4796.0,302,https://www.keiba.go.jp/KeibaWeb/TodayRaceInfo/Odds3LenFuku?k_babaCode=32&k_raceDate=2026%2F10%2F10&k_raceNo=12
2026-10-10 20:38:00,20:37,2026-10-10,saga,12,2,三連複,7-8-14,4796.0,4796.0,302,https://www.keiba.go.jp/KeibaWeb/TodayRaceInfo/Odds3LenFuku?k_babaCode=32&k_raceDate=2026%2F10%2F10&k_raceNo=12
2026-10-10 20:38:00,20:37,2026-10-10,saga,12,2,三連複,10-11-14,4796.0,4796.0,302,https://www.keiba.go.jp/KeibaWeb/TodayRaceInfo/Odds3LenFuku?k_babaCode=32&k_raceDate=2026%2F10%2F10&k_raceNo=12
2026-10-10 20:38:00,20:37,2026-10-10,saga,12,2,三連複,1-4-8,5195.7,5195.7,311,https://www.keiba.go.jp/KeibaWeb/TodayRaceInfo/Odds3LenFuku?k_babaCode=32&k_raceDate=2026%2F10%2F10&k_raceNo=12
2026-10-10 20:38:00,20:37,2026-10-10,saga,12,2,三連複,2-4-6,5195.7,5195.7,311,https://www.keiba.go.jp/KeibaWeb/TodayRaceInfo/Odds3LenFuku?k_babaCode=32&k_raceDate=2026%2F10%2F10&k_raceNo=12
2026-10-10 20:38:00,20:37,2026-10-10,saga,12,2,三連複,2-5-11,5195.7,5195.7,311,https://www.keiba.go.jp/KeibaWeb/TodayRaceInfo/Odds3LenFuku?k_babaCode=32&k_raceDate=2026%2F10%2F10&k_raceNo=12
2026-10-10 20:38:00,20:37,2026-10-10,saga,12,2,三連複,2-6-14,5195.7,5195.7,311,https://www.keiba.go.jp/KeibaWeb/TodayRaceInfo/Odds3LenFuku?k_babaCode=32&k_raceDate=2026%2F10%2F10&k_raceNo=12
2026-10-10 20:38:00,20:37,2026-10-10,saga,12,2,三連複,2-7-11,5195.7,5195.7,311,https://www.keiba.go.jp/KeibaWeb/TodayRaceInfo/Odds3LenFuku?k_babaCode=32&k_raceDate=2026%2F10%2F10&k_raceNo=12
2026-10-10 20:38:00,20:37,2026-10-10,saga,12,2,三連複,2-8-11,5195.7,5195.7,311,https://www.keiba.go.jp/KeibaWeb/TodayRaceInfo/Odds3LenFuku?k_babaCode=32&k_raceDate=2026%2F10%2F10&k_raceNo=12
2026-10-10 20:38:00,20:37,2026-10-10,saga,12,2,三連複,4-5-8,5195.7,5195.7,311,https://www.keiba.go.jp/KeibaWeb/TodayRaceInfo/Odds3LenFuku?k_babaCode=32&k_raceDate=2026%2F10%2F10&k_raceNo=12
2026-10-10 20:38:00,20:37,2026-10-10,saga,12,2,三連複,9-11-12,5195.7,5195.7,311,https://www.keiba.go.jp/KeibaWeb/TodayRaceInfo/Odds3LenFuku?k_babaCode=32&k_raceDate=2026%2F10%2F10&k_raceNo=12
2026-10-10 20:38:00,20:37,2026-10-10,saga,12,2,三連複,1-4-6,5668.1,5668.1,319,https://www.keiba.go.jp/KeibaWeb/TodayRaceInfo/Odds3LenFuku?k_babaCode=32&k_raceDate=2026%2F10%2F10&k_raceNo=12
2026-10-10 20:38:00,20:37,2026-10-10,saga,12,2,三連複,4-6-7,5668.1,5668.1,319,https://www.keiba.go.jp/KeibaWeb/TodayRaceInfo/Odds3LenFuku?k_babaCode=32&k_raceDate=2026%2F10%2F10&k_raceNo=12
2026-10-10 20:38:00,20:37,2026-10-10,saga,12,2,三連複,4-7-14,5668.1,5668.1,319,https://www.keiba.go.jp/KeibaWeb/TodayRaceInfo/Odds3LenFuku?k_babaCode=32&k_raceDate=2026%2F10%2F10&k_raceNo=12
2026-10-10 20:38:00,20:37,2026-10-10,saga,12,2,三連複,5-6-14,5668.1,5668.1,319,https://www.keiba.go.jp/KeibaWeb/TodayRaceInfo/Odds3LenFuku?k_babaCode=32&k_raceDate=2026%2F10%2F10&k_raceNo=12
2026-10-10 20:38:00,20:37,2026-10-10,saga,12,2,三連複,11-12-14,5668.1,5668.1,319,https://www.keiba.go.jp/KeibaWeb/TodayRaceInfo/Odds3LenFuku?k_babaCode=32&k_raceDate=2026%2F10%2F10&k_raceNo=12
2026-10-10 20:38:00,20:37,2026-10-10,saga,12,2,三連複,1-2-11,6234.9,6234.9,324,https://www.keiba.go.jp/KeibaWeb/TodayRaceInfo/Odds3LenFuku?k_babaCode=32&k_raceDate=2026%2F10%2F10&k_raceNo=12
2026-10-10 20:38:00,20:37,2026-10-10,saga,12,2,三連複,4-6-9,6234.9,6234.9,324,https://www.keiba.go.jp/KeibaWeb/TodayRaceInfo/Odds3LenFuku?k_babaCode=32&k_raceDate=2026%2F10%2F10&k_raceNo=12
2026-10-10 20:38:00,20:37,2026-10-10,saga,12,2,三連複,4-7-11,6234.9,6234.9,324,https://www.keiba.go.jp/KeibaWeb/TodayRaceInfo/Odds3LenFuku?k_babaCode=32&k_raceDate=2026%2F10%2F10&k_raceNo=12
2026-10-10 20:38:00,20:37,2026-10-10,saga,12,2,三連複,4-8-11,6234.9,6234.9,324,https://www.keiba.go.jp/KeibaWeb/TodayRaceInfo/Odds3LenFuku?k_babaCode=32&k_raceDate=2026%2F10%2F10&k_raceNo=12
2026-10-10 20:38:00,20:37,2026-10-10,saga,12,2,三連複,5-11-12,6234.9,6234.9,324,https://www.keiba.go.jp/KeibaWeb/TodayRaceInfo/Odds3LenFuku?k_babaCode=32&k_raceDate=2026%2F10%2F10&k_raceNo=12
2026-10-10 20:38:00,20:37,2026-10-10,saga,12,2,三連複,5-11-14,6234.9,6234.9,324,https://www.keiba.go.jp/KeibaWeb/TodayRaceInfo/Odds3LenFuku?k_babaCode=32&k_raceDate=2026%2F10%2F10&k_raceNo=12
2026-10-10 20:38:00,20:37,2026-10-10,saga,12,2,三連複,6-11-12,6234.9,6234.9,324,https://www.keiba.go.jp/KeibaWeb/TodayRaceInfo/Odds3LenFuku?k_babaCode=32&k_raceDate=2026%2F10%2F10&k_raceNo=12
2026-10-10 20:38:00,20:37,2026-10-10,saga,12,2,三連複,9-11-14,6234.9,6234.9,324,https://www.keiba.go.jp/KeibaWeb/TodayRaceInfo/Odds3LenFuku?k_babaCode=32&k_raceDate=2026%2F10%2F10&k_raceNo=12
2026-10-10 20:38:00,20:37,2026-10-10,saga,12,2,三連複,1-6-14,6927.6,6927.6,332,https://www.keiba.go.jp/KeibaWeb/TodayRaceInfo/Odds3LenFuku?k_babaCode=32&k_raceDate=2026%2F10%2F10&k_raceNo=12
2026-10-10 20:38:00,20:37,2026-10-10,saga,12,2,三連複,1-8-12,6927.6,6927.6,332,https://www.keiba.go.jp/KeibaWeb/TodayRaceInfo/Odds3LenFuku?k_babaCode=32&k_raceDate=2026%2F10%2F10&k_raceNo=12
2026-10-10 20:38:00,20:37,2026-10-10,saga,12,2,三連複,1-12-14,6927.6,6927.6,332,https://www.keiba.go.jp/KeibaWeb/TodayRaceInfo/Odds3LenFuku?k_babaCode=32&k_raceDate=2026%2F10%2F10&k_raceNo=12
2026-10-10 20:38:00,20:37,2026-10-10,saga,12,2,三連複,2-9-11,6927.6,6927.6,332,https://www.keiba.go.jp/KeibaWeb/TodayRaceInfo/Odds3LenFuku?k_babaCode=32&k_raceDate=2026%2F10%2F10&k_raceNo=12
2026-10-10 20:38:00,20:37,2026-10-10,saga,12,2,三連複,4-5-14,6927.6,6927.6,332,https://www.keiba.go.jp/KeibaWeb/TodayRaceInfo/Odds3LenFuku?k_babaCode=32&k_raceDate=2026%2F10%2F10&k_raceNo=12
2026-10-10 20:38:00,20:37,2026-10-10,saga,12,2,三連複,6-7-11,6927.6,6927.6,332,https://www.keiba.go.jp/KeibaWeb/TodayRaceInfo/Odds3LenFuku?k_babaCode=32&k_raceDate=2026%2F10%2F10&k_raceNo=12
2026-10-10 20:38:00,20:37,2026-10-10,saga,12,2,三連複,1-5-11,7793.6,7793.6,338,https://www.keiba.go.jp/KeibaWeb/TodayRaceInfo/Odds3LenFuku?k_babaCode=32&k_raceDate=2026%2F10%2F10&k_raceNo=12
2026-10-10 20:38:00,20:37,2026-10-10,saga,12,2,三連複,2-4-14,7793.6,7793.6,338,https://www.keiba.go.jp/KeibaWeb/TodayRaceInfo/Odds3LenFuku?k_babaCode=32&k_raceDate=2026%2F10%2F10&k_raceNo=12
2026-10-10 20:38:00,20:37,2026-10-10,saga,12,2,三連複,4-8-14,7793.6,7793.6,338,https://www.keiba.go.jp/KeibaWeb/TodayRaceInfo/Odds3LenFuku?k_babaCode=32&k_raceDate=2026%2F10%2F10&k_raceNo=12
2026-10-10 20:38:00,20:37,2026-10-10,saga,12,2,三連複,4-12-14,7793.6,7793.6,338,https://www.keiba.go.jp/KeibaWeb/TodayRaceInfo/Odds3LenFuku?k_babaCode=32&k_raceDate=2026%2F10%2F10&k_raceNo=12
2026-10-10 20:38:00,20:37,2026-10-10,saga,12,2,三連複,8-9-11,7793.6,7793.6,338,https://www.keiba.go.jp/KeibaWeb/TodayRaceInfo/Odds3LenFuku?k_babaCode=32&k_raceDate=2026%2F10%2F10&k_raceNo=12
2026-10-10 20:38:00,20:37,2026-10-10,saga,12,2,三連複,8-11-14,7793.6,7793.6,338,https://www.keiba.go.jp/KeibaWeb/TodayRaceInfo/Odds3LenFuku?k_babaCode=32&k_raceDate=2026%2F10%2F10&k_raceNo=12
2026-10-10 20:38:00,20:37,2026-10-10,saga,12,2,三連複,1-4-12,8907.0,8907.0,344,https://www.keiba.go.jp/KeibaWeb/TodayRaceInfo/Odds3LenFuku?k_babaCode=32&k_raceDate=2026%2F10%2F10&k_raceNo=12
2026-10-10 20:38:00,20:37,2026-10-10,saga,12,2,三連複,1-8-11,8907.0,8907.0,344,https://www.keiba.go.jp/KeibaWeb/TodayRaceInfo/Odds3LenFuku?k_babaCode=32&k_raceDate=2026%2F10%2F10&k_raceNo=12
2026-10-10 20:38:00,20:37,2026-10-10,saga,12,2,三連複,1-11-12,8907.0,8907.0,344,https://www.keiba.go.jp/KeibaWeb/TodayRaceInfo/Odds3LenFuku?k_babaCode=32&k_raceDate=2026%2F10%2F10&k_raceNo=12
2026-10-10 20:38:00,20:37,2026-10-10,saga,12,2,三連複,4-6-11,8907.0,8907.0,344,https://www.keiba.go.jp/KeibaWeb/TodayRaceInfo/Odds3LenFuku?k_babaCode=32&k_raceDate=2026%2F10%2F10&k_raceNo=12
2026-10-10 20:38:00,20:37,2026-10-10,saga,12,2,三連複,4-6-14,8907.0,8907.0,344,https://www.keiba.go.jp/KeibaWeb/TodayRaceInfo/Odds3LenFuku?k_babaCode=32&k_raceDate=2026%2F10%2F10&k_raceNo=12
2026-10-10 20:38:00,20:37,2026-10-10,saga,12,2,三連複,4-9-11,8907.0,8907.0,344,https://www.keiba.go.jp/KeibaWeb/TodayRaceInfo/Odds3LenFuku?k_babaCode=32&k_raceDate=2026%2F10%2F10&k_raceNo=12
2026-10-10 20:38:00,20:37,2026-10-10,saga,12,2,三連複,4-10-11,8907.0,8907.0,344,https://www.keiba.go.jp/KeibaWeb/TodayRaceInfo/Odds3LenFuku?k_babaCode=32&k_raceDate=2026%2F10%2F10&k_raceNo=12
2026-10-10 20:38:00,20:37,2026-10-10,saga,12,2,三連複,7-11-12,8907.0,8907.0,344,https://www.keiba.go.jp/KeibaWeb/TodayRaceInfo/Odds3LenFuku?k_babaCode=32&k_raceDate=2026%2F10%2F10&k_raceNo=12
2026-10-10 20:38:00,20:37,2026-10-10,saga,12,2,三連複,7-11-14,8907.0,8907.0,344,https://www.keiba.go.jp/KeibaWeb/TodayRaceInfo/Odds3LenFuku?k_babaCode=32&k_raceDate=2026%2F10%2F10&k_raceNo=12
2026-10-10 20:38:00,20:37,2026-10-10,saga,12,2,三連複,1-4-14,10391.5,10391.5,353,https://www.keiba.go.jp/KeibaWeb/TodayRaceInfo/Odds3LenFuku?k_babaCode=32&k_raceDate=2026%2F10%2F10&k_raceNo=12
2026-10-10 20:38:00,20:37,2026-10-10,saga,12,2,三連複,1-8-14,10391.5,10391.5,353,https://www.keiba.go.jp/KeibaWeb/TodayRaceInfo/Odds3LenFuku?k_babaCode=32&k_raceDate=2026%2F10%2F10&k_raceNo=12
2026-10-10 20:38:00,20:37,2026-10-10,saga,12,2,三連複,2-4-11,10391.5,10391.5,353,https://www.keiba.go.jp/KeibaWeb/TodayRaceInfo/Odds3LenFuku?k_babaCode=32&k_raceDate=2026%2F10%2F10&k_raceNo=12
2026-10-10 20:38:00,20:37,2026-10-10,saga,12,2,三連複,2-8-14,10391.5,10391.5,353,https://www.keiba.go.jp/KeibaWeb/TodayRaceInfo/Odds3LenFuku?k_babaCode=32&k_raceDate=2026%2F10%2F10&k_raceNo=12
2026-10-10 20:38:00,20:37,2026-10-10,saga,12,2,三連複,1-11-14,12469.8,12469.8,357,https://www.keiba.go.jp/KeibaWeb/TodayRaceInfo/Odds3LenFuku?k_babaCode=32&k_raceDate=2026%2F10%2F10&k_raceNo=12
2026-10-10 20:38:00,20:37,2026-10-10,saga,12,2,三連複,2-11-12,12469.8,12469.8,357,https://www.keiba.go.jp/KeibaWeb/TodayRaceInfo/Odds3LenFuku?k_babaCode=32&k_raceDate=2026%2F10%2F10&k_raceNo=12
2026-10-10 20:38:00,20:37,2026-10-10,saga,12,2,三連複,4-5-11,12469.8,12469.8,357,https://www.keiba.go.jp/KeibaWeb/TodayRaceInfo/Odds3LenFuku?k_babaCode=32&k_raceDate=2026%2F10%2F10&k_raceNo=12
2026-10-10 20:38:00,20:37,2026-10-10,saga,12,2,三連複,4-11-14,12469.8,12469.8,357,https://www.keiba.go.jp/KeibaWeb/TodayRaceInfo/Odds3LenFuku?k_babaCode=32&k_raceDate=2026%2F10%2F10&k_raceNo=12
2026-10-10 20:38:00,20:37,2026-10-10,saga,12,2,三連複,6-11-14,12469.8,12469.8,357,https://www.keiba.go.jp/KeibaWeb/TodayRaceInfo/Odds3LenFuku?k_babaCode=32&k_raceDate=2026%2F10%2F10&k_raceNo=12
2026-10-10 20:38:00,20:37,2026-10-10,saga,12,2,三連複,1-4-11,15587.3,15587.3,362,https://www.keiba.go.jp/KeibaWeb/TodayRaceInfo/Odds3LenFuku?k_babaCode=32&k_raceDate=2026%2F10%2F10&k_raceNo=12
2026-10-10 20:38:00,20:37,2026-10-10,saga,12,2,三連複,4-11-12,15587.3,15587.3,362,https://www.keiba.go.jp/KeibaWeb/TodayRaceInfo/Odds3LenFuku?k_babaCode=32&k_raceDate=2026%2F10%2F10&k_raceNo=12
2026-10-10 20:38:00,20:37,2026-10-10,saga,12,2,三連複,2-11-14,20783.0,20783.0,364,https://www.keiba.go.jp/KeibaWeb/TodayRaceInfo/Odds3LenFuku?k_babaCode=32&k_raceDate=2026%2F10%2F10&k_raceNo=12
