captured_at,source_time,race_date,track,race_no,minutes_before,bet_type,combination,odds_low,odds_high,popularity,source_url
2026-10-08 16:30:00,16:29,2026-10-08,oi,5,10,単勝,1,45.5,45.5,9,https://www.keiba.go.jp/KeibaWeb/TodayRaceInfo/OddsTanFuku?k_babaCode=20&k_raceDate=2026%2F10%2F08&k_raceNo=5
2026-10-08 16:30:00,16:29,2026-10-08,oi,5,10,単勝,2,25.9,25.9,7,https://www.keiba.go.jp/KeibaWeb/TodayRaceInfo/OddsTanFuku?k_babaCode=20&k_raceDate=2026%2F10%2F08&k_raceNo=5
2026-10-08 16:30:00,16:29,2026-10-08,oi,5,10,単勝,3,5.6,5.6,3,https://www.keiba.go.jp/KeibaWeb/TodayRaceInfo/OddsTanFuku?k_babaCode=20&k_raceDate=2026%2F10%2F08&k_raceNo=5
2026-10-08 16:30:00,16:29,2026-10-08,oi,5,10,単勝,4,6.5,6.5,4,https://www.keiba.go.jp/KeibaWeb/TodayRaceInfo/OddsTanFuku?k_babaCode=20&k_raceDate=2026%2F10%2F08&k_raceNo=5
2026-10-08 16:30:00,16:29,2026-10-08,oi,5,10,単勝,5,30.2,30.2,8,https://www.keiba.go.jp/KeibaWeb/TodayRaceInfo/OddsTanFuku?k_babaCode=20&k_raceDate=2026%2F10%2F08&k_raceNo=5
2026-10-08 16:30:00,16:29,2026-10-08,oi,5,10,単勝,6,2.5,2.5,1,https://www.keiba.go.jp/KeibaWeb/TodayRaceInfo/OddsTanFuku?k_babaCode=20&k_raceDate=2026%2F10%2F08&k_raceNo=5
2026-10-08 16:30:00,16:29,2026-10-08,oi,5,10,単勝,7,72.9,72.9,10,https://www.keiba.go.jp/KeibaWeb/TodayRaceInfo/OddsTanFuku?k_babaCode=20&k_raceDate=2026%2F10%2F08&k_raceNo=5
2026-10-08 16:30:00,16:29,2026-10-08,oi,5,10,単勝,8,6.9,6.9,5,https://www.keiba.go.jp/KeibaWeb/TodayRaceInfo/OddsTanFuku?k_babaCode=20&k_raceDate=2026%2F10%2F08&k_raceNo=5
2026-10-08 16:30:00,16:29,2026-10-08,oi,5,10,単勝,9,78.1,78.1,11,https://www.keiba.go.jp/KeibaWeb/TodayRaceInfo/OddsTanFuku?k_babaCode=20&k_raceDate=2026%2F10%2F08&k_raceNo=5
2026-10-08 16:30:00,16:29,2026-10-08,oi,5,10,単勝,10,5.5,5.5,2,https://www.keiba.go.jp/KeibaWeb/TodayRaceInfo/OddsTanFuku?k_babaCode=20&k_raceDate=2026%2F10%2F08&k_raceNo=5
2026-10-08 16:30:00,16:29,2026-10-08,oi,5,10,単勝,11,17.4,17.4,6,https://www.keiba.go.jp/KeibaWeb/TodayRaceInfo/OddsTanFuku?k_babaCode=20&k_raceDate=2026%2F10%2F08&k_raceNo=5
2026-10-08 16:30:00,16:29,2026-10-08,oi,5,10,単勝,12,95.1,95.1,12,https://www.keiba.go.jp/KeibaWeb/TodayRaceInfo/OddsTanFuku?k_babaCode=20&k_raceDate=2026%2F10%2F08&k_raceNo=5
2026-10-08 16:30:00,16:29,2026-10-08,oi,5,10,単勝,13,154.7,154.7,14,https://www.keiba.go.jp/KeibaWeb/TodayRaceInfo/OddsTanFuku?k_babaCode=20&k_raceDate=2026%2F10%2F08&k_raceNo=5
2026-10-08 16:30:00,16:29,2026-10-08,oi,5,10,単勝,14,135.5,135.5,13,https://www.keiba.go.jp/KeibaWeb/TodayRaceInfo/OddsTanFuku?k_babaCode=20&k_raceDate=2026%2F10%2F08&k_raceNo=5
2026-10-08 16:30:00,16:29,2026-10-08,oi,5,10,馬連,3-6,6.3,6.3,1,https://www.keiba.go.jp/KeibaWeb/TodayRaceInfo/OddsUmLenFuku?k_babaCode=20&k_raceDate=2026%2F10%2F08&k_raceNo=5
2026-10-08 16:30:00,16:29,2026-10-08,oi,5,10,馬連,6-8,7.8,7.8,2,https://www.keiba.go.jp/KeibaWeb/TodayRaceInfo/OddsUmLenFuku?k_babaCode=20&k_raceDate=2026%2F10%2F08&k_raceNo=5
2026-10-08 16:30:00,16:29,2026-10-08,oi,5,10,馬連,6-10,9.0,9.0,3,https://www.keiba.go.jp/KeibaWeb/TodayRaceInfo/OddsUmLenFuku?k_babaCode=20&k_raceDate=2026%2F10%2F08&k_raceNo=5
2026-10-08 16:30:00,16:29,2026-10-08,oi,5,10,馬連,4-6,10.1,10.1,4,https://www.keiba.go.jp/KeibaWeb/TodayRaceInfo/OddsUmLenFuku?k_babaCode=20&k_raceDate=2026%2F10%2F08&k_raceNo=5
2026-10-08 16:30:00,16:29,2026-10-08,oi,5,10,馬連,3-8,11.5,11.5,5,https://www.keiba.go.jp/KeibaWeb/TodayRaceInfo/OddsUmLenFuku?k_babaCode=20&k_raceDate=2026%2F10%2F08&k_raceNo=5
2026-10-08 16:30:00,16:29,2026-10-08,oi,5,10,馬連,3-10,12.2,12.2,6,https://www.keiba.go.jp/KeibaWeb/TodayRaceInfo/OddsUmLenFuku?k_babaCode=20&k_raceDate=2026%2F10%2F08&k_raceNo=5
2026-10-08 16:30:00,16:29,2026-10-08,oi,5,10,馬連,3-4,13.7,13.7,7,https://www.keiba.go.jp/KeibaWeb/TodayRaceInfo/OddsUmLenFuku?k_babaCode=20&k_raceDate=2026%2F10%2F08&k_raceNo=5
2026-10-08 16:30:00,16:29,2026-10-08,oi,5,10,馬連,8-10,15.2,15.2,8,https://www.keiba.go.jp/KeibaWeb/TodayRaceInfo/OddsUmLenFuku?k_babaCode=20&k_raceDate=2026%2F10%2F08&k_raceNo=5
2026-10-08 16:30:00,16:29,2026-10-08,oi,5,10,馬連,6-11,18.1,18.1,9,https://www.keiba.go.jp/KeibaWeb/TodayRaceInfo/OddsUmLenFuku?k_babaCode=20&k_raceDate=2026%2F10%2F08&k_raceNo=5
2026-10-08 16:30:00,16:29,2026-10-08,oi,5,10,馬連,4-8,18.2,18.2,10,https://www.keiba.go.jp/KeibaWeb/TodayRaceInfo/OddsUmLenFuku?k_babaCode=20&k_raceDate=2026%2F10%2F08&k_raceNo=5
2026-10-08 16:30:00,16:29,2026-10-08,oi,5,10,馬連,4-10,22.8,22.8,11,https://www.keiba.go.jp/KeibaWeb/TodayRaceInfo/OddsUmLenFuku?k_babaCode=20&k_raceDate=2026%2F10%2F08&k_raceNo=5
2026-10-08 16:30:00,16:29,2026-10-08,oi,5,10,馬連,3-11,29.9,29.9,12,https://www.keiba.go.jp/KeibaWeb/TodayRaceInfo/OddsUmLenFuku?k_babaCode=20&k_raceDate=2026%2F10%2F08&k_raceNo=5
2026-10-08 16:30:00,16:29,2026-10-08,oi,5,10,馬連,8-11,33.9,33.9,13,https://www.keiba.go.jp/KeibaWeb/TodayRaceInfo/OddsUmLenFuku?k_babaCode=20&k_raceDate=2026%2F10%2F08&k_raceNo=5
2026-10-08 16:30:00,16:29,2026-10-08,oi,5,10,馬連,5-6,37.5,37.5,14,https://www.keiba.go.jp/KeibaWeb/TodayRaceInfo/OddsUmLenFuku?k_babaCode=20&k_raceDate=2026%2F10%2F08&k_raceNo=5
2026-10-08 16:30:00,16:29,2026-10-08,oi,5,10,馬連,10-11,49.3,49.3,15,https://www.keiba.go.jp/KeibaWeb/TodayRaceInfo/OddsUmLenFuku?k_babaCode=20&k_raceDate=2026%2F10%2F08&k_raceNo=5
2026-10-08 16:30:00,16:29,2026-10-08,oi,5,10,馬連,4-11,55.9,55.9,16,https://www.keiba.go.jp/KeibaWeb/TodayRaceInfo/OddsUmLenFuku?k_babaCode=20&k_raceDate=2026%2F10%2F08&k_raceNo=5
2026-10-08 16:30:00,16:29,2026-10-08,oi,5,10,馬連,3-5,66.8,66.8,17,https://www.keiba.go.jp/KeibaWeb/TodayRaceInfo/OddsUmLenFuku?k_babaCode=20&k_raceDate=2026%2F10%2F08&k_raceNo=5
2026-10-08 16:30:00,16:29,2026-10-08,oi,5,10,馬連,4-5,79.2,79.2,18,https://www.keiba.go.jp/KeibaWeb/TodayRaceInfo/OddsUmLenFuku?k_babaCode=20&k_raceDate=2026%2F10%2F08&k_raceNo=5
2026-10-08 16:30:00,16:29,2026-10-08,oi,5,10,馬連,5-8,81.5,81.5,19,https://www.keiba.go.jp/KeibaWeb/TodayRaceInfo/OddsUmLenFuku?k_babaCode=20&k_raceDate=2026%2F10%2F08&k_raceNo=5
2026-10-08 16:30:00,16:29,2026-10-08,oi,5,10,馬連,1-8,92.6,92.6,20,https://www.keiba.go.jp/KeibaWeb/TodayRaceInfo/OddsUmLenFuku?k_babaCode=20&k_raceDate=2026%2F10%2F08&k_raceNo=5
2026-10-08 16:30:00,16:29,2026-10-08,oi,5,10,馬連,2-3,96.7,96.7,21,https://www.keiba.go.jp/KeibaWeb/TodayRaceInfo/OddsUmLenFuku?k_babaCode=20&k_raceDate=2026%2F10%2F08&k_raceNo=5
2026-10-08 16:30:00,16:29,2026-10-08,oi,5,10,馬連,2-6,99.2,99.2,22,https://www.keiba.go.jp/KeibaWeb/TodayRaceInfo/OddsUmLenFuku?k_babaCode=20&k_raceDate=2026%2F10%2F08&k_raceNo=5
2026-10-08 16:30:00,16:29,2026-10-08,oi,5,10,馬連,1-6,105.0,105.0,23,https://www.keiba.go.jp/KeibaWeb/TodayRaceInfo/OddsUmLenFuku?k_babaCode=20&k_raceDate=2026%2F10%2F08&k_raceNo=5
2026-10-08 16:30:00,16:29,2026-10-08,oi,5,10,馬連,1-3,106.7,106.7,24,https://www.keiba.go.jp/KeibaWeb/TodayRaceInfo/OddsUmLenFuku?k_babaCode=20&k_raceDate=2026%2F10%2F08&k_raceNo=5
2026-10-08 16:30:00,16:29,2026-10-08,oi,5,10,馬連,2-4,113.5,113.5,25,https://www.keiba.go.jp/KeibaWeb/TodayRaceInfo/OddsUmLenFuku?k_babaCode=20&k_raceDate=2026%2F10%2F08&k_raceNo=5
2026-10-08 16:30:00,16:29,2026-10-08,oi,5,10,馬連,1-4,122.8,122.8,26,https://www.keiba.go.jp/KeibaWeb/TodayRaceInfo/OddsUmLenFuku?k_babaCode=20&k_raceDate=2026%2F10%2F08&k_raceNo=5
2026-10-08 16:30:00,16:29,2026-10-08,oi,5,10,馬連,5-11,129.2,129.2,27,https://www.keiba.go.jp/KeibaWeb/TodayRaceInfo/OddsUmLenFuku?k_babaCode=20&k_raceDate=2026%2F10%2F08&k_raceNo=5
2026-10-08 16:30:00,16:29,2026-10-08,oi,5,10,馬連,6-12,140.3,140.3,28,https://www.keiba.go.jp/KeibaWeb/TodayRaceInfo/OddsUmLenFuku?k_babaCode=20&k_raceDate=2026%2F10%2F08&k_raceNo=5
2026-10-08 16:30:00,16:29,2026-10-08,oi,5,10,馬連,5-10,153.5,153.5,29,https://www.keiba.go.jp/KeibaWeb/TodayRaceInfo/OddsUmLenFuku?k_babaCode=20&k_raceDate=2026%2F10%2F08&k_raceNo=5
2026-10-08 16:30:00,16:29,2026-10-08,oi,5,10,馬連,2-8,154.7,154.7,30,https://www.keiba.go.jp/KeibaWeb/TodayRaceInfo/OddsUmLenFuku?k_babaCode=20&k_raceDate=2026%2F10%2F08&k_raceNo=5
2026-10-08 16:30:00,16:29,2026-10-08,oi,5,10,馬連,2-10,154.7,154.7,30,https://www.keiba.go.jp/KeibaWeb/TodayRaceInfo/OddsUmLenFuku?k_babaCode=20&k_raceDate=2026%2F10%2F08&k_raceNo=5
2026-10-08 16:30:00,16:29,2026-10-08,oi,5,10,馬連,1-10,181.9,181.9,32,https://www.keiba.go.jp/KeibaWeb/TodayRaceInfo/OddsUmLenFuku?k_babaCode=20&k_raceDate=2026%2F10%2F08&k_raceNo=5
2026-10-08 16:30:00,16:29,2026-10-08,oi,5,10,馬連,6-9,225.8,225.8,33,https://www.keiba.go.jp/KeibaWeb/TodayRaceInfo/OddsUmLenFuku?k_babaCode=20&k_raceDate=2026%2F10%2F08&k_raceNo=5
2026-10-08 16:30:00,16:29,2026-10-08,oi,5,10,馬連,2-11,228.4,228.4,34,https://www.keiba.go.jp/KeibaWeb/TodayRaceInfo/OddsUmLenFuku?k_babaCode=20&k_raceDate=2026%2F10%2F08&k_raceNo=5
2026-10-08 16:30:00,16:29,2026-10-08,oi,5,10,馬連,3-12,239.6,239.6,35,https://www.keiba.go.jp/KeibaWeb/TodayRaceInfo/OddsUmLenFuku?k_babaCode=20&k_raceDate=2026%2F10%2F08&k_raceNo=5
2026-10-08 16:30:00,16:29,2026-10-08,oi,5,10,馬連,3-7,242.5,242.5,36,https://www.keiba.go.jp/KeibaWeb/TodayRaceInfo/OddsUmLenFuku?k_babaCode=20&k_raceDate=2026%2F10%2F08&k_raceNo=5
2026-10-08 16:30:00,16:29,2026-10-08,oi,5,10,馬連,4-12,251.9,251.9,37,https://www.keiba.go.jp/KeibaWeb/TodayRaceInfo/OddsUmLenFuku?k_babaCode=20&k_raceDate=2026%2F10%2F08&k_raceNo=5
2026-10-08 16:30:00,16:29,2026-10-08,oi,5,10,馬連,8-12,280.6,280.6,38,https://www.keiba.go.jp/KeibaWeb/TodayRaceInfo/OddsUmLenFuku?k_babaCode=20&k_raceDate=2026%2F10%2F08&k_raceNo=5
2026-10-08 16:30:00,16:29,2026-10-08,oi,5,10,馬連,10-12,284.7,284.7,39,https://www.keiba.go.jp/KeibaWeb/TodayRaceInfo/OddsUmLenFuku?k_babaCode=20&k_raceDate=2026%2F10%2F08&k_raceNo=5
2026-10-08 16:30:00,16:29,2026-10-08,oi,5,10,馬連,6-7,293.2,293.2,40,https://www.keiba.go.jp/KeibaWeb/TodayRaceInfo/OddsUmLenFuku?k_babaCode=20&k_raceDate=2026%2F10%2F08&k_raceNo=5
2026-10-08 16:30:00,16:29,2026-10-08,oi,5,10,馬連,3-9,297.7,297.7,41,https://www.keiba.go.jp/KeibaWeb/TodayRaceInfo/OddsUmLenFuku?k_babaCode=20&k_raceDate=2026%2F10%2F08&k_raceNo=5
2026-10-08 16:30:00,16:29,2026-10-08,oi,5,10,馬連,9-10,297.7,297.7,41,https://www.keiba.go.jp/KeibaWeb/TodayRaceInfo/OddsUmLenFuku?k_babaCode=20&k_raceDate=2026%2F10%2F08&k_raceNo=5
2026-10-08 16:30:00,16:29,2026-10-08,oi,5,10,馬連,7-8,302.2,302.2,43,https://www.keiba.go.jp/KeibaWeb/TodayRaceInfo/OddsUmLenFuku?k_babaCode=20&k_raceDate=2026%2F10%2F08&k_raceNo=5
2026-10-08 16:30:00,16:29,2026-10-08,oi,5,10,馬連,2-5,322.1,322.1,44,https://www.keiba.go.jp/KeibaWeb/TodayRaceInfo/OddsUmLenFuku?k_babaCode=20&k_raceDate=2026%2F10%2F08&k_raceNo=5
2026-10-08 16:30:00,16:29,2026-10-08,oi,5,10,馬連,4-7,344.7,344.7,45,https://www.keiba.go.jp/KeibaWeb/TodayRaceInfo/OddsUmLenFuku?k_babaCode=20&k_raceDate=2026%2F10%2F08&k_raceNo=5
2026-10-08 16:30:00,16:29,2026-10-08,oi,5,10,馬連,1-5,350.8,350.8,46,https://www.keiba.go.jp/KeibaWeb/TodayRaceInfo/OddsUmLenFuku?k_babaCode=20&k_raceDate=2026%2F10%2F08&k_raceNo=5
2026-10-08 16:30:00,16:29,2026-10-08,oi,5,10,馬連,11-12,357.2,357.2,47,https://www.keiba.go.jp/KeibaWeb/TodayRaceInfo/OddsUmLenFuku?k_babaCode=20&k_raceDate=2026%2F10%2F08&k_raceNo=5
2026-10-08 16:30:00,16:29,2026-10-08,oi,5,10,馬連,8-14,385.2,385.2,48,https://www.keiba.go.jp/KeibaWeb/TodayRaceInfo/OddsUmLenFuku?k_babaCode=20&k_raceDate=2026%2F10%2F08&k_raceNo=5
2026-10-08 16:30:00,16:29,2026-10-08,oi,5,10,馬連,1-2,392.9,392.9,49,https://www.keiba.go.jp/KeibaWeb/TodayRaceInfo/OddsUmLenFuku?k_babaCode=20&k_raceDate=2026%2F10%2F08&k_raceNo=5
2026-10-08 16:30:00,16:29,2026-10-08,oi,5,10,馬連,3-14,409.3,409.3,50,https://www.keiba.go.jp/KeibaWeb/TodayRaceInfo/OddsUmLenFuku?k_babaCode=20&k_raceDate=2026%2F10%2F08&k_raceNo=5
2026-10-08 16:30:00,16:29,2026-10-08,oi,5,10,馬連,1-11,427.1,427.1,51,https://www.keiba.go.jp/KeibaWeb/TodayRaceInfo/OddsUmLenFuku?k_babaCode=20&k_raceDate=2026%2F10%2F08&k_raceNo=5
2026-10-08 16:30:00,16:29,2026-10-08,oi,5,10,馬連,6-14,446.5,446.5,52,https://www.keiba.go.jp/KeibaWeb/TodayRaceInfo/OddsUmLenFuku?k_babaCode=20&k_raceDate=2026%2F10%2F08&k_raceNo=5
2026-10-08 16:30:00,16:29,2026-10-08,oi,5,10,馬連,7-10,456.9,456.9,53,https://www.keiba.go.jp/KeibaWeb/TodayRaceInfo/OddsUmLenFuku?k_babaCode=20&k_raceDate=2026%2F10%2F08&k_raceNo=5
2026-10-08 16:30:00,16:29,2026-10-08,oi,5,10,馬連,8-9,456.9,456.9,53,https://www.keiba.go.jp/KeibaWeb/TodayRaceInfo/OddsUmLenFuku?k_babaCode=20&k_raceDate=2026%2F10%2F08&k_raceNo=5
2026-10-08 16:30:00,16:29,2026-10-08,oi,5,10,馬連,4-9,467.8,467.8,55,https://www.keiba.go.jp/KeibaWeb/TodayRaceInfo/OddsUmLenFuku?k_babaCode=20&k_raceDate=2026%2F10%2F08&k_raceNo=5
2026-10-08 16:30:00,16:29,2026-10-08,oi,5,10,馬連,6-13,503.8,503.8,56,https://www.keiba.go.jp/KeibaWeb/TodayRaceInfo/OddsUmLenFuku?k_babaCode=20&k_raceDate=2026%2F10%2F08&k_raceNo=5
2026-10-08 16:30:00,16:29,2026-10-08,oi,5,10,馬連,10-14,517.0,517.0,57,https://www.keiba.go.jp/KeibaWeb/TodayRaceInfo/OddsUmLenFuku?k_babaCode=20&k_raceDate=2026%2F10%2F08&k_raceNo=5
2026-10-08 16:30:00,16:29,2026-10-08,oi,5,10,馬連,11-14,545.7,545.7,58,https://www.keiba.go.jp/KeibaWeb/TodayRaceInfo/OddsUmLenFuku?k_babaCode=20&k_raceDate=2026%2F10%2F08&k_raceNo=5
2026-10-08 16:30:00,16:29,2026-10-08,oi,5,10,馬連,5-12,577.8,577.8,59,https://www.keiba.go.jp/KeibaWeb/TodayRaceInfo/OddsUmLenFuku?k_babaCode=20&k_raceDate=2026%2F10%2F08&k_raceNo=5
2026-10-08 16:30:00,16:29,2026-10-08,oi,5,10,馬連,10-13,654.9,654.9,60,https://www.keiba.go.jp/KeibaWeb/TodayRaceInfo/OddsUmLenFuku?k_babaCode=20&k_raceDate=2026%2F10%2F08&k_raceNo=5
2026-10-08 16:30:00,16:29,2026-10-08,oi,5,10,馬連,9-11,677.5,677.5,61,https://www.keiba.go.jp/KeibaWeb/TodayRaceInfo/OddsUmLenFuku?k_babaCode=20&k_raceDate=2026%2F10%2F08&k_raceNo=5
2026-10-08 16:30:00,16:29,2026-10-08,oi,5,10,馬連,7-11,701.7,701.7,62,https://www.keiba.go.jp/KeibaWeb/TodayRaceInfo/OddsUmLenFuku?k_babaCode=20&k_raceDate=2026%2F10%2F08&k_raceNo=5
2026-10-08 16:30:00,16:29,2026-10-08,oi,5,10,馬連,3-13,755.7,755.7,63,https://www.keiba.go.jp/KeibaWeb/TodayRaceInfo/OddsUmLenFuku?k_babaCode=20&k_raceDate=2026%2F10%2F08&k_raceNo=5
2026-10-08 16:30:00,16:29,2026-10-08,oi,5,10,馬連,4-14,755.7,755.7,63,https://www.keiba.go.jp/KeibaWeb/TodayRaceInfo/OddsUmLenFuku?k_babaCode=20&k_raceDate=2026%2F10%2F08&k_raceNo=5
2026-10-08 16:30:00,16:29,2026-10-08,oi,5,10,馬連,8-13,755.7,755.7,63,https://www.keiba.go.jp/KeibaWeb/TodayRaceInfo/OddsUmLenFuku?k_babaCode=20&k_raceDate=2026%2F10%2F08&k_raceNo=5
2026-10-08 16:30:00,16:29,2026-10-08,oi,5,10,馬連,4-13,785.9,785.9,66,https://www.keiba.go.jp/KeibaWeb/TodayRaceInfo/OddsUmLenFuku?k_babaCode=20&k_raceDate=2026%2F10%2F08&k_raceNo=5
2026-10-08 16:30:00,16:29,2026-10-08,oi,5,10,馬連,5-7,785.9,785.9,66,https://www.keiba.go.jp/KeibaWeb/TodayRaceInfo/OddsUmLenFuku?k_babaCode=20&k_raceDate=2026%2F10%2F08&k_raceNo=5
2026-10-08 16:30:00,16:29,2026-10-08,oi,5,10,馬連,5-9,818.6,818.6,68,https://www.keiba.go.jp/KeibaWeb/TodayRaceInfo/OddsUmLenFuku?k_babaCode=20&k_raceDate=2026%2F10%2F08&k_raceNo=5
2026-10-08 16:30:00,16:29,2026-10-08,oi,5,10,馬連,11-13,893.1,893.1,69,https://www.keiba.go.jp/KeibaWeb/TodayRaceInfo/OddsUmLenFuku?k_babaCode=20&k_raceDate=2026%2F10%2F08&k_raceNo=5
2026-10-08 16:30:00,16:29,2026-10-08,oi,5,10,馬連,2-12,982.4,982.4,70,https://www.keiba.go.jp/KeibaWeb/TodayRaceInfo/OddsUmLenFuku?k_babaCode=20&k_raceDate=2026%2F10%2F08&k_raceNo=5
2026-10-08 16:30:00,16:29,2026-10-08,oi,5,10,馬連,2-9,1155.7,1155.7,71,https://www.keiba.go.jp/KeibaWeb/TodayRaceInfo/OddsUmLenFuku?k_babaCode=20&k_raceDate=2026%2F10%2F08&k_raceNo=5
2026-10-08 16:30:00,16:29,2026-10-08,oi,5,10,馬連,5-14,1155.7,1155.7,71,https://www.keiba.go.jp/KeibaWeb/TodayRaceInfo/OddsUmLenFuku?k_babaCode=20&k_raceDate=2026%2F10%2F08&k_raceNo=5
2026-10-08 16:30:00,16:29,2026-10-08,oi,5,10,馬連,1-7,1228.0,1228.0,73,https://www.keiba.go.jp/KeibaWeb/TodayRaceInfo/OddsUmLenFuku?k_babaCode=20&k_raceDate=2026%2F10%2F08&k_raceNo=5
2026-10-08 16:30:00,16:29,2026-10-08,oi,5,10,馬連,5-13,1403.4,1403.4,74,https://www.keiba.go.jp/KeibaWeb/TodayRaceInfo/OddsUmLenFuku?k_babaCode=20&k_raceDate=2026%2F10%2F08&k_raceNo=5
2026-10-08 16:30:00,16:29,2026-10-08,oi,5,10,馬連,7-9,1403.4,1403.4,74,https://www.keiba.go.jp/KeibaWeb/TodayRaceInfo/OddsUmLenFuku?k_babaCode=20&k_raceDate=2026%2F10%2F08&k_raceNo=5
2026-10-08 16:30:00,16:29,2026-10-08,oi,5,10,馬連,7-12,1403.4,1403.4,74,https://www.keiba.go.jp/KeibaWeb/TodayRaceInfo/OddsUmLenFuku?k_babaCode=20&k_raceDate=2026%2F10%2F08&k_raceNo=5
2026-10-08 16:30:00,16:29,2026-10-08,oi,5,10,馬連,2-7,1511.4,1511.4,77,https://www.keiba.go.jp/KeibaWeb/TodayRaceInfo/OddsUmLenFuku?k_babaCode=20&k_raceDate=2026%2F10%2F08&k_raceNo=5
2026-10-08 16:30:00,16:29,2026-10-08,oi,5,10,馬連,9-14,1511.4,1511.4,77,https://www.keiba.go.jp/KeibaWeb/TodayRaceInfo/OddsUmLenFuku?k_babaCode=20&k_raceDate=2026%2F10%2F08&k_raceNo=5
2026-10-08 16:30:00,16:29,2026-10-08,oi,5,10,馬連,1-12,1637.3,1637.3,79,https://www.keiba.go.jp/KeibaWeb/TodayRaceInfo/OddsUmLenFuku?k_babaCode=20&k_raceDate=2026%2F10%2F08&k_raceNo=5
2026-10-08 16:30:00,16:29,2026-10-08,oi,5,10,馬連,2-14,1637.3,1637.3,79,https://www.keiba.go.jp/KeibaWeb/TodayRaceInfo/OddsUmLenFuku?k_babaCode=20&k_raceDate=2026%2F10%2F08&k_raceNo=5
2026-10-08 16:30:00,16:29,2026-10-08,oi,5,10,馬連,1-9,1964.8,1964.8,81,https://www.keiba.go.jp/KeibaWeb/TodayRaceInfo/OddsUmLenFuku?k_babaCode=20&k_raceDate=2026%2F10%2F08&k_raceNo=5
2026-10-08 16:30:00,16:29,2026-10-08,oi,5,10,馬連,1-13,2183.1,2183.1,82,https://www.keiba.go.jp/KeibaWeb/TodayRaceInfo/OddsUmLenFuku?k_babaCode=20&k_raceDate=2026%2F10%2F08&k_raceNo=5
2026-10-08 16:30:00,16:29,2026-10-08,oi,5,10,馬連,1-14,2183.1,2183.1,82,https://www.keiba.go.jp/KeibaWeb/TodayRaceInfo/OddsUmLenFuku?k_babaCode=20&k_raceDate=2026%2F10%2F08&k_raceNo=5
2026-10-08 16:30:00,16:29,2026-10-08,oi,5,10,馬連,9-12,2183.1,2183.1,82,https://www.keiba.go.jp/KeibaWeb/TodayRaceInfo/OddsUmLenFuku?k_babaCode=20&k_raceDate=2026%2F10%2F08&k_raceNo=5
2026-10-08 16:30:00,16:29,2026-10-08,oi,5,10,馬連,13-14,2806.9,2806.9,85,https://www.keiba.go.jp/KeibaWeb/TodayRaceInfo/OddsUmLenFuku?k_babaCode=20&k_raceDate=2026%2F10%2F08&k_raceNo=5
2026-10-08 16:30:00,16:29,2026-10-08,oi,5,10,馬連,7-14,3274.7,3274.7,86,https://www.keiba.go.jp/KeibaWeb/TodayRaceInfo/OddsUmLenFuku?k_babaCode=20&k_raceDate=2026%2F10%2F08&k_raceNo=5
2026-10-08 16:30:00,16:29,2026-10-08,oi,5,10,馬連,12-14,3274.7,3274.7,86,https://www.keiba.go.jp/KeibaWeb/TodayRaceInfo/OddsUmLenFuku?k_babaCode=20&k_raceDate=2026%2F10%2F08&k_raceNo=5
2026-10-08 16:30:00,16:29,2026-10-08,oi,5,10,馬連,2-13,4912.1,4912.1,88,https://www.keiba.go.jp/KeibaWeb/TodayRaceInfo/OddsUmLenFuku?k_babaCode=20&k_raceDate=2026%2F10%2F08&k_raceNo=5
2026-10-08 16:30:00,16:29,2026-10-08,oi,5,10,馬連,12-13,4912.1,4912.1,88,https://www.keiba.go.jp/KeibaWeb/TodayRaceInfo/OddsUmLenFuku?k_babaCode=20&k_raceDate=2026%2F10%2F08&k_raceNo=5
2026-10-08 16:30:00,16:29,2026-10-08,oi,5,10,馬連,7-13,9824.2,9824.2,90,https://www.keiba.go.jp/KeibaWeb/TodayRaceInfo/OddsUmLenFuku?k_babaCode=20&k_raceDate=2026%2F10%2F08&k_raceNo=5
2026-10-08 16:30:00,16:29,2026-10-08,oi,5,10,馬連,9-13,9824.2,9824.2,90,https://www.keiba.go.jp/KeibaWeb/TodayRaceInfo/OddsUmLenFuku?k_babaCode=20&k_raceDate=2026%2F10%2F08&k_raceNo=5
2026-10-08 16:30:00,16:30,2026-10-08,oi,5,10,ワイド,6-8,3.3,3.8,1,https://www.keiba.go.jp/KeibaWeb/TodayRaceInfo/OddsWide?k_babaCode=20&k_raceDate=2026%2F10%2F08&k_raceNo=5
2026-10-08 16:30:00,16:30,2026-10-08,oi,5,10,ワイド,6-10,3.6,4.1,2,https://www.keiba.go.jp/KeibaWeb/TodayRaceInfo/OddsWide?k_babaCode=20&k_raceDate=2026%2F10%2F08&k_raceNo=5
2026-10-08 16:30:00,16:30,2026-10-08,oi,5,10,ワイド,3-8,3.6,4.1,3,https://www.keiba.go.jp/KeibaWeb/TodayRaceInfo/OddsWide?k_babaCode=20&k_raceDate=2026%2F10%2F08&k_raceNo=5
2026-10-08 16:30:00,16:30,2026-10-08,oi,5,10,ワイド,3-6,3.7,4.3,4,https://www.keiba.go.jp/KeibaWeb/TodayRaceInfo/OddsWide?k_babaCode=20&k_raceDate=2026%2F10%2F08&k_raceNo=5
2026-10-08 16:30:00,16:30,2026-10-08,oi,5,10,ワイド,8-10,4.3,4.9,5,https://www.keiba.go.jp/KeibaWeb/TodayRaceInfo/OddsWide?k_babaCode=20&k_raceDate=2026%2F10%2F08&k_raceNo=5
2026-10-08 16:30:00,16:30,2026-10-08,oi,5,10,ワイド,3-10,4.3,4.9,6,https://www.keiba.go.jp/KeibaWeb/TodayRaceInfo/OddsWide?k_babaCode=20&k_raceDate=2026%2F10%2F08&k_raceNo=5
2026-10-08 16:30:00,16:30,2026-10-08,oi,5,10,ワイド,3-4,4.9,5.4,7,https://www.keiba.go.jp/KeibaWeb/TodayRaceInfo/OddsWide?k_babaCode=20&k_raceDate=2026%2F10%2F08&k_raceNo=5
2026-10-08 16:30:00,16:30,2026-10-08,oi,5,10,ワイド,4-8,5.0,5.6,8,https://www.keiba.go.jp/KeibaWeb/TodayRaceInfo/OddsWide?k_babaCode=20&k_raceDate=2026%2F10%2F08&k_raceNo=5
2026-10-08 16:30:00,16:30,2026-10-08,oi,5,10,ワイド,4-6,6.2,6.9,9,https://www.keiba.go.jp/KeibaWeb/TodayRaceInfo/OddsWide?k_babaCode=20&k_raceDate=2026%2F10%2F08&k_raceNo=5
2026-10-08 16:30:00,16:30,2026-10-08,oi,5,10,ワイド,6-11,8.1,8.9,10,https://www.keiba.go.jp/KeibaWeb/TodayRaceInfo/OddsWide?k_babaCode=20&k_raceDate=2026%2F10%2F08&k_raceNo=5
2026-10-08 16:30:00,16:30,2026-10-08,oi,5,10,ワイド,8-11,8.4,9.3,11,https://www.keiba.go.jp/KeibaWeb/TodayRaceInfo/OddsWide?k_babaCode=20&k_raceDate=2026%2F10%2F08&k_raceNo=5
2026-10-08 16:30:00,16:30,2026-10-08,oi,5,10,ワイド,3-11,8.8,9.7,12,https://www.keiba.go.jp/KeibaWeb/TodayRaceInfo/OddsWide?k_babaCode=20&k_raceDate=2026%2F10%2F08&k_raceNo=5
2026-10-08 16:30:00,16:30,2026-10-08,oi,5,10,ワイド,4-10,9.6,10.7,13,https://www.keiba.go.jp/KeibaWeb/TodayRaceInfo/OddsWide?k_babaCode=20&k_raceDate=2026%2F10%2F08&k_raceNo=5
2026-10-08 16:30:00,16:30,2026-10-08,oi,5,10,ワイド,10-11,12.2,13.4,14,https://www.keiba.go.jp/KeibaWeb/TodayRaceInfo/OddsWide?k_babaCode=20&k_raceDate=2026%2F10%2F08&k_raceNo=5
2026-10-08 16:30:00,16:30,2026-10-08,oi,5,10,ワイド,5-8,12.6,13.8,15,https://www.keiba.go.jp/KeibaWeb/TodayRaceInfo/OddsWide?k_babaCode=20&k_raceDate=2026%2F10%2F08&k_raceNo=5
2026-10-08 16:30:00,16:30,2026-10-08,oi,5,10,ワイド,5-6,13.7,15.0,16,https://www.keiba.go.jp/KeibaWeb/TodayRaceInfo/OddsWide?k_babaCode=20&k_raceDate=2026%2F10%2F08&k_raceNo=5
2026-10-08 16:30:00,16:30,2026-10-08,oi,5,10,ワイド,4-11,14.2,15.3,17,https://www.keiba.go.jp/KeibaWeb/TodayRaceInfo/OddsWide?k_babaCode=20&k_raceDate=2026%2F10%2F08&k_raceNo=5
2026-10-08 16:30:00,16:30,2026-10-08,oi,5,10,ワイド,1-4,15.7,16.7,18,https://www.keiba.go.jp/KeibaWeb/TodayRaceInfo/OddsWide?k_babaCode=20&k_raceDate=2026%2F10%2F08&k_raceNo=5
2026-10-08 16:30:00,16:30,2026-10-08,oi,5,10,ワイド,1-8,15.7,17.1,19,https://www.keiba.go.jp/KeibaWeb/TodayRaceInfo/OddsWide?k_babaCode=20&k_raceDate=2026%2F10%2F08&k_raceNo=5
2026-10-08 16:30:00,16:30,2026-10-08,oi,5,10,ワイド,3-5,16.1,17.5,20,https://www.keiba.go.jp/KeibaWeb/TodayRaceInfo/OddsWide?k_babaCode=20&k_raceDate=2026%2F10%2F08&k_raceNo=5
2026-10-08 16:30:00,16:30,2026-10-08,oi,5,10,ワイド,2-6,18.5,20.0,21,https://www.keiba.go.jp/KeibaWeb/TodayRaceInfo/OddsWide?k_babaCode=20&k_raceDate=2026%2F10%2F08&k_raceNo=5
2026-10-08 16:30:00,16:30,2026-10-08,oi,5,10,ワイド,2-3,19.5,21.0,22,https://www.keiba.go.jp/KeibaWeb/TodayRaceInfo/OddsWide?k_babaCode=20&k_raceDate=2026%2F10%2F08&k_raceNo=5
2026-10-08 16:30:00,16:30,2026-10-08,oi,5,10,ワイド,4-5,20.6,22.0,23,https://www.keiba.go.jp/KeibaWeb/TodayRaceInfo/OddsWide?k_babaCode=20&k_raceDate=2026%2F10%2F08&k_raceNo=5
2026-10-08 16:30:00,16:30,2026-10-08,oi,5,10,ワイド,5-10,20.9,22.7,24,https://www.keiba.go.jp/KeibaWeb/TodayRaceInfo/OddsWide?k_babaCode=20&k_raceDate=2026%2F10%2F08&k_raceNo=5
2026-10-08 16:30:00,16:30,2026-10-08,oi,5,10,ワイド,1-6,23.2,25.3,25,https://www.keiba.go.jp/KeibaWeb/TodayRaceInfo/OddsWide?k_babaCode=20&k_raceDate=2026%2F10%2F08&k_raceNo=5
2026-10-08 16:30:00,16:30,2026-10-08,oi,5,10,ワイド,2-4,24.3,25.8,26,https://www.keiba.go.jp/KeibaWeb/TodayRaceInfo/OddsWide?k_babaCode=20&k_raceDate=2026%2F10%2F08&k_raceNo=5
2026-10-08 16:30:00,16:30,2026-10-08,oi,5,10,ワイド,1-3,27.6,30.0,27,https://www.keiba.go.jp/KeibaWeb/TodayRaceInfo/OddsWide?k_babaCode=20&k_raceDate=2026%2F10%2F08&k_raceNo=5
2026-10-08 16:30:00,16:30,2026-10-08,oi,5,10,ワイド,2-10,30.0,32.5,28,https://www.keiba.go.jp/KeibaWeb/TodayRaceInfo/OddsWide?k_babaCode=20&k_raceDate=2026%2F10%2F08&k_raceNo=5
2026-10-08 16:30:00,16:30,2026-10-08,oi,5,10,ワイド,5-11,32.3,33.8,29,https://www.keiba.go.jp/KeibaWeb/TodayRaceInfo/OddsWide?k_babaCode=20&k_raceDate=2026%2F10%2F08&k_raceNo=5
2026-10-08 16:30:00,16:30,2026-10-08,oi,5,10,ワイド,2-8,33.1,36.1,30,https://www.keiba.go.jp/KeibaWeb/TodayRaceInfo/OddsWide?k_babaCode=20&k_raceDate=2026%2F10%2F08&k_raceNo=5
2026-10-08 16:30:00,16:30,2026-10-08,oi,5,10,ワイド,6-12,40.6,43.9,31,https://www.keiba.go.jp/KeibaWeb/TodayRaceInfo/OddsWide?k_babaCode=20&k_raceDate=2026%2F10%2F08&k_raceNo=5
2026-10-08 16:30:00,16:30,2026-10-08,oi,5,10,ワイド,1-10,42.6,46.0,32,https://www.keiba.go.jp/KeibaWeb/TodayRaceInfo/OddsWide?k_babaCode=20&k_raceDate=2026%2F10%2F08&k_raceNo=5
2026-10-08 16:30:00,16:30,2026-10-08,oi,5,10,ワイド,2-5,44.8,46.1,33,https://www.keiba.go.jp/KeibaWeb/TodayRaceInfo/OddsWide?k_babaCode=20&k_raceDate=2026%2F10%2F08&k_raceNo=5
2026-10-08 16:30:00,16:30,2026-10-08,oi,5,10,ワイド,6-14,45.0,48.6,34,https://www.keiba.go.jp/KeibaWeb/TodayRaceInfo/OddsWide?k_babaCode=20&k_raceDate=2026%2F10%2F08&k_raceNo=5
2026-10-08 16:30:00,16:30,2026-10-08,oi,5,10,ワイド,8-12,45.2,49.0,35,https://www.keiba.go.jp/KeibaWeb/TodayRaceInfo/OddsWide?k_babaCode=20&k_raceDate=2026%2F10%2F08&k_raceNo=5
2026-10-08 16:30:00,16:30,2026-10-08,oi,5,10,ワイド,1-5,48.9,50.5,36,https://www.keiba.go.jp/KeibaWeb/TodayRaceInfo/OddsWide?k_babaCode=20&k_raceDate=2026%2F10%2F08&k_raceNo=5
2026-10-08 16:30:00,16:30,2026-10-08,oi,5,10,ワイド,2-11,53.7,55.9,37,https://www.keiba.go.jp/KeibaWeb/TodayRaceInfo/OddsWide?k_babaCode=20&k_raceDate=2026%2F10%2F08&k_raceNo=5
2026-10-08 16:30:00,16:30,2026-10-08,oi,5,10,ワイド,3-12,54.6,58.8,38,https://www.keiba.go.jp/KeibaWeb/TodayRaceInfo/OddsWide?k_babaCode=20&k_raceDate=2026%2F10%2F08&k_raceNo=5
2026-10-08 16:30:00,16:30,2026-10-08,oi,5,10,ワイド,6-9,55.3,59.7,39,https://www.keiba.go.jp/KeibaWeb/TodayRaceInfo/OddsWide?k_babaCode=20&k_raceDate=2026%2F10%2F08&k_raceNo=5
2026-10-08 16:30:00,16:30,2026-10-08,oi,5,10,ワイド,7-8,56.3,60.9,40,https://www.keiba.go.jp/KeibaWeb/TodayRaceInfo/OddsWide?k_babaCode=20&k_raceDate=2026%2F10%2F08&k_raceNo=5
2026-10-08 16:30:00,16:30,2026-10-08,oi,5,10,ワイド,1-2,56.5,57.8,41,https://www.keiba.go.jp/KeibaWeb/TodayRaceInfo/OddsWide?k_babaCode=20&k_raceDate=2026%2F10%2F08&k_raceNo=5
2026-10-08 16:30:00,16:30,2026-10-08,oi,5,10,ワイド,3-9,57.2,61.4,42,https://www.keiba.go.jp/KeibaWeb/TodayRaceInfo/OddsWide?k_babaCode=20&k_raceDate=2026%2F10%2F08&k_raceNo=5
2026-10-08 16:30:00,16:30,2026-10-08,oi,5,10,ワイド,3-7,57.7,62.0,43,https://www.keiba.go.jp/KeibaWeb/TodayRaceInfo/OddsWide?k_babaCode=20&k_raceDate=2026%2F10%2F08&k_raceNo=5
2026-10-08 16:30:00,16:30,2026-10-08,oi,5,10,ワイド,6-7,63.6,68.8,44,https://www.keiba.go.jp/KeibaWeb/TodayRaceInfo/OddsWide?k_babaCode=20&k_raceDate=2026%2F10%2F08&k_raceNo=5
2026-10-08 16:30:00,16:30,2026-10-08,oi,5,10,ワイド,10-12,64.6,69.6,45,https://www.keiba.go.jp/KeibaWeb/TodayRaceInfo/OddsWide?k_babaCode=20&k_raceDate=2026%2F10%2F08&k_raceNo=5
2026-10-08 16:30:00,16:30,2026-10-08,oi,5,10,ワイド,8-9,67.0,72.6,46,https://www.keiba.go.jp/KeibaWeb/TodayRaceInfo/OddsWide?k_babaCode=20&k_raceDate=2026%2F10%2F08&k_raceNo=5
2026-10-08 16:30:00,16:30,2026-10-08,oi,5,10,ワイド,4-12,68.8,72.5,47,https://www.keiba.go.jp/KeibaWeb/TodayRaceInfo/OddsWide?k_babaCode=20&k_raceDate=2026%2F10%2F08&k_raceNo=5
2026-10-08 16:30:00,16:30,2026-10-08,oi,5,10,ワイド,8-14,71.5,77.5,48,https://www.keiba.go.jp/KeibaWeb/TodayRaceInfo/OddsWide?k_babaCode=20&k_raceDate=2026%2F10%2F08&k_raceNo=5
2026-10-08 16:30:00,16:30,2026-10-08,oi,5,10,ワイド,6-13,71.8,77.4,49,https://www.keiba.go.jp/KeibaWeb/TodayRaceInfo/OddsWide?k_babaCode=20&k_raceDate=2026%2F10%2F08&k_raceNo=5
2026-10-08 16:30:00,16:30,2026-10-08,oi,5,10,ワイド,4-7,71.9,75.8,50,https://www.keiba.go.jp/KeibaWeb/TodayRaceInfo/OddsWide?k_babaCode=20&k_raceDate=2026%2F10%2F08&k_raceNo=5
2026-10-08 16:30:00,16:30,2026-10-08,oi,5,10,ワイド,4-14,74.6,78.4,51,https://www.keiba.go.jp/KeibaWeb/TodayRaceInfo/OddsWide?k_babaCode=20&k_raceDate=2026%2F10%2F08&k_raceNo=5
2026-10-08 16:30:00,16:30,2026-10-08,oi,5,10,ワイド,9-10,77.4,83.2,52,https://www.keiba.go.jp/KeibaWeb/TodayRaceInfo/OddsWide?k_babaCode=20&k_raceDate=2026%2F10%2F08&k_raceNo=5
2026-10-08 16:30:00,16:30,2026-10-08,oi,5,10,ワイド,3-13,78.6,84.3,53,https://www.keiba.go.jp/KeibaWeb/TodayRaceInfo/OddsWide?k_babaCode=20&k_raceDate=2026%2F10%2F08&k_raceNo=5
2026-10-08 16:30:00,16:30,2026-10-08,oi,5,10,ワイド,1-11,80.9,84.4,54,https://www.keiba.go.jp/KeibaWeb/TodayRaceInfo/OddsWide?k_babaCode=20&k_raceDate=2026%2F10%2F08&k_raceNo=5
2026-10-08 16:30:00,16:30,2026-10-08,oi,5,10,ワイド,7-10,82.5,88.7,55,https://www.keiba.go.jp/KeibaWeb/TodayRaceInfo/OddsWide?k_babaCode=20&k_raceDate=2026%2F10%2F08&k_raceNo=5
2026-10-08 16:30:00,16:30,2026-10-08,oi,5,10,ワイド,10-14,86.9,93.5,56,https://www.keiba.go.jp/KeibaWeb/TodayRaceInfo/OddsWide?k_babaCode=20&k_raceDate=2026%2F10%2F08&k_raceNo=5
2026-10-08 16:30:00,16:30,2026-10-08,oi,5,10,ワイド,4-13,88.9,93.6,57,https://www.keiba.go.jp/KeibaWeb/TodayRaceInfo/OddsWide?k_babaCode=20&k_raceDate=2026%2F10%2F08&k_raceNo=5
2026-10-08 16:30:00,16:30,2026-10-08,oi,5,10,ワイド,11-12,93.1,96.4,58,https://www.keiba.go.jp/KeibaWeb/TodayRaceInfo/OddsWide?k_babaCode=20&k_raceDate=2026%2F10%2F08&k_raceNo=5
2026-10-08 16:30:00,16:30,2026-10-08,oi,5,10,ワイド,10-13,95.0,102.0,59,https://www.keiba.go.jp/KeibaWeb/TodayRaceInfo/OddsWide?k_babaCode=20&k_raceDate=2026%2F10%2F08&k_raceNo=5
2026-10-08 16:30:00,16:30,2026-10-08,oi,5,10,ワイド,4-9,99.8,105.2,60,https://www.keiba.go.jp/KeibaWeb/TodayRaceInfo/OddsWide?k_babaCode=20&k_raceDate=2026%2F10%2F08&k_raceNo=5
2026-10-08 16:30:00,16:30,2026-10-08,oi,5,10,ワイド,5-7,101.5,103.7,61,https://www.keiba.go.jp/KeibaWeb/TodayRaceInfo/OddsWide?k_babaCode=20&k_raceDate=2026%2F10%2F08&k_raceNo=5
2026-10-08 16:30:00,16:30,2026-10-08,oi,5,10,ワイド,8-13,103.7,112.1,62,https://www.keiba.go.jp/KeibaWeb/TodayRaceInfo/OddsWide?k_babaCode=20&k_raceDate=2026%2F10%2F08&k_raceNo=5
2026-10-08 16:30:00,16:30,2026-10-08,oi,5,10,ワイド,7-9,108.0,108.8,63,https://www.keiba.go.jp/KeibaWeb/TodayRaceInfo/OddsWide?k_babaCode=20&k_raceDate=2026%2F10%2F08&k_raceNo=5
2026-10-08 16:30:00,16:30,2026-10-08,oi,5,10,ワイド,5-12,119.8,122.5,64,https://www.keiba.go.jp/KeibaWeb/TodayRaceInfo/OddsWide?k_babaCode=20&k_raceDate=2026%2F10%2F08&k_raceNo=5
2026-10-08 16:30:00,16:30,2026-10-08,oi,5,10,ワイド,3-14,127.9,137.1,65,https://www.keiba.go.jp/KeibaWeb/TodayRaceInfo/OddsWide?k_babaCode=20&k_raceDate=2026%2F10%2F08&k_raceNo=5
2026-10-08 16:30:00,16:30,2026-10-08,oi,5,10,ワイド,5-14,129.4,132.0,66,https://www.keiba.go.jp/KeibaWeb/TodayRaceInfo/OddsWide?k_babaCode=20&k_raceDate=2026%2F10%2F08&k_raceNo=5
2026-10-08 16:30:00,16:30,2026-10-08,oi,5,10,ワイド,9-11,130.4,134.7,67,https://www.keiba.go.jp/KeibaWeb/TodayRaceInfo/OddsWide?k_babaCode=20&k_raceDate=2026%2F10%2F08&k_raceNo=5
2026-10-08 16:30:00,16:30,2026-10-08,oi,5,10,ワイド,5-9,134.6,137.5,68,https://www.keiba.go.jp/KeibaWeb/TodayRaceInfo/OddsWide?k_babaCode=20&k_raceDate=2026%2F10%2F08&k_raceNo=5
2026-10-08 16:30:00,16:30,2026-10-08,oi,5,10,ワイド,7-11,138.8,143.3,69,https://www.keiba.go.jp/KeibaWeb/TodayRaceInfo/OddsWide?k_babaCode=20&k_raceDate=2026%2F10%2F08&k_raceNo=5
2026-10-08 16:30:00,16:30,2026-10-08,oi,5,10,ワイド,11-14,151.4,156.5,70,https://www.keiba.go.jp/KeibaWeb/TodayRaceInfo/OddsWide?k_babaCode=20&k_raceDate=2026%2F10%2F08&k_raceNo=5
2026-10-08 16:30:00,16:30,2026-10-08,oi,5,10,ワイド,2-9,157.8,160.4,71,https://www.keiba.go.jp/KeibaWeb/TodayRaceInfo/OddsWide?k_babaCode=20&k_raceDate=2026%2F10%2F08&k_raceNo=5
2026-10-08 16:30:00,16:30,2026-10-08,oi,5,10,ワイド,2-14,178.9,181.9,72,https://www.keiba.go.jp/KeibaWeb/TodayRaceInfo/OddsWide?k_babaCode=20&k_raceDate=2026%2F10%2F08&k_raceNo=5
2026-10-08 16:30:00,16:30,2026-10-08,oi,5,10,ワイド,2-12,189.0,192.3,73,https://www.keiba.go.jp/KeibaWeb/TodayRaceInfo/OddsWide?k_babaCode=20&k_raceDate=2026%2F10%2F08&k_raceNo=5
2026-10-08 16:30:00,16:30,2026-10-08,oi,5,10,ワイド,1-12,200.1,204.0,74,https://www.keiba.go.jp/KeibaWeb/TodayRaceInfo/OddsWide?k_babaCode=20&k_raceDate=2026%2F10%2F08&k_raceNo=5
2026-10-08 16:30:00,16:30,2026-10-08,oi,5,10,ワイド,2-7,207.1,210.3,75,https://www.keiba.go.jp/KeibaWeb/TodayRaceInfo/OddsWide?k_babaCode=20&k_raceDate=2026%2F10%2F08&k_raceNo=5
2026-10-08 16:30:00,16:30,2026-10-08,oi,5,10,ワイド,5-13,212.8,216.9,76,https://www.keiba.go.jp/KeibaWeb/TodayRaceInfo/OddsWide?k_babaCode=20&k_raceDate=2026%2F10%2F08&k_raceNo=5
2026-10-08 16:30:00,16:30,2026-10-08,oi,5,10,ワイド,1-7,220.3,224.3,77,https://www.keiba.go.jp/KeibaWeb/TodayRaceInfo/OddsWide?k_babaCode=20&k_raceDate=2026%2F10%2F08&k_raceNo=5
2026-10-08 16:30:00,16:30,2026-10-08,oi,5,10,ワイド,1-9,228.0,232.1,78,https://www.keiba.go.jp/KeibaWeb/TodayRaceInfo/OddsWide?k_babaCode=20&k_raceDate=2026%2F10%2F08&k_raceNo=5
2026-10-08 16:30:00,16:30,2026-10-08,oi,5,10,ワイド,11-13,232.8,240.0,79,https://www.keiba.go.jp/KeibaWeb/TodayRaceInfo/OddsWide?k_babaCode=20&k_raceDate=2026%2F10%2F08&k_raceNo=5
2026-10-08 16:30:00,16:30,2026-10-08,oi,5,10,ワイド,13-14,290.3,292.6,80,https://www.keiba.go.jp/KeibaWeb/TodayRaceInfo/OddsWide?k_babaCode=20&k_raceDate=2026%2F10%2F08&k_raceNo=5
2026-10-08 16:30:00,16:30,2026-10-08,oi,5,10,ワイド,1-14,314.7,320.2,81,https://www.keiba.go.jp/KeibaWeb/TodayRaceInfo/OddsWide?k_babaCode=20&k_raceDate=2026%2F10%2F08&k_raceNo=5
2026-10-08 16:30:00,16:30,2026-10-08,oi,5,10,ワイド,1-13,348.0,353.8,82,https://www.keiba.go.jp/KeibaWeb/TodayRaceInfo/OddsWide?k_babaCode=20&k_raceDate=2026%2F10%2F08&k_raceNo=5
2026-10-08 16:30:00,16:30,2026-10-08,oi,5,10,ワイド,2-13,368.0,373.3,83,https://www.keiba.go.jp/KeibaWeb/TodayRaceInfo/OddsWide?k_babaCode=20&k_raceDate=2026%2F10%2F08&k_raceNo=5
2026-10-08 16:30:00,16:30,2026-10-08,oi,5,10,ワイド,7-12,392.3,395.5,84,https://www.keiba.go.jp/KeibaWeb/TodayRaceInfo/OddsWide?k_babaCode=20&k_raceDate=2026%2F10%2F08&k_raceNo=5
2026-10-08 16:30:00,16:30,2026-10-08,oi,5,10,ワイド,12-14,416.1,420.3,85,https://www.keiba.go.jp/KeibaWeb/TodayRaceInfo/OddsWide?k_babaCode=20&k_raceDate=2026%2F10%2F08&k_raceNo=5
2026-10-08 16:30:00,16:30,2026-10-08,oi,5,10,ワイド,7-13,417.7,420.2,86,https://www.keiba.go.jp/KeibaWeb/TodayRaceInfo/OddsWide?k_babaCode=20&k_raceDate=2026%2F10%2F08&k_raceNo=5
2026-10-08 16:30:00,16:30,2026-10-08,oi,5,10,ワイド,9-12,444.3,448.3,87,https://www.keiba.go.jp/KeibaWeb/TodayRaceInfo/OddsWide?k_babaCode=20&k_raceDate=2026%2F10%2F08&k_raceNo=5
2026-10-08 16:30:00,16:30,2026-10-08,oi,5,10,ワイド,7-14,444.8,448.2,88,https://www.keiba.go.jp/KeibaWeb/TodayRaceInfo/OddsWide?k_babaCode=20&k_raceDate=2026%2F10%2F08&k_raceNo=5
2026-10-08 16:30:00,16:30,2026-10-08,oi,5,10,ワイド,12-13,476.4,480.3,89,https://www.keiba.go.jp/KeibaWeb/TodayRaceInfo/OddsWide?k_babaCode=20&k_raceDate=2026%2F10%2F08&k_raceNo=5
2026-10-08 16:30:00,16:30,2026-10-08,oi,5,10,ワイド,9-13,667.8,672.1,90,https://www.keiba.go.jp/KeibaWeb/TodayRaceInfo/OddsWide?k_babaCode=20&k_raceDate=2026%2F10%2F08&k_raceNo=5
2026-10-08 16:30:00,16:30,2026-10-08,oi,5,10,ワイド,9-14,740.5,746.7,91,https://www.keiba.go.jp/KeibaWeb/TodayRaceInfo/OddsWide?k_babaCode=20&k_raceDate=2026%2F10%2F08&k_raceNo=5
2026-10-08 16:30:00,16:30,2026-10-08,oi,5,10,三連複,3-6-8,11.2,11.2,1,https://www.keiba.go.jp/KeibaWeb/TodayRaceInfo/Odds3LenFuku?k_babaCode=20&k_raceDate=2026%2F10%2F08&k_raceNo=5
2026-10-08 16:30:00,16:30,2026-10-08,oi,5,10,三連複,3-6-10,13.4,13.4,2,https://www.keiba.go.jp/KeibaWeb/TodayRaceInfo/Odds3LenFuku?k_babaCode=20&k_raceDate=2026%2F10%2F08&k_raceNo=5
2026-10-08 16:30:00,16:30,2026-10-08,oi,5,10,三連複,6-8-10,14.9,14.9,3,https://www.keiba.go.jp/KeibaWeb/TodayRaceInfo/Odds3LenFuku?k_babaCode=20&k_raceDate=2026%2F10%2F08&k_raceNo=5
2026-10-08 16:30:00,16:30,2026-10-08,oi,5,10,三連複,3-8-10,15.5,15.5,4,https://www.keiba.go.jp/KeibaWeb/TodayRaceInfo/Odds3LenFuku?k_babaCode=20&k_raceDate=2026%2F10%2F08&k_raceNo=5
2026-10-08 16:30:00,16:30,2026-10-08,oi,5,10,三連複,3-4-6,15.8,15.8,5,https://www.keiba.go.jp/KeibaWeb/TodayRaceInfo/Odds3LenFuku?k_babaCode=20&k_raceDate=2026%2F10%2F08&k_raceNo=5
2026-10-08 16:30:00,16:30,2026-10-08,oi,5,10,三連複,4-6-8,17.0,17.0,6,https://www.keiba.go.jp/KeibaWeb/TodayRaceInfo/Odds3LenFuku?k_babaCode=20&k_raceDate=2026%2F10%2F08&k_raceNo=5
2026-10-08 16:30:00,16:30,2026-10-08,oi,5,10,三連複,3-4-8,18.6,18.6,7,https://www.keiba.go.jp/KeibaWeb/TodayRaceInfo/Odds3LenFuku?k_babaCode=20&k_raceDate=2026%2F10%2F08&k_raceNo=5
2026-10-08 16:30:00,16:30,2026-10-08,oi,5,10,三連複,4-6-10,19.4,19.4,8,https://www.keiba.go.jp/KeibaWeb/TodayRaceInfo/Odds3LenFuku?k_babaCode=20&k_raceDate=2026%2F10%2F08&k_raceNo=5
2026-10-08 16:30:00,16:30,2026-10-08,oi,5,10,三連複,3-4-10,23.8,23.8,9,https://www.keiba.go.jp/KeibaWeb/TodayRaceInfo/Odds3LenFuku?k_babaCode=20&k_raceDate=2026%2F10%2F08&k_raceNo=5
2026-10-08 16:30:00,16:30,2026-10-08,oi,5,10,三連複,4-8-10,26.7,26.7,10,https://www.keiba.go.jp/KeibaWeb/TodayRaceInfo/Odds3LenFuku?k_babaCode=20&k_raceDate=2026%2F10%2F08&k_raceNo=5
2026-10-08 16:30:00,16:30,2026-10-08,oi,5,10,三連複,3-6-11,27.7,27.7,11,https://www.keiba.go.jp/KeibaWeb/TodayRaceInfo/Odds3LenFuku?k_babaCode=20&k_raceDate=2026%2F10%2F08&k_raceNo=5
2026-10-08 16:30:00,16:30,2026-10-08,oi,5,10,三連複,6-8-11,28.3,28.3,12,https://www.keiba.go.jp/KeibaWeb/TodayRaceInfo/Odds3LenFuku?k_babaCode=20&k_raceDate=2026%2F10%2F08&k_raceNo=5
2026-10-08 16:30:00,16:30,2026-10-08,oi,5,10,三連複,3-8-11,35.5,35.5,13,https://www.keiba.go.jp/KeibaWeb/TodayRaceInfo/Odds3LenFuku?k_babaCode=20&k_raceDate=2026%2F10%2F08&k_raceNo=5
2026-10-08 16:30:00,16:30,2026-10-08,oi,5,10,三連複,6-10-11,40.7,40.7,14,https://www.keiba.go.jp/KeibaWeb/TodayRaceInfo/Odds3LenFuku?k_babaCode=20&k_raceDate=2026%2F10%2F08&k_raceNo=5
2026-10-08 16:30:00,16:30,2026-10-08,oi,5,10,三連複,4-6-11,42.8,42.8,15,https://www.keiba.go.jp/KeibaWeb/TodayRaceInfo/Odds3LenFuku?k_babaCode=20&k_raceDate=2026%2F10%2F08&k_raceNo=5
2026-10-08 16:30:00,16:30,2026-10-08,oi,5,10,三連複,3-10-11,54.6,54.6,16,https://www.keiba.go.jp/KeibaWeb/TodayRaceInfo/Odds3LenFuku?k_babaCode=20&k_raceDate=2026%2F10%2F08&k_raceNo=5
2026-10-08 16:30:00,16:30,2026-10-08,oi,5,10,三連複,3-4-11,57.8,57.8,17,https://www.keiba.go.jp/KeibaWeb/TodayRaceInfo/Odds3LenFuku?k_babaCode=20&k_raceDate=2026%2F10%2F08&k_raceNo=5
2026-10-08 16:30:00,16:30,2026-10-08,oi,5,10,三連複,8-10-11,57.8,57.8,17,https://www.keiba.go.jp/KeibaWeb/TodayRaceInfo/Odds3LenFuku?k_babaCode=20&k_raceDate=2026%2F10%2F08&k_raceNo=5
2026-10-08 16:30:00,16:30,2026-10-08,oi,5,10,三連複,4-8-11,59.6,59.6,19,https://www.keiba.go.jp/KeibaWeb/TodayRaceInfo/Odds3LenFuku?k_babaCode=20&k_raceDate=2026%2F10%2F08&k_raceNo=5
2026-10-08 16:30:00,16:30,2026-10-08,oi,5,10,三連複,3-5-6,61.3,61.3,20,https://www.keiba.go.jp/KeibaWeb/TodayRaceInfo/Odds3LenFuku?k_babaCode=20&k_raceDate=2026%2F10%2F08&k_raceNo=5
2026-10-08 16:30:00,16:30,2026-10-08,oi,5,10,三連複,3-5-8,62.4,62.4,21,https://www.keiba.go.jp/KeibaWeb/TodayRaceInfo/Odds3LenFuku?k_babaCode=20&k_raceDate=2026%2F10%2F08&k_raceNo=5
2026-10-08 16:30:00,16:30,2026-10-08,oi,5,10,三連複,4-5-6,63.7,63.7,22,https://www.keiba.go.jp/KeibaWeb/TodayRaceInfo/Odds3LenFuku?k_babaCode=20&k_raceDate=2026%2F10%2F08&k_raceNo=5
2026-10-08 16:30:00,16:30,2026-10-08,oi,5,10,三連複,5-6-8,63.7,63.7,22,https://www.keiba.go.jp/KeibaWeb/TodayRaceInfo/Odds3LenFuku?k_babaCode=20&k_raceDate=2026%2F10%2F08&k_raceNo=5
2026-10-08 16:30:00,16:30,2026-10-08,oi,5,10,三連複,3-4-5,70.5,70.5,24,https://www.keiba.go.jp/KeibaWeb/TodayRaceInfo/Odds3LenFuku?k_babaCode=20&k_raceDate=2026%2F10%2F08&k_raceNo=5
2026-10-08 16:30:00,16:30,2026-10-08,oi,5,10,三連複,4-10-11,83.1,83.1,25,https://www.keiba.go.jp/KeibaWeb/TodayRaceInfo/Odds3LenFuku?k_babaCode=20&k_raceDate=2026%2F10%2F08&k_raceNo=5
2026-10-08 16:30:00,16:30,2026-10-08,oi,5,10,三連複,2-3-6,87.7,87.7,26,https://www.keiba.go.jp/KeibaWeb/TodayRaceInfo/Odds3LenFuku?k_babaCode=20&k_raceDate=2026%2F10%2F08&k_raceNo=5
2026-10-08 16:30:00,16:30,2026-10-08,oi,5,10,三連複,4-5-8,90.5,90.5,27,https://www.keiba.go.jp/KeibaWeb/TodayRaceInfo/Odds3LenFuku?k_babaCode=20&k_raceDate=2026%2F10%2F08&k_raceNo=5
2026-10-08 16:30:00,16:30,2026-10-08,oi,5,10,三連複,5-6-10,91.7,91.7,28,https://www.keiba.go.jp/KeibaWeb/TodayRaceInfo/Odds3LenFuku?k_babaCode=20&k_raceDate=2026%2F10%2F08&k_raceNo=5
2026-10-08 16:30:00,16:30,2026-10-08,oi,5,10,三連複,3-5-10,107.3,107.3,29,https://www.keiba.go.jp/KeibaWeb/TodayRaceInfo/Odds3LenFuku?k_babaCode=20&k_raceDate=2026%2F10%2F08&k_raceNo=5
2026-10-08 16:30:00,16:30,2026-10-08,oi,5,10,三連複,1-4-8,108.6,108.6,30,https://www.keiba.go.jp/KeibaWeb/TodayRaceInfo/Odds3LenFuku?k_babaCode=20&k_raceDate=2026%2F10%2F08&k_raceNo=5
2026-10-08 16:30:00,16:30,2026-10-08,oi,5,10,三連複,1-3-8,109.8,109.8,31,https://www.keiba.go.jp/KeibaWeb/TodayRaceInfo/Odds3LenFuku?k_babaCode=20&k_raceDate=2026%2F10%2F08&k_raceNo=5
2026-10-08 16:30:00,16:30,2026-10-08,oi,5,10,三連複,2-4-6,111.8,111.8,32,https://www.keiba.go.jp/KeibaWeb/TodayRaceInfo/Odds3LenFuku?k_babaCode=20&k_raceDate=2026%2F10%2F08&k_raceNo=5
2026-10-08 16:30:00,16:30,2026-10-08,oi,5,10,三連複,5-8-10,113.0,113.0,33,https://www.keiba.go.jp/KeibaWeb/TodayRaceInfo/Odds3LenFuku?k_babaCode=20&k_raceDate=2026%2F10%2F08&k_raceNo=5
2026-10-08 16:30:00,16:30,2026-10-08,oi,5,10,三連複,2-6-8,113.3,113.3,34,https://www.keiba.go.jp/KeibaWeb/TodayRaceInfo/Odds3LenFuku?k_babaCode=20&k_raceDate=2026%2F10%2F08&k_raceNo=5
2026-10-08 16:30:00,16:30,2026-10-08,oi,5,10,三連複,2-6-10,118.4,118.4,35,https://www.keiba.go.jp/KeibaWeb/TodayRaceInfo/Odds3LenFuku?k_babaCode=20&k_raceDate=2026%2F10%2F08&k_raceNo=5
2026-10-08 16:30:00,16:30,2026-10-08,oi,5,10,三連複,1-6-8,123.9,123.9,36,https://www.keiba.go.jp/KeibaWeb/TodayRaceInfo/Odds3LenFuku?k_babaCode=20&k_raceDate=2026%2F10%2F08&k_raceNo=5
2026-10-08 16:30:00,16:30,2026-10-08,oi,5,10,三連複,2-3-4,126.9,126.9,37,https://www.keiba.go.jp/KeibaWeb/TodayRaceInfo/Odds3LenFuku?k_babaCode=20&k_raceDate=2026%2F10%2F08&k_raceNo=5
2026-10-08 16:30:00,16:30,2026-10-08,oi,5,10,三連複,2-3-10,136.7,136.7,38,https://www.keiba.go.jp/KeibaWeb/TodayRaceInfo/Odds3LenFuku?k_babaCode=20&k_raceDate=2026%2F10%2F08&k_raceNo=5
2026-10-08 16:30:00,16:30,2026-10-08,oi,5,10,三連複,5-6-11,137.6,137.6,39,https://www.keiba.go.jp/KeibaWeb/TodayRaceInfo/Odds3LenFuku?k_babaCode=20&k_raceDate=2026%2F10%2F08&k_raceNo=5
2026-10-08 16:30:00,16:30,2026-10-08,oi,5,10,三連複,2-3-8,140.3,140.3,40,https://www.keiba.go.jp/KeibaWeb/TodayRaceInfo/Odds3LenFuku?k_babaCode=20&k_raceDate=2026%2F10%2F08&k_raceNo=5
2026-10-08 16:30:00,16:30,2026-10-08,oi,5,10,三連複,1-8-10,142.2,142.2,41,https://www.keiba.go.jp/KeibaWeb/TodayRaceInfo/Odds3LenFuku?k_babaCode=20&k_raceDate=2026%2F10%2F08&k_raceNo=5
2026-10-08 16:30:00,16:30,2026-10-08,oi,5,10,三連複,1-3-4,145.6,145.6,42,https://www.keiba.go.jp/KeibaWeb/TodayRaceInfo/Odds3LenFuku?k_babaCode=20&k_raceDate=2026%2F10%2F08&k_raceNo=5
2026-10-08 16:30:00,16:30,2026-10-08,oi,5,10,三連複,1-3-6,147.7,147.7,43,https://www.keiba.go.jp/KeibaWeb/TodayRaceInfo/Odds3LenFuku?k_babaCode=20&k_raceDate=2026%2F10%2F08&k_raceNo=5
2026-10-08 16:30:00,16:30,2026-10-08,oi,5,10,三連複,4-5-10,147.7,147.7,43,https://www.keiba.go.jp/KeibaWeb/TodayRaceInfo/Odds3LenFuku?k_babaCode=20&k_raceDate=2026%2F10%2F08&k_raceNo=5
2026-10-08 16:30:00,16:30,2026-10-08,oi,5,10,三連複,1-3-10,152.4,152.4,45,https://www.keiba.go.jp/KeibaWeb/TodayRaceInfo/Odds3LenFuku?k_babaCode=20&k_raceDate=2026%2F10%2F08&k_raceNo=5
2026-10-08 16:30:00,16:30,2026-10-08,oi,5,10,三連複,1-4-6,163.0,163.0,46,https://www.keiba.go.jp/KeibaWeb/TodayRaceInfo/Odds3LenFuku?k_babaCode=20&k_raceDate=2026%2F10%2F08&k_raceNo=5
2026-10-08 16:30:00,16:30,2026-10-08,oi,5,10,三連複,2-4-10,166.2,166.2,47,https://www.keiba.go.jp/KeibaWeb/TodayRaceInfo/Odds3LenFuku?k_babaCode=20&k_raceDate=2026%2F10%2F08&k_raceNo=5
2026-10-08 16:30:00,16:30,2026-10-08,oi,5,10,三連複,5-8-11,190.9,190.9,48,https://www.keiba.go.jp/KeibaWeb/TodayRaceInfo/Odds3LenFuku?k_babaCode=20&k_raceDate=2026%2F10%2F08&k_raceNo=5
2026-10-08 16:30:00,16:30,2026-10-08,oi,5,10,三連複,1-6-10,194.4,194.4,49,https://www.keiba.go.jp/KeibaWeb/TodayRaceInfo/Odds3LenFuku?k_babaCode=20&k_raceDate=2026%2F10%2F08&k_raceNo=5
2026-10-08 16:30:00,16:30,2026-10-08,oi,5,10,三連複,2-8-10,194.4,194.4,49,https://www.keiba.go.jp/KeibaWeb/TodayRaceInfo/Odds3LenFuku?k_babaCode=20&k_raceDate=2026%2F10%2F08&k_raceNo=5
2026-10-08 16:30:00,16:30,2026-10-08,oi,5,10,三連複,2-4-8,195.3,195.3,51,https://www.keiba.go.jp/KeibaWeb/TodayRaceInfo/Odds3LenFuku?k_babaCode=20&k_raceDate=2026%2F10%2F08&k_raceNo=5
2026-10-08 16:30:00,16:30,2026-10-08,oi,5,10,三連複,3-6-9,197.1,197.1,52,https://www.keiba.go.jp/KeibaWeb/TodayRaceInfo/Odds3LenFuku?k_babaCode=20&k_raceDate=2026%2F10%2F08&k_raceNo=5
2026-10-08 16:30:00,16:30,2026-10-08,oi,5,10,三連複,3-5-11,199.0,199.0,53,https://www.keiba.go.jp/KeibaWeb/TodayRaceInfo/Odds3LenFuku?k_babaCode=20&k_raceDate=2026%2F10%2F08&k_raceNo=5
2026-10-08 16:30:00,16:30,2026-10-08,oi,5,10,三連複,4-5-11,213.0,213.0,54,https://www.keiba.go.jp/KeibaWeb/TodayRaceInfo/Odds3LenFuku?k_babaCode=20&k_raceDate=2026%2F10%2F08&k_raceNo=5
2026-10-08 16:30:00,16:30,2026-10-08,oi,5,10,三連複,6-8-12,215.1,215.1,55,https://www.keiba.go.jp/KeibaWeb/TodayRaceInfo/Odds3LenFuku?k_babaCode=20&k_raceDate=2026%2F10%2F08&k_raceNo=5
2026-10-08 16:30:00,16:30,2026-10-08,oi,5,10,三連複,3-8-12,220.7,220.7,56,https://www.keiba.go.jp/KeibaWeb/TodayRaceInfo/Odds3LenFuku?k_babaCode=20&k_raceDate=2026%2F10%2F08&k_raceNo=5
2026-10-08 16:30:00,16:30,2026-10-08,oi,5,10,三連複,1-4-10,225.4,225.4,57,https://www.keiba.go.jp/KeibaWeb/TodayRaceInfo/Odds3LenFuku?k_babaCode=20&k_raceDate=2026%2F10%2F08&k_raceNo=5
2026-10-08 16:30:00,16:30,2026-10-08,oi,5,10,三連複,3-6-12,238.1,238.1,58,https://www.keiba.go.jp/KeibaWeb/TodayRaceInfo/Odds3LenFuku?k_babaCode=20&k_raceDate=2026%2F10%2F08&k_raceNo=5
2026-10-08 16:30:00,16:30,2026-10-08,oi,5,10,三連複,4-6-12,252.3,252.3,59,https://www.keiba.go.jp/KeibaWeb/TodayRaceInfo/Odds3LenFuku?k_babaCode=20&k_raceDate=2026%2F10%2F08&k_raceNo=5
2026-10-08 16:30:00,16:30,2026-10-08,oi,5,10,三連複,2-6-11,255.3,255.3,60,https://www.keiba.go.jp/KeibaWeb/TodayRaceInfo/Odds3LenFuku?k_babaCode=20&k_raceDate=2026%2F10%2F08&k_raceNo=5
2026-10-08 16:30:00,16:30,2026-10-08,oi,5,10,三連複,3-4-12,260.0,260.0,61,https://www.keiba.go.jp/KeibaWeb/TodayRaceInfo/Odds3LenFuku?k_babaCode=20&k_raceDate=2026%2F10%2F08&k_raceNo=5
2026-10-08 16:30:00,16:30,2026-10-08,oi,5,10,三連複,3-8-9,273.4,273.4,62,https://www.keiba.go.jp/KeibaWeb/TodayRaceInfo/Odds3LenFuku?k_babaCode=20&k_raceDate=2026%2F10%2F08&k_raceNo=5
2026-10-08 16:30:00,16:30,2026-10-08,oi,5,10,三連複,2-3-11,278.8,278.8,63,https://www.keiba.go.jp/KeibaWeb/TodayRaceInfo/Odds3LenFuku?k_babaCode=20&k_raceDate=2026%2F10%2F08&k_raceNo=5
2026-10-08 16:30:00,16:30,2026-10-08,oi,5,10,三連複,3-9-10,288.3,288.3,64,https://www.keiba.go.jp/KeibaWeb/TodayRaceInfo/Odds3LenFuku?k_babaCode=20&k_raceDate=2026%2F10%2F08&k_raceNo=5
2026-10-08 16:30:00,16:30,2026-10-08,oi,5,10,三連複,5-10-11,294.3,294.3,65,https://www.keiba.go.jp/KeibaWeb/TodayRaceInfo/Odds3LenFuku?k_babaCode=20&k_raceDate=2026%2F10%2F08&k_raceNo=5
2026-10-08 16:30:00,16:30,2026-10-08,oi,5,10,三連複,6-7-8,311.6,311.6,66,https://www.keiba.go.jp/KeibaWeb/TodayRaceInfo/Odds3LenFuku?k_babaCode=20&k_raceDate=2026%2F10%2F08&k_raceNo=5
2026-10-08 16:30:00,16:30,2026-10-08,oi,5,10,三連複,4-6-9,328.6,328.6,67,https://www.keiba.go.jp/KeibaWeb/TodayRaceInfo/Odds3LenFuku?k_babaCode=20&k_raceDate=2026%2F10%2F08&k_raceNo=5
2026-10-08 16:30:00,16:30,2026-10-08,oi,5,10,三連複,6-8-9,328.6,328.6,67,https://www.keiba.go.jp/KeibaWeb/TodayRaceInfo/Odds3LenFuku?k_babaCode=20&k_raceDate=2026%2F10%2F08&k_raceNo=5
2026-10-08 16:30:00,16:30,2026-10-08,oi,5,10,三連複,8-10-12,328.6,328.6,67,https://www.keiba.go.jp/KeibaWeb/TodayRaceInfo/Odds3LenFuku?k_babaCode=20&k_raceDate=2026%2F10%2F08&k_raceNo=5
2026-10-08 16:30:00,16:30,2026-10-08,oi,5,10,三連複,6-8-14,353.2,353.2,70,https://www.keiba.go.jp/KeibaWeb/TodayRaceInfo/Odds3LenFuku?k_babaCode=20&k_raceDate=2026%2F10%2F08&k_raceNo=5
2026-10-08 16:30:00,16:30,2026-10-08,oi,5,10,三連複,6-9-10,356.2,356.2,71,https://www.keiba.go.jp/KeibaWeb/TodayRaceInfo/Odds3LenFuku?k_babaCode=20&k_raceDate=2026%2F10%2F08&k_raceNo=5
2026-10-08 16:30:00,16:30,2026-10-08,oi,5,10,三連複,8-9-10,356.2,356.2,71,https://www.keiba.go.jp/KeibaWeb/TodayRaceInfo/Odds3LenFuku?k_babaCode=20&k_raceDate=2026%2F10%2F08&k_raceNo=5
2026-10-08 16:30:00,16:30,2026-10-08,oi,5,10,三連複,3-10-12,368.6,368.6,73,https://www.keiba.go.jp/KeibaWeb/TodayRaceInfo/Odds3LenFuku?k_babaCode=20&k_raceDate=2026%2F10%2F08&k_raceNo=5
2026-10-08 16:30:00,16:30,2026-10-08,oi,5,10,三連複,3-7-10,385.3,385.3,74,https://www.keiba.go.jp/KeibaWeb/TodayRaceInfo/Odds3LenFuku?k_babaCode=20&k_raceDate=2026%2F10%2F08&k_raceNo=5
2026-10-08 16:30:00,16:30,2026-10-08,oi,5,10,三連複,4-8-12,385.3,385.3,74,https://www.keiba.go.jp/KeibaWeb/TodayRaceInfo/Odds3LenFuku?k_babaCode=20&k_raceDate=2026%2F10%2F08&k_raceNo=5
2026-10-08 16:30:00,16:30,2026-10-08,oi,5,10,三連複,6-10-12,388.8,388.8,76,https://www.keiba.go.jp/KeibaWeb/TodayRaceInfo/Odds3LenFuku?k_babaCode=20&k_raceDate=2026%2F10%2F08&k_raceNo=5
2026-10-08 16:30:00,16:30,2026-10-08,oi,5,10,三連複,3-4-9,396.1,396.1,77,https://www.keiba.go.jp/KeibaWeb/TodayRaceInfo/Odds3LenFuku?k_babaCode=20&k_raceDate=2026%2F10%2F08&k_raceNo=5
2026-10-08 16:30:00,16:30,2026-10-08,oi,5,10,三連複,4-7-8,407.5,407.5,78,https://www.keiba.go.jp/KeibaWeb/TodayRaceInfo/Odds3LenFuku?k_babaCode=20&k_raceDate=2026%2F10%2F08&k_raceNo=5
2026-10-08 16:30:00,16:30,2026-10-08,oi,5,10,三連複,1-5-8,411.5,411.5,79,https://www.keiba.go.jp/KeibaWeb/TodayRaceInfo/Odds3LenFuku?k_babaCode=20&k_raceDate=2026%2F10%2F08&k_raceNo=5
2026-10-08 16:30:00,16:30,2026-10-08,oi,5,10,三連複,3-6-7,411.5,411.5,79,https://www.keiba.go.jp/KeibaWeb/TodayRaceInfo/Odds3LenFuku?k_babaCode=20&k_raceDate=2026%2F10%2F08&k_raceNo=5
2026-10-08 16:30:00,16:30,2026-10-08,oi,5,10,三連複,3-7-8,411.5,411.5,79,https://www.keiba.go.jp/KeibaWeb/TodayRaceInfo/Odds3LenFuku?k_babaCode=20&k_raceDate=2026%2F10%2F08&k_raceNo=5
2026-10-08 16:30:00,16:30,2026-10-08,oi,5,10,三連複,1-8-11,423.9,423.9,82,https://www.keiba.go.jp/KeibaWeb/TodayRaceInfo/Odds3LenFuku?k_babaCode=20&k_raceDate=2026%2F10%2F08&k_raceNo=5
2026-10-08 16:30:00,16:30,2026-10-08,oi,5,10,三連複,7-8-10,441.5,441.5,83,https://www.keiba.go.jp/KeibaWeb/TodayRaceInfo/Odds3LenFuku?k_babaCode=20&k_raceDate=2026%2F10%2F08&k_raceNo=5
2026-10-08 16:30:00,16:30,2026-10-08,oi,5,10,三連複,6-8-13,446.2,446.2,84,https://www.keiba.go.jp/KeibaWeb/TodayRaceInfo/Odds3LenFuku?k_babaCode=20&k_raceDate=2026%2F10%2F08&k_raceNo=5
2026-10-08 16:30:00,16:30,2026-10-08,oi,5,10,三連複,2-3-5,465.8,465.8,85,https://www.keiba.go.jp/KeibaWeb/TodayRaceInfo/Odds3LenFuku?k_babaCode=20&k_raceDate=2026%2F10%2F08&k_raceNo=5
2026-10-08 16:30:00,16:30,2026-10-08,oi,5,10,三連複,3-6-14,465.8,465.8,85,https://www.keiba.go.jp/KeibaWeb/TodayRaceInfo/Odds3LenFuku?k_babaCode=20&k_raceDate=2026%2F10%2F08&k_raceNo=5
2026-10-08 16:30:00,16:30,2026-10-08,oi,5,10,三連複,1-5-6,471.0,471.0,87,https://www.keiba.go.jp/KeibaWeb/TodayRaceInfo/Odds3LenFuku?k_babaCode=20&k_raceDate=2026%2F10%2F08&k_raceNo=5
2026-10-08 16:30:00,16:30,2026-10-08,oi,5,10,三連複,2-5-6,487.2,487.2,88,https://www.keiba.go.jp/KeibaWeb/TodayRaceInfo/Odds3LenFuku?k_babaCode=20&k_raceDate=2026%2F10%2F08&k_raceNo=5
2026-10-08 16:30:00,16:30,2026-10-08,oi,5,10,三連複,2-8-11,487.2,487.2,88,https://www.keiba.go.jp/KeibaWeb/TodayRaceInfo/Odds3LenFuku?k_babaCode=20&k_raceDate=2026%2F10%2F08&k_raceNo=5
2026-10-08 16:30:00,16:30,2026-10-08,oi,5,10,三連複,6-7-10,504.6,504.6,90,https://www.keiba.go.jp/KeibaWeb/TodayRaceInfo/Odds3LenFuku?k_babaCode=20&k_raceDate=2026%2F10%2F08&k_raceNo=5
2026-10-08 16:30:00,16:30,2026-10-08,oi,5,10,三連複,2-4-11,510.7,510.7,91,https://www.keiba.go.jp/KeibaWeb/TodayRaceInfo/Odds3LenFuku?k_babaCode=20&k_raceDate=2026%2F10%2F08&k_raceNo=5
2026-10-08 16:30:00,16:30,2026-10-08,oi,5,10,三連複,1-2-3,516.9,516.9,92,https://www.keiba.go.jp/KeibaWeb/TodayRaceInfo/Odds3LenFuku?k_babaCode=20&k_raceDate=2026%2F10%2F08&k_raceNo=5
2026-10-08 16:30:00,16:30,2026-10-08,oi,5,10,三連複,1-6-11,516.9,516.9,92,https://www.keiba.go.jp/KeibaWeb/TodayRaceInfo/Odds3LenFuku?k_babaCode=20&k_raceDate=2026%2F10%2F08&k_raceNo=5
2026-10-08 16:30:00,16:30,2026-10-08,oi,5,10,三連複,2-10-11,536.5,536.5,94,https://www.keiba.go.jp/KeibaWeb/TodayRaceInfo/Odds3LenFuku?k_babaCode=20&k_raceDate=2026%2F10%2F08&k_raceNo=5
2026-10-08 16:30:00,16:30,2026-10-08,oi,5,10,三連複,3-4-7,543.4,543.4,95,https://www.keiba.go.jp/KeibaWeb/TodayRaceInfo/Odds3LenFuku?k_babaCode=20&k_raceDate=2026%2F10%2F08&k_raceNo=5
2026-10-08 16:30:00,16:30,2026-10-08,oi,5,10,三連複,3-6-13,550.5,550.5,96,https://www.keiba.go.jp/KeibaWeb/TodayRaceInfo/Odds3LenFuku?k_babaCode=20&k_raceDate=2026%2F10%2F08&k_raceNo=5
2026-10-08 16:30:00,16:30,2026-10-08,oi,5,10,三連複,3-8-14,550.5,550.5,96,https://www.keiba.go.jp/KeibaWeb/TodayRaceInfo/Odds3LenFuku?k_babaCode=20&k_raceDate=2026%2F10%2F08&k_raceNo=5
2026-10-08 16:30:00,16:30,2026-10-08,oi,5,10,三連複,1-3-11,557.7,557.7,98,https://www.keiba.go.jp/KeibaWeb/TodayRaceInfo/Odds3LenFuku?k_babaCode=20&k_raceDate=2026%2F10%2F08&k_raceNo=5
2026-10-08 16:30:00,16:30,2026-10-08,oi,5,10,三連複,1-4-11,557.7,557.7,98,https://www.keiba.go.jp/KeibaWeb/TodayRaceInfo/Odds3LenFuku?k_babaCode=20&k_raceDate=2026%2F10%2F08&k_raceNo=5
2026-10-08 16:30:00,16:30,2026-10-08,oi,5,10,三連複,1-10-11,580.6,580.6,100,https://www.keiba.go.jp/KeibaWeb/TodayRaceInfo/Odds3LenFuku?k_babaCode=20&k_raceDate=2026%2F10%2F08&k_raceNo=5
2026-10-08 16:30:00,16:30,2026-10-08,oi,5,10,三連複,4-6-14,580.6,580.6,100,https://www.keiba.go.jp/KeibaWeb/TodayRaceInfo/Odds3LenFuku?k_babaCode=20&k_raceDate=2026%2F10%2F08&k_raceNo=5
2026-10-08 16:30:00,16:30,2026-10-08,oi,5,10,三連複,2-4-5,597.0,597.0,102,https://www.keiba.go.jp/KeibaWeb/TodayRaceInfo/Odds3LenFuku?k_babaCode=20&k_raceDate=2026%2F10%2F08&k_raceNo=5
2026-10-08 16:30:00,16:30,2026-10-08,oi,5,10,三連複,3-8-13,605.5,605.5,103,https://www.keiba.go.jp/KeibaWeb/TodayRaceInfo/Odds3LenFuku?k_babaCode=20&k_raceDate=2026%2F10%2F08&k_raceNo=5
2026-10-08 16:30:00,16:30,2026-10-08,oi,5,10,三連複,3-10-14,614.3,614.3,104,https://www.keiba.go.jp/KeibaWeb/TodayRaceInfo/Odds3LenFuku?k_babaCode=20&k_raceDate=2026%2F10%2F08&k_raceNo=5
2026-10-08 16:30:00,16:30,2026-10-08,oi,5,10,三連複,1-2-4,623.3,623.3,105,https://www.keiba.go.jp/KeibaWeb/TodayRaceInfo/Odds3LenFuku?k_babaCode=20&k_raceDate=2026%2F10%2F08&k_raceNo=5
2026-10-08 16:30:00,16:30,2026-10-08,oi,5,10,三連複,1-3-5,623.3,623.3,105,https://www.keiba.go.jp/KeibaWeb/TodayRaceInfo/Odds3LenFuku?k_babaCode=20&k_raceDate=2026%2F10%2F08&k_raceNo=5
2026-10-08 16:30:00,16:30,2026-10-08,oi,5,10,三連複,6-11-14,623.3,623.3,105,https://www.keiba.go.jp/KeibaWeb/TodayRaceInfo/Odds3LenFuku?k_babaCode=20&k_raceDate=2026%2F10%2F08&k_raceNo=5
2026-10-08 16:30:00,16:30,2026-10-08,oi,5,10,三連複,4-6-7,632.6,632.6,108,https://www.keiba.go.jp/KeibaWeb/TodayRaceInfo/Odds3LenFuku?k_babaCode=20&k_raceDate=2026%2F10%2F08&k_raceNo=5
2026-10-08 16:30:00,16:30,2026-10-08,oi,5,10,三連複,2-5-10,642.2,642.2,109,https://www.keiba.go.jp/KeibaWeb/TodayRaceInfo/Odds3LenFuku?k_babaCode=20&k_raceDate=2026%2F10%2F08&k_raceNo=5
2026-10-08 16:30:00,16:30,2026-10-08,oi,5,10,三連複,4-6-13,642.2,642.2,109,https://www.keiba.go.jp/KeibaWeb/TodayRaceInfo/Odds3LenFuku?k_babaCode=20&k_raceDate=2026%2F10%2F08&k_raceNo=5
2026-10-08 16:30:00,16:30,2026-10-08,oi,5,10,三連複,6-11-12,672.8,672.8,111,https://www.keiba.go.jp/KeibaWeb/TodayRaceInfo/Odds3LenFuku?k_babaCode=20&k_raceDate=2026%2F10%2F08&k_raceNo=5
2026-10-08 16:30:00,16:30,2026-10-08,oi,5,10,三連複,3-10-13,683.7,683.7,112,https://www.keiba.go.jp/KeibaWeb/TodayRaceInfo/Odds3LenFuku?k_babaCode=20&k_raceDate=2026%2F10%2F08&k_raceNo=5
2026-10-08 16:30:00,16:30,2026-10-08,oi,5,10,三連複,6-10-14,683.7,683.7,112,https://www.keiba.go.jp/KeibaWeb/TodayRaceInfo/Odds3LenFuku?k_babaCode=20&k_raceDate=2026%2F10%2F08&k_raceNo=5
2026-10-08 16:30:00,16:30,2026-10-08,oi,5,10,三連複,4-9-10,694.9,694.9,114,https://www.keiba.go.jp/KeibaWeb/TodayRaceInfo/Odds3LenFuku?k_babaCode=20&k_raceDate=2026%2F10%2F08&k_raceNo=5
2026-10-08 16:30:00,16:30,2026-10-08,oi,5,10,三連複,5-6-12,706.5,706.5,115,https://www.keiba.go.jp/KeibaWeb/TodayRaceInfo/Odds3LenFuku?k_babaCode=20&k_raceDate=2026%2F10%2F08&k_raceNo=5
2026-10-08 16:30:00,16:30,2026-10-08,oi,5,10,三連複,1-2-6,730.8,730.8,116,https://www.keiba.go.jp/KeibaWeb/TodayRaceInfo/Odds3LenFuku?k_babaCode=20&k_raceDate=2026%2F10%2F08&k_raceNo=5
2026-10-08 16:30:00,16:30,2026-10-08,oi,5,10,三連複,3-11-14,730.8,730.8,116,https://www.keiba.go.jp/KeibaWeb/TodayRaceInfo/Odds3LenFuku?k_babaCode=20&k_raceDate=2026%2F10%2F08&k_raceNo=5
2026-10-08 16:30:00,16:30,2026-10-08,oi,5,10,三連複,8-11-12,730.8,730.8,116,https://www.keiba.go.jp/KeibaWeb/TodayRaceInfo/Odds3LenFuku?k_babaCode=20&k_raceDate=2026%2F10%2F08&k_raceNo=5
2026-10-08 16:30:00,16:30,2026-10-08,oi,5,10,三連複,4-8-9,743.6,743.6,119,https://www.keiba.go.jp/KeibaWeb/TodayRaceInfo/Odds3LenFuku?k_babaCode=20&k_raceDate=2026%2F10%2F08&k_raceNo=5
2026-10-08 16:30:00,16:30,2026-10-08,oi,5,10,三連複,4-10-12,743.6,743.6,119,https://www.keiba.go.jp/KeibaWeb/TodayRaceInfo/Odds3LenFuku?k_babaCode=20&k_raceDate=2026%2F10%2F08&k_raceNo=5
2026-10-08 16:30:00,16:30,2026-10-08,oi,5,10,三連複,1-4-5,756.9,756.9,121,https://www.keiba.go.jp/KeibaWeb/TodayRaceInfo/Odds3LenFuku?k_babaCode=20&k_raceDate=2026%2F10%2F08&k_raceNo=5
2026-10-08 16:30:00,16:30,2026-10-08,oi,5,10,三連複,8-10-14,756.9,756.9,121,https://www.keiba.go.jp/KeibaWeb/TodayRaceInfo/Odds3LenFuku?k_babaCode=20&k_raceDate=2026%2F10%2F08&k_raceNo=5
2026-10-08 16:30:00,16:30,2026-10-08,oi,5,10,三連複,2-5-8,770.7,770.7,123,https://www.keiba.go.jp/KeibaWeb/TodayRaceInfo/Odds3LenFuku?k_babaCode=20&k_raceDate=2026%2F10%2F08&k_raceNo=5
2026-10-08 16:30:00,16:30,2026-10-08,oi,5,10,三連複,3-9-11,770.7,770.7,123,https://www.keiba.go.jp/KeibaWeb/TodayRaceInfo/Odds3LenFuku?k_babaCode=20&k_raceDate=2026%2F10%2F08&k_raceNo=5
2026-10-08 16:30:00,16:30,2026-10-08,oi,5,10,三連複,8-10-13,770.7,770.7,123,https://www.keiba.go.jp/KeibaWeb/TodayRaceInfo/Odds3LenFuku?k_babaCode=20&k_raceDate=2026%2F10%2F08&k_raceNo=5
2026-10-08 16:30:00,16:30,2026-10-08,oi,5,10,三連複,4-8-13,785.0,785.0,126,https://www.keiba.go.jp/KeibaWeb/TodayRaceInfo/Odds3LenFuku?k_babaCode=20&k_raceDate=2026%2F10%2F08&k_raceNo=5
2026-10-08 16:30:00,16:30,2026-10-08,oi,5,10,三連複,4-7-10,799.8,799.8,127,https://www.keiba.go.jp/KeibaWeb/TodayRaceInfo/Odds3LenFuku?k_babaCode=20&k_raceDate=2026%2F10%2F08&k_raceNo=5
2026-10-08 16:30:00,16:30,2026-10-08,oi,5,10,三連複,8-11-14,799.8,799.8,127,https://www.keiba.go.jp/KeibaWeb/TodayRaceInfo/Odds3LenFuku?k_babaCode=20&k_raceDate=2026%2F10%2F08&k_raceNo=5
2026-10-08 16:30:00,16:30,2026-10-08,oi,5,10,三連複,1-5-10,815.1,815.1,129,https://www.keiba.go.jp/KeibaWeb/TodayRaceInfo/Odds3LenFuku?k_babaCode=20&k_raceDate=2026%2F10%2F08&k_raceNo=5
2026-10-08 16:30:00,16:30,2026-10-08,oi,5,10,三連複,6-9-11,815.1,815.1,129,https://www.keiba.go.jp/KeibaWeb/TodayRaceInfo/Odds3LenFuku?k_babaCode=20&k_raceDate=2026%2F10%2F08&k_raceNo=5
2026-10-08 16:30:00,16:30,2026-10-08,oi,5,10,三連複,3-11-12,831.1,831.1,131,https://www.keiba.go.jp/KeibaWeb/TodayRaceInfo/Odds3LenFuku?k_babaCode=20&k_raceDate=2026%2F10%2F08&k_raceNo=5
2026-10-08 16:30:00,16:30,2026-10-08,oi,5,10,三連複,1-2-10,847.8,847.8,132,https://www.keiba.go.jp/KeibaWeb/TodayRaceInfo/Odds3LenFuku?k_babaCode=20&k_raceDate=2026%2F10%2F08&k_raceNo=5
2026-10-08 16:30:00,16:30,2026-10-08,oi,5,10,三連複,2-3-9,847.8,847.8,132,https://www.keiba.go.jp/KeibaWeb/TodayRaceInfo/Odds3LenFuku?k_babaCode=20&k_raceDate=2026%2F10%2F08&k_raceNo=5
2026-10-08 16:30:00,16:30,2026-10-08,oi,5,10,三連複,4-8-14,847.8,847.8,132,https://www.keiba.go.jp/KeibaWeb/TodayRaceInfo/Odds3LenFuku?k_babaCode=20&k_raceDate=2026%2F10%2F08&k_raceNo=5
2026-10-08 16:30:00,16:30,2026-10-08,oi,5,10,三連複,5-8-12,865.1,865.1,135,https://www.keiba.go.jp/KeibaWeb/TodayRaceInfo/Odds3LenFuku?k_babaCode=20&k_raceDate=2026%2F10%2F08&k_raceNo=5
2026-10-08 16:30:00,16:30,2026-10-08,oi,5,10,三連複,6-10-13,901.9,901.9,136,https://www.keiba.go.jp/KeibaWeb/TodayRaceInfo/Odds3LenFuku?k_babaCode=20&k_raceDate=2026%2F10%2F08&k_raceNo=5
2026-10-08 16:30:00,16:30,2026-10-08,oi,5,10,三連複,9-10-11,921.5,921.5,137,https://www.keiba.go.jp/KeibaWeb/TodayRaceInfo/Odds3LenFuku?k_babaCode=20&k_raceDate=2026%2F10%2F08&k_raceNo=5
2026-10-08 16:30:00,16:30,2026-10-08,oi,5,10,三連複,3-4-13,963.4,963.4,138,https://www.keiba.go.jp/KeibaWeb/TodayRaceInfo/Odds3LenFuku?k_babaCode=20&k_raceDate=2026%2F10%2F08&k_raceNo=5
2026-10-08 16:30:00,16:30,2026-10-08,oi,5,10,三連複,2-6-12,985.8,985.8,139,https://www.keiba.go.jp/KeibaWeb/TodayRaceInfo/Odds3LenFuku?k_babaCode=20&k_raceDate=2026%2F10%2F08&k_raceNo=5
2026-10-08 16:30:00,16:30,2026-10-08,oi,5,10,三連複,3-4-14,985.8,985.8,139,https://www.keiba.go.jp/KeibaWeb/TodayRaceInfo/Odds3LenFuku?k_babaCode=20&k_raceDate=2026%2F10%2F08&k_raceNo=5
2026-10-08 16:30:00,16:30,2026-10-08,oi,5,10,三連複,3-5-12,985.8,985.8,139,https://www.keiba.go.jp/KeibaWeb/TodayRaceInfo/Odds3LenFuku?k_babaCode=20&k_raceDate=2026%2F10%2F08&k_raceNo=5
2026-10-08 16:30:00,16:30,2026-10-08,oi,5,10,三連複,1-2-8,1009.2,1009.2,142,https://www.keiba.go.jp/KeibaWeb/TodayRaceInfo/Odds3LenFuku?k_babaCode=20&k_raceDate=2026%2F10%2F08&k_raceNo=5
2026-10-08 16:30:00,16:30,2026-10-08,oi,5,10,三連複,3-5-7,1009.2,1009.2,142,https://www.keiba.go.jp/KeibaWeb/TodayRaceInfo/Odds3LenFuku?k_babaCode=20&k_raceDate=2026%2F10%2F08&k_raceNo=5
2026-10-08 16:30:00,16:30,2026-10-08,oi,5,10,三連複,4-10-14,1009.2,1009.2,142,https://www.keiba.go.jp/KeibaWeb/TodayRaceInfo/Odds3LenFuku?k_babaCode=20&k_raceDate=2026%2F10%2F08&k_raceNo=5
2026-10-08 16:30:00,16:30,2026-10-08,oi,5,10,三連複,3-7-11,1115.5,1115.5,145,https://www.keiba.go.jp/KeibaWeb/TodayRaceInfo/Odds3LenFuku?k_babaCode=20&k_raceDate=2026%2F10%2F08&k_raceNo=5
2026-10-08 16:30:00,16:30,2026-10-08,oi,5,10,三連複,7-8-11,1115.5,1115.5,145,https://www.keiba.go.jp/KeibaWeb/TodayRaceInfo/Odds3LenFuku?k_babaCode=20&k_raceDate=2026%2F10%2F08&k_raceNo=5
2026-10-08 16:30:00,16:30,2026-10-08,oi,5,10,三連複,10-11-12,1145.6,1145.6,147,https://www.keiba.go.jp/KeibaWeb/TodayRaceInfo/Odds3LenFuku?k_babaCode=20&k_raceDate=2026%2F10%2F08&k_raceNo=5
2026-10-08 16:30:00,16:30,2026-10-08,oi,5,10,三連複,5-6-9,1177.5,1177.5,148,https://www.keiba.go.jp/KeibaWeb/TodayRaceInfo/Odds3LenFuku?k_babaCode=20&k_raceDate=2026%2F10%2F08&k_raceNo=5
2026-10-08 16:30:00,16:30,2026-10-08,oi,5,10,三連複,2-6-7,1211.1,1211.1,149,https://www.keiba.go.jp/KeibaWeb/TodayRaceInfo/Odds3LenFuku?k_babaCode=20&k_raceDate=2026%2F10%2F08&k_raceNo=5
2026-10-08 16:30:00,16:30,2026-10-08,oi,5,10,三連複,4-11-14,1211.1,1211.1,149,https://www.keiba.go.jp/KeibaWeb/TodayRaceInfo/Odds3LenFuku?k_babaCode=20&k_raceDate=2026%2F10%2F08&k_raceNo=5
2026-10-08 16:30:00,16:30,2026-10-08,oi,5,10,三連複,5-7-8,1211.1,1211.1,149,https://www.keiba.go.jp/KeibaWeb/TodayRaceInfo/Odds3LenFuku?k_babaCode=20&k_raceDate=2026%2F10%2F08&k_raceNo=5
2026-10-08 16:30:00,16:30,2026-10-08,oi,5,10,三連複,1-7-8,1246.7,1246.7,152,https://www.keiba.go.jp/KeibaWeb/TodayRaceInfo/Odds3LenFuku?k_babaCode=20&k_raceDate=2026%2F10%2F08&k_raceNo=5
2026-10-08 16:30:00,16:30,2026-10-08,oi,5,10,三連複,4-5-9,1246.7,1246.7,152,https://www.keiba.go.jp/KeibaWeb/TodayRaceInfo/Odds3LenFuku?k_babaCode=20&k_raceDate=2026%2F10%2F08&k_raceNo=5
2026-10-08 16:30:00,16:30,2026-10-08,oi,5,10,三連複,8-9-11,1246.7,1246.7,152,https://www.keiba.go.jp/KeibaWeb/TodayRaceInfo/Odds3LenFuku?k_babaCode=20&k_raceDate=2026%2F10%2F08&k_raceNo=5
2026-10-08 16:30:00,16:30,2026-10-08,oi,5,10,三連複,1-5-11,1284.5,1284.5,155,https://www.keiba.go.jp/KeibaWeb/TodayRaceInfo/Odds3LenFuku?k_babaCode=20&k_raceDate=2026%2F10%2F08&k_raceNo=5
2026-10-08 16:30:00,16:30,2026-10-08,oi,5,10,三連複,3-11-13,1284.5,1284.5,155,https://www.keiba.go.jp/KeibaWeb/TodayRaceInfo/Odds3LenFuku?k_babaCode=20&k_raceDate=2026%2F10%2F08&k_raceNo=5
2026-10-08 16:30:00,16:30,2026-10-08,oi,5,10,三連複,1-6-9,1324.6,1324.6,157,https://www.keiba.go.jp/KeibaWeb/TodayRaceInfo/Odds3LenFuku?k_babaCode=20&k_raceDate=2026%2F10%2F08&k_raceNo=5
2026-10-08 16:30:00,16:30,2026-10-08,oi,5,10,三連複,2-5-11,1367.4,1367.4,158,https://www.keiba.go.jp/KeibaWeb/TodayRaceInfo/Odds3LenFuku?k_babaCode=20&k_raceDate=2026%2F10%2F08&k_raceNo=5
2026-10-08 16:30:00,16:30,2026-10-08,oi,5,10,三連複,6-11-13,1367.4,1367.4,158,https://www.keiba.go.jp/KeibaWeb/TodayRaceInfo/Odds3LenFuku?k_babaCode=20&k_raceDate=2026%2F10%2F08&k_raceNo=5
2026-10-08 16:30:00,16:30,2026-10-08,oi,5,10,三連複,1-2-11,1413.0,1413.0,160,https://www.keiba.go.jp/KeibaWeb/TodayRaceInfo/Odds3LenFuku?k_babaCode=20&k_raceDate=2026%2F10%2F08&k_raceNo=5
2026-10-08 16:30:00,16:30,2026-10-08,oi,5,10,三連複,1-3-9,1413.0,1413.0,160,https://www.keiba.go.jp/KeibaWeb/TodayRaceInfo/Odds3LenFuku?k_babaCode=20&k_raceDate=2026%2F10%2F08&k_raceNo=5
2026-10-08 16:30:00,16:30,2026-10-08,oi,5,10,三連複,1-4-7,1461.7,1461.7,162,https://www.keiba.go.jp/KeibaWeb/TodayRaceInfo/Odds3LenFuku?k_babaCode=20&k_raceDate=2026%2F10%2F08&k_raceNo=5
2026-10-08 16:30:00,16:30,2026-10-08,oi,5,10,三連複,2-3-7,1461.7,1461.7,162,https://www.keiba.go.jp/KeibaWeb/TodayRaceInfo/Odds3LenFuku?k_babaCode=20&k_raceDate=2026%2F10%2F08&k_raceNo=5
2026-10-08 16:30:00,16:30,2026-10-08,oi,5,10,三連複,3-5-9,1461.7,1461.7,162,https://www.keiba.go.jp/KeibaWeb/TodayRaceInfo/Odds3LenFuku?k_babaCode=20&k_raceDate=2026%2F10%2F08&k_raceNo=5
2026-10-08 16:30:00,16:30,2026-10-08,oi,5,10,三連複,4-11-12,1461.7,1461.7,162,https://www.keiba.go.jp/KeibaWeb/TodayRaceInfo/Odds3LenFuku?k_babaCode=20&k_raceDate=2026%2F10%2F08&k_raceNo=5
2026-10-08 16:30:00,16:30,2026-10-08,oi,5,10,三連複,5-6-14,1461.7,1461.7,162,https://www.keiba.go.jp/KeibaWeb/TodayRaceInfo/Odds3LenFuku?k_babaCode=20&k_raceDate=2026%2F10%2F08&k_raceNo=5
2026-10-08 16:30:00,16:30,2026-10-08,oi,5,10,三連複,5-6-7,1513.9,1513.9,167,https://www.keiba.go.jp/KeibaWeb/TodayRaceInfo/Odds3LenFuku?k_babaCode=20&k_raceDate=2026%2F10%2F08&k_raceNo=5
2026-10-08 16:30:00,16:30,2026-10-08,oi,5,10,三連複,6-7-11,1513.9,1513.9,167,https://www.keiba.go.jp/KeibaWeb/TodayRaceInfo/Odds3LenFuku?k_babaCode=20&k_raceDate=2026%2F10%2F08&k_raceNo=5
2026-10-08 16:30:00,16:30,2026-10-08,oi,5,10,三連複,7-8-9,1513.9,1513.9,167,https://www.keiba.go.jp/KeibaWeb/TodayRaceInfo/Odds3LenFuku?k_babaCode=20&k_raceDate=2026%2F10%2F08&k_raceNo=5
2026-10-08 16:30:00,16:30,2026-10-08,oi,5,10,三連複,8-9-14,1513.9,1513.9,167,https://www.keiba.go.jp/KeibaWeb/TodayRaceInfo/Odds3LenFuku?k_babaCode=20&k_raceDate=2026%2F10%2F08&k_raceNo=5
2026-10-08 16:30:00,16:30,2026-10-08,oi,5,10,三連複,1-8-12,1570.0,1570.0,171,https://www.keiba.go.jp/KeibaWeb/TodayRaceInfo/Odds3LenFuku?k_babaCode=20&k_raceDate=2026%2F10%2F08&k_raceNo=5
2026-10-08 16:30:00,16:30,2026-10-08,oi,5,10,三連複,2-4-7,1570.0,1570.0,171,https://www.keiba.go.jp/KeibaWeb/TodayRaceInfo/Odds3LenFuku?k_babaCode=20&k_raceDate=2026%2F10%2F08&k_raceNo=5
2026-10-08 16:30:00,16:30,2026-10-08,oi,5,10,三連複,2-6-9,1570.0,1570.0,171,https://www.keiba.go.jp/KeibaWeb/TodayRaceInfo/Odds3LenFuku?k_babaCode=20&k_raceDate=2026%2F10%2F08&k_raceNo=5
2026-10-08 16:30:00,16:30,2026-10-08,oi,5,10,三連複,2-9-10,1570.0,1570.0,171,https://www.keiba.go.jp/KeibaWeb/TodayRaceInfo/Odds3LenFuku?k_babaCode=20&k_raceDate=2026%2F10%2F08&k_raceNo=5
2026-10-08 16:30:00,16:30,2026-10-08,oi,5,10,三連複,5-10-12,1570.0,1570.0,171,https://www.keiba.go.jp/KeibaWeb/TodayRaceInfo/Odds3LenFuku?k_babaCode=20&k_raceDate=2026%2F10%2F08&k_raceNo=5
2026-10-08 16:30:00,16:30,2026-10-08,oi,5,10,三連複,7-10-11,1570.0,1570.0,171,https://www.keiba.go.jp/KeibaWeb/TodayRaceInfo/Odds3LenFuku?k_babaCode=20&k_raceDate=2026%2F10%2F08&k_raceNo=5
2026-10-08 16:30:00,16:30,2026-10-08,oi,5,10,三連複,2-8-12,1630.3,1630.3,177,https://www.keiba.go.jp/KeibaWeb/TodayRaceInfo/Odds3LenFuku?k_babaCode=20&k_raceDate=2026%2F10%2F08&k_raceNo=5
2026-10-08 16:30:00,16:30,2026-10-08,oi,5,10,三連複,2-10-12,1630.3,1630.3,177,https://www.keiba.go.jp/KeibaWeb/TodayRaceInfo/Odds3LenFuku?k_babaCode=20&k_raceDate=2026%2F10%2F08&k_raceNo=5
2026-10-08 16:30:00,16:30,2026-10-08,oi,5,10,三連複,2-11-14,1630.3,1630.3,177,https://www.keiba.go.jp/KeibaWeb/TodayRaceInfo/Odds3LenFuku?k_babaCode=20&k_raceDate=2026%2F10%2F08&k_raceNo=5
2026-10-08 16:30:00,16:30,2026-10-08,oi,5,10,三連複,8-12-14,1630.3,1630.3,177,https://www.keiba.go.jp/KeibaWeb/TodayRaceInfo/Odds3LenFuku?k_babaCode=20&k_raceDate=2026%2F10%2F08&k_raceNo=5
2026-10-08 16:30:00,16:30,2026-10-08,oi,5,10,三連複,10-11-14,1630.3,1630.3,177,https://www.keiba.go.jp/KeibaWeb/TodayRaceInfo/Odds3LenFuku?k_babaCode=20&k_raceDate=2026%2F10%2F08&k_raceNo=5
2026-10-08 16:30:00,16:30,2026-10-08,oi,5,10,三連複,4-10-13,1695.6,1695.6,182,https://www.keiba.go.jp/KeibaWeb/TodayRaceInfo/Odds3LenFuku?k_babaCode=20&k_raceDate=2026%2F10%2F08&k_raceNo=5
2026-10-08 16:30:00,16:30,2026-10-08,oi,5,10,三連複,1-3-7,1766.2,1766.2,183,https://www.keiba.go.jp/KeibaWeb/TodayRaceInfo/Odds3LenFuku?k_babaCode=20&k_raceDate=2026%2F10%2F08&k_raceNo=5
2026-10-08 16:30:00,16:30,2026-10-08,oi,5,10,三連複,1-8-9,1766.2,1766.2,183,https://www.keiba.go.jp/KeibaWeb/TodayRaceInfo/Odds3LenFuku?k_babaCode=20&k_raceDate=2026%2F10%2F08&k_raceNo=5
2026-10-08 16:30:00,16:30,2026-10-08,oi,5,10,三連複,2-3-12,1766.2,1766.2,183,https://www.keiba.go.jp/KeibaWeb/TodayRaceInfo/Odds3LenFuku?k_babaCode=20&k_raceDate=2026%2F10%2F08&k_raceNo=5
2026-10-08 16:30:00,16:30,2026-10-08,oi,5,10,三連複,4-7-11,1766.2,1766.2,183,https://www.keiba.go.jp/KeibaWeb/TodayRaceInfo/Odds3LenFuku?k_babaCode=20&k_raceDate=2026%2F10%2F08&k_raceNo=5
2026-10-08 16:30:00,16:30,2026-10-08,oi,5,10,三連複,4-9-11,1766.2,1766.2,183,https://www.keiba.go.jp/KeibaWeb/TodayRaceInfo/Odds3LenFuku?k_babaCode=20&k_raceDate=2026%2F10%2F08&k_raceNo=5
2026-10-08 16:30:00,16:30,2026-10-08,oi,5,10,三連複,5-8-9,1766.2,1766.2,183,https://www.keiba.go.jp/KeibaWeb/TodayRaceInfo/Odds3LenFuku?k_babaCode=20&k_raceDate=2026%2F10%2F08&k_raceNo=5
2026-10-08 16:30:00,16:30,2026-10-08,oi,5,10,三連複,1-2-5,1843.0,1843.0,189,https://www.keiba.go.jp/KeibaWeb/TodayRaceInfo/Odds3LenFuku?k_babaCode=20&k_raceDate=2026%2F10%2F08&k_raceNo=5
2026-10-08 16:30:00,16:30,2026-10-08,oi,5,10,三連複,1-2-7,1843.0,1843.0,189,https://www.keiba.go.jp/KeibaWeb/TodayRaceInfo/Odds3LenFuku?k_babaCode=20&k_raceDate=2026%2F10%2F08&k_raceNo=5
2026-10-08 16:30:00,16:30,2026-10-08,oi,5,10,三連複,2-5-7,1843.0,1843.0,189,https://www.keiba.go.jp/KeibaWeb/TodayRaceInfo/Odds3LenFuku?k_babaCode=20&k_raceDate=2026%2F10%2F08&k_raceNo=5
2026-10-08 16:30:00,16:30,2026-10-08,oi,5,10,三連複,2-7-8,1843.0,1843.0,189,https://www.keiba.go.jp/KeibaWeb/TodayRaceInfo/Odds3LenFuku?k_babaCode=20&k_raceDate=2026%2F10%2F08&k_raceNo=5
2026-10-08 16:30:00,16:30,2026-10-08,oi,5,10,三連複,3-5-13,1843.0,1843.0,189,https://www.keiba.go.jp/KeibaWeb/TodayRaceInfo/Odds3LenFuku?k_babaCode=20&k_raceDate=2026%2F10%2F08&k_raceNo=5
2026-10-08 16:30:00,16:30,2026-10-08,oi,5,10,三連複,5-9-10,1843.0,1843.0,189,https://www.keiba.go.jp/KeibaWeb/TodayRaceInfo/Odds3LenFuku?k_babaCode=20&k_raceDate=2026%2F10%2F08&k_raceNo=5
2026-10-08 16:30:00,16:30,2026-10-08,oi,5,10,三連複,9-12-14,1843.0,1843.0,189,https://www.keiba.go.jp/KeibaWeb/TodayRaceInfo/Odds3LenFuku?k_babaCode=20&k_raceDate=2026%2F10%2F08&k_raceNo=5
2026-10-08 16:30:00,16:30,2026-10-08,oi,5,10,三連複,10-11-13,1843.0,1843.0,189,https://www.keiba.go.jp/KeibaWeb/TodayRaceInfo/Odds3LenFuku?k_babaCode=20&k_raceDate=2026%2F10%2F08&k_raceNo=5
2026-10-08 16:30:00,16:30,2026-10-08,oi,5,10,三連複,1-9-10,1926.8,1926.8,197,https://www.keiba.go.jp/KeibaWeb/TodayRaceInfo/Odds3LenFuku?k_babaCode=20&k_raceDate=2026%2F10%2F08&k_raceNo=5
2026-10-08 16:30:00,16:30,2026-10-08,oi,5,10,三連複,4-5-12,1926.8,1926.8,197,https://www.keiba.go.jp/KeibaWeb/TodayRaceInfo/Odds3LenFuku?k_babaCode=20&k_raceDate=2026%2F10%2F08&k_raceNo=5
2026-10-08 16:30:00,16:30,2026-10-08,oi,5,10,三連複,5-7-10,1926.8,1926.8,197,https://www.keiba.go.jp/KeibaWeb/TodayRaceInfo/Odds3LenFuku?k_babaCode=20&k_raceDate=2026%2F10%2F08&k_raceNo=5
2026-10-08 16:30:00,16:30,2026-10-08,oi,5,10,三連複,5-8-13,1926.8,1926.8,197,https://www.keiba.go.jp/KeibaWeb/TodayRaceInfo/Odds3LenFuku?k_babaCode=20&k_raceDate=2026%2F10%2F08&k_raceNo=5
2026-10-08 16:30:00,16:30,2026-10-08,oi,5,10,三連複,1-6-12,2018.5,2018.5,201,https://www.keiba.go.jp/KeibaWeb/TodayRaceInfo/Odds3LenFuku?k_babaCode=20&k_raceDate=2026%2F10%2F08&k_raceNo=5
2026-10-08 16:30:00,16:30,2026-10-08,oi,5,10,三連複,4-5-7,2018.5,2018.5,201,https://www.keiba.go.jp/KeibaWeb/TodayRaceInfo/Odds3LenFuku?k_babaCode=20&k_raceDate=2026%2F10%2F08&k_raceNo=5
2026-10-08 16:30:00,16:30,2026-10-08,oi,5,10,三連複,6-7-9,2018.5,2018.5,201,https://www.keiba.go.jp/KeibaWeb/TodayRaceInfo/Odds3LenFuku?k_babaCode=20&k_raceDate=2026%2F10%2F08&k_raceNo=5
2026-10-08 16:30:00,16:30,2026-10-08,oi,5,10,三連複,8-11-13,2018.5,2018.5,201,https://www.keiba.go.jp/KeibaWeb/TodayRaceInfo/Odds3LenFuku?k_babaCode=20&k_raceDate=2026%2F10%2F08&k_raceNo=5
2026-10-08 16:30:00,16:30,2026-10-08,oi,5,10,三連複,1-3-12,2119.5,2119.5,205,https://www.keiba.go.jp/KeibaWeb/TodayRaceInfo/Odds3LenFuku?k_babaCode=20&k_raceDate=2026%2F10%2F08&k_raceNo=5
2026-10-08 16:30:00,16:30,2026-10-08,oi,5,10,三連複,2-3-13,2119.5,2119.5,205,https://www.keiba.go.jp/KeibaWeb/TodayRaceInfo/Odds3LenFuku?k_babaCode=20&k_raceDate=2026%2F10%2F08&k_raceNo=5
2026-10-08 16:30:00,16:30,2026-10-08,oi,5,10,三連複,2-4-9,2119.5,2119.5,205,https://www.keiba.go.jp/KeibaWeb/TodayRaceInfo/Odds3LenFuku?k_babaCode=20&k_raceDate=2026%2F10%2F08&k_raceNo=5
2026-10-08 16:30:00,16:30,2026-10-08,oi,5,10,三連複,8-9-12,2119.5,2119.5,205,https://www.keiba.go.jp/KeibaWeb/TodayRaceInfo/Odds3LenFuku?k_babaCode=20&k_raceDate=2026%2F10%2F08&k_raceNo=5
2026-10-08 16:30:00,16:30,2026-10-08,oi,5,10,三連複,1-6-7,2231.0,2231.0,209,https://www.keiba.go.jp/KeibaWeb/TodayRaceInfo/Odds3LenFuku?k_babaCode=20&k_raceDate=2026%2F10%2F08&k_raceNo=5
2026-10-08 16:30:00,16:30,2026-10-08,oi,5,10,三連複,2-4-12,2231.0,2231.0,209,https://www.keiba.go.jp/KeibaWeb/TodayRaceInfo/Odds3LenFuku?k_babaCode=20&k_raceDate=2026%2F10%2F08&k_raceNo=5
2026-10-08 16:30:00,16:30,2026-10-08,oi,5,10,三連複,2-6-14,2231.0,2231.0,209,https://www.keiba.go.jp/KeibaWeb/TodayRaceInfo/Odds3LenFuku?k_babaCode=20&k_raceDate=2026%2F10%2F08&k_raceNo=5
2026-10-08 16:30:00,16:30,2026-10-08,oi,5,10,三連複,2-8-9,2231.0,2231.0,209,https://www.keiba.go.jp/KeibaWeb/TodayRaceInfo/Odds3LenFuku?k_babaCode=20&k_raceDate=2026%2F10%2F08&k_raceNo=5
2026-10-08 16:30:00,16:30,2026-10-08,oi,5,10,三連複,3-7-9,2231.0,2231.0,209,https://www.keiba.go.jp/KeibaWeb/TodayRaceInfo/Odds3LenFuku?k_babaCode=20&k_raceDate=2026%2F10%2F08&k_raceNo=5
2026-10-08 16:30:00,16:30,2026-10-08,oi,5,10,三連複,1-7-10,2355.0,2355.0,214,https://www.keiba.go.jp/KeibaWeb/TodayRaceInfo/Odds3LenFuku?k_babaCode=20&k_raceDate=2026%2F10%2F08&k_raceNo=5
2026-10-08 16:30:00,16:30,2026-10-08,oi,5,10,三連複,2-7-10,2355.0,2355.0,214,https://www.keiba.go.jp/KeibaWeb/TodayRaceInfo/Odds3LenFuku?k_babaCode=20&k_raceDate=2026%2F10%2F08&k_raceNo=5
2026-10-08 16:30:00,16:30,2026-10-08,oi,5,10,三連複,3-5-14,2355.0,2355.0,214,https://www.keiba.go.jp/KeibaWeb/TodayRaceInfo/Odds3LenFuku?k_babaCode=20&k_raceDate=2026%2F10%2F08&k_raceNo=5
2026-10-08 16:30:00,16:30,2026-10-08,oi,5,10,三連複,5-8-14,2355.0,2355.0,214,https://www.keiba.go.jp/KeibaWeb/TodayRaceInfo/Odds3LenFuku?k_babaCode=20&k_raceDate=2026%2F10%2F08&k_raceNo=5
2026-10-08 16:30:00,16:30,2026-10-08,oi,5,10,三連複,6-13-14,2355.0,2355.0,214,https://www.keiba.go.jp/KeibaWeb/TodayRaceInfo/Odds3LenFuku?k_babaCode=20&k_raceDate=2026%2F10%2F08&k_raceNo=5
2026-10-08 16:30:00,16:30,2026-10-08,oi,5,10,三連複,7-8-12,2355.0,2355.0,214,https://www.keiba.go.jp/KeibaWeb/TodayRaceInfo/Odds3LenFuku?k_babaCode=20&k_raceDate=2026%2F10%2F08&k_raceNo=5
2026-10-08 16:30:00,16:30,2026-10-08,oi,5,10,三連複,1-4-12,2493.5,2493.5,220,https://www.keiba.go.jp/KeibaWeb/TodayRaceInfo/Odds3LenFuku?k_babaCode=20&k_raceDate=2026%2F10%2F08&k_raceNo=5
2026-10-08 16:30:00,16:30,2026-10-08,oi,5,10,三連複,4-5-14,2493.5,2493.5,220,https://www.keiba.go.jp/KeibaWeb/TodayRaceInfo/Odds3LenFuku?k_babaCode=20&k_raceDate=2026%2F10%2F08&k_raceNo=5
2026-10-08 16:30:00,16:30,2026-10-08,oi,5,10,三連複,4-11-13,2493.5,2493.5,220,https://www.keiba.go.jp/KeibaWeb/TodayRaceInfo/Odds3LenFuku?k_babaCode=20&k_raceDate=2026%2F10%2F08&k_raceNo=5
2026-10-08 16:30:00,16:30,2026-10-08,oi,5,10,三連複,5-9-11,2493.5,2493.5,220,https://www.keiba.go.jp/KeibaWeb/TodayRaceInfo/Odds3LenFuku?k_babaCode=20&k_raceDate=2026%2F10%2F08&k_raceNo=5
2026-10-08 16:30:00,16:30,2026-10-08,oi,5,10,三連複,5-11-12,2493.5,2493.5,220,https://www.keiba.go.jp/KeibaWeb/TodayRaceInfo/Odds3LenFuku?k_babaCode=20&k_raceDate=2026%2F10%2F08&k_raceNo=5
2026-10-08 16:30:00,16:30,2026-10-08,oi,5,10,三連複,6-7-12,2493.5,2493.5,220,https://www.keiba.go.jp/KeibaWeb/TodayRaceInfo/Odds3LenFuku?k_babaCode=20&k_raceDate=2026%2F10%2F08&k_raceNo=5
2026-10-08 16:30:00,16:30,2026-10-08,oi,5,10,三連複,1-5-7,2649.3,2649.3,226,https://www.keiba.go.jp/KeibaWeb/TodayRaceInfo/Odds3LenFuku?k_babaCode=20&k_raceDate=2026%2F10%2F08&k_raceNo=5
2026-10-08 16:30:00,16:30,2026-10-08,oi,5,10,三連複,3-7-12,2649.3,2649.3,226,https://www.keiba.go.jp/KeibaWeb/TodayRaceInfo/Odds3LenFuku?k_babaCode=20&k_raceDate=2026%2F10%2F08&k_raceNo=5
2026-10-08 16:30:00,16:30,2026-10-08,oi,5,10,三連複,1-7-9,2826.0,2826.0,228,https://www.keiba.go.jp/KeibaWeb/TodayRaceInfo/Odds3LenFuku?k_babaCode=20&k_raceDate=2026%2F10%2F08&k_raceNo=5
2026-10-08 16:30:00,16:30,2026-10-08,oi,5,10,三連複,1-10-12,2826.0,2826.0,228,https://www.keiba.go.jp/KeibaWeb/TodayRaceInfo/Odds3LenFuku?k_babaCode=20&k_raceDate=2026%2F10%2F08&k_raceNo=5
2026-10-08 16:30:00,16:30,2026-10-08,oi,5,10,三連複,1-10-14,2826.0,2826.0,228,https://www.keiba.go.jp/KeibaWeb/TodayRaceInfo/Odds3LenFuku?k_babaCode=20&k_raceDate=2026%2F10%2F08&k_raceNo=5
2026-10-08 16:30:00,16:30,2026-10-08,oi,5,10,三連複,2-6-13,2826.0,2826.0,228,https://www.keiba.go.jp/KeibaWeb/TodayRaceInfo/Odds3LenFuku?k_babaCode=20&k_raceDate=2026%2F10%2F08&k_raceNo=5
2026-10-08 16:30:00,16:30,2026-10-08,oi,5,10,三連複,4-7-9,2826.0,2826.0,228,https://www.keiba.go.jp/KeibaWeb/TodayRaceInfo/Odds3LenFuku?k_babaCode=20&k_raceDate=2026%2F10%2F08&k_raceNo=5
2026-10-08 16:30:00,16:30,2026-10-08,oi,5,10,三連複,5-6-13,2826.0,2826.0,228,https://www.keiba.go.jp/KeibaWeb/TodayRaceInfo/Odds3LenFuku?k_babaCode=20&k_raceDate=2026%2F10%2F08&k_raceNo=5
2026-10-08 16:30:00,16:30,2026-10-08,oi,5,10,三連複,12-13-14,2826.0,2826.0,228,https://www.keiba.go.jp/KeibaWeb/TodayRaceInfo/Odds3LenFuku?k_babaCode=20&k_raceDate=2026%2F10%2F08&k_raceNo=5
2026-10-08 16:30:00,16:30,2026-10-08,oi,5,10,三連複,1-4-9,3027.8,3027.8,235,https://www.keiba.go.jp/KeibaWeb/TodayRaceInfo/Odds3LenFuku?k_babaCode=20&k_raceDate=2026%2F10%2F08&k_raceNo=5
2026-10-08 16:30:00,16:30,2026-10-08,oi,5,10,三連複,2-3-14,3027.8,3027.8,235,https://www.keiba.go.jp/KeibaWeb/TodayRaceInfo/Odds3LenFuku?k_babaCode=20&k_raceDate=2026%2F10%2F08&k_raceNo=5
2026-10-08 16:30:00,16:30,2026-10-08,oi,5,10,三連複,2-9-11,3027.8,3027.8,235,https://www.keiba.go.jp/KeibaWeb/TodayRaceInfo/Odds3LenFuku?k_babaCode=20&k_raceDate=2026%2F10%2F08&k_raceNo=5
2026-10-08 16:30:00,16:30,2026-10-08,oi,5,10,三連複,3-9-12,3027.8,3027.8,235,https://www.keiba.go.jp/KeibaWeb/TodayRaceInfo/Odds3LenFuku?k_babaCode=20&k_raceDate=2026%2F10%2F08&k_raceNo=5
2026-10-08 16:30:00,16:30,2026-10-08,oi,5,10,三連複,4-5-13,3027.8,3027.8,235,https://www.keiba.go.jp/KeibaWeb/TodayRaceInfo/Odds3LenFuku?k_babaCode=20&k_raceDate=2026%2F10%2F08&k_raceNo=5
2026-10-08 16:30:00,16:30,2026-10-08,oi,5,10,三連複,4-7-12,3027.8,3027.8,235,https://www.keiba.go.jp/KeibaWeb/TodayRaceInfo/Odds3LenFuku?k_babaCode=20&k_raceDate=2026%2F10%2F08&k_raceNo=5
2026-10-08 16:30:00,16:30,2026-10-08,oi,5,10,三連複,5-10-13,3027.8,3027.8,235,https://www.keiba.go.jp/KeibaWeb/TodayRaceInfo/Odds3LenFuku?k_babaCode=20&k_raceDate=2026%2F10%2F08&k_raceNo=5
2026-10-08 16:30:00,16:30,2026-10-08,oi,5,10,三連複,7-9-10,3027.8,3027.8,235,https://www.keiba.go.jp/KeibaWeb/TodayRaceInfo/Odds3LenFuku?k_babaCode=20&k_raceDate=2026%2F10%2F08&k_raceNo=5
2026-10-08 16:30:00,16:30,2026-10-08,oi,5,10,三連複,2-5-9,3260.7,3260.7,243,https://www.keiba.go.jp/KeibaWeb/TodayRaceInfo/Odds3LenFuku?k_babaCode=20&k_raceDate=2026%2F10%2F08&k_raceNo=5
2026-10-08 16:30:00,16:30,2026-10-08,oi,5,10,三連複,2-7-11,3260.7,3260.7,243,https://www.keiba.go.jp/KeibaWeb/TodayRaceInfo/Odds3LenFuku?k_babaCode=20&k_raceDate=2026%2F10%2F08&k_raceNo=5
2026-10-08 16:30:00,16:30,2026-10-08,oi,5,10,三連複,1-8-13,3532.5,3532.5,245,https://www.keiba.go.jp/KeibaWeb/TodayRaceInfo/Odds3LenFuku?k_babaCode=20&k_raceDate=2026%2F10%2F08&k_raceNo=5
2026-10-08 16:30:00,16:30,2026-10-08,oi,5,10,三連複,2-11-13,3532.5,3532.5,245,https://www.keiba.go.jp/KeibaWeb/TodayRaceInfo/Odds3LenFuku?k_babaCode=20&k_raceDate=2026%2F10%2F08&k_raceNo=5
2026-10-08 16:30:00,16:30,2026-10-08,oi,5,10,三連複,5-10-14,3532.5,3532.5,245,https://www.keiba.go.jp/KeibaWeb/TodayRaceInfo/Odds3LenFuku?k_babaCode=20&k_raceDate=2026%2F10%2F08&k_raceNo=5
2026-10-08 16:30:00,16:30,2026-10-08,oi,5,10,三連複,9-10-13,3532.5,3532.5,245,https://www.keiba.go.jp/KeibaWeb/TodayRaceInfo/Odds3LenFuku?k_babaCode=20&k_raceDate=2026%2F10%2F08&k_raceNo=5
2026-10-08 16:30:00,16:30,2026-10-08,oi,5,10,三連複,1-3-13,3853.6,3853.6,249,https://www.keiba.go.jp/KeibaWeb/TodayRaceInfo/Odds3LenFuku?k_babaCode=20&k_raceDate=2026%2F10%2F08&k_raceNo=5
2026-10-08 16:30:00,16:30,2026-10-08,oi,5,10,三連複,1-5-9,3853.6,3853.6,249,https://www.keiba.go.jp/KeibaWeb/TodayRaceInfo/Odds3LenFuku?k_babaCode=20&k_raceDate=2026%2F10%2F08&k_raceNo=5
2026-10-08 16:30:00,16:30,2026-10-08,oi,5,10,三連複,1-7-11,3853.6,3853.6,249,https://www.keiba.go.jp/KeibaWeb/TodayRaceInfo/Odds3LenFuku?k_babaCode=20&k_raceDate=2026%2F10%2F08&k_raceNo=5
2026-10-08 16:30:00,16:30,2026-10-08,oi,5,10,三連複,1-8-14,3853.6,3853.6,249,https://www.keiba.go.jp/KeibaWeb/TodayRaceInfo/Odds3LenFuku?k_babaCode=20&k_raceDate=2026%2F10%2F08&k_raceNo=5
2026-10-08 16:30:00,16:30,2026-10-08,oi,5,10,三連複,2-7-12,3853.6,3853.6,249,https://www.keiba.go.jp/KeibaWeb/TodayRaceInfo/Odds3LenFuku?k_babaCode=20&k_raceDate=2026%2F10%2F08&k_raceNo=5
2026-10-08 16:30:00,16:30,2026-10-08,oi,5,10,三連複,2-8-14,3853.6,3853.6,249,https://www.keiba.go.jp/KeibaWeb/TodayRaceInfo/Odds3LenFuku?k_babaCode=20&k_raceDate=2026%2F10%2F08&k_raceNo=5
2026-10-08 16:30:00,16:30,2026-10-08,oi,5,10,三連複,2-11-12,3853.6,3853.6,249,https://www.keiba.go.jp/KeibaWeb/TodayRaceInfo/Odds3LenFuku?k_babaCode=20&k_raceDate=2026%2F10%2F08&k_raceNo=5
2026-10-08 16:30:00,16:30,2026-10-08,oi,5,10,三連複,4-12-14,3853.6,3853.6,249,https://www.keiba.go.jp/KeibaWeb/TodayRaceInfo/Odds3LenFuku?k_babaCode=20&k_raceDate=2026%2F10%2F08&k_raceNo=5
2026-10-08 16:30:00,16:30,2026-10-08,oi,5,10,三連複,6-12-14,3853.6,3853.6,249,https://www.keiba.go.jp/KeibaWeb/TodayRaceInfo/Odds3LenFuku?k_babaCode=20&k_raceDate=2026%2F10%2F08&k_raceNo=5
2026-10-08 16:30:00,16:30,2026-10-08,oi,5,10,三連複,1-2-9,4239.0,4239.0,258,https://www.keiba.go.jp/KeibaWeb/TodayRaceInfo/Odds3LenFuku?k_babaCode=20&k_raceDate=2026%2F10%2F08&k_raceNo=5
2026-10-08 16:30:00,16:30,2026-10-08,oi,5,10,三連複,1-9-11,4239.0,4239.0,258,https://www.keiba.go.jp/KeibaWeb/TodayRaceInfo/Odds3LenFuku?k_babaCode=20&k_raceDate=2026%2F10%2F08&k_raceNo=5
2026-10-08 16:30:00,16:30,2026-10-08,oi,5,10,三連複,2-8-13,4239.0,4239.0,258,https://www.keiba.go.jp/KeibaWeb/TodayRaceInfo/Odds3LenFuku?k_babaCode=20&k_raceDate=2026%2F10%2F08&k_raceNo=5
2026-10-08 16:30:00,16:30,2026-10-08,oi,5,10,三連複,3-12-13,4239.0,4239.0,258,https://www.keiba.go.jp/KeibaWeb/TodayRaceInfo/Odds3LenFuku?k_babaCode=20&k_raceDate=2026%2F10%2F08&k_raceNo=5
2026-10-08 16:30:00,16:30,2026-10-08,oi,5,10,三連複,5-7-13,4239.0,4239.0,258,https://www.keiba.go.jp/KeibaWeb/TodayRaceInfo/Odds3LenFuku?k_babaCode=20&k_raceDate=2026%2F10%2F08&k_raceNo=5
2026-10-08 16:30:00,16:30,2026-10-08,oi,5,10,三連複,5-11-14,4239.0,4239.0,258,https://www.keiba.go.jp/KeibaWeb/TodayRaceInfo/Odds3LenFuku?k_babaCode=20&k_raceDate=2026%2F10%2F08&k_raceNo=5
2026-10-08 16:30:00,16:30,2026-10-08,oi,5,10,三連複,6-7-14,4239.0,4239.0,258,https://www.keiba.go.jp/KeibaWeb/TodayRaceInfo/Odds3LenFuku?k_babaCode=20&k_raceDate=2026%2F10%2F08&k_raceNo=5
2026-10-08 16:30:00,16:30,2026-10-08,oi,5,10,三連複,7-8-14,4239.0,4239.0,258,https://www.keiba.go.jp/KeibaWeb/TodayRaceInfo/Odds3LenFuku?k_babaCode=20&k_raceDate=2026%2F10%2F08&k_raceNo=5
2026-10-08 16:30:00,16:30,2026-10-08,oi,5,10,三連複,7-9-14,4239.0,4239.0,258,https://www.keiba.go.jp/KeibaWeb/TodayRaceInfo/Odds3LenFuku?k_babaCode=20&k_raceDate=2026%2F10%2F08&k_raceNo=5
2026-10-08 16:30:00,16:30,2026-10-08,oi,5,10,三連複,11-12-14,4239.0,4239.0,258,https://www.keiba.go.jp/KeibaWeb/TodayRaceInfo/Odds3LenFuku?k_babaCode=20&k_raceDate=2026%2F10%2F08&k_raceNo=5
2026-10-08 16:30:00,16:30,2026-10-08,oi,5,10,三連複,11-13-14,4239.0,4239.0,258,https://www.keiba.go.jp/KeibaWeb/TodayRaceInfo/Odds3LenFuku?k_babaCode=20&k_raceDate=2026%2F10%2F08&k_raceNo=5
2026-10-08 16:30:00,16:30,2026-10-08,oi,5,10,三連複,1-11-12,4710.0,4710.0,269,https://www.keiba.go.jp/KeibaWeb/TodayRaceInfo/Odds3LenFuku?k_babaCode=20&k_raceDate=2026%2F10%2F08&k_raceNo=5
2026-10-08 16:30:00,16:30,2026-10-08,oi,5,10,三連複,3-7-13,4710.0,4710.0,269,https://www.keiba.go.jp/KeibaWeb/TodayRaceInfo/Odds3LenFuku?k_babaCode=20&k_raceDate=2026%2F10%2F08&k_raceNo=5
2026-10-08 16:30:00,16:30,2026-10-08,oi,5,10,三連複,3-9-14,4710.0,4710.0,269,https://www.keiba.go.jp/KeibaWeb/TodayRaceInfo/Odds3LenFuku?k_babaCode=20&k_raceDate=2026%2F10%2F08&k_raceNo=5
2026-10-08 16:30:00,16:30,2026-10-08,oi,5,10,三連複,3-12-14,4710.0,4710.0,269,https://www.keiba.go.jp/KeibaWeb/TodayRaceInfo/Odds3LenFuku?k_babaCode=20&k_raceDate=2026%2F10%2F08&k_raceNo=5
2026-10-08 16:30:00,16:30,2026-10-08,oi,5,10,三連複,4-9-12,4710.0,4710.0,269,https://www.keiba.go.jp/KeibaWeb/TodayRaceInfo/Odds3LenFuku?k_babaCode=20&k_raceDate=2026%2F10%2F08&k_raceNo=5
2026-10-08 16:30:00,16:30,2026-10-08,oi,5,10,三連複,5-7-9,4710.0,4710.0,269,https://www.keiba.go.jp/KeibaWeb/TodayRaceInfo/Odds3LenFuku?k_babaCode=20&k_raceDate=2026%2F10%2F08&k_raceNo=5
2026-10-08 16:30:00,16:30,2026-10-08,oi,5,10,三連複,5-11-13,4710.0,4710.0,269,https://www.keiba.go.jp/KeibaWeb/TodayRaceInfo/Odds3LenFuku?k_babaCode=20&k_raceDate=2026%2F10%2F08&k_raceNo=5
2026-10-08 16:30:00,16:30,2026-10-08,oi,5,10,三連複,6-12-13,4710.0,4710.0,269,https://www.keiba.go.jp/KeibaWeb/TodayRaceInfo/Odds3LenFuku?k_babaCode=20&k_raceDate=2026%2F10%2F08&k_raceNo=5
2026-10-08 16:30:00,16:30,2026-10-08,oi,5,10,三連複,7-10-14,4710.0,4710.0,269,https://www.keiba.go.jp/KeibaWeb/TodayRaceInfo/Odds3LenFuku?k_babaCode=20&k_raceDate=2026%2F10%2F08&k_raceNo=5
2026-10-08 16:30:00,16:30,2026-10-08,oi,5,10,三連複,7-11-14,4710.0,4710.0,269,https://www.keiba.go.jp/KeibaWeb/TodayRaceInfo/Odds3LenFuku?k_babaCode=20&k_raceDate=2026%2F10%2F08&k_raceNo=5
2026-10-08 16:30:00,16:30,2026-10-08,oi,5,10,三連複,11-12-13,4710.0,4710.0,269,https://www.keiba.go.jp/KeibaWeb/TodayRaceInfo/Odds3LenFuku?k_babaCode=20&k_raceDate=2026%2F10%2F08&k_raceNo=5
2026-10-08 16:30:00,16:30,2026-10-08,oi,5,10,三連複,1-2-13,5298.7,5298.7,280,https://www.keiba.go.jp/KeibaWeb/TodayRaceInfo/Odds3LenFuku?k_babaCode=20&k_raceDate=2026%2F10%2F08&k_raceNo=5
2026-10-08 16:30:00,16:30,2026-10-08,oi,5,10,三連複,1-3-14,5298.7,5298.7,280,https://www.keiba.go.jp/KeibaWeb/TodayRaceInfo/Odds3LenFuku?k_babaCode=20&k_raceDate=2026%2F10%2F08&k_raceNo=5
2026-10-08 16:30:00,16:30,2026-10-08,oi,5,10,三連複,1-4-14,5298.7,5298.7,280,https://www.keiba.go.jp/KeibaWeb/TodayRaceInfo/Odds3LenFuku?k_babaCode=20&k_raceDate=2026%2F10%2F08&k_raceNo=5
2026-10-08 16:30:00,16:30,2026-10-08,oi,5,10,三連複,1-11-13,5298.7,5298.7,280,https://www.keiba.go.jp/KeibaWeb/TodayRaceInfo/Odds3LenFuku?k_babaCode=20&k_raceDate=2026%2F10%2F08&k_raceNo=5
2026-10-08 16:30:00,16:30,2026-10-08,oi,5,10,三連複,2-4-13,5298.7,5298.7,280,https://www.keiba.go.jp/KeibaWeb/TodayRaceInfo/Odds3LenFuku?k_babaCode=20&k_raceDate=2026%2F10%2F08&k_raceNo=5
2026-10-08 16:30:00,16:30,2026-10-08,oi,5,10,三連複,2-4-14,5298.7,5298.7,280,https://www.keiba.go.jp/KeibaWeb/TodayRaceInfo/Odds3LenFuku?k_babaCode=20&k_raceDate=2026%2F10%2F08&k_raceNo=5
2026-10-08 16:30:00,16:30,2026-10-08,oi,5,10,三連複,2-5-12,5298.7,5298.7,280,https://www.keiba.go.jp/KeibaWeb/TodayRaceInfo/Odds3LenFuku?k_babaCode=20&k_raceDate=2026%2F10%2F08&k_raceNo=5
2026-10-08 16:30:00,16:30,2026-10-08,oi,5,10,三連複,2-7-9,5298.7,5298.7,280,https://www.keiba.go.jp/KeibaWeb/TodayRaceInfo/Odds3LenFuku?k_babaCode=20&k_raceDate=2026%2F10%2F08&k_raceNo=5
2026-10-08 16:30:00,16:30,2026-10-08,oi,5,10,三連複,2-9-12,5298.7,5298.7,280,https://www.keiba.go.jp/KeibaWeb/TodayRaceInfo/Odds3LenFuku?k_babaCode=20&k_raceDate=2026%2F10%2F08&k_raceNo=5
2026-10-08 16:30:00,16:30,2026-10-08,oi,5,10,三連複,3-7-14,5298.7,5298.7,280,https://www.keiba.go.jp/KeibaWeb/TodayRaceInfo/Odds3LenFuku?k_babaCode=20&k_raceDate=2026%2F10%2F08&k_raceNo=5
2026-10-08 16:30:00,16:30,2026-10-08,oi,5,10,三連複,3-13-14,5298.7,5298.7,280,https://www.keiba.go.jp/KeibaWeb/TodayRaceInfo/Odds3LenFuku?k_babaCode=20&k_raceDate=2026%2F10%2F08&k_raceNo=5
2026-10-08 16:30:00,16:30,2026-10-08,oi,5,10,三連複,4-7-14,5298.7,5298.7,280,https://www.keiba.go.jp/KeibaWeb/TodayRaceInfo/Odds3LenFuku?k_babaCode=20&k_raceDate=2026%2F10%2F08&k_raceNo=5
2026-10-08 16:30:00,16:30,2026-10-08,oi,5,10,三連複,4-9-13,5298.7,5298.7,280,https://www.keiba.go.jp/KeibaWeb/TodayRaceInfo/Odds3LenFuku?k_babaCode=20&k_raceDate=2026%2F10%2F08&k_raceNo=5
2026-10-08 16:30:00,16:30,2026-10-08,oi,5,10,三連複,7-9-12,5298.7,5298.7,280,https://www.keiba.go.jp/KeibaWeb/TodayRaceInfo/Odds3LenFuku?k_babaCode=20&k_raceDate=2026%2F10%2F08&k_raceNo=5
2026-10-08 16:30:00,16:30,2026-10-08,oi,5,10,三連複,8-12-13,5298.7,5298.7,280,https://www.keiba.go.jp/KeibaWeb/TodayRaceInfo/Odds3LenFuku?k_babaCode=20&k_raceDate=2026%2F10%2F08&k_raceNo=5
2026-10-08 16:30:00,16:30,2026-10-08,oi,5,10,三連複,9-10-14,5298.7,5298.7,280,https://www.keiba.go.jp/KeibaWeb/TodayRaceInfo/Odds3LenFuku?k_babaCode=20&k_raceDate=2026%2F10%2F08&k_raceNo=5
2026-10-08 16:30:00,16:30,2026-10-08,oi,5,10,三連複,1-4-13,6055.7,6055.7,296,https://www.keiba.go.jp/KeibaWeb/TodayRaceInfo/Odds3LenFuku?k_babaCode=20&k_raceDate=2026%2F10%2F08&k_raceNo=5
2026-10-08 16:30:00,16:30,2026-10-08,oi,5,10,三連複,1-6-13,6055.7,6055.7,296,https://www.keiba.go.jp/KeibaWeb/TodayRaceInfo/Odds3LenFuku?k_babaCode=20&k_raceDate=2026%2F10%2F08&k_raceNo=5
2026-10-08 16:30:00,16:30,2026-10-08,oi,5,10,三連複,1-6-14,6055.7,6055.7,296,https://www.keiba.go.jp/KeibaWeb/TodayRaceInfo/Odds3LenFuku?k_babaCode=20&k_raceDate=2026%2F10%2F08&k_raceNo=5
2026-10-08 16:30:00,16:30,2026-10-08,oi,5,10,三連複,1-7-12,6055.7,6055.7,296,https://www.keiba.go.jp/KeibaWeb/TodayRaceInfo/Odds3LenFuku?k_babaCode=20&k_raceDate=2026%2F10%2F08&k_raceNo=5
2026-10-08 16:30:00,16:30,2026-10-08,oi,5,10,三連複,3-9-13,6055.7,6055.7,296,https://www.keiba.go.jp/KeibaWeb/TodayRaceInfo/Odds3LenFuku?k_babaCode=20&k_raceDate=2026%2F10%2F08&k_raceNo=5
2026-10-08 16:30:00,16:30,2026-10-08,oi,5,10,三連複,5-7-11,6055.7,6055.7,296,https://www.keiba.go.jp/KeibaWeb/TodayRaceInfo/Odds3LenFuku?k_babaCode=20&k_raceDate=2026%2F10%2F08&k_raceNo=5
2026-10-08 16:30:00,16:30,2026-10-08,oi,5,10,三連複,5-9-13,6055.7,6055.7,296,https://www.keiba.go.jp/KeibaWeb/TodayRaceInfo/Odds3LenFuku?k_babaCode=20&k_raceDate=2026%2F10%2F08&k_raceNo=5
2026-10-08 16:30:00,16:30,2026-10-08,oi,5,10,三連複,6-7-13,6055.7,6055.7,296,https://www.keiba.go.jp/KeibaWeb/TodayRaceInfo/Odds3LenFuku?k_babaCode=20&k_raceDate=2026%2F10%2F08&k_raceNo=5
2026-10-08 16:30:00,16:30,2026-10-08,oi,5,10,三連複,6-9-12,6055.7,6055.7,296,https://www.keiba.go.jp/KeibaWeb/TodayRaceInfo/Odds3LenFuku?k_babaCode=20&k_raceDate=2026%2F10%2F08&k_raceNo=5
2026-10-08 16:30:00,16:30,2026-10-08,oi,5,10,三連複,6-9-13,6055.7,6055.7,296,https://www.keiba.go.jp/KeibaWeb/TodayRaceInfo/Odds3LenFuku?k_babaCode=20&k_raceDate=2026%2F10%2F08&k_raceNo=5
2026-10-08 16:30:00,16:30,2026-10-08,oi,5,10,三連複,7-8-13,6055.7,6055.7,296,https://www.keiba.go.jp/KeibaWeb/TodayRaceInfo/Odds3LenFuku?k_babaCode=20&k_raceDate=2026%2F10%2F08&k_raceNo=5
2026-10-08 16:30:00,16:30,2026-10-08,oi,5,10,三連複,7-10-13,6055.7,6055.7,296,https://www.keiba.go.jp/KeibaWeb/TodayRaceInfo/Odds3LenFuku?k_babaCode=20&k_raceDate=2026%2F10%2F08&k_raceNo=5
2026-10-08 16:30:00,16:30,2026-10-08,oi,5,10,三連複,7-11-12,6055.7,6055.7,296,https://www.keiba.go.jp/KeibaWeb/TodayRaceInfo/Odds3LenFuku?k_babaCode=20&k_raceDate=2026%2F10%2F08&k_raceNo=5
2026-10-08 16:30:00,16:30,2026-10-08,oi,5,10,三連複,8-13-14,6055.7,6055.7,296,https://www.keiba.go.jp/KeibaWeb/TodayRaceInfo/Odds3LenFuku?k_babaCode=20&k_raceDate=2026%2F10%2F08&k_raceNo=5
2026-10-08 16:30:00,16:30,2026-10-08,oi,5,10,三連複,9-11-12,6055.7,6055.7,296,https://www.keiba.go.jp/KeibaWeb/TodayRaceInfo/Odds3LenFuku?k_babaCode=20&k_raceDate=2026%2F10%2F08&k_raceNo=5
2026-10-08 16:30:00,16:30,2026-10-08,oi,5,10,三連複,9-11-13,6055.7,6055.7,296,https://www.keiba.go.jp/KeibaWeb/TodayRaceInfo/Odds3LenFuku?k_babaCode=20&k_raceDate=2026%2F10%2F08&k_raceNo=5
2026-10-08 16:30:00,16:30,2026-10-08,oi,5,10,三連複,1-2-12,7065.0,7065.0,312,https://www.keiba.go.jp/KeibaWeb/TodayRaceInfo/Odds3LenFuku?k_babaCode=20&k_raceDate=2026%2F10%2F08&k_raceNo=5
2026-10-08 16:30:00,16:30,2026-10-08,oi,5,10,三連複,1-5-12,7065.0,7065.0,312,https://www.keiba.go.jp/KeibaWeb/TodayRaceInfo/Odds3LenFuku?k_babaCode=20&k_raceDate=2026%2F10%2F08&k_raceNo=5
2026-10-08 16:30:00,16:30,2026-10-08,oi,5,10,三連複,1-7-13,7065.0,7065.0,312,https://www.keiba.go.jp/KeibaWeb/TodayRaceInfo/Odds3LenFuku?k_babaCode=20&k_raceDate=2026%2F10%2F08&k_raceNo=5
2026-10-08 16:30:00,16:30,2026-10-08,oi,5,10,三連複,1-10-13,7065.0,7065.0,312,https://www.keiba.go.jp/KeibaWeb/TodayRaceInfo/Odds3LenFuku?k_babaCode=20&k_raceDate=2026%2F10%2F08&k_raceNo=5
2026-10-08 16:30:00,16:30,2026-10-08,oi,5,10,三連複,1-11-14,7065.0,7065.0,312,https://www.keiba.go.jp/KeibaWeb/TodayRaceInfo/Odds3LenFuku?k_babaCode=20&k_raceDate=2026%2F10%2F08&k_raceNo=5
2026-10-08 16:30:00,16:30,2026-10-08,oi,5,10,三連複,2-10-13,7065.0,7065.0,312,https://www.keiba.go.jp/KeibaWeb/TodayRaceInfo/Odds3LenFuku?k_babaCode=20&k_raceDate=2026%2F10%2F08&k_raceNo=5
2026-10-08 16:30:00,16:30,2026-10-08,oi,5,10,三連複,2-10-14,7065.0,7065.0,312,https://www.keiba.go.jp/KeibaWeb/TodayRaceInfo/Odds3LenFuku?k_babaCode=20&k_raceDate=2026%2F10%2F08&k_raceNo=5
2026-10-08 16:30:00,16:30,2026-10-08,oi,5,10,三連複,2-12-13,7065.0,7065.0,312,https://www.keiba.go.jp/KeibaWeb/TodayRaceInfo/Odds3LenFuku?k_babaCode=20&k_raceDate=2026%2F10%2F08&k_raceNo=5
2026-10-08 16:30:00,16:30,2026-10-08,oi,5,10,三連複,4-9-14,7065.0,7065.0,312,https://www.keiba.go.jp/KeibaWeb/TodayRaceInfo/Odds3LenFuku?k_babaCode=20&k_raceDate=2026%2F10%2F08&k_raceNo=5
2026-10-08 16:30:00,16:30,2026-10-08,oi,5,10,三連複,4-12-13,7065.0,7065.0,312,https://www.keiba.go.jp/KeibaWeb/TodayRaceInfo/Odds3LenFuku?k_babaCode=20&k_raceDate=2026%2F10%2F08&k_raceNo=5
2026-10-08 16:30:00,16:30,2026-10-08,oi,5,10,三連複,5-7-12,7065.0,7065.0,312,https://www.keiba.go.jp/KeibaWeb/TodayRaceInfo/Odds3LenFuku?k_babaCode=20&k_raceDate=2026%2F10%2F08&k_raceNo=5
2026-10-08 16:30:00,16:30,2026-10-08,oi,5,10,三連複,6-9-14,7065.0,7065.0,312,https://www.keiba.go.jp/KeibaWeb/TodayRaceInfo/Odds3LenFuku?k_babaCode=20&k_raceDate=2026%2F10%2F08&k_raceNo=5
2026-10-08 16:30:00,16:30,2026-10-08,oi,5,10,三連複,7-9-11,7065.0,7065.0,312,https://www.keiba.go.jp/KeibaWeb/TodayRaceInfo/Odds3LenFuku?k_babaCode=20&k_raceDate=2026%2F10%2F08&k_raceNo=5
2026-10-08 16:30:00,16:30,2026-10-08,oi,5,10,三連複,7-9-13,7065.0,7065.0,312,https://www.keiba.go.jp/KeibaWeb/TodayRaceInfo/Odds3LenFuku?k_babaCode=20&k_raceDate=2026%2F10%2F08&k_raceNo=5
2026-10-08 16:30:00,16:30,2026-10-08,oi,5,10,三連複,8-9-13,7065.0,7065.0,312,https://www.keiba.go.jp/KeibaWeb/TodayRaceInfo/Odds3LenFuku?k_babaCode=20&k_raceDate=2026%2F10%2F08&k_raceNo=5
2026-10-08 16:30:00,16:30,2026-10-08,oi,5,10,三連複,9-10-12,7065.0,7065.0,312,https://www.keiba.go.jp/KeibaWeb/TodayRaceInfo/Odds3LenFuku?k_babaCode=20&k_raceDate=2026%2F10%2F08&k_raceNo=5
2026-10-08 16:30:00,16:30,2026-10-08,oi,5,10,三連複,9-11-14,7065.0,7065.0,312,https://www.keiba.go.jp/KeibaWeb/TodayRaceInfo/Odds3LenFuku?k_babaCode=20&k_raceDate=2026%2F10%2F08&k_raceNo=5
2026-10-08 16:30:00,16:30,2026-10-08,oi,5,10,三連複,9-13-14,7065.0,7065.0,312,https://www.keiba.go.jp/KeibaWeb/TodayRaceInfo/Odds3LenFuku?k_babaCode=20&k_raceDate=2026%2F10%2F08&k_raceNo=5
2026-10-08 16:30:00,16:30,2026-10-08,oi,5,10,三連複,1-5-13,8478.0,8478.0,330,https://www.keiba.go.jp/KeibaWeb/TodayRaceInfo/Odds3LenFuku?k_babaCode=20&k_raceDate=2026%2F10%2F08&k_raceNo=5
2026-10-08 16:30:00,16:30,2026-10-08,oi,5,10,三連複,1-5-14,8478.0,8478.0,330,https://www.keiba.go.jp/KeibaWeb/TodayRaceInfo/Odds3LenFuku?k_babaCode=20&k_raceDate=2026%2F10%2F08&k_raceNo=5
2026-10-08 16:30:00,16:30,2026-10-08,oi,5,10,三連複,1-7-14,8478.0,8478.0,330,https://www.keiba.go.jp/KeibaWeb/TodayRaceInfo/Odds3LenFuku?k_babaCode=20&k_raceDate=2026%2F10%2F08&k_raceNo=5
2026-10-08 16:30:00,16:30,2026-10-08,oi,5,10,三連複,1-9-14,8478.0,8478.0,330,https://www.keiba.go.jp/KeibaWeb/TodayRaceInfo/Odds3LenFuku?k_babaCode=20&k_raceDate=2026%2F10%2F08&k_raceNo=5
2026-10-08 16:30:00,16:30,2026-10-08,oi,5,10,三連複,4-7-13,8478.0,8478.0,330,https://www.keiba.go.jp/KeibaWeb/TodayRaceInfo/Odds3LenFuku?k_babaCode=20&k_raceDate=2026%2F10%2F08&k_raceNo=5
2026-10-08 16:30:00,16:30,2026-10-08,oi,5,10,三連複,5-9-14,8478.0,8478.0,330,https://www.keiba.go.jp/KeibaWeb/TodayRaceInfo/Odds3LenFuku?k_babaCode=20&k_raceDate=2026%2F10%2F08&k_raceNo=5
2026-10-08 16:30:00,16:30,2026-10-08,oi,5,10,三連複,5-13-14,8478.0,8478.0,330,https://www.keiba.go.jp/KeibaWeb/TodayRaceInfo/Odds3LenFuku?k_babaCode=20&k_raceDate=2026%2F10%2F08&k_raceNo=5
2026-10-08 16:30:00,16:30,2026-10-08,oi,5,10,三連複,7-10-12,8478.0,8478.0,330,https://www.keiba.go.jp/KeibaWeb/TodayRaceInfo/Odds3LenFuku?k_babaCode=20&k_raceDate=2026%2F10%2F08&k_raceNo=5
2026-10-08 16:30:00,16:30,2026-10-08,oi,5,10,三連複,1-13-14,10597.5,10597.5,338,https://www.keiba.go.jp/KeibaWeb/TodayRaceInfo/Odds3LenFuku?k_babaCode=20&k_raceDate=2026%2F10%2F08&k_raceNo=5
2026-10-08 16:30:00,16:30,2026-10-08,oi,5,10,三連複,2-12-14,10597.5,10597.5,338,https://www.keiba.go.jp/KeibaWeb/TodayRaceInfo/Odds3LenFuku?k_babaCode=20&k_raceDate=2026%2F10%2F08&k_raceNo=5
2026-10-08 16:30:00,16:30,2026-10-08,oi,5,10,三連複,5-9-12,10597.5,10597.5,338,https://www.keiba.go.jp/KeibaWeb/TodayRaceInfo/Odds3LenFuku?k_babaCode=20&k_raceDate=2026%2F10%2F08&k_raceNo=5
2026-10-08 16:30:00,16:30,2026-10-08,oi,5,10,三連複,7-11-13,10597.5,10597.5,338,https://www.keiba.go.jp/KeibaWeb/TodayRaceInfo/Odds3LenFuku?k_babaCode=20&k_raceDate=2026%2F10%2F08&k_raceNo=5
2026-10-08 16:30:00,16:30,2026-10-08,oi,5,10,三連複,7-12-14,10597.5,10597.5,338,https://www.keiba.go.jp/KeibaWeb/TodayRaceInfo/Odds3LenFuku?k_babaCode=20&k_raceDate=2026%2F10%2F08&k_raceNo=5
2026-10-08 16:30:00,16:30,2026-10-08,oi,5,10,三連複,10-12-13,10597.5,10597.5,338,https://www.keiba.go.jp/KeibaWeb/TodayRaceInfo/Odds3LenFuku?k_babaCode=20&k_raceDate=2026%2F10%2F08&k_raceNo=5
2026-10-08 16:30:00,16:30,2026-10-08,oi,5,10,三連複,10-13-14,10597.5,10597.5,338,https://www.keiba.go.jp/KeibaWeb/TodayRaceInfo/Odds3LenFuku?k_babaCode=20&k_raceDate=2026%2F10%2F08&k_raceNo=5
2026-10-08 16:30:00,16:30,2026-10-08,oi,5,10,三連複,1-9-13,14130.0,14130.0,345,https://www.keiba.go.jp/KeibaWeb/TodayRaceInfo/Odds3LenFuku?k_babaCode=20&k_raceDate=2026%2F10%2F08&k_raceNo=5
2026-10-08 16:30:00,16:30,2026-10-08,oi,5,10,三連複,2-7-13,14130.0,14130.0,345,https://www.keiba.go.jp/KeibaWeb/TodayRaceInfo/Odds3LenFuku?k_babaCode=20&k_raceDate=2026%2F10%2F08&k_raceNo=5
2026-10-08 16:30:00,16:30,2026-10-08,oi,5,10,三連複,2-7-14,14130.0,14130.0,345,https://www.keiba.go.jp/KeibaWeb/TodayRaceInfo/Odds3LenFuku?k_babaCode=20&k_raceDate=2026%2F10%2F08&k_raceNo=5
2026-10-08 16:30:00,16:30,2026-10-08,oi,5,10,三連複,2-9-14,14130.0,14130.0,345,https://www.keiba.go.jp/KeibaWeb/TodayRaceInfo/Odds3LenFuku?k_babaCode=20&k_raceDate=2026%2F10%2F08&k_raceNo=5
2026-10-08 16:30:00,16:30,2026-10-08,oi,5,10,三連複,2-13-14,14130.0,14130.0,345,https://www.keiba.go.jp/KeibaWeb/TodayRaceInfo/Odds3LenFuku?k_babaCode=20&k_raceDate=2026%2F10%2F08&k_raceNo=5
2026-10-08 16:30:00,16:30,2026-10-08,oi,5,10,三連複,4-13-14,14130.0,14130.0,345,https://www.keiba.go.jp/KeibaWeb/TodayRaceInfo/Odds3LenFuku?k_babaCode=20&k_raceDate=2026%2F10%2F08&k_raceNo=5
2026-10-08 16:30:00,16:30,2026-10-08,oi,5,10,三連複,5-7-14,14130.0,14130.0,345,https://www.keiba.go.jp/KeibaWeb/TodayRaceInfo/Odds3LenFuku?k_babaCode=20&k_raceDate=2026%2F10%2F08&k_raceNo=5
2026-10-08 16:30:00,16:30,2026-10-08,oi,5,10,三連複,7-12-13,14130.0,14130.0,345,https://www.keiba.go.jp/KeibaWeb/TodayRaceInfo/Odds3LenFuku?k_babaCode=20&k_raceDate=2026%2F10%2F08&k_raceNo=5
2026-10-08 16:30:00,16:30,2026-10-08,oi,5,10,三連複,7-13-14,14130.0,14130.0,345,https://www.keiba.go.jp/KeibaWeb/TodayRaceInfo/Odds3LenFuku?k_babaCode=20&k_raceDate=2026%2F10%2F08&k_raceNo=5
2026-10-08 16:30:00,16:30,2026-10-08,oi,5,10,三連複,9-12-13,14130.0,14130.0,345,https://www.keiba.go.jp/KeibaWeb/TodayRaceInfo/Odds3LenFuku?k_babaCode=20&k_raceDate=2026%2F10%2F08&k_raceNo=5
2026-10-08 16:30:00,16:30,2026-10-08,oi,5,10,三連複,10-12-14,14130.0,14130.0,345,https://www.keiba.go.jp/KeibaWeb/TodayRaceInfo/Odds3LenFuku?k_babaCode=20&k_raceDate=2026%2F10%2F08&k_raceNo=5
2026-10-08 16:30:00,16:30,2026-10-08,oi,5,10,三連複,1-2-14,21195.0,21195.0,356,https://www.keiba.go.jp/KeibaWeb/TodayRaceInfo/Odds3LenFuku?k_babaCode=20&k_raceDate=2026%2F10%2F08&k_raceNo=5
2026-10-08 16:30:00,16:30,2026-10-08,oi,5,10,三連複,1-9-12,21195.0,21195.0,356,https://www.keiba.go.jp/KeibaWeb/TodayRaceInfo/Odds3LenFuku?k_babaCode=20&k_raceDate=2026%2F10%2F08&k_raceNo=5
2026-10-08 16:30:00,16:30,2026-10-08,oi,5,10,三連複,2-9-13,21195.0,21195.0,356,https://www.keiba.go.jp/KeibaWeb/TodayRaceInfo/Odds3LenFuku?k_babaCode=20&k_raceDate=2026%2F10%2F08&k_raceNo=5
2026-10-08 16:30:00,16:30,2026-10-08,oi,5,10,三連複,1-12-13,42390.0,42390.0,359,https://www.keiba.go.jp/KeibaWeb/TodayRaceInfo/Odds3LenFuku?k_babaCode=20&k_raceDate=2026%2F10%2F08&k_raceNo=5
2026-10-08 16:30:00,16:30,2026-10-08,oi,5,10,三連複,2-5-13,42390.0,42390.0,359,https://www.keiba.go.jp/KeibaWeb/TodayRaceInfo/Odds3LenFuku?k_babaCode=20&k_raceDate=2026%2F10%2F08&k_raceNo=5
2026-10-08 16:30:00,16:30,2026-10-08,oi,5,10,三連複,2-5-14,42390.0,42390.0,359,https://www.keiba.go.jp/KeibaWeb/TodayRaceInfo/Odds3LenFuku?k_babaCode=20&k_raceDate=2026%2F10%2F08&k_raceNo=5
2026-10-08 16:30:00,16:30,2026-10-08,oi,5,10,三連複,5-12-13,42390.0,42390.0,359,https://www.keiba.go.jp/KeibaWeb/TodayRaceInfo/Odds3LenFuku?k_babaCode=20&k_raceDate=2026%2F10%2F08&k_raceNo=5
2026-10-08 16:30:00,16:30,2026-10-08,oi,5,10,三連複,5-12-14,42390.0,42390.0,359,https://www.keiba.go.jp/KeibaWeb/TodayRaceInfo/Odds3LenFuku?k_babaCode=20&k_raceDate=2026%2F10%2F08&k_raceNo=5
2026-10-08 16:30:00,16:30,2026-10-08,oi,5,10,三連複,1-12-14,0.0,0.0,364,https://www.keiba.go.jp/KeibaWeb/TodayRaceInfo/Odds3LenFuku?k_babaCode=20&k_raceDate=2026%2F10%2F08&k_raceNo=5
