captured_at,source_time,race_date,track,race_no,minutes_before,bet_type,combination,odds_low,odds_high,popularity,source_url
2026-10-08 17:02:00,17:01,2026-10-08,oi,6,10,単勝,1,18.4,18.4,7,https://www.keiba.go.jp/KeibaWeb/TodayRaceInfo/OddsTanFuku?k_babaCode=20&k_raceDate=2026%2F10%2F08&k_raceNo=6
2026-10-08 17:02:00,17:01,2026-10-08,oi,6,10,単勝,2,51.1,51.1,8,https://www.keiba.go.jp/KeibaWeb/TodayRaceInfo/OddsTanFuku?k_babaCode=20&k_raceDate=2026%2F10%2F08&k_raceNo=6
2026-10-08 17:02:00,17:01,2026-10-08,oi,6,10,単勝,3,7.7,7.7,3,https://www.keiba.go.jp/KeibaWeb/TodayRaceInfo/OddsTanFuku?k_babaCode=20&k_raceDate=2026%2F10%2F08&k_raceNo=6
2026-10-08 17:02:00,17:01,2026-10-08,oi,6,10,単勝,4,75.3,75.3,11,https://www.keiba.go.jp/KeibaWeb/TodayRaceInfo/OddsTanFuku?k_babaCode=20&k_raceDate=2026%2F10%2F08&k_raceNo=6
2026-10-08 17:02:00,17:01,2026-10-08,oi,6,10,単勝,5,108.9,108.9,13,https://www.keiba.go.jp/KeibaWeb/TodayRaceInfo/OddsTanFuku?k_babaCode=20&k_raceDate=2026%2F10%2F08&k_raceNo=6
2026-10-08 17:02:00,17:01,2026-10-08,oi,6,10,単勝,6,97.8,97.8,12,https://www.keiba.go.jp/KeibaWeb/TodayRaceInfo/OddsTanFuku?k_babaCode=20&k_raceDate=2026%2F10%2F08&k_raceNo=6
2026-10-08 17:02:00,17:01,2026-10-08,oi,6,10,単勝,7,15.5,15.5,5,https://www.keiba.go.jp/KeibaWeb/TodayRaceInfo/OddsTanFuku?k_babaCode=20&k_raceDate=2026%2F10%2F08&k_raceNo=6
2026-10-08 17:02:00,17:01,2026-10-08,oi,6,10,単勝,8,9.0,9.0,4,https://www.keiba.go.jp/KeibaWeb/TodayRaceInfo/OddsTanFuku?k_babaCode=20&k_raceDate=2026%2F10%2F08&k_raceNo=6
2026-10-08 17:02:00,17:01,2026-10-08,oi,6,10,単勝,9,1.7,1.7,1,https://www.keiba.go.jp/KeibaWeb/TodayRaceInfo/OddsTanFuku?k_babaCode=20&k_raceDate=2026%2F10%2F08&k_raceNo=6
2026-10-08 17:02:00,17:01,2026-10-08,oi,6,10,単勝,10,114.1,114.1,14,https://www.keiba.go.jp/KeibaWeb/TodayRaceInfo/OddsTanFuku?k_babaCode=20&k_raceDate=2026%2F10%2F08&k_raceNo=6
2026-10-08 17:02:00,17:01,2026-10-08,oi,6,10,単勝,11,67.2,67.2,10,https://www.keiba.go.jp/KeibaWeb/TodayRaceInfo/OddsTanFuku?k_babaCode=20&k_raceDate=2026%2F10%2F08&k_raceNo=6
2026-10-08 17:02:00,17:01,2026-10-08,oi,6,10,単勝,12,16.1,16.1,6,https://www.keiba.go.jp/KeibaWeb/TodayRaceInfo/OddsTanFuku?k_babaCode=20&k_raceDate=2026%2F10%2F08&k_raceNo=6
2026-10-08 17:02:00,17:01,2026-10-08,oi,6,10,単勝,13,56.6,56.6,9,https://www.keiba.go.jp/KeibaWeb/TodayRaceInfo/OddsTanFuku?k_babaCode=20&k_raceDate=2026%2F10%2F08&k_raceNo=6
2026-10-08 17:02:00,17:01,2026-10-08,oi,6,10,単勝,14,5.7,5.7,2,https://www.keiba.go.jp/KeibaWeb/TodayRaceInfo/OddsTanFuku?k_babaCode=20&k_raceDate=2026%2F10%2F08&k_raceNo=6
2026-10-08 17:02:00,17:01,2026-10-08,oi,6,10,馬連,9-14,4.1,4.1,1,https://www.keiba.go.jp/KeibaWeb/TodayRaceInfo/OddsUmLenFuku?k_babaCode=20&k_raceDate=2026%2F10%2F08&k_raceNo=6
2026-10-08 17:02:00,17:01,2026-10-08,oi,6,10,馬連,8-9,6.3,6.3,2,https://www.keiba.go.jp/KeibaWeb/TodayRaceInfo/OddsUmLenFuku?k_babaCode=20&k_raceDate=2026%2F10%2F08&k_raceNo=6
2026-10-08 17:02:00,17:01,2026-10-08,oi,6,10,馬連,3-9,6.9,6.9,3,https://www.keiba.go.jp/KeibaWeb/TodayRaceInfo/OddsUmLenFuku?k_babaCode=20&k_raceDate=2026%2F10%2F08&k_raceNo=6
2026-10-08 17:02:00,17:01,2026-10-08,oi,6,10,馬連,9-12,15.0,15.0,4,https://www.keiba.go.jp/KeibaWeb/TodayRaceInfo/OddsUmLenFuku?k_babaCode=20&k_raceDate=2026%2F10%2F08&k_raceNo=6
2026-10-08 17:02:00,17:01,2026-10-08,oi,6,10,馬連,1-9,15.3,15.3,5,https://www.keiba.go.jp/KeibaWeb/TodayRaceInfo/OddsUmLenFuku?k_babaCode=20&k_raceDate=2026%2F10%2F08&k_raceNo=6
2026-10-08 17:02:00,17:01,2026-10-08,oi,6,10,馬連,7-9,16.9,16.9,6,https://www.keiba.go.jp/KeibaWeb/TodayRaceInfo/OddsUmLenFuku?k_babaCode=20&k_raceDate=2026%2F10%2F08&k_raceNo=6
2026-10-08 17:02:00,17:01,2026-10-08,oi,6,10,馬連,8-14,17.5,17.5,7,https://www.keiba.go.jp/KeibaWeb/TodayRaceInfo/OddsUmLenFuku?k_babaCode=20&k_raceDate=2026%2F10%2F08&k_raceNo=6
2026-10-08 17:02:00,17:01,2026-10-08,oi,6,10,馬連,3-14,17.6,17.6,8,https://www.keiba.go.jp/KeibaWeb/TodayRaceInfo/OddsUmLenFuku?k_babaCode=20&k_raceDate=2026%2F10%2F08&k_raceNo=6
2026-10-08 17:02:00,17:01,2026-10-08,oi,6,10,馬連,2-9,28.1,28.1,9,https://www.keiba.go.jp/KeibaWeb/TodayRaceInfo/OddsUmLenFuku?k_babaCode=20&k_raceDate=2026%2F10%2F08&k_raceNo=6
2026-10-08 17:02:00,17:01,2026-10-08,oi,6,10,馬連,3-8,32.9,32.9,10,https://www.keiba.go.jp/KeibaWeb/TodayRaceInfo/OddsUmLenFuku?k_babaCode=20&k_raceDate=2026%2F10%2F08&k_raceNo=6
2026-10-08 17:02:00,17:01,2026-10-08,oi,6,10,馬連,7-14,35.1,35.1,11,https://www.keiba.go.jp/KeibaWeb/TodayRaceInfo/OddsUmLenFuku?k_babaCode=20&k_raceDate=2026%2F10%2F08&k_raceNo=6
2026-10-08 17:02:00,17:01,2026-10-08,oi,6,10,馬連,12-14,40.1,40.1,12,https://www.keiba.go.jp/KeibaWeb/TodayRaceInfo/OddsUmLenFuku?k_babaCode=20&k_raceDate=2026%2F10%2F08&k_raceNo=6
2026-10-08 17:02:00,17:01,2026-10-08,oi,6,10,馬連,4-9,44.6,44.6,13,https://www.keiba.go.jp/KeibaWeb/TodayRaceInfo/OddsUmLenFuku?k_babaCode=20&k_raceDate=2026%2F10%2F08&k_raceNo=6
2026-10-08 17:02:00,17:01,2026-10-08,oi,6,10,馬連,1-14,44.8,44.8,14,https://www.keiba.go.jp/KeibaWeb/TodayRaceInfo/OddsUmLenFuku?k_babaCode=20&k_raceDate=2026%2F10%2F08&k_raceNo=6
2026-10-08 17:02:00,17:01,2026-10-08,oi,6,10,馬連,7-8,52.5,52.5,15,https://www.keiba.go.jp/KeibaWeb/TodayRaceInfo/OddsUmLenFuku?k_babaCode=20&k_raceDate=2026%2F10%2F08&k_raceNo=6
2026-10-08 17:02:00,17:01,2026-10-08,oi,6,10,馬連,2-14,52.9,52.9,16,https://www.keiba.go.jp/KeibaWeb/TodayRaceInfo/OddsUmLenFuku?k_babaCode=20&k_raceDate=2026%2F10%2F08&k_raceNo=6
2026-10-08 17:02:00,17:01,2026-10-08,oi,6,10,馬連,8-12,66.0,66.0,17,https://www.keiba.go.jp/KeibaWeb/TodayRaceInfo/OddsUmLenFuku?k_babaCode=20&k_raceDate=2026%2F10%2F08&k_raceNo=6
2026-10-08 17:02:00,17:01,2026-10-08,oi,6,10,馬連,3-12,70.0,70.0,18,https://www.keiba.go.jp/KeibaWeb/TodayRaceInfo/OddsUmLenFuku?k_babaCode=20&k_raceDate=2026%2F10%2F08&k_raceNo=6
2026-10-08 17:02:00,17:01,2026-10-08,oi,6,10,馬連,9-11,70.8,70.8,19,https://www.keiba.go.jp/KeibaWeb/TodayRaceInfo/OddsUmLenFuku?k_babaCode=20&k_raceDate=2026%2F10%2F08&k_raceNo=6
2026-10-08 17:02:00,17:01,2026-10-08,oi,6,10,馬連,9-13,71.6,71.6,20,https://www.keiba.go.jp/KeibaWeb/TodayRaceInfo/OddsUmLenFuku?k_babaCode=20&k_raceDate=2026%2F10%2F08&k_raceNo=6
2026-10-08 17:02:00,17:01,2026-10-08,oi,6,10,馬連,1-8,84.8,84.8,21,https://www.keiba.go.jp/KeibaWeb/TodayRaceInfo/OddsUmLenFuku?k_babaCode=20&k_raceDate=2026%2F10%2F08&k_raceNo=6
2026-10-08 17:02:00,17:01,2026-10-08,oi,6,10,馬連,3-7,92.9,92.9,22,https://www.keiba.go.jp/KeibaWeb/TodayRaceInfo/OddsUmLenFuku?k_babaCode=20&k_raceDate=2026%2F10%2F08&k_raceNo=6
2026-10-08 17:02:00,17:01,2026-10-08,oi,6,10,馬連,13-14,103.1,103.1,23,https://www.keiba.go.jp/KeibaWeb/TodayRaceInfo/OddsUmLenFuku?k_babaCode=20&k_raceDate=2026%2F10%2F08&k_raceNo=6
2026-10-08 17:02:00,17:01,2026-10-08,oi,6,10,馬連,1-3,106.4,106.4,24,https://www.keiba.go.jp/KeibaWeb/TodayRaceInfo/OddsUmLenFuku?k_babaCode=20&k_raceDate=2026%2F10%2F08&k_raceNo=6
2026-10-08 17:02:00,17:01,2026-10-08,oi,6,10,馬連,2-8,107.0,107.0,25,https://www.keiba.go.jp/KeibaWeb/TodayRaceInfo/OddsUmLenFuku?k_babaCode=20&k_raceDate=2026%2F10%2F08&k_raceNo=6
2026-10-08 17:02:00,17:01,2026-10-08,oi,6,10,馬連,6-9,109.4,109.4,26,https://www.keiba.go.jp/KeibaWeb/TodayRaceInfo/OddsUmLenFuku?k_babaCode=20&k_raceDate=2026%2F10%2F08&k_raceNo=6
2026-10-08 17:02:00,17:01,2026-10-08,oi,6,10,馬連,9-10,110.6,110.6,27,https://www.keiba.go.jp/KeibaWeb/TodayRaceInfo/OddsUmLenFuku?k_babaCode=20&k_raceDate=2026%2F10%2F08&k_raceNo=6
2026-10-08 17:02:00,17:01,2026-10-08,oi,6,10,馬連,7-12,115.8,115.8,28,https://www.keiba.go.jp/KeibaWeb/TodayRaceInfo/OddsUmLenFuku?k_babaCode=20&k_raceDate=2026%2F10%2F08&k_raceNo=6
2026-10-08 17:02:00,17:01,2026-10-08,oi,6,10,馬連,1-7,141.6,141.6,29,https://www.keiba.go.jp/KeibaWeb/TodayRaceInfo/OddsUmLenFuku?k_babaCode=20&k_raceDate=2026%2F10%2F08&k_raceNo=6
2026-10-08 17:02:00,17:01,2026-10-08,oi,6,10,馬連,2-3,155.0,155.0,30,https://www.keiba.go.jp/KeibaWeb/TodayRaceInfo/OddsUmLenFuku?k_babaCode=20&k_raceDate=2026%2F10%2F08&k_raceNo=6
2026-10-08 17:02:00,17:01,2026-10-08,oi,6,10,馬連,4-14,166.9,166.9,31,https://www.keiba.go.jp/KeibaWeb/TodayRaceInfo/OddsUmLenFuku?k_babaCode=20&k_raceDate=2026%2F10%2F08&k_raceNo=6
2026-10-08 17:02:00,17:01,2026-10-08,oi,6,10,馬連,1-12,168.3,168.3,32,https://www.keiba.go.jp/KeibaWeb/TodayRaceInfo/OddsUmLenFuku?k_babaCode=20&k_raceDate=2026%2F10%2F08&k_raceNo=6
2026-10-08 17:02:00,17:01,2026-10-08,oi,6,10,馬連,5-9,174.2,174.2,33,https://www.keiba.go.jp/KeibaWeb/TodayRaceInfo/OddsUmLenFuku?k_babaCode=20&k_raceDate=2026%2F10%2F08&k_raceNo=6
2026-10-08 17:02:00,17:01,2026-10-08,oi,6,10,馬連,3-4,175.8,175.8,34,https://www.keiba.go.jp/KeibaWeb/TodayRaceInfo/OddsUmLenFuku?k_babaCode=20&k_raceDate=2026%2F10%2F08&k_raceNo=6
2026-10-08 17:02:00,17:01,2026-10-08,oi,6,10,馬連,2-12,179.0,179.0,35,https://www.keiba.go.jp/KeibaWeb/TodayRaceInfo/OddsUmLenFuku?k_babaCode=20&k_raceDate=2026%2F10%2F08&k_raceNo=6
2026-10-08 17:02:00,17:01,2026-10-08,oi,6,10,馬連,4-8,189.3,189.3,36,https://www.keiba.go.jp/KeibaWeb/TodayRaceInfo/OddsUmLenFuku?k_babaCode=20&k_raceDate=2026%2F10%2F08&k_raceNo=6
2026-10-08 17:02:00,17:01,2026-10-08,oi,6,10,馬連,2-7,195.0,195.0,37,https://www.keiba.go.jp/KeibaWeb/TodayRaceInfo/OddsUmLenFuku?k_babaCode=20&k_raceDate=2026%2F10%2F08&k_raceNo=6
2026-10-08 17:02:00,17:01,2026-10-08,oi,6,10,馬連,5-14,203.0,203.0,38,https://www.keiba.go.jp/KeibaWeb/TodayRaceInfo/OddsUmLenFuku?k_babaCode=20&k_raceDate=2026%2F10%2F08&k_raceNo=6
2026-10-08 17:02:00,17:01,2026-10-08,oi,6,10,馬連,1-2,226.3,226.3,39,https://www.keiba.go.jp/KeibaWeb/TodayRaceInfo/OddsUmLenFuku?k_babaCode=20&k_raceDate=2026%2F10%2F08&k_raceNo=6
2026-10-08 17:02:00,17:01,2026-10-08,oi,6,10,馬連,11-14,237.2,237.2,40,https://www.keiba.go.jp/KeibaWeb/TodayRaceInfo/OddsUmLenFuku?k_babaCode=20&k_raceDate=2026%2F10%2F08&k_raceNo=6
2026-10-08 17:02:00,17:01,2026-10-08,oi,6,10,馬連,1-4,262.6,262.6,41,https://www.keiba.go.jp/KeibaWeb/TodayRaceInfo/OddsUmLenFuku?k_babaCode=20&k_raceDate=2026%2F10%2F08&k_raceNo=6
2026-10-08 17:02:00,17:01,2026-10-08,oi,6,10,馬連,6-8,269.7,269.7,42,https://www.keiba.go.jp/KeibaWeb/TodayRaceInfo/OddsUmLenFuku?k_babaCode=20&k_raceDate=2026%2F10%2F08&k_raceNo=6
2026-10-08 17:02:00,17:01,2026-10-08,oi,6,10,馬連,3-13,285.4,285.4,43,https://www.keiba.go.jp/KeibaWeb/TodayRaceInfo/OddsUmLenFuku?k_babaCode=20&k_raceDate=2026%2F10%2F08&k_raceNo=6
2026-10-08 17:02:00,17:01,2026-10-08,oi,6,10,馬連,8-13,285.4,285.4,43,https://www.keiba.go.jp/KeibaWeb/TodayRaceInfo/OddsUmLenFuku?k_babaCode=20&k_raceDate=2026%2F10%2F08&k_raceNo=6
2026-10-08 17:02:00,17:01,2026-10-08,oi,6,10,馬連,4-7,289.6,289.6,45,https://www.keiba.go.jp/KeibaWeb/TodayRaceInfo/OddsUmLenFuku?k_babaCode=20&k_raceDate=2026%2F10%2F08&k_raceNo=6
2026-10-08 17:02:00,17:01,2026-10-08,oi,6,10,馬連,6-14,289.6,289.6,45,https://www.keiba.go.jp/KeibaWeb/TodayRaceInfo/OddsUmLenFuku?k_babaCode=20&k_raceDate=2026%2F10%2F08&k_raceNo=6
2026-10-08 17:02:00,17:01,2026-10-08,oi,6,10,馬連,7-11,312.6,312.6,47,https://www.keiba.go.jp/KeibaWeb/TodayRaceInfo/OddsUmLenFuku?k_babaCode=20&k_raceDate=2026%2F10%2F08&k_raceNo=6
2026-10-08 17:02:00,17:01,2026-10-08,oi,6,10,馬連,4-12,328.2,328.2,48,https://www.keiba.go.jp/KeibaWeb/TodayRaceInfo/OddsUmLenFuku?k_babaCode=20&k_raceDate=2026%2F10%2F08&k_raceNo=6
2026-10-08 17:02:00,17:01,2026-10-08,oi,6,10,馬連,3-6,333.8,333.8,49,https://www.keiba.go.jp/KeibaWeb/TodayRaceInfo/OddsUmLenFuku?k_babaCode=20&k_raceDate=2026%2F10%2F08&k_raceNo=6
2026-10-08 17:02:00,17:01,2026-10-08,oi,6,10,馬連,8-11,345.5,345.5,50,https://www.keiba.go.jp/KeibaWeb/TodayRaceInfo/OddsUmLenFuku?k_babaCode=20&k_raceDate=2026%2F10%2F08&k_raceNo=6
2026-10-08 17:02:00,17:01,2026-10-08,oi,6,10,馬連,3-11,393.9,393.9,51,https://www.keiba.go.jp/KeibaWeb/TodayRaceInfo/OddsUmLenFuku?k_babaCode=20&k_raceDate=2026%2F10%2F08&k_raceNo=6
2026-10-08 17:02:00,17:01,2026-10-08,oi,6,10,馬連,6-7,393.9,393.9,51,https://www.keiba.go.jp/KeibaWeb/TodayRaceInfo/OddsUmLenFuku?k_babaCode=20&k_raceDate=2026%2F10%2F08&k_raceNo=6
2026-10-08 17:02:00,17:01,2026-10-08,oi,6,10,馬連,10-14,401.9,401.9,53,https://www.keiba.go.jp/KeibaWeb/TodayRaceInfo/OddsUmLenFuku?k_babaCode=20&k_raceDate=2026%2F10%2F08&k_raceNo=6
2026-10-08 17:02:00,17:01,2026-10-08,oi,6,10,馬連,2-4,428.1,428.1,54,https://www.keiba.go.jp/KeibaWeb/TodayRaceInfo/OddsUmLenFuku?k_babaCode=20&k_raceDate=2026%2F10%2F08&k_raceNo=6
2026-10-08 17:02:00,17:01,2026-10-08,oi,6,10,馬連,3-5,468.9,468.9,55,https://www.keiba.go.jp/KeibaWeb/TodayRaceInfo/OddsUmLenFuku?k_babaCode=20&k_raceDate=2026%2F10%2F08&k_raceNo=6
2026-10-08 17:02:00,17:01,2026-10-08,oi,6,10,馬連,4-6,505.0,505.0,56,https://www.keiba.go.jp/KeibaWeb/TodayRaceInfo/OddsUmLenFuku?k_babaCode=20&k_raceDate=2026%2F10%2F08&k_raceNo=6
2026-10-08 17:02:00,17:01,2026-10-08,oi,6,10,馬連,12-13,532.2,532.2,57,https://www.keiba.go.jp/KeibaWeb/TodayRaceInfo/OddsUmLenFuku?k_babaCode=20&k_raceDate=2026%2F10%2F08&k_raceNo=6
2026-10-08 17:02:00,17:01,2026-10-08,oi,6,10,馬連,8-10,547.0,547.0,58,https://www.keiba.go.jp/KeibaWeb/TodayRaceInfo/OddsUmLenFuku?k_babaCode=20&k_raceDate=2026%2F10%2F08&k_raceNo=6
2026-10-08 17:02:00,17:01,2026-10-08,oi,6,10,馬連,3-10,615.4,615.4,59,https://www.keiba.go.jp/KeibaWeb/TodayRaceInfo/OddsUmLenFuku?k_babaCode=20&k_raceDate=2026%2F10%2F08&k_raceNo=6
2026-10-08 17:02:00,17:01,2026-10-08,oi,6,10,馬連,4-5,679.1,679.1,60,https://www.keiba.go.jp/KeibaWeb/TodayRaceInfo/OddsUmLenFuku?k_babaCode=20&k_raceDate=2026%2F10%2F08&k_raceNo=6
2026-10-08 17:02:00,17:01,2026-10-08,oi,6,10,馬連,6-11,703.3,703.3,61,https://www.keiba.go.jp/KeibaWeb/TodayRaceInfo/OddsUmLenFuku?k_babaCode=20&k_raceDate=2026%2F10%2F08&k_raceNo=6
2026-10-08 17:02:00,17:01,2026-10-08,oi,6,10,馬連,7-10,703.3,703.3,61,https://www.keiba.go.jp/KeibaWeb/TodayRaceInfo/OddsUmLenFuku?k_babaCode=20&k_raceDate=2026%2F10%2F08&k_raceNo=6
2026-10-08 17:02:00,17:01,2026-10-08,oi,6,10,馬連,1-6,729.4,729.4,63,https://www.keiba.go.jp/KeibaWeb/TodayRaceInfo/OddsUmLenFuku?k_babaCode=20&k_raceDate=2026%2F10%2F08&k_raceNo=6
2026-10-08 17:02:00,17:01,2026-10-08,oi,6,10,馬連,6-12,729.4,729.4,63,https://www.keiba.go.jp/KeibaWeb/TodayRaceInfo/OddsUmLenFuku?k_babaCode=20&k_raceDate=2026%2F10%2F08&k_raceNo=6
2026-10-08 17:02:00,17:01,2026-10-08,oi,6,10,馬連,1-11,757.5,757.5,65,https://www.keiba.go.jp/KeibaWeb/TodayRaceInfo/OddsUmLenFuku?k_babaCode=20&k_raceDate=2026%2F10%2F08&k_raceNo=6
2026-10-08 17:02:00,17:01,2026-10-08,oi,6,10,馬連,2-10,757.5,757.5,65,https://www.keiba.go.jp/KeibaWeb/TodayRaceInfo/OddsUmLenFuku?k_babaCode=20&k_raceDate=2026%2F10%2F08&k_raceNo=6
2026-10-08 17:02:00,17:01,2026-10-08,oi,6,10,馬連,7-13,757.5,757.5,65,https://www.keiba.go.jp/KeibaWeb/TodayRaceInfo/OddsUmLenFuku?k_babaCode=20&k_raceDate=2026%2F10%2F08&k_raceNo=6
2026-10-08 17:02:00,17:01,2026-10-08,oi,6,10,馬連,11-12,757.5,757.5,65,https://www.keiba.go.jp/KeibaWeb/TodayRaceInfo/OddsUmLenFuku?k_babaCode=20&k_raceDate=2026%2F10%2F08&k_raceNo=6
2026-10-08 17:02:00,17:01,2026-10-08,oi,6,10,馬連,2-13,787.8,787.8,69,https://www.keiba.go.jp/KeibaWeb/TodayRaceInfo/OddsUmLenFuku?k_babaCode=20&k_raceDate=2026%2F10%2F08&k_raceNo=6
2026-10-08 17:02:00,17:01,2026-10-08,oi,6,10,馬連,5-8,787.8,787.8,69,https://www.keiba.go.jp/KeibaWeb/TodayRaceInfo/OddsUmLenFuku?k_babaCode=20&k_raceDate=2026%2F10%2F08&k_raceNo=6
2026-10-08 17:02:00,17:01,2026-10-08,oi,6,10,馬連,4-10,820.6,820.6,71,https://www.keiba.go.jp/KeibaWeb/TodayRaceInfo/OddsUmLenFuku?k_babaCode=20&k_raceDate=2026%2F10%2F08&k_raceNo=6
2026-10-08 17:02:00,17:01,2026-10-08,oi,6,10,馬連,2-6,895.2,895.2,72,https://www.keiba.go.jp/KeibaWeb/TodayRaceInfo/OddsUmLenFuku?k_babaCode=20&k_raceDate=2026%2F10%2F08&k_raceNo=6
2026-10-08 17:02:00,17:01,2026-10-08,oi,6,10,馬連,2-11,895.2,895.2,72,https://www.keiba.go.jp/KeibaWeb/TodayRaceInfo/OddsUmLenFuku?k_babaCode=20&k_raceDate=2026%2F10%2F08&k_raceNo=6
2026-10-08 17:02:00,17:01,2026-10-08,oi,6,10,馬連,6-10,984.7,984.7,74,https://www.keiba.go.jp/KeibaWeb/TodayRaceInfo/OddsUmLenFuku?k_babaCode=20&k_raceDate=2026%2F10%2F08&k_raceNo=6
2026-10-08 17:02:00,17:01,2026-10-08,oi,6,10,馬連,4-11,1036.5,1036.5,75,https://www.keiba.go.jp/KeibaWeb/TodayRaceInfo/OddsUmLenFuku?k_babaCode=20&k_raceDate=2026%2F10%2F08&k_raceNo=6
2026-10-08 17:02:00,17:01,2026-10-08,oi,6,10,馬連,1-13,1094.1,1094.1,76,https://www.keiba.go.jp/KeibaWeb/TodayRaceInfo/OddsUmLenFuku?k_babaCode=20&k_raceDate=2026%2F10%2F08&k_raceNo=6
2026-10-08 17:02:00,17:01,2026-10-08,oi,6,10,馬連,5-7,1094.1,1094.1,76,https://www.keiba.go.jp/KeibaWeb/TodayRaceInfo/OddsUmLenFuku?k_babaCode=20&k_raceDate=2026%2F10%2F08&k_raceNo=6
2026-10-08 17:02:00,17:01,2026-10-08,oi,6,10,馬連,10-12,1094.1,1094.1,76,https://www.keiba.go.jp/KeibaWeb/TodayRaceInfo/OddsUmLenFuku?k_babaCode=20&k_raceDate=2026%2F10%2F08&k_raceNo=6
2026-10-08 17:02:00,17:01,2026-10-08,oi,6,10,馬連,2-5,1158.5,1158.5,79,https://www.keiba.go.jp/KeibaWeb/TodayRaceInfo/OddsUmLenFuku?k_babaCode=20&k_raceDate=2026%2F10%2F08&k_raceNo=6
2026-10-08 17:02:00,17:01,2026-10-08,oi,6,10,馬連,5-11,1230.9,1230.9,80,https://www.keiba.go.jp/KeibaWeb/TodayRaceInfo/OddsUmLenFuku?k_babaCode=20&k_raceDate=2026%2F10%2F08&k_raceNo=6
2026-10-08 17:02:00,17:01,2026-10-08,oi,6,10,馬連,5-12,1230.9,1230.9,80,https://www.keiba.go.jp/KeibaWeb/TodayRaceInfo/OddsUmLenFuku?k_babaCode=20&k_raceDate=2026%2F10%2F08&k_raceNo=6
2026-10-08 17:02:00,17:01,2026-10-08,oi,6,10,馬連,5-6,1313.0,1313.0,82,https://www.keiba.go.jp/KeibaWeb/TodayRaceInfo/OddsUmLenFuku?k_babaCode=20&k_raceDate=2026%2F10%2F08&k_raceNo=6
2026-10-08 17:02:00,17:01,2026-10-08,oi,6,10,馬連,1-10,1406.7,1406.7,83,https://www.keiba.go.jp/KeibaWeb/TodayRaceInfo/OddsUmLenFuku?k_babaCode=20&k_raceDate=2026%2F10%2F08&k_raceNo=6
2026-10-08 17:02:00,17:01,2026-10-08,oi,6,10,馬連,6-13,1515.0,1515.0,84,https://www.keiba.go.jp/KeibaWeb/TodayRaceInfo/OddsUmLenFuku?k_babaCode=20&k_raceDate=2026%2F10%2F08&k_raceNo=6
2026-10-08 17:02:00,17:01,2026-10-08,oi,6,10,馬連,4-13,1641.2,1641.2,85,https://www.keiba.go.jp/KeibaWeb/TodayRaceInfo/OddsUmLenFuku?k_babaCode=20&k_raceDate=2026%2F10%2F08&k_raceNo=6
2026-10-08 17:02:00,17:01,2026-10-08,oi,6,10,馬連,1-5,1790.4,1790.4,86,https://www.keiba.go.jp/KeibaWeb/TodayRaceInfo/OddsUmLenFuku?k_babaCode=20&k_raceDate=2026%2F10%2F08&k_raceNo=6
2026-10-08 17:02:00,17:01,2026-10-08,oi,6,10,馬連,10-11,1790.4,1790.4,86,https://www.keiba.go.jp/KeibaWeb/TodayRaceInfo/OddsUmLenFuku?k_babaCode=20&k_raceDate=2026%2F10%2F08&k_raceNo=6
2026-10-08 17:02:00,17:01,2026-10-08,oi,6,10,馬連,5-10,2461.8,2461.8,88,https://www.keiba.go.jp/KeibaWeb/TodayRaceInfo/OddsUmLenFuku?k_babaCode=20&k_raceDate=2026%2F10%2F08&k_raceNo=6
2026-10-08 17:02:00,17:01,2026-10-08,oi,6,10,馬連,5-13,2461.8,2461.8,88,https://www.keiba.go.jp/KeibaWeb/TodayRaceInfo/OddsUmLenFuku?k_babaCode=20&k_raceDate=2026%2F10%2F08&k_raceNo=6
2026-10-08 17:02:00,17:01,2026-10-08,oi,6,10,馬連,11-13,2461.8,2461.8,88,https://www.keiba.go.jp/KeibaWeb/TodayRaceInfo/OddsUmLenFuku?k_babaCode=20&k_raceDate=2026%2F10%2F08&k_raceNo=6
2026-10-08 17:02:00,17:01,2026-10-08,oi,6,10,馬連,10-13,3939.0,3939.0,91,https://www.keiba.go.jp/KeibaWeb/TodayRaceInfo/OddsUmLenFuku?k_babaCode=20&k_raceDate=2026%2F10%2F08&k_raceNo=6
2026-10-08 17:02:00,17:01,2026-10-08,oi,6,10,ワイド,9-14,2.0,2.2,1,https://www.keiba.go.jp/KeibaWeb/TodayRaceInfo/OddsWide?k_babaCode=20&k_raceDate=2026%2F10%2F08&k_raceNo=6
2026-10-08 17:02:00,17:01,2026-10-08,oi,6,10,ワイド,8-9,2.9,3.5,2,https://www.keiba.go.jp/KeibaWeb/TodayRaceInfo/OddsWide?k_babaCode=20&k_raceDate=2026%2F10%2F08&k_raceNo=6
2026-10-08 17:02:00,17:01,2026-10-08,oi,6,10,ワイド,3-9,3.1,3.7,3,https://www.keiba.go.jp/KeibaWeb/TodayRaceInfo/OddsWide?k_babaCode=20&k_raceDate=2026%2F10%2F08&k_raceNo=6
2026-10-08 17:02:00,17:01,2026-10-08,oi,6,10,ワイド,7-9,3.4,4.0,4,https://www.keiba.go.jp/KeibaWeb/TodayRaceInfo/OddsWide?k_babaCode=20&k_raceDate=2026%2F10%2F08&k_raceNo=6
2026-10-08 17:02:00,17:01,2026-10-08,oi,6,10,ワイド,8-14,4.8,6.1,5,https://www.keiba.go.jp/KeibaWeb/TodayRaceInfo/OddsWide?k_babaCode=20&k_raceDate=2026%2F10%2F08&k_raceNo=6
2026-10-08 17:02:00,17:01,2026-10-08,oi,6,10,ワイド,7-14,5.2,6.5,6,https://www.keiba.go.jp/KeibaWeb/TodayRaceInfo/OddsWide?k_babaCode=20&k_raceDate=2026%2F10%2F08&k_raceNo=6
2026-10-08 17:02:00,17:01,2026-10-08,oi,6,10,ワイド,9-12,5.3,6.3,7,https://www.keiba.go.jp/KeibaWeb/TodayRaceInfo/OddsWide?k_babaCode=20&k_raceDate=2026%2F10%2F08&k_raceNo=6
2026-10-08 17:02:00,17:01,2026-10-08,oi,6,10,ワイド,1-9,5.4,6.3,8,https://www.keiba.go.jp/KeibaWeb/TodayRaceInfo/OddsWide?k_babaCode=20&k_raceDate=2026%2F10%2F08&k_raceNo=6
2026-10-08 17:02:00,17:01,2026-10-08,oi,6,10,ワイド,3-14,7.0,8.8,9,https://www.keiba.go.jp/KeibaWeb/TodayRaceInfo/OddsWide?k_babaCode=20&k_raceDate=2026%2F10%2F08&k_raceNo=6
2026-10-08 17:02:00,17:01,2026-10-08,oi,6,10,ワイド,12-14,7.7,9.3,10,https://www.keiba.go.jp/KeibaWeb/TodayRaceInfo/OddsWide?k_babaCode=20&k_raceDate=2026%2F10%2F08&k_raceNo=6
2026-10-08 17:02:00,17:01,2026-10-08,oi,6,10,ワイド,3-8,8.4,9.9,11,https://www.keiba.go.jp/KeibaWeb/TodayRaceInfo/OddsWide?k_babaCode=20&k_raceDate=2026%2F10%2F08&k_raceNo=6
2026-10-08 17:02:00,17:01,2026-10-08,oi,6,10,ワイド,1-14,8.5,10.3,12,https://www.keiba.go.jp/KeibaWeb/TodayRaceInfo/OddsWide?k_babaCode=20&k_raceDate=2026%2F10%2F08&k_raceNo=6
2026-10-08 17:02:00,17:01,2026-10-08,oi,6,10,ワイド,2-9,10.3,12.1,13,https://www.keiba.go.jp/KeibaWeb/TodayRaceInfo/OddsWide?k_babaCode=20&k_raceDate=2026%2F10%2F08&k_raceNo=6
2026-10-08 17:02:00,17:01,2026-10-08,oi,6,10,ワイド,2-14,12.5,14.8,14,https://www.keiba.go.jp/KeibaWeb/TodayRaceInfo/OddsWide?k_babaCode=20&k_raceDate=2026%2F10%2F08&k_raceNo=6
2026-10-08 17:02:00,17:01,2026-10-08,oi,6,10,ワイド,8-12,14.2,16.1,15,https://www.keiba.go.jp/KeibaWeb/TodayRaceInfo/OddsWide?k_babaCode=20&k_raceDate=2026%2F10%2F08&k_raceNo=6
2026-10-08 17:02:00,17:01,2026-10-08,oi,6,10,ワイド,1-8,16.7,19.0,16,https://www.keiba.go.jp/KeibaWeb/TodayRaceInfo/OddsWide?k_babaCode=20&k_raceDate=2026%2F10%2F08&k_raceNo=6
2026-10-08 17:02:00,17:01,2026-10-08,oi,6,10,ワイド,4-9,17.4,20.3,17,https://www.keiba.go.jp/KeibaWeb/TodayRaceInfo/OddsWide?k_babaCode=20&k_raceDate=2026%2F10%2F08&k_raceNo=6
2026-10-08 17:02:00,17:01,2026-10-08,oi,6,10,ワイド,7-8,17.5,20.4,18,https://www.keiba.go.jp/KeibaWeb/TodayRaceInfo/OddsWide?k_babaCode=20&k_raceDate=2026%2F10%2F08&k_raceNo=6
2026-10-08 17:02:00,17:01,2026-10-08,oi,6,10,ワイド,3-12,17.9,20.3,19,https://www.keiba.go.jp/KeibaWeb/TodayRaceInfo/OddsWide?k_babaCode=20&k_raceDate=2026%2F10%2F08&k_raceNo=6
2026-10-08 17:02:00,17:01,2026-10-08,oi,6,10,ワイド,3-7,22.2,25.9,20,https://www.keiba.go.jp/KeibaWeb/TodayRaceInfo/OddsWide?k_babaCode=20&k_raceDate=2026%2F10%2F08&k_raceNo=6
2026-10-08 17:02:00,17:01,2026-10-08,oi,6,10,ワイド,7-12,22.8,25.6,21,https://www.keiba.go.jp/KeibaWeb/TodayRaceInfo/OddsWide?k_babaCode=20&k_raceDate=2026%2F10%2F08&k_raceNo=6
2026-10-08 17:02:00,17:01,2026-10-08,oi,6,10,ワイド,2-8,23.3,25.8,22,https://www.keiba.go.jp/KeibaWeb/TodayRaceInfo/OddsWide?k_babaCode=20&k_raceDate=2026%2F10%2F08&k_raceNo=6
2026-10-08 17:02:00,17:01,2026-10-08,oi,6,10,ワイド,4-14,25.0,29.3,23,https://www.keiba.go.jp/KeibaWeb/TodayRaceInfo/OddsWide?k_babaCode=20&k_raceDate=2026%2F10%2F08&k_raceNo=6
2026-10-08 17:02:00,17:01,2026-10-08,oi,6,10,ワイド,9-13,26.0,30.4,24,https://www.keiba.go.jp/KeibaWeb/TodayRaceInfo/OddsWide?k_babaCode=20&k_raceDate=2026%2F10%2F08&k_raceNo=6
2026-10-08 17:02:00,17:01,2026-10-08,oi,6,10,ワイド,1-3,26.3,29.8,25,https://www.keiba.go.jp/KeibaWeb/TodayRaceInfo/OddsWide?k_babaCode=20&k_raceDate=2026%2F10%2F08&k_raceNo=6
2026-10-08 17:02:00,17:01,2026-10-08,oi,6,10,ワイド,2-12,26.7,28.4,26,https://www.keiba.go.jp/KeibaWeb/TodayRaceInfo/OddsWide?k_babaCode=20&k_raceDate=2026%2F10%2F08&k_raceNo=6
2026-10-08 17:02:00,17:01,2026-10-08,oi,6,10,ワイド,1-12,27.8,30.3,27,https://www.keiba.go.jp/KeibaWeb/TodayRaceInfo/OddsWide?k_babaCode=20&k_raceDate=2026%2F10%2F08&k_raceNo=6
2026-10-08 17:02:00,17:01,2026-10-08,oi,6,10,ワイド,13-14,29.0,34.0,28,https://www.keiba.go.jp/KeibaWeb/TodayRaceInfo/OddsWide?k_babaCode=20&k_raceDate=2026%2F10%2F08&k_raceNo=6
2026-10-08 17:02:00,17:01,2026-10-08,oi,6,10,ワイド,9-11,30.1,35.0,29,https://www.keiba.go.jp/KeibaWeb/TodayRaceInfo/OddsWide?k_babaCode=20&k_raceDate=2026%2F10%2F08&k_raceNo=6
2026-10-08 17:02:00,17:01,2026-10-08,oi,6,10,ワイド,1-2,33.5,35.7,30,https://www.keiba.go.jp/KeibaWeb/TodayRaceInfo/OddsWide?k_babaCode=20&k_raceDate=2026%2F10%2F08&k_raceNo=6
2026-10-08 17:02:00,17:01,2026-10-08,oi,6,10,ワイド,3-4,35.9,39.3,31,https://www.keiba.go.jp/KeibaWeb/TodayRaceInfo/OddsWide?k_babaCode=20&k_raceDate=2026%2F10%2F08&k_raceNo=6
2026-10-08 17:02:00,17:01,2026-10-08,oi,6,10,ワイド,1-7,36.1,40.5,32,https://www.keiba.go.jp/KeibaWeb/TodayRaceInfo/OddsWide?k_babaCode=20&k_raceDate=2026%2F10%2F08&k_raceNo=6
2026-10-08 17:02:00,17:01,2026-10-08,oi,6,10,ワイド,2-3,36.9,40.8,33,https://www.keiba.go.jp/KeibaWeb/TodayRaceInfo/OddsWide?k_babaCode=20&k_raceDate=2026%2F10%2F08&k_raceNo=6
2026-10-08 17:02:00,17:01,2026-10-08,oi,6,10,ワイド,4-8,37.3,41.0,34,https://www.keiba.go.jp/KeibaWeb/TodayRaceInfo/OddsWide?k_babaCode=20&k_raceDate=2026%2F10%2F08&k_raceNo=6
2026-10-08 17:02:00,17:01,2026-10-08,oi,6,10,ワイド,2-7,38.4,42.2,35,https://www.keiba.go.jp/KeibaWeb/TodayRaceInfo/OddsWide?k_babaCode=20&k_raceDate=2026%2F10%2F08&k_raceNo=6
2026-10-08 17:02:00,17:01,2026-10-08,oi,6,10,ワイド,11-14,41.2,48.1,36,https://www.keiba.go.jp/KeibaWeb/TodayRaceInfo/OddsWide?k_babaCode=20&k_raceDate=2026%2F10%2F08&k_raceNo=6
2026-10-08 17:02:00,17:01,2026-10-08,oi,6,10,ワイド,5-9,43.0,49.9,37,https://www.keiba.go.jp/KeibaWeb/TodayRaceInfo/OddsWide?k_babaCode=20&k_raceDate=2026%2F10%2F08&k_raceNo=6
2026-10-08 17:02:00,17:01,2026-10-08,oi,6,10,ワイド,6-9,45.1,52.4,38,https://www.keiba.go.jp/KeibaWeb/TodayRaceInfo/OddsWide?k_babaCode=20&k_raceDate=2026%2F10%2F08&k_raceNo=6
2026-10-08 17:02:00,17:01,2026-10-08,oi,6,10,ワイド,7-13,52.5,56.8,39,https://www.keiba.go.jp/KeibaWeb/TodayRaceInfo/OddsWide?k_babaCode=20&k_raceDate=2026%2F10%2F08&k_raceNo=6
2026-10-08 17:02:00,17:01,2026-10-08,oi,6,10,ワイド,4-12,52.7,55.6,40,https://www.keiba.go.jp/KeibaWeb/TodayRaceInfo/OddsWide?k_babaCode=20&k_raceDate=2026%2F10%2F08&k_raceNo=6
2026-10-08 17:02:00,17:01,2026-10-08,oi,6,10,ワイド,9-10,53.5,62.1,41,https://www.keiba.go.jp/KeibaWeb/TodayRaceInfo/OddsWide?k_babaCode=20&k_raceDate=2026%2F10%2F08&k_raceNo=6
2026-10-08 17:02:00,17:01,2026-10-08,oi,6,10,ワイド,3-13,54.2,59.1,42,https://www.keiba.go.jp/KeibaWeb/TodayRaceInfo/OddsWide?k_babaCode=20&k_raceDate=2026%2F10%2F08&k_raceNo=6
2026-10-08 17:02:00,17:01,2026-10-08,oi,6,10,ワイド,4-7,55.0,59.7,43,https://www.keiba.go.jp/KeibaWeb/TodayRaceInfo/OddsWide?k_babaCode=20&k_raceDate=2026%2F10%2F08&k_raceNo=6
2026-10-08 17:02:00,17:01,2026-10-08,oi,6,10,ワイド,8-13,61.6,67.5,44,https://www.keiba.go.jp/KeibaWeb/TodayRaceInfo/OddsWide?k_babaCode=20&k_raceDate=2026%2F10%2F08&k_raceNo=6
2026-10-08 17:02:00,17:01,2026-10-08,oi,6,10,ワイド,6-14,63.2,73.7,45,https://www.keiba.go.jp/KeibaWeb/TodayRaceInfo/OddsWide?k_babaCode=20&k_raceDate=2026%2F10%2F08&k_raceNo=6
2026-10-08 17:02:00,17:01,2026-10-08,oi,6,10,ワイド,8-11,68.3,74.8,46,https://www.keiba.go.jp/KeibaWeb/TodayRaceInfo/OddsWide?k_babaCode=20&k_raceDate=2026%2F10%2F08&k_raceNo=6
2026-10-08 17:02:00,17:01,2026-10-08,oi,6,10,ワイド,1-4,70.4,74.3,47,https://www.keiba.go.jp/KeibaWeb/TodayRaceInfo/OddsWide?k_babaCode=20&k_raceDate=2026%2F10%2F08&k_raceNo=6
2026-10-08 17:02:00,17:01,2026-10-08,oi,6,10,ワイド,7-11,72.9,78.8,48,https://www.keiba.go.jp/KeibaWeb/TodayRaceInfo/OddsWide?k_babaCode=20&k_raceDate=2026%2F10%2F08&k_raceNo=6
2026-10-08 17:02:00,17:01,2026-10-08,oi,6,10,ワイド,12-13,74.4,78.2,49,https://www.keiba.go.jp/KeibaWeb/TodayRaceInfo/OddsWide?k_babaCode=20&k_raceDate=2026%2F10%2F08&k_raceNo=6
2026-10-08 17:02:00,17:01,2026-10-08,oi,6,10,ワイド,10-14,88.3,103.0,50,https://www.keiba.go.jp/KeibaWeb/TodayRaceInfo/OddsWide?k_babaCode=20&k_raceDate=2026%2F10%2F08&k_raceNo=6
2026-10-08 17:02:00,17:01,2026-10-08,oi,6,10,ワイド,5-14,89.1,104.0,51,https://www.keiba.go.jp/KeibaWeb/TodayRaceInfo/OddsWide?k_babaCode=20&k_raceDate=2026%2F10%2F08&k_raceNo=6
2026-10-08 17:02:00,17:01,2026-10-08,oi,6,10,ワイド,2-4,89.9,92.9,52,https://www.keiba.go.jp/KeibaWeb/TodayRaceInfo/OddsWide?k_babaCode=20&k_raceDate=2026%2F10%2F08&k_raceNo=6
2026-10-08 17:02:00,17:01,2026-10-08,oi,6,10,ワイド,3-6,95.7,104.1,53,https://www.keiba.go.jp/KeibaWeb/TodayRaceInfo/OddsWide?k_babaCode=20&k_raceDate=2026%2F10%2F08&k_raceNo=6
2026-10-08 17:02:00,17:01,2026-10-08,oi,6,10,ワイド,4-6,101.5,103.1,54,https://www.keiba.go.jp/KeibaWeb/TodayRaceInfo/OddsWide?k_babaCode=20&k_raceDate=2026%2F10%2F08&k_raceNo=6
2026-10-08 17:02:00,17:01,2026-10-08,oi,6,10,ワイド,6-8,104.8,114.4,55,https://www.keiba.go.jp/KeibaWeb/TodayRaceInfo/OddsWide?k_babaCode=20&k_raceDate=2026%2F10%2F08&k_raceNo=6
2026-10-08 17:02:00,17:01,2026-10-08,oi,6,10,ワイド,11-12,110.2,115.8,56,https://www.keiba.go.jp/KeibaWeb/TodayRaceInfo/OddsWide?k_babaCode=20&k_raceDate=2026%2F10%2F08&k_raceNo=6
2026-10-08 17:02:00,17:01,2026-10-08,oi,6,10,ワイド,2-13,111.3,114.5,57,https://www.keiba.go.jp/KeibaWeb/TodayRaceInfo/OddsWide?k_babaCode=20&k_raceDate=2026%2F10%2F08&k_raceNo=6
2026-10-08 17:02:00,17:01,2026-10-08,oi,6,10,ワイド,1-11,114.1,119.8,58,https://www.keiba.go.jp/KeibaWeb/TodayRaceInfo/OddsWide?k_babaCode=20&k_raceDate=2026%2F10%2F08&k_raceNo=6
2026-10-08 17:02:00,17:01,2026-10-08,oi,6,10,ワイド,3-11,118.1,128.7,59,https://www.keiba.go.jp/KeibaWeb/TodayRaceInfo/OddsWide?k_babaCode=20&k_raceDate=2026%2F10%2F08&k_raceNo=6
2026-10-08 17:02:00,17:01,2026-10-08,oi,6,10,ワイド,5-8,120.8,132.0,60,https://www.keiba.go.jp/KeibaWeb/TodayRaceInfo/OddsWide?k_babaCode=20&k_raceDate=2026%2F10%2F08&k_raceNo=6
2026-10-08 17:02:00,17:01,2026-10-08,oi,6,10,ワイド,4-11,123.4,125.6,61,https://www.keiba.go.jp/KeibaWeb/TodayRaceInfo/OddsWide?k_babaCode=20&k_raceDate=2026%2F10%2F08&k_raceNo=6
2026-10-08 17:02:00,17:01,2026-10-08,oi,6,10,ワイド,1-13,124.0,130.4,62,https://www.keiba.go.jp/KeibaWeb/TodayRaceInfo/OddsWide?k_babaCode=20&k_raceDate=2026%2F10%2F08&k_raceNo=6
2026-10-08 17:02:00,17:01,2026-10-08,oi,6,10,ワイド,1-5,134.6,141.1,63,https://www.keiba.go.jp/KeibaWeb/TodayRaceInfo/OddsWide?k_babaCode=20&k_raceDate=2026%2F10%2F08&k_raceNo=6
2026-10-08 17:02:00,17:01,2026-10-08,oi,6,10,ワイド,8-10,134.8,147.0,64,https://www.keiba.go.jp/KeibaWeb/TodayRaceInfo/OddsWide?k_babaCode=20&k_raceDate=2026%2F10%2F08&k_raceNo=6
2026-10-08 17:02:00,17:01,2026-10-08,oi,6,10,ワイド,3-5,135.2,147.1,65,https://www.keiba.go.jp/KeibaWeb/TodayRaceInfo/OddsWide?k_babaCode=20&k_raceDate=2026%2F10%2F08&k_raceNo=6
2026-10-08 17:02:00,17:01,2026-10-08,oi,6,10,ワイド,1-6,144.5,151.5,66,https://www.keiba.go.jp/KeibaWeb/TodayRaceInfo/OddsWide?k_babaCode=20&k_raceDate=2026%2F10%2F08&k_raceNo=6
2026-10-08 17:02:00,17:01,2026-10-08,oi,6,10,ワイド,6-12,151.1,158.4,67,https://www.keiba.go.jp/KeibaWeb/TodayRaceInfo/OddsWide?k_babaCode=20&k_raceDate=2026%2F10%2F08&k_raceNo=6
2026-10-08 17:02:00,17:01,2026-10-08,oi,6,10,ワイド,4-5,174.6,177.4,68,https://www.keiba.go.jp/KeibaWeb/TodayRaceInfo/OddsWide?k_babaCode=20&k_raceDate=2026%2F10%2F08&k_raceNo=6
2026-10-08 17:02:00,17:01,2026-10-08,oi,6,10,ワイド,5-7,176.6,190.5,69,https://www.keiba.go.jp/KeibaWeb/TodayRaceInfo/OddsWide?k_babaCode=20&k_raceDate=2026%2F10%2F08&k_raceNo=6
2026-10-08 17:02:00,17:01,2026-10-08,oi,6,10,ワイド,5-12,178.5,187.1,70,https://www.keiba.go.jp/KeibaWeb/TodayRaceInfo/OddsWide?k_babaCode=20&k_raceDate=2026%2F10%2F08&k_raceNo=6
2026-10-08 17:02:00,17:01,2026-10-08,oi,6,10,ワイド,2-11,182.1,187.0,71,https://www.keiba.go.jp/KeibaWeb/TodayRaceInfo/OddsWide?k_babaCode=20&k_raceDate=2026%2F10%2F08&k_raceNo=6
2026-10-08 17:02:00,17:01,2026-10-08,oi,6,10,ワイド,2-6,185.9,190.6,72,https://www.keiba.go.jp/KeibaWeb/TodayRaceInfo/OddsWide?k_babaCode=20&k_raceDate=2026%2F10%2F08&k_raceNo=6
2026-10-08 17:02:00,17:01,2026-10-08,oi,6,10,ワイド,4-13,186.9,190.5,73,https://www.keiba.go.jp/KeibaWeb/TodayRaceInfo/OddsWide?k_babaCode=20&k_raceDate=2026%2F10%2F08&k_raceNo=6
2026-10-08 17:02:00,17:01,2026-10-08,oi,6,10,ワイド,2-5,193.0,197.9,74,https://www.keiba.go.jp/KeibaWeb/TodayRaceInfo/OddsWide?k_babaCode=20&k_raceDate=2026%2F10%2F08&k_raceNo=6
2026-10-08 17:02:00,17:01,2026-10-08,oi,6,10,ワイド,6-7,194.6,210.0,75,https://www.keiba.go.jp/KeibaWeb/TodayRaceInfo/OddsWide?k_babaCode=20&k_raceDate=2026%2F10%2F08&k_raceNo=6
2026-10-08 17:02:00,17:01,2026-10-08,oi,6,10,ワイド,11-13,198.9,201.8,76,https://www.keiba.go.jp/KeibaWeb/TodayRaceInfo/OddsWide?k_babaCode=20&k_raceDate=2026%2F10%2F08&k_raceNo=6
2026-10-08 17:02:00,17:01,2026-10-08,oi,6,10,ワイド,7-10,203.0,218.9,77,https://www.keiba.go.jp/KeibaWeb/TodayRaceInfo/OddsWide?k_babaCode=20&k_raceDate=2026%2F10%2F08&k_raceNo=6
2026-10-08 17:02:00,17:01,2026-10-08,oi,6,10,ワイド,3-10,205.7,223.5,78,https://www.keiba.go.jp/KeibaWeb/TodayRaceInfo/OddsWide?k_babaCode=20&k_raceDate=2026%2F10%2F08&k_raceNo=6
2026-10-08 17:02:00,17:01,2026-10-08,oi,6,10,ワイド,4-10,215.6,218.8,79,https://www.keiba.go.jp/KeibaWeb/TodayRaceInfo/OddsWide?k_babaCode=20&k_raceDate=2026%2F10%2F08&k_raceNo=6
2026-10-08 17:02:00,17:01,2026-10-08,oi,6,10,ワイド,6-11,221.3,223.7,80,https://www.keiba.go.jp/KeibaWeb/TodayRaceInfo/OddsWide?k_babaCode=20&k_raceDate=2026%2F10%2F08&k_raceNo=6
2026-10-08 17:02:00,17:01,2026-10-08,oi,6,10,ワイド,2-10,223.1,228.5,81,https://www.keiba.go.jp/KeibaWeb/TodayRaceInfo/OddsWide?k_babaCode=20&k_raceDate=2026%2F10%2F08&k_raceNo=6
2026-10-08 17:02:00,17:01,2026-10-08,oi,6,10,ワイド,5-11,236.6,239.3,82,https://www.keiba.go.jp/KeibaWeb/TodayRaceInfo/OddsWide?k_babaCode=20&k_raceDate=2026%2F10%2F08&k_raceNo=6
2026-10-08 17:02:00,17:01,2026-10-08,oi,6,10,ワイド,6-13,260.6,263.8,83,https://www.keiba.go.jp/KeibaWeb/TodayRaceInfo/OddsWide?k_babaCode=20&k_raceDate=2026%2F10%2F08&k_raceNo=6
2026-10-08 17:02:00,17:01,2026-10-08,oi,6,10,ワイド,1-10,265.5,277.8,84,https://www.keiba.go.jp/KeibaWeb/TodayRaceInfo/OddsWide?k_babaCode=20&k_raceDate=2026%2F10%2F08&k_raceNo=6
2026-10-08 17:02:00,17:01,2026-10-08,oi,6,10,ワイド,10-12,280.5,293.7,85,https://www.keiba.go.jp/KeibaWeb/TodayRaceInfo/OddsWide?k_babaCode=20&k_raceDate=2026%2F10%2F08&k_raceNo=6
2026-10-08 17:02:00,17:01,2026-10-08,oi,6,10,ワイド,5-6,283.2,285.8,86,https://www.keiba.go.jp/KeibaWeb/TodayRaceInfo/OddsWide?k_babaCode=20&k_raceDate=2026%2F10%2F08&k_raceNo=6
2026-10-08 17:02:00,17:01,2026-10-08,oi,6,10,ワイド,10-11,339.3,342.7,87,https://www.keiba.go.jp/KeibaWeb/TodayRaceInfo/OddsWide?k_babaCode=20&k_raceDate=2026%2F10%2F08&k_raceNo=6
2026-10-08 17:02:00,17:01,2026-10-08,oi,6,10,ワイド,10-13,442.0,447.1,88,https://www.keiba.go.jp/KeibaWeb/TodayRaceInfo/OddsWide?k_babaCode=20&k_raceDate=2026%2F10%2F08&k_raceNo=6
2026-10-08 17:02:00,17:01,2026-10-08,oi,6,10,ワイド,5-10,536.7,541.1,89,https://www.keiba.go.jp/KeibaWeb/TodayRaceInfo/OddsWide?k_babaCode=20&k_raceDate=2026%2F10%2F08&k_raceNo=6
2026-10-08 17:02:00,17:01,2026-10-08,oi,6,10,ワイド,5-13,597.2,604.6,90,https://www.keiba.go.jp/KeibaWeb/TodayRaceInfo/OddsWide?k_babaCode=20&k_raceDate=2026%2F10%2F08&k_raceNo=6
2026-10-08 17:02:00,17:01,2026-10-08,oi,6,10,ワイド,6-10,599.9,604.4,91,https://www.keiba.go.jp/KeibaWeb/TodayRaceInfo/OddsWide?k_babaCode=20&k_raceDate=2026%2F10%2F08&k_raceNo=6
2026-10-08 17:02:00,17:01,2026-10-08,oi,6,10,三連複,8-9-14,10.4,10.4,1,https://www.keiba.go.jp/KeibaWeb/TodayRaceInfo/Odds3LenFuku?k_babaCode=20&k_raceDate=2026%2F10%2F08&k_raceNo=6
2026-10-08 17:02:00,17:01,2026-10-08,oi,6,10,三連複,3-9-14,10.9,10.9,2,https://www.keiba.go.jp/KeibaWeb/TodayRaceInfo/Odds3LenFuku?k_babaCode=20&k_raceDate=2026%2F10%2F08&k_raceNo=6
2026-10-08 17:02:00,17:01,2026-10-08,oi,6,10,三連複,7-9-14,15.3,15.3,3,https://www.keiba.go.jp/KeibaWeb/TodayRaceInfo/Odds3LenFuku?k_babaCode=20&k_raceDate=2026%2F10%2F08&k_raceNo=6
2026-10-08 17:02:00,17:01,2026-10-08,oi,6,10,三連複,3-8-9,16.3,16.3,4,https://www.keiba.go.jp/KeibaWeb/TodayRaceInfo/Odds3LenFuku?k_babaCode=20&k_raceDate=2026%2F10%2F08&k_raceNo=6
2026-10-08 17:02:00,17:01,2026-10-08,oi,6,10,三連複,1-9-14,19.0,19.0,5,https://www.keiba.go.jp/KeibaWeb/TodayRaceInfo/Odds3LenFuku?k_babaCode=20&k_raceDate=2026%2F10%2F08&k_raceNo=6
2026-10-08 17:02:00,17:01,2026-10-08,oi,6,10,三連複,9-12-14,20.3,20.3,6,https://www.keiba.go.jp/KeibaWeb/TodayRaceInfo/Odds3LenFuku?k_babaCode=20&k_raceDate=2026%2F10%2F08&k_raceNo=6
2026-10-08 17:02:00,17:01,2026-10-08,oi,6,10,三連複,7-8-9,25.2,25.2,7,https://www.keiba.go.jp/KeibaWeb/TodayRaceInfo/Odds3LenFuku?k_babaCode=20&k_raceDate=2026%2F10%2F08&k_raceNo=6
2026-10-08 17:02:00,17:01,2026-10-08,oi,6,10,三連複,1-8-9,30.3,30.3,8,https://www.keiba.go.jp/KeibaWeb/TodayRaceInfo/Odds3LenFuku?k_babaCode=20&k_raceDate=2026%2F10%2F08&k_raceNo=6
2026-10-08 17:02:00,17:01,2026-10-08,oi,6,10,三連複,3-9-12,30.9,30.9,9,https://www.keiba.go.jp/KeibaWeb/TodayRaceInfo/Odds3LenFuku?k_babaCode=20&k_raceDate=2026%2F10%2F08&k_raceNo=6
2026-10-08 17:02:00,17:01,2026-10-08,oi,6,10,三連複,3-7-9,31.3,31.3,10,https://www.keiba.go.jp/KeibaWeb/TodayRaceInfo/Odds3LenFuku?k_babaCode=20&k_raceDate=2026%2F10%2F08&k_raceNo=6
2026-10-08 17:02:00,17:01,2026-10-08,oi,6,10,三連複,8-9-12,31.6,31.6,11,https://www.keiba.go.jp/KeibaWeb/TodayRaceInfo/Odds3LenFuku?k_babaCode=20&k_raceDate=2026%2F10%2F08&k_raceNo=6
2026-10-08 17:02:00,17:01,2026-10-08,oi,6,10,三連複,2-9-14,35.2,35.2,12,https://www.keiba.go.jp/KeibaWeb/TodayRaceInfo/Odds3LenFuku?k_babaCode=20&k_raceDate=2026%2F10%2F08&k_raceNo=6
2026-10-08 17:02:00,17:01,2026-10-08,oi,6,10,三連複,1-3-9,39.6,39.6,13,https://www.keiba.go.jp/KeibaWeb/TodayRaceInfo/Odds3LenFuku?k_babaCode=20&k_raceDate=2026%2F10%2F08&k_raceNo=6
2026-10-08 17:02:00,17:01,2026-10-08,oi,6,10,三連複,3-8-14,42.9,42.9,14,https://www.keiba.go.jp/KeibaWeb/TodayRaceInfo/Odds3LenFuku?k_babaCode=20&k_raceDate=2026%2F10%2F08&k_raceNo=6
2026-10-08 17:02:00,17:01,2026-10-08,oi,6,10,三連複,7-9-12,51.6,51.6,15,https://www.keiba.go.jp/KeibaWeb/TodayRaceInfo/Odds3LenFuku?k_babaCode=20&k_raceDate=2026%2F10%2F08&k_raceNo=6
2026-10-08 17:02:00,17:01,2026-10-08,oi,6,10,三連複,1-7-9,55.0,55.0,16,https://www.keiba.go.jp/KeibaWeb/TodayRaceInfo/Odds3LenFuku?k_babaCode=20&k_raceDate=2026%2F10%2F08&k_raceNo=6
2026-10-08 17:02:00,17:01,2026-10-08,oi,6,10,三連複,2-8-9,55.6,55.6,17,https://www.keiba.go.jp/KeibaWeb/TodayRaceInfo/Odds3LenFuku?k_babaCode=20&k_raceDate=2026%2F10%2F08&k_raceNo=6
2026-10-08 17:02:00,17:01,2026-10-08,oi,6,10,三連複,4-9-14,58.6,58.6,18,https://www.keiba.go.jp/KeibaWeb/TodayRaceInfo/Odds3LenFuku?k_babaCode=20&k_raceDate=2026%2F10%2F08&k_raceNo=6
2026-10-08 17:02:00,17:01,2026-10-08,oi,6,10,三連複,2-3-9,65.3,65.3,19,https://www.keiba.go.jp/KeibaWeb/TodayRaceInfo/Odds3LenFuku?k_babaCode=20&k_raceDate=2026%2F10%2F08&k_raceNo=6
2026-10-08 17:02:00,17:01,2026-10-08,oi,6,10,三連複,1-9-12,67.3,67.3,20,https://www.keiba.go.jp/KeibaWeb/TodayRaceInfo/Odds3LenFuku?k_babaCode=20&k_raceDate=2026%2F10%2F08&k_raceNo=6
2026-10-08 17:02:00,17:01,2026-10-08,oi,6,10,三連複,2-9-12,69.8,69.8,21,https://www.keiba.go.jp/KeibaWeb/TodayRaceInfo/Odds3LenFuku?k_babaCode=20&k_raceDate=2026%2F10%2F08&k_raceNo=6
2026-10-08 17:02:00,17:01,2026-10-08,oi,6,10,三連複,7-8-14,72.2,72.2,22,https://www.keiba.go.jp/KeibaWeb/TodayRaceInfo/Odds3LenFuku?k_babaCode=20&k_raceDate=2026%2F10%2F08&k_raceNo=6
2026-10-08 17:02:00,17:01,2026-10-08,oi,6,10,三連複,9-13-14,76.1,76.1,23,https://www.keiba.go.jp/KeibaWeb/TodayRaceInfo/Odds3LenFuku?k_babaCode=20&k_raceDate=2026%2F10%2F08&k_raceNo=6
2026-10-08 17:02:00,17:01,2026-10-08,oi,6,10,三連複,3-7-14,77.4,77.4,24,https://www.keiba.go.jp/KeibaWeb/TodayRaceInfo/Odds3LenFuku?k_babaCode=20&k_raceDate=2026%2F10%2F08&k_raceNo=6
2026-10-08 17:02:00,17:01,2026-10-08,oi,6,10,三連複,3-4-9,81.6,81.6,25,https://www.keiba.go.jp/KeibaWeb/TodayRaceInfo/Odds3LenFuku?k_babaCode=20&k_raceDate=2026%2F10%2F08&k_raceNo=6
2026-10-08 17:02:00,17:01,2026-10-08,oi,6,10,三連複,3-12-14,81.7,81.7,26,https://www.keiba.go.jp/KeibaWeb/TodayRaceInfo/Odds3LenFuku?k_babaCode=20&k_raceDate=2026%2F10%2F08&k_raceNo=6
2026-10-08 17:02:00,17:01,2026-10-08,oi,6,10,三連複,1-8-14,83.6,83.6,27,https://www.keiba.go.jp/KeibaWeb/TodayRaceInfo/Odds3LenFuku?k_babaCode=20&k_raceDate=2026%2F10%2F08&k_raceNo=6
2026-10-08 17:02:00,17:01,2026-10-08,oi,6,10,三連複,9-11-14,83.8,83.8,28,https://www.keiba.go.jp/KeibaWeb/TodayRaceInfo/Odds3LenFuku?k_babaCode=20&k_raceDate=2026%2F10%2F08&k_raceNo=6
2026-10-08 17:02:00,17:01,2026-10-08,oi,6,10,三連複,8-12-14,84.3,84.3,29,https://www.keiba.go.jp/KeibaWeb/TodayRaceInfo/Odds3LenFuku?k_babaCode=20&k_raceDate=2026%2F10%2F08&k_raceNo=6
2026-10-08 17:02:00,17:01,2026-10-08,oi,6,10,三連複,2-7-9,84.5,84.5,30,https://www.keiba.go.jp/KeibaWeb/TodayRaceInfo/Odds3LenFuku?k_babaCode=20&k_raceDate=2026%2F10%2F08&k_raceNo=6
2026-10-08 17:02:00,17:01,2026-10-08,oi,6,10,三連複,1-2-9,87.9,87.9,31,https://www.keiba.go.jp/KeibaWeb/TodayRaceInfo/Odds3LenFuku?k_babaCode=20&k_raceDate=2026%2F10%2F08&k_raceNo=6
2026-10-08 17:02:00,17:01,2026-10-08,oi,6,10,三連複,4-8-9,95.1,95.1,32,https://www.keiba.go.jp/KeibaWeb/TodayRaceInfo/Odds3LenFuku?k_babaCode=20&k_raceDate=2026%2F10%2F08&k_raceNo=6
2026-10-08 17:02:00,17:01,2026-10-08,oi,6,10,三連複,8-9-11,112.3,112.3,33,https://www.keiba.go.jp/KeibaWeb/TodayRaceInfo/Odds3LenFuku?k_babaCode=20&k_raceDate=2026%2F10%2F08&k_raceNo=6
2026-10-08 17:02:00,17:01,2026-10-08,oi,6,10,三連複,1-3-14,113.3,113.3,34,https://www.keiba.go.jp/KeibaWeb/TodayRaceInfo/Odds3LenFuku?k_babaCode=20&k_raceDate=2026%2F10%2F08&k_raceNo=6
2026-10-08 17:02:00,17:01,2026-10-08,oi,6,10,三連複,8-9-13,115.1,115.1,35,https://www.keiba.go.jp/KeibaWeb/TodayRaceInfo/Odds3LenFuku?k_babaCode=20&k_raceDate=2026%2F10%2F08&k_raceNo=6
2026-10-08 17:02:00,17:01,2026-10-08,oi,6,10,三連複,3-7-8,123.4,123.4,36,https://www.keiba.go.jp/KeibaWeb/TodayRaceInfo/Odds3LenFuku?k_babaCode=20&k_raceDate=2026%2F10%2F08&k_raceNo=6
2026-10-08 17:02:00,17:01,2026-10-08,oi,6,10,三連複,7-12-14,126.8,126.8,37,https://www.keiba.go.jp/KeibaWeb/TodayRaceInfo/Odds3LenFuku?k_babaCode=20&k_raceDate=2026%2F10%2F08&k_raceNo=6
2026-10-08 17:02:00,17:01,2026-10-08,oi,6,10,三連複,2-8-14,128.8,128.8,38,https://www.keiba.go.jp/KeibaWeb/TodayRaceInfo/Odds3LenFuku?k_babaCode=20&k_raceDate=2026%2F10%2F08&k_raceNo=6
2026-10-08 17:02:00,17:01,2026-10-08,oi,6,10,三連複,3-9-13,137.3,137.3,39,https://www.keiba.go.jp/KeibaWeb/TodayRaceInfo/Odds3LenFuku?k_babaCode=20&k_raceDate=2026%2F10%2F08&k_raceNo=6
2026-10-08 17:02:00,17:01,2026-10-08,oi,6,10,三連複,7-9-11,142.8,142.8,40,https://www.keiba.go.jp/KeibaWeb/TodayRaceInfo/Odds3LenFuku?k_babaCode=20&k_raceDate=2026%2F10%2F08&k_raceNo=6
2026-10-08 17:02:00,17:01,2026-10-08,oi,6,10,三連複,3-8-12,144.1,144.1,41,https://www.keiba.go.jp/KeibaWeb/TodayRaceInfo/Odds3LenFuku?k_babaCode=20&k_raceDate=2026%2F10%2F08&k_raceNo=6
2026-10-08 17:02:00,17:01,2026-10-08,oi,6,10,三連複,7-8-12,147.9,147.9,42,https://www.keiba.go.jp/KeibaWeb/TodayRaceInfo/Odds3LenFuku?k_babaCode=20&k_raceDate=2026%2F10%2F08&k_raceNo=6
2026-10-08 17:02:00,17:01,2026-10-08,oi,6,10,三連複,4-7-9,150.6,150.6,43,https://www.keiba.go.jp/KeibaWeb/TodayRaceInfo/Odds3LenFuku?k_babaCode=20&k_raceDate=2026%2F10%2F08&k_raceNo=6
2026-10-08 17:02:00,17:01,2026-10-08,oi,6,10,三連複,7-9-13,151.5,151.5,44,https://www.keiba.go.jp/KeibaWeb/TodayRaceInfo/Odds3LenFuku?k_babaCode=20&k_raceDate=2026%2F10%2F08&k_raceNo=6
2026-10-08 17:02:00,17:01,2026-10-08,oi,6,10,三連複,1-7-14,158.8,158.8,45,https://www.keiba.go.jp/KeibaWeb/TodayRaceInfo/Odds3LenFuku?k_babaCode=20&k_raceDate=2026%2F10%2F08&k_raceNo=6
2026-10-08 17:02:00,17:01,2026-10-08,oi,6,10,三連複,2-12-14,160.8,160.8,46,https://www.keiba.go.jp/KeibaWeb/TodayRaceInfo/Odds3LenFuku?k_babaCode=20&k_raceDate=2026%2F10%2F08&k_raceNo=6
2026-10-08 17:02:00,17:01,2026-10-08,oi,6,10,三連複,1-4-9,163.5,163.5,47,https://www.keiba.go.jp/KeibaWeb/TodayRaceInfo/Odds3LenFuku?k_babaCode=20&k_raceDate=2026%2F10%2F08&k_raceNo=6
2026-10-08 17:02:00,17:01,2026-10-08,oi,6,10,三連複,6-9-14,170.2,170.2,48,https://www.keiba.go.jp/KeibaWeb/TodayRaceInfo/Odds3LenFuku?k_babaCode=20&k_raceDate=2026%2F10%2F08&k_raceNo=6
2026-10-08 17:02:00,17:01,2026-10-08,oi,6,10,三連複,1-9-11,170.7,170.7,49,https://www.keiba.go.jp/KeibaWeb/TodayRaceInfo/Odds3LenFuku?k_babaCode=20&k_raceDate=2026%2F10%2F08&k_raceNo=6
2026-10-08 17:02:00,17:01,2026-10-08,oi,6,10,三連複,1-12-14,170.7,170.7,49,https://www.keiba.go.jp/KeibaWeb/TodayRaceInfo/Odds3LenFuku?k_babaCode=20&k_raceDate=2026%2F10%2F08&k_raceNo=6
2026-10-08 17:02:00,17:01,2026-10-08,oi,6,10,三連複,3-9-11,173.1,173.1,51,https://www.keiba.go.jp/KeibaWeb/TodayRaceInfo/Odds3LenFuku?k_babaCode=20&k_raceDate=2026%2F10%2F08&k_raceNo=6
2026-10-08 17:02:00,17:01,2026-10-08,oi,6,10,三連複,3-7-12,177.4,177.4,52,https://www.keiba.go.jp/KeibaWeb/TodayRaceInfo/Odds3LenFuku?k_babaCode=20&k_raceDate=2026%2F10%2F08&k_raceNo=6
2026-10-08 17:02:00,17:01,2026-10-08,oi,6,10,三連複,2-7-14,181.3,181.3,53,https://www.keiba.go.jp/KeibaWeb/TodayRaceInfo/Odds3LenFuku?k_babaCode=20&k_raceDate=2026%2F10%2F08&k_raceNo=6
2026-10-08 17:02:00,17:01,2026-10-08,oi,6,10,三連複,3-6-9,181.3,181.3,54,https://www.keiba.go.jp/KeibaWeb/TodayRaceInfo/Odds3LenFuku?k_babaCode=20&k_raceDate=2026%2F10%2F08&k_raceNo=6
2026-10-08 17:02:00,17:01,2026-10-08,oi,6,10,三連複,4-9-12,187.4,187.4,55,https://www.keiba.go.jp/KeibaWeb/TodayRaceInfo/Odds3LenFuku?k_babaCode=20&k_raceDate=2026%2F10%2F08&k_raceNo=6
2026-10-08 17:02:00,17:01,2026-10-08,oi,6,10,三連複,7-13-14,189.6,189.6,56,https://www.keiba.go.jp/KeibaWeb/TodayRaceInfo/Odds3LenFuku?k_babaCode=20&k_raceDate=2026%2F10%2F08&k_raceNo=6
2026-10-08 17:02:00,17:01,2026-10-08,oi,6,10,三連複,5-9-14,190.3,190.3,57,https://www.keiba.go.jp/KeibaWeb/TodayRaceInfo/Odds3LenFuku?k_babaCode=20&k_raceDate=2026%2F10%2F08&k_raceNo=6
2026-10-08 17:02:00,17:01,2026-10-08,oi,6,10,三連複,2-3-14,191.0,191.0,58,https://www.keiba.go.jp/KeibaWeb/TodayRaceInfo/Odds3LenFuku?k_babaCode=20&k_raceDate=2026%2F10%2F08&k_raceNo=6
2026-10-08 17:02:00,17:01,2026-10-08,oi,6,10,三連複,1-3-8,194.8,194.8,59,https://www.keiba.go.jp/KeibaWeb/TodayRaceInfo/Odds3LenFuku?k_babaCode=20&k_raceDate=2026%2F10%2F08&k_raceNo=6
2026-10-08 17:02:00,17:01,2026-10-08,oi,6,10,三連複,3-4-14,196.3,196.3,60,https://www.keiba.go.jp/KeibaWeb/TodayRaceInfo/Odds3LenFuku?k_babaCode=20&k_raceDate=2026%2F10%2F08&k_raceNo=6
2026-10-08 17:02:00,17:01,2026-10-08,oi,6,10,三連複,9-12-13,213.1,213.1,61,https://www.keiba.go.jp/KeibaWeb/TodayRaceInfo/Odds3LenFuku?k_babaCode=20&k_raceDate=2026%2F10%2F08&k_raceNo=6
2026-10-08 17:02:00,17:01,2026-10-08,oi,6,10,三連複,2-8-12,218.7,218.7,62,https://www.keiba.go.jp/KeibaWeb/TodayRaceInfo/Odds3LenFuku?k_babaCode=20&k_raceDate=2026%2F10%2F08&k_raceNo=6
2026-10-08 17:02:00,17:01,2026-10-08,oi,6,10,三連複,9-10-14,229.8,229.8,63,https://www.keiba.go.jp/KeibaWeb/TodayRaceInfo/Odds3LenFuku?k_babaCode=20&k_raceDate=2026%2F10%2F08&k_raceNo=6
2026-10-08 17:02:00,17:01,2026-10-08,oi,6,10,三連複,8-13-14,235.2,235.2,64,https://www.keiba.go.jp/KeibaWeb/TodayRaceInfo/Odds3LenFuku?k_babaCode=20&k_raceDate=2026%2F10%2F08&k_raceNo=6
2026-10-08 17:02:00,17:01,2026-10-08,oi,6,10,三連複,3-13-14,236.3,236.3,65,https://www.keiba.go.jp/KeibaWeb/TodayRaceInfo/Odds3LenFuku?k_babaCode=20&k_raceDate=2026%2F10%2F08&k_raceNo=6
2026-10-08 17:02:00,17:01,2026-10-08,oi,6,10,三連複,1-2-14,238.6,238.6,66,https://www.keiba.go.jp/KeibaWeb/TodayRaceInfo/Odds3LenFuku?k_babaCode=20&k_raceDate=2026%2F10%2F08&k_raceNo=6
2026-10-08 17:02:00,17:01,2026-10-08,oi,6,10,三連複,6-8-9,253.1,253.1,67,https://www.keiba.go.jp/KeibaWeb/TodayRaceInfo/Odds3LenFuku?k_babaCode=20&k_raceDate=2026%2F10%2F08&k_raceNo=6
2026-10-08 17:02:00,17:01,2026-10-08,oi,6,10,三連複,4-8-14,253.1,253.1,68,https://www.keiba.go.jp/KeibaWeb/TodayRaceInfo/Odds3LenFuku?k_babaCode=20&k_raceDate=2026%2F10%2F08&k_raceNo=6
2026-10-08 17:02:00,17:01,2026-10-08,oi,6,10,三連複,1-7-8,265.2,265.2,69,https://www.keiba.go.jp/KeibaWeb/TodayRaceInfo/Odds3LenFuku?k_babaCode=20&k_raceDate=2026%2F10%2F08&k_raceNo=6
2026-10-08 17:02:00,17:01,2026-10-08,oi,6,10,三連複,2-7-12,274.0,274.0,70,https://www.keiba.go.jp/KeibaWeb/TodayRaceInfo/Odds3LenFuku?k_babaCode=20&k_raceDate=2026%2F10%2F08&k_raceNo=6
2026-10-08 17:02:00,17:01,2026-10-08,oi,6,10,三連複,2-4-9,284.9,284.9,71,https://www.keiba.go.jp/KeibaWeb/TodayRaceInfo/Odds3LenFuku?k_babaCode=20&k_raceDate=2026%2F10%2F08&k_raceNo=6
2026-10-08 17:02:00,17:01,2026-10-08,oi,6,10,三連複,2-3-8,296.8,296.8,72,https://www.keiba.go.jp/KeibaWeb/TodayRaceInfo/Odds3LenFuku?k_babaCode=20&k_raceDate=2026%2F10%2F08&k_raceNo=6
2026-10-08 17:02:00,17:01,2026-10-08,oi,6,10,三連複,5-8-9,296.8,296.8,73,https://www.keiba.go.jp/KeibaWeb/TodayRaceInfo/Odds3LenFuku?k_babaCode=20&k_raceDate=2026%2F10%2F08&k_raceNo=6
2026-10-08 17:02:00,17:01,2026-10-08,oi,6,10,三連複,1-8-12,296.8,296.8,74,https://www.keiba.go.jp/KeibaWeb/TodayRaceInfo/Odds3LenFuku?k_babaCode=20&k_raceDate=2026%2F10%2F08&k_raceNo=6
2026-10-08 17:02:00,17:01,2026-10-08,oi,6,10,三連複,8-9-10,296.8,296.8,74,https://www.keiba.go.jp/KeibaWeb/TodayRaceInfo/Odds3LenFuku?k_babaCode=20&k_raceDate=2026%2F10%2F08&k_raceNo=6
2026-10-08 17:02:00,17:01,2026-10-08,oi,6,10,三連複,2-7-8,302.2,302.2,76,https://www.keiba.go.jp/KeibaWeb/TodayRaceInfo/Odds3LenFuku?k_babaCode=20&k_raceDate=2026%2F10%2F08&k_raceNo=6
2026-10-08 17:02:00,17:01,2026-10-08,oi,6,10,三連複,9-11-12,304.0,304.0,77,https://www.keiba.go.jp/KeibaWeb/TodayRaceInfo/Odds3LenFuku?k_babaCode=20&k_raceDate=2026%2F10%2F08&k_raceNo=6
2026-10-08 17:02:00,17:01,2026-10-08,oi,6,10,三連複,3-5-9,307.8,307.8,78,https://www.keiba.go.jp/KeibaWeb/TodayRaceInfo/Odds3LenFuku?k_babaCode=20&k_raceDate=2026%2F10%2F08&k_raceNo=6
2026-10-08 17:02:00,17:01,2026-10-08,oi,6,10,三連複,2-9-13,321.7,321.7,79,https://www.keiba.go.jp/KeibaWeb/TodayRaceInfo/Odds3LenFuku?k_babaCode=20&k_raceDate=2026%2F10%2F08&k_raceNo=6
2026-10-08 17:02:00,17:01,2026-10-08,oi,6,10,三連複,2-3-12,325.9,325.9,80,https://www.keiba.go.jp/KeibaWeb/TodayRaceInfo/Odds3LenFuku?k_babaCode=20&k_raceDate=2026%2F10%2F08&k_raceNo=6
2026-10-08 17:02:00,17:01,2026-10-08,oi,6,10,三連複,1-9-13,334.6,334.6,81,https://www.keiba.go.jp/KeibaWeb/TodayRaceInfo/Odds3LenFuku?k_babaCode=20&k_raceDate=2026%2F10%2F08&k_raceNo=6
2026-10-08 17:02:00,17:01,2026-10-08,oi,6,10,三連複,7-9-10,334.6,334.6,81,https://www.keiba.go.jp/KeibaWeb/TodayRaceInfo/Odds3LenFuku?k_babaCode=20&k_raceDate=2026%2F10%2F08&k_raceNo=6
2026-10-08 17:02:00,17:01,2026-10-08,oi,6,10,三連複,2-9-11,343.9,343.9,83,https://www.keiba.go.jp/KeibaWeb/TodayRaceInfo/Odds3LenFuku?k_babaCode=20&k_raceDate=2026%2F10%2F08&k_raceNo=6
2026-10-08 17:02:00,17:01,2026-10-08,oi,6,10,三連複,6-9-12,346.3,346.3,84,https://www.keiba.go.jp/KeibaWeb/TodayRaceInfo/Odds3LenFuku?k_babaCode=20&k_raceDate=2026%2F10%2F08&k_raceNo=6
2026-10-08 17:02:00,17:01,2026-10-08,oi,6,10,三連複,8-11-14,358.7,358.7,85,https://www.keiba.go.jp/KeibaWeb/TodayRaceInfo/Odds3LenFuku?k_babaCode=20&k_raceDate=2026%2F10%2F08&k_raceNo=6
2026-10-08 17:02:00,17:01,2026-10-08,oi,6,10,三連複,3-9-10,377.8,377.8,86,https://www.keiba.go.jp/KeibaWeb/TodayRaceInfo/Odds3LenFuku?k_babaCode=20&k_raceDate=2026%2F10%2F08&k_raceNo=6
2026-10-08 17:02:00,17:01,2026-10-08,oi,6,10,三連複,4-9-11,392.6,392.6,87,https://www.keiba.go.jp/KeibaWeb/TodayRaceInfo/Odds3LenFuku?k_babaCode=20&k_raceDate=2026%2F10%2F08&k_raceNo=6
2026-10-08 17:02:00,17:01,2026-10-08,oi,6,10,三連複,3-11-14,395.7,395.7,88,https://www.keiba.go.jp/KeibaWeb/TodayRaceInfo/Odds3LenFuku?k_babaCode=20&k_raceDate=2026%2F10%2F08&k_raceNo=6
2026-10-08 17:02:00,17:01,2026-10-08,oi,6,10,三連複,1-3-7,402.1,402.1,89,https://www.keiba.go.jp/KeibaWeb/TodayRaceInfo/Odds3LenFuku?k_babaCode=20&k_raceDate=2026%2F10%2F08&k_raceNo=6
2026-10-08 17:02:00,17:01,2026-10-08,oi,6,10,三連複,4-12-14,402.1,402.1,89,https://www.keiba.go.jp/KeibaWeb/TodayRaceInfo/Odds3LenFuku?k_babaCode=20&k_raceDate=2026%2F10%2F08&k_raceNo=6
2026-10-08 17:02:00,17:01,2026-10-08,oi,6,10,三連複,12-13-14,405.4,405.4,91,https://www.keiba.go.jp/KeibaWeb/TodayRaceInfo/Odds3LenFuku?k_babaCode=20&k_raceDate=2026%2F10%2F08&k_raceNo=6
2026-10-08 17:02:00,17:01,2026-10-08,oi,6,10,三連複,1-2-8,408.7,408.7,92,https://www.keiba.go.jp/KeibaWeb/TodayRaceInfo/Odds3LenFuku?k_babaCode=20&k_raceDate=2026%2F10%2F08&k_raceNo=6
2026-10-08 17:02:00,17:01,2026-10-08,oi,6,10,三連複,3-4-8,408.7,408.7,92,https://www.keiba.go.jp/KeibaWeb/TodayRaceInfo/Odds3LenFuku?k_babaCode=20&k_raceDate=2026%2F10%2F08&k_raceNo=6
2026-10-08 17:02:00,17:01,2026-10-08,oi,6,10,三連複,4-7-14,415.5,415.5,94,https://www.keiba.go.jp/KeibaWeb/TodayRaceInfo/Odds3LenFuku?k_babaCode=20&k_raceDate=2026%2F10%2F08&k_raceNo=6
2026-10-08 17:02:00,17:01,2026-10-08,oi,6,10,三連複,1-4-14,426.2,426.2,95,https://www.keiba.go.jp/KeibaWeb/TodayRaceInfo/Odds3LenFuku?k_babaCode=20&k_raceDate=2026%2F10%2F08&k_raceNo=6
2026-10-08 17:02:00,17:01,2026-10-08,oi,6,10,三連複,1-2-3,441.3,441.3,96,https://www.keiba.go.jp/KeibaWeb/TodayRaceInfo/Odds3LenFuku?k_babaCode=20&k_raceDate=2026%2F10%2F08&k_raceNo=6
2026-10-08 17:02:00,17:01,2026-10-08,oi,6,10,三連複,1-9-10,441.3,441.3,96,https://www.keiba.go.jp/KeibaWeb/TodayRaceInfo/Odds3LenFuku?k_babaCode=20&k_raceDate=2026%2F10%2F08&k_raceNo=6
2026-10-08 17:02:00,17:01,2026-10-08,oi,6,10,三連複,4-8-12,445.2,445.2,98,https://www.keiba.go.jp/KeibaWeb/TodayRaceInfo/Odds3LenFuku?k_babaCode=20&k_raceDate=2026%2F10%2F08&k_raceNo=6
2026-10-08 17:02:00,17:01,2026-10-08,oi,6,10,三連複,1-2-12,445.2,445.2,99,https://www.keiba.go.jp/KeibaWeb/TodayRaceInfo/Odds3LenFuku?k_babaCode=20&k_raceDate=2026%2F10%2F08&k_raceNo=6
2026-10-08 17:02:00,17:01,2026-10-08,oi,6,10,三連複,6-7-9,449.2,449.2,100,https://www.keiba.go.jp/KeibaWeb/TodayRaceInfo/Odds3LenFuku?k_babaCode=20&k_raceDate=2026%2F10%2F08&k_raceNo=6
2026-10-08 17:02:00,17:01,2026-10-08,oi,6,10,三連複,3-8-13,453.3,453.3,101,https://www.keiba.go.jp/KeibaWeb/TodayRaceInfo/Odds3LenFuku?k_babaCode=20&k_raceDate=2026%2F10%2F08&k_raceNo=6
2026-10-08 17:02:00,17:01,2026-10-08,oi,6,10,三連複,1-6-9,453.3,453.3,102,https://www.keiba.go.jp/KeibaWeb/TodayRaceInfo/Odds3LenFuku?k_babaCode=20&k_raceDate=2026%2F10%2F08&k_raceNo=6
2026-10-08 17:02:00,17:01,2026-10-08,oi,6,10,三連複,7-11-14,457.5,457.5,103,https://www.keiba.go.jp/KeibaWeb/TodayRaceInfo/Odds3LenFuku?k_babaCode=20&k_raceDate=2026%2F10%2F08&k_raceNo=6
2026-10-08 17:02:00,17:01,2026-10-08,oi,6,10,三連複,5-7-9,457.5,457.5,104,https://www.keiba.go.jp/KeibaWeb/TodayRaceInfo/Odds3LenFuku?k_babaCode=20&k_raceDate=2026%2F10%2F08&k_raceNo=6
2026-10-08 17:02:00,17:01,2026-10-08,oi,6,10,三連複,2-13-14,461.7,461.7,105,https://www.keiba.go.jp/KeibaWeb/TodayRaceInfo/Odds3LenFuku?k_babaCode=20&k_raceDate=2026%2F10%2F08&k_raceNo=6
2026-10-08 17:02:00,17:01,2026-10-08,oi,6,10,三連複,4-7-8,461.7,461.7,106,https://www.keiba.go.jp/KeibaWeb/TodayRaceInfo/Odds3LenFuku?k_babaCode=20&k_raceDate=2026%2F10%2F08&k_raceNo=6
2026-10-08 17:02:00,17:01,2026-10-08,oi,6,10,三連複,2-6-9,474.9,474.9,107,https://www.keiba.go.jp/KeibaWeb/TodayRaceInfo/Odds3LenFuku?k_babaCode=20&k_raceDate=2026%2F10%2F08&k_raceNo=6
2026-10-08 17:02:00,17:01,2026-10-08,oi,6,10,三連複,3-6-14,479.5,479.5,108,https://www.keiba.go.jp/KeibaWeb/TodayRaceInfo/Odds3LenFuku?k_babaCode=20&k_raceDate=2026%2F10%2F08&k_raceNo=6
2026-10-08 17:02:00,17:01,2026-10-08,oi,6,10,三連複,3-8-11,498.6,498.6,109,https://www.keiba.go.jp/KeibaWeb/TodayRaceInfo/Odds3LenFuku?k_babaCode=20&k_raceDate=2026%2F10%2F08&k_raceNo=6
2026-10-08 17:02:00,17:01,2026-10-08,oi,6,10,三連複,1-5-9,519.4,519.4,110,https://www.keiba.go.jp/KeibaWeb/TodayRaceInfo/Odds3LenFuku?k_babaCode=20&k_raceDate=2026%2F10%2F08&k_raceNo=6
2026-10-08 17:02:00,17:01,2026-10-08,oi,6,10,三連複,1-3-12,542.0,542.0,111,https://www.keiba.go.jp/KeibaWeb/TodayRaceInfo/Odds3LenFuku?k_babaCode=20&k_raceDate=2026%2F10%2F08&k_raceNo=6
2026-10-08 17:02:00,17:01,2026-10-08,oi,6,10,三連複,7-8-13,542.0,542.0,111,https://www.keiba.go.jp/KeibaWeb/TodayRaceInfo/Odds3LenFuku?k_babaCode=20&k_raceDate=2026%2F10%2F08&k_raceNo=6
2026-10-08 17:02:00,17:01,2026-10-08,oi,6,10,三連複,3-4-12,548.0,548.0,113,https://www.keiba.go.jp/KeibaWeb/TodayRaceInfo/Odds3LenFuku?k_babaCode=20&k_raceDate=2026%2F10%2F08&k_raceNo=6
2026-10-08 17:02:00,17:01,2026-10-08,oi,6,10,三連複,1-7-12,554.1,554.1,114,https://www.keiba.go.jp/KeibaWeb/TodayRaceInfo/Odds3LenFuku?k_babaCode=20&k_raceDate=2026%2F10%2F08&k_raceNo=6
2026-10-08 17:02:00,17:01,2026-10-08,oi,6,10,三連複,2-3-7,566.7,566.7,115,https://www.keiba.go.jp/KeibaWeb/TodayRaceInfo/Odds3LenFuku?k_babaCode=20&k_raceDate=2026%2F10%2F08&k_raceNo=6
2026-10-08 17:02:00,17:01,2026-10-08,oi,6,10,三連複,2-5-9,566.7,566.7,115,https://www.keiba.go.jp/KeibaWeb/TodayRaceInfo/Odds3LenFuku?k_babaCode=20&k_raceDate=2026%2F10%2F08&k_raceNo=6
2026-10-08 17:02:00,17:01,2026-10-08,oi,6,10,三連複,3-4-7,566.7,566.7,115,https://www.keiba.go.jp/KeibaWeb/TodayRaceInfo/Odds3LenFuku?k_babaCode=20&k_raceDate=2026%2F10%2F08&k_raceNo=6
2026-10-08 17:02:00,17:01,2026-10-08,oi,6,10,三連複,6-8-14,566.7,566.7,115,https://www.keiba.go.jp/KeibaWeb/TodayRaceInfo/Odds3LenFuku?k_babaCode=20&k_raceDate=2026%2F10%2F08&k_raceNo=6
2026-10-08 17:02:00,17:01,2026-10-08,oi,6,10,三連複,3-7-13,579.8,579.8,119,https://www.keiba.go.jp/KeibaWeb/TodayRaceInfo/Odds3LenFuku?k_babaCode=20&k_raceDate=2026%2F10%2F08&k_raceNo=6
2026-10-08 17:02:00,17:01,2026-10-08,oi,6,10,三連複,1-11-14,586.7,586.7,120,https://www.keiba.go.jp/KeibaWeb/TodayRaceInfo/Odds3LenFuku?k_babaCode=20&k_raceDate=2026%2F10%2F08&k_raceNo=6
2026-10-08 17:02:00,17:01,2026-10-08,oi,6,10,三連複,4-5-9,600.8,600.8,121,https://www.keiba.go.jp/KeibaWeb/TodayRaceInfo/Odds3LenFuku?k_babaCode=20&k_raceDate=2026%2F10%2F08&k_raceNo=6
2026-10-08 17:02:00,17:01,2026-10-08,oi,6,10,三連複,7-8-11,623.3,623.3,122,https://www.keiba.go.jp/KeibaWeb/TodayRaceInfo/Odds3LenFuku?k_babaCode=20&k_raceDate=2026%2F10%2F08&k_raceNo=6
2026-10-08 17:02:00,17:01,2026-10-08,oi,6,10,三連複,11-12-14,631.2,631.2,123,https://www.keiba.go.jp/KeibaWeb/TodayRaceInfo/Odds3LenFuku?k_babaCode=20&k_raceDate=2026%2F10%2F08&k_raceNo=6
2026-10-08 17:02:00,17:01,2026-10-08,oi,6,10,三連複,1-2-7,639.3,639.3,124,https://www.keiba.go.jp/KeibaWeb/TodayRaceInfo/Odds3LenFuku?k_babaCode=20&k_raceDate=2026%2F10%2F08&k_raceNo=6
2026-10-08 17:02:00,17:01,2026-10-08,oi,6,10,三連複,5-9-12,664.9,664.9,125,https://www.keiba.go.jp/KeibaWeb/TodayRaceInfo/Odds3LenFuku?k_babaCode=20&k_raceDate=2026%2F10%2F08&k_raceNo=6
2026-10-08 17:02:00,17:01,2026-10-08,oi,6,10,三連複,9-10-11,673.9,673.9,126,https://www.keiba.go.jp/KeibaWeb/TodayRaceInfo/Odds3LenFuku?k_babaCode=20&k_raceDate=2026%2F10%2F08&k_raceNo=6
2026-10-08 17:02:00,17:01,2026-10-08,oi,6,10,三連複,3-10-14,692.6,692.6,127,https://www.keiba.go.jp/KeibaWeb/TodayRaceInfo/Odds3LenFuku?k_babaCode=20&k_raceDate=2026%2F10%2F08&k_raceNo=6
2026-10-08 17:02:00,17:01,2026-10-08,oi,6,10,三連複,1-4-8,702.3,702.3,128,https://www.keiba.go.jp/KeibaWeb/TodayRaceInfo/Odds3LenFuku?k_babaCode=20&k_raceDate=2026%2F10%2F08&k_raceNo=6
2026-10-08 17:02:00,17:01,2026-10-08,oi,6,10,三連複,2-9-10,712.4,712.4,129,https://www.keiba.go.jp/KeibaWeb/TodayRaceInfo/Odds3LenFuku?k_babaCode=20&k_raceDate=2026%2F10%2F08&k_raceNo=6
2026-10-08 17:02:00,17:01,2026-10-08,oi,6,10,三連複,3-5-14,712.4,712.4,129,https://www.keiba.go.jp/KeibaWeb/TodayRaceInfo/Odds3LenFuku?k_babaCode=20&k_raceDate=2026%2F10%2F08&k_raceNo=6
2026-10-08 17:02:00,17:01,2026-10-08,oi,6,10,三連複,4-7-12,712.4,712.4,129,https://www.keiba.go.jp/KeibaWeb/TodayRaceInfo/Odds3LenFuku?k_babaCode=20&k_raceDate=2026%2F10%2F08&k_raceNo=6
2026-10-08 17:02:00,17:01,2026-10-08,oi,6,10,三連複,2-4-8,733.3,733.3,132,https://www.keiba.go.jp/KeibaWeb/TodayRaceInfo/Odds3LenFuku?k_babaCode=20&k_raceDate=2026%2F10%2F08&k_raceNo=6
2026-10-08 17:02:00,17:01,2026-10-08,oi,6,10,三連複,3-5-8,733.3,733.3,132,https://www.keiba.go.jp/KeibaWeb/TodayRaceInfo/Odds3LenFuku?k_babaCode=20&k_raceDate=2026%2F10%2F08&k_raceNo=6
2026-10-08 17:02:00,17:01,2026-10-08,oi,6,10,三連複,1-13-14,755.6,755.6,134,https://www.keiba.go.jp/KeibaWeb/TodayRaceInfo/Odds3LenFuku?k_babaCode=20&k_raceDate=2026%2F10%2F08&k_raceNo=6
2026-10-08 17:02:00,17:01,2026-10-08,oi,6,10,三連複,4-9-13,755.6,755.6,134,https://www.keiba.go.jp/KeibaWeb/TodayRaceInfo/Odds3LenFuku?k_babaCode=20&k_raceDate=2026%2F10%2F08&k_raceNo=6
2026-10-08 17:02:00,17:01,2026-10-08,oi,6,10,三連複,1-3-4,779.2,779.2,136,https://www.keiba.go.jp/KeibaWeb/TodayRaceInfo/Odds3LenFuku?k_babaCode=20&k_raceDate=2026%2F10%2F08&k_raceNo=6
2026-10-08 17:02:00,17:01,2026-10-08,oi,6,10,三連複,2-4-14,779.2,779.2,136,https://www.keiba.go.jp/KeibaWeb/TodayRaceInfo/Odds3LenFuku?k_babaCode=20&k_raceDate=2026%2F10%2F08&k_raceNo=6
2026-10-08 17:02:00,17:01,2026-10-08,oi,6,10,三連複,3-6-8,791.5,791.5,138,https://www.keiba.go.jp/KeibaWeb/TodayRaceInfo/Odds3LenFuku?k_babaCode=20&k_raceDate=2026%2F10%2F08&k_raceNo=6
2026-10-08 17:02:00,17:01,2026-10-08,oi,6,10,三連複,3-12-13,791.5,791.5,139,https://www.keiba.go.jp/KeibaWeb/TodayRaceInfo/Odds3LenFuku?k_babaCode=20&k_raceDate=2026%2F10%2F08&k_raceNo=6
2026-10-08 17:02:00,17:01,2026-10-08,oi,6,10,三連複,2-11-14,804.3,804.3,140,https://www.keiba.go.jp/KeibaWeb/TodayRaceInfo/Odds3LenFuku?k_babaCode=20&k_raceDate=2026%2F10%2F08&k_raceNo=6
2026-10-08 17:02:00,17:01,2026-10-08,oi,6,10,三連複,9-10-12,817.5,817.5,141,https://www.keiba.go.jp/KeibaWeb/TodayRaceInfo/Odds3LenFuku?k_babaCode=20&k_raceDate=2026%2F10%2F08&k_raceNo=6
2026-10-08 17:02:00,17:01,2026-10-08,oi,6,10,三連複,7-12-13,831.1,831.1,142,https://www.keiba.go.jp/KeibaWeb/TodayRaceInfo/Odds3LenFuku?k_babaCode=20&k_raceDate=2026%2F10%2F08&k_raceNo=6
2026-10-08 17:02:00,17:01,2026-10-08,oi,6,10,三連複,2-3-4,859.8,859.8,143,https://www.keiba.go.jp/KeibaWeb/TodayRaceInfo/Odds3LenFuku?k_babaCode=20&k_raceDate=2026%2F10%2F08&k_raceNo=6
2026-10-08 17:02:00,17:01,2026-10-08,oi,6,10,三連複,1-8-11,874.9,874.9,144,https://www.keiba.go.jp/KeibaWeb/TodayRaceInfo/Odds3LenFuku?k_babaCode=20&k_raceDate=2026%2F10%2F08&k_raceNo=6
2026-10-08 17:02:00,17:01,2026-10-08,oi,6,10,三連複,6-12-14,874.9,874.9,144,https://www.keiba.go.jp/KeibaWeb/TodayRaceInfo/Odds3LenFuku?k_babaCode=20&k_raceDate=2026%2F10%2F08&k_raceNo=6
2026-10-08 17:02:00,17:01,2026-10-08,oi,6,10,三連複,5-8-14,890.5,890.5,146,https://www.keiba.go.jp/KeibaWeb/TodayRaceInfo/Odds3LenFuku?k_babaCode=20&k_raceDate=2026%2F10%2F08&k_raceNo=6
2026-10-08 17:02:00,17:01,2026-10-08,oi,6,10,三連複,8-12-13,890.5,890.5,146,https://www.keiba.go.jp/KeibaWeb/TodayRaceInfo/Odds3LenFuku?k_babaCode=20&k_raceDate=2026%2F10%2F08&k_raceNo=6
2026-10-08 17:02:00,17:01,2026-10-08,oi,6,10,三連複,1-7-11,940.9,940.9,148,https://www.keiba.go.jp/KeibaWeb/TodayRaceInfo/Odds3LenFuku?k_babaCode=20&k_raceDate=2026%2F10%2F08&k_raceNo=6
2026-10-08 17:02:00,17:01,2026-10-08,oi,6,10,三連複,1-4-7,959.0,959.0,149,https://www.keiba.go.jp/KeibaWeb/TodayRaceInfo/Odds3LenFuku?k_babaCode=20&k_raceDate=2026%2F10%2F08&k_raceNo=6
2026-10-08 17:02:00,17:01,2026-10-08,oi,6,10,三連複,1-6-14,959.0,959.0,149,https://www.keiba.go.jp/KeibaWeb/TodayRaceInfo/Odds3LenFuku?k_babaCode=20&k_raceDate=2026%2F10%2F08&k_raceNo=6
2026-10-08 17:02:00,17:01,2026-10-08,oi,6,10,三連複,4-13-14,959.0,959.0,149,https://www.keiba.go.jp/KeibaWeb/TodayRaceInfo/Odds3LenFuku?k_babaCode=20&k_raceDate=2026%2F10%2F08&k_raceNo=6
2026-10-08 17:02:00,17:01,2026-10-08,oi,6,10,三連複,8-11-12,959.0,959.0,149,https://www.keiba.go.jp/KeibaWeb/TodayRaceInfo/Odds3LenFuku?k_babaCode=20&k_raceDate=2026%2F10%2F08&k_raceNo=6
2026-10-08 17:02:00,17:01,2026-10-08,oi,6,10,三連複,4-11-14,977.8,977.8,153,https://www.keiba.go.jp/KeibaWeb/TodayRaceInfo/Odds3LenFuku?k_babaCode=20&k_raceDate=2026%2F10%2F08&k_raceNo=6
2026-10-08 17:02:00,17:01,2026-10-08,oi,6,10,三連複,3-5-12,997.3,997.3,154,https://www.keiba.go.jp/KeibaWeb/TodayRaceInfo/Odds3LenFuku?k_babaCode=20&k_raceDate=2026%2F10%2F08&k_raceNo=6
2026-10-08 17:02:00,17:01,2026-10-08,oi,6,10,三連複,1-5-8,1017.7,1017.7,155,https://www.keiba.go.jp/KeibaWeb/TodayRaceInfo/Odds3LenFuku?k_babaCode=20&k_raceDate=2026%2F10%2F08&k_raceNo=6
2026-10-08 17:02:00,17:01,2026-10-08,oi,6,10,三連複,2-4-7,1017.7,1017.7,155,https://www.keiba.go.jp/KeibaWeb/TodayRaceInfo/Odds3LenFuku?k_babaCode=20&k_raceDate=2026%2F10%2F08&k_raceNo=6
2026-10-08 17:02:00,17:01,2026-10-08,oi,6,10,三連複,2-8-13,1038.9,1038.9,157,https://www.keiba.go.jp/KeibaWeb/TodayRaceInfo/Odds3LenFuku?k_babaCode=20&k_raceDate=2026%2F10%2F08&k_raceNo=6
2026-10-08 17:02:00,17:01,2026-10-08,oi,6,10,三連複,8-10-14,1038.9,1038.9,158,https://www.keiba.go.jp/KeibaWeb/TodayRaceInfo/Odds3LenFuku?k_babaCode=20&k_raceDate=2026%2F10%2F08&k_raceNo=6
2026-10-08 17:02:00,17:01,2026-10-08,oi,6,10,三連複,4-6-9,1061.0,1061.0,159,https://www.keiba.go.jp/KeibaWeb/TodayRaceInfo/Odds3LenFuku?k_babaCode=20&k_raceDate=2026%2F10%2F08&k_raceNo=6
2026-10-08 17:02:00,17:01,2026-10-08,oi,6,10,三連複,2-4-12,1108.2,1108.2,160,https://www.keiba.go.jp/KeibaWeb/TodayRaceInfo/Odds3LenFuku?k_babaCode=20&k_raceDate=2026%2F10%2F08&k_raceNo=6
2026-10-08 17:02:00,17:01,2026-10-08,oi,6,10,三連複,6-7-14,1108.2,1108.2,160,https://www.keiba.go.jp/KeibaWeb/TodayRaceInfo/Odds3LenFuku?k_babaCode=20&k_raceDate=2026%2F10%2F08&k_raceNo=6
2026-10-08 17:02:00,17:01,2026-10-08,oi,6,10,三連複,3-11-12,1133.4,1133.4,162,https://www.keiba.go.jp/KeibaWeb/TodayRaceInfo/Odds3LenFuku?k_babaCode=20&k_raceDate=2026%2F10%2F08&k_raceNo=6
2026-10-08 17:02:00,17:01,2026-10-08,oi,6,10,三連複,1-8-13,1187.3,1187.3,163,https://www.keiba.go.jp/KeibaWeb/TodayRaceInfo/Odds3LenFuku?k_babaCode=20&k_raceDate=2026%2F10%2F08&k_raceNo=6
2026-10-08 17:02:00,17:01,2026-10-08,oi,6,10,三連複,6-9-13,1187.3,1187.3,163,https://www.keiba.go.jp/KeibaWeb/TodayRaceInfo/Odds3LenFuku?k_babaCode=20&k_raceDate=2026%2F10%2F08&k_raceNo=6
2026-10-08 17:02:00,17:01,2026-10-08,oi,6,10,三連複,2-6-8,1216.3,1216.3,165,https://www.keiba.go.jp/KeibaWeb/TodayRaceInfo/Odds3LenFuku?k_babaCode=20&k_raceDate=2026%2F10%2F08&k_raceNo=6
2026-10-08 17:02:00,17:01,2026-10-08,oi,6,10,三連複,9-11-13,1246.7,1246.7,166,https://www.keiba.go.jp/KeibaWeb/TodayRaceInfo/Odds3LenFuku?k_babaCode=20&k_raceDate=2026%2F10%2F08&k_raceNo=6
2026-10-08 17:02:00,17:01,2026-10-08,oi,6,10,三連複,5-9-11,1246.7,1246.7,167,https://www.keiba.go.jp/KeibaWeb/TodayRaceInfo/Odds3LenFuku?k_babaCode=20&k_raceDate=2026%2F10%2F08&k_raceNo=6
2026-10-08 17:02:00,17:01,2026-10-08,oi,6,10,三連複,10-12-14,1246.7,1246.7,167,https://www.keiba.go.jp/KeibaWeb/TodayRaceInfo/Odds3LenFuku?k_babaCode=20&k_raceDate=2026%2F10%2F08&k_raceNo=6
2026-10-08 17:02:00,17:01,2026-10-08,oi,6,10,三連複,1-6-8,1278.7,1278.7,169,https://www.keiba.go.jp/KeibaWeb/TodayRaceInfo/Odds3LenFuku?k_babaCode=20&k_raceDate=2026%2F10%2F08&k_raceNo=6
2026-10-08 17:02:00,17:01,2026-10-08,oi,6,10,三連複,3-6-12,1312.3,1312.3,170,https://www.keiba.go.jp/KeibaWeb/TodayRaceInfo/Odds3LenFuku?k_babaCode=20&k_raceDate=2026%2F10%2F08&k_raceNo=6
2026-10-08 17:02:00,17:01,2026-10-08,oi,6,10,三連複,1-3-13,1347.8,1347.8,171,https://www.keiba.go.jp/KeibaWeb/TodayRaceInfo/Odds3LenFuku?k_babaCode=20&k_raceDate=2026%2F10%2F08&k_raceNo=6
2026-10-08 17:02:00,17:01,2026-10-08,oi,6,10,三連複,5-7-8,1347.8,1347.8,171,https://www.keiba.go.jp/KeibaWeb/TodayRaceInfo/Odds3LenFuku?k_babaCode=20&k_raceDate=2026%2F10%2F08&k_raceNo=6
2026-10-08 17:02:00,17:01,2026-10-08,oi,6,10,三連複,5-12-14,1347.8,1347.8,171,https://www.keiba.go.jp/KeibaWeb/TodayRaceInfo/Odds3LenFuku?k_babaCode=20&k_raceDate=2026%2F10%2F08&k_raceNo=6
2026-10-08 17:02:00,17:01,2026-10-08,oi,6,10,三連複,6-8-12,1347.8,1347.8,171,https://www.keiba.go.jp/KeibaWeb/TodayRaceInfo/Odds3LenFuku?k_babaCode=20&k_raceDate=2026%2F10%2F08&k_raceNo=6
2026-10-08 17:02:00,17:01,2026-10-08,oi,6,10,三連複,7-10-14,1347.8,1347.8,171,https://www.keiba.go.jp/KeibaWeb/TodayRaceInfo/Odds3LenFuku?k_babaCode=20&k_raceDate=2026%2F10%2F08&k_raceNo=6
2026-10-08 17:02:00,17:01,2026-10-08,oi,6,10,三連複,1-2-4,1385.2,1385.2,176,https://www.keiba.go.jp/KeibaWeb/TodayRaceInfo/Odds3LenFuku?k_babaCode=20&k_raceDate=2026%2F10%2F08&k_raceNo=6
2026-10-08 17:02:00,17:01,2026-10-08,oi,6,10,三連複,2-3-6,1385.2,1385.2,176,https://www.keiba.go.jp/KeibaWeb/TodayRaceInfo/Odds3LenFuku?k_babaCode=20&k_raceDate=2026%2F10%2F08&k_raceNo=6
2026-10-08 17:02:00,17:01,2026-10-08,oi,6,10,三連複,2-8-11,1385.2,1385.2,176,https://www.keiba.go.jp/KeibaWeb/TodayRaceInfo/Odds3LenFuku?k_babaCode=20&k_raceDate=2026%2F10%2F08&k_raceNo=6
2026-10-08 17:02:00,17:01,2026-10-08,oi,6,10,三連複,3-5-7,1385.2,1385.2,176,https://www.keiba.go.jp/KeibaWeb/TodayRaceInfo/Odds3LenFuku?k_babaCode=20&k_raceDate=2026%2F10%2F08&k_raceNo=6
2026-10-08 17:02:00,17:01,2026-10-08,oi,6,10,三連複,3-10-12,1385.2,1385.2,176,https://www.keiba.go.jp/KeibaWeb/TodayRaceInfo/Odds3LenFuku?k_babaCode=20&k_raceDate=2026%2F10%2F08&k_raceNo=6
2026-10-08 17:02:00,17:01,2026-10-08,oi,6,10,三連複,4-8-11,1385.2,1385.2,176,https://www.keiba.go.jp/KeibaWeb/TodayRaceInfo/Odds3LenFuku?k_babaCode=20&k_raceDate=2026%2F10%2F08&k_raceNo=6
2026-10-08 17:02:00,17:01,2026-10-08,oi,6,10,三連複,3-6-7,1424.8,1424.8,182,https://www.keiba.go.jp/KeibaWeb/TodayRaceInfo/Odds3LenFuku?k_babaCode=20&k_raceDate=2026%2F10%2F08&k_raceNo=6
2026-10-08 17:02:00,17:01,2026-10-08,oi,6,10,三連複,4-7-11,1424.8,1424.8,182,https://www.keiba.go.jp/KeibaWeb/TodayRaceInfo/Odds3LenFuku?k_babaCode=20&k_raceDate=2026%2F10%2F08&k_raceNo=6
2026-10-08 17:02:00,17:01,2026-10-08,oi,6,10,三連複,5-8-12,1424.8,1424.8,182,https://www.keiba.go.jp/KeibaWeb/TodayRaceInfo/Odds3LenFuku?k_babaCode=20&k_raceDate=2026%2F10%2F08&k_raceNo=6
2026-10-08 17:02:00,17:01,2026-10-08,oi,6,10,三連複,7-11-12,1424.8,1424.8,182,https://www.keiba.go.jp/KeibaWeb/TodayRaceInfo/Odds3LenFuku?k_babaCode=20&k_raceDate=2026%2F10%2F08&k_raceNo=6
2026-10-08 17:02:00,17:01,2026-10-08,oi,6,10,三連複,2-3-13,1466.7,1466.7,186,https://www.keiba.go.jp/KeibaWeb/TodayRaceInfo/Odds3LenFuku?k_babaCode=20&k_raceDate=2026%2F10%2F08&k_raceNo=6
2026-10-08 17:02:00,17:01,2026-10-08,oi,6,10,三連複,3-7-11,1466.7,1466.7,187,https://www.keiba.go.jp/KeibaWeb/TodayRaceInfo/Odds3LenFuku?k_babaCode=20&k_raceDate=2026%2F10%2F08&k_raceNo=6
2026-10-08 17:02:00,17:01,2026-10-08,oi,6,10,三連複,6-10-11,1466.7,1466.7,187,https://www.keiba.go.jp/KeibaWeb/TodayRaceInfo/Odds3LenFuku?k_babaCode=20&k_raceDate=2026%2F10%2F08&k_raceNo=6
2026-10-08 17:02:00,17:01,2026-10-08,oi,6,10,三連複,2-11-12,1511.2,1511.2,189,https://www.keiba.go.jp/KeibaWeb/TodayRaceInfo/Odds3LenFuku?k_babaCode=20&k_raceDate=2026%2F10%2F08&k_raceNo=6
2026-10-08 17:02:00,17:01,2026-10-08,oi,6,10,三連複,4-9-10,1511.2,1511.2,189,https://www.keiba.go.jp/KeibaWeb/TodayRaceInfo/Odds3LenFuku?k_babaCode=20&k_raceDate=2026%2F10%2F08&k_raceNo=6
2026-10-08 17:02:00,17:01,2026-10-08,oi,6,10,三連複,5-7-12,1511.2,1511.2,189,https://www.keiba.go.jp/KeibaWeb/TodayRaceInfo/Odds3LenFuku?k_babaCode=20&k_raceDate=2026%2F10%2F08&k_raceNo=6
2026-10-08 17:02:00,17:01,2026-10-08,oi,6,10,三連複,2-6-14,1558.4,1558.4,192,https://www.keiba.go.jp/KeibaWeb/TodayRaceInfo/Odds3LenFuku?k_babaCode=20&k_raceDate=2026%2F10%2F08&k_raceNo=6
2026-10-08 17:02:00,17:01,2026-10-08,oi,6,10,三連複,2-7-11,1558.4,1558.4,192,https://www.keiba.go.jp/KeibaWeb/TodayRaceInfo/Odds3LenFuku?k_babaCode=20&k_raceDate=2026%2F10%2F08&k_raceNo=6
2026-10-08 17:02:00,17:01,2026-10-08,oi,6,10,三連複,2-7-13,1558.4,1558.4,192,https://www.keiba.go.jp/KeibaWeb/TodayRaceInfo/Odds3LenFuku?k_babaCode=20&k_raceDate=2026%2F10%2F08&k_raceNo=6
2026-10-08 17:02:00,17:01,2026-10-08,oi,6,10,三連複,2-10-12,1558.4,1558.4,192,https://www.keiba.go.jp/KeibaWeb/TodayRaceInfo/Odds3LenFuku?k_babaCode=20&k_raceDate=2026%2F10%2F08&k_raceNo=6
2026-10-08 17:02:00,17:01,2026-10-08,oi,6,10,三連複,3-4-5,1558.4,1558.4,192,https://www.keiba.go.jp/KeibaWeb/TodayRaceInfo/Odds3LenFuku?k_babaCode=20&k_raceDate=2026%2F10%2F08&k_raceNo=6
2026-10-08 17:02:00,17:01,2026-10-08,oi,6,10,三連複,3-8-10,1558.4,1558.4,192,https://www.keiba.go.jp/KeibaWeb/TodayRaceInfo/Odds3LenFuku?k_babaCode=20&k_raceDate=2026%2F10%2F08&k_raceNo=6
2026-10-08 17:02:00,17:01,2026-10-08,oi,6,10,三連複,5-9-13,1558.4,1558.4,192,https://www.keiba.go.jp/KeibaWeb/TodayRaceInfo/Odds3LenFuku?k_babaCode=20&k_raceDate=2026%2F10%2F08&k_raceNo=6
2026-10-08 17:02:00,17:01,2026-10-08,oi,6,10,三連複,6-7-8,1558.4,1558.4,192,https://www.keiba.go.jp/KeibaWeb/TodayRaceInfo/Odds3LenFuku?k_babaCode=20&k_raceDate=2026%2F10%2F08&k_raceNo=6
2026-10-08 17:02:00,17:01,2026-10-08,oi,6,10,三連複,5-7-14,1662.3,1662.3,200,https://www.keiba.go.jp/KeibaWeb/TodayRaceInfo/Odds3LenFuku?k_babaCode=20&k_raceDate=2026%2F10%2F08&k_raceNo=6
2026-10-08 17:02:00,17:01,2026-10-08,oi,6,10,三連複,5-8-11,1662.3,1662.3,200,https://www.keiba.go.jp/KeibaWeb/TodayRaceInfo/Odds3LenFuku?k_babaCode=20&k_raceDate=2026%2F10%2F08&k_raceNo=6
2026-10-08 17:02:00,17:01,2026-10-08,oi,6,10,三連複,1-3-6,1719.6,1719.6,202,https://www.keiba.go.jp/KeibaWeb/TodayRaceInfo/Odds3LenFuku?k_babaCode=20&k_raceDate=2026%2F10%2F08&k_raceNo=6
2026-10-08 17:02:00,17:01,2026-10-08,oi,6,10,三連複,6-9-11,1719.6,1719.6,202,https://www.keiba.go.jp/KeibaWeb/TodayRaceInfo/Odds3LenFuku?k_babaCode=20&k_raceDate=2026%2F10%2F08&k_raceNo=6
2026-10-08 17:02:00,17:01,2026-10-08,oi,6,10,三連複,4-5-8,1781.0,1781.0,204,https://www.keiba.go.jp/KeibaWeb/TodayRaceInfo/Odds3LenFuku?k_babaCode=20&k_raceDate=2026%2F10%2F08&k_raceNo=6
2026-10-08 17:02:00,17:01,2026-10-08,oi,6,10,三連複,1-4-12,1847.0,1847.0,205,https://www.keiba.go.jp/KeibaWeb/TodayRaceInfo/Odds3LenFuku?k_babaCode=20&k_raceDate=2026%2F10%2F08&k_raceNo=6
2026-10-08 17:02:00,17:01,2026-10-08,oi,6,10,三連複,2-6-7,1847.0,1847.0,205,https://www.keiba.go.jp/KeibaWeb/TodayRaceInfo/Odds3LenFuku?k_babaCode=20&k_raceDate=2026%2F10%2F08&k_raceNo=6
2026-10-08 17:02:00,17:01,2026-10-08,oi,6,10,三連複,2-6-12,1847.0,1847.0,205,https://www.keiba.go.jp/KeibaWeb/TodayRaceInfo/Odds3LenFuku?k_babaCode=20&k_raceDate=2026%2F10%2F08&k_raceNo=6
2026-10-08 17:02:00,17:01,2026-10-08,oi,6,10,三連複,2-10-14,1847.0,1847.0,205,https://www.keiba.go.jp/KeibaWeb/TodayRaceInfo/Odds3LenFuku?k_babaCode=20&k_raceDate=2026%2F10%2F08&k_raceNo=6
2026-10-08 17:02:00,17:01,2026-10-08,oi,6,10,三連複,3-4-10,1847.0,1847.0,205,https://www.keiba.go.jp/KeibaWeb/TodayRaceInfo/Odds3LenFuku?k_babaCode=20&k_raceDate=2026%2F10%2F08&k_raceNo=6
2026-10-08 17:02:00,17:01,2026-10-08,oi,6,10,三連複,4-10-14,1847.0,1847.0,205,https://www.keiba.go.jp/KeibaWeb/TodayRaceInfo/Odds3LenFuku?k_babaCode=20&k_raceDate=2026%2F10%2F08&k_raceNo=6
2026-10-08 17:02:00,17:01,2026-10-08,oi,6,10,三連複,1-3-11,1918.0,1918.0,211,https://www.keiba.go.jp/KeibaWeb/TodayRaceInfo/Odds3LenFuku?k_babaCode=20&k_raceDate=2026%2F10%2F08&k_raceNo=6
2026-10-08 17:02:00,17:01,2026-10-08,oi,6,10,三連複,4-6-14,1918.0,1918.0,211,https://www.keiba.go.jp/KeibaWeb/TodayRaceInfo/Odds3LenFuku?k_babaCode=20&k_raceDate=2026%2F10%2F08&k_raceNo=6
2026-10-08 17:02:00,17:01,2026-10-08,oi,6,10,三連複,1-6-7,1994.7,1994.7,213,https://www.keiba.go.jp/KeibaWeb/TodayRaceInfo/Odds3LenFuku?k_babaCode=20&k_raceDate=2026%2F10%2F08&k_raceNo=6
2026-10-08 17:02:00,17:01,2026-10-08,oi,6,10,三連複,1-10-14,1994.7,1994.7,213,https://www.keiba.go.jp/KeibaWeb/TodayRaceInfo/Odds3LenFuku?k_babaCode=20&k_raceDate=2026%2F10%2F08&k_raceNo=6
2026-10-08 17:02:00,17:01,2026-10-08,oi,6,10,三連複,3-4-13,1994.7,1994.7,213,https://www.keiba.go.jp/KeibaWeb/TodayRaceInfo/Odds3LenFuku?k_babaCode=20&k_raceDate=2026%2F10%2F08&k_raceNo=6
2026-10-08 17:02:00,17:01,2026-10-08,oi,6,10,三連複,3-5-6,1994.7,1994.7,213,https://www.keiba.go.jp/KeibaWeb/TodayRaceInfo/Odds3LenFuku?k_babaCode=20&k_raceDate=2026%2F10%2F08&k_raceNo=6
2026-10-08 17:02:00,17:01,2026-10-08,oi,6,10,三連複,4-6-8,1994.7,1994.7,213,https://www.keiba.go.jp/KeibaWeb/TodayRaceInfo/Odds3LenFuku?k_babaCode=20&k_raceDate=2026%2F10%2F08&k_raceNo=6
2026-10-08 17:02:00,17:01,2026-10-08,oi,6,10,三連複,4-8-13,1994.7,1994.7,213,https://www.keiba.go.jp/KeibaWeb/TodayRaceInfo/Odds3LenFuku?k_babaCode=20&k_raceDate=2026%2F10%2F08&k_raceNo=6
2026-10-08 17:02:00,17:01,2026-10-08,oi,6,10,三連複,7-10-12,1994.7,1994.7,213,https://www.keiba.go.jp/KeibaWeb/TodayRaceInfo/Odds3LenFuku?k_babaCode=20&k_raceDate=2026%2F10%2F08&k_raceNo=6
2026-10-08 17:02:00,17:01,2026-10-08,oi,6,10,三連複,2-5-8,2077.9,2077.9,220,https://www.keiba.go.jp/KeibaWeb/TodayRaceInfo/Odds3LenFuku?k_babaCode=20&k_raceDate=2026%2F10%2F08&k_raceNo=6
2026-10-08 17:02:00,17:01,2026-10-08,oi,6,10,三連複,3-4-6,2077.9,2077.9,220,https://www.keiba.go.jp/KeibaWeb/TodayRaceInfo/Odds3LenFuku?k_babaCode=20&k_raceDate=2026%2F10%2F08&k_raceNo=6
2026-10-08 17:02:00,17:01,2026-10-08,oi,6,10,三連複,5-10-12,2077.9,2077.9,220,https://www.keiba.go.jp/KeibaWeb/TodayRaceInfo/Odds3LenFuku?k_babaCode=20&k_raceDate=2026%2F10%2F08&k_raceNo=6
2026-10-08 17:02:00,17:01,2026-10-08,oi,6,10,三連複,9-10-13,2077.9,2077.9,220,https://www.keiba.go.jp/KeibaWeb/TodayRaceInfo/Odds3LenFuku?k_babaCode=20&k_raceDate=2026%2F10%2F08&k_raceNo=6
2026-10-08 17:02:00,17:01,2026-10-08,oi,6,10,三連複,1-2-13,2168.2,2168.2,224,https://www.keiba.go.jp/KeibaWeb/TodayRaceInfo/Odds3LenFuku?k_babaCode=20&k_raceDate=2026%2F10%2F08&k_raceNo=6
2026-10-08 17:02:00,17:01,2026-10-08,oi,6,10,三連複,1-3-5,2168.2,2168.2,224,https://www.keiba.go.jp/KeibaWeb/TodayRaceInfo/Odds3LenFuku?k_babaCode=20&k_raceDate=2026%2F10%2F08&k_raceNo=6
2026-10-08 17:02:00,17:01,2026-10-08,oi,6,10,三連複,1-5-14,2168.2,2168.2,224,https://www.keiba.go.jp/KeibaWeb/TodayRaceInfo/Odds3LenFuku?k_babaCode=20&k_raceDate=2026%2F10%2F08&k_raceNo=6
2026-10-08 17:02:00,17:01,2026-10-08,oi,6,10,三連複,2-5-12,2168.2,2168.2,224,https://www.keiba.go.jp/KeibaWeb/TodayRaceInfo/Odds3LenFuku?k_babaCode=20&k_raceDate=2026%2F10%2F08&k_raceNo=6
2026-10-08 17:02:00,17:01,2026-10-08,oi,6,10,三連複,2-12-13,2168.2,2168.2,224,https://www.keiba.go.jp/KeibaWeb/TodayRaceInfo/Odds3LenFuku?k_babaCode=20&k_raceDate=2026%2F10%2F08&k_raceNo=6
2026-10-08 17:02:00,17:01,2026-10-08,oi,6,10,三連複,6-13-14,2168.2,2168.2,224,https://www.keiba.go.jp/KeibaWeb/TodayRaceInfo/Odds3LenFuku?k_babaCode=20&k_raceDate=2026%2F10%2F08&k_raceNo=6
2026-10-08 17:02:00,17:01,2026-10-08,oi,6,10,三連複,1-2-6,2266.8,2266.8,230,https://www.keiba.go.jp/KeibaWeb/TodayRaceInfo/Odds3LenFuku?k_babaCode=20&k_raceDate=2026%2F10%2F08&k_raceNo=6
2026-10-08 17:02:00,17:01,2026-10-08,oi,6,10,三連複,2-3-5,2266.8,2266.8,230,https://www.keiba.go.jp/KeibaWeb/TodayRaceInfo/Odds3LenFuku?k_babaCode=20&k_raceDate=2026%2F10%2F08&k_raceNo=6
2026-10-08 17:02:00,17:01,2026-10-08,oi,6,10,三連複,3-7-10,2266.8,2266.8,230,https://www.keiba.go.jp/KeibaWeb/TodayRaceInfo/Odds3LenFuku?k_babaCode=20&k_raceDate=2026%2F10%2F08&k_raceNo=6
2026-10-08 17:02:00,17:01,2026-10-08,oi,6,10,三連複,5-6-8,2266.8,2266.8,230,https://www.keiba.go.jp/KeibaWeb/TodayRaceInfo/Odds3LenFuku?k_babaCode=20&k_raceDate=2026%2F10%2F08&k_raceNo=6
2026-10-08 17:02:00,17:01,2026-10-08,oi,6,10,三連複,8-10-12,2266.8,2266.8,230,https://www.keiba.go.jp/KeibaWeb/TodayRaceInfo/Odds3LenFuku?k_babaCode=20&k_raceDate=2026%2F10%2F08&k_raceNo=6
2026-10-08 17:02:00,17:01,2026-10-08,oi,6,10,三連複,1-6-12,2374.7,2374.7,235,https://www.keiba.go.jp/KeibaWeb/TodayRaceInfo/Odds3LenFuku?k_babaCode=20&k_raceDate=2026%2F10%2F08&k_raceNo=6
2026-10-08 17:02:00,17:01,2026-10-08,oi,6,10,三連複,3-11-13,2374.7,2374.7,235,https://www.keiba.go.jp/KeibaWeb/TodayRaceInfo/Odds3LenFuku?k_babaCode=20&k_raceDate=2026%2F10%2F08&k_raceNo=6
2026-10-08 17:02:00,17:01,2026-10-08,oi,6,10,三連複,4-11-12,2374.7,2374.7,235,https://www.keiba.go.jp/KeibaWeb/TodayRaceInfo/Odds3LenFuku?k_babaCode=20&k_raceDate=2026%2F10%2F08&k_raceNo=6
2026-10-08 17:02:00,17:01,2026-10-08,oi,6,10,三連複,6-7-12,2374.7,2374.7,235,https://www.keiba.go.jp/KeibaWeb/TodayRaceInfo/Odds3LenFuku?k_babaCode=20&k_raceDate=2026%2F10%2F08&k_raceNo=6
2026-10-08 17:02:00,17:01,2026-10-08,oi,6,10,三連複,7-8-10,2374.7,2374.7,235,https://www.keiba.go.jp/KeibaWeb/TodayRaceInfo/Odds3LenFuku?k_babaCode=20&k_raceDate=2026%2F10%2F08&k_raceNo=6
2026-10-08 17:02:00,17:01,2026-10-08,oi,6,10,三連複,11-13-14,2374.7,2374.7,235,https://www.keiba.go.jp/KeibaWeb/TodayRaceInfo/Odds3LenFuku?k_babaCode=20&k_raceDate=2026%2F10%2F08&k_raceNo=6
2026-10-08 17:02:00,17:01,2026-10-08,oi,6,10,三連複,1-5-7,2493.4,2493.4,241,https://www.keiba.go.jp/KeibaWeb/TodayRaceInfo/Odds3LenFuku?k_babaCode=20&k_raceDate=2026%2F10%2F08&k_raceNo=6
2026-10-08 17:02:00,17:01,2026-10-08,oi,6,10,三連複,1-11-12,2493.4,2493.4,241,https://www.keiba.go.jp/KeibaWeb/TodayRaceInfo/Odds3LenFuku?k_babaCode=20&k_raceDate=2026%2F10%2F08&k_raceNo=6
2026-10-08 17:02:00,17:01,2026-10-08,oi,6,10,三連複,2-4-5,2493.4,2493.4,241,https://www.keiba.go.jp/KeibaWeb/TodayRaceInfo/Odds3LenFuku?k_babaCode=20&k_raceDate=2026%2F10%2F08&k_raceNo=6
2026-10-08 17:02:00,17:01,2026-10-08,oi,6,10,三連複,4-5-14,2493.4,2493.4,241,https://www.keiba.go.jp/KeibaWeb/TodayRaceInfo/Odds3LenFuku?k_babaCode=20&k_raceDate=2026%2F10%2F08&k_raceNo=6
2026-10-08 17:02:00,17:01,2026-10-08,oi,6,10,三連複,1-3-10,2624.7,2624.7,245,https://www.keiba.go.jp/KeibaWeb/TodayRaceInfo/Odds3LenFuku?k_babaCode=20&k_raceDate=2026%2F10%2F08&k_raceNo=6
2026-10-08 17:02:00,17:01,2026-10-08,oi,6,10,三連複,1-4-5,2624.7,2624.7,245,https://www.keiba.go.jp/KeibaWeb/TodayRaceInfo/Odds3LenFuku?k_babaCode=20&k_raceDate=2026%2F10%2F08&k_raceNo=6
2026-10-08 17:02:00,17:01,2026-10-08,oi,6,10,三連複,3-4-11,2624.7,2624.7,245,https://www.keiba.go.jp/KeibaWeb/TodayRaceInfo/Odds3LenFuku?k_babaCode=20&k_raceDate=2026%2F10%2F08&k_raceNo=6
2026-10-08 17:02:00,17:01,2026-10-08,oi,6,10,三連複,4-5-7,2624.7,2624.7,245,https://www.keiba.go.jp/KeibaWeb/TodayRaceInfo/Odds3LenFuku?k_babaCode=20&k_raceDate=2026%2F10%2F08&k_raceNo=6
2026-10-08 17:02:00,17:01,2026-10-08,oi,6,10,三連複,4-5-11,2624.7,2624.7,245,https://www.keiba.go.jp/KeibaWeb/TodayRaceInfo/Odds3LenFuku?k_babaCode=20&k_raceDate=2026%2F10%2F08&k_raceNo=6
2026-10-08 17:02:00,17:01,2026-10-08,oi,6,10,三連複,5-6-9,2624.7,2624.7,245,https://www.keiba.go.jp/KeibaWeb/TodayRaceInfo/Odds3LenFuku?k_babaCode=20&k_raceDate=2026%2F10%2F08&k_raceNo=6
2026-10-08 17:02:00,17:01,2026-10-08,oi,6,10,三連複,5-6-12,2624.7,2624.7,245,https://www.keiba.go.jp/KeibaWeb/TodayRaceInfo/Odds3LenFuku?k_babaCode=20&k_raceDate=2026%2F10%2F08&k_raceNo=6
2026-10-08 17:02:00,17:01,2026-10-08,oi,6,10,三連複,1-8-10,2770.5,2770.5,252,https://www.keiba.go.jp/KeibaWeb/TodayRaceInfo/Odds3LenFuku?k_babaCode=20&k_raceDate=2026%2F10%2F08&k_raceNo=6
2026-10-08 17:02:00,17:01,2026-10-08,oi,6,10,三連複,2-3-11,2770.5,2770.5,252,https://www.keiba.go.jp/KeibaWeb/TodayRaceInfo/Odds3LenFuku?k_babaCode=20&k_raceDate=2026%2F10%2F08&k_raceNo=6
2026-10-08 17:02:00,17:01,2026-10-08,oi,6,10,三連複,2-4-6,2770.5,2770.5,252,https://www.keiba.go.jp/KeibaWeb/TodayRaceInfo/Odds3LenFuku?k_babaCode=20&k_raceDate=2026%2F10%2F08&k_raceNo=6
2026-10-08 17:02:00,17:01,2026-10-08,oi,6,10,三連複,2-5-7,2770.5,2770.5,252,https://www.keiba.go.jp/KeibaWeb/TodayRaceInfo/Odds3LenFuku?k_babaCode=20&k_raceDate=2026%2F10%2F08&k_raceNo=6
2026-10-08 17:02:00,17:01,2026-10-08,oi,6,10,三連複,5-8-10,2770.5,2770.5,252,https://www.keiba.go.jp/KeibaWeb/TodayRaceInfo/Odds3LenFuku?k_babaCode=20&k_raceDate=2026%2F10%2F08&k_raceNo=6
2026-10-08 17:02:00,17:01,2026-10-08,oi,6,10,三連複,6-9-10,2770.5,2770.5,252,https://www.keiba.go.jp/KeibaWeb/TodayRaceInfo/Odds3LenFuku?k_babaCode=20&k_raceDate=2026%2F10%2F08&k_raceNo=6
2026-10-08 17:02:00,17:01,2026-10-08,oi,6,10,三連複,10-13-14,2770.5,2770.5,252,https://www.keiba.go.jp/KeibaWeb/TodayRaceInfo/Odds3LenFuku?k_babaCode=20&k_raceDate=2026%2F10%2F08&k_raceNo=6
2026-10-08 17:02:00,17:01,2026-10-08,oi,6,10,三連複,1-7-13,2933.5,2933.5,259,https://www.keiba.go.jp/KeibaWeb/TodayRaceInfo/Odds3LenFuku?k_babaCode=20&k_raceDate=2026%2F10%2F08&k_raceNo=6
2026-10-08 17:02:00,17:01,2026-10-08,oi,6,10,三連複,2-4-11,2933.5,2933.5,259,https://www.keiba.go.jp/KeibaWeb/TodayRaceInfo/Odds3LenFuku?k_babaCode=20&k_raceDate=2026%2F10%2F08&k_raceNo=6
2026-10-08 17:02:00,17:01,2026-10-08,oi,6,10,三連複,2-5-14,2933.5,2933.5,259,https://www.keiba.go.jp/KeibaWeb/TodayRaceInfo/Odds3LenFuku?k_babaCode=20&k_raceDate=2026%2F10%2F08&k_raceNo=6
2026-10-08 17:02:00,17:01,2026-10-08,oi,6,10,三連複,5-6-10,2933.5,2933.5,259,https://www.keiba.go.jp/KeibaWeb/TodayRaceInfo/Odds3LenFuku?k_babaCode=20&k_raceDate=2026%2F10%2F08&k_raceNo=6
2026-10-08 17:02:00,17:01,2026-10-08,oi,6,10,三連複,5-9-10,2933.5,2933.5,259,https://www.keiba.go.jp/KeibaWeb/TodayRaceInfo/Odds3LenFuku?k_babaCode=20&k_raceDate=2026%2F10%2F08&k_raceNo=6
2026-10-08 17:02:00,17:01,2026-10-08,oi,6,10,三連複,8-11-13,2933.5,2933.5,259,https://www.keiba.go.jp/KeibaWeb/TodayRaceInfo/Odds3LenFuku?k_babaCode=20&k_raceDate=2026%2F10%2F08&k_raceNo=6
2026-10-08 17:02:00,17:01,2026-10-08,oi,6,10,三連複,1-4-6,3116.8,3116.8,265,https://www.keiba.go.jp/KeibaWeb/TodayRaceInfo/Odds3LenFuku?k_babaCode=20&k_raceDate=2026%2F10%2F08&k_raceNo=6
2026-10-08 17:02:00,17:01,2026-10-08,oi,6,10,三連複,3-6-11,3116.8,3116.8,265,https://www.keiba.go.jp/KeibaWeb/TodayRaceInfo/Odds3LenFuku?k_babaCode=20&k_raceDate=2026%2F10%2F08&k_raceNo=6
2026-10-08 17:02:00,17:01,2026-10-08,oi,6,10,三連複,4-10-12,3116.8,3116.8,265,https://www.keiba.go.jp/KeibaWeb/TodayRaceInfo/Odds3LenFuku?k_babaCode=20&k_raceDate=2026%2F10%2F08&k_raceNo=6
2026-10-08 17:02:00,17:01,2026-10-08,oi,6,10,三連複,4-12-13,3116.8,3116.8,265,https://www.keiba.go.jp/KeibaWeb/TodayRaceInfo/Odds3LenFuku?k_babaCode=20&k_raceDate=2026%2F10%2F08&k_raceNo=6
2026-10-08 17:02:00,17:01,2026-10-08,oi,6,10,三連複,5-7-11,3116.8,3116.8,265,https://www.keiba.go.jp/KeibaWeb/TodayRaceInfo/Odds3LenFuku?k_babaCode=20&k_raceDate=2026%2F10%2F08&k_raceNo=6
2026-10-08 17:02:00,17:01,2026-10-08,oi,6,10,三連複,1-5-11,3324.6,3324.6,270,https://www.keiba.go.jp/KeibaWeb/TodayRaceInfo/Odds3LenFuku?k_babaCode=20&k_raceDate=2026%2F10%2F08&k_raceNo=6
2026-10-08 17:02:00,17:01,2026-10-08,oi,6,10,三連複,3-5-10,3324.6,3324.6,270,https://www.keiba.go.jp/KeibaWeb/TodayRaceInfo/Odds3LenFuku?k_babaCode=20&k_raceDate=2026%2F10%2F08&k_raceNo=6
2026-10-08 17:02:00,17:01,2026-10-08,oi,6,10,三連複,6-11-14,3324.6,3324.6,270,https://www.keiba.go.jp/KeibaWeb/TodayRaceInfo/Odds3LenFuku?k_babaCode=20&k_raceDate=2026%2F10%2F08&k_raceNo=6
2026-10-08 17:02:00,17:01,2026-10-08,oi,6,10,三連複,1-2-5,3562.1,3562.1,273,https://www.keiba.go.jp/KeibaWeb/TodayRaceInfo/Odds3LenFuku?k_babaCode=20&k_raceDate=2026%2F10%2F08&k_raceNo=6
2026-10-08 17:02:00,17:01,2026-10-08,oi,6,10,三連複,1-2-11,3562.1,3562.1,273,https://www.keiba.go.jp/KeibaWeb/TodayRaceInfo/Odds3LenFuku?k_babaCode=20&k_raceDate=2026%2F10%2F08&k_raceNo=6
2026-10-08 17:02:00,17:01,2026-10-08,oi,6,10,三連複,1-7-10,3562.1,3562.1,273,https://www.keiba.go.jp/KeibaWeb/TodayRaceInfo/Odds3LenFuku?k_babaCode=20&k_raceDate=2026%2F10%2F08&k_raceNo=6
2026-10-08 17:02:00,17:01,2026-10-08,oi,6,10,三連複,6-8-11,3562.1,3562.1,273,https://www.keiba.go.jp/KeibaWeb/TodayRaceInfo/Odds3LenFuku?k_babaCode=20&k_raceDate=2026%2F10%2F08&k_raceNo=6
2026-10-08 17:02:00,17:01,2026-10-08,oi,6,10,三連複,1-5-12,3836.1,3836.1,277,https://www.keiba.go.jp/KeibaWeb/TodayRaceInfo/Odds3LenFuku?k_babaCode=20&k_raceDate=2026%2F10%2F08&k_raceNo=6
2026-10-08 17:02:00,17:01,2026-10-08,oi,6,10,三連複,1-12-13,3836.1,3836.1,277,https://www.keiba.go.jp/KeibaWeb/TodayRaceInfo/Odds3LenFuku?k_babaCode=20&k_raceDate=2026%2F10%2F08&k_raceNo=6
2026-10-08 17:02:00,17:01,2026-10-08,oi,6,10,三連複,5-11-14,3836.1,3836.1,277,https://www.keiba.go.jp/KeibaWeb/TodayRaceInfo/Odds3LenFuku?k_babaCode=20&k_raceDate=2026%2F10%2F08&k_raceNo=6
2026-10-08 17:02:00,17:01,2026-10-08,oi,6,10,三連複,5-13-14,3836.1,3836.1,277,https://www.keiba.go.jp/KeibaWeb/TodayRaceInfo/Odds3LenFuku?k_babaCode=20&k_raceDate=2026%2F10%2F08&k_raceNo=6
2026-10-08 17:02:00,17:01,2026-10-08,oi,6,10,三連複,6-8-13,3836.1,3836.1,277,https://www.keiba.go.jp/KeibaWeb/TodayRaceInfo/Odds3LenFuku?k_babaCode=20&k_raceDate=2026%2F10%2F08&k_raceNo=6
2026-10-08 17:02:00,17:01,2026-10-08,oi,6,10,三連複,10-11-14,3836.1,3836.1,277,https://www.keiba.go.jp/KeibaWeb/TodayRaceInfo/Odds3LenFuku?k_babaCode=20&k_raceDate=2026%2F10%2F08&k_raceNo=6
2026-10-08 17:02:00,17:01,2026-10-08,oi,6,10,三連複,1-4-11,4155.8,4155.8,283,https://www.keiba.go.jp/KeibaWeb/TodayRaceInfo/Odds3LenFuku?k_babaCode=20&k_raceDate=2026%2F10%2F08&k_raceNo=6
2026-10-08 17:02:00,17:01,2026-10-08,oi,6,10,三連複,1-5-6,4155.8,4155.8,283,https://www.keiba.go.jp/KeibaWeb/TodayRaceInfo/Odds3LenFuku?k_babaCode=20&k_raceDate=2026%2F10%2F08&k_raceNo=6
2026-10-08 17:02:00,17:01,2026-10-08,oi,6,10,三連複,1-6-11,4155.8,4155.8,283,https://www.keiba.go.jp/KeibaWeb/TodayRaceInfo/Odds3LenFuku?k_babaCode=20&k_raceDate=2026%2F10%2F08&k_raceNo=6
2026-10-08 17:02:00,17:01,2026-10-08,oi,6,10,三連複,2-7-10,4155.8,4155.8,283,https://www.keiba.go.jp/KeibaWeb/TodayRaceInfo/Odds3LenFuku?k_babaCode=20&k_raceDate=2026%2F10%2F08&k_raceNo=6
2026-10-08 17:02:00,17:01,2026-10-08,oi,6,10,三連複,3-5-11,4155.8,4155.8,283,https://www.keiba.go.jp/KeibaWeb/TodayRaceInfo/Odds3LenFuku?k_babaCode=20&k_raceDate=2026%2F10%2F08&k_raceNo=6
2026-10-08 17:02:00,17:01,2026-10-08,oi,6,10,三連複,3-6-10,4155.8,4155.8,283,https://www.keiba.go.jp/KeibaWeb/TodayRaceInfo/Odds3LenFuku?k_babaCode=20&k_raceDate=2026%2F10%2F08&k_raceNo=6
2026-10-08 17:02:00,17:01,2026-10-08,oi,6,10,三連複,4-6-12,4155.8,4155.8,283,https://www.keiba.go.jp/KeibaWeb/TodayRaceInfo/Odds3LenFuku?k_babaCode=20&k_raceDate=2026%2F10%2F08&k_raceNo=6
2026-10-08 17:02:00,17:01,2026-10-08,oi,6,10,三連複,4-8-10,4155.8,4155.8,283,https://www.keiba.go.jp/KeibaWeb/TodayRaceInfo/Odds3LenFuku?k_babaCode=20&k_raceDate=2026%2F10%2F08&k_raceNo=6
2026-10-08 17:02:00,17:01,2026-10-08,oi,6,10,三連複,6-10-14,4155.8,4155.8,283,https://www.keiba.go.jp/KeibaWeb/TodayRaceInfo/Odds3LenFuku?k_babaCode=20&k_raceDate=2026%2F10%2F08&k_raceNo=6
2026-10-08 17:02:00,17:01,2026-10-08,oi,6,10,三連複,10-11-12,4155.8,4155.8,283,https://www.keiba.go.jp/KeibaWeb/TodayRaceInfo/Odds3LenFuku?k_babaCode=20&k_raceDate=2026%2F10%2F08&k_raceNo=6
2026-10-08 17:02:00,17:01,2026-10-08,oi,6,10,三連複,11-12-13,4155.8,4155.8,283,https://www.keiba.go.jp/KeibaWeb/TodayRaceInfo/Odds3LenFuku?k_babaCode=20&k_raceDate=2026%2F10%2F08&k_raceNo=6
2026-10-08 17:02:00,17:01,2026-10-08,oi,6,10,三連複,4-5-6,4533.6,4533.6,294,https://www.keiba.go.jp/KeibaWeb/TodayRaceInfo/Odds3LenFuku?k_babaCode=20&k_raceDate=2026%2F10%2F08&k_raceNo=6
2026-10-08 17:02:00,17:01,2026-10-08,oi,6,10,三連複,5-6-11,4533.6,4533.6,294,https://www.keiba.go.jp/KeibaWeb/TodayRaceInfo/Odds3LenFuku?k_babaCode=20&k_raceDate=2026%2F10%2F08&k_raceNo=6
2026-10-08 17:02:00,17:01,2026-10-08,oi,6,10,三連複,5-6-14,4533.6,4533.6,294,https://www.keiba.go.jp/KeibaWeb/TodayRaceInfo/Odds3LenFuku?k_babaCode=20&k_raceDate=2026%2F10%2F08&k_raceNo=6
2026-10-08 17:02:00,17:01,2026-10-08,oi,6,10,三連複,5-7-10,4533.6,4533.6,294,https://www.keiba.go.jp/KeibaWeb/TodayRaceInfo/Odds3LenFuku?k_babaCode=20&k_raceDate=2026%2F10%2F08&k_raceNo=6
2026-10-08 17:02:00,17:01,2026-10-08,oi,6,10,三連複,1-6-10,4986.9,4986.9,298,https://www.keiba.go.jp/KeibaWeb/TodayRaceInfo/Odds3LenFuku?k_babaCode=20&k_raceDate=2026%2F10%2F08&k_raceNo=6
2026-10-08 17:02:00,17:01,2026-10-08,oi,6,10,三連複,2-4-13,4986.9,4986.9,298,https://www.keiba.go.jp/KeibaWeb/TodayRaceInfo/Odds3LenFuku?k_babaCode=20&k_raceDate=2026%2F10%2F08&k_raceNo=6
2026-10-08 17:02:00,17:01,2026-10-08,oi,6,10,三連複,2-6-10,4986.9,4986.9,298,https://www.keiba.go.jp/KeibaWeb/TodayRaceInfo/Odds3LenFuku?k_babaCode=20&k_raceDate=2026%2F10%2F08&k_raceNo=6
2026-10-08 17:02:00,17:01,2026-10-08,oi,6,10,三連複,2-6-13,4986.9,4986.9,298,https://www.keiba.go.jp/KeibaWeb/TodayRaceInfo/Odds3LenFuku?k_babaCode=20&k_raceDate=2026%2F10%2F08&k_raceNo=6
2026-10-08 17:02:00,17:01,2026-10-08,oi,6,10,三連複,3-5-13,4986.9,4986.9,298,https://www.keiba.go.jp/KeibaWeb/TodayRaceInfo/Odds3LenFuku?k_babaCode=20&k_raceDate=2026%2F10%2F08&k_raceNo=6
2026-10-08 17:02:00,17:01,2026-10-08,oi,6,10,三連複,8-10-13,4986.9,4986.9,298,https://www.keiba.go.jp/KeibaWeb/TodayRaceInfo/Odds3LenFuku?k_babaCode=20&k_raceDate=2026%2F10%2F08&k_raceNo=6
2026-10-08 17:02:00,17:01,2026-10-08,oi,6,10,三連複,2-8-10,5541.0,5541.0,304,https://www.keiba.go.jp/KeibaWeb/TodayRaceInfo/Odds3LenFuku?k_babaCode=20&k_raceDate=2026%2F10%2F08&k_raceNo=6
2026-10-08 17:02:00,17:01,2026-10-08,oi,6,10,三連複,2-5-6,5541.0,5541.0,305,https://www.keiba.go.jp/KeibaWeb/TodayRaceInfo/Odds3LenFuku?k_babaCode=20&k_raceDate=2026%2F10%2F08&k_raceNo=6
2026-10-08 17:02:00,17:01,2026-10-08,oi,6,10,三連複,4-5-12,5541.0,5541.0,305,https://www.keiba.go.jp/KeibaWeb/TodayRaceInfo/Odds3LenFuku?k_babaCode=20&k_raceDate=2026%2F10%2F08&k_raceNo=6
2026-10-08 17:02:00,17:01,2026-10-08,oi,6,10,三連複,4-6-7,5541.0,5541.0,305,https://www.keiba.go.jp/KeibaWeb/TodayRaceInfo/Odds3LenFuku?k_babaCode=20&k_raceDate=2026%2F10%2F08&k_raceNo=6
2026-10-08 17:02:00,17:01,2026-10-08,oi,6,10,三連複,5-8-13,5541.0,5541.0,305,https://www.keiba.go.jp/KeibaWeb/TodayRaceInfo/Odds3LenFuku?k_babaCode=20&k_raceDate=2026%2F10%2F08&k_raceNo=6
2026-10-08 17:02:00,17:01,2026-10-08,oi,6,10,三連複,5-6-7,6233.7,6233.7,309,https://www.keiba.go.jp/KeibaWeb/TodayRaceInfo/Odds3LenFuku?k_babaCode=20&k_raceDate=2026%2F10%2F08&k_raceNo=6
2026-10-08 17:02:00,17:01,2026-10-08,oi,6,10,三連複,1-4-13,6233.7,6233.7,310,https://www.keiba.go.jp/KeibaWeb/TodayRaceInfo/Odds3LenFuku?k_babaCode=20&k_raceDate=2026%2F10%2F08&k_raceNo=6
2026-10-08 17:02:00,17:01,2026-10-08,oi,6,10,三連複,1-5-10,6233.7,6233.7,310,https://www.keiba.go.jp/KeibaWeb/TodayRaceInfo/Odds3LenFuku?k_babaCode=20&k_raceDate=2026%2F10%2F08&k_raceNo=6
2026-10-08 17:02:00,17:01,2026-10-08,oi,6,10,三連複,2-5-13,6233.7,6233.7,310,https://www.keiba.go.jp/KeibaWeb/TodayRaceInfo/Odds3LenFuku?k_babaCode=20&k_raceDate=2026%2F10%2F08&k_raceNo=6
2026-10-08 17:02:00,17:01,2026-10-08,oi,6,10,三連複,2-6-11,6233.7,6233.7,310,https://www.keiba.go.jp/KeibaWeb/TodayRaceInfo/Odds3LenFuku?k_babaCode=20&k_raceDate=2026%2F10%2F08&k_raceNo=6
2026-10-08 17:02:00,17:01,2026-10-08,oi,6,10,三連複,2-11-13,6233.7,6233.7,310,https://www.keiba.go.jp/KeibaWeb/TodayRaceInfo/Odds3LenFuku?k_babaCode=20&k_raceDate=2026%2F10%2F08&k_raceNo=6
2026-10-08 17:02:00,17:01,2026-10-08,oi,6,10,三連複,3-6-13,6233.7,6233.7,310,https://www.keiba.go.jp/KeibaWeb/TodayRaceInfo/Odds3LenFuku?k_babaCode=20&k_raceDate=2026%2F10%2F08&k_raceNo=6
2026-10-08 17:02:00,17:01,2026-10-08,oi,6,10,三連複,3-10-13,6233.7,6233.7,310,https://www.keiba.go.jp/KeibaWeb/TodayRaceInfo/Odds3LenFuku?k_babaCode=20&k_raceDate=2026%2F10%2F08&k_raceNo=6
2026-10-08 17:02:00,17:01,2026-10-08,oi,6,10,三連複,5-7-13,6233.7,6233.7,310,https://www.keiba.go.jp/KeibaWeb/TodayRaceInfo/Odds3LenFuku?k_babaCode=20&k_raceDate=2026%2F10%2F08&k_raceNo=6
2026-10-08 17:02:00,17:01,2026-10-08,oi,6,10,三連複,5-10-11,6233.7,6233.7,310,https://www.keiba.go.jp/KeibaWeb/TodayRaceInfo/Odds3LenFuku?k_babaCode=20&k_raceDate=2026%2F10%2F08&k_raceNo=6
2026-10-08 17:02:00,17:01,2026-10-08,oi,6,10,三連複,6-10-12,6233.7,6233.7,310,https://www.keiba.go.jp/KeibaWeb/TodayRaceInfo/Odds3LenFuku?k_babaCode=20&k_raceDate=2026%2F10%2F08&k_raceNo=6
2026-10-08 17:02:00,17:01,2026-10-08,oi,6,10,三連複,2-4-10,7124.2,7124.2,320,https://www.keiba.go.jp/KeibaWeb/TodayRaceInfo/Odds3LenFuku?k_babaCode=20&k_raceDate=2026%2F10%2F08&k_raceNo=6
2026-10-08 17:02:00,17:01,2026-10-08,oi,6,10,三連複,2-5-10,7124.2,7124.2,320,https://www.keiba.go.jp/KeibaWeb/TodayRaceInfo/Odds3LenFuku?k_babaCode=20&k_raceDate=2026%2F10%2F08&k_raceNo=6
2026-10-08 17:02:00,17:01,2026-10-08,oi,6,10,三連複,6-7-13,7124.2,7124.2,320,https://www.keiba.go.jp/KeibaWeb/TodayRaceInfo/Odds3LenFuku?k_babaCode=20&k_raceDate=2026%2F10%2F08&k_raceNo=6
2026-10-08 17:02:00,17:01,2026-10-08,oi,6,10,三連複,1-2-10,8311.6,8311.6,323,https://www.keiba.go.jp/KeibaWeb/TodayRaceInfo/Odds3LenFuku?k_babaCode=20&k_raceDate=2026%2F10%2F08&k_raceNo=6
2026-10-08 17:02:00,17:01,2026-10-08,oi,6,10,三連複,1-10-11,8311.6,8311.6,323,https://www.keiba.go.jp/KeibaWeb/TodayRaceInfo/Odds3LenFuku?k_babaCode=20&k_raceDate=2026%2F10%2F08&k_raceNo=6
2026-10-08 17:02:00,17:01,2026-10-08,oi,6,10,三連複,4-5-13,8311.6,8311.6,323,https://www.keiba.go.jp/KeibaWeb/TodayRaceInfo/Odds3LenFuku?k_babaCode=20&k_raceDate=2026%2F10%2F08&k_raceNo=6
2026-10-08 17:02:00,17:01,2026-10-08,oi,6,10,三連複,4-11-13,8311.6,8311.6,323,https://www.keiba.go.jp/KeibaWeb/TodayRaceInfo/Odds3LenFuku?k_babaCode=20&k_raceDate=2026%2F10%2F08&k_raceNo=6
2026-10-08 17:02:00,17:01,2026-10-08,oi,6,10,三連複,6-8-10,8311.6,8311.6,323,https://www.keiba.go.jp/KeibaWeb/TodayRaceInfo/Odds3LenFuku?k_babaCode=20&k_raceDate=2026%2F10%2F08&k_raceNo=6
2026-10-08 17:02:00,17:01,2026-10-08,oi,6,10,三連複,6-11-12,8311.6,8311.6,323,https://www.keiba.go.jp/KeibaWeb/TodayRaceInfo/Odds3LenFuku?k_babaCode=20&k_raceDate=2026%2F10%2F08&k_raceNo=6
2026-10-08 17:02:00,17:01,2026-10-08,oi,6,10,三連複,6-12-13,8311.6,8311.6,323,https://www.keiba.go.jp/KeibaWeb/TodayRaceInfo/Odds3LenFuku?k_babaCode=20&k_raceDate=2026%2F10%2F08&k_raceNo=6
2026-10-08 17:02:00,17:01,2026-10-08,oi,6,10,三連複,7-10-11,8311.6,8311.6,323,https://www.keiba.go.jp/KeibaWeb/TodayRaceInfo/Odds3LenFuku?k_babaCode=20&k_raceDate=2026%2F10%2F08&k_raceNo=6
2026-10-08 17:02:00,17:01,2026-10-08,oi,6,10,三連複,1-4-10,9973.9,9973.9,331,https://www.keiba.go.jp/KeibaWeb/TodayRaceInfo/Odds3LenFuku?k_babaCode=20&k_raceDate=2026%2F10%2F08&k_raceNo=6
2026-10-08 17:02:00,17:01,2026-10-08,oi,6,10,三連複,1-10-12,9973.9,9973.9,331,https://www.keiba.go.jp/KeibaWeb/TodayRaceInfo/Odds3LenFuku?k_babaCode=20&k_raceDate=2026%2F10%2F08&k_raceNo=6
2026-10-08 17:02:00,17:01,2026-10-08,oi,6,10,三連複,1-11-13,9973.9,9973.9,331,https://www.keiba.go.jp/KeibaWeb/TodayRaceInfo/Odds3LenFuku?k_babaCode=20&k_raceDate=2026%2F10%2F08&k_raceNo=6
2026-10-08 17:02:00,17:01,2026-10-08,oi,6,10,三連複,2-3-10,9973.9,9973.9,331,https://www.keiba.go.jp/KeibaWeb/TodayRaceInfo/Odds3LenFuku?k_babaCode=20&k_raceDate=2026%2F10%2F08&k_raceNo=6
2026-10-08 17:02:00,17:01,2026-10-08,oi,6,10,三連複,2-5-11,9973.9,9973.9,331,https://www.keiba.go.jp/KeibaWeb/TodayRaceInfo/Odds3LenFuku?k_babaCode=20&k_raceDate=2026%2F10%2F08&k_raceNo=6
2026-10-08 17:02:00,17:01,2026-10-08,oi,6,10,三連複,4-6-10,9973.9,9973.9,331,https://www.keiba.go.jp/KeibaWeb/TodayRaceInfo/Odds3LenFuku?k_babaCode=20&k_raceDate=2026%2F10%2F08&k_raceNo=6
2026-10-08 17:02:00,17:01,2026-10-08,oi,6,10,三連複,5-10-14,9973.9,9973.9,331,https://www.keiba.go.jp/KeibaWeb/TodayRaceInfo/Odds3LenFuku?k_babaCode=20&k_raceDate=2026%2F10%2F08&k_raceNo=6
2026-10-08 17:02:00,17:01,2026-10-08,oi,6,10,三連複,6-7-10,9973.9,9973.9,331,https://www.keiba.go.jp/KeibaWeb/TodayRaceInfo/Odds3LenFuku?k_babaCode=20&k_raceDate=2026%2F10%2F08&k_raceNo=6
2026-10-08 17:02:00,17:01,2026-10-08,oi,6,10,三連複,6-7-11,9973.9,9973.9,331,https://www.keiba.go.jp/KeibaWeb/TodayRaceInfo/Odds3LenFuku?k_babaCode=20&k_raceDate=2026%2F10%2F08&k_raceNo=6
2026-10-08 17:02:00,17:01,2026-10-08,oi,6,10,三連複,3-10-11,12467.4,12467.4,340,https://www.keiba.go.jp/KeibaWeb/TodayRaceInfo/Odds3LenFuku?k_babaCode=20&k_raceDate=2026%2F10%2F08&k_raceNo=6
2026-10-08 17:02:00,17:01,2026-10-08,oi,6,10,三連複,4-7-10,12467.4,12467.4,340,https://www.keiba.go.jp/KeibaWeb/TodayRaceInfo/Odds3LenFuku?k_babaCode=20&k_raceDate=2026%2F10%2F08&k_raceNo=6
2026-10-08 17:02:00,17:01,2026-10-08,oi,6,10,三連複,5-11-12,12467.4,12467.4,340,https://www.keiba.go.jp/KeibaWeb/TodayRaceInfo/Odds3LenFuku?k_babaCode=20&k_raceDate=2026%2F10%2F08&k_raceNo=6
2026-10-08 17:02:00,17:01,2026-10-08,oi,6,10,三連複,7-11-13,12467.4,12467.4,340,https://www.keiba.go.jp/KeibaWeb/TodayRaceInfo/Odds3LenFuku?k_babaCode=20&k_raceDate=2026%2F10%2F08&k_raceNo=6
2026-10-08 17:02:00,17:01,2026-10-08,oi,6,10,三連複,8-10-11,12467.4,12467.4,340,https://www.keiba.go.jp/KeibaWeb/TodayRaceInfo/Odds3LenFuku?k_babaCode=20&k_raceDate=2026%2F10%2F08&k_raceNo=6
2026-10-08 17:02:00,17:01,2026-10-08,oi,6,10,三連複,10-12-13,12467.4,12467.4,340,https://www.keiba.go.jp/KeibaWeb/TodayRaceInfo/Odds3LenFuku?k_babaCode=20&k_raceDate=2026%2F10%2F08&k_raceNo=6
2026-10-08 17:02:00,17:01,2026-10-08,oi,6,10,三連複,1-6-13,16623.2,16623.2,346,https://www.keiba.go.jp/KeibaWeb/TodayRaceInfo/Odds3LenFuku?k_babaCode=20&k_raceDate=2026%2F10%2F08&k_raceNo=6
2026-10-08 17:02:00,17:01,2026-10-08,oi,6,10,三連複,1-10-13,16623.2,16623.2,346,https://www.keiba.go.jp/KeibaWeb/TodayRaceInfo/Odds3LenFuku?k_babaCode=20&k_raceDate=2026%2F10%2F08&k_raceNo=6
2026-10-08 17:02:00,17:01,2026-10-08,oi,6,10,三連複,4-6-13,16623.2,16623.2,346,https://www.keiba.go.jp/KeibaWeb/TodayRaceInfo/Odds3LenFuku?k_babaCode=20&k_raceDate=2026%2F10%2F08&k_raceNo=6
2026-10-08 17:02:00,17:01,2026-10-08,oi,6,10,三連複,4-7-13,16623.2,16623.2,346,https://www.keiba.go.jp/KeibaWeb/TodayRaceInfo/Odds3LenFuku?k_babaCode=20&k_raceDate=2026%2F10%2F08&k_raceNo=6
2026-10-08 17:02:00,17:01,2026-10-08,oi,6,10,三連複,4-10-11,16623.2,16623.2,346,https://www.keiba.go.jp/KeibaWeb/TodayRaceInfo/Odds3LenFuku?k_babaCode=20&k_raceDate=2026%2F10%2F08&k_raceNo=6
2026-10-08 17:02:00,17:01,2026-10-08,oi,6,10,三連複,4-10-13,16623.2,16623.2,346,https://www.keiba.go.jp/KeibaWeb/TodayRaceInfo/Odds3LenFuku?k_babaCode=20&k_raceDate=2026%2F10%2F08&k_raceNo=6
2026-10-08 17:02:00,17:01,2026-10-08,oi,6,10,三連複,5-12-13,16623.2,16623.2,346,https://www.keiba.go.jp/KeibaWeb/TodayRaceInfo/Odds3LenFuku?k_babaCode=20&k_raceDate=2026%2F10%2F08&k_raceNo=6
2026-10-08 17:02:00,17:01,2026-10-08,oi,6,10,三連複,7-10-13,16623.2,16623.2,346,https://www.keiba.go.jp/KeibaWeb/TodayRaceInfo/Odds3LenFuku?k_babaCode=20&k_raceDate=2026%2F10%2F08&k_raceNo=6
2026-10-08 17:02:00,17:01,2026-10-08,oi,6,10,三連複,10-11-13,16623.2,16623.2,346,https://www.keiba.go.jp/KeibaWeb/TodayRaceInfo/Odds3LenFuku?k_babaCode=20&k_raceDate=2026%2F10%2F08&k_raceNo=6
2026-10-08 17:02:00,17:01,2026-10-08,oi,6,10,三連複,1-5-13,24934.9,24934.9,355,https://www.keiba.go.jp/KeibaWeb/TodayRaceInfo/Odds3LenFuku?k_babaCode=20&k_raceDate=2026%2F10%2F08&k_raceNo=6
2026-10-08 17:02:00,17:01,2026-10-08,oi,6,10,三連複,2-10-13,24934.9,24934.9,355,https://www.keiba.go.jp/KeibaWeb/TodayRaceInfo/Odds3LenFuku?k_babaCode=20&k_raceDate=2026%2F10%2F08&k_raceNo=6
2026-10-08 17:02:00,17:01,2026-10-08,oi,6,10,三連複,4-5-10,24934.9,24934.9,355,https://www.keiba.go.jp/KeibaWeb/TodayRaceInfo/Odds3LenFuku?k_babaCode=20&k_raceDate=2026%2F10%2F08&k_raceNo=6
2026-10-08 17:02:00,17:01,2026-10-08,oi,6,10,三連複,4-6-11,24934.9,24934.9,355,https://www.keiba.go.jp/KeibaWeb/TodayRaceInfo/Odds3LenFuku?k_babaCode=20&k_raceDate=2026%2F10%2F08&k_raceNo=6
2026-10-08 17:02:00,17:01,2026-10-08,oi,6,10,三連複,5-6-13,24934.9,24934.9,355,https://www.keiba.go.jp/KeibaWeb/TodayRaceInfo/Odds3LenFuku?k_babaCode=20&k_raceDate=2026%2F10%2F08&k_raceNo=6
2026-10-08 17:02:00,17:01,2026-10-08,oi,6,10,三連複,5-11-13,24934.9,24934.9,355,https://www.keiba.go.jp/KeibaWeb/TodayRaceInfo/Odds3LenFuku?k_babaCode=20&k_raceDate=2026%2F10%2F08&k_raceNo=6
2026-10-08 17:02:00,17:01,2026-10-08,oi,6,10,三連複,2-10-11,49869.8,49869.8,361,https://www.keiba.go.jp/KeibaWeb/TodayRaceInfo/Odds3LenFuku?k_babaCode=20&k_raceDate=2026%2F10%2F08&k_raceNo=6
2026-10-08 17:02:00,17:01,2026-10-08,oi,6,10,三連複,5-10-13,49869.8,49869.8,361,https://www.keiba.go.jp/KeibaWeb/TodayRaceInfo/Odds3LenFuku?k_babaCode=20&k_raceDate=2026%2F10%2F08&k_raceNo=6
2026-10-08 17:02:00,17:01,2026-10-08,oi,6,10,三連複,6-11-13,49869.8,49869.8,361,https://www.keiba.go.jp/KeibaWeb/TodayRaceInfo/Odds3LenFuku?k_babaCode=20&k_raceDate=2026%2F10%2F08&k_raceNo=6
2026-10-08 17:02:00,17:01,2026-10-08,oi,6,10,三連複,6-10-13,0.0,0.0,364,https://www.keiba.go.jp/KeibaWeb/TodayRaceInfo/Odds3LenFuku?k_babaCode=20&k_raceDate=2026%2F10%2F08&k_raceNo=6
