captured_at,source_time,race_date,track,race_no,minutes_before,bet_type,combination,odds_low,odds_high,popularity,source_url
2026-09-28 14:10:00,14:09,2026-09-28,funabashi,1,30,ワイド,1-10,153.4,159.4,57,https://www.keiba.go.jp/KeibaWeb/TodayRaceInfo/OddsWide?k_babaCode=19&k_raceDate=2026%2F09%2F28&k_raceNo=1
2026-09-28 14:10:00,14:09,2026-09-28,funabashi,1,30,ワイド,1-11,11.2,12.3,11,https://www.keiba.go.jp/KeibaWeb/TodayRaceInfo/OddsWide?k_babaCode=19&k_raceDate=2026%2F09%2F28&k_raceNo=1
2026-09-28 14:10:00,14:09,2026-09-28,funabashi,1,30,ワイド,1-12,34.7,36.5,31,https://www.keiba.go.jp/KeibaWeb/TodayRaceInfo/OddsWide?k_babaCode=19&k_raceDate=2026%2F09%2F28&k_raceNo=1
2026-09-28 14:10:00,14:09,2026-09-28,funabashi,1,30,ワイド,1-2,40.0,42.0,34,https://www.keiba.go.jp/KeibaWeb/TodayRaceInfo/OddsWide?k_babaCode=19&k_raceDate=2026%2F09%2F28&k_raceNo=1
2026-09-28 14:10:00,14:09,2026-09-28,funabashi,1,30,ワイド,1-3,29.5,30.8,28,https://www.keiba.go.jp/KeibaWeb/TodayRaceInfo/OddsWide?k_babaCode=19&k_raceDate=2026%2F09%2F28&k_raceNo=1
2026-09-28 14:10:00,14:09,2026-09-28,funabashi,1,30,ワイド,1-4,73.7,76.9,48,https://www.keiba.go.jp/KeibaWeb/TodayRaceInfo/OddsWide?k_babaCode=19&k_raceDate=2026%2F09%2F28&k_raceNo=1
2026-09-28 14:10:00,14:09,2026-09-28,funabashi,1,30,ワイド,1-5,7.4,9.4,9,https://www.keiba.go.jp/KeibaWeb/TodayRaceInfo/OddsWide?k_babaCode=19&k_raceDate=2026%2F09%2F28&k_raceNo=1
2026-09-28 14:10:00,14:09,2026-09-28,funabashi,1,30,ワイド,1-6,57.7,60.1,42,https://www.keiba.go.jp/KeibaWeb/TodayRaceInfo/OddsWide?k_babaCode=19&k_raceDate=2026%2F09%2F28&k_raceNo=1
2026-09-28 14:10:00,14:09,2026-09-28,funabashi,1,30,ワイド,1-7,21.1,23.7,21,https://www.keiba.go.jp/KeibaWeb/TodayRaceInfo/OddsWide?k_babaCode=19&k_raceDate=2026%2F09%2F28&k_raceNo=1
2026-09-28 14:10:00,14:09,2026-09-28,funabashi,1,30,ワイド,1-8,14.1,15.4,15,https://www.keiba.go.jp/KeibaWeb/TodayRaceInfo/OddsWide?k_babaCode=19&k_raceDate=2026%2F09%2F28&k_raceNo=1
2026-09-28 14:10:00,14:09,2026-09-28,funabashi,1,30,ワイド,1-9,5.7,7.2,8,https://www.keiba.go.jp/KeibaWeb/TodayRaceInfo/OddsWide?k_babaCode=19&k_raceDate=2026%2F09%2F28&k_raceNo=1
2026-09-28 14:10:00,14:09,2026-09-28,funabashi,1,30,ワイド,10-11,56.6,60.0,41,https://www.keiba.go.jp/KeibaWeb/TodayRaceInfo/OddsWide?k_babaCode=19&k_raceDate=2026%2F09%2F28&k_raceNo=1
2026-09-28 14:10:00,14:09,2026-09-28,funabashi,1,30,ワイド,10-12,171.0,174.2,58,https://www.keiba.go.jp/KeibaWeb/TodayRaceInfo/OddsWide?k_babaCode=19&k_raceDate=2026%2F09%2F28&k_raceNo=1
2026-09-28 14:10:00,14:09,2026-09-28,funabashi,1,30,ワイド,11-12,22.6,24.3,22,https://www.keiba.go.jp/KeibaWeb/TodayRaceInfo/OddsWide?k_babaCode=19&k_raceDate=2026%2F09%2F28&k_raceNo=1
2026-09-28 14:10:00,14:09,2026-09-28,funabashi,1,30,ワイド,2-10,188.6,191.4,62,https://www.keiba.go.jp/KeibaWeb/TodayRaceInfo/OddsWide?k_babaCode=19&k_raceDate=2026%2F09%2F28&k_raceNo=1
2026-09-28 14:10:00,14:09,2026-09-28,funabashi,1,30,ワイド,2-11,20.0,21.4,20,https://www.keiba.go.jp/KeibaWeb/TodayRaceInfo/OddsWide?k_babaCode=19&k_raceDate=2026%2F09%2F28&k_raceNo=1
2026-09-28 14:10:00,14:09,2026-09-28,funabashi,1,30,ワイド,2-12,69.3,71.2,46,https://www.keiba.go.jp/KeibaWeb/TodayRaceInfo/OddsWide?k_babaCode=19&k_raceDate=2026%2F09%2F28&k_raceNo=1
2026-09-28 14:10:00,14:09,2026-09-28,funabashi,1,30,ワイド,2-3,72.2,74.0,47,https://www.keiba.go.jp/KeibaWeb/TodayRaceInfo/OddsWide?k_babaCode=19&k_raceDate=2026%2F09%2F28&k_raceNo=1
2026-09-28 14:10:00,14:09,2026-09-28,funabashi,1,30,ワイド,2-4,94.3,96.0,55,https://www.keiba.go.jp/KeibaWeb/TodayRaceInfo/OddsWide?k_babaCode=19&k_raceDate=2026%2F09%2F28&k_raceNo=1
2026-09-28 14:10:00,14:09,2026-09-28,funabashi,1,30,ワイド,2-5,19.4,24.2,19,https://www.keiba.go.jp/KeibaWeb/TodayRaceInfo/OddsWide?k_babaCode=19&k_raceDate=2026%2F09%2F28&k_raceNo=1
2026-09-28 14:10:00,14:09,2026-09-28,funabashi,1,30,ワイド,2-6,171.3,174.1,59,https://www.keiba.go.jp/KeibaWeb/TodayRaceInfo/OddsWide?k_babaCode=19&k_raceDate=2026%2F09%2F28&k_raceNo=1
2026-09-28 14:10:00,14:09,2026-09-28,funabashi,1,30,ワイド,2-7,67.2,73.8,45,https://www.keiba.go.jp/KeibaWeb/TodayRaceInfo/OddsWide?k_babaCode=19&k_raceDate=2026%2F09%2F28&k_raceNo=1
2026-09-28 14:10:00,14:09,2026-09-28,funabashi,1,30,ワイド,2-8,41.9,44.8,37,https://www.keiba.go.jp/KeibaWeb/TodayRaceInfo/OddsWide?k_babaCode=19&k_raceDate=2026%2F09%2F28&k_raceNo=1
2026-09-28 14:10:00,14:09,2026-09-28,funabashi,1,30,ワイド,2-9,16.0,19.9,17,https://www.keiba.go.jp/KeibaWeb/TodayRaceInfo/OddsWide?k_babaCode=19&k_raceDate=2026%2F09%2F28&k_raceNo=1
2026-09-28 14:10:00,14:09,2026-09-28,funabashi,1,30,ワイド,3-10,268.5,273.2,64,https://www.keiba.go.jp/KeibaWeb/TodayRaceInfo/OddsWide?k_babaCode=19&k_raceDate=2026%2F09%2F28&k_raceNo=1
2026-09-28 14:10:00,14:09,2026-09-28,funabashi,1,30,ワイド,3-11,25.0,26.6,25,https://www.keiba.go.jp/KeibaWeb/TodayRaceInfo/OddsWide?k_babaCode=19&k_raceDate=2026%2F09%2F28&k_raceNo=1
2026-09-28 14:10:00,14:09,2026-09-28,funabashi,1,30,ワイド,3-12,64.7,66.3,43,https://www.keiba.go.jp/KeibaWeb/TodayRaceInfo/OddsWide?k_babaCode=19&k_raceDate=2026%2F09%2F28&k_raceNo=1
2026-09-28 14:10:00,14:09,2026-09-28,funabashi,1,30,ワイド,3-4,89.8,91.5,52,https://www.keiba.go.jp/KeibaWeb/TodayRaceInfo/OddsWide?k_babaCode=19&k_raceDate=2026%2F09%2F28&k_raceNo=1
2026-09-28 14:10:00,14:09,2026-09-28,funabashi,1,30,ワイド,3-5,13.5,16.7,14,https://www.keiba.go.jp/KeibaWeb/TodayRaceInfo/OddsWide?k_babaCode=19&k_raceDate=2026%2F09%2F28&k_raceNo=1
2026-09-28 14:10:00,14:09,2026-09-28,funabashi,1,30,ワイド,3-6,134.1,136.9,56,https://www.keiba.go.jp/KeibaWeb/TodayRaceInfo/OddsWide?k_babaCode=19&k_raceDate=2026%2F09%2F28&k_raceNo=1
2026-09-28 14:10:00,14:09,2026-09-28,funabashi,1,30,ワイド,3-7,76.3,83.4,50,https://www.keiba.go.jp/KeibaWeb/TodayRaceInfo/OddsWide?k_babaCode=19&k_raceDate=2026%2F09%2F28&k_raceNo=1
2026-09-28 14:10:00,14:09,2026-09-28,funabashi,1,30,ワイド,3-8,30.6,32.7,29,https://www.keiba.go.jp/KeibaWeb/TodayRaceInfo/OddsWide?k_babaCode=19&k_raceDate=2026%2F09%2F28&k_raceNo=1
2026-09-28 14:10:00,14:09,2026-09-28,funabashi,1,30,ワイド,3-9,24.8,31.2,24,https://www.keiba.go.jp/KeibaWeb/TodayRaceInfo/OddsWide?k_babaCode=19&k_raceDate=2026%2F09%2F28&k_raceNo=1
2026-09-28 14:10:00,14:09,2026-09-28,funabashi,1,30,ワイド,4-10,379.0,382.7,66,https://www.keiba.go.jp/KeibaWeb/TodayRaceInfo/OddsWide?k_babaCode=19&k_raceDate=2026%2F09%2F28&k_raceNo=1
2026-09-28 14:10:00,14:09,2026-09-28,funabashi,1,30,ワイド,4-11,47.6,50.7,39,https://www.keiba.go.jp/KeibaWeb/TodayRaceInfo/OddsWide?k_babaCode=19&k_raceDate=2026%2F09%2F28&k_raceNo=1
2026-09-28 14:10:00,14:09,2026-09-28,funabashi,1,30,ワイド,4-12,187.6,191.6,61,https://www.keiba.go.jp/KeibaWeb/TodayRaceInfo/OddsWide?k_babaCode=19&k_raceDate=2026%2F09%2F28&k_raceNo=1
2026-09-28 14:10:00,14:09,2026-09-28,funabashi,1,30,ワイド,4-5,38.6,48.1,33,https://www.keiba.go.jp/KeibaWeb/TodayRaceInfo/OddsWide?k_babaCode=19&k_raceDate=2026%2F09%2F28&k_raceNo=1
2026-09-28 14:10:00,14:09,2026-09-28,funabashi,1,30,ワイド,4-6,315.4,319.0,65,https://www.keiba.go.jp/KeibaWeb/TodayRaceInfo/OddsWide?k_babaCode=19&k_raceDate=2026%2F09%2F28&k_raceNo=1
2026-09-28 14:10:00,14:09,2026-09-28,funabashi,1,30,ワイド,4-7,92.4,100.9,53,https://www.keiba.go.jp/KeibaWeb/TodayRaceInfo/OddsWide?k_babaCode=19&k_raceDate=2026%2F09%2F28&k_raceNo=1
2026-09-28 14:10:00,14:09,2026-09-28,funabashi,1,30,ワイド,4-8,54.8,58.2,40,https://www.keiba.go.jp/KeibaWeb/TodayRaceInfo/OddsWide?k_babaCode=19&k_raceDate=2026%2F09%2F28&k_raceNo=1
2026-09-28 14:10:00,14:09,2026-09-28,funabashi,1,30,ワイド,4-9,29.3,36.4,27,https://www.keiba.go.jp/KeibaWeb/TodayRaceInfo/OddsWide?k_babaCode=19&k_raceDate=2026%2F09%2F28&k_raceNo=1
2026-09-28 14:10:00,14:09,2026-09-28,funabashi,1,30,ワイド,5-10,40.7,50.6,35,https://www.keiba.go.jp/KeibaWeb/TodayRaceInfo/OddsWide?k_babaCode=19&k_raceDate=2026%2F09%2F28&k_raceNo=1
2026-09-28 14:10:00,14:09,2026-09-28,funabashi,1,30,ワイド,5-11,5.1,6.6,7,https://www.keiba.go.jp/KeibaWeb/TodayRaceInfo/OddsWide?k_babaCode=19&k_raceDate=2026%2F09%2F28&k_raceNo=1
2026-09-28 14:10:00,14:09,2026-09-28,funabashi,1,30,ワイド,5-12,16.7,20.9,18,https://www.keiba.go.jp/KeibaWeb/TodayRaceInfo/OddsWide?k_babaCode=19&k_raceDate=2026%2F09%2F28&k_raceNo=1
2026-09-28 14:10:00,14:09,2026-09-28,funabashi,1,30,ワイド,5-6,25.1,31.2,26,https://www.keiba.go.jp/KeibaWeb/TodayRaceInfo/OddsWide?k_babaCode=19&k_raceDate=2026%2F09%2F28&k_raceNo=1
2026-09-28 14:10:00,14:09,2026-09-28,funabashi,1,30,ワイド,5-7,3.2,4.2,3,https://www.keiba.go.jp/KeibaWeb/TodayRaceInfo/OddsWide?k_babaCode=19&k_raceDate=2026%2F09%2F28&k_raceNo=1
2026-09-28 14:10:00,14:09,2026-09-28,funabashi,1,30,ワイド,5-8,3.8,4.9,6,https://www.keiba.go.jp/KeibaWeb/TodayRaceInfo/OddsWide?k_babaCode=19&k_raceDate=2026%2F09%2F28&k_raceNo=1
2026-09-28 14:10:00,14:09,2026-09-28,funabashi,1,30,ワイド,5-9,1.5,1.7,1,https://www.keiba.go.jp/KeibaWeb/TodayRaceInfo/OddsWide?k_babaCode=19&k_raceDate=2026%2F09%2F28&k_raceNo=1
2026-09-28 14:10:00,14:09,2026-09-28,funabashi,1,30,ワイド,6-10,172.3,174.3,60,https://www.keiba.go.jp/KeibaWeb/TodayRaceInfo/OddsWide?k_babaCode=19&k_raceDate=2026%2F09%2F28&k_raceNo=1
2026-09-28 14:10:00,14:09,2026-09-28,funabashi,1,30,ワイド,6-11,75.2,79.8,49,https://www.keiba.go.jp/KeibaWeb/TodayRaceInfo/OddsWide?k_babaCode=19&k_raceDate=2026%2F09%2F28&k_raceNo=1
2026-09-28 14:10:00,14:09,2026-09-28,funabashi,1,30,ワイド,6-12,234.6,239.4,63,https://www.keiba.go.jp/KeibaWeb/TodayRaceInfo/OddsWide?k_babaCode=19&k_raceDate=2026%2F09%2F28&k_raceNo=1
2026-09-28 14:10:00,14:09,2026-09-28,funabashi,1,30,ワイド,6-7,83.7,91.4,51,https://www.keiba.go.jp/KeibaWeb/TodayRaceInfo/OddsWide?k_babaCode=19&k_raceDate=2026%2F09%2F28&k_raceNo=1
2026-09-28 14:10:00,14:09,2026-09-28,funabashi,1,30,ワイド,6-8,66.8,71.0,44,https://www.keiba.go.jp/KeibaWeb/TodayRaceInfo/OddsWide?k_babaCode=19&k_raceDate=2026%2F09%2F28&k_raceNo=1
2026-09-28 14:10:00,14:09,2026-09-28,funabashi,1,30,ワイド,6-9,34.3,42.7,30,https://www.keiba.go.jp/KeibaWeb/TodayRaceInfo/OddsWide?k_babaCode=19&k_raceDate=2026%2F09%2F28&k_raceNo=1
2026-09-28 14:10:00,14:09,2026-09-28,funabashi,1,30,ワイド,7-10,92.6,100.9,54,https://www.keiba.go.jp/KeibaWeb/TodayRaceInfo/OddsWide?k_babaCode=19&k_raceDate=2026%2F09%2F28&k_raceNo=1
2026-09-28 14:10:00,14:09,2026-09-28,funabashi,1,30,ワイド,7-11,14.6,16.7,16,https://www.keiba.go.jp/KeibaWeb/TodayRaceInfo/OddsWide?k_babaCode=19&k_raceDate=2026%2F09%2F28&k_raceNo=1
2026-09-28 14:10:00,14:09,2026-09-28,funabashi,1,30,ワイド,7-12,35.8,39.4,32,https://www.keiba.go.jp/KeibaWeb/TodayRaceInfo/OddsWide?k_babaCode=19&k_raceDate=2026%2F09%2F28&k_raceNo=1
2026-09-28 14:10:00,14:09,2026-09-28,funabashi,1,30,ワイド,7-8,13.3,15.2,13,https://www.keiba.go.jp/KeibaWeb/TodayRaceInfo/OddsWide?k_babaCode=19&k_raceDate=2026%2F09%2F28&k_raceNo=1
2026-09-28 14:10:00,14:09,2026-09-28,funabashi,1,30,ワイド,7-9,2.7,3.5,2,https://www.keiba.go.jp/KeibaWeb/TodayRaceInfo/OddsWide?k_babaCode=19&k_raceDate=2026%2F09%2F28&k_raceNo=1
2026-09-28 14:10:00,14:09,2026-09-28,funabashi,1,30,ワイド,8-10,43.3,45.8,38,https://www.keiba.go.jp/KeibaWeb/TodayRaceInfo/OddsWide?k_babaCode=19&k_raceDate=2026%2F09%2F28&k_raceNo=1
2026-09-28 14:10:00,14:09,2026-09-28,funabashi,1,30,ワイド,8-11,7.5,8.3,10,https://www.keiba.go.jp/KeibaWeb/TodayRaceInfo/OddsWide?k_babaCode=19&k_raceDate=2026%2F09%2F28&k_raceNo=1
2026-09-28 14:10:00,14:09,2026-09-28,funabashi,1,30,ワイド,8-12,24.1,25.9,23,https://www.keiba.go.jp/KeibaWeb/TodayRaceInfo/OddsWide?k_babaCode=19&k_raceDate=2026%2F09%2F28&k_raceNo=1
2026-09-28 14:10:00,14:09,2026-09-28,funabashi,1,30,ワイド,8-9,3.8,4.8,5,https://www.keiba.go.jp/KeibaWeb/TodayRaceInfo/OddsWide?k_babaCode=19&k_raceDate=2026%2F09%2F28&k_raceNo=1
2026-09-28 14:10:00,14:09,2026-09-28,funabashi,1,30,ワイド,9-10,41.8,51.8,36,https://www.keiba.go.jp/KeibaWeb/TodayRaceInfo/OddsWide?k_babaCode=19&k_raceDate=2026%2F09%2F28&k_raceNo=1
2026-09-28 14:10:00,14:09,2026-09-28,funabashi,1,30,ワイド,9-11,3.8,4.8,4,https://www.keiba.go.jp/KeibaWeb/TodayRaceInfo/OddsWide?k_babaCode=19&k_raceDate=2026%2F09%2F28&k_raceNo=1
2026-09-28 14:10:00,14:09,2026-09-28,funabashi,1,30,ワイド,9-12,12.9,16.1,12,https://www.keiba.go.jp/KeibaWeb/TodayRaceInfo/OddsWide?k_babaCode=19&k_raceDate=2026%2F09%2F28&k_raceNo=1
2026-09-28 14:10:00,14:09,2026-09-28,funabashi,1,30,三連複,1-10-11,970.9,970.9,119,https://www.keiba.go.jp/KeibaWeb/TodayRaceInfo/Odds3LenFuku?k_babaCode=19&k_raceDate=2026%2F09%2F28&k_raceNo=1
2026-09-28 14:10:00,14:09,2026-09-28,funabashi,1,30,三連複,1-10-12,2103.8,2103.8,169,https://www.keiba.go.jp/KeibaWeb/TodayRaceInfo/Odds3LenFuku?k_babaCode=19&k_raceDate=2026%2F09%2F28&k_raceNo=1
2026-09-28 14:10:00,14:09,2026-09-28,funabashi,1,30,三連複,1-11-12,504.9,504.9,87,https://www.keiba.go.jp/KeibaWeb/TodayRaceInfo/Odds3LenFuku?k_babaCode=19&k_raceDate=2026%2F09%2F28&k_raceNo=1
2026-09-28 14:10:00,14:09,2026-09-28,funabashi,1,30,三連複,1-2-10,4207.6,4207.6,203,https://www.keiba.go.jp/KeibaWeb/TodayRaceInfo/Odds3LenFuku?k_babaCode=19&k_raceDate=2026%2F09%2F28&k_raceNo=1
2026-09-28 14:10:00,14:09,2026-09-28,funabashi,1,30,三連複,1-2-11,450.8,450.8,81,https://www.keiba.go.jp/KeibaWeb/TodayRaceInfo/Odds3LenFuku?k_babaCode=19&k_raceDate=2026%2F09%2F28&k_raceNo=1
2026-09-28 14:10:00,14:09,2026-09-28,funabashi,1,30,三連複,1-2-12,1051.9,1051.9,127,https://www.keiba.go.jp/KeibaWeb/TodayRaceInfo/Odds3LenFuku?k_babaCode=19&k_raceDate=2026%2F09%2F28&k_raceNo=1
2026-09-28 14:10:00,14:09,2026-09-28,funabashi,1,30,三連複,1-2-3,742.5,742.5,104,https://www.keiba.go.jp/KeibaWeb/TodayRaceInfo/Odds3LenFuku?k_babaCode=19&k_raceDate=2026%2F09%2F28&k_raceNo=1
2026-09-28 14:10:00,14:09,2026-09-28,funabashi,1,30,三連複,1-2-4,788.9,788.9,109,https://www.keiba.go.jp/KeibaWeb/TodayRaceInfo/Odds3LenFuku?k_babaCode=19&k_raceDate=2026%2F09%2F28&k_raceNo=1
2026-09-28 14:10:00,14:09,2026-09-28,funabashi,1,30,三連複,1-2-5,110.7,110.7,29,https://www.keiba.go.jp/KeibaWeb/TodayRaceInfo/Odds3LenFuku?k_babaCode=19&k_raceDate=2026%2F09%2F28&k_raceNo=1
2026-09-28 14:10:00,14:09,2026-09-28,funabashi,1,30,三連複,1-2-6,1402.5,1402.5,148,https://www.keiba.go.jp/KeibaWeb/TodayRaceInfo/Odds3LenFuku?k_babaCode=19&k_raceDate=2026%2F09%2F28&k_raceNo=1
2026-09-28 14:10:00,14:09,2026-09-28,funabashi,1,30,三連複,1-2-7,664.3,664.3,98,https://www.keiba.go.jp/KeibaWeb/TodayRaceInfo/Odds3LenFuku?k_babaCode=19&k_raceDate=2026%2F09%2F28&k_raceNo=1
2026-09-28 14:10:00,14:09,2026-09-28,funabashi,1,30,三連複,1-2-8,573.7,573.7,91,https://www.keiba.go.jp/KeibaWeb/TodayRaceInfo/Odds3LenFuku?k_babaCode=19&k_raceDate=2026%2F09%2F28&k_raceNo=1
2026-09-28 14:10:00,14:09,2026-09-28,funabashi,1,30,三連複,1-2-9,268.5,268.5,60,https://www.keiba.go.jp/KeibaWeb/TodayRaceInfo/Odds3LenFuku?k_babaCode=19&k_raceDate=2026%2F09%2F28&k_raceNo=1
2026-09-28 14:10:00,14:09,2026-09-28,funabashi,1,30,三連複,1-3-10,12622.9,12622.9,214,https://www.keiba.go.jp/KeibaWeb/TodayRaceInfo/Odds3LenFuku?k_babaCode=19&k_raceDate=2026%2F09%2F28&k_raceNo=1
2026-09-28 14:10:00,14:09,2026-09-28,funabashi,1,30,三連複,1-3-11,841.5,841.5,112,https://www.keiba.go.jp/KeibaWeb/TodayRaceInfo/Odds3LenFuku?k_babaCode=19&k_raceDate=2026%2F09%2F28&k_raceNo=1
2026-09-28 14:10:00,14:09,2026-09-28,funabashi,1,30,三連複,1-3-12,1262.2,1262.2,137,https://www.keiba.go.jp/KeibaWeb/TodayRaceInfo/Odds3LenFuku?k_babaCode=19&k_raceDate=2026%2F09%2F28&k_raceNo=1
2026-09-28 14:10:00,14:09,2026-09-28,funabashi,1,30,三連複,1-3-4,2524.5,2524.5,181,https://www.keiba.go.jp/KeibaWeb/TodayRaceInfo/Odds3LenFuku?k_babaCode=19&k_raceDate=2026%2F09%2F28&k_raceNo=1
2026-09-28 14:10:00,14:09,2026-09-28,funabashi,1,30,三連複,1-3-5,238.1,238.1,54,https://www.keiba.go.jp/KeibaWeb/TodayRaceInfo/Odds3LenFuku?k_babaCode=19&k_raceDate=2026%2F09%2F28&k_raceNo=1
2026-09-28 14:10:00,14:09,2026-09-28,funabashi,1,30,三連複,1-3-6,2103.8,2103.8,169,https://www.keiba.go.jp/KeibaWeb/TodayRaceInfo/Odds3LenFuku?k_babaCode=19&k_raceDate=2026%2F09%2F28&k_raceNo=1
2026-09-28 14:10:00,14:09,2026-09-28,funabashi,1,30,三連複,1-3-7,1577.8,1577.8,153,https://www.keiba.go.jp/KeibaWeb/TodayRaceInfo/Odds3LenFuku?k_babaCode=19&k_raceDate=2026%2F09%2F28&k_raceNo=1
2026-09-28 14:10:00,14:09,2026-09-28,funabashi,1,30,三連複,1-3-8,371.2,371.2,72,https://www.keiba.go.jp/KeibaWeb/TodayRaceInfo/Odds3LenFuku?k_babaCode=19&k_raceDate=2026%2F09%2F28&k_raceNo=1
2026-09-28 14:10:00,14:09,2026-09-28,funabashi,1,30,三連複,1-3-9,435.2,435.2,78,https://www.keiba.go.jp/KeibaWeb/TodayRaceInfo/Odds3LenFuku?k_babaCode=19&k_raceDate=2026%2F09%2F28&k_raceNo=1
2026-09-28 14:10:00,14:09,2026-09-28,funabashi,1,30,三連複,1-4-10,6311.4,6311.4,208,https://www.keiba.go.jp/KeibaWeb/TodayRaceInfo/Odds3LenFuku?k_babaCode=19&k_raceDate=2026%2F09%2F28&k_raceNo=1
2026-09-28 14:10:00,14:09,2026-09-28,funabashi,1,30,三連複,1-4-11,841.5,841.5,112,https://www.keiba.go.jp/KeibaWeb/TodayRaceInfo/Odds3LenFuku?k_babaCode=19&k_raceDate=2026%2F09%2F28&k_raceNo=1
2026-09-28 14:10:00,14:09,2026-09-28,funabashi,1,30,三連複,1-4-12,2524.5,2524.5,181,https://www.keiba.go.jp/KeibaWeb/TodayRaceInfo/Odds3LenFuku?k_babaCode=19&k_raceDate=2026%2F09%2F28&k_raceNo=1
2026-09-28 14:10:00,14:09,2026-09-28,funabashi,1,30,三連複,1-4-5,268.5,268.5,60,https://www.keiba.go.jp/KeibaWeb/TodayRaceInfo/Odds3LenFuku?k_babaCode=19&k_raceDate=2026%2F09%2F28&k_raceNo=1
2026-09-28 14:10:00,14:09,2026-09-28,funabashi,1,30,三連複,1-4-6,1402.5,1402.5,148,https://www.keiba.go.jp/KeibaWeb/TodayRaceInfo/Odds3LenFuku?k_babaCode=19&k_raceDate=2026%2F09%2F28&k_raceNo=1
2026-09-28 14:10:00,14:09,2026-09-28,funabashi,1,30,三連複,1-4-7,1147.5,1147.5,132,https://www.keiba.go.jp/KeibaWeb/TodayRaceInfo/Odds3LenFuku?k_babaCode=19&k_raceDate=2026%2F09%2F28&k_raceNo=1
2026-09-28 14:10:00,14:09,2026-09-28,funabashi,1,30,三連複,1-4-8,1262.2,1262.2,137,https://www.keiba.go.jp/KeibaWeb/TodayRaceInfo/Odds3LenFuku?k_babaCode=19&k_raceDate=2026%2F09%2F28&k_raceNo=1
2026-09-28 14:10:00,14:09,2026-09-28,funabashi,1,30,三連複,1-4-9,435.2,435.2,78,https://www.keiba.go.jp/KeibaWeb/TodayRaceInfo/Odds3LenFuku?k_babaCode=19&k_raceDate=2026%2F09%2F28&k_raceNo=1
2026-09-28 14:10:00,14:09,2026-09-28,funabashi,1,30,三連複,1-5-10,601.0,601.0,94,https://www.keiba.go.jp/KeibaWeb/TodayRaceInfo/Odds3LenFuku?k_babaCode=19&k_raceDate=2026%2F09%2F28&k_raceNo=1
2026-09-28 14:10:00,14:09,2026-09-28,funabashi,1,30,三連複,1-5-11,47.8,47.8,16,https://www.keiba.go.jp/KeibaWeb/TodayRaceInfo/Odds3LenFuku?k_babaCode=19&k_raceDate=2026%2F09%2F28&k_raceNo=1
2026-09-28 14:10:00,14:09,2026-09-28,funabashi,1,30,三連複,1-5-12,200.3,200.3,44,https://www.keiba.go.jp/KeibaWeb/TodayRaceInfo/Odds3LenFuku?k_babaCode=19&k_raceDate=2026%2F09%2F28&k_raceNo=1
2026-09-28 14:10:00,14:09,2026-09-28,funabashi,1,30,三連複,1-5-6,274.4,274.4,64,https://www.keiba.go.jp/KeibaWeb/TodayRaceInfo/Odds3LenFuku?k_babaCode=19&k_raceDate=2026%2F09%2F28&k_raceNo=1
2026-09-28 14:10:00,14:09,2026-09-28,funabashi,1,30,三連複,1-5-7,39.9,39.9,13,https://www.keiba.go.jp/KeibaWeb/TodayRaceInfo/Odds3LenFuku?k_babaCode=19&k_raceDate=2026%2F09%2F28&k_raceNo=1
2026-09-28 14:10:00,14:09,2026-09-28,funabashi,1,30,三連複,1-5-8,43.3,43.3,14,https://www.keiba.go.jp/KeibaWeb/TodayRaceInfo/Odds3LenFuku?k_babaCode=19&k_raceDate=2026%2F09%2F28&k_raceNo=1
2026-09-28 14:10:00,14:09,2026-09-28,funabashi,1,30,三連複,1-5-9,14.6,14.6,4,https://www.keiba.go.jp/KeibaWeb/TodayRaceInfo/Odds3LenFuku?k_babaCode=19&k_raceDate=2026%2F09%2F28&k_raceNo=1
2026-09-28 14:10:00,14:09,2026-09-28,funabashi,1,30,三連複,1-6-10,6311.4,6311.4,208,https://www.keiba.go.jp/KeibaWeb/TodayRaceInfo/Odds3LenFuku?k_babaCode=19&k_raceDate=2026%2F09%2F28&k_raceNo=1
2026-09-28 14:10:00,14:09,2026-09-28,funabashi,1,30,三連複,1-6-11,841.5,841.5,112,https://www.keiba.go.jp/KeibaWeb/TodayRaceInfo/Odds3LenFuku?k_babaCode=19&k_raceDate=2026%2F09%2F28&k_raceNo=1
2026-09-28 14:10:00,14:09,2026-09-28,funabashi,1,30,三連複,1-6-12,1402.5,1402.5,148,https://www.keiba.go.jp/KeibaWeb/TodayRaceInfo/Odds3LenFuku?k_babaCode=19&k_raceDate=2026%2F09%2F28&k_raceNo=1
2026-09-28 14:10:00,14:09,2026-09-28,funabashi,1,30,三連複,1-6-7,841.5,841.5,112,https://www.keiba.go.jp/KeibaWeb/TodayRaceInfo/Odds3LenFuku?k_babaCode=19&k_raceDate=2026%2F09%2F28&k_raceNo=1
2026-09-28 14:10:00,14:09,2026-09-28,funabashi,1,30,三連複,1-6-8,1262.2,1262.2,137,https://www.keiba.go.jp/KeibaWeb/TodayRaceInfo/Odds3LenFuku?k_babaCode=19&k_raceDate=2026%2F09%2F28&k_raceNo=1
2026-09-28 14:10:00,14:09,2026-09-28,funabashi,1,30,三連複,1-6-9,467.5,467.5,85,https://www.keiba.go.jp/KeibaWeb/TodayRaceInfo/Odds3LenFuku?k_babaCode=19&k_raceDate=2026%2F09%2F28&k_raceNo=1
2026-09-28 14:10:00,14:09,2026-09-28,funabashi,1,30,三連複,1-7-10,1147.5,1147.5,132,https://www.keiba.go.jp/KeibaWeb/TodayRaceInfo/Odds3LenFuku?k_babaCode=19&k_raceDate=2026%2F09%2F28&k_raceNo=1
2026-09-28 14:10:00,14:09,2026-09-28,funabashi,1,30,三連複,1-7-11,194.1,194.1,42,https://www.keiba.go.jp/KeibaWeb/TodayRaceInfo/Odds3LenFuku?k_babaCode=19&k_raceDate=2026%2F09%2F28&k_raceNo=1
2026-09-28 14:10:00,14:09,2026-09-28,funabashi,1,30,三連複,1-7-12,573.7,573.7,91,https://www.keiba.go.jp/KeibaWeb/TodayRaceInfo/Odds3LenFuku?k_babaCode=19&k_raceDate=2026%2F09%2F28&k_raceNo=1
2026-09-28 14:10:00,14:09,2026-09-28,funabashi,1,30,三連複,1-7-8,116.8,116.8,30,https://www.keiba.go.jp/KeibaWeb/TodayRaceInfo/Odds3LenFuku?k_babaCode=19&k_raceDate=2026%2F09%2F28&k_raceNo=1
2026-09-28 14:10:00,14:09,2026-09-28,funabashi,1,30,三連複,1-7-9,57.6,57.6,20,https://www.keiba.go.jp/KeibaWeb/TodayRaceInfo/Odds3LenFuku?k_babaCode=19&k_raceDate=2026%2F09%2F28&k_raceNo=1
2026-09-28 14:10:00,14:09,2026-09-28,funabashi,1,30,三連複,1-8-10,1262.2,1262.2,137,https://www.keiba.go.jp/KeibaWeb/TodayRaceInfo/Odds3LenFuku?k_babaCode=19&k_raceDate=2026%2F09%2F28&k_raceNo=1
2026-09-28 14:10:00,14:09,2026-09-28,funabashi,1,30,三連複,1-8-11,138.7,138.7,35,https://www.keiba.go.jp/KeibaWeb/TodayRaceInfo/Odds3LenFuku?k_babaCode=19&k_raceDate=2026%2F09%2F28&k_raceNo=1
2026-09-28 14:10:00,14:09,2026-09-28,funabashi,1,30,三連複,1-8-12,371.2,371.2,72,https://www.keiba.go.jp/KeibaWeb/TodayRaceInfo/Odds3LenFuku?k_babaCode=19&k_raceDate=2026%2F09%2F28&k_raceNo=1
2026-09-28 14:10:00,14:09,2026-09-28,funabashi,1,30,三連複,1-8-9,45.2,45.2,15,https://www.keiba.go.jp/KeibaWeb/TodayRaceInfo/Odds3LenFuku?k_babaCode=19&k_raceDate=2026%2F09%2F28&k_raceNo=1
2026-09-28 14:10:00,14:09,2026-09-28,funabashi,1,30,三連複,1-9-10,323.6,323.6,71,https://www.keiba.go.jp/KeibaWeb/TodayRaceInfo/Odds3LenFuku?k_babaCode=19&k_raceDate=2026%2F09%2F28&k_raceNo=1
2026-09-28 14:10:00,14:09,2026-09-28,funabashi,1,30,三連複,1-9-11,69.7,69.7,22,https://www.keiba.go.jp/KeibaWeb/TodayRaceInfo/Odds3LenFuku?k_babaCode=19&k_raceDate=2026%2F09%2F28&k_raceNo=1
2026-09-28 14:10:00,14:09,2026-09-28,funabashi,1,30,三連複,1-9-12,300.5,300.5,68,https://www.keiba.go.jp/KeibaWeb/TodayRaceInfo/Odds3LenFuku?k_babaCode=19&k_raceDate=2026%2F09%2F28&k_raceNo=1
2026-09-28 14:10:00,14:09,2026-09-28,funabashi,1,30,三連複,10-11-12,970.9,970.9,119,https://www.keiba.go.jp/KeibaWeb/TodayRaceInfo/Odds3LenFuku?k_babaCode=19&k_raceDate=2026%2F09%2F28&k_raceNo=1
2026-09-28 14:10:00,14:09,2026-09-28,funabashi,1,30,三連複,2-10-11,3155.7,3155.7,192,https://www.keiba.go.jp/KeibaWeb/TodayRaceInfo/Odds3LenFuku?k_babaCode=19&k_raceDate=2026%2F09%2F28&k_raceNo=1
2026-09-28 14:10:00,14:09,2026-09-28,funabashi,1,30,三連複,2-10-12,4207.6,4207.6,203,https://www.keiba.go.jp/KeibaWeb/TodayRaceInfo/Odds3LenFuku?k_babaCode=19&k_raceDate=2026%2F09%2F28&k_raceNo=1
2026-09-28 14:10:00,14:09,2026-09-28,funabashi,1,30,三連複,2-11-12,1051.9,1051.9,127,https://www.keiba.go.jp/KeibaWeb/TodayRaceInfo/Odds3LenFuku?k_babaCode=19&k_raceDate=2026%2F09%2F28&k_raceNo=1
2026-09-28 14:10:00,14:09,2026-09-28,funabashi,1,30,三連複,2-3-10,0.0,0.0,219,https://www.keiba.go.jp/KeibaWeb/TodayRaceInfo/Odds3LenFuku?k_babaCode=19&k_raceDate=2026%2F09%2F28&k_raceNo=1
2026-09-28 14:10:00,14:09,2026-09-28,funabashi,1,30,三連複,2-3-11,1803.2,1803.2,161,https://www.keiba.go.jp/KeibaWeb/TodayRaceInfo/Odds3LenFuku?k_babaCode=19&k_raceDate=2026%2F09%2F28&k_raceNo=1
2026-09-28 14:10:00,14:09,2026-09-28,funabashi,1,30,三連複,2-3-12,2103.8,2103.8,169,https://www.keiba.go.jp/KeibaWeb/TodayRaceInfo/Odds3LenFuku?k_babaCode=19&k_raceDate=2026%2F09%2F28&k_raceNo=1
2026-09-28 14:10:00,14:09,2026-09-28,funabashi,1,30,三連複,2-3-4,3155.7,3155.7,192,https://www.keiba.go.jp/KeibaWeb/TodayRaceInfo/Odds3LenFuku?k_babaCode=19&k_raceDate=2026%2F09%2F28&k_raceNo=1
2026-09-28 14:10:00,14:09,2026-09-28,funabashi,1,30,三連複,2-3-5,664.3,664.3,98,https://www.keiba.go.jp/KeibaWeb/TodayRaceInfo/Odds3LenFuku?k_babaCode=19&k_raceDate=2026%2F09%2F28&k_raceNo=1
2026-09-28 14:10:00,14:09,2026-09-28,funabashi,1,30,三連複,2-3-6,2524.5,2524.5,181,https://www.keiba.go.jp/KeibaWeb/TodayRaceInfo/Odds3LenFuku?k_babaCode=19&k_raceDate=2026%2F09%2F28&k_raceNo=1
2026-09-28 14:10:00,14:09,2026-09-28,funabashi,1,30,三連複,2-3-7,12622.9,12622.9,214,https://www.keiba.go.jp/KeibaWeb/TodayRaceInfo/Odds3LenFuku?k_babaCode=19&k_raceDate=2026%2F09%2F28&k_raceNo=1
2026-09-28 14:10:00,14:09,2026-09-28,funabashi,1,30,三連複,2-3-8,1577.8,1577.8,153,https://www.keiba.go.jp/KeibaWeb/TodayRaceInfo/Odds3LenFuku?k_babaCode=19&k_raceDate=2026%2F09%2F28&k_raceNo=1
2026-09-28 14:10:00,14:09,2026-09-28,funabashi,1,30,三連複,2-3-9,970.9,970.9,119,https://www.keiba.go.jp/KeibaWeb/TodayRaceInfo/Odds3LenFuku?k_babaCode=19&k_raceDate=2026%2F09%2F28&k_raceNo=1
2026-09-28 14:10:00,14:09,2026-09-28,funabashi,1,30,三連複,2-4-10,2524.5,2524.5,181,https://www.keiba.go.jp/KeibaWeb/TodayRaceInfo/Odds3LenFuku?k_babaCode=19&k_raceDate=2026%2F09%2F28&k_raceNo=1
2026-09-28 14:10:00,14:09,2026-09-28,funabashi,1,30,三連複,2-4-11,1262.2,1262.2,137,https://www.keiba.go.jp/KeibaWeb/TodayRaceInfo/Odds3LenFuku?k_babaCode=19&k_raceDate=2026%2F09%2F28&k_raceNo=1
2026-09-28 14:10:00,14:09,2026-09-28,funabashi,1,30,三連複,2-4-12,2524.5,2524.5,181,https://www.keiba.go.jp/KeibaWeb/TodayRaceInfo/Odds3LenFuku?k_babaCode=19&k_raceDate=2026%2F09%2F28&k_raceNo=1
2026-09-28 14:10:00,14:09,2026-09-28,funabashi,1,30,三連複,2-4-5,435.2,435.2,78,https://www.keiba.go.jp/KeibaWeb/TodayRaceInfo/Odds3LenFuku?k_babaCode=19&k_raceDate=2026%2F09%2F28&k_raceNo=1
2026-09-28 14:10:00,14:09,2026-09-28,funabashi,1,30,三連複,2-4-6,2524.5,2524.5,181,https://www.keiba.go.jp/KeibaWeb/TodayRaceInfo/Odds3LenFuku?k_babaCode=19&k_raceDate=2026%2F09%2F28&k_raceNo=1
2026-09-28 14:10:00,14:09,2026-09-28,funabashi,1,30,三連複,2-4-7,631.1,631.1,96,https://www.keiba.go.jp/KeibaWeb/TodayRaceInfo/Odds3LenFuku?k_babaCode=19&k_raceDate=2026%2F09%2F28&k_raceNo=1
2026-09-28 14:10:00,14:09,2026-09-28,funabashi,1,30,三連複,2-4-8,1051.9,1051.9,127,https://www.keiba.go.jp/KeibaWeb/TodayRaceInfo/Odds3LenFuku?k_babaCode=19&k_raceDate=2026%2F09%2F28&k_raceNo=1
2026-09-28 14:10:00,14:09,2026-09-28,funabashi,1,30,三連複,2-4-9,901.6,901.6,117,https://www.keiba.go.jp/KeibaWeb/TodayRaceInfo/Odds3LenFuku?k_babaCode=19&k_raceDate=2026%2F09%2F28&k_raceNo=1
2026-09-28 14:10:00,14:09,2026-09-28,funabashi,1,30,三連複,2-5-10,664.3,664.3,98,https://www.keiba.go.jp/KeibaWeb/TodayRaceInfo/Odds3LenFuku?k_babaCode=19&k_raceDate=2026%2F09%2F28&k_raceNo=1
2026-09-28 14:10:00,14:09,2026-09-28,funabashi,1,30,三連複,2-5-11,102.6,102.6,27,https://www.keiba.go.jp/KeibaWeb/TodayRaceInfo/Odds3LenFuku?k_babaCode=19&k_raceDate=2026%2F09%2F28&k_raceNo=1
2026-09-28 14:10:00,14:09,2026-09-28,funabashi,1,30,三連複,2-5-12,300.5,300.5,68,https://www.keiba.go.jp/KeibaWeb/TodayRaceInfo/Odds3LenFuku?k_babaCode=19&k_raceDate=2026%2F09%2F28&k_raceNo=1
2026-09-28 14:10:00,14:09,2026-09-28,funabashi,1,30,三連複,2-5-6,450.8,450.8,81,https://www.keiba.go.jp/KeibaWeb/TodayRaceInfo/Odds3LenFuku?k_babaCode=19&k_raceDate=2026%2F09%2F28&k_raceNo=1
2026-09-28 14:10:00,14:09,2026-09-28,funabashi,1,30,三連複,2-5-7,81.4,81.4,23,https://www.keiba.go.jp/KeibaWeb/TodayRaceInfo/Odds3LenFuku?k_babaCode=19&k_raceDate=2026%2F09%2F28&k_raceNo=1
2026-09-28 14:10:00,14:09,2026-09-28,funabashi,1,30,三連複,2-5-8,83.5,83.5,24,https://www.keiba.go.jp/KeibaWeb/TodayRaceInfo/Odds3LenFuku?k_babaCode=19&k_raceDate=2026%2F09%2F28&k_raceNo=1
2026-09-28 14:10:00,14:09,2026-09-28,funabashi,1,30,三連複,2-5-9,33.3,33.3,10,https://www.keiba.go.jp/KeibaWeb/TodayRaceInfo/Odds3LenFuku?k_babaCode=19&k_raceDate=2026%2F09%2F28&k_raceNo=1
2026-09-28 14:10:00,14:09,2026-09-28,funabashi,1,30,三連複,2-6-10,4207.6,4207.6,203,https://www.keiba.go.jp/KeibaWeb/TodayRaceInfo/Odds3LenFuku?k_babaCode=19&k_raceDate=2026%2F09%2F28&k_raceNo=1
2026-09-28 14:10:00,14:09,2026-09-28,funabashi,1,30,三連複,2-6-11,1803.2,1803.2,161,https://www.keiba.go.jp/KeibaWeb/TodayRaceInfo/Odds3LenFuku?k_babaCode=19&k_raceDate=2026%2F09%2F28&k_raceNo=1
2026-09-28 14:10:00,14:09,2026-09-28,funabashi,1,30,三連複,2-6-12,4207.6,4207.6,203,https://www.keiba.go.jp/KeibaWeb/TodayRaceInfo/Odds3LenFuku?k_babaCode=19&k_raceDate=2026%2F09%2F28&k_raceNo=1
2026-09-28 14:10:00,14:09,2026-09-28,funabashi,1,30,三連複,2-6-7,1147.5,1147.5,132,https://www.keiba.go.jp/KeibaWeb/TodayRaceInfo/Odds3LenFuku?k_babaCode=19&k_raceDate=2026%2F09%2F28&k_raceNo=1
2026-09-28 14:10:00,14:09,2026-09-28,funabashi,1,30,三連複,2-6-8,1803.2,1803.2,161,https://www.keiba.go.jp/KeibaWeb/TodayRaceInfo/Odds3LenFuku?k_babaCode=19&k_raceDate=2026%2F09%2F28&k_raceNo=1
2026-09-28 14:10:00,14:09,2026-09-28,funabashi,1,30,三連複,2-6-9,1051.9,1051.9,127,https://www.keiba.go.jp/KeibaWeb/TodayRaceInfo/Odds3LenFuku?k_babaCode=19&k_raceDate=2026%2F09%2F28&k_raceNo=1
2026-09-28 14:10:00,14:09,2026-09-28,funabashi,1,30,三連複,2-7-10,2103.8,2103.8,169,https://www.keiba.go.jp/KeibaWeb/TodayRaceInfo/Odds3LenFuku?k_babaCode=19&k_raceDate=2026%2F09%2F28&k_raceNo=1
2026-09-28 14:10:00,14:09,2026-09-28,funabashi,1,30,三連複,2-7-11,450.8,450.8,81,https://www.keiba.go.jp/KeibaWeb/TodayRaceInfo/Odds3LenFuku?k_babaCode=19&k_raceDate=2026%2F09%2F28&k_raceNo=1
2026-09-28 14:10:00,14:09,2026-09-28,funabashi,1,30,三連複,2-7-12,2524.5,2524.5,181,https://www.keiba.go.jp/KeibaWeb/TodayRaceInfo/Odds3LenFuku?k_babaCode=19&k_raceDate=2026%2F09%2F28&k_raceNo=1
2026-09-28 14:10:00,14:09,2026-09-28,funabashi,1,30,三連複,2-7-8,548.8,548.8,90,https://www.keiba.go.jp/KeibaWeb/TodayRaceInfo/Odds3LenFuku?k_babaCode=19&k_raceDate=2026%2F09%2F28&k_raceNo=1
2026-09-28 14:10:00,14:09,2026-09-28,funabashi,1,30,三連複,2-7-9,200.3,200.3,44,https://www.keiba.go.jp/KeibaWeb/TodayRaceInfo/Odds3LenFuku?k_babaCode=19&k_raceDate=2026%2F09%2F28&k_raceNo=1
2026-09-28 14:10:00,14:09,2026-09-28,funabashi,1,30,三連複,2-8-10,1803.2,1803.2,161,https://www.keiba.go.jp/KeibaWeb/TodayRaceInfo/Odds3LenFuku?k_babaCode=19&k_raceDate=2026%2F09%2F28&k_raceNo=1
2026-09-28 14:10:00,14:09,2026-09-28,funabashi,1,30,三連複,2-8-11,293.5,293.5,67,https://www.keiba.go.jp/KeibaWeb/TodayRaceInfo/Odds3LenFuku?k_babaCode=19&k_raceDate=2026%2F09%2F28&k_raceNo=1
2026-09-28 14:10:00,14:09,2026-09-28,funabashi,1,30,三連複,2-8-12,1577.8,1577.8,153,https://www.keiba.go.jp/KeibaWeb/TodayRaceInfo/Odds3LenFuku?k_babaCode=19&k_raceDate=2026%2F09%2F28&k_raceNo=1
2026-09-28 14:10:00,14:09,2026-09-28,funabashi,1,30,三連複,2-8-9,161.8,161.8,40,https://www.keiba.go.jp/KeibaWeb/TodayRaceInfo/Odds3LenFuku?k_babaCode=19&k_raceDate=2026%2F09%2F28&k_raceNo=1
2026-09-28 14:10:00,14:09,2026-09-28,funabashi,1,30,三連複,2-9-10,1262.2,1262.2,137,https://www.keiba.go.jp/KeibaWeb/TodayRaceInfo/Odds3LenFuku?k_babaCode=19&k_raceDate=2026%2F09%2F28&k_raceNo=1
2026-09-28 14:10:00,14:09,2026-09-28,funabashi,1,30,三連複,2-9-11,146.7,146.7,38,https://www.keiba.go.jp/KeibaWeb/TodayRaceInfo/Odds3LenFuku?k_babaCode=19&k_raceDate=2026%2F09%2F28&k_raceNo=1
2026-09-28 14:10:00,14:09,2026-09-28,funabashi,1,30,三連複,2-9-12,970.9,970.9,119,https://www.keiba.go.jp/KeibaWeb/TodayRaceInfo/Odds3LenFuku?k_babaCode=19&k_raceDate=2026%2F09%2F28&k_raceNo=1
2026-09-28 14:10:00,14:09,2026-09-28,funabashi,1,30,三連複,3-10-11,3155.7,3155.7,192,https://www.keiba.go.jp/KeibaWeb/TodayRaceInfo/Odds3LenFuku?k_babaCode=19&k_raceDate=2026%2F09%2F28&k_raceNo=1
2026-09-28 14:10:00,14:09,2026-09-28,funabashi,1,30,三連複,3-10-12,2103.8,2103.8,169,https://www.keiba.go.jp/KeibaWeb/TodayRaceInfo/Odds3LenFuku?k_babaCode=19&k_raceDate=2026%2F09%2F28&k_raceNo=1
2026-09-28 14:10:00,14:09,2026-09-28,funabashi,1,30,三連複,3-11-12,1262.2,1262.2,137,https://www.keiba.go.jp/KeibaWeb/TodayRaceInfo/Odds3LenFuku?k_babaCode=19&k_raceDate=2026%2F09%2F28&k_raceNo=1
2026-09-28 14:10:00,14:09,2026-09-28,funabashi,1,30,三連複,3-4-10,6311.4,6311.4,208,https://www.keiba.go.jp/KeibaWeb/TodayRaceInfo/Odds3LenFuku?k_babaCode=19&k_raceDate=2026%2F09%2F28&k_raceNo=1
2026-09-28 14:10:00,14:09,2026-09-28,funabashi,1,30,三連複,3-4-11,2524.5,2524.5,181,https://www.keiba.go.jp/KeibaWeb/TodayRaceInfo/Odds3LenFuku?k_babaCode=19&k_raceDate=2026%2F09%2F28&k_raceNo=1
2026-09-28 14:10:00,14:09,2026-09-28,funabashi,1,30,三連複,3-4-12,12622.9,12622.9,214,https://www.keiba.go.jp/KeibaWeb/TodayRaceInfo/Odds3LenFuku?k_babaCode=19&k_raceDate=2026%2F09%2F28&k_raceNo=1
2026-09-28 14:10:00,14:09,2026-09-28,funabashi,1,30,三連複,3-4-5,970.9,970.9,119,https://www.keiba.go.jp/KeibaWeb/TodayRaceInfo/Odds3LenFuku?k_babaCode=19&k_raceDate=2026%2F09%2F28&k_raceNo=1
2026-09-28 14:10:00,14:09,2026-09-28,funabashi,1,30,三連複,3-4-6,2524.5,2524.5,181,https://www.keiba.go.jp/KeibaWeb/TodayRaceInfo/Odds3LenFuku?k_babaCode=19&k_raceDate=2026%2F09%2F28&k_raceNo=1
2026-09-28 14:10:00,14:09,2026-09-28,funabashi,1,30,三連複,3-4-7,2103.8,2103.8,169,https://www.keiba.go.jp/KeibaWeb/TodayRaceInfo/Odds3LenFuku?k_babaCode=19&k_raceDate=2026%2F09%2F28&k_raceNo=1
2026-09-28 14:10:00,14:09,2026-09-28,funabashi,1,30,三連複,3-4-8,1803.2,1803.2,161,https://www.keiba.go.jp/KeibaWeb/TodayRaceInfo/Odds3LenFuku?k_babaCode=19&k_raceDate=2026%2F09%2F28&k_raceNo=1
2026-09-28 14:10:00,14:09,2026-09-28,funabashi,1,30,三連複,3-4-9,1402.5,1402.5,148,https://www.keiba.go.jp/KeibaWeb/TodayRaceInfo/Odds3LenFuku?k_babaCode=19&k_raceDate=2026%2F09%2F28&k_raceNo=1
2026-09-28 14:10:00,14:09,2026-09-28,funabashi,1,30,三連複,3-5-10,970.9,970.9,119,https://www.keiba.go.jp/KeibaWeb/TodayRaceInfo/Odds3LenFuku?k_babaCode=19&k_raceDate=2026%2F09%2F28&k_raceNo=1
2026-09-28 14:10:00,14:09,2026-09-28,funabashi,1,30,三連複,3-5-11,210.3,210.3,48,https://www.keiba.go.jp/KeibaWeb/TodayRaceInfo/Odds3LenFuku?k_babaCode=19&k_raceDate=2026%2F09%2F28&k_raceNo=1
2026-09-28 14:10:00,14:09,2026-09-28,funabashi,1,30,三連複,3-5-12,841.5,841.5,112,https://www.keiba.go.jp/KeibaWeb/TodayRaceInfo/Odds3LenFuku?k_babaCode=19&k_raceDate=2026%2F09%2F28&k_raceNo=1
2026-09-28 14:10:00,14:09,2026-09-28,funabashi,1,30,三連複,3-5-6,664.3,664.3,98,https://www.keiba.go.jp/KeibaWeb/TodayRaceInfo/Odds3LenFuku?k_babaCode=19&k_raceDate=2026%2F09%2F28&k_raceNo=1
2026-09-28 14:10:00,14:09,2026-09-28,funabashi,1,30,三連複,3-5-7,134.2,134.2,34,https://www.keiba.go.jp/KeibaWeb/TodayRaceInfo/Odds3LenFuku?k_babaCode=19&k_raceDate=2026%2F09%2F28&k_raceNo=1
2026-09-28 14:10:00,14:09,2026-09-28,funabashi,1,30,三連複,3-5-8,152.0,152.0,39,https://www.keiba.go.jp/KeibaWeb/TodayRaceInfo/Odds3LenFuku?k_babaCode=19&k_raceDate=2026%2F09%2F28&k_raceNo=1
2026-09-28 14:10:00,14:09,2026-09-28,funabashi,1,30,三連複,3-5-9,57.1,57.1,18,https://www.keiba.go.jp/KeibaWeb/TodayRaceInfo/Odds3LenFuku?k_babaCode=19&k_raceDate=2026%2F09%2F28&k_raceNo=1
2026-09-28 14:10:00,14:09,2026-09-28,funabashi,1,30,三連複,3-6-10,4207.6,4207.6,203,https://www.keiba.go.jp/KeibaWeb/TodayRaceInfo/Odds3LenFuku?k_babaCode=19&k_raceDate=2026%2F09%2F28&k_raceNo=1
2026-09-28 14:10:00,14:09,2026-09-28,funabashi,1,30,三連複,3-6-11,2524.5,2524.5,181,https://www.keiba.go.jp/KeibaWeb/TodayRaceInfo/Odds3LenFuku?k_babaCode=19&k_raceDate=2026%2F09%2F28&k_raceNo=1
2026-09-28 14:10:00,14:09,2026-09-28,funabashi,1,30,三連複,3-6-12,0.0,0.0,219,https://www.keiba.go.jp/KeibaWeb/TodayRaceInfo/Odds3LenFuku?k_babaCode=19&k_raceDate=2026%2F09%2F28&k_raceNo=1
2026-09-28 14:10:00,14:09,2026-09-28,funabashi,1,30,三連複,3-6-7,1577.8,1577.8,153,https://www.keiba.go.jp/KeibaWeb/TodayRaceInfo/Odds3LenFuku?k_babaCode=19&k_raceDate=2026%2F09%2F28&k_raceNo=1
2026-09-28 14:10:00,14:09,2026-09-28,funabashi,1,30,三連複,3-6-8,1051.9,1051.9,127,https://www.keiba.go.jp/KeibaWeb/TodayRaceInfo/Odds3LenFuku?k_babaCode=19&k_raceDate=2026%2F09%2F28&k_raceNo=1
2026-09-28 14:10:00,14:09,2026-09-28,funabashi,1,30,三連複,3-6-9,742.5,742.5,104,https://www.keiba.go.jp/KeibaWeb/TodayRaceInfo/Odds3LenFuku?k_babaCode=19&k_raceDate=2026%2F09%2F28&k_raceNo=1
2026-09-28 14:10:00,14:09,2026-09-28,funabashi,1,30,三連複,3-7-10,1577.8,1577.8,153,https://www.keiba.go.jp/KeibaWeb/TodayRaceInfo/Odds3LenFuku?k_babaCode=19&k_raceDate=2026%2F09%2F28&k_raceNo=1
2026-09-28 14:10:00,14:09,2026-09-28,funabashi,1,30,三連複,3-7-11,1262.2,1262.2,137,https://www.keiba.go.jp/KeibaWeb/TodayRaceInfo/Odds3LenFuku?k_babaCode=19&k_raceDate=2026%2F09%2F28&k_raceNo=1
2026-09-28 14:10:00,14:09,2026-09-28,funabashi,1,30,三連複,3-7-12,3155.7,3155.7,192,https://www.keiba.go.jp/KeibaWeb/TodayRaceInfo/Odds3LenFuku?k_babaCode=19&k_raceDate=2026%2F09%2F28&k_raceNo=1
2026-09-28 14:10:00,14:09,2026-09-28,funabashi,1,30,三連複,3-7-8,664.3,664.3,98,https://www.keiba.go.jp/KeibaWeb/TodayRaceInfo/Odds3LenFuku?k_babaCode=19&k_raceDate=2026%2F09%2F28&k_raceNo=1
2026-09-28 14:10:00,14:09,2026-09-28,funabashi,1,30,三連複,3-7-9,394.4,394.4,75,https://www.keiba.go.jp/KeibaWeb/TodayRaceInfo/Odds3LenFuku?k_babaCode=19&k_raceDate=2026%2F09%2F28&k_raceNo=1
2026-09-28 14:10:00,14:09,2026-09-28,funabashi,1,30,三連複,3-8-10,2524.5,2524.5,181,https://www.keiba.go.jp/KeibaWeb/TodayRaceInfo/Odds3LenFuku?k_babaCode=19&k_raceDate=2026%2F09%2F28&k_raceNo=1
2026-09-28 14:10:00,14:09,2026-09-28,funabashi,1,30,三連複,3-8-11,742.5,742.5,104,https://www.keiba.go.jp/KeibaWeb/TodayRaceInfo/Odds3LenFuku?k_babaCode=19&k_raceDate=2026%2F09%2F28&k_raceNo=1
2026-09-28 14:10:00,14:09,2026-09-28,funabashi,1,30,三連複,3-8-12,1262.2,1262.2,137,https://www.keiba.go.jp/KeibaWeb/TodayRaceInfo/Odds3LenFuku?k_babaCode=19&k_raceDate=2026%2F09%2F28&k_raceNo=1
2026-09-28 14:10:00,14:09,2026-09-28,funabashi,1,30,三連複,3-8-9,200.3,200.3,44,https://www.keiba.go.jp/KeibaWeb/TodayRaceInfo/Odds3LenFuku?k_babaCode=19&k_raceDate=2026%2F09%2F28&k_raceNo=1
2026-09-28 14:10:00,14:09,2026-09-28,funabashi,1,30,三連複,3-9-10,3155.7,3155.7,192,https://www.keiba.go.jp/KeibaWeb/TodayRaceInfo/Odds3LenFuku?k_babaCode=19&k_raceDate=2026%2F09%2F28&k_raceNo=1
2026-09-28 14:10:00,14:09,2026-09-28,funabashi,1,30,三連複,3-9-11,394.4,394.4,75,https://www.keiba.go.jp/KeibaWeb/TodayRaceInfo/Odds3LenFuku?k_babaCode=19&k_raceDate=2026%2F09%2F28&k_raceNo=1
2026-09-28 14:10:00,14:09,2026-09-28,funabashi,1,30,三連複,3-9-12,525.9,525.9,88,https://www.keiba.go.jp/KeibaWeb/TodayRaceInfo/Odds3LenFuku?k_babaCode=19&k_raceDate=2026%2F09%2F28&k_raceNo=1
2026-09-28 14:10:00,14:09,2026-09-28,funabashi,1,30,三連複,4-10-11,3155.7,3155.7,192,https://www.keiba.go.jp/KeibaWeb/TodayRaceInfo/Odds3LenFuku?k_babaCode=19&k_raceDate=2026%2F09%2F28&k_raceNo=1
2026-09-28 14:10:00,14:09,2026-09-28,funabashi,1,30,三連複,4-10-12,3155.7,3155.7,192,https://www.keiba.go.jp/KeibaWeb/TodayRaceInfo/Odds3LenFuku?k_babaCode=19&k_raceDate=2026%2F09%2F28&k_raceNo=1
2026-09-28 14:10:00,14:09,2026-09-28,funabashi,1,30,三連複,4-11-12,1402.5,1402.5,148,https://www.keiba.go.jp/KeibaWeb/TodayRaceInfo/Odds3LenFuku?k_babaCode=19&k_raceDate=2026%2F09%2F28&k_raceNo=1
2026-09-28 14:10:00,14:09,2026-09-28,funabashi,1,30,三連複,4-5-10,1577.8,1577.8,153,https://www.keiba.go.jp/KeibaWeb/TodayRaceInfo/Odds3LenFuku?k_babaCode=19&k_raceDate=2026%2F09%2F28&k_raceNo=1
2026-09-28 14:10:00,14:09,2026-09-28,funabashi,1,30,三連複,4-5-11,252.4,252.4,57,https://www.keiba.go.jp/KeibaWeb/TodayRaceInfo/Odds3LenFuku?k_babaCode=19&k_raceDate=2026%2F09%2F28&k_raceNo=1
2026-09-28 14:10:00,14:09,2026-09-28,funabashi,1,30,三連複,4-5-12,1147.5,1147.5,132,https://www.keiba.go.jp/KeibaWeb/TodayRaceInfo/Odds3LenFuku?k_babaCode=19&k_raceDate=2026%2F09%2F28&k_raceNo=1
2026-09-28 14:10:00,14:09,2026-09-28,funabashi,1,30,三連複,4-5-6,788.9,788.9,109,https://www.keiba.go.jp/KeibaWeb/TodayRaceInfo/Odds3LenFuku?k_babaCode=19&k_raceDate=2026%2F09%2F28&k_raceNo=1
2026-09-28 14:10:00,14:09,2026-09-28,funabashi,1,30,三連複,4-5-7,200.3,200.3,44,https://www.keiba.go.jp/KeibaWeb/TodayRaceInfo/Odds3LenFuku?k_babaCode=19&k_raceDate=2026%2F09%2F28&k_raceNo=1
2026-09-28 14:10:00,14:09,2026-09-28,funabashi,1,30,三連複,4-5-8,252.4,252.4,57,https://www.keiba.go.jp/KeibaWeb/TodayRaceInfo/Odds3LenFuku?k_babaCode=19&k_raceDate=2026%2F09%2F28&k_raceNo=1
2026-09-28 14:10:00,14:09,2026-09-28,funabashi,1,30,三連複,4-5-9,57.3,57.3,19,https://www.keiba.go.jp/KeibaWeb/TodayRaceInfo/Odds3LenFuku?k_babaCode=19&k_raceDate=2026%2F09%2F28&k_raceNo=1
2026-09-28 14:10:00,14:09,2026-09-28,funabashi,1,30,三連複,4-6-10,3155.7,3155.7,192,https://www.keiba.go.jp/KeibaWeb/TodayRaceInfo/Odds3LenFuku?k_babaCode=19&k_raceDate=2026%2F09%2F28&k_raceNo=1
2026-09-28 14:10:00,14:09,2026-09-28,funabashi,1,30,三連複,4-6-11,1803.2,1803.2,161,https://www.keiba.go.jp/KeibaWeb/TodayRaceInfo/Odds3LenFuku?k_babaCode=19&k_raceDate=2026%2F09%2F28&k_raceNo=1
2026-09-28 14:10:00,14:09,2026-09-28,funabashi,1,30,三連複,4-6-12,12622.9,12622.9,214,https://www.keiba.go.jp/KeibaWeb/TodayRaceInfo/Odds3LenFuku?k_babaCode=19&k_raceDate=2026%2F09%2F28&k_raceNo=1
2026-09-28 14:10:00,14:09,2026-09-28,funabashi,1,30,三連複,4-6-7,1577.8,1577.8,153,https://www.keiba.go.jp/KeibaWeb/TodayRaceInfo/Odds3LenFuku?k_babaCode=19&k_raceDate=2026%2F09%2F28&k_raceNo=1
2026-09-28 14:10:00,14:09,2026-09-28,funabashi,1,30,三連複,4-6-8,1147.5,1147.5,132,https://www.keiba.go.jp/KeibaWeb/TodayRaceInfo/Odds3LenFuku?k_babaCode=19&k_raceDate=2026%2F09%2F28&k_raceNo=1
2026-09-28 14:10:00,14:09,2026-09-28,funabashi,1,30,三連複,4-6-9,1262.2,1262.2,137,https://www.keiba.go.jp/KeibaWeb/TodayRaceInfo/Odds3LenFuku?k_babaCode=19&k_raceDate=2026%2F09%2F28&k_raceNo=1
2026-09-28 14:10:00,14:09,2026-09-28,funabashi,1,30,三連複,4-7-10,6311.4,6311.4,208,https://www.keiba.go.jp/KeibaWeb/TodayRaceInfo/Odds3LenFuku?k_babaCode=19&k_raceDate=2026%2F09%2F28&k_raceNo=1
2026-09-28 14:10:00,14:09,2026-09-28,funabashi,1,30,三連複,4-7-11,601.0,601.0,94,https://www.keiba.go.jp/KeibaWeb/TodayRaceInfo/Odds3LenFuku?k_babaCode=19&k_raceDate=2026%2F09%2F28&k_raceNo=1
2026-09-28 14:10:00,14:09,2026-09-28,funabashi,1,30,三連複,4-7-12,2103.8,2103.8,169,https://www.keiba.go.jp/KeibaWeb/TodayRaceInfo/Odds3LenFuku?k_babaCode=19&k_raceDate=2026%2F09%2F28&k_raceNo=1
2026-09-28 14:10:00,14:09,2026-09-28,funabashi,1,30,三連複,4-7-8,788.9,788.9,109,https://www.keiba.go.jp/KeibaWeb/TodayRaceInfo/Odds3LenFuku?k_babaCode=19&k_raceDate=2026%2F09%2F28&k_raceNo=1
2026-09-28 14:10:00,14:09,2026-09-28,funabashi,1,30,三連複,4-7-9,286.8,286.8,66,https://www.keiba.go.jp/KeibaWeb/TodayRaceInfo/Odds3LenFuku?k_babaCode=19&k_raceDate=2026%2F09%2F28&k_raceNo=1
2026-09-28 14:10:00,14:09,2026-09-28,funabashi,1,30,三連複,4-8-10,2103.8,2103.8,169,https://www.keiba.go.jp/KeibaWeb/TodayRaceInfo/Odds3LenFuku?k_babaCode=19&k_raceDate=2026%2F09%2F28&k_raceNo=1
2026-09-28 14:10:00,14:09,2026-09-28,funabashi,1,30,三連複,4-8-11,573.7,573.7,91,https://www.keiba.go.jp/KeibaWeb/TodayRaceInfo/Odds3LenFuku?k_babaCode=19&k_raceDate=2026%2F09%2F28&k_raceNo=1
2026-09-28 14:10:00,14:09,2026-09-28,funabashi,1,30,三連複,4-8-12,2103.8,2103.8,169,https://www.keiba.go.jp/KeibaWeb/TodayRaceInfo/Odds3LenFuku?k_babaCode=19&k_raceDate=2026%2F09%2F28&k_raceNo=1
2026-09-28 14:10:00,14:09,2026-09-28,funabashi,1,30,三連複,4-8-9,238.1,238.1,54,https://www.keiba.go.jp/KeibaWeb/TodayRaceInfo/Odds3LenFuku?k_babaCode=19&k_raceDate=2026%2F09%2F28&k_raceNo=1
2026-09-28 14:10:00,14:09,2026-09-28,funabashi,1,30,三連複,4-9-10,3155.7,3155.7,192,https://www.keiba.go.jp/KeibaWeb/TodayRaceInfo/Odds3LenFuku?k_babaCode=19&k_raceDate=2026%2F09%2F28&k_raceNo=1
2026-09-28 14:10:00,14:09,2026-09-28,funabashi,1,30,三連複,4-9-11,268.5,268.5,60,https://www.keiba.go.jp/KeibaWeb/TodayRaceInfo/Odds3LenFuku?k_babaCode=19&k_raceDate=2026%2F09%2F28&k_raceNo=1
2026-09-28 14:10:00,14:09,2026-09-28,funabashi,1,30,三連複,4-9-12,970.9,970.9,119,https://www.keiba.go.jp/KeibaWeb/TodayRaceInfo/Odds3LenFuku?k_babaCode=19&k_raceDate=2026%2F09%2F28&k_raceNo=1
2026-09-28 14:10:00,14:09,2026-09-28,funabashi,1,30,三連複,5-10-11,274.4,274.4,64,https://www.keiba.go.jp/KeibaWeb/TodayRaceInfo/Odds3LenFuku?k_babaCode=19&k_raceDate=2026%2F09%2F28&k_raceNo=1
2026-09-28 14:10:00,14:09,2026-09-28,funabashi,1,30,三連複,5-10-12,901.6,901.6,117,https://www.keiba.go.jp/KeibaWeb/TodayRaceInfo/Odds3LenFuku?k_babaCode=19&k_raceDate=2026%2F09%2F28&k_raceNo=1
2026-09-28 14:10:00,14:09,2026-09-28,funabashi,1,30,三連複,5-11-12,143.4,143.4,37,https://www.keiba.go.jp/KeibaWeb/TodayRaceInfo/Odds3LenFuku?k_babaCode=19&k_raceDate=2026%2F09%2F28&k_raceNo=1
2026-09-28 14:10:00,14:09,2026-09-28,funabashi,1,30,三連複,5-6-10,1262.2,1262.2,137,https://www.keiba.go.jp/KeibaWeb/TodayRaceInfo/Odds3LenFuku?k_babaCode=19&k_raceDate=2026%2F09%2F28&k_raceNo=1
2026-09-28 14:10:00,14:09,2026-09-28,funabashi,1,30,三連複,5-6-11,197.2,197.2,43,https://www.keiba.go.jp/KeibaWeb/TodayRaceInfo/Odds3LenFuku?k_babaCode=19&k_raceDate=2026%2F09%2F28&k_raceNo=1
2026-09-28 14:10:00,14:09,2026-09-28,funabashi,1,30,三連複,5-6-12,631.1,631.1,96,https://www.keiba.go.jp/KeibaWeb/TodayRaceInfo/Odds3LenFuku?k_babaCode=19&k_raceDate=2026%2F09%2F28&k_raceNo=1
2026-09-28 14:10:00,14:09,2026-09-28,funabashi,1,30,三連複,5-6-7,140.2,140.2,36,https://www.keiba.go.jp/KeibaWeb/TodayRaceInfo/Odds3LenFuku?k_babaCode=19&k_raceDate=2026%2F09%2F28&k_raceNo=1
2026-09-28 14:10:00,14:09,2026-09-28,funabashi,1,30,三連複,5-6-8,191.2,191.2,41,https://www.keiba.go.jp/KeibaWeb/TodayRaceInfo/Odds3LenFuku?k_babaCode=19&k_raceDate=2026%2F09%2F28&k_raceNo=1
2026-09-28 14:10:00,14:09,2026-09-28,funabashi,1,30,三連複,5-6-9,57.9,57.9,21,https://www.keiba.go.jp/KeibaWeb/TodayRaceInfo/Odds3LenFuku?k_babaCode=19&k_raceDate=2026%2F09%2F28&k_raceNo=1
2026-09-28 14:10:00,14:09,2026-09-28,funabashi,1,30,三連複,5-7-10,217.6,217.6,49,https://www.keiba.go.jp/KeibaWeb/TodayRaceInfo/Odds3LenFuku?k_babaCode=19&k_raceDate=2026%2F09%2F28&k_raceNo=1
2026-09-28 14:10:00,14:09,2026-09-28,funabashi,1,30,三連複,5-7-11,25.5,25.5,6,https://www.keiba.go.jp/KeibaWeb/TodayRaceInfo/Odds3LenFuku?k_babaCode=19&k_raceDate=2026%2F09%2F28&k_raceNo=1
2026-09-28 14:10:00,14:09,2026-09-28,funabashi,1,30,三連複,5-7-12,85.2,85.2,25,https://www.keiba.go.jp/KeibaWeb/TodayRaceInfo/Odds3LenFuku?k_babaCode=19&k_raceDate=2026%2F09%2F28&k_raceNo=1
2026-09-28 14:10:00,14:09,2026-09-28,funabashi,1,30,三連複,5-7-8,22.0,22.0,5,https://www.keiba.go.jp/KeibaWeb/TodayRaceInfo/Odds3LenFuku?k_babaCode=19&k_raceDate=2026%2F09%2F28&k_raceNo=1
2026-09-28 14:10:00,14:09,2026-09-28,funabashi,1,30,三連複,5-7-9,5.6,5.6,1,https://www.keiba.go.jp/KeibaWeb/TodayRaceInfo/Odds3LenFuku?k_babaCode=19&k_raceDate=2026%2F09%2F28&k_raceNo=1
2026-09-28 14:10:00,14:09,2026-09-28,funabashi,1,30,三連複,5-8-10,242.7,242.7,56,https://www.keiba.go.jp/KeibaWeb/TodayRaceInfo/Odds3LenFuku?k_babaCode=19&k_raceDate=2026%2F09%2F28&k_raceNo=1
2026-09-28 14:10:00,14:09,2026-09-28,funabashi,1,30,三連複,5-8-11,26.6,26.6,7,https://www.keiba.go.jp/KeibaWeb/TodayRaceInfo/Odds3LenFuku?k_babaCode=19&k_raceDate=2026%2F09%2F28&k_raceNo=1
2026-09-28 14:10:00,14:09,2026-09-28,funabashi,1,30,三連複,5-8-12,124.9,124.9,33,https://www.keiba.go.jp/KeibaWeb/TodayRaceInfo/Odds3LenFuku?k_babaCode=19&k_raceDate=2026%2F09%2F28&k_raceNo=1
2026-09-28 14:10:00,14:09,2026-09-28,funabashi,1,30,三連複,5-8-9,7.5,7.5,2,https://www.keiba.go.jp/KeibaWeb/TodayRaceInfo/Odds3LenFuku?k_babaCode=19&k_raceDate=2026%2F09%2F28&k_raceNo=1
2026-09-28 14:10:00,14:09,2026-09-28,funabashi,1,30,三連複,5-9-10,56.6,56.6,17,https://www.keiba.go.jp/KeibaWeb/TodayRaceInfo/Odds3LenFuku?k_babaCode=19&k_raceDate=2026%2F09%2F28&k_raceNo=1
2026-09-28 14:10:00,14:09,2026-09-28,funabashi,1,30,三連複,5-9-11,9.0,9.0,3,https://www.keiba.go.jp/KeibaWeb/TodayRaceInfo/Odds3LenFuku?k_babaCode=19&k_raceDate=2026%2F09%2F28&k_raceNo=1
2026-09-28 14:10:00,14:09,2026-09-28,funabashi,1,30,三連複,5-9-12,33.5,33.5,11,https://www.keiba.go.jp/KeibaWeb/TodayRaceInfo/Odds3LenFuku?k_babaCode=19&k_raceDate=2026%2F09%2F28&k_raceNo=1
2026-09-28 14:10:00,14:09,2026-09-28,funabashi,1,30,三連複,6-10-11,1577.8,1577.8,153,https://www.keiba.go.jp/KeibaWeb/TodayRaceInfo/Odds3LenFuku?k_babaCode=19&k_raceDate=2026%2F09%2F28&k_raceNo=1
2026-09-28 14:10:00,14:09,2026-09-28,funabashi,1,30,三連複,6-10-12,12622.9,12622.9,214,https://www.keiba.go.jp/KeibaWeb/TodayRaceInfo/Odds3LenFuku?k_babaCode=19&k_raceDate=2026%2F09%2F28&k_raceNo=1
2026-09-28 14:10:00,14:09,2026-09-28,funabashi,1,30,三連複,6-11-12,2103.8,2103.8,169,https://www.keiba.go.jp/KeibaWeb/TodayRaceInfo/Odds3LenFuku?k_babaCode=19&k_raceDate=2026%2F09%2F28&k_raceNo=1
2026-09-28 14:10:00,14:09,2026-09-28,funabashi,1,30,三連複,6-7-10,1803.2,1803.2,161,https://www.keiba.go.jp/KeibaWeb/TodayRaceInfo/Odds3LenFuku?k_babaCode=19&k_raceDate=2026%2F09%2F28&k_raceNo=1
2026-09-28 14:10:00,14:09,2026-09-28,funabashi,1,30,三連複,6-7-11,742.5,742.5,104,https://www.keiba.go.jp/KeibaWeb/TodayRaceInfo/Odds3LenFuku?k_babaCode=19&k_raceDate=2026%2F09%2F28&k_raceNo=1
2026-09-28 14:10:00,14:09,2026-09-28,funabashi,1,30,三連複,6-7-12,2103.8,2103.8,169,https://www.keiba.go.jp/KeibaWeb/TodayRaceInfo/Odds3LenFuku?k_babaCode=19&k_raceDate=2026%2F09%2F28&k_raceNo=1
2026-09-28 14:10:00,14:09,2026-09-28,funabashi,1,30,三連複,6-7-8,467.5,467.5,85,https://www.keiba.go.jp/KeibaWeb/TodayRaceInfo/Odds3LenFuku?k_babaCode=19&k_raceDate=2026%2F09%2F28&k_raceNo=1
2026-09-28 14:10:00,14:09,2026-09-28,funabashi,1,30,三連複,6-7-9,217.6,217.6,49,https://www.keiba.go.jp/KeibaWeb/TodayRaceInfo/Odds3LenFuku?k_babaCode=19&k_raceDate=2026%2F09%2F28&k_raceNo=1
2026-09-28 14:10:00,14:09,2026-09-28,funabashi,1,30,三連複,6-8-10,2103.8,2103.8,169,https://www.keiba.go.jp/KeibaWeb/TodayRaceInfo/Odds3LenFuku?k_babaCode=19&k_raceDate=2026%2F09%2F28&k_raceNo=1
2026-09-28 14:10:00,14:09,2026-09-28,funabashi,1,30,三連複,6-8-11,701.2,701.2,103,https://www.keiba.go.jp/KeibaWeb/TodayRaceInfo/Odds3LenFuku?k_babaCode=19&k_raceDate=2026%2F09%2F28&k_raceNo=1
2026-09-28 14:10:00,14:09,2026-09-28,funabashi,1,30,三連複,6-8-12,6311.4,6311.4,208,https://www.keiba.go.jp/KeibaWeb/TodayRaceInfo/Odds3LenFuku?k_babaCode=19&k_raceDate=2026%2F09%2F28&k_raceNo=1
2026-09-28 14:10:00,14:09,2026-09-28,funabashi,1,30,三連複,6-8-9,225.4,225.4,51,https://www.keiba.go.jp/KeibaWeb/TodayRaceInfo/Odds3LenFuku?k_babaCode=19&k_raceDate=2026%2F09%2F28&k_raceNo=1
2026-09-28 14:10:00,14:09,2026-09-28,funabashi,1,30,三連複,6-9-10,6311.4,6311.4,208,https://www.keiba.go.jp/KeibaWeb/TodayRaceInfo/Odds3LenFuku?k_babaCode=19&k_raceDate=2026%2F09%2F28&k_raceNo=1
2026-09-28 14:10:00,14:09,2026-09-28,funabashi,1,30,三連複,6-9-11,268.5,268.5,60,https://www.keiba.go.jp/KeibaWeb/TodayRaceInfo/Odds3LenFuku?k_babaCode=19&k_raceDate=2026%2F09%2F28&k_raceNo=1
2026-09-28 14:10:00,14:09,2026-09-28,funabashi,1,30,三連複,6-9-12,3155.7,3155.7,192,https://www.keiba.go.jp/KeibaWeb/TodayRaceInfo/Odds3LenFuku?k_babaCode=19&k_raceDate=2026%2F09%2F28&k_raceNo=1
2026-09-28 14:10:00,14:09,2026-09-28,funabashi,1,30,三連複,7-10-11,525.9,525.9,88,https://www.keiba.go.jp/KeibaWeb/TodayRaceInfo/Odds3LenFuku?k_babaCode=19&k_raceDate=2026%2F09%2F28&k_raceNo=1
2026-09-28 14:10:00,14:09,2026-09-28,funabashi,1,30,三連複,7-10-12,3155.7,3155.7,192,https://www.keiba.go.jp/KeibaWeb/TodayRaceInfo/Odds3LenFuku?k_babaCode=19&k_raceDate=2026%2F09%2F28&k_raceNo=1
2026-09-28 14:10:00,14:09,2026-09-28,funabashi,1,30,三連複,7-11-12,382.5,382.5,74,https://www.keiba.go.jp/KeibaWeb/TodayRaceInfo/Odds3LenFuku?k_babaCode=19&k_raceDate=2026%2F09%2F28&k_raceNo=1
2026-09-28 14:10:00,14:09,2026-09-28,funabashi,1,30,三連複,7-8-10,970.9,970.9,119,https://www.keiba.go.jp/KeibaWeb/TodayRaceInfo/Odds3LenFuku?k_babaCode=19&k_raceDate=2026%2F09%2F28&k_raceNo=1
2026-09-28 14:10:00,14:09,2026-09-28,funabashi,1,30,三連複,7-8-11,120.2,120.2,32,https://www.keiba.go.jp/KeibaWeb/TodayRaceInfo/Odds3LenFuku?k_babaCode=19&k_raceDate=2026%2F09%2F28&k_raceNo=1
2026-09-28 14:10:00,14:09,2026-09-28,funabashi,1,30,三連複,7-8-12,394.4,394.4,75,https://www.keiba.go.jp/KeibaWeb/TodayRaceInfo/Odds3LenFuku?k_babaCode=19&k_raceDate=2026%2F09%2F28&k_raceNo=1
2026-09-28 14:10:00,14:09,2026-09-28,funabashi,1,30,三連複,7-8-9,30.0,30.0,8,https://www.keiba.go.jp/KeibaWeb/TodayRaceInfo/Odds3LenFuku?k_babaCode=19&k_raceDate=2026%2F09%2F28&k_raceNo=1
2026-09-28 14:10:00,14:09,2026-09-28,funabashi,1,30,三連複,7-9-10,229.5,229.5,53,https://www.keiba.go.jp/KeibaWeb/TodayRaceInfo/Odds3LenFuku?k_babaCode=19&k_raceDate=2026%2F09%2F28&k_raceNo=1
2026-09-28 14:10:00,14:09,2026-09-28,funabashi,1,30,三連複,7-9-11,35.3,35.3,12,https://www.keiba.go.jp/KeibaWeb/TodayRaceInfo/Odds3LenFuku?k_babaCode=19&k_raceDate=2026%2F09%2F28&k_raceNo=1
2026-09-28 14:10:00,14:09,2026-09-28,funabashi,1,30,三連複,7-9-12,93.5,93.5,26,https://www.keiba.go.jp/KeibaWeb/TodayRaceInfo/Odds3LenFuku?k_babaCode=19&k_raceDate=2026%2F09%2F28&k_raceNo=1
2026-09-28 14:10:00,14:09,2026-09-28,funabashi,1,30,三連複,8-10-11,450.8,450.8,81,https://www.keiba.go.jp/KeibaWeb/TodayRaceInfo/Odds3LenFuku?k_babaCode=19&k_raceDate=2026%2F09%2F28&k_raceNo=1
2026-09-28 14:10:00,14:09,2026-09-28,funabashi,1,30,三連複,8-10-12,1803.2,1803.2,161,https://www.keiba.go.jp/KeibaWeb/TodayRaceInfo/Odds3LenFuku?k_babaCode=19&k_raceDate=2026%2F09%2F28&k_raceNo=1
2026-09-28 14:10:00,14:09,2026-09-28,funabashi,1,30,三連複,8-11-12,300.5,300.5,68,https://www.keiba.go.jp/KeibaWeb/TodayRaceInfo/Odds3LenFuku?k_babaCode=19&k_raceDate=2026%2F09%2F28&k_raceNo=1
2026-09-28 14:10:00,14:09,2026-09-28,funabashi,1,30,三連複,8-9-10,225.4,225.4,51,https://www.keiba.go.jp/KeibaWeb/TodayRaceInfo/Odds3LenFuku?k_babaCode=19&k_raceDate=2026%2F09%2F28&k_raceNo=1
2026-09-28 14:10:00,14:09,2026-09-28,funabashi,1,30,三連複,8-9-11,32.1,32.1,9,https://www.keiba.go.jp/KeibaWeb/TodayRaceInfo/Odds3LenFuku?k_babaCode=19&k_raceDate=2026%2F09%2F28&k_raceNo=1
2026-09-28 14:10:00,14:09,2026-09-28,funabashi,1,30,三連複,8-9-12,109.7,109.7,28,https://www.keiba.go.jp/KeibaWeb/TodayRaceInfo/Odds3LenFuku?k_babaCode=19&k_raceDate=2026%2F09%2F28&k_raceNo=1
2026-09-28 14:10:00,14:09,2026-09-28,funabashi,1,30,三連複,9-10-11,252.4,252.4,57,https://www.keiba.go.jp/KeibaWeb/TodayRaceInfo/Odds3LenFuku?k_babaCode=19&k_raceDate=2026%2F09%2F28&k_raceNo=1
2026-09-28 14:10:00,14:09,2026-09-28,funabashi,1,30,三連複,9-10-12,742.5,742.5,104,https://www.keiba.go.jp/KeibaWeb/TodayRaceInfo/Odds3LenFuku?k_babaCode=19&k_raceDate=2026%2F09%2F28&k_raceNo=1
2026-09-28 14:10:00,14:09,2026-09-28,funabashi,1,30,三連複,9-11-12,117.9,117.9,31,https://www.keiba.go.jp/KeibaWeb/TodayRaceInfo/Odds3LenFuku?k_babaCode=19&k_raceDate=2026%2F09%2F28&k_raceNo=1
2026-09-28 14:10:00,14:09,2026-09-28,funabashi,1,30,馬連,1-10,587.2,587.2,51,https://www.keiba.go.jp/KeibaWeb/TodayRaceInfo/OddsUmLenFuku?k_babaCode=19&k_raceDate=2026%2F09%2F28&k_raceNo=1
2026-09-28 14:10:00,14:09,2026-09-28,funabashi,1,30,馬連,1-11,110.1,110.1,24,https://www.keiba.go.jp/KeibaWeb/TodayRaceInfo/OddsUmLenFuku?k_babaCode=19&k_raceDate=2026%2F09%2F28&k_raceNo=1
2026-09-28 14:10:00,14:09,2026-09-28,funabashi,1,30,馬連,1-12,182.2,182.2,33,https://www.keiba.go.jp/KeibaWeb/TodayRaceInfo/OddsUmLenFuku?k_babaCode=19&k_raceDate=2026%2F09%2F28&k_raceNo=1
2026-09-28 14:10:00,14:09,2026-09-28,funabashi,1,30,馬連,1-2,220.2,220.2,34,https://www.keiba.go.jp/KeibaWeb/TodayRaceInfo/OddsUmLenFuku?k_babaCode=19&k_raceDate=2026%2F09%2F28&k_raceNo=1
2026-09-28 14:10:00,14:09,2026-09-28,funabashi,1,30,馬連,1-3,406.5,406.5,45,https://www.keiba.go.jp/KeibaWeb/TodayRaceInfo/OddsUmLenFuku?k_babaCode=19&k_raceDate=2026%2F09%2F28&k_raceNo=1
2026-09-28 14:10:00,14:09,2026-09-28,funabashi,1,30,馬連,1-4,755.0,755.0,55,https://www.keiba.go.jp/KeibaWeb/TodayRaceInfo/OddsUmLenFuku?k_babaCode=19&k_raceDate=2026%2F09%2F28&k_raceNo=1
2026-09-28 14:10:00,14:09,2026-09-28,funabashi,1,30,馬連,1-5,23.1,23.1,8,https://www.keiba.go.jp/KeibaWeb/TodayRaceInfo/OddsUmLenFuku?k_babaCode=19&k_raceDate=2026%2F09%2F28&k_raceNo=1
2026-09-28 14:10:00,14:09,2026-09-28,funabashi,1,30,馬連,1-6,377.5,377.5,43,https://www.keiba.go.jp/KeibaWeb/TodayRaceInfo/OddsUmLenFuku?k_babaCode=19&k_raceDate=2026%2F09%2F28&k_raceNo=1
2026-09-28 14:10:00,14:09,2026-09-28,funabashi,1,30,馬連,1-7,151.0,151.0,28,https://www.keiba.go.jp/KeibaWeb/TodayRaceInfo/OddsUmLenFuku?k_babaCode=19&k_raceDate=2026%2F09%2F28&k_raceNo=1
2026-09-28 14:10:00,14:09,2026-09-28,funabashi,1,30,馬連,1-8,75.5,75.5,19,https://www.keiba.go.jp/KeibaWeb/TodayRaceInfo/OddsUmLenFuku?k_babaCode=19&k_raceDate=2026%2F09%2F28&k_raceNo=1
2026-09-28 14:10:00,14:09,2026-09-28,funabashi,1,30,馬連,1-9,33.2,33.2,11,https://www.keiba.go.jp/KeibaWeb/TodayRaceInfo/OddsUmLenFuku?k_babaCode=19&k_raceDate=2026%2F09%2F28&k_raceNo=1
2026-09-28 14:10:00,14:09,2026-09-28,funabashi,1,30,馬連,10-11,293.6,293.6,38,https://www.keiba.go.jp/KeibaWeb/TodayRaceInfo/OddsUmLenFuku?k_babaCode=19&k_raceDate=2026%2F09%2F28&k_raceNo=1
2026-09-28 14:10:00,14:09,2026-09-28,funabashi,1,30,馬連,10-12,755.0,755.0,55,https://www.keiba.go.jp/KeibaWeb/TodayRaceInfo/OddsUmLenFuku?k_babaCode=19&k_raceDate=2026%2F09%2F28&k_raceNo=1
2026-09-28 14:10:00,14:09,2026-09-28,funabashi,1,30,馬連,11-12,176.1,176.1,32,https://www.keiba.go.jp/KeibaWeb/TodayRaceInfo/OddsUmLenFuku?k_babaCode=19&k_raceDate=2026%2F09%2F28&k_raceNo=1
2026-09-28 14:10:00,14:09,2026-09-28,funabashi,1,30,馬連,2-10,5285.2,5285.2,66,https://www.keiba.go.jp/KeibaWeb/TodayRaceInfo/OddsUmLenFuku?k_babaCode=19&k_raceDate=2026%2F09%2F28&k_raceNo=1
2026-09-28 14:10:00,14:09,2026-09-28,funabashi,1,30,馬連,2-11,151.0,151.0,28,https://www.keiba.go.jp/KeibaWeb/TodayRaceInfo/OddsUmLenFuku?k_babaCode=19&k_raceDate=2026%2F09%2F28&k_raceNo=1
2026-09-28 14:10:00,14:09,2026-09-28,funabashi,1,30,馬連,2-12,440.4,440.4,47,https://www.keiba.go.jp/KeibaWeb/TodayRaceInfo/OddsUmLenFuku?k_babaCode=19&k_raceDate=2026%2F09%2F28&k_raceNo=1
2026-09-28 14:10:00,14:09,2026-09-28,funabashi,1,30,馬連,2-3,440.4,440.4,47,https://www.keiba.go.jp/KeibaWeb/TodayRaceInfo/OddsUmLenFuku?k_babaCode=19&k_raceDate=2026%2F09%2F28&k_raceNo=1
2026-09-28 14:10:00,14:09,2026-09-28,funabashi,1,30,馬連,2-4,587.2,587.2,51,https://www.keiba.go.jp/KeibaWeb/TodayRaceInfo/OddsUmLenFuku?k_babaCode=19&k_raceDate=2026%2F09%2F28&k_raceNo=1
2026-09-28 14:10:00,14:09,2026-09-28,funabashi,1,30,馬連,2-5,48.0,48.0,12,https://www.keiba.go.jp/KeibaWeb/TodayRaceInfo/OddsUmLenFuku?k_babaCode=19&k_raceDate=2026%2F09%2F28&k_raceNo=1
2026-09-28 14:10:00,14:09,2026-09-28,funabashi,1,30,馬連,2-6,1761.7,1761.7,64,https://www.keiba.go.jp/KeibaWeb/TodayRaceInfo/OddsUmLenFuku?k_babaCode=19&k_raceDate=2026%2F09%2F28&k_raceNo=1
2026-09-28 14:10:00,14:09,2026-09-28,funabashi,1,30,馬連,2-7,229.7,229.7,35,https://www.keiba.go.jp/KeibaWeb/TodayRaceInfo/OddsUmLenFuku?k_babaCode=19&k_raceDate=2026%2F09%2F28&k_raceNo=1
2026-09-28 14:10:00,14:09,2026-09-28,funabashi,1,30,馬連,2-8,132.1,132.1,26,https://www.keiba.go.jp/KeibaWeb/TodayRaceInfo/OddsUmLenFuku?k_babaCode=19&k_raceDate=2026%2F09%2F28&k_raceNo=1
2026-09-28 14:10:00,14:09,2026-09-28,funabashi,1,30,馬連,2-9,74.4,74.4,18,https://www.keiba.go.jp/KeibaWeb/TodayRaceInfo/OddsUmLenFuku?k_babaCode=19&k_raceDate=2026%2F09%2F28&k_raceNo=1
2026-09-28 14:10:00,14:09,2026-09-28,funabashi,1,30,馬連,3-10,1321.3,1321.3,61,https://www.keiba.go.jp/KeibaWeb/TodayRaceInfo/OddsUmLenFuku?k_babaCode=19&k_raceDate=2026%2F09%2F28&k_raceNo=1
2026-09-28 14:10:00,14:09,2026-09-28,funabashi,1,30,馬連,3-11,240.2,240.2,36,https://www.keiba.go.jp/KeibaWeb/TodayRaceInfo/OddsUmLenFuku?k_babaCode=19&k_raceDate=2026%2F09%2F28&k_raceNo=1
2026-09-28 14:10:00,14:09,2026-09-28,funabashi,1,30,馬連,3-12,880.8,880.8,58,https://www.keiba.go.jp/KeibaWeb/TodayRaceInfo/OddsUmLenFuku?k_babaCode=19&k_raceDate=2026%2F09%2F28&k_raceNo=1
2026-09-28 14:10:00,14:09,2026-09-28,funabashi,1,30,馬連,3-4,1057.0,1057.0,60,https://www.keiba.go.jp/KeibaWeb/TodayRaceInfo/OddsUmLenFuku?k_babaCode=19&k_raceDate=2026%2F09%2F28&k_raceNo=1
2026-09-28 14:10:00,14:09,2026-09-28,funabashi,1,30,馬連,3-5,72.4,72.4,17,https://www.keiba.go.jp/KeibaWeb/TodayRaceInfo/OddsUmLenFuku?k_babaCode=19&k_raceDate=2026%2F09%2F28&k_raceNo=1
2026-09-28 14:10:00,14:09,2026-09-28,funabashi,1,30,馬連,3-6,1321.3,1321.3,61,https://www.keiba.go.jp/KeibaWeb/TodayRaceInfo/OddsUmLenFuku?k_babaCode=19&k_raceDate=2026%2F09%2F28&k_raceNo=1
2026-09-28 14:10:00,14:09,2026-09-28,funabashi,1,30,馬連,3-7,480.4,480.4,50,https://www.keiba.go.jp/KeibaWeb/TodayRaceInfo/OddsUmLenFuku?k_babaCode=19&k_raceDate=2026%2F09%2F28&k_raceNo=1
2026-09-28 14:10:00,14:09,2026-09-28,funabashi,1,30,馬連,3-8,330.3,330.3,41,https://www.keiba.go.jp/KeibaWeb/TodayRaceInfo/OddsUmLenFuku?k_babaCode=19&k_raceDate=2026%2F09%2F28&k_raceNo=1
2026-09-28 14:10:00,14:09,2026-09-28,funabashi,1,30,馬連,3-9,170.4,170.4,31,https://www.keiba.go.jp/KeibaWeb/TodayRaceInfo/OddsUmLenFuku?k_babaCode=19&k_raceDate=2026%2F09%2F28&k_raceNo=1
2026-09-28 14:10:00,14:09,2026-09-28,funabashi,1,30,馬連,4-10,1761.7,1761.7,64,https://www.keiba.go.jp/KeibaWeb/TodayRaceInfo/OddsUmLenFuku?k_babaCode=19&k_raceDate=2026%2F09%2F28&k_raceNo=1
2026-09-28 14:10:00,14:09,2026-09-28,funabashi,1,30,馬連,4-11,377.5,377.5,43,https://www.keiba.go.jp/KeibaWeb/TodayRaceInfo/OddsUmLenFuku?k_babaCode=19&k_raceDate=2026%2F09%2F28&k_raceNo=1
2026-09-28 14:10:00,14:09,2026-09-28,funabashi,1,30,馬連,4-12,587.2,587.2,51,https://www.keiba.go.jp/KeibaWeb/TodayRaceInfo/OddsUmLenFuku?k_babaCode=19&k_raceDate=2026%2F09%2F28&k_raceNo=1
2026-09-28 14:10:00,14:09,2026-09-28,funabashi,1,30,馬連,4-5,97.8,97.8,22,https://www.keiba.go.jp/KeibaWeb/TodayRaceInfo/OddsUmLenFuku?k_babaCode=19&k_raceDate=2026%2F09%2F28&k_raceNo=1
2026-09-28 14:10:00,14:09,2026-09-28,funabashi,1,30,馬連,4-6,660.6,660.6,54,https://www.keiba.go.jp/KeibaWeb/TodayRaceInfo/OddsUmLenFuku?k_babaCode=19&k_raceDate=2026%2F09%2F28&k_raceNo=1
2026-09-28 14:10:00,14:09,2026-09-28,funabashi,1,30,馬連,4-7,406.5,406.5,45,https://www.keiba.go.jp/KeibaWeb/TodayRaceInfo/OddsUmLenFuku?k_babaCode=19&k_raceDate=2026%2F09%2F28&k_raceNo=1
2026-09-28 14:10:00,14:09,2026-09-28,funabashi,1,30,馬連,4-8,310.8,310.8,40,https://www.keiba.go.jp/KeibaWeb/TodayRaceInfo/OddsUmLenFuku?k_babaCode=19&k_raceDate=2026%2F09%2F28&k_raceNo=1
2026-09-28 14:10:00,14:09,2026-09-28,funabashi,1,30,馬連,4-9,160.1,160.1,30,https://www.keiba.go.jp/KeibaWeb/TodayRaceInfo/OddsUmLenFuku?k_babaCode=19&k_raceDate=2026%2F09%2F28&k_raceNo=1
2026-09-28 14:10:00,14:09,2026-09-28,funabashi,1,30,馬連,5-10,81.3,81.3,20,https://www.keiba.go.jp/KeibaWeb/TodayRaceInfo/OddsUmLenFuku?k_babaCode=19&k_raceDate=2026%2F09%2F28&k_raceNo=1
2026-09-28 14:10:00,14:09,2026-09-28,funabashi,1,30,馬連,5-11,13.5,13.5,5,https://www.keiba.go.jp/KeibaWeb/TodayRaceInfo/OddsUmLenFuku?k_babaCode=19&k_raceDate=2026%2F09%2F28&k_raceNo=1
2026-09-28 14:10:00,14:09,2026-09-28,funabashi,1,30,馬連,5-12,52.3,52.3,13,https://www.keiba.go.jp/KeibaWeb/TodayRaceInfo/OddsUmLenFuku?k_babaCode=19&k_raceDate=2026%2F09%2F28&k_raceNo=1
2026-09-28 14:10:00,14:09,2026-09-28,funabashi,1,30,馬連,5-6,60.7,60.7,15,https://www.keiba.go.jp/KeibaWeb/TodayRaceInfo/OddsUmLenFuku?k_babaCode=19&k_raceDate=2026%2F09%2F28&k_raceNo=1
2026-09-28 14:10:00,14:09,2026-09-28,funabashi,1,30,馬連,5-7,7.5,7.5,2,https://www.keiba.go.jp/KeibaWeb/TodayRaceInfo/OddsUmLenFuku?k_babaCode=19&k_raceDate=2026%2F09%2F28&k_raceNo=1
2026-09-28 14:10:00,14:09,2026-09-28,funabashi,1,30,馬連,5-8,9.3,9.3,3,https://www.keiba.go.jp/KeibaWeb/TodayRaceInfo/OddsUmLenFuku?k_babaCode=19&k_raceDate=2026%2F09%2F28&k_raceNo=1
2026-09-28 14:10:00,14:09,2026-09-28,funabashi,1,30,馬連,5-9,2.9,2.9,1,https://www.keiba.go.jp/KeibaWeb/TodayRaceInfo/OddsUmLenFuku?k_babaCode=19&k_raceDate=2026%2F09%2F28&k_raceNo=1
2026-09-28 14:10:00,14:09,2026-09-28,funabashi,1,30,馬連,6-10,1321.3,1321.3,61,https://www.keiba.go.jp/KeibaWeb/TodayRaceInfo/OddsUmLenFuku?k_babaCode=19&k_raceDate=2026%2F09%2F28&k_raceNo=1
2026-09-28 14:10:00,14:09,2026-09-28,funabashi,1,30,馬連,6-11,293.6,293.6,38,https://www.keiba.go.jp/KeibaWeb/TodayRaceInfo/OddsUmLenFuku?k_babaCode=19&k_raceDate=2026%2F09%2F28&k_raceNo=1
2026-09-28 14:10:00,14:09,2026-09-28,funabashi,1,30,馬連,6-12,880.8,880.8,58,https://www.keiba.go.jp/KeibaWeb/TodayRaceInfo/OddsUmLenFuku?k_babaCode=19&k_raceDate=2026%2F09%2F28&k_raceNo=1
2026-09-28 14:10:00,14:09,2026-09-28,funabashi,1,30,馬連,6-7,352.3,352.3,42,https://www.keiba.go.jp/KeibaWeb/TodayRaceInfo/OddsUmLenFuku?k_babaCode=19&k_raceDate=2026%2F09%2F28&k_raceNo=1
2026-09-28 14:10:00,14:09,2026-09-28,funabashi,1,30,馬連,6-8,440.4,440.4,47,https://www.keiba.go.jp/KeibaWeb/TodayRaceInfo/OddsUmLenFuku?k_babaCode=19&k_raceDate=2026%2F09%2F28&k_raceNo=1
2026-09-28 14:10:00,14:09,2026-09-28,funabashi,1,30,馬連,6-9,92.7,92.7,21,https://www.keiba.go.jp/KeibaWeb/TodayRaceInfo/OddsUmLenFuku?k_babaCode=19&k_raceDate=2026%2F09%2F28&k_raceNo=1
2026-09-28 14:10:00,14:09,2026-09-28,funabashi,1,30,馬連,7-10,755.0,755.0,55,https://www.keiba.go.jp/KeibaWeb/TodayRaceInfo/OddsUmLenFuku?k_babaCode=19&k_raceDate=2026%2F09%2F28&k_raceNo=1
2026-09-28 14:10:00,14:09,2026-09-28,funabashi,1,30,馬連,7-11,53.9,53.9,14,https://www.keiba.go.jp/KeibaWeb/TodayRaceInfo/OddsUmLenFuku?k_babaCode=19&k_raceDate=2026%2F09%2F28&k_raceNo=1
2026-09-28 14:10:00,14:09,2026-09-28,funabashi,1,30,馬連,7-12,146.8,146.8,27,https://www.keiba.go.jp/KeibaWeb/TodayRaceInfo/OddsUmLenFuku?k_babaCode=19&k_raceDate=2026%2F09%2F28&k_raceNo=1
2026-09-28 14:10:00,14:09,2026-09-28,funabashi,1,30,馬連,7-8,25.1,25.1,9,https://www.keiba.go.jp/KeibaWeb/TodayRaceInfo/OddsUmLenFuku?k_babaCode=19&k_raceDate=2026%2F09%2F28&k_raceNo=1
2026-09-28 14:10:00,14:09,2026-09-28,funabashi,1,30,馬連,7-9,14.3,14.3,6,https://www.keiba.go.jp/KeibaWeb/TodayRaceInfo/OddsUmLenFuku?k_babaCode=19&k_raceDate=2026%2F09%2F28&k_raceNo=1
2026-09-28 14:10:00,14:09,2026-09-28,funabashi,1,30,馬連,8-10,240.2,240.2,36,https://www.keiba.go.jp/KeibaWeb/TodayRaceInfo/OddsUmLenFuku?k_babaCode=19&k_raceDate=2026%2F09%2F28&k_raceNo=1
2026-09-28 14:10:00,14:09,2026-09-28,funabashi,1,30,馬連,8-11,25.5,25.5,10,https://www.keiba.go.jp/KeibaWeb/TodayRaceInfo/OddsUmLenFuku?k_babaCode=19&k_raceDate=2026%2F09%2F28&k_raceNo=1
2026-09-28 14:10:00,14:09,2026-09-28,funabashi,1,30,馬連,8-12,120.1,120.1,25,https://www.keiba.go.jp/KeibaWeb/TodayRaceInfo/OddsUmLenFuku?k_babaCode=19&k_raceDate=2026%2F09%2F28&k_raceNo=1
2026-09-28 14:10:00,14:09,2026-09-28,funabashi,1,30,馬連,8-9,11.0,11.0,4,https://www.keiba.go.jp/KeibaWeb/TodayRaceInfo/OddsUmLenFuku?k_babaCode=19&k_raceDate=2026%2F09%2F28&k_raceNo=1
2026-09-28 14:10:00,14:09,2026-09-28,funabashi,1,30,馬連,9-10,107.8,107.8,23,https://www.keiba.go.jp/KeibaWeb/TodayRaceInfo/OddsUmLenFuku?k_babaCode=19&k_raceDate=2026%2F09%2F28&k_raceNo=1
2026-09-28 14:10:00,14:09,2026-09-28,funabashi,1,30,馬連,9-11,17.7,17.7,7,https://www.keiba.go.jp/KeibaWeb/TodayRaceInfo/OddsUmLenFuku?k_babaCode=19&k_raceDate=2026%2F09%2F28&k_raceNo=1
2026-09-28 14:10:00,14:09,2026-09-28,funabashi,1,30,馬連,9-12,69.5,69.5,16,https://www.keiba.go.jp/KeibaWeb/TodayRaceInfo/OddsUmLenFuku?k_babaCode=19&k_raceDate=2026%2F09%2F28&k_raceNo=1
2026-09-28 14:30:19,14:30,2026-09-28,funabashi,1,10,ワイド,1-10,67.2,69.7,45,https://www.keiba.go.jp/KeibaWeb/TodayRaceInfo/OddsWide?k_babaCode=19&k_raceDate=2026%2F09%2F28&k_raceNo=1
2026-09-28 14:30:19,14:30,2026-09-28,funabashi,1,10,ワイド,1-11,14.7,16.2,16,https://www.keiba.go.jp/KeibaWeb/TodayRaceInfo/OddsWide?k_babaCode=19&k_raceDate=2026%2F09%2F28&k_raceNo=1
2026-09-28 14:30:19,14:30,2026-09-28,funabashi,1,10,ワイド,1-12,33.6,35.3,32,https://www.keiba.go.jp/KeibaWeb/TodayRaceInfo/OddsWide?k_babaCode=19&k_raceDate=2026%2F09%2F28&k_raceNo=1
2026-09-28 14:30:19,14:30,2026-09-28,funabashi,1,10,ワイド,1-2,44.6,46.6,37,https://www.keiba.go.jp/KeibaWeb/TodayRaceInfo/OddsWide?k_babaCode=19&k_raceDate=2026%2F09%2F28&k_raceNo=1
2026-09-28 14:30:19,14:30,2026-09-28,funabashi,1,10,ワイド,1-3,47.1,49.0,38,https://www.keiba.go.jp/KeibaWeb/TodayRaceInfo/OddsWide?k_babaCode=19&k_raceDate=2026%2F09%2F28&k_raceNo=1
2026-09-28 14:30:19,14:30,2026-09-28,funabashi,1,10,ワイド,1-4,71.3,74.0,47,https://www.keiba.go.jp/KeibaWeb/TodayRaceInfo/OddsWide?k_babaCode=19&k_raceDate=2026%2F09%2F28&k_raceNo=1
2026-09-28 14:30:19,14:30,2026-09-28,funabashi,1,10,ワイド,1-5,8.6,10.8,10,https://www.keiba.go.jp/KeibaWeb/TodayRaceInfo/OddsWide?k_babaCode=19&k_raceDate=2026%2F09%2F28&k_raceNo=1
2026-09-28 14:30:19,14:30,2026-09-28,funabashi,1,10,ワイド,1-6,78.5,81.6,49,https://www.keiba.go.jp/KeibaWeb/TodayRaceInfo/OddsWide?k_babaCode=19&k_raceDate=2026%2F09%2F28&k_raceNo=1
2026-09-28 14:30:19,14:30,2026-09-28,funabashi,1,10,ワイド,1-7,13.0,14.4,15,https://www.keiba.go.jp/KeibaWeb/TodayRaceInfo/OddsWide?k_babaCode=19&k_raceDate=2026%2F09%2F28&k_raceNo=1
2026-09-28 14:30:19,14:30,2026-09-28,funabashi,1,10,ワイド,1-8,12.3,13.4,14,https://www.keiba.go.jp/KeibaWeb/TodayRaceInfo/OddsWide?k_babaCode=19&k_raceDate=2026%2F09%2F28&k_raceNo=1
2026-09-28 14:30:19,14:30,2026-09-28,funabashi,1,10,ワイド,1-9,6.1,7.6,8,https://www.keiba.go.jp/KeibaWeb/TodayRaceInfo/OddsWide?k_babaCode=19&k_raceDate=2026%2F09%2F28&k_raceNo=1
2026-09-28 14:30:19,14:30,2026-09-28,funabashi,1,10,ワイド,10-11,52.8,56.5,42,https://www.keiba.go.jp/KeibaWeb/TodayRaceInfo/OddsWide?k_babaCode=19&k_raceDate=2026%2F09%2F28&k_raceNo=1
2026-09-28 14:30:19,14:30,2026-09-28,funabashi,1,10,ワイド,10-12,89.3,91.1,52,https://www.keiba.go.jp/KeibaWeb/TodayRaceInfo/OddsWide?k_babaCode=19&k_raceDate=2026%2F09%2F28&k_raceNo=1
2026-09-28 14:30:19,14:30,2026-09-28,funabashi,1,10,ワイド,11-12,27.2,29.5,24,https://www.keiba.go.jp/KeibaWeb/TodayRaceInfo/OddsWide?k_babaCode=19&k_raceDate=2026%2F09%2F28&k_raceNo=1
2026-09-28 14:30:19,14:30,2026-09-28,funabashi,1,10,ワイド,2-10,357.6,363.0,65,https://www.keiba.go.jp/KeibaWeb/TodayRaceInfo/OddsWide?k_babaCode=19&k_raceDate=2026%2F09%2F28&k_raceNo=1
2026-09-28 14:30:19,14:30,2026-09-28,funabashi,1,10,ワイド,2-11,27.7,29.9,26,https://www.keiba.go.jp/KeibaWeb/TodayRaceInfo/OddsWide?k_babaCode=19&k_raceDate=2026%2F09%2F28&k_raceNo=1
2026-09-28 14:30:19,14:30,2026-09-28,funabashi,1,10,ワイド,2-12,65.9,67.8,44,https://www.keiba.go.jp/KeibaWeb/TodayRaceInfo/OddsWide?k_babaCode=19&k_raceDate=2026%2F09%2F28&k_raceNo=1
2026-09-28 14:30:19,14:30,2026-09-28,funabashi,1,10,ワイド,2-3,87.5,89.5,51,https://www.keiba.go.jp/KeibaWeb/TodayRaceInfo/OddsWide?k_babaCode=19&k_raceDate=2026%2F09%2F28&k_raceNo=1
2026-09-28 14:30:19,14:30,2026-09-28,funabashi,1,10,ワイド,2-4,122.6,124.6,56,https://www.keiba.go.jp/KeibaWeb/TodayRaceInfo/OddsWide?k_babaCode=19&k_raceDate=2026%2F09%2F28&k_raceNo=1
2026-09-28 14:30:19,14:30,2026-09-28,funabashi,1,10,ワイド,2-5,17.9,22.1,19,https://www.keiba.go.jp/KeibaWeb/TodayRaceInfo/OddsWide?k_babaCode=19&k_raceDate=2026%2F09%2F28&k_raceNo=1
2026-09-28 14:30:19,14:30,2026-09-28,funabashi,1,10,ワイド,2-6,172.1,175.2,58,https://www.keiba.go.jp/KeibaWeb/TodayRaceInfo/OddsWide?k_babaCode=19&k_raceDate=2026%2F09%2F28&k_raceNo=1
2026-09-28 14:30:19,14:30,2026-09-28,funabashi,1,10,ワイド,2-7,33.1,35.9,31,https://www.keiba.go.jp/KeibaWeb/TodayRaceInfo/OddsWide?k_babaCode=19&k_raceDate=2026%2F09%2F28&k_raceNo=1
2026-09-28 14:30:19,14:30,2026-09-28,funabashi,1,10,ワイド,2-8,23.2,24.8,21,https://www.keiba.go.jp/KeibaWeb/TodayRaceInfo/OddsWide?k_babaCode=19&k_raceDate=2026%2F09%2F28&k_raceNo=1
2026-09-28 14:30:19,14:30,2026-09-28,funabashi,1,10,ワイド,2-9,16.7,20.7,17,https://www.keiba.go.jp/KeibaWeb/TodayRaceInfo/OddsWide?k_babaCode=19&k_raceDate=2026%2F09%2F28&k_raceNo=1
2026-09-28 14:30:19,14:30,2026-09-28,funabashi,1,10,ワイド,3-10,258.7,262.4,62,https://www.keiba.go.jp/KeibaWeb/TodayRaceInfo/OddsWide?k_babaCode=19&k_raceDate=2026%2F09%2F28&k_raceNo=1
2026-09-28 14:30:19,14:30,2026-09-28,funabashi,1,10,ワイド,3-11,43.9,47.1,36,https://www.keiba.go.jp/KeibaWeb/TodayRaceInfo/OddsWide?k_babaCode=19&k_raceDate=2026%2F09%2F28&k_raceNo=1
2026-09-28 14:30:19,14:30,2026-09-28,funabashi,1,10,ワイド,3-12,74.8,76.5,48,https://www.keiba.go.jp/KeibaWeb/TodayRaceInfo/OddsWide?k_babaCode=19&k_raceDate=2026%2F09%2F28&k_raceNo=1
2026-09-28 14:30:19,14:30,2026-09-28,funabashi,1,10,ワイド,3-4,125.8,127.9,57,https://www.keiba.go.jp/KeibaWeb/TodayRaceInfo/OddsWide?k_babaCode=19&k_raceDate=2026%2F09%2F28&k_raceNo=1
2026-09-28 14:30:19,14:30,2026-09-28,funabashi,1,10,ワイド,3-5,17.1,21.0,18,https://www.keiba.go.jp/KeibaWeb/TodayRaceInfo/OddsWide?k_babaCode=19&k_raceDate=2026%2F09%2F28&k_raceNo=1
2026-09-28 14:30:19,14:30,2026-09-28,funabashi,1,10,ワイド,3-6,211.0,214.8,60,https://www.keiba.go.jp/KeibaWeb/TodayRaceInfo/OddsWide?k_babaCode=19&k_raceDate=2026%2F09%2F28&k_raceNo=1
2026-09-28 14:30:19,14:30,2026-09-28,funabashi,1,10,ワイド,3-7,26.1,28.2,22,https://www.keiba.go.jp/KeibaWeb/TodayRaceInfo/OddsWide?k_babaCode=19&k_raceDate=2026%2F09%2F28&k_raceNo=1
2026-09-28 14:30:19,14:30,2026-09-28,funabashi,1,10,ワイド,3-8,36.7,39.3,33,https://www.keiba.go.jp/KeibaWeb/TodayRaceInfo/OddsWide?k_babaCode=19&k_raceDate=2026%2F09%2F28&k_raceNo=1
2026-09-28 14:30:19,14:30,2026-09-28,funabashi,1,10,ワイド,3-9,30.0,37.1,27,https://www.keiba.go.jp/KeibaWeb/TodayRaceInfo/OddsWide?k_babaCode=19&k_raceDate=2026%2F09%2F28&k_raceNo=1
2026-09-28 14:30:19,14:30,2026-09-28,funabashi,1,10,ワイド,4-10,312.1,314.9,64,https://www.keiba.go.jp/KeibaWeb/TodayRaceInfo/OddsWide?k_babaCode=19&k_raceDate=2026%2F09%2F28&k_raceNo=1
2026-09-28 14:30:19,14:30,2026-09-28,funabashi,1,10,ワイド,4-11,47.2,50.6,39,https://www.keiba.go.jp/KeibaWeb/TodayRaceInfo/OddsWide?k_babaCode=19&k_raceDate=2026%2F09%2F28&k_raceNo=1
2026-09-28 14:30:19,14:30,2026-09-28,funabashi,1,10,ワイド,4-12,178.0,181.9,59,https://www.keiba.go.jp/KeibaWeb/TodayRaceInfo/OddsWide?k_babaCode=19&k_raceDate=2026%2F09%2F28&k_raceNo=1
2026-09-28 14:30:19,14:30,2026-09-28,funabashi,1,10,ワイド,4-5,32.2,39.6,29,https://www.keiba.go.jp/KeibaWeb/TodayRaceInfo/OddsWide?k_babaCode=19&k_raceDate=2026%2F09%2F28&k_raceNo=1
2026-09-28 14:30:19,14:30,2026-09-28,funabashi,1,10,ワイド,4-6,388.7,393.5,66,https://www.keiba.go.jp/KeibaWeb/TodayRaceInfo/OddsWide?k_babaCode=19&k_raceDate=2026%2F09%2F28&k_raceNo=1
2026-09-28 14:30:19,14:30,2026-09-28,funabashi,1,10,ワイド,4-7,80.0,86.1,50,https://www.keiba.go.jp/KeibaWeb/TodayRaceInfo/OddsWide?k_babaCode=19&k_raceDate=2026%2F09%2F28&k_raceNo=1
2026-09-28 14:30:19,14:30,2026-09-28,funabashi,1,10,ワイド,4-8,52.3,55.8,41,https://www.keiba.go.jp/KeibaWeb/TodayRaceInfo/OddsWide?k_babaCode=19&k_raceDate=2026%2F09%2F28&k_raceNo=1
2026-09-28 14:30:19,14:30,2026-09-28,funabashi,1,10,ワイド,4-9,36.7,45.2,34,https://www.keiba.go.jp/KeibaWeb/TodayRaceInfo/OddsWide?k_babaCode=19&k_raceDate=2026%2F09%2F28&k_raceNo=1
2026-09-28 14:30:19,14:30,2026-09-28,funabashi,1,10,ワイド,5-10,50.6,62.2,40,https://www.keiba.go.jp/KeibaWeb/TodayRaceInfo/OddsWide?k_babaCode=19&k_raceDate=2026%2F09%2F28&k_raceNo=1
2026-09-28 14:30:19,14:30,2026-09-28,funabashi,1,10,ワイド,5-11,4.4,5.7,7,https://www.keiba.go.jp/KeibaWeb/TodayRaceInfo/OddsWide?k_babaCode=19&k_raceDate=2026%2F09%2F28&k_raceNo=1
2026-09-28 14:30:19,14:30,2026-09-28,funabashi,1,10,ワイド,5-12,18.0,22.4,20,https://www.keiba.go.jp/KeibaWeb/TodayRaceInfo/OddsWide?k_babaCode=19&k_raceDate=2026%2F09%2F28&k_raceNo=1
2026-09-28 14:30:19,14:30,2026-09-28,funabashi,1,10,ワイド,5-6,26.9,33.1,23,https://www.keiba.go.jp/KeibaWeb/TodayRaceInfo/OddsWide?k_babaCode=19&k_raceDate=2026%2F09%2F28&k_raceNo=1
2026-09-28 14:30:19,14:30,2026-09-28,funabashi,1,10,ワイド,5-7,3.5,4.6,4,https://www.keiba.go.jp/KeibaWeb/TodayRaceInfo/OddsWide?k_babaCode=19&k_raceDate=2026%2F09%2F28&k_raceNo=1
2026-09-28 14:30:19,14:30,2026-09-28,funabashi,1,10,ワイド,5-8,3.6,4.5,5,https://www.keiba.go.jp/KeibaWeb/TodayRaceInfo/OddsWide?k_babaCode=19&k_raceDate=2026%2F09%2F28&k_raceNo=1
2026-09-28 14:30:19,14:30,2026-09-28,funabashi,1,10,ワイド,5-9,1.6,1.8,1,https://www.keiba.go.jp/KeibaWeb/TodayRaceInfo/OddsWide?k_babaCode=19&k_raceDate=2026%2F09%2F28&k_raceNo=1
2026-09-28 14:30:19,14:30,2026-09-28,funabashi,1,10,ワイド,6-10,246.2,248.8,61,https://www.keiba.go.jp/KeibaWeb/TodayRaceInfo/OddsWide?k_babaCode=19&k_raceDate=2026%2F09%2F28&k_raceNo=1
2026-09-28 14:30:19,14:30,2026-09-28,funabashi,1,10,ワイド,6-11,100.2,107.3,54,https://www.keiba.go.jp/KeibaWeb/TodayRaceInfo/OddsWide?k_babaCode=19&k_raceDate=2026%2F09%2F28&k_raceNo=1
2026-09-28 14:30:19,14:30,2026-09-28,funabashi,1,10,ワイド,6-12,271.6,277.8,63,https://www.keiba.go.jp/KeibaWeb/TodayRaceInfo/OddsWide?k_babaCode=19&k_raceDate=2026%2F09%2F28&k_raceNo=1
2026-09-28 14:30:19,14:30,2026-09-28,funabashi,1,10,ワイド,6-7,95.4,102.8,53,https://www.keiba.go.jp/KeibaWeb/TodayRaceInfo/OddsWide?k_babaCode=19&k_raceDate=2026%2F09%2F28&k_raceNo=1
2026-09-28 14:30:19,14:30,2026-09-28,funabashi,1,10,ワイド,6-8,70.3,75.1,46,https://www.keiba.go.jp/KeibaWeb/TodayRaceInfo/OddsWide?k_babaCode=19&k_raceDate=2026%2F09%2F28&k_raceNo=1
2026-09-28 14:30:19,14:30,2026-09-28,funabashi,1,10,ワイド,6-9,30.4,37.4,28,https://www.keiba.go.jp/KeibaWeb/TodayRaceInfo/OddsWide?k_babaCode=19&k_raceDate=2026%2F09%2F28&k_raceNo=1
2026-09-28 14:30:19,14:30,2026-09-28,funabashi,1,10,ワイド,7-10,104.6,112.6,55,https://www.keiba.go.jp/KeibaWeb/TodayRaceInfo/OddsWide?k_babaCode=19&k_raceDate=2026%2F09%2F28&k_raceNo=1
2026-09-28 14:30:19,14:30,2026-09-28,funabashi,1,10,ワイド,7-11,11.4,13.0,12,https://www.keiba.go.jp/KeibaWeb/TodayRaceInfo/OddsWide?k_babaCode=19&k_raceDate=2026%2F09%2F28&k_raceNo=1
2026-09-28 14:30:19,14:30,2026-09-28,funabashi,1,10,ワイド,7-12,32.9,35.9,30,https://www.keiba.go.jp/KeibaWeb/TodayRaceInfo/OddsWide?k_babaCode=19&k_raceDate=2026%2F09%2F28&k_raceNo=1
2026-09-28 14:30:19,14:30,2026-09-28,funabashi,1,10,ワイド,7-8,9.4,10.7,11,https://www.keiba.go.jp/KeibaWeb/TodayRaceInfo/OddsWide?k_babaCode=19&k_raceDate=2026%2F09%2F28&k_raceNo=1
2026-09-28 14:30:19,14:30,2026-09-28,funabashi,1,10,ワイド,7-9,3.2,4.1,2,https://www.keiba.go.jp/KeibaWeb/TodayRaceInfo/OddsWide?k_babaCode=19&k_raceDate=2026%2F09%2F28&k_raceNo=1
2026-09-28 14:30:19,14:30,2026-09-28,funabashi,1,10,ワイド,8-10,62.7,66.7,43,https://www.keiba.go.jp/KeibaWeb/TodayRaceInfo/OddsWide?k_babaCode=19&k_raceDate=2026%2F09%2F28&k_raceNo=1
2026-09-28 14:30:19,14:30,2026-09-28,funabashi,1,10,ワイド,8-11,6.5,7.3,9,https://www.keiba.go.jp/KeibaWeb/TodayRaceInfo/OddsWide?k_babaCode=19&k_raceDate=2026%2F09%2F28&k_raceNo=1
2026-09-28 14:30:19,14:30,2026-09-28,funabashi,1,10,ワイド,8-12,27.4,29.5,25,https://www.keiba.go.jp/KeibaWeb/TodayRaceInfo/OddsWide?k_babaCode=19&k_raceDate=2026%2F09%2F28&k_raceNo=1
2026-09-28 14:30:19,14:30,2026-09-28,funabashi,1,10,ワイド,8-9,3.7,4.8,6,https://www.keiba.go.jp/KeibaWeb/TodayRaceInfo/OddsWide?k_babaCode=19&k_raceDate=2026%2F09%2F28&k_raceNo=1
2026-09-28 14:30:19,14:30,2026-09-28,funabashi,1,10,ワイド,9-10,41.0,50.4,35,https://www.keiba.go.jp/KeibaWeb/TodayRaceInfo/OddsWide?k_babaCode=19&k_raceDate=2026%2F09%2F28&k_raceNo=1
2026-09-28 14:30:19,14:30,2026-09-28,funabashi,1,10,ワイド,9-11,3.4,4.3,3,https://www.keiba.go.jp/KeibaWeb/TodayRaceInfo/OddsWide?k_babaCode=19&k_raceDate=2026%2F09%2F28&k_raceNo=1
2026-09-28 14:30:19,14:30,2026-09-28,funabashi,1,10,ワイド,9-12,11.7,14.5,13,https://www.keiba.go.jp/KeibaWeb/TodayRaceInfo/OddsWide?k_babaCode=19&k_raceDate=2026%2F09%2F28&k_raceNo=1
2026-09-28 14:30:19,14:30,2026-09-28,funabashi,1,10,三連複,1-10-11,1031.9,1031.9,115,https://www.keiba.go.jp/KeibaWeb/TodayRaceInfo/Odds3LenFuku?k_babaCode=19&k_raceDate=2026%2F09%2F28&k_raceNo=1
2026-09-28 14:30:19,14:30,2026-09-28,funabashi,1,10,三連複,1-10-12,1719.9,1719.9,150,https://www.keiba.go.jp/KeibaWeb/TodayRaceInfo/Odds3LenFuku?k_babaCode=19&k_raceDate=2026%2F09%2F28&k_raceNo=1
2026-09-28 14:30:19,14:30,2026-09-28,funabashi,1,10,三連複,1-11-12,537.4,537.4,84,https://www.keiba.go.jp/KeibaWeb/TodayRaceInfo/Odds3LenFuku?k_babaCode=19&k_raceDate=2026%2F09%2F28&k_raceNo=1
2026-09-28 14:30:19,14:30,2026-09-28,funabashi,1,10,三連複,1-2-10,2579.9,2579.9,172,https://www.keiba.go.jp/KeibaWeb/TodayRaceInfo/Odds3LenFuku?k_babaCode=19&k_raceDate=2026%2F09%2F28&k_raceNo=1
2026-09-28 14:30:19,14:30,2026-09-28,funabashi,1,10,三連複,1-2-11,560.8,560.8,86,https://www.keiba.go.jp/KeibaWeb/TodayRaceInfo/Odds3LenFuku?k_babaCode=19&k_raceDate=2026%2F09%2F28&k_raceNo=1
2026-09-28 14:30:19,14:30,2026-09-28,funabashi,1,10,三連複,1-2-12,1172.6,1172.6,127,https://www.keiba.go.jp/KeibaWeb/TodayRaceInfo/Odds3LenFuku?k_babaCode=19&k_raceDate=2026%2F09%2F28&k_raceNo=1
2026-09-28 14:30:19,14:30,2026-09-28,funabashi,1,10,三連複,1-2-3,955.5,955.5,108,https://www.keiba.go.jp/KeibaWeb/TodayRaceInfo/Odds3LenFuku?k_babaCode=19&k_raceDate=2026%2F09%2F28&k_raceNo=1
2026-09-28 14:30:19,14:30,2026-09-28,funabashi,1,10,三連複,1-2-4,1357.8,1357.8,136,https://www.keiba.go.jp/KeibaWeb/TodayRaceInfo/Odds3LenFuku?k_babaCode=19&k_raceDate=2026%2F09%2F28&k_raceNo=1
2026-09-28 14:30:19,14:30,2026-09-28,funabashi,1,10,三連複,1-2-5,137.9,137.9,36,https://www.keiba.go.jp/KeibaWeb/TodayRaceInfo/Odds3LenFuku?k_babaCode=19&k_raceDate=2026%2F09%2F28&k_raceNo=1
2026-09-28 14:30:19,14:30,2026-09-28,funabashi,1,10,三連複,1-2-6,1984.5,1984.5,156,https://www.keiba.go.jp/KeibaWeb/TodayRaceInfo/Odds3LenFuku?k_babaCode=19&k_raceDate=2026%2F09%2F28&k_raceNo=1
2026-09-28 14:30:19,14:30,2026-09-28,funabashi,1,10,三連複,1-2-7,614.2,614.2,92,https://www.keiba.go.jp/KeibaWeb/TodayRaceInfo/Odds3LenFuku?k_babaCode=19&k_raceDate=2026%2F09%2F28&k_raceNo=1
2026-09-28 14:30:19,14:30,2026-09-28,funabashi,1,10,三連複,1-2-8,429.9,429.9,79,https://www.keiba.go.jp/KeibaWeb/TodayRaceInfo/Odds3LenFuku?k_babaCode=19&k_raceDate=2026%2F09%2F28&k_raceNo=1
2026-09-28 14:30:19,14:30,2026-09-28,funabashi,1,10,三連複,1-2-9,268.7,268.7,59,https://www.keiba.go.jp/KeibaWeb/TodayRaceInfo/Odds3LenFuku?k_babaCode=19&k_raceDate=2026%2F09%2F28&k_raceNo=1
2026-09-28 14:30:19,14:30,2026-09-28,funabashi,1,10,三連複,1-3-10,4299.8,4299.8,199,https://www.keiba.go.jp/KeibaWeb/TodayRaceInfo/Odds3LenFuku?k_babaCode=19&k_raceDate=2026%2F09%2F28&k_raceNo=1
2026-09-28 14:30:19,14:30,2026-09-28,funabashi,1,10,三連複,1-3-11,1074.9,1074.9,121,https://www.keiba.go.jp/KeibaWeb/TodayRaceInfo/Odds3LenFuku?k_babaCode=19&k_raceDate=2026%2F09%2F28&k_raceNo=1
2026-09-28 14:30:19,14:30,2026-09-28,funabashi,1,10,三連複,1-3-12,1612.4,1612.4,148,https://www.keiba.go.jp/KeibaWeb/TodayRaceInfo/Odds3LenFuku?k_babaCode=19&k_raceDate=2026%2F09%2F28&k_raceNo=1
2026-09-28 14:30:19,14:30,2026-09-28,funabashi,1,10,三連複,1-3-4,1984.5,1984.5,156,https://www.keiba.go.jp/KeibaWeb/TodayRaceInfo/Odds3LenFuku?k_babaCode=19&k_raceDate=2026%2F09%2F28&k_raceNo=1
2026-09-28 14:30:19,14:30,2026-09-28,funabashi,1,10,三連複,1-3-5,263.2,263.2,55,https://www.keiba.go.jp/KeibaWeb/TodayRaceInfo/Odds3LenFuku?k_babaCode=19&k_raceDate=2026%2F09%2F28&k_raceNo=1
2026-09-28 14:30:19,14:30,2026-09-28,funabashi,1,10,三連複,1-3-6,3224.8,3224.8,184,https://www.keiba.go.jp/KeibaWeb/TodayRaceInfo/Odds3LenFuku?k_babaCode=19&k_raceDate=2026%2F09%2F28&k_raceNo=1
2026-09-28 14:30:19,14:30,2026-09-28,funabashi,1,10,三連複,1-3-7,1031.9,1031.9,115,https://www.keiba.go.jp/KeibaWeb/TodayRaceInfo/Odds3LenFuku?k_babaCode=19&k_raceDate=2026%2F09%2F28&k_raceNo=1
2026-09-28 14:30:19,14:30,2026-09-28,funabashi,1,10,三連複,1-3-8,560.8,560.8,86,https://www.keiba.go.jp/KeibaWeb/TodayRaceInfo/Odds3LenFuku?k_babaCode=19&k_raceDate=2026%2F09%2F28&k_raceNo=1
2026-09-28 14:30:19,14:30,2026-09-28,funabashi,1,10,三連複,1-3-9,403.1,403.1,77,https://www.keiba.go.jp/KeibaWeb/TodayRaceInfo/Odds3LenFuku?k_babaCode=19&k_raceDate=2026%2F09%2F28&k_raceNo=1
2026-09-28 14:30:19,14:30,2026-09-28,funabashi,1,10,三連複,1-4-10,3685.5,3685.5,192,https://www.keiba.go.jp/KeibaWeb/TodayRaceInfo/Odds3LenFuku?k_babaCode=19&k_raceDate=2026%2F09%2F28&k_raceNo=1
2026-09-28 14:30:19,14:30,2026-09-28,funabashi,1,10,三連複,1-4-11,1121.7,1121.7,125,https://www.keiba.go.jp/KeibaWeb/TodayRaceInfo/Odds3LenFuku?k_babaCode=19&k_raceDate=2026%2F09%2F28&k_raceNo=1
2026-09-28 14:30:19,14:30,2026-09-28,funabashi,1,10,三連複,1-4-12,3685.5,3685.5,192,https://www.keiba.go.jp/KeibaWeb/TodayRaceInfo/Odds3LenFuku?k_babaCode=19&k_raceDate=2026%2F09%2F28&k_raceNo=1
2026-09-28 14:30:19,14:30,2026-09-28,funabashi,1,10,三連複,1-4-5,339.4,339.4,70,https://www.keiba.go.jp/KeibaWeb/TodayRaceInfo/Odds3LenFuku?k_babaCode=19&k_raceDate=2026%2F09%2F28&k_raceNo=1
2026-09-28 14:30:19,14:30,2026-09-28,funabashi,1,10,三連複,1-4-6,2345.3,2345.3,168,https://www.keiba.go.jp/KeibaWeb/TodayRaceInfo/Odds3LenFuku?k_babaCode=19&k_raceDate=2026%2F09%2F28&k_raceNo=1
2026-09-28 14:30:19,14:30,2026-09-28,funabashi,1,10,三連複,1-4-7,1517.5,1517.5,142,https://www.keiba.go.jp/KeibaWeb/TodayRaceInfo/Odds3LenFuku?k_babaCode=19&k_raceDate=2026%2F09%2F28&k_raceNo=1
2026-09-28 14:30:19,14:30,2026-09-28,funabashi,1,10,三連複,1-4-8,1228.5,1228.5,129,https://www.keiba.go.jp/KeibaWeb/TodayRaceInfo/Odds3LenFuku?k_babaCode=19&k_raceDate=2026%2F09%2F28&k_raceNo=1
2026-09-28 14:30:19,14:30,2026-09-28,funabashi,1,10,三連複,1-4-9,496.1,496.1,82,https://www.keiba.go.jp/KeibaWeb/TodayRaceInfo/Odds3LenFuku?k_babaCode=19&k_raceDate=2026%2F09%2F28&k_raceNo=1
2026-09-28 14:30:19,14:30,2026-09-28,funabashi,1,10,三連複,1-5-10,573.3,573.3,89,https://www.keiba.go.jp/KeibaWeb/TodayRaceInfo/Odds3LenFuku?k_babaCode=19&k_raceDate=2026%2F09%2F28&k_raceNo=1
2026-09-28 14:30:19,14:30,2026-09-28,funabashi,1,10,三連複,1-5-11,53.0,53.0,16,https://www.keiba.go.jp/KeibaWeb/TodayRaceInfo/Odds3LenFuku?k_babaCode=19&k_raceDate=2026%2F09%2F28&k_raceNo=1
2026-09-28 14:30:19,14:30,2026-09-28,funabashi,1,10,三連複,1-5-12,218.6,218.6,47,https://www.keiba.go.jp/KeibaWeb/TodayRaceInfo/Odds3LenFuku?k_babaCode=19&k_raceDate=2026%2F09%2F28&k_raceNo=1
2026-09-28 14:30:19,14:30,2026-09-28,funabashi,1,10,三連複,1-5-6,322.4,322.4,64,https://www.keiba.go.jp/KeibaWeb/TodayRaceInfo/Odds3LenFuku?k_babaCode=19&k_raceDate=2026%2F09%2F28&k_raceNo=1
2026-09-28 14:30:19,14:30,2026-09-28,funabashi,1,10,三連複,1-5-7,44.0,44.0,14,https://www.keiba.go.jp/KeibaWeb/TodayRaceInfo/Odds3LenFuku?k_babaCode=19&k_raceDate=2026%2F09%2F28&k_raceNo=1
2026-09-28 14:30:19,14:30,2026-09-28,funabashi,1,10,三連複,1-5-8,39.0,39.0,13,https://www.keiba.go.jp/KeibaWeb/TodayRaceInfo/Odds3LenFuku?k_babaCode=19&k_raceDate=2026%2F09%2F28&k_raceNo=1
2026-09-28 14:30:19,14:30,2026-09-28,funabashi,1,10,三連複,1-5-9,15.1,15.1,4,https://www.keiba.go.jp/KeibaWeb/TodayRaceInfo/Odds3LenFuku?k_babaCode=19&k_raceDate=2026%2F09%2F28&k_raceNo=1
2026-09-28 14:30:19,14:30,2026-09-28,funabashi,1,10,三連複,1-6-10,12899.5,12899.5,217,https://www.keiba.go.jp/KeibaWeb/TodayRaceInfo/Odds3LenFuku?k_babaCode=19&k_raceDate=2026%2F09%2F28&k_raceNo=1
2026-09-28 14:30:19,14:30,2026-09-28,funabashi,1,10,三連複,1-6-11,1289.9,1289.9,132,https://www.keiba.go.jp/KeibaWeb/TodayRaceInfo/Odds3LenFuku?k_babaCode=19&k_raceDate=2026%2F09%2F28&k_raceNo=1
2026-09-28 14:30:19,14:30,2026-09-28,funabashi,1,10,三連複,1-6-12,2345.3,2345.3,168,https://www.keiba.go.jp/KeibaWeb/TodayRaceInfo/Odds3LenFuku?k_babaCode=19&k_raceDate=2026%2F09%2F28&k_raceNo=1
2026-09-28 14:30:19,14:30,2026-09-28,funabashi,1,10,三連複,1-6-7,1031.9,1031.9,115,https://www.keiba.go.jp/KeibaWeb/TodayRaceInfo/Odds3LenFuku?k_babaCode=19&k_raceDate=2026%2F09%2F28&k_raceNo=1
2026-09-28 14:30:19,14:30,2026-09-28,funabashi,1,10,三連複,1-6-8,1517.5,1517.5,142,https://www.keiba.go.jp/KeibaWeb/TodayRaceInfo/Odds3LenFuku?k_babaCode=19&k_raceDate=2026%2F09%2F28&k_raceNo=1
2026-09-28 14:30:19,14:30,2026-09-28,funabashi,1,10,三連複,1-6-9,644.9,644.9,95,https://www.keiba.go.jp/KeibaWeb/TodayRaceInfo/Odds3LenFuku?k_babaCode=19&k_raceDate=2026%2F09%2F28&k_raceNo=1
2026-09-28 14:30:19,14:30,2026-09-28,funabashi,1,10,三連複,1-7-10,1172.6,1172.6,127,https://www.keiba.go.jp/KeibaWeb/TodayRaceInfo/Odds3LenFuku?k_babaCode=19&k_raceDate=2026%2F09%2F28&k_raceNo=1
2026-09-28 14:30:19,14:30,2026-09-28,funabashi,1,10,三連複,1-7-11,211.4,211.4,45,https://www.keiba.go.jp/KeibaWeb/TodayRaceInfo/Odds3LenFuku?k_babaCode=19&k_raceDate=2026%2F09%2F28&k_raceNo=1
2026-09-28 14:30:19,14:30,2026-09-28,funabashi,1,10,三連複,1-7-12,515.9,515.9,83,https://www.keiba.go.jp/KeibaWeb/TodayRaceInfo/Odds3LenFuku?k_babaCode=19&k_raceDate=2026%2F09%2F28&k_raceNo=1
2026-09-28 14:30:19,14:30,2026-09-28,funabashi,1,10,三連複,1-7-8,117.8,117.8,31,https://www.keiba.go.jp/KeibaWeb/TodayRaceInfo/Odds3LenFuku?k_babaCode=19&k_raceDate=2026%2F09%2F28&k_raceNo=1
2026-09-28 14:30:19,14:30,2026-09-28,funabashi,1,10,三連複,1-7-9,57.9,57.9,17,https://www.keiba.go.jp/KeibaWeb/TodayRaceInfo/Odds3LenFuku?k_babaCode=19&k_raceDate=2026%2F09%2F28&k_raceNo=1
2026-09-28 14:30:19,14:30,2026-09-28,funabashi,1,10,三連複,1-8-10,889.6,889.6,104,https://www.keiba.go.jp/KeibaWeb/TodayRaceInfo/Odds3LenFuku?k_babaCode=19&k_raceDate=2026%2F09%2F28&k_raceNo=1
2026-09-28 14:30:19,14:30,2026-09-28,funabashi,1,10,三連複,1-8-11,111.2,111.2,28,https://www.keiba.go.jp/KeibaWeb/TodayRaceInfo/Odds3LenFuku?k_babaCode=19&k_raceDate=2026%2F09%2F28&k_raceNo=1
2026-09-28 14:30:19,14:30,2026-09-28,funabashi,1,10,三連複,1-8-12,385.0,385.0,74,https://www.keiba.go.jp/KeibaWeb/TodayRaceInfo/Odds3LenFuku?k_babaCode=19&k_raceDate=2026%2F09%2F28&k_raceNo=1
2026-09-28 14:30:19,14:30,2026-09-28,funabashi,1,10,三連複,1-8-9,45.8,45.8,15,https://www.keiba.go.jp/KeibaWeb/TodayRaceInfo/Odds3LenFuku?k_babaCode=19&k_raceDate=2026%2F09%2F28&k_raceNo=1
2026-09-28 14:30:19,14:30,2026-09-28,funabashi,1,10,三連複,1-9-10,330.7,330.7,66,https://www.keiba.go.jp/KeibaWeb/TodayRaceInfo/Odds3LenFuku?k_babaCode=19&k_raceDate=2026%2F09%2F28&k_raceNo=1
2026-09-28 14:30:19,14:30,2026-09-28,funabashi,1,10,三連複,1-9-11,69.9,69.9,22,https://www.keiba.go.jp/KeibaWeb/TodayRaceInfo/Odds3LenFuku?k_babaCode=19&k_raceDate=2026%2F09%2F28&k_raceNo=1
2026-09-28 14:30:19,14:30,2026-09-28,funabashi,1,10,三連複,1-9-12,277.4,277.4,61,https://www.keiba.go.jp/KeibaWeb/TodayRaceInfo/Odds3LenFuku?k_babaCode=19&k_raceDate=2026%2F09%2F28&k_raceNo=1
2026-09-28 14:30:19,14:30,2026-09-28,funabashi,1,10,三連複,10-11-12,1517.5,1517.5,142,https://www.keiba.go.jp/KeibaWeb/TodayRaceInfo/Odds3LenFuku?k_babaCode=19&k_raceDate=2026%2F09%2F28&k_raceNo=1
2026-09-28 14:30:19,14:30,2026-09-28,funabashi,1,10,三連複,2-10-11,2149.9,2149.9,160,https://www.keiba.go.jp/KeibaWeb/TodayRaceInfo/Odds3LenFuku?k_babaCode=19&k_raceDate=2026%2F09%2F28&k_raceNo=1
2026-09-28 14:30:19,14:30,2026-09-28,funabashi,1,10,三連複,2-10-12,6449.7,6449.7,208,https://www.keiba.go.jp/KeibaWeb/TodayRaceInfo/Odds3LenFuku?k_babaCode=19&k_raceDate=2026%2F09%2F28&k_raceNo=1
2026-09-28 14:30:19,14:30,2026-09-28,funabashi,1,10,三連複,2-11-12,1517.5,1517.5,142,https://www.keiba.go.jp/KeibaWeb/TodayRaceInfo/Odds3LenFuku?k_babaCode=19&k_raceDate=2026%2F09%2F28&k_raceNo=1
2026-09-28 14:30:19,14:30,2026-09-28,funabashi,1,10,三連複,2-3-10,25799.1,25799.1,219,https://www.keiba.go.jp/KeibaWeb/TodayRaceInfo/Odds3LenFuku?k_babaCode=19&k_raceDate=2026%2F09%2F28&k_raceNo=1
2026-09-28 14:30:19,14:30,2026-09-28,funabashi,1,10,三連複,2-3-11,1517.5,1517.5,142,https://www.keiba.go.jp/KeibaWeb/TodayRaceInfo/Odds3LenFuku?k_babaCode=19&k_raceDate=2026%2F09%2F28&k_raceNo=1
2026-09-28 14:30:19,14:30,2026-09-28,funabashi,1,10,三連複,2-3-12,2345.3,2345.3,168,https://www.keiba.go.jp/KeibaWeb/TodayRaceInfo/Odds3LenFuku?k_babaCode=19&k_raceDate=2026%2F09%2F28&k_raceNo=1
2026-09-28 14:30:19,14:30,2026-09-28,funabashi,1,10,三連複,2-3-4,3224.8,3224.8,184,https://www.keiba.go.jp/KeibaWeb/TodayRaceInfo/Odds3LenFuku?k_babaCode=19&k_raceDate=2026%2F09%2F28&k_raceNo=1
2026-09-28 14:30:19,14:30,2026-09-28,funabashi,1,10,三連複,2-3-5,586.3,586.3,90,https://www.keiba.go.jp/KeibaWeb/TodayRaceInfo/Odds3LenFuku?k_babaCode=19&k_raceDate=2026%2F09%2F28&k_raceNo=1
2026-09-28 14:30:19,14:30,2026-09-28,funabashi,1,10,三連複,2-3-6,2579.9,2579.9,172,https://www.keiba.go.jp/KeibaWeb/TodayRaceInfo/Odds3LenFuku?k_babaCode=19&k_raceDate=2026%2F09%2F28&k_raceNo=1
2026-09-28 14:30:19,14:30,2026-09-28,funabashi,1,10,三連複,2-3-7,5159.8,5159.8,202,https://www.keiba.go.jp/KeibaWeb/TodayRaceInfo/Odds3LenFuku?k_babaCode=19&k_raceDate=2026%2F09%2F28&k_raceNo=1
2026-09-28 14:30:19,14:30,2026-09-28,funabashi,1,10,三連複,2-3-8,832.2,832.2,103,https://www.keiba.go.jp/KeibaWeb/TodayRaceInfo/Odds3LenFuku?k_babaCode=19&k_raceDate=2026%2F09%2F28&k_raceNo=1
2026-09-28 14:30:19,14:30,2026-09-28,funabashi,1,10,三連複,2-3-9,955.5,955.5,108,https://www.keiba.go.jp/KeibaWeb/TodayRaceInfo/Odds3LenFuku?k_babaCode=19&k_raceDate=2026%2F09%2F28&k_raceNo=1
2026-09-28 14:30:19,14:30,2026-09-28,funabashi,1,10,三連複,2-4-10,3224.8,3224.8,184,https://www.keiba.go.jp/KeibaWeb/TodayRaceInfo/Odds3LenFuku?k_babaCode=19&k_raceDate=2026%2F09%2F28&k_raceNo=1
2026-09-28 14:30:19,14:30,2026-09-28,funabashi,1,10,三連複,2-4-11,1842.7,1842.7,153,https://www.keiba.go.jp/KeibaWeb/TodayRaceInfo/Odds3LenFuku?k_babaCode=19&k_raceDate=2026%2F09%2F28&k_raceNo=1
2026-09-28 14:30:19,14:30,2026-09-28,funabashi,1,10,三連複,2-4-12,3685.5,3685.5,192,https://www.keiba.go.jp/KeibaWeb/TodayRaceInfo/Odds3LenFuku?k_babaCode=19&k_raceDate=2026%2F09%2F28&k_raceNo=1
2026-09-28 14:30:19,14:30,2026-09-28,funabashi,1,10,三連複,2-4-5,614.2,614.2,92,https://www.keiba.go.jp/KeibaWeb/TodayRaceInfo/Odds3LenFuku?k_babaCode=19&k_raceDate=2026%2F09%2F28&k_raceNo=1
2026-09-28 14:30:19,14:30,2026-09-28,funabashi,1,10,三連複,2-4-6,5159.8,5159.8,202,https://www.keiba.go.jp/KeibaWeb/TodayRaceInfo/Odds3LenFuku?k_babaCode=19&k_raceDate=2026%2F09%2F28&k_raceNo=1
2026-09-28 14:30:19,14:30,2026-09-28,funabashi,1,10,三連複,2-4-7,1074.9,1074.9,121,https://www.keiba.go.jp/KeibaWeb/TodayRaceInfo/Odds3LenFuku?k_babaCode=19&k_raceDate=2026%2F09%2F28&k_raceNo=1
2026-09-28 14:30:19,14:30,2026-09-28,funabashi,1,10,三連複,2-4-8,955.5,955.5,108,https://www.keiba.go.jp/KeibaWeb/TodayRaceInfo/Odds3LenFuku?k_babaCode=19&k_raceDate=2026%2F09%2F28&k_raceNo=1
2026-09-28 14:30:19,14:30,2026-09-28,funabashi,1,10,三連複,2-4-9,1357.8,1357.8,136,https://www.keiba.go.jp/KeibaWeb/TodayRaceInfo/Odds3LenFuku?k_babaCode=19&k_raceDate=2026%2F09%2F28&k_raceNo=1
2026-09-28 14:30:19,14:30,2026-09-28,funabashi,1,10,三連複,2-5-10,716.6,716.6,97,https://www.keiba.go.jp/KeibaWeb/TodayRaceInfo/Odds3LenFuku?k_babaCode=19&k_raceDate=2026%2F09%2F28&k_raceNo=1
2026-09-28 14:30:19,14:30,2026-09-28,funabashi,1,10,三連複,2-5-11,112.1,112.1,29,https://www.keiba.go.jp/KeibaWeb/TodayRaceInfo/Odds3LenFuku?k_babaCode=19&k_raceDate=2026%2F09%2F28&k_raceNo=1
2026-09-28 14:30:19,14:30,2026-09-28,funabashi,1,10,三連複,2-5-12,403.1,403.1,77,https://www.keiba.go.jp/KeibaWeb/TodayRaceInfo/Odds3LenFuku?k_babaCode=19&k_raceDate=2026%2F09%2F28&k_raceNo=1
2026-09-28 14:30:19,14:30,2026-09-28,funabashi,1,10,三連複,2-5-6,548.9,548.9,85,https://www.keiba.go.jp/KeibaWeb/TodayRaceInfo/Odds3LenFuku?k_babaCode=19&k_raceDate=2026%2F09%2F28&k_raceNo=1
2026-09-28 14:30:19,14:30,2026-09-28,funabashi,1,10,三連複,2-5-7,86.8,86.8,25,https://www.keiba.go.jp/KeibaWeb/TodayRaceInfo/Odds3LenFuku?k_babaCode=19&k_raceDate=2026%2F09%2F28&k_raceNo=1
2026-09-28 14:30:19,14:30,2026-09-28,funabashi,1,10,三連複,2-5-8,79.6,79.6,24,https://www.keiba.go.jp/KeibaWeb/TodayRaceInfo/Odds3LenFuku?k_babaCode=19&k_raceDate=2026%2F09%2F28&k_raceNo=1
2026-09-28 14:30:19,14:30,2026-09-28,funabashi,1,10,三連複,2-5-9,34.3,34.3,11,https://www.keiba.go.jp/KeibaWeb/TodayRaceInfo/Odds3LenFuku?k_babaCode=19&k_raceDate=2026%2F09%2F28&k_raceNo=1
2026-09-28 14:30:19,14:30,2026-09-28,funabashi,1,10,三連複,2-6-10,6449.7,6449.7,208,https://www.keiba.go.jp/KeibaWeb/TodayRaceInfo/Odds3LenFuku?k_babaCode=19&k_raceDate=2026%2F09%2F28&k_raceNo=1
2026-09-28 14:30:19,14:30,2026-09-28,funabashi,1,10,三連複,2-6-11,2579.9,2579.9,172,https://www.keiba.go.jp/KeibaWeb/TodayRaceInfo/Odds3LenFuku?k_babaCode=19&k_raceDate=2026%2F09%2F28&k_raceNo=1
2026-09-28 14:30:19,14:30,2026-09-28,funabashi,1,10,三連複,2-6-12,8599.7,8599.7,213,https://www.keiba.go.jp/KeibaWeb/TodayRaceInfo/Odds3LenFuku?k_babaCode=19&k_raceDate=2026%2F09%2F28&k_raceNo=1
2026-09-28 14:30:19,14:30,2026-09-28,funabashi,1,10,三連複,2-6-7,1357.8,1357.8,136,https://www.keiba.go.jp/KeibaWeb/TodayRaceInfo/Odds3LenFuku?k_babaCode=19&k_raceDate=2026%2F09%2F28&k_raceNo=1
2026-09-28 14:30:19,14:30,2026-09-28,funabashi,1,10,三連複,2-6-8,1228.5,1228.5,129,https://www.keiba.go.jp/KeibaWeb/TodayRaceInfo/Odds3LenFuku?k_babaCode=19&k_raceDate=2026%2F09%2F28&k_raceNo=1
2026-09-28 14:30:19,14:30,2026-09-28,funabashi,1,10,三連複,2-6-9,1289.9,1289.9,132,https://www.keiba.go.jp/KeibaWeb/TodayRaceInfo/Odds3LenFuku?k_babaCode=19&k_raceDate=2026%2F09%2F28&k_raceNo=1
2026-09-28 14:30:19,14:30,2026-09-28,funabashi,1,10,三連複,2-7-10,2866.5,2866.5,179,https://www.keiba.go.jp/KeibaWeb/TodayRaceInfo/Odds3LenFuku?k_babaCode=19&k_raceDate=2026%2F09%2F28&k_raceNo=1
2026-09-28 14:30:19,14:30,2026-09-28,funabashi,1,10,三連複,2-7-11,390.8,390.8,76,https://www.keiba.go.jp/KeibaWeb/TodayRaceInfo/Odds3LenFuku?k_babaCode=19&k_raceDate=2026%2F09%2F28&k_raceNo=1
2026-09-28 14:30:19,14:30,2026-09-28,funabashi,1,10,三連複,2-7-12,1984.5,1984.5,156,https://www.keiba.go.jp/KeibaWeb/TodayRaceInfo/Odds3LenFuku?k_babaCode=19&k_raceDate=2026%2F09%2F28&k_raceNo=1
2026-09-28 14:30:19,14:30,2026-09-28,funabashi,1,10,三連複,2-7-8,330.7,330.7,66,https://www.keiba.go.jp/KeibaWeb/TodayRaceInfo/Odds3LenFuku?k_babaCode=19&k_raceDate=2026%2F09%2F28&k_raceNo=1
2026-09-28 14:30:19,14:30,2026-09-28,funabashi,1,10,三連複,2-7-9,176.7,176.7,43,https://www.keiba.go.jp/KeibaWeb/TodayRaceInfo/Odds3LenFuku?k_babaCode=19&k_raceDate=2026%2F09%2F28&k_raceNo=1
2026-09-28 14:30:19,14:30,2026-09-28,funabashi,1,10,三連複,2-8-10,1719.9,1719.9,150,https://www.keiba.go.jp/KeibaWeb/TodayRaceInfo/Odds3LenFuku?k_babaCode=19&k_raceDate=2026%2F09%2F28&k_raceNo=1
2026-09-28 14:30:19,14:30,2026-09-28,funabashi,1,10,三連複,2-8-11,222.4,222.4,48,https://www.keiba.go.jp/KeibaWeb/TodayRaceInfo/Odds3LenFuku?k_babaCode=19&k_raceDate=2026%2F09%2F28&k_raceNo=1
2026-09-28 14:30:19,14:30,2026-09-28,funabashi,1,10,三連複,2-8-12,889.6,889.6,104,https://www.keiba.go.jp/KeibaWeb/TodayRaceInfo/Odds3LenFuku?k_babaCode=19&k_raceDate=2026%2F09%2F28&k_raceNo=1
2026-09-28 14:30:19,14:30,2026-09-28,funabashi,1,10,三連複,2-8-9,130.9,130.9,33,https://www.keiba.go.jp/KeibaWeb/TodayRaceInfo/Odds3LenFuku?k_babaCode=19&k_raceDate=2026%2F09%2F28&k_raceNo=1
2026-09-28 14:30:19,14:30,2026-09-28,funabashi,1,10,三連複,2-9-10,1121.7,1121.7,125,https://www.keiba.go.jp/KeibaWeb/TodayRaceInfo/Odds3LenFuku?k_babaCode=19&k_raceDate=2026%2F09%2F28&k_raceNo=1
2026-09-28 14:30:19,14:30,2026-09-28,funabashi,1,10,三連複,2-9-11,151.7,151.7,38,https://www.keiba.go.jp/KeibaWeb/TodayRaceInfo/Odds3LenFuku?k_babaCode=19&k_raceDate=2026%2F09%2F28&k_raceNo=1
2026-09-28 14:30:19,14:30,2026-09-28,funabashi,1,10,三連複,2-9-12,955.5,955.5,108,https://www.keiba.go.jp/KeibaWeb/TodayRaceInfo/Odds3LenFuku?k_babaCode=19&k_raceDate=2026%2F09%2F28&k_raceNo=1
2026-09-28 14:30:19,14:30,2026-09-28,funabashi,1,10,三連複,3-10-11,5159.8,5159.8,202,https://www.keiba.go.jp/KeibaWeb/TodayRaceInfo/Odds3LenFuku?k_babaCode=19&k_raceDate=2026%2F09%2F28&k_raceNo=1
2026-09-28 14:30:19,14:30,2026-09-28,funabashi,1,10,三連複,3-10-12,1842.7,1842.7,153,https://www.keiba.go.jp/KeibaWeb/TodayRaceInfo/Odds3LenFuku?k_babaCode=19&k_raceDate=2026%2F09%2F28&k_raceNo=1
2026-09-28 14:30:19,14:30,2026-09-28,funabashi,1,10,三連複,3-11-12,1984.5,1984.5,156,https://www.keiba.go.jp/KeibaWeb/TodayRaceInfo/Odds3LenFuku?k_babaCode=19&k_raceDate=2026%2F09%2F28&k_raceNo=1
2026-09-28 14:30:19,14:30,2026-09-28,funabashi,1,10,三連複,3-4-10,6449.7,6449.7,208,https://www.keiba.go.jp/KeibaWeb/TodayRaceInfo/Odds3LenFuku?k_babaCode=19&k_raceDate=2026%2F09%2F28&k_raceNo=1
2026-09-28 14:30:19,14:30,2026-09-28,funabashi,1,10,三連複,3-4-11,1612.4,1612.4,148,https://www.keiba.go.jp/KeibaWeb/TodayRaceInfo/Odds3LenFuku?k_babaCode=19&k_raceDate=2026%2F09%2F28&k_raceNo=1
2026-09-28 14:30:19,14:30,2026-09-28,funabashi,1,10,三連複,3-4-12,8599.7,8599.7,213,https://www.keiba.go.jp/KeibaWeb/TodayRaceInfo/Odds3LenFuku?k_babaCode=19&k_raceDate=2026%2F09%2F28&k_raceNo=1
2026-09-28 14:30:19,14:30,2026-09-28,funabashi,1,10,三連複,3-4-5,1074.9,1074.9,121,https://www.keiba.go.jp/KeibaWeb/TodayRaceInfo/Odds3LenFuku?k_babaCode=19&k_raceDate=2026%2F09%2F28&k_raceNo=1
2026-09-28 14:30:19,14:30,2026-09-28,funabashi,1,10,三連複,3-4-6,4299.8,4299.8,199,https://www.keiba.go.jp/KeibaWeb/TodayRaceInfo/Odds3LenFuku?k_babaCode=19&k_raceDate=2026%2F09%2F28&k_raceNo=1
2026-09-28 14:30:19,14:30,2026-09-28,funabashi,1,10,三連複,3-4-7,2345.3,2345.3,168,https://www.keiba.go.jp/KeibaWeb/TodayRaceInfo/Odds3LenFuku?k_babaCode=19&k_raceDate=2026%2F09%2F28&k_raceNo=1
2026-09-28 14:30:19,14:30,2026-09-28,funabashi,1,10,三連複,3-4-8,2866.5,2866.5,179,https://www.keiba.go.jp/KeibaWeb/TodayRaceInfo/Odds3LenFuku?k_babaCode=19&k_raceDate=2026%2F09%2F28&k_raceNo=1
2026-09-28 14:30:19,14:30,2026-09-28,funabashi,1,10,三連複,3-4-9,2149.9,2149.9,160,https://www.keiba.go.jp/KeibaWeb/TodayRaceInfo/Odds3LenFuku?k_babaCode=19&k_raceDate=2026%2F09%2F28&k_raceNo=1
2026-09-28 14:30:19,14:30,2026-09-28,funabashi,1,10,三連複,3-5-10,1289.9,1289.9,132,https://www.keiba.go.jp/KeibaWeb/TodayRaceInfo/Odds3LenFuku?k_babaCode=19&k_raceDate=2026%2F09%2F28&k_raceNo=1
2026-09-28 14:30:19,14:30,2026-09-28,funabashi,1,10,三連複,3-5-11,263.2,263.2,55,https://www.keiba.go.jp/KeibaWeb/TodayRaceInfo/Odds3LenFuku?k_babaCode=19&k_raceDate=2026%2F09%2F28&k_raceNo=1
2026-09-28 14:30:19,14:30,2026-09-28,funabashi,1,10,三連複,3-5-12,737.1,737.1,99,https://www.keiba.go.jp/KeibaWeb/TodayRaceInfo/Odds3LenFuku?k_babaCode=19&k_raceDate=2026%2F09%2F28&k_raceNo=1
2026-09-28 14:30:19,14:30,2026-09-28,funabashi,1,10,三連複,3-5-6,921.3,921.3,107,https://www.keiba.go.jp/KeibaWeb/TodayRaceInfo/Odds3LenFuku?k_babaCode=19&k_raceDate=2026%2F09%2F28&k_raceNo=1
2026-09-28 14:30:19,14:30,2026-09-28,funabashi,1,10,三連複,3-5-7,165.3,165.3,39,https://www.keiba.go.jp/KeibaWeb/TodayRaceInfo/Odds3LenFuku?k_babaCode=19&k_raceDate=2026%2F09%2F28&k_raceNo=1
2026-09-28 14:30:19,14:30,2026-09-28,funabashi,1,10,三連複,3-5-8,171.9,171.9,42,https://www.keiba.go.jp/KeibaWeb/TodayRaceInfo/Odds3LenFuku?k_babaCode=19&k_raceDate=2026%2F09%2F28&k_raceNo=1
2026-09-28 14:30:19,14:30,2026-09-28,funabashi,1,10,三連複,3-5-9,67.1,67.1,20,https://www.keiba.go.jp/KeibaWeb/TodayRaceInfo/Odds3LenFuku?k_babaCode=19&k_raceDate=2026%2F09%2F28&k_raceNo=1
2026-09-28 14:30:19,14:30,2026-09-28,funabashi,1,10,三連複,3-6-10,5159.8,5159.8,202,https://www.keiba.go.jp/KeibaWeb/TodayRaceInfo/Odds3LenFuku?k_babaCode=19&k_raceDate=2026%2F09%2F28&k_raceNo=1
2026-09-28 14:30:19,14:30,2026-09-28,funabashi,1,10,三連複,3-6-11,3224.8,3224.8,184,https://www.keiba.go.jp/KeibaWeb/TodayRaceInfo/Odds3LenFuku?k_babaCode=19&k_raceDate=2026%2F09%2F28&k_raceNo=1
2026-09-28 14:30:19,14:30,2026-09-28,funabashi,1,10,三連複,3-6-12,12899.5,12899.5,217,https://www.keiba.go.jp/KeibaWeb/TodayRaceInfo/Odds3LenFuku?k_babaCode=19&k_raceDate=2026%2F09%2F28&k_raceNo=1
2026-09-28 14:30:19,14:30,2026-09-28,funabashi,1,10,三連複,3-6-7,2866.5,2866.5,179,https://www.keiba.go.jp/KeibaWeb/TodayRaceInfo/Odds3LenFuku?k_babaCode=19&k_raceDate=2026%2F09%2F28&k_raceNo=1
2026-09-28 14:30:19,14:30,2026-09-28,funabashi,1,10,三連複,3-6-8,1357.8,1357.8,136,https://www.keiba.go.jp/KeibaWeb/TodayRaceInfo/Odds3LenFuku?k_babaCode=19&k_raceDate=2026%2F09%2F28&k_raceNo=1
2026-09-28 14:30:19,14:30,2026-09-28,funabashi,1,10,三連複,3-6-9,955.5,955.5,108,https://www.keiba.go.jp/KeibaWeb/TodayRaceInfo/Odds3LenFuku?k_babaCode=19&k_raceDate=2026%2F09%2F28&k_raceNo=1
2026-09-28 14:30:19,14:30,2026-09-28,funabashi,1,10,三連複,3-7-10,2149.9,2149.9,160,https://www.keiba.go.jp/KeibaWeb/TodayRaceInfo/Odds3LenFuku?k_babaCode=19&k_raceDate=2026%2F09%2F28&k_raceNo=1
2026-09-28 14:30:19,14:30,2026-09-28,funabashi,1,10,三連複,3-7-11,1289.9,1289.9,132,https://www.keiba.go.jp/KeibaWeb/TodayRaceInfo/Odds3LenFuku?k_babaCode=19&k_raceDate=2026%2F09%2F28&k_raceNo=1
2026-09-28 14:30:19,14:30,2026-09-28,funabashi,1,10,三連複,3-7-12,2149.9,2149.9,160,https://www.keiba.go.jp/KeibaWeb/TodayRaceInfo/Odds3LenFuku?k_babaCode=19&k_raceDate=2026%2F09%2F28&k_raceNo=1
2026-09-28 14:30:19,14:30,2026-09-28,funabashi,1,10,三連複,3-7-8,697.2,697.2,96,https://www.keiba.go.jp/KeibaWeb/TodayRaceInfo/Odds3LenFuku?k_babaCode=19&k_raceDate=2026%2F09%2F28&k_raceNo=1
2026-09-28 14:30:19,14:30,2026-09-28,funabashi,1,10,三連複,3-7-9,363.3,363.3,72,https://www.keiba.go.jp/KeibaWeb/TodayRaceInfo/Odds3LenFuku?k_babaCode=19&k_raceDate=2026%2F09%2F28&k_raceNo=1
2026-09-28 14:30:19,14:30,2026-09-28,funabashi,1,10,三連複,3-8-10,2149.9,2149.9,160,https://www.keiba.go.jp/KeibaWeb/TodayRaceInfo/Odds3LenFuku?k_babaCode=19&k_raceDate=2026%2F09%2F28&k_raceNo=1
2026-09-28 14:30:19,14:30,2026-09-28,funabashi,1,10,三連複,3-8-11,560.8,560.8,86,https://www.keiba.go.jp/KeibaWeb/TodayRaceInfo/Odds3LenFuku?k_babaCode=19&k_raceDate=2026%2F09%2F28&k_raceNo=1
2026-09-28 14:30:19,14:30,2026-09-28,funabashi,1,10,三連複,3-8-12,1433.2,1433.2,141,https://www.keiba.go.jp/KeibaWeb/TodayRaceInfo/Odds3LenFuku?k_babaCode=19&k_raceDate=2026%2F09%2F28&k_raceNo=1
2026-09-28 14:30:19,14:30,2026-09-28,funabashi,1,10,三連複,3-8-9,224.3,224.3,49,https://www.keiba.go.jp/KeibaWeb/TodayRaceInfo/Odds3LenFuku?k_babaCode=19&k_raceDate=2026%2F09%2F28&k_raceNo=1
2026-09-28 14:30:19,14:30,2026-09-28,funabashi,1,10,三連複,3-9-10,2866.5,2866.5,179,https://www.keiba.go.jp/KeibaWeb/TodayRaceInfo/Odds3LenFuku?k_babaCode=19&k_raceDate=2026%2F09%2F28&k_raceNo=1
2026-09-28 14:30:19,14:30,2026-09-28,funabashi,1,10,三連複,3-9-11,452.6,452.6,81,https://www.keiba.go.jp/KeibaWeb/TodayRaceInfo/Odds3LenFuku?k_babaCode=19&k_raceDate=2026%2F09%2F28&k_raceNo=1
2026-09-28 14:30:19,14:30,2026-09-28,funabashi,1,10,三連複,3-9-12,737.1,737.1,99,https://www.keiba.go.jp/KeibaWeb/TodayRaceInfo/Odds3LenFuku?k_babaCode=19&k_raceDate=2026%2F09%2F28&k_raceNo=1
2026-09-28 14:30:19,14:30,2026-09-28,funabashi,1,10,三連複,4-10-11,3685.5,3685.5,192,https://www.keiba.go.jp/KeibaWeb/TodayRaceInfo/Odds3LenFuku?k_babaCode=19&k_raceDate=2026%2F09%2F28&k_raceNo=1
2026-09-28 14:30:19,14:30,2026-09-28,funabashi,1,10,三連複,4-10-12,5159.8,5159.8,202,https://www.keiba.go.jp/KeibaWeb/TodayRaceInfo/Odds3LenFuku?k_babaCode=19&k_raceDate=2026%2F09%2F28&k_raceNo=1
2026-09-28 14:30:19,14:30,2026-09-28,funabashi,1,10,三連複,4-11-12,2579.9,2579.9,172,https://www.keiba.go.jp/KeibaWeb/TodayRaceInfo/Odds3LenFuku?k_babaCode=19&k_raceDate=2026%2F09%2F28&k_raceNo=1
2026-09-28 14:30:19,14:30,2026-09-28,funabashi,1,10,三連複,4-5-10,1719.9,1719.9,150,https://www.keiba.go.jp/KeibaWeb/TodayRaceInfo/Odds3LenFuku?k_babaCode=19&k_raceDate=2026%2F09%2F28&k_raceNo=1
2026-09-28 14:30:19,14:30,2026-09-28,funabashi,1,10,三連複,4-5-11,257.9,257.9,54,https://www.keiba.go.jp/KeibaWeb/TodayRaceInfo/Odds3LenFuku?k_babaCode=19&k_raceDate=2026%2F09%2F28&k_raceNo=1
2026-09-28 14:30:19,14:30,2026-09-28,funabashi,1,10,三連複,4-5-12,1228.5,1228.5,129,https://www.keiba.go.jp/KeibaWeb/TodayRaceInfo/Odds3LenFuku?k_babaCode=19&k_raceDate=2026%2F09%2F28&k_raceNo=1
2026-09-28 14:30:19,14:30,2026-09-28,funabashi,1,10,三連複,4-5-6,1357.8,1357.8,136,https://www.keiba.go.jp/KeibaWeb/TodayRaceInfo/Odds3LenFuku?k_babaCode=19&k_raceDate=2026%2F09%2F28&k_raceNo=1
2026-09-28 14:30:19,14:30,2026-09-28,funabashi,1,10,三連複,4-5-7,214.9,214.9,46,https://www.keiba.go.jp/KeibaWeb/TodayRaceInfo/Odds3LenFuku?k_babaCode=19&k_raceDate=2026%2F09%2F28&k_raceNo=1
2026-09-28 14:30:19,14:30,2026-09-28,funabashi,1,10,三連複,4-5-8,177.9,177.9,44,https://www.keiba.go.jp/KeibaWeb/TodayRaceInfo/Odds3LenFuku?k_babaCode=19&k_raceDate=2026%2F09%2F28&k_raceNo=1
2026-09-28 14:30:19,14:30,2026-09-28,funabashi,1,10,三連複,4-5-9,65.4,65.4,19,https://www.keiba.go.jp/KeibaWeb/TodayRaceInfo/Odds3LenFuku?k_babaCode=19&k_raceDate=2026%2F09%2F28&k_raceNo=1
2026-09-28 14:30:19,14:30,2026-09-28,funabashi,1,10,三連複,4-6-10,6449.7,6449.7,208,https://www.keiba.go.jp/KeibaWeb/TodayRaceInfo/Odds3LenFuku?k_babaCode=19&k_raceDate=2026%2F09%2F28&k_raceNo=1
2026-09-28 14:30:19,14:30,2026-09-28,funabashi,1,10,三連複,4-6-11,3224.8,3224.8,184,https://www.keiba.go.jp/KeibaWeb/TodayRaceInfo/Odds3LenFuku?k_babaCode=19&k_raceDate=2026%2F09%2F28&k_raceNo=1
2026-09-28 14:30:19,14:30,2026-09-28,funabashi,1,10,三連複,4-6-12,25799.1,25799.1,219,https://www.keiba.go.jp/KeibaWeb/TodayRaceInfo/Odds3LenFuku?k_babaCode=19&k_raceDate=2026%2F09%2F28&k_raceNo=1
2026-09-28 14:30:19,14:30,2026-09-28,funabashi,1,10,三連複,4-6-7,2579.9,2579.9,172,https://www.keiba.go.jp/KeibaWeb/TodayRaceInfo/Odds3LenFuku?k_babaCode=19&k_raceDate=2026%2F09%2F28&k_raceNo=1
2026-09-28 14:30:19,14:30,2026-09-28,funabashi,1,10,三連複,4-6-8,2149.9,2149.9,160,https://www.keiba.go.jp/KeibaWeb/TodayRaceInfo/Odds3LenFuku?k_babaCode=19&k_raceDate=2026%2F09%2F28&k_raceNo=1
2026-09-28 14:30:19,14:30,2026-09-28,funabashi,1,10,三連複,4-6-9,1842.7,1842.7,153,https://www.keiba.go.jp/KeibaWeb/TodayRaceInfo/Odds3LenFuku?k_babaCode=19&k_raceDate=2026%2F09%2F28&k_raceNo=1
2026-09-28 14:30:19,14:30,2026-09-28,funabashi,1,10,三連複,4-7-10,5159.8,5159.8,202,https://www.keiba.go.jp/KeibaWeb/TodayRaceInfo/Odds3LenFuku?k_babaCode=19&k_raceDate=2026%2F09%2F28&k_raceNo=1
2026-09-28 14:30:19,14:30,2026-09-28,funabashi,1,10,三連複,4-7-11,781.7,781.7,102,https://www.keiba.go.jp/KeibaWeb/TodayRaceInfo/Odds3LenFuku?k_babaCode=19&k_raceDate=2026%2F09%2F28&k_raceNo=1
2026-09-28 14:30:19,14:30,2026-09-28,funabashi,1,10,三連複,4-7-12,3685.5,3685.5,192,https://www.keiba.go.jp/KeibaWeb/TodayRaceInfo/Odds3LenFuku?k_babaCode=19&k_raceDate=2026%2F09%2F28&k_raceNo=1
2026-09-28 14:30:19,14:30,2026-09-28,funabashi,1,10,三連複,4-7-8,1031.9,1031.9,115,https://www.keiba.go.jp/KeibaWeb/TodayRaceInfo/Odds3LenFuku?k_babaCode=19&k_raceDate=2026%2F09%2F28&k_raceNo=1
2026-09-28 14:30:19,14:30,2026-09-28,funabashi,1,10,三連複,4-7-9,326.5,326.5,65,https://www.keiba.go.jp/KeibaWeb/TodayRaceInfo/Odds3LenFuku?k_babaCode=19&k_raceDate=2026%2F09%2F28&k_raceNo=1
2026-09-28 14:30:19,14:30,2026-09-28,funabashi,1,10,三連複,4-8-10,2149.9,2149.9,160,https://www.keiba.go.jp/KeibaWeb/TodayRaceInfo/Odds3LenFuku?k_babaCode=19&k_raceDate=2026%2F09%2F28&k_raceNo=1
2026-09-28 14:30:19,14:30,2026-09-28,funabashi,1,10,三連複,4-8-11,629.2,629.2,94,https://www.keiba.go.jp/KeibaWeb/TodayRaceInfo/Odds3LenFuku?k_babaCode=19&k_raceDate=2026%2F09%2F28&k_raceNo=1
2026-09-28 14:30:19,14:30,2026-09-28,funabashi,1,10,三連複,4-8-12,3224.8,3224.8,184,https://www.keiba.go.jp/KeibaWeb/TodayRaceInfo/Odds3LenFuku?k_babaCode=19&k_raceDate=2026%2F09%2F28&k_raceNo=1
2026-09-28 14:30:19,14:30,2026-09-28,funabashi,1,10,三連複,4-8-9,255.4,255.4,52,https://www.keiba.go.jp/KeibaWeb/TodayRaceInfo/Odds3LenFuku?k_babaCode=19&k_raceDate=2026%2F09%2F28&k_raceNo=1
2026-09-28 14:30:19,14:30,2026-09-28,funabashi,1,10,三連複,4-9-10,2866.5,2866.5,179,https://www.keiba.go.jp/KeibaWeb/TodayRaceInfo/Odds3LenFuku?k_babaCode=19&k_raceDate=2026%2F09%2F28&k_raceNo=1
2026-09-28 14:30:19,14:30,2026-09-28,funabashi,1,10,三連複,4-9-11,307.1,307.1,63,https://www.keiba.go.jp/KeibaWeb/TodayRaceInfo/Odds3LenFuku?k_babaCode=19&k_raceDate=2026%2F09%2F28&k_raceNo=1
2026-09-28 14:30:19,14:30,2026-09-28,funabashi,1,10,三連複,4-9-12,1517.5,1517.5,142,https://www.keiba.go.jp/KeibaWeb/TodayRaceInfo/Odds3LenFuku?k_babaCode=19&k_raceDate=2026%2F09%2F28&k_raceNo=1
2026-09-28 14:30:19,14:30,2026-09-28,funabashi,1,10,三連複,5-10-11,379.3,379.3,73,https://www.keiba.go.jp/KeibaWeb/TodayRaceInfo/Odds3LenFuku?k_babaCode=19&k_raceDate=2026%2F09%2F28&k_raceNo=1
2026-09-28 14:30:19,14:30,2026-09-28,funabashi,1,10,三連複,5-10-12,955.5,955.5,108,https://www.keiba.go.jp/KeibaWeb/TodayRaceInfo/Odds3LenFuku?k_babaCode=19&k_raceDate=2026%2F09%2F28&k_raceNo=1
2026-09-28 14:30:19,14:30,2026-09-28,funabashi,1,10,三連複,5-11-12,166.4,166.4,40,https://www.keiba.go.jp/KeibaWeb/TodayRaceInfo/Odds3LenFuku?k_babaCode=19&k_raceDate=2026%2F09%2F28&k_raceNo=1
2026-09-28 14:30:19,14:30,2026-09-28,funabashi,1,10,三連複,5-6-10,2149.9,2149.9,160,https://www.keiba.go.jp/KeibaWeb/TodayRaceInfo/Odds3LenFuku?k_babaCode=19&k_raceDate=2026%2F09%2F28&k_raceNo=1
2026-09-28 14:30:19,14:30,2026-09-28,funabashi,1,10,三連複,5-6-11,248.0,248.0,51,https://www.keiba.go.jp/KeibaWeb/TodayRaceInfo/Odds3LenFuku?k_babaCode=19&k_raceDate=2026%2F09%2F28&k_raceNo=1
2026-09-28 14:30:19,14:30,2026-09-28,funabashi,1,10,三連複,5-6-12,992.2,992.2,114,https://www.keiba.go.jp/KeibaWeb/TodayRaceInfo/Odds3LenFuku?k_babaCode=19&k_raceDate=2026%2F09%2F28&k_raceNo=1
2026-09-28 14:30:19,14:30,2026-09-28,funabashi,1,10,三連複,5-6-7,126.4,126.4,32,https://www.keiba.go.jp/KeibaWeb/TodayRaceInfo/Odds3LenFuku?k_babaCode=19&k_raceDate=2026%2F09%2F28&k_raceNo=1
2026-09-28 14:30:19,14:30,2026-09-28,funabashi,1,10,三連複,5-6-8,140.9,140.9,37,https://www.keiba.go.jp/KeibaWeb/TodayRaceInfo/Odds3LenFuku?k_babaCode=19&k_raceDate=2026%2F09%2F28&k_raceNo=1
2026-09-28 14:30:19,14:30,2026-09-28,funabashi,1,10,三連複,5-6-9,63.8,63.8,18,https://www.keiba.go.jp/KeibaWeb/TodayRaceInfo/Odds3LenFuku?k_babaCode=19&k_raceDate=2026%2F09%2F28&k_raceNo=1
2026-09-28 14:30:19,14:30,2026-09-28,funabashi,1,10,三連複,5-7-10,277.4,277.4,61,https://www.keiba.go.jp/KeibaWeb/TodayRaceInfo/Odds3LenFuku?k_babaCode=19&k_raceDate=2026%2F09%2F28&k_raceNo=1
2026-09-28 14:30:19,14:30,2026-09-28,funabashi,1,10,三連複,5-7-11,24.7,24.7,7,https://www.keiba.go.jp/KeibaWeb/TodayRaceInfo/Odds3LenFuku?k_babaCode=19&k_raceDate=2026%2F09%2F28&k_raceNo=1
2026-09-28 14:30:19,14:30,2026-09-28,funabashi,1,10,三連複,5-7-12,89.2,89.2,26,https://www.keiba.go.jp/KeibaWeb/TodayRaceInfo/Odds3LenFuku?k_babaCode=19&k_raceDate=2026%2F09%2F28&k_raceNo=1
2026-09-28 14:30:19,14:30,2026-09-28,funabashi,1,10,三連複,5-7-8,20.7,20.7,5,https://www.keiba.go.jp/KeibaWeb/TodayRaceInfo/Odds3LenFuku?k_babaCode=19&k_raceDate=2026%2F09%2F28&k_raceNo=1
2026-09-28 14:30:19,14:30,2026-09-28,funabashi,1,10,三連複,5-7-9,5.7,5.7,1,https://www.keiba.go.jp/KeibaWeb/TodayRaceInfo/Odds3LenFuku?k_babaCode=19&k_raceDate=2026%2F09%2F28&k_raceNo=1
2026-09-28 14:30:19,14:30,2026-09-28,funabashi,1,10,三連複,5-8-10,166.4,166.4,40,https://www.keiba.go.jp/KeibaWeb/TodayRaceInfo/Odds3LenFuku?k_babaCode=19&k_raceDate=2026%2F09%2F28&k_raceNo=1
2026-09-28 14:30:19,14:30,2026-09-28,funabashi,1,10,三連複,5-8-11,21.9,21.9,6,https://www.keiba.go.jp/KeibaWeb/TodayRaceInfo/Odds3LenFuku?k_babaCode=19&k_raceDate=2026%2F09%2F28&k_raceNo=1
2026-09-28 14:30:19,14:30,2026-09-28,funabashi,1,10,三連複,5-8-12,130.9,130.9,33,https://www.keiba.go.jp/KeibaWeb/TodayRaceInfo/Odds3LenFuku?k_babaCode=19&k_raceDate=2026%2F09%2F28&k_raceNo=1
2026-09-28 14:30:19,14:30,2026-09-28,funabashi,1,10,三連複,5-8-9,7.1,7.1,2,https://www.keiba.go.jp/KeibaWeb/TodayRaceInfo/Odds3LenFuku?k_babaCode=19&k_raceDate=2026%2F09%2F28&k_raceNo=1
2026-09-28 14:30:19,14:30,2026-09-28,funabashi,1,10,三連複,5-9-10,68.6,68.6,21,https://www.keiba.go.jp/KeibaWeb/TodayRaceInfo/Odds3LenFuku?k_babaCode=19&k_raceDate=2026%2F09%2F28&k_raceNo=1
2026-09-28 14:30:19,14:30,2026-09-28,funabashi,1,10,三連複,5-9-11,8.4,8.4,3,https://www.keiba.go.jp/KeibaWeb/TodayRaceInfo/Odds3LenFuku?k_babaCode=19&k_raceDate=2026%2F09%2F28&k_raceNo=1
2026-09-28 14:30:19,14:30,2026-09-28,funabashi,1,10,三連複,5-9-12,34.6,34.6,12,https://www.keiba.go.jp/KeibaWeb/TodayRaceInfo/Odds3LenFuku?k_babaCode=19&k_raceDate=2026%2F09%2F28&k_raceNo=1
2026-09-28 14:30:19,14:30,2026-09-28,funabashi,1,10,三連複,6-10-11,2579.9,2579.9,172,https://www.keiba.go.jp/KeibaWeb/TodayRaceInfo/Odds3LenFuku?k_babaCode=19&k_raceDate=2026%2F09%2F28&k_raceNo=1
2026-09-28 14:30:19,14:30,2026-09-28,funabashi,1,10,三連複,6-10-12,8599.7,8599.7,213,https://www.keiba.go.jp/KeibaWeb/TodayRaceInfo/Odds3LenFuku?k_babaCode=19&k_raceDate=2026%2F09%2F28&k_raceNo=1
2026-09-28 14:30:19,14:30,2026-09-28,funabashi,1,10,三連複,6-11-12,3685.5,3685.5,192,https://www.keiba.go.jp/KeibaWeb/TodayRaceInfo/Odds3LenFuku?k_babaCode=19&k_raceDate=2026%2F09%2F28&k_raceNo=1
2026-09-28 14:30:19,14:30,2026-09-28,funabashi,1,10,三連複,6-7-10,3224.8,3224.8,184,https://www.keiba.go.jp/KeibaWeb/TodayRaceInfo/Odds3LenFuku?k_babaCode=19&k_raceDate=2026%2F09%2F28&k_raceNo=1
2026-09-28 14:30:19,14:30,2026-09-28,funabashi,1,10,三連複,6-7-11,1031.9,1031.9,115,https://www.keiba.go.jp/KeibaWeb/TodayRaceInfo/Odds3LenFuku?k_babaCode=19&k_raceDate=2026%2F09%2F28&k_raceNo=1
2026-09-28 14:30:19,14:30,2026-09-28,funabashi,1,10,三連複,6-7-12,3685.5,3685.5,192,https://www.keiba.go.jp/KeibaWeb/TodayRaceInfo/Odds3LenFuku?k_babaCode=19&k_raceDate=2026%2F09%2F28&k_raceNo=1
2026-09-28 14:30:19,14:30,2026-09-28,funabashi,1,10,三連複,6-7-8,599.9,599.9,91,https://www.keiba.go.jp/KeibaWeb/TodayRaceInfo/Odds3LenFuku?k_babaCode=19&k_raceDate=2026%2F09%2F28&k_raceNo=1
2026-09-28 14:30:19,14:30,2026-09-28,funabashi,1,10,三連複,6-7-9,274.4,274.4,60,https://www.keiba.go.jp/KeibaWeb/TodayRaceInfo/Odds3LenFuku?k_babaCode=19&k_raceDate=2026%2F09%2F28&k_raceNo=1
2026-09-28 14:30:19,14:30,2026-09-28,funabashi,1,10,三連複,6-8-10,3224.8,3224.8,184,https://www.keiba.go.jp/KeibaWeb/TodayRaceInfo/Odds3LenFuku?k_babaCode=19&k_raceDate=2026%2F09%2F28&k_raceNo=1
2026-09-28 14:30:19,14:30,2026-09-28,funabashi,1,10,三連複,6-8-11,737.1,737.1,99,https://www.keiba.go.jp/KeibaWeb/TodayRaceInfo/Odds3LenFuku?k_babaCode=19&k_raceDate=2026%2F09%2F28&k_raceNo=1
2026-09-28 14:30:19,14:30,2026-09-28,funabashi,1,10,三連複,6-8-12,8599.7,8599.7,213,https://www.keiba.go.jp/KeibaWeb/TodayRaceInfo/Odds3LenFuku?k_babaCode=19&k_raceDate=2026%2F09%2F28&k_raceNo=1
2026-09-28 14:30:19,14:30,2026-09-28,funabashi,1,10,三連複,6-8-9,263.2,263.2,55,https://www.keiba.go.jp/KeibaWeb/TodayRaceInfo/Odds3LenFuku?k_babaCode=19&k_raceDate=2026%2F09%2F28&k_raceNo=1
2026-09-28 14:30:19,14:30,2026-09-28,funabashi,1,10,三連複,6-9-10,6449.7,6449.7,208,https://www.keiba.go.jp/KeibaWeb/TodayRaceInfo/Odds3LenFuku?k_babaCode=19&k_raceDate=2026%2F09%2F28&k_raceNo=1
2026-09-28 14:30:19,14:30,2026-09-28,funabashi,1,10,三連複,6-9-11,335.0,335.0,68,https://www.keiba.go.jp/KeibaWeb/TodayRaceInfo/Odds3LenFuku?k_babaCode=19&k_raceDate=2026%2F09%2F28&k_raceNo=1
2026-09-28 14:30:19,14:30,2026-09-28,funabashi,1,10,三連複,6-9-12,4299.8,4299.8,199,https://www.keiba.go.jp/KeibaWeb/TodayRaceInfo/Odds3LenFuku?k_babaCode=19&k_raceDate=2026%2F09%2F28&k_raceNo=1
2026-09-28 14:30:19,14:30,2026-09-28,funabashi,1,10,三連複,7-10-11,889.6,889.6,104,https://www.keiba.go.jp/KeibaWeb/TodayRaceInfo/Odds3LenFuku?k_babaCode=19&k_raceDate=2026%2F09%2F28&k_raceNo=1
2026-09-28 14:30:19,14:30,2026-09-28,funabashi,1,10,三連複,7-10-12,2579.9,2579.9,172,https://www.keiba.go.jp/KeibaWeb/TodayRaceInfo/Odds3LenFuku?k_babaCode=19&k_raceDate=2026%2F09%2F28&k_raceNo=1
2026-09-28 14:30:19,14:30,2026-09-28,funabashi,1,10,三連複,7-11-12,385.0,385.0,74,https://www.keiba.go.jp/KeibaWeb/TodayRaceInfo/Odds3LenFuku?k_babaCode=19&k_raceDate=2026%2F09%2F28&k_raceNo=1
2026-09-28 14:30:19,14:30,2026-09-28,funabashi,1,10,三連複,7-8-10,716.6,716.6,97,https://www.keiba.go.jp/KeibaWeb/TodayRaceInfo/Odds3LenFuku?k_babaCode=19&k_raceDate=2026%2F09%2F28&k_raceNo=1
2026-09-28 14:30:19,14:30,2026-09-28,funabashi,1,10,三連複,7-8-11,70.4,70.4,23,https://www.keiba.go.jp/KeibaWeb/TodayRaceInfo/Odds3LenFuku?k_babaCode=19&k_raceDate=2026%2F09%2F28&k_raceNo=1
2026-09-28 14:30:19,14:30,2026-09-28,funabashi,1,10,三連複,7-8-12,339.4,339.4,70,https://www.keiba.go.jp/KeibaWeb/TodayRaceInfo/Odds3LenFuku?k_babaCode=19&k_raceDate=2026%2F09%2F28&k_raceNo=1
2026-09-28 14:30:19,14:30,2026-09-28,funabashi,1,10,三連複,7-8-9,27.4,27.4,9,https://www.keiba.go.jp/KeibaWeb/TodayRaceInfo/Odds3LenFuku?k_babaCode=19&k_raceDate=2026%2F09%2F28&k_raceNo=1
2026-09-28 14:30:19,14:30,2026-09-28,funabashi,1,10,三連複,7-9-10,255.4,255.4,52,https://www.keiba.go.jp/KeibaWeb/TodayRaceInfo/Odds3LenFuku?k_babaCode=19&k_raceDate=2026%2F09%2F28&k_raceNo=1
2026-09-28 14:30:19,14:30,2026-09-28,funabashi,1,10,三連複,7-9-11,33.2,33.2,10,https://www.keiba.go.jp/KeibaWeb/TodayRaceInfo/Odds3LenFuku?k_babaCode=19&k_raceDate=2026%2F09%2F28&k_raceNo=1
2026-09-28 14:30:19,14:30,2026-09-28,funabashi,1,10,三連複,7-9-12,98.4,98.4,27,https://www.keiba.go.jp/KeibaWeb/TodayRaceInfo/Odds3LenFuku?k_babaCode=19&k_raceDate=2026%2F09%2F28&k_raceNo=1
2026-09-28 14:30:19,14:30,2026-09-28,funabashi,1,10,三連複,8-10-11,444.8,444.8,80,https://www.keiba.go.jp/KeibaWeb/TodayRaceInfo/Odds3LenFuku?k_babaCode=19&k_raceDate=2026%2F09%2F28&k_raceNo=1
2026-09-28 14:30:19,14:30,2026-09-28,funabashi,1,10,三連複,8-10-12,1031.9,1031.9,115,https://www.keiba.go.jp/KeibaWeb/TodayRaceInfo/Odds3LenFuku?k_babaCode=19&k_raceDate=2026%2F09%2F28&k_raceNo=1
2026-09-28 14:30:19,14:30,2026-09-28,funabashi,1,10,三連複,8-11-12,263.2,263.2,55,https://www.keiba.go.jp/KeibaWeb/TodayRaceInfo/Odds3LenFuku?k_babaCode=19&k_raceDate=2026%2F09%2F28&k_raceNo=1
2026-09-28 14:30:19,14:30,2026-09-28,funabashi,1,10,三連複,8-9-10,234.5,234.5,50,https://www.keiba.go.jp/KeibaWeb/TodayRaceInfo/Odds3LenFuku?k_babaCode=19&k_raceDate=2026%2F09%2F28&k_raceNo=1
2026-09-28 14:30:19,14:30,2026-09-28,funabashi,1,10,三連複,8-9-11,26.9,26.9,8,https://www.keiba.go.jp/KeibaWeb/TodayRaceInfo/Odds3LenFuku?k_babaCode=19&k_raceDate=2026%2F09%2F28&k_raceNo=1
2026-09-28 14:30:19,14:30,2026-09-28,funabashi,1,10,三連複,8-9-12,117.2,117.2,30,https://www.keiba.go.jp/KeibaWeb/TodayRaceInfo/Odds3LenFuku?k_babaCode=19&k_raceDate=2026%2F09%2F28&k_raceNo=1
2026-09-28 14:30:19,14:30,2026-09-28,funabashi,1,10,三連複,9-10-11,335.0,335.0,68,https://www.keiba.go.jp/KeibaWeb/TodayRaceInfo/Odds3LenFuku?k_babaCode=19&k_raceDate=2026%2F09%2F28&k_raceNo=1
2026-09-28 14:30:19,14:30,2026-09-28,funabashi,1,10,三連複,9-10-12,1074.9,1074.9,121,https://www.keiba.go.jp/KeibaWeb/TodayRaceInfo/Odds3LenFuku?k_babaCode=19&k_raceDate=2026%2F09%2F28&k_raceNo=1
2026-09-28 14:30:19,14:30,2026-09-28,funabashi,1,10,三連複,9-11-12,137.2,137.2,35,https://www.keiba.go.jp/KeibaWeb/TodayRaceInfo/Odds3LenFuku?k_babaCode=19&k_raceDate=2026%2F09%2F28&k_raceNo=1
2026-09-28 14:30:19,14:30,2026-09-28,funabashi,1,10,馬連,1-10,658.3,658.3,53,https://www.keiba.go.jp/KeibaWeb/TodayRaceInfo/OddsUmLenFuku?k_babaCode=19&k_raceDate=2026%2F09%2F28&k_raceNo=1
2026-09-28 14:30:19,14:30,2026-09-28,funabashi,1,10,馬連,1-11,103.6,103.6,22,https://www.keiba.go.jp/KeibaWeb/TodayRaceInfo/OddsUmLenFuku?k_babaCode=19&k_raceDate=2026%2F09%2F28&k_raceNo=1
2026-09-28 14:30:19,14:30,2026-09-28,funabashi,1,10,馬連,1-12,136.4,136.4,27,https://www.keiba.go.jp/KeibaWeb/TodayRaceInfo/OddsUmLenFuku?k_babaCode=19&k_raceDate=2026%2F09%2F28&k_raceNo=1
2026-09-28 14:30:19,14:30,2026-09-28,funabashi,1,10,馬連,1-2,286.9,286.9,35,https://www.keiba.go.jp/KeibaWeb/TodayRaceInfo/OddsUmLenFuku?k_babaCode=19&k_raceDate=2026%2F09%2F28&k_raceNo=1
2026-09-28 14:30:19,14:30,2026-09-28,funabashi,1,10,馬連,1-3,486.5,486.5,48,https://www.keiba.go.jp/KeibaWeb/TodayRaceInfo/OddsUmLenFuku?k_babaCode=19&k_raceDate=2026%2F09%2F28&k_raceNo=1
2026-09-28 14:30:19,14:30,2026-09-28,funabashi,1,10,馬連,1-4,414.5,414.5,41,https://www.keiba.go.jp/KeibaWeb/TodayRaceInfo/OddsUmLenFuku?k_babaCode=19&k_raceDate=2026%2F09%2F28&k_raceNo=1
2026-09-28 14:30:19,14:30,2026-09-28,funabashi,1,10,馬連,1-5,27.7,27.7,9,https://www.keiba.go.jp/KeibaWeb/TodayRaceInfo/OddsUmLenFuku?k_babaCode=19&k_raceDate=2026%2F09%2F28&k_raceNo=1
2026-09-28 14:30:19,14:30,2026-09-28,funabashi,1,10,馬連,1-6,532.9,532.9,50,https://www.keiba.go.jp/KeibaWeb/TodayRaceInfo/OddsUmLenFuku?k_babaCode=19&k_raceDate=2026%2F09%2F28&k_raceNo=1
2026-09-28 14:30:19,14:30,2026-09-28,funabashi,1,10,馬連,1-7,108.6,108.6,23,https://www.keiba.go.jp/KeibaWeb/TodayRaceInfo/OddsUmLenFuku?k_babaCode=19&k_raceDate=2026%2F09%2F28&k_raceNo=1
2026-09-28 14:30:19,14:30,2026-09-28,funabashi,1,10,馬連,1-8,69.5,69.5,16,https://www.keiba.go.jp/KeibaWeb/TodayRaceInfo/OddsUmLenFuku?k_babaCode=19&k_raceDate=2026%2F09%2F28&k_raceNo=1
2026-09-28 14:30:19,14:30,2026-09-28,funabashi,1,10,馬連,1-9,37.8,37.8,11,https://www.keiba.go.jp/KeibaWeb/TodayRaceInfo/OddsUmLenFuku?k_babaCode=19&k_raceDate=2026%2F09%2F28&k_raceNo=1
2026-09-28 14:30:19,14:30,2026-09-28,funabashi,1,10,馬連,10-11,414.5,414.5,41,https://www.keiba.go.jp/KeibaWeb/TodayRaceInfo/OddsUmLenFuku?k_babaCode=19&k_raceDate=2026%2F09%2F28&k_raceNo=1
2026-09-28 14:30:19,14:30,2026-09-28,funabashi,1,10,馬連,10-12,799.3,799.3,54,https://www.keiba.go.jp/KeibaWeb/TodayRaceInfo/OddsUmLenFuku?k_babaCode=19&k_raceDate=2026%2F09%2F28&k_raceNo=1
2026-09-28 14:30:19,14:30,2026-09-28,funabashi,1,10,馬連,11-12,117.8,117.8,25,https://www.keiba.go.jp/KeibaWeb/TodayRaceInfo/OddsUmLenFuku?k_babaCode=19&k_raceDate=2026%2F09%2F28&k_raceNo=1
2026-09-28 14:30:19,14:30,2026-09-28,funabashi,1,10,馬連,2-10,5595.7,5595.7,66,https://www.keiba.go.jp/KeibaWeb/TodayRaceInfo/OddsUmLenFuku?k_babaCode=19&k_raceDate=2026%2F09%2F28&k_raceNo=1
2026-09-28 14:30:19,14:30,2026-09-28,funabashi,1,10,馬連,2-11,164.5,164.5,31,https://www.keiba.go.jp/KeibaWeb/TodayRaceInfo/OddsUmLenFuku?k_babaCode=19&k_raceDate=2026%2F09%2F28&k_raceNo=1
2026-09-28 14:30:19,14:30,2026-09-28,funabashi,1,10,馬連,2-12,294.5,294.5,37,https://www.keiba.go.jp/KeibaWeb/TodayRaceInfo/OddsUmLenFuku?k_babaCode=19&k_raceDate=2026%2F09%2F28&k_raceNo=1
2026-09-28 14:30:19,14:30,2026-09-28,funabashi,1,10,馬連,2-3,589.0,589.0,52,https://www.keiba.go.jp/KeibaWeb/TodayRaceInfo/OddsUmLenFuku?k_babaCode=19&k_raceDate=2026%2F09%2F28&k_raceNo=1
2026-09-28 14:30:19,14:30,2026-09-28,funabashi,1,10,馬連,2-4,860.8,860.8,57,https://www.keiba.go.jp/KeibaWeb/TodayRaceInfo/OddsUmLenFuku?k_babaCode=19&k_raceDate=2026%2F09%2F28&k_raceNo=1
2026-09-28 14:30:19,14:30,2026-09-28,funabashi,1,10,馬連,2-5,61.1,61.1,14,https://www.keiba.go.jp/KeibaWeb/TodayRaceInfo/OddsUmLenFuku?k_babaCode=19&k_raceDate=2026%2F09%2F28&k_raceNo=1
2026-09-28 14:30:19,14:30,2026-09-28,funabashi,1,10,馬連,2-6,1243.5,1243.5,59,https://www.keiba.go.jp/KeibaWeb/TodayRaceInfo/OddsUmLenFuku?k_babaCode=19&k_raceDate=2026%2F09%2F28&k_raceNo=1
2026-09-28 14:30:19,14:30,2026-09-28,funabashi,1,10,馬連,2-7,215.2,215.2,34,https://www.keiba.go.jp/KeibaWeb/TodayRaceInfo/OddsUmLenFuku?k_babaCode=19&k_raceDate=2026%2F09%2F28&k_raceNo=1
2026-09-28 14:30:19,14:30,2026-09-28,funabashi,1,10,馬連,2-8,143.4,143.4,29,https://www.keiba.go.jp/KeibaWeb/TodayRaceInfo/OddsUmLenFuku?k_babaCode=19&k_raceDate=2026%2F09%2F28&k_raceNo=1
2026-09-28 14:30:19,14:30,2026-09-28,funabashi,1,10,馬連,2-9,75.1,75.1,17,https://www.keiba.go.jp/KeibaWeb/TodayRaceInfo/OddsUmLenFuku?k_babaCode=19&k_raceDate=2026%2F09%2F28&k_raceNo=1
2026-09-28 14:30:19,14:30,2026-09-28,funabashi,1,10,馬連,3-10,1865.2,1865.2,63,https://www.keiba.go.jp/KeibaWeb/TodayRaceInfo/OddsUmLenFuku?k_babaCode=19&k_raceDate=2026%2F09%2F28&k_raceNo=1
2026-09-28 14:30:19,14:30,2026-09-28,funabashi,1,10,馬連,3-11,414.5,414.5,41,https://www.keiba.go.jp/KeibaWeb/TodayRaceInfo/OddsUmLenFuku?k_babaCode=19&k_raceDate=2026%2F09%2F28&k_raceNo=1
2026-09-28 14:30:19,14:30,2026-09-28,funabashi,1,10,馬連,3-12,799.3,799.3,54,https://www.keiba.go.jp/KeibaWeb/TodayRaceInfo/OddsUmLenFuku?k_babaCode=19&k_raceDate=2026%2F09%2F28&k_raceNo=1
2026-09-28 14:30:19,14:30,2026-09-28,funabashi,1,10,馬連,3-4,1398.9,1398.9,61,https://www.keiba.go.jp/KeibaWeb/TodayRaceInfo/OddsUmLenFuku?k_babaCode=19&k_raceDate=2026%2F09%2F28&k_raceNo=1
2026-09-28 14:30:19,14:30,2026-09-28,funabashi,1,10,馬連,3-5,100.8,100.8,21,https://www.keiba.go.jp/KeibaWeb/TodayRaceInfo/OddsUmLenFuku?k_babaCode=19&k_raceDate=2026%2F09%2F28&k_raceNo=1
2026-09-28 14:30:19,14:30,2026-09-28,funabashi,1,10,馬連,3-6,1865.2,1865.2,63,https://www.keiba.go.jp/KeibaWeb/TodayRaceInfo/OddsUmLenFuku?k_babaCode=19&k_raceDate=2026%2F09%2F28&k_raceNo=1
2026-09-28 14:30:19,14:30,2026-09-28,funabashi,1,10,馬連,3-7,508.7,508.7,49,https://www.keiba.go.jp/KeibaWeb/TodayRaceInfo/OddsUmLenFuku?k_babaCode=19&k_raceDate=2026%2F09%2F28&k_raceNo=1
2026-09-28 14:30:19,14:30,2026-09-28,funabashi,1,10,馬連,3-8,414.5,414.5,41,https://www.keiba.go.jp/KeibaWeb/TodayRaceInfo/OddsUmLenFuku?k_babaCode=19&k_raceDate=2026%2F09%2F28&k_raceNo=1
2026-09-28 14:30:19,14:30,2026-09-28,funabashi,1,10,馬連,3-9,199.8,199.8,32,https://www.keiba.go.jp/KeibaWeb/TodayRaceInfo/OddsUmLenFuku?k_babaCode=19&k_raceDate=2026%2F09%2F28&k_raceNo=1
2026-09-28 14:30:19,14:30,2026-09-28,funabashi,1,10,馬連,4-10,1598.7,1598.7,62,https://www.keiba.go.jp/KeibaWeb/TodayRaceInfo/OddsUmLenFuku?k_babaCode=19&k_raceDate=2026%2F09%2F28&k_raceNo=1
2026-09-28 14:30:19,14:30,2026-09-28,funabashi,1,10,馬連,4-11,532.9,532.9,50,https://www.keiba.go.jp/KeibaWeb/TodayRaceInfo/OddsUmLenFuku?k_babaCode=19&k_raceDate=2026%2F09%2F28&k_raceNo=1
2026-09-28 14:30:19,14:30,2026-09-28,funabashi,1,10,馬連,4-12,430.4,430.4,45,https://www.keiba.go.jp/KeibaWeb/TodayRaceInfo/OddsUmLenFuku?k_babaCode=19&k_raceDate=2026%2F09%2F28&k_raceNo=1
2026-09-28 14:30:19,14:30,2026-09-28,funabashi,1,10,馬連,4-5,149.2,149.2,30,https://www.keiba.go.jp/KeibaWeb/TodayRaceInfo/OddsUmLenFuku?k_babaCode=19&k_raceDate=2026%2F09%2F28&k_raceNo=1
2026-09-28 14:30:19,14:30,2026-09-28,funabashi,1,10,馬連,4-6,1243.5,1243.5,59,https://www.keiba.go.jp/KeibaWeb/TodayRaceInfo/OddsUmLenFuku?k_babaCode=19&k_raceDate=2026%2F09%2F28&k_raceNo=1
2026-09-28 14:30:19,14:30,2026-09-28,funabashi,1,10,馬連,4-7,361.0,361.0,39,https://www.keiba.go.jp/KeibaWeb/TodayRaceInfo/OddsUmLenFuku?k_babaCode=19&k_raceDate=2026%2F09%2F28&k_raceNo=1
2026-09-28 14:30:19,14:30,2026-09-28,funabashi,1,10,馬連,4-8,286.9,286.9,35,https://www.keiba.go.jp/KeibaWeb/TodayRaceInfo/OddsUmLenFuku?k_babaCode=19&k_raceDate=2026%2F09%2F28&k_raceNo=1
2026-09-28 14:30:19,14:30,2026-09-28,funabashi,1,10,馬連,4-9,199.8,199.8,32,https://www.keiba.go.jp/KeibaWeb/TodayRaceInfo/OddsUmLenFuku?k_babaCode=19&k_raceDate=2026%2F09%2F28&k_raceNo=1
2026-09-28 14:30:19,14:30,2026-09-28,funabashi,1,10,馬連,5-10,119.0,119.0,26,https://www.keiba.go.jp/KeibaWeb/TodayRaceInfo/OddsUmLenFuku?k_babaCode=19&k_raceDate=2026%2F09%2F28&k_raceNo=1
2026-09-28 14:30:19,14:30,2026-09-28,funabashi,1,10,馬連,5-11,13.4,13.4,5,https://www.keiba.go.jp/KeibaWeb/TodayRaceInfo/OddsUmLenFuku?k_babaCode=19&k_raceDate=2026%2F09%2F28&k_raceNo=1
2026-09-28 14:30:19,14:30,2026-09-28,funabashi,1,10,馬連,5-12,54.3,54.3,13,https://www.keiba.go.jp/KeibaWeb/TodayRaceInfo/OddsUmLenFuku?k_babaCode=19&k_raceDate=2026%2F09%2F28&k_raceNo=1
2026-09-28 14:30:19,14:30,2026-09-28,funabashi,1,10,馬連,5-6,93.2,93.2,19,https://www.keiba.go.jp/KeibaWeb/TodayRaceInfo/OddsUmLenFuku?k_babaCode=19&k_raceDate=2026%2F09%2F28&k_raceNo=1
2026-09-28 14:30:19,14:30,2026-09-28,funabashi,1,10,馬連,5-7,8.5,8.5,2,https://www.keiba.go.jp/KeibaWeb/TodayRaceInfo/OddsUmLenFuku?k_babaCode=19&k_raceDate=2026%2F09%2F28&k_raceNo=1
2026-09-28 14:30:19,14:30,2026-09-28,funabashi,1,10,馬連,5-8,10.4,10.4,3,https://www.keiba.go.jp/KeibaWeb/TodayRaceInfo/OddsUmLenFuku?k_babaCode=19&k_raceDate=2026%2F09%2F28&k_raceNo=1
2026-09-28 14:30:19,14:30,2026-09-28,funabashi,1,10,馬連,5-9,2.4,2.4,1,https://www.keiba.go.jp/KeibaWeb/TodayRaceInfo/OddsUmLenFuku?k_babaCode=19&k_raceDate=2026%2F09%2F28&k_raceNo=1
2026-09-28 14:30:19,14:30,2026-09-28,funabashi,1,10,馬連,6-10,1865.2,1865.2,63,https://www.keiba.go.jp/KeibaWeb/TodayRaceInfo/OddsUmLenFuku?k_babaCode=19&k_raceDate=2026%2F09%2F28&k_raceNo=1
2026-09-28 14:30:19,14:30,2026-09-28,funabashi,1,10,馬連,6-11,385.9,385.9,40,https://www.keiba.go.jp/KeibaWeb/TodayRaceInfo/OddsUmLenFuku?k_babaCode=19&k_raceDate=2026%2F09%2F28&k_raceNo=1
2026-09-28 14:30:19,14:30,2026-09-28,funabashi,1,10,馬連,6-12,799.3,799.3,54,https://www.keiba.go.jp/KeibaWeb/TodayRaceInfo/OddsUmLenFuku?k_babaCode=19&k_raceDate=2026%2F09%2F28&k_raceNo=1
2026-09-28 14:30:19,14:30,2026-09-28,funabashi,1,10,馬連,6-7,447.6,447.6,46,https://www.keiba.go.jp/KeibaWeb/TodayRaceInfo/OddsUmLenFuku?k_babaCode=19&k_raceDate=2026%2F09%2F28&k_raceNo=1
2026-09-28 14:30:19,14:30,2026-09-28,funabashi,1,10,馬連,6-8,447.6,447.6,46,https://www.keiba.go.jp/KeibaWeb/TodayRaceInfo/OddsUmLenFuku?k_babaCode=19&k_raceDate=2026%2F09%2F28&k_raceNo=1
2026-09-28 14:30:19,14:30,2026-09-28,funabashi,1,10,馬連,6-9,138.1,138.1,28,https://www.keiba.go.jp/KeibaWeb/TodayRaceInfo/OddsUmLenFuku?k_babaCode=19&k_raceDate=2026%2F09%2F28&k_raceNo=1
2026-09-28 14:30:19,14:30,2026-09-28,funabashi,1,10,馬連,7-10,1017.4,1017.4,58,https://www.keiba.go.jp/KeibaWeb/TodayRaceInfo/OddsUmLenFuku?k_babaCode=19&k_raceDate=2026%2F09%2F28&k_raceNo=1
2026-09-28 14:30:19,14:30,2026-09-28,funabashi,1,10,馬連,7-11,48.4,48.4,12,https://www.keiba.go.jp/KeibaWeb/TodayRaceInfo/OddsUmLenFuku?k_babaCode=19&k_raceDate=2026%2F09%2F28&k_raceNo=1
2026-09-28 14:30:19,14:30,2026-09-28,funabashi,1,10,馬連,7-12,96.4,96.4,20,https://www.keiba.go.jp/KeibaWeb/TodayRaceInfo/OddsUmLenFuku?k_babaCode=19&k_raceDate=2026%2F09%2F28&k_raceNo=1
2026-09-28 14:30:19,14:30,2026-09-28,funabashi,1,10,馬連,7-8,30.4,30.4,10,https://www.keiba.go.jp/KeibaWeb/TodayRaceInfo/OddsUmLenFuku?k_babaCode=19&k_raceDate=2026%2F09%2F28&k_raceNo=1
2026-09-28 14:30:19,14:30,2026-09-28,funabashi,1,10,馬連,7-9,13.8,13.8,6,https://www.keiba.go.jp/KeibaWeb/TodayRaceInfo/OddsUmLenFuku?k_babaCode=19&k_raceDate=2026%2F09%2F28&k_raceNo=1
2026-09-28 14:30:19,14:30,2026-09-28,funabashi,1,10,馬連,8-10,302.4,302.4,38,https://www.keiba.go.jp/KeibaWeb/TodayRaceInfo/OddsUmLenFuku?k_babaCode=19&k_raceDate=2026%2F09%2F28&k_raceNo=1
2026-09-28 14:30:19,14:30,2026-09-28,funabashi,1,10,馬連,8-11,22.9,22.9,8,https://www.keiba.go.jp/KeibaWeb/TodayRaceInfo/OddsUmLenFuku?k_babaCode=19&k_raceDate=2026%2F09%2F28&k_raceNo=1
2026-09-28 14:30:19,14:30,2026-09-28,funabashi,1,10,馬連,8-12,87.4,87.4,18,https://www.keiba.go.jp/KeibaWeb/TodayRaceInfo/OddsUmLenFuku?k_babaCode=19&k_raceDate=2026%2F09%2F28&k_raceNo=1
2026-09-28 14:30:19,14:30,2026-09-28,funabashi,1,10,馬連,8-9,12.9,12.9,4,https://www.keiba.go.jp/KeibaWeb/TodayRaceInfo/OddsUmLenFuku?k_babaCode=19&k_raceDate=2026%2F09%2F28&k_raceNo=1
2026-09-28 14:30:19,14:30,2026-09-28,funabashi,1,10,馬連,9-10,110.8,110.8,24,https://www.keiba.go.jp/KeibaWeb/TodayRaceInfo/OddsUmLenFuku?k_babaCode=19&k_raceDate=2026%2F09%2F28&k_raceNo=1
2026-09-28 14:30:19,14:30,2026-09-28,funabashi,1,10,馬連,9-11,18.4,18.4,7,https://www.keiba.go.jp/KeibaWeb/TodayRaceInfo/OddsUmLenFuku?k_babaCode=19&k_raceDate=2026%2F09%2F28&k_raceNo=1
2026-09-28 14:30:19,14:30,2026-09-28,funabashi,1,10,馬連,9-12,65.4,65.4,15,https://www.keiba.go.jp/KeibaWeb/TodayRaceInfo/OddsUmLenFuku?k_babaCode=19&k_raceDate=2026%2F09%2F28&k_raceNo=1
2026-09-28 14:35:00,14:34,2026-09-28,funabashi,1,5,ワイド,1-10,78.0,80.6,49,https://www.keiba.go.jp/KeibaWeb/TodayRaceInfo/OddsWide?k_babaCode=19&k_raceDate=2026%2F09%2F28&k_raceNo=1
2026-09-28 14:35:00,14:34,2026-09-28,funabashi,1,5,ワイド,1-11,15.3,16.7,16,https://www.keiba.go.jp/KeibaWeb/TodayRaceInfo/OddsWide?k_babaCode=19&k_raceDate=2026%2F09%2F28&k_raceNo=1
2026-09-28 14:35:00,14:34,2026-09-28,funabashi,1,5,ワイド,1-12,35.7,37.3,32,https://www.keiba.go.jp/KeibaWeb/TodayRaceInfo/OddsWide?k_babaCode=19&k_raceDate=2026%2F09%2F28&k_raceNo=1
2026-09-28 14:35:00,14:34,2026-09-28,funabashi,1,5,ワイド,1-2,41.9,43.6,38,https://www.keiba.go.jp/KeibaWeb/TodayRaceInfo/OddsWide?k_babaCode=19&k_raceDate=2026%2F09%2F28&k_raceNo=1
2026-09-28 14:35:00,14:34,2026-09-28,funabashi,1,5,ワイド,1-3,51.5,53.4,40,https://www.keiba.go.jp/KeibaWeb/TodayRaceInfo/OddsWide?k_babaCode=19&k_raceDate=2026%2F09%2F28&k_raceNo=1
2026-09-28 14:35:00,14:34,2026-09-28,funabashi,1,5,ワイド,1-4,79.0,81.6,50,https://www.keiba.go.jp/KeibaWeb/TodayRaceInfo/OddsWide?k_babaCode=19&k_raceDate=2026%2F09%2F28&k_raceNo=1
2026-09-28 14:35:00,14:34,2026-09-28,funabashi,1,5,ワイド,1-5,8.5,10.3,11,https://www.keiba.go.jp/KeibaWeb/TodayRaceInfo/OddsWide?k_babaCode=19&k_raceDate=2026%2F09%2F28&k_raceNo=1
2026-09-28 14:35:00,14:34,2026-09-28,funabashi,1,5,ワイド,1-6,89.6,92.7,53,https://www.keiba.go.jp/KeibaWeb/TodayRaceInfo/OddsWide?k_babaCode=19&k_raceDate=2026%2F09%2F28&k_raceNo=1
2026-09-28 14:35:00,14:34,2026-09-28,funabashi,1,5,ワイド,1-7,13.5,14.8,15,https://www.keiba.go.jp/KeibaWeb/TodayRaceInfo/OddsWide?k_babaCode=19&k_raceDate=2026%2F09%2F28&k_raceNo=1
2026-09-28 14:35:00,14:34,2026-09-28,funabashi,1,5,ワイド,1-8,13.5,14.7,14,https://www.keiba.go.jp/KeibaWeb/TodayRaceInfo/OddsWide?k_babaCode=19&k_raceDate=2026%2F09%2F28&k_raceNo=1
2026-09-28 14:35:00,14:34,2026-09-28,funabashi,1,5,ワイド,1-9,7.1,8.6,9,https://www.keiba.go.jp/KeibaWeb/TodayRaceInfo/OddsWide?k_babaCode=19&k_raceDate=2026%2F09%2F28&k_raceNo=1
2026-09-28 14:35:00,14:34,2026-09-28,funabashi,1,5,ワイド,10-11,62.3,66.6,43,https://www.keiba.go.jp/KeibaWeb/TodayRaceInfo/OddsWide?k_babaCode=19&k_raceDate=2026%2F09%2F28&k_raceNo=1
2026-09-28 14:35:00,14:34,2026-09-28,funabashi,1,5,ワイド,10-12,105.3,107.5,55,https://www.keiba.go.jp/KeibaWeb/TodayRaceInfo/OddsWide?k_babaCode=19&k_raceDate=2026%2F09%2F28&k_raceNo=1
2026-09-28 14:35:00,14:34,2026-09-28,funabashi,1,5,ワイド,11-12,27.3,29.6,27,https://www.keiba.go.jp/KeibaWeb/TodayRaceInfo/OddsWide?k_babaCode=19&k_raceDate=2026%2F09%2F28&k_raceNo=1
2026-09-28 14:35:00,14:34,2026-09-28,funabashi,1,5,ワイド,2-10,261.3,265.5,63,https://www.keiba.go.jp/KeibaWeb/TodayRaceInfo/OddsWide?k_babaCode=19&k_raceDate=2026%2F09%2F28&k_raceNo=1
2026-09-28 14:35:00,14:34,2026-09-28,funabashi,1,5,ワイド,2-11,24.6,26.5,24,https://www.keiba.go.jp/KeibaWeb/TodayRaceInfo/OddsWide?k_babaCode=19&k_raceDate=2026%2F09%2F28&k_raceNo=1
2026-09-28 14:35:00,14:34,2026-09-28,funabashi,1,5,ワイド,2-12,59.8,61.4,42,https://www.keiba.go.jp/KeibaWeb/TodayRaceInfo/OddsWide?k_babaCode=19&k_raceDate=2026%2F09%2F28&k_raceNo=1
2026-09-28 14:35:00,14:34,2026-09-28,funabashi,1,5,ワイド,2-3,73.9,75.8,48,https://www.keiba.go.jp/KeibaWeb/TodayRaceInfo/OddsWide?k_babaCode=19&k_raceDate=2026%2F09%2F28&k_raceNo=1
2026-09-28 14:35:00,14:34,2026-09-28,funabashi,1,5,ワイド,2-4,113.4,115.6,56,https://www.keiba.go.jp/KeibaWeb/TodayRaceInfo/OddsWide?k_babaCode=19&k_raceDate=2026%2F09%2F28&k_raceNo=1
2026-09-28 14:35:00,14:34,2026-09-28,funabashi,1,5,ワイド,2-5,16.2,19.6,18,https://www.keiba.go.jp/KeibaWeb/TodayRaceInfo/OddsWide?k_babaCode=19&k_raceDate=2026%2F09%2F28&k_raceNo=1
2026-09-28 14:35:00,14:34,2026-09-28,funabashi,1,5,ワイド,2-6,157.7,161.0,58,https://www.keiba.go.jp/KeibaWeb/TodayRaceInfo/OddsWide?k_babaCode=19&k_raceDate=2026%2F09%2F28&k_raceNo=1
2026-09-28 14:35:00,14:34,2026-09-28,funabashi,1,5,ワイド,2-7,34.8,37.6,31,https://www.keiba.go.jp/KeibaWeb/TodayRaceInfo/OddsWide?k_babaCode=19&k_raceDate=2026%2F09%2F28&k_raceNo=1
2026-09-28 14:35:00,14:34,2026-09-28,funabashi,1,5,ワイド,2-8,23.9,25.8,22,https://www.keiba.go.jp/KeibaWeb/TodayRaceInfo/OddsWide?k_babaCode=19&k_raceDate=2026%2F09%2F28&k_raceNo=1
2026-09-28 14:35:00,14:34,2026-09-28,funabashi,1,5,ワイド,2-9,16.6,20.0,19,https://www.keiba.go.jp/KeibaWeb/TodayRaceInfo/OddsWide?k_babaCode=19&k_raceDate=2026%2F09%2F28&k_raceNo=1
2026-09-28 14:35:00,14:34,2026-09-28,funabashi,1,5,ワイド,3-10,300.2,305.4,64,https://www.keiba.go.jp/KeibaWeb/TodayRaceInfo/OddsWide?k_babaCode=19&k_raceDate=2026%2F09%2F28&k_raceNo=1
2026-09-28 14:35:00,14:34,2026-09-28,funabashi,1,5,ワイド,3-11,41.3,44.2,37,https://www.keiba.go.jp/KeibaWeb/TodayRaceInfo/OddsWide?k_babaCode=19&k_raceDate=2026%2F09%2F28&k_raceNo=1
2026-09-28 14:35:00,14:34,2026-09-28,funabashi,1,5,ワイド,3-12,67.3,69.0,45,https://www.keiba.go.jp/KeibaWeb/TodayRaceInfo/OddsWide?k_babaCode=19&k_raceDate=2026%2F09%2F28&k_raceNo=1
2026-09-28 14:35:00,14:34,2026-09-28,funabashi,1,5,ワイド,3-4,133.4,136.0,57,https://www.keiba.go.jp/KeibaWeb/TodayRaceInfo/OddsWide?k_babaCode=19&k_raceDate=2026%2F09%2F28&k_raceNo=1
2026-09-28 14:35:00,14:34,2026-09-28,funabashi,1,5,ワイド,3-5,15.3,18.3,17,https://www.keiba.go.jp/KeibaWeb/TodayRaceInfo/OddsWide?k_babaCode=19&k_raceDate=2026%2F09%2F28&k_raceNo=1
2026-09-28 14:35:00,14:34,2026-09-28,funabashi,1,5,ワイド,3-6,221.6,226.4,61,https://www.keiba.go.jp/KeibaWeb/TodayRaceInfo/OddsWide?k_babaCode=19&k_raceDate=2026%2F09%2F28&k_raceNo=1
2026-09-28 14:35:00,14:34,2026-09-28,funabashi,1,5,ワイド,3-7,25.5,27.4,25,https://www.keiba.go.jp/KeibaWeb/TodayRaceInfo/OddsWide?k_babaCode=19&k_raceDate=2026%2F09%2F28&k_raceNo=1
2026-09-28 14:35:00,14:34,2026-09-28,funabashi,1,5,ワイド,3-8,38.9,42.1,34,https://www.keiba.go.jp/KeibaWeb/TodayRaceInfo/OddsWide?k_babaCode=19&k_raceDate=2026%2F09%2F28&k_raceNo=1
2026-09-28 14:35:00,14:34,2026-09-28,funabashi,1,5,ワイド,3-9,26.7,32.3,26,https://www.keiba.go.jp/KeibaWeb/TodayRaceInfo/OddsWide?k_babaCode=19&k_raceDate=2026%2F09%2F28&k_raceNo=1
2026-09-28 14:35:00,14:34,2026-09-28,funabashi,1,5,ワイド,4-10,318.1,321.4,66,https://www.keiba.go.jp/KeibaWeb/TodayRaceInfo/OddsWide?k_babaCode=19&k_raceDate=2026%2F09%2F28&k_raceNo=1
2026-09-28 14:35:00,14:34,2026-09-28,funabashi,1,5,ワイド,4-11,50.8,54.3,39,https://www.keiba.go.jp/KeibaWeb/TodayRaceInfo/OddsWide?k_babaCode=19&k_raceDate=2026%2F09%2F28&k_raceNo=1
2026-09-28 14:35:00,14:34,2026-09-28,funabashi,1,5,ワイド,4-12,187.2,191.0,59,https://www.keiba.go.jp/KeibaWeb/TodayRaceInfo/OddsWide?k_babaCode=19&k_raceDate=2026%2F09%2F28&k_raceNo=1
2026-09-28 14:35:00,14:34,2026-09-28,funabashi,1,5,ワイド,4-5,29.4,35.2,28,https://www.keiba.go.jp/KeibaWeb/TodayRaceInfo/OddsWide?k_babaCode=19&k_raceDate=2026%2F09%2F28&k_raceNo=1
2026-09-28 14:35:00,14:34,2026-09-28,funabashi,1,5,ワイド,4-6,200.8,203.8,60,https://www.keiba.go.jp/KeibaWeb/TodayRaceInfo/OddsWide?k_babaCode=19&k_raceDate=2026%2F09%2F28&k_raceNo=1
2026-09-28 14:35:00,14:34,2026-09-28,funabashi,1,5,ワイド,4-7,71.4,76.6,47,https://www.keiba.go.jp/KeibaWeb/TodayRaceInfo/OddsWide?k_babaCode=19&k_raceDate=2026%2F09%2F28&k_raceNo=1
2026-09-28 14:35:00,14:34,2026-09-28,funabashi,1,5,ワイド,4-8,54.8,59.0,41,https://www.keiba.go.jp/KeibaWeb/TodayRaceInfo/OddsWide?k_babaCode=19&k_raceDate=2026%2F09%2F28&k_raceNo=1
2026-09-28 14:35:00,14:34,2026-09-28,funabashi,1,5,ワイド,4-9,38.1,45.8,33,https://www.keiba.go.jp/KeibaWeb/TodayRaceInfo/OddsWide?k_babaCode=19&k_raceDate=2026%2F09%2F28&k_raceNo=1
2026-09-28 14:35:00,14:34,2026-09-28,funabashi,1,5,ワイド,5-10,41.0,49.0,36,https://www.keiba.go.jp/KeibaWeb/TodayRaceInfo/OddsWide?k_babaCode=19&k_raceDate=2026%2F09%2F28&k_raceNo=1
2026-09-28 14:35:00,14:34,2026-09-28,funabashi,1,5,ワイド,5-11,4.0,5.0,7,https://www.keiba.go.jp/KeibaWeb/TodayRaceInfo/OddsWide?k_babaCode=19&k_raceDate=2026%2F09%2F28&k_raceNo=1
2026-09-28 14:35:00,14:34,2026-09-28,funabashi,1,5,ワイド,5-12,16.7,20.1,20,https://www.keiba.go.jp/KeibaWeb/TodayRaceInfo/OddsWide?k_babaCode=19&k_raceDate=2026%2F09%2F28&k_raceNo=1
2026-09-28 14:35:00,14:34,2026-09-28,funabashi,1,5,ワイド,5-6,23.1,27.7,21,https://www.keiba.go.jp/KeibaWeb/TodayRaceInfo/OddsWide?k_babaCode=19&k_raceDate=2026%2F09%2F28&k_raceNo=1
2026-09-28 14:35:00,14:34,2026-09-28,funabashi,1,5,ワイド,5-7,3.6,4.6,5,https://www.keiba.go.jp/KeibaWeb/TodayRaceInfo/OddsWide?k_babaCode=19&k_raceDate=2026%2F09%2F28&k_raceNo=1
2026-09-28 14:35:00,14:34,2026-09-28,funabashi,1,5,ワイド,5-8,3.3,4.1,2,https://www.keiba.go.jp/KeibaWeb/TodayRaceInfo/OddsWide?k_babaCode=19&k_raceDate=2026%2F09%2F28&k_raceNo=1
2026-09-28 14:35:00,14:34,2026-09-28,funabashi,1,5,ワイド,5-9,1.8,1.9,1,https://www.keiba.go.jp/KeibaWeb/TodayRaceInfo/OddsWide?k_babaCode=19&k_raceDate=2026%2F09%2F28&k_raceNo=1
2026-09-28 14:35:00,14:34,2026-09-28,funabashi,1,5,ワイド,6-10,301.7,305.4,65,https://www.keiba.go.jp/KeibaWeb/TodayRaceInfo/OddsWide?k_babaCode=19&k_raceDate=2026%2F09%2F28&k_raceNo=1
2026-09-28 14:35:00,14:34,2026-09-28,funabashi,1,5,ワイド,6-11,87.9,94.0,52,https://www.keiba.go.jp/KeibaWeb/TodayRaceInfo/OddsWide?k_babaCode=19&k_raceDate=2026%2F09%2F28&k_raceNo=1
2026-09-28 14:35:00,14:34,2026-09-28,funabashi,1,5,ワイド,6-12,230.0,234.9,62,https://www.keiba.go.jp/KeibaWeb/TodayRaceInfo/OddsWide?k_babaCode=19&k_raceDate=2026%2F09%2F28&k_raceNo=1
2026-09-28 14:35:00,14:34,2026-09-28,funabashi,1,5,ワイド,6-7,79.1,85.0,51,https://www.keiba.go.jp/KeibaWeb/TodayRaceInfo/OddsWide?k_babaCode=19&k_raceDate=2026%2F09%2F28&k_raceNo=1
2026-09-28 14:35:00,14:34,2026-09-28,funabashi,1,5,ワイド,6-8,66.8,72.0,44,https://www.keiba.go.jp/KeibaWeb/TodayRaceInfo/OddsWide?k_babaCode=19&k_raceDate=2026%2F09%2F28&k_raceNo=1
2026-09-28 14:35:00,14:34,2026-09-28,funabashi,1,5,ワイド,6-9,31.6,37.9,29,https://www.keiba.go.jp/KeibaWeb/TodayRaceInfo/OddsWide?k_babaCode=19&k_raceDate=2026%2F09%2F28&k_raceNo=1
2026-09-28 14:35:00,14:34,2026-09-28,funabashi,1,5,ワイド,7-10,90.5,97.1,54,https://www.keiba.go.jp/KeibaWeb/TodayRaceInfo/OddsWide?k_babaCode=19&k_raceDate=2026%2F09%2F28&k_raceNo=1
2026-09-28 14:35:00,14:34,2026-09-28,funabashi,1,5,ワイド,7-11,10.1,11.5,12,https://www.keiba.go.jp/KeibaWeb/TodayRaceInfo/OddsWide?k_babaCode=19&k_raceDate=2026%2F09%2F28&k_raceNo=1
2026-09-28 14:35:00,14:34,2026-09-28,funabashi,1,5,ワイド,7-12,34.0,36.9,30,https://www.keiba.go.jp/KeibaWeb/TodayRaceInfo/OddsWide?k_babaCode=19&k_raceDate=2026%2F09%2F28&k_raceNo=1
2026-09-28 14:35:00,14:34,2026-09-28,funabashi,1,5,ワイド,7-8,8.5,9.6,10,https://www.keiba.go.jp/KeibaWeb/TodayRaceInfo/OddsWide?k_babaCode=19&k_raceDate=2026%2F09%2F28&k_raceNo=1
2026-09-28 14:35:00,14:34,2026-09-28,funabashi,1,5,ワイド,7-9,3.4,4.2,3,https://www.keiba.go.jp/KeibaWeb/TodayRaceInfo/OddsWide?k_babaCode=19&k_raceDate=2026%2F09%2F28&k_raceNo=1
2026-09-28 14:35:00,14:34,2026-09-28,funabashi,1,5,ワイド,8-10,70.4,75.6,46,https://www.keiba.go.jp/KeibaWeb/TodayRaceInfo/OddsWide?k_babaCode=19&k_raceDate=2026%2F09%2F28&k_raceNo=1
2026-09-28 14:35:00,14:34,2026-09-28,funabashi,1,5,ワイド,8-11,6.2,6.9,8,https://www.keiba.go.jp/KeibaWeb/TodayRaceInfo/OddsWide?k_babaCode=19&k_raceDate=2026%2F09%2F28&k_raceNo=1
2026-09-28 14:35:00,14:34,2026-09-28,funabashi,1,5,ワイド,8-12,23.9,25.8,22,https://www.keiba.go.jp/KeibaWeb/TodayRaceInfo/OddsWide?k_babaCode=19&k_raceDate=2026%2F09%2F28&k_raceNo=1
2026-09-28 14:35:00,14:34,2026-09-28,funabashi,1,5,ワイド,8-9,3.9,4.9,6,https://www.keiba.go.jp/KeibaWeb/TodayRaceInfo/OddsWide?k_babaCode=19&k_raceDate=2026%2F09%2F28&k_raceNo=1
2026-09-28 14:35:00,14:34,2026-09-28,funabashi,1,5,ワイド,9-10,40.3,48.3,35,https://www.keiba.go.jp/KeibaWeb/TodayRaceInfo/OddsWide?k_babaCode=19&k_raceDate=2026%2F09%2F28&k_raceNo=1
2026-09-28 14:35:00,14:34,2026-09-28,funabashi,1,5,ワイド,9-11,3.5,4.4,4,https://www.keiba.go.jp/KeibaWeb/TodayRaceInfo/OddsWide?k_babaCode=19&k_raceDate=2026%2F09%2F28&k_raceNo=1
2026-09-28 14:35:00,14:34,2026-09-28,funabashi,1,5,ワイド,9-12,12.6,15.2,13,https://www.keiba.go.jp/KeibaWeb/TodayRaceInfo/OddsWide?k_babaCode=19&k_raceDate=2026%2F09%2F28&k_raceNo=1
2026-09-28 14:35:00,14:34,2026-09-28,funabashi,1,5,三連複,1-10-11,986.6,986.6,111,https://www.keiba.go.jp/KeibaWeb/TodayRaceInfo/Odds3LenFuku?k_babaCode=19&k_raceDate=2026%2F09%2F28&k_raceNo=1
2026-09-28 14:35:00,14:34,2026-09-28,funabashi,1,5,三連複,1-10-12,1627.9,1627.9,145,https://www.keiba.go.jp/KeibaWeb/TodayRaceInfo/Odds3LenFuku?k_babaCode=19&k_raceDate=2026%2F09%2F28&k_raceNo=1
2026-09-28 14:35:00,14:34,2026-09-28,funabashi,1,5,三連複,1-11-12,561.3,561.3,89,https://www.keiba.go.jp/KeibaWeb/TodayRaceInfo/Odds3LenFuku?k_babaCode=19&k_raceDate=2026%2F09%2F28&k_raceNo=1
2026-09-28 14:35:00,14:34,2026-09-28,funabashi,1,5,三連複,1-2-10,2325.5,2325.5,163,https://www.keiba.go.jp/KeibaWeb/TodayRaceInfo/Odds3LenFuku?k_babaCode=19&k_raceDate=2026%2F09%2F28&k_raceNo=1
2026-09-28 14:35:00,14:34,2026-09-28,funabashi,1,5,三連複,1-2-11,561.3,561.3,89,https://www.keiba.go.jp/KeibaWeb/TodayRaceInfo/Odds3LenFuku?k_babaCode=19&k_raceDate=2026%2F09%2F28&k_raceNo=1
2026-09-28 14:35:00,14:34,2026-09-28,funabashi,1,5,三連複,1-2-12,1302.3,1302.3,133,https://www.keiba.go.jp/KeibaWeb/TodayRaceInfo/Odds3LenFuku?k_babaCode=19&k_raceDate=2026%2F09%2F28&k_raceNo=1
2026-09-28 14:35:00,14:34,2026-09-28,funabashi,1,5,三連複,1-2-3,1017.4,1017.4,114,https://www.keiba.go.jp/KeibaWeb/TodayRaceInfo/Odds3LenFuku?k_babaCode=19&k_raceDate=2026%2F09%2F28&k_raceNo=1
2026-09-28 14:35:00,14:34,2026-09-28,funabashi,1,5,三連複,1-2-4,1122.7,1122.7,126,https://www.keiba.go.jp/KeibaWeb/TodayRaceInfo/Odds3LenFuku?k_babaCode=19&k_raceDate=2026%2F09%2F28&k_raceNo=1
2026-09-28 14:35:00,14:34,2026-09-28,funabashi,1,5,三連複,1-2-5,146.0,146.0,37,https://www.keiba.go.jp/KeibaWeb/TodayRaceInfo/Odds3LenFuku?k_babaCode=19&k_raceDate=2026%2F09%2F28&k_raceNo=1
2026-09-28 14:35:00,14:34,2026-09-28,funabashi,1,5,三連複,1-2-6,1915.1,1915.1,152,https://www.keiba.go.jp/KeibaWeb/TodayRaceInfo/Odds3LenFuku?k_babaCode=19&k_raceDate=2026%2F09%2F28&k_raceNo=1
2026-09-28 14:35:00,14:34,2026-09-28,funabashi,1,5,三連複,1-2-7,551.8,551.8,87,https://www.keiba.go.jp/KeibaWeb/TodayRaceInfo/Odds3LenFuku?k_babaCode=19&k_raceDate=2026%2F09%2F28&k_raceNo=1
2026-09-28 14:35:00,14:34,2026-09-28,funabashi,1,5,三連複,1-2-8,374.2,374.2,75,https://www.keiba.go.jp/KeibaWeb/TodayRaceInfo/Odds3LenFuku?k_babaCode=19&k_raceDate=2026%2F09%2F28&k_raceNo=1
2026-09-28 14:35:00,14:34,2026-09-28,funabashi,1,5,三連複,1-2-9,283.1,283.1,56,https://www.keiba.go.jp/KeibaWeb/TodayRaceInfo/Odds3LenFuku?k_babaCode=19&k_raceDate=2026%2F09%2F28&k_raceNo=1
2026-09-28 14:35:00,14:34,2026-09-28,funabashi,1,5,三連複,1-3-10,5426.3,5426.3,203,https://www.keiba.go.jp/KeibaWeb/TodayRaceInfo/Odds3LenFuku?k_babaCode=19&k_raceDate=2026%2F09%2F28&k_raceNo=1
2026-09-28 14:35:00,14:34,2026-09-28,funabashi,1,5,三連複,1-3-11,1302.3,1302.3,133,https://www.keiba.go.jp/KeibaWeb/TodayRaceInfo/Odds3LenFuku?k_babaCode=19&k_raceDate=2026%2F09%2F28&k_raceNo=1
2026-09-28 14:35:00,14:34,2026-09-28,funabashi,1,5,三連複,1-3-12,2034.8,2034.8,153,https://www.keiba.go.jp/KeibaWeb/TodayRaceInfo/Odds3LenFuku?k_babaCode=19&k_raceDate=2026%2F09%2F28&k_raceNo=1
2026-09-28 14:35:00,14:34,2026-09-28,funabashi,1,5,三連複,1-3-4,2034.8,2034.8,153,https://www.keiba.go.jp/KeibaWeb/TodayRaceInfo/Odds3LenFuku?k_babaCode=19&k_raceDate=2026%2F09%2F28&k_raceNo=1
2026-09-28 14:35:00,14:34,2026-09-28,funabashi,1,5,三連複,1-3-5,285.5,285.5,57,https://www.keiba.go.jp/KeibaWeb/TodayRaceInfo/Odds3LenFuku?k_babaCode=19&k_raceDate=2026%2F09%2F28&k_raceNo=1
2026-09-28 14:35:00,14:34,2026-09-28,funabashi,1,5,三連複,1-3-6,4069.7,4069.7,194,https://www.keiba.go.jp/KeibaWeb/TodayRaceInfo/Odds3LenFuku?k_babaCode=19&k_raceDate=2026%2F09%2F28&k_raceNo=1
2026-09-28 14:35:00,14:34,2026-09-28,funabashi,1,5,三連複,1-3-7,1085.2,1085.2,122,https://www.keiba.go.jp/KeibaWeb/TodayRaceInfo/Odds3LenFuku?k_babaCode=19&k_raceDate=2026%2F09%2F28&k_raceNo=1
2026-09-28 14:35:00,14:34,2026-09-28,funabashi,1,5,三連複,1-3-8,626.1,626.1,94,https://www.keiba.go.jp/KeibaWeb/TodayRaceInfo/Odds3LenFuku?k_babaCode=19&k_raceDate=2026%2F09%2F28&k_raceNo=1
2026-09-28 14:35:00,14:34,2026-09-28,funabashi,1,5,三連複,1-3-9,465.1,465.1,80,https://www.keiba.go.jp/KeibaWeb/TodayRaceInfo/Odds3LenFuku?k_babaCode=19&k_raceDate=2026%2F09%2F28&k_raceNo=1
2026-09-28 14:35:00,14:34,2026-09-28,funabashi,1,5,三連複,1-4-10,3617.5,3617.5,188,https://www.keiba.go.jp/KeibaWeb/TodayRaceInfo/Odds3LenFuku?k_babaCode=19&k_raceDate=2026%2F09%2F28&k_raceNo=1
2026-09-28 14:35:00,14:34,2026-09-28,funabashi,1,5,三連複,1-4-11,986.6,986.6,111,https://www.keiba.go.jp/KeibaWeb/TodayRaceInfo/Odds3LenFuku?k_babaCode=19&k_raceDate=2026%2F09%2F28&k_raceNo=1
2026-09-28 14:35:00,14:34,2026-09-28,funabashi,1,5,三連複,1-4-12,2959.8,2959.8,174,https://www.keiba.go.jp/KeibaWeb/TodayRaceInfo/Odds3LenFuku?k_babaCode=19&k_raceDate=2026%2F09%2F28&k_raceNo=1
2026-09-28 14:35:00,14:34,2026-09-28,funabashi,1,5,三連複,1-4-5,328.8,328.8,66,https://www.keiba.go.jp/KeibaWeb/TodayRaceInfo/Odds3LenFuku?k_babaCode=19&k_raceDate=2026%2F09%2F28&k_raceNo=1
2026-09-28 14:35:00,14:34,2026-09-28,funabashi,1,5,三連複,1-4-6,2959.8,2959.8,174,https://www.keiba.go.jp/KeibaWeb/TodayRaceInfo/Odds3LenFuku?k_babaCode=19&k_raceDate=2026%2F09%2F28&k_raceNo=1
2026-09-28 14:35:00,14:34,2026-09-28,funabashi,1,5,三連複,1-4-7,1627.9,1627.9,145,https://www.keiba.go.jp/KeibaWeb/TodayRaceInfo/Odds3LenFuku?k_babaCode=19&k_raceDate=2026%2F09%2F28&k_raceNo=1
2026-09-28 14:35:00,14:34,2026-09-28,funabashi,1,5,三連複,1-4-8,1017.4,1017.4,114,https://www.keiba.go.jp/KeibaWeb/TodayRaceInfo/Odds3LenFuku?k_babaCode=19&k_raceDate=2026%2F09%2F28&k_raceNo=1
2026-09-28 14:35:00,14:34,2026-09-28,funabashi,1,5,三連複,1-4-9,525.1,525.1,83,https://www.keiba.go.jp/KeibaWeb/TodayRaceInfo/Odds3LenFuku?k_babaCode=19&k_raceDate=2026%2F09%2F28&k_raceNo=1
2026-09-28 14:35:00,14:34,2026-09-28,funabashi,1,5,三連複,1-5-10,525.1,525.1,83,https://www.keiba.go.jp/KeibaWeb/TodayRaceInfo/Odds3LenFuku?k_babaCode=19&k_raceDate=2026%2F09%2F28&k_raceNo=1
2026-09-28 14:35:00,14:34,2026-09-28,funabashi,1,5,三連複,1-5-11,51.6,51.6,16,https://www.keiba.go.jp/KeibaWeb/TodayRaceInfo/Odds3LenFuku?k_babaCode=19&k_raceDate=2026%2F09%2F28&k_raceNo=1
2026-09-28 14:35:00,14:34,2026-09-28,funabashi,1,5,三連複,1-5-12,221.4,221.4,50,https://www.keiba.go.jp/KeibaWeb/TodayRaceInfo/Odds3LenFuku?k_babaCode=19&k_raceDate=2026%2F09%2F28&k_raceNo=1
2026-09-28 14:35:00,14:34,2026-09-28,funabashi,1,5,三連複,1-5-6,361.7,361.7,73,https://www.keiba.go.jp/KeibaWeb/TodayRaceInfo/Odds3LenFuku?k_babaCode=19&k_raceDate=2026%2F09%2F28&k_raceNo=1
2026-09-28 14:35:00,14:34,2026-09-28,funabashi,1,5,三連複,1-5-7,41.3,41.3,14,https://www.keiba.go.jp/KeibaWeb/TodayRaceInfo/Odds3LenFuku?k_babaCode=19&k_raceDate=2026%2F09%2F28&k_raceNo=1
2026-09-28 14:35:00,14:34,2026-09-28,funabashi,1,5,三連複,1-5-8,37.5,37.5,13,https://www.keiba.go.jp/KeibaWeb/TodayRaceInfo/Odds3LenFuku?k_babaCode=19&k_raceDate=2026%2F09%2F28&k_raceNo=1
2026-09-28 14:35:00,14:34,2026-09-28,funabashi,1,5,三連複,1-5-9,16.2,16.2,4,https://www.keiba.go.jp/KeibaWeb/TodayRaceInfo/Odds3LenFuku?k_babaCode=19&k_raceDate=2026%2F09%2F28&k_raceNo=1
2026-09-28 14:35:00,14:34,2026-09-28,funabashi,1,5,三連複,1-6-10,16279.1,16279.1,219,https://www.keiba.go.jp/KeibaWeb/TodayRaceInfo/Odds3LenFuku?k_babaCode=19&k_raceDate=2026%2F09%2F28&k_raceNo=1
2026-09-28 14:35:00,14:34,2026-09-28,funabashi,1,5,三連複,1-6-11,1356.5,1356.5,137,https://www.keiba.go.jp/KeibaWeb/TodayRaceInfo/Odds3LenFuku?k_babaCode=19&k_raceDate=2026%2F09%2F28&k_raceNo=1
2026-09-28 14:35:00,14:34,2026-09-28,funabashi,1,5,三連複,1-6-12,2959.8,2959.8,174,https://www.keiba.go.jp/KeibaWeb/TodayRaceInfo/Odds3LenFuku?k_babaCode=19&k_raceDate=2026%2F09%2F28&k_raceNo=1
2026-09-28 14:35:00,14:34,2026-09-28,funabashi,1,5,三連複,1-6-7,1122.7,1122.7,126,https://www.keiba.go.jp/KeibaWeb/TodayRaceInfo/Odds3LenFuku?k_babaCode=19&k_raceDate=2026%2F09%2F28&k_raceNo=1
2026-09-28 14:35:00,14:34,2026-09-28,funabashi,1,5,三連複,1-6-8,739.9,739.9,99,https://www.keiba.go.jp/KeibaWeb/TodayRaceInfo/Odds3LenFuku?k_babaCode=19&k_raceDate=2026%2F09%2F28&k_raceNo=1
2026-09-28 14:35:00,14:34,2026-09-28,funabashi,1,5,三連複,1-6-9,723.5,723.5,98,https://www.keiba.go.jp/KeibaWeb/TodayRaceInfo/Odds3LenFuku?k_babaCode=19&k_raceDate=2026%2F09%2F28&k_raceNo=1
2026-09-28 14:35:00,14:34,2026-09-28,funabashi,1,5,三連複,1-7-10,1085.2,1085.2,122,https://www.keiba.go.jp/KeibaWeb/TodayRaceInfo/Odds3LenFuku?k_babaCode=19&k_raceDate=2026%2F09%2F28&k_raceNo=1
2026-09-28 14:35:00,14:34,2026-09-28,funabashi,1,5,三連複,1-7-11,207.3,207.3,46,https://www.keiba.go.jp/KeibaWeb/TodayRaceInfo/Odds3LenFuku?k_babaCode=19&k_raceDate=2026%2F09%2F28&k_raceNo=1
2026-09-28 14:35:00,14:34,2026-09-28,funabashi,1,5,三連複,1-7-12,525.1,525.1,83,https://www.keiba.go.jp/KeibaWeb/TodayRaceInfo/Odds3LenFuku?k_babaCode=19&k_raceDate=2026%2F09%2F28&k_raceNo=1
2026-09-28 14:35:00,14:34,2026-09-28,funabashi,1,5,三連複,1-7-8,115.8,115.8,31,https://www.keiba.go.jp/KeibaWeb/TodayRaceInfo/Odds3LenFuku?k_babaCode=19&k_raceDate=2026%2F09%2F28&k_raceNo=1
2026-09-28 14:35:00,14:34,2026-09-28,funabashi,1,5,三連複,1-7-9,61.3,61.3,17,https://www.keiba.go.jp/KeibaWeb/TodayRaceInfo/Odds3LenFuku?k_babaCode=19&k_raceDate=2026%2F09%2F28&k_raceNo=1
2026-09-28 14:35:00,14:34,2026-09-28,funabashi,1,5,三連複,1-8-10,794.1,794.1,101,https://www.keiba.go.jp/KeibaWeb/TodayRaceInfo/Odds3LenFuku?k_babaCode=19&k_raceDate=2026%2F09%2F28&k_raceNo=1
2026-09-28 14:35:00,14:34,2026-09-28,funabashi,1,5,三連複,1-8-11,109.2,109.2,29,https://www.keiba.go.jp/KeibaWeb/TodayRaceInfo/Odds3LenFuku?k_babaCode=19&k_raceDate=2026%2F09%2F28&k_raceNo=1
2026-09-28 14:35:00,14:34,2026-09-28,funabashi,1,5,三連複,1-8-12,361.7,361.7,73,https://www.keiba.go.jp/KeibaWeb/TodayRaceInfo/Odds3LenFuku?k_babaCode=19&k_raceDate=2026%2F09%2F28&k_raceNo=1
2026-09-28 14:35:00,14:34,2026-09-28,funabashi,1,5,三連複,1-8-9,48.9,48.9,15,https://www.keiba.go.jp/KeibaWeb/TodayRaceInfo/Odds3LenFuku?k_babaCode=19&k_raceDate=2026%2F09%2F28&k_raceNo=1
2026-09-28 14:35:00,14:34,2026-09-28,funabashi,1,5,三連複,1-9-10,357.7,357.7,71,https://www.keiba.go.jp/KeibaWeb/TodayRaceInfo/Odds3LenFuku?k_babaCode=19&k_raceDate=2026%2F09%2F28&k_raceNo=1
2026-09-28 14:35:00,14:34,2026-09-28,funabashi,1,5,三連複,1-9-11,73.6,73.6,23,https://www.keiba.go.jp/KeibaWeb/TodayRaceInfo/Odds3LenFuku?k_babaCode=19&k_raceDate=2026%2F09%2F28&k_raceNo=1
2026-09-28 14:35:00,14:34,2026-09-28,funabashi,1,5,三連複,1-9-12,301.4,301.4,62,https://www.keiba.go.jp/KeibaWeb/TodayRaceInfo/Odds3LenFuku?k_babaCode=19&k_raceDate=2026%2F09%2F28&k_raceNo=1
2026-09-28 14:35:00,14:34,2026-09-28,funabashi,1,5,三連複,10-11-12,1415.5,1415.5,139,https://www.keiba.go.jp/KeibaWeb/TodayRaceInfo/Odds3LenFuku?k_babaCode=19&k_raceDate=2026%2F09%2F28&k_raceNo=1
2026-09-28 14:35:00,14:34,2026-09-28,funabashi,1,5,三連複,2-10-11,2170.5,2170.5,158,https://www.keiba.go.jp/KeibaWeb/TodayRaceInfo/Odds3LenFuku?k_babaCode=19&k_raceDate=2026%2F09%2F28&k_raceNo=1
2026-09-28 14:35:00,14:34,2026-09-28,funabashi,1,5,三連複,2-10-12,8139.5,8139.5,212,https://www.keiba.go.jp/KeibaWeb/TodayRaceInfo/Odds3LenFuku?k_babaCode=19&k_raceDate=2026%2F09%2F28&k_raceNo=1
2026-09-28 14:35:00,14:34,2026-09-28,funabashi,1,5,三連複,2-11-12,1550.3,1550.3,142,https://www.keiba.go.jp/KeibaWeb/TodayRaceInfo/Odds3LenFuku?k_babaCode=19&k_raceDate=2026%2F09%2F28&k_raceNo=1
2026-09-28 14:35:00,14:34,2026-09-28,funabashi,1,5,三連複,2-3-10,32558.3,32558.3,220,https://www.keiba.go.jp/KeibaWeb/TodayRaceInfo/Odds3LenFuku?k_babaCode=19&k_raceDate=2026%2F09%2F28&k_raceNo=1
2026-09-28 14:35:00,14:34,2026-09-28,funabashi,1,5,三連複,2-3-11,1550.3,1550.3,142,https://www.keiba.go.jp/KeibaWeb/TodayRaceInfo/Odds3LenFuku?k_babaCode=19&k_raceDate=2026%2F09%2F28&k_raceNo=1
2026-09-28 14:35:00,14:34,2026-09-28,funabashi,1,5,三連複,2-3-12,2170.5,2170.5,158,https://www.keiba.go.jp/KeibaWeb/TodayRaceInfo/Odds3LenFuku?k_babaCode=19&k_raceDate=2026%2F09%2F28&k_raceNo=1
2026-09-28 14:35:00,14:34,2026-09-28,funabashi,1,5,三連複,2-3-4,2959.8,2959.8,174,https://www.keiba.go.jp/KeibaWeb/TodayRaceInfo/Odds3LenFuku?k_babaCode=19&k_raceDate=2026%2F09%2F28&k_raceNo=1
2026-09-28 14:35:00,14:34,2026-09-28,funabashi,1,5,三連複,2-3-5,533.7,533.7,86,https://www.keiba.go.jp/KeibaWeb/TodayRaceInfo/Odds3LenFuku?k_babaCode=19&k_raceDate=2026%2F09%2F28&k_raceNo=1
2026-09-28 14:35:00,14:34,2026-09-28,funabashi,1,5,三連複,2-3-6,3255.8,3255.8,184,https://www.keiba.go.jp/KeibaWeb/TodayRaceInfo/Odds3LenFuku?k_babaCode=19&k_raceDate=2026%2F09%2F28&k_raceNo=1
2026-09-28 14:35:00,14:34,2026-09-28,funabashi,1,5,三連複,2-3-7,3617.5,3617.5,188,https://www.keiba.go.jp/KeibaWeb/TodayRaceInfo/Odds3LenFuku?k_babaCode=19&k_raceDate=2026%2F09%2F28&k_raceNo=1
2026-09-28 14:35:00,14:34,2026-09-28,funabashi,1,5,三連複,2-3-8,794.1,794.1,101,https://www.keiba.go.jp/KeibaWeb/TodayRaceInfo/Odds3LenFuku?k_babaCode=19&k_raceDate=2026%2F09%2F28&k_raceNo=1
2026-09-28 14:35:00,14:34,2026-09-28,funabashi,1,5,三連複,2-3-9,957.5,957.5,108,https://www.keiba.go.jp/KeibaWeb/TodayRaceInfo/Odds3LenFuku?k_babaCode=19&k_raceDate=2026%2F09%2F28&k_raceNo=1
2026-09-28 14:35:00,14:34,2026-09-28,funabashi,1,5,三連複,2-4-10,4069.7,4069.7,194,https://www.keiba.go.jp/KeibaWeb/TodayRaceInfo/Odds3LenFuku?k_babaCode=19&k_raceDate=2026%2F09%2F28&k_raceNo=1
2026-09-28 14:35:00,14:34,2026-09-28,funabashi,1,5,三連複,2-4-11,1627.9,1627.9,145,https://www.keiba.go.jp/KeibaWeb/TodayRaceInfo/Odds3LenFuku?k_babaCode=19&k_raceDate=2026%2F09%2F28&k_raceNo=1
2026-09-28 14:35:00,14:34,2026-09-28,funabashi,1,5,三連複,2-4-12,3617.5,3617.5,188,https://www.keiba.go.jp/KeibaWeb/TodayRaceInfo/Odds3LenFuku?k_babaCode=19&k_raceDate=2026%2F09%2F28&k_raceNo=1
2026-09-28 14:35:00,14:34,2026-09-28,funabashi,1,5,三連複,2-4-5,638.3,638.3,95,https://www.keiba.go.jp/KeibaWeb/TodayRaceInfo/Odds3LenFuku?k_babaCode=19&k_raceDate=2026%2F09%2F28&k_raceNo=1
2026-09-28 14:35:00,14:34,2026-09-28,funabashi,1,5,三連複,2-4-6,6511.6,6511.6,206,https://www.keiba.go.jp/KeibaWeb/TodayRaceInfo/Odds3LenFuku?k_babaCode=19&k_raceDate=2026%2F09%2F28&k_raceNo=1
2026-09-28 14:35:00,14:34,2026-09-28,funabashi,1,5,三連複,2-4-7,1205.8,1205.8,130,https://www.keiba.go.jp/KeibaWeb/TodayRaceInfo/Odds3LenFuku?k_babaCode=19&k_raceDate=2026%2F09%2F28&k_raceNo=1
2026-09-28 14:35:00,14:34,2026-09-28,funabashi,1,5,三連複,2-4-8,1085.2,1085.2,122,https://www.keiba.go.jp/KeibaWeb/TodayRaceInfo/Odds3LenFuku?k_babaCode=19&k_raceDate=2026%2F09%2F28&k_raceNo=1
2026-09-28 14:35:00,14:34,2026-09-28,funabashi,1,5,三連複,2-4-9,1302.3,1302.3,133,https://www.keiba.go.jp/KeibaWeb/TodayRaceInfo/Odds3LenFuku?k_babaCode=19&k_raceDate=2026%2F09%2F28&k_raceNo=1
2026-09-28 14:35:00,14:34,2026-09-28,funabashi,1,5,三連複,2-5-10,707.7,707.7,97,https://www.keiba.go.jp/KeibaWeb/TodayRaceInfo/Odds3LenFuku?k_babaCode=19&k_raceDate=2026%2F09%2F28&k_raceNo=1
2026-09-28 14:35:00,14:34,2026-09-28,funabashi,1,5,三連複,2-5-11,106.7,106.7,28,https://www.keiba.go.jp/KeibaWeb/TodayRaceInfo/Odds3LenFuku?k_babaCode=19&k_raceDate=2026%2F09%2F28&k_raceNo=1
2026-09-28 14:35:00,14:34,2026-09-28,funabashi,1,5,三連複,2-5-12,422.8,422.8,78,https://www.keiba.go.jp/KeibaWeb/TodayRaceInfo/Odds3LenFuku?k_babaCode=19&k_raceDate=2026%2F09%2F28&k_raceNo=1
2026-09-28 14:35:00,14:34,2026-09-28,funabashi,1,5,三連複,2-5-6,551.8,551.8,87,https://www.keiba.go.jp/KeibaWeb/TodayRaceInfo/Odds3LenFuku?k_babaCode=19&k_raceDate=2026%2F09%2F28&k_raceNo=1
2026-09-28 14:35:00,14:34,2026-09-28,funabashi,1,5,三連複,2-5-7,81.3,81.3,25,https://www.keiba.go.jp/KeibaWeb/TodayRaceInfo/Odds3LenFuku?k_babaCode=19&k_raceDate=2026%2F09%2F28&k_raceNo=1
2026-09-28 14:35:00,14:34,2026-09-28,funabashi,1,5,三連複,2-5-8,73.3,73.3,22,https://www.keiba.go.jp/KeibaWeb/TodayRaceInfo/Odds3LenFuku?k_babaCode=19&k_raceDate=2026%2F09%2F28&k_raceNo=1
2026-09-28 14:35:00,14:34,2026-09-28,funabashi,1,5,三連複,2-5-9,35.3,35.3,11,https://www.keiba.go.jp/KeibaWeb/TodayRaceInfo/Odds3LenFuku?k_babaCode=19&k_raceDate=2026%2F09%2F28&k_raceNo=1
2026-09-28 14:35:00,14:34,2026-09-28,funabashi,1,5,三連複,2-6-10,8139.5,8139.5,212,https://www.keiba.go.jp/KeibaWeb/TodayRaceInfo/Odds3LenFuku?k_babaCode=19&k_raceDate=2026%2F09%2F28&k_raceNo=1
2026-09-28 14:35:00,14:34,2026-09-28,funabashi,1,5,三連複,2-6-11,2713.1,2713.1,168,https://www.keiba.go.jp/KeibaWeb/TodayRaceInfo/Odds3LenFuku?k_babaCode=19&k_raceDate=2026%2F09%2F28&k_raceNo=1
2026-09-28 14:35:00,14:34,2026-09-28,funabashi,1,5,三連複,2-6-12,6511.6,6511.6,206,https://www.keiba.go.jp/KeibaWeb/TodayRaceInfo/Odds3LenFuku?k_babaCode=19&k_raceDate=2026%2F09%2F28&k_raceNo=1
2026-09-28 14:35:00,14:34,2026-09-28,funabashi,1,5,三連複,2-6-7,1550.3,1550.3,142,https://www.keiba.go.jp/KeibaWeb/TodayRaceInfo/Odds3LenFuku?k_babaCode=19&k_raceDate=2026%2F09%2F28&k_raceNo=1
2026-09-28 14:35:00,14:34,2026-09-28,funabashi,1,5,三連複,2-6-8,1415.5,1415.5,139,https://www.keiba.go.jp/KeibaWeb/TodayRaceInfo/Odds3LenFuku?k_babaCode=19&k_raceDate=2026%2F09%2F28&k_raceNo=1
2026-09-28 14:35:00,14:34,2026-09-28,funabashi,1,5,三連複,2-6-9,1302.3,1302.3,133,https://www.keiba.go.jp/KeibaWeb/TodayRaceInfo/Odds3LenFuku?k_babaCode=19&k_raceDate=2026%2F09%2F28&k_raceNo=1
2026-09-28 14:35:00,14:34,2026-09-28,funabashi,1,5,三連複,2-7-10,3617.5,3617.5,188,https://www.keiba.go.jp/KeibaWeb/TodayRaceInfo/Odds3LenFuku?k_babaCode=19&k_raceDate=2026%2F09%2F28&k_raceNo=1
2026-09-28 14:35:00,14:34,2026-09-28,funabashi,1,5,三連複,2-7-11,374.2,374.2,75,https://www.keiba.go.jp/KeibaWeb/TodayRaceInfo/Odds3LenFuku?k_babaCode=19&k_raceDate=2026%2F09%2F28&k_raceNo=1
2026-09-28 14:35:00,14:34,2026-09-28,funabashi,1,5,三連複,2-7-12,1713.5,1713.5,149,https://www.keiba.go.jp/KeibaWeb/TodayRaceInfo/Odds3LenFuku?k_babaCode=19&k_raceDate=2026%2F09%2F28&k_raceNo=1
2026-09-28 14:35:00,14:34,2026-09-28,funabashi,1,5,三連複,2-7-8,319.1,319.1,63,https://www.keiba.go.jp/KeibaWeb/TodayRaceInfo/Odds3LenFuku?k_babaCode=19&k_raceDate=2026%2F09%2F28&k_raceNo=1
2026-09-28 14:35:00,14:34,2026-09-28,funabashi,1,5,三連複,2-7-9,166.9,166.9,42,https://www.keiba.go.jp/KeibaWeb/TodayRaceInfo/Odds3LenFuku?k_babaCode=19&k_raceDate=2026%2F09%2F28&k_raceNo=1
2026-09-28 14:35:00,14:34,2026-09-28,funabashi,1,5,三連複,2-8-10,2170.5,2170.5,158,https://www.keiba.go.jp/KeibaWeb/TodayRaceInfo/Odds3LenFuku?k_babaCode=19&k_raceDate=2026%2F09%2F28&k_raceNo=1
2026-09-28 14:35:00,14:34,2026-09-28,funabashi,1,5,三連複,2-8-11,207.3,207.3,46,https://www.keiba.go.jp/KeibaWeb/TodayRaceInfo/Odds3LenFuku?k_babaCode=19&k_raceDate=2026%2F09%2F28&k_raceNo=1
2026-09-28 14:35:00,14:34,2026-09-28,funabashi,1,5,三連複,2-8-12,856.7,856.7,106,https://www.keiba.go.jp/KeibaWeb/TodayRaceInfo/Odds3LenFuku?k_babaCode=19&k_raceDate=2026%2F09%2F28&k_raceNo=1
2026-09-28 14:35:00,14:34,2026-09-28,funabashi,1,5,三連複,2-8-9,130.7,130.7,34,https://www.keiba.go.jp/KeibaWeb/TodayRaceInfo/Odds3LenFuku?k_babaCode=19&k_raceDate=2026%2F09%2F28&k_raceNo=1
2026-09-28 14:35:00,14:34,2026-09-28,funabashi,1,5,三連複,2-9-10,1050.2,1050.2,118,https://www.keiba.go.jp/KeibaWeb/TodayRaceInfo/Odds3LenFuku?k_babaCode=19&k_raceDate=2026%2F09%2F28&k_raceNo=1
2026-09-28 14:35:00,14:34,2026-09-28,funabashi,1,5,三連複,2-9-11,150.7,150.7,39,https://www.keiba.go.jp/KeibaWeb/TodayRaceInfo/Odds3LenFuku?k_babaCode=19&k_raceDate=2026%2F09%2F28&k_raceNo=1
2026-09-28 14:35:00,14:34,2026-09-28,funabashi,1,5,三連複,2-9-12,813.9,813.9,105,https://www.keiba.go.jp/KeibaWeb/TodayRaceInfo/Odds3LenFuku?k_babaCode=19&k_raceDate=2026%2F09%2F28&k_raceNo=1
2026-09-28 14:35:00,14:34,2026-09-28,funabashi,1,5,三連複,3-10-11,6511.6,6511.6,206,https://www.keiba.go.jp/KeibaWeb/TodayRaceInfo/Odds3LenFuku?k_babaCode=19&k_raceDate=2026%2F09%2F28&k_raceNo=1
2026-09-28 14:35:00,14:34,2026-09-28,funabashi,1,5,三連複,3-10-12,2325.5,2325.5,163,https://www.keiba.go.jp/KeibaWeb/TodayRaceInfo/Odds3LenFuku?k_babaCode=19&k_raceDate=2026%2F09%2F28&k_raceNo=1
2026-09-28 14:35:00,14:34,2026-09-28,funabashi,1,5,三連複,3-11-12,2170.5,2170.5,158,https://www.keiba.go.jp/KeibaWeb/TodayRaceInfo/Odds3LenFuku?k_babaCode=19&k_raceDate=2026%2F09%2F28&k_raceNo=1
2026-09-28 14:35:00,14:34,2026-09-28,funabashi,1,5,三連複,3-4-10,8139.5,8139.5,212,https://www.keiba.go.jp/KeibaWeb/TodayRaceInfo/Odds3LenFuku?k_babaCode=19&k_raceDate=2026%2F09%2F28&k_raceNo=1
2026-09-28 14:35:00,14:34,2026-09-28,funabashi,1,5,三連複,3-4-11,2034.8,2034.8,153,https://www.keiba.go.jp/KeibaWeb/TodayRaceInfo/Odds3LenFuku?k_babaCode=19&k_raceDate=2026%2F09%2F28&k_raceNo=1
2026-09-28 14:35:00,14:34,2026-09-28,funabashi,1,5,三連複,3-4-12,10852.7,10852.7,216,https://www.keiba.go.jp/KeibaWeb/TodayRaceInfo/Odds3LenFuku?k_babaCode=19&k_raceDate=2026%2F09%2F28&k_raceNo=1
2026-09-28 14:35:00,14:34,2026-09-28,funabashi,1,5,三連複,3-4-5,1085.2,1085.2,122,https://www.keiba.go.jp/KeibaWeb/TodayRaceInfo/Odds3LenFuku?k_babaCode=19&k_raceDate=2026%2F09%2F28&k_raceNo=1
2026-09-28 14:35:00,14:34,2026-09-28,funabashi,1,5,三連複,3-4-6,4651.1,4651.1,201,https://www.keiba.go.jp/KeibaWeb/TodayRaceInfo/Odds3LenFuku?k_babaCode=19&k_raceDate=2026%2F09%2F28&k_raceNo=1
2026-09-28 14:35:00,14:34,2026-09-28,funabashi,1,5,三連複,3-4-7,2713.1,2713.1,168,https://www.keiba.go.jp/KeibaWeb/TodayRaceInfo/Odds3LenFuku?k_babaCode=19&k_raceDate=2026%2F09%2F28&k_raceNo=1
2026-09-28 14:35:00,14:34,2026-09-28,funabashi,1,5,三連複,3-4-8,2959.8,2959.8,174,https://www.keiba.go.jp/KeibaWeb/TodayRaceInfo/Odds3LenFuku?k_babaCode=19&k_raceDate=2026%2F09%2F28&k_raceNo=1
2026-09-28 14:35:00,14:34,2026-09-28,funabashi,1,5,三連複,3-4-9,2170.5,2170.5,158,https://www.keiba.go.jp/KeibaWeb/TodayRaceInfo/Odds3LenFuku?k_babaCode=19&k_raceDate=2026%2F09%2F28&k_raceNo=1
2026-09-28 14:35:00,14:34,2026-09-28,funabashi,1,5,三連複,3-5-10,1252.2,1252.2,131,https://www.keiba.go.jp/KeibaWeb/TodayRaceInfo/Odds3LenFuku?k_babaCode=19&k_raceDate=2026%2F09%2F28&k_raceNo=1
2026-09-28 14:35:00,14:34,2026-09-28,funabashi,1,5,三連複,3-5-11,239.3,239.3,52,https://www.keiba.go.jp/KeibaWeb/TodayRaceInfo/Odds3LenFuku?k_babaCode=19&k_raceDate=2026%2F09%2F28&k_raceNo=1
2026-09-28 14:35:00,14:34,2026-09-28,funabashi,1,5,三連複,3-5-12,757.1,757.1,100,https://www.keiba.go.jp/KeibaWeb/TodayRaceInfo/Odds3LenFuku?k_babaCode=19&k_raceDate=2026%2F09%2F28&k_raceNo=1
2026-09-28 14:35:00,14:34,2026-09-28,funabashi,1,5,三連複,3-5-6,957.5,957.5,108,https://www.keiba.go.jp/KeibaWeb/TodayRaceInfo/Odds3LenFuku?k_babaCode=19&k_raceDate=2026%2F09%2F28&k_raceNo=1
2026-09-28 14:35:00,14:34,2026-09-28,funabashi,1,5,三連複,3-5-7,161.9,161.9,41,https://www.keiba.go.jp/KeibaWeb/TodayRaceInfo/Odds3LenFuku?k_babaCode=19&k_raceDate=2026%2F09%2F28&k_raceNo=1
2026-09-28 14:35:00,14:34,2026-09-28,funabashi,1,5,三連複,3-5-8,150.7,150.7,39,https://www.keiba.go.jp/KeibaWeb/TodayRaceInfo/Odds3LenFuku?k_babaCode=19&k_raceDate=2026%2F09%2F28&k_raceNo=1
2026-09-28 14:35:00,14:34,2026-09-28,funabashi,1,5,三連複,3-5-9,71.3,71.3,20,https://www.keiba.go.jp/KeibaWeb/TodayRaceInfo/Odds3LenFuku?k_babaCode=19&k_raceDate=2026%2F09%2F28&k_raceNo=1
2026-09-28 14:35:00,14:34,2026-09-28,funabashi,1,5,三連複,3-6-10,6511.6,6511.6,206,https://www.keiba.go.jp/KeibaWeb/TodayRaceInfo/Odds3LenFuku?k_babaCode=19&k_raceDate=2026%2F09%2F28&k_raceNo=1
2026-09-28 14:35:00,14:34,2026-09-28,funabashi,1,5,三連複,3-6-11,4069.7,4069.7,194,https://www.keiba.go.jp/KeibaWeb/TodayRaceInfo/Odds3LenFuku?k_babaCode=19&k_raceDate=2026%2F09%2F28&k_raceNo=1
2026-09-28 14:35:00,14:34,2026-09-28,funabashi,1,5,三連複,3-6-12,10852.7,10852.7,216,https://www.keiba.go.jp/KeibaWeb/TodayRaceInfo/Odds3LenFuku?k_babaCode=19&k_raceDate=2026%2F09%2F28&k_raceNo=1
2026-09-28 14:35:00,14:34,2026-09-28,funabashi,1,5,三連複,3-6-7,2713.1,2713.1,168,https://www.keiba.go.jp/KeibaWeb/TodayRaceInfo/Odds3LenFuku?k_babaCode=19&k_raceDate=2026%2F09%2F28&k_raceNo=1
2026-09-28 14:35:00,14:34,2026-09-28,funabashi,1,5,三連複,3-6-8,1627.9,1627.9,145,https://www.keiba.go.jp/KeibaWeb/TodayRaceInfo/Odds3LenFuku?k_babaCode=19&k_raceDate=2026%2F09%2F28&k_raceNo=1
2026-09-28 14:35:00,14:34,2026-09-28,funabashi,1,5,三連複,3-6-9,1017.4,1017.4,114,https://www.keiba.go.jp/KeibaWeb/TodayRaceInfo/Odds3LenFuku?k_babaCode=19&k_raceDate=2026%2F09%2F28&k_raceNo=1
2026-09-28 14:35:00,14:34,2026-09-28,funabashi,1,5,三連複,3-7-10,2504.4,2504.4,166,https://www.keiba.go.jp/KeibaWeb/TodayRaceInfo/Odds3LenFuku?k_babaCode=19&k_raceDate=2026%2F09%2F28&k_raceNo=1
2026-09-28 14:35:00,14:34,2026-09-28,funabashi,1,5,三連複,3-7-11,1252.2,1252.2,131,https://www.keiba.go.jp/KeibaWeb/TodayRaceInfo/Odds3LenFuku?k_babaCode=19&k_raceDate=2026%2F09%2F28&k_raceNo=1
2026-09-28 14:35:00,14:34,2026-09-28,funabashi,1,5,三連複,3-7-12,2034.8,2034.8,153,https://www.keiba.go.jp/KeibaWeb/TodayRaceInfo/Odds3LenFuku?k_babaCode=19&k_raceDate=2026%2F09%2F28&k_raceNo=1
2026-09-28 14:35:00,14:34,2026-09-28,funabashi,1,5,三連複,3-7-8,638.3,638.3,95,https://www.keiba.go.jp/KeibaWeb/TodayRaceInfo/Odds3LenFuku?k_babaCode=19&k_raceDate=2026%2F09%2F28&k_raceNo=1
2026-09-28 14:35:00,14:34,2026-09-28,funabashi,1,5,三連複,3-7-9,357.7,357.7,71,https://www.keiba.go.jp/KeibaWeb/TodayRaceInfo/Odds3LenFuku?k_babaCode=19&k_raceDate=2026%2F09%2F28&k_raceNo=1
2026-09-28 14:35:00,14:34,2026-09-28,funabashi,1,5,三連複,3-8-10,2713.1,2713.1,168,https://www.keiba.go.jp/KeibaWeb/TodayRaceInfo/Odds3LenFuku?k_babaCode=19&k_raceDate=2026%2F09%2F28&k_raceNo=1
2026-09-28 14:35:00,14:34,2026-09-28,funabashi,1,5,三連複,3-8-11,485.9,485.9,81,https://www.keiba.go.jp/KeibaWeb/TodayRaceInfo/Odds3LenFuku?k_babaCode=19&k_raceDate=2026%2F09%2F28&k_raceNo=1
2026-09-28 14:35:00,14:34,2026-09-28,funabashi,1,5,三連複,3-8-12,1356.5,1356.5,137,https://www.keiba.go.jp/KeibaWeb/TodayRaceInfo/Odds3LenFuku?k_babaCode=19&k_raceDate=2026%2F09%2F28&k_raceNo=1
2026-09-28 14:35:00,14:34,2026-09-28,funabashi,1,5,三連複,3-8-9,223.0,223.0,51,https://www.keiba.go.jp/KeibaWeb/TodayRaceInfo/Odds3LenFuku?k_babaCode=19&k_raceDate=2026%2F09%2F28&k_raceNo=1
2026-09-28 14:35:00,14:34,2026-09-28,funabashi,1,5,三連複,3-9-10,2959.8,2959.8,174,https://www.keiba.go.jp/KeibaWeb/TodayRaceInfo/Odds3LenFuku?k_babaCode=19&k_raceDate=2026%2F09%2F28&k_raceNo=1
2026-09-28 14:35:00,14:34,2026-09-28,funabashi,1,5,三連複,3-9-11,508.7,508.7,82,https://www.keiba.go.jp/KeibaWeb/TodayRaceInfo/Odds3LenFuku?k_babaCode=19&k_raceDate=2026%2F09%2F28&k_raceNo=1
2026-09-28 14:35:00,14:34,2026-09-28,funabashi,1,5,三連複,3-9-12,794.1,794.1,101,https://www.keiba.go.jp/KeibaWeb/TodayRaceInfo/Odds3LenFuku?k_babaCode=19&k_raceDate=2026%2F09%2F28&k_raceNo=1
2026-09-28 14:35:00,14:34,2026-09-28,funabashi,1,5,三連複,4-10-11,3617.5,3617.5,188,https://www.keiba.go.jp/KeibaWeb/TodayRaceInfo/Odds3LenFuku?k_babaCode=19&k_raceDate=2026%2F09%2F28&k_raceNo=1
2026-09-28 14:35:00,14:34,2026-09-28,funabashi,1,5,三連複,4-10-12,4651.1,4651.1,201,https://www.keiba.go.jp/KeibaWeb/TodayRaceInfo/Odds3LenFuku?k_babaCode=19&k_raceDate=2026%2F09%2F28&k_raceNo=1
2026-09-28 14:35:00,14:34,2026-09-28,funabashi,1,5,三連複,4-11-12,2713.1,2713.1,168,https://www.keiba.go.jp/KeibaWeb/TodayRaceInfo/Odds3LenFuku?k_babaCode=19&k_raceDate=2026%2F09%2F28&k_raceNo=1
2026-09-28 14:35:00,14:34,2026-09-28,funabashi,1,5,三連複,4-5-10,1808.7,1808.7,151,https://www.keiba.go.jp/KeibaWeb/TodayRaceInfo/Odds3LenFuku?k_babaCode=19&k_raceDate=2026%2F09%2F28&k_raceNo=1
2026-09-28 14:35:00,14:34,2026-09-28,funabashi,1,5,三連複,4-5-11,254.3,254.3,54,https://www.keiba.go.jp/KeibaWeb/TodayRaceInfo/Odds3LenFuku?k_babaCode=19&k_raceDate=2026%2F09%2F28&k_raceNo=1
2026-09-28 14:35:00,14:34,2026-09-28,funabashi,1,5,三連複,4-5-12,1122.7,1122.7,126,https://www.keiba.go.jp/KeibaWeb/TodayRaceInfo/Odds3LenFuku?k_babaCode=19&k_raceDate=2026%2F09%2F28&k_raceNo=1
2026-09-28 14:35:00,14:34,2026-09-28,funabashi,1,5,三連複,4-5-6,1479.9,1479.9,141,https://www.keiba.go.jp/KeibaWeb/TodayRaceInfo/Odds3LenFuku?k_babaCode=19&k_raceDate=2026%2F09%2F28&k_raceNo=1
2026-09-28 14:35:00,14:34,2026-09-28,funabashi,1,5,三連複,4-5-7,202.2,202.2,45,https://www.keiba.go.jp/KeibaWeb/TodayRaceInfo/Odds3LenFuku?k_babaCode=19&k_raceDate=2026%2F09%2F28&k_raceNo=1
2026-09-28 14:35:00,14:34,2026-09-28,funabashi,1,5,三連複,4-5-8,166.9,166.9,42,https://www.keiba.go.jp/KeibaWeb/TodayRaceInfo/Odds3LenFuku?k_babaCode=19&k_raceDate=2026%2F09%2F28&k_raceNo=1
2026-09-28 14:35:00,14:34,2026-09-28,funabashi,1,5,三連複,4-5-9,72.5,72.5,21,https://www.keiba.go.jp/KeibaWeb/TodayRaceInfo/Odds3LenFuku?k_babaCode=19&k_raceDate=2026%2F09%2F28&k_raceNo=1
2026-09-28 14:35:00,14:34,2026-09-28,funabashi,1,5,三連複,4-6-10,6511.6,6511.6,206,https://www.keiba.go.jp/KeibaWeb/TodayRaceInfo/Odds3LenFuku?k_babaCode=19&k_raceDate=2026%2F09%2F28&k_raceNo=1
2026-09-28 14:35:00,14:34,2026-09-28,funabashi,1,5,三連複,4-6-11,3617.5,3617.5,188,https://www.keiba.go.jp/KeibaWeb/TodayRaceInfo/Odds3LenFuku?k_babaCode=19&k_raceDate=2026%2F09%2F28&k_raceNo=1
2026-09-28 14:35:00,14:34,2026-09-28,funabashi,1,5,三連複,4-6-12,10852.7,10852.7,216,https://www.keiba.go.jp/KeibaWeb/TodayRaceInfo/Odds3LenFuku?k_babaCode=19&k_raceDate=2026%2F09%2F28&k_raceNo=1
2026-09-28 14:35:00,14:34,2026-09-28,funabashi,1,5,三連複,4-6-7,2959.8,2959.8,174,https://www.keiba.go.jp/KeibaWeb/TodayRaceInfo/Odds3LenFuku?k_babaCode=19&k_raceDate=2026%2F09%2F28&k_raceNo=1
2026-09-28 14:35:00,14:34,2026-09-28,funabashi,1,5,三連複,4-6-8,2713.1,2713.1,168,https://www.keiba.go.jp/KeibaWeb/TodayRaceInfo/Odds3LenFuku?k_babaCode=19&k_raceDate=2026%2F09%2F28&k_raceNo=1
2026-09-28 14:35:00,14:34,2026-09-28,funabashi,1,5,三連複,4-6-9,2325.5,2325.5,163,https://www.keiba.go.jp/KeibaWeb/TodayRaceInfo/Odds3LenFuku?k_babaCode=19&k_raceDate=2026%2F09%2F28&k_raceNo=1
2026-09-28 14:35:00,14:34,2026-09-28,funabashi,1,5,三連複,4-7-10,5426.3,5426.3,203,https://www.keiba.go.jp/KeibaWeb/TodayRaceInfo/Odds3LenFuku?k_babaCode=19&k_raceDate=2026%2F09%2F28&k_raceNo=1
2026-09-28 14:35:00,14:34,2026-09-28,funabashi,1,5,三連複,4-7-11,879.9,879.9,107,https://www.keiba.go.jp/KeibaWeb/TodayRaceInfo/Odds3LenFuku?k_babaCode=19&k_raceDate=2026%2F09%2F28&k_raceNo=1
2026-09-28 14:35:00,14:34,2026-09-28,funabashi,1,5,三連複,4-7-12,4069.7,4069.7,194,https://www.keiba.go.jp/KeibaWeb/TodayRaceInfo/Odds3LenFuku?k_babaCode=19&k_raceDate=2026%2F09%2F28&k_raceNo=1
2026-09-28 14:35:00,14:34,2026-09-28,funabashi,1,5,三連複,4-7-8,1017.4,1017.4,114,https://www.keiba.go.jp/KeibaWeb/TodayRaceInfo/Odds3LenFuku?k_babaCode=19&k_raceDate=2026%2F09%2F28&k_raceNo=1
2026-09-28 14:35:00,14:34,2026-09-28,funabashi,1,5,三連複,4-7-9,328.8,328.8,66,https://www.keiba.go.jp/KeibaWeb/TodayRaceInfo/Odds3LenFuku?k_babaCode=19&k_raceDate=2026%2F09%2F28&k_raceNo=1
2026-09-28 14:35:00,14:34,2026-09-28,funabashi,1,5,三連複,4-8-10,2504.4,2504.4,166,https://www.keiba.go.jp/KeibaWeb/TodayRaceInfo/Odds3LenFuku?k_babaCode=19&k_raceDate=2026%2F09%2F28&k_raceNo=1
2026-09-28 14:35:00,14:34,2026-09-28,funabashi,1,5,三連複,4-8-11,571.1,571.1,91,https://www.keiba.go.jp/KeibaWeb/TodayRaceInfo/Odds3LenFuku?k_babaCode=19&k_raceDate=2026%2F09%2F28&k_raceNo=1
2026-09-28 14:35:00,14:34,2026-09-28,funabashi,1,5,三連複,4-8-12,2959.8,2959.8,174,https://www.keiba.go.jp/KeibaWeb/TodayRaceInfo/Odds3LenFuku?k_babaCode=19&k_raceDate=2026%2F09%2F28&k_raceNo=1
2026-09-28 14:35:00,14:34,2026-09-28,funabashi,1,5,三連複,4-8-9,273.5,273.5,55,https://www.keiba.go.jp/KeibaWeb/TodayRaceInfo/Odds3LenFuku?k_babaCode=19&k_raceDate=2026%2F09%2F28&k_raceNo=1
2026-09-28 14:35:00,14:34,2026-09-28,funabashi,1,5,三連複,4-9-10,3255.8,3255.8,184,https://www.keiba.go.jp/KeibaWeb/TodayRaceInfo/Odds3LenFuku?k_babaCode=19&k_raceDate=2026%2F09%2F28&k_raceNo=1
2026-09-28 14:35:00,14:34,2026-09-28,funabashi,1,5,三連複,4-9-11,322.3,322.3,65,https://www.keiba.go.jp/KeibaWeb/TodayRaceInfo/Odds3LenFuku?k_babaCode=19&k_raceDate=2026%2F09%2F28&k_raceNo=1
2026-09-28 14:35:00,14:34,2026-09-28,funabashi,1,5,三連複,4-9-12,1713.5,1713.5,149,https://www.keiba.go.jp/KeibaWeb/TodayRaceInfo/Odds3LenFuku?k_babaCode=19&k_raceDate=2026%2F09%2F28&k_raceNo=1
2026-09-28 14:35:00,14:34,2026-09-28,funabashi,1,5,三連複,5-10-11,346.3,346.3,69,https://www.keiba.go.jp/KeibaWeb/TodayRaceInfo/Odds3LenFuku?k_babaCode=19&k_raceDate=2026%2F09%2F28&k_raceNo=1
2026-09-28 14:35:00,14:34,2026-09-28,funabashi,1,5,三連複,5-10-12,1050.2,1050.2,118,https://www.keiba.go.jp/KeibaWeb/TodayRaceInfo/Odds3LenFuku?k_babaCode=19&k_raceDate=2026%2F09%2F28&k_raceNo=1
2026-09-28 14:35:00,14:34,2026-09-28,funabashi,1,5,三連複,5-11-12,146.0,146.0,37,https://www.keiba.go.jp/KeibaWeb/TodayRaceInfo/Odds3LenFuku?k_babaCode=19&k_raceDate=2026%2F09%2F28&k_raceNo=1
2026-09-28 14:35:00,14:34,2026-09-28,funabashi,1,5,三連複,5-6-10,2034.8,2034.8,153,https://www.keiba.go.jp/KeibaWeb/TodayRaceInfo/Odds3LenFuku?k_babaCode=19&k_raceDate=2026%2F09%2F28&k_raceNo=1
2026-09-28 14:35:00,14:34,2026-09-28,funabashi,1,5,三連複,5-6-11,208.7,208.7,48,https://www.keiba.go.jp/KeibaWeb/TodayRaceInfo/Odds3LenFuku?k_babaCode=19&k_raceDate=2026%2F09%2F28&k_raceNo=1
2026-09-28 14:35:00,14:34,2026-09-28,funabashi,1,5,三連複,5-6-12,957.5,957.5,108,https://www.keiba.go.jp/KeibaWeb/TodayRaceInfo/Odds3LenFuku?k_babaCode=19&k_raceDate=2026%2F09%2F28&k_raceNo=1
2026-09-28 14:35:00,14:34,2026-09-28,funabashi,1,5,三連複,5-6-7,123.3,123.3,33,https://www.keiba.go.jp/KeibaWeb/TodayRaceInfo/Odds3LenFuku?k_babaCode=19&k_raceDate=2026%2F09%2F28&k_raceNo=1
2026-09-28 14:35:00,14:34,2026-09-28,funabashi,1,5,三連複,5-6-8,136.7,136.7,36,https://www.keiba.go.jp/KeibaWeb/TodayRaceInfo/Odds3LenFuku?k_babaCode=19&k_raceDate=2026%2F09%2F28&k_raceNo=1
2026-09-28 14:35:00,14:34,2026-09-28,funabashi,1,5,三連複,5-6-9,69.7,69.7,19,https://www.keiba.go.jp/KeibaWeb/TodayRaceInfo/Odds3LenFuku?k_babaCode=19&k_raceDate=2026%2F09%2F28&k_raceNo=1
2026-09-28 14:35:00,14:34,2026-09-28,funabashi,1,5,三連複,5-7-10,288.1,288.1,59,https://www.keiba.go.jp/KeibaWeb/TodayRaceInfo/Odds3LenFuku?k_babaCode=19&k_raceDate=2026%2F09%2F28&k_raceNo=1
2026-09-28 14:35:00,14:34,2026-09-28,funabashi,1,5,三連複,5-7-11,22.3,22.3,7,https://www.keiba.go.jp/KeibaWeb/TodayRaceInfo/Odds3LenFuku?k_babaCode=19&k_raceDate=2026%2F09%2F28&k_raceNo=1
2026-09-28 14:35:00,14:34,2026-09-28,funabashi,1,5,三連複,5-7-12,91.1,91.1,26,https://www.keiba.go.jp/KeibaWeb/TodayRaceInfo/Odds3LenFuku?k_babaCode=19&k_raceDate=2026%2F09%2F28&k_raceNo=1
2026-09-28 14:35:00,14:34,2026-09-28,funabashi,1,5,三連複,5-7-8,18.1,18.1,5,https://www.keiba.go.jp/KeibaWeb/TodayRaceInfo/Odds3LenFuku?k_babaCode=19&k_raceDate=2026%2F09%2F28&k_raceNo=1
2026-09-28 14:35:00,14:34,2026-09-28,funabashi,1,5,三連複,5-7-9,5.9,5.9,1,https://www.keiba.go.jp/KeibaWeb/TodayRaceInfo/Odds3LenFuku?k_babaCode=19&k_raceDate=2026%2F09%2F28&k_raceNo=1
2026-09-28 14:35:00,14:34,2026-09-28,funabashi,1,5,三連複,5-8-10,176.9,176.9,44,https://www.keiba.go.jp/KeibaWeb/TodayRaceInfo/Odds3LenFuku?k_babaCode=19&k_raceDate=2026%2F09%2F28&k_raceNo=1
2026-09-28 14:35:00,14:34,2026-09-28,funabashi,1,5,三連複,5-8-11,20.5,20.5,6,https://www.keiba.go.jp/KeibaWeb/TodayRaceInfo/Odds3LenFuku?k_babaCode=19&k_raceDate=2026%2F09%2F28&k_raceNo=1
2026-09-28 14:35:00,14:34,2026-09-28,funabashi,1,5,三連複,5-8-12,113.0,113.0,30,https://www.keiba.go.jp/KeibaWeb/TodayRaceInfo/Odds3LenFuku?k_babaCode=19&k_raceDate=2026%2F09%2F28&k_raceNo=1
2026-09-28 14:35:00,14:34,2026-09-28,funabashi,1,5,三連複,5-8-9,7.2,7.2,2,https://www.keiba.go.jp/KeibaWeb/TodayRaceInfo/Odds3LenFuku?k_babaCode=19&k_raceDate=2026%2F09%2F28&k_raceNo=1
2026-09-28 14:35:00,14:34,2026-09-28,funabashi,1,5,三連複,5-9-10,75.8,75.8,24,https://www.keiba.go.jp/KeibaWeb/TodayRaceInfo/Odds3LenFuku?k_babaCode=19&k_raceDate=2026%2F09%2F28&k_raceNo=1
2026-09-28 14:35:00,14:34,2026-09-28,funabashi,1,5,三連複,5-9-11,8.4,8.4,3,https://www.keiba.go.jp/KeibaWeb/TodayRaceInfo/Odds3LenFuku?k_babaCode=19&k_raceDate=2026%2F09%2F28&k_raceNo=1
2026-09-28 14:35:00,14:34,2026-09-28,funabashi,1,5,三連複,5-9-12,37.3,37.3,12,https://www.keiba.go.jp/KeibaWeb/TodayRaceInfo/Odds3LenFuku?k_babaCode=19&k_raceDate=2026%2F09%2F28&k_raceNo=1
2026-09-28 14:35:00,14:34,2026-09-28,funabashi,1,5,三連複,6-10-11,2959.8,2959.8,174,https://www.keiba.go.jp/KeibaWeb/TodayRaceInfo/Odds3LenFuku?k_babaCode=19&k_raceDate=2026%2F09%2F28&k_raceNo=1
2026-09-28 14:35:00,14:34,2026-09-28,funabashi,1,5,三連複,6-10-12,8139.5,8139.5,212,https://www.keiba.go.jp/KeibaWeb/TodayRaceInfo/Odds3LenFuku?k_babaCode=19&k_raceDate=2026%2F09%2F28&k_raceNo=1
2026-09-28 14:35:00,14:34,2026-09-28,funabashi,1,5,三連複,6-11-12,2959.8,2959.8,174,https://www.keiba.go.jp/KeibaWeb/TodayRaceInfo/Odds3LenFuku?k_babaCode=19&k_raceDate=2026%2F09%2F28&k_raceNo=1
2026-09-28 14:35:00,14:34,2026-09-28,funabashi,1,5,三連複,6-7-10,4069.7,4069.7,194,https://www.keiba.go.jp/KeibaWeb/TodayRaceInfo/Odds3LenFuku?k_babaCode=19&k_raceDate=2026%2F09%2F28&k_raceNo=1
2026-09-28 14:35:00,14:34,2026-09-28,funabashi,1,5,三連複,6-7-11,1050.2,1050.2,118,https://www.keiba.go.jp/KeibaWeb/TodayRaceInfo/Odds3LenFuku?k_babaCode=19&k_raceDate=2026%2F09%2F28&k_raceNo=1
2026-09-28 14:35:00,14:34,2026-09-28,funabashi,1,5,三連複,6-7-12,4069.7,4069.7,194,https://www.keiba.go.jp/KeibaWeb/TodayRaceInfo/Odds3LenFuku?k_babaCode=19&k_raceDate=2026%2F09%2F28&k_raceNo=1
2026-09-28 14:35:00,14:34,2026-09-28,funabashi,1,5,三連複,6-7-8,614.3,614.3,92,https://www.keiba.go.jp/KeibaWeb/TodayRaceInfo/Odds3LenFuku?k_babaCode=19&k_raceDate=2026%2F09%2F28&k_raceNo=1
2026-09-28 14:35:00,14:34,2026-09-28,funabashi,1,5,三連複,6-7-9,298.7,298.7,61,https://www.keiba.go.jp/KeibaWeb/TodayRaceInfo/Odds3LenFuku?k_babaCode=19&k_raceDate=2026%2F09%2F28&k_raceNo=1
2026-09-28 14:35:00,14:34,2026-09-28,funabashi,1,5,三連複,6-8-10,4069.7,4069.7,194,https://www.keiba.go.jp/KeibaWeb/TodayRaceInfo/Odds3LenFuku?k_babaCode=19&k_raceDate=2026%2F09%2F28&k_raceNo=1
2026-09-28 14:35:00,14:34,2026-09-28,funabashi,1,5,三連複,6-8-11,614.3,614.3,92,https://www.keiba.go.jp/KeibaWeb/TodayRaceInfo/Odds3LenFuku?k_babaCode=19&k_raceDate=2026%2F09%2F28&k_raceNo=1
2026-09-28 14:35:00,14:34,2026-09-28,funabashi,1,5,三連複,6-8-12,6511.6,6511.6,206,https://www.keiba.go.jp/KeibaWeb/TodayRaceInfo/Odds3LenFuku?k_babaCode=19&k_raceDate=2026%2F09%2F28&k_raceNo=1
2026-09-28 14:35:00,14:34,2026-09-28,funabashi,1,5,三連複,6-8-9,288.1,288.1,59,https://www.keiba.go.jp/KeibaWeb/TodayRaceInfo/Odds3LenFuku?k_babaCode=19&k_raceDate=2026%2F09%2F28&k_raceNo=1
2026-09-28 14:35:00,14:34,2026-09-28,funabashi,1,5,三連複,6-9-10,5426.3,5426.3,203,https://www.keiba.go.jp/KeibaWeb/TodayRaceInfo/Odds3LenFuku?k_babaCode=19&k_raceDate=2026%2F09%2F28&k_raceNo=1
2026-09-28 14:35:00,14:34,2026-09-28,funabashi,1,5,三連複,6-9-11,319.1,319.1,63,https://www.keiba.go.jp/KeibaWeb/TodayRaceInfo/Odds3LenFuku?k_babaCode=19&k_raceDate=2026%2F09%2F28&k_raceNo=1
2026-09-28 14:35:00,14:34,2026-09-28,funabashi,1,5,三連複,6-9-12,3255.8,3255.8,184,https://www.keiba.go.jp/KeibaWeb/TodayRaceInfo/Odds3LenFuku?k_babaCode=19&k_raceDate=2026%2F09%2F28&k_raceNo=1
2026-09-28 14:35:00,14:34,2026-09-28,funabashi,1,5,三連複,7-10-11,986.6,986.6,111,https://www.keiba.go.jp/KeibaWeb/TodayRaceInfo/Odds3LenFuku?k_babaCode=19&k_raceDate=2026%2F09%2F28&k_raceNo=1
2026-09-28 14:35:00,14:34,2026-09-28,funabashi,1,5,三連複,7-10-12,3255.8,3255.8,184,https://www.keiba.go.jp/KeibaWeb/TodayRaceInfo/Odds3LenFuku?k_babaCode=19&k_raceDate=2026%2F09%2F28&k_raceNo=1
2026-09-28 14:35:00,14:34,2026-09-28,funabashi,1,5,三連複,7-11-12,383.0,383.0,77,https://www.keiba.go.jp/KeibaWeb/TodayRaceInfo/Odds3LenFuku?k_babaCode=19&k_raceDate=2026%2F09%2F28&k_raceNo=1
2026-09-28 14:35:00,14:34,2026-09-28,funabashi,1,5,三連複,7-8-10,794.1,794.1,101,https://www.keiba.go.jp/KeibaWeb/TodayRaceInfo/Odds3LenFuku?k_babaCode=19&k_raceDate=2026%2F09%2F28&k_raceNo=1
2026-09-28 14:35:00,14:34,2026-09-28,funabashi,1,5,三連複,7-8-11,67.1,67.1,18,https://www.keiba.go.jp/KeibaWeb/TodayRaceInfo/Odds3LenFuku?k_babaCode=19&k_raceDate=2026%2F09%2F28&k_raceNo=1
2026-09-28 14:35:00,14:34,2026-09-28,funabashi,1,5,三連複,7-8-12,350.0,350.0,70,https://www.keiba.go.jp/KeibaWeb/TodayRaceInfo/Odds3LenFuku?k_babaCode=19&k_raceDate=2026%2F09%2F28&k_raceNo=1
2026-09-28 14:35:00,14:34,2026-09-28,funabashi,1,5,三連複,7-8-9,27.1,27.1,9,https://www.keiba.go.jp/KeibaWeb/TodayRaceInfo/Odds3LenFuku?k_babaCode=19&k_raceDate=2026%2F09%2F28&k_raceNo=1
2026-09-28 14:35:00,14:34,2026-09-28,funabashi,1,5,三連複,7-9-10,285.5,285.5,57,https://www.keiba.go.jp/KeibaWeb/TodayRaceInfo/Odds3LenFuku?k_babaCode=19&k_raceDate=2026%2F09%2F28&k_raceNo=1
2026-09-28 14:35:00,14:34,2026-09-28,funabashi,1,5,三連複,7-9-11,32.2,32.2,10,https://www.keiba.go.jp/KeibaWeb/TodayRaceInfo/Odds3LenFuku?k_babaCode=19&k_raceDate=2026%2F09%2F28&k_raceNo=1
2026-09-28 14:35:00,14:34,2026-09-28,funabashi,1,5,三連複,7-9-12,103.0,103.0,27,https://www.keiba.go.jp/KeibaWeb/TodayRaceInfo/Odds3LenFuku?k_babaCode=19&k_raceDate=2026%2F09%2F28&k_raceNo=1
2026-09-28 14:35:00,14:34,2026-09-28,funabashi,1,5,三連複,8-10-11,434.1,434.1,79,https://www.keiba.go.jp/KeibaWeb/TodayRaceInfo/Odds3LenFuku?k_babaCode=19&k_raceDate=2026%2F09%2F28&k_raceNo=1
2026-09-28 14:35:00,14:34,2026-09-28,funabashi,1,5,三連複,8-10-12,1162.7,1162.7,129,https://www.keiba.go.jp/KeibaWeb/TodayRaceInfo/Odds3LenFuku?k_babaCode=19&k_raceDate=2026%2F09%2F28&k_raceNo=1
2026-09-28 14:35:00,14:34,2026-09-28,funabashi,1,5,三連複,8-11-12,242.9,242.9,53,https://www.keiba.go.jp/KeibaWeb/TodayRaceInfo/Odds3LenFuku?k_babaCode=19&k_raceDate=2026%2F09%2F28&k_raceNo=1
2026-09-28 14:35:00,14:34,2026-09-28,funabashi,1,5,三連複,8-9-10,208.7,208.7,48,https://www.keiba.go.jp/KeibaWeb/TodayRaceInfo/Odds3LenFuku?k_babaCode=19&k_raceDate=2026%2F09%2F28&k_raceNo=1
2026-09-28 14:35:00,14:34,2026-09-28,funabashi,1,5,三連複,8-9-11,26.3,26.3,8,https://www.keiba.go.jp/KeibaWeb/TodayRaceInfo/Odds3LenFuku?k_babaCode=19&k_raceDate=2026%2F09%2F28&k_raceNo=1
2026-09-28 14:35:00,14:34,2026-09-28,funabashi,1,5,三連複,8-9-12,122.8,122.8,32,https://www.keiba.go.jp/KeibaWeb/TodayRaceInfo/Odds3LenFuku?k_babaCode=19&k_raceDate=2026%2F09%2F28&k_raceNo=1
2026-09-28 14:35:00,14:34,2026-09-28,funabashi,1,5,三連複,9-10-11,342.7,342.7,68,https://www.keiba.go.jp/KeibaWeb/TodayRaceInfo/Odds3LenFuku?k_babaCode=19&k_raceDate=2026%2F09%2F28&k_raceNo=1
2026-09-28 14:35:00,14:34,2026-09-28,funabashi,1,5,三連複,9-10-12,1050.2,1050.2,118,https://www.keiba.go.jp/KeibaWeb/TodayRaceInfo/Odds3LenFuku?k_babaCode=19&k_raceDate=2026%2F09%2F28&k_raceNo=1
2026-09-28 14:35:00,14:34,2026-09-28,funabashi,1,5,三連複,9-11-12,131.8,131.8,35,https://www.keiba.go.jp/KeibaWeb/TodayRaceInfo/Odds3LenFuku?k_babaCode=19&k_raceDate=2026%2F09%2F28&k_raceNo=1
2026-09-28 14:35:00,14:34,2026-09-28,funabashi,1,5,馬連,1-10,657.9,657.9,52,https://www.keiba.go.jp/KeibaWeb/TodayRaceInfo/OddsUmLenFuku?k_babaCode=19&k_raceDate=2026%2F09%2F28&k_raceNo=1
2026-09-28 14:35:00,14:34,2026-09-28,funabashi,1,5,馬連,1-11,117.6,117.6,23,https://www.keiba.go.jp/KeibaWeb/TodayRaceInfo/OddsUmLenFuku?k_babaCode=19&k_raceDate=2026%2F09%2F28&k_raceNo=1
2026-09-28 14:35:00,14:34,2026-09-28,funabashi,1,5,馬連,1-12,149.2,149.2,28,https://www.keiba.go.jp/KeibaWeb/TodayRaceInfo/OddsUmLenFuku?k_babaCode=19&k_raceDate=2026%2F09%2F28&k_raceNo=1
2026-09-28 14:35:00,14:34,2026-09-28,funabashi,1,5,馬連,1-2,314.6,314.6,36,https://www.keiba.go.jp/KeibaWeb/TodayRaceInfo/OddsUmLenFuku?k_babaCode=19&k_raceDate=2026%2F09%2F28&k_raceNo=1
2026-09-28 14:35:00,14:34,2026-09-28,funabashi,1,5,馬連,1-3,452.3,452.3,44,https://www.keiba.go.jp/KeibaWeb/TodayRaceInfo/OddsUmLenFuku?k_babaCode=19&k_raceDate=2026%2F09%2F28&k_raceNo=1
2026-09-28 14:35:00,14:34,2026-09-28,funabashi,1,5,馬連,1-4,516.9,516.9,48,https://www.keiba.go.jp/KeibaWeb/TodayRaceInfo/OddsUmLenFuku?k_babaCode=19&k_raceDate=2026%2F09%2F28&k_raceNo=1
2026-09-28 14:35:00,14:34,2026-09-28,funabashi,1,5,馬連,1-5,28.0,28.0,9,https://www.keiba.go.jp/KeibaWeb/TodayRaceInfo/OddsUmLenFuku?k_babaCode=19&k_raceDate=2026%2F09%2F28&k_raceNo=1
2026-09-28 14:35:00,14:34,2026-09-28,funabashi,1,5,馬連,1-6,657.9,657.9,52,https://www.keiba.go.jp/KeibaWeb/TodayRaceInfo/OddsUmLenFuku?k_babaCode=19&k_raceDate=2026%2F09%2F28&k_raceNo=1
2026-09-28 14:35:00,14:34,2026-09-28,funabashi,1,5,馬連,1-7,115.7,115.7,22,https://www.keiba.go.jp/KeibaWeb/TodayRaceInfo/OddsUmLenFuku?k_babaCode=19&k_raceDate=2026%2F09%2F28&k_raceNo=1
2026-09-28 14:35:00,14:34,2026-09-28,funabashi,1,5,馬連,1-8,68.2,68.2,16,https://www.keiba.go.jp/KeibaWeb/TodayRaceInfo/OddsUmLenFuku?k_babaCode=19&k_raceDate=2026%2F09%2F28&k_raceNo=1
2026-09-28 14:35:00,14:34,2026-09-28,funabashi,1,5,馬連,1-9,42.6,42.6,11,https://www.keiba.go.jp/KeibaWeb/TodayRaceInfo/OddsUmLenFuku?k_babaCode=19&k_raceDate=2026%2F09%2F28&k_raceNo=1
2026-09-28 14:35:00,14:34,2026-09-28,funabashi,1,5,馬連,10-11,438.6,438.6,43,https://www.keiba.go.jp/KeibaWeb/TodayRaceInfo/OddsUmLenFuku?k_babaCode=19&k_raceDate=2026%2F09%2F28&k_raceNo=1
2026-09-28 14:35:00,14:34,2026-09-28,funabashi,1,5,馬連,10-12,761.8,761.8,55,https://www.keiba.go.jp/KeibaWeb/TodayRaceInfo/OddsUmLenFuku?k_babaCode=19&k_raceDate=2026%2F09%2F28&k_raceNo=1
2026-09-28 14:35:00,14:34,2026-09-28,funabashi,1,5,馬連,11-12,125.8,125.8,25,https://www.keiba.go.jp/KeibaWeb/TodayRaceInfo/OddsUmLenFuku?k_babaCode=19&k_raceDate=2026%2F09%2F28&k_raceNo=1
2026-09-28 14:35:00,14:34,2026-09-28,funabashi,1,5,馬連,2-10,2894.8,2894.8,66,https://www.keiba.go.jp/KeibaWeb/TodayRaceInfo/OddsUmLenFuku?k_babaCode=19&k_raceDate=2026%2F09%2F28&k_raceNo=1
2026-09-28 14:35:00,14:34,2026-09-28,funabashi,1,5,馬連,2-11,190.4,190.4,32,https://www.keiba.go.jp/KeibaWeb/TodayRaceInfo/OddsUmLenFuku?k_babaCode=19&k_raceDate=2026%2F09%2F28&k_raceNo=1
2026-09-28 14:35:00,14:34,2026-09-28,funabashi,1,5,馬連,2-12,301.5,301.5,35,https://www.keiba.go.jp/KeibaWeb/TodayRaceInfo/OddsUmLenFuku?k_babaCode=19&k_raceDate=2026%2F09%2F28&k_raceNo=1
2026-09-28 14:35:00,14:34,2026-09-28,funabashi,1,5,馬連,2-3,536.0,536.0,49,https://www.keiba.go.jp/KeibaWeb/TodayRaceInfo/OddsUmLenFuku?k_babaCode=19&k_raceDate=2026%2F09%2F28&k_raceNo=1
2026-09-28 14:35:00,14:34,2026-09-28,funabashi,1,5,馬連,2-4,1033.8,1033.8,57,https://www.keiba.go.jp/KeibaWeb/TodayRaceInfo/OddsUmLenFuku?k_babaCode=19&k_raceDate=2026%2F09%2F28&k_raceNo=1
2026-09-28 14:35:00,14:34,2026-09-28,funabashi,1,5,馬連,2-5,62.9,62.9,15,https://www.keiba.go.jp/KeibaWeb/TodayRaceInfo/OddsUmLenFuku?k_babaCode=19&k_raceDate=2026%2F09%2F28&k_raceNo=1
2026-09-28 14:35:00,14:34,2026-09-28,funabashi,1,5,馬連,2-6,1447.4,1447.4,59,https://www.keiba.go.jp/KeibaWeb/TodayRaceInfo/OddsUmLenFuku?k_babaCode=19&k_raceDate=2026%2F09%2F28&k_raceNo=1
2026-09-28 14:35:00,14:34,2026-09-28,funabashi,1,5,馬連,2-7,245.3,245.3,34,https://www.keiba.go.jp/KeibaWeb/TodayRaceInfo/OddsUmLenFuku?k_babaCode=19&k_raceDate=2026%2F09%2F28&k_raceNo=1
2026-09-28 14:35:00,14:34,2026-09-28,funabashi,1,5,馬連,2-8,139.1,139.1,27,https://www.keiba.go.jp/KeibaWeb/TodayRaceInfo/OddsUmLenFuku?k_babaCode=19&k_raceDate=2026%2F09%2F28&k_raceNo=1
2026-09-28 14:35:00,14:34,2026-09-28,funabashi,1,5,馬連,2-9,84.6,84.6,18,https://www.keiba.go.jp/KeibaWeb/TodayRaceInfo/OddsUmLenFuku?k_babaCode=19&k_raceDate=2026%2F09%2F28&k_raceNo=1
2026-09-28 14:35:00,14:34,2026-09-28,funabashi,1,5,馬連,3-10,2067.7,2067.7,64,https://www.keiba.go.jp/KeibaWeb/TodayRaceInfo/OddsUmLenFuku?k_babaCode=19&k_raceDate=2026%2F09%2F28&k_raceNo=1
2026-09-28 14:35:00,14:34,2026-09-28,funabashi,1,5,馬連,3-11,466.9,466.9,46,https://www.keiba.go.jp/KeibaWeb/TodayRaceInfo/OddsUmLenFuku?k_babaCode=19&k_raceDate=2026%2F09%2F28&k_raceNo=1
2026-09-28 14:35:00,14:34,2026-09-28,funabashi,1,5,馬連,3-12,657.9,657.9,52,https://www.keiba.go.jp/KeibaWeb/TodayRaceInfo/OddsUmLenFuku?k_babaCode=19&k_raceDate=2026%2F09%2F28&k_raceNo=1
2026-09-28 14:35:00,14:34,2026-09-28,funabashi,1,5,馬連,3-4,1809.2,1809.2,62,https://www.keiba.go.jp/KeibaWeb/TodayRaceInfo/OddsUmLenFuku?k_babaCode=19&k_raceDate=2026%2F09%2F28&k_raceNo=1
2026-09-28 14:35:00,14:34,2026-09-28,funabashi,1,5,馬連,3-5,90.4,90.4,19,https://www.keiba.go.jp/KeibaWeb/TodayRaceInfo/OddsUmLenFuku?k_babaCode=19&k_raceDate=2026%2F09%2F28&k_raceNo=1
2026-09-28 14:35:00,14:34,2026-09-28,funabashi,1,5,馬連,3-6,1608.2,1608.2,60,https://www.keiba.go.jp/KeibaWeb/TodayRaceInfo/OddsUmLenFuku?k_babaCode=19&k_raceDate=2026%2F09%2F28&k_raceNo=1
2026-09-28 14:35:00,14:34,2026-09-28,funabashi,1,5,馬連,3-7,380.9,380.9,40,https://www.keiba.go.jp/KeibaWeb/TodayRaceInfo/OddsUmLenFuku?k_babaCode=19&k_raceDate=2026%2F09%2F28&k_raceNo=1
2026-09-28 14:35:00,14:34,2026-09-28,funabashi,1,5,馬連,3-8,344.6,344.6,38,https://www.keiba.go.jp/KeibaWeb/TodayRaceInfo/OddsUmLenFuku?k_babaCode=19&k_raceDate=2026%2F09%2F28&k_raceNo=1
2026-09-28 14:35:00,14:34,2026-09-28,funabashi,1,5,馬連,3-9,178.6,178.6,31,https://www.keiba.go.jp/KeibaWeb/TodayRaceInfo/OddsUmLenFuku?k_babaCode=19&k_raceDate=2026%2F09%2F28&k_raceNo=1
2026-09-28 14:35:00,14:34,2026-09-28,funabashi,1,5,馬連,4-10,1809.2,1809.2,62,https://www.keiba.go.jp/KeibaWeb/TodayRaceInfo/OddsUmLenFuku?k_babaCode=19&k_raceDate=2026%2F09%2F28&k_raceNo=1
2026-09-28 14:35:00,14:34,2026-09-28,funabashi,1,5,馬連,4-11,629.3,629.3,51,https://www.keiba.go.jp/KeibaWeb/TodayRaceInfo/OddsUmLenFuku?k_babaCode=19&k_raceDate=2026%2F09%2F28&k_raceNo=1
2026-09-28 14:35:00,14:34,2026-09-28,funabashi,1,5,馬連,4-12,556.7,556.7,50,https://www.keiba.go.jp/KeibaWeb/TodayRaceInfo/OddsUmLenFuku?k_babaCode=19&k_raceDate=2026%2F09%2F28&k_raceNo=1
2026-09-28 14:35:00,14:34,2026-09-28,funabashi,1,5,馬連,4-5,160.8,160.8,29,https://www.keiba.go.jp/KeibaWeb/TodayRaceInfo/OddsUmLenFuku?k_babaCode=19&k_raceDate=2026%2F09%2F28&k_raceNo=1
2026-09-28 14:35:00,14:34,2026-09-28,funabashi,1,5,馬連,4-6,1608.2,1608.2,60,https://www.keiba.go.jp/KeibaWeb/TodayRaceInfo/OddsUmLenFuku?k_babaCode=19&k_raceDate=2026%2F09%2F28&k_raceNo=1
2026-09-28 14:35:00,14:34,2026-09-28,funabashi,1,5,馬連,4-7,425.7,425.7,41,https://www.keiba.go.jp/KeibaWeb/TodayRaceInfo/OddsUmLenFuku?k_babaCode=19&k_raceDate=2026%2F09%2F28&k_raceNo=1
2026-09-28 14:35:00,14:34,2026-09-28,funabashi,1,5,馬連,4-8,328.9,328.9,37,https://www.keiba.go.jp/KeibaWeb/TodayRaceInfo/OddsUmLenFuku?k_babaCode=19&k_raceDate=2026%2F09%2F28&k_raceNo=1
2026-09-28 14:35:00,14:34,2026-09-28,funabashi,1,5,馬連,4-9,219.3,219.3,33,https://www.keiba.go.jp/KeibaWeb/TodayRaceInfo/OddsUmLenFuku?k_babaCode=19&k_raceDate=2026%2F09%2F28&k_raceNo=1
2026-09-28 14:35:00,14:34,2026-09-28,funabashi,1,5,馬連,5-10,135.2,135.2,26,https://www.keiba.go.jp/KeibaWeb/TodayRaceInfo/OddsUmLenFuku?k_babaCode=19&k_raceDate=2026%2F09%2F28&k_raceNo=1
2026-09-28 14:35:00,14:34,2026-09-28,funabashi,1,5,馬連,5-11,13.2,13.2,6,https://www.keiba.go.jp/KeibaWeb/TodayRaceInfo/OddsUmLenFuku?k_babaCode=19&k_raceDate=2026%2F09%2F28&k_raceNo=1
2026-09-28 14:35:00,14:34,2026-09-28,funabashi,1,5,馬連,5-12,49.9,49.9,12,https://www.keiba.go.jp/KeibaWeb/TodayRaceInfo/OddsUmLenFuku?k_babaCode=19&k_raceDate=2026%2F09%2F28&k_raceNo=1
2026-09-28 14:35:00,14:34,2026-09-28,funabashi,1,5,馬連,5-6,96.4,96.4,21,https://www.keiba.go.jp/KeibaWeb/TodayRaceInfo/OddsUmLenFuku?k_babaCode=19&k_raceDate=2026%2F09%2F28&k_raceNo=1
2026-09-28 14:35:00,14:34,2026-09-28,funabashi,1,5,馬連,5-7,7.4,7.4,2,https://www.keiba.go.jp/KeibaWeb/TodayRaceInfo/OddsUmLenFuku?k_babaCode=19&k_raceDate=2026%2F09%2F28&k_raceNo=1
2026-09-28 14:35:00,14:34,2026-09-28,funabashi,1,5,馬連,5-8,9.1,9.1,3,https://www.keiba.go.jp/KeibaWeb/TodayRaceInfo/OddsUmLenFuku?k_babaCode=19&k_raceDate=2026%2F09%2F28&k_raceNo=1
2026-09-28 14:35:00,14:34,2026-09-28,funabashi,1,5,馬連,5-9,2.6,2.6,1,https://www.keiba.go.jp/KeibaWeb/TodayRaceInfo/OddsUmLenFuku?k_babaCode=19&k_raceDate=2026%2F09%2F28&k_raceNo=1
2026-09-28 14:35:00,14:34,2026-09-28,funabashi,1,5,馬連,6-10,2412.3,2412.3,65,https://www.keiba.go.jp/KeibaWeb/TodayRaceInfo/OddsUmLenFuku?k_babaCode=19&k_raceDate=2026%2F09%2F28&k_raceNo=1
2026-09-28 14:35:00,14:34,2026-09-28,funabashi,1,5,馬連,6-11,425.7,425.7,41,https://www.keiba.go.jp/KeibaWeb/TodayRaceInfo/OddsUmLenFuku?k_babaCode=19&k_raceDate=2026%2F09%2F28&k_raceNo=1
2026-09-28 14:35:00,14:34,2026-09-28,funabashi,1,5,馬連,6-12,964.9,964.9,56,https://www.keiba.go.jp/KeibaWeb/TodayRaceInfo/OddsUmLenFuku?k_babaCode=19&k_raceDate=2026%2F09%2F28&k_raceNo=1
2026-09-28 14:35:00,14:34,2026-09-28,funabashi,1,5,馬連,6-7,452.3,452.3,44,https://www.keiba.go.jp/KeibaWeb/TodayRaceInfo/OddsUmLenFuku?k_babaCode=19&k_raceDate=2026%2F09%2F28&k_raceNo=1
2026-09-28 14:35:00,14:34,2026-09-28,funabashi,1,5,馬連,6-8,482.4,482.4,47,https://www.keiba.go.jp/KeibaWeb/TodayRaceInfo/OddsUmLenFuku?k_babaCode=19&k_raceDate=2026%2F09%2F28&k_raceNo=1
2026-09-28 14:35:00,14:34,2026-09-28,funabashi,1,5,馬連,6-9,160.8,160.8,29,https://www.keiba.go.jp/KeibaWeb/TodayRaceInfo/OddsUmLenFuku?k_babaCode=19&k_raceDate=2026%2F09%2F28&k_raceNo=1
2026-09-28 14:35:00,14:34,2026-09-28,funabashi,1,5,馬連,7-10,1033.8,1033.8,57,https://www.keiba.go.jp/KeibaWeb/TodayRaceInfo/OddsUmLenFuku?k_babaCode=19&k_raceDate=2026%2F09%2F28&k_raceNo=1
2026-09-28 14:35:00,14:34,2026-09-28,funabashi,1,5,馬連,7-11,50.4,50.4,13,https://www.keiba.go.jp/KeibaWeb/TodayRaceInfo/OddsUmLenFuku?k_babaCode=19&k_raceDate=2026%2F09%2F28&k_raceNo=1
2026-09-28 14:35:00,14:34,2026-09-28,funabashi,1,5,馬連,7-12,82.2,82.2,17,https://www.keiba.go.jp/KeibaWeb/TodayRaceInfo/OddsUmLenFuku?k_babaCode=19&k_raceDate=2026%2F09%2F28&k_raceNo=1
2026-09-28 14:35:00,14:34,2026-09-28,funabashi,1,5,馬連,7-8,30.9,30.9,10,https://www.keiba.go.jp/KeibaWeb/TodayRaceInfo/OddsUmLenFuku?k_babaCode=19&k_raceDate=2026%2F09%2F28&k_raceNo=1
2026-09-28 14:35:00,14:34,2026-09-28,funabashi,1,5,馬連,7-9,12.3,12.3,4,https://www.keiba.go.jp/KeibaWeb/TodayRaceInfo/OddsUmLenFuku?k_babaCode=19&k_raceDate=2026%2F09%2F28&k_raceNo=1
2026-09-28 14:35:00,14:34,2026-09-28,funabashi,1,5,馬連,8-10,371.1,371.1,39,https://www.keiba.go.jp/KeibaWeb/TodayRaceInfo/OddsUmLenFuku?k_babaCode=19&k_raceDate=2026%2F09%2F28&k_raceNo=1
2026-09-28 14:35:00,14:34,2026-09-28,funabashi,1,5,馬連,8-11,23.3,23.3,8,https://www.keiba.go.jp/KeibaWeb/TodayRaceInfo/OddsUmLenFuku?k_babaCode=19&k_raceDate=2026%2F09%2F28&k_raceNo=1
2026-09-28 14:35:00,14:34,2026-09-28,funabashi,1,5,馬連,8-12,94.6,94.6,20,https://www.keiba.go.jp/KeibaWeb/TodayRaceInfo/OddsUmLenFuku?k_babaCode=19&k_raceDate=2026%2F09%2F28&k_raceNo=1
2026-09-28 14:35:00,14:34,2026-09-28,funabashi,1,5,馬連,8-9,13.0,13.0,5,https://www.keiba.go.jp/KeibaWeb/TodayRaceInfo/OddsUmLenFuku?k_babaCode=19&k_raceDate=2026%2F09%2F28&k_raceNo=1
2026-09-28 14:35:00,14:34,2026-09-28,funabashi,1,5,馬連,9-10,124.7,124.7,24,https://www.keiba.go.jp/KeibaWeb/TodayRaceInfo/OddsUmLenFuku?k_babaCode=19&k_raceDate=2026%2F09%2F28&k_raceNo=1
2026-09-28 14:35:00,14:34,2026-09-28,funabashi,1,5,馬連,9-11,18.6,18.6,7,https://www.keiba.go.jp/KeibaWeb/TodayRaceInfo/OddsUmLenFuku?k_babaCode=19&k_raceDate=2026%2F09%2F28&k_raceNo=1
2026-09-28 14:35:00,14:34,2026-09-28,funabashi,1,5,馬連,9-12,53.2,53.2,14,https://www.keiba.go.jp/KeibaWeb/TodayRaceInfo/OddsUmLenFuku?k_babaCode=19&k_raceDate=2026%2F09%2F28&k_raceNo=1
2026-09-28 14:38:00,14:37,2026-09-28,funabashi,1,2,ワイド,1-10,110.2,113.5,53,https://www.keiba.go.jp/KeibaWeb/TodayRaceInfo/OddsWide?k_babaCode=19&k_raceDate=2026%2F09%2F28&k_raceNo=1
2026-09-28 14:38:00,14:37,2026-09-28,funabashi,1,2,ワイド,1-11,14.1,15.3,15,https://www.keiba.go.jp/KeibaWeb/TodayRaceInfo/OddsWide?k_babaCode=19&k_raceDate=2026%2F09%2F28&k_raceNo=1
2026-09-28 14:38:00,14:37,2026-09-28,funabashi,1,2,ワイド,1-12,45.5,47.3,33,https://www.keiba.go.jp/KeibaWeb/TodayRaceInfo/OddsWide?k_babaCode=19&k_raceDate=2026%2F09%2F28&k_raceNo=1
2026-09-28 14:38:00,14:37,2026-09-28,funabashi,1,2,ワイド,1-2,50.4,52.4,37,https://www.keiba.go.jp/KeibaWeb/TodayRaceInfo/OddsWide?k_babaCode=19&k_raceDate=2026%2F09%2F28&k_raceNo=1
2026-09-28 14:38:00,14:37,2026-09-28,funabashi,1,2,ワイド,1-3,62.6,65.1,39,https://www.keiba.go.jp/KeibaWeb/TodayRaceInfo/OddsWide?k_babaCode=19&k_raceDate=2026%2F09%2F28&k_raceNo=1
2026-09-28 14:38:00,14:37,2026-09-28,funabashi,1,2,ワイド,1-4,98.8,102.1,51,https://www.keiba.go.jp/KeibaWeb/TodayRaceInfo/OddsWide?k_babaCode=19&k_raceDate=2026%2F09%2F28&k_raceNo=1
2026-09-28 14:38:00,14:37,2026-09-28,funabashi,1,2,ワイド,1-5,7.6,9.4,9,https://www.keiba.go.jp/KeibaWeb/TodayRaceInfo/OddsWide?k_babaCode=19&k_raceDate=2026%2F09%2F28&k_raceNo=1
2026-09-28 14:38:00,14:37,2026-09-28,funabashi,1,2,ワイド,1-6,112.6,116.4,54,https://www.keiba.go.jp/KeibaWeb/TodayRaceInfo/OddsWide?k_babaCode=19&k_raceDate=2026%2F09%2F28&k_raceNo=1
2026-09-28 14:38:00,14:37,2026-09-28,funabashi,1,2,ワイド,1-7,14.9,16.6,17,https://www.keiba.go.jp/KeibaWeb/TodayRaceInfo/OddsWide?k_babaCode=19&k_raceDate=2026%2F09%2F28&k_raceNo=1
2026-09-28 14:38:00,14:37,2026-09-28,funabashi,1,2,ワイド,1-8,12.5,13.9,13,https://www.keiba.go.jp/KeibaWeb/TodayRaceInfo/OddsWide?k_babaCode=19&k_raceDate=2026%2F09%2F28&k_raceNo=1
2026-09-28 14:38:00,14:37,2026-09-28,funabashi,1,2,ワイド,1-9,8.3,10.3,11,https://www.keiba.go.jp/KeibaWeb/TodayRaceInfo/OddsWide?k_babaCode=19&k_raceDate=2026%2F09%2F28&k_raceNo=1
2026-09-28 14:38:00,14:37,2026-09-28,funabashi,1,2,ワイド,10-11,82.2,87.3,45,https://www.keiba.go.jp/KeibaWeb/TodayRaceInfo/OddsWide?k_babaCode=19&k_raceDate=2026%2F09%2F28&k_raceNo=1
2026-09-28 14:38:00,14:37,2026-09-28,funabashi,1,2,ワイド,10-12,139.5,141.9,55,https://www.keiba.go.jp/KeibaWeb/TodayRaceInfo/OddsWide?k_babaCode=19&k_raceDate=2026%2F09%2F28&k_raceNo=1
2026-09-28 14:38:00,14:37,2026-09-28,funabashi,1,2,ワイド,11-12,30.7,32.9,26,https://www.keiba.go.jp/KeibaWeb/TodayRaceInfo/OddsWide?k_babaCode=19&k_raceDate=2026%2F09%2F28&k_raceNo=1
2026-09-28 14:38:00,14:37,2026-09-28,funabashi,1,2,ワイド,2-10,307.4,312.6,63,https://www.keiba.go.jp/KeibaWeb/TodayRaceInfo/OddsWide?k_babaCode=19&k_raceDate=2026%2F09%2F28&k_raceNo=1
2026-09-28 14:38:00,14:37,2026-09-28,funabashi,1,2,ワイド,2-11,27.7,29.7,24,https://www.keiba.go.jp/KeibaWeb/TodayRaceInfo/OddsWide?k_babaCode=19&k_raceDate=2026%2F09%2F28&k_raceNo=1
2026-09-28 14:38:00,14:37,2026-09-28,funabashi,1,2,ワイド,2-12,82.9,85.0,46,https://www.keiba.go.jp/KeibaWeb/TodayRaceInfo/OddsWide?k_babaCode=19&k_raceDate=2026%2F09%2F28&k_raceNo=1
2026-09-28 14:38:00,14:37,2026-09-28,funabashi,1,2,ワイド,2-3,92.4,94.8,50,https://www.keiba.go.jp/KeibaWeb/TodayRaceInfo/OddsWide?k_babaCode=19&k_raceDate=2026%2F09%2F28&k_raceNo=1
2026-09-28 14:38:00,14:37,2026-09-28,funabashi,1,2,ワイド,2-4,161.9,165.1,57,https://www.keiba.go.jp/KeibaWeb/TodayRaceInfo/OddsWide?k_babaCode=19&k_raceDate=2026%2F09%2F28&k_raceNo=1
2026-09-28 14:38:00,14:37,2026-09-28,funabashi,1,2,ワイド,2-5,14.8,18.1,16,https://www.keiba.go.jp/KeibaWeb/TodayRaceInfo/OddsWide?k_babaCode=19&k_raceDate=2026%2F09%2F28&k_raceNo=1
2026-09-28 14:38:00,14:37,2026-09-28,funabashi,1,2,ワイド,2-6,197.5,201.7,58,https://www.keiba.go.jp/KeibaWeb/TodayRaceInfo/OddsWide?k_babaCode=19&k_raceDate=2026%2F09%2F28&k_raceNo=1
2026-09-28 14:38:00,14:37,2026-09-28,funabashi,1,2,ワイド,2-7,38.2,41.9,30,https://www.keiba.go.jp/KeibaWeb/TodayRaceInfo/OddsWide?k_babaCode=19&k_raceDate=2026%2F09%2F28&k_raceNo=1
2026-09-28 14:38:00,14:37,2026-09-28,funabashi,1,2,ワイド,2-8,27.1,29.7,23,https://www.keiba.go.jp/KeibaWeb/TodayRaceInfo/OddsWide?k_babaCode=19&k_raceDate=2026%2F09%2F28&k_raceNo=1
2026-09-28 14:38:00,14:37,2026-09-28,funabashi,1,2,ワイド,2-9,17.3,21.2,20,https://www.keiba.go.jp/KeibaWeb/TodayRaceInfo/OddsWide?k_babaCode=19&k_raceDate=2026%2F09%2F28&k_raceNo=1
2026-09-28 14:38:00,14:37,2026-09-28,funabashi,1,2,ワイド,3-10,405.5,412.0,65,https://www.keiba.go.jp/KeibaWeb/TodayRaceInfo/OddsWide?k_babaCode=19&k_raceDate=2026%2F09%2F28&k_raceNo=1
2026-09-28 14:38:00,14:37,2026-09-28,funabashi,1,2,ワイド,3-11,49.4,53.0,36,https://www.keiba.go.jp/KeibaWeb/TodayRaceInfo/OddsWide?k_babaCode=19&k_raceDate=2026%2F09%2F28&k_raceNo=1
2026-09-28 14:38:00,14:37,2026-09-28,funabashi,1,2,ワイド,3-12,91.6,93.7,49,https://www.keiba.go.jp/KeibaWeb/TodayRaceInfo/OddsWide?k_babaCode=19&k_raceDate=2026%2F09%2F28&k_raceNo=1
2026-09-28 14:38:00,14:37,2026-09-28,funabashi,1,2,ワイド,3-4,146.2,149.0,56,https://www.keiba.go.jp/KeibaWeb/TodayRaceInfo/OddsWide?k_babaCode=19&k_raceDate=2026%2F09%2F28&k_raceNo=1
2026-09-28 14:38:00,14:37,2026-09-28,funabashi,1,2,ワイド,3-5,16.1,19.6,18,https://www.keiba.go.jp/KeibaWeb/TodayRaceInfo/OddsWide?k_babaCode=19&k_raceDate=2026%2F09%2F28&k_raceNo=1
2026-09-28 14:38:00,14:37,2026-09-28,funabashi,1,2,ワイド,3-6,240.4,245.3,61,https://www.keiba.go.jp/KeibaWeb/TodayRaceInfo/OddsWide?k_babaCode=19&k_raceDate=2026%2F09%2F28&k_raceNo=1
2026-09-28 14:38:00,14:37,2026-09-28,funabashi,1,2,ワイド,3-7,31.2,34.2,28,https://www.keiba.go.jp/KeibaWeb/TodayRaceInfo/OddsWide?k_babaCode=19&k_raceDate=2026%2F09%2F28&k_raceNo=1
2026-09-28 14:38:00,14:37,2026-09-28,funabashi,1,2,ワイド,3-8,44.3,48.5,32,https://www.keiba.go.jp/KeibaWeb/TodayRaceInfo/OddsWide?k_babaCode=19&k_raceDate=2026%2F09%2F28&k_raceNo=1
2026-09-28 14:38:00,14:37,2026-09-28,funabashi,1,2,ワイド,3-9,29.9,36.7,25,https://www.keiba.go.jp/KeibaWeb/TodayRaceInfo/OddsWide?k_babaCode=19&k_raceDate=2026%2F09%2F28&k_raceNo=1
2026-09-28 14:38:00,14:37,2026-09-28,funabashi,1,2,ワイド,4-10,408.1,412.0,66,https://www.keiba.go.jp/KeibaWeb/TodayRaceInfo/OddsWide?k_babaCode=19&k_raceDate=2026%2F09%2F28&k_raceNo=1
2026-09-28 14:38:00,14:37,2026-09-28,funabashi,1,2,ワイド,4-11,62.8,66.9,40,https://www.keiba.go.jp/KeibaWeb/TodayRaceInfo/OddsWide?k_babaCode=19&k_raceDate=2026%2F09%2F28&k_raceNo=1
2026-09-28 14:38:00,14:37,2026-09-28,funabashi,1,2,ワイド,4-12,212.2,215.9,60,https://www.keiba.go.jp/KeibaWeb/TodayRaceInfo/OddsWide?k_babaCode=19&k_raceDate=2026%2F09%2F28&k_raceNo=1
2026-09-28 14:38:00,14:37,2026-09-28,funabashi,1,2,ワイド,4-5,30.9,37.4,27,https://www.keiba.go.jp/KeibaWeb/TodayRaceInfo/OddsWide?k_babaCode=19&k_raceDate=2026%2F09%2F28&k_raceNo=1
2026-09-28 14:38:00,14:37,2026-09-28,funabashi,1,2,ワイド,4-6,263.3,266.9,62,https://www.keiba.go.jp/KeibaWeb/TodayRaceInfo/OddsWide?k_babaCode=19&k_raceDate=2026%2F09%2F28&k_raceNo=1
2026-09-28 14:38:00,14:37,2026-09-28,funabashi,1,2,ワイド,4-7,74.5,81.2,43,https://www.keiba.go.jp/KeibaWeb/TodayRaceInfo/OddsWide?k_babaCode=19&k_raceDate=2026%2F09%2F28&k_raceNo=1
2026-09-28 14:38:00,14:37,2026-09-28,funabashi,1,2,ワイド,4-8,68.5,74.6,41,https://www.keiba.go.jp/KeibaWeb/TodayRaceInfo/OddsWide?k_babaCode=19&k_raceDate=2026%2F09%2F28&k_raceNo=1
2026-09-28 14:38:00,14:37,2026-09-28,funabashi,1,2,ワイド,4-9,45.6,55.5,34,https://www.keiba.go.jp/KeibaWeb/TodayRaceInfo/OddsWide?k_babaCode=19&k_raceDate=2026%2F09%2F28&k_raceNo=1
2026-09-28 14:38:00,14:37,2026-09-28,funabashi,1,2,ワイド,5-10,45.7,55.3,35,https://www.keiba.go.jp/KeibaWeb/TodayRaceInfo/OddsWide?k_babaCode=19&k_raceDate=2026%2F09%2F28&k_raceNo=1
2026-09-28 14:38:00,14:37,2026-09-28,funabashi,1,2,ワイド,5-11,3.7,4.7,5,https://www.keiba.go.jp/KeibaWeb/TodayRaceInfo/OddsWide?k_babaCode=19&k_raceDate=2026%2F09%2F28&k_raceNo=1
2026-09-28 14:38:00,14:37,2026-09-28,funabashi,1,2,ワイド,5-12,16.4,20.1,19,https://www.keiba.go.jp/KeibaWeb/TodayRaceInfo/OddsWide?k_babaCode=19&k_raceDate=2026%2F09%2F28&k_raceNo=1
2026-09-28 14:38:00,14:37,2026-09-28,funabashi,1,2,ワイド,5-6,25.8,31.2,22,https://www.keiba.go.jp/KeibaWeb/TodayRaceInfo/OddsWide?k_babaCode=19&k_raceDate=2026%2F09%2F28&k_raceNo=1
2026-09-28 14:38:00,14:37,2026-09-28,funabashi,1,2,ワイド,5-7,2.9,3.6,2,https://www.keiba.go.jp/KeibaWeb/TodayRaceInfo/OddsWide?k_babaCode=19&k_raceDate=2026%2F09%2F28&k_raceNo=1
2026-09-28 14:38:00,14:37,2026-09-28,funabashi,1,2,ワイド,5-8,2.9,3.6,3,https://www.keiba.go.jp/KeibaWeb/TodayRaceInfo/OddsWide?k_babaCode=19&k_raceDate=2026%2F09%2F28&k_raceNo=1
2026-09-28 14:38:00,14:37,2026-09-28,funabashi,1,2,ワイド,5-9,1.7,1.8,1,https://www.keiba.go.jp/KeibaWeb/TodayRaceInfo/OddsWide?k_babaCode=19&k_raceDate=2026%2F09%2F28&k_raceNo=1
2026-09-28 14:38:00,14:37,2026-09-28,funabashi,1,2,ワイド,6-10,358.7,362.7,64,https://www.keiba.go.jp/KeibaWeb/TodayRaceInfo/OddsWide?k_babaCode=19&k_raceDate=2026%2F09%2F28&k_raceNo=1
2026-09-28 14:38:00,14:37,2026-09-28,funabashi,1,2,ワイド,6-11,78.9,84.1,44,https://www.keiba.go.jp/KeibaWeb/TodayRaceInfo/OddsWide?k_babaCode=19&k_raceDate=2026%2F09%2F28&k_raceNo=1
2026-09-28 14:38:00,14:37,2026-09-28,funabashi,1,2,ワイド,6-12,202.3,206.1,59,https://www.keiba.go.jp/KeibaWeb/TodayRaceInfo/OddsWide?k_babaCode=19&k_raceDate=2026%2F09%2F28&k_raceNo=1
2026-09-28 14:38:00,14:37,2026-09-28,funabashi,1,2,ワイド,6-7,85.9,93.7,47,https://www.keiba.go.jp/KeibaWeb/TodayRaceInfo/OddsWide?k_babaCode=19&k_raceDate=2026%2F09%2F28&k_raceNo=1
2026-09-28 14:38:00,14:37,2026-09-28,funabashi,1,2,ワイド,6-8,71.3,77.7,42,https://www.keiba.go.jp/KeibaWeb/TodayRaceInfo/OddsWide?k_babaCode=19&k_raceDate=2026%2F09%2F28&k_raceNo=1
2026-09-28 14:38:00,14:37,2026-09-28,funabashi,1,2,ワイド,6-9,38.7,47.2,31,https://www.keiba.go.jp/KeibaWeb/TodayRaceInfo/OddsWide?k_babaCode=19&k_raceDate=2026%2F09%2F28&k_raceNo=1
2026-09-28 14:38:00,14:37,2026-09-28,funabashi,1,2,ワイド,7-10,104.4,113.4,52,https://www.keiba.go.jp/KeibaWeb/TodayRaceInfo/OddsWide?k_babaCode=19&k_raceDate=2026%2F09%2F28&k_raceNo=1
2026-09-28 14:38:00,14:37,2026-09-28,funabashi,1,2,ワイド,7-11,10.4,11.9,12,https://www.keiba.go.jp/KeibaWeb/TodayRaceInfo/OddsWide?k_babaCode=19&k_raceDate=2026%2F09%2F28&k_raceNo=1
2026-09-28 14:38:00,14:37,2026-09-28,funabashi,1,2,ワイド,7-12,37.9,41.5,29,https://www.keiba.go.jp/KeibaWeb/TodayRaceInfo/OddsWide?k_babaCode=19&k_raceDate=2026%2F09%2F28&k_raceNo=1
2026-09-28 14:38:00,14:37,2026-09-28,funabashi,1,2,ワイド,7-8,7.8,9.1,10,https://www.keiba.go.jp/KeibaWeb/TodayRaceInfo/OddsWide?k_babaCode=19&k_raceDate=2026%2F09%2F28&k_raceNo=1
2026-09-28 14:38:00,14:37,2026-09-28,funabashi,1,2,ワイド,7-9,3.3,4.3,4,https://www.keiba.go.jp/KeibaWeb/TodayRaceInfo/OddsWide?k_babaCode=19&k_raceDate=2026%2F09%2F28&k_raceNo=1
2026-09-28 14:38:00,14:37,2026-09-28,funabashi,1,2,ワイド,8-10,89.9,97.6,48,https://www.keiba.go.jp/KeibaWeb/TodayRaceInfo/OddsWide?k_babaCode=19&k_raceDate=2026%2F09%2F28&k_raceNo=1
2026-09-28 14:38:00,14:37,2026-09-28,funabashi,1,2,ワイド,8-11,6.2,7.1,8,https://www.keiba.go.jp/KeibaWeb/TodayRaceInfo/OddsWide?k_babaCode=19&k_raceDate=2026%2F09%2F28&k_raceNo=1
2026-09-28 14:38:00,14:37,2026-09-28,funabashi,1,2,ワイド,8-12,24.8,27.1,21,https://www.keiba.go.jp/KeibaWeb/TodayRaceInfo/OddsWide?k_babaCode=19&k_raceDate=2026%2F09%2F28&k_raceNo=1
2026-09-28 14:38:00,14:37,2026-09-28,funabashi,1,2,ワイド,8-9,3.9,5.0,7,https://www.keiba.go.jp/KeibaWeb/TodayRaceInfo/OddsWide?k_babaCode=19&k_raceDate=2026%2F09%2F28&k_raceNo=1
2026-09-28 14:38:00,14:37,2026-09-28,funabashi,1,2,ワイド,9-10,50.9,61.8,38,https://www.keiba.go.jp/KeibaWeb/TodayRaceInfo/OddsWide?k_babaCode=19&k_raceDate=2026%2F09%2F28&k_raceNo=1
2026-09-28 14:38:00,14:37,2026-09-28,funabashi,1,2,ワイド,9-11,3.8,4.8,6,https://www.keiba.go.jp/KeibaWeb/TodayRaceInfo/OddsWide?k_babaCode=19&k_raceDate=2026%2F09%2F28&k_raceNo=1
2026-09-28 14:38:00,14:37,2026-09-28,funabashi,1,2,ワイド,9-12,13.9,17.0,14,https://www.keiba.go.jp/KeibaWeb/TodayRaceInfo/OddsWide?k_babaCode=19&k_raceDate=2026%2F09%2F28&k_raceNo=1
2026-09-28 14:38:00,14:37,2026-09-28,funabashi,1,2,三連複,1-10-11,1142.0,1142.0,118,https://www.keiba.go.jp/KeibaWeb/TodayRaceInfo/Odds3LenFuku?k_babaCode=19&k_raceDate=2026%2F09%2F28&k_raceNo=1
2026-09-28 14:38:00,14:37,2026-09-28,funabashi,1,2,三連複,1-10-12,1827.2,1827.2,151,https://www.keiba.go.jp/KeibaWeb/TodayRaceInfo/Odds3LenFuku?k_babaCode=19&k_raceDate=2026%2F09%2F28&k_raceNo=1
2026-09-28 14:38:00,14:37,2026-09-28,funabashi,1,2,三連複,1-11-12,531.1,531.1,84,https://www.keiba.go.jp/KeibaWeb/TodayRaceInfo/Odds3LenFuku?k_babaCode=19&k_raceDate=2026%2F09%2F28&k_raceNo=1
2026-09-28 14:38:00,14:37,2026-09-28,funabashi,1,2,三連複,1-2-10,2687.1,2687.1,165,https://www.keiba.go.jp/KeibaWeb/TodayRaceInfo/Odds3LenFuku?k_babaCode=19&k_raceDate=2026%2F09%2F28&k_raceNo=1
2026-09-28 14:38:00,14:37,2026-09-28,funabashi,1,2,三連複,1-2-11,537.4,537.4,86,https://www.keiba.go.jp/KeibaWeb/TodayRaceInfo/Odds3LenFuku?k_babaCode=19&k_raceDate=2026%2F09%2F28&k_raceNo=1
2026-09-28 14:38:00,14:37,2026-09-28,funabashi,1,2,三連複,1-2-12,1384.2,1384.2,136,https://www.keiba.go.jp/KeibaWeb/TodayRaceInfo/Odds3LenFuku?k_babaCode=19&k_raceDate=2026%2F09%2F28&k_raceNo=1
2026-09-28 14:38:00,14:37,2026-09-28,funabashi,1,2,三連複,1-2-3,1202.1,1202.1,124,https://www.keiba.go.jp/KeibaWeb/TodayRaceInfo/Odds3LenFuku?k_babaCode=19&k_raceDate=2026%2F09%2F28&k_raceNo=1
2026-09-28 14:38:00,14:37,2026-09-28,funabashi,1,2,三連複,1-2-4,1384.2,1384.2,136,https://www.keiba.go.jp/KeibaWeb/TodayRaceInfo/Odds3LenFuku?k_babaCode=19&k_raceDate=2026%2F09%2F28&k_raceNo=1
2026-09-28 14:38:00,14:37,2026-09-28,funabashi,1,2,三連複,1-2-5,162.5,162.5,41,https://www.keiba.go.jp/KeibaWeb/TodayRaceInfo/Odds3LenFuku?k_babaCode=19&k_raceDate=2026%2F09%2F28&k_raceNo=1
2026-09-28 14:38:00,14:37,2026-09-28,funabashi,1,2,三連複,1-2-6,1691.9,1691.9,148,https://www.keiba.go.jp/KeibaWeb/TodayRaceInfo/Odds3LenFuku?k_babaCode=19&k_raceDate=2026%2F09%2F28&k_raceNo=1
2026-09-28 14:38:00,14:37,2026-09-28,funabashi,1,2,三連複,1-2-7,563.9,563.9,88,https://www.keiba.go.jp/KeibaWeb/TodayRaceInfo/Odds3LenFuku?k_babaCode=19&k_raceDate=2026%2F09%2F28&k_raceNo=1
2026-09-28 14:38:00,14:37,2026-09-28,funabashi,1,2,三連複,1-2-8,377.5,377.5,72,https://www.keiba.go.jp/KeibaWeb/TodayRaceInfo/Odds3LenFuku?k_babaCode=19&k_raceDate=2026%2F09%2F28&k_raceNo=1
2026-09-28 14:38:00,14:37,2026-09-28,funabashi,1,2,三連複,1-2-9,312.8,312.8,59,https://www.keiba.go.jp/KeibaWeb/TodayRaceInfo/Odds3LenFuku?k_babaCode=19&k_raceDate=2026%2F09%2F28&k_raceNo=1
2026-09-28 14:38:00,14:37,2026-09-28,funabashi,1,2,三連複,1-3-10,5710.1,5710.1,204,https://www.keiba.go.jp/KeibaWeb/TodayRaceInfo/Odds3LenFuku?k_babaCode=19&k_raceDate=2026%2F09%2F28&k_raceNo=1
2026-09-28 14:38:00,14:37,2026-09-28,funabashi,1,2,三連複,1-3-11,1171.3,1171.3,121,https://www.keiba.go.jp/KeibaWeb/TodayRaceInfo/Odds3LenFuku?k_babaCode=19&k_raceDate=2026%2F09%2F28&k_raceNo=1
2026-09-28 14:38:00,14:37,2026-09-28,funabashi,1,2,三連複,1-3-12,2404.2,2404.2,158,https://www.keiba.go.jp/KeibaWeb/TodayRaceInfo/Odds3LenFuku?k_babaCode=19&k_raceDate=2026%2F09%2F28&k_raceNo=1
2026-09-28 14:38:00,14:37,2026-09-28,funabashi,1,2,三連複,1-3-4,2404.2,2404.2,158,https://www.keiba.go.jp/KeibaWeb/TodayRaceInfo/Odds3LenFuku?k_babaCode=19&k_raceDate=2026%2F09%2F28&k_raceNo=1
2026-09-28 14:38:00,14:37,2026-09-28,funabashi,1,2,三連複,1-3-5,326.2,326.2,64,https://www.keiba.go.jp/KeibaWeb/TodayRaceInfo/Odds3LenFuku?k_babaCode=19&k_raceDate=2026%2F09%2F28&k_raceNo=1
2026-09-28 14:38:00,14:37,2026-09-28,funabashi,1,2,三連複,1-3-6,4568.1,4568.1,195,https://www.keiba.go.jp/KeibaWeb/TodayRaceInfo/Odds3LenFuku?k_babaCode=19&k_raceDate=2026%2F09%2F28&k_raceNo=1
2026-09-28 14:38:00,14:37,2026-09-28,funabashi,1,2,三連複,1-3-7,1171.3,1171.3,121,https://www.keiba.go.jp/KeibaWeb/TodayRaceInfo/Odds3LenFuku?k_babaCode=19&k_raceDate=2026%2F09%2F28&k_raceNo=1
2026-09-28 14:38:00,14:37,2026-09-28,funabashi,1,2,三連複,1-3-8,702.7,702.7,95,https://www.keiba.go.jp/KeibaWeb/TodayRaceInfo/Odds3LenFuku?k_babaCode=19&k_raceDate=2026%2F09%2F28&k_raceNo=1
2026-09-28 14:38:00,14:37,2026-09-28,funabashi,1,2,三連複,1-3-9,537.4,537.4,86,https://www.keiba.go.jp/KeibaWeb/TodayRaceInfo/Odds3LenFuku?k_babaCode=19&k_raceDate=2026%2F09%2F28&k_raceNo=1
2026-09-28 14:38:00,14:37,2026-09-28,funabashi,1,2,三連複,1-4-10,4568.1,4568.1,195,https://www.keiba.go.jp/KeibaWeb/TodayRaceInfo/Odds3LenFuku?k_babaCode=19&k_raceDate=2026%2F09%2F28&k_raceNo=1
2026-09-28 14:38:00,14:37,2026-09-28,funabashi,1,2,三連複,1-4-11,1087.6,1087.6,115,https://www.keiba.go.jp/KeibaWeb/TodayRaceInfo/Odds3LenFuku?k_babaCode=19&k_raceDate=2026%2F09%2F28&k_raceNo=1
2026-09-28 14:38:00,14:37,2026-09-28,funabashi,1,2,三連複,1-4-12,2855.0,2855.0,167,https://www.keiba.go.jp/KeibaWeb/TodayRaceInfo/Odds3LenFuku?k_babaCode=19&k_raceDate=2026%2F09%2F28&k_raceNo=1
2026-09-28 14:38:00,14:37,2026-09-28,funabashi,1,2,三連複,1-4-5,354.1,354.1,68,https://www.keiba.go.jp/KeibaWeb/TodayRaceInfo/Odds3LenFuku?k_babaCode=19&k_raceDate=2026%2F09%2F28&k_raceNo=1
2026-09-28 14:38:00,14:37,2026-09-28,funabashi,1,2,三連複,1-4-6,3262.9,3262.9,178,https://www.keiba.go.jp/KeibaWeb/TodayRaceInfo/Odds3LenFuku?k_babaCode=19&k_raceDate=2026%2F09%2F28&k_raceNo=1
2026-09-28 14:38:00,14:37,2026-09-28,funabashi,1,2,三連複,1-4-7,1473.5,1473.5,141,https://www.keiba.go.jp/KeibaWeb/TodayRaceInfo/Odds3LenFuku?k_babaCode=19&k_raceDate=2026%2F09%2F28&k_raceNo=1
2026-09-28 14:38:00,14:37,2026-09-28,funabashi,1,2,三連複,1-4-8,993.0,993.0,110,https://www.keiba.go.jp/KeibaWeb/TodayRaceInfo/Odds3LenFuku?k_babaCode=19&k_raceDate=2026%2F09%2F28&k_raceNo=1
2026-09-28 14:38:00,14:37,2026-09-28,funabashi,1,2,三連複,1-4-9,634.4,634.4,91,https://www.keiba.go.jp/KeibaWeb/TodayRaceInfo/Odds3LenFuku?k_babaCode=19&k_raceDate=2026%2F09%2F28&k_raceNo=1
2026-09-28 14:38:00,14:37,2026-09-28,funabashi,1,2,三連複,1-5-10,585.6,585.6,89,https://www.keiba.go.jp/KeibaWeb/TodayRaceInfo/Odds3LenFuku?k_babaCode=19&k_raceDate=2026%2F09%2F28&k_raceNo=1
2026-09-28 14:38:00,14:37,2026-09-28,funabashi,1,2,三連複,1-5-11,53.9,53.9,15,https://www.keiba.go.jp/KeibaWeb/TodayRaceInfo/Odds3LenFuku?k_babaCode=19&k_raceDate=2026%2F09%2F28&k_raceNo=1
2026-09-28 14:38:00,14:37,2026-09-28,funabashi,1,2,三連複,1-5-12,210.5,210.5,48,https://www.keiba.go.jp/KeibaWeb/TodayRaceInfo/Odds3LenFuku?k_babaCode=19&k_raceDate=2026%2F09%2F28&k_raceNo=1
2026-09-28 14:38:00,14:37,2026-09-28,funabashi,1,2,三連複,1-5-6,387.1,387.1,74,https://www.keiba.go.jp/KeibaWeb/TodayRaceInfo/Odds3LenFuku?k_babaCode=19&k_raceDate=2026%2F09%2F28&k_raceNo=1
2026-09-28 14:38:00,14:37,2026-09-28,funabashi,1,2,三連複,1-5-7,39.0,39.0,13,https://www.keiba.go.jp/KeibaWeb/TodayRaceInfo/Odds3LenFuku?k_babaCode=19&k_raceDate=2026%2F09%2F28&k_raceNo=1
2026-09-28 14:38:00,14:37,2026-09-28,funabashi,1,2,三連複,1-5-8,39.2,39.2,14,https://www.keiba.go.jp/KeibaWeb/TodayRaceInfo/Odds3LenFuku?k_babaCode=19&k_raceDate=2026%2F09%2F28&k_raceNo=1
2026-09-28 14:38:00,14:37,2026-09-28,funabashi,1,2,三連複,1-5-9,17.7,17.7,5,https://www.keiba.go.jp/KeibaWeb/TodayRaceInfo/Odds3LenFuku?k_babaCode=19&k_raceDate=2026%2F09%2F28&k_raceNo=1
2026-09-28 14:38:00,14:37,2026-09-28,funabashi,1,2,三連複,1-6-10,15227.1,15227.1,217,https://www.keiba.go.jp/KeibaWeb/TodayRaceInfo/Odds3LenFuku?k_babaCode=19&k_raceDate=2026%2F09%2F28&k_raceNo=1
2026-09-28 14:38:00,14:37,2026-09-28,funabashi,1,2,三連複,1-6-11,1171.3,1171.3,121,https://www.keiba.go.jp/KeibaWeb/TodayRaceInfo/Odds3LenFuku?k_babaCode=19&k_raceDate=2026%2F09%2F28&k_raceNo=1
2026-09-28 14:38:00,14:37,2026-09-28,funabashi,1,2,三連複,1-6-12,3806.7,3806.7,185,https://www.keiba.go.jp/KeibaWeb/TodayRaceInfo/Odds3LenFuku?k_babaCode=19&k_raceDate=2026%2F09%2F28&k_raceNo=1
2026-09-28 14:38:00,14:37,2026-09-28,funabashi,1,2,三連複,1-6-7,1015.1,1015.1,111,https://www.keiba.go.jp/KeibaWeb/TodayRaceInfo/Odds3LenFuku?k_babaCode=19&k_raceDate=2026%2F09%2F28&k_raceNo=1
2026-09-28 14:38:00,14:37,2026-09-28,funabashi,1,2,三連複,1-6-8,702.7,702.7,95,https://www.keiba.go.jp/KeibaWeb/TodayRaceInfo/Odds3LenFuku?k_babaCode=19&k_raceDate=2026%2F09%2F28&k_raceNo=1
2026-09-28 14:38:00,14:37,2026-09-28,funabashi,1,2,三連複,1-6-9,748.8,748.8,99,https://www.keiba.go.jp/KeibaWeb/TodayRaceInfo/Odds3LenFuku?k_babaCode=19&k_raceDate=2026%2F09%2F28&k_raceNo=1
2026-09-28 14:38:00,14:37,2026-09-28,funabashi,1,2,三連複,1-7-10,1202.1,1202.1,124,https://www.keiba.go.jp/KeibaWeb/TodayRaceInfo/Odds3LenFuku?k_babaCode=19&k_raceDate=2026%2F09%2F28&k_raceNo=1
2026-09-28 14:38:00,14:37,2026-09-28,funabashi,1,2,三連複,1-7-11,199.4,199.4,45,https://www.keiba.go.jp/KeibaWeb/TodayRaceInfo/Odds3LenFuku?k_babaCode=19&k_raceDate=2026%2F09%2F28&k_raceNo=1
2026-09-28 14:38:00,14:37,2026-09-28,funabashi,1,2,三連複,1-7-12,513.2,513.2,82,https://www.keiba.go.jp/KeibaWeb/TodayRaceInfo/Odds3LenFuku?k_babaCode=19&k_raceDate=2026%2F09%2F28&k_raceNo=1
2026-09-28 14:38:00,14:37,2026-09-28,funabashi,1,2,三連複,1-7-8,114.2,114.2,30,https://www.keiba.go.jp/KeibaWeb/TodayRaceInfo/Odds3LenFuku?k_babaCode=19&k_raceDate=2026%2F09%2F28&k_raceNo=1
2026-09-28 14:38:00,14:37,2026-09-28,funabashi,1,2,三連複,1-7-9,65.6,65.6,17,https://www.keiba.go.jp/KeibaWeb/TodayRaceInfo/Odds3LenFuku?k_babaCode=19&k_raceDate=2026%2F09%2F28&k_raceNo=1
2026-09-28 14:38:00,14:37,2026-09-28,funabashi,1,2,三連複,1-8-10,878.4,878.4,105,https://www.keiba.go.jp/KeibaWeb/TodayRaceInfo/Odds3LenFuku?k_babaCode=19&k_raceDate=2026%2F09%2F28&k_raceNo=1
2026-09-28 14:38:00,14:37,2026-09-28,funabashi,1,2,三連複,1-8-11,115.0,115.0,31,https://www.keiba.go.jp/KeibaWeb/TodayRaceInfo/Odds3LenFuku?k_babaCode=19&k_raceDate=2026%2F09%2F28&k_raceNo=1
2026-09-28 14:38:00,14:37,2026-09-28,funabashi,1,2,三連複,1-8-12,319.4,319.4,60,https://www.keiba.go.jp/KeibaWeb/TodayRaceInfo/Odds3LenFuku?k_babaCode=19&k_raceDate=2026%2F09%2F28&k_raceNo=1
2026-09-28 14:38:00,14:37,2026-09-28,funabashi,1,2,三連複,1-8-9,54.3,54.3,16,https://www.keiba.go.jp/KeibaWeb/TodayRaceInfo/Odds3LenFuku?k_babaCode=19&k_raceDate=2026%2F09%2F28&k_raceNo=1
2026-09-28 14:38:00,14:37,2026-09-28,funabashi,1,2,三連複,1-9-10,439.2,439.2,78,https://www.keiba.go.jp/KeibaWeb/TodayRaceInfo/Odds3LenFuku?k_babaCode=19&k_raceDate=2026%2F09%2F28&k_raceNo=1
2026-09-28 14:38:00,14:37,2026-09-28,funabashi,1,2,三連複,1-9-11,80.8,80.8,23,https://www.keiba.go.jp/KeibaWeb/TodayRaceInfo/Odds3LenFuku?k_babaCode=19&k_raceDate=2026%2F09%2F28&k_raceNo=1
2026-09-28 14:38:00,14:37,2026-09-28,funabashi,1,2,三連複,1-9-12,298.5,298.5,57,https://www.keiba.go.jp/KeibaWeb/TodayRaceInfo/Odds3LenFuku?k_babaCode=19&k_raceDate=2026%2F09%2F28&k_raceNo=1
2026-09-28 14:38:00,14:37,2026-09-28,funabashi,1,2,三連複,10-11-12,1631.4,1631.4,145,https://www.keiba.go.jp/KeibaWeb/TodayRaceInfo/Odds3LenFuku?k_babaCode=19&k_raceDate=2026%2F09%2F28&k_raceNo=1
2026-09-28 14:38:00,14:37,2026-09-28,funabashi,1,2,三連複,2-10-11,1827.2,1827.2,151,https://www.keiba.go.jp/KeibaWeb/TodayRaceInfo/Odds3LenFuku?k_babaCode=19&k_raceDate=2026%2F09%2F28&k_raceNo=1
2026-09-28 14:38:00,14:37,2026-09-28,funabashi,1,2,三連複,2-10-12,7613.5,7613.5,208,https://www.keiba.go.jp/KeibaWeb/TodayRaceInfo/Odds3LenFuku?k_babaCode=19&k_raceDate=2026%2F09%2F28&k_raceNo=1
2026-09-28 14:38:00,14:37,2026-09-28,funabashi,1,2,三連複,2-11-12,1305.1,1305.1,129,https://www.keiba.go.jp/KeibaWeb/TodayRaceInfo/Odds3LenFuku?k_babaCode=19&k_raceDate=2026%2F09%2F28&k_raceNo=1
2026-09-28 14:38:00,14:37,2026-09-28,funabashi,1,2,三連複,2-3-10,22840.7,22840.7,220,https://www.keiba.go.jp/KeibaWeb/TodayRaceInfo/Odds3LenFuku?k_babaCode=19&k_raceDate=2026%2F09%2F28&k_raceNo=1
2026-09-28 14:38:00,14:37,2026-09-28,funabashi,1,2,三連複,2-3-11,1384.2,1384.2,136,https://www.keiba.go.jp/KeibaWeb/TodayRaceInfo/Odds3LenFuku?k_babaCode=19&k_raceDate=2026%2F09%2F28&k_raceNo=1
2026-09-28 14:38:00,14:37,2026-09-28,funabashi,1,2,三連複,2-3-12,2855.0,2855.0,167,https://www.keiba.go.jp/KeibaWeb/TodayRaceInfo/Odds3LenFuku?k_babaCode=19&k_raceDate=2026%2F09%2F28&k_raceNo=1
2026-09-28 14:38:00,14:37,2026-09-28,funabashi,1,2,三連複,2-3-4,4152.8,4152.8,192,https://www.keiba.go.jp/KeibaWeb/TodayRaceInfo/Odds3LenFuku?k_babaCode=19&k_raceDate=2026%2F09%2F28&k_raceNo=1
2026-09-28 14:38:00,14:37,2026-09-28,funabashi,1,2,三連複,2-3-5,507.5,507.5,81,https://www.keiba.go.jp/KeibaWeb/TodayRaceInfo/Odds3LenFuku?k_babaCode=19&k_raceDate=2026%2F09%2F28&k_raceNo=1
2026-09-28 14:38:00,14:37,2026-09-28,funabashi,1,2,三連複,2-3-6,4152.8,4152.8,192,https://www.keiba.go.jp/KeibaWeb/TodayRaceInfo/Odds3LenFuku?k_babaCode=19&k_raceDate=2026%2F09%2F28&k_raceNo=1
2026-09-28 14:38:00,14:37,2026-09-28,funabashi,1,2,三連複,2-3-7,2175.3,2175.3,156,https://www.keiba.go.jp/KeibaWeb/TodayRaceInfo/Odds3LenFuku?k_babaCode=19&k_raceDate=2026%2F09%2F28&k_raceNo=1
2026-09-28 14:38:00,14:37,2026-09-28,funabashi,1,2,三連複,2-3-8,932.2,932.2,109,https://www.keiba.go.jp/KeibaWeb/TodayRaceInfo/Odds3LenFuku?k_babaCode=19&k_raceDate=2026%2F09%2F28&k_raceNo=1
2026-09-28 14:38:00,14:37,2026-09-28,funabashi,1,2,三連複,2-3-9,1142.0,1142.0,118,https://www.keiba.go.jp/KeibaWeb/TodayRaceInfo/Odds3LenFuku?k_babaCode=19&k_raceDate=2026%2F09%2F28&k_raceNo=1
2026-09-28 14:38:00,14:37,2026-09-28,funabashi,1,2,三連複,2-4-10,5075.7,5075.7,202,https://www.keiba.go.jp/KeibaWeb/TodayRaceInfo/Odds3LenFuku?k_babaCode=19&k_raceDate=2026%2F09%2F28&k_raceNo=1
2026-09-28 14:38:00,14:37,2026-09-28,funabashi,1,2,三連複,2-4-11,1473.5,1473.5,141,https://www.keiba.go.jp/KeibaWeb/TodayRaceInfo/Odds3LenFuku?k_babaCode=19&k_raceDate=2026%2F09%2F28&k_raceNo=1
2026-09-28 14:38:00,14:37,2026-09-28,funabashi,1,2,三連複,2-4-12,4568.1,4568.1,195,https://www.keiba.go.jp/KeibaWeb/TodayRaceInfo/Odds3LenFuku?k_babaCode=19&k_raceDate=2026%2F09%2F28&k_raceNo=1
2026-09-28 14:38:00,14:37,2026-09-28,funabashi,1,2,三連複,2-4-5,761.3,761.3,100,https://www.keiba.go.jp/KeibaWeb/TodayRaceInfo/Odds3LenFuku?k_babaCode=19&k_raceDate=2026%2F09%2F28&k_raceNo=1
2026-09-28 14:38:00,14:37,2026-09-28,funabashi,1,2,三連複,2-4-6,7613.5,7613.5,208,https://www.keiba.go.jp/KeibaWeb/TodayRaceInfo/Odds3LenFuku?k_babaCode=19&k_raceDate=2026%2F09%2F28&k_raceNo=1
2026-09-28 14:38:00,14:37,2026-09-28,funabashi,1,2,三連複,2-4-7,1575.2,1575.2,144,https://www.keiba.go.jp/KeibaWeb/TodayRaceInfo/Odds3LenFuku?k_babaCode=19&k_raceDate=2026%2F09%2F28&k_raceNo=1
2026-09-28 14:38:00,14:37,2026-09-28,funabashi,1,2,三連複,2-4-8,1305.1,1305.1,129,https://www.keiba.go.jp/KeibaWeb/TodayRaceInfo/Odds3LenFuku?k_babaCode=19&k_raceDate=2026%2F09%2F28&k_raceNo=1
2026-09-28 14:38:00,14:37,2026-09-28,funabashi,1,2,三連複,2-4-9,1631.4,1631.4,145,https://www.keiba.go.jp/KeibaWeb/TodayRaceInfo/Odds3LenFuku?k_babaCode=19&k_raceDate=2026%2F09%2F28&k_raceNo=1
2026-09-28 14:38:00,14:37,2026-09-28,funabashi,1,2,三連複,2-5-10,774.2,774.2,102,https://www.keiba.go.jp/KeibaWeb/TodayRaceInfo/Odds3LenFuku?k_babaCode=19&k_raceDate=2026%2F09%2F28&k_raceNo=1
2026-09-28 14:38:00,14:37,2026-09-28,funabashi,1,2,三連複,2-5-11,108.5,108.5,28,https://www.keiba.go.jp/KeibaWeb/TodayRaceInfo/Odds3LenFuku?k_babaCode=19&k_raceDate=2026%2F09%2F28&k_raceNo=1
2026-09-28 14:38:00,14:37,2026-09-28,funabashi,1,2,三連複,2-5-12,415.2,415.2,77,https://www.keiba.go.jp/KeibaWeb/TodayRaceInfo/Odds3LenFuku?k_babaCode=19&k_raceDate=2026%2F09%2F28&k_raceNo=1
2026-09-28 14:38:00,14:37,2026-09-28,funabashi,1,2,三連複,2-5-6,643.4,643.4,92,https://www.keiba.go.jp/KeibaWeb/TodayRaceInfo/Odds3LenFuku?k_babaCode=19&k_raceDate=2026%2F09%2F28&k_raceNo=1
2026-09-28 14:38:00,14:37,2026-09-28,funabashi,1,2,三連複,2-5-7,82.4,82.4,24,https://www.keiba.go.jp/KeibaWeb/TodayRaceInfo/Odds3LenFuku?k_babaCode=19&k_raceDate=2026%2F09%2F28&k_raceNo=1
2026-09-28 14:38:00,14:37,2026-09-28,funabashi,1,2,三連複,2-5-8,76.2,76.2,19,https://www.keiba.go.jp/KeibaWeb/TodayRaceInfo/Odds3LenFuku?k_babaCode=19&k_raceDate=2026%2F09%2F28&k_raceNo=1
2026-09-28 14:38:00,14:37,2026-09-28,funabashi,1,2,三連複,2-5-9,38.7,38.7,12,https://www.keiba.go.jp/KeibaWeb/TodayRaceInfo/Odds3LenFuku?k_babaCode=19&k_raceDate=2026%2F09%2F28&k_raceNo=1
2026-09-28 14:38:00,14:37,2026-09-28,funabashi,1,2,三連複,2-6-10,9136.3,9136.3,212,https://www.keiba.go.jp/KeibaWeb/TodayRaceInfo/Odds3LenFuku?k_babaCode=19&k_raceDate=2026%2F09%2F28&k_raceNo=1
2026-09-28 14:38:00,14:37,2026-09-28,funabashi,1,2,三連複,2-6-11,1522.7,1522.7,143,https://www.keiba.go.jp/KeibaWeb/TodayRaceInfo/Odds3LenFuku?k_babaCode=19&k_raceDate=2026%2F09%2F28&k_raceNo=1
2026-09-28 14:38:00,14:37,2026-09-28,funabashi,1,2,三連複,2-6-12,9136.3,9136.3,212,https://www.keiba.go.jp/KeibaWeb/TodayRaceInfo/Odds3LenFuku?k_babaCode=19&k_raceDate=2026%2F09%2F28&k_raceNo=1
2026-09-28 14:38:00,14:37,2026-09-28,funabashi,1,2,三連複,2-6-7,1691.9,1691.9,148,https://www.keiba.go.jp/KeibaWeb/TodayRaceInfo/Odds3LenFuku?k_babaCode=19&k_raceDate=2026%2F09%2F28&k_raceNo=1
2026-09-28 14:38:00,14:37,2026-09-28,funabashi,1,2,三連複,2-6-8,1343.5,1343.5,133,https://www.keiba.go.jp/KeibaWeb/TodayRaceInfo/Odds3LenFuku?k_babaCode=19&k_raceDate=2026%2F09%2F28&k_raceNo=1
2026-09-28 14:38:00,14:37,2026-09-28,funabashi,1,2,三連複,2-6-9,1427.5,1427.5,140,https://www.keiba.go.jp/KeibaWeb/TodayRaceInfo/Odds3LenFuku?k_babaCode=19&k_raceDate=2026%2F09%2F28&k_raceNo=1
2026-09-28 14:38:00,14:37,2026-09-28,funabashi,1,2,三連複,2-7-10,3806.7,3806.7,185,https://www.keiba.go.jp/KeibaWeb/TodayRaceInfo/Odds3LenFuku?k_babaCode=19&k_raceDate=2026%2F09%2F28&k_raceNo=1
2026-09-28 14:38:00,14:37,2026-09-28,funabashi,1,2,三連複,2-7-11,377.5,377.5,72,https://www.keiba.go.jp/KeibaWeb/TodayRaceInfo/Odds3LenFuku?k_babaCode=19&k_raceDate=2026%2F09%2F28&k_raceNo=1
2026-09-28 14:38:00,14:37,2026-09-28,funabashi,1,2,三連複,2-7-12,1903.3,1903.3,153,https://www.keiba.go.jp/KeibaWeb/TodayRaceInfo/Odds3LenFuku?k_babaCode=19&k_raceDate=2026%2F09%2F28&k_raceNo=1
2026-09-28 14:38:00,14:37,2026-09-28,funabashi,1,2,三連複,2-7-8,343.4,343.4,66,https://www.keiba.go.jp/KeibaWeb/TodayRaceInfo/Odds3LenFuku?k_babaCode=19&k_raceDate=2026%2F09%2F28&k_raceNo=1
2026-09-28 14:38:00,14:37,2026-09-28,funabashi,1,2,三連複,2-7-9,181.9,181.9,43,https://www.keiba.go.jp/KeibaWeb/TodayRaceInfo/Odds3LenFuku?k_babaCode=19&k_raceDate=2026%2F09%2F28&k_raceNo=1
2026-09-28 14:38:00,14:37,2026-09-28,funabashi,1,2,三連複,2-8-10,2537.8,2537.8,162,https://www.keiba.go.jp/KeibaWeb/TodayRaceInfo/Odds3LenFuku?k_babaCode=19&k_raceDate=2026%2F09%2F28&k_raceNo=1
2026-09-28 14:38:00,14:37,2026-09-28,funabashi,1,2,三連複,2-8-11,223.9,223.9,50,https://www.keiba.go.jp/KeibaWeb/TodayRaceInfo/Odds3LenFuku?k_babaCode=19&k_raceDate=2026%2F09%2F28&k_raceNo=1
2026-09-28 14:38:00,14:37,2026-09-28,funabashi,1,2,三連複,2-8-12,815.7,815.7,103,https://www.keiba.go.jp/KeibaWeb/TodayRaceInfo/Odds3LenFuku?k_babaCode=19&k_raceDate=2026%2F09%2F28&k_raceNo=1
2026-09-28 14:38:00,14:37,2026-09-28,funabashi,1,2,三連複,2-8-9,128.6,128.6,35,https://www.keiba.go.jp/KeibaWeb/TodayRaceInfo/Odds3LenFuku?k_babaCode=19&k_raceDate=2026%2F09%2F28&k_raceNo=1
2026-09-28 14:38:00,14:37,2026-09-28,funabashi,1,2,三連複,2-9-10,1268.9,1268.9,126,https://www.keiba.go.jp/KeibaWeb/TodayRaceInfo/Odds3LenFuku?k_babaCode=19&k_raceDate=2026%2F09%2F28&k_raceNo=1
2026-09-28 14:38:00,14:37,2026-09-28,funabashi,1,2,三連複,2-9-11,156.4,156.4,39,https://www.keiba.go.jp/KeibaWeb/TodayRaceInfo/Odds3LenFuku?k_babaCode=19&k_raceDate=2026%2F09%2F28&k_raceNo=1
2026-09-28 14:38:00,14:37,2026-09-28,funabashi,1,2,三連複,2-9-12,761.3,761.3,100,https://www.keiba.go.jp/KeibaWeb/TodayRaceInfo/Odds3LenFuku?k_babaCode=19&k_raceDate=2026%2F09%2F28&k_raceNo=1
2026-09-28 14:38:00,14:37,2026-09-28,funabashi,1,2,三連複,3-10-11,5075.7,5075.7,202,https://www.keiba.go.jp/KeibaWeb/TodayRaceInfo/Odds3LenFuku?k_babaCode=19&k_raceDate=2026%2F09%2F28&k_raceNo=1
2026-09-28 14:38:00,14:37,2026-09-28,funabashi,1,2,三連複,3-10-12,3262.9,3262.9,178,https://www.keiba.go.jp/KeibaWeb/TodayRaceInfo/Odds3LenFuku?k_babaCode=19&k_raceDate=2026%2F09%2F28&k_raceNo=1
2026-09-28 14:38:00,14:37,2026-09-28,funabashi,1,2,三連複,3-11-12,2537.8,2537.8,162,https://www.keiba.go.jp/KeibaWeb/TodayRaceInfo/Odds3LenFuku?k_babaCode=19&k_raceDate=2026%2F09%2F28&k_raceNo=1
2026-09-28 14:38:00,14:37,2026-09-28,funabashi,1,2,三連複,3-4-10,11420.3,11420.3,214,https://www.keiba.go.jp/KeibaWeb/TodayRaceInfo/Odds3LenFuku?k_babaCode=19&k_raceDate=2026%2F09%2F28&k_raceNo=1
2026-09-28 14:38:00,14:37,2026-09-28,funabashi,1,2,三連複,3-4-11,2537.8,2537.8,162,https://www.keiba.go.jp/KeibaWeb/TodayRaceInfo/Odds3LenFuku?k_babaCode=19&k_raceDate=2026%2F09%2F28&k_raceNo=1
2026-09-28 14:38:00,14:37,2026-09-28,funabashi,1,2,三連複,3-4-12,11420.3,11420.3,214,https://www.keiba.go.jp/KeibaWeb/TodayRaceInfo/Odds3LenFuku?k_babaCode=19&k_raceDate=2026%2F09%2F28&k_raceNo=1
2026-09-28 14:38:00,14:37,2026-09-28,funabashi,1,2,三連複,3-4-5,1305.1,1305.1,129,https://www.keiba.go.jp/KeibaWeb/TodayRaceInfo/Odds3LenFuku?k_babaCode=19&k_raceDate=2026%2F09%2F28&k_raceNo=1
2026-09-28 14:38:00,14:37,2026-09-28,funabashi,1,2,三連複,3-4-6,6525.9,6525.9,205,https://www.keiba.go.jp/KeibaWeb/TodayRaceInfo/Odds3LenFuku?k_babaCode=19&k_raceDate=2026%2F09%2F28&k_raceNo=1
2026-09-28 14:38:00,14:37,2026-09-28,funabashi,1,2,三連複,3-4-7,3262.9,3262.9,178,https://www.keiba.go.jp/KeibaWeb/TodayRaceInfo/Odds3LenFuku?k_babaCode=19&k_raceDate=2026%2F09%2F28&k_raceNo=1
2026-09-28 14:38:00,14:37,2026-09-28,funabashi,1,2,三連複,3-4-8,3045.4,3045.4,171,https://www.keiba.go.jp/KeibaWeb/TodayRaceInfo/Odds3LenFuku?k_babaCode=19&k_raceDate=2026%2F09%2F28&k_raceNo=1
2026-09-28 14:38:00,14:37,2026-09-28,funabashi,1,2,三連複,3-4-9,3045.4,3045.4,171,https://www.keiba.go.jp/KeibaWeb/TodayRaceInfo/Odds3LenFuku?k_babaCode=19&k_raceDate=2026%2F09%2F28&k_raceNo=1
2026-09-28 14:38:00,14:37,2026-09-28,funabashi,1,2,三連複,3-5-10,1343.5,1343.5,133,https://www.keiba.go.jp/KeibaWeb/TodayRaceInfo/Odds3LenFuku?k_babaCode=19&k_raceDate=2026%2F09%2F28&k_raceNo=1
2026-09-28 14:38:00,14:37,2026-09-28,funabashi,1,2,三連複,3-5-11,225.0,225.0,51,https://www.keiba.go.jp/KeibaWeb/TodayRaceInfo/Odds3LenFuku?k_babaCode=19&k_raceDate=2026%2F09%2F28&k_raceNo=1
2026-09-28 14:38:00,14:37,2026-09-28,funabashi,1,2,三連複,3-5-12,736.7,736.7,97,https://www.keiba.go.jp/KeibaWeb/TodayRaceInfo/Odds3LenFuku?k_babaCode=19&k_raceDate=2026%2F09%2F28&k_raceNo=1
2026-09-28 14:38:00,14:37,2026-09-28,funabashi,1,2,三連複,3-5-6,1015.1,1015.1,111,https://www.keiba.go.jp/KeibaWeb/TodayRaceInfo/Odds3LenFuku?k_babaCode=19&k_raceDate=2026%2F09%2F28&k_raceNo=1
2026-09-28 14:38:00,14:37,2026-09-28,funabashi,1,2,三連複,3-5-7,162.5,162.5,41,https://www.keiba.go.jp/KeibaWeb/TodayRaceInfo/Odds3LenFuku?k_babaCode=19&k_raceDate=2026%2F09%2F28&k_raceNo=1
2026-09-28 14:38:00,14:37,2026-09-28,funabashi,1,2,三連複,3-5-8,156.4,156.4,39,https://www.keiba.go.jp/KeibaWeb/TodayRaceInfo/Odds3LenFuku?k_babaCode=19&k_raceDate=2026%2F09%2F28&k_raceNo=1
2026-09-28 14:38:00,14:37,2026-09-28,funabashi,1,2,三連複,3-5-9,78.6,78.6,21,https://www.keiba.go.jp/KeibaWeb/TodayRaceInfo/Odds3LenFuku?k_babaCode=19&k_raceDate=2026%2F09%2F28&k_raceNo=1
2026-09-28 14:38:00,14:37,2026-09-28,funabashi,1,2,三連複,3-6-10,7613.5,7613.5,208,https://www.keiba.go.jp/KeibaWeb/TodayRaceInfo/Odds3LenFuku?k_babaCode=19&k_raceDate=2026%2F09%2F28&k_raceNo=1
2026-09-28 14:38:00,14:37,2026-09-28,funabashi,1,2,三連複,3-6-11,3513.9,3513.9,183,https://www.keiba.go.jp/KeibaWeb/TodayRaceInfo/Odds3LenFuku?k_babaCode=19&k_raceDate=2026%2F09%2F28&k_raceNo=1
2026-09-28 14:38:00,14:37,2026-09-28,funabashi,1,2,三連複,3-6-12,15227.1,15227.1,217,https://www.keiba.go.jp/KeibaWeb/TodayRaceInfo/Odds3LenFuku?k_babaCode=19&k_raceDate=2026%2F09%2F28&k_raceNo=1
2026-09-28 14:38:00,14:37,2026-09-28,funabashi,1,2,三連複,3-6-7,3045.4,3045.4,171,https://www.keiba.go.jp/KeibaWeb/TodayRaceInfo/Odds3LenFuku?k_babaCode=19&k_raceDate=2026%2F09%2F28&k_raceNo=1
2026-09-28 14:38:00,14:37,2026-09-28,funabashi,1,2,三連複,3-6-8,1343.5,1343.5,133,https://www.keiba.go.jp/KeibaWeb/TodayRaceInfo/Odds3LenFuku?k_babaCode=19&k_raceDate=2026%2F09%2F28&k_raceNo=1
2026-09-28 14:38:00,14:37,2026-09-28,funabashi,1,2,三連複,3-6-9,1305.1,1305.1,129,https://www.keiba.go.jp/KeibaWeb/TodayRaceInfo/Odds3LenFuku?k_babaCode=19&k_raceDate=2026%2F09%2F28&k_raceNo=1
2026-09-28 14:38:00,14:37,2026-09-28,funabashi,1,2,三連複,3-7-10,2855.0,2855.0,167,https://www.keiba.go.jp/KeibaWeb/TodayRaceInfo/Odds3LenFuku?k_babaCode=19&k_raceDate=2026%2F09%2F28&k_raceNo=1
2026-09-28 14:38:00,14:37,2026-09-28,funabashi,1,2,三連複,3-7-11,1015.1,1015.1,111,https://www.keiba.go.jp/KeibaWeb/TodayRaceInfo/Odds3LenFuku?k_babaCode=19&k_raceDate=2026%2F09%2F28&k_raceNo=1
2026-09-28 14:38:00,14:37,2026-09-28,funabashi,1,2,三連複,3-7-12,2404.2,2404.2,158,https://www.keiba.go.jp/KeibaWeb/TodayRaceInfo/Odds3LenFuku?k_babaCode=19&k_raceDate=2026%2F09%2F28&k_raceNo=1
2026-09-28 14:38:00,14:37,2026-09-28,funabashi,1,2,三連複,3-7-8,652.5,652.5,94,https://www.keiba.go.jp/KeibaWeb/TodayRaceInfo/Odds3LenFuku?k_babaCode=19&k_raceDate=2026%2F09%2F28&k_raceNo=1
2026-09-28 14:38:00,14:37,2026-09-28,funabashi,1,2,三連複,3-7-9,397.2,397.2,75,https://www.keiba.go.jp/KeibaWeb/TodayRaceInfo/Odds3LenFuku?k_babaCode=19&k_raceDate=2026%2F09%2F28&k_raceNo=1
2026-09-28 14:38:00,14:37,2026-09-28,funabashi,1,2,三連複,3-8-10,3262.9,3262.9,178,https://www.keiba.go.jp/KeibaWeb/TodayRaceInfo/Odds3LenFuku?k_babaCode=19&k_raceDate=2026%2F09%2F28&k_raceNo=1
2026-09-28 14:38:00,14:37,2026-09-28,funabashi,1,2,三連複,3-8-11,519.1,519.1,83,https://www.keiba.go.jp/KeibaWeb/TodayRaceInfo/Odds3LenFuku?k_babaCode=19&k_raceDate=2026%2F09%2F28&k_raceNo=1
2026-09-28 14:38:00,14:37,2026-09-28,funabashi,1,2,三連複,3-8-12,1384.2,1384.2,136,https://www.keiba.go.jp/KeibaWeb/TodayRaceInfo/Odds3LenFuku?k_babaCode=19&k_raceDate=2026%2F09%2F28&k_raceNo=1
2026-09-28 14:38:00,14:37,2026-09-28,funabashi,1,2,三連複,3-8-9,255.2,255.2,52,https://www.keiba.go.jp/KeibaWeb/TodayRaceInfo/Odds3LenFuku?k_babaCode=19&k_raceDate=2026%2F09%2F28&k_raceNo=1
2026-09-28 14:38:00,14:37,2026-09-28,funabashi,1,2,三連複,3-9-10,3513.9,3513.9,183,https://www.keiba.go.jp/KeibaWeb/TodayRaceInfo/Odds3LenFuku?k_babaCode=19&k_raceDate=2026%2F09%2F28&k_raceNo=1
2026-09-28 14:38:00,14:37,2026-09-28,funabashi,1,2,三連複,3-9-11,470.9,470.9,80,https://www.keiba.go.jp/KeibaWeb/TodayRaceInfo/Odds3LenFuku?k_babaCode=19&k_raceDate=2026%2F09%2F28&k_raceNo=1
2026-09-28 14:38:00,14:37,2026-09-28,funabashi,1,2,三連複,3-9-12,895.7,895.7,106,https://www.keiba.go.jp/KeibaWeb/TodayRaceInfo/Odds3LenFuku?k_babaCode=19&k_raceDate=2026%2F09%2F28&k_raceNo=1
2026-09-28 14:38:00,14:37,2026-09-28,funabashi,1,2,三連複,4-10-11,4568.1,4568.1,195,https://www.keiba.go.jp/KeibaWeb/TodayRaceInfo/Odds3LenFuku?k_babaCode=19&k_raceDate=2026%2F09%2F28&k_raceNo=1
2026-09-28 14:38:00,14:37,2026-09-28,funabashi,1,2,三連複,4-10-12,6525.9,6525.9,205,https://www.keiba.go.jp/KeibaWeb/TodayRaceInfo/Odds3LenFuku?k_babaCode=19&k_raceDate=2026%2F09%2F28&k_raceNo=1
2026-09-28 14:38:00,14:37,2026-09-28,funabashi,1,2,三連複,4-11-12,3045.4,3045.4,171,https://www.keiba.go.jp/KeibaWeb/TodayRaceInfo/Odds3LenFuku?k_babaCode=19&k_raceDate=2026%2F09%2F28&k_raceNo=1
2026-09-28 14:38:00,14:37,2026-09-28,funabashi,1,2,三連複,4-5-10,1986.1,1986.1,155,https://www.keiba.go.jp/KeibaWeb/TodayRaceInfo/Odds3LenFuku?k_babaCode=19&k_raceDate=2026%2F09%2F28&k_raceNo=1
2026-09-28 14:38:00,14:37,2026-09-28,funabashi,1,2,三連複,4-5-11,268.7,268.7,54,https://www.keiba.go.jp/KeibaWeb/TodayRaceInfo/Odds3LenFuku?k_babaCode=19&k_raceDate=2026%2F09%2F28&k_raceNo=1
2026-09-28 14:38:00,14:37,2026-09-28,funabashi,1,2,三連複,4-5-12,1087.6,1087.6,115,https://www.keiba.go.jp/KeibaWeb/TodayRaceInfo/Odds3LenFuku?k_babaCode=19&k_raceDate=2026%2F09%2F28&k_raceNo=1
2026-09-28 14:38:00,14:37,2026-09-28,funabashi,1,2,三連複,4-5-6,1631.4,1631.4,145,https://www.keiba.go.jp/KeibaWeb/TodayRaceInfo/Odds3LenFuku?k_babaCode=19&k_raceDate=2026%2F09%2F28&k_raceNo=1
2026-09-28 14:38:00,14:37,2026-09-28,funabashi,1,2,三連複,4-5-7,204.8,204.8,46,https://www.keiba.go.jp/KeibaWeb/TodayRaceInfo/Odds3LenFuku?k_babaCode=19&k_raceDate=2026%2F09%2F28&k_raceNo=1
2026-09-28 14:38:00,14:37,2026-09-28,funabashi,1,2,三連複,4-5-8,151.7,151.7,38,https://www.keiba.go.jp/KeibaWeb/TodayRaceInfo/Odds3LenFuku?k_babaCode=19&k_raceDate=2026%2F09%2F28&k_raceNo=1
2026-09-28 14:38:00,14:37,2026-09-28,funabashi,1,2,三連複,4-5-9,80.7,80.7,22,https://www.keiba.go.jp/KeibaWeb/TodayRaceInfo/Odds3LenFuku?k_babaCode=19&k_raceDate=2026%2F09%2F28&k_raceNo=1
2026-09-28 14:38:00,14:37,2026-09-28,funabashi,1,2,三連複,4-6-10,7613.5,7613.5,208,https://www.keiba.go.jp/KeibaWeb/TodayRaceInfo/Odds3LenFuku?k_babaCode=19&k_raceDate=2026%2F09%2F28&k_raceNo=1
2026-09-28 14:38:00,14:37,2026-09-28,funabashi,1,2,三連複,4-6-11,3806.7,3806.7,185,https://www.keiba.go.jp/KeibaWeb/TodayRaceInfo/Odds3LenFuku?k_babaCode=19&k_raceDate=2026%2F09%2F28&k_raceNo=1
2026-09-28 14:38:00,14:37,2026-09-28,funabashi,1,2,三連複,4-6-12,15227.1,15227.1,217,https://www.keiba.go.jp/KeibaWeb/TodayRaceInfo/Odds3LenFuku?k_babaCode=19&k_raceDate=2026%2F09%2F28&k_raceNo=1
2026-09-28 14:38:00,14:37,2026-09-28,funabashi,1,2,三連複,4-6-7,4152.8,4152.8,192,https://www.keiba.go.jp/KeibaWeb/TodayRaceInfo/Odds3LenFuku?k_babaCode=19&k_raceDate=2026%2F09%2F28&k_raceNo=1
2026-09-28 14:38:00,14:37,2026-09-28,funabashi,1,2,三連複,4-6-8,2855.0,2855.0,167,https://www.keiba.go.jp/KeibaWeb/TodayRaceInfo/Odds3LenFuku?k_babaCode=19&k_raceDate=2026%2F09%2F28&k_raceNo=1
2026-09-28 14:38:00,14:37,2026-09-28,funabashi,1,2,三連複,4-6-9,2404.2,2404.2,158,https://www.keiba.go.jp/KeibaWeb/TodayRaceInfo/Odds3LenFuku?k_babaCode=19&k_raceDate=2026%2F09%2F28&k_raceNo=1
2026-09-28 14:38:00,14:37,2026-09-28,funabashi,1,2,三連複,4-7-10,6525.9,6525.9,205,https://www.keiba.go.jp/KeibaWeb/TodayRaceInfo/Odds3LenFuku?k_babaCode=19&k_raceDate=2026%2F09%2F28&k_raceNo=1
2026-09-28 14:38:00,14:37,2026-09-28,funabashi,1,2,三連複,4-7-11,895.7,895.7,106,https://www.keiba.go.jp/KeibaWeb/TodayRaceInfo/Odds3LenFuku?k_babaCode=19&k_raceDate=2026%2F09%2F28&k_raceNo=1
2026-09-28 14:38:00,14:37,2026-09-28,funabashi,1,2,三連複,4-7-12,3045.4,3045.4,171,https://www.keiba.go.jp/KeibaWeb/TodayRaceInfo/Odds3LenFuku?k_babaCode=19&k_raceDate=2026%2F09%2F28&k_raceNo=1
2026-09-28 14:38:00,14:37,2026-09-28,funabashi,1,2,三連複,4-7-8,895.7,895.7,106,https://www.keiba.go.jp/KeibaWeb/TodayRaceInfo/Odds3LenFuku?k_babaCode=19&k_raceDate=2026%2F09%2F28&k_raceNo=1
2026-09-28 14:38:00,14:37,2026-09-28,funabashi,1,2,三連複,4-7-9,354.1,354.1,68,https://www.keiba.go.jp/KeibaWeb/TodayRaceInfo/Odds3LenFuku?k_babaCode=19&k_raceDate=2026%2F09%2F28&k_raceNo=1
2026-09-28 14:38:00,14:37,2026-09-28,funabashi,1,2,三連複,4-8-10,3045.4,3045.4,171,https://www.keiba.go.jp/KeibaWeb/TodayRaceInfo/Odds3LenFuku?k_babaCode=19&k_raceDate=2026%2F09%2F28&k_raceNo=1
2026-09-28 14:38:00,14:37,2026-09-28,funabashi,1,2,三連複,4-8-11,601.0,601.0,90,https://www.keiba.go.jp/KeibaWeb/TodayRaceInfo/Odds3LenFuku?k_babaCode=19&k_raceDate=2026%2F09%2F28&k_raceNo=1
2026-09-28 14:38:00,14:37,2026-09-28,funabashi,1,2,三連複,4-8-12,2687.1,2687.1,165,https://www.keiba.go.jp/KeibaWeb/TodayRaceInfo/Odds3LenFuku?k_babaCode=19&k_raceDate=2026%2F09%2F28&k_raceNo=1
2026-09-28 14:38:00,14:37,2026-09-28,funabashi,1,2,三連複,4-8-9,300.5,300.5,58,https://www.keiba.go.jp/KeibaWeb/TodayRaceInfo/Odds3LenFuku?k_babaCode=19&k_raceDate=2026%2F09%2F28&k_raceNo=1
2026-09-28 14:38:00,14:37,2026-09-28,funabashi,1,2,三連複,4-9-10,3806.7,3806.7,185,https://www.keiba.go.jp/KeibaWeb/TodayRaceInfo/Odds3LenFuku?k_babaCode=19&k_raceDate=2026%2F09%2F28&k_raceNo=1
2026-09-28 14:38:00,14:37,2026-09-28,funabashi,1,2,三連複,4-9-11,359.6,359.6,70,https://www.keiba.go.jp/KeibaWeb/TodayRaceInfo/Odds3LenFuku?k_babaCode=19&k_raceDate=2026%2F09%2F28&k_raceNo=1
2026-09-28 14:38:00,14:37,2026-09-28,funabashi,1,2,三連複,4-9-12,1756.9,1756.9,150,https://www.keiba.go.jp/KeibaWeb/TodayRaceInfo/Odds3LenFuku?k_babaCode=19&k_raceDate=2026%2F09%2F28&k_raceNo=1
2026-09-28 14:38:00,14:37,2026-09-28,funabashi,1,2,三連複,5-10-11,351.3,351.3,67,https://www.keiba.go.jp/KeibaWeb/TodayRaceInfo/Odds3LenFuku?k_babaCode=19&k_raceDate=2026%2F09%2F28&k_raceNo=1
2026-09-28 14:38:00,14:37,2026-09-28,funabashi,1,2,三連複,5-10-12,1062.3,1062.3,114,https://www.keiba.go.jp/KeibaWeb/TodayRaceInfo/Odds3LenFuku?k_babaCode=19&k_raceDate=2026%2F09%2F28&k_raceNo=1
2026-09-28 14:38:00,14:37,2026-09-28,funabashi,1,2,三連複,5-11-12,123.1,123.1,32,https://www.keiba.go.jp/KeibaWeb/TodayRaceInfo/Odds3LenFuku?k_babaCode=19&k_raceDate=2026%2F09%2F28&k_raceNo=1
2026-09-28 14:38:00,14:37,2026-09-28,funabashi,1,2,三連複,5-6-10,1903.3,1903.3,153,https://www.keiba.go.jp/KeibaWeb/TodayRaceInfo/Odds3LenFuku?k_babaCode=19&k_raceDate=2026%2F09%2F28&k_raceNo=1
2026-09-28 14:38:00,14:37,2026-09-28,funabashi,1,2,三連複,5-6-11,189.5,189.5,44,https://www.keiba.go.jp/KeibaWeb/TodayRaceInfo/Odds3LenFuku?k_babaCode=19&k_raceDate=2026%2F09%2F28&k_raceNo=1
2026-09-28 14:38:00,14:37,2026-09-28,funabashi,1,2,三連複,5-6-12,1114.1,1114.1,117,https://www.keiba.go.jp/KeibaWeb/TodayRaceInfo/Odds3LenFuku?k_babaCode=19&k_raceDate=2026%2F09%2F28&k_raceNo=1
2026-09-28 14:38:00,14:37,2026-09-28,funabashi,1,2,三連複,5-6-7,131.2,131.2,36,https://www.keiba.go.jp/KeibaWeb/TodayRaceInfo/Odds3LenFuku?k_babaCode=19&k_raceDate=2026%2F09%2F28&k_raceNo=1
2026-09-28 14:38:00,14:37,2026-09-28,funabashi,1,2,三連複,5-6-8,146.4,146.4,37,https://www.keiba.go.jp/KeibaWeb/TodayRaceInfo/Odds3LenFuku?k_babaCode=19&k_raceDate=2026%2F09%2F28&k_raceNo=1
2026-09-28 14:38:00,14:37,2026-09-28,funabashi,1,2,三連複,5-6-9,77.0,77.0,20,https://www.keiba.go.jp/KeibaWeb/TodayRaceInfo/Odds3LenFuku?k_babaCode=19&k_raceDate=2026%2F09%2F28&k_raceNo=1
2026-09-28 14:38:00,14:37,2026-09-28,funabashi,1,2,三連複,5-7-10,290.9,290.9,56,https://www.keiba.go.jp/KeibaWeb/TodayRaceInfo/Odds3LenFuku?k_babaCode=19&k_raceDate=2026%2F09%2F28&k_raceNo=1
2026-09-28 14:38:00,14:37,2026-09-28,funabashi,1,2,三連複,5-7-11,21.2,21.2,7,https://www.keiba.go.jp/KeibaWeb/TodayRaceInfo/Odds3LenFuku?k_babaCode=19&k_raceDate=2026%2F09%2F28&k_raceNo=1
2026-09-28 14:38:00,14:37,2026-09-28,funabashi,1,2,三連複,5-7-12,83.3,83.3,25,https://www.keiba.go.jp/KeibaWeb/TodayRaceInfo/Odds3LenFuku?k_babaCode=19&k_raceDate=2026%2F09%2F28&k_raceNo=1
2026-09-28 14:38:00,14:37,2026-09-28,funabashi,1,2,三連複,5-7-8,17.6,17.6,4,https://www.keiba.go.jp/KeibaWeb/TodayRaceInfo/Odds3LenFuku?k_babaCode=19&k_raceDate=2026%2F09%2F28&k_raceNo=1
2026-09-28 14:38:00,14:37,2026-09-28,funabashi,1,2,三連複,5-7-9,5.4,5.4,1,https://www.keiba.go.jp/KeibaWeb/TodayRaceInfo/Odds3LenFuku?k_babaCode=19&k_raceDate=2026%2F09%2F28&k_raceNo=1
2026-09-28 14:38:00,14:37,2026-09-28,funabashi,1,2,三連複,5-8-10,207.6,207.6,47,https://www.keiba.go.jp/KeibaWeb/TodayRaceInfo/Odds3LenFuku?k_babaCode=19&k_raceDate=2026%2F09%2F28&k_raceNo=1
2026-09-28 14:38:00,14:37,2026-09-28,funabashi,1,2,三連複,5-8-11,20.1,20.1,6,https://www.keiba.go.jp/KeibaWeb/TodayRaceInfo/Odds3LenFuku?k_babaCode=19&k_raceDate=2026%2F09%2F28&k_raceNo=1
2026-09-28 14:38:00,14:37,2026-09-28,funabashi,1,2,三連複,5-8-12,102.4,102.4,27,https://www.keiba.go.jp/KeibaWeb/TodayRaceInfo/Odds3LenFuku?k_babaCode=19&k_raceDate=2026%2F09%2F28&k_raceNo=1
2026-09-28 14:38:00,14:37,2026-09-28,funabashi,1,2,三連複,5-8-9,7.0,7.0,2,https://www.keiba.go.jp/KeibaWeb/TodayRaceInfo/Odds3LenFuku?k_babaCode=19&k_raceDate=2026%2F09%2F28&k_raceNo=1
2026-09-28 14:38:00,14:37,2026-09-28,funabashi,1,2,三連複,5-9-10,84.9,84.9,26,https://www.keiba.go.jp/KeibaWeb/TodayRaceInfo/Odds3LenFuku?k_babaCode=19&k_raceDate=2026%2F09%2F28&k_raceNo=1
2026-09-28 14:38:00,14:37,2026-09-28,funabashi,1,2,三連複,5-9-11,7.9,7.9,3,https://www.keiba.go.jp/KeibaWeb/TodayRaceInfo/Odds3LenFuku?k_babaCode=19&k_raceDate=2026%2F09%2F28&k_raceNo=1
2026-09-28 14:38:00,14:37,2026-09-28,funabashi,1,2,三連複,5-9-12,38.5,38.5,11,https://www.keiba.go.jp/KeibaWeb/TodayRaceInfo/Odds3LenFuku?k_babaCode=19&k_raceDate=2026%2F09%2F28&k_raceNo=1
2026-09-28 14:38:00,14:37,2026-09-28,funabashi,1,2,三連複,6-10-11,3806.7,3806.7,185,https://www.keiba.go.jp/KeibaWeb/TodayRaceInfo/Odds3LenFuku?k_babaCode=19&k_raceDate=2026%2F09%2F28&k_raceNo=1
2026-09-28 14:38:00,14:37,2026-09-28,funabashi,1,2,三連複,6-10-12,11420.3,11420.3,214,https://www.keiba.go.jp/KeibaWeb/TodayRaceInfo/Odds3LenFuku?k_babaCode=19&k_raceDate=2026%2F09%2F28&k_raceNo=1
2026-09-28 14:38:00,14:37,2026-09-28,funabashi,1,2,三連複,6-11-12,2175.3,2175.3,156,https://www.keiba.go.jp/KeibaWeb/TodayRaceInfo/Odds3LenFuku?k_babaCode=19&k_raceDate=2026%2F09%2F28&k_raceNo=1
2026-09-28 14:38:00,14:37,2026-09-28,funabashi,1,2,三連複,6-7-10,4568.1,4568.1,195,https://www.keiba.go.jp/KeibaWeb/TodayRaceInfo/Odds3LenFuku?k_babaCode=19&k_raceDate=2026%2F09%2F28&k_raceNo=1
2026-09-28 14:38:00,14:37,2026-09-28,funabashi,1,2,三連複,6-7-11,736.7,736.7,97,https://www.keiba.go.jp/KeibaWeb/TodayRaceInfo/Odds3LenFuku?k_babaCode=19&k_raceDate=2026%2F09%2F28&k_raceNo=1
2026-09-28 14:38:00,14:37,2026-09-28,funabashi,1,2,三連複,6-7-12,4568.1,4568.1,195,https://www.keiba.go.jp/KeibaWeb/TodayRaceInfo/Odds3LenFuku?k_babaCode=19&k_raceDate=2026%2F09%2F28&k_raceNo=1
2026-09-28 14:38:00,14:37,2026-09-28,funabashi,1,2,三連複,6-7-8,643.4,643.4,92,https://www.keiba.go.jp/KeibaWeb/TodayRaceInfo/Odds3LenFuku?k_babaCode=19&k_raceDate=2026%2F09%2F28&k_raceNo=1
2026-09-28 14:38:00,14:37,2026-09-28,funabashi,1,2,三連複,6-7-9,323.9,323.9,62,https://www.keiba.go.jp/KeibaWeb/TodayRaceInfo/Odds3LenFuku?k_babaCode=19&k_raceDate=2026%2F09%2F28&k_raceNo=1
2026-09-28 14:38:00,14:37,2026-09-28,funabashi,1,2,三連複,6-8-10,3806.7,3806.7,185,https://www.keiba.go.jp/KeibaWeb/TodayRaceInfo/Odds3LenFuku?k_babaCode=19&k_raceDate=2026%2F09%2F28&k_raceNo=1
2026-09-28 14:38:00,14:37,2026-09-28,funabashi,1,2,三連複,6-8-11,452.2,452.2,79,https://www.keiba.go.jp/KeibaWeb/TodayRaceInfo/Odds3LenFuku?k_babaCode=19&k_raceDate=2026%2F09%2F28&k_raceNo=1
2026-09-28 14:38:00,14:37,2026-09-28,funabashi,1,2,三連複,6-8-12,3806.7,3806.7,185,https://www.keiba.go.jp/KeibaWeb/TodayRaceInfo/Odds3LenFuku?k_babaCode=19&k_raceDate=2026%2F09%2F28&k_raceNo=1
2026-09-28 14:38:00,14:37,2026-09-28,funabashi,1,2,三連複,6-8-9,321.7,321.7,61,https://www.keiba.go.jp/KeibaWeb/TodayRaceInfo/Odds3LenFuku?k_babaCode=19&k_raceDate=2026%2F09%2F28&k_raceNo=1
2026-09-28 14:38:00,14:37,2026-09-28,funabashi,1,2,三連複,6-9-10,4568.1,4568.1,195,https://www.keiba.go.jp/KeibaWeb/TodayRaceInfo/Odds3LenFuku?k_babaCode=19&k_raceDate=2026%2F09%2F28&k_raceNo=1
2026-09-28 14:38:00,14:37,2026-09-28,funabashi,1,2,三連複,6-9-11,275.1,275.1,55,https://www.keiba.go.jp/KeibaWeb/TodayRaceInfo/Odds3LenFuku?k_babaCode=19&k_raceDate=2026%2F09%2F28&k_raceNo=1
2026-09-28 14:38:00,14:37,2026-09-28,funabashi,1,2,三連複,6-9-12,3045.4,3045.4,171,https://www.keiba.go.jp/KeibaWeb/TodayRaceInfo/Odds3LenFuku?k_babaCode=19&k_raceDate=2026%2F09%2F28&k_raceNo=1
2026-09-28 14:38:00,14:37,2026-09-28,funabashi,1,2,三連複,7-10-11,1142.0,1142.0,118,https://www.keiba.go.jp/KeibaWeb/TodayRaceInfo/Odds3LenFuku?k_babaCode=19&k_raceDate=2026%2F09%2F28&k_raceNo=1
2026-09-28 14:38:00,14:37,2026-09-28,funabashi,1,2,三連複,7-10-12,3262.9,3262.9,178,https://www.keiba.go.jp/KeibaWeb/TodayRaceInfo/Odds3LenFuku?k_babaCode=19&k_raceDate=2026%2F09%2F28&k_raceNo=1
2026-09-28 14:38:00,14:37,2026-09-28,funabashi,1,2,三連複,7-11-12,362.5,362.5,71,https://www.keiba.go.jp/KeibaWeb/TodayRaceInfo/Odds3LenFuku?k_babaCode=19&k_raceDate=2026%2F09%2F28&k_raceNo=1
2026-09-28 14:38:00,14:37,2026-09-28,funabashi,1,2,三連複,7-8-10,861.9,861.9,104,https://www.keiba.go.jp/KeibaWeb/TodayRaceInfo/Odds3LenFuku?k_babaCode=19&k_raceDate=2026%2F09%2F28&k_raceNo=1
2026-09-28 14:38:00,14:37,2026-09-28,funabashi,1,2,三連複,7-8-11,66.6,66.6,18,https://www.keiba.go.jp/KeibaWeb/TodayRaceInfo/Odds3LenFuku?k_babaCode=19&k_raceDate=2026%2F09%2F28&k_raceNo=1
2026-09-28 14:38:00,14:37,2026-09-28,funabashi,1,2,三連複,7-8-12,328.6,328.6,65,https://www.keiba.go.jp/KeibaWeb/TodayRaceInfo/Odds3LenFuku?k_babaCode=19&k_raceDate=2026%2F09%2F28&k_raceNo=1
2026-09-28 14:38:00,14:37,2026-09-28,funabashi,1,2,三連複,7-8-9,27.1,27.1,9,https://www.keiba.go.jp/KeibaWeb/TodayRaceInfo/Odds3LenFuku?k_babaCode=19&k_raceDate=2026%2F09%2F28&k_raceNo=1
2026-09-28 14:38:00,14:37,2026-09-28,funabashi,1,2,三連複,7-9-10,323.9,323.9,62,https://www.keiba.go.jp/KeibaWeb/TodayRaceInfo/Odds3LenFuku?k_babaCode=19&k_raceDate=2026%2F09%2F28&k_raceNo=1
2026-09-28 14:38:00,14:37,2026-09-28,funabashi,1,2,三連複,7-9-11,33.0,33.0,10,https://www.keiba.go.jp/KeibaWeb/TodayRaceInfo/Odds3LenFuku?k_babaCode=19&k_raceDate=2026%2F09%2F28&k_raceNo=1
2026-09-28 14:38:00,14:37,2026-09-28,funabashi,1,2,三連複,7-9-12,113.6,113.6,29,https://www.keiba.go.jp/KeibaWeb/TodayRaceInfo/Odds3LenFuku?k_babaCode=19&k_raceDate=2026%2F09%2F28&k_raceNo=1
2026-09-28 14:38:00,14:37,2026-09-28,funabashi,1,2,三連複,8-10-11,531.1,531.1,84,https://www.keiba.go.jp/KeibaWeb/TodayRaceInfo/Odds3LenFuku?k_babaCode=19&k_raceDate=2026%2F09%2F28&k_raceNo=1
2026-09-28 14:38:00,14:37,2026-09-28,funabashi,1,2,三連複,8-10-12,1268.9,1268.9,126,https://www.keiba.go.jp/KeibaWeb/TodayRaceInfo/Odds3LenFuku?k_babaCode=19&k_raceDate=2026%2F09%2F28&k_raceNo=1
2026-09-28 14:38:00,14:37,2026-09-28,funabashi,1,2,三連複,8-11-12,219.6,219.6,49,https://www.keiba.go.jp/KeibaWeb/TodayRaceInfo/Odds3LenFuku?k_babaCode=19&k_raceDate=2026%2F09%2F28&k_raceNo=1
2026-09-28 14:38:00,14:37,2026-09-28,funabashi,1,2,三連複,8-9-10,261.0,261.0,53,https://www.keiba.go.jp/KeibaWeb/TodayRaceInfo/Odds3LenFuku?k_babaCode=19&k_raceDate=2026%2F09%2F28&k_raceNo=1
2026-09-28 14:38:00,14:37,2026-09-28,funabashi,1,2,三連複,8-9-11,27.1,27.1,8,https://www.keiba.go.jp/KeibaWeb/TodayRaceInfo/Odds3LenFuku?k_babaCode=19&k_raceDate=2026%2F09%2F28&k_raceNo=1
2026-09-28 14:38:00,14:37,2026-09-28,funabashi,1,2,三連複,8-9-12,126.8,126.8,33,https://www.keiba.go.jp/KeibaWeb/TodayRaceInfo/Odds3LenFuku?k_babaCode=19&k_raceDate=2026%2F09%2F28&k_raceNo=1
2026-09-28 14:38:00,14:37,2026-09-28,funabashi,1,2,三連複,9-10-11,397.2,397.2,75,https://www.keiba.go.jp/KeibaWeb/TodayRaceInfo/Odds3LenFuku?k_babaCode=19&k_raceDate=2026%2F09%2F28&k_raceNo=1
2026-09-28 14:38:00,14:37,2026-09-28,funabashi,1,2,三連複,9-10-12,1268.9,1268.9,126,https://www.keiba.go.jp/KeibaWeb/TodayRaceInfo/Odds3LenFuku?k_babaCode=19&k_raceDate=2026%2F09%2F28&k_raceNo=1
2026-09-28 14:38:00,14:37,2026-09-28,funabashi,1,2,三連複,9-11-12,127.2,127.2,34,https://www.keiba.go.jp/KeibaWeb/TodayRaceInfo/Odds3LenFuku?k_babaCode=19&k_raceDate=2026%2F09%2F28&k_raceNo=1
2026-09-28 14:38:00,14:37,2026-09-28,funabashi,1,2,馬連,1-10,772.0,772.0,53,https://www.keiba.go.jp/KeibaWeb/TodayRaceInfo/OddsUmLenFuku?k_babaCode=19&k_raceDate=2026%2F09%2F28&k_raceNo=1
2026-09-28 14:38:00,14:37,2026-09-28,funabashi,1,2,馬連,1-11,74.4,74.4,17,https://www.keiba.go.jp/KeibaWeb/TodayRaceInfo/OddsUmLenFuku?k_babaCode=19&k_raceDate=2026%2F09%2F28&k_raceNo=1
2026-09-28 14:38:00,14:37,2026-09-28,funabashi,1,2,馬連,1-12,156.7,156.7,28,https://www.keiba.go.jp/KeibaWeb/TodayRaceInfo/OddsUmLenFuku?k_babaCode=19&k_raceDate=2026%2F09%2F28&k_raceNo=1
2026-09-28 14:38:00,14:37,2026-09-28,funabashi,1,2,馬連,1-2,293.5,293.5,35,https://www.keiba.go.jp/KeibaWeb/TodayRaceInfo/OddsUmLenFuku?k_babaCode=19&k_raceDate=2026%2F09%2F28&k_raceNo=1
2026-09-28 14:38:00,14:37,2026-09-28,funabashi,1,2,馬連,1-3,484.7,484.7,46,https://www.keiba.go.jp/KeibaWeb/TodayRaceInfo/OddsUmLenFuku?k_babaCode=19&k_raceDate=2026%2F09%2F28&k_raceNo=1
2026-09-28 14:38:00,14:37,2026-09-28,funabashi,1,2,馬連,1-4,631.6,631.6,50,https://www.keiba.go.jp/KeibaWeb/TodayRaceInfo/OddsUmLenFuku?k_babaCode=19&k_raceDate=2026%2F09%2F28&k_raceNo=1
2026-09-28 14:38:00,14:37,2026-09-28,funabashi,1,2,馬連,1-5,28.8,28.8,9,https://www.keiba.go.jp/KeibaWeb/TodayRaceInfo/OddsUmLenFuku?k_babaCode=19&k_raceDate=2026%2F09%2F28&k_raceNo=1
2026-09-28 14:38:00,14:37,2026-09-28,funabashi,1,2,馬連,1-6,772.0,772.0,53,https://www.keiba.go.jp/KeibaWeb/TodayRaceInfo/OddsUmLenFuku?k_babaCode=19&k_raceDate=2026%2F09%2F28&k_raceNo=1
2026-09-28 14:38:00,14:37,2026-09-28,funabashi,1,2,馬連,1-7,93.0,93.0,20,https://www.keiba.go.jp/KeibaWeb/TodayRaceInfo/OddsUmLenFuku?k_babaCode=19&k_raceDate=2026%2F09%2F28&k_raceNo=1
2026-09-28 14:38:00,14:37,2026-09-28,funabashi,1,2,馬連,1-8,73.6,73.6,16,https://www.keiba.go.jp/KeibaWeb/TodayRaceInfo/OddsUmLenFuku?k_babaCode=19&k_raceDate=2026%2F09%2F28&k_raceNo=1
2026-09-28 14:38:00,14:37,2026-09-28,funabashi,1,2,馬連,1-9,47.0,47.0,12,https://www.keiba.go.jp/KeibaWeb/TodayRaceInfo/OddsUmLenFuku?k_babaCode=19&k_raceDate=2026%2F09%2F28&k_raceNo=1
2026-09-28 14:38:00,14:37,2026-09-28,funabashi,1,2,馬連,10-11,425.3,425.3,42,https://www.keiba.go.jp/KeibaWeb/TodayRaceInfo/OddsUmLenFuku?k_babaCode=19&k_raceDate=2026%2F09%2F28&k_raceNo=1
2026-09-28 14:38:00,14:37,2026-09-28,funabashi,1,2,馬連,10-12,906.2,906.2,55,https://www.keiba.go.jp/KeibaWeb/TodayRaceInfo/OddsUmLenFuku?k_babaCode=19&k_raceDate=2026%2F09%2F28&k_raceNo=1
2026-09-28 14:38:00,14:37,2026-09-28,funabashi,1,2,馬連,11-12,136.2,136.2,24,https://www.keiba.go.jp/KeibaWeb/TodayRaceInfo/OddsUmLenFuku?k_babaCode=19&k_raceDate=2026%2F09%2F28&k_raceNo=1
2026-09-28 14:38:00,14:37,2026-09-28,funabashi,1,2,馬連,2-10,2605.5,2605.5,66,https://www.keiba.go.jp/KeibaWeb/TodayRaceInfo/OddsUmLenFuku?k_babaCode=19&k_raceDate=2026%2F09%2F28&k_raceNo=1
2026-09-28 14:38:00,14:37,2026-09-28,funabashi,1,2,馬連,2-11,210.5,210.5,32,https://www.keiba.go.jp/KeibaWeb/TodayRaceInfo/OddsUmLenFuku?k_babaCode=19&k_raceDate=2026%2F09%2F28&k_raceNo=1
2026-09-28 14:38:00,14:37,2026-09-28,funabashi,1,2,馬連,2-12,325.6,325.6,36,https://www.keiba.go.jp/KeibaWeb/TodayRaceInfo/OddsUmLenFuku?k_babaCode=19&k_raceDate=2026%2F09%2F28&k_raceNo=1
2026-09-28 14:38:00,14:37,2026-09-28,funabashi,1,2,馬連,2-3,613.0,613.0,49,https://www.keiba.go.jp/KeibaWeb/TodayRaceInfo/OddsUmLenFuku?k_babaCode=19&k_raceDate=2026%2F09%2F28&k_raceNo=1
2026-09-28 14:38:00,14:37,2026-09-28,funabashi,1,2,馬連,2-4,1158.0,1158.0,58,https://www.keiba.go.jp/KeibaWeb/TodayRaceInfo/OddsUmLenFuku?k_babaCode=19&k_raceDate=2026%2F09%2F28&k_raceNo=1
2026-09-28 14:38:00,14:37,2026-09-28,funabashi,1,2,馬連,2-5,67.8,67.8,15,https://www.keiba.go.jp/KeibaWeb/TodayRaceInfo/OddsUmLenFuku?k_babaCode=19&k_raceDate=2026%2F09%2F28&k_raceNo=1
2026-09-28 14:38:00,14:37,2026-09-28,funabashi,1,2,馬連,2-6,1737.0,1737.0,61,https://www.keiba.go.jp/KeibaWeb/TodayRaceInfo/OddsUmLenFuku?k_babaCode=19&k_raceDate=2026%2F09%2F28&k_raceNo=1
2026-09-28 14:38:00,14:37,2026-09-28,funabashi,1,2,馬連,2-7,285.5,285.5,34,https://www.keiba.go.jp/KeibaWeb/TodayRaceInfo/OddsUmLenFuku?k_babaCode=19&k_raceDate=2026%2F09%2F28&k_raceNo=1
2026-09-28 14:38:00,14:37,2026-09-28,funabashi,1,2,馬連,2-8,159.1,159.1,29,https://www.keiba.go.jp/KeibaWeb/TodayRaceInfo/OddsUmLenFuku?k_babaCode=19&k_raceDate=2026%2F09%2F28&k_raceNo=1
2026-09-28 14:38:00,14:37,2026-09-28,funabashi,1,2,馬連,2-9,106.8,106.8,22,https://www.keiba.go.jp/KeibaWeb/TodayRaceInfo/OddsUmLenFuku?k_babaCode=19&k_raceDate=2026%2F09%2F28&k_raceNo=1
2026-09-28 14:38:00,14:37,2026-09-28,funabashi,1,2,馬連,3-10,1894.9,1894.9,62,https://www.keiba.go.jp/KeibaWeb/TodayRaceInfo/OddsUmLenFuku?k_babaCode=19&k_raceDate=2026%2F09%2F28&k_raceNo=1
2026-09-28 14:38:00,14:37,2026-09-28,funabashi,1,2,馬連,3-11,336.1,336.1,38,https://www.keiba.go.jp/KeibaWeb/TodayRaceInfo/OddsUmLenFuku?k_babaCode=19&k_raceDate=2026%2F09%2F28&k_raceNo=1
2026-09-28 14:38:00,14:37,2026-09-28,funabashi,1,2,馬連,3-12,694.8,694.8,52,https://www.keiba.go.jp/KeibaWeb/TodayRaceInfo/OddsUmLenFuku?k_babaCode=19&k_raceDate=2026%2F09%2F28&k_raceNo=1
2026-09-28 14:38:00,14:37,2026-09-28,funabashi,1,2,馬連,3-4,1894.9,1894.9,62,https://www.keiba.go.jp/KeibaWeb/TodayRaceInfo/OddsUmLenFuku?k_babaCode=19&k_raceDate=2026%2F09%2F28&k_raceNo=1
2026-09-28 14:38:00,14:37,2026-09-28,funabashi,1,2,馬連,3-5,89.8,89.8,18,https://www.keiba.go.jp/KeibaWeb/TodayRaceInfo/OddsUmLenFuku?k_babaCode=19&k_raceDate=2026%2F09%2F28&k_raceNo=1
2026-09-28 14:38:00,14:37,2026-09-28,funabashi,1,2,馬連,3-6,1603.3,1603.3,59,https://www.keiba.go.jp/KeibaWeb/TodayRaceInfo/OddsUmLenFuku?k_babaCode=19&k_raceDate=2026%2F09%2F28&k_raceNo=1
2026-09-28 14:38:00,14:37,2026-09-28,funabashi,1,2,馬連,3-7,347.4,347.4,39,https://www.keiba.go.jp/KeibaWeb/TodayRaceInfo/OddsUmLenFuku?k_babaCode=19&k_raceDate=2026%2F09%2F28&k_raceNo=1
2026-09-28 14:38:00,14:37,2026-09-28,funabashi,1,2,馬連,3-8,325.6,325.6,36,https://www.keiba.go.jp/KeibaWeb/TodayRaceInfo/OddsUmLenFuku?k_babaCode=19&k_raceDate=2026%2F09%2F28&k_raceNo=1
2026-09-28 14:38:00,14:37,2026-09-28,funabashi,1,2,馬連,3-9,179.6,179.6,30,https://www.keiba.go.jp/KeibaWeb/TodayRaceInfo/OddsUmLenFuku?k_babaCode=19&k_raceDate=2026%2F09%2F28&k_raceNo=1
2026-09-28 14:38:00,14:37,2026-09-28,funabashi,1,2,馬連,4-10,1894.9,1894.9,62,https://www.keiba.go.jp/KeibaWeb/TodayRaceInfo/OddsUmLenFuku?k_babaCode=19&k_raceDate=2026%2F09%2F28&k_raceNo=1
2026-09-28 14:38:00,14:37,2026-09-28,funabashi,1,2,馬連,4-11,473.7,473.7,45,https://www.keiba.go.jp/KeibaWeb/TodayRaceInfo/OddsUmLenFuku?k_babaCode=19&k_raceDate=2026%2F09%2F28&k_raceNo=1
2026-09-28 14:38:00,14:37,2026-09-28,funabashi,1,2,馬連,4-12,631.6,631.6,50,https://www.keiba.go.jp/KeibaWeb/TodayRaceInfo/OddsUmLenFuku?k_babaCode=19&k_raceDate=2026%2F09%2F28&k_raceNo=1
2026-09-28 14:38:00,14:37,2026-09-28,funabashi,1,2,馬連,4-5,143.7,143.7,25,https://www.keiba.go.jp/KeibaWeb/TodayRaceInfo/OddsUmLenFuku?k_babaCode=19&k_raceDate=2026%2F09%2F28&k_raceNo=1
2026-09-28 14:38:00,14:37,2026-09-28,funabashi,1,2,馬連,4-6,1603.3,1603.3,59,https://www.keiba.go.jp/KeibaWeb/TodayRaceInfo/OddsUmLenFuku?k_babaCode=19&k_raceDate=2026%2F09%2F28&k_raceNo=1
2026-09-28 14:38:00,14:37,2026-09-28,funabashi,1,2,馬連,4-7,453.1,453.1,44,https://www.keiba.go.jp/KeibaWeb/TodayRaceInfo/OddsUmLenFuku?k_babaCode=19&k_raceDate=2026%2F09%2F28&k_raceNo=1
2026-09-28 14:38:00,14:37,2026-09-28,funabashi,1,2,馬連,4-8,353.2,353.2,40,https://www.keiba.go.jp/KeibaWeb/TodayRaceInfo/OddsUmLenFuku?k_babaCode=19&k_raceDate=2026%2F09%2F28&k_raceNo=1
2026-09-28 14:38:00,14:37,2026-09-28,funabashi,1,2,馬連,4-9,212.6,212.6,33,https://www.keiba.go.jp/KeibaWeb/TodayRaceInfo/OddsUmLenFuku?k_babaCode=19&k_raceDate=2026%2F09%2F28&k_raceNo=1
2026-09-28 14:38:00,14:37,2026-09-28,funabashi,1,2,馬連,5-10,144.7,144.7,26,https://www.keiba.go.jp/KeibaWeb/TodayRaceInfo/OddsUmLenFuku?k_babaCode=19&k_raceDate=2026%2F09%2F28&k_raceNo=1
2026-09-28 14:38:00,14:37,2026-09-28,funabashi,1,2,馬連,5-11,12.2,12.2,5,https://www.keiba.go.jp/KeibaWeb/TodayRaceInfo/OddsUmLenFuku?k_babaCode=19&k_raceDate=2026%2F09%2F28&k_raceNo=1
2026-09-28 14:38:00,14:37,2026-09-28,funabashi,1,2,馬連,5-12,49.6,49.6,13,https://www.keiba.go.jp/KeibaWeb/TodayRaceInfo/OddsUmLenFuku?k_babaCode=19&k_raceDate=2026%2F09%2F28&k_raceNo=1
2026-09-28 14:38:00,14:37,2026-09-28,funabashi,1,2,馬連,5-6,101.1,101.1,21,https://www.keiba.go.jp/KeibaWeb/TodayRaceInfo/OddsUmLenFuku?k_babaCode=19&k_raceDate=2026%2F09%2F28&k_raceNo=1
2026-09-28 14:38:00,14:37,2026-09-28,funabashi,1,2,馬連,5-7,6.0,6.0,2,https://www.keiba.go.jp/KeibaWeb/TodayRaceInfo/OddsUmLenFuku?k_babaCode=19&k_raceDate=2026%2F09%2F28&k_raceNo=1
2026-09-28 14:38:00,14:37,2026-09-28,funabashi,1,2,馬連,5-8,9.1,9.1,3,https://www.keiba.go.jp/KeibaWeb/TodayRaceInfo/OddsUmLenFuku?k_babaCode=19&k_raceDate=2026%2F09%2F28&k_raceNo=1
2026-09-28 14:38:00,14:37,2026-09-28,funabashi,1,2,馬連,5-9,2.8,2.8,1,https://www.keiba.go.jp/KeibaWeb/TodayRaceInfo/OddsUmLenFuku?k_babaCode=19&k_raceDate=2026%2F09%2F28&k_raceNo=1
2026-09-28 14:38:00,14:37,2026-09-28,funabashi,1,2,馬連,6-10,2316.0,2316.0,65,https://www.keiba.go.jp/KeibaWeb/TodayRaceInfo/OddsUmLenFuku?k_babaCode=19&k_raceDate=2026%2F09%2F28&k_raceNo=1
2026-09-28 14:38:00,14:37,2026-09-28,funabashi,1,2,馬連,6-11,386.0,386.0,41,https://www.keiba.go.jp/KeibaWeb/TodayRaceInfo/OddsUmLenFuku?k_babaCode=19&k_raceDate=2026%2F09%2F28&k_raceNo=1
2026-09-28 14:38:00,14:37,2026-09-28,funabashi,1,2,馬連,6-12,1042.2,1042.2,57,https://www.keiba.go.jp/KeibaWeb/TodayRaceInfo/OddsUmLenFuku?k_babaCode=19&k_raceDate=2026%2F09%2F28&k_raceNo=1
2026-09-28 14:38:00,14:37,2026-09-28,funabashi,1,2,馬連,6-7,484.7,484.7,46,https://www.keiba.go.jp/KeibaWeb/TodayRaceInfo/OddsUmLenFuku?k_babaCode=19&k_raceDate=2026%2F09%2F28&k_raceNo=1
2026-09-28 14:38:00,14:37,2026-09-28,funabashi,1,2,馬連,6-8,521.1,521.1,48,https://www.keiba.go.jp/KeibaWeb/TodayRaceInfo/OddsUmLenFuku?k_babaCode=19&k_raceDate=2026%2F09%2F28&k_raceNo=1
2026-09-28 14:38:00,14:37,2026-09-28,funabashi,1,2,馬連,6-9,187.7,187.7,31,https://www.keiba.go.jp/KeibaWeb/TodayRaceInfo/OddsUmLenFuku?k_babaCode=19&k_raceDate=2026%2F09%2F28&k_raceNo=1
2026-09-28 14:38:00,14:37,2026-09-28,funabashi,1,2,馬連,7-10,906.2,906.2,55,https://www.keiba.go.jp/KeibaWeb/TodayRaceInfo/OddsUmLenFuku?k_babaCode=19&k_raceDate=2026%2F09%2F28&k_raceNo=1
2026-09-28 14:38:00,14:37,2026-09-28,funabashi,1,2,馬連,7-11,44.2,44.2,11,https://www.keiba.go.jp/KeibaWeb/TodayRaceInfo/OddsUmLenFuku?k_babaCode=19&k_raceDate=2026%2F09%2F28&k_raceNo=1
2026-09-28 14:38:00,14:37,2026-09-28,funabashi,1,2,馬連,7-12,91.8,91.8,19,https://www.keiba.go.jp/KeibaWeb/TodayRaceInfo/OddsUmLenFuku?k_babaCode=19&k_raceDate=2026%2F09%2F28&k_raceNo=1
2026-09-28 14:38:00,14:37,2026-09-28,funabashi,1,2,馬連,7-8,31.4,31.4,10,https://www.keiba.go.jp/KeibaWeb/TodayRaceInfo/OddsUmLenFuku?k_babaCode=19&k_raceDate=2026%2F09%2F28&k_raceNo=1
2026-09-28 14:38:00,14:37,2026-09-28,funabashi,1,2,馬連,7-9,11.5,11.5,4,https://www.keiba.go.jp/KeibaWeb/TodayRaceInfo/OddsUmLenFuku?k_babaCode=19&k_raceDate=2026%2F09%2F28&k_raceNo=1
2026-09-28 14:38:00,14:37,2026-09-28,funabashi,1,2,馬連,8-10,425.3,425.3,42,https://www.keiba.go.jp/KeibaWeb/TodayRaceInfo/OddsUmLenFuku?k_babaCode=19&k_raceDate=2026%2F09%2F28&k_raceNo=1
2026-09-28 14:38:00,14:37,2026-09-28,funabashi,1,2,馬連,8-11,23.4,23.4,8,https://www.keiba.go.jp/KeibaWeb/TodayRaceInfo/OddsUmLenFuku?k_babaCode=19&k_raceDate=2026%2F09%2F28&k_raceNo=1
2026-09-28 14:38:00,14:37,2026-09-28,funabashi,1,2,馬連,8-12,110.8,110.8,23,https://www.keiba.go.jp/KeibaWeb/TodayRaceInfo/OddsUmLenFuku?k_babaCode=19&k_raceDate=2026%2F09%2F28&k_raceNo=1
2026-09-28 14:38:00,14:37,2026-09-28,funabashi,1,2,馬連,8-9,14.1,14.1,6,https://www.keiba.go.jp/KeibaWeb/TodayRaceInfo/OddsUmLenFuku?k_babaCode=19&k_raceDate=2026%2F09%2F28&k_raceNo=1
2026-09-28 14:38:00,14:37,2026-09-28,funabashi,1,2,馬連,9-10,154.4,154.4,27,https://www.keiba.go.jp/KeibaWeb/TodayRaceInfo/OddsUmLenFuku?k_babaCode=19&k_raceDate=2026%2F09%2F28&k_raceNo=1
2026-09-28 14:38:00,14:37,2026-09-28,funabashi,1,2,馬連,9-11,17.7,17.7,7,https://www.keiba.go.jp/KeibaWeb/TodayRaceInfo/OddsUmLenFuku?k_babaCode=19&k_raceDate=2026%2F09%2F28&k_raceNo=1
2026-09-28 14:38:00,14:37,2026-09-28,funabashi,1,2,馬連,9-12,62.0,62.0,14,https://www.keiba.go.jp/KeibaWeb/TodayRaceInfo/OddsUmLenFuku?k_babaCode=19&k_raceDate=2026%2F09%2F28&k_raceNo=1
2026-09-28 14:40:00,14:39,2026-09-28,funabashi,2,30,ワイド,1-10,8.6,9.5,11,https://www.keiba.go.jp/KeibaWeb/TodayRaceInfo/OddsWide?k_babaCode=19&k_raceDate=2026%2F09%2F28&k_raceNo=2
2026-09-28 14:40:00,14:39,2026-09-28,funabashi,2,30,ワイド,1-11,3.0,3.2,1,https://www.keiba.go.jp/KeibaWeb/TodayRaceInfo/OddsWide?k_babaCode=19&k_raceDate=2026%2F09%2F28&k_raceNo=2
2026-09-28 14:40:00,14:39,2026-09-28,funabashi,2,30,ワイド,1-12,7.2,8.3,7,https://www.keiba.go.jp/KeibaWeb/TodayRaceInfo/OddsWide?k_babaCode=19&k_raceDate=2026%2F09%2F28&k_raceNo=2
2026-09-28 14:40:00,14:39,2026-09-28,funabashi,2,30,ワイド,1-2,27.3,30.0,40,https://www.keiba.go.jp/KeibaWeb/TodayRaceInfo/OddsWide?k_babaCode=19&k_raceDate=2026%2F09%2F28&k_raceNo=2
2026-09-28 14:40:00,14:39,2026-09-28,funabashi,2,30,ワイド,1-3,10.0,11.3,12,https://www.keiba.go.jp/KeibaWeb/TodayRaceInfo/OddsWide?k_babaCode=19&k_raceDate=2026%2F09%2F28&k_raceNo=2
2026-09-28 14:40:00,14:39,2026-09-28,funabashi,2,30,ワイド,1-4,14.2,15.8,21,https://www.keiba.go.jp/KeibaWeb/TodayRaceInfo/OddsWide?k_babaCode=19&k_raceDate=2026%2F09%2F28&k_raceNo=2
2026-09-28 14:40:00,14:39,2026-09-28,funabashi,2,30,ワイド,1-5,14.8,16.4,22,https://www.keiba.go.jp/KeibaWeb/TodayRaceInfo/OddsWide?k_babaCode=19&k_raceDate=2026%2F09%2F28&k_raceNo=2
2026-09-28 14:40:00,14:39,2026-09-28,funabashi,2,30,ワイド,1-6,12.5,13.8,17,https://www.keiba.go.jp/KeibaWeb/TodayRaceInfo/OddsWide?k_babaCode=19&k_raceDate=2026%2F09%2F28&k_raceNo=2
2026-09-28 14:40:00,14:39,2026-09-28,funabashi,2,30,ワイド,1-7,8.6,9.4,10,https://www.keiba.go.jp/KeibaWeb/TodayRaceInfo/OddsWide?k_babaCode=19&k_raceDate=2026%2F09%2F28&k_raceNo=2
2026-09-28 14:40:00,14:39,2026-09-28,funabashi,2,30,ワイド,1-8,5.8,6.6,4,https://www.keiba.go.jp/KeibaWeb/TodayRaceInfo/OddsWide?k_babaCode=19&k_raceDate=2026%2F09%2F28&k_raceNo=2
2026-09-28 14:40:00,14:39,2026-09-28,funabashi,2,30,ワイド,1-9,36.0,39.3,50,https://www.keiba.go.jp/KeibaWeb/TodayRaceInfo/OddsWide?k_babaCode=19&k_raceDate=2026%2F09%2F28&k_raceNo=2
2026-09-28 14:40:00,14:39,2026-09-28,funabashi,2,30,ワイド,10-11,8.0,8.9,9,https://www.keiba.go.jp/KeibaWeb/TodayRaceInfo/OddsWide?k_babaCode=19&k_raceDate=2026%2F09%2F28&k_raceNo=2
2026-09-28 14:40:00,14:39,2026-09-28,funabashi,2,30,ワイド,10-12,6.6,7.1,6,https://www.keiba.go.jp/KeibaWeb/TodayRaceInfo/OddsWide?k_babaCode=19&k_raceDate=2026%2F09%2F28&k_raceNo=2
2026-09-28 14:40:00,14:39,2026-09-28,funabashi,2,30,ワイド,11-12,4.4,4.9,2,https://www.keiba.go.jp/KeibaWeb/TodayRaceInfo/OddsWide?k_babaCode=19&k_raceDate=2026%2F09%2F28&k_raceNo=2
2026-09-28 14:40:00,14:39,2026-09-28,funabashi,2,30,ワイド,2-10,32.1,33.4,47,https://www.keiba.go.jp/KeibaWeb/TodayRaceInfo/OddsWide?k_babaCode=19&k_raceDate=2026%2F09%2F28&k_raceNo=2
2026-09-28 14:40:00,14:39,2026-09-28,funabashi,2,30,ワイド,2-11,25.6,28.1,38,https://www.keiba.go.jp/KeibaWeb/TodayRaceInfo/OddsWide?k_babaCode=19&k_raceDate=2026%2F09%2F28&k_raceNo=2
2026-09-28 14:40:00,14:39,2026-09-28,funabashi,2,30,ワイド,2-12,22.9,24.2,33,https://www.keiba.go.jp/KeibaWeb/TodayRaceInfo/OddsWide?k_babaCode=19&k_raceDate=2026%2F09%2F28&k_raceNo=2
2026-09-28 14:40:00,14:39,2026-09-28,funabashi,2,30,ワイド,2-3,82.7,86.5,59,https://www.keiba.go.jp/KeibaWeb/TodayRaceInfo/OddsWide?k_babaCode=19&k_raceDate=2026%2F09%2F28&k_raceNo=2
2026-09-28 14:40:00,14:39,2026-09-28,funabashi,2,30,ワイド,2-4,70.5,72.2,58,https://www.keiba.go.jp/KeibaWeb/TodayRaceInfo/OddsWide?k_babaCode=19&k_raceDate=2026%2F09%2F28&k_raceNo=2
2026-09-28 14:40:00,14:39,2026-09-28,funabashi,2,30,ワイド,2-5,44.7,45.8,53,https://www.keiba.go.jp/KeibaWeb/TodayRaceInfo/OddsWide?k_babaCode=19&k_raceDate=2026%2F09%2F28&k_raceNo=2
2026-09-28 14:40:00,14:39,2026-09-28,funabashi,2,30,ワイド,2-6,60.4,61.9,57,https://www.keiba.go.jp/KeibaWeb/TodayRaceInfo/OddsWide?k_babaCode=19&k_raceDate=2026%2F09%2F28&k_raceNo=2
2026-09-28 14:40:00,14:39,2026-09-28,funabashi,2,30,ワイド,2-7,93.1,96.0,62,https://www.keiba.go.jp/KeibaWeb/TodayRaceInfo/OddsWide?k_babaCode=19&k_raceDate=2026%2F09%2F28&k_raceNo=2
2026-09-28 14:40:00,14:39,2026-09-28,funabashi,2,30,ワイド,2-8,21.5,22.5,31,https://www.keiba.go.jp/KeibaWeb/TodayRaceInfo/OddsWide?k_babaCode=19&k_raceDate=2026%2F09%2F28&k_raceNo=2
2026-09-28 14:40:00,14:39,2026-09-28,funabashi,2,30,ワイド,2-9,85.3,86.5,61,https://www.keiba.go.jp/KeibaWeb/TodayRaceInfo/OddsWide?k_babaCode=19&k_raceDate=2026%2F09%2F28&k_raceNo=2
2026-09-28 14:40:00,14:39,2026-09-28,funabashi,2,30,ワイド,3-10,17.2,18.3,27,https://www.keiba.go.jp/KeibaWeb/TodayRaceInfo/OddsWide?k_babaCode=19&k_raceDate=2026%2F09%2F28&k_raceNo=2
2026-09-28 14:40:00,14:39,2026-09-28,funabashi,2,30,ワイド,3-11,6.0,6.7,5,https://www.keiba.go.jp/KeibaWeb/TodayRaceInfo/OddsWide?k_babaCode=19&k_raceDate=2026%2F09%2F28&k_raceNo=2
2026-09-28 14:40:00,14:39,2026-09-28,funabashi,2,30,ワイド,3-12,14.9,16.3,23,https://www.keiba.go.jp/KeibaWeb/TodayRaceInfo/OddsWide?k_babaCode=19&k_raceDate=2026%2F09%2F28&k_raceNo=2
2026-09-28 14:40:00,14:39,2026-09-28,funabashi,2,30,ワイド,3-4,28.5,30.1,41,https://www.keiba.go.jp/KeibaWeb/TodayRaceInfo/OddsWide?k_babaCode=19&k_raceDate=2026%2F09%2F28&k_raceNo=2
2026-09-28 14:40:00,14:39,2026-09-28,funabashi,2,30,ワイド,3-5,24.4,25.8,36,https://www.keiba.go.jp/KeibaWeb/TodayRaceInfo/OddsWide?k_babaCode=19&k_raceDate=2026%2F09%2F28&k_raceNo=2
2026-09-28 14:40:00,14:39,2026-09-28,funabashi,2,30,ワイド,3-6,23.7,25.0,35,https://www.keiba.go.jp/KeibaWeb/TodayRaceInfo/OddsWide?k_babaCode=19&k_raceDate=2026%2F09%2F28&k_raceNo=2
2026-09-28 14:40:00,14:39,2026-09-28,funabashi,2,30,ワイド,3-7,23.2,24.4,34,https://www.keiba.go.jp/KeibaWeb/TodayRaceInfo/OddsWide?k_babaCode=19&k_raceDate=2026%2F09%2F28&k_raceNo=2
2026-09-28 14:40:00,14:39,2026-09-28,funabashi,2,30,ワイド,3-8,11.2,12.1,14,https://www.keiba.go.jp/KeibaWeb/TodayRaceInfo/OddsWide?k_babaCode=19&k_raceDate=2026%2F09%2F28&k_raceNo=2
2026-09-28 14:40:00,14:39,2026-09-28,funabashi,2,30,ワイド,3-9,118.2,123.3,64,https://www.keiba.go.jp/KeibaWeb/TodayRaceInfo/OddsWide?k_babaCode=19&k_raceDate=2026%2F09%2F28&k_raceNo=2
2026-09-28 14:40:00,14:39,2026-09-28,funabashi,2,30,ワイド,4-10,29.8,31.1,43,https://www.keiba.go.jp/KeibaWeb/TodayRaceInfo/OddsWide?k_babaCode=19&k_raceDate=2026%2F09%2F28&k_raceNo=2
2026-09-28 14:40:00,14:39,2026-09-28,funabashi,2,30,ワイド,4-11,12.0,13.2,15,https://www.keiba.go.jp/KeibaWeb/TodayRaceInfo/OddsWide?k_babaCode=19&k_raceDate=2026%2F09%2F28&k_raceNo=2
2026-09-28 14:40:00,14:39,2026-09-28,funabashi,2,30,ワイド,4-12,20.5,21.9,29,https://www.keiba.go.jp/KeibaWeb/TodayRaceInfo/OddsWide?k_babaCode=19&k_raceDate=2026%2F09%2F28&k_raceNo=2
2026-09-28 14:40:00,14:39,2026-09-28,funabashi,2,30,ワイド,4-5,56.0,58.0,56,https://www.keiba.go.jp/KeibaWeb/TodayRaceInfo/OddsWide?k_babaCode=19&k_raceDate=2026%2F09%2F28&k_raceNo=2
2026-09-28 14:40:00,14:39,2026-09-28,funabashi,2,30,ワイド,4-6,31.2,32.3,45,https://www.keiba.go.jp/KeibaWeb/TodayRaceInfo/OddsWide?k_babaCode=19&k_raceDate=2026%2F09%2F28&k_raceNo=2
2026-09-28 14:40:00,14:39,2026-09-28,funabashi,2,30,ワイド,4-7,44.0,45.7,51,https://www.keiba.go.jp/KeibaWeb/TodayRaceInfo/OddsWide?k_babaCode=19&k_raceDate=2026%2F09%2F28&k_raceNo=2
2026-09-28 14:40:00,14:39,2026-09-28,funabashi,2,30,ワイド,4-8,15.7,16.7,24,https://www.keiba.go.jp/KeibaWeb/TodayRaceInfo/OddsWide?k_babaCode=19&k_raceDate=2026%2F09%2F28&k_raceNo=2
2026-09-28 14:40:00,14:39,2026-09-28,funabashi,2,30,ワイド,4-9,120.7,123.4,65,https://www.keiba.go.jp/KeibaWeb/TodayRaceInfo/OddsWide?k_babaCode=19&k_raceDate=2026%2F09%2F28&k_raceNo=2
2026-09-28 14:40:00,14:39,2026-09-28,funabashi,2,30,ワイド,5-10,16.6,17.3,26,https://www.keiba.go.jp/KeibaWeb/TodayRaceInfo/OddsWide?k_babaCode=19&k_raceDate=2026%2F09%2F28&k_raceNo=2
2026-09-28 14:40:00,14:39,2026-09-28,funabashi,2,30,ワイド,5-11,12.9,14.3,18,https://www.keiba.go.jp/KeibaWeb/TodayRaceInfo/OddsWide?k_babaCode=19&k_raceDate=2026%2F09%2F28&k_raceNo=2
2026-09-28 14:40:00,14:39,2026-09-28,funabashi,2,30,ワイド,5-12,21.0,22.4,30,https://www.keiba.go.jp/KeibaWeb/TodayRaceInfo/OddsWide?k_babaCode=19&k_raceDate=2026%2F09%2F28&k_raceNo=2
2026-09-28 14:40:00,14:39,2026-09-28,funabashi,2,30,ワイド,5-6,33.8,34.9,49,https://www.keiba.go.jp/KeibaWeb/TodayRaceInfo/OddsWide?k_babaCode=19&k_raceDate=2026%2F09%2F28&k_raceNo=2
2026-09-28 14:40:00,14:39,2026-09-28,funabashi,2,30,ワイド,5-7,44.0,45.8,52,https://www.keiba.go.jp/KeibaWeb/TodayRaceInfo/OddsWide?k_babaCode=19&k_raceDate=2026%2F09%2F28&k_raceNo=2
2026-09-28 14:40:00,14:39,2026-09-28,funabashi,2,30,ワイド,5-8,14.0,14.8,20,https://www.keiba.go.jp/KeibaWeb/TodayRaceInfo/OddsWide?k_babaCode=19&k_raceDate=2026%2F09%2F28&k_raceNo=2
2026-09-28 14:40:00,14:39,2026-09-28,funabashi,2,30,ワイド,5-9,843.5,859.7,66,https://www.keiba.go.jp/KeibaWeb/TodayRaceInfo/OddsWide?k_babaCode=19&k_raceDate=2026%2F09%2F28&k_raceNo=2
2026-09-28 14:40:00,14:39,2026-09-28,funabashi,2,30,ワイド,6-10,29.8,31.1,43,https://www.keiba.go.jp/KeibaWeb/TodayRaceInfo/OddsWide?k_babaCode=19&k_raceDate=2026%2F09%2F28&k_raceNo=2
2026-09-28 14:40:00,14:39,2026-09-28,funabashi,2,30,ワイド,6-11,12.0,13.2,15,https://www.keiba.go.jp/KeibaWeb/TodayRaceInfo/OddsWide?k_babaCode=19&k_raceDate=2026%2F09%2F28&k_raceNo=2
2026-09-28 14:40:00,14:39,2026-09-28,funabashi,2,30,ワイド,6-12,22.7,24.2,32,https://www.keiba.go.jp/KeibaWeb/TodayRaceInfo/OddsWide?k_babaCode=19&k_raceDate=2026%2F09%2F28&k_raceNo=2
2026-09-28 14:40:00,14:39,2026-09-28,funabashi,2,30,ワイド,6-7,32.2,33.5,48,https://www.keiba.go.jp/KeibaWeb/TodayRaceInfo/OddsWide?k_babaCode=19&k_raceDate=2026%2F09%2F28&k_raceNo=2
2026-09-28 14:40:00,14:39,2026-09-28,funabashi,2,30,ワイド,6-8,13.7,14.5,19,https://www.keiba.go.jp/KeibaWeb/TodayRaceInfo/OddsWide?k_babaCode=19&k_raceDate=2026%2F09%2F28&k_raceNo=2
2026-09-28 14:40:00,14:39,2026-09-28,funabashi,2,30,ワイド,6-9,94.0,95.9,63,https://www.keiba.go.jp/KeibaWeb/TodayRaceInfo/OddsWide?k_babaCode=19&k_raceDate=2026%2F09%2F28&k_raceNo=2
2026-09-28 14:40:00,14:39,2026-09-28,funabashi,2,30,ワイド,7-10,25.2,26.4,37,https://www.keiba.go.jp/KeibaWeb/TodayRaceInfo/OddsWide?k_babaCode=19&k_raceDate=2026%2F09%2F28&k_raceNo=2
2026-09-28 14:40:00,14:39,2026-09-28,funabashi,2,30,ワイド,7-11,19.5,21.9,28,https://www.keiba.go.jp/KeibaWeb/TodayRaceInfo/OddsWide?k_babaCode=19&k_raceDate=2026%2F09%2F28&k_raceNo=2
2026-09-28 14:40:00,14:39,2026-09-28,funabashi,2,30,ワイド,7-12,26.5,28.0,39,https://www.keiba.go.jp/KeibaWeb/TodayRaceInfo/OddsWide?k_babaCode=19&k_raceDate=2026%2F09%2F28&k_raceNo=2
2026-09-28 14:40:00,14:39,2026-09-28,funabashi,2,30,ワイド,7-8,15.9,17.0,25,https://www.keiba.go.jp/KeibaWeb/TodayRaceInfo/OddsWide?k_babaCode=19&k_raceDate=2026%2F09%2F28&k_raceNo=2
2026-09-28 14:40:00,14:39,2026-09-28,funabashi,2,30,ワイド,7-9,84.0,86.5,60,https://www.keiba.go.jp/KeibaWeb/TodayRaceInfo/OddsWide?k_babaCode=19&k_raceDate=2026%2F09%2F28&k_raceNo=2
2026-09-28 14:40:00,14:39,2026-09-28,funabashi,2,30,ワイド,8-10,11.1,11.9,13,https://www.keiba.go.jp/KeibaWeb/TodayRaceInfo/OddsWide?k_babaCode=19&k_raceDate=2026%2F09%2F28&k_raceNo=2
2026-09-28 14:40:00,14:39,2026-09-28,funabashi,2,30,ワイド,8-11,5.5,6.2,3,https://www.keiba.go.jp/KeibaWeb/TodayRaceInfo/OddsWide?k_babaCode=19&k_raceDate=2026%2F09%2F28&k_raceNo=2
2026-09-28 14:40:00,14:39,2026-09-28,funabashi,2,30,ワイド,8-12,7.5,8.2,8,https://www.keiba.go.jp/KeibaWeb/TodayRaceInfo/OddsWide?k_babaCode=19&k_raceDate=2026%2F09%2F28&k_raceNo=2
2026-09-28 14:40:00,14:39,2026-09-28,funabashi,2,30,ワイド,8-9,55.2,57.3,55,https://www.keiba.go.jp/KeibaWeb/TodayRaceInfo/OddsWide?k_babaCode=19&k_raceDate=2026%2F09%2F28&k_raceNo=2
2026-09-28 14:40:00,14:39,2026-09-28,funabashi,2,30,ワイド,9-10,46.3,48.0,54,https://www.keiba.go.jp/KeibaWeb/TodayRaceInfo/OddsWide?k_babaCode=19&k_raceDate=2026%2F09%2F28&k_raceNo=2
2026-09-28 14:40:00,14:39,2026-09-28,funabashi,2,30,ワイド,9-11,31.7,34.6,46,https://www.keiba.go.jp/KeibaWeb/TodayRaceInfo/OddsWide?k_babaCode=19&k_raceDate=2026%2F09%2F28&k_raceNo=2
2026-09-28 14:40:00,14:39,2026-09-28,funabashi,2,30,ワイド,9-12,29.4,31.0,42,https://www.keiba.go.jp/KeibaWeb/TodayRaceInfo/OddsWide?k_babaCode=19&k_raceDate=2026%2F09%2F28&k_raceNo=2
2026-09-28 14:40:00,14:39,2026-09-28,funabashi,2,30,三連複,1-10-11,29.8,29.8,7,https://www.keiba.go.jp/KeibaWeb/TodayRaceInfo/Odds3LenFuku?k_babaCode=19&k_raceDate=2026%2F09%2F28&k_raceNo=2
2026-09-28 14:40:00,14:39,2026-09-28,funabashi,2,30,三連複,1-10-12,41.2,41.2,11,https://www.keiba.go.jp/KeibaWeb/TodayRaceInfo/Odds3LenFuku?k_babaCode=19&k_raceDate=2026%2F09%2F28&k_raceNo=2
2026-09-28 14:40:00,14:39,2026-09-28,funabashi,2,30,三連複,1-11-12,14.9,14.9,1,https://www.keiba.go.jp/KeibaWeb/TodayRaceInfo/Odds3LenFuku?k_babaCode=19&k_raceDate=2026%2F09%2F28&k_raceNo=2
2026-09-28 14:40:00,14:39,2026-09-28,funabashi,2,30,三連複,1-2-10,285.3,285.3,88,https://www.keiba.go.jp/KeibaWeb/TodayRaceInfo/Odds3LenFuku?k_babaCode=19&k_raceDate=2026%2F09%2F28&k_raceNo=2
2026-09-28 14:40:00,14:39,2026-09-28,funabashi,2,30,三連複,1-2-11,139.4,139.4,52,https://www.keiba.go.jp/KeibaWeb/TodayRaceInfo/Odds3LenFuku?k_babaCode=19&k_raceDate=2026%2F09%2F28&k_raceNo=2
2026-09-28 14:40:00,14:39,2026-09-28,funabashi,2,30,三連複,1-2-12,190.2,190.2,69,https://www.keiba.go.jp/KeibaWeb/TodayRaceInfo/Odds3LenFuku?k_babaCode=19&k_raceDate=2026%2F09%2F28&k_raceNo=2
2026-09-28 14:40:00,14:39,2026-09-28,funabashi,2,30,三連複,1-2-3,570.6,570.6,140,https://www.keiba.go.jp/KeibaWeb/TodayRaceInfo/Odds3LenFuku?k_babaCode=19&k_raceDate=2026%2F09%2F28&k_raceNo=2
2026-09-28 14:40:00,14:39,2026-09-28,funabashi,2,30,三連複,1-2-4,523.0,523.0,137,https://www.keiba.go.jp/KeibaWeb/TodayRaceInfo/Odds3LenFuku?k_babaCode=19&k_raceDate=2026%2F09%2F28&k_raceNo=2
2026-09-28 14:40:00,14:39,2026-09-28,funabashi,2,30,三連複,1-2-5,448.3,448.3,126,https://www.keiba.go.jp/KeibaWeb/TodayRaceInfo/Odds3LenFuku?k_babaCode=19&k_raceDate=2026%2F09%2F28&k_raceNo=2
2026-09-28 14:40:00,14:39,2026-09-28,funabashi,2,30,三連複,1-2-6,313.8,313.8,99,https://www.keiba.go.jp/KeibaWeb/TodayRaceInfo/Odds3LenFuku?k_babaCode=19&k_raceDate=2026%2F09%2F28&k_raceNo=2
2026-09-28 14:40:00,14:39,2026-09-28,funabashi,2,30,三連複,1-2-7,627.7,627.7,145,https://www.keiba.go.jp/KeibaWeb/TodayRaceInfo/Odds3LenFuku?k_babaCode=19&k_raceDate=2026%2F09%2F28&k_raceNo=2
2026-09-28 14:40:00,14:39,2026-09-28,funabashi,2,30,三連複,1-2-8,298.9,298.9,92,https://www.keiba.go.jp/KeibaWeb/TodayRaceInfo/Odds3LenFuku?k_babaCode=19&k_raceDate=2026%2F09%2F28&k_raceNo=2
2026-09-28 14:40:00,14:39,2026-09-28,funabashi,2,30,三連複,1-2-9,697.4,697.4,162,https://www.keiba.go.jp/KeibaWeb/TodayRaceInfo/Odds3LenFuku?k_babaCode=19&k_raceDate=2026%2F09%2F28&k_raceNo=2
2026-09-28 14:40:00,14:39,2026-09-28,funabashi,2,30,三連複,1-3-10,71.3,71.3,27,https://www.keiba.go.jp/KeibaWeb/TodayRaceInfo/Odds3LenFuku?k_babaCode=19&k_raceDate=2026%2F09%2F28&k_raceNo=2
2026-09-28 14:40:00,14:39,2026-09-28,funabashi,2,30,三連複,1-3-11,22.1,22.1,4,https://www.keiba.go.jp/KeibaWeb/TodayRaceInfo/Odds3LenFuku?k_babaCode=19&k_raceDate=2026%2F09%2F28&k_raceNo=2
2026-09-28 14:40:00,14:39,2026-09-28,funabashi,2,30,三連複,1-3-12,51.0,51.0,16,https://www.keiba.go.jp/KeibaWeb/TodayRaceInfo/Odds3LenFuku?k_babaCode=19&k_raceDate=2026%2F09%2F28&k_raceNo=2
2026-09-28 14:40:00,14:39,2026-09-28,funabashi,2,30,三連複,1-3-4,139.4,139.4,52,https://www.keiba.go.jp/KeibaWeb/TodayRaceInfo/Odds3LenFuku?k_babaCode=19&k_raceDate=2026%2F09%2F28&k_raceNo=2
2026-09-28 14:40:00,14:39,2026-09-28,funabashi,2,30,三連複,1-3-5,125.5,125.5,47,https://www.keiba.go.jp/KeibaWeb/TodayRaceInfo/Odds3LenFuku?k_babaCode=19&k_raceDate=2026%2F09%2F28&k_raceNo=2
2026-09-28 14:40:00,14:39,2026-09-28,funabashi,2,30,三連複,1-3-6,116.2,116.2,44,https://www.keiba.go.jp/KeibaWeb/TodayRaceInfo/Odds3LenFuku?k_babaCode=19&k_raceDate=2026%2F09%2F28&k_raceNo=2
2026-09-28 14:40:00,14:39,2026-09-28,funabashi,2,30,三連複,1-3-7,174.3,174.3,61,https://www.keiba.go.jp/KeibaWeb/TodayRaceInfo/Odds3LenFuku?k_babaCode=19&k_raceDate=2026%2F09%2F28&k_raceNo=2
2026-09-28 14:40:00,14:39,2026-09-28,funabashi,2,30,三連複,1-3-8,41.5,41.5,12,https://www.keiba.go.jp/KeibaWeb/TodayRaceInfo/Odds3LenFuku?k_babaCode=19&k_raceDate=2026%2F09%2F28&k_raceNo=2
2026-09-28 14:40:00,14:39,2026-09-28,funabashi,2,30,三連複,1-3-9,448.3,448.3,126,https://www.keiba.go.jp/KeibaWeb/TodayRaceInfo/Odds3LenFuku?k_babaCode=19&k_raceDate=2026%2F09%2F28&k_raceNo=2
2026-09-28 14:40:00,14:39,2026-09-28,funabashi,2,30,三連複,1-4-10,184.6,184.6,67,https://www.keiba.go.jp/KeibaWeb/TodayRaceInfo/Odds3LenFuku?k_babaCode=19&k_raceDate=2026%2F09%2F28&k_raceNo=2
2026-09-28 14:40:00,14:39,2026-09-28,funabashi,2,30,三連複,1-4-11,45.4,45.4,14,https://www.keiba.go.jp/KeibaWeb/TodayRaceInfo/Odds3LenFuku?k_babaCode=19&k_raceDate=2026%2F09%2F28&k_raceNo=2
2026-09-28 14:40:00,14:39,2026-09-28,funabashi,2,30,三連複,1-4-12,89.6,89.6,33,https://www.keiba.go.jp/KeibaWeb/TodayRaceInfo/Odds3LenFuku?k_babaCode=19&k_raceDate=2026%2F09%2F28&k_raceNo=2
2026-09-28 14:40:00,14:39,2026-09-28,funabashi,2,30,三連複,1-4-5,184.6,184.6,67,https://www.keiba.go.jp/KeibaWeb/TodayRaceInfo/Odds3LenFuku?k_babaCode=19&k_raceDate=2026%2F09%2F28&k_raceNo=2
2026-09-28 14:40:00,14:39,2026-09-28,funabashi,2,30,三連複,1-4-6,298.9,298.9,92,https://www.keiba.go.jp/KeibaWeb/TodayRaceInfo/Odds3LenFuku?k_babaCode=19&k_raceDate=2026%2F09%2F28&k_raceNo=2
2026-09-28 14:40:00,14:39,2026-09-28,funabashi,2,30,三連複,1-4-7,330.3,330.3,103,https://www.keiba.go.jp/KeibaWeb/TodayRaceInfo/Odds3LenFuku?k_babaCode=19&k_raceDate=2026%2F09%2F28&k_raceNo=2
2026-09-28 14:40:00,14:39,2026-09-28,funabashi,2,30,三連複,1-4-8,93.6,93.6,35,https://www.keiba.go.jp/KeibaWeb/TodayRaceInfo/Odds3LenFuku?k_babaCode=19&k_raceDate=2026%2F09%2F28&k_raceNo=2
2026-09-28 14:40:00,14:39,2026-09-28,funabashi,2,30,三連複,1-4-9,627.7,627.7,145,https://www.keiba.go.jp/KeibaWeb/TodayRaceInfo/Odds3LenFuku?k_babaCode=19&k_raceDate=2026%2F09%2F28&k_raceNo=2
2026-09-28 14:40:00,14:39,2026-09-28,funabashi,2,30,三連複,1-5-10,174.3,174.3,61,https://www.keiba.go.jp/KeibaWeb/TodayRaceInfo/Odds3LenFuku?k_babaCode=19&k_raceDate=2026%2F09%2F28&k_raceNo=2
2026-09-28 14:40:00,14:39,2026-09-28,funabashi,2,30,三連複,1-5-11,45.1,45.1,13,https://www.keiba.go.jp/KeibaWeb/TodayRaceInfo/Odds3LenFuku?k_babaCode=19&k_raceDate=2026%2F09%2F28&k_raceNo=2
2026-09-28 14:40:00,14:39,2026-09-28,funabashi,2,30,三連複,1-5-12,93.6,93.6,35,https://www.keiba.go.jp/KeibaWeb/TodayRaceInfo/Odds3LenFuku?k_babaCode=19&k_raceDate=2026%2F09%2F28&k_raceNo=2
2026-09-28 14:40:00,14:39,2026-09-28,funabashi,2,30,三連複,1-5-6,128.1,128.1,48,https://www.keiba.go.jp/KeibaWeb/TodayRaceInfo/Odds3LenFuku?k_babaCode=19&k_raceDate=2026%2F09%2F28&k_raceNo=2
2026-09-28 14:40:00,14:39,2026-09-28,funabashi,2,30,三連複,1-5-7,285.3,285.3,88,https://www.keiba.go.jp/KeibaWeb/TodayRaceInfo/Odds3LenFuku?k_babaCode=19&k_raceDate=2026%2F09%2F28&k_raceNo=2
2026-09-28 14:40:00,14:39,2026-09-28,funabashi,2,30,三連複,1-5-8,80.4,80.4,30,https://www.keiba.go.jp/KeibaWeb/TodayRaceInfo/Odds3LenFuku?k_babaCode=19&k_raceDate=2026%2F09%2F28&k_raceNo=2
2026-09-28 14:40:00,14:39,2026-09-28,funabashi,2,30,三連複,1-5-9,896.7,896.7,181,https://www.keiba.go.jp/KeibaWeb/TodayRaceInfo/Odds3LenFuku?k_babaCode=19&k_raceDate=2026%2F09%2F28&k_raceNo=2
2026-09-28 14:40:00,14:39,2026-09-28,funabashi,2,30,三連複,1-6-10,160.9,160.9,58,https://www.keiba.go.jp/KeibaWeb/TodayRaceInfo/Odds3LenFuku?k_babaCode=19&k_raceDate=2026%2F09%2F28&k_raceNo=2
2026-09-28 14:40:00,14:39,2026-09-28,funabashi,2,30,三連複,1-6-11,56.5,56.5,19,https://www.keiba.go.jp/KeibaWeb/TodayRaceInfo/Odds3LenFuku?k_babaCode=19&k_raceDate=2026%2F09%2F28&k_raceNo=2
2026-09-28 14:40:00,14:39,2026-09-28,funabashi,2,30,三連複,1-6-12,79.4,79.4,28,https://www.keiba.go.jp/KeibaWeb/TodayRaceInfo/Odds3LenFuku?k_babaCode=19&k_raceDate=2026%2F09%2F28&k_raceNo=2
2026-09-28 14:40:00,14:39,2026-09-28,funabashi,2,30,三連複,1-6-7,128.1,128.1,48,https://www.keiba.go.jp/KeibaWeb/TodayRaceInfo/Odds3LenFuku?k_babaCode=19&k_raceDate=2026%2F09%2F28&k_raceNo=2
2026-09-28 14:40:00,14:39,2026-09-28,funabashi,2,30,三連複,1-6-8,104.6,104.6,38,https://www.keiba.go.jp/KeibaWeb/TodayRaceInfo/Odds3LenFuku?k_babaCode=19&k_raceDate=2026%2F09%2F28&k_raceNo=2
2026-09-28 14:40:00,14:39,2026-09-28,funabashi,2,30,三連複,1-6-9,369.2,369.2,114,https://www.keiba.go.jp/KeibaWeb/TodayRaceInfo/Odds3LenFuku?k_babaCode=19&k_raceDate=2026%2F09%2F28&k_raceNo=2
2026-09-28 14:40:00,14:39,2026-09-28,funabashi,2,30,三連複,1-7-10,272.9,272.9,87,https://www.keiba.go.jp/KeibaWeb/TodayRaceInfo/Odds3LenFuku?k_babaCode=19&k_raceDate=2026%2F09%2F28&k_raceNo=2
2026-09-28 14:40:00,14:39,2026-09-28,funabashi,2,30,三連複,1-7-11,79.4,79.4,28,https://www.keiba.go.jp/KeibaWeb/TodayRaceInfo/Odds3LenFuku?k_babaCode=19&k_raceDate=2026%2F09%2F28&k_raceNo=2
2026-09-28 14:40:00,14:39,2026-09-28,funabashi,2,30,三連複,1-7-12,160.9,160.9,58,https://www.keiba.go.jp/KeibaWeb/TodayRaceInfo/Odds3LenFuku?k_babaCode=19&k_raceDate=2026%2F09%2F28&k_raceNo=2
2026-09-28 14:40:00,14:39,2026-09-28,funabashi,2,30,三連複,1-7-8,169.6,169.6,60,https://www.keiba.go.jp/KeibaWeb/TodayRaceInfo/Odds3LenFuku?k_babaCode=19&k_raceDate=2026%2F09%2F28&k_raceNo=2
2026-09-28 14:40:00,14:39,2026-09-28,funabashi,2,30,三連複,1-7-9,1255.4,1255.4,196,https://www.keiba.go.jp/KeibaWeb/TodayRaceInfo/Odds3LenFuku?k_babaCode=19&k_raceDate=2026%2F09%2F28&k_raceNo=2
2026-09-28 14:40:00,14:39,2026-09-28,funabashi,2,30,三連複,1-8-10,56.0,56.0,18,https://www.keiba.go.jp/KeibaWeb/TodayRaceInfo/Odds3LenFuku?k_babaCode=19&k_raceDate=2026%2F09%2F28&k_raceNo=2
2026-09-28 14:40:00,14:39,2026-09-28,funabashi,2,30,三連複,1-8-11,19.1,19.1,2,https://www.keiba.go.jp/KeibaWeb/TodayRaceInfo/Odds3LenFuku?k_babaCode=19&k_raceDate=2026%2F09%2F28&k_raceNo=2
2026-09-28 14:40:00,14:39,2026-09-28,funabashi,2,30,三連複,1-8-12,30.9,30.9,8,https://www.keiba.go.jp/KeibaWeb/TodayRaceInfo/Odds3LenFuku?k_babaCode=19&k_raceDate=2026%2F09%2F28&k_raceNo=2
2026-09-28 14:40:00,14:39,2026-09-28,funabashi,2,30,三連複,1-8-9,418.4,418.4,119,https://www.keiba.go.jp/KeibaWeb/TodayRaceInfo/Odds3LenFuku?k_babaCode=19&k_raceDate=2026%2F09%2F28&k_raceNo=2
2026-09-28 14:40:00,14:39,2026-09-28,funabashi,2,30,三連複,1-9-10,330.3,330.3,103,https://www.keiba.go.jp/KeibaWeb/TodayRaceInfo/Odds3LenFuku?k_babaCode=19&k_raceDate=2026%2F09%2F28&k_raceNo=2
2026-09-28 14:40:00,14:39,2026-09-28,funabashi,2,30,三連複,1-9-11,232.4,232.4,81,https://www.keiba.go.jp/KeibaWeb/TodayRaceInfo/Odds3LenFuku?k_babaCode=19&k_raceDate=2026%2F09%2F28&k_raceNo=2
2026-09-28 14:40:00,14:39,2026-09-28,funabashi,2,30,三連複,1-9-12,298.9,298.9,92,https://www.keiba.go.jp/KeibaWeb/TodayRaceInfo/Odds3LenFuku?k_babaCode=19&k_raceDate=2026%2F09%2F28&k_raceNo=2
2026-09-28 14:40:00,14:39,2026-09-28,funabashi,2,30,三連複,10-11-12,24.4,24.4,5,https://www.keiba.go.jp/KeibaWeb/TodayRaceInfo/Odds3LenFuku?k_babaCode=19&k_raceDate=2026%2F09%2F28&k_raceNo=2
2026-09-28 14:40:00,14:39,2026-09-28,funabashi,2,30,三連複,2-10-11,448.3,448.3,126,https://www.keiba.go.jp/KeibaWeb/TodayRaceInfo/Odds3LenFuku?k_babaCode=19&k_raceDate=2026%2F09%2F28&k_raceNo=2
2026-09-28 14:40:00,14:39,2026-09-28,funabashi,2,30,三連複,2-10-12,285.3,285.3,88,https://www.keiba.go.jp/KeibaWeb/TodayRaceInfo/Odds3LenFuku?k_babaCode=19&k_raceDate=2026%2F09%2F28&k_raceNo=2
2026-09-28 14:40:00,14:39,2026-09-28,funabashi,2,30,三連複,2-11-12,136.4,136.4,51,https://www.keiba.go.jp/KeibaWeb/TodayRaceInfo/Odds3LenFuku?k_babaCode=19&k_raceDate=2026%2F09%2F28&k_raceNo=2
2026-09-28 14:40:00,14:39,2026-09-28,funabashi,2,30,三連複,2-3-10,896.7,896.7,181,https://www.keiba.go.jp/KeibaWeb/TodayRaceInfo/Odds3LenFuku?k_babaCode=19&k_raceDate=2026%2F09%2F28&k_raceNo=2
2026-09-28 14:40:00,14:39,2026-09-28,funabashi,2,30,三連複,2-3-11,241.4,241.4,83,https://www.keiba.go.jp/KeibaWeb/TodayRaceInfo/Odds3LenFuku?k_babaCode=19&k_raceDate=2026%2F09%2F28&k_raceNo=2
2026-09-28 14:40:00,14:39,2026-09-28,funabashi,2,30,三連複,2-3-12,627.7,627.7,145,https://www.keiba.go.jp/KeibaWeb/TodayRaceInfo/Odds3LenFuku?k_babaCode=19&k_raceDate=2026%2F09%2F28&k_raceNo=2
2026-09-28 14:40:00,14:39,2026-09-28,funabashi,2,30,三連複,2-3-4,2092.3,2092.3,207,https://www.keiba.go.jp/KeibaWeb/TodayRaceInfo/Odds3LenFuku?k_babaCode=19&k_raceDate=2026%2F09%2F28&k_raceNo=2
2026-09-28 14:40:00,14:39,2026-09-28,funabashi,2,30,三連複,2-3-5,627.7,627.7,145,https://www.keiba.go.jp/KeibaWeb/TodayRaceInfo/Odds3LenFuku?k_babaCode=19&k_raceDate=2026%2F09%2F28&k_raceNo=2
2026-09-28 14:40:00,14:39,2026-09-28,funabashi,2,30,三連複,2-3-6,627.7,627.7,145,https://www.keiba.go.jp/KeibaWeb/TodayRaceInfo/Odds3LenFuku?k_babaCode=19&k_raceDate=2026%2F09%2F28&k_raceNo=2
2026-09-28 14:40:00,14:39,2026-09-28,funabashi,2,30,三連複,2-3-7,3138.5,3138.5,212,https://www.keiba.go.jp/KeibaWeb/TodayRaceInfo/Odds3LenFuku?k_babaCode=19&k_raceDate=2026%2F09%2F28&k_raceNo=2
2026-09-28 14:40:00,14:39,2026-09-28,funabashi,2,30,三連複,2-3-8,448.3,448.3,126,https://www.keiba.go.jp/KeibaWeb/TodayRaceInfo/Odds3LenFuku?k_babaCode=19&k_raceDate=2026%2F09%2F28&k_raceNo=2
2026-09-28 14:40:00,14:39,2026-09-28,funabashi,2,30,三連複,2-3-9,1255.4,1255.4,196,https://www.keiba.go.jp/KeibaWeb/TodayRaceInfo/Odds3LenFuku?k_babaCode=19&k_raceDate=2026%2F09%2F28&k_raceNo=2
2026-09-28 14:40:00,14:39,2026-09-28,funabashi,2,30,三連複,2-4-10,627.7,627.7,145,https://www.keiba.go.jp/KeibaWeb/TodayRaceInfo/Odds3LenFuku?k_babaCode=19&k_raceDate=2026%2F09%2F28&k_raceNo=2
2026-09-28 14:40:00,14:39,2026-09-28,funabashi,2,30,三連複,2-4-11,627.7,627.7,145,https://www.keiba.go.jp/KeibaWeb/TodayRaceInfo/Odds3LenFuku?k_babaCode=19&k_raceDate=2026%2F09%2F28&k_raceNo=2
2026-09-28 14:40:00,14:39,2026-09-28,funabashi,2,30,三連複,2-4-12,697.4,697.4,162,https://www.keiba.go.jp/KeibaWeb/TodayRaceInfo/Odds3LenFuku?k_babaCode=19&k_raceDate=2026%2F09%2F28&k_raceNo=2
2026-09-28 14:40:00,14:39,2026-09-28,funabashi,2,30,三連複,2-4-5,418.4,418.4,119,https://www.keiba.go.jp/KeibaWeb/TodayRaceInfo/Odds3LenFuku?k_babaCode=19&k_raceDate=2026%2F09%2F28&k_raceNo=2
2026-09-28 14:40:00,14:39,2026-09-28,funabashi,2,30,三連複,2-4-6,896.7,896.7,181,https://www.keiba.go.jp/KeibaWeb/TodayRaceInfo/Odds3LenFuku?k_babaCode=19&k_raceDate=2026%2F09%2F28&k_raceNo=2
2026-09-28 14:40:00,14:39,2026-09-28,funabashi,2,30,三連複,2-4-7,627.7,627.7,145,https://www.keiba.go.jp/KeibaWeb/TodayRaceInfo/Odds3LenFuku?k_babaCode=19&k_raceDate=2026%2F09%2F28&k_raceNo=2
2026-09-28 14:40:00,14:39,2026-09-28,funabashi,2,30,三連複,2-4-8,298.9,298.9,92,https://www.keiba.go.jp/KeibaWeb/TodayRaceInfo/Odds3LenFuku?k_babaCode=19&k_raceDate=2026%2F09%2F28&k_raceNo=2
2026-09-28 14:40:00,14:39,2026-09-28,funabashi,2,30,三連複,2-4-9,1569.2,1569.2,202,https://www.keiba.go.jp/KeibaWeb/TodayRaceInfo/Odds3LenFuku?k_babaCode=19&k_raceDate=2026%2F09%2F28&k_raceNo=2
2026-09-28 14:40:00,14:39,2026-09-28,funabashi,2,30,三連複,2-5-10,896.7,896.7,181,https://www.keiba.go.jp/KeibaWeb/TodayRaceInfo/Odds3LenFuku?k_babaCode=19&k_raceDate=2026%2F09%2F28&k_raceNo=2
2026-09-28 14:40:00,14:39,2026-09-28,funabashi,2,30,三連複,2-5-11,330.3,330.3,103,https://www.keiba.go.jp/KeibaWeb/TodayRaceInfo/Odds3LenFuku?k_babaCode=19&k_raceDate=2026%2F09%2F28&k_raceNo=2
2026-09-28 14:40:00,14:39,2026-09-28,funabashi,2,30,三連複,2-5-12,697.4,697.4,162,https://www.keiba.go.jp/KeibaWeb/TodayRaceInfo/Odds3LenFuku?k_babaCode=19&k_raceDate=2026%2F09%2F28&k_raceNo=2
2026-09-28 14:40:00,14:39,2026-09-28,funabashi,2,30,三連複,2-5-6,784.6,784.6,171,https://www.keiba.go.jp/KeibaWeb/TodayRaceInfo/Odds3LenFuku?k_babaCode=19&k_raceDate=2026%2F09%2F28&k_raceNo=2
2026-09-28 14:40:00,14:39,2026-09-28,funabashi,2,30,三連複,2-5-7,1255.4,1255.4,196,https://www.keiba.go.jp/KeibaWeb/TodayRaceInfo/Odds3LenFuku?k_babaCode=19&k_raceDate=2026%2F09%2F28&k_raceNo=2
2026-09-28 14:40:00,14:39,2026-09-28,funabashi,2,30,三連複,2-5-8,348.7,348.7,108,https://www.keiba.go.jp/KeibaWeb/TodayRaceInfo/Odds3LenFuku?k_babaCode=19&k_raceDate=2026%2F09%2F28&k_raceNo=2
2026-09-28 14:40:00,14:39,2026-09-28,funabashi,2,30,三連複,2-5-9,3138.5,3138.5,212,https://www.keiba.go.jp/KeibaWeb/TodayRaceInfo/Odds3LenFuku?k_babaCode=19&k_raceDate=2026%2F09%2F28&k_raceNo=2
2026-09-28 14:40:00,14:39,2026-09-28,funabashi,2,30,三連複,2-6-10,784.6,784.6,171,https://www.keiba.go.jp/KeibaWeb/TodayRaceInfo/Odds3LenFuku?k_babaCode=19&k_raceDate=2026%2F09%2F28&k_raceNo=2
2026-09-28 14:40:00,14:39,2026-09-28,funabashi,2,30,三連複,2-6-11,418.4,418.4,119,https://www.keiba.go.jp/KeibaWeb/TodayRaceInfo/Odds3LenFuku?k_babaCode=19&k_raceDate=2026%2F09%2F28&k_raceNo=2
2026-09-28 14:40:00,14:39,2026-09-28,funabashi,2,30,三連複,2-6-12,330.3,330.3,103,https://www.keiba.go.jp/KeibaWeb/TodayRaceInfo/Odds3LenFuku?k_babaCode=19&k_raceDate=2026%2F09%2F28&k_raceNo=2
2026-09-28 14:40:00,14:39,2026-09-28,funabashi,2,30,三連複,2-6-7,697.4,697.4,162,https://www.keiba.go.jp/KeibaWeb/TodayRaceInfo/Odds3LenFuku?k_babaCode=19&k_raceDate=2026%2F09%2F28&k_raceNo=2
2026-09-28 14:40:00,14:39,2026-09-28,funabashi,2,30,三連複,2-6-8,482.8,482.8,134,https://www.keiba.go.jp/KeibaWeb/TodayRaceInfo/Odds3LenFuku?k_babaCode=19&k_raceDate=2026%2F09%2F28&k_raceNo=2
2026-09-28 14:40:00,14:39,2026-09-28,funabashi,2,30,三連複,2-6-9,896.7,896.7,181,https://www.keiba.go.jp/KeibaWeb/TodayRaceInfo/Odds3LenFuku?k_babaCode=19&k_raceDate=2026%2F09%2F28&k_raceNo=2
2026-09-28 14:40:00,14:39,2026-09-28,funabashi,2,30,三連複,2-7-10,1046.1,1046.1,190,https://www.keiba.go.jp/KeibaWeb/TodayRaceInfo/Odds3LenFuku?k_babaCode=19&k_raceDate=2026%2F09%2F28&k_raceNo=2
2026-09-28 14:40:00,14:39,2026-09-28,funabashi,2,30,三連複,2-7-11,784.6,784.6,171,https://www.keiba.go.jp/KeibaWeb/TodayRaceInfo/Odds3LenFuku?k_babaCode=19&k_raceDate=2026%2F09%2F28&k_raceNo=2
2026-09-28 14:40:00,14:39,2026-09-28,funabashi,2,30,三連複,2-7-12,627.7,627.7,145,https://www.keiba.go.jp/KeibaWeb/TodayRaceInfo/Odds3LenFuku?k_babaCode=19&k_raceDate=2026%2F09%2F28&k_raceNo=2
2026-09-28 14:40:00,14:39,2026-09-28,funabashi,2,30,三連複,2-7-8,3138.5,3138.5,212,https://www.keiba.go.jp/KeibaWeb/TodayRaceInfo/Odds3LenFuku?k_babaCode=19&k_raceDate=2026%2F09%2F28&k_raceNo=2
2026-09-28 14:40:00,14:39,2026-09-28,funabashi,2,30,三連複,2-7-9,1569.2,1569.2,202,https://www.keiba.go.jp/KeibaWeb/TodayRaceInfo/Odds3LenFuku?k_babaCode=19&k_raceDate=2026%2F09%2F28&k_raceNo=2
2026-09-28 14:40:00,14:39,2026-09-28,funabashi,2,30,三連複,2-8-10,298.9,298.9,92,https://www.keiba.go.jp/KeibaWeb/TodayRaceInfo/Odds3LenFuku?k_babaCode=19&k_raceDate=2026%2F09%2F28&k_raceNo=2
2026-09-28 14:40:00,14:39,2026-09-28,funabashi,2,30,三連複,2-8-11,418.4,418.4,119,https://www.keiba.go.jp/KeibaWeb/TodayRaceInfo/Odds3LenFuku?k_babaCode=19&k_raceDate=2026%2F09%2F28&k_raceNo=2
2026-09-28 14:40:00,14:39,2026-09-28,funabashi,2,30,三連複,2-8-12,216.4,216.4,76,https://www.keiba.go.jp/KeibaWeb/TodayRaceInfo/Odds3LenFuku?k_babaCode=19&k_raceDate=2026%2F09%2F28&k_raceNo=2
2026-09-28 14:40:00,14:39,2026-09-28,funabashi,2,30,三連複,2-8-9,570.6,570.6,140,https://www.keiba.go.jp/KeibaWeb/TodayRaceInfo/Odds3LenFuku?k_babaCode=19&k_raceDate=2026%2F09%2F28&k_raceNo=2
2026-09-28 14:40:00,14:39,2026-09-28,funabashi,2,30,三連複,2-9-10,784.6,784.6,171,https://www.keiba.go.jp/KeibaWeb/TodayRaceInfo/Odds3LenFuku?k_babaCode=19&k_raceDate=2026%2F09%2F28&k_raceNo=2
2026-09-28 14:40:00,14:39,2026-09-28,funabashi,2,30,三連複,2-9-11,627.7,627.7,145,https://www.keiba.go.jp/KeibaWeb/TodayRaceInfo/Odds3LenFuku?k_babaCode=19&k_raceDate=2026%2F09%2F28&k_raceNo=2
2026-09-28 14:40:00,14:39,2026-09-28,funabashi,2,30,三連複,2-9-12,627.7,627.7,145,https://www.keiba.go.jp/KeibaWeb/TodayRaceInfo/Odds3LenFuku?k_babaCode=19&k_raceDate=2026%2F09%2F28&k_raceNo=2
2026-09-28 14:40:00,14:39,2026-09-28,funabashi,2,30,三連複,3-10-11,51.0,51.0,16,https://www.keiba.go.jp/KeibaWeb/TodayRaceInfo/Odds3LenFuku?k_babaCode=19&k_raceDate=2026%2F09%2F28&k_raceNo=2
2026-09-28 14:40:00,14:39,2026-09-28,funabashi,2,30,三連複,3-10-12,66.0,66.0,23,https://www.keiba.go.jp/KeibaWeb/TodayRaceInfo/Odds3LenFuku?k_babaCode=19&k_raceDate=2026%2F09%2F28&k_raceNo=2
2026-09-28 14:40:00,14:39,2026-09-28,funabashi,2,30,三連複,3-11-12,33.2,33.2,9,https://www.keiba.go.jp/KeibaWeb/TodayRaceInfo/Odds3LenFuku?k_babaCode=19&k_raceDate=2026%2F09%2F28&k_raceNo=2
2026-09-28 14:40:00,14:39,2026-09-28,funabashi,2,30,三連複,3-4-10,348.7,348.7,108,https://www.keiba.go.jp/KeibaWeb/TodayRaceInfo/Odds3LenFuku?k_babaCode=19&k_raceDate=2026%2F09%2F28&k_raceNo=2
2026-09-28 14:40:00,14:39,2026-09-28,funabashi,2,30,三連複,3-4-11,90.9,90.9,34,https://www.keiba.go.jp/KeibaWeb/TodayRaceInfo/Odds3LenFuku?k_babaCode=19&k_raceDate=2026%2F09%2F28&k_raceNo=2
2026-09-28 14:40:00,14:39,2026-09-28,funabashi,2,30,三連複,3-4-12,251.0,251.0,84,https://www.keiba.go.jp/KeibaWeb/TodayRaceInfo/Odds3LenFuku?k_babaCode=19&k_raceDate=2026%2F09%2F28&k_raceNo=2
2026-09-28 14:40:00,14:39,2026-09-28,funabashi,2,30,三連複,3-4-5,448.3,448.3,126,https://www.keiba.go.jp/KeibaWeb/TodayRaceInfo/Odds3LenFuku?k_babaCode=19&k_raceDate=2026%2F09%2F28&k_raceNo=2
2026-09-28 14:40:00,14:39,2026-09-28,funabashi,2,30,三連複,3-4-6,896.7,896.7,181,https://www.keiba.go.jp/KeibaWeb/TodayRaceInfo/Odds3LenFuku?k_babaCode=19&k_raceDate=2026%2F09%2F28&k_raceNo=2
2026-09-28 14:40:00,14:39,2026-09-28,funabashi,2,30,三連複,3-4-7,1255.4,1255.4,196,https://www.keiba.go.jp/KeibaWeb/TodayRaceInfo/Odds3LenFuku?k_babaCode=19&k_raceDate=2026%2F09%2F28&k_raceNo=2
2026-09-28 14:40:00,14:39,2026-09-28,funabashi,2,30,三連複,3-4-8,156.9,156.9,56,https://www.keiba.go.jp/KeibaWeb/TodayRaceInfo/Odds3LenFuku?k_babaCode=19&k_raceDate=2026%2F09%2F28&k_raceNo=2
2026-09-28 14:40:00,14:39,2026-09-28,funabashi,2,30,三連複,3-4-9,2092.3,2092.3,207,https://www.keiba.go.jp/KeibaWeb/TodayRaceInfo/Odds3LenFuku?k_babaCode=19&k_raceDate=2026%2F09%2F28&k_raceNo=2
2026-09-28 14:40:00,14:39,2026-09-28,funabashi,2,30,三連複,3-5-10,448.3,448.3,126,https://www.keiba.go.jp/KeibaWeb/TodayRaceInfo/Odds3LenFuku?k_babaCode=19&k_raceDate=2026%2F09%2F28&k_raceNo=2
2026-09-28 14:40:00,14:39,2026-09-28,funabashi,2,30,三連複,3-5-11,88.4,88.4,32,https://www.keiba.go.jp/KeibaWeb/TodayRaceInfo/Odds3LenFuku?k_babaCode=19&k_raceDate=2026%2F09%2F28&k_raceNo=2
2026-09-28 14:40:00,14:39,2026-09-28,funabashi,2,30,三連複,3-5-12,224.1,224.1,78,https://www.keiba.go.jp/KeibaWeb/TodayRaceInfo/Odds3LenFuku?k_babaCode=19&k_raceDate=2026%2F09%2F28&k_raceNo=2
2026-09-28 14:40:00,14:39,2026-09-28,funabashi,2,30,三連複,3-5-6,348.7,348.7,108,https://www.keiba.go.jp/KeibaWeb/TodayRaceInfo/Odds3LenFuku?k_babaCode=19&k_raceDate=2026%2F09%2F28&k_raceNo=2
2026-09-28 14:40:00,14:39,2026-09-28,funabashi,2,30,三連複,3-5-7,523.0,523.0,137,https://www.keiba.go.jp/KeibaWeb/TodayRaceInfo/Odds3LenFuku?k_babaCode=19&k_raceDate=2026%2F09%2F28&k_raceNo=2
2026-09-28 14:40:00,14:39,2026-09-28,funabashi,2,30,三連複,3-5-8,112.0,112.0,42,https://www.keiba.go.jp/KeibaWeb/TodayRaceInfo/Odds3LenFuku?k_babaCode=19&k_raceDate=2026%2F09%2F28&k_raceNo=2
2026-09-28 14:40:00,14:39,2026-09-28,funabashi,2,30,三連複,3-5-9,0.0,0.0,220,https://www.keiba.go.jp/KeibaWeb/TodayRaceInfo/Odds3LenFuku?k_babaCode=19&k_raceDate=2026%2F09%2F28&k_raceNo=2
2026-09-28 14:40:00,14:39,2026-09-28,funabashi,2,30,三連複,3-6-10,784.6,784.6,171,https://www.keiba.go.jp/KeibaWeb/TodayRaceInfo/Odds3LenFuku?k_babaCode=19&k_raceDate=2026%2F09%2F28&k_raceNo=2
2026-09-28 14:40:00,14:39,2026-09-28,funabashi,2,30,三連複,3-6-11,118.4,118.4,46,https://www.keiba.go.jp/KeibaWeb/TodayRaceInfo/Odds3LenFuku?k_babaCode=19&k_raceDate=2026%2F09%2F28&k_raceNo=2
2026-09-28 14:40:00,14:39,2026-09-28,funabashi,2,30,三連複,3-6-12,261.5,261.5,85,https://www.keiba.go.jp/KeibaWeb/TodayRaceInfo/Odds3LenFuku?k_babaCode=19&k_raceDate=2026%2F09%2F28&k_raceNo=2
2026-09-28 14:40:00,14:39,2026-09-28,funabashi,2,30,三連複,3-6-7,261.5,261.5,85,https://www.keiba.go.jp/KeibaWeb/TodayRaceInfo/Odds3LenFuku?k_babaCode=19&k_raceDate=2026%2F09%2F28&k_raceNo=2
2026-09-28 14:40:00,14:39,2026-09-28,funabashi,2,30,三連複,3-6-8,196.1,196.1,73,https://www.keiba.go.jp/KeibaWeb/TodayRaceInfo/Odds3LenFuku?k_babaCode=19&k_raceDate=2026%2F09%2F28&k_raceNo=2
2026-09-28 14:40:00,14:39,2026-09-28,funabashi,2,30,三連複,3-6-9,697.4,697.4,162,https://www.keiba.go.jp/KeibaWeb/TodayRaceInfo/Odds3LenFuku?k_babaCode=19&k_raceDate=2026%2F09%2F28&k_raceNo=2
2026-09-28 14:40:00,14:39,2026-09-28,funabashi,2,30,三連複,3-7-10,570.6,570.6,140,https://www.keiba.go.jp/KeibaWeb/TodayRaceInfo/Odds3LenFuku?k_babaCode=19&k_raceDate=2026%2F09%2F28&k_raceNo=2
2026-09-28 14:40:00,14:39,2026-09-28,funabashi,2,30,三連複,3-7-11,110.1,110.1,41,https://www.keiba.go.jp/KeibaWeb/TodayRaceInfo/Odds3LenFuku?k_babaCode=19&k_raceDate=2026%2F09%2F28&k_raceNo=2
2026-09-28 14:40:00,14:39,2026-09-28,funabashi,2,30,三連複,3-7-12,482.8,482.8,134,https://www.keiba.go.jp/KeibaWeb/TodayRaceInfo/Odds3LenFuku?k_babaCode=19&k_raceDate=2026%2F09%2F28&k_raceNo=2
2026-09-28 14:40:00,14:39,2026-09-28,funabashi,2,30,三連複,3-7-8,209.2,209.2,75,https://www.keiba.go.jp/KeibaWeb/TodayRaceInfo/Odds3LenFuku?k_babaCode=19&k_raceDate=2026%2F09%2F28&k_raceNo=2
2026-09-28 14:40:00,14:39,2026-09-28,funabashi,2,30,三連複,3-7-9,6277.0,6277.0,218,https://www.keiba.go.jp/KeibaWeb/TodayRaceInfo/Odds3LenFuku?k_babaCode=19&k_raceDate=2026%2F09%2F28&k_raceNo=2
2026-09-28 14:40:00,14:39,2026-09-28,funabashi,2,30,三連複,3-8-10,87.1,87.1,31,https://www.keiba.go.jp/KeibaWeb/TodayRaceInfo/Odds3LenFuku?k_babaCode=19&k_raceDate=2026%2F09%2F28&k_raceNo=2
2026-09-28 14:40:00,14:39,2026-09-28,funabashi,2,30,三連複,3-8-11,28.0,28.0,6,https://www.keiba.go.jp/KeibaWeb/TodayRaceInfo/Odds3LenFuku?k_babaCode=19&k_raceDate=2026%2F09%2F28&k_raceNo=2
2026-09-28 14:40:00,14:39,2026-09-28,funabashi,2,30,三連複,3-8-12,68.2,68.2,25,https://www.keiba.go.jp/KeibaWeb/TodayRaceInfo/Odds3LenFuku?k_babaCode=19&k_raceDate=2026%2F09%2F28&k_raceNo=2
2026-09-28 14:40:00,14:39,2026-09-28,funabashi,2,30,三連複,3-8-9,392.3,392.3,116,https://www.keiba.go.jp/KeibaWeb/TodayRaceInfo/Odds3LenFuku?k_babaCode=19&k_raceDate=2026%2F09%2F28&k_raceNo=2
2026-09-28 14:40:00,14:39,2026-09-28,funabashi,2,30,三連複,3-9-10,896.7,896.7,181,https://www.keiba.go.jp/KeibaWeb/TodayRaceInfo/Odds3LenFuku?k_babaCode=19&k_raceDate=2026%2F09%2F28&k_raceNo=2
2026-09-28 14:40:00,14:39,2026-09-28,funabashi,2,30,三連複,3-9-11,418.4,418.4,119,https://www.keiba.go.jp/KeibaWeb/TodayRaceInfo/Odds3LenFuku?k_babaCode=19&k_raceDate=2026%2F09%2F28&k_raceNo=2
2026-09-28 14:40:00,14:39,2026-09-28,funabashi,2,30,三連複,3-9-12,627.7,627.7,145,https://www.keiba.go.jp/KeibaWeb/TodayRaceInfo/Odds3LenFuku?k_babaCode=19&k_raceDate=2026%2F09%2F28&k_raceNo=2
2026-09-28 14:40:00,14:39,2026-09-28,funabashi,2,30,三連複,4-10-11,116.2,116.2,44,https://www.keiba.go.jp/KeibaWeb/TodayRaceInfo/Odds3LenFuku?k_babaCode=19&k_raceDate=2026%2F09%2F28&k_raceNo=2
2026-09-28 14:40:00,14:39,2026-09-28,funabashi,2,30,三連複,4-10-12,149.4,149.4,55,https://www.keiba.go.jp/KeibaWeb/TodayRaceInfo/Odds3LenFuku?k_babaCode=19&k_raceDate=2026%2F09%2F28&k_raceNo=2
2026-09-28 14:40:00,14:39,2026-09-28,funabashi,2,30,三連複,4-11-12,56.5,56.5,19,https://www.keiba.go.jp/KeibaWeb/TodayRaceInfo/Odds3LenFuku?k_babaCode=19&k_raceDate=2026%2F09%2F28&k_raceNo=2
2026-09-28 14:40:00,14:39,2026-09-28,funabashi,2,30,三連複,4-5-10,896.7,896.7,181,https://www.keiba.go.jp/KeibaWeb/TodayRaceInfo/Odds3LenFuku?k_babaCode=19&k_raceDate=2026%2F09%2F28&k_raceNo=2
2026-09-28 14:40:00,14:39,2026-09-28,funabashi,2,30,三連複,4-5-11,145.9,145.9,54,https://www.keiba.go.jp/KeibaWeb/TodayRaceInfo/Odds3LenFuku?k_babaCode=19&k_raceDate=2026%2F09%2F28&k_raceNo=2
2026-09-28 14:40:00,14:39,2026-09-28,funabashi,2,30,三連複,4-5-12,392.3,392.3,116,https://www.keiba.go.jp/KeibaWeb/TodayRaceInfo/Odds3LenFuku?k_babaCode=19&k_raceDate=2026%2F09%2F28&k_raceNo=2
2026-09-28 14:40:00,14:39,2026-09-28,funabashi,2,30,三連複,4-5-6,627.7,627.7,145,https://www.keiba.go.jp/KeibaWeb/TodayRaceInfo/Odds3LenFuku?k_babaCode=19&k_raceDate=2026%2F09%2F28&k_raceNo=2
2026-09-28 14:40:00,14:39,2026-09-28,funabashi,2,30,三連複,4-5-7,697.4,697.4,162,https://www.keiba.go.jp/KeibaWeb/TodayRaceInfo/Odds3LenFuku?k_babaCode=19&k_raceDate=2026%2F09%2F28&k_raceNo=2
2026-09-28 14:40:00,14:39,2026-09-28,funabashi,2,30,三連複,4-5-8,224.1,224.1,78,https://www.keiba.go.jp/KeibaWeb/TodayRaceInfo/Odds3LenFuku?k_babaCode=19&k_raceDate=2026%2F09%2F28&k_raceNo=2
2026-09-28 14:40:00,14:39,2026-09-28,funabashi,2,30,三連複,4-5-9,2092.3,2092.3,207,https://www.keiba.go.jp/KeibaWeb/TodayRaceInfo/Odds3LenFuku?k_babaCode=19&k_raceDate=2026%2F09%2F28&k_raceNo=2
2026-09-28 14:40:00,14:39,2026-09-28,funabashi,2,30,三連複,4-6-10,784.6,784.6,171,https://www.keiba.go.jp/KeibaWeb/TodayRaceInfo/Odds3LenFuku?k_babaCode=19&k_raceDate=2026%2F09%2F28&k_raceNo=2
2026-09-28 14:40:00,14:39,2026-09-28,funabashi,2,30,三連複,4-6-11,298.9,298.9,92,https://www.keiba.go.jp/KeibaWeb/TodayRaceInfo/Odds3LenFuku?k_babaCode=19&k_raceDate=2026%2F09%2F28&k_raceNo=2
2026-09-28 14:40:00,14:39,2026-09-28,funabashi,2,30,三連複,4-6-12,418.4,418.4,119,https://www.keiba.go.jp/KeibaWeb/TodayRaceInfo/Odds3LenFuku?k_babaCode=19&k_raceDate=2026%2F09%2F28&k_raceNo=2
2026-09-28 14:40:00,14:39,2026-09-28,funabashi,2,30,三連複,4-6-7,1046.1,1046.1,190,https://www.keiba.go.jp/KeibaWeb/TodayRaceInfo/Odds3LenFuku?k_babaCode=19&k_raceDate=2026%2F09%2F28&k_raceNo=2
2026-09-28 14:40:00,14:39,2026-09-28,funabashi,2,30,三連複,4-6-8,418.4,418.4,119,https://www.keiba.go.jp/KeibaWeb/TodayRaceInfo/Odds3LenFuku?k_babaCode=19&k_raceDate=2026%2F09%2F28&k_raceNo=2
2026-09-28 14:40:00,14:39,2026-09-28,funabashi,2,30,三連複,4-6-9,3138.5,3138.5,212,https://www.keiba.go.jp/KeibaWeb/TodayRaceInfo/Odds3LenFuku?k_babaCode=19&k_raceDate=2026%2F09%2F28&k_raceNo=2
2026-09-28 14:40:00,14:39,2026-09-28,funabashi,2,30,三連複,4-7-10,627.7,627.7,145,https://www.keiba.go.jp/KeibaWeb/TodayRaceInfo/Odds3LenFuku?k_babaCode=19&k_raceDate=2026%2F09%2F28&k_raceNo=2
2026-09-28 14:40:00,14:39,2026-09-28,funabashi,2,30,三連複,4-7-11,348.7,348.7,108,https://www.keiba.go.jp/KeibaWeb/TodayRaceInfo/Odds3LenFuku?k_babaCode=19&k_raceDate=2026%2F09%2F28&k_raceNo=2
2026-09-28 14:40:00,14:39,2026-09-28,funabashi,2,30,三連複,4-7-12,784.6,784.6,171,https://www.keiba.go.jp/KeibaWeb/TodayRaceInfo/Odds3LenFuku?k_babaCode=19&k_raceDate=2026%2F09%2F28&k_raceNo=2
2026-09-28 14:40:00,14:39,2026-09-28,funabashi,2,30,三連複,4-7-8,1255.4,1255.4,196,https://www.keiba.go.jp/KeibaWeb/TodayRaceInfo/Odds3LenFuku?k_babaCode=19&k_raceDate=2026%2F09%2F28&k_raceNo=2
2026-09-28 14:40:00,14:39,2026-09-28,funabashi,2,30,三連複,4-7-9,896.7,896.7,181,https://www.keiba.go.jp/KeibaWeb/TodayRaceInfo/Odds3LenFuku?k_babaCode=19&k_raceDate=2026%2F09%2F28&k_raceNo=2
2026-09-28 14:40:00,14:39,2026-09-28,funabashi,2,30,三連複,4-8-10,190.2,190.2,69,https://www.keiba.go.jp/KeibaWeb/TodayRaceInfo/Odds3LenFuku?k_babaCode=19&k_raceDate=2026%2F09%2F28&k_raceNo=2
2026-09-28 14:40:00,14:39,2026-09-28,funabashi,2,30,三連複,4-8-11,66.7,66.7,24,https://www.keiba.go.jp/KeibaWeb/TodayRaceInfo/Odds3LenFuku?k_babaCode=19&k_raceDate=2026%2F09%2F28&k_raceNo=2
2026-09-28 14:40:00,14:39,2026-09-28,funabashi,2,30,三連複,4-8-12,114.1,114.1,43,https://www.keiba.go.jp/KeibaWeb/TodayRaceInfo/Odds3LenFuku?k_babaCode=19&k_raceDate=2026%2F09%2F28&k_raceNo=2
2026-09-28 14:40:00,14:39,2026-09-28,funabashi,2,30,三連複,4-8-9,697.4,697.4,162,https://www.keiba.go.jp/KeibaWeb/TodayRaceInfo/Odds3LenFuku?k_babaCode=19&k_raceDate=2026%2F09%2F28&k_raceNo=2
2026-09-28 14:40:00,14:39,2026-09-28,funabashi,2,30,三連複,4-9-10,1046.1,1046.1,190,https://www.keiba.go.jp/KeibaWeb/TodayRaceInfo/Odds3LenFuku?k_babaCode=19&k_raceDate=2026%2F09%2F28&k_raceNo=2
2026-09-28 14:40:00,14:39,2026-09-28,funabashi,2,30,三連複,4-9-11,784.6,784.6,171,https://www.keiba.go.jp/KeibaWeb/TodayRaceInfo/Odds3LenFuku?k_babaCode=19&k_raceDate=2026%2F09%2F28&k_raceNo=2
2026-09-28 14:40:00,14:39,2026-09-28,funabashi,2,30,三連複,4-9-12,570.6,570.6,140,https://www.keiba.go.jp/KeibaWeb/TodayRaceInfo/Odds3LenFuku?k_babaCode=19&k_raceDate=2026%2F09%2F28&k_raceNo=2
2026-09-28 14:40:00,14:39,2026-09-28,funabashi,2,30,三連複,5-10-11,190.2,190.2,69,https://www.keiba.go.jp/KeibaWeb/TodayRaceInfo/Odds3LenFuku?k_babaCode=19&k_raceDate=2026%2F09%2F28&k_raceNo=2
2026-09-28 14:40:00,14:39,2026-09-28,funabashi,2,30,三連複,5-10-12,179.3,179.3,65,https://www.keiba.go.jp/KeibaWeb/TodayRaceInfo/Odds3LenFuku?k_babaCode=19&k_raceDate=2026%2F09%2F28&k_raceNo=2
2026-09-28 14:40:00,14:39,2026-09-28,funabashi,2,30,三連複,5-11-12,69.7,69.7,26,https://www.keiba.go.jp/KeibaWeb/TodayRaceInfo/Odds3LenFuku?k_babaCode=19&k_raceDate=2026%2F09%2F28&k_raceNo=2
2026-09-28 14:40:00,14:39,2026-09-28,funabashi,2,30,三連複,5-6-10,627.7,627.7,145,https://www.keiba.go.jp/KeibaWeb/TodayRaceInfo/Odds3LenFuku?k_babaCode=19&k_raceDate=2026%2F09%2F28&k_raceNo=2
2026-09-28 14:40:00,14:39,2026-09-28,funabashi,2,30,三連複,5-6-11,179.3,179.3,65,https://www.keiba.go.jp/KeibaWeb/TodayRaceInfo/Odds3LenFuku?k_babaCode=19&k_raceDate=2026%2F09%2F28&k_raceNo=2
2026-09-28 14:40:00,14:39,2026-09-28,funabashi,2,30,三連複,5-6-12,313.8,313.8,99,https://www.keiba.go.jp/KeibaWeb/TodayRaceInfo/Odds3LenFuku?k_babaCode=19&k_raceDate=2026%2F09%2F28&k_raceNo=2
2026-09-28 14:40:00,14:39,2026-09-28,funabashi,2,30,三連複,5-6-7,369.2,369.2,114,https://www.keiba.go.jp/KeibaWeb/TodayRaceInfo/Odds3LenFuku?k_babaCode=19&k_raceDate=2026%2F09%2F28&k_raceNo=2
2026-09-28 14:40:00,14:39,2026-09-28,funabashi,2,30,三連複,5-6-8,232.4,232.4,81,https://www.keiba.go.jp/KeibaWeb/TodayRaceInfo/Odds3LenFuku?k_babaCode=19&k_raceDate=2026%2F09%2F28&k_raceNo=2
2026-09-28 14:40:00,14:39,2026-09-28,funabashi,2,30,三連複,5-6-9,3138.5,3138.5,212,https://www.keiba.go.jp/KeibaWeb/TodayRaceInfo/Odds3LenFuku?k_babaCode=19&k_raceDate=2026%2F09%2F28&k_raceNo=2
2026-09-28 14:40:00,14:39,2026-09-28,funabashi,2,30,三連複,5-7-10,2092.3,2092.3,207,https://www.keiba.go.jp/KeibaWeb/TodayRaceInfo/Odds3LenFuku?k_babaCode=19&k_raceDate=2026%2F09%2F28&k_raceNo=2
2026-09-28 14:40:00,14:39,2026-09-28,funabashi,2,30,三連複,5-7-11,298.9,298.9,92,https://www.keiba.go.jp/KeibaWeb/TodayRaceInfo/Odds3LenFuku?k_babaCode=19&k_raceDate=2026%2F09%2F28&k_raceNo=2
2026-09-28 14:40:00,14:39,2026-09-28,funabashi,2,30,三連複,5-7-12,1046.1,1046.1,190,https://www.keiba.go.jp/KeibaWeb/TodayRaceInfo/Odds3LenFuku?k_babaCode=19&k_raceDate=2026%2F09%2F28&k_raceNo=2
2026-09-28 14:40:00,14:39,2026-09-28,funabashi,2,30,三連複,5-7-8,627.7,627.7,145,https://www.keiba.go.jp/KeibaWeb/TodayRaceInfo/Odds3LenFuku?k_babaCode=19&k_raceDate=2026%2F09%2F28&k_raceNo=2
2026-09-28 14:40:00,14:39,2026-09-28,funabashi,2,30,三連複,5-7-9,6277.0,6277.0,218,https://www.keiba.go.jp/KeibaWeb/TodayRaceInfo/Odds3LenFuku?k_babaCode=19&k_raceDate=2026%2F09%2F28&k_raceNo=2
2026-09-28 14:40:00,14:39,2026-09-28,funabashi,2,30,三連複,5-8-10,174.3,174.3,61,https://www.keiba.go.jp/KeibaWeb/TodayRaceInfo/Odds3LenFuku?k_babaCode=19&k_raceDate=2026%2F09%2F28&k_raceNo=2
2026-09-28 14:40:00,14:39,2026-09-28,funabashi,2,30,三連複,5-8-11,62.7,62.7,22,https://www.keiba.go.jp/KeibaWeb/TodayRaceInfo/Odds3LenFuku?k_babaCode=19&k_raceDate=2026%2F09%2F28&k_raceNo=2
2026-09-28 14:40:00,14:39,2026-09-28,funabashi,2,30,三連複,5-8-12,102.9,102.9,37,https://www.keiba.go.jp/KeibaWeb/TodayRaceInfo/Odds3LenFuku?k_babaCode=19&k_raceDate=2026%2F09%2F28&k_raceNo=2
2026-09-28 14:40:00,14:39,2026-09-28,funabashi,2,30,三連複,5-8-9,1255.4,1255.4,196,https://www.keiba.go.jp/KeibaWeb/TodayRaceInfo/Odds3LenFuku?k_babaCode=19&k_raceDate=2026%2F09%2F28&k_raceNo=2
2026-09-28 14:40:00,14:39,2026-09-28,funabashi,2,30,三連複,5-9-10,3138.5,3138.5,212,https://www.keiba.go.jp/KeibaWeb/TodayRaceInfo/Odds3LenFuku?k_babaCode=19&k_raceDate=2026%2F09%2F28&k_raceNo=2
2026-09-28 14:40:00,14:39,2026-09-28,funabashi,2,30,三連複,5-9-11,784.6,784.6,171,https://www.keiba.go.jp/KeibaWeb/TodayRaceInfo/Odds3LenFuku?k_babaCode=19&k_raceDate=2026%2F09%2F28&k_raceNo=2
2026-09-28 14:40:00,14:39,2026-09-28,funabashi,2,30,三連複,5-9-12,1569.2,1569.2,202,https://www.keiba.go.jp/KeibaWeb/TodayRaceInfo/Odds3LenFuku?k_babaCode=19&k_raceDate=2026%2F09%2F28&k_raceNo=2
2026-09-28 14:40:00,14:39,2026-09-28,funabashi,2,30,三連複,6-10-11,202.4,202.4,74,https://www.keiba.go.jp/KeibaWeb/TodayRaceInfo/Odds3LenFuku?k_babaCode=19&k_raceDate=2026%2F09%2F28&k_raceNo=2
2026-09-28 14:40:00,14:39,2026-09-28,funabashi,2,30,三連複,6-10-12,190.2,190.2,69,https://www.keiba.go.jp/KeibaWeb/TodayRaceInfo/Odds3LenFuku?k_babaCode=19&k_raceDate=2026%2F09%2F28&k_raceNo=2
2026-09-28 14:40:00,14:39,2026-09-28,funabashi,2,30,三連複,6-11-12,60.9,60.9,21,https://www.keiba.go.jp/KeibaWeb/TodayRaceInfo/Odds3LenFuku?k_babaCode=19&k_raceDate=2026%2F09%2F28&k_raceNo=2
2026-09-28 14:40:00,14:39,2026-09-28,funabashi,2,30,三連複,6-7-10,697.4,697.4,162,https://www.keiba.go.jp/KeibaWeb/TodayRaceInfo/Odds3LenFuku?k_babaCode=19&k_raceDate=2026%2F09%2F28&k_raceNo=2
2026-09-28 14:40:00,14:39,2026-09-28,funabashi,2,30,三連複,6-7-11,224.1,224.1,78,https://www.keiba.go.jp/KeibaWeb/TodayRaceInfo/Odds3LenFuku?k_babaCode=19&k_raceDate=2026%2F09%2F28&k_raceNo=2
2026-09-28 14:40:00,14:39,2026-09-28,funabashi,2,30,三連複,6-7-12,523.0,523.0,137,https://www.keiba.go.jp/KeibaWeb/TodayRaceInfo/Odds3LenFuku?k_babaCode=19&k_raceDate=2026%2F09%2F28&k_raceNo=2
2026-09-28 14:40:00,14:39,2026-09-28,funabashi,2,30,三連複,6-7-8,216.4,216.4,76,https://www.keiba.go.jp/KeibaWeb/TodayRaceInfo/Odds3LenFuku?k_babaCode=19&k_raceDate=2026%2F09%2F28&k_raceNo=2
2026-09-28 14:40:00,14:39,2026-09-28,funabashi,2,30,三連複,6-7-9,1569.2,1569.2,202,https://www.keiba.go.jp/KeibaWeb/TodayRaceInfo/Odds3LenFuku?k_babaCode=19&k_raceDate=2026%2F09%2F28&k_raceNo=2
2026-09-28 14:40:00,14:39,2026-09-28,funabashi,2,30,三連複,6-8-10,330.3,330.3,103,https://www.keiba.go.jp/KeibaWeb/TodayRaceInfo/Odds3LenFuku?k_babaCode=19&k_raceDate=2026%2F09%2F28&k_raceNo=2
2026-09-28 14:40:00,14:39,2026-09-28,funabashi,2,30,三連複,6-8-11,106.3,106.3,40,https://www.keiba.go.jp/KeibaWeb/TodayRaceInfo/Odds3LenFuku?k_babaCode=19&k_raceDate=2026%2F09%2F28&k_raceNo=2
2026-09-28 14:40:00,14:39,2026-09-28,funabashi,2,30,三連複,6-8-12,130.7,130.7,50,https://www.keiba.go.jp/KeibaWeb/TodayRaceInfo/Odds3LenFuku?k_babaCode=19&k_raceDate=2026%2F09%2F28&k_raceNo=2
2026-09-28 14:40:00,14:39,2026-09-28,funabashi,2,30,三連複,6-8-9,697.4,697.4,162,https://www.keiba.go.jp/KeibaWeb/TodayRaceInfo/Odds3LenFuku?k_babaCode=19&k_raceDate=2026%2F09%2F28&k_raceNo=2
2026-09-28 14:40:00,14:39,2026-09-28,funabashi,2,30,三連複,6-9-10,2092.3,2092.3,207,https://www.keiba.go.jp/KeibaWeb/TodayRaceInfo/Odds3LenFuku?k_babaCode=19&k_raceDate=2026%2F09%2F28&k_raceNo=2
2026-09-28 14:40:00,14:39,2026-09-28,funabashi,2,30,三連複,6-9-11,784.6,784.6,171,https://www.keiba.go.jp/KeibaWeb/TodayRaceInfo/Odds3LenFuku?k_babaCode=19&k_raceDate=2026%2F09%2F28&k_raceNo=2
2026-09-28 14:40:00,14:39,2026-09-28,funabashi,2,30,三連複,6-9-12,1046.1,1046.1,190,https://www.keiba.go.jp/KeibaWeb/TodayRaceInfo/Odds3LenFuku?k_babaCode=19&k_raceDate=2026%2F09%2F28&k_raceNo=2
2026-09-28 14:40:00,14:39,2026-09-28,funabashi,2,30,三連複,7-10-11,313.8,313.8,99,https://www.keiba.go.jp/KeibaWeb/TodayRaceInfo/Odds3LenFuku?k_babaCode=19&k_raceDate=2026%2F09%2F28&k_raceNo=2
2026-09-28 14:40:00,14:39,2026-09-28,funabashi,2,30,三連複,7-10-12,285.3,285.3,88,https://www.keiba.go.jp/KeibaWeb/TodayRaceInfo/Odds3LenFuku?k_babaCode=19&k_raceDate=2026%2F09%2F28&k_raceNo=2
2026-09-28 14:40:00,14:39,2026-09-28,funabashi,2,30,三連複,7-11-12,104.6,104.6,38,https://www.keiba.go.jp/KeibaWeb/TodayRaceInfo/Odds3LenFuku?k_babaCode=19&k_raceDate=2026%2F09%2F28&k_raceNo=2
2026-09-28 14:40:00,14:39,2026-09-28,funabashi,2,30,三連複,7-8-10,627.7,627.7,145,https://www.keiba.go.jp/KeibaWeb/TodayRaceInfo/Odds3LenFuku?k_babaCode=19&k_raceDate=2026%2F09%2F28&k_raceNo=2
2026-09-28 14:40:00,14:39,2026-09-28,funabashi,2,30,三連複,7-8-11,156.9,156.9,56,https://www.keiba.go.jp/KeibaWeb/TodayRaceInfo/Odds3LenFuku?k_babaCode=19&k_raceDate=2026%2F09%2F28&k_raceNo=2
2026-09-28 14:40:00,14:39,2026-09-28,funabashi,2,30,三連複,7-8-12,348.7,348.7,108,https://www.keiba.go.jp/KeibaWeb/TodayRaceInfo/Odds3LenFuku?k_babaCode=19&k_raceDate=2026%2F09%2F28&k_raceNo=2
2026-09-28 14:40:00,14:39,2026-09-28,funabashi,2,30,三連複,7-8-9,1046.1,1046.1,190,https://www.keiba.go.jp/KeibaWeb/TodayRaceInfo/Odds3LenFuku?k_babaCode=19&k_raceDate=2026%2F09%2F28&k_raceNo=2
2026-09-28 14:40:00,14:39,2026-09-28,funabashi,2,30,三連複,7-9-10,1569.2,1569.2,202,https://www.keiba.go.jp/KeibaWeb/TodayRaceInfo/Odds3LenFuku?k_babaCode=19&k_raceDate=2026%2F09%2F28&k_raceNo=2
2026-09-28 14:40:00,14:39,2026-09-28,funabashi,2,30,三連複,7-9-11,570.6,570.6,140,https://www.keiba.go.jp/KeibaWeb/TodayRaceInfo/Odds3LenFuku?k_babaCode=19&k_raceDate=2026%2F09%2F28&k_raceNo=2
2026-09-28 14:40:00,14:39,2026-09-28,funabashi,2,30,三連複,7-9-12,482.8,482.8,134,https://www.keiba.go.jp/KeibaWeb/TodayRaceInfo/Odds3LenFuku?k_babaCode=19&k_raceDate=2026%2F09%2F28&k_raceNo=2
2026-09-28 14:40:00,14:39,2026-09-28,funabashi,2,30,三連複,8-10-11,50.2,50.2,15,https://www.keiba.go.jp/KeibaWeb/TodayRaceInfo/Odds3LenFuku?k_babaCode=19&k_raceDate=2026%2F09%2F28&k_raceNo=2
2026-09-28 14:40:00,14:39,2026-09-28,funabashi,2,30,三連複,8-10-12,34.1,34.1,10,https://www.keiba.go.jp/KeibaWeb/TodayRaceInfo/Odds3LenFuku?k_babaCode=19&k_raceDate=2026%2F09%2F28&k_raceNo=2
2026-09-28 14:40:00,14:39,2026-09-28,funabashi,2,30,三連複,8-11-12,21.0,21.0,3,https://www.keiba.go.jp/KeibaWeb/TodayRaceInfo/Odds3LenFuku?k_babaCode=19&k_raceDate=2026%2F09%2F28&k_raceNo=2
2026-09-28 14:40:00,14:39,2026-09-28,funabashi,2,30,三連複,8-9-10,448.3,448.3,126,https://www.keiba.go.jp/KeibaWeb/TodayRaceInfo/Odds3LenFuku?k_babaCode=19&k_raceDate=2026%2F09%2F28&k_raceNo=2
2026-09-28 14:40:00,14:39,2026-09-28,funabashi,2,30,三連複,8-9-11,313.8,313.8,99,https://www.keiba.go.jp/KeibaWeb/TodayRaceInfo/Odds3LenFuku?k_babaCode=19&k_raceDate=2026%2F09%2F28&k_raceNo=2
2026-09-28 14:40:00,14:39,2026-09-28,funabashi,2,30,三連複,8-9-12,448.3,448.3,126,https://www.keiba.go.jp/KeibaWeb/TodayRaceInfo/Odds3LenFuku?k_babaCode=19&k_raceDate=2026%2F09%2F28&k_raceNo=2
2026-09-28 14:40:00,14:39,2026-09-28,funabashi,2,30,三連複,9-10-11,348.7,348.7,108,https://www.keiba.go.jp/KeibaWeb/TodayRaceInfo/Odds3LenFuku?k_babaCode=19&k_raceDate=2026%2F09%2F28&k_raceNo=2
2026-09-28 14:40:00,14:39,2026-09-28,funabashi,2,30,三連複,9-10-12,392.3,392.3,116,https://www.keiba.go.jp/KeibaWeb/TodayRaceInfo/Odds3LenFuku?k_babaCode=19&k_raceDate=2026%2F09%2F28&k_raceNo=2
2026-09-28 14:40:00,14:39,2026-09-28,funabashi,2,30,三連複,9-11-12,174.3,174.3,61,https://www.keiba.go.jp/KeibaWeb/TodayRaceInfo/Odds3LenFuku?k_babaCode=19&k_raceDate=2026%2F09%2F28&k_raceNo=2
2026-09-28 14:40:00,14:39,2026-09-28,funabashi,2,30,馬連,1-10,31.8,31.8,12,https://www.keiba.go.jp/KeibaWeb/TodayRaceInfo/OddsUmLenFuku?k_babaCode=19&k_raceDate=2026%2F09%2F28&k_raceNo=2
2026-09-28 14:40:00,14:39,2026-09-28,funabashi,2,30,馬連,1-11,4.8,4.8,1,https://www.keiba.go.jp/KeibaWeb/TodayRaceInfo/OddsUmLenFuku?k_babaCode=19&k_raceDate=2026%2F09%2F28&k_raceNo=2
2026-09-28 14:40:00,14:39,2026-09-28,funabashi,2,30,馬連,1-12,16.3,16.3,4,https://www.keiba.go.jp/KeibaWeb/TodayRaceInfo/OddsUmLenFuku?k_babaCode=19&k_raceDate=2026%2F09%2F28&k_raceNo=2
2026-09-28 14:40:00,14:39,2026-09-28,funabashi,2,30,馬連,1-2,99.5,99.5,35,https://www.keiba.go.jp/KeibaWeb/TodayRaceInfo/OddsUmLenFuku?k_babaCode=19&k_raceDate=2026%2F09%2F28&k_raceNo=2
2026-09-28 14:40:00,14:39,2026-09-28,funabashi,2,30,馬連,1-3,25.3,25.3,10,https://www.keiba.go.jp/KeibaWeb/TodayRaceInfo/OddsUmLenFuku?k_babaCode=19&k_raceDate=2026%2F09%2F28&k_raceNo=2
2026-09-28 14:40:00,14:39,2026-09-28,funabashi,2,30,馬連,1-4,16.6,16.6,5,https://www.keiba.go.jp/KeibaWeb/TodayRaceInfo/OddsUmLenFuku?k_babaCode=19&k_raceDate=2026%2F09%2F28&k_raceNo=2
2026-09-28 14:40:00,14:39,2026-09-28,funabashi,2,30,馬連,1-5,46.7,46.7,17,https://www.keiba.go.jp/KeibaWeb/TodayRaceInfo/OddsUmLenFuku?k_babaCode=19&k_raceDate=2026%2F09%2F28&k_raceNo=2
2026-09-28 14:40:00,14:39,2026-09-28,funabashi,2,30,馬連,1-6,60.5,60.5,21,https://www.keiba.go.jp/KeibaWeb/TodayRaceInfo/OddsUmLenFuku?k_babaCode=19&k_raceDate=2026%2F09%2F28&k_raceNo=2
2026-09-28 14:40:00,14:39,2026-09-28,funabashi,2,30,馬連,1-7,55.1,55.1,20,https://www.keiba.go.jp/KeibaWeb/TodayRaceInfo/OddsUmLenFuku?k_babaCode=19&k_raceDate=2026%2F09%2F28&k_raceNo=2
2026-09-28 14:40:00,14:39,2026-09-28,funabashi,2,30,馬連,1-8,20.1,20.1,7,https://www.keiba.go.jp/KeibaWeb/TodayRaceInfo/OddsUmLenFuku?k_babaCode=19&k_raceDate=2026%2F09%2F28&k_raceNo=2
2026-09-28 14:40:00,14:39,2026-09-28,funabashi,2,30,馬連,1-9,205.8,205.8,50,https://www.keiba.go.jp/KeibaWeb/TodayRaceInfo/OddsUmLenFuku?k_babaCode=19&k_raceDate=2026%2F09%2F28&k_raceNo=2
2026-09-28 14:40:00,14:39,2026-09-28,funabashi,2,30,馬連,10-11,22.8,22.8,9,https://www.keiba.go.jp/KeibaWeb/TodayRaceInfo/OddsUmLenFuku?k_babaCode=19&k_raceDate=2026%2F09%2F28&k_raceNo=2
2026-09-28 14:40:00,14:39,2026-09-28,funabashi,2,30,馬連,10-12,29.6,29.6,11,https://www.keiba.go.jp/KeibaWeb/TodayRaceInfo/OddsUmLenFuku?k_babaCode=19&k_raceDate=2026%2F09%2F28&k_raceNo=2
2026-09-28 14:40:00,14:39,2026-09-28,funabashi,2,30,馬連,11-12,21.0,21.0,8,https://www.keiba.go.jp/KeibaWeb/TodayRaceInfo/OddsUmLenFuku?k_babaCode=19&k_raceDate=2026%2F09%2F28&k_raceNo=2
2026-09-28 14:40:00,14:39,2026-09-28,funabashi,2,30,馬連,2-10,308.7,308.7,58,https://www.keiba.go.jp/KeibaWeb/TodayRaceInfo/OddsUmLenFuku?k_babaCode=19&k_raceDate=2026%2F09%2F28&k_raceNo=2
2026-09-28 14:40:00,14:39,2026-09-28,funabashi,2,30,馬連,2-11,171.5,171.5,47,https://www.keiba.go.jp/KeibaWeb/TodayRaceInfo/OddsUmLenFuku?k_babaCode=19&k_raceDate=2026%2F09%2F28&k_raceNo=2
2026-09-28 14:40:00,14:39,2026-09-28,funabashi,2,30,馬連,2-12,140.3,140.3,42,https://www.keiba.go.jp/KeibaWeb/TodayRaceInfo/OddsUmLenFuku?k_babaCode=19&k_raceDate=2026%2F09%2F28&k_raceNo=2
2026-09-28 14:40:00,14:39,2026-09-28,funabashi,2,30,馬連,2-3,192.9,192.9,48,https://www.keiba.go.jp/KeibaWeb/TodayRaceInfo/OddsUmLenFuku?k_babaCode=19&k_raceDate=2026%2F09%2F28&k_raceNo=2
2026-09-28 14:40:00,14:39,2026-09-28,funabashi,2,30,馬連,2-4,102.9,102.9,37,https://www.keiba.go.jp/KeibaWeb/TodayRaceInfo/OddsUmLenFuku?k_babaCode=19&k_raceDate=2026%2F09%2F28&k_raceNo=2
2026-09-28 14:40:00,14:39,2026-09-28,funabashi,2,30,馬連,2-5,1029.0,1029.0,66,https://www.keiba.go.jp/KeibaWeb/TodayRaceInfo/OddsUmLenFuku?k_babaCode=19&k_raceDate=2026%2F09%2F28&k_raceNo=2
2026-09-28 14:40:00,14:39,2026-09-28,funabashi,2,30,馬連,2-6,617.4,617.4,64,https://www.keiba.go.jp/KeibaWeb/TodayRaceInfo/OddsUmLenFuku?k_babaCode=19&k_raceDate=2026%2F09%2F28&k_raceNo=2
2026-09-28 14:40:00,14:39,2026-09-28,funabashi,2,30,馬連,2-7,617.4,617.4,64,https://www.keiba.go.jp/KeibaWeb/TodayRaceInfo/OddsUmLenFuku?k_babaCode=19&k_raceDate=2026%2F09%2F28&k_raceNo=2
2026-09-28 14:40:00,14:39,2026-09-28,funabashi,2,30,馬連,2-8,140.3,140.3,42,https://www.keiba.go.jp/KeibaWeb/TodayRaceInfo/OddsUmLenFuku?k_babaCode=19&k_raceDate=2026%2F09%2F28&k_raceNo=2
2026-09-28 14:40:00,14:39,2026-09-28,funabashi,2,30,馬連,2-9,93.5,93.5,34,https://www.keiba.go.jp/KeibaWeb/TodayRaceInfo/OddsUmLenFuku?k_babaCode=19&k_raceDate=2026%2F09%2F28&k_raceNo=2
2026-09-28 14:40:00,14:39,2026-09-28,funabashi,2,30,馬連,3-10,60.5,60.5,21,https://www.keiba.go.jp/KeibaWeb/TodayRaceInfo/OddsUmLenFuku?k_babaCode=19&k_raceDate=2026%2F09%2F28&k_raceNo=2
2026-09-28 14:40:00,14:39,2026-09-28,funabashi,2,30,馬連,3-11,17.8,17.8,6,https://www.keiba.go.jp/KeibaWeb/TodayRaceInfo/OddsUmLenFuku?k_babaCode=19&k_raceDate=2026%2F09%2F28&k_raceNo=2
2026-09-28 14:40:00,14:39,2026-09-28,funabashi,2,30,馬連,3-12,50.6,50.6,19,https://www.keiba.go.jp/KeibaWeb/TodayRaceInfo/OddsUmLenFuku?k_babaCode=19&k_raceDate=2026%2F09%2F28&k_raceNo=2
2026-09-28 14:40:00,14:39,2026-09-28,funabashi,2,30,馬連,3-4,162.4,162.4,46,https://www.keiba.go.jp/KeibaWeb/TodayRaceInfo/OddsUmLenFuku?k_babaCode=19&k_raceDate=2026%2F09%2F28&k_raceNo=2
2026-09-28 14:40:00,14:39,2026-09-28,funabashi,2,30,馬連,3-5,88.2,88.2,31,https://www.keiba.go.jp/KeibaWeb/TodayRaceInfo/OddsUmLenFuku?k_babaCode=19&k_raceDate=2026%2F09%2F28&k_raceNo=2
2026-09-28 14:40:00,14:39,2026-09-28,funabashi,2,30,馬連,3-6,147.0,147.0,44,https://www.keiba.go.jp/KeibaWeb/TodayRaceInfo/OddsUmLenFuku?k_babaCode=19&k_raceDate=2026%2F09%2F28&k_raceNo=2
2026-09-28 14:40:00,14:39,2026-09-28,funabashi,2,30,馬連,3-7,88.2,88.2,31,https://www.keiba.go.jp/KeibaWeb/TodayRaceInfo/OddsUmLenFuku?k_babaCode=19&k_raceDate=2026%2F09%2F28&k_raceNo=2
2026-09-28 14:40:00,14:39,2026-09-28,funabashi,2,30,馬連,3-8,37.6,37.6,13,https://www.keiba.go.jp/KeibaWeb/TodayRaceInfo/OddsUmLenFuku?k_babaCode=19&k_raceDate=2026%2F09%2F28&k_raceNo=2
2026-09-28 14:40:00,14:39,2026-09-28,funabashi,2,30,馬連,3-9,280.6,280.6,55,https://www.keiba.go.jp/KeibaWeb/TodayRaceInfo/OddsUmLenFuku?k_babaCode=19&k_raceDate=2026%2F09%2F28&k_raceNo=2
2026-09-28 14:40:00,14:39,2026-09-28,funabashi,2,30,馬連,4-10,134.2,134.2,40,https://www.keiba.go.jp/KeibaWeb/TodayRaceInfo/OddsUmLenFuku?k_babaCode=19&k_raceDate=2026%2F09%2F28&k_raceNo=2
2026-09-28 14:40:00,14:39,2026-09-28,funabashi,2,30,馬連,4-11,39.0,39.0,15,https://www.keiba.go.jp/KeibaWeb/TodayRaceInfo/OddsUmLenFuku?k_babaCode=19&k_raceDate=2026%2F09%2F28&k_raceNo=2
2026-09-28 14:40:00,14:39,2026-09-28,funabashi,2,30,馬連,4-12,83.4,83.4,26,https://www.keiba.go.jp/KeibaWeb/TodayRaceInfo/OddsUmLenFuku?k_babaCode=19&k_raceDate=2026%2F09%2F28&k_raceNo=2
2026-09-28 14:40:00,14:39,2026-09-28,funabashi,2,30,馬連,4-5,257.2,257.2,53,https://www.keiba.go.jp/KeibaWeb/TodayRaceInfo/OddsUmLenFuku?k_babaCode=19&k_raceDate=2026%2F09%2F28&k_raceNo=2
2026-09-28 14:40:00,14:39,2026-09-28,funabashi,2,30,馬連,4-6,280.6,280.6,55,https://www.keiba.go.jp/KeibaWeb/TodayRaceInfo/OddsUmLenFuku?k_babaCode=19&k_raceDate=2026%2F09%2F28&k_raceNo=2
2026-09-28 14:40:00,14:39,2026-09-28,funabashi,2,30,馬連,4-7,192.9,192.9,48,https://www.keiba.go.jp/KeibaWeb/TodayRaceInfo/OddsUmLenFuku?k_babaCode=19&k_raceDate=2026%2F09%2F28&k_raceNo=2
2026-09-28 14:40:00,14:39,2026-09-28,funabashi,2,30,馬連,4-8,68.6,68.6,24,https://www.keiba.go.jp/KeibaWeb/TodayRaceInfo/OddsUmLenFuku?k_babaCode=19&k_raceDate=2026%2F09%2F28&k_raceNo=2
2026-09-28 14:40:00,14:39,2026-09-28,funabashi,2,30,馬連,4-9,343.0,343.0,60,https://www.keiba.go.jp/KeibaWeb/TodayRaceInfo/OddsUmLenFuku?k_babaCode=19&k_raceDate=2026%2F09%2F28&k_raceNo=2
2026-09-28 14:40:00,14:39,2026-09-28,funabashi,2,30,馬連,5-10,257.2,257.2,53,https://www.keiba.go.jp/KeibaWeb/TodayRaceInfo/OddsUmLenFuku?k_babaCode=19&k_raceDate=2026%2F09%2F28&k_raceNo=2
2026-09-28 14:40:00,14:39,2026-09-28,funabashi,2,30,馬連,5-11,42.8,42.8,16,https://www.keiba.go.jp/KeibaWeb/TodayRaceInfo/OddsUmLenFuku?k_babaCode=19&k_raceDate=2026%2F09%2F28&k_raceNo=2
2026-09-28 14:40:00,14:39,2026-09-28,funabashi,2,30,馬連,5-12,85.7,85.7,30,https://www.keiba.go.jp/KeibaWeb/TodayRaceInfo/OddsUmLenFuku?k_babaCode=19&k_raceDate=2026%2F09%2F28&k_raceNo=2
2026-09-28 14:40:00,14:39,2026-09-28,funabashi,2,30,馬連,5-6,83.4,83.4,26,https://www.keiba.go.jp/KeibaWeb/TodayRaceInfo/OddsUmLenFuku?k_babaCode=19&k_raceDate=2026%2F09%2F28&k_raceNo=2
2026-09-28 14:40:00,14:39,2026-09-28,funabashi,2,30,馬連,5-7,99.5,99.5,35,https://www.keiba.go.jp/KeibaWeb/TodayRaceInfo/OddsUmLenFuku?k_babaCode=19&k_raceDate=2026%2F09%2F28&k_raceNo=2
2026-09-28 14:40:00,14:39,2026-09-28,funabashi,2,30,馬連,5-8,79.1,79.1,25,https://www.keiba.go.jp/KeibaWeb/TodayRaceInfo/OddsUmLenFuku?k_babaCode=19&k_raceDate=2026%2F09%2F28&k_raceNo=2
2026-09-28 14:40:00,14:39,2026-09-28,funabashi,2,30,馬連,5-9,343.0,343.0,60,https://www.keiba.go.jp/KeibaWeb/TodayRaceInfo/OddsUmLenFuku?k_babaCode=19&k_raceDate=2026%2F09%2F28&k_raceNo=2
2026-09-28 14:40:00,14:39,2026-09-28,funabashi,2,30,馬連,6-10,205.8,205.8,50,https://www.keiba.go.jp/KeibaWeb/TodayRaceInfo/OddsUmLenFuku?k_babaCode=19&k_raceDate=2026%2F09%2F28&k_raceNo=2
2026-09-28 14:40:00,14:39,2026-09-28,funabashi,2,30,馬連,6-11,49.0,49.0,18,https://www.keiba.go.jp/KeibaWeb/TodayRaceInfo/OddsUmLenFuku?k_babaCode=19&k_raceDate=2026%2F09%2F28&k_raceNo=2
2026-09-28 14:40:00,14:39,2026-09-28,funabashi,2,30,馬連,6-12,102.9,102.9,37,https://www.keiba.go.jp/KeibaWeb/TodayRaceInfo/OddsUmLenFuku?k_babaCode=19&k_raceDate=2026%2F09%2F28&k_raceNo=2
2026-09-28 14:40:00,14:39,2026-09-28,funabashi,2,30,馬連,6-7,154.3,154.3,45,https://www.keiba.go.jp/KeibaWeb/TodayRaceInfo/OddsUmLenFuku?k_babaCode=19&k_raceDate=2026%2F09%2F28&k_raceNo=2
2026-09-28 14:40:00,14:39,2026-09-28,funabashi,2,30,馬連,6-8,106.4,106.4,39,https://www.keiba.go.jp/KeibaWeb/TodayRaceInfo/OddsUmLenFuku?k_babaCode=19&k_raceDate=2026%2F09%2F28&k_raceNo=2
2026-09-28 14:40:00,14:39,2026-09-28,funabashi,2,30,馬連,6-9,308.7,308.7,58,https://www.keiba.go.jp/KeibaWeb/TodayRaceInfo/OddsUmLenFuku?k_babaCode=19&k_raceDate=2026%2F09%2F28&k_raceNo=2
2026-09-28 14:40:00,14:39,2026-09-28,funabashi,2,30,馬連,7-10,514.5,514.5,63,https://www.keiba.go.jp/KeibaWeb/TodayRaceInfo/OddsUmLenFuku?k_babaCode=19&k_raceDate=2026%2F09%2F28&k_raceNo=2
2026-09-28 14:40:00,14:39,2026-09-28,funabashi,2,30,馬連,7-11,60.5,60.5,21,https://www.keiba.go.jp/KeibaWeb/TodayRaceInfo/OddsUmLenFuku?k_babaCode=19&k_raceDate=2026%2F09%2F28&k_raceNo=2
2026-09-28 14:40:00,14:39,2026-09-28,funabashi,2,30,馬連,7-12,83.4,83.4,26,https://www.keiba.go.jp/KeibaWeb/TodayRaceInfo/OddsUmLenFuku?k_babaCode=19&k_raceDate=2026%2F09%2F28&k_raceNo=2
2026-09-28 14:40:00,14:39,2026-09-28,funabashi,2,30,馬連,7-8,90.7,90.7,33,https://www.keiba.go.jp/KeibaWeb/TodayRaceInfo/OddsUmLenFuku?k_babaCode=19&k_raceDate=2026%2F09%2F28&k_raceNo=2
2026-09-28 14:40:00,14:39,2026-09-28,funabashi,2,30,馬連,7-9,280.6,280.6,55,https://www.keiba.go.jp/KeibaWeb/TodayRaceInfo/OddsUmLenFuku?k_babaCode=19&k_raceDate=2026%2F09%2F28&k_raceNo=2
2026-09-28 14:40:00,14:39,2026-09-28,funabashi,2,30,馬連,8-10,38.1,38.1,14,https://www.keiba.go.jp/KeibaWeb/TodayRaceInfo/OddsUmLenFuku?k_babaCode=19&k_raceDate=2026%2F09%2F28&k_raceNo=2
2026-09-28 14:40:00,14:39,2026-09-28,funabashi,2,30,馬連,8-11,15.0,15.0,3,https://www.keiba.go.jp/KeibaWeb/TodayRaceInfo/OddsUmLenFuku?k_babaCode=19&k_raceDate=2026%2F09%2F28&k_raceNo=2
2026-09-28 14:40:00,14:39,2026-09-28,funabashi,2,30,馬連,8-12,9.2,9.2,2,https://www.keiba.go.jp/KeibaWeb/TodayRaceInfo/OddsUmLenFuku?k_babaCode=19&k_raceDate=2026%2F09%2F28&k_raceNo=2
2026-09-28 14:40:00,14:39,2026-09-28,funabashi,2,30,馬連,8-9,205.8,205.8,50,https://www.keiba.go.jp/KeibaWeb/TodayRaceInfo/OddsUmLenFuku?k_babaCode=19&k_raceDate=2026%2F09%2F28&k_raceNo=2
2026-09-28 14:40:00,14:39,2026-09-28,funabashi,2,30,馬連,9-10,343.0,343.0,60,https://www.keiba.go.jp/KeibaWeb/TodayRaceInfo/OddsUmLenFuku?k_babaCode=19&k_raceDate=2026%2F09%2F28&k_raceNo=2
2026-09-28 14:40:00,14:39,2026-09-28,funabashi,2,30,馬連,9-11,134.2,134.2,40,https://www.keiba.go.jp/KeibaWeb/TodayRaceInfo/OddsUmLenFuku?k_babaCode=19&k_raceDate=2026%2F09%2F28&k_raceNo=2
2026-09-28 14:40:00,14:39,2026-09-28,funabashi,2,30,馬連,9-12,83.4,83.4,26,https://www.keiba.go.jp/KeibaWeb/TodayRaceInfo/OddsUmLenFuku?k_babaCode=19&k_raceDate=2026%2F09%2F28&k_raceNo=2
