captured_at,source_time,race_date,track,race_no,minutes_before,bet_type,combination,odds_low,odds_high,popularity,source_url
2026-09-28 14:10:20,14:10,2026-09-28,funabashi,1,30,ワイド,1-10,153.4,159.4,57,https://www.keiba.go.jp/KeibaWeb/TodayRaceInfo/OddsWide?k_babaCode=19&k_raceDate=2026%2F09%2F28&k_raceNo=1
2026-09-28 14:10:20,14:10,2026-09-28,funabashi,1,30,ワイド,1-11,11.2,12.3,11,https://www.keiba.go.jp/KeibaWeb/TodayRaceInfo/OddsWide?k_babaCode=19&k_raceDate=2026%2F09%2F28&k_raceNo=1
2026-09-28 14:10:20,14:10,2026-09-28,funabashi,1,30,ワイド,1-12,34.7,36.5,31,https://www.keiba.go.jp/KeibaWeb/TodayRaceInfo/OddsWide?k_babaCode=19&k_raceDate=2026%2F09%2F28&k_raceNo=1
2026-09-28 14:10:20,14:10,2026-09-28,funabashi,1,30,ワイド,1-2,40.0,42.0,34,https://www.keiba.go.jp/KeibaWeb/TodayRaceInfo/OddsWide?k_babaCode=19&k_raceDate=2026%2F09%2F28&k_raceNo=1
2026-09-28 14:10:20,14:10,2026-09-28,funabashi,1,30,ワイド,1-3,29.5,30.8,28,https://www.keiba.go.jp/KeibaWeb/TodayRaceInfo/OddsWide?k_babaCode=19&k_raceDate=2026%2F09%2F28&k_raceNo=1
2026-09-28 14:10:20,14:10,2026-09-28,funabashi,1,30,ワイド,1-4,73.7,76.9,48,https://www.keiba.go.jp/KeibaWeb/TodayRaceInfo/OddsWide?k_babaCode=19&k_raceDate=2026%2F09%2F28&k_raceNo=1
2026-09-28 14:10:20,14:10,2026-09-28,funabashi,1,30,ワイド,1-5,7.4,9.4,9,https://www.keiba.go.jp/KeibaWeb/TodayRaceInfo/OddsWide?k_babaCode=19&k_raceDate=2026%2F09%2F28&k_raceNo=1
2026-09-28 14:10:20,14:10,2026-09-28,funabashi,1,30,ワイド,1-6,57.7,60.1,42,https://www.keiba.go.jp/KeibaWeb/TodayRaceInfo/OddsWide?k_babaCode=19&k_raceDate=2026%2F09%2F28&k_raceNo=1
2026-09-28 14:10:20,14:10,2026-09-28,funabashi,1,30,ワイド,1-7,21.1,23.7,21,https://www.keiba.go.jp/KeibaWeb/TodayRaceInfo/OddsWide?k_babaCode=19&k_raceDate=2026%2F09%2F28&k_raceNo=1
2026-09-28 14:10:20,14:10,2026-09-28,funabashi,1,30,ワイド,1-8,14.1,15.4,15,https://www.keiba.go.jp/KeibaWeb/TodayRaceInfo/OddsWide?k_babaCode=19&k_raceDate=2026%2F09%2F28&k_raceNo=1
2026-09-28 14:10:20,14:10,2026-09-28,funabashi,1,30,ワイド,1-9,5.7,7.2,8,https://www.keiba.go.jp/KeibaWeb/TodayRaceInfo/OddsWide?k_babaCode=19&k_raceDate=2026%2F09%2F28&k_raceNo=1
2026-09-28 14:10:20,14:10,2026-09-28,funabashi,1,30,ワイド,10-11,56.6,60.0,41,https://www.keiba.go.jp/KeibaWeb/TodayRaceInfo/OddsWide?k_babaCode=19&k_raceDate=2026%2F09%2F28&k_raceNo=1
2026-09-28 14:10:20,14:10,2026-09-28,funabashi,1,30,ワイド,10-12,171.0,174.2,58,https://www.keiba.go.jp/KeibaWeb/TodayRaceInfo/OddsWide?k_babaCode=19&k_raceDate=2026%2F09%2F28&k_raceNo=1
2026-09-28 14:10:20,14:10,2026-09-28,funabashi,1,30,ワイド,11-12,22.6,24.3,22,https://www.keiba.go.jp/KeibaWeb/TodayRaceInfo/OddsWide?k_babaCode=19&k_raceDate=2026%2F09%2F28&k_raceNo=1
2026-09-28 14:10:20,14:10,2026-09-28,funabashi,1,30,ワイド,2-10,188.6,191.4,62,https://www.keiba.go.jp/KeibaWeb/TodayRaceInfo/OddsWide?k_babaCode=19&k_raceDate=2026%2F09%2F28&k_raceNo=1
2026-09-28 14:10:20,14:10,2026-09-28,funabashi,1,30,ワイド,2-11,20.0,21.4,20,https://www.keiba.go.jp/KeibaWeb/TodayRaceInfo/OddsWide?k_babaCode=19&k_raceDate=2026%2F09%2F28&k_raceNo=1
2026-09-28 14:10:20,14:10,2026-09-28,funabashi,1,30,ワイド,2-12,69.3,71.2,46,https://www.keiba.go.jp/KeibaWeb/TodayRaceInfo/OddsWide?k_babaCode=19&k_raceDate=2026%2F09%2F28&k_raceNo=1
2026-09-28 14:10:20,14:10,2026-09-28,funabashi,1,30,ワイド,2-3,72.2,74.0,47,https://www.keiba.go.jp/KeibaWeb/TodayRaceInfo/OddsWide?k_babaCode=19&k_raceDate=2026%2F09%2F28&k_raceNo=1
2026-09-28 14:10:20,14:10,2026-09-28,funabashi,1,30,ワイド,2-4,94.3,96.0,55,https://www.keiba.go.jp/KeibaWeb/TodayRaceInfo/OddsWide?k_babaCode=19&k_raceDate=2026%2F09%2F28&k_raceNo=1
2026-09-28 14:10:20,14:10,2026-09-28,funabashi,1,30,ワイド,2-5,19.4,24.2,19,https://www.keiba.go.jp/KeibaWeb/TodayRaceInfo/OddsWide?k_babaCode=19&k_raceDate=2026%2F09%2F28&k_raceNo=1
2026-09-28 14:10:20,14:10,2026-09-28,funabashi,1,30,ワイド,2-6,171.3,174.1,59,https://www.keiba.go.jp/KeibaWeb/TodayRaceInfo/OddsWide?k_babaCode=19&k_raceDate=2026%2F09%2F28&k_raceNo=1
2026-09-28 14:10:20,14:10,2026-09-28,funabashi,1,30,ワイド,2-7,67.2,73.8,45,https://www.keiba.go.jp/KeibaWeb/TodayRaceInfo/OddsWide?k_babaCode=19&k_raceDate=2026%2F09%2F28&k_raceNo=1
2026-09-28 14:10:20,14:10,2026-09-28,funabashi,1,30,ワイド,2-8,41.9,44.8,37,https://www.keiba.go.jp/KeibaWeb/TodayRaceInfo/OddsWide?k_babaCode=19&k_raceDate=2026%2F09%2F28&k_raceNo=1
2026-09-28 14:10:20,14:10,2026-09-28,funabashi,1,30,ワイド,2-9,16.0,19.9,17,https://www.keiba.go.jp/KeibaWeb/TodayRaceInfo/OddsWide?k_babaCode=19&k_raceDate=2026%2F09%2F28&k_raceNo=1
2026-09-28 14:10:20,14:10,2026-09-28,funabashi,1,30,ワイド,3-10,268.5,273.2,64,https://www.keiba.go.jp/KeibaWeb/TodayRaceInfo/OddsWide?k_babaCode=19&k_raceDate=2026%2F09%2F28&k_raceNo=1
2026-09-28 14:10:20,14:10,2026-09-28,funabashi,1,30,ワイド,3-11,25.0,26.6,25,https://www.keiba.go.jp/KeibaWeb/TodayRaceInfo/OddsWide?k_babaCode=19&k_raceDate=2026%2F09%2F28&k_raceNo=1
2026-09-28 14:10:20,14:10,2026-09-28,funabashi,1,30,ワイド,3-12,64.7,66.3,43,https://www.keiba.go.jp/KeibaWeb/TodayRaceInfo/OddsWide?k_babaCode=19&k_raceDate=2026%2F09%2F28&k_raceNo=1
2026-09-28 14:10:20,14:10,2026-09-28,funabashi,1,30,ワイド,3-4,89.8,91.5,52,https://www.keiba.go.jp/KeibaWeb/TodayRaceInfo/OddsWide?k_babaCode=19&k_raceDate=2026%2F09%2F28&k_raceNo=1
2026-09-28 14:10:20,14:10,2026-09-28,funabashi,1,30,ワイド,3-5,13.5,16.7,14,https://www.keiba.go.jp/KeibaWeb/TodayRaceInfo/OddsWide?k_babaCode=19&k_raceDate=2026%2F09%2F28&k_raceNo=1
2026-09-28 14:10:20,14:10,2026-09-28,funabashi,1,30,ワイド,3-6,134.1,136.9,56,https://www.keiba.go.jp/KeibaWeb/TodayRaceInfo/OddsWide?k_babaCode=19&k_raceDate=2026%2F09%2F28&k_raceNo=1
2026-09-28 14:10:20,14:10,2026-09-28,funabashi,1,30,ワイド,3-7,76.3,83.4,50,https://www.keiba.go.jp/KeibaWeb/TodayRaceInfo/OddsWide?k_babaCode=19&k_raceDate=2026%2F09%2F28&k_raceNo=1
2026-09-28 14:10:20,14:10,2026-09-28,funabashi,1,30,ワイド,3-8,30.6,32.7,29,https://www.keiba.go.jp/KeibaWeb/TodayRaceInfo/OddsWide?k_babaCode=19&k_raceDate=2026%2F09%2F28&k_raceNo=1
2026-09-28 14:10:20,14:10,2026-09-28,funabashi,1,30,ワイド,3-9,24.8,31.2,24,https://www.keiba.go.jp/KeibaWeb/TodayRaceInfo/OddsWide?k_babaCode=19&k_raceDate=2026%2F09%2F28&k_raceNo=1
2026-09-28 14:10:20,14:10,2026-09-28,funabashi,1,30,ワイド,4-10,379.0,382.7,66,https://www.keiba.go.jp/KeibaWeb/TodayRaceInfo/OddsWide?k_babaCode=19&k_raceDate=2026%2F09%2F28&k_raceNo=1
2026-09-28 14:10:20,14:10,2026-09-28,funabashi,1,30,ワイド,4-11,47.6,50.7,39,https://www.keiba.go.jp/KeibaWeb/TodayRaceInfo/OddsWide?k_babaCode=19&k_raceDate=2026%2F09%2F28&k_raceNo=1
2026-09-28 14:10:20,14:10,2026-09-28,funabashi,1,30,ワイド,4-12,187.6,191.6,61,https://www.keiba.go.jp/KeibaWeb/TodayRaceInfo/OddsWide?k_babaCode=19&k_raceDate=2026%2F09%2F28&k_raceNo=1
2026-09-28 14:10:20,14:10,2026-09-28,funabashi,1,30,ワイド,4-5,38.6,48.1,33,https://www.keiba.go.jp/KeibaWeb/TodayRaceInfo/OddsWide?k_babaCode=19&k_raceDate=2026%2F09%2F28&k_raceNo=1
2026-09-28 14:10:20,14:10,2026-09-28,funabashi,1,30,ワイド,4-6,315.4,319.0,65,https://www.keiba.go.jp/KeibaWeb/TodayRaceInfo/OddsWide?k_babaCode=19&k_raceDate=2026%2F09%2F28&k_raceNo=1
2026-09-28 14:10:20,14:10,2026-09-28,funabashi,1,30,ワイド,4-7,92.4,100.9,53,https://www.keiba.go.jp/KeibaWeb/TodayRaceInfo/OddsWide?k_babaCode=19&k_raceDate=2026%2F09%2F28&k_raceNo=1
2026-09-28 14:10:20,14:10,2026-09-28,funabashi,1,30,ワイド,4-8,54.8,58.2,40,https://www.keiba.go.jp/KeibaWeb/TodayRaceInfo/OddsWide?k_babaCode=19&k_raceDate=2026%2F09%2F28&k_raceNo=1
2026-09-28 14:10:20,14:10,2026-09-28,funabashi,1,30,ワイド,4-9,29.3,36.4,27,https://www.keiba.go.jp/KeibaWeb/TodayRaceInfo/OddsWide?k_babaCode=19&k_raceDate=2026%2F09%2F28&k_raceNo=1
2026-09-28 14:10:20,14:10,2026-09-28,funabashi,1,30,ワイド,5-10,40.7,50.6,35,https://www.keiba.go.jp/KeibaWeb/TodayRaceInfo/OddsWide?k_babaCode=19&k_raceDate=2026%2F09%2F28&k_raceNo=1
2026-09-28 14:10:20,14:10,2026-09-28,funabashi,1,30,ワイド,5-11,5.1,6.6,7,https://www.keiba.go.jp/KeibaWeb/TodayRaceInfo/OddsWide?k_babaCode=19&k_raceDate=2026%2F09%2F28&k_raceNo=1
2026-09-28 14:10:20,14:10,2026-09-28,funabashi,1,30,ワイド,5-12,16.7,20.9,18,https://www.keiba.go.jp/KeibaWeb/TodayRaceInfo/OddsWide?k_babaCode=19&k_raceDate=2026%2F09%2F28&k_raceNo=1
2026-09-28 14:10:20,14:10,2026-09-28,funabashi,1,30,ワイド,5-6,25.1,31.2,26,https://www.keiba.go.jp/KeibaWeb/TodayRaceInfo/OddsWide?k_babaCode=19&k_raceDate=2026%2F09%2F28&k_raceNo=1
2026-09-28 14:10:20,14:10,2026-09-28,funabashi,1,30,ワイド,5-7,3.2,4.2,3,https://www.keiba.go.jp/KeibaWeb/TodayRaceInfo/OddsWide?k_babaCode=19&k_raceDate=2026%2F09%2F28&k_raceNo=1
2026-09-28 14:10:20,14:10,2026-09-28,funabashi,1,30,ワイド,5-8,3.8,4.9,6,https://www.keiba.go.jp/KeibaWeb/TodayRaceInfo/OddsWide?k_babaCode=19&k_raceDate=2026%2F09%2F28&k_raceNo=1
2026-09-28 14:10:20,14:10,2026-09-28,funabashi,1,30,ワイド,5-9,1.5,1.7,1,https://www.keiba.go.jp/KeibaWeb/TodayRaceInfo/OddsWide?k_babaCode=19&k_raceDate=2026%2F09%2F28&k_raceNo=1
2026-09-28 14:10:20,14:10,2026-09-28,funabashi,1,30,ワイド,6-10,172.3,174.3,60,https://www.keiba.go.jp/KeibaWeb/TodayRaceInfo/OddsWide?k_babaCode=19&k_raceDate=2026%2F09%2F28&k_raceNo=1
2026-09-28 14:10:20,14:10,2026-09-28,funabashi,1,30,ワイド,6-11,75.2,79.8,49,https://www.keiba.go.jp/KeibaWeb/TodayRaceInfo/OddsWide?k_babaCode=19&k_raceDate=2026%2F09%2F28&k_raceNo=1
2026-09-28 14:10:20,14:10,2026-09-28,funabashi,1,30,ワイド,6-12,234.6,239.4,63,https://www.keiba.go.jp/KeibaWeb/TodayRaceInfo/OddsWide?k_babaCode=19&k_raceDate=2026%2F09%2F28&k_raceNo=1
2026-09-28 14:10:20,14:10,2026-09-28,funabashi,1,30,ワイド,6-7,83.7,91.4,51,https://www.keiba.go.jp/KeibaWeb/TodayRaceInfo/OddsWide?k_babaCode=19&k_raceDate=2026%2F09%2F28&k_raceNo=1
2026-09-28 14:10:20,14:10,2026-09-28,funabashi,1,30,ワイド,6-8,66.8,71.0,44,https://www.keiba.go.jp/KeibaWeb/TodayRaceInfo/OddsWide?k_babaCode=19&k_raceDate=2026%2F09%2F28&k_raceNo=1
2026-09-28 14:10:20,14:10,2026-09-28,funabashi,1,30,ワイド,6-9,34.3,42.7,30,https://www.keiba.go.jp/KeibaWeb/TodayRaceInfo/OddsWide?k_babaCode=19&k_raceDate=2026%2F09%2F28&k_raceNo=1
2026-09-28 14:10:20,14:10,2026-09-28,funabashi,1,30,ワイド,7-10,92.6,100.9,54,https://www.keiba.go.jp/KeibaWeb/TodayRaceInfo/OddsWide?k_babaCode=19&k_raceDate=2026%2F09%2F28&k_raceNo=1
2026-09-28 14:10:20,14:10,2026-09-28,funabashi,1,30,ワイド,7-11,14.6,16.7,16,https://www.keiba.go.jp/KeibaWeb/TodayRaceInfo/OddsWide?k_babaCode=19&k_raceDate=2026%2F09%2F28&k_raceNo=1
2026-09-28 14:10:20,14:10,2026-09-28,funabashi,1,30,ワイド,7-12,35.8,39.4,32,https://www.keiba.go.jp/KeibaWeb/TodayRaceInfo/OddsWide?k_babaCode=19&k_raceDate=2026%2F09%2F28&k_raceNo=1
2026-09-28 14:10:20,14:10,2026-09-28,funabashi,1,30,ワイド,7-8,13.3,15.2,13,https://www.keiba.go.jp/KeibaWeb/TodayRaceInfo/OddsWide?k_babaCode=19&k_raceDate=2026%2F09%2F28&k_raceNo=1
2026-09-28 14:10:20,14:10,2026-09-28,funabashi,1,30,ワイド,7-9,2.7,3.5,2,https://www.keiba.go.jp/KeibaWeb/TodayRaceInfo/OddsWide?k_babaCode=19&k_raceDate=2026%2F09%2F28&k_raceNo=1
2026-09-28 14:10:20,14:10,2026-09-28,funabashi,1,30,ワイド,8-10,43.3,45.8,38,https://www.keiba.go.jp/KeibaWeb/TodayRaceInfo/OddsWide?k_babaCode=19&k_raceDate=2026%2F09%2F28&k_raceNo=1
2026-09-28 14:10:20,14:10,2026-09-28,funabashi,1,30,ワイド,8-11,7.5,8.3,10,https://www.keiba.go.jp/KeibaWeb/TodayRaceInfo/OddsWide?k_babaCode=19&k_raceDate=2026%2F09%2F28&k_raceNo=1
2026-09-28 14:10:20,14:10,2026-09-28,funabashi,1,30,ワイド,8-12,24.1,25.9,23,https://www.keiba.go.jp/KeibaWeb/TodayRaceInfo/OddsWide?k_babaCode=19&k_raceDate=2026%2F09%2F28&k_raceNo=1
2026-09-28 14:10:20,14:10,2026-09-28,funabashi,1,30,ワイド,8-9,3.8,4.8,5,https://www.keiba.go.jp/KeibaWeb/TodayRaceInfo/OddsWide?k_babaCode=19&k_raceDate=2026%2F09%2F28&k_raceNo=1
2026-09-28 14:10:20,14:10,2026-09-28,funabashi,1,30,ワイド,9-10,41.8,51.8,36,https://www.keiba.go.jp/KeibaWeb/TodayRaceInfo/OddsWide?k_babaCode=19&k_raceDate=2026%2F09%2F28&k_raceNo=1
2026-09-28 14:10:20,14:10,2026-09-28,funabashi,1,30,ワイド,9-11,3.8,4.8,4,https://www.keiba.go.jp/KeibaWeb/TodayRaceInfo/OddsWide?k_babaCode=19&k_raceDate=2026%2F09%2F28&k_raceNo=1
2026-09-28 14:10:20,14:10,2026-09-28,funabashi,1,30,ワイド,9-12,12.9,16.1,12,https://www.keiba.go.jp/KeibaWeb/TodayRaceInfo/OddsWide?k_babaCode=19&k_raceDate=2026%2F09%2F28&k_raceNo=1
2026-09-28 14:10:20,14:10,2026-09-28,funabashi,1,30,三連複,1-10-11,970.9,970.9,119,https://www.keiba.go.jp/KeibaWeb/TodayRaceInfo/Odds3LenFuku?k_babaCode=19&k_raceDate=2026%2F09%2F28&k_raceNo=1
2026-09-28 14:10:20,14:10,2026-09-28,funabashi,1,30,三連複,1-10-12,2103.8,2103.8,169,https://www.keiba.go.jp/KeibaWeb/TodayRaceInfo/Odds3LenFuku?k_babaCode=19&k_raceDate=2026%2F09%2F28&k_raceNo=1
2026-09-28 14:10:20,14:10,2026-09-28,funabashi,1,30,三連複,1-11-12,504.9,504.9,87,https://www.keiba.go.jp/KeibaWeb/TodayRaceInfo/Odds3LenFuku?k_babaCode=19&k_raceDate=2026%2F09%2F28&k_raceNo=1
2026-09-28 14:10:20,14:10,2026-09-28,funabashi,1,30,三連複,1-2-10,4207.6,4207.6,203,https://www.keiba.go.jp/KeibaWeb/TodayRaceInfo/Odds3LenFuku?k_babaCode=19&k_raceDate=2026%2F09%2F28&k_raceNo=1
2026-09-28 14:10:20,14:10,2026-09-28,funabashi,1,30,三連複,1-2-11,450.8,450.8,81,https://www.keiba.go.jp/KeibaWeb/TodayRaceInfo/Odds3LenFuku?k_babaCode=19&k_raceDate=2026%2F09%2F28&k_raceNo=1
2026-09-28 14:10:20,14:10,2026-09-28,funabashi,1,30,三連複,1-2-12,1051.9,1051.9,127,https://www.keiba.go.jp/KeibaWeb/TodayRaceInfo/Odds3LenFuku?k_babaCode=19&k_raceDate=2026%2F09%2F28&k_raceNo=1
2026-09-28 14:10:20,14:10,2026-09-28,funabashi,1,30,三連複,1-2-3,742.5,742.5,104,https://www.keiba.go.jp/KeibaWeb/TodayRaceInfo/Odds3LenFuku?k_babaCode=19&k_raceDate=2026%2F09%2F28&k_raceNo=1
2026-09-28 14:10:20,14:10,2026-09-28,funabashi,1,30,三連複,1-2-4,788.9,788.9,109,https://www.keiba.go.jp/KeibaWeb/TodayRaceInfo/Odds3LenFuku?k_babaCode=19&k_raceDate=2026%2F09%2F28&k_raceNo=1
2026-09-28 14:10:20,14:10,2026-09-28,funabashi,1,30,三連複,1-2-5,110.7,110.7,29,https://www.keiba.go.jp/KeibaWeb/TodayRaceInfo/Odds3LenFuku?k_babaCode=19&k_raceDate=2026%2F09%2F28&k_raceNo=1
2026-09-28 14:10:20,14:10,2026-09-28,funabashi,1,30,三連複,1-2-6,1402.5,1402.5,148,https://www.keiba.go.jp/KeibaWeb/TodayRaceInfo/Odds3LenFuku?k_babaCode=19&k_raceDate=2026%2F09%2F28&k_raceNo=1
2026-09-28 14:10:20,14:10,2026-09-28,funabashi,1,30,三連複,1-2-7,664.3,664.3,98,https://www.keiba.go.jp/KeibaWeb/TodayRaceInfo/Odds3LenFuku?k_babaCode=19&k_raceDate=2026%2F09%2F28&k_raceNo=1
2026-09-28 14:10:20,14:10,2026-09-28,funabashi,1,30,三連複,1-2-8,573.7,573.7,91,https://www.keiba.go.jp/KeibaWeb/TodayRaceInfo/Odds3LenFuku?k_babaCode=19&k_raceDate=2026%2F09%2F28&k_raceNo=1
2026-09-28 14:10:20,14:10,2026-09-28,funabashi,1,30,三連複,1-2-9,268.5,268.5,60,https://www.keiba.go.jp/KeibaWeb/TodayRaceInfo/Odds3LenFuku?k_babaCode=19&k_raceDate=2026%2F09%2F28&k_raceNo=1
2026-09-28 14:10:20,14:10,2026-09-28,funabashi,1,30,三連複,1-3-10,12622.9,12622.9,214,https://www.keiba.go.jp/KeibaWeb/TodayRaceInfo/Odds3LenFuku?k_babaCode=19&k_raceDate=2026%2F09%2F28&k_raceNo=1
2026-09-28 14:10:20,14:10,2026-09-28,funabashi,1,30,三連複,1-3-11,841.5,841.5,112,https://www.keiba.go.jp/KeibaWeb/TodayRaceInfo/Odds3LenFuku?k_babaCode=19&k_raceDate=2026%2F09%2F28&k_raceNo=1
2026-09-28 14:10:20,14:10,2026-09-28,funabashi,1,30,三連複,1-3-12,1262.2,1262.2,137,https://www.keiba.go.jp/KeibaWeb/TodayRaceInfo/Odds3LenFuku?k_babaCode=19&k_raceDate=2026%2F09%2F28&k_raceNo=1
2026-09-28 14:10:20,14:10,2026-09-28,funabashi,1,30,三連複,1-3-4,2524.5,2524.5,181,https://www.keiba.go.jp/KeibaWeb/TodayRaceInfo/Odds3LenFuku?k_babaCode=19&k_raceDate=2026%2F09%2F28&k_raceNo=1
2026-09-28 14:10:20,14:10,2026-09-28,funabashi,1,30,三連複,1-3-5,238.1,238.1,54,https://www.keiba.go.jp/KeibaWeb/TodayRaceInfo/Odds3LenFuku?k_babaCode=19&k_raceDate=2026%2F09%2F28&k_raceNo=1
2026-09-28 14:10:20,14:10,2026-09-28,funabashi,1,30,三連複,1-3-6,2103.8,2103.8,169,https://www.keiba.go.jp/KeibaWeb/TodayRaceInfo/Odds3LenFuku?k_babaCode=19&k_raceDate=2026%2F09%2F28&k_raceNo=1
2026-09-28 14:10:20,14:10,2026-09-28,funabashi,1,30,三連複,1-3-7,1577.8,1577.8,153,https://www.keiba.go.jp/KeibaWeb/TodayRaceInfo/Odds3LenFuku?k_babaCode=19&k_raceDate=2026%2F09%2F28&k_raceNo=1
2026-09-28 14:10:20,14:10,2026-09-28,funabashi,1,30,三連複,1-3-8,371.2,371.2,72,https://www.keiba.go.jp/KeibaWeb/TodayRaceInfo/Odds3LenFuku?k_babaCode=19&k_raceDate=2026%2F09%2F28&k_raceNo=1
2026-09-28 14:10:20,14:10,2026-09-28,funabashi,1,30,三連複,1-3-9,435.2,435.2,78,https://www.keiba.go.jp/KeibaWeb/TodayRaceInfo/Odds3LenFuku?k_babaCode=19&k_raceDate=2026%2F09%2F28&k_raceNo=1
2026-09-28 14:10:20,14:10,2026-09-28,funabashi,1,30,三連複,1-4-10,6311.4,6311.4,208,https://www.keiba.go.jp/KeibaWeb/TodayRaceInfo/Odds3LenFuku?k_babaCode=19&k_raceDate=2026%2F09%2F28&k_raceNo=1
2026-09-28 14:10:20,14:10,2026-09-28,funabashi,1,30,三連複,1-4-11,841.5,841.5,112,https://www.keiba.go.jp/KeibaWeb/TodayRaceInfo/Odds3LenFuku?k_babaCode=19&k_raceDate=2026%2F09%2F28&k_raceNo=1
2026-09-28 14:10:20,14:10,2026-09-28,funabashi,1,30,三連複,1-4-12,2524.5,2524.5,181,https://www.keiba.go.jp/KeibaWeb/TodayRaceInfo/Odds3LenFuku?k_babaCode=19&k_raceDate=2026%2F09%2F28&k_raceNo=1
2026-09-28 14:10:20,14:10,2026-09-28,funabashi,1,30,三連複,1-4-5,268.5,268.5,60,https://www.keiba.go.jp/KeibaWeb/TodayRaceInfo/Odds3LenFuku?k_babaCode=19&k_raceDate=2026%2F09%2F28&k_raceNo=1
2026-09-28 14:10:20,14:10,2026-09-28,funabashi,1,30,三連複,1-4-6,1402.5,1402.5,148,https://www.keiba.go.jp/KeibaWeb/TodayRaceInfo/Odds3LenFuku?k_babaCode=19&k_raceDate=2026%2F09%2F28&k_raceNo=1
2026-09-28 14:10:20,14:10,2026-09-28,funabashi,1,30,三連複,1-4-7,1147.5,1147.5,132,https://www.keiba.go.jp/KeibaWeb/TodayRaceInfo/Odds3LenFuku?k_babaCode=19&k_raceDate=2026%2F09%2F28&k_raceNo=1
2026-09-28 14:10:20,14:10,2026-09-28,funabashi,1,30,三連複,1-4-8,1262.2,1262.2,137,https://www.keiba.go.jp/KeibaWeb/TodayRaceInfo/Odds3LenFuku?k_babaCode=19&k_raceDate=2026%2F09%2F28&k_raceNo=1
2026-09-28 14:10:20,14:10,2026-09-28,funabashi,1,30,三連複,1-4-9,435.2,435.2,78,https://www.keiba.go.jp/KeibaWeb/TodayRaceInfo/Odds3LenFuku?k_babaCode=19&k_raceDate=2026%2F09%2F28&k_raceNo=1
2026-09-28 14:10:20,14:10,2026-09-28,funabashi,1,30,三連複,1-5-10,601.0,601.0,94,https://www.keiba.go.jp/KeibaWeb/TodayRaceInfo/Odds3LenFuku?k_babaCode=19&k_raceDate=2026%2F09%2F28&k_raceNo=1
2026-09-28 14:10:20,14:10,2026-09-28,funabashi,1,30,三連複,1-5-11,47.8,47.8,16,https://www.keiba.go.jp/KeibaWeb/TodayRaceInfo/Odds3LenFuku?k_babaCode=19&k_raceDate=2026%2F09%2F28&k_raceNo=1
2026-09-28 14:10:20,14:10,2026-09-28,funabashi,1,30,三連複,1-5-12,200.3,200.3,44,https://www.keiba.go.jp/KeibaWeb/TodayRaceInfo/Odds3LenFuku?k_babaCode=19&k_raceDate=2026%2F09%2F28&k_raceNo=1
2026-09-28 14:10:20,14:10,2026-09-28,funabashi,1,30,三連複,1-5-6,274.4,274.4,64,https://www.keiba.go.jp/KeibaWeb/TodayRaceInfo/Odds3LenFuku?k_babaCode=19&k_raceDate=2026%2F09%2F28&k_raceNo=1
2026-09-28 14:10:20,14:10,2026-09-28,funabashi,1,30,三連複,1-5-7,39.9,39.9,13,https://www.keiba.go.jp/KeibaWeb/TodayRaceInfo/Odds3LenFuku?k_babaCode=19&k_raceDate=2026%2F09%2F28&k_raceNo=1
2026-09-28 14:10:20,14:10,2026-09-28,funabashi,1,30,三連複,1-5-8,43.3,43.3,14,https://www.keiba.go.jp/KeibaWeb/TodayRaceInfo/Odds3LenFuku?k_babaCode=19&k_raceDate=2026%2F09%2F28&k_raceNo=1
2026-09-28 14:10:20,14:10,2026-09-28,funabashi,1,30,三連複,1-5-9,14.6,14.6,4,https://www.keiba.go.jp/KeibaWeb/TodayRaceInfo/Odds3LenFuku?k_babaCode=19&k_raceDate=2026%2F09%2F28&k_raceNo=1
2026-09-28 14:10:20,14:10,2026-09-28,funabashi,1,30,三連複,1-6-10,6311.4,6311.4,208,https://www.keiba.go.jp/KeibaWeb/TodayRaceInfo/Odds3LenFuku?k_babaCode=19&k_raceDate=2026%2F09%2F28&k_raceNo=1
2026-09-28 14:10:20,14:10,2026-09-28,funabashi,1,30,三連複,1-6-11,841.5,841.5,112,https://www.keiba.go.jp/KeibaWeb/TodayRaceInfo/Odds3LenFuku?k_babaCode=19&k_raceDate=2026%2F09%2F28&k_raceNo=1
2026-09-28 14:10:20,14:10,2026-09-28,funabashi,1,30,三連複,1-6-12,1402.5,1402.5,148,https://www.keiba.go.jp/KeibaWeb/TodayRaceInfo/Odds3LenFuku?k_babaCode=19&k_raceDate=2026%2F09%2F28&k_raceNo=1
2026-09-28 14:10:20,14:10,2026-09-28,funabashi,1,30,三連複,1-6-7,841.5,841.5,112,https://www.keiba.go.jp/KeibaWeb/TodayRaceInfo/Odds3LenFuku?k_babaCode=19&k_raceDate=2026%2F09%2F28&k_raceNo=1
2026-09-28 14:10:20,14:10,2026-09-28,funabashi,1,30,三連複,1-6-8,1262.2,1262.2,137,https://www.keiba.go.jp/KeibaWeb/TodayRaceInfo/Odds3LenFuku?k_babaCode=19&k_raceDate=2026%2F09%2F28&k_raceNo=1
2026-09-28 14:10:20,14:10,2026-09-28,funabashi,1,30,三連複,1-6-9,467.5,467.5,85,https://www.keiba.go.jp/KeibaWeb/TodayRaceInfo/Odds3LenFuku?k_babaCode=19&k_raceDate=2026%2F09%2F28&k_raceNo=1
2026-09-28 14:10:20,14:10,2026-09-28,funabashi,1,30,三連複,1-7-10,1147.5,1147.5,132,https://www.keiba.go.jp/KeibaWeb/TodayRaceInfo/Odds3LenFuku?k_babaCode=19&k_raceDate=2026%2F09%2F28&k_raceNo=1
2026-09-28 14:10:20,14:10,2026-09-28,funabashi,1,30,三連複,1-7-11,194.1,194.1,42,https://www.keiba.go.jp/KeibaWeb/TodayRaceInfo/Odds3LenFuku?k_babaCode=19&k_raceDate=2026%2F09%2F28&k_raceNo=1
2026-09-28 14:10:20,14:10,2026-09-28,funabashi,1,30,三連複,1-7-12,573.7,573.7,91,https://www.keiba.go.jp/KeibaWeb/TodayRaceInfo/Odds3LenFuku?k_babaCode=19&k_raceDate=2026%2F09%2F28&k_raceNo=1
2026-09-28 14:10:20,14:10,2026-09-28,funabashi,1,30,三連複,1-7-8,116.8,116.8,30,https://www.keiba.go.jp/KeibaWeb/TodayRaceInfo/Odds3LenFuku?k_babaCode=19&k_raceDate=2026%2F09%2F28&k_raceNo=1
2026-09-28 14:10:20,14:10,2026-09-28,funabashi,1,30,三連複,1-7-9,57.6,57.6,20,https://www.keiba.go.jp/KeibaWeb/TodayRaceInfo/Odds3LenFuku?k_babaCode=19&k_raceDate=2026%2F09%2F28&k_raceNo=1
2026-09-28 14:10:20,14:10,2026-09-28,funabashi,1,30,三連複,1-8-10,1262.2,1262.2,137,https://www.keiba.go.jp/KeibaWeb/TodayRaceInfo/Odds3LenFuku?k_babaCode=19&k_raceDate=2026%2F09%2F28&k_raceNo=1
2026-09-28 14:10:20,14:10,2026-09-28,funabashi,1,30,三連複,1-8-11,138.7,138.7,35,https://www.keiba.go.jp/KeibaWeb/TodayRaceInfo/Odds3LenFuku?k_babaCode=19&k_raceDate=2026%2F09%2F28&k_raceNo=1
2026-09-28 14:10:20,14:10,2026-09-28,funabashi,1,30,三連複,1-8-12,371.2,371.2,72,https://www.keiba.go.jp/KeibaWeb/TodayRaceInfo/Odds3LenFuku?k_babaCode=19&k_raceDate=2026%2F09%2F28&k_raceNo=1
2026-09-28 14:10:20,14:10,2026-09-28,funabashi,1,30,三連複,1-8-9,45.2,45.2,15,https://www.keiba.go.jp/KeibaWeb/TodayRaceInfo/Odds3LenFuku?k_babaCode=19&k_raceDate=2026%2F09%2F28&k_raceNo=1
2026-09-28 14:10:20,14:10,2026-09-28,funabashi,1,30,三連複,1-9-10,323.6,323.6,71,https://www.keiba.go.jp/KeibaWeb/TodayRaceInfo/Odds3LenFuku?k_babaCode=19&k_raceDate=2026%2F09%2F28&k_raceNo=1
2026-09-28 14:10:20,14:10,2026-09-28,funabashi,1,30,三連複,1-9-11,69.7,69.7,22,https://www.keiba.go.jp/KeibaWeb/TodayRaceInfo/Odds3LenFuku?k_babaCode=19&k_raceDate=2026%2F09%2F28&k_raceNo=1
2026-09-28 14:10:20,14:10,2026-09-28,funabashi,1,30,三連複,1-9-12,300.5,300.5,68,https://www.keiba.go.jp/KeibaWeb/TodayRaceInfo/Odds3LenFuku?k_babaCode=19&k_raceDate=2026%2F09%2F28&k_raceNo=1
2026-09-28 14:10:20,14:10,2026-09-28,funabashi,1,30,三連複,10-11-12,970.9,970.9,119,https://www.keiba.go.jp/KeibaWeb/TodayRaceInfo/Odds3LenFuku?k_babaCode=19&k_raceDate=2026%2F09%2F28&k_raceNo=1
2026-09-28 14:10:20,14:10,2026-09-28,funabashi,1,30,三連複,2-10-11,3155.7,3155.7,192,https://www.keiba.go.jp/KeibaWeb/TodayRaceInfo/Odds3LenFuku?k_babaCode=19&k_raceDate=2026%2F09%2F28&k_raceNo=1
2026-09-28 14:10:20,14:10,2026-09-28,funabashi,1,30,三連複,2-10-12,4207.6,4207.6,203,https://www.keiba.go.jp/KeibaWeb/TodayRaceInfo/Odds3LenFuku?k_babaCode=19&k_raceDate=2026%2F09%2F28&k_raceNo=1
2026-09-28 14:10:20,14:10,2026-09-28,funabashi,1,30,三連複,2-11-12,1051.9,1051.9,127,https://www.keiba.go.jp/KeibaWeb/TodayRaceInfo/Odds3LenFuku?k_babaCode=19&k_raceDate=2026%2F09%2F28&k_raceNo=1
2026-09-28 14:10:20,14:10,2026-09-28,funabashi,1,30,三連複,2-3-10,0.0,0.0,219,https://www.keiba.go.jp/KeibaWeb/TodayRaceInfo/Odds3LenFuku?k_babaCode=19&k_raceDate=2026%2F09%2F28&k_raceNo=1
2026-09-28 14:10:20,14:10,2026-09-28,funabashi,1,30,三連複,2-3-11,1803.2,1803.2,161,https://www.keiba.go.jp/KeibaWeb/TodayRaceInfo/Odds3LenFuku?k_babaCode=19&k_raceDate=2026%2F09%2F28&k_raceNo=1
2026-09-28 14:10:20,14:10,2026-09-28,funabashi,1,30,三連複,2-3-12,2103.8,2103.8,169,https://www.keiba.go.jp/KeibaWeb/TodayRaceInfo/Odds3LenFuku?k_babaCode=19&k_raceDate=2026%2F09%2F28&k_raceNo=1
2026-09-28 14:10:20,14:10,2026-09-28,funabashi,1,30,三連複,2-3-4,3155.7,3155.7,192,https://www.keiba.go.jp/KeibaWeb/TodayRaceInfo/Odds3LenFuku?k_babaCode=19&k_raceDate=2026%2F09%2F28&k_raceNo=1
2026-09-28 14:10:20,14:10,2026-09-28,funabashi,1,30,三連複,2-3-5,664.3,664.3,98,https://www.keiba.go.jp/KeibaWeb/TodayRaceInfo/Odds3LenFuku?k_babaCode=19&k_raceDate=2026%2F09%2F28&k_raceNo=1
2026-09-28 14:10:20,14:10,2026-09-28,funabashi,1,30,三連複,2-3-6,2524.5,2524.5,181,https://www.keiba.go.jp/KeibaWeb/TodayRaceInfo/Odds3LenFuku?k_babaCode=19&k_raceDate=2026%2F09%2F28&k_raceNo=1
2026-09-28 14:10:20,14:10,2026-09-28,funabashi,1,30,三連複,2-3-7,12622.9,12622.9,214,https://www.keiba.go.jp/KeibaWeb/TodayRaceInfo/Odds3LenFuku?k_babaCode=19&k_raceDate=2026%2F09%2F28&k_raceNo=1
2026-09-28 14:10:20,14:10,2026-09-28,funabashi,1,30,三連複,2-3-8,1577.8,1577.8,153,https://www.keiba.go.jp/KeibaWeb/TodayRaceInfo/Odds3LenFuku?k_babaCode=19&k_raceDate=2026%2F09%2F28&k_raceNo=1
2026-09-28 14:10:20,14:10,2026-09-28,funabashi,1,30,三連複,2-3-9,970.9,970.9,119,https://www.keiba.go.jp/KeibaWeb/TodayRaceInfo/Odds3LenFuku?k_babaCode=19&k_raceDate=2026%2F09%2F28&k_raceNo=1
2026-09-28 14:10:20,14:10,2026-09-28,funabashi,1,30,三連複,2-4-10,2524.5,2524.5,181,https://www.keiba.go.jp/KeibaWeb/TodayRaceInfo/Odds3LenFuku?k_babaCode=19&k_raceDate=2026%2F09%2F28&k_raceNo=1
2026-09-28 14:10:20,14:10,2026-09-28,funabashi,1,30,三連複,2-4-11,1262.2,1262.2,137,https://www.keiba.go.jp/KeibaWeb/TodayRaceInfo/Odds3LenFuku?k_babaCode=19&k_raceDate=2026%2F09%2F28&k_raceNo=1
2026-09-28 14:10:20,14:10,2026-09-28,funabashi,1,30,三連複,2-4-12,2524.5,2524.5,181,https://www.keiba.go.jp/KeibaWeb/TodayRaceInfo/Odds3LenFuku?k_babaCode=19&k_raceDate=2026%2F09%2F28&k_raceNo=1
2026-09-28 14:10:20,14:10,2026-09-28,funabashi,1,30,三連複,2-4-5,435.2,435.2,78,https://www.keiba.go.jp/KeibaWeb/TodayRaceInfo/Odds3LenFuku?k_babaCode=19&k_raceDate=2026%2F09%2F28&k_raceNo=1
2026-09-28 14:10:20,14:10,2026-09-28,funabashi,1,30,三連複,2-4-6,2524.5,2524.5,181,https://www.keiba.go.jp/KeibaWeb/TodayRaceInfo/Odds3LenFuku?k_babaCode=19&k_raceDate=2026%2F09%2F28&k_raceNo=1
2026-09-28 14:10:20,14:10,2026-09-28,funabashi,1,30,三連複,2-4-7,631.1,631.1,96,https://www.keiba.go.jp/KeibaWeb/TodayRaceInfo/Odds3LenFuku?k_babaCode=19&k_raceDate=2026%2F09%2F28&k_raceNo=1
2026-09-28 14:10:20,14:10,2026-09-28,funabashi,1,30,三連複,2-4-8,1051.9,1051.9,127,https://www.keiba.go.jp/KeibaWeb/TodayRaceInfo/Odds3LenFuku?k_babaCode=19&k_raceDate=2026%2F09%2F28&k_raceNo=1
2026-09-28 14:10:20,14:10,2026-09-28,funabashi,1,30,三連複,2-4-9,901.6,901.6,117,https://www.keiba.go.jp/KeibaWeb/TodayRaceInfo/Odds3LenFuku?k_babaCode=19&k_raceDate=2026%2F09%2F28&k_raceNo=1
2026-09-28 14:10:20,14:10,2026-09-28,funabashi,1,30,三連複,2-5-10,664.3,664.3,98,https://www.keiba.go.jp/KeibaWeb/TodayRaceInfo/Odds3LenFuku?k_babaCode=19&k_raceDate=2026%2F09%2F28&k_raceNo=1
2026-09-28 14:10:20,14:10,2026-09-28,funabashi,1,30,三連複,2-5-11,102.6,102.6,27,https://www.keiba.go.jp/KeibaWeb/TodayRaceInfo/Odds3LenFuku?k_babaCode=19&k_raceDate=2026%2F09%2F28&k_raceNo=1
2026-09-28 14:10:20,14:10,2026-09-28,funabashi,1,30,三連複,2-5-12,300.5,300.5,68,https://www.keiba.go.jp/KeibaWeb/TodayRaceInfo/Odds3LenFuku?k_babaCode=19&k_raceDate=2026%2F09%2F28&k_raceNo=1
2026-09-28 14:10:20,14:10,2026-09-28,funabashi,1,30,三連複,2-5-6,450.8,450.8,81,https://www.keiba.go.jp/KeibaWeb/TodayRaceInfo/Odds3LenFuku?k_babaCode=19&k_raceDate=2026%2F09%2F28&k_raceNo=1
2026-09-28 14:10:20,14:10,2026-09-28,funabashi,1,30,三連複,2-5-7,81.4,81.4,23,https://www.keiba.go.jp/KeibaWeb/TodayRaceInfo/Odds3LenFuku?k_babaCode=19&k_raceDate=2026%2F09%2F28&k_raceNo=1
2026-09-28 14:10:20,14:10,2026-09-28,funabashi,1,30,三連複,2-5-8,83.5,83.5,24,https://www.keiba.go.jp/KeibaWeb/TodayRaceInfo/Odds3LenFuku?k_babaCode=19&k_raceDate=2026%2F09%2F28&k_raceNo=1
2026-09-28 14:10:20,14:10,2026-09-28,funabashi,1,30,三連複,2-5-9,33.3,33.3,10,https://www.keiba.go.jp/KeibaWeb/TodayRaceInfo/Odds3LenFuku?k_babaCode=19&k_raceDate=2026%2F09%2F28&k_raceNo=1
2026-09-28 14:10:20,14:10,2026-09-28,funabashi,1,30,三連複,2-6-10,4207.6,4207.6,203,https://www.keiba.go.jp/KeibaWeb/TodayRaceInfo/Odds3LenFuku?k_babaCode=19&k_raceDate=2026%2F09%2F28&k_raceNo=1
2026-09-28 14:10:20,14:10,2026-09-28,funabashi,1,30,三連複,2-6-11,1803.2,1803.2,161,https://www.keiba.go.jp/KeibaWeb/TodayRaceInfo/Odds3LenFuku?k_babaCode=19&k_raceDate=2026%2F09%2F28&k_raceNo=1
2026-09-28 14:10:20,14:10,2026-09-28,funabashi,1,30,三連複,2-6-12,4207.6,4207.6,203,https://www.keiba.go.jp/KeibaWeb/TodayRaceInfo/Odds3LenFuku?k_babaCode=19&k_raceDate=2026%2F09%2F28&k_raceNo=1
2026-09-28 14:10:20,14:10,2026-09-28,funabashi,1,30,三連複,2-6-7,1147.5,1147.5,132,https://www.keiba.go.jp/KeibaWeb/TodayRaceInfo/Odds3LenFuku?k_babaCode=19&k_raceDate=2026%2F09%2F28&k_raceNo=1
2026-09-28 14:10:20,14:10,2026-09-28,funabashi,1,30,三連複,2-6-8,1803.2,1803.2,161,https://www.keiba.go.jp/KeibaWeb/TodayRaceInfo/Odds3LenFuku?k_babaCode=19&k_raceDate=2026%2F09%2F28&k_raceNo=1
2026-09-28 14:10:20,14:10,2026-09-28,funabashi,1,30,三連複,2-6-9,1051.9,1051.9,127,https://www.keiba.go.jp/KeibaWeb/TodayRaceInfo/Odds3LenFuku?k_babaCode=19&k_raceDate=2026%2F09%2F28&k_raceNo=1
2026-09-28 14:10:20,14:10,2026-09-28,funabashi,1,30,三連複,2-7-10,2103.8,2103.8,169,https://www.keiba.go.jp/KeibaWeb/TodayRaceInfo/Odds3LenFuku?k_babaCode=19&k_raceDate=2026%2F09%2F28&k_raceNo=1
2026-09-28 14:10:20,14:10,2026-09-28,funabashi,1,30,三連複,2-7-11,450.8,450.8,81,https://www.keiba.go.jp/KeibaWeb/TodayRaceInfo/Odds3LenFuku?k_babaCode=19&k_raceDate=2026%2F09%2F28&k_raceNo=1
2026-09-28 14:10:20,14:10,2026-09-28,funabashi,1,30,三連複,2-7-12,2524.5,2524.5,181,https://www.keiba.go.jp/KeibaWeb/TodayRaceInfo/Odds3LenFuku?k_babaCode=19&k_raceDate=2026%2F09%2F28&k_raceNo=1
2026-09-28 14:10:20,14:10,2026-09-28,funabashi,1,30,三連複,2-7-8,548.8,548.8,90,https://www.keiba.go.jp/KeibaWeb/TodayRaceInfo/Odds3LenFuku?k_babaCode=19&k_raceDate=2026%2F09%2F28&k_raceNo=1
2026-09-28 14:10:20,14:10,2026-09-28,funabashi,1,30,三連複,2-7-9,200.3,200.3,44,https://www.keiba.go.jp/KeibaWeb/TodayRaceInfo/Odds3LenFuku?k_babaCode=19&k_raceDate=2026%2F09%2F28&k_raceNo=1
2026-09-28 14:10:20,14:10,2026-09-28,funabashi,1,30,三連複,2-8-10,1803.2,1803.2,161,https://www.keiba.go.jp/KeibaWeb/TodayRaceInfo/Odds3LenFuku?k_babaCode=19&k_raceDate=2026%2F09%2F28&k_raceNo=1
2026-09-28 14:10:20,14:10,2026-09-28,funabashi,1,30,三連複,2-8-11,293.5,293.5,67,https://www.keiba.go.jp/KeibaWeb/TodayRaceInfo/Odds3LenFuku?k_babaCode=19&k_raceDate=2026%2F09%2F28&k_raceNo=1
2026-09-28 14:10:20,14:10,2026-09-28,funabashi,1,30,三連複,2-8-12,1577.8,1577.8,153,https://www.keiba.go.jp/KeibaWeb/TodayRaceInfo/Odds3LenFuku?k_babaCode=19&k_raceDate=2026%2F09%2F28&k_raceNo=1
2026-09-28 14:10:20,14:10,2026-09-28,funabashi,1,30,三連複,2-8-9,161.8,161.8,40,https://www.keiba.go.jp/KeibaWeb/TodayRaceInfo/Odds3LenFuku?k_babaCode=19&k_raceDate=2026%2F09%2F28&k_raceNo=1
2026-09-28 14:10:20,14:10,2026-09-28,funabashi,1,30,三連複,2-9-10,1262.2,1262.2,137,https://www.keiba.go.jp/KeibaWeb/TodayRaceInfo/Odds3LenFuku?k_babaCode=19&k_raceDate=2026%2F09%2F28&k_raceNo=1
2026-09-28 14:10:20,14:10,2026-09-28,funabashi,1,30,三連複,2-9-11,146.7,146.7,38,https://www.keiba.go.jp/KeibaWeb/TodayRaceInfo/Odds3LenFuku?k_babaCode=19&k_raceDate=2026%2F09%2F28&k_raceNo=1
2026-09-28 14:10:20,14:10,2026-09-28,funabashi,1,30,三連複,2-9-12,970.9,970.9,119,https://www.keiba.go.jp/KeibaWeb/TodayRaceInfo/Odds3LenFuku?k_babaCode=19&k_raceDate=2026%2F09%2F28&k_raceNo=1
2026-09-28 14:10:20,14:10,2026-09-28,funabashi,1,30,三連複,3-10-11,3155.7,3155.7,192,https://www.keiba.go.jp/KeibaWeb/TodayRaceInfo/Odds3LenFuku?k_babaCode=19&k_raceDate=2026%2F09%2F28&k_raceNo=1
2026-09-28 14:10:20,14:10,2026-09-28,funabashi,1,30,三連複,3-10-12,2103.8,2103.8,169,https://www.keiba.go.jp/KeibaWeb/TodayRaceInfo/Odds3LenFuku?k_babaCode=19&k_raceDate=2026%2F09%2F28&k_raceNo=1
2026-09-28 14:10:20,14:10,2026-09-28,funabashi,1,30,三連複,3-11-12,1262.2,1262.2,137,https://www.keiba.go.jp/KeibaWeb/TodayRaceInfo/Odds3LenFuku?k_babaCode=19&k_raceDate=2026%2F09%2F28&k_raceNo=1
2026-09-28 14:10:20,14:10,2026-09-28,funabashi,1,30,三連複,3-4-10,6311.4,6311.4,208,https://www.keiba.go.jp/KeibaWeb/TodayRaceInfo/Odds3LenFuku?k_babaCode=19&k_raceDate=2026%2F09%2F28&k_raceNo=1
2026-09-28 14:10:20,14:10,2026-09-28,funabashi,1,30,三連複,3-4-11,2524.5,2524.5,181,https://www.keiba.go.jp/KeibaWeb/TodayRaceInfo/Odds3LenFuku?k_babaCode=19&k_raceDate=2026%2F09%2F28&k_raceNo=1
2026-09-28 14:10:20,14:10,2026-09-28,funabashi,1,30,三連複,3-4-12,12622.9,12622.9,214,https://www.keiba.go.jp/KeibaWeb/TodayRaceInfo/Odds3LenFuku?k_babaCode=19&k_raceDate=2026%2F09%2F28&k_raceNo=1
2026-09-28 14:10:20,14:10,2026-09-28,funabashi,1,30,三連複,3-4-5,970.9,970.9,119,https://www.keiba.go.jp/KeibaWeb/TodayRaceInfo/Odds3LenFuku?k_babaCode=19&k_raceDate=2026%2F09%2F28&k_raceNo=1
2026-09-28 14:10:20,14:10,2026-09-28,funabashi,1,30,三連複,3-4-6,2524.5,2524.5,181,https://www.keiba.go.jp/KeibaWeb/TodayRaceInfo/Odds3LenFuku?k_babaCode=19&k_raceDate=2026%2F09%2F28&k_raceNo=1
2026-09-28 14:10:20,14:10,2026-09-28,funabashi,1,30,三連複,3-4-7,2103.8,2103.8,169,https://www.keiba.go.jp/KeibaWeb/TodayRaceInfo/Odds3LenFuku?k_babaCode=19&k_raceDate=2026%2F09%2F28&k_raceNo=1
2026-09-28 14:10:20,14:10,2026-09-28,funabashi,1,30,三連複,3-4-8,1803.2,1803.2,161,https://www.keiba.go.jp/KeibaWeb/TodayRaceInfo/Odds3LenFuku?k_babaCode=19&k_raceDate=2026%2F09%2F28&k_raceNo=1
2026-09-28 14:10:20,14:10,2026-09-28,funabashi,1,30,三連複,3-4-9,1402.5,1402.5,148,https://www.keiba.go.jp/KeibaWeb/TodayRaceInfo/Odds3LenFuku?k_babaCode=19&k_raceDate=2026%2F09%2F28&k_raceNo=1
2026-09-28 14:10:20,14:10,2026-09-28,funabashi,1,30,三連複,3-5-10,970.9,970.9,119,https://www.keiba.go.jp/KeibaWeb/TodayRaceInfo/Odds3LenFuku?k_babaCode=19&k_raceDate=2026%2F09%2F28&k_raceNo=1
2026-09-28 14:10:20,14:10,2026-09-28,funabashi,1,30,三連複,3-5-11,210.3,210.3,48,https://www.keiba.go.jp/KeibaWeb/TodayRaceInfo/Odds3LenFuku?k_babaCode=19&k_raceDate=2026%2F09%2F28&k_raceNo=1
2026-09-28 14:10:20,14:10,2026-09-28,funabashi,1,30,三連複,3-5-12,841.5,841.5,112,https://www.keiba.go.jp/KeibaWeb/TodayRaceInfo/Odds3LenFuku?k_babaCode=19&k_raceDate=2026%2F09%2F28&k_raceNo=1
2026-09-28 14:10:20,14:10,2026-09-28,funabashi,1,30,三連複,3-5-6,664.3,664.3,98,https://www.keiba.go.jp/KeibaWeb/TodayRaceInfo/Odds3LenFuku?k_babaCode=19&k_raceDate=2026%2F09%2F28&k_raceNo=1
2026-09-28 14:10:20,14:10,2026-09-28,funabashi,1,30,三連複,3-5-7,134.2,134.2,34,https://www.keiba.go.jp/KeibaWeb/TodayRaceInfo/Odds3LenFuku?k_babaCode=19&k_raceDate=2026%2F09%2F28&k_raceNo=1
2026-09-28 14:10:20,14:10,2026-09-28,funabashi,1,30,三連複,3-5-8,152.0,152.0,39,https://www.keiba.go.jp/KeibaWeb/TodayRaceInfo/Odds3LenFuku?k_babaCode=19&k_raceDate=2026%2F09%2F28&k_raceNo=1
2026-09-28 14:10:20,14:10,2026-09-28,funabashi,1,30,三連複,3-5-9,57.1,57.1,18,https://www.keiba.go.jp/KeibaWeb/TodayRaceInfo/Odds3LenFuku?k_babaCode=19&k_raceDate=2026%2F09%2F28&k_raceNo=1
2026-09-28 14:10:20,14:10,2026-09-28,funabashi,1,30,三連複,3-6-10,4207.6,4207.6,203,https://www.keiba.go.jp/KeibaWeb/TodayRaceInfo/Odds3LenFuku?k_babaCode=19&k_raceDate=2026%2F09%2F28&k_raceNo=1
2026-09-28 14:10:20,14:10,2026-09-28,funabashi,1,30,三連複,3-6-11,2524.5,2524.5,181,https://www.keiba.go.jp/KeibaWeb/TodayRaceInfo/Odds3LenFuku?k_babaCode=19&k_raceDate=2026%2F09%2F28&k_raceNo=1
2026-09-28 14:10:20,14:10,2026-09-28,funabashi,1,30,三連複,3-6-12,0.0,0.0,219,https://www.keiba.go.jp/KeibaWeb/TodayRaceInfo/Odds3LenFuku?k_babaCode=19&k_raceDate=2026%2F09%2F28&k_raceNo=1
2026-09-28 14:10:20,14:10,2026-09-28,funabashi,1,30,三連複,3-6-7,1577.8,1577.8,153,https://www.keiba.go.jp/KeibaWeb/TodayRaceInfo/Odds3LenFuku?k_babaCode=19&k_raceDate=2026%2F09%2F28&k_raceNo=1
2026-09-28 14:10:20,14:10,2026-09-28,funabashi,1,30,三連複,3-6-8,1051.9,1051.9,127,https://www.keiba.go.jp/KeibaWeb/TodayRaceInfo/Odds3LenFuku?k_babaCode=19&k_raceDate=2026%2F09%2F28&k_raceNo=1
2026-09-28 14:10:20,14:10,2026-09-28,funabashi,1,30,三連複,3-6-9,742.5,742.5,104,https://www.keiba.go.jp/KeibaWeb/TodayRaceInfo/Odds3LenFuku?k_babaCode=19&k_raceDate=2026%2F09%2F28&k_raceNo=1
2026-09-28 14:10:20,14:10,2026-09-28,funabashi,1,30,三連複,3-7-10,1577.8,1577.8,153,https://www.keiba.go.jp/KeibaWeb/TodayRaceInfo/Odds3LenFuku?k_babaCode=19&k_raceDate=2026%2F09%2F28&k_raceNo=1
2026-09-28 14:10:20,14:10,2026-09-28,funabashi,1,30,三連複,3-7-11,1262.2,1262.2,137,https://www.keiba.go.jp/KeibaWeb/TodayRaceInfo/Odds3LenFuku?k_babaCode=19&k_raceDate=2026%2F09%2F28&k_raceNo=1
2026-09-28 14:10:20,14:10,2026-09-28,funabashi,1,30,三連複,3-7-12,3155.7,3155.7,192,https://www.keiba.go.jp/KeibaWeb/TodayRaceInfo/Odds3LenFuku?k_babaCode=19&k_raceDate=2026%2F09%2F28&k_raceNo=1
2026-09-28 14:10:20,14:10,2026-09-28,funabashi,1,30,三連複,3-7-8,664.3,664.3,98,https://www.keiba.go.jp/KeibaWeb/TodayRaceInfo/Odds3LenFuku?k_babaCode=19&k_raceDate=2026%2F09%2F28&k_raceNo=1
2026-09-28 14:10:20,14:10,2026-09-28,funabashi,1,30,三連複,3-7-9,394.4,394.4,75,https://www.keiba.go.jp/KeibaWeb/TodayRaceInfo/Odds3LenFuku?k_babaCode=19&k_raceDate=2026%2F09%2F28&k_raceNo=1
2026-09-28 14:10:20,14:10,2026-09-28,funabashi,1,30,三連複,3-8-10,2524.5,2524.5,181,https://www.keiba.go.jp/KeibaWeb/TodayRaceInfo/Odds3LenFuku?k_babaCode=19&k_raceDate=2026%2F09%2F28&k_raceNo=1
2026-09-28 14:10:20,14:10,2026-09-28,funabashi,1,30,三連複,3-8-11,742.5,742.5,104,https://www.keiba.go.jp/KeibaWeb/TodayRaceInfo/Odds3LenFuku?k_babaCode=19&k_raceDate=2026%2F09%2F28&k_raceNo=1
2026-09-28 14:10:20,14:10,2026-09-28,funabashi,1,30,三連複,3-8-12,1262.2,1262.2,137,https://www.keiba.go.jp/KeibaWeb/TodayRaceInfo/Odds3LenFuku?k_babaCode=19&k_raceDate=2026%2F09%2F28&k_raceNo=1
2026-09-28 14:10:20,14:10,2026-09-28,funabashi,1,30,三連複,3-8-9,200.3,200.3,44,https://www.keiba.go.jp/KeibaWeb/TodayRaceInfo/Odds3LenFuku?k_babaCode=19&k_raceDate=2026%2F09%2F28&k_raceNo=1
2026-09-28 14:10:20,14:10,2026-09-28,funabashi,1,30,三連複,3-9-10,3155.7,3155.7,192,https://www.keiba.go.jp/KeibaWeb/TodayRaceInfo/Odds3LenFuku?k_babaCode=19&k_raceDate=2026%2F09%2F28&k_raceNo=1
2026-09-28 14:10:20,14:10,2026-09-28,funabashi,1,30,三連複,3-9-11,394.4,394.4,75,https://www.keiba.go.jp/KeibaWeb/TodayRaceInfo/Odds3LenFuku?k_babaCode=19&k_raceDate=2026%2F09%2F28&k_raceNo=1
2026-09-28 14:10:20,14:10,2026-09-28,funabashi,1,30,三連複,3-9-12,525.9,525.9,88,https://www.keiba.go.jp/KeibaWeb/TodayRaceInfo/Odds3LenFuku?k_babaCode=19&k_raceDate=2026%2F09%2F28&k_raceNo=1
2026-09-28 14:10:20,14:10,2026-09-28,funabashi,1,30,三連複,4-10-11,3155.7,3155.7,192,https://www.keiba.go.jp/KeibaWeb/TodayRaceInfo/Odds3LenFuku?k_babaCode=19&k_raceDate=2026%2F09%2F28&k_raceNo=1
2026-09-28 14:10:20,14:10,2026-09-28,funabashi,1,30,三連複,4-10-12,3155.7,3155.7,192,https://www.keiba.go.jp/KeibaWeb/TodayRaceInfo/Odds3LenFuku?k_babaCode=19&k_raceDate=2026%2F09%2F28&k_raceNo=1
2026-09-28 14:10:20,14:10,2026-09-28,funabashi,1,30,三連複,4-11-12,1402.5,1402.5,148,https://www.keiba.go.jp/KeibaWeb/TodayRaceInfo/Odds3LenFuku?k_babaCode=19&k_raceDate=2026%2F09%2F28&k_raceNo=1
2026-09-28 14:10:20,14:10,2026-09-28,funabashi,1,30,三連複,4-5-10,1577.8,1577.8,153,https://www.keiba.go.jp/KeibaWeb/TodayRaceInfo/Odds3LenFuku?k_babaCode=19&k_raceDate=2026%2F09%2F28&k_raceNo=1
2026-09-28 14:10:20,14:10,2026-09-28,funabashi,1,30,三連複,4-5-11,252.4,252.4,57,https://www.keiba.go.jp/KeibaWeb/TodayRaceInfo/Odds3LenFuku?k_babaCode=19&k_raceDate=2026%2F09%2F28&k_raceNo=1
2026-09-28 14:10:20,14:10,2026-09-28,funabashi,1,30,三連複,4-5-12,1147.5,1147.5,132,https://www.keiba.go.jp/KeibaWeb/TodayRaceInfo/Odds3LenFuku?k_babaCode=19&k_raceDate=2026%2F09%2F28&k_raceNo=1
2026-09-28 14:10:20,14:10,2026-09-28,funabashi,1,30,三連複,4-5-6,788.9,788.9,109,https://www.keiba.go.jp/KeibaWeb/TodayRaceInfo/Odds3LenFuku?k_babaCode=19&k_raceDate=2026%2F09%2F28&k_raceNo=1
2026-09-28 14:10:20,14:10,2026-09-28,funabashi,1,30,三連複,4-5-7,200.3,200.3,44,https://www.keiba.go.jp/KeibaWeb/TodayRaceInfo/Odds3LenFuku?k_babaCode=19&k_raceDate=2026%2F09%2F28&k_raceNo=1
2026-09-28 14:10:20,14:10,2026-09-28,funabashi,1,30,三連複,4-5-8,252.4,252.4,57,https://www.keiba.go.jp/KeibaWeb/TodayRaceInfo/Odds3LenFuku?k_babaCode=19&k_raceDate=2026%2F09%2F28&k_raceNo=1
2026-09-28 14:10:20,14:10,2026-09-28,funabashi,1,30,三連複,4-5-9,57.3,57.3,19,https://www.keiba.go.jp/KeibaWeb/TodayRaceInfo/Odds3LenFuku?k_babaCode=19&k_raceDate=2026%2F09%2F28&k_raceNo=1
2026-09-28 14:10:20,14:10,2026-09-28,funabashi,1,30,三連複,4-6-10,3155.7,3155.7,192,https://www.keiba.go.jp/KeibaWeb/TodayRaceInfo/Odds3LenFuku?k_babaCode=19&k_raceDate=2026%2F09%2F28&k_raceNo=1
2026-09-28 14:10:20,14:10,2026-09-28,funabashi,1,30,三連複,4-6-11,1803.2,1803.2,161,https://www.keiba.go.jp/KeibaWeb/TodayRaceInfo/Odds3LenFuku?k_babaCode=19&k_raceDate=2026%2F09%2F28&k_raceNo=1
2026-09-28 14:10:20,14:10,2026-09-28,funabashi,1,30,三連複,4-6-12,12622.9,12622.9,214,https://www.keiba.go.jp/KeibaWeb/TodayRaceInfo/Odds3LenFuku?k_babaCode=19&k_raceDate=2026%2F09%2F28&k_raceNo=1
2026-09-28 14:10:20,14:10,2026-09-28,funabashi,1,30,三連複,4-6-7,1577.8,1577.8,153,https://www.keiba.go.jp/KeibaWeb/TodayRaceInfo/Odds3LenFuku?k_babaCode=19&k_raceDate=2026%2F09%2F28&k_raceNo=1
2026-09-28 14:10:20,14:10,2026-09-28,funabashi,1,30,三連複,4-6-8,1147.5,1147.5,132,https://www.keiba.go.jp/KeibaWeb/TodayRaceInfo/Odds3LenFuku?k_babaCode=19&k_raceDate=2026%2F09%2F28&k_raceNo=1
2026-09-28 14:10:20,14:10,2026-09-28,funabashi,1,30,三連複,4-6-9,1262.2,1262.2,137,https://www.keiba.go.jp/KeibaWeb/TodayRaceInfo/Odds3LenFuku?k_babaCode=19&k_raceDate=2026%2F09%2F28&k_raceNo=1
2026-09-28 14:10:20,14:10,2026-09-28,funabashi,1,30,三連複,4-7-10,6311.4,6311.4,208,https://www.keiba.go.jp/KeibaWeb/TodayRaceInfo/Odds3LenFuku?k_babaCode=19&k_raceDate=2026%2F09%2F28&k_raceNo=1
2026-09-28 14:10:20,14:10,2026-09-28,funabashi,1,30,三連複,4-7-11,601.0,601.0,94,https://www.keiba.go.jp/KeibaWeb/TodayRaceInfo/Odds3LenFuku?k_babaCode=19&k_raceDate=2026%2F09%2F28&k_raceNo=1
2026-09-28 14:10:20,14:10,2026-09-28,funabashi,1,30,三連複,4-7-12,2103.8,2103.8,169,https://www.keiba.go.jp/KeibaWeb/TodayRaceInfo/Odds3LenFuku?k_babaCode=19&k_raceDate=2026%2F09%2F28&k_raceNo=1
2026-09-28 14:10:20,14:10,2026-09-28,funabashi,1,30,三連複,4-7-8,788.9,788.9,109,https://www.keiba.go.jp/KeibaWeb/TodayRaceInfo/Odds3LenFuku?k_babaCode=19&k_raceDate=2026%2F09%2F28&k_raceNo=1
2026-09-28 14:10:20,14:10,2026-09-28,funabashi,1,30,三連複,4-7-9,286.8,286.8,66,https://www.keiba.go.jp/KeibaWeb/TodayRaceInfo/Odds3LenFuku?k_babaCode=19&k_raceDate=2026%2F09%2F28&k_raceNo=1
2026-09-28 14:10:20,14:10,2026-09-28,funabashi,1,30,三連複,4-8-10,2103.8,2103.8,169,https://www.keiba.go.jp/KeibaWeb/TodayRaceInfo/Odds3LenFuku?k_babaCode=19&k_raceDate=2026%2F09%2F28&k_raceNo=1
2026-09-28 14:10:20,14:10,2026-09-28,funabashi,1,30,三連複,4-8-11,573.7,573.7,91,https://www.keiba.go.jp/KeibaWeb/TodayRaceInfo/Odds3LenFuku?k_babaCode=19&k_raceDate=2026%2F09%2F28&k_raceNo=1
2026-09-28 14:10:20,14:10,2026-09-28,funabashi,1,30,三連複,4-8-12,2103.8,2103.8,169,https://www.keiba.go.jp/KeibaWeb/TodayRaceInfo/Odds3LenFuku?k_babaCode=19&k_raceDate=2026%2F09%2F28&k_raceNo=1
2026-09-28 14:10:20,14:10,2026-09-28,funabashi,1,30,三連複,4-8-9,238.1,238.1,54,https://www.keiba.go.jp/KeibaWeb/TodayRaceInfo/Odds3LenFuku?k_babaCode=19&k_raceDate=2026%2F09%2F28&k_raceNo=1
2026-09-28 14:10:20,14:10,2026-09-28,funabashi,1,30,三連複,4-9-10,3155.7,3155.7,192,https://www.keiba.go.jp/KeibaWeb/TodayRaceInfo/Odds3LenFuku?k_babaCode=19&k_raceDate=2026%2F09%2F28&k_raceNo=1
2026-09-28 14:10:20,14:10,2026-09-28,funabashi,1,30,三連複,4-9-11,268.5,268.5,60,https://www.keiba.go.jp/KeibaWeb/TodayRaceInfo/Odds3LenFuku?k_babaCode=19&k_raceDate=2026%2F09%2F28&k_raceNo=1
2026-09-28 14:10:20,14:10,2026-09-28,funabashi,1,30,三連複,4-9-12,970.9,970.9,119,https://www.keiba.go.jp/KeibaWeb/TodayRaceInfo/Odds3LenFuku?k_babaCode=19&k_raceDate=2026%2F09%2F28&k_raceNo=1
2026-09-28 14:10:20,14:10,2026-09-28,funabashi,1,30,三連複,5-10-11,274.4,274.4,64,https://www.keiba.go.jp/KeibaWeb/TodayRaceInfo/Odds3LenFuku?k_babaCode=19&k_raceDate=2026%2F09%2F28&k_raceNo=1
2026-09-28 14:10:20,14:10,2026-09-28,funabashi,1,30,三連複,5-10-12,901.6,901.6,117,https://www.keiba.go.jp/KeibaWeb/TodayRaceInfo/Odds3LenFuku?k_babaCode=19&k_raceDate=2026%2F09%2F28&k_raceNo=1
2026-09-28 14:10:20,14:10,2026-09-28,funabashi,1,30,三連複,5-11-12,143.4,143.4,37,https://www.keiba.go.jp/KeibaWeb/TodayRaceInfo/Odds3LenFuku?k_babaCode=19&k_raceDate=2026%2F09%2F28&k_raceNo=1
2026-09-28 14:10:20,14:10,2026-09-28,funabashi,1,30,三連複,5-6-10,1262.2,1262.2,137,https://www.keiba.go.jp/KeibaWeb/TodayRaceInfo/Odds3LenFuku?k_babaCode=19&k_raceDate=2026%2F09%2F28&k_raceNo=1
2026-09-28 14:10:20,14:10,2026-09-28,funabashi,1,30,三連複,5-6-11,197.2,197.2,43,https://www.keiba.go.jp/KeibaWeb/TodayRaceInfo/Odds3LenFuku?k_babaCode=19&k_raceDate=2026%2F09%2F28&k_raceNo=1
2026-09-28 14:10:20,14:10,2026-09-28,funabashi,1,30,三連複,5-6-12,631.1,631.1,96,https://www.keiba.go.jp/KeibaWeb/TodayRaceInfo/Odds3LenFuku?k_babaCode=19&k_raceDate=2026%2F09%2F28&k_raceNo=1
2026-09-28 14:10:20,14:10,2026-09-28,funabashi,1,30,三連複,5-6-7,140.2,140.2,36,https://www.keiba.go.jp/KeibaWeb/TodayRaceInfo/Odds3LenFuku?k_babaCode=19&k_raceDate=2026%2F09%2F28&k_raceNo=1
2026-09-28 14:10:20,14:10,2026-09-28,funabashi,1,30,三連複,5-6-8,191.2,191.2,41,https://www.keiba.go.jp/KeibaWeb/TodayRaceInfo/Odds3LenFuku?k_babaCode=19&k_raceDate=2026%2F09%2F28&k_raceNo=1
2026-09-28 14:10:20,14:10,2026-09-28,funabashi,1,30,三連複,5-6-9,57.9,57.9,21,https://www.keiba.go.jp/KeibaWeb/TodayRaceInfo/Odds3LenFuku?k_babaCode=19&k_raceDate=2026%2F09%2F28&k_raceNo=1
2026-09-28 14:10:20,14:10,2026-09-28,funabashi,1,30,三連複,5-7-10,217.6,217.6,49,https://www.keiba.go.jp/KeibaWeb/TodayRaceInfo/Odds3LenFuku?k_babaCode=19&k_raceDate=2026%2F09%2F28&k_raceNo=1
2026-09-28 14:10:20,14:10,2026-09-28,funabashi,1,30,三連複,5-7-11,25.5,25.5,6,https://www.keiba.go.jp/KeibaWeb/TodayRaceInfo/Odds3LenFuku?k_babaCode=19&k_raceDate=2026%2F09%2F28&k_raceNo=1
2026-09-28 14:10:20,14:10,2026-09-28,funabashi,1,30,三連複,5-7-12,85.2,85.2,25,https://www.keiba.go.jp/KeibaWeb/TodayRaceInfo/Odds3LenFuku?k_babaCode=19&k_raceDate=2026%2F09%2F28&k_raceNo=1
2026-09-28 14:10:20,14:10,2026-09-28,funabashi,1,30,三連複,5-7-8,22.0,22.0,5,https://www.keiba.go.jp/KeibaWeb/TodayRaceInfo/Odds3LenFuku?k_babaCode=19&k_raceDate=2026%2F09%2F28&k_raceNo=1
2026-09-28 14:10:20,14:10,2026-09-28,funabashi,1,30,三連複,5-7-9,5.6,5.6,1,https://www.keiba.go.jp/KeibaWeb/TodayRaceInfo/Odds3LenFuku?k_babaCode=19&k_raceDate=2026%2F09%2F28&k_raceNo=1
2026-09-28 14:10:20,14:10,2026-09-28,funabashi,1,30,三連複,5-8-10,242.7,242.7,56,https://www.keiba.go.jp/KeibaWeb/TodayRaceInfo/Odds3LenFuku?k_babaCode=19&k_raceDate=2026%2F09%2F28&k_raceNo=1
2026-09-28 14:10:20,14:10,2026-09-28,funabashi,1,30,三連複,5-8-11,26.6,26.6,7,https://www.keiba.go.jp/KeibaWeb/TodayRaceInfo/Odds3LenFuku?k_babaCode=19&k_raceDate=2026%2F09%2F28&k_raceNo=1
2026-09-28 14:10:20,14:10,2026-09-28,funabashi,1,30,三連複,5-8-12,124.9,124.9,33,https://www.keiba.go.jp/KeibaWeb/TodayRaceInfo/Odds3LenFuku?k_babaCode=19&k_raceDate=2026%2F09%2F28&k_raceNo=1
2026-09-28 14:10:20,14:10,2026-09-28,funabashi,1,30,三連複,5-8-9,7.5,7.5,2,https://www.keiba.go.jp/KeibaWeb/TodayRaceInfo/Odds3LenFuku?k_babaCode=19&k_raceDate=2026%2F09%2F28&k_raceNo=1
2026-09-28 14:10:20,14:10,2026-09-28,funabashi,1,30,三連複,5-9-10,56.6,56.6,17,https://www.keiba.go.jp/KeibaWeb/TodayRaceInfo/Odds3LenFuku?k_babaCode=19&k_raceDate=2026%2F09%2F28&k_raceNo=1
2026-09-28 14:10:20,14:10,2026-09-28,funabashi,1,30,三連複,5-9-11,9.0,9.0,3,https://www.keiba.go.jp/KeibaWeb/TodayRaceInfo/Odds3LenFuku?k_babaCode=19&k_raceDate=2026%2F09%2F28&k_raceNo=1
2026-09-28 14:10:20,14:10,2026-09-28,funabashi,1,30,三連複,5-9-12,33.5,33.5,11,https://www.keiba.go.jp/KeibaWeb/TodayRaceInfo/Odds3LenFuku?k_babaCode=19&k_raceDate=2026%2F09%2F28&k_raceNo=1
2026-09-28 14:10:20,14:10,2026-09-28,funabashi,1,30,三連複,6-10-11,1577.8,1577.8,153,https://www.keiba.go.jp/KeibaWeb/TodayRaceInfo/Odds3LenFuku?k_babaCode=19&k_raceDate=2026%2F09%2F28&k_raceNo=1
2026-09-28 14:10:20,14:10,2026-09-28,funabashi,1,30,三連複,6-10-12,12622.9,12622.9,214,https://www.keiba.go.jp/KeibaWeb/TodayRaceInfo/Odds3LenFuku?k_babaCode=19&k_raceDate=2026%2F09%2F28&k_raceNo=1
2026-09-28 14:10:20,14:10,2026-09-28,funabashi,1,30,三連複,6-11-12,2103.8,2103.8,169,https://www.keiba.go.jp/KeibaWeb/TodayRaceInfo/Odds3LenFuku?k_babaCode=19&k_raceDate=2026%2F09%2F28&k_raceNo=1
2026-09-28 14:10:20,14:10,2026-09-28,funabashi,1,30,三連複,6-7-10,1803.2,1803.2,161,https://www.keiba.go.jp/KeibaWeb/TodayRaceInfo/Odds3LenFuku?k_babaCode=19&k_raceDate=2026%2F09%2F28&k_raceNo=1
2026-09-28 14:10:20,14:10,2026-09-28,funabashi,1,30,三連複,6-7-11,742.5,742.5,104,https://www.keiba.go.jp/KeibaWeb/TodayRaceInfo/Odds3LenFuku?k_babaCode=19&k_raceDate=2026%2F09%2F28&k_raceNo=1
2026-09-28 14:10:20,14:10,2026-09-28,funabashi,1,30,三連複,6-7-12,2103.8,2103.8,169,https://www.keiba.go.jp/KeibaWeb/TodayRaceInfo/Odds3LenFuku?k_babaCode=19&k_raceDate=2026%2F09%2F28&k_raceNo=1
2026-09-28 14:10:20,14:10,2026-09-28,funabashi,1,30,三連複,6-7-8,467.5,467.5,85,https://www.keiba.go.jp/KeibaWeb/TodayRaceInfo/Odds3LenFuku?k_babaCode=19&k_raceDate=2026%2F09%2F28&k_raceNo=1
2026-09-28 14:10:20,14:10,2026-09-28,funabashi,1,30,三連複,6-7-9,217.6,217.6,49,https://www.keiba.go.jp/KeibaWeb/TodayRaceInfo/Odds3LenFuku?k_babaCode=19&k_raceDate=2026%2F09%2F28&k_raceNo=1
2026-09-28 14:10:20,14:10,2026-09-28,funabashi,1,30,三連複,6-8-10,2103.8,2103.8,169,https://www.keiba.go.jp/KeibaWeb/TodayRaceInfo/Odds3LenFuku?k_babaCode=19&k_raceDate=2026%2F09%2F28&k_raceNo=1
2026-09-28 14:10:20,14:10,2026-09-28,funabashi,1,30,三連複,6-8-11,701.2,701.2,103,https://www.keiba.go.jp/KeibaWeb/TodayRaceInfo/Odds3LenFuku?k_babaCode=19&k_raceDate=2026%2F09%2F28&k_raceNo=1
2026-09-28 14:10:20,14:10,2026-09-28,funabashi,1,30,三連複,6-8-12,6311.4,6311.4,208,https://www.keiba.go.jp/KeibaWeb/TodayRaceInfo/Odds3LenFuku?k_babaCode=19&k_raceDate=2026%2F09%2F28&k_raceNo=1
2026-09-28 14:10:20,14:10,2026-09-28,funabashi,1,30,三連複,6-8-9,225.4,225.4,51,https://www.keiba.go.jp/KeibaWeb/TodayRaceInfo/Odds3LenFuku?k_babaCode=19&k_raceDate=2026%2F09%2F28&k_raceNo=1
2026-09-28 14:10:20,14:10,2026-09-28,funabashi,1,30,三連複,6-9-10,6311.4,6311.4,208,https://www.keiba.go.jp/KeibaWeb/TodayRaceInfo/Odds3LenFuku?k_babaCode=19&k_raceDate=2026%2F09%2F28&k_raceNo=1
2026-09-28 14:10:20,14:10,2026-09-28,funabashi,1,30,三連複,6-9-11,268.5,268.5,60,https://www.keiba.go.jp/KeibaWeb/TodayRaceInfo/Odds3LenFuku?k_babaCode=19&k_raceDate=2026%2F09%2F28&k_raceNo=1
2026-09-28 14:10:20,14:10,2026-09-28,funabashi,1,30,三連複,6-9-12,3155.7,3155.7,192,https://www.keiba.go.jp/KeibaWeb/TodayRaceInfo/Odds3LenFuku?k_babaCode=19&k_raceDate=2026%2F09%2F28&k_raceNo=1
2026-09-28 14:10:20,14:10,2026-09-28,funabashi,1,30,三連複,7-10-11,525.9,525.9,88,https://www.keiba.go.jp/KeibaWeb/TodayRaceInfo/Odds3LenFuku?k_babaCode=19&k_raceDate=2026%2F09%2F28&k_raceNo=1
2026-09-28 14:10:20,14:10,2026-09-28,funabashi,1,30,三連複,7-10-12,3155.7,3155.7,192,https://www.keiba.go.jp/KeibaWeb/TodayRaceInfo/Odds3LenFuku?k_babaCode=19&k_raceDate=2026%2F09%2F28&k_raceNo=1
2026-09-28 14:10:20,14:10,2026-09-28,funabashi,1,30,三連複,7-11-12,382.5,382.5,74,https://www.keiba.go.jp/KeibaWeb/TodayRaceInfo/Odds3LenFuku?k_babaCode=19&k_raceDate=2026%2F09%2F28&k_raceNo=1
2026-09-28 14:10:20,14:10,2026-09-28,funabashi,1,30,三連複,7-8-10,970.9,970.9,119,https://www.keiba.go.jp/KeibaWeb/TodayRaceInfo/Odds3LenFuku?k_babaCode=19&k_raceDate=2026%2F09%2F28&k_raceNo=1
2026-09-28 14:10:20,14:10,2026-09-28,funabashi,1,30,三連複,7-8-11,120.2,120.2,32,https://www.keiba.go.jp/KeibaWeb/TodayRaceInfo/Odds3LenFuku?k_babaCode=19&k_raceDate=2026%2F09%2F28&k_raceNo=1
2026-09-28 14:10:20,14:10,2026-09-28,funabashi,1,30,三連複,7-8-12,394.4,394.4,75,https://www.keiba.go.jp/KeibaWeb/TodayRaceInfo/Odds3LenFuku?k_babaCode=19&k_raceDate=2026%2F09%2F28&k_raceNo=1
2026-09-28 14:10:20,14:10,2026-09-28,funabashi,1,30,三連複,7-8-9,30.0,30.0,8,https://www.keiba.go.jp/KeibaWeb/TodayRaceInfo/Odds3LenFuku?k_babaCode=19&k_raceDate=2026%2F09%2F28&k_raceNo=1
2026-09-28 14:10:20,14:10,2026-09-28,funabashi,1,30,三連複,7-9-10,229.5,229.5,53,https://www.keiba.go.jp/KeibaWeb/TodayRaceInfo/Odds3LenFuku?k_babaCode=19&k_raceDate=2026%2F09%2F28&k_raceNo=1
2026-09-28 14:10:20,14:10,2026-09-28,funabashi,1,30,三連複,7-9-11,35.3,35.3,12,https://www.keiba.go.jp/KeibaWeb/TodayRaceInfo/Odds3LenFuku?k_babaCode=19&k_raceDate=2026%2F09%2F28&k_raceNo=1
2026-09-28 14:10:20,14:10,2026-09-28,funabashi,1,30,三連複,7-9-12,93.5,93.5,26,https://www.keiba.go.jp/KeibaWeb/TodayRaceInfo/Odds3LenFuku?k_babaCode=19&k_raceDate=2026%2F09%2F28&k_raceNo=1
2026-09-28 14:10:20,14:10,2026-09-28,funabashi,1,30,三連複,8-10-11,450.8,450.8,81,https://www.keiba.go.jp/KeibaWeb/TodayRaceInfo/Odds3LenFuku?k_babaCode=19&k_raceDate=2026%2F09%2F28&k_raceNo=1
2026-09-28 14:10:20,14:10,2026-09-28,funabashi,1,30,三連複,8-10-12,1803.2,1803.2,161,https://www.keiba.go.jp/KeibaWeb/TodayRaceInfo/Odds3LenFuku?k_babaCode=19&k_raceDate=2026%2F09%2F28&k_raceNo=1
2026-09-28 14:10:20,14:10,2026-09-28,funabashi,1,30,三連複,8-11-12,300.5,300.5,68,https://www.keiba.go.jp/KeibaWeb/TodayRaceInfo/Odds3LenFuku?k_babaCode=19&k_raceDate=2026%2F09%2F28&k_raceNo=1
2026-09-28 14:10:20,14:10,2026-09-28,funabashi,1,30,三連複,8-9-10,225.4,225.4,51,https://www.keiba.go.jp/KeibaWeb/TodayRaceInfo/Odds3LenFuku?k_babaCode=19&k_raceDate=2026%2F09%2F28&k_raceNo=1
2026-09-28 14:10:20,14:10,2026-09-28,funabashi,1,30,三連複,8-9-11,32.1,32.1,9,https://www.keiba.go.jp/KeibaWeb/TodayRaceInfo/Odds3LenFuku?k_babaCode=19&k_raceDate=2026%2F09%2F28&k_raceNo=1
2026-09-28 14:10:20,14:10,2026-09-28,funabashi,1,30,三連複,8-9-12,109.7,109.7,28,https://www.keiba.go.jp/KeibaWeb/TodayRaceInfo/Odds3LenFuku?k_babaCode=19&k_raceDate=2026%2F09%2F28&k_raceNo=1
2026-09-28 14:10:20,14:10,2026-09-28,funabashi,1,30,三連複,9-10-11,252.4,252.4,57,https://www.keiba.go.jp/KeibaWeb/TodayRaceInfo/Odds3LenFuku?k_babaCode=19&k_raceDate=2026%2F09%2F28&k_raceNo=1
2026-09-28 14:10:20,14:10,2026-09-28,funabashi,1,30,三連複,9-10-12,742.5,742.5,104,https://www.keiba.go.jp/KeibaWeb/TodayRaceInfo/Odds3LenFuku?k_babaCode=19&k_raceDate=2026%2F09%2F28&k_raceNo=1
2026-09-28 14:10:20,14:10,2026-09-28,funabashi,1,30,三連複,9-11-12,117.9,117.9,31,https://www.keiba.go.jp/KeibaWeb/TodayRaceInfo/Odds3LenFuku?k_babaCode=19&k_raceDate=2026%2F09%2F28&k_raceNo=1
2026-09-28 14:10:20,14:10,2026-09-28,funabashi,1,30,馬連,1-10,587.2,587.2,51,https://www.keiba.go.jp/KeibaWeb/TodayRaceInfo/OddsUmLenFuku?k_babaCode=19&k_raceDate=2026%2F09%2F28&k_raceNo=1
2026-09-28 14:10:20,14:10,2026-09-28,funabashi,1,30,馬連,1-11,110.1,110.1,24,https://www.keiba.go.jp/KeibaWeb/TodayRaceInfo/OddsUmLenFuku?k_babaCode=19&k_raceDate=2026%2F09%2F28&k_raceNo=1
2026-09-28 14:10:20,14:10,2026-09-28,funabashi,1,30,馬連,1-12,182.2,182.2,33,https://www.keiba.go.jp/KeibaWeb/TodayRaceInfo/OddsUmLenFuku?k_babaCode=19&k_raceDate=2026%2F09%2F28&k_raceNo=1
2026-09-28 14:10:20,14:10,2026-09-28,funabashi,1,30,馬連,1-2,220.2,220.2,34,https://www.keiba.go.jp/KeibaWeb/TodayRaceInfo/OddsUmLenFuku?k_babaCode=19&k_raceDate=2026%2F09%2F28&k_raceNo=1
2026-09-28 14:10:20,14:10,2026-09-28,funabashi,1,30,馬連,1-3,406.5,406.5,45,https://www.keiba.go.jp/KeibaWeb/TodayRaceInfo/OddsUmLenFuku?k_babaCode=19&k_raceDate=2026%2F09%2F28&k_raceNo=1
2026-09-28 14:10:20,14:10,2026-09-28,funabashi,1,30,馬連,1-4,755.0,755.0,55,https://www.keiba.go.jp/KeibaWeb/TodayRaceInfo/OddsUmLenFuku?k_babaCode=19&k_raceDate=2026%2F09%2F28&k_raceNo=1
2026-09-28 14:10:20,14:10,2026-09-28,funabashi,1,30,馬連,1-5,23.1,23.1,8,https://www.keiba.go.jp/KeibaWeb/TodayRaceInfo/OddsUmLenFuku?k_babaCode=19&k_raceDate=2026%2F09%2F28&k_raceNo=1
2026-09-28 14:10:20,14:10,2026-09-28,funabashi,1,30,馬連,1-6,377.5,377.5,43,https://www.keiba.go.jp/KeibaWeb/TodayRaceInfo/OddsUmLenFuku?k_babaCode=19&k_raceDate=2026%2F09%2F28&k_raceNo=1
2026-09-28 14:10:20,14:10,2026-09-28,funabashi,1,30,馬連,1-7,151.0,151.0,28,https://www.keiba.go.jp/KeibaWeb/TodayRaceInfo/OddsUmLenFuku?k_babaCode=19&k_raceDate=2026%2F09%2F28&k_raceNo=1
2026-09-28 14:10:20,14:10,2026-09-28,funabashi,1,30,馬連,1-8,75.5,75.5,19,https://www.keiba.go.jp/KeibaWeb/TodayRaceInfo/OddsUmLenFuku?k_babaCode=19&k_raceDate=2026%2F09%2F28&k_raceNo=1
2026-09-28 14:10:20,14:10,2026-09-28,funabashi,1,30,馬連,1-9,33.2,33.2,11,https://www.keiba.go.jp/KeibaWeb/TodayRaceInfo/OddsUmLenFuku?k_babaCode=19&k_raceDate=2026%2F09%2F28&k_raceNo=1
2026-09-28 14:10:20,14:10,2026-09-28,funabashi,1,30,馬連,10-11,293.6,293.6,38,https://www.keiba.go.jp/KeibaWeb/TodayRaceInfo/OddsUmLenFuku?k_babaCode=19&k_raceDate=2026%2F09%2F28&k_raceNo=1
2026-09-28 14:10:20,14:10,2026-09-28,funabashi,1,30,馬連,10-12,755.0,755.0,55,https://www.keiba.go.jp/KeibaWeb/TodayRaceInfo/OddsUmLenFuku?k_babaCode=19&k_raceDate=2026%2F09%2F28&k_raceNo=1
2026-09-28 14:10:20,14:10,2026-09-28,funabashi,1,30,馬連,11-12,176.1,176.1,32,https://www.keiba.go.jp/KeibaWeb/TodayRaceInfo/OddsUmLenFuku?k_babaCode=19&k_raceDate=2026%2F09%2F28&k_raceNo=1
2026-09-28 14:10:20,14:10,2026-09-28,funabashi,1,30,馬連,2-10,5285.2,5285.2,66,https://www.keiba.go.jp/KeibaWeb/TodayRaceInfo/OddsUmLenFuku?k_babaCode=19&k_raceDate=2026%2F09%2F28&k_raceNo=1
2026-09-28 14:10:20,14:10,2026-09-28,funabashi,1,30,馬連,2-11,151.0,151.0,28,https://www.keiba.go.jp/KeibaWeb/TodayRaceInfo/OddsUmLenFuku?k_babaCode=19&k_raceDate=2026%2F09%2F28&k_raceNo=1
2026-09-28 14:10:20,14:10,2026-09-28,funabashi,1,30,馬連,2-12,440.4,440.4,47,https://www.keiba.go.jp/KeibaWeb/TodayRaceInfo/OddsUmLenFuku?k_babaCode=19&k_raceDate=2026%2F09%2F28&k_raceNo=1
2026-09-28 14:10:20,14:10,2026-09-28,funabashi,1,30,馬連,2-3,440.4,440.4,47,https://www.keiba.go.jp/KeibaWeb/TodayRaceInfo/OddsUmLenFuku?k_babaCode=19&k_raceDate=2026%2F09%2F28&k_raceNo=1
2026-09-28 14:10:20,14:10,2026-09-28,funabashi,1,30,馬連,2-4,587.2,587.2,51,https://www.keiba.go.jp/KeibaWeb/TodayRaceInfo/OddsUmLenFuku?k_babaCode=19&k_raceDate=2026%2F09%2F28&k_raceNo=1
2026-09-28 14:10:20,14:10,2026-09-28,funabashi,1,30,馬連,2-5,48.0,48.0,12,https://www.keiba.go.jp/KeibaWeb/TodayRaceInfo/OddsUmLenFuku?k_babaCode=19&k_raceDate=2026%2F09%2F28&k_raceNo=1
2026-09-28 14:10:20,14:10,2026-09-28,funabashi,1,30,馬連,2-6,1761.7,1761.7,64,https://www.keiba.go.jp/KeibaWeb/TodayRaceInfo/OddsUmLenFuku?k_babaCode=19&k_raceDate=2026%2F09%2F28&k_raceNo=1
2026-09-28 14:10:20,14:10,2026-09-28,funabashi,1,30,馬連,2-7,229.7,229.7,35,https://www.keiba.go.jp/KeibaWeb/TodayRaceInfo/OddsUmLenFuku?k_babaCode=19&k_raceDate=2026%2F09%2F28&k_raceNo=1
2026-09-28 14:10:20,14:10,2026-09-28,funabashi,1,30,馬連,2-8,132.1,132.1,26,https://www.keiba.go.jp/KeibaWeb/TodayRaceInfo/OddsUmLenFuku?k_babaCode=19&k_raceDate=2026%2F09%2F28&k_raceNo=1
2026-09-28 14:10:20,14:10,2026-09-28,funabashi,1,30,馬連,2-9,74.4,74.4,18,https://www.keiba.go.jp/KeibaWeb/TodayRaceInfo/OddsUmLenFuku?k_babaCode=19&k_raceDate=2026%2F09%2F28&k_raceNo=1
2026-09-28 14:10:20,14:10,2026-09-28,funabashi,1,30,馬連,3-10,1321.3,1321.3,61,https://www.keiba.go.jp/KeibaWeb/TodayRaceInfo/OddsUmLenFuku?k_babaCode=19&k_raceDate=2026%2F09%2F28&k_raceNo=1
2026-09-28 14:10:20,14:10,2026-09-28,funabashi,1,30,馬連,3-11,240.2,240.2,36,https://www.keiba.go.jp/KeibaWeb/TodayRaceInfo/OddsUmLenFuku?k_babaCode=19&k_raceDate=2026%2F09%2F28&k_raceNo=1
2026-09-28 14:10:20,14:10,2026-09-28,funabashi,1,30,馬連,3-12,880.8,880.8,58,https://www.keiba.go.jp/KeibaWeb/TodayRaceInfo/OddsUmLenFuku?k_babaCode=19&k_raceDate=2026%2F09%2F28&k_raceNo=1
2026-09-28 14:10:20,14:10,2026-09-28,funabashi,1,30,馬連,3-4,1057.0,1057.0,60,https://www.keiba.go.jp/KeibaWeb/TodayRaceInfo/OddsUmLenFuku?k_babaCode=19&k_raceDate=2026%2F09%2F28&k_raceNo=1
2026-09-28 14:10:20,14:10,2026-09-28,funabashi,1,30,馬連,3-5,72.4,72.4,17,https://www.keiba.go.jp/KeibaWeb/TodayRaceInfo/OddsUmLenFuku?k_babaCode=19&k_raceDate=2026%2F09%2F28&k_raceNo=1
2026-09-28 14:10:20,14:10,2026-09-28,funabashi,1,30,馬連,3-6,1321.3,1321.3,61,https://www.keiba.go.jp/KeibaWeb/TodayRaceInfo/OddsUmLenFuku?k_babaCode=19&k_raceDate=2026%2F09%2F28&k_raceNo=1
2026-09-28 14:10:20,14:10,2026-09-28,funabashi,1,30,馬連,3-7,480.4,480.4,50,https://www.keiba.go.jp/KeibaWeb/TodayRaceInfo/OddsUmLenFuku?k_babaCode=19&k_raceDate=2026%2F09%2F28&k_raceNo=1
2026-09-28 14:10:20,14:10,2026-09-28,funabashi,1,30,馬連,3-8,330.3,330.3,41,https://www.keiba.go.jp/KeibaWeb/TodayRaceInfo/OddsUmLenFuku?k_babaCode=19&k_raceDate=2026%2F09%2F28&k_raceNo=1
2026-09-28 14:10:20,14:10,2026-09-28,funabashi,1,30,馬連,3-9,170.4,170.4,31,https://www.keiba.go.jp/KeibaWeb/TodayRaceInfo/OddsUmLenFuku?k_babaCode=19&k_raceDate=2026%2F09%2F28&k_raceNo=1
2026-09-28 14:10:20,14:10,2026-09-28,funabashi,1,30,馬連,4-10,1761.7,1761.7,64,https://www.keiba.go.jp/KeibaWeb/TodayRaceInfo/OddsUmLenFuku?k_babaCode=19&k_raceDate=2026%2F09%2F28&k_raceNo=1
2026-09-28 14:10:20,14:10,2026-09-28,funabashi,1,30,馬連,4-11,377.5,377.5,43,https://www.keiba.go.jp/KeibaWeb/TodayRaceInfo/OddsUmLenFuku?k_babaCode=19&k_raceDate=2026%2F09%2F28&k_raceNo=1
2026-09-28 14:10:20,14:10,2026-09-28,funabashi,1,30,馬連,4-12,587.2,587.2,51,https://www.keiba.go.jp/KeibaWeb/TodayRaceInfo/OddsUmLenFuku?k_babaCode=19&k_raceDate=2026%2F09%2F28&k_raceNo=1
2026-09-28 14:10:20,14:10,2026-09-28,funabashi,1,30,馬連,4-5,97.8,97.8,22,https://www.keiba.go.jp/KeibaWeb/TodayRaceInfo/OddsUmLenFuku?k_babaCode=19&k_raceDate=2026%2F09%2F28&k_raceNo=1
2026-09-28 14:10:20,14:10,2026-09-28,funabashi,1,30,馬連,4-6,660.6,660.6,54,https://www.keiba.go.jp/KeibaWeb/TodayRaceInfo/OddsUmLenFuku?k_babaCode=19&k_raceDate=2026%2F09%2F28&k_raceNo=1
2026-09-28 14:10:20,14:10,2026-09-28,funabashi,1,30,馬連,4-7,406.5,406.5,45,https://www.keiba.go.jp/KeibaWeb/TodayRaceInfo/OddsUmLenFuku?k_babaCode=19&k_raceDate=2026%2F09%2F28&k_raceNo=1
2026-09-28 14:10:20,14:10,2026-09-28,funabashi,1,30,馬連,4-8,310.8,310.8,40,https://www.keiba.go.jp/KeibaWeb/TodayRaceInfo/OddsUmLenFuku?k_babaCode=19&k_raceDate=2026%2F09%2F28&k_raceNo=1
2026-09-28 14:10:20,14:10,2026-09-28,funabashi,1,30,馬連,4-9,160.1,160.1,30,https://www.keiba.go.jp/KeibaWeb/TodayRaceInfo/OddsUmLenFuku?k_babaCode=19&k_raceDate=2026%2F09%2F28&k_raceNo=1
2026-09-28 14:10:20,14:10,2026-09-28,funabashi,1,30,馬連,5-10,81.3,81.3,20,https://www.keiba.go.jp/KeibaWeb/TodayRaceInfo/OddsUmLenFuku?k_babaCode=19&k_raceDate=2026%2F09%2F28&k_raceNo=1
2026-09-28 14:10:20,14:10,2026-09-28,funabashi,1,30,馬連,5-11,13.5,13.5,5,https://www.keiba.go.jp/KeibaWeb/TodayRaceInfo/OddsUmLenFuku?k_babaCode=19&k_raceDate=2026%2F09%2F28&k_raceNo=1
2026-09-28 14:10:20,14:10,2026-09-28,funabashi,1,30,馬連,5-12,52.3,52.3,13,https://www.keiba.go.jp/KeibaWeb/TodayRaceInfo/OddsUmLenFuku?k_babaCode=19&k_raceDate=2026%2F09%2F28&k_raceNo=1
2026-09-28 14:10:20,14:10,2026-09-28,funabashi,1,30,馬連,5-6,60.7,60.7,15,https://www.keiba.go.jp/KeibaWeb/TodayRaceInfo/OddsUmLenFuku?k_babaCode=19&k_raceDate=2026%2F09%2F28&k_raceNo=1
2026-09-28 14:10:20,14:10,2026-09-28,funabashi,1,30,馬連,5-7,7.5,7.5,2,https://www.keiba.go.jp/KeibaWeb/TodayRaceInfo/OddsUmLenFuku?k_babaCode=19&k_raceDate=2026%2F09%2F28&k_raceNo=1
2026-09-28 14:10:20,14:10,2026-09-28,funabashi,1,30,馬連,5-8,9.3,9.3,3,https://www.keiba.go.jp/KeibaWeb/TodayRaceInfo/OddsUmLenFuku?k_babaCode=19&k_raceDate=2026%2F09%2F28&k_raceNo=1
2026-09-28 14:10:20,14:10,2026-09-28,funabashi,1,30,馬連,5-9,2.9,2.9,1,https://www.keiba.go.jp/KeibaWeb/TodayRaceInfo/OddsUmLenFuku?k_babaCode=19&k_raceDate=2026%2F09%2F28&k_raceNo=1
2026-09-28 14:10:20,14:10,2026-09-28,funabashi,1,30,馬連,6-10,1321.3,1321.3,61,https://www.keiba.go.jp/KeibaWeb/TodayRaceInfo/OddsUmLenFuku?k_babaCode=19&k_raceDate=2026%2F09%2F28&k_raceNo=1
2026-09-28 14:10:20,14:10,2026-09-28,funabashi,1,30,馬連,6-11,293.6,293.6,38,https://www.keiba.go.jp/KeibaWeb/TodayRaceInfo/OddsUmLenFuku?k_babaCode=19&k_raceDate=2026%2F09%2F28&k_raceNo=1
2026-09-28 14:10:20,14:10,2026-09-28,funabashi,1,30,馬連,6-12,880.8,880.8,58,https://www.keiba.go.jp/KeibaWeb/TodayRaceInfo/OddsUmLenFuku?k_babaCode=19&k_raceDate=2026%2F09%2F28&k_raceNo=1
2026-09-28 14:10:20,14:10,2026-09-28,funabashi,1,30,馬連,6-7,352.3,352.3,42,https://www.keiba.go.jp/KeibaWeb/TodayRaceInfo/OddsUmLenFuku?k_babaCode=19&k_raceDate=2026%2F09%2F28&k_raceNo=1
2026-09-28 14:10:20,14:10,2026-09-28,funabashi,1,30,馬連,6-8,440.4,440.4,47,https://www.keiba.go.jp/KeibaWeb/TodayRaceInfo/OddsUmLenFuku?k_babaCode=19&k_raceDate=2026%2F09%2F28&k_raceNo=1
2026-09-28 14:10:20,14:10,2026-09-28,funabashi,1,30,馬連,6-9,92.7,92.7,21,https://www.keiba.go.jp/KeibaWeb/TodayRaceInfo/OddsUmLenFuku?k_babaCode=19&k_raceDate=2026%2F09%2F28&k_raceNo=1
2026-09-28 14:10:20,14:10,2026-09-28,funabashi,1,30,馬連,7-10,755.0,755.0,55,https://www.keiba.go.jp/KeibaWeb/TodayRaceInfo/OddsUmLenFuku?k_babaCode=19&k_raceDate=2026%2F09%2F28&k_raceNo=1
2026-09-28 14:10:20,14:10,2026-09-28,funabashi,1,30,馬連,7-11,53.9,53.9,14,https://www.keiba.go.jp/KeibaWeb/TodayRaceInfo/OddsUmLenFuku?k_babaCode=19&k_raceDate=2026%2F09%2F28&k_raceNo=1
2026-09-28 14:10:20,14:10,2026-09-28,funabashi,1,30,馬連,7-12,146.8,146.8,27,https://www.keiba.go.jp/KeibaWeb/TodayRaceInfo/OddsUmLenFuku?k_babaCode=19&k_raceDate=2026%2F09%2F28&k_raceNo=1
2026-09-28 14:10:20,14:10,2026-09-28,funabashi,1,30,馬連,7-8,25.1,25.1,9,https://www.keiba.go.jp/KeibaWeb/TodayRaceInfo/OddsUmLenFuku?k_babaCode=19&k_raceDate=2026%2F09%2F28&k_raceNo=1
2026-09-28 14:10:20,14:10,2026-09-28,funabashi,1,30,馬連,7-9,14.3,14.3,6,https://www.keiba.go.jp/KeibaWeb/TodayRaceInfo/OddsUmLenFuku?k_babaCode=19&k_raceDate=2026%2F09%2F28&k_raceNo=1
2026-09-28 14:10:20,14:10,2026-09-28,funabashi,1,30,馬連,8-10,240.2,240.2,36,https://www.keiba.go.jp/KeibaWeb/TodayRaceInfo/OddsUmLenFuku?k_babaCode=19&k_raceDate=2026%2F09%2F28&k_raceNo=1
2026-09-28 14:10:20,14:10,2026-09-28,funabashi,1,30,馬連,8-11,25.5,25.5,10,https://www.keiba.go.jp/KeibaWeb/TodayRaceInfo/OddsUmLenFuku?k_babaCode=19&k_raceDate=2026%2F09%2F28&k_raceNo=1
2026-09-28 14:10:20,14:10,2026-09-28,funabashi,1,30,馬連,8-12,120.1,120.1,25,https://www.keiba.go.jp/KeibaWeb/TodayRaceInfo/OddsUmLenFuku?k_babaCode=19&k_raceDate=2026%2F09%2F28&k_raceNo=1
2026-09-28 14:10:20,14:10,2026-09-28,funabashi,1,30,馬連,8-9,11.0,11.0,4,https://www.keiba.go.jp/KeibaWeb/TodayRaceInfo/OddsUmLenFuku?k_babaCode=19&k_raceDate=2026%2F09%2F28&k_raceNo=1
2026-09-28 14:10:20,14:10,2026-09-28,funabashi,1,30,馬連,9-10,107.8,107.8,23,https://www.keiba.go.jp/KeibaWeb/TodayRaceInfo/OddsUmLenFuku?k_babaCode=19&k_raceDate=2026%2F09%2F28&k_raceNo=1
2026-09-28 14:10:20,14:10,2026-09-28,funabashi,1,30,馬連,9-11,17.7,17.7,7,https://www.keiba.go.jp/KeibaWeb/TodayRaceInfo/OddsUmLenFuku?k_babaCode=19&k_raceDate=2026%2F09%2F28&k_raceNo=1
2026-09-28 14:10:20,14:10,2026-09-28,funabashi,1,30,馬連,9-12,69.5,69.5,16,https://www.keiba.go.jp/KeibaWeb/TodayRaceInfo/OddsUmLenFuku?k_babaCode=19&k_raceDate=2026%2F09%2F28&k_raceNo=1
2026-09-28 14:25:00,14:24,2026-09-28,funabashi,1,15,ワイド,1-10,104.2,108.2,54,https://www.keiba.go.jp/KeibaWeb/TodayRaceInfo/OddsWide?k_babaCode=19&k_raceDate=2026%2F09%2F28&k_raceNo=1
2026-09-28 14:25:00,14:24,2026-09-28,funabashi,1,15,ワイド,1-11,12.6,13.9,12,https://www.keiba.go.jp/KeibaWeb/TodayRaceInfo/OddsWide?k_babaCode=19&k_raceDate=2026%2F09%2F28&k_raceNo=1
2026-09-28 14:25:00,14:24,2026-09-28,funabashi,1,15,ワイド,1-12,37.2,39.1,35,https://www.keiba.go.jp/KeibaWeb/TodayRaceInfo/OddsWide?k_babaCode=19&k_raceDate=2026%2F09%2F28&k_raceNo=1
2026-09-28 14:25:00,14:24,2026-09-28,funabashi,1,15,ワイド,1-2,41.6,43.6,36,https://www.keiba.go.jp/KeibaWeb/TodayRaceInfo/OddsWide?k_babaCode=19&k_raceDate=2026%2F09%2F28&k_raceNo=1
2026-09-28 14:25:00,14:24,2026-09-28,funabashi,1,15,ワイド,1-3,35.7,37.3,33,https://www.keiba.go.jp/KeibaWeb/TodayRaceInfo/OddsWide?k_babaCode=19&k_raceDate=2026%2F09%2F28&k_raceNo=1
2026-09-28 14:25:00,14:24,2026-09-28,funabashi,1,15,ワイド,1-4,71.1,74.1,45,https://www.keiba.go.jp/KeibaWeb/TodayRaceInfo/OddsWide?k_babaCode=19&k_raceDate=2026%2F09%2F28&k_raceNo=1
2026-09-28 14:25:00,14:24,2026-09-28,funabashi,1,15,ワイド,1-5,8.4,10.8,10,https://www.keiba.go.jp/KeibaWeb/TodayRaceInfo/OddsWide?k_babaCode=19&k_raceDate=2026%2F09%2F28&k_raceNo=1
2026-09-28 14:25:00,14:24,2026-09-28,funabashi,1,15,ワイド,1-6,71.1,74.1,45,https://www.keiba.go.jp/KeibaWeb/TodayRaceInfo/OddsWide?k_babaCode=19&k_raceDate=2026%2F09%2F28&k_raceNo=1
2026-09-28 14:25:00,14:24,2026-09-28,funabashi,1,15,ワイド,1-7,22.9,26.0,21,https://www.keiba.go.jp/KeibaWeb/TodayRaceInfo/OddsWide?k_babaCode=19&k_raceDate=2026%2F09%2F28&k_raceNo=1
2026-09-28 14:25:00,14:24,2026-09-28,funabashi,1,15,ワイド,1-8,14.3,15.7,15,https://www.keiba.go.jp/KeibaWeb/TodayRaceInfo/OddsWide?k_babaCode=19&k_raceDate=2026%2F09%2F28&k_raceNo=1
2026-09-28 14:25:00,14:24,2026-09-28,funabashi,1,15,ワイド,1-9,5.6,7.1,8,https://www.keiba.go.jp/KeibaWeb/TodayRaceInfo/OddsWide?k_babaCode=19&k_raceDate=2026%2F09%2F28&k_raceNo=1
2026-09-28 14:25:00,14:24,2026-09-28,funabashi,1,15,ワイド,10-11,54.9,58.5,43,https://www.keiba.go.jp/KeibaWeb/TodayRaceInfo/OddsWide?k_babaCode=19&k_raceDate=2026%2F09%2F28&k_raceNo=1
2026-09-28 14:25:00,14:24,2026-09-28,funabashi,1,15,ワイド,10-12,165.5,168.4,58,https://www.keiba.go.jp/KeibaWeb/TodayRaceInfo/OddsWide?k_babaCode=19&k_raceDate=2026%2F09%2F28&k_raceNo=1
2026-09-28 14:25:00,14:24,2026-09-28,funabashi,1,15,ワイド,11-12,26.4,28.4,24,https://www.keiba.go.jp/KeibaWeb/TodayRaceInfo/OddsWide?k_babaCode=19&k_raceDate=2026%2F09%2F28&k_raceNo=1
2026-09-28 14:25:00,14:24,2026-09-28,funabashi,1,15,ワイド,2-10,248.8,252.3,64,https://www.keiba.go.jp/KeibaWeb/TodayRaceInfo/OddsWide?k_babaCode=19&k_raceDate=2026%2F09%2F28&k_raceNo=1
2026-09-28 14:25:00,14:24,2026-09-28,funabashi,1,15,ワイド,2-11,24.4,26.2,22,https://www.keiba.go.jp/KeibaWeb/TodayRaceInfo/OddsWide?k_babaCode=19&k_raceDate=2026%2F09%2F28&k_raceNo=1
2026-09-28 14:25:00,14:24,2026-09-28,funabashi,1,15,ワイド,2-12,84.6,86.8,50,https://www.keiba.go.jp/KeibaWeb/TodayRaceInfo/OddsWide?k_babaCode=19&k_raceDate=2026%2F09%2F28&k_raceNo=1
2026-09-28 14:25:00,14:24,2026-09-28,funabashi,1,15,ワイド,2-3,76.4,78.0,49,https://www.keiba.go.jp/KeibaWeb/TodayRaceInfo/OddsWide?k_babaCode=19&k_raceDate=2026%2F09%2F28&k_raceNo=1
2026-09-28 14:25:00,14:24,2026-09-28,funabashi,1,15,ワイド,2-4,119.4,121.4,56,https://www.keiba.go.jp/KeibaWeb/TodayRaceInfo/OddsWide?k_babaCode=19&k_raceDate=2026%2F09%2F28&k_raceNo=1
2026-09-28 14:25:00,14:24,2026-09-28,funabashi,1,15,ワイド,2-5,20.2,25.3,19,https://www.keiba.go.jp/KeibaWeb/TodayRaceInfo/OddsWide?k_babaCode=19&k_raceDate=2026%2F09%2F28&k_raceNo=1
2026-09-28 14:25:00,14:24,2026-09-28,funabashi,1,15,ワイド,2-6,212.8,216.3,61,https://www.keiba.go.jp/KeibaWeb/TodayRaceInfo/OddsWide?k_babaCode=19&k_raceDate=2026%2F09%2F28&k_raceNo=1
2026-09-28 14:25:00,14:24,2026-09-28,funabashi,1,15,ワイド,2-7,46.7,51.6,39,https://www.keiba.go.jp/KeibaWeb/TodayRaceInfo/OddsWide?k_babaCode=19&k_raceDate=2026%2F09%2F28&k_raceNo=1
2026-09-28 14:25:00,14:24,2026-09-28,funabashi,1,15,ワイド,2-8,32.7,35.1,31,https://www.keiba.go.jp/KeibaWeb/TodayRaceInfo/OddsWide?k_babaCode=19&k_raceDate=2026%2F09%2F28&k_raceNo=1
2026-09-28 14:25:00,14:24,2026-09-28,funabashi,1,15,ワイド,2-9,16.8,21.0,17,https://www.keiba.go.jp/KeibaWeb/TodayRaceInfo/OddsWide?k_babaCode=19&k_raceDate=2026%2F09%2F28&k_raceNo=1
2026-09-28 14:25:00,14:24,2026-09-28,funabashi,1,15,ワイド,3-10,229.5,232.9,62,https://www.keiba.go.jp/KeibaWeb/TodayRaceInfo/OddsWide?k_babaCode=19&k_raceDate=2026%2F09%2F28&k_raceNo=1
2026-09-28 14:25:00,14:24,2026-09-28,funabashi,1,15,ワイド,3-11,32.5,34.7,30,https://www.keiba.go.jp/KeibaWeb/TodayRaceInfo/OddsWide?k_babaCode=19&k_raceDate=2026%2F09%2F28&k_raceNo=1
2026-09-28 14:25:00,14:24,2026-09-28,funabashi,1,15,ワイド,3-12,60.8,62.1,44,https://www.keiba.go.jp/KeibaWeb/TodayRaceInfo/OddsWide?k_babaCode=19&k_raceDate=2026%2F09%2F28&k_raceNo=1
2026-09-28 14:25:00,14:24,2026-09-28,funabashi,1,15,ワイド,3-4,106.7,108.4,55,https://www.keiba.go.jp/KeibaWeb/TodayRaceInfo/OddsWide?k_babaCode=19&k_raceDate=2026%2F09%2F28&k_raceNo=1
2026-09-28 14:25:00,14:24,2026-09-28,funabashi,1,15,ワイド,3-5,16.6,20.7,16,https://www.keiba.go.jp/KeibaWeb/TodayRaceInfo/OddsWide?k_babaCode=19&k_raceDate=2026%2F09%2F28&k_raceNo=1
2026-09-28 14:25:00,14:24,2026-09-28,funabashi,1,15,ワイド,3-6,212.7,216.3,60,https://www.keiba.go.jp/KeibaWeb/TodayRaceInfo/OddsWide?k_babaCode=19&k_raceDate=2026%2F09%2F28&k_raceNo=1
2026-09-28 14:25:00,14:24,2026-09-28,funabashi,1,15,ワイド,3-7,49.5,54.4,41,https://www.keiba.go.jp/KeibaWeb/TodayRaceInfo/OddsWide?k_babaCode=19&k_raceDate=2026%2F09%2F28&k_raceNo=1
2026-09-28 14:25:00,14:24,2026-09-28,funabashi,1,15,ワイド,3-8,32.2,34.7,29,https://www.keiba.go.jp/KeibaWeb/TodayRaceInfo/OddsWide?k_babaCode=19&k_raceDate=2026%2F09%2F28&k_raceNo=1
2026-09-28 14:25:00,14:24,2026-09-28,funabashi,1,15,ワイド,3-9,25.7,32.2,23,https://www.keiba.go.jp/KeibaWeb/TodayRaceInfo/OddsWide?k_babaCode=19&k_raceDate=2026%2F09%2F28&k_raceNo=1
2026-09-28 14:25:00,14:24,2026-09-28,funabashi,1,15,ワイド,4-10,250.2,252.4,65,https://www.keiba.go.jp/KeibaWeb/TodayRaceInfo/OddsWide?k_babaCode=19&k_raceDate=2026%2F09%2F28&k_raceNo=1
2026-09-28 14:25:00,14:24,2026-09-28,funabashi,1,15,ワイド,4-11,37.1,39.7,34,https://www.keiba.go.jp/KeibaWeb/TodayRaceInfo/OddsWide?k_babaCode=19&k_raceDate=2026%2F09%2F28&k_raceNo=1
2026-09-28 14:25:00,14:24,2026-09-28,funabashi,1,15,ワイド,4-12,141.5,144.5,57,https://www.keiba.go.jp/KeibaWeb/TodayRaceInfo/OddsWide?k_babaCode=19&k_raceDate=2026%2F09%2F28&k_raceNo=1
2026-09-28 14:25:00,14:24,2026-09-28,funabashi,1,15,ワイド,4-5,34.0,42.3,32,https://www.keiba.go.jp/KeibaWeb/TodayRaceInfo/OddsWide?k_babaCode=19&k_raceDate=2026%2F09%2F28&k_raceNo=1
2026-09-28 14:25:00,14:24,2026-09-28,funabashi,1,15,ワイド,4-6,332.6,336.3,66,https://www.keiba.go.jp/KeibaWeb/TodayRaceInfo/OddsWide?k_babaCode=19&k_raceDate=2026%2F09%2F28&k_raceNo=1
2026-09-28 14:25:00,14:24,2026-09-28,funabashi,1,15,ワイド,4-7,74.7,82.1,48,https://www.keiba.go.jp/KeibaWeb/TodayRaceInfo/OddsWide?k_babaCode=19&k_raceDate=2026%2F09%2F28&k_raceNo=1
2026-09-28 14:25:00,14:24,2026-09-28,funabashi,1,15,ワイド,4-8,48.2,51.6,40,https://www.keiba.go.jp/KeibaWeb/TodayRaceInfo/OddsWide?k_babaCode=19&k_raceDate=2026%2F09%2F28&k_raceNo=1
2026-09-28 14:25:00,14:24,2026-09-28,funabashi,1,15,ワイド,4-9,31.0,38.6,27,https://www.keiba.go.jp/KeibaWeb/TodayRaceInfo/OddsWide?k_babaCode=19&k_raceDate=2026%2F09%2F28&k_raceNo=1
2026-09-28 14:25:00,14:24,2026-09-28,funabashi,1,15,ワイド,5-10,43.7,54.2,37,https://www.keiba.go.jp/KeibaWeb/TodayRaceInfo/OddsWide?k_babaCode=19&k_raceDate=2026%2F09%2F28&k_raceNo=1
2026-09-28 14:25:00,14:24,2026-09-28,funabashi,1,15,ワイド,5-11,4.9,6.4,7,https://www.keiba.go.jp/KeibaWeb/TodayRaceInfo/OddsWide?k_babaCode=19&k_raceDate=2026%2F09%2F28&k_raceNo=1
2026-09-28 14:25:00,14:24,2026-09-28,funabashi,1,15,ワイド,5-12,18.3,22.9,18,https://www.keiba.go.jp/KeibaWeb/TodayRaceInfo/OddsWide?k_babaCode=19&k_raceDate=2026%2F09%2F28&k_raceNo=1
2026-09-28 14:25:00,14:24,2026-09-28,funabashi,1,15,ワイド,5-6,29.2,36.3,25,https://www.keiba.go.jp/KeibaWeb/TodayRaceInfo/OddsWide?k_babaCode=19&k_raceDate=2026%2F09%2F28&k_raceNo=1
2026-09-28 14:25:00,14:24,2026-09-28,funabashi,1,15,ワイド,5-7,3.8,5.0,6,https://www.keiba.go.jp/KeibaWeb/TodayRaceInfo/OddsWide?k_babaCode=19&k_raceDate=2026%2F09%2F28&k_raceNo=1
2026-09-28 14:25:00,14:24,2026-09-28,funabashi,1,15,ワイド,5-8,3.3,4.3,3,https://www.keiba.go.jp/KeibaWeb/TodayRaceInfo/OddsWide?k_babaCode=19&k_raceDate=2026%2F09%2F28&k_raceNo=1
2026-09-28 14:25:00,14:24,2026-09-28,funabashi,1,15,ワイド,5-9,1.5,1.7,1,https://www.keiba.go.jp/KeibaWeb/TodayRaceInfo/OddsWide?k_babaCode=19&k_raceDate=2026%2F09%2F28&k_raceNo=1
2026-09-28 14:25:00,14:24,2026-09-28,funabashi,1,15,ワイド,6-10,200.1,202.1,59,https://www.keiba.go.jp/KeibaWeb/TodayRaceInfo/OddsWide?k_babaCode=19&k_raceDate=2026%2F09%2F28&k_raceNo=1
2026-09-28 14:25:00,14:24,2026-09-28,funabashi,1,15,ワイド,6-11,86.0,91.7,51,https://www.keiba.go.jp/KeibaWeb/TodayRaceInfo/OddsWide?k_babaCode=19&k_raceDate=2026%2F09%2F28&k_raceNo=1
2026-09-28 14:25:00,14:24,2026-09-28,funabashi,1,15,ワイド,6-12,247.3,252.3,63,https://www.keiba.go.jp/KeibaWeb/TodayRaceInfo/OddsWide?k_babaCode=19&k_raceDate=2026%2F09%2F28&k_raceNo=1
2026-09-28 14:25:00,14:24,2026-09-28,funabashi,1,15,ワイド,6-7,102.2,112.2,53,https://www.keiba.go.jp/KeibaWeb/TodayRaceInfo/OddsWide?k_babaCode=19&k_raceDate=2026%2F09%2F28&k_raceNo=1
2026-09-28 14:25:00,14:24,2026-09-28,funabashi,1,15,ワイド,6-8,74.4,79.7,47,https://www.keiba.go.jp/KeibaWeb/TodayRaceInfo/OddsWide?k_babaCode=19&k_raceDate=2026%2F09%2F28&k_raceNo=1
2026-09-28 14:25:00,14:24,2026-09-28,funabashi,1,15,ワイド,6-9,31.0,38.6,27,https://www.keiba.go.jp/KeibaWeb/TodayRaceInfo/OddsWide?k_babaCode=19&k_raceDate=2026%2F09%2F28&k_raceNo=1
2026-09-28 14:25:00,14:24,2026-09-28,funabashi,1,15,ワイド,7-10,86.6,94.8,52,https://www.keiba.go.jp/KeibaWeb/TodayRaceInfo/OddsWide?k_babaCode=19&k_raceDate=2026%2F09%2F28&k_raceNo=1
2026-09-28 14:25:00,14:24,2026-09-28,funabashi,1,15,ワイド,7-11,12.4,14.4,11,https://www.keiba.go.jp/KeibaWeb/TodayRaceInfo/OddsWide?k_babaCode=19&k_raceDate=2026%2F09%2F28&k_raceNo=1
2026-09-28 14:25:00,14:24,2026-09-28,funabashi,1,15,ワイド,7-12,31.0,34.4,26,https://www.keiba.go.jp/KeibaWeb/TodayRaceInfo/OddsWide?k_babaCode=19&k_raceDate=2026%2F09%2F28&k_raceNo=1
2026-09-28 14:25:00,14:24,2026-09-28,funabashi,1,15,ワイド,7-8,13.4,15.6,14,https://www.keiba.go.jp/KeibaWeb/TodayRaceInfo/OddsWide?k_babaCode=19&k_raceDate=2026%2F09%2F28&k_raceNo=1
2026-09-28 14:25:00,14:24,2026-09-28,funabashi,1,15,ワイド,7-9,2.6,3.3,2,https://www.keiba.go.jp/KeibaWeb/TodayRaceInfo/OddsWide?k_babaCode=19&k_raceDate=2026%2F09%2F28&k_raceNo=1
2026-09-28 14:25:00,14:24,2026-09-28,funabashi,1,15,ワイド,8-10,45.9,49.1,38,https://www.keiba.go.jp/KeibaWeb/TodayRaceInfo/OddsWide?k_babaCode=19&k_raceDate=2026%2F09%2F28&k_raceNo=1
2026-09-28 14:25:00,14:24,2026-09-28,funabashi,1,15,ワイド,8-11,6.9,7.7,9,https://www.keiba.go.jp/KeibaWeb/TodayRaceInfo/OddsWide?k_babaCode=19&k_raceDate=2026%2F09%2F28&k_raceNo=1
2026-09-28 14:25:00,14:24,2026-09-28,funabashi,1,15,ワイド,8-12,22.3,24.0,20,https://www.keiba.go.jp/KeibaWeb/TodayRaceInfo/OddsWide?k_babaCode=19&k_raceDate=2026%2F09%2F28&k_raceNo=1
2026-09-28 14:25:00,14:24,2026-09-28,funabashi,1,15,ワイド,8-9,3.5,4.5,4,https://www.keiba.go.jp/KeibaWeb/TodayRaceInfo/OddsWide?k_babaCode=19&k_raceDate=2026%2F09%2F28&k_raceNo=1
2026-09-28 14:25:00,14:24,2026-09-28,funabashi,1,15,ワイド,9-10,50.8,63.1,42,https://www.keiba.go.jp/KeibaWeb/TodayRaceInfo/OddsWide?k_babaCode=19&k_raceDate=2026%2F09%2F28&k_raceNo=1
2026-09-28 14:25:00,14:24,2026-09-28,funabashi,1,15,ワイド,9-11,3.6,4.5,5,https://www.keiba.go.jp/KeibaWeb/TodayRaceInfo/OddsWide?k_babaCode=19&k_raceDate=2026%2F09%2F28&k_raceNo=1
2026-09-28 14:25:00,14:24,2026-09-28,funabashi,1,15,ワイド,9-12,13.2,16.5,13,https://www.keiba.go.jp/KeibaWeb/TodayRaceInfo/OddsWide?k_babaCode=19&k_raceDate=2026%2F09%2F28&k_raceNo=1
2026-09-28 14:25:00,14:24,2026-09-28,funabashi,1,15,三連複,1-10-11,1115.8,1115.8,122,https://www.keiba.go.jp/KeibaWeb/TodayRaceInfo/Odds3LenFuku?k_babaCode=19&k_raceDate=2026%2F09%2F28&k_raceNo=1
2026-09-28 14:25:00,14:24,2026-09-28,funabashi,1,15,三連複,1-10-12,1983.7,1983.7,162,https://www.keiba.go.jp/KeibaWeb/TodayRaceInfo/Odds3LenFuku?k_babaCode=19&k_raceDate=2026%2F09%2F28&k_raceNo=1
2026-09-28 14:25:00,14:24,2026-09-28,funabashi,1,15,三連複,1-11-12,575.9,575.9,89,https://www.keiba.go.jp/KeibaWeb/TodayRaceInfo/Odds3LenFuku?k_babaCode=19&k_raceDate=2026%2F09%2F28&k_raceNo=1
2026-09-28 14:25:00,14:24,2026-09-28,funabashi,1,15,三連複,1-2-10,4463.4,4463.4,200,https://www.keiba.go.jp/KeibaWeb/TodayRaceInfo/Odds3LenFuku?k_babaCode=19&k_raceDate=2026%2F09%2F28&k_raceNo=1
2026-09-28 14:25:00,14:24,2026-09-28,funabashi,1,15,三連複,1-2-11,495.9,495.9,83,https://www.keiba.go.jp/KeibaWeb/TodayRaceInfo/Odds3LenFuku?k_babaCode=19&k_raceDate=2026%2F09%2F28&k_raceNo=1
2026-09-28 14:25:00,14:24,2026-09-28,funabashi,1,15,三連複,1-2-12,1275.2,1275.2,133,https://www.keiba.go.jp/KeibaWeb/TodayRaceInfo/Odds3LenFuku?k_babaCode=19&k_raceDate=2026%2F09%2F28&k_raceNo=1
2026-09-28 14:25:00,14:24,2026-09-28,funabashi,1,15,三連複,1-2-3,850.1,850.1,107,https://www.keiba.go.jp/KeibaWeb/TodayRaceInfo/Odds3LenFuku?k_babaCode=19&k_raceDate=2026%2F09%2F28&k_raceNo=1
2026-09-28 14:25:00,14:24,2026-09-28,funabashi,1,15,三連複,1-2-4,1050.2,1050.2,119,https://www.keiba.go.jp/KeibaWeb/TodayRaceInfo/Odds3LenFuku?k_babaCode=19&k_raceDate=2026%2F09%2F28&k_raceNo=1
2026-09-28 14:25:00,14:24,2026-09-28,funabashi,1,15,三連複,1-2-5,116.6,116.6,30,https://www.keiba.go.jp/KeibaWeb/TodayRaceInfo/Odds3LenFuku?k_babaCode=19&k_raceDate=2026%2F09%2F28&k_raceNo=1
2026-09-28 14:25:00,14:24,2026-09-28,funabashi,1,15,三連複,1-2-6,1785.3,1785.3,154,https://www.keiba.go.jp/KeibaWeb/TodayRaceInfo/Odds3LenFuku?k_babaCode=19&k_raceDate=2026%2F09%2F28&k_raceNo=1
2026-09-28 14:25:00,14:24,2026-09-28,funabashi,1,15,三連複,1-2-7,615.6,615.6,92,https://www.keiba.go.jp/KeibaWeb/TodayRaceInfo/Odds3LenFuku?k_babaCode=19&k_raceDate=2026%2F09%2F28&k_raceNo=1
2026-09-28 14:25:00,14:24,2026-09-28,funabashi,1,15,三連複,1-2-8,595.1,595.1,90,https://www.keiba.go.jp/KeibaWeb/TodayRaceInfo/Odds3LenFuku?k_babaCode=19&k_raceDate=2026%2F09%2F28&k_raceNo=1
2026-09-28 14:25:00,14:24,2026-09-28,funabashi,1,15,三連複,1-2-9,251.4,251.4,55,https://www.keiba.go.jp/KeibaWeb/TodayRaceInfo/Odds3LenFuku?k_babaCode=19&k_raceDate=2026%2F09%2F28&k_raceNo=1
2026-09-28 14:25:00,14:24,2026-09-28,funabashi,1,15,三連複,1-3-10,8926.9,8926.9,215,https://www.keiba.go.jp/KeibaWeb/TodayRaceInfo/Odds3LenFuku?k_babaCode=19&k_raceDate=2026%2F09%2F28&k_raceNo=1
2026-09-28 14:25:00,14:24,2026-09-28,funabashi,1,15,三連複,1-3-11,1190.2,1190.2,130,https://www.keiba.go.jp/KeibaWeb/TodayRaceInfo/Odds3LenFuku?k_babaCode=19&k_raceDate=2026%2F09%2F28&k_raceNo=1
2026-09-28 14:25:00,14:24,2026-09-28,funabashi,1,15,三連複,1-3-12,1623.0,1623.0,151,https://www.keiba.go.jp/KeibaWeb/TodayRaceInfo/Odds3LenFuku?k_babaCode=19&k_raceDate=2026%2F09%2F28&k_raceNo=1
2026-09-28 14:25:00,14:24,2026-09-28,funabashi,1,15,三連複,1-3-4,2231.7,2231.7,167,https://www.keiba.go.jp/KeibaWeb/TodayRaceInfo/Odds3LenFuku?k_babaCode=19&k_raceDate=2026%2F09%2F28&k_raceNo=1
2026-09-28 14:25:00,14:24,2026-09-28,funabashi,1,15,三連複,1-3-5,255.0,255.0,57,https://www.keiba.go.jp/KeibaWeb/TodayRaceInfo/Odds3LenFuku?k_babaCode=19&k_raceDate=2026%2F09%2F28&k_raceNo=1
2026-09-28 14:25:00,14:24,2026-09-28,funabashi,1,15,三連複,1-3-6,2975.6,2975.6,185,https://www.keiba.go.jp/KeibaWeb/TodayRaceInfo/Odds3LenFuku?k_babaCode=19&k_raceDate=2026%2F09%2F28&k_raceNo=1
2026-09-28 14:25:00,14:24,2026-09-28,funabashi,1,15,三連複,1-3-7,1115.8,1115.8,122,https://www.keiba.go.jp/KeibaWeb/TodayRaceInfo/Odds3LenFuku?k_babaCode=19&k_raceDate=2026%2F09%2F28&k_raceNo=1
2026-09-28 14:25:00,14:24,2026-09-28,funabashi,1,15,三連複,1-3-8,469.8,469.8,82,https://www.keiba.go.jp/KeibaWeb/TodayRaceInfo/Odds3LenFuku?k_babaCode=19&k_raceDate=2026%2F09%2F28&k_raceNo=1
2026-09-28 14:25:00,14:24,2026-09-28,funabashi,1,15,三連複,1-3-9,364.3,364.3,73,https://www.keiba.go.jp/KeibaWeb/TodayRaceInfo/Odds3LenFuku?k_babaCode=19&k_raceDate=2026%2F09%2F28&k_raceNo=1
2026-09-28 14:25:00,14:24,2026-09-28,funabashi,1,15,三連複,1-4-10,4463.4,4463.4,200,https://www.keiba.go.jp/KeibaWeb/TodayRaceInfo/Odds3LenFuku?k_babaCode=19&k_raceDate=2026%2F09%2F28&k_raceNo=1
2026-09-28 14:25:00,14:24,2026-09-28,funabashi,1,15,三連複,1-4-11,892.6,892.6,111,https://www.keiba.go.jp/KeibaWeb/TodayRaceInfo/Odds3LenFuku?k_babaCode=19&k_raceDate=2026%2F09%2F28&k_raceNo=1
2026-09-28 14:25:00,14:24,2026-09-28,funabashi,1,15,三連複,1-4-12,2550.5,2550.5,176,https://www.keiba.go.jp/KeibaWeb/TodayRaceInfo/Odds3LenFuku?k_babaCode=19&k_raceDate=2026%2F09%2F28&k_raceNo=1
2026-09-28 14:25:00,14:24,2026-09-28,funabashi,1,15,三連複,1-4-5,287.9,287.9,63,https://www.keiba.go.jp/KeibaWeb/TodayRaceInfo/Odds3LenFuku?k_babaCode=19&k_raceDate=2026%2F09%2F28&k_raceNo=1
2026-09-28 14:25:00,14:24,2026-09-28,funabashi,1,15,三連複,1-4-6,1785.3,1785.3,154,https://www.keiba.go.jp/KeibaWeb/TodayRaceInfo/Odds3LenFuku?k_babaCode=19&k_raceDate=2026%2F09%2F28&k_raceNo=1
2026-09-28 14:25:00,14:24,2026-09-28,funabashi,1,15,三連複,1-4-7,1190.2,1190.2,130,https://www.keiba.go.jp/KeibaWeb/TodayRaceInfo/Odds3LenFuku?k_babaCode=19&k_raceDate=2026%2F09%2F28&k_raceNo=1
2026-09-28 14:25:00,14:24,2026-09-28,funabashi,1,15,三連複,1-4-8,1373.3,1373.3,140,https://www.keiba.go.jp/KeibaWeb/TodayRaceInfo/Odds3LenFuku?k_babaCode=19&k_raceDate=2026%2F09%2F28&k_raceNo=1
2026-09-28 14:25:00,14:24,2026-09-28,funabashi,1,15,三連複,1-4-9,425.0,425.0,79,https://www.keiba.go.jp/KeibaWeb/TodayRaceInfo/Odds3LenFuku?k_babaCode=19&k_raceDate=2026%2F09%2F28&k_raceNo=1
2026-09-28 14:25:00,14:24,2026-09-28,funabashi,1,15,三連複,1-5-10,525.1,525.1,87,https://www.keiba.go.jp/KeibaWeb/TodayRaceInfo/Odds3LenFuku?k_babaCode=19&k_raceDate=2026%2F09%2F28&k_raceNo=1
2026-09-28 14:25:00,14:24,2026-09-28,funabashi,1,15,三連複,1-5-11,50.7,50.7,16,https://www.keiba.go.jp/KeibaWeb/TodayRaceInfo/Odds3LenFuku?k_babaCode=19&k_raceDate=2026%2F09%2F28&k_raceNo=1
2026-09-28 14:25:00,14:24,2026-09-28,funabashi,1,15,三連複,1-5-12,220.4,220.4,49,https://www.keiba.go.jp/KeibaWeb/TodayRaceInfo/Odds3LenFuku?k_babaCode=19&k_raceDate=2026%2F09%2F28&k_raceNo=1
2026-09-28 14:25:00,14:24,2026-09-28,funabashi,1,15,三連複,1-5-6,262.5,262.5,59,https://www.keiba.go.jp/KeibaWeb/TodayRaceInfo/Odds3LenFuku?k_babaCode=19&k_raceDate=2026%2F09%2F28&k_raceNo=1
2026-09-28 14:25:00,14:24,2026-09-28,funabashi,1,15,三連複,1-5-7,39.1,39.1,14,https://www.keiba.go.jp/KeibaWeb/TodayRaceInfo/Odds3LenFuku?k_babaCode=19&k_raceDate=2026%2F09%2F28&k_raceNo=1
2026-09-28 14:25:00,14:24,2026-09-28,funabashi,1,15,三連複,1-5-8,38.2,38.2,13,https://www.keiba.go.jp/KeibaWeb/TodayRaceInfo/Odds3LenFuku?k_babaCode=19&k_raceDate=2026%2F09%2F28&k_raceNo=1
2026-09-28 14:25:00,14:24,2026-09-28,funabashi,1,15,三連複,1-5-9,14.4,14.4,4,https://www.keiba.go.jp/KeibaWeb/TodayRaceInfo/Odds3LenFuku?k_babaCode=19&k_raceDate=2026%2F09%2F28&k_raceNo=1
2026-09-28 14:25:00,14:24,2026-09-28,funabashi,1,15,三連複,1-6-10,8926.9,8926.9,215,https://www.keiba.go.jp/KeibaWeb/TodayRaceInfo/Odds3LenFuku?k_babaCode=19&k_raceDate=2026%2F09%2F28&k_raceNo=1
2026-09-28 14:25:00,14:24,2026-09-28,funabashi,1,15,三連複,1-6-11,939.6,939.6,116,https://www.keiba.go.jp/KeibaWeb/TodayRaceInfo/Odds3LenFuku?k_babaCode=19&k_raceDate=2026%2F09%2F28&k_raceNo=1
2026-09-28 14:25:00,14:24,2026-09-28,funabashi,1,15,三連複,1-6-12,1785.3,1785.3,154,https://www.keiba.go.jp/KeibaWeb/TodayRaceInfo/Odds3LenFuku?k_babaCode=19&k_raceDate=2026%2F09%2F28&k_raceNo=1
2026-09-28 14:25:00,14:24,2026-09-28,funabashi,1,15,三連複,1-6-7,892.6,892.6,111,https://www.keiba.go.jp/KeibaWeb/TodayRaceInfo/Odds3LenFuku?k_babaCode=19&k_raceDate=2026%2F09%2F28&k_raceNo=1
2026-09-28 14:25:00,14:24,2026-09-28,funabashi,1,15,三連複,1-6-8,1275.2,1275.2,133,https://www.keiba.go.jp/KeibaWeb/TodayRaceInfo/Odds3LenFuku?k_babaCode=19&k_raceDate=2026%2F09%2F28&k_raceNo=1
2026-09-28 14:25:00,14:24,2026-09-28,funabashi,1,15,三連複,1-6-9,557.9,557.9,88,https://www.keiba.go.jp/KeibaWeb/TodayRaceInfo/Odds3LenFuku?k_babaCode=19&k_raceDate=2026%2F09%2F28&k_raceNo=1
2026-09-28 14:25:00,14:24,2026-09-28,funabashi,1,15,三連複,1-7-10,1275.2,1275.2,133,https://www.keiba.go.jp/KeibaWeb/TodayRaceInfo/Odds3LenFuku?k_babaCode=19&k_raceDate=2026%2F09%2F28&k_raceNo=1
2026-09-28 14:25:00,14:24,2026-09-28,funabashi,1,15,三連複,1-7-11,194.0,194.0,45,https://www.keiba.go.jp/KeibaWeb/TodayRaceInfo/Odds3LenFuku?k_babaCode=19&k_raceDate=2026%2F09%2F28&k_raceNo=1
2026-09-28 14:25:00,14:24,2026-09-28,funabashi,1,15,三連複,1-7-12,615.6,615.6,92,https://www.keiba.go.jp/KeibaWeb/TodayRaceInfo/Odds3LenFuku?k_babaCode=19&k_raceDate=2026%2F09%2F28&k_raceNo=1
2026-09-28 14:25:00,14:24,2026-09-28,funabashi,1,15,三連複,1-7-8,126.6,126.6,33,https://www.keiba.go.jp/KeibaWeb/TodayRaceInfo/Odds3LenFuku?k_babaCode=19&k_raceDate=2026%2F09%2F28&k_raceNo=1
2026-09-28 14:25:00,14:24,2026-09-28,funabashi,1,15,三連複,1-7-9,55.6,55.6,17,https://www.keiba.go.jp/KeibaWeb/TodayRaceInfo/Odds3LenFuku?k_babaCode=19&k_raceDate=2026%2F09%2F28&k_raceNo=1
2026-09-28 14:25:00,14:24,2026-09-28,funabashi,1,15,三連複,1-8-10,1050.2,1050.2,119,https://www.keiba.go.jp/KeibaWeb/TodayRaceInfo/Odds3LenFuku?k_babaCode=19&k_raceDate=2026%2F09%2F28&k_raceNo=1
2026-09-28 14:25:00,14:24,2026-09-28,funabashi,1,15,三連複,1-8-11,147.5,147.5,38,https://www.keiba.go.jp/KeibaWeb/TodayRaceInfo/Odds3LenFuku?k_babaCode=19&k_raceDate=2026%2F09%2F28&k_raceNo=1
2026-09-28 14:25:00,14:24,2026-09-28,funabashi,1,15,三連複,1-8-12,396.7,396.7,75,https://www.keiba.go.jp/KeibaWeb/TodayRaceInfo/Odds3LenFuku?k_babaCode=19&k_raceDate=2026%2F09%2F28&k_raceNo=1
2026-09-28 14:25:00,14:24,2026-09-28,funabashi,1,15,三連複,1-8-9,45.8,45.8,15,https://www.keiba.go.jp/KeibaWeb/TodayRaceInfo/Odds3LenFuku?k_babaCode=19&k_raceDate=2026%2F09%2F28&k_raceNo=1
2026-09-28 14:25:00,14:24,2026-09-28,funabashi,1,15,三連複,1-9-10,330.6,330.6,70,https://www.keiba.go.jp/KeibaWeb/TodayRaceInfo/Odds3LenFuku?k_babaCode=19&k_raceDate=2026%2F09%2F28&k_raceNo=1
2026-09-28 14:25:00,14:24,2026-09-28,funabashi,1,15,三連複,1-9-11,75.0,75.0,22,https://www.keiba.go.jp/KeibaWeb/TodayRaceInfo/Odds3LenFuku?k_babaCode=19&k_raceDate=2026%2F09%2F28&k_raceNo=1
2026-09-28 14:25:00,14:24,2026-09-28,funabashi,1,15,三連複,1-9-12,318.8,318.8,69,https://www.keiba.go.jp/KeibaWeb/TodayRaceInfo/Odds3LenFuku?k_babaCode=19&k_raceDate=2026%2F09%2F28&k_raceNo=1
2026-09-28 14:25:00,14:24,2026-09-28,funabashi,1,15,三連複,10-11-12,1115.8,1115.8,122,https://www.keiba.go.jp/KeibaWeb/TodayRaceInfo/Odds3LenFuku?k_babaCode=19&k_raceDate=2026%2F09%2F28&k_raceNo=1
2026-09-28 14:25:00,14:24,2026-09-28,funabashi,1,15,三連複,2-10-11,2550.5,2550.5,176,https://www.keiba.go.jp/KeibaWeb/TodayRaceInfo/Odds3LenFuku?k_babaCode=19&k_raceDate=2026%2F09%2F28&k_raceNo=1
2026-09-28 14:25:00,14:24,2026-09-28,funabashi,1,15,三連複,2-10-12,4463.4,4463.4,200,https://www.keiba.go.jp/KeibaWeb/TodayRaceInfo/Odds3LenFuku?k_babaCode=19&k_raceDate=2026%2F09%2F28&k_raceNo=1
2026-09-28 14:25:00,14:24,2026-09-28,funabashi,1,15,三連複,2-11-12,1275.2,1275.2,133,https://www.keiba.go.jp/KeibaWeb/TodayRaceInfo/Odds3LenFuku?k_babaCode=19&k_raceDate=2026%2F09%2F28&k_raceNo=1
2026-09-28 14:25:00,14:24,2026-09-28,funabashi,1,15,三連複,2-3-10,0.0,0.0,220,https://www.keiba.go.jp/KeibaWeb/TodayRaceInfo/Odds3LenFuku?k_babaCode=19&k_raceDate=2026%2F09%2F28&k_raceNo=1
2026-09-28 14:25:00,14:24,2026-09-28,funabashi,1,15,三連複,2-3-11,2550.5,2550.5,176,https://www.keiba.go.jp/KeibaWeb/TodayRaceInfo/Odds3LenFuku?k_babaCode=19&k_raceDate=2026%2F09%2F28&k_raceNo=1
2026-09-28 14:25:00,14:24,2026-09-28,funabashi,1,15,三連複,2-3-12,2550.5,2550.5,176,https://www.keiba.go.jp/KeibaWeb/TodayRaceInfo/Odds3LenFuku?k_babaCode=19&k_raceDate=2026%2F09%2F28&k_raceNo=1
2026-09-28 14:25:00,14:24,2026-09-28,funabashi,1,15,三連複,2-3-4,3570.7,3570.7,193,https://www.keiba.go.jp/KeibaWeb/TodayRaceInfo/Odds3LenFuku?k_babaCode=19&k_raceDate=2026%2F09%2F28&k_raceNo=1
2026-09-28 14:25:00,14:24,2026-09-28,funabashi,1,15,三連複,2-3-5,615.6,615.6,92,https://www.keiba.go.jp/KeibaWeb/TodayRaceInfo/Odds3LenFuku?k_babaCode=19&k_raceDate=2026%2F09%2F28&k_raceNo=1
2026-09-28 14:25:00,14:24,2026-09-28,funabashi,1,15,三連複,2-3-6,2550.5,2550.5,176,https://www.keiba.go.jp/KeibaWeb/TodayRaceInfo/Odds3LenFuku?k_babaCode=19&k_raceDate=2026%2F09%2F28&k_raceNo=1
2026-09-28 14:25:00,14:24,2026-09-28,funabashi,1,15,三連複,2-3-7,5951.2,5951.2,209,https://www.keiba.go.jp/KeibaWeb/TodayRaceInfo/Odds3LenFuku?k_babaCode=19&k_raceDate=2026%2F09%2F28&k_raceNo=1
2026-09-28 14:25:00,14:24,2026-09-28,funabashi,1,15,三連複,2-3-8,1487.8,1487.8,144,https://www.keiba.go.jp/KeibaWeb/TodayRaceInfo/Odds3LenFuku?k_babaCode=19&k_raceDate=2026%2F09%2F28&k_raceNo=1
2026-09-28 14:25:00,14:24,2026-09-28,funabashi,1,15,三連複,2-3-9,939.6,939.6,116,https://www.keiba.go.jp/KeibaWeb/TodayRaceInfo/Odds3LenFuku?k_babaCode=19&k_raceDate=2026%2F09%2F28&k_raceNo=1
2026-09-28 14:25:00,14:24,2026-09-28,funabashi,1,15,三連複,2-4-10,3570.7,3570.7,193,https://www.keiba.go.jp/KeibaWeb/TodayRaceInfo/Odds3LenFuku?k_babaCode=19&k_raceDate=2026%2F09%2F28&k_raceNo=1
2026-09-28 14:25:00,14:24,2026-09-28,funabashi,1,15,三連複,2-4-11,1785.3,1785.3,154,https://www.keiba.go.jp/KeibaWeb/TodayRaceInfo/Odds3LenFuku?k_babaCode=19&k_raceDate=2026%2F09%2F28&k_raceNo=1
2026-09-28 14:25:00,14:24,2026-09-28,funabashi,1,15,三連複,2-4-12,2975.6,2975.6,185,https://www.keiba.go.jp/KeibaWeb/TodayRaceInfo/Odds3LenFuku?k_babaCode=19&k_raceDate=2026%2F09%2F28&k_raceNo=1
2026-09-28 14:25:00,14:24,2026-09-28,funabashi,1,15,三連複,2-4-5,495.9,495.9,83,https://www.keiba.go.jp/KeibaWeb/TodayRaceInfo/Odds3LenFuku?k_babaCode=19&k_raceDate=2026%2F09%2F28&k_raceNo=1
2026-09-28 14:25:00,14:24,2026-09-28,funabashi,1,15,三連複,2-4-6,3570.7,3570.7,193,https://www.keiba.go.jp/KeibaWeb/TodayRaceInfo/Odds3LenFuku?k_babaCode=19&k_raceDate=2026%2F09%2F28&k_raceNo=1
2026-09-28 14:25:00,14:24,2026-09-28,funabashi,1,15,三連複,2-4-7,811.5,811.5,102,https://www.keiba.go.jp/KeibaWeb/TodayRaceInfo/Odds3LenFuku?k_babaCode=19&k_raceDate=2026%2F09%2F28&k_raceNo=1
2026-09-28 14:25:00,14:24,2026-09-28,funabashi,1,15,三連複,2-4-8,1487.8,1487.8,144,https://www.keiba.go.jp/KeibaWeb/TodayRaceInfo/Odds3LenFuku?k_babaCode=19&k_raceDate=2026%2F09%2F28&k_raceNo=1
2026-09-28 14:25:00,14:24,2026-09-28,funabashi,1,15,三連複,2-4-9,1115.8,1115.8,122,https://www.keiba.go.jp/KeibaWeb/TodayRaceInfo/Odds3LenFuku?k_babaCode=19&k_raceDate=2026%2F09%2F28&k_raceNo=1
2026-09-28 14:25:00,14:24,2026-09-28,funabashi,1,15,三連複,2-5-10,661.2,661.2,96,https://www.keiba.go.jp/KeibaWeb/TodayRaceInfo/Odds3LenFuku?k_babaCode=19&k_raceDate=2026%2F09%2F28&k_raceNo=1
2026-09-28 14:25:00,14:24,2026-09-28,funabashi,1,15,三連複,2-5-11,105.0,105.0,28,https://www.keiba.go.jp/KeibaWeb/TodayRaceInfo/Odds3LenFuku?k_babaCode=19&k_raceDate=2026%2F09%2F28&k_raceNo=1
2026-09-28 14:25:00,14:24,2026-09-28,funabashi,1,15,三連複,2-5-12,350.0,350.0,72,https://www.keiba.go.jp/KeibaWeb/TodayRaceInfo/Odds3LenFuku?k_babaCode=19&k_raceDate=2026%2F09%2F28&k_raceNo=1
2026-09-28 14:25:00,14:24,2026-09-28,funabashi,1,15,三連複,2-5-6,495.9,495.9,83,https://www.keiba.go.jp/KeibaWeb/TodayRaceInfo/Odds3LenFuku?k_babaCode=19&k_raceDate=2026%2F09%2F28&k_raceNo=1
2026-09-28 14:25:00,14:24,2026-09-28,funabashi,1,15,三連複,2-5-7,81.8,81.8,24,https://www.keiba.go.jp/KeibaWeb/TodayRaceInfo/Odds3LenFuku?k_babaCode=19&k_raceDate=2026%2F09%2F28&k_raceNo=1
2026-09-28 14:25:00,14:24,2026-09-28,funabashi,1,15,三連複,2-5-8,81.5,81.5,23,https://www.keiba.go.jp/KeibaWeb/TodayRaceInfo/Odds3LenFuku?k_babaCode=19&k_raceDate=2026%2F09%2F28&k_raceNo=1
2026-09-28 14:25:00,14:24,2026-09-28,funabashi,1,15,三連複,2-5-9,33.2,33.2,11,https://www.keiba.go.jp/KeibaWeb/TodayRaceInfo/Odds3LenFuku?k_babaCode=19&k_raceDate=2026%2F09%2F28&k_raceNo=1
2026-09-28 14:25:00,14:24,2026-09-28,funabashi,1,15,三連複,2-6-10,4463.4,4463.4,200,https://www.keiba.go.jp/KeibaWeb/TodayRaceInfo/Odds3LenFuku?k_babaCode=19&k_raceDate=2026%2F09%2F28&k_raceNo=1
2026-09-28 14:25:00,14:24,2026-09-28,funabashi,1,15,三連複,2-6-11,1785.3,1785.3,154,https://www.keiba.go.jp/KeibaWeb/TodayRaceInfo/Odds3LenFuku?k_babaCode=19&k_raceDate=2026%2F09%2F28&k_raceNo=1
2026-09-28 14:25:00,14:24,2026-09-28,funabashi,1,15,三連複,2-6-12,5951.2,5951.2,209,https://www.keiba.go.jp/KeibaWeb/TodayRaceInfo/Odds3LenFuku?k_babaCode=19&k_raceDate=2026%2F09%2F28&k_raceNo=1
2026-09-28 14:25:00,14:24,2026-09-28,funabashi,1,15,三連複,2-6-7,1487.8,1487.8,144,https://www.keiba.go.jp/KeibaWeb/TodayRaceInfo/Odds3LenFuku?k_babaCode=19&k_raceDate=2026%2F09%2F28&k_raceNo=1
2026-09-28 14:25:00,14:24,2026-09-28,funabashi,1,15,三連複,2-6-8,1115.8,1115.8,122,https://www.keiba.go.jp/KeibaWeb/TodayRaceInfo/Odds3LenFuku?k_babaCode=19&k_raceDate=2026%2F09%2F28&k_raceNo=1
2026-09-28 14:25:00,14:24,2026-09-28,funabashi,1,15,三連複,2-6-9,1115.8,1115.8,122,https://www.keiba.go.jp/KeibaWeb/TodayRaceInfo/Odds3LenFuku?k_babaCode=19&k_raceDate=2026%2F09%2F28&k_raceNo=1
2026-09-28 14:25:00,14:24,2026-09-28,funabashi,1,15,三連複,2-7-10,1983.7,1983.7,162,https://www.keiba.go.jp/KeibaWeb/TodayRaceInfo/Odds3LenFuku?k_babaCode=19&k_raceDate=2026%2F09%2F28&k_raceNo=1
2026-09-28 14:25:00,14:24,2026-09-28,funabashi,1,15,三連複,2-7-11,415.2,415.2,77,https://www.keiba.go.jp/KeibaWeb/TodayRaceInfo/Odds3LenFuku?k_babaCode=19&k_raceDate=2026%2F09%2F28&k_raceNo=1
2026-09-28 14:25:00,14:24,2026-09-28,funabashi,1,15,三連複,2-7-12,2231.7,2231.7,167,https://www.keiba.go.jp/KeibaWeb/TodayRaceInfo/Odds3LenFuku?k_babaCode=19&k_raceDate=2026%2F09%2F28&k_raceNo=1
2026-09-28 14:25:00,14:24,2026-09-28,funabashi,1,15,三連複,2-7-8,435.4,435.4,80,https://www.keiba.go.jp/KeibaWeb/TodayRaceInfo/Odds3LenFuku?k_babaCode=19&k_raceDate=2026%2F09%2F28&k_raceNo=1
2026-09-28 14:25:00,14:24,2026-09-28,funabashi,1,15,三連複,2-7-9,166.8,166.8,43,https://www.keiba.go.jp/KeibaWeb/TodayRaceInfo/Odds3LenFuku?k_babaCode=19&k_raceDate=2026%2F09%2F28&k_raceNo=1
2026-09-28 14:25:00,14:24,2026-09-28,funabashi,1,15,三連複,2-8-10,1623.0,1623.0,151,https://www.keiba.go.jp/KeibaWeb/TodayRaceInfo/Odds3LenFuku?k_babaCode=19&k_raceDate=2026%2F09%2F28&k_raceNo=1
2026-09-28 14:25:00,14:24,2026-09-28,funabashi,1,15,三連複,2-8-11,270.5,270.5,61,https://www.keiba.go.jp/KeibaWeb/TodayRaceInfo/Odds3LenFuku?k_babaCode=19&k_raceDate=2026%2F09%2F28&k_raceNo=1
2026-09-28 14:25:00,14:24,2026-09-28,funabashi,1,15,三連複,2-8-12,1373.3,1373.3,140,https://www.keiba.go.jp/KeibaWeb/TodayRaceInfo/Odds3LenFuku?k_babaCode=19&k_raceDate=2026%2F09%2F28&k_raceNo=1
2026-09-28 14:25:00,14:24,2026-09-28,funabashi,1,15,三連複,2-8-9,145.1,145.1,36,https://www.keiba.go.jp/KeibaWeb/TodayRaceInfo/Odds3LenFuku?k_babaCode=19&k_raceDate=2026%2F09%2F28&k_raceNo=1
2026-09-28 14:25:00,14:24,2026-09-28,funabashi,1,15,三連複,2-9-10,1190.2,1190.2,130,https://www.keiba.go.jp/KeibaWeb/TodayRaceInfo/Odds3LenFuku?k_babaCode=19&k_raceDate=2026%2F09%2F28&k_raceNo=1
2026-09-28 14:25:00,14:24,2026-09-28,funabashi,1,15,三連複,2-9-11,147.5,147.5,38,https://www.keiba.go.jp/KeibaWeb/TodayRaceInfo/Odds3LenFuku?k_babaCode=19&k_raceDate=2026%2F09%2F28&k_raceNo=1
2026-09-28 14:25:00,14:24,2026-09-28,funabashi,1,15,三連複,2-9-12,939.6,939.6,116,https://www.keiba.go.jp/KeibaWeb/TodayRaceInfo/Odds3LenFuku?k_babaCode=19&k_raceDate=2026%2F09%2F28&k_raceNo=1
2026-09-28 14:25:00,14:24,2026-09-28,funabashi,1,15,三連複,3-10-11,4463.4,4463.4,200,https://www.keiba.go.jp/KeibaWeb/TodayRaceInfo/Odds3LenFuku?k_babaCode=19&k_raceDate=2026%2F09%2F28&k_raceNo=1
2026-09-28 14:25:00,14:24,2026-09-28,funabashi,1,15,三連複,3-10-12,1785.3,1785.3,154,https://www.keiba.go.jp/KeibaWeb/TodayRaceInfo/Odds3LenFuku?k_babaCode=19&k_raceDate=2026%2F09%2F28&k_raceNo=1
2026-09-28 14:25:00,14:24,2026-09-28,funabashi,1,15,三連複,3-11-12,1487.8,1487.8,144,https://www.keiba.go.jp/KeibaWeb/TodayRaceInfo/Odds3LenFuku?k_babaCode=19&k_raceDate=2026%2F09%2F28&k_raceNo=1
2026-09-28 14:25:00,14:24,2026-09-28,funabashi,1,15,三連複,3-4-10,5951.2,5951.2,209,https://www.keiba.go.jp/KeibaWeb/TodayRaceInfo/Odds3LenFuku?k_babaCode=19&k_raceDate=2026%2F09%2F28&k_raceNo=1
2026-09-28 14:25:00,14:24,2026-09-28,funabashi,1,15,三連複,3-4-11,3570.7,3570.7,193,https://www.keiba.go.jp/KeibaWeb/TodayRaceInfo/Odds3LenFuku?k_babaCode=19&k_raceDate=2026%2F09%2F28&k_raceNo=1
2026-09-28 14:25:00,14:24,2026-09-28,funabashi,1,15,三連複,3-4-12,17853.8,17853.8,217,https://www.keiba.go.jp/KeibaWeb/TodayRaceInfo/Odds3LenFuku?k_babaCode=19&k_raceDate=2026%2F09%2F28&k_raceNo=1
2026-09-28 14:25:00,14:24,2026-09-28,funabashi,1,15,三連複,3-4-5,1050.2,1050.2,119,https://www.keiba.go.jp/KeibaWeb/TodayRaceInfo/Odds3LenFuku?k_babaCode=19&k_raceDate=2026%2F09%2F28&k_raceNo=1
2026-09-28 14:25:00,14:24,2026-09-28,funabashi,1,15,三連複,3-4-6,3570.7,3570.7,193,https://www.keiba.go.jp/KeibaWeb/TodayRaceInfo/Odds3LenFuku?k_babaCode=19&k_raceDate=2026%2F09%2F28&k_raceNo=1
2026-09-28 14:25:00,14:24,2026-09-28,funabashi,1,15,三連複,3-4-7,2550.5,2550.5,176,https://www.keiba.go.jp/KeibaWeb/TodayRaceInfo/Odds3LenFuku?k_babaCode=19&k_raceDate=2026%2F09%2F28&k_raceNo=1
2026-09-28 14:25:00,14:24,2026-09-28,funabashi,1,15,三連複,3-4-8,2231.7,2231.7,167,https://www.keiba.go.jp/KeibaWeb/TodayRaceInfo/Odds3LenFuku?k_babaCode=19&k_raceDate=2026%2F09%2F28&k_raceNo=1
2026-09-28 14:25:00,14:24,2026-09-28,funabashi,1,15,三連複,3-4-9,1983.7,1983.7,162,https://www.keiba.go.jp/KeibaWeb/TodayRaceInfo/Odds3LenFuku?k_babaCode=19&k_raceDate=2026%2F09%2F28&k_raceNo=1
2026-09-28 14:25:00,14:24,2026-09-28,funabashi,1,15,三連複,3-5-10,1115.8,1115.8,122,https://www.keiba.go.jp/KeibaWeb/TodayRaceInfo/Odds3LenFuku?k_babaCode=19&k_raceDate=2026%2F09%2F28&k_raceNo=1
2026-09-28 14:25:00,14:24,2026-09-28,funabashi,1,15,三連複,3-5-11,251.4,251.4,55,https://www.keiba.go.jp/KeibaWeb/TodayRaceInfo/Odds3LenFuku?k_babaCode=19&k_raceDate=2026%2F09%2F28&k_raceNo=1
2026-09-28 14:25:00,14:24,2026-09-28,funabashi,1,15,三連複,3-5-12,811.5,811.5,102,https://www.keiba.go.jp/KeibaWeb/TodayRaceInfo/Odds3LenFuku?k_babaCode=19&k_raceDate=2026%2F09%2F28&k_raceNo=1
2026-09-28 14:25:00,14:24,2026-09-28,funabashi,1,15,三連複,3-5-6,811.5,811.5,102,https://www.keiba.go.jp/KeibaWeb/TodayRaceInfo/Odds3LenFuku?k_babaCode=19&k_raceDate=2026%2F09%2F28&k_raceNo=1
2026-09-28 14:25:00,14:24,2026-09-28,funabashi,1,15,三連複,3-5-7,152.5,152.5,40,https://www.keiba.go.jp/KeibaWeb/TodayRaceInfo/Odds3LenFuku?k_babaCode=19&k_raceDate=2026%2F09%2F28&k_raceNo=1
2026-09-28 14:25:00,14:24,2026-09-28,funabashi,1,15,三連複,3-5-8,178.5,178.5,44,https://www.keiba.go.jp/KeibaWeb/TodayRaceInfo/Odds3LenFuku?k_babaCode=19&k_raceDate=2026%2F09%2F28&k_raceNo=1
2026-09-28 14:25:00,14:24,2026-09-28,funabashi,1,15,三連複,3-5-9,61.7,61.7,20,https://www.keiba.go.jp/KeibaWeb/TodayRaceInfo/Odds3LenFuku?k_babaCode=19&k_raceDate=2026%2F09%2F28&k_raceNo=1
2026-09-28 14:25:00,14:24,2026-09-28,funabashi,1,15,三連複,3-6-10,4463.4,4463.4,200,https://www.keiba.go.jp/KeibaWeb/TodayRaceInfo/Odds3LenFuku?k_babaCode=19&k_raceDate=2026%2F09%2F28&k_raceNo=1
2026-09-28 14:25:00,14:24,2026-09-28,funabashi,1,15,三連複,3-6-11,2550.5,2550.5,176,https://www.keiba.go.jp/KeibaWeb/TodayRaceInfo/Odds3LenFuku?k_babaCode=19&k_raceDate=2026%2F09%2F28&k_raceNo=1
2026-09-28 14:25:00,14:24,2026-09-28,funabashi,1,15,三連複,3-6-12,17853.8,17853.8,217,https://www.keiba.go.jp/KeibaWeb/TodayRaceInfo/Odds3LenFuku?k_babaCode=19&k_raceDate=2026%2F09%2F28&k_raceNo=1
2026-09-28 14:25:00,14:24,2026-09-28,funabashi,1,15,三連複,3-6-7,2231.7,2231.7,167,https://www.keiba.go.jp/KeibaWeb/TodayRaceInfo/Odds3LenFuku?k_babaCode=19&k_raceDate=2026%2F09%2F28&k_raceNo=1
2026-09-28 14:25:00,14:24,2026-09-28,funabashi,1,15,三連複,3-6-8,1373.3,1373.3,140,https://www.keiba.go.jp/KeibaWeb/TodayRaceInfo/Odds3LenFuku?k_babaCode=19&k_raceDate=2026%2F09%2F28&k_raceNo=1
2026-09-28 14:25:00,14:24,2026-09-28,funabashi,1,15,三連複,3-6-9,850.1,850.1,107,https://www.keiba.go.jp/KeibaWeb/TodayRaceInfo/Odds3LenFuku?k_babaCode=19&k_raceDate=2026%2F09%2F28&k_raceNo=1
2026-09-28 14:25:00,14:24,2026-09-28,funabashi,1,15,三連複,3-7-10,1487.8,1487.8,144,https://www.keiba.go.jp/KeibaWeb/TodayRaceInfo/Odds3LenFuku?k_babaCode=19&k_raceDate=2026%2F09%2F28&k_raceNo=1
2026-09-28 14:25:00,14:24,2026-09-28,funabashi,1,15,三連複,3-7-11,1275.2,1275.2,133,https://www.keiba.go.jp/KeibaWeb/TodayRaceInfo/Odds3LenFuku?k_babaCode=19&k_raceDate=2026%2F09%2F28&k_raceNo=1
2026-09-28 14:25:00,14:24,2026-09-28,funabashi,1,15,三連複,3-7-12,2975.6,2975.6,185,https://www.keiba.go.jp/KeibaWeb/TodayRaceInfo/Odds3LenFuku?k_babaCode=19&k_raceDate=2026%2F09%2F28&k_raceNo=1
2026-09-28 14:25:00,14:24,2026-09-28,funabashi,1,15,三連複,3-7-8,637.6,637.6,95,https://www.keiba.go.jp/KeibaWeb/TodayRaceInfo/Odds3LenFuku?k_babaCode=19&k_raceDate=2026%2F09%2F28&k_raceNo=1
2026-09-28 14:25:00,14:24,2026-09-28,funabashi,1,15,三連複,3-7-9,336.8,336.8,71,https://www.keiba.go.jp/KeibaWeb/TodayRaceInfo/Odds3LenFuku?k_babaCode=19&k_raceDate=2026%2F09%2F28&k_raceNo=1
2026-09-28 14:25:00,14:24,2026-09-28,funabashi,1,15,三連複,3-8-10,2231.7,2231.7,167,https://www.keiba.go.jp/KeibaWeb/TodayRaceInfo/Odds3LenFuku?k_babaCode=19&k_raceDate=2026%2F09%2F28&k_raceNo=1
2026-09-28 14:25:00,14:24,2026-09-28,funabashi,1,15,三連複,3-8-11,850.1,850.1,107,https://www.keiba.go.jp/KeibaWeb/TodayRaceInfo/Odds3LenFuku?k_babaCode=19&k_raceDate=2026%2F09%2F28&k_raceNo=1
2026-09-28 14:25:00,14:24,2026-09-28,funabashi,1,15,三連複,3-8-12,1373.3,1373.3,140,https://www.keiba.go.jp/KeibaWeb/TodayRaceInfo/Odds3LenFuku?k_babaCode=19&k_raceDate=2026%2F09%2F28&k_raceNo=1
2026-09-28 14:25:00,14:24,2026-09-28,funabashi,1,15,三連複,3-8-9,217.7,217.7,48,https://www.keiba.go.jp/KeibaWeb/TodayRaceInfo/Odds3LenFuku?k_babaCode=19&k_raceDate=2026%2F09%2F28&k_raceNo=1
2026-09-28 14:25:00,14:24,2026-09-28,funabashi,1,15,三連複,3-9-10,2975.6,2975.6,185,https://www.keiba.go.jp/KeibaWeb/TodayRaceInfo/Odds3LenFuku?k_babaCode=19&k_raceDate=2026%2F09%2F28&k_raceNo=1
2026-09-28 14:25:00,14:24,2026-09-28,funabashi,1,15,三連複,3-9-11,457.7,457.7,81,https://www.keiba.go.jp/KeibaWeb/TodayRaceInfo/Odds3LenFuku?k_babaCode=19&k_raceDate=2026%2F09%2F28&k_raceNo=1
2026-09-28 14:25:00,14:24,2026-09-28,funabashi,1,15,三連複,3-9-12,686.6,686.6,98,https://www.keiba.go.jp/KeibaWeb/TodayRaceInfo/Odds3LenFuku?k_babaCode=19&k_raceDate=2026%2F09%2F28&k_raceNo=1
2026-09-28 14:25:00,14:24,2026-09-28,funabashi,1,15,三連複,4-10-11,3570.7,3570.7,193,https://www.keiba.go.jp/KeibaWeb/TodayRaceInfo/Odds3LenFuku?k_babaCode=19&k_raceDate=2026%2F09%2F28&k_raceNo=1
2026-09-28 14:25:00,14:24,2026-09-28,funabashi,1,15,三連複,4-10-12,3570.7,3570.7,193,https://www.keiba.go.jp/KeibaWeb/TodayRaceInfo/Odds3LenFuku?k_babaCode=19&k_raceDate=2026%2F09%2F28&k_raceNo=1
2026-09-28 14:25:00,14:24,2026-09-28,funabashi,1,15,三連複,4-11-12,1785.3,1785.3,154,https://www.keiba.go.jp/KeibaWeb/TodayRaceInfo/Odds3LenFuku?k_babaCode=19&k_raceDate=2026%2F09%2F28&k_raceNo=1
2026-09-28 14:25:00,14:24,2026-09-28,funabashi,1,15,三連複,4-5-10,1785.3,1785.3,154,https://www.keiba.go.jp/KeibaWeb/TodayRaceInfo/Odds3LenFuku?k_babaCode=19&k_raceDate=2026%2F09%2F28&k_raceNo=1
2026-09-28 14:25:00,14:24,2026-09-28,funabashi,1,15,三連複,4-5-11,278.9,278.9,62,https://www.keiba.go.jp/KeibaWeb/TodayRaceInfo/Odds3LenFuku?k_babaCode=19&k_raceDate=2026%2F09%2F28&k_raceNo=1
2026-09-28 14:25:00,14:24,2026-09-28,funabashi,1,15,三連複,4-5-12,1275.2,1275.2,133,https://www.keiba.go.jp/KeibaWeb/TodayRaceInfo/Odds3LenFuku?k_babaCode=19&k_raceDate=2026%2F09%2F28&k_raceNo=1
2026-09-28 14:25:00,14:24,2026-09-28,funabashi,1,15,三連複,4-5-6,1115.8,1115.8,122,https://www.keiba.go.jp/KeibaWeb/TodayRaceInfo/Odds3LenFuku?k_babaCode=19&k_raceDate=2026%2F09%2F28&k_raceNo=1
2026-09-28 14:25:00,14:24,2026-09-28,funabashi,1,15,三連複,4-5-7,223.1,223.1,51,https://www.keiba.go.jp/KeibaWeb/TodayRaceInfo/Odds3LenFuku?k_babaCode=19&k_raceDate=2026%2F09%2F28&k_raceNo=1
2026-09-28 14:25:00,14:24,2026-09-28,funabashi,1,15,三連複,4-5-8,145.1,145.1,36,https://www.keiba.go.jp/KeibaWeb/TodayRaceInfo/Odds3LenFuku?k_babaCode=19&k_raceDate=2026%2F09%2F28&k_raceNo=1
2026-09-28 14:25:00,14:24,2026-09-28,funabashi,1,15,三連複,4-5-9,61.9,61.9,21,https://www.keiba.go.jp/KeibaWeb/TodayRaceInfo/Odds3LenFuku?k_babaCode=19&k_raceDate=2026%2F09%2F28&k_raceNo=1
2026-09-28 14:25:00,14:24,2026-09-28,funabashi,1,15,三連複,4-6-10,4463.4,4463.4,200,https://www.keiba.go.jp/KeibaWeb/TodayRaceInfo/Odds3LenFuku?k_babaCode=19&k_raceDate=2026%2F09%2F28&k_raceNo=1
2026-09-28 14:25:00,14:24,2026-09-28,funabashi,1,15,三連複,4-6-11,2231.7,2231.7,167,https://www.keiba.go.jp/KeibaWeb/TodayRaceInfo/Odds3LenFuku?k_babaCode=19&k_raceDate=2026%2F09%2F28&k_raceNo=1
2026-09-28 14:25:00,14:24,2026-09-28,funabashi,1,15,三連複,4-6-12,17853.8,17853.8,217,https://www.keiba.go.jp/KeibaWeb/TodayRaceInfo/Odds3LenFuku?k_babaCode=19&k_raceDate=2026%2F09%2F28&k_raceNo=1
2026-09-28 14:25:00,14:24,2026-09-28,funabashi,1,15,三連複,4-6-7,2231.7,2231.7,167,https://www.keiba.go.jp/KeibaWeb/TodayRaceInfo/Odds3LenFuku?k_babaCode=19&k_raceDate=2026%2F09%2F28&k_raceNo=1
2026-09-28 14:25:00,14:24,2026-09-28,funabashi,1,15,三連複,4-6-8,1487.8,1487.8,144,https://www.keiba.go.jp/KeibaWeb/TodayRaceInfo/Odds3LenFuku?k_babaCode=19&k_raceDate=2026%2F09%2F28&k_raceNo=1
2026-09-28 14:25:00,14:24,2026-09-28,funabashi,1,15,三連複,4-6-9,1623.0,1623.0,151,https://www.keiba.go.jp/KeibaWeb/TodayRaceInfo/Odds3LenFuku?k_babaCode=19&k_raceDate=2026%2F09%2F28&k_raceNo=1
2026-09-28 14:25:00,14:24,2026-09-28,funabashi,1,15,三連複,4-7-10,5951.2,5951.2,209,https://www.keiba.go.jp/KeibaWeb/TodayRaceInfo/Odds3LenFuku?k_babaCode=19&k_raceDate=2026%2F09%2F28&k_raceNo=1
2026-09-28 14:25:00,14:24,2026-09-28,funabashi,1,15,三連複,4-7-11,686.6,686.6,98,https://www.keiba.go.jp/KeibaWeb/TodayRaceInfo/Odds3LenFuku?k_babaCode=19&k_raceDate=2026%2F09%2F28&k_raceNo=1
2026-09-28 14:25:00,14:24,2026-09-28,funabashi,1,15,三連複,4-7-12,2975.6,2975.6,185,https://www.keiba.go.jp/KeibaWeb/TodayRaceInfo/Odds3LenFuku?k_babaCode=19&k_raceDate=2026%2F09%2F28&k_raceNo=1
2026-09-28 14:25:00,14:24,2026-09-28,funabashi,1,15,三連複,4-7-8,892.6,892.6,111,https://www.keiba.go.jp/KeibaWeb/TodayRaceInfo/Odds3LenFuku?k_babaCode=19&k_raceDate=2026%2F09%2F28&k_raceNo=1
2026-09-28 14:25:00,14:24,2026-09-28,funabashi,1,15,三連複,4-7-9,307.8,307.8,66,https://www.keiba.go.jp/KeibaWeb/TodayRaceInfo/Odds3LenFuku?k_babaCode=19&k_raceDate=2026%2F09%2F28&k_raceNo=1
2026-09-28 14:25:00,14:24,2026-09-28,funabashi,1,15,三連複,4-8-10,2231.7,2231.7,167,https://www.keiba.go.jp/KeibaWeb/TodayRaceInfo/Odds3LenFuku?k_babaCode=19&k_raceDate=2026%2F09%2F28&k_raceNo=1
2026-09-28 14:25:00,14:24,2026-09-28,funabashi,1,15,三連複,4-8-11,686.6,686.6,98,https://www.keiba.go.jp/KeibaWeb/TodayRaceInfo/Odds3LenFuku?k_babaCode=19&k_raceDate=2026%2F09%2F28&k_raceNo=1
2026-09-28 14:25:00,14:24,2026-09-28,funabashi,1,15,三連複,4-8-12,2550.5,2550.5,176,https://www.keiba.go.jp/KeibaWeb/TodayRaceInfo/Odds3LenFuku?k_babaCode=19&k_raceDate=2026%2F09%2F28&k_raceNo=1
2026-09-28 14:25:00,14:24,2026-09-28,funabashi,1,15,三連複,4-8-9,258.7,258.7,58,https://www.keiba.go.jp/KeibaWeb/TodayRaceInfo/Odds3LenFuku?k_babaCode=19&k_raceDate=2026%2F09%2F28&k_raceNo=1
2026-09-28 14:25:00,14:24,2026-09-28,funabashi,1,15,三連複,4-9-10,2975.6,2975.6,185,https://www.keiba.go.jp/KeibaWeb/TodayRaceInfo/Odds3LenFuku?k_babaCode=19&k_raceDate=2026%2F09%2F28&k_raceNo=1
2026-09-28 14:25:00,14:24,2026-09-28,funabashi,1,15,三連複,4-9-11,302.6,302.6,65,https://www.keiba.go.jp/KeibaWeb/TodayRaceInfo/Odds3LenFuku?k_babaCode=19&k_raceDate=2026%2F09%2F28&k_raceNo=1
2026-09-28 14:25:00,14:24,2026-09-28,funabashi,1,15,三連複,4-9-12,1275.2,1275.2,133,https://www.keiba.go.jp/KeibaWeb/TodayRaceInfo/Odds3LenFuku?k_babaCode=19&k_raceDate=2026%2F09%2F28&k_raceNo=1
2026-09-28 14:25:00,14:24,2026-09-28,funabashi,1,15,三連複,5-10-11,313.2,313.2,67,https://www.keiba.go.jp/KeibaWeb/TodayRaceInfo/Odds3LenFuku?k_babaCode=19&k_raceDate=2026%2F09%2F28&k_raceNo=1
2026-09-28 14:25:00,14:24,2026-09-28,funabashi,1,15,三連複,5-10-12,776.2,776.2,101,https://www.keiba.go.jp/KeibaWeb/TodayRaceInfo/Odds3LenFuku?k_babaCode=19&k_raceDate=2026%2F09%2F28&k_raceNo=1
2026-09-28 14:25:00,14:24,2026-09-28,funabashi,1,15,三連複,5-11-12,155.2,155.2,42,https://www.keiba.go.jp/KeibaWeb/TodayRaceInfo/Odds3LenFuku?k_babaCode=19&k_raceDate=2026%2F09%2F28&k_raceNo=1
2026-09-28 14:25:00,14:24,2026-09-28,funabashi,1,15,三連複,5-6-10,1487.8,1487.8,144,https://www.keiba.go.jp/KeibaWeb/TodayRaceInfo/Odds3LenFuku?k_babaCode=19&k_raceDate=2026%2F09%2F28&k_raceNo=1
2026-09-28 14:25:00,14:24,2026-09-28,funabashi,1,15,三連複,5-6-11,212.5,212.5,47,https://www.keiba.go.jp/KeibaWeb/TodayRaceInfo/Odds3LenFuku?k_babaCode=19&k_raceDate=2026%2F09%2F28&k_raceNo=1
2026-09-28 14:25:00,14:24,2026-09-28,funabashi,1,15,三連複,5-6-12,811.5,811.5,102,https://www.keiba.go.jp/KeibaWeb/TodayRaceInfo/Odds3LenFuku?k_babaCode=19&k_raceDate=2026%2F09%2F28&k_raceNo=1
2026-09-28 14:25:00,14:24,2026-09-28,funabashi,1,15,三連複,5-6-7,138.4,138.4,35,https://www.keiba.go.jp/KeibaWeb/TodayRaceInfo/Odds3LenFuku?k_babaCode=19&k_raceDate=2026%2F09%2F28&k_raceNo=1
2026-09-28 14:25:00,14:24,2026-09-28,funabashi,1,15,三連複,5-6-8,119.0,119.0,31,https://www.keiba.go.jp/KeibaWeb/TodayRaceInfo/Odds3LenFuku?k_babaCode=19&k_raceDate=2026%2F09%2F28&k_raceNo=1
2026-09-28 14:25:00,14:24,2026-09-28,funabashi,1,15,三連複,5-6-9,58.7,58.7,18,https://www.keiba.go.jp/KeibaWeb/TodayRaceInfo/Odds3LenFuku?k_babaCode=19&k_raceDate=2026%2F09%2F28&k_raceNo=1
2026-09-28 14:25:00,14:24,2026-09-28,funabashi,1,15,三連複,5-7-10,220.4,220.4,49,https://www.keiba.go.jp/KeibaWeb/TodayRaceInfo/Odds3LenFuku?k_babaCode=19&k_raceDate=2026%2F09%2F28&k_raceNo=1
2026-09-28 14:25:00,14:24,2026-09-28,funabashi,1,15,三連複,5-7-11,25.3,25.3,6,https://www.keiba.go.jp/KeibaWeb/TodayRaceInfo/Odds3LenFuku?k_babaCode=19&k_raceDate=2026%2F09%2F28&k_raceNo=1
2026-09-28 14:25:00,14:24,2026-09-28,funabashi,1,15,三連複,5-7-12,87.9,87.9,25,https://www.keiba.go.jp/KeibaWeb/TodayRaceInfo/Odds3LenFuku?k_babaCode=19&k_raceDate=2026%2F09%2F28&k_raceNo=1
2026-09-28 14:25:00,14:24,2026-09-28,funabashi,1,15,三連複,5-7-8,22.2,22.2,5,https://www.keiba.go.jp/KeibaWeb/TodayRaceInfo/Odds3LenFuku?k_babaCode=19&k_raceDate=2026%2F09%2F28&k_raceNo=1
2026-09-28 14:25:00,14:24,2026-09-28,funabashi,1,15,三連複,5-7-9,5.4,5.4,1,https://www.keiba.go.jp/KeibaWeb/TodayRaceInfo/Odds3LenFuku?k_babaCode=19&k_raceDate=2026%2F09%2F28&k_raceNo=1
2026-09-28 14:25:00,14:24,2026-09-28,funabashi,1,15,三連複,5-8-10,152.5,152.5,40,https://www.keiba.go.jp/KeibaWeb/TodayRaceInfo/Odds3LenFuku?k_babaCode=19&k_raceDate=2026%2F09%2F28&k_raceNo=1
2026-09-28 14:25:00,14:24,2026-09-28,funabashi,1,15,三連複,5-8-11,25.5,25.5,7,https://www.keiba.go.jp/KeibaWeb/TodayRaceInfo/Odds3LenFuku?k_babaCode=19&k_raceDate=2026%2F09%2F28&k_raceNo=1
2026-09-28 14:25:00,14:24,2026-09-28,funabashi,1,15,三連複,5-8-12,129.3,129.3,34,https://www.keiba.go.jp/KeibaWeb/TodayRaceInfo/Odds3LenFuku?k_babaCode=19&k_raceDate=2026%2F09%2F28&k_raceNo=1
2026-09-28 14:25:00,14:24,2026-09-28,funabashi,1,15,三連複,5-8-9,7.7,7.7,2,https://www.keiba.go.jp/KeibaWeb/TodayRaceInfo/Odds3LenFuku?k_babaCode=19&k_raceDate=2026%2F09%2F28&k_raceNo=1
2026-09-28 14:25:00,14:24,2026-09-28,funabashi,1,15,三連複,5-9-10,61.1,61.1,19,https://www.keiba.go.jp/KeibaWeb/TodayRaceInfo/Odds3LenFuku?k_babaCode=19&k_raceDate=2026%2F09%2F28&k_raceNo=1
2026-09-28 14:25:00,14:24,2026-09-28,funabashi,1,15,三連複,5-9-11,9.4,9.4,3,https://www.keiba.go.jp/KeibaWeb/TodayRaceInfo/Odds3LenFuku?k_babaCode=19&k_raceDate=2026%2F09%2F28&k_raceNo=1
2026-09-28 14:25:00,14:24,2026-09-28,funabashi,1,15,三連複,5-9-12,33.1,33.1,10,https://www.keiba.go.jp/KeibaWeb/TodayRaceInfo/Odds3LenFuku?k_babaCode=19&k_raceDate=2026%2F09%2F28&k_raceNo=1
2026-09-28 14:25:00,14:24,2026-09-28,funabashi,1,15,三連複,6-10-11,1983.7,1983.7,162,https://www.keiba.go.jp/KeibaWeb/TodayRaceInfo/Odds3LenFuku?k_babaCode=19&k_raceDate=2026%2F09%2F28&k_raceNo=1
2026-09-28 14:25:00,14:24,2026-09-28,funabashi,1,15,三連複,6-10-12,5951.2,5951.2,209,https://www.keiba.go.jp/KeibaWeb/TodayRaceInfo/Odds3LenFuku?k_babaCode=19&k_raceDate=2026%2F09%2F28&k_raceNo=1
2026-09-28 14:25:00,14:24,2026-09-28,funabashi,1,15,三連複,6-11-12,2975.6,2975.6,185,https://www.keiba.go.jp/KeibaWeb/TodayRaceInfo/Odds3LenFuku?k_babaCode=19&k_raceDate=2026%2F09%2F28&k_raceNo=1
2026-09-28 14:25:00,14:24,2026-09-28,funabashi,1,15,三連複,6-7-10,2550.5,2550.5,176,https://www.keiba.go.jp/KeibaWeb/TodayRaceInfo/Odds3LenFuku?k_babaCode=19&k_raceDate=2026%2F09%2F28&k_raceNo=1
2026-09-28 14:25:00,14:24,2026-09-28,funabashi,1,15,三連複,6-7-11,892.6,892.6,111,https://www.keiba.go.jp/KeibaWeb/TodayRaceInfo/Odds3LenFuku?k_babaCode=19&k_raceDate=2026%2F09%2F28&k_raceNo=1
2026-09-28 14:25:00,14:24,2026-09-28,funabashi,1,15,三連複,6-7-12,2975.6,2975.6,185,https://www.keiba.go.jp/KeibaWeb/TodayRaceInfo/Odds3LenFuku?k_babaCode=19&k_raceDate=2026%2F09%2F28&k_raceNo=1
2026-09-28 14:25:00,14:24,2026-09-28,funabashi,1,15,三連複,6-7-8,510.1,510.1,86,https://www.keiba.go.jp/KeibaWeb/TodayRaceInfo/Odds3LenFuku?k_babaCode=19&k_raceDate=2026%2F09%2F28&k_raceNo=1
2026-09-28 14:25:00,14:24,2026-09-28,funabashi,1,15,三連複,6-7-9,228.8,228.8,52,https://www.keiba.go.jp/KeibaWeb/TodayRaceInfo/Odds3LenFuku?k_babaCode=19&k_raceDate=2026%2F09%2F28&k_raceNo=1
2026-09-28 14:25:00,14:24,2026-09-28,funabashi,1,15,三連複,6-8-10,2231.7,2231.7,167,https://www.keiba.go.jp/KeibaWeb/TodayRaceInfo/Odds3LenFuku?k_babaCode=19&k_raceDate=2026%2F09%2F28&k_raceNo=1
2026-09-28 14:25:00,14:24,2026-09-28,funabashi,1,15,三連複,6-8-11,595.1,595.1,90,https://www.keiba.go.jp/KeibaWeb/TodayRaceInfo/Odds3LenFuku?k_babaCode=19&k_raceDate=2026%2F09%2F28&k_raceNo=1
2026-09-28 14:25:00,14:24,2026-09-28,funabashi,1,15,三連複,6-8-12,5951.2,5951.2,209,https://www.keiba.go.jp/KeibaWeb/TodayRaceInfo/Odds3LenFuku?k_babaCode=19&k_raceDate=2026%2F09%2F28&k_raceNo=1
2026-09-28 14:25:00,14:24,2026-09-28,funabashi,1,15,三連複,6-8-9,231.8,231.8,53,https://www.keiba.go.jp/KeibaWeb/TodayRaceInfo/Odds3LenFuku?k_babaCode=19&k_raceDate=2026%2F09%2F28&k_raceNo=1
2026-09-28 14:25:00,14:24,2026-09-28,funabashi,1,15,三連複,6-9-10,4463.4,4463.4,200,https://www.keiba.go.jp/KeibaWeb/TodayRaceInfo/Odds3LenFuku?k_babaCode=19&k_raceDate=2026%2F09%2F28&k_raceNo=1
2026-09-28 14:25:00,14:24,2026-09-28,funabashi,1,15,三連複,6-9-11,313.2,313.2,67,https://www.keiba.go.jp/KeibaWeb/TodayRaceInfo/Odds3LenFuku?k_babaCode=19&k_raceDate=2026%2F09%2F28&k_raceNo=1
2026-09-28 14:25:00,14:24,2026-09-28,funabashi,1,15,三連複,6-9-12,4463.4,4463.4,200,https://www.keiba.go.jp/KeibaWeb/TodayRaceInfo/Odds3LenFuku?k_babaCode=19&k_raceDate=2026%2F09%2F28&k_raceNo=1
2026-09-28 14:25:00,14:24,2026-09-28,funabashi,1,15,三連複,7-10-11,661.2,661.2,96,https://www.keiba.go.jp/KeibaWeb/TodayRaceInfo/Odds3LenFuku?k_babaCode=19&k_raceDate=2026%2F09%2F28&k_raceNo=1
2026-09-28 14:25:00,14:24,2026-09-28,funabashi,1,15,三連複,7-10-12,1983.7,1983.7,162,https://www.keiba.go.jp/KeibaWeb/TodayRaceInfo/Odds3LenFuku?k_babaCode=19&k_raceDate=2026%2F09%2F28&k_raceNo=1
2026-09-28 14:25:00,14:24,2026-09-28,funabashi,1,15,三連複,7-11-12,405.7,405.7,76,https://www.keiba.go.jp/KeibaWeb/TodayRaceInfo/Odds3LenFuku?k_babaCode=19&k_raceDate=2026%2F09%2F28&k_raceNo=1
2026-09-28 14:25:00,14:24,2026-09-28,funabashi,1,15,三連複,7-8-10,811.5,811.5,102,https://www.keiba.go.jp/KeibaWeb/TodayRaceInfo/Odds3LenFuku?k_babaCode=19&k_raceDate=2026%2F09%2F28&k_raceNo=1
2026-09-28 14:25:00,14:24,2026-09-28,funabashi,1,15,三連複,7-8-11,89.2,89.2,26,https://www.keiba.go.jp/KeibaWeb/TodayRaceInfo/Odds3LenFuku?k_babaCode=19&k_raceDate=2026%2F09%2F28&k_raceNo=1
2026-09-28 14:25:00,14:24,2026-09-28,funabashi,1,15,三連複,7-8-12,415.2,415.2,77,https://www.keiba.go.jp/KeibaWeb/TodayRaceInfo/Odds3LenFuku?k_babaCode=19&k_raceDate=2026%2F09%2F28&k_raceNo=1
2026-09-28 14:25:00,14:24,2026-09-28,funabashi,1,15,三連複,7-8-9,27.2,27.2,8,https://www.keiba.go.jp/KeibaWeb/TodayRaceInfo/Odds3LenFuku?k_babaCode=19&k_raceDate=2026%2F09%2F28&k_raceNo=1
2026-09-28 14:25:00,14:24,2026-09-28,funabashi,1,15,三連複,7-9-10,234.9,234.9,54,https://www.keiba.go.jp/KeibaWeb/TodayRaceInfo/Odds3LenFuku?k_babaCode=19&k_raceDate=2026%2F09%2F28&k_raceNo=1
2026-09-28 14:25:00,14:24,2026-09-28,funabashi,1,15,三連複,7-9-11,33.5,33.5,12,https://www.keiba.go.jp/KeibaWeb/TodayRaceInfo/Odds3LenFuku?k_babaCode=19&k_raceDate=2026%2F09%2F28&k_raceNo=1
2026-09-28 14:25:00,14:24,2026-09-28,funabashi,1,15,三連複,7-9-12,94.9,94.9,27,https://www.keiba.go.jp/KeibaWeb/TodayRaceInfo/Odds3LenFuku?k_babaCode=19&k_raceDate=2026%2F09%2F28&k_raceNo=1
2026-09-28 14:25:00,14:24,2026-09-28,funabashi,1,15,三連複,8-10-11,388.1,388.1,74,https://www.keiba.go.jp/KeibaWeb/TodayRaceInfo/Odds3LenFuku?k_babaCode=19&k_raceDate=2026%2F09%2F28&k_raceNo=1
2026-09-28 14:25:00,14:24,2026-09-28,funabashi,1,15,三連複,8-10-12,850.1,850.1,107,https://www.keiba.go.jp/KeibaWeb/TodayRaceInfo/Odds3LenFuku?k_babaCode=19&k_raceDate=2026%2F09%2F28&k_raceNo=1
2026-09-28 14:25:00,14:24,2026-09-28,funabashi,1,15,三連複,8-11-12,262.5,262.5,59,https://www.keiba.go.jp/KeibaWeb/TodayRaceInfo/Odds3LenFuku?k_babaCode=19&k_raceDate=2026%2F09%2F28&k_raceNo=1
2026-09-28 14:25:00,14:24,2026-09-28,funabashi,1,15,三連複,8-9-10,210.0,210.0,46,https://www.keiba.go.jp/KeibaWeb/TodayRaceInfo/Odds3LenFuku?k_babaCode=19&k_raceDate=2026%2F09%2F28&k_raceNo=1
2026-09-28 14:25:00,14:24,2026-09-28,funabashi,1,15,三連複,8-9-11,29.1,29.1,9,https://www.keiba.go.jp/KeibaWeb/TodayRaceInfo/Odds3LenFuku?k_babaCode=19&k_raceDate=2026%2F09%2F28&k_raceNo=1
2026-09-28 14:25:00,14:24,2026-09-28,funabashi,1,15,三連複,8-9-12,110.2,110.2,29,https://www.keiba.go.jp/KeibaWeb/TodayRaceInfo/Odds3LenFuku?k_babaCode=19&k_raceDate=2026%2F09%2F28&k_raceNo=1
2026-09-28 14:25:00,14:24,2026-09-28,funabashi,1,15,三連複,9-10-11,287.9,287.9,63,https://www.keiba.go.jp/KeibaWeb/TodayRaceInfo/Odds3LenFuku?k_babaCode=19&k_raceDate=2026%2F09%2F28&k_raceNo=1
2026-09-28 14:25:00,14:24,2026-09-28,funabashi,1,15,三連複,9-10-12,892.6,892.6,111,https://www.keiba.go.jp/KeibaWeb/TodayRaceInfo/Odds3LenFuku?k_babaCode=19&k_raceDate=2026%2F09%2F28&k_raceNo=1
2026-09-28 14:25:00,14:24,2026-09-28,funabashi,1,15,三連複,9-11-12,123.1,123.1,32,https://www.keiba.go.jp/KeibaWeb/TodayRaceInfo/Odds3LenFuku?k_babaCode=19&k_raceDate=2026%2F09%2F28&k_raceNo=1
2026-09-28 14:25:00,14:24,2026-09-28,funabashi,1,15,馬連,1-10,598.7,598.7,52,https://www.keiba.go.jp/KeibaWeb/TodayRaceInfo/OddsUmLenFuku?k_babaCode=19&k_raceDate=2026%2F09%2F28&k_raceNo=1
2026-09-28 14:25:00,14:24,2026-09-28,funabashi,1,15,馬連,1-11,106.6,106.6,24,https://www.keiba.go.jp/KeibaWeb/TodayRaceInfo/OddsUmLenFuku?k_babaCode=19&k_raceDate=2026%2F09%2F28&k_raceNo=1
2026-09-28 14:25:00,14:24,2026-09-28,funabashi,1,15,馬連,1-12,138.9,138.9,29,https://www.keiba.go.jp/KeibaWeb/TodayRaceInfo/OddsUmLenFuku?k_babaCode=19&k_raceDate=2026%2F09%2F28&k_raceNo=1
2026-09-28 14:25:00,14:24,2026-09-28,funabashi,1,15,馬連,1-2,251.0,251.0,35,https://www.keiba.go.jp/KeibaWeb/TodayRaceInfo/OddsUmLenFuku?k_babaCode=19&k_raceDate=2026%2F09%2F28&k_raceNo=1
2026-09-28 14:25:00,14:24,2026-09-28,funabashi,1,15,馬連,1-3,432.4,432.4,47,https://www.keiba.go.jp/KeibaWeb/TodayRaceInfo/OddsUmLenFuku?k_babaCode=19&k_raceDate=2026%2F09%2F28&k_raceNo=1
2026-09-28 14:25:00,14:24,2026-09-28,funabashi,1,15,馬連,1-4,370.6,370.6,45,https://www.keiba.go.jp/KeibaWeb/TodayRaceInfo/OddsUmLenFuku?k_babaCode=19&k_raceDate=2026%2F09%2F28&k_raceNo=1
2026-09-28 14:25:00,14:24,2026-09-28,funabashi,1,15,馬連,1-5,24.0,24.0,8,https://www.keiba.go.jp/KeibaWeb/TodayRaceInfo/OddsUmLenFuku?k_babaCode=19&k_raceDate=2026%2F09%2F28&k_raceNo=1
2026-09-28 14:25:00,14:24,2026-09-28,funabashi,1,15,馬連,1-6,457.8,457.8,49,https://www.keiba.go.jp/KeibaWeb/TodayRaceInfo/OddsUmLenFuku?k_babaCode=19&k_raceDate=2026%2F09%2F28&k_raceNo=1
2026-09-28 14:25:00,14:24,2026-09-28,funabashi,1,15,馬連,1-7,123.5,123.5,28,https://www.keiba.go.jp/KeibaWeb/TodayRaceInfo/OddsUmLenFuku?k_babaCode=19&k_raceDate=2026%2F09%2F28&k_raceNo=1
2026-09-28 14:25:00,14:24,2026-09-28,funabashi,1,15,馬連,1-8,74.8,74.8,16,https://www.keiba.go.jp/KeibaWeb/TodayRaceInfo/OddsUmLenFuku?k_babaCode=19&k_raceDate=2026%2F09%2F28&k_raceNo=1
2026-09-28 14:25:00,14:24,2026-09-28,funabashi,1,15,馬連,1-9,35.0,35.0,11,https://www.keiba.go.jp/KeibaWeb/TodayRaceInfo/OddsUmLenFuku?k_babaCode=19&k_raceDate=2026%2F09%2F28&k_raceNo=1
2026-09-28 14:25:00,14:24,2026-09-28,funabashi,1,15,馬連,10-11,353.7,353.7,42,https://www.keiba.go.jp/KeibaWeb/TodayRaceInfo/OddsUmLenFuku?k_babaCode=19&k_raceDate=2026%2F09%2F28&k_raceNo=1
2026-09-28 14:25:00,14:24,2026-09-28,funabashi,1,15,馬連,10-12,778.3,778.3,56,https://www.keiba.go.jp/KeibaWeb/TodayRaceInfo/OddsUmLenFuku?k_babaCode=19&k_raceDate=2026%2F09%2F28&k_raceNo=1
2026-09-28 14:25:00,14:24,2026-09-28,funabashi,1,15,馬連,11-12,105.1,105.1,23,https://www.keiba.go.jp/KeibaWeb/TodayRaceInfo/OddsUmLenFuku?k_babaCode=19&k_raceDate=2026%2F09%2F28&k_raceNo=1
2026-09-28 14:25:00,14:24,2026-09-28,funabashi,1,15,馬連,2-10,7783.5,7783.5,66,https://www.keiba.go.jp/KeibaWeb/TodayRaceInfo/OddsUmLenFuku?k_babaCode=19&k_raceDate=2026%2F09%2F28&k_raceNo=1
2026-09-28 14:25:00,14:24,2026-09-28,funabashi,1,15,馬連,2-11,138.9,138.9,29,https://www.keiba.go.jp/KeibaWeb/TodayRaceInfo/OddsUmLenFuku?k_babaCode=19&k_raceDate=2026%2F09%2F28&k_raceNo=1
2026-09-28 14:25:00,14:24,2026-09-28,funabashi,1,15,馬連,2-12,299.3,299.3,38,https://www.keiba.go.jp/KeibaWeb/TodayRaceInfo/OddsUmLenFuku?k_babaCode=19&k_raceDate=2026%2F09%2F28&k_raceNo=1
2026-09-28 14:25:00,14:24,2026-09-28,funabashi,1,15,馬連,2-3,648.6,648.6,53,https://www.keiba.go.jp/KeibaWeb/TodayRaceInfo/OddsUmLenFuku?k_babaCode=19&k_raceDate=2026%2F09%2F28&k_raceNo=1
2026-09-28 14:25:00,14:24,2026-09-28,funabashi,1,15,馬連,2-4,707.5,707.5,54,https://www.keiba.go.jp/KeibaWeb/TodayRaceInfo/OddsUmLenFuku?k_babaCode=19&k_raceDate=2026%2F09%2F28&k_raceNo=1
2026-09-28 14:25:00,14:24,2026-09-28,funabashi,1,15,馬連,2-5,54.4,54.4,13,https://www.keiba.go.jp/KeibaWeb/TodayRaceInfo/OddsUmLenFuku?k_babaCode=19&k_raceDate=2026%2F09%2F28&k_raceNo=1
2026-09-28 14:25:00,14:24,2026-09-28,funabashi,1,15,馬連,2-6,1297.2,1297.2,60,https://www.keiba.go.jp/KeibaWeb/TodayRaceInfo/OddsUmLenFuku?k_babaCode=19&k_raceDate=2026%2F09%2F28&k_raceNo=1
2026-09-28 14:25:00,14:24,2026-09-28,funabashi,1,15,馬連,2-7,228.9,228.9,34,https://www.keiba.go.jp/KeibaWeb/TodayRaceInfo/OddsUmLenFuku?k_babaCode=19&k_raceDate=2026%2F09%2F28&k_raceNo=1
2026-09-28 14:25:00,14:24,2026-09-28,funabashi,1,15,馬連,2-8,146.8,146.8,31,https://www.keiba.go.jp/KeibaWeb/TodayRaceInfo/OddsUmLenFuku?k_babaCode=19&k_raceDate=2026%2F09%2F28&k_raceNo=1
2026-09-28 14:25:00,14:24,2026-09-28,funabashi,1,15,馬連,2-9,78.6,78.6,17,https://www.keiba.go.jp/KeibaWeb/TodayRaceInfo/OddsUmLenFuku?k_babaCode=19&k_raceDate=2026%2F09%2F28&k_raceNo=1
2026-09-28 14:25:00,14:24,2026-09-28,funabashi,1,15,馬連,3-10,1945.8,1945.8,63,https://www.keiba.go.jp/KeibaWeb/TodayRaceInfo/OddsUmLenFuku?k_babaCode=19&k_raceDate=2026%2F09%2F28&k_raceNo=1
2026-09-28 14:25:00,14:24,2026-09-28,funabashi,1,15,馬連,3-11,338.4,338.4,41,https://www.keiba.go.jp/KeibaWeb/TodayRaceInfo/OddsUmLenFuku?k_babaCode=19&k_raceDate=2026%2F09%2F28&k_raceNo=1
2026-09-28 14:25:00,14:24,2026-09-28,funabashi,1,15,馬連,3-12,972.9,972.9,57,https://www.keiba.go.jp/KeibaWeb/TodayRaceInfo/OddsUmLenFuku?k_babaCode=19&k_raceDate=2026%2F09%2F28&k_raceNo=1
2026-09-28 14:25:00,14:24,2026-09-28,funabashi,1,15,馬連,3-4,1556.7,1556.7,61,https://www.keiba.go.jp/KeibaWeb/TodayRaceInfo/OddsUmLenFuku?k_babaCode=19&k_raceDate=2026%2F09%2F28&k_raceNo=1
2026-09-28 14:25:00,14:24,2026-09-28,funabashi,1,15,馬連,3-5,83.6,83.6,21,https://www.keiba.go.jp/KeibaWeb/TodayRaceInfo/OddsUmLenFuku?k_babaCode=19&k_raceDate=2026%2F09%2F28&k_raceNo=1
2026-09-28 14:25:00,14:24,2026-09-28,funabashi,1,15,馬連,3-6,1556.7,1556.7,61,https://www.keiba.go.jp/KeibaWeb/TodayRaceInfo/OddsUmLenFuku?k_babaCode=19&k_raceDate=2026%2F09%2F28&k_raceNo=1
2026-09-28 14:25:00,14:24,2026-09-28,funabashi,1,15,馬連,3-7,432.4,432.4,47,https://www.keiba.go.jp/KeibaWeb/TodayRaceInfo/OddsUmLenFuku?k_babaCode=19&k_raceDate=2026%2F09%2F28&k_raceNo=1
2026-09-28 14:25:00,14:24,2026-09-28,funabashi,1,15,馬連,3-8,389.1,389.1,46,https://www.keiba.go.jp/KeibaWeb/TodayRaceInfo/OddsUmLenFuku?k_babaCode=19&k_raceDate=2026%2F09%2F28&k_raceNo=1
2026-09-28 14:25:00,14:24,2026-09-28,funabashi,1,15,馬連,3-9,194.5,194.5,33,https://www.keiba.go.jp/KeibaWeb/TodayRaceInfo/OddsUmLenFuku?k_babaCode=19&k_raceDate=2026%2F09%2F28&k_raceNo=1
2026-09-28 14:25:00,14:24,2026-09-28,funabashi,1,15,馬連,4-10,1945.8,1945.8,63,https://www.keiba.go.jp/KeibaWeb/TodayRaceInfo/OddsUmLenFuku?k_babaCode=19&k_raceDate=2026%2F09%2F28&k_raceNo=1
2026-09-28 14:25:00,14:24,2026-09-28,funabashi,1,15,馬連,4-11,486.4,486.4,51,https://www.keiba.go.jp/KeibaWeb/TodayRaceInfo/OddsUmLenFuku?k_babaCode=19&k_raceDate=2026%2F09%2F28&k_raceNo=1
2026-09-28 14:25:00,14:24,2026-09-28,funabashi,1,15,馬連,4-12,353.7,353.7,42,https://www.keiba.go.jp/KeibaWeb/TodayRaceInfo/OddsUmLenFuku?k_babaCode=19&k_raceDate=2026%2F09%2F28&k_raceNo=1
2026-09-28 14:25:00,14:24,2026-09-28,funabashi,1,15,馬連,4-5,121.6,121.6,27,https://www.keiba.go.jp/KeibaWeb/TodayRaceInfo/OddsUmLenFuku?k_babaCode=19&k_raceDate=2026%2F09%2F28&k_raceNo=1
2026-09-28 14:25:00,14:24,2026-09-28,funabashi,1,15,馬連,4-6,972.9,972.9,57,https://www.keiba.go.jp/KeibaWeb/TodayRaceInfo/OddsUmLenFuku?k_babaCode=19&k_raceDate=2026%2F09%2F28&k_raceNo=1
2026-09-28 14:25:00,14:24,2026-09-28,funabashi,1,15,馬連,4-7,299.3,299.3,38,https://www.keiba.go.jp/KeibaWeb/TodayRaceInfo/OddsUmLenFuku?k_babaCode=19&k_raceDate=2026%2F09%2F28&k_raceNo=1
2026-09-28 14:25:00,14:24,2026-09-28,funabashi,1,15,馬連,4-8,259.4,259.4,36,https://www.keiba.go.jp/KeibaWeb/TodayRaceInfo/OddsUmLenFuku?k_babaCode=19&k_raceDate=2026%2F09%2F28&k_raceNo=1
2026-09-28 14:25:00,14:24,2026-09-28,funabashi,1,15,馬連,4-9,165.6,165.6,32,https://www.keiba.go.jp/KeibaWeb/TodayRaceInfo/OddsUmLenFuku?k_babaCode=19&k_raceDate=2026%2F09%2F28&k_raceNo=1
2026-09-28 14:25:00,14:24,2026-09-28,funabashi,1,15,馬連,5-10,102.4,102.4,22,https://www.keiba.go.jp/KeibaWeb/TodayRaceInfo/OddsUmLenFuku?k_babaCode=19&k_raceDate=2026%2F09%2F28&k_raceNo=1
2026-09-28 14:25:00,14:24,2026-09-28,funabashi,1,15,馬連,5-11,14.0,14.0,5,https://www.keiba.go.jp/KeibaWeb/TodayRaceInfo/OddsUmLenFuku?k_babaCode=19&k_raceDate=2026%2F09%2F28&k_raceNo=1
2026-09-28 14:25:00,14:24,2026-09-28,funabashi,1,15,馬連,5-12,45.2,45.2,12,https://www.keiba.go.jp/KeibaWeb/TodayRaceInfo/OddsUmLenFuku?k_babaCode=19&k_raceDate=2026%2F09%2F28&k_raceNo=1
2026-09-28 14:25:00,14:24,2026-09-28,funabashi,1,15,馬連,5-6,79.4,79.4,18,https://www.keiba.go.jp/KeibaWeb/TodayRaceInfo/OddsUmLenFuku?k_babaCode=19&k_raceDate=2026%2F09%2F28&k_raceNo=1
2026-09-28 14:25:00,14:24,2026-09-28,funabashi,1,15,馬連,5-7,8.3,8.3,2,https://www.keiba.go.jp/KeibaWeb/TodayRaceInfo/OddsUmLenFuku?k_babaCode=19&k_raceDate=2026%2F09%2F28&k_raceNo=1
2026-09-28 14:25:00,14:24,2026-09-28,funabashi,1,15,馬連,5-8,10.5,10.5,3,https://www.keiba.go.jp/KeibaWeb/TodayRaceInfo/OddsUmLenFuku?k_babaCode=19&k_raceDate=2026%2F09%2F28&k_raceNo=1
2026-09-28 14:25:00,14:24,2026-09-28,funabashi,1,15,馬連,5-9,2.6,2.6,1,https://www.keiba.go.jp/KeibaWeb/TodayRaceInfo/OddsUmLenFuku?k_babaCode=19&k_raceDate=2026%2F09%2F28&k_raceNo=1
2026-09-28 14:25:00,14:24,2026-09-28,funabashi,1,15,馬連,6-10,1945.8,1945.8,63,https://www.keiba.go.jp/KeibaWeb/TodayRaceInfo/OddsUmLenFuku?k_babaCode=19&k_raceDate=2026%2F09%2F28&k_raceNo=1
2026-09-28 14:25:00,14:24,2026-09-28,funabashi,1,15,馬連,6-11,324.3,324.3,40,https://www.keiba.go.jp/KeibaWeb/TodayRaceInfo/OddsUmLenFuku?k_babaCode=19&k_raceDate=2026%2F09%2F28&k_raceNo=1
2026-09-28 14:25:00,14:24,2026-09-28,funabashi,1,15,馬連,6-12,707.5,707.5,54,https://www.keiba.go.jp/KeibaWeb/TodayRaceInfo/OddsUmLenFuku?k_babaCode=19&k_raceDate=2026%2F09%2F28&k_raceNo=1
2026-09-28 14:25:00,14:24,2026-09-28,funabashi,1,15,馬連,6-7,353.7,353.7,42,https://www.keiba.go.jp/KeibaWeb/TodayRaceInfo/OddsUmLenFuku?k_babaCode=19&k_raceDate=2026%2F09%2F28&k_raceNo=1
2026-09-28 14:25:00,14:24,2026-09-28,funabashi,1,15,馬連,6-8,457.8,457.8,49,https://www.keiba.go.jp/KeibaWeb/TodayRaceInfo/OddsUmLenFuku?k_babaCode=19&k_raceDate=2026%2F09%2F28&k_raceNo=1
2026-09-28 14:25:00,14:24,2026-09-28,funabashi,1,15,馬連,6-9,119.7,119.7,26,https://www.keiba.go.jp/KeibaWeb/TodayRaceInfo/OddsUmLenFuku?k_babaCode=19&k_raceDate=2026%2F09%2F28&k_raceNo=1
2026-09-28 14:25:00,14:24,2026-09-28,funabashi,1,15,馬連,7-10,972.9,972.9,57,https://www.keiba.go.jp/KeibaWeb/TodayRaceInfo/OddsUmLenFuku?k_babaCode=19&k_raceDate=2026%2F09%2F28&k_raceNo=1
2026-09-28 14:25:00,14:24,2026-09-28,funabashi,1,15,馬連,7-11,54.8,54.8,14,https://www.keiba.go.jp/KeibaWeb/TodayRaceInfo/OddsUmLenFuku?k_babaCode=19&k_raceDate=2026%2F09%2F28&k_raceNo=1
2026-09-28 14:25:00,14:24,2026-09-28,funabashi,1,15,馬連,7-12,79.4,79.4,18,https://www.keiba.go.jp/KeibaWeb/TodayRaceInfo/OddsUmLenFuku?k_babaCode=19&k_raceDate=2026%2F09%2F28&k_raceNo=1
2026-09-28 14:25:00,14:24,2026-09-28,funabashi,1,15,馬連,7-8,30.5,30.5,10,https://www.keiba.go.jp/KeibaWeb/TodayRaceInfo/OddsUmLenFuku?k_babaCode=19&k_raceDate=2026%2F09%2F28&k_raceNo=1
2026-09-28 14:25:00,14:24,2026-09-28,funabashi,1,15,馬連,7-9,14.2,14.2,6,https://www.keiba.go.jp/KeibaWeb/TodayRaceInfo/OddsUmLenFuku?k_babaCode=19&k_raceDate=2026%2F09%2F28&k_raceNo=1
2026-09-28 14:25:00,14:24,2026-09-28,funabashi,1,15,馬連,8-10,277.9,277.9,37,https://www.keiba.go.jp/KeibaWeb/TodayRaceInfo/OddsUmLenFuku?k_babaCode=19&k_raceDate=2026%2F09%2F28&k_raceNo=1
2026-09-28 14:25:00,14:24,2026-09-28,funabashi,1,15,馬連,8-11,25.2,25.2,9,https://www.keiba.go.jp/KeibaWeb/TodayRaceInfo/OddsUmLenFuku?k_babaCode=19&k_raceDate=2026%2F09%2F28&k_raceNo=1
2026-09-28 14:25:00,14:24,2026-09-28,funabashi,1,15,馬連,8-12,79.4,79.4,18,https://www.keiba.go.jp/KeibaWeb/TodayRaceInfo/OddsUmLenFuku?k_babaCode=19&k_raceDate=2026%2F09%2F28&k_raceNo=1
2026-09-28 14:25:00,14:24,2026-09-28,funabashi,1,15,馬連,8-9,11.9,11.9,4,https://www.keiba.go.jp/KeibaWeb/TodayRaceInfo/OddsUmLenFuku?k_babaCode=19&k_raceDate=2026%2F09%2F28&k_raceNo=1
2026-09-28 14:25:00,14:24,2026-09-28,funabashi,1,15,馬連,9-10,108.1,108.1,25,https://www.keiba.go.jp/KeibaWeb/TodayRaceInfo/OddsUmLenFuku?k_babaCode=19&k_raceDate=2026%2F09%2F28&k_raceNo=1
2026-09-28 14:25:00,14:24,2026-09-28,funabashi,1,15,馬連,9-11,18.6,18.6,7,https://www.keiba.go.jp/KeibaWeb/TodayRaceInfo/OddsUmLenFuku?k_babaCode=19&k_raceDate=2026%2F09%2F28&k_raceNo=1
2026-09-28 14:25:00,14:24,2026-09-28,funabashi,1,15,馬連,9-12,56.8,56.8,15,https://www.keiba.go.jp/KeibaWeb/TodayRaceInfo/OddsUmLenFuku?k_babaCode=19&k_raceDate=2026%2F09%2F28&k_raceNo=1
2026-09-28 14:30:00,14:29,2026-09-28,funabashi,1,10,ワイド,1-10,67.0,69.5,45,https://www.keiba.go.jp/KeibaWeb/TodayRaceInfo/OddsWide?k_babaCode=19&k_raceDate=2026%2F09%2F28&k_raceNo=1
2026-09-28 14:30:00,14:29,2026-09-28,funabashi,1,10,ワイド,1-11,14.7,16.2,16,https://www.keiba.go.jp/KeibaWeb/TodayRaceInfo/OddsWide?k_babaCode=19&k_raceDate=2026%2F09%2F28&k_raceNo=1
2026-09-28 14:30:00,14:29,2026-09-28,funabashi,1,10,ワイド,1-12,33.5,35.2,31,https://www.keiba.go.jp/KeibaWeb/TodayRaceInfo/OddsWide?k_babaCode=19&k_raceDate=2026%2F09%2F28&k_raceNo=1
2026-09-28 14:30:00,14:29,2026-09-28,funabashi,1,10,ワイド,1-2,44.5,46.5,37,https://www.keiba.go.jp/KeibaWeb/TodayRaceInfo/OddsWide?k_babaCode=19&k_raceDate=2026%2F09%2F28&k_raceNo=1
2026-09-28 14:30:00,14:29,2026-09-28,funabashi,1,10,ワイド,1-3,47.5,49.3,39,https://www.keiba.go.jp/KeibaWeb/TodayRaceInfo/OddsWide?k_babaCode=19&k_raceDate=2026%2F09%2F28&k_raceNo=1
2026-09-28 14:30:00,14:29,2026-09-28,funabashi,1,10,ワイド,1-4,71.1,73.8,47,https://www.keiba.go.jp/KeibaWeb/TodayRaceInfo/OddsWide?k_babaCode=19&k_raceDate=2026%2F09%2F28&k_raceNo=1
2026-09-28 14:30:00,14:29,2026-09-28,funabashi,1,10,ワイド,1-5,8.6,10.8,10,https://www.keiba.go.jp/KeibaWeb/TodayRaceInfo/OddsWide?k_babaCode=19&k_raceDate=2026%2F09%2F28&k_raceNo=1
2026-09-28 14:30:00,14:29,2026-09-28,funabashi,1,10,ワイド,1-6,78.3,81.4,49,https://www.keiba.go.jp/KeibaWeb/TodayRaceInfo/OddsWide?k_babaCode=19&k_raceDate=2026%2F09%2F28&k_raceNo=1
2026-09-28 14:30:00,14:29,2026-09-28,funabashi,1,10,ワイド,1-7,12.9,14.3,15,https://www.keiba.go.jp/KeibaWeb/TodayRaceInfo/OddsWide?k_babaCode=19&k_raceDate=2026%2F09%2F28&k_raceNo=1
2026-09-28 14:30:00,14:29,2026-09-28,funabashi,1,10,ワイド,1-8,12.3,13.4,14,https://www.keiba.go.jp/KeibaWeb/TodayRaceInfo/OddsWide?k_babaCode=19&k_raceDate=2026%2F09%2F28&k_raceNo=1
2026-09-28 14:30:00,14:29,2026-09-28,funabashi,1,10,ワイド,1-9,6.1,7.6,8,https://www.keiba.go.jp/KeibaWeb/TodayRaceInfo/OddsWide?k_babaCode=19&k_raceDate=2026%2F09%2F28&k_raceNo=1
2026-09-28 14:30:00,14:29,2026-09-28,funabashi,1,10,ワイド,10-11,52.7,56.4,42,https://www.keiba.go.jp/KeibaWeb/TodayRaceInfo/OddsWide?k_babaCode=19&k_raceDate=2026%2F09%2F28&k_raceNo=1
2026-09-28 14:30:00,14:29,2026-09-28,funabashi,1,10,ワイド,10-12,89.0,90.9,52,https://www.keiba.go.jp/KeibaWeb/TodayRaceInfo/OddsWide?k_babaCode=19&k_raceDate=2026%2F09%2F28&k_raceNo=1
2026-09-28 14:30:00,14:29,2026-09-28,funabashi,1,10,ワイド,11-12,27.2,29.4,24,https://www.keiba.go.jp/KeibaWeb/TodayRaceInfo/OddsWide?k_babaCode=19&k_raceDate=2026%2F09%2F28&k_raceNo=1
2026-09-28 14:30:00,14:29,2026-09-28,funabashi,1,10,ワイド,2-10,356.7,362.1,65,https://www.keiba.go.jp/KeibaWeb/TodayRaceInfo/OddsWide?k_babaCode=19&k_raceDate=2026%2F09%2F28&k_raceNo=1
2026-09-28 14:30:00,14:29,2026-09-28,funabashi,1,10,ワイド,2-11,27.6,29.8,26,https://www.keiba.go.jp/KeibaWeb/TodayRaceInfo/OddsWide?k_babaCode=19&k_raceDate=2026%2F09%2F28&k_raceNo=1
2026-09-28 14:30:00,14:29,2026-09-28,funabashi,1,10,ワイド,2-12,65.8,67.6,44,https://www.keiba.go.jp/KeibaWeb/TodayRaceInfo/OddsWide?k_babaCode=19&k_raceDate=2026%2F09%2F28&k_raceNo=1
2026-09-28 14:30:00,14:29,2026-09-28,funabashi,1,10,ワイド,2-3,87.3,89.2,51,https://www.keiba.go.jp/KeibaWeb/TodayRaceInfo/OddsWide?k_babaCode=19&k_raceDate=2026%2F09%2F28&k_raceNo=1
2026-09-28 14:30:00,14:29,2026-09-28,funabashi,1,10,ワイド,2-4,122.3,124.3,56,https://www.keiba.go.jp/KeibaWeb/TodayRaceInfo/OddsWide?k_babaCode=19&k_raceDate=2026%2F09%2F28&k_raceNo=1
2026-09-28 14:30:00,14:29,2026-09-28,funabashi,1,10,ワイド,2-5,18.0,22.3,19,https://www.keiba.go.jp/KeibaWeb/TodayRaceInfo/OddsWide?k_babaCode=19&k_raceDate=2026%2F09%2F28&k_raceNo=1
2026-09-28 14:30:00,14:29,2026-09-28,funabashi,1,10,ワイド,2-6,171.7,174.7,58,https://www.keiba.go.jp/KeibaWeb/TodayRaceInfo/OddsWide?k_babaCode=19&k_raceDate=2026%2F09%2F28&k_raceNo=1
2026-09-28 14:30:00,14:29,2026-09-28,funabashi,1,10,ワイド,2-7,33.5,36.3,32,https://www.keiba.go.jp/KeibaWeb/TodayRaceInfo/OddsWide?k_babaCode=19&k_raceDate=2026%2F09%2F28&k_raceNo=1
2026-09-28 14:30:00,14:29,2026-09-28,funabashi,1,10,ワイド,2-8,23.1,24.8,21,https://www.keiba.go.jp/KeibaWeb/TodayRaceInfo/OddsWide?k_babaCode=19&k_raceDate=2026%2F09%2F28&k_raceNo=1
2026-09-28 14:30:00,14:29,2026-09-28,funabashi,1,10,ワイド,2-9,16.8,20.7,17,https://www.keiba.go.jp/KeibaWeb/TodayRaceInfo/OddsWide?k_babaCode=19&k_raceDate=2026%2F09%2F28&k_raceNo=1
2026-09-28 14:30:00,14:29,2026-09-28,funabashi,1,10,ワイド,3-10,258.0,261.7,62,https://www.keiba.go.jp/KeibaWeb/TodayRaceInfo/OddsWide?k_babaCode=19&k_raceDate=2026%2F09%2F28&k_raceNo=1
2026-09-28 14:30:00,14:29,2026-09-28,funabashi,1,10,ワイド,3-11,43.8,46.9,36,https://www.keiba.go.jp/KeibaWeb/TodayRaceInfo/OddsWide?k_babaCode=19&k_raceDate=2026%2F09%2F28&k_raceNo=1
2026-09-28 14:30:00,14:29,2026-09-28,funabashi,1,10,ワイド,3-12,74.6,76.3,48,https://www.keiba.go.jp/KeibaWeb/TodayRaceInfo/OddsWide?k_babaCode=19&k_raceDate=2026%2F09%2F28&k_raceNo=1
2026-09-28 14:30:00,14:29,2026-09-28,funabashi,1,10,ワイド,3-4,125.5,127.6,57,https://www.keiba.go.jp/KeibaWeb/TodayRaceInfo/OddsWide?k_babaCode=19&k_raceDate=2026%2F09%2F28&k_raceNo=1
2026-09-28 14:30:00,14:29,2026-09-28,funabashi,1,10,ワイド,3-5,17.1,21.0,18,https://www.keiba.go.jp/KeibaWeb/TodayRaceInfo/OddsWide?k_babaCode=19&k_raceDate=2026%2F09%2F28&k_raceNo=1
2026-09-28 14:30:00,14:29,2026-09-28,funabashi,1,10,ワイド,3-6,210.5,214.2,60,https://www.keiba.go.jp/KeibaWeb/TodayRaceInfo/OddsWide?k_babaCode=19&k_raceDate=2026%2F09%2F28&k_raceNo=1
2026-09-28 14:30:00,14:29,2026-09-28,funabashi,1,10,ワイド,3-7,26.1,28.1,22,https://www.keiba.go.jp/KeibaWeb/TodayRaceInfo/OddsWide?k_babaCode=19&k_raceDate=2026%2F09%2F28&k_raceNo=1
2026-09-28 14:30:00,14:29,2026-09-28,funabashi,1,10,ワイド,3-8,36.9,39.5,34,https://www.keiba.go.jp/KeibaWeb/TodayRaceInfo/OddsWide?k_babaCode=19&k_raceDate=2026%2F09%2F28&k_raceNo=1
2026-09-28 14:30:00,14:29,2026-09-28,funabashi,1,10,ワイド,3-9,29.9,37.0,27,https://www.keiba.go.jp/KeibaWeb/TodayRaceInfo/OddsWide?k_babaCode=19&k_raceDate=2026%2F09%2F28&k_raceNo=1
2026-09-28 14:30:00,14:29,2026-09-28,funabashi,1,10,ワイド,4-10,333.5,336.5,64,https://www.keiba.go.jp/KeibaWeb/TodayRaceInfo/OddsWide?k_babaCode=19&k_raceDate=2026%2F09%2F28&k_raceNo=1
2026-09-28 14:30:00,14:29,2026-09-28,funabashi,1,10,ワイド,4-11,47.1,50.4,38,https://www.keiba.go.jp/KeibaWeb/TodayRaceInfo/OddsWide?k_babaCode=19&k_raceDate=2026%2F09%2F28&k_raceNo=1
2026-09-28 14:30:00,14:29,2026-09-28,funabashi,1,10,ワイド,4-12,177.5,181.4,59,https://www.keiba.go.jp/KeibaWeb/TodayRaceInfo/OddsWide?k_babaCode=19&k_raceDate=2026%2F09%2F28&k_raceNo=1
2026-09-28 14:30:00,14:29,2026-09-28,funabashi,1,10,ワイド,4-5,32.6,40.2,29,https://www.keiba.go.jp/KeibaWeb/TodayRaceInfo/OddsWide?k_babaCode=19&k_raceDate=2026%2F09%2F28&k_raceNo=1
2026-09-28 14:30:00,14:29,2026-09-28,funabashi,1,10,ワイド,4-6,387.7,392.5,66,https://www.keiba.go.jp/KeibaWeb/TodayRaceInfo/OddsWide?k_babaCode=19&k_raceDate=2026%2F09%2F28&k_raceNo=1
2026-09-28 14:30:00,14:29,2026-09-28,funabashi,1,10,ワイド,4-7,79.7,85.9,50,https://www.keiba.go.jp/KeibaWeb/TodayRaceInfo/OddsWide?k_babaCode=19&k_raceDate=2026%2F09%2F28&k_raceNo=1
2026-09-28 14:30:00,14:29,2026-09-28,funabashi,1,10,ワイド,4-8,52.2,55.7,41,https://www.keiba.go.jp/KeibaWeb/TodayRaceInfo/OddsWide?k_babaCode=19&k_raceDate=2026%2F09%2F28&k_raceNo=1
2026-09-28 14:30:00,14:29,2026-09-28,funabashi,1,10,ワイド,4-9,36.6,45.1,33,https://www.keiba.go.jp/KeibaWeb/TodayRaceInfo/OddsWide?k_babaCode=19&k_raceDate=2026%2F09%2F28&k_raceNo=1
2026-09-28 14:30:00,14:29,2026-09-28,funabashi,1,10,ワイド,5-10,50.5,62.0,40,https://www.keiba.go.jp/KeibaWeb/TodayRaceInfo/OddsWide?k_babaCode=19&k_raceDate=2026%2F09%2F28&k_raceNo=1
2026-09-28 14:30:00,14:29,2026-09-28,funabashi,1,10,ワイド,5-11,4.4,5.7,7,https://www.keiba.go.jp/KeibaWeb/TodayRaceInfo/OddsWide?k_babaCode=19&k_raceDate=2026%2F09%2F28&k_raceNo=1
2026-09-28 14:30:00,14:29,2026-09-28,funabashi,1,10,ワイド,5-12,18.0,22.4,20,https://www.keiba.go.jp/KeibaWeb/TodayRaceInfo/OddsWide?k_babaCode=19&k_raceDate=2026%2F09%2F28&k_raceNo=1
2026-09-28 14:30:00,14:29,2026-09-28,funabashi,1,10,ワイド,5-6,27.0,33.2,23,https://www.keiba.go.jp/KeibaWeb/TodayRaceInfo/OddsWide?k_babaCode=19&k_raceDate=2026%2F09%2F28&k_raceNo=1
2026-09-28 14:30:00,14:29,2026-09-28,funabashi,1,10,ワイド,5-7,3.5,4.6,4,https://www.keiba.go.jp/KeibaWeb/TodayRaceInfo/OddsWide?k_babaCode=19&k_raceDate=2026%2F09%2F28&k_raceNo=1
2026-09-28 14:30:00,14:29,2026-09-28,funabashi,1,10,ワイド,5-8,3.6,4.5,5,https://www.keiba.go.jp/KeibaWeb/TodayRaceInfo/OddsWide?k_babaCode=19&k_raceDate=2026%2F09%2F28&k_raceNo=1
2026-09-28 14:30:00,14:29,2026-09-28,funabashi,1,10,ワイド,5-9,1.6,1.8,1,https://www.keiba.go.jp/KeibaWeb/TodayRaceInfo/OddsWide?k_babaCode=19&k_raceDate=2026%2F09%2F28&k_raceNo=1
2026-09-28 14:30:00,14:29,2026-09-28,funabashi,1,10,ワイド,6-10,245.6,248.1,61,https://www.keiba.go.jp/KeibaWeb/TodayRaceInfo/OddsWide?k_babaCode=19&k_raceDate=2026%2F09%2F28&k_raceNo=1
2026-09-28 14:30:00,14:29,2026-09-28,funabashi,1,10,ワイド,6-11,99.9,107.0,54,https://www.keiba.go.jp/KeibaWeb/TodayRaceInfo/OddsWide?k_babaCode=19&k_raceDate=2026%2F09%2F28&k_raceNo=1
2026-09-28 14:30:00,14:29,2026-09-28,funabashi,1,10,ワイド,6-12,270.9,277.1,63,https://www.keiba.go.jp/KeibaWeb/TodayRaceInfo/OddsWide?k_babaCode=19&k_raceDate=2026%2F09%2F28&k_raceNo=1
2026-09-28 14:30:00,14:29,2026-09-28,funabashi,1,10,ワイド,6-7,95.1,102.6,53,https://www.keiba.go.jp/KeibaWeb/TodayRaceInfo/OddsWide?k_babaCode=19&k_raceDate=2026%2F09%2F28&k_raceNo=1
2026-09-28 14:30:00,14:29,2026-09-28,funabashi,1,10,ワイド,6-8,70.1,74.9,46,https://www.keiba.go.jp/KeibaWeb/TodayRaceInfo/OddsWide?k_babaCode=19&k_raceDate=2026%2F09%2F28&k_raceNo=1
2026-09-28 14:30:00,14:29,2026-09-28,funabashi,1,10,ワイド,6-9,30.5,37.6,28,https://www.keiba.go.jp/KeibaWeb/TodayRaceInfo/OddsWide?k_babaCode=19&k_raceDate=2026%2F09%2F28&k_raceNo=1
2026-09-28 14:30:00,14:29,2026-09-28,funabashi,1,10,ワイド,7-10,104.4,112.3,55,https://www.keiba.go.jp/KeibaWeb/TodayRaceInfo/OddsWide?k_babaCode=19&k_raceDate=2026%2F09%2F28&k_raceNo=1
2026-09-28 14:30:00,14:29,2026-09-28,funabashi,1,10,ワイド,7-11,11.4,13.0,12,https://www.keiba.go.jp/KeibaWeb/TodayRaceInfo/OddsWide?k_babaCode=19&k_raceDate=2026%2F09%2F28&k_raceNo=1
2026-09-28 14:30:00,14:29,2026-09-28,funabashi,1,10,ワイド,7-12,32.8,35.8,30,https://www.keiba.go.jp/KeibaWeb/TodayRaceInfo/OddsWide?k_babaCode=19&k_raceDate=2026%2F09%2F28&k_raceNo=1
2026-09-28 14:30:00,14:29,2026-09-28,funabashi,1,10,ワイド,7-8,9.5,10.7,11,https://www.keiba.go.jp/KeibaWeb/TodayRaceInfo/OddsWide?k_babaCode=19&k_raceDate=2026%2F09%2F28&k_raceNo=1
2026-09-28 14:30:00,14:29,2026-09-28,funabashi,1,10,ワイド,7-9,3.2,4.0,2,https://www.keiba.go.jp/KeibaWeb/TodayRaceInfo/OddsWide?k_babaCode=19&k_raceDate=2026%2F09%2F28&k_raceNo=1
2026-09-28 14:30:00,14:29,2026-09-28,funabashi,1,10,ワイド,8-10,62.5,66.5,43,https://www.keiba.go.jp/KeibaWeb/TodayRaceInfo/OddsWide?k_babaCode=19&k_raceDate=2026%2F09%2F28&k_raceNo=1
2026-09-28 14:30:00,14:29,2026-09-28,funabashi,1,10,ワイド,8-11,6.5,7.3,9,https://www.keiba.go.jp/KeibaWeb/TodayRaceInfo/OddsWide?k_babaCode=19&k_raceDate=2026%2F09%2F28&k_raceNo=1
2026-09-28 14:30:00,14:29,2026-09-28,funabashi,1,10,ワイド,8-12,27.4,29.4,25,https://www.keiba.go.jp/KeibaWeb/TodayRaceInfo/OddsWide?k_babaCode=19&k_raceDate=2026%2F09%2F28&k_raceNo=1
2026-09-28 14:30:00,14:29,2026-09-28,funabashi,1,10,ワイド,8-9,3.7,4.8,6,https://www.keiba.go.jp/KeibaWeb/TodayRaceInfo/OddsWide?k_babaCode=19&k_raceDate=2026%2F09%2F28&k_raceNo=1
2026-09-28 14:30:00,14:29,2026-09-28,funabashi,1,10,ワイド,9-10,40.9,50.3,35,https://www.keiba.go.jp/KeibaWeb/TodayRaceInfo/OddsWide?k_babaCode=19&k_raceDate=2026%2F09%2F28&k_raceNo=1
2026-09-28 14:30:00,14:29,2026-09-28,funabashi,1,10,ワイド,9-11,3.4,4.3,3,https://www.keiba.go.jp/KeibaWeb/TodayRaceInfo/OddsWide?k_babaCode=19&k_raceDate=2026%2F09%2F28&k_raceNo=1
2026-09-28 14:30:00,14:29,2026-09-28,funabashi,1,10,ワイド,9-12,11.7,14.5,13,https://www.keiba.go.jp/KeibaWeb/TodayRaceInfo/OddsWide?k_babaCode=19&k_raceDate=2026%2F09%2F28&k_raceNo=1
2026-09-28 14:30:00,14:29,2026-09-28,funabashi,1,10,三連複,1-10-11,1024.8,1024.8,114,https://www.keiba.go.jp/KeibaWeb/TodayRaceInfo/Odds3LenFuku?k_babaCode=19&k_raceDate=2026%2F09%2F28&k_raceNo=1
2026-09-28 14:30:00,14:29,2026-09-28,funabashi,1,10,三連複,1-10-12,1708.0,1708.0,150,https://www.keiba.go.jp/KeibaWeb/TodayRaceInfo/Odds3LenFuku?k_babaCode=19&k_raceDate=2026%2F09%2F28&k_raceNo=1
2026-09-28 14:30:00,14:29,2026-09-28,funabashi,1,10,三連複,1-11-12,533.7,533.7,84,https://www.keiba.go.jp/KeibaWeb/TodayRaceInfo/Odds3LenFuku?k_babaCode=19&k_raceDate=2026%2F09%2F28&k_raceNo=1
2026-09-28 14:30:00,14:29,2026-09-28,funabashi,1,10,三連複,1-2-10,2562.0,2562.0,172,https://www.keiba.go.jp/KeibaWeb/TodayRaceInfo/Odds3LenFuku?k_babaCode=19&k_raceDate=2026%2F09%2F28&k_raceNo=1
2026-09-28 14:30:00,14:29,2026-09-28,funabashi,1,10,三連複,1-2-11,556.9,556.9,85,https://www.keiba.go.jp/KeibaWeb/TodayRaceInfo/Odds3LenFuku?k_babaCode=19&k_raceDate=2026%2F09%2F28&k_raceNo=1
2026-09-28 14:30:00,14:29,2026-09-28,funabashi,1,10,三連複,1-2-12,1164.5,1164.5,127,https://www.keiba.go.jp/KeibaWeb/TodayRaceInfo/Odds3LenFuku?k_babaCode=19&k_raceDate=2026%2F09%2F28&k_raceNo=1
2026-09-28 14:30:00,14:29,2026-09-28,funabashi,1,10,三連複,1-2-3,985.4,985.4,113,https://www.keiba.go.jp/KeibaWeb/TodayRaceInfo/Odds3LenFuku?k_babaCode=19&k_raceDate=2026%2F09%2F28&k_raceNo=1
2026-09-28 14:30:00,14:29,2026-09-28,funabashi,1,10,三連複,1-2-4,1348.4,1348.4,136,https://www.keiba.go.jp/KeibaWeb/TodayRaceInfo/Odds3LenFuku?k_babaCode=19&k_raceDate=2026%2F09%2F28&k_raceNo=1
2026-09-28 14:30:00,14:29,2026-09-28,funabashi,1,10,三連複,1-2-5,138.4,138.4,36,https://www.keiba.go.jp/KeibaWeb/TodayRaceInfo/Odds3LenFuku?k_babaCode=19&k_raceDate=2026%2F09%2F28&k_raceNo=1
2026-09-28 14:30:00,14:29,2026-09-28,funabashi,1,10,三連複,1-2-6,1970.8,1970.8,156,https://www.keiba.go.jp/KeibaWeb/TodayRaceInfo/Odds3LenFuku?k_babaCode=19&k_raceDate=2026%2F09%2F28&k_raceNo=1
2026-09-28 14:30:00,14:29,2026-09-28,funabashi,1,10,三連複,1-2-7,610.0,610.0,91,https://www.keiba.go.jp/KeibaWeb/TodayRaceInfo/Odds3LenFuku?k_babaCode=19&k_raceDate=2026%2F09%2F28&k_raceNo=1
2026-09-28 14:30:00,14:29,2026-09-28,funabashi,1,10,三連複,1-2-8,427.0,427.0,79,https://www.keiba.go.jp/KeibaWeb/TodayRaceInfo/Odds3LenFuku?k_babaCode=19&k_raceDate=2026%2F09%2F28&k_raceNo=1
2026-09-28 14:30:00,14:29,2026-09-28,funabashi,1,10,三連複,1-2-9,266.8,266.8,58,https://www.keiba.go.jp/KeibaWeb/TodayRaceInfo/Odds3LenFuku?k_babaCode=19&k_raceDate=2026%2F09%2F28&k_raceNo=1
2026-09-28 14:30:00,14:29,2026-09-28,funabashi,1,10,三連複,1-3-10,4270.1,4270.1,199,https://www.keiba.go.jp/KeibaWeb/TodayRaceInfo/Odds3LenFuku?k_babaCode=19&k_raceDate=2026%2F09%2F28&k_raceNo=1
2026-09-28 14:30:00,14:29,2026-09-28,funabashi,1,10,三連複,1-3-11,1067.5,1067.5,120,https://www.keiba.go.jp/KeibaWeb/TodayRaceInfo/Odds3LenFuku?k_babaCode=19&k_raceDate=2026%2F09%2F28&k_raceNo=1
2026-09-28 14:30:00,14:29,2026-09-28,funabashi,1,10,三連複,1-3-12,1601.2,1601.2,148,https://www.keiba.go.jp/KeibaWeb/TodayRaceInfo/Odds3LenFuku?k_babaCode=19&k_raceDate=2026%2F09%2F28&k_raceNo=1
2026-09-28 14:30:00,14:29,2026-09-28,funabashi,1,10,三連複,1-3-4,1970.8,1970.8,156,https://www.keiba.go.jp/KeibaWeb/TodayRaceInfo/Odds3LenFuku?k_babaCode=19&k_raceDate=2026%2F09%2F28&k_raceNo=1
2026-09-28 14:30:00,14:29,2026-09-28,funabashi,1,10,三連複,1-3-5,264.1,264.1,57,https://www.keiba.go.jp/KeibaWeb/TodayRaceInfo/Odds3LenFuku?k_babaCode=19&k_raceDate=2026%2F09%2F28&k_raceNo=1
2026-09-28 14:30:00,14:29,2026-09-28,funabashi,1,10,三連複,1-3-6,3202.5,3202.5,184,https://www.keiba.go.jp/KeibaWeb/TodayRaceInfo/Odds3LenFuku?k_babaCode=19&k_raceDate=2026%2F09%2F28&k_raceNo=1
2026-09-28 14:30:00,14:29,2026-09-28,funabashi,1,10,三連複,1-3-7,1067.5,1067.5,120,https://www.keiba.go.jp/KeibaWeb/TodayRaceInfo/Odds3LenFuku?k_babaCode=19&k_raceDate=2026%2F09%2F28&k_raceNo=1
2026-09-28 14:30:00,14:29,2026-09-28,funabashi,1,10,三連複,1-3-8,556.9,556.9,85,https://www.keiba.go.jp/KeibaWeb/TodayRaceInfo/Odds3LenFuku?k_babaCode=19&k_raceDate=2026%2F09%2F28&k_raceNo=1
2026-09-28 14:30:00,14:29,2026-09-28,funabashi,1,10,三連複,1-3-9,406.6,406.6,77,https://www.keiba.go.jp/KeibaWeb/TodayRaceInfo/Odds3LenFuku?k_babaCode=19&k_raceDate=2026%2F09%2F28&k_raceNo=1
2026-09-28 14:30:00,14:29,2026-09-28,funabashi,1,10,三連複,1-4-10,3660.1,3660.1,192,https://www.keiba.go.jp/KeibaWeb/TodayRaceInfo/Odds3LenFuku?k_babaCode=19&k_raceDate=2026%2F09%2F28&k_raceNo=1
2026-09-28 14:30:00,14:29,2026-09-28,funabashi,1,10,三連複,1-4-11,1113.9,1113.9,125,https://www.keiba.go.jp/KeibaWeb/TodayRaceInfo/Odds3LenFuku?k_babaCode=19&k_raceDate=2026%2F09%2F28&k_raceNo=1
2026-09-28 14:30:00,14:29,2026-09-28,funabashi,1,10,三連複,1-4-12,3660.1,3660.1,192,https://www.keiba.go.jp/KeibaWeb/TodayRaceInfo/Odds3LenFuku?k_babaCode=19&k_raceDate=2026%2F09%2F28&k_raceNo=1
2026-09-28 14:30:00,14:29,2026-09-28,funabashi,1,10,三連複,1-4-5,341.6,341.6,71,https://www.keiba.go.jp/KeibaWeb/TodayRaceInfo/Odds3LenFuku?k_babaCode=19&k_raceDate=2026%2F09%2F28&k_raceNo=1
2026-09-28 14:30:00,14:29,2026-09-28,funabashi,1,10,三連複,1-4-6,2329.1,2329.1,168,https://www.keiba.go.jp/KeibaWeb/TodayRaceInfo/Odds3LenFuku?k_babaCode=19&k_raceDate=2026%2F09%2F28&k_raceNo=1
2026-09-28 14:30:00,14:29,2026-09-28,funabashi,1,10,三連複,1-4-7,1507.1,1507.1,142,https://www.keiba.go.jp/KeibaWeb/TodayRaceInfo/Odds3LenFuku?k_babaCode=19&k_raceDate=2026%2F09%2F28&k_raceNo=1
2026-09-28 14:30:00,14:29,2026-09-28,funabashi,1,10,三連複,1-4-8,1220.0,1220.0,129,https://www.keiba.go.jp/KeibaWeb/TodayRaceInfo/Odds3LenFuku?k_babaCode=19&k_raceDate=2026%2F09%2F28&k_raceNo=1
2026-09-28 14:30:00,14:29,2026-09-28,funabashi,1,10,三連複,1-4-9,492.7,492.7,82,https://www.keiba.go.jp/KeibaWeb/TodayRaceInfo/Odds3LenFuku?k_babaCode=19&k_raceDate=2026%2F09%2F28&k_raceNo=1
2026-09-28 14:30:00,14:29,2026-09-28,funabashi,1,10,三連複,1-5-10,569.3,569.3,89,https://www.keiba.go.jp/KeibaWeb/TodayRaceInfo/Odds3LenFuku?k_babaCode=19&k_raceDate=2026%2F09%2F28&k_raceNo=1
2026-09-28 14:30:00,14:29,2026-09-28,funabashi,1,10,三連複,1-5-11,53.1,53.1,16,https://www.keiba.go.jp/KeibaWeb/TodayRaceInfo/Odds3LenFuku?k_babaCode=19&k_raceDate=2026%2F09%2F28&k_raceNo=1
2026-09-28 14:30:00,14:29,2026-09-28,funabashi,1,10,三連複,1-5-12,218.9,218.9,47,https://www.keiba.go.jp/KeibaWeb/TodayRaceInfo/Odds3LenFuku?k_babaCode=19&k_raceDate=2026%2F09%2F28&k_raceNo=1
2026-09-28 14:30:00,14:29,2026-09-28,funabashi,1,10,三連複,1-5-6,324.3,324.3,64,https://www.keiba.go.jp/KeibaWeb/TodayRaceInfo/Odds3LenFuku?k_babaCode=19&k_raceDate=2026%2F09%2F28&k_raceNo=1
2026-09-28 14:30:00,14:29,2026-09-28,funabashi,1,10,三連複,1-5-7,43.9,43.9,14,https://www.keiba.go.jp/KeibaWeb/TodayRaceInfo/Odds3LenFuku?k_babaCode=19&k_raceDate=2026%2F09%2F28&k_raceNo=1
2026-09-28 14:30:00,14:29,2026-09-28,funabashi,1,10,三連複,1-5-8,39.0,39.0,13,https://www.keiba.go.jp/KeibaWeb/TodayRaceInfo/Odds3LenFuku?k_babaCode=19&k_raceDate=2026%2F09%2F28&k_raceNo=1
2026-09-28 14:30:00,14:29,2026-09-28,funabashi,1,10,三連複,1-5-9,15.1,15.1,4,https://www.keiba.go.jp/KeibaWeb/TodayRaceInfo/Odds3LenFuku?k_babaCode=19&k_raceDate=2026%2F09%2F28&k_raceNo=1
2026-09-28 14:30:00,14:29,2026-09-28,funabashi,1,10,三連複,1-6-10,12810.3,12810.3,217,https://www.keiba.go.jp/KeibaWeb/TodayRaceInfo/Odds3LenFuku?k_babaCode=19&k_raceDate=2026%2F09%2F28&k_raceNo=1
2026-09-28 14:30:00,14:29,2026-09-28,funabashi,1,10,三連複,1-6-11,1281.0,1281.0,131,https://www.keiba.go.jp/KeibaWeb/TodayRaceInfo/Odds3LenFuku?k_babaCode=19&k_raceDate=2026%2F09%2F28&k_raceNo=1
2026-09-28 14:30:00,14:29,2026-09-28,funabashi,1,10,三連複,1-6-12,2329.1,2329.1,168,https://www.keiba.go.jp/KeibaWeb/TodayRaceInfo/Odds3LenFuku?k_babaCode=19&k_raceDate=2026%2F09%2F28&k_raceNo=1
2026-09-28 14:30:00,14:29,2026-09-28,funabashi,1,10,三連複,1-6-7,1024.8,1024.8,114,https://www.keiba.go.jp/KeibaWeb/TodayRaceInfo/Odds3LenFuku?k_babaCode=19&k_raceDate=2026%2F09%2F28&k_raceNo=1
2026-09-28 14:30:00,14:29,2026-09-28,funabashi,1,10,三連複,1-6-8,1507.1,1507.1,142,https://www.keiba.go.jp/KeibaWeb/TodayRaceInfo/Odds3LenFuku?k_babaCode=19&k_raceDate=2026%2F09%2F28&k_raceNo=1
2026-09-28 14:30:00,14:29,2026-09-28,funabashi,1,10,三連複,1-6-9,640.5,640.5,95,https://www.keiba.go.jp/KeibaWeb/TodayRaceInfo/Odds3LenFuku?k_babaCode=19&k_raceDate=2026%2F09%2F28&k_raceNo=1
2026-09-28 14:30:00,14:29,2026-09-28,funabashi,1,10,三連複,1-7-10,1164.5,1164.5,127,https://www.keiba.go.jp/KeibaWeb/TodayRaceInfo/Odds3LenFuku?k_babaCode=19&k_raceDate=2026%2F09%2F28&k_raceNo=1
2026-09-28 14:30:00,14:29,2026-09-28,funabashi,1,10,三連複,1-7-11,211.7,211.7,45,https://www.keiba.go.jp/KeibaWeb/TodayRaceInfo/Odds3LenFuku?k_babaCode=19&k_raceDate=2026%2F09%2F28&k_raceNo=1
2026-09-28 14:30:00,14:29,2026-09-28,funabashi,1,10,三連複,1-7-12,512.4,512.4,83,https://www.keiba.go.jp/KeibaWeb/TodayRaceInfo/Odds3LenFuku?k_babaCode=19&k_raceDate=2026%2F09%2F28&k_raceNo=1
2026-09-28 14:30:00,14:29,2026-09-28,funabashi,1,10,三連複,1-7-8,118.0,118.0,31,https://www.keiba.go.jp/KeibaWeb/TodayRaceInfo/Odds3LenFuku?k_babaCode=19&k_raceDate=2026%2F09%2F28&k_raceNo=1
2026-09-28 14:30:00,14:29,2026-09-28,funabashi,1,10,三連複,1-7-9,57.7,57.7,17,https://www.keiba.go.jp/KeibaWeb/TodayRaceInfo/Odds3LenFuku?k_babaCode=19&k_raceDate=2026%2F09%2F28&k_raceNo=1
2026-09-28 14:30:00,14:29,2026-09-28,funabashi,1,10,三連複,1-8-10,883.4,883.4,104,https://www.keiba.go.jp/KeibaWeb/TodayRaceInfo/Odds3LenFuku?k_babaCode=19&k_raceDate=2026%2F09%2F28&k_raceNo=1
2026-09-28 14:30:00,14:29,2026-09-28,funabashi,1,10,三連複,1-8-11,111.8,111.8,28,https://www.keiba.go.jp/KeibaWeb/TodayRaceInfo/Odds3LenFuku?k_babaCode=19&k_raceDate=2026%2F09%2F28&k_raceNo=1
2026-09-28 14:30:00,14:29,2026-09-28,funabashi,1,10,三連複,1-8-12,382.3,382.3,74,https://www.keiba.go.jp/KeibaWeb/TodayRaceInfo/Odds3LenFuku?k_babaCode=19&k_raceDate=2026%2F09%2F28&k_raceNo=1
2026-09-28 14:30:00,14:29,2026-09-28,funabashi,1,10,三連複,1-8-9,45.6,45.6,15,https://www.keiba.go.jp/KeibaWeb/TodayRaceInfo/Odds3LenFuku?k_babaCode=19&k_raceDate=2026%2F09%2F28&k_raceNo=1
2026-09-28 14:30:00,14:29,2026-09-28,funabashi,1,10,三連複,1-9-10,328.4,328.4,66,https://www.keiba.go.jp/KeibaWeb/TodayRaceInfo/Odds3LenFuku?k_babaCode=19&k_raceDate=2026%2F09%2F28&k_raceNo=1
2026-09-28 14:30:00,14:29,2026-09-28,funabashi,1,10,三連複,1-9-11,69.6,69.6,22,https://www.keiba.go.jp/KeibaWeb/TodayRaceInfo/Odds3LenFuku?k_babaCode=19&k_raceDate=2026%2F09%2F28&k_raceNo=1
2026-09-28 14:30:00,14:29,2026-09-28,funabashi,1,10,三連複,1-9-12,275.4,275.4,61,https://www.keiba.go.jp/KeibaWeb/TodayRaceInfo/Odds3LenFuku?k_babaCode=19&k_raceDate=2026%2F09%2F28&k_raceNo=1
2026-09-28 14:30:00,14:29,2026-09-28,funabashi,1,10,三連複,10-11-12,1507.1,1507.1,142,https://www.keiba.go.jp/KeibaWeb/TodayRaceInfo/Odds3LenFuku?k_babaCode=19&k_raceDate=2026%2F09%2F28&k_raceNo=1
2026-09-28 14:30:00,14:29,2026-09-28,funabashi,1,10,三連複,2-10-11,2135.0,2135.0,160,https://www.keiba.go.jp/KeibaWeb/TodayRaceInfo/Odds3LenFuku?k_babaCode=19&k_raceDate=2026%2F09%2F28&k_raceNo=1
2026-09-28 14:30:00,14:29,2026-09-28,funabashi,1,10,三連複,2-10-12,6405.1,6405.1,208,https://www.keiba.go.jp/KeibaWeb/TodayRaceInfo/Odds3LenFuku?k_babaCode=19&k_raceDate=2026%2F09%2F28&k_raceNo=1
2026-09-28 14:30:00,14:29,2026-09-28,funabashi,1,10,三連複,2-11-12,1507.1,1507.1,142,https://www.keiba.go.jp/KeibaWeb/TodayRaceInfo/Odds3LenFuku?k_babaCode=19&k_raceDate=2026%2F09%2F28&k_raceNo=1
2026-09-28 14:30:00,14:29,2026-09-28,funabashi,1,10,三連複,2-3-10,25620.7,25620.7,219,https://www.keiba.go.jp/KeibaWeb/TodayRaceInfo/Odds3LenFuku?k_babaCode=19&k_raceDate=2026%2F09%2F28&k_raceNo=1
2026-09-28 14:30:00,14:29,2026-09-28,funabashi,1,10,三連複,2-3-11,1507.1,1507.1,142,https://www.keiba.go.jp/KeibaWeb/TodayRaceInfo/Odds3LenFuku?k_babaCode=19&k_raceDate=2026%2F09%2F28&k_raceNo=1
2026-09-28 14:30:00,14:29,2026-09-28,funabashi,1,10,三連複,2-3-12,2329.1,2329.1,168,https://www.keiba.go.jp/KeibaWeb/TodayRaceInfo/Odds3LenFuku?k_babaCode=19&k_raceDate=2026%2F09%2F28&k_raceNo=1
2026-09-28 14:30:00,14:29,2026-09-28,funabashi,1,10,三連複,2-3-4,3202.5,3202.5,184,https://www.keiba.go.jp/KeibaWeb/TodayRaceInfo/Odds3LenFuku?k_babaCode=19&k_raceDate=2026%2F09%2F28&k_raceNo=1
2026-09-28 14:30:00,14:29,2026-09-28,funabashi,1,10,三連複,2-3-5,610.0,610.0,91,https://www.keiba.go.jp/KeibaWeb/TodayRaceInfo/Odds3LenFuku?k_babaCode=19&k_raceDate=2026%2F09%2F28&k_raceNo=1
2026-09-28 14:30:00,14:29,2026-09-28,funabashi,1,10,三連複,2-3-6,2562.0,2562.0,172,https://www.keiba.go.jp/KeibaWeb/TodayRaceInfo/Odds3LenFuku?k_babaCode=19&k_raceDate=2026%2F09%2F28&k_raceNo=1
2026-09-28 14:30:00,14:29,2026-09-28,funabashi,1,10,三連複,2-3-7,5124.1,5124.1,202,https://www.keiba.go.jp/KeibaWeb/TodayRaceInfo/Odds3LenFuku?k_babaCode=19&k_raceDate=2026%2F09%2F28&k_raceNo=1
2026-09-28 14:30:00,14:29,2026-09-28,funabashi,1,10,三連複,2-3-8,826.4,826.4,103,https://www.keiba.go.jp/KeibaWeb/TodayRaceInfo/Odds3LenFuku?k_babaCode=19&k_raceDate=2026%2F09%2F28&k_raceNo=1
2026-09-28 14:30:00,14:29,2026-09-28,funabashi,1,10,三連複,2-3-9,948.9,948.9,108,https://www.keiba.go.jp/KeibaWeb/TodayRaceInfo/Odds3LenFuku?k_babaCode=19&k_raceDate=2026%2F09%2F28&k_raceNo=1
2026-09-28 14:30:00,14:29,2026-09-28,funabashi,1,10,三連複,2-4-10,3202.5,3202.5,184,https://www.keiba.go.jp/KeibaWeb/TodayRaceInfo/Odds3LenFuku?k_babaCode=19&k_raceDate=2026%2F09%2F28&k_raceNo=1
2026-09-28 14:30:00,14:29,2026-09-28,funabashi,1,10,三連複,2-4-11,1830.0,1830.0,153,https://www.keiba.go.jp/KeibaWeb/TodayRaceInfo/Odds3LenFuku?k_babaCode=19&k_raceDate=2026%2F09%2F28&k_raceNo=1
2026-09-28 14:30:00,14:29,2026-09-28,funabashi,1,10,三連複,2-4-12,3660.1,3660.1,192,https://www.keiba.go.jp/KeibaWeb/TodayRaceInfo/Odds3LenFuku?k_babaCode=19&k_raceDate=2026%2F09%2F28&k_raceNo=1
2026-09-28 14:30:00,14:29,2026-09-28,funabashi,1,10,三連複,2-4-5,610.0,610.0,91,https://www.keiba.go.jp/KeibaWeb/TodayRaceInfo/Odds3LenFuku?k_babaCode=19&k_raceDate=2026%2F09%2F28&k_raceNo=1
2026-09-28 14:30:00,14:29,2026-09-28,funabashi,1,10,三連複,2-4-6,5124.1,5124.1,202,https://www.keiba.go.jp/KeibaWeb/TodayRaceInfo/Odds3LenFuku?k_babaCode=19&k_raceDate=2026%2F09%2F28&k_raceNo=1
2026-09-28 14:30:00,14:29,2026-09-28,funabashi,1,10,三連複,2-4-7,1067.5,1067.5,120,https://www.keiba.go.jp/KeibaWeb/TodayRaceInfo/Odds3LenFuku?k_babaCode=19&k_raceDate=2026%2F09%2F28&k_raceNo=1
2026-09-28 14:30:00,14:29,2026-09-28,funabashi,1,10,三連複,2-4-8,948.9,948.9,108,https://www.keiba.go.jp/KeibaWeb/TodayRaceInfo/Odds3LenFuku?k_babaCode=19&k_raceDate=2026%2F09%2F28&k_raceNo=1
2026-09-28 14:30:00,14:29,2026-09-28,funabashi,1,10,三連複,2-4-9,1348.4,1348.4,136,https://www.keiba.go.jp/KeibaWeb/TodayRaceInfo/Odds3LenFuku?k_babaCode=19&k_raceDate=2026%2F09%2F28&k_raceNo=1
2026-09-28 14:30:00,14:29,2026-09-28,funabashi,1,10,三連複,2-5-10,711.6,711.6,97,https://www.keiba.go.jp/KeibaWeb/TodayRaceInfo/Odds3LenFuku?k_babaCode=19&k_raceDate=2026%2F09%2F28&k_raceNo=1
2026-09-28 14:30:00,14:29,2026-09-28,funabashi,1,10,三連複,2-5-11,115.4,115.4,29,https://www.keiba.go.jp/KeibaWeb/TodayRaceInfo/Odds3LenFuku?k_babaCode=19&k_raceDate=2026%2F09%2F28&k_raceNo=1
2026-09-28 14:30:00,14:29,2026-09-28,funabashi,1,10,三連複,2-5-12,406.6,406.6,77,https://www.keiba.go.jp/KeibaWeb/TodayRaceInfo/Odds3LenFuku?k_babaCode=19&k_raceDate=2026%2F09%2F28&k_raceNo=1
2026-09-28 14:30:00,14:29,2026-09-28,funabashi,1,10,三連複,2-5-6,556.9,556.9,85,https://www.keiba.go.jp/KeibaWeb/TodayRaceInfo/Odds3LenFuku?k_babaCode=19&k_raceDate=2026%2F09%2F28&k_raceNo=1
2026-09-28 14:30:00,14:29,2026-09-28,funabashi,1,10,三連複,2-5-7,88.3,88.3,25,https://www.keiba.go.jp/KeibaWeb/TodayRaceInfo/Odds3LenFuku?k_babaCode=19&k_raceDate=2026%2F09%2F28&k_raceNo=1
2026-09-28 14:30:00,14:29,2026-09-28,funabashi,1,10,三連複,2-5-8,81.3,81.3,24,https://www.keiba.go.jp/KeibaWeb/TodayRaceInfo/Odds3LenFuku?k_babaCode=19&k_raceDate=2026%2F09%2F28&k_raceNo=1
2026-09-28 14:30:00,14:29,2026-09-28,funabashi,1,10,三連複,2-5-9,34.5,34.5,11,https://www.keiba.go.jp/KeibaWeb/TodayRaceInfo/Odds3LenFuku?k_babaCode=19&k_raceDate=2026%2F09%2F28&k_raceNo=1
2026-09-28 14:30:00,14:29,2026-09-28,funabashi,1,10,三連複,2-6-10,6405.1,6405.1,208,https://www.keiba.go.jp/KeibaWeb/TodayRaceInfo/Odds3LenFuku?k_babaCode=19&k_raceDate=2026%2F09%2F28&k_raceNo=1
2026-09-28 14:30:00,14:29,2026-09-28,funabashi,1,10,三連複,2-6-11,2562.0,2562.0,172,https://www.keiba.go.jp/KeibaWeb/TodayRaceInfo/Odds3LenFuku?k_babaCode=19&k_raceDate=2026%2F09%2F28&k_raceNo=1
2026-09-28 14:30:00,14:29,2026-09-28,funabashi,1,10,三連複,2-6-12,8540.2,8540.2,213,https://www.keiba.go.jp/KeibaWeb/TodayRaceInfo/Odds3LenFuku?k_babaCode=19&k_raceDate=2026%2F09%2F28&k_raceNo=1
2026-09-28 14:30:00,14:29,2026-09-28,funabashi,1,10,三連複,2-6-7,1348.4,1348.4,136,https://www.keiba.go.jp/KeibaWeb/TodayRaceInfo/Odds3LenFuku?k_babaCode=19&k_raceDate=2026%2F09%2F28&k_raceNo=1
2026-09-28 14:30:00,14:29,2026-09-28,funabashi,1,10,三連複,2-6-8,1220.0,1220.0,129,https://www.keiba.go.jp/KeibaWeb/TodayRaceInfo/Odds3LenFuku?k_babaCode=19&k_raceDate=2026%2F09%2F28&k_raceNo=1
2026-09-28 14:30:00,14:29,2026-09-28,funabashi,1,10,三連複,2-6-9,1281.0,1281.0,131,https://www.keiba.go.jp/KeibaWeb/TodayRaceInfo/Odds3LenFuku?k_babaCode=19&k_raceDate=2026%2F09%2F28&k_raceNo=1
2026-09-28 14:30:00,14:29,2026-09-28,funabashi,1,10,三連複,2-7-10,2846.7,2846.7,179,https://www.keiba.go.jp/KeibaWeb/TodayRaceInfo/Odds3LenFuku?k_babaCode=19&k_raceDate=2026%2F09%2F28&k_raceNo=1
2026-09-28 14:30:00,14:29,2026-09-28,funabashi,1,10,三連複,2-7-11,388.1,388.1,76,https://www.keiba.go.jp/KeibaWeb/TodayRaceInfo/Odds3LenFuku?k_babaCode=19&k_raceDate=2026%2F09%2F28&k_raceNo=1
2026-09-28 14:30:00,14:29,2026-09-28,funabashi,1,10,三連複,2-7-12,1970.8,1970.8,156,https://www.keiba.go.jp/KeibaWeb/TodayRaceInfo/Odds3LenFuku?k_babaCode=19&k_raceDate=2026%2F09%2F28&k_raceNo=1
2026-09-28 14:30:00,14:29,2026-09-28,funabashi,1,10,三連複,2-7-8,328.4,328.4,66,https://www.keiba.go.jp/KeibaWeb/TodayRaceInfo/Odds3LenFuku?k_babaCode=19&k_raceDate=2026%2F09%2F28&k_raceNo=1
2026-09-28 14:30:00,14:29,2026-09-28,funabashi,1,10,三連複,2-7-9,175.4,175.4,43,https://www.keiba.go.jp/KeibaWeb/TodayRaceInfo/Odds3LenFuku?k_babaCode=19&k_raceDate=2026%2F09%2F28&k_raceNo=1
2026-09-28 14:30:00,14:29,2026-09-28,funabashi,1,10,三連複,2-8-10,1708.0,1708.0,150,https://www.keiba.go.jp/KeibaWeb/TodayRaceInfo/Odds3LenFuku?k_babaCode=19&k_raceDate=2026%2F09%2F28&k_raceNo=1
2026-09-28 14:30:00,14:29,2026-09-28,funabashi,1,10,三連複,2-8-11,224.7,224.7,49,https://www.keiba.go.jp/KeibaWeb/TodayRaceInfo/Odds3LenFuku?k_babaCode=19&k_raceDate=2026%2F09%2F28&k_raceNo=1
2026-09-28 14:30:00,14:29,2026-09-28,funabashi,1,10,三連複,2-8-12,883.4,883.4,104,https://www.keiba.go.jp/KeibaWeb/TodayRaceInfo/Odds3LenFuku?k_babaCode=19&k_raceDate=2026%2F09%2F28&k_raceNo=1
2026-09-28 14:30:00,14:29,2026-09-28,funabashi,1,10,三連複,2-8-9,130.7,130.7,33,https://www.keiba.go.jp/KeibaWeb/TodayRaceInfo/Odds3LenFuku?k_babaCode=19&k_raceDate=2026%2F09%2F28&k_raceNo=1
2026-09-28 14:30:00,14:29,2026-09-28,funabashi,1,10,三連複,2-9-10,1113.9,1113.9,125,https://www.keiba.go.jp/KeibaWeb/TodayRaceInfo/Odds3LenFuku?k_babaCode=19&k_raceDate=2026%2F09%2F28&k_raceNo=1
2026-09-28 14:30:00,14:29,2026-09-28,funabashi,1,10,三連複,2-9-11,151.6,151.6,38,https://www.keiba.go.jp/KeibaWeb/TodayRaceInfo/Odds3LenFuku?k_babaCode=19&k_raceDate=2026%2F09%2F28&k_raceNo=1
2026-09-28 14:30:00,14:29,2026-09-28,funabashi,1,10,三連複,2-9-12,948.9,948.9,108,https://www.keiba.go.jp/KeibaWeb/TodayRaceInfo/Odds3LenFuku?k_babaCode=19&k_raceDate=2026%2F09%2F28&k_raceNo=1
2026-09-28 14:30:00,14:29,2026-09-28,funabashi,1,10,三連複,3-10-11,5124.1,5124.1,202,https://www.keiba.go.jp/KeibaWeb/TodayRaceInfo/Odds3LenFuku?k_babaCode=19&k_raceDate=2026%2F09%2F28&k_raceNo=1
2026-09-28 14:30:00,14:29,2026-09-28,funabashi,1,10,三連複,3-10-12,1830.0,1830.0,153,https://www.keiba.go.jp/KeibaWeb/TodayRaceInfo/Odds3LenFuku?k_babaCode=19&k_raceDate=2026%2F09%2F28&k_raceNo=1
2026-09-28 14:30:00,14:29,2026-09-28,funabashi,1,10,三連複,3-11-12,1970.8,1970.8,156,https://www.keiba.go.jp/KeibaWeb/TodayRaceInfo/Odds3LenFuku?k_babaCode=19&k_raceDate=2026%2F09%2F28&k_raceNo=1
2026-09-28 14:30:00,14:29,2026-09-28,funabashi,1,10,三連複,3-4-10,6405.1,6405.1,208,https://www.keiba.go.jp/KeibaWeb/TodayRaceInfo/Odds3LenFuku?k_babaCode=19&k_raceDate=2026%2F09%2F28&k_raceNo=1
2026-09-28 14:30:00,14:29,2026-09-28,funabashi,1,10,三連複,3-4-11,1601.2,1601.2,148,https://www.keiba.go.jp/KeibaWeb/TodayRaceInfo/Odds3LenFuku?k_babaCode=19&k_raceDate=2026%2F09%2F28&k_raceNo=1
2026-09-28 14:30:00,14:29,2026-09-28,funabashi,1,10,三連複,3-4-12,8540.2,8540.2,213,https://www.keiba.go.jp/KeibaWeb/TodayRaceInfo/Odds3LenFuku?k_babaCode=19&k_raceDate=2026%2F09%2F28&k_raceNo=1
2026-09-28 14:30:00,14:29,2026-09-28,funabashi,1,10,三連複,3-4-5,1067.5,1067.5,120,https://www.keiba.go.jp/KeibaWeb/TodayRaceInfo/Odds3LenFuku?k_babaCode=19&k_raceDate=2026%2F09%2F28&k_raceNo=1
2026-09-28 14:30:00,14:29,2026-09-28,funabashi,1,10,三連複,3-4-6,4270.1,4270.1,199,https://www.keiba.go.jp/KeibaWeb/TodayRaceInfo/Odds3LenFuku?k_babaCode=19&k_raceDate=2026%2F09%2F28&k_raceNo=1
2026-09-28 14:30:00,14:29,2026-09-28,funabashi,1,10,三連複,3-4-7,2329.1,2329.1,168,https://www.keiba.go.jp/KeibaWeb/TodayRaceInfo/Odds3LenFuku?k_babaCode=19&k_raceDate=2026%2F09%2F28&k_raceNo=1
2026-09-28 14:30:00,14:29,2026-09-28,funabashi,1,10,三連複,3-4-8,2846.7,2846.7,179,https://www.keiba.go.jp/KeibaWeb/TodayRaceInfo/Odds3LenFuku?k_babaCode=19&k_raceDate=2026%2F09%2F28&k_raceNo=1
2026-09-28 14:30:00,14:29,2026-09-28,funabashi,1,10,三連複,3-4-9,2135.0,2135.0,160,https://www.keiba.go.jp/KeibaWeb/TodayRaceInfo/Odds3LenFuku?k_babaCode=19&k_raceDate=2026%2F09%2F28&k_raceNo=1
2026-09-28 14:30:00,14:29,2026-09-28,funabashi,1,10,三連複,3-5-10,1281.0,1281.0,131,https://www.keiba.go.jp/KeibaWeb/TodayRaceInfo/Odds3LenFuku?k_babaCode=19&k_raceDate=2026%2F09%2F28&k_raceNo=1
2026-09-28 14:30:00,14:29,2026-09-28,funabashi,1,10,三連複,3-5-11,266.8,266.8,58,https://www.keiba.go.jp/KeibaWeb/TodayRaceInfo/Odds3LenFuku?k_babaCode=19&k_raceDate=2026%2F09%2F28&k_raceNo=1
2026-09-28 14:30:00,14:29,2026-09-28,funabashi,1,10,三連複,3-5-12,732.0,732.0,99,https://www.keiba.go.jp/KeibaWeb/TodayRaceInfo/Odds3LenFuku?k_babaCode=19&k_raceDate=2026%2F09%2F28&k_raceNo=1
2026-09-28 14:30:00,14:29,2026-09-28,funabashi,1,10,三連複,3-5-6,915.0,915.0,107,https://www.keiba.go.jp/KeibaWeb/TodayRaceInfo/Odds3LenFuku?k_babaCode=19&k_raceDate=2026%2F09%2F28&k_raceNo=1
2026-09-28 14:30:00,14:29,2026-09-28,funabashi,1,10,三連複,3-5-7,167.4,167.4,40,https://www.keiba.go.jp/KeibaWeb/TodayRaceInfo/Odds3LenFuku?k_babaCode=19&k_raceDate=2026%2F09%2F28&k_raceNo=1
2026-09-28 14:30:00,14:29,2026-09-28,funabashi,1,10,三連複,3-5-8,173.1,173.1,42,https://www.keiba.go.jp/KeibaWeb/TodayRaceInfo/Odds3LenFuku?k_babaCode=19&k_raceDate=2026%2F09%2F28&k_raceNo=1
2026-09-28 14:30:00,14:29,2026-09-28,funabashi,1,10,三連複,3-5-9,67.6,67.6,20,https://www.keiba.go.jp/KeibaWeb/TodayRaceInfo/Odds3LenFuku?k_babaCode=19&k_raceDate=2026%2F09%2F28&k_raceNo=1
2026-09-28 14:30:00,14:29,2026-09-28,funabashi,1,10,三連複,3-6-10,5124.1,5124.1,202,https://www.keiba.go.jp/KeibaWeb/TodayRaceInfo/Odds3LenFuku?k_babaCode=19&k_raceDate=2026%2F09%2F28&k_raceNo=1
2026-09-28 14:30:00,14:29,2026-09-28,funabashi,1,10,三連複,3-6-11,3202.5,3202.5,184,https://www.keiba.go.jp/KeibaWeb/TodayRaceInfo/Odds3LenFuku?k_babaCode=19&k_raceDate=2026%2F09%2F28&k_raceNo=1
2026-09-28 14:30:00,14:29,2026-09-28,funabashi,1,10,三連複,3-6-12,12810.3,12810.3,217,https://www.keiba.go.jp/KeibaWeb/TodayRaceInfo/Odds3LenFuku?k_babaCode=19&k_raceDate=2026%2F09%2F28&k_raceNo=1
2026-09-28 14:30:00,14:29,2026-09-28,funabashi,1,10,三連複,3-6-7,2846.7,2846.7,179,https://www.keiba.go.jp/KeibaWeb/TodayRaceInfo/Odds3LenFuku?k_babaCode=19&k_raceDate=2026%2F09%2F28&k_raceNo=1
2026-09-28 14:30:00,14:29,2026-09-28,funabashi,1,10,三連複,3-6-8,1348.4,1348.4,136,https://www.keiba.go.jp/KeibaWeb/TodayRaceInfo/Odds3LenFuku?k_babaCode=19&k_raceDate=2026%2F09%2F28&k_raceNo=1
2026-09-28 14:30:00,14:29,2026-09-28,funabashi,1,10,三連複,3-6-9,948.9,948.9,108,https://www.keiba.go.jp/KeibaWeb/TodayRaceInfo/Odds3LenFuku?k_babaCode=19&k_raceDate=2026%2F09%2F28&k_raceNo=1
2026-09-28 14:30:00,14:29,2026-09-28,funabashi,1,10,三連複,3-7-10,2135.0,2135.0,160,https://www.keiba.go.jp/KeibaWeb/TodayRaceInfo/Odds3LenFuku?k_babaCode=19&k_raceDate=2026%2F09%2F28&k_raceNo=1
2026-09-28 14:30:00,14:29,2026-09-28,funabashi,1,10,三連複,3-7-11,1281.0,1281.0,131,https://www.keiba.go.jp/KeibaWeb/TodayRaceInfo/Odds3LenFuku?k_babaCode=19&k_raceDate=2026%2F09%2F28&k_raceNo=1
2026-09-28 14:30:00,14:29,2026-09-28,funabashi,1,10,三連複,3-7-12,2135.0,2135.0,160,https://www.keiba.go.jp/KeibaWeb/TodayRaceInfo/Odds3LenFuku?k_babaCode=19&k_raceDate=2026%2F09%2F28&k_raceNo=1
2026-09-28 14:30:00,14:29,2026-09-28,funabashi,1,10,三連複,3-7-8,692.4,692.4,96,https://www.keiba.go.jp/KeibaWeb/TodayRaceInfo/Odds3LenFuku?k_babaCode=19&k_raceDate=2026%2F09%2F28&k_raceNo=1
2026-09-28 14:30:00,14:29,2026-09-28,funabashi,1,10,三連複,3-7-9,366.0,366.0,72,https://www.keiba.go.jp/KeibaWeb/TodayRaceInfo/Odds3LenFuku?k_babaCode=19&k_raceDate=2026%2F09%2F28&k_raceNo=1
2026-09-28 14:30:00,14:29,2026-09-28,funabashi,1,10,三連複,3-8-10,2135.0,2135.0,160,https://www.keiba.go.jp/KeibaWeb/TodayRaceInfo/Odds3LenFuku?k_babaCode=19&k_raceDate=2026%2F09%2F28&k_raceNo=1
2026-09-28 14:30:00,14:29,2026-09-28,funabashi,1,10,三連複,3-8-11,556.9,556.9,85,https://www.keiba.go.jp/KeibaWeb/TodayRaceInfo/Odds3LenFuku?k_babaCode=19&k_raceDate=2026%2F09%2F28&k_raceNo=1
2026-09-28 14:30:00,14:29,2026-09-28,funabashi,1,10,三連複,3-8-12,1423.3,1423.3,140,https://www.keiba.go.jp/KeibaWeb/TodayRaceInfo/Odds3LenFuku?k_babaCode=19&k_raceDate=2026%2F09%2F28&k_raceNo=1
2026-09-28 14:30:00,14:29,2026-09-28,funabashi,1,10,三連複,3-8-9,222.7,222.7,48,https://www.keiba.go.jp/KeibaWeb/TodayRaceInfo/Odds3LenFuku?k_babaCode=19&k_raceDate=2026%2F09%2F28&k_raceNo=1
2026-09-28 14:30:00,14:29,2026-09-28,funabashi,1,10,三連複,3-9-10,2846.7,2846.7,179,https://www.keiba.go.jp/KeibaWeb/TodayRaceInfo/Odds3LenFuku?k_babaCode=19&k_raceDate=2026%2F09%2F28&k_raceNo=1
2026-09-28 14:30:00,14:29,2026-09-28,funabashi,1,10,三連複,3-9-11,449.4,449.4,81,https://www.keiba.go.jp/KeibaWeb/TodayRaceInfo/Odds3LenFuku?k_babaCode=19&k_raceDate=2026%2F09%2F28&k_raceNo=1
2026-09-28 14:30:00,14:29,2026-09-28,funabashi,1,10,三連複,3-9-12,732.0,732.0,99,https://www.keiba.go.jp/KeibaWeb/TodayRaceInfo/Odds3LenFuku?k_babaCode=19&k_raceDate=2026%2F09%2F28&k_raceNo=1
2026-09-28 14:30:00,14:29,2026-09-28,funabashi,1,10,三連複,4-10-11,3660.1,3660.1,192,https://www.keiba.go.jp/KeibaWeb/TodayRaceInfo/Odds3LenFuku?k_babaCode=19&k_raceDate=2026%2F09%2F28&k_raceNo=1
2026-09-28 14:30:00,14:29,2026-09-28,funabashi,1,10,三連複,4-10-12,5124.1,5124.1,202,https://www.keiba.go.jp/KeibaWeb/TodayRaceInfo/Odds3LenFuku?k_babaCode=19&k_raceDate=2026%2F09%2F28&k_raceNo=1
2026-09-28 14:30:00,14:29,2026-09-28,funabashi,1,10,三連複,4-11-12,2562.0,2562.0,172,https://www.keiba.go.jp/KeibaWeb/TodayRaceInfo/Odds3LenFuku?k_babaCode=19&k_raceDate=2026%2F09%2F28&k_raceNo=1
2026-09-28 14:30:00,14:29,2026-09-28,funabashi,1,10,三連複,4-5-10,1708.0,1708.0,150,https://www.keiba.go.jp/KeibaWeb/TodayRaceInfo/Odds3LenFuku?k_babaCode=19&k_raceDate=2026%2F09%2F28&k_raceNo=1
2026-09-28 14:30:00,14:29,2026-09-28,funabashi,1,10,三連複,4-5-11,256.2,256.2,54,https://www.keiba.go.jp/KeibaWeb/TodayRaceInfo/Odds3LenFuku?k_babaCode=19&k_raceDate=2026%2F09%2F28&k_raceNo=1
2026-09-28 14:30:00,14:29,2026-09-28,funabashi,1,10,三連複,4-5-12,1281.0,1281.0,131,https://www.keiba.go.jp/KeibaWeb/TodayRaceInfo/Odds3LenFuku?k_babaCode=19&k_raceDate=2026%2F09%2F28&k_raceNo=1
2026-09-28 14:30:00,14:29,2026-09-28,funabashi,1,10,三連複,4-5-6,1423.3,1423.3,140,https://www.keiba.go.jp/KeibaWeb/TodayRaceInfo/Odds3LenFuku?k_babaCode=19&k_raceDate=2026%2F09%2F28&k_raceNo=1
2026-09-28 14:30:00,14:29,2026-09-28,funabashi,1,10,三連複,4-5-7,213.5,213.5,46,https://www.keiba.go.jp/KeibaWeb/TodayRaceInfo/Odds3LenFuku?k_babaCode=19&k_raceDate=2026%2F09%2F28&k_raceNo=1
2026-09-28 14:30:00,14:29,2026-09-28,funabashi,1,10,三連複,4-5-8,177.9,177.9,44,https://www.keiba.go.jp/KeibaWeb/TodayRaceInfo/Odds3LenFuku?k_babaCode=19&k_raceDate=2026%2F09%2F28&k_raceNo=1
2026-09-28 14:30:00,14:29,2026-09-28,funabashi,1,10,三連複,4-5-9,65.1,65.1,19,https://www.keiba.go.jp/KeibaWeb/TodayRaceInfo/Odds3LenFuku?k_babaCode=19&k_raceDate=2026%2F09%2F28&k_raceNo=1
2026-09-28 14:30:00,14:29,2026-09-28,funabashi,1,10,三連複,4-6-10,6405.1,6405.1,208,https://www.keiba.go.jp/KeibaWeb/TodayRaceInfo/Odds3LenFuku?k_babaCode=19&k_raceDate=2026%2F09%2F28&k_raceNo=1
2026-09-28 14:30:00,14:29,2026-09-28,funabashi,1,10,三連複,4-6-11,3202.5,3202.5,184,https://www.keiba.go.jp/KeibaWeb/TodayRaceInfo/Odds3LenFuku?k_babaCode=19&k_raceDate=2026%2F09%2F28&k_raceNo=1
2026-09-28 14:30:00,14:29,2026-09-28,funabashi,1,10,三連複,4-6-12,25620.7,25620.7,219,https://www.keiba.go.jp/KeibaWeb/TodayRaceInfo/Odds3LenFuku?k_babaCode=19&k_raceDate=2026%2F09%2F28&k_raceNo=1
2026-09-28 14:30:00,14:29,2026-09-28,funabashi,1,10,三連複,4-6-7,2562.0,2562.0,172,https://www.keiba.go.jp/KeibaWeb/TodayRaceInfo/Odds3LenFuku?k_babaCode=19&k_raceDate=2026%2F09%2F28&k_raceNo=1
2026-09-28 14:30:00,14:29,2026-09-28,funabashi,1,10,三連複,4-6-8,2135.0,2135.0,160,https://www.keiba.go.jp/KeibaWeb/TodayRaceInfo/Odds3LenFuku?k_babaCode=19&k_raceDate=2026%2F09%2F28&k_raceNo=1
2026-09-28 14:30:00,14:29,2026-09-28,funabashi,1,10,三連複,4-6-9,1830.0,1830.0,153,https://www.keiba.go.jp/KeibaWeb/TodayRaceInfo/Odds3LenFuku?k_babaCode=19&k_raceDate=2026%2F09%2F28&k_raceNo=1
2026-09-28 14:30:00,14:29,2026-09-28,funabashi,1,10,三連複,4-7-10,5124.1,5124.1,202,https://www.keiba.go.jp/KeibaWeb/TodayRaceInfo/Odds3LenFuku?k_babaCode=19&k_raceDate=2026%2F09%2F28&k_raceNo=1
2026-09-28 14:30:00,14:29,2026-09-28,funabashi,1,10,三連複,4-7-11,776.3,776.3,102,https://www.keiba.go.jp/KeibaWeb/TodayRaceInfo/Odds3LenFuku?k_babaCode=19&k_raceDate=2026%2F09%2F28&k_raceNo=1
2026-09-28 14:30:00,14:29,2026-09-28,funabashi,1,10,三連複,4-7-12,3660.1,3660.1,192,https://www.keiba.go.jp/KeibaWeb/TodayRaceInfo/Odds3LenFuku?k_babaCode=19&k_raceDate=2026%2F09%2F28&k_raceNo=1
2026-09-28 14:30:00,14:29,2026-09-28,funabashi,1,10,三連複,4-7-8,1024.8,1024.8,114,https://www.keiba.go.jp/KeibaWeb/TodayRaceInfo/Odds3LenFuku?k_babaCode=19&k_raceDate=2026%2F09%2F28&k_raceNo=1
2026-09-28 14:30:00,14:29,2026-09-28,funabashi,1,10,三連複,4-7-9,324.3,324.3,64,https://www.keiba.go.jp/KeibaWeb/TodayRaceInfo/Odds3LenFuku?k_babaCode=19&k_raceDate=2026%2F09%2F28&k_raceNo=1
2026-09-28 14:30:00,14:29,2026-09-28,funabashi,1,10,三連複,4-8-10,2135.0,2135.0,160,https://www.keiba.go.jp/KeibaWeb/TodayRaceInfo/Odds3LenFuku?k_babaCode=19&k_raceDate=2026%2F09%2F28&k_raceNo=1
2026-09-28 14:30:00,14:29,2026-09-28,funabashi,1,10,三連複,4-8-11,624.8,624.8,94,https://www.keiba.go.jp/KeibaWeb/TodayRaceInfo/Odds3LenFuku?k_babaCode=19&k_raceDate=2026%2F09%2F28&k_raceNo=1
2026-09-28 14:30:00,14:29,2026-09-28,funabashi,1,10,三連複,4-8-12,3202.5,3202.5,184,https://www.keiba.go.jp/KeibaWeb/TodayRaceInfo/Odds3LenFuku?k_babaCode=19&k_raceDate=2026%2F09%2F28&k_raceNo=1
2026-09-28 14:30:00,14:29,2026-09-28,funabashi,1,10,三連複,4-8-9,253.6,253.6,52,https://www.keiba.go.jp/KeibaWeb/TodayRaceInfo/Odds3LenFuku?k_babaCode=19&k_raceDate=2026%2F09%2F28&k_raceNo=1
2026-09-28 14:30:00,14:29,2026-09-28,funabashi,1,10,三連複,4-9-10,2846.7,2846.7,179,https://www.keiba.go.jp/KeibaWeb/TodayRaceInfo/Odds3LenFuku?k_babaCode=19&k_raceDate=2026%2F09%2F28&k_raceNo=1
2026-09-28 14:30:00,14:29,2026-09-28,funabashi,1,10,三連複,4-9-11,305.0,305.0,63,https://www.keiba.go.jp/KeibaWeb/TodayRaceInfo/Odds3LenFuku?k_babaCode=19&k_raceDate=2026%2F09%2F28&k_raceNo=1
2026-09-28 14:30:00,14:29,2026-09-28,funabashi,1,10,三連複,4-9-12,1507.1,1507.1,142,https://www.keiba.go.jp/KeibaWeb/TodayRaceInfo/Odds3LenFuku?k_babaCode=19&k_raceDate=2026%2F09%2F28&k_raceNo=1
2026-09-28 14:30:00,14:29,2026-09-28,funabashi,1,10,三連複,5-10-11,376.7,376.7,73,https://www.keiba.go.jp/KeibaWeb/TodayRaceInfo/Odds3LenFuku?k_babaCode=19&k_raceDate=2026%2F09%2F28&k_raceNo=1
2026-09-28 14:30:00,14:29,2026-09-28,funabashi,1,10,三連複,5-10-12,948.9,948.9,108,https://www.keiba.go.jp/KeibaWeb/TodayRaceInfo/Odds3LenFuku?k_babaCode=19&k_raceDate=2026%2F09%2F28&k_raceNo=1
2026-09-28 14:30:00,14:29,2026-09-28,funabashi,1,10,三連複,5-11-12,167.4,167.4,40,https://www.keiba.go.jp/KeibaWeb/TodayRaceInfo/Odds3LenFuku?k_babaCode=19&k_raceDate=2026%2F09%2F28&k_raceNo=1
2026-09-28 14:30:00,14:29,2026-09-28,funabashi,1,10,三連複,5-6-10,2135.0,2135.0,160,https://www.keiba.go.jp/KeibaWeb/TodayRaceInfo/Odds3LenFuku?k_babaCode=19&k_raceDate=2026%2F09%2F28&k_raceNo=1
2026-09-28 14:30:00,14:29,2026-09-28,funabashi,1,10,三連複,5-6-11,248.7,248.7,51,https://www.keiba.go.jp/KeibaWeb/TodayRaceInfo/Odds3LenFuku?k_babaCode=19&k_raceDate=2026%2F09%2F28&k_raceNo=1
2026-09-28 14:30:00,14:29,2026-09-28,funabashi,1,10,三連複,5-6-12,1024.8,1024.8,114,https://www.keiba.go.jp/KeibaWeb/TodayRaceInfo/Odds3LenFuku?k_babaCode=19&k_raceDate=2026%2F09%2F28&k_raceNo=1
2026-09-28 14:30:00,14:29,2026-09-28,funabashi,1,10,三連複,5-6-7,126.2,126.2,32,https://www.keiba.go.jp/KeibaWeb/TodayRaceInfo/Odds3LenFuku?k_babaCode=19&k_raceDate=2026%2F09%2F28&k_raceNo=1
2026-09-28 14:30:00,14:29,2026-09-28,funabashi,1,10,三連複,5-6-8,140.7,140.7,37,https://www.keiba.go.jp/KeibaWeb/TodayRaceInfo/Odds3LenFuku?k_babaCode=19&k_raceDate=2026%2F09%2F28&k_raceNo=1
2026-09-28 14:30:00,14:29,2026-09-28,funabashi,1,10,三連複,5-6-9,64.0,64.0,18,https://www.keiba.go.jp/KeibaWeb/TodayRaceInfo/Odds3LenFuku?k_babaCode=19&k_raceDate=2026%2F09%2F28&k_raceNo=1
2026-09-28 14:30:00,14:29,2026-09-28,funabashi,1,10,三連複,5-7-10,275.4,275.4,61,https://www.keiba.go.jp/KeibaWeb/TodayRaceInfo/Odds3LenFuku?k_babaCode=19&k_raceDate=2026%2F09%2F28&k_raceNo=1
2026-09-28 14:30:00,14:29,2026-09-28,funabashi,1,10,三連複,5-7-11,24.8,24.8,7,https://www.keiba.go.jp/KeibaWeb/TodayRaceInfo/Odds3LenFuku?k_babaCode=19&k_raceDate=2026%2F09%2F28&k_raceNo=1
2026-09-28 14:30:00,14:29,2026-09-28,funabashi,1,10,三連複,5-7-12,88.9,88.9,26,https://www.keiba.go.jp/KeibaWeb/TodayRaceInfo/Odds3LenFuku?k_babaCode=19&k_raceDate=2026%2F09%2F28&k_raceNo=1
2026-09-28 14:30:00,14:29,2026-09-28,funabashi,1,10,三連複,5-7-8,20.8,20.8,5,https://www.keiba.go.jp/KeibaWeb/TodayRaceInfo/Odds3LenFuku?k_babaCode=19&k_raceDate=2026%2F09%2F28&k_raceNo=1
2026-09-28 14:30:00,14:29,2026-09-28,funabashi,1,10,三連複,5-7-9,5.7,5.7,1,https://www.keiba.go.jp/KeibaWeb/TodayRaceInfo/Odds3LenFuku?k_babaCode=19&k_raceDate=2026%2F09%2F28&k_raceNo=1
2026-09-28 14:30:00,14:29,2026-09-28,funabashi,1,10,三連複,5-8-10,165.2,165.2,39,https://www.keiba.go.jp/KeibaWeb/TodayRaceInfo/Odds3LenFuku?k_babaCode=19&k_raceDate=2026%2F09%2F28&k_raceNo=1
2026-09-28 14:30:00,14:29,2026-09-28,funabashi,1,10,三連複,5-8-11,22.1,22.1,6,https://www.keiba.go.jp/KeibaWeb/TodayRaceInfo/Odds3LenFuku?k_babaCode=19&k_raceDate=2026%2F09%2F28&k_raceNo=1
2026-09-28 14:30:00,14:29,2026-09-28,funabashi,1,10,三連複,5-8-12,130.7,130.7,33,https://www.keiba.go.jp/KeibaWeb/TodayRaceInfo/Odds3LenFuku?k_babaCode=19&k_raceDate=2026%2F09%2F28&k_raceNo=1
2026-09-28 14:30:00,14:29,2026-09-28,funabashi,1,10,三連複,5-8-9,7.1,7.1,2,https://www.keiba.go.jp/KeibaWeb/TodayRaceInfo/Odds3LenFuku?k_babaCode=19&k_raceDate=2026%2F09%2F28&k_raceNo=1
2026-09-28 14:30:00,14:29,2026-09-28,funabashi,1,10,三連複,5-9-10,68.1,68.1,21,https://www.keiba.go.jp/KeibaWeb/TodayRaceInfo/Odds3LenFuku?k_babaCode=19&k_raceDate=2026%2F09%2F28&k_raceNo=1
2026-09-28 14:30:00,14:29,2026-09-28,funabashi,1,10,三連複,5-9-11,8.4,8.4,3,https://www.keiba.go.jp/KeibaWeb/TodayRaceInfo/Odds3LenFuku?k_babaCode=19&k_raceDate=2026%2F09%2F28&k_raceNo=1
2026-09-28 14:30:00,14:29,2026-09-28,funabashi,1,10,三連複,5-9-12,34.6,34.6,12,https://www.keiba.go.jp/KeibaWeb/TodayRaceInfo/Odds3LenFuku?k_babaCode=19&k_raceDate=2026%2F09%2F28&k_raceNo=1
2026-09-28 14:30:00,14:29,2026-09-28,funabashi,1,10,三連複,6-10-11,2562.0,2562.0,172,https://www.keiba.go.jp/KeibaWeb/TodayRaceInfo/Odds3LenFuku?k_babaCode=19&k_raceDate=2026%2F09%2F28&k_raceNo=1
2026-09-28 14:30:00,14:29,2026-09-28,funabashi,1,10,三連複,6-10-12,8540.2,8540.2,213,https://www.keiba.go.jp/KeibaWeb/TodayRaceInfo/Odds3LenFuku?k_babaCode=19&k_raceDate=2026%2F09%2F28&k_raceNo=1
2026-09-28 14:30:00,14:29,2026-09-28,funabashi,1,10,三連複,6-11-12,3660.1,3660.1,192,https://www.keiba.go.jp/KeibaWeb/TodayRaceInfo/Odds3LenFuku?k_babaCode=19&k_raceDate=2026%2F09%2F28&k_raceNo=1
2026-09-28 14:30:00,14:29,2026-09-28,funabashi,1,10,三連複,6-7-10,3202.5,3202.5,184,https://www.keiba.go.jp/KeibaWeb/TodayRaceInfo/Odds3LenFuku?k_babaCode=19&k_raceDate=2026%2F09%2F28&k_raceNo=1
2026-09-28 14:30:00,14:29,2026-09-28,funabashi,1,10,三連複,6-7-11,1024.8,1024.8,114,https://www.keiba.go.jp/KeibaWeb/TodayRaceInfo/Odds3LenFuku?k_babaCode=19&k_raceDate=2026%2F09%2F28&k_raceNo=1
2026-09-28 14:30:00,14:29,2026-09-28,funabashi,1,10,三連複,6-7-12,3660.1,3660.1,192,https://www.keiba.go.jp/KeibaWeb/TodayRaceInfo/Odds3LenFuku?k_babaCode=19&k_raceDate=2026%2F09%2F28&k_raceNo=1
2026-09-28 14:30:00,14:29,2026-09-28,funabashi,1,10,三連複,6-7-8,595.8,595.8,90,https://www.keiba.go.jp/KeibaWeb/TodayRaceInfo/Odds3LenFuku?k_babaCode=19&k_raceDate=2026%2F09%2F28&k_raceNo=1
2026-09-28 14:30:00,14:29,2026-09-28,funabashi,1,10,三連複,6-7-9,272.5,272.5,60,https://www.keiba.go.jp/KeibaWeb/TodayRaceInfo/Odds3LenFuku?k_babaCode=19&k_raceDate=2026%2F09%2F28&k_raceNo=1
2026-09-28 14:30:00,14:29,2026-09-28,funabashi,1,10,三連複,6-8-10,3202.5,3202.5,184,https://www.keiba.go.jp/KeibaWeb/TodayRaceInfo/Odds3LenFuku?k_babaCode=19&k_raceDate=2026%2F09%2F28&k_raceNo=1
2026-09-28 14:30:00,14:29,2026-09-28,funabashi,1,10,三連複,6-8-11,732.0,732.0,99,https://www.keiba.go.jp/KeibaWeb/TodayRaceInfo/Odds3LenFuku?k_babaCode=19&k_raceDate=2026%2F09%2F28&k_raceNo=1
2026-09-28 14:30:00,14:29,2026-09-28,funabashi,1,10,三連複,6-8-12,8540.2,8540.2,213,https://www.keiba.go.jp/KeibaWeb/TodayRaceInfo/Odds3LenFuku?k_babaCode=19&k_raceDate=2026%2F09%2F28&k_raceNo=1
2026-09-28 14:30:00,14:29,2026-09-28,funabashi,1,10,三連複,6-8-9,261.4,261.4,55,https://www.keiba.go.jp/KeibaWeb/TodayRaceInfo/Odds3LenFuku?k_babaCode=19&k_raceDate=2026%2F09%2F28&k_raceNo=1
2026-09-28 14:30:00,14:29,2026-09-28,funabashi,1,10,三連複,6-9-10,6405.1,6405.1,208,https://www.keiba.go.jp/KeibaWeb/TodayRaceInfo/Odds3LenFuku?k_babaCode=19&k_raceDate=2026%2F09%2F28&k_raceNo=1
2026-09-28 14:30:00,14:29,2026-09-28,funabashi,1,10,三連複,6-9-11,332.7,332.7,68,https://www.keiba.go.jp/KeibaWeb/TodayRaceInfo/Odds3LenFuku?k_babaCode=19&k_raceDate=2026%2F09%2F28&k_raceNo=1
2026-09-28 14:30:00,14:29,2026-09-28,funabashi,1,10,三連複,6-9-12,4270.1,4270.1,199,https://www.keiba.go.jp/KeibaWeb/TodayRaceInfo/Odds3LenFuku?k_babaCode=19&k_raceDate=2026%2F09%2F28&k_raceNo=1
2026-09-28 14:30:00,14:29,2026-09-28,funabashi,1,10,三連複,7-10-11,883.4,883.4,104,https://www.keiba.go.jp/KeibaWeb/TodayRaceInfo/Odds3LenFuku?k_babaCode=19&k_raceDate=2026%2F09%2F28&k_raceNo=1
2026-09-28 14:30:00,14:29,2026-09-28,funabashi,1,10,三連複,7-10-12,2562.0,2562.0,172,https://www.keiba.go.jp/KeibaWeb/TodayRaceInfo/Odds3LenFuku?k_babaCode=19&k_raceDate=2026%2F09%2F28&k_raceNo=1
2026-09-28 14:30:00,14:29,2026-09-28,funabashi,1,10,三連複,7-11-12,382.3,382.3,74,https://www.keiba.go.jp/KeibaWeb/TodayRaceInfo/Odds3LenFuku?k_babaCode=19&k_raceDate=2026%2F09%2F28&k_raceNo=1
2026-09-28 14:30:00,14:29,2026-09-28,funabashi,1,10,三連複,7-8-10,711.6,711.6,97,https://www.keiba.go.jp/KeibaWeb/TodayRaceInfo/Odds3LenFuku?k_babaCode=19&k_raceDate=2026%2F09%2F28&k_raceNo=1
2026-09-28 14:30:00,14:29,2026-09-28,funabashi,1,10,三連複,7-8-11,70.5,70.5,23,https://www.keiba.go.jp/KeibaWeb/TodayRaceInfo/Odds3LenFuku?k_babaCode=19&k_raceDate=2026%2F09%2F28&k_raceNo=1
2026-09-28 14:30:00,14:29,2026-09-28,funabashi,1,10,三連複,7-8-12,337.1,337.1,70,https://www.keiba.go.jp/KeibaWeb/TodayRaceInfo/Odds3LenFuku?k_babaCode=19&k_raceDate=2026%2F09%2F28&k_raceNo=1
2026-09-28 14:30:00,14:29,2026-09-28,funabashi,1,10,三連複,7-8-9,27.3,27.3,9,https://www.keiba.go.jp/KeibaWeb/TodayRaceInfo/Odds3LenFuku?k_babaCode=19&k_raceDate=2026%2F09%2F28&k_raceNo=1
2026-09-28 14:30:00,14:29,2026-09-28,funabashi,1,10,三連複,7-9-10,253.6,253.6,52,https://www.keiba.go.jp/KeibaWeb/TodayRaceInfo/Odds3LenFuku?k_babaCode=19&k_raceDate=2026%2F09%2F28&k_raceNo=1
2026-09-28 14:30:00,14:29,2026-09-28,funabashi,1,10,三連複,7-9-11,33.0,33.0,10,https://www.keiba.go.jp/KeibaWeb/TodayRaceInfo/Odds3LenFuku?k_babaCode=19&k_raceDate=2026%2F09%2F28&k_raceNo=1
2026-09-28 14:30:00,14:29,2026-09-28,funabashi,1,10,三連複,7-9-12,97.7,97.7,27,https://www.keiba.go.jp/KeibaWeb/TodayRaceInfo/Odds3LenFuku?k_babaCode=19&k_raceDate=2026%2F09%2F28&k_raceNo=1
2026-09-28 14:30:00,14:29,2026-09-28,funabashi,1,10,三連複,8-10-11,441.7,441.7,80,https://www.keiba.go.jp/KeibaWeb/TodayRaceInfo/Odds3LenFuku?k_babaCode=19&k_raceDate=2026%2F09%2F28&k_raceNo=1
2026-09-28 14:30:00,14:29,2026-09-28,funabashi,1,10,三連複,8-10-12,1024.8,1024.8,114,https://www.keiba.go.jp/KeibaWeb/TodayRaceInfo/Odds3LenFuku?k_babaCode=19&k_raceDate=2026%2F09%2F28&k_raceNo=1
2026-09-28 14:30:00,14:29,2026-09-28,funabashi,1,10,三連複,8-11-12,261.4,261.4,55,https://www.keiba.go.jp/KeibaWeb/TodayRaceInfo/Odds3LenFuku?k_babaCode=19&k_raceDate=2026%2F09%2F28&k_raceNo=1
2026-09-28 14:30:00,14:29,2026-09-28,funabashi,1,10,三連複,8-9-10,232.9,232.9,50,https://www.keiba.go.jp/KeibaWeb/TodayRaceInfo/Odds3LenFuku?k_babaCode=19&k_raceDate=2026%2F09%2F28&k_raceNo=1
2026-09-28 14:30:00,14:29,2026-09-28,funabashi,1,10,三連複,8-9-11,26.9,26.9,8,https://www.keiba.go.jp/KeibaWeb/TodayRaceInfo/Odds3LenFuku?k_babaCode=19&k_raceDate=2026%2F09%2F28&k_raceNo=1
2026-09-28 14:30:00,14:29,2026-09-28,funabashi,1,10,三連複,8-9-12,116.4,116.4,30,https://www.keiba.go.jp/KeibaWeb/TodayRaceInfo/Odds3LenFuku?k_babaCode=19&k_raceDate=2026%2F09%2F28&k_raceNo=1
2026-09-28 14:30:00,14:29,2026-09-28,funabashi,1,10,三連複,9-10-11,332.7,332.7,68,https://www.keiba.go.jp/KeibaWeb/TodayRaceInfo/Odds3LenFuku?k_babaCode=19&k_raceDate=2026%2F09%2F28&k_raceNo=1
2026-09-28 14:30:00,14:29,2026-09-28,funabashi,1,10,三連複,9-10-12,1067.5,1067.5,120,https://www.keiba.go.jp/KeibaWeb/TodayRaceInfo/Odds3LenFuku?k_babaCode=19&k_raceDate=2026%2F09%2F28&k_raceNo=1
2026-09-28 14:30:00,14:29,2026-09-28,funabashi,1,10,三連複,9-11-12,136.2,136.2,35,https://www.keiba.go.jp/KeibaWeb/TodayRaceInfo/Odds3LenFuku?k_babaCode=19&k_raceDate=2026%2F09%2F28&k_raceNo=1
2026-09-28 14:30:00,14:29,2026-09-28,funabashi,1,10,馬連,1-10,653.6,653.6,53,https://www.keiba.go.jp/KeibaWeb/TodayRaceInfo/OddsUmLenFuku?k_babaCode=19&k_raceDate=2026%2F09%2F28&k_raceNo=1
2026-09-28 14:30:00,14:29,2026-09-28,funabashi,1,10,馬連,1-11,102.8,102.8,22,https://www.keiba.go.jp/KeibaWeb/TodayRaceInfo/OddsUmLenFuku?k_babaCode=19&k_raceDate=2026%2F09%2F28&k_raceNo=1
2026-09-28 14:30:00,14:29,2026-09-28,funabashi,1,10,馬連,1-12,135.5,135.5,27,https://www.keiba.go.jp/KeibaWeb/TodayRaceInfo/OddsUmLenFuku?k_babaCode=19&k_raceDate=2026%2F09%2F28&k_raceNo=1
2026-09-28 14:30:00,14:29,2026-09-28,funabashi,1,10,馬連,1-2,284.9,284.9,35,https://www.keiba.go.jp/KeibaWeb/TodayRaceInfo/OddsUmLenFuku?k_babaCode=19&k_raceDate=2026%2F09%2F28&k_raceNo=1
2026-09-28 14:30:00,14:29,2026-09-28,funabashi,1,10,馬連,1-3,483.1,483.1,48,https://www.keiba.go.jp/KeibaWeb/TodayRaceInfo/OddsUmLenFuku?k_babaCode=19&k_raceDate=2026%2F09%2F28&k_raceNo=1
2026-09-28 14:30:00,14:29,2026-09-28,funabashi,1,10,馬連,1-4,411.5,411.5,41,https://www.keiba.go.jp/KeibaWeb/TodayRaceInfo/OddsUmLenFuku?k_babaCode=19&k_raceDate=2026%2F09%2F28&k_raceNo=1
2026-09-28 14:30:00,14:29,2026-09-28,funabashi,1,10,馬連,1-5,27.5,27.5,9,https://www.keiba.go.jp/KeibaWeb/TodayRaceInfo/OddsUmLenFuku?k_babaCode=19&k_raceDate=2026%2F09%2F28&k_raceNo=1
2026-09-28 14:30:00,14:29,2026-09-28,funabashi,1,10,馬連,1-6,529.1,529.1,50,https://www.keiba.go.jp/KeibaWeb/TodayRaceInfo/OddsUmLenFuku?k_babaCode=19&k_raceDate=2026%2F09%2F28&k_raceNo=1
2026-09-28 14:30:00,14:29,2026-09-28,funabashi,1,10,馬連,1-7,107.8,107.8,23,https://www.keiba.go.jp/KeibaWeb/TodayRaceInfo/OddsUmLenFuku?k_babaCode=19&k_raceDate=2026%2F09%2F28&k_raceNo=1
2026-09-28 14:30:00,14:29,2026-09-28,funabashi,1,10,馬連,1-8,69.0,69.0,16,https://www.keiba.go.jp/KeibaWeb/TodayRaceInfo/OddsUmLenFuku?k_babaCode=19&k_raceDate=2026%2F09%2F28&k_raceNo=1
2026-09-28 14:30:00,14:29,2026-09-28,funabashi,1,10,馬連,1-9,37.5,37.5,11,https://www.keiba.go.jp/KeibaWeb/TodayRaceInfo/OddsUmLenFuku?k_babaCode=19&k_raceDate=2026%2F09%2F28&k_raceNo=1
2026-09-28 14:30:00,14:29,2026-09-28,funabashi,1,10,馬連,10-11,411.5,411.5,41,https://www.keiba.go.jp/KeibaWeb/TodayRaceInfo/OddsUmLenFuku?k_babaCode=19&k_raceDate=2026%2F09%2F28&k_raceNo=1
2026-09-28 14:30:00,14:29,2026-09-28,funabashi,1,10,馬連,10-12,793.7,793.7,54,https://www.keiba.go.jp/KeibaWeb/TodayRaceInfo/OddsUmLenFuku?k_babaCode=19&k_raceDate=2026%2F09%2F28&k_raceNo=1
2026-09-28 14:30:00,14:29,2026-09-28,funabashi,1,10,馬連,11-12,116.9,116.9,25,https://www.keiba.go.jp/KeibaWeb/TodayRaceInfo/OddsUmLenFuku?k_babaCode=19&k_raceDate=2026%2F09%2F28&k_raceNo=1
2026-09-28 14:30:00,14:29,2026-09-28,funabashi,1,10,馬連,2-10,5556.0,5556.0,66,https://www.keiba.go.jp/KeibaWeb/TodayRaceInfo/OddsUmLenFuku?k_babaCode=19&k_raceDate=2026%2F09%2F28&k_raceNo=1
2026-09-28 14:30:00,14:29,2026-09-28,funabashi,1,10,馬連,2-11,163.4,163.4,31,https://www.keiba.go.jp/KeibaWeb/TodayRaceInfo/OddsUmLenFuku?k_babaCode=19&k_raceDate=2026%2F09%2F28&k_raceNo=1
2026-09-28 14:30:00,14:29,2026-09-28,funabashi,1,10,馬連,2-12,292.4,292.4,37,https://www.keiba.go.jp/KeibaWeb/TodayRaceInfo/OddsUmLenFuku?k_babaCode=19&k_raceDate=2026%2F09%2F28&k_raceNo=1
2026-09-28 14:30:00,14:29,2026-09-28,funabashi,1,10,馬連,2-3,584.8,584.8,52,https://www.keiba.go.jp/KeibaWeb/TodayRaceInfo/OddsUmLenFuku?k_babaCode=19&k_raceDate=2026%2F09%2F28&k_raceNo=1
2026-09-28 14:30:00,14:29,2026-09-28,funabashi,1,10,馬連,2-4,854.7,854.7,57,https://www.keiba.go.jp/KeibaWeb/TodayRaceInfo/OddsUmLenFuku?k_babaCode=19&k_raceDate=2026%2F09%2F28&k_raceNo=1
2026-09-28 14:30:00,14:29,2026-09-28,funabashi,1,10,馬連,2-5,61.0,61.0,14,https://www.keiba.go.jp/KeibaWeb/TodayRaceInfo/OddsUmLenFuku?k_babaCode=19&k_raceDate=2026%2F09%2F28&k_raceNo=1
2026-09-28 14:30:00,14:29,2026-09-28,funabashi,1,10,馬連,2-6,1234.6,1234.6,59,https://www.keiba.go.jp/KeibaWeb/TodayRaceInfo/OddsUmLenFuku?k_babaCode=19&k_raceDate=2026%2F09%2F28&k_raceNo=1
2026-09-28 14:30:00,14:29,2026-09-28,funabashi,1,10,馬連,2-7,213.6,213.6,34,https://www.keiba.go.jp/KeibaWeb/TodayRaceInfo/OddsUmLenFuku?k_babaCode=19&k_raceDate=2026%2F09%2F28&k_raceNo=1
2026-09-28 14:30:00,14:29,2026-09-28,funabashi,1,10,馬連,2-8,142.4,142.4,29,https://www.keiba.go.jp/KeibaWeb/TodayRaceInfo/OddsUmLenFuku?k_babaCode=19&k_raceDate=2026%2F09%2F28&k_raceNo=1
2026-09-28 14:30:00,14:29,2026-09-28,funabashi,1,10,馬連,2-9,74.5,74.5,17,https://www.keiba.go.jp/KeibaWeb/TodayRaceInfo/OddsUmLenFuku?k_babaCode=19&k_raceDate=2026%2F09%2F28&k_raceNo=1
2026-09-28 14:30:00,14:29,2026-09-28,funabashi,1,10,馬連,3-10,1852.0,1852.0,63,https://www.keiba.go.jp/KeibaWeb/TodayRaceInfo/OddsUmLenFuku?k_babaCode=19&k_raceDate=2026%2F09%2F28&k_raceNo=1
2026-09-28 14:30:00,14:29,2026-09-28,funabashi,1,10,馬連,3-11,411.5,411.5,41,https://www.keiba.go.jp/KeibaWeb/TodayRaceInfo/OddsUmLenFuku?k_babaCode=19&k_raceDate=2026%2F09%2F28&k_raceNo=1
2026-09-28 14:30:00,14:29,2026-09-28,funabashi,1,10,馬連,3-12,793.7,793.7,54,https://www.keiba.go.jp/KeibaWeb/TodayRaceInfo/OddsUmLenFuku?k_babaCode=19&k_raceDate=2026%2F09%2F28&k_raceNo=1
2026-09-28 14:30:00,14:29,2026-09-28,funabashi,1,10,馬連,3-4,1389.0,1389.0,61,https://www.keiba.go.jp/KeibaWeb/TodayRaceInfo/OddsUmLenFuku?k_babaCode=19&k_raceDate=2026%2F09%2F28&k_raceNo=1
2026-09-28 14:30:00,14:29,2026-09-28,funabashi,1,10,馬連,3-5,101.0,101.0,21,https://www.keiba.go.jp/KeibaWeb/TodayRaceInfo/OddsUmLenFuku?k_babaCode=19&k_raceDate=2026%2F09%2F28&k_raceNo=1
2026-09-28 14:30:00,14:29,2026-09-28,funabashi,1,10,馬連,3-6,1852.0,1852.0,63,https://www.keiba.go.jp/KeibaWeb/TodayRaceInfo/OddsUmLenFuku?k_babaCode=19&k_raceDate=2026%2F09%2F28&k_raceNo=1
2026-09-28 14:30:00,14:29,2026-09-28,funabashi,1,10,馬連,3-7,505.0,505.0,49,https://www.keiba.go.jp/KeibaWeb/TodayRaceInfo/OddsUmLenFuku?k_babaCode=19&k_raceDate=2026%2F09%2F28&k_raceNo=1
2026-09-28 14:30:00,14:29,2026-09-28,funabashi,1,10,馬連,3-8,411.5,411.5,41,https://www.keiba.go.jp/KeibaWeb/TodayRaceInfo/OddsUmLenFuku?k_babaCode=19&k_raceDate=2026%2F09%2F28&k_raceNo=1
2026-09-28 14:30:00,14:29,2026-09-28,funabashi,1,10,馬連,3-9,198.4,198.4,32,https://www.keiba.go.jp/KeibaWeb/TodayRaceInfo/OddsUmLenFuku?k_babaCode=19&k_raceDate=2026%2F09%2F28&k_raceNo=1
2026-09-28 14:30:00,14:29,2026-09-28,funabashi,1,10,馬連,4-10,1587.4,1587.4,62,https://www.keiba.go.jp/KeibaWeb/TodayRaceInfo/OddsUmLenFuku?k_babaCode=19&k_raceDate=2026%2F09%2F28&k_raceNo=1
2026-09-28 14:30:00,14:29,2026-09-28,funabashi,1,10,馬連,4-11,529.1,529.1,50,https://www.keiba.go.jp/KeibaWeb/TodayRaceInfo/OddsUmLenFuku?k_babaCode=19&k_raceDate=2026%2F09%2F28&k_raceNo=1
2026-09-28 14:30:00,14:29,2026-09-28,funabashi,1,10,馬連,4-12,427.3,427.3,45,https://www.keiba.go.jp/KeibaWeb/TodayRaceInfo/OddsUmLenFuku?k_babaCode=19&k_raceDate=2026%2F09%2F28&k_raceNo=1
2026-09-28 14:30:00,14:29,2026-09-28,funabashi,1,10,馬連,4-5,150.1,150.1,30,https://www.keiba.go.jp/KeibaWeb/TodayRaceInfo/OddsUmLenFuku?k_babaCode=19&k_raceDate=2026%2F09%2F28&k_raceNo=1
2026-09-28 14:30:00,14:29,2026-09-28,funabashi,1,10,馬連,4-6,1234.6,1234.6,59,https://www.keiba.go.jp/KeibaWeb/TodayRaceInfo/OddsUmLenFuku?k_babaCode=19&k_raceDate=2026%2F09%2F28&k_raceNo=1
2026-09-28 14:30:00,14:29,2026-09-28,funabashi,1,10,馬連,4-7,358.4,358.4,39,https://www.keiba.go.jp/KeibaWeb/TodayRaceInfo/OddsUmLenFuku?k_babaCode=19&k_raceDate=2026%2F09%2F28&k_raceNo=1
2026-09-28 14:30:00,14:29,2026-09-28,funabashi,1,10,馬連,4-8,284.9,284.9,35,https://www.keiba.go.jp/KeibaWeb/TodayRaceInfo/OddsUmLenFuku?k_babaCode=19&k_raceDate=2026%2F09%2F28&k_raceNo=1
2026-09-28 14:30:00,14:29,2026-09-28,funabashi,1,10,馬連,4-9,198.4,198.4,32,https://www.keiba.go.jp/KeibaWeb/TodayRaceInfo/OddsUmLenFuku?k_babaCode=19&k_raceDate=2026%2F09%2F28&k_raceNo=1
2026-09-28 14:30:00,14:29,2026-09-28,funabashi,1,10,馬連,5-10,120.7,120.7,26,https://www.keiba.go.jp/KeibaWeb/TodayRaceInfo/OddsUmLenFuku?k_babaCode=19&k_raceDate=2026%2F09%2F28&k_raceNo=1
2026-09-28 14:30:00,14:29,2026-09-28,funabashi,1,10,馬連,5-11,13.6,13.6,5,https://www.keiba.go.jp/KeibaWeb/TodayRaceInfo/OddsUmLenFuku?k_babaCode=19&k_raceDate=2026%2F09%2F28&k_raceNo=1
2026-09-28 14:30:00,14:29,2026-09-28,funabashi,1,10,馬連,5-12,54.2,54.2,13,https://www.keiba.go.jp/KeibaWeb/TodayRaceInfo/OddsUmLenFuku?k_babaCode=19&k_raceDate=2026%2F09%2F28&k_raceNo=1
2026-09-28 14:30:00,14:29,2026-09-28,funabashi,1,10,馬連,5-6,93.3,93.3,19,https://www.keiba.go.jp/KeibaWeb/TodayRaceInfo/OddsUmLenFuku?k_babaCode=19&k_raceDate=2026%2F09%2F28&k_raceNo=1
2026-09-28 14:30:00,14:29,2026-09-28,funabashi,1,10,馬連,5-7,8.7,8.7,2,https://www.keiba.go.jp/KeibaWeb/TodayRaceInfo/OddsUmLenFuku?k_babaCode=19&k_raceDate=2026%2F09%2F28&k_raceNo=1
2026-09-28 14:30:00,14:29,2026-09-28,funabashi,1,10,馬連,5-8,10.5,10.5,3,https://www.keiba.go.jp/KeibaWeb/TodayRaceInfo/OddsUmLenFuku?k_babaCode=19&k_raceDate=2026%2F09%2F28&k_raceNo=1
2026-09-28 14:30:00,14:29,2026-09-28,funabashi,1,10,馬連,5-9,2.4,2.4,1,https://www.keiba.go.jp/KeibaWeb/TodayRaceInfo/OddsUmLenFuku?k_babaCode=19&k_raceDate=2026%2F09%2F28&k_raceNo=1
2026-09-28 14:30:00,14:29,2026-09-28,funabashi,1,10,馬連,6-10,1852.0,1852.0,63,https://www.keiba.go.jp/KeibaWeb/TodayRaceInfo/OddsUmLenFuku?k_babaCode=19&k_raceDate=2026%2F09%2F28&k_raceNo=1
2026-09-28 14:30:00,14:29,2026-09-28,funabashi,1,10,馬連,6-11,383.1,383.1,40,https://www.keiba.go.jp/KeibaWeb/TodayRaceInfo/OddsUmLenFuku?k_babaCode=19&k_raceDate=2026%2F09%2F28&k_raceNo=1
2026-09-28 14:30:00,14:29,2026-09-28,funabashi,1,10,馬連,6-12,793.7,793.7,54,https://www.keiba.go.jp/KeibaWeb/TodayRaceInfo/OddsUmLenFuku?k_babaCode=19&k_raceDate=2026%2F09%2F28&k_raceNo=1
2026-09-28 14:30:00,14:29,2026-09-28,funabashi,1,10,馬連,6-7,444.4,444.4,46,https://www.keiba.go.jp/KeibaWeb/TodayRaceInfo/OddsUmLenFuku?k_babaCode=19&k_raceDate=2026%2F09%2F28&k_raceNo=1
2026-09-28 14:30:00,14:29,2026-09-28,funabashi,1,10,馬連,6-8,444.4,444.4,46,https://www.keiba.go.jp/KeibaWeb/TodayRaceInfo/OddsUmLenFuku?k_babaCode=19&k_raceDate=2026%2F09%2F28&k_raceNo=1
2026-09-28 14:30:00,14:29,2026-09-28,funabashi,1,10,馬連,6-9,137.1,137.1,28,https://www.keiba.go.jp/KeibaWeb/TodayRaceInfo/OddsUmLenFuku?k_babaCode=19&k_raceDate=2026%2F09%2F28&k_raceNo=1
2026-09-28 14:30:00,14:29,2026-09-28,funabashi,1,10,馬連,7-10,1010.1,1010.1,58,https://www.keiba.go.jp/KeibaWeb/TodayRaceInfo/OddsUmLenFuku?k_babaCode=19&k_raceDate=2026%2F09%2F28&k_raceNo=1
2026-09-28 14:30:00,14:29,2026-09-28,funabashi,1,10,馬連,7-11,48.7,48.7,12,https://www.keiba.go.jp/KeibaWeb/TodayRaceInfo/OddsUmLenFuku?k_babaCode=19&k_raceDate=2026%2F09%2F28&k_raceNo=1
2026-09-28 14:30:00,14:29,2026-09-28,funabashi,1,10,馬連,7-12,95.7,95.7,20,https://www.keiba.go.jp/KeibaWeb/TodayRaceInfo/OddsUmLenFuku?k_babaCode=19&k_raceDate=2026%2F09%2F28&k_raceNo=1
2026-09-28 14:30:00,14:29,2026-09-28,funabashi,1,10,馬連,7-8,30.3,30.3,10,https://www.keiba.go.jp/KeibaWeb/TodayRaceInfo/OddsUmLenFuku?k_babaCode=19&k_raceDate=2026%2F09%2F28&k_raceNo=1
2026-09-28 14:30:00,14:29,2026-09-28,funabashi,1,10,馬連,7-9,13.7,13.7,6,https://www.keiba.go.jp/KeibaWeb/TodayRaceInfo/OddsUmLenFuku?k_babaCode=19&k_raceDate=2026%2F09%2F28&k_raceNo=1
2026-09-28 14:30:00,14:29,2026-09-28,funabashi,1,10,馬連,8-10,300.3,300.3,38,https://www.keiba.go.jp/KeibaWeb/TodayRaceInfo/OddsUmLenFuku?k_babaCode=19&k_raceDate=2026%2F09%2F28&k_raceNo=1
2026-09-28 14:30:00,14:29,2026-09-28,funabashi,1,10,馬連,8-11,22.9,22.9,8,https://www.keiba.go.jp/KeibaWeb/TodayRaceInfo/OddsUmLenFuku?k_babaCode=19&k_raceDate=2026%2F09%2F28&k_raceNo=1
2026-09-28 14:30:00,14:29,2026-09-28,funabashi,1,10,馬連,8-12,86.8,86.8,18,https://www.keiba.go.jp/KeibaWeb/TodayRaceInfo/OddsUmLenFuku?k_babaCode=19&k_raceDate=2026%2F09%2F28&k_raceNo=1
2026-09-28 14:30:00,14:29,2026-09-28,funabashi,1,10,馬連,8-9,12.8,12.8,4,https://www.keiba.go.jp/KeibaWeb/TodayRaceInfo/OddsUmLenFuku?k_babaCode=19&k_raceDate=2026%2F09%2F28&k_raceNo=1
2026-09-28 14:30:00,14:29,2026-09-28,funabashi,1,10,馬連,9-10,111.1,111.1,24,https://www.keiba.go.jp/KeibaWeb/TodayRaceInfo/OddsUmLenFuku?k_babaCode=19&k_raceDate=2026%2F09%2F28&k_raceNo=1
2026-09-28 14:30:00,14:29,2026-09-28,funabashi,1,10,馬連,9-11,18.3,18.3,7,https://www.keiba.go.jp/KeibaWeb/TodayRaceInfo/OddsUmLenFuku?k_babaCode=19&k_raceDate=2026%2F09%2F28&k_raceNo=1
2026-09-28 14:30:00,14:29,2026-09-28,funabashi,1,10,馬連,9-12,64.9,64.9,15,https://www.keiba.go.jp/KeibaWeb/TodayRaceInfo/OddsUmLenFuku?k_babaCode=19&k_raceDate=2026%2F09%2F28&k_raceNo=1
