captured_at,source_time,race_date,track,race_no,minutes_before,bet_type,combination,odds_low,odds_high,popularity,source_url
2026-10-06 19:15:00,19:14,2026-10-06,oi,10,15,単勝,1,13.7,13.7,4,https://www.keiba.go.jp/KeibaWeb/TodayRaceInfo/OddsTanFuku?k_babaCode=20&k_raceDate=2026%2F10%2F06&k_raceNo=10
2026-10-06 19:15:00,19:14,2026-10-06,oi,10,15,単勝,2,31.2,31.2,9,https://www.keiba.go.jp/KeibaWeb/TodayRaceInfo/OddsTanFuku?k_babaCode=20&k_raceDate=2026%2F10%2F06&k_raceNo=10
2026-10-06 19:15:00,19:14,2026-10-06,oi,10,15,単勝,3,36.4,36.4,11,https://www.keiba.go.jp/KeibaWeb/TodayRaceInfo/OddsTanFuku?k_babaCode=20&k_raceDate=2026%2F10%2F06&k_raceNo=10
2026-10-06 19:15:00,19:14,2026-10-06,oi,10,15,単勝,4,17.6,17.6,5,https://www.keiba.go.jp/KeibaWeb/TodayRaceInfo/OddsTanFuku?k_babaCode=20&k_raceDate=2026%2F10%2F06&k_raceNo=10
2026-10-06 19:15:00,19:14,2026-10-06,oi,10,15,単勝,5,29.9,29.9,8,https://www.keiba.go.jp/KeibaWeb/TodayRaceInfo/OddsTanFuku?k_babaCode=20&k_raceDate=2026%2F10%2F06&k_raceNo=10
2026-10-06 19:15:00,19:14,2026-10-06,oi,10,15,単勝,6,10.7,10.7,3,https://www.keiba.go.jp/KeibaWeb/TodayRaceInfo/OddsTanFuku?k_babaCode=20&k_raceDate=2026%2F10%2F06&k_raceNo=10
2026-10-06 19:15:00,19:14,2026-10-06,oi,10,15,単勝,7,53.5,53.5,13,https://www.keiba.go.jp/KeibaWeb/TodayRaceInfo/OddsTanFuku?k_babaCode=20&k_raceDate=2026%2F10%2F06&k_raceNo=10
2026-10-06 19:15:00,19:14,2026-10-06,oi,10,15,単勝,8,3.8,3.8,2,https://www.keiba.go.jp/KeibaWeb/TodayRaceInfo/OddsTanFuku?k_babaCode=20&k_raceDate=2026%2F10%2F06&k_raceNo=10
2026-10-06 19:15:00,19:14,2026-10-06,oi,10,15,単勝,9,121.9,121.9,15,https://www.keiba.go.jp/KeibaWeb/TodayRaceInfo/OddsTanFuku?k_babaCode=20&k_raceDate=2026%2F10%2F06&k_raceNo=10
2026-10-06 19:15:00,19:14,2026-10-06,oi,10,15,単勝,10,55.2,55.2,14,https://www.keiba.go.jp/KeibaWeb/TodayRaceInfo/OddsTanFuku?k_babaCode=20&k_raceDate=2026%2F10%2F06&k_raceNo=10
2026-10-06 19:15:00,19:14,2026-10-06,oi,10,15,単勝,11,29.7,29.7,7,https://www.keiba.go.jp/KeibaWeb/TodayRaceInfo/OddsTanFuku?k_babaCode=20&k_raceDate=2026%2F10%2F06&k_raceNo=10
2026-10-06 19:15:00,19:14,2026-10-06,oi,10,15,単勝,12,40.1,40.1,12,https://www.keiba.go.jp/KeibaWeb/TodayRaceInfo/OddsTanFuku?k_babaCode=20&k_raceDate=2026%2F10%2F06&k_raceNo=10
2026-10-06 19:15:00,19:14,2026-10-06,oi,10,15,単勝,13,24.7,24.7,6,https://www.keiba.go.jp/KeibaWeb/TodayRaceInfo/OddsTanFuku?k_babaCode=20&k_raceDate=2026%2F10%2F06&k_raceNo=10
2026-10-06 19:15:00,19:14,2026-10-06,oi,10,15,単勝,14,33.3,33.3,10,https://www.keiba.go.jp/KeibaWeb/TodayRaceInfo/OddsTanFuku?k_babaCode=20&k_raceDate=2026%2F10%2F06&k_raceNo=10
2026-10-06 19:15:00,19:14,2026-10-06,oi,10,15,単勝,16,2.0,2.0,1,https://www.keiba.go.jp/KeibaWeb/TodayRaceInfo/OddsTanFuku?k_babaCode=20&k_raceDate=2026%2F10%2F06&k_raceNo=10
2026-10-06 19:15:00,19:14,2026-10-06,oi,10,15,馬連,8-16,3.9,3.9,1,https://www.keiba.go.jp/KeibaWeb/TodayRaceInfo/OddsUmLenFuku?k_babaCode=20&k_raceDate=2026%2F10%2F06&k_raceNo=10
2026-10-06 19:15:00,19:14,2026-10-06,oi,10,15,馬連,6-8,14.6,14.6,2,https://www.keiba.go.jp/KeibaWeb/TodayRaceInfo/OddsUmLenFuku?k_babaCode=20&k_raceDate=2026%2F10%2F06&k_raceNo=10
2026-10-06 19:15:00,19:14,2026-10-06,oi,10,15,馬連,1-8,14.8,14.8,3,https://www.keiba.go.jp/KeibaWeb/TodayRaceInfo/OddsUmLenFuku?k_babaCode=20&k_raceDate=2026%2F10%2F06&k_raceNo=10
2026-10-06 19:15:00,19:14,2026-10-06,oi,10,15,馬連,6-16,17.0,17.0,5,https://www.keiba.go.jp/KeibaWeb/TodayRaceInfo/OddsUmLenFuku?k_babaCode=20&k_raceDate=2026%2F10%2F06&k_raceNo=10
2026-10-06 19:15:00,19:14,2026-10-06,oi,10,15,馬連,1-16,17.6,17.6,6,https://www.keiba.go.jp/KeibaWeb/TodayRaceInfo/OddsUmLenFuku?k_babaCode=20&k_raceDate=2026%2F10%2F06&k_raceNo=10
2026-10-06 19:15:00,19:14,2026-10-06,oi,10,15,馬連,4-8,22.4,22.4,8,https://www.keiba.go.jp/KeibaWeb/TodayRaceInfo/OddsUmLenFuku?k_babaCode=20&k_raceDate=2026%2F10%2F06&k_raceNo=10
2026-10-06 19:15:00,19:14,2026-10-06,oi,10,15,馬連,4-16,27.7,27.7,9,https://www.keiba.go.jp/KeibaWeb/TodayRaceInfo/OddsUmLenFuku?k_babaCode=20&k_raceDate=2026%2F10%2F06&k_raceNo=10
2026-10-06 19:15:00,19:14,2026-10-06,oi,10,15,馬連,2-8,30.7,30.7,10,https://www.keiba.go.jp/KeibaWeb/TodayRaceInfo/OddsUmLenFuku?k_babaCode=20&k_raceDate=2026%2F10%2F06&k_raceNo=10
2026-10-06 19:15:00,19:14,2026-10-06,oi,10,15,馬連,8-13,31.0,31.0,11,https://www.keiba.go.jp/KeibaWeb/TodayRaceInfo/OddsUmLenFuku?k_babaCode=20&k_raceDate=2026%2F10%2F06&k_raceNo=10
2026-10-06 19:15:00,19:14,2026-10-06,oi,10,15,馬連,5-8,31.5,31.5,12,https://www.keiba.go.jp/KeibaWeb/TodayRaceInfo/OddsUmLenFuku?k_babaCode=20&k_raceDate=2026%2F10%2F06&k_raceNo=10
2026-10-06 19:15:00,19:14,2026-10-06,oi,10,15,馬連,13-16,34.0,34.0,13,https://www.keiba.go.jp/KeibaWeb/TodayRaceInfo/OddsUmLenFuku?k_babaCode=20&k_raceDate=2026%2F10%2F06&k_raceNo=10
2026-10-06 19:15:00,19:14,2026-10-06,oi,10,15,馬連,3-8,34.1,34.1,14,https://www.keiba.go.jp/KeibaWeb/TodayRaceInfo/OddsUmLenFuku?k_babaCode=20&k_raceDate=2026%2F10%2F06&k_raceNo=10
2026-10-06 19:15:00,19:14,2026-10-06,oi,10,15,馬連,5-16,35.3,35.3,15,https://www.keiba.go.jp/KeibaWeb/TodayRaceInfo/OddsUmLenFuku?k_babaCode=20&k_raceDate=2026%2F10%2F06&k_raceNo=10
2026-10-06 19:15:00,19:14,2026-10-06,oi,10,15,馬連,2-16,43.5,43.5,16,https://www.keiba.go.jp/KeibaWeb/TodayRaceInfo/OddsUmLenFuku?k_babaCode=20&k_raceDate=2026%2F10%2F06&k_raceNo=10
2026-10-06 19:15:00,19:14,2026-10-06,oi,10,15,馬連,1-6,49.3,49.3,17,https://www.keiba.go.jp/KeibaWeb/TodayRaceInfo/OddsUmLenFuku?k_babaCode=20&k_raceDate=2026%2F10%2F06&k_raceNo=10
2026-10-06 19:15:00,19:14,2026-10-06,oi,10,15,馬連,3-16,51.0,51.0,18,https://www.keiba.go.jp/KeibaWeb/TodayRaceInfo/OddsUmLenFuku?k_babaCode=20&k_raceDate=2026%2F10%2F06&k_raceNo=10
2026-10-06 19:15:00,19:14,2026-10-06,oi,10,15,馬連,8-11,53.5,53.5,19,https://www.keiba.go.jp/KeibaWeb/TodayRaceInfo/OddsUmLenFuku?k_babaCode=20&k_raceDate=2026%2F10%2F06&k_raceNo=10
2026-10-06 19:15:00,19:14,2026-10-06,oi,10,15,馬連,4-6,54.3,54.3,20,https://www.keiba.go.jp/KeibaWeb/TodayRaceInfo/OddsUmLenFuku?k_babaCode=20&k_raceDate=2026%2F10%2F06&k_raceNo=10
2026-10-06 19:15:00,19:14,2026-10-06,oi,10,15,馬連,8-12,60.9,60.9,22,https://www.keiba.go.jp/KeibaWeb/TodayRaceInfo/OddsUmLenFuku?k_babaCode=20&k_raceDate=2026%2F10%2F06&k_raceNo=10
2026-10-06 19:15:00,19:14,2026-10-06,oi,10,15,馬連,2-6,62.9,62.9,23,https://www.keiba.go.jp/KeibaWeb/TodayRaceInfo/OddsUmLenFuku?k_babaCode=20&k_raceDate=2026%2F10%2F06&k_raceNo=10
2026-10-06 19:15:00,19:14,2026-10-06,oi,10,15,馬連,6-13,64.2,64.2,24,https://www.keiba.go.jp/KeibaWeb/TodayRaceInfo/OddsUmLenFuku?k_babaCode=20&k_raceDate=2026%2F10%2F06&k_raceNo=10
2026-10-06 19:15:00,19:14,2026-10-06,oi,10,15,馬連,11-16,65.5,65.5,25,https://www.keiba.go.jp/KeibaWeb/TodayRaceInfo/OddsUmLenFuku?k_babaCode=20&k_raceDate=2026%2F10%2F06&k_raceNo=10
2026-10-06 19:15:00,19:14,2026-10-06,oi,10,15,馬連,12-16,67.9,67.9,26,https://www.keiba.go.jp/KeibaWeb/TodayRaceInfo/OddsUmLenFuku?k_babaCode=20&k_raceDate=2026%2F10%2F06&k_raceNo=10
2026-10-06 19:15:00,19:14,2026-10-06,oi,10,15,馬連,1-4,69.5,69.5,27,https://www.keiba.go.jp/KeibaWeb/TodayRaceInfo/OddsUmLenFuku?k_babaCode=20&k_raceDate=2026%2F10%2F06&k_raceNo=10
2026-10-06 19:15:00,19:14,2026-10-06,oi,10,15,馬連,4-5,73.1,73.1,28,https://www.keiba.go.jp/KeibaWeb/TodayRaceInfo/OddsUmLenFuku?k_babaCode=20&k_raceDate=2026%2F10%2F06&k_raceNo=10
2026-10-06 19:15:00,19:14,2026-10-06,oi,10,15,馬連,3-6,83.8,83.8,31,https://www.keiba.go.jp/KeibaWeb/TodayRaceInfo/OddsUmLenFuku?k_babaCode=20&k_raceDate=2026%2F10%2F06&k_raceNo=10
2026-10-06 19:15:00,19:14,2026-10-06,oi,10,15,馬連,1-2,85.0,85.0,32,https://www.keiba.go.jp/KeibaWeb/TodayRaceInfo/OddsUmLenFuku?k_babaCode=20&k_raceDate=2026%2F10%2F06&k_raceNo=10
2026-10-06 19:15:00,19:14,2026-10-06,oi,10,15,馬連,10-16,89.0,89.0,33,https://www.keiba.go.jp/KeibaWeb/TodayRaceInfo/OddsUmLenFuku?k_babaCode=20&k_raceDate=2026%2F10%2F06&k_raceNo=10
2026-10-06 19:15:00,19:14,2026-10-06,oi,10,15,馬連,5-6,89.7,89.7,34,https://www.keiba.go.jp/KeibaWeb/TodayRaceInfo/OddsUmLenFuku?k_babaCode=20&k_raceDate=2026%2F10%2F06&k_raceNo=10
2026-10-06 19:15:00,19:14,2026-10-06,oi,10,15,馬連,1-5,93.3,93.3,37,https://www.keiba.go.jp/KeibaWeb/TodayRaceInfo/OddsUmLenFuku?k_babaCode=20&k_raceDate=2026%2F10%2F06&k_raceNo=10
2026-10-06 19:15:00,19:14,2026-10-06,oi,10,15,馬連,2-4,100.1,100.1,38,https://www.keiba.go.jp/KeibaWeb/TodayRaceInfo/OddsUmLenFuku?k_babaCode=20&k_raceDate=2026%2F10%2F06&k_raceNo=10
2026-10-06 19:15:00,19:14,2026-10-06,oi,10,15,馬連,8-10,101.8,101.8,39,https://www.keiba.go.jp/KeibaWeb/TodayRaceInfo/OddsUmLenFuku?k_babaCode=20&k_raceDate=2026%2F10%2F06&k_raceNo=10
2026-10-06 19:15:00,19:14,2026-10-06,oi,10,15,馬連,1-3,102.1,102.1,40,https://www.keiba.go.jp/KeibaWeb/TodayRaceInfo/OddsUmLenFuku?k_babaCode=20&k_raceDate=2026%2F10%2F06&k_raceNo=10
2026-10-06 19:15:00,19:14,2026-10-06,oi,10,15,馬連,2-3,102.4,102.4,41,https://www.keiba.go.jp/KeibaWeb/TodayRaceInfo/OddsUmLenFuku?k_babaCode=20&k_raceDate=2026%2F10%2F06&k_raceNo=10
2026-10-06 19:15:00,19:14,2026-10-06,oi,10,15,馬連,7-8,111.0,111.0,42,https://www.keiba.go.jp/KeibaWeb/TodayRaceInfo/OddsUmLenFuku?k_babaCode=20&k_raceDate=2026%2F10%2F06&k_raceNo=10
2026-10-06 19:15:00,19:14,2026-10-06,oi,10,15,馬連,2-5,111.7,111.7,43,https://www.keiba.go.jp/KeibaWeb/TodayRaceInfo/OddsUmLenFuku?k_babaCode=20&k_raceDate=2026%2F10%2F06&k_raceNo=10
2026-10-06 19:15:00,19:14,2026-10-06,oi,10,15,馬連,14-16,114.6,114.6,45,https://www.keiba.go.jp/KeibaWeb/TodayRaceInfo/OddsUmLenFuku?k_babaCode=20&k_raceDate=2026%2F10%2F06&k_raceNo=10
2026-10-06 19:15:00,19:14,2026-10-06,oi,10,15,馬連,4-13,115.0,115.0,46,https://www.keiba.go.jp/KeibaWeb/TodayRaceInfo/OddsUmLenFuku?k_babaCode=20&k_raceDate=2026%2F10%2F06&k_raceNo=10
2026-10-06 19:15:00,19:14,2026-10-06,oi,10,15,馬連,1-13,116.1,116.1,47,https://www.keiba.go.jp/KeibaWeb/TodayRaceInfo/OddsUmLenFuku?k_babaCode=20&k_raceDate=2026%2F10%2F06&k_raceNo=10
2026-10-06 19:15:00,19:14,2026-10-06,oi,10,15,馬連,7-16,122.1,122.1,48,https://www.keiba.go.jp/KeibaWeb/TodayRaceInfo/OddsUmLenFuku?k_babaCode=20&k_raceDate=2026%2F10%2F06&k_raceNo=10
2026-10-06 19:15:00,19:14,2026-10-06,oi,10,15,馬連,2-13,136.7,136.7,49,https://www.keiba.go.jp/KeibaWeb/TodayRaceInfo/OddsUmLenFuku?k_babaCode=20&k_raceDate=2026%2F10%2F06&k_raceNo=10
2026-10-06 19:15:00,19:14,2026-10-06,oi,10,15,馬連,8-14,143.3,143.3,50,https://www.keiba.go.jp/KeibaWeb/TodayRaceInfo/OddsUmLenFuku?k_babaCode=20&k_raceDate=2026%2F10%2F06&k_raceNo=10
2026-10-06 19:15:00,19:14,2026-10-06,oi,10,15,馬連,1-11,146.2,146.2,51,https://www.keiba.go.jp/KeibaWeb/TodayRaceInfo/OddsUmLenFuku?k_babaCode=20&k_raceDate=2026%2F10%2F06&k_raceNo=10
2026-10-06 19:15:00,19:14,2026-10-06,oi,10,15,馬連,5-13,149.9,149.9,52,https://www.keiba.go.jp/KeibaWeb/TodayRaceInfo/OddsUmLenFuku?k_babaCode=20&k_raceDate=2026%2F10%2F06&k_raceNo=10
2026-10-06 19:15:00,19:14,2026-10-06,oi,10,15,馬連,3-4,151.9,151.9,53,https://www.keiba.go.jp/KeibaWeb/TodayRaceInfo/OddsUmLenFuku?k_babaCode=20&k_raceDate=2026%2F10%2F06&k_raceNo=10
2026-10-06 19:15:00,19:14,2026-10-06,oi,10,15,馬連,1-12,166.8,166.8,54,https://www.keiba.go.jp/KeibaWeb/TodayRaceInfo/OddsUmLenFuku?k_babaCode=20&k_raceDate=2026%2F10%2F06&k_raceNo=10
2026-10-06 19:15:00,19:14,2026-10-06,oi,10,15,馬連,5-11,169.2,169.2,55,https://www.keiba.go.jp/KeibaWeb/TodayRaceInfo/OddsUmLenFuku?k_babaCode=20&k_raceDate=2026%2F10%2F06&k_raceNo=10
2026-10-06 19:15:00,19:14,2026-10-06,oi,10,15,馬連,3-5,181.3,181.3,56,https://www.keiba.go.jp/KeibaWeb/TodayRaceInfo/OddsUmLenFuku?k_babaCode=20&k_raceDate=2026%2F10%2F06&k_raceNo=10
2026-10-06 19:15:00,19:14,2026-10-06,oi,10,15,馬連,6-12,185.1,185.1,57,https://www.keiba.go.jp/KeibaWeb/TodayRaceInfo/OddsUmLenFuku?k_babaCode=20&k_raceDate=2026%2F10%2F06&k_raceNo=10
2026-10-06 19:15:00,19:14,2026-10-06,oi,10,15,馬連,4-11,188.0,188.0,58,https://www.keiba.go.jp/KeibaWeb/TodayRaceInfo/OddsUmLenFuku?k_babaCode=20&k_raceDate=2026%2F10%2F06&k_raceNo=10
2026-10-06 19:15:00,19:14,2026-10-06,oi,10,15,馬連,11-13,188.0,188.0,58,https://www.keiba.go.jp/KeibaWeb/TodayRaceInfo/OddsUmLenFuku?k_babaCode=20&k_raceDate=2026%2F10%2F06&k_raceNo=10
2026-10-06 19:15:00,19:14,2026-10-06,oi,10,15,馬連,8-9,192.1,192.1,60,https://www.keiba.go.jp/KeibaWeb/TodayRaceInfo/OddsUmLenFuku?k_babaCode=20&k_raceDate=2026%2F10%2F06&k_raceNo=10
2026-10-06 19:15:00,19:14,2026-10-06,oi,10,15,馬連,3-13,197.4,197.4,61,https://www.keiba.go.jp/KeibaWeb/TodayRaceInfo/OddsUmLenFuku?k_babaCode=20&k_raceDate=2026%2F10%2F06&k_raceNo=10
2026-10-06 19:15:00,19:14,2026-10-06,oi,10,15,馬連,2-11,201.9,201.9,63,https://www.keiba.go.jp/KeibaWeb/TodayRaceInfo/OddsUmLenFuku?k_babaCode=20&k_raceDate=2026%2F10%2F06&k_raceNo=10
2026-10-06 19:15:00,19:14,2026-10-06,oi,10,15,馬連,6-10,204.2,204.2,64,https://www.keiba.go.jp/KeibaWeb/TodayRaceInfo/OddsUmLenFuku?k_babaCode=20&k_raceDate=2026%2F10%2F06&k_raceNo=10
2026-10-06 19:15:00,19:14,2026-10-06,oi,10,15,馬連,6-11,210.3,210.3,65,https://www.keiba.go.jp/KeibaWeb/TodayRaceInfo/OddsUmLenFuku?k_babaCode=20&k_raceDate=2026%2F10%2F06&k_raceNo=10
2026-10-06 19:15:00,19:14,2026-10-06,oi,10,15,馬連,2-12,215.4,215.4,66,https://www.keiba.go.jp/KeibaWeb/TodayRaceInfo/OddsUmLenFuku?k_babaCode=20&k_raceDate=2026%2F10%2F06&k_raceNo=10
2026-10-06 19:15:00,19:14,2026-10-06,oi,10,15,馬連,3-12,248.5,248.5,68,https://www.keiba.go.jp/KeibaWeb/TodayRaceInfo/OddsUmLenFuku?k_babaCode=20&k_raceDate=2026%2F10%2F06&k_raceNo=10
2026-10-06 19:15:00,19:14,2026-10-06,oi,10,15,馬連,11-12,248.5,248.5,68,https://www.keiba.go.jp/KeibaWeb/TodayRaceInfo/OddsUmLenFuku?k_babaCode=20&k_raceDate=2026%2F10%2F06&k_raceNo=10
2026-10-06 19:15:00,19:14,2026-10-06,oi,10,15,馬連,4-12,253.9,253.9,71,https://www.keiba.go.jp/KeibaWeb/TodayRaceInfo/OddsUmLenFuku?k_babaCode=20&k_raceDate=2026%2F10%2F06&k_raceNo=10
2026-10-06 19:15:00,19:14,2026-10-06,oi,10,15,馬連,6-7,259.4,259.4,72,https://www.keiba.go.jp/KeibaWeb/TodayRaceInfo/OddsUmLenFuku?k_babaCode=20&k_raceDate=2026%2F10%2F06&k_raceNo=10
2026-10-06 19:15:00,19:14,2026-10-06,oi,10,15,馬連,5-12,275.5,275.5,73,https://www.keiba.go.jp/KeibaWeb/TodayRaceInfo/OddsUmLenFuku?k_babaCode=20&k_raceDate=2026%2F10%2F06&k_raceNo=10
2026-10-06 19:15:00,19:14,2026-10-06,oi,10,15,馬連,5-10,277.7,277.7,74,https://www.keiba.go.jp/KeibaWeb/TodayRaceInfo/OddsUmLenFuku?k_babaCode=20&k_raceDate=2026%2F10%2F06&k_raceNo=10
2026-10-06 19:15:00,19:14,2026-10-06,oi,10,15,馬連,9-16,284.3,284.3,75,https://www.keiba.go.jp/KeibaWeb/TodayRaceInfo/OddsUmLenFuku?k_babaCode=20&k_raceDate=2026%2F10%2F06&k_raceNo=10
2026-10-06 19:15:00,19:14,2026-10-06,oi,10,15,馬連,13-14,284.3,284.3,75,https://www.keiba.go.jp/KeibaWeb/TodayRaceInfo/OddsUmLenFuku?k_babaCode=20&k_raceDate=2026%2F10%2F06&k_raceNo=10
2026-10-06 19:15:00,19:14,2026-10-06,oi,10,15,馬連,12-13,286.6,286.6,77,https://www.keiba.go.jp/KeibaWeb/TodayRaceInfo/OddsUmLenFuku?k_babaCode=20&k_raceDate=2026%2F10%2F06&k_raceNo=10
2026-10-06 19:15:00,19:14,2026-10-06,oi,10,15,馬連,4-10,301.2,301.2,78,https://www.keiba.go.jp/KeibaWeb/TodayRaceInfo/OddsUmLenFuku?k_babaCode=20&k_raceDate=2026%2F10%2F06&k_raceNo=10
2026-10-06 19:15:00,19:14,2026-10-06,oi,10,15,馬連,1-7,303.8,303.8,79,https://www.keiba.go.jp/KeibaWeb/TodayRaceInfo/OddsUmLenFuku?k_babaCode=20&k_raceDate=2026%2F10%2F06&k_raceNo=10
2026-10-06 19:15:00,19:14,2026-10-06,oi,10,15,馬連,5-7,303.8,303.8,79,https://www.keiba.go.jp/KeibaWeb/TodayRaceInfo/OddsUmLenFuku?k_babaCode=20&k_raceDate=2026%2F10%2F06&k_raceNo=10
2026-10-06 19:15:00,19:14,2026-10-06,oi,10,15,馬連,4-14,306.4,306.4,81,https://www.keiba.go.jp/KeibaWeb/TodayRaceInfo/OddsUmLenFuku?k_babaCode=20&k_raceDate=2026%2F10%2F06&k_raceNo=10
2026-10-06 19:15:00,19:14,2026-10-06,oi,10,15,馬連,1-14,311.8,311.8,82,https://www.keiba.go.jp/KeibaWeb/TodayRaceInfo/OddsUmLenFuku?k_babaCode=20&k_raceDate=2026%2F10%2F06&k_raceNo=10
2026-10-06 19:15:00,19:14,2026-10-06,oi,10,15,馬連,2-10,311.8,311.8,82,https://www.keiba.go.jp/KeibaWeb/TodayRaceInfo/OddsUmLenFuku?k_babaCode=20&k_raceDate=2026%2F10%2F06&k_raceNo=10
2026-10-06 19:15:00,19:14,2026-10-06,oi,10,15,馬連,3-11,311.8,311.8,82,https://www.keiba.go.jp/KeibaWeb/TodayRaceInfo/OddsUmLenFuku?k_babaCode=20&k_raceDate=2026%2F10%2F06&k_raceNo=10
2026-10-06 19:15:00,19:14,2026-10-06,oi,10,15,馬連,1-10,332.2,332.2,85,https://www.keiba.go.jp/KeibaWeb/TodayRaceInfo/OddsUmLenFuku?k_babaCode=20&k_raceDate=2026%2F10%2F06&k_raceNo=10
2026-10-06 19:15:00,19:14,2026-10-06,oi,10,15,馬連,3-7,359.0,359.0,87,https://www.keiba.go.jp/KeibaWeb/TodayRaceInfo/OddsUmLenFuku?k_babaCode=20&k_raceDate=2026%2F10%2F06&k_raceNo=10
2026-10-06 19:15:00,19:14,2026-10-06,oi,10,15,馬連,6-14,366.4,366.4,88,https://www.keiba.go.jp/KeibaWeb/TodayRaceInfo/OddsUmLenFuku?k_babaCode=20&k_raceDate=2026%2F10%2F06&k_raceNo=10
2026-10-06 19:15:00,19:14,2026-10-06,oi,10,15,馬連,4-7,390.6,390.6,89,https://www.keiba.go.jp/KeibaWeb/TodayRaceInfo/OddsUmLenFuku?k_babaCode=20&k_raceDate=2026%2F10%2F06&k_raceNo=10
2026-10-06 19:15:00,19:14,2026-10-06,oi,10,15,馬連,3-10,403.9,403.9,90,https://www.keiba.go.jp/KeibaWeb/TodayRaceInfo/OddsUmLenFuku?k_babaCode=20&k_raceDate=2026%2F10%2F06&k_raceNo=10
2026-10-06 19:15:00,19:14,2026-10-06,oi,10,15,馬連,7-13,413.3,413.3,91,https://www.keiba.go.jp/KeibaWeb/TodayRaceInfo/OddsUmLenFuku?k_babaCode=20&k_raceDate=2026%2F10%2F06&k_raceNo=10
2026-10-06 19:15:00,19:14,2026-10-06,oi,10,15,馬連,10-12,449.9,449.9,92,https://www.keiba.go.jp/KeibaWeb/TodayRaceInfo/OddsUmLenFuku?k_babaCode=20&k_raceDate=2026%2F10%2F06&k_raceNo=10
2026-10-06 19:15:00,19:14,2026-10-06,oi,10,15,馬連,1-9,473.9,473.9,94,https://www.keiba.go.jp/KeibaWeb/TodayRaceInfo/OddsUmLenFuku?k_babaCode=20&k_raceDate=2026%2F10%2F06&k_raceNo=10
2026-10-06 19:15:00,19:14,2026-10-06,oi,10,15,馬連,10-11,493.7,493.7,95,https://www.keiba.go.jp/KeibaWeb/TodayRaceInfo/OddsUmLenFuku?k_babaCode=20&k_raceDate=2026%2F10%2F06&k_raceNo=10
2026-10-06 19:15:00,19:14,2026-10-06,oi,10,15,馬連,2-7,515.1,515.1,96,https://www.keiba.go.jp/KeibaWeb/TodayRaceInfo/OddsUmLenFuku?k_babaCode=20&k_raceDate=2026%2F10%2F06&k_raceNo=10
2026-10-06 19:15:00,19:14,2026-10-06,oi,10,15,馬連,2-14,538.6,538.6,97,https://www.keiba.go.jp/KeibaWeb/TodayRaceInfo/OddsUmLenFuku?k_babaCode=20&k_raceDate=2026%2F10%2F06&k_raceNo=10
2026-10-06 19:15:00,19:14,2026-10-06,oi,10,15,馬連,5-14,538.6,538.6,97,https://www.keiba.go.jp/KeibaWeb/TodayRaceInfo/OddsUmLenFuku?k_babaCode=20&k_raceDate=2026%2F10%2F06&k_raceNo=10
2026-10-06 19:15:00,19:14,2026-10-06,oi,10,15,馬連,7-12,573.3,573.3,99,https://www.keiba.go.jp/KeibaWeb/TodayRaceInfo/OddsUmLenFuku?k_babaCode=20&k_raceDate=2026%2F10%2F06&k_raceNo=10
2026-10-06 19:15:00,19:14,2026-10-06,oi,10,15,馬連,10-14,573.3,573.3,99,https://www.keiba.go.jp/KeibaWeb/TodayRaceInfo/OddsUmLenFuku?k_babaCode=20&k_raceDate=2026%2F10%2F06&k_raceNo=10
2026-10-06 19:15:00,19:14,2026-10-06,oi,10,15,馬連,12-14,592.4,592.4,101,https://www.keiba.go.jp/KeibaWeb/TodayRaceInfo/OddsUmLenFuku?k_babaCode=20&k_raceDate=2026%2F10%2F06&k_raceNo=10
2026-10-06 19:15:00,19:14,2026-10-06,oi,10,15,馬連,10-13,612.8,612.8,102,https://www.keiba.go.jp/KeibaWeb/TodayRaceInfo/OddsUmLenFuku?k_babaCode=20&k_raceDate=2026%2F10%2F06&k_raceNo=10
2026-10-06 19:15:00,19:14,2026-10-06,oi,10,15,馬連,11-14,658.2,658.2,104,https://www.keiba.go.jp/KeibaWeb/TodayRaceInfo/OddsUmLenFuku?k_babaCode=20&k_raceDate=2026%2F10%2F06&k_raceNo=10
2026-10-06 19:15:00,19:14,2026-10-06,oi,10,15,馬連,7-11,670.7,670.7,105,https://www.keiba.go.jp/KeibaWeb/TodayRaceInfo/OddsUmLenFuku?k_babaCode=20&k_raceDate=2026%2F10%2F06&k_raceNo=10
2026-10-06 19:15:00,19:14,2026-10-06,oi,10,15,馬連,7-14,683.6,683.6,106,https://www.keiba.go.jp/KeibaWeb/TodayRaceInfo/OddsUmLenFuku?k_babaCode=20&k_raceDate=2026%2F10%2F06&k_raceNo=10
2026-10-06 19:15:00,19:14,2026-10-06,oi,10,15,馬連,3-14,697.0,697.0,107,https://www.keiba.go.jp/KeibaWeb/TodayRaceInfo/OddsUmLenFuku?k_babaCode=20&k_raceDate=2026%2F10%2F06&k_raceNo=10
2026-10-06 19:15:00,19:14,2026-10-06,oi,10,15,馬連,9-10,697.0,697.0,107,https://www.keiba.go.jp/KeibaWeb/TodayRaceInfo/OddsUmLenFuku?k_babaCode=20&k_raceDate=2026%2F10%2F06&k_raceNo=10
2026-10-06 19:15:00,19:14,2026-10-06,oi,10,15,馬連,3-9,710.9,710.9,109,https://www.keiba.go.jp/KeibaWeb/TodayRaceInfo/OddsUmLenFuku?k_babaCode=20&k_raceDate=2026%2F10%2F06&k_raceNo=10
2026-10-06 19:15:00,19:14,2026-10-06,oi,10,15,馬連,7-10,710.9,710.9,109,https://www.keiba.go.jp/KeibaWeb/TodayRaceInfo/OddsUmLenFuku?k_babaCode=20&k_raceDate=2026%2F10%2F06&k_raceNo=10
2026-10-06 19:15:00,19:14,2026-10-06,oi,10,15,馬連,9-11,740.5,740.5,112,https://www.keiba.go.jp/KeibaWeb/TodayRaceInfo/OddsUmLenFuku?k_babaCode=20&k_raceDate=2026%2F10%2F06&k_raceNo=10
2026-10-06 19:15:00,19:14,2026-10-06,oi,10,15,馬連,9-12,740.5,740.5,112,https://www.keiba.go.jp/KeibaWeb/TodayRaceInfo/OddsUmLenFuku?k_babaCode=20&k_raceDate=2026%2F10%2F06&k_raceNo=10
2026-10-06 19:15:00,19:14,2026-10-06,oi,10,15,馬連,5-9,789.9,789.9,114,https://www.keiba.go.jp/KeibaWeb/TodayRaceInfo/OddsUmLenFuku?k_babaCode=20&k_raceDate=2026%2F10%2F06&k_raceNo=10
2026-10-06 19:15:00,19:14,2026-10-06,oi,10,15,馬連,7-9,789.9,789.9,114,https://www.keiba.go.jp/KeibaWeb/TodayRaceInfo/OddsUmLenFuku?k_babaCode=20&k_raceDate=2026%2F10%2F06&k_raceNo=10
2026-10-06 19:15:00,19:14,2026-10-06,oi,10,15,馬連,6-9,846.3,846.3,116,https://www.keiba.go.jp/KeibaWeb/TodayRaceInfo/OddsUmLenFuku?k_babaCode=20&k_raceDate=2026%2F10%2F06&k_raceNo=10
2026-10-06 19:15:00,19:14,2026-10-06,oi,10,15,馬連,4-9,911.4,911.4,117,https://www.keiba.go.jp/KeibaWeb/TodayRaceInfo/OddsUmLenFuku?k_babaCode=20&k_raceDate=2026%2F10%2F06&k_raceNo=10
2026-10-06 19:15:00,19:14,2026-10-06,oi,10,15,馬連,9-13,935.4,935.4,118,https://www.keiba.go.jp/KeibaWeb/TodayRaceInfo/OddsUmLenFuku?k_babaCode=20&k_raceDate=2026%2F10%2F06&k_raceNo=10
2026-10-06 19:15:00,19:14,2026-10-06,oi,10,15,馬連,2-9,1077.2,1077.2,119,https://www.keiba.go.jp/KeibaWeb/TodayRaceInfo/OddsUmLenFuku?k_babaCode=20&k_raceDate=2026%2F10%2F06&k_raceNo=10
2026-10-06 19:15:00,19:14,2026-10-06,oi,10,15,馬連,9-14,2091.0,2091.0,120,https://www.keiba.go.jp/KeibaWeb/TodayRaceInfo/OddsUmLenFuku?k_babaCode=20&k_raceDate=2026%2F10%2F06&k_raceNo=10
2026-10-06 19:15:00,19:14,2026-10-06,oi,10,15,ワイド,8-16,2.2,2.3,1,https://www.keiba.go.jp/KeibaWeb/TodayRaceInfo/OddsWide?k_babaCode=20&k_raceDate=2026%2F10%2F06&k_raceNo=10
2026-10-06 19:15:00,19:14,2026-10-06,oi,10,15,ワイド,6-8,4.4,5.2,2,https://www.keiba.go.jp/KeibaWeb/TodayRaceInfo/OddsWide?k_babaCode=20&k_raceDate=2026%2F10%2F06&k_raceNo=10
2026-10-06 19:15:00,19:14,2026-10-06,oi,10,15,ワイド,6-16,4.6,5.5,3,https://www.keiba.go.jp/KeibaWeb/TodayRaceInfo/OddsWide?k_babaCode=20&k_raceDate=2026%2F10%2F06&k_raceNo=10
2026-10-06 19:15:00,19:14,2026-10-06,oi,10,15,ワイド,1-16,7.1,8.4,5,https://www.keiba.go.jp/KeibaWeb/TodayRaceInfo/OddsWide?k_babaCode=20&k_raceDate=2026%2F10%2F06&k_raceNo=10
2026-10-06 19:15:00,19:14,2026-10-06,oi,10,15,ワイド,1-8,7.3,8.6,7,https://www.keiba.go.jp/KeibaWeb/TodayRaceInfo/OddsWide?k_babaCode=20&k_raceDate=2026%2F10%2F06&k_raceNo=10
2026-10-06 19:15:00,19:14,2026-10-06,oi,10,15,ワイド,8-13,7.6,8.9,8,https://www.keiba.go.jp/KeibaWeb/TodayRaceInfo/OddsWide?k_babaCode=20&k_raceDate=2026%2F10%2F06&k_raceNo=10
2026-10-06 19:15:00,19:14,2026-10-06,oi,10,15,ワイド,4-8,8.2,9.5,9,https://www.keiba.go.jp/KeibaWeb/TodayRaceInfo/OddsWide?k_babaCode=20&k_raceDate=2026%2F10%2F06&k_raceNo=10
2026-10-06 19:15:00,19:14,2026-10-06,oi,10,15,ワイド,3-8,10.3,11.9,10,https://www.keiba.go.jp/KeibaWeb/TodayRaceInfo/OddsWide?k_babaCode=20&k_raceDate=2026%2F10%2F06&k_raceNo=10
2026-10-06 19:15:00,19:14,2026-10-06,oi,10,15,ワイド,13-16,10.6,12.4,11,https://www.keiba.go.jp/KeibaWeb/TodayRaceInfo/OddsWide?k_babaCode=20&k_raceDate=2026%2F10%2F06&k_raceNo=10
2026-10-06 19:15:00,19:14,2026-10-06,oi,10,15,ワイド,4-16,11.5,13.5,12,https://www.keiba.go.jp/KeibaWeb/TodayRaceInfo/OddsWide?k_babaCode=20&k_raceDate=2026%2F10%2F06&k_raceNo=10
2026-10-06 19:15:00,19:14,2026-10-06,oi,10,15,ワイド,2-8,12.2,14.1,13,https://www.keiba.go.jp/KeibaWeb/TodayRaceInfo/OddsWide?k_babaCode=20&k_raceDate=2026%2F10%2F06&k_raceNo=10
2026-10-06 19:15:00,19:14,2026-10-06,oi,10,15,ワイド,2-6,13.2,14.1,14,https://www.keiba.go.jp/KeibaWeb/TodayRaceInfo/OddsWide?k_babaCode=20&k_raceDate=2026%2F10%2F06&k_raceNo=10
2026-10-06 19:15:00,19:14,2026-10-06,oi,10,15,ワイド,5-8,13.2,15.3,15,https://www.keiba.go.jp/KeibaWeb/TodayRaceInfo/OddsWide?k_babaCode=20&k_raceDate=2026%2F10%2F06&k_raceNo=10
2026-10-06 19:15:00,19:14,2026-10-06,oi,10,15,ワイド,5-16,13.4,15.6,16,https://www.keiba.go.jp/KeibaWeb/TodayRaceInfo/OddsWide?k_babaCode=20&k_raceDate=2026%2F10%2F06&k_raceNo=10
2026-10-06 19:15:00,19:14,2026-10-06,oi,10,15,ワイド,8-11,14.8,17.1,17,https://www.keiba.go.jp/KeibaWeb/TodayRaceInfo/OddsWide?k_babaCode=20&k_raceDate=2026%2F10%2F06&k_raceNo=10
2026-10-06 19:15:00,19:14,2026-10-06,oi,10,15,ワイド,3-6,15.3,16.4,18,https://www.keiba.go.jp/KeibaWeb/TodayRaceInfo/OddsWide?k_babaCode=20&k_raceDate=2026%2F10%2F06&k_raceNo=10
2026-10-06 19:15:00,19:14,2026-10-06,oi,10,15,ワイド,3-16,15.3,17.9,19,https://www.keiba.go.jp/KeibaWeb/TodayRaceInfo/OddsWide?k_babaCode=20&k_raceDate=2026%2F10%2F06&k_raceNo=10
2026-10-06 19:15:00,19:14,2026-10-06,oi,10,15,ワイド,6-13,15.4,16.6,20,https://www.keiba.go.jp/KeibaWeb/TodayRaceInfo/OddsWide?k_babaCode=20&k_raceDate=2026%2F10%2F06&k_raceNo=10
2026-10-06 19:15:00,19:14,2026-10-06,oi,10,15,ワイド,1-6,15.9,17.3,21,https://www.keiba.go.jp/KeibaWeb/TodayRaceInfo/OddsWide?k_babaCode=20&k_raceDate=2026%2F10%2F06&k_raceNo=10
2026-10-06 19:15:00,19:14,2026-10-06,oi,10,15,ワイド,4-6,16.1,17.4,22,https://www.keiba.go.jp/KeibaWeb/TodayRaceInfo/OddsWide?k_babaCode=20&k_raceDate=2026%2F10%2F06&k_raceNo=10
2026-10-06 19:15:00,19:14,2026-10-06,oi,10,15,ワイド,8-12,16.2,18.7,23,https://www.keiba.go.jp/KeibaWeb/TodayRaceInfo/OddsWide?k_babaCode=20&k_raceDate=2026%2F10%2F06&k_raceNo=10
2026-10-06 19:15:00,19:14,2026-10-06,oi,10,15,ワイド,2-16,17.3,20.2,24,https://www.keiba.go.jp/KeibaWeb/TodayRaceInfo/OddsWide?k_babaCode=20&k_raceDate=2026%2F10%2F06&k_raceNo=10
2026-10-06 19:15:00,19:14,2026-10-06,oi,10,15,ワイド,1-4,18.7,19.7,25,https://www.keiba.go.jp/KeibaWeb/TodayRaceInfo/OddsWide?k_babaCode=20&k_raceDate=2026%2F10%2F06&k_raceNo=10
2026-10-06 19:15:00,19:14,2026-10-06,oi,10,15,ワイド,4-5,19.4,20.2,26,https://www.keiba.go.jp/KeibaWeb/TodayRaceInfo/OddsWide?k_babaCode=20&k_raceDate=2026%2F10%2F06&k_raceNo=10
2026-10-06 19:15:00,19:14,2026-10-06,oi,10,15,ワイド,11-16,20.1,23.3,27,https://www.keiba.go.jp/KeibaWeb/TodayRaceInfo/OddsWide?k_babaCode=20&k_raceDate=2026%2F10%2F06&k_raceNo=10
2026-10-06 19:15:00,19:14,2026-10-06,oi,10,15,ワイド,12-16,20.3,23.6,28,https://www.keiba.go.jp/KeibaWeb/TodayRaceInfo/OddsWide?k_babaCode=20&k_raceDate=2026%2F10%2F06&k_raceNo=10
2026-10-06 19:15:00,19:14,2026-10-06,oi,10,15,ワイド,5-6,21.7,23.3,29,https://www.keiba.go.jp/KeibaWeb/TodayRaceInfo/OddsWide?k_babaCode=20&k_raceDate=2026%2F10%2F06&k_raceNo=10
2026-10-06 19:15:00,19:14,2026-10-06,oi,10,15,ワイド,8-10,22.8,26.3,31,https://www.keiba.go.jp/KeibaWeb/TodayRaceInfo/OddsWide?k_babaCode=20&k_raceDate=2026%2F10%2F06&k_raceNo=10
2026-10-06 19:15:00,19:14,2026-10-06,oi,10,15,ワイド,4-13,23.4,24.8,32,https://www.keiba.go.jp/KeibaWeb/TodayRaceInfo/OddsWide?k_babaCode=20&k_raceDate=2026%2F10%2F06&k_raceNo=10
2026-10-06 19:15:00,19:14,2026-10-06,oi,10,15,ワイド,7-8,24.0,27.6,33,https://www.keiba.go.jp/KeibaWeb/TodayRaceInfo/OddsWide?k_babaCode=20&k_raceDate=2026%2F10%2F06&k_raceNo=10
2026-10-06 19:15:00,19:14,2026-10-06,oi,10,15,ワイド,2-4,24.2,25.3,34,https://www.keiba.go.jp/KeibaWeb/TodayRaceInfo/OddsWide?k_babaCode=20&k_raceDate=2026%2F10%2F06&k_raceNo=10
2026-10-06 19:15:00,19:14,2026-10-06,oi,10,15,ワイド,1-2,25.3,26.5,36,https://www.keiba.go.jp/KeibaWeb/TodayRaceInfo/OddsWide?k_babaCode=20&k_raceDate=2026%2F10%2F06&k_raceNo=10
2026-10-06 19:15:00,19:14,2026-10-06,oi,10,15,ワイド,10-16,25.4,29.4,37,https://www.keiba.go.jp/KeibaWeb/TodayRaceInfo/OddsWide?k_babaCode=20&k_raceDate=2026%2F10%2F06&k_raceNo=10
2026-10-06 19:15:00,19:14,2026-10-06,oi,10,15,ワイド,1-3,26.2,27.5,38,https://www.keiba.go.jp/KeibaWeb/TodayRaceInfo/OddsWide?k_babaCode=20&k_raceDate=2026%2F10%2F06&k_raceNo=10
2026-10-06 19:15:00,19:14,2026-10-06,oi,10,15,ワイド,2-3,28.5,29.6,40,https://www.keiba.go.jp/KeibaWeb/TodayRaceInfo/OddsWide?k_babaCode=20&k_raceDate=2026%2F10%2F06&k_raceNo=10
2026-10-06 19:15:00,19:14,2026-10-06,oi,10,15,ワイド,1-13,28.5,30.3,41,https://www.keiba.go.jp/KeibaWeb/TodayRaceInfo/OddsWide?k_babaCode=20&k_raceDate=2026%2F10%2F06&k_raceNo=10
2026-10-06 19:15:00,19:14,2026-10-06,oi,10,15,ワイド,1-5,29.1,30.5,43,https://www.keiba.go.jp/KeibaWeb/TodayRaceInfo/OddsWide?k_babaCode=20&k_raceDate=2026%2F10%2F06&k_raceNo=10
2026-10-06 19:15:00,19:14,2026-10-06,oi,10,15,ワイド,6-12,31.6,33.8,45,https://www.keiba.go.jp/KeibaWeb/TodayRaceInfo/OddsWide?k_babaCode=20&k_raceDate=2026%2F10%2F06&k_raceNo=10
2026-10-06 19:15:00,19:14,2026-10-06,oi,10,15,ワイド,2-13,32.1,33.6,46,https://www.keiba.go.jp/KeibaWeb/TodayRaceInfo/OddsWide?k_babaCode=20&k_raceDate=2026%2F10%2F06&k_raceNo=10
2026-10-06 19:15:00,19:14,2026-10-06,oi,10,15,ワイド,6-11,32.2,34.4,47,https://www.keiba.go.jp/KeibaWeb/TodayRaceInfo/OddsWide?k_babaCode=20&k_raceDate=2026%2F10%2F06&k_raceNo=10
2026-10-06 19:15:00,19:14,2026-10-06,oi,10,15,ワイド,5-13,32.5,34.0,48,https://www.keiba.go.jp/KeibaWeb/TodayRaceInfo/OddsWide?k_babaCode=20&k_raceDate=2026%2F10%2F06&k_raceNo=10
2026-10-06 19:15:00,19:14,2026-10-06,oi,10,15,ワイド,3-4,32.5,34.0,49,https://www.keiba.go.jp/KeibaWeb/TodayRaceInfo/OddsWide?k_babaCode=20&k_raceDate=2026%2F10%2F06&k_raceNo=10
2026-10-06 19:15:00,19:14,2026-10-06,oi,10,15,ワイド,3-5,32.9,34.1,50,https://www.keiba.go.jp/KeibaWeb/TodayRaceInfo/OddsWide?k_babaCode=20&k_raceDate=2026%2F10%2F06&k_raceNo=10
2026-10-06 19:15:00,19:14,2026-10-06,oi,10,15,ワイド,2-11,33.4,34.4,51,https://www.keiba.go.jp/KeibaWeb/TodayRaceInfo/OddsWide?k_babaCode=20&k_raceDate=2026%2F10%2F06&k_raceNo=10
2026-10-06 19:15:00,19:14,2026-10-06,oi,10,15,ワイド,4-11,35.4,36.8,52,https://www.keiba.go.jp/KeibaWeb/TodayRaceInfo/OddsWide?k_babaCode=20&k_raceDate=2026%2F10%2F06&k_raceNo=10
2026-10-06 19:15:00,19:14,2026-10-06,oi,10,15,ワイド,8-14,36.4,41.9,53,https://www.keiba.go.jp/KeibaWeb/TodayRaceInfo/OddsWide?k_babaCode=20&k_raceDate=2026%2F10%2F06&k_raceNo=10
2026-10-06 19:15:00,19:14,2026-10-06,oi,10,15,ワイド,14-16,37.0,42.6,54,https://www.keiba.go.jp/KeibaWeb/TodayRaceInfo/OddsWide?k_babaCode=20&k_raceDate=2026%2F10%2F06&k_raceNo=10
2026-10-06 19:15:00,19:14,2026-10-06,oi,10,15,ワイド,7-16,37.9,43.9,55,https://www.keiba.go.jp/KeibaWeb/TodayRaceInfo/OddsWide?k_babaCode=20&k_raceDate=2026%2F10%2F06&k_raceNo=10
2026-10-06 19:15:00,19:14,2026-10-06,oi,10,15,ワイド,3-13,39.6,41.6,56,https://www.keiba.go.jp/KeibaWeb/TodayRaceInfo/OddsWide?k_babaCode=20&k_raceDate=2026%2F10%2F06&k_raceNo=10
2026-10-06 19:15:00,19:14,2026-10-06,oi,10,15,ワイド,6-10,39.8,42.3,57,https://www.keiba.go.jp/KeibaWeb/TodayRaceInfo/OddsWide?k_babaCode=20&k_raceDate=2026%2F10%2F06&k_raceNo=10
2026-10-06 19:15:00,19:14,2026-10-06,oi,10,15,ワイド,2-5,40.2,41.5,58,https://www.keiba.go.jp/KeibaWeb/TodayRaceInfo/OddsWide?k_babaCode=20&k_raceDate=2026%2F10%2F06&k_raceNo=10
2026-10-06 19:15:00,19:14,2026-10-06,oi,10,15,ワイド,5-11,42.7,44.0,59,https://www.keiba.go.jp/KeibaWeb/TodayRaceInfo/OddsWide?k_babaCode=20&k_raceDate=2026%2F10%2F06&k_raceNo=10
2026-10-06 19:15:00,19:14,2026-10-06,oi,10,15,ワイド,11-13,43.7,45.6,60,https://www.keiba.go.jp/KeibaWeb/TodayRaceInfo/OddsWide?k_babaCode=20&k_raceDate=2026%2F10%2F06&k_raceNo=10
2026-10-06 19:15:00,19:14,2026-10-06,oi,10,15,ワイド,1-11,45.6,47.6,61,https://www.keiba.go.jp/KeibaWeb/TodayRaceInfo/OddsWide?k_babaCode=20&k_raceDate=2026%2F10%2F06&k_raceNo=10
2026-10-06 19:15:00,19:14,2026-10-06,oi,10,15,ワイド,1-10,47.5,49.4,62,https://www.keiba.go.jp/KeibaWeb/TodayRaceInfo/OddsWide?k_babaCode=20&k_raceDate=2026%2F10%2F06&k_raceNo=10
2026-10-06 19:15:00,19:14,2026-10-06,oi,10,15,ワイド,4-10,50.9,52.8,64,https://www.keiba.go.jp/KeibaWeb/TodayRaceInfo/OddsWide?k_babaCode=20&k_raceDate=2026%2F10%2F06&k_raceNo=10
2026-10-06 19:15:00,19:14,2026-10-06,oi,10,15,ワイド,12-13,51.0,53.2,65,https://www.keiba.go.jp/KeibaWeb/TodayRaceInfo/OddsWide?k_babaCode=20&k_raceDate=2026%2F10%2F06&k_raceNo=10
2026-10-06 19:15:00,19:14,2026-10-06,oi,10,15,ワイド,1-7,52.7,54.7,66,https://www.keiba.go.jp/KeibaWeb/TodayRaceInfo/OddsWide?k_babaCode=20&k_raceDate=2026%2F10%2F06&k_raceNo=10
2026-10-06 19:15:00,19:14,2026-10-06,oi,10,15,ワイド,3-10,53.7,55.3,68,https://www.keiba.go.jp/KeibaWeb/TodayRaceInfo/OddsWide?k_babaCode=20&k_raceDate=2026%2F10%2F06&k_raceNo=10
2026-10-06 19:15:00,19:14,2026-10-06,oi,10,15,ワイド,13-14,55.8,57.7,70,https://www.keiba.go.jp/KeibaWeb/TodayRaceInfo/OddsWide?k_babaCode=20&k_raceDate=2026%2F10%2F06&k_raceNo=10
2026-10-06 19:15:00,19:14,2026-10-06,oi,10,15,ワイド,3-11,56.2,58.1,71,https://www.keiba.go.jp/KeibaWeb/TodayRaceInfo/OddsWide?k_babaCode=20&k_raceDate=2026%2F10%2F06&k_raceNo=10
2026-10-06 19:15:00,19:14,2026-10-06,oi,10,15,ワイド,1-12,57.3,59.9,72,https://www.keiba.go.jp/KeibaWeb/TodayRaceInfo/OddsWide?k_babaCode=20&k_raceDate=2026%2F10%2F06&k_raceNo=10
2026-10-06 19:15:00,19:14,2026-10-06,oi,10,15,ワイド,4-12,57.8,60.1,73,https://www.keiba.go.jp/KeibaWeb/TodayRaceInfo/OddsWide?k_babaCode=20&k_raceDate=2026%2F10%2F06&k_raceNo=10
2026-10-06 19:15:00,19:14,2026-10-06,oi,10,15,ワイド,6-14,60.4,64.0,75,https://www.keiba.go.jp/KeibaWeb/TodayRaceInfo/OddsWide?k_babaCode=20&k_raceDate=2026%2F10%2F06&k_raceNo=10
2026-10-06 19:15:00,19:14,2026-10-06,oi,10,15,ワイド,10-11,61.0,62.4,76,https://www.keiba.go.jp/KeibaWeb/TodayRaceInfo/OddsWide?k_babaCode=20&k_raceDate=2026%2F10%2F06&k_raceNo=10
2026-10-06 19:15:00,19:14,2026-10-06,oi,10,15,ワイド,10-13,64.5,66.9,77,https://www.keiba.go.jp/KeibaWeb/TodayRaceInfo/OddsWide?k_babaCode=20&k_raceDate=2026%2F10%2F06&k_raceNo=10
2026-10-06 19:15:00,19:14,2026-10-06,oi,10,15,ワイド,1-14,65.2,67.6,78,https://www.keiba.go.jp/KeibaWeb/TodayRaceInfo/OddsWide?k_babaCode=20&k_raceDate=2026%2F10%2F06&k_raceNo=10
2026-10-06 19:15:00,19:14,2026-10-06,oi,10,15,ワイド,9-16,66.6,76.4,79,https://www.keiba.go.jp/KeibaWeb/TodayRaceInfo/OddsWide?k_babaCode=20&k_raceDate=2026%2F10%2F06&k_raceNo=10
2026-10-06 19:15:00,19:14,2026-10-06,oi,10,15,ワイド,11-12,68.0,69.8,80,https://www.keiba.go.jp/KeibaWeb/TodayRaceInfo/OddsWide?k_babaCode=20&k_raceDate=2026%2F10%2F06&k_raceNo=10
2026-10-06 19:15:00,19:14,2026-10-06,oi,10,15,ワイド,2-12,68.4,70.5,81,https://www.keiba.go.jp/KeibaWeb/TodayRaceInfo/OddsWide?k_babaCode=20&k_raceDate=2026%2F10%2F06&k_raceNo=10
2026-10-06 19:15:00,19:14,2026-10-06,oi,10,15,ワイド,2-10,69.3,71.1,82,https://www.keiba.go.jp/KeibaWeb/TodayRaceInfo/OddsWide?k_babaCode=20&k_raceDate=2026%2F10%2F06&k_raceNo=10
2026-10-06 19:15:00,19:14,2026-10-06,oi,10,15,ワイド,5-7,70.5,72.2,83,https://www.keiba.go.jp/KeibaWeb/TodayRaceInfo/OddsWide?k_babaCode=20&k_raceDate=2026%2F10%2F06&k_raceNo=10
2026-10-06 19:15:00,19:14,2026-10-06,oi,10,15,ワイド,6-7,70.7,75.1,84,https://www.keiba.go.jp/KeibaWeb/TodayRaceInfo/OddsWide?k_babaCode=20&k_raceDate=2026%2F10%2F06&k_raceNo=10
2026-10-06 19:15:00,19:14,2026-10-06,oi,10,15,ワイド,3-12,72.7,75.1,85,https://www.keiba.go.jp/KeibaWeb/TodayRaceInfo/OddsWide?k_babaCode=20&k_raceDate=2026%2F10%2F06&k_raceNo=10
2026-10-06 19:15:00,19:14,2026-10-06,oi,10,15,ワイド,5-10,76.1,78.0,87,https://www.keiba.go.jp/KeibaWeb/TodayRaceInfo/OddsWide?k_babaCode=20&k_raceDate=2026%2F10%2F06&k_raceNo=10
2026-10-06 19:15:00,19:14,2026-10-06,oi,10,15,ワイド,5-12,76.6,78.8,89,https://www.keiba.go.jp/KeibaWeb/TodayRaceInfo/OddsWide?k_babaCode=20&k_raceDate=2026%2F10%2F06&k_raceNo=10
2026-10-06 19:15:00,19:14,2026-10-06,oi,10,15,ワイド,8-9,79.5,91.2,90,https://www.keiba.go.jp/KeibaWeb/TodayRaceInfo/OddsWide?k_babaCode=20&k_raceDate=2026%2F10%2F06&k_raceNo=10
2026-10-06 19:15:00,19:14,2026-10-06,oi,10,15,ワイド,3-7,80.0,82.3,91,https://www.keiba.go.jp/KeibaWeb/TodayRaceInfo/OddsWide?k_babaCode=20&k_raceDate=2026%2F10%2F06&k_raceNo=10
2026-10-06 19:15:00,19:14,2026-10-06,oi,10,15,ワイド,4-14,84.5,87.2,92,https://www.keiba.go.jp/KeibaWeb/TodayRaceInfo/OddsWide?k_babaCode=20&k_raceDate=2026%2F10%2F06&k_raceNo=10
2026-10-06 19:15:00,19:14,2026-10-06,oi,10,15,ワイド,2-14,88.5,90.5,93,https://www.keiba.go.jp/KeibaWeb/TodayRaceInfo/OddsWide?k_babaCode=20&k_raceDate=2026%2F10%2F06&k_raceNo=10
2026-10-06 19:15:00,19:14,2026-10-06,oi,10,15,ワイド,2-7,88.7,91.0,94,https://www.keiba.go.jp/KeibaWeb/TodayRaceInfo/OddsWide?k_babaCode=20&k_raceDate=2026%2F10%2F06&k_raceNo=10
2026-10-06 19:15:00,19:14,2026-10-06,oi,10,15,ワイド,7-13,90.5,93.9,95,https://www.keiba.go.jp/KeibaWeb/TodayRaceInfo/OddsWide?k_babaCode=20&k_raceDate=2026%2F10%2F06&k_raceNo=10
2026-10-06 19:15:00,19:14,2026-10-06,oi,10,15,ワイド,10-14,98.4,99.8,97,https://www.keiba.go.jp/KeibaWeb/TodayRaceInfo/OddsWide?k_babaCode=20&k_raceDate=2026%2F10%2F06&k_raceNo=10
2026-10-06 19:15:00,19:14,2026-10-06,oi,10,15,ワイド,4-7,100.4,103.9,98,https://www.keiba.go.jp/KeibaWeb/TodayRaceInfo/OddsWide?k_babaCode=20&k_raceDate=2026%2F10%2F06&k_raceNo=10
2026-10-06 19:15:00,19:14,2026-10-06,oi,10,15,ワイド,10-12,105.5,107.9,99,https://www.keiba.go.jp/KeibaWeb/TodayRaceInfo/OddsWide?k_babaCode=20&k_raceDate=2026%2F10%2F06&k_raceNo=10
2026-10-06 19:15:00,19:14,2026-10-06,oi,10,15,ワイド,3-14,108.2,111.1,100,https://www.keiba.go.jp/KeibaWeb/TodayRaceInfo/OddsWide?k_babaCode=20&k_raceDate=2026%2F10%2F06&k_raceNo=10
2026-10-06 19:15:00,19:14,2026-10-06,oi,10,15,ワイド,7-12,112.2,114.6,101,https://www.keiba.go.jp/KeibaWeb/TodayRaceInfo/OddsWide?k_babaCode=20&k_raceDate=2026%2F10%2F06&k_raceNo=10
2026-10-06 19:15:00,19:14,2026-10-06,oi,10,15,ワイド,12-14,128.7,131.1,102,https://www.keiba.go.jp/KeibaWeb/TodayRaceInfo/OddsWide?k_babaCode=20&k_raceDate=2026%2F10%2F06&k_raceNo=10
2026-10-06 19:15:00,19:14,2026-10-06,oi,10,15,ワイド,5-14,133.1,135.9,103,https://www.keiba.go.jp/KeibaWeb/TodayRaceInfo/OddsWide?k_babaCode=20&k_raceDate=2026%2F10%2F06&k_raceNo=10
2026-10-06 19:15:00,19:14,2026-10-06,oi,10,15,ワイド,7-10,143.0,145.4,104,https://www.keiba.go.jp/KeibaWeb/TodayRaceInfo/OddsWide?k_babaCode=20&k_raceDate=2026%2F10%2F06&k_raceNo=10
2026-10-06 19:15:00,19:14,2026-10-06,oi,10,15,ワイド,6-9,146.5,154.2,105,https://www.keiba.go.jp/KeibaWeb/TodayRaceInfo/OddsWide?k_babaCode=20&k_raceDate=2026%2F10%2F06&k_raceNo=10
2026-10-06 19:15:00,19:14,2026-10-06,oi,10,15,ワイド,3-9,148.0,151.3,106,https://www.keiba.go.jp/KeibaWeb/TodayRaceInfo/OddsWide?k_babaCode=20&k_raceDate=2026%2F10%2F06&k_raceNo=10
2026-10-06 19:15:00,19:14,2026-10-06,oi,10,15,ワイド,11-14,158.4,161.5,107,https://www.keiba.go.jp/KeibaWeb/TodayRaceInfo/OddsWide?k_babaCode=20&k_raceDate=2026%2F10%2F06&k_raceNo=10
2026-10-06 19:15:00,19:14,2026-10-06,oi,10,15,ワイド,2-9,165.8,168.7,109,https://www.keiba.go.jp/KeibaWeb/TodayRaceInfo/OddsWide?k_babaCode=20&k_raceDate=2026%2F10%2F06&k_raceNo=10
2026-10-06 19:15:00,19:14,2026-10-06,oi,10,15,ワイド,4-9,166.1,170.7,110,https://www.keiba.go.jp/KeibaWeb/TodayRaceInfo/OddsWide?k_babaCode=20&k_raceDate=2026%2F10%2F06&k_raceNo=10
2026-10-06 19:15:00,19:14,2026-10-06,oi,10,15,ワイド,7-14,168.7,171.0,111,https://www.keiba.go.jp/KeibaWeb/TodayRaceInfo/OddsWide?k_babaCode=20&k_raceDate=2026%2F10%2F06&k_raceNo=10
2026-10-06 19:15:00,19:14,2026-10-06,oi,10,15,ワイド,7-11,179.8,183.8,112,https://www.keiba.go.jp/KeibaWeb/TodayRaceInfo/OddsWide?k_babaCode=20&k_raceDate=2026%2F10%2F06&k_raceNo=10
2026-10-06 19:15:00,19:14,2026-10-06,oi,10,15,ワイド,1-9,180.2,185.8,113,https://www.keiba.go.jp/KeibaWeb/TodayRaceInfo/OddsWide?k_babaCode=20&k_raceDate=2026%2F10%2F06&k_raceNo=10
2026-10-06 19:15:00,19:14,2026-10-06,oi,10,15,ワイド,9-11,188.2,191.1,114,https://www.keiba.go.jp/KeibaWeb/TodayRaceInfo/OddsWide?k_babaCode=20&k_raceDate=2026%2F10%2F06&k_raceNo=10
2026-10-06 19:15:00,19:14,2026-10-06,oi,10,15,ワイド,9-13,190.4,195.9,115,https://www.keiba.go.jp/KeibaWeb/TodayRaceInfo/OddsWide?k_babaCode=20&k_raceDate=2026%2F10%2F06&k_raceNo=10
2026-10-06 19:15:00,19:14,2026-10-06,oi,10,15,ワイド,7-9,199.8,201.7,116,https://www.keiba.go.jp/KeibaWeb/TodayRaceInfo/OddsWide?k_babaCode=20&k_raceDate=2026%2F10%2F06&k_raceNo=10
2026-10-06 19:15:00,19:14,2026-10-06,oi,10,15,ワイド,5-9,216.2,219.9,117,https://www.keiba.go.jp/KeibaWeb/TodayRaceInfo/OddsWide?k_babaCode=20&k_raceDate=2026%2F10%2F06&k_raceNo=10
2026-10-06 19:15:00,19:14,2026-10-06,oi,10,15,ワイド,9-10,252.1,254.5,118,https://www.keiba.go.jp/KeibaWeb/TodayRaceInfo/OddsWide?k_babaCode=20&k_raceDate=2026%2F10%2F06&k_raceNo=10
2026-10-06 19:15:00,19:14,2026-10-06,oi,10,15,ワイド,9-14,351.4,353.8,119,https://www.keiba.go.jp/KeibaWeb/TodayRaceInfo/OddsWide?k_babaCode=20&k_raceDate=2026%2F10%2F06&k_raceNo=10
2026-10-06 19:15:00,19:14,2026-10-06,oi,10,15,ワイド,9-12,397.3,402.8,120,https://www.keiba.go.jp/KeibaWeb/TodayRaceInfo/OddsWide?k_babaCode=20&k_raceDate=2026%2F10%2F06&k_raceNo=10
2026-10-06 19:15:00,19:14,2026-10-06,oi,10,15,三連複,6-8-16,12.7,12.7,1,https://www.keiba.go.jp/KeibaWeb/TodayRaceInfo/Odds3LenFuku?k_babaCode=20&k_raceDate=2026%2F10%2F06&k_raceNo=10
2026-10-06 19:15:00,19:14,2026-10-06,oi,10,15,三連複,1-8-16,13.3,13.3,2,https://www.keiba.go.jp/KeibaWeb/TodayRaceInfo/Odds3LenFuku?k_babaCode=20&k_raceDate=2026%2F10%2F06&k_raceNo=10
2026-10-06 19:15:00,19:14,2026-10-06,oi,10,15,三連複,4-8-16,18.7,18.7,4,https://www.keiba.go.jp/KeibaWeb/TodayRaceInfo/Odds3LenFuku?k_babaCode=20&k_raceDate=2026%2F10%2F06&k_raceNo=10
2026-10-06 19:15:00,19:14,2026-10-06,oi,10,15,三連複,3-8-16,25.7,25.7,5,https://www.keiba.go.jp/KeibaWeb/TodayRaceInfo/Odds3LenFuku?k_babaCode=20&k_raceDate=2026%2F10%2F06&k_raceNo=10
2026-10-06 19:15:00,19:14,2026-10-06,oi,10,15,三連複,8-13-16,26.9,26.9,6,https://www.keiba.go.jp/KeibaWeb/TodayRaceInfo/Odds3LenFuku?k_babaCode=20&k_raceDate=2026%2F10%2F06&k_raceNo=10
2026-10-06 19:15:00,19:14,2026-10-06,oi,10,15,三連複,5-8-16,27.9,27.9,7,https://www.keiba.go.jp/KeibaWeb/TodayRaceInfo/Odds3LenFuku?k_babaCode=20&k_raceDate=2026%2F10%2F06&k_raceNo=10
2026-10-06 19:15:00,19:14,2026-10-06,oi,10,15,三連複,2-8-16,29.8,29.8,8,https://www.keiba.go.jp/KeibaWeb/TodayRaceInfo/Odds3LenFuku?k_babaCode=20&k_raceDate=2026%2F10%2F06&k_raceNo=10
2026-10-06 19:15:00,19:14,2026-10-06,oi,10,15,三連複,8-12-16,42.2,42.2,9,https://www.keiba.go.jp/KeibaWeb/TodayRaceInfo/Odds3LenFuku?k_babaCode=20&k_raceDate=2026%2F10%2F06&k_raceNo=10
2026-10-06 19:15:00,19:14,2026-10-06,oi,10,15,三連複,1-6-8,43.8,43.8,10,https://www.keiba.go.jp/KeibaWeb/TodayRaceInfo/Odds3LenFuku?k_babaCode=20&k_raceDate=2026%2F10%2F06&k_raceNo=10
2026-10-06 19:15:00,19:14,2026-10-06,oi,10,15,三連複,1-6-16,44.4,44.4,11,https://www.keiba.go.jp/KeibaWeb/TodayRaceInfo/Odds3LenFuku?k_babaCode=20&k_raceDate=2026%2F10%2F06&k_raceNo=10
2026-10-06 19:15:00,19:14,2026-10-06,oi,10,15,三連複,4-6-8,49.6,49.6,13,https://www.keiba.go.jp/KeibaWeb/TodayRaceInfo/Odds3LenFuku?k_babaCode=20&k_raceDate=2026%2F10%2F06&k_raceNo=10
2026-10-06 19:15:00,19:14,2026-10-06,oi,10,15,三連複,8-11-16,51.7,51.7,14,https://www.keiba.go.jp/KeibaWeb/TodayRaceInfo/Odds3LenFuku?k_babaCode=20&k_raceDate=2026%2F10%2F06&k_raceNo=10
2026-10-06 19:15:00,19:14,2026-10-06,oi,10,15,三連複,1-4-8,58.7,58.7,17,https://www.keiba.go.jp/KeibaWeb/TodayRaceInfo/Odds3LenFuku?k_babaCode=20&k_raceDate=2026%2F10%2F06&k_raceNo=10
2026-10-06 19:15:00,19:14,2026-10-06,oi,10,15,三連複,4-6-16,61.2,61.2,18,https://www.keiba.go.jp/KeibaWeb/TodayRaceInfo/Odds3LenFuku?k_babaCode=20&k_raceDate=2026%2F10%2F06&k_raceNo=10
2026-10-06 19:15:00,19:14,2026-10-06,oi,10,15,三連複,6-8-13,63.6,63.6,19,https://www.keiba.go.jp/KeibaWeb/TodayRaceInfo/Odds3LenFuku?k_babaCode=20&k_raceDate=2026%2F10%2F06&k_raceNo=10
2026-10-06 19:15:00,19:14,2026-10-06,oi,10,15,三連複,3-6-8,64.2,64.2,21,https://www.keiba.go.jp/KeibaWeb/TodayRaceInfo/Odds3LenFuku?k_babaCode=20&k_raceDate=2026%2F10%2F06&k_raceNo=10
2026-10-06 19:15:00,19:14,2026-10-06,oi,10,15,三連複,8-10-16,65.0,65.0,22,https://www.keiba.go.jp/KeibaWeb/TodayRaceInfo/Odds3LenFuku?k_babaCode=20&k_raceDate=2026%2F10%2F06&k_raceNo=10
2026-10-06 19:15:00,19:14,2026-10-06,oi,10,15,三連複,2-6-8,68.7,68.7,23,https://www.keiba.go.jp/KeibaWeb/TodayRaceInfo/Odds3LenFuku?k_babaCode=20&k_raceDate=2026%2F10%2F06&k_raceNo=10
2026-10-06 19:15:00,19:14,2026-10-06,oi,10,15,三連複,1-4-16,70.4,70.4,24,https://www.keiba.go.jp/KeibaWeb/TodayRaceInfo/Odds3LenFuku?k_babaCode=20&k_raceDate=2026%2F10%2F06&k_raceNo=10
2026-10-06 19:15:00,19:14,2026-10-06,oi,10,15,三連複,6-13-16,73.0,73.0,25,https://www.keiba.go.jp/KeibaWeb/TodayRaceInfo/Odds3LenFuku?k_babaCode=20&k_raceDate=2026%2F10%2F06&k_raceNo=10
2026-10-06 19:15:00,19:14,2026-10-06,oi,10,15,三連複,8-14-16,80.1,80.1,26,https://www.keiba.go.jp/KeibaWeb/TodayRaceInfo/Odds3LenFuku?k_babaCode=20&k_raceDate=2026%2F10%2F06&k_raceNo=10
2026-10-06 19:15:00,19:14,2026-10-06,oi,10,15,三連複,5-6-8,81.0,81.0,28,https://www.keiba.go.jp/KeibaWeb/TodayRaceInfo/Odds3LenFuku?k_babaCode=20&k_raceDate=2026%2F10%2F06&k_raceNo=10
2026-10-06 19:15:00,19:14,2026-10-06,oi,10,15,三連複,1-13-16,82.7,82.7,30,https://www.keiba.go.jp/KeibaWeb/TodayRaceInfo/Odds3LenFuku?k_babaCode=20&k_raceDate=2026%2F10%2F06&k_raceNo=10
2026-10-06 19:15:00,19:14,2026-10-06,oi,10,15,三連複,1-8-13,84.3,84.3,31,https://www.keiba.go.jp/KeibaWeb/TodayRaceInfo/Odds3LenFuku?k_babaCode=20&k_raceDate=2026%2F10%2F06&k_raceNo=10
2026-10-06 19:15:00,19:14,2026-10-06,oi,10,15,三連複,1-3-8,88.0,88.0,33,https://www.keiba.go.jp/KeibaWeb/TodayRaceInfo/Odds3LenFuku?k_babaCode=20&k_raceDate=2026%2F10%2F06&k_raceNo=10
2026-10-06 19:15:00,19:14,2026-10-06,oi,10,15,三連複,1-5-8,90.9,90.9,34,https://www.keiba.go.jp/KeibaWeb/TodayRaceInfo/Odds3LenFuku?k_babaCode=20&k_raceDate=2026%2F10%2F06&k_raceNo=10
2026-10-06 19:15:00,19:14,2026-10-06,oi,10,15,三連複,5-6-16,94.5,94.5,36,https://www.keiba.go.jp/KeibaWeb/TodayRaceInfo/Odds3LenFuku?k_babaCode=20&k_raceDate=2026%2F10%2F06&k_raceNo=10
2026-10-06 19:15:00,19:14,2026-10-06,oi,10,15,三連複,3-6-16,99.7,99.7,39,https://www.keiba.go.jp/KeibaWeb/TodayRaceInfo/Odds3LenFuku?k_babaCode=20&k_raceDate=2026%2F10%2F06&k_raceNo=10
2026-10-06 19:15:00,19:14,2026-10-06,oi,10,15,三連複,7-8-16,101.5,101.5,40,https://www.keiba.go.jp/KeibaWeb/TodayRaceInfo/Odds3LenFuku?k_babaCode=20&k_raceDate=2026%2F10%2F06&k_raceNo=10
2026-10-06 19:15:00,19:14,2026-10-06,oi,10,15,三連複,2-6-16,105.3,105.3,41,https://www.keiba.go.jp/KeibaWeb/TodayRaceInfo/Odds3LenFuku?k_babaCode=20&k_raceDate=2026%2F10%2F06&k_raceNo=10
2026-10-06 19:15:00,19:14,2026-10-06,oi,10,15,三連複,4-5-8,105.5,105.5,42,https://www.keiba.go.jp/KeibaWeb/TodayRaceInfo/Odds3LenFuku?k_babaCode=20&k_raceDate=2026%2F10%2F06&k_raceNo=10
2026-10-06 19:15:00,19:14,2026-10-06,oi,10,15,三連複,1-5-16,106.2,106.2,44,https://www.keiba.go.jp/KeibaWeb/TodayRaceInfo/Odds3LenFuku?k_babaCode=20&k_raceDate=2026%2F10%2F06&k_raceNo=10
2026-10-06 19:15:00,19:14,2026-10-06,oi,10,15,三連複,4-5-16,108.1,108.1,46,https://www.keiba.go.jp/KeibaWeb/TodayRaceInfo/Odds3LenFuku?k_babaCode=20&k_raceDate=2026%2F10%2F06&k_raceNo=10
2026-10-06 19:15:00,19:14,2026-10-06,oi,10,15,三連複,3-4-8,109.7,109.7,47,https://www.keiba.go.jp/KeibaWeb/TodayRaceInfo/Odds3LenFuku?k_babaCode=20&k_raceDate=2026%2F10%2F06&k_raceNo=10
2026-10-06 19:15:00,19:14,2026-10-06,oi,10,15,三連複,4-13-16,111.0,111.0,48,https://www.keiba.go.jp/KeibaWeb/TodayRaceInfo/Odds3LenFuku?k_babaCode=20&k_raceDate=2026%2F10%2F06&k_raceNo=10
2026-10-06 19:15:00,19:14,2026-10-06,oi,10,15,三連複,6-8-12,112.8,112.8,49,https://www.keiba.go.jp/KeibaWeb/TodayRaceInfo/Odds3LenFuku?k_babaCode=20&k_raceDate=2026%2F10%2F06&k_raceNo=10
2026-10-06 19:15:00,19:14,2026-10-06,oi,10,15,三連複,1-2-8,114.1,114.1,50,https://www.keiba.go.jp/KeibaWeb/TodayRaceInfo/Odds3LenFuku?k_babaCode=20&k_raceDate=2026%2F10%2F06&k_raceNo=10
2026-10-06 19:15:00,19:14,2026-10-06,oi,10,15,三連複,2-4-8,120.1,120.1,51,https://www.keiba.go.jp/KeibaWeb/TodayRaceInfo/Odds3LenFuku?k_babaCode=20&k_raceDate=2026%2F10%2F06&k_raceNo=10
2026-10-06 19:15:00,19:14,2026-10-06,oi,10,15,三連複,1-3-16,123.2,123.2,52,https://www.keiba.go.jp/KeibaWeb/TodayRaceInfo/Odds3LenFuku?k_babaCode=20&k_raceDate=2026%2F10%2F06&k_raceNo=10
2026-10-06 19:15:00,19:14,2026-10-06,oi,10,15,三連複,4-8-13,124.2,124.2,53,https://www.keiba.go.jp/KeibaWeb/TodayRaceInfo/Odds3LenFuku?k_babaCode=20&k_raceDate=2026%2F10%2F06&k_raceNo=10
2026-10-06 19:15:00,19:14,2026-10-06,oi,10,15,三連複,2-3-8,126.9,126.9,54,https://www.keiba.go.jp/KeibaWeb/TodayRaceInfo/Odds3LenFuku?k_babaCode=20&k_raceDate=2026%2F10%2F06&k_raceNo=10
2026-10-06 19:15:00,19:14,2026-10-06,oi,10,15,三連複,1-8-11,129.7,129.7,55,https://www.keiba.go.jp/KeibaWeb/TodayRaceInfo/Odds3LenFuku?k_babaCode=20&k_raceDate=2026%2F10%2F06&k_raceNo=10
2026-10-06 19:15:00,19:14,2026-10-06,oi,10,15,三連複,1-2-16,131.3,131.3,56,https://www.keiba.go.jp/KeibaWeb/TodayRaceInfo/Odds3LenFuku?k_babaCode=20&k_raceDate=2026%2F10%2F06&k_raceNo=10
2026-10-06 19:15:00,19:14,2026-10-06,oi,10,15,三連複,5-8-13,140.2,140.2,58,https://www.keiba.go.jp/KeibaWeb/TodayRaceInfo/Odds3LenFuku?k_babaCode=20&k_raceDate=2026%2F10%2F06&k_raceNo=10
2026-10-06 19:15:00,19:14,2026-10-06,oi,10,15,三連複,1-11-16,145.8,145.8,59,https://www.keiba.go.jp/KeibaWeb/TodayRaceInfo/Odds3LenFuku?k_babaCode=20&k_raceDate=2026%2F10%2F06&k_raceNo=10
2026-10-06 19:15:00,19:14,2026-10-06,oi,10,15,三連複,6-8-11,147.6,147.6,60,https://www.keiba.go.jp/KeibaWeb/TodayRaceInfo/Odds3LenFuku?k_babaCode=20&k_raceDate=2026%2F10%2F06&k_raceNo=10
2026-10-06 19:15:00,19:14,2026-10-06,oi,10,15,三連複,2-5-8,157.7,157.7,62,https://www.keiba.go.jp/KeibaWeb/TodayRaceInfo/Odds3LenFuku?k_babaCode=20&k_raceDate=2026%2F10%2F06&k_raceNo=10
2026-10-06 19:15:00,19:14,2026-10-06,oi,10,15,三連複,3-5-8,162.1,162.1,63,https://www.keiba.go.jp/KeibaWeb/TodayRaceInfo/Odds3LenFuku?k_babaCode=20&k_raceDate=2026%2F10%2F06&k_raceNo=10
2026-10-06 19:15:00,19:14,2026-10-06,oi,10,15,三連複,5-13-16,164.3,164.3,64,https://www.keiba.go.jp/KeibaWeb/TodayRaceInfo/Odds3LenFuku?k_babaCode=20&k_raceDate=2026%2F10%2F06&k_raceNo=10
2026-10-06 19:15:00,19:14,2026-10-06,oi,10,15,三連複,1-8-12,165.4,165.4,65,https://www.keiba.go.jp/KeibaWeb/TodayRaceInfo/Odds3LenFuku?k_babaCode=20&k_raceDate=2026%2F10%2F06&k_raceNo=10
2026-10-06 19:15:00,19:14,2026-10-06,oi,10,15,三連複,3-4-16,165.4,165.4,65,https://www.keiba.go.jp/KeibaWeb/TodayRaceInfo/Odds3LenFuku?k_babaCode=20&k_raceDate=2026%2F10%2F06&k_raceNo=10
2026-10-06 19:15:00,19:14,2026-10-06,oi,10,15,三連複,2-4-16,167.9,167.9,67,https://www.keiba.go.jp/KeibaWeb/TodayRaceInfo/Odds3LenFuku?k_babaCode=20&k_raceDate=2026%2F10%2F06&k_raceNo=10
2026-10-06 19:15:00,19:14,2026-10-06,oi,10,15,三連複,8-9-16,169.6,169.6,68,https://www.keiba.go.jp/KeibaWeb/TodayRaceInfo/Odds3LenFuku?k_babaCode=20&k_raceDate=2026%2F10%2F06&k_raceNo=10
2026-10-06 19:15:00,19:14,2026-10-06,oi,10,15,三連複,6-8-10,170.8,170.8,69,https://www.keiba.go.jp/KeibaWeb/TodayRaceInfo/Odds3LenFuku?k_babaCode=20&k_raceDate=2026%2F10%2F06&k_raceNo=10
2026-10-06 19:15:00,19:14,2026-10-06,oi,10,15,三連複,4-8-12,172.9,172.9,70,https://www.keiba.go.jp/KeibaWeb/TodayRaceInfo/Odds3LenFuku?k_babaCode=20&k_raceDate=2026%2F10%2F06&k_raceNo=10
2026-10-06 19:15:00,19:14,2026-10-06,oi,10,15,三連複,4-8-11,175.7,175.7,71,https://www.keiba.go.jp/KeibaWeb/TodayRaceInfo/Odds3LenFuku?k_babaCode=20&k_raceDate=2026%2F10%2F06&k_raceNo=10
2026-10-06 19:15:00,19:14,2026-10-06,oi,10,15,三連複,1-4-6,176.9,176.9,73,https://www.keiba.go.jp/KeibaWeb/TodayRaceInfo/Odds3LenFuku?k_babaCode=20&k_raceDate=2026%2F10%2F06&k_raceNo=10
2026-10-06 19:15:00,19:14,2026-10-06,oi,10,15,三連複,6-11-16,189.5,189.5,75,https://www.keiba.go.jp/KeibaWeb/TodayRaceInfo/Odds3LenFuku?k_babaCode=20&k_raceDate=2026%2F10%2F06&k_raceNo=10
2026-10-06 19:15:00,19:14,2026-10-06,oi,10,15,三連複,6-12-16,189.5,189.5,75,https://www.keiba.go.jp/KeibaWeb/TodayRaceInfo/Odds3LenFuku?k_babaCode=20&k_raceDate=2026%2F10%2F06&k_raceNo=10
2026-10-06 19:15:00,19:14,2026-10-06,oi,10,15,三連複,2-8-13,195.1,195.1,77,https://www.keiba.go.jp/KeibaWeb/TodayRaceInfo/Odds3LenFuku?k_babaCode=20&k_raceDate=2026%2F10%2F06&k_raceNo=10
2026-10-06 19:15:00,19:14,2026-10-06,oi,10,15,三連複,3-8-13,200.3,200.3,78,https://www.keiba.go.jp/KeibaWeb/TodayRaceInfo/Odds3LenFuku?k_babaCode=20&k_raceDate=2026%2F10%2F06&k_raceNo=10
2026-10-06 19:15:00,19:14,2026-10-06,oi,10,15,三連複,2-5-16,207.4,207.4,81,https://www.keiba.go.jp/KeibaWeb/TodayRaceInfo/Odds3LenFuku?k_babaCode=20&k_raceDate=2026%2F10%2F06&k_raceNo=10
2026-10-06 19:15:00,19:14,2026-10-06,oi,10,15,三連複,2-13-16,210.5,210.5,82,https://www.keiba.go.jp/KeibaWeb/TodayRaceInfo/Odds3LenFuku?k_babaCode=20&k_raceDate=2026%2F10%2F06&k_raceNo=10
2026-10-06 19:15:00,19:14,2026-10-06,oi,10,15,三連複,3-8-12,213.7,213.7,83,https://www.keiba.go.jp/KeibaWeb/TodayRaceInfo/Odds3LenFuku?k_babaCode=20&k_raceDate=2026%2F10%2F06&k_raceNo=10
2026-10-06 19:15:00,19:14,2026-10-06,oi,10,15,三連複,4-11-16,221.4,221.4,84,https://www.keiba.go.jp/KeibaWeb/TodayRaceInfo/Odds3LenFuku?k_babaCode=20&k_raceDate=2026%2F10%2F06&k_raceNo=10
2026-10-06 19:15:00,19:14,2026-10-06,oi,10,15,三連複,3-5-16,223.9,223.9,85,https://www.keiba.go.jp/KeibaWeb/TodayRaceInfo/Odds3LenFuku?k_babaCode=20&k_raceDate=2026%2F10%2F06&k_raceNo=10
2026-10-06 19:15:00,19:14,2026-10-06,oi,10,15,三連複,2-3-16,227.0,227.0,86,https://www.keiba.go.jp/KeibaWeb/TodayRaceInfo/Odds3LenFuku?k_babaCode=20&k_raceDate=2026%2F10%2F06&k_raceNo=10
2026-10-06 19:15:00,19:14,2026-10-06,oi,10,15,三連複,8-11-13,229.6,229.6,87,https://www.keiba.go.jp/KeibaWeb/TodayRaceInfo/Odds3LenFuku?k_babaCode=20&k_raceDate=2026%2F10%2F06&k_raceNo=10
2026-10-06 19:15:00,19:14,2026-10-06,oi,10,15,三連複,2-4-6,231.2,231.2,88,https://www.keiba.go.jp/KeibaWeb/TodayRaceInfo/Odds3LenFuku?k_babaCode=20&k_raceDate=2026%2F10%2F06&k_raceNo=10
2026-10-06 19:15:00,19:14,2026-10-06,oi,10,15,三連複,3-13-16,235.6,235.6,90,https://www.keiba.go.jp/KeibaWeb/TodayRaceInfo/Odds3LenFuku?k_babaCode=20&k_raceDate=2026%2F10%2F06&k_raceNo=10
2026-10-06 19:15:00,19:14,2026-10-06,oi,10,15,三連複,8-12-13,235.6,235.6,90,https://www.keiba.go.jp/KeibaWeb/TodayRaceInfo/Odds3LenFuku?k_babaCode=20&k_raceDate=2026%2F10%2F06&k_raceNo=10
2026-10-06 19:15:00,19:14,2026-10-06,oi,10,15,三連複,6-10-16,236.2,236.2,92,https://www.keiba.go.jp/KeibaWeb/TodayRaceInfo/Odds3LenFuku?k_babaCode=20&k_raceDate=2026%2F10%2F06&k_raceNo=10
2026-10-06 19:15:00,19:14,2026-10-06,oi,10,15,三連複,1-12-16,240.2,240.2,93,https://www.keiba.go.jp/KeibaWeb/TodayRaceInfo/Odds3LenFuku?k_babaCode=20&k_raceDate=2026%2F10%2F06&k_raceNo=10
2026-10-06 19:15:00,19:14,2026-10-06,oi,10,15,三連複,4-6-13,242.6,242.6,95,https://www.keiba.go.jp/KeibaWeb/TodayRaceInfo/Odds3LenFuku?k_babaCode=20&k_raceDate=2026%2F10%2F06&k_raceNo=10
2026-10-06 19:15:00,19:14,2026-10-06,oi,10,15,三連複,2-3-6,248.7,248.7,97,https://www.keiba.go.jp/KeibaWeb/TodayRaceInfo/Odds3LenFuku?k_babaCode=20&k_raceDate=2026%2F10%2F06&k_raceNo=10
2026-10-06 19:15:00,19:14,2026-10-06,oi,10,15,三連複,3-8-11,249.3,249.3,98,https://www.keiba.go.jp/KeibaWeb/TodayRaceInfo/Odds3LenFuku?k_babaCode=20&k_raceDate=2026%2F10%2F06&k_raceNo=10
2026-10-06 19:15:00,19:14,2026-10-06,oi,10,15,三連複,4-5-6,249.3,249.3,98,https://www.keiba.go.jp/KeibaWeb/TodayRaceInfo/Odds3LenFuku?k_babaCode=20&k_raceDate=2026%2F10%2F06&k_raceNo=10
2026-10-06 19:15:00,19:14,2026-10-06,oi,10,15,三連複,1-8-10,252.5,252.5,100,https://www.keiba.go.jp/KeibaWeb/TodayRaceInfo/Odds3LenFuku?k_babaCode=20&k_raceDate=2026%2F10%2F06&k_raceNo=10
2026-10-06 19:15:00,19:14,2026-10-06,oi,10,15,三連複,1-6-13,253.8,253.8,101,https://www.keiba.go.jp/KeibaWeb/TodayRaceInfo/Odds3LenFuku?k_babaCode=20&k_raceDate=2026%2F10%2F06&k_raceNo=10
2026-10-06 19:15:00,19:14,2026-10-06,oi,10,15,三連複,11-13-16,255.8,255.8,102,https://www.keiba.go.jp/KeibaWeb/TodayRaceInfo/Odds3LenFuku?k_babaCode=20&k_raceDate=2026%2F10%2F06&k_raceNo=10
2026-10-06 19:15:00,19:14,2026-10-06,oi,10,15,三連複,5-8-11,256.4,256.4,103,https://www.keiba.go.jp/KeibaWeb/TodayRaceInfo/Odds3LenFuku?k_babaCode=20&k_raceDate=2026%2F10%2F06&k_raceNo=10
2026-10-06 19:15:00,19:14,2026-10-06,oi,10,15,三連複,1-5-6,257.1,257.1,104,https://www.keiba.go.jp/KeibaWeb/TodayRaceInfo/Odds3LenFuku?k_babaCode=20&k_raceDate=2026%2F10%2F06&k_raceNo=10
2026-10-06 19:15:00,19:14,2026-10-06,oi,10,15,三連複,2-8-11,257.8,257.8,105,https://www.keiba.go.jp/KeibaWeb/TodayRaceInfo/Odds3LenFuku?k_babaCode=20&k_raceDate=2026%2F10%2F06&k_raceNo=10
2026-10-06 19:15:00,19:14,2026-10-06,oi,10,15,三連複,4-8-10,262.6,262.6,107,https://www.keiba.go.jp/KeibaWeb/TodayRaceInfo/Odds3LenFuku?k_babaCode=20&k_raceDate=2026%2F10%2F06&k_raceNo=10
2026-10-06 19:15:00,19:14,2026-10-06,oi,10,15,三連複,1-3-6,266.1,266.1,109,https://www.keiba.go.jp/KeibaWeb/TodayRaceInfo/Odds3LenFuku?k_babaCode=20&k_raceDate=2026%2F10%2F06&k_raceNo=10
2026-10-06 19:15:00,19:14,2026-10-06,oi,10,15,三連複,3-4-6,266.1,266.1,109,https://www.keiba.go.jp/KeibaWeb/TodayRaceInfo/Odds3LenFuku?k_babaCode=20&k_raceDate=2026%2F10%2F06&k_raceNo=10
2026-10-06 19:15:00,19:14,2026-10-06,oi,10,15,三連複,1-2-6,271.2,271.2,111,https://www.keiba.go.jp/KeibaWeb/TodayRaceInfo/Odds3LenFuku?k_babaCode=20&k_raceDate=2026%2F10%2F06&k_raceNo=10
2026-10-06 19:15:00,19:14,2026-10-06,oi,10,15,三連複,4-5-13,275.8,275.8,113,https://www.keiba.go.jp/KeibaWeb/TodayRaceInfo/Odds3LenFuku?k_babaCode=20&k_raceDate=2026%2F10%2F06&k_raceNo=10
2026-10-06 19:15:00,19:14,2026-10-06,oi,10,15,三連複,2-8-12,278.9,278.9,114,https://www.keiba.go.jp/KeibaWeb/TodayRaceInfo/Odds3LenFuku?k_babaCode=20&k_raceDate=2026%2F10%2F06&k_raceNo=10
2026-10-06 19:15:00,19:14,2026-10-06,oi,10,15,三連複,2-6-13,279.7,279.7,115,https://www.keiba.go.jp/KeibaWeb/TodayRaceInfo/Odds3LenFuku?k_babaCode=20&k_raceDate=2026%2F10%2F06&k_raceNo=10
2026-10-06 19:15:00,19:14,2026-10-06,oi,10,15,三連複,5-8-12,280.5,280.5,116,https://www.keiba.go.jp/KeibaWeb/TodayRaceInfo/Odds3LenFuku?k_babaCode=20&k_raceDate=2026%2F10%2F06&k_raceNo=10
2026-10-06 19:15:00,19:14,2026-10-06,oi,10,15,三連複,4-12-16,283.7,283.7,117,https://www.keiba.go.jp/KeibaWeb/TodayRaceInfo/Odds3LenFuku?k_babaCode=20&k_raceDate=2026%2F10%2F06&k_raceNo=10
2026-10-06 19:15:00,19:14,2026-10-06,oi,10,15,三連複,6-8-14,284.5,284.5,119,https://www.keiba.go.jp/KeibaWeb/TodayRaceInfo/Odds3LenFuku?k_babaCode=20&k_raceDate=2026%2F10%2F06&k_raceNo=10
2026-10-06 19:15:00,19:14,2026-10-06,oi,10,15,三連複,5-6-13,285.4,285.4,120,https://www.keiba.go.jp/KeibaWeb/TodayRaceInfo/Odds3LenFuku?k_babaCode=20&k_raceDate=2026%2F10%2F06&k_raceNo=10
2026-10-06 19:15:00,19:14,2026-10-06,oi,10,15,三連複,3-8-10,295.6,295.6,121,https://www.keiba.go.jp/KeibaWeb/TodayRaceInfo/Odds3LenFuku?k_babaCode=20&k_raceDate=2026%2F10%2F06&k_raceNo=10
2026-10-06 19:15:00,19:14,2026-10-06,oi,10,15,三連複,13-14-16,295.6,295.6,121,https://www.keiba.go.jp/KeibaWeb/TodayRaceInfo/Odds3LenFuku?k_babaCode=20&k_raceDate=2026%2F10%2F06&k_raceNo=10
2026-10-06 19:15:00,19:14,2026-10-06,oi,10,15,三連複,1-4-5,296.5,296.5,123,https://www.keiba.go.jp/KeibaWeb/TodayRaceInfo/Odds3LenFuku?k_babaCode=20&k_raceDate=2026%2F10%2F06&k_raceNo=10
2026-10-06 19:15:00,19:14,2026-10-06,oi,10,15,三連複,1-8-9,302.9,302.9,124,https://www.keiba.go.jp/KeibaWeb/TodayRaceInfo/Odds3LenFuku?k_babaCode=20&k_raceDate=2026%2F10%2F06&k_raceNo=10
2026-10-06 19:15:00,19:14,2026-10-06,oi,10,15,三連複,5-11-16,302.9,302.9,124,https://www.keiba.go.jp/KeibaWeb/TodayRaceInfo/Odds3LenFuku?k_babaCode=20&k_raceDate=2026%2F10%2F06&k_raceNo=10
2026-10-06 19:15:00,19:14,2026-10-06,oi,10,15,三連複,1-9-16,303.8,303.8,126,https://www.keiba.go.jp/KeibaWeb/TodayRaceInfo/Odds3LenFuku?k_babaCode=20&k_raceDate=2026%2F10%2F06&k_raceNo=10
2026-10-06 19:15:00,19:14,2026-10-06,oi,10,15,三連複,2-5-6,314.4,314.4,128,https://www.keiba.go.jp/KeibaWeb/TodayRaceInfo/Odds3LenFuku?k_babaCode=20&k_raceDate=2026%2F10%2F06&k_raceNo=10
2026-10-06 19:15:00,19:14,2026-10-06,oi,10,15,三連複,1-10-16,317.5,317.5,129,https://www.keiba.go.jp/KeibaWeb/TodayRaceInfo/Odds3LenFuku?k_babaCode=20&k_raceDate=2026%2F10%2F06&k_raceNo=10
2026-10-06 19:15:00,19:14,2026-10-06,oi,10,15,三連複,1-14-16,318.5,318.5,131,https://www.keiba.go.jp/KeibaWeb/TodayRaceInfo/Odds3LenFuku?k_babaCode=20&k_raceDate=2026%2F10%2F06&k_raceNo=10
2026-10-06 19:15:00,19:14,2026-10-06,oi,10,15,三連複,6-14-16,318.5,318.5,131,https://www.keiba.go.jp/KeibaWeb/TodayRaceInfo/Odds3LenFuku?k_babaCode=20&k_raceDate=2026%2F10%2F06&k_raceNo=10
2026-10-06 19:15:00,19:14,2026-10-06,oi,10,15,三連複,12-13-16,319.5,319.5,133,https://www.keiba.go.jp/KeibaWeb/TodayRaceInfo/Odds3LenFuku?k_babaCode=20&k_raceDate=2026%2F10%2F06&k_raceNo=10
2026-10-06 19:15:00,19:14,2026-10-06,oi,10,15,三連複,3-6-13,324.8,324.8,134,https://www.keiba.go.jp/KeibaWeb/TodayRaceInfo/Odds3LenFuku?k_babaCode=20&k_raceDate=2026%2F10%2F06&k_raceNo=10
2026-10-06 19:15:00,19:14,2026-10-06,oi,10,15,三連複,1-3-4,329.1,329.1,135,https://www.keiba.go.jp/KeibaWeb/TodayRaceInfo/Odds3LenFuku?k_babaCode=20&k_raceDate=2026%2F10%2F06&k_raceNo=10
2026-10-06 19:15:00,19:14,2026-10-06,oi,10,15,三連複,1-2-3,338.1,338.1,137,https://www.keiba.go.jp/KeibaWeb/TodayRaceInfo/Odds3LenFuku?k_babaCode=20&k_raceDate=2026%2F10%2F06&k_raceNo=10
2026-10-06 19:15:00,19:14,2026-10-06,oi,10,15,三連複,4-14-16,338.1,338.1,137,https://www.keiba.go.jp/KeibaWeb/TodayRaceInfo/Odds3LenFuku?k_babaCode=20&k_raceDate=2026%2F10%2F06&k_raceNo=10
2026-10-06 19:15:00,19:14,2026-10-06,oi,10,15,三連複,1-8-14,345.2,345.2,139,https://www.keiba.go.jp/KeibaWeb/TodayRaceInfo/Odds3LenFuku?k_babaCode=20&k_raceDate=2026%2F10%2F06&k_raceNo=10
2026-10-06 19:15:00,19:14,2026-10-06,oi,10,15,三連複,6-7-8,347.7,347.7,140,https://www.keiba.go.jp/KeibaWeb/TodayRaceInfo/Odds3LenFuku?k_babaCode=20&k_raceDate=2026%2F10%2F06&k_raceNo=10
2026-10-06 19:15:00,19:14,2026-10-06,oi,10,15,三連複,8-11-12,347.7,347.7,140,https://www.keiba.go.jp/KeibaWeb/TodayRaceInfo/Odds3LenFuku?k_babaCode=20&k_raceDate=2026%2F10%2F06&k_raceNo=10
2026-10-06 19:15:00,19:14,2026-10-06,oi,10,15,三連複,3-5-6,353.9,353.9,142,https://www.keiba.go.jp/KeibaWeb/TodayRaceInfo/Odds3LenFuku?k_babaCode=20&k_raceDate=2026%2F10%2F06&k_raceNo=10
2026-10-06 19:15:00,19:14,2026-10-06,oi,10,15,三連複,1-4-13,360.4,360.4,143,https://www.keiba.go.jp/KeibaWeb/TodayRaceInfo/Odds3LenFuku?k_babaCode=20&k_raceDate=2026%2F10%2F06&k_raceNo=10
2026-10-06 19:15:00,19:14,2026-10-06,oi,10,15,三連複,2-11-16,369.8,369.8,144,https://www.keiba.go.jp/KeibaWeb/TodayRaceInfo/Odds3LenFuku?k_babaCode=20&k_raceDate=2026%2F10%2F06&k_raceNo=10
2026-10-06 19:15:00,19:14,2026-10-06,oi,10,15,三連複,2-3-4,371.2,371.2,145,https://www.keiba.go.jp/KeibaWeb/TodayRaceInfo/Odds3LenFuku?k_babaCode=20&k_raceDate=2026%2F10%2F06&k_raceNo=10
2026-10-06 19:15:00,19:14,2026-10-06,oi,10,15,三連複,1-7-16,376.9,376.9,146,https://www.keiba.go.jp/KeibaWeb/TodayRaceInfo/Odds3LenFuku?k_babaCode=20&k_raceDate=2026%2F10%2F06&k_raceNo=10
2026-10-06 19:15:00,19:14,2026-10-06,oi,10,15,三連複,5-8-10,390.3,390.3,147,https://www.keiba.go.jp/KeibaWeb/TodayRaceInfo/Odds3LenFuku?k_babaCode=20&k_raceDate=2026%2F10%2F06&k_raceNo=10
2026-10-06 19:15:00,19:14,2026-10-06,oi,10,15,三連複,3-12-16,391.8,391.8,148,https://www.keiba.go.jp/KeibaWeb/TodayRaceInfo/Odds3LenFuku?k_babaCode=20&k_raceDate=2026%2F10%2F06&k_raceNo=10
2026-10-06 19:15:00,19:14,2026-10-06,oi,10,15,三連複,1-7-8,393.4,393.4,149,https://www.keiba.go.jp/KeibaWeb/TodayRaceInfo/Odds3LenFuku?k_babaCode=20&k_raceDate=2026%2F10%2F06&k_raceNo=10
2026-10-06 19:15:00,19:14,2026-10-06,oi,10,15,三連複,5-12-16,396.5,396.5,150,https://www.keiba.go.jp/KeibaWeb/TodayRaceInfo/Odds3LenFuku?k_babaCode=20&k_raceDate=2026%2F10%2F06&k_raceNo=10
2026-10-06 19:15:00,19:14,2026-10-06,oi,10,15,三連複,4-5-11,409.7,409.7,151,https://www.keiba.go.jp/KeibaWeb/TodayRaceInfo/Odds3LenFuku?k_babaCode=20&k_raceDate=2026%2F10%2F06&k_raceNo=10
2026-10-06 19:15:00,19:14,2026-10-06,oi,10,15,三連複,8-13-14,413.1,413.1,152,https://www.keiba.go.jp/KeibaWeb/TodayRaceInfo/Odds3LenFuku?k_babaCode=20&k_raceDate=2026%2F10%2F06&k_raceNo=10
2026-10-06 19:15:00,19:14,2026-10-06,oi,10,15,三連複,3-11-16,414.9,414.9,153,https://www.keiba.go.jp/KeibaWeb/TodayRaceInfo/Odds3LenFuku?k_babaCode=20&k_raceDate=2026%2F10%2F06&k_raceNo=10
2026-10-06 19:15:00,19:14,2026-10-06,oi,10,15,三連複,4-10-16,423.8,423.8,156,https://www.keiba.go.jp/KeibaWeb/TodayRaceInfo/Odds3LenFuku?k_babaCode=20&k_raceDate=2026%2F10%2F06&k_raceNo=10
2026-10-06 19:15:00,19:14,2026-10-06,oi,10,15,三連複,1-2-4,429.3,429.3,158,https://www.keiba.go.jp/KeibaWeb/TodayRaceInfo/Odds3LenFuku?k_babaCode=20&k_raceDate=2026%2F10%2F06&k_raceNo=10
2026-10-06 19:15:00,19:14,2026-10-06,oi,10,15,三連複,2-4-5,433.1,433.1,159,https://www.keiba.go.jp/KeibaWeb/TodayRaceInfo/Odds3LenFuku?k_babaCode=20&k_raceDate=2026%2F10%2F06&k_raceNo=10
2026-10-06 19:15:00,19:14,2026-10-06,oi,10,15,三連複,6-7-16,435.0,435.0,160,https://www.keiba.go.jp/KeibaWeb/TodayRaceInfo/Odds3LenFuku?k_babaCode=20&k_raceDate=2026%2F10%2F06&k_raceNo=10
2026-10-06 19:15:00,19:14,2026-10-06,oi,10,15,三連複,1-5-13,459.3,459.3,165,https://www.keiba.go.jp/KeibaWeb/TodayRaceInfo/Odds3LenFuku?k_babaCode=20&k_raceDate=2026%2F10%2F06&k_raceNo=10
2026-10-06 19:15:00,19:14,2026-10-06,oi,10,15,三連複,4-8-14,465.8,465.8,166,https://www.keiba.go.jp/KeibaWeb/TodayRaceInfo/Odds3LenFuku?k_babaCode=20&k_raceDate=2026%2F10%2F06&k_raceNo=10
2026-10-06 19:15:00,19:14,2026-10-06,oi,10,15,三連複,4-6-11,481.7,481.7,167,https://www.keiba.go.jp/KeibaWeb/TodayRaceInfo/Odds3LenFuku?k_babaCode=20&k_raceDate=2026%2F10%2F06&k_raceNo=10
2026-10-06 19:15:00,19:14,2026-10-06,oi,10,15,三連複,6-11-13,484.0,484.0,168,https://www.keiba.go.jp/KeibaWeb/TodayRaceInfo/Odds3LenFuku?k_babaCode=20&k_raceDate=2026%2F10%2F06&k_raceNo=10
2026-10-06 19:15:00,19:14,2026-10-06,oi,10,15,三連複,1-3-5,488.8,488.8,169,https://www.keiba.go.jp/KeibaWeb/TodayRaceInfo/Odds3LenFuku?k_babaCode=20&k_raceDate=2026%2F10%2F06&k_raceNo=10
2026-10-06 19:15:00,19:14,2026-10-06,oi,10,15,三連複,1-6-11,488.8,488.8,169,https://www.keiba.go.jp/KeibaWeb/TodayRaceInfo/Odds3LenFuku?k_babaCode=20&k_raceDate=2026%2F10%2F06&k_raceNo=10
2026-10-06 19:15:00,19:14,2026-10-06,oi,10,15,三連複,4-11-13,496.2,496.2,171,https://www.keiba.go.jp/KeibaWeb/TodayRaceInfo/Odds3LenFuku?k_babaCode=20&k_raceDate=2026%2F10%2F06&k_raceNo=10
2026-10-06 19:15:00,19:14,2026-10-06,oi,10,15,三連複,4-6-12,498.7,498.7,172,https://www.keiba.go.jp/KeibaWeb/TodayRaceInfo/Odds3LenFuku?k_babaCode=20&k_raceDate=2026%2F10%2F06&k_raceNo=10
2026-10-06 19:15:00,19:14,2026-10-06,oi,10,15,三連複,10-13-16,501.2,501.2,173,https://www.keiba.go.jp/KeibaWeb/TodayRaceInfo/Odds3LenFuku?k_babaCode=20&k_raceDate=2026%2F10%2F06&k_raceNo=10
2026-10-06 19:15:00,19:14,2026-10-06,oi,10,15,三連複,3-4-5,503.8,503.8,175,https://www.keiba.go.jp/KeibaWeb/TodayRaceInfo/Odds3LenFuku?k_babaCode=20&k_raceDate=2026%2F10%2F06&k_raceNo=10
2026-10-06 19:15:00,19:14,2026-10-06,oi,10,15,三連複,6-12-13,506.4,506.4,176,https://www.keiba.go.jp/KeibaWeb/TodayRaceInfo/Odds3LenFuku?k_babaCode=20&k_raceDate=2026%2F10%2F06&k_raceNo=10
2026-10-06 19:15:00,19:14,2026-10-06,oi,10,15,三連複,1-2-5,509.0,509.0,177,https://www.keiba.go.jp/KeibaWeb/TodayRaceInfo/Odds3LenFuku?k_babaCode=20&k_raceDate=2026%2F10%2F06&k_raceNo=10
2026-10-06 19:15:00,19:14,2026-10-06,oi,10,15,三連複,2-8-10,525.2,525.2,179,https://www.keiba.go.jp/KeibaWeb/TodayRaceInfo/Odds3LenFuku?k_babaCode=20&k_raceDate=2026%2F10%2F06&k_raceNo=10
2026-10-06 19:15:00,19:14,2026-10-06,oi,10,15,三連複,5-10-16,525.2,525.2,179,https://www.keiba.go.jp/KeibaWeb/TodayRaceInfo/Odds3LenFuku?k_babaCode=20&k_raceDate=2026%2F10%2F06&k_raceNo=10
2026-10-06 19:15:00,19:14,2026-10-06,oi,10,15,三連複,3-7-8,530.9,530.9,181,https://www.keiba.go.jp/KeibaWeb/TodayRaceInfo/Odds3LenFuku?k_babaCode=20&k_raceDate=2026%2F10%2F06&k_raceNo=10
2026-10-06 19:15:00,19:14,2026-10-06,oi,10,15,三連複,3-10-16,536.6,536.6,183,https://www.keiba.go.jp/KeibaWeb/TodayRaceInfo/Odds3LenFuku?k_babaCode=20&k_raceDate=2026%2F10%2F06&k_raceNo=10
2026-10-06 19:15:00,19:14,2026-10-06,oi,10,15,三連複,11-12-16,536.6,536.6,183,https://www.keiba.go.jp/KeibaWeb/TodayRaceInfo/Odds3LenFuku?k_babaCode=20&k_raceDate=2026%2F10%2F06&k_raceNo=10
2026-10-06 19:15:00,19:14,2026-10-06,oi,10,15,三連複,8-10-11,542.5,542.5,185,https://www.keiba.go.jp/KeibaWeb/TodayRaceInfo/Odds3LenFuku?k_babaCode=20&k_raceDate=2026%2F10%2F06&k_raceNo=10
2026-10-06 19:15:00,19:14,2026-10-06,oi,10,15,三連複,8-10-13,545.5,545.5,186,https://www.keiba.go.jp/KeibaWeb/TodayRaceInfo/Odds3LenFuku?k_babaCode=20&k_raceDate=2026%2F10%2F06&k_raceNo=10
2026-10-06 19:15:00,19:14,2026-10-06,oi,10,15,三連複,5-7-16,551.6,551.6,187,https://www.keiba.go.jp/KeibaWeb/TodayRaceInfo/Odds3LenFuku?k_babaCode=20&k_raceDate=2026%2F10%2F06&k_raceNo=10
2026-10-06 19:15:00,19:14,2026-10-06,oi,10,15,三連複,1-6-10,554.7,554.7,188,https://www.keiba.go.jp/KeibaWeb/TodayRaceInfo/Odds3LenFuku?k_babaCode=20&k_raceDate=2026%2F10%2F06&k_raceNo=10
2026-10-06 19:15:00,19:14,2026-10-06,oi,10,15,三連複,7-8-13,557.9,557.9,189,https://www.keiba.go.jp/KeibaWeb/TodayRaceInfo/Odds3LenFuku?k_babaCode=20&k_raceDate=2026%2F10%2F06&k_raceNo=10
2026-10-06 19:15:00,19:14,2026-10-06,oi,10,15,三連複,1-6-12,570.8,570.8,190,https://www.keiba.go.jp/KeibaWeb/TodayRaceInfo/Odds3LenFuku?k_babaCode=20&k_raceDate=2026%2F10%2F06&k_raceNo=10
2026-10-06 19:15:00,19:14,2026-10-06,oi,10,15,三連複,2-12-16,574.1,574.1,191,https://www.keiba.go.jp/KeibaWeb/TodayRaceInfo/Odds3LenFuku?k_babaCode=20&k_raceDate=2026%2F10%2F06&k_raceNo=10
2026-10-06 19:15:00,19:14,2026-10-06,oi,10,15,三連複,2-7-8,580.8,580.8,192,https://www.keiba.go.jp/KeibaWeb/TodayRaceInfo/Odds3LenFuku?k_babaCode=20&k_raceDate=2026%2F10%2F06&k_raceNo=10
2026-10-06 19:15:00,19:14,2026-10-06,oi,10,15,三連複,2-4-13,594.8,594.8,193,https://www.keiba.go.jp/KeibaWeb/TodayRaceInfo/Odds3LenFuku?k_babaCode=20&k_raceDate=2026%2F10%2F06&k_raceNo=10
2026-10-06 19:15:00,19:14,2026-10-06,oi,10,15,三連複,2-8-14,594.8,594.8,193,https://www.keiba.go.jp/KeibaWeb/TodayRaceInfo/Odds3LenFuku?k_babaCode=20&k_raceDate=2026%2F10%2F06&k_raceNo=10
2026-10-06 19:15:00,19:14,2026-10-06,oi,10,15,三連複,1-4-11,609.5,609.5,195,https://www.keiba.go.jp/KeibaWeb/TodayRaceInfo/Odds3LenFuku?k_babaCode=20&k_raceDate=2026%2F10%2F06&k_raceNo=10
2026-10-06 19:15:00,19:14,2026-10-06,oi,10,15,三連複,2-3-5,609.5,609.5,195,https://www.keiba.go.jp/KeibaWeb/TodayRaceInfo/Odds3LenFuku?k_babaCode=20&k_raceDate=2026%2F10%2F06&k_raceNo=10
2026-10-06 19:15:00,19:14,2026-10-06,oi,10,15,三連複,2-6-12,613.3,613.3,197,https://www.keiba.go.jp/KeibaWeb/TodayRaceInfo/Odds3LenFuku?k_babaCode=20&k_raceDate=2026%2F10%2F06&k_raceNo=10
2026-10-06 19:15:00,19:14,2026-10-06,oi,10,15,三連複,5-14-16,617.1,617.1,198,https://www.keiba.go.jp/KeibaWeb/TodayRaceInfo/Odds3LenFuku?k_babaCode=20&k_raceDate=2026%2F10%2F06&k_raceNo=10
2026-10-06 19:15:00,19:14,2026-10-06,oi,10,15,三連複,3-8-14,621.0,621.0,200,https://www.keiba.go.jp/KeibaWeb/TodayRaceInfo/Odds3LenFuku?k_babaCode=20&k_raceDate=2026%2F10%2F06&k_raceNo=10
2026-10-06 19:15:00,19:14,2026-10-06,oi,10,15,三連複,2-6-11,628.9,628.9,201,https://www.keiba.go.jp/KeibaWeb/TodayRaceInfo/Odds3LenFuku?k_babaCode=20&k_raceDate=2026%2F10%2F06&k_raceNo=10
2026-10-06 19:15:00,19:14,2026-10-06,oi,10,15,三連複,2-14-16,633.0,633.0,203,https://www.keiba.go.jp/KeibaWeb/TodayRaceInfo/Odds3LenFuku?k_babaCode=20&k_raceDate=2026%2F10%2F06&k_raceNo=10
2026-10-06 19:15:00,19:14,2026-10-06,oi,10,15,三連複,4-6-10,637.1,637.1,204,https://www.keiba.go.jp/KeibaWeb/TodayRaceInfo/Odds3LenFuku?k_babaCode=20&k_raceDate=2026%2F10%2F06&k_raceNo=10
2026-10-06 19:15:00,19:14,2026-10-06,oi,10,15,三連複,5-7-8,641.2,641.2,205,https://www.keiba.go.jp/KeibaWeb/TodayRaceInfo/Odds3LenFuku?k_babaCode=20&k_raceDate=2026%2F10%2F06&k_raceNo=10
2026-10-06 19:15:00,19:14,2026-10-06,oi,10,15,三連複,2-5-13,645.4,645.4,208,https://www.keiba.go.jp/KeibaWeb/TodayRaceInfo/Odds3LenFuku?k_babaCode=20&k_raceDate=2026%2F10%2F06&k_raceNo=10
2026-10-06 19:15:00,19:14,2026-10-06,oi,10,15,三連複,5-6-7,645.4,645.4,208,https://www.keiba.go.jp/KeibaWeb/TodayRaceInfo/Odds3LenFuku?k_babaCode=20&k_raceDate=2026%2F10%2F06&k_raceNo=10
2026-10-06 19:15:00,19:14,2026-10-06,oi,10,15,三連複,3-6-10,649.6,649.6,210,https://www.keiba.go.jp/KeibaWeb/TodayRaceInfo/Odds3LenFuku?k_babaCode=20&k_raceDate=2026%2F10%2F06&k_raceNo=10
2026-10-06 19:15:00,19:14,2026-10-06,oi,10,15,三連複,6-10-13,653.9,653.9,211,https://www.keiba.go.jp/KeibaWeb/TodayRaceInfo/Odds3LenFuku?k_babaCode=20&k_raceDate=2026%2F10%2F06&k_raceNo=10
2026-10-06 19:15:00,19:14,2026-10-06,oi,10,15,三連複,7-13-16,653.9,653.9,211,https://www.keiba.go.jp/KeibaWeb/TodayRaceInfo/Odds3LenFuku?k_babaCode=20&k_raceDate=2026%2F10%2F06&k_raceNo=10
2026-10-06 19:15:00,19:14,2026-10-06,oi,10,15,三連複,5-6-11,658.3,658.3,215,https://www.keiba.go.jp/KeibaWeb/TodayRaceInfo/Odds3LenFuku?k_babaCode=20&k_raceDate=2026%2F10%2F06&k_raceNo=10
2026-10-06 19:15:00,19:14,2026-10-06,oi,10,15,三連複,6-13-14,658.3,658.3,215,https://www.keiba.go.jp/KeibaWeb/TodayRaceInfo/Odds3LenFuku?k_babaCode=20&k_raceDate=2026%2F10%2F06&k_raceNo=10
2026-10-06 19:15:00,19:14,2026-10-06,oi,10,15,三連複,3-6-12,662.7,662.7,217,https://www.keiba.go.jp/KeibaWeb/TodayRaceInfo/Odds3LenFuku?k_babaCode=20&k_raceDate=2026%2F10%2F06&k_raceNo=10
2026-10-06 19:15:00,19:14,2026-10-06,oi,10,15,三連複,5-6-12,662.7,662.7,217,https://www.keiba.go.jp/KeibaWeb/TodayRaceInfo/Odds3LenFuku?k_babaCode=20&k_raceDate=2026%2F10%2F06&k_raceNo=10
2026-10-06 19:15:00,19:14,2026-10-06,oi,10,15,三連複,8-10-12,676.3,676.3,220,https://www.keiba.go.jp/KeibaWeb/TodayRaceInfo/Odds3LenFuku?k_babaCode=20&k_raceDate=2026%2F10%2F06&k_raceNo=10
2026-10-06 19:15:00,19:14,2026-10-06,oi,10,15,三連複,5-8-14,681.0,681.0,221,https://www.keiba.go.jp/KeibaWeb/TodayRaceInfo/Odds3LenFuku?k_babaCode=20&k_raceDate=2026%2F10%2F06&k_raceNo=10
2026-10-06 19:15:00,19:14,2026-10-06,oi,10,15,三連複,4-7-16,685.7,685.7,224,https://www.keiba.go.jp/KeibaWeb/TodayRaceInfo/Odds3LenFuku?k_babaCode=20&k_raceDate=2026%2F10%2F06&k_raceNo=10
2026-10-06 19:15:00,19:14,2026-10-06,oi,10,15,三連複,1-6-7,695.4,695.4,225,https://www.keiba.go.jp/KeibaWeb/TodayRaceInfo/Odds3LenFuku?k_babaCode=20&k_raceDate=2026%2F10%2F06&k_raceNo=10
2026-10-06 19:15:00,19:14,2026-10-06,oi,10,15,三連複,3-4-12,695.4,695.4,225,https://www.keiba.go.jp/KeibaWeb/TodayRaceInfo/Odds3LenFuku?k_babaCode=20&k_raceDate=2026%2F10%2F06&k_raceNo=10
2026-10-06 19:15:00,19:14,2026-10-06,oi,10,15,三連複,1-11-13,705.3,705.3,228,https://www.keiba.go.jp/KeibaWeb/TodayRaceInfo/Odds3LenFuku?k_babaCode=20&k_raceDate=2026%2F10%2F06&k_raceNo=10
2026-10-06 19:15:00,19:14,2026-10-06,oi,10,15,三連複,2-7-16,720.8,720.8,229,https://www.keiba.go.jp/KeibaWeb/TodayRaceInfo/Odds3LenFuku?k_babaCode=20&k_raceDate=2026%2F10%2F06&k_raceNo=10
2026-10-06 19:15:00,19:14,2026-10-06,oi,10,15,三連複,5-6-10,726.1,726.1,230,https://www.keiba.go.jp/KeibaWeb/TodayRaceInfo/Odds3LenFuku?k_babaCode=20&k_raceDate=2026%2F10%2F06&k_raceNo=10
2026-10-06 19:15:00,19:14,2026-10-06,oi,10,15,三連複,1-3-13,731.4,731.4,231,https://www.keiba.go.jp/KeibaWeb/TodayRaceInfo/Odds3LenFuku?k_babaCode=20&k_raceDate=2026%2F10%2F06&k_raceNo=10
2026-10-06 19:15:00,19:14,2026-10-06,oi,10,15,三連複,3-14-16,731.4,731.4,231,https://www.keiba.go.jp/KeibaWeb/TodayRaceInfo/Odds3LenFuku?k_babaCode=20&k_raceDate=2026%2F10%2F06&k_raceNo=10
2026-10-06 19:15:00,19:14,2026-10-06,oi,10,15,三連複,1-2-13,742.4,742.4,233,https://www.keiba.go.jp/KeibaWeb/TodayRaceInfo/Odds3LenFuku?k_babaCode=20&k_raceDate=2026%2F10%2F06&k_raceNo=10
2026-10-06 19:15:00,19:14,2026-10-06,oi,10,15,三連複,3-6-11,742.4,742.4,233,https://www.keiba.go.jp/KeibaWeb/TodayRaceInfo/Odds3LenFuku?k_babaCode=20&k_raceDate=2026%2F10%2F06&k_raceNo=10
2026-10-06 19:15:00,19:14,2026-10-06,oi,10,15,三連複,4-7-8,748.1,748.1,235,https://www.keiba.go.jp/KeibaWeb/TodayRaceInfo/Odds3LenFuku?k_babaCode=20&k_raceDate=2026%2F10%2F06&k_raceNo=10
2026-10-06 19:15:00,19:14,2026-10-06,oi,10,15,三連複,6-7-13,748.1,748.1,235,https://www.keiba.go.jp/KeibaWeb/TodayRaceInfo/Odds3LenFuku?k_babaCode=20&k_raceDate=2026%2F10%2F06&k_raceNo=10
2026-10-06 19:15:00,19:14,2026-10-06,oi,10,15,三連複,5-11-13,759.6,759.6,237,https://www.keiba.go.jp/KeibaWeb/TodayRaceInfo/Odds3LenFuku?k_babaCode=20&k_raceDate=2026%2F10%2F06&k_raceNo=10
2026-10-06 19:15:00,19:14,2026-10-06,oi,10,15,三連複,2-6-10,777.5,777.5,239,https://www.keiba.go.jp/KeibaWeb/TodayRaceInfo/Odds3LenFuku?k_babaCode=20&k_raceDate=2026%2F10%2F06&k_raceNo=10
2026-10-06 19:15:00,19:14,2026-10-06,oi,10,15,三連複,3-7-16,777.5,777.5,239,https://www.keiba.go.jp/KeibaWeb/TodayRaceInfo/Odds3LenFuku?k_babaCode=20&k_raceDate=2026%2F10%2F06&k_raceNo=10
2026-10-06 19:15:00,19:14,2026-10-06,oi,10,15,三連複,6-11-12,790.0,790.0,241,https://www.keiba.go.jp/KeibaWeb/TodayRaceInfo/Odds3LenFuku?k_babaCode=20&k_raceDate=2026%2F10%2F06&k_raceNo=10
2026-10-06 19:15:00,19:14,2026-10-06,oi,10,15,三連複,2-10-16,796.3,796.3,242,https://www.keiba.go.jp/KeibaWeb/TodayRaceInfo/Odds3LenFuku?k_babaCode=20&k_raceDate=2026%2F10%2F06&k_raceNo=10
2026-10-06 19:15:00,19:14,2026-10-06,oi,10,15,三連複,7-8-12,802.8,802.8,244,https://www.keiba.go.jp/KeibaWeb/TodayRaceInfo/Odds3LenFuku?k_babaCode=20&k_raceDate=2026%2F10%2F06&k_raceNo=10
2026-10-06 19:15:00,19:14,2026-10-06,oi,10,15,三連複,2-4-12,822.9,822.9,246,https://www.keiba.go.jp/KeibaWeb/TodayRaceInfo/Odds3LenFuku?k_babaCode=20&k_raceDate=2026%2F10%2F06&k_raceNo=10
2026-10-06 19:15:00,19:14,2026-10-06,oi,10,15,三連複,8-12-14,822.9,822.9,246,https://www.keiba.go.jp/KeibaWeb/TodayRaceInfo/Odds3LenFuku?k_babaCode=20&k_raceDate=2026%2F10%2F06&k_raceNo=10
2026-10-06 19:15:00,19:14,2026-10-06,oi,10,15,三連複,1-6-14,829.8,829.8,248,https://www.keiba.go.jp/KeibaWeb/TodayRaceInfo/Odds3LenFuku?k_babaCode=20&k_raceDate=2026%2F10%2F06&k_raceNo=10
2026-10-06 19:15:00,19:14,2026-10-06,oi,10,15,三連複,2-11-13,829.8,829.8,248,https://www.keiba.go.jp/KeibaWeb/TodayRaceInfo/Odds3LenFuku?k_babaCode=20&k_raceDate=2026%2F10%2F06&k_raceNo=10
2026-10-06 19:15:00,19:14,2026-10-06,oi,10,15,三連複,2-4-11,836.8,836.8,250,https://www.keiba.go.jp/KeibaWeb/TodayRaceInfo/Odds3LenFuku?k_babaCode=20&k_raceDate=2026%2F10%2F06&k_raceNo=10
2026-10-06 19:15:00,19:14,2026-10-06,oi,10,15,三連複,10-11-16,836.8,836.8,250,https://www.keiba.go.jp/KeibaWeb/TodayRaceInfo/Odds3LenFuku?k_babaCode=20&k_raceDate=2026%2F10%2F06&k_raceNo=10
2026-10-06 19:15:00,19:14,2026-10-06,oi,10,15,三連複,2-3-12,866.2,866.2,252,https://www.keiba.go.jp/KeibaWeb/TodayRaceInfo/Odds3LenFuku?k_babaCode=20&k_raceDate=2026%2F10%2F06&k_raceNo=10
2026-10-06 19:15:00,19:14,2026-10-06,oi,10,15,三連複,4-12-13,873.9,873.9,253,https://www.keiba.go.jp/KeibaWeb/TodayRaceInfo/Odds3LenFuku?k_babaCode=20&k_raceDate=2026%2F10%2F06&k_raceNo=10
2026-10-06 19:15:00,19:14,2026-10-06,oi,10,15,三連複,4-5-10,881.7,881.7,254,https://www.keiba.go.jp/KeibaWeb/TodayRaceInfo/Odds3LenFuku?k_babaCode=20&k_raceDate=2026%2F10%2F06&k_raceNo=10
2026-10-06 19:15:00,19:14,2026-10-06,oi,10,15,三連複,1-5-11,889.6,889.6,255,https://www.keiba.go.jp/KeibaWeb/TodayRaceInfo/Odds3LenFuku?k_babaCode=20&k_raceDate=2026%2F10%2F06&k_raceNo=10
2026-10-06 19:15:00,19:14,2026-10-06,oi,10,15,三連複,10-12-16,889.6,889.6,255,https://www.keiba.go.jp/KeibaWeb/TodayRaceInfo/Odds3LenFuku?k_babaCode=20&k_raceDate=2026%2F10%2F06&k_raceNo=10
2026-10-06 19:15:00,19:14,2026-10-06,oi,10,15,三連複,3-5-13,914.3,914.3,260,https://www.keiba.go.jp/KeibaWeb/TodayRaceInfo/Odds3LenFuku?k_babaCode=20&k_raceDate=2026%2F10%2F06&k_raceNo=10
2026-10-06 19:15:00,19:14,2026-10-06,oi,10,15,三連複,8-11-14,931.6,931.6,262,https://www.keiba.go.jp/KeibaWeb/TodayRaceInfo/Odds3LenFuku?k_babaCode=20&k_raceDate=2026%2F10%2F06&k_raceNo=10
2026-10-06 19:15:00,19:14,2026-10-06,oi,10,15,三連複,1-5-10,940.4,940.4,263,https://www.keiba.go.jp/KeibaWeb/TodayRaceInfo/Odds3LenFuku?k_babaCode=20&k_raceDate=2026%2F10%2F06&k_raceNo=10
2026-10-06 19:15:00,19:14,2026-10-06,oi,10,15,三連複,1-13-14,940.4,940.4,263,https://www.keiba.go.jp/KeibaWeb/TodayRaceInfo/Odds3LenFuku?k_babaCode=20&k_raceDate=2026%2F10%2F06&k_raceNo=10
2026-10-06 19:15:00,19:14,2026-10-06,oi,10,15,三連複,2-3-13,940.4,940.4,263,https://www.keiba.go.jp/KeibaWeb/TodayRaceInfo/Odds3LenFuku?k_babaCode=20&k_raceDate=2026%2F10%2F06&k_raceNo=10
2026-10-06 19:15:00,19:14,2026-10-06,oi,10,15,三連複,6-10-12,949.5,949.5,268,https://www.keiba.go.jp/KeibaWeb/TodayRaceInfo/Odds3LenFuku?k_babaCode=20&k_raceDate=2026%2F10%2F06&k_raceNo=10
2026-10-06 19:15:00,19:14,2026-10-06,oi,10,15,三連複,6-8-9,958.7,958.7,269,https://www.keiba.go.jp/KeibaWeb/TodayRaceInfo/Odds3LenFuku?k_babaCode=20&k_raceDate=2026%2F10%2F06&k_raceNo=10
2026-10-06 19:15:00,19:14,2026-10-06,oi,10,15,三連複,11-12-13,977.7,977.7,271,https://www.keiba.go.jp/KeibaWeb/TodayRaceInfo/Odds3LenFuku?k_babaCode=20&k_raceDate=2026%2F10%2F06&k_raceNo=10
2026-10-06 19:15:00,19:14,2026-10-06,oi,10,15,三連複,3-4-11,987.5,987.5,272,https://www.keiba.go.jp/KeibaWeb/TodayRaceInfo/Odds3LenFuku?k_babaCode=20&k_raceDate=2026%2F10%2F06&k_raceNo=10
2026-10-06 19:15:00,19:14,2026-10-06,oi,10,15,三連複,1-4-12,997.4,997.4,273,https://www.keiba.go.jp/KeibaWeb/TodayRaceInfo/Odds3LenFuku?k_babaCode=20&k_raceDate=2026%2F10%2F06&k_raceNo=10
2026-10-06 19:15:00,19:14,2026-10-06,oi,10,15,三連複,11-14-16,997.4,997.4,273,https://www.keiba.go.jp/KeibaWeb/TodayRaceInfo/Odds3LenFuku?k_babaCode=20&k_raceDate=2026%2F10%2F06&k_raceNo=10
2026-10-06 19:15:00,19:14,2026-10-06,oi,10,15,三連複,1-4-10,1007.6,1007.6,276,https://www.keiba.go.jp/KeibaWeb/TodayRaceInfo/Odds3LenFuku?k_babaCode=20&k_raceDate=2026%2F10%2F06&k_raceNo=10
2026-10-06 19:15:00,19:14,2026-10-06,oi,10,15,三連複,1-3-7,1018.0,1018.0,277,https://www.keiba.go.jp/KeibaWeb/TodayRaceInfo/Odds3LenFuku?k_babaCode=20&k_raceDate=2026%2F10%2F06&k_raceNo=10
2026-10-06 19:15:00,19:14,2026-10-06,oi,10,15,三連複,1-12-13,1018.0,1018.0,277,https://www.keiba.go.jp/KeibaWeb/TodayRaceInfo/Odds3LenFuku?k_babaCode=20&k_raceDate=2026%2F10%2F06&k_raceNo=10
2026-10-06 19:15:00,19:14,2026-10-06,oi,10,15,三連複,2-3-11,1018.0,1018.0,277,https://www.keiba.go.jp/KeibaWeb/TodayRaceInfo/Odds3LenFuku?k_babaCode=20&k_raceDate=2026%2F10%2F06&k_raceNo=10
2026-10-06 19:15:00,19:14,2026-10-06,oi,10,15,三連複,4-5-7,1018.0,1018.0,277,https://www.keiba.go.jp/KeibaWeb/TodayRaceInfo/Odds3LenFuku?k_babaCode=20&k_raceDate=2026%2F10%2F06&k_raceNo=10
2026-10-06 19:15:00,19:14,2026-10-06,oi,10,15,三連複,12-14-16,1018.0,1018.0,277,https://www.keiba.go.jp/KeibaWeb/TodayRaceInfo/Odds3LenFuku?k_babaCode=20&k_raceDate=2026%2F10%2F06&k_raceNo=10
2026-10-06 19:15:00,19:14,2026-10-06,oi,10,15,三連複,3-4-13,1028.6,1028.6,282,https://www.keiba.go.jp/KeibaWeb/TodayRaceInfo/Odds3LenFuku?k_babaCode=20&k_raceDate=2026%2F10%2F06&k_raceNo=10
2026-10-06 19:15:00,19:14,2026-10-06,oi,10,15,三連複,1-2-12,1039.4,1039.4,285,https://www.keiba.go.jp/KeibaWeb/TodayRaceInfo/Odds3LenFuku?k_babaCode=20&k_raceDate=2026%2F10%2F06&k_raceNo=10
2026-10-06 19:15:00,19:14,2026-10-06,oi,10,15,三連複,1-2-11,1050.5,1050.5,286,https://www.keiba.go.jp/KeibaWeb/TodayRaceInfo/Odds3LenFuku?k_babaCode=20&k_raceDate=2026%2F10%2F06&k_raceNo=10
2026-10-06 19:15:00,19:14,2026-10-06,oi,10,15,三連複,2-6-14,1061.8,1061.8,287,https://www.keiba.go.jp/KeibaWeb/TodayRaceInfo/Odds3LenFuku?k_babaCode=20&k_raceDate=2026%2F10%2F06&k_raceNo=10
2026-10-06 19:15:00,19:14,2026-10-06,oi,10,15,三連複,1-2-7,1073.3,1073.3,292,https://www.keiba.go.jp/KeibaWeb/TodayRaceInfo/Odds3LenFuku?k_babaCode=20&k_raceDate=2026%2F10%2F06&k_raceNo=10
2026-10-06 19:15:00,19:14,2026-10-06,oi,10,15,三連複,1-4-7,1097.2,1097.2,293,https://www.keiba.go.jp/KeibaWeb/TodayRaceInfo/Odds3LenFuku?k_babaCode=20&k_raceDate=2026%2F10%2F06&k_raceNo=10
2026-10-06 19:15:00,19:14,2026-10-06,oi,10,15,三連複,4-6-14,1097.2,1097.2,293,https://www.keiba.go.jp/KeibaWeb/TodayRaceInfo/Odds3LenFuku?k_babaCode=20&k_raceDate=2026%2F10%2F06&k_raceNo=10
2026-10-06 19:15:00,19:14,2026-10-06,oi,10,15,三連複,6-9-16,1097.2,1097.2,293,https://www.keiba.go.jp/KeibaWeb/TodayRaceInfo/Odds3LenFuku?k_babaCode=20&k_raceDate=2026%2F10%2F06&k_raceNo=10
2026-10-06 19:15:00,19:14,2026-10-06,oi,10,15,三連複,1-4-14,1122.1,1122.1,296,https://www.keiba.go.jp/KeibaWeb/TodayRaceInfo/Odds3LenFuku?k_babaCode=20&k_raceDate=2026%2F10%2F06&k_raceNo=10
2026-10-06 19:15:00,19:14,2026-10-06,oi,10,15,三連複,1-11-12,1122.1,1122.1,296,https://www.keiba.go.jp/KeibaWeb/TodayRaceInfo/Odds3LenFuku?k_babaCode=20&k_raceDate=2026%2F10%2F06&k_raceNo=10
2026-10-06 19:15:00,19:14,2026-10-06,oi,10,15,三連複,4-11-12,1122.1,1122.1,296,https://www.keiba.go.jp/KeibaWeb/TodayRaceInfo/Odds3LenFuku?k_babaCode=20&k_raceDate=2026%2F10%2F06&k_raceNo=10
2026-10-06 19:15:00,19:14,2026-10-06,oi,10,15,三連複,1-2-10,1148.2,1148.2,300,https://www.keiba.go.jp/KeibaWeb/TodayRaceInfo/Odds3LenFuku?k_babaCode=20&k_raceDate=2026%2F10%2F06&k_raceNo=10
2026-10-06 19:15:00,19:14,2026-10-06,oi,10,15,三連複,1-3-11,1148.2,1148.2,300,https://www.keiba.go.jp/KeibaWeb/TodayRaceInfo/Odds3LenFuku?k_babaCode=20&k_raceDate=2026%2F10%2F06&k_raceNo=10
2026-10-06 19:15:00,19:14,2026-10-06,oi,10,15,三連複,1-3-10,1175.6,1175.6,302,https://www.keiba.go.jp/KeibaWeb/TodayRaceInfo/Odds3LenFuku?k_babaCode=20&k_raceDate=2026%2F10%2F06&k_raceNo=10
2026-10-06 19:15:00,19:14,2026-10-06,oi,10,15,三連複,2-5-11,1175.6,1175.6,302,https://www.keiba.go.jp/KeibaWeb/TodayRaceInfo/Odds3LenFuku?k_babaCode=20&k_raceDate=2026%2F10%2F06&k_raceNo=10
2026-10-06 19:15:00,19:14,2026-10-06,oi,10,15,三連複,2-5-10,1189.7,1189.7,304,https://www.keiba.go.jp/KeibaWeb/TodayRaceInfo/Odds3LenFuku?k_babaCode=20&k_raceDate=2026%2F10%2F06&k_raceNo=10
2026-10-06 19:15:00,19:14,2026-10-06,oi,10,15,三連複,4-9-16,1189.7,1189.7,304,https://www.keiba.go.jp/KeibaWeb/TodayRaceInfo/Odds3LenFuku?k_babaCode=20&k_raceDate=2026%2F10%2F06&k_raceNo=10
2026-10-06 19:15:00,19:14,2026-10-06,oi,10,15,三連複,7-8-11,1189.7,1189.7,304,https://www.keiba.go.jp/KeibaWeb/TodayRaceInfo/Odds3LenFuku?k_babaCode=20&k_raceDate=2026%2F10%2F06&k_raceNo=10
2026-10-06 19:15:00,19:14,2026-10-06,oi,10,15,三連複,7-12-16,1219.1,1219.1,307,https://www.keiba.go.jp/KeibaWeb/TodayRaceInfo/Odds3LenFuku?k_babaCode=20&k_raceDate=2026%2F10%2F06&k_raceNo=10
2026-10-06 19:15:00,19:14,2026-10-06,oi,10,15,三連複,1-10-13,1234.3,1234.3,308,https://www.keiba.go.jp/KeibaWeb/TodayRaceInfo/Odds3LenFuku?k_babaCode=20&k_raceDate=2026%2F10%2F06&k_raceNo=10
2026-10-06 19:15:00,19:14,2026-10-06,oi,10,15,三連複,4-6-7,1250.0,1250.0,310,https://www.keiba.go.jp/KeibaWeb/TodayRaceInfo/Odds3LenFuku?k_babaCode=20&k_raceDate=2026%2F10%2F06&k_raceNo=10
2026-10-06 19:15:00,19:14,2026-10-06,oi,10,15,三連複,5-6-14,1250.0,1250.0,310,https://www.keiba.go.jp/KeibaWeb/TodayRaceInfo/Odds3LenFuku?k_babaCode=20&k_raceDate=2026%2F10%2F06&k_raceNo=10
2026-10-06 19:15:00,19:14,2026-10-06,oi,10,15,三連複,4-10-13,1266.0,1266.0,312,https://www.keiba.go.jp/KeibaWeb/TodayRaceInfo/Odds3LenFuku?k_babaCode=20&k_raceDate=2026%2F10%2F06&k_raceNo=10
2026-10-06 19:15:00,19:14,2026-10-06,oi,10,15,三連複,5-12-13,1266.0,1266.0,312,https://www.keiba.go.jp/KeibaWeb/TodayRaceInfo/Odds3LenFuku?k_babaCode=20&k_raceDate=2026%2F10%2F06&k_raceNo=10
2026-10-06 19:15:00,19:14,2026-10-06,oi,10,15,三連複,1-3-12,1282.4,1282.4,314,https://www.keiba.go.jp/KeibaWeb/TodayRaceInfo/Odds3LenFuku?k_babaCode=20&k_raceDate=2026%2F10%2F06&k_raceNo=10
2026-10-06 19:15:00,19:14,2026-10-06,oi,10,15,三連複,2-4-10,1282.4,1282.4,314,https://www.keiba.go.jp/KeibaWeb/TodayRaceInfo/Odds3LenFuku?k_babaCode=20&k_raceDate=2026%2F10%2F06&k_raceNo=10
2026-10-06 19:15:00,19:14,2026-10-06,oi,10,15,三連複,3-11-13,1282.4,1282.4,314,https://www.keiba.go.jp/KeibaWeb/TodayRaceInfo/Odds3LenFuku?k_babaCode=20&k_raceDate=2026%2F10%2F06&k_raceNo=10
2026-10-06 19:15:00,19:14,2026-10-06,oi,10,15,三連複,1-2-14,1299.3,1299.3,317,https://www.keiba.go.jp/KeibaWeb/TodayRaceInfo/Odds3LenFuku?k_babaCode=20&k_raceDate=2026%2F10%2F06&k_raceNo=10
2026-10-06 19:15:00,19:14,2026-10-06,oi,10,15,三連複,3-8-9,1299.3,1299.3,317,https://www.keiba.go.jp/KeibaWeb/TodayRaceInfo/Odds3LenFuku?k_babaCode=20&k_raceDate=2026%2F10%2F06&k_raceNo=10
2026-10-06 19:15:00,19:14,2026-10-06,oi,10,15,三連複,6-7-10,1299.3,1299.3,317,https://www.keiba.go.jp/KeibaWeb/TodayRaceInfo/Odds3LenFuku?k_babaCode=20&k_raceDate=2026%2F10%2F06&k_raceNo=10
2026-10-06 19:15:00,19:14,2026-10-06,oi,10,15,三連複,3-5-11,1316.6,1316.6,320,https://www.keiba.go.jp/KeibaWeb/TodayRaceInfo/Odds3LenFuku?k_babaCode=20&k_raceDate=2026%2F10%2F06&k_raceNo=10
2026-10-06 19:15:00,19:14,2026-10-06,oi,10,15,三連複,4-13-14,1316.6,1316.6,320,https://www.keiba.go.jp/KeibaWeb/TodayRaceInfo/Odds3LenFuku?k_babaCode=20&k_raceDate=2026%2F10%2F06&k_raceNo=10
2026-10-06 19:15:00,19:14,2026-10-06,oi,10,15,三連複,4-8-9,1334.4,1334.4,322,https://www.keiba.go.jp/KeibaWeb/TodayRaceInfo/Odds3LenFuku?k_babaCode=20&k_raceDate=2026%2F10%2F06&k_raceNo=10
2026-10-06 19:15:00,19:14,2026-10-06,oi,10,15,三連複,5-13-14,1334.4,1334.4,322,https://www.keiba.go.jp/KeibaWeb/TodayRaceInfo/Odds3LenFuku?k_babaCode=20&k_raceDate=2026%2F10%2F06&k_raceNo=10
2026-10-06 19:15:00,19:14,2026-10-06,oi,10,15,三連複,3-6-14,1371.5,1371.5,324,https://www.keiba.go.jp/KeibaWeb/TodayRaceInfo/Odds3LenFuku?k_babaCode=20&k_raceDate=2026%2F10%2F06&k_raceNo=10
2026-10-06 19:15:00,19:14,2026-10-06,oi,10,15,三連複,3-4-10,1431.1,1431.1,326,https://www.keiba.go.jp/KeibaWeb/TodayRaceInfo/Odds3LenFuku?k_babaCode=20&k_raceDate=2026%2F10%2F06&k_raceNo=10
2026-10-06 19:15:00,19:14,2026-10-06,oi,10,15,三連複,4-5-12,1452.2,1452.2,327,https://www.keiba.go.jp/KeibaWeb/TodayRaceInfo/Odds3LenFuku?k_babaCode=20&k_raceDate=2026%2F10%2F06&k_raceNo=10
2026-10-06 19:15:00,19:14,2026-10-06,oi,10,15,三連複,1-5-12,1473.8,1473.8,329,https://www.keiba.go.jp/KeibaWeb/TodayRaceInfo/Odds3LenFuku?k_babaCode=20&k_raceDate=2026%2F10%2F06&k_raceNo=10
2026-10-06 19:15:00,19:14,2026-10-06,oi,10,15,三連複,2-3-10,1473.8,1473.8,329,https://www.keiba.go.jp/KeibaWeb/TodayRaceInfo/Odds3LenFuku?k_babaCode=20&k_raceDate=2026%2F10%2F06&k_raceNo=10
2026-10-06 19:15:00,19:14,2026-10-06,oi,10,15,三連複,2-12-13,1473.8,1473.8,329,https://www.keiba.go.jp/KeibaWeb/TodayRaceInfo/Odds3LenFuku?k_babaCode=20&k_raceDate=2026%2F10%2F06&k_raceNo=10
2026-10-06 19:15:00,19:14,2026-10-06,oi,10,15,三連複,2-13-14,1473.8,1473.8,329,https://www.keiba.go.jp/KeibaWeb/TodayRaceInfo/Odds3LenFuku?k_babaCode=20&k_raceDate=2026%2F10%2F06&k_raceNo=10
2026-10-06 19:15:00,19:14,2026-10-06,oi,10,15,三連複,2-6-7,1519.2,1519.2,333,https://www.keiba.go.jp/KeibaWeb/TodayRaceInfo/Odds3LenFuku?k_babaCode=20&k_raceDate=2026%2F10%2F06&k_raceNo=10
2026-10-06 19:15:00,19:14,2026-10-06,oi,10,15,三連複,2-11-12,1519.2,1519.2,333,https://www.keiba.go.jp/KeibaWeb/TodayRaceInfo/Odds3LenFuku?k_babaCode=20&k_raceDate=2026%2F10%2F06&k_raceNo=10
2026-10-06 19:15:00,19:14,2026-10-06,oi,10,15,三連複,4-5-14,1519.2,1519.2,333,https://www.keiba.go.jp/KeibaWeb/TodayRaceInfo/Odds3LenFuku?k_babaCode=20&k_raceDate=2026%2F10%2F06&k_raceNo=10
2026-10-06 19:15:00,19:14,2026-10-06,oi,10,15,三連複,1-10-11,1542.9,1542.9,336,https://www.keiba.go.jp/KeibaWeb/TodayRaceInfo/Odds3LenFuku?k_babaCode=20&k_raceDate=2026%2F10%2F06&k_raceNo=10
2026-10-06 19:15:00,19:14,2026-10-06,oi,10,15,三連複,2-8-9,1542.9,1542.9,336,https://www.keiba.go.jp/KeibaWeb/TodayRaceInfo/Odds3LenFuku?k_babaCode=20&k_raceDate=2026%2F10%2F06&k_raceNo=10
2026-10-06 19:15:00,19:14,2026-10-06,oi,10,15,三連複,2-10-13,1542.9,1542.9,336,https://www.keiba.go.jp/KeibaWeb/TodayRaceInfo/Odds3LenFuku?k_babaCode=20&k_raceDate=2026%2F10%2F06&k_raceNo=10
2026-10-06 19:15:00,19:14,2026-10-06,oi,10,15,三連複,5-10-13,1542.9,1542.9,336,https://www.keiba.go.jp/KeibaWeb/TodayRaceInfo/Odds3LenFuku?k_babaCode=20&k_raceDate=2026%2F10%2F06&k_raceNo=10
2026-10-06 19:15:00,19:14,2026-10-06,oi,10,15,三連複,6-10-11,1542.9,1542.9,336,https://www.keiba.go.jp/KeibaWeb/TodayRaceInfo/Odds3LenFuku?k_babaCode=20&k_raceDate=2026%2F10%2F06&k_raceNo=10
2026-10-06 19:15:00,19:14,2026-10-06,oi,10,15,三連複,7-8-14,1542.9,1542.9,336,https://www.keiba.go.jp/KeibaWeb/TodayRaceInfo/Odds3LenFuku?k_babaCode=20&k_raceDate=2026%2F10%2F06&k_raceNo=10
2026-10-06 19:15:00,19:14,2026-10-06,oi,10,15,三連複,5-7-13,1567.4,1567.4,342,https://www.keiba.go.jp/KeibaWeb/TodayRaceInfo/Odds3LenFuku?k_babaCode=20&k_raceDate=2026%2F10%2F06&k_raceNo=10
2026-10-06 19:15:00,19:14,2026-10-06,oi,10,15,三連複,10-14-16,1567.4,1567.4,342,https://www.keiba.go.jp/KeibaWeb/TodayRaceInfo/Odds3LenFuku?k_babaCode=20&k_raceDate=2026%2F10%2F06&k_raceNo=10
2026-10-06 19:15:00,19:14,2026-10-06,oi,10,15,三連複,11-13-14,1567.4,1567.4,342,https://www.keiba.go.jp/KeibaWeb/TodayRaceInfo/Odds3LenFuku?k_babaCode=20&k_raceDate=2026%2F10%2F06&k_raceNo=10
2026-10-06 19:15:00,19:14,2026-10-06,oi,10,15,三連複,12-13-14,1567.4,1567.4,342,https://www.keiba.go.jp/KeibaWeb/TodayRaceInfo/Odds3LenFuku?k_babaCode=20&k_raceDate=2026%2F10%2F06&k_raceNo=10
2026-10-06 19:15:00,19:14,2026-10-06,oi,10,15,三連複,1-5-7,1592.7,1592.7,346,https://www.keiba.go.jp/KeibaWeb/TodayRaceInfo/Odds3LenFuku?k_babaCode=20&k_raceDate=2026%2F10%2F06&k_raceNo=10
2026-10-06 19:15:00,19:14,2026-10-06,oi,10,15,三連複,3-12-13,1592.7,1592.7,346,https://www.keiba.go.jp/KeibaWeb/TodayRaceInfo/Odds3LenFuku?k_babaCode=20&k_raceDate=2026%2F10%2F06&k_raceNo=10
2026-10-06 19:15:00,19:14,2026-10-06,oi,10,15,三連複,4-10-11,1592.7,1592.7,346,https://www.keiba.go.jp/KeibaWeb/TodayRaceInfo/Odds3LenFuku?k_babaCode=20&k_raceDate=2026%2F10%2F06&k_raceNo=10
2026-10-06 19:15:00,19:14,2026-10-06,oi,10,15,三連複,5-11-12,1592.7,1592.7,346,https://www.keiba.go.jp/KeibaWeb/TodayRaceInfo/Odds3LenFuku?k_babaCode=20&k_raceDate=2026%2F10%2F06&k_raceNo=10
2026-10-06 19:15:00,19:14,2026-10-06,oi,10,15,三連複,3-5-10,1618.8,1618.8,352,https://www.keiba.go.jp/KeibaWeb/TodayRaceInfo/Odds3LenFuku?k_babaCode=20&k_raceDate=2026%2F10%2F06&k_raceNo=10
2026-10-06 19:15:00,19:14,2026-10-06,oi,10,15,三連複,7-8-10,1618.8,1618.8,352,https://www.keiba.go.jp/KeibaWeb/TodayRaceInfo/Odds3LenFuku?k_babaCode=20&k_raceDate=2026%2F10%2F06&k_raceNo=10
2026-10-06 19:15:00,19:14,2026-10-06,oi,10,15,三連複,7-11-16,1618.8,1618.8,352,https://www.keiba.go.jp/KeibaWeb/TodayRaceInfo/Odds3LenFuku?k_babaCode=20&k_raceDate=2026%2F10%2F06&k_raceNo=10
2026-10-06 19:15:00,19:14,2026-10-06,oi,10,15,三連複,7-14-16,1618.8,1618.8,352,https://www.keiba.go.jp/KeibaWeb/TodayRaceInfo/Odds3LenFuku?k_babaCode=20&k_raceDate=2026%2F10%2F06&k_raceNo=10
2026-10-06 19:15:00,19:14,2026-10-06,oi,10,15,三連複,2-4-14,1645.8,1645.8,356,https://www.keiba.go.jp/KeibaWeb/TodayRaceInfo/Odds3LenFuku?k_babaCode=20&k_raceDate=2026%2F10%2F06&k_raceNo=10
2026-10-06 19:15:00,19:14,2026-10-06,oi,10,15,三連複,3-4-7,1645.8,1645.8,356,https://www.keiba.go.jp/KeibaWeb/TodayRaceInfo/Odds3LenFuku?k_babaCode=20&k_raceDate=2026%2F10%2F06&k_raceNo=10
2026-10-06 19:15:00,19:14,2026-10-06,oi,10,15,三連複,3-11-12,1645.8,1645.8,356,https://www.keiba.go.jp/KeibaWeb/TodayRaceInfo/Odds3LenFuku?k_babaCode=20&k_raceDate=2026%2F10%2F06&k_raceNo=10
2026-10-06 19:15:00,19:14,2026-10-06,oi,10,15,三連複,8-10-14,1645.8,1645.8,356,https://www.keiba.go.jp/KeibaWeb/TodayRaceInfo/Odds3LenFuku?k_babaCode=20&k_raceDate=2026%2F10%2F06&k_raceNo=10
2026-10-06 19:15:00,19:14,2026-10-06,oi,10,15,三連複,4-10-12,1673.7,1673.7,360,https://www.keiba.go.jp/KeibaWeb/TodayRaceInfo/Odds3LenFuku?k_babaCode=20&k_raceDate=2026%2F10%2F06&k_raceNo=10
2026-10-06 19:15:00,19:14,2026-10-06,oi,10,15,三連複,10-11-13,1673.7,1673.7,360,https://www.keiba.go.jp/KeibaWeb/TodayRaceInfo/Odds3LenFuku?k_babaCode=20&k_raceDate=2026%2F10%2F06&k_raceNo=10
2026-10-06 19:15:00,19:14,2026-10-06,oi,10,15,三連複,6-7-12,1702.6,1702.6,362,https://www.keiba.go.jp/KeibaWeb/TodayRaceInfo/Odds3LenFuku?k_babaCode=20&k_raceDate=2026%2F10%2F06&k_raceNo=10
2026-10-06 19:15:00,19:14,2026-10-06,oi,10,15,三連複,2-3-7,1732.4,1732.4,363,https://www.keiba.go.jp/KeibaWeb/TodayRaceInfo/Odds3LenFuku?k_babaCode=20&k_raceDate=2026%2F10%2F06&k_raceNo=10
2026-10-06 19:15:00,19:14,2026-10-06,oi,10,15,三連複,3-10-13,1732.4,1732.4,363,https://www.keiba.go.jp/KeibaWeb/TodayRaceInfo/Odds3LenFuku?k_babaCode=20&k_raceDate=2026%2F10%2F06&k_raceNo=10
2026-10-06 19:15:00,19:14,2026-10-06,oi,10,15,三連複,4-5-9,1732.4,1732.4,363,https://www.keiba.go.jp/KeibaWeb/TodayRaceInfo/Odds3LenFuku?k_babaCode=20&k_raceDate=2026%2F10%2F06&k_raceNo=10
2026-10-06 19:15:00,19:14,2026-10-06,oi,10,15,三連複,3-5-12,1763.4,1763.4,366,https://www.keiba.go.jp/KeibaWeb/TodayRaceInfo/Odds3LenFuku?k_babaCode=20&k_raceDate=2026%2F10%2F06&k_raceNo=10
2026-10-06 19:15:00,19:14,2026-10-06,oi,10,15,三連複,7-10-16,1763.4,1763.4,366,https://www.keiba.go.jp/KeibaWeb/TodayRaceInfo/Odds3LenFuku?k_babaCode=20&k_raceDate=2026%2F10%2F06&k_raceNo=10
2026-10-06 19:15:00,19:14,2026-10-06,oi,10,15,三連複,2-7-12,1795.4,1795.4,369,https://www.keiba.go.jp/KeibaWeb/TodayRaceInfo/Odds3LenFuku?k_babaCode=20&k_raceDate=2026%2F10%2F06&k_raceNo=10
2026-10-06 19:15:00,19:14,2026-10-06,oi,10,15,三連複,6-11-14,1795.4,1795.4,369,https://www.keiba.go.jp/KeibaWeb/TodayRaceInfo/Odds3LenFuku?k_babaCode=20&k_raceDate=2026%2F10%2F06&k_raceNo=10
2026-10-06 19:15:00,19:14,2026-10-06,oi,10,15,三連複,7-13-14,1795.4,1795.4,369,https://www.keiba.go.jp/KeibaWeb/TodayRaceInfo/Odds3LenFuku?k_babaCode=20&k_raceDate=2026%2F10%2F06&k_raceNo=10
2026-10-06 19:15:00,19:14,2026-10-06,oi,10,15,三連複,1-5-14,1828.7,1828.7,372,https://www.keiba.go.jp/KeibaWeb/TodayRaceInfo/Odds3LenFuku?k_babaCode=20&k_raceDate=2026%2F10%2F06&k_raceNo=10
2026-10-06 19:15:00,19:14,2026-10-06,oi,10,15,三連複,1-7-13,1828.7,1828.7,372,https://www.keiba.go.jp/KeibaWeb/TodayRaceInfo/Odds3LenFuku?k_babaCode=20&k_raceDate=2026%2F10%2F06&k_raceNo=10
2026-10-06 19:15:00,19:14,2026-10-06,oi,10,15,三連複,2-4-7,1863.2,1863.2,374,https://www.keiba.go.jp/KeibaWeb/TodayRaceInfo/Odds3LenFuku?k_babaCode=20&k_raceDate=2026%2F10%2F06&k_raceNo=10
2026-10-06 19:15:00,19:14,2026-10-06,oi,10,15,三連複,8-9-10,1863.2,1863.2,374,https://www.keiba.go.jp/KeibaWeb/TodayRaceInfo/Odds3LenFuku?k_babaCode=20&k_raceDate=2026%2F10%2F06&k_raceNo=10
2026-10-06 19:15:00,19:14,2026-10-06,oi,10,15,三連複,1-6-9,1899.0,1899.0,377,https://www.keiba.go.jp/KeibaWeb/TodayRaceInfo/Odds3LenFuku?k_babaCode=20&k_raceDate=2026%2F10%2F06&k_raceNo=10
2026-10-06 19:15:00,19:14,2026-10-06,oi,10,15,三連複,2-5-12,1899.0,1899.0,377,https://www.keiba.go.jp/KeibaWeb/TodayRaceInfo/Odds3LenFuku?k_babaCode=20&k_raceDate=2026%2F10%2F06&k_raceNo=10
2026-10-06 19:15:00,19:14,2026-10-06,oi,10,15,三連複,3-6-7,1899.0,1899.0,377,https://www.keiba.go.jp/KeibaWeb/TodayRaceInfo/Odds3LenFuku?k_babaCode=20&k_raceDate=2026%2F10%2F06&k_raceNo=10
2026-10-06 19:15:00,19:14,2026-10-06,oi,10,15,三連複,1-11-14,1936.2,1936.2,380,https://www.keiba.go.jp/KeibaWeb/TodayRaceInfo/Odds3LenFuku?k_babaCode=20&k_raceDate=2026%2F10%2F06&k_raceNo=10
2026-10-06 19:15:00,19:14,2026-10-06,oi,10,15,三連複,2-5-7,1936.2,1936.2,380,https://www.keiba.go.jp/KeibaWeb/TodayRaceInfo/Odds3LenFuku?k_babaCode=20&k_raceDate=2026%2F10%2F06&k_raceNo=10
2026-10-06 19:15:00,19:14,2026-10-06,oi,10,15,三連複,5-9-16,1936.2,1936.2,380,https://www.keiba.go.jp/KeibaWeb/TodayRaceInfo/Odds3LenFuku?k_babaCode=20&k_raceDate=2026%2F10%2F06&k_raceNo=10
2026-10-06 19:15:00,19:14,2026-10-06,oi,10,15,三連複,9-13-16,1936.2,1936.2,380,https://www.keiba.go.jp/KeibaWeb/TodayRaceInfo/Odds3LenFuku?k_babaCode=20&k_raceDate=2026%2F10%2F06&k_raceNo=10
2026-10-06 19:15:00,19:14,2026-10-06,oi,10,15,三連複,2-3-14,1975.0,1975.0,384,https://www.keiba.go.jp/KeibaWeb/TodayRaceInfo/Odds3LenFuku?k_babaCode=20&k_raceDate=2026%2F10%2F06&k_raceNo=10
2026-10-06 19:15:00,19:14,2026-10-06,oi,10,15,三連複,3-9-16,1975.0,1975.0,384,https://www.keiba.go.jp/KeibaWeb/TodayRaceInfo/Odds3LenFuku?k_babaCode=20&k_raceDate=2026%2F10%2F06&k_raceNo=10
2026-10-06 19:15:00,19:14,2026-10-06,oi,10,15,三連複,4-7-13,1975.0,1975.0,384,https://www.keiba.go.jp/KeibaWeb/TodayRaceInfo/Odds3LenFuku?k_babaCode=20&k_raceDate=2026%2F10%2F06&k_raceNo=10
2026-10-06 19:15:00,19:14,2026-10-06,oi,10,15,三連複,2-5-14,2015.3,2015.3,388,https://www.keiba.go.jp/KeibaWeb/TodayRaceInfo/Odds3LenFuku?k_babaCode=20&k_raceDate=2026%2F10%2F06&k_raceNo=10
2026-10-06 19:15:00,19:14,2026-10-06,oi,10,15,三連複,5-7-12,2015.3,2015.3,388,https://www.keiba.go.jp/KeibaWeb/TodayRaceInfo/Odds3LenFuku?k_babaCode=20&k_raceDate=2026%2F10%2F06&k_raceNo=10
2026-10-06 19:15:00,19:14,2026-10-06,oi,10,15,三連複,6-12-14,2015.3,2015.3,388,https://www.keiba.go.jp/KeibaWeb/TodayRaceInfo/Odds3LenFuku?k_babaCode=20&k_raceDate=2026%2F10%2F06&k_raceNo=10
2026-10-06 19:15:00,19:14,2026-10-06,oi,10,15,三連複,1-3-14,2101.0,2101.0,391,https://www.keiba.go.jp/KeibaWeb/TodayRaceInfo/Odds3LenFuku?k_babaCode=20&k_raceDate=2026%2F10%2F06&k_raceNo=10
2026-10-06 19:15:00,19:14,2026-10-06,oi,10,15,三連複,3-6-9,2101.0,2101.0,391,https://www.keiba.go.jp/KeibaWeb/TodayRaceInfo/Odds3LenFuku?k_babaCode=20&k_raceDate=2026%2F10%2F06&k_raceNo=10
2026-10-06 19:15:00,19:14,2026-10-06,oi,10,15,三連複,3-13-14,2101.0,2101.0,391,https://www.keiba.go.jp/KeibaWeb/TodayRaceInfo/Odds3LenFuku?k_babaCode=20&k_raceDate=2026%2F10%2F06&k_raceNo=10
2026-10-06 19:15:00,19:14,2026-10-06,oi,10,15,三連複,4-7-11,2101.0,2101.0,391,https://www.keiba.go.jp/KeibaWeb/TodayRaceInfo/Odds3LenFuku?k_babaCode=20&k_raceDate=2026%2F10%2F06&k_raceNo=10
2026-10-06 19:15:00,19:14,2026-10-06,oi,10,15,三連複,1-3-9,2146.7,2146.7,396,https://www.keiba.go.jp/KeibaWeb/TodayRaceInfo/Odds3LenFuku?k_babaCode=20&k_raceDate=2026%2F10%2F06&k_raceNo=10
2026-10-06 19:15:00,19:14,2026-10-06,oi,10,15,三連複,7-8-9,2146.7,2146.7,396,https://www.keiba.go.jp/KeibaWeb/TodayRaceInfo/Odds3LenFuku?k_babaCode=20&k_raceDate=2026%2F10%2F06&k_raceNo=10
2026-10-06 19:15:00,19:14,2026-10-06,oi,10,15,三連複,10-12-13,2146.7,2146.7,396,https://www.keiba.go.jp/KeibaWeb/TodayRaceInfo/Odds3LenFuku?k_babaCode=20&k_raceDate=2026%2F10%2F06&k_raceNo=10
2026-10-06 19:15:00,19:14,2026-10-06,oi,10,15,三連複,1-4-9,2194.4,2194.4,399,https://www.keiba.go.jp/KeibaWeb/TodayRaceInfo/Odds3LenFuku?k_babaCode=20&k_raceDate=2026%2F10%2F06&k_raceNo=10
2026-10-06 19:15:00,19:14,2026-10-06,oi,10,15,三連複,2-10-11,2194.4,2194.4,399,https://www.keiba.go.jp/KeibaWeb/TodayRaceInfo/Odds3LenFuku?k_babaCode=20&k_raceDate=2026%2F10%2F06&k_raceNo=10
2026-10-06 19:15:00,19:14,2026-10-06,oi,10,15,三連複,3-10-11,2194.4,2194.4,399,https://www.keiba.go.jp/KeibaWeb/TodayRaceInfo/Odds3LenFuku?k_babaCode=20&k_raceDate=2026%2F10%2F06&k_raceNo=10
2026-10-06 19:15:00,19:14,2026-10-06,oi,10,15,三連複,11-12-14,2194.4,2194.4,399,https://www.keiba.go.jp/KeibaWeb/TodayRaceInfo/Odds3LenFuku?k_babaCode=20&k_raceDate=2026%2F10%2F06&k_raceNo=10
2026-10-06 19:15:00,19:14,2026-10-06,oi,10,15,三連複,3-5-14,2244.3,2244.3,403,https://www.keiba.go.jp/KeibaWeb/TodayRaceInfo/Odds3LenFuku?k_babaCode=20&k_raceDate=2026%2F10%2F06&k_raceNo=10
2026-10-06 19:15:00,19:14,2026-10-06,oi,10,15,三連複,4-6-9,2244.3,2244.3,403,https://www.keiba.go.jp/KeibaWeb/TodayRaceInfo/Odds3LenFuku?k_babaCode=20&k_raceDate=2026%2F10%2F06&k_raceNo=10
2026-10-06 19:15:00,19:14,2026-10-06,oi,10,15,三連複,6-7-11,2244.3,2244.3,403,https://www.keiba.go.jp/KeibaWeb/TodayRaceInfo/Odds3LenFuku?k_babaCode=20&k_raceDate=2026%2F10%2F06&k_raceNo=10
2026-10-06 19:15:00,19:14,2026-10-06,oi,10,15,三連複,7-12-13,2244.3,2244.3,403,https://www.keiba.go.jp/KeibaWeb/TodayRaceInfo/Odds3LenFuku?k_babaCode=20&k_raceDate=2026%2F10%2F06&k_raceNo=10
2026-10-06 19:15:00,19:14,2026-10-06,oi,10,15,三連複,3-5-7,2296.5,2296.5,411,https://www.keiba.go.jp/KeibaWeb/TodayRaceInfo/Odds3LenFuku?k_babaCode=20&k_raceDate=2026%2F10%2F06&k_raceNo=10
2026-10-06 19:15:00,19:14,2026-10-06,oi,10,15,三連複,4-10-14,2296.5,2296.5,411,https://www.keiba.go.jp/KeibaWeb/TodayRaceInfo/Odds3LenFuku?k_babaCode=20&k_raceDate=2026%2F10%2F06&k_raceNo=10
2026-10-06 19:15:00,19:14,2026-10-06,oi,10,15,三連複,2-7-13,2351.2,2351.2,413,https://www.keiba.go.jp/KeibaWeb/TodayRaceInfo/Odds3LenFuku?k_babaCode=20&k_raceDate=2026%2F10%2F06&k_raceNo=10
2026-10-06 19:15:00,19:14,2026-10-06,oi,10,15,三連複,5-8-9,2408.5,2408.5,414,https://www.keiba.go.jp/KeibaWeb/TodayRaceInfo/Odds3LenFuku?k_babaCode=20&k_raceDate=2026%2F10%2F06&k_raceNo=10
2026-10-06 19:15:00,19:14,2026-10-06,oi,10,15,三連複,1-10-12,2468.7,2468.7,415,https://www.keiba.go.jp/KeibaWeb/TodayRaceInfo/Odds3LenFuku?k_babaCode=20&k_raceDate=2026%2F10%2F06&k_raceNo=10
2026-10-06 19:15:00,19:14,2026-10-06,oi,10,15,三連複,3-10-12,2468.7,2468.7,415,https://www.keiba.go.jp/KeibaWeb/TodayRaceInfo/Odds3LenFuku?k_babaCode=20&k_raceDate=2026%2F10%2F06&k_raceNo=10
2026-10-06 19:15:00,19:14,2026-10-06,oi,10,15,三連複,4-7-9,2468.7,2468.7,415,https://www.keiba.go.jp/KeibaWeb/TodayRaceInfo/Odds3LenFuku?k_babaCode=20&k_raceDate=2026%2F10%2F06&k_raceNo=10
2026-10-06 19:15:00,19:14,2026-10-06,oi,10,15,三連複,1-7-12,2532.0,2532.0,418,https://www.keiba.go.jp/KeibaWeb/TodayRaceInfo/Odds3LenFuku?k_babaCode=20&k_raceDate=2026%2F10%2F06&k_raceNo=10
2026-10-06 19:15:00,19:14,2026-10-06,oi,10,15,三連複,1-7-11,2598.7,2598.7,419,https://www.keiba.go.jp/KeibaWeb/TodayRaceInfo/Odds3LenFuku?k_babaCode=20&k_raceDate=2026%2F10%2F06&k_raceNo=10
2026-10-06 19:15:00,19:14,2026-10-06,oi,10,15,三連複,2-9-16,2598.7,2598.7,419,https://www.keiba.go.jp/KeibaWeb/TodayRaceInfo/Odds3LenFuku?k_babaCode=20&k_raceDate=2026%2F10%2F06&k_raceNo=10
2026-10-06 19:15:00,19:14,2026-10-06,oi,10,15,三連複,9-10-16,2598.7,2598.7,419,https://www.keiba.go.jp/KeibaWeb/TodayRaceInfo/Odds3LenFuku?k_babaCode=20&k_raceDate=2026%2F10%2F06&k_raceNo=10
2026-10-06 19:15:00,19:14,2026-10-06,oi,10,15,三連複,3-4-14,2668.9,2668.9,422,https://www.keiba.go.jp/KeibaWeb/TodayRaceInfo/Odds3LenFuku?k_babaCode=20&k_raceDate=2026%2F10%2F06&k_raceNo=10
2026-10-06 19:15:00,19:14,2026-10-06,oi,10,15,三連複,10-11-12,2668.9,2668.9,422,https://www.keiba.go.jp/KeibaWeb/TodayRaceInfo/Odds3LenFuku?k_babaCode=20&k_raceDate=2026%2F10%2F06&k_raceNo=10
2026-10-06 19:15:00,19:14,2026-10-06,oi,10,15,三連複,1-2-9,2743.0,2743.0,427,https://www.keiba.go.jp/KeibaWeb/TodayRaceInfo/Odds3LenFuku?k_babaCode=20&k_raceDate=2026%2F10%2F06&k_raceNo=10
2026-10-06 19:15:00,19:14,2026-10-06,oi,10,15,三連複,3-11-14,2743.0,2743.0,427,https://www.keiba.go.jp/KeibaWeb/TodayRaceInfo/Odds3LenFuku?k_babaCode=20&k_raceDate=2026%2F10%2F06&k_raceNo=10
2026-10-06 19:15:00,19:14,2026-10-06,oi,10,15,三連複,5-7-11,2743.0,2743.0,427,https://www.keiba.go.jp/KeibaWeb/TodayRaceInfo/Odds3LenFuku?k_babaCode=20&k_raceDate=2026%2F10%2F06&k_raceNo=10
2026-10-06 19:15:00,19:14,2026-10-06,oi,10,15,三連複,5-10-12,2743.0,2743.0,427,https://www.keiba.go.jp/KeibaWeb/TodayRaceInfo/Odds3LenFuku?k_babaCode=20&k_raceDate=2026%2F10%2F06&k_raceNo=10
2026-10-06 19:15:00,19:14,2026-10-06,oi,10,15,三連複,6-9-11,2743.0,2743.0,427,https://www.keiba.go.jp/KeibaWeb/TodayRaceInfo/Odds3LenFuku?k_babaCode=20&k_raceDate=2026%2F10%2F06&k_raceNo=10
2026-10-06 19:15:00,19:14,2026-10-06,oi,10,15,三連複,6-10-14,2743.0,2743.0,427,https://www.keiba.go.jp/KeibaWeb/TodayRaceInfo/Odds3LenFuku?k_babaCode=20&k_raceDate=2026%2F10%2F06&k_raceNo=10
2026-10-06 19:15:00,19:14,2026-10-06,oi,10,15,三連複,7-11-13,2743.0,2743.0,427,https://www.keiba.go.jp/KeibaWeb/TodayRaceInfo/Odds3LenFuku?k_babaCode=20&k_raceDate=2026%2F10%2F06&k_raceNo=10
2026-10-06 19:15:00,19:14,2026-10-06,oi,10,15,三連複,4-11-14,2821.4,2821.4,434,https://www.keiba.go.jp/KeibaWeb/TodayRaceInfo/Odds3LenFuku?k_babaCode=20&k_raceDate=2026%2F10%2F06&k_raceNo=10
2026-10-06 19:15:00,19:14,2026-10-06,oi,10,15,三連複,6-7-14,2821.4,2821.4,434,https://www.keiba.go.jp/KeibaWeb/TodayRaceInfo/Odds3LenFuku?k_babaCode=20&k_raceDate=2026%2F10%2F06&k_raceNo=10
2026-10-06 19:15:00,19:14,2026-10-06,oi,10,15,三連複,8-9-11,2821.4,2821.4,434,https://www.keiba.go.jp/KeibaWeb/TodayRaceInfo/Odds3LenFuku?k_babaCode=20&k_raceDate=2026%2F10%2F06&k_raceNo=10
2026-10-06 19:15:00,19:14,2026-10-06,oi,10,15,三連複,10-13-14,2821.4,2821.4,434,https://www.keiba.go.jp/KeibaWeb/TodayRaceInfo/Odds3LenFuku?k_babaCode=20&k_raceDate=2026%2F10%2F06&k_raceNo=10
2026-10-06 19:15:00,19:14,2026-10-06,oi,10,15,三連複,5-6-9,2904.4,2904.4,438,https://www.keiba.go.jp/KeibaWeb/TodayRaceInfo/Odds3LenFuku?k_babaCode=20&k_raceDate=2026%2F10%2F06&k_raceNo=10
2026-10-06 19:15:00,19:14,2026-10-06,oi,10,15,三連複,5-10-11,2904.4,2904.4,438,https://www.keiba.go.jp/KeibaWeb/TodayRaceInfo/Odds3LenFuku?k_babaCode=20&k_raceDate=2026%2F10%2F06&k_raceNo=10
2026-10-06 19:15:00,19:14,2026-10-06,oi,10,15,三連複,5-11-14,2904.4,2904.4,438,https://www.keiba.go.jp/KeibaWeb/TodayRaceInfo/Odds3LenFuku?k_babaCode=20&k_raceDate=2026%2F10%2F06&k_raceNo=10
2026-10-06 19:15:00,19:14,2026-10-06,oi,10,15,三連複,8-9-13,2904.4,2904.4,438,https://www.keiba.go.jp/KeibaWeb/TodayRaceInfo/Odds3LenFuku?k_babaCode=20&k_raceDate=2026%2F10%2F06&k_raceNo=10
2026-10-06 19:15:00,19:14,2026-10-06,oi,10,15,三連複,2-6-9,2992.4,2992.4,445,https://www.keiba.go.jp/KeibaWeb/TodayRaceInfo/Odds3LenFuku?k_babaCode=20&k_raceDate=2026%2F10%2F06&k_raceNo=10
2026-10-06 19:15:00,19:14,2026-10-06,oi,10,15,三連複,5-7-9,2992.4,2992.4,445,https://www.keiba.go.jp/KeibaWeb/TodayRaceInfo/Odds3LenFuku?k_babaCode=20&k_raceDate=2026%2F10%2F06&k_raceNo=10
2026-10-06 19:15:00,19:14,2026-10-06,oi,10,15,三連複,8-9-12,2992.4,2992.4,445,https://www.keiba.go.jp/KeibaWeb/TodayRaceInfo/Odds3LenFuku?k_babaCode=20&k_raceDate=2026%2F10%2F06&k_raceNo=10
2026-10-06 19:15:00,19:14,2026-10-06,oi,10,15,三連複,1-5-9,3085.9,3085.9,448,https://www.keiba.go.jp/KeibaWeb/TodayRaceInfo/Odds3LenFuku?k_babaCode=20&k_raceDate=2026%2F10%2F06&k_raceNo=10
2026-10-06 19:15:00,19:14,2026-10-06,oi,10,15,三連複,1-7-10,3085.9,3085.9,448,https://www.keiba.go.jp/KeibaWeb/TodayRaceInfo/Odds3LenFuku?k_babaCode=20&k_raceDate=2026%2F10%2F06&k_raceNo=10
2026-10-06 19:15:00,19:14,2026-10-06,oi,10,15,三連複,1-12-14,3185.5,3185.5,450,https://www.keiba.go.jp/KeibaWeb/TodayRaceInfo/Odds3LenFuku?k_babaCode=20&k_raceDate=2026%2F10%2F06&k_raceNo=10
2026-10-06 19:15:00,19:14,2026-10-06,oi,10,15,三連複,2-3-9,3185.5,3185.5,450,https://www.keiba.go.jp/KeibaWeb/TodayRaceInfo/Odds3LenFuku?k_babaCode=20&k_raceDate=2026%2F10%2F06&k_raceNo=10
2026-10-06 19:15:00,19:14,2026-10-06,oi,10,15,三連複,4-7-14,3185.5,3185.5,450,https://www.keiba.go.jp/KeibaWeb/TodayRaceInfo/Odds3LenFuku?k_babaCode=20&k_raceDate=2026%2F10%2F06&k_raceNo=10
2026-10-06 19:15:00,19:14,2026-10-06,oi,10,15,三連複,6-7-9,3185.5,3185.5,450,https://www.keiba.go.jp/KeibaWeb/TodayRaceInfo/Odds3LenFuku?k_babaCode=20&k_raceDate=2026%2F10%2F06&k_raceNo=10
2026-10-06 19:15:00,19:14,2026-10-06,oi,10,15,三連複,2-7-11,3291.6,3291.6,456,https://www.keiba.go.jp/KeibaWeb/TodayRaceInfo/Odds3LenFuku?k_babaCode=20&k_raceDate=2026%2F10%2F06&k_raceNo=10
2026-10-06 19:15:00,19:14,2026-10-06,oi,10,15,三連複,2-11-14,3291.6,3291.6,456,https://www.keiba.go.jp/KeibaWeb/TodayRaceInfo/Odds3LenFuku?k_babaCode=20&k_raceDate=2026%2F10%2F06&k_raceNo=10
2026-10-06 19:15:00,19:14,2026-10-06,oi,10,15,三連複,7-10-13,3291.6,3291.6,456,https://www.keiba.go.jp/KeibaWeb/TodayRaceInfo/Odds3LenFuku?k_babaCode=20&k_raceDate=2026%2F10%2F06&k_raceNo=10
2026-10-06 19:15:00,19:14,2026-10-06,oi,10,15,三連複,9-11-16,3291.6,3291.6,456,https://www.keiba.go.jp/KeibaWeb/TodayRaceInfo/Odds3LenFuku?k_babaCode=20&k_raceDate=2026%2F10%2F06&k_raceNo=10
2026-10-06 19:15:00,19:14,2026-10-06,oi,10,15,三連複,3-7-13,3405.2,3405.2,460,https://www.keiba.go.jp/KeibaWeb/TodayRaceInfo/Odds3LenFuku?k_babaCode=20&k_raceDate=2026%2F10%2F06&k_raceNo=10
2026-10-06 19:15:00,19:14,2026-10-06,oi,10,15,三連複,4-9-11,3405.2,3405.2,460,https://www.keiba.go.jp/KeibaWeb/TodayRaceInfo/Odds3LenFuku?k_babaCode=20&k_raceDate=2026%2F10%2F06&k_raceNo=10
2026-10-06 19:15:00,19:14,2026-10-06,oi,10,15,三連複,9-12-16,3405.2,3405.2,460,https://www.keiba.go.jp/KeibaWeb/TodayRaceInfo/Odds3LenFuku?k_babaCode=20&k_raceDate=2026%2F10%2F06&k_raceNo=10
2026-10-06 19:15:00,19:14,2026-10-06,oi,10,15,三連複,2-10-12,3657.4,3657.4,463,https://www.keiba.go.jp/KeibaWeb/TodayRaceInfo/Odds3LenFuku?k_babaCode=20&k_raceDate=2026%2F10%2F06&k_raceNo=10
2026-10-06 19:15:00,19:14,2026-10-06,oi,10,15,三連複,3-7-9,3657.4,3657.4,463,https://www.keiba.go.jp/KeibaWeb/TodayRaceInfo/Odds3LenFuku?k_babaCode=20&k_raceDate=2026%2F10%2F06&k_raceNo=10
2026-10-06 19:15:00,19:14,2026-10-06,oi,10,15,三連複,3-12-14,3657.4,3657.4,463,https://www.keiba.go.jp/KeibaWeb/TodayRaceInfo/Odds3LenFuku?k_babaCode=20&k_raceDate=2026%2F10%2F06&k_raceNo=10
2026-10-06 19:15:00,19:14,2026-10-06,oi,10,15,三連複,7-9-16,3657.4,3657.4,463,https://www.keiba.go.jp/KeibaWeb/TodayRaceInfo/Odds3LenFuku?k_babaCode=20&k_raceDate=2026%2F10%2F06&k_raceNo=10
2026-10-06 19:15:00,19:14,2026-10-06,oi,10,15,三連複,7-11-12,3657.4,3657.4,463,https://www.keiba.go.jp/KeibaWeb/TodayRaceInfo/Odds3LenFuku?k_babaCode=20&k_raceDate=2026%2F10%2F06&k_raceNo=10
2026-10-06 19:15:00,19:14,2026-10-06,oi,10,15,三連複,1-9-11,3798.1,3798.1,468,https://www.keiba.go.jp/KeibaWeb/TodayRaceInfo/Odds3LenFuku?k_babaCode=20&k_raceDate=2026%2F10%2F06&k_raceNo=10
2026-10-06 19:15:00,19:14,2026-10-06,oi,10,15,三連複,2-7-14,3798.1,3798.1,468,https://www.keiba.go.jp/KeibaWeb/TodayRaceInfo/Odds3LenFuku?k_babaCode=20&k_raceDate=2026%2F10%2F06&k_raceNo=10
2026-10-06 19:15:00,19:14,2026-10-06,oi,10,15,三連複,2-5-9,3950.0,3950.0,470,https://www.keiba.go.jp/KeibaWeb/TodayRaceInfo/Odds3LenFuku?k_babaCode=20&k_raceDate=2026%2F10%2F06&k_raceNo=10
2026-10-06 19:15:00,19:14,2026-10-06,oi,10,15,三連複,2-7-10,3950.0,3950.0,470,https://www.keiba.go.jp/KeibaWeb/TodayRaceInfo/Odds3LenFuku?k_babaCode=20&k_raceDate=2026%2F10%2F06&k_raceNo=10
2026-10-06 19:15:00,19:14,2026-10-06,oi,10,15,三連複,2-12-14,3950.0,3950.0,470,https://www.keiba.go.jp/KeibaWeb/TodayRaceInfo/Odds3LenFuku?k_babaCode=20&k_raceDate=2026%2F10%2F06&k_raceNo=10
2026-10-06 19:15:00,19:14,2026-10-06,oi,10,15,三連複,3-7-10,3950.0,3950.0,470,https://www.keiba.go.jp/KeibaWeb/TodayRaceInfo/Odds3LenFuku?k_babaCode=20&k_raceDate=2026%2F10%2F06&k_raceNo=10
2026-10-06 19:15:00,19:14,2026-10-06,oi,10,15,三連複,3-7-11,3950.0,3950.0,470,https://www.keiba.go.jp/KeibaWeb/TodayRaceInfo/Odds3LenFuku?k_babaCode=20&k_raceDate=2026%2F10%2F06&k_raceNo=10
2026-10-06 19:15:00,19:14,2026-10-06,oi,10,15,三連複,6-9-13,3950.0,3950.0,470,https://www.keiba.go.jp/KeibaWeb/TodayRaceInfo/Odds3LenFuku?k_babaCode=20&k_raceDate=2026%2F10%2F06&k_raceNo=10
2026-10-06 19:15:00,19:14,2026-10-06,oi,10,15,三連複,1-7-14,4114.6,4114.6,480,https://www.keiba.go.jp/KeibaWeb/TodayRaceInfo/Odds3LenFuku?k_babaCode=20&k_raceDate=2026%2F10%2F06&k_raceNo=10
2026-10-06 19:15:00,19:14,2026-10-06,oi,10,15,三連複,5-9-11,4114.6,4114.6,480,https://www.keiba.go.jp/KeibaWeb/TodayRaceInfo/Odds3LenFuku?k_babaCode=20&k_raceDate=2026%2F10%2F06&k_raceNo=10
2026-10-06 19:15:00,19:14,2026-10-06,oi,10,15,三連複,1-10-14,4293.5,4293.5,482,https://www.keiba.go.jp/KeibaWeb/TodayRaceInfo/Odds3LenFuku?k_babaCode=20&k_raceDate=2026%2F10%2F06&k_raceNo=10
2026-10-06 19:15:00,19:14,2026-10-06,oi,10,15,三連複,3-7-12,4293.5,4293.5,482,https://www.keiba.go.jp/KeibaWeb/TodayRaceInfo/Odds3LenFuku?k_babaCode=20&k_raceDate=2026%2F10%2F06&k_raceNo=10
2026-10-06 19:15:00,19:14,2026-10-06,oi,10,15,三連複,4-7-12,4293.5,4293.5,482,https://www.keiba.go.jp/KeibaWeb/TodayRaceInfo/Odds3LenFuku?k_babaCode=20&k_raceDate=2026%2F10%2F06&k_raceNo=10
2026-10-06 19:15:00,19:14,2026-10-06,oi,10,15,三連複,5-10-14,4293.5,4293.5,482,https://www.keiba.go.jp/KeibaWeb/TodayRaceInfo/Odds3LenFuku?k_babaCode=20&k_raceDate=2026%2F10%2F06&k_raceNo=10
2026-10-06 19:15:00,19:14,2026-10-06,oi,10,15,三連複,7-9-11,4293.5,4293.5,482,https://www.keiba.go.jp/KeibaWeb/TodayRaceInfo/Odds3LenFuku?k_babaCode=20&k_raceDate=2026%2F10%2F06&k_raceNo=10
2026-10-06 19:15:00,19:14,2026-10-06,oi,10,15,三連複,1-9-10,4488.6,4488.6,487,https://www.keiba.go.jp/KeibaWeb/TodayRaceInfo/Odds3LenFuku?k_babaCode=20&k_raceDate=2026%2F10%2F06&k_raceNo=10
2026-10-06 19:15:00,19:14,2026-10-06,oi,10,15,三連複,3-4-9,4488.6,4488.6,487,https://www.keiba.go.jp/KeibaWeb/TodayRaceInfo/Odds3LenFuku?k_babaCode=20&k_raceDate=2026%2F10%2F06&k_raceNo=10
2026-10-06 19:15:00,19:14,2026-10-06,oi,10,15,三連複,5-7-14,4488.6,4488.6,487,https://www.keiba.go.jp/KeibaWeb/TodayRaceInfo/Odds3LenFuku?k_babaCode=20&k_raceDate=2026%2F10%2F06&k_raceNo=10
2026-10-06 19:15:00,19:14,2026-10-06,oi,10,15,三連複,6-9-10,4488.6,4488.6,487,https://www.keiba.go.jp/KeibaWeb/TodayRaceInfo/Odds3LenFuku?k_babaCode=20&k_raceDate=2026%2F10%2F06&k_raceNo=10
2026-10-06 19:15:00,19:14,2026-10-06,oi,10,15,三連複,4-7-10,4702.4,4702.4,493,https://www.keiba.go.jp/KeibaWeb/TodayRaceInfo/Odds3LenFuku?k_babaCode=20&k_raceDate=2026%2F10%2F06&k_raceNo=10
2026-10-06 19:15:00,19:14,2026-10-06,oi,10,15,三連複,5-7-10,4702.4,4702.4,493,https://www.keiba.go.jp/KeibaWeb/TodayRaceInfo/Odds3LenFuku?k_babaCode=20&k_raceDate=2026%2F10%2F06&k_raceNo=10
2026-10-06 19:15:00,19:14,2026-10-06,oi,10,15,三連複,5-12-14,4702.4,4702.4,493,https://www.keiba.go.jp/KeibaWeb/TodayRaceInfo/Odds3LenFuku?k_babaCode=20&k_raceDate=2026%2F10%2F06&k_raceNo=10
2026-10-06 19:15:00,19:14,2026-10-06,oi,10,15,三連複,2-4-9,4937.5,4937.5,496,https://www.keiba.go.jp/KeibaWeb/TodayRaceInfo/Odds3LenFuku?k_babaCode=20&k_raceDate=2026%2F10%2F06&k_raceNo=10
2026-10-06 19:15:00,19:14,2026-10-06,oi,10,15,三連複,2-7-9,4937.5,4937.5,496,https://www.keiba.go.jp/KeibaWeb/TodayRaceInfo/Odds3LenFuku?k_babaCode=20&k_raceDate=2026%2F10%2F06&k_raceNo=10
2026-10-06 19:15:00,19:14,2026-10-06,oi,10,15,三連複,3-7-14,4937.5,4937.5,496,https://www.keiba.go.jp/KeibaWeb/TodayRaceInfo/Odds3LenFuku?k_babaCode=20&k_raceDate=2026%2F10%2F06&k_raceNo=10
2026-10-06 19:15:00,19:14,2026-10-06,oi,10,15,三連複,9-11-13,4937.5,4937.5,496,https://www.keiba.go.jp/KeibaWeb/TodayRaceInfo/Odds3LenFuku?k_babaCode=20&k_raceDate=2026%2F10%2F06&k_raceNo=10
2026-10-06 19:15:00,19:14,2026-10-06,oi,10,15,三連複,1-7-9,5197.4,5197.4,500,https://www.keiba.go.jp/KeibaWeb/TodayRaceInfo/Odds3LenFuku?k_babaCode=20&k_raceDate=2026%2F10%2F06&k_raceNo=10
2026-10-06 19:15:00,19:14,2026-10-06,oi,10,15,三連複,4-9-13,5197.4,5197.4,500,https://www.keiba.go.jp/KeibaWeb/TodayRaceInfo/Odds3LenFuku?k_babaCode=20&k_raceDate=2026%2F10%2F06&k_raceNo=10
2026-10-06 19:15:00,19:14,2026-10-06,oi,10,15,三連複,4-12-14,5197.4,5197.4,500,https://www.keiba.go.jp/KeibaWeb/TodayRaceInfo/Odds3LenFuku?k_babaCode=20&k_raceDate=2026%2F10%2F06&k_raceNo=10
2026-10-06 19:15:00,19:14,2026-10-06,oi,10,15,三連複,8-9-14,5197.4,5197.4,500,https://www.keiba.go.jp/KeibaWeb/TodayRaceInfo/Odds3LenFuku?k_babaCode=20&k_raceDate=2026%2F10%2F06&k_raceNo=10
2026-10-06 19:15:00,19:14,2026-10-06,oi,10,15,三連複,9-11-12,5197.4,5197.4,500,https://www.keiba.go.jp/KeibaWeb/TodayRaceInfo/Odds3LenFuku?k_babaCode=20&k_raceDate=2026%2F10%2F06&k_raceNo=10
2026-10-06 19:15:00,19:14,2026-10-06,oi,10,15,三連複,10-12-14,5197.4,5197.4,500,https://www.keiba.go.jp/KeibaWeb/TodayRaceInfo/Odds3LenFuku?k_babaCode=20&k_raceDate=2026%2F10%2F06&k_raceNo=10
2026-10-06 19:15:00,19:14,2026-10-06,oi,10,15,三連複,6-9-12,5486.1,5486.1,510,https://www.keiba.go.jp/KeibaWeb/TodayRaceInfo/Odds3LenFuku?k_babaCode=20&k_raceDate=2026%2F10%2F06&k_raceNo=10
2026-10-06 19:15:00,19:14,2026-10-06,oi,10,15,三連複,7-12-14,5486.1,5486.1,510,https://www.keiba.go.jp/KeibaWeb/TodayRaceInfo/Odds3LenFuku?k_babaCode=20&k_raceDate=2026%2F10%2F06&k_raceNo=10
2026-10-06 19:15:00,19:14,2026-10-06,oi,10,15,三連複,1-9-13,5808.8,5808.8,512,https://www.keiba.go.jp/KeibaWeb/TodayRaceInfo/Odds3LenFuku?k_babaCode=20&k_raceDate=2026%2F10%2F06&k_raceNo=10
2026-10-06 19:15:00,19:14,2026-10-06,oi,10,15,三連複,2-9-11,5808.8,5808.8,512,https://www.keiba.go.jp/KeibaWeb/TodayRaceInfo/Odds3LenFuku?k_babaCode=20&k_raceDate=2026%2F10%2F06&k_raceNo=10
2026-10-06 19:15:00,19:14,2026-10-06,oi,10,15,三連複,2-10-14,5808.8,5808.8,512,https://www.keiba.go.jp/KeibaWeb/TodayRaceInfo/Odds3LenFuku?k_babaCode=20&k_raceDate=2026%2F10%2F06&k_raceNo=10
2026-10-06 19:15:00,19:14,2026-10-06,oi,10,15,三連複,5-9-13,5808.8,5808.8,512,https://www.keiba.go.jp/KeibaWeb/TodayRaceInfo/Odds3LenFuku?k_babaCode=20&k_raceDate=2026%2F10%2F06&k_raceNo=10
2026-10-06 19:15:00,19:14,2026-10-06,oi,10,15,三連複,7-10-14,5808.8,5808.8,512,https://www.keiba.go.jp/KeibaWeb/TodayRaceInfo/Odds3LenFuku?k_babaCode=20&k_raceDate=2026%2F10%2F06&k_raceNo=10
2026-10-06 19:15:00,19:14,2026-10-06,oi,10,15,三連複,4-9-10,6171.9,6171.9,517,https://www.keiba.go.jp/KeibaWeb/TodayRaceInfo/Odds3LenFuku?k_babaCode=20&k_raceDate=2026%2F10%2F06&k_raceNo=10
2026-10-06 19:15:00,19:14,2026-10-06,oi,10,15,三連複,7-10-11,6171.9,6171.9,517,https://www.keiba.go.jp/KeibaWeb/TodayRaceInfo/Odds3LenFuku?k_babaCode=20&k_raceDate=2026%2F10%2F06&k_raceNo=10
2026-10-06 19:15:00,19:14,2026-10-06,oi,10,15,三連複,7-10-12,6171.9,6171.9,517,https://www.keiba.go.jp/KeibaWeb/TodayRaceInfo/Odds3LenFuku?k_babaCode=20&k_raceDate=2026%2F10%2F06&k_raceNo=10
2026-10-06 19:15:00,19:14,2026-10-06,oi,10,15,三連複,10-11-14,6171.9,6171.9,517,https://www.keiba.go.jp/KeibaWeb/TodayRaceInfo/Odds3LenFuku?k_babaCode=20&k_raceDate=2026%2F10%2F06&k_raceNo=10
2026-10-06 19:15:00,19:14,2026-10-06,oi,10,15,三連複,2-9-10,6583.3,6583.3,522,https://www.keiba.go.jp/KeibaWeb/TodayRaceInfo/Odds3LenFuku?k_babaCode=20&k_raceDate=2026%2F10%2F06&k_raceNo=10
2026-10-06 19:15:00,19:14,2026-10-06,oi,10,15,三連複,3-5-9,6583.3,6583.3,522,https://www.keiba.go.jp/KeibaWeb/TodayRaceInfo/Odds3LenFuku?k_babaCode=20&k_raceDate=2026%2F10%2F06&k_raceNo=10
2026-10-06 19:15:00,19:14,2026-10-06,oi,10,15,三連複,9-14-16,6583.3,6583.3,522,https://www.keiba.go.jp/KeibaWeb/TodayRaceInfo/Odds3LenFuku?k_babaCode=20&k_raceDate=2026%2F10%2F06&k_raceNo=10
2026-10-06 19:15:00,19:14,2026-10-06,oi,10,15,三連複,3-9-12,7053.6,7053.6,525,https://www.keiba.go.jp/KeibaWeb/TodayRaceInfo/Odds3LenFuku?k_babaCode=20&k_raceDate=2026%2F10%2F06&k_raceNo=10
2026-10-06 19:15:00,19:14,2026-10-06,oi,10,15,三連複,3-9-11,7596.2,7596.2,526,https://www.keiba.go.jp/KeibaWeb/TodayRaceInfo/Odds3LenFuku?k_babaCode=20&k_raceDate=2026%2F10%2F06&k_raceNo=10
2026-10-06 19:15:00,19:14,2026-10-06,oi,10,15,三連複,3-10-14,7596.2,7596.2,526,https://www.keiba.go.jp/KeibaWeb/TodayRaceInfo/Odds3LenFuku?k_babaCode=20&k_raceDate=2026%2F10%2F06&k_raceNo=10
2026-10-06 19:15:00,19:14,2026-10-06,oi,10,15,三連複,9-13-14,7596.2,7596.2,526,https://www.keiba.go.jp/KeibaWeb/TodayRaceInfo/Odds3LenFuku?k_babaCode=20&k_raceDate=2026%2F10%2F06&k_raceNo=10
2026-10-06 19:15:00,19:14,2026-10-06,oi,10,15,三連複,1-9-12,8229.2,8229.2,533,https://www.keiba.go.jp/KeibaWeb/TodayRaceInfo/Odds3LenFuku?k_babaCode=20&k_raceDate=2026%2F10%2F06&k_raceNo=10
2026-10-06 19:15:00,19:14,2026-10-06,oi,10,15,三連複,3-9-13,8229.2,8229.2,533,https://www.keiba.go.jp/KeibaWeb/TodayRaceInfo/Odds3LenFuku?k_babaCode=20&k_raceDate=2026%2F10%2F06&k_raceNo=10
2026-10-06 19:15:00,19:14,2026-10-06,oi,10,15,三連複,7-11-14,8229.2,8229.2,533,https://www.keiba.go.jp/KeibaWeb/TodayRaceInfo/Odds3LenFuku?k_babaCode=20&k_raceDate=2026%2F10%2F06&k_raceNo=10
2026-10-06 19:15:00,19:14,2026-10-06,oi,10,15,三連複,5-9-10,8977.3,8977.3,536,https://www.keiba.go.jp/KeibaWeb/TodayRaceInfo/Odds3LenFuku?k_babaCode=20&k_raceDate=2026%2F10%2F06&k_raceNo=10
2026-10-06 19:15:00,19:14,2026-10-06,oi,10,15,三連複,7-9-13,8977.3,8977.3,536,https://www.keiba.go.jp/KeibaWeb/TodayRaceInfo/Odds3LenFuku?k_babaCode=20&k_raceDate=2026%2F10%2F06&k_raceNo=10
2026-10-06 19:15:00,19:14,2026-10-06,oi,10,15,三連複,9-10-11,8977.3,8977.3,536,https://www.keiba.go.jp/KeibaWeb/TodayRaceInfo/Odds3LenFuku?k_babaCode=20&k_raceDate=2026%2F10%2F06&k_raceNo=10
2026-10-06 19:15:00,19:14,2026-10-06,oi,10,15,三連複,9-12-13,8977.3,8977.3,536,https://www.keiba.go.jp/KeibaWeb/TodayRaceInfo/Odds3LenFuku?k_babaCode=20&k_raceDate=2026%2F10%2F06&k_raceNo=10
2026-10-06 19:15:00,19:14,2026-10-06,oi,10,15,三連複,3-9-10,9875.0,9875.0,540,https://www.keiba.go.jp/KeibaWeb/TodayRaceInfo/Odds3LenFuku?k_babaCode=20&k_raceDate=2026%2F10%2F06&k_raceNo=10
2026-10-06 19:15:00,19:14,2026-10-06,oi,10,15,三連複,7-9-10,9875.0,9875.0,540,https://www.keiba.go.jp/KeibaWeb/TodayRaceInfo/Odds3LenFuku?k_babaCode=20&k_raceDate=2026%2F10%2F06&k_raceNo=10
2026-10-06 19:15:00,19:14,2026-10-06,oi,10,15,三連複,2-9-12,10972.3,10972.3,542,https://www.keiba.go.jp/KeibaWeb/TodayRaceInfo/Odds3LenFuku?k_babaCode=20&k_raceDate=2026%2F10%2F06&k_raceNo=10
2026-10-06 19:15:00,19:14,2026-10-06,oi,10,15,三連複,6-9-14,10972.3,10972.3,542,https://www.keiba.go.jp/KeibaWeb/TodayRaceInfo/Odds3LenFuku?k_babaCode=20&k_raceDate=2026%2F10%2F06&k_raceNo=10
2026-10-06 19:15:00,19:14,2026-10-06,oi,10,15,三連複,7-9-12,10972.3,10972.3,542,https://www.keiba.go.jp/KeibaWeb/TodayRaceInfo/Odds3LenFuku?k_babaCode=20&k_raceDate=2026%2F10%2F06&k_raceNo=10
2026-10-06 19:15:00,19:14,2026-10-06,oi,10,15,三連複,9-10-12,10972.3,10972.3,542,https://www.keiba.go.jp/KeibaWeb/TodayRaceInfo/Odds3LenFuku?k_babaCode=20&k_raceDate=2026%2F10%2F06&k_raceNo=10
2026-10-06 19:15:00,19:14,2026-10-06,oi,10,15,三連複,9-10-13,10972.3,10972.3,542,https://www.keiba.go.jp/KeibaWeb/TodayRaceInfo/Odds3LenFuku?k_babaCode=20&k_raceDate=2026%2F10%2F06&k_raceNo=10
2026-10-06 19:15:00,19:14,2026-10-06,oi,10,15,三連複,1-9-14,12343.8,12343.8,547,https://www.keiba.go.jp/KeibaWeb/TodayRaceInfo/Odds3LenFuku?k_babaCode=20&k_raceDate=2026%2F10%2F06&k_raceNo=10
2026-10-06 19:15:00,19:14,2026-10-06,oi,10,15,三連複,2-9-13,12343.8,12343.8,547,https://www.keiba.go.jp/KeibaWeb/TodayRaceInfo/Odds3LenFuku?k_babaCode=20&k_raceDate=2026%2F10%2F06&k_raceNo=10
2026-10-06 19:15:00,19:14,2026-10-06,oi,10,15,三連複,4-9-12,12343.8,12343.8,547,https://www.keiba.go.jp/KeibaWeb/TodayRaceInfo/Odds3LenFuku?k_babaCode=20&k_raceDate=2026%2F10%2F06&k_raceNo=10
2026-10-06 19:15:00,19:14,2026-10-06,oi,10,15,三連複,3-9-14,14107.2,14107.2,550,https://www.keiba.go.jp/KeibaWeb/TodayRaceInfo/Odds3LenFuku?k_babaCode=20&k_raceDate=2026%2F10%2F06&k_raceNo=10
2026-10-06 19:15:00,19:14,2026-10-06,oi,10,15,三連複,2-9-14,19750.1,19750.1,552,https://www.keiba.go.jp/KeibaWeb/TodayRaceInfo/Odds3LenFuku?k_babaCode=20&k_raceDate=2026%2F10%2F06&k_raceNo=10
2026-10-06 19:15:00,19:14,2026-10-06,oi,10,15,三連複,4-9-14,19750.1,19750.1,552,https://www.keiba.go.jp/KeibaWeb/TodayRaceInfo/Odds3LenFuku?k_babaCode=20&k_raceDate=2026%2F10%2F06&k_raceNo=10
2026-10-06 19:15:00,19:14,2026-10-06,oi,10,15,三連複,5-9-12,19750.1,19750.1,552,https://www.keiba.go.jp/KeibaWeb/TodayRaceInfo/Odds3LenFuku?k_babaCode=20&k_raceDate=2026%2F10%2F06&k_raceNo=10
2026-10-06 19:15:00,19:14,2026-10-06,oi,10,15,三連複,7-9-14,19750.1,19750.1,552,https://www.keiba.go.jp/KeibaWeb/TodayRaceInfo/Odds3LenFuku?k_babaCode=20&k_raceDate=2026%2F10%2F06&k_raceNo=10
2026-10-06 19:15:00,19:14,2026-10-06,oi,10,15,三連複,9-11-14,19750.1,19750.1,552,https://www.keiba.go.jp/KeibaWeb/TodayRaceInfo/Odds3LenFuku?k_babaCode=20&k_raceDate=2026%2F10%2F06&k_raceNo=10
2026-10-06 19:15:00,19:14,2026-10-06,oi,10,15,三連複,5-9-14,32916.9,32916.9,557,https://www.keiba.go.jp/KeibaWeb/TodayRaceInfo/Odds3LenFuku?k_babaCode=20&k_raceDate=2026%2F10%2F06&k_raceNo=10
2026-10-06 19:15:00,19:14,2026-10-06,oi,10,15,三連複,9-10-14,32916.9,32916.9,557,https://www.keiba.go.jp/KeibaWeb/TodayRaceInfo/Odds3LenFuku?k_babaCode=20&k_raceDate=2026%2F10%2F06&k_raceNo=10
2026-10-06 19:15:00,19:14,2026-10-06,oi,10,15,三連複,9-12-14,32916.9,32916.9,557,https://www.keiba.go.jp/KeibaWeb/TodayRaceInfo/Odds3LenFuku?k_babaCode=20&k_raceDate=2026%2F10%2F06&k_raceNo=10
2026-10-06 19:15:00,19:14,2026-10-06,oi,10,15,三連単,16-8-2,74.3,74.3,13,https://www.keiba.go.jp/KeibaWeb/TodayRaceInfo/Odds3LenTan?k_babaCode=20&k_raceDate=2026%2F10%2F06&k_raceNo=10&odds_flg=1
2026-10-06 19:15:00,19:14,2026-10-06,oi,10,15,三連単,8-16-2,90.1,90.1,18,https://www.keiba.go.jp/KeibaWeb/TodayRaceInfo/Odds3LenTan?k_babaCode=20&k_raceDate=2026%2F10%2F06&k_raceNo=10&odds_flg=1
2026-10-06 19:15:00,19:14,2026-10-06,oi,10,15,三連単,8-2-16,176.2,176.2,37,https://www.keiba.go.jp/KeibaWeb/TodayRaceInfo/Odds3LenTan?k_babaCode=20&k_raceDate=2026%2F10%2F06&k_raceNo=10&odds_flg=1
2026-10-06 19:15:00,19:14,2026-10-06,oi,10,15,三連単,16-2-8,192.5,192.5,46,https://www.keiba.go.jp/KeibaWeb/TodayRaceInfo/Odds3LenTan?k_babaCode=20&k_raceDate=2026%2F10%2F06&k_raceNo=10&odds_flg=1
2026-10-06 19:15:00,19:14,2026-10-06,oi,10,15,三連単,2-8-16,469.8,469.8,125,https://www.keiba.go.jp/KeibaWeb/TodayRaceInfo/Odds3LenTan?k_babaCode=20&k_raceDate=2026%2F10%2F06&k_raceNo=10&odds_flg=1
2026-10-06 19:15:00,19:14,2026-10-06,oi,10,15,三連単,2-16-8,509.4,509.4,137,https://www.keiba.go.jp/KeibaWeb/TodayRaceInfo/Odds3LenTan?k_babaCode=20&k_raceDate=2026%2F10%2F06&k_raceNo=10&odds_flg=1
