captured_at,source_time,race_date,track,race_no,minutes_before,bet_type,combination,odds_low,odds_high,popularity,source_url
2026-10-06 19:20:00,19:19,2026-10-06,oi,10,10,単勝,1,11.9,11.9,4,https://www.keiba.go.jp/KeibaWeb/TodayRaceInfo/OddsTanFuku?k_babaCode=20&k_raceDate=2026%2F10%2F06&k_raceNo=10
2026-10-06 19:20:00,19:19,2026-10-06,oi,10,10,単勝,2,31.3,31.3,7,https://www.keiba.go.jp/KeibaWeb/TodayRaceInfo/OddsTanFuku?k_babaCode=20&k_raceDate=2026%2F10%2F06&k_raceNo=10
2026-10-06 19:20:00,19:19,2026-10-06,oi,10,10,単勝,3,37.1,37.1,11,https://www.keiba.go.jp/KeibaWeb/TodayRaceInfo/OddsTanFuku?k_babaCode=20&k_raceDate=2026%2F10%2F06&k_raceNo=10
2026-10-06 19:20:00,19:19,2026-10-06,oi,10,10,単勝,4,14.1,14.1,5,https://www.keiba.go.jp/KeibaWeb/TodayRaceInfo/OddsTanFuku?k_babaCode=20&k_raceDate=2026%2F10%2F06&k_raceNo=10
2026-10-06 19:20:00,19:19,2026-10-06,oi,10,10,単勝,5,31.5,31.5,8,https://www.keiba.go.jp/KeibaWeb/TodayRaceInfo/OddsTanFuku?k_babaCode=20&k_raceDate=2026%2F10%2F06&k_raceNo=10
2026-10-06 19:20:00,19:19,2026-10-06,oi,10,10,単勝,6,11.3,11.3,3,https://www.keiba.go.jp/KeibaWeb/TodayRaceInfo/OddsTanFuku?k_babaCode=20&k_raceDate=2026%2F10%2F06&k_raceNo=10
2026-10-06 19:20:00,19:19,2026-10-06,oi,10,10,単勝,7,54.2,54.2,14,https://www.keiba.go.jp/KeibaWeb/TodayRaceInfo/OddsTanFuku?k_babaCode=20&k_raceDate=2026%2F10%2F06&k_raceNo=10
2026-10-06 19:20:00,19:19,2026-10-06,oi,10,10,単勝,8,3.6,3.6,2,https://www.keiba.go.jp/KeibaWeb/TodayRaceInfo/OddsTanFuku?k_babaCode=20&k_raceDate=2026%2F10%2F06&k_raceNo=10
2026-10-06 19:20:00,19:19,2026-10-06,oi,10,10,単勝,9,131.2,131.2,15,https://www.keiba.go.jp/KeibaWeb/TodayRaceInfo/OddsTanFuku?k_babaCode=20&k_raceDate=2026%2F10%2F06&k_raceNo=10
2026-10-06 19:20:00,19:19,2026-10-06,oi,10,10,単勝,10,49.7,49.7,13,https://www.keiba.go.jp/KeibaWeb/TodayRaceInfo/OddsTanFuku?k_babaCode=20&k_raceDate=2026%2F10%2F06&k_raceNo=10
2026-10-06 19:20:00,19:19,2026-10-06,oi,10,10,単勝,11,32.1,32.1,9,https://www.keiba.go.jp/KeibaWeb/TodayRaceInfo/OddsTanFuku?k_babaCode=20&k_raceDate=2026%2F10%2F06&k_raceNo=10
2026-10-06 19:20:00,19:19,2026-10-06,oi,10,10,単勝,12,41.8,41.8,12,https://www.keiba.go.jp/KeibaWeb/TodayRaceInfo/OddsTanFuku?k_babaCode=20&k_raceDate=2026%2F10%2F06&k_raceNo=10
2026-10-06 19:20:00,19:19,2026-10-06,oi,10,10,単勝,13,22.5,22.5,6,https://www.keiba.go.jp/KeibaWeb/TodayRaceInfo/OddsTanFuku?k_babaCode=20&k_raceDate=2026%2F10%2F06&k_raceNo=10
2026-10-06 19:20:00,19:19,2026-10-06,oi,10,10,単勝,14,32.2,32.2,10,https://www.keiba.go.jp/KeibaWeb/TodayRaceInfo/OddsTanFuku?k_babaCode=20&k_raceDate=2026%2F10%2F06&k_raceNo=10
2026-10-06 19:20:00,19:19,2026-10-06,oi,10,10,単勝,16,2.1,2.1,1,https://www.keiba.go.jp/KeibaWeb/TodayRaceInfo/OddsTanFuku?k_babaCode=20&k_raceDate=2026%2F10%2F06&k_raceNo=10
2026-10-06 19:20:00,19:19,2026-10-06,oi,10,10,馬連,8-16,3.7,3.7,1,https://www.keiba.go.jp/KeibaWeb/TodayRaceInfo/OddsUmLenFuku?k_babaCode=20&k_raceDate=2026%2F10%2F06&k_raceNo=10
2026-10-06 19:20:00,19:19,2026-10-06,oi,10,10,馬連,1-8,13.7,13.7,2,https://www.keiba.go.jp/KeibaWeb/TodayRaceInfo/OddsUmLenFuku?k_babaCode=20&k_raceDate=2026%2F10%2F06&k_raceNo=10
2026-10-06 19:20:00,19:19,2026-10-06,oi,10,10,馬連,6-8,14.0,14.0,3,https://www.keiba.go.jp/KeibaWeb/TodayRaceInfo/OddsUmLenFuku?k_babaCode=20&k_raceDate=2026%2F10%2F06&k_raceNo=10
2026-10-06 19:20:00,19:19,2026-10-06,oi,10,10,馬連,6-16,15.7,15.7,4,https://www.keiba.go.jp/KeibaWeb/TodayRaceInfo/OddsUmLenFuku?k_babaCode=20&k_raceDate=2026%2F10%2F06&k_raceNo=10
2026-10-06 19:20:00,19:19,2026-10-06,oi,10,10,馬連,1-16,16.1,16.1,5,https://www.keiba.go.jp/KeibaWeb/TodayRaceInfo/OddsUmLenFuku?k_babaCode=20&k_raceDate=2026%2F10%2F06&k_raceNo=10
2026-10-06 19:20:00,19:19,2026-10-06,oi,10,10,馬連,4-8,23.8,23.8,8,https://www.keiba.go.jp/KeibaWeb/TodayRaceInfo/OddsUmLenFuku?k_babaCode=20&k_raceDate=2026%2F10%2F06&k_raceNo=10
2026-10-06 19:20:00,19:19,2026-10-06,oi,10,10,馬連,4-16,27.8,27.8,9,https://www.keiba.go.jp/KeibaWeb/TodayRaceInfo/OddsUmLenFuku?k_babaCode=20&k_raceDate=2026%2F10%2F06&k_raceNo=10
2026-10-06 19:20:00,19:19,2026-10-06,oi,10,10,馬連,8-13,29.9,29.9,10,https://www.keiba.go.jp/KeibaWeb/TodayRaceInfo/OddsUmLenFuku?k_babaCode=20&k_raceDate=2026%2F10%2F06&k_raceNo=10
2026-10-06 19:20:00,19:19,2026-10-06,oi,10,10,馬連,13-16,33.2,33.2,11,https://www.keiba.go.jp/KeibaWeb/TodayRaceInfo/OddsUmLenFuku?k_babaCode=20&k_raceDate=2026%2F10%2F06&k_raceNo=10
2026-10-06 19:20:00,19:19,2026-10-06,oi,10,10,馬連,2-8,33.6,33.6,12,https://www.keiba.go.jp/KeibaWeb/TodayRaceInfo/OddsUmLenFuku?k_babaCode=20&k_raceDate=2026%2F10%2F06&k_raceNo=10
2026-10-06 19:20:00,19:19,2026-10-06,oi,10,10,馬連,5-8,34.4,34.4,13,https://www.keiba.go.jp/KeibaWeb/TodayRaceInfo/OddsUmLenFuku?k_babaCode=20&k_raceDate=2026%2F10%2F06&k_raceNo=10
2026-10-06 19:20:00,19:19,2026-10-06,oi,10,10,馬連,5-16,35.0,35.0,14,https://www.keiba.go.jp/KeibaWeb/TodayRaceInfo/OddsUmLenFuku?k_babaCode=20&k_raceDate=2026%2F10%2F06&k_raceNo=10
2026-10-06 19:20:00,19:19,2026-10-06,oi,10,10,馬連,3-8,37.5,37.5,15,https://www.keiba.go.jp/KeibaWeb/TodayRaceInfo/OddsUmLenFuku?k_babaCode=20&k_raceDate=2026%2F10%2F06&k_raceNo=10
2026-10-06 19:20:00,19:19,2026-10-06,oi,10,10,馬連,2-16,45.0,45.0,16,https://www.keiba.go.jp/KeibaWeb/TodayRaceInfo/OddsUmLenFuku?k_babaCode=20&k_raceDate=2026%2F10%2F06&k_raceNo=10
2026-10-06 19:20:00,19:19,2026-10-06,oi,10,10,馬連,1-6,47.2,47.2,17,https://www.keiba.go.jp/KeibaWeb/TodayRaceInfo/OddsUmLenFuku?k_babaCode=20&k_raceDate=2026%2F10%2F06&k_raceNo=10
2026-10-06 19:20:00,19:19,2026-10-06,oi,10,10,馬連,3-16,50.4,50.4,18,https://www.keiba.go.jp/KeibaWeb/TodayRaceInfo/OddsUmLenFuku?k_babaCode=20&k_raceDate=2026%2F10%2F06&k_raceNo=10
2026-10-06 19:20:00,19:19,2026-10-06,oi,10,10,馬連,4-6,51.7,51.7,19,https://www.keiba.go.jp/KeibaWeb/TodayRaceInfo/OddsUmLenFuku?k_babaCode=20&k_raceDate=2026%2F10%2F06&k_raceNo=10
2026-10-06 19:20:00,19:19,2026-10-06,oi,10,10,馬連,8-11,58.0,58.0,20,https://www.keiba.go.jp/KeibaWeb/TodayRaceInfo/OddsUmLenFuku?k_babaCode=20&k_raceDate=2026%2F10%2F06&k_raceNo=10
2026-10-06 19:20:00,19:19,2026-10-06,oi,10,10,馬連,8-12,61.6,61.6,22,https://www.keiba.go.jp/KeibaWeb/TodayRaceInfo/OddsUmLenFuku?k_babaCode=20&k_raceDate=2026%2F10%2F06&k_raceNo=10
2026-10-06 19:20:00,19:19,2026-10-06,oi,10,10,馬連,1-4,66.0,66.0,23,https://www.keiba.go.jp/KeibaWeb/TodayRaceInfo/OddsUmLenFuku?k_babaCode=20&k_raceDate=2026%2F10%2F06&k_raceNo=10
2026-10-06 19:20:00,19:19,2026-10-06,oi,10,10,馬連,6-13,66.1,66.1,24,https://www.keiba.go.jp/KeibaWeb/TodayRaceInfo/OddsUmLenFuku?k_babaCode=20&k_raceDate=2026%2F10%2F06&k_raceNo=10
2026-10-06 19:20:00,19:19,2026-10-06,oi,10,10,馬連,12-16,66.5,66.5,25,https://www.keiba.go.jp/KeibaWeb/TodayRaceInfo/OddsUmLenFuku?k_babaCode=20&k_raceDate=2026%2F10%2F06&k_raceNo=10
2026-10-06 19:20:00,19:19,2026-10-06,oi,10,10,馬連,2-6,66.9,66.9,26,https://www.keiba.go.jp/KeibaWeb/TodayRaceInfo/OddsUmLenFuku?k_babaCode=20&k_raceDate=2026%2F10%2F06&k_raceNo=10
2026-10-06 19:20:00,19:19,2026-10-06,oi,10,10,馬連,11-16,68.1,68.1,27,https://www.keiba.go.jp/KeibaWeb/TodayRaceInfo/OddsUmLenFuku?k_babaCode=20&k_raceDate=2026%2F10%2F06&k_raceNo=10
2026-10-06 19:20:00,19:19,2026-10-06,oi,10,10,馬連,4-5,81.7,81.7,30,https://www.keiba.go.jp/KeibaWeb/TodayRaceInfo/OddsUmLenFuku?k_babaCode=20&k_raceDate=2026%2F10%2F06&k_raceNo=10
2026-10-06 19:20:00,19:19,2026-10-06,oi,10,10,馬連,3-6,88.0,88.0,31,https://www.keiba.go.jp/KeibaWeb/TodayRaceInfo/OddsUmLenFuku?k_babaCode=20&k_raceDate=2026%2F10%2F06&k_raceNo=10
2026-10-06 19:20:00,19:19,2026-10-06,oi,10,10,馬連,5-6,89.9,89.9,32,https://www.keiba.go.jp/KeibaWeb/TodayRaceInfo/OddsUmLenFuku?k_babaCode=20&k_raceDate=2026%2F10%2F06&k_raceNo=10
2026-10-06 19:20:00,19:19,2026-10-06,oi,10,10,馬連,1-2,92.3,92.3,34,https://www.keiba.go.jp/KeibaWeb/TodayRaceInfo/OddsUmLenFuku?k_babaCode=20&k_raceDate=2026%2F10%2F06&k_raceNo=10
2026-10-06 19:20:00,19:19,2026-10-06,oi,10,10,馬連,1-5,93.9,93.9,36,https://www.keiba.go.jp/KeibaWeb/TodayRaceInfo/OddsUmLenFuku?k_babaCode=20&k_raceDate=2026%2F10%2F06&k_raceNo=10
2026-10-06 19:20:00,19:19,2026-10-06,oi,10,10,馬連,10-16,95.1,95.1,37,https://www.keiba.go.jp/KeibaWeb/TodayRaceInfo/OddsUmLenFuku?k_babaCode=20&k_raceDate=2026%2F10%2F06&k_raceNo=10
2026-10-06 19:20:00,19:19,2026-10-06,oi,10,10,馬連,2-4,101.7,101.7,38,https://www.keiba.go.jp/KeibaWeb/TodayRaceInfo/OddsUmLenFuku?k_babaCode=20&k_raceDate=2026%2F10%2F06&k_raceNo=10
2026-10-06 19:20:00,19:19,2026-10-06,oi,10,10,馬連,4-13,101.9,101.9,39,https://www.keiba.go.jp/KeibaWeb/TodayRaceInfo/OddsUmLenFuku?k_babaCode=20&k_raceDate=2026%2F10%2F06&k_raceNo=10
2026-10-06 19:20:00,19:19,2026-10-06,oi,10,10,馬連,14-16,104.9,104.9,40,https://www.keiba.go.jp/KeibaWeb/TodayRaceInfo/OddsUmLenFuku?k_babaCode=20&k_raceDate=2026%2F10%2F06&k_raceNo=10
2026-10-06 19:20:00,19:19,2026-10-06,oi,10,10,馬連,1-13,106.8,106.8,41,https://www.keiba.go.jp/KeibaWeb/TodayRaceInfo/OddsUmLenFuku?k_babaCode=20&k_raceDate=2026%2F10%2F06&k_raceNo=10
2026-10-06 19:20:00,19:19,2026-10-06,oi,10,10,馬連,1-3,108.7,108.7,42,https://www.keiba.go.jp/KeibaWeb/TodayRaceInfo/OddsUmLenFuku?k_babaCode=20&k_raceDate=2026%2F10%2F06&k_raceNo=10
2026-10-06 19:20:00,19:19,2026-10-06,oi,10,10,馬連,8-10,111.1,111.1,43,https://www.keiba.go.jp/KeibaWeb/TodayRaceInfo/OddsUmLenFuku?k_babaCode=20&k_raceDate=2026%2F10%2F06&k_raceNo=10
2026-10-06 19:20:00,19:19,2026-10-06,oi,10,10,馬連,1-11,118.1,118.1,45,https://www.keiba.go.jp/KeibaWeb/TodayRaceInfo/OddsUmLenFuku?k_babaCode=20&k_raceDate=2026%2F10%2F06&k_raceNo=10
2026-10-06 19:20:00,19:19,2026-10-06,oi,10,10,馬連,2-3,120.4,120.4,46,https://www.keiba.go.jp/KeibaWeb/TodayRaceInfo/OddsUmLenFuku?k_babaCode=20&k_raceDate=2026%2F10%2F06&k_raceNo=10
2026-10-06 19:20:00,19:19,2026-10-06,oi,10,10,馬連,7-16,121.6,121.6,47,https://www.keiba.go.jp/KeibaWeb/TodayRaceInfo/OddsUmLenFuku?k_babaCode=20&k_raceDate=2026%2F10%2F06&k_raceNo=10
2026-10-06 19:20:00,19:19,2026-10-06,oi,10,10,馬連,7-8,122.5,122.5,48,https://www.keiba.go.jp/KeibaWeb/TodayRaceInfo/OddsUmLenFuku?k_babaCode=20&k_raceDate=2026%2F10%2F06&k_raceNo=10
2026-10-06 19:20:00,19:19,2026-10-06,oi,10,10,馬連,2-5,126.0,126.0,49,https://www.keiba.go.jp/KeibaWeb/TodayRaceInfo/OddsUmLenFuku?k_babaCode=20&k_raceDate=2026%2F10%2F06&k_raceNo=10
2026-10-06 19:20:00,19:19,2026-10-06,oi,10,10,馬連,2-13,144.1,144.1,50,https://www.keiba.go.jp/KeibaWeb/TodayRaceInfo/OddsUmLenFuku?k_babaCode=20&k_raceDate=2026%2F10%2F06&k_raceNo=10
2026-10-06 19:20:00,19:19,2026-10-06,oi,10,10,馬連,5-13,145.0,145.0,51,https://www.keiba.go.jp/KeibaWeb/TodayRaceInfo/OddsUmLenFuku?k_babaCode=20&k_raceDate=2026%2F10%2F06&k_raceNo=10
2026-10-06 19:20:00,19:19,2026-10-06,oi,10,10,馬連,8-14,148.1,148.1,52,https://www.keiba.go.jp/KeibaWeb/TodayRaceInfo/OddsUmLenFuku?k_babaCode=20&k_raceDate=2026%2F10%2F06&k_raceNo=10
2026-10-06 19:20:00,19:19,2026-10-06,oi,10,10,馬連,3-4,149.4,149.4,53,https://www.keiba.go.jp/KeibaWeb/TodayRaceInfo/OddsUmLenFuku?k_babaCode=20&k_raceDate=2026%2F10%2F06&k_raceNo=10
2026-10-06 19:20:00,19:19,2026-10-06,oi,10,10,馬連,1-12,162.3,162.3,54,https://www.keiba.go.jp/KeibaWeb/TodayRaceInfo/OddsUmLenFuku?k_babaCode=20&k_raceDate=2026%2F10%2F06&k_raceNo=10
2026-10-06 19:20:00,19:19,2026-10-06,oi,10,10,馬連,6-12,167.3,167.3,55,https://www.keiba.go.jp/KeibaWeb/TodayRaceInfo/OddsUmLenFuku?k_babaCode=20&k_raceDate=2026%2F10%2F06&k_raceNo=10
2026-10-06 19:20:00,19:19,2026-10-06,oi,10,10,馬連,3-5,189.2,189.2,56,https://www.keiba.go.jp/KeibaWeb/TodayRaceInfo/OddsUmLenFuku?k_babaCode=20&k_raceDate=2026%2F10%2F06&k_raceNo=10
2026-10-06 19:20:00,19:19,2026-10-06,oi,10,10,馬連,4-11,190.7,190.7,57,https://www.keiba.go.jp/KeibaWeb/TodayRaceInfo/OddsUmLenFuku?k_babaCode=20&k_raceDate=2026%2F10%2F06&k_raceNo=10
2026-10-06 19:20:00,19:19,2026-10-06,oi,10,10,馬連,6-11,195.3,195.3,58,https://www.keiba.go.jp/KeibaWeb/TodayRaceInfo/OddsUmLenFuku?k_babaCode=20&k_raceDate=2026%2F10%2F06&k_raceNo=10
2026-10-06 19:20:00,19:19,2026-10-06,oi,10,10,馬連,5-11,196.0,196.0,59,https://www.keiba.go.jp/KeibaWeb/TodayRaceInfo/OddsUmLenFuku?k_babaCode=20&k_raceDate=2026%2F10%2F06&k_raceNo=10
2026-10-06 19:20:00,19:19,2026-10-06,oi,10,10,馬連,11-13,198.4,198.4,60,https://www.keiba.go.jp/KeibaWeb/TodayRaceInfo/OddsUmLenFuku?k_babaCode=20&k_raceDate=2026%2F10%2F06&k_raceNo=10
2026-10-06 19:20:00,19:19,2026-10-06,oi,10,10,馬連,3-13,210.4,210.4,62,https://www.keiba.go.jp/KeibaWeb/TodayRaceInfo/OddsUmLenFuku?k_babaCode=20&k_raceDate=2026%2F10%2F06&k_raceNo=10
2026-10-06 19:20:00,19:19,2026-10-06,oi,10,10,馬連,8-9,226.9,226.9,63,https://www.keiba.go.jp/KeibaWeb/TodayRaceInfo/OddsUmLenFuku?k_babaCode=20&k_raceDate=2026%2F10%2F06&k_raceNo=10
2026-10-06 19:20:00,19:19,2026-10-06,oi,10,10,馬連,6-10,231.2,231.2,64,https://www.keiba.go.jp/KeibaWeb/TodayRaceInfo/OddsUmLenFuku?k_babaCode=20&k_raceDate=2026%2F10%2F06&k_raceNo=10
2026-10-06 19:20:00,19:19,2026-10-06,oi,10,10,馬連,2-11,235.6,235.6,65,https://www.keiba.go.jp/KeibaWeb/TodayRaceInfo/OddsUmLenFuku?k_babaCode=20&k_raceDate=2026%2F10%2F06&k_raceNo=10
2026-10-06 19:20:00,19:19,2026-10-06,oi,10,10,馬連,4-12,242.6,242.6,67,https://www.keiba.go.jp/KeibaWeb/TodayRaceInfo/OddsUmLenFuku?k_babaCode=20&k_raceDate=2026%2F10%2F06&k_raceNo=10
2026-10-06 19:20:00,19:19,2026-10-06,oi,10,10,馬連,9-16,246.3,246.3,68,https://www.keiba.go.jp/KeibaWeb/TodayRaceInfo/OddsUmLenFuku?k_babaCode=20&k_raceDate=2026%2F10%2F06&k_raceNo=10
2026-10-06 19:20:00,19:19,2026-10-06,oi,10,10,馬連,2-12,248.8,248.8,69,https://www.keiba.go.jp/KeibaWeb/TodayRaceInfo/OddsUmLenFuku?k_babaCode=20&k_raceDate=2026%2F10%2F06&k_raceNo=10
2026-10-06 19:20:00,19:19,2026-10-06,oi,10,10,馬連,3-12,288.3,288.3,71,https://www.keiba.go.jp/KeibaWeb/TodayRaceInfo/OddsUmLenFuku?k_babaCode=20&k_raceDate=2026%2F10%2F06&k_raceNo=10
2026-10-06 19:20:00,19:19,2026-10-06,oi,10,10,馬連,4-14,291.8,291.8,72,https://www.keiba.go.jp/KeibaWeb/TodayRaceInfo/OddsUmLenFuku?k_babaCode=20&k_raceDate=2026%2F10%2F06&k_raceNo=10
2026-10-06 19:20:00,19:19,2026-10-06,oi,10,10,馬連,5-10,291.8,291.8,72,https://www.keiba.go.jp/KeibaWeb/TodayRaceInfo/OddsUmLenFuku?k_babaCode=20&k_raceDate=2026%2F10%2F06&k_raceNo=10
2026-10-06 19:20:00,19:19,2026-10-06,oi,10,10,馬連,1-14,298.9,298.9,74,https://www.keiba.go.jp/KeibaWeb/TodayRaceInfo/OddsUmLenFuku?k_babaCode=20&k_raceDate=2026%2F10%2F06&k_raceNo=10
2026-10-06 19:20:00,19:19,2026-10-06,oi,10,10,馬連,12-13,298.9,298.9,74,https://www.keiba.go.jp/KeibaWeb/TodayRaceInfo/OddsUmLenFuku?k_babaCode=20&k_raceDate=2026%2F10%2F06&k_raceNo=10
2026-10-06 19:20:00,19:19,2026-10-06,oi,10,10,馬連,11-12,300.7,300.7,76,https://www.keiba.go.jp/KeibaWeb/TodayRaceInfo/OddsUmLenFuku?k_babaCode=20&k_raceDate=2026%2F10%2F06&k_raceNo=10
2026-10-06 19:20:00,19:19,2026-10-06,oi,10,10,馬連,6-7,302.6,302.6,77,https://www.keiba.go.jp/KeibaWeb/TodayRaceInfo/OddsUmLenFuku?k_babaCode=20&k_raceDate=2026%2F10%2F06&k_raceNo=10
2026-10-06 19:20:00,19:19,2026-10-06,oi,10,10,馬連,13-14,304.4,304.4,78,https://www.keiba.go.jp/KeibaWeb/TodayRaceInfo/OddsUmLenFuku?k_babaCode=20&k_raceDate=2026%2F10%2F06&k_raceNo=10
2026-10-06 19:20:00,19:19,2026-10-06,oi,10,10,馬連,5-12,308.3,308.3,79,https://www.keiba.go.jp/KeibaWeb/TodayRaceInfo/OddsUmLenFuku?k_babaCode=20&k_raceDate=2026%2F10%2F06&k_raceNo=10
2026-10-06 19:20:00,19:19,2026-10-06,oi,10,10,馬連,4-10,326.8,326.8,80,https://www.keiba.go.jp/KeibaWeb/TodayRaceInfo/OddsUmLenFuku?k_babaCode=20&k_raceDate=2026%2F10%2F06&k_raceNo=10
2026-10-06 19:20:00,19:19,2026-10-06,oi,10,10,馬連,1-7,345.2,345.2,82,https://www.keiba.go.jp/KeibaWeb/TodayRaceInfo/OddsUmLenFuku?k_babaCode=20&k_raceDate=2026%2F10%2F06&k_raceNo=10
2026-10-06 19:20:00,19:19,2026-10-06,oi,10,10,馬連,6-14,347.6,347.6,83,https://www.keiba.go.jp/KeibaWeb/TodayRaceInfo/OddsUmLenFuku?k_babaCode=20&k_raceDate=2026%2F10%2F06&k_raceNo=10
2026-10-06 19:20:00,19:19,2026-10-06,oi,10,10,馬連,5-7,352.6,352.6,84,https://www.keiba.go.jp/KeibaWeb/TodayRaceInfo/OddsUmLenFuku?k_babaCode=20&k_raceDate=2026%2F10%2F06&k_raceNo=10
2026-10-06 19:20:00,19:19,2026-10-06,oi,10,10,馬連,1-10,357.8,357.8,85,https://www.keiba.go.jp/KeibaWeb/TodayRaceInfo/OddsUmLenFuku?k_babaCode=20&k_raceDate=2026%2F10%2F06&k_raceNo=10
2026-10-06 19:20:00,19:19,2026-10-06,oi,10,10,馬連,3-11,357.8,357.8,85,https://www.keiba.go.jp/KeibaWeb/TodayRaceInfo/OddsUmLenFuku?k_babaCode=20&k_raceDate=2026%2F10%2F06&k_raceNo=10
2026-10-06 19:20:00,19:19,2026-10-06,oi,10,10,馬連,2-10,377.1,377.1,87,https://www.keiba.go.jp/KeibaWeb/TodayRaceInfo/OddsUmLenFuku?k_babaCode=20&k_raceDate=2026%2F10%2F06&k_raceNo=10
2026-10-06 19:20:00,19:19,2026-10-06,oi,10,10,馬連,3-10,437.7,437.7,88,https://www.keiba.go.jp/KeibaWeb/TodayRaceInfo/OddsUmLenFuku?k_babaCode=20&k_raceDate=2026%2F10%2F06&k_raceNo=10
2026-10-06 19:20:00,19:19,2026-10-06,oi,10,10,馬連,3-7,445.6,445.6,89,https://www.keiba.go.jp/KeibaWeb/TodayRaceInfo/OddsUmLenFuku?k_babaCode=20&k_raceDate=2026%2F10%2F06&k_raceNo=10
2026-10-06 19:20:00,19:19,2026-10-06,oi,10,10,馬連,4-7,462.4,462.4,91,https://www.keiba.go.jp/KeibaWeb/TodayRaceInfo/OddsUmLenFuku?k_babaCode=20&k_raceDate=2026%2F10%2F06&k_raceNo=10
2026-10-06 19:20:00,19:19,2026-10-06,oi,10,10,馬連,7-13,480.6,480.6,92,https://www.keiba.go.jp/KeibaWeb/TodayRaceInfo/OddsUmLenFuku?k_babaCode=20&k_raceDate=2026%2F10%2F06&k_raceNo=10
2026-10-06 19:20:00,19:19,2026-10-06,oi,10,10,馬連,12-14,485.3,485.3,93,https://www.keiba.go.jp/KeibaWeb/TodayRaceInfo/OddsUmLenFuku?k_babaCode=20&k_raceDate=2026%2F10%2F06&k_raceNo=10
2026-10-06 19:20:00,19:19,2026-10-06,oi,10,10,馬連,1-9,527.1,527.1,94,https://www.keiba.go.jp/KeibaWeb/TodayRaceInfo/OddsUmLenFuku?k_babaCode=20&k_raceDate=2026%2F10%2F06&k_raceNo=10
2026-10-06 19:20:00,19:19,2026-10-06,oi,10,10,馬連,10-12,532.8,532.8,95,https://www.keiba.go.jp/KeibaWeb/TodayRaceInfo/OddsUmLenFuku?k_babaCode=20&k_raceDate=2026%2F10%2F06&k_raceNo=10
2026-10-06 19:20:00,19:19,2026-10-06,oi,10,10,馬連,2-14,570.0,570.0,96,https://www.keiba.go.jp/KeibaWeb/TodayRaceInfo/OddsUmLenFuku?k_babaCode=20&k_raceDate=2026%2F10%2F06&k_raceNo=10
2026-10-06 19:20:00,19:19,2026-10-06,oi,10,10,馬連,2-7,576.7,576.7,97,https://www.keiba.go.jp/KeibaWeb/TodayRaceInfo/OddsUmLenFuku?k_babaCode=20&k_raceDate=2026%2F10%2F06&k_raceNo=10
2026-10-06 19:20:00,19:19,2026-10-06,oi,10,10,馬連,5-14,576.7,576.7,97,https://www.keiba.go.jp/KeibaWeb/TodayRaceInfo/OddsUmLenFuku?k_babaCode=20&k_raceDate=2026%2F10%2F06&k_raceNo=10
2026-10-06 19:20:00,19:19,2026-10-06,oi,10,10,馬連,10-11,576.7,576.7,97,https://www.keiba.go.jp/KeibaWeb/TodayRaceInfo/OddsUmLenFuku?k_babaCode=20&k_raceDate=2026%2F10%2F06&k_raceNo=10
2026-10-06 19:20:00,19:19,2026-10-06,oi,10,10,馬連,10-13,597.8,597.8,100,https://www.keiba.go.jp/KeibaWeb/TodayRaceInfo/OddsUmLenFuku?k_babaCode=20&k_raceDate=2026%2F10%2F06&k_raceNo=10
2026-10-06 19:20:00,19:19,2026-10-06,oi,10,10,馬連,10-14,605.2,605.2,101,https://www.keiba.go.jp/KeibaWeb/TodayRaceInfo/OddsUmLenFuku?k_babaCode=20&k_raceDate=2026%2F10%2F06&k_raceNo=10
2026-10-06 19:20:00,19:19,2026-10-06,oi,10,10,馬連,11-14,653.6,653.6,103,https://www.keiba.go.jp/KeibaWeb/TodayRaceInfo/OddsUmLenFuku?k_babaCode=20&k_raceDate=2026%2F10%2F06&k_raceNo=10
2026-10-06 19:20:00,19:19,2026-10-06,oi,10,10,馬連,7-12,671.5,671.5,104,https://www.keiba.go.jp/KeibaWeb/TodayRaceInfo/OddsUmLenFuku?k_babaCode=20&k_raceDate=2026%2F10%2F06&k_raceNo=10
2026-10-06 19:20:00,19:19,2026-10-06,oi,10,10,馬連,3-14,742.7,742.7,106,https://www.keiba.go.jp/KeibaWeb/TodayRaceInfo/OddsUmLenFuku?k_babaCode=20&k_raceDate=2026%2F10%2F06&k_raceNo=10
2026-10-06 19:20:00,19:19,2026-10-06,oi,10,10,馬連,7-14,778.1,778.1,107,https://www.keiba.go.jp/KeibaWeb/TodayRaceInfo/OddsUmLenFuku?k_babaCode=20&k_raceDate=2026%2F10%2F06&k_raceNo=10
2026-10-06 19:20:00,19:19,2026-10-06,oi,10,10,馬連,7-11,790.7,790.7,108,https://www.keiba.go.jp/KeibaWeb/TodayRaceInfo/OddsUmLenFuku?k_babaCode=20&k_raceDate=2026%2F10%2F06&k_raceNo=10
2026-10-06 19:20:00,19:19,2026-10-06,oi,10,10,馬連,3-9,803.6,803.6,109,https://www.keiba.go.jp/KeibaWeb/TodayRaceInfo/OddsUmLenFuku?k_babaCode=20&k_raceDate=2026%2F10%2F06&k_raceNo=10
2026-10-06 19:20:00,19:19,2026-10-06,oi,10,10,馬連,7-10,860.0,860.0,110,https://www.keiba.go.jp/KeibaWeb/TodayRaceInfo/OddsUmLenFuku?k_babaCode=20&k_raceDate=2026%2F10%2F06&k_raceNo=10
2026-10-06 19:20:00,19:19,2026-10-06,oi,10,10,馬連,9-12,875.4,875.4,111,https://www.keiba.go.jp/KeibaWeb/TodayRaceInfo/OddsUmLenFuku?k_babaCode=20&k_raceDate=2026%2F10%2F06&k_raceNo=10
2026-10-06 19:20:00,19:19,2026-10-06,oi,10,10,馬連,9-10,924.9,924.9,112,https://www.keiba.go.jp/KeibaWeb/TodayRaceInfo/OddsUmLenFuku?k_babaCode=20&k_raceDate=2026%2F10%2F06&k_raceNo=10
2026-10-06 19:20:00,19:19,2026-10-06,oi,10,10,馬連,6-9,942.7,942.7,113,https://www.keiba.go.jp/KeibaWeb/TodayRaceInfo/OddsUmLenFuku?k_babaCode=20&k_raceDate=2026%2F10%2F06&k_raceNo=10
2026-10-06 19:20:00,19:19,2026-10-06,oi,10,10,馬連,5-9,961.2,961.2,114,https://www.keiba.go.jp/KeibaWeb/TodayRaceInfo/OddsUmLenFuku?k_babaCode=20&k_raceDate=2026%2F10%2F06&k_raceNo=10
2026-10-06 19:20:00,19:19,2026-10-06,oi,10,10,馬連,4-9,980.4,980.4,115,https://www.keiba.go.jp/KeibaWeb/TodayRaceInfo/OddsUmLenFuku?k_babaCode=20&k_raceDate=2026%2F10%2F06&k_raceNo=10
2026-10-06 19:20:00,19:19,2026-10-06,oi,10,10,馬連,9-11,980.4,980.4,115,https://www.keiba.go.jp/KeibaWeb/TodayRaceInfo/OddsUmLenFuku?k_babaCode=20&k_raceDate=2026%2F10%2F06&k_raceNo=10
2026-10-06 19:20:00,19:19,2026-10-06,oi,10,10,馬連,7-9,1065.7,1065.7,117,https://www.keiba.go.jp/KeibaWeb/TodayRaceInfo/OddsUmLenFuku?k_babaCode=20&k_raceDate=2026%2F10%2F06&k_raceNo=10
2026-10-06 19:20:00,19:19,2026-10-06,oi,10,10,馬連,9-13,1195.7,1195.7,118,https://www.keiba.go.jp/KeibaWeb/TodayRaceInfo/OddsUmLenFuku?k_babaCode=20&k_raceDate=2026%2F10%2F06&k_raceNo=10
2026-10-06 19:20:00,19:19,2026-10-06,oi,10,10,馬連,2-9,1257.0,1257.0,119,https://www.keiba.go.jp/KeibaWeb/TodayRaceInfo/OddsUmLenFuku?k_babaCode=20&k_raceDate=2026%2F10%2F06&k_raceNo=10
2026-10-06 19:20:00,19:19,2026-10-06,oi,10,10,馬連,9-14,2228.3,2228.3,120,https://www.keiba.go.jp/KeibaWeb/TodayRaceInfo/OddsUmLenFuku?k_babaCode=20&k_raceDate=2026%2F10%2F06&k_raceNo=10
2026-10-06 19:20:00,19:19,2026-10-06,oi,10,10,ワイド,8-16,2.1,2.2,1,https://www.keiba.go.jp/KeibaWeb/TodayRaceInfo/OddsWide?k_babaCode=20&k_raceDate=2026%2F10%2F06&k_raceNo=10
2026-10-06 19:20:00,19:19,2026-10-06,oi,10,10,ワイド,6-8,4.5,5.4,2,https://www.keiba.go.jp/KeibaWeb/TodayRaceInfo/OddsWide?k_babaCode=20&k_raceDate=2026%2F10%2F06&k_raceNo=10
2026-10-06 19:20:00,19:19,2026-10-06,oi,10,10,ワイド,6-16,4.8,5.7,3,https://www.keiba.go.jp/KeibaWeb/TodayRaceInfo/OddsWide?k_babaCode=20&k_raceDate=2026%2F10%2F06&k_raceNo=10
2026-10-06 19:20:00,19:19,2026-10-06,oi,10,10,ワイド,1-8,5.6,6.7,4,https://www.keiba.go.jp/KeibaWeb/TodayRaceInfo/OddsWide?k_babaCode=20&k_raceDate=2026%2F10%2F06&k_raceNo=10
2026-10-06 19:20:00,19:19,2026-10-06,oi,10,10,ワイド,1-16,6.6,8.0,5,https://www.keiba.go.jp/KeibaWeb/TodayRaceInfo/OddsWide?k_babaCode=20&k_raceDate=2026%2F10%2F06&k_raceNo=10
2026-10-06 19:20:00,19:19,2026-10-06,oi,10,10,ワイド,8-13,7.1,8.3,7,https://www.keiba.go.jp/KeibaWeb/TodayRaceInfo/OddsWide?k_babaCode=20&k_raceDate=2026%2F10%2F06&k_raceNo=10
2026-10-06 19:20:00,19:19,2026-10-06,oi,10,10,ワイド,4-8,8.0,9.4,9,https://www.keiba.go.jp/KeibaWeb/TodayRaceInfo/OddsWide?k_babaCode=20&k_raceDate=2026%2F10%2F06&k_raceNo=10
2026-10-06 19:20:00,19:19,2026-10-06,oi,10,10,ワイド,2-8,10.6,12.4,10,https://www.keiba.go.jp/KeibaWeb/TodayRaceInfo/OddsWide?k_babaCode=20&k_raceDate=2026%2F10%2F06&k_raceNo=10
2026-10-06 19:20:00,19:19,2026-10-06,oi,10,10,ワイド,13-16,10.6,12.6,11,https://www.keiba.go.jp/KeibaWeb/TodayRaceInfo/OddsWide?k_babaCode=20&k_raceDate=2026%2F10%2F06&k_raceNo=10
2026-10-06 19:20:00,19:19,2026-10-06,oi,10,10,ワイド,4-16,10.7,12.7,12,https://www.keiba.go.jp/KeibaWeb/TodayRaceInfo/OddsWide?k_babaCode=20&k_raceDate=2026%2F10%2F06&k_raceNo=10
2026-10-06 19:20:00,19:19,2026-10-06,oi,10,10,ワイド,3-8,11.4,13.3,13,https://www.keiba.go.jp/KeibaWeb/TodayRaceInfo/OddsWide?k_babaCode=20&k_raceDate=2026%2F10%2F06&k_raceNo=10
2026-10-06 19:20:00,19:19,2026-10-06,oi,10,10,ワイド,5-16,13.6,15.9,14,https://www.keiba.go.jp/KeibaWeb/TodayRaceInfo/OddsWide?k_babaCode=20&k_raceDate=2026%2F10%2F06&k_raceNo=10
2026-10-06 19:20:00,19:19,2026-10-06,oi,10,10,ワイド,1-6,13.7,15.0,15,https://www.keiba.go.jp/KeibaWeb/TodayRaceInfo/OddsWide?k_babaCode=20&k_raceDate=2026%2F10%2F06&k_raceNo=10
2026-10-06 19:20:00,19:19,2026-10-06,oi,10,10,ワイド,5-8,13.7,16.0,16,https://www.keiba.go.jp/KeibaWeb/TodayRaceInfo/OddsWide?k_babaCode=20&k_raceDate=2026%2F10%2F06&k_raceNo=10
2026-10-06 19:20:00,19:19,2026-10-06,oi,10,10,ワイド,2-16,13.9,16.4,17,https://www.keiba.go.jp/KeibaWeb/TodayRaceInfo/OddsWide?k_babaCode=20&k_raceDate=2026%2F10%2F06&k_raceNo=10
2026-10-06 19:20:00,19:19,2026-10-06,oi,10,10,ワイド,4-6,14.1,15.2,18,https://www.keiba.go.jp/KeibaWeb/TodayRaceInfo/OddsWide?k_babaCode=20&k_raceDate=2026%2F10%2F06&k_raceNo=10
2026-10-06 19:20:00,19:19,2026-10-06,oi,10,10,ワイド,8-11,14.4,16.8,19,https://www.keiba.go.jp/KeibaWeb/TodayRaceInfo/OddsWide?k_babaCode=20&k_raceDate=2026%2F10%2F06&k_raceNo=10
2026-10-06 19:20:00,19:19,2026-10-06,oi,10,10,ワイド,2-6,15.1,16.2,20,https://www.keiba.go.jp/KeibaWeb/TodayRaceInfo/OddsWide?k_babaCode=20&k_raceDate=2026%2F10%2F06&k_raceNo=10
2026-10-06 19:20:00,19:19,2026-10-06,oi,10,10,ワイド,8-12,15.8,18.4,21,https://www.keiba.go.jp/KeibaWeb/TodayRaceInfo/OddsWide?k_babaCode=20&k_raceDate=2026%2F10%2F06&k_raceNo=10
2026-10-06 19:20:00,19:19,2026-10-06,oi,10,10,ワイド,6-13,16.9,18.4,22,https://www.keiba.go.jp/KeibaWeb/TodayRaceInfo/OddsWide?k_babaCode=20&k_raceDate=2026%2F10%2F06&k_raceNo=10
2026-10-06 19:20:00,19:19,2026-10-06,oi,10,10,ワイド,3-16,17.1,20.1,23,https://www.keiba.go.jp/KeibaWeb/TodayRaceInfo/OddsWide?k_babaCode=20&k_raceDate=2026%2F10%2F06&k_raceNo=10
2026-10-06 19:20:00,19:19,2026-10-06,oi,10,10,ワイド,3-6,18.4,19.7,24,https://www.keiba.go.jp/KeibaWeb/TodayRaceInfo/OddsWide?k_babaCode=20&k_raceDate=2026%2F10%2F06&k_raceNo=10
2026-10-06 19:20:00,19:19,2026-10-06,oi,10,10,ワイド,1-4,18.8,20.1,25,https://www.keiba.go.jp/KeibaWeb/TodayRaceInfo/OddsWide?k_babaCode=20&k_raceDate=2026%2F10%2F06&k_raceNo=10
2026-10-06 19:20:00,19:19,2026-10-06,oi,10,10,ワイド,4-5,18.9,19.7,26,https://www.keiba.go.jp/KeibaWeb/TodayRaceInfo/OddsWide?k_babaCode=20&k_raceDate=2026%2F10%2F06&k_raceNo=10
2026-10-06 19:20:00,19:19,2026-10-06,oi,10,10,ワイド,12-16,19.1,22.4,27,https://www.keiba.go.jp/KeibaWeb/TodayRaceInfo/OddsWide?k_babaCode=20&k_raceDate=2026%2F10%2F06&k_raceNo=10
2026-10-06 19:20:00,19:19,2026-10-06,oi,10,10,ワイド,4-13,21.3,22.6,28,https://www.keiba.go.jp/KeibaWeb/TodayRaceInfo/OddsWide?k_babaCode=20&k_raceDate=2026%2F10%2F06&k_raceNo=10
2026-10-06 19:20:00,19:19,2026-10-06,oi,10,10,ワイド,11-16,21.3,25.0,29,https://www.keiba.go.jp/KeibaWeb/TodayRaceInfo/OddsWide?k_babaCode=20&k_raceDate=2026%2F10%2F06&k_raceNo=10
2026-10-06 19:20:00,19:19,2026-10-06,oi,10,10,ワイド,5-6,21.4,22.8,30,https://www.keiba.go.jp/KeibaWeb/TodayRaceInfo/OddsWide?k_babaCode=20&k_raceDate=2026%2F10%2F06&k_raceNo=10
2026-10-06 19:20:00,19:19,2026-10-06,oi,10,10,ワイド,2-4,23.0,24.1,32,https://www.keiba.go.jp/KeibaWeb/TodayRaceInfo/OddsWide?k_babaCode=20&k_raceDate=2026%2F10%2F06&k_raceNo=10
2026-10-06 19:20:00,19:19,2026-10-06,oi,10,10,ワイド,8-10,25.1,29.3,34,https://www.keiba.go.jp/KeibaWeb/TodayRaceInfo/OddsWide?k_babaCode=20&k_raceDate=2026%2F10%2F06&k_raceNo=10
2026-10-06 19:20:00,19:19,2026-10-06,oi,10,10,ワイド,1-2,26.3,27.8,35,https://www.keiba.go.jp/KeibaWeb/TodayRaceInfo/OddsWide?k_babaCode=20&k_raceDate=2026%2F10%2F06&k_raceNo=10
2026-10-06 19:20:00,19:19,2026-10-06,oi,10,10,ワイド,1-5,26.4,27.9,36,https://www.keiba.go.jp/KeibaWeb/TodayRaceInfo/OddsWide?k_babaCode=20&k_raceDate=2026%2F10%2F06&k_raceNo=10
2026-10-06 19:20:00,19:19,2026-10-06,oi,10,10,ワイド,1-13,27.2,29.2,37,https://www.keiba.go.jp/KeibaWeb/TodayRaceInfo/OddsWide?k_babaCode=20&k_raceDate=2026%2F10%2F06&k_raceNo=10
2026-10-06 19:20:00,19:19,2026-10-06,oi,10,10,ワイド,7-8,27.2,31.6,38,https://www.keiba.go.jp/KeibaWeb/TodayRaceInfo/OddsWide?k_babaCode=20&k_raceDate=2026%2F10%2F06&k_raceNo=10
2026-10-06 19:20:00,19:19,2026-10-06,oi,10,10,ワイド,10-16,27.5,32.0,40,https://www.keiba.go.jp/KeibaWeb/TodayRaceInfo/OddsWide?k_babaCode=20&k_raceDate=2026%2F10%2F06&k_raceNo=10
2026-10-06 19:20:00,19:19,2026-10-06,oi,10,10,ワイド,1-3,27.8,29.4,41,https://www.keiba.go.jp/KeibaWeb/TodayRaceInfo/OddsWide?k_babaCode=20&k_raceDate=2026%2F10%2F06&k_raceNo=10
2026-10-06 19:20:00,19:19,2026-10-06,oi,10,10,ワイド,6-12,29.4,31.3,44,https://www.keiba.go.jp/KeibaWeb/TodayRaceInfo/OddsWide?k_babaCode=20&k_raceDate=2026%2F10%2F06&k_raceNo=10
2026-10-06 19:20:00,19:19,2026-10-06,oi,10,10,ワイド,2-13,31.1,32.7,45,https://www.keiba.go.jp/KeibaWeb/TodayRaceInfo/OddsWide?k_babaCode=20&k_raceDate=2026%2F10%2F06&k_raceNo=10
2026-10-06 19:20:00,19:19,2026-10-06,oi,10,10,ワイド,3-4,32.2,33.7,46,https://www.keiba.go.jp/KeibaWeb/TodayRaceInfo/OddsWide?k_babaCode=20&k_raceDate=2026%2F10%2F06&k_raceNo=10
2026-10-06 19:20:00,19:19,2026-10-06,oi,10,10,ワイド,14-16,32.2,37.4,47,https://www.keiba.go.jp/KeibaWeb/TodayRaceInfo/OddsWide?k_babaCode=20&k_raceDate=2026%2F10%2F06&k_raceNo=10
2026-10-06 19:20:00,19:19,2026-10-06,oi,10,10,ワイド,2-3,32.7,34.0,48,https://www.keiba.go.jp/KeibaWeb/TodayRaceInfo/OddsWide?k_babaCode=20&k_raceDate=2026%2F10%2F06&k_raceNo=10
2026-10-06 19:20:00,19:19,2026-10-06,oi,10,10,ワイド,5-13,33.8,35.4,49,https://www.keiba.go.jp/KeibaWeb/TodayRaceInfo/OddsWide?k_babaCode=20&k_raceDate=2026%2F10%2F06&k_raceNo=10
2026-10-06 19:20:00,19:19,2026-10-06,oi,10,10,ワイド,4-11,36.8,38.3,50,https://www.keiba.go.jp/KeibaWeb/TodayRaceInfo/OddsWide?k_babaCode=20&k_raceDate=2026%2F10%2F06&k_raceNo=10
2026-10-06 19:20:00,19:19,2026-10-06,oi,10,10,ワイド,6-11,36.8,39.2,51,https://www.keiba.go.jp/KeibaWeb/TodayRaceInfo/OddsWide?k_babaCode=20&k_raceDate=2026%2F10%2F06&k_raceNo=10
2026-10-06 19:20:00,19:19,2026-10-06,oi,10,10,ワイド,3-5,38.0,39.3,52,https://www.keiba.go.jp/KeibaWeb/TodayRaceInfo/OddsWide?k_babaCode=20&k_raceDate=2026%2F10%2F06&k_raceNo=10
2026-10-06 19:20:00,19:19,2026-10-06,oi,10,10,ワイド,1-11,38.1,40.2,53,https://www.keiba.go.jp/KeibaWeb/TodayRaceInfo/OddsWide?k_babaCode=20&k_raceDate=2026%2F10%2F06&k_raceNo=10
2026-10-06 19:20:00,19:19,2026-10-06,oi,10,10,ワイド,8-14,38.5,44.8,54,https://www.keiba.go.jp/KeibaWeb/TodayRaceInfo/OddsWide?k_babaCode=20&k_raceDate=2026%2F10%2F06&k_raceNo=10
2026-10-06 19:20:00,19:19,2026-10-06,oi,10,10,ワイド,2-11,39.3,40.6,55,https://www.keiba.go.jp/KeibaWeb/TodayRaceInfo/OddsWide?k_babaCode=20&k_raceDate=2026%2F10%2F06&k_raceNo=10
2026-10-06 19:20:00,19:19,2026-10-06,oi,10,10,ワイド,7-16,40.3,47.0,56,https://www.keiba.go.jp/KeibaWeb/TodayRaceInfo/OddsWide?k_babaCode=20&k_raceDate=2026%2F10%2F06&k_raceNo=10
2026-10-06 19:20:00,19:19,2026-10-06,oi,10,10,ワイド,2-5,40.9,42.3,57,https://www.keiba.go.jp/KeibaWeb/TodayRaceInfo/OddsWide?k_babaCode=20&k_raceDate=2026%2F10%2F06&k_raceNo=10
2026-10-06 19:20:00,19:19,2026-10-06,oi,10,10,ワイド,6-10,44.9,47.5,58,https://www.keiba.go.jp/KeibaWeb/TodayRaceInfo/OddsWide?k_babaCode=20&k_raceDate=2026%2F10%2F06&k_raceNo=10
2026-10-06 19:20:00,19:19,2026-10-06,oi,10,10,ワイド,11-13,45.2,47.3,59,https://www.keiba.go.jp/KeibaWeb/TodayRaceInfo/OddsWide?k_babaCode=20&k_raceDate=2026%2F10%2F06&k_raceNo=10
2026-10-06 19:20:00,19:19,2026-10-06,oi,10,10,ワイド,5-11,45.4,46.8,60,https://www.keiba.go.jp/KeibaWeb/TodayRaceInfo/OddsWide?k_babaCode=20&k_raceDate=2026%2F10%2F06&k_raceNo=10
2026-10-06 19:20:00,19:19,2026-10-06,oi,10,10,ワイド,3-13,45.9,48.2,61,https://www.keiba.go.jp/KeibaWeb/TodayRaceInfo/OddsWide?k_babaCode=20&k_raceDate=2026%2F10%2F06&k_raceNo=10
2026-10-06 19:20:00,19:19,2026-10-06,oi,10,10,ワイド,1-12,48.7,51.3,62,https://www.keiba.go.jp/KeibaWeb/TodayRaceInfo/OddsWide?k_babaCode=20&k_raceDate=2026%2F10%2F06&k_raceNo=10
2026-10-06 19:20:00,19:19,2026-10-06,oi,10,10,ワイド,12-13,55.2,57.7,66,https://www.keiba.go.jp/KeibaWeb/TodayRaceInfo/OddsWide?k_babaCode=20&k_raceDate=2026%2F10%2F06&k_raceNo=10
2026-10-06 19:20:00,19:19,2026-10-06,oi,10,10,ワイド,4-12,56.0,58.3,67,https://www.keiba.go.jp/KeibaWeb/TodayRaceInfo/OddsWide?k_babaCode=20&k_raceDate=2026%2F10%2F06&k_raceNo=10
2026-10-06 19:20:00,19:19,2026-10-06,oi,10,10,ワイド,13-14,56.6,58.6,68,https://www.keiba.go.jp/KeibaWeb/TodayRaceInfo/OddsWide?k_babaCode=20&k_raceDate=2026%2F10%2F06&k_raceNo=10
2026-10-06 19:20:00,19:19,2026-10-06,oi,10,10,ワイド,1-10,58.4,61.3,69,https://www.keiba.go.jp/KeibaWeb/TodayRaceInfo/OddsWide?k_babaCode=20&k_raceDate=2026%2F10%2F06&k_raceNo=10
2026-10-06 19:20:00,19:19,2026-10-06,oi,10,10,ワイド,4-10,58.9,60.9,70,https://www.keiba.go.jp/KeibaWeb/TodayRaceInfo/OddsWide?k_babaCode=20&k_raceDate=2026%2F10%2F06&k_raceNo=10
2026-10-06 19:20:00,19:19,2026-10-06,oi,10,10,ワイド,1-7,59.7,62.5,72,https://www.keiba.go.jp/KeibaWeb/TodayRaceInfo/OddsWide?k_babaCode=20&k_raceDate=2026%2F10%2F06&k_raceNo=10
2026-10-06 19:20:00,19:19,2026-10-06,oi,10,10,ワイド,3-11,63.2,65.3,73,https://www.keiba.go.jp/KeibaWeb/TodayRaceInfo/OddsWide?k_babaCode=20&k_raceDate=2026%2F10%2F06&k_raceNo=10
2026-10-06 19:20:00,19:19,2026-10-06,oi,10,10,ワイド,6-14,64.4,68.0,74,https://www.keiba.go.jp/KeibaWeb/TodayRaceInfo/OddsWide?k_babaCode=20&k_raceDate=2026%2F10%2F06&k_raceNo=10
2026-10-06 19:20:00,19:19,2026-10-06,oi,10,10,ワイド,1-14,64.6,67.6,75,https://www.keiba.go.jp/KeibaWeb/TodayRaceInfo/OddsWide?k_babaCode=20&k_raceDate=2026%2F10%2F06&k_raceNo=10
2026-10-06 19:20:00,19:19,2026-10-06,oi,10,10,ワイド,3-10,69.5,71.3,76,https://www.keiba.go.jp/KeibaWeb/TodayRaceInfo/OddsWide?k_babaCode=20&k_raceDate=2026%2F10%2F06&k_raceNo=10
2026-10-06 19:20:00,19:19,2026-10-06,oi,10,10,ワイド,2-12,69.5,71.8,77,https://www.keiba.go.jp/KeibaWeb/TodayRaceInfo/OddsWide?k_babaCode=20&k_raceDate=2026%2F10%2F06&k_raceNo=10
2026-10-06 19:20:00,19:19,2026-10-06,oi,10,10,ワイド,9-16,70.5,81.5,78,https://www.keiba.go.jp/KeibaWeb/TodayRaceInfo/OddsWide?k_babaCode=20&k_raceDate=2026%2F10%2F06&k_raceNo=10
2026-10-06 19:20:00,19:19,2026-10-06,oi,10,10,ワイド,11-12,71.3,73.3,79,https://www.keiba.go.jp/KeibaWeb/TodayRaceInfo/OddsWide?k_babaCode=20&k_raceDate=2026%2F10%2F06&k_raceNo=10
2026-10-06 19:20:00,19:19,2026-10-06,oi,10,10,ワイド,8-9,71.5,82.8,80,https://www.keiba.go.jp/KeibaWeb/TodayRaceInfo/OddsWide?k_babaCode=20&k_raceDate=2026%2F10%2F06&k_raceNo=10
2026-10-06 19:20:00,19:19,2026-10-06,oi,10,10,ワイド,6-7,75.0,79.4,82,https://www.keiba.go.jp/KeibaWeb/TodayRaceInfo/OddsWide?k_babaCode=20&k_raceDate=2026%2F10%2F06&k_raceNo=10
2026-10-06 19:20:00,19:19,2026-10-06,oi,10,10,ワイド,10-11,76.1,77.8,83,https://www.keiba.go.jp/KeibaWeb/TodayRaceInfo/OddsWide?k_babaCode=20&k_raceDate=2026%2F10%2F06&k_raceNo=10
2026-10-06 19:20:00,19:19,2026-10-06,oi,10,10,ワイド,5-7,76.3,78.0,84,https://www.keiba.go.jp/KeibaWeb/TodayRaceInfo/OddsWide?k_babaCode=20&k_raceDate=2026%2F10%2F06&k_raceNo=10
2026-10-06 19:20:00,19:19,2026-10-06,oi,10,10,ワイド,5-12,76.4,78.6,85,https://www.keiba.go.jp/KeibaWeb/TodayRaceInfo/OddsWide?k_babaCode=20&k_raceDate=2026%2F10%2F06&k_raceNo=10
2026-10-06 19:20:00,19:19,2026-10-06,oi,10,10,ワイド,10-13,77.3,80.3,87,https://www.keiba.go.jp/KeibaWeb/TodayRaceInfo/OddsWide?k_babaCode=20&k_raceDate=2026%2F10%2F06&k_raceNo=10
2026-10-06 19:20:00,19:19,2026-10-06,oi,10,10,ワイド,2-14,82.0,84.1,88,https://www.keiba.go.jp/KeibaWeb/TodayRaceInfo/OddsWide?k_babaCode=20&k_raceDate=2026%2F10%2F06&k_raceNo=10
2026-10-06 19:20:00,19:19,2026-10-06,oi,10,10,ワイド,3-12,83.4,86.1,89,https://www.keiba.go.jp/KeibaWeb/TodayRaceInfo/OddsWide?k_babaCode=20&k_raceDate=2026%2F10%2F06&k_raceNo=10
2026-10-06 19:20:00,19:19,2026-10-06,oi,10,10,ワイド,4-7,86.3,89.3,90,https://www.keiba.go.jp/KeibaWeb/TodayRaceInfo/OddsWide?k_babaCode=20&k_raceDate=2026%2F10%2F06&k_raceNo=10
2026-10-06 19:20:00,19:19,2026-10-06,oi,10,10,ワイド,5-10,88.0,90.0,91,https://www.keiba.go.jp/KeibaWeb/TodayRaceInfo/OddsWide?k_babaCode=20&k_raceDate=2026%2F10%2F06&k_raceNo=10
2026-10-06 19:20:00,19:19,2026-10-06,oi,10,10,ワイド,2-10,88.3,90.8,92,https://www.keiba.go.jp/KeibaWeb/TodayRaceInfo/OddsWide?k_babaCode=20&k_raceDate=2026%2F10%2F06&k_raceNo=10
2026-10-06 19:20:00,19:19,2026-10-06,oi,10,10,ワイド,3-7,90.0,92.3,93,https://www.keiba.go.jp/KeibaWeb/TodayRaceInfo/OddsWide?k_babaCode=20&k_raceDate=2026%2F10%2F06&k_raceNo=10
2026-10-06 19:20:00,19:19,2026-10-06,oi,10,10,ワイド,4-14,90.6,93.5,94,https://www.keiba.go.jp/KeibaWeb/TodayRaceInfo/OddsWide?k_babaCode=20&k_raceDate=2026%2F10%2F06&k_raceNo=10
2026-10-06 19:20:00,19:19,2026-10-06,oi,10,10,ワイド,7-13,95.4,99.1,96,https://www.keiba.go.jp/KeibaWeb/TodayRaceInfo/OddsWide?k_babaCode=20&k_raceDate=2026%2F10%2F06&k_raceNo=10
2026-10-06 19:20:00,19:19,2026-10-06,oi,10,10,ワイド,2-7,101.6,104.4,97,https://www.keiba.go.jp/KeibaWeb/TodayRaceInfo/OddsWide?k_babaCode=20&k_raceDate=2026%2F10%2F06&k_raceNo=10
2026-10-06 19:20:00,19:19,2026-10-06,oi,10,10,ワイド,3-14,102.0,104.4,98,https://www.keiba.go.jp/KeibaWeb/TodayRaceInfo/OddsWide?k_babaCode=20&k_raceDate=2026%2F10%2F06&k_raceNo=10
2026-10-06 19:20:00,19:19,2026-10-06,oi,10,10,ワイド,12-14,108.9,110.9,99,https://www.keiba.go.jp/KeibaWeb/TodayRaceInfo/OddsWide?k_babaCode=20&k_raceDate=2026%2F10%2F06&k_raceNo=10
2026-10-06 19:20:00,19:19,2026-10-06,oi,10,10,ワイド,10-12,118.9,121.5,100,https://www.keiba.go.jp/KeibaWeb/TodayRaceInfo/OddsWide?k_babaCode=20&k_raceDate=2026%2F10%2F06&k_raceNo=10
2026-10-06 19:20:00,19:19,2026-10-06,oi,10,10,ワイド,10-14,125.6,127.2,101,https://www.keiba.go.jp/KeibaWeb/TodayRaceInfo/OddsWide?k_babaCode=20&k_raceDate=2026%2F10%2F06&k_raceNo=10
2026-10-06 19:20:00,19:19,2026-10-06,oi,10,10,ワイド,5-14,127.5,130.2,102,https://www.keiba.go.jp/KeibaWeb/TodayRaceInfo/OddsWide?k_babaCode=20&k_raceDate=2026%2F10%2F06&k_raceNo=10
2026-10-06 19:20:00,19:19,2026-10-06,oi,10,10,ワイド,7-12,135.9,138.6,103,https://www.keiba.go.jp/KeibaWeb/TodayRaceInfo/OddsWide?k_babaCode=20&k_raceDate=2026%2F10%2F06&k_raceNo=10
2026-10-06 19:20:00,19:19,2026-10-06,oi,10,10,ワイド,6-9,147.7,155.3,104,https://www.keiba.go.jp/KeibaWeb/TodayRaceInfo/OddsWide?k_babaCode=20&k_raceDate=2026%2F10%2F06&k_raceNo=10
2026-10-06 19:20:00,19:19,2026-10-06,oi,10,10,ワイド,11-14,171.3,174.6,106,https://www.keiba.go.jp/KeibaWeb/TodayRaceInfo/OddsWide?k_babaCode=20&k_raceDate=2026%2F10%2F06&k_raceNo=10
2026-10-06 19:20:00,19:19,2026-10-06,oi,10,10,ワイド,9-13,171.6,177.1,107,https://www.keiba.go.jp/KeibaWeb/TodayRaceInfo/OddsWide?k_babaCode=20&k_raceDate=2026%2F10%2F06&k_raceNo=10
2026-10-06 19:20:00,19:19,2026-10-06,oi,10,10,ワイド,1-9,176.0,183.0,108,https://www.keiba.go.jp/KeibaWeb/TodayRaceInfo/OddsWide?k_babaCode=20&k_raceDate=2026%2F10%2F06&k_raceNo=10
2026-10-06 19:20:00,19:19,2026-10-06,oi,10,10,ワイド,7-10,177.8,180.4,109,https://www.keiba.go.jp/KeibaWeb/TodayRaceInfo/OddsWide?k_babaCode=20&k_raceDate=2026%2F10%2F06&k_raceNo=10
2026-10-06 19:20:00,19:19,2026-10-06,oi,10,10,ワイド,7-11,181.1,185.0,110,https://www.keiba.go.jp/KeibaWeb/TodayRaceInfo/OddsWide?k_babaCode=20&k_raceDate=2026%2F10%2F06&k_raceNo=10
2026-10-06 19:20:00,19:19,2026-10-06,oi,10,10,ワイド,4-9,181.3,186.4,111,https://www.keiba.go.jp/KeibaWeb/TodayRaceInfo/OddsWide?k_babaCode=20&k_raceDate=2026%2F10%2F06&k_raceNo=10
2026-10-06 19:20:00,19:19,2026-10-06,oi,10,10,ワイド,3-9,187.7,191.4,112,https://www.keiba.go.jp/KeibaWeb/TodayRaceInfo/OddsWide?k_babaCode=20&k_raceDate=2026%2F10%2F06&k_raceNo=10
2026-10-06 19:20:00,19:19,2026-10-06,oi,10,10,ワイド,2-9,190.8,194.8,113,https://www.keiba.go.jp/KeibaWeb/TodayRaceInfo/OddsWide?k_babaCode=20&k_raceDate=2026%2F10%2F06&k_raceNo=10
2026-10-06 19:20:00,19:19,2026-10-06,oi,10,10,ワイド,7-14,198.2,200.6,114,https://www.keiba.go.jp/KeibaWeb/TodayRaceInfo/OddsWide?k_babaCode=20&k_raceDate=2026%2F10%2F06&k_raceNo=10
2026-10-06 19:20:00,19:19,2026-10-06,oi,10,10,ワイド,5-9,206.8,210.3,115,https://www.keiba.go.jp/KeibaWeb/TodayRaceInfo/OddsWide?k_babaCode=20&k_raceDate=2026%2F10%2F06&k_raceNo=10
2026-10-06 19:20:00,19:19,2026-10-06,oi,10,10,ワイド,7-9,228.6,230.7,116,https://www.keiba.go.jp/KeibaWeb/TodayRaceInfo/OddsWide?k_babaCode=20&k_raceDate=2026%2F10%2F06&k_raceNo=10
2026-10-06 19:20:00,19:19,2026-10-06,oi,10,10,ワイド,9-11,229.4,233.2,117,https://www.keiba.go.jp/KeibaWeb/TodayRaceInfo/OddsWide?k_babaCode=20&k_raceDate=2026%2F10%2F06&k_raceNo=10
2026-10-06 19:20:00,19:19,2026-10-06,oi,10,10,ワイド,9-10,295.0,297.7,118,https://www.keiba.go.jp/KeibaWeb/TodayRaceInfo/OddsWide?k_babaCode=20&k_raceDate=2026%2F10%2F06&k_raceNo=10
2026-10-06 19:20:00,19:19,2026-10-06,oi,10,10,ワイド,9-14,354.5,357.2,119,https://www.keiba.go.jp/KeibaWeb/TodayRaceInfo/OddsWide?k_babaCode=20&k_raceDate=2026%2F10%2F06&k_raceNo=10
2026-10-06 19:20:00,19:19,2026-10-06,oi,10,10,ワイド,9-12,377.1,382.5,120,https://www.keiba.go.jp/KeibaWeb/TodayRaceInfo/OddsWide?k_babaCode=20&k_raceDate=2026%2F10%2F06&k_raceNo=10
2026-10-06 19:20:00,19:19,2026-10-06,oi,10,10,三連複,6-8-16,12.7,12.7,1,https://www.keiba.go.jp/KeibaWeb/TodayRaceInfo/Odds3LenFuku?k_babaCode=20&k_raceDate=2026%2F10%2F06&k_raceNo=10
2026-10-06 19:20:00,19:19,2026-10-06,oi,10,10,三連複,1-8-16,12.7,12.7,2,https://www.keiba.go.jp/KeibaWeb/TodayRaceInfo/Odds3LenFuku?k_babaCode=20&k_raceDate=2026%2F10%2F06&k_raceNo=10
2026-10-06 19:20:00,19:19,2026-10-06,oi,10,10,三連複,4-8-16,19.1,19.1,4,https://www.keiba.go.jp/KeibaWeb/TodayRaceInfo/Odds3LenFuku?k_babaCode=20&k_raceDate=2026%2F10%2F06&k_raceNo=10
2026-10-06 19:20:00,19:19,2026-10-06,oi,10,10,三連複,8-13-16,26.5,26.5,5,https://www.keiba.go.jp/KeibaWeb/TodayRaceInfo/Odds3LenFuku?k_babaCode=20&k_raceDate=2026%2F10%2F06&k_raceNo=10
2026-10-06 19:20:00,19:19,2026-10-06,oi,10,10,三連複,3-8-16,27.6,27.6,6,https://www.keiba.go.jp/KeibaWeb/TodayRaceInfo/Odds3LenFuku?k_babaCode=20&k_raceDate=2026%2F10%2F06&k_raceNo=10
2026-10-06 19:20:00,19:19,2026-10-06,oi,10,10,三連複,5-8-16,29.0,29.0,7,https://www.keiba.go.jp/KeibaWeb/TodayRaceInfo/Odds3LenFuku?k_babaCode=20&k_raceDate=2026%2F10%2F06&k_raceNo=10
2026-10-06 19:20:00,19:19,2026-10-06,oi,10,10,三連複,2-8-16,30.4,30.4,8,https://www.keiba.go.jp/KeibaWeb/TodayRaceInfo/Odds3LenFuku?k_babaCode=20&k_raceDate=2026%2F10%2F06&k_raceNo=10
2026-10-06 19:20:00,19:19,2026-10-06,oi,10,10,三連複,1-6-8,39.8,39.8,9,https://www.keiba.go.jp/KeibaWeb/TodayRaceInfo/Odds3LenFuku?k_babaCode=20&k_raceDate=2026%2F10%2F06&k_raceNo=10
2026-10-06 19:20:00,19:19,2026-10-06,oi,10,10,三連複,1-6-16,41.1,41.1,10,https://www.keiba.go.jp/KeibaWeb/TodayRaceInfo/Odds3LenFuku?k_babaCode=20&k_raceDate=2026%2F10%2F06&k_raceNo=10
2026-10-06 19:20:00,19:19,2026-10-06,oi,10,10,三連複,8-12-16,42.6,42.6,11,https://www.keiba.go.jp/KeibaWeb/TodayRaceInfo/Odds3LenFuku?k_babaCode=20&k_raceDate=2026%2F10%2F06&k_raceNo=10
2026-10-06 19:20:00,19:19,2026-10-06,oi,10,10,三連複,4-6-8,49.1,49.1,13,https://www.keiba.go.jp/KeibaWeb/TodayRaceInfo/Odds3LenFuku?k_babaCode=20&k_raceDate=2026%2F10%2F06&k_raceNo=10
2026-10-06 19:20:00,19:19,2026-10-06,oi,10,10,三連複,8-11-16,51.5,51.5,14,https://www.keiba.go.jp/KeibaWeb/TodayRaceInfo/Odds3LenFuku?k_babaCode=20&k_raceDate=2026%2F10%2F06&k_raceNo=10
2026-10-06 19:20:00,19:19,2026-10-06,oi,10,10,三連複,1-4-8,54.9,54.9,17,https://www.keiba.go.jp/KeibaWeb/TodayRaceInfo/Odds3LenFuku?k_babaCode=20&k_raceDate=2026%2F10%2F06&k_raceNo=10
2026-10-06 19:20:00,19:19,2026-10-06,oi,10,10,三連複,4-6-16,58.8,58.8,18,https://www.keiba.go.jp/KeibaWeb/TodayRaceInfo/Odds3LenFuku?k_babaCode=20&k_raceDate=2026%2F10%2F06&k_raceNo=10
2026-10-06 19:20:00,19:19,2026-10-06,oi,10,10,三連複,6-8-13,64.3,64.3,20,https://www.keiba.go.jp/KeibaWeb/TodayRaceInfo/Odds3LenFuku?k_babaCode=20&k_raceDate=2026%2F10%2F06&k_raceNo=10
2026-10-06 19:20:00,19:19,2026-10-06,oi,10,10,三連複,1-4-16,65.1,65.1,21,https://www.keiba.go.jp/KeibaWeb/TodayRaceInfo/Odds3LenFuku?k_babaCode=20&k_raceDate=2026%2F10%2F06&k_raceNo=10
2026-10-06 19:20:00,19:19,2026-10-06,oi,10,10,三連複,3-6-8,67.7,67.7,22,https://www.keiba.go.jp/KeibaWeb/TodayRaceInfo/Odds3LenFuku?k_babaCode=20&k_raceDate=2026%2F10%2F06&k_raceNo=10
2026-10-06 19:20:00,19:19,2026-10-06,oi,10,10,三連複,8-10-16,68.1,68.1,23,https://www.keiba.go.jp/KeibaWeb/TodayRaceInfo/Odds3LenFuku?k_babaCode=20&k_raceDate=2026%2F10%2F06&k_raceNo=10
2026-10-06 19:20:00,19:19,2026-10-06,oi,10,10,三連複,2-6-8,69.0,69.0,24,https://www.keiba.go.jp/KeibaWeb/TodayRaceInfo/Odds3LenFuku?k_babaCode=20&k_raceDate=2026%2F10%2F06&k_raceNo=10
2026-10-06 19:20:00,19:19,2026-10-06,oi,10,10,三連複,6-13-16,73.7,73.7,25,https://www.keiba.go.jp/KeibaWeb/TodayRaceInfo/Odds3LenFuku?k_babaCode=20&k_raceDate=2026%2F10%2F06&k_raceNo=10
2026-10-06 19:20:00,19:19,2026-10-06,oi,10,10,三連複,1-8-13,77.0,77.0,26,https://www.keiba.go.jp/KeibaWeb/TodayRaceInfo/Odds3LenFuku?k_babaCode=20&k_raceDate=2026%2F10%2F06&k_raceNo=10
2026-10-06 19:20:00,19:19,2026-10-06,oi,10,10,三連複,1-13-16,77.8,77.8,27,https://www.keiba.go.jp/KeibaWeb/TodayRaceInfo/Odds3LenFuku?k_babaCode=20&k_raceDate=2026%2F10%2F06&k_raceNo=10
2026-10-06 19:20:00,19:19,2026-10-06,oi,10,10,三連複,8-14-16,78.9,78.9,28,https://www.keiba.go.jp/KeibaWeb/TodayRaceInfo/Odds3LenFuku?k_babaCode=20&k_raceDate=2026%2F10%2F06&k_raceNo=10
2026-10-06 19:20:00,19:19,2026-10-06,oi,10,10,三連複,5-6-8,83.3,83.3,31,https://www.keiba.go.jp/KeibaWeb/TodayRaceInfo/Odds3LenFuku?k_babaCode=20&k_raceDate=2026%2F10%2F06&k_raceNo=10
2026-10-06 19:20:00,19:19,2026-10-06,oi,10,10,三連複,1-5-8,87.5,87.5,32,https://www.keiba.go.jp/KeibaWeb/TodayRaceInfo/Odds3LenFuku?k_babaCode=20&k_raceDate=2026%2F10%2F06&k_raceNo=10
2026-10-06 19:20:00,19:19,2026-10-06,oi,10,10,三連複,1-3-8,91.9,91.9,34,https://www.keiba.go.jp/KeibaWeb/TodayRaceInfo/Odds3LenFuku?k_babaCode=20&k_raceDate=2026%2F10%2F06&k_raceNo=10
2026-10-06 19:20:00,19:19,2026-10-06,oi,10,10,三連複,5-6-16,94.6,94.6,36,https://www.keiba.go.jp/KeibaWeb/TodayRaceInfo/Odds3LenFuku?k_babaCode=20&k_raceDate=2026%2F10%2F06&k_raceNo=10
2026-10-06 19:20:00,19:19,2026-10-06,oi,10,10,三連複,7-8-16,98.3,98.3,39,https://www.keiba.go.jp/KeibaWeb/TodayRaceInfo/Odds3LenFuku?k_babaCode=20&k_raceDate=2026%2F10%2F06&k_raceNo=10
2026-10-06 19:20:00,19:19,2026-10-06,oi,10,10,三連複,3-6-16,101.4,101.4,40,https://www.keiba.go.jp/KeibaWeb/TodayRaceInfo/Odds3LenFuku?k_babaCode=20&k_raceDate=2026%2F10%2F06&k_raceNo=10
2026-10-06 19:20:00,19:19,2026-10-06,oi,10,10,三連複,1-5-16,102.3,102.3,41,https://www.keiba.go.jp/KeibaWeb/TodayRaceInfo/Odds3LenFuku?k_babaCode=20&k_raceDate=2026%2F10%2F06&k_raceNo=10
2026-10-06 19:20:00,19:19,2026-10-06,oi,10,10,三連複,4-13-16,105.0,105.0,42,https://www.keiba.go.jp/KeibaWeb/TodayRaceInfo/Odds3LenFuku?k_babaCode=20&k_raceDate=2026%2F10%2F06&k_raceNo=10
2026-10-06 19:20:00,19:19,2026-10-06,oi,10,10,三連複,2-6-16,105.2,105.2,43,https://www.keiba.go.jp/KeibaWeb/TodayRaceInfo/Odds3LenFuku?k_babaCode=20&k_raceDate=2026%2F10%2F06&k_raceNo=10
2026-10-06 19:20:00,19:19,2026-10-06,oi,10,10,三連複,1-2-8,106.1,106.1,45,https://www.keiba.go.jp/KeibaWeb/TodayRaceInfo/Odds3LenFuku?k_babaCode=20&k_raceDate=2026%2F10%2F06&k_raceNo=10
2026-10-06 19:20:00,19:19,2026-10-06,oi,10,10,三連複,4-5-8,109.1,109.1,47,https://www.keiba.go.jp/KeibaWeb/TodayRaceInfo/Odds3LenFuku?k_babaCode=20&k_raceDate=2026%2F10%2F06&k_raceNo=10
2026-10-06 19:20:00,19:19,2026-10-06,oi,10,10,三連複,4-8-13,113.5,113.5,48,https://www.keiba.go.jp/KeibaWeb/TodayRaceInfo/Odds3LenFuku?k_babaCode=20&k_raceDate=2026%2F10%2F06&k_raceNo=10
2026-10-06 19:20:00,19:19,2026-10-06,oi,10,10,三連複,4-5-16,114.2,114.2,49,https://www.keiba.go.jp/KeibaWeb/TodayRaceInfo/Odds3LenFuku?k_babaCode=20&k_raceDate=2026%2F10%2F06&k_raceNo=10
2026-10-06 19:20:00,19:19,2026-10-06,oi,10,10,三連複,6-8-12,117.0,117.0,50,https://www.keiba.go.jp/KeibaWeb/TodayRaceInfo/Odds3LenFuku?k_babaCode=20&k_raceDate=2026%2F10%2F06&k_raceNo=10
2026-10-06 19:20:00,19:19,2026-10-06,oi,10,10,三連複,1-2-16,119.7,119.7,51,https://www.keiba.go.jp/KeibaWeb/TodayRaceInfo/Odds3LenFuku?k_babaCode=20&k_raceDate=2026%2F10%2F06&k_raceNo=10
2026-10-06 19:20:00,19:19,2026-10-06,oi,10,10,三連複,1-3-16,126.7,126.7,52,https://www.keiba.go.jp/KeibaWeb/TodayRaceInfo/Odds3LenFuku?k_babaCode=20&k_raceDate=2026%2F10%2F06&k_raceNo=10
2026-10-06 19:20:00,19:19,2026-10-06,oi,10,10,三連複,2-4-8,126.8,126.8,53,https://www.keiba.go.jp/KeibaWeb/TodayRaceInfo/Odds3LenFuku?k_babaCode=20&k_raceDate=2026%2F10%2F06&k_raceNo=10
2026-10-06 19:20:00,19:19,2026-10-06,oi,10,10,三連複,3-4-8,127.0,127.0,54,https://www.keiba.go.jp/KeibaWeb/TodayRaceInfo/Odds3LenFuku?k_babaCode=20&k_raceDate=2026%2F10%2F06&k_raceNo=10
2026-10-06 19:20:00,19:19,2026-10-06,oi,10,10,三連複,1-8-11,132.4,132.4,55,https://www.keiba.go.jp/KeibaWeb/TodayRaceInfo/Odds3LenFuku?k_babaCode=20&k_raceDate=2026%2F10%2F06&k_raceNo=10
2026-10-06 19:20:00,19:19,2026-10-06,oi,10,10,三連複,2-3-8,138.6,138.6,57,https://www.keiba.go.jp/KeibaWeb/TodayRaceInfo/Odds3LenFuku?k_babaCode=20&k_raceDate=2026%2F10%2F06&k_raceNo=10
2026-10-06 19:20:00,19:19,2026-10-06,oi,10,10,三連複,5-8-13,143.3,143.3,58,https://www.keiba.go.jp/KeibaWeb/TodayRaceInfo/Odds3LenFuku?k_babaCode=20&k_raceDate=2026%2F10%2F06&k_raceNo=10
2026-10-06 19:20:00,19:19,2026-10-06,oi,10,10,三連複,6-8-11,143.9,143.9,59,https://www.keiba.go.jp/KeibaWeb/TodayRaceInfo/Odds3LenFuku?k_babaCode=20&k_raceDate=2026%2F10%2F06&k_raceNo=10
2026-10-06 19:20:00,19:19,2026-10-06,oi,10,10,三連複,1-8-12,146.3,146.3,60,https://www.keiba.go.jp/KeibaWeb/TodayRaceInfo/Odds3LenFuku?k_babaCode=20&k_raceDate=2026%2F10%2F06&k_raceNo=10
2026-10-06 19:20:00,19:19,2026-10-06,oi,10,10,三連複,1-11-16,146.4,146.4,61,https://www.keiba.go.jp/KeibaWeb/TodayRaceInfo/Odds3LenFuku?k_babaCode=20&k_raceDate=2026%2F10%2F06&k_raceNo=10
2026-10-06 19:20:00,19:19,2026-10-06,oi,10,10,三連複,1-4-6,159.0,159.0,63,https://www.keiba.go.jp/KeibaWeb/TodayRaceInfo/Odds3LenFuku?k_babaCode=20&k_raceDate=2026%2F10%2F06&k_raceNo=10
2026-10-06 19:20:00,19:19,2026-10-06,oi,10,10,三連複,5-13-16,166.7,166.7,64,https://www.keiba.go.jp/KeibaWeb/TodayRaceInfo/Odds3LenFuku?k_babaCode=20&k_raceDate=2026%2F10%2F06&k_raceNo=10
2026-10-06 19:20:00,19:19,2026-10-06,oi,10,10,三連複,2-5-8,169.8,169.8,65,https://www.keiba.go.jp/KeibaWeb/TodayRaceInfo/Odds3LenFuku?k_babaCode=20&k_raceDate=2026%2F10%2F06&k_raceNo=10
2026-10-06 19:20:00,19:19,2026-10-06,oi,10,10,三連複,2-4-16,173.6,173.6,66,https://www.keiba.go.jp/KeibaWeb/TodayRaceInfo/Odds3LenFuku?k_babaCode=20&k_raceDate=2026%2F10%2F06&k_raceNo=10
2026-10-06 19:20:00,19:19,2026-10-06,oi,10,10,三連複,4-8-11,174.7,174.7,67,https://www.keiba.go.jp/KeibaWeb/TodayRaceInfo/Odds3LenFuku?k_babaCode=20&k_raceDate=2026%2F10%2F06&k_raceNo=10
2026-10-06 19:20:00,19:19,2026-10-06,oi,10,10,三連複,8-9-16,176.5,176.5,69,https://www.keiba.go.jp/KeibaWeb/TodayRaceInfo/Odds3LenFuku?k_babaCode=20&k_raceDate=2026%2F10%2F06&k_raceNo=10
2026-10-06 19:20:00,19:19,2026-10-06,oi,10,10,三連複,6-12-16,178.6,178.6,70,https://www.keiba.go.jp/KeibaWeb/TodayRaceInfo/Odds3LenFuku?k_babaCode=20&k_raceDate=2026%2F10%2F06&k_raceNo=10
2026-10-06 19:20:00,19:19,2026-10-06,oi,10,10,三連複,4-8-12,179.3,179.3,71,https://www.keiba.go.jp/KeibaWeb/TodayRaceInfo/Odds3LenFuku?k_babaCode=20&k_raceDate=2026%2F10%2F06&k_raceNo=10
2026-10-06 19:20:00,19:19,2026-10-06,oi,10,10,三連複,3-5-8,180.0,180.0,72,https://www.keiba.go.jp/KeibaWeb/TodayRaceInfo/Odds3LenFuku?k_babaCode=20&k_raceDate=2026%2F10%2F06&k_raceNo=10
2026-10-06 19:20:00,19:19,2026-10-06,oi,10,10,三連複,3-4-16,181.2,181.2,74,https://www.keiba.go.jp/KeibaWeb/TodayRaceInfo/Odds3LenFuku?k_babaCode=20&k_raceDate=2026%2F10%2F06&k_raceNo=10
2026-10-06 19:20:00,19:19,2026-10-06,oi,10,10,三連複,6-8-10,182.7,182.7,75,https://www.keiba.go.jp/KeibaWeb/TodayRaceInfo/Odds3LenFuku?k_babaCode=20&k_raceDate=2026%2F10%2F06&k_raceNo=10
2026-10-06 19:20:00,19:19,2026-10-06,oi,10,10,三連複,6-11-16,184.2,184.2,76,https://www.keiba.go.jp/KeibaWeb/TodayRaceInfo/Odds3LenFuku?k_babaCode=20&k_raceDate=2026%2F10%2F06&k_raceNo=10
2026-10-06 19:20:00,19:19,2026-10-06,oi,10,10,三連複,2-8-13,194.6,194.6,77,https://www.keiba.go.jp/KeibaWeb/TodayRaceInfo/Odds3LenFuku?k_babaCode=20&k_raceDate=2026%2F10%2F06&k_raceNo=10
2026-10-06 19:20:00,19:19,2026-10-06,oi,10,10,三連複,1-12-16,196.0,196.0,78,https://www.keiba.go.jp/KeibaWeb/TodayRaceInfo/Odds3LenFuku?k_babaCode=20&k_raceDate=2026%2F10%2F06&k_raceNo=10
2026-10-06 19:20:00,19:19,2026-10-06,oi,10,10,三連複,2-13-16,208.1,208.1,81,https://www.keiba.go.jp/KeibaWeb/TodayRaceInfo/Odds3LenFuku?k_babaCode=20&k_raceDate=2026%2F10%2F06&k_raceNo=10
2026-10-06 19:20:00,19:19,2026-10-06,oi,10,10,三連複,3-8-13,210.3,210.3,82,https://www.keiba.go.jp/KeibaWeb/TodayRaceInfo/Odds3LenFuku?k_babaCode=20&k_raceDate=2026%2F10%2F06&k_raceNo=10
2026-10-06 19:20:00,19:19,2026-10-06,oi,10,10,三連複,4-11-16,213.7,213.7,83,https://www.keiba.go.jp/KeibaWeb/TodayRaceInfo/Odds3LenFuku?k_babaCode=20&k_raceDate=2026%2F10%2F06&k_raceNo=10
2026-10-06 19:20:00,19:19,2026-10-06,oi,10,10,三連複,2-5-16,222.1,222.1,84,https://www.keiba.go.jp/KeibaWeb/TodayRaceInfo/Odds3LenFuku?k_babaCode=20&k_raceDate=2026%2F10%2F06&k_raceNo=10
2026-10-06 19:20:00,19:19,2026-10-06,oi,10,10,三連複,1-14-16,223.2,223.2,85,https://www.keiba.go.jp/KeibaWeb/TodayRaceInfo/Odds3LenFuku?k_babaCode=20&k_raceDate=2026%2F10%2F06&k_raceNo=10
2026-10-06 19:20:00,19:19,2026-10-06,oi,10,10,三連複,4-6-13,227.3,227.3,86,https://www.keiba.go.jp/KeibaWeb/TodayRaceInfo/Odds3LenFuku?k_babaCode=20&k_raceDate=2026%2F10%2F06&k_raceNo=10
2026-10-06 19:20:00,19:19,2026-10-06,oi,10,10,三連複,3-8-12,233.2,233.2,87,https://www.keiba.go.jp/KeibaWeb/TodayRaceInfo/Odds3LenFuku?k_babaCode=20&k_raceDate=2026%2F10%2F06&k_raceNo=10
2026-10-06 19:20:00,19:19,2026-10-06,oi,10,10,三連複,8-11-13,233.6,233.6,88,https://www.keiba.go.jp/KeibaWeb/TodayRaceInfo/Odds3LenFuku?k_babaCode=20&k_raceDate=2026%2F10%2F06&k_raceNo=10
2026-10-06 19:20:00,19:19,2026-10-06,oi,10,10,三連複,8-12-13,234.8,234.8,90,https://www.keiba.go.jp/KeibaWeb/TodayRaceInfo/Odds3LenFuku?k_babaCode=20&k_raceDate=2026%2F10%2F06&k_raceNo=10
2026-10-06 19:20:00,19:19,2026-10-06,oi,10,10,三連複,1-6-13,238.6,238.6,91,https://www.keiba.go.jp/KeibaWeb/TodayRaceInfo/Odds3LenFuku?k_babaCode=20&k_raceDate=2026%2F10%2F06&k_raceNo=10
2026-10-06 19:20:00,19:19,2026-10-06,oi,10,10,三連複,6-10-16,238.6,238.6,91,https://www.keiba.go.jp/KeibaWeb/TodayRaceInfo/Odds3LenFuku?k_babaCode=20&k_raceDate=2026%2F10%2F06&k_raceNo=10
2026-10-06 19:20:00,19:19,2026-10-06,oi,10,10,三連複,3-5-16,242.4,242.4,94,https://www.keiba.go.jp/KeibaWeb/TodayRaceInfo/Odds3LenFuku?k_babaCode=20&k_raceDate=2026%2F10%2F06&k_raceNo=10
2026-10-06 19:20:00,19:19,2026-10-06,oi,10,10,三連複,2-3-16,242.9,242.9,95,https://www.keiba.go.jp/KeibaWeb/TodayRaceInfo/Odds3LenFuku?k_babaCode=20&k_raceDate=2026%2F10%2F06&k_raceNo=10
2026-10-06 19:20:00,19:19,2026-10-06,oi,10,10,三連複,3-13-16,243.8,243.8,96,https://www.keiba.go.jp/KeibaWeb/TodayRaceInfo/Odds3LenFuku?k_babaCode=20&k_raceDate=2026%2F10%2F06&k_raceNo=10
2026-10-06 19:20:00,19:19,2026-10-06,oi,10,10,三連複,2-4-6,244.2,244.2,97,https://www.keiba.go.jp/KeibaWeb/TodayRaceInfo/Odds3LenFuku?k_babaCode=20&k_raceDate=2026%2F10%2F06&k_raceNo=10
2026-10-06 19:20:00,19:19,2026-10-06,oi,10,10,三連複,11-13-16,244.2,244.2,97,https://www.keiba.go.jp/KeibaWeb/TodayRaceInfo/Odds3LenFuku?k_babaCode=20&k_raceDate=2026%2F10%2F06&k_raceNo=10
2026-10-06 19:20:00,19:19,2026-10-06,oi,10,10,三連複,4-5-6,248.7,248.7,100,https://www.keiba.go.jp/KeibaWeb/TodayRaceInfo/Odds3LenFuku?k_babaCode=20&k_raceDate=2026%2F10%2F06&k_raceNo=10
2026-10-06 19:20:00,19:19,2026-10-06,oi,10,10,三連複,1-5-6,251.5,251.5,101,https://www.keiba.go.jp/KeibaWeb/TodayRaceInfo/Odds3LenFuku?k_babaCode=20&k_raceDate=2026%2F10%2F06&k_raceNo=10
2026-10-06 19:20:00,19:19,2026-10-06,oi,10,10,三連複,1-8-10,259.2,259.2,103,https://www.keiba.go.jp/KeibaWeb/TodayRaceInfo/Odds3LenFuku?k_babaCode=20&k_raceDate=2026%2F10%2F06&k_raceNo=10
2026-10-06 19:20:00,19:19,2026-10-06,oi,10,10,三連複,6-8-14,262.2,262.2,104,https://www.keiba.go.jp/KeibaWeb/TodayRaceInfo/Odds3LenFuku?k_babaCode=20&k_raceDate=2026%2F10%2F06&k_raceNo=10
2026-10-06 19:20:00,19:19,2026-10-06,oi,10,10,三連複,1-2-6,268.5,268.5,106,https://www.keiba.go.jp/KeibaWeb/TodayRaceInfo/Odds3LenFuku?k_babaCode=20&k_raceDate=2026%2F10%2F06&k_raceNo=10
2026-10-06 19:20:00,19:19,2026-10-06,oi,10,10,三連複,2-8-11,269.0,269.0,107,https://www.keiba.go.jp/KeibaWeb/TodayRaceInfo/Odds3LenFuku?k_babaCode=20&k_raceDate=2026%2F10%2F06&k_raceNo=10
2026-10-06 19:20:00,19:19,2026-10-06,oi,10,10,三連複,2-8-12,271.7,271.7,108,https://www.keiba.go.jp/KeibaWeb/TodayRaceInfo/Odds3LenFuku?k_babaCode=20&k_raceDate=2026%2F10%2F06&k_raceNo=10
2026-10-06 19:20:00,19:19,2026-10-06,oi,10,10,三連複,5-8-11,272.8,272.8,110,https://www.keiba.go.jp/KeibaWeb/TodayRaceInfo/Odds3LenFuku?k_babaCode=20&k_raceDate=2026%2F10%2F06&k_raceNo=10
2026-10-06 19:20:00,19:19,2026-10-06,oi,10,10,三連複,3-8-11,275.6,275.6,111,https://www.keiba.go.jp/KeibaWeb/TodayRaceInfo/Odds3LenFuku?k_babaCode=20&k_raceDate=2026%2F10%2F06&k_raceNo=10
2026-10-06 19:20:00,19:19,2026-10-06,oi,10,10,三連複,2-3-6,277.9,277.9,112,https://www.keiba.go.jp/KeibaWeb/TodayRaceInfo/Odds3LenFuku?k_babaCode=20&k_raceDate=2026%2F10%2F06&k_raceNo=10
2026-10-06 19:20:00,19:19,2026-10-06,oi,10,10,三連複,4-12-16,279.6,279.6,113,https://www.keiba.go.jp/KeibaWeb/TodayRaceInfo/Odds3LenFuku?k_babaCode=20&k_raceDate=2026%2F10%2F06&k_raceNo=10
2026-10-06 19:20:00,19:19,2026-10-06,oi,10,10,三連複,4-8-10,280.8,280.8,114,https://www.keiba.go.jp/KeibaWeb/TodayRaceInfo/Odds3LenFuku?k_babaCode=20&k_raceDate=2026%2F10%2F06&k_raceNo=10
2026-10-06 19:20:00,19:19,2026-10-06,oi,10,10,三連複,1-3-6,282.5,282.5,115,https://www.keiba.go.jp/KeibaWeb/TodayRaceInfo/Odds3LenFuku?k_babaCode=20&k_raceDate=2026%2F10%2F06&k_raceNo=10
2026-10-06 19:20:00,19:19,2026-10-06,oi,10,10,三連複,1-4-5,284.3,284.3,117,https://www.keiba.go.jp/KeibaWeb/TodayRaceInfo/Odds3LenFuku?k_babaCode=20&k_raceDate=2026%2F10%2F06&k_raceNo=10
2026-10-06 19:20:00,19:19,2026-10-06,oi,10,10,三連複,5-8-12,284.3,284.3,117,https://www.keiba.go.jp/KeibaWeb/TodayRaceInfo/Odds3LenFuku?k_babaCode=20&k_raceDate=2026%2F10%2F06&k_raceNo=10
2026-10-06 19:20:00,19:19,2026-10-06,oi,10,10,三連複,1-8-14,286.7,286.7,119,https://www.keiba.go.jp/KeibaWeb/TodayRaceInfo/Odds3LenFuku?k_babaCode=20&k_raceDate=2026%2F10%2F06&k_raceNo=10
2026-10-06 19:20:00,19:19,2026-10-06,oi,10,10,三連複,4-5-13,287.9,287.9,120,https://www.keiba.go.jp/KeibaWeb/TodayRaceInfo/Odds3LenFuku?k_babaCode=20&k_raceDate=2026%2F10%2F06&k_raceNo=10
2026-10-06 19:20:00,19:19,2026-10-06,oi,10,10,三連複,13-14-16,291.0,291.0,121,https://www.keiba.go.jp/KeibaWeb/TodayRaceInfo/Odds3LenFuku?k_babaCode=20&k_raceDate=2026%2F10%2F06&k_raceNo=10
2026-10-06 19:20:00,19:19,2026-10-06,oi,10,10,三連複,6-14-16,292.3,292.3,122,https://www.keiba.go.jp/KeibaWeb/TodayRaceInfo/Odds3LenFuku?k_babaCode=20&k_raceDate=2026%2F10%2F06&k_raceNo=10
2026-10-06 19:20:00,19:19,2026-10-06,oi,10,10,三連複,2-6-13,296.8,296.8,123,https://www.keiba.go.jp/KeibaWeb/TodayRaceInfo/Odds3LenFuku?k_babaCode=20&k_raceDate=2026%2F10%2F06&k_raceNo=10
2026-10-06 19:20:00,19:19,2026-10-06,oi,10,10,三連複,3-4-6,301.4,301.4,124,https://www.keiba.go.jp/KeibaWeb/TodayRaceInfo/Odds3LenFuku?k_babaCode=20&k_raceDate=2026%2F10%2F06&k_raceNo=10
2026-10-06 19:20:00,19:19,2026-10-06,oi,10,10,三連複,12-13-16,301.4,301.4,124,https://www.keiba.go.jp/KeibaWeb/TodayRaceInfo/Odds3LenFuku?k_babaCode=20&k_raceDate=2026%2F10%2F06&k_raceNo=10
2026-10-06 19:20:00,19:19,2026-10-06,oi,10,10,三連複,1-4-13,303.5,303.5,126,https://www.keiba.go.jp/KeibaWeb/TodayRaceInfo/Odds3LenFuku?k_babaCode=20&k_raceDate=2026%2F10%2F06&k_raceNo=10
2026-10-06 19:20:00,19:19,2026-10-06,oi,10,10,三連複,1-10-16,306.2,306.2,127,https://www.keiba.go.jp/KeibaWeb/TodayRaceInfo/Odds3LenFuku?k_babaCode=20&k_raceDate=2026%2F10%2F06&k_raceNo=10
2026-10-06 19:20:00,19:19,2026-10-06,oi,10,10,三連複,5-11-16,312.6,312.6,129,https://www.keiba.go.jp/KeibaWeb/TodayRaceInfo/Odds3LenFuku?k_babaCode=20&k_raceDate=2026%2F10%2F06&k_raceNo=10
2026-10-06 19:20:00,19:19,2026-10-06,oi,10,10,三連複,5-6-13,314.8,314.8,130,https://www.keiba.go.jp/KeibaWeb/TodayRaceInfo/Odds3LenFuku?k_babaCode=20&k_raceDate=2026%2F10%2F06&k_raceNo=10
2026-10-06 19:20:00,19:19,2026-10-06,oi,10,10,三連複,6-7-8,322.3,322.3,132,https://www.keiba.go.jp/KeibaWeb/TodayRaceInfo/Odds3LenFuku?k_babaCode=20&k_raceDate=2026%2F10%2F06&k_raceNo=10
2026-10-06 19:20:00,19:19,2026-10-06,oi,10,10,三連複,1-9-16,331.0,331.0,134,https://www.keiba.go.jp/KeibaWeb/TodayRaceInfo/Odds3LenFuku?k_babaCode=20&k_raceDate=2026%2F10%2F06&k_raceNo=10
2026-10-06 19:20:00,19:19,2026-10-06,oi,10,10,三連複,8-11-12,337.6,337.6,135,https://www.keiba.go.jp/KeibaWeb/TodayRaceInfo/Odds3LenFuku?k_babaCode=20&k_raceDate=2026%2F10%2F06&k_raceNo=10
2026-10-06 19:20:00,19:19,2026-10-06,oi,10,10,三連複,1-7-16,340.2,340.2,136,https://www.keiba.go.jp/KeibaWeb/TodayRaceInfo/Odds3LenFuku?k_babaCode=20&k_raceDate=2026%2F10%2F06&k_raceNo=10
2026-10-06 19:20:00,19:19,2026-10-06,oi,10,10,三連複,3-8-10,340.2,340.2,136,https://www.keiba.go.jp/KeibaWeb/TodayRaceInfo/Odds3LenFuku?k_babaCode=20&k_raceDate=2026%2F10%2F06&k_raceNo=10
2026-10-06 19:20:00,19:19,2026-10-06,oi,10,10,三連複,1-8-9,342.8,342.8,138,https://www.keiba.go.jp/KeibaWeb/TodayRaceInfo/Odds3LenFuku?k_babaCode=20&k_raceDate=2026%2F10%2F06&k_raceNo=10
2026-10-06 19:20:00,19:19,2026-10-06,oi,10,10,三連複,2-5-6,349.0,349.0,139,https://www.keiba.go.jp/KeibaWeb/TodayRaceInfo/Odds3LenFuku?k_babaCode=20&k_raceDate=2026%2F10%2F06&k_raceNo=10
2026-10-06 19:20:00,19:19,2026-10-06,oi,10,10,三連複,4-14-16,352.6,352.6,140,https://www.keiba.go.jp/KeibaWeb/TodayRaceInfo/Odds3LenFuku?k_babaCode=20&k_raceDate=2026%2F10%2F06&k_raceNo=10
2026-10-06 19:20:00,19:19,2026-10-06,oi,10,10,三連複,1-7-8,358.2,358.2,141,https://www.keiba.go.jp/KeibaWeb/TodayRaceInfo/Odds3LenFuku?k_babaCode=20&k_raceDate=2026%2F10%2F06&k_raceNo=10
2026-10-06 19:20:00,19:19,2026-10-06,oi,10,10,三連複,3-6-13,365.0,365.0,142,https://www.keiba.go.jp/KeibaWeb/TodayRaceInfo/Odds3LenFuku?k_babaCode=20&k_raceDate=2026%2F10%2F06&k_raceNo=10
2026-10-06 19:20:00,19:19,2026-10-06,oi,10,10,三連複,1-3-4,376.2,376.2,143,https://www.keiba.go.jp/KeibaWeb/TodayRaceInfo/Odds3LenFuku?k_babaCode=20&k_raceDate=2026%2F10%2F06&k_raceNo=10
2026-10-06 19:20:00,19:19,2026-10-06,oi,10,10,三連複,1-2-3,377.2,377.2,144,https://www.keiba.go.jp/KeibaWeb/TodayRaceInfo/Odds3LenFuku?k_babaCode=20&k_raceDate=2026%2F10%2F06&k_raceNo=10
2026-10-06 19:20:00,19:19,2026-10-06,oi,10,10,三連複,2-11-16,390.3,390.3,145,https://www.keiba.go.jp/KeibaWeb/TodayRaceInfo/Odds3LenFuku?k_babaCode=20&k_raceDate=2026%2F10%2F06&k_raceNo=10
2026-10-06 19:20:00,19:19,2026-10-06,oi,10,10,三連複,6-7-16,390.3,390.3,145,https://www.keiba.go.jp/KeibaWeb/TodayRaceInfo/Odds3LenFuku?k_babaCode=20&k_raceDate=2026%2F10%2F06&k_raceNo=10
2026-10-06 19:20:00,19:19,2026-10-06,oi,10,10,三連複,5-12-16,391.4,391.4,147,https://www.keiba.go.jp/KeibaWeb/TodayRaceInfo/Odds3LenFuku?k_babaCode=20&k_raceDate=2026%2F10%2F06&k_raceNo=10
2026-10-06 19:20:00,19:19,2026-10-06,oi,10,10,三連複,3-5-6,399.6,399.6,148,https://www.keiba.go.jp/KeibaWeb/TodayRaceInfo/Odds3LenFuku?k_babaCode=20&k_raceDate=2026%2F10%2F06&k_raceNo=10
2026-10-06 19:20:00,19:19,2026-10-06,oi,10,10,三連複,3-12-16,404.3,404.3,149,https://www.keiba.go.jp/KeibaWeb/TodayRaceInfo/Odds3LenFuku?k_babaCode=20&k_raceDate=2026%2F10%2F06&k_raceNo=10
2026-10-06 19:20:00,19:19,2026-10-06,oi,10,10,三連複,5-8-10,413.0,413.0,150,https://www.keiba.go.jp/KeibaWeb/TodayRaceInfo/Odds3LenFuku?k_babaCode=20&k_raceDate=2026%2F10%2F06&k_raceNo=10
2026-10-06 19:20:00,19:19,2026-10-06,oi,10,10,三連複,8-13-14,416.8,416.8,153,https://www.keiba.go.jp/KeibaWeb/TodayRaceInfo/Odds3LenFuku?k_babaCode=20&k_raceDate=2026%2F10%2F06&k_raceNo=10
2026-10-06 19:20:00,19:19,2026-10-06,oi,10,10,三連複,4-5-11,418.1,418.1,154,https://www.keiba.go.jp/KeibaWeb/TodayRaceInfo/Odds3LenFuku?k_babaCode=20&k_raceDate=2026%2F10%2F06&k_raceNo=10
2026-10-06 19:20:00,19:19,2026-10-06,oi,10,10,三連複,1-2-4,422.0,422.0,155,https://www.keiba.go.jp/KeibaWeb/TodayRaceInfo/Odds3LenFuku?k_babaCode=20&k_raceDate=2026%2F10%2F06&k_raceNo=10
2026-10-06 19:20:00,19:19,2026-10-06,oi,10,10,三連複,4-8-14,422.0,422.0,155,https://www.keiba.go.jp/KeibaWeb/TodayRaceInfo/Odds3LenFuku?k_babaCode=20&k_raceDate=2026%2F10%2F06&k_raceNo=10
2026-10-06 19:20:00,19:19,2026-10-06,oi,10,10,三連複,4-10-16,424.7,424.7,157,https://www.keiba.go.jp/KeibaWeb/TodayRaceInfo/Odds3LenFuku?k_babaCode=20&k_raceDate=2026%2F10%2F06&k_raceNo=10
2026-10-06 19:20:00,19:19,2026-10-06,oi,10,10,三連複,3-11-16,430.1,430.1,159,https://www.keiba.go.jp/KeibaWeb/TodayRaceInfo/Odds3LenFuku?k_babaCode=20&k_raceDate=2026%2F10%2F06&k_raceNo=10
2026-10-06 19:20:00,19:19,2026-10-06,oi,10,10,三連複,2-3-4,437.1,437.1,160,https://www.keiba.go.jp/KeibaWeb/TodayRaceInfo/Odds3LenFuku?k_babaCode=20&k_raceDate=2026%2F10%2F06&k_raceNo=10
2026-10-06 19:20:00,19:19,2026-10-06,oi,10,10,三連複,4-6-11,445.7,445.7,162,https://www.keiba.go.jp/KeibaWeb/TodayRaceInfo/Odds3LenFuku?k_babaCode=20&k_raceDate=2026%2F10%2F06&k_raceNo=10
2026-10-06 19:20:00,19:19,2026-10-06,oi,10,10,三連複,2-4-5,451.7,451.7,164,https://www.keiba.go.jp/KeibaWeb/TodayRaceInfo/Odds3LenFuku?k_babaCode=20&k_raceDate=2026%2F10%2F06&k_raceNo=10
2026-10-06 19:20:00,19:19,2026-10-06,oi,10,10,三連複,10-13-16,457.8,457.8,166,https://www.keiba.go.jp/KeibaWeb/TodayRaceInfo/Odds3LenFuku?k_babaCode=20&k_raceDate=2026%2F10%2F06&k_raceNo=10
2026-10-06 19:20:00,19:19,2026-10-06,oi,10,10,三連複,1-6-11,464.1,464.1,168,https://www.keiba.go.jp/KeibaWeb/TodayRaceInfo/Odds3LenFuku?k_babaCode=20&k_raceDate=2026%2F10%2F06&k_raceNo=10
2026-10-06 19:20:00,19:19,2026-10-06,oi,10,10,三連複,4-11-13,467.3,467.3,169,https://www.keiba.go.jp/KeibaWeb/TodayRaceInfo/Odds3LenFuku?k_babaCode=20&k_raceDate=2026%2F10%2F06&k_raceNo=10
2026-10-06 19:20:00,19:19,2026-10-06,oi,10,10,三連複,6-11-13,475.5,475.5,170,https://www.keiba.go.jp/KeibaWeb/TodayRaceInfo/Odds3LenFuku?k_babaCode=20&k_raceDate=2026%2F10%2F06&k_raceNo=10
2026-10-06 19:20:00,19:19,2026-10-06,oi,10,10,三連複,1-5-13,480.6,480.6,171,https://www.keiba.go.jp/KeibaWeb/TodayRaceInfo/Odds3LenFuku?k_babaCode=20&k_raceDate=2026%2F10%2F06&k_raceNo=10
2026-10-06 19:20:00,19:19,2026-10-06,oi,10,10,三連複,1-4-11,482.3,482.3,172,https://www.keiba.go.jp/KeibaWeb/TodayRaceInfo/Odds3LenFuku?k_babaCode=20&k_raceDate=2026%2F10%2F06&k_raceNo=10
2026-10-06 19:20:00,19:19,2026-10-06,oi,10,10,三連複,2-12-16,485.8,485.8,173,https://www.keiba.go.jp/KeibaWeb/TodayRaceInfo/Odds3LenFuku?k_babaCode=20&k_raceDate=2026%2F10%2F06&k_raceNo=10
2026-10-06 19:20:00,19:19,2026-10-06,oi,10,10,三連複,4-6-12,496.5,496.5,174,https://www.keiba.go.jp/KeibaWeb/TodayRaceInfo/Odds3LenFuku?k_babaCode=20&k_raceDate=2026%2F10%2F06&k_raceNo=10
2026-10-06 19:20:00,19:19,2026-10-06,oi,10,10,三連複,5-10-16,513.5,513.5,176,https://www.keiba.go.jp/KeibaWeb/TodayRaceInfo/Odds3LenFuku?k_babaCode=20&k_raceDate=2026%2F10%2F06&k_raceNo=10
2026-10-06 19:20:00,19:19,2026-10-06,oi,10,10,三連複,11-12-16,515.5,515.5,177,https://www.keiba.go.jp/KeibaWeb/TodayRaceInfo/Odds3LenFuku?k_babaCode=20&k_raceDate=2026%2F10%2F06&k_raceNo=10
2026-10-06 19:20:00,19:19,2026-10-06,oi,10,10,三連複,1-2-5,519.4,519.4,179,https://www.keiba.go.jp/KeibaWeb/TodayRaceInfo/Odds3LenFuku?k_babaCode=20&k_raceDate=2026%2F10%2F06&k_raceNo=10
2026-10-06 19:20:00,19:19,2026-10-06,oi,10,10,三連複,3-7-8,527.6,527.6,180,https://www.keiba.go.jp/KeibaWeb/TodayRaceInfo/Odds3LenFuku?k_babaCode=20&k_raceDate=2026%2F10%2F06&k_raceNo=10
2026-10-06 19:20:00,19:19,2026-10-06,oi,10,10,三連複,1-3-5,533.8,533.8,181,https://www.keiba.go.jp/KeibaWeb/TodayRaceInfo/Odds3LenFuku?k_babaCode=20&k_raceDate=2026%2F10%2F06&k_raceNo=10
2026-10-06 19:20:00,19:19,2026-10-06,oi,10,10,三連複,1-6-12,535.9,535.9,183,https://www.keiba.go.jp/KeibaWeb/TodayRaceInfo/Odds3LenFuku?k_babaCode=20&k_raceDate=2026%2F10%2F06&k_raceNo=10
2026-10-06 19:20:00,19:19,2026-10-06,oi,10,10,三連複,3-10-16,535.9,535.9,183,https://www.keiba.go.jp/KeibaWeb/TodayRaceInfo/Odds3LenFuku?k_babaCode=20&k_raceDate=2026%2F10%2F06&k_raceNo=10
2026-10-06 19:20:00,19:19,2026-10-06,oi,10,10,三連複,2-8-10,538.1,538.1,185,https://www.keiba.go.jp/KeibaWeb/TodayRaceInfo/Odds3LenFuku?k_babaCode=20&k_raceDate=2026%2F10%2F06&k_raceNo=10
2026-10-06 19:20:00,19:19,2026-10-06,oi,10,10,三連複,6-12-13,540.2,540.2,186,https://www.keiba.go.jp/KeibaWeb/TodayRaceInfo/Odds3LenFuku?k_babaCode=20&k_raceDate=2026%2F10%2F06&k_raceNo=10
2026-10-06 19:20:00,19:19,2026-10-06,oi,10,10,三連複,8-10-13,549.0,549.0,187,https://www.keiba.go.jp/KeibaWeb/TodayRaceInfo/Odds3LenFuku?k_babaCode=20&k_raceDate=2026%2F10%2F06&k_raceNo=10
2026-10-06 19:20:00,19:19,2026-10-06,oi,10,10,三連複,5-7-16,551.2,551.2,188,https://www.keiba.go.jp/KeibaWeb/TodayRaceInfo/Odds3LenFuku?k_babaCode=20&k_raceDate=2026%2F10%2F06&k_raceNo=10
2026-10-06 19:20:00,19:19,2026-10-06,oi,10,10,三連複,7-13-16,560.4,560.4,189,https://www.keiba.go.jp/KeibaWeb/TodayRaceInfo/Odds3LenFuku?k_babaCode=20&k_raceDate=2026%2F10%2F06&k_raceNo=10
2026-10-06 19:20:00,19:19,2026-10-06,oi,10,10,三連複,2-7-8,567.5,567.5,190,https://www.keiba.go.jp/KeibaWeb/TodayRaceInfo/Odds3LenFuku?k_babaCode=20&k_raceDate=2026%2F10%2F06&k_raceNo=10
2026-10-06 19:20:00,19:19,2026-10-06,oi,10,10,三連複,2-4-13,572.3,572.3,191,https://www.keiba.go.jp/KeibaWeb/TodayRaceInfo/Odds3LenFuku?k_babaCode=20&k_raceDate=2026%2F10%2F06&k_raceNo=10
2026-10-06 19:20:00,19:19,2026-10-06,oi,10,10,三連複,8-10-11,587.2,587.2,192,https://www.keiba.go.jp/KeibaWeb/TodayRaceInfo/Odds3LenFuku?k_babaCode=20&k_raceDate=2026%2F10%2F06&k_raceNo=10
2026-10-06 19:20:00,19:19,2026-10-06,oi,10,10,三連複,7-8-13,589.8,589.8,193,https://www.keiba.go.jp/KeibaWeb/TodayRaceInfo/Odds3LenFuku?k_babaCode=20&k_raceDate=2026%2F10%2F06&k_raceNo=10
2026-10-06 19:20:00,19:19,2026-10-06,oi,10,10,三連複,3-4-5,592.3,592.3,194,https://www.keiba.go.jp/KeibaWeb/TodayRaceInfo/Odds3LenFuku?k_babaCode=20&k_raceDate=2026%2F10%2F06&k_raceNo=10
2026-10-06 19:20:00,19:19,2026-10-06,oi,10,10,三連複,1-6-10,600.2,600.2,195,https://www.keiba.go.jp/KeibaWeb/TodayRaceInfo/Odds3LenFuku?k_babaCode=20&k_raceDate=2026%2F10%2F06&k_raceNo=10
2026-10-06 19:20:00,19:19,2026-10-06,oi,10,10,三連複,2-6-12,613.9,613.9,196,https://www.keiba.go.jp/KeibaWeb/TodayRaceInfo/Odds3LenFuku?k_babaCode=20&k_raceDate=2026%2F10%2F06&k_raceNo=10
2026-10-06 19:20:00,19:19,2026-10-06,oi,10,10,三連複,5-7-8,616.7,616.7,197,https://www.keiba.go.jp/KeibaWeb/TodayRaceInfo/Odds3LenFuku?k_babaCode=20&k_raceDate=2026%2F10%2F06&k_raceNo=10
2026-10-06 19:20:00,19:19,2026-10-06,oi,10,10,三連複,8-10-12,622.4,622.4,199,https://www.keiba.go.jp/KeibaWeb/TodayRaceInfo/Odds3LenFuku?k_babaCode=20&k_raceDate=2026%2F10%2F06&k_raceNo=10
2026-10-06 19:20:00,19:19,2026-10-06,oi,10,10,三連複,4-7-16,631.1,631.1,201,https://www.keiba.go.jp/KeibaWeb/TodayRaceInfo/Odds3LenFuku?k_babaCode=20&k_raceDate=2026%2F10%2F06&k_raceNo=10
2026-10-06 19:20:00,19:19,2026-10-06,oi,10,10,三連複,5-8-14,631.1,631.1,201,https://www.keiba.go.jp/KeibaWeb/TodayRaceInfo/Odds3LenFuku?k_babaCode=20&k_raceDate=2026%2F10%2F06&k_raceNo=10
2026-10-06 19:20:00,19:19,2026-10-06,oi,10,10,三連複,2-14-16,643.1,643.1,205,https://www.keiba.go.jp/KeibaWeb/TodayRaceInfo/Odds3LenFuku?k_babaCode=20&k_raceDate=2026%2F10%2F06&k_raceNo=10
2026-10-06 19:20:00,19:19,2026-10-06,oi,10,10,三連複,5-14-16,643.1,643.1,205,https://www.keiba.go.jp/KeibaWeb/TodayRaceInfo/Odds3LenFuku?k_babaCode=20&k_raceDate=2026%2F10%2F06&k_raceNo=10
2026-10-06 19:20:00,19:19,2026-10-06,oi,10,10,三連複,1-2-13,646.2,646.2,207,https://www.keiba.go.jp/KeibaWeb/TodayRaceInfo/Odds3LenFuku?k_babaCode=20&k_raceDate=2026%2F10%2F06&k_raceNo=10
2026-10-06 19:20:00,19:19,2026-10-06,oi,10,10,三連複,2-8-14,649.3,649.3,208,https://www.keiba.go.jp/KeibaWeb/TodayRaceInfo/Odds3LenFuku?k_babaCode=20&k_raceDate=2026%2F10%2F06&k_raceNo=10
2026-10-06 19:20:00,19:19,2026-10-06,oi,10,10,三連複,2-6-11,652.4,652.4,209,https://www.keiba.go.jp/KeibaWeb/TodayRaceInfo/Odds3LenFuku?k_babaCode=20&k_raceDate=2026%2F10%2F06&k_raceNo=10
2026-10-06 19:20:00,19:19,2026-10-06,oi,10,10,三連複,4-6-10,655.6,655.6,212,https://www.keiba.go.jp/KeibaWeb/TodayRaceInfo/Odds3LenFuku?k_babaCode=20&k_raceDate=2026%2F10%2F06&k_raceNo=10
2026-10-06 19:20:00,19:19,2026-10-06,oi,10,10,三連複,2-7-16,658.8,658.8,213,https://www.keiba.go.jp/KeibaWeb/TodayRaceInfo/Odds3LenFuku?k_babaCode=20&k_raceDate=2026%2F10%2F06&k_raceNo=10
2026-10-06 19:20:00,19:19,2026-10-06,oi,10,10,三連複,3-8-14,675.3,675.3,215,https://www.keiba.go.jp/KeibaWeb/TodayRaceInfo/Odds3LenFuku?k_babaCode=20&k_raceDate=2026%2F10%2F06&k_raceNo=10
2026-10-06 19:20:00,19:19,2026-10-06,oi,10,10,三連複,6-13-14,678.7,678.7,216,https://www.keiba.go.jp/KeibaWeb/TodayRaceInfo/Odds3LenFuku?k_babaCode=20&k_raceDate=2026%2F10%2F06&k_raceNo=10
2026-10-06 19:20:00,19:19,2026-10-06,oi,10,10,三連複,1-11-13,685.6,685.6,219,https://www.keiba.go.jp/KeibaWeb/TodayRaceInfo/Odds3LenFuku?k_babaCode=20&k_raceDate=2026%2F10%2F06&k_raceNo=10
2026-10-06 19:20:00,19:19,2026-10-06,oi,10,10,三連複,5-6-11,685.6,685.6,219,https://www.keiba.go.jp/KeibaWeb/TodayRaceInfo/Odds3LenFuku?k_babaCode=20&k_raceDate=2026%2F10%2F06&k_raceNo=10
2026-10-06 19:20:00,19:19,2026-10-06,oi,10,10,三連複,4-7-8,692.6,692.6,221,https://www.keiba.go.jp/KeibaWeb/TodayRaceInfo/Odds3LenFuku?k_babaCode=20&k_raceDate=2026%2F10%2F06&k_raceNo=10
2026-10-06 19:20:00,19:19,2026-10-06,oi,10,10,三連複,5-6-12,692.6,692.6,221,https://www.keiba.go.jp/KeibaWeb/TodayRaceInfo/Odds3LenFuku?k_babaCode=20&k_raceDate=2026%2F10%2F06&k_raceNo=10
2026-10-06 19:20:00,19:19,2026-10-06,oi,10,10,三連複,2-3-5,696.2,696.2,223,https://www.keiba.go.jp/KeibaWeb/TodayRaceInfo/Odds3LenFuku?k_babaCode=20&k_raceDate=2026%2F10%2F06&k_raceNo=10
2026-10-06 19:20:00,19:19,2026-10-06,oi,10,10,三連複,3-6-12,703.4,703.4,225,https://www.keiba.go.jp/KeibaWeb/TodayRaceInfo/Odds3LenFuku?k_babaCode=20&k_raceDate=2026%2F10%2F06&k_raceNo=10
2026-10-06 19:20:00,19:19,2026-10-06,oi,10,10,三連複,2-5-13,718.4,718.4,226,https://www.keiba.go.jp/KeibaWeb/TodayRaceInfo/Odds3LenFuku?k_babaCode=20&k_raceDate=2026%2F10%2F06&k_raceNo=10
2026-10-06 19:20:00,19:19,2026-10-06,oi,10,10,三連複,6-10-13,718.4,718.4,226,https://www.keiba.go.jp/KeibaWeb/TodayRaceInfo/Odds3LenFuku?k_babaCode=20&k_raceDate=2026%2F10%2F06&k_raceNo=10
2026-10-06 19:20:00,19:19,2026-10-06,oi,10,10,三連複,3-7-16,722.2,722.2,228,https://www.keiba.go.jp/KeibaWeb/TodayRaceInfo/Odds3LenFuku?k_babaCode=20&k_raceDate=2026%2F10%2F06&k_raceNo=10
2026-10-06 19:20:00,19:19,2026-10-06,oi,10,10,三連複,1-6-7,742.1,742.1,229,https://www.keiba.go.jp/KeibaWeb/TodayRaceInfo/Odds3LenFuku?k_babaCode=20&k_raceDate=2026%2F10%2F06&k_raceNo=10
2026-10-06 19:20:00,19:19,2026-10-06,oi,10,10,三連複,1-6-14,746.2,746.2,230,https://www.keiba.go.jp/KeibaWeb/TodayRaceInfo/Odds3LenFuku?k_babaCode=20&k_raceDate=2026%2F10%2F06&k_raceNo=10
2026-10-06 19:20:00,19:19,2026-10-06,oi,10,10,三連複,3-6-10,750.3,750.3,231,https://www.keiba.go.jp/KeibaWeb/TodayRaceInfo/Odds3LenFuku?k_babaCode=20&k_raceDate=2026%2F10%2F06&k_raceNo=10
2026-10-06 19:20:00,19:19,2026-10-06,oi,10,10,三連複,8-12-14,750.3,750.3,231,https://www.keiba.go.jp/KeibaWeb/TodayRaceInfo/Odds3LenFuku?k_babaCode=20&k_raceDate=2026%2F10%2F06&k_raceNo=10
2026-10-06 19:20:00,19:19,2026-10-06,oi,10,10,三連複,5-6-7,754.5,754.5,233,https://www.keiba.go.jp/KeibaWeb/TodayRaceInfo/Odds3LenFuku?k_babaCode=20&k_raceDate=2026%2F10%2F06&k_raceNo=10
2026-10-06 19:20:00,19:19,2026-10-06,oi,10,10,三連複,1-3-13,771.8,771.8,235,https://www.keiba.go.jp/KeibaWeb/TodayRaceInfo/Odds3LenFuku?k_babaCode=20&k_raceDate=2026%2F10%2F06&k_raceNo=10
2026-10-06 19:20:00,19:19,2026-10-06,oi,10,10,三連複,2-10-16,776.2,776.2,236,https://www.keiba.go.jp/KeibaWeb/TodayRaceInfo/Odds3LenFuku?k_babaCode=20&k_raceDate=2026%2F10%2F06&k_raceNo=10
2026-10-06 19:20:00,19:19,2026-10-06,oi,10,10,三連複,3-14-16,776.2,776.2,236,https://www.keiba.go.jp/KeibaWeb/TodayRaceInfo/Odds3LenFuku?k_babaCode=20&k_raceDate=2026%2F10%2F06&k_raceNo=10
2026-10-06 19:20:00,19:19,2026-10-06,oi,10,10,三連複,5-6-10,780.7,780.7,238,https://www.keiba.go.jp/KeibaWeb/TodayRaceInfo/Odds3LenFuku?k_babaCode=20&k_raceDate=2026%2F10%2F06&k_raceNo=10
2026-10-06 19:20:00,19:19,2026-10-06,oi,10,10,三連複,3-4-12,789.8,789.8,239,https://www.keiba.go.jp/KeibaWeb/TodayRaceInfo/Odds3LenFuku?k_babaCode=20&k_raceDate=2026%2F10%2F06&k_raceNo=10
2026-10-06 19:20:00,19:19,2026-10-06,oi,10,10,三連複,3-6-11,789.8,789.8,239,https://www.keiba.go.jp/KeibaWeb/TodayRaceInfo/Odds3LenFuku?k_babaCode=20&k_raceDate=2026%2F10%2F06&k_raceNo=10
2026-10-06 19:20:00,19:19,2026-10-06,oi,10,10,三連複,2-4-11,808.7,808.7,242,https://www.keiba.go.jp/KeibaWeb/TodayRaceInfo/Odds3LenFuku?k_babaCode=20&k_raceDate=2026%2F10%2F06&k_raceNo=10
2026-10-06 19:20:00,19:19,2026-10-06,oi,10,10,三連複,6-11-12,808.7,808.7,242,https://www.keiba.go.jp/KeibaWeb/TodayRaceInfo/Odds3LenFuku?k_babaCode=20&k_raceDate=2026%2F10%2F06&k_raceNo=10
2026-10-06 19:20:00,19:19,2026-10-06,oi,10,10,三連複,7-8-12,818.5,818.5,244,https://www.keiba.go.jp/KeibaWeb/TodayRaceInfo/Odds3LenFuku?k_babaCode=20&k_raceDate=2026%2F10%2F06&k_raceNo=10
2026-10-06 19:20:00,19:19,2026-10-06,oi,10,10,三連複,5-11-13,828.6,828.6,246,https://www.keiba.go.jp/KeibaWeb/TodayRaceInfo/Odds3LenFuku?k_babaCode=20&k_raceDate=2026%2F10%2F06&k_raceNo=10
2026-10-06 19:20:00,19:19,2026-10-06,oi,10,10,三連複,10-11-16,833.7,833.7,247,https://www.keiba.go.jp/KeibaWeb/TodayRaceInfo/Odds3LenFuku?k_babaCode=20&k_raceDate=2026%2F10%2F06&k_raceNo=10
2026-10-06 19:20:00,19:19,2026-10-06,oi,10,10,三連複,12-14-16,833.7,833.7,247,https://www.keiba.go.jp/KeibaWeb/TodayRaceInfo/Odds3LenFuku?k_babaCode=20&k_raceDate=2026%2F10%2F06&k_raceNo=10
2026-10-06 19:20:00,19:19,2026-10-06,oi,10,10,三連複,6-7-13,838.9,838.9,249,https://www.keiba.go.jp/KeibaWeb/TodayRaceInfo/Odds3LenFuku?k_babaCode=20&k_raceDate=2026%2F10%2F06&k_raceNo=10
2026-10-06 19:20:00,19:19,2026-10-06,oi,10,10,三連複,1-4-12,854.8,854.8,250,https://www.keiba.go.jp/KeibaWeb/TodayRaceInfo/Odds3LenFuku?k_babaCode=20&k_raceDate=2026%2F10%2F06&k_raceNo=10
2026-10-06 19:20:00,19:19,2026-10-06,oi,10,10,三連複,1-5-11,860.2,860.2,251,https://www.keiba.go.jp/KeibaWeb/TodayRaceInfo/Odds3LenFuku?k_babaCode=20&k_raceDate=2026%2F10%2F06&k_raceNo=10
2026-10-06 19:20:00,19:19,2026-10-06,oi,10,10,三連複,2-4-12,860.2,860.2,251,https://www.keiba.go.jp/KeibaWeb/TodayRaceInfo/Odds3LenFuku?k_babaCode=20&k_raceDate=2026%2F10%2F06&k_raceNo=10
2026-10-06 19:20:00,19:19,2026-10-06,oi,10,10,三連複,10-12-16,860.2,860.2,251,https://www.keiba.go.jp/KeibaWeb/TodayRaceInfo/Odds3LenFuku?k_babaCode=20&k_raceDate=2026%2F10%2F06&k_raceNo=10
2026-10-06 19:20:00,19:19,2026-10-06,oi,10,10,三連複,1-2-12,877.0,877.0,254,https://www.keiba.go.jp/KeibaWeb/TodayRaceInfo/Odds3LenFuku?k_babaCode=20&k_raceDate=2026%2F10%2F06&k_raceNo=10
2026-10-06 19:20:00,19:19,2026-10-06,oi,10,10,三連複,1-13-14,877.0,877.0,254,https://www.keiba.go.jp/KeibaWeb/TodayRaceInfo/Odds3LenFuku?k_babaCode=20&k_raceDate=2026%2F10%2F06&k_raceNo=10
2026-10-06 19:20:00,19:19,2026-10-06,oi,10,10,三連複,4-12-13,877.0,877.0,254,https://www.keiba.go.jp/KeibaWeb/TodayRaceInfo/Odds3LenFuku?k_babaCode=20&k_raceDate=2026%2F10%2F06&k_raceNo=10
2026-10-06 19:20:00,19:19,2026-10-06,oi,10,10,三連複,2-6-10,882.7,882.7,257,https://www.keiba.go.jp/KeibaWeb/TodayRaceInfo/Odds3LenFuku?k_babaCode=20&k_raceDate=2026%2F10%2F06&k_raceNo=10
2026-10-06 19:20:00,19:19,2026-10-06,oi,10,10,三連複,1-4-14,900.4,900.4,261,https://www.keiba.go.jp/KeibaWeb/TodayRaceInfo/Odds3LenFuku?k_babaCode=20&k_raceDate=2026%2F10%2F06&k_raceNo=10
2026-10-06 19:20:00,19:19,2026-10-06,oi,10,10,三連複,2-11-13,906.4,906.4,262,https://www.keiba.go.jp/KeibaWeb/TodayRaceInfo/Odds3LenFuku?k_babaCode=20&k_raceDate=2026%2F10%2F06&k_raceNo=10
2026-10-06 19:20:00,19:19,2026-10-06,oi,10,10,三連複,1-2-11,925.1,925.1,264,https://www.keiba.go.jp/KeibaWeb/TodayRaceInfo/Odds3LenFuku?k_babaCode=20&k_raceDate=2026%2F10%2F06&k_raceNo=10
2026-10-06 19:20:00,19:19,2026-10-06,oi,10,10,三連複,2-3-12,937.9,937.9,265,https://www.keiba.go.jp/KeibaWeb/TodayRaceInfo/Odds3LenFuku?k_babaCode=20&k_raceDate=2026%2F10%2F06&k_raceNo=10
2026-10-06 19:20:00,19:19,2026-10-06,oi,10,10,三連複,4-6-14,944.5,944.5,268,https://www.keiba.go.jp/KeibaWeb/TodayRaceInfo/Odds3LenFuku?k_babaCode=20&k_raceDate=2026%2F10%2F06&k_raceNo=10
2026-10-06 19:20:00,19:19,2026-10-06,oi,10,10,三連複,6-9-16,971.7,971.7,269,https://www.keiba.go.jp/KeibaWeb/TodayRaceInfo/Odds3LenFuku?k_babaCode=20&k_raceDate=2026%2F10%2F06&k_raceNo=10
2026-10-06 19:20:00,19:19,2026-10-06,oi,10,10,三連複,1-11-12,978.7,978.7,271,https://www.keiba.go.jp/KeibaWeb/TodayRaceInfo/Odds3LenFuku?k_babaCode=20&k_raceDate=2026%2F10%2F06&k_raceNo=10
2026-10-06 19:20:00,19:19,2026-10-06,oi,10,10,三連複,6-8-9,978.7,978.7,271,https://www.keiba.go.jp/KeibaWeb/TodayRaceInfo/Odds3LenFuku?k_babaCode=20&k_raceDate=2026%2F10%2F06&k_raceNo=10
2026-10-06 19:20:00,19:19,2026-10-06,oi,10,10,三連複,1-12-13,985.8,985.8,273,https://www.keiba.go.jp/KeibaWeb/TodayRaceInfo/Odds3LenFuku?k_babaCode=20&k_raceDate=2026%2F10%2F06&k_raceNo=10
2026-10-06 19:20:00,19:19,2026-10-06,oi,10,10,三連複,8-11-14,985.8,985.8,273,https://www.keiba.go.jp/KeibaWeb/TodayRaceInfo/Odds3LenFuku?k_babaCode=20&k_raceDate=2026%2F10%2F06&k_raceNo=10
2026-10-06 19:20:00,19:19,2026-10-06,oi,10,10,三連複,3-4-11,993.1,993.1,275,https://www.keiba.go.jp/KeibaWeb/TodayRaceInfo/Odds3LenFuku?k_babaCode=20&k_raceDate=2026%2F10%2F06&k_raceNo=10
2026-10-06 19:20:00,19:19,2026-10-06,oi,10,10,三連複,11-14-16,993.1,993.1,275,https://www.keiba.go.jp/KeibaWeb/TodayRaceInfo/Odds3LenFuku?k_babaCode=20&k_raceDate=2026%2F10%2F06&k_raceNo=10
2026-10-06 19:20:00,19:19,2026-10-06,oi,10,10,三連複,2-6-14,1007.9,1007.9,278,https://www.keiba.go.jp/KeibaWeb/TodayRaceInfo/Odds3LenFuku?k_babaCode=20&k_raceDate=2026%2F10%2F06&k_raceNo=10
2026-10-06 19:20:00,19:19,2026-10-06,oi,10,10,三連複,3-5-13,1007.9,1007.9,278,https://www.keiba.go.jp/KeibaWeb/TodayRaceInfo/Odds3LenFuku?k_babaCode=20&k_raceDate=2026%2F10%2F06&k_raceNo=10
2026-10-06 19:20:00,19:19,2026-10-06,oi,10,10,三連複,4-5-10,1015.5,1015.5,280,https://www.keiba.go.jp/KeibaWeb/TodayRaceInfo/Odds3LenFuku?k_babaCode=20&k_raceDate=2026%2F10%2F06&k_raceNo=10
2026-10-06 19:20:00,19:19,2026-10-06,oi,10,10,三連複,11-12-13,1038.9,1038.9,283,https://www.keiba.go.jp/KeibaWeb/TodayRaceInfo/Odds3LenFuku?k_babaCode=20&k_raceDate=2026%2F10%2F06&k_raceNo=10
2026-10-06 19:20:00,19:19,2026-10-06,oi,10,10,三連複,2-3-13,1047.0,1047.0,284,https://www.keiba.go.jp/KeibaWeb/TodayRaceInfo/Odds3LenFuku?k_babaCode=20&k_raceDate=2026%2F10%2F06&k_raceNo=10
2026-10-06 19:20:00,19:19,2026-10-06,oi,10,10,三連複,1-2-7,1055.2,1055.2,285,https://www.keiba.go.jp/KeibaWeb/TodayRaceInfo/Odds3LenFuku?k_babaCode=20&k_raceDate=2026%2F10%2F06&k_raceNo=10
2026-10-06 19:20:00,19:19,2026-10-06,oi,10,10,三連複,1-5-10,1055.2,1055.2,285,https://www.keiba.go.jp/KeibaWeb/TodayRaceInfo/Odds3LenFuku?k_babaCode=20&k_raceDate=2026%2F10%2F06&k_raceNo=10
2026-10-06 19:20:00,19:19,2026-10-06,oi,10,10,三連複,4-11-12,1063.5,1063.5,287,https://www.keiba.go.jp/KeibaWeb/TodayRaceInfo/Odds3LenFuku?k_babaCode=20&k_raceDate=2026%2F10%2F06&k_raceNo=10
2026-10-06 19:20:00,19:19,2026-10-06,oi,10,10,三連複,6-10-12,1063.5,1063.5,287,https://www.keiba.go.jp/KeibaWeb/TodayRaceInfo/Odds3LenFuku?k_babaCode=20&k_raceDate=2026%2F10%2F06&k_raceNo=10
2026-10-06 19:20:00,19:19,2026-10-06,oi,10,10,三連複,7-12-16,1071.9,1071.9,293,https://www.keiba.go.jp/KeibaWeb/TodayRaceInfo/Odds3LenFuku?k_babaCode=20&k_raceDate=2026%2F10%2F06&k_raceNo=10
2026-10-06 19:20:00,19:19,2026-10-06,oi,10,10,三連複,1-4-10,1107.1,1107.1,294,https://www.keiba.go.jp/KeibaWeb/TodayRaceInfo/Odds3LenFuku?k_babaCode=20&k_raceDate=2026%2F10%2F06&k_raceNo=10
2026-10-06 19:20:00,19:19,2026-10-06,oi,10,10,三連複,2-3-11,1116.2,1116.2,295,https://www.keiba.go.jp/KeibaWeb/TodayRaceInfo/Odds3LenFuku?k_babaCode=20&k_raceDate=2026%2F10%2F06&k_raceNo=10
2026-10-06 19:20:00,19:19,2026-10-06,oi,10,10,三連複,3-4-13,1116.2,1116.2,295,https://www.keiba.go.jp/KeibaWeb/TodayRaceInfo/Odds3LenFuku?k_babaCode=20&k_raceDate=2026%2F10%2F06&k_raceNo=10
2026-10-06 19:20:00,19:19,2026-10-06,oi,10,10,三連複,4-9-16,1125.5,1125.5,297,https://www.keiba.go.jp/KeibaWeb/TodayRaceInfo/Odds3LenFuku?k_babaCode=20&k_raceDate=2026%2F10%2F06&k_raceNo=10
2026-10-06 19:20:00,19:19,2026-10-06,oi,10,10,三連複,1-3-7,1135.0,1135.0,298,https://www.keiba.go.jp/KeibaWeb/TodayRaceInfo/Odds3LenFuku?k_babaCode=20&k_raceDate=2026%2F10%2F06&k_raceNo=10
2026-10-06 19:20:00,19:19,2026-10-06,oi,10,10,三連複,1-2-14,1154.4,1154.4,300,https://www.keiba.go.jp/KeibaWeb/TodayRaceInfo/Odds3LenFuku?k_babaCode=20&k_raceDate=2026%2F10%2F06&k_raceNo=10
2026-10-06 19:20:00,19:19,2026-10-06,oi,10,10,三連複,1-4-7,1174.4,1174.4,301,https://www.keiba.go.jp/KeibaWeb/TodayRaceInfo/Odds3LenFuku?k_babaCode=20&k_raceDate=2026%2F10%2F06&k_raceNo=10
2026-10-06 19:20:00,19:19,2026-10-06,oi,10,10,三連複,1-5-12,1174.4,1174.4,301,https://www.keiba.go.jp/KeibaWeb/TodayRaceInfo/Odds3LenFuku?k_babaCode=20&k_raceDate=2026%2F10%2F06&k_raceNo=10
2026-10-06 19:20:00,19:19,2026-10-06,oi,10,10,三連複,4-5-7,1184.7,1184.7,303,https://www.keiba.go.jp/KeibaWeb/TodayRaceInfo/Odds3LenFuku?k_babaCode=20&k_raceDate=2026%2F10%2F06&k_raceNo=10
2026-10-06 19:20:00,19:19,2026-10-06,oi,10,10,三連複,4-6-7,1205.9,1205.9,304,https://www.keiba.go.jp/KeibaWeb/TodayRaceInfo/Odds3LenFuku?k_babaCode=20&k_raceDate=2026%2F10%2F06&k_raceNo=10
2026-10-06 19:20:00,19:19,2026-10-06,oi,10,10,三連複,1-2-10,1239.1,1239.1,306,https://www.keiba.go.jp/KeibaWeb/TodayRaceInfo/Odds3LenFuku?k_babaCode=20&k_raceDate=2026%2F10%2F06&k_raceNo=10
2026-10-06 19:20:00,19:19,2026-10-06,oi,10,10,三連複,1-3-11,1239.1,1239.1,306,https://www.keiba.go.jp/KeibaWeb/TodayRaceInfo/Odds3LenFuku?k_babaCode=20&k_raceDate=2026%2F10%2F06&k_raceNo=10
2026-10-06 19:20:00,19:19,2026-10-06,oi,10,10,三連複,2-5-11,1239.1,1239.1,306,https://www.keiba.go.jp/KeibaWeb/TodayRaceInfo/Odds3LenFuku?k_babaCode=20&k_raceDate=2026%2F10%2F06&k_raceNo=10
2026-10-06 19:20:00,19:19,2026-10-06,oi,10,10,三連複,4-10-13,1239.1,1239.1,306,https://www.keiba.go.jp/KeibaWeb/TodayRaceInfo/Odds3LenFuku?k_babaCode=20&k_raceDate=2026%2F10%2F06&k_raceNo=10
2026-10-06 19:20:00,19:19,2026-10-06,oi,10,10,三連複,4-13-14,1239.1,1239.1,306,https://www.keiba.go.jp/KeibaWeb/TodayRaceInfo/Odds3LenFuku?k_babaCode=20&k_raceDate=2026%2F10%2F06&k_raceNo=10
2026-10-06 19:20:00,19:19,2026-10-06,oi,10,10,三連複,5-6-14,1239.1,1239.1,306,https://www.keiba.go.jp/KeibaWeb/TodayRaceInfo/Odds3LenFuku?k_babaCode=20&k_raceDate=2026%2F10%2F06&k_raceNo=10
2026-10-06 19:20:00,19:19,2026-10-06,oi,10,10,三連複,7-8-11,1250.6,1250.6,312,https://www.keiba.go.jp/KeibaWeb/TodayRaceInfo/Odds3LenFuku?k_babaCode=20&k_raceDate=2026%2F10%2F06&k_raceNo=10
2026-10-06 19:20:00,19:19,2026-10-06,oi,10,10,三連複,1-3-10,1274.2,1274.2,313,https://www.keiba.go.jp/KeibaWeb/TodayRaceInfo/Odds3LenFuku?k_babaCode=20&k_raceDate=2026%2F10%2F06&k_raceNo=10
2026-10-06 19:20:00,19:19,2026-10-06,oi,10,10,三連複,1-10-13,1274.2,1274.2,313,https://www.keiba.go.jp/KeibaWeb/TodayRaceInfo/Odds3LenFuku?k_babaCode=20&k_raceDate=2026%2F10%2F06&k_raceNo=10
2026-10-06 19:20:00,19:19,2026-10-06,oi,10,10,三連複,1-3-12,1298.7,1298.7,315,https://www.keiba.go.jp/KeibaWeb/TodayRaceInfo/Odds3LenFuku?k_babaCode=20&k_raceDate=2026%2F10%2F06&k_raceNo=10
2026-10-06 19:20:00,19:19,2026-10-06,oi,10,10,三連複,2-4-10,1298.7,1298.7,315,https://www.keiba.go.jp/KeibaWeb/TodayRaceInfo/Odds3LenFuku?k_babaCode=20&k_raceDate=2026%2F10%2F06&k_raceNo=10
2026-10-06 19:20:00,19:19,2026-10-06,oi,10,10,三連複,2-5-10,1311.3,1311.3,317,https://www.keiba.go.jp/KeibaWeb/TodayRaceInfo/Odds3LenFuku?k_babaCode=20&k_raceDate=2026%2F10%2F06&k_raceNo=10
2026-10-06 19:20:00,19:19,2026-10-06,oi,10,10,三連複,4-8-9,1311.3,1311.3,317,https://www.keiba.go.jp/KeibaWeb/TodayRaceInfo/Odds3LenFuku?k_babaCode=20&k_raceDate=2026%2F10%2F06&k_raceNo=10
2026-10-06 19:20:00,19:19,2026-10-06,oi,10,10,三連複,4-5-12,1324.1,1324.1,319,https://www.keiba.go.jp/KeibaWeb/TodayRaceInfo/Odds3LenFuku?k_babaCode=20&k_raceDate=2026%2F10%2F06&k_raceNo=10
2026-10-06 19:20:00,19:19,2026-10-06,oi,10,10,三連複,5-12-13,1350.6,1350.6,320,https://www.keiba.go.jp/KeibaWeb/TodayRaceInfo/Odds3LenFuku?k_babaCode=20&k_raceDate=2026%2F10%2F06&k_raceNo=10
2026-10-06 19:20:00,19:19,2026-10-06,oi,10,10,三連複,10-14-16,1364.3,1364.3,321,https://www.keiba.go.jp/KeibaWeb/TodayRaceInfo/Odds3LenFuku?k_babaCode=20&k_raceDate=2026%2F10%2F06&k_raceNo=10
2026-10-06 19:20:00,19:19,2026-10-06,oi,10,10,三連複,5-13-14,1378.2,1378.2,322,https://www.keiba.go.jp/KeibaWeb/TodayRaceInfo/Odds3LenFuku?k_babaCode=20&k_raceDate=2026%2F10%2F06&k_raceNo=10
2026-10-06 19:20:00,19:19,2026-10-06,oi,10,10,三連複,1-11-14,1436.8,1436.8,324,https://www.keiba.go.jp/KeibaWeb/TodayRaceInfo/Odds3LenFuku?k_babaCode=20&k_raceDate=2026%2F10%2F06&k_raceNo=10
2026-10-06 19:20:00,19:19,2026-10-06,oi,10,10,三連複,3-6-14,1436.8,1436.8,324,https://www.keiba.go.jp/KeibaWeb/TodayRaceInfo/Odds3LenFuku?k_babaCode=20&k_raceDate=2026%2F10%2F06&k_raceNo=10
2026-10-06 19:20:00,19:19,2026-10-06,oi,10,10,三連複,3-8-9,1436.8,1436.8,324,https://www.keiba.go.jp/KeibaWeb/TodayRaceInfo/Odds3LenFuku?k_babaCode=20&k_raceDate=2026%2F10%2F06&k_raceNo=10
2026-10-06 19:20:00,19:19,2026-10-06,oi,10,10,三連複,3-11-13,1452.3,1452.3,327,https://www.keiba.go.jp/KeibaWeb/TodayRaceInfo/Odds3LenFuku?k_babaCode=20&k_raceDate=2026%2F10%2F06&k_raceNo=10
2026-10-06 19:20:00,19:19,2026-10-06,oi,10,10,三連複,7-14-16,1468.1,1468.1,329,https://www.keiba.go.jp/KeibaWeb/TodayRaceInfo/Odds3LenFuku?k_babaCode=20&k_raceDate=2026%2F10%2F06&k_raceNo=10
2026-10-06 19:20:00,19:19,2026-10-06,oi,10,10,三連複,9-13-16,1468.1,1468.1,329,https://www.keiba.go.jp/KeibaWeb/TodayRaceInfo/Odds3LenFuku?k_babaCode=20&k_raceDate=2026%2F10%2F06&k_raceNo=10
2026-10-06 19:20:00,19:19,2026-10-06,oi,10,10,三連複,2-6-7,1484.2,1484.2,331,https://www.keiba.go.jp/KeibaWeb/TodayRaceInfo/Odds3LenFuku?k_babaCode=20&k_raceDate=2026%2F10%2F06&k_raceNo=10
2026-10-06 19:20:00,19:19,2026-10-06,oi,10,10,三連複,2-11-12,1484.2,1484.2,331,https://www.keiba.go.jp/KeibaWeb/TodayRaceInfo/Odds3LenFuku?k_babaCode=20&k_raceDate=2026%2F10%2F06&k_raceNo=10
2026-10-06 19:20:00,19:19,2026-10-06,oi,10,10,三連複,3-5-11,1500.7,1500.7,333,https://www.keiba.go.jp/KeibaWeb/TodayRaceInfo/Odds3LenFuku?k_babaCode=20&k_raceDate=2026%2F10%2F06&k_raceNo=10
2026-10-06 19:20:00,19:19,2026-10-06,oi,10,10,三連複,3-11-12,1534.8,1534.8,334,https://www.keiba.go.jp/KeibaWeb/TodayRaceInfo/Odds3LenFuku?k_babaCode=20&k_raceDate=2026%2F10%2F06&k_raceNo=10
2026-10-06 19:20:00,19:19,2026-10-06,oi,10,10,三連複,7-11-16,1534.8,1534.8,334,https://www.keiba.go.jp/KeibaWeb/TodayRaceInfo/Odds3LenFuku?k_babaCode=20&k_raceDate=2026%2F10%2F06&k_raceNo=10
2026-10-06 19:20:00,19:19,2026-10-06,oi,10,10,三連複,2-13-14,1552.4,1552.4,336,https://www.keiba.go.jp/KeibaWeb/TodayRaceInfo/Odds3LenFuku?k_babaCode=20&k_raceDate=2026%2F10%2F06&k_raceNo=10
2026-10-06 19:20:00,19:19,2026-10-06,oi,10,10,三連複,4-5-14,1552.4,1552.4,336,https://www.keiba.go.jp/KeibaWeb/TodayRaceInfo/Odds3LenFuku?k_babaCode=20&k_raceDate=2026%2F10%2F06&k_raceNo=10
2026-10-06 19:20:00,19:19,2026-10-06,oi,10,10,三連複,7-8-14,1552.4,1552.4,336,https://www.keiba.go.jp/KeibaWeb/TodayRaceInfo/Odds3LenFuku?k_babaCode=20&k_raceDate=2026%2F10%2F06&k_raceNo=10
2026-10-06 19:20:00,19:19,2026-10-06,oi,10,10,三連複,3-4-10,1570.5,1570.5,339,https://www.keiba.go.jp/KeibaWeb/TodayRaceInfo/Odds3LenFuku?k_babaCode=20&k_raceDate=2026%2F10%2F06&k_raceNo=10
2026-10-06 19:20:00,19:19,2026-10-06,oi,10,10,三連複,2-4-14,1589.0,1589.0,340,https://www.keiba.go.jp/KeibaWeb/TodayRaceInfo/Odds3LenFuku?k_babaCode=20&k_raceDate=2026%2F10%2F06&k_raceNo=10
2026-10-06 19:20:00,19:19,2026-10-06,oi,10,10,三連複,2-12-13,1589.0,1589.0,340,https://www.keiba.go.jp/KeibaWeb/TodayRaceInfo/Odds3LenFuku?k_babaCode=20&k_raceDate=2026%2F10%2F06&k_raceNo=10
2026-10-06 19:20:00,19:19,2026-10-06,oi,10,10,三連複,7-10-16,1607.9,1607.9,344,https://www.keiba.go.jp/KeibaWeb/TodayRaceInfo/Odds3LenFuku?k_babaCode=20&k_raceDate=2026%2F10%2F06&k_raceNo=10
2026-10-06 19:20:00,19:19,2026-10-06,oi,10,10,三連複,12-13-14,1607.9,1607.9,344,https://www.keiba.go.jp/KeibaWeb/TodayRaceInfo/Odds3LenFuku?k_babaCode=20&k_raceDate=2026%2F10%2F06&k_raceNo=10
2026-10-06 19:20:00,19:19,2026-10-06,oi,10,10,三連複,2-8-9,1627.3,1627.3,346,https://www.keiba.go.jp/KeibaWeb/TodayRaceInfo/Odds3LenFuku?k_babaCode=20&k_raceDate=2026%2F10%2F06&k_raceNo=10
2026-10-06 19:20:00,19:19,2026-10-06,oi,10,10,三連複,6-7-10,1627.3,1627.3,346,https://www.keiba.go.jp/KeibaWeb/TodayRaceInfo/Odds3LenFuku?k_babaCode=20&k_raceDate=2026%2F10%2F06&k_raceNo=10
2026-10-06 19:20:00,19:19,2026-10-06,oi,10,10,三連複,1-7-13,1647.1,1647.1,348,https://www.keiba.go.jp/KeibaWeb/TodayRaceInfo/Odds3LenFuku?k_babaCode=20&k_raceDate=2026%2F10%2F06&k_raceNo=10
2026-10-06 19:20:00,19:19,2026-10-06,oi,10,10,三連複,5-10-13,1647.1,1647.1,348,https://www.keiba.go.jp/KeibaWeb/TodayRaceInfo/Odds3LenFuku?k_babaCode=20&k_raceDate=2026%2F10%2F06&k_raceNo=10
2026-10-06 19:20:00,19:19,2026-10-06,oi,10,10,三連複,1-5-7,1667.4,1667.4,350,https://www.keiba.go.jp/KeibaWeb/TodayRaceInfo/Odds3LenFuku?k_babaCode=20&k_raceDate=2026%2F10%2F06&k_raceNo=10
2026-10-06 19:20:00,19:19,2026-10-06,oi,10,10,三連複,8-10-14,1688.3,1688.3,351,https://www.keiba.go.jp/KeibaWeb/TodayRaceInfo/Odds3LenFuku?k_babaCode=20&k_raceDate=2026%2F10%2F06&k_raceNo=10
2026-10-06 19:20:00,19:19,2026-10-06,oi,10,10,三連複,2-3-10,1709.7,1709.7,352,https://www.keiba.go.jp/KeibaWeb/TodayRaceInfo/Odds3LenFuku?k_babaCode=20&k_raceDate=2026%2F10%2F06&k_raceNo=10
2026-10-06 19:20:00,19:19,2026-10-06,oi,10,10,三連複,2-10-13,1709.7,1709.7,352,https://www.keiba.go.jp/KeibaWeb/TodayRaceInfo/Odds3LenFuku?k_babaCode=20&k_raceDate=2026%2F10%2F06&k_raceNo=10
2026-10-06 19:20:00,19:19,2026-10-06,oi,10,10,三連複,10-11-13,1709.7,1709.7,352,https://www.keiba.go.jp/KeibaWeb/TodayRaceInfo/Odds3LenFuku?k_babaCode=20&k_raceDate=2026%2F10%2F06&k_raceNo=10
2026-10-06 19:20:00,19:19,2026-10-06,oi,10,10,三連複,1-5-14,1731.6,1731.6,355,https://www.keiba.go.jp/KeibaWeb/TodayRaceInfo/Odds3LenFuku?k_babaCode=20&k_raceDate=2026%2F10%2F06&k_raceNo=10
2026-10-06 19:20:00,19:19,2026-10-06,oi,10,10,三連複,1-10-11,1731.6,1731.6,355,https://www.keiba.go.jp/KeibaWeb/TodayRaceInfo/Odds3LenFuku?k_babaCode=20&k_raceDate=2026%2F10%2F06&k_raceNo=10
2026-10-06 19:20:00,19:19,2026-10-06,oi,10,10,三連複,4-10-12,1731.6,1731.6,355,https://www.keiba.go.jp/KeibaWeb/TodayRaceInfo/Odds3LenFuku?k_babaCode=20&k_raceDate=2026%2F10%2F06&k_raceNo=10
2026-10-06 19:20:00,19:19,2026-10-06,oi,10,10,三連複,5-11-12,1731.6,1731.6,355,https://www.keiba.go.jp/KeibaWeb/TodayRaceInfo/Odds3LenFuku?k_babaCode=20&k_raceDate=2026%2F10%2F06&k_raceNo=10
2026-10-06 19:20:00,19:19,2026-10-06,oi,10,10,三連複,7-8-10,1731.6,1731.6,355,https://www.keiba.go.jp/KeibaWeb/TodayRaceInfo/Odds3LenFuku?k_babaCode=20&k_raceDate=2026%2F10%2F06&k_raceNo=10
2026-10-06 19:20:00,19:19,2026-10-06,oi,10,10,三連複,4-10-11,1754.1,1754.1,360,https://www.keiba.go.jp/KeibaWeb/TodayRaceInfo/Odds3LenFuku?k_babaCode=20&k_raceDate=2026%2F10%2F06&k_raceNo=10
2026-10-06 19:20:00,19:19,2026-10-06,oi,10,10,三連複,5-9-16,1754.1,1754.1,360,https://www.keiba.go.jp/KeibaWeb/TodayRaceInfo/Odds3LenFuku?k_babaCode=20&k_raceDate=2026%2F10%2F06&k_raceNo=10
2026-10-06 19:20:00,19:19,2026-10-06,oi,10,10,三連複,6-10-11,1754.1,1754.1,360,https://www.keiba.go.jp/KeibaWeb/TodayRaceInfo/Odds3LenFuku?k_babaCode=20&k_raceDate=2026%2F10%2F06&k_raceNo=10
2026-10-06 19:20:00,19:19,2026-10-06,oi,10,10,三連複,5-7-13,1777.1,1777.1,363,https://www.keiba.go.jp/KeibaWeb/TodayRaceInfo/Odds3LenFuku?k_babaCode=20&k_raceDate=2026%2F10%2F06&k_raceNo=10
2026-10-06 19:20:00,19:19,2026-10-06,oi,10,10,三連複,6-11-14,1777.1,1777.1,363,https://www.keiba.go.jp/KeibaWeb/TodayRaceInfo/Odds3LenFuku?k_babaCode=20&k_raceDate=2026%2F10%2F06&k_raceNo=10
2026-10-06 19:20:00,19:19,2026-10-06,oi,10,10,三連複,6-12-14,1777.1,1777.1,363,https://www.keiba.go.jp/KeibaWeb/TodayRaceInfo/Odds3LenFuku?k_babaCode=20&k_raceDate=2026%2F10%2F06&k_raceNo=10
2026-10-06 19:20:00,19:19,2026-10-06,oi,10,10,三連複,3-5-10,1800.8,1800.8,367,https://www.keiba.go.jp/KeibaWeb/TodayRaceInfo/Odds3LenFuku?k_babaCode=20&k_raceDate=2026%2F10%2F06&k_raceNo=10
2026-10-06 19:20:00,19:19,2026-10-06,oi,10,10,三連複,3-12-13,1800.8,1800.8,367,https://www.keiba.go.jp/KeibaWeb/TodayRaceInfo/Odds3LenFuku?k_babaCode=20&k_raceDate=2026%2F10%2F06&k_raceNo=10
2026-10-06 19:20:00,19:19,2026-10-06,oi,10,10,三連複,11-13-14,1800.8,1800.8,367,https://www.keiba.go.jp/KeibaWeb/TodayRaceInfo/Odds3LenFuku?k_babaCode=20&k_raceDate=2026%2F10%2F06&k_raceNo=10
2026-10-06 19:20:00,19:19,2026-10-06,oi,10,10,三連複,2-3-7,1850.2,1850.2,370,https://www.keiba.go.jp/KeibaWeb/TodayRaceInfo/Odds3LenFuku?k_babaCode=20&k_raceDate=2026%2F10%2F06&k_raceNo=10
2026-10-06 19:20:00,19:19,2026-10-06,oi,10,10,三連複,2-4-7,1850.2,1850.2,370,https://www.keiba.go.jp/KeibaWeb/TodayRaceInfo/Odds3LenFuku?k_babaCode=20&k_raceDate=2026%2F10%2F06&k_raceNo=10
2026-10-06 19:20:00,19:19,2026-10-06,oi,10,10,三連複,2-5-12,1850.2,1850.2,370,https://www.keiba.go.jp/KeibaWeb/TodayRaceInfo/Odds3LenFuku?k_babaCode=20&k_raceDate=2026%2F10%2F06&k_raceNo=10
2026-10-06 19:20:00,19:19,2026-10-06,oi,10,10,三連複,3-4-7,1850.2,1850.2,370,https://www.keiba.go.jp/KeibaWeb/TodayRaceInfo/Odds3LenFuku?k_babaCode=20&k_raceDate=2026%2F10%2F06&k_raceNo=10
2026-10-06 19:20:00,19:19,2026-10-06,oi,10,10,三連複,3-5-12,1850.2,1850.2,370,https://www.keiba.go.jp/KeibaWeb/TodayRaceInfo/Odds3LenFuku?k_babaCode=20&k_raceDate=2026%2F10%2F06&k_raceNo=10
2026-10-06 19:20:00,19:19,2026-10-06,oi,10,10,三連複,7-13-14,1850.2,1850.2,370,https://www.keiba.go.jp/KeibaWeb/TodayRaceInfo/Odds3LenFuku?k_babaCode=20&k_raceDate=2026%2F10%2F06&k_raceNo=10
2026-10-06 19:20:00,19:19,2026-10-06,oi,10,10,三連複,3-6-7,1875.9,1875.9,376,https://www.keiba.go.jp/KeibaWeb/TodayRaceInfo/Odds3LenFuku?k_babaCode=20&k_raceDate=2026%2F10%2F06&k_raceNo=10
2026-10-06 19:20:00,19:19,2026-10-06,oi,10,10,三連複,3-9-16,1875.9,1875.9,376,https://www.keiba.go.jp/KeibaWeb/TodayRaceInfo/Odds3LenFuku?k_babaCode=20&k_raceDate=2026%2F10%2F06&k_raceNo=10
2026-10-06 19:20:00,19:19,2026-10-06,oi,10,10,三連複,6-7-12,1875.9,1875.9,376,https://www.keiba.go.jp/KeibaWeb/TodayRaceInfo/Odds3LenFuku?k_babaCode=20&k_raceDate=2026%2F10%2F06&k_raceNo=10
2026-10-06 19:20:00,19:19,2026-10-06,oi,10,10,三連複,3-10-13,1957.4,1957.4,380,https://www.keiba.go.jp/KeibaWeb/TodayRaceInfo/Odds3LenFuku?k_babaCode=20&k_raceDate=2026%2F10%2F06&k_raceNo=10
2026-10-06 19:20:00,19:19,2026-10-06,oi,10,10,三連複,2-9-16,2015.9,2015.9,382,https://www.keiba.go.jp/KeibaWeb/TodayRaceInfo/Odds3LenFuku?k_babaCode=20&k_raceDate=2026%2F10%2F06&k_raceNo=10
2026-10-06 19:20:00,19:19,2026-10-06,oi,10,10,三連複,1-3-9,2046.4,2046.4,383,https://www.keiba.go.jp/KeibaWeb/TodayRaceInfo/Odds3LenFuku?k_babaCode=20&k_raceDate=2026%2F10%2F06&k_raceNo=10
2026-10-06 19:20:00,19:19,2026-10-06,oi,10,10,三連複,1-6-9,2046.4,2046.4,383,https://www.keiba.go.jp/KeibaWeb/TodayRaceInfo/Odds3LenFuku?k_babaCode=20&k_raceDate=2026%2F10%2F06&k_raceNo=10
2026-10-06 19:20:00,19:19,2026-10-06,oi,10,10,三連複,4-5-9,2046.4,2046.4,383,https://www.keiba.go.jp/KeibaWeb/TodayRaceInfo/Odds3LenFuku?k_babaCode=20&k_raceDate=2026%2F10%2F06&k_raceNo=10
2026-10-06 19:20:00,19:19,2026-10-06,oi,10,10,三連複,4-7-13,2046.4,2046.4,383,https://www.keiba.go.jp/KeibaWeb/TodayRaceInfo/Odds3LenFuku?k_babaCode=20&k_raceDate=2026%2F10%2F06&k_raceNo=10
2026-10-06 19:20:00,19:19,2026-10-06,oi,10,10,三連複,2-5-7,2110.4,2110.4,387,https://www.keiba.go.jp/KeibaWeb/TodayRaceInfo/Odds3LenFuku?k_babaCode=20&k_raceDate=2026%2F10%2F06&k_raceNo=10
2026-10-06 19:20:00,19:19,2026-10-06,oi,10,10,三連複,10-12-13,2110.4,2110.4,387,https://www.keiba.go.jp/KeibaWeb/TodayRaceInfo/Odds3LenFuku?k_babaCode=20&k_raceDate=2026%2F10%2F06&k_raceNo=10
2026-10-06 19:20:00,19:19,2026-10-06,oi,10,10,三連複,2-3-14,2143.9,2143.9,390,https://www.keiba.go.jp/KeibaWeb/TodayRaceInfo/Odds3LenFuku?k_babaCode=20&k_raceDate=2026%2F10%2F06&k_raceNo=10
2026-10-06 19:20:00,19:19,2026-10-06,oi,10,10,三連複,3-13-14,2143.9,2143.9,390,https://www.keiba.go.jp/KeibaWeb/TodayRaceInfo/Odds3LenFuku?k_babaCode=20&k_raceDate=2026%2F10%2F06&k_raceNo=10
2026-10-06 19:20:00,19:19,2026-10-06,oi,10,10,三連複,5-7-12,2143.9,2143.9,390,https://www.keiba.go.jp/KeibaWeb/TodayRaceInfo/Odds3LenFuku?k_babaCode=20&k_raceDate=2026%2F10%2F06&k_raceNo=10
2026-10-06 19:20:00,19:19,2026-10-06,oi,10,10,三連複,2-5-14,2214.2,2214.2,393,https://www.keiba.go.jp/KeibaWeb/TodayRaceInfo/Odds3LenFuku?k_babaCode=20&k_raceDate=2026%2F10%2F06&k_raceNo=10
2026-10-06 19:20:00,19:19,2026-10-06,oi,10,10,三連複,2-7-12,2214.2,2214.2,393,https://www.keiba.go.jp/KeibaWeb/TodayRaceInfo/Odds3LenFuku?k_babaCode=20&k_raceDate=2026%2F10%2F06&k_raceNo=10
2026-10-06 19:20:00,19:19,2026-10-06,oi,10,10,三連複,4-7-11,2214.2,2214.2,393,https://www.keiba.go.jp/KeibaWeb/TodayRaceInfo/Odds3LenFuku?k_babaCode=20&k_raceDate=2026%2F10%2F06&k_raceNo=10
2026-10-06 19:20:00,19:19,2026-10-06,oi,10,10,三連複,8-9-10,2214.2,2214.2,393,https://www.keiba.go.jp/KeibaWeb/TodayRaceInfo/Odds3LenFuku?k_babaCode=20&k_raceDate=2026%2F10%2F06&k_raceNo=10
2026-10-06 19:20:00,19:19,2026-10-06,oi,10,10,三連複,1-7-12,2251.1,2251.1,397,https://www.keiba.go.jp/KeibaWeb/TodayRaceInfo/Odds3LenFuku?k_babaCode=20&k_raceDate=2026%2F10%2F06&k_raceNo=10
2026-10-06 19:20:00,19:19,2026-10-06,oi,10,10,三連複,2-7-13,2289.2,2289.2,398,https://www.keiba.go.jp/KeibaWeb/TodayRaceInfo/Odds3LenFuku?k_babaCode=20&k_raceDate=2026%2F10%2F06&k_raceNo=10
2026-10-06 19:20:00,19:19,2026-10-06,oi,10,10,三連複,3-6-9,2289.2,2289.2,398,https://www.keiba.go.jp/KeibaWeb/TodayRaceInfo/Odds3LenFuku?k_babaCode=20&k_raceDate=2026%2F10%2F06&k_raceNo=10
2026-10-06 19:20:00,19:19,2026-10-06,oi,10,10,三連複,4-6-9,2289.2,2289.2,398,https://www.keiba.go.jp/KeibaWeb/TodayRaceInfo/Odds3LenFuku?k_babaCode=20&k_raceDate=2026%2F10%2F06&k_raceNo=10
2026-10-06 19:20:00,19:19,2026-10-06,oi,10,10,三連複,5-8-9,2289.2,2289.2,398,https://www.keiba.go.jp/KeibaWeb/TodayRaceInfo/Odds3LenFuku?k_babaCode=20&k_raceDate=2026%2F10%2F06&k_raceNo=10
2026-10-06 19:20:00,19:19,2026-10-06,oi,10,10,三連複,1-7-11,2328.7,2328.7,406,https://www.keiba.go.jp/KeibaWeb/TodayRaceInfo/Odds3LenFuku?k_babaCode=20&k_raceDate=2026%2F10%2F06&k_raceNo=10
2026-10-06 19:20:00,19:19,2026-10-06,oi,10,10,三連複,9-10-16,2328.7,2328.7,406,https://www.keiba.go.jp/KeibaWeb/TodayRaceInfo/Odds3LenFuku?k_babaCode=20&k_raceDate=2026%2F10%2F06&k_raceNo=10
2026-10-06 19:20:00,19:19,2026-10-06,oi,10,10,三連複,1-4-9,2369.5,2369.5,408,https://www.keiba.go.jp/KeibaWeb/TodayRaceInfo/Odds3LenFuku?k_babaCode=20&k_raceDate=2026%2F10%2F06&k_raceNo=10
2026-10-06 19:20:00,19:19,2026-10-06,oi,10,10,三連複,1-12-14,2369.5,2369.5,408,https://www.keiba.go.jp/KeibaWeb/TodayRaceInfo/Odds3LenFuku?k_babaCode=20&k_raceDate=2026%2F10%2F06&k_raceNo=10
2026-10-06 19:20:00,19:19,2026-10-06,oi,10,10,三連複,3-5-7,2369.5,2369.5,408,https://www.keiba.go.jp/KeibaWeb/TodayRaceInfo/Odds3LenFuku?k_babaCode=20&k_raceDate=2026%2F10%2F06&k_raceNo=10
2026-10-06 19:20:00,19:19,2026-10-06,oi,10,10,三連複,7-8-9,2369.5,2369.5,408,https://www.keiba.go.jp/KeibaWeb/TodayRaceInfo/Odds3LenFuku?k_babaCode=20&k_raceDate=2026%2F10%2F06&k_raceNo=10
2026-10-06 19:20:00,19:19,2026-10-06,oi,10,10,三連複,6-7-11,2411.9,2411.9,412,https://www.keiba.go.jp/KeibaWeb/TodayRaceInfo/Odds3LenFuku?k_babaCode=20&k_raceDate=2026%2F10%2F06&k_raceNo=10
2026-10-06 19:20:00,19:19,2026-10-06,oi,10,10,三連複,8-9-12,2411.9,2411.9,412,https://www.keiba.go.jp/KeibaWeb/TodayRaceInfo/Odds3LenFuku?k_babaCode=20&k_raceDate=2026%2F10%2F06&k_raceNo=10
2026-10-06 19:20:00,19:19,2026-10-06,oi,10,10,三連複,9-12-16,2411.9,2411.9,412,https://www.keiba.go.jp/KeibaWeb/TodayRaceInfo/Odds3LenFuku?k_babaCode=20&k_raceDate=2026%2F10%2F06&k_raceNo=10
2026-10-06 19:20:00,19:19,2026-10-06,oi,10,10,三連複,1-3-14,2455.7,2455.7,415,https://www.keiba.go.jp/KeibaWeb/TodayRaceInfo/Odds3LenFuku?k_babaCode=20&k_raceDate=2026%2F10%2F06&k_raceNo=10
2026-10-06 19:20:00,19:19,2026-10-06,oi,10,10,三連複,3-5-14,2501.2,2501.2,416,https://www.keiba.go.jp/KeibaWeb/TodayRaceInfo/Odds3LenFuku?k_babaCode=20&k_raceDate=2026%2F10%2F06&k_raceNo=10
2026-10-06 19:20:00,19:19,2026-10-06,oi,10,10,三連複,7-12-13,2501.2,2501.2,416,https://www.keiba.go.jp/KeibaWeb/TodayRaceInfo/Odds3LenFuku?k_babaCode=20&k_raceDate=2026%2F10%2F06&k_raceNo=10
2026-10-06 19:20:00,19:19,2026-10-06,oi,10,10,三連複,10-11-12,2501.2,2501.2,416,https://www.keiba.go.jp/KeibaWeb/TodayRaceInfo/Odds3LenFuku?k_babaCode=20&k_raceDate=2026%2F10%2F06&k_raceNo=10
2026-10-06 19:20:00,19:19,2026-10-06,oi,10,10,三連複,10-13-14,2548.4,2548.4,419,https://www.keiba.go.jp/KeibaWeb/TodayRaceInfo/Odds3LenFuku?k_babaCode=20&k_raceDate=2026%2F10%2F06&k_raceNo=10
2026-10-06 19:20:00,19:19,2026-10-06,oi,10,10,三連複,1-10-12,2597.4,2597.4,420,https://www.keiba.go.jp/KeibaWeb/TodayRaceInfo/Odds3LenFuku?k_babaCode=20&k_raceDate=2026%2F10%2F06&k_raceNo=10
2026-10-06 19:20:00,19:19,2026-10-06,oi,10,10,三連複,2-10-11,2597.4,2597.4,420,https://www.keiba.go.jp/KeibaWeb/TodayRaceInfo/Odds3LenFuku?k_babaCode=20&k_raceDate=2026%2F10%2F06&k_raceNo=10
2026-10-06 19:20:00,19:19,2026-10-06,oi,10,10,三連複,3-10-11,2597.4,2597.4,420,https://www.keiba.go.jp/KeibaWeb/TodayRaceInfo/Odds3LenFuku?k_babaCode=20&k_raceDate=2026%2F10%2F06&k_raceNo=10
2026-10-06 19:20:00,19:19,2026-10-06,oi,10,10,三連複,4-10-14,2648.3,2648.3,423,https://www.keiba.go.jp/KeibaWeb/TodayRaceInfo/Odds3LenFuku?k_babaCode=20&k_raceDate=2026%2F10%2F06&k_raceNo=10
2026-10-06 19:20:00,19:19,2026-10-06,oi,10,10,三連複,6-7-14,2648.3,2648.3,423,https://www.keiba.go.jp/KeibaWeb/TodayRaceInfo/Odds3LenFuku?k_babaCode=20&k_raceDate=2026%2F10%2F06&k_raceNo=10
2026-10-06 19:20:00,19:19,2026-10-06,oi,10,10,三連複,6-10-14,2648.3,2648.3,423,https://www.keiba.go.jp/KeibaWeb/TodayRaceInfo/Odds3LenFuku?k_babaCode=20&k_raceDate=2026%2F10%2F06&k_raceNo=10
2026-10-06 19:20:00,19:19,2026-10-06,oi,10,10,三連複,11-12-14,2648.3,2648.3,423,https://www.keiba.go.jp/KeibaWeb/TodayRaceInfo/Odds3LenFuku?k_babaCode=20&k_raceDate=2026%2F10%2F06&k_raceNo=10
2026-10-06 19:20:00,19:19,2026-10-06,oi,10,10,三連複,8-9-13,2701.3,2701.3,430,https://www.keiba.go.jp/KeibaWeb/TodayRaceInfo/Odds3LenFuku?k_babaCode=20&k_raceDate=2026%2F10%2F06&k_raceNo=10
2026-10-06 19:20:00,19:19,2026-10-06,oi,10,10,三連複,4-7-9,2756.4,2756.4,431,https://www.keiba.go.jp/KeibaWeb/TodayRaceInfo/Odds3LenFuku?k_babaCode=20&k_raceDate=2026%2F10%2F06&k_raceNo=10
2026-10-06 19:20:00,19:19,2026-10-06,oi,10,10,三連複,7-9-16,2756.4,2756.4,431,https://www.keiba.go.jp/KeibaWeb/TodayRaceInfo/Odds3LenFuku?k_babaCode=20&k_raceDate=2026%2F10%2F06&k_raceNo=10
2026-10-06 19:20:00,19:19,2026-10-06,oi,10,10,三連複,1-9-11,2813.8,2813.8,433,https://www.keiba.go.jp/KeibaWeb/TodayRaceInfo/Odds3LenFuku?k_babaCode=20&k_raceDate=2026%2F10%2F06&k_raceNo=10
2026-10-06 19:20:00,19:19,2026-10-06,oi,10,10,三連複,4-11-14,2813.8,2813.8,433,https://www.keiba.go.jp/KeibaWeb/TodayRaceInfo/Odds3LenFuku?k_babaCode=20&k_raceDate=2026%2F10%2F06&k_raceNo=10
2026-10-06 19:20:00,19:19,2026-10-06,oi,10,10,三連複,8-9-11,2813.8,2813.8,433,https://www.keiba.go.jp/KeibaWeb/TodayRaceInfo/Odds3LenFuku?k_babaCode=20&k_raceDate=2026%2F10%2F06&k_raceNo=10
2026-10-06 19:20:00,19:19,2026-10-06,oi,10,10,三連複,9-11-16,2813.8,2813.8,433,https://www.keiba.go.jp/KeibaWeb/TodayRaceInfo/Odds3LenFuku?k_babaCode=20&k_raceDate=2026%2F10%2F06&k_raceNo=10
2026-10-06 19:20:00,19:19,2026-10-06,oi,10,10,三連複,3-10-12,2936.2,2936.2,440,https://www.keiba.go.jp/KeibaWeb/TodayRaceInfo/Odds3LenFuku?k_babaCode=20&k_raceDate=2026%2F10%2F06&k_raceNo=10
2026-10-06 19:20:00,19:19,2026-10-06,oi,10,10,三連複,1-7-14,3001.4,3001.4,441,https://www.keiba.go.jp/KeibaWeb/TodayRaceInfo/Odds3LenFuku?k_babaCode=20&k_raceDate=2026%2F10%2F06&k_raceNo=10
2026-10-06 19:20:00,19:19,2026-10-06,oi,10,10,三連複,3-4-14,3001.4,3001.4,441,https://www.keiba.go.jp/KeibaWeb/TodayRaceInfo/Odds3LenFuku?k_babaCode=20&k_raceDate=2026%2F10%2F06&k_raceNo=10
2026-10-06 19:20:00,19:19,2026-10-06,oi,10,10,三連複,5-10-12,3001.4,3001.4,441,https://www.keiba.go.jp/KeibaWeb/TodayRaceInfo/Odds3LenFuku?k_babaCode=20&k_raceDate=2026%2F10%2F06&k_raceNo=10
2026-10-06 19:20:00,19:19,2026-10-06,oi,10,10,三連複,1-2-9,3069.6,3069.6,444,https://www.keiba.go.jp/KeibaWeb/TodayRaceInfo/Odds3LenFuku?k_babaCode=20&k_raceDate=2026%2F10%2F06&k_raceNo=10
2026-10-06 19:20:00,19:19,2026-10-06,oi,10,10,三連複,5-10-11,3069.6,3069.6,444,https://www.keiba.go.jp/KeibaWeb/TodayRaceInfo/Odds3LenFuku?k_babaCode=20&k_raceDate=2026%2F10%2F06&k_raceNo=10
2026-10-06 19:20:00,19:19,2026-10-06,oi,10,10,三連複,2-6-9,3141.0,3141.0,446,https://www.keiba.go.jp/KeibaWeb/TodayRaceInfo/Odds3LenFuku?k_babaCode=20&k_raceDate=2026%2F10%2F06&k_raceNo=10
2026-10-06 19:20:00,19:19,2026-10-06,oi,10,10,三連複,5-6-9,3215.8,3215.8,449,https://www.keiba.go.jp/KeibaWeb/TodayRaceInfo/Odds3LenFuku?k_babaCode=20&k_raceDate=2026%2F10%2F06&k_raceNo=10
2026-10-06 19:20:00,19:19,2026-10-06,oi,10,10,三連複,5-11-14,3215.8,3215.8,449,https://www.keiba.go.jp/KeibaWeb/TodayRaceInfo/Odds3LenFuku?k_babaCode=20&k_raceDate=2026%2F10%2F06&k_raceNo=10
2026-10-06 19:20:00,19:19,2026-10-06,oi,10,10,三連複,7-11-13,3215.8,3215.8,449,https://www.keiba.go.jp/KeibaWeb/TodayRaceInfo/Odds3LenFuku?k_babaCode=20&k_raceDate=2026%2F10%2F06&k_raceNo=10
2026-10-06 19:20:00,19:19,2026-10-06,oi,10,10,三連複,2-11-14,3294.3,3294.3,452,https://www.keiba.go.jp/KeibaWeb/TodayRaceInfo/Odds3LenFuku?k_babaCode=20&k_raceDate=2026%2F10%2F06&k_raceNo=10
2026-10-06 19:20:00,19:19,2026-10-06,oi,10,10,三連複,3-11-14,3294.3,3294.3,452,https://www.keiba.go.jp/KeibaWeb/TodayRaceInfo/Odds3LenFuku?k_babaCode=20&k_raceDate=2026%2F10%2F06&k_raceNo=10
2026-10-06 19:20:00,19:19,2026-10-06,oi,10,10,三連複,7-10-13,3294.3,3294.3,452,https://www.keiba.go.jp/KeibaWeb/TodayRaceInfo/Odds3LenFuku?k_babaCode=20&k_raceDate=2026%2F10%2F06&k_raceNo=10
2026-10-06 19:20:00,19:19,2026-10-06,oi,10,10,三連複,1-7-10,3376.6,3376.6,455,https://www.keiba.go.jp/KeibaWeb/TodayRaceInfo/Odds3LenFuku?k_babaCode=20&k_raceDate=2026%2F10%2F06&k_raceNo=10
2026-10-06 19:20:00,19:19,2026-10-06,oi,10,10,三連複,4-7-14,3376.6,3376.6,455,https://www.keiba.go.jp/KeibaWeb/TodayRaceInfo/Odds3LenFuku?k_babaCode=20&k_raceDate=2026%2F10%2F06&k_raceNo=10
2026-10-06 19:20:00,19:19,2026-10-06,oi,10,10,三連複,5-7-11,3376.6,3376.6,455,https://www.keiba.go.jp/KeibaWeb/TodayRaceInfo/Odds3LenFuku?k_babaCode=20&k_raceDate=2026%2F10%2F06&k_raceNo=10
2026-10-06 19:20:00,19:19,2026-10-06,oi,10,10,三連複,2-3-9,3463.2,3463.2,458,https://www.keiba.go.jp/KeibaWeb/TodayRaceInfo/Odds3LenFuku?k_babaCode=20&k_raceDate=2026%2F10%2F06&k_raceNo=10
2026-10-06 19:20:00,19:19,2026-10-06,oi,10,10,三連複,6-9-11,3463.2,3463.2,458,https://www.keiba.go.jp/KeibaWeb/TodayRaceInfo/Odds3LenFuku?k_babaCode=20&k_raceDate=2026%2F10%2F06&k_raceNo=10
2026-10-06 19:20:00,19:19,2026-10-06,oi,10,10,三連複,2-7-11,3554.3,3554.3,460,https://www.keiba.go.jp/KeibaWeb/TodayRaceInfo/Odds3LenFuku?k_babaCode=20&k_raceDate=2026%2F10%2F06&k_raceNo=10
2026-10-06 19:20:00,19:19,2026-10-06,oi,10,10,三連複,4-12-14,3554.3,3554.3,460,https://www.keiba.go.jp/KeibaWeb/TodayRaceInfo/Odds3LenFuku?k_babaCode=20&k_raceDate=2026%2F10%2F06&k_raceNo=10
2026-10-06 19:20:00,19:19,2026-10-06,oi,10,10,三連複,3-7-13,3650.4,3650.4,462,https://www.keiba.go.jp/KeibaWeb/TodayRaceInfo/Odds3LenFuku?k_babaCode=20&k_raceDate=2026%2F10%2F06&k_raceNo=10
2026-10-06 19:20:00,19:19,2026-10-06,oi,10,10,三連複,4-9-11,3650.4,3650.4,462,https://www.keiba.go.jp/KeibaWeb/TodayRaceInfo/Odds3LenFuku?k_babaCode=20&k_raceDate=2026%2F10%2F06&k_raceNo=10
2026-10-06 19:20:00,19:19,2026-10-06,oi,10,10,三連複,6-9-13,3650.4,3650.4,462,https://www.keiba.go.jp/KeibaWeb/TodayRaceInfo/Odds3LenFuku?k_babaCode=20&k_raceDate=2026%2F10%2F06&k_raceNo=10
2026-10-06 19:20:00,19:19,2026-10-06,oi,10,10,三連複,1-5-9,3751.8,3751.8,465,https://www.keiba.go.jp/KeibaWeb/TodayRaceInfo/Odds3LenFuku?k_babaCode=20&k_raceDate=2026%2F10%2F06&k_raceNo=10
2026-10-06 19:20:00,19:19,2026-10-06,oi,10,10,三連複,2-10-12,3751.8,3751.8,465,https://www.keiba.go.jp/KeibaWeb/TodayRaceInfo/Odds3LenFuku?k_babaCode=20&k_raceDate=2026%2F10%2F06&k_raceNo=10
2026-10-06 19:20:00,19:19,2026-10-06,oi,10,10,三連複,5-7-9,3751.8,3751.8,465,https://www.keiba.go.jp/KeibaWeb/TodayRaceInfo/Odds3LenFuku?k_babaCode=20&k_raceDate=2026%2F10%2F06&k_raceNo=10
2026-10-06 19:20:00,19:19,2026-10-06,oi,10,10,三連複,1-10-14,3859.0,3859.0,468,https://www.keiba.go.jp/KeibaWeb/TodayRaceInfo/Odds3LenFuku?k_babaCode=20&k_raceDate=2026%2F10%2F06&k_raceNo=10
2026-10-06 19:20:00,19:19,2026-10-06,oi,10,10,三連複,2-4-9,3859.0,3859.0,468,https://www.keiba.go.jp/KeibaWeb/TodayRaceInfo/Odds3LenFuku?k_babaCode=20&k_raceDate=2026%2F10%2F06&k_raceNo=10
2026-10-06 19:20:00,19:19,2026-10-06,oi,10,10,三連複,4-7-12,3859.0,3859.0,468,https://www.keiba.go.jp/KeibaWeb/TodayRaceInfo/Odds3LenFuku?k_babaCode=20&k_raceDate=2026%2F10%2F06&k_raceNo=10
2026-10-06 19:20:00,19:19,2026-10-06,oi,10,10,三連複,6-7-9,3859.0,3859.0,468,https://www.keiba.go.jp/KeibaWeb/TodayRaceInfo/Odds3LenFuku?k_babaCode=20&k_raceDate=2026%2F10%2F06&k_raceNo=10
2026-10-06 19:20:00,19:19,2026-10-06,oi,10,10,三連複,5-10-14,3972.5,3972.5,472,https://www.keiba.go.jp/KeibaWeb/TodayRaceInfo/Odds3LenFuku?k_babaCode=20&k_raceDate=2026%2F10%2F06&k_raceNo=10
2026-10-06 19:20:00,19:19,2026-10-06,oi,10,10,三連複,2-7-10,4092.9,4092.9,477,https://www.keiba.go.jp/KeibaWeb/TodayRaceInfo/Odds3LenFuku?k_babaCode=20&k_raceDate=2026%2F10%2F06&k_raceNo=10
2026-10-06 19:20:00,19:19,2026-10-06,oi,10,10,三連複,2-7-14,4092.9,4092.9,477,https://www.keiba.go.jp/KeibaWeb/TodayRaceInfo/Odds3LenFuku?k_babaCode=20&k_raceDate=2026%2F10%2F06&k_raceNo=10
2026-10-06 19:20:00,19:19,2026-10-06,oi,10,10,三連複,3-12-14,4220.8,4220.8,479,https://www.keiba.go.jp/KeibaWeb/TodayRaceInfo/Odds3LenFuku?k_babaCode=20&k_raceDate=2026%2F10%2F06&k_raceNo=10
2026-10-06 19:20:00,19:19,2026-10-06,oi,10,10,三連複,8-9-14,4220.8,4220.8,479,https://www.keiba.go.jp/KeibaWeb/TodayRaceInfo/Odds3LenFuku?k_babaCode=20&k_raceDate=2026%2F10%2F06&k_raceNo=10
2026-10-06 19:20:00,19:19,2026-10-06,oi,10,10,三連複,1-7-9,4356.9,4356.9,481,https://www.keiba.go.jp/KeibaWeb/TodayRaceInfo/Odds3LenFuku?k_babaCode=20&k_raceDate=2026%2F10%2F06&k_raceNo=10
2026-10-06 19:20:00,19:19,2026-10-06,oi,10,10,三連複,2-12-14,4356.9,4356.9,481,https://www.keiba.go.jp/KeibaWeb/TodayRaceInfo/Odds3LenFuku?k_babaCode=20&k_raceDate=2026%2F10%2F06&k_raceNo=10
2026-10-06 19:20:00,19:19,2026-10-06,oi,10,10,三連複,3-7-10,4356.9,4356.9,481,https://www.keiba.go.jp/KeibaWeb/TodayRaceInfo/Odds3LenFuku?k_babaCode=20&k_raceDate=2026%2F10%2F06&k_raceNo=10
2026-10-06 19:20:00,19:19,2026-10-06,oi,10,10,三連複,4-7-10,4356.9,4356.9,481,https://www.keiba.go.jp/KeibaWeb/TodayRaceInfo/Odds3LenFuku?k_babaCode=20&k_raceDate=2026%2F10%2F06&k_raceNo=10
2026-10-06 19:20:00,19:19,2026-10-06,oi,10,10,三連複,5-7-14,4356.9,4356.9,481,https://www.keiba.go.jp/KeibaWeb/TodayRaceInfo/Odds3LenFuku?k_babaCode=20&k_raceDate=2026%2F10%2F06&k_raceNo=10
2026-10-06 19:20:00,19:19,2026-10-06,oi,10,10,三連複,2-5-9,4502.2,4502.2,486,https://www.keiba.go.jp/KeibaWeb/TodayRaceInfo/Odds3LenFuku?k_babaCode=20&k_raceDate=2026%2F10%2F06&k_raceNo=10
2026-10-06 19:20:00,19:19,2026-10-06,oi,10,10,三連複,3-7-9,4502.2,4502.2,486,https://www.keiba.go.jp/KeibaWeb/TodayRaceInfo/Odds3LenFuku?k_babaCode=20&k_raceDate=2026%2F10%2F06&k_raceNo=10
2026-10-06 19:20:00,19:19,2026-10-06,oi,10,10,三連複,5-12-14,4502.2,4502.2,486,https://www.keiba.go.jp/KeibaWeb/TodayRaceInfo/Odds3LenFuku?k_babaCode=20&k_raceDate=2026%2F10%2F06&k_raceNo=10
2026-10-06 19:20:00,19:19,2026-10-06,oi,10,10,三連複,10-12-14,4502.2,4502.2,486,https://www.keiba.go.jp/KeibaWeb/TodayRaceInfo/Odds3LenFuku?k_babaCode=20&k_raceDate=2026%2F10%2F06&k_raceNo=10
2026-10-06 19:20:00,19:19,2026-10-06,oi,10,10,三連複,3-4-9,4657.4,4657.4,492,https://www.keiba.go.jp/KeibaWeb/TodayRaceInfo/Odds3LenFuku?k_babaCode=20&k_raceDate=2026%2F10%2F06&k_raceNo=10
2026-10-06 19:20:00,19:19,2026-10-06,oi,10,10,三連複,3-7-11,4657.4,4657.4,492,https://www.keiba.go.jp/KeibaWeb/TodayRaceInfo/Odds3LenFuku?k_babaCode=20&k_raceDate=2026%2F10%2F06&k_raceNo=10
2026-10-06 19:20:00,19:19,2026-10-06,oi,10,10,三連複,7-11-12,4657.4,4657.4,492,https://www.keiba.go.jp/KeibaWeb/TodayRaceInfo/Odds3LenFuku?k_babaCode=20&k_raceDate=2026%2F10%2F06&k_raceNo=10
2026-10-06 19:20:00,19:19,2026-10-06,oi,10,10,三連複,3-7-12,4823.8,4823.8,495,https://www.keiba.go.jp/KeibaWeb/TodayRaceInfo/Odds3LenFuku?k_babaCode=20&k_raceDate=2026%2F10%2F06&k_raceNo=10
2026-10-06 19:20:00,19:19,2026-10-06,oi,10,10,三連複,4-9-13,4823.8,4823.8,495,https://www.keiba.go.jp/KeibaWeb/TodayRaceInfo/Odds3LenFuku?k_babaCode=20&k_raceDate=2026%2F10%2F06&k_raceNo=10
2026-10-06 19:20:00,19:19,2026-10-06,oi,10,10,三連複,5-7-10,4823.8,4823.8,495,https://www.keiba.go.jp/KeibaWeb/TodayRaceInfo/Odds3LenFuku?k_babaCode=20&k_raceDate=2026%2F10%2F06&k_raceNo=10
2026-10-06 19:20:00,19:19,2026-10-06,oi,10,10,三連複,7-12-14,4823.8,4823.8,495,https://www.keiba.go.jp/KeibaWeb/TodayRaceInfo/Odds3LenFuku?k_babaCode=20&k_raceDate=2026%2F10%2F06&k_raceNo=10
2026-10-06 19:20:00,19:19,2026-10-06,oi,10,10,三連複,6-9-10,5002.4,5002.4,499,https://www.keiba.go.jp/KeibaWeb/TodayRaceInfo/Odds3LenFuku?k_babaCode=20&k_raceDate=2026%2F10%2F06&k_raceNo=10
2026-10-06 19:20:00,19:19,2026-10-06,oi,10,10,三連複,1-9-10,5194.8,5194.8,500,https://www.keiba.go.jp/KeibaWeb/TodayRaceInfo/Odds3LenFuku?k_babaCode=20&k_raceDate=2026%2F10%2F06&k_raceNo=10
2026-10-06 19:20:00,19:19,2026-10-06,oi,10,10,三連複,6-9-12,5194.8,5194.8,500,https://www.keiba.go.jp/KeibaWeb/TodayRaceInfo/Odds3LenFuku?k_babaCode=20&k_raceDate=2026%2F10%2F06&k_raceNo=10
2026-10-06 19:20:00,19:19,2026-10-06,oi,10,10,三連複,9-11-13,5194.8,5194.8,500,https://www.keiba.go.jp/KeibaWeb/TodayRaceInfo/Odds3LenFuku?k_babaCode=20&k_raceDate=2026%2F10%2F06&k_raceNo=10
2026-10-06 19:20:00,19:19,2026-10-06,oi,10,10,三連複,2-7-9,5402.6,5402.6,507,https://www.keiba.go.jp/KeibaWeb/TodayRaceInfo/Odds3LenFuku?k_babaCode=20&k_raceDate=2026%2F10%2F06&k_raceNo=10
2026-10-06 19:20:00,19:19,2026-10-06,oi,10,10,三連複,5-9-11,5402.6,5402.6,507,https://www.keiba.go.jp/KeibaWeb/TodayRaceInfo/Odds3LenFuku?k_babaCode=20&k_raceDate=2026%2F10%2F06&k_raceNo=10
2026-10-06 19:20:00,19:19,2026-10-06,oi,10,10,三連複,7-9-11,5627.7,5627.7,509,https://www.keiba.go.jp/KeibaWeb/TodayRaceInfo/Odds3LenFuku?k_babaCode=20&k_raceDate=2026%2F10%2F06&k_raceNo=10
2026-10-06 19:20:00,19:19,2026-10-06,oi,10,10,三連複,7-10-14,5627.7,5627.7,509,https://www.keiba.go.jp/KeibaWeb/TodayRaceInfo/Odds3LenFuku?k_babaCode=20&k_raceDate=2026%2F10%2F06&k_raceNo=10
2026-10-06 19:20:00,19:19,2026-10-06,oi,10,10,三連複,1-9-12,5872.4,5872.4,511,https://www.keiba.go.jp/KeibaWeb/TodayRaceInfo/Odds3LenFuku?k_babaCode=20&k_raceDate=2026%2F10%2F06&k_raceNo=10
2026-10-06 19:20:00,19:19,2026-10-06,oi,10,10,三連複,2-10-14,5872.4,5872.4,511,https://www.keiba.go.jp/KeibaWeb/TodayRaceInfo/Odds3LenFuku?k_babaCode=20&k_raceDate=2026%2F10%2F06&k_raceNo=10
2026-10-06 19:20:00,19:19,2026-10-06,oi,10,10,三連複,7-10-12,5872.4,5872.4,511,https://www.keiba.go.jp/KeibaWeb/TodayRaceInfo/Odds3LenFuku?k_babaCode=20&k_raceDate=2026%2F10%2F06&k_raceNo=10
2026-10-06 19:20:00,19:19,2026-10-06,oi,10,10,三連複,9-14-16,5872.4,5872.4,511,https://www.keiba.go.jp/KeibaWeb/TodayRaceInfo/Odds3LenFuku?k_babaCode=20&k_raceDate=2026%2F10%2F06&k_raceNo=10
2026-10-06 19:20:00,19:19,2026-10-06,oi,10,10,三連複,3-7-14,6139.3,6139.3,515,https://www.keiba.go.jp/KeibaWeb/TodayRaceInfo/Odds3LenFuku?k_babaCode=20&k_raceDate=2026%2F10%2F06&k_raceNo=10
2026-10-06 19:20:00,19:19,2026-10-06,oi,10,10,三連複,4-9-10,6139.3,6139.3,515,https://www.keiba.go.jp/KeibaWeb/TodayRaceInfo/Odds3LenFuku?k_babaCode=20&k_raceDate=2026%2F10%2F06&k_raceNo=10
2026-10-06 19:20:00,19:19,2026-10-06,oi,10,10,三連複,1-9-13,6431.7,6431.7,518,https://www.keiba.go.jp/KeibaWeb/TodayRaceInfo/Odds3LenFuku?k_babaCode=20&k_raceDate=2026%2F10%2F06&k_raceNo=10
2026-10-06 19:20:00,19:19,2026-10-06,oi,10,10,三連複,2-9-11,6431.7,6431.7,518,https://www.keiba.go.jp/KeibaWeb/TodayRaceInfo/Odds3LenFuku?k_babaCode=20&k_raceDate=2026%2F10%2F06&k_raceNo=10
2026-10-06 19:20:00,19:19,2026-10-06,oi,10,10,三連複,10-11-14,6431.7,6431.7,518,https://www.keiba.go.jp/KeibaWeb/TodayRaceInfo/Odds3LenFuku?k_babaCode=20&k_raceDate=2026%2F10%2F06&k_raceNo=10
2026-10-06 19:20:00,19:19,2026-10-06,oi,10,10,三連複,5-9-13,6753.3,6753.3,521,https://www.keiba.go.jp/KeibaWeb/TodayRaceInfo/Odds3LenFuku?k_babaCode=20&k_raceDate=2026%2F10%2F06&k_raceNo=10
2026-10-06 19:20:00,19:19,2026-10-06,oi,10,10,三連複,9-11-12,6753.3,6753.3,521,https://www.keiba.go.jp/KeibaWeb/TodayRaceInfo/Odds3LenFuku?k_babaCode=20&k_raceDate=2026%2F10%2F06&k_raceNo=10
2026-10-06 19:20:00,19:19,2026-10-06,oi,10,10,三連複,2-9-10,7108.7,7108.7,523,https://www.keiba.go.jp/KeibaWeb/TodayRaceInfo/Odds3LenFuku?k_babaCode=20&k_raceDate=2026%2F10%2F06&k_raceNo=10
2026-10-06 19:20:00,19:19,2026-10-06,oi,10,10,三連複,7-10-11,7108.7,7108.7,523,https://www.keiba.go.jp/KeibaWeb/TodayRaceInfo/Odds3LenFuku?k_babaCode=20&k_raceDate=2026%2F10%2F06&k_raceNo=10
2026-10-06 19:20:00,19:19,2026-10-06,oi,10,10,三連複,9-12-13,7108.7,7108.7,523,https://www.keiba.go.jp/KeibaWeb/TodayRaceInfo/Odds3LenFuku?k_babaCode=20&k_raceDate=2026%2F10%2F06&k_raceNo=10
2026-10-06 19:20:00,19:19,2026-10-06,oi,10,10,三連複,3-5-9,7503.7,7503.7,526,https://www.keiba.go.jp/KeibaWeb/TodayRaceInfo/Odds3LenFuku?k_babaCode=20&k_raceDate=2026%2F10%2F06&k_raceNo=10
2026-10-06 19:20:00,19:19,2026-10-06,oi,10,10,三連複,3-10-14,7503.7,7503.7,526,https://www.keiba.go.jp/KeibaWeb/TodayRaceInfo/Odds3LenFuku?k_babaCode=20&k_raceDate=2026%2F10%2F06&k_raceNo=10
2026-10-06 19:20:00,19:19,2026-10-06,oi,10,10,三連複,6-9-14,8441.6,8441.6,532,https://www.keiba.go.jp/KeibaWeb/TodayRaceInfo/Odds3LenFuku?k_babaCode=20&k_raceDate=2026%2F10%2F06&k_raceNo=10
2026-10-06 19:20:00,19:19,2026-10-06,oi,10,10,三連複,9-13-14,8441.6,8441.6,532,https://www.keiba.go.jp/KeibaWeb/TodayRaceInfo/Odds3LenFuku?k_babaCode=20&k_raceDate=2026%2F10%2F06&k_raceNo=10
2026-10-06 19:20:00,19:19,2026-10-06,oi,10,10,三連複,3-9-12,9004.4,9004.4,534,https://www.keiba.go.jp/KeibaWeb/TodayRaceInfo/Odds3LenFuku?k_babaCode=20&k_raceDate=2026%2F10%2F06&k_raceNo=10
2026-10-06 19:20:00,19:19,2026-10-06,oi,10,10,三連複,3-9-13,9004.4,9004.4,534,https://www.keiba.go.jp/KeibaWeb/TodayRaceInfo/Odds3LenFuku?k_babaCode=20&k_raceDate=2026%2F10%2F06&k_raceNo=10
2026-10-06 19:20:00,19:19,2026-10-06,oi,10,10,三連複,4-9-12,9004.4,9004.4,534,https://www.keiba.go.jp/KeibaWeb/TodayRaceInfo/Odds3LenFuku?k_babaCode=20&k_raceDate=2026%2F10%2F06&k_raceNo=10
2026-10-06 19:20:00,19:19,2026-10-06,oi,10,10,三連複,7-9-12,9004.4,9004.4,534,https://www.keiba.go.jp/KeibaWeb/TodayRaceInfo/Odds3LenFuku?k_babaCode=20&k_raceDate=2026%2F10%2F06&k_raceNo=10
2026-10-06 19:20:00,19:19,2026-10-06,oi,10,10,三連複,7-11-14,9004.4,9004.4,534,https://www.keiba.go.jp/KeibaWeb/TodayRaceInfo/Odds3LenFuku?k_babaCode=20&k_raceDate=2026%2F10%2F06&k_raceNo=10
2026-10-06 19:20:00,19:19,2026-10-06,oi,10,10,三連複,2-9-13,9647.6,9647.6,539,https://www.keiba.go.jp/KeibaWeb/TodayRaceInfo/Odds3LenFuku?k_babaCode=20&k_raceDate=2026%2F10%2F06&k_raceNo=10
2026-10-06 19:20:00,19:19,2026-10-06,oi,10,10,三連複,5-9-10,9647.6,9647.6,539,https://www.keiba.go.jp/KeibaWeb/TodayRaceInfo/Odds3LenFuku?k_babaCode=20&k_raceDate=2026%2F10%2F06&k_raceNo=10
2026-10-06 19:20:00,19:19,2026-10-06,oi,10,10,三連複,7-9-13,9647.6,9647.6,539,https://www.keiba.go.jp/KeibaWeb/TodayRaceInfo/Odds3LenFuku?k_babaCode=20&k_raceDate=2026%2F10%2F06&k_raceNo=10
2026-10-06 19:20:00,19:19,2026-10-06,oi,10,10,三連複,9-10-12,9647.6,9647.6,539,https://www.keiba.go.jp/KeibaWeb/TodayRaceInfo/Odds3LenFuku?k_babaCode=20&k_raceDate=2026%2F10%2F06&k_raceNo=10
2026-10-06 19:20:00,19:19,2026-10-06,oi,10,10,三連複,3-9-11,10389.7,10389.7,543,https://www.keiba.go.jp/KeibaWeb/TodayRaceInfo/Odds3LenFuku?k_babaCode=20&k_raceDate=2026%2F10%2F06&k_raceNo=10
2026-10-06 19:20:00,19:19,2026-10-06,oi,10,10,三連複,7-9-10,10389.7,10389.7,543,https://www.keiba.go.jp/KeibaWeb/TodayRaceInfo/Odds3LenFuku?k_babaCode=20&k_raceDate=2026%2F10%2F06&k_raceNo=10
2026-10-06 19:20:00,19:19,2026-10-06,oi,10,10,三連複,9-10-11,10389.7,10389.7,543,https://www.keiba.go.jp/KeibaWeb/TodayRaceInfo/Odds3LenFuku?k_babaCode=20&k_raceDate=2026%2F10%2F06&k_raceNo=10
2026-10-06 19:20:00,19:19,2026-10-06,oi,10,10,三連複,9-10-13,10389.7,10389.7,543,https://www.keiba.go.jp/KeibaWeb/TodayRaceInfo/Odds3LenFuku?k_babaCode=20&k_raceDate=2026%2F10%2F06&k_raceNo=10
2026-10-06 19:20:00,19:19,2026-10-06,oi,10,10,三連複,2-9-12,11255.5,11255.5,547,https://www.keiba.go.jp/KeibaWeb/TodayRaceInfo/Odds3LenFuku?k_babaCode=20&k_raceDate=2026%2F10%2F06&k_raceNo=10
2026-10-06 19:20:00,19:19,2026-10-06,oi,10,10,三連複,3-9-10,11255.5,11255.5,547,https://www.keiba.go.jp/KeibaWeb/TodayRaceInfo/Odds3LenFuku?k_babaCode=20&k_raceDate=2026%2F10%2F06&k_raceNo=10
2026-10-06 19:20:00,19:19,2026-10-06,oi,10,10,三連複,1-9-14,12278.7,12278.7,549,https://www.keiba.go.jp/KeibaWeb/TodayRaceInfo/Odds3LenFuku?k_babaCode=20&k_raceDate=2026%2F10%2F06&k_raceNo=10
2026-10-06 19:20:00,19:19,2026-10-06,oi,10,10,三連複,5-9-12,13506.6,13506.6,550,https://www.keiba.go.jp/KeibaWeb/TodayRaceInfo/Odds3LenFuku?k_babaCode=20&k_raceDate=2026%2F10%2F06&k_raceNo=10
2026-10-06 19:20:00,19:19,2026-10-06,oi,10,10,三連複,2-9-14,15007.4,15007.4,551,https://www.keiba.go.jp/KeibaWeb/TodayRaceInfo/Odds3LenFuku?k_babaCode=20&k_raceDate=2026%2F10%2F06&k_raceNo=10
2026-10-06 19:20:00,19:19,2026-10-06,oi,10,10,三連複,4-9-14,15007.4,15007.4,551,https://www.keiba.go.jp/KeibaWeb/TodayRaceInfo/Odds3LenFuku?k_babaCode=20&k_raceDate=2026%2F10%2F06&k_raceNo=10
2026-10-06 19:20:00,19:19,2026-10-06,oi,10,10,三連複,3-9-14,16883.3,16883.3,554,https://www.keiba.go.jp/KeibaWeb/TodayRaceInfo/Odds3LenFuku?k_babaCode=20&k_raceDate=2026%2F10%2F06&k_raceNo=10
2026-10-06 19:20:00,19:19,2026-10-06,oi,10,10,三連複,7-9-14,22511.1,22511.1,555,https://www.keiba.go.jp/KeibaWeb/TodayRaceInfo/Odds3LenFuku?k_babaCode=20&k_raceDate=2026%2F10%2F06&k_raceNo=10
2026-10-06 19:20:00,19:19,2026-10-06,oi,10,10,三連複,5-9-14,27013.3,27013.3,556,https://www.keiba.go.jp/KeibaWeb/TodayRaceInfo/Odds3LenFuku?k_babaCode=20&k_raceDate=2026%2F10%2F06&k_raceNo=10
2026-10-06 19:20:00,19:19,2026-10-06,oi,10,10,三連複,9-11-14,27013.3,27013.3,556,https://www.keiba.go.jp/KeibaWeb/TodayRaceInfo/Odds3LenFuku?k_babaCode=20&k_raceDate=2026%2F10%2F06&k_raceNo=10
2026-10-06 19:20:00,19:19,2026-10-06,oi,10,10,三連複,9-10-14,33766.6,33766.6,558,https://www.keiba.go.jp/KeibaWeb/TodayRaceInfo/Odds3LenFuku?k_babaCode=20&k_raceDate=2026%2F10%2F06&k_raceNo=10
2026-10-06 19:20:00,19:19,2026-10-06,oi,10,10,三連複,9-12-14,45022.2,45022.2,559,https://www.keiba.go.jp/KeibaWeb/TodayRaceInfo/Odds3LenFuku?k_babaCode=20&k_raceDate=2026%2F10%2F06&k_raceNo=10
2026-10-06 19:20:00,19:19,2026-10-06,oi,10,10,三連単,16-8-2,72.1,72.1,12,https://www.keiba.go.jp/KeibaWeb/TodayRaceInfo/Odds3LenTan?k_babaCode=20&k_raceDate=2026%2F10%2F06&k_raceNo=10&odds_flg=1
2026-10-06 19:20:00,19:19,2026-10-06,oi,10,10,三連単,8-16-2,90.4,90.4,18,https://www.keiba.go.jp/KeibaWeb/TodayRaceInfo/Odds3LenTan?k_babaCode=20&k_raceDate=2026%2F10%2F06&k_raceNo=10&odds_flg=1
2026-10-06 19:20:00,19:19,2026-10-06,oi,10,10,三連単,8-2-16,177.5,177.5,40,https://www.keiba.go.jp/KeibaWeb/TodayRaceInfo/Odds3LenTan?k_babaCode=20&k_raceDate=2026%2F10%2F06&k_raceNo=10&odds_flg=1
2026-10-06 19:20:00,19:19,2026-10-06,oi,10,10,三連単,16-2-8,182.4,182.4,44,https://www.keiba.go.jp/KeibaWeb/TodayRaceInfo/Odds3LenTan?k_babaCode=20&k_raceDate=2026%2F10%2F06&k_raceNo=10&odds_flg=1
2026-10-06 19:20:00,19:19,2026-10-06,oi,10,10,三連単,2-8-16,470.4,470.4,125,https://www.keiba.go.jp/KeibaWeb/TodayRaceInfo/Odds3LenTan?k_babaCode=20&k_raceDate=2026%2F10%2F06&k_raceNo=10&odds_flg=1
2026-10-06 19:20:00,19:19,2026-10-06,oi,10,10,三連単,2-16-8,495.7,495.7,132,https://www.keiba.go.jp/KeibaWeb/TodayRaceInfo/Odds3LenTan?k_babaCode=20&k_raceDate=2026%2F10%2F06&k_raceNo=10&odds_flg=1
