captured_at,source_time,race_date,track,race_no,minutes_before,bet_type,combination,odds_low,odds_high,popularity,source_url
2026-10-06 18:45:00,18:44,2026-10-06,oi,9,10,単勝,1,43.0,43.0,7,https://www.keiba.go.jp/KeibaWeb/TodayRaceInfo/OddsTanFuku?k_babaCode=20&k_raceDate=2026%2F10%2F06&k_raceNo=9
2026-10-06 18:45:00,18:44,2026-10-06,oi,9,10,単勝,2,1.4,1.4,1,https://www.keiba.go.jp/KeibaWeb/TodayRaceInfo/OddsTanFuku?k_babaCode=20&k_raceDate=2026%2F10%2F06&k_raceNo=9
2026-10-06 18:45:00,18:44,2026-10-06,oi,9,10,単勝,3,15.3,15.3,4,https://www.keiba.go.jp/KeibaWeb/TodayRaceInfo/OddsTanFuku?k_babaCode=20&k_raceDate=2026%2F10%2F06&k_raceNo=9
2026-10-06 18:45:00,18:44,2026-10-06,oi,9,10,単勝,4,6.9,6.9,2,https://www.keiba.go.jp/KeibaWeb/TodayRaceInfo/OddsTanFuku?k_babaCode=20&k_raceDate=2026%2F10%2F06&k_raceNo=9
2026-10-06 18:45:00,18:44,2026-10-06,oi,9,10,単勝,5,101.6,101.6,14,https://www.keiba.go.jp/KeibaWeb/TodayRaceInfo/OddsTanFuku?k_babaCode=20&k_raceDate=2026%2F10%2F06&k_raceNo=9
2026-10-06 18:45:00,18:44,2026-10-06,oi,9,10,単勝,6,49.8,49.8,8,https://www.keiba.go.jp/KeibaWeb/TodayRaceInfo/OddsTanFuku?k_babaCode=20&k_raceDate=2026%2F10%2F06&k_raceNo=9
2026-10-06 18:45:00,18:44,2026-10-06,oi,9,10,単勝,7,22.5,22.5,6,https://www.keiba.go.jp/KeibaWeb/TodayRaceInfo/OddsTanFuku?k_babaCode=20&k_raceDate=2026%2F10%2F06&k_raceNo=9
2026-10-06 18:45:00,18:44,2026-10-06,oi,9,10,単勝,8,16.2,16.2,5,https://www.keiba.go.jp/KeibaWeb/TodayRaceInfo/OddsTanFuku?k_babaCode=20&k_raceDate=2026%2F10%2F06&k_raceNo=9
2026-10-06 18:45:00,18:44,2026-10-06,oi,9,10,単勝,9,55.9,55.9,9,https://www.keiba.go.jp/KeibaWeb/TodayRaceInfo/OddsTanFuku?k_babaCode=20&k_raceDate=2026%2F10%2F06&k_raceNo=9
2026-10-06 18:45:00,18:44,2026-10-06,oi,9,10,単勝,10,59.5,59.5,10,https://www.keiba.go.jp/KeibaWeb/TodayRaceInfo/OddsTanFuku?k_babaCode=20&k_raceDate=2026%2F10%2F06&k_raceNo=9
2026-10-06 18:45:00,18:44,2026-10-06,oi,9,10,単勝,11,9.1,9.1,3,https://www.keiba.go.jp/KeibaWeb/TodayRaceInfo/OddsTanFuku?k_babaCode=20&k_raceDate=2026%2F10%2F06&k_raceNo=9
2026-10-06 18:45:00,18:44,2026-10-06,oi,9,10,単勝,12,90.1,90.1,12,https://www.keiba.go.jp/KeibaWeb/TodayRaceInfo/OddsTanFuku?k_babaCode=20&k_raceDate=2026%2F10%2F06&k_raceNo=9
2026-10-06 18:45:00,18:44,2026-10-06,oi,9,10,単勝,13,96.2,96.2,13,https://www.keiba.go.jp/KeibaWeb/TodayRaceInfo/OddsTanFuku?k_babaCode=20&k_raceDate=2026%2F10%2F06&k_raceNo=9
2026-10-06 18:45:00,18:44,2026-10-06,oi,9,10,単勝,14,65.9,65.9,11,https://www.keiba.go.jp/KeibaWeb/TodayRaceInfo/OddsTanFuku?k_babaCode=20&k_raceDate=2026%2F10%2F06&k_raceNo=9
2026-10-06 18:45:00,18:44,2026-10-06,oi,9,10,馬連,2-4,4.2,4.2,1,https://www.keiba.go.jp/KeibaWeb/TodayRaceInfo/OddsUmLenFuku?k_babaCode=20&k_raceDate=2026%2F10%2F06&k_raceNo=9
2026-10-06 18:45:00,18:44,2026-10-06,oi,9,10,馬連,2-11,4.6,4.6,2,https://www.keiba.go.jp/KeibaWeb/TodayRaceInfo/OddsUmLenFuku?k_babaCode=20&k_raceDate=2026%2F10%2F06&k_raceNo=9
2026-10-06 18:45:00,18:44,2026-10-06,oi,9,10,馬連,2-3,7.0,7.0,3,https://www.keiba.go.jp/KeibaWeb/TodayRaceInfo/OddsUmLenFuku?k_babaCode=20&k_raceDate=2026%2F10%2F06&k_raceNo=9
2026-10-06 18:45:00,18:44,2026-10-06,oi,9,10,馬連,2-8,8.3,8.3,4,https://www.keiba.go.jp/KeibaWeb/TodayRaceInfo/OddsUmLenFuku?k_babaCode=20&k_raceDate=2026%2F10%2F06&k_raceNo=9
2026-10-06 18:45:00,18:44,2026-10-06,oi,9,10,馬連,2-7,13.8,13.8,5,https://www.keiba.go.jp/KeibaWeb/TodayRaceInfo/OddsUmLenFuku?k_babaCode=20&k_raceDate=2026%2F10%2F06&k_raceNo=9
2026-10-06 18:45:00,18:44,2026-10-06,oi,9,10,馬連,4-11,21.1,21.1,6,https://www.keiba.go.jp/KeibaWeb/TodayRaceInfo/OddsUmLenFuku?k_babaCode=20&k_raceDate=2026%2F10%2F06&k_raceNo=9
2026-10-06 18:45:00,18:44,2026-10-06,oi,9,10,馬連,3-4,25.9,25.9,7,https://www.keiba.go.jp/KeibaWeb/TodayRaceInfo/OddsUmLenFuku?k_babaCode=20&k_raceDate=2026%2F10%2F06&k_raceNo=9
2026-10-06 18:45:00,18:44,2026-10-06,oi,9,10,馬連,2-10,32.9,32.9,8,https://www.keiba.go.jp/KeibaWeb/TodayRaceInfo/OddsUmLenFuku?k_babaCode=20&k_raceDate=2026%2F10%2F06&k_raceNo=9
2026-10-06 18:45:00,18:44,2026-10-06,oi,9,10,馬連,2-9,34.3,34.3,9,https://www.keiba.go.jp/KeibaWeb/TodayRaceInfo/OddsUmLenFuku?k_babaCode=20&k_raceDate=2026%2F10%2F06&k_raceNo=9
2026-10-06 18:45:00,18:44,2026-10-06,oi,9,10,馬連,2-6,34.8,34.8,10,https://www.keiba.go.jp/KeibaWeb/TodayRaceInfo/OddsUmLenFuku?k_babaCode=20&k_raceDate=2026%2F10%2F06&k_raceNo=9
2026-10-06 18:45:00,18:44,2026-10-06,oi,9,10,馬連,3-11,37.5,37.5,11,https://www.keiba.go.jp/KeibaWeb/TodayRaceInfo/OddsUmLenFuku?k_babaCode=20&k_raceDate=2026%2F10%2F06&k_raceNo=9
2026-10-06 18:45:00,18:44,2026-10-06,oi,9,10,馬連,8-11,38.7,38.7,12,https://www.keiba.go.jp/KeibaWeb/TodayRaceInfo/OddsUmLenFuku?k_babaCode=20&k_raceDate=2026%2F10%2F06&k_raceNo=9
2026-10-06 18:45:00,18:44,2026-10-06,oi,9,10,馬連,4-8,40.1,40.1,13,https://www.keiba.go.jp/KeibaWeb/TodayRaceInfo/OddsUmLenFuku?k_babaCode=20&k_raceDate=2026%2F10%2F06&k_raceNo=9
2026-10-06 18:45:00,18:44,2026-10-06,oi,9,10,馬連,1-2,49.5,49.5,14,https://www.keiba.go.jp/KeibaWeb/TodayRaceInfo/OddsUmLenFuku?k_babaCode=20&k_raceDate=2026%2F10%2F06&k_raceNo=9
2026-10-06 18:45:00,18:44,2026-10-06,oi,9,10,馬連,2-5,49.6,49.6,15,https://www.keiba.go.jp/KeibaWeb/TodayRaceInfo/OddsUmLenFuku?k_babaCode=20&k_raceDate=2026%2F10%2F06&k_raceNo=9
2026-10-06 18:45:00,18:44,2026-10-06,oi,9,10,馬連,2-12,50.0,50.0,16,https://www.keiba.go.jp/KeibaWeb/TodayRaceInfo/OddsUmLenFuku?k_babaCode=20&k_raceDate=2026%2F10%2F06&k_raceNo=9
2026-10-06 18:45:00,18:44,2026-10-06,oi,9,10,馬連,2-14,53.6,53.6,17,https://www.keiba.go.jp/KeibaWeb/TodayRaceInfo/OddsUmLenFuku?k_babaCode=20&k_raceDate=2026%2F10%2F06&k_raceNo=9
2026-10-06 18:45:00,18:44,2026-10-06,oi,9,10,馬連,7-11,55.9,55.9,18,https://www.keiba.go.jp/KeibaWeb/TodayRaceInfo/OddsUmLenFuku?k_babaCode=20&k_raceDate=2026%2F10%2F06&k_raceNo=9
2026-10-06 18:45:00,18:44,2026-10-06,oi,9,10,馬連,4-7,67.5,67.5,19,https://www.keiba.go.jp/KeibaWeb/TodayRaceInfo/OddsUmLenFuku?k_babaCode=20&k_raceDate=2026%2F10%2F06&k_raceNo=9
2026-10-06 18:45:00,18:44,2026-10-06,oi,9,10,馬連,3-8,73.0,73.0,20,https://www.keiba.go.jp/KeibaWeb/TodayRaceInfo/OddsUmLenFuku?k_babaCode=20&k_raceDate=2026%2F10%2F06&k_raceNo=9
2026-10-06 18:45:00,18:44,2026-10-06,oi,9,10,馬連,2-13,97.3,97.3,21,https://www.keiba.go.jp/KeibaWeb/TodayRaceInfo/OddsUmLenFuku?k_babaCode=20&k_raceDate=2026%2F10%2F06&k_raceNo=9
2026-10-06 18:45:00,18:44,2026-10-06,oi,9,10,馬連,3-7,113.3,113.3,22,https://www.keiba.go.jp/KeibaWeb/TodayRaceInfo/OddsUmLenFuku?k_babaCode=20&k_raceDate=2026%2F10%2F06&k_raceNo=9
2026-10-06 18:45:00,18:44,2026-10-06,oi,9,10,馬連,7-8,115.8,115.8,23,https://www.keiba.go.jp/KeibaWeb/TodayRaceInfo/OddsUmLenFuku?k_babaCode=20&k_raceDate=2026%2F10%2F06&k_raceNo=9
2026-10-06 18:45:00,18:44,2026-10-06,oi,9,10,馬連,9-11,169.6,169.6,24,https://www.keiba.go.jp/KeibaWeb/TodayRaceInfo/OddsUmLenFuku?k_babaCode=20&k_raceDate=2026%2F10%2F06&k_raceNo=9
2026-10-06 18:45:00,18:44,2026-10-06,oi,9,10,馬連,4-9,170.7,170.7,25,https://www.keiba.go.jp/KeibaWeb/TodayRaceInfo/OddsUmLenFuku?k_babaCode=20&k_raceDate=2026%2F10%2F06&k_raceNo=9
2026-10-06 18:45:00,18:44,2026-10-06,oi,9,10,馬連,11-12,196.2,196.2,26,https://www.keiba.go.jp/KeibaWeb/TodayRaceInfo/OddsUmLenFuku?k_babaCode=20&k_raceDate=2026%2F10%2F06&k_raceNo=9
2026-10-06 18:45:00,18:44,2026-10-06,oi,9,10,馬連,6-11,205.4,205.4,27,https://www.keiba.go.jp/KeibaWeb/TodayRaceInfo/OddsUmLenFuku?k_babaCode=20&k_raceDate=2026%2F10%2F06&k_raceNo=9
2026-10-06 18:45:00,18:44,2026-10-06,oi,9,10,馬連,10-11,207.0,207.0,28,https://www.keiba.go.jp/KeibaWeb/TodayRaceInfo/OddsUmLenFuku?k_babaCode=20&k_raceDate=2026%2F10%2F06&k_raceNo=9
2026-10-06 18:45:00,18:44,2026-10-06,oi,9,10,馬連,4-14,210.3,210.3,29,https://www.keiba.go.jp/KeibaWeb/TodayRaceInfo/OddsUmLenFuku?k_babaCode=20&k_raceDate=2026%2F10%2F06&k_raceNo=9
2026-10-06 18:45:00,18:44,2026-10-06,oi,9,10,馬連,4-6,212.0,212.0,30,https://www.keiba.go.jp/KeibaWeb/TodayRaceInfo/OddsUmLenFuku?k_babaCode=20&k_raceDate=2026%2F10%2F06&k_raceNo=9
2026-10-06 18:45:00,18:44,2026-10-06,oi,9,10,馬連,6-8,213.7,213.7,31,https://www.keiba.go.jp/KeibaWeb/TodayRaceInfo/OddsUmLenFuku?k_babaCode=20&k_raceDate=2026%2F10%2F06&k_raceNo=9
2026-10-06 18:45:00,18:44,2026-10-06,oi,9,10,馬連,4-10,257.7,257.7,32,https://www.keiba.go.jp/KeibaWeb/TodayRaceInfo/OddsUmLenFuku?k_babaCode=20&k_raceDate=2026%2F10%2F06&k_raceNo=9
2026-10-06 18:45:00,18:44,2026-10-06,oi,9,10,馬連,1-4,260.3,260.3,33,https://www.keiba.go.jp/KeibaWeb/TodayRaceInfo/OddsUmLenFuku?k_babaCode=20&k_raceDate=2026%2F10%2F06&k_raceNo=9
2026-10-06 18:45:00,18:44,2026-10-06,oi,9,10,馬連,4-5,260.3,260.3,33,https://www.keiba.go.jp/KeibaWeb/TodayRaceInfo/OddsUmLenFuku?k_babaCode=20&k_raceDate=2026%2F10%2F06&k_raceNo=9
2026-10-06 18:45:00,18:44,2026-10-06,oi,9,10,馬連,8-9,260.3,260.3,33,https://www.keiba.go.jp/KeibaWeb/TodayRaceInfo/OddsUmLenFuku?k_babaCode=20&k_raceDate=2026%2F10%2F06&k_raceNo=9
2026-10-06 18:45:00,18:44,2026-10-06,oi,9,10,馬連,3-9,279.6,279.6,36,https://www.keiba.go.jp/KeibaWeb/TodayRaceInfo/OddsUmLenFuku?k_babaCode=20&k_raceDate=2026%2F10%2F06&k_raceNo=9
2026-10-06 18:45:00,18:44,2026-10-06,oi,9,10,馬連,3-6,285.7,285.7,37,https://www.keiba.go.jp/KeibaWeb/TodayRaceInfo/OddsUmLenFuku?k_babaCode=20&k_raceDate=2026%2F10%2F06&k_raceNo=9
2026-10-06 18:45:00,18:44,2026-10-06,oi,9,10,馬連,11-14,292.1,292.1,38,https://www.keiba.go.jp/KeibaWeb/TodayRaceInfo/OddsUmLenFuku?k_babaCode=20&k_raceDate=2026%2F10%2F06&k_raceNo=9
2026-10-06 18:45:00,18:44,2026-10-06,oi,9,10,馬連,1-8,305.7,305.7,39,https://www.keiba.go.jp/KeibaWeb/TodayRaceInfo/OddsUmLenFuku?k_babaCode=20&k_raceDate=2026%2F10%2F06&k_raceNo=9
2026-10-06 18:45:00,18:44,2026-10-06,oi,9,10,馬連,8-10,309.3,309.3,40,https://www.keiba.go.jp/KeibaWeb/TodayRaceInfo/OddsUmLenFuku?k_babaCode=20&k_raceDate=2026%2F10%2F06&k_raceNo=9
2026-10-06 18:45:00,18:44,2026-10-06,oi,9,10,馬連,1-11,316.7,316.7,41,https://www.keiba.go.jp/KeibaWeb/TodayRaceInfo/OddsUmLenFuku?k_babaCode=20&k_raceDate=2026%2F10%2F06&k_raceNo=9
2026-10-06 18:45:00,18:44,2026-10-06,oi,9,10,馬連,4-12,332.8,332.8,42,https://www.keiba.go.jp/KeibaWeb/TodayRaceInfo/OddsUmLenFuku?k_babaCode=20&k_raceDate=2026%2F10%2F06&k_raceNo=9
2026-10-06 18:45:00,18:44,2026-10-06,oi,9,10,馬連,1-3,365.1,365.1,43,https://www.keiba.go.jp/KeibaWeb/TodayRaceInfo/OddsUmLenFuku?k_babaCode=20&k_raceDate=2026%2F10%2F06&k_raceNo=9
2026-10-06 18:45:00,18:44,2026-10-06,oi,9,10,馬連,8-14,365.1,365.1,43,https://www.keiba.go.jp/KeibaWeb/TodayRaceInfo/OddsUmLenFuku?k_babaCode=20&k_raceDate=2026%2F10%2F06&k_raceNo=9
2026-10-06 18:45:00,18:44,2026-10-06,oi,9,10,馬連,3-10,370.2,370.2,45,https://www.keiba.go.jp/KeibaWeb/TodayRaceInfo/OddsUmLenFuku?k_babaCode=20&k_raceDate=2026%2F10%2F06&k_raceNo=9
2026-10-06 18:45:00,18:44,2026-10-06,oi,9,10,馬連,3-14,370.2,370.2,45,https://www.keiba.go.jp/KeibaWeb/TodayRaceInfo/OddsUmLenFuku?k_babaCode=20&k_raceDate=2026%2F10%2F06&k_raceNo=9
2026-10-06 18:45:00,18:44,2026-10-06,oi,9,10,馬連,5-11,370.2,370.2,45,https://www.keiba.go.jp/KeibaWeb/TodayRaceInfo/OddsUmLenFuku?k_babaCode=20&k_raceDate=2026%2F10%2F06&k_raceNo=9
2026-10-06 18:45:00,18:44,2026-10-06,oi,9,10,馬連,6-7,392.4,392.4,48,https://www.keiba.go.jp/KeibaWeb/TodayRaceInfo/OddsUmLenFuku?k_babaCode=20&k_raceDate=2026%2F10%2F06&k_raceNo=9
2026-10-06 18:45:00,18:44,2026-10-06,oi,9,10,馬連,7-9,398.3,398.3,49,https://www.keiba.go.jp/KeibaWeb/TodayRaceInfo/OddsUmLenFuku?k_babaCode=20&k_raceDate=2026%2F10%2F06&k_raceNo=9
2026-10-06 18:45:00,18:44,2026-10-06,oi,9,10,馬連,3-5,404.4,404.4,50,https://www.keiba.go.jp/KeibaWeb/TodayRaceInfo/OddsUmLenFuku?k_babaCode=20&k_raceDate=2026%2F10%2F06&k_raceNo=9
2026-10-06 18:45:00,18:44,2026-10-06,oi,9,10,馬連,8-12,404.4,404.4,50,https://www.keiba.go.jp/KeibaWeb/TodayRaceInfo/OddsUmLenFuku?k_babaCode=20&k_raceDate=2026%2F10%2F06&k_raceNo=9
2026-10-06 18:45:00,18:44,2026-10-06,oi,9,10,馬連,7-10,424.0,424.0,52,https://www.keiba.go.jp/KeibaWeb/TodayRaceInfo/OddsUmLenFuku?k_babaCode=20&k_raceDate=2026%2F10%2F06&k_raceNo=9
2026-10-06 18:45:00,18:44,2026-10-06,oi,9,10,馬連,5-8,469.4,469.4,53,https://www.keiba.go.jp/KeibaWeb/TodayRaceInfo/OddsUmLenFuku?k_babaCode=20&k_raceDate=2026%2F10%2F06&k_raceNo=9
2026-10-06 18:45:00,18:44,2026-10-06,oi,9,10,馬連,3-12,505.6,505.6,54,https://www.keiba.go.jp/KeibaWeb/TodayRaceInfo/OddsUmLenFuku?k_babaCode=20&k_raceDate=2026%2F10%2F06&k_raceNo=9
2026-10-06 18:45:00,18:44,2026-10-06,oi,9,10,馬連,7-14,515.5,515.5,55,https://www.keiba.go.jp/KeibaWeb/TodayRaceInfo/OddsUmLenFuku?k_babaCode=20&k_raceDate=2026%2F10%2F06&k_raceNo=9
2026-10-06 18:45:00,18:44,2026-10-06,oi,9,10,馬連,8-13,515.5,515.5,55,https://www.keiba.go.jp/KeibaWeb/TodayRaceInfo/OddsUmLenFuku?k_babaCode=20&k_raceDate=2026%2F10%2F06&k_raceNo=9
2026-10-06 18:45:00,18:44,2026-10-06,oi,9,10,馬連,11-13,559.3,559.3,57,https://www.keiba.go.jp/KeibaWeb/TodayRaceInfo/OddsUmLenFuku?k_babaCode=20&k_raceDate=2026%2F10%2F06&k_raceNo=9
2026-10-06 18:45:00,18:44,2026-10-06,oi,9,10,馬連,6-9,625.9,625.9,58,https://www.keiba.go.jp/KeibaWeb/TodayRaceInfo/OddsUmLenFuku?k_babaCode=20&k_raceDate=2026%2F10%2F06&k_raceNo=9
2026-10-06 18:45:00,18:44,2026-10-06,oi,9,10,馬連,1-6,641.2,641.2,59,https://www.keiba.go.jp/KeibaWeb/TodayRaceInfo/OddsUmLenFuku?k_babaCode=20&k_raceDate=2026%2F10%2F06&k_raceNo=9
2026-10-06 18:45:00,18:44,2026-10-06,oi,9,10,馬連,1-7,657.2,657.2,60,https://www.keiba.go.jp/KeibaWeb/TodayRaceInfo/OddsUmLenFuku?k_babaCode=20&k_raceDate=2026%2F10%2F06&k_raceNo=9
2026-10-06 18:45:00,18:44,2026-10-06,oi,9,10,馬連,1-5,691.8,691.8,61,https://www.keiba.go.jp/KeibaWeb/TodayRaceInfo/OddsUmLenFuku?k_babaCode=20&k_raceDate=2026%2F10%2F06&k_raceNo=9
2026-10-06 18:45:00,18:44,2026-10-06,oi,9,10,馬連,9-10,691.8,691.8,61,https://www.keiba.go.jp/KeibaWeb/TodayRaceInfo/OddsUmLenFuku?k_babaCode=20&k_raceDate=2026%2F10%2F06&k_raceNo=9
2026-10-06 18:45:00,18:44,2026-10-06,oi,9,10,馬連,1-9,773.2,773.2,63,https://www.keiba.go.jp/KeibaWeb/TodayRaceInfo/OddsUmLenFuku?k_babaCode=20&k_raceDate=2026%2F10%2F06&k_raceNo=9
2026-10-06 18:45:00,18:44,2026-10-06,oi,9,10,馬連,3-13,821.6,821.6,64,https://www.keiba.go.jp/KeibaWeb/TodayRaceInfo/OddsUmLenFuku?k_babaCode=20&k_raceDate=2026%2F10%2F06&k_raceNo=9
2026-10-06 18:45:00,18:44,2026-10-06,oi,9,10,馬連,5-6,821.6,821.6,64,https://www.keiba.go.jp/KeibaWeb/TodayRaceInfo/OddsUmLenFuku?k_babaCode=20&k_raceDate=2026%2F10%2F06&k_raceNo=9
2026-10-06 18:45:00,18:44,2026-10-06,oi,9,10,馬連,6-14,821.6,821.6,64,https://www.keiba.go.jp/KeibaWeb/TodayRaceInfo/OddsUmLenFuku?k_babaCode=20&k_raceDate=2026%2F10%2F06&k_raceNo=9
2026-10-06 18:45:00,18:44,2026-10-06,oi,9,10,馬連,10-12,848.1,848.1,67,https://www.keiba.go.jp/KeibaWeb/TodayRaceInfo/OddsUmLenFuku?k_babaCode=20&k_raceDate=2026%2F10%2F06&k_raceNo=9
2026-10-06 18:45:00,18:44,2026-10-06,oi,9,10,馬連,4-13,906.5,906.5,68,https://www.keiba.go.jp/KeibaWeb/TodayRaceInfo/OddsUmLenFuku?k_babaCode=20&k_raceDate=2026%2F10%2F06&k_raceNo=9
2026-10-06 18:45:00,18:44,2026-10-06,oi,9,10,馬連,5-7,973.7,973.7,69,https://www.keiba.go.jp/KeibaWeb/TodayRaceInfo/OddsUmLenFuku?k_babaCode=20&k_raceDate=2026%2F10%2F06&k_raceNo=9
2026-10-06 18:45:00,18:44,2026-10-06,oi,9,10,馬連,7-12,973.7,973.7,69,https://www.keiba.go.jp/KeibaWeb/TodayRaceInfo/OddsUmLenFuku?k_babaCode=20&k_raceDate=2026%2F10%2F06&k_raceNo=9
2026-10-06 18:45:00,18:44,2026-10-06,oi,9,10,馬連,9-12,1011.2,1011.2,71,https://www.keiba.go.jp/KeibaWeb/TodayRaceInfo/OddsUmLenFuku?k_babaCode=20&k_raceDate=2026%2F10%2F06&k_raceNo=9
2026-10-06 18:45:00,18:44,2026-10-06,oi,9,10,馬連,1-12,1051.6,1051.6,72,https://www.keiba.go.jp/KeibaWeb/TodayRaceInfo/OddsUmLenFuku?k_babaCode=20&k_raceDate=2026%2F10%2F06&k_raceNo=9
2026-10-06 18:45:00,18:44,2026-10-06,oi,9,10,馬連,1-14,1051.6,1051.6,72,https://www.keiba.go.jp/KeibaWeb/TodayRaceInfo/OddsUmLenFuku?k_babaCode=20&k_raceDate=2026%2F10%2F06&k_raceNo=9
2026-10-06 18:45:00,18:44,2026-10-06,oi,9,10,馬連,6-10,1143.0,1143.0,74,https://www.keiba.go.jp/KeibaWeb/TodayRaceInfo/OddsUmLenFuku?k_babaCode=20&k_raceDate=2026%2F10%2F06&k_raceNo=9
2026-10-06 18:45:00,18:44,2026-10-06,oi,9,10,馬連,9-14,1195.0,1195.0,75,https://www.keiba.go.jp/KeibaWeb/TodayRaceInfo/OddsUmLenFuku?k_babaCode=20&k_raceDate=2026%2F10%2F06&k_raceNo=9
2026-10-06 18:45:00,18:44,2026-10-06,oi,9,10,馬連,10-14,1195.0,1195.0,75,https://www.keiba.go.jp/KeibaWeb/TodayRaceInfo/OddsUmLenFuku?k_babaCode=20&k_raceDate=2026%2F10%2F06&k_raceNo=9
2026-10-06 18:45:00,18:44,2026-10-06,oi,9,10,馬連,6-12,1314.5,1314.5,77,https://www.keiba.go.jp/KeibaWeb/TodayRaceInfo/OddsUmLenFuku?k_babaCode=20&k_raceDate=2026%2F10%2F06&k_raceNo=9
2026-10-06 18:45:00,18:44,2026-10-06,oi,9,10,馬連,12-14,1314.5,1314.5,77,https://www.keiba.go.jp/KeibaWeb/TodayRaceInfo/OddsUmLenFuku?k_babaCode=20&k_raceDate=2026%2F10%2F06&k_raceNo=9
2026-10-06 18:45:00,18:44,2026-10-06,oi,9,10,馬連,5-9,1383.7,1383.7,79,https://www.keiba.go.jp/KeibaWeb/TodayRaceInfo/OddsUmLenFuku?k_babaCode=20&k_raceDate=2026%2F10%2F06&k_raceNo=9
2026-10-06 18:45:00,18:44,2026-10-06,oi,9,10,馬連,1-13,1460.6,1460.6,80,https://www.keiba.go.jp/KeibaWeb/TodayRaceInfo/OddsUmLenFuku?k_babaCode=20&k_raceDate=2026%2F10%2F06&k_raceNo=9
2026-10-06 18:45:00,18:44,2026-10-06,oi,9,10,馬連,9-13,1460.6,1460.6,80,https://www.keiba.go.jp/KeibaWeb/TodayRaceInfo/OddsUmLenFuku?k_babaCode=20&k_raceDate=2026%2F10%2F06&k_raceNo=9
2026-10-06 18:45:00,18:44,2026-10-06,oi,9,10,馬連,5-10,1546.5,1546.5,82,https://www.keiba.go.jp/KeibaWeb/TodayRaceInfo/OddsUmLenFuku?k_babaCode=20&k_raceDate=2026%2F10%2F06&k_raceNo=9
2026-10-06 18:45:00,18:44,2026-10-06,oi,9,10,馬連,5-12,1546.5,1546.5,82,https://www.keiba.go.jp/KeibaWeb/TodayRaceInfo/OddsUmLenFuku?k_babaCode=20&k_raceDate=2026%2F10%2F06&k_raceNo=9
2026-10-06 18:45:00,18:44,2026-10-06,oi,9,10,馬連,5-14,1546.5,1546.5,82,https://www.keiba.go.jp/KeibaWeb/TodayRaceInfo/OddsUmLenFuku?k_babaCode=20&k_raceDate=2026%2F10%2F06&k_raceNo=9
2026-10-06 18:45:00,18:44,2026-10-06,oi,9,10,馬連,12-13,1546.5,1546.5,82,https://www.keiba.go.jp/KeibaWeb/TodayRaceInfo/OddsUmLenFuku?k_babaCode=20&k_raceDate=2026%2F10%2F06&k_raceNo=9
2026-10-06 18:45:00,18:44,2026-10-06,oi,9,10,馬連,1-10,1643.2,1643.2,86,https://www.keiba.go.jp/KeibaWeb/TodayRaceInfo/OddsUmLenFuku?k_babaCode=20&k_raceDate=2026%2F10%2F06&k_raceNo=9
2026-10-06 18:45:00,18:44,2026-10-06,oi,9,10,馬連,13-14,1643.2,1643.2,86,https://www.keiba.go.jp/KeibaWeb/TodayRaceInfo/OddsUmLenFuku?k_babaCode=20&k_raceDate=2026%2F10%2F06&k_raceNo=9
2026-10-06 18:45:00,18:44,2026-10-06,oi,9,10,馬連,7-13,1752.7,1752.7,88,https://www.keiba.go.jp/KeibaWeb/TodayRaceInfo/OddsUmLenFuku?k_babaCode=20&k_raceDate=2026%2F10%2F06&k_raceNo=9
2026-10-06 18:45:00,18:44,2026-10-06,oi,9,10,馬連,6-13,2022.4,2022.4,89,https://www.keiba.go.jp/KeibaWeb/TodayRaceInfo/OddsUmLenFuku?k_babaCode=20&k_raceDate=2026%2F10%2F06&k_raceNo=9
2026-10-06 18:45:00,18:44,2026-10-06,oi,9,10,馬連,10-13,3286.4,3286.4,90,https://www.keiba.go.jp/KeibaWeb/TodayRaceInfo/OddsUmLenFuku?k_babaCode=20&k_raceDate=2026%2F10%2F06&k_raceNo=9
2026-10-06 18:45:00,18:44,2026-10-06,oi,9,10,馬連,5-13,3755.8,3755.8,91,https://www.keiba.go.jp/KeibaWeb/TodayRaceInfo/OddsUmLenFuku?k_babaCode=20&k_raceDate=2026%2F10%2F06&k_raceNo=9
2026-10-06 18:45:00,18:44,2026-10-06,oi,9,10,ワイド,2-11,2.3,2.6,1,https://www.keiba.go.jp/KeibaWeb/TodayRaceInfo/OddsWide?k_babaCode=20&k_raceDate=2026%2F10%2F06&k_raceNo=9
2026-10-06 18:45:00,18:44,2026-10-06,oi,9,10,ワイド,2-4,2.5,2.8,2,https://www.keiba.go.jp/KeibaWeb/TodayRaceInfo/OddsWide?k_babaCode=20&k_raceDate=2026%2F10%2F06&k_raceNo=9
2026-10-06 18:45:00,18:44,2026-10-06,oi,9,10,ワイド,2-3,3.9,4.5,3,https://www.keiba.go.jp/KeibaWeb/TodayRaceInfo/OddsWide?k_babaCode=20&k_raceDate=2026%2F10%2F06&k_raceNo=9
2026-10-06 18:45:00,18:44,2026-10-06,oi,9,10,ワイド,2-8,4.0,4.5,4,https://www.keiba.go.jp/KeibaWeb/TodayRaceInfo/OddsWide?k_babaCode=20&k_raceDate=2026%2F10%2F06&k_raceNo=9
2026-10-06 18:45:00,18:44,2026-10-06,oi,9,10,ワイド,3-4,4.6,5.4,5,https://www.keiba.go.jp/KeibaWeb/TodayRaceInfo/OddsWide?k_babaCode=20&k_raceDate=2026%2F10%2F06&k_raceNo=9
2026-10-06 18:45:00,18:44,2026-10-06,oi,9,10,ワイド,4-11,4.9,6.1,6,https://www.keiba.go.jp/KeibaWeb/TodayRaceInfo/OddsWide?k_babaCode=20&k_raceDate=2026%2F10%2F06&k_raceNo=9
2026-10-06 18:45:00,18:44,2026-10-06,oi,9,10,ワイド,2-7,5.6,6.4,7,https://www.keiba.go.jp/KeibaWeb/TodayRaceInfo/OddsWide?k_babaCode=20&k_raceDate=2026%2F10%2F06&k_raceNo=9
2026-10-06 18:45:00,18:44,2026-10-06,oi,9,10,ワイド,3-11,6.4,7.7,8,https://www.keiba.go.jp/KeibaWeb/TodayRaceInfo/OddsWide?k_babaCode=20&k_raceDate=2026%2F10%2F06&k_raceNo=9
2026-10-06 18:45:00,18:44,2026-10-06,oi,9,10,ワイド,4-8,7.2,8.5,9,https://www.keiba.go.jp/KeibaWeb/TodayRaceInfo/OddsWide?k_babaCode=20&k_raceDate=2026%2F10%2F06&k_raceNo=9
2026-10-06 18:45:00,18:44,2026-10-06,oi,9,10,ワイド,8-11,7.2,8.6,10,https://www.keiba.go.jp/KeibaWeb/TodayRaceInfo/OddsWide?k_babaCode=20&k_raceDate=2026%2F10%2F06&k_raceNo=9
2026-10-06 18:45:00,18:44,2026-10-06,oi,9,10,ワイド,2-9,8.5,9.5,11,https://www.keiba.go.jp/KeibaWeb/TodayRaceInfo/OddsWide?k_babaCode=20&k_raceDate=2026%2F10%2F06&k_raceNo=9
2026-10-06 18:45:00,18:44,2026-10-06,oi,9,10,ワイド,7-11,10.5,12.2,12,https://www.keiba.go.jp/KeibaWeb/TodayRaceInfo/OddsWide?k_babaCode=20&k_raceDate=2026%2F10%2F06&k_raceNo=9
2026-10-06 18:45:00,18:44,2026-10-06,oi,9,10,ワイド,2-10,11.2,12.5,13,https://www.keiba.go.jp/KeibaWeb/TodayRaceInfo/OddsWide?k_babaCode=20&k_raceDate=2026%2F10%2F06&k_raceNo=9
2026-10-06 18:45:00,18:44,2026-10-06,oi,9,10,ワイド,3-8,11.4,12.8,14,https://www.keiba.go.jp/KeibaWeb/TodayRaceInfo/OddsWide?k_babaCode=20&k_raceDate=2026%2F10%2F06&k_raceNo=9
2026-10-06 18:45:00,18:44,2026-10-06,oi,9,10,ワイド,2-14,12.9,14.5,15,https://www.keiba.go.jp/KeibaWeb/TodayRaceInfo/OddsWide?k_babaCode=20&k_raceDate=2026%2F10%2F06&k_raceNo=9
2026-10-06 18:45:00,18:44,2026-10-06,oi,9,10,ワイド,2-6,14.0,15.7,16,https://www.keiba.go.jp/KeibaWeb/TodayRaceInfo/OddsWide?k_babaCode=20&k_raceDate=2026%2F10%2F06&k_raceNo=9
2026-10-06 18:45:00,18:44,2026-10-06,oi,9,10,ワイド,4-7,15.0,17.4,17,https://www.keiba.go.jp/KeibaWeb/TodayRaceInfo/OddsWide?k_babaCode=20&k_raceDate=2026%2F10%2F06&k_raceNo=9
2026-10-06 18:45:00,18:44,2026-10-06,oi,9,10,ワイド,2-12,16.5,18.5,18,https://www.keiba.go.jp/KeibaWeb/TodayRaceInfo/OddsWide?k_babaCode=20&k_raceDate=2026%2F10%2F06&k_raceNo=9
2026-10-06 18:45:00,18:44,2026-10-06,oi,9,10,ワイド,3-7,18.9,20.9,19,https://www.keiba.go.jp/KeibaWeb/TodayRaceInfo/OddsWide?k_babaCode=20&k_raceDate=2026%2F10%2F06&k_raceNo=9
2026-10-06 18:45:00,18:44,2026-10-06,oi,9,10,ワイド,1-2,21.2,23.8,20,https://www.keiba.go.jp/KeibaWeb/TodayRaceInfo/OddsWide?k_babaCode=20&k_raceDate=2026%2F10%2F06&k_raceNo=9
2026-10-06 18:45:00,18:44,2026-10-06,oi,9,10,ワイド,2-5,22.3,25.0,21,https://www.keiba.go.jp/KeibaWeb/TodayRaceInfo/OddsWide?k_babaCode=20&k_raceDate=2026%2F10%2F06&k_raceNo=9
2026-10-06 18:45:00,18:44,2026-10-06,oi,9,10,ワイド,7-8,23.1,25.6,22,https://www.keiba.go.jp/KeibaWeb/TodayRaceInfo/OddsWide?k_babaCode=20&k_raceDate=2026%2F10%2F06&k_raceNo=9
2026-10-06 18:45:00,18:44,2026-10-06,oi,9,10,ワイド,4-9,25.5,29.2,23,https://www.keiba.go.jp/KeibaWeb/TodayRaceInfo/OddsWide?k_babaCode=20&k_raceDate=2026%2F10%2F06&k_raceNo=9
2026-10-06 18:45:00,18:44,2026-10-06,oi,9,10,ワイド,9-11,26.1,30.2,24,https://www.keiba.go.jp/KeibaWeb/TodayRaceInfo/OddsWide?k_babaCode=20&k_raceDate=2026%2F10%2F06&k_raceNo=9
2026-10-06 18:45:00,18:44,2026-10-06,oi,9,10,ワイド,3-9,27.4,29.9,25,https://www.keiba.go.jp/KeibaWeb/TodayRaceInfo/OddsWide?k_babaCode=20&k_raceDate=2026%2F10%2F06&k_raceNo=9
2026-10-06 18:45:00,18:44,2026-10-06,oi,9,10,ワイド,11-14,32.2,36.7,26,https://www.keiba.go.jp/KeibaWeb/TodayRaceInfo/OddsWide?k_babaCode=20&k_raceDate=2026%2F10%2F06&k_raceNo=9
2026-10-06 18:45:00,18:44,2026-10-06,oi,9,10,ワイド,10-11,33.7,38.6,27,https://www.keiba.go.jp/KeibaWeb/TodayRaceInfo/OddsWide?k_babaCode=20&k_raceDate=2026%2F10%2F06&k_raceNo=9
2026-10-06 18:45:00,18:44,2026-10-06,oi,9,10,ワイド,8-14,34.2,36.9,28,https://www.keiba.go.jp/KeibaWeb/TodayRaceInfo/OddsWide?k_babaCode=20&k_raceDate=2026%2F10%2F06&k_raceNo=9
2026-10-06 18:45:00,18:44,2026-10-06,oi,9,10,ワイド,2-13,34.3,38.4,29,https://www.keiba.go.jp/KeibaWeb/TodayRaceInfo/OddsWide?k_babaCode=20&k_raceDate=2026%2F10%2F06&k_raceNo=9
2026-10-06 18:45:00,18:44,2026-10-06,oi,9,10,ワイド,4-14,35.4,40.1,30,https://www.keiba.go.jp/KeibaWeb/TodayRaceInfo/OddsWide?k_babaCode=20&k_raceDate=2026%2F10%2F06&k_raceNo=9
2026-10-06 18:45:00,18:44,2026-10-06,oi,9,10,ワイド,11-12,36.5,41.5,31,https://www.keiba.go.jp/KeibaWeb/TodayRaceInfo/OddsWide?k_babaCode=20&k_raceDate=2026%2F10%2F06&k_raceNo=9
2026-10-06 18:45:00,18:44,2026-10-06,oi,9,10,ワイド,4-6,37.1,42.0,32,https://www.keiba.go.jp/KeibaWeb/TodayRaceInfo/OddsWide?k_babaCode=20&k_raceDate=2026%2F10%2F06&k_raceNo=9
2026-10-06 18:45:00,18:44,2026-10-06,oi,9,10,ワイド,6-11,37.7,43.1,33,https://www.keiba.go.jp/KeibaWeb/TodayRaceInfo/OddsWide?k_babaCode=20&k_raceDate=2026%2F10%2F06&k_raceNo=9
2026-10-06 18:45:00,18:44,2026-10-06,oi,9,10,ワイド,6-8,41.3,44.6,34,https://www.keiba.go.jp/KeibaWeb/TodayRaceInfo/OddsWide?k_babaCode=20&k_raceDate=2026%2F10%2F06&k_raceNo=9
2026-10-06 18:45:00,18:44,2026-10-06,oi,9,10,ワイド,4-10,41.4,47.1,35,https://www.keiba.go.jp/KeibaWeb/TodayRaceInfo/OddsWide?k_babaCode=20&k_raceDate=2026%2F10%2F06&k_raceNo=9
2026-10-06 18:45:00,18:44,2026-10-06,oi,9,10,ワイド,3-10,44.8,48.5,36,https://www.keiba.go.jp/KeibaWeb/TodayRaceInfo/OddsWide?k_babaCode=20&k_raceDate=2026%2F10%2F06&k_raceNo=9
2026-10-06 18:45:00,18:44,2026-10-06,oi,9,10,ワイド,3-6,45.2,48.7,37,https://www.keiba.go.jp/KeibaWeb/TodayRaceInfo/OddsWide?k_babaCode=20&k_raceDate=2026%2F10%2F06&k_raceNo=9
2026-10-06 18:45:00,18:44,2026-10-06,oi,9,10,ワイド,3-14,47.5,51.3,38,https://www.keiba.go.jp/KeibaWeb/TodayRaceInfo/OddsWide?k_babaCode=20&k_raceDate=2026%2F10%2F06&k_raceNo=9
2026-10-06 18:45:00,18:44,2026-10-06,oi,9,10,ワイド,8-9,47.8,52.2,39,https://www.keiba.go.jp/KeibaWeb/TodayRaceInfo/OddsWide?k_babaCode=20&k_raceDate=2026%2F10%2F06&k_raceNo=9
2026-10-06 18:45:00,18:44,2026-10-06,oi,9,10,ワイド,5-11,48.9,55.5,40,https://www.keiba.go.jp/KeibaWeb/TodayRaceInfo/OddsWide?k_babaCode=20&k_raceDate=2026%2F10%2F06&k_raceNo=9
2026-10-06 18:45:00,18:44,2026-10-06,oi,9,10,ワイド,4-12,50.1,56.6,41,https://www.keiba.go.jp/KeibaWeb/TodayRaceInfo/OddsWide?k_babaCode=20&k_raceDate=2026%2F10%2F06&k_raceNo=9
2026-10-06 18:45:00,18:44,2026-10-06,oi,9,10,ワイド,6-7,52.0,55.1,42,https://www.keiba.go.jp/KeibaWeb/TodayRaceInfo/OddsWide?k_babaCode=20&k_raceDate=2026%2F10%2F06&k_raceNo=9
2026-10-06 18:45:00,18:44,2026-10-06,oi,9,10,ワイド,4-5,53.5,60.2,43,https://www.keiba.go.jp/KeibaWeb/TodayRaceInfo/OddsWide?k_babaCode=20&k_raceDate=2026%2F10%2F06&k_raceNo=9
2026-10-06 18:45:00,18:44,2026-10-06,oi,9,10,ワイド,1-3,53.6,57.5,44,https://www.keiba.go.jp/KeibaWeb/TodayRaceInfo/OddsWide?k_babaCode=20&k_raceDate=2026%2F10%2F06&k_raceNo=9
2026-10-06 18:45:00,18:44,2026-10-06,oi,9,10,ワイド,7-10,53.8,57.2,45,https://www.keiba.go.jp/KeibaWeb/TodayRaceInfo/OddsWide?k_babaCode=20&k_raceDate=2026%2F10%2F06&k_raceNo=9
2026-10-06 18:45:00,18:44,2026-10-06,oi,9,10,ワイド,1-11,53.8,61.1,46,https://www.keiba.go.jp/KeibaWeb/TodayRaceInfo/OddsWide?k_babaCode=20&k_raceDate=2026%2F10%2F06&k_raceNo=9
2026-10-06 18:45:00,18:44,2026-10-06,oi,9,10,ワイド,1-8,54.7,58.6,47,https://www.keiba.go.jp/KeibaWeb/TodayRaceInfo/OddsWide?k_babaCode=20&k_raceDate=2026%2F10%2F06&k_raceNo=9
2026-10-06 18:45:00,18:44,2026-10-06,oi,9,10,ワイド,3-12,54.8,58.9,48,https://www.keiba.go.jp/KeibaWeb/TodayRaceInfo/OddsWide?k_babaCode=20&k_raceDate=2026%2F10%2F06&k_raceNo=9
2026-10-06 18:45:00,18:44,2026-10-06,oi,9,10,ワイド,3-5,56.4,60.5,49,https://www.keiba.go.jp/KeibaWeb/TodayRaceInfo/OddsWide?k_babaCode=20&k_raceDate=2026%2F10%2F06&k_raceNo=9
2026-10-06 18:45:00,18:44,2026-10-06,oi,9,10,ワイド,1-4,56.4,63.5,50,https://www.keiba.go.jp/KeibaWeb/TodayRaceInfo/OddsWide?k_babaCode=20&k_raceDate=2026%2F10%2F06&k_raceNo=9
2026-10-06 18:45:00,18:44,2026-10-06,oi,9,10,ワイド,7-9,59.6,63.9,51,https://www.keiba.go.jp/KeibaWeb/TodayRaceInfo/OddsWide?k_babaCode=20&k_raceDate=2026%2F10%2F06&k_raceNo=9
2026-10-06 18:45:00,18:44,2026-10-06,oi,9,10,ワイド,8-10,60.2,65.2,52,https://www.keiba.go.jp/KeibaWeb/TodayRaceInfo/OddsWide?k_babaCode=20&k_raceDate=2026%2F10%2F06&k_raceNo=9
2026-10-06 18:45:00,18:44,2026-10-06,oi,9,10,ワイド,11-13,63.1,71.3,53,https://www.keiba.go.jp/KeibaWeb/TodayRaceInfo/OddsWide?k_babaCode=20&k_raceDate=2026%2F10%2F06&k_raceNo=9
2026-10-06 18:45:00,18:44,2026-10-06,oi,9,10,ワイド,8-12,69.3,74.6,54,https://www.keiba.go.jp/KeibaWeb/TodayRaceInfo/OddsWide?k_babaCode=20&k_raceDate=2026%2F10%2F06&k_raceNo=9
2026-10-06 18:45:00,18:44,2026-10-06,oi,9,10,ワイド,7-12,70.2,74.2,55,https://www.keiba.go.jp/KeibaWeb/TodayRaceInfo/OddsWide?k_babaCode=20&k_raceDate=2026%2F10%2F06&k_raceNo=9
2026-10-06 18:45:00,18:44,2026-10-06,oi,9,10,ワイド,1-7,73.8,77.7,56,https://www.keiba.go.jp/KeibaWeb/TodayRaceInfo/OddsWide?k_babaCode=20&k_raceDate=2026%2F10%2F06&k_raceNo=9
2026-10-06 18:45:00,18:44,2026-10-06,oi,9,10,ワイド,8-13,77.4,82.7,57,https://www.keiba.go.jp/KeibaWeb/TodayRaceInfo/OddsWide?k_babaCode=20&k_raceDate=2026%2F10%2F06&k_raceNo=9
2026-10-06 18:45:00,18:44,2026-10-06,oi,9,10,ワイド,6-10,82.9,85.9,58,https://www.keiba.go.jp/KeibaWeb/TodayRaceInfo/OddsWide?k_babaCode=20&k_raceDate=2026%2F10%2F06&k_raceNo=9
2026-10-06 18:45:00,18:44,2026-10-06,oi,9,10,ワイド,5-8,85.1,91.2,59,https://www.keiba.go.jp/KeibaWeb/TodayRaceInfo/OddsWide?k_babaCode=20&k_raceDate=2026%2F10%2F06&k_raceNo=9
2026-10-06 18:45:00,18:44,2026-10-06,oi,9,10,ワイド,7-14,87.5,92.7,60,https://www.keiba.go.jp/KeibaWeb/TodayRaceInfo/OddsWide?k_babaCode=20&k_raceDate=2026%2F10%2F06&k_raceNo=9
2026-10-06 18:45:00,18:44,2026-10-06,oi,9,10,ワイド,9-10,90.0,94.3,61,https://www.keiba.go.jp/KeibaWeb/TodayRaceInfo/OddsWide?k_babaCode=20&k_raceDate=2026%2F10%2F06&k_raceNo=9
2026-10-06 18:45:00,18:44,2026-10-06,oi,9,10,ワイド,4-13,96.8,108.4,62,https://www.keiba.go.jp/KeibaWeb/TodayRaceInfo/OddsWide?k_babaCode=20&k_raceDate=2026%2F10%2F06&k_raceNo=9
2026-10-06 18:45:00,18:44,2026-10-06,oi,9,10,ワイド,3-13,99.7,106.3,63,https://www.keiba.go.jp/KeibaWeb/TodayRaceInfo/OddsWide?k_babaCode=20&k_raceDate=2026%2F10%2F06&k_raceNo=9
2026-10-06 18:45:00,18:44,2026-10-06,oi,9,10,ワイド,5-9,100.0,103.7,64,https://www.keiba.go.jp/KeibaWeb/TodayRaceInfo/OddsWide?k_babaCode=20&k_raceDate=2026%2F10%2F06&k_raceNo=9
2026-10-06 18:45:00,18:44,2026-10-06,oi,9,10,ワイド,10-12,115.0,118.8,65,https://www.keiba.go.jp/KeibaWeb/TodayRaceInfo/OddsWide?k_babaCode=20&k_raceDate=2026%2F10%2F06&k_raceNo=9
2026-10-06 18:45:00,18:44,2026-10-06,oi,9,10,ワイド,1-9,118.2,122.6,66,https://www.keiba.go.jp/KeibaWeb/TodayRaceInfo/OddsWide?k_babaCode=20&k_raceDate=2026%2F10%2F06&k_raceNo=9
2026-10-06 18:45:00,18:44,2026-10-06,oi,9,10,ワイド,1-5,124.3,126.8,67,https://www.keiba.go.jp/KeibaWeb/TodayRaceInfo/OddsWide?k_babaCode=20&k_raceDate=2026%2F10%2F06&k_raceNo=9
2026-10-06 18:45:00,18:44,2026-10-06,oi,9,10,ワイド,5-7,125.9,132.6,68,https://www.keiba.go.jp/KeibaWeb/TodayRaceInfo/OddsWide?k_babaCode=20&k_raceDate=2026%2F10%2F06&k_raceNo=9
2026-10-06 18:45:00,18:44,2026-10-06,oi,9,10,ワイド,6-14,129.8,134.0,69,https://www.keiba.go.jp/KeibaWeb/TodayRaceInfo/OddsWide?k_babaCode=20&k_raceDate=2026%2F10%2F06&k_raceNo=9
2026-10-06 18:45:00,18:44,2026-10-06,oi,9,10,ワイド,9-12,133.5,139.0,70,https://www.keiba.go.jp/KeibaWeb/TodayRaceInfo/OddsWide?k_babaCode=20&k_raceDate=2026%2F10%2F06&k_raceNo=9
2026-10-06 18:45:00,18:44,2026-10-06,oi,9,10,ワイド,6-9,141.8,147.9,71,https://www.keiba.go.jp/KeibaWeb/TodayRaceInfo/OddsWide?k_babaCode=20&k_raceDate=2026%2F10%2F06&k_raceNo=9
2026-10-06 18:45:00,18:44,2026-10-06,oi,9,10,ワイド,13-14,144.7,148.0,72,https://www.keiba.go.jp/KeibaWeb/TodayRaceInfo/OddsWide?k_babaCode=20&k_raceDate=2026%2F10%2F06&k_raceNo=9
2026-10-06 18:45:00,18:44,2026-10-06,oi,9,10,ワイド,12-14,145.5,149.9,73,https://www.keiba.go.jp/KeibaWeb/TodayRaceInfo/OddsWide?k_babaCode=20&k_raceDate=2026%2F10%2F06&k_raceNo=9
2026-10-06 18:45:00,18:44,2026-10-06,oi,9,10,ワイド,6-12,145.7,149.9,74,https://www.keiba.go.jp/KeibaWeb/TodayRaceInfo/OddsWide?k_babaCode=20&k_raceDate=2026%2F10%2F06&k_raceNo=9
2026-10-06 18:45:00,18:44,2026-10-06,oi,9,10,ワイド,5-6,152.3,156.1,75,https://www.keiba.go.jp/KeibaWeb/TodayRaceInfo/OddsWide?k_babaCode=20&k_raceDate=2026%2F10%2F06&k_raceNo=9
2026-10-06 18:45:00,18:44,2026-10-06,oi,9,10,ワイド,10-14,159.1,165.0,76,https://www.keiba.go.jp/KeibaWeb/TodayRaceInfo/OddsWide?k_babaCode=20&k_raceDate=2026%2F10%2F06&k_raceNo=9
2026-10-06 18:45:00,18:44,2026-10-06,oi,9,10,ワイド,1-6,163.3,167.6,77,https://www.keiba.go.jp/KeibaWeb/TodayRaceInfo/OddsWide?k_babaCode=20&k_raceDate=2026%2F10%2F06&k_raceNo=9
2026-10-06 18:45:00,18:44,2026-10-06,oi,9,10,ワイド,1-14,165.5,169.9,78,https://www.keiba.go.jp/KeibaWeb/TodayRaceInfo/OddsWide?k_babaCode=20&k_raceDate=2026%2F10%2F06&k_raceNo=9
2026-10-06 18:45:00,18:44,2026-10-06,oi,9,10,ワイド,9-13,183.7,189.7,79,https://www.keiba.go.jp/KeibaWeb/TodayRaceInfo/OddsWide?k_babaCode=20&k_raceDate=2026%2F10%2F06&k_raceNo=9
2026-10-06 18:45:00,18:44,2026-10-06,oi,9,10,ワイド,9-14,194.5,203.1,80,https://www.keiba.go.jp/KeibaWeb/TodayRaceInfo/OddsWide?k_babaCode=20&k_raceDate=2026%2F10%2F06&k_raceNo=9
2026-10-06 18:45:00,18:44,2026-10-06,oi,9,10,ワイド,7-13,204.8,214.7,81,https://www.keiba.go.jp/KeibaWeb/TodayRaceInfo/OddsWide?k_babaCode=20&k_raceDate=2026%2F10%2F06&k_raceNo=9
2026-10-06 18:45:00,18:44,2026-10-06,oi,9,10,ワイド,5-14,205.4,210.8,82,https://www.keiba.go.jp/KeibaWeb/TodayRaceInfo/OddsWide?k_babaCode=20&k_raceDate=2026%2F10%2F06&k_raceNo=9
2026-10-06 18:45:00,18:44,2026-10-06,oi,9,10,ワイド,5-10,208.6,214.9,83,https://www.keiba.go.jp/KeibaWeb/TodayRaceInfo/OddsWide?k_babaCode=20&k_raceDate=2026%2F10%2F06&k_raceNo=9
2026-10-06 18:45:00,18:44,2026-10-06,oi,9,10,ワイド,5-12,227.2,232.4,84,https://www.keiba.go.jp/KeibaWeb/TodayRaceInfo/OddsWide?k_babaCode=20&k_raceDate=2026%2F10%2F06&k_raceNo=9
2026-10-06 18:45:00,18:44,2026-10-06,oi,9,10,ワイド,10-13,241.2,247.5,85,https://www.keiba.go.jp/KeibaWeb/TodayRaceInfo/OddsWide?k_babaCode=20&k_raceDate=2026%2F10%2F06&k_raceNo=9
2026-10-06 18:45:00,18:44,2026-10-06,oi,9,10,ワイド,1-12,241.9,247.5,86,https://www.keiba.go.jp/KeibaWeb/TodayRaceInfo/OddsWide?k_babaCode=20&k_raceDate=2026%2F10%2F06&k_raceNo=9
2026-10-06 18:45:00,18:44,2026-10-06,oi,9,10,ワイド,6-13,265.3,270.9,87,https://www.keiba.go.jp/KeibaWeb/TodayRaceInfo/OddsWide?k_babaCode=20&k_raceDate=2026%2F10%2F06&k_raceNo=9
2026-10-06 18:45:00,18:44,2026-10-06,oi,9,10,ワイド,1-10,269.4,277.6,88,https://www.keiba.go.jp/KeibaWeb/TodayRaceInfo/OddsWide?k_babaCode=20&k_raceDate=2026%2F10%2F06&k_raceNo=9
2026-10-06 18:45:00,18:44,2026-10-06,oi,9,10,ワイド,12-13,272.4,277.6,89,https://www.keiba.go.jp/KeibaWeb/TodayRaceInfo/OddsWide?k_babaCode=20&k_raceDate=2026%2F10%2F06&k_raceNo=9
2026-10-06 18:45:00,18:44,2026-10-06,oi,9,10,ワイド,1-13,373.4,379.1,90,https://www.keiba.go.jp/KeibaWeb/TodayRaceInfo/OddsWide?k_babaCode=20&k_raceDate=2026%2F10%2F06&k_raceNo=9
2026-10-06 18:45:00,18:44,2026-10-06,oi,9,10,ワイド,5-13,415.0,421.2,91,https://www.keiba.go.jp/KeibaWeb/TodayRaceInfo/OddsWide?k_babaCode=20&k_raceDate=2026%2F10%2F06&k_raceNo=9
2026-10-06 18:45:00,18:44,2026-10-06,oi,9,10,三連複,2-4-11,6.8,6.8,1,https://www.keiba.go.jp/KeibaWeb/TodayRaceInfo/Odds3LenFuku?k_babaCode=20&k_raceDate=2026%2F10%2F06&k_raceNo=9
2026-10-06 18:45:00,18:44,2026-10-06,oi,9,10,三連複,2-3-4,9.7,9.7,2,https://www.keiba.go.jp/KeibaWeb/TodayRaceInfo/Odds3LenFuku?k_babaCode=20&k_raceDate=2026%2F10%2F06&k_raceNo=9
2026-10-06 18:45:00,18:44,2026-10-06,oi,9,10,三連複,2-3-11,11.6,11.6,3,https://www.keiba.go.jp/KeibaWeb/TodayRaceInfo/Odds3LenFuku?k_babaCode=20&k_raceDate=2026%2F10%2F06&k_raceNo=9
2026-10-06 18:45:00,18:44,2026-10-06,oi,9,10,三連複,2-8-11,12.2,12.2,4,https://www.keiba.go.jp/KeibaWeb/TodayRaceInfo/Odds3LenFuku?k_babaCode=20&k_raceDate=2026%2F10%2F06&k_raceNo=9
2026-10-06 18:45:00,18:44,2026-10-06,oi,9,10,三連複,2-4-8,12.7,12.7,5,https://www.keiba.go.jp/KeibaWeb/TodayRaceInfo/Odds3LenFuku?k_babaCode=20&k_raceDate=2026%2F10%2F06&k_raceNo=9
2026-10-06 18:45:00,18:44,2026-10-06,oi,9,10,三連複,2-7-11,19.2,19.2,6,https://www.keiba.go.jp/KeibaWeb/TodayRaceInfo/Odds3LenFuku?k_babaCode=20&k_raceDate=2026%2F10%2F06&k_raceNo=9
2026-10-06 18:45:00,18:44,2026-10-06,oi,9,10,三連複,2-4-7,21.3,21.3,7,https://www.keiba.go.jp/KeibaWeb/TodayRaceInfo/Odds3LenFuku?k_babaCode=20&k_raceDate=2026%2F10%2F06&k_raceNo=9
2026-10-06 18:45:00,18:44,2026-10-06,oi,9,10,三連複,2-3-8,21.9,21.9,8,https://www.keiba.go.jp/KeibaWeb/TodayRaceInfo/Odds3LenFuku?k_babaCode=20&k_raceDate=2026%2F10%2F06&k_raceNo=9
2026-10-06 18:45:00,18:44,2026-10-06,oi,9,10,三連複,2-3-7,32.9,32.9,9,https://www.keiba.go.jp/KeibaWeb/TodayRaceInfo/Odds3LenFuku?k_babaCode=20&k_raceDate=2026%2F10%2F06&k_raceNo=9
2026-10-06 18:45:00,18:44,2026-10-06,oi,9,10,三連複,2-7-8,38.6,38.6,10,https://www.keiba.go.jp/KeibaWeb/TodayRaceInfo/Odds3LenFuku?k_babaCode=20&k_raceDate=2026%2F10%2F06&k_raceNo=9
2026-10-06 18:45:00,18:44,2026-10-06,oi,9,10,三連複,3-4-11,49.0,49.0,11,https://www.keiba.go.jp/KeibaWeb/TodayRaceInfo/Odds3LenFuku?k_babaCode=20&k_raceDate=2026%2F10%2F06&k_raceNo=9
2026-10-06 18:45:00,18:44,2026-10-06,oi,9,10,三連複,2-4-6,54.5,54.5,12,https://www.keiba.go.jp/KeibaWeb/TodayRaceInfo/Odds3LenFuku?k_babaCode=20&k_raceDate=2026%2F10%2F06&k_raceNo=9
2026-10-06 18:45:00,18:44,2026-10-06,oi,9,10,三連複,2-9-11,55.8,55.8,13,https://www.keiba.go.jp/KeibaWeb/TodayRaceInfo/Odds3LenFuku?k_babaCode=20&k_raceDate=2026%2F10%2F06&k_raceNo=9
2026-10-06 18:45:00,18:44,2026-10-06,oi,9,10,三連複,2-4-9,56.4,56.4,14,https://www.keiba.go.jp/KeibaWeb/TodayRaceInfo/Odds3LenFuku?k_babaCode=20&k_raceDate=2026%2F10%2F06&k_raceNo=9
2026-10-06 18:45:00,18:44,2026-10-06,oi,9,10,三連複,2-10-11,59.1,59.1,15,https://www.keiba.go.jp/KeibaWeb/TodayRaceInfo/Odds3LenFuku?k_babaCode=20&k_raceDate=2026%2F10%2F06&k_raceNo=9
2026-10-06 18:45:00,18:44,2026-10-06,oi,9,10,三連複,2-6-11,60.4,60.4,16,https://www.keiba.go.jp/KeibaWeb/TodayRaceInfo/Odds3LenFuku?k_babaCode=20&k_raceDate=2026%2F10%2F06&k_raceNo=9
2026-10-06 18:45:00,18:44,2026-10-06,oi,9,10,三連複,4-8-11,68.5,68.5,17,https://www.keiba.go.jp/KeibaWeb/TodayRaceInfo/Odds3LenFuku?k_babaCode=20&k_raceDate=2026%2F10%2F06&k_raceNo=9
2026-10-06 18:45:00,18:44,2026-10-06,oi,9,10,三連複,2-11-12,69.2,69.2,18,https://www.keiba.go.jp/KeibaWeb/TodayRaceInfo/Odds3LenFuku?k_babaCode=20&k_raceDate=2026%2F10%2F06&k_raceNo=9
2026-10-06 18:45:00,18:44,2026-10-06,oi,9,10,三連複,2-4-10,70.1,70.1,19,https://www.keiba.go.jp/KeibaWeb/TodayRaceInfo/Odds3LenFuku?k_babaCode=20&k_raceDate=2026%2F10%2F06&k_raceNo=9
2026-10-06 18:45:00,18:44,2026-10-06,oi,9,10,三連複,2-6-8,78.7,78.7,20,https://www.keiba.go.jp/KeibaWeb/TodayRaceInfo/Odds3LenFuku?k_babaCode=20&k_raceDate=2026%2F10%2F06&k_raceNo=9
2026-10-06 18:45:00,18:44,2026-10-06,oi,9,10,三連複,2-3-9,81.1,81.1,21,https://www.keiba.go.jp/KeibaWeb/TodayRaceInfo/Odds3LenFuku?k_babaCode=20&k_raceDate=2026%2F10%2F06&k_raceNo=9
2026-10-06 18:45:00,18:44,2026-10-06,oi,9,10,三連複,1-2-4,83.5,83.5,22,https://www.keiba.go.jp/KeibaWeb/TodayRaceInfo/Odds3LenFuku?k_babaCode=20&k_raceDate=2026%2F10%2F06&k_raceNo=9
2026-10-06 18:45:00,18:44,2026-10-06,oi,9,10,三連複,2-4-12,86.0,86.0,23,https://www.keiba.go.jp/KeibaWeb/TodayRaceInfo/Odds3LenFuku?k_babaCode=20&k_raceDate=2026%2F10%2F06&k_raceNo=9
2026-10-06 18:45:00,18:44,2026-10-06,oi,9,10,三連複,4-7-11,88.1,88.1,24,https://www.keiba.go.jp/KeibaWeb/TodayRaceInfo/Odds3LenFuku?k_babaCode=20&k_raceDate=2026%2F10%2F06&k_raceNo=9
2026-10-06 18:45:00,18:44,2026-10-06,oi,9,10,三連複,2-11-14,88.4,88.4,25,https://www.keiba.go.jp/KeibaWeb/TodayRaceInfo/Odds3LenFuku?k_babaCode=20&k_raceDate=2026%2F10%2F06&k_raceNo=9
2026-10-06 18:45:00,18:44,2026-10-06,oi,9,10,三連複,2-4-14,89.1,89.1,26,https://www.keiba.go.jp/KeibaWeb/TodayRaceInfo/Odds3LenFuku?k_babaCode=20&k_raceDate=2026%2F10%2F06&k_raceNo=9
2026-10-06 18:45:00,18:44,2026-10-06,oi,9,10,三連複,2-4-5,90.8,90.8,27,https://www.keiba.go.jp/KeibaWeb/TodayRaceInfo/Odds3LenFuku?k_babaCode=20&k_raceDate=2026%2F10%2F06&k_raceNo=9
2026-10-06 18:45:00,18:44,2026-10-06,oi,9,10,三連複,2-3-6,94.6,94.6,28,https://www.keiba.go.jp/KeibaWeb/TodayRaceInfo/Odds3LenFuku?k_babaCode=20&k_raceDate=2026%2F10%2F06&k_raceNo=9
2026-10-06 18:45:00,18:44,2026-10-06,oi,9,10,三連複,3-8-11,96.2,96.2,29,https://www.keiba.go.jp/KeibaWeb/TodayRaceInfo/Odds3LenFuku?k_babaCode=20&k_raceDate=2026%2F10%2F06&k_raceNo=9
2026-10-06 18:45:00,18:44,2026-10-06,oi,9,10,三連複,3-4-8,97.7,97.7,30,https://www.keiba.go.jp/KeibaWeb/TodayRaceInfo/Odds3LenFuku?k_babaCode=20&k_raceDate=2026%2F10%2F06&k_raceNo=9
2026-10-06 18:45:00,18:44,2026-10-06,oi,9,10,三連複,2-5-11,100.7,100.7,31,https://www.keiba.go.jp/KeibaWeb/TodayRaceInfo/Odds3LenFuku?k_babaCode=20&k_raceDate=2026%2F10%2F06&k_raceNo=9
2026-10-06 18:45:00,18:44,2026-10-06,oi,9,10,三連複,2-3-10,105.0,105.0,32,https://www.keiba.go.jp/KeibaWeb/TodayRaceInfo/Odds3LenFuku?k_babaCode=20&k_raceDate=2026%2F10%2F06&k_raceNo=9
2026-10-06 18:45:00,18:44,2026-10-06,oi,9,10,三連複,2-8-9,105.3,105.3,33,https://www.keiba.go.jp/KeibaWeb/TodayRaceInfo/Odds3LenFuku?k_babaCode=20&k_raceDate=2026%2F10%2F06&k_raceNo=9
2026-10-06 18:45:00,18:44,2026-10-06,oi,9,10,三連複,1-2-11,110.4,110.4,34,https://www.keiba.go.jp/KeibaWeb/TodayRaceInfo/Odds3LenFuku?k_babaCode=20&k_raceDate=2026%2F10%2F06&k_raceNo=9
2026-10-06 18:45:00,18:44,2026-10-06,oi,9,10,三連複,1-2-3,113.3,113.3,35,https://www.keiba.go.jp/KeibaWeb/TodayRaceInfo/Odds3LenFuku?k_babaCode=20&k_raceDate=2026%2F10%2F06&k_raceNo=9
2026-10-06 18:45:00,18:44,2026-10-06,oi,9,10,三連複,2-8-10,116.6,116.6,36,https://www.keiba.go.jp/KeibaWeb/TodayRaceInfo/Odds3LenFuku?k_babaCode=20&k_raceDate=2026%2F10%2F06&k_raceNo=9
2026-10-06 18:45:00,18:44,2026-10-06,oi,9,10,三連複,3-4-7,123.6,123.6,37,https://www.keiba.go.jp/KeibaWeb/TodayRaceInfo/Odds3LenFuku?k_babaCode=20&k_raceDate=2026%2F10%2F06&k_raceNo=9
2026-10-06 18:45:00,18:44,2026-10-06,oi,9,10,三連複,2-8-12,131.2,131.2,38,https://www.keiba.go.jp/KeibaWeb/TodayRaceInfo/Odds3LenFuku?k_babaCode=20&k_raceDate=2026%2F10%2F06&k_raceNo=9
2026-10-06 18:45:00,18:44,2026-10-06,oi,9,10,三連複,2-8-14,131.4,131.4,39,https://www.keiba.go.jp/KeibaWeb/TodayRaceInfo/Odds3LenFuku?k_babaCode=20&k_raceDate=2026%2F10%2F06&k_raceNo=9
2026-10-06 18:45:00,18:44,2026-10-06,oi,9,10,三連複,2-3-12,135.6,135.6,40,https://www.keiba.go.jp/KeibaWeb/TodayRaceInfo/Odds3LenFuku?k_babaCode=20&k_raceDate=2026%2F10%2F06&k_raceNo=9
2026-10-06 18:45:00,18:44,2026-10-06,oi,9,10,三連複,2-3-5,136.9,136.9,41,https://www.keiba.go.jp/KeibaWeb/TodayRaceInfo/Odds3LenFuku?k_babaCode=20&k_raceDate=2026%2F10%2F06&k_raceNo=9
2026-10-06 18:45:00,18:44,2026-10-06,oi,9,10,三連複,3-7-11,138.2,138.2,42,https://www.keiba.go.jp/KeibaWeb/TodayRaceInfo/Odds3LenFuku?k_babaCode=20&k_raceDate=2026%2F10%2F06&k_raceNo=9
2026-10-06 18:45:00,18:44,2026-10-06,oi,9,10,三連複,2-7-9,140.6,140.6,43,https://www.keiba.go.jp/KeibaWeb/TodayRaceInfo/Odds3LenFuku?k_babaCode=20&k_raceDate=2026%2F10%2F06&k_raceNo=9
2026-10-06 18:45:00,18:44,2026-10-06,oi,9,10,三連複,2-3-14,151.4,151.4,44,https://www.keiba.go.jp/KeibaWeb/TodayRaceInfo/Odds3LenFuku?k_babaCode=20&k_raceDate=2026%2F10%2F06&k_raceNo=9
2026-10-06 18:45:00,18:44,2026-10-06,oi,9,10,三連複,1-2-8,154.3,154.3,45,https://www.keiba.go.jp/KeibaWeb/TodayRaceInfo/Odds3LenFuku?k_babaCode=20&k_raceDate=2026%2F10%2F06&k_raceNo=9
2026-10-06 18:45:00,18:44,2026-10-06,oi,9,10,三連複,2-11-13,165.6,165.6,46,https://www.keiba.go.jp/KeibaWeb/TodayRaceInfo/Odds3LenFuku?k_babaCode=20&k_raceDate=2026%2F10%2F06&k_raceNo=9
2026-10-06 18:45:00,18:44,2026-10-06,oi,9,10,三連複,2-5-8,175.2,175.2,47,https://www.keiba.go.jp/KeibaWeb/TodayRaceInfo/Odds3LenFuku?k_babaCode=20&k_raceDate=2026%2F10%2F06&k_raceNo=9
2026-10-06 18:45:00,18:44,2026-10-06,oi,9,10,三連複,2-7-10,180.0,180.0,48,https://www.keiba.go.jp/KeibaWeb/TodayRaceInfo/Odds3LenFuku?k_babaCode=20&k_raceDate=2026%2F10%2F06&k_raceNo=9
2026-10-06 18:45:00,18:44,2026-10-06,oi,9,10,三連複,2-6-7,182.3,182.3,49,https://www.keiba.go.jp/KeibaWeb/TodayRaceInfo/Odds3LenFuku?k_babaCode=20&k_raceDate=2026%2F10%2F06&k_raceNo=9
2026-10-06 18:45:00,18:44,2026-10-06,oi,9,10,三連複,7-8-11,190.4,190.4,50,https://www.keiba.go.jp/KeibaWeb/TodayRaceInfo/Odds3LenFuku?k_babaCode=20&k_raceDate=2026%2F10%2F06&k_raceNo=9
2026-10-06 18:45:00,18:44,2026-10-06,oi,9,10,三連複,2-4-13,199.3,199.3,51,https://www.keiba.go.jp/KeibaWeb/TodayRaceInfo/Odds3LenFuku?k_babaCode=20&k_raceDate=2026%2F10%2F06&k_raceNo=9
2026-10-06 18:45:00,18:44,2026-10-06,oi,9,10,三連複,2-7-14,215.9,215.9,52,https://www.keiba.go.jp/KeibaWeb/TodayRaceInfo/Odds3LenFuku?k_babaCode=20&k_raceDate=2026%2F10%2F06&k_raceNo=9
2026-10-06 18:45:00,18:44,2026-10-06,oi,9,10,三連複,4-7-8,215.9,215.9,52,https://www.keiba.go.jp/KeibaWeb/TodayRaceInfo/Odds3LenFuku?k_babaCode=20&k_raceDate=2026%2F10%2F06&k_raceNo=9
2026-10-06 18:45:00,18:44,2026-10-06,oi,9,10,三連複,2-7-12,228.1,228.1,54,https://www.keiba.go.jp/KeibaWeb/TodayRaceInfo/Odds3LenFuku?k_babaCode=20&k_raceDate=2026%2F10%2F06&k_raceNo=9
2026-10-06 18:45:00,18:44,2026-10-06,oi,9,10,三連複,1-2-9,233.3,233.3,55,https://www.keiba.go.jp/KeibaWeb/TodayRaceInfo/Odds3LenFuku?k_babaCode=20&k_raceDate=2026%2F10%2F06&k_raceNo=9
2026-10-06 18:45:00,18:44,2026-10-06,oi,9,10,三連複,1-2-7,237.9,237.9,56,https://www.keiba.go.jp/KeibaWeb/TodayRaceInfo/Odds3LenFuku?k_babaCode=20&k_raceDate=2026%2F10%2F06&k_raceNo=9
2026-10-06 18:45:00,18:44,2026-10-06,oi,9,10,三連複,4-9-11,247.6,247.6,57,https://www.keiba.go.jp/KeibaWeb/TodayRaceInfo/Odds3LenFuku?k_babaCode=20&k_raceDate=2026%2F10%2F06&k_raceNo=9
2026-10-06 18:45:00,18:44,2026-10-06,oi,9,10,三連複,2-9-10,261.9,261.9,58,https://www.keiba.go.jp/KeibaWeb/TodayRaceInfo/Odds3LenFuku?k_babaCode=20&k_raceDate=2026%2F10%2F06&k_raceNo=9
2026-10-06 18:45:00,18:44,2026-10-06,oi,9,10,三連複,2-3-13,283.4,283.4,59,https://www.keiba.go.jp/KeibaWeb/TodayRaceInfo/Odds3LenFuku?k_babaCode=20&k_raceDate=2026%2F10%2F06&k_raceNo=9
2026-10-06 18:45:00,18:44,2026-10-06,oi,9,10,三連複,2-5-7,285.6,285.6,60,https://www.keiba.go.jp/KeibaWeb/TodayRaceInfo/Odds3LenFuku?k_babaCode=20&k_raceDate=2026%2F10%2F06&k_raceNo=9
2026-10-06 18:45:00,18:44,2026-10-06,oi,9,10,三連複,4-6-8,289.0,289.0,61,https://www.keiba.go.jp/KeibaWeb/TodayRaceInfo/Odds3LenFuku?k_babaCode=20&k_raceDate=2026%2F10%2F06&k_raceNo=9
2026-10-06 18:45:00,18:44,2026-10-06,oi,9,10,三連複,3-7-8,298.6,298.6,62,https://www.keiba.go.jp/KeibaWeb/TodayRaceInfo/Odds3LenFuku?k_babaCode=20&k_raceDate=2026%2F10%2F06&k_raceNo=9
2026-10-06 18:45:00,18:44,2026-10-06,oi,9,10,三連複,3-4-9,301.0,301.0,63,https://www.keiba.go.jp/KeibaWeb/TodayRaceInfo/Odds3LenFuku?k_babaCode=20&k_raceDate=2026%2F10%2F06&k_raceNo=9
2026-10-06 18:45:00,18:44,2026-10-06,oi,9,10,三連複,2-8-13,304.8,304.8,64,https://www.keiba.go.jp/KeibaWeb/TodayRaceInfo/Odds3LenFuku?k_babaCode=20&k_raceDate=2026%2F10%2F06&k_raceNo=9
2026-10-06 18:45:00,18:44,2026-10-06,oi,9,10,三連複,2-5-9,315.4,315.4,65,https://www.keiba.go.jp/KeibaWeb/TodayRaceInfo/Odds3LenFuku?k_babaCode=20&k_raceDate=2026%2F10%2F06&k_raceNo=9
2026-10-06 18:45:00,18:44,2026-10-06,oi,9,10,三連複,4-6-11,352.2,352.2,66,https://www.keiba.go.jp/KeibaWeb/TodayRaceInfo/Odds3LenFuku?k_babaCode=20&k_raceDate=2026%2F10%2F06&k_raceNo=9
2026-10-06 18:45:00,18:44,2026-10-06,oi,9,10,三連複,4-11-12,362.8,362.8,67,https://www.keiba.go.jp/KeibaWeb/TodayRaceInfo/Odds3LenFuku?k_babaCode=20&k_raceDate=2026%2F10%2F06&k_raceNo=9
2026-10-06 18:45:00,18:44,2026-10-06,oi,9,10,三連複,2-6-14,368.3,368.3,68,https://www.keiba.go.jp/KeibaWeb/TodayRaceInfo/Odds3LenFuku?k_babaCode=20&k_raceDate=2026%2F10%2F06&k_raceNo=9
2026-10-06 18:45:00,18:44,2026-10-06,oi,9,10,三連複,2-9-12,379.9,379.9,69,https://www.keiba.go.jp/KeibaWeb/TodayRaceInfo/Odds3LenFuku?k_babaCode=20&k_raceDate=2026%2F10%2F06&k_raceNo=9
2026-10-06 18:45:00,18:44,2026-10-06,oi,9,10,三連複,1-2-5,383.9,383.9,70,https://www.keiba.go.jp/KeibaWeb/TodayRaceInfo/Odds3LenFuku?k_babaCode=20&k_raceDate=2026%2F10%2F06&k_raceNo=9
2026-10-06 18:45:00,18:44,2026-10-06,oi,9,10,三連複,1-2-6,383.9,383.9,70,https://www.keiba.go.jp/KeibaWeb/TodayRaceInfo/Odds3LenFuku?k_babaCode=20&k_raceDate=2026%2F10%2F06&k_raceNo=9
2026-10-06 18:45:00,18:44,2026-10-06,oi,9,10,三連複,4-10-11,388.0,388.0,72,https://www.keiba.go.jp/KeibaWeb/TodayRaceInfo/Odds3LenFuku?k_babaCode=20&k_raceDate=2026%2F10%2F06&k_raceNo=9
2026-10-06 18:45:00,18:44,2026-10-06,oi,9,10,三連複,2-6-9,394.3,394.3,73,https://www.keiba.go.jp/KeibaWeb/TodayRaceInfo/Odds3LenFuku?k_babaCode=20&k_raceDate=2026%2F10%2F06&k_raceNo=9
2026-10-06 18:45:00,18:44,2026-10-06,oi,9,10,三連複,2-5-6,398.6,398.6,74,https://www.keiba.go.jp/KeibaWeb/TodayRaceInfo/Odds3LenFuku?k_babaCode=20&k_raceDate=2026%2F10%2F06&k_raceNo=9
2026-10-06 18:45:00,18:44,2026-10-06,oi,9,10,三連複,2-6-10,412.2,412.2,75,https://www.keiba.go.jp/KeibaWeb/TodayRaceInfo/Odds3LenFuku?k_babaCode=20&k_raceDate=2026%2F10%2F06&k_raceNo=9
2026-10-06 18:45:00,18:44,2026-10-06,oi,9,10,三連複,4-8-9,429.3,429.3,76,https://www.keiba.go.jp/KeibaWeb/TodayRaceInfo/Odds3LenFuku?k_babaCode=20&k_raceDate=2026%2F10%2F06&k_raceNo=9
2026-10-06 18:45:00,18:44,2026-10-06,oi,9,10,三連複,2-10-12,439.7,439.7,77,https://www.keiba.go.jp/KeibaWeb/TodayRaceInfo/Odds3LenFuku?k_babaCode=20&k_raceDate=2026%2F10%2F06&k_raceNo=9
2026-10-06 18:45:00,18:44,2026-10-06,oi,9,10,三連複,8-11-12,442.4,442.4,78,https://www.keiba.go.jp/KeibaWeb/TodayRaceInfo/Odds3LenFuku?k_babaCode=20&k_raceDate=2026%2F10%2F06&k_raceNo=9
2026-10-06 18:45:00,18:44,2026-10-06,oi,9,10,三連複,3-4-6,450.6,450.6,79,https://www.keiba.go.jp/KeibaWeb/TodayRaceInfo/Odds3LenFuku?k_babaCode=20&k_raceDate=2026%2F10%2F06&k_raceNo=9
2026-10-06 18:45:00,18:44,2026-10-06,oi,9,10,三連複,1-4-8,453.5,453.5,80,https://www.keiba.go.jp/KeibaWeb/TodayRaceInfo/Odds3LenFuku?k_babaCode=20&k_raceDate=2026%2F10%2F06&k_raceNo=9
2026-10-06 18:45:00,18:44,2026-10-06,oi,9,10,三連複,1-3-4,462.1,462.1,81,https://www.keiba.go.jp/KeibaWeb/TodayRaceInfo/Odds3LenFuku?k_babaCode=20&k_raceDate=2026%2F10%2F06&k_raceNo=9
2026-10-06 18:45:00,18:44,2026-10-06,oi,9,10,三連複,8-10-11,462.1,462.1,81,https://www.keiba.go.jp/KeibaWeb/TodayRaceInfo/Odds3LenFuku?k_babaCode=20&k_raceDate=2026%2F10%2F06&k_raceNo=9
2026-10-06 18:45:00,18:44,2026-10-06,oi,9,10,三連複,4-5-8,468.1,468.1,83,https://www.keiba.go.jp/KeibaWeb/TodayRaceInfo/Odds3LenFuku?k_babaCode=20&k_raceDate=2026%2F10%2F06&k_raceNo=9
2026-10-06 18:45:00,18:44,2026-10-06,oi,9,10,三連複,3-4-10,471.1,471.1,84,https://www.keiba.go.jp/KeibaWeb/TodayRaceInfo/Odds3LenFuku?k_babaCode=20&k_raceDate=2026%2F10%2F06&k_raceNo=9
2026-10-06 18:45:00,18:44,2026-10-06,oi,9,10,三連複,3-9-11,477.3,477.3,85,https://www.keiba.go.jp/KeibaWeb/TodayRaceInfo/Odds3LenFuku?k_babaCode=20&k_raceDate=2026%2F10%2F06&k_raceNo=9
2026-10-06 18:45:00,18:44,2026-10-06,oi,9,10,三連複,8-9-11,477.3,477.3,85,https://www.keiba.go.jp/KeibaWeb/TodayRaceInfo/Odds3LenFuku?k_babaCode=20&k_raceDate=2026%2F10%2F06&k_raceNo=9
2026-10-06 18:45:00,18:44,2026-10-06,oi,9,10,三連複,3-11-12,483.7,483.7,87,https://www.keiba.go.jp/KeibaWeb/TodayRaceInfo/Odds3LenFuku?k_babaCode=20&k_raceDate=2026%2F10%2F06&k_raceNo=9
2026-10-06 18:45:00,18:44,2026-10-06,oi,9,10,三連複,6-8-11,483.7,483.7,87,https://www.keiba.go.jp/KeibaWeb/TodayRaceInfo/Odds3LenFuku?k_babaCode=20&k_raceDate=2026%2F10%2F06&k_raceNo=9
2026-10-06 18:45:00,18:44,2026-10-06,oi,9,10,三連複,4-11-14,486.9,486.9,89,https://www.keiba.go.jp/KeibaWeb/TodayRaceInfo/Odds3LenFuku?k_babaCode=20&k_raceDate=2026%2F10%2F06&k_raceNo=9
2026-10-06 18:45:00,18:44,2026-10-06,oi,9,10,三連複,2-6-12,490.2,490.2,90,https://www.keiba.go.jp/KeibaWeb/TodayRaceInfo/Odds3LenFuku?k_babaCode=20&k_raceDate=2026%2F10%2F06&k_raceNo=9
2026-10-06 18:45:00,18:44,2026-10-06,oi,9,10,三連複,3-4-5,493.6,493.6,91,https://www.keiba.go.jp/KeibaWeb/TodayRaceInfo/Odds3LenFuku?k_babaCode=20&k_raceDate=2026%2F10%2F06&k_raceNo=9
2026-10-06 18:45:00,18:44,2026-10-06,oi,9,10,三連複,2-9-14,500.4,500.4,92,https://www.keiba.go.jp/KeibaWeb/TodayRaceInfo/Odds3LenFuku?k_babaCode=20&k_raceDate=2026%2F10%2F06&k_raceNo=9
2026-10-06 18:45:00,18:44,2026-10-06,oi,9,10,三連複,3-4-12,507.4,507.4,93,https://www.keiba.go.jp/KeibaWeb/TodayRaceInfo/Odds3LenFuku?k_babaCode=20&k_raceDate=2026%2F10%2F06&k_raceNo=9
2026-10-06 18:45:00,18:44,2026-10-06,oi,9,10,三連複,3-10-11,545.5,545.5,94,https://www.keiba.go.jp/KeibaWeb/TodayRaceInfo/Odds3LenFuku?k_babaCode=20&k_raceDate=2026%2F10%2F06&k_raceNo=9
2026-10-06 18:45:00,18:44,2026-10-06,oi,9,10,三連複,4-5-11,549.7,549.7,95,https://www.keiba.go.jp/KeibaWeb/TodayRaceInfo/Odds3LenFuku?k_babaCode=20&k_raceDate=2026%2F10%2F06&k_raceNo=9
2026-10-06 18:45:00,18:44,2026-10-06,oi,9,10,三連複,1-4-11,566.8,566.8,96,https://www.keiba.go.jp/KeibaWeb/TodayRaceInfo/Odds3LenFuku?k_babaCode=20&k_raceDate=2026%2F10%2F06&k_raceNo=9
2026-10-06 18:45:00,18:44,2026-10-06,oi,9,10,三連複,3-4-14,589.9,589.9,97,https://www.keiba.go.jp/KeibaWeb/TodayRaceInfo/Odds3LenFuku?k_babaCode=20&k_raceDate=2026%2F10%2F06&k_raceNo=9
2026-10-06 18:45:00,18:44,2026-10-06,oi,9,10,三連複,7-10-11,594.7,594.7,98,https://www.keiba.go.jp/KeibaWeb/TodayRaceInfo/Odds3LenFuku?k_babaCode=20&k_raceDate=2026%2F10%2F06&k_raceNo=9
2026-10-06 18:45:00,18:44,2026-10-06,oi,9,10,三連複,2-5-10,599.6,599.6,99,https://www.keiba.go.jp/KeibaWeb/TodayRaceInfo/Odds3LenFuku?k_babaCode=20&k_raceDate=2026%2F10%2F06&k_raceNo=9
2026-10-06 18:45:00,18:44,2026-10-06,oi,9,10,三連複,2-10-14,604.6,604.6,100,https://www.keiba.go.jp/KeibaWeb/TodayRaceInfo/Odds3LenFuku?k_babaCode=20&k_raceDate=2026%2F10%2F06&k_raceNo=9
2026-10-06 18:45:00,18:44,2026-10-06,oi,9,10,三連複,2-7-13,609.7,609.7,101,https://www.keiba.go.jp/KeibaWeb/TodayRaceInfo/Odds3LenFuku?k_babaCode=20&k_raceDate=2026%2F10%2F06&k_raceNo=9
2026-10-06 18:45:00,18:44,2026-10-06,oi,9,10,三連複,3-6-11,620.1,620.1,102,https://www.keiba.go.jp/KeibaWeb/TodayRaceInfo/Odds3LenFuku?k_babaCode=20&k_raceDate=2026%2F10%2F06&k_raceNo=9
2026-10-06 18:45:00,18:44,2026-10-06,oi,9,10,三連複,2-9-13,625.5,625.5,103,https://www.keiba.go.jp/KeibaWeb/TodayRaceInfo/Odds3LenFuku?k_babaCode=20&k_raceDate=2026%2F10%2F06&k_raceNo=9
2026-10-06 18:45:00,18:44,2026-10-06,oi,9,10,三連複,2-12-14,647.8,647.8,104,https://www.keiba.go.jp/KeibaWeb/TodayRaceInfo/Odds3LenFuku?k_babaCode=20&k_raceDate=2026%2F10%2F06&k_raceNo=9
2026-10-06 18:45:00,18:44,2026-10-06,oi,9,10,三連複,4-7-9,647.8,647.8,104,https://www.keiba.go.jp/KeibaWeb/TodayRaceInfo/Odds3LenFuku?k_babaCode=20&k_raceDate=2026%2F10%2F06&k_raceNo=9
2026-10-06 18:45:00,18:44,2026-10-06,oi,9,10,三連複,1-2-14,659.6,659.6,106,https://www.keiba.go.jp/KeibaWeb/TodayRaceInfo/Odds3LenFuku?k_babaCode=20&k_raceDate=2026%2F10%2F06&k_raceNo=9
2026-10-06 18:45:00,18:44,2026-10-06,oi,9,10,三連複,7-9-11,659.6,659.6,106,https://www.keiba.go.jp/KeibaWeb/TodayRaceInfo/Odds3LenFuku?k_babaCode=20&k_raceDate=2026%2F10%2F06&k_raceNo=9
2026-10-06 18:45:00,18:44,2026-10-06,oi,9,10,三連複,4-8-10,678.1,678.1,108,https://www.keiba.go.jp/KeibaWeb/TodayRaceInfo/Odds3LenFuku?k_babaCode=20&k_raceDate=2026%2F10%2F06&k_raceNo=9
2026-10-06 18:45:00,18:44,2026-10-06,oi,9,10,三連複,3-6-8,684.5,684.5,109,https://www.keiba.go.jp/KeibaWeb/TodayRaceInfo/Odds3LenFuku?k_babaCode=20&k_raceDate=2026%2F10%2F06&k_raceNo=9
2026-10-06 18:45:00,18:44,2026-10-06,oi,9,10,三連複,4-5-6,684.5,684.5,109,https://www.keiba.go.jp/KeibaWeb/TodayRaceInfo/Odds3LenFuku?k_babaCode=20&k_raceDate=2026%2F10%2F06&k_raceNo=9
2026-10-06 18:45:00,18:44,2026-10-06,oi,9,10,三連複,1-4-6,691.0,691.0,111,https://www.keiba.go.jp/KeibaWeb/TodayRaceInfo/Odds3LenFuku?k_babaCode=20&k_raceDate=2026%2F10%2F06&k_raceNo=9
2026-10-06 18:45:00,18:44,2026-10-06,oi,9,10,三連複,3-8-9,697.7,697.7,112,https://www.keiba.go.jp/KeibaWeb/TodayRaceInfo/Odds3LenFuku?k_babaCode=20&k_raceDate=2026%2F10%2F06&k_raceNo=9
2026-10-06 18:45:00,18:44,2026-10-06,oi,9,10,三連複,4-8-14,697.7,697.7,112,https://www.keiba.go.jp/KeibaWeb/TodayRaceInfo/Odds3LenFuku?k_babaCode=20&k_raceDate=2026%2F10%2F06&k_raceNo=9
2026-10-06 18:45:00,18:44,2026-10-06,oi,9,10,三連複,1-2-10,718.4,718.4,114,https://www.keiba.go.jp/KeibaWeb/TodayRaceInfo/Odds3LenFuku?k_babaCode=20&k_raceDate=2026%2F10%2F06&k_raceNo=9
2026-10-06 18:45:00,18:44,2026-10-06,oi,9,10,三連複,7-11-12,732.9,732.9,115,https://www.keiba.go.jp/KeibaWeb/TodayRaceInfo/Odds3LenFuku?k_babaCode=20&k_raceDate=2026%2F10%2F06&k_raceNo=9
2026-10-06 18:45:00,18:44,2026-10-06,oi,9,10,三連複,1-4-5,740.4,740.4,116,https://www.keiba.go.jp/KeibaWeb/TodayRaceInfo/Odds3LenFuku?k_babaCode=20&k_raceDate=2026%2F10%2F06&k_raceNo=9
2026-10-06 18:45:00,18:44,2026-10-06,oi,9,10,三連複,4-8-12,748.0,748.0,117,https://www.keiba.go.jp/KeibaWeb/TodayRaceInfo/Odds3LenFuku?k_babaCode=20&k_raceDate=2026%2F10%2F06&k_raceNo=9
2026-10-06 18:45:00,18:44,2026-10-06,oi,9,10,三連複,3-8-10,755.8,755.8,118,https://www.keiba.go.jp/KeibaWeb/TodayRaceInfo/Odds3LenFuku?k_babaCode=20&k_raceDate=2026%2F10%2F06&k_raceNo=9
2026-10-06 18:45:00,18:44,2026-10-06,oi,9,10,三連複,8-11-14,763.8,763.8,119,https://www.keiba.go.jp/KeibaWeb/TodayRaceInfo/Odds3LenFuku?k_babaCode=20&k_raceDate=2026%2F10%2F06&k_raceNo=9
2026-10-06 18:45:00,18:44,2026-10-06,oi,9,10,三連複,1-3-11,771.9,771.9,120,https://www.keiba.go.jp/KeibaWeb/TodayRaceInfo/Odds3LenFuku?k_babaCode=20&k_raceDate=2026%2F10%2F06&k_raceNo=9
2026-10-06 18:45:00,18:44,2026-10-06,oi,9,10,三連複,5-8-11,771.9,771.9,120,https://www.keiba.go.jp/KeibaWeb/TodayRaceInfo/Odds3LenFuku?k_babaCode=20&k_raceDate=2026%2F10%2F06&k_raceNo=9
2026-10-06 18:45:00,18:44,2026-10-06,oi,9,10,三連複,1-2-12,788.7,788.7,122,https://www.keiba.go.jp/KeibaWeb/TodayRaceInfo/Odds3LenFuku?k_babaCode=20&k_raceDate=2026%2F10%2F06&k_raceNo=9
2026-10-06 18:45:00,18:44,2026-10-06,oi,9,10,三連複,2-5-12,806.2,806.2,123,https://www.keiba.go.jp/KeibaWeb/TodayRaceInfo/Odds3LenFuku?k_babaCode=20&k_raceDate=2026%2F10%2F06&k_raceNo=9
2026-10-06 18:45:00,18:44,2026-10-06,oi,9,10,三連複,1-8-11,815.3,815.3,124,https://www.keiba.go.jp/KeibaWeb/TodayRaceInfo/Odds3LenFuku?k_babaCode=20&k_raceDate=2026%2F10%2F06&k_raceNo=9
2026-10-06 18:45:00,18:44,2026-10-06,oi,9,10,三連複,2-13-14,834.0,834.0,125,https://www.keiba.go.jp/KeibaWeb/TodayRaceInfo/Odds3LenFuku?k_babaCode=20&k_raceDate=2026%2F10%2F06&k_raceNo=9
2026-10-06 18:45:00,18:44,2026-10-06,oi,9,10,三連複,3-11-14,834.0,834.0,125,https://www.keiba.go.jp/KeibaWeb/TodayRaceInfo/Odds3LenFuku?k_babaCode=20&k_raceDate=2026%2F10%2F06&k_raceNo=9
2026-10-06 18:45:00,18:44,2026-10-06,oi,9,10,三連複,2-6-13,853.6,853.6,127,https://www.keiba.go.jp/KeibaWeb/TodayRaceInfo/Odds3LenFuku?k_babaCode=20&k_raceDate=2026%2F10%2F06&k_raceNo=9
2026-10-06 18:45:00,18:44,2026-10-06,oi,9,10,三連複,3-7-9,884.9,884.9,128,https://www.keiba.go.jp/KeibaWeb/TodayRaceInfo/Odds3LenFuku?k_babaCode=20&k_raceDate=2026%2F10%2F06&k_raceNo=9
2026-10-06 18:45:00,18:44,2026-10-06,oi,9,10,三連複,2-5-14,907.0,907.0,129,https://www.keiba.go.jp/KeibaWeb/TodayRaceInfo/Odds3LenFuku?k_babaCode=20&k_raceDate=2026%2F10%2F06&k_raceNo=9
2026-10-06 18:45:00,18:44,2026-10-06,oi,9,10,三連複,1-3-9,918.5,918.5,130,https://www.keiba.go.jp/KeibaWeb/TodayRaceInfo/Odds3LenFuku?k_babaCode=20&k_raceDate=2026%2F10%2F06&k_raceNo=9
2026-10-06 18:45:00,18:44,2026-10-06,oi,9,10,三連複,1-5-8,918.5,918.5,130,https://www.keiba.go.jp/KeibaWeb/TodayRaceInfo/Odds3LenFuku?k_babaCode=20&k_raceDate=2026%2F10%2F06&k_raceNo=9
2026-10-06 18:45:00,18:44,2026-10-06,oi,9,10,三連複,1-4-7,930.2,930.2,132,https://www.keiba.go.jp/KeibaWeb/TodayRaceInfo/Odds3LenFuku?k_babaCode=20&k_raceDate=2026%2F10%2F06&k_raceNo=9
2026-10-06 18:45:00,18:44,2026-10-06,oi,9,10,三連複,3-5-11,967.4,967.4,133,https://www.keiba.go.jp/KeibaWeb/TodayRaceInfo/Odds3LenFuku?k_babaCode=20&k_raceDate=2026%2F10%2F06&k_raceNo=9
2026-10-06 18:45:00,18:44,2026-10-06,oi,9,10,三連複,10-11-12,980.5,980.5,134,https://www.keiba.go.jp/KeibaWeb/TodayRaceInfo/Odds3LenFuku?k_babaCode=20&k_raceDate=2026%2F10%2F06&k_raceNo=9
2026-10-06 18:45:00,18:44,2026-10-06,oi,9,10,三連複,3-8-12,994.0,994.0,135,https://www.keiba.go.jp/KeibaWeb/TodayRaceInfo/Odds3LenFuku?k_babaCode=20&k_raceDate=2026%2F10%2F06&k_raceNo=9
2026-10-06 18:45:00,18:44,2026-10-06,oi,9,10,三連複,7-8-9,1007.8,1007.8,136,https://www.keiba.go.jp/KeibaWeb/TodayRaceInfo/Odds3LenFuku?k_babaCode=20&k_raceDate=2026%2F10%2F06&k_raceNo=9
2026-10-06 18:45:00,18:44,2026-10-06,oi,9,10,三連複,6-7-11,1022.0,1022.0,137,https://www.keiba.go.jp/KeibaWeb/TodayRaceInfo/Odds3LenFuku?k_babaCode=20&k_raceDate=2026%2F10%2F06&k_raceNo=9
2026-10-06 18:45:00,18:44,2026-10-06,oi,9,10,三連複,1-3-8,1036.6,1036.6,138,https://www.keiba.go.jp/KeibaWeb/TodayRaceInfo/Odds3LenFuku?k_babaCode=20&k_raceDate=2026%2F10%2F06&k_raceNo=9
2026-10-06 18:45:00,18:44,2026-10-06,oi,9,10,三連複,2-10-13,1051.6,1051.6,139,https://www.keiba.go.jp/KeibaWeb/TodayRaceInfo/Odds3LenFuku?k_babaCode=20&k_raceDate=2026%2F10%2F06&k_raceNo=9
2026-10-06 18:45:00,18:44,2026-10-06,oi,9,10,三連複,7-8-10,1067.0,1067.0,140,https://www.keiba.go.jp/KeibaWeb/TodayRaceInfo/Odds3LenFuku?k_babaCode=20&k_raceDate=2026%2F10%2F06&k_raceNo=9
2026-10-06 18:45:00,18:44,2026-10-06,oi,9,10,三連複,4-9-10,1099.4,1099.4,141,https://www.keiba.go.jp/KeibaWeb/TodayRaceInfo/Odds3LenFuku?k_babaCode=20&k_raceDate=2026%2F10%2F06&k_raceNo=9
2026-10-06 18:45:00,18:44,2026-10-06,oi,9,10,三連複,3-7-10,1133.7,1133.7,142,https://www.keiba.go.jp/KeibaWeb/TodayRaceInfo/Odds3LenFuku?k_babaCode=20&k_raceDate=2026%2F10%2F06&k_raceNo=9
2026-10-06 18:45:00,18:44,2026-10-06,oi,9,10,三連複,4-6-9,1151.7,1151.7,143,https://www.keiba.go.jp/KeibaWeb/TodayRaceInfo/Odds3LenFuku?k_babaCode=20&k_raceDate=2026%2F10%2F06&k_raceNo=9
2026-10-06 18:45:00,18:44,2026-10-06,oi,9,10,三連複,1-3-5,1170.3,1170.3,144,https://www.keiba.go.jp/KeibaWeb/TodayRaceInfo/Odds3LenFuku?k_babaCode=20&k_raceDate=2026%2F10%2F06&k_raceNo=9
2026-10-06 18:45:00,18:44,2026-10-06,oi,9,10,三連複,1-7-11,1189.5,1189.5,145,https://www.keiba.go.jp/KeibaWeb/TodayRaceInfo/Odds3LenFuku?k_babaCode=20&k_raceDate=2026%2F10%2F06&k_raceNo=9
2026-10-06 18:45:00,18:44,2026-10-06,oi,9,10,三連複,3-5-8,1189.5,1189.5,145,https://www.keiba.go.jp/KeibaWeb/TodayRaceInfo/Odds3LenFuku?k_babaCode=20&k_raceDate=2026%2F10%2F06&k_raceNo=9
2026-10-06 18:45:00,18:44,2026-10-06,oi,9,10,三連複,4-7-10,1189.5,1189.5,145,https://www.keiba.go.jp/KeibaWeb/TodayRaceInfo/Odds3LenFuku?k_babaCode=20&k_raceDate=2026%2F10%2F06&k_raceNo=9
2026-10-06 18:45:00,18:44,2026-10-06,oi,9,10,三連複,7-11-14,1229.8,1229.8,148,https://www.keiba.go.jp/KeibaWeb/TodayRaceInfo/Odds3LenFuku?k_babaCode=20&k_raceDate=2026%2F10%2F06&k_raceNo=9
2026-10-06 18:45:00,18:44,2026-10-06,oi,9,10,三連複,4-6-7,1251.0,1251.0,149,https://www.keiba.go.jp/KeibaWeb/TodayRaceInfo/Odds3LenFuku?k_babaCode=20&k_raceDate=2026%2F10%2F06&k_raceNo=9
2026-10-06 18:45:00,18:44,2026-10-06,oi,9,10,三連複,4-7-12,1251.0,1251.0,149,https://www.keiba.go.jp/KeibaWeb/TodayRaceInfo/Odds3LenFuku?k_babaCode=20&k_raceDate=2026%2F10%2F06&k_raceNo=9
2026-10-06 18:45:00,18:44,2026-10-06,oi,9,10,三連複,1-3-7,1273.0,1273.0,151,https://www.keiba.go.jp/KeibaWeb/TodayRaceInfo/Odds3LenFuku?k_babaCode=20&k_raceDate=2026%2F10%2F06&k_raceNo=9
2026-10-06 18:45:00,18:44,2026-10-06,oi,9,10,三連複,2-12-13,1273.0,1273.0,151,https://www.keiba.go.jp/KeibaWeb/TodayRaceInfo/Odds3LenFuku?k_babaCode=20&k_raceDate=2026%2F10%2F06&k_raceNo=9
2026-10-06 18:45:00,18:44,2026-10-06,oi,9,10,三連複,9-10-11,1273.0,1273.0,151,https://www.keiba.go.jp/KeibaWeb/TodayRaceInfo/Odds3LenFuku?k_babaCode=20&k_raceDate=2026%2F10%2F06&k_raceNo=9
2026-10-06 18:45:00,18:44,2026-10-06,oi,9,10,三連複,3-5-9,1295.7,1295.7,154,https://www.keiba.go.jp/KeibaWeb/TodayRaceInfo/Odds3LenFuku?k_babaCode=20&k_raceDate=2026%2F10%2F06&k_raceNo=9
2026-10-06 18:45:00,18:44,2026-10-06,oi,9,10,三連複,1-2-13,1319.3,1319.3,155,https://www.keiba.go.jp/KeibaWeb/TodayRaceInfo/Odds3LenFuku?k_babaCode=20&k_raceDate=2026%2F10%2F06&k_raceNo=9
2026-10-06 18:45:00,18:44,2026-10-06,oi,9,10,三連複,4-5-9,1319.3,1319.3,155,https://www.keiba.go.jp/KeibaWeb/TodayRaceInfo/Odds3LenFuku?k_babaCode=20&k_raceDate=2026%2F10%2F06&k_raceNo=9
2026-10-06 18:45:00,18:44,2026-10-06,oi,9,10,三連複,1-6-8,1343.7,1343.7,157,https://www.keiba.go.jp/KeibaWeb/TodayRaceInfo/Odds3LenFuku?k_babaCode=20&k_raceDate=2026%2F10%2F06&k_raceNo=9
2026-10-06 18:45:00,18:44,2026-10-06,oi,9,10,三連複,4-7-14,1369.1,1369.1,158,https://www.keiba.go.jp/KeibaWeb/TodayRaceInfo/Odds3LenFuku?k_babaCode=20&k_raceDate=2026%2F10%2F06&k_raceNo=9
2026-10-06 18:45:00,18:44,2026-10-06,oi,9,10,三連複,6-8-14,1369.1,1369.1,158,https://www.keiba.go.jp/KeibaWeb/TodayRaceInfo/Odds3LenFuku?k_babaCode=20&k_raceDate=2026%2F10%2F06&k_raceNo=9
2026-10-06 18:45:00,18:44,2026-10-06,oi,9,10,三連複,1-4-9,1395.4,1395.4,160,https://www.keiba.go.jp/KeibaWeb/TodayRaceInfo/Odds3LenFuku?k_babaCode=20&k_raceDate=2026%2F10%2F06&k_raceNo=9
2026-10-06 18:45:00,18:44,2026-10-06,oi,9,10,三連複,5-6-8,1422.7,1422.7,161,https://www.keiba.go.jp/KeibaWeb/TodayRaceInfo/Odds3LenFuku?k_babaCode=20&k_raceDate=2026%2F10%2F06&k_raceNo=9
2026-10-06 18:45:00,18:44,2026-10-06,oi,9,10,三連複,6-7-8,1422.7,1422.7,161,https://www.keiba.go.jp/KeibaWeb/TodayRaceInfo/Odds3LenFuku?k_babaCode=20&k_raceDate=2026%2F10%2F06&k_raceNo=9
2026-10-06 18:45:00,18:44,2026-10-06,oi,9,10,三連複,3-8-14,1451.2,1451.2,163,https://www.keiba.go.jp/KeibaWeb/TodayRaceInfo/Odds3LenFuku?k_babaCode=20&k_raceDate=2026%2F10%2F06&k_raceNo=9
2026-10-06 18:45:00,18:44,2026-10-06,oi,9,10,三連複,8-9-10,1451.2,1451.2,163,https://www.keiba.go.jp/KeibaWeb/TodayRaceInfo/Odds3LenFuku?k_babaCode=20&k_raceDate=2026%2F10%2F06&k_raceNo=9
2026-10-06 18:45:00,18:44,2026-10-06,oi,9,10,三連複,3-4-13,1480.8,1480.8,165,https://www.keiba.go.jp/KeibaWeb/TodayRaceInfo/Odds3LenFuku?k_babaCode=20&k_raceDate=2026%2F10%2F06&k_raceNo=9
2026-10-06 18:45:00,18:44,2026-10-06,oi,9,10,三連複,4-6-14,1480.8,1480.8,165,https://www.keiba.go.jp/KeibaWeb/TodayRaceInfo/Odds3LenFuku?k_babaCode=20&k_raceDate=2026%2F10%2F06&k_raceNo=9
2026-10-06 18:45:00,18:44,2026-10-06,oi,9,10,三連複,1-5-9,1511.7,1511.7,167,https://www.keiba.go.jp/KeibaWeb/TodayRaceInfo/Odds3LenFuku?k_babaCode=20&k_raceDate=2026%2F10%2F06&k_raceNo=9
2026-10-06 18:45:00,18:44,2026-10-06,oi,9,10,三連複,3-6-7,1511.7,1511.7,167,https://www.keiba.go.jp/KeibaWeb/TodayRaceInfo/Odds3LenFuku?k_babaCode=20&k_raceDate=2026%2F10%2F06&k_raceNo=9
2026-10-06 18:45:00,18:44,2026-10-06,oi,9,10,三連複,4-11-13,1511.7,1511.7,167,https://www.keiba.go.jp/KeibaWeb/TodayRaceInfo/Odds3LenFuku?k_babaCode=20&k_raceDate=2026%2F10%2F06&k_raceNo=9
2026-10-06 18:45:00,18:44,2026-10-06,oi,9,10,三連複,2-5-13,1543.8,1543.8,170,https://www.keiba.go.jp/KeibaWeb/TodayRaceInfo/Odds3LenFuku?k_babaCode=20&k_raceDate=2026%2F10%2F06&k_raceNo=9
2026-10-06 18:45:00,18:44,2026-10-06,oi,9,10,三連複,4-5-7,1543.8,1543.8,170,https://www.keiba.go.jp/KeibaWeb/TodayRaceInfo/Odds3LenFuku?k_babaCode=20&k_raceDate=2026%2F10%2F06&k_raceNo=9
2026-10-06 18:45:00,18:44,2026-10-06,oi,9,10,三連複,8-11-13,1577.4,1577.4,172,https://www.keiba.go.jp/KeibaWeb/TodayRaceInfo/Odds3LenFuku?k_babaCode=20&k_raceDate=2026%2F10%2F06&k_raceNo=9
2026-10-06 18:45:00,18:44,2026-10-06,oi,9,10,三連複,9-11-12,1612.4,1612.4,173,https://www.keiba.go.jp/KeibaWeb/TodayRaceInfo/Odds3LenFuku?k_babaCode=20&k_raceDate=2026%2F10%2F06&k_raceNo=9
2026-10-06 18:45:00,18:44,2026-10-06,oi,9,10,三連複,1-7-8,1649.1,1649.1,174,https://www.keiba.go.jp/KeibaWeb/TodayRaceInfo/Odds3LenFuku?k_babaCode=20&k_raceDate=2026%2F10%2F06&k_raceNo=9
2026-10-06 18:45:00,18:44,2026-10-06,oi,9,10,三連複,3-11-13,1649.1,1649.1,174,https://www.keiba.go.jp/KeibaWeb/TodayRaceInfo/Odds3LenFuku?k_babaCode=20&k_raceDate=2026%2F10%2F06&k_raceNo=9
2026-10-06 18:45:00,18:44,2026-10-06,oi,9,10,三連複,4-6-10,1649.1,1649.1,174,https://www.keiba.go.jp/KeibaWeb/TodayRaceInfo/Odds3LenFuku?k_babaCode=20&k_raceDate=2026%2F10%2F06&k_raceNo=9
2026-10-06 18:45:00,18:44,2026-10-06,oi,9,10,三連複,5-7-11,1687.4,1687.4,177,https://www.keiba.go.jp/KeibaWeb/TodayRaceInfo/Odds3LenFuku?k_babaCode=20&k_raceDate=2026%2F10%2F06&k_raceNo=9
2026-10-06 18:45:00,18:44,2026-10-06,oi,9,10,三連複,11-12-14,1687.4,1687.4,177,https://www.keiba.go.jp/KeibaWeb/TodayRaceInfo/Odds3LenFuku?k_babaCode=20&k_raceDate=2026%2F10%2F06&k_raceNo=9
2026-10-06 18:45:00,18:44,2026-10-06,oi,9,10,三連複,3-6-9,1727.6,1727.6,179,https://www.keiba.go.jp/KeibaWeb/TodayRaceInfo/Odds3LenFuku?k_babaCode=20&k_raceDate=2026%2F10%2F06&k_raceNo=9
2026-10-06 18:45:00,18:44,2026-10-06,oi,9,10,三連複,1-6-11,1769.8,1769.8,180,https://www.keiba.go.jp/KeibaWeb/TodayRaceInfo/Odds3LenFuku?k_babaCode=20&k_raceDate=2026%2F10%2F06&k_raceNo=9
2026-10-06 18:45:00,18:44,2026-10-06,oi,9,10,三連複,4-8-13,1814.0,1814.0,181,https://www.keiba.go.jp/KeibaWeb/TodayRaceInfo/Odds3LenFuku?k_babaCode=20&k_raceDate=2026%2F10%2F06&k_raceNo=9
2026-10-06 18:45:00,18:44,2026-10-06,oi,9,10,三連複,1-8-9,1860.5,1860.5,182,https://www.keiba.go.jp/KeibaWeb/TodayRaceInfo/Odds3LenFuku?k_babaCode=20&k_raceDate=2026%2F10%2F06&k_raceNo=9
2026-10-06 18:45:00,18:44,2026-10-06,oi,9,10,三連複,6-8-12,1860.5,1860.5,182,https://www.keiba.go.jp/KeibaWeb/TodayRaceInfo/Odds3LenFuku?k_babaCode=20&k_raceDate=2026%2F10%2F06&k_raceNo=9
2026-10-06 18:45:00,18:44,2026-10-06,oi,9,10,三連複,3-5-7,1909.5,1909.5,184,https://www.keiba.go.jp/KeibaWeb/TodayRaceInfo/Odds3LenFuku?k_babaCode=20&k_raceDate=2026%2F10%2F06&k_raceNo=9
2026-10-06 18:45:00,18:44,2026-10-06,oi,9,10,三連複,1-9-11,1961.1,1961.1,185,https://www.keiba.go.jp/KeibaWeb/TodayRaceInfo/Odds3LenFuku?k_babaCode=20&k_raceDate=2026%2F10%2F06&k_raceNo=9
2026-10-06 18:45:00,18:44,2026-10-06,oi,9,10,三連複,3-9-10,1961.1,1961.1,185,https://www.keiba.go.jp/KeibaWeb/TodayRaceInfo/Odds3LenFuku?k_babaCode=20&k_raceDate=2026%2F10%2F06&k_raceNo=9
2026-10-06 18:45:00,18:44,2026-10-06,oi,9,10,三連複,8-10-12,1961.1,1961.1,185,https://www.keiba.go.jp/KeibaWeb/TodayRaceInfo/Odds3LenFuku?k_babaCode=20&k_raceDate=2026%2F10%2F06&k_raceNo=9
2026-10-06 18:45:00,18:44,2026-10-06,oi,9,10,三連複,1-5-11,2015.6,2015.6,188,https://www.keiba.go.jp/KeibaWeb/TodayRaceInfo/Odds3LenFuku?k_babaCode=20&k_raceDate=2026%2F10%2F06&k_raceNo=9
2026-10-06 18:45:00,18:44,2026-10-06,oi,9,10,三連複,1-6-9,2015.6,2015.6,188,https://www.keiba.go.jp/KeibaWeb/TodayRaceInfo/Odds3LenFuku?k_babaCode=20&k_raceDate=2026%2F10%2F06&k_raceNo=9
2026-10-06 18:45:00,18:44,2026-10-06,oi,9,10,三連複,7-8-12,2015.6,2015.6,188,https://www.keiba.go.jp/KeibaWeb/TodayRaceInfo/Odds3LenFuku?k_babaCode=20&k_raceDate=2026%2F10%2F06&k_raceNo=9
2026-10-06 18:45:00,18:44,2026-10-06,oi,9,10,三連複,6-8-10,2073.2,2073.2,191,https://www.keiba.go.jp/KeibaWeb/TodayRaceInfo/Odds3LenFuku?k_babaCode=20&k_raceDate=2026%2F10%2F06&k_raceNo=9
2026-10-06 18:45:00,18:44,2026-10-06,oi,9,10,三連複,6-8-9,2134.1,2134.1,192,https://www.keiba.go.jp/KeibaWeb/TodayRaceInfo/Odds3LenFuku?k_babaCode=20&k_raceDate=2026%2F10%2F06&k_raceNo=9
2026-10-06 18:45:00,18:44,2026-10-06,oi,9,10,三連複,7-8-14,2134.1,2134.1,192,https://www.keiba.go.jp/KeibaWeb/TodayRaceInfo/Odds3LenFuku?k_babaCode=20&k_raceDate=2026%2F10%2F06&k_raceNo=9
2026-10-06 18:45:00,18:44,2026-10-06,oi,9,10,三連複,1-3-6,2198.8,2198.8,194,https://www.keiba.go.jp/KeibaWeb/TodayRaceInfo/Odds3LenFuku?k_babaCode=20&k_raceDate=2026%2F10%2F06&k_raceNo=9
2026-10-06 18:45:00,18:44,2026-10-06,oi,9,10,三連複,1-11-12,2198.8,2198.8,194,https://www.keiba.go.jp/KeibaWeb/TodayRaceInfo/Odds3LenFuku?k_babaCode=20&k_raceDate=2026%2F10%2F06&k_raceNo=9
2026-10-06 18:45:00,18:44,2026-10-06,oi,9,10,三連複,3-7-12,2198.8,2198.8,194,https://www.keiba.go.jp/KeibaWeb/TodayRaceInfo/Odds3LenFuku?k_babaCode=20&k_raceDate=2026%2F10%2F06&k_raceNo=9
2026-10-06 18:45:00,18:44,2026-10-06,oi,9,10,三連複,3-7-14,2198.8,2198.8,194,https://www.keiba.go.jp/KeibaWeb/TodayRaceInfo/Odds3LenFuku?k_babaCode=20&k_raceDate=2026%2F10%2F06&k_raceNo=9
2026-10-06 18:45:00,18:44,2026-10-06,oi,9,10,三連複,5-9-11,2198.8,2198.8,194,https://www.keiba.go.jp/KeibaWeb/TodayRaceInfo/Odds3LenFuku?k_babaCode=20&k_raceDate=2026%2F10%2F06&k_raceNo=9
2026-10-06 18:45:00,18:44,2026-10-06,oi,9,10,三連複,3-9-12,2267.5,2267.5,199,https://www.keiba.go.jp/KeibaWeb/TodayRaceInfo/Odds3LenFuku?k_babaCode=20&k_raceDate=2026%2F10%2F06&k_raceNo=9
2026-10-06 18:45:00,18:44,2026-10-06,oi,9,10,三連複,4-10-13,2267.5,2267.5,199,https://www.keiba.go.jp/KeibaWeb/TodayRaceInfo/Odds3LenFuku?k_babaCode=20&k_raceDate=2026%2F10%2F06&k_raceNo=9
2026-10-06 18:45:00,18:44,2026-10-06,oi,9,10,三連複,5-6-7,2267.5,2267.5,199,https://www.keiba.go.jp/KeibaWeb/TodayRaceInfo/Odds3LenFuku?k_babaCode=20&k_raceDate=2026%2F10%2F06&k_raceNo=9
2026-10-06 18:45:00,18:44,2026-10-06,oi,9,10,三連複,6-9-11,2267.5,2267.5,199,https://www.keiba.go.jp/KeibaWeb/TodayRaceInfo/Odds3LenFuku?k_babaCode=20&k_raceDate=2026%2F10%2F06&k_raceNo=9
2026-10-06 18:45:00,18:44,2026-10-06,oi,9,10,三連複,7-9-10,2267.5,2267.5,199,https://www.keiba.go.jp/KeibaWeb/TodayRaceInfo/Odds3LenFuku?k_babaCode=20&k_raceDate=2026%2F10%2F06&k_raceNo=9
2026-10-06 18:45:00,18:44,2026-10-06,oi,9,10,三連複,4-9-12,2340.7,2340.7,204,https://www.keiba.go.jp/KeibaWeb/TodayRaceInfo/Odds3LenFuku?k_babaCode=20&k_raceDate=2026%2F10%2F06&k_raceNo=9
2026-10-06 18:45:00,18:44,2026-10-06,oi,9,10,三連複,5-8-12,2340.7,2340.7,204,https://www.keiba.go.jp/KeibaWeb/TodayRaceInfo/Odds3LenFuku?k_babaCode=20&k_raceDate=2026%2F10%2F06&k_raceNo=9
2026-10-06 18:45:00,18:44,2026-10-06,oi,9,10,三連複,6-10-11,2340.7,2340.7,204,https://www.keiba.go.jp/KeibaWeb/TodayRaceInfo/Odds3LenFuku?k_babaCode=20&k_raceDate=2026%2F10%2F06&k_raceNo=9
2026-10-06 18:45:00,18:44,2026-10-06,oi,9,10,三連複,6-11-12,2340.7,2340.7,204,https://www.keiba.go.jp/KeibaWeb/TodayRaceInfo/Odds3LenFuku?k_babaCode=20&k_raceDate=2026%2F10%2F06&k_raceNo=9
2026-10-06 18:45:00,18:44,2026-10-06,oi,9,10,三連複,3-5-10,2418.7,2418.7,208,https://www.keiba.go.jp/KeibaWeb/TodayRaceInfo/Odds3LenFuku?k_babaCode=20&k_raceDate=2026%2F10%2F06&k_raceNo=9
2026-10-06 18:45:00,18:44,2026-10-06,oi,9,10,三連複,4-9-14,2418.7,2418.7,208,https://www.keiba.go.jp/KeibaWeb/TodayRaceInfo/Odds3LenFuku?k_babaCode=20&k_raceDate=2026%2F10%2F06&k_raceNo=9
2026-10-06 18:45:00,18:44,2026-10-06,oi,9,10,三連複,1-13-14,2502.1,2502.1,210,https://www.keiba.go.jp/KeibaWeb/TodayRaceInfo/Odds3LenFuku?k_babaCode=20&k_raceDate=2026%2F10%2F06&k_raceNo=9
2026-10-06 18:45:00,18:44,2026-10-06,oi,9,10,三連複,4-6-12,2502.1,2502.1,210,https://www.keiba.go.jp/KeibaWeb/TodayRaceInfo/Odds3LenFuku?k_babaCode=20&k_raceDate=2026%2F10%2F06&k_raceNo=9
2026-10-06 18:45:00,18:44,2026-10-06,oi,9,10,三連複,5-6-11,2502.1,2502.1,210,https://www.keiba.go.jp/KeibaWeb/TodayRaceInfo/Odds3LenFuku?k_babaCode=20&k_raceDate=2026%2F10%2F06&k_raceNo=9
2026-10-06 18:45:00,18:44,2026-10-06,oi,9,10,三連複,7-11-13,2502.1,2502.1,210,https://www.keiba.go.jp/KeibaWeb/TodayRaceInfo/Odds3LenFuku?k_babaCode=20&k_raceDate=2026%2F10%2F06&k_raceNo=9
2026-10-06 18:45:00,18:44,2026-10-06,oi,9,10,三連複,8-9-12,2502.1,2502.1,210,https://www.keiba.go.jp/KeibaWeb/TodayRaceInfo/Odds3LenFuku?k_babaCode=20&k_raceDate=2026%2F10%2F06&k_raceNo=9
2026-10-06 18:45:00,18:44,2026-10-06,oi,9,10,三連複,3-8-13,2591.5,2591.5,215,https://www.keiba.go.jp/KeibaWeb/TodayRaceInfo/Odds3LenFuku?k_babaCode=20&k_raceDate=2026%2F10%2F06&k_raceNo=9
2026-10-06 18:45:00,18:44,2026-10-06,oi,9,10,三連複,5-11-12,2591.5,2591.5,215,https://www.keiba.go.jp/KeibaWeb/TodayRaceInfo/Odds3LenFuku?k_babaCode=20&k_raceDate=2026%2F10%2F06&k_raceNo=9
2026-10-06 18:45:00,18:44,2026-10-06,oi,9,10,三連複,1-4-14,2687.4,2687.4,217,https://www.keiba.go.jp/KeibaWeb/TodayRaceInfo/Odds3LenFuku?k_babaCode=20&k_raceDate=2026%2F10%2F06&k_raceNo=9
2026-10-06 18:45:00,18:44,2026-10-06,oi,9,10,三連複,1-10-11,2687.4,2687.4,217,https://www.keiba.go.jp/KeibaWeb/TodayRaceInfo/Odds3LenFuku?k_babaCode=20&k_raceDate=2026%2F10%2F06&k_raceNo=9
2026-10-06 18:45:00,18:44,2026-10-06,oi,9,10,三連複,1-8-12,2790.8,2790.8,219,https://www.keiba.go.jp/KeibaWeb/TodayRaceInfo/Odds3LenFuku?k_babaCode=20&k_raceDate=2026%2F10%2F06&k_raceNo=9
2026-10-06 18:45:00,18:44,2026-10-06,oi,9,10,三連複,3-5-6,2790.8,2790.8,219,https://www.keiba.go.jp/KeibaWeb/TodayRaceInfo/Odds3LenFuku?k_babaCode=20&k_raceDate=2026%2F10%2F06&k_raceNo=9
2026-10-06 18:45:00,18:44,2026-10-06,oi,9,10,三連複,4-10-14,2790.8,2790.8,219,https://www.keiba.go.jp/KeibaWeb/TodayRaceInfo/Odds3LenFuku?k_babaCode=20&k_raceDate=2026%2F10%2F06&k_raceNo=9
2026-10-06 18:45:00,18:44,2026-10-06,oi,9,10,三連複,6-11-14,2790.8,2790.8,219,https://www.keiba.go.jp/KeibaWeb/TodayRaceInfo/Odds3LenFuku?k_babaCode=20&k_raceDate=2026%2F10%2F06&k_raceNo=9
2026-10-06 18:45:00,18:44,2026-10-06,oi,9,10,三連複,9-11-14,2790.8,2790.8,219,https://www.keiba.go.jp/KeibaWeb/TodayRaceInfo/Odds3LenFuku?k_babaCode=20&k_raceDate=2026%2F10%2F06&k_raceNo=9
2026-10-06 18:45:00,18:44,2026-10-06,oi,9,10,三連複,1-6-7,2902.4,2902.4,224,https://www.keiba.go.jp/KeibaWeb/TodayRaceInfo/Odds3LenFuku?k_babaCode=20&k_raceDate=2026%2F10%2F06&k_raceNo=9
2026-10-06 18:45:00,18:44,2026-10-06,oi,9,10,三連複,5-7-8,2902.4,2902.4,224,https://www.keiba.go.jp/KeibaWeb/TodayRaceInfo/Odds3LenFuku?k_babaCode=20&k_raceDate=2026%2F10%2F06&k_raceNo=9
2026-10-06 18:45:00,18:44,2026-10-06,oi,9,10,三連複,11-12-13,2902.4,2902.4,224,https://www.keiba.go.jp/KeibaWeb/TodayRaceInfo/Odds3LenFuku?k_babaCode=20&k_raceDate=2026%2F10%2F06&k_raceNo=9
2026-10-06 18:45:00,18:44,2026-10-06,oi,9,10,三連複,1-5-6,3023.4,3023.4,227,https://www.keiba.go.jp/KeibaWeb/TodayRaceInfo/Odds3LenFuku?k_babaCode=20&k_raceDate=2026%2F10%2F06&k_raceNo=9
2026-10-06 18:45:00,18:44,2026-10-06,oi,9,10,三連複,1-7-9,3023.4,3023.4,227,https://www.keiba.go.jp/KeibaWeb/TodayRaceInfo/Odds3LenFuku?k_babaCode=20&k_raceDate=2026%2F10%2F06&k_raceNo=9
2026-10-06 18:45:00,18:44,2026-10-06,oi,9,10,三連複,4-6-13,3023.4,3023.4,227,https://www.keiba.go.jp/KeibaWeb/TodayRaceInfo/Odds3LenFuku?k_babaCode=20&k_raceDate=2026%2F10%2F06&k_raceNo=9
2026-10-06 18:45:00,18:44,2026-10-06,oi,9,10,三連複,5-7-9,3023.4,3023.4,227,https://www.keiba.go.jp/KeibaWeb/TodayRaceInfo/Odds3LenFuku?k_babaCode=20&k_raceDate=2026%2F10%2F06&k_raceNo=9
2026-10-06 18:45:00,18:44,2026-10-06,oi,9,10,三連複,3-6-10,3154.8,3154.8,231,https://www.keiba.go.jp/KeibaWeb/TodayRaceInfo/Odds3LenFuku?k_babaCode=20&k_raceDate=2026%2F10%2F06&k_raceNo=9
2026-10-06 18:45:00,18:44,2026-10-06,oi,9,10,三連複,5-10-11,3154.8,3154.8,231,https://www.keiba.go.jp/KeibaWeb/TodayRaceInfo/Odds3LenFuku?k_babaCode=20&k_raceDate=2026%2F10%2F06&k_raceNo=9
2026-10-06 18:45:00,18:44,2026-10-06,oi,9,10,三連複,1-11-14,3298.2,3298.2,233,https://www.keiba.go.jp/KeibaWeb/TodayRaceInfo/Odds3LenFuku?k_babaCode=20&k_raceDate=2026%2F10%2F06&k_raceNo=9
2026-10-06 18:45:00,18:44,2026-10-06,oi,9,10,三連複,4-5-12,3298.2,3298.2,233,https://www.keiba.go.jp/KeibaWeb/TodayRaceInfo/Odds3LenFuku?k_babaCode=20&k_raceDate=2026%2F10%2F06&k_raceNo=9
2026-10-06 18:45:00,18:44,2026-10-06,oi,9,10,三連複,4-9-13,3298.2,3298.2,233,https://www.keiba.go.jp/KeibaWeb/TodayRaceInfo/Odds3LenFuku?k_babaCode=20&k_raceDate=2026%2F10%2F06&k_raceNo=9
2026-10-06 18:45:00,18:44,2026-10-06,oi,9,10,三連複,4-10-12,3298.2,3298.2,233,https://www.keiba.go.jp/KeibaWeb/TodayRaceInfo/Odds3LenFuku?k_babaCode=20&k_raceDate=2026%2F10%2F06&k_raceNo=9
2026-10-06 18:45:00,18:44,2026-10-06,oi,9,10,三連複,6-7-12,3298.2,3298.2,233,https://www.keiba.go.jp/KeibaWeb/TodayRaceInfo/Odds3LenFuku?k_babaCode=20&k_raceDate=2026%2F10%2F06&k_raceNo=9
2026-10-06 18:45:00,18:44,2026-10-06,oi,9,10,三連複,7-10-12,3298.2,3298.2,233,https://www.keiba.go.jp/KeibaWeb/TodayRaceInfo/Odds3LenFuku?k_babaCode=20&k_raceDate=2026%2F10%2F06&k_raceNo=9
2026-10-06 18:45:00,18:44,2026-10-06,oi,9,10,三連複,1-3-14,3455.3,3455.3,239,https://www.keiba.go.jp/KeibaWeb/TodayRaceInfo/Odds3LenFuku?k_babaCode=20&k_raceDate=2026%2F10%2F06&k_raceNo=9
2026-10-06 18:45:00,18:44,2026-10-06,oi,9,10,三連複,3-10-12,3455.3,3455.3,239,https://www.keiba.go.jp/KeibaWeb/TodayRaceInfo/Odds3LenFuku?k_babaCode=20&k_raceDate=2026%2F10%2F06&k_raceNo=9
2026-10-06 18:45:00,18:44,2026-10-06,oi,9,10,三連複,4-12-14,3455.3,3455.3,239,https://www.keiba.go.jp/KeibaWeb/TodayRaceInfo/Odds3LenFuku?k_babaCode=20&k_raceDate=2026%2F10%2F06&k_raceNo=9
2026-10-06 18:45:00,18:44,2026-10-06,oi,9,10,三連複,7-9-12,3455.3,3455.3,239,https://www.keiba.go.jp/KeibaWeb/TodayRaceInfo/Odds3LenFuku?k_babaCode=20&k_raceDate=2026%2F10%2F06&k_raceNo=9
2026-10-06 18:45:00,18:44,2026-10-06,oi,9,10,三連複,10-11-14,3455.3,3455.3,239,https://www.keiba.go.jp/KeibaWeb/TodayRaceInfo/Odds3LenFuku?k_babaCode=20&k_raceDate=2026%2F10%2F06&k_raceNo=9
2026-10-06 18:45:00,18:44,2026-10-06,oi,9,10,三連複,3-6-12,3628.1,3628.1,244,https://www.keiba.go.jp/KeibaWeb/TodayRaceInfo/Odds3LenFuku?k_babaCode=20&k_raceDate=2026%2F10%2F06&k_raceNo=9
2026-10-06 18:45:00,18:44,2026-10-06,oi,9,10,三連複,4-13-14,3628.1,3628.1,244,https://www.keiba.go.jp/KeibaWeb/TodayRaceInfo/Odds3LenFuku?k_babaCode=20&k_raceDate=2026%2F10%2F06&k_raceNo=9
2026-10-06 18:45:00,18:44,2026-10-06,oi,9,10,三連複,5-8-9,3628.1,3628.1,244,https://www.keiba.go.jp/KeibaWeb/TodayRaceInfo/Odds3LenFuku?k_babaCode=20&k_raceDate=2026%2F10%2F06&k_raceNo=9
2026-10-06 18:45:00,18:44,2026-10-06,oi,9,10,三連複,6-7-10,3628.1,3628.1,244,https://www.keiba.go.jp/KeibaWeb/TodayRaceInfo/Odds3LenFuku?k_babaCode=20&k_raceDate=2026%2F10%2F06&k_raceNo=9
2026-10-06 18:45:00,18:44,2026-10-06,oi,9,10,三連複,1-3-10,3819.0,3819.0,248,https://www.keiba.go.jp/KeibaWeb/TodayRaceInfo/Odds3LenFuku?k_babaCode=20&k_raceDate=2026%2F10%2F06&k_raceNo=9
2026-10-06 18:45:00,18:44,2026-10-06,oi,9,10,三連複,3-7-13,3819.0,3819.0,248,https://www.keiba.go.jp/KeibaWeb/TodayRaceInfo/Odds3LenFuku?k_babaCode=20&k_raceDate=2026%2F10%2F06&k_raceNo=9
2026-10-06 18:45:00,18:44,2026-10-06,oi,9,10,三連複,3-9-14,3819.0,3819.0,248,https://www.keiba.go.jp/KeibaWeb/TodayRaceInfo/Odds3LenFuku?k_babaCode=20&k_raceDate=2026%2F10%2F06&k_raceNo=9
2026-10-06 18:45:00,18:44,2026-10-06,oi,9,10,三連複,3-13-14,3819.0,3819.0,248,https://www.keiba.go.jp/KeibaWeb/TodayRaceInfo/Odds3LenFuku?k_babaCode=20&k_raceDate=2026%2F10%2F06&k_raceNo=9
2026-10-06 18:45:00,18:44,2026-10-06,oi,9,10,三連複,4-7-13,3819.0,3819.0,248,https://www.keiba.go.jp/KeibaWeb/TodayRaceInfo/Odds3LenFuku?k_babaCode=20&k_raceDate=2026%2F10%2F06&k_raceNo=9
2026-10-06 18:45:00,18:44,2026-10-06,oi,9,10,三連複,5-9-12,3819.0,3819.0,248,https://www.keiba.go.jp/KeibaWeb/TodayRaceInfo/Odds3LenFuku?k_babaCode=20&k_raceDate=2026%2F10%2F06&k_raceNo=9
2026-10-06 18:45:00,18:44,2026-10-06,oi,9,10,三連複,6-8-13,3819.0,3819.0,248,https://www.keiba.go.jp/KeibaWeb/TodayRaceInfo/Odds3LenFuku?k_babaCode=20&k_raceDate=2026%2F10%2F06&k_raceNo=9
2026-10-06 18:45:00,18:44,2026-10-06,oi,9,10,三連複,7-8-13,3819.0,3819.0,248,https://www.keiba.go.jp/KeibaWeb/TodayRaceInfo/Odds3LenFuku?k_babaCode=20&k_raceDate=2026%2F10%2F06&k_raceNo=9
2026-10-06 18:45:00,18:44,2026-10-06,oi,9,10,三連複,8-10-14,3819.0,3819.0,248,https://www.keiba.go.jp/KeibaWeb/TodayRaceInfo/Odds3LenFuku?k_babaCode=20&k_raceDate=2026%2F10%2F06&k_raceNo=9
2026-10-06 18:45:00,18:44,2026-10-06,oi,9,10,三連複,11-13-14,3819.0,3819.0,248,https://www.keiba.go.jp/KeibaWeb/TodayRaceInfo/Odds3LenFuku?k_babaCode=20&k_raceDate=2026%2F10%2F06&k_raceNo=9
2026-10-06 18:45:00,18:44,2026-10-06,oi,9,10,三連複,1-5-7,4031.2,4031.2,258,https://www.keiba.go.jp/KeibaWeb/TodayRaceInfo/Odds3LenFuku?k_babaCode=20&k_raceDate=2026%2F10%2F06&k_raceNo=9
2026-10-06 18:45:00,18:44,2026-10-06,oi,9,10,三連複,1-6-10,4031.2,4031.2,258,https://www.keiba.go.jp/KeibaWeb/TodayRaceInfo/Odds3LenFuku?k_babaCode=20&k_raceDate=2026%2F10%2F06&k_raceNo=9
2026-10-06 18:45:00,18:44,2026-10-06,oi,9,10,三連複,3-6-14,4031.2,4031.2,258,https://www.keiba.go.jp/KeibaWeb/TodayRaceInfo/Odds3LenFuku?k_babaCode=20&k_raceDate=2026%2F10%2F06&k_raceNo=9
2026-10-06 18:45:00,18:44,2026-10-06,oi,9,10,三連複,6-7-9,4031.2,4031.2,258,https://www.keiba.go.jp/KeibaWeb/TodayRaceInfo/Odds3LenFuku?k_babaCode=20&k_raceDate=2026%2F10%2F06&k_raceNo=9
2026-10-06 18:45:00,18:44,2026-10-06,oi,9,10,三連複,6-11-13,4031.2,4031.2,258,https://www.keiba.go.jp/KeibaWeb/TodayRaceInfo/Odds3LenFuku?k_babaCode=20&k_raceDate=2026%2F10%2F06&k_raceNo=9
2026-10-06 18:45:00,18:44,2026-10-06,oi,9,10,三連複,8-9-14,4031.2,4031.2,258,https://www.keiba.go.jp/KeibaWeb/TodayRaceInfo/Odds3LenFuku?k_babaCode=20&k_raceDate=2026%2F10%2F06&k_raceNo=9
2026-10-06 18:45:00,18:44,2026-10-06,oi,9,10,三連複,8-12-14,4031.2,4031.2,258,https://www.keiba.go.jp/KeibaWeb/TodayRaceInfo/Odds3LenFuku?k_babaCode=20&k_raceDate=2026%2F10%2F06&k_raceNo=9
2026-10-06 18:45:00,18:44,2026-10-06,oi,9,10,三連複,9-11-13,4031.2,4031.2,258,https://www.keiba.go.jp/KeibaWeb/TodayRaceInfo/Odds3LenFuku?k_babaCode=20&k_raceDate=2026%2F10%2F06&k_raceNo=9
2026-10-06 18:45:00,18:44,2026-10-06,oi,9,10,三連複,1-4-10,4268.3,4268.3,266,https://www.keiba.go.jp/KeibaWeb/TodayRaceInfo/Odds3LenFuku?k_babaCode=20&k_raceDate=2026%2F10%2F06&k_raceNo=9
2026-10-06 18:45:00,18:44,2026-10-06,oi,9,10,三連複,1-4-12,4268.3,4268.3,266,https://www.keiba.go.jp/KeibaWeb/TodayRaceInfo/Odds3LenFuku?k_babaCode=20&k_raceDate=2026%2F10%2F06&k_raceNo=9
2026-10-06 18:45:00,18:44,2026-10-06,oi,9,10,三連複,1-9-10,4268.3,4268.3,266,https://www.keiba.go.jp/KeibaWeb/TodayRaceInfo/Odds3LenFuku?k_babaCode=20&k_raceDate=2026%2F10%2F06&k_raceNo=9
2026-10-06 18:45:00,18:44,2026-10-06,oi,9,10,三連複,4-5-10,4268.3,4268.3,266,https://www.keiba.go.jp/KeibaWeb/TodayRaceInfo/Odds3LenFuku?k_babaCode=20&k_raceDate=2026%2F10%2F06&k_raceNo=9
2026-10-06 18:45:00,18:44,2026-10-06,oi,9,10,三連複,7-9-14,4268.3,4268.3,266,https://www.keiba.go.jp/KeibaWeb/TodayRaceInfo/Odds3LenFuku?k_babaCode=20&k_raceDate=2026%2F10%2F06&k_raceNo=9
2026-10-06 18:45:00,18:44,2026-10-06,oi,9,10,三連複,1-8-14,4535.1,4535.1,271,https://www.keiba.go.jp/KeibaWeb/TodayRaceInfo/Odds3LenFuku?k_babaCode=20&k_raceDate=2026%2F10%2F06&k_raceNo=9
2026-10-06 18:45:00,18:44,2026-10-06,oi,9,10,三連複,5-6-12,4535.1,4535.1,271,https://www.keiba.go.jp/KeibaWeb/TodayRaceInfo/Odds3LenFuku?k_babaCode=20&k_raceDate=2026%2F10%2F06&k_raceNo=9
2026-10-06 18:45:00,18:44,2026-10-06,oi,9,10,三連複,5-9-10,4535.1,4535.1,271,https://www.keiba.go.jp/KeibaWeb/TodayRaceInfo/Odds3LenFuku?k_babaCode=20&k_raceDate=2026%2F10%2F06&k_raceNo=9
2026-10-06 18:45:00,18:44,2026-10-06,oi,9,10,三連複,8-9-13,4535.1,4535.1,271,https://www.keiba.go.jp/KeibaWeb/TodayRaceInfo/Odds3LenFuku?k_babaCode=20&k_raceDate=2026%2F10%2F06&k_raceNo=9
2026-10-06 18:45:00,18:44,2026-10-06,oi,9,10,三連複,3-9-13,4837.4,4837.4,275,https://www.keiba.go.jp/KeibaWeb/TodayRaceInfo/Odds3LenFuku?k_babaCode=20&k_raceDate=2026%2F10%2F06&k_raceNo=9
2026-10-06 18:45:00,18:44,2026-10-06,oi,9,10,三連複,5-7-10,4837.4,4837.4,275,https://www.keiba.go.jp/KeibaWeb/TodayRaceInfo/Odds3LenFuku?k_babaCode=20&k_raceDate=2026%2F10%2F06&k_raceNo=9
2026-10-06 18:45:00,18:44,2026-10-06,oi,9,10,三連複,5-7-12,4837.4,4837.4,275,https://www.keiba.go.jp/KeibaWeb/TodayRaceInfo/Odds3LenFuku?k_babaCode=20&k_raceDate=2026%2F10%2F06&k_raceNo=9
2026-10-06 18:45:00,18:44,2026-10-06,oi,9,10,三連複,5-8-10,4837.4,4837.4,275,https://www.keiba.go.jp/KeibaWeb/TodayRaceInfo/Odds3LenFuku?k_babaCode=20&k_raceDate=2026%2F10%2F06&k_raceNo=9
2026-10-06 18:45:00,18:44,2026-10-06,oi,9,10,三連複,1-9-12,5183.0,5183.0,279,https://www.keiba.go.jp/KeibaWeb/TodayRaceInfo/Odds3LenFuku?k_babaCode=20&k_raceDate=2026%2F10%2F06&k_raceNo=9
2026-10-06 18:45:00,18:44,2026-10-06,oi,9,10,三連複,3-5-12,5183.0,5183.0,279,https://www.keiba.go.jp/KeibaWeb/TodayRaceInfo/Odds3LenFuku?k_babaCode=20&k_raceDate=2026%2F10%2F06&k_raceNo=9
2026-10-06 18:45:00,18:44,2026-10-06,oi,9,10,三連複,3-6-13,5183.0,5183.0,279,https://www.keiba.go.jp/KeibaWeb/TodayRaceInfo/Odds3LenFuku?k_babaCode=20&k_raceDate=2026%2F10%2F06&k_raceNo=9
2026-10-06 18:45:00,18:44,2026-10-06,oi,9,10,三連複,5-11-14,5183.0,5183.0,279,https://www.keiba.go.jp/KeibaWeb/TodayRaceInfo/Odds3LenFuku?k_babaCode=20&k_raceDate=2026%2F10%2F06&k_raceNo=9
2026-10-06 18:45:00,18:44,2026-10-06,oi,9,10,三連複,6-9-10,5183.0,5183.0,279,https://www.keiba.go.jp/KeibaWeb/TodayRaceInfo/Odds3LenFuku?k_babaCode=20&k_raceDate=2026%2F10%2F06&k_raceNo=9
2026-10-06 18:45:00,18:44,2026-10-06,oi,9,10,三連複,8-13-14,5183.0,5183.0,279,https://www.keiba.go.jp/KeibaWeb/TodayRaceInfo/Odds3LenFuku?k_babaCode=20&k_raceDate=2026%2F10%2F06&k_raceNo=9
2026-10-06 18:45:00,18:44,2026-10-06,oi,9,10,三連複,9-10-12,5183.0,5183.0,279,https://www.keiba.go.jp/KeibaWeb/TodayRaceInfo/Odds3LenFuku?k_babaCode=20&k_raceDate=2026%2F10%2F06&k_raceNo=9
2026-10-06 18:45:00,18:44,2026-10-06,oi,9,10,三連複,1-3-12,5581.7,5581.7,286,https://www.keiba.go.jp/KeibaWeb/TodayRaceInfo/Odds3LenFuku?k_babaCode=20&k_raceDate=2026%2F10%2F06&k_raceNo=9
2026-10-06 18:45:00,18:44,2026-10-06,oi,9,10,三連複,1-3-13,5581.7,5581.7,286,https://www.keiba.go.jp/KeibaWeb/TodayRaceInfo/Odds3LenFuku?k_babaCode=20&k_raceDate=2026%2F10%2F06&k_raceNo=9
2026-10-06 18:45:00,18:44,2026-10-06,oi,9,10,三連複,4-12-13,5581.7,5581.7,286,https://www.keiba.go.jp/KeibaWeb/TodayRaceInfo/Odds3LenFuku?k_babaCode=20&k_raceDate=2026%2F10%2F06&k_raceNo=9
2026-10-06 18:45:00,18:44,2026-10-06,oi,9,10,三連複,5-6-9,5581.7,5581.7,286,https://www.keiba.go.jp/KeibaWeb/TodayRaceInfo/Odds3LenFuku?k_babaCode=20&k_raceDate=2026%2F10%2F06&k_raceNo=9
2026-10-06 18:45:00,18:44,2026-10-06,oi,9,10,三連複,6-7-14,5581.7,5581.7,286,https://www.keiba.go.jp/KeibaWeb/TodayRaceInfo/Odds3LenFuku?k_babaCode=20&k_raceDate=2026%2F10%2F06&k_raceNo=9
2026-10-06 18:45:00,18:44,2026-10-06,oi,9,10,三連複,12-13-14,5581.7,5581.7,286,https://www.keiba.go.jp/KeibaWeb/TodayRaceInfo/Odds3LenFuku?k_babaCode=20&k_raceDate=2026%2F10%2F06&k_raceNo=9
2026-10-06 18:45:00,18:44,2026-10-06,oi,9,10,三連複,1-5-12,6046.8,6046.8,292,https://www.keiba.go.jp/KeibaWeb/TodayRaceInfo/Odds3LenFuku?k_babaCode=20&k_raceDate=2026%2F10%2F06&k_raceNo=9
2026-10-06 18:45:00,18:44,2026-10-06,oi,9,10,三連複,3-10-14,6046.8,6046.8,292,https://www.keiba.go.jp/KeibaWeb/TodayRaceInfo/Odds3LenFuku?k_babaCode=20&k_raceDate=2026%2F10%2F06&k_raceNo=9
2026-10-06 18:45:00,18:44,2026-10-06,oi,9,10,三連複,5-8-13,6046.8,6046.8,292,https://www.keiba.go.jp/KeibaWeb/TodayRaceInfo/Odds3LenFuku?k_babaCode=20&k_raceDate=2026%2F10%2F06&k_raceNo=9
2026-10-06 18:45:00,18:44,2026-10-06,oi,9,10,三連複,8-10-13,6046.8,6046.8,292,https://www.keiba.go.jp/KeibaWeb/TodayRaceInfo/Odds3LenFuku?k_babaCode=20&k_raceDate=2026%2F10%2F06&k_raceNo=9
2026-10-06 18:45:00,18:44,2026-10-06,oi,9,10,三連複,9-12-13,6046.8,6046.8,292,https://www.keiba.go.jp/KeibaWeb/TodayRaceInfo/Odds3LenFuku?k_babaCode=20&k_raceDate=2026%2F10%2F06&k_raceNo=9
2026-10-06 18:45:00,18:44,2026-10-06,oi,9,10,三連複,1-4-13,6596.5,6596.5,297,https://www.keiba.go.jp/KeibaWeb/TodayRaceInfo/Odds3LenFuku?k_babaCode=20&k_raceDate=2026%2F10%2F06&k_raceNo=9
2026-10-06 18:45:00,18:44,2026-10-06,oi,9,10,三連複,1-5-10,6596.5,6596.5,297,https://www.keiba.go.jp/KeibaWeb/TodayRaceInfo/Odds3LenFuku?k_babaCode=20&k_raceDate=2026%2F10%2F06&k_raceNo=9
2026-10-06 18:45:00,18:44,2026-10-06,oi,9,10,三連複,1-8-10,6596.5,6596.5,297,https://www.keiba.go.jp/KeibaWeb/TodayRaceInfo/Odds3LenFuku?k_babaCode=20&k_raceDate=2026%2F10%2F06&k_raceNo=9
2026-10-06 18:45:00,18:44,2026-10-06,oi,9,10,三連複,4-5-14,6596.5,6596.5,297,https://www.keiba.go.jp/KeibaWeb/TodayRaceInfo/Odds3LenFuku?k_babaCode=20&k_raceDate=2026%2F10%2F06&k_raceNo=9
2026-10-06 18:45:00,18:44,2026-10-06,oi,9,10,三連複,5-6-10,6596.5,6596.5,297,https://www.keiba.go.jp/KeibaWeb/TodayRaceInfo/Odds3LenFuku?k_babaCode=20&k_raceDate=2026%2F10%2F06&k_raceNo=9
2026-10-06 18:45:00,18:44,2026-10-06,oi,9,10,三連複,5-6-14,6596.5,6596.5,297,https://www.keiba.go.jp/KeibaWeb/TodayRaceInfo/Odds3LenFuku?k_babaCode=20&k_raceDate=2026%2F10%2F06&k_raceNo=9
2026-10-06 18:45:00,18:44,2026-10-06,oi,9,10,三連複,6-9-12,6596.5,6596.5,297,https://www.keiba.go.jp/KeibaWeb/TodayRaceInfo/Odds3LenFuku?k_babaCode=20&k_raceDate=2026%2F10%2F06&k_raceNo=9
2026-10-06 18:45:00,18:44,2026-10-06,oi,9,10,三連複,6-10-12,6596.5,6596.5,297,https://www.keiba.go.jp/KeibaWeb/TodayRaceInfo/Odds3LenFuku?k_babaCode=20&k_raceDate=2026%2F10%2F06&k_raceNo=9
2026-10-06 18:45:00,18:44,2026-10-06,oi,9,10,三連複,7-10-14,6596.5,6596.5,297,https://www.keiba.go.jp/KeibaWeb/TodayRaceInfo/Odds3LenFuku?k_babaCode=20&k_raceDate=2026%2F10%2F06&k_raceNo=9
2026-10-06 18:45:00,18:44,2026-10-06,oi,9,10,三連複,1-9-14,7256.2,7256.2,306,https://www.keiba.go.jp/KeibaWeb/TodayRaceInfo/Odds3LenFuku?k_babaCode=20&k_raceDate=2026%2F10%2F06&k_raceNo=9
2026-10-06 18:45:00,18:44,2026-10-06,oi,9,10,三連複,3-12-13,7256.2,7256.2,306,https://www.keiba.go.jp/KeibaWeb/TodayRaceInfo/Odds3LenFuku?k_babaCode=20&k_raceDate=2026%2F10%2F06&k_raceNo=9
2026-10-06 18:45:00,18:44,2026-10-06,oi,9,10,三連複,3-12-14,7256.2,7256.2,306,https://www.keiba.go.jp/KeibaWeb/TodayRaceInfo/Odds3LenFuku?k_babaCode=20&k_raceDate=2026%2F10%2F06&k_raceNo=9
2026-10-06 18:45:00,18:44,2026-10-06,oi,9,10,三連複,6-9-14,7256.2,7256.2,306,https://www.keiba.go.jp/KeibaWeb/TodayRaceInfo/Odds3LenFuku?k_babaCode=20&k_raceDate=2026%2F10%2F06&k_raceNo=9
2026-10-06 18:45:00,18:44,2026-10-06,oi,9,10,三連複,6-10-14,7256.2,7256.2,306,https://www.keiba.go.jp/KeibaWeb/TodayRaceInfo/Odds3LenFuku?k_babaCode=20&k_raceDate=2026%2F10%2F06&k_raceNo=9
2026-10-06 18:45:00,18:44,2026-10-06,oi,9,10,三連複,6-13-14,7256.2,7256.2,306,https://www.keiba.go.jp/KeibaWeb/TodayRaceInfo/Odds3LenFuku?k_babaCode=20&k_raceDate=2026%2F10%2F06&k_raceNo=9
2026-10-06 18:45:00,18:44,2026-10-06,oi,9,10,三連複,9-12-14,7256.2,7256.2,306,https://www.keiba.go.jp/KeibaWeb/TodayRaceInfo/Odds3LenFuku?k_babaCode=20&k_raceDate=2026%2F10%2F06&k_raceNo=9
2026-10-06 18:45:00,18:44,2026-10-06,oi,9,10,三連複,1-6-12,8062.4,8062.4,313,https://www.keiba.go.jp/KeibaWeb/TodayRaceInfo/Odds3LenFuku?k_babaCode=20&k_raceDate=2026%2F10%2F06&k_raceNo=9
2026-10-06 18:45:00,18:44,2026-10-06,oi,9,10,三連複,1-6-13,8062.4,8062.4,313,https://www.keiba.go.jp/KeibaWeb/TodayRaceInfo/Odds3LenFuku?k_babaCode=20&k_raceDate=2026%2F10%2F06&k_raceNo=9
2026-10-06 18:45:00,18:44,2026-10-06,oi,9,10,三連複,1-6-14,8062.4,8062.4,313,https://www.keiba.go.jp/KeibaWeb/TodayRaceInfo/Odds3LenFuku?k_babaCode=20&k_raceDate=2026%2F10%2F06&k_raceNo=9
2026-10-06 18:45:00,18:44,2026-10-06,oi,9,10,三連複,1-7-10,8062.4,8062.4,313,https://www.keiba.go.jp/KeibaWeb/TodayRaceInfo/Odds3LenFuku?k_babaCode=20&k_raceDate=2026%2F10%2F06&k_raceNo=9
2026-10-06 18:45:00,18:44,2026-10-06,oi,9,10,三連複,1-7-12,8062.4,8062.4,313,https://www.keiba.go.jp/KeibaWeb/TodayRaceInfo/Odds3LenFuku?k_babaCode=20&k_raceDate=2026%2F10%2F06&k_raceNo=9
2026-10-06 18:45:00,18:44,2026-10-06,oi,9,10,三連複,1-7-14,8062.4,8062.4,313,https://www.keiba.go.jp/KeibaWeb/TodayRaceInfo/Odds3LenFuku?k_babaCode=20&k_raceDate=2026%2F10%2F06&k_raceNo=9
2026-10-06 18:45:00,18:44,2026-10-06,oi,9,10,三連複,1-8-13,8062.4,8062.4,313,https://www.keiba.go.jp/KeibaWeb/TodayRaceInfo/Odds3LenFuku?k_babaCode=20&k_raceDate=2026%2F10%2F06&k_raceNo=9
2026-10-06 18:45:00,18:44,2026-10-06,oi,9,10,三連複,1-10-12,8062.4,8062.4,313,https://www.keiba.go.jp/KeibaWeb/TodayRaceInfo/Odds3LenFuku?k_babaCode=20&k_raceDate=2026%2F10%2F06&k_raceNo=9
2026-10-06 18:45:00,18:44,2026-10-06,oi,9,10,三連複,3-5-14,8062.4,8062.4,313,https://www.keiba.go.jp/KeibaWeb/TodayRaceInfo/Odds3LenFuku?k_babaCode=20&k_raceDate=2026%2F10%2F06&k_raceNo=9
2026-10-06 18:45:00,18:44,2026-10-06,oi,9,10,三連複,3-10-13,8062.4,8062.4,313,https://www.keiba.go.jp/KeibaWeb/TodayRaceInfo/Odds3LenFuku?k_babaCode=20&k_raceDate=2026%2F10%2F06&k_raceNo=9
2026-10-06 18:45:00,18:44,2026-10-06,oi,9,10,三連複,10-11-13,8062.4,8062.4,313,https://www.keiba.go.jp/KeibaWeb/TodayRaceInfo/Odds3LenFuku?k_babaCode=20&k_raceDate=2026%2F10%2F06&k_raceNo=9
2026-10-06 18:45:00,18:44,2026-10-06,oi,9,10,三連複,1-9-13,9070.2,9070.2,324,https://www.keiba.go.jp/KeibaWeb/TodayRaceInfo/Odds3LenFuku?k_babaCode=20&k_raceDate=2026%2F10%2F06&k_raceNo=9
2026-10-06 18:45:00,18:44,2026-10-06,oi,9,10,三連複,1-11-13,9070.2,9070.2,324,https://www.keiba.go.jp/KeibaWeb/TodayRaceInfo/Odds3LenFuku?k_babaCode=20&k_raceDate=2026%2F10%2F06&k_raceNo=9
2026-10-06 18:45:00,18:44,2026-10-06,oi,9,10,三連複,4-5-13,9070.2,9070.2,324,https://www.keiba.go.jp/KeibaWeb/TodayRaceInfo/Odds3LenFuku?k_babaCode=20&k_raceDate=2026%2F10%2F06&k_raceNo=9
2026-10-06 18:45:00,18:44,2026-10-06,oi,9,10,三連複,5-6-13,9070.2,9070.2,324,https://www.keiba.go.jp/KeibaWeb/TodayRaceInfo/Odds3LenFuku?k_babaCode=20&k_raceDate=2026%2F10%2F06&k_raceNo=9
2026-10-06 18:45:00,18:44,2026-10-06,oi,9,10,三連複,5-10-12,9070.2,9070.2,324,https://www.keiba.go.jp/KeibaWeb/TodayRaceInfo/Odds3LenFuku?k_babaCode=20&k_raceDate=2026%2F10%2F06&k_raceNo=9
2026-10-06 18:45:00,18:44,2026-10-06,oi,9,10,三連複,5-10-14,9070.2,9070.2,324,https://www.keiba.go.jp/KeibaWeb/TodayRaceInfo/Odds3LenFuku?k_babaCode=20&k_raceDate=2026%2F10%2F06&k_raceNo=9
2026-10-06 18:45:00,18:44,2026-10-06,oi,9,10,三連複,6-9-13,9070.2,9070.2,324,https://www.keiba.go.jp/KeibaWeb/TodayRaceInfo/Odds3LenFuku?k_babaCode=20&k_raceDate=2026%2F10%2F06&k_raceNo=9
2026-10-06 18:45:00,18:44,2026-10-06,oi,9,10,三連複,7-10-13,9070.2,9070.2,324,https://www.keiba.go.jp/KeibaWeb/TodayRaceInfo/Odds3LenFuku?k_babaCode=20&k_raceDate=2026%2F10%2F06&k_raceNo=9
2026-10-06 18:45:00,18:44,2026-10-06,oi,9,10,三連複,7-12-14,9070.2,9070.2,324,https://www.keiba.go.jp/KeibaWeb/TodayRaceInfo/Odds3LenFuku?k_babaCode=20&k_raceDate=2026%2F10%2F06&k_raceNo=9
2026-10-06 18:45:00,18:44,2026-10-06,oi,9,10,三連複,10-12-13,9070.2,9070.2,324,https://www.keiba.go.jp/KeibaWeb/TodayRaceInfo/Odds3LenFuku?k_babaCode=20&k_raceDate=2026%2F10%2F06&k_raceNo=9
2026-10-06 18:45:00,18:44,2026-10-06,oi,9,10,三連複,10-12-14,9070.2,9070.2,324,https://www.keiba.go.jp/KeibaWeb/TodayRaceInfo/Odds3LenFuku?k_babaCode=20&k_raceDate=2026%2F10%2F06&k_raceNo=9
2026-10-06 18:45:00,18:44,2026-10-06,oi,9,10,三連複,3-5-13,10366.0,10366.0,335,https://www.keiba.go.jp/KeibaWeb/TodayRaceInfo/Odds3LenFuku?k_babaCode=20&k_raceDate=2026%2F10%2F06&k_raceNo=9
2026-10-06 18:45:00,18:44,2026-10-06,oi,9,10,三連複,5-8-14,10366.0,10366.0,335,https://www.keiba.go.jp/KeibaWeb/TodayRaceInfo/Odds3LenFuku?k_babaCode=20&k_raceDate=2026%2F10%2F06&k_raceNo=9
2026-10-06 18:45:00,18:44,2026-10-06,oi,9,10,三連複,5-9-14,10366.0,10366.0,335,https://www.keiba.go.jp/KeibaWeb/TodayRaceInfo/Odds3LenFuku?k_babaCode=20&k_raceDate=2026%2F10%2F06&k_raceNo=9
2026-10-06 18:45:00,18:44,2026-10-06,oi,9,10,三連複,5-12-13,10366.0,10366.0,335,https://www.keiba.go.jp/KeibaWeb/TodayRaceInfo/Odds3LenFuku?k_babaCode=20&k_raceDate=2026%2F10%2F06&k_raceNo=9
2026-10-06 18:45:00,18:44,2026-10-06,oi,9,10,三連複,6-12-13,10366.0,10366.0,335,https://www.keiba.go.jp/KeibaWeb/TodayRaceInfo/Odds3LenFuku?k_babaCode=20&k_raceDate=2026%2F10%2F06&k_raceNo=9
2026-10-06 18:45:00,18:44,2026-10-06,oi,9,10,三連複,6-12-14,10366.0,10366.0,335,https://www.keiba.go.jp/KeibaWeb/TodayRaceInfo/Odds3LenFuku?k_babaCode=20&k_raceDate=2026%2F10%2F06&k_raceNo=9
2026-10-06 18:45:00,18:44,2026-10-06,oi,9,10,三連複,7-9-13,10366.0,10366.0,335,https://www.keiba.go.jp/KeibaWeb/TodayRaceInfo/Odds3LenFuku?k_babaCode=20&k_raceDate=2026%2F10%2F06&k_raceNo=9
2026-10-06 18:45:00,18:44,2026-10-06,oi,9,10,三連複,8-12-13,10366.0,10366.0,335,https://www.keiba.go.jp/KeibaWeb/TodayRaceInfo/Odds3LenFuku?k_babaCode=20&k_raceDate=2026%2F10%2F06&k_raceNo=9
2026-10-06 18:45:00,18:44,2026-10-06,oi,9,10,三連複,9-10-13,10366.0,10366.0,335,https://www.keiba.go.jp/KeibaWeb/TodayRaceInfo/Odds3LenFuku?k_babaCode=20&k_raceDate=2026%2F10%2F06&k_raceNo=9
2026-10-06 18:45:00,18:44,2026-10-06,oi,9,10,三連複,9-13-14,10366.0,10366.0,335,https://www.keiba.go.jp/KeibaWeb/TodayRaceInfo/Odds3LenFuku?k_babaCode=20&k_raceDate=2026%2F10%2F06&k_raceNo=9
2026-10-06 18:45:00,18:44,2026-10-06,oi,9,10,三連複,10-13-14,10366.0,10366.0,335,https://www.keiba.go.jp/KeibaWeb/TodayRaceInfo/Odds3LenFuku?k_babaCode=20&k_raceDate=2026%2F10%2F06&k_raceNo=9
2026-10-06 18:45:00,18:44,2026-10-06,oi,9,10,三連複,1-7-13,12093.7,12093.7,346,https://www.keiba.go.jp/KeibaWeb/TodayRaceInfo/Odds3LenFuku?k_babaCode=20&k_raceDate=2026%2F10%2F06&k_raceNo=9
2026-10-06 18:45:00,18:44,2026-10-06,oi,9,10,三連複,1-10-14,12093.7,12093.7,346,https://www.keiba.go.jp/KeibaWeb/TodayRaceInfo/Odds3LenFuku?k_babaCode=20&k_raceDate=2026%2F10%2F06&k_raceNo=9
2026-10-06 18:45:00,18:44,2026-10-06,oi,9,10,三連複,1-12-13,12093.7,12093.7,346,https://www.keiba.go.jp/KeibaWeb/TodayRaceInfo/Odds3LenFuku?k_babaCode=20&k_raceDate=2026%2F10%2F06&k_raceNo=9
2026-10-06 18:45:00,18:44,2026-10-06,oi,9,10,三連複,1-12-14,12093.7,12093.7,346,https://www.keiba.go.jp/KeibaWeb/TodayRaceInfo/Odds3LenFuku?k_babaCode=20&k_raceDate=2026%2F10%2F06&k_raceNo=9
2026-10-06 18:45:00,18:44,2026-10-06,oi,9,10,三連複,5-7-14,12093.7,12093.7,346,https://www.keiba.go.jp/KeibaWeb/TodayRaceInfo/Odds3LenFuku?k_babaCode=20&k_raceDate=2026%2F10%2F06&k_raceNo=9
2026-10-06 18:45:00,18:44,2026-10-06,oi,9,10,三連複,5-9-13,12093.7,12093.7,346,https://www.keiba.go.jp/KeibaWeb/TodayRaceInfo/Odds3LenFuku?k_babaCode=20&k_raceDate=2026%2F10%2F06&k_raceNo=9
2026-10-06 18:45:00,18:44,2026-10-06,oi,9,10,三連複,5-11-13,12093.7,12093.7,346,https://www.keiba.go.jp/KeibaWeb/TodayRaceInfo/Odds3LenFuku?k_babaCode=20&k_raceDate=2026%2F10%2F06&k_raceNo=9
2026-10-06 18:45:00,18:44,2026-10-06,oi,9,10,三連複,5-12-14,12093.7,12093.7,346,https://www.keiba.go.jp/KeibaWeb/TodayRaceInfo/Odds3LenFuku?k_babaCode=20&k_raceDate=2026%2F10%2F06&k_raceNo=9
2026-10-06 18:45:00,18:44,2026-10-06,oi,9,10,三連複,7-13-14,12093.7,12093.7,346,https://www.keiba.go.jp/KeibaWeb/TodayRaceInfo/Odds3LenFuku?k_babaCode=20&k_raceDate=2026%2F10%2F06&k_raceNo=9
2026-10-06 18:45:00,18:44,2026-10-06,oi,9,10,三連複,9-10-14,12093.7,12093.7,346,https://www.keiba.go.jp/KeibaWeb/TodayRaceInfo/Odds3LenFuku?k_babaCode=20&k_raceDate=2026%2F10%2F06&k_raceNo=9
2026-10-06 18:45:00,18:44,2026-10-06,oi,9,10,三連複,1-5-14,14512.4,14512.4,356,https://www.keiba.go.jp/KeibaWeb/TodayRaceInfo/Odds3LenFuku?k_babaCode=20&k_raceDate=2026%2F10%2F06&k_raceNo=9
2026-10-06 18:45:00,18:44,2026-10-06,oi,9,10,三連複,5-13-14,14512.4,14512.4,356,https://www.keiba.go.jp/KeibaWeb/TodayRaceInfo/Odds3LenFuku?k_babaCode=20&k_raceDate=2026%2F10%2F06&k_raceNo=9
2026-10-06 18:45:00,18:44,2026-10-06,oi,9,10,三連複,6-7-13,14512.4,14512.4,356,https://www.keiba.go.jp/KeibaWeb/TodayRaceInfo/Odds3LenFuku?k_babaCode=20&k_raceDate=2026%2F10%2F06&k_raceNo=9
2026-10-06 18:45:00,18:44,2026-10-06,oi,9,10,三連複,6-10-13,14512.4,14512.4,356,https://www.keiba.go.jp/KeibaWeb/TodayRaceInfo/Odds3LenFuku?k_babaCode=20&k_raceDate=2026%2F10%2F06&k_raceNo=9
2026-10-06 18:45:00,18:44,2026-10-06,oi,9,10,三連複,1-5-13,18140.5,18140.5,360,https://www.keiba.go.jp/KeibaWeb/TodayRaceInfo/Odds3LenFuku?k_babaCode=20&k_raceDate=2026%2F10%2F06&k_raceNo=9
2026-10-06 18:45:00,18:44,2026-10-06,oi,9,10,三連複,1-10-13,18140.5,18140.5,360,https://www.keiba.go.jp/KeibaWeb/TodayRaceInfo/Odds3LenFuku?k_babaCode=20&k_raceDate=2026%2F10%2F06&k_raceNo=9
2026-10-06 18:45:00,18:44,2026-10-06,oi,9,10,三連複,5-10-13,18140.5,18140.5,360,https://www.keiba.go.jp/KeibaWeb/TodayRaceInfo/Odds3LenFuku?k_babaCode=20&k_raceDate=2026%2F10%2F06&k_raceNo=9
2026-10-06 18:45:00,18:44,2026-10-06,oi,9,10,三連複,7-12-13,24187.4,24187.4,363,https://www.keiba.go.jp/KeibaWeb/TodayRaceInfo/Odds3LenFuku?k_babaCode=20&k_raceDate=2026%2F10%2F06&k_raceNo=9
2026-10-06 18:45:00,18:44,2026-10-06,oi,9,10,三連複,5-7-13,36281.1,36281.1,364,https://www.keiba.go.jp/KeibaWeb/TodayRaceInfo/Odds3LenFuku?k_babaCode=20&k_raceDate=2026%2F10%2F06&k_raceNo=9
2026-10-06 18:45:00,18:44,2026-10-06,oi,9,10,三連単,2-11-3,21.8,21.8,4,https://www.keiba.go.jp/KeibaWeb/TodayRaceInfo/Odds3LenTan?k_babaCode=20&k_raceDate=2026%2F10%2F06&k_raceNo=9&odds_flg=1
2026-10-06 18:45:00,18:44,2026-10-06,oi,9,10,三連単,2-3-11,30.6,30.6,8,https://www.keiba.go.jp/KeibaWeb/TodayRaceInfo/Odds3LenTan?k_babaCode=20&k_raceDate=2026%2F10%2F06&k_raceNo=9&odds_flg=1
2026-10-06 18:45:00,18:44,2026-10-06,oi,9,10,三連単,2-11-7,39.6,39.6,11,https://www.keiba.go.jp/KeibaWeb/TodayRaceInfo/Odds3LenTan?k_babaCode=20&k_raceDate=2026%2F10%2F06&k_raceNo=9&odds_flg=1
2026-10-06 18:45:00,18:44,2026-10-06,oi,9,10,三連単,2-3-7,67.3,67.3,16,https://www.keiba.go.jp/KeibaWeb/TodayRaceInfo/Odds3LenTan?k_babaCode=20&k_raceDate=2026%2F10%2F06&k_raceNo=9&odds_flg=1
2026-10-06 18:45:00,18:44,2026-10-06,oi,9,10,三連単,2-7-11,76.0,76.0,17,https://www.keiba.go.jp/KeibaWeb/TodayRaceInfo/Odds3LenTan?k_babaCode=20&k_raceDate=2026%2F10%2F06&k_raceNo=9&odds_flg=1
2026-10-06 18:45:00,18:44,2026-10-06,oi,9,10,三連単,2-7-3,103.3,103.3,22,https://www.keiba.go.jp/KeibaWeb/TodayRaceInfo/Odds3LenTan?k_babaCode=20&k_raceDate=2026%2F10%2F06&k_raceNo=9&odds_flg=1
2026-10-06 18:45:00,18:44,2026-10-06,oi,9,10,三連単,11-2-3,119.1,119.1,29,https://www.keiba.go.jp/KeibaWeb/TodayRaceInfo/Odds3LenTan?k_babaCode=20&k_raceDate=2026%2F10%2F06&k_raceNo=9&odds_flg=1
2026-10-06 18:45:00,18:44,2026-10-06,oi,9,10,三連単,3-2-11,158.2,158.2,40,https://www.keiba.go.jp/KeibaWeb/TodayRaceInfo/Odds3LenTan?k_babaCode=20&k_raceDate=2026%2F10%2F06&k_raceNo=9&odds_flg=1
2026-10-06 18:45:00,18:44,2026-10-06,oi,9,10,三連単,11-2-7,215.2,215.2,52,https://www.keiba.go.jp/KeibaWeb/TodayRaceInfo/Odds3LenTan?k_babaCode=20&k_raceDate=2026%2F10%2F06&k_raceNo=9&odds_flg=1
2026-10-06 18:45:00,18:44,2026-10-06,oi,9,10,三連単,11-3-2,224.9,224.9,55,https://www.keiba.go.jp/KeibaWeb/TodayRaceInfo/Odds3LenTan?k_babaCode=20&k_raceDate=2026%2F10%2F06&k_raceNo=9&odds_flg=1
2026-10-06 18:45:00,18:44,2026-10-06,oi,9,10,三連単,3-11-2,247.2,247.2,61,https://www.keiba.go.jp/KeibaWeb/TodayRaceInfo/Odds3LenTan?k_babaCode=20&k_raceDate=2026%2F10%2F06&k_raceNo=9&odds_flg=1
2026-10-06 18:45:00,18:44,2026-10-06,oi,9,10,三連単,3-2-7,385.1,385.1,97,https://www.keiba.go.jp/KeibaWeb/TodayRaceInfo/Odds3LenTan?k_babaCode=20&k_raceDate=2026%2F10%2F06&k_raceNo=9&odds_flg=1
2026-10-06 18:45:00,18:44,2026-10-06,oi,9,10,三連単,11-7-2,461.9,461.9,113,https://www.keiba.go.jp/KeibaWeb/TodayRaceInfo/Odds3LenTan?k_babaCode=20&k_raceDate=2026%2F10%2F06&k_raceNo=9&odds_flg=1
2026-10-06 18:45:00,18:44,2026-10-06,oi,9,10,三連単,7-2-11,466.9,466.9,116,https://www.keiba.go.jp/KeibaWeb/TodayRaceInfo/Odds3LenTan?k_babaCode=20&k_raceDate=2026%2F10%2F06&k_raceNo=9&odds_flg=1
2026-10-06 18:45:00,18:44,2026-10-06,oi,9,10,三連単,7-2-3,573.1,573.1,130,https://www.keiba.go.jp/KeibaWeb/TodayRaceInfo/Odds3LenTan?k_babaCode=20&k_raceDate=2026%2F10%2F06&k_raceNo=9&odds_flg=1
2026-10-06 18:45:00,18:44,2026-10-06,oi,9,10,三連単,7-11-2,646.7,646.7,146,https://www.keiba.go.jp/KeibaWeb/TodayRaceInfo/Odds3LenTan?k_babaCode=20&k_raceDate=2026%2F10%2F06&k_raceNo=9&odds_flg=1
2026-10-06 18:45:00,18:44,2026-10-06,oi,9,10,三連単,3-7-2,714.0,714.0,157,https://www.keiba.go.jp/KeibaWeb/TodayRaceInfo/Odds3LenTan?k_babaCode=20&k_raceDate=2026%2F10%2F06&k_raceNo=9&odds_flg=1
2026-10-06 18:45:00,18:44,2026-10-06,oi,9,10,三連単,7-3-2,883.3,883.3,174,https://www.keiba.go.jp/KeibaWeb/TodayRaceInfo/Odds3LenTan?k_babaCode=20&k_raceDate=2026%2F10%2F06&k_raceNo=9&odds_flg=1
2026-10-06 18:45:00,18:44,2026-10-06,oi,9,10,三連単,11-3-7,1020.0,1020.0,186,https://www.keiba.go.jp/KeibaWeb/TodayRaceInfo/Odds3LenTan?k_babaCode=20&k_raceDate=2026%2F10%2F06&k_raceNo=9&odds_flg=1
2026-10-06 18:45:00,18:44,2026-10-06,oi,9,10,三連単,3-11-7,1120.1,1120.1,196,https://www.keiba.go.jp/KeibaWeb/TodayRaceInfo/Odds3LenTan?k_babaCode=20&k_raceDate=2026%2F10%2F06&k_raceNo=9&odds_flg=1
2026-10-06 18:45:00,18:44,2026-10-06,oi,9,10,三連単,11-7-3,1298.3,1298.3,217,https://www.keiba.go.jp/KeibaWeb/TodayRaceInfo/Odds3LenTan?k_babaCode=20&k_raceDate=2026%2F10%2F06&k_raceNo=9&odds_flg=1
2026-10-06 18:45:00,18:44,2026-10-06,oi,9,10,三連単,3-7-11,1393.3,1393.3,227,https://www.keiba.go.jp/KeibaWeb/TodayRaceInfo/Odds3LenTan?k_babaCode=20&k_raceDate=2026%2F10%2F06&k_raceNo=9&odds_flg=1
2026-10-06 18:45:00,18:44,2026-10-06,oi,9,10,三連単,7-11-3,2285.0,2285.0,323,https://www.keiba.go.jp/KeibaWeb/TodayRaceInfo/Odds3LenTan?k_babaCode=20&k_raceDate=2026%2F10%2F06&k_raceNo=9&odds_flg=1
2026-10-06 18:45:00,18:44,2026-10-06,oi,9,10,三連単,7-3-11,2520.2,2520.2,352,https://www.keiba.go.jp/KeibaWeb/TodayRaceInfo/Odds3LenTan?k_babaCode=20&k_raceDate=2026%2F10%2F06&k_raceNo=9&odds_flg=1
