captured_at,source_time,race_date,track,race_no,minutes_before,bet_type,combination,odds_low,odds_high,popularity,source_url
2026-10-06 18:40:00,18:39,2026-10-06,oi,9,15,単勝,1,42.0,42.0,7,https://www.keiba.go.jp/KeibaWeb/TodayRaceInfo/OddsTanFuku?k_babaCode=20&k_raceDate=2026%2F10%2F06&k_raceNo=9
2026-10-06 18:40:00,18:39,2026-10-06,oi,9,15,単勝,2,1.3,1.3,1,https://www.keiba.go.jp/KeibaWeb/TodayRaceInfo/OddsTanFuku?k_babaCode=20&k_raceDate=2026%2F10%2F06&k_raceNo=9
2026-10-06 18:40:00,18:39,2026-10-06,oi,9,15,単勝,3,18.4,18.4,5,https://www.keiba.go.jp/KeibaWeb/TodayRaceInfo/OddsTanFuku?k_babaCode=20&k_raceDate=2026%2F10%2F06&k_raceNo=9
2026-10-06 18:40:00,18:39,2026-10-06,oi,9,15,単勝,4,7.4,7.4,2,https://www.keiba.go.jp/KeibaWeb/TodayRaceInfo/OddsTanFuku?k_babaCode=20&k_raceDate=2026%2F10%2F06&k_raceNo=9
2026-10-06 18:40:00,18:39,2026-10-06,oi,9,15,単勝,5,114.4,114.4,14,https://www.keiba.go.jp/KeibaWeb/TodayRaceInfo/OddsTanFuku?k_babaCode=20&k_raceDate=2026%2F10%2F06&k_raceNo=9
2026-10-06 18:40:00,18:39,2026-10-06,oi,9,15,単勝,6,55.4,55.4,9,https://www.keiba.go.jp/KeibaWeb/TodayRaceInfo/OddsTanFuku?k_babaCode=20&k_raceDate=2026%2F10%2F06&k_raceNo=9
2026-10-06 18:40:00,18:39,2026-10-06,oi,9,15,単勝,7,27.5,27.5,6,https://www.keiba.go.jp/KeibaWeb/TodayRaceInfo/OddsTanFuku?k_babaCode=20&k_raceDate=2026%2F10%2F06&k_raceNo=9
2026-10-06 18:40:00,18:39,2026-10-06,oi,9,15,単勝,8,17.6,17.6,4,https://www.keiba.go.jp/KeibaWeb/TodayRaceInfo/OddsTanFuku?k_babaCode=20&k_raceDate=2026%2F10%2F06&k_raceNo=9
2026-10-06 18:40:00,18:39,2026-10-06,oi,9,15,単勝,9,53.9,53.9,8,https://www.keiba.go.jp/KeibaWeb/TodayRaceInfo/OddsTanFuku?k_babaCode=20&k_raceDate=2026%2F10%2F06&k_raceNo=9
2026-10-06 18:40:00,18:39,2026-10-06,oi,9,15,単勝,10,58.1,58.1,10,https://www.keiba.go.jp/KeibaWeb/TodayRaceInfo/OddsTanFuku?k_babaCode=20&k_raceDate=2026%2F10%2F06&k_raceNo=9
2026-10-06 18:40:00,18:39,2026-10-06,oi,9,15,単勝,11,11.4,11.4,3,https://www.keiba.go.jp/KeibaWeb/TodayRaceInfo/OddsTanFuku?k_babaCode=20&k_raceDate=2026%2F10%2F06&k_raceNo=9
2026-10-06 18:40:00,18:39,2026-10-06,oi,9,15,単勝,12,96.1,96.1,12,https://www.keiba.go.jp/KeibaWeb/TodayRaceInfo/OddsTanFuku?k_babaCode=20&k_raceDate=2026%2F10%2F06&k_raceNo=9
2026-10-06 18:40:00,18:39,2026-10-06,oi,9,15,単勝,13,98.7,98.7,13,https://www.keiba.go.jp/KeibaWeb/TodayRaceInfo/OddsTanFuku?k_babaCode=20&k_raceDate=2026%2F10%2F06&k_raceNo=9
2026-10-06 18:40:00,18:39,2026-10-06,oi,9,15,単勝,14,67.0,67.0,11,https://www.keiba.go.jp/KeibaWeb/TodayRaceInfo/OddsTanFuku?k_babaCode=20&k_raceDate=2026%2F10%2F06&k_raceNo=9
2026-10-06 18:40:00,18:39,2026-10-06,oi,9,15,馬連,2-4,4.4,4.4,1,https://www.keiba.go.jp/KeibaWeb/TodayRaceInfo/OddsUmLenFuku?k_babaCode=20&k_raceDate=2026%2F10%2F06&k_raceNo=9
2026-10-06 18:40:00,18:39,2026-10-06,oi,9,15,馬連,2-11,4.7,4.7,2,https://www.keiba.go.jp/KeibaWeb/TodayRaceInfo/OddsUmLenFuku?k_babaCode=20&k_raceDate=2026%2F10%2F06&k_raceNo=9
2026-10-06 18:40:00,18:39,2026-10-06,oi,9,15,馬連,2-3,7.2,7.2,3,https://www.keiba.go.jp/KeibaWeb/TodayRaceInfo/OddsUmLenFuku?k_babaCode=20&k_raceDate=2026%2F10%2F06&k_raceNo=9
2026-10-06 18:40:00,18:39,2026-10-06,oi,9,15,馬連,2-8,8.1,8.1,4,https://www.keiba.go.jp/KeibaWeb/TodayRaceInfo/OddsUmLenFuku?k_babaCode=20&k_raceDate=2026%2F10%2F06&k_raceNo=9
2026-10-06 18:40:00,18:39,2026-10-06,oi,9,15,馬連,2-7,13.0,13.0,5,https://www.keiba.go.jp/KeibaWeb/TodayRaceInfo/OddsUmLenFuku?k_babaCode=20&k_raceDate=2026%2F10%2F06&k_raceNo=9
2026-10-06 18:40:00,18:39,2026-10-06,oi,9,15,馬連,4-11,22.3,22.3,6,https://www.keiba.go.jp/KeibaWeb/TodayRaceInfo/OddsUmLenFuku?k_babaCode=20&k_raceDate=2026%2F10%2F06&k_raceNo=9
2026-10-06 18:40:00,18:39,2026-10-06,oi,9,15,馬連,2-10,30.8,30.8,7,https://www.keiba.go.jp/KeibaWeb/TodayRaceInfo/OddsUmLenFuku?k_babaCode=20&k_raceDate=2026%2F10%2F06&k_raceNo=9
2026-10-06 18:40:00,18:39,2026-10-06,oi,9,15,馬連,2-6,33.7,33.7,8,https://www.keiba.go.jp/KeibaWeb/TodayRaceInfo/OddsUmLenFuku?k_babaCode=20&k_raceDate=2026%2F10%2F06&k_raceNo=9
2026-10-06 18:40:00,18:39,2026-10-06,oi,9,15,馬連,2-9,34.7,34.7,9,https://www.keiba.go.jp/KeibaWeb/TodayRaceInfo/OddsUmLenFuku?k_babaCode=20&k_raceDate=2026%2F10%2F06&k_raceNo=9
2026-10-06 18:40:00,18:39,2026-10-06,oi,9,15,馬連,8-11,35.7,35.7,10,https://www.keiba.go.jp/KeibaWeb/TodayRaceInfo/OddsUmLenFuku?k_babaCode=20&k_raceDate=2026%2F10%2F06&k_raceNo=9
2026-10-06 18:40:00,18:39,2026-10-06,oi,9,15,馬連,3-11,36.5,36.5,11,https://www.keiba.go.jp/KeibaWeb/TodayRaceInfo/OddsUmLenFuku?k_babaCode=20&k_raceDate=2026%2F10%2F06&k_raceNo=9
2026-10-06 18:40:00,18:39,2026-10-06,oi,9,15,馬連,3-4,39.6,39.6,12,https://www.keiba.go.jp/KeibaWeb/TodayRaceInfo/OddsUmLenFuku?k_babaCode=20&k_raceDate=2026%2F10%2F06&k_raceNo=9
2026-10-06 18:40:00,18:39,2026-10-06,oi,9,15,馬連,4-8,40.5,40.5,13,https://www.keiba.go.jp/KeibaWeb/TodayRaceInfo/OddsUmLenFuku?k_babaCode=20&k_raceDate=2026%2F10%2F06&k_raceNo=9
2026-10-06 18:40:00,18:39,2026-10-06,oi,9,15,馬連,1-2,43.9,43.9,14,https://www.keiba.go.jp/KeibaWeb/TodayRaceInfo/OddsUmLenFuku?k_babaCode=20&k_raceDate=2026%2F10%2F06&k_raceNo=9
2026-10-06 18:40:00,18:39,2026-10-06,oi,9,15,馬連,2-5,45.8,45.8,15,https://www.keiba.go.jp/KeibaWeb/TodayRaceInfo/OddsUmLenFuku?k_babaCode=20&k_raceDate=2026%2F10%2F06&k_raceNo=9
2026-10-06 18:40:00,18:39,2026-10-06,oi,9,15,馬連,2-12,45.8,45.8,15,https://www.keiba.go.jp/KeibaWeb/TodayRaceInfo/OddsUmLenFuku?k_babaCode=20&k_raceDate=2026%2F10%2F06&k_raceNo=9
2026-10-06 18:40:00,18:39,2026-10-06,oi,9,15,馬連,2-14,49.1,49.1,17,https://www.keiba.go.jp/KeibaWeb/TodayRaceInfo/OddsUmLenFuku?k_babaCode=20&k_raceDate=2026%2F10%2F06&k_raceNo=9
2026-10-06 18:40:00,18:39,2026-10-06,oi,9,15,馬連,7-11,51.0,51.0,18,https://www.keiba.go.jp/KeibaWeb/TodayRaceInfo/OddsUmLenFuku?k_babaCode=20&k_raceDate=2026%2F10%2F06&k_raceNo=9
2026-10-06 18:40:00,18:39,2026-10-06,oi,9,15,馬連,3-8,70.0,70.0,19,https://www.keiba.go.jp/KeibaWeb/TodayRaceInfo/OddsUmLenFuku?k_babaCode=20&k_raceDate=2026%2F10%2F06&k_raceNo=9
2026-10-06 18:40:00,18:39,2026-10-06,oi,9,15,馬連,4-7,72.4,72.4,20,https://www.keiba.go.jp/KeibaWeb/TodayRaceInfo/OddsUmLenFuku?k_babaCode=20&k_raceDate=2026%2F10%2F06&k_raceNo=9
2026-10-06 18:40:00,18:39,2026-10-06,oi,9,15,馬連,2-13,92.8,92.8,21,https://www.keiba.go.jp/KeibaWeb/TodayRaceInfo/OddsUmLenFuku?k_babaCode=20&k_raceDate=2026%2F10%2F06&k_raceNo=9
2026-10-06 18:40:00,18:39,2026-10-06,oi,9,15,馬連,3-7,101.2,101.2,22,https://www.keiba.go.jp/KeibaWeb/TodayRaceInfo/OddsUmLenFuku?k_babaCode=20&k_raceDate=2026%2F10%2F06&k_raceNo=9
2026-10-06 18:40:00,18:39,2026-10-06,oi,9,15,馬連,7-8,110.5,110.5,23,https://www.keiba.go.jp/KeibaWeb/TodayRaceInfo/OddsUmLenFuku?k_babaCode=20&k_raceDate=2026%2F10%2F06&k_raceNo=9
2026-10-06 18:40:00,18:39,2026-10-06,oi,9,15,馬連,9-11,150.6,150.6,24,https://www.keiba.go.jp/KeibaWeb/TodayRaceInfo/OddsUmLenFuku?k_babaCode=20&k_raceDate=2026%2F10%2F06&k_raceNo=9
2026-10-06 18:40:00,18:39,2026-10-06,oi,9,15,馬連,10-11,177.1,177.1,25,https://www.keiba.go.jp/KeibaWeb/TodayRaceInfo/OddsUmLenFuku?k_babaCode=20&k_raceDate=2026%2F10%2F06&k_raceNo=9
2026-10-06 18:40:00,18:39,2026-10-06,oi,9,15,馬連,4-9,178.7,178.7,26,https://www.keiba.go.jp/KeibaWeb/TodayRaceInfo/OddsUmLenFuku?k_babaCode=20&k_raceDate=2026%2F10%2F06&k_raceNo=9
2026-10-06 18:40:00,18:39,2026-10-06,oi,9,15,馬連,11-12,178.7,178.7,26,https://www.keiba.go.jp/KeibaWeb/TodayRaceInfo/OddsUmLenFuku?k_babaCode=20&k_raceDate=2026%2F10%2F06&k_raceNo=9
2026-10-06 18:40:00,18:39,2026-10-06,oi,9,15,馬連,6-8,207.9,207.9,28,https://www.keiba.go.jp/KeibaWeb/TodayRaceInfo/OddsUmLenFuku?k_babaCode=20&k_raceDate=2026%2F10%2F06&k_raceNo=9
2026-10-06 18:40:00,18:39,2026-10-06,oi,9,15,馬連,6-11,210.1,210.1,29,https://www.keiba.go.jp/KeibaWeb/TodayRaceInfo/OddsUmLenFuku?k_babaCode=20&k_raceDate=2026%2F10%2F06&k_raceNo=9
2026-10-06 18:40:00,18:39,2026-10-06,oi,9,15,馬連,4-6,212.5,212.5,30,https://www.keiba.go.jp/KeibaWeb/TodayRaceInfo/OddsUmLenFuku?k_babaCode=20&k_raceDate=2026%2F10%2F06&k_raceNo=9
2026-10-06 18:40:00,18:39,2026-10-06,oi,9,15,馬連,8-9,212.5,212.5,30,https://www.keiba.go.jp/KeibaWeb/TodayRaceInfo/OddsUmLenFuku?k_babaCode=20&k_raceDate=2026%2F10%2F06&k_raceNo=9
2026-10-06 18:40:00,18:39,2026-10-06,oi,9,15,馬連,4-14,217.3,217.3,32,https://www.keiba.go.jp/KeibaWeb/TodayRaceInfo/OddsUmLenFuku?k_babaCode=20&k_raceDate=2026%2F10%2F06&k_raceNo=9
2026-10-06 18:40:00,18:39,2026-10-06,oi,9,15,馬連,3-9,245.2,245.2,33,https://www.keiba.go.jp/KeibaWeb/TodayRaceInfo/OddsUmLenFuku?k_babaCode=20&k_raceDate=2026%2F10%2F06&k_raceNo=9
2026-10-06 18:40:00,18:39,2026-10-06,oi,9,15,馬連,1-4,248.4,248.4,34,https://www.keiba.go.jp/KeibaWeb/TodayRaceInfo/OddsUmLenFuku?k_babaCode=20&k_raceDate=2026%2F10%2F06&k_raceNo=9
2026-10-06 18:40:00,18:39,2026-10-06,oi,9,15,馬連,4-5,248.4,248.4,34,https://www.keiba.go.jp/KeibaWeb/TodayRaceInfo/OddsUmLenFuku?k_babaCode=20&k_raceDate=2026%2F10%2F06&k_raceNo=9
2026-10-06 18:40:00,18:39,2026-10-06,oi,9,15,馬連,8-10,269.3,269.3,36,https://www.keiba.go.jp/KeibaWeb/TodayRaceInfo/OddsUmLenFuku?k_babaCode=20&k_raceDate=2026%2F10%2F06&k_raceNo=9
2026-10-06 18:40:00,18:39,2026-10-06,oi,9,15,馬連,3-6,273.2,273.2,37,https://www.keiba.go.jp/KeibaWeb/TodayRaceInfo/OddsUmLenFuku?k_babaCode=20&k_raceDate=2026%2F10%2F06&k_raceNo=9
2026-10-06 18:40:00,18:39,2026-10-06,oi,9,15,馬連,11-14,281.2,281.2,38,https://www.keiba.go.jp/KeibaWeb/TodayRaceInfo/OddsUmLenFuku?k_babaCode=20&k_raceDate=2026%2F10%2F06&k_raceNo=9
2026-10-06 18:40:00,18:39,2026-10-06,oi,9,15,馬連,1-8,285.4,285.4,39,https://www.keiba.go.jp/KeibaWeb/TodayRaceInfo/OddsUmLenFuku?k_babaCode=20&k_raceDate=2026%2F10%2F06&k_raceNo=9
2026-10-06 18:40:00,18:39,2026-10-06,oi,9,15,馬連,1-11,285.4,285.4,39,https://www.keiba.go.jp/KeibaWeb/TodayRaceInfo/OddsUmLenFuku?k_babaCode=20&k_raceDate=2026%2F10%2F06&k_raceNo=9
2026-10-06 18:40:00,18:39,2026-10-06,oi,9,15,馬連,4-10,298.8,298.8,41,https://www.keiba.go.jp/KeibaWeb/TodayRaceInfo/OddsUmLenFuku?k_babaCode=20&k_raceDate=2026%2F10%2F06&k_raceNo=9
2026-10-06 18:40:00,18:39,2026-10-06,oi,9,15,馬連,7-10,324.1,324.1,42,https://www.keiba.go.jp/KeibaWeb/TodayRaceInfo/OddsUmLenFuku?k_babaCode=20&k_raceDate=2026%2F10%2F06&k_raceNo=9
2026-10-06 18:40:00,18:39,2026-10-06,oi,9,15,馬連,1-3,341.5,341.5,43,https://www.keiba.go.jp/KeibaWeb/TodayRaceInfo/OddsUmLenFuku?k_babaCode=20&k_raceDate=2026%2F10%2F06&k_raceNo=9
2026-10-06 18:40:00,18:39,2026-10-06,oi,9,15,馬連,3-14,341.5,341.5,43,https://www.keiba.go.jp/KeibaWeb/TodayRaceInfo/OddsUmLenFuku?k_babaCode=20&k_raceDate=2026%2F10%2F06&k_raceNo=9
2026-10-06 18:40:00,18:39,2026-10-06,oi,9,15,馬連,8-14,341.5,341.5,43,https://www.keiba.go.jp/KeibaWeb/TodayRaceInfo/OddsUmLenFuku?k_babaCode=20&k_raceDate=2026%2F10%2F06&k_raceNo=9
2026-10-06 18:40:00,18:39,2026-10-06,oi,9,15,馬連,5-11,354.2,354.2,46,https://www.keiba.go.jp/KeibaWeb/TodayRaceInfo/OddsUmLenFuku?k_babaCode=20&k_raceDate=2026%2F10%2F06&k_raceNo=9
2026-10-06 18:40:00,18:39,2026-10-06,oi,9,15,馬連,7-9,354.2,354.2,46,https://www.keiba.go.jp/KeibaWeb/TodayRaceInfo/OddsUmLenFuku?k_babaCode=20&k_raceDate=2026%2F10%2F06&k_raceNo=9
2026-10-06 18:40:00,18:39,2026-10-06,oi,9,15,馬連,8-12,354.2,354.2,46,https://www.keiba.go.jp/KeibaWeb/TodayRaceInfo/OddsUmLenFuku?k_babaCode=20&k_raceDate=2026%2F10%2F06&k_raceNo=9
2026-10-06 18:40:00,18:39,2026-10-06,oi,9,15,馬連,6-7,360.8,360.8,49,https://www.keiba.go.jp/KeibaWeb/TodayRaceInfo/OddsUmLenFuku?k_babaCode=20&k_raceDate=2026%2F10%2F06&k_raceNo=9
2026-10-06 18:40:00,18:39,2026-10-06,oi,9,15,馬連,3-10,367.8,367.8,50,https://www.keiba.go.jp/KeibaWeb/TodayRaceInfo/OddsUmLenFuku?k_babaCode=20&k_raceDate=2026%2F10%2F06&k_raceNo=9
2026-10-06 18:40:00,18:39,2026-10-06,oi,9,15,馬連,3-5,390.3,390.3,51,https://www.keiba.go.jp/KeibaWeb/TodayRaceInfo/OddsUmLenFuku?k_babaCode=20&k_raceDate=2026%2F10%2F06&k_raceNo=9
2026-10-06 18:40:00,18:39,2026-10-06,oi,9,15,馬連,4-12,406.9,406.9,52,https://www.keiba.go.jp/KeibaWeb/TodayRaceInfo/OddsUmLenFuku?k_babaCode=20&k_raceDate=2026%2F10%2F06&k_raceNo=9
2026-10-06 18:40:00,18:39,2026-10-06,oi,9,15,馬連,5-8,444.8,444.8,53,https://www.keiba.go.jp/KeibaWeb/TodayRaceInfo/OddsUmLenFuku?k_babaCode=20&k_raceDate=2026%2F10%2F06&k_raceNo=9
2026-10-06 18:40:00,18:39,2026-10-06,oi,9,15,馬連,8-13,444.8,444.8,53,https://www.keiba.go.jp/KeibaWeb/TodayRaceInfo/OddsUmLenFuku?k_babaCode=20&k_raceDate=2026%2F10%2F06&k_raceNo=9
2026-10-06 18:40:00,18:39,2026-10-06,oi,9,15,馬連,7-14,455.4,455.4,55,https://www.keiba.go.jp/KeibaWeb/TodayRaceInfo/OddsUmLenFuku?k_babaCode=20&k_raceDate=2026%2F10%2F06&k_raceNo=9
2026-10-06 18:40:00,18:39,2026-10-06,oi,9,15,馬連,3-12,478.1,478.1,56,https://www.keiba.go.jp/KeibaWeb/TodayRaceInfo/OddsUmLenFuku?k_babaCode=20&k_raceDate=2026%2F10%2F06&k_raceNo=9
2026-10-06 18:40:00,18:39,2026-10-06,oi,9,15,馬連,1-7,531.3,531.3,57,https://www.keiba.go.jp/KeibaWeb/TodayRaceInfo/OddsUmLenFuku?k_babaCode=20&k_raceDate=2026%2F10%2F06&k_raceNo=9
2026-10-06 18:40:00,18:39,2026-10-06,oi,9,15,馬連,1-6,562.5,562.5,58,https://www.keiba.go.jp/KeibaWeb/TodayRaceInfo/OddsUmLenFuku?k_babaCode=20&k_raceDate=2026%2F10%2F06&k_raceNo=9
2026-10-06 18:40:00,18:39,2026-10-06,oi,9,15,馬連,9-10,562.5,562.5,58,https://www.keiba.go.jp/KeibaWeb/TodayRaceInfo/OddsUmLenFuku?k_babaCode=20&k_raceDate=2026%2F10%2F06&k_raceNo=9
2026-10-06 18:40:00,18:39,2026-10-06,oi,9,15,馬連,1-5,617.0,617.0,60,https://www.keiba.go.jp/KeibaWeb/TodayRaceInfo/OddsUmLenFuku?k_babaCode=20&k_raceDate=2026%2F10%2F06&k_raceNo=9
2026-10-06 18:40:00,18:39,2026-10-06,oi,9,15,馬連,6-9,617.0,617.0,60,https://www.keiba.go.jp/KeibaWeb/TodayRaceInfo/OddsUmLenFuku?k_babaCode=20&k_raceDate=2026%2F10%2F06&k_raceNo=9
2026-10-06 18:40:00,18:39,2026-10-06,oi,9,15,馬連,11-13,617.0,617.0,60,https://www.keiba.go.jp/KeibaWeb/TodayRaceInfo/OddsUmLenFuku?k_babaCode=20&k_raceDate=2026%2F10%2F06&k_raceNo=9
2026-10-06 18:40:00,18:39,2026-10-06,oi,9,15,馬連,1-9,659.5,659.5,63,https://www.keiba.go.jp/KeibaWeb/TodayRaceInfo/OddsUmLenFuku?k_babaCode=20&k_raceDate=2026%2F10%2F06&k_raceNo=9
2026-10-06 18:40:00,18:39,2026-10-06,oi,9,15,馬連,10-12,683.1,683.1,64,https://www.keiba.go.jp/KeibaWeb/TodayRaceInfo/OddsUmLenFuku?k_babaCode=20&k_raceDate=2026%2F10%2F06&k_raceNo=9
2026-10-06 18:40:00,18:39,2026-10-06,oi,9,15,馬連,5-6,735.6,735.6,65,https://www.keiba.go.jp/KeibaWeb/TodayRaceInfo/OddsUmLenFuku?k_babaCode=20&k_raceDate=2026%2F10%2F06&k_raceNo=9
2026-10-06 18:40:00,18:39,2026-10-06,oi,9,15,馬連,3-13,796.9,796.9,66,https://www.keiba.go.jp/KeibaWeb/TodayRaceInfo/OddsUmLenFuku?k_babaCode=20&k_raceDate=2026%2F10%2F06&k_raceNo=9
2026-10-06 18:40:00,18:39,2026-10-06,oi,9,15,馬連,4-13,869.4,869.4,67,https://www.keiba.go.jp/KeibaWeb/TodayRaceInfo/OddsUmLenFuku?k_babaCode=20&k_raceDate=2026%2F10%2F06&k_raceNo=9
2026-10-06 18:40:00,18:39,2026-10-06,oi,9,15,馬連,9-12,869.4,869.4,67,https://www.keiba.go.jp/KeibaWeb/TodayRaceInfo/OddsUmLenFuku?k_babaCode=20&k_raceDate=2026%2F10%2F06&k_raceNo=9
2026-10-06 18:40:00,18:39,2026-10-06,oi,9,15,馬連,1-12,956.3,956.3,69,https://www.keiba.go.jp/KeibaWeb/TodayRaceInfo/OddsUmLenFuku?k_babaCode=20&k_raceDate=2026%2F10%2F06&k_raceNo=9
2026-10-06 18:40:00,18:39,2026-10-06,oi,9,15,馬連,5-7,956.3,956.3,69,https://www.keiba.go.jp/KeibaWeb/TodayRaceInfo/OddsUmLenFuku?k_babaCode=20&k_raceDate=2026%2F10%2F06&k_raceNo=9
2026-10-06 18:40:00,18:39,2026-10-06,oi,9,15,馬連,6-14,956.3,956.3,69,https://www.keiba.go.jp/KeibaWeb/TodayRaceInfo/OddsUmLenFuku?k_babaCode=20&k_raceDate=2026%2F10%2F06&k_raceNo=9
2026-10-06 18:40:00,18:39,2026-10-06,oi,9,15,馬連,7-12,956.3,956.3,69,https://www.keiba.go.jp/KeibaWeb/TodayRaceInfo/OddsUmLenFuku?k_babaCode=20&k_raceDate=2026%2F10%2F06&k_raceNo=9
2026-10-06 18:40:00,18:39,2026-10-06,oi,9,15,馬連,6-10,1195.4,1195.4,73,https://www.keiba.go.jp/KeibaWeb/TodayRaceInfo/OddsUmLenFuku?k_babaCode=20&k_raceDate=2026%2F10%2F06&k_raceNo=9
2026-10-06 18:40:00,18:39,2026-10-06,oi,9,15,馬連,1-14,1275.1,1275.1,74,https://www.keiba.go.jp/KeibaWeb/TodayRaceInfo/OddsUmLenFuku?k_babaCode=20&k_raceDate=2026%2F10%2F06&k_raceNo=9
2026-10-06 18:40:00,18:39,2026-10-06,oi,9,15,馬連,5-10,1275.1,1275.1,74,https://www.keiba.go.jp/KeibaWeb/TodayRaceInfo/OddsUmLenFuku?k_babaCode=20&k_raceDate=2026%2F10%2F06&k_raceNo=9
2026-10-06 18:40:00,18:39,2026-10-06,oi,9,15,馬連,5-9,1366.2,1366.2,76,https://www.keiba.go.jp/KeibaWeb/TodayRaceInfo/OddsUmLenFuku?k_babaCode=20&k_raceDate=2026%2F10%2F06&k_raceNo=9
2026-10-06 18:40:00,18:39,2026-10-06,oi,9,15,馬連,7-13,1366.2,1366.2,76,https://www.keiba.go.jp/KeibaWeb/TodayRaceInfo/OddsUmLenFuku?k_babaCode=20&k_raceDate=2026%2F10%2F06&k_raceNo=9
2026-10-06 18:40:00,18:39,2026-10-06,oi,9,15,馬連,9-14,1366.2,1366.2,76,https://www.keiba.go.jp/KeibaWeb/TodayRaceInfo/OddsUmLenFuku?k_babaCode=20&k_raceDate=2026%2F10%2F06&k_raceNo=9
2026-10-06 18:40:00,18:39,2026-10-06,oi,9,15,馬連,10-14,1366.2,1366.2,76,https://www.keiba.go.jp/KeibaWeb/TodayRaceInfo/OddsUmLenFuku?k_babaCode=20&k_raceDate=2026%2F10%2F06&k_raceNo=9
2026-10-06 18:40:00,18:39,2026-10-06,oi,9,15,馬連,1-13,1471.3,1471.3,80,https://www.keiba.go.jp/KeibaWeb/TodayRaceInfo/OddsUmLenFuku?k_babaCode=20&k_raceDate=2026%2F10%2F06&k_raceNo=9
2026-10-06 18:40:00,18:39,2026-10-06,oi,9,15,馬連,5-12,1471.3,1471.3,80,https://www.keiba.go.jp/KeibaWeb/TodayRaceInfo/OddsUmLenFuku?k_babaCode=20&k_raceDate=2026%2F10%2F06&k_raceNo=9
2026-10-06 18:40:00,18:39,2026-10-06,oi,9,15,馬連,6-12,1471.3,1471.3,80,https://www.keiba.go.jp/KeibaWeb/TodayRaceInfo/OddsUmLenFuku?k_babaCode=20&k_raceDate=2026%2F10%2F06&k_raceNo=9
2026-10-06 18:40:00,18:39,2026-10-06,oi,9,15,馬連,12-13,1593.9,1593.9,83,https://www.keiba.go.jp/KeibaWeb/TodayRaceInfo/OddsUmLenFuku?k_babaCode=20&k_raceDate=2026%2F10%2F06&k_raceNo=9
2026-10-06 18:40:00,18:39,2026-10-06,oi,9,15,馬連,1-10,1738.8,1738.8,84,https://www.keiba.go.jp/KeibaWeb/TodayRaceInfo/OddsUmLenFuku?k_babaCode=20&k_raceDate=2026%2F10%2F06&k_raceNo=9
2026-10-06 18:40:00,18:39,2026-10-06,oi,9,15,馬連,9-13,1738.8,1738.8,84,https://www.keiba.go.jp/KeibaWeb/TodayRaceInfo/OddsUmLenFuku?k_babaCode=20&k_raceDate=2026%2F10%2F06&k_raceNo=9
2026-10-06 18:40:00,18:39,2026-10-06,oi,9,15,馬連,12-14,1912.7,1912.7,86,https://www.keiba.go.jp/KeibaWeb/TodayRaceInfo/OddsUmLenFuku?k_babaCode=20&k_raceDate=2026%2F10%2F06&k_raceNo=9
2026-10-06 18:40:00,18:39,2026-10-06,oi,9,15,馬連,5-14,2390.9,2390.9,87,https://www.keiba.go.jp/KeibaWeb/TodayRaceInfo/OddsUmLenFuku?k_babaCode=20&k_raceDate=2026%2F10%2F06&k_raceNo=9
2026-10-06 18:40:00,18:39,2026-10-06,oi,9,15,馬連,13-14,2390.9,2390.9,87,https://www.keiba.go.jp/KeibaWeb/TodayRaceInfo/OddsUmLenFuku?k_babaCode=20&k_raceDate=2026%2F10%2F06&k_raceNo=9
2026-10-06 18:40:00,18:39,2026-10-06,oi,9,15,馬連,6-13,2732.4,2732.4,89,https://www.keiba.go.jp/KeibaWeb/TodayRaceInfo/OddsUmLenFuku?k_babaCode=20&k_raceDate=2026%2F10%2F06&k_raceNo=9
2026-10-06 18:40:00,18:39,2026-10-06,oi,9,15,馬連,10-13,2732.4,2732.4,89,https://www.keiba.go.jp/KeibaWeb/TodayRaceInfo/OddsUmLenFuku?k_babaCode=20&k_raceDate=2026%2F10%2F06&k_raceNo=9
2026-10-06 18:40:00,18:39,2026-10-06,oi,9,15,馬連,5-13,4781.8,4781.8,91,https://www.keiba.go.jp/KeibaWeb/TodayRaceInfo/OddsUmLenFuku?k_babaCode=20&k_raceDate=2026%2F10%2F06&k_raceNo=9
2026-10-06 18:40:00,18:39,2026-10-06,oi,9,15,ワイド,2-11,2.4,2.7,1,https://www.keiba.go.jp/KeibaWeb/TodayRaceInfo/OddsWide?k_babaCode=20&k_raceDate=2026%2F10%2F06&k_raceNo=9
2026-10-06 18:40:00,18:39,2026-10-06,oi,9,15,ワイド,2-4,2.7,3.0,2,https://www.keiba.go.jp/KeibaWeb/TodayRaceInfo/OddsWide?k_babaCode=20&k_raceDate=2026%2F10%2F06&k_raceNo=9
2026-10-06 18:40:00,18:39,2026-10-06,oi,9,15,ワイド,2-8,3.3,3.8,3,https://www.keiba.go.jp/KeibaWeb/TodayRaceInfo/OddsWide?k_babaCode=20&k_raceDate=2026%2F10%2F06&k_raceNo=9
2026-10-06 18:40:00,18:39,2026-10-06,oi,9,15,ワイド,2-3,3.9,4.4,4,https://www.keiba.go.jp/KeibaWeb/TodayRaceInfo/OddsWide?k_babaCode=20&k_raceDate=2026%2F10%2F06&k_raceNo=9
2026-10-06 18:40:00,18:39,2026-10-06,oi,9,15,ワイド,2-7,5.5,6.2,5,https://www.keiba.go.jp/KeibaWeb/TodayRaceInfo/OddsWide?k_babaCode=20&k_raceDate=2026%2F10%2F06&k_raceNo=9
2026-10-06 18:40:00,18:39,2026-10-06,oi,9,15,ワイド,4-11,5.7,7.0,6,https://www.keiba.go.jp/KeibaWeb/TodayRaceInfo/OddsWide?k_babaCode=20&k_raceDate=2026%2F10%2F06&k_raceNo=9
2026-10-06 18:40:00,18:39,2026-10-06,oi,9,15,ワイド,3-4,5.9,6.9,7,https://www.keiba.go.jp/KeibaWeb/TodayRaceInfo/OddsWide?k_babaCode=20&k_raceDate=2026%2F10%2F06&k_raceNo=9
2026-10-06 18:40:00,18:39,2026-10-06,oi,9,15,ワイド,3-11,6.8,8.0,8,https://www.keiba.go.jp/KeibaWeb/TodayRaceInfo/OddsWide?k_babaCode=20&k_raceDate=2026%2F10%2F06&k_raceNo=9
2026-10-06 18:40:00,18:39,2026-10-06,oi,9,15,ワイド,8-11,6.8,8.2,9,https://www.keiba.go.jp/KeibaWeb/TodayRaceInfo/OddsWide?k_babaCode=20&k_raceDate=2026%2F10%2F06&k_raceNo=9
2026-10-06 18:40:00,18:39,2026-10-06,oi,9,15,ワイド,4-8,7.9,9.4,10,https://www.keiba.go.jp/KeibaWeb/TodayRaceInfo/OddsWide?k_babaCode=20&k_raceDate=2026%2F10%2F06&k_raceNo=9
2026-10-06 18:40:00,18:39,2026-10-06,oi,9,15,ワイド,2-9,8.0,9.0,11,https://www.keiba.go.jp/KeibaWeb/TodayRaceInfo/OddsWide?k_babaCode=20&k_raceDate=2026%2F10%2F06&k_raceNo=9
2026-10-06 18:40:00,18:39,2026-10-06,oi,9,15,ワイド,2-10,9.0,10.1,12,https://www.keiba.go.jp/KeibaWeb/TodayRaceInfo/OddsWide?k_babaCode=20&k_raceDate=2026%2F10%2F06&k_raceNo=9
2026-10-06 18:40:00,18:39,2026-10-06,oi,9,15,ワイド,7-11,10.1,11.7,13,https://www.keiba.go.jp/KeibaWeb/TodayRaceInfo/OddsWide?k_babaCode=20&k_raceDate=2026%2F10%2F06&k_raceNo=9
2026-10-06 18:40:00,18:39,2026-10-06,oi,9,15,ワイド,3-8,12.1,13.9,14,https://www.keiba.go.jp/KeibaWeb/TodayRaceInfo/OddsWide?k_babaCode=20&k_raceDate=2026%2F10%2F06&k_raceNo=9
2026-10-06 18:40:00,18:39,2026-10-06,oi,9,15,ワイド,2-6,12.5,14.0,15,https://www.keiba.go.jp/KeibaWeb/TodayRaceInfo/OddsWide?k_babaCode=20&k_raceDate=2026%2F10%2F06&k_raceNo=9
2026-10-06 18:40:00,18:39,2026-10-06,oi,9,15,ワイド,2-14,14.4,16.1,16,https://www.keiba.go.jp/KeibaWeb/TodayRaceInfo/OddsWide?k_babaCode=20&k_raceDate=2026%2F10%2F06&k_raceNo=9
2026-10-06 18:40:00,18:39,2026-10-06,oi,9,15,ワイド,4-7,14.5,16.7,17,https://www.keiba.go.jp/KeibaWeb/TodayRaceInfo/OddsWide?k_babaCode=20&k_raceDate=2026%2F10%2F06&k_raceNo=9
2026-10-06 18:40:00,18:39,2026-10-06,oi,9,15,ワイド,2-12,17.1,19.1,18,https://www.keiba.go.jp/KeibaWeb/TodayRaceInfo/OddsWide?k_babaCode=20&k_raceDate=2026%2F10%2F06&k_raceNo=9
2026-10-06 18:40:00,18:39,2026-10-06,oi,9,15,ワイド,2-5,19.0,21.2,19,https://www.keiba.go.jp/KeibaWeb/TodayRaceInfo/OddsWide?k_babaCode=20&k_raceDate=2026%2F10%2F06&k_raceNo=9
2026-10-06 18:40:00,18:39,2026-10-06,oi,9,15,ワイド,3-7,20.1,22.3,20,https://www.keiba.go.jp/KeibaWeb/TodayRaceInfo/OddsWide?k_babaCode=20&k_raceDate=2026%2F10%2F06&k_raceNo=9
2026-10-06 18:40:00,18:39,2026-10-06,oi,9,15,ワイド,1-2,21.0,23.5,21,https://www.keiba.go.jp/KeibaWeb/TodayRaceInfo/OddsWide?k_babaCode=20&k_raceDate=2026%2F10%2F06&k_raceNo=9
2026-10-06 18:40:00,18:39,2026-10-06,oi,9,15,ワイド,7-8,21.9,24.6,22,https://www.keiba.go.jp/KeibaWeb/TodayRaceInfo/OddsWide?k_babaCode=20&k_raceDate=2026%2F10%2F06&k_raceNo=9
2026-10-06 18:40:00,18:39,2026-10-06,oi,9,15,ワイド,9-11,23.3,26.9,23,https://www.keiba.go.jp/KeibaWeb/TodayRaceInfo/OddsWide?k_babaCode=20&k_raceDate=2026%2F10%2F06&k_raceNo=9
2026-10-06 18:40:00,18:39,2026-10-06,oi,9,15,ワイド,10-11,29.2,33.5,24,https://www.keiba.go.jp/KeibaWeb/TodayRaceInfo/OddsWide?k_babaCode=20&k_raceDate=2026%2F10%2F06&k_raceNo=9
2026-10-06 18:40:00,18:39,2026-10-06,oi,9,15,ワイド,3-9,32.7,35.8,25,https://www.keiba.go.jp/KeibaWeb/TodayRaceInfo/OddsWide?k_babaCode=20&k_raceDate=2026%2F10%2F06&k_raceNo=9
2026-10-06 18:40:00,18:39,2026-10-06,oi,9,15,ワイド,8-14,32.7,35.8,25,https://www.keiba.go.jp/KeibaWeb/TodayRaceInfo/OddsWide?k_babaCode=20&k_raceDate=2026%2F10%2F06&k_raceNo=9
2026-10-06 18:40:00,18:39,2026-10-06,oi,9,15,ワイド,11-14,32.8,37.2,27,https://www.keiba.go.jp/KeibaWeb/TodayRaceInfo/OddsWide?k_babaCode=20&k_raceDate=2026%2F10%2F06&k_raceNo=9
2026-10-06 18:40:00,18:39,2026-10-06,oi,9,15,ワイド,4-9,33.0,37.5,28,https://www.keiba.go.jp/KeibaWeb/TodayRaceInfo/OddsWide?k_babaCode=20&k_raceDate=2026%2F10%2F06&k_raceNo=9
2026-10-06 18:40:00,18:39,2026-10-06,oi,9,15,ワイド,2-13,33.7,37.6,29,https://www.keiba.go.jp/KeibaWeb/TodayRaceInfo/OddsWide?k_babaCode=20&k_raceDate=2026%2F10%2F06&k_raceNo=9
2026-10-06 18:40:00,18:39,2026-10-06,oi,9,15,ワイド,6-11,34.9,39.8,30,https://www.keiba.go.jp/KeibaWeb/TodayRaceInfo/OddsWide?k_babaCode=20&k_raceDate=2026%2F10%2F06&k_raceNo=9
2026-10-06 18:40:00,18:39,2026-10-06,oi,9,15,ワイド,11-12,36.4,41.3,31,https://www.keiba.go.jp/KeibaWeb/TodayRaceInfo/OddsWide?k_babaCode=20&k_raceDate=2026%2F10%2F06&k_raceNo=9
2026-10-06 18:40:00,18:39,2026-10-06,oi,9,15,ワイド,6-8,36.5,40.0,32,https://www.keiba.go.jp/KeibaWeb/TodayRaceInfo/OddsWide?k_babaCode=20&k_raceDate=2026%2F10%2F06&k_raceNo=9
2026-10-06 18:40:00,18:39,2026-10-06,oi,9,15,ワイド,4-6,37.0,41.6,33,https://www.keiba.go.jp/KeibaWeb/TodayRaceInfo/OddsWide?k_babaCode=20&k_raceDate=2026%2F10%2F06&k_raceNo=9
2026-10-06 18:40:00,18:39,2026-10-06,oi,9,15,ワイド,7-10,39.5,42.3,34,https://www.keiba.go.jp/KeibaWeb/TodayRaceInfo/OddsWide?k_babaCode=20&k_raceDate=2026%2F10%2F06&k_raceNo=9
2026-10-06 18:40:00,18:39,2026-10-06,oi,9,15,ワイド,4-14,41.9,46.9,35,https://www.keiba.go.jp/KeibaWeb/TodayRaceInfo/OddsWide?k_babaCode=20&k_raceDate=2026%2F10%2F06&k_raceNo=9
2026-10-06 18:40:00,18:39,2026-10-06,oi,9,15,ワイド,3-6,42.0,45.5,36,https://www.keiba.go.jp/KeibaWeb/TodayRaceInfo/OddsWide?k_babaCode=20&k_raceDate=2026%2F10%2F06&k_raceNo=9
2026-10-06 18:40:00,18:39,2026-10-06,oi,9,15,ワイド,3-10,42.4,46.3,37,https://www.keiba.go.jp/KeibaWeb/TodayRaceInfo/OddsWide?k_babaCode=20&k_raceDate=2026%2F10%2F06&k_raceNo=9
2026-10-06 18:40:00,18:39,2026-10-06,oi,9,15,ワイド,5-11,42.4,48.0,38,https://www.keiba.go.jp/KeibaWeb/TodayRaceInfo/OddsWide?k_babaCode=20&k_raceDate=2026%2F10%2F06&k_raceNo=9
2026-10-06 18:40:00,18:39,2026-10-06,oi,9,15,ワイド,6-7,44.7,47.5,39,https://www.keiba.go.jp/KeibaWeb/TodayRaceInfo/OddsWide?k_babaCode=20&k_raceDate=2026%2F10%2F06&k_raceNo=9
2026-10-06 18:40:00,18:39,2026-10-06,oi,9,15,ワイド,4-10,44.7,50.6,40,https://www.keiba.go.jp/KeibaWeb/TodayRaceInfo/OddsWide?k_babaCode=20&k_raceDate=2026%2F10%2F06&k_raceNo=9
2026-10-06 18:40:00,18:39,2026-10-06,oi,9,15,ワイド,1-8,45.3,49.3,41,https://www.keiba.go.jp/KeibaWeb/TodayRaceInfo/OddsWide?k_babaCode=20&k_raceDate=2026%2F10%2F06&k_raceNo=9
2026-10-06 18:40:00,18:39,2026-10-06,oi,9,15,ワイド,1-11,46.9,53.0,42,https://www.keiba.go.jp/KeibaWeb/TodayRaceInfo/OddsWide?k_babaCode=20&k_raceDate=2026%2F10%2F06&k_raceNo=9
2026-10-06 18:40:00,18:39,2026-10-06,oi,9,15,ワイド,8-10,48.3,53.4,43,https://www.keiba.go.jp/KeibaWeb/TodayRaceInfo/OddsWide?k_babaCode=20&k_raceDate=2026%2F10%2F06&k_raceNo=9
2026-10-06 18:40:00,18:39,2026-10-06,oi,9,15,ワイド,8-9,49.5,55.0,44,https://www.keiba.go.jp/KeibaWeb/TodayRaceInfo/OddsWide?k_babaCode=20&k_raceDate=2026%2F10%2F06&k_raceNo=9
2026-10-06 18:40:00,18:39,2026-10-06,oi,9,15,ワイド,7-9,50.5,54.3,45,https://www.keiba.go.jp/KeibaWeb/TodayRaceInfo/OddsWide?k_babaCode=20&k_raceDate=2026%2F10%2F06&k_raceNo=9
2026-10-06 18:40:00,18:39,2026-10-06,oi,9,15,ワイド,1-3,52.3,56.2,46,https://www.keiba.go.jp/KeibaWeb/TodayRaceInfo/OddsWide?k_babaCode=20&k_raceDate=2026%2F10%2F06&k_raceNo=9
2026-10-06 18:40:00,18:39,2026-10-06,oi,9,15,ワイド,8-12,56.0,61.1,47,https://www.keiba.go.jp/KeibaWeb/TodayRaceInfo/OddsWide?k_babaCode=20&k_raceDate=2026%2F10%2F06&k_raceNo=9
2026-10-06 18:40:00,18:39,2026-10-06,oi,9,15,ワイド,3-14,56.6,61.1,48,https://www.keiba.go.jp/KeibaWeb/TodayRaceInfo/OddsWide?k_babaCode=20&k_raceDate=2026%2F10%2F06&k_raceNo=9
2026-10-06 18:40:00,18:39,2026-10-06,oi,9,15,ワイド,1-4,56.7,63.2,49,https://www.keiba.go.jp/KeibaWeb/TodayRaceInfo/OddsWide?k_babaCode=20&k_raceDate=2026%2F10%2F06&k_raceNo=9
2026-10-06 18:40:00,18:39,2026-10-06,oi,9,15,ワイド,11-13,58.4,65.7,50,https://www.keiba.go.jp/KeibaWeb/TodayRaceInfo/OddsWide?k_babaCode=20&k_raceDate=2026%2F10%2F06&k_raceNo=9
2026-10-06 18:40:00,18:39,2026-10-06,oi,9,15,ワイド,4-12,58.9,65.9,51,https://www.keiba.go.jp/KeibaWeb/TodayRaceInfo/OddsWide?k_babaCode=20&k_raceDate=2026%2F10%2F06&k_raceNo=9
2026-10-06 18:40:00,18:39,2026-10-06,oi,9,15,ワイド,7-12,61.3,64.8,52,https://www.keiba.go.jp/KeibaWeb/TodayRaceInfo/OddsWide?k_babaCode=20&k_raceDate=2026%2F10%2F06&k_raceNo=9
2026-10-06 18:40:00,18:39,2026-10-06,oi,9,15,ワイド,3-5,61.7,66.5,53,https://www.keiba.go.jp/KeibaWeb/TodayRaceInfo/OddsWide?k_babaCode=20&k_raceDate=2026%2F10%2F06&k_raceNo=9
2026-10-06 18:40:00,18:39,2026-10-06,oi,9,15,ワイド,4-5,61.7,68.9,54,https://www.keiba.go.jp/KeibaWeb/TodayRaceInfo/OddsWide?k_babaCode=20&k_raceDate=2026%2F10%2F06&k_raceNo=9
2026-10-06 18:40:00,18:39,2026-10-06,oi,9,15,ワイド,1-7,63.7,67.1,55,https://www.keiba.go.jp/KeibaWeb/TodayRaceInfo/OddsWide?k_babaCode=20&k_raceDate=2026%2F10%2F06&k_raceNo=9
2026-10-06 18:40:00,18:39,2026-10-06,oi,9,15,ワイド,3-12,66.9,72.1,56,https://www.keiba.go.jp/KeibaWeb/TodayRaceInfo/OddsWide?k_babaCode=20&k_raceDate=2026%2F10%2F06&k_raceNo=9
2026-10-06 18:40:00,18:39,2026-10-06,oi,9,15,ワイド,6-10,68.5,71.5,57,https://www.keiba.go.jp/KeibaWeb/TodayRaceInfo/OddsWide?k_babaCode=20&k_raceDate=2026%2F10%2F06&k_raceNo=9
2026-10-06 18:40:00,18:39,2026-10-06,oi,9,15,ワイド,9-10,78.0,82.4,58,https://www.keiba.go.jp/KeibaWeb/TodayRaceInfo/OddsWide?k_babaCode=20&k_raceDate=2026%2F10%2F06&k_raceNo=9
2026-10-06 18:40:00,18:39,2026-10-06,oi,9,15,ワイド,5-8,88.8,97.0,59,https://www.keiba.go.jp/KeibaWeb/TodayRaceInfo/OddsWide?k_babaCode=20&k_raceDate=2026%2F10%2F06&k_raceNo=9
2026-10-06 18:40:00,18:39,2026-10-06,oi,9,15,ワイド,3-13,95.4,102.0,60,https://www.keiba.go.jp/KeibaWeb/TodayRaceInfo/OddsWide?k_babaCode=20&k_raceDate=2026%2F10%2F06&k_raceNo=9
2026-10-06 18:40:00,18:39,2026-10-06,oi,9,15,ワイド,7-14,96.5,102.1,61,https://www.keiba.go.jp/KeibaWeb/TodayRaceInfo/OddsWide?k_babaCode=20&k_raceDate=2026%2F10%2F06&k_raceNo=9
2026-10-06 18:40:00,18:39,2026-10-06,oi,9,15,ワイド,10-12,97.2,100.9,62,https://www.keiba.go.jp/KeibaWeb/TodayRaceInfo/OddsWide?k_babaCode=20&k_raceDate=2026%2F10%2F06&k_raceNo=9
2026-10-06 18:40:00,18:39,2026-10-06,oi,9,15,ワイド,8-13,100.9,109.5,63,https://www.keiba.go.jp/KeibaWeb/TodayRaceInfo/OddsWide?k_babaCode=20&k_raceDate=2026%2F10%2F06&k_raceNo=9
2026-10-06 18:40:00,18:39,2026-10-06,oi,9,15,ワイド,1-5,101.5,103.7,64,https://www.keiba.go.jp/KeibaWeb/TodayRaceInfo/OddsWide?k_babaCode=20&k_raceDate=2026%2F10%2F06&k_raceNo=9
2026-10-06 18:40:00,18:39,2026-10-06,oi,9,15,ワイド,5-7,105.4,111.3,65,https://www.keiba.go.jp/KeibaWeb/TodayRaceInfo/OddsWide?k_babaCode=20&k_raceDate=2026%2F10%2F06&k_raceNo=9
2026-10-06 18:40:00,18:39,2026-10-06,oi,9,15,ワイド,5-9,108.5,113.0,66,https://www.keiba.go.jp/KeibaWeb/TodayRaceInfo/OddsWide?k_babaCode=20&k_raceDate=2026%2F10%2F06&k_raceNo=9
2026-10-06 18:40:00,18:39,2026-10-06,oi,9,15,ワイド,1-9,113.7,118.2,67,https://www.keiba.go.jp/KeibaWeb/TodayRaceInfo/OddsWide?k_babaCode=20&k_raceDate=2026%2F10%2F06&k_raceNo=9
2026-10-06 18:40:00,18:39,2026-10-06,oi,9,15,ワイド,6-12,116.5,120.0,68,https://www.keiba.go.jp/KeibaWeb/TodayRaceInfo/OddsWide?k_babaCode=20&k_raceDate=2026%2F10%2F06&k_raceNo=9
2026-10-06 18:40:00,18:39,2026-10-06,oi,9,15,ワイド,6-14,120.0,123.8,69,https://www.keiba.go.jp/KeibaWeb/TodayRaceInfo/OddsWide?k_babaCode=20&k_raceDate=2026%2F10%2F06&k_raceNo=9
2026-10-06 18:40:00,18:39,2026-10-06,oi,9,15,ワイド,13-14,127.7,130.4,70,https://www.keiba.go.jp/KeibaWeb/TodayRaceInfo/OddsWide?k_babaCode=20&k_raceDate=2026%2F10%2F06&k_raceNo=9
2026-10-06 18:40:00,18:39,2026-10-06,oi,9,15,ワイド,4-13,130.8,145.0,71,https://www.keiba.go.jp/KeibaWeb/TodayRaceInfo/OddsWide?k_babaCode=20&k_raceDate=2026%2F10%2F06&k_raceNo=9
2026-10-06 18:40:00,18:39,2026-10-06,oi,9,15,ワイド,1-6,131.4,135.0,72,https://www.keiba.go.jp/KeibaWeb/TodayRaceInfo/OddsWide?k_babaCode=20&k_raceDate=2026%2F10%2F06&k_raceNo=9
2026-10-06 18:40:00,18:39,2026-10-06,oi,9,15,ワイド,6-9,136.2,142.6,73,https://www.keiba.go.jp/KeibaWeb/TodayRaceInfo/OddsWide?k_babaCode=20&k_raceDate=2026%2F10%2F06&k_raceNo=9
2026-10-06 18:40:00,18:39,2026-10-06,oi,9,15,ワイド,9-12,136.9,142.7,74,https://www.keiba.go.jp/KeibaWeb/TodayRaceInfo/OddsWide?k_babaCode=20&k_raceDate=2026%2F10%2F06&k_raceNo=9
2026-10-06 18:40:00,18:39,2026-10-06,oi,9,15,ワイド,10-14,151.2,157.3,75,https://www.keiba.go.jp/KeibaWeb/TodayRaceInfo/OddsWide?k_babaCode=20&k_raceDate=2026%2F10%2F06&k_raceNo=9
2026-10-06 18:40:00,18:39,2026-10-06,oi,9,15,ワイド,5-6,153.0,157.5,76,https://www.keiba.go.jp/KeibaWeb/TodayRaceInfo/OddsWide?k_babaCode=20&k_raceDate=2026%2F10%2F06&k_raceNo=9
2026-10-06 18:40:00,18:39,2026-10-06,oi,9,15,ワイド,12-14,153.1,157.3,77,https://www.keiba.go.jp/KeibaWeb/TodayRaceInfo/OddsWide?k_babaCode=20&k_raceDate=2026%2F10%2F06&k_raceNo=9
2026-10-06 18:40:00,18:39,2026-10-06,oi,9,15,ワイド,1-14,156.8,160.7,78,https://www.keiba.go.jp/KeibaWeb/TodayRaceInfo/OddsWide?k_babaCode=20&k_raceDate=2026%2F10%2F06&k_raceNo=9
2026-10-06 18:40:00,18:39,2026-10-06,oi,9,15,ワイド,5-10,161.9,167.9,79,https://www.keiba.go.jp/KeibaWeb/TodayRaceInfo/OddsWide?k_babaCode=20&k_raceDate=2026%2F10%2F06&k_raceNo=9
2026-10-06 18:40:00,18:39,2026-10-06,oi,9,15,ワイド,9-14,168.2,175.6,80,https://www.keiba.go.jp/KeibaWeb/TodayRaceInfo/OddsWide?k_babaCode=20&k_raceDate=2026%2F10%2F06&k_raceNo=9
2026-10-06 18:40:00,18:39,2026-10-06,oi,9,15,ワイド,5-14,171.1,175.6,81,https://www.keiba.go.jp/KeibaWeb/TodayRaceInfo/OddsWide?k_babaCode=20&k_raceDate=2026%2F10%2F06&k_raceNo=9
2026-10-06 18:40:00,18:39,2026-10-06,oi,9,15,ワイド,7-13,171.3,179.7,82,https://www.keiba.go.jp/KeibaWeb/TodayRaceInfo/OddsWide?k_babaCode=20&k_raceDate=2026%2F10%2F06&k_raceNo=9
2026-10-06 18:40:00,18:39,2026-10-06,oi,9,15,ワイド,5-12,194.1,198.8,83,https://www.keiba.go.jp/KeibaWeb/TodayRaceInfo/OddsWide?k_babaCode=20&k_raceDate=2026%2F10%2F06&k_raceNo=9
2026-10-06 18:40:00,18:39,2026-10-06,oi,9,15,ワイド,1-10,197.1,204.1,84,https://www.keiba.go.jp/KeibaWeb/TodayRaceInfo/OddsWide?k_babaCode=20&k_raceDate=2026%2F10%2F06&k_raceNo=9
2026-10-06 18:40:00,18:39,2026-10-06,oi,9,15,ワイド,10-13,197.9,204.1,85,https://www.keiba.go.jp/KeibaWeb/TodayRaceInfo/OddsWide?k_babaCode=20&k_raceDate=2026%2F10%2F06&k_raceNo=9
2026-10-06 18:40:00,18:39,2026-10-06,oi,9,15,ワイド,6-13,204.9,209.7,86,https://www.keiba.go.jp/KeibaWeb/TodayRaceInfo/OddsWide?k_babaCode=20&k_raceDate=2026%2F10%2F06&k_raceNo=9
2026-10-06 18:40:00,18:39,2026-10-06,oi,9,15,ワイド,1-12,254.5,260.3,87,https://www.keiba.go.jp/KeibaWeb/TodayRaceInfo/OddsWide?k_babaCode=20&k_raceDate=2026%2F10%2F06&k_raceNo=9
2026-10-06 18:40:00,18:39,2026-10-06,oi,9,15,ワイド,12-13,255.6,260.3,88,https://www.keiba.go.jp/KeibaWeb/TodayRaceInfo/OddsWide?k_babaCode=20&k_raceDate=2026%2F10%2F06&k_raceNo=9
2026-10-06 18:40:00,18:39,2026-10-06,oi,9,15,ワイド,1-13,309.5,314.4,89,https://www.keiba.go.jp/KeibaWeb/TodayRaceInfo/OddsWide?k_babaCode=20&k_raceDate=2026%2F10%2F06&k_raceNo=9
2026-10-06 18:40:00,18:39,2026-10-06,oi,9,15,ワイド,9-13,331.4,342.7,90,https://www.keiba.go.jp/KeibaWeb/TodayRaceInfo/OddsWide?k_babaCode=20&k_raceDate=2026%2F10%2F06&k_raceNo=9
2026-10-06 18:40:00,18:39,2026-10-06,oi,9,15,ワイド,5-13,436.3,443.6,91,https://www.keiba.go.jp/KeibaWeb/TodayRaceInfo/OddsWide?k_babaCode=20&k_raceDate=2026%2F10%2F06&k_raceNo=9
2026-10-06 18:40:00,18:39,2026-10-06,oi,9,15,三連複,2-4-11,7.0,7.0,1,https://www.keiba.go.jp/KeibaWeb/TodayRaceInfo/Odds3LenFuku?k_babaCode=20&k_raceDate=2026%2F10%2F06&k_raceNo=9
2026-10-06 18:40:00,18:39,2026-10-06,oi,9,15,三連複,2-3-4,10.8,10.8,2,https://www.keiba.go.jp/KeibaWeb/TodayRaceInfo/Odds3LenFuku?k_babaCode=20&k_raceDate=2026%2F10%2F06&k_raceNo=9
2026-10-06 18:40:00,18:39,2026-10-06,oi,9,15,三連複,2-3-11,12.0,12.0,3,https://www.keiba.go.jp/KeibaWeb/TodayRaceInfo/Odds3LenFuku?k_babaCode=20&k_raceDate=2026%2F10%2F06&k_raceNo=9
2026-10-06 18:40:00,18:39,2026-10-06,oi,9,15,三連複,2-8-11,12.1,12.1,4,https://www.keiba.go.jp/KeibaWeb/TodayRaceInfo/Odds3LenFuku?k_babaCode=20&k_raceDate=2026%2F10%2F06&k_raceNo=9
2026-10-06 18:40:00,18:39,2026-10-06,oi,9,15,三連複,2-4-8,13.7,13.7,5,https://www.keiba.go.jp/KeibaWeb/TodayRaceInfo/Odds3LenFuku?k_babaCode=20&k_raceDate=2026%2F10%2F06&k_raceNo=9
2026-10-06 18:40:00,18:39,2026-10-06,oi,9,15,三連複,2-7-11,17.7,17.7,6,https://www.keiba.go.jp/KeibaWeb/TodayRaceInfo/Odds3LenFuku?k_babaCode=20&k_raceDate=2026%2F10%2F06&k_raceNo=9
2026-10-06 18:40:00,18:39,2026-10-06,oi,9,15,三連複,2-4-7,21.3,21.3,7,https://www.keiba.go.jp/KeibaWeb/TodayRaceInfo/Odds3LenFuku?k_babaCode=20&k_raceDate=2026%2F10%2F06&k_raceNo=9
2026-10-06 18:40:00,18:39,2026-10-06,oi,9,15,三連複,2-3-8,22.6,22.6,8,https://www.keiba.go.jp/KeibaWeb/TodayRaceInfo/Odds3LenFuku?k_babaCode=20&k_raceDate=2026%2F10%2F06&k_raceNo=9
2026-10-06 18:40:00,18:39,2026-10-06,oi,9,15,三連複,2-3-7,30.6,30.6,9,https://www.keiba.go.jp/KeibaWeb/TodayRaceInfo/Odds3LenFuku?k_babaCode=20&k_raceDate=2026%2F10%2F06&k_raceNo=9
2026-10-06 18:40:00,18:39,2026-10-06,oi,9,15,三連複,2-7-8,36.7,36.7,10,https://www.keiba.go.jp/KeibaWeb/TodayRaceInfo/Odds3LenFuku?k_babaCode=20&k_raceDate=2026%2F10%2F06&k_raceNo=9
2026-10-06 18:40:00,18:39,2026-10-06,oi,9,15,三連複,3-4-11,53.1,53.1,11,https://www.keiba.go.jp/KeibaWeb/TodayRaceInfo/Odds3LenFuku?k_babaCode=20&k_raceDate=2026%2F10%2F06&k_raceNo=9
2026-10-06 18:40:00,18:39,2026-10-06,oi,9,15,三連複,2-10-11,53.3,53.3,12,https://www.keiba.go.jp/KeibaWeb/TodayRaceInfo/Odds3LenFuku?k_babaCode=20&k_raceDate=2026%2F10%2F06&k_raceNo=9
2026-10-06 18:40:00,18:39,2026-10-06,oi,9,15,三連複,2-9-11,54.5,54.5,13,https://www.keiba.go.jp/KeibaWeb/TodayRaceInfo/Odds3LenFuku?k_babaCode=20&k_raceDate=2026%2F10%2F06&k_raceNo=9
2026-10-06 18:40:00,18:39,2026-10-06,oi,9,15,三連複,2-4-6,54.6,54.6,14,https://www.keiba.go.jp/KeibaWeb/TodayRaceInfo/Odds3LenFuku?k_babaCode=20&k_raceDate=2026%2F10%2F06&k_raceNo=9
2026-10-06 18:40:00,18:39,2026-10-06,oi,9,15,三連複,2-6-11,57.7,57.7,15,https://www.keiba.go.jp/KeibaWeb/TodayRaceInfo/Odds3LenFuku?k_babaCode=20&k_raceDate=2026%2F10%2F06&k_raceNo=9
2026-10-06 18:40:00,18:39,2026-10-06,oi,9,15,三連複,2-4-9,61.3,61.3,16,https://www.keiba.go.jp/KeibaWeb/TodayRaceInfo/Odds3LenFuku?k_babaCode=20&k_raceDate=2026%2F10%2F06&k_raceNo=9
2026-10-06 18:40:00,18:39,2026-10-06,oi,9,15,三連複,2-4-10,65.6,65.6,17,https://www.keiba.go.jp/KeibaWeb/TodayRaceInfo/Odds3LenFuku?k_babaCode=20&k_raceDate=2026%2F10%2F06&k_raceNo=9
2026-10-06 18:40:00,18:39,2026-10-06,oi,9,15,三連複,2-11-12,68.6,68.6,18,https://www.keiba.go.jp/KeibaWeb/TodayRaceInfo/Odds3LenFuku?k_babaCode=20&k_raceDate=2026%2F10%2F06&k_raceNo=9
2026-10-06 18:40:00,18:39,2026-10-06,oi,9,15,三連複,4-8-11,73.7,73.7,19,https://www.keiba.go.jp/KeibaWeb/TodayRaceInfo/Odds3LenFuku?k_babaCode=20&k_raceDate=2026%2F10%2F06&k_raceNo=9
2026-10-06 18:40:00,18:39,2026-10-06,oi,9,15,三連複,2-6-8,74.8,74.8,20,https://www.keiba.go.jp/KeibaWeb/TodayRaceInfo/Odds3LenFuku?k_babaCode=20&k_raceDate=2026%2F10%2F06&k_raceNo=9
2026-10-06 18:40:00,18:39,2026-10-06,oi,9,15,三連複,4-7-11,79.7,79.7,21,https://www.keiba.go.jp/KeibaWeb/TodayRaceInfo/Odds3LenFuku?k_babaCode=20&k_raceDate=2026%2F10%2F06&k_raceNo=9
2026-10-06 18:40:00,18:39,2026-10-06,oi,9,15,三連複,2-3-9,84.6,84.6,22,https://www.keiba.go.jp/KeibaWeb/TodayRaceInfo/Odds3LenFuku?k_babaCode=20&k_raceDate=2026%2F10%2F06&k_raceNo=9
2026-10-06 18:40:00,18:39,2026-10-06,oi,9,15,三連複,2-11-14,85.1,85.1,23,https://www.keiba.go.jp/KeibaWeb/TodayRaceInfo/Odds3LenFuku?k_babaCode=20&k_raceDate=2026%2F10%2F06&k_raceNo=9
2026-10-06 18:40:00,18:39,2026-10-06,oi,9,15,三連複,1-2-4,85.4,85.4,24,https://www.keiba.go.jp/KeibaWeb/TodayRaceInfo/Odds3LenFuku?k_babaCode=20&k_raceDate=2026%2F10%2F06&k_raceNo=9
2026-10-06 18:40:00,18:39,2026-10-06,oi,9,15,三連複,2-4-5,90.2,90.2,25,https://www.keiba.go.jp/KeibaWeb/TodayRaceInfo/Odds3LenFuku?k_babaCode=20&k_raceDate=2026%2F10%2F06&k_raceNo=9
2026-10-06 18:40:00,18:39,2026-10-06,oi,9,15,三連複,2-4-14,92.9,92.9,26,https://www.keiba.go.jp/KeibaWeb/TodayRaceInfo/Odds3LenFuku?k_babaCode=20&k_raceDate=2026%2F10%2F06&k_raceNo=9
2026-10-06 18:40:00,18:39,2026-10-06,oi,9,15,三連複,2-5-11,93.3,93.3,27,https://www.keiba.go.jp/KeibaWeb/TodayRaceInfo/Odds3LenFuku?k_babaCode=20&k_raceDate=2026%2F10%2F06&k_raceNo=9
2026-10-06 18:40:00,18:39,2026-10-06,oi,9,15,三連複,2-3-6,94.0,94.0,28,https://www.keiba.go.jp/KeibaWeb/TodayRaceInfo/Odds3LenFuku?k_babaCode=20&k_raceDate=2026%2F10%2F06&k_raceNo=9
2026-10-06 18:40:00,18:39,2026-10-06,oi,9,15,三連複,2-4-12,96.7,96.7,29,https://www.keiba.go.jp/KeibaWeb/TodayRaceInfo/Odds3LenFuku?k_babaCode=20&k_raceDate=2026%2F10%2F06&k_raceNo=9
2026-10-06 18:40:00,18:39,2026-10-06,oi,9,15,三連複,2-3-10,99.2,99.2,30,https://www.keiba.go.jp/KeibaWeb/TodayRaceInfo/Odds3LenFuku?k_babaCode=20&k_raceDate=2026%2F10%2F06&k_raceNo=9
2026-10-06 18:40:00,18:39,2026-10-06,oi,9,15,三連複,1-2-11,103.5,103.5,31,https://www.keiba.go.jp/KeibaWeb/TodayRaceInfo/Odds3LenFuku?k_babaCode=20&k_raceDate=2026%2F10%2F06&k_raceNo=9
2026-10-06 18:40:00,18:39,2026-10-06,oi,9,15,三連複,2-8-9,103.7,103.7,32,https://www.keiba.go.jp/KeibaWeb/TodayRaceInfo/Odds3LenFuku?k_babaCode=20&k_raceDate=2026%2F10%2F06&k_raceNo=9
2026-10-06 18:40:00,18:39,2026-10-06,oi,9,15,三連複,3-8-11,104.6,104.6,33,https://www.keiba.go.jp/KeibaWeb/TodayRaceInfo/Odds3LenFuku?k_babaCode=20&k_raceDate=2026%2F10%2F06&k_raceNo=9
2026-10-06 18:40:00,18:39,2026-10-06,oi,9,15,三連複,2-8-10,109.2,109.2,34,https://www.keiba.go.jp/KeibaWeb/TodayRaceInfo/Odds3LenFuku?k_babaCode=20&k_raceDate=2026%2F10%2F06&k_raceNo=9
2026-10-06 18:40:00,18:39,2026-10-06,oi,9,15,三連複,1-2-3,117.4,117.4,35,https://www.keiba.go.jp/KeibaWeb/TodayRaceInfo/Odds3LenFuku?k_babaCode=20&k_raceDate=2026%2F10%2F06&k_raceNo=9
2026-10-06 18:40:00,18:39,2026-10-06,oi,9,15,三連複,3-4-8,117.4,117.4,35,https://www.keiba.go.jp/KeibaWeb/TodayRaceInfo/Odds3LenFuku?k_babaCode=20&k_raceDate=2026%2F10%2F06&k_raceNo=9
2026-10-06 18:40:00,18:39,2026-10-06,oi,9,15,三連複,3-4-7,119.7,119.7,37,https://www.keiba.go.jp/KeibaWeb/TodayRaceInfo/Odds3LenFuku?k_babaCode=20&k_raceDate=2026%2F10%2F06&k_raceNo=9
2026-10-06 18:40:00,18:39,2026-10-06,oi,9,15,三連複,3-7-11,127.6,127.6,38,https://www.keiba.go.jp/KeibaWeb/TodayRaceInfo/Odds3LenFuku?k_babaCode=20&k_raceDate=2026%2F10%2F06&k_raceNo=9
2026-10-06 18:40:00,18:39,2026-10-06,oi,9,15,三連複,2-8-14,128.0,128.0,39,https://www.keiba.go.jp/KeibaWeb/TodayRaceInfo/Odds3LenFuku?k_babaCode=20&k_raceDate=2026%2F10%2F06&k_raceNo=9
2026-10-06 18:40:00,18:39,2026-10-06,oi,9,15,三連複,2-8-12,129.0,129.0,40,https://www.keiba.go.jp/KeibaWeb/TodayRaceInfo/Odds3LenFuku?k_babaCode=20&k_raceDate=2026%2F10%2F06&k_raceNo=9
2026-10-06 18:40:00,18:39,2026-10-06,oi,9,15,三連複,2-7-9,131.7,131.7,41,https://www.keiba.go.jp/KeibaWeb/TodayRaceInfo/Odds3LenFuku?k_babaCode=20&k_raceDate=2026%2F10%2F06&k_raceNo=9
2026-10-06 18:40:00,18:39,2026-10-06,oi,9,15,三連複,2-3-5,140.6,140.6,42,https://www.keiba.go.jp/KeibaWeb/TodayRaceInfo/Odds3LenFuku?k_babaCode=20&k_raceDate=2026%2F10%2F06&k_raceNo=9
2026-10-06 18:40:00,18:39,2026-10-06,oi,9,15,三連複,2-3-12,145.9,145.9,43,https://www.keiba.go.jp/KeibaWeb/TodayRaceInfo/Odds3LenFuku?k_babaCode=20&k_raceDate=2026%2F10%2F06&k_raceNo=9
2026-10-06 18:40:00,18:39,2026-10-06,oi,9,15,三連複,2-11-13,146.8,146.8,44,https://www.keiba.go.jp/KeibaWeb/TodayRaceInfo/Odds3LenFuku?k_babaCode=20&k_raceDate=2026%2F10%2F06&k_raceNo=9
2026-10-06 18:40:00,18:39,2026-10-06,oi,9,15,三連複,1-2-8,149.9,149.9,45,https://www.keiba.go.jp/KeibaWeb/TodayRaceInfo/Odds3LenFuku?k_babaCode=20&k_raceDate=2026%2F10%2F06&k_raceNo=9
2026-10-06 18:40:00,18:39,2026-10-06,oi,9,15,三連複,2-3-14,155.5,155.5,46,https://www.keiba.go.jp/KeibaWeb/TodayRaceInfo/Odds3LenFuku?k_babaCode=20&k_raceDate=2026%2F10%2F06&k_raceNo=9
2026-10-06 18:40:00,18:39,2026-10-06,oi,9,15,三連複,2-7-10,155.5,155.5,46,https://www.keiba.go.jp/KeibaWeb/TodayRaceInfo/Odds3LenFuku?k_babaCode=20&k_raceDate=2026%2F10%2F06&k_raceNo=9
2026-10-06 18:40:00,18:39,2026-10-06,oi,9,15,三連複,2-6-7,167.5,167.5,48,https://www.keiba.go.jp/KeibaWeb/TodayRaceInfo/Odds3LenFuku?k_babaCode=20&k_raceDate=2026%2F10%2F06&k_raceNo=9
2026-10-06 18:40:00,18:39,2026-10-06,oi,9,15,三連複,2-5-8,174.5,174.5,49,https://www.keiba.go.jp/KeibaWeb/TodayRaceInfo/Odds3LenFuku?k_babaCode=20&k_raceDate=2026%2F10%2F06&k_raceNo=9
2026-10-06 18:40:00,18:39,2026-10-06,oi,9,15,三連複,7-8-11,183.5,183.5,50,https://www.keiba.go.jp/KeibaWeb/TodayRaceInfo/Odds3LenFuku?k_babaCode=20&k_raceDate=2026%2F10%2F06&k_raceNo=9
2026-10-06 18:40:00,18:39,2026-10-06,oi,9,15,三連複,2-7-14,205.4,205.4,51,https://www.keiba.go.jp/KeibaWeb/TodayRaceInfo/Odds3LenFuku?k_babaCode=20&k_raceDate=2026%2F10%2F06&k_raceNo=9
2026-10-06 18:40:00,18:39,2026-10-06,oi,9,15,三連複,1-2-7,210.6,210.6,52,https://www.keiba.go.jp/KeibaWeb/TodayRaceInfo/Odds3LenFuku?k_babaCode=20&k_raceDate=2026%2F10%2F06&k_raceNo=9
2026-10-06 18:40:00,18:39,2026-10-06,oi,9,15,三連複,2-4-13,216.1,216.1,53,https://www.keiba.go.jp/KeibaWeb/TodayRaceInfo/Odds3LenFuku?k_babaCode=20&k_raceDate=2026%2F10%2F06&k_raceNo=9
2026-10-06 18:40:00,18:39,2026-10-06,oi,9,15,三連複,4-7-8,218.9,218.9,54,https://www.keiba.go.jp/KeibaWeb/TodayRaceInfo/Odds3LenFuku?k_babaCode=20&k_raceDate=2026%2F10%2F06&k_raceNo=9
2026-10-06 18:40:00,18:39,2026-10-06,oi,9,15,三連複,2-7-12,220.9,220.9,55,https://www.keiba.go.jp/KeibaWeb/TodayRaceInfo/Odds3LenFuku?k_babaCode=20&k_raceDate=2026%2F10%2F06&k_raceNo=9
2026-10-06 18:40:00,18:39,2026-10-06,oi,9,15,三連複,1-2-9,225.9,225.9,56,https://www.keiba.go.jp/KeibaWeb/TodayRaceInfo/Odds3LenFuku?k_babaCode=20&k_raceDate=2026%2F10%2F06&k_raceNo=9
2026-10-06 18:40:00,18:39,2026-10-06,oi,9,15,三連複,2-9-10,232.2,232.2,57,https://www.keiba.go.jp/KeibaWeb/TodayRaceInfo/Odds3LenFuku?k_babaCode=20&k_raceDate=2026%2F10%2F06&k_raceNo=9
2026-10-06 18:40:00,18:39,2026-10-06,oi,9,15,三連複,4-6-8,247.1,247.1,58,https://www.keiba.go.jp/KeibaWeb/TodayRaceInfo/Odds3LenFuku?k_babaCode=20&k_raceDate=2026%2F10%2F06&k_raceNo=9
2026-10-06 18:40:00,18:39,2026-10-06,oi,9,15,三連複,2-3-13,252.1,252.1,59,https://www.keiba.go.jp/KeibaWeb/TodayRaceInfo/Odds3LenFuku?k_babaCode=20&k_raceDate=2026%2F10%2F06&k_raceNo=9
2026-10-06 18:40:00,18:39,2026-10-06,oi,9,15,三連複,2-5-7,253.4,253.4,60,https://www.keiba.go.jp/KeibaWeb/TodayRaceInfo/Odds3LenFuku?k_babaCode=20&k_raceDate=2026%2F10%2F06&k_raceNo=9
2026-10-06 18:40:00,18:39,2026-10-06,oi,9,15,三連複,4-9-11,253.4,253.4,60,https://www.keiba.go.jp/KeibaWeb/TodayRaceInfo/Odds3LenFuku?k_babaCode=20&k_raceDate=2026%2F10%2F06&k_raceNo=9
2026-10-06 18:40:00,18:39,2026-10-06,oi,9,15,三連複,3-7-8,271.3,271.3,62,https://www.keiba.go.jp/KeibaWeb/TodayRaceInfo/Odds3LenFuku?k_babaCode=20&k_raceDate=2026%2F10%2F06&k_raceNo=9
2026-10-06 18:40:00,18:39,2026-10-06,oi,9,15,三連複,2-8-13,272.8,272.8,63,https://www.keiba.go.jp/KeibaWeb/TodayRaceInfo/Odds3LenFuku?k_babaCode=20&k_raceDate=2026%2F10%2F06&k_raceNo=9
2026-10-06 18:40:00,18:39,2026-10-06,oi,9,15,三連複,2-5-9,326.3,326.3,64,https://www.keiba.go.jp/KeibaWeb/TodayRaceInfo/Odds3LenFuku?k_babaCode=20&k_raceDate=2026%2F10%2F06&k_raceNo=9
2026-10-06 18:40:00,18:39,2026-10-06,oi,9,15,三連複,2-6-14,335.0,335.0,65,https://www.keiba.go.jp/KeibaWeb/TodayRaceInfo/Odds3LenFuku?k_babaCode=20&k_raceDate=2026%2F10%2F06&k_raceNo=9
2026-10-06 18:40:00,18:39,2026-10-06,oi,9,15,三連複,1-2-6,337.3,337.3,66,https://www.keiba.go.jp/KeibaWeb/TodayRaceInfo/Odds3LenFuku?k_babaCode=20&k_raceDate=2026%2F10%2F06&k_raceNo=9
2026-10-06 18:40:00,18:39,2026-10-06,oi,9,15,三連複,4-6-11,337.3,337.3,66,https://www.keiba.go.jp/KeibaWeb/TodayRaceInfo/Odds3LenFuku?k_babaCode=20&k_raceDate=2026%2F10%2F06&k_raceNo=9
2026-10-06 18:40:00,18:39,2026-10-06,oi,9,15,三連複,1-2-5,356.6,356.6,68,https://www.keiba.go.jp/KeibaWeb/TodayRaceInfo/Odds3LenFuku?k_babaCode=20&k_raceDate=2026%2F10%2F06&k_raceNo=9
2026-10-06 18:40:00,18:39,2026-10-06,oi,9,15,三連複,2-9-12,369.8,369.8,69,https://www.keiba.go.jp/KeibaWeb/TodayRaceInfo/Odds3LenFuku?k_babaCode=20&k_raceDate=2026%2F10%2F06&k_raceNo=9
2026-10-06 18:40:00,18:39,2026-10-06,oi,9,15,三連複,4-10-11,369.8,369.8,69,https://www.keiba.go.jp/KeibaWeb/TodayRaceInfo/Odds3LenFuku?k_babaCode=20&k_raceDate=2026%2F10%2F06&k_raceNo=9
2026-10-06 18:40:00,18:39,2026-10-06,oi,9,15,三連複,2-5-6,375.3,375.3,71,https://www.keiba.go.jp/KeibaWeb/TodayRaceInfo/Odds3LenFuku?k_babaCode=20&k_raceDate=2026%2F10%2F06&k_raceNo=9
2026-10-06 18:40:00,18:39,2026-10-06,oi,9,15,三連複,2-6-10,393.1,393.1,72,https://www.keiba.go.jp/KeibaWeb/TodayRaceInfo/Odds3LenFuku?k_babaCode=20&k_raceDate=2026%2F10%2F06&k_raceNo=9
2026-10-06 18:40:00,18:39,2026-10-06,oi,9,15,三連複,8-10-11,393.1,393.1,72,https://www.keiba.go.jp/KeibaWeb/TodayRaceInfo/Odds3LenFuku?k_babaCode=20&k_raceDate=2026%2F10%2F06&k_raceNo=9
2026-10-06 18:40:00,18:39,2026-10-06,oi,9,15,三連複,2-6-9,402.6,402.6,74,https://www.keiba.go.jp/KeibaWeb/TodayRaceInfo/Odds3LenFuku?k_babaCode=20&k_raceDate=2026%2F10%2F06&k_raceNo=9
2026-10-06 18:40:00,18:39,2026-10-06,oi,9,15,三連複,3-4-9,405.8,405.8,75,https://www.keiba.go.jp/KeibaWeb/TodayRaceInfo/Odds3LenFuku?k_babaCode=20&k_raceDate=2026%2F10%2F06&k_raceNo=9
2026-10-06 18:40:00,18:39,2026-10-06,oi,9,15,三連複,1-4-8,409.2,409.2,76,https://www.keiba.go.jp/KeibaWeb/TodayRaceInfo/Odds3LenFuku?k_babaCode=20&k_raceDate=2026%2F10%2F06&k_raceNo=9
2026-10-06 18:40:00,18:39,2026-10-06,oi,9,15,三連複,4-5-8,409.2,409.2,76,https://www.keiba.go.jp/KeibaWeb/TodayRaceInfo/Odds3LenFuku?k_babaCode=20&k_raceDate=2026%2F10%2F06&k_raceNo=9
2026-10-06 18:40:00,18:39,2026-10-06,oi,9,15,三連複,4-11-12,409.2,409.2,76,https://www.keiba.go.jp/KeibaWeb/TodayRaceInfo/Odds3LenFuku?k_babaCode=20&k_raceDate=2026%2F10%2F06&k_raceNo=9
2026-10-06 18:40:00,18:39,2026-10-06,oi,9,15,三連複,8-11-12,419.5,419.5,79,https://www.keiba.go.jp/KeibaWeb/TodayRaceInfo/Odds3LenFuku?k_babaCode=20&k_raceDate=2026%2F10%2F06&k_raceNo=9
2026-10-06 18:40:00,18:39,2026-10-06,oi,9,15,三連複,8-9-11,423.0,423.0,80,https://www.keiba.go.jp/KeibaWeb/TodayRaceInfo/Odds3LenFuku?k_babaCode=20&k_raceDate=2026%2F10%2F06&k_raceNo=9
2026-10-06 18:40:00,18:39,2026-10-06,oi,9,15,三連複,2-10-12,426.7,426.7,81,https://www.keiba.go.jp/KeibaWeb/TodayRaceInfo/Odds3LenFuku?k_babaCode=20&k_raceDate=2026%2F10%2F06&k_raceNo=9
2026-10-06 18:40:00,18:39,2026-10-06,oi,9,15,三連複,2-6-12,458.0,458.0,82,https://www.keiba.go.jp/KeibaWeb/TodayRaceInfo/Odds3LenFuku?k_babaCode=20&k_raceDate=2026%2F10%2F06&k_raceNo=9
2026-10-06 18:40:00,18:39,2026-10-06,oi,9,15,三連複,4-8-9,462.2,462.2,83,https://www.keiba.go.jp/KeibaWeb/TodayRaceInfo/Odds3LenFuku?k_babaCode=20&k_raceDate=2026%2F10%2F06&k_raceNo=9
2026-10-06 18:40:00,18:39,2026-10-06,oi,9,15,三連複,4-11-14,466.5,466.5,84,https://www.keiba.go.jp/KeibaWeb/TodayRaceInfo/Odds3LenFuku?k_babaCode=20&k_raceDate=2026%2F10%2F06&k_raceNo=9
2026-10-06 18:40:00,18:39,2026-10-06,oi,9,15,三連複,6-8-11,466.5,466.5,84,https://www.keiba.go.jp/KeibaWeb/TodayRaceInfo/Odds3LenFuku?k_babaCode=20&k_raceDate=2026%2F10%2F06&k_raceNo=9
2026-10-06 18:40:00,18:39,2026-10-06,oi,9,15,三連複,2-9-14,489.4,489.4,86,https://www.keiba.go.jp/KeibaWeb/TodayRaceInfo/Odds3LenFuku?k_babaCode=20&k_raceDate=2026%2F10%2F06&k_raceNo=9
2026-10-06 18:40:00,18:39,2026-10-06,oi,9,15,三連複,4-5-11,494.2,494.2,87,https://www.keiba.go.jp/KeibaWeb/TodayRaceInfo/Odds3LenFuku?k_babaCode=20&k_raceDate=2026%2F10%2F06&k_raceNo=9
2026-10-06 18:40:00,18:39,2026-10-06,oi,9,15,三連複,3-4-6,514.6,514.6,88,https://www.keiba.go.jp/KeibaWeb/TodayRaceInfo/Odds3LenFuku?k_babaCode=20&k_raceDate=2026%2F10%2F06&k_raceNo=9
2026-10-06 18:40:00,18:39,2026-10-06,oi,9,15,三連複,3-9-11,520.0,520.0,89,https://www.keiba.go.jp/KeibaWeb/TodayRaceInfo/Odds3LenFuku?k_babaCode=20&k_raceDate=2026%2F10%2F06&k_raceNo=9
2026-10-06 18:40:00,18:39,2026-10-06,oi,9,15,三連複,2-7-13,531.1,531.1,90,https://www.keiba.go.jp/KeibaWeb/TodayRaceInfo/Odds3LenFuku?k_babaCode=20&k_raceDate=2026%2F10%2F06&k_raceNo=9
2026-10-06 18:40:00,18:39,2026-10-06,oi,9,15,三連複,3-10-11,536.8,536.8,91,https://www.keiba.go.jp/KeibaWeb/TodayRaceInfo/Odds3LenFuku?k_babaCode=20&k_raceDate=2026%2F10%2F06&k_raceNo=9
2026-10-06 18:40:00,18:39,2026-10-06,oi,9,15,三連複,1-4-6,542.6,542.6,92,https://www.keiba.go.jp/KeibaWeb/TodayRaceInfo/Odds3LenFuku?k_babaCode=20&k_raceDate=2026%2F10%2F06&k_raceNo=9
2026-10-06 18:40:00,18:39,2026-10-06,oi,9,15,三連複,7-10-11,542.6,542.6,92,https://www.keiba.go.jp/KeibaWeb/TodayRaceInfo/Odds3LenFuku?k_babaCode=20&k_raceDate=2026%2F10%2F06&k_raceNo=9
2026-10-06 18:40:00,18:39,2026-10-06,oi,9,15,三連複,1-4-11,548.6,548.6,94,https://www.keiba.go.jp/KeibaWeb/TodayRaceInfo/Odds3LenFuku?k_babaCode=20&k_raceDate=2026%2F10%2F06&k_raceNo=9
2026-10-06 18:40:00,18:39,2026-10-06,oi,9,15,三連複,3-4-10,554.7,554.7,95,https://www.keiba.go.jp/KeibaWeb/TodayRaceInfo/Odds3LenFuku?k_babaCode=20&k_raceDate=2026%2F10%2F06&k_raceNo=9
2026-10-06 18:40:00,18:39,2026-10-06,oi,9,15,三連複,3-11-12,560.9,560.9,96,https://www.keiba.go.jp/KeibaWeb/TodayRaceInfo/Odds3LenFuku?k_babaCode=20&k_raceDate=2026%2F10%2F06&k_raceNo=9
2026-10-06 18:40:00,18:39,2026-10-06,oi,9,15,三連複,2-5-10,573.8,573.8,97,https://www.keiba.go.jp/KeibaWeb/TodayRaceInfo/Odds3LenFuku?k_babaCode=20&k_raceDate=2026%2F10%2F06&k_raceNo=9
2026-10-06 18:40:00,18:39,2026-10-06,oi,9,15,三連複,2-10-14,573.8,573.8,97,https://www.keiba.go.jp/KeibaWeb/TodayRaceInfo/Odds3LenFuku?k_babaCode=20&k_raceDate=2026%2F10%2F06&k_raceNo=9
2026-10-06 18:40:00,18:39,2026-10-06,oi,9,15,三連複,3-4-5,573.8,573.8,97,https://www.keiba.go.jp/KeibaWeb/TodayRaceInfo/Odds3LenFuku?k_babaCode=20&k_raceDate=2026%2F10%2F06&k_raceNo=9
2026-10-06 18:40:00,18:39,2026-10-06,oi,9,15,三連複,4-5-6,587.3,587.3,100,https://www.keiba.go.jp/KeibaWeb/TodayRaceInfo/Odds3LenFuku?k_babaCode=20&k_raceDate=2026%2F10%2F06&k_raceNo=9
2026-10-06 18:40:00,18:39,2026-10-06,oi,9,15,三連複,3-6-8,594.3,594.3,101,https://www.keiba.go.jp/KeibaWeb/TodayRaceInfo/Odds3LenFuku?k_babaCode=20&k_raceDate=2026%2F10%2F06&k_raceNo=9
2026-10-06 18:40:00,18:39,2026-10-06,oi,9,15,三連複,2-9-13,601.4,601.4,102,https://www.keiba.go.jp/KeibaWeb/TodayRaceInfo/Odds3LenFuku?k_babaCode=20&k_raceDate=2026%2F10%2F06&k_raceNo=9
2026-10-06 18:40:00,18:39,2026-10-06,oi,9,15,三連複,1-2-14,616.3,616.3,103,https://www.keiba.go.jp/KeibaWeb/TodayRaceInfo/Odds3LenFuku?k_babaCode=20&k_raceDate=2026%2F10%2F06&k_raceNo=9
2026-10-06 18:40:00,18:39,2026-10-06,oi,9,15,三連複,7-9-11,616.3,616.3,103,https://www.keiba.go.jp/KeibaWeb/TodayRaceInfo/Odds3LenFuku?k_babaCode=20&k_raceDate=2026%2F10%2F06&k_raceNo=9
2026-10-06 18:40:00,18:39,2026-10-06,oi,9,15,三連複,1-3-4,631.9,631.9,105,https://www.keiba.go.jp/KeibaWeb/TodayRaceInfo/Odds3LenFuku?k_babaCode=20&k_raceDate=2026%2F10%2F06&k_raceNo=9
2026-10-06 18:40:00,18:39,2026-10-06,oi,9,15,三連複,4-8-10,631.9,631.9,105,https://www.keiba.go.jp/KeibaWeb/TodayRaceInfo/Odds3LenFuku?k_babaCode=20&k_raceDate=2026%2F10%2F06&k_raceNo=9
2026-10-06 18:40:00,18:39,2026-10-06,oi,9,15,三連複,3-8-9,640.0,640.0,107,https://www.keiba.go.jp/KeibaWeb/TodayRaceInfo/Odds3LenFuku?k_babaCode=20&k_raceDate=2026%2F10%2F06&k_raceNo=9
2026-10-06 18:40:00,18:39,2026-10-06,oi,9,15,三連複,1-4-5,648.3,648.3,108,https://www.keiba.go.jp/KeibaWeb/TodayRaceInfo/Odds3LenFuku?k_babaCode=20&k_raceDate=2026%2F10%2F06&k_raceNo=9
2026-10-06 18:40:00,18:39,2026-10-06,oi,9,15,三連複,2-12-14,656.8,656.8,109,https://www.keiba.go.jp/KeibaWeb/TodayRaceInfo/Odds3LenFuku?k_babaCode=20&k_raceDate=2026%2F10%2F06&k_raceNo=9
2026-10-06 18:40:00,18:39,2026-10-06,oi,9,15,三連複,3-8-10,656.8,656.8,109,https://www.keiba.go.jp/KeibaWeb/TodayRaceInfo/Odds3LenFuku?k_babaCode=20&k_raceDate=2026%2F10%2F06&k_raceNo=9
2026-10-06 18:40:00,18:39,2026-10-06,oi,9,15,三連複,1-2-10,665.6,665.6,111,https://www.keiba.go.jp/KeibaWeb/TodayRaceInfo/Odds3LenFuku?k_babaCode=20&k_raceDate=2026%2F10%2F06&k_raceNo=9
2026-10-06 18:40:00,18:39,2026-10-06,oi,9,15,三連複,3-4-12,665.6,665.6,111,https://www.keiba.go.jp/KeibaWeb/TodayRaceInfo/Odds3LenFuku?k_babaCode=20&k_raceDate=2026%2F10%2F06&k_raceNo=9
2026-10-06 18:40:00,18:39,2026-10-06,oi,9,15,三連複,3-6-11,674.6,674.6,113,https://www.keiba.go.jp/KeibaWeb/TodayRaceInfo/Odds3LenFuku?k_babaCode=20&k_raceDate=2026%2F10%2F06&k_raceNo=9
2026-10-06 18:40:00,18:39,2026-10-06,oi,9,15,三連複,1-5-8,703.1,703.1,114,https://www.keiba.go.jp/KeibaWeb/TodayRaceInfo/Odds3LenFuku?k_babaCode=20&k_raceDate=2026%2F10%2F06&k_raceNo=9
2026-10-06 18:40:00,18:39,2026-10-06,oi,9,15,三連複,4-8-14,713.2,713.2,115,https://www.keiba.go.jp/KeibaWeb/TodayRaceInfo/Odds3LenFuku?k_babaCode=20&k_raceDate=2026%2F10%2F06&k_raceNo=9
2026-10-06 18:40:00,18:39,2026-10-06,oi,9,15,三連複,2-6-13,745.1,745.1,116,https://www.keiba.go.jp/KeibaWeb/TodayRaceInfo/Odds3LenFuku?k_babaCode=20&k_raceDate=2026%2F10%2F06&k_raceNo=9
2026-10-06 18:40:00,18:39,2026-10-06,oi,9,15,三連複,2-13-14,745.1,745.1,116,https://www.keiba.go.jp/KeibaWeb/TodayRaceInfo/Odds3LenFuku?k_babaCode=20&k_raceDate=2026%2F10%2F06&k_raceNo=9
2026-10-06 18:40:00,18:39,2026-10-06,oi,9,15,三連複,3-4-14,745.1,745.1,116,https://www.keiba.go.jp/KeibaWeb/TodayRaceInfo/Odds3LenFuku?k_babaCode=20&k_raceDate=2026%2F10%2F06&k_raceNo=9
2026-10-06 18:40:00,18:39,2026-10-06,oi,9,15,三連複,4-7-9,745.1,745.1,116,https://www.keiba.go.jp/KeibaWeb/TodayRaceInfo/Odds3LenFuku?k_babaCode=20&k_raceDate=2026%2F10%2F06&k_raceNo=9
2026-10-06 18:40:00,18:39,2026-10-06,oi,9,15,三連複,7-11-12,745.1,745.1,116,https://www.keiba.go.jp/KeibaWeb/TodayRaceInfo/Odds3LenFuku?k_babaCode=20&k_raceDate=2026%2F10%2F06&k_raceNo=9
2026-10-06 18:40:00,18:39,2026-10-06,oi,9,15,三連複,8-11-14,756.4,756.4,121,https://www.keiba.go.jp/KeibaWeb/TodayRaceInfo/Odds3LenFuku?k_babaCode=20&k_raceDate=2026%2F10%2F06&k_raceNo=9
2026-10-06 18:40:00,18:39,2026-10-06,oi,9,15,三連複,1-2-12,780.0,780.0,122,https://www.keiba.go.jp/KeibaWeb/TodayRaceInfo/Odds3LenFuku?k_babaCode=20&k_raceDate=2026%2F10%2F06&k_raceNo=9
2026-10-06 18:40:00,18:39,2026-10-06,oi,9,15,三連複,4-8-12,792.4,792.4,123,https://www.keiba.go.jp/KeibaWeb/TodayRaceInfo/Odds3LenFuku?k_babaCode=20&k_raceDate=2026%2F10%2F06&k_raceNo=9
2026-10-06 18:40:00,18:39,2026-10-06,oi,9,15,三連複,5-8-11,792.4,792.4,123,https://www.keiba.go.jp/KeibaWeb/TodayRaceInfo/Odds3LenFuku?k_babaCode=20&k_raceDate=2026%2F10%2F06&k_raceNo=9
2026-10-06 18:40:00,18:39,2026-10-06,oi,9,15,三連複,2-5-12,805.2,805.2,125,https://www.keiba.go.jp/KeibaWeb/TodayRaceInfo/Odds3LenFuku?k_babaCode=20&k_raceDate=2026%2F10%2F06&k_raceNo=9
2026-10-06 18:40:00,18:39,2026-10-06,oi,9,15,三連複,1-8-11,818.4,818.4,126,https://www.keiba.go.jp/KeibaWeb/TodayRaceInfo/Odds3LenFuku?k_babaCode=20&k_raceDate=2026%2F10%2F06&k_raceNo=9
2026-10-06 18:40:00,18:39,2026-10-06,oi,9,15,三連複,3-11-14,832.0,832.0,127,https://www.keiba.go.jp/KeibaWeb/TodayRaceInfo/Odds3LenFuku?k_babaCode=20&k_raceDate=2026%2F10%2F06&k_raceNo=9
2026-10-06 18:40:00,18:39,2026-10-06,oi,9,15,三連複,3-7-9,846.1,846.1,128,https://www.keiba.go.jp/KeibaWeb/TodayRaceInfo/Odds3LenFuku?k_babaCode=20&k_raceDate=2026%2F10%2F06&k_raceNo=9
2026-10-06 18:40:00,18:39,2026-10-06,oi,9,15,三連複,7-8-10,846.1,846.1,128,https://www.keiba.go.jp/KeibaWeb/TodayRaceInfo/Odds3LenFuku?k_babaCode=20&k_raceDate=2026%2F10%2F06&k_raceNo=9
2026-10-06 18:40:00,18:39,2026-10-06,oi,9,15,三連複,1-3-11,860.7,860.7,130,https://www.keiba.go.jp/KeibaWeb/TodayRaceInfo/Odds3LenFuku?k_babaCode=20&k_raceDate=2026%2F10%2F06&k_raceNo=9
2026-10-06 18:40:00,18:39,2026-10-06,oi,9,15,三連複,2-10-13,891.5,891.5,131,https://www.keiba.go.jp/KeibaWeb/TodayRaceInfo/Odds3LenFuku?k_babaCode=20&k_raceDate=2026%2F10%2F06&k_raceNo=9
2026-10-06 18:40:00,18:39,2026-10-06,oi,9,15,三連複,1-3-9,907.7,907.7,132,https://www.keiba.go.jp/KeibaWeb/TodayRaceInfo/Odds3LenFuku?k_babaCode=20&k_raceDate=2026%2F10%2F06&k_raceNo=9
2026-10-06 18:40:00,18:39,2026-10-06,oi,9,15,三連複,1-4-7,924.5,924.5,133,https://www.keiba.go.jp/KeibaWeb/TodayRaceInfo/Odds3LenFuku?k_babaCode=20&k_raceDate=2026%2F10%2F06&k_raceNo=9
2026-10-06 18:40:00,18:39,2026-10-06,oi,9,15,三連複,2-5-14,924.5,924.5,133,https://www.keiba.go.jp/KeibaWeb/TodayRaceInfo/Odds3LenFuku?k_babaCode=20&k_raceDate=2026%2F10%2F06&k_raceNo=9
2026-10-06 18:40:00,18:39,2026-10-06,oi,9,15,三連複,6-7-11,924.5,924.5,133,https://www.keiba.go.jp/KeibaWeb/TodayRaceInfo/Odds3LenFuku?k_babaCode=20&k_raceDate=2026%2F10%2F06&k_raceNo=9
2026-10-06 18:40:00,18:39,2026-10-06,oi,9,15,三連複,3-8-12,941.9,941.9,136,https://www.keiba.go.jp/KeibaWeb/TodayRaceInfo/Odds3LenFuku?k_babaCode=20&k_raceDate=2026%2F10%2F06&k_raceNo=9
2026-10-06 18:40:00,18:39,2026-10-06,oi,9,15,三連複,7-8-9,941.9,941.9,136,https://www.keiba.go.jp/KeibaWeb/TodayRaceInfo/Odds3LenFuku?k_babaCode=20&k_raceDate=2026%2F10%2F06&k_raceNo=9
2026-10-06 18:40:00,18:39,2026-10-06,oi,9,15,三連複,3-5-11,998.4,998.4,138,https://www.keiba.go.jp/KeibaWeb/TodayRaceInfo/Odds3LenFuku?k_babaCode=20&k_raceDate=2026%2F10%2F06&k_raceNo=9
2026-10-06 18:40:00,18:39,2026-10-06,oi,9,15,三連複,7-11-14,998.4,998.4,138,https://www.keiba.go.jp/KeibaWeb/TodayRaceInfo/Odds3LenFuku?k_babaCode=20&k_raceDate=2026%2F10%2F06&k_raceNo=9
2026-10-06 18:40:00,18:39,2026-10-06,oi,9,15,三連複,3-7-10,1018.8,1018.8,140,https://www.keiba.go.jp/KeibaWeb/TodayRaceInfo/Odds3LenFuku?k_babaCode=20&k_raceDate=2026%2F10%2F06&k_raceNo=9
2026-10-06 18:40:00,18:39,2026-10-06,oi,9,15,三連複,3-5-8,1040.0,1040.0,141,https://www.keiba.go.jp/KeibaWeb/TodayRaceInfo/Odds3LenFuku?k_babaCode=20&k_raceDate=2026%2F10%2F06&k_raceNo=9
2026-10-06 18:40:00,18:39,2026-10-06,oi,9,15,三連複,6-8-14,1062.2,1062.2,142,https://www.keiba.go.jp/KeibaWeb/TodayRaceInfo/Odds3LenFuku?k_babaCode=20&k_raceDate=2026%2F10%2F06&k_raceNo=9
2026-10-06 18:40:00,18:39,2026-10-06,oi,9,15,三連複,9-10-11,1062.2,1062.2,142,https://www.keiba.go.jp/KeibaWeb/TodayRaceInfo/Odds3LenFuku?k_babaCode=20&k_raceDate=2026%2F10%2F06&k_raceNo=9
2026-10-06 18:40:00,18:39,2026-10-06,oi,9,15,三連複,8-9-10,1085.3,1085.3,144,https://www.keiba.go.jp/KeibaWeb/TodayRaceInfo/Odds3LenFuku?k_babaCode=20&k_raceDate=2026%2F10%2F06&k_raceNo=9
2026-10-06 18:40:00,18:39,2026-10-06,oi,9,15,三連複,1-6-8,1109.4,1109.4,145,https://www.keiba.go.jp/KeibaWeb/TodayRaceInfo/Odds3LenFuku?k_babaCode=20&k_raceDate=2026%2F10%2F06&k_raceNo=9
2026-10-06 18:40:00,18:39,2026-10-06,oi,9,15,三連複,1-7-11,1109.4,1109.4,145,https://www.keiba.go.jp/KeibaWeb/TodayRaceInfo/Odds3LenFuku?k_babaCode=20&k_raceDate=2026%2F10%2F06&k_raceNo=9
2026-10-06 18:40:00,18:39,2026-10-06,oi,9,15,三連複,10-11-12,1109.4,1109.4,145,https://www.keiba.go.jp/KeibaWeb/TodayRaceInfo/Odds3LenFuku?k_babaCode=20&k_raceDate=2026%2F10%2F06&k_raceNo=9
2026-10-06 18:40:00,18:39,2026-10-06,oi,9,15,三連複,1-3-8,1134.6,1134.6,148,https://www.keiba.go.jp/KeibaWeb/TodayRaceInfo/Odds3LenFuku?k_babaCode=20&k_raceDate=2026%2F10%2F06&k_raceNo=9
2026-10-06 18:40:00,18:39,2026-10-06,oi,9,15,三連複,5-6-8,1134.6,1134.6,148,https://www.keiba.go.jp/KeibaWeb/TodayRaceInfo/Odds3LenFuku?k_babaCode=20&k_raceDate=2026%2F10%2F06&k_raceNo=9
2026-10-06 18:40:00,18:39,2026-10-06,oi,9,15,三連複,2-12-13,1161.0,1161.0,150,https://www.keiba.go.jp/KeibaWeb/TodayRaceInfo/Odds3LenFuku?k_babaCode=20&k_raceDate=2026%2F10%2F06&k_raceNo=9
2026-10-06 18:40:00,18:39,2026-10-06,oi,9,15,三連複,1-2-13,1188.6,1188.6,151,https://www.keiba.go.jp/KeibaWeb/TodayRaceInfo/Odds3LenFuku?k_babaCode=20&k_raceDate=2026%2F10%2F06&k_raceNo=9
2026-10-06 18:40:00,18:39,2026-10-06,oi,9,15,三連複,1-3-5,1188.6,1188.6,151,https://www.keiba.go.jp/KeibaWeb/TodayRaceInfo/Odds3LenFuku?k_babaCode=20&k_raceDate=2026%2F10%2F06&k_raceNo=9
2026-10-06 18:40:00,18:39,2026-10-06,oi,9,15,三連複,4-7-10,1188.6,1188.6,151,https://www.keiba.go.jp/KeibaWeb/TodayRaceInfo/Odds3LenFuku?k_babaCode=20&k_raceDate=2026%2F10%2F06&k_raceNo=9
2026-10-06 18:40:00,18:39,2026-10-06,oi,9,15,三連複,4-9-10,1188.6,1188.6,151,https://www.keiba.go.jp/KeibaWeb/TodayRaceInfo/Odds3LenFuku?k_babaCode=20&k_raceDate=2026%2F10%2F06&k_raceNo=9
2026-10-06 18:40:00,18:39,2026-10-06,oi,9,15,三連複,4-6-7,1217.6,1217.6,155,https://www.keiba.go.jp/KeibaWeb/TodayRaceInfo/Odds3LenFuku?k_babaCode=20&k_raceDate=2026%2F10%2F06&k_raceNo=9
2026-10-06 18:40:00,18:39,2026-10-06,oi,9,15,三連複,6-7-8,1248.1,1248.1,156,https://www.keiba.go.jp/KeibaWeb/TodayRaceInfo/Odds3LenFuku?k_babaCode=20&k_raceDate=2026%2F10%2F06&k_raceNo=9
2026-10-06 18:40:00,18:39,2026-10-06,oi,9,15,三連複,4-6-14,1280.1,1280.1,157,https://www.keiba.go.jp/KeibaWeb/TodayRaceInfo/Odds3LenFuku?k_babaCode=20&k_raceDate=2026%2F10%2F06&k_raceNo=9
2026-10-06 18:40:00,18:39,2026-10-06,oi,9,15,三連複,4-7-14,1280.1,1280.1,157,https://www.keiba.go.jp/KeibaWeb/TodayRaceInfo/Odds3LenFuku?k_babaCode=20&k_raceDate=2026%2F10%2F06&k_raceNo=9
2026-10-06 18:40:00,18:39,2026-10-06,oi,9,15,三連複,4-6-9,1313.7,1313.7,159,https://www.keiba.go.jp/KeibaWeb/TodayRaceInfo/Odds3LenFuku?k_babaCode=20&k_raceDate=2026%2F10%2F06&k_raceNo=9
2026-10-06 18:40:00,18:39,2026-10-06,oi,9,15,三連複,4-7-12,1313.7,1313.7,159,https://www.keiba.go.jp/KeibaWeb/TodayRaceInfo/Odds3LenFuku?k_babaCode=20&k_raceDate=2026%2F10%2F06&k_raceNo=9
2026-10-06 18:40:00,18:39,2026-10-06,oi,9,15,三連複,4-11-13,1313.7,1313.7,159,https://www.keiba.go.jp/KeibaWeb/TodayRaceInfo/Odds3LenFuku?k_babaCode=20&k_raceDate=2026%2F10%2F06&k_raceNo=9
2026-10-06 18:40:00,18:39,2026-10-06,oi,9,15,三連複,8-11-13,1313.7,1313.7,159,https://www.keiba.go.jp/KeibaWeb/TodayRaceInfo/Odds3LenFuku?k_babaCode=20&k_raceDate=2026%2F10%2F06&k_raceNo=9
2026-10-06 18:40:00,18:39,2026-10-06,oi,9,15,三連複,1-3-7,1349.3,1349.3,163,https://www.keiba.go.jp/KeibaWeb/TodayRaceInfo/Odds3LenFuku?k_babaCode=20&k_raceDate=2026%2F10%2F06&k_raceNo=9
2026-10-06 18:40:00,18:39,2026-10-06,oi,9,15,三連複,4-5-7,1349.3,1349.3,163,https://www.keiba.go.jp/KeibaWeb/TodayRaceInfo/Odds3LenFuku?k_babaCode=20&k_raceDate=2026%2F10%2F06&k_raceNo=9
2026-10-06 18:40:00,18:39,2026-10-06,oi,9,15,三連複,4-5-9,1349.3,1349.3,163,https://www.keiba.go.jp/KeibaWeb/TodayRaceInfo/Odds3LenFuku?k_babaCode=20&k_raceDate=2026%2F10%2F06&k_raceNo=9
2026-10-06 18:40:00,18:39,2026-10-06,oi,9,15,三連複,1-5-9,1386.7,1386.7,166,https://www.keiba.go.jp/KeibaWeb/TodayRaceInfo/Odds3LenFuku?k_babaCode=20&k_raceDate=2026%2F10%2F06&k_raceNo=9
2026-10-06 18:40:00,18:39,2026-10-06,oi,9,15,三連複,1-7-8,1386.7,1386.7,166,https://www.keiba.go.jp/KeibaWeb/TodayRaceInfo/Odds3LenFuku?k_babaCode=20&k_raceDate=2026%2F10%2F06&k_raceNo=9
2026-10-06 18:40:00,18:39,2026-10-06,oi,9,15,三連複,2-5-13,1426.4,1426.4,168,https://www.keiba.go.jp/KeibaWeb/TodayRaceInfo/Odds3LenFuku?k_babaCode=20&k_raceDate=2026%2F10%2F06&k_raceNo=9
2026-10-06 18:40:00,18:39,2026-10-06,oi,9,15,三連複,3-11-13,1426.4,1426.4,168,https://www.keiba.go.jp/KeibaWeb/TodayRaceInfo/Odds3LenFuku?k_babaCode=20&k_raceDate=2026%2F10%2F06&k_raceNo=9
2026-10-06 18:40:00,18:39,2026-10-06,oi,9,15,三連複,3-5-9,1468.3,1468.3,170,https://www.keiba.go.jp/KeibaWeb/TodayRaceInfo/Odds3LenFuku?k_babaCode=20&k_raceDate=2026%2F10%2F06&k_raceNo=9
2026-10-06 18:40:00,18:39,2026-10-06,oi,9,15,三連複,4-6-10,1468.3,1468.3,170,https://www.keiba.go.jp/KeibaWeb/TodayRaceInfo/Odds3LenFuku?k_babaCode=20&k_raceDate=2026%2F10%2F06&k_raceNo=9
2026-10-06 18:40:00,18:39,2026-10-06,oi,9,15,三連複,9-11-12,1468.3,1468.3,170,https://www.keiba.go.jp/KeibaWeb/TodayRaceInfo/Odds3LenFuku?k_babaCode=20&k_raceDate=2026%2F10%2F06&k_raceNo=9
2026-10-06 18:40:00,18:39,2026-10-06,oi,9,15,三連複,1-6-11,1512.8,1512.8,173,https://www.keiba.go.jp/KeibaWeb/TodayRaceInfo/Odds3LenFuku?k_babaCode=20&k_raceDate=2026%2F10%2F06&k_raceNo=9
2026-10-06 18:40:00,18:39,2026-10-06,oi,9,15,三連複,1-8-9,1512.8,1512.8,173,https://www.keiba.go.jp/KeibaWeb/TodayRaceInfo/Odds3LenFuku?k_babaCode=20&k_raceDate=2026%2F10%2F06&k_raceNo=9
2026-10-06 18:40:00,18:39,2026-10-06,oi,9,15,三連複,3-4-13,1512.8,1512.8,173,https://www.keiba.go.jp/KeibaWeb/TodayRaceInfo/Odds3LenFuku?k_babaCode=20&k_raceDate=2026%2F10%2F06&k_raceNo=9
2026-10-06 18:40:00,18:39,2026-10-06,oi,9,15,三連複,6-8-12,1512.8,1512.8,173,https://www.keiba.go.jp/KeibaWeb/TodayRaceInfo/Odds3LenFuku?k_babaCode=20&k_raceDate=2026%2F10%2F06&k_raceNo=9
2026-10-06 18:40:00,18:39,2026-10-06,oi,9,15,三連複,8-10-12,1512.8,1512.8,173,https://www.keiba.go.jp/KeibaWeb/TodayRaceInfo/Odds3LenFuku?k_babaCode=20&k_raceDate=2026%2F10%2F06&k_raceNo=9
2026-10-06 18:40:00,18:39,2026-10-06,oi,9,15,三連複,1-5-11,1610.4,1610.4,178,https://www.keiba.go.jp/KeibaWeb/TodayRaceInfo/Odds3LenFuku?k_babaCode=20&k_raceDate=2026%2F10%2F06&k_raceNo=9
2026-10-06 18:40:00,18:39,2026-10-06,oi,9,15,三連複,3-6-9,1610.4,1610.4,178,https://www.keiba.go.jp/KeibaWeb/TodayRaceInfo/Odds3LenFuku?k_babaCode=20&k_raceDate=2026%2F10%2F06&k_raceNo=9
2026-10-06 18:40:00,18:39,2026-10-06,oi,9,15,三連複,5-7-11,1610.4,1610.4,178,https://www.keiba.go.jp/KeibaWeb/TodayRaceInfo/Odds3LenFuku?k_babaCode=20&k_raceDate=2026%2F10%2F06&k_raceNo=9
2026-10-06 18:40:00,18:39,2026-10-06,oi,9,15,三連複,3-6-7,1664.1,1664.1,181,https://www.keiba.go.jp/KeibaWeb/TodayRaceInfo/Odds3LenFuku?k_babaCode=20&k_raceDate=2026%2F10%2F06&k_raceNo=9
2026-10-06 18:40:00,18:39,2026-10-06,oi,9,15,三連複,4-10-13,1664.1,1664.1,181,https://www.keiba.go.jp/KeibaWeb/TodayRaceInfo/Odds3LenFuku?k_babaCode=20&k_raceDate=2026%2F10%2F06&k_raceNo=9
2026-10-06 18:40:00,18:39,2026-10-06,oi,9,15,三連複,4-8-13,1721.5,1721.5,183,https://www.keiba.go.jp/KeibaWeb/TodayRaceInfo/Odds3LenFuku?k_babaCode=20&k_raceDate=2026%2F10%2F06&k_raceNo=9
2026-10-06 18:40:00,18:39,2026-10-06,oi,9,15,三連複,3-9-12,1783.0,1783.0,184,https://www.keiba.go.jp/KeibaWeb/TodayRaceInfo/Odds3LenFuku?k_babaCode=20&k_raceDate=2026%2F10%2F06&k_raceNo=9
2026-10-06 18:40:00,18:39,2026-10-06,oi,9,15,三連複,5-8-12,1783.0,1783.0,184,https://www.keiba.go.jp/KeibaWeb/TodayRaceInfo/Odds3LenFuku?k_babaCode=20&k_raceDate=2026%2F10%2F06&k_raceNo=9
2026-10-06 18:40:00,18:39,2026-10-06,oi,9,15,三連複,6-8-9,1783.0,1783.0,184,https://www.keiba.go.jp/KeibaWeb/TodayRaceInfo/Odds3LenFuku?k_babaCode=20&k_raceDate=2026%2F10%2F06&k_raceNo=9
2026-10-06 18:40:00,18:39,2026-10-06,oi,9,15,三連複,6-8-10,1783.0,1783.0,184,https://www.keiba.go.jp/KeibaWeb/TodayRaceInfo/Odds3LenFuku?k_babaCode=20&k_raceDate=2026%2F10%2F06&k_raceNo=9
2026-10-06 18:40:00,18:39,2026-10-06,oi,9,15,三連複,7-8-12,1783.0,1783.0,184,https://www.keiba.go.jp/KeibaWeb/TodayRaceInfo/Odds3LenFuku?k_babaCode=20&k_raceDate=2026%2F10%2F06&k_raceNo=9
2026-10-06 18:40:00,18:39,2026-10-06,oi,9,15,三連複,1-6-9,1849.0,1849.0,189,https://www.keiba.go.jp/KeibaWeb/TodayRaceInfo/Odds3LenFuku?k_babaCode=20&k_raceDate=2026%2F10%2F06&k_raceNo=9
2026-10-06 18:40:00,18:39,2026-10-06,oi,9,15,三連複,1-13-14,1849.0,1849.0,189,https://www.keiba.go.jp/KeibaWeb/TodayRaceInfo/Odds3LenFuku?k_babaCode=20&k_raceDate=2026%2F10%2F06&k_raceNo=9
2026-10-06 18:40:00,18:39,2026-10-06,oi,9,15,三連複,3-5-7,1849.0,1849.0,189,https://www.keiba.go.jp/KeibaWeb/TodayRaceInfo/Odds3LenFuku?k_babaCode=20&k_raceDate=2026%2F10%2F06&k_raceNo=9
2026-10-06 18:40:00,18:39,2026-10-06,oi,9,15,三連複,3-8-14,1849.0,1849.0,189,https://www.keiba.go.jp/KeibaWeb/TodayRaceInfo/Odds3LenFuku?k_babaCode=20&k_raceDate=2026%2F10%2F06&k_raceNo=9
2026-10-06 18:40:00,18:39,2026-10-06,oi,9,15,三連複,3-9-10,1849.0,1849.0,189,https://www.keiba.go.jp/KeibaWeb/TodayRaceInfo/Odds3LenFuku?k_babaCode=20&k_raceDate=2026%2F10%2F06&k_raceNo=9
2026-10-06 18:40:00,18:39,2026-10-06,oi,9,15,三連複,7-11-13,1849.0,1849.0,189,https://www.keiba.go.jp/KeibaWeb/TodayRaceInfo/Odds3LenFuku?k_babaCode=20&k_raceDate=2026%2F10%2F06&k_raceNo=9
2026-10-06 18:40:00,18:39,2026-10-06,oi,9,15,三連複,8-9-12,1849.0,1849.0,189,https://www.keiba.go.jp/KeibaWeb/TodayRaceInfo/Odds3LenFuku?k_babaCode=20&k_raceDate=2026%2F10%2F06&k_raceNo=9
2026-10-06 18:40:00,18:39,2026-10-06,oi,9,15,三連複,6-10-11,1920.1,1920.1,196,https://www.keiba.go.jp/KeibaWeb/TodayRaceInfo/Odds3LenFuku?k_babaCode=20&k_raceDate=2026%2F10%2F06&k_raceNo=9
2026-10-06 18:40:00,18:39,2026-10-06,oi,9,15,三連複,7-8-14,1920.1,1920.1,196,https://www.keiba.go.jp/KeibaWeb/TodayRaceInfo/Odds3LenFuku?k_babaCode=20&k_raceDate=2026%2F10%2F06&k_raceNo=9
2026-10-06 18:40:00,18:39,2026-10-06,oi,9,15,三連複,7-9-10,1920.1,1920.1,196,https://www.keiba.go.jp/KeibaWeb/TodayRaceInfo/Odds3LenFuku?k_babaCode=20&k_raceDate=2026%2F10%2F06&k_raceNo=9
2026-10-06 18:40:00,18:39,2026-10-06,oi,9,15,三連複,1-9-11,1996.9,1996.9,199,https://www.keiba.go.jp/KeibaWeb/TodayRaceInfo/Odds3LenFuku?k_babaCode=20&k_raceDate=2026%2F10%2F06&k_raceNo=9
2026-10-06 18:40:00,18:39,2026-10-06,oi,9,15,三連複,5-6-7,1996.9,1996.9,199,https://www.keiba.go.jp/KeibaWeb/TodayRaceInfo/Odds3LenFuku?k_babaCode=20&k_raceDate=2026%2F10%2F06&k_raceNo=9
2026-10-06 18:40:00,18:39,2026-10-06,oi,9,15,三連複,1-3-6,2080.1,2080.1,201,https://www.keiba.go.jp/KeibaWeb/TodayRaceInfo/Odds3LenFuku?k_babaCode=20&k_raceDate=2026%2F10%2F06&k_raceNo=9
2026-10-06 18:40:00,18:39,2026-10-06,oi,9,15,三連複,11-12-14,2080.1,2080.1,201,https://www.keiba.go.jp/KeibaWeb/TodayRaceInfo/Odds3LenFuku?k_babaCode=20&k_raceDate=2026%2F10%2F06&k_raceNo=9
2026-10-06 18:40:00,18:39,2026-10-06,oi,9,15,三連複,1-4-9,2170.6,2170.6,203,https://www.keiba.go.jp/KeibaWeb/TodayRaceInfo/Odds3LenFuku?k_babaCode=20&k_raceDate=2026%2F10%2F06&k_raceNo=9
2026-10-06 18:40:00,18:39,2026-10-06,oi,9,15,三連複,1-8-12,2170.6,2170.6,203,https://www.keiba.go.jp/KeibaWeb/TodayRaceInfo/Odds3LenFuku?k_babaCode=20&k_raceDate=2026%2F10%2F06&k_raceNo=9
2026-10-06 18:40:00,18:39,2026-10-06,oi,9,15,三連複,1-11-12,2170.6,2170.6,203,https://www.keiba.go.jp/KeibaWeb/TodayRaceInfo/Odds3LenFuku?k_babaCode=20&k_raceDate=2026%2F10%2F06&k_raceNo=9
2026-10-06 18:40:00,18:39,2026-10-06,oi,9,15,三連複,3-5-10,2170.6,2170.6,203,https://www.keiba.go.jp/KeibaWeb/TodayRaceInfo/Odds3LenFuku?k_babaCode=20&k_raceDate=2026%2F10%2F06&k_raceNo=9
2026-10-06 18:40:00,18:39,2026-10-06,oi,9,15,三連複,3-8-13,2170.6,2170.6,203,https://www.keiba.go.jp/KeibaWeb/TodayRaceInfo/Odds3LenFuku?k_babaCode=20&k_raceDate=2026%2F10%2F06&k_raceNo=9
2026-10-06 18:40:00,18:39,2026-10-06,oi,9,15,三連複,5-6-11,2170.6,2170.6,203,https://www.keiba.go.jp/KeibaWeb/TodayRaceInfo/Odds3LenFuku?k_babaCode=20&k_raceDate=2026%2F10%2F06&k_raceNo=9
2026-10-06 18:40:00,18:39,2026-10-06,oi,9,15,三連複,5-7-8,2170.6,2170.6,203,https://www.keiba.go.jp/KeibaWeb/TodayRaceInfo/Odds3LenFuku?k_babaCode=20&k_raceDate=2026%2F10%2F06&k_raceNo=9
2026-10-06 18:40:00,18:39,2026-10-06,oi,9,15,三連複,5-9-11,2170.6,2170.6,203,https://www.keiba.go.jp/KeibaWeb/TodayRaceInfo/Odds3LenFuku?k_babaCode=20&k_raceDate=2026%2F10%2F06&k_raceNo=9
2026-10-06 18:40:00,18:39,2026-10-06,oi,9,15,三連複,6-9-11,2170.6,2170.6,203,https://www.keiba.go.jp/KeibaWeb/TodayRaceInfo/Odds3LenFuku?k_babaCode=20&k_raceDate=2026%2F10%2F06&k_raceNo=9
2026-10-06 18:40:00,18:39,2026-10-06,oi,9,15,三連複,6-11-12,2170.6,2170.6,203,https://www.keiba.go.jp/KeibaWeb/TodayRaceInfo/Odds3LenFuku?k_babaCode=20&k_raceDate=2026%2F10%2F06&k_raceNo=9
2026-10-06 18:40:00,18:39,2026-10-06,oi,9,15,三連複,1-4-14,2269.2,2269.2,213,https://www.keiba.go.jp/KeibaWeb/TodayRaceInfo/Odds3LenFuku?k_babaCode=20&k_raceDate=2026%2F10%2F06&k_raceNo=9
2026-10-06 18:40:00,18:39,2026-10-06,oi,9,15,三連複,1-10-11,2269.2,2269.2,213,https://www.keiba.go.jp/KeibaWeb/TodayRaceInfo/Odds3LenFuku?k_babaCode=20&k_raceDate=2026%2F10%2F06&k_raceNo=9
2026-10-06 18:40:00,18:39,2026-10-06,oi,9,15,三連複,4-6-12,2269.2,2269.2,213,https://www.keiba.go.jp/KeibaWeb/TodayRaceInfo/Odds3LenFuku?k_babaCode=20&k_raceDate=2026%2F10%2F06&k_raceNo=9
2026-10-06 18:40:00,18:39,2026-10-06,oi,9,15,三連複,6-11-14,2269.2,2269.2,213,https://www.keiba.go.jp/KeibaWeb/TodayRaceInfo/Odds3LenFuku?k_babaCode=20&k_raceDate=2026%2F10%2F06&k_raceNo=9
2026-10-06 18:40:00,18:39,2026-10-06,oi,9,15,三連複,4-9-12,2377.3,2377.3,217,https://www.keiba.go.jp/KeibaWeb/TodayRaceInfo/Odds3LenFuku?k_babaCode=20&k_raceDate=2026%2F10%2F06&k_raceNo=9
2026-10-06 18:40:00,18:39,2026-10-06,oi,9,15,三連複,5-11-12,2377.3,2377.3,217,https://www.keiba.go.jp/KeibaWeb/TodayRaceInfo/Odds3LenFuku?k_babaCode=20&k_raceDate=2026%2F10%2F06&k_raceNo=9
2026-10-06 18:40:00,18:39,2026-10-06,oi,9,15,三連複,6-7-12,2377.3,2377.3,217,https://www.keiba.go.jp/KeibaWeb/TodayRaceInfo/Odds3LenFuku?k_babaCode=20&k_raceDate=2026%2F10%2F06&k_raceNo=9
2026-10-06 18:40:00,18:39,2026-10-06,oi,9,15,三連複,9-11-14,2377.3,2377.3,217,https://www.keiba.go.jp/KeibaWeb/TodayRaceInfo/Odds3LenFuku?k_babaCode=20&k_raceDate=2026%2F10%2F06&k_raceNo=9
2026-10-06 18:40:00,18:39,2026-10-06,oi,9,15,三連複,1-5-6,2496.2,2496.2,221,https://www.keiba.go.jp/KeibaWeb/TodayRaceInfo/Odds3LenFuku?k_babaCode=20&k_raceDate=2026%2F10%2F06&k_raceNo=9
2026-10-06 18:40:00,18:39,2026-10-06,oi,9,15,三連複,1-11-14,2496.2,2496.2,221,https://www.keiba.go.jp/KeibaWeb/TodayRaceInfo/Odds3LenFuku?k_babaCode=20&k_raceDate=2026%2F10%2F06&k_raceNo=9
2026-10-06 18:40:00,18:39,2026-10-06,oi,9,15,三連複,3-7-14,2496.2,2496.2,221,https://www.keiba.go.jp/KeibaWeb/TodayRaceInfo/Odds3LenFuku?k_babaCode=20&k_raceDate=2026%2F10%2F06&k_raceNo=9
2026-10-06 18:40:00,18:39,2026-10-06,oi,9,15,三連複,4-9-14,2496.2,2496.2,221,https://www.keiba.go.jp/KeibaWeb/TodayRaceInfo/Odds3LenFuku?k_babaCode=20&k_raceDate=2026%2F10%2F06&k_raceNo=9
2026-10-06 18:40:00,18:39,2026-10-06,oi,9,15,三連複,4-10-14,2496.2,2496.2,221,https://www.keiba.go.jp/KeibaWeb/TodayRaceInfo/Odds3LenFuku?k_babaCode=20&k_raceDate=2026%2F10%2F06&k_raceNo=9
2026-10-06 18:40:00,18:39,2026-10-06,oi,9,15,三連複,3-5-6,2627.5,2627.5,226,https://www.keiba.go.jp/KeibaWeb/TodayRaceInfo/Odds3LenFuku?k_babaCode=20&k_raceDate=2026%2F10%2F06&k_raceNo=9
2026-10-06 18:40:00,18:39,2026-10-06,oi,9,15,三連複,4-5-12,2627.5,2627.5,226,https://www.keiba.go.jp/KeibaWeb/TodayRaceInfo/Odds3LenFuku?k_babaCode=20&k_raceDate=2026%2F10%2F06&k_raceNo=9
2026-10-06 18:40:00,18:39,2026-10-06,oi,9,15,三連複,5-7-9,2627.5,2627.5,226,https://www.keiba.go.jp/KeibaWeb/TodayRaceInfo/Odds3LenFuku?k_babaCode=20&k_raceDate=2026%2F10%2F06&k_raceNo=9
2026-10-06 18:40:00,18:39,2026-10-06,oi,9,15,三連複,7-8-13,2627.5,2627.5,226,https://www.keiba.go.jp/KeibaWeb/TodayRaceInfo/Odds3LenFuku?k_babaCode=20&k_raceDate=2026%2F10%2F06&k_raceNo=9
2026-10-06 18:40:00,18:39,2026-10-06,oi,9,15,三連複,1-3-14,2773.5,2773.5,230,https://www.keiba.go.jp/KeibaWeb/TodayRaceInfo/Odds3LenFuku?k_babaCode=20&k_raceDate=2026%2F10%2F06&k_raceNo=9
2026-10-06 18:40:00,18:39,2026-10-06,oi,9,15,三連複,1-6-7,2773.5,2773.5,230,https://www.keiba.go.jp/KeibaWeb/TodayRaceInfo/Odds3LenFuku?k_babaCode=20&k_raceDate=2026%2F10%2F06&k_raceNo=9
2026-10-06 18:40:00,18:39,2026-10-06,oi,9,15,三連複,3-7-12,2773.5,2773.5,230,https://www.keiba.go.jp/KeibaWeb/TodayRaceInfo/Odds3LenFuku?k_babaCode=20&k_raceDate=2026%2F10%2F06&k_raceNo=9
2026-10-06 18:40:00,18:39,2026-10-06,oi,9,15,三連複,4-6-13,2773.5,2773.5,230,https://www.keiba.go.jp/KeibaWeb/TodayRaceInfo/Odds3LenFuku?k_babaCode=20&k_raceDate=2026%2F10%2F06&k_raceNo=9
2026-10-06 18:40:00,18:39,2026-10-06,oi,9,15,三連複,7-10-12,2773.5,2773.5,230,https://www.keiba.go.jp/KeibaWeb/TodayRaceInfo/Odds3LenFuku?k_babaCode=20&k_raceDate=2026%2F10%2F06&k_raceNo=9
2026-10-06 18:40:00,18:39,2026-10-06,oi,9,15,三連複,4-9-13,2936.7,2936.7,235,https://www.keiba.go.jp/KeibaWeb/TodayRaceInfo/Odds3LenFuku?k_babaCode=20&k_raceDate=2026%2F10%2F06&k_raceNo=9
2026-10-06 18:40:00,18:39,2026-10-06,oi,9,15,三連複,5-8-9,2936.7,2936.7,235,https://www.keiba.go.jp/KeibaWeb/TodayRaceInfo/Odds3LenFuku?k_babaCode=20&k_raceDate=2026%2F10%2F06&k_raceNo=9
2026-10-06 18:40:00,18:39,2026-10-06,oi,9,15,三連複,6-8-13,2936.7,2936.7,235,https://www.keiba.go.jp/KeibaWeb/TodayRaceInfo/Odds3LenFuku?k_babaCode=20&k_raceDate=2026%2F10%2F06&k_raceNo=9
2026-10-06 18:40:00,18:39,2026-10-06,oi,9,15,三連複,11-12-13,2936.7,2936.7,235,https://www.keiba.go.jp/KeibaWeb/TodayRaceInfo/Odds3LenFuku?k_babaCode=20&k_raceDate=2026%2F10%2F06&k_raceNo=9
2026-10-06 18:40:00,18:39,2026-10-06,oi,9,15,三連複,1-5-7,3120.2,3120.2,239,https://www.keiba.go.jp/KeibaWeb/TodayRaceInfo/Odds3LenFuku?k_babaCode=20&k_raceDate=2026%2F10%2F06&k_raceNo=9
2026-10-06 18:40:00,18:39,2026-10-06,oi,9,15,三連複,3-6-10,3120.2,3120.2,239,https://www.keiba.go.jp/KeibaWeb/TodayRaceInfo/Odds3LenFuku?k_babaCode=20&k_raceDate=2026%2F10%2F06&k_raceNo=9
2026-10-06 18:40:00,18:39,2026-10-06,oi,9,15,三連複,3-13-14,3120.2,3120.2,239,https://www.keiba.go.jp/KeibaWeb/TodayRaceInfo/Odds3LenFuku?k_babaCode=20&k_raceDate=2026%2F10%2F06&k_raceNo=9
2026-10-06 18:40:00,18:39,2026-10-06,oi,9,15,三連複,4-12-14,3120.2,3120.2,239,https://www.keiba.go.jp/KeibaWeb/TodayRaceInfo/Odds3LenFuku?k_babaCode=20&k_raceDate=2026%2F10%2F06&k_raceNo=9
2026-10-06 18:40:00,18:39,2026-10-06,oi,9,15,三連複,4-13-14,3120.2,3120.2,239,https://www.keiba.go.jp/KeibaWeb/TodayRaceInfo/Odds3LenFuku?k_babaCode=20&k_raceDate=2026%2F10%2F06&k_raceNo=9
2026-10-06 18:40:00,18:39,2026-10-06,oi,9,15,三連複,5-9-12,3120.2,3120.2,239,https://www.keiba.go.jp/KeibaWeb/TodayRaceInfo/Odds3LenFuku?k_babaCode=20&k_raceDate=2026%2F10%2F06&k_raceNo=9
2026-10-06 18:40:00,18:39,2026-10-06,oi,9,15,三連複,5-10-11,3120.2,3120.2,239,https://www.keiba.go.jp/KeibaWeb/TodayRaceInfo/Odds3LenFuku?k_babaCode=20&k_raceDate=2026%2F10%2F06&k_raceNo=9
2026-10-06 18:40:00,18:39,2026-10-06,oi,9,15,三連複,6-7-10,3120.2,3120.2,239,https://www.keiba.go.jp/KeibaWeb/TodayRaceInfo/Odds3LenFuku?k_babaCode=20&k_raceDate=2026%2F10%2F06&k_raceNo=9
2026-10-06 18:40:00,18:39,2026-10-06,oi,9,15,三連複,7-9-12,3120.2,3120.2,239,https://www.keiba.go.jp/KeibaWeb/TodayRaceInfo/Odds3LenFuku?k_babaCode=20&k_raceDate=2026%2F10%2F06&k_raceNo=9
2026-10-06 18:40:00,18:39,2026-10-06,oi,9,15,三連複,8-12-14,3120.2,3120.2,239,https://www.keiba.go.jp/KeibaWeb/TodayRaceInfo/Odds3LenFuku?k_babaCode=20&k_raceDate=2026%2F10%2F06&k_raceNo=9
2026-10-06 18:40:00,18:39,2026-10-06,oi,9,15,三連複,3-6-12,3328.2,3328.2,249,https://www.keiba.go.jp/KeibaWeb/TodayRaceInfo/Odds3LenFuku?k_babaCode=20&k_raceDate=2026%2F10%2F06&k_raceNo=9
2026-10-06 18:40:00,18:39,2026-10-06,oi,9,15,三連複,3-7-13,3328.2,3328.2,249,https://www.keiba.go.jp/KeibaWeb/TodayRaceInfo/Odds3LenFuku?k_babaCode=20&k_raceDate=2026%2F10%2F06&k_raceNo=9
2026-10-06 18:40:00,18:39,2026-10-06,oi,9,15,三連複,8-9-13,3328.2,3328.2,249,https://www.keiba.go.jp/KeibaWeb/TodayRaceInfo/Odds3LenFuku?k_babaCode=20&k_raceDate=2026%2F10%2F06&k_raceNo=9
2026-10-06 18:40:00,18:39,2026-10-06,oi,9,15,三連複,9-11-13,3328.2,3328.2,249,https://www.keiba.go.jp/KeibaWeb/TodayRaceInfo/Odds3LenFuku?k_babaCode=20&k_raceDate=2026%2F10%2F06&k_raceNo=9
2026-10-06 18:40:00,18:39,2026-10-06,oi,9,15,三連複,11-13-14,3328.2,3328.2,249,https://www.keiba.go.jp/KeibaWeb/TodayRaceInfo/Odds3LenFuku?k_babaCode=20&k_raceDate=2026%2F10%2F06&k_raceNo=9
2026-10-06 18:40:00,18:39,2026-10-06,oi,9,15,三連複,1-3-10,3566.0,3566.0,254,https://www.keiba.go.jp/KeibaWeb/TodayRaceInfo/Odds3LenFuku?k_babaCode=20&k_raceDate=2026%2F10%2F06&k_raceNo=9
2026-10-06 18:40:00,18:39,2026-10-06,oi,9,15,三連複,1-4-10,3566.0,3566.0,254,https://www.keiba.go.jp/KeibaWeb/TodayRaceInfo/Odds3LenFuku?k_babaCode=20&k_raceDate=2026%2F10%2F06&k_raceNo=9
2026-10-06 18:40:00,18:39,2026-10-06,oi,9,15,三連複,1-6-10,3566.0,3566.0,254,https://www.keiba.go.jp/KeibaWeb/TodayRaceInfo/Odds3LenFuku?k_babaCode=20&k_raceDate=2026%2F10%2F06&k_raceNo=9
2026-10-06 18:40:00,18:39,2026-10-06,oi,9,15,三連複,1-7-9,3566.0,3566.0,254,https://www.keiba.go.jp/KeibaWeb/TodayRaceInfo/Odds3LenFuku?k_babaCode=20&k_raceDate=2026%2F10%2F06&k_raceNo=9
2026-10-06 18:40:00,18:39,2026-10-06,oi,9,15,三連複,1-9-10,3566.0,3566.0,254,https://www.keiba.go.jp/KeibaWeb/TodayRaceInfo/Odds3LenFuku?k_babaCode=20&k_raceDate=2026%2F10%2F06&k_raceNo=9
2026-10-06 18:40:00,18:39,2026-10-06,oi,9,15,三連複,3-9-14,3566.0,3566.0,254,https://www.keiba.go.jp/KeibaWeb/TodayRaceInfo/Odds3LenFuku?k_babaCode=20&k_raceDate=2026%2F10%2F06&k_raceNo=9
2026-10-06 18:40:00,18:39,2026-10-06,oi,9,15,三連複,4-10-12,3566.0,3566.0,254,https://www.keiba.go.jp/KeibaWeb/TodayRaceInfo/Odds3LenFuku?k_babaCode=20&k_raceDate=2026%2F10%2F06&k_raceNo=9
2026-10-06 18:40:00,18:39,2026-10-06,oi,9,15,三連複,8-9-14,3566.0,3566.0,254,https://www.keiba.go.jp/KeibaWeb/TodayRaceInfo/Odds3LenFuku?k_babaCode=20&k_raceDate=2026%2F10%2F06&k_raceNo=9
2026-10-06 18:40:00,18:39,2026-10-06,oi,9,15,三連複,8-10-14,3566.0,3566.0,254,https://www.keiba.go.jp/KeibaWeb/TodayRaceInfo/Odds3LenFuku?k_babaCode=20&k_raceDate=2026%2F10%2F06&k_raceNo=9
2026-10-06 18:40:00,18:39,2026-10-06,oi,9,15,三連複,9-10-12,3566.0,3566.0,254,https://www.keiba.go.jp/KeibaWeb/TodayRaceInfo/Odds3LenFuku?k_babaCode=20&k_raceDate=2026%2F10%2F06&k_raceNo=9
2026-10-06 18:40:00,18:39,2026-10-06,oi,9,15,三連複,10-11-14,3566.0,3566.0,254,https://www.keiba.go.jp/KeibaWeb/TodayRaceInfo/Odds3LenFuku?k_babaCode=20&k_raceDate=2026%2F10%2F06&k_raceNo=9
2026-10-06 18:40:00,18:39,2026-10-06,oi,9,15,三連複,1-8-14,3840.3,3840.3,265,https://www.keiba.go.jp/KeibaWeb/TodayRaceInfo/Odds3LenFuku?k_babaCode=20&k_raceDate=2026%2F10%2F06&k_raceNo=9
2026-10-06 18:40:00,18:39,2026-10-06,oi,9,15,三連複,3-5-12,3840.3,3840.3,265,https://www.keiba.go.jp/KeibaWeb/TodayRaceInfo/Odds3LenFuku?k_babaCode=20&k_raceDate=2026%2F10%2F06&k_raceNo=9
2026-10-06 18:40:00,18:39,2026-10-06,oi,9,15,三連複,3-9-13,3840.3,3840.3,265,https://www.keiba.go.jp/KeibaWeb/TodayRaceInfo/Odds3LenFuku?k_babaCode=20&k_raceDate=2026%2F10%2F06&k_raceNo=9
2026-10-06 18:40:00,18:39,2026-10-06,oi,9,15,三連複,3-10-12,3840.3,3840.3,265,https://www.keiba.go.jp/KeibaWeb/TodayRaceInfo/Odds3LenFuku?k_babaCode=20&k_raceDate=2026%2F10%2F06&k_raceNo=9
2026-10-06 18:40:00,18:39,2026-10-06,oi,9,15,三連複,4-7-13,3840.3,3840.3,265,https://www.keiba.go.jp/KeibaWeb/TodayRaceInfo/Odds3LenFuku?k_babaCode=20&k_raceDate=2026%2F10%2F06&k_raceNo=9
2026-10-06 18:40:00,18:39,2026-10-06,oi,9,15,三連複,5-7-12,3840.3,3840.3,265,https://www.keiba.go.jp/KeibaWeb/TodayRaceInfo/Odds3LenFuku?k_babaCode=20&k_raceDate=2026%2F10%2F06&k_raceNo=9
2026-10-06 18:40:00,18:39,2026-10-06,oi,9,15,三連複,1-9-12,4160.3,4160.3,271,https://www.keiba.go.jp/KeibaWeb/TodayRaceInfo/Odds3LenFuku?k_babaCode=20&k_raceDate=2026%2F10%2F06&k_raceNo=9
2026-10-06 18:40:00,18:39,2026-10-06,oi,9,15,三連複,4-12-13,4160.3,4160.3,271,https://www.keiba.go.jp/KeibaWeb/TodayRaceInfo/Odds3LenFuku?k_babaCode=20&k_raceDate=2026%2F10%2F06&k_raceNo=9
2026-10-06 18:40:00,18:39,2026-10-06,oi,9,15,三連複,5-6-12,4160.3,4160.3,271,https://www.keiba.go.jp/KeibaWeb/TodayRaceInfo/Odds3LenFuku?k_babaCode=20&k_raceDate=2026%2F10%2F06&k_raceNo=9
2026-10-06 18:40:00,18:39,2026-10-06,oi,9,15,三連複,5-7-10,4160.3,4160.3,271,https://www.keiba.go.jp/KeibaWeb/TodayRaceInfo/Odds3LenFuku?k_babaCode=20&k_raceDate=2026%2F10%2F06&k_raceNo=9
2026-10-06 18:40:00,18:39,2026-10-06,oi,9,15,三連複,5-9-10,4160.3,4160.3,271,https://www.keiba.go.jp/KeibaWeb/TodayRaceInfo/Odds3LenFuku?k_babaCode=20&k_raceDate=2026%2F10%2F06&k_raceNo=9
2026-10-06 18:40:00,18:39,2026-10-06,oi,9,15,三連複,5-11-14,4160.3,4160.3,271,https://www.keiba.go.jp/KeibaWeb/TodayRaceInfo/Odds3LenFuku?k_babaCode=20&k_raceDate=2026%2F10%2F06&k_raceNo=9
2026-10-06 18:40:00,18:39,2026-10-06,oi,9,15,三連複,1-4-12,4538.5,4538.5,277,https://www.keiba.go.jp/KeibaWeb/TodayRaceInfo/Odds3LenFuku?k_babaCode=20&k_raceDate=2026%2F10%2F06&k_raceNo=9
2026-10-06 18:40:00,18:39,2026-10-06,oi,9,15,三連複,1-4-13,4538.5,4538.5,277,https://www.keiba.go.jp/KeibaWeb/TodayRaceInfo/Odds3LenFuku?k_babaCode=20&k_raceDate=2026%2F10%2F06&k_raceNo=9
2026-10-06 18:40:00,18:39,2026-10-06,oi,9,15,三連複,1-5-10,4538.5,4538.5,277,https://www.keiba.go.jp/KeibaWeb/TodayRaceInfo/Odds3LenFuku?k_babaCode=20&k_raceDate=2026%2F10%2F06&k_raceNo=9
2026-10-06 18:40:00,18:39,2026-10-06,oi,9,15,三連複,1-5-12,4538.5,4538.5,277,https://www.keiba.go.jp/KeibaWeb/TodayRaceInfo/Odds3LenFuku?k_babaCode=20&k_raceDate=2026%2F10%2F06&k_raceNo=9
2026-10-06 18:40:00,18:39,2026-10-06,oi,9,15,三連複,3-6-14,4538.5,4538.5,277,https://www.keiba.go.jp/KeibaWeb/TodayRaceInfo/Odds3LenFuku?k_babaCode=20&k_raceDate=2026%2F10%2F06&k_raceNo=9
2026-10-06 18:40:00,18:39,2026-10-06,oi,9,15,三連複,4-5-10,4538.5,4538.5,277,https://www.keiba.go.jp/KeibaWeb/TodayRaceInfo/Odds3LenFuku?k_babaCode=20&k_raceDate=2026%2F10%2F06&k_raceNo=9
2026-10-06 18:40:00,18:39,2026-10-06,oi,9,15,三連複,4-5-14,4538.5,4538.5,277,https://www.keiba.go.jp/KeibaWeb/TodayRaceInfo/Odds3LenFuku?k_babaCode=20&k_raceDate=2026%2F10%2F06&k_raceNo=9
2026-10-06 18:40:00,18:39,2026-10-06,oi,9,15,三連複,6-7-14,4538.5,4538.5,277,https://www.keiba.go.jp/KeibaWeb/TodayRaceInfo/Odds3LenFuku?k_babaCode=20&k_raceDate=2026%2F10%2F06&k_raceNo=9
2026-10-06 18:40:00,18:39,2026-10-06,oi,9,15,三連複,6-9-10,4538.5,4538.5,277,https://www.keiba.go.jp/KeibaWeb/TodayRaceInfo/Odds3LenFuku?k_babaCode=20&k_raceDate=2026%2F10%2F06&k_raceNo=9
2026-10-06 18:40:00,18:39,2026-10-06,oi,9,15,三連複,6-11-13,4538.5,4538.5,277,https://www.keiba.go.jp/KeibaWeb/TodayRaceInfo/Odds3LenFuku?k_babaCode=20&k_raceDate=2026%2F10%2F06&k_raceNo=9
2026-10-06 18:40:00,18:39,2026-10-06,oi,9,15,三連複,7-9-14,4538.5,4538.5,277,https://www.keiba.go.jp/KeibaWeb/TodayRaceInfo/Odds3LenFuku?k_babaCode=20&k_raceDate=2026%2F10%2F06&k_raceNo=9
2026-10-06 18:40:00,18:39,2026-10-06,oi,9,15,三連複,8-10-13,4538.5,4538.5,277,https://www.keiba.go.jp/KeibaWeb/TodayRaceInfo/Odds3LenFuku?k_babaCode=20&k_raceDate=2026%2F10%2F06&k_raceNo=9
2026-10-06 18:40:00,18:39,2026-10-06,oi,9,15,三連複,8-13-14,4538.5,4538.5,277,https://www.keiba.go.jp/KeibaWeb/TodayRaceInfo/Odds3LenFuku?k_babaCode=20&k_raceDate=2026%2F10%2F06&k_raceNo=9
2026-10-06 18:40:00,18:39,2026-10-06,oi,9,15,三連複,1-3-13,4992.4,4992.4,290,https://www.keiba.go.jp/KeibaWeb/TodayRaceInfo/Odds3LenFuku?k_babaCode=20&k_raceDate=2026%2F10%2F06&k_raceNo=9
2026-10-06 18:40:00,18:39,2026-10-06,oi,9,15,三連複,5-6-9,4992.4,4992.4,290,https://www.keiba.go.jp/KeibaWeb/TodayRaceInfo/Odds3LenFuku?k_babaCode=20&k_raceDate=2026%2F10%2F06&k_raceNo=9
2026-10-06 18:40:00,18:39,2026-10-06,oi,9,15,三連複,5-8-10,4992.4,4992.4,290,https://www.keiba.go.jp/KeibaWeb/TodayRaceInfo/Odds3LenFuku?k_babaCode=20&k_raceDate=2026%2F10%2F06&k_raceNo=9
2026-10-06 18:40:00,18:39,2026-10-06,oi,9,15,三連複,5-8-13,4992.4,4992.4,290,https://www.keiba.go.jp/KeibaWeb/TodayRaceInfo/Odds3LenFuku?k_babaCode=20&k_raceDate=2026%2F10%2F06&k_raceNo=9
2026-10-06 18:40:00,18:39,2026-10-06,oi,9,15,三連複,6-10-12,4992.4,4992.4,290,https://www.keiba.go.jp/KeibaWeb/TodayRaceInfo/Odds3LenFuku?k_babaCode=20&k_raceDate=2026%2F10%2F06&k_raceNo=9
2026-10-06 18:40:00,18:39,2026-10-06,oi,9,15,三連複,7-10-14,4992.4,4992.4,290,https://www.keiba.go.jp/KeibaWeb/TodayRaceInfo/Odds3LenFuku?k_babaCode=20&k_raceDate=2026%2F10%2F06&k_raceNo=9
2026-10-06 18:40:00,18:39,2026-10-06,oi,9,15,三連複,9-12-13,4992.4,4992.4,290,https://www.keiba.go.jp/KeibaWeb/TodayRaceInfo/Odds3LenFuku?k_babaCode=20&k_raceDate=2026%2F10%2F06&k_raceNo=9
2026-10-06 18:40:00,18:39,2026-10-06,oi,9,15,三連複,9-12-14,4992.4,4992.4,290,https://www.keiba.go.jp/KeibaWeb/TodayRaceInfo/Odds3LenFuku?k_babaCode=20&k_raceDate=2026%2F10%2F06&k_raceNo=9
2026-10-06 18:40:00,18:39,2026-10-06,oi,9,15,三連複,1-3-12,5547.1,5547.1,298,https://www.keiba.go.jp/KeibaWeb/TodayRaceInfo/Odds3LenFuku?k_babaCode=20&k_raceDate=2026%2F10%2F06&k_raceNo=9
2026-10-06 18:40:00,18:39,2026-10-06,oi,9,15,三連複,1-8-10,5547.1,5547.1,298,https://www.keiba.go.jp/KeibaWeb/TodayRaceInfo/Odds3LenFuku?k_babaCode=20&k_raceDate=2026%2F10%2F06&k_raceNo=9
2026-10-06 18:40:00,18:39,2026-10-06,oi,9,15,三連複,3-6-13,5547.1,5547.1,298,https://www.keiba.go.jp/KeibaWeb/TodayRaceInfo/Odds3LenFuku?k_babaCode=20&k_raceDate=2026%2F10%2F06&k_raceNo=9
2026-10-06 18:40:00,18:39,2026-10-06,oi,9,15,三連複,3-12-13,5547.1,5547.1,298,https://www.keiba.go.jp/KeibaWeb/TodayRaceInfo/Odds3LenFuku?k_babaCode=20&k_raceDate=2026%2F10%2F06&k_raceNo=9
2026-10-06 18:40:00,18:39,2026-10-06,oi,9,15,三連複,5-6-10,5547.1,5547.1,298,https://www.keiba.go.jp/KeibaWeb/TodayRaceInfo/Odds3LenFuku?k_babaCode=20&k_raceDate=2026%2F10%2F06&k_raceNo=9
2026-10-06 18:40:00,18:39,2026-10-06,oi,9,15,三連複,6-7-9,5547.1,5547.1,298,https://www.keiba.go.jp/KeibaWeb/TodayRaceInfo/Odds3LenFuku?k_babaCode=20&k_raceDate=2026%2F10%2F06&k_raceNo=9
2026-10-06 18:40:00,18:39,2026-10-06,oi,9,15,三連複,6-9-12,5547.1,5547.1,298,https://www.keiba.go.jp/KeibaWeb/TodayRaceInfo/Odds3LenFuku?k_babaCode=20&k_raceDate=2026%2F10%2F06&k_raceNo=9
2026-10-06 18:40:00,18:39,2026-10-06,oi,9,15,三連複,6-9-14,5547.1,5547.1,298,https://www.keiba.go.jp/KeibaWeb/TodayRaceInfo/Odds3LenFuku?k_babaCode=20&k_raceDate=2026%2F10%2F06&k_raceNo=9
2026-10-06 18:40:00,18:39,2026-10-06,oi,9,15,三連複,6-13-14,5547.1,5547.1,298,https://www.keiba.go.jp/KeibaWeb/TodayRaceInfo/Odds3LenFuku?k_babaCode=20&k_raceDate=2026%2F10%2F06&k_raceNo=9
2026-10-06 18:40:00,18:39,2026-10-06,oi,9,15,三連複,10-11-13,5547.1,5547.1,298,https://www.keiba.go.jp/KeibaWeb/TodayRaceInfo/Odds3LenFuku?k_babaCode=20&k_raceDate=2026%2F10%2F06&k_raceNo=9
2026-10-06 18:40:00,18:39,2026-10-06,oi,9,15,三連複,1-7-10,6240.5,6240.5,308,https://www.keiba.go.jp/KeibaWeb/TodayRaceInfo/Odds3LenFuku?k_babaCode=20&k_raceDate=2026%2F10%2F06&k_raceNo=9
2026-10-06 18:40:00,18:39,2026-10-06,oi,9,15,三連複,1-8-13,6240.5,6240.5,308,https://www.keiba.go.jp/KeibaWeb/TodayRaceInfo/Odds3LenFuku?k_babaCode=20&k_raceDate=2026%2F10%2F06&k_raceNo=9
2026-10-06 18:40:00,18:39,2026-10-06,oi,9,15,三連複,1-10-12,6240.5,6240.5,308,https://www.keiba.go.jp/KeibaWeb/TodayRaceInfo/Odds3LenFuku?k_babaCode=20&k_raceDate=2026%2F10%2F06&k_raceNo=9
2026-10-06 18:40:00,18:39,2026-10-06,oi,9,15,三連複,3-10-13,6240.5,6240.5,308,https://www.keiba.go.jp/KeibaWeb/TodayRaceInfo/Odds3LenFuku?k_babaCode=20&k_raceDate=2026%2F10%2F06&k_raceNo=9
2026-10-06 18:40:00,18:39,2026-10-06,oi,9,15,三連複,3-10-14,6240.5,6240.5,308,https://www.keiba.go.jp/KeibaWeb/TodayRaceInfo/Odds3LenFuku?k_babaCode=20&k_raceDate=2026%2F10%2F06&k_raceNo=9
2026-10-06 18:40:00,18:39,2026-10-06,oi,9,15,三連複,3-12-14,6240.5,6240.5,308,https://www.keiba.go.jp/KeibaWeb/TodayRaceInfo/Odds3LenFuku?k_babaCode=20&k_raceDate=2026%2F10%2F06&k_raceNo=9
2026-10-06 18:40:00,18:39,2026-10-06,oi,9,15,三連複,5-6-14,6240.5,6240.5,308,https://www.keiba.go.jp/KeibaWeb/TodayRaceInfo/Odds3LenFuku?k_babaCode=20&k_raceDate=2026%2F10%2F06&k_raceNo=9
2026-10-06 18:40:00,18:39,2026-10-06,oi,9,15,三連複,7-10-13,6240.5,6240.5,308,https://www.keiba.go.jp/KeibaWeb/TodayRaceInfo/Odds3LenFuku?k_babaCode=20&k_raceDate=2026%2F10%2F06&k_raceNo=9
2026-10-06 18:40:00,18:39,2026-10-06,oi,9,15,三連複,7-12-14,6240.5,6240.5,308,https://www.keiba.go.jp/KeibaWeb/TodayRaceInfo/Odds3LenFuku?k_babaCode=20&k_raceDate=2026%2F10%2F06&k_raceNo=9
2026-10-06 18:40:00,18:39,2026-10-06,oi,9,15,三連複,12-13-14,6240.5,6240.5,308,https://www.keiba.go.jp/KeibaWeb/TodayRaceInfo/Odds3LenFuku?k_babaCode=20&k_raceDate=2026%2F10%2F06&k_raceNo=9
2026-10-06 18:40:00,18:39,2026-10-06,oi,9,15,三連複,1-6-12,7132.0,7132.0,318,https://www.keiba.go.jp/KeibaWeb/TodayRaceInfo/Odds3LenFuku?k_babaCode=20&k_raceDate=2026%2F10%2F06&k_raceNo=9
2026-10-06 18:40:00,18:39,2026-10-06,oi,9,15,三連複,1-6-13,7132.0,7132.0,318,https://www.keiba.go.jp/KeibaWeb/TodayRaceInfo/Odds3LenFuku?k_babaCode=20&k_raceDate=2026%2F10%2F06&k_raceNo=9
2026-10-06 18:40:00,18:39,2026-10-06,oi,9,15,三連複,1-6-14,7132.0,7132.0,318,https://www.keiba.go.jp/KeibaWeb/TodayRaceInfo/Odds3LenFuku?k_babaCode=20&k_raceDate=2026%2F10%2F06&k_raceNo=9
2026-10-06 18:40:00,18:39,2026-10-06,oi,9,15,三連複,1-9-13,7132.0,7132.0,318,https://www.keiba.go.jp/KeibaWeb/TodayRaceInfo/Odds3LenFuku?k_babaCode=20&k_raceDate=2026%2F10%2F06&k_raceNo=9
2026-10-06 18:40:00,18:39,2026-10-06,oi,9,15,三連複,1-9-14,7132.0,7132.0,318,https://www.keiba.go.jp/KeibaWeb/TodayRaceInfo/Odds3LenFuku?k_babaCode=20&k_raceDate=2026%2F10%2F06&k_raceNo=9
2026-10-06 18:40:00,18:39,2026-10-06,oi,9,15,三連複,1-11-13,7132.0,7132.0,318,https://www.keiba.go.jp/KeibaWeb/TodayRaceInfo/Odds3LenFuku?k_babaCode=20&k_raceDate=2026%2F10%2F06&k_raceNo=9
2026-10-06 18:40:00,18:39,2026-10-06,oi,9,15,三連複,3-5-13,7132.0,7132.0,318,https://www.keiba.go.jp/KeibaWeb/TodayRaceInfo/Odds3LenFuku?k_babaCode=20&k_raceDate=2026%2F10%2F06&k_raceNo=9
2026-10-06 18:40:00,18:39,2026-10-06,oi,9,15,三連複,3-5-14,7132.0,7132.0,318,https://www.keiba.go.jp/KeibaWeb/TodayRaceInfo/Odds3LenFuku?k_babaCode=20&k_raceDate=2026%2F10%2F06&k_raceNo=9
2026-10-06 18:40:00,18:39,2026-10-06,oi,9,15,三連複,5-6-13,7132.0,7132.0,318,https://www.keiba.go.jp/KeibaWeb/TodayRaceInfo/Odds3LenFuku?k_babaCode=20&k_raceDate=2026%2F10%2F06&k_raceNo=9
2026-10-06 18:40:00,18:39,2026-10-06,oi,9,15,三連複,5-8-14,7132.0,7132.0,318,https://www.keiba.go.jp/KeibaWeb/TodayRaceInfo/Odds3LenFuku?k_babaCode=20&k_raceDate=2026%2F10%2F06&k_raceNo=9
2026-10-06 18:40:00,18:39,2026-10-06,oi,9,15,三連複,5-10-12,7132.0,7132.0,318,https://www.keiba.go.jp/KeibaWeb/TodayRaceInfo/Odds3LenFuku?k_babaCode=20&k_raceDate=2026%2F10%2F06&k_raceNo=9
2026-10-06 18:40:00,18:39,2026-10-06,oi,9,15,三連複,6-10-14,7132.0,7132.0,318,https://www.keiba.go.jp/KeibaWeb/TodayRaceInfo/Odds3LenFuku?k_babaCode=20&k_raceDate=2026%2F10%2F06&k_raceNo=9
2026-10-06 18:40:00,18:39,2026-10-06,oi,9,15,三連複,8-12-13,7132.0,7132.0,318,https://www.keiba.go.jp/KeibaWeb/TodayRaceInfo/Odds3LenFuku?k_babaCode=20&k_raceDate=2026%2F10%2F06&k_raceNo=9
2026-10-06 18:40:00,18:39,2026-10-06,oi,9,15,三連複,9-10-13,7132.0,7132.0,318,https://www.keiba.go.jp/KeibaWeb/TodayRaceInfo/Odds3LenFuku?k_babaCode=20&k_raceDate=2026%2F10%2F06&k_raceNo=9
2026-10-06 18:40:00,18:39,2026-10-06,oi,9,15,三連複,9-13-14,7132.0,7132.0,318,https://www.keiba.go.jp/KeibaWeb/TodayRaceInfo/Odds3LenFuku?k_babaCode=20&k_raceDate=2026%2F10%2F06&k_raceNo=9
2026-10-06 18:40:00,18:39,2026-10-06,oi,9,15,三連複,1-7-12,8320.7,8320.7,333,https://www.keiba.go.jp/KeibaWeb/TodayRaceInfo/Odds3LenFuku?k_babaCode=20&k_raceDate=2026%2F10%2F06&k_raceNo=9
2026-10-06 18:40:00,18:39,2026-10-06,oi,9,15,三連複,1-7-14,8320.7,8320.7,333,https://www.keiba.go.jp/KeibaWeb/TodayRaceInfo/Odds3LenFuku?k_babaCode=20&k_raceDate=2026%2F10%2F06&k_raceNo=9
2026-10-06 18:40:00,18:39,2026-10-06,oi,9,15,三連複,1-10-14,8320.7,8320.7,333,https://www.keiba.go.jp/KeibaWeb/TodayRaceInfo/Odds3LenFuku?k_babaCode=20&k_raceDate=2026%2F10%2F06&k_raceNo=9
2026-10-06 18:40:00,18:39,2026-10-06,oi,9,15,三連複,1-12-14,8320.7,8320.7,333,https://www.keiba.go.jp/KeibaWeb/TodayRaceInfo/Odds3LenFuku?k_babaCode=20&k_raceDate=2026%2F10%2F06&k_raceNo=9
2026-10-06 18:40:00,18:39,2026-10-06,oi,9,15,三連複,5-9-14,8320.7,8320.7,333,https://www.keiba.go.jp/KeibaWeb/TodayRaceInfo/Odds3LenFuku?k_babaCode=20&k_raceDate=2026%2F10%2F06&k_raceNo=9
2026-10-06 18:40:00,18:39,2026-10-06,oi,9,15,三連複,5-12-13,8320.7,8320.7,333,https://www.keiba.go.jp/KeibaWeb/TodayRaceInfo/Odds3LenFuku?k_babaCode=20&k_raceDate=2026%2F10%2F06&k_raceNo=9
2026-10-06 18:40:00,18:39,2026-10-06,oi,9,15,三連複,6-9-13,8320.7,8320.7,333,https://www.keiba.go.jp/KeibaWeb/TodayRaceInfo/Odds3LenFuku?k_babaCode=20&k_raceDate=2026%2F10%2F06&k_raceNo=9
2026-10-06 18:40:00,18:39,2026-10-06,oi,9,15,三連複,6-12-13,8320.7,8320.7,333,https://www.keiba.go.jp/KeibaWeb/TodayRaceInfo/Odds3LenFuku?k_babaCode=20&k_raceDate=2026%2F10%2F06&k_raceNo=9
2026-10-06 18:40:00,18:39,2026-10-06,oi,9,15,三連複,6-12-14,8320.7,8320.7,333,https://www.keiba.go.jp/KeibaWeb/TodayRaceInfo/Odds3LenFuku?k_babaCode=20&k_raceDate=2026%2F10%2F06&k_raceNo=9
2026-10-06 18:40:00,18:39,2026-10-06,oi,9,15,三連複,7-13-14,8320.7,8320.7,333,https://www.keiba.go.jp/KeibaWeb/TodayRaceInfo/Odds3LenFuku?k_babaCode=20&k_raceDate=2026%2F10%2F06&k_raceNo=9
2026-10-06 18:40:00,18:39,2026-10-06,oi,9,15,三連複,9-10-14,8320.7,8320.7,333,https://www.keiba.go.jp/KeibaWeb/TodayRaceInfo/Odds3LenFuku?k_babaCode=20&k_raceDate=2026%2F10%2F06&k_raceNo=9
2026-10-06 18:40:00,18:39,2026-10-06,oi,9,15,三連複,10-12-14,8320.7,8320.7,333,https://www.keiba.go.jp/KeibaWeb/TodayRaceInfo/Odds3LenFuku?k_babaCode=20&k_raceDate=2026%2F10%2F06&k_raceNo=9
2026-10-06 18:40:00,18:39,2026-10-06,oi,9,15,三連複,1-5-14,9984.8,9984.8,345,https://www.keiba.go.jp/KeibaWeb/TodayRaceInfo/Odds3LenFuku?k_babaCode=20&k_raceDate=2026%2F10%2F06&k_raceNo=9
2026-10-06 18:40:00,18:39,2026-10-06,oi,9,15,三連複,1-7-13,9984.8,9984.8,345,https://www.keiba.go.jp/KeibaWeb/TodayRaceInfo/Odds3LenFuku?k_babaCode=20&k_raceDate=2026%2F10%2F06&k_raceNo=9
2026-10-06 18:40:00,18:39,2026-10-06,oi,9,15,三連複,1-12-13,9984.8,9984.8,345,https://www.keiba.go.jp/KeibaWeb/TodayRaceInfo/Odds3LenFuku?k_babaCode=20&k_raceDate=2026%2F10%2F06&k_raceNo=9
2026-10-06 18:40:00,18:39,2026-10-06,oi,9,15,三連複,4-5-13,9984.8,9984.8,345,https://www.keiba.go.jp/KeibaWeb/TodayRaceInfo/Odds3LenFuku?k_babaCode=20&k_raceDate=2026%2F10%2F06&k_raceNo=9
2026-10-06 18:40:00,18:39,2026-10-06,oi,9,15,三連複,5-7-14,9984.8,9984.8,345,https://www.keiba.go.jp/KeibaWeb/TodayRaceInfo/Odds3LenFuku?k_babaCode=20&k_raceDate=2026%2F10%2F06&k_raceNo=9
2026-10-06 18:40:00,18:39,2026-10-06,oi,9,15,三連複,5-9-13,9984.8,9984.8,345,https://www.keiba.go.jp/KeibaWeb/TodayRaceInfo/Odds3LenFuku?k_babaCode=20&k_raceDate=2026%2F10%2F06&k_raceNo=9
2026-10-06 18:40:00,18:39,2026-10-06,oi,9,15,三連複,5-10-14,9984.8,9984.8,345,https://www.keiba.go.jp/KeibaWeb/TodayRaceInfo/Odds3LenFuku?k_babaCode=20&k_raceDate=2026%2F10%2F06&k_raceNo=9
2026-10-06 18:40:00,18:39,2026-10-06,oi,9,15,三連複,5-12-14,9984.8,9984.8,345,https://www.keiba.go.jp/KeibaWeb/TodayRaceInfo/Odds3LenFuku?k_babaCode=20&k_raceDate=2026%2F10%2F06&k_raceNo=9
2026-10-06 18:40:00,18:39,2026-10-06,oi,9,15,三連複,10-12-13,9984.8,9984.8,345,https://www.keiba.go.jp/KeibaWeb/TodayRaceInfo/Odds3LenFuku?k_babaCode=20&k_raceDate=2026%2F10%2F06&k_raceNo=9
2026-10-06 18:40:00,18:39,2026-10-06,oi,9,15,三連複,10-13-14,9984.8,9984.8,345,https://www.keiba.go.jp/KeibaWeb/TodayRaceInfo/Odds3LenFuku?k_babaCode=20&k_raceDate=2026%2F10%2F06&k_raceNo=9
2026-10-06 18:40:00,18:39,2026-10-06,oi,9,15,三連複,1-5-13,12481.0,12481.0,355,https://www.keiba.go.jp/KeibaWeb/TodayRaceInfo/Odds3LenFuku?k_babaCode=20&k_raceDate=2026%2F10%2F06&k_raceNo=9
2026-10-06 18:40:00,18:39,2026-10-06,oi,9,15,三連複,5-11-13,12481.0,12481.0,355,https://www.keiba.go.jp/KeibaWeb/TodayRaceInfo/Odds3LenFuku?k_babaCode=20&k_raceDate=2026%2F10%2F06&k_raceNo=9
2026-10-06 18:40:00,18:39,2026-10-06,oi,9,15,三連複,5-13-14,12481.0,12481.0,355,https://www.keiba.go.jp/KeibaWeb/TodayRaceInfo/Odds3LenFuku?k_babaCode=20&k_raceDate=2026%2F10%2F06&k_raceNo=9
2026-10-06 18:40:00,18:39,2026-10-06,oi,9,15,三連複,6-7-13,12481.0,12481.0,355,https://www.keiba.go.jp/KeibaWeb/TodayRaceInfo/Odds3LenFuku?k_babaCode=20&k_raceDate=2026%2F10%2F06&k_raceNo=9
2026-10-06 18:40:00,18:39,2026-10-06,oi,9,15,三連複,6-10-13,12481.0,12481.0,355,https://www.keiba.go.jp/KeibaWeb/TodayRaceInfo/Odds3LenFuku?k_babaCode=20&k_raceDate=2026%2F10%2F06&k_raceNo=9
2026-10-06 18:40:00,18:39,2026-10-06,oi,9,15,三連複,7-9-13,12481.0,12481.0,355,https://www.keiba.go.jp/KeibaWeb/TodayRaceInfo/Odds3LenFuku?k_babaCode=20&k_raceDate=2026%2F10%2F06&k_raceNo=9
2026-10-06 18:40:00,18:39,2026-10-06,oi,9,15,三連複,1-10-13,16641.4,16641.4,361,https://www.keiba.go.jp/KeibaWeb/TodayRaceInfo/Odds3LenFuku?k_babaCode=20&k_raceDate=2026%2F10%2F06&k_raceNo=9
2026-10-06 18:40:00,18:39,2026-10-06,oi,9,15,三連複,5-10-13,16641.4,16641.4,361,https://www.keiba.go.jp/KeibaWeb/TodayRaceInfo/Odds3LenFuku?k_babaCode=20&k_raceDate=2026%2F10%2F06&k_raceNo=9
2026-10-06 18:40:00,18:39,2026-10-06,oi,9,15,三連複,7-12-13,16641.4,16641.4,361,https://www.keiba.go.jp/KeibaWeb/TodayRaceInfo/Odds3LenFuku?k_babaCode=20&k_raceDate=2026%2F10%2F06&k_raceNo=9
2026-10-06 18:40:00,18:39,2026-10-06,oi,9,15,三連複,5-7-13,24962.1,24962.1,364,https://www.keiba.go.jp/KeibaWeb/TodayRaceInfo/Odds3LenFuku?k_babaCode=20&k_raceDate=2026%2F10%2F06&k_raceNo=9
2026-10-06 18:40:00,18:39,2026-10-06,oi,9,15,三連単,2-11-3,22.0,22.0,4,https://www.keiba.go.jp/KeibaWeb/TodayRaceInfo/Odds3LenTan?k_babaCode=20&k_raceDate=2026%2F10%2F06&k_raceNo=9&odds_flg=1
2026-10-06 18:40:00,18:39,2026-10-06,oi,9,15,三連単,2-3-11,31.6,31.6,9,https://www.keiba.go.jp/KeibaWeb/TodayRaceInfo/Odds3LenTan?k_babaCode=20&k_raceDate=2026%2F10%2F06&k_raceNo=9&odds_flg=1
2026-10-06 18:40:00,18:39,2026-10-06,oi,9,15,三連単,2-11-7,37.6,37.6,11,https://www.keiba.go.jp/KeibaWeb/TodayRaceInfo/Odds3LenTan?k_babaCode=20&k_raceDate=2026%2F10%2F06&k_raceNo=9&odds_flg=1
2026-10-06 18:40:00,18:39,2026-10-06,oi,9,15,三連単,2-3-7,63.5,63.5,15,https://www.keiba.go.jp/KeibaWeb/TodayRaceInfo/Odds3LenTan?k_babaCode=20&k_raceDate=2026%2F10%2F06&k_raceNo=9&odds_flg=1
2026-10-06 18:40:00,18:39,2026-10-06,oi,9,15,三連単,2-7-11,71.3,71.3,16,https://www.keiba.go.jp/KeibaWeb/TodayRaceInfo/Odds3LenTan?k_babaCode=20&k_raceDate=2026%2F10%2F06&k_raceNo=9&odds_flg=1
2026-10-06 18:40:00,18:39,2026-10-06,oi,9,15,三連単,2-7-3,97.2,97.2,21,https://www.keiba.go.jp/KeibaWeb/TodayRaceInfo/Odds3LenTan?k_babaCode=20&k_raceDate=2026%2F10%2F06&k_raceNo=9&odds_flg=1
2026-10-06 18:40:00,18:39,2026-10-06,oi,9,15,三連単,11-2-3,113.6,113.6,25,https://www.keiba.go.jp/KeibaWeb/TodayRaceInfo/Odds3LenTan?k_babaCode=20&k_raceDate=2026%2F10%2F06&k_raceNo=9&odds_flg=1
2026-10-06 18:40:00,18:39,2026-10-06,oi,9,15,三連単,3-2-11,156.9,156.9,37,https://www.keiba.go.jp/KeibaWeb/TodayRaceInfo/Odds3LenTan?k_babaCode=20&k_raceDate=2026%2F10%2F06&k_raceNo=9&odds_flg=1
2026-10-06 18:40:00,18:39,2026-10-06,oi,9,15,三連単,11-2-7,195.4,195.4,46,https://www.keiba.go.jp/KeibaWeb/TodayRaceInfo/Odds3LenTan?k_babaCode=20&k_raceDate=2026%2F10%2F06&k_raceNo=9&odds_flg=1
2026-10-06 18:40:00,18:39,2026-10-06,oi,9,15,三連単,11-3-2,215.0,215.0,53,https://www.keiba.go.jp/KeibaWeb/TodayRaceInfo/Odds3LenTan?k_babaCode=20&k_raceDate=2026%2F10%2F06&k_raceNo=9&odds_flg=1
2026-10-06 18:40:00,18:39,2026-10-06,oi,9,15,三連単,3-11-2,247.6,247.6,59,https://www.keiba.go.jp/KeibaWeb/TodayRaceInfo/Odds3LenTan?k_babaCode=20&k_raceDate=2026%2F10%2F06&k_raceNo=9&odds_flg=1
2026-10-06 18:40:00,18:39,2026-10-06,oi,9,15,三連単,3-2-7,368.0,368.0,96,https://www.keiba.go.jp/KeibaWeb/TodayRaceInfo/Odds3LenTan?k_babaCode=20&k_raceDate=2026%2F10%2F06&k_raceNo=9&odds_flg=1
2026-10-06 18:40:00,18:39,2026-10-06,oi,9,15,三連単,11-7-2,401.8,401.8,101,https://www.keiba.go.jp/KeibaWeb/TodayRaceInfo/Odds3LenTan?k_babaCode=20&k_raceDate=2026%2F10%2F06&k_raceNo=9&odds_flg=1
2026-10-06 18:40:00,18:39,2026-10-06,oi,9,15,三連単,7-2-11,407.2,407.2,103,https://www.keiba.go.jp/KeibaWeb/TodayRaceInfo/Odds3LenTan?k_babaCode=20&k_raceDate=2026%2F10%2F06&k_raceNo=9&odds_flg=1
2026-10-06 18:40:00,18:39,2026-10-06,oi,9,15,三連単,7-2-3,512.8,512.8,125,https://www.keiba.go.jp/KeibaWeb/TodayRaceInfo/Odds3LenTan?k_babaCode=20&k_raceDate=2026%2F10%2F06&k_raceNo=9&odds_flg=1
2026-10-06 18:40:00,18:39,2026-10-06,oi,9,15,三連単,7-11-2,562.2,562.2,130,https://www.keiba.go.jp/KeibaWeb/TodayRaceInfo/Odds3LenTan?k_babaCode=20&k_raceDate=2026%2F10%2F06&k_raceNo=9&odds_flg=1
2026-10-06 18:40:00,18:39,2026-10-06,oi,9,15,三連単,3-7-2,652.0,652.0,151,https://www.keiba.go.jp/KeibaWeb/TodayRaceInfo/Odds3LenTan?k_babaCode=20&k_raceDate=2026%2F10%2F06&k_raceNo=9&odds_flg=1
2026-10-06 18:40:00,18:39,2026-10-06,oi,9,15,三連単,7-3-2,780.7,780.7,167,https://www.keiba.go.jp/KeibaWeb/TodayRaceInfo/Odds3LenTan?k_babaCode=20&k_raceDate=2026%2F10%2F06&k_raceNo=9&odds_flg=1
2026-10-06 18:40:00,18:39,2026-10-06,oi,9,15,三連単,11-3-7,907.9,907.9,184,https://www.keiba.go.jp/KeibaWeb/TodayRaceInfo/Odds3LenTan?k_babaCode=20&k_raceDate=2026%2F10%2F06&k_raceNo=9&odds_flg=1
2026-10-06 18:40:00,18:39,2026-10-06,oi,9,15,三連単,3-11-7,1056.7,1056.7,191,https://www.keiba.go.jp/KeibaWeb/TodayRaceInfo/Odds3LenTan?k_babaCode=20&k_raceDate=2026%2F10%2F06&k_raceNo=9&odds_flg=1
2026-10-06 18:40:00,18:39,2026-10-06,oi,9,15,三連単,11-7-3,1201.7,1201.7,205,https://www.keiba.go.jp/KeibaWeb/TodayRaceInfo/Odds3LenTan?k_babaCode=20&k_raceDate=2026%2F10%2F06&k_raceNo=9&odds_flg=1
2026-10-06 18:40:00,18:39,2026-10-06,oi,9,15,三連単,3-7-11,1250.7,1250.7,213,https://www.keiba.go.jp/KeibaWeb/TodayRaceInfo/Odds3LenTan?k_babaCode=20&k_raceDate=2026%2F10%2F06&k_raceNo=9&odds_flg=1
2026-10-06 18:40:00,18:39,2026-10-06,oi,9,15,三連単,7-11-3,2042.9,2042.9,322,https://www.keiba.go.jp/KeibaWeb/TodayRaceInfo/Odds3LenTan?k_babaCode=20&k_raceDate=2026%2F10%2F06&k_raceNo=9&odds_flg=1
2026-10-06 18:40:00,18:39,2026-10-06,oi,9,15,三連単,7-3-11,2150.4,2150.4,333,https://www.keiba.go.jp/KeibaWeb/TodayRaceInfo/Odds3LenTan?k_babaCode=20&k_raceDate=2026%2F10%2F06&k_raceNo=9&odds_flg=1
