captured_at,source_time,race_date,track,race_no,minutes_before,bet_type,combination,odds_low,odds_high,popularity,source_url
2026-10-07 19:50:00,19:49,2026-10-07,oi,11,15,単勝,1,6.2,6.2,3,https://www.keiba.go.jp/KeibaWeb/TodayRaceInfo/OddsTanFuku?k_babaCode=20&k_raceDate=2026%2F10%2F07&k_raceNo=11
2026-10-07 19:50:00,19:49,2026-10-07,oi,11,15,単勝,2,403.9,403.9,11,https://www.keiba.go.jp/KeibaWeb/TodayRaceInfo/OddsTanFuku?k_babaCode=20&k_raceDate=2026%2F10%2F07&k_raceNo=11
2026-10-07 19:50:00,19:49,2026-10-07,oi,11,15,単勝,3,4.9,4.9,2,https://www.keiba.go.jp/KeibaWeb/TodayRaceInfo/OddsTanFuku?k_babaCode=20&k_raceDate=2026%2F10%2F07&k_raceNo=11
2026-10-07 19:50:00,19:49,2026-10-07,oi,11,15,単勝,4,546.9,546.9,13,https://www.keiba.go.jp/KeibaWeb/TodayRaceInfo/OddsTanFuku?k_babaCode=20&k_raceDate=2026%2F10%2F07&k_raceNo=11
2026-10-07 19:50:00,19:49,2026-10-07,oi,11,15,単勝,5,9.4,9.4,6,https://www.keiba.go.jp/KeibaWeb/TodayRaceInfo/OddsTanFuku?k_babaCode=20&k_raceDate=2026%2F10%2F07&k_raceNo=11
2026-10-07 19:50:00,19:49,2026-10-07,oi,11,15,単勝,6,148.7,148.7,8,https://www.keiba.go.jp/KeibaWeb/TodayRaceInfo/OddsTanFuku?k_babaCode=20&k_raceDate=2026%2F10%2F07&k_raceNo=11
2026-10-07 19:50:00,19:49,2026-10-07,oi,11,15,単勝,7,513.9,513.9,12,https://www.keiba.go.jp/KeibaWeb/TodayRaceInfo/OddsTanFuku?k_babaCode=20&k_raceDate=2026%2F10%2F07&k_raceNo=11
2026-10-07 19:50:00,19:49,2026-10-07,oi,11,15,単勝,8,608.1,608.1,15,https://www.keiba.go.jp/KeibaWeb/TodayRaceInfo/OddsTanFuku?k_babaCode=20&k_raceDate=2026%2F10%2F07&k_raceNo=11
2026-10-07 19:50:00,19:49,2026-10-07,oi,11,15,単勝,9,671.0,671.0,16,https://www.keiba.go.jp/KeibaWeb/TodayRaceInfo/OddsTanFuku?k_babaCode=20&k_raceDate=2026%2F10%2F07&k_raceNo=11
2026-10-07 19:50:00,19:49,2026-10-07,oi,11,15,単勝,10,6.8,6.8,5,https://www.keiba.go.jp/KeibaWeb/TodayRaceInfo/OddsTanFuku?k_babaCode=20&k_raceDate=2026%2F10%2F07&k_raceNo=11
2026-10-07 19:50:00,19:49,2026-10-07,oi,11,15,単勝,11,6.6,6.6,4,https://www.keiba.go.jp/KeibaWeb/TodayRaceInfo/OddsTanFuku?k_babaCode=20&k_raceDate=2026%2F10%2F07&k_raceNo=11
2026-10-07 19:50:00,19:49,2026-10-07,oi,11,15,単勝,12,275.0,275.0,9,https://www.keiba.go.jp/KeibaWeb/TodayRaceInfo/OddsTanFuku?k_babaCode=20&k_raceDate=2026%2F10%2F07&k_raceNo=11
2026-10-07 19:50:00,19:49,2026-10-07,oi,11,15,単勝,13,23.4,23.4,7,https://www.keiba.go.jp/KeibaWeb/TodayRaceInfo/OddsTanFuku?k_babaCode=20&k_raceDate=2026%2F10%2F07&k_raceNo=11
2026-10-07 19:50:00,19:49,2026-10-07,oi,11,15,単勝,14,581.8,581.8,14,https://www.keiba.go.jp/KeibaWeb/TodayRaceInfo/OddsTanFuku?k_babaCode=20&k_raceDate=2026%2F10%2F07&k_raceNo=11
2026-10-07 19:50:00,19:49,2026-10-07,oi,11,15,単勝,15,2.4,2.4,1,https://www.keiba.go.jp/KeibaWeb/TodayRaceInfo/OddsTanFuku?k_babaCode=20&k_raceDate=2026%2F10%2F07&k_raceNo=11
2026-10-07 19:50:00,19:49,2026-10-07,oi,11,15,単勝,16,275.8,275.8,10,https://www.keiba.go.jp/KeibaWeb/TodayRaceInfo/OddsTanFuku?k_babaCode=20&k_raceDate=2026%2F10%2F07&k_raceNo=11
2026-10-07 19:50:00,19:49,2026-10-07,oi,11,15,馬連,3-15,6.3,6.3,1,https://www.keiba.go.jp/KeibaWeb/TodayRaceInfo/OddsUmLenFuku?k_babaCode=20&k_raceDate=2026%2F10%2F07&k_raceNo=11
2026-10-07 19:50:00,19:49,2026-10-07,oi,11,15,馬連,1-15,7.5,7.5,2,https://www.keiba.go.jp/KeibaWeb/TodayRaceInfo/OddsUmLenFuku?k_babaCode=20&k_raceDate=2026%2F10%2F07&k_raceNo=11
2026-10-07 19:50:00,19:49,2026-10-07,oi,11,15,馬連,10-15,9.2,9.2,3,https://www.keiba.go.jp/KeibaWeb/TodayRaceInfo/OddsUmLenFuku?k_babaCode=20&k_raceDate=2026%2F10%2F07&k_raceNo=11
2026-10-07 19:50:00,19:49,2026-10-07,oi,11,15,馬連,11-15,10.2,10.2,4,https://www.keiba.go.jp/KeibaWeb/TodayRaceInfo/OddsUmLenFuku?k_babaCode=20&k_raceDate=2026%2F10%2F07&k_raceNo=11
2026-10-07 19:50:00,19:49,2026-10-07,oi,11,15,馬連,1-3,10.8,10.8,5,https://www.keiba.go.jp/KeibaWeb/TodayRaceInfo/OddsUmLenFuku?k_babaCode=20&k_raceDate=2026%2F10%2F07&k_raceNo=11
2026-10-07 19:50:00,19:49,2026-10-07,oi,11,15,馬連,3-11,11.8,11.8,6,https://www.keiba.go.jp/KeibaWeb/TodayRaceInfo/OddsUmLenFuku?k_babaCode=20&k_raceDate=2026%2F10%2F07&k_raceNo=11
2026-10-07 19:50:00,19:49,2026-10-07,oi,11,15,馬連,5-15,12.6,12.6,7,https://www.keiba.go.jp/KeibaWeb/TodayRaceInfo/OddsUmLenFuku?k_babaCode=20&k_raceDate=2026%2F10%2F07&k_raceNo=11
2026-10-07 19:50:00,19:49,2026-10-07,oi,11,15,馬連,3-5,14.7,14.7,8,https://www.keiba.go.jp/KeibaWeb/TodayRaceInfo/OddsUmLenFuku?k_babaCode=20&k_raceDate=2026%2F10%2F07&k_raceNo=11
2026-10-07 19:50:00,19:49,2026-10-07,oi,11,15,馬連,3-10,14.8,14.8,9,https://www.keiba.go.jp/KeibaWeb/TodayRaceInfo/OddsUmLenFuku?k_babaCode=20&k_raceDate=2026%2F10%2F07&k_raceNo=11
2026-10-07 19:50:00,19:49,2026-10-07,oi,11,15,馬連,1-11,16.9,16.9,10,https://www.keiba.go.jp/KeibaWeb/TodayRaceInfo/OddsUmLenFuku?k_babaCode=20&k_raceDate=2026%2F10%2F07&k_raceNo=11
2026-10-07 19:50:00,19:49,2026-10-07,oi,11,15,馬連,1-10,17.2,17.2,11,https://www.keiba.go.jp/KeibaWeb/TodayRaceInfo/OddsUmLenFuku?k_babaCode=20&k_raceDate=2026%2F10%2F07&k_raceNo=11
2026-10-07 19:50:00,19:49,2026-10-07,oi,11,15,馬連,1-5,17.5,17.5,12,https://www.keiba.go.jp/KeibaWeb/TodayRaceInfo/OddsUmLenFuku?k_babaCode=20&k_raceDate=2026%2F10%2F07&k_raceNo=11
2026-10-07 19:50:00,19:49,2026-10-07,oi,11,15,馬連,5-11,24.3,24.3,13,https://www.keiba.go.jp/KeibaWeb/TodayRaceInfo/OddsUmLenFuku?k_babaCode=20&k_raceDate=2026%2F10%2F07&k_raceNo=11
2026-10-07 19:50:00,19:49,2026-10-07,oi,11,15,馬連,10-11,25.8,25.8,14,https://www.keiba.go.jp/KeibaWeb/TodayRaceInfo/OddsUmLenFuku?k_babaCode=20&k_raceDate=2026%2F10%2F07&k_raceNo=11
2026-10-07 19:50:00,19:49,2026-10-07,oi,11,15,馬連,13-15,30.7,30.7,15,https://www.keiba.go.jp/KeibaWeb/TodayRaceInfo/OddsUmLenFuku?k_babaCode=20&k_raceDate=2026%2F10%2F07&k_raceNo=11
2026-10-07 19:50:00,19:49,2026-10-07,oi,11,15,馬連,5-10,31.4,31.4,16,https://www.keiba.go.jp/KeibaWeb/TodayRaceInfo/OddsUmLenFuku?k_babaCode=20&k_raceDate=2026%2F10%2F07&k_raceNo=11
2026-10-07 19:50:00,19:49,2026-10-07,oi,11,15,馬連,3-13,48.1,48.1,17,https://www.keiba.go.jp/KeibaWeb/TodayRaceInfo/OddsUmLenFuku?k_babaCode=20&k_raceDate=2026%2F10%2F07&k_raceNo=11
2026-10-07 19:50:00,19:49,2026-10-07,oi,11,15,馬連,10-13,56.3,56.3,18,https://www.keiba.go.jp/KeibaWeb/TodayRaceInfo/OddsUmLenFuku?k_babaCode=20&k_raceDate=2026%2F10%2F07&k_raceNo=11
2026-10-07 19:50:00,19:49,2026-10-07,oi,11,15,馬連,1-13,59.8,59.8,19,https://www.keiba.go.jp/KeibaWeb/TodayRaceInfo/OddsUmLenFuku?k_babaCode=20&k_raceDate=2026%2F10%2F07&k_raceNo=11
2026-10-07 19:50:00,19:49,2026-10-07,oi,11,15,馬連,11-13,73.2,73.2,20,https://www.keiba.go.jp/KeibaWeb/TodayRaceInfo/OddsUmLenFuku?k_babaCode=20&k_raceDate=2026%2F10%2F07&k_raceNo=11
2026-10-07 19:50:00,19:49,2026-10-07,oi,11,15,馬連,5-13,84.1,84.1,21,https://www.keiba.go.jp/KeibaWeb/TodayRaceInfo/OddsUmLenFuku?k_babaCode=20&k_raceDate=2026%2F10%2F07&k_raceNo=11
2026-10-07 19:50:00,19:49,2026-10-07,oi,11,15,馬連,6-15,254.8,254.8,22,https://www.keiba.go.jp/KeibaWeb/TodayRaceInfo/OddsUmLenFuku?k_babaCode=20&k_raceDate=2026%2F10%2F07&k_raceNo=11
2026-10-07 19:50:00,19:49,2026-10-07,oi,11,15,馬連,6-10,364.9,364.9,23,https://www.keiba.go.jp/KeibaWeb/TodayRaceInfo/OddsUmLenFuku?k_babaCode=20&k_raceDate=2026%2F10%2F07&k_raceNo=11
2026-10-07 19:50:00,19:49,2026-10-07,oi,11,15,馬連,3-6,382.3,382.3,24,https://www.keiba.go.jp/KeibaWeb/TodayRaceInfo/OddsUmLenFuku?k_babaCode=20&k_raceDate=2026%2F10%2F07&k_raceNo=11
2026-10-07 19:50:00,19:49,2026-10-07,oi,11,15,馬連,1-6,454.4,454.4,25,https://www.keiba.go.jp/KeibaWeb/TodayRaceInfo/OddsUmLenFuku?k_babaCode=20&k_raceDate=2026%2F10%2F07&k_raceNo=11
2026-10-07 19:50:00,19:49,2026-10-07,oi,11,15,馬連,6-13,493.0,493.0,26,https://www.keiba.go.jp/KeibaWeb/TodayRaceInfo/OddsUmLenFuku?k_babaCode=20&k_raceDate=2026%2F10%2F07&k_raceNo=11
2026-10-07 19:50:00,19:49,2026-10-07,oi,11,15,馬連,5-6,623.7,623.7,27,https://www.keiba.go.jp/KeibaWeb/TodayRaceInfo/OddsUmLenFuku?k_babaCode=20&k_raceDate=2026%2F10%2F07&k_raceNo=11
2026-10-07 19:50:00,19:49,2026-10-07,oi,11,15,馬連,12-15,674.1,674.1,28,https://www.keiba.go.jp/KeibaWeb/TodayRaceInfo/OddsUmLenFuku?k_babaCode=20&k_raceDate=2026%2F10%2F07&k_raceNo=11
2026-10-07 19:50:00,19:49,2026-10-07,oi,11,15,馬連,6-11,696.6,696.6,29,https://www.keiba.go.jp/KeibaWeb/TodayRaceInfo/OddsUmLenFuku?k_babaCode=20&k_raceDate=2026%2F10%2F07&k_raceNo=11
2026-10-07 19:50:00,19:49,2026-10-07,oi,11,15,馬連,15-16,714.0,714.0,30,https://www.keiba.go.jp/KeibaWeb/TodayRaceInfo/OddsUmLenFuku?k_babaCode=20&k_raceDate=2026%2F10%2F07&k_raceNo=11
2026-10-07 19:50:00,19:49,2026-10-07,oi,11,15,馬連,3-12,800.6,800.6,31,https://www.keiba.go.jp/KeibaWeb/TodayRaceInfo/OddsUmLenFuku?k_babaCode=20&k_raceDate=2026%2F10%2F07&k_raceNo=11
2026-10-07 19:50:00,19:49,2026-10-07,oi,11,15,馬連,1-12,886.5,886.5,32,https://www.keiba.go.jp/KeibaWeb/TodayRaceInfo/OddsUmLenFuku?k_babaCode=20&k_raceDate=2026%2F10%2F07&k_raceNo=11
2026-10-07 19:50:00,19:49,2026-10-07,oi,11,15,馬連,10-12,942.0,942.0,33,https://www.keiba.go.jp/KeibaWeb/TodayRaceInfo/OddsUmLenFuku?k_babaCode=20&k_raceDate=2026%2F10%2F07&k_raceNo=11
2026-10-07 19:50:00,19:49,2026-10-07,oi,11,15,馬連,1-2,952.7,952.7,34,https://www.keiba.go.jp/KeibaWeb/TodayRaceInfo/OddsUmLenFuku?k_babaCode=20&k_raceDate=2026%2F10%2F07&k_raceNo=11
2026-10-07 19:50:00,19:49,2026-10-07,oi,11,15,馬連,11-12,1040.2,1040.2,35,https://www.keiba.go.jp/KeibaWeb/TodayRaceInfo/OddsUmLenFuku?k_babaCode=20&k_raceDate=2026%2F10%2F07&k_raceNo=11
2026-10-07 19:50:00,19:49,2026-10-07,oi,11,15,馬連,1-16,1116.2,1116.2,36,https://www.keiba.go.jp/KeibaWeb/TodayRaceInfo/OddsUmLenFuku?k_babaCode=20&k_raceDate=2026%2F10%2F07&k_raceNo=11
2026-10-07 19:50:00,19:49,2026-10-07,oi,11,15,馬連,10-16,1213.6,1213.6,37,https://www.keiba.go.jp/KeibaWeb/TodayRaceInfo/OddsUmLenFuku?k_babaCode=20&k_raceDate=2026%2F10%2F07&k_raceNo=11
2026-10-07 19:50:00,19:49,2026-10-07,oi,11,15,馬連,3-16,1229.9,1229.9,38,https://www.keiba.go.jp/KeibaWeb/TodayRaceInfo/OddsUmLenFuku?k_babaCode=20&k_raceDate=2026%2F10%2F07&k_raceNo=11
2026-10-07 19:50:00,19:49,2026-10-07,oi,11,15,馬連,2-15,1231.5,1231.5,39,https://www.keiba.go.jp/KeibaWeb/TodayRaceInfo/OddsUmLenFuku?k_babaCode=20&k_raceDate=2026%2F10%2F07&k_raceNo=11
2026-10-07 19:50:00,19:49,2026-10-07,oi,11,15,馬連,5-12,1339.4,1339.4,40,https://www.keiba.go.jp/KeibaWeb/TodayRaceInfo/OddsUmLenFuku?k_babaCode=20&k_raceDate=2026%2F10%2F07&k_raceNo=11
2026-10-07 19:50:00,19:49,2026-10-07,oi,11,15,馬連,8-15,1524.1,1524.1,41,https://www.keiba.go.jp/KeibaWeb/TodayRaceInfo/OddsUmLenFuku?k_babaCode=20&k_raceDate=2026%2F10%2F07&k_raceNo=11
2026-10-07 19:50:00,19:49,2026-10-07,oi,11,15,馬連,11-16,1571.1,1571.1,42,https://www.keiba.go.jp/KeibaWeb/TodayRaceInfo/OddsUmLenFuku?k_babaCode=20&k_raceDate=2026%2F10%2F07&k_raceNo=11
2026-10-07 19:50:00,19:49,2026-10-07,oi,11,15,馬連,5-16,1727.9,1727.9,43,https://www.keiba.go.jp/KeibaWeb/TodayRaceInfo/OddsUmLenFuku?k_babaCode=20&k_raceDate=2026%2F10%2F07&k_raceNo=11
2026-10-07 19:50:00,19:49,2026-10-07,oi,11,15,馬連,14-15,1741.0,1741.0,44,https://www.keiba.go.jp/KeibaWeb/TodayRaceInfo/OddsUmLenFuku?k_babaCode=20&k_raceDate=2026%2F10%2F07&k_raceNo=11
2026-10-07 19:50:00,19:49,2026-10-07,oi,11,15,馬連,3-4,1806.1,1806.1,45,https://www.keiba.go.jp/KeibaWeb/TodayRaceInfo/OddsUmLenFuku?k_babaCode=20&k_raceDate=2026%2F10%2F07&k_raceNo=11
2026-10-07 19:50:00,19:49,2026-10-07,oi,11,15,馬連,7-15,1806.1,1806.1,45,https://www.keiba.go.jp/KeibaWeb/TodayRaceInfo/OddsUmLenFuku?k_babaCode=20&k_raceDate=2026%2F10%2F07&k_raceNo=11
2026-10-07 19:50:00,19:49,2026-10-07,oi,11,15,馬連,4-15,1827.7,1827.7,47,https://www.keiba.go.jp/KeibaWeb/TodayRaceInfo/OddsUmLenFuku?k_babaCode=20&k_raceDate=2026%2F10%2F07&k_raceNo=11
2026-10-07 19:50:00,19:49,2026-10-07,oi,11,15,馬連,7-10,1864.9,1864.9,48,https://www.keiba.go.jp/KeibaWeb/TodayRaceInfo/OddsUmLenFuku?k_babaCode=20&k_raceDate=2026%2F10%2F07&k_raceNo=11
2026-10-07 19:50:00,19:49,2026-10-07,oi,11,15,馬連,2-10,1952.2,1952.2,49,https://www.keiba.go.jp/KeibaWeb/TodayRaceInfo/OddsUmLenFuku?k_babaCode=20&k_raceDate=2026%2F10%2F07&k_raceNo=11
2026-10-07 19:50:00,19:49,2026-10-07,oi,11,15,馬連,2-3,1964.7,1964.7,50,https://www.keiba.go.jp/KeibaWeb/TodayRaceInfo/OddsUmLenFuku?k_babaCode=20&k_raceDate=2026%2F10%2F07&k_raceNo=11
2026-10-07 19:50:00,19:49,2026-10-07,oi,11,15,馬連,1-8,1998.9,1998.9,51,https://www.keiba.go.jp/KeibaWeb/TodayRaceInfo/OddsUmLenFuku?k_babaCode=20&k_raceDate=2026%2F10%2F07&k_raceNo=11
2026-10-07 19:50:00,19:49,2026-10-07,oi,11,15,馬連,9-15,2128.8,2128.8,52,https://www.keiba.go.jp/KeibaWeb/TodayRaceInfo/OddsUmLenFuku?k_babaCode=20&k_raceDate=2026%2F10%2F07&k_raceNo=11
2026-10-07 19:50:00,19:49,2026-10-07,oi,11,15,馬連,1-4,2138.7,2138.7,53,https://www.keiba.go.jp/KeibaWeb/TodayRaceInfo/OddsUmLenFuku?k_babaCode=20&k_raceDate=2026%2F10%2F07&k_raceNo=11
2026-10-07 19:50:00,19:49,2026-10-07,oi,11,15,馬連,1-7,2174.2,2174.2,54,https://www.keiba.go.jp/KeibaWeb/TodayRaceInfo/OddsUmLenFuku?k_babaCode=20&k_raceDate=2026%2F10%2F07&k_raceNo=11
2026-10-07 19:50:00,19:49,2026-10-07,oi,11,15,馬連,12-13,2184.6,2184.6,55,https://www.keiba.go.jp/KeibaWeb/TodayRaceInfo/OddsUmLenFuku?k_babaCode=20&k_raceDate=2026%2F10%2F07&k_raceNo=11
2026-10-07 19:50:00,19:49,2026-10-07,oi,11,15,馬連,2-5,2254.3,2254.3,56,https://www.keiba.go.jp/KeibaWeb/TodayRaceInfo/OddsUmLenFuku?k_babaCode=20&k_raceDate=2026%2F10%2F07&k_raceNo=11
2026-10-07 19:50:00,19:49,2026-10-07,oi,11,15,馬連,3-8,2377.0,2377.0,57,https://www.keiba.go.jp/KeibaWeb/TodayRaceInfo/OddsUmLenFuku?k_babaCode=20&k_raceDate=2026%2F10%2F07&k_raceNo=11
2026-10-07 19:50:00,19:49,2026-10-07,oi,11,15,馬連,3-7,2486.5,2486.5,58,https://www.keiba.go.jp/KeibaWeb/TodayRaceInfo/OddsUmLenFuku?k_babaCode=20&k_raceDate=2026%2F10%2F07&k_raceNo=11
2026-10-07 19:50:00,19:49,2026-10-07,oi,11,15,馬連,3-14,2520.7,2520.7,59,https://www.keiba.go.jp/KeibaWeb/TodayRaceInfo/OddsUmLenFuku?k_babaCode=20&k_raceDate=2026%2F10%2F07&k_raceNo=11
2026-10-07 19:50:00,19:49,2026-10-07,oi,11,15,馬連,4-10,2570.1,2570.1,60,https://www.keiba.go.jp/KeibaWeb/TodayRaceInfo/OddsUmLenFuku?k_babaCode=20&k_raceDate=2026%2F10%2F07&k_raceNo=11
2026-10-07 19:50:00,19:49,2026-10-07,oi,11,15,馬連,13-16,2599.2,2599.2,61,https://www.keiba.go.jp/KeibaWeb/TodayRaceInfo/OddsUmLenFuku?k_babaCode=20&k_raceDate=2026%2F10%2F07&k_raceNo=11
2026-10-07 19:50:00,19:49,2026-10-07,oi,11,15,馬連,8-10,2629.0,2629.0,62,https://www.keiba.go.jp/KeibaWeb/TodayRaceInfo/OddsUmLenFuku?k_babaCode=20&k_raceDate=2026%2F10%2F07&k_raceNo=11
2026-10-07 19:50:00,19:49,2026-10-07,oi,11,15,馬連,2-11,2867.3,2867.3,63,https://www.keiba.go.jp/KeibaWeb/TodayRaceInfo/OddsUmLenFuku?k_babaCode=20&k_raceDate=2026%2F10%2F07&k_raceNo=11
2026-10-07 19:50:00,19:49,2026-10-07,oi,11,15,馬連,1-9,2988.7,2988.7,64,https://www.keiba.go.jp/KeibaWeb/TodayRaceInfo/OddsUmLenFuku?k_babaCode=20&k_raceDate=2026%2F10%2F07&k_raceNo=11
2026-10-07 19:50:00,19:49,2026-10-07,oi,11,15,馬連,10-14,3174.8,3174.8,65,https://www.keiba.go.jp/KeibaWeb/TodayRaceInfo/OddsUmLenFuku?k_babaCode=20&k_raceDate=2026%2F10%2F07&k_raceNo=11
2026-10-07 19:50:00,19:49,2026-10-07,oi,11,15,馬連,4-5,3185.8,3185.8,66,https://www.keiba.go.jp/KeibaWeb/TodayRaceInfo/OddsUmLenFuku?k_babaCode=20&k_raceDate=2026%2F10%2F07&k_raceNo=11
2026-10-07 19:50:00,19:49,2026-10-07,oi,11,15,馬連,1-14,3265.2,3265.2,67,https://www.keiba.go.jp/KeibaWeb/TodayRaceInfo/OddsUmLenFuku?k_babaCode=20&k_raceDate=2026%2F10%2F07&k_raceNo=11
2026-10-07 19:50:00,19:49,2026-10-07,oi,11,15,馬連,9-10,3336.4,3336.4,68,https://www.keiba.go.jp/KeibaWeb/TodayRaceInfo/OddsUmLenFuku?k_babaCode=20&k_raceDate=2026%2F10%2F07&k_raceNo=11
2026-10-07 19:50:00,19:49,2026-10-07,oi,11,15,馬連,13-14,3449.3,3449.3,69,https://www.keiba.go.jp/KeibaWeb/TodayRaceInfo/OddsUmLenFuku?k_babaCode=20&k_raceDate=2026%2F10%2F07&k_raceNo=11
2026-10-07 19:50:00,19:49,2026-10-07,oi,11,15,馬連,9-11,3760.3,3760.3,70,https://www.keiba.go.jp/KeibaWeb/TodayRaceInfo/OddsUmLenFuku?k_babaCode=20&k_raceDate=2026%2F10%2F07&k_raceNo=11
2026-10-07 19:50:00,19:49,2026-10-07,oi,11,15,馬連,3-9,3775.8,3775.8,71,https://www.keiba.go.jp/KeibaWeb/TodayRaceInfo/OddsUmLenFuku?k_babaCode=20&k_raceDate=2026%2F10%2F07&k_raceNo=11
2026-10-07 19:50:00,19:49,2026-10-07,oi,11,15,馬連,5-8,3921.0,3921.0,72,https://www.keiba.go.jp/KeibaWeb/TodayRaceInfo/OddsUmLenFuku?k_babaCode=20&k_raceDate=2026%2F10%2F07&k_raceNo=11
2026-10-07 19:50:00,19:49,2026-10-07,oi,11,15,馬連,5-7,4189.6,4189.6,73,https://www.keiba.go.jp/KeibaWeb/TodayRaceInfo/OddsUmLenFuku?k_babaCode=20&k_raceDate=2026%2F10%2F07&k_raceNo=11
2026-10-07 19:50:00,19:49,2026-10-07,oi,11,15,馬連,6-16,4267.6,4267.6,74,https://www.keiba.go.jp/KeibaWeb/TodayRaceInfo/OddsUmLenFuku?k_babaCode=20&k_raceDate=2026%2F10%2F07&k_raceNo=11
2026-10-07 19:50:00,19:49,2026-10-07,oi,11,15,馬連,7-11,4681.3,4681.3,75,https://www.keiba.go.jp/KeibaWeb/TodayRaceInfo/OddsUmLenFuku?k_babaCode=20&k_raceDate=2026%2F10%2F07&k_raceNo=11
2026-10-07 19:50:00,19:49,2026-10-07,oi,11,15,馬連,5-9,4705.3,4705.3,76,https://www.keiba.go.jp/KeibaWeb/TodayRaceInfo/OddsUmLenFuku?k_babaCode=20&k_raceDate=2026%2F10%2F07&k_raceNo=11
2026-10-07 19:50:00,19:49,2026-10-07,oi,11,15,馬連,4-11,4754.0,4754.0,77,https://www.keiba.go.jp/KeibaWeb/TodayRaceInfo/OddsUmLenFuku?k_babaCode=20&k_raceDate=2026%2F10%2F07&k_raceNo=11
2026-10-07 19:50:00,19:49,2026-10-07,oi,11,15,馬連,2-13,4778.8,4778.8,78,https://www.keiba.go.jp/KeibaWeb/TodayRaceInfo/OddsUmLenFuku?k_babaCode=20&k_raceDate=2026%2F10%2F07&k_raceNo=11
2026-10-07 19:50:00,19:49,2026-10-07,oi,11,15,馬連,8-11,4778.8,4778.8,78,https://www.keiba.go.jp/KeibaWeb/TodayRaceInfo/OddsUmLenFuku?k_babaCode=20&k_raceDate=2026%2F10%2F07&k_raceNo=11
2026-10-07 19:50:00,19:49,2026-10-07,oi,11,15,馬連,2-6,4803.8,4803.8,80,https://www.keiba.go.jp/KeibaWeb/TodayRaceInfo/OddsUmLenFuku?k_babaCode=20&k_raceDate=2026%2F10%2F07&k_raceNo=11
2026-10-07 19:50:00,19:49,2026-10-07,oi,11,15,馬連,5-14,4880.5,4880.5,81,https://www.keiba.go.jp/KeibaWeb/TodayRaceInfo/OddsUmLenFuku?k_babaCode=20&k_raceDate=2026%2F10%2F07&k_raceNo=11
2026-10-07 19:50:00,19:49,2026-10-07,oi,11,15,馬連,11-14,4986.6,4986.6,82,https://www.keiba.go.jp/KeibaWeb/TodayRaceInfo/OddsUmLenFuku?k_babaCode=20&k_raceDate=2026%2F10%2F07&k_raceNo=11
2026-10-07 19:50:00,19:49,2026-10-07,oi,11,15,馬連,6-12,5494.2,5494.2,83,https://www.keiba.go.jp/KeibaWeb/TodayRaceInfo/OddsUmLenFuku?k_babaCode=20&k_raceDate=2026%2F10%2F07&k_raceNo=11
2026-10-07 19:50:00,19:49,2026-10-07,oi,11,15,馬連,6-14,5527.3,5527.3,84,https://www.keiba.go.jp/KeibaWeb/TodayRaceInfo/OddsUmLenFuku?k_babaCode=20&k_raceDate=2026%2F10%2F07&k_raceNo=11
2026-10-07 19:50:00,19:49,2026-10-07,oi,11,15,馬連,8-13,5919.5,5919.5,85,https://www.keiba.go.jp/KeibaWeb/TodayRaceInfo/OddsUmLenFuku?k_babaCode=20&k_raceDate=2026%2F10%2F07&k_raceNo=11
2026-10-07 19:50:00,19:49,2026-10-07,oi,11,15,馬連,6-8,5958.0,5958.0,86,https://www.keiba.go.jp/KeibaWeb/TodayRaceInfo/OddsUmLenFuku?k_babaCode=20&k_raceDate=2026%2F10%2F07&k_raceNo=11
2026-10-07 19:50:00,19:49,2026-10-07,oi,11,15,馬連,4-13,6507.3,6507.3,87,https://www.keiba.go.jp/KeibaWeb/TodayRaceInfo/OddsUmLenFuku?k_babaCode=20&k_raceDate=2026%2F10%2F07&k_raceNo=11
2026-10-07 19:50:00,19:49,2026-10-07,oi,11,15,馬連,9-13,6951.0,6951.0,88,https://www.keiba.go.jp/KeibaWeb/TodayRaceInfo/OddsUmLenFuku?k_babaCode=20&k_raceDate=2026%2F10%2F07&k_raceNo=11
2026-10-07 19:50:00,19:49,2026-10-07,oi,11,15,馬連,7-13,7004.0,7004.0,89,https://www.keiba.go.jp/KeibaWeb/TodayRaceInfo/OddsUmLenFuku?k_babaCode=20&k_raceDate=2026%2F10%2F07&k_raceNo=11
2026-10-07 19:50:00,19:49,2026-10-07,oi,11,15,馬連,2-4,7520.7,7520.7,90,https://www.keiba.go.jp/KeibaWeb/TodayRaceInfo/OddsUmLenFuku?k_babaCode=20&k_raceDate=2026%2F10%2F07&k_raceNo=11
2026-10-07 19:50:00,19:49,2026-10-07,oi,11,15,馬連,2-9,7520.7,7520.7,90,https://www.keiba.go.jp/KeibaWeb/TodayRaceInfo/OddsUmLenFuku?k_babaCode=20&k_raceDate=2026%2F10%2F07&k_raceNo=11
2026-10-07 19:50:00,19:49,2026-10-07,oi,11,15,馬連,2-7,7710.3,7710.3,92,https://www.keiba.go.jp/KeibaWeb/TodayRaceInfo/OddsUmLenFuku?k_babaCode=20&k_raceDate=2026%2F10%2F07&k_raceNo=11
2026-10-07 19:50:00,19:49,2026-10-07,oi,11,15,馬連,4-6,8908.1,8908.1,93,https://www.keiba.go.jp/KeibaWeb/TodayRaceInfo/OddsUmLenFuku?k_babaCode=20&k_raceDate=2026%2F10%2F07&k_raceNo=11
2026-10-07 19:50:00,19:49,2026-10-07,oi,11,15,馬連,2-12,9084.5,9084.5,94,https://www.keiba.go.jp/KeibaWeb/TodayRaceInfo/OddsUmLenFuku?k_babaCode=20&k_raceDate=2026%2F10%2F07&k_raceNo=11
2026-10-07 19:50:00,19:49,2026-10-07,oi,11,15,馬連,2-8,9459.1,9459.1,95,https://www.keiba.go.jp/KeibaWeb/TodayRaceInfo/OddsUmLenFuku?k_babaCode=20&k_raceDate=2026%2F10%2F07&k_raceNo=11
2026-10-07 19:50:00,19:49,2026-10-07,oi,11,15,馬連,6-9,9557.6,9557.6,96,https://www.keiba.go.jp/KeibaWeb/TodayRaceInfo/OddsUmLenFuku?k_babaCode=20&k_raceDate=2026%2F10%2F07&k_raceNo=11
2026-10-07 19:50:00,19:49,2026-10-07,oi,11,15,馬連,6-7,9658.2,9658.2,97,https://www.keiba.go.jp/KeibaWeb/TodayRaceInfo/OddsUmLenFuku?k_babaCode=20&k_raceDate=2026%2F10%2F07&k_raceNo=11
2026-10-07 19:50:00,19:49,2026-10-07,oi,11,15,馬連,2-16,9999.9,9999.9,98,https://www.keiba.go.jp/KeibaWeb/TodayRaceInfo/OddsUmLenFuku?k_babaCode=20&k_raceDate=2026%2F10%2F07&k_raceNo=11
2026-10-07 19:50:00,19:49,2026-10-07,oi,11,15,馬連,12-16,9999.9,9999.9,99,https://www.keiba.go.jp/KeibaWeb/TodayRaceInfo/OddsUmLenFuku?k_babaCode=20&k_raceDate=2026%2F10%2F07&k_raceNo=11
2026-10-07 19:50:00,19:49,2026-10-07,oi,11,15,馬連,7-12,9999.9,9999.9,100,https://www.keiba.go.jp/KeibaWeb/TodayRaceInfo/OddsUmLenFuku?k_babaCode=20&k_raceDate=2026%2F10%2F07&k_raceNo=11
2026-10-07 19:50:00,19:49,2026-10-07,oi,11,15,馬連,4-7,9999.9,9999.9,101,https://www.keiba.go.jp/KeibaWeb/TodayRaceInfo/OddsUmLenFuku?k_babaCode=20&k_raceDate=2026%2F10%2F07&k_raceNo=11
2026-10-07 19:50:00,19:49,2026-10-07,oi,11,15,馬連,7-9,9999.9,9999.9,102,https://www.keiba.go.jp/KeibaWeb/TodayRaceInfo/OddsUmLenFuku?k_babaCode=20&k_raceDate=2026%2F10%2F07&k_raceNo=11
2026-10-07 19:50:00,19:49,2026-10-07,oi,11,15,馬連,14-16,9999.9,9999.9,103,https://www.keiba.go.jp/KeibaWeb/TodayRaceInfo/OddsUmLenFuku?k_babaCode=20&k_raceDate=2026%2F10%2F07&k_raceNo=11
2026-10-07 19:50:00,19:49,2026-10-07,oi,11,15,馬連,7-8,9999.9,9999.9,104,https://www.keiba.go.jp/KeibaWeb/TodayRaceInfo/OddsUmLenFuku?k_babaCode=20&k_raceDate=2026%2F10%2F07&k_raceNo=11
2026-10-07 19:50:00,19:49,2026-10-07,oi,11,15,馬連,8-16,9999.9,9999.9,104,https://www.keiba.go.jp/KeibaWeb/TodayRaceInfo/OddsUmLenFuku?k_babaCode=20&k_raceDate=2026%2F10%2F07&k_raceNo=11
2026-10-07 19:50:00,19:49,2026-10-07,oi,11,15,馬連,8-12,9999.9,9999.9,106,https://www.keiba.go.jp/KeibaWeb/TodayRaceInfo/OddsUmLenFuku?k_babaCode=20&k_raceDate=2026%2F10%2F07&k_raceNo=11
2026-10-07 19:50:00,19:49,2026-10-07,oi,11,15,馬連,4-8,9999.9,9999.9,107,https://www.keiba.go.jp/KeibaWeb/TodayRaceInfo/OddsUmLenFuku?k_babaCode=20&k_raceDate=2026%2F10%2F07&k_raceNo=11
2026-10-07 19:50:00,19:49,2026-10-07,oi,11,15,馬連,4-12,9999.9,9999.9,107,https://www.keiba.go.jp/KeibaWeb/TodayRaceInfo/OddsUmLenFuku?k_babaCode=20&k_raceDate=2026%2F10%2F07&k_raceNo=11
2026-10-07 19:50:00,19:49,2026-10-07,oi,11,15,馬連,9-16,9999.9,9999.9,109,https://www.keiba.go.jp/KeibaWeb/TodayRaceInfo/OddsUmLenFuku?k_babaCode=20&k_raceDate=2026%2F10%2F07&k_raceNo=11
2026-10-07 19:50:00,19:49,2026-10-07,oi,11,15,馬連,7-16,9999.9,9999.9,110,https://www.keiba.go.jp/KeibaWeb/TodayRaceInfo/OddsUmLenFuku?k_babaCode=20&k_raceDate=2026%2F10%2F07&k_raceNo=11
2026-10-07 19:50:00,19:49,2026-10-07,oi,11,15,馬連,4-9,9999.9,9999.9,111,https://www.keiba.go.jp/KeibaWeb/TodayRaceInfo/OddsUmLenFuku?k_babaCode=20&k_raceDate=2026%2F10%2F07&k_raceNo=11
2026-10-07 19:50:00,19:49,2026-10-07,oi,11,15,馬連,2-14,9999.9,9999.9,112,https://www.keiba.go.jp/KeibaWeb/TodayRaceInfo/OddsUmLenFuku?k_babaCode=20&k_raceDate=2026%2F10%2F07&k_raceNo=11
2026-10-07 19:50:00,19:49,2026-10-07,oi,11,15,馬連,12-14,9999.9,9999.9,113,https://www.keiba.go.jp/KeibaWeb/TodayRaceInfo/OddsUmLenFuku?k_babaCode=20&k_raceDate=2026%2F10%2F07&k_raceNo=11
2026-10-07 19:50:00,19:49,2026-10-07,oi,11,15,馬連,8-14,9999.9,9999.9,114,https://www.keiba.go.jp/KeibaWeb/TodayRaceInfo/OddsUmLenFuku?k_babaCode=20&k_raceDate=2026%2F10%2F07&k_raceNo=11
2026-10-07 19:50:00,19:49,2026-10-07,oi,11,15,馬連,4-16,9999.9,9999.9,115,https://www.keiba.go.jp/KeibaWeb/TodayRaceInfo/OddsUmLenFuku?k_babaCode=20&k_raceDate=2026%2F10%2F07&k_raceNo=11
2026-10-07 19:50:00,19:49,2026-10-07,oi,11,15,馬連,4-14,9999.9,9999.9,116,https://www.keiba.go.jp/KeibaWeb/TodayRaceInfo/OddsUmLenFuku?k_babaCode=20&k_raceDate=2026%2F10%2F07&k_raceNo=11
2026-10-07 19:50:00,19:49,2026-10-07,oi,11,15,馬連,9-12,9999.9,9999.9,116,https://www.keiba.go.jp/KeibaWeb/TodayRaceInfo/OddsUmLenFuku?k_babaCode=20&k_raceDate=2026%2F10%2F07&k_raceNo=11
2026-10-07 19:50:00,19:49,2026-10-07,oi,11,15,馬連,7-14,9999.9,9999.9,118,https://www.keiba.go.jp/KeibaWeb/TodayRaceInfo/OddsUmLenFuku?k_babaCode=20&k_raceDate=2026%2F10%2F07&k_raceNo=11
2026-10-07 19:50:00,19:49,2026-10-07,oi,11,15,馬連,8-9,9999.9,9999.9,118,https://www.keiba.go.jp/KeibaWeb/TodayRaceInfo/OddsUmLenFuku?k_babaCode=20&k_raceDate=2026%2F10%2F07&k_raceNo=11
2026-10-07 19:50:00,19:49,2026-10-07,oi,11,15,馬連,9-14,9999.9,9999.9,120,https://www.keiba.go.jp/KeibaWeb/TodayRaceInfo/OddsUmLenFuku?k_babaCode=20&k_raceDate=2026%2F10%2F07&k_raceNo=11
2026-10-07 19:50:00,19:49,2026-10-07,oi,11,15,ワイド,3-15,2.9,3.3,1,https://www.keiba.go.jp/KeibaWeb/TodayRaceInfo/OddsWide?k_babaCode=20&k_raceDate=2026%2F10%2F07&k_raceNo=11
2026-10-07 19:50:00,19:49,2026-10-07,oi,11,15,ワイド,1-15,3.0,3.5,2,https://www.keiba.go.jp/KeibaWeb/TodayRaceInfo/OddsWide?k_babaCode=20&k_raceDate=2026%2F10%2F07&k_raceNo=11
2026-10-07 19:50:00,19:49,2026-10-07,oi,11,15,ワイド,1-3,3.5,4.1,3,https://www.keiba.go.jp/KeibaWeb/TodayRaceInfo/OddsWide?k_babaCode=20&k_raceDate=2026%2F10%2F07&k_raceNo=11
2026-10-07 19:50:00,19:49,2026-10-07,oi,11,15,ワイド,11-15,3.6,4.1,4,https://www.keiba.go.jp/KeibaWeb/TodayRaceInfo/OddsWide?k_babaCode=20&k_raceDate=2026%2F10%2F07&k_raceNo=11
2026-10-07 19:50:00,19:49,2026-10-07,oi,11,15,ワイド,3-11,3.9,4.6,5,https://www.keiba.go.jp/KeibaWeb/TodayRaceInfo/OddsWide?k_babaCode=20&k_raceDate=2026%2F10%2F07&k_raceNo=11
2026-10-07 19:50:00,19:49,2026-10-07,oi,11,15,ワイド,10-15,4.2,4.7,6,https://www.keiba.go.jp/KeibaWeb/TodayRaceInfo/OddsWide?k_babaCode=20&k_raceDate=2026%2F10%2F07&k_raceNo=11
2026-10-07 19:50:00,19:49,2026-10-07,oi,11,15,ワイド,1-11,4.6,5.3,7,https://www.keiba.go.jp/KeibaWeb/TodayRaceInfo/OddsWide?k_babaCode=20&k_raceDate=2026%2F10%2F07&k_raceNo=11
2026-10-07 19:50:00,19:49,2026-10-07,oi,11,15,ワイド,5-15,4.7,5.3,8,https://www.keiba.go.jp/KeibaWeb/TodayRaceInfo/OddsWide?k_babaCode=20&k_raceDate=2026%2F10%2F07&k_raceNo=11
2026-10-07 19:50:00,19:49,2026-10-07,oi,11,15,ワイド,3-5,5.1,5.8,9,https://www.keiba.go.jp/KeibaWeb/TodayRaceInfo/OddsWide?k_babaCode=20&k_raceDate=2026%2F10%2F07&k_raceNo=11
2026-10-07 19:50:00,19:49,2026-10-07,oi,11,15,ワイド,3-10,5.1,5.8,10,https://www.keiba.go.jp/KeibaWeb/TodayRaceInfo/OddsWide?k_babaCode=20&k_raceDate=2026%2F10%2F07&k_raceNo=11
2026-10-07 19:50:00,19:49,2026-10-07,oi,11,15,ワイド,1-5,5.5,6.2,11,https://www.keiba.go.jp/KeibaWeb/TodayRaceInfo/OddsWide?k_babaCode=20&k_raceDate=2026%2F10%2F07&k_raceNo=11
2026-10-07 19:50:00,19:49,2026-10-07,oi,11,15,ワイド,1-10,6.0,6.9,12,https://www.keiba.go.jp/KeibaWeb/TodayRaceInfo/OddsWide?k_babaCode=20&k_raceDate=2026%2F10%2F07&k_raceNo=11
2026-10-07 19:50:00,19:49,2026-10-07,oi,11,15,ワイド,5-11,6.8,7.7,13,https://www.keiba.go.jp/KeibaWeb/TodayRaceInfo/OddsWide?k_babaCode=20&k_raceDate=2026%2F10%2F07&k_raceNo=11
2026-10-07 19:50:00,19:49,2026-10-07,oi,11,15,ワイド,13-15,7.7,8.5,14,https://www.keiba.go.jp/KeibaWeb/TodayRaceInfo/OddsWide?k_babaCode=20&k_raceDate=2026%2F10%2F07&k_raceNo=11
2026-10-07 19:50:00,19:49,2026-10-07,oi,11,15,ワイド,10-11,8.6,9.7,15,https://www.keiba.go.jp/KeibaWeb/TodayRaceInfo/OddsWide?k_babaCode=20&k_raceDate=2026%2F10%2F07&k_raceNo=11
2026-10-07 19:50:00,19:49,2026-10-07,oi,11,15,ワイド,5-10,9.6,10.7,16,https://www.keiba.go.jp/KeibaWeb/TodayRaceInfo/OddsWide?k_babaCode=20&k_raceDate=2026%2F10%2F07&k_raceNo=11
2026-10-07 19:50:00,19:49,2026-10-07,oi,11,15,ワイド,3-13,11.1,12.5,17,https://www.keiba.go.jp/KeibaWeb/TodayRaceInfo/OddsWide?k_babaCode=20&k_raceDate=2026%2F10%2F07&k_raceNo=11
2026-10-07 19:50:00,19:49,2026-10-07,oi,11,15,ワイド,10-13,11.9,13.1,18,https://www.keiba.go.jp/KeibaWeb/TodayRaceInfo/OddsWide?k_babaCode=20&k_raceDate=2026%2F10%2F07&k_raceNo=11
2026-10-07 19:50:00,19:49,2026-10-07,oi,11,15,ワイド,11-13,11.9,13.2,19,https://www.keiba.go.jp/KeibaWeb/TodayRaceInfo/OddsWide?k_babaCode=20&k_raceDate=2026%2F10%2F07&k_raceNo=11
2026-10-07 19:50:00,19:49,2026-10-07,oi,11,15,ワイド,1-13,12.3,13.8,20,https://www.keiba.go.jp/KeibaWeb/TodayRaceInfo/OddsWide?k_babaCode=20&k_raceDate=2026%2F10%2F07&k_raceNo=11
2026-10-07 19:50:00,19:49,2026-10-07,oi,11,15,ワイド,5-13,15.5,16.8,21,https://www.keiba.go.jp/KeibaWeb/TodayRaceInfo/OddsWide?k_babaCode=20&k_raceDate=2026%2F10%2F07&k_raceNo=11
2026-10-07 19:50:00,19:49,2026-10-07,oi,11,15,ワイド,6-15,40.7,44.8,22,https://www.keiba.go.jp/KeibaWeb/TodayRaceInfo/OddsWide?k_babaCode=20&k_raceDate=2026%2F10%2F07&k_raceNo=11
2026-10-07 19:50:00,19:49,2026-10-07,oi,11,15,ワイド,6-10,53.3,56.9,23,https://www.keiba.go.jp/KeibaWeb/TodayRaceInfo/OddsWide?k_babaCode=20&k_raceDate=2026%2F10%2F07&k_raceNo=11
2026-10-07 19:50:00,19:49,2026-10-07,oi,11,15,ワイド,3-6,53.8,59.3,24,https://www.keiba.go.jp/KeibaWeb/TodayRaceInfo/OddsWide?k_babaCode=20&k_raceDate=2026%2F10%2F07&k_raceNo=11
2026-10-07 19:50:00,19:49,2026-10-07,oi,11,15,ワイド,1-6,55.3,60.5,25,https://www.keiba.go.jp/KeibaWeb/TodayRaceInfo/OddsWide?k_babaCode=20&k_raceDate=2026%2F10%2F07&k_raceNo=11
2026-10-07 19:50:00,19:49,2026-10-07,oi,11,15,ワイド,6-13,61.2,63.5,26,https://www.keiba.go.jp/KeibaWeb/TodayRaceInfo/OddsWide?k_babaCode=20&k_raceDate=2026%2F10%2F07&k_raceNo=11
2026-10-07 19:50:00,19:49,2026-10-07,oi,11,15,ワイド,15-16,66.8,73.2,27,https://www.keiba.go.jp/KeibaWeb/TodayRaceInfo/OddsWide?k_babaCode=20&k_raceDate=2026%2F10%2F07&k_raceNo=11
2026-10-07 19:50:00,19:49,2026-10-07,oi,11,15,ワイド,6-11,71.1,76.6,28,https://www.keiba.go.jp/KeibaWeb/TodayRaceInfo/OddsWide?k_babaCode=20&k_raceDate=2026%2F10%2F07&k_raceNo=11
2026-10-07 19:50:00,19:49,2026-10-07,oi,11,15,ワイド,5-6,74.2,78.6,29,https://www.keiba.go.jp/KeibaWeb/TodayRaceInfo/OddsWide?k_babaCode=20&k_raceDate=2026%2F10%2F07&k_raceNo=11
2026-10-07 19:50:00,19:49,2026-10-07,oi,11,15,ワイド,12-15,76.7,84.2,30,https://www.keiba.go.jp/KeibaWeb/TodayRaceInfo/OddsWide?k_babaCode=20&k_raceDate=2026%2F10%2F07&k_raceNo=11
2026-10-07 19:50:00,19:49,2026-10-07,oi,11,15,ワイド,3-12,77.8,85.4,31,https://www.keiba.go.jp/KeibaWeb/TodayRaceInfo/OddsWide?k_babaCode=20&k_raceDate=2026%2F10%2F07&k_raceNo=11
2026-10-07 19:50:00,19:49,2026-10-07,oi,11,15,ワイド,1-12,110.3,120.5,32,https://www.keiba.go.jp/KeibaWeb/TodayRaceInfo/OddsWide?k_babaCode=20&k_raceDate=2026%2F10%2F07&k_raceNo=11
2026-10-07 19:50:00,19:49,2026-10-07,oi,11,15,ワイド,3-16,114.6,125.9,33,https://www.keiba.go.jp/KeibaWeb/TodayRaceInfo/OddsWide?k_babaCode=20&k_raceDate=2026%2F10%2F07&k_raceNo=11
2026-10-07 19:50:00,19:49,2026-10-07,oi,11,15,ワイド,5-12,117.0,123.6,34,https://www.keiba.go.jp/KeibaWeb/TodayRaceInfo/OddsWide?k_babaCode=20&k_raceDate=2026%2F10%2F07&k_raceNo=11
2026-10-07 19:50:00,19:49,2026-10-07,oi,11,15,ワイド,1-16,119.2,130.3,35,https://www.keiba.go.jp/KeibaWeb/TodayRaceInfo/OddsWide?k_babaCode=20&k_raceDate=2026%2F10%2F07&k_raceNo=11
2026-10-07 19:50:00,19:49,2026-10-07,oi,11,15,ワイド,10-12,121.7,129.6,36,https://www.keiba.go.jp/KeibaWeb/TodayRaceInfo/OddsWide?k_babaCode=20&k_raceDate=2026%2F10%2F07&k_raceNo=11
2026-10-07 19:50:00,19:49,2026-10-07,oi,11,15,ワイド,10-16,122.1,130.1,37,https://www.keiba.go.jp/KeibaWeb/TodayRaceInfo/OddsWide?k_babaCode=20&k_raceDate=2026%2F10%2F07&k_raceNo=11
2026-10-07 19:50:00,19:49,2026-10-07,oi,11,15,ワイド,11-12,137.6,147.9,38,https://www.keiba.go.jp/KeibaWeb/TodayRaceInfo/OddsWide?k_babaCode=20&k_raceDate=2026%2F10%2F07&k_raceNo=11
2026-10-07 19:50:00,19:49,2026-10-07,oi,11,15,ワイド,11-16,147.9,159.1,39,https://www.keiba.go.jp/KeibaWeb/TodayRaceInfo/OddsWide?k_babaCode=20&k_raceDate=2026%2F10%2F07&k_raceNo=11
2026-10-07 19:50:00,19:49,2026-10-07,oi,11,15,ワイド,5-16,154.3,163.2,40,https://www.keiba.go.jp/KeibaWeb/TodayRaceInfo/OddsWide?k_babaCode=20&k_raceDate=2026%2F10%2F07&k_raceNo=11
2026-10-07 19:50:00,19:49,2026-10-07,oi,11,15,ワイド,13-16,196.2,203.1,41,https://www.keiba.go.jp/KeibaWeb/TodayRaceInfo/OddsWide?k_babaCode=20&k_raceDate=2026%2F10%2F07&k_raceNo=11
2026-10-07 19:50:00,19:49,2026-10-07,oi,11,15,ワイド,2-15,200.2,219.3,42,https://www.keiba.go.jp/KeibaWeb/TodayRaceInfo/OddsWide?k_babaCode=20&k_raceDate=2026%2F10%2F07&k_raceNo=11
2026-10-07 19:50:00,19:49,2026-10-07,oi,11,15,ワイド,12-13,206.4,213.5,43,https://www.keiba.go.jp/KeibaWeb/TodayRaceInfo/OddsWide?k_babaCode=20&k_raceDate=2026%2F10%2F07&k_raceNo=11
2026-10-07 19:50:00,19:49,2026-10-07,oi,11,15,ワイド,1-2,209.6,228.5,44,https://www.keiba.go.jp/KeibaWeb/TodayRaceInfo/OddsWide?k_babaCode=20&k_raceDate=2026%2F10%2F07&k_raceNo=11
2026-10-07 19:50:00,19:49,2026-10-07,oi,11,15,ワイド,8-15,226.4,248.0,45,https://www.keiba.go.jp/KeibaWeb/TodayRaceInfo/OddsWide?k_babaCode=20&k_raceDate=2026%2F10%2F07&k_raceNo=11
2026-10-07 19:50:00,19:49,2026-10-07,oi,11,15,ワイド,2-3,258.4,283.2,46,https://www.keiba.go.jp/KeibaWeb/TodayRaceInfo/OddsWide?k_babaCode=20&k_raceDate=2026%2F10%2F07&k_raceNo=11
2026-10-07 19:50:00,19:49,2026-10-07,oi,11,15,ワイド,14-15,273.0,299.0,47,https://www.keiba.go.jp/KeibaWeb/TodayRaceInfo/OddsWide?k_babaCode=20&k_raceDate=2026%2F10%2F07&k_raceNo=11
2026-10-07 19:50:00,19:49,2026-10-07,oi,11,15,ワイド,7-15,292.7,320.6,48,https://www.keiba.go.jp/KeibaWeb/TodayRaceInfo/OddsWide?k_babaCode=20&k_raceDate=2026%2F10%2F07&k_raceNo=11
2026-10-07 19:50:00,19:49,2026-10-07,oi,11,15,ワイド,7-10,303.8,322.8,49,https://www.keiba.go.jp/KeibaWeb/TodayRaceInfo/OddsWide?k_babaCode=20&k_raceDate=2026%2F10%2F07&k_raceNo=11
2026-10-07 19:50:00,19:49,2026-10-07,oi,11,15,ワイド,2-10,310.3,329.8,50,https://www.keiba.go.jp/KeibaWeb/TodayRaceInfo/OddsWide?k_babaCode=20&k_raceDate=2026%2F10%2F07&k_raceNo=11
2026-10-07 19:50:00,19:49,2026-10-07,oi,11,15,ワイド,1-8,332.9,362.9,51,https://www.keiba.go.jp/KeibaWeb/TodayRaceInfo/OddsWide?k_babaCode=20&k_raceDate=2026%2F10%2F07&k_raceNo=11
2026-10-07 19:50:00,19:49,2026-10-07,oi,11,15,ワイド,1-7,333.0,362.9,52,https://www.keiba.go.jp/KeibaWeb/TodayRaceInfo/OddsWide?k_babaCode=20&k_raceDate=2026%2F10%2F07&k_raceNo=11
2026-10-07 19:50:00,19:49,2026-10-07,oi,11,15,ワイド,3-8,335.7,367.9,53,https://www.keiba.go.jp/KeibaWeb/TodayRaceInfo/OddsWide?k_babaCode=20&k_raceDate=2026%2F10%2F07&k_raceNo=11
2026-10-07 19:50:00,19:49,2026-10-07,oi,11,15,ワイド,2-11,336.4,361.0,54,https://www.keiba.go.jp/KeibaWeb/TodayRaceInfo/OddsWide?k_babaCode=20&k_raceDate=2026%2F10%2F07&k_raceNo=11
2026-10-07 19:50:00,19:49,2026-10-07,oi,11,15,ワイド,4-15,339.8,372.1,55,https://www.keiba.go.jp/KeibaWeb/TodayRaceInfo/OddsWide?k_babaCode=20&k_raceDate=2026%2F10%2F07&k_raceNo=11
2026-10-07 19:50:00,19:49,2026-10-07,oi,11,15,ワイド,2-5,358.4,378.1,56,https://www.keiba.go.jp/KeibaWeb/TodayRaceInfo/OddsWide?k_babaCode=20&k_raceDate=2026%2F10%2F07&k_raceNo=11
2026-10-07 19:50:00,19:49,2026-10-07,oi,11,15,ワイド,8-10,365.3,388.2,57,https://www.keiba.go.jp/KeibaWeb/TodayRaceInfo/OddsWide?k_babaCode=20&k_raceDate=2026%2F10%2F07&k_raceNo=11
2026-10-07 19:50:00,19:49,2026-10-07,oi,11,15,ワイド,3-7,374.4,410.2,58,https://www.keiba.go.jp/KeibaWeb/TodayRaceInfo/OddsWide?k_babaCode=20&k_raceDate=2026%2F10%2F07&k_raceNo=11
2026-10-07 19:50:00,19:49,2026-10-07,oi,11,15,ワイド,3-14,395.1,432.9,59,https://www.keiba.go.jp/KeibaWeb/TodayRaceInfo/OddsWide?k_babaCode=20&k_raceDate=2026%2F10%2F07&k_raceNo=11
2026-10-07 19:50:00,19:49,2026-10-07,oi,11,15,ワイド,1-4,441.7,481.2,60,https://www.keiba.go.jp/KeibaWeb/TodayRaceInfo/OddsWide?k_babaCode=20&k_raceDate=2026%2F10%2F07&k_raceNo=11
2026-10-07 19:50:00,19:49,2026-10-07,oi,11,15,ワイド,3-4,445.2,487.7,61,https://www.keiba.go.jp/KeibaWeb/TodayRaceInfo/OddsWide?k_babaCode=20&k_raceDate=2026%2F10%2F07&k_raceNo=11
2026-10-07 19:50:00,19:49,2026-10-07,oi,11,15,ワイド,5-8,473.7,499.6,62,https://www.keiba.go.jp/KeibaWeb/TodayRaceInfo/OddsWide?k_babaCode=20&k_raceDate=2026%2F10%2F07&k_raceNo=11
2026-10-07 19:50:00,19:49,2026-10-07,oi,11,15,ワイド,9-15,484.6,530.6,63,https://www.keiba.go.jp/KeibaWeb/TodayRaceInfo/OddsWide?k_babaCode=20&k_raceDate=2026%2F10%2F07&k_raceNo=11
2026-10-07 19:50:00,19:49,2026-10-07,oi,11,15,ワイド,8-11,495.5,531.7,64,https://www.keiba.go.jp/KeibaWeb/TodayRaceInfo/OddsWide?k_babaCode=20&k_raceDate=2026%2F10%2F07&k_raceNo=11
2026-10-07 19:50:00,19:49,2026-10-07,oi,11,15,ワイド,6-12,500.6,504.8,65,https://www.keiba.go.jp/KeibaWeb/TodayRaceInfo/OddsWide?k_babaCode=20&k_raceDate=2026%2F10%2F07&k_raceNo=11
2026-10-07 19:50:00,19:49,2026-10-07,oi,11,15,ワイド,6-16,511.1,515.7,66,https://www.keiba.go.jp/KeibaWeb/TodayRaceInfo/OddsWide?k_babaCode=20&k_raceDate=2026%2F10%2F07&k_raceNo=11
2026-10-07 19:50:00,19:49,2026-10-07,oi,11,15,ワイド,7-11,513.6,551.0,67,https://www.keiba.go.jp/KeibaWeb/TodayRaceInfo/OddsWide?k_babaCode=20&k_raceDate=2026%2F10%2F07&k_raceNo=11
2026-10-07 19:50:00,19:49,2026-10-07,oi,11,15,ワイド,4-10,530.8,563.9,68,https://www.keiba.go.jp/KeibaWeb/TodayRaceInfo/OddsWide?k_babaCode=20&k_raceDate=2026%2F10%2F07&k_raceNo=11
2026-10-07 19:50:00,19:49,2026-10-07,oi,11,15,ワイド,2-13,547.1,565.0,69,https://www.keiba.go.jp/KeibaWeb/TodayRaceInfo/OddsWide?k_babaCode=20&k_raceDate=2026%2F10%2F07&k_raceNo=11
2026-10-07 19:50:00,19:49,2026-10-07,oi,11,15,ワイド,13-14,551.6,569.5,70,https://www.keiba.go.jp/KeibaWeb/TodayRaceInfo/OddsWide?k_babaCode=20&k_raceDate=2026%2F10%2F07&k_raceNo=11
2026-10-07 19:50:00,19:49,2026-10-07,oi,11,15,ワイド,2-6,553.8,557.4,71,https://www.keiba.go.jp/KeibaWeb/TodayRaceInfo/OddsWide?k_babaCode=20&k_raceDate=2026%2F10%2F07&k_raceNo=11
2026-10-07 19:50:00,19:49,2026-10-07,oi,11,15,ワイド,1-14,563.6,614.3,72,https://www.keiba.go.jp/KeibaWeb/TodayRaceInfo/OddsWide?k_babaCode=20&k_raceDate=2026%2F10%2F07&k_raceNo=11
2026-10-07 19:50:00,19:49,2026-10-07,oi,11,15,ワイド,5-7,571.6,602.7,73,https://www.keiba.go.jp/KeibaWeb/TodayRaceInfo/OddsWide?k_babaCode=20&k_raceDate=2026%2F10%2F07&k_raceNo=11
2026-10-07 19:50:00,19:49,2026-10-07,oi,11,15,ワイド,10-14,594.5,631.7,74,https://www.keiba.go.jp/KeibaWeb/TodayRaceInfo/OddsWide?k_babaCode=20&k_raceDate=2026%2F10%2F07&k_raceNo=11
2026-10-07 19:50:00,19:49,2026-10-07,oi,11,15,ワイド,8-13,606.5,626.3,75,https://www.keiba.go.jp/KeibaWeb/TodayRaceInfo/OddsWide?k_babaCode=20&k_raceDate=2026%2F10%2F07&k_raceNo=11
2026-10-07 19:50:00,19:49,2026-10-07,oi,11,15,ワイド,3-9,610.0,668.1,76,https://www.keiba.go.jp/KeibaWeb/TodayRaceInfo/OddsWide?k_babaCode=20&k_raceDate=2026%2F10%2F07&k_raceNo=11
2026-10-07 19:50:00,19:49,2026-10-07,oi,11,15,ワイド,11-14,622.8,668.3,77,https://www.keiba.go.jp/KeibaWeb/TodayRaceInfo/OddsWide?k_babaCode=20&k_raceDate=2026%2F10%2F07&k_raceNo=11
2026-10-07 19:50:00,19:49,2026-10-07,oi,11,15,ワイド,5-14,638.2,673.0,78,https://www.keiba.go.jp/KeibaWeb/TodayRaceInfo/OddsWide?k_babaCode=20&k_raceDate=2026%2F10%2F07&k_raceNo=11
2026-10-07 19:50:00,19:49,2026-10-07,oi,11,15,ワイド,4-11,674.4,723.5,79,https://www.keiba.go.jp/KeibaWeb/TodayRaceInfo/OddsWide?k_babaCode=20&k_raceDate=2026%2F10%2F07&k_raceNo=11
2026-10-07 19:50:00,19:49,2026-10-07,oi,11,15,ワイド,1-9,720.0,784.3,80,https://www.keiba.go.jp/KeibaWeb/TodayRaceInfo/OddsWide?k_babaCode=20&k_raceDate=2026%2F10%2F07&k_raceNo=11
2026-10-07 19:50:00,19:49,2026-10-07,oi,11,15,ワイド,4-5,736.0,776.0,81,https://www.keiba.go.jp/KeibaWeb/TodayRaceInfo/OddsWide?k_babaCode=20&k_raceDate=2026%2F10%2F07&k_raceNo=11
2026-10-07 19:50:00,19:49,2026-10-07,oi,11,15,ワイド,9-10,742.5,788.6,82,https://www.keiba.go.jp/KeibaWeb/TodayRaceInfo/OddsWide?k_babaCode=20&k_raceDate=2026%2F10%2F07&k_raceNo=11
2026-10-07 19:50:00,19:49,2026-10-07,oi,11,15,ワイド,6-14,779.6,784.5,83,https://www.keiba.go.jp/KeibaWeb/TodayRaceInfo/OddsWide?k_babaCode=20&k_raceDate=2026%2F10%2F07&k_raceNo=11
2026-10-07 19:50:00,19:49,2026-10-07,oi,11,15,ワイド,9-11,810.6,869.3,84,https://www.keiba.go.jp/KeibaWeb/TodayRaceInfo/OddsWide?k_babaCode=20&k_raceDate=2026%2F10%2F07&k_raceNo=11
2026-10-07 19:50:00,19:49,2026-10-07,oi,11,15,ワイド,7-13,824.8,851.5,85,https://www.keiba.go.jp/KeibaWeb/TodayRaceInfo/OddsWide?k_babaCode=20&k_raceDate=2026%2F10%2F07&k_raceNo=11
2026-10-07 19:50:00,19:49,2026-10-07,oi,11,15,ワイド,4-13,857.7,885.5,86,https://www.keiba.go.jp/KeibaWeb/TodayRaceInfo/OddsWide?k_babaCode=20&k_raceDate=2026%2F10%2F07&k_raceNo=11
2026-10-07 19:50:00,19:49,2026-10-07,oi,11,15,ワイド,6-8,893.5,899.2,87,https://www.keiba.go.jp/KeibaWeb/TodayRaceInfo/OddsWide?k_babaCode=20&k_raceDate=2026%2F10%2F07&k_raceNo=11
2026-10-07 19:50:00,19:49,2026-10-07,oi,11,15,ワイド,12-16,975.8,981.9,88,https://www.keiba.go.jp/KeibaWeb/TodayRaceInfo/OddsWide?k_babaCode=20&k_raceDate=2026%2F10%2F07&k_raceNo=11
2026-10-07 19:50:00,19:49,2026-10-07,oi,11,15,ワイド,4-6,985.9,991.9,89,https://www.keiba.go.jp/KeibaWeb/TodayRaceInfo/OddsWide?k_babaCode=20&k_raceDate=2026%2F10%2F07&k_raceNo=11
2026-10-07 19:50:00,19:49,2026-10-07,oi,11,15,ワイド,2-4,990.4,992.0,90,https://www.keiba.go.jp/KeibaWeb/TodayRaceInfo/OddsWide?k_babaCode=20&k_raceDate=2026%2F10%2F07&k_raceNo=11
2026-10-07 19:50:00,19:49,2026-10-07,oi,11,15,ワイド,5-9,1053.1,1110.0,91,https://www.keiba.go.jp/KeibaWeb/TodayRaceInfo/OddsWide?k_babaCode=20&k_raceDate=2026%2F10%2F07&k_raceNo=11
2026-10-07 19:50:00,19:49,2026-10-07,oi,11,15,ワイド,2-16,1076.4,1081.1,92,https://www.keiba.go.jp/KeibaWeb/TodayRaceInfo/OddsWide?k_babaCode=20&k_raceDate=2026%2F10%2F07&k_raceNo=11
2026-10-07 19:50:00,19:49,2026-10-07,oi,11,15,ワイド,2-8,1138.7,1140.9,93,https://www.keiba.go.jp/KeibaWeb/TodayRaceInfo/OddsWide?k_babaCode=20&k_raceDate=2026%2F10%2F07&k_raceNo=11
2026-10-07 19:50:00,19:49,2026-10-07,oi,11,15,ワイド,6-7,1152.0,1159.1,94,https://www.keiba.go.jp/KeibaWeb/TodayRaceInfo/OddsWide?k_babaCode=20&k_raceDate=2026%2F10%2F07&k_raceNo=11
2026-10-07 19:50:00,19:49,2026-10-07,oi,11,15,ワイド,2-7,1205.7,1207.8,95,https://www.keiba.go.jp/KeibaWeb/TodayRaceInfo/OddsWide?k_babaCode=20&k_raceDate=2026%2F10%2F07&k_raceNo=11
2026-10-07 19:50:00,19:49,2026-10-07,oi,11,15,ワイド,9-13,1300.6,1342.3,96,https://www.keiba.go.jp/KeibaWeb/TodayRaceInfo/OddsWide?k_babaCode=20&k_raceDate=2026%2F10%2F07&k_raceNo=11
2026-10-07 19:50:00,19:49,2026-10-07,oi,11,15,ワイド,2-12,1300.9,1306.1,97,https://www.keiba.go.jp/KeibaWeb/TodayRaceInfo/OddsWide?k_babaCode=20&k_raceDate=2026%2F10%2F07&k_raceNo=11
2026-10-07 19:50:00,19:49,2026-10-07,oi,11,15,ワイド,6-9,1359.9,1367.8,98,https://www.keiba.go.jp/KeibaWeb/TodayRaceInfo/OddsWide?k_babaCode=20&k_raceDate=2026%2F10%2F07&k_raceNo=11
2026-10-07 19:50:00,19:49,2026-10-07,oi,11,15,ワイド,8-12,1382.4,1387.7,99,https://www.keiba.go.jp/KeibaWeb/TodayRaceInfo/OddsWide?k_babaCode=20&k_raceDate=2026%2F10%2F07&k_raceNo=11
2026-10-07 19:50:00,19:49,2026-10-07,oi,11,15,ワイド,7-8,1426.6,1428.9,100,https://www.keiba.go.jp/KeibaWeb/TodayRaceInfo/OddsWide?k_babaCode=20&k_raceDate=2026%2F10%2F07&k_raceNo=11
2026-10-07 19:50:00,19:49,2026-10-07,oi,11,15,ワイド,7-12,1505.7,1511.2,101,https://www.keiba.go.jp/KeibaWeb/TodayRaceInfo/OddsWide?k_babaCode=20&k_raceDate=2026%2F10%2F07&k_raceNo=11
2026-10-07 19:50:00,19:49,2026-10-07,oi,11,15,ワイド,4-12,1505.9,1511.2,102,https://www.keiba.go.jp/KeibaWeb/TodayRaceInfo/OddsWide?k_babaCode=20&k_raceDate=2026%2F10%2F07&k_raceNo=11
2026-10-07 19:50:00,19:49,2026-10-07,oi,11,15,ワイド,4-7,1558.2,1560.2,103,https://www.keiba.go.jp/KeibaWeb/TodayRaceInfo/OddsWide?k_babaCode=20&k_raceDate=2026%2F10%2F07&k_raceNo=11
2026-10-07 19:50:00,19:49,2026-10-07,oi,11,15,ワイド,8-16,1562.0,1568.6,104,https://www.keiba.go.jp/KeibaWeb/TodayRaceInfo/OddsWide?k_babaCode=20&k_raceDate=2026%2F10%2F07&k_raceNo=11
2026-10-07 19:50:00,19:49,2026-10-07,oi,11,15,ワイド,4-8,1801.2,1803.9,105,https://www.keiba.go.jp/KeibaWeb/TodayRaceInfo/OddsWide?k_babaCode=20&k_raceDate=2026%2F10%2F07&k_raceNo=11
2026-10-07 19:50:00,19:49,2026-10-07,oi,11,15,ワイド,2-9,1847.5,1850.2,106,https://www.keiba.go.jp/KeibaWeb/TodayRaceInfo/OddsWide?k_babaCode=20&k_raceDate=2026%2F10%2F07&k_raceNo=11
2026-10-07 19:50:00,19:49,2026-10-07,oi,11,15,ワイド,7-16,2053.2,2061.5,107,https://www.keiba.go.jp/KeibaWeb/TodayRaceInfo/OddsWide?k_babaCode=20&k_raceDate=2026%2F10%2F07&k_raceNo=11
2026-10-07 19:50:00,19:49,2026-10-07,oi,11,15,ワイド,8-9,2058.8,2061.6,108,https://www.keiba.go.jp/KeibaWeb/TodayRaceInfo/OddsWide?k_babaCode=20&k_raceDate=2026%2F10%2F07&k_raceNo=11
2026-10-07 19:50:00,19:49,2026-10-07,oi,11,15,ワイド,14-16,2082.8,2091.4,109,https://www.keiba.go.jp/KeibaWeb/TodayRaceInfo/OddsWide?k_babaCode=20&k_raceDate=2026%2F10%2F07&k_raceNo=11
2026-10-07 19:50:00,19:49,2026-10-07,oi,11,15,ワイド,9-16,2129.9,2137.8,110,https://www.keiba.go.jp/KeibaWeb/TodayRaceInfo/OddsWide?k_babaCode=20&k_raceDate=2026%2F10%2F07&k_raceNo=11
2026-10-07 19:50:00,19:49,2026-10-07,oi,11,15,ワイド,7-9,2184.1,2186.5,111,https://www.keiba.go.jp/KeibaWeb/TodayRaceInfo/OddsWide?k_babaCode=20&k_raceDate=2026%2F10%2F07&k_raceNo=11
2026-10-07 19:50:00,19:49,2026-10-07,oi,11,15,ワイド,9-12,2195.9,2203.2,112,https://www.keiba.go.jp/KeibaWeb/TodayRaceInfo/OddsWide?k_babaCode=20&k_raceDate=2026%2F10%2F07&k_raceNo=11
2026-10-07 19:50:00,19:49,2026-10-07,oi,11,15,ワイド,4-9,2551.5,2554.1,113,https://www.keiba.go.jp/KeibaWeb/TodayRaceInfo/OddsWide?k_babaCode=20&k_raceDate=2026%2F10%2F07&k_raceNo=11
2026-10-07 19:50:00,19:49,2026-10-07,oi,11,15,ワイド,12-14,2567.4,2576.8,114,https://www.keiba.go.jp/KeibaWeb/TodayRaceInfo/OddsWide?k_babaCode=20&k_raceDate=2026%2F10%2F07&k_raceNo=11
2026-10-07 19:50:00,19:49,2026-10-07,oi,11,15,ワイド,2-14,2667.4,2672.1,115,https://www.keiba.go.jp/KeibaWeb/TodayRaceInfo/OddsWide?k_babaCode=20&k_raceDate=2026%2F10%2F07&k_raceNo=11
2026-10-07 19:50:00,19:49,2026-10-07,oi,11,15,ワイド,4-16,2686.6,2697.1,116,https://www.keiba.go.jp/KeibaWeb/TodayRaceInfo/OddsWide?k_babaCode=20&k_raceDate=2026%2F10%2F07&k_raceNo=11
2026-10-07 19:50:00,19:49,2026-10-07,oi,11,15,ワイド,8-14,2718.1,2722.6,117,https://www.keiba.go.jp/KeibaWeb/TodayRaceInfo/OddsWide?k_babaCode=20&k_raceDate=2026%2F10%2F07&k_raceNo=11
2026-10-07 19:50:00,19:49,2026-10-07,oi,11,15,ワイド,4-14,3167.1,3171.4,118,https://www.keiba.go.jp/KeibaWeb/TodayRaceInfo/OddsWide?k_babaCode=20&k_raceDate=2026%2F10%2F07&k_raceNo=11
2026-10-07 19:50:00,19:49,2026-10-07,oi,11,15,ワイド,7-14,3274.7,3279.4,119,https://www.keiba.go.jp/KeibaWeb/TodayRaceInfo/OddsWide?k_babaCode=20&k_raceDate=2026%2F10%2F07&k_raceNo=11
2026-10-07 19:50:00,19:49,2026-10-07,oi,11,15,ワイド,9-14,4302.3,4307.1,120,https://www.keiba.go.jp/KeibaWeb/TodayRaceInfo/OddsWide?k_babaCode=20&k_raceDate=2026%2F10%2F07&k_raceNo=11
2026-10-07 19:50:00,19:49,2026-10-07,oi,11,15,三連複,1-3-15,8.7,8.7,1,https://www.keiba.go.jp/KeibaWeb/TodayRaceInfo/Odds3LenFuku?k_babaCode=20&k_raceDate=2026%2F10%2F07&k_raceNo=11
2026-10-07 19:50:00,19:49,2026-10-07,oi,11,15,三連複,3-11-15,12.6,12.6,2,https://www.keiba.go.jp/KeibaWeb/TodayRaceInfo/Odds3LenFuku?k_babaCode=20&k_raceDate=2026%2F10%2F07&k_raceNo=11
2026-10-07 19:50:00,19:49,2026-10-07,oi,11,15,三連複,3-10-15,12.9,12.9,3,https://www.keiba.go.jp/KeibaWeb/TodayRaceInfo/Odds3LenFuku?k_babaCode=20&k_raceDate=2026%2F10%2F07&k_raceNo=11
2026-10-07 19:50:00,19:49,2026-10-07,oi,11,15,三連複,3-5-15,14.0,14.0,4,https://www.keiba.go.jp/KeibaWeb/TodayRaceInfo/Odds3LenFuku?k_babaCode=20&k_raceDate=2026%2F10%2F07&k_raceNo=11
2026-10-07 19:50:00,19:49,2026-10-07,oi,11,15,三連複,1-10-15,14.8,14.8,5,https://www.keiba.go.jp/KeibaWeb/TodayRaceInfo/Odds3LenFuku?k_babaCode=20&k_raceDate=2026%2F10%2F07&k_raceNo=11
2026-10-07 19:50:00,19:49,2026-10-07,oi,11,15,三連複,1-11-15,15.0,15.0,6,https://www.keiba.go.jp/KeibaWeb/TodayRaceInfo/Odds3LenFuku?k_babaCode=20&k_raceDate=2026%2F10%2F07&k_raceNo=11
2026-10-07 19:50:00,19:49,2026-10-07,oi,11,15,三連複,1-5-15,16.8,16.8,7,https://www.keiba.go.jp/KeibaWeb/TodayRaceInfo/Odds3LenFuku?k_babaCode=20&k_raceDate=2026%2F10%2F07&k_raceNo=11
2026-10-07 19:50:00,19:49,2026-10-07,oi,11,15,三連複,1-3-5,19.3,19.3,8,https://www.keiba.go.jp/KeibaWeb/TodayRaceInfo/Odds3LenFuku?k_babaCode=20&k_raceDate=2026%2F10%2F07&k_raceNo=11
2026-10-07 19:50:00,19:49,2026-10-07,oi,11,15,三連複,1-3-10,20.5,20.5,9,https://www.keiba.go.jp/KeibaWeb/TodayRaceInfo/Odds3LenFuku?k_babaCode=20&k_raceDate=2026%2F10%2F07&k_raceNo=11
2026-10-07 19:50:00,19:49,2026-10-07,oi,11,15,三連複,1-3-11,21.6,21.6,10,https://www.keiba.go.jp/KeibaWeb/TodayRaceInfo/Odds3LenFuku?k_babaCode=20&k_raceDate=2026%2F10%2F07&k_raceNo=11
2026-10-07 19:50:00,19:49,2026-10-07,oi,11,15,三連複,10-11-15,22.6,22.6,11,https://www.keiba.go.jp/KeibaWeb/TodayRaceInfo/Odds3LenFuku?k_babaCode=20&k_raceDate=2026%2F10%2F07&k_raceNo=11
2026-10-07 19:50:00,19:49,2026-10-07,oi,11,15,三連複,5-11-15,24.1,24.1,12,https://www.keiba.go.jp/KeibaWeb/TodayRaceInfo/Odds3LenFuku?k_babaCode=20&k_raceDate=2026%2F10%2F07&k_raceNo=11
2026-10-07 19:50:00,19:49,2026-10-07,oi,11,15,三連複,5-10-15,25.0,25.0,13,https://www.keiba.go.jp/KeibaWeb/TodayRaceInfo/Odds3LenFuku?k_babaCode=20&k_raceDate=2026%2F10%2F07&k_raceNo=11
2026-10-07 19:50:00,19:49,2026-10-07,oi,11,15,三連複,3-5-11,26.7,26.7,14,https://www.keiba.go.jp/KeibaWeb/TodayRaceInfo/Odds3LenFuku?k_babaCode=20&k_raceDate=2026%2F10%2F07&k_raceNo=11
2026-10-07 19:50:00,19:49,2026-10-07,oi,11,15,三連複,3-10-11,30.3,30.3,15,https://www.keiba.go.jp/KeibaWeb/TodayRaceInfo/Odds3LenFuku?k_babaCode=20&k_raceDate=2026%2F10%2F07&k_raceNo=11
2026-10-07 19:50:00,19:49,2026-10-07,oi,11,15,三連複,3-5-10,32.8,32.8,16,https://www.keiba.go.jp/KeibaWeb/TodayRaceInfo/Odds3LenFuku?k_babaCode=20&k_raceDate=2026%2F10%2F07&k_raceNo=11
2026-10-07 19:50:00,19:49,2026-10-07,oi,11,15,三連複,3-13-15,34.9,34.9,17,https://www.keiba.go.jp/KeibaWeb/TodayRaceInfo/Odds3LenFuku?k_babaCode=20&k_raceDate=2026%2F10%2F07&k_raceNo=11
2026-10-07 19:50:00,19:49,2026-10-07,oi,11,15,三連複,1-5-11,36.6,36.6,18,https://www.keiba.go.jp/KeibaWeb/TodayRaceInfo/Odds3LenFuku?k_babaCode=20&k_raceDate=2026%2F10%2F07&k_raceNo=11
2026-10-07 19:50:00,19:49,2026-10-07,oi,11,15,三連複,1-10-11,36.6,36.6,19,https://www.keiba.go.jp/KeibaWeb/TodayRaceInfo/Odds3LenFuku?k_babaCode=20&k_raceDate=2026%2F10%2F07&k_raceNo=11
2026-10-07 19:50:00,19:49,2026-10-07,oi,11,15,三連複,1-5-10,40.3,40.3,20,https://www.keiba.go.jp/KeibaWeb/TodayRaceInfo/Odds3LenFuku?k_babaCode=20&k_raceDate=2026%2F10%2F07&k_raceNo=11
2026-10-07 19:50:00,19:49,2026-10-07,oi,11,15,三連複,1-13-15,41.2,41.2,21,https://www.keiba.go.jp/KeibaWeb/TodayRaceInfo/Odds3LenFuku?k_babaCode=20&k_raceDate=2026%2F10%2F07&k_raceNo=11
2026-10-07 19:50:00,19:49,2026-10-07,oi,11,15,三連複,10-13-15,41.5,41.5,22,https://www.keiba.go.jp/KeibaWeb/TodayRaceInfo/Odds3LenFuku?k_babaCode=20&k_raceDate=2026%2F10%2F07&k_raceNo=11
2026-10-07 19:50:00,19:49,2026-10-07,oi,11,15,三連複,1-3-13,52.8,52.8,23,https://www.keiba.go.jp/KeibaWeb/TodayRaceInfo/Odds3LenFuku?k_babaCode=20&k_raceDate=2026%2F10%2F07&k_raceNo=11
2026-10-07 19:50:00,19:49,2026-10-07,oi,11,15,三連複,11-13-15,53.5,53.5,24,https://www.keiba.go.jp/KeibaWeb/TodayRaceInfo/Odds3LenFuku?k_babaCode=20&k_raceDate=2026%2F10%2F07&k_raceNo=11
2026-10-07 19:50:00,19:49,2026-10-07,oi,11,15,三連複,5-13-15,60.2,60.2,25,https://www.keiba.go.jp/KeibaWeb/TodayRaceInfo/Odds3LenFuku?k_babaCode=20&k_raceDate=2026%2F10%2F07&k_raceNo=11
2026-10-07 19:50:00,19:49,2026-10-07,oi,11,15,三連複,3-10-13,61.4,61.4,26,https://www.keiba.go.jp/KeibaWeb/TodayRaceInfo/Odds3LenFuku?k_babaCode=20&k_raceDate=2026%2F10%2F07&k_raceNo=11
2026-10-07 19:50:00,19:49,2026-10-07,oi,11,15,三連複,5-10-11,61.4,61.4,27,https://www.keiba.go.jp/KeibaWeb/TodayRaceInfo/Odds3LenFuku?k_babaCode=20&k_raceDate=2026%2F10%2F07&k_raceNo=11
2026-10-07 19:50:00,19:49,2026-10-07,oi,11,15,三連複,3-11-13,72.1,72.1,28,https://www.keiba.go.jp/KeibaWeb/TodayRaceInfo/Odds3LenFuku?k_babaCode=20&k_raceDate=2026%2F10%2F07&k_raceNo=11
2026-10-07 19:50:00,19:49,2026-10-07,oi,11,15,三連複,3-5-13,76.0,76.0,29,https://www.keiba.go.jp/KeibaWeb/TodayRaceInfo/Odds3LenFuku?k_babaCode=20&k_raceDate=2026%2F10%2F07&k_raceNo=11
2026-10-07 19:50:00,19:49,2026-10-07,oi,11,15,三連複,1-10-13,77.5,77.5,30,https://www.keiba.go.jp/KeibaWeb/TodayRaceInfo/Odds3LenFuku?k_babaCode=20&k_raceDate=2026%2F10%2F07&k_raceNo=11
2026-10-07 19:50:00,19:49,2026-10-07,oi,11,15,三連複,1-11-13,85.9,85.9,31,https://www.keiba.go.jp/KeibaWeb/TodayRaceInfo/Odds3LenFuku?k_babaCode=20&k_raceDate=2026%2F10%2F07&k_raceNo=11
2026-10-07 19:50:00,19:49,2026-10-07,oi,11,15,三連複,1-5-13,92.4,92.4,32,https://www.keiba.go.jp/KeibaWeb/TodayRaceInfo/Odds3LenFuku?k_babaCode=20&k_raceDate=2026%2F10%2F07&k_raceNo=11
2026-10-07 19:50:00,19:49,2026-10-07,oi,11,15,三連複,10-11-13,114.1,114.1,33,https://www.keiba.go.jp/KeibaWeb/TodayRaceInfo/Odds3LenFuku?k_babaCode=20&k_raceDate=2026%2F10%2F07&k_raceNo=11
2026-10-07 19:50:00,19:49,2026-10-07,oi,11,15,三連複,5-11-13,117.5,117.5,34,https://www.keiba.go.jp/KeibaWeb/TodayRaceInfo/Odds3LenFuku?k_babaCode=20&k_raceDate=2026%2F10%2F07&k_raceNo=11
2026-10-07 19:50:00,19:49,2026-10-07,oi,11,15,三連複,5-10-13,124.0,124.0,35,https://www.keiba.go.jp/KeibaWeb/TodayRaceInfo/Odds3LenFuku?k_babaCode=20&k_raceDate=2026%2F10%2F07&k_raceNo=11
2026-10-07 19:50:00,19:49,2026-10-07,oi,11,15,三連複,6-10-15,249.1,249.1,36,https://www.keiba.go.jp/KeibaWeb/TodayRaceInfo/Odds3LenFuku?k_babaCode=20&k_raceDate=2026%2F10%2F07&k_raceNo=11
2026-10-07 19:50:00,19:49,2026-10-07,oi,11,15,三連複,3-6-15,252.0,252.0,37,https://www.keiba.go.jp/KeibaWeb/TodayRaceInfo/Odds3LenFuku?k_babaCode=20&k_raceDate=2026%2F10%2F07&k_raceNo=11
2026-10-07 19:50:00,19:49,2026-10-07,oi,11,15,三連複,1-6-15,256.7,256.7,38,https://www.keiba.go.jp/KeibaWeb/TodayRaceInfo/Odds3LenFuku?k_babaCode=20&k_raceDate=2026%2F10%2F07&k_raceNo=11
2026-10-07 19:50:00,19:49,2026-10-07,oi,11,15,三連複,1-3-6,316.4,316.4,39,https://www.keiba.go.jp/KeibaWeb/TodayRaceInfo/Odds3LenFuku?k_babaCode=20&k_raceDate=2026%2F10%2F07&k_raceNo=11
2026-10-07 19:50:00,19:49,2026-10-07,oi,11,15,三連複,6-11-15,359.5,359.5,40,https://www.keiba.go.jp/KeibaWeb/TodayRaceInfo/Odds3LenFuku?k_babaCode=20&k_raceDate=2026%2F10%2F07&k_raceNo=11
2026-10-07 19:50:00,19:49,2026-10-07,oi,11,15,三連複,3-6-10,384.6,384.6,41,https://www.keiba.go.jp/KeibaWeb/TodayRaceInfo/Odds3LenFuku?k_babaCode=20&k_raceDate=2026%2F10%2F07&k_raceNo=11
2026-10-07 19:50:00,19:49,2026-10-07,oi,11,15,三連複,5-6-15,394.0,394.0,42,https://www.keiba.go.jp/KeibaWeb/TodayRaceInfo/Odds3LenFuku?k_babaCode=20&k_raceDate=2026%2F10%2F07&k_raceNo=11
2026-10-07 19:50:00,19:49,2026-10-07,oi,11,15,三連複,6-13-15,400.0,400.0,43,https://www.keiba.go.jp/KeibaWeb/TodayRaceInfo/Odds3LenFuku?k_babaCode=20&k_raceDate=2026%2F10%2F07&k_raceNo=11
2026-10-07 19:50:00,19:49,2026-10-07,oi,11,15,三連複,3-12-15,407.2,407.2,44,https://www.keiba.go.jp/KeibaWeb/TodayRaceInfo/Odds3LenFuku?k_babaCode=20&k_raceDate=2026%2F10%2F07&k_raceNo=11
2026-10-07 19:50:00,19:49,2026-10-07,oi,11,15,三連複,1-12-15,451.7,451.7,45,https://www.keiba.go.jp/KeibaWeb/TodayRaceInfo/Odds3LenFuku?k_babaCode=20&k_raceDate=2026%2F10%2F07&k_raceNo=11
2026-10-07 19:50:00,19:49,2026-10-07,oi,11,15,三連複,3-6-11,461.0,461.0,46,https://www.keiba.go.jp/KeibaWeb/TodayRaceInfo/Odds3LenFuku?k_babaCode=20&k_raceDate=2026%2F10%2F07&k_raceNo=11
2026-10-07 19:50:00,19:49,2026-10-07,oi,11,15,三連複,1-6-10,463.3,463.3,47,https://www.keiba.go.jp/KeibaWeb/TodayRaceInfo/Odds3LenFuku?k_babaCode=20&k_raceDate=2026%2F10%2F07&k_raceNo=11
2026-10-07 19:50:00,19:49,2026-10-07,oi,11,15,三連複,3-5-6,465.6,465.6,48,https://www.keiba.go.jp/KeibaWeb/TodayRaceInfo/Odds3LenFuku?k_babaCode=20&k_raceDate=2026%2F10%2F07&k_raceNo=11
2026-10-07 19:50:00,19:49,2026-10-07,oi,11,15,三連複,1-5-6,491.2,491.2,49,https://www.keiba.go.jp/KeibaWeb/TodayRaceInfo/Odds3LenFuku?k_babaCode=20&k_raceDate=2026%2F10%2F07&k_raceNo=11
2026-10-07 19:50:00,19:49,2026-10-07,oi,11,15,三連複,1-6-11,494.7,494.7,50,https://www.keiba.go.jp/KeibaWeb/TodayRaceInfo/Odds3LenFuku?k_babaCode=20&k_raceDate=2026%2F10%2F07&k_raceNo=11
2026-10-07 19:50:00,19:49,2026-10-07,oi,11,15,三連複,11-12-15,507.5,507.5,51,https://www.keiba.go.jp/KeibaWeb/TodayRaceInfo/Odds3LenFuku?k_babaCode=20&k_raceDate=2026%2F10%2F07&k_raceNo=11
2026-10-07 19:50:00,19:49,2026-10-07,oi,11,15,三連複,1-3-12,520.1,520.1,52,https://www.keiba.go.jp/KeibaWeb/TodayRaceInfo/Odds3LenFuku?k_babaCode=20&k_raceDate=2026%2F10%2F07&k_raceNo=11
2026-10-07 19:50:00,19:49,2026-10-07,oi,11,15,三連複,5-12-15,579.4,579.4,53,https://www.keiba.go.jp/KeibaWeb/TodayRaceInfo/Odds3LenFuku?k_babaCode=20&k_raceDate=2026%2F10%2F07&k_raceNo=11
2026-10-07 19:50:00,19:49,2026-10-07,oi,11,15,三連複,10-12-15,579.4,579.4,53,https://www.keiba.go.jp/KeibaWeb/TodayRaceInfo/Odds3LenFuku?k_babaCode=20&k_raceDate=2026%2F10%2F07&k_raceNo=11
2026-10-07 19:50:00,19:49,2026-10-07,oi,11,15,三連複,3-15-16,589.9,589.9,55,https://www.keiba.go.jp/KeibaWeb/TodayRaceInfo/Odds3LenFuku?k_babaCode=20&k_raceDate=2026%2F10%2F07&k_raceNo=11
2026-10-07 19:50:00,19:49,2026-10-07,oi,11,15,三連複,3-11-12,605.3,605.3,56,https://www.keiba.go.jp/KeibaWeb/TodayRaceInfo/Odds3LenFuku?k_babaCode=20&k_raceDate=2026%2F10%2F07&k_raceNo=11
2026-10-07 19:50:00,19:49,2026-10-07,oi,11,15,三連複,1-15-16,610.8,610.8,57,https://www.keiba.go.jp/KeibaWeb/TodayRaceInfo/Odds3LenFuku?k_babaCode=20&k_raceDate=2026%2F10%2F07&k_raceNo=11
2026-10-07 19:50:00,19:49,2026-10-07,oi,11,15,三連複,6-10-13,629.5,629.5,58,https://www.keiba.go.jp/KeibaWeb/TodayRaceInfo/Odds3LenFuku?k_babaCode=20&k_raceDate=2026%2F10%2F07&k_raceNo=11
2026-10-07 19:50:00,19:49,2026-10-07,oi,11,15,三連複,3-5-12,638.8,638.8,59,https://www.keiba.go.jp/KeibaWeb/TodayRaceInfo/Odds3LenFuku?k_babaCode=20&k_raceDate=2026%2F10%2F07&k_raceNo=11
2026-10-07 19:50:00,19:49,2026-10-07,oi,11,15,三連複,10-15-16,648.4,648.4,60,https://www.keiba.go.jp/KeibaWeb/TodayRaceInfo/Odds3LenFuku?k_babaCode=20&k_raceDate=2026%2F10%2F07&k_raceNo=11
2026-10-07 19:50:00,19:49,2026-10-07,oi,11,15,三連複,5-6-11,682.4,682.4,61,https://www.keiba.go.jp/KeibaWeb/TodayRaceInfo/Odds3LenFuku?k_babaCode=20&k_raceDate=2026%2F10%2F07&k_raceNo=11
2026-10-07 19:50:00,19:49,2026-10-07,oi,11,15,三連複,3-6-13,688.8,688.8,62,https://www.keiba.go.jp/KeibaWeb/TodayRaceInfo/Odds3LenFuku?k_babaCode=20&k_raceDate=2026%2F10%2F07&k_raceNo=11
2026-10-07 19:50:00,19:49,2026-10-07,oi,11,15,三連複,5-6-10,701.9,701.9,63,https://www.keiba.go.jp/KeibaWeb/TodayRaceInfo/Odds3LenFuku?k_babaCode=20&k_raceDate=2026%2F10%2F07&k_raceNo=11
2026-10-07 19:50:00,19:49,2026-10-07,oi,11,15,三連複,6-10-11,729.9,729.9,64,https://www.keiba.go.jp/KeibaWeb/TodayRaceInfo/Odds3LenFuku?k_babaCode=20&k_raceDate=2026%2F10%2F07&k_raceNo=11
2026-10-07 19:50:00,19:49,2026-10-07,oi,11,15,三連複,3-10-12,765.8,765.8,65,https://www.keiba.go.jp/KeibaWeb/TodayRaceInfo/Odds3LenFuku?k_babaCode=20&k_raceDate=2026%2F10%2F07&k_raceNo=11
2026-10-07 19:50:00,19:49,2026-10-07,oi,11,15,三連複,11-15-16,803.4,803.4,66,https://www.keiba.go.jp/KeibaWeb/TodayRaceInfo/Odds3LenFuku?k_babaCode=20&k_raceDate=2026%2F10%2F07&k_raceNo=11
2026-10-07 19:50:00,19:49,2026-10-07,oi,11,15,三連複,1-5-12,810.6,810.6,67,https://www.keiba.go.jp/KeibaWeb/TodayRaceInfo/Odds3LenFuku?k_babaCode=20&k_raceDate=2026%2F10%2F07&k_raceNo=11
2026-10-07 19:50:00,19:49,2026-10-07,oi,11,15,三連複,1-3-16,813.2,813.2,68,https://www.keiba.go.jp/KeibaWeb/TodayRaceInfo/Odds3LenFuku?k_babaCode=20&k_raceDate=2026%2F10%2F07&k_raceNo=11
2026-10-07 19:50:00,19:49,2026-10-07,oi,11,15,三連複,1-11-12,856.7,856.7,69,https://www.keiba.go.jp/KeibaWeb/TodayRaceInfo/Odds3LenFuku?k_babaCode=20&k_raceDate=2026%2F10%2F07&k_raceNo=11
2026-10-07 19:50:00,19:49,2026-10-07,oi,11,15,三連複,1-6-13,869.4,869.4,70,https://www.keiba.go.jp/KeibaWeb/TodayRaceInfo/Odds3LenFuku?k_babaCode=20&k_raceDate=2026%2F10%2F07&k_raceNo=11
2026-10-07 19:50:00,19:49,2026-10-07,oi,11,15,三連複,1-10-12,872.7,872.7,71,https://www.keiba.go.jp/KeibaWeb/TodayRaceInfo/Odds3LenFuku?k_babaCode=20&k_raceDate=2026%2F10%2F07&k_raceNo=11
2026-10-07 19:50:00,19:49,2026-10-07,oi,11,15,三連複,1-2-3,895.2,895.2,72,https://www.keiba.go.jp/KeibaWeb/TodayRaceInfo/Odds3LenFuku?k_babaCode=20&k_raceDate=2026%2F10%2F07&k_raceNo=11
2026-10-07 19:50:00,19:49,2026-10-07,oi,11,15,三連複,1-2-15,907.3,907.3,73,https://www.keiba.go.jp/KeibaWeb/TodayRaceInfo/Odds3LenFuku?k_babaCode=20&k_raceDate=2026%2F10%2F07&k_raceNo=11
2026-10-07 19:50:00,19:49,2026-10-07,oi,11,15,三連複,3-10-16,937.8,937.8,74,https://www.keiba.go.jp/KeibaWeb/TodayRaceInfo/Odds3LenFuku?k_babaCode=20&k_raceDate=2026%2F10%2F07&k_raceNo=11
2026-10-07 19:50:00,19:49,2026-10-07,oi,11,15,三連複,5-15-16,1011.6,1011.6,75,https://www.keiba.go.jp/KeibaWeb/TodayRaceInfo/Odds3LenFuku?k_babaCode=20&k_raceDate=2026%2F10%2F07&k_raceNo=11
2026-10-07 19:50:00,19:49,2026-10-07,oi,11,15,三連複,1-10-16,1021.1,1021.1,76,https://www.keiba.go.jp/KeibaWeb/TodayRaceInfo/Odds3LenFuku?k_babaCode=20&k_raceDate=2026%2F10%2F07&k_raceNo=11
2026-10-07 19:50:00,19:49,2026-10-07,oi,11,15,三連複,5-11-12,1030.3,1030.3,77,https://www.keiba.go.jp/KeibaWeb/TodayRaceInfo/Odds3LenFuku?k_babaCode=20&k_raceDate=2026%2F10%2F07&k_raceNo=11
2026-10-07 19:50:00,19:49,2026-10-07,oi,11,15,三連複,2-3-15,1041.5,1041.5,78,https://www.keiba.go.jp/KeibaWeb/TodayRaceInfo/Odds3LenFuku?k_babaCode=20&k_raceDate=2026%2F10%2F07&k_raceNo=11
2026-10-07 19:50:00,19:49,2026-10-07,oi,11,15,三連複,10-11-12,1080.9,1080.9,79,https://www.keiba.go.jp/KeibaWeb/TodayRaceInfo/Odds3LenFuku?k_babaCode=20&k_raceDate=2026%2F10%2F07&k_raceNo=11
2026-10-07 19:50:00,19:49,2026-10-07,oi,11,15,三連複,6-11-13,1095.4,1095.4,80,https://www.keiba.go.jp/KeibaWeb/TodayRaceInfo/Odds3LenFuku?k_babaCode=20&k_raceDate=2026%2F10%2F07&k_raceNo=11
2026-10-07 19:50:00,19:49,2026-10-07,oi,11,15,三連複,3-5-16,1122.2,1122.2,81,https://www.keiba.go.jp/KeibaWeb/TodayRaceInfo/Odds3LenFuku?k_babaCode=20&k_raceDate=2026%2F10%2F07&k_raceNo=11
2026-10-07 19:50:00,19:49,2026-10-07,oi,11,15,三連複,5-6-13,1125.6,1125.6,82,https://www.keiba.go.jp/KeibaWeb/TodayRaceInfo/Odds3LenFuku?k_babaCode=20&k_raceDate=2026%2F10%2F07&k_raceNo=11
2026-10-07 19:50:00,19:49,2026-10-07,oi,11,15,三連複,3-11-16,1135.0,1135.0,83,https://www.keiba.go.jp/KeibaWeb/TodayRaceInfo/Odds3LenFuku?k_babaCode=20&k_raceDate=2026%2F10%2F07&k_raceNo=11
2026-10-07 19:50:00,19:49,2026-10-07,oi,11,15,三連複,5-10-12,1156.9,1156.9,84,https://www.keiba.go.jp/KeibaWeb/TodayRaceInfo/Odds3LenFuku?k_babaCode=20&k_raceDate=2026%2F10%2F07&k_raceNo=11
2026-10-07 19:50:00,19:49,2026-10-07,oi,11,15,三連複,12-13-15,1156.9,1156.9,84,https://www.keiba.go.jp/KeibaWeb/TodayRaceInfo/Odds3LenFuku?k_babaCode=20&k_raceDate=2026%2F10%2F07&k_raceNo=11
2026-10-07 19:50:00,19:49,2026-10-07,oi,11,15,三連複,1-11-16,1229.6,1229.6,86,https://www.keiba.go.jp/KeibaWeb/TodayRaceInfo/Odds3LenFuku?k_babaCode=20&k_raceDate=2026%2F10%2F07&k_raceNo=11
2026-10-07 19:50:00,19:49,2026-10-07,oi,11,15,三連複,1-5-16,1277.6,1277.6,87,https://www.keiba.go.jp/KeibaWeb/TodayRaceInfo/Odds3LenFuku?k_babaCode=20&k_raceDate=2026%2F10%2F07&k_raceNo=11
2026-10-07 19:50:00,19:49,2026-10-07,oi,11,15,三連複,2-10-15,1388.5,1388.5,88,https://www.keiba.go.jp/KeibaWeb/TodayRaceInfo/Odds3LenFuku?k_babaCode=20&k_raceDate=2026%2F10%2F07&k_raceNo=11
2026-10-07 19:50:00,19:49,2026-10-07,oi,11,15,三連複,13-15-16,1392.7,1392.7,89,https://www.keiba.go.jp/KeibaWeb/TodayRaceInfo/Odds3LenFuku?k_babaCode=20&k_raceDate=2026%2F10%2F07&k_raceNo=11
2026-10-07 19:50:00,19:49,2026-10-07,oi,11,15,三連複,3-8-15,1468.7,1468.7,90,https://www.keiba.go.jp/KeibaWeb/TodayRaceInfo/Odds3LenFuku?k_babaCode=20&k_raceDate=2026%2F10%2F07&k_raceNo=11
2026-10-07 19:50:00,19:49,2026-10-07,oi,11,15,三連複,10-11-16,1489.8,1489.8,91,https://www.keiba.go.jp/KeibaWeb/TodayRaceInfo/Odds3LenFuku?k_babaCode=20&k_raceDate=2026%2F10%2F07&k_raceNo=11
2026-10-07 19:50:00,19:49,2026-10-07,oi,11,15,三連複,8-10-15,1500.5,1500.5,92,https://www.keiba.go.jp/KeibaWeb/TodayRaceInfo/Odds3LenFuku?k_babaCode=20&k_raceDate=2026%2F10%2F07&k_raceNo=11
2026-10-07 19:50:00,19:49,2026-10-07,oi,11,15,三連複,1-3-8,1583.6,1583.6,93,https://www.keiba.go.jp/KeibaWeb/TodayRaceInfo/Odds3LenFuku?k_babaCode=20&k_raceDate=2026%2F10%2F07&k_raceNo=11
2026-10-07 19:50:00,19:49,2026-10-07,oi,11,15,三連複,1-8-15,1591.3,1591.3,94,https://www.keiba.go.jp/KeibaWeb/TodayRaceInfo/Odds3LenFuku?k_babaCode=20&k_raceDate=2026%2F10%2F07&k_raceNo=11
2026-10-07 19:50:00,19:49,2026-10-07,oi,11,15,三連複,3-12-13,1635.7,1635.7,95,https://www.keiba.go.jp/KeibaWeb/TodayRaceInfo/Odds3LenFuku?k_babaCode=20&k_raceDate=2026%2F10%2F07&k_raceNo=11
2026-10-07 19:50:00,19:49,2026-10-07,oi,11,15,三連複,3-13-16,1808.9,1808.9,96,https://www.keiba.go.jp/KeibaWeb/TodayRaceInfo/Odds3LenFuku?k_babaCode=20&k_raceDate=2026%2F10%2F07&k_raceNo=11
2026-10-07 19:50:00,19:49,2026-10-07,oi,11,15,三連複,5-11-16,1810.4,1810.4,97,https://www.keiba.go.jp/KeibaWeb/TodayRaceInfo/Odds3LenFuku?k_babaCode=20&k_raceDate=2026%2F10%2F07&k_raceNo=11
2026-10-07 19:50:00,19:49,2026-10-07,oi,11,15,三連複,1-3-7,1811.8,1811.8,98,https://www.keiba.go.jp/KeibaWeb/TodayRaceInfo/Odds3LenFuku?k_babaCode=20&k_raceDate=2026%2F10%2F07&k_raceNo=11
2026-10-07 19:50:00,19:49,2026-10-07,oi,11,15,三連複,1-7-15,1816.1,1816.1,99,https://www.keiba.go.jp/KeibaWeb/TodayRaceInfo/Odds3LenFuku?k_babaCode=20&k_raceDate=2026%2F10%2F07&k_raceNo=11
2026-10-07 19:50:00,19:49,2026-10-07,oi,11,15,三連複,3-14-15,1821.9,1821.9,100,https://www.keiba.go.jp/KeibaWeb/TodayRaceInfo/Odds3LenFuku?k_babaCode=20&k_raceDate=2026%2F10%2F07&k_raceNo=11
2026-10-07 19:50:00,19:49,2026-10-07,oi,11,15,三連複,10-13-16,1838.0,1838.0,101,https://www.keiba.go.jp/KeibaWeb/TodayRaceInfo/Odds3LenFuku?k_babaCode=20&k_raceDate=2026%2F10%2F07&k_raceNo=11
2026-10-07 19:50:00,19:49,2026-10-07,oi,11,15,三連複,1-2-10,1865.0,1865.0,102,https://www.keiba.go.jp/KeibaWeb/TodayRaceInfo/Odds3LenFuku?k_babaCode=20&k_raceDate=2026%2F10%2F07&k_raceNo=11
2026-10-07 19:50:00,19:49,2026-10-07,oi,11,15,三連複,2-3-10,1892.7,1892.7,103,https://www.keiba.go.jp/KeibaWeb/TodayRaceInfo/Odds3LenFuku?k_babaCode=20&k_raceDate=2026%2F10%2F07&k_raceNo=11
2026-10-07 19:50:00,19:49,2026-10-07,oi,11,15,三連複,5-10-16,1897.4,1897.4,104,https://www.keiba.go.jp/KeibaWeb/TodayRaceInfo/Odds3LenFuku?k_babaCode=20&k_raceDate=2026%2F10%2F07&k_raceNo=11
2026-10-07 19:50:00,19:49,2026-10-07,oi,11,15,三連複,5-12-13,1931.1,1931.1,105,https://www.keiba.go.jp/KeibaWeb/TodayRaceInfo/Odds3LenFuku?k_babaCode=20&k_raceDate=2026%2F10%2F07&k_raceNo=11
2026-10-07 19:50:00,19:49,2026-10-07,oi,11,15,三連複,1-2-5,1974.4,1974.4,106,https://www.keiba.go.jp/KeibaWeb/TodayRaceInfo/Odds3LenFuku?k_babaCode=20&k_raceDate=2026%2F10%2F07&k_raceNo=11
2026-10-07 19:50:00,19:49,2026-10-07,oi,11,15,三連複,3-7-15,1977.8,1977.8,107,https://www.keiba.go.jp/KeibaWeb/TodayRaceInfo/Odds3LenFuku?k_babaCode=20&k_raceDate=2026%2F10%2F07&k_raceNo=11
2026-10-07 19:50:00,19:49,2026-10-07,oi,11,15,三連複,2-3-5,1993.3,1993.3,108,https://www.keiba.go.jp/KeibaWeb/TodayRaceInfo/Odds3LenFuku?k_babaCode=20&k_raceDate=2026%2F10%2F07&k_raceNo=11
2026-10-07 19:50:00,19:49,2026-10-07,oi,11,15,三連複,10-12-13,1998.5,1998.5,109,https://www.keiba.go.jp/KeibaWeb/TodayRaceInfo/Odds3LenFuku?k_babaCode=20&k_raceDate=2026%2F10%2F07&k_raceNo=11
2026-10-07 19:50:00,19:49,2026-10-07,oi,11,15,三連複,1-4-15,2012.6,2012.6,110,https://www.keiba.go.jp/KeibaWeb/TodayRaceInfo/Odds3LenFuku?k_babaCode=20&k_raceDate=2026%2F10%2F07&k_raceNo=11
2026-10-07 19:50:00,19:49,2026-10-07,oi,11,15,三連複,1-12-13,2014.3,2014.3,111,https://www.keiba.go.jp/KeibaWeb/TodayRaceInfo/Odds3LenFuku?k_babaCode=20&k_raceDate=2026%2F10%2F07&k_raceNo=11
2026-10-07 19:50:00,19:49,2026-10-07,oi,11,15,三連複,2-11-15,2014.3,2014.3,111,https://www.keiba.go.jp/KeibaWeb/TodayRaceInfo/Odds3LenFuku?k_babaCode=20&k_raceDate=2026%2F10%2F07&k_raceNo=11
2026-10-07 19:50:00,19:49,2026-10-07,oi,11,15,三連複,2-5-15,2034.0,2034.0,113,https://www.keiba.go.jp/KeibaWeb/TodayRaceInfo/Odds3LenFuku?k_babaCode=20&k_raceDate=2026%2F10%2F07&k_raceNo=11
2026-10-07 19:50:00,19:49,2026-10-07,oi,11,15,三連複,1-14-15,2086.0,2086.0,114,https://www.keiba.go.jp/KeibaWeb/TodayRaceInfo/Odds3LenFuku?k_babaCode=20&k_raceDate=2026%2F10%2F07&k_raceNo=11
2026-10-07 19:50:00,19:49,2026-10-07,oi,11,15,三連複,4-10-15,2091.7,2091.7,115,https://www.keiba.go.jp/KeibaWeb/TodayRaceInfo/Odds3LenFuku?k_babaCode=20&k_raceDate=2026%2F10%2F07&k_raceNo=11
2026-10-07 19:50:00,19:49,2026-10-07,oi,11,15,三連複,7-10-15,2093.6,2093.6,116,https://www.keiba.go.jp/KeibaWeb/TodayRaceInfo/Odds3LenFuku?k_babaCode=20&k_raceDate=2026%2F10%2F07&k_raceNo=11
2026-10-07 19:50:00,19:49,2026-10-07,oi,11,15,三連複,10-14-15,2099.4,2099.4,117,https://www.keiba.go.jp/KeibaWeb/TodayRaceInfo/Odds3LenFuku?k_babaCode=20&k_raceDate=2026%2F10%2F07&k_raceNo=11
2026-10-07 19:50:00,19:49,2026-10-07,oi,11,15,三連複,1-13-16,2223.8,2223.8,118,https://www.keiba.go.jp/KeibaWeb/TodayRaceInfo/Odds3LenFuku?k_babaCode=20&k_raceDate=2026%2F10%2F07&k_raceNo=11
2026-10-07 19:50:00,19:49,2026-10-07,oi,11,15,三連複,1-8-10,2316.1,2316.1,119,https://www.keiba.go.jp/KeibaWeb/TodayRaceInfo/Odds3LenFuku?k_babaCode=20&k_raceDate=2026%2F10%2F07&k_raceNo=11
2026-10-07 19:50:00,19:49,2026-10-07,oi,11,15,三連複,11-12-13,2335.0,2335.0,120,https://www.keiba.go.jp/KeibaWeb/TodayRaceInfo/Odds3LenFuku?k_babaCode=20&k_raceDate=2026%2F10%2F07&k_raceNo=11
2026-10-07 19:50:00,19:49,2026-10-07,oi,11,15,三連複,3-4-15,2468.5,2468.5,121,https://www.keiba.go.jp/KeibaWeb/TodayRaceInfo/Odds3LenFuku?k_babaCode=20&k_raceDate=2026%2F10%2F07&k_raceNo=11
2026-10-07 19:50:00,19:49,2026-10-07,oi,11,15,三連複,8-11-15,2495.4,2495.4,122,https://www.keiba.go.jp/KeibaWeb/TodayRaceInfo/Odds3LenFuku?k_babaCode=20&k_raceDate=2026%2F10%2F07&k_raceNo=11
2026-10-07 19:50:00,19:49,2026-10-07,oi,11,15,三連複,3-8-10,2539.7,2539.7,123,https://www.keiba.go.jp/KeibaWeb/TodayRaceInfo/Odds3LenFuku?k_babaCode=20&k_raceDate=2026%2F10%2F07&k_raceNo=11
2026-10-07 19:50:00,19:49,2026-10-07,oi,11,15,三連複,2-3-11,2548.2,2548.2,124,https://www.keiba.go.jp/KeibaWeb/TodayRaceInfo/Odds3LenFuku?k_babaCode=20&k_raceDate=2026%2F10%2F07&k_raceNo=11
2026-10-07 19:50:00,19:49,2026-10-07,oi,11,15,三連複,1-3-4,2568.3,2568.3,125,https://www.keiba.go.jp/KeibaWeb/TodayRaceInfo/Odds3LenFuku?k_babaCode=20&k_raceDate=2026%2F10%2F07&k_raceNo=11
2026-10-07 19:50:00,19:49,2026-10-07,oi,11,15,三連複,1-2-11,2585.7,2585.7,126,https://www.keiba.go.jp/KeibaWeb/TodayRaceInfo/Odds3LenFuku?k_babaCode=20&k_raceDate=2026%2F10%2F07&k_raceNo=11
2026-10-07 19:50:00,19:49,2026-10-07,oi,11,15,三連複,13-14-15,2603.3,2603.3,127,https://www.keiba.go.jp/KeibaWeb/TodayRaceInfo/Odds3LenFuku?k_babaCode=20&k_raceDate=2026%2F10%2F07&k_raceNo=11
2026-10-07 19:50:00,19:49,2026-10-07,oi,11,15,三連複,11-13-16,2645.5,2645.5,128,https://www.keiba.go.jp/KeibaWeb/TodayRaceInfo/Odds3LenFuku?k_babaCode=20&k_raceDate=2026%2F10%2F07&k_raceNo=11
2026-10-07 19:50:00,19:49,2026-10-07,oi,11,15,三連複,3-5-8,2708.1,2708.1,129,https://www.keiba.go.jp/KeibaWeb/TodayRaceInfo/Odds3LenFuku?k_babaCode=20&k_raceDate=2026%2F10%2F07&k_raceNo=11
2026-10-07 19:50:00,19:49,2026-10-07,oi,11,15,三連複,1-7-10,2734.0,2734.0,130,https://www.keiba.go.jp/KeibaWeb/TodayRaceInfo/Odds3LenFuku?k_babaCode=20&k_raceDate=2026%2F10%2F07&k_raceNo=11
2026-10-07 19:50:00,19:49,2026-10-07,oi,11,15,三連複,3-7-10,2747.1,2747.1,131,https://www.keiba.go.jp/KeibaWeb/TodayRaceInfo/Odds3LenFuku?k_babaCode=20&k_raceDate=2026%2F10%2F07&k_raceNo=11
2026-10-07 19:50:00,19:49,2026-10-07,oi,11,15,三連複,8-13-15,2804.3,2804.3,132,https://www.keiba.go.jp/KeibaWeb/TodayRaceInfo/Odds3LenFuku?k_babaCode=20&k_raceDate=2026%2F10%2F07&k_raceNo=11
2026-10-07 19:50:00,19:49,2026-10-07,oi,11,15,三連複,1-9-15,2900.3,2900.3,133,https://www.keiba.go.jp/KeibaWeb/TodayRaceInfo/Odds3LenFuku?k_babaCode=20&k_raceDate=2026%2F10%2F07&k_raceNo=11
2026-10-07 19:50:00,19:49,2026-10-07,oi,11,15,三連複,1-5-8,2915.1,2915.1,134,https://www.keiba.go.jp/KeibaWeb/TodayRaceInfo/Odds3LenFuku?k_babaCode=20&k_raceDate=2026%2F10%2F07&k_raceNo=11
2026-10-07 19:50:00,19:49,2026-10-07,oi,11,15,三連複,5-13-16,2945.1,2945.1,135,https://www.keiba.go.jp/KeibaWeb/TodayRaceInfo/Odds3LenFuku?k_babaCode=20&k_raceDate=2026%2F10%2F07&k_raceNo=11
2026-10-07 19:50:00,19:49,2026-10-07,oi,11,15,三連複,1-3-9,2960.3,2960.3,136,https://www.keiba.go.jp/KeibaWeb/TodayRaceInfo/Odds3LenFuku?k_babaCode=20&k_raceDate=2026%2F10%2F07&k_raceNo=11
2026-10-07 19:50:00,19:49,2026-10-07,oi,11,15,三連複,2-5-10,3003.0,3003.0,137,https://www.keiba.go.jp/KeibaWeb/TodayRaceInfo/Odds3LenFuku?k_babaCode=20&k_raceDate=2026%2F10%2F07&k_raceNo=11
2026-10-07 19:50:00,19:49,2026-10-07,oi,11,15,三連複,9-10-15,3014.9,3014.9,138,https://www.keiba.go.jp/KeibaWeb/TodayRaceInfo/Odds3LenFuku?k_babaCode=20&k_raceDate=2026%2F10%2F07&k_raceNo=11
2026-10-07 19:50:00,19:49,2026-10-07,oi,11,15,三連複,5-8-15,3043.0,3043.0,139,https://www.keiba.go.jp/KeibaWeb/TodayRaceInfo/Odds3LenFuku?k_babaCode=20&k_raceDate=2026%2F10%2F07&k_raceNo=11
2026-10-07 19:50:00,19:49,2026-10-07,oi,11,15,三連複,1-3-14,3084.0,3084.0,140,https://www.keiba.go.jp/KeibaWeb/TodayRaceInfo/Odds3LenFuku?k_babaCode=20&k_raceDate=2026%2F10%2F07&k_raceNo=11
2026-10-07 19:50:00,19:49,2026-10-07,oi,11,15,三連複,3-4-10,3147.6,3147.6,141,https://www.keiba.go.jp/KeibaWeb/TodayRaceInfo/Odds3LenFuku?k_babaCode=20&k_raceDate=2026%2F10%2F07&k_raceNo=11
2026-10-07 19:50:00,19:49,2026-10-07,oi,11,15,三連複,3-8-11,3191.5,3191.5,142,https://www.keiba.go.jp/KeibaWeb/TodayRaceInfo/Odds3LenFuku?k_babaCode=20&k_raceDate=2026%2F10%2F07&k_raceNo=11
2026-10-07 19:50:00,19:49,2026-10-07,oi,11,15,三連複,2-10-11,3200.5,3200.5,143,https://www.keiba.go.jp/KeibaWeb/TodayRaceInfo/Odds3LenFuku?k_babaCode=20&k_raceDate=2026%2F10%2F07&k_raceNo=11
2026-10-07 19:50:00,19:49,2026-10-07,oi,11,15,三連複,2-13-15,3232.1,3232.1,144,https://www.keiba.go.jp/KeibaWeb/TodayRaceInfo/Odds3LenFuku?k_babaCode=20&k_raceDate=2026%2F10%2F07&k_raceNo=11
2026-10-07 19:50:00,19:49,2026-10-07,oi,11,15,三連複,3-9-15,3232.1,3232.1,144,https://www.keiba.go.jp/KeibaWeb/TodayRaceInfo/Odds3LenFuku?k_babaCode=20&k_raceDate=2026%2F10%2F07&k_raceNo=11
2026-10-07 19:50:00,19:49,2026-10-07,oi,11,15,三連複,7-11-15,3302.1,3302.1,146,https://www.keiba.go.jp/KeibaWeb/TodayRaceInfo/Odds3LenFuku?k_babaCode=20&k_raceDate=2026%2F10%2F07&k_raceNo=11
2026-10-07 19:50:00,19:49,2026-10-07,oi,11,15,三連複,3-5-7,3311.6,3311.6,147,https://www.keiba.go.jp/KeibaWeb/TodayRaceInfo/Odds3LenFuku?k_babaCode=20&k_raceDate=2026%2F10%2F07&k_raceNo=11
2026-10-07 19:50:00,19:49,2026-10-07,oi,11,15,三連複,1-5-7,3316.4,3316.4,148,https://www.keiba.go.jp/KeibaWeb/TodayRaceInfo/Odds3LenFuku?k_babaCode=20&k_raceDate=2026%2F10%2F07&k_raceNo=11
2026-10-07 19:50:00,19:49,2026-10-07,oi,11,15,三連複,11-14-15,3345.5,3345.5,149,https://www.keiba.go.jp/KeibaWeb/TodayRaceInfo/Odds3LenFuku?k_babaCode=20&k_raceDate=2026%2F10%2F07&k_raceNo=11
2026-10-07 19:50:00,19:49,2026-10-07,oi,11,15,三連複,1-4-10,3420.5,3420.5,150,https://www.keiba.go.jp/KeibaWeb/TodayRaceInfo/Odds3LenFuku?k_babaCode=20&k_raceDate=2026%2F10%2F07&k_raceNo=11
2026-10-07 19:50:00,19:49,2026-10-07,oi,11,15,三連複,4-5-15,3467.2,3467.2,151,https://www.keiba.go.jp/KeibaWeb/TodayRaceInfo/Odds3LenFuku?k_babaCode=20&k_raceDate=2026%2F10%2F07&k_raceNo=11
2026-10-07 19:50:00,19:49,2026-10-07,oi,11,15,三連複,4-11-15,3504.3,3504.3,152,https://www.keiba.go.jp/KeibaWeb/TodayRaceInfo/Odds3LenFuku?k_babaCode=20&k_raceDate=2026%2F10%2F07&k_raceNo=11
2026-10-07 19:50:00,19:49,2026-10-07,oi,11,15,三連複,5-14-15,3520.5,3520.5,153,https://www.keiba.go.jp/KeibaWeb/TodayRaceInfo/Odds3LenFuku?k_babaCode=20&k_raceDate=2026%2F10%2F07&k_raceNo=11
2026-10-07 19:50:00,19:49,2026-10-07,oi,11,15,三連複,1-8-11,3569.9,3569.9,154,https://www.keiba.go.jp/KeibaWeb/TodayRaceInfo/Odds3LenFuku?k_babaCode=20&k_raceDate=2026%2F10%2F07&k_raceNo=11
2026-10-07 19:50:00,19:49,2026-10-07,oi,11,15,三連複,6-12-15,3598.0,3598.0,155,https://www.keiba.go.jp/KeibaWeb/TodayRaceInfo/Odds3LenFuku?k_babaCode=20&k_raceDate=2026%2F10%2F07&k_raceNo=11
2026-10-07 19:50:00,19:49,2026-10-07,oi,11,15,三連複,5-7-15,3620.8,3620.8,156,https://www.keiba.go.jp/KeibaWeb/TodayRaceInfo/Odds3LenFuku?k_babaCode=20&k_raceDate=2026%2F10%2F07&k_raceNo=11
2026-10-07 19:50:00,19:49,2026-10-07,oi,11,15,三連複,3-7-11,3714.8,3714.8,157,https://www.keiba.go.jp/KeibaWeb/TodayRaceInfo/Odds3LenFuku?k_babaCode=20&k_raceDate=2026%2F10%2F07&k_raceNo=11
2026-10-07 19:50:00,19:49,2026-10-07,oi,11,15,三連複,2-5-11,3720.9,3720.9,158,https://www.keiba.go.jp/KeibaWeb/TodayRaceInfo/Odds3LenFuku?k_babaCode=20&k_raceDate=2026%2F10%2F07&k_raceNo=11
2026-10-07 19:50:00,19:49,2026-10-07,oi,11,15,三連複,1-7-11,3891.7,3891.7,159,https://www.keiba.go.jp/KeibaWeb/TodayRaceInfo/Odds3LenFuku?k_babaCode=20&k_raceDate=2026%2F10%2F07&k_raceNo=11
2026-10-07 19:50:00,19:49,2026-10-07,oi,11,15,三連複,1-10-14,3911.7,3911.7,160,https://www.keiba.go.jp/KeibaWeb/TodayRaceInfo/Odds3LenFuku?k_babaCode=20&k_raceDate=2026%2F10%2F07&k_raceNo=11
2026-10-07 19:50:00,19:49,2026-10-07,oi,11,15,三連複,3-10-14,3925.1,3925.1,161,https://www.keiba.go.jp/KeibaWeb/TodayRaceInfo/Odds3LenFuku?k_babaCode=20&k_raceDate=2026%2F10%2F07&k_raceNo=11
2026-10-07 19:50:00,19:49,2026-10-07,oi,11,15,三連複,3-9-11,4071.8,4071.8,162,https://www.keiba.go.jp/KeibaWeb/TodayRaceInfo/Odds3LenFuku?k_babaCode=20&k_raceDate=2026%2F10%2F07&k_raceNo=11
2026-10-07 19:50:00,19:49,2026-10-07,oi,11,15,三連複,1-4-5,4153.1,4153.1,163,https://www.keiba.go.jp/KeibaWeb/TodayRaceInfo/Odds3LenFuku?k_babaCode=20&k_raceDate=2026%2F10%2F07&k_raceNo=11
2026-10-07 19:50:00,19:49,2026-10-07,oi,11,15,三連複,8-10-11,4168.2,4168.2,164,https://www.keiba.go.jp/KeibaWeb/TodayRaceInfo/Odds3LenFuku?k_babaCode=20&k_raceDate=2026%2F10%2F07&k_raceNo=11
2026-10-07 19:50:00,19:49,2026-10-07,oi,11,15,三連複,9-11-15,4253.4,4253.4,165,https://www.keiba.go.jp/KeibaWeb/TodayRaceInfo/Odds3LenFuku?k_babaCode=20&k_raceDate=2026%2F10%2F07&k_raceNo=11
2026-10-07 19:50:00,19:49,2026-10-07,oi,11,15,三連複,3-4-5,4293.3,4293.3,166,https://www.keiba.go.jp/KeibaWeb/TodayRaceInfo/Odds3LenFuku?k_babaCode=20&k_raceDate=2026%2F10%2F07&k_raceNo=11
2026-10-07 19:50:00,19:49,2026-10-07,oi,11,15,三連複,1-9-10,4417.6,4417.6,167,https://www.keiba.go.jp/KeibaWeb/TodayRaceInfo/Odds3LenFuku?k_babaCode=20&k_raceDate=2026%2F10%2F07&k_raceNo=11
2026-10-07 19:50:00,19:49,2026-10-07,oi,11,15,三連複,1-4-11,4426.2,4426.2,168,https://www.keiba.go.jp/KeibaWeb/TodayRaceInfo/Odds3LenFuku?k_babaCode=20&k_raceDate=2026%2F10%2F07&k_raceNo=11
2026-10-07 19:50:00,19:49,2026-10-07,oi,11,15,三連複,3-13-14,4426.2,4426.2,168,https://www.keiba.go.jp/KeibaWeb/TodayRaceInfo/Odds3LenFuku?k_babaCode=20&k_raceDate=2026%2F10%2F07&k_raceNo=11
2026-10-07 19:50:00,19:49,2026-10-07,oi,11,15,三連複,1-8-13,4513.5,4513.5,170,https://www.keiba.go.jp/KeibaWeb/TodayRaceInfo/Odds3LenFuku?k_babaCode=20&k_raceDate=2026%2F10%2F07&k_raceNo=11
2026-10-07 19:50:00,19:49,2026-10-07,oi,11,15,三連複,3-5-14,4747.6,4747.6,171,https://www.keiba.go.jp/KeibaWeb/TodayRaceInfo/Odds3LenFuku?k_babaCode=20&k_raceDate=2026%2F10%2F07&k_raceNo=11
2026-10-07 19:50:00,19:49,2026-10-07,oi,11,15,三連複,8-10-13,4757.5,4757.5,172,https://www.keiba.go.jp/KeibaWeb/TodayRaceInfo/Odds3LenFuku?k_babaCode=20&k_raceDate=2026%2F10%2F07&k_raceNo=11
2026-10-07 19:50:00,19:49,2026-10-07,oi,11,15,三連複,3-9-10,4767.4,4767.4,173,https://www.keiba.go.jp/KeibaWeb/TodayRaceInfo/Odds3LenFuku?k_babaCode=20&k_raceDate=2026%2F10%2F07&k_raceNo=11
2026-10-07 19:50:00,19:49,2026-10-07,oi,11,15,三連複,7-10-11,4807.4,4807.4,174,https://www.keiba.go.jp/KeibaWeb/TodayRaceInfo/Odds3LenFuku?k_babaCode=20&k_raceDate=2026%2F10%2F07&k_raceNo=11
2026-10-07 19:50:00,19:49,2026-10-07,oi,11,15,三連複,3-8-13,4848.2,4848.2,175,https://www.keiba.go.jp/KeibaWeb/TodayRaceInfo/Odds3LenFuku?k_babaCode=20&k_raceDate=2026%2F10%2F07&k_raceNo=11
2026-10-07 19:50:00,19:49,2026-10-07,oi,11,15,三連複,6-15-16,4889.6,4889.6,176,https://www.keiba.go.jp/KeibaWeb/TodayRaceInfo/Odds3LenFuku?k_babaCode=20&k_raceDate=2026%2F10%2F07&k_raceNo=11
2026-10-07 19:50:00,19:49,2026-10-07,oi,11,15,三連複,1-2-13,4942.4,4942.4,177,https://www.keiba.go.jp/KeibaWeb/TodayRaceInfo/Odds3LenFuku?k_babaCode=20&k_raceDate=2026%2F10%2F07&k_raceNo=11
2026-10-07 19:50:00,19:49,2026-10-07,oi,11,15,三連複,5-8-10,4996.4,4996.4,178,https://www.keiba.go.jp/KeibaWeb/TodayRaceInfo/Odds3LenFuku?k_babaCode=20&k_raceDate=2026%2F10%2F07&k_raceNo=11
2026-10-07 19:50:00,19:49,2026-10-07,oi,11,15,三連複,3-11-14,5018.3,5018.3,179,https://www.keiba.go.jp/KeibaWeb/TodayRaceInfo/Odds3LenFuku?k_babaCode=20&k_raceDate=2026%2F10%2F07&k_raceNo=11
2026-10-07 19:50:00,19:49,2026-10-07,oi,11,15,三連複,1-11-14,5029.3,5029.3,180,https://www.keiba.go.jp/KeibaWeb/TodayRaceInfo/Odds3LenFuku?k_babaCode=20&k_raceDate=2026%2F10%2F07&k_raceNo=11
2026-10-07 19:50:00,19:49,2026-10-07,oi,11,15,三連複,2-3-13,5062.7,5062.7,181,https://www.keiba.go.jp/KeibaWeb/TodayRaceInfo/Odds3LenFuku?k_babaCode=20&k_raceDate=2026%2F10%2F07&k_raceNo=11
2026-10-07 19:50:00,19:49,2026-10-07,oi,11,15,三連複,3-6-12,5096.5,5096.5,182,https://www.keiba.go.jp/KeibaWeb/TodayRaceInfo/Odds3LenFuku?k_babaCode=20&k_raceDate=2026%2F10%2F07&k_raceNo=11
2026-10-07 19:50:00,19:49,2026-10-07,oi,11,15,三連複,5-9-15,5142.3,5142.3,183,https://www.keiba.go.jp/KeibaWeb/TodayRaceInfo/Odds3LenFuku?k_babaCode=20&k_raceDate=2026%2F10%2F07&k_raceNo=11
2026-10-07 19:50:00,19:49,2026-10-07,oi,11,15,三連複,1-5-14,5165.5,5165.5,184,https://www.keiba.go.jp/KeibaWeb/TodayRaceInfo/Odds3LenFuku?k_babaCode=20&k_raceDate=2026%2F10%2F07&k_raceNo=11
2026-10-07 19:50:00,19:49,2026-10-07,oi,11,15,三連複,2-10-13,5212.6,5212.6,185,https://www.keiba.go.jp/KeibaWeb/TodayRaceInfo/Odds3LenFuku?k_babaCode=20&k_raceDate=2026%2F10%2F07&k_raceNo=11
2026-10-07 19:50:00,19:49,2026-10-07,oi,11,15,三連複,3-4-11,5248.5,5248.5,186,https://www.keiba.go.jp/KeibaWeb/TodayRaceInfo/Odds3LenFuku?k_babaCode=20&k_raceDate=2026%2F10%2F07&k_raceNo=11
2026-10-07 19:50:00,19:49,2026-10-07,oi,11,15,三連複,7-13-15,5272.7,5272.7,187,https://www.keiba.go.jp/KeibaWeb/TodayRaceInfo/Odds3LenFuku?k_babaCode=20&k_raceDate=2026%2F10%2F07&k_raceNo=11
2026-10-07 19:50:00,19:49,2026-10-07,oi,11,15,三連複,1-5-9,5334.1,5334.1,188,https://www.keiba.go.jp/KeibaWeb/TodayRaceInfo/Odds3LenFuku?k_babaCode=20&k_raceDate=2026%2F10%2F07&k_raceNo=11
2026-10-07 19:50:00,19:49,2026-10-07,oi,11,15,三連複,4-13-15,5384.3,5384.3,189,https://www.keiba.go.jp/KeibaWeb/TodayRaceInfo/Odds3LenFuku?k_babaCode=20&k_raceDate=2026%2F10%2F07&k_raceNo=11
2026-10-07 19:50:00,19:49,2026-10-07,oi,11,15,三連複,9-10-11,5409.8,5409.8,190,https://www.keiba.go.jp/KeibaWeb/TodayRaceInfo/Odds3LenFuku?k_babaCode=20&k_raceDate=2026%2F10%2F07&k_raceNo=11
2026-10-07 19:50:00,19:49,2026-10-07,oi,11,15,三連複,1-9-11,5474.5,5474.5,191,https://www.keiba.go.jp/KeibaWeb/TodayRaceInfo/Odds3LenFuku?k_babaCode=20&k_raceDate=2026%2F10%2F07&k_raceNo=11
2026-10-07 19:50:00,19:49,2026-10-07,oi,11,15,三連複,5-7-11,5554.2,5554.2,192,https://www.keiba.go.jp/KeibaWeb/TodayRaceInfo/Odds3LenFuku?k_babaCode=20&k_raceDate=2026%2F10%2F07&k_raceNo=11
2026-10-07 19:50:00,19:49,2026-10-07,oi,11,15,三連複,1-6-12,5567.7,5567.7,193,https://www.keiba.go.jp/KeibaWeb/TodayRaceInfo/Odds3LenFuku?k_babaCode=20&k_raceDate=2026%2F10%2F07&k_raceNo=11
2026-10-07 19:50:00,19:49,2026-10-07,oi,11,15,三連複,4-10-11,5581.3,5581.3,194,https://www.keiba.go.jp/KeibaWeb/TodayRaceInfo/Odds3LenFuku?k_babaCode=20&k_raceDate=2026%2F10%2F07&k_raceNo=11
2026-10-07 19:50:00,19:49,2026-10-07,oi,11,15,三連複,5-8-11,5664.2,5664.2,195,https://www.keiba.go.jp/KeibaWeb/TodayRaceInfo/Odds3LenFuku?k_babaCode=20&k_raceDate=2026%2F10%2F07&k_raceNo=11
2026-10-07 19:50:00,19:49,2026-10-07,oi,11,15,三連複,5-7-10,5735.2,5735.2,196,https://www.keiba.go.jp/KeibaWeb/TodayRaceInfo/Odds3LenFuku?k_babaCode=20&k_raceDate=2026%2F10%2F07&k_raceNo=11
2026-10-07 19:50:00,19:49,2026-10-07,oi,11,15,三連複,10-13-14,5749.6,5749.6,197,https://www.keiba.go.jp/KeibaWeb/TodayRaceInfo/Odds3LenFuku?k_babaCode=20&k_raceDate=2026%2F10%2F07&k_raceNo=11
2026-10-07 19:50:00,19:49,2026-10-07,oi,11,15,三連複,6-10-16,5764.1,5764.1,198,https://www.keiba.go.jp/KeibaWeb/TodayRaceInfo/Odds3LenFuku?k_babaCode=20&k_raceDate=2026%2F10%2F07&k_raceNo=11
2026-10-07 19:50:00,19:49,2026-10-07,oi,11,15,三連複,10-11-14,5778.6,5778.6,199,https://www.keiba.go.jp/KeibaWeb/TodayRaceInfo/Odds3LenFuku?k_babaCode=20&k_raceDate=2026%2F10%2F07&k_raceNo=11
2026-10-07 19:50:00,19:49,2026-10-07,oi,11,15,三連複,6-10-12,5943.7,5943.7,200,https://www.keiba.go.jp/KeibaWeb/TodayRaceInfo/Odds3LenFuku?k_babaCode=20&k_raceDate=2026%2F10%2F07&k_raceNo=11
2026-10-07 19:50:00,19:49,2026-10-07,oi,11,15,三連複,3-5-9,6069.9,6069.9,201,https://www.keiba.go.jp/KeibaWeb/TodayRaceInfo/Odds3LenFuku?k_babaCode=20&k_raceDate=2026%2F10%2F07&k_raceNo=11
2026-10-07 19:50:00,19:49,2026-10-07,oi,11,15,三連複,1-6-16,6201.5,6201.5,202,https://www.keiba.go.jp/KeibaWeb/TodayRaceInfo/Odds3LenFuku?k_babaCode=20&k_raceDate=2026%2F10%2F07&k_raceNo=11
2026-10-07 19:50:00,19:49,2026-10-07,oi,11,15,三連複,6-11-12,6235.3,6235.3,203,https://www.keiba.go.jp/KeibaWeb/TodayRaceInfo/Odds3LenFuku?k_babaCode=20&k_raceDate=2026%2F10%2F07&k_raceNo=11
2026-10-07 19:50:00,19:49,2026-10-07,oi,11,15,三連複,3-6-16,6374.2,6374.2,204,https://www.keiba.go.jp/KeibaWeb/TodayRaceInfo/Odds3LenFuku?k_babaCode=20&k_raceDate=2026%2F10%2F07&k_raceNo=11
2026-10-07 19:50:00,19:49,2026-10-07,oi,11,15,三連複,1-2-6,6482.6,6482.6,205,https://www.keiba.go.jp/KeibaWeb/TodayRaceInfo/Odds3LenFuku?k_babaCode=20&k_raceDate=2026%2F10%2F07&k_raceNo=11
2026-10-07 19:50:00,19:49,2026-10-07,oi,11,15,三連複,6-14-15,6632.9,6632.9,206,https://www.keiba.go.jp/KeibaWeb/TodayRaceInfo/Odds3LenFuku?k_babaCode=20&k_raceDate=2026%2F10%2F07&k_raceNo=11
2026-10-07 19:50:00,19:49,2026-10-07,oi,11,15,三連複,4-5-10,6652.2,6652.2,207,https://www.keiba.go.jp/KeibaWeb/TodayRaceInfo/Odds3LenFuku?k_babaCode=20&k_raceDate=2026%2F10%2F07&k_raceNo=11
2026-10-07 19:50:00,19:49,2026-10-07,oi,11,15,三連複,2-6-15,6871.9,6871.9,208,https://www.keiba.go.jp/KeibaWeb/TodayRaceInfo/Odds3LenFuku?k_babaCode=20&k_raceDate=2026%2F10%2F07&k_raceNo=11
2026-10-07 19:50:00,19:49,2026-10-07,oi,11,15,三連複,2-11-13,7019.5,7019.5,209,https://www.keiba.go.jp/KeibaWeb/TodayRaceInfo/Odds3LenFuku?k_babaCode=20&k_raceDate=2026%2F10%2F07&k_raceNo=11
2026-10-07 19:50:00,19:49,2026-10-07,oi,11,15,三連複,5-10-14,7062.8,7062.8,210,https://www.keiba.go.jp/KeibaWeb/TodayRaceInfo/Odds3LenFuku?k_babaCode=20&k_raceDate=2026%2F10%2F07&k_raceNo=11
2026-10-07 19:50:00,19:49,2026-10-07,oi,11,15,三連複,6-13-14,7128.8,7128.8,211,https://www.keiba.go.jp/KeibaWeb/TodayRaceInfo/Odds3LenFuku?k_babaCode=20&k_raceDate=2026%2F10%2F07&k_raceNo=11
2026-10-07 19:50:00,19:49,2026-10-07,oi,11,15,三連複,5-9-11,7218.7,7218.7,212,https://www.keiba.go.jp/KeibaWeb/TodayRaceInfo/Odds3LenFuku?k_babaCode=20&k_raceDate=2026%2F10%2F07&k_raceNo=11
2026-10-07 19:50:00,19:49,2026-10-07,oi,11,15,三連複,2-3-6,7334.4,7334.4,213,https://www.keiba.go.jp/KeibaWeb/TodayRaceInfo/Odds3LenFuku?k_babaCode=20&k_raceDate=2026%2F10%2F07&k_raceNo=11
2026-10-07 19:50:00,19:49,2026-10-07,oi,11,15,三連複,5-11-14,7577.3,7577.3,214,https://www.keiba.go.jp/KeibaWeb/TodayRaceInfo/Odds3LenFuku?k_babaCode=20&k_raceDate=2026%2F10%2F07&k_raceNo=11
2026-10-07 19:50:00,19:49,2026-10-07,oi,11,15,三連複,9-13-15,7602.5,7602.5,215,https://www.keiba.go.jp/KeibaWeb/TodayRaceInfo/Odds3LenFuku?k_babaCode=20&k_raceDate=2026%2F10%2F07&k_raceNo=11
2026-10-07 19:50:00,19:49,2026-10-07,oi,11,15,三連複,3-6-14,7783.5,7783.5,216,https://www.keiba.go.jp/KeibaWeb/TodayRaceInfo/Odds3LenFuku?k_babaCode=20&k_raceDate=2026%2F10%2F07&k_raceNo=11
2026-10-07 19:50:00,19:49,2026-10-07,oi,11,15,三連複,3-7-13,7810.0,7810.0,217,https://www.keiba.go.jp/KeibaWeb/TodayRaceInfo/Odds3LenFuku?k_babaCode=20&k_raceDate=2026%2F10%2F07&k_raceNo=11
2026-10-07 19:50:00,19:49,2026-10-07,oi,11,15,三連複,7-10-13,7945.6,7945.6,218,https://www.keiba.go.jp/KeibaWeb/TodayRaceInfo/Odds3LenFuku?k_babaCode=20&k_raceDate=2026%2F10%2F07&k_raceNo=11
2026-10-07 19:50:00,19:49,2026-10-07,oi,11,15,三連複,1-13-14,8001.2,8001.2,219,https://www.keiba.go.jp/KeibaWeb/TodayRaceInfo/Odds3LenFuku?k_babaCode=20&k_raceDate=2026%2F10%2F07&k_raceNo=11
2026-10-07 19:50:00,19:49,2026-10-07,oi,11,15,三連複,4-5-11,8001.2,8001.2,219,https://www.keiba.go.jp/KeibaWeb/TodayRaceInfo/Odds3LenFuku?k_babaCode=20&k_raceDate=2026%2F10%2F07&k_raceNo=11
2026-10-07 19:50:00,19:49,2026-10-07,oi,11,15,三連複,2-5-13,8057.5,8057.5,221,https://www.keiba.go.jp/KeibaWeb/TodayRaceInfo/Odds3LenFuku?k_babaCode=20&k_raceDate=2026%2F10%2F07&k_raceNo=11
2026-10-07 19:50:00,19:49,2026-10-07,oi,11,15,三連複,8-11-13,8057.5,8057.5,221,https://www.keiba.go.jp/KeibaWeb/TodayRaceInfo/Odds3LenFuku?k_babaCode=20&k_raceDate=2026%2F10%2F07&k_raceNo=11
2026-10-07 19:50:00,19:49,2026-10-07,oi,11,15,三連複,4-10-13,8202.0,8202.0,223,https://www.keiba.go.jp/KeibaWeb/TodayRaceInfo/Odds3LenFuku?k_babaCode=20&k_raceDate=2026%2F10%2F07&k_raceNo=11
2026-10-07 19:50:00,19:49,2026-10-07,oi,11,15,三連複,5-8-13,8261.2,8261.2,224,https://www.keiba.go.jp/KeibaWeb/TodayRaceInfo/Odds3LenFuku?k_babaCode=20&k_raceDate=2026%2F10%2F07&k_raceNo=11
2026-10-07 19:50:00,19:49,2026-10-07,oi,11,15,三連複,11-13-14,8261.2,8261.2,224,https://www.keiba.go.jp/KeibaWeb/TodayRaceInfo/Odds3LenFuku?k_babaCode=20&k_raceDate=2026%2F10%2F07&k_raceNo=11
2026-10-07 19:50:00,19:49,2026-10-07,oi,11,15,三連複,5-6-12,8570.6,8570.6,226,https://www.keiba.go.jp/KeibaWeb/TodayRaceInfo/Odds3LenFuku?k_babaCode=20&k_raceDate=2026%2F10%2F07&k_raceNo=11
2026-10-07 19:50:00,19:49,2026-10-07,oi,11,15,三連複,5-13-14,8767.6,8767.6,227,https://www.keiba.go.jp/KeibaWeb/TodayRaceInfo/Odds3LenFuku?k_babaCode=20&k_raceDate=2026%2F10%2F07&k_raceNo=11
2026-10-07 19:50:00,19:49,2026-10-07,oi,11,15,三連複,1-7-13,8835.3,8835.3,228,https://www.keiba.go.jp/KeibaWeb/TodayRaceInfo/Odds3LenFuku?k_babaCode=20&k_raceDate=2026%2F10%2F07&k_raceNo=11
2026-10-07 19:50:00,19:49,2026-10-07,oi,11,15,三連複,5-9-10,8835.3,8835.3,228,https://www.keiba.go.jp/KeibaWeb/TodayRaceInfo/Odds3LenFuku?k_babaCode=20&k_raceDate=2026%2F10%2F07&k_raceNo=11
2026-10-07 19:50:00,19:49,2026-10-07,oi,11,15,三連複,3-4-13,8904.1,8904.1,230,https://www.keiba.go.jp/KeibaWeb/TodayRaceInfo/Odds3LenFuku?k_babaCode=20&k_raceDate=2026%2F10%2F07&k_raceNo=11
2026-10-07 19:50:00,19:49,2026-10-07,oi,11,15,三連複,2-6-10,8973.9,8973.9,231,https://www.keiba.go.jp/KeibaWeb/TodayRaceInfo/Odds3LenFuku?k_babaCode=20&k_raceDate=2026%2F10%2F07&k_raceNo=11
2026-10-07 19:50:00,19:49,2026-10-07,oi,11,15,三連複,6-11-16,9080.7,9080.7,232,https://www.keiba.go.jp/KeibaWeb/TodayRaceInfo/Odds3LenFuku?k_babaCode=20&k_raceDate=2026%2F10%2F07&k_raceNo=11
2026-10-07 19:50:00,19:49,2026-10-07,oi,11,15,三連複,12-15-16,9116.9,9116.9,233,https://www.keiba.go.jp/KeibaWeb/TodayRaceInfo/Odds3LenFuku?k_babaCode=20&k_raceDate=2026%2F10%2F07&k_raceNo=11
2026-10-07 19:50:00,19:49,2026-10-07,oi,11,15,三連複,6-13-16,9417.1,9417.1,234,https://www.keiba.go.jp/KeibaWeb/TodayRaceInfo/Odds3LenFuku?k_babaCode=20&k_raceDate=2026%2F10%2F07&k_raceNo=11
2026-10-07 19:50:00,19:49,2026-10-07,oi,11,15,三連複,5-6-16,10545.4,10545.4,235,https://www.keiba.go.jp/KeibaWeb/TodayRaceInfo/Odds3LenFuku?k_babaCode=20&k_raceDate=2026%2F10%2F07&k_raceNo=11
2026-10-07 19:50:00,19:49,2026-10-07,oi,11,15,三連複,9-10-13,10545.4,10545.4,235,https://www.keiba.go.jp/KeibaWeb/TodayRaceInfo/Odds3LenFuku?k_babaCode=20&k_raceDate=2026%2F10%2F07&k_raceNo=11
2026-10-07 19:50:00,19:49,2026-10-07,oi,11,15,三連複,1-4-13,10743.4,10743.4,237,https://www.keiba.go.jp/KeibaWeb/TodayRaceInfo/Odds3LenFuku?k_babaCode=20&k_raceDate=2026%2F10%2F07&k_raceNo=11
2026-10-07 19:50:00,19:49,2026-10-07,oi,11,15,三連複,3-12-16,10845.2,10845.2,238,https://www.keiba.go.jp/KeibaWeb/TodayRaceInfo/Odds3LenFuku?k_babaCode=20&k_raceDate=2026%2F10%2F07&k_raceNo=11
2026-10-07 19:50:00,19:49,2026-10-07,oi,11,15,三連複,6-12-13,11054.8,11054.8,239,https://www.keiba.go.jp/KeibaWeb/TodayRaceInfo/Odds3LenFuku?k_babaCode=20&k_raceDate=2026%2F10%2F07&k_raceNo=11
2026-10-07 19:50:00,19:49,2026-10-07,oi,11,15,三連複,6-8-15,11384.8,11384.8,240,https://www.keiba.go.jp/KeibaWeb/TodayRaceInfo/Odds3LenFuku?k_babaCode=20&k_raceDate=2026%2F10%2F07&k_raceNo=11
2026-10-07 19:50:00,19:49,2026-10-07,oi,11,15,三連複,1-6-8,11499.2,11499.2,241,https://www.keiba.go.jp/KeibaWeb/TodayRaceInfo/Odds3LenFuku?k_babaCode=20&k_raceDate=2026%2F10%2F07&k_raceNo=11
2026-10-07 19:50:00,19:49,2026-10-07,oi,11,15,三連複,2-5-6,11616.0,11616.0,242,https://www.keiba.go.jp/KeibaWeb/TodayRaceInfo/Odds3LenFuku?k_babaCode=20&k_raceDate=2026%2F10%2F07&k_raceNo=11
2026-10-07 19:50:00,19:49,2026-10-07,oi,11,15,三連複,5-7-13,11675.2,11675.2,243,https://www.keiba.go.jp/KeibaWeb/TodayRaceInfo/Odds3LenFuku?k_babaCode=20&k_raceDate=2026%2F10%2F07&k_raceNo=11
2026-10-07 19:50:00,19:49,2026-10-07,oi,11,15,三連複,1-2-7,11856.7,11856.7,244,https://www.keiba.go.jp/KeibaWeb/TodayRaceInfo/Odds3LenFuku?k_babaCode=20&k_raceDate=2026%2F10%2F07&k_raceNo=11
2026-10-07 19:50:00,19:49,2026-10-07,oi,11,15,三連複,3-6-8,11980.9,11980.9,245,https://www.keiba.go.jp/KeibaWeb/TodayRaceInfo/Odds3LenFuku?k_babaCode=20&k_raceDate=2026%2F10%2F07&k_raceNo=11
2026-10-07 19:50:00,19:49,2026-10-07,oi,11,15,三連複,3-9-13,11980.9,11980.9,245,https://www.keiba.go.jp/KeibaWeb/TodayRaceInfo/Odds3LenFuku?k_babaCode=20&k_raceDate=2026%2F10%2F07&k_raceNo=11
2026-10-07 19:50:00,19:49,2026-10-07,oi,11,15,三連複,10-12-16,12436.7,12436.7,247,https://www.keiba.go.jp/KeibaWeb/TodayRaceInfo/Odds3LenFuku?k_babaCode=20&k_raceDate=2026%2F10%2F07&k_raceNo=11
2026-10-07 19:50:00,19:49,2026-10-07,oi,11,15,三連複,7-11-13,12504.6,12504.6,248,https://www.keiba.go.jp/KeibaWeb/TodayRaceInfo/Odds3LenFuku?k_babaCode=20&k_raceDate=2026%2F10%2F07&k_raceNo=11
2026-10-07 19:50:00,19:49,2026-10-07,oi,11,15,三連複,4-6-15,12928.5,12928.5,249,https://www.keiba.go.jp/KeibaWeb/TodayRaceInfo/Odds3LenFuku?k_babaCode=20&k_raceDate=2026%2F10%2F07&k_raceNo=11
2026-10-07 19:50:00,19:49,2026-10-07,oi,11,15,三連複,6-8-10,12928.5,12928.5,249,https://www.keiba.go.jp/KeibaWeb/TodayRaceInfo/Odds3LenFuku?k_babaCode=20&k_raceDate=2026%2F10%2F07&k_raceNo=11
2026-10-07 19:50:00,19:49,2026-10-07,oi,11,15,三連複,1-4-6,13076.3,13076.3,251,https://www.keiba.go.jp/KeibaWeb/TodayRaceInfo/Odds3LenFuku?k_babaCode=20&k_raceDate=2026%2F10%2F07&k_raceNo=11
2026-10-07 19:50:00,19:49,2026-10-07,oi,11,15,三連複,1-4-8,13151.4,13151.4,252,https://www.keiba.go.jp/KeibaWeb/TodayRaceInfo/Odds3LenFuku?k_babaCode=20&k_raceDate=2026%2F10%2F07&k_raceNo=11
2026-10-07 19:50:00,19:49,2026-10-07,oi,11,15,三連複,1-2-12,13868.8,13868.8,253,https://www.keiba.go.jp/KeibaWeb/TodayRaceInfo/Odds3LenFuku?k_babaCode=20&k_raceDate=2026%2F10%2F07&k_raceNo=11
2026-10-07 19:50:00,19:49,2026-10-07,oi,11,15,三連複,1-12-16,13868.8,13868.8,253,https://www.keiba.go.jp/KeibaWeb/TodayRaceInfo/Odds3LenFuku?k_babaCode=20&k_raceDate=2026%2F10%2F07&k_raceNo=11
2026-10-07 19:50:00,19:49,2026-10-07,oi,11,15,三連複,11-12-16,13953.4,13953.4,255,https://www.keiba.go.jp/KeibaWeb/TodayRaceInfo/Odds3LenFuku?k_babaCode=20&k_raceDate=2026%2F10%2F07&k_raceNo=11
2026-10-07 19:50:00,19:49,2026-10-07,oi,11,15,三連複,4-6-10,14039.0,14039.0,256,https://www.keiba.go.jp/KeibaWeb/TodayRaceInfo/Odds3LenFuku?k_babaCode=20&k_raceDate=2026%2F10%2F07&k_raceNo=11
2026-10-07 19:50:00,19:49,2026-10-07,oi,11,15,三連複,1-6-7,14125.6,14125.6,257,https://www.keiba.go.jp/KeibaWeb/TodayRaceInfo/Odds3LenFuku?k_babaCode=20&k_raceDate=2026%2F10%2F07&k_raceNo=11
2026-10-07 19:50:00,19:49,2026-10-07,oi,11,15,三連複,4-11-13,14125.6,14125.6,257,https://www.keiba.go.jp/KeibaWeb/TodayRaceInfo/Odds3LenFuku?k_babaCode=20&k_raceDate=2026%2F10%2F07&k_raceNo=11
2026-10-07 19:50:00,19:49,2026-10-07,oi,11,15,三連複,3-4-6,14392.1,14392.1,259,https://www.keiba.go.jp/KeibaWeb/TodayRaceInfo/Odds3LenFuku?k_babaCode=20&k_raceDate=2026%2F10%2F07&k_raceNo=11
2026-10-07 19:50:00,19:49,2026-10-07,oi,11,15,三連複,2-6-11,14483.2,14483.2,260,https://www.keiba.go.jp/KeibaWeb/TodayRaceInfo/Odds3LenFuku?k_babaCode=20&k_raceDate=2026%2F10%2F07&k_raceNo=11
2026-10-07 19:50:00,19:49,2026-10-07,oi,11,15,三連複,3-7-8,14483.2,14483.2,260,https://www.keiba.go.jp/KeibaWeb/TodayRaceInfo/Odds3LenFuku?k_babaCode=20&k_raceDate=2026%2F10%2F07&k_raceNo=11
2026-10-07 19:50:00,19:49,2026-10-07,oi,11,15,三連複,1-6-9,14575.5,14575.5,262,https://www.keiba.go.jp/KeibaWeb/TodayRaceInfo/Odds3LenFuku?k_babaCode=20&k_raceDate=2026%2F10%2F07&k_raceNo=11
2026-10-07 19:50:00,19:49,2026-10-07,oi,11,15,三連複,1-9-13,14763.6,14763.6,263,https://www.keiba.go.jp/KeibaWeb/TodayRaceInfo/Odds3LenFuku?k_babaCode=20&k_raceDate=2026%2F10%2F07&k_raceNo=11
2026-10-07 19:50:00,19:49,2026-10-07,oi,11,15,三連複,1-2-4,14859.4,14859.4,264,https://www.keiba.go.jp/KeibaWeb/TodayRaceInfo/Odds3LenFuku?k_babaCode=20&k_raceDate=2026%2F10%2F07&k_raceNo=11
2026-10-07 19:50:00,19:49,2026-10-07,oi,11,15,三連複,4-5-13,14859.4,14859.4,264,https://www.keiba.go.jp/KeibaWeb/TodayRaceInfo/Odds3LenFuku?k_babaCode=20&k_raceDate=2026%2F10%2F07&k_raceNo=11
2026-10-07 19:50:00,19:49,2026-10-07,oi,11,15,三連複,2-5-12,14956.5,14956.5,266,https://www.keiba.go.jp/KeibaWeb/TodayRaceInfo/Odds3LenFuku?k_babaCode=20&k_raceDate=2026%2F10%2F07&k_raceNo=11
2026-10-07 19:50:00,19:49,2026-10-07,oi,11,15,三連複,3-6-7,14956.5,14956.5,266,https://www.keiba.go.jp/KeibaWeb/TodayRaceInfo/Odds3LenFuku?k_babaCode=20&k_raceDate=2026%2F10%2F07&k_raceNo=11
2026-10-07 19:50:00,19:49,2026-10-07,oi,11,15,三連複,3-6-9,15154.6,15154.6,268,https://www.keiba.go.jp/KeibaWeb/TodayRaceInfo/Odds3LenFuku?k_babaCode=20&k_raceDate=2026%2F10%2F07&k_raceNo=11
2026-10-07 19:50:00,19:49,2026-10-07,oi,11,15,三連複,2-15-16,15255.7,15255.7,269,https://www.keiba.go.jp/KeibaWeb/TodayRaceInfo/Odds3LenFuku?k_babaCode=20&k_raceDate=2026%2F10%2F07&k_raceNo=11
2026-10-07 19:50:00,19:49,2026-10-07,oi,11,15,三連複,1-2-9,15461.8,15461.8,270,https://www.keiba.go.jp/KeibaWeb/TodayRaceInfo/Odds3LenFuku?k_babaCode=20&k_raceDate=2026%2F10%2F07&k_raceNo=11
2026-10-07 19:50:00,19:49,2026-10-07,oi,11,15,三連複,6-7-15,15673.6,15673.6,271,https://www.keiba.go.jp/KeibaWeb/TodayRaceInfo/Odds3LenFuku?k_babaCode=20&k_raceDate=2026%2F10%2F07&k_raceNo=11
2026-10-07 19:50:00,19:49,2026-10-07,oi,11,15,三連複,1-2-8,15781.7,15781.7,272,https://www.keiba.go.jp/KeibaWeb/TodayRaceInfo/Odds3LenFuku?k_babaCode=20&k_raceDate=2026%2F10%2F07&k_raceNo=11
2026-10-07 19:50:00,19:49,2026-10-07,oi,11,15,三連複,2-12-15,16115.1,16115.1,273,https://www.keiba.go.jp/KeibaWeb/TodayRaceInfo/Odds3LenFuku?k_babaCode=20&k_raceDate=2026%2F10%2F07&k_raceNo=11
2026-10-07 19:50:00,19:49,2026-10-07,oi,11,15,三連複,1-7-8,16345.4,16345.4,274,https://www.keiba.go.jp/KeibaWeb/TodayRaceInfo/Odds3LenFuku?k_babaCode=20&k_raceDate=2026%2F10%2F07&k_raceNo=11
2026-10-07 19:50:00,19:49,2026-10-07,oi,11,15,三連複,2-3-12,16582.3,16582.3,275,https://www.keiba.go.jp/KeibaWeb/TodayRaceInfo/Odds3LenFuku?k_babaCode=20&k_raceDate=2026%2F10%2F07&k_raceNo=11
2026-10-07 19:50:00,19:49,2026-10-07,oi,11,15,三連複,2-4-10,16703.3,16703.3,276,https://www.keiba.go.jp/KeibaWeb/TodayRaceInfo/Odds3LenFuku?k_babaCode=20&k_raceDate=2026%2F10%2F07&k_raceNo=11
2026-10-07 19:50:00,19:49,2026-10-07,oi,11,15,三連複,5-9-13,16703.3,16703.3,276,https://www.keiba.go.jp/KeibaWeb/TodayRaceInfo/Odds3LenFuku?k_babaCode=20&k_raceDate=2026%2F10%2F07&k_raceNo=11
2026-10-07 19:50:00,19:49,2026-10-07,oi,11,15,三連複,4-5-6,16826.1,16826.1,278,https://www.keiba.go.jp/KeibaWeb/TodayRaceInfo/Odds3LenFuku?k_babaCode=20&k_raceDate=2026%2F10%2F07&k_raceNo=11
2026-10-07 19:50:00,19:49,2026-10-07,oi,11,15,三連複,1-7-9,16950.8,16950.8,279,https://www.keiba.go.jp/KeibaWeb/TodayRaceInfo/Odds3LenFuku?k_babaCode=20&k_raceDate=2026%2F10%2F07&k_raceNo=11
2026-10-07 19:50:00,19:49,2026-10-07,oi,11,15,三連複,6-10-14,17077.2,17077.2,280,https://www.keiba.go.jp/KeibaWeb/TodayRaceInfo/Odds3LenFuku?k_babaCode=20&k_raceDate=2026%2F10%2F07&k_raceNo=11
2026-10-07 19:50:00,19:49,2026-10-07,oi,11,15,三連複,1-4-7,17336.0,17336.0,281,https://www.keiba.go.jp/KeibaWeb/TodayRaceInfo/Odds3LenFuku?k_babaCode=20&k_raceDate=2026%2F10%2F07&k_raceNo=11
2026-10-07 19:50:00,19:49,2026-10-07,oi,11,15,三連複,1-6-14,17602.7,17602.7,282,https://www.keiba.go.jp/KeibaWeb/TodayRaceInfo/Odds3LenFuku?k_babaCode=20&k_raceDate=2026%2F10%2F07&k_raceNo=11
2026-10-07 19:50:00,19:49,2026-10-07,oi,11,15,三連複,9-11-13,17739.2,17739.2,283,https://www.keiba.go.jp/KeibaWeb/TodayRaceInfo/Odds3LenFuku?k_babaCode=20&k_raceDate=2026%2F10%2F07&k_raceNo=11
2026-10-07 19:50:00,19:49,2026-10-07,oi,11,15,三連複,3-8-12,18306.8,18306.8,284,https://www.keiba.go.jp/KeibaWeb/TodayRaceInfo/Odds3LenFuku?k_babaCode=20&k_raceDate=2026%2F10%2F07&k_raceNo=11
2026-10-07 19:50:00,19:49,2026-10-07,oi,11,15,三連複,14-15-16,18306.8,18306.8,284,https://www.keiba.go.jp/KeibaWeb/TodayRaceInfo/Odds3LenFuku?k_babaCode=20&k_raceDate=2026%2F10%2F07&k_raceNo=11
2026-10-07 19:50:00,19:49,2026-10-07,oi,11,15,三連複,1-2-16,18454.5,18454.5,286,https://www.keiba.go.jp/KeibaWeb/TodayRaceInfo/Odds3LenFuku?k_babaCode=20&k_raceDate=2026%2F10%2F07&k_raceNo=11
2026-10-07 19:50:00,19:49,2026-10-07,oi,11,15,三連複,3-7-12,18604.5,18604.5,287,https://www.keiba.go.jp/KeibaWeb/TodayRaceInfo/Odds3LenFuku?k_babaCode=20&k_raceDate=2026%2F10%2F07&k_raceNo=11
2026-10-07 19:50:00,19:49,2026-10-07,oi,11,15,三連複,1-7-12,18757.0,18757.0,288,https://www.keiba.go.jp/KeibaWeb/TodayRaceInfo/Odds3LenFuku?k_babaCode=20&k_raceDate=2026%2F10%2F07&k_raceNo=11
2026-10-07 19:50:00,19:49,2026-10-07,oi,11,15,三連複,2-6-13,18757.0,18757.0,288,https://www.keiba.go.jp/KeibaWeb/TodayRaceInfo/Odds3LenFuku?k_babaCode=20&k_raceDate=2026%2F10%2F07&k_raceNo=11
2026-10-07 19:50:00,19:49,2026-10-07,oi,11,15,三連複,6-7-10,18757.0,18757.0,288,https://www.keiba.go.jp/KeibaWeb/TodayRaceInfo/Odds3LenFuku?k_babaCode=20&k_raceDate=2026%2F10%2F07&k_raceNo=11
2026-10-07 19:50:00,19:49,2026-10-07,oi,11,15,三連複,2-3-7,18912.0,18912.0,291,https://www.keiba.go.jp/KeibaWeb/TodayRaceInfo/Odds3LenFuku?k_babaCode=20&k_raceDate=2026%2F10%2F07&k_raceNo=11
2026-10-07 19:50:00,19:49,2026-10-07,oi,11,15,三連複,12-14-15,19069.6,19069.6,292,https://www.keiba.go.jp/KeibaWeb/TodayRaceInfo/Odds3LenFuku?k_babaCode=20&k_raceDate=2026%2F10%2F07&k_raceNo=11
2026-10-07 19:50:00,19:49,2026-10-07,oi,11,15,三連複,1-8-12,19229.9,19229.9,293,https://www.keiba.go.jp/KeibaWeb/TodayRaceInfo/Odds3LenFuku?k_babaCode=20&k_raceDate=2026%2F10%2F07&k_raceNo=11
2026-10-07 19:50:00,19:49,2026-10-07,oi,11,15,三連複,8-12-15,19898.7,19898.7,294,https://www.keiba.go.jp/KeibaWeb/TodayRaceInfo/Odds3LenFuku?k_babaCode=20&k_raceDate=2026%2F10%2F07&k_raceNo=11
2026-10-07 19:50:00,19:49,2026-10-07,oi,11,15,三連複,2-3-4,20250.9,20250.9,295,https://www.keiba.go.jp/KeibaWeb/TodayRaceInfo/Odds3LenFuku?k_babaCode=20&k_raceDate=2026%2F10%2F07&k_raceNo=11
2026-10-07 19:50:00,19:49,2026-10-07,oi,11,15,三連複,6-9-15,20250.9,20250.9,295,https://www.keiba.go.jp/KeibaWeb/TodayRaceInfo/Odds3LenFuku?k_babaCode=20&k_raceDate=2026%2F10%2F07&k_raceNo=11
2026-10-07 19:50:00,19:49,2026-10-07,oi,11,15,三連複,2-7-10,20431.7,20431.7,297,https://www.keiba.go.jp/KeibaWeb/TodayRaceInfo/Odds3LenFuku?k_babaCode=20&k_raceDate=2026%2F10%2F07&k_raceNo=11
2026-10-07 19:50:00,19:49,2026-10-07,oi,11,15,三連複,5-7-12,20431.7,20431.7,297,https://www.keiba.go.jp/KeibaWeb/TodayRaceInfo/Odds3LenFuku?k_babaCode=20&k_raceDate=2026%2F10%2F07&k_raceNo=11
2026-10-07 19:50:00,19:49,2026-10-07,oi,11,15,三連複,1-7-16,20615.8,20615.8,299,https://www.keiba.go.jp/KeibaWeb/TodayRaceInfo/Odds3LenFuku?k_babaCode=20&k_raceDate=2026%2F10%2F07&k_raceNo=11
2026-10-07 19:50:00,19:49,2026-10-07,oi,11,15,三連複,2-3-8,20803.2,20803.2,300,https://www.keiba.go.jp/KeibaWeb/TodayRaceInfo/Odds3LenFuku?k_babaCode=20&k_raceDate=2026%2F10%2F07&k_raceNo=11
2026-10-07 19:50:00,19:49,2026-10-07,oi,11,15,三連複,7-12-15,20803.2,20803.2,300,https://www.keiba.go.jp/KeibaWeb/TodayRaceInfo/Odds3LenFuku?k_babaCode=20&k_raceDate=2026%2F10%2F07&k_raceNo=11
2026-10-07 19:50:00,19:49,2026-10-07,oi,11,15,三連複,5-6-8,20994.1,20994.1,302,https://www.keiba.go.jp/KeibaWeb/TodayRaceInfo/Odds3LenFuku?k_babaCode=20&k_raceDate=2026%2F10%2F07&k_raceNo=11
2026-10-07 19:50:00,19:49,2026-10-07,oi,11,15,三連複,7-15-16,20994.1,20994.1,302,https://www.keiba.go.jp/KeibaWeb/TodayRaceInfo/Odds3LenFuku?k_babaCode=20&k_raceDate=2026%2F10%2F07&k_raceNo=11
2026-10-07 19:50:00,19:49,2026-10-07,oi,11,15,三連複,8-14-15,21188.5,21188.5,304,https://www.keiba.go.jp/KeibaWeb/TodayRaceInfo/Odds3LenFuku?k_babaCode=20&k_raceDate=2026%2F10%2F07&k_raceNo=11
2026-10-07 19:50:00,19:49,2026-10-07,oi,11,15,三連複,3-7-9,21386.5,21386.5,305,https://www.keiba.go.jp/KeibaWeb/TodayRaceInfo/Odds3LenFuku?k_babaCode=20&k_raceDate=2026%2F10%2F07&k_raceNo=11
2026-10-07 19:50:00,19:49,2026-10-07,oi,11,15,三連複,5-6-7,21386.5,21386.5,305,https://www.keiba.go.jp/KeibaWeb/TodayRaceInfo/Odds3LenFuku?k_babaCode=20&k_raceDate=2026%2F10%2F07&k_raceNo=11
2026-10-07 19:50:00,19:49,2026-10-07,oi,11,15,三連複,2-4-5,21793.8,21793.8,307,https://www.keiba.go.jp/KeibaWeb/TodayRaceInfo/Odds3LenFuku?k_babaCode=20&k_raceDate=2026%2F10%2F07&k_raceNo=11
2026-10-07 19:50:00,19:49,2026-10-07,oi,11,15,三連複,2-4-6,21793.8,21793.8,307,https://www.keiba.go.jp/KeibaWeb/TodayRaceInfo/Odds3LenFuku?k_babaCode=20&k_raceDate=2026%2F10%2F07&k_raceNo=11
2026-10-07 19:50:00,19:49,2026-10-07,oi,11,15,三連複,2-10-16,22003.4,22003.4,309,https://www.keiba.go.jp/KeibaWeb/TodayRaceInfo/Odds3LenFuku?k_babaCode=20&k_raceDate=2026%2F10%2F07&k_raceNo=11
2026-10-07 19:50:00,19:49,2026-10-07,oi,11,15,三連複,6-8-11,22003.4,22003.4,309,https://www.keiba.go.jp/KeibaWeb/TodayRaceInfo/Odds3LenFuku?k_babaCode=20&k_raceDate=2026%2F10%2F07&k_raceNo=11
2026-10-07 19:50:00,19:49,2026-10-07,oi,11,15,三連複,2-3-9,22434.8,22434.8,311,https://www.keiba.go.jp/KeibaWeb/TodayRaceInfo/Odds3LenFuku?k_babaCode=20&k_raceDate=2026%2F10%2F07&k_raceNo=11
2026-10-07 19:50:00,19:49,2026-10-07,oi,11,15,三連複,2-8-10,22434.8,22434.8,311,https://www.keiba.go.jp/KeibaWeb/TodayRaceInfo/Odds3LenFuku?k_babaCode=20&k_raceDate=2026%2F10%2F07&k_raceNo=11
2026-10-07 19:50:00,19:49,2026-10-07,oi,11,15,三連複,2-10-12,22434.8,22434.8,311,https://www.keiba.go.jp/KeibaWeb/TodayRaceInfo/Odds3LenFuku?k_babaCode=20&k_raceDate=2026%2F10%2F07&k_raceNo=11
2026-10-07 19:50:00,19:49,2026-10-07,oi,11,15,三連複,7-8-10,22434.8,22434.8,311,https://www.keiba.go.jp/KeibaWeb/TodayRaceInfo/Odds3LenFuku?k_babaCode=20&k_raceDate=2026%2F10%2F07&k_raceNo=11
2026-10-07 19:50:00,19:49,2026-10-07,oi,11,15,三連複,5-12-16,22657.0,22657.0,315,https://www.keiba.go.jp/KeibaWeb/TodayRaceInfo/Odds3LenFuku?k_babaCode=20&k_raceDate=2026%2F10%2F07&k_raceNo=11
2026-10-07 19:50:00,19:49,2026-10-07,oi,11,15,三連複,2-6-7,23350.5,23350.5,316,https://www.keiba.go.jp/KeibaWeb/TodayRaceInfo/Odds3LenFuku?k_babaCode=20&k_raceDate=2026%2F10%2F07&k_raceNo=11
2026-10-07 19:50:00,19:49,2026-10-07,oi,11,15,三連複,3-4-7,23350.5,23350.5,316,https://www.keiba.go.jp/KeibaWeb/TodayRaceInfo/Odds3LenFuku?k_babaCode=20&k_raceDate=2026%2F10%2F07&k_raceNo=11
2026-10-07 19:50:00,19:49,2026-10-07,oi,11,15,三連複,4-15-16,23350.5,23350.5,316,https://www.keiba.go.jp/KeibaWeb/TodayRaceInfo/Odds3LenFuku?k_babaCode=20&k_raceDate=2026%2F10%2F07&k_raceNo=11
2026-10-07 19:50:00,19:49,2026-10-07,oi,11,15,三連複,7-10-16,23350.5,23350.5,316,https://www.keiba.go.jp/KeibaWeb/TodayRaceInfo/Odds3LenFuku?k_babaCode=20&k_raceDate=2026%2F10%2F07&k_raceNo=11
2026-10-07 19:50:00,19:49,2026-10-07,oi,11,15,三連複,1-8-9,23591.3,23591.3,320,https://www.keiba.go.jp/KeibaWeb/TodayRaceInfo/Odds3LenFuku?k_babaCode=20&k_raceDate=2026%2F10%2F07&k_raceNo=11
2026-10-07 19:50:00,19:49,2026-10-07,oi,11,15,三連複,1-8-16,23837.0,23837.0,321,https://www.keiba.go.jp/KeibaWeb/TodayRaceInfo/Odds3LenFuku?k_babaCode=20&k_raceDate=2026%2F10%2F07&k_raceNo=11
2026-10-07 19:50:00,19:49,2026-10-07,oi,11,15,三連複,2-6-8,24087.9,24087.9,322,https://www.keiba.go.jp/KeibaWeb/TodayRaceInfo/Odds3LenFuku?k_babaCode=20&k_raceDate=2026%2F10%2F07&k_raceNo=11
2026-10-07 19:50:00,19:49,2026-10-07,oi,11,15,三連複,7-8-15,24087.9,24087.9,322,https://www.keiba.go.jp/KeibaWeb/TodayRaceInfo/Odds3LenFuku?k_babaCode=20&k_raceDate=2026%2F10%2F07&k_raceNo=11
2026-10-07 19:50:00,19:49,2026-10-07,oi,11,15,三連複,8-15-16,24087.9,24087.9,322,https://www.keiba.go.jp/KeibaWeb/TodayRaceInfo/Odds3LenFuku?k_babaCode=20&k_raceDate=2026%2F10%2F07&k_raceNo=11
2026-10-07 19:50:00,19:49,2026-10-07,oi,11,15,三連複,2-4-7,24344.2,24344.2,325,https://www.keiba.go.jp/KeibaWeb/TodayRaceInfo/Odds3LenFuku?k_babaCode=20&k_raceDate=2026%2F10%2F07&k_raceNo=11
2026-10-07 19:50:00,19:49,2026-10-07,oi,11,15,三連複,6-9-10,24344.2,24344.2,325,https://www.keiba.go.jp/KeibaWeb/TodayRaceInfo/Odds3LenFuku?k_babaCode=20&k_raceDate=2026%2F10%2F07&k_raceNo=11
2026-10-07 19:50:00,19:49,2026-10-07,oi,11,15,三連複,2-7-15,24606.0,24606.0,327,https://www.keiba.go.jp/KeibaWeb/TodayRaceInfo/Odds3LenFuku?k_babaCode=20&k_raceDate=2026%2F10%2F07&k_raceNo=11
2026-10-07 19:50:00,19:49,2026-10-07,oi,11,15,三連複,7-11-12,25146.7,25146.7,328,https://www.keiba.go.jp/KeibaWeb/TodayRaceInfo/Odds3LenFuku?k_babaCode=20&k_raceDate=2026%2F10%2F07&k_raceNo=11
2026-10-07 19:50:00,19:49,2026-10-07,oi,11,15,三連複,9-15-16,25146.7,25146.7,328,https://www.keiba.go.jp/KeibaWeb/TodayRaceInfo/Odds3LenFuku?k_babaCode=20&k_raceDate=2026%2F10%2F07&k_raceNo=11
2026-10-07 19:50:00,19:49,2026-10-07,oi,11,15,三連複,12-13-16,25711.8,25711.8,330,https://www.keiba.go.jp/KeibaWeb/TodayRaceInfo/Odds3LenFuku?k_babaCode=20&k_raceDate=2026%2F10%2F07&k_raceNo=11
2026-10-07 19:50:00,19:49,2026-10-07,oi,11,15,三連複,6-7-11,26004.0,26004.0,331,https://www.keiba.go.jp/KeibaWeb/TodayRaceInfo/Odds3LenFuku?k_babaCode=20&k_raceDate=2026%2F10%2F07&k_raceNo=11
2026-10-07 19:50:00,19:49,2026-10-07,oi,11,15,三連複,7-8-9,26004.0,26004.0,331,https://www.keiba.go.jp/KeibaWeb/TodayRaceInfo/Odds3LenFuku?k_babaCode=20&k_raceDate=2026%2F10%2F07&k_raceNo=11
2026-10-07 19:50:00,19:49,2026-10-07,oi,11,15,三連複,8-10-16,26302.9,26302.9,333,https://www.keiba.go.jp/KeibaWeb/TodayRaceInfo/Odds3LenFuku?k_babaCode=20&k_raceDate=2026%2F10%2F07&k_raceNo=11
2026-10-07 19:50:00,19:49,2026-10-07,oi,11,15,三連複,2-7-8,26608.8,26608.8,334,https://www.keiba.go.jp/KeibaWeb/TodayRaceInfo/Odds3LenFuku?k_babaCode=20&k_raceDate=2026%2F10%2F07&k_raceNo=11
2026-10-07 19:50:00,19:49,2026-10-07,oi,11,15,三連複,7-10-12,26608.8,26608.8,334,https://www.keiba.go.jp/KeibaWeb/TodayRaceInfo/Odds3LenFuku?k_babaCode=20&k_raceDate=2026%2F10%2F07&k_raceNo=11
2026-10-07 19:50:00,19:49,2026-10-07,oi,11,15,三連複,2-3-16,26921.8,26921.8,336,https://www.keiba.go.jp/KeibaWeb/TodayRaceInfo/Odds3LenFuku?k_babaCode=20&k_raceDate=2026%2F10%2F07&k_raceNo=11
2026-10-07 19:50:00,19:49,2026-10-07,oi,11,15,三連複,2-4-15,26921.8,26921.8,336,https://www.keiba.go.jp/KeibaWeb/TodayRaceInfo/Odds3LenFuku?k_babaCode=20&k_raceDate=2026%2F10%2F07&k_raceNo=11
2026-10-07 19:50:00,19:49,2026-10-07,oi,11,15,三連複,4-12-15,26921.8,26921.8,336,https://www.keiba.go.jp/KeibaWeb/TodayRaceInfo/Odds3LenFuku?k_babaCode=20&k_raceDate=2026%2F10%2F07&k_raceNo=11
2026-10-07 19:50:00,19:49,2026-10-07,oi,11,15,三連複,2-5-8,27242.3,27242.3,339,https://www.keiba.go.jp/KeibaWeb/TodayRaceInfo/Odds3LenFuku?k_babaCode=20&k_raceDate=2026%2F10%2F07&k_raceNo=11
2026-10-07 19:50:00,19:49,2026-10-07,oi,11,15,三連複,2-6-9,27242.3,27242.3,339,https://www.keiba.go.jp/KeibaWeb/TodayRaceInfo/Odds3LenFuku?k_babaCode=20&k_raceDate=2026%2F10%2F07&k_raceNo=11
2026-10-07 19:50:00,19:49,2026-10-07,oi,11,15,三連複,6-11-14,27242.3,27242.3,339,https://www.keiba.go.jp/KeibaWeb/TodayRaceInfo/Odds3LenFuku?k_babaCode=20&k_raceDate=2026%2F10%2F07&k_raceNo=11
2026-10-07 19:50:00,19:49,2026-10-07,oi,11,15,三連複,2-4-8,27570.5,27570.5,342,https://www.keiba.go.jp/KeibaWeb/TodayRaceInfo/Odds3LenFuku?k_babaCode=20&k_raceDate=2026%2F10%2F07&k_raceNo=11
2026-10-07 19:50:00,19:49,2026-10-07,oi,11,15,三連複,2-9-10,27570.5,27570.5,342,https://www.keiba.go.jp/KeibaWeb/TodayRaceInfo/Odds3LenFuku?k_babaCode=20&k_raceDate=2026%2F10%2F07&k_raceNo=11
2026-10-07 19:50:00,19:49,2026-10-07,oi,11,15,三連複,1-4-9,28251.3,28251.3,344,https://www.keiba.go.jp/KeibaWeb/TodayRaceInfo/Odds3LenFuku?k_babaCode=20&k_raceDate=2026%2F10%2F07&k_raceNo=11
2026-10-07 19:50:00,19:49,2026-10-07,oi,11,15,三連複,5-6-14,28251.3,28251.3,344,https://www.keiba.go.jp/KeibaWeb/TodayRaceInfo/Odds3LenFuku?k_babaCode=20&k_raceDate=2026%2F10%2F07&k_raceNo=11
2026-10-07 19:50:00,19:49,2026-10-07,oi,11,15,三連複,8-10-12,28251.3,28251.3,344,https://www.keiba.go.jp/KeibaWeb/TodayRaceInfo/Odds3LenFuku?k_babaCode=20&k_raceDate=2026%2F10%2F07&k_raceNo=11
2026-10-07 19:50:00,19:49,2026-10-07,oi,11,15,三連複,2-6-12,28604.4,28604.4,347,https://www.keiba.go.jp/KeibaWeb/TodayRaceInfo/Odds3LenFuku?k_babaCode=20&k_raceDate=2026%2F10%2F07&k_raceNo=11
2026-10-07 19:50:00,19:49,2026-10-07,oi,11,15,三連複,2-5-7,28966.5,28966.5,348,https://www.keiba.go.jp/KeibaWeb/TodayRaceInfo/Odds3LenFuku?k_babaCode=20&k_raceDate=2026%2F10%2F07&k_raceNo=11
2026-10-07 19:50:00,19:49,2026-10-07,oi,11,15,三連複,2-11-12,29337.9,29337.9,349,https://www.keiba.go.jp/KeibaWeb/TodayRaceInfo/Odds3LenFuku?k_babaCode=20&k_raceDate=2026%2F10%2F07&k_raceNo=11
2026-10-07 19:50:00,19:49,2026-10-07,oi,11,15,三連複,3-7-16,29337.9,29337.9,349,https://www.keiba.go.jp/KeibaWeb/TodayRaceInfo/Odds3LenFuku?k_babaCode=20&k_raceDate=2026%2F10%2F07&k_raceNo=11
2026-10-07 19:50:00,19:49,2026-10-07,oi,11,15,三連複,2-8-15,29718.9,29718.9,351,https://www.keiba.go.jp/KeibaWeb/TodayRaceInfo/Odds3LenFuku?k_babaCode=20&k_raceDate=2026%2F10%2F07&k_raceNo=11
2026-10-07 19:50:00,19:49,2026-10-07,oi,11,15,三連複,8-13-14,29718.9,29718.9,351,https://www.keiba.go.jp/KeibaWeb/TodayRaceInfo/Odds3LenFuku?k_babaCode=20&k_raceDate=2026%2F10%2F07&k_raceNo=11
2026-10-07 19:50:00,19:49,2026-10-07,oi,11,15,三連複,6-8-13,30511.4,30511.4,353,https://www.keiba.go.jp/KeibaWeb/TodayRaceInfo/Odds3LenFuku?k_babaCode=20&k_raceDate=2026%2F10%2F07&k_raceNo=11
2026-10-07 19:50:00,19:49,2026-10-07,oi,11,15,三連複,4-10-12,30923.7,30923.7,354,https://www.keiba.go.jp/KeibaWeb/TodayRaceInfo/Odds3LenFuku?k_babaCode=20&k_raceDate=2026%2F10%2F07&k_raceNo=11
2026-10-07 19:50:00,19:49,2026-10-07,oi,11,15,三連複,5-7-9,30923.7,30923.7,354,https://www.keiba.go.jp/KeibaWeb/TodayRaceInfo/Odds3LenFuku?k_babaCode=20&k_raceDate=2026%2F10%2F07&k_raceNo=11
2026-10-07 19:50:00,19:49,2026-10-07,oi,11,15,三連複,7-9-10,30923.7,30923.7,354,https://www.keiba.go.jp/KeibaWeb/TodayRaceInfo/Odds3LenFuku?k_babaCode=20&k_raceDate=2026%2F10%2F07&k_raceNo=11
2026-10-07 19:50:00,19:49,2026-10-07,oi,11,15,三連複,9-10-16,30923.7,30923.7,354,https://www.keiba.go.jp/KeibaWeb/TodayRaceInfo/Odds3LenFuku?k_babaCode=20&k_raceDate=2026%2F10%2F07&k_raceNo=11
2026-10-07 19:50:00,19:49,2026-10-07,oi,11,15,三連複,3-4-12,31347.3,31347.3,358,https://www.keiba.go.jp/KeibaWeb/TodayRaceInfo/Odds3LenFuku?k_babaCode=20&k_raceDate=2026%2F10%2F07&k_raceNo=11
2026-10-07 19:50:00,19:49,2026-10-07,oi,11,15,三連複,8-11-12,31347.3,31347.3,358,https://www.keiba.go.jp/KeibaWeb/TodayRaceInfo/Odds3LenFuku?k_babaCode=20&k_raceDate=2026%2F10%2F07&k_raceNo=11
2026-10-07 19:50:00,19:49,2026-10-07,oi,11,15,三連複,10-12-14,31782.7,31782.7,360,https://www.keiba.go.jp/KeibaWeb/TodayRaceInfo/Odds3LenFuku?k_babaCode=20&k_raceDate=2026%2F10%2F07&k_raceNo=11
2026-10-07 19:50:00,19:49,2026-10-07,oi,11,15,三連複,1-4-12,32230.3,32230.3,361,https://www.keiba.go.jp/KeibaWeb/TodayRaceInfo/Odds3LenFuku?k_babaCode=20&k_raceDate=2026%2F10%2F07&k_raceNo=11
2026-10-07 19:50:00,19:49,2026-10-07,oi,11,15,三連複,4-6-13,32230.3,32230.3,361,https://www.keiba.go.jp/KeibaWeb/TodayRaceInfo/Odds3LenFuku?k_babaCode=20&k_raceDate=2026%2F10%2F07&k_raceNo=11
2026-10-07 19:50:00,19:49,2026-10-07,oi,11,15,三連複,2-5-9,32690.8,32690.8,363,https://www.keiba.go.jp/KeibaWeb/TodayRaceInfo/Odds3LenFuku?k_babaCode=20&k_raceDate=2026%2F10%2F07&k_raceNo=11
2026-10-07 19:50:00,19:49,2026-10-07,oi,11,15,三連複,2-7-9,32690.8,32690.8,363,https://www.keiba.go.jp/KeibaWeb/TodayRaceInfo/Odds3LenFuku?k_babaCode=20&k_raceDate=2026%2F10%2F07&k_raceNo=11
2026-10-07 19:50:00,19:49,2026-10-07,oi,11,15,三連複,5-6-9,32690.8,32690.8,363,https://www.keiba.go.jp/KeibaWeb/TodayRaceInfo/Odds3LenFuku?k_babaCode=20&k_raceDate=2026%2F10%2F07&k_raceNo=11
2026-10-07 19:50:00,19:49,2026-10-07,oi,11,15,三連複,7-9-11,32690.8,32690.8,363,https://www.keiba.go.jp/KeibaWeb/TodayRaceInfo/Odds3LenFuku?k_babaCode=20&k_raceDate=2026%2F10%2F07&k_raceNo=11
2026-10-07 19:50:00,19:49,2026-10-07,oi,11,15,三連複,10-14-16,32690.8,32690.8,363,https://www.keiba.go.jp/KeibaWeb/TodayRaceInfo/Odds3LenFuku?k_babaCode=20&k_raceDate=2026%2F10%2F07&k_raceNo=11
2026-10-07 19:50:00,19:49,2026-10-07,oi,11,15,三連複,3-8-9,33164.6,33164.6,368,https://www.keiba.go.jp/KeibaWeb/TodayRaceInfo/Odds3LenFuku?k_babaCode=20&k_raceDate=2026%2F10%2F07&k_raceNo=11
2026-10-07 19:50:00,19:49,2026-10-07,oi,11,15,三連複,4-10-16,33164.6,33164.6,368,https://www.keiba.go.jp/KeibaWeb/TodayRaceInfo/Odds3LenFuku?k_babaCode=20&k_raceDate=2026%2F10%2F07&k_raceNo=11
2026-10-07 19:50:00,19:49,2026-10-07,oi,11,15,三連複,7-8-11,33164.6,33164.6,368,https://www.keiba.go.jp/KeibaWeb/TodayRaceInfo/Odds3LenFuku?k_babaCode=20&k_raceDate=2026%2F10%2F07&k_raceNo=11
2026-10-07 19:50:00,19:49,2026-10-07,oi,11,15,三連複,1-9-16,33652.3,33652.3,371,https://www.keiba.go.jp/KeibaWeb/TodayRaceInfo/Odds3LenFuku?k_babaCode=20&k_raceDate=2026%2F10%2F07&k_raceNo=11
2026-10-07 19:50:00,19:49,2026-10-07,oi,11,15,三連複,3-4-8,33652.3,33652.3,371,https://www.keiba.go.jp/KeibaWeb/TodayRaceInfo/Odds3LenFuku?k_babaCode=20&k_raceDate=2026%2F10%2F07&k_raceNo=11
2026-10-07 19:50:00,19:49,2026-10-07,oi,11,15,三連複,2-6-16,34154.5,34154.5,373,https://www.keiba.go.jp/KeibaWeb/TodayRaceInfo/Odds3LenFuku?k_babaCode=20&k_raceDate=2026%2F10%2F07&k_raceNo=11
2026-10-07 19:50:00,19:49,2026-10-07,oi,11,15,三連複,2-7-11,34154.5,34154.5,373,https://www.keiba.go.jp/KeibaWeb/TodayRaceInfo/Odds3LenFuku?k_babaCode=20&k_raceDate=2026%2F10%2F07&k_raceNo=11
2026-10-07 19:50:00,19:49,2026-10-07,oi,11,15,三連複,7-9-15,34154.5,34154.5,373,https://www.keiba.go.jp/KeibaWeb/TodayRaceInfo/Odds3LenFuku?k_babaCode=20&k_raceDate=2026%2F10%2F07&k_raceNo=11
2026-10-07 19:50:00,19:49,2026-10-07,oi,11,15,三連複,5-8-12,34672.0,34672.0,376,https://www.keiba.go.jp/KeibaWeb/TodayRaceInfo/Odds3LenFuku?k_babaCode=20&k_raceDate=2026%2F10%2F07&k_raceNo=11
2026-10-07 19:50:00,19:49,2026-10-07,oi,11,15,三連複,1-4-16,35205.5,35205.5,377,https://www.keiba.go.jp/KeibaWeb/TodayRaceInfo/Odds3LenFuku?k_babaCode=20&k_raceDate=2026%2F10%2F07&k_raceNo=11
2026-10-07 19:50:00,19:49,2026-10-07,oi,11,15,三連複,1-9-12,35205.5,35205.5,377,https://www.keiba.go.jp/KeibaWeb/TodayRaceInfo/Odds3LenFuku?k_babaCode=20&k_raceDate=2026%2F10%2F07&k_raceNo=11
2026-10-07 19:50:00,19:49,2026-10-07,oi,11,15,三連複,2-8-11,35205.5,35205.5,377,https://www.keiba.go.jp/KeibaWeb/TodayRaceInfo/Odds3LenFuku?k_babaCode=20&k_raceDate=2026%2F10%2F07&k_raceNo=11
2026-10-07 19:50:00,19:49,2026-10-07,oi,11,15,三連複,8-9-10,35205.5,35205.5,377,https://www.keiba.go.jp/KeibaWeb/TodayRaceInfo/Odds3LenFuku?k_babaCode=20&k_raceDate=2026%2F10%2F07&k_raceNo=11
2026-10-07 19:50:00,19:49,2026-10-07,oi,11,15,三連複,11-12-14,35755.5,35755.5,381,https://www.keiba.go.jp/KeibaWeb/TodayRaceInfo/Odds3LenFuku?k_babaCode=20&k_raceDate=2026%2F10%2F07&k_raceNo=11
2026-10-07 19:50:00,19:49,2026-10-07,oi,11,15,三連複,2-8-9,36323.1,36323.1,382,https://www.keiba.go.jp/KeibaWeb/TodayRaceInfo/Odds3LenFuku?k_babaCode=20&k_raceDate=2026%2F10%2F07&k_raceNo=11
2026-10-07 19:50:00,19:49,2026-10-07,oi,11,15,三連複,2-11-16,36323.1,36323.1,382,https://www.keiba.go.jp/KeibaWeb/TodayRaceInfo/Odds3LenFuku?k_babaCode=20&k_raceDate=2026%2F10%2F07&k_raceNo=11
2026-10-07 19:50:00,19:49,2026-10-07,oi,11,15,三連複,4-6-11,36323.1,36323.1,382,https://www.keiba.go.jp/KeibaWeb/TodayRaceInfo/Odds3LenFuku?k_babaCode=20&k_raceDate=2026%2F10%2F07&k_raceNo=11
2026-10-07 19:50:00,19:49,2026-10-07,oi,11,15,三連複,4-7-15,36323.1,36323.1,382,https://www.keiba.go.jp/KeibaWeb/TodayRaceInfo/Odds3LenFuku?k_babaCode=20&k_raceDate=2026%2F10%2F07&k_raceNo=11
2026-10-07 19:50:00,19:49,2026-10-07,oi,11,15,三連複,9-11-12,36323.1,36323.1,382,https://www.keiba.go.jp/KeibaWeb/TodayRaceInfo/Odds3LenFuku?k_babaCode=20&k_raceDate=2026%2F10%2F07&k_raceNo=11
2026-10-07 19:50:00,19:49,2026-10-07,oi,11,15,三連複,13-14-16,36323.1,36323.1,382,https://www.keiba.go.jp/KeibaWeb/TodayRaceInfo/Odds3LenFuku?k_babaCode=20&k_raceDate=2026%2F10%2F07&k_raceNo=11
2026-10-07 19:50:00,19:49,2026-10-07,oi,11,15,三連複,1-12-14,36909.0,36909.0,388,https://www.keiba.go.jp/KeibaWeb/TodayRaceInfo/Odds3LenFuku?k_babaCode=20&k_raceDate=2026%2F10%2F07&k_raceNo=11
2026-10-07 19:50:00,19:49,2026-10-07,oi,11,15,三連複,2-4-9,36909.0,36909.0,388,https://www.keiba.go.jp/KeibaWeb/TodayRaceInfo/Odds3LenFuku?k_babaCode=20&k_raceDate=2026%2F10%2F07&k_raceNo=11
2026-10-07 19:50:00,19:49,2026-10-07,oi,11,15,三連複,3-8-16,36909.0,36909.0,388,https://www.keiba.go.jp/KeibaWeb/TodayRaceInfo/Odds3LenFuku?k_babaCode=20&k_raceDate=2026%2F10%2F07&k_raceNo=11
2026-10-07 19:50:00,19:49,2026-10-07,oi,11,15,三連複,6-7-13,36909.0,36909.0,388,https://www.keiba.go.jp/KeibaWeb/TodayRaceInfo/Odds3LenFuku?k_babaCode=20&k_raceDate=2026%2F10%2F07&k_raceNo=11
2026-10-07 19:50:00,19:49,2026-10-07,oi,11,15,三連複,6-9-11,36909.0,36909.0,388,https://www.keiba.go.jp/KeibaWeb/TodayRaceInfo/Odds3LenFuku?k_babaCode=20&k_raceDate=2026%2F10%2F07&k_raceNo=11
2026-10-07 19:50:00,19:49,2026-10-07,oi,11,15,三連複,3-12-14,38139.3,38139.3,393,https://www.keiba.go.jp/KeibaWeb/TodayRaceInfo/Odds3LenFuku?k_babaCode=20&k_raceDate=2026%2F10%2F07&k_raceNo=11
2026-10-07 19:50:00,19:49,2026-10-07,oi,11,15,三連複,8-11-16,38139.3,38139.3,393,https://www.keiba.go.jp/KeibaWeb/TodayRaceInfo/Odds3LenFuku?k_babaCode=20&k_raceDate=2026%2F10%2F07&k_raceNo=11
2026-10-07 19:50:00,19:49,2026-10-07,oi,11,15,三連複,9-11-16,38139.3,38139.3,393,https://www.keiba.go.jp/KeibaWeb/TodayRaceInfo/Odds3LenFuku?k_babaCode=20&k_raceDate=2026%2F10%2F07&k_raceNo=11
2026-10-07 19:50:00,19:49,2026-10-07,oi,11,15,三連複,4-8-15,38785.7,38785.7,396,https://www.keiba.go.jp/KeibaWeb/TodayRaceInfo/Odds3LenFuku?k_babaCode=20&k_raceDate=2026%2F10%2F07&k_raceNo=11
2026-10-07 19:50:00,19:49,2026-10-07,oi,11,15,三連複,2-9-15,39454.4,39454.4,397,https://www.keiba.go.jp/KeibaWeb/TodayRaceInfo/Odds3LenFuku?k_babaCode=20&k_raceDate=2026%2F10%2F07&k_raceNo=11
2026-10-07 19:50:00,19:49,2026-10-07,oi,11,15,三連複,2-10-14,39454.4,39454.4,397,https://www.keiba.go.jp/KeibaWeb/TodayRaceInfo/Odds3LenFuku?k_babaCode=20&k_raceDate=2026%2F10%2F07&k_raceNo=11
2026-10-07 19:50:00,19:49,2026-10-07,oi,11,15,三連複,4-7-10,39454.4,39454.4,397,https://www.keiba.go.jp/KeibaWeb/TodayRaceInfo/Odds3LenFuku?k_babaCode=20&k_raceDate=2026%2F10%2F07&k_raceNo=11
2026-10-07 19:50:00,19:49,2026-10-07,oi,11,15,三連複,5-7-8,39454.4,39454.4,397,https://www.keiba.go.jp/KeibaWeb/TodayRaceInfo/Odds3LenFuku?k_babaCode=20&k_raceDate=2026%2F10%2F07&k_raceNo=11
2026-10-07 19:50:00,19:49,2026-10-07,oi,11,15,三連複,6-12-16,39454.4,39454.4,397,https://www.keiba.go.jp/KeibaWeb/TodayRaceInfo/Odds3LenFuku?k_babaCode=20&k_raceDate=2026%2F10%2F07&k_raceNo=11
2026-10-07 19:50:00,19:49,2026-10-07,oi,11,15,三連複,12-13-14,39454.4,39454.4,397,https://www.keiba.go.jp/KeibaWeb/TodayRaceInfo/Odds3LenFuku?k_babaCode=20&k_raceDate=2026%2F10%2F07&k_raceNo=11
2026-10-07 19:50:00,19:49,2026-10-07,oi,11,15,三連複,1-14-16,40146.6,40146.6,403,https://www.keiba.go.jp/KeibaWeb/TodayRaceInfo/Odds3LenFuku?k_babaCode=20&k_raceDate=2026%2F10%2F07&k_raceNo=11
2026-10-07 19:50:00,19:49,2026-10-07,oi,11,15,三連複,4-14-15,40146.6,40146.6,403,https://www.keiba.go.jp/KeibaWeb/TodayRaceInfo/Odds3LenFuku?k_babaCode=20&k_raceDate=2026%2F10%2F07&k_raceNo=11
2026-10-07 19:50:00,19:49,2026-10-07,oi,11,15,三連複,5-7-14,40146.6,40146.6,403,https://www.keiba.go.jp/KeibaWeb/TodayRaceInfo/Odds3LenFuku?k_babaCode=20&k_raceDate=2026%2F10%2F07&k_raceNo=11
2026-10-07 19:50:00,19:49,2026-10-07,oi,11,15,三連複,2-4-11,40863.5,40863.5,406,https://www.keiba.go.jp/KeibaWeb/TodayRaceInfo/Odds3LenFuku?k_babaCode=20&k_raceDate=2026%2F10%2F07&k_raceNo=11
2026-10-07 19:50:00,19:49,2026-10-07,oi,11,15,三連複,5-9-12,40863.5,40863.5,406,https://www.keiba.go.jp/KeibaWeb/TodayRaceInfo/Odds3LenFuku?k_babaCode=20&k_raceDate=2026%2F10%2F07&k_raceNo=11
2026-10-07 19:50:00,19:49,2026-10-07,oi,11,15,三連複,9-12-15,40863.5,40863.5,406,https://www.keiba.go.jp/KeibaWeb/TodayRaceInfo/Odds3LenFuku?k_babaCode=20&k_raceDate=2026%2F10%2F07&k_raceNo=11
2026-10-07 19:50:00,19:49,2026-10-07,oi,11,15,三連複,3-9-12,41606.5,41606.5,409,https://www.keiba.go.jp/KeibaWeb/TodayRaceInfo/Odds3LenFuku?k_babaCode=20&k_raceDate=2026%2F10%2F07&k_raceNo=11
2026-10-07 19:50:00,19:49,2026-10-07,oi,11,15,三連複,8-9-15,41606.5,41606.5,409,https://www.keiba.go.jp/KeibaWeb/TodayRaceInfo/Odds3LenFuku?k_babaCode=20&k_raceDate=2026%2F10%2F07&k_raceNo=11
2026-10-07 19:50:00,19:49,2026-10-07,oi,11,15,三連複,4-8-10,42377.0,42377.0,411,https://www.keiba.go.jp/KeibaWeb/TodayRaceInfo/Odds3LenFuku?k_babaCode=20&k_raceDate=2026%2F10%2F07&k_raceNo=11
2026-10-07 19:50:00,19:49,2026-10-07,oi,11,15,三連複,4-9-11,42377.0,42377.0,411,https://www.keiba.go.jp/KeibaWeb/TodayRaceInfo/Odds3LenFuku?k_babaCode=20&k_raceDate=2026%2F10%2F07&k_raceNo=11
2026-10-07 19:50:00,19:49,2026-10-07,oi,11,15,三連複,1-8-14,43176.5,43176.5,413,https://www.keiba.go.jp/KeibaWeb/TodayRaceInfo/Odds3LenFuku?k_babaCode=20&k_raceDate=2026%2F10%2F07&k_raceNo=11
2026-10-07 19:50:00,19:49,2026-10-07,oi,11,15,三連複,4-7-9,43176.5,43176.5,413,https://www.keiba.go.jp/KeibaWeb/TodayRaceInfo/Odds3LenFuku?k_babaCode=20&k_raceDate=2026%2F10%2F07&k_raceNo=11
2026-10-07 19:50:00,19:49,2026-10-07,oi,11,15,三連複,5-12-14,43176.5,43176.5,413,https://www.keiba.go.jp/KeibaWeb/TodayRaceInfo/Odds3LenFuku?k_babaCode=20&k_raceDate=2026%2F10%2F07&k_raceNo=11
2026-10-07 19:50:00,19:49,2026-10-07,oi,11,15,三連複,6-9-13,43176.5,43176.5,413,https://www.keiba.go.jp/KeibaWeb/TodayRaceInfo/Odds3LenFuku?k_babaCode=20&k_raceDate=2026%2F10%2F07&k_raceNo=11
2026-10-07 19:50:00,19:49,2026-10-07,oi,11,15,三連複,2-5-16,44006.8,44006.8,417,https://www.keiba.go.jp/KeibaWeb/TodayRaceInfo/Odds3LenFuku?k_babaCode=20&k_raceDate=2026%2F10%2F07&k_raceNo=11
2026-10-07 19:50:00,19:49,2026-10-07,oi,11,15,三連複,4-9-10,44006.8,44006.8,417,https://www.keiba.go.jp/KeibaWeb/TodayRaceInfo/Odds3LenFuku?k_babaCode=20&k_raceDate=2026%2F10%2F07&k_raceNo=11
2026-10-07 19:50:00,19:49,2026-10-07,oi,11,15,三連複,8-9-11,44006.8,44006.8,417,https://www.keiba.go.jp/KeibaWeb/TodayRaceInfo/Odds3LenFuku?k_babaCode=20&k_raceDate=2026%2F10%2F07&k_raceNo=11
2026-10-07 19:50:00,19:49,2026-10-07,oi,11,15,三連複,1-2-14,44869.7,44869.7,420,https://www.keiba.go.jp/KeibaWeb/TodayRaceInfo/Odds3LenFuku?k_babaCode=20&k_raceDate=2026%2F10%2F07&k_raceNo=11
2026-10-07 19:50:00,19:49,2026-10-07,oi,11,15,三連複,2-9-11,44869.7,44869.7,420,https://www.keiba.go.jp/KeibaWeb/TodayRaceInfo/Odds3LenFuku?k_babaCode=20&k_raceDate=2026%2F10%2F07&k_raceNo=11
2026-10-07 19:50:00,19:49,2026-10-07,oi,11,15,三連複,2-14-15,44869.7,44869.7,420,https://www.keiba.go.jp/KeibaWeb/TodayRaceInfo/Odds3LenFuku?k_babaCode=20&k_raceDate=2026%2F10%2F07&k_raceNo=11
2026-10-07 19:50:00,19:49,2026-10-07,oi,11,15,三連複,3-4-9,44869.7,44869.7,420,https://www.keiba.go.jp/KeibaWeb/TodayRaceInfo/Odds3LenFuku?k_babaCode=20&k_raceDate=2026%2F10%2F07&k_raceNo=11
2026-10-07 19:50:00,19:49,2026-10-07,oi,11,15,三連複,4-10-14,44869.7,44869.7,420,https://www.keiba.go.jp/KeibaWeb/TodayRaceInfo/Odds3LenFuku?k_babaCode=20&k_raceDate=2026%2F10%2F07&k_raceNo=11
2026-10-07 19:50:00,19:49,2026-10-07,oi,11,15,三連複,6-7-8,44869.7,44869.7,420,https://www.keiba.go.jp/KeibaWeb/TodayRaceInfo/Odds3LenFuku?k_babaCode=20&k_raceDate=2026%2F10%2F07&k_raceNo=11
2026-10-07 19:50:00,19:49,2026-10-07,oi,11,15,三連複,6-7-9,44869.7,44869.7,420,https://www.keiba.go.jp/KeibaWeb/TodayRaceInfo/Odds3LenFuku?k_babaCode=20&k_raceDate=2026%2F10%2F07&k_raceNo=11
2026-10-07 19:50:00,19:49,2026-10-07,oi,11,15,三連複,2-7-12,45767.1,45767.1,427,https://www.keiba.go.jp/KeibaWeb/TodayRaceInfo/Odds3LenFuku?k_babaCode=20&k_raceDate=2026%2F10%2F07&k_raceNo=11
2026-10-07 19:50:00,19:49,2026-10-07,oi,11,15,三連複,2-13-16,45767.1,45767.1,427,https://www.keiba.go.jp/KeibaWeb/TodayRaceInfo/Odds3LenFuku?k_babaCode=20&k_raceDate=2026%2F10%2F07&k_raceNo=11
2026-10-07 19:50:00,19:49,2026-10-07,oi,11,15,三連複,4-5-9,45767.1,45767.1,427,https://www.keiba.go.jp/KeibaWeb/TodayRaceInfo/Odds3LenFuku?k_babaCode=20&k_raceDate=2026%2F10%2F07&k_raceNo=11
2026-10-07 19:50:00,19:49,2026-10-07,oi,11,15,三連複,5-7-16,45767.1,45767.1,427,https://www.keiba.go.jp/KeibaWeb/TodayRaceInfo/Odds3LenFuku?k_babaCode=20&k_raceDate=2026%2F10%2F07&k_raceNo=11
2026-10-07 19:50:00,19:49,2026-10-07,oi,11,15,三連複,9-10-12,46701.1,46701.1,431,https://www.keiba.go.jp/KeibaWeb/TodayRaceInfo/Odds3LenFuku?k_babaCode=20&k_raceDate=2026%2F10%2F07&k_raceNo=11
2026-10-07 19:50:00,19:49,2026-10-07,oi,11,15,三連複,1-7-14,47674.1,47674.1,432,https://www.keiba.go.jp/KeibaWeb/TodayRaceInfo/Odds3LenFuku?k_babaCode=20&k_raceDate=2026%2F10%2F07&k_raceNo=11
2026-10-07 19:50:00,19:49,2026-10-07,oi,11,15,三連複,7-11-16,47674.1,47674.1,432,https://www.keiba.go.jp/KeibaWeb/TodayRaceInfo/Odds3LenFuku?k_babaCode=20&k_raceDate=2026%2F10%2F07&k_raceNo=11
2026-10-07 19:50:00,19:49,2026-10-07,oi,11,15,三連複,4-9-15,48688.4,48688.4,434,https://www.keiba.go.jp/KeibaWeb/TodayRaceInfo/Odds3LenFuku?k_babaCode=20&k_raceDate=2026%2F10%2F07&k_raceNo=11
2026-10-07 19:50:00,19:49,2026-10-07,oi,11,15,三連複,4-11-12,48688.4,48688.4,434,https://www.keiba.go.jp/KeibaWeb/TodayRaceInfo/Odds3LenFuku?k_babaCode=20&k_raceDate=2026%2F10%2F07&k_raceNo=11
2026-10-07 19:50:00,19:49,2026-10-07,oi,11,15,三連複,11-14-16,48688.4,48688.4,434,https://www.keiba.go.jp/KeibaWeb/TodayRaceInfo/Odds3LenFuku?k_babaCode=20&k_raceDate=2026%2F10%2F07&k_raceNo=11
2026-10-07 19:50:00,19:49,2026-10-07,oi,11,15,三連複,1-4-14,49746.9,49746.9,437,https://www.keiba.go.jp/KeibaWeb/TodayRaceInfo/Odds3LenFuku?k_babaCode=20&k_raceDate=2026%2F10%2F07&k_raceNo=11
2026-10-07 19:50:00,19:49,2026-10-07,oi,11,15,三連複,3-9-16,49746.9,49746.9,437,https://www.keiba.go.jp/KeibaWeb/TodayRaceInfo/Odds3LenFuku?k_babaCode=20&k_raceDate=2026%2F10%2F07&k_raceNo=11
2026-10-07 19:50:00,19:49,2026-10-07,oi,11,15,三連複,3-14-16,49746.9,49746.9,437,https://www.keiba.go.jp/KeibaWeb/TodayRaceInfo/Odds3LenFuku?k_babaCode=20&k_raceDate=2026%2F10%2F07&k_raceNo=11
2026-10-07 19:50:00,19:49,2026-10-07,oi,11,15,三連複,4-7-11,49746.9,49746.9,437,https://www.keiba.go.jp/KeibaWeb/TodayRaceInfo/Odds3LenFuku?k_babaCode=20&k_raceDate=2026%2F10%2F07&k_raceNo=11
2026-10-07 19:50:00,19:49,2026-10-07,oi,11,15,三連複,7-12-13,49746.9,49746.9,437,https://www.keiba.go.jp/KeibaWeb/TodayRaceInfo/Odds3LenFuku?k_babaCode=20&k_raceDate=2026%2F10%2F07&k_raceNo=11
2026-10-07 19:50:00,19:49,2026-10-07,oi,11,15,三連複,8-13-16,49746.9,49746.9,437,https://www.keiba.go.jp/KeibaWeb/TodayRaceInfo/Odds3LenFuku?k_babaCode=20&k_raceDate=2026%2F10%2F07&k_raceNo=11
2026-10-07 19:50:00,19:49,2026-10-07,oi,11,15,三連複,4-6-8,50852.4,50852.4,443,https://www.keiba.go.jp/KeibaWeb/TodayRaceInfo/Odds3LenFuku?k_babaCode=20&k_raceDate=2026%2F10%2F07&k_raceNo=11
2026-10-07 19:50:00,19:49,2026-10-07,oi,11,15,三連複,8-12-13,50852.4,50852.4,443,https://www.keiba.go.jp/KeibaWeb/TodayRaceInfo/Odds3LenFuku?k_babaCode=20&k_raceDate=2026%2F10%2F07&k_raceNo=11
2026-10-07 19:50:00,19:49,2026-10-07,oi,11,15,三連複,4-5-12,52008.1,52008.1,445,https://www.keiba.go.jp/KeibaWeb/TodayRaceInfo/Odds3LenFuku?k_babaCode=20&k_raceDate=2026%2F10%2F07&k_raceNo=11
2026-10-07 19:50:00,19:49,2026-10-07,oi,11,15,三連複,4-7-8,52008.1,52008.1,445,https://www.keiba.go.jp/KeibaWeb/TodayRaceInfo/Odds3LenFuku?k_babaCode=20&k_raceDate=2026%2F10%2F07&k_raceNo=11
2026-10-07 19:50:00,19:49,2026-10-07,oi,11,15,三連複,5-8-9,52008.1,52008.1,445,https://www.keiba.go.jp/KeibaWeb/TodayRaceInfo/Odds3LenFuku?k_babaCode=20&k_raceDate=2026%2F10%2F07&k_raceNo=11
2026-10-07 19:50:00,19:49,2026-10-07,oi,11,15,三連複,4-6-7,53217.6,53217.6,448,https://www.keiba.go.jp/KeibaWeb/TodayRaceInfo/Odds3LenFuku?k_babaCode=20&k_raceDate=2026%2F10%2F07&k_raceNo=11
2026-10-07 19:50:00,19:49,2026-10-07,oi,11,15,三連複,6-8-12,55813.6,55813.6,449,https://www.keiba.go.jp/KeibaWeb/TodayRaceInfo/Odds3LenFuku?k_babaCode=20&k_raceDate=2026%2F10%2F07&k_raceNo=11
2026-10-07 19:50:00,19:49,2026-10-07,oi,11,15,三連複,7-13-16,55813.6,55813.6,449,https://www.keiba.go.jp/KeibaWeb/TodayRaceInfo/Odds3LenFuku?k_babaCode=20&k_raceDate=2026%2F10%2F07&k_raceNo=11
2026-10-07 19:50:00,19:49,2026-10-07,oi,11,15,三連複,2-8-12,57208.9,57208.9,451,https://www.keiba.go.jp/KeibaWeb/TodayRaceInfo/Odds3LenFuku?k_babaCode=20&k_raceDate=2026%2F10%2F07&k_raceNo=11
2026-10-07 19:50:00,19:49,2026-10-07,oi,11,15,三連複,3-4-16,57208.9,57208.9,451,https://www.keiba.go.jp/KeibaWeb/TodayRaceInfo/Odds3LenFuku?k_babaCode=20&k_raceDate=2026%2F10%2F07&k_raceNo=11
2026-10-07 19:50:00,19:49,2026-10-07,oi,11,15,三連複,3-7-14,57208.9,57208.9,451,https://www.keiba.go.jp/KeibaWeb/TodayRaceInfo/Odds3LenFuku?k_babaCode=20&k_raceDate=2026%2F10%2F07&k_raceNo=11
2026-10-07 19:50:00,19:49,2026-10-07,oi,11,15,三連複,8-10-14,57208.9,57208.9,451,https://www.keiba.go.jp/KeibaWeb/TodayRaceInfo/Odds3LenFuku?k_babaCode=20&k_raceDate=2026%2F10%2F07&k_raceNo=11
2026-10-07 19:50:00,19:49,2026-10-07,oi,11,15,三連複,2-12-13,58675.8,58675.8,455,https://www.keiba.go.jp/KeibaWeb/TodayRaceInfo/Odds3LenFuku?k_babaCode=20&k_raceDate=2026%2F10%2F07&k_raceNo=11
2026-10-07 19:50:00,19:49,2026-10-07,oi,11,15,三連複,3-8-14,58675.8,58675.8,455,https://www.keiba.go.jp/KeibaWeb/TodayRaceInfo/Odds3LenFuku?k_babaCode=20&k_raceDate=2026%2F10%2F07&k_raceNo=11
2026-10-07 19:50:00,19:49,2026-10-07,oi,11,15,三連複,3-9-14,58675.8,58675.8,455,https://www.keiba.go.jp/KeibaWeb/TodayRaceInfo/Odds3LenFuku?k_babaCode=20&k_raceDate=2026%2F10%2F07&k_raceNo=11
2026-10-07 19:50:00,19:49,2026-10-07,oi,11,15,三連複,7-9-16,58675.8,58675.8,455,https://www.keiba.go.jp/KeibaWeb/TodayRaceInfo/Odds3LenFuku?k_babaCode=20&k_raceDate=2026%2F10%2F07&k_raceNo=11
2026-10-07 19:50:00,19:49,2026-10-07,oi,11,15,三連複,7-9-12,60219.9,60219.9,459,https://www.keiba.go.jp/KeibaWeb/TodayRaceInfo/Odds3LenFuku?k_babaCode=20&k_raceDate=2026%2F10%2F07&k_raceNo=11
2026-10-07 19:50:00,19:49,2026-10-07,oi,11,15,三連複,2-3-14,61847.5,61847.5,460,https://www.keiba.go.jp/KeibaWeb/TodayRaceInfo/Odds3LenFuku?k_babaCode=20&k_raceDate=2026%2F10%2F07&k_raceNo=11
2026-10-07 19:50:00,19:49,2026-10-07,oi,11,15,三連複,4-6-16,61847.5,61847.5,460,https://www.keiba.go.jp/KeibaWeb/TodayRaceInfo/Odds3LenFuku?k_babaCode=20&k_raceDate=2026%2F10%2F07&k_raceNo=11
2026-10-07 19:50:00,19:49,2026-10-07,oi,11,15,三連複,4-12-13,61847.5,61847.5,460,https://www.keiba.go.jp/KeibaWeb/TodayRaceInfo/Odds3LenFuku?k_babaCode=20&k_raceDate=2026%2F10%2F07&k_raceNo=11
2026-10-07 19:50:00,19:49,2026-10-07,oi,11,15,三連複,6-7-12,61847.5,61847.5,460,https://www.keiba.go.jp/KeibaWeb/TodayRaceInfo/Odds3LenFuku?k_babaCode=20&k_raceDate=2026%2F10%2F07&k_raceNo=11
2026-10-07 19:50:00,19:49,2026-10-07,oi,11,15,三連複,7-14-15,61847.5,61847.5,460,https://www.keiba.go.jp/KeibaWeb/TodayRaceInfo/Odds3LenFuku?k_babaCode=20&k_raceDate=2026%2F10%2F07&k_raceNo=11
2026-10-07 19:50:00,19:49,2026-10-07,oi,11,15,三連複,4-11-16,63565.5,63565.5,465,https://www.keiba.go.jp/KeibaWeb/TodayRaceInfo/Odds3LenFuku?k_babaCode=20&k_raceDate=2026%2F10%2F07&k_raceNo=11
2026-10-07 19:50:00,19:49,2026-10-07,oi,11,15,三連複,4-13-16,63565.5,63565.5,465,https://www.keiba.go.jp/KeibaWeb/TodayRaceInfo/Odds3LenFuku?k_babaCode=20&k_raceDate=2026%2F10%2F07&k_raceNo=11
2026-10-07 19:50:00,19:49,2026-10-07,oi,11,15,三連複,6-8-16,63565.5,63565.5,465,https://www.keiba.go.jp/KeibaWeb/TodayRaceInfo/Odds3LenFuku?k_babaCode=20&k_raceDate=2026%2F10%2F07&k_raceNo=11
2026-10-07 19:50:00,19:49,2026-10-07,oi,11,15,三連複,7-8-12,63565.5,63565.5,465,https://www.keiba.go.jp/KeibaWeb/TodayRaceInfo/Odds3LenFuku?k_babaCode=20&k_raceDate=2026%2F10%2F07&k_raceNo=11
2026-10-07 19:50:00,19:49,2026-10-07,oi,11,15,三連複,7-8-14,63565.5,63565.5,465,https://www.keiba.go.jp/KeibaWeb/TodayRaceInfo/Odds3LenFuku?k_babaCode=20&k_raceDate=2026%2F10%2F07&k_raceNo=11
2026-10-07 19:50:00,19:49,2026-10-07,oi,11,15,三連複,9-13-16,63565.5,63565.5,465,https://www.keiba.go.jp/KeibaWeb/TodayRaceInfo/Odds3LenFuku?k_babaCode=20&k_raceDate=2026%2F10%2F07&k_raceNo=11
2026-10-07 19:50:00,19:49,2026-10-07,oi,11,15,三連複,1-9-14,65381.6,65381.6,471,https://www.keiba.go.jp/KeibaWeb/TodayRaceInfo/Odds3LenFuku?k_babaCode=20&k_raceDate=2026%2F10%2F07&k_raceNo=11
2026-10-07 19:50:00,19:49,2026-10-07,oi,11,15,三連複,6-8-9,65381.6,65381.6,471,https://www.keiba.go.jp/KeibaWeb/TodayRaceInfo/Odds3LenFuku?k_babaCode=20&k_raceDate=2026%2F10%2F07&k_raceNo=11
2026-10-07 19:50:00,19:49,2026-10-07,oi,11,15,三連複,4-8-11,67304.6,67304.6,473,https://www.keiba.go.jp/KeibaWeb/TodayRaceInfo/Odds3LenFuku?k_babaCode=20&k_raceDate=2026%2F10%2F07&k_raceNo=11
2026-10-07 19:50:00,19:49,2026-10-07,oi,11,15,三連複,2-4-12,69344.1,69344.1,474,https://www.keiba.go.jp/KeibaWeb/TodayRaceInfo/Odds3LenFuku?k_babaCode=20&k_raceDate=2026%2F10%2F07&k_raceNo=11
2026-10-07 19:50:00,19:49,2026-10-07,oi,11,15,三連複,2-6-14,69344.1,69344.1,474,https://www.keiba.go.jp/KeibaWeb/TodayRaceInfo/Odds3LenFuku?k_babaCode=20&k_raceDate=2026%2F10%2F07&k_raceNo=11
2026-10-07 19:50:00,19:49,2026-10-07,oi,11,15,三連複,4-5-7,69344.1,69344.1,474,https://www.keiba.go.jp/KeibaWeb/TodayRaceInfo/Odds3LenFuku?k_babaCode=20&k_raceDate=2026%2F10%2F07&k_raceNo=11
2026-10-07 19:50:00,19:49,2026-10-07,oi,11,15,三連複,5-8-14,69344.1,69344.1,474,https://www.keiba.go.jp/KeibaWeb/TodayRaceInfo/Odds3LenFuku?k_babaCode=20&k_raceDate=2026%2F10%2F07&k_raceNo=11
2026-10-07 19:50:00,19:49,2026-10-07,oi,11,15,三連複,5-8-16,69344.1,69344.1,474,https://www.keiba.go.jp/KeibaWeb/TodayRaceInfo/Odds3LenFuku?k_babaCode=20&k_raceDate=2026%2F10%2F07&k_raceNo=11
2026-10-07 19:50:00,19:49,2026-10-07,oi,11,15,三連複,5-9-14,69344.1,69344.1,474,https://www.keiba.go.jp/KeibaWeb/TodayRaceInfo/Odds3LenFuku?k_babaCode=20&k_raceDate=2026%2F10%2F07&k_raceNo=11
2026-10-07 19:50:00,19:49,2026-10-07,oi,11,15,三連複,6-14-16,69344.1,69344.1,474,https://www.keiba.go.jp/KeibaWeb/TodayRaceInfo/Odds3LenFuku?k_babaCode=20&k_raceDate=2026%2F10%2F07&k_raceNo=11
2026-10-07 19:50:00,19:49,2026-10-07,oi,11,15,三連複,7-10-14,69344.1,69344.1,474,https://www.keiba.go.jp/KeibaWeb/TodayRaceInfo/Odds3LenFuku?k_babaCode=20&k_raceDate=2026%2F10%2F07&k_raceNo=11
2026-10-07 19:50:00,19:49,2026-10-07,oi,11,15,三連複,4-6-9,71511.1,71511.1,482,https://www.keiba.go.jp/KeibaWeb/TodayRaceInfo/Odds3LenFuku?k_babaCode=20&k_raceDate=2026%2F10%2F07&k_raceNo=11
2026-10-07 19:50:00,19:49,2026-10-07,oi,11,15,三連複,6-9-16,71511.1,71511.1,482,https://www.keiba.go.jp/KeibaWeb/TodayRaceInfo/Odds3LenFuku?k_babaCode=20&k_raceDate=2026%2F10%2F07&k_raceNo=11
2026-10-07 19:50:00,19:49,2026-10-07,oi,11,15,三連複,9-14-15,71511.1,71511.1,482,https://www.keiba.go.jp/KeibaWeb/TodayRaceInfo/Odds3LenFuku?k_babaCode=20&k_raceDate=2026%2F10%2F07&k_raceNo=11
2026-10-07 19:50:00,19:49,2026-10-07,oi,11,15,三連複,4-5-16,73818.0,73818.0,485,https://www.keiba.go.jp/KeibaWeb/TodayRaceInfo/Odds3LenFuku?k_babaCode=20&k_raceDate=2026%2F10%2F07&k_raceNo=11
2026-10-07 19:50:00,19:49,2026-10-07,oi,11,15,三連複,6-7-16,73818.0,73818.0,485,https://www.keiba.go.jp/KeibaWeb/TodayRaceInfo/Odds3LenFuku?k_babaCode=20&k_raceDate=2026%2F10%2F07&k_raceNo=11
2026-10-07 19:50:00,19:49,2026-10-07,oi,11,15,三連複,8-11-14,73818.0,73818.0,485,https://www.keiba.go.jp/KeibaWeb/TodayRaceInfo/Odds3LenFuku?k_babaCode=20&k_raceDate=2026%2F10%2F07&k_raceNo=11
2026-10-07 19:50:00,19:49,2026-10-07,oi,11,15,三連複,2-8-16,76278.6,76278.6,488,https://www.keiba.go.jp/KeibaWeb/TodayRaceInfo/Odds3LenFuku?k_babaCode=20&k_raceDate=2026%2F10%2F07&k_raceNo=11
2026-10-07 19:50:00,19:49,2026-10-07,oi,11,15,三連複,4-6-12,78908.9,78908.9,489,https://www.keiba.go.jp/KeibaWeb/TodayRaceInfo/Odds3LenFuku?k_babaCode=20&k_raceDate=2026%2F10%2F07&k_raceNo=11
2026-10-07 19:50:00,19:49,2026-10-07,oi,11,15,三連複,4-8-9,78908.9,78908.9,489,https://www.keiba.go.jp/KeibaWeb/TodayRaceInfo/Odds3LenFuku?k_babaCode=20&k_raceDate=2026%2F10%2F07&k_raceNo=11
2026-10-07 19:50:00,19:49,2026-10-07,oi,11,15,三連複,5-9-16,78908.9,78908.9,489,https://www.keiba.go.jp/KeibaWeb/TodayRaceInfo/Odds3LenFuku?k_babaCode=20&k_raceDate=2026%2F10%2F07&k_raceNo=11
2026-10-07 19:50:00,19:49,2026-10-07,oi,11,15,三連複,2-9-12,81727.0,81727.0,492,https://www.keiba.go.jp/KeibaWeb/TodayRaceInfo/Odds3LenFuku?k_babaCode=20&k_raceDate=2026%2F10%2F07&k_raceNo=11
2026-10-07 19:50:00,19:49,2026-10-07,oi,11,15,三連複,6-9-12,81727.0,81727.0,492,https://www.keiba.go.jp/KeibaWeb/TodayRaceInfo/Odds3LenFuku?k_babaCode=20&k_raceDate=2026%2F10%2F07&k_raceNo=11
2026-10-07 19:50:00,19:49,2026-10-07,oi,11,15,三連複,7-9-13,81727.0,81727.0,492,https://www.keiba.go.jp/KeibaWeb/TodayRaceInfo/Odds3LenFuku?k_babaCode=20&k_raceDate=2026%2F10%2F07&k_raceNo=11
2026-10-07 19:50:00,19:49,2026-10-07,oi,11,15,三連複,8-9-14,81727.0,81727.0,492,https://www.keiba.go.jp/KeibaWeb/TodayRaceInfo/Odds3LenFuku?k_babaCode=20&k_raceDate=2026%2F10%2F07&k_raceNo=11
2026-10-07 19:50:00,19:49,2026-10-07,oi,11,15,三連複,2-8-13,84754.0,84754.0,496,https://www.keiba.go.jp/KeibaWeb/TodayRaceInfo/Odds3LenFuku?k_babaCode=20&k_raceDate=2026%2F10%2F07&k_raceNo=11
2026-10-07 19:50:00,19:49,2026-10-07,oi,11,15,三連複,2-13-14,84754.0,84754.0,496,https://www.keiba.go.jp/KeibaWeb/TodayRaceInfo/Odds3LenFuku?k_babaCode=20&k_raceDate=2026%2F10%2F07&k_raceNo=11
2026-10-07 19:50:00,19:49,2026-10-07,oi,11,15,三連複,5-14-16,84754.0,84754.0,496,https://www.keiba.go.jp/KeibaWeb/TodayRaceInfo/Odds3LenFuku?k_babaCode=20&k_raceDate=2026%2F10%2F07&k_raceNo=11
2026-10-07 19:50:00,19:49,2026-10-07,oi,11,15,三連複,6-8-14,84754.0,84754.0,496,https://www.keiba.go.jp/KeibaWeb/TodayRaceInfo/Odds3LenFuku?k_babaCode=20&k_raceDate=2026%2F10%2F07&k_raceNo=11
2026-10-07 19:50:00,19:49,2026-10-07,oi,11,15,三連複,7-11-14,84754.0,84754.0,496,https://www.keiba.go.jp/KeibaWeb/TodayRaceInfo/Odds3LenFuku?k_babaCode=20&k_raceDate=2026%2F10%2F07&k_raceNo=11
2026-10-07 19:50:00,19:49,2026-10-07,oi,11,15,三連複,8-9-16,84754.0,84754.0,496,https://www.keiba.go.jp/KeibaWeb/TodayRaceInfo/Odds3LenFuku?k_babaCode=20&k_raceDate=2026%2F10%2F07&k_raceNo=11
2026-10-07 19:50:00,19:49,2026-10-07,oi,11,15,三連複,3-4-14,88013.7,88013.7,502,https://www.keiba.go.jp/KeibaWeb/TodayRaceInfo/Odds3LenFuku?k_babaCode=20&k_raceDate=2026%2F10%2F07&k_raceNo=11
2026-10-07 19:50:00,19:49,2026-10-07,oi,11,15,三連複,4-7-13,88013.7,88013.7,502,https://www.keiba.go.jp/KeibaWeb/TodayRaceInfo/Odds3LenFuku?k_babaCode=20&k_raceDate=2026%2F10%2F07&k_raceNo=11
2026-10-07 19:50:00,19:49,2026-10-07,oi,11,15,三連複,4-8-12,88013.7,88013.7,502,https://www.keiba.go.jp/KeibaWeb/TodayRaceInfo/Odds3LenFuku?k_babaCode=20&k_raceDate=2026%2F10%2F07&k_raceNo=11
2026-10-07 19:50:00,19:49,2026-10-07,oi,11,15,三連複,6-12-14,88013.7,88013.7,502,https://www.keiba.go.jp/KeibaWeb/TodayRaceInfo/Odds3LenFuku?k_babaCode=20&k_raceDate=2026%2F10%2F07&k_raceNo=11
2026-10-07 19:50:00,19:49,2026-10-07,oi,11,15,三連複,7-9-14,88013.7,88013.7,502,https://www.keiba.go.jp/KeibaWeb/TodayRaceInfo/Odds3LenFuku?k_babaCode=20&k_raceDate=2026%2F10%2F07&k_raceNo=11
2026-10-07 19:50:00,19:49,2026-10-07,oi,11,15,三連複,7-13-14,88013.7,88013.7,502,https://www.keiba.go.jp/KeibaWeb/TodayRaceInfo/Odds3LenFuku?k_babaCode=20&k_raceDate=2026%2F10%2F07&k_raceNo=11
2026-10-07 19:50:00,19:49,2026-10-07,oi,11,15,三連複,4-8-13,91534.3,91534.3,508,https://www.keiba.go.jp/KeibaWeb/TodayRaceInfo/Odds3LenFuku?k_babaCode=20&k_raceDate=2026%2F10%2F07&k_raceNo=11
2026-10-07 19:50:00,19:49,2026-10-07,oi,11,15,三連複,4-13-14,91534.3,91534.3,508,https://www.keiba.go.jp/KeibaWeb/TodayRaceInfo/Odds3LenFuku?k_babaCode=20&k_raceDate=2026%2F10%2F07&k_raceNo=11
2026-10-07 19:50:00,19:49,2026-10-07,oi,11,15,三連複,7-8-13,91534.3,91534.3,508,https://www.keiba.go.jp/KeibaWeb/TodayRaceInfo/Odds3LenFuku?k_babaCode=20&k_raceDate=2026%2F10%2F07&k_raceNo=11
2026-10-07 19:50:00,19:49,2026-10-07,oi,11,15,三連複,8-12-16,91534.3,91534.3,508,https://www.keiba.go.jp/KeibaWeb/TodayRaceInfo/Odds3LenFuku?k_babaCode=20&k_raceDate=2026%2F10%2F07&k_raceNo=11
2026-10-07 19:50:00,19:49,2026-10-07,oi,11,15,三連複,9-12-13,91534.3,91534.3,508,https://www.keiba.go.jp/KeibaWeb/TodayRaceInfo/Odds3LenFuku?k_babaCode=20&k_raceDate=2026%2F10%2F07&k_raceNo=11
2026-10-07 19:50:00,19:49,2026-10-07,oi,11,15,三連複,2-4-13,95348.2,95348.2,513,https://www.keiba.go.jp/KeibaWeb/TodayRaceInfo/Odds3LenFuku?k_babaCode=20&k_raceDate=2026%2F10%2F07&k_raceNo=11
2026-10-07 19:50:00,19:49,2026-10-07,oi,11,15,三連複,4-9-16,95348.2,95348.2,513,https://www.keiba.go.jp/KeibaWeb/TodayRaceInfo/Odds3LenFuku?k_babaCode=20&k_raceDate=2026%2F10%2F07&k_raceNo=11
2026-10-07 19:50:00,19:49,2026-10-07,oi,11,15,三連複,6-7-14,95348.2,95348.2,513,https://www.keiba.go.jp/KeibaWeb/TodayRaceInfo/Odds3LenFuku?k_babaCode=20&k_raceDate=2026%2F10%2F07&k_raceNo=11
2026-10-07 19:50:00,19:49,2026-10-07,oi,11,15,三連複,9-10-14,95348.2,95348.2,513,https://www.keiba.go.jp/KeibaWeb/TodayRaceInfo/Odds3LenFuku?k_babaCode=20&k_raceDate=2026%2F10%2F07&k_raceNo=11
2026-10-07 19:50:00,19:49,2026-10-07,oi,11,15,三連複,12-14-16,95348.2,95348.2,513,https://www.keiba.go.jp/KeibaWeb/TodayRaceInfo/Odds3LenFuku?k_babaCode=20&k_raceDate=2026%2F10%2F07&k_raceNo=11
2026-10-07 19:50:00,19:49,2026-10-07,oi,11,15,三連複,2-12-16,99493.8,99493.8,518,https://www.keiba.go.jp/KeibaWeb/TodayRaceInfo/Odds3LenFuku?k_babaCode=20&k_raceDate=2026%2F10%2F07&k_raceNo=11
2026-10-07 19:50:00,19:49,2026-10-07,oi,11,15,三連複,4-8-14,99493.8,99493.8,518,https://www.keiba.go.jp/KeibaWeb/TodayRaceInfo/Odds3LenFuku?k_babaCode=20&k_raceDate=2026%2F10%2F07&k_raceNo=11
2026-10-07 19:50:00,19:49,2026-10-07,oi,11,15,三連複,2-12-14,104016.2,104016.2,520,https://www.keiba.go.jp/KeibaWeb/TodayRaceInfo/Odds3LenFuku?k_babaCode=20&k_raceDate=2026%2F10%2F07&k_raceNo=11
2026-10-07 19:50:00,19:49,2026-10-07,oi,11,15,三連複,4-5-8,104016.2,104016.2,520,https://www.keiba.go.jp/KeibaWeb/TodayRaceInfo/Odds3LenFuku?k_babaCode=20&k_raceDate=2026%2F10%2F07&k_raceNo=11
2026-10-07 19:50:00,19:49,2026-10-07,oi,11,15,三連複,4-9-13,104016.2,104016.2,520,https://www.keiba.go.jp/KeibaWeb/TodayRaceInfo/Odds3LenFuku?k_babaCode=20&k_raceDate=2026%2F10%2F07&k_raceNo=11
2026-10-07 19:50:00,19:49,2026-10-07,oi,11,15,三連複,9-11-14,104016.2,104016.2,520,https://www.keiba.go.jp/KeibaWeb/TodayRaceInfo/Odds3LenFuku?k_babaCode=20&k_raceDate=2026%2F10%2F07&k_raceNo=11
2026-10-07 19:50:00,19:49,2026-10-07,oi,11,15,三連複,2-7-13,108969.4,108969.4,524,https://www.keiba.go.jp/KeibaWeb/TodayRaceInfo/Odds3LenFuku?k_babaCode=20&k_raceDate=2026%2F10%2F07&k_raceNo=11
2026-10-07 19:50:00,19:49,2026-10-07,oi,11,15,三連複,4-6-14,108969.4,108969.4,524,https://www.keiba.go.jp/KeibaWeb/TodayRaceInfo/Odds3LenFuku?k_babaCode=20&k_raceDate=2026%2F10%2F07&k_raceNo=11
2026-10-07 19:50:00,19:49,2026-10-07,oi,11,15,三連複,4-8-16,108969.4,108969.4,524,https://www.keiba.go.jp/KeibaWeb/TodayRaceInfo/Odds3LenFuku?k_babaCode=20&k_raceDate=2026%2F10%2F07&k_raceNo=11
2026-10-07 19:50:00,19:49,2026-10-07,oi,11,15,三連複,4-12-16,108969.4,108969.4,524,https://www.keiba.go.jp/KeibaWeb/TodayRaceInfo/Odds3LenFuku?k_babaCode=20&k_raceDate=2026%2F10%2F07&k_raceNo=11
2026-10-07 19:50:00,19:49,2026-10-07,oi,11,15,三連複,8-9-12,108969.4,108969.4,524,https://www.keiba.go.jp/KeibaWeb/TodayRaceInfo/Odds3LenFuku?k_babaCode=20&k_raceDate=2026%2F10%2F07&k_raceNo=11
2026-10-07 19:50:00,19:49,2026-10-07,oi,11,15,三連複,2-4-14,114417.9,114417.9,529,https://www.keiba.go.jp/KeibaWeb/TodayRaceInfo/Odds3LenFuku?k_babaCode=20&k_raceDate=2026%2F10%2F07&k_raceNo=11
2026-10-07 19:50:00,19:49,2026-10-07,oi,11,15,三連複,2-7-14,114417.9,114417.9,529,https://www.keiba.go.jp/KeibaWeb/TodayRaceInfo/Odds3LenFuku?k_babaCode=20&k_raceDate=2026%2F10%2F07&k_raceNo=11
2026-10-07 19:50:00,19:49,2026-10-07,oi,11,15,三連複,2-7-16,114417.9,114417.9,529,https://www.keiba.go.jp/KeibaWeb/TodayRaceInfo/Odds3LenFuku?k_babaCode=20&k_raceDate=2026%2F10%2F07&k_raceNo=11
2026-10-07 19:50:00,19:49,2026-10-07,oi,11,15,三連複,2-11-14,114417.9,114417.9,529,https://www.keiba.go.jp/KeibaWeb/TodayRaceInfo/Odds3LenFuku?k_babaCode=20&k_raceDate=2026%2F10%2F07&k_raceNo=11
2026-10-07 19:50:00,19:49,2026-10-07,oi,11,15,三連複,4-9-12,114417.9,114417.9,529,https://www.keiba.go.jp/KeibaWeb/TodayRaceInfo/Odds3LenFuku?k_babaCode=20&k_raceDate=2026%2F10%2F07&k_raceNo=11
2026-10-07 19:50:00,19:49,2026-10-07,oi,11,15,三連複,7-12-16,114417.9,114417.9,529,https://www.keiba.go.jp/KeibaWeb/TodayRaceInfo/Odds3LenFuku?k_babaCode=20&k_raceDate=2026%2F10%2F07&k_raceNo=11
2026-10-07 19:50:00,19:49,2026-10-07,oi,11,15,三連複,8-9-13,114417.9,114417.9,529,https://www.keiba.go.jp/KeibaWeb/TodayRaceInfo/Odds3LenFuku?k_babaCode=20&k_raceDate=2026%2F10%2F07&k_raceNo=11
2026-10-07 19:50:00,19:49,2026-10-07,oi,11,15,三連複,9-13-14,114417.9,114417.9,529,https://www.keiba.go.jp/KeibaWeb/TodayRaceInfo/Odds3LenFuku?k_babaCode=20&k_raceDate=2026%2F10%2F07&k_raceNo=11
2026-10-07 19:50:00,19:49,2026-10-07,oi,11,15,三連複,2-4-16,120439.9,120439.9,537,https://www.keiba.go.jp/KeibaWeb/TodayRaceInfo/Odds3LenFuku?k_babaCode=20&k_raceDate=2026%2F10%2F07&k_raceNo=11
2026-10-07 19:50:00,19:49,2026-10-07,oi,11,15,三連複,2-8-14,120439.9,120439.9,537,https://www.keiba.go.jp/KeibaWeb/TodayRaceInfo/Odds3LenFuku?k_babaCode=20&k_raceDate=2026%2F10%2F07&k_raceNo=11
2026-10-07 19:50:00,19:49,2026-10-07,oi,11,15,三連複,2-9-13,120439.9,120439.9,537,https://www.keiba.go.jp/KeibaWeb/TodayRaceInfo/Odds3LenFuku?k_babaCode=20&k_raceDate=2026%2F10%2F07&k_raceNo=11
2026-10-07 19:50:00,19:49,2026-10-07,oi,11,15,三連複,4-7-12,120439.9,120439.9,537,https://www.keiba.go.jp/KeibaWeb/TodayRaceInfo/Odds3LenFuku?k_babaCode=20&k_raceDate=2026%2F10%2F07&k_raceNo=11
2026-10-07 19:50:00,19:49,2026-10-07,oi,11,15,三連複,4-11-14,120439.9,120439.9,537,https://www.keiba.go.jp/KeibaWeb/TodayRaceInfo/Odds3LenFuku?k_babaCode=20&k_raceDate=2026%2F10%2F07&k_raceNo=11
2026-10-07 19:50:00,19:49,2026-10-07,oi,11,15,三連複,7-8-16,120439.9,120439.9,537,https://www.keiba.go.jp/KeibaWeb/TodayRaceInfo/Odds3LenFuku?k_babaCode=20&k_raceDate=2026%2F10%2F07&k_raceNo=11
2026-10-07 19:50:00,19:49,2026-10-07,oi,11,15,三連複,6-9-14,127131.0,127131.0,543,https://www.keiba.go.jp/KeibaWeb/TodayRaceInfo/Odds3LenFuku?k_babaCode=20&k_raceDate=2026%2F10%2F07&k_raceNo=11
2026-10-07 19:50:00,19:49,2026-10-07,oi,11,15,三連複,8-12-14,127131.0,127131.0,543,https://www.keiba.go.jp/KeibaWeb/TodayRaceInfo/Odds3LenFuku?k_babaCode=20&k_raceDate=2026%2F10%2F07&k_raceNo=11
2026-10-07 19:50:00,19:49,2026-10-07,oi,11,15,三連複,2-9-16,134609.3,134609.3,545,https://www.keiba.go.jp/KeibaWeb/TodayRaceInfo/Odds3LenFuku?k_babaCode=20&k_raceDate=2026%2F10%2F07&k_raceNo=11
2026-10-07 19:50:00,19:49,2026-10-07,oi,11,15,三連複,4-7-14,134609.3,134609.3,545,https://www.keiba.go.jp/KeibaWeb/TodayRaceInfo/Odds3LenFuku?k_babaCode=20&k_raceDate=2026%2F10%2F07&k_raceNo=11
2026-10-07 19:50:00,19:49,2026-10-07,oi,11,15,三連複,4-7-16,134609.3,134609.3,545,https://www.keiba.go.jp/KeibaWeb/TodayRaceInfo/Odds3LenFuku?k_babaCode=20&k_raceDate=2026%2F10%2F07&k_raceNo=11
2026-10-07 19:50:00,19:49,2026-10-07,oi,11,15,三連複,4-12-14,134609.3,134609.3,545,https://www.keiba.go.jp/KeibaWeb/TodayRaceInfo/Odds3LenFuku?k_babaCode=20&k_raceDate=2026%2F10%2F07&k_raceNo=11
2026-10-07 19:50:00,19:49,2026-10-07,oi,11,15,三連複,7-12-14,134609.3,134609.3,545,https://www.keiba.go.jp/KeibaWeb/TodayRaceInfo/Odds3LenFuku?k_babaCode=20&k_raceDate=2026%2F10%2F07&k_raceNo=11
2026-10-07 19:50:00,19:49,2026-10-07,oi,11,15,三連複,2-14-16,143022.3,143022.3,550,https://www.keiba.go.jp/KeibaWeb/TodayRaceInfo/Odds3LenFuku?k_babaCode=20&k_raceDate=2026%2F10%2F07&k_raceNo=11
2026-10-07 19:50:00,19:49,2026-10-07,oi,11,15,三連複,4-14-16,143022.3,143022.3,550,https://www.keiba.go.jp/KeibaWeb/TodayRaceInfo/Odds3LenFuku?k_babaCode=20&k_raceDate=2026%2F10%2F07&k_raceNo=11
2026-10-07 19:50:00,19:49,2026-10-07,oi,11,15,三連複,9-12-16,143022.3,143022.3,550,https://www.keiba.go.jp/KeibaWeb/TodayRaceInfo/Odds3LenFuku?k_babaCode=20&k_raceDate=2026%2F10%2F07&k_raceNo=11
2026-10-07 19:50:00,19:49,2026-10-07,oi,11,15,三連複,9-14-16,143022.3,143022.3,550,https://www.keiba.go.jp/KeibaWeb/TodayRaceInfo/Odds3LenFuku?k_babaCode=20&k_raceDate=2026%2F10%2F07&k_raceNo=11
2026-10-07 19:50:00,19:49,2026-10-07,oi,11,15,三連複,4-9-14,152557.2,152557.2,554,https://www.keiba.go.jp/KeibaWeb/TodayRaceInfo/Odds3LenFuku?k_babaCode=20&k_raceDate=2026%2F10%2F07&k_raceNo=11
2026-10-07 19:50:00,19:49,2026-10-07,oi,11,15,三連複,8-14-16,152557.2,152557.2,554,https://www.keiba.go.jp/KeibaWeb/TodayRaceInfo/Odds3LenFuku?k_babaCode=20&k_raceDate=2026%2F10%2F07&k_raceNo=11
2026-10-07 19:50:00,19:49,2026-10-07,oi,11,15,三連複,9-12-14,152557.2,152557.2,554,https://www.keiba.go.jp/KeibaWeb/TodayRaceInfo/Odds3LenFuku?k_babaCode=20&k_raceDate=2026%2F10%2F07&k_raceNo=11
2026-10-07 19:50:00,19:49,2026-10-07,oi,11,15,三連複,2-5-14,163454.1,163454.1,557,https://www.keiba.go.jp/KeibaWeb/TodayRaceInfo/Odds3LenFuku?k_babaCode=20&k_raceDate=2026%2F10%2F07&k_raceNo=11
2026-10-07 19:50:00,19:49,2026-10-07,oi,11,15,三連複,2-9-14,176027.5,176027.5,558,https://www.keiba.go.jp/KeibaWeb/TodayRaceInfo/Odds3LenFuku?k_babaCode=20&k_raceDate=2026%2F10%2F07&k_raceNo=11
2026-10-07 19:50:00,19:49,2026-10-07,oi,11,15,三連複,4-5-14,176027.5,176027.5,558,https://www.keiba.go.jp/KeibaWeb/TodayRaceInfo/Odds3LenFuku?k_babaCode=20&k_raceDate=2026%2F10%2F07&k_raceNo=11
2026-10-07 19:50:00,19:49,2026-10-07,oi,11,15,三連複,7-14-16,190696.5,190696.5,560,https://www.keiba.go.jp/KeibaWeb/TodayRaceInfo/Odds3LenFuku?k_babaCode=20&k_raceDate=2026%2F10%2F07&k_raceNo=11
