captured_at,source_time,race_date,track,race_no,minutes_before,bet_type,combination,odds_low,odds_high,popularity,source_url
2026-10-07 20:40:00,20:39,2026-10-07,oi,12,10,単勝,1,80.7,80.7,9,https://www.keiba.go.jp/KeibaWeb/TodayRaceInfo/OddsTanFuku?k_babaCode=20&k_raceDate=2026%2F10%2F07&k_raceNo=12
2026-10-07 20:40:00,20:39,2026-10-07,oi,12,10,単勝,2,18.4,18.4,6,https://www.keiba.go.jp/KeibaWeb/TodayRaceInfo/OddsTanFuku?k_babaCode=20&k_raceDate=2026%2F10%2F07&k_raceNo=12
2026-10-07 20:40:00,20:39,2026-10-07,oi,12,10,単勝,3,20.0,20.0,8,https://www.keiba.go.jp/KeibaWeb/TodayRaceInfo/OddsTanFuku?k_babaCode=20&k_raceDate=2026%2F10%2F07&k_raceNo=12
2026-10-07 20:40:00,20:39,2026-10-07,oi,12,10,単勝,4,89.1,89.1,11,https://www.keiba.go.jp/KeibaWeb/TodayRaceInfo/OddsTanFuku?k_babaCode=20&k_raceDate=2026%2F10%2F07&k_raceNo=12
2026-10-07 20:40:00,20:39,2026-10-07,oi,12,10,単勝,5,12.1,12.1,5,https://www.keiba.go.jp/KeibaWeb/TodayRaceInfo/OddsTanFuku?k_babaCode=20&k_raceDate=2026%2F10%2F07&k_raceNo=12
2026-10-07 20:40:00,20:39,2026-10-07,oi,12,10,単勝,6,82.2,82.2,10,https://www.keiba.go.jp/KeibaWeb/TodayRaceInfo/OddsTanFuku?k_babaCode=20&k_raceDate=2026%2F10%2F07&k_raceNo=12
2026-10-07 20:40:00,20:39,2026-10-07,oi,12,10,単勝,7,6.8,6.8,4,https://www.keiba.go.jp/KeibaWeb/TodayRaceInfo/OddsTanFuku?k_babaCode=20&k_raceDate=2026%2F10%2F07&k_raceNo=12
2026-10-07 20:40:00,20:39,2026-10-07,oi,12,10,単勝,8,152.4,152.4,12,https://www.keiba.go.jp/KeibaWeb/TodayRaceInfo/OddsTanFuku?k_babaCode=20&k_raceDate=2026%2F10%2F07&k_raceNo=12
2026-10-07 20:40:00,20:39,2026-10-07,oi,12,10,単勝,9,19.8,19.8,7,https://www.keiba.go.jp/KeibaWeb/TodayRaceInfo/OddsTanFuku?k_babaCode=20&k_raceDate=2026%2F10%2F07&k_raceNo=12
2026-10-07 20:40:00,20:39,2026-10-07,oi,12,10,単勝,10,5.4,5.4,3,https://www.keiba.go.jp/KeibaWeb/TodayRaceInfo/OddsTanFuku?k_babaCode=20&k_raceDate=2026%2F10%2F07&k_raceNo=12
2026-10-07 20:40:00,20:39,2026-10-07,oi,12,10,単勝,11,303.8,303.8,14,https://www.keiba.go.jp/KeibaWeb/TodayRaceInfo/OddsTanFuku?k_babaCode=20&k_raceDate=2026%2F10%2F07&k_raceNo=12
2026-10-07 20:40:00,20:39,2026-10-07,oi,12,10,単勝,12,190.2,190.2,13,https://www.keiba.go.jp/KeibaWeb/TodayRaceInfo/OddsTanFuku?k_babaCode=20&k_raceDate=2026%2F10%2F07&k_raceNo=12
2026-10-07 20:40:00,20:39,2026-10-07,oi,12,10,単勝,13,2.7,2.7,1,https://www.keiba.go.jp/KeibaWeb/TodayRaceInfo/OddsTanFuku?k_babaCode=20&k_raceDate=2026%2F10%2F07&k_raceNo=12
2026-10-07 20:40:00,20:39,2026-10-07,oi,12,10,単勝,14,3.7,3.7,2,https://www.keiba.go.jp/KeibaWeb/TodayRaceInfo/OddsTanFuku?k_babaCode=20&k_raceDate=2026%2F10%2F07&k_raceNo=12
2026-10-07 20:40:00,20:39,2026-10-07,oi,12,10,馬連,13-14,5.2,5.2,1,https://www.keiba.go.jp/KeibaWeb/TodayRaceInfo/OddsUmLenFuku?k_babaCode=20&k_raceDate=2026%2F10%2F07&k_raceNo=12
2026-10-07 20:40:00,20:39,2026-10-07,oi,12,10,馬連,10-13,7.3,7.3,2,https://www.keiba.go.jp/KeibaWeb/TodayRaceInfo/OddsUmLenFuku?k_babaCode=20&k_raceDate=2026%2F10%2F07&k_raceNo=12
2026-10-07 20:40:00,20:39,2026-10-07,oi,12,10,馬連,7-13,7.6,7.6,3,https://www.keiba.go.jp/KeibaWeb/TodayRaceInfo/OddsUmLenFuku?k_babaCode=20&k_raceDate=2026%2F10%2F07&k_raceNo=12
2026-10-07 20:40:00,20:39,2026-10-07,oi,12,10,馬連,10-14,8.4,8.4,4,https://www.keiba.go.jp/KeibaWeb/TodayRaceInfo/OddsUmLenFuku?k_babaCode=20&k_raceDate=2026%2F10%2F07&k_raceNo=12
2026-10-07 20:40:00,20:39,2026-10-07,oi,12,10,馬連,7-10,11.1,11.1,5,https://www.keiba.go.jp/KeibaWeb/TodayRaceInfo/OddsUmLenFuku?k_babaCode=20&k_raceDate=2026%2F10%2F07&k_raceNo=12
2026-10-07 20:40:00,20:39,2026-10-07,oi,12,10,馬連,7-14,11.4,11.4,6,https://www.keiba.go.jp/KeibaWeb/TodayRaceInfo/OddsUmLenFuku?k_babaCode=20&k_raceDate=2026%2F10%2F07&k_raceNo=12
2026-10-07 20:40:00,20:39,2026-10-07,oi,12,10,馬連,5-13,22.5,22.5,7,https://www.keiba.go.jp/KeibaWeb/TodayRaceInfo/OddsUmLenFuku?k_babaCode=20&k_raceDate=2026%2F10%2F07&k_raceNo=12
2026-10-07 20:40:00,20:39,2026-10-07,oi,12,10,馬連,5-10,29.0,29.0,8,https://www.keiba.go.jp/KeibaWeb/TodayRaceInfo/OddsUmLenFuku?k_babaCode=20&k_raceDate=2026%2F10%2F07&k_raceNo=12
2026-10-07 20:40:00,20:39,2026-10-07,oi,12,10,馬連,5-14,30.1,30.1,9,https://www.keiba.go.jp/KeibaWeb/TodayRaceInfo/OddsUmLenFuku?k_babaCode=20&k_raceDate=2026%2F10%2F07&k_raceNo=12
2026-10-07 20:40:00,20:39,2026-10-07,oi,12,10,馬連,3-14,35.4,35.4,10,https://www.keiba.go.jp/KeibaWeb/TodayRaceInfo/OddsUmLenFuku?k_babaCode=20&k_raceDate=2026%2F10%2F07&k_raceNo=12
2026-10-07 20:40:00,20:39,2026-10-07,oi,12,10,馬連,3-13,35.8,35.8,11,https://www.keiba.go.jp/KeibaWeb/TodayRaceInfo/OddsUmLenFuku?k_babaCode=20&k_raceDate=2026%2F10%2F07&k_raceNo=12
2026-10-07 20:40:00,20:39,2026-10-07,oi,12,10,馬連,2-13,37.4,37.4,12,https://www.keiba.go.jp/KeibaWeb/TodayRaceInfo/OddsUmLenFuku?k_babaCode=20&k_raceDate=2026%2F10%2F07&k_raceNo=12
2026-10-07 20:40:00,20:39,2026-10-07,oi,12,10,馬連,5-7,38.3,38.3,13,https://www.keiba.go.jp/KeibaWeb/TodayRaceInfo/OddsUmLenFuku?k_babaCode=20&k_raceDate=2026%2F10%2F07&k_raceNo=12
2026-10-07 20:40:00,20:39,2026-10-07,oi,12,10,馬連,3-10,40.3,40.3,14,https://www.keiba.go.jp/KeibaWeb/TodayRaceInfo/OddsUmLenFuku?k_babaCode=20&k_raceDate=2026%2F10%2F07&k_raceNo=12
2026-10-07 20:40:00,20:39,2026-10-07,oi,12,10,馬連,3-7,41.5,41.5,15,https://www.keiba.go.jp/KeibaWeb/TodayRaceInfo/OddsUmLenFuku?k_babaCode=20&k_raceDate=2026%2F10%2F07&k_raceNo=12
2026-10-07 20:40:00,20:39,2026-10-07,oi,12,10,馬連,9-13,42.9,42.9,16,https://www.keiba.go.jp/KeibaWeb/TodayRaceInfo/OddsUmLenFuku?k_babaCode=20&k_raceDate=2026%2F10%2F07&k_raceNo=12
2026-10-07 20:40:00,20:39,2026-10-07,oi,12,10,馬連,9-14,45.0,45.0,17,https://www.keiba.go.jp/KeibaWeb/TodayRaceInfo/OddsUmLenFuku?k_babaCode=20&k_raceDate=2026%2F10%2F07&k_raceNo=12
2026-10-07 20:40:00,20:39,2026-10-07,oi,12,10,馬連,2-14,47.2,47.2,18,https://www.keiba.go.jp/KeibaWeb/TodayRaceInfo/OddsUmLenFuku?k_babaCode=20&k_raceDate=2026%2F10%2F07&k_raceNo=12
2026-10-07 20:40:00,20:39,2026-10-07,oi,12,10,馬連,7-9,47.8,47.8,19,https://www.keiba.go.jp/KeibaWeb/TodayRaceInfo/OddsUmLenFuku?k_babaCode=20&k_raceDate=2026%2F10%2F07&k_raceNo=12
2026-10-07 20:40:00,20:39,2026-10-07,oi,12,10,馬連,2-10,47.8,47.8,20,https://www.keiba.go.jp/KeibaWeb/TodayRaceInfo/OddsUmLenFuku?k_babaCode=20&k_raceDate=2026%2F10%2F07&k_raceNo=12
2026-10-07 20:40:00,20:39,2026-10-07,oi,12,10,馬連,2-7,55.4,55.4,21,https://www.keiba.go.jp/KeibaWeb/TodayRaceInfo/OddsUmLenFuku?k_babaCode=20&k_raceDate=2026%2F10%2F07&k_raceNo=12
2026-10-07 20:40:00,20:39,2026-10-07,oi,12,10,馬連,9-10,70.2,70.2,22,https://www.keiba.go.jp/KeibaWeb/TodayRaceInfo/OddsUmLenFuku?k_babaCode=20&k_raceDate=2026%2F10%2F07&k_raceNo=12
2026-10-07 20:40:00,20:39,2026-10-07,oi,12,10,馬連,3-5,76.9,76.9,23,https://www.keiba.go.jp/KeibaWeb/TodayRaceInfo/OddsUmLenFuku?k_babaCode=20&k_raceDate=2026%2F10%2F07&k_raceNo=12
2026-10-07 20:40:00,20:39,2026-10-07,oi,12,10,馬連,2-5,83.8,83.8,24,https://www.keiba.go.jp/KeibaWeb/TodayRaceInfo/OddsUmLenFuku?k_babaCode=20&k_raceDate=2026%2F10%2F07&k_raceNo=12
2026-10-07 20:40:00,20:39,2026-10-07,oi,12,10,馬連,5-9,87.2,87.2,25,https://www.keiba.go.jp/KeibaWeb/TodayRaceInfo/OddsUmLenFuku?k_babaCode=20&k_raceDate=2026%2F10%2F07&k_raceNo=12
2026-10-07 20:40:00,20:39,2026-10-07,oi,12,10,馬連,3-9,90.0,90.0,26,https://www.keiba.go.jp/KeibaWeb/TodayRaceInfo/OddsUmLenFuku?k_babaCode=20&k_raceDate=2026%2F10%2F07&k_raceNo=12
2026-10-07 20:40:00,20:39,2026-10-07,oi,12,10,馬連,1-14,164.8,164.8,27,https://www.keiba.go.jp/KeibaWeb/TodayRaceInfo/OddsUmLenFuku?k_babaCode=20&k_raceDate=2026%2F10%2F07&k_raceNo=12
2026-10-07 20:40:00,20:39,2026-10-07,oi,12,10,馬連,2-3,166.0,166.0,28,https://www.keiba.go.jp/KeibaWeb/TodayRaceInfo/OddsUmLenFuku?k_babaCode=20&k_raceDate=2026%2F10%2F07&k_raceNo=12
2026-10-07 20:40:00,20:39,2026-10-07,oi,12,10,馬連,6-13,172.1,172.1,29,https://www.keiba.go.jp/KeibaWeb/TodayRaceInfo/OddsUmLenFuku?k_babaCode=20&k_raceDate=2026%2F10%2F07&k_raceNo=12
2026-10-07 20:40:00,20:39,2026-10-07,oi,12,10,馬連,1-13,180.4,180.4,30,https://www.keiba.go.jp/KeibaWeb/TodayRaceInfo/OddsUmLenFuku?k_babaCode=20&k_raceDate=2026%2F10%2F07&k_raceNo=12
2026-10-07 20:40:00,20:39,2026-10-07,oi,12,10,馬連,6-14,195.7,195.7,31,https://www.keiba.go.jp/KeibaWeb/TodayRaceInfo/OddsUmLenFuku?k_babaCode=20&k_raceDate=2026%2F10%2F07&k_raceNo=12
2026-10-07 20:40:00,20:39,2026-10-07,oi,12,10,馬連,2-9,205.7,205.7,32,https://www.keiba.go.jp/KeibaWeb/TodayRaceInfo/OddsUmLenFuku?k_babaCode=20&k_raceDate=2026%2F10%2F07&k_raceNo=12
2026-10-07 20:40:00,20:39,2026-10-07,oi,12,10,馬連,1-10,240.9,240.9,33,https://www.keiba.go.jp/KeibaWeb/TodayRaceInfo/OddsUmLenFuku?k_babaCode=20&k_raceDate=2026%2F10%2F07&k_raceNo=12
2026-10-07 20:40:00,20:39,2026-10-07,oi,12,10,馬連,4-13,252.6,252.6,34,https://www.keiba.go.jp/KeibaWeb/TodayRaceInfo/OddsUmLenFuku?k_babaCode=20&k_raceDate=2026%2F10%2F07&k_raceNo=12
2026-10-07 20:40:00,20:39,2026-10-07,oi,12,10,馬連,1-7,260.8,260.8,35,https://www.keiba.go.jp/KeibaWeb/TodayRaceInfo/OddsUmLenFuku?k_babaCode=20&k_raceDate=2026%2F10%2F07&k_raceNo=12
2026-10-07 20:40:00,20:39,2026-10-07,oi,12,10,馬連,4-7,266.5,266.5,36,https://www.keiba.go.jp/KeibaWeb/TodayRaceInfo/OddsUmLenFuku?k_babaCode=20&k_raceDate=2026%2F10%2F07&k_raceNo=12
2026-10-07 20:40:00,20:39,2026-10-07,oi,12,10,馬連,1-5,299.8,299.8,37,https://www.keiba.go.jp/KeibaWeb/TodayRaceInfo/OddsUmLenFuku?k_babaCode=20&k_raceDate=2026%2F10%2F07&k_raceNo=12
2026-10-07 20:40:00,20:39,2026-10-07,oi,12,10,馬連,8-13,299.8,299.8,37,https://www.keiba.go.jp/KeibaWeb/TodayRaceInfo/OddsUmLenFuku?k_babaCode=20&k_raceDate=2026%2F10%2F07&k_raceNo=12
2026-10-07 20:40:00,20:39,2026-10-07,oi,12,10,馬連,6-10,321.6,321.6,39,https://www.keiba.go.jp/KeibaWeb/TodayRaceInfo/OddsUmLenFuku?k_babaCode=20&k_raceDate=2026%2F10%2F07&k_raceNo=12
2026-10-07 20:40:00,20:39,2026-10-07,oi,12,10,馬連,4-10,323.6,323.6,40,https://www.keiba.go.jp/KeibaWeb/TodayRaceInfo/OddsUmLenFuku?k_babaCode=20&k_raceDate=2026%2F10%2F07&k_raceNo=12
2026-10-07 20:40:00,20:39,2026-10-07,oi,12,10,馬連,4-14,338.8,338.8,41,https://www.keiba.go.jp/KeibaWeb/TodayRaceInfo/OddsUmLenFuku?k_babaCode=20&k_raceDate=2026%2F10%2F07&k_raceNo=12
2026-10-07 20:40:00,20:39,2026-10-07,oi,12,10,馬連,6-7,340.0,340.0,42,https://www.keiba.go.jp/KeibaWeb/TodayRaceInfo/OddsUmLenFuku?k_babaCode=20&k_raceDate=2026%2F10%2F07&k_raceNo=12
2026-10-07 20:40:00,20:39,2026-10-07,oi,12,10,馬連,5-6,372.1,372.1,43,https://www.keiba.go.jp/KeibaWeb/TodayRaceInfo/OddsUmLenFuku?k_babaCode=20&k_raceDate=2026%2F10%2F07&k_raceNo=12
2026-10-07 20:40:00,20:39,2026-10-07,oi,12,10,馬連,12-13,397.7,397.7,44,https://www.keiba.go.jp/KeibaWeb/TodayRaceInfo/OddsUmLenFuku?k_babaCode=20&k_raceDate=2026%2F10%2F07&k_raceNo=12
2026-10-07 20:40:00,20:39,2026-10-07,oi,12,10,馬連,7-8,406.2,406.2,45,https://www.keiba.go.jp/KeibaWeb/TodayRaceInfo/OddsUmLenFuku?k_babaCode=20&k_raceDate=2026%2F10%2F07&k_raceNo=12
2026-10-07 20:40:00,20:39,2026-10-07,oi,12,10,馬連,3-4,489.2,489.2,46,https://www.keiba.go.jp/KeibaWeb/TodayRaceInfo/OddsUmLenFuku?k_babaCode=20&k_raceDate=2026%2F10%2F07&k_raceNo=12
2026-10-07 20:40:00,20:39,2026-10-07,oi,12,10,馬連,2-4,498.6,498.6,47,https://www.keiba.go.jp/KeibaWeb/TodayRaceInfo/OddsUmLenFuku?k_babaCode=20&k_raceDate=2026%2F10%2F07&k_raceNo=12
2026-10-07 20:40:00,20:39,2026-10-07,oi,12,10,馬連,3-6,519.7,519.7,48,https://www.keiba.go.jp/KeibaWeb/TodayRaceInfo/OddsUmLenFuku?k_babaCode=20&k_raceDate=2026%2F10%2F07&k_raceNo=12
2026-10-07 20:40:00,20:39,2026-10-07,oi,12,10,馬連,6-9,523.6,523.6,49,https://www.keiba.go.jp/KeibaWeb/TodayRaceInfo/OddsUmLenFuku?k_babaCode=20&k_raceDate=2026%2F10%2F07&k_raceNo=12
2026-10-07 20:40:00,20:39,2026-10-07,oi,12,10,馬連,1-2,530.3,530.3,50,https://www.keiba.go.jp/KeibaWeb/TodayRaceInfo/OddsUmLenFuku?k_babaCode=20&k_raceDate=2026%2F10%2F07&k_raceNo=12
2026-10-07 20:40:00,20:39,2026-10-07,oi,12,10,馬連,1-3,533.0,533.0,51,https://www.keiba.go.jp/KeibaWeb/TodayRaceInfo/OddsUmLenFuku?k_babaCode=20&k_raceDate=2026%2F10%2F07&k_raceNo=12
2026-10-07 20:40:00,20:39,2026-10-07,oi,12,10,馬連,8-14,534.4,534.4,52,https://www.keiba.go.jp/KeibaWeb/TodayRaceInfo/OddsUmLenFuku?k_babaCode=20&k_raceDate=2026%2F10%2F07&k_raceNo=12
2026-10-07 20:40:00,20:39,2026-10-07,oi,12,10,馬連,4-5,538.5,538.5,53,https://www.keiba.go.jp/KeibaWeb/TodayRaceInfo/OddsUmLenFuku?k_babaCode=20&k_raceDate=2026%2F10%2F07&k_raceNo=12
2026-10-07 20:40:00,20:39,2026-10-07,oi,12,10,馬連,8-10,587.1,587.1,54,https://www.keiba.go.jp/KeibaWeb/TodayRaceInfo/OddsUmLenFuku?k_babaCode=20&k_raceDate=2026%2F10%2F07&k_raceNo=12
2026-10-07 20:40:00,20:39,2026-10-07,oi,12,10,馬連,11-13,627.7,627.7,55,https://www.keiba.go.jp/KeibaWeb/TodayRaceInfo/OddsUmLenFuku?k_babaCode=20&k_raceDate=2026%2F10%2F07&k_raceNo=12
2026-10-07 20:40:00,20:39,2026-10-07,oi,12,10,馬連,2-6,639.3,639.3,56,https://www.keiba.go.jp/KeibaWeb/TodayRaceInfo/OddsUmLenFuku?k_babaCode=20&k_raceDate=2026%2F10%2F07&k_raceNo=12
2026-10-07 20:40:00,20:39,2026-10-07,oi,12,10,馬連,12-14,641.3,641.3,57,https://www.keiba.go.jp/KeibaWeb/TodayRaceInfo/OddsUmLenFuku?k_babaCode=20&k_raceDate=2026%2F10%2F07&k_raceNo=12
2026-10-07 20:40:00,20:39,2026-10-07,oi,12,10,馬連,4-9,661.6,661.6,58,https://www.keiba.go.jp/KeibaWeb/TodayRaceInfo/OddsUmLenFuku?k_babaCode=20&k_raceDate=2026%2F10%2F07&k_raceNo=12
2026-10-07 20:40:00,20:39,2026-10-07,oi,12,10,馬連,1-9,706.5,706.5,59,https://www.keiba.go.jp/KeibaWeb/TodayRaceInfo/OddsUmLenFuku?k_babaCode=20&k_raceDate=2026%2F10%2F07&k_raceNo=12
2026-10-07 20:40:00,20:39,2026-10-07,oi,12,10,馬連,7-12,726.2,726.2,60,https://www.keiba.go.jp/KeibaWeb/TodayRaceInfo/OddsUmLenFuku?k_babaCode=20&k_raceDate=2026%2F10%2F07&k_raceNo=12
2026-10-07 20:40:00,20:39,2026-10-07,oi,12,10,馬連,2-8,741.7,741.7,61,https://www.keiba.go.jp/KeibaWeb/TodayRaceInfo/OddsUmLenFuku?k_babaCode=20&k_raceDate=2026%2F10%2F07&k_raceNo=12
2026-10-07 20:40:00,20:39,2026-10-07,oi,12,10,馬連,3-8,749.7,749.7,62,https://www.keiba.go.jp/KeibaWeb/TodayRaceInfo/OddsUmLenFuku?k_babaCode=20&k_raceDate=2026%2F10%2F07&k_raceNo=12
2026-10-07 20:40:00,20:39,2026-10-07,oi,12,10,馬連,10-12,749.7,749.7,62,https://www.keiba.go.jp/KeibaWeb/TodayRaceInfo/OddsUmLenFuku?k_babaCode=20&k_raceDate=2026%2F10%2F07&k_raceNo=12
2026-10-07 20:40:00,20:39,2026-10-07,oi,12,10,馬連,8-9,757.9,757.9,64,https://www.keiba.go.jp/KeibaWeb/TodayRaceInfo/OddsUmLenFuku?k_babaCode=20&k_raceDate=2026%2F10%2F07&k_raceNo=12
2026-10-07 20:40:00,20:39,2026-10-07,oi,12,10,馬連,7-11,760.6,760.6,65,https://www.keiba.go.jp/KeibaWeb/TodayRaceInfo/OddsUmLenFuku?k_babaCode=20&k_raceDate=2026%2F10%2F07&k_raceNo=12
2026-10-07 20:40:00,20:39,2026-10-07,oi,12,10,馬連,5-8,766.2,766.2,66,https://www.keiba.go.jp/KeibaWeb/TodayRaceInfo/OddsUmLenFuku?k_babaCode=20&k_raceDate=2026%2F10%2F07&k_raceNo=12
2026-10-07 20:40:00,20:39,2026-10-07,oi,12,10,馬連,1-6,1031.7,1031.7,67,https://www.keiba.go.jp/KeibaWeb/TodayRaceInfo/OddsUmLenFuku?k_babaCode=20&k_raceDate=2026%2F10%2F07&k_raceNo=12
2026-10-07 20:40:00,20:39,2026-10-07,oi,12,10,馬連,1-4,1036.9,1036.9,68,https://www.keiba.go.jp/KeibaWeb/TodayRaceInfo/OddsUmLenFuku?k_babaCode=20&k_raceDate=2026%2F10%2F07&k_raceNo=12
2026-10-07 20:40:00,20:39,2026-10-07,oi,12,10,馬連,4-8,1170.9,1170.9,69,https://www.keiba.go.jp/KeibaWeb/TodayRaceInfo/OddsUmLenFuku?k_babaCode=20&k_raceDate=2026%2F10%2F07&k_raceNo=12
2026-10-07 20:40:00,20:39,2026-10-07,oi,12,10,馬連,3-12,1184.2,1184.2,70,https://www.keiba.go.jp/KeibaWeb/TodayRaceInfo/OddsUmLenFuku?k_babaCode=20&k_raceDate=2026%2F10%2F07&k_raceNo=12
2026-10-07 20:40:00,20:39,2026-10-07,oi,12,10,馬連,4-6,1184.2,1184.2,70,https://www.keiba.go.jp/KeibaWeb/TodayRaceInfo/OddsUmLenFuku?k_babaCode=20&k_raceDate=2026%2F10%2F07&k_raceNo=12
2026-10-07 20:40:00,20:39,2026-10-07,oi,12,10,馬連,11-14,1204.7,1204.7,72,https://www.keiba.go.jp/KeibaWeb/TodayRaceInfo/OddsUmLenFuku?k_babaCode=20&k_raceDate=2026%2F10%2F07&k_raceNo=12
2026-10-07 20:40:00,20:39,2026-10-07,oi,12,10,馬連,5-12,1218.8,1218.8,73,https://www.keiba.go.jp/KeibaWeb/TodayRaceInfo/OddsUmLenFuku?k_babaCode=20&k_raceDate=2026%2F10%2F07&k_raceNo=12
2026-10-07 20:40:00,20:39,2026-10-07,oi,12,10,馬連,2-12,1248.0,1248.0,74,https://www.keiba.go.jp/KeibaWeb/TodayRaceInfo/OddsUmLenFuku?k_babaCode=20&k_raceDate=2026%2F10%2F07&k_raceNo=12
2026-10-07 20:40:00,20:39,2026-10-07,oi,12,10,馬連,1-8,1286.5,1286.5,75,https://www.keiba.go.jp/KeibaWeb/TodayRaceInfo/OddsUmLenFuku?k_babaCode=20&k_raceDate=2026%2F10%2F07&k_raceNo=12
2026-10-07 20:40:00,20:39,2026-10-07,oi,12,10,馬連,9-12,1286.5,1286.5,75,https://www.keiba.go.jp/KeibaWeb/TodayRaceInfo/OddsUmLenFuku?k_babaCode=20&k_raceDate=2026%2F10%2F07&k_raceNo=12
2026-10-07 20:40:00,20:39,2026-10-07,oi,12,10,馬連,10-11,1467.7,1467.7,77,https://www.keiba.go.jp/KeibaWeb/TodayRaceInfo/OddsUmLenFuku?k_babaCode=20&k_raceDate=2026%2F10%2F07&k_raceNo=12
2026-10-07 20:40:00,20:39,2026-10-07,oi,12,10,馬連,6-8,1578.9,1578.9,78,https://www.keiba.go.jp/KeibaWeb/TodayRaceInfo/OddsUmLenFuku?k_babaCode=20&k_raceDate=2026%2F10%2F07&k_raceNo=12
2026-10-07 20:40:00,20:39,2026-10-07,oi,12,10,馬連,5-11,1667.3,1667.3,79,https://www.keiba.go.jp/KeibaWeb/TodayRaceInfo/OddsUmLenFuku?k_babaCode=20&k_raceDate=2026%2F10%2F07&k_raceNo=12
2026-10-07 20:40:00,20:39,2026-10-07,oi,12,10,馬連,3-11,1781.3,1781.3,80,https://www.keiba.go.jp/KeibaWeb/TodayRaceInfo/OddsUmLenFuku?k_babaCode=20&k_raceDate=2026%2F10%2F07&k_raceNo=12
2026-10-07 20:40:00,20:39,2026-10-07,oi,12,10,馬連,1-12,1844.4,1844.4,81,https://www.keiba.go.jp/KeibaWeb/TodayRaceInfo/OddsUmLenFuku?k_babaCode=20&k_raceDate=2026%2F10%2F07&k_raceNo=12
2026-10-07 20:40:00,20:39,2026-10-07,oi,12,10,馬連,9-11,1877.6,1877.6,82,https://www.keiba.go.jp/KeibaWeb/TodayRaceInfo/OddsUmLenFuku?k_babaCode=20&k_raceDate=2026%2F10%2F07&k_raceNo=12
2026-10-07 20:40:00,20:39,2026-10-07,oi,12,10,馬連,2-11,2063.5,2063.5,83,https://www.keiba.go.jp/KeibaWeb/TodayRaceInfo/OddsUmLenFuku?k_babaCode=20&k_raceDate=2026%2F10%2F07&k_raceNo=12
2026-10-07 20:40:00,20:39,2026-10-07,oi,12,10,馬連,6-12,2171.0,2171.0,84,https://www.keiba.go.jp/KeibaWeb/TodayRaceInfo/OddsUmLenFuku?k_babaCode=20&k_raceDate=2026%2F10%2F07&k_raceNo=12
2026-10-07 20:40:00,20:39,2026-10-07,oi,12,10,馬連,11-12,2977.4,2977.4,85,https://www.keiba.go.jp/KeibaWeb/TodayRaceInfo/OddsUmLenFuku?k_babaCode=20&k_raceDate=2026%2F10%2F07&k_raceNo=12
2026-10-07 20:40:00,20:39,2026-10-07,oi,12,10,馬連,4-11,3110.7,3110.7,86,https://www.keiba.go.jp/KeibaWeb/TodayRaceInfo/OddsUmLenFuku?k_babaCode=20&k_raceDate=2026%2F10%2F07&k_raceNo=12
2026-10-07 20:40:00,20:39,2026-10-07,oi,12,10,馬連,4-12,3256.6,3256.6,87,https://www.keiba.go.jp/KeibaWeb/TodayRaceInfo/OddsUmLenFuku?k_babaCode=20&k_raceDate=2026%2F10%2F07&k_raceNo=12
2026-10-07 20:40:00,20:39,2026-10-07,oi,12,10,馬連,1-11,3473.7,3473.7,88,https://www.keiba.go.jp/KeibaWeb/TodayRaceInfo/OddsUmLenFuku?k_babaCode=20&k_raceDate=2026%2F10%2F07&k_raceNo=12
2026-10-07 20:40:00,20:39,2026-10-07,oi,12,10,馬連,6-11,4008.1,4008.1,89,https://www.keiba.go.jp/KeibaWeb/TodayRaceInfo/OddsUmLenFuku?k_babaCode=20&k_raceDate=2026%2F10%2F07&k_raceNo=12
2026-10-07 20:40:00,20:39,2026-10-07,oi,12,10,馬連,8-12,4008.1,4008.1,89,https://www.keiba.go.jp/KeibaWeb/TodayRaceInfo/OddsUmLenFuku?k_babaCode=20&k_raceDate=2026%2F10%2F07&k_raceNo=12
2026-10-07 20:40:00,20:39,2026-10-07,oi,12,10,馬連,8-11,5210.5,5210.5,91,https://www.keiba.go.jp/KeibaWeb/TodayRaceInfo/OddsUmLenFuku?k_babaCode=20&k_raceDate=2026%2F10%2F07&k_raceNo=12
2026-10-07 20:40:00,20:39,2026-10-07,oi,12,10,ワイド,13-14,2.5,2.9,1,https://www.keiba.go.jp/KeibaWeb/TodayRaceInfo/OddsWide?k_babaCode=20&k_raceDate=2026%2F10%2F07&k_raceNo=12
2026-10-07 20:40:00,20:39,2026-10-07,oi,12,10,ワイド,7-13,2.9,3.3,2,https://www.keiba.go.jp/KeibaWeb/TodayRaceInfo/OddsWide?k_babaCode=20&k_raceDate=2026%2F10%2F07&k_raceNo=12
2026-10-07 20:40:00,20:39,2026-10-07,oi,12,10,ワイド,10-14,3.2,3.8,3,https://www.keiba.go.jp/KeibaWeb/TodayRaceInfo/OddsWide?k_babaCode=20&k_raceDate=2026%2F10%2F07&k_raceNo=12
2026-10-07 20:40:00,20:39,2026-10-07,oi,12,10,ワイド,10-13,3.3,3.9,4,https://www.keiba.go.jp/KeibaWeb/TodayRaceInfo/OddsWide?k_babaCode=20&k_raceDate=2026%2F10%2F07&k_raceNo=12
2026-10-07 20:40:00,20:39,2026-10-07,oi,12,10,ワイド,7-10,3.7,4.3,5,https://www.keiba.go.jp/KeibaWeb/TodayRaceInfo/OddsWide?k_babaCode=20&k_raceDate=2026%2F10%2F07&k_raceNo=12
2026-10-07 20:40:00,20:39,2026-10-07,oi,12,10,ワイド,7-14,3.8,4.5,6,https://www.keiba.go.jp/KeibaWeb/TodayRaceInfo/OddsWide?k_babaCode=20&k_raceDate=2026%2F10%2F07&k_raceNo=12
2026-10-07 20:40:00,20:39,2026-10-07,oi,12,10,ワイド,5-13,7.3,8.2,7,https://www.keiba.go.jp/KeibaWeb/TodayRaceInfo/OddsWide?k_babaCode=20&k_raceDate=2026%2F10%2F07&k_raceNo=12
2026-10-07 20:40:00,20:39,2026-10-07,oi,12,10,ワイド,5-10,8.8,9.7,8,https://www.keiba.go.jp/KeibaWeb/TodayRaceInfo/OddsWide?k_babaCode=20&k_raceDate=2026%2F10%2F07&k_raceNo=12
2026-10-07 20:40:00,20:39,2026-10-07,oi,12,10,ワイド,3-7,9.2,10.2,9,https://www.keiba.go.jp/KeibaWeb/TodayRaceInfo/OddsWide?k_babaCode=20&k_raceDate=2026%2F10%2F07&k_raceNo=12
2026-10-07 20:40:00,20:39,2026-10-07,oi,12,10,ワイド,3-10,9.3,10.2,10,https://www.keiba.go.jp/KeibaWeb/TodayRaceInfo/OddsWide?k_babaCode=20&k_raceDate=2026%2F10%2F07&k_raceNo=12
2026-10-07 20:40:00,20:39,2026-10-07,oi,12,10,ワイド,5-7,9.4,10.6,11,https://www.keiba.go.jp/KeibaWeb/TodayRaceInfo/OddsWide?k_babaCode=20&k_raceDate=2026%2F10%2F07&k_raceNo=12
2026-10-07 20:40:00,20:39,2026-10-07,oi,12,10,ワイド,5-14,9.9,11.3,12,https://www.keiba.go.jp/KeibaWeb/TodayRaceInfo/OddsWide?k_babaCode=20&k_raceDate=2026%2F10%2F07&k_raceNo=12
2026-10-07 20:40:00,20:39,2026-10-07,oi,12,10,ワイド,3-14,10.0,11.4,13,https://www.keiba.go.jp/KeibaWeb/TodayRaceInfo/OddsWide?k_babaCode=20&k_raceDate=2026%2F10%2F07&k_raceNo=12
2026-10-07 20:40:00,20:39,2026-10-07,oi,12,10,ワイド,3-13,10.1,11.5,14,https://www.keiba.go.jp/KeibaWeb/TodayRaceInfo/OddsWide?k_babaCode=20&k_raceDate=2026%2F10%2F07&k_raceNo=12
2026-10-07 20:40:00,20:39,2026-10-07,oi,12,10,ワイド,2-13,11.1,12.5,15,https://www.keiba.go.jp/KeibaWeb/TodayRaceInfo/OddsWide?k_babaCode=20&k_raceDate=2026%2F10%2F07&k_raceNo=12
2026-10-07 20:40:00,20:39,2026-10-07,oi,12,10,ワイド,7-9,11.2,12.5,16,https://www.keiba.go.jp/KeibaWeb/TodayRaceInfo/OddsWide?k_babaCode=20&k_raceDate=2026%2F10%2F07&k_raceNo=12
2026-10-07 20:40:00,20:39,2026-10-07,oi,12,10,ワイド,9-13,11.7,13.2,17,https://www.keiba.go.jp/KeibaWeb/TodayRaceInfo/OddsWide?k_babaCode=20&k_raceDate=2026%2F10%2F07&k_raceNo=12
2026-10-07 20:40:00,20:39,2026-10-07,oi,12,10,ワイド,2-7,12.9,14.4,18,https://www.keiba.go.jp/KeibaWeb/TodayRaceInfo/OddsWide?k_babaCode=20&k_raceDate=2026%2F10%2F07&k_raceNo=12
2026-10-07 20:40:00,20:39,2026-10-07,oi,12,10,ワイド,9-14,13.0,14.8,19,https://www.keiba.go.jp/KeibaWeb/TodayRaceInfo/OddsWide?k_babaCode=20&k_raceDate=2026%2F10%2F07&k_raceNo=12
2026-10-07 20:40:00,20:39,2026-10-07,oi,12,10,ワイド,2-14,13.8,15.6,20,https://www.keiba.go.jp/KeibaWeb/TodayRaceInfo/OddsWide?k_babaCode=20&k_raceDate=2026%2F10%2F07&k_raceNo=12
2026-10-07 20:40:00,20:39,2026-10-07,oi,12,10,ワイド,2-10,14.1,15.5,21,https://www.keiba.go.jp/KeibaWeb/TodayRaceInfo/OddsWide?k_babaCode=20&k_raceDate=2026%2F10%2F07&k_raceNo=12
2026-10-07 20:40:00,20:39,2026-10-07,oi,12,10,ワイド,9-10,17.7,19.5,22,https://www.keiba.go.jp/KeibaWeb/TodayRaceInfo/OddsWide?k_babaCode=20&k_raceDate=2026%2F10%2F07&k_raceNo=12
2026-10-07 20:40:00,20:39,2026-10-07,oi,12,10,ワイド,3-5,17.8,18.8,23,https://www.keiba.go.jp/KeibaWeb/TodayRaceInfo/OddsWide?k_babaCode=20&k_raceDate=2026%2F10%2F07&k_raceNo=12
2026-10-07 20:40:00,20:39,2026-10-07,oi,12,10,ワイド,5-9,18.8,19.8,24,https://www.keiba.go.jp/KeibaWeb/TodayRaceInfo/OddsWide?k_babaCode=20&k_raceDate=2026%2F10%2F07&k_raceNo=12
2026-10-07 20:40:00,20:39,2026-10-07,oi,12,10,ワイド,2-5,22.4,23.5,25,https://www.keiba.go.jp/KeibaWeb/TodayRaceInfo/OddsWide?k_babaCode=20&k_raceDate=2026%2F10%2F07&k_raceNo=12
2026-10-07 20:40:00,20:39,2026-10-07,oi,12,10,ワイド,3-9,25.1,26.2,26,https://www.keiba.go.jp/KeibaWeb/TodayRaceInfo/OddsWide?k_babaCode=20&k_raceDate=2026%2F10%2F07&k_raceNo=12
2026-10-07 20:40:00,20:39,2026-10-07,oi,12,10,ワイド,1-14,33.8,37.8,27,https://www.keiba.go.jp/KeibaWeb/TodayRaceInfo/OddsWide?k_babaCode=20&k_raceDate=2026%2F10%2F07&k_raceNo=12
2026-10-07 20:40:00,20:39,2026-10-07,oi,12,10,ワイド,1-13,37.2,41.6,28,https://www.keiba.go.jp/KeibaWeb/TodayRaceInfo/OddsWide?k_babaCode=20&k_raceDate=2026%2F10%2F07&k_raceNo=12
2026-10-07 20:40:00,20:39,2026-10-07,oi,12,10,ワイド,6-13,37.2,41.6,28,https://www.keiba.go.jp/KeibaWeb/TodayRaceInfo/OddsWide?k_babaCode=20&k_raceDate=2026%2F10%2F07&k_raceNo=12
2026-10-07 20:40:00,20:39,2026-10-07,oi,12,10,ワイド,2-3,37.4,39.0,30,https://www.keiba.go.jp/KeibaWeb/TodayRaceInfo/OddsWide?k_babaCode=20&k_raceDate=2026%2F10%2F07&k_raceNo=12
2026-10-07 20:40:00,20:39,2026-10-07,oi,12,10,ワイド,6-14,37.6,42.1,31,https://www.keiba.go.jp/KeibaWeb/TodayRaceInfo/OddsWide?k_babaCode=20&k_raceDate=2026%2F10%2F07&k_raceNo=12
2026-10-07 20:40:00,20:39,2026-10-07,oi,12,10,ワイド,4-7,41.7,45.8,32,https://www.keiba.go.jp/KeibaWeb/TodayRaceInfo/OddsWide?k_babaCode=20&k_raceDate=2026%2F10%2F07&k_raceNo=12
2026-10-07 20:40:00,20:39,2026-10-07,oi,12,10,ワイド,2-9,48.5,50.5,33,https://www.keiba.go.jp/KeibaWeb/TodayRaceInfo/OddsWide?k_babaCode=20&k_raceDate=2026%2F10%2F07&k_raceNo=12
2026-10-07 20:40:00,20:39,2026-10-07,oi,12,10,ワイド,6-7,51.0,56.0,34,https://www.keiba.go.jp/KeibaWeb/TodayRaceInfo/OddsWide?k_babaCode=20&k_raceDate=2026%2F10%2F07&k_raceNo=12
2026-10-07 20:40:00,20:39,2026-10-07,oi,12,10,ワイド,1-7,51.9,57.1,35,https://www.keiba.go.jp/KeibaWeb/TodayRaceInfo/OddsWide?k_babaCode=20&k_raceDate=2026%2F10%2F07&k_raceNo=12
2026-10-07 20:40:00,20:39,2026-10-07,oi,12,10,ワイド,1-10,53.8,58.5,36,https://www.keiba.go.jp/KeibaWeb/TodayRaceInfo/OddsWide?k_babaCode=20&k_raceDate=2026%2F10%2F07&k_raceNo=12
2026-10-07 20:40:00,20:39,2026-10-07,oi,12,10,ワイド,4-13,55.1,61.5,37,https://www.keiba.go.jp/KeibaWeb/TodayRaceInfo/OddsWide?k_babaCode=20&k_raceDate=2026%2F10%2F07&k_raceNo=12
2026-10-07 20:40:00,20:39,2026-10-07,oi,12,10,ワイド,8-13,55.4,61.8,38,https://www.keiba.go.jp/KeibaWeb/TodayRaceInfo/OddsWide?k_babaCode=20&k_raceDate=2026%2F10%2F07&k_raceNo=12
2026-10-07 20:40:00,20:39,2026-10-07,oi,12,10,ワイド,5-6,58.3,60.5,39,https://www.keiba.go.jp/KeibaWeb/TodayRaceInfo/OddsWide?k_babaCode=20&k_raceDate=2026%2F10%2F07&k_raceNo=12
2026-10-07 20:40:00,20:39,2026-10-07,oi,12,10,ワイド,4-14,60.6,67.8,40,https://www.keiba.go.jp/KeibaWeb/TodayRaceInfo/OddsWide?k_babaCode=20&k_raceDate=2026%2F10%2F07&k_raceNo=12
2026-10-07 20:40:00,20:39,2026-10-07,oi,12,10,ワイド,6-10,61.8,67.1,41,https://www.keiba.go.jp/KeibaWeb/TodayRaceInfo/OddsWide?k_babaCode=20&k_raceDate=2026%2F10%2F07&k_raceNo=12
2026-10-07 20:40:00,20:39,2026-10-07,oi,12,10,ワイド,4-10,65.4,70.8,42,https://www.keiba.go.jp/KeibaWeb/TodayRaceInfo/OddsWide?k_babaCode=20&k_raceDate=2026%2F10%2F07&k_raceNo=12
2026-10-07 20:40:00,20:39,2026-10-07,oi,12,10,ワイド,7-8,70.6,77.4,43,https://www.keiba.go.jp/KeibaWeb/TodayRaceInfo/OddsWide?k_babaCode=20&k_raceDate=2026%2F10%2F07&k_raceNo=12
2026-10-07 20:40:00,20:39,2026-10-07,oi,12,10,ワイド,1-5,74.1,76.9,44,https://www.keiba.go.jp/KeibaWeb/TodayRaceInfo/OddsWide?k_babaCode=20&k_raceDate=2026%2F10%2F07&k_raceNo=12
2026-10-07 20:40:00,20:39,2026-10-07,oi,12,10,ワイド,12-13,86.0,95.9,45,https://www.keiba.go.jp/KeibaWeb/TodayRaceInfo/OddsWide?k_babaCode=20&k_raceDate=2026%2F10%2F07&k_raceNo=12
2026-10-07 20:40:00,20:39,2026-10-07,oi,12,10,ワイド,3-6,95.6,98.4,46,https://www.keiba.go.jp/KeibaWeb/TodayRaceInfo/OddsWide?k_babaCode=20&k_raceDate=2026%2F10%2F07&k_raceNo=12
2026-10-07 20:40:00,20:39,2026-10-07,oi,12,10,ワイド,1-2,95.8,98.4,47,https://www.keiba.go.jp/KeibaWeb/TodayRaceInfo/OddsWide?k_babaCode=20&k_raceDate=2026%2F10%2F07&k_raceNo=12
2026-10-07 20:40:00,20:39,2026-10-07,oi,12,10,ワイド,6-9,98.3,100.8,48,https://www.keiba.go.jp/KeibaWeb/TodayRaceInfo/OddsWide?k_babaCode=20&k_raceDate=2026%2F10%2F07&k_raceNo=12
2026-10-07 20:40:00,20:39,2026-10-07,oi,12,10,ワイド,4-9,100.1,102.7,49,https://www.keiba.go.jp/KeibaWeb/TodayRaceInfo/OddsWide?k_babaCode=20&k_raceDate=2026%2F10%2F07&k_raceNo=12
2026-10-07 20:40:00,20:39,2026-10-07,oi,12,10,ワイド,4-5,101.5,105.2,50,https://www.keiba.go.jp/KeibaWeb/TodayRaceInfo/OddsWide?k_babaCode=20&k_raceDate=2026%2F10%2F07&k_raceNo=12
2026-10-07 20:40:00,20:39,2026-10-07,oi,12,10,ワイド,3-4,103.6,106.8,51,https://www.keiba.go.jp/KeibaWeb/TodayRaceInfo/OddsWide?k_babaCode=20&k_raceDate=2026%2F10%2F07&k_raceNo=12
2026-10-07 20:40:00,20:39,2026-10-07,oi,12,10,ワイド,8-14,115.2,128.9,52,https://www.keiba.go.jp/KeibaWeb/TodayRaceInfo/OddsWide?k_babaCode=20&k_raceDate=2026%2F10%2F07&k_raceNo=12
2026-10-07 20:40:00,20:39,2026-10-07,oi,12,10,ワイド,8-10,116.7,126.2,53,https://www.keiba.go.jp/KeibaWeb/TodayRaceInfo/OddsWide?k_babaCode=20&k_raceDate=2026%2F10%2F07&k_raceNo=12
2026-10-07 20:40:00,20:39,2026-10-07,oi,12,10,ワイド,1-3,117.6,121.1,54,https://www.keiba.go.jp/KeibaWeb/TodayRaceInfo/OddsWide?k_babaCode=20&k_raceDate=2026%2F10%2F07&k_raceNo=12
2026-10-07 20:40:00,20:39,2026-10-07,oi,12,10,ワイド,5-8,118.1,122.3,55,https://www.keiba.go.jp/KeibaWeb/TodayRaceInfo/OddsWide?k_babaCode=20&k_raceDate=2026%2F10%2F07&k_raceNo=12
2026-10-07 20:40:00,20:39,2026-10-07,oi,12,10,ワイド,2-4,123.8,126.8,56,https://www.keiba.go.jp/KeibaWeb/TodayRaceInfo/OddsWide?k_babaCode=20&k_raceDate=2026%2F10%2F07&k_raceNo=12
2026-10-07 20:40:00,20:39,2026-10-07,oi,12,10,ワイド,2-6,126.0,129.3,57,https://www.keiba.go.jp/KeibaWeb/TodayRaceInfo/OddsWide?k_babaCode=20&k_raceDate=2026%2F10%2F07&k_raceNo=12
2026-10-07 20:40:00,20:39,2026-10-07,oi,12,10,ワイド,7-12,127.8,140.0,58,https://www.keiba.go.jp/KeibaWeb/TodayRaceInfo/OddsWide?k_babaCode=20&k_raceDate=2026%2F10%2F07&k_raceNo=12
2026-10-07 20:40:00,20:39,2026-10-07,oi,12,10,ワイド,12-14,128.2,143.1,59,https://www.keiba.go.jp/KeibaWeb/TodayRaceInfo/OddsWide?k_babaCode=20&k_raceDate=2026%2F10%2F07&k_raceNo=12
2026-10-07 20:40:00,20:39,2026-10-07,oi,12,10,ワイド,1-9,128.5,131.8,60,https://www.keiba.go.jp/KeibaWeb/TodayRaceInfo/OddsWide?k_babaCode=20&k_raceDate=2026%2F10%2F07&k_raceNo=12
2026-10-07 20:40:00,20:39,2026-10-07,oi,12,10,ワイド,2-8,135.0,138.3,61,https://www.keiba.go.jp/KeibaWeb/TodayRaceInfo/OddsWide?k_babaCode=20&k_raceDate=2026%2F10%2F07&k_raceNo=12
2026-10-07 20:40:00,20:39,2026-10-07,oi,12,10,ワイド,1-6,149.1,150.9,62,https://www.keiba.go.jp/KeibaWeb/TodayRaceInfo/OddsWide?k_babaCode=20&k_raceDate=2026%2F10%2F07&k_raceNo=12
2026-10-07 20:40:00,20:39,2026-10-07,oi,12,10,ワイド,3-8,167.8,172.6,63,https://www.keiba.go.jp/KeibaWeb/TodayRaceInfo/OddsWide?k_babaCode=20&k_raceDate=2026%2F10%2F07&k_raceNo=12
2026-10-07 20:40:00,20:39,2026-10-07,oi,12,10,ワイド,5-12,176.2,182.3,64,https://www.keiba.go.jp/KeibaWeb/TodayRaceInfo/OddsWide?k_babaCode=20&k_raceDate=2026%2F10%2F07&k_raceNo=12
2026-10-07 20:40:00,20:39,2026-10-07,oi,12,10,ワイド,10-12,179.2,193.7,65,https://www.keiba.go.jp/KeibaWeb/TodayRaceInfo/OddsWide?k_babaCode=20&k_raceDate=2026%2F10%2F07&k_raceNo=12
2026-10-07 20:40:00,20:39,2026-10-07,oi,12,10,ワイド,7-11,184.2,201.4,66,https://www.keiba.go.jp/KeibaWeb/TodayRaceInfo/OddsWide?k_babaCode=20&k_raceDate=2026%2F10%2F07&k_raceNo=12
2026-10-07 20:40:00,20:39,2026-10-07,oi,12,10,ワイド,11-13,210.2,233.9,67,https://www.keiba.go.jp/KeibaWeb/TodayRaceInfo/OddsWide?k_babaCode=20&k_raceDate=2026%2F10%2F07&k_raceNo=12
2026-10-07 20:40:00,20:39,2026-10-07,oi,12,10,ワイド,8-9,212.3,217.4,68,https://www.keiba.go.jp/KeibaWeb/TodayRaceInfo/OddsWide?k_babaCode=20&k_raceDate=2026%2F10%2F07&k_raceNo=12
2026-10-07 20:40:00,20:39,2026-10-07,oi,12,10,ワイド,1-4,228.3,230.5,69,https://www.keiba.go.jp/KeibaWeb/TodayRaceInfo/OddsWide?k_babaCode=20&k_raceDate=2026%2F10%2F07&k_raceNo=12
2026-10-07 20:40:00,20:39,2026-10-07,oi,12,10,ワイド,3-12,235.4,241.8,70,https://www.keiba.go.jp/KeibaWeb/TodayRaceInfo/OddsWide?k_babaCode=20&k_raceDate=2026%2F10%2F07&k_raceNo=12
2026-10-07 20:40:00,20:39,2026-10-07,oi,12,10,ワイド,4-6,241.7,244.0,71,https://www.keiba.go.jp/KeibaWeb/TodayRaceInfo/OddsWide?k_babaCode=20&k_raceDate=2026%2F10%2F07&k_raceNo=12
2026-10-07 20:40:00,20:39,2026-10-07,oi,12,10,ワイド,11-14,242.0,269.5,72,https://www.keiba.go.jp/KeibaWeb/TodayRaceInfo/OddsWide?k_babaCode=20&k_raceDate=2026%2F10%2F07&k_raceNo=12
2026-10-07 20:40:00,20:39,2026-10-07,oi,12,10,ワイド,9-12,271.0,277.0,73,https://www.keiba.go.jp/KeibaWeb/TodayRaceInfo/OddsWide?k_babaCode=20&k_raceDate=2026%2F10%2F07&k_raceNo=12
2026-10-07 20:40:00,20:39,2026-10-07,oi,12,10,ワイド,1-8,275.3,277.9,74,https://www.keiba.go.jp/KeibaWeb/TodayRaceInfo/OddsWide?k_babaCode=20&k_raceDate=2026%2F10%2F07&k_raceNo=12
2026-10-07 20:40:00,20:39,2026-10-07,oi,12,10,ワイド,5-11,277.2,286.2,75,https://www.keiba.go.jp/KeibaWeb/TodayRaceInfo/OddsWide?k_babaCode=20&k_raceDate=2026%2F10%2F07&k_raceNo=12
2026-10-07 20:40:00,20:39,2026-10-07,oi,12,10,ワイド,4-8,288.1,290.5,76,https://www.keiba.go.jp/KeibaWeb/TodayRaceInfo/OddsWide?k_babaCode=20&k_raceDate=2026%2F10%2F07&k_raceNo=12
2026-10-07 20:40:00,20:39,2026-10-07,oi,12,10,ワイド,2-12,305.0,312.1,77,https://www.keiba.go.jp/KeibaWeb/TodayRaceInfo/OddsWide?k_babaCode=20&k_raceDate=2026%2F10%2F07&k_raceNo=12
2026-10-07 20:40:00,20:39,2026-10-07,oi,12,10,ワイド,6-8,305.8,308.6,78,https://www.keiba.go.jp/KeibaWeb/TodayRaceInfo/OddsWide?k_babaCode=20&k_raceDate=2026%2F10%2F07&k_raceNo=12
2026-10-07 20:40:00,20:39,2026-10-07,oi,12,10,ワイド,10-11,315.9,341.0,79,https://www.keiba.go.jp/KeibaWeb/TodayRaceInfo/OddsWide?k_babaCode=20&k_raceDate=2026%2F10%2F07&k_raceNo=12
2026-10-07 20:40:00,20:39,2026-10-07,oi,12,10,ワイド,3-11,340.8,349.7,80,https://www.keiba.go.jp/KeibaWeb/TodayRaceInfo/OddsWide?k_babaCode=20&k_raceDate=2026%2F10%2F07&k_raceNo=12
2026-10-07 20:40:00,20:39,2026-10-07,oi,12,10,ワイド,1-12,389.5,392.5,81,https://www.keiba.go.jp/KeibaWeb/TodayRaceInfo/OddsWide?k_babaCode=20&k_raceDate=2026%2F10%2F07&k_raceNo=12
2026-10-07 20:40:00,20:39,2026-10-07,oi,12,10,ワイド,6-12,418.9,422.3,82,https://www.keiba.go.jp/KeibaWeb/TodayRaceInfo/OddsWide?k_babaCode=20&k_raceDate=2026%2F10%2F07&k_raceNo=12
2026-10-07 20:40:00,20:39,2026-10-07,oi,12,10,ワイド,9-11,492.9,503.3,83,https://www.keiba.go.jp/KeibaWeb/TodayRaceInfo/OddsWide?k_babaCode=20&k_raceDate=2026%2F10%2F07&k_raceNo=12
2026-10-07 20:40:00,20:39,2026-10-07,oi,12,10,ワイド,2-11,545.5,557.0,84,https://www.keiba.go.jp/KeibaWeb/TodayRaceInfo/OddsWide?k_babaCode=20&k_raceDate=2026%2F10%2F07&k_raceNo=12
2026-10-07 20:40:00,20:39,2026-10-07,oi,12,10,ワイド,8-12,565.2,568.6,85,https://www.keiba.go.jp/KeibaWeb/TodayRaceInfo/OddsWide?k_babaCode=20&k_raceDate=2026%2F10%2F07&k_raceNo=12
2026-10-07 20:40:00,20:39,2026-10-07,oi,12,10,ワイド,1-11,619.5,623.6,86,https://www.keiba.go.jp/KeibaWeb/TodayRaceInfo/OddsWide?k_babaCode=20&k_raceDate=2026%2F10%2F07&k_raceNo=12
2026-10-07 20:40:00,20:39,2026-10-07,oi,12,10,ワイド,11-12,626.6,628.5,87,https://www.keiba.go.jp/KeibaWeb/TodayRaceInfo/OddsWide?k_babaCode=20&k_raceDate=2026%2F10%2F07&k_raceNo=12
2026-10-07 20:40:00,20:39,2026-10-07,oi,12,10,ワイド,6-11,653.9,657.9,88,https://www.keiba.go.jp/KeibaWeb/TodayRaceInfo/OddsWide?k_babaCode=20&k_raceDate=2026%2F10%2F07&k_raceNo=12
2026-10-07 20:40:00,20:39,2026-10-07,oi,12,10,ワイド,8-11,682.0,685.0,89,https://www.keiba.go.jp/KeibaWeb/TodayRaceInfo/OddsWide?k_babaCode=20&k_raceDate=2026%2F10%2F07&k_raceNo=12
2026-10-07 20:40:00,20:39,2026-10-07,oi,12,10,ワイド,4-12,691.9,696.5,90,https://www.keiba.go.jp/KeibaWeb/TodayRaceInfo/OddsWide?k_babaCode=20&k_raceDate=2026%2F10%2F07&k_raceNo=12
2026-10-07 20:40:00,20:39,2026-10-07,oi,12,10,ワイド,4-11,755.2,759.7,91,https://www.keiba.go.jp/KeibaWeb/TodayRaceInfo/OddsWide?k_babaCode=20&k_raceDate=2026%2F10%2F07&k_raceNo=12
2026-10-07 20:40:00,20:39,2026-10-07,oi,12,10,三連複,10-13-14,7.4,7.4,1,https://www.keiba.go.jp/KeibaWeb/TodayRaceInfo/Odds3LenFuku?k_babaCode=20&k_raceDate=2026%2F10%2F07&k_raceNo=12
2026-10-07 20:40:00,20:39,2026-10-07,oi,12,10,三連複,7-13-14,7.9,7.9,2,https://www.keiba.go.jp/KeibaWeb/TodayRaceInfo/Odds3LenFuku?k_babaCode=20&k_raceDate=2026%2F10%2F07&k_raceNo=12
2026-10-07 20:40:00,20:39,2026-10-07,oi,12,10,三連複,7-10-13,10.8,10.8,3,https://www.keiba.go.jp/KeibaWeb/TodayRaceInfo/Odds3LenFuku?k_babaCode=20&k_raceDate=2026%2F10%2F07&k_raceNo=12
2026-10-07 20:40:00,20:39,2026-10-07,oi,12,10,三連複,7-10-14,14.0,14.0,4,https://www.keiba.go.jp/KeibaWeb/TodayRaceInfo/Odds3LenFuku?k_babaCode=20&k_raceDate=2026%2F10%2F07&k_raceNo=12
2026-10-07 20:40:00,20:39,2026-10-07,oi,12,10,三連複,5-13-14,25.0,25.0,5,https://www.keiba.go.jp/KeibaWeb/TodayRaceInfo/Odds3LenFuku?k_babaCode=20&k_raceDate=2026%2F10%2F07&k_raceNo=12
2026-10-07 20:40:00,20:39,2026-10-07,oi,12,10,三連複,3-13-14,29.5,29.5,6,https://www.keiba.go.jp/KeibaWeb/TodayRaceInfo/Odds3LenFuku?k_babaCode=20&k_raceDate=2026%2F10%2F07&k_raceNo=12
2026-10-07 20:40:00,20:39,2026-10-07,oi,12,10,三連複,5-10-13,31.7,31.7,7,https://www.keiba.go.jp/KeibaWeb/TodayRaceInfo/Odds3LenFuku?k_babaCode=20&k_raceDate=2026%2F10%2F07&k_raceNo=12
2026-10-07 20:40:00,20:39,2026-10-07,oi,12,10,三連複,3-10-13,32.4,32.4,8,https://www.keiba.go.jp/KeibaWeb/TodayRaceInfo/Odds3LenFuku?k_babaCode=20&k_raceDate=2026%2F10%2F07&k_raceNo=12
2026-10-07 20:40:00,20:39,2026-10-07,oi,12,10,三連複,5-7-13,36.1,36.1,9,https://www.keiba.go.jp/KeibaWeb/TodayRaceInfo/Odds3LenFuku?k_babaCode=20&k_raceDate=2026%2F10%2F07&k_raceNo=12
2026-10-07 20:40:00,20:39,2026-10-07,oi,12,10,三連複,9-13-14,38.2,38.2,10,https://www.keiba.go.jp/KeibaWeb/TodayRaceInfo/Odds3LenFuku?k_babaCode=20&k_raceDate=2026%2F10%2F07&k_raceNo=12
2026-10-07 20:40:00,20:39,2026-10-07,oi,12,10,三連複,3-7-13,39.7,39.7,11,https://www.keiba.go.jp/KeibaWeb/TodayRaceInfo/Odds3LenFuku?k_babaCode=20&k_raceDate=2026%2F10%2F07&k_raceNo=12
2026-10-07 20:40:00,20:39,2026-10-07,oi,12,10,三連複,3-10-14,41.1,41.1,12,https://www.keiba.go.jp/KeibaWeb/TodayRaceInfo/Odds3LenFuku?k_babaCode=20&k_raceDate=2026%2F10%2F07&k_raceNo=12
2026-10-07 20:40:00,20:39,2026-10-07,oi,12,10,三連複,2-13-14,41.2,41.2,13,https://www.keiba.go.jp/KeibaWeb/TodayRaceInfo/Odds3LenFuku?k_babaCode=20&k_raceDate=2026%2F10%2F07&k_raceNo=12
2026-10-07 20:40:00,20:39,2026-10-07,oi,12,10,三連複,5-10-14,41.6,41.6,14,https://www.keiba.go.jp/KeibaWeb/TodayRaceInfo/Odds3LenFuku?k_babaCode=20&k_raceDate=2026%2F10%2F07&k_raceNo=12
2026-10-07 20:40:00,20:39,2026-10-07,oi,12,10,三連複,3-7-10,43.7,43.7,15,https://www.keiba.go.jp/KeibaWeb/TodayRaceInfo/Odds3LenFuku?k_babaCode=20&k_raceDate=2026%2F10%2F07&k_raceNo=12
2026-10-07 20:40:00,20:39,2026-10-07,oi,12,10,三連複,5-7-10,48.2,48.2,16,https://www.keiba.go.jp/KeibaWeb/TodayRaceInfo/Odds3LenFuku?k_babaCode=20&k_raceDate=2026%2F10%2F07&k_raceNo=12
2026-10-07 20:40:00,20:39,2026-10-07,oi,12,10,三連複,9-10-13,48.2,48.2,17,https://www.keiba.go.jp/KeibaWeb/TodayRaceInfo/Odds3LenFuku?k_babaCode=20&k_raceDate=2026%2F10%2F07&k_raceNo=12
2026-10-07 20:40:00,20:39,2026-10-07,oi,12,10,三連複,7-9-13,48.6,48.6,18,https://www.keiba.go.jp/KeibaWeb/TodayRaceInfo/Odds3LenFuku?k_babaCode=20&k_raceDate=2026%2F10%2F07&k_raceNo=12
2026-10-07 20:40:00,20:39,2026-10-07,oi,12,10,三連複,5-7-14,49.1,49.1,19,https://www.keiba.go.jp/KeibaWeb/TodayRaceInfo/Odds3LenFuku?k_babaCode=20&k_raceDate=2026%2F10%2F07&k_raceNo=12
2026-10-07 20:40:00,20:39,2026-10-07,oi,12,10,三連複,2-7-13,50.7,50.7,20,https://www.keiba.go.jp/KeibaWeb/TodayRaceInfo/Odds3LenFuku?k_babaCode=20&k_raceDate=2026%2F10%2F07&k_raceNo=12
2026-10-07 20:40:00,20:39,2026-10-07,oi,12,10,三連複,3-7-14,51.2,51.2,21,https://www.keiba.go.jp/KeibaWeb/TodayRaceInfo/Odds3LenFuku?k_babaCode=20&k_raceDate=2026%2F10%2F07&k_raceNo=12
2026-10-07 20:40:00,20:39,2026-10-07,oi,12,10,三連複,2-10-13,51.4,51.4,22,https://www.keiba.go.jp/KeibaWeb/TodayRaceInfo/Odds3LenFuku?k_babaCode=20&k_raceDate=2026%2F10%2F07&k_raceNo=12
2026-10-07 20:40:00,20:39,2026-10-07,oi,12,10,三連複,2-10-14,61.7,61.7,23,https://www.keiba.go.jp/KeibaWeb/TodayRaceInfo/Odds3LenFuku?k_babaCode=20&k_raceDate=2026%2F10%2F07&k_raceNo=12
2026-10-07 20:40:00,20:39,2026-10-07,oi,12,10,三連複,2-7-14,64.9,64.9,24,https://www.keiba.go.jp/KeibaWeb/TodayRaceInfo/Odds3LenFuku?k_babaCode=20&k_raceDate=2026%2F10%2F07&k_raceNo=12
2026-10-07 20:40:00,20:39,2026-10-07,oi,12,10,三連複,7-9-14,68.0,68.0,25,https://www.keiba.go.jp/KeibaWeb/TodayRaceInfo/Odds3LenFuku?k_babaCode=20&k_raceDate=2026%2F10%2F07&k_raceNo=12
2026-10-07 20:40:00,20:39,2026-10-07,oi,12,10,三連複,7-9-10,69.6,69.6,26,https://www.keiba.go.jp/KeibaWeb/TodayRaceInfo/Odds3LenFuku?k_babaCode=20&k_raceDate=2026%2F10%2F07&k_raceNo=12
2026-10-07 20:40:00,20:39,2026-10-07,oi,12,10,三連複,2-7-10,70.5,70.5,27,https://www.keiba.go.jp/KeibaWeb/TodayRaceInfo/Odds3LenFuku?k_babaCode=20&k_raceDate=2026%2F10%2F07&k_raceNo=12
2026-10-07 20:40:00,20:39,2026-10-07,oi,12,10,三連複,9-10-14,70.7,70.7,28,https://www.keiba.go.jp/KeibaWeb/TodayRaceInfo/Odds3LenFuku?k_babaCode=20&k_raceDate=2026%2F10%2F07&k_raceNo=12
2026-10-07 20:40:00,20:39,2026-10-07,oi,12,10,三連複,5-9-13,94.7,94.7,29,https://www.keiba.go.jp/KeibaWeb/TodayRaceInfo/Odds3LenFuku?k_babaCode=20&k_raceDate=2026%2F10%2F07&k_raceNo=12
2026-10-07 20:40:00,20:39,2026-10-07,oi,12,10,三連複,3-5-13,96.3,96.3,30,https://www.keiba.go.jp/KeibaWeb/TodayRaceInfo/Odds3LenFuku?k_babaCode=20&k_raceDate=2026%2F10%2F07&k_raceNo=12
2026-10-07 20:40:00,20:39,2026-10-07,oi,12,10,三連複,3-5-10,105.6,105.6,31,https://www.keiba.go.jp/KeibaWeb/TodayRaceInfo/Odds3LenFuku?k_babaCode=20&k_raceDate=2026%2F10%2F07&k_raceNo=12
2026-10-07 20:40:00,20:39,2026-10-07,oi,12,10,三連複,3-5-14,114.3,114.3,32,https://www.keiba.go.jp/KeibaWeb/TodayRaceInfo/Odds3LenFuku?k_babaCode=20&k_raceDate=2026%2F10%2F07&k_raceNo=12
2026-10-07 20:40:00,20:39,2026-10-07,oi,12,10,三連複,2-5-13,119.4,119.4,33,https://www.keiba.go.jp/KeibaWeb/TodayRaceInfo/Odds3LenFuku?k_babaCode=20&k_raceDate=2026%2F10%2F07&k_raceNo=12
2026-10-07 20:40:00,20:39,2026-10-07,oi,12,10,三連複,3-5-7,122.1,122.1,34,https://www.keiba.go.jp/KeibaWeb/TodayRaceInfo/Odds3LenFuku?k_babaCode=20&k_raceDate=2026%2F10%2F07&k_raceNo=12
2026-10-07 20:40:00,20:39,2026-10-07,oi,12,10,三連複,1-13-14,134.0,134.0,35,https://www.keiba.go.jp/KeibaWeb/TodayRaceInfo/Odds3LenFuku?k_babaCode=20&k_raceDate=2026%2F10%2F07&k_raceNo=12
2026-10-07 20:40:00,20:39,2026-10-07,oi,12,10,三連複,3-9-13,134.8,134.8,36,https://www.keiba.go.jp/KeibaWeb/TodayRaceInfo/Odds3LenFuku?k_babaCode=20&k_raceDate=2026%2F10%2F07&k_raceNo=12
2026-10-07 20:40:00,20:39,2026-10-07,oi,12,10,三連複,5-9-14,137.3,137.3,37,https://www.keiba.go.jp/KeibaWeb/TodayRaceInfo/Odds3LenFuku?k_babaCode=20&k_raceDate=2026%2F10%2F07&k_raceNo=12
2026-10-07 20:40:00,20:39,2026-10-07,oi,12,10,三連複,2-5-7,147.9,147.9,38,https://www.keiba.go.jp/KeibaWeb/TodayRaceInfo/Odds3LenFuku?k_babaCode=20&k_raceDate=2026%2F10%2F07&k_raceNo=12
2026-10-07 20:40:00,20:39,2026-10-07,oi,12,10,三連複,5-7-9,148.0,148.0,39,https://www.keiba.go.jp/KeibaWeb/TodayRaceInfo/Odds3LenFuku?k_babaCode=20&k_raceDate=2026%2F10%2F07&k_raceNo=12
2026-10-07 20:40:00,20:39,2026-10-07,oi,12,10,三連複,2-5-14,148.1,148.1,40,https://www.keiba.go.jp/KeibaWeb/TodayRaceInfo/Odds3LenFuku?k_babaCode=20&k_raceDate=2026%2F10%2F07&k_raceNo=12
2026-10-07 20:40:00,20:39,2026-10-07,oi,12,10,三連複,5-9-10,154.9,154.9,41,https://www.keiba.go.jp/KeibaWeb/TodayRaceInfo/Odds3LenFuku?k_babaCode=20&k_raceDate=2026%2F10%2F07&k_raceNo=12
2026-10-07 20:40:00,20:39,2026-10-07,oi,12,10,三連複,2-5-10,158.8,158.8,42,https://www.keiba.go.jp/KeibaWeb/TodayRaceInfo/Odds3LenFuku?k_babaCode=20&k_raceDate=2026%2F10%2F07&k_raceNo=12
2026-10-07 20:40:00,20:39,2026-10-07,oi,12,10,三連複,6-13-14,165.9,165.9,43,https://www.keiba.go.jp/KeibaWeb/TodayRaceInfo/Odds3LenFuku?k_babaCode=20&k_raceDate=2026%2F10%2F07&k_raceNo=12
2026-10-07 20:40:00,20:39,2026-10-07,oi,12,10,三連複,3-7-9,170.3,170.3,44,https://www.keiba.go.jp/KeibaWeb/TodayRaceInfo/Odds3LenFuku?k_babaCode=20&k_raceDate=2026%2F10%2F07&k_raceNo=12
2026-10-07 20:40:00,20:39,2026-10-07,oi,12,10,三連複,2-3-13,171.0,171.0,45,https://www.keiba.go.jp/KeibaWeb/TodayRaceInfo/Odds3LenFuku?k_babaCode=20&k_raceDate=2026%2F10%2F07&k_raceNo=12
2026-10-07 20:40:00,20:39,2026-10-07,oi,12,10,三連複,3-9-14,175.1,175.1,46,https://www.keiba.go.jp/KeibaWeb/TodayRaceInfo/Odds3LenFuku?k_babaCode=20&k_raceDate=2026%2F10%2F07&k_raceNo=12
2026-10-07 20:40:00,20:39,2026-10-07,oi,12,10,三連複,3-9-10,177.8,177.8,47,https://www.keiba.go.jp/KeibaWeb/TodayRaceInfo/Odds3LenFuku?k_babaCode=20&k_raceDate=2026%2F10%2F07&k_raceNo=12
2026-10-07 20:40:00,20:39,2026-10-07,oi,12,10,三連複,2-9-13,186.9,186.9,48,https://www.keiba.go.jp/KeibaWeb/TodayRaceInfo/Odds3LenFuku?k_babaCode=20&k_raceDate=2026%2F10%2F07&k_raceNo=12
2026-10-07 20:40:00,20:39,2026-10-07,oi,12,10,三連複,1-10-13,189.8,189.8,49,https://www.keiba.go.jp/KeibaWeb/TodayRaceInfo/Odds3LenFuku?k_babaCode=20&k_raceDate=2026%2F10%2F07&k_raceNo=12
2026-10-07 20:40:00,20:39,2026-10-07,oi,12,10,三連複,4-7-13,193.3,193.3,50,https://www.keiba.go.jp/KeibaWeb/TodayRaceInfo/Odds3LenFuku?k_babaCode=20&k_raceDate=2026%2F10%2F07&k_raceNo=12
2026-10-07 20:40:00,20:39,2026-10-07,oi,12,10,三連複,1-7-13,200.7,200.7,51,https://www.keiba.go.jp/KeibaWeb/TodayRaceInfo/Odds3LenFuku?k_babaCode=20&k_raceDate=2026%2F10%2F07&k_raceNo=12
2026-10-07 20:40:00,20:39,2026-10-07,oi,12,10,三連複,4-13-14,201.5,201.5,52,https://www.keiba.go.jp/KeibaWeb/TodayRaceInfo/Odds3LenFuku?k_babaCode=20&k_raceDate=2026%2F10%2F07&k_raceNo=12
2026-10-07 20:40:00,20:39,2026-10-07,oi,12,10,三連複,2-3-14,210.6,210.6,53,https://www.keiba.go.jp/KeibaWeb/TodayRaceInfo/Odds3LenFuku?k_babaCode=20&k_raceDate=2026%2F10%2F07&k_raceNo=12
2026-10-07 20:40:00,20:39,2026-10-07,oi,12,10,三連複,2-3-10,211.9,211.9,54,https://www.keiba.go.jp/KeibaWeb/TodayRaceInfo/Odds3LenFuku?k_babaCode=20&k_raceDate=2026%2F10%2F07&k_raceNo=12
2026-10-07 20:40:00,20:39,2026-10-07,oi,12,10,三連複,2-3-7,217.5,217.5,55,https://www.keiba.go.jp/KeibaWeb/TodayRaceInfo/Odds3LenFuku?k_babaCode=20&k_raceDate=2026%2F10%2F07&k_raceNo=12
2026-10-07 20:40:00,20:39,2026-10-07,oi,12,10,三連複,1-10-14,225.9,225.9,56,https://www.keiba.go.jp/KeibaWeb/TodayRaceInfo/Odds3LenFuku?k_babaCode=20&k_raceDate=2026%2F10%2F07&k_raceNo=12
2026-10-07 20:40:00,20:39,2026-10-07,oi,12,10,三連複,4-10-13,239.8,239.8,57,https://www.keiba.go.jp/KeibaWeb/TodayRaceInfo/Odds3LenFuku?k_babaCode=20&k_raceDate=2026%2F10%2F07&k_raceNo=12
2026-10-07 20:40:00,20:39,2026-10-07,oi,12,10,三連複,1-7-14,245.5,245.5,58,https://www.keiba.go.jp/KeibaWeb/TodayRaceInfo/Odds3LenFuku?k_babaCode=20&k_raceDate=2026%2F10%2F07&k_raceNo=12
2026-10-07 20:40:00,20:39,2026-10-07,oi,12,10,三連複,6-10-13,247.3,247.3,59,https://www.keiba.go.jp/KeibaWeb/TodayRaceInfo/Odds3LenFuku?k_babaCode=20&k_raceDate=2026%2F10%2F07&k_raceNo=12
2026-10-07 20:40:00,20:39,2026-10-07,oi,12,10,三連複,6-7-13,247.8,247.8,60,https://www.keiba.go.jp/KeibaWeb/TodayRaceInfo/Odds3LenFuku?k_babaCode=20&k_raceDate=2026%2F10%2F07&k_raceNo=12
2026-10-07 20:40:00,20:39,2026-10-07,oi,12,10,三連複,1-7-10,261.6,261.6,61,https://www.keiba.go.jp/KeibaWeb/TodayRaceInfo/Odds3LenFuku?k_babaCode=20&k_raceDate=2026%2F10%2F07&k_raceNo=12
2026-10-07 20:40:00,20:39,2026-10-07,oi,12,10,三連複,2-7-9,273.8,273.8,62,https://www.keiba.go.jp/KeibaWeb/TodayRaceInfo/Odds3LenFuku?k_babaCode=20&k_raceDate=2026%2F10%2F07&k_raceNo=12
2026-10-07 20:40:00,20:39,2026-10-07,oi,12,10,三連複,12-13-14,278.6,278.6,63,https://www.keiba.go.jp/KeibaWeb/TodayRaceInfo/Odds3LenFuku?k_babaCode=20&k_raceDate=2026%2F10%2F07&k_raceNo=12
2026-10-07 20:40:00,20:39,2026-10-07,oi,12,10,三連複,4-7-10,282.8,282.8,64,https://www.keiba.go.jp/KeibaWeb/TodayRaceInfo/Odds3LenFuku?k_babaCode=20&k_raceDate=2026%2F10%2F07&k_raceNo=12
2026-10-07 20:40:00,20:39,2026-10-07,oi,12,10,三連複,2-9-10,288.6,288.6,65,https://www.keiba.go.jp/KeibaWeb/TodayRaceInfo/Odds3LenFuku?k_babaCode=20&k_raceDate=2026%2F10%2F07&k_raceNo=12
2026-10-07 20:40:00,20:39,2026-10-07,oi,12,10,三連複,2-9-14,289.7,289.7,66,https://www.keiba.go.jp/KeibaWeb/TodayRaceInfo/Odds3LenFuku?k_babaCode=20&k_raceDate=2026%2F10%2F07&k_raceNo=12
2026-10-07 20:40:00,20:39,2026-10-07,oi,12,10,三連複,6-10-14,305.6,305.6,67,https://www.keiba.go.jp/KeibaWeb/TodayRaceInfo/Odds3LenFuku?k_babaCode=20&k_raceDate=2026%2F10%2F07&k_raceNo=12
2026-10-07 20:40:00,20:39,2026-10-07,oi,12,10,三連複,6-7-14,308.1,308.1,68,https://www.keiba.go.jp/KeibaWeb/TodayRaceInfo/Odds3LenFuku?k_babaCode=20&k_raceDate=2026%2F10%2F07&k_raceNo=12
2026-10-07 20:40:00,20:39,2026-10-07,oi,12,10,三連複,8-13-14,312.3,312.3,69,https://www.keiba.go.jp/KeibaWeb/TodayRaceInfo/Odds3LenFuku?k_babaCode=20&k_raceDate=2026%2F10%2F07&k_raceNo=12
2026-10-07 20:40:00,20:39,2026-10-07,oi,12,10,三連複,4-7-14,318.9,318.9,70,https://www.keiba.go.jp/KeibaWeb/TodayRaceInfo/Odds3LenFuku?k_babaCode=20&k_raceDate=2026%2F10%2F07&k_raceNo=12
2026-10-07 20:40:00,20:39,2026-10-07,oi,12,10,三連複,3-5-9,326.9,326.9,71,https://www.keiba.go.jp/KeibaWeb/TodayRaceInfo/Odds3LenFuku?k_babaCode=20&k_raceDate=2026%2F10%2F07&k_raceNo=12
2026-10-07 20:40:00,20:39,2026-10-07,oi,12,10,三連複,4-10-14,342.4,342.4,72,https://www.keiba.go.jp/KeibaWeb/TodayRaceInfo/Odds3LenFuku?k_babaCode=20&k_raceDate=2026%2F10%2F07&k_raceNo=12
2026-10-07 20:40:00,20:39,2026-10-07,oi,12,10,三連複,7-8-13,377.9,377.9,73,https://www.keiba.go.jp/KeibaWeb/TodayRaceInfo/Odds3LenFuku?k_babaCode=20&k_raceDate=2026%2F10%2F07&k_raceNo=12
2026-10-07 20:40:00,20:39,2026-10-07,oi,12,10,三連複,6-7-10,378.8,378.8,74,https://www.keiba.go.jp/KeibaWeb/TodayRaceInfo/Odds3LenFuku?k_babaCode=20&k_raceDate=2026%2F10%2F07&k_raceNo=12
2026-10-07 20:40:00,20:39,2026-10-07,oi,12,10,三連複,2-3-5,387.7,387.7,75,https://www.keiba.go.jp/KeibaWeb/TodayRaceInfo/Odds3LenFuku?k_babaCode=20&k_raceDate=2026%2F10%2F07&k_raceNo=12
2026-10-07 20:40:00,20:39,2026-10-07,oi,12,10,三連複,5-6-13,407.3,407.3,76,https://www.keiba.go.jp/KeibaWeb/TodayRaceInfo/Odds3LenFuku?k_babaCode=20&k_raceDate=2026%2F10%2F07&k_raceNo=12
2026-10-07 20:40:00,20:39,2026-10-07,oi,12,10,三連複,7-12-13,424.7,424.7,77,https://www.keiba.go.jp/KeibaWeb/TodayRaceInfo/Odds3LenFuku?k_babaCode=20&k_raceDate=2026%2F10%2F07&k_raceNo=12
2026-10-07 20:40:00,20:39,2026-10-07,oi,12,10,三連複,2-5-9,447.9,447.9,78,https://www.keiba.go.jp/KeibaWeb/TodayRaceInfo/Odds3LenFuku?k_babaCode=20&k_raceDate=2026%2F10%2F07&k_raceNo=12
2026-10-07 20:40:00,20:39,2026-10-07,oi,12,10,三連複,8-10-13,453.0,453.0,79,https://www.keiba.go.jp/KeibaWeb/TodayRaceInfo/Odds3LenFuku?k_babaCode=20&k_raceDate=2026%2F10%2F07&k_raceNo=12
2026-10-07 20:40:00,20:39,2026-10-07,oi,12,10,三連複,1-5-13,456.5,456.5,80,https://www.keiba.go.jp/KeibaWeb/TodayRaceInfo/Odds3LenFuku?k_babaCode=20&k_raceDate=2026%2F10%2F07&k_raceNo=12
2026-10-07 20:40:00,20:39,2026-10-07,oi,12,10,三連複,1-5-14,460.9,460.9,81,https://www.keiba.go.jp/KeibaWeb/TodayRaceInfo/Odds3LenFuku?k_babaCode=20&k_raceDate=2026%2F10%2F07&k_raceNo=12
2026-10-07 20:40:00,20:39,2026-10-07,oi,12,10,三連複,5-6-14,495.3,495.3,82,https://www.keiba.go.jp/KeibaWeb/TodayRaceInfo/Odds3LenFuku?k_babaCode=20&k_raceDate=2026%2F10%2F07&k_raceNo=12
2026-10-07 20:40:00,20:39,2026-10-07,oi,12,10,三連複,10-12-13,502.4,502.4,83,https://www.keiba.go.jp/KeibaWeb/TodayRaceInfo/Odds3LenFuku?k_babaCode=20&k_raceDate=2026%2F10%2F07&k_raceNo=12
2026-10-07 20:40:00,20:39,2026-10-07,oi,12,10,三連複,11-13-14,505.8,505.8,84,https://www.keiba.go.jp/KeibaWeb/TodayRaceInfo/Odds3LenFuku?k_babaCode=20&k_raceDate=2026%2F10%2F07&k_raceNo=12
2026-10-07 20:40:00,20:39,2026-10-07,oi,12,10,三連複,4-7-9,513.7,513.7,85,https://www.keiba.go.jp/KeibaWeb/TodayRaceInfo/Odds3LenFuku?k_babaCode=20&k_raceDate=2026%2F10%2F07&k_raceNo=12
2026-10-07 20:40:00,20:39,2026-10-07,oi,12,10,三連複,1-2-13,521.3,521.3,86,https://www.keiba.go.jp/KeibaWeb/TodayRaceInfo/Odds3LenFuku?k_babaCode=20&k_raceDate=2026%2F10%2F07&k_raceNo=12
2026-10-07 20:40:00,20:39,2026-10-07,oi,12,10,三連複,7-10-12,521.9,521.9,87,https://www.keiba.go.jp/KeibaWeb/TodayRaceInfo/Odds3LenFuku?k_babaCode=20&k_raceDate=2026%2F10%2F07&k_raceNo=12
2026-10-07 20:40:00,20:39,2026-10-07,oi,12,10,三連複,6-9-13,526.0,526.0,88,https://www.keiba.go.jp/KeibaWeb/TodayRaceInfo/Odds3LenFuku?k_babaCode=20&k_raceDate=2026%2F10%2F07&k_raceNo=12
2026-10-07 20:40:00,20:39,2026-10-07,oi,12,10,三連複,2-3-9,551.5,551.5,89,https://www.keiba.go.jp/KeibaWeb/TodayRaceInfo/Odds3LenFuku?k_babaCode=20&k_raceDate=2026%2F10%2F07&k_raceNo=12
2026-10-07 20:40:00,20:39,2026-10-07,oi,12,10,三連複,1-3-13,559.7,559.7,90,https://www.keiba.go.jp/KeibaWeb/TodayRaceInfo/Odds3LenFuku?k_babaCode=20&k_raceDate=2026%2F10%2F07&k_raceNo=12
2026-10-07 20:40:00,20:39,2026-10-07,oi,12,10,三連複,7-8-10,562.1,562.1,91,https://www.keiba.go.jp/KeibaWeb/TodayRaceInfo/Odds3LenFuku?k_babaCode=20&k_raceDate=2026%2F10%2F07&k_raceNo=12
2026-10-07 20:40:00,20:39,2026-10-07,oi,12,10,三連複,4-9-13,573.1,573.1,92,https://www.keiba.go.jp/KeibaWeb/TodayRaceInfo/Odds3LenFuku?k_babaCode=20&k_raceDate=2026%2F10%2F07&k_raceNo=12
2026-10-07 20:40:00,20:39,2026-10-07,oi,12,10,三連複,1-9-13,578.8,578.8,93,https://www.keiba.go.jp/KeibaWeb/TodayRaceInfo/Odds3LenFuku?k_babaCode=20&k_raceDate=2026%2F10%2F07&k_raceNo=12
2026-10-07 20:40:00,20:39,2026-10-07,oi,12,10,三連複,7-12-14,587.9,587.9,94,https://www.keiba.go.jp/KeibaWeb/TodayRaceInfo/Odds3LenFuku?k_babaCode=20&k_raceDate=2026%2F10%2F07&k_raceNo=12
2026-10-07 20:40:00,20:39,2026-10-07,oi,12,10,三連複,7-8-14,594.6,594.6,95,https://www.keiba.go.jp/KeibaWeb/TodayRaceInfo/Odds3LenFuku?k_babaCode=20&k_raceDate=2026%2F10%2F07&k_raceNo=12
2026-10-07 20:40:00,20:39,2026-10-07,oi,12,10,三連複,1-9-14,601.4,601.4,96,https://www.keiba.go.jp/KeibaWeb/TodayRaceInfo/Odds3LenFuku?k_babaCode=20&k_raceDate=2026%2F10%2F07&k_raceNo=12
2026-10-07 20:40:00,20:39,2026-10-07,oi,12,10,三連複,4-5-13,606.2,606.2,97,https://www.keiba.go.jp/KeibaWeb/TodayRaceInfo/Odds3LenFuku?k_babaCode=20&k_raceDate=2026%2F10%2F07&k_raceNo=12
2026-10-07 20:40:00,20:39,2026-10-07,oi,12,10,三連複,1-7-9,613.3,613.3,98,https://www.keiba.go.jp/KeibaWeb/TodayRaceInfo/Odds3LenFuku?k_babaCode=20&k_raceDate=2026%2F10%2F07&k_raceNo=12
2026-10-07 20:40:00,20:39,2026-10-07,oi,12,10,三連複,4-5-7,618.4,618.4,99,https://www.keiba.go.jp/KeibaWeb/TodayRaceInfo/Odds3LenFuku?k_babaCode=20&k_raceDate=2026%2F10%2F07&k_raceNo=12
2026-10-07 20:40:00,20:39,2026-10-07,oi,12,10,三連複,10-12-14,619.8,619.8,100,https://www.keiba.go.jp/KeibaWeb/TodayRaceInfo/Odds3LenFuku?k_babaCode=20&k_raceDate=2026%2F10%2F07&k_raceNo=12
2026-10-07 20:40:00,20:39,2026-10-07,oi,12,10,三連複,3-4-13,622.0,622.0,101,https://www.keiba.go.jp/KeibaWeb/TodayRaceInfo/Odds3LenFuku?k_babaCode=20&k_raceDate=2026%2F10%2F07&k_raceNo=12
2026-10-07 20:40:00,20:39,2026-10-07,oi,12,10,三連複,1-5-7,622.8,622.8,102,https://www.keiba.go.jp/KeibaWeb/TodayRaceInfo/Odds3LenFuku?k_babaCode=20&k_raceDate=2026%2F10%2F07&k_raceNo=12
2026-10-07 20:40:00,20:39,2026-10-07,oi,12,10,三連複,8-10-14,628.0,628.0,103,https://www.keiba.go.jp/KeibaWeb/TodayRaceInfo/Odds3LenFuku?k_babaCode=20&k_raceDate=2026%2F10%2F07&k_raceNo=12
2026-10-07 20:40:00,20:39,2026-10-07,oi,12,10,三連複,2-6-13,634.8,634.8,104,https://www.keiba.go.jp/KeibaWeb/TodayRaceInfo/Odds3LenFuku?k_babaCode=20&k_raceDate=2026%2F10%2F07&k_raceNo=12
2026-10-07 20:40:00,20:39,2026-10-07,oi,12,10,三連複,1-5-10,638.7,638.7,105,https://www.keiba.go.jp/KeibaWeb/TodayRaceInfo/Odds3LenFuku?k_babaCode=20&k_raceDate=2026%2F10%2F07&k_raceNo=12
2026-10-07 20:40:00,20:39,2026-10-07,oi,12,10,三連複,1-3-14,648.1,648.1,106,https://www.keiba.go.jp/KeibaWeb/TodayRaceInfo/Odds3LenFuku?k_babaCode=20&k_raceDate=2026%2F10%2F07&k_raceNo=12
2026-10-07 20:40:00,20:39,2026-10-07,oi,12,10,三連複,5-6-7,663.7,663.7,107,https://www.keiba.go.jp/KeibaWeb/TodayRaceInfo/Odds3LenFuku?k_babaCode=20&k_raceDate=2026%2F10%2F07&k_raceNo=12
2026-10-07 20:40:00,20:39,2026-10-07,oi,12,10,三連複,5-6-10,666.2,666.2,108,https://www.keiba.go.jp/KeibaWeb/TodayRaceInfo/Odds3LenFuku?k_babaCode=20&k_raceDate=2026%2F10%2F07&k_raceNo=12
2026-10-07 20:40:00,20:39,2026-10-07,oi,12,10,三連複,6-9-14,666.2,666.2,108,https://www.keiba.go.jp/KeibaWeb/TodayRaceInfo/Odds3LenFuku?k_babaCode=20&k_raceDate=2026%2F10%2F07&k_raceNo=12
2026-10-07 20:40:00,20:39,2026-10-07,oi,12,10,三連複,3-6-14,701.9,701.9,110,https://www.keiba.go.jp/KeibaWeb/TodayRaceInfo/Odds3LenFuku?k_babaCode=20&k_raceDate=2026%2F10%2F07&k_raceNo=12
2026-10-07 20:40:00,20:39,2026-10-07,oi,12,10,三連複,5-8-13,706.6,706.6,111,https://www.keiba.go.jp/KeibaWeb/TodayRaceInfo/Odds3LenFuku?k_babaCode=20&k_raceDate=2026%2F10%2F07&k_raceNo=12
2026-10-07 20:40:00,20:39,2026-10-07,oi,12,10,三連複,1-3-7,712.3,712.3,112,https://www.keiba.go.jp/KeibaWeb/TodayRaceInfo/Odds3LenFuku?k_babaCode=20&k_raceDate=2026%2F10%2F07&k_raceNo=12
2026-10-07 20:40:00,20:39,2026-10-07,oi,12,10,三連複,1-2-14,713.3,713.3,113,https://www.keiba.go.jp/KeibaWeb/TodayRaceInfo/Odds3LenFuku?k_babaCode=20&k_raceDate=2026%2F10%2F07&k_raceNo=12
2026-10-07 20:40:00,20:39,2026-10-07,oi,12,10,三連複,3-6-13,718.2,718.2,114,https://www.keiba.go.jp/KeibaWeb/TodayRaceInfo/Odds3LenFuku?k_babaCode=20&k_raceDate=2026%2F10%2F07&k_raceNo=12
2026-10-07 20:40:00,20:39,2026-10-07,oi,12,10,三連複,3-4-7,720.2,720.2,115,https://www.keiba.go.jp/KeibaWeb/TodayRaceInfo/Odds3LenFuku?k_babaCode=20&k_raceDate=2026%2F10%2F07&k_raceNo=12
2026-10-07 20:40:00,20:39,2026-10-07,oi,12,10,三連複,1-2-10,740.5,740.5,116,https://www.keiba.go.jp/KeibaWeb/TodayRaceInfo/Odds3LenFuku?k_babaCode=20&k_raceDate=2026%2F10%2F07&k_raceNo=12
2026-10-07 20:40:00,20:39,2026-10-07,oi,12,10,三連複,1-2-7,756.5,756.5,117,https://www.keiba.go.jp/KeibaWeb/TodayRaceInfo/Odds3LenFuku?k_babaCode=20&k_raceDate=2026%2F10%2F07&k_raceNo=12
2026-10-07 20:40:00,20:39,2026-10-07,oi,12,10,三連複,3-4-10,765.3,765.3,118,https://www.keiba.go.jp/KeibaWeb/TodayRaceInfo/Odds3LenFuku?k_babaCode=20&k_raceDate=2026%2F10%2F07&k_raceNo=12
2026-10-07 20:40:00,20:39,2026-10-07,oi,12,10,三連複,2-4-13,787.1,787.1,119,https://www.keiba.go.jp/KeibaWeb/TodayRaceInfo/Odds3LenFuku?k_babaCode=20&k_raceDate=2026%2F10%2F07&k_raceNo=12
2026-10-07 20:40:00,20:39,2026-10-07,oi,12,10,三連複,2-6-14,821.6,821.6,120,https://www.keiba.go.jp/KeibaWeb/TodayRaceInfo/Odds3LenFuku?k_babaCode=20&k_raceDate=2026%2F10%2F07&k_raceNo=12
2026-10-07 20:40:00,20:39,2026-10-07,oi,12,10,三連複,1-3-10,822.9,822.9,121,https://www.keiba.go.jp/KeibaWeb/TodayRaceInfo/Odds3LenFuku?k_babaCode=20&k_raceDate=2026%2F10%2F07&k_raceNo=12
2026-10-07 20:40:00,20:39,2026-10-07,oi,12,10,三連複,1-9-10,841.4,841.4,122,https://www.keiba.go.jp/KeibaWeb/TodayRaceInfo/Odds3LenFuku?k_babaCode=20&k_raceDate=2026%2F10%2F07&k_raceNo=12
2026-10-07 20:40:00,20:39,2026-10-07,oi,12,10,三連複,6-7-9,853.7,853.7,123,https://www.keiba.go.jp/KeibaWeb/TodayRaceInfo/Odds3LenFuku?k_babaCode=20&k_raceDate=2026%2F10%2F07&k_raceNo=12
2026-10-07 20:40:00,20:39,2026-10-07,oi,12,10,三連複,4-5-14,875.0,875.0,124,https://www.keiba.go.jp/KeibaWeb/TodayRaceInfo/Odds3LenFuku?k_babaCode=20&k_raceDate=2026%2F10%2F07&k_raceNo=12
2026-10-07 20:40:00,20:39,2026-10-07,oi,12,10,三連複,2-4-7,891.4,891.4,125,https://www.keiba.go.jp/KeibaWeb/TodayRaceInfo/Odds3LenFuku?k_babaCode=20&k_raceDate=2026%2F10%2F07&k_raceNo=12
2026-10-07 20:40:00,20:39,2026-10-07,oi,12,10,三連複,4-9-14,892.9,892.9,126,https://www.keiba.go.jp/KeibaWeb/TodayRaceInfo/Odds3LenFuku?k_babaCode=20&k_raceDate=2026%2F10%2F07&k_raceNo=12
2026-10-07 20:40:00,20:39,2026-10-07,oi,12,10,三連複,4-9-10,903.6,903.6,127,https://www.keiba.go.jp/KeibaWeb/TodayRaceInfo/Odds3LenFuku?k_babaCode=20&k_raceDate=2026%2F10%2F07&k_raceNo=12
2026-10-07 20:40:00,20:39,2026-10-07,oi,12,10,三連複,7-11-13,914.6,914.6,128,https://www.keiba.go.jp/KeibaWeb/TodayRaceInfo/Odds3LenFuku?k_babaCode=20&k_raceDate=2026%2F10%2F07&k_raceNo=12
2026-10-07 20:40:00,20:39,2026-10-07,oi,12,10,三連複,3-6-7,935.8,935.8,129,https://www.keiba.go.jp/KeibaWeb/TodayRaceInfo/Odds3LenFuku?k_babaCode=20&k_raceDate=2026%2F10%2F07&k_raceNo=12
2026-10-07 20:40:00,20:39,2026-10-07,oi,12,10,三連複,3-4-14,940.9,940.9,130,https://www.keiba.go.jp/KeibaWeb/TodayRaceInfo/Odds3LenFuku?k_babaCode=20&k_raceDate=2026%2F10%2F07&k_raceNo=12
2026-10-07 20:40:00,20:39,2026-10-07,oi,12,10,三連複,5-7-12,959.8,959.8,131,https://www.keiba.go.jp/KeibaWeb/TodayRaceInfo/Odds3LenFuku?k_babaCode=20&k_raceDate=2026%2F10%2F07&k_raceNo=12
2026-10-07 20:40:00,20:39,2026-10-07,oi,12,10,三連複,4-5-10,963.3,963.3,132,https://www.keiba.go.jp/KeibaWeb/TodayRaceInfo/Odds3LenFuku?k_babaCode=20&k_raceDate=2026%2F10%2F07&k_raceNo=12
2026-10-07 20:40:00,20:39,2026-10-07,oi,12,10,三連複,2-8-13,990.6,990.6,133,https://www.keiba.go.jp/KeibaWeb/TodayRaceInfo/Odds3LenFuku?k_babaCode=20&k_raceDate=2026%2F10%2F07&k_raceNo=12
2026-10-07 20:40:00,20:39,2026-10-07,oi,12,10,三連複,2-6-7,1000.0,1000.0,134,https://www.keiba.go.jp/KeibaWeb/TodayRaceInfo/Odds3LenFuku?k_babaCode=20&k_raceDate=2026%2F10%2F07&k_raceNo=12
2026-10-07 20:40:00,20:39,2026-10-07,oi,12,10,三連複,5-6-9,1011.6,1011.6,135,https://www.keiba.go.jp/KeibaWeb/TodayRaceInfo/Odds3LenFuku?k_babaCode=20&k_raceDate=2026%2F10%2F07&k_raceNo=12
2026-10-07 20:40:00,20:39,2026-10-07,oi,12,10,三連複,10-11-13,1013.5,1013.5,136,https://www.keiba.go.jp/KeibaWeb/TodayRaceInfo/Odds3LenFuku?k_babaCode=20&k_raceDate=2026%2F10%2F07&k_raceNo=12
2026-10-07 20:40:00,20:39,2026-10-07,oi,12,10,三連複,1-2-5,1035.5,1035.5,137,https://www.keiba.go.jp/KeibaWeb/TodayRaceInfo/Odds3LenFuku?k_babaCode=20&k_raceDate=2026%2F10%2F07&k_raceNo=12
2026-10-07 20:40:00,20:39,2026-10-07,oi,12,10,三連複,5-7-8,1050.0,1050.0,138,https://www.keiba.go.jp/KeibaWeb/TodayRaceInfo/Odds3LenFuku?k_babaCode=20&k_raceDate=2026%2F10%2F07&k_raceNo=12
2026-10-07 20:40:00,20:39,2026-10-07,oi,12,10,三連複,2-4-14,1064.9,1064.9,139,https://www.keiba.go.jp/KeibaWeb/TodayRaceInfo/Odds3LenFuku?k_babaCode=20&k_raceDate=2026%2F10%2F07&k_raceNo=12
2026-10-07 20:40:00,20:39,2026-10-07,oi,12,10,三連複,8-9-13,1075.8,1075.8,140,https://www.keiba.go.jp/KeibaWeb/TodayRaceInfo/Odds3LenFuku?k_babaCode=20&k_raceDate=2026%2F10%2F07&k_raceNo=12
2026-10-07 20:40:00,20:39,2026-10-07,oi,12,10,三連複,1-3-9,1078.1,1078.1,141,https://www.keiba.go.jp/KeibaWeb/TodayRaceInfo/Odds3LenFuku?k_babaCode=20&k_raceDate=2026%2F10%2F07&k_raceNo=12
2026-10-07 20:40:00,20:39,2026-10-07,oi,12,10,三連複,3-4-9,1087.0,1087.0,142,https://www.keiba.go.jp/KeibaWeb/TodayRaceInfo/Odds3LenFuku?k_babaCode=20&k_raceDate=2026%2F10%2F07&k_raceNo=12
2026-10-07 20:40:00,20:39,2026-10-07,oi,12,10,三連複,3-8-13,1091.5,1091.5,143,https://www.keiba.go.jp/KeibaWeb/TodayRaceInfo/Odds3LenFuku?k_babaCode=20&k_raceDate=2026%2F10%2F07&k_raceNo=12
2026-10-07 20:40:00,20:39,2026-10-07,oi,12,10,三連複,6-9-10,1096.1,1096.1,144,https://www.keiba.go.jp/KeibaWeb/TodayRaceInfo/Odds3LenFuku?k_babaCode=20&k_raceDate=2026%2F10%2F07&k_raceNo=12
2026-10-07 20:40:00,20:39,2026-10-07,oi,12,10,三連複,1-3-5,1098.4,1098.4,145,https://www.keiba.go.jp/KeibaWeb/TodayRaceInfo/Odds3LenFuku?k_babaCode=20&k_raceDate=2026%2F10%2F07&k_raceNo=12
2026-10-07 20:40:00,20:39,2026-10-07,oi,12,10,三連複,3-6-10,1100.7,1100.7,146,https://www.keiba.go.jp/KeibaWeb/TodayRaceInfo/Odds3LenFuku?k_babaCode=20&k_raceDate=2026%2F10%2F07&k_raceNo=12
2026-10-07 20:40:00,20:39,2026-10-07,oi,12,10,三連複,5-12-13,1121.8,1121.8,147,https://www.keiba.go.jp/KeibaWeb/TodayRaceInfo/Odds3LenFuku?k_babaCode=20&k_raceDate=2026%2F10%2F07&k_raceNo=12
2026-10-07 20:40:00,20:39,2026-10-07,oi,12,10,三連複,3-7-8,1148.8,1148.8,148,https://www.keiba.go.jp/KeibaWeb/TodayRaceInfo/Odds3LenFuku?k_babaCode=20&k_raceDate=2026%2F10%2F07&k_raceNo=12
2026-10-07 20:40:00,20:39,2026-10-07,oi,12,10,三連複,7-9-12,1161.5,1161.5,149,https://www.keiba.go.jp/KeibaWeb/TodayRaceInfo/Odds3LenFuku?k_babaCode=20&k_raceDate=2026%2F10%2F07&k_raceNo=12
2026-10-07 20:40:00,20:39,2026-10-07,oi,12,10,三連複,2-4-10,1177.2,1177.2,150,https://www.keiba.go.jp/KeibaWeb/TodayRaceInfo/Odds3LenFuku?k_babaCode=20&k_raceDate=2026%2F10%2F07&k_raceNo=12
2026-10-07 20:40:00,20:39,2026-10-07,oi,12,10,三連複,7-8-9,1177.2,1177.2,150,https://www.keiba.go.jp/KeibaWeb/TodayRaceInfo/Odds3LenFuku?k_babaCode=20&k_raceDate=2026%2F10%2F07&k_raceNo=12
2026-10-07 20:40:00,20:39,2026-10-07,oi,12,10,三連複,2-6-10,1223.8,1223.8,152,https://www.keiba.go.jp/KeibaWeb/TodayRaceInfo/Odds3LenFuku?k_babaCode=20&k_raceDate=2026%2F10%2F07&k_raceNo=12
2026-10-07 20:40:00,20:39,2026-10-07,oi,12,10,三連複,7-10-11,1244.1,1244.1,153,https://www.keiba.go.jp/KeibaWeb/TodayRaceInfo/Odds3LenFuku?k_babaCode=20&k_raceDate=2026%2F10%2F07&k_raceNo=12
2026-10-07 20:40:00,20:39,2026-10-07,oi,12,10,三連複,3-12-13,1247.1,1247.1,154,https://www.keiba.go.jp/KeibaWeb/TodayRaceInfo/Odds3LenFuku?k_babaCode=20&k_raceDate=2026%2F10%2F07&k_raceNo=12
2026-10-07 20:40:00,20:39,2026-10-07,oi,12,10,三連複,7-11-14,1250.0,1250.0,155,https://www.keiba.go.jp/KeibaWeb/TodayRaceInfo/Odds3LenFuku?k_babaCode=20&k_raceDate=2026%2F10%2F07&k_raceNo=12
2026-10-07 20:40:00,20:39,2026-10-07,oi,12,10,三連複,5-8-10,1268.2,1268.2,156,https://www.keiba.go.jp/KeibaWeb/TodayRaceInfo/Odds3LenFuku?k_babaCode=20&k_raceDate=2026%2F10%2F07&k_raceNo=12
2026-10-07 20:40:00,20:39,2026-10-07,oi,12,10,三連複,9-12-13,1268.2,1268.2,156,https://www.keiba.go.jp/KeibaWeb/TodayRaceInfo/Odds3LenFuku?k_babaCode=20&k_raceDate=2026%2F10%2F07&k_raceNo=12
2026-10-07 20:40:00,20:39,2026-10-07,oi,12,10,三連複,1-6-14,1280.5,1280.5,158,https://www.keiba.go.jp/KeibaWeb/TodayRaceInfo/Odds3LenFuku?k_babaCode=20&k_raceDate=2026%2F10%2F07&k_raceNo=12
2026-10-07 20:40:00,20:39,2026-10-07,oi,12,10,三連複,5-8-14,1290.0,1290.0,159,https://www.keiba.go.jp/KeibaWeb/TodayRaceInfo/Odds3LenFuku?k_babaCode=20&k_raceDate=2026%2F10%2F07&k_raceNo=12
2026-10-07 20:40:00,20:39,2026-10-07,oi,12,10,三連複,2-5-6,1293.1,1293.1,160,https://www.keiba.go.jp/KeibaWeb/TodayRaceInfo/Odds3LenFuku?k_babaCode=20&k_raceDate=2026%2F10%2F07&k_raceNo=12
2026-10-07 20:40:00,20:39,2026-10-07,oi,12,10,三連複,1-5-9,1349.7,1349.7,161,https://www.keiba.go.jp/KeibaWeb/TodayRaceInfo/Odds3LenFuku?k_babaCode=20&k_raceDate=2026%2F10%2F07&k_raceNo=12
2026-10-07 20:40:00,20:39,2026-10-07,oi,12,10,三連複,10-11-14,1381.6,1381.6,162,https://www.keiba.go.jp/KeibaWeb/TodayRaceInfo/Odds3LenFuku?k_babaCode=20&k_raceDate=2026%2F10%2F07&k_raceNo=12
2026-10-07 20:40:00,20:39,2026-10-07,oi,12,10,三連複,1-6-13,1385.3,1385.3,163,https://www.keiba.go.jp/KeibaWeb/TodayRaceInfo/Odds3LenFuku?k_babaCode=20&k_raceDate=2026%2F10%2F07&k_raceNo=12
2026-10-07 20:40:00,20:39,2026-10-07,oi,12,10,三連複,4-5-9,1392.6,1392.6,164,https://www.keiba.go.jp/KeibaWeb/TodayRaceInfo/Odds3LenFuku?k_babaCode=20&k_raceDate=2026%2F10%2F07&k_raceNo=12
2026-10-07 20:40:00,20:39,2026-10-07,oi,12,10,三連複,1-2-3,1400.0,1400.0,165,https://www.keiba.go.jp/KeibaWeb/TodayRaceInfo/Odds3LenFuku?k_babaCode=20&k_raceDate=2026%2F10%2F07&k_raceNo=12
2026-10-07 20:40:00,20:39,2026-10-07,oi,12,10,三連複,2-7-8,1434.5,1434.5,166,https://www.keiba.go.jp/KeibaWeb/TodayRaceInfo/Odds3LenFuku?k_babaCode=20&k_raceDate=2026%2F10%2F07&k_raceNo=12
2026-10-07 20:40:00,20:39,2026-10-07,oi,12,10,三連複,3-4-5,1508.7,1508.7,167,https://www.keiba.go.jp/KeibaWeb/TodayRaceInfo/Odds3LenFuku?k_babaCode=20&k_raceDate=2026%2F10%2F07&k_raceNo=12
2026-10-07 20:40:00,20:39,2026-10-07,oi,12,10,三連複,3-10-12,1535.1,1535.1,168,https://www.keiba.go.jp/KeibaWeb/TodayRaceInfo/Odds3LenFuku?k_babaCode=20&k_raceDate=2026%2F10%2F07&k_raceNo=12
2026-10-07 20:40:00,20:39,2026-10-07,oi,12,10,三連複,5-10-12,1567.2,1567.2,169,https://www.keiba.go.jp/KeibaWeb/TodayRaceInfo/Odds3LenFuku?k_babaCode=20&k_raceDate=2026%2F10%2F07&k_raceNo=12
2026-10-07 20:40:00,20:39,2026-10-07,oi,12,10,三連複,2-4-5,1595.8,1595.8,170,https://www.keiba.go.jp/KeibaWeb/TodayRaceInfo/Odds3LenFuku?k_babaCode=20&k_raceDate=2026%2F10%2F07&k_raceNo=12
2026-10-07 20:40:00,20:39,2026-10-07,oi,12,10,三連複,5-12-14,1640.7,1640.7,171,https://www.keiba.go.jp/KeibaWeb/TodayRaceInfo/Odds3LenFuku?k_babaCode=20&k_raceDate=2026%2F10%2F07&k_raceNo=12
2026-10-07 20:40:00,20:39,2026-10-07,oi,12,10,三連複,2-3-4,1651.0,1651.0,172,https://www.keiba.go.jp/KeibaWeb/TodayRaceInfo/Odds3LenFuku?k_babaCode=20&k_raceDate=2026%2F10%2F07&k_raceNo=12
2026-10-07 20:40:00,20:39,2026-10-07,oi,12,10,三連複,2-12-13,1651.0,1651.0,172,https://www.keiba.go.jp/KeibaWeb/TodayRaceInfo/Odds3LenFuku?k_babaCode=20&k_raceDate=2026%2F10%2F07&k_raceNo=12
2026-10-07 20:40:00,20:39,2026-10-07,oi,12,10,三連複,3-8-14,1710.2,1710.2,174,https://www.keiba.go.jp/KeibaWeb/TodayRaceInfo/Odds3LenFuku?k_babaCode=20&k_raceDate=2026%2F10%2F07&k_raceNo=12
2026-10-07 20:40:00,20:39,2026-10-07,oi,12,10,三連複,4-7-12,1715.8,1715.8,175,https://www.keiba.go.jp/KeibaWeb/TodayRaceInfo/Odds3LenFuku?k_babaCode=20&k_raceDate=2026%2F10%2F07&k_raceNo=12
2026-10-07 20:40:00,20:39,2026-10-07,oi,12,10,三連複,9-11-13,1721.4,1721.4,176,https://www.keiba.go.jp/KeibaWeb/TodayRaceInfo/Odds3LenFuku?k_babaCode=20&k_raceDate=2026%2F10%2F07&k_raceNo=12
2026-10-07 20:40:00,20:39,2026-10-07,oi,12,10,三連複,3-5-6,1727.0,1727.0,177,https://www.keiba.go.jp/KeibaWeb/TodayRaceInfo/Odds3LenFuku?k_babaCode=20&k_raceDate=2026%2F10%2F07&k_raceNo=12
2026-10-07 20:40:00,20:39,2026-10-07,oi,12,10,三連複,2-8-14,1744.3,1744.3,178,https://www.keiba.go.jp/KeibaWeb/TodayRaceInfo/Odds3LenFuku?k_babaCode=20&k_raceDate=2026%2F10%2F07&k_raceNo=12
2026-10-07 20:40:00,20:39,2026-10-07,oi,12,10,三連複,3-7-12,1750.1,1750.1,179,https://www.keiba.go.jp/KeibaWeb/TodayRaceInfo/Odds3LenFuku?k_babaCode=20&k_raceDate=2026%2F10%2F07&k_raceNo=12
2026-10-07 20:40:00,20:39,2026-10-07,oi,12,10,三連複,5-11-13,1773.7,1773.7,180,https://www.keiba.go.jp/KeibaWeb/TodayRaceInfo/Odds3LenFuku?k_babaCode=20&k_raceDate=2026%2F10%2F07&k_raceNo=12
2026-10-07 20:40:00,20:39,2026-10-07,oi,12,10,三連複,1-4-7,1810.4,1810.4,181,https://www.keiba.go.jp/KeibaWeb/TodayRaceInfo/Odds3LenFuku?k_babaCode=20&k_raceDate=2026%2F10%2F07&k_raceNo=12
2026-10-07 20:40:00,20:39,2026-10-07,oi,12,10,三連複,8-9-14,1855.2,1855.2,182,https://www.keiba.go.jp/KeibaWeb/TodayRaceInfo/Odds3LenFuku?k_babaCode=20&k_raceDate=2026%2F10%2F07&k_raceNo=12
2026-10-07 20:40:00,20:39,2026-10-07,oi,12,10,三連複,2-8-10,1875.1,1875.1,183,https://www.keiba.go.jp/KeibaWeb/TodayRaceInfo/Odds3LenFuku?k_babaCode=20&k_raceDate=2026%2F10%2F07&k_raceNo=12
2026-10-07 20:40:00,20:39,2026-10-07,oi,12,10,三連複,8-9-10,1875.1,1875.1,183,https://www.keiba.go.jp/KeibaWeb/TodayRaceInfo/Odds3LenFuku?k_babaCode=20&k_raceDate=2026%2F10%2F07&k_raceNo=12
2026-10-07 20:40:00,20:39,2026-10-07,oi,12,10,三連複,3-8-10,1895.4,1895.4,185,https://www.keiba.go.jp/KeibaWeb/TodayRaceInfo/Odds3LenFuku?k_babaCode=20&k_raceDate=2026%2F10%2F07&k_raceNo=12
2026-10-07 20:40:00,20:39,2026-10-07,oi,12,10,三連複,3-6-9,1923.2,1923.2,186,https://www.keiba.go.jp/KeibaWeb/TodayRaceInfo/Odds3LenFuku?k_babaCode=20&k_raceDate=2026%2F10%2F07&k_raceNo=12
2026-10-07 20:40:00,20:39,2026-10-07,oi,12,10,三連複,5-8-9,1923.2,1923.2,186,https://www.keiba.go.jp/KeibaWeb/TodayRaceInfo/Odds3LenFuku?k_babaCode=20&k_raceDate=2026%2F10%2F07&k_raceNo=12
2026-10-07 20:40:00,20:39,2026-10-07,oi,12,10,三連複,3-5-8,1937.4,1937.4,188,https://www.keiba.go.jp/KeibaWeb/TodayRaceInfo/Odds3LenFuku?k_babaCode=20&k_raceDate=2026%2F10%2F07&k_raceNo=12
2026-10-07 20:40:00,20:39,2026-10-07,oi,12,10,三連複,3-12-14,1973.8,1973.8,189,https://www.keiba.go.jp/KeibaWeb/TodayRaceInfo/Odds3LenFuku?k_babaCode=20&k_raceDate=2026%2F10%2F07&k_raceNo=12
2026-10-07 20:40:00,20:39,2026-10-07,oi,12,10,三連複,4-6-13,1973.8,1973.8,189,https://www.keiba.go.jp/KeibaWeb/TodayRaceInfo/Odds3LenFuku?k_babaCode=20&k_raceDate=2026%2F10%2F07&k_raceNo=12
2026-10-07 20:40:00,20:39,2026-10-07,oi,12,10,三連複,2-7-12,2003.9,2003.9,191,https://www.keiba.go.jp/KeibaWeb/TodayRaceInfo/Odds3LenFuku?k_babaCode=20&k_raceDate=2026%2F10%2F07&k_raceNo=12
2026-10-07 20:40:00,20:39,2026-10-07,oi,12,10,三連複,2-12-14,2019.3,2019.3,192,https://www.keiba.go.jp/KeibaWeb/TodayRaceInfo/Odds3LenFuku?k_babaCode=20&k_raceDate=2026%2F10%2F07&k_raceNo=12
2026-10-07 20:40:00,20:39,2026-10-07,oi,12,10,三連複,9-10-12,2019.3,2019.3,192,https://www.keiba.go.jp/KeibaWeb/TodayRaceInfo/Odds3LenFuku?k_babaCode=20&k_raceDate=2026%2F10%2F07&k_raceNo=12
2026-10-07 20:40:00,20:39,2026-10-07,oi,12,10,三連複,1-4-13,2027.1,2027.1,194,https://www.keiba.go.jp/KeibaWeb/TodayRaceInfo/Odds3LenFuku?k_babaCode=20&k_raceDate=2026%2F10%2F07&k_raceNo=12
2026-10-07 20:40:00,20:39,2026-10-07,oi,12,10,三連複,2-6-9,2083.4,2083.4,195,https://www.keiba.go.jp/KeibaWeb/TodayRaceInfo/Odds3LenFuku?k_babaCode=20&k_raceDate=2026%2F10%2F07&k_raceNo=12
2026-10-07 20:40:00,20:39,2026-10-07,oi,12,10,三連複,1-2-9,2125.6,2125.6,196,https://www.keiba.go.jp/KeibaWeb/TodayRaceInfo/Odds3LenFuku?k_babaCode=20&k_raceDate=2026%2F10%2F07&k_raceNo=12
2026-10-07 20:40:00,20:39,2026-10-07,oi,12,10,三連複,9-12-14,2125.6,2125.6,196,https://www.keiba.go.jp/KeibaWeb/TodayRaceInfo/Odds3LenFuku?k_babaCode=20&k_raceDate=2026%2F10%2F07&k_raceNo=12
2026-10-07 20:40:00,20:39,2026-10-07,oi,12,10,三連複,1-6-7,2134.2,2134.2,198,https://www.keiba.go.jp/KeibaWeb/TodayRaceInfo/Odds3LenFuku?k_babaCode=20&k_raceDate=2026%2F10%2F07&k_raceNo=12
2026-10-07 20:40:00,20:39,2026-10-07,oi,12,10,三連複,1-4-9,2160.6,2160.6,199,https://www.keiba.go.jp/KeibaWeb/TodayRaceInfo/Odds3LenFuku?k_babaCode=20&k_raceDate=2026%2F10%2F07&k_raceNo=12
2026-10-07 20:40:00,20:39,2026-10-07,oi,12,10,三連複,1-4-14,2178.5,2178.5,200,https://www.keiba.go.jp/KeibaWeb/TodayRaceInfo/Odds3LenFuku?k_babaCode=20&k_raceDate=2026%2F10%2F07&k_raceNo=12
2026-10-07 20:40:00,20:39,2026-10-07,oi,12,10,三連複,2-11-13,2253.3,2253.3,201,https://www.keiba.go.jp/KeibaWeb/TodayRaceInfo/Odds3LenFuku?k_babaCode=20&k_raceDate=2026%2F10%2F07&k_raceNo=12
2026-10-07 20:40:00,20:39,2026-10-07,oi,12,10,三連複,2-3-6,2343.9,2343.9,202,https://www.keiba.go.jp/KeibaWeb/TodayRaceInfo/Odds3LenFuku?k_babaCode=20&k_raceDate=2026%2F10%2F07&k_raceNo=12
2026-10-07 20:40:00,20:39,2026-10-07,oi,12,10,三連複,2-4-9,2343.9,2343.9,202,https://www.keiba.go.jp/KeibaWeb/TodayRaceInfo/Odds3LenFuku?k_babaCode=20&k_raceDate=2026%2F10%2F07&k_raceNo=12
2026-10-07 20:40:00,20:39,2026-10-07,oi,12,10,三連複,2-5-8,2419.5,2419.5,204,https://www.keiba.go.jp/KeibaWeb/TodayRaceInfo/Odds3LenFuku?k_babaCode=20&k_raceDate=2026%2F10%2F07&k_raceNo=12
2026-10-07 20:40:00,20:39,2026-10-07,oi,12,10,三連複,2-10-12,2512.1,2512.1,205,https://www.keiba.go.jp/KeibaWeb/TodayRaceInfo/Odds3LenFuku?k_babaCode=20&k_raceDate=2026%2F10%2F07&k_raceNo=12
2026-10-07 20:40:00,20:39,2026-10-07,oi,12,10,三連複,1-4-10,2524.2,2524.2,206,https://www.keiba.go.jp/KeibaWeb/TodayRaceInfo/Odds3LenFuku?k_babaCode=20&k_raceDate=2026%2F10%2F07&k_raceNo=12
2026-10-07 20:40:00,20:39,2026-10-07,oi,12,10,三連複,2-3-12,2599.1,2599.1,207,https://www.keiba.go.jp/KeibaWeb/TodayRaceInfo/Odds3LenFuku?k_babaCode=20&k_raceDate=2026%2F10%2F07&k_raceNo=12
2026-10-07 20:40:00,20:39,2026-10-07,oi,12,10,三連複,5-11-14,2612.1,2612.1,208,https://www.keiba.go.jp/KeibaWeb/TodayRaceInfo/Odds3LenFuku?k_babaCode=20&k_raceDate=2026%2F10%2F07&k_raceNo=12
2026-10-07 20:40:00,20:39,2026-10-07,oi,12,10,三連複,5-7-11,2638.3,2638.3,209,https://www.keiba.go.jp/KeibaWeb/TodayRaceInfo/Odds3LenFuku?k_babaCode=20&k_raceDate=2026%2F10%2F07&k_raceNo=12
2026-10-07 20:40:00,20:39,2026-10-07,oi,12,10,三連複,1-8-13,2678.7,2678.7,210,https://www.keiba.go.jp/KeibaWeb/TodayRaceInfo/Odds3LenFuku?k_babaCode=20&k_raceDate=2026%2F10%2F07&k_raceNo=12
2026-10-07 20:40:00,20:39,2026-10-07,oi,12,10,三連複,5-9-12,2748.8,2748.8,211,https://www.keiba.go.jp/KeibaWeb/TodayRaceInfo/Odds3LenFuku?k_babaCode=20&k_raceDate=2026%2F10%2F07&k_raceNo=12
2026-10-07 20:40:00,20:39,2026-10-07,oi,12,10,三連複,3-11-13,2792.7,2792.7,212,https://www.keiba.go.jp/KeibaWeb/TodayRaceInfo/Odds3LenFuku?k_babaCode=20&k_raceDate=2026%2F10%2F07&k_raceNo=12
2026-10-07 20:40:00,20:39,2026-10-07,oi,12,10,三連複,1-6-10,2807.6,2807.6,213,https://www.keiba.go.jp/KeibaWeb/TodayRaceInfo/Odds3LenFuku?k_babaCode=20&k_raceDate=2026%2F10%2F07&k_raceNo=12
2026-10-07 20:40:00,20:39,2026-10-07,oi,12,10,三連複,3-7-11,2822.7,2822.7,214,https://www.keiba.go.jp/KeibaWeb/TodayRaceInfo/Odds3LenFuku?k_babaCode=20&k_raceDate=2026%2F10%2F07&k_raceNo=12
2026-10-07 20:40:00,20:39,2026-10-07,oi,12,10,三連複,7-9-11,2822.7,2822.7,214,https://www.keiba.go.jp/KeibaWeb/TodayRaceInfo/Odds3LenFuku?k_babaCode=20&k_raceDate=2026%2F10%2F07&k_raceNo=12
2026-10-07 20:40:00,20:39,2026-10-07,oi,12,10,三連複,3-8-9,2869.0,2869.0,216,https://www.keiba.go.jp/KeibaWeb/TodayRaceInfo/Odds3LenFuku?k_babaCode=20&k_raceDate=2026%2F10%2F07&k_raceNo=12
2026-10-07 20:40:00,20:39,2026-10-07,oi,12,10,三連複,4-6-14,2869.0,2869.0,216,https://www.keiba.go.jp/KeibaWeb/TodayRaceInfo/Odds3LenFuku?k_babaCode=20&k_raceDate=2026%2F10%2F07&k_raceNo=12
2026-10-07 20:40:00,20:39,2026-10-07,oi,12,10,三連複,1-2-4,2983.1,2983.1,218,https://www.keiba.go.jp/KeibaWeb/TodayRaceInfo/Odds3LenFuku?k_babaCode=20&k_raceDate=2026%2F10%2F07&k_raceNo=12
2026-10-07 20:40:00,20:39,2026-10-07,oi,12,10,三連複,6-8-13,3017.4,3017.4,219,https://www.keiba.go.jp/KeibaWeb/TodayRaceInfo/Odds3LenFuku?k_babaCode=20&k_raceDate=2026%2F10%2F07&k_raceNo=12
2026-10-07 20:40:00,20:39,2026-10-07,oi,12,10,三連複,4-7-8,3034.8,3034.8,220,https://www.keiba.go.jp/KeibaWeb/TodayRaceInfo/Odds3LenFuku?k_babaCode=20&k_raceDate=2026%2F10%2F07&k_raceNo=12
2026-10-07 20:40:00,20:39,2026-10-07,oi,12,10,三連複,5-10-11,3088.4,3088.4,221,https://www.keiba.go.jp/KeibaWeb/TodayRaceInfo/Odds3LenFuku?k_babaCode=20&k_raceDate=2026%2F10%2F07&k_raceNo=12
2026-10-07 20:40:00,20:39,2026-10-07,oi,12,10,三連複,4-8-13,3106.7,3106.7,222,https://www.keiba.go.jp/KeibaWeb/TodayRaceInfo/Odds3LenFuku?k_babaCode=20&k_raceDate=2026%2F10%2F07&k_raceNo=12
2026-10-07 20:40:00,20:39,2026-10-07,oi,12,10,三連複,3-5-12,3221.0,3221.0,223,https://www.keiba.go.jp/KeibaWeb/TodayRaceInfo/Odds3LenFuku?k_babaCode=20&k_raceDate=2026%2F10%2F07&k_raceNo=12
2026-10-07 20:40:00,20:39,2026-10-07,oi,12,10,三連複,4-6-10,3221.0,3221.0,223,https://www.keiba.go.jp/KeibaWeb/TodayRaceInfo/Odds3LenFuku?k_babaCode=20&k_raceDate=2026%2F10%2F07&k_raceNo=12
2026-10-07 20:40:00,20:39,2026-10-07,oi,12,10,三連複,2-5-12,3261.0,3261.0,225,https://www.keiba.go.jp/KeibaWeb/TodayRaceInfo/Odds3LenFuku?k_babaCode=20&k_raceDate=2026%2F10%2F07&k_raceNo=12
2026-10-07 20:40:00,20:39,2026-10-07,oi,12,10,三連複,1-5-6,3323.0,3323.0,226,https://www.keiba.go.jp/KeibaWeb/TodayRaceInfo/Odds3LenFuku?k_babaCode=20&k_raceDate=2026%2F10%2F07&k_raceNo=12
2026-10-07 20:40:00,20:39,2026-10-07,oi,12,10,三連複,9-11-14,3323.0,3323.0,226,https://www.keiba.go.jp/KeibaWeb/TodayRaceInfo/Odds3LenFuku?k_babaCode=20&k_raceDate=2026%2F10%2F07&k_raceNo=12
2026-10-07 20:40:00,20:39,2026-10-07,oi,12,10,三連複,4-6-7,3344.1,3344.1,228,https://www.keiba.go.jp/KeibaWeb/TodayRaceInfo/Odds3LenFuku?k_babaCode=20&k_raceDate=2026%2F10%2F07&k_raceNo=12
2026-10-07 20:40:00,20:39,2026-10-07,oi,12,10,三連複,1-7-8,3454.1,3454.1,229,https://www.keiba.go.jp/KeibaWeb/TodayRaceInfo/Odds3LenFuku?k_babaCode=20&k_raceDate=2026%2F10%2F07&k_raceNo=12
2026-10-07 20:40:00,20:39,2026-10-07,oi,12,10,三連複,2-8-9,3523.7,3523.7,230,https://www.keiba.go.jp/KeibaWeb/TodayRaceInfo/Odds3LenFuku?k_babaCode=20&k_raceDate=2026%2F10%2F07&k_raceNo=12
2026-10-07 20:40:00,20:39,2026-10-07,oi,12,10,三連複,3-5-11,3523.7,3523.7,230,https://www.keiba.go.jp/KeibaWeb/TodayRaceInfo/Odds3LenFuku?k_babaCode=20&k_raceDate=2026%2F10%2F07&k_raceNo=12
2026-10-07 20:40:00,20:39,2026-10-07,oi,12,10,三連複,1-2-6,3571.6,3571.6,232,https://www.keiba.go.jp/KeibaWeb/TodayRaceInfo/Odds3LenFuku?k_babaCode=20&k_raceDate=2026%2F10%2F07&k_raceNo=12
2026-10-07 20:40:00,20:39,2026-10-07,oi,12,10,三連複,1-3-6,3596.1,3596.1,233,https://www.keiba.go.jp/KeibaWeb/TodayRaceInfo/Odds3LenFuku?k_babaCode=20&k_raceDate=2026%2F10%2F07&k_raceNo=12
2026-10-07 20:40:00,20:39,2026-10-07,oi,12,10,三連複,6-7-8,3596.1,3596.1,233,https://www.keiba.go.jp/KeibaWeb/TodayRaceInfo/Odds3LenFuku?k_babaCode=20&k_raceDate=2026%2F10%2F07&k_raceNo=12
2026-10-07 20:40:00,20:39,2026-10-07,oi,12,10,三連複,1-12-13,3646.0,3646.0,235,https://www.keiba.go.jp/KeibaWeb/TodayRaceInfo/Odds3LenFuku?k_babaCode=20&k_raceDate=2026%2F10%2F07&k_raceNo=12
2026-10-07 20:40:00,20:39,2026-10-07,oi,12,10,三連複,1-8-14,3697.4,3697.4,236,https://www.keiba.go.jp/KeibaWeb/TodayRaceInfo/Odds3LenFuku?k_babaCode=20&k_raceDate=2026%2F10%2F07&k_raceNo=12
2026-10-07 20:40:00,20:39,2026-10-07,oi,12,10,三連複,2-3-8,3697.4,3697.4,236,https://www.keiba.go.jp/KeibaWeb/TodayRaceInfo/Odds3LenFuku?k_babaCode=20&k_raceDate=2026%2F10%2F07&k_raceNo=12
2026-10-07 20:40:00,20:39,2026-10-07,oi,12,10,三連複,1-11-13,3723.6,3723.6,238,https://www.keiba.go.jp/KeibaWeb/TodayRaceInfo/Odds3LenFuku?k_babaCode=20&k_raceDate=2026%2F10%2F07&k_raceNo=12
2026-10-07 20:40:00,20:39,2026-10-07,oi,12,10,三連複,1-4-5,3750.2,3750.2,239,https://www.keiba.go.jp/KeibaWeb/TodayRaceInfo/Odds3LenFuku?k_babaCode=20&k_raceDate=2026%2F10%2F07&k_raceNo=12
2026-10-07 20:40:00,20:39,2026-10-07,oi,12,10,三連複,3-11-14,3750.2,3750.2,239,https://www.keiba.go.jp/KeibaWeb/TodayRaceInfo/Odds3LenFuku?k_babaCode=20&k_raceDate=2026%2F10%2F07&k_raceNo=12
2026-10-07 20:40:00,20:39,2026-10-07,oi,12,10,三連複,2-4-8,3832.3,3832.3,241,https://www.keiba.go.jp/KeibaWeb/TodayRaceInfo/Odds3LenFuku?k_babaCode=20&k_raceDate=2026%2F10%2F07&k_raceNo=12
2026-10-07 20:40:00,20:39,2026-10-07,oi,12,10,三連複,2-7-11,3832.3,3832.3,241,https://www.keiba.go.jp/KeibaWeb/TodayRaceInfo/Odds3LenFuku?k_babaCode=20&k_raceDate=2026%2F10%2F07&k_raceNo=12
2026-10-07 20:40:00,20:39,2026-10-07,oi,12,10,三連複,2-11-14,3832.3,3832.3,241,https://www.keiba.go.jp/KeibaWeb/TodayRaceInfo/Odds3LenFuku?k_babaCode=20&k_raceDate=2026%2F10%2F07&k_raceNo=12
2026-10-07 20:40:00,20:39,2026-10-07,oi,12,10,三連複,1-3-4,3860.5,3860.5,244,https://www.keiba.go.jp/KeibaWeb/TodayRaceInfo/Odds3LenFuku?k_babaCode=20&k_raceDate=2026%2F10%2F07&k_raceNo=12
2026-10-07 20:40:00,20:39,2026-10-07,oi,12,10,三連複,2-9-12,4070.0,4070.0,245,https://www.keiba.go.jp/KeibaWeb/TodayRaceInfo/Odds3LenFuku?k_babaCode=20&k_raceDate=2026%2F10%2F07&k_raceNo=12
2026-10-07 20:40:00,20:39,2026-10-07,oi,12,10,三連複,4-8-14,4070.0,4070.0,245,https://www.keiba.go.jp/KeibaWeb/TodayRaceInfo/Odds3LenFuku?k_babaCode=20&k_raceDate=2026%2F10%2F07&k_raceNo=12
2026-10-07 20:40:00,20:39,2026-10-07,oi,12,10,三連複,4-5-6,4134.1,4134.1,247,https://www.keiba.go.jp/KeibaWeb/TodayRaceInfo/Odds3LenFuku?k_babaCode=20&k_raceDate=2026%2F10%2F07&k_raceNo=12
2026-10-07 20:40:00,20:39,2026-10-07,oi,12,10,三連複,6-8-14,4166.9,4166.9,248,https://www.keiba.go.jp/KeibaWeb/TodayRaceInfo/Odds3LenFuku?k_babaCode=20&k_raceDate=2026%2F10%2F07&k_raceNo=12
2026-10-07 20:40:00,20:39,2026-10-07,oi,12,10,三連複,3-10-11,4234.1,4234.1,249,https://www.keiba.go.jp/KeibaWeb/TodayRaceInfo/Odds3LenFuku?k_babaCode=20&k_raceDate=2026%2F10%2F07&k_raceNo=12
2026-10-07 20:40:00,20:39,2026-10-07,oi,12,10,三連複,2-4-6,4268.5,4268.5,250,https://www.keiba.go.jp/KeibaWeb/TodayRaceInfo/Odds3LenFuku?k_babaCode=20&k_raceDate=2026%2F10%2F07&k_raceNo=12
2026-10-07 20:40:00,20:39,2026-10-07,oi,12,10,三連複,1-4-6,4303.5,4303.5,251,https://www.keiba.go.jp/KeibaWeb/TodayRaceInfo/Odds3LenFuku?k_babaCode=20&k_raceDate=2026%2F10%2F07&k_raceNo=12
2026-10-07 20:40:00,20:39,2026-10-07,oi,12,10,三連複,5-9-11,4375.3,4375.3,252,https://www.keiba.go.jp/KeibaWeb/TodayRaceInfo/Odds3LenFuku?k_babaCode=20&k_raceDate=2026%2F10%2F07&k_raceNo=12
2026-10-07 20:40:00,20:39,2026-10-07,oi,12,10,三連複,1-6-9,4412.0,4412.0,253,https://www.keiba.go.jp/KeibaWeb/TodayRaceInfo/Odds3LenFuku?k_babaCode=20&k_raceDate=2026%2F10%2F07&k_raceNo=12
2026-10-07 20:40:00,20:39,2026-10-07,oi,12,10,三連複,6-12-13,4412.0,4412.0,253,https://www.keiba.go.jp/KeibaWeb/TodayRaceInfo/Odds3LenFuku?k_babaCode=20&k_raceDate=2026%2F10%2F07&k_raceNo=12
2026-10-07 20:40:00,20:39,2026-10-07,oi,12,10,三連複,4-6-9,4526.1,4526.1,255,https://www.keiba.go.jp/KeibaWeb/TodayRaceInfo/Odds3LenFuku?k_babaCode=20&k_raceDate=2026%2F10%2F07&k_raceNo=12
2026-10-07 20:40:00,20:39,2026-10-07,oi,12,10,三連複,11-12-13,4526.1,4526.1,255,https://www.keiba.go.jp/KeibaWeb/TodayRaceInfo/Odds3LenFuku?k_babaCode=20&k_raceDate=2026%2F10%2F07&k_raceNo=12
2026-10-07 20:40:00,20:39,2026-10-07,oi,12,10,三連複,6-8-10,4565.5,4565.5,257,https://www.keiba.go.jp/KeibaWeb/TodayRaceInfo/Odds3LenFuku?k_babaCode=20&k_raceDate=2026%2F10%2F07&k_raceNo=12
2026-10-07 20:40:00,20:39,2026-10-07,oi,12,10,三連複,7-11-12,4646.3,4646.3,258,https://www.keiba.go.jp/KeibaWeb/TodayRaceInfo/Odds3LenFuku?k_babaCode=20&k_raceDate=2026%2F10%2F07&k_raceNo=12
2026-10-07 20:40:00,20:39,2026-10-07,oi,12,10,三連複,5-6-8,4687.8,4687.8,259,https://www.keiba.go.jp/KeibaWeb/TodayRaceInfo/Odds3LenFuku?k_babaCode=20&k_raceDate=2026%2F10%2F07&k_raceNo=12
2026-10-07 20:40:00,20:39,2026-10-07,oi,12,10,三連複,4-8-10,4816.8,4816.8,260,https://www.keiba.go.jp/KeibaWeb/TodayRaceInfo/Odds3LenFuku?k_babaCode=20&k_raceDate=2026%2F10%2F07&k_raceNo=12
2026-10-07 20:40:00,20:39,2026-10-07,oi,12,10,三連複,1-12-14,4861.4,4861.4,261,https://www.keiba.go.jp/KeibaWeb/TodayRaceInfo/Odds3LenFuku?k_babaCode=20&k_raceDate=2026%2F10%2F07&k_raceNo=12
2026-10-07 20:40:00,20:39,2026-10-07,oi,12,10,三連複,9-10-11,5000.3,5000.3,262,https://www.keiba.go.jp/KeibaWeb/TodayRaceInfo/Odds3LenFuku?k_babaCode=20&k_raceDate=2026%2F10%2F07&k_raceNo=12
2026-10-07 20:40:00,20:39,2026-10-07,oi,12,10,三連複,3-9-12,5097.4,5097.4,263,https://www.keiba.go.jp/KeibaWeb/TodayRaceInfo/Odds3LenFuku?k_babaCode=20&k_raceDate=2026%2F10%2F07&k_raceNo=12
2026-10-07 20:40:00,20:39,2026-10-07,oi,12,10,三連複,4-12-13,5198.3,5198.3,264,https://www.keiba.go.jp/KeibaWeb/TodayRaceInfo/Odds3LenFuku?k_babaCode=20&k_raceDate=2026%2F10%2F07&k_raceNo=12
2026-10-07 20:40:00,20:39,2026-10-07,oi,12,10,三連複,3-4-6,5303.4,5303.4,265,https://www.keiba.go.jp/KeibaWeb/TodayRaceInfo/Odds3LenFuku?k_babaCode=20&k_raceDate=2026%2F10%2F07&k_raceNo=12
2026-10-07 20:40:00,20:39,2026-10-07,oi,12,10,三連複,1-3-8,5412.7,5412.7,266,https://www.keiba.go.jp/KeibaWeb/TodayRaceInfo/Odds3LenFuku?k_babaCode=20&k_raceDate=2026%2F10%2F07&k_raceNo=12
2026-10-07 20:40:00,20:39,2026-10-07,oi,12,10,三連複,1-5-12,5412.7,5412.7,266,https://www.keiba.go.jp/KeibaWeb/TodayRaceInfo/Odds3LenFuku?k_babaCode=20&k_raceDate=2026%2F10%2F07&k_raceNo=12
2026-10-07 20:40:00,20:39,2026-10-07,oi,12,10,三連複,2-5-11,5412.7,5412.7,266,https://www.keiba.go.jp/KeibaWeb/TodayRaceInfo/Odds3LenFuku?k_babaCode=20&k_raceDate=2026%2F10%2F07&k_raceNo=12
2026-10-07 20:40:00,20:39,2026-10-07,oi,12,10,三連複,4-8-9,5526.7,5526.7,269,https://www.keiba.go.jp/KeibaWeb/TodayRaceInfo/Odds3LenFuku?k_babaCode=20&k_raceDate=2026%2F10%2F07&k_raceNo=12
2026-10-07 20:40:00,20:39,2026-10-07,oi,12,10,三連複,2-6-8,5585.5,5585.5,270,https://www.keiba.go.jp/KeibaWeb/TodayRaceInfo/Odds3LenFuku?k_babaCode=20&k_raceDate=2026%2F10%2F07&k_raceNo=12
2026-10-07 20:40:00,20:39,2026-10-07,oi,12,10,三連複,4-12-14,5585.5,5585.5,270,https://www.keiba.go.jp/KeibaWeb/TodayRaceInfo/Odds3LenFuku?k_babaCode=20&k_raceDate=2026%2F10%2F07&k_raceNo=12
2026-10-07 20:40:00,20:39,2026-10-07,oi,12,10,三連複,1-8-10,5645.5,5645.5,272,https://www.keiba.go.jp/KeibaWeb/TodayRaceInfo/Odds3LenFuku?k_babaCode=20&k_raceDate=2026%2F10%2F07&k_raceNo=12
2026-10-07 20:40:00,20:39,2026-10-07,oi,12,10,三連複,2-9-11,5645.5,5645.5,272,https://www.keiba.go.jp/KeibaWeb/TodayRaceInfo/Odds3LenFuku?k_babaCode=20&k_raceDate=2026%2F10%2F07&k_raceNo=12
2026-10-07 20:40:00,20:39,2026-10-07,oi,12,10,三連複,1-2-8,5769.6,5769.6,274,https://www.keiba.go.jp/KeibaWeb/TodayRaceInfo/Odds3LenFuku?k_babaCode=20&k_raceDate=2026%2F10%2F07&k_raceNo=12
2026-10-07 20:40:00,20:39,2026-10-07,oi,12,10,三連複,8-12-13,5769.6,5769.6,274,https://www.keiba.go.jp/KeibaWeb/TodayRaceInfo/Odds3LenFuku?k_babaCode=20&k_raceDate=2026%2F10%2F07&k_raceNo=12
2026-10-07 20:40:00,20:39,2026-10-07,oi,12,10,三連複,4-7-11,5966.3,5966.3,276,https://www.keiba.go.jp/KeibaWeb/TodayRaceInfo/Odds3LenFuku?k_babaCode=20&k_raceDate=2026%2F10%2F07&k_raceNo=12
2026-10-07 20:40:00,20:39,2026-10-07,oi,12,10,三連複,3-9-11,6105.0,6105.0,277,https://www.keiba.go.jp/KeibaWeb/TodayRaceInfo/Odds3LenFuku?k_babaCode=20&k_raceDate=2026%2F10%2F07&k_raceNo=12
2026-10-07 20:40:00,20:39,2026-10-07,oi,12,10,三連複,6-8-9,6176.9,6176.9,278,https://www.keiba.go.jp/KeibaWeb/TodayRaceInfo/Odds3LenFuku?k_babaCode=20&k_raceDate=2026%2F10%2F07&k_raceNo=12
2026-10-07 20:40:00,20:39,2026-10-07,oi,12,10,三連複,1-5-8,6325.7,6325.7,279,https://www.keiba.go.jp/KeibaWeb/TodayRaceInfo/Odds3LenFuku?k_babaCode=20&k_raceDate=2026%2F10%2F07&k_raceNo=12
2026-10-07 20:40:00,20:39,2026-10-07,oi,12,10,三連複,1-7-12,6325.7,6325.7,279,https://www.keiba.go.jp/KeibaWeb/TodayRaceInfo/Odds3LenFuku?k_babaCode=20&k_raceDate=2026%2F10%2F07&k_raceNo=12
2026-10-07 20:40:00,20:39,2026-10-07,oi,12,10,三連複,4-11-13,6325.7,6325.7,279,https://www.keiba.go.jp/KeibaWeb/TodayRaceInfo/Odds3LenFuku?k_babaCode=20&k_raceDate=2026%2F10%2F07&k_raceNo=12
2026-10-07 20:40:00,20:39,2026-10-07,oi,12,10,三連複,2-10-11,6402.8,6402.8,282,https://www.keiba.go.jp/KeibaWeb/TodayRaceInfo/Odds3LenFuku?k_babaCode=20&k_raceDate=2026%2F10%2F07&k_raceNo=12
2026-10-07 20:40:00,20:39,2026-10-07,oi,12,10,三連複,4-11-14,6562.9,6562.9,283,https://www.keiba.go.jp/KeibaWeb/TodayRaceInfo/Odds3LenFuku?k_babaCode=20&k_raceDate=2026%2F10%2F07&k_raceNo=12
2026-10-07 20:40:00,20:39,2026-10-07,oi,12,10,三連複,11-12-14,6562.9,6562.9,283,https://www.keiba.go.jp/KeibaWeb/TodayRaceInfo/Odds3LenFuku?k_babaCode=20&k_raceDate=2026%2F10%2F07&k_raceNo=12
2026-10-07 20:40:00,20:39,2026-10-07,oi,12,10,三連複,6-12-14,6646.0,6646.0,285,https://www.keiba.go.jp/KeibaWeb/TodayRaceInfo/Odds3LenFuku?k_babaCode=20&k_raceDate=2026%2F10%2F07&k_raceNo=12
2026-10-07 20:40:00,20:39,2026-10-07,oi,12,10,三連複,1-10-12,6731.2,6731.2,286,https://www.keiba.go.jp/KeibaWeb/TodayRaceInfo/Odds3LenFuku?k_babaCode=20&k_raceDate=2026%2F10%2F07&k_raceNo=12
2026-10-07 20:40:00,20:39,2026-10-07,oi,12,10,三連複,8-12-14,6731.2,6731.2,286,https://www.keiba.go.jp/KeibaWeb/TodayRaceInfo/Odds3LenFuku?k_babaCode=20&k_raceDate=2026%2F10%2F07&k_raceNo=12
2026-10-07 20:40:00,20:39,2026-10-07,oi,12,10,三連複,7-8-12,6818.6,6818.6,288,https://www.keiba.go.jp/KeibaWeb/TodayRaceInfo/Odds3LenFuku?k_babaCode=20&k_raceDate=2026%2F10%2F07&k_raceNo=12
2026-10-07 20:40:00,20:39,2026-10-07,oi,12,10,三連複,8-11-13,7000.4,7000.4,289,https://www.keiba.go.jp/KeibaWeb/TodayRaceInfo/Odds3LenFuku?k_babaCode=20&k_raceDate=2026%2F10%2F07&k_raceNo=12
2026-10-07 20:40:00,20:39,2026-10-07,oi,12,10,三連複,3-6-8,7095.0,7095.0,290,https://www.keiba.go.jp/KeibaWeb/TodayRaceInfo/Odds3LenFuku?k_babaCode=20&k_raceDate=2026%2F10%2F07&k_raceNo=12
2026-10-07 20:40:00,20:39,2026-10-07,oi,12,10,三連複,4-5-8,7095.0,7095.0,290,https://www.keiba.go.jp/KeibaWeb/TodayRaceInfo/Odds3LenFuku?k_babaCode=20&k_raceDate=2026%2F10%2F07&k_raceNo=12
2026-10-07 20:40:00,20:39,2026-10-07,oi,12,10,三連複,1-2-12,7192.2,7192.2,292,https://www.keiba.go.jp/KeibaWeb/TodayRaceInfo/Odds3LenFuku?k_babaCode=20&k_raceDate=2026%2F10%2F07&k_raceNo=12
2026-10-07 20:40:00,20:39,2026-10-07,oi,12,10,三連複,1-11-14,7192.2,7192.2,292,https://www.keiba.go.jp/KeibaWeb/TodayRaceInfo/Odds3LenFuku?k_babaCode=20&k_raceDate=2026%2F10%2F07&k_raceNo=12
2026-10-07 20:40:00,20:39,2026-10-07,oi,12,10,三連複,2-6-12,7394.8,7394.8,294,https://www.keiba.go.jp/KeibaWeb/TodayRaceInfo/Odds3LenFuku?k_babaCode=20&k_raceDate=2026%2F10%2F07&k_raceNo=12
2026-10-07 20:40:00,20:39,2026-10-07,oi,12,10,三連複,5-6-12,7500.5,7500.5,295,https://www.keiba.go.jp/KeibaWeb/TodayRaceInfo/Odds3LenFuku?k_babaCode=20&k_raceDate=2026%2F10%2F07&k_raceNo=12
2026-10-07 20:40:00,20:39,2026-10-07,oi,12,10,三連複,1-4-8,7609.2,7609.2,296,https://www.keiba.go.jp/KeibaWeb/TodayRaceInfo/Odds3LenFuku?k_babaCode=20&k_raceDate=2026%2F10%2F07&k_raceNo=12
2026-10-07 20:40:00,20:39,2026-10-07,oi,12,10,三連複,1-8-9,7609.2,7609.2,296,https://www.keiba.go.jp/KeibaWeb/TodayRaceInfo/Odds3LenFuku?k_babaCode=20&k_raceDate=2026%2F10%2F07&k_raceNo=12
2026-10-07 20:40:00,20:39,2026-10-07,oi,12,10,三連複,6-7-12,7609.2,7609.2,296,https://www.keiba.go.jp/KeibaWeb/TodayRaceInfo/Odds3LenFuku?k_babaCode=20&k_raceDate=2026%2F10%2F07&k_raceNo=12
2026-10-07 20:40:00,20:39,2026-10-07,oi,12,10,三連複,6-11-13,7609.2,7609.2,296,https://www.keiba.go.jp/KeibaWeb/TodayRaceInfo/Odds3LenFuku?k_babaCode=20&k_raceDate=2026%2F10%2F07&k_raceNo=12
2026-10-07 20:40:00,20:39,2026-10-07,oi,12,10,三連複,4-10-12,7836.3,7836.3,300,https://www.keiba.go.jp/KeibaWeb/TodayRaceInfo/Odds3LenFuku?k_babaCode=20&k_raceDate=2026%2F10%2F07&k_raceNo=12
2026-10-07 20:40:00,20:39,2026-10-07,oi,12,10,三連複,6-10-12,7955.1,7955.1,301,https://www.keiba.go.jp/KeibaWeb/TodayRaceInfo/Odds3LenFuku?k_babaCode=20&k_raceDate=2026%2F10%2F07&k_raceNo=12
2026-10-07 20:40:00,20:39,2026-10-07,oi,12,10,三連複,3-4-8,8077.4,8077.4,302,https://www.keiba.go.jp/KeibaWeb/TodayRaceInfo/Odds3LenFuku?k_babaCode=20&k_raceDate=2026%2F10%2F07&k_raceNo=12
2026-10-07 20:40:00,20:39,2026-10-07,oi,12,10,三連複,6-9-12,8077.4,8077.4,302,https://www.keiba.go.jp/KeibaWeb/TodayRaceInfo/Odds3LenFuku?k_babaCode=20&k_raceDate=2026%2F10%2F07&k_raceNo=12
2026-10-07 20:40:00,20:39,2026-10-07,oi,12,10,三連複,1-7-11,8203.7,8203.7,304,https://www.keiba.go.jp/KeibaWeb/TodayRaceInfo/Odds3LenFuku?k_babaCode=20&k_raceDate=2026%2F10%2F07&k_raceNo=12
2026-10-07 20:40:00,20:39,2026-10-07,oi,12,10,三連複,2-3-11,8203.7,8203.7,304,https://www.keiba.go.jp/KeibaWeb/TodayRaceInfo/Odds3LenFuku?k_babaCode=20&k_raceDate=2026%2F10%2F07&k_raceNo=12
2026-10-07 20:40:00,20:39,2026-10-07,oi,12,10,三連複,3-6-11,8203.7,8203.7,304,https://www.keiba.go.jp/KeibaWeb/TodayRaceInfo/Odds3LenFuku?k_babaCode=20&k_raceDate=2026%2F10%2F07&k_raceNo=12
2026-10-07 20:40:00,20:39,2026-10-07,oi,12,10,三連複,5-11-12,8203.7,8203.7,304,https://www.keiba.go.jp/KeibaWeb/TodayRaceInfo/Odds3LenFuku?k_babaCode=20&k_raceDate=2026%2F10%2F07&k_raceNo=12
2026-10-07 20:40:00,20:39,2026-10-07,oi,12,10,三連複,5-8-12,8607.1,8607.1,308,https://www.keiba.go.jp/KeibaWeb/TodayRaceInfo/Odds3LenFuku?k_babaCode=20&k_raceDate=2026%2F10%2F07&k_raceNo=12
2026-10-07 20:40:00,20:39,2026-10-07,oi,12,10,三連複,7-8-11,8607.1,8607.1,308,https://www.keiba.go.jp/KeibaWeb/TodayRaceInfo/Odds3LenFuku?k_babaCode=20&k_raceDate=2026%2F10%2F07&k_raceNo=12
2026-10-07 20:40:00,20:39,2026-10-07,oi,12,10,三連複,2-8-12,8750.6,8750.6,310,https://www.keiba.go.jp/KeibaWeb/TodayRaceInfo/Odds3LenFuku?k_babaCode=20&k_raceDate=2026%2F10%2F07&k_raceNo=12
2026-10-07 20:40:00,20:39,2026-10-07,oi,12,10,三連複,6-11-14,8750.6,8750.6,310,https://www.keiba.go.jp/KeibaWeb/TodayRaceInfo/Odds3LenFuku?k_babaCode=20&k_raceDate=2026%2F10%2F07&k_raceNo=12
2026-10-07 20:40:00,20:39,2026-10-07,oi,12,10,三連複,8-11-14,8898.9,8898.9,312,https://www.keiba.go.jp/KeibaWeb/TodayRaceInfo/Odds3LenFuku?k_babaCode=20&k_raceDate=2026%2F10%2F07&k_raceNo=12
2026-10-07 20:40:00,20:39,2026-10-07,oi,12,10,三連複,10-11-12,8898.9,8898.9,312,https://www.keiba.go.jp/KeibaWeb/TodayRaceInfo/Odds3LenFuku?k_babaCode=20&k_raceDate=2026%2F10%2F07&k_raceNo=12
2026-10-07 20:40:00,20:39,2026-10-07,oi,12,10,三連複,4-10-11,9375.6,9375.6,314,https://www.keiba.go.jp/KeibaWeb/TodayRaceInfo/Odds3LenFuku?k_babaCode=20&k_raceDate=2026%2F10%2F07&k_raceNo=12
2026-10-07 20:40:00,20:39,2026-10-07,oi,12,10,三連複,4-9-12,9546.1,9546.1,315,https://www.keiba.go.jp/KeibaWeb/TodayRaceInfo/Odds3LenFuku?k_babaCode=20&k_raceDate=2026%2F10%2F07&k_raceNo=12
2026-10-07 20:40:00,20:39,2026-10-07,oi,12,10,三連複,5-6-11,9546.1,9546.1,315,https://www.keiba.go.jp/KeibaWeb/TodayRaceInfo/Odds3LenFuku?k_babaCode=20&k_raceDate=2026%2F10%2F07&k_raceNo=12
2026-10-07 20:40:00,20:39,2026-10-07,oi,12,10,三連複,8-10-12,9546.1,9546.1,315,https://www.keiba.go.jp/KeibaWeb/TodayRaceInfo/Odds3LenFuku?k_babaCode=20&k_raceDate=2026%2F10%2F07&k_raceNo=12
2026-10-07 20:40:00,20:39,2026-10-07,oi,12,10,三連複,1-10-11,9722.9,9722.9,318,https://www.keiba.go.jp/KeibaWeb/TodayRaceInfo/Odds3LenFuku?k_babaCode=20&k_raceDate=2026%2F10%2F07&k_raceNo=12
2026-10-07 20:40:00,20:39,2026-10-07,oi,12,10,三連複,2-4-12,9722.9,9722.9,318,https://www.keiba.go.jp/KeibaWeb/TodayRaceInfo/Odds3LenFuku?k_babaCode=20&k_raceDate=2026%2F10%2F07&k_raceNo=12
2026-10-07 20:40:00,20:39,2026-10-07,oi,12,10,三連複,8-9-12,10715.0,10715.0,320,https://www.keiba.go.jp/KeibaWeb/TodayRaceInfo/Odds3LenFuku?k_babaCode=20&k_raceDate=2026%2F10%2F07&k_raceNo=12
2026-10-07 20:40:00,20:39,2026-10-07,oi,12,10,三連複,6-7-11,10938.2,10938.2,321,https://www.keiba.go.jp/KeibaWeb/TodayRaceInfo/Odds3LenFuku?k_babaCode=20&k_raceDate=2026%2F10%2F07&k_raceNo=12
2026-10-07 20:40:00,20:39,2026-10-07,oi,12,10,三連複,9-11-12,10938.2,10938.2,321,https://www.keiba.go.jp/KeibaWeb/TodayRaceInfo/Odds3LenFuku?k_babaCode=20&k_raceDate=2026%2F10%2F07&k_raceNo=12
2026-10-07 20:40:00,20:39,2026-10-07,oi,12,10,三連複,1-5-11,11171.0,11171.0,323,https://www.keiba.go.jp/KeibaWeb/TodayRaceInfo/Odds3LenFuku?k_babaCode=20&k_raceDate=2026%2F10%2F07&k_raceNo=12
2026-10-07 20:40:00,20:39,2026-10-07,oi,12,10,三連複,4-6-8,11171.0,11171.0,323,https://www.keiba.go.jp/KeibaWeb/TodayRaceInfo/Odds3LenFuku?k_babaCode=20&k_raceDate=2026%2F10%2F07&k_raceNo=12
2026-10-07 20:40:00,20:39,2026-10-07,oi,12,10,三連複,4-9-11,11171.0,11171.0,323,https://www.keiba.go.jp/KeibaWeb/TodayRaceInfo/Odds3LenFuku?k_babaCode=20&k_raceDate=2026%2F10%2F07&k_raceNo=12
2026-10-07 20:40:00,20:39,2026-10-07,oi,12,10,三連複,1-9-11,11413.8,11413.8,326,https://www.keiba.go.jp/KeibaWeb/TodayRaceInfo/Odds3LenFuku?k_babaCode=20&k_raceDate=2026%2F10%2F07&k_raceNo=12
2026-10-07 20:40:00,20:39,2026-10-07,oi,12,10,三連複,2-4-11,11413.8,11413.8,326,https://www.keiba.go.jp/KeibaWeb/TodayRaceInfo/Odds3LenFuku?k_babaCode=20&k_raceDate=2026%2F10%2F07&k_raceNo=12
2026-10-07 20:40:00,20:39,2026-10-07,oi,12,10,三連複,4-5-12,11413.8,11413.8,326,https://www.keiba.go.jp/KeibaWeb/TodayRaceInfo/Odds3LenFuku?k_babaCode=20&k_raceDate=2026%2F10%2F07&k_raceNo=12
2026-10-07 20:40:00,20:39,2026-10-07,oi,12,10,三連複,1-3-11,11667.4,11667.4,329,https://www.keiba.go.jp/KeibaWeb/TodayRaceInfo/Odds3LenFuku?k_babaCode=20&k_raceDate=2026%2F10%2F07&k_raceNo=12
2026-10-07 20:40:00,20:39,2026-10-07,oi,12,10,三連複,1-6-8,11667.4,11667.4,329,https://www.keiba.go.jp/KeibaWeb/TodayRaceInfo/Odds3LenFuku?k_babaCode=20&k_raceDate=2026%2F10%2F07&k_raceNo=12
2026-10-07 20:40:00,20:39,2026-10-07,oi,12,10,三連複,1-9-12,11932.6,11932.6,331,https://www.keiba.go.jp/KeibaWeb/TodayRaceInfo/Odds3LenFuku?k_babaCode=20&k_raceDate=2026%2F10%2F07&k_raceNo=12
2026-10-07 20:40:00,20:39,2026-10-07,oi,12,10,三連複,6-9-11,12210.1,12210.1,332,https://www.keiba.go.jp/KeibaWeb/TodayRaceInfo/Odds3LenFuku?k_babaCode=20&k_raceDate=2026%2F10%2F07&k_raceNo=12
2026-10-07 20:40:00,20:39,2026-10-07,oi,12,10,三連複,1-3-12,12500.8,12500.8,333,https://www.keiba.go.jp/KeibaWeb/TodayRaceInfo/Odds3LenFuku?k_babaCode=20&k_raceDate=2026%2F10%2F07&k_raceNo=12
2026-10-07 20:40:00,20:39,2026-10-07,oi,12,10,三連複,2-6-11,12500.8,12500.8,333,https://www.keiba.go.jp/KeibaWeb/TodayRaceInfo/Odds3LenFuku?k_babaCode=20&k_raceDate=2026%2F10%2F07&k_raceNo=12
2026-10-07 20:40:00,20:39,2026-10-07,oi,12,10,三連複,3-4-12,12500.8,12500.8,333,https://www.keiba.go.jp/KeibaWeb/TodayRaceInfo/Odds3LenFuku?k_babaCode=20&k_raceDate=2026%2F10%2F07&k_raceNo=12
2026-10-07 20:40:00,20:39,2026-10-07,oi,12,10,三連複,1-2-11,13125.9,13125.9,336,https://www.keiba.go.jp/KeibaWeb/TodayRaceInfo/Odds3LenFuku?k_babaCode=20&k_raceDate=2026%2F10%2F07&k_raceNo=12
2026-10-07 20:40:00,20:39,2026-10-07,oi,12,10,三連複,3-6-12,13125.9,13125.9,336,https://www.keiba.go.jp/KeibaWeb/TodayRaceInfo/Odds3LenFuku?k_babaCode=20&k_raceDate=2026%2F10%2F07&k_raceNo=12
2026-10-07 20:40:00,20:39,2026-10-07,oi,12,10,三連複,8-10-11,13125.9,13125.9,336,https://www.keiba.go.jp/KeibaWeb/TodayRaceInfo/Odds3LenFuku?k_babaCode=20&k_raceDate=2026%2F10%2F07&k_raceNo=12
2026-10-07 20:40:00,20:39,2026-10-07,oi,12,10,三連複,3-4-11,14190.1,14190.1,339,https://www.keiba.go.jp/KeibaWeb/TodayRaceInfo/Odds3LenFuku?k_babaCode=20&k_raceDate=2026%2F10%2F07&k_raceNo=12
2026-10-07 20:40:00,20:39,2026-10-07,oi,12,10,三連複,1-4-11,14584.3,14584.3,340,https://www.keiba.go.jp/KeibaWeb/TodayRaceInfo/Odds3LenFuku?k_babaCode=20&k_raceDate=2026%2F10%2F07&k_raceNo=12
2026-10-07 20:40:00,20:39,2026-10-07,oi,12,10,三連複,5-8-11,14584.3,14584.3,340,https://www.keiba.go.jp/KeibaWeb/TodayRaceInfo/Odds3LenFuku?k_babaCode=20&k_raceDate=2026%2F10%2F07&k_raceNo=12
2026-10-07 20:40:00,20:39,2026-10-07,oi,12,10,三連複,3-8-11,15001.0,15001.0,342,https://www.keiba.go.jp/KeibaWeb/TodayRaceInfo/Odds3LenFuku?k_babaCode=20&k_raceDate=2026%2F10%2F07&k_raceNo=12
2026-10-07 20:40:00,20:39,2026-10-07,oi,12,10,三連複,4-8-12,15001.0,15001.0,342,https://www.keiba.go.jp/KeibaWeb/TodayRaceInfo/Odds3LenFuku?k_babaCode=20&k_raceDate=2026%2F10%2F07&k_raceNo=12
2026-10-07 20:40:00,20:39,2026-10-07,oi,12,10,三連複,6-10-11,15001.0,15001.0,342,https://www.keiba.go.jp/KeibaWeb/TodayRaceInfo/Odds3LenFuku?k_babaCode=20&k_raceDate=2026%2F10%2F07&k_raceNo=12
2026-10-07 20:40:00,20:39,2026-10-07,oi,12,10,三連複,3-8-12,15442.2,15442.2,345,https://www.keiba.go.jp/KeibaWeb/TodayRaceInfo/Odds3LenFuku?k_babaCode=20&k_raceDate=2026%2F10%2F07&k_raceNo=12
2026-10-07 20:40:00,20:39,2026-10-07,oi,12,10,三連複,8-9-11,15442.2,15442.2,345,https://www.keiba.go.jp/KeibaWeb/TodayRaceInfo/Odds3LenFuku?k_babaCode=20&k_raceDate=2026%2F10%2F07&k_raceNo=12
2026-10-07 20:40:00,20:39,2026-10-07,oi,12,10,三連複,4-11-12,16407.4,16407.4,347,https://www.keiba.go.jp/KeibaWeb/TodayRaceInfo/Odds3LenFuku?k_babaCode=20&k_raceDate=2026%2F10%2F07&k_raceNo=12
2026-10-07 20:40:00,20:39,2026-10-07,oi,12,10,三連複,6-8-12,16407.4,16407.4,347,https://www.keiba.go.jp/KeibaWeb/TodayRaceInfo/Odds3LenFuku?k_babaCode=20&k_raceDate=2026%2F10%2F07&k_raceNo=12
2026-10-07 20:40:00,20:39,2026-10-07,oi,12,10,三連複,2-11-12,16936.6,16936.6,349,https://www.keiba.go.jp/KeibaWeb/TodayRaceInfo/Odds3LenFuku?k_babaCode=20&k_raceDate=2026%2F10%2F07&k_raceNo=12
2026-10-07 20:40:00,20:39,2026-10-07,oi,12,10,三連複,3-11-12,16936.6,16936.6,349,https://www.keiba.go.jp/KeibaWeb/TodayRaceInfo/Odds3LenFuku?k_babaCode=20&k_raceDate=2026%2F10%2F07&k_raceNo=12
2026-10-07 20:40:00,20:39,2026-10-07,oi,12,10,三連複,4-6-12,16936.6,16936.6,349,https://www.keiba.go.jp/KeibaWeb/TodayRaceInfo/Odds3LenFuku?k_babaCode=20&k_raceDate=2026%2F10%2F07&k_raceNo=12
2026-10-07 20:40:00,20:39,2026-10-07,oi,12,10,三連複,4-5-11,17501.2,17501.2,352,https://www.keiba.go.jp/KeibaWeb/TodayRaceInfo/Odds3LenFuku?k_babaCode=20&k_raceDate=2026%2F10%2F07&k_raceNo=12
2026-10-07 20:40:00,20:39,2026-10-07,oi,12,10,三連複,1-8-12,18104.7,18104.7,353,https://www.keiba.go.jp/KeibaWeb/TodayRaceInfo/Odds3LenFuku?k_babaCode=20&k_raceDate=2026%2F10%2F07&k_raceNo=12
2026-10-07 20:40:00,20:39,2026-10-07,oi,12,10,三連複,2-8-11,18104.7,18104.7,353,https://www.keiba.go.jp/KeibaWeb/TodayRaceInfo/Odds3LenFuku?k_babaCode=20&k_raceDate=2026%2F10%2F07&k_raceNo=12
2026-10-07 20:40:00,20:39,2026-10-07,oi,12,10,三連複,8-11-12,18104.7,18104.7,353,https://www.keiba.go.jp/KeibaWeb/TodayRaceInfo/Odds3LenFuku?k_babaCode=20&k_raceDate=2026%2F10%2F07&k_raceNo=12
2026-10-07 20:40:00,20:39,2026-10-07,oi,12,10,三連複,1-6-12,18751.3,18751.3,356,https://www.keiba.go.jp/KeibaWeb/TodayRaceInfo/Odds3LenFuku?k_babaCode=20&k_raceDate=2026%2F10%2F07&k_raceNo=12
2026-10-07 20:40:00,20:39,2026-10-07,oi,12,10,三連複,1-6-11,19445.8,19445.8,357,https://www.keiba.go.jp/KeibaWeb/TodayRaceInfo/Odds3LenFuku?k_babaCode=20&k_raceDate=2026%2F10%2F07&k_raceNo=12
2026-10-07 20:40:00,20:39,2026-10-07,oi,12,10,三連複,4-6-11,19445.8,19445.8,357,https://www.keiba.go.jp/KeibaWeb/TodayRaceInfo/Odds3LenFuku?k_babaCode=20&k_raceDate=2026%2F10%2F07&k_raceNo=12
2026-10-07 20:40:00,20:39,2026-10-07,oi,12,10,三連複,1-4-12,20193.7,20193.7,359,https://www.keiba.go.jp/KeibaWeb/TodayRaceInfo/Odds3LenFuku?k_babaCode=20&k_raceDate=2026%2F10%2F07&k_raceNo=12
2026-10-07 20:40:00,20:39,2026-10-07,oi,12,10,三連複,1-8-11,21876.5,21876.5,360,https://www.keiba.go.jp/KeibaWeb/TodayRaceInfo/Odds3LenFuku?k_babaCode=20&k_raceDate=2026%2F10%2F07&k_raceNo=12
2026-10-07 20:40:00,20:39,2026-10-07,oi,12,10,三連複,4-8-11,21876.5,21876.5,360,https://www.keiba.go.jp/KeibaWeb/TodayRaceInfo/Odds3LenFuku?k_babaCode=20&k_raceDate=2026%2F10%2F07&k_raceNo=12
2026-10-07 20:40:00,20:39,2026-10-07,oi,12,10,三連複,6-8-11,25001.7,25001.7,362,https://www.keiba.go.jp/KeibaWeb/TodayRaceInfo/Odds3LenFuku?k_babaCode=20&k_raceDate=2026%2F10%2F07&k_raceNo=12
2026-10-07 20:40:00,20:39,2026-10-07,oi,12,10,三連複,1-11-12,27633.5,27633.5,363,https://www.keiba.go.jp/KeibaWeb/TodayRaceInfo/Odds3LenFuku?k_babaCode=20&k_raceDate=2026%2F10%2F07&k_raceNo=12
2026-10-07 20:40:00,20:39,2026-10-07,oi,12,10,三連複,6-11-12,35002.4,35002.4,364,https://www.keiba.go.jp/KeibaWeb/TodayRaceInfo/Odds3LenFuku?k_babaCode=20&k_raceDate=2026%2F10%2F07&k_raceNo=12
