captured_at,source_time,race_date,track,race_no,minutes_before,bet_type,combination,odds_low,odds_high,popularity,source_url
2026-10-07 20:48:00,20:47,2026-10-07,oi,12,2,単勝,1,97.3,97.3,10,https://www.keiba.go.jp/KeibaWeb/TodayRaceInfo/OddsTanFuku?k_babaCode=20&k_raceDate=2026%2F10%2F07&k_raceNo=12
2026-10-07 20:48:00,20:47,2026-10-07,oi,12,2,単勝,2,20.2,20.2,6,https://www.keiba.go.jp/KeibaWeb/TodayRaceInfo/OddsTanFuku?k_babaCode=20&k_raceDate=2026%2F10%2F07&k_raceNo=12
2026-10-07 20:48:00,20:47,2026-10-07,oi,12,2,単勝,3,22.7,22.7,8,https://www.keiba.go.jp/KeibaWeb/TodayRaceInfo/OddsTanFuku?k_babaCode=20&k_raceDate=2026%2F10%2F07&k_raceNo=12
2026-10-07 20:48:00,20:47,2026-10-07,oi,12,2,単勝,4,106.9,106.9,11,https://www.keiba.go.jp/KeibaWeb/TodayRaceInfo/OddsTanFuku?k_babaCode=20&k_raceDate=2026%2F10%2F07&k_raceNo=12
2026-10-07 20:48:00,20:47,2026-10-07,oi,12,2,単勝,5,11.1,11.1,5,https://www.keiba.go.jp/KeibaWeb/TodayRaceInfo/OddsTanFuku?k_babaCode=20&k_raceDate=2026%2F10%2F07&k_raceNo=12
2026-10-07 20:48:00,20:47,2026-10-07,oi,12,2,単勝,6,96.7,96.7,9,https://www.keiba.go.jp/KeibaWeb/TodayRaceInfo/OddsTanFuku?k_babaCode=20&k_raceDate=2026%2F10%2F07&k_raceNo=12
2026-10-07 20:48:00,20:47,2026-10-07,oi,12,2,単勝,7,7.0,7.0,4,https://www.keiba.go.jp/KeibaWeb/TodayRaceInfo/OddsTanFuku?k_babaCode=20&k_raceDate=2026%2F10%2F07&k_raceNo=12
2026-10-07 20:48:00,20:47,2026-10-07,oi,12,2,単勝,8,189.9,189.9,12,https://www.keiba.go.jp/KeibaWeb/TodayRaceInfo/OddsTanFuku?k_babaCode=20&k_raceDate=2026%2F10%2F07&k_raceNo=12
2026-10-07 20:48:00,20:47,2026-10-07,oi,12,2,単勝,9,22.1,22.1,7,https://www.keiba.go.jp/KeibaWeb/TodayRaceInfo/OddsTanFuku?k_babaCode=20&k_raceDate=2026%2F10%2F07&k_raceNo=12
2026-10-07 20:48:00,20:47,2026-10-07,oi,12,2,単勝,10,4.8,4.8,3,https://www.keiba.go.jp/KeibaWeb/TodayRaceInfo/OddsTanFuku?k_babaCode=20&k_raceDate=2026%2F10%2F07&k_raceNo=12
2026-10-07 20:48:00,20:47,2026-10-07,oi,12,2,単勝,11,388.5,388.5,14,https://www.keiba.go.jp/KeibaWeb/TodayRaceInfo/OddsTanFuku?k_babaCode=20&k_raceDate=2026%2F10%2F07&k_raceNo=12
2026-10-07 20:48:00,20:47,2026-10-07,oi,12,2,単勝,12,242.0,242.0,13,https://www.keiba.go.jp/KeibaWeb/TodayRaceInfo/OddsTanFuku?k_babaCode=20&k_raceDate=2026%2F10%2F07&k_raceNo=12
2026-10-07 20:48:00,20:47,2026-10-07,oi,12,2,単勝,13,3.0,3.0,1,https://www.keiba.go.jp/KeibaWeb/TodayRaceInfo/OddsTanFuku?k_babaCode=20&k_raceDate=2026%2F10%2F07&k_raceNo=12
2026-10-07 20:48:00,20:47,2026-10-07,oi,12,2,単勝,14,3.3,3.3,2,https://www.keiba.go.jp/KeibaWeb/TodayRaceInfo/OddsTanFuku?k_babaCode=20&k_raceDate=2026%2F10%2F07&k_raceNo=12
2026-10-07 20:48:00,20:47,2026-10-07,oi,12,2,馬連,13-14,4.8,4.8,1,https://www.keiba.go.jp/KeibaWeb/TodayRaceInfo/OddsUmLenFuku?k_babaCode=20&k_raceDate=2026%2F10%2F07&k_raceNo=12
2026-10-07 20:48:00,20:47,2026-10-07,oi,12,2,馬連,10-13,7.0,7.0,2,https://www.keiba.go.jp/KeibaWeb/TodayRaceInfo/OddsUmLenFuku?k_babaCode=20&k_raceDate=2026%2F10%2F07&k_raceNo=12
2026-10-07 20:48:00,20:47,2026-10-07,oi,12,2,馬連,7-13,7.4,7.4,3,https://www.keiba.go.jp/KeibaWeb/TodayRaceInfo/OddsUmLenFuku?k_babaCode=20&k_raceDate=2026%2F10%2F07&k_raceNo=12
2026-10-07 20:48:00,20:47,2026-10-07,oi,12,2,馬連,10-14,8.7,8.7,4,https://www.keiba.go.jp/KeibaWeb/TodayRaceInfo/OddsUmLenFuku?k_babaCode=20&k_raceDate=2026%2F10%2F07&k_raceNo=12
2026-10-07 20:48:00,20:47,2026-10-07,oi,12,2,馬連,7-14,10.6,10.6,5,https://www.keiba.go.jp/KeibaWeb/TodayRaceInfo/OddsUmLenFuku?k_babaCode=20&k_raceDate=2026%2F10%2F07&k_raceNo=12
2026-10-07 20:48:00,20:47,2026-10-07,oi,12,2,馬連,7-10,11.6,11.6,6,https://www.keiba.go.jp/KeibaWeb/TodayRaceInfo/OddsUmLenFuku?k_babaCode=20&k_raceDate=2026%2F10%2F07&k_raceNo=12
2026-10-07 20:48:00,20:47,2026-10-07,oi,12,2,馬連,5-13,22.6,22.6,7,https://www.keiba.go.jp/KeibaWeb/TodayRaceInfo/OddsUmLenFuku?k_babaCode=20&k_raceDate=2026%2F10%2F07&k_raceNo=12
2026-10-07 20:48:00,20:47,2026-10-07,oi,12,2,馬連,5-14,27.7,27.7,8,https://www.keiba.go.jp/KeibaWeb/TodayRaceInfo/OddsUmLenFuku?k_babaCode=20&k_raceDate=2026%2F10%2F07&k_raceNo=12
2026-10-07 20:48:00,20:47,2026-10-07,oi,12,2,馬連,5-10,29.9,29.9,9,https://www.keiba.go.jp/KeibaWeb/TodayRaceInfo/OddsUmLenFuku?k_babaCode=20&k_raceDate=2026%2F10%2F07&k_raceNo=12
2026-10-07 20:48:00,20:47,2026-10-07,oi,12,2,馬連,5-7,36.5,36.5,10,https://www.keiba.go.jp/KeibaWeb/TodayRaceInfo/OddsUmLenFuku?k_babaCode=20&k_raceDate=2026%2F10%2F07&k_raceNo=12
2026-10-07 20:48:00,20:47,2026-10-07,oi,12,2,馬連,3-13,36.6,36.6,11,https://www.keiba.go.jp/KeibaWeb/TodayRaceInfo/OddsUmLenFuku?k_babaCode=20&k_raceDate=2026%2F10%2F07&k_raceNo=12
2026-10-07 20:48:00,20:47,2026-10-07,oi,12,2,馬連,3-14,38.7,38.7,12,https://www.keiba.go.jp/KeibaWeb/TodayRaceInfo/OddsUmLenFuku?k_babaCode=20&k_raceDate=2026%2F10%2F07&k_raceNo=12
2026-10-07 20:48:00,20:47,2026-10-07,oi,12,2,馬連,2-13,39.9,39.9,13,https://www.keiba.go.jp/KeibaWeb/TodayRaceInfo/OddsUmLenFuku?k_babaCode=20&k_raceDate=2026%2F10%2F07&k_raceNo=12
2026-10-07 20:48:00,20:47,2026-10-07,oi,12,2,馬連,9-13,44.3,44.3,14,https://www.keiba.go.jp/KeibaWeb/TodayRaceInfo/OddsUmLenFuku?k_babaCode=20&k_raceDate=2026%2F10%2F07&k_raceNo=12
2026-10-07 20:48:00,20:47,2026-10-07,oi,12,2,馬連,2-14,44.8,44.8,15,https://www.keiba.go.jp/KeibaWeb/TodayRaceInfo/OddsUmLenFuku?k_babaCode=20&k_raceDate=2026%2F10%2F07&k_raceNo=12
2026-10-07 20:48:00,20:47,2026-10-07,oi,12,2,馬連,3-10,44.9,44.9,16,https://www.keiba.go.jp/KeibaWeb/TodayRaceInfo/OddsUmLenFuku?k_babaCode=20&k_raceDate=2026%2F10%2F07&k_raceNo=12
2026-10-07 20:48:00,20:47,2026-10-07,oi,12,2,馬連,3-7,45.1,45.1,17,https://www.keiba.go.jp/KeibaWeb/TodayRaceInfo/OddsUmLenFuku?k_babaCode=20&k_raceDate=2026%2F10%2F07&k_raceNo=12
2026-10-07 20:48:00,20:47,2026-10-07,oi,12,2,馬連,9-14,46.3,46.3,18,https://www.keiba.go.jp/KeibaWeb/TodayRaceInfo/OddsUmLenFuku?k_babaCode=20&k_raceDate=2026%2F10%2F07&k_raceNo=12
2026-10-07 20:48:00,20:47,2026-10-07,oi,12,2,馬連,7-9,49.7,49.7,19,https://www.keiba.go.jp/KeibaWeb/TodayRaceInfo/OddsUmLenFuku?k_babaCode=20&k_raceDate=2026%2F10%2F07&k_raceNo=12
2026-10-07 20:48:00,20:47,2026-10-07,oi,12,2,馬連,2-10,52.7,52.7,20,https://www.keiba.go.jp/KeibaWeb/TodayRaceInfo/OddsUmLenFuku?k_babaCode=20&k_raceDate=2026%2F10%2F07&k_raceNo=12
2026-10-07 20:48:00,20:47,2026-10-07,oi,12,2,馬連,2-7,56.9,56.9,21,https://www.keiba.go.jp/KeibaWeb/TodayRaceInfo/OddsUmLenFuku?k_babaCode=20&k_raceDate=2026%2F10%2F07&k_raceNo=12
2026-10-07 20:48:00,20:47,2026-10-07,oi,12,2,馬連,9-10,73.5,73.5,22,https://www.keiba.go.jp/KeibaWeb/TodayRaceInfo/OddsUmLenFuku?k_babaCode=20&k_raceDate=2026%2F10%2F07&k_raceNo=12
2026-10-07 20:48:00,20:47,2026-10-07,oi,12,2,馬連,3-5,83.0,83.0,23,https://www.keiba.go.jp/KeibaWeb/TodayRaceInfo/OddsUmLenFuku?k_babaCode=20&k_raceDate=2026%2F10%2F07&k_raceNo=12
2026-10-07 20:48:00,20:47,2026-10-07,oi,12,2,馬連,2-5,86.6,86.6,24,https://www.keiba.go.jp/KeibaWeb/TodayRaceInfo/OddsUmLenFuku?k_babaCode=20&k_raceDate=2026%2F10%2F07&k_raceNo=12
2026-10-07 20:48:00,20:47,2026-10-07,oi,12,2,馬連,5-9,94.5,94.5,25,https://www.keiba.go.jp/KeibaWeb/TodayRaceInfo/OddsUmLenFuku?k_babaCode=20&k_raceDate=2026%2F10%2F07&k_raceNo=12
2026-10-07 20:48:00,20:47,2026-10-07,oi,12,2,馬連,3-9,100.4,100.4,26,https://www.keiba.go.jp/KeibaWeb/TodayRaceInfo/OddsUmLenFuku?k_babaCode=20&k_raceDate=2026%2F10%2F07&k_raceNo=12
2026-10-07 20:48:00,20:47,2026-10-07,oi,12,2,馬連,1-14,174.8,174.8,27,https://www.keiba.go.jp/KeibaWeb/TodayRaceInfo/OddsUmLenFuku?k_babaCode=20&k_raceDate=2026%2F10%2F07&k_raceNo=12
2026-10-07 20:48:00,20:47,2026-10-07,oi,12,2,馬連,2-3,177.7,177.7,28,https://www.keiba.go.jp/KeibaWeb/TodayRaceInfo/OddsUmLenFuku?k_babaCode=20&k_raceDate=2026%2F10%2F07&k_raceNo=12
2026-10-07 20:48:00,20:47,2026-10-07,oi,12,2,馬連,1-13,195.4,195.4,29,https://www.keiba.go.jp/KeibaWeb/TodayRaceInfo/OddsUmLenFuku?k_babaCode=20&k_raceDate=2026%2F10%2F07&k_raceNo=12
2026-10-07 20:48:00,20:47,2026-10-07,oi,12,2,馬連,6-13,200.6,200.6,30,https://www.keiba.go.jp/KeibaWeb/TodayRaceInfo/OddsUmLenFuku?k_babaCode=20&k_raceDate=2026%2F10%2F07&k_raceNo=12
2026-10-07 20:48:00,20:47,2026-10-07,oi,12,2,馬連,6-14,200.8,200.8,31,https://www.keiba.go.jp/KeibaWeb/TodayRaceInfo/OddsUmLenFuku?k_babaCode=20&k_raceDate=2026%2F10%2F07&k_raceNo=12
2026-10-07 20:48:00,20:47,2026-10-07,oi,12,2,馬連,2-9,216.6,216.6,32,https://www.keiba.go.jp/KeibaWeb/TodayRaceInfo/OddsUmLenFuku?k_babaCode=20&k_raceDate=2026%2F10%2F07&k_raceNo=12
2026-10-07 20:48:00,20:47,2026-10-07,oi,12,2,馬連,1-10,266.5,266.5,33,https://www.keiba.go.jp/KeibaWeb/TodayRaceInfo/OddsUmLenFuku?k_babaCode=20&k_raceDate=2026%2F10%2F07&k_raceNo=12
2026-10-07 20:48:00,20:47,2026-10-07,oi,12,2,馬連,1-7,285.2,285.2,34,https://www.keiba.go.jp/KeibaWeb/TodayRaceInfo/OddsUmLenFuku?k_babaCode=20&k_raceDate=2026%2F10%2F07&k_raceNo=12
2026-10-07 20:48:00,20:47,2026-10-07,oi,12,2,馬連,4-13,287.2,287.2,35,https://www.keiba.go.jp/KeibaWeb/TodayRaceInfo/OddsUmLenFuku?k_babaCode=20&k_raceDate=2026%2F10%2F07&k_raceNo=12
2026-10-07 20:48:00,20:47,2026-10-07,oi,12,2,馬連,4-7,301.6,301.6,36,https://www.keiba.go.jp/KeibaWeb/TodayRaceInfo/OddsUmLenFuku?k_babaCode=20&k_raceDate=2026%2F10%2F07&k_raceNo=12
2026-10-07 20:48:00,20:47,2026-10-07,oi,12,2,馬連,1-5,343.1,343.1,37,https://www.keiba.go.jp/KeibaWeb/TodayRaceInfo/OddsUmLenFuku?k_babaCode=20&k_raceDate=2026%2F10%2F07&k_raceNo=12
2026-10-07 20:48:00,20:47,2026-10-07,oi,12,2,馬連,4-14,344.9,344.9,38,https://www.keiba.go.jp/KeibaWeb/TodayRaceInfo/OddsUmLenFuku?k_babaCode=20&k_raceDate=2026%2F10%2F07&k_raceNo=12
2026-10-07 20:48:00,20:47,2026-10-07,oi,12,2,馬連,6-7,365.1,365.1,39,https://www.keiba.go.jp/KeibaWeb/TodayRaceInfo/OddsUmLenFuku?k_babaCode=20&k_raceDate=2026%2F10%2F07&k_raceNo=12
2026-10-07 20:48:00,20:47,2026-10-07,oi,12,2,馬連,8-13,376.4,376.4,40,https://www.keiba.go.jp/KeibaWeb/TodayRaceInfo/OddsUmLenFuku?k_babaCode=20&k_raceDate=2026%2F10%2F07&k_raceNo=12
2026-10-07 20:48:00,20:47,2026-10-07,oi,12,2,馬連,4-10,381.1,381.1,41,https://www.keiba.go.jp/KeibaWeb/TodayRaceInfo/OddsUmLenFuku?k_babaCode=20&k_raceDate=2026%2F10%2F07&k_raceNo=12
2026-10-07 20:48:00,20:47,2026-10-07,oi,12,2,馬連,6-10,382.5,382.5,42,https://www.keiba.go.jp/KeibaWeb/TodayRaceInfo/OddsUmLenFuku?k_babaCode=20&k_raceDate=2026%2F10%2F07&k_raceNo=12
2026-10-07 20:48:00,20:47,2026-10-07,oi,12,2,馬連,5-6,411.1,411.1,43,https://www.keiba.go.jp/KeibaWeb/TodayRaceInfo/OddsUmLenFuku?k_babaCode=20&k_raceDate=2026%2F10%2F07&k_raceNo=12
2026-10-07 20:48:00,20:47,2026-10-07,oi,12,2,馬連,12-13,479.2,479.2,44,https://www.keiba.go.jp/KeibaWeb/TodayRaceInfo/OddsUmLenFuku?k_babaCode=20&k_raceDate=2026%2F10%2F07&k_raceNo=12
2026-10-07 20:48:00,20:47,2026-10-07,oi,12,2,馬連,7-8,507.2,507.2,45,https://www.keiba.go.jp/KeibaWeb/TodayRaceInfo/OddsUmLenFuku?k_babaCode=20&k_raceDate=2026%2F10%2F07&k_raceNo=12
2026-10-07 20:48:00,20:47,2026-10-07,oi,12,2,馬連,4-5,545.0,545.0,46,https://www.keiba.go.jp/KeibaWeb/TodayRaceInfo/OddsUmLenFuku?k_babaCode=20&k_raceDate=2026%2F10%2F07&k_raceNo=12
2026-10-07 20:48:00,20:47,2026-10-07,oi,12,2,馬連,3-4,550.4,550.4,47,https://www.keiba.go.jp/KeibaWeb/TodayRaceInfo/OddsUmLenFuku?k_babaCode=20&k_raceDate=2026%2F10%2F07&k_raceNo=12
2026-10-07 20:48:00,20:47,2026-10-07,oi,12,2,馬連,1-3,566.5,566.5,48,https://www.keiba.go.jp/KeibaWeb/TodayRaceInfo/OddsUmLenFuku?k_babaCode=20&k_raceDate=2026%2F10%2F07&k_raceNo=12
2026-10-07 20:48:00,20:47,2026-10-07,oi,12,2,馬連,3-6,567.5,567.5,49,https://www.keiba.go.jp/KeibaWeb/TodayRaceInfo/OddsUmLenFuku?k_babaCode=20&k_raceDate=2026%2F10%2F07&k_raceNo=12
2026-10-07 20:48:00,20:47,2026-10-07,oi,12,2,馬連,6-9,588.8,588.8,50,https://www.keiba.go.jp/KeibaWeb/TodayRaceInfo/OddsUmLenFuku?k_babaCode=20&k_raceDate=2026%2F10%2F07&k_raceNo=12
2026-10-07 20:48:00,20:47,2026-10-07,oi,12,2,馬連,1-2,615.1,615.1,51,https://www.keiba.go.jp/KeibaWeb/TodayRaceInfo/OddsUmLenFuku?k_babaCode=20&k_raceDate=2026%2F10%2F07&k_raceNo=12
2026-10-07 20:48:00,20:47,2026-10-07,oi,12,2,馬連,2-4,622.1,622.1,52,https://www.keiba.go.jp/KeibaWeb/TodayRaceInfo/OddsUmLenFuku?k_babaCode=20&k_raceDate=2026%2F10%2F07&k_raceNo=12
2026-10-07 20:48:00,20:47,2026-10-07,oi,12,2,馬連,8-14,646.5,646.5,53,https://www.keiba.go.jp/KeibaWeb/TodayRaceInfo/OddsUmLenFuku?k_babaCode=20&k_raceDate=2026%2F10%2F07&k_raceNo=12
2026-10-07 20:48:00,20:47,2026-10-07,oi,12,2,馬連,8-10,709.1,709.1,54,https://www.keiba.go.jp/KeibaWeb/TodayRaceInfo/OddsUmLenFuku?k_babaCode=20&k_raceDate=2026%2F10%2F07&k_raceNo=12
2026-10-07 20:48:00,20:47,2026-10-07,oi,12,2,馬連,12-14,712.1,712.1,55,https://www.keiba.go.jp/KeibaWeb/TodayRaceInfo/OddsUmLenFuku?k_babaCode=20&k_raceDate=2026%2F10%2F07&k_raceNo=12
2026-10-07 20:48:00,20:47,2026-10-07,oi,12,2,馬連,2-6,713.7,713.7,56,https://www.keiba.go.jp/KeibaWeb/TodayRaceInfo/OddsUmLenFuku?k_babaCode=20&k_raceDate=2026%2F10%2F07&k_raceNo=12
2026-10-07 20:48:00,20:47,2026-10-07,oi,12,2,馬連,4-9,739.3,739.3,57,https://www.keiba.go.jp/KeibaWeb/TodayRaceInfo/OddsUmLenFuku?k_babaCode=20&k_raceDate=2026%2F10%2F07&k_raceNo=12
2026-10-07 20:48:00,20:47,2026-10-07,oi,12,2,馬連,11-13,746.0,746.0,58,https://www.keiba.go.jp/KeibaWeb/TodayRaceInfo/OddsUmLenFuku?k_babaCode=20&k_raceDate=2026%2F10%2F07&k_raceNo=12
2026-10-07 20:48:00,20:47,2026-10-07,oi,12,2,馬連,1-9,758.0,758.0,59,https://www.keiba.go.jp/KeibaWeb/TodayRaceInfo/OddsUmLenFuku?k_babaCode=20&k_raceDate=2026%2F10%2F07&k_raceNo=12
2026-10-07 20:48:00,20:47,2026-10-07,oi,12,2,馬連,7-12,824.3,824.3,60,https://www.keiba.go.jp/KeibaWeb/TodayRaceInfo/OddsUmLenFuku?k_babaCode=20&k_raceDate=2026%2F10%2F07&k_raceNo=12
2026-10-07 20:48:00,20:47,2026-10-07,oi,12,2,馬連,5-8,854.2,854.2,61,https://www.keiba.go.jp/KeibaWeb/TodayRaceInfo/OddsUmLenFuku?k_babaCode=20&k_raceDate=2026%2F10%2F07&k_raceNo=12
2026-10-07 20:48:00,20:47,2026-10-07,oi,12,2,馬連,10-12,860.9,860.9,62,https://www.keiba.go.jp/KeibaWeb/TodayRaceInfo/OddsUmLenFuku?k_babaCode=20&k_raceDate=2026%2F10%2F07&k_raceNo=12
2026-10-07 20:48:00,20:47,2026-10-07,oi,12,2,馬連,7-11,886.3,886.3,63,https://www.keiba.go.jp/KeibaWeb/TodayRaceInfo/OddsUmLenFuku?k_babaCode=20&k_raceDate=2026%2F10%2F07&k_raceNo=12
2026-10-07 20:48:00,20:47,2026-10-07,oi,12,2,馬連,2-8,942.1,942.1,64,https://www.keiba.go.jp/KeibaWeb/TodayRaceInfo/OddsUmLenFuku?k_babaCode=20&k_raceDate=2026%2F10%2F07&k_raceNo=12
2026-10-07 20:48:00,20:47,2026-10-07,oi,12,2,馬連,8-9,944.8,944.8,65,https://www.keiba.go.jp/KeibaWeb/TodayRaceInfo/OddsUmLenFuku?k_babaCode=20&k_raceDate=2026%2F10%2F07&k_raceNo=12
2026-10-07 20:48:00,20:47,2026-10-07,oi,12,2,馬連,3-8,975.5,975.5,66,https://www.keiba.go.jp/KeibaWeb/TodayRaceInfo/OddsUmLenFuku?k_babaCode=20&k_raceDate=2026%2F10%2F07&k_raceNo=12
2026-10-07 20:48:00,20:47,2026-10-07,oi,12,2,馬連,1-6,1117.7,1117.7,67,https://www.keiba.go.jp/KeibaWeb/TodayRaceInfo/OddsUmLenFuku?k_babaCode=20&k_raceDate=2026%2F10%2F07&k_raceNo=12
2026-10-07 20:48:00,20:47,2026-10-07,oi,12,2,馬連,5-12,1216.7,1216.7,68,https://www.keiba.go.jp/KeibaWeb/TodayRaceInfo/OddsUmLenFuku?k_babaCode=20&k_raceDate=2026%2F10%2F07&k_raceNo=12
2026-10-07 20:48:00,20:47,2026-10-07,oi,12,2,馬連,1-4,1283.0,1283.0,69,https://www.keiba.go.jp/KeibaWeb/TodayRaceInfo/OddsUmLenFuku?k_babaCode=20&k_raceDate=2026%2F10%2F07&k_raceNo=12
2026-10-07 20:48:00,20:47,2026-10-07,oi,12,2,馬連,11-14,1288.0,1288.0,70,https://www.keiba.go.jp/KeibaWeb/TodayRaceInfo/OddsUmLenFuku?k_babaCode=20&k_raceDate=2026%2F10%2F07&k_raceNo=12
2026-10-07 20:48:00,20:47,2026-10-07,oi,12,2,馬連,3-12,1340.3,1340.3,71,https://www.keiba.go.jp/KeibaWeb/TodayRaceInfo/OddsUmLenFuku?k_babaCode=20&k_raceDate=2026%2F10%2F07&k_raceNo=12
2026-10-07 20:48:00,20:47,2026-10-07,oi,12,2,馬連,4-6,1391.2,1391.2,72,https://www.keiba.go.jp/KeibaWeb/TodayRaceInfo/OddsUmLenFuku?k_babaCode=20&k_raceDate=2026%2F10%2F07&k_raceNo=12
2026-10-07 20:48:00,20:47,2026-10-07,oi,12,2,馬連,9-12,1519.5,1519.5,73,https://www.keiba.go.jp/KeibaWeb/TodayRaceInfo/OddsUmLenFuku?k_babaCode=20&k_raceDate=2026%2F10%2F07&k_raceNo=12
2026-10-07 20:48:00,20:47,2026-10-07,oi,12,2,馬連,4-8,1540.8,1540.8,74,https://www.keiba.go.jp/KeibaWeb/TodayRaceInfo/OddsUmLenFuku?k_babaCode=20&k_raceDate=2026%2F10%2F07&k_raceNo=12
2026-10-07 20:48:00,20:47,2026-10-07,oi,12,2,馬連,2-12,1562.7,1562.7,75,https://www.keiba.go.jp/KeibaWeb/TodayRaceInfo/OddsUmLenFuku?k_babaCode=20&k_raceDate=2026%2F10%2F07&k_raceNo=12
2026-10-07 20:48:00,20:47,2026-10-07,oi,12,2,馬連,1-8,1648.6,1648.6,76,https://www.keiba.go.jp/KeibaWeb/TodayRaceInfo/OddsUmLenFuku?k_babaCode=20&k_raceDate=2026%2F10%2F07&k_raceNo=12
2026-10-07 20:48:00,20:47,2026-10-07,oi,12,2,馬連,5-11,1699.6,1699.6,77,https://www.keiba.go.jp/KeibaWeb/TodayRaceInfo/OddsUmLenFuku?k_babaCode=20&k_raceDate=2026%2F10%2F07&k_raceNo=12
2026-10-07 20:48:00,20:47,2026-10-07,oi,12,2,馬連,10-11,1717.3,1717.3,78,https://www.keiba.go.jp/KeibaWeb/TodayRaceInfo/OddsUmLenFuku?k_babaCode=20&k_raceDate=2026%2F10%2F07&k_raceNo=12
2026-10-07 20:48:00,20:47,2026-10-07,oi,12,2,馬連,3-11,1951.1,1951.1,79,https://www.keiba.go.jp/KeibaWeb/TodayRaceInfo/OddsUmLenFuku?k_babaCode=20&k_raceDate=2026%2F10%2F07&k_raceNo=12
2026-10-07 20:48:00,20:47,2026-10-07,oi,12,2,馬連,6-8,1974.4,1974.4,80,https://www.keiba.go.jp/KeibaWeb/TodayRaceInfo/OddsUmLenFuku?k_babaCode=20&k_raceDate=2026%2F10%2F07&k_raceNo=12
2026-10-07 20:48:00,20:47,2026-10-07,oi,12,2,馬連,9-11,2155.1,2155.1,81,https://www.keiba.go.jp/KeibaWeb/TodayRaceInfo/OddsUmLenFuku?k_babaCode=20&k_raceDate=2026%2F10%2F07&k_raceNo=12
2026-10-07 20:48:00,20:47,2026-10-07,oi,12,2,馬連,1-12,2389.3,2389.3,82,https://www.keiba.go.jp/KeibaWeb/TodayRaceInfo/OddsUmLenFuku?k_babaCode=20&k_raceDate=2026%2F10%2F07&k_raceNo=12
2026-10-07 20:48:00,20:47,2026-10-07,oi,12,2,馬連,2-11,2536.4,2536.4,83,https://www.keiba.go.jp/KeibaWeb/TodayRaceInfo/OddsUmLenFuku?k_babaCode=20&k_raceDate=2026%2F10%2F07&k_raceNo=12
2026-10-07 20:48:00,20:47,2026-10-07,oi,12,2,馬連,6-12,2680.7,2680.7,84,https://www.keiba.go.jp/KeibaWeb/TodayRaceInfo/OddsUmLenFuku?k_babaCode=20&k_raceDate=2026%2F10%2F07&k_raceNo=12
2026-10-07 20:48:00,20:47,2026-10-07,oi,12,2,馬連,4-12,3399.3,3399.3,85,https://www.keiba.go.jp/KeibaWeb/TodayRaceInfo/OddsUmLenFuku?k_babaCode=20&k_raceDate=2026%2F10%2F07&k_raceNo=12
2026-10-07 20:48:00,20:47,2026-10-07,oi,12,2,馬連,4-11,3584.0,3584.0,86,https://www.keiba.go.jp/KeibaWeb/TodayRaceInfo/OddsUmLenFuku?k_babaCode=20&k_raceDate=2026%2F10%2F07&k_raceNo=12
2026-10-07 20:48:00,20:47,2026-10-07,oi,12,2,馬連,1-11,3747.0,3747.0,87,https://www.keiba.go.jp/KeibaWeb/TodayRaceInfo/OddsUmLenFuku?k_babaCode=20&k_raceDate=2026%2F10%2F07&k_raceNo=12
2026-10-07 20:48:00,20:47,2026-10-07,oi,12,2,馬連,11-12,3925.4,3925.4,88,https://www.keiba.go.jp/KeibaWeb/TodayRaceInfo/OddsUmLenFuku?k_babaCode=20&k_raceDate=2026%2F10%2F07&k_raceNo=12
2026-10-07 20:48:00,20:47,2026-10-07,oi,12,2,馬連,6-11,4710.5,4710.5,89,https://www.keiba.go.jp/KeibaWeb/TodayRaceInfo/OddsUmLenFuku?k_babaCode=20&k_raceDate=2026%2F10%2F07&k_raceNo=12
2026-10-07 20:48:00,20:47,2026-10-07,oi,12,2,馬連,8-12,4849.0,4849.0,90,https://www.keiba.go.jp/KeibaWeb/TodayRaceInfo/OddsUmLenFuku?k_babaCode=20&k_raceDate=2026%2F10%2F07&k_raceNo=12
2026-10-07 20:48:00,20:47,2026-10-07,oi,12,2,馬連,8-11,6341.0,6341.0,91,https://www.keiba.go.jp/KeibaWeb/TodayRaceInfo/OddsUmLenFuku?k_babaCode=20&k_raceDate=2026%2F10%2F07&k_raceNo=12
2026-10-07 20:48:00,20:47,2026-10-07,oi,12,2,ワイド,13-14,2.1,2.4,1,https://www.keiba.go.jp/KeibaWeb/TodayRaceInfo/OddsWide?k_babaCode=20&k_raceDate=2026%2F10%2F07&k_raceNo=12
2026-10-07 20:48:00,20:47,2026-10-07,oi,12,2,ワイド,10-13,3.0,3.6,2,https://www.keiba.go.jp/KeibaWeb/TodayRaceInfo/OddsWide?k_babaCode=20&k_raceDate=2026%2F10%2F07&k_raceNo=12
2026-10-07 20:48:00,20:47,2026-10-07,oi,12,2,ワイド,7-13,3.0,3.6,3,https://www.keiba.go.jp/KeibaWeb/TodayRaceInfo/OddsWide?k_babaCode=20&k_raceDate=2026%2F10%2F07&k_raceNo=12
2026-10-07 20:48:00,20:47,2026-10-07,oi,12,2,ワイド,10-14,3.4,4.1,4,https://www.keiba.go.jp/KeibaWeb/TodayRaceInfo/OddsWide?k_babaCode=20&k_raceDate=2026%2F10%2F07&k_raceNo=12
2026-10-07 20:48:00,20:47,2026-10-07,oi,12,2,ワイド,7-14,3.6,4.5,5,https://www.keiba.go.jp/KeibaWeb/TodayRaceInfo/OddsWide?k_babaCode=20&k_raceDate=2026%2F10%2F07&k_raceNo=12
2026-10-07 20:48:00,20:47,2026-10-07,oi,12,2,ワイド,7-10,4.0,4.7,6,https://www.keiba.go.jp/KeibaWeb/TodayRaceInfo/OddsWide?k_babaCode=20&k_raceDate=2026%2F10%2F07&k_raceNo=12
2026-10-07 20:48:00,20:47,2026-10-07,oi,12,2,ワイド,5-13,6.7,7.8,7,https://www.keiba.go.jp/KeibaWeb/TodayRaceInfo/OddsWide?k_babaCode=20&k_raceDate=2026%2F10%2F07&k_raceNo=12
2026-10-07 20:48:00,20:47,2026-10-07,oi,12,2,ワイド,5-7,8.1,9.0,8,https://www.keiba.go.jp/KeibaWeb/TodayRaceInfo/OddsWide?k_babaCode=20&k_raceDate=2026%2F10%2F07&k_raceNo=12
2026-10-07 20:48:00,20:47,2026-10-07,oi,12,2,ワイド,5-14,8.3,9.9,9,https://www.keiba.go.jp/KeibaWeb/TodayRaceInfo/OddsWide?k_babaCode=20&k_raceDate=2026%2F10%2F07&k_raceNo=12
2026-10-07 20:48:00,20:47,2026-10-07,oi,12,2,ワイド,5-10,8.4,9.5,10,https://www.keiba.go.jp/KeibaWeb/TodayRaceInfo/OddsWide?k_babaCode=20&k_raceDate=2026%2F10%2F07&k_raceNo=12
2026-10-07 20:48:00,20:47,2026-10-07,oi,12,2,ワイド,3-13,9.1,10.6,11,https://www.keiba.go.jp/KeibaWeb/TodayRaceInfo/OddsWide?k_babaCode=20&k_raceDate=2026%2F10%2F07&k_raceNo=12
2026-10-07 20:48:00,20:47,2026-10-07,oi,12,2,ワイド,3-10,9.9,11.0,12,https://www.keiba.go.jp/KeibaWeb/TodayRaceInfo/OddsWide?k_babaCode=20&k_raceDate=2026%2F10%2F07&k_raceNo=12
2026-10-07 20:48:00,20:47,2026-10-07,oi,12,2,ワイド,3-7,10.1,11.2,13,https://www.keiba.go.jp/KeibaWeb/TodayRaceInfo/OddsWide?k_babaCode=20&k_raceDate=2026%2F10%2F07&k_raceNo=12
2026-10-07 20:48:00,20:47,2026-10-07,oi,12,2,ワイド,3-14,10.3,12.0,14,https://www.keiba.go.jp/KeibaWeb/TodayRaceInfo/OddsWide?k_babaCode=20&k_raceDate=2026%2F10%2F07&k_raceNo=12
2026-10-07 20:48:00,20:47,2026-10-07,oi,12,2,ワイド,2-13,11.3,13.1,15,https://www.keiba.go.jp/KeibaWeb/TodayRaceInfo/OddsWide?k_babaCode=20&k_raceDate=2026%2F10%2F07&k_raceNo=12
2026-10-07 20:48:00,20:47,2026-10-07,oi,12,2,ワイド,9-13,11.9,13.9,16,https://www.keiba.go.jp/KeibaWeb/TodayRaceInfo/OddsWide?k_babaCode=20&k_raceDate=2026%2F10%2F07&k_raceNo=12
2026-10-07 20:48:00,20:47,2026-10-07,oi,12,2,ワイド,7-9,12.6,13.9,17,https://www.keiba.go.jp/KeibaWeb/TodayRaceInfo/OddsWide?k_babaCode=20&k_raceDate=2026%2F10%2F07&k_raceNo=12
2026-10-07 20:48:00,20:47,2026-10-07,oi,12,2,ワイド,2-14,12.6,14.8,18,https://www.keiba.go.jp/KeibaWeb/TodayRaceInfo/OddsWide?k_babaCode=20&k_raceDate=2026%2F10%2F07&k_raceNo=12
2026-10-07 20:48:00,20:47,2026-10-07,oi,12,2,ワイド,9-14,13.0,15.2,19,https://www.keiba.go.jp/KeibaWeb/TodayRaceInfo/OddsWide?k_babaCode=20&k_raceDate=2026%2F10%2F07&k_raceNo=12
2026-10-07 20:48:00,20:47,2026-10-07,oi,12,2,ワイド,2-7,13.5,14.9,20,https://www.keiba.go.jp/KeibaWeb/TodayRaceInfo/OddsWide?k_babaCode=20&k_raceDate=2026%2F10%2F07&k_raceNo=12
2026-10-07 20:48:00,20:47,2026-10-07,oi,12,2,ワイド,2-10,15.9,17.6,21,https://www.keiba.go.jp/KeibaWeb/TodayRaceInfo/OddsWide?k_babaCode=20&k_raceDate=2026%2F10%2F07&k_raceNo=12
2026-10-07 20:48:00,20:47,2026-10-07,oi,12,2,ワイド,3-5,17.6,18.7,22,https://www.keiba.go.jp/KeibaWeb/TodayRaceInfo/OddsWide?k_babaCode=20&k_raceDate=2026%2F10%2F07&k_raceNo=12
2026-10-07 20:48:00,20:47,2026-10-07,oi,12,2,ワイド,9-10,19.3,21.4,23,https://www.keiba.go.jp/KeibaWeb/TodayRaceInfo/OddsWide?k_babaCode=20&k_raceDate=2026%2F10%2F07&k_raceNo=12
2026-10-07 20:48:00,20:47,2026-10-07,oi,12,2,ワイド,5-9,19.8,20.9,24,https://www.keiba.go.jp/KeibaWeb/TodayRaceInfo/OddsWide?k_babaCode=20&k_raceDate=2026%2F10%2F07&k_raceNo=12
2026-10-07 20:48:00,20:47,2026-10-07,oi,12,2,ワイド,2-5,22.4,23.6,25,https://www.keiba.go.jp/KeibaWeb/TodayRaceInfo/OddsWide?k_babaCode=20&k_raceDate=2026%2F10%2F07&k_raceNo=12
2026-10-07 20:48:00,20:47,2026-10-07,oi,12,2,ワイド,3-9,26.8,28.0,26,https://www.keiba.go.jp/KeibaWeb/TodayRaceInfo/OddsWide?k_babaCode=20&k_raceDate=2026%2F10%2F07&k_raceNo=12
2026-10-07 20:48:00,20:47,2026-10-07,oi,12,2,ワイド,1-14,34.3,39.6,27,https://www.keiba.go.jp/KeibaWeb/TodayRaceInfo/OddsWide?k_babaCode=20&k_raceDate=2026%2F10%2F07&k_raceNo=12
2026-10-07 20:48:00,20:47,2026-10-07,oi,12,2,ワイド,6-14,35.5,40.9,28,https://www.keiba.go.jp/KeibaWeb/TodayRaceInfo/OddsWide?k_babaCode=20&k_raceDate=2026%2F10%2F07&k_raceNo=12
2026-10-07 20:48:00,20:47,2026-10-07,oi,12,2,ワイド,1-13,40.8,47.0,29,https://www.keiba.go.jp/KeibaWeb/TodayRaceInfo/OddsWide?k_babaCode=20&k_raceDate=2026%2F10%2F07&k_raceNo=12
2026-10-07 20:48:00,20:47,2026-10-07,oi,12,2,ワイド,2-3,41.5,43.4,30,https://www.keiba.go.jp/KeibaWeb/TodayRaceInfo/OddsWide?k_babaCode=20&k_raceDate=2026%2F10%2F07&k_raceNo=12
2026-10-07 20:48:00,20:47,2026-10-07,oi,12,2,ワイド,6-13,41.7,48.1,31,https://www.keiba.go.jp/KeibaWeb/TodayRaceInfo/OddsWide?k_babaCode=20&k_raceDate=2026%2F10%2F07&k_raceNo=12
2026-10-07 20:48:00,20:47,2026-10-07,oi,12,2,ワイド,4-7,49.8,54.2,32,https://www.keiba.go.jp/KeibaWeb/TodayRaceInfo/OddsWide?k_babaCode=20&k_raceDate=2026%2F10%2F07&k_raceNo=12
2026-10-07 20:48:00,20:47,2026-10-07,oi,12,2,ワイド,2-9,50.0,52.0,33,https://www.keiba.go.jp/KeibaWeb/TodayRaceInfo/OddsWide?k_babaCode=20&k_raceDate=2026%2F10%2F07&k_raceNo=12
2026-10-07 20:48:00,20:47,2026-10-07,oi,12,2,ワイド,6-7,50.8,55.3,34,https://www.keiba.go.jp/KeibaWeb/TodayRaceInfo/OddsWide?k_babaCode=20&k_raceDate=2026%2F10%2F07&k_raceNo=12
2026-10-07 20:48:00,20:47,2026-10-07,oi,12,2,ワイド,1-10,51.0,55.6,35,https://www.keiba.go.jp/KeibaWeb/TodayRaceInfo/OddsWide?k_babaCode=20&k_raceDate=2026%2F10%2F07&k_raceNo=12
2026-10-07 20:48:00,20:47,2026-10-07,oi,12,2,ワイド,1-7,55.5,60.5,36,https://www.keiba.go.jp/KeibaWeb/TodayRaceInfo/OddsWide?k_babaCode=20&k_raceDate=2026%2F10%2F07&k_raceNo=12
2026-10-07 20:48:00,20:47,2026-10-07,oi,12,2,ワイド,4-13,58.2,66.9,37,https://www.keiba.go.jp/KeibaWeb/TodayRaceInfo/OddsWide?k_babaCode=20&k_raceDate=2026%2F10%2F07&k_raceNo=12
2026-10-07 20:48:00,20:47,2026-10-07,oi,12,2,ワイド,5-6,62.4,64.8,38,https://www.keiba.go.jp/KeibaWeb/TodayRaceInfo/OddsWide?k_babaCode=20&k_raceDate=2026%2F10%2F07&k_raceNo=12
2026-10-07 20:48:00,20:47,2026-10-07,oi,12,2,ワイド,4-14,64.5,74.2,39,https://www.keiba.go.jp/KeibaWeb/TodayRaceInfo/OddsWide?k_babaCode=20&k_raceDate=2026%2F10%2F07&k_raceNo=12
2026-10-07 20:48:00,20:47,2026-10-07,oi,12,2,ワイド,7-8,65.9,71.7,40,https://www.keiba.go.jp/KeibaWeb/TodayRaceInfo/OddsWide?k_babaCode=20&k_raceDate=2026%2F10%2F07&k_raceNo=12
2026-10-07 20:48:00,20:47,2026-10-07,oi,12,2,ワイド,4-10,66.4,72.3,41,https://www.keiba.go.jp/KeibaWeb/TodayRaceInfo/OddsWide?k_babaCode=20&k_raceDate=2026%2F10%2F07&k_raceNo=12
2026-10-07 20:48:00,20:47,2026-10-07,oi,12,2,ワイド,6-10,70.8,77.3,42,https://www.keiba.go.jp/KeibaWeb/TodayRaceInfo/OddsWide?k_babaCode=20&k_raceDate=2026%2F10%2F07&k_raceNo=12
2026-10-07 20:48:00,20:47,2026-10-07,oi,12,2,ワイド,8-13,72.3,82.9,43,https://www.keiba.go.jp/KeibaWeb/TodayRaceInfo/OddsWide?k_babaCode=20&k_raceDate=2026%2F10%2F07&k_raceNo=12
2026-10-07 20:48:00,20:47,2026-10-07,oi,12,2,ワイド,1-5,86.9,90.3,44,https://www.keiba.go.jp/KeibaWeb/TodayRaceInfo/OddsWide?k_babaCode=20&k_raceDate=2026%2F10%2F07&k_raceNo=12
2026-10-07 20:48:00,20:47,2026-10-07,oi,12,2,ワイド,6-9,92.5,94.6,45,https://www.keiba.go.jp/KeibaWeb/TodayRaceInfo/OddsWide?k_babaCode=20&k_raceDate=2026%2F10%2F07&k_raceNo=12
2026-10-07 20:48:00,20:47,2026-10-07,oi,12,2,ワイド,3-6,100.2,103.2,46,https://www.keiba.go.jp/KeibaWeb/TodayRaceInfo/OddsWide?k_babaCode=20&k_raceDate=2026%2F10%2F07&k_raceNo=12
2026-10-07 20:48:00,20:47,2026-10-07,oi,12,2,ワイド,12-13,108.1,124.1,47,https://www.keiba.go.jp/KeibaWeb/TodayRaceInfo/OddsWide?k_babaCode=20&k_raceDate=2026%2F10%2F07&k_raceNo=12
2026-10-07 20:48:00,20:47,2026-10-07,oi,12,2,ワイド,1-2,109.6,112.4,48,https://www.keiba.go.jp/KeibaWeb/TodayRaceInfo/OddsWide?k_babaCode=20&k_raceDate=2026%2F10%2F07&k_raceNo=12
2026-10-07 20:48:00,20:47,2026-10-07,oi,12,2,ワイド,3-4,113.3,116.5,49,https://www.keiba.go.jp/KeibaWeb/TodayRaceInfo/OddsWide?k_babaCode=20&k_raceDate=2026%2F10%2F07&k_raceNo=12
2026-10-07 20:48:00,20:47,2026-10-07,oi,12,2,ワイド,4-9,116.4,119.1,50,https://www.keiba.go.jp/KeibaWeb/TodayRaceInfo/OddsWide?k_babaCode=20&k_raceDate=2026%2F10%2F07&k_raceNo=12
2026-10-07 20:48:00,20:47,2026-10-07,oi,12,2,ワイド,4-5,116.7,121.1,51,https://www.keiba.go.jp/KeibaWeb/TodayRaceInfo/OddsWide?k_babaCode=20&k_raceDate=2026%2F10%2F07&k_raceNo=12
2026-10-07 20:48:00,20:47,2026-10-07,oi,12,2,ワイド,1-3,117.6,121.1,52,https://www.keiba.go.jp/KeibaWeb/TodayRaceInfo/OddsWide?k_babaCode=20&k_raceDate=2026%2F10%2F07&k_raceNo=12
2026-10-07 20:48:00,20:47,2026-10-07,oi,12,2,ワイド,2-6,121.8,124.8,53,https://www.keiba.go.jp/KeibaWeb/TodayRaceInfo/OddsWide?k_babaCode=20&k_raceDate=2026%2F10%2F07&k_raceNo=12
2026-10-07 20:48:00,20:47,2026-10-07,oi,12,2,ワイド,8-14,126.6,145.6,54,https://www.keiba.go.jp/KeibaWeb/TodayRaceInfo/OddsWide?k_babaCode=20&k_raceDate=2026%2F10%2F07&k_raceNo=12
2026-10-07 20:48:00,20:47,2026-10-07,oi,12,2,ワイド,8-10,129.7,141.2,55,https://www.keiba.go.jp/KeibaWeb/TodayRaceInfo/OddsWide?k_babaCode=20&k_raceDate=2026%2F10%2F07&k_raceNo=12
2026-10-07 20:48:00,20:47,2026-10-07,oi,12,2,ワイド,1-9,134.6,137.8,56,https://www.keiba.go.jp/KeibaWeb/TodayRaceInfo/OddsWide?k_babaCode=20&k_raceDate=2026%2F10%2F07&k_raceNo=12
2026-10-07 20:48:00,20:47,2026-10-07,oi,12,2,ワイド,5-8,137.9,143.0,57,https://www.keiba.go.jp/KeibaWeb/TodayRaceInfo/OddsWide?k_babaCode=20&k_raceDate=2026%2F10%2F07&k_raceNo=12
2026-10-07 20:48:00,20:47,2026-10-07,oi,12,2,ワイド,2-4,141.0,144.3,58,https://www.keiba.go.jp/KeibaWeb/TodayRaceInfo/OddsWide?k_babaCode=20&k_raceDate=2026%2F10%2F07&k_raceNo=12
2026-10-07 20:48:00,20:47,2026-10-07,oi,12,2,ワイド,7-12,145.6,158.2,59,https://www.keiba.go.jp/KeibaWeb/TodayRaceInfo/OddsWide?k_babaCode=20&k_raceDate=2026%2F10%2F07&k_raceNo=12
2026-10-07 20:48:00,20:47,2026-10-07,oi,12,2,ワイド,12-14,149.3,171.5,60,https://www.keiba.go.jp/KeibaWeb/TodayRaceInfo/OddsWide?k_babaCode=20&k_raceDate=2026%2F10%2F07&k_raceNo=12
2026-10-07 20:48:00,20:47,2026-10-07,oi,12,2,ワイド,2-8,158.8,162.4,61,https://www.keiba.go.jp/KeibaWeb/TodayRaceInfo/OddsWide?k_babaCode=20&k_raceDate=2026%2F10%2F07&k_raceNo=12
2026-10-07 20:48:00,20:47,2026-10-07,oi,12,2,ワイド,1-6,191.0,193.3,62,https://www.keiba.go.jp/KeibaWeb/TodayRaceInfo/OddsWide?k_babaCode=20&k_raceDate=2026%2F10%2F07&k_raceNo=12
2026-10-07 20:48:00,20:47,2026-10-07,oi,12,2,ワイド,8-9,200.9,205.3,63,https://www.keiba.go.jp/KeibaWeb/TodayRaceInfo/OddsWide?k_babaCode=20&k_raceDate=2026%2F10%2F07&k_raceNo=12
2026-10-07 20:48:00,20:47,2026-10-07,oi,12,2,ワイド,10-12,212.7,231.4,64,https://www.keiba.go.jp/KeibaWeb/TodayRaceInfo/OddsWide?k_babaCode=20&k_raceDate=2026%2F10%2F07&k_raceNo=12
2026-10-07 20:48:00,20:47,2026-10-07,oi,12,2,ワイド,3-8,215.9,221.9,65,https://www.keiba.go.jp/KeibaWeb/TodayRaceInfo/OddsWide?k_babaCode=20&k_raceDate=2026%2F10%2F07&k_raceNo=12
2026-10-07 20:48:00,20:47,2026-10-07,oi,12,2,ワイド,7-11,216.9,235.3,66,https://www.keiba.go.jp/KeibaWeb/TodayRaceInfo/OddsWide?k_babaCode=20&k_raceDate=2026%2F10%2F07&k_raceNo=12
2026-10-07 20:48:00,20:47,2026-10-07,oi,12,2,ワイド,5-12,223.7,231.7,67,https://www.keiba.go.jp/KeibaWeb/TodayRaceInfo/OddsWide?k_babaCode=20&k_raceDate=2026%2F10%2F07&k_raceNo=12
2026-10-07 20:48:00,20:47,2026-10-07,oi,12,2,ワイド,11-13,241.7,277.0,68,https://www.keiba.go.jp/KeibaWeb/TodayRaceInfo/OddsWide?k_babaCode=20&k_raceDate=2026%2F10%2F07&k_raceNo=12
2026-10-07 20:48:00,20:47,2026-10-07,oi,12,2,ワイド,1-4,284.7,287.4,69,https://www.keiba.go.jp/KeibaWeb/TodayRaceInfo/OddsWide?k_babaCode=20&k_raceDate=2026%2F10%2F07&k_raceNo=12
2026-10-07 20:48:00,20:47,2026-10-07,oi,12,2,ワイド,4-6,285.4,288.0,70,https://www.keiba.go.jp/KeibaWeb/TodayRaceInfo/OddsWide?k_babaCode=20&k_raceDate=2026%2F10%2F07&k_raceNo=12
2026-10-07 20:48:00,20:47,2026-10-07,oi,12,2,ワイド,11-14,291.3,334.0,71,https://www.keiba.go.jp/KeibaWeb/TodayRaceInfo/OddsWide?k_babaCode=20&k_raceDate=2026%2F10%2F07&k_raceNo=12
2026-10-07 20:48:00,20:47,2026-10-07,oi,12,2,ワイド,3-12,297.6,305.5,72,https://www.keiba.go.jp/KeibaWeb/TodayRaceInfo/OddsWide?k_babaCode=20&k_raceDate=2026%2F10%2F07&k_raceNo=12
2026-10-07 20:48:00,20:47,2026-10-07,oi,12,2,ワイド,6-8,306.4,308.8,73,https://www.keiba.go.jp/KeibaWeb/TodayRaceInfo/OddsWide?k_babaCode=20&k_raceDate=2026%2F10%2F07&k_raceNo=12
2026-10-07 20:48:00,20:47,2026-10-07,oi,12,2,ワイド,9-12,325.5,332.1,74,https://www.keiba.go.jp/KeibaWeb/TodayRaceInfo/OddsWide?k_babaCode=20&k_raceDate=2026%2F10%2F07&k_raceNo=12
2026-10-07 20:48:00,20:47,2026-10-07,oi,12,2,ワイド,2-12,344.9,352.3,75,https://www.keiba.go.jp/KeibaWeb/TodayRaceInfo/OddsWide?k_babaCode=20&k_raceDate=2026%2F10%2F07&k_raceNo=12
2026-10-07 20:48:00,20:47,2026-10-07,oi,12,2,ワイド,4-8,351.3,354.1,76,https://www.keiba.go.jp/KeibaWeb/TodayRaceInfo/OddsWide?k_babaCode=20&k_raceDate=2026%2F10%2F07&k_raceNo=12
2026-10-07 20:48:00,20:47,2026-10-07,oi,12,2,ワイド,5-11,369.9,382.7,77,https://www.keiba.go.jp/KeibaWeb/TodayRaceInfo/OddsWide?k_babaCode=20&k_raceDate=2026%2F10%2F07&k_raceNo=12
2026-10-07 20:48:00,20:47,2026-10-07,oi,12,2,ワイド,1-8,389.3,392.4,78,https://www.keiba.go.jp/KeibaWeb/TodayRaceInfo/OddsWide?k_babaCode=20&k_raceDate=2026%2F10%2F07&k_raceNo=12
2026-10-07 20:48:00,20:47,2026-10-07,oi,12,2,ワイド,10-11,389.5,423.0,79,https://www.keiba.go.jp/KeibaWeb/TodayRaceInfo/OddsWide?k_babaCode=20&k_raceDate=2026%2F10%2F07&k_raceNo=12
2026-10-07 20:48:00,20:47,2026-10-07,oi,12,2,ワイド,3-11,422.6,433.2,80,https://www.keiba.go.jp/KeibaWeb/TodayRaceInfo/OddsWide?k_babaCode=20&k_raceDate=2026%2F10%2F07&k_raceNo=12
2026-10-07 20:48:00,20:47,2026-10-07,oi,12,2,ワイド,1-12,482.2,485.7,81,https://www.keiba.go.jp/KeibaWeb/TodayRaceInfo/OddsWide?k_babaCode=20&k_raceDate=2026%2F10%2F07&k_raceNo=12
2026-10-07 20:48:00,20:47,2026-10-07,oi,12,2,ワイド,6-12,526.4,530.2,82,https://www.keiba.go.jp/KeibaWeb/TodayRaceInfo/OddsWide?k_babaCode=20&k_raceDate=2026%2F10%2F07&k_raceNo=12
2026-10-07 20:48:00,20:47,2026-10-07,oi,12,2,ワイド,9-11,596.5,607.8,83,https://www.keiba.go.jp/KeibaWeb/TodayRaceInfo/OddsWide?k_babaCode=20&k_raceDate=2026%2F10%2F07&k_raceNo=12
2026-10-07 20:48:00,20:47,2026-10-07,oi,12,2,ワイド,2-11,738.5,753.3,84,https://www.keiba.go.jp/KeibaWeb/TodayRaceInfo/OddsWide?k_babaCode=20&k_raceDate=2026%2F10%2F07&k_raceNo=12
2026-10-07 20:48:00,20:47,2026-10-07,oi,12,2,ワイド,8-12,762.1,765.6,85,https://www.keiba.go.jp/KeibaWeb/TodayRaceInfo/OddsWide?k_babaCode=20&k_raceDate=2026%2F10%2F07&k_raceNo=12
2026-10-07 20:48:00,20:47,2026-10-07,oi,12,2,ワイド,1-11,807.6,812.7,86,https://www.keiba.go.jp/KeibaWeb/TodayRaceInfo/OddsWide?k_babaCode=20&k_raceDate=2026%2F10%2F07&k_raceNo=12
2026-10-07 20:48:00,20:47,2026-10-07,oi,12,2,ワイド,4-12,817.5,822.2,87,https://www.keiba.go.jp/KeibaWeb/TodayRaceInfo/OddsWide?k_babaCode=20&k_raceDate=2026%2F10%2F07&k_raceNo=12
2026-10-07 20:48:00,20:47,2026-10-07,oi,12,2,ワイド,11-12,869.6,871.6,88,https://www.keiba.go.jp/KeibaWeb/TodayRaceInfo/OddsWide?k_babaCode=20&k_raceDate=2026%2F10%2F07&k_raceNo=12
2026-10-07 20:48:00,20:47,2026-10-07,oi,12,2,ワイド,6-11,898.5,904.1,89,https://www.keiba.go.jp/KeibaWeb/TodayRaceInfo/OddsWide?k_babaCode=20&k_raceDate=2026%2F10%2F07&k_raceNo=12
2026-10-07 20:48:00,20:47,2026-10-07,oi,12,2,ワイド,8-11,980.3,984.2,90,https://www.keiba.go.jp/KeibaWeb/TodayRaceInfo/OddsWide?k_babaCode=20&k_raceDate=2026%2F10%2F07&k_raceNo=12
2026-10-07 20:48:00,20:47,2026-10-07,oi,12,2,ワイド,4-11,1028.1,1033.4,91,https://www.keiba.go.jp/KeibaWeb/TodayRaceInfo/OddsWide?k_babaCode=20&k_raceDate=2026%2F10%2F07&k_raceNo=12
2026-10-07 20:48:00,20:47,2026-10-07,oi,12,2,三連複,10-13-14,7.1,7.1,1,https://www.keiba.go.jp/KeibaWeb/TodayRaceInfo/Odds3LenFuku?k_babaCode=20&k_raceDate=2026%2F10%2F07&k_raceNo=12
2026-10-07 20:48:00,20:47,2026-10-07,oi,12,2,三連複,7-13-14,7.7,7.7,2,https://www.keiba.go.jp/KeibaWeb/TodayRaceInfo/Odds3LenFuku?k_babaCode=20&k_raceDate=2026%2F10%2F07&k_raceNo=12
2026-10-07 20:48:00,20:47,2026-10-07,oi,12,2,三連複,7-10-13,10.8,10.8,3,https://www.keiba.go.jp/KeibaWeb/TodayRaceInfo/Odds3LenFuku?k_babaCode=20&k_raceDate=2026%2F10%2F07&k_raceNo=12
2026-10-07 20:48:00,20:47,2026-10-07,oi,12,2,三連複,7-10-14,13.6,13.6,4,https://www.keiba.go.jp/KeibaWeb/TodayRaceInfo/Odds3LenFuku?k_babaCode=20&k_raceDate=2026%2F10%2F07&k_raceNo=12
2026-10-07 20:48:00,20:47,2026-10-07,oi,12,2,三連複,5-13-14,24.1,24.1,5,https://www.keiba.go.jp/KeibaWeb/TodayRaceInfo/Odds3LenFuku?k_babaCode=20&k_raceDate=2026%2F10%2F07&k_raceNo=12
2026-10-07 20:48:00,20:47,2026-10-07,oi,12,2,三連複,5-10-13,29.9,29.9,6,https://www.keiba.go.jp/KeibaWeb/TodayRaceInfo/Odds3LenFuku?k_babaCode=20&k_raceDate=2026%2F10%2F07&k_raceNo=12
2026-10-07 20:48:00,20:47,2026-10-07,oi,12,2,三連複,3-13-14,30.3,30.3,7,https://www.keiba.go.jp/KeibaWeb/TodayRaceInfo/Odds3LenFuku?k_babaCode=20&k_raceDate=2026%2F10%2F07&k_raceNo=12
2026-10-07 20:48:00,20:47,2026-10-07,oi,12,2,三連複,3-10-13,33.7,33.7,8,https://www.keiba.go.jp/KeibaWeb/TodayRaceInfo/Odds3LenFuku?k_babaCode=20&k_raceDate=2026%2F10%2F07&k_raceNo=12
2026-10-07 20:48:00,20:47,2026-10-07,oi,12,2,三連複,5-7-13,34.6,34.6,9,https://www.keiba.go.jp/KeibaWeb/TodayRaceInfo/Odds3LenFuku?k_babaCode=20&k_raceDate=2026%2F10%2F07&k_raceNo=12
2026-10-07 20:48:00,20:47,2026-10-07,oi,12,2,三連複,9-13-14,37.4,37.4,10,https://www.keiba.go.jp/KeibaWeb/TodayRaceInfo/Odds3LenFuku?k_babaCode=20&k_raceDate=2026%2F10%2F07&k_raceNo=12
2026-10-07 20:48:00,20:47,2026-10-07,oi,12,2,三連複,5-10-14,39.3,39.3,11,https://www.keiba.go.jp/KeibaWeb/TodayRaceInfo/Odds3LenFuku?k_babaCode=20&k_raceDate=2026%2F10%2F07&k_raceNo=12
2026-10-07 20:48:00,20:47,2026-10-07,oi,12,2,三連複,2-13-14,40.1,40.1,12,https://www.keiba.go.jp/KeibaWeb/TodayRaceInfo/Odds3LenFuku?k_babaCode=20&k_raceDate=2026%2F10%2F07&k_raceNo=12
2026-10-07 20:48:00,20:47,2026-10-07,oi,12,2,三連複,3-7-13,40.5,40.5,13,https://www.keiba.go.jp/KeibaWeb/TodayRaceInfo/Odds3LenFuku?k_babaCode=20&k_raceDate=2026%2F10%2F07&k_raceNo=12
2026-10-07 20:48:00,20:47,2026-10-07,oi,12,2,三連複,3-10-14,41.9,41.9,14,https://www.keiba.go.jp/KeibaWeb/TodayRaceInfo/Odds3LenFuku?k_babaCode=20&k_raceDate=2026%2F10%2F07&k_raceNo=12
2026-10-07 20:48:00,20:47,2026-10-07,oi,12,2,三連複,5-7-14,45.9,45.9,15,https://www.keiba.go.jp/KeibaWeb/TodayRaceInfo/Odds3LenFuku?k_babaCode=20&k_raceDate=2026%2F10%2F07&k_raceNo=12
2026-10-07 20:48:00,20:47,2026-10-07,oi,12,2,三連複,3-7-10,46.7,46.7,16,https://www.keiba.go.jp/KeibaWeb/TodayRaceInfo/Odds3LenFuku?k_babaCode=20&k_raceDate=2026%2F10%2F07&k_raceNo=12
2026-10-07 20:48:00,20:47,2026-10-07,oi,12,2,三連複,5-7-10,47.5,47.5,17,https://www.keiba.go.jp/KeibaWeb/TodayRaceInfo/Odds3LenFuku?k_babaCode=20&k_raceDate=2026%2F10%2F07&k_raceNo=12
2026-10-07 20:48:00,20:47,2026-10-07,oi,12,2,三連複,9-10-13,50.3,50.3,18,https://www.keiba.go.jp/KeibaWeb/TodayRaceInfo/Odds3LenFuku?k_babaCode=20&k_raceDate=2026%2F10%2F07&k_raceNo=12
2026-10-07 20:48:00,20:47,2026-10-07,oi,12,2,三連複,7-9-13,50.8,50.8,19,https://www.keiba.go.jp/KeibaWeb/TodayRaceInfo/Odds3LenFuku?k_babaCode=20&k_raceDate=2026%2F10%2F07&k_raceNo=12
2026-10-07 20:48:00,20:47,2026-10-07,oi,12,2,三連複,3-7-14,51.0,51.0,20,https://www.keiba.go.jp/KeibaWeb/TodayRaceInfo/Odds3LenFuku?k_babaCode=20&k_raceDate=2026%2F10%2F07&k_raceNo=12
2026-10-07 20:48:00,20:47,2026-10-07,oi,12,2,三連複,2-7-13,52.3,52.3,21,https://www.keiba.go.jp/KeibaWeb/TodayRaceInfo/Odds3LenFuku?k_babaCode=20&k_raceDate=2026%2F10%2F07&k_raceNo=12
2026-10-07 20:48:00,20:47,2026-10-07,oi,12,2,三連複,2-10-13,53.1,53.1,22,https://www.keiba.go.jp/KeibaWeb/TodayRaceInfo/Odds3LenFuku?k_babaCode=20&k_raceDate=2026%2F10%2F07&k_raceNo=12
2026-10-07 20:48:00,20:47,2026-10-07,oi,12,2,三連複,2-10-14,59.4,59.4,23,https://www.keiba.go.jp/KeibaWeb/TodayRaceInfo/Odds3LenFuku?k_babaCode=20&k_raceDate=2026%2F10%2F07&k_raceNo=12
2026-10-07 20:48:00,20:47,2026-10-07,oi,12,2,三連複,2-7-14,60.8,60.8,24,https://www.keiba.go.jp/KeibaWeb/TodayRaceInfo/Odds3LenFuku?k_babaCode=20&k_raceDate=2026%2F10%2F07&k_raceNo=12
2026-10-07 20:48:00,20:47,2026-10-07,oi,12,2,三連複,7-9-14,67.5,67.5,25,https://www.keiba.go.jp/KeibaWeb/TodayRaceInfo/Odds3LenFuku?k_babaCode=20&k_raceDate=2026%2F10%2F07&k_raceNo=12
2026-10-07 20:48:00,20:47,2026-10-07,oi,12,2,三連複,2-7-10,71.3,71.3,26,https://www.keiba.go.jp/KeibaWeb/TodayRaceInfo/Odds3LenFuku?k_babaCode=20&k_raceDate=2026%2F10%2F07&k_raceNo=12
2026-10-07 20:48:00,20:47,2026-10-07,oi,12,2,三連複,9-10-14,71.6,71.6,27,https://www.keiba.go.jp/KeibaWeb/TodayRaceInfo/Odds3LenFuku?k_babaCode=20&k_raceDate=2026%2F10%2F07&k_raceNo=12
2026-10-07 20:48:00,20:47,2026-10-07,oi,12,2,三連複,7-9-10,72.2,72.2,28,https://www.keiba.go.jp/KeibaWeb/TodayRaceInfo/Odds3LenFuku?k_babaCode=20&k_raceDate=2026%2F10%2F07&k_raceNo=12
2026-10-07 20:48:00,20:47,2026-10-07,oi,12,2,三連複,3-5-13,93.2,93.2,29,https://www.keiba.go.jp/KeibaWeb/TodayRaceInfo/Odds3LenFuku?k_babaCode=20&k_raceDate=2026%2F10%2F07&k_raceNo=12
2026-10-07 20:48:00,20:47,2026-10-07,oi,12,2,三連複,5-9-13,95.4,95.4,30,https://www.keiba.go.jp/KeibaWeb/TodayRaceInfo/Odds3LenFuku?k_babaCode=20&k_raceDate=2026%2F10%2F07&k_raceNo=12
2026-10-07 20:48:00,20:47,2026-10-07,oi,12,2,三連複,3-5-10,106.5,106.5,31,https://www.keiba.go.jp/KeibaWeb/TodayRaceInfo/Odds3LenFuku?k_babaCode=20&k_raceDate=2026%2F10%2F07&k_raceNo=12
2026-10-07 20:48:00,20:47,2026-10-07,oi,12,2,三連複,3-5-14,109.6,109.6,32,https://www.keiba.go.jp/KeibaWeb/TodayRaceInfo/Odds3LenFuku?k_babaCode=20&k_raceDate=2026%2F10%2F07&k_raceNo=12
2026-10-07 20:48:00,20:47,2026-10-07,oi,12,2,三連複,2-5-13,119.0,119.0,33,https://www.keiba.go.jp/KeibaWeb/TodayRaceInfo/Odds3LenFuku?k_babaCode=20&k_raceDate=2026%2F10%2F07&k_raceNo=12
2026-10-07 20:48:00,20:47,2026-10-07,oi,12,2,三連複,3-5-7,124.0,124.0,34,https://www.keiba.go.jp/KeibaWeb/TodayRaceInfo/Odds3LenFuku?k_babaCode=20&k_raceDate=2026%2F10%2F07&k_raceNo=12
2026-10-07 20:48:00,20:47,2026-10-07,oi,12,2,三連複,2-5-14,127.4,127.4,35,https://www.keiba.go.jp/KeibaWeb/TodayRaceInfo/Odds3LenFuku?k_babaCode=20&k_raceDate=2026%2F10%2F07&k_raceNo=12
2026-10-07 20:48:00,20:47,2026-10-07,oi,12,2,三連複,5-9-14,129.6,129.6,36,https://www.keiba.go.jp/KeibaWeb/TodayRaceInfo/Odds3LenFuku?k_babaCode=20&k_raceDate=2026%2F10%2F07&k_raceNo=12
2026-10-07 20:48:00,20:47,2026-10-07,oi,12,2,三連複,3-9-13,136.4,136.4,37,https://www.keiba.go.jp/KeibaWeb/TodayRaceInfo/Odds3LenFuku?k_babaCode=20&k_raceDate=2026%2F10%2F07&k_raceNo=12
2026-10-07 20:48:00,20:47,2026-10-07,oi,12,2,三連複,1-13-14,137.6,137.6,38,https://www.keiba.go.jp/KeibaWeb/TodayRaceInfo/Odds3LenFuku?k_babaCode=20&k_raceDate=2026%2F10%2F07&k_raceNo=12
2026-10-07 20:48:00,20:47,2026-10-07,oi,12,2,三連複,2-5-7,146.3,146.3,39,https://www.keiba.go.jp/KeibaWeb/TodayRaceInfo/Odds3LenFuku?k_babaCode=20&k_raceDate=2026%2F10%2F07&k_raceNo=12
2026-10-07 20:48:00,20:47,2026-10-07,oi,12,2,三連複,5-9-10,148.7,148.7,40,https://www.keiba.go.jp/KeibaWeb/TodayRaceInfo/Odds3LenFuku?k_babaCode=20&k_raceDate=2026%2F10%2F07&k_raceNo=12
2026-10-07 20:48:00,20:47,2026-10-07,oi,12,2,三連複,5-7-9,151.1,151.1,41,https://www.keiba.go.jp/KeibaWeb/TodayRaceInfo/Odds3LenFuku?k_babaCode=20&k_raceDate=2026%2F10%2F07&k_raceNo=12
2026-10-07 20:48:00,20:47,2026-10-07,oi,12,2,三連複,2-5-10,159.3,159.3,42,https://www.keiba.go.jp/KeibaWeb/TodayRaceInfo/Odds3LenFuku?k_babaCode=20&k_raceDate=2026%2F10%2F07&k_raceNo=12
2026-10-07 20:48:00,20:47,2026-10-07,oi,12,2,三連複,6-13-14,168.0,168.0,43,https://www.keiba.go.jp/KeibaWeb/TodayRaceInfo/Odds3LenFuku?k_babaCode=20&k_raceDate=2026%2F10%2F07&k_raceNo=12
2026-10-07 20:48:00,20:47,2026-10-07,oi,12,2,三連複,3-7-9,173.7,173.7,44,https://www.keiba.go.jp/KeibaWeb/TodayRaceInfo/Odds3LenFuku?k_babaCode=20&k_raceDate=2026%2F10%2F07&k_raceNo=12
2026-10-07 20:48:00,20:47,2026-10-07,oi,12,2,三連複,1-10-13,173.9,173.9,45,https://www.keiba.go.jp/KeibaWeb/TodayRaceInfo/Odds3LenFuku?k_babaCode=20&k_raceDate=2026%2F10%2F07&k_raceNo=12
2026-10-07 20:48:00,20:47,2026-10-07,oi,12,2,三連複,2-3-13,175.9,175.9,46,https://www.keiba.go.jp/KeibaWeb/TodayRaceInfo/Odds3LenFuku?k_babaCode=20&k_raceDate=2026%2F10%2F07&k_raceNo=12
2026-10-07 20:48:00,20:47,2026-10-07,oi,12,2,三連複,3-9-14,177.3,177.3,47,https://www.keiba.go.jp/KeibaWeb/TodayRaceInfo/Odds3LenFuku?k_babaCode=20&k_raceDate=2026%2F10%2F07&k_raceNo=12
2026-10-07 20:48:00,20:47,2026-10-07,oi,12,2,三連複,3-9-10,182.3,182.3,48,https://www.keiba.go.jp/KeibaWeb/TodayRaceInfo/Odds3LenFuku?k_babaCode=20&k_raceDate=2026%2F10%2F07&k_raceNo=12
2026-10-07 20:48:00,20:47,2026-10-07,oi,12,2,三連複,1-7-13,189.0,189.0,49,https://www.keiba.go.jp/KeibaWeb/TodayRaceInfo/Odds3LenFuku?k_babaCode=20&k_raceDate=2026%2F10%2F07&k_raceNo=12
2026-10-07 20:48:00,20:47,2026-10-07,oi,12,2,三連複,2-3-14,193.8,193.8,50,https://www.keiba.go.jp/KeibaWeb/TodayRaceInfo/Odds3LenFuku?k_babaCode=20&k_raceDate=2026%2F10%2F07&k_raceNo=12
2026-10-07 20:48:00,20:47,2026-10-07,oi,12,2,三連複,2-9-13,197.9,197.9,51,https://www.keiba.go.jp/KeibaWeb/TodayRaceInfo/Odds3LenFuku?k_babaCode=20&k_raceDate=2026%2F10%2F07&k_raceNo=12
2026-10-07 20:48:00,20:47,2026-10-07,oi,12,2,三連複,4-13-14,209.2,209.2,52,https://www.keiba.go.jp/KeibaWeb/TodayRaceInfo/Odds3LenFuku?k_babaCode=20&k_raceDate=2026%2F10%2F07&k_raceNo=12
2026-10-07 20:48:00,20:47,2026-10-07,oi,12,2,三連複,4-7-13,218.1,218.1,53,https://www.keiba.go.jp/KeibaWeb/TodayRaceInfo/Odds3LenFuku?k_babaCode=20&k_raceDate=2026%2F10%2F07&k_raceNo=12
2026-10-07 20:48:00,20:47,2026-10-07,oi,12,2,三連複,2-3-7,219.0,219.0,54,https://www.keiba.go.jp/KeibaWeb/TodayRaceInfo/Odds3LenFuku?k_babaCode=20&k_raceDate=2026%2F10%2F07&k_raceNo=12
2026-10-07 20:48:00,20:47,2026-10-07,oi,12,2,三連複,1-10-14,223.1,223.1,55,https://www.keiba.go.jp/KeibaWeb/TodayRaceInfo/Odds3LenFuku?k_babaCode=20&k_raceDate=2026%2F10%2F07&k_raceNo=12
2026-10-07 20:48:00,20:47,2026-10-07,oi,12,2,三連複,2-3-10,229.9,229.9,56,https://www.keiba.go.jp/KeibaWeb/TodayRaceInfo/Odds3LenFuku?k_babaCode=20&k_raceDate=2026%2F10%2F07&k_raceNo=12
2026-10-07 20:48:00,20:47,2026-10-07,oi,12,2,三連複,1-7-14,243.6,243.6,57,https://www.keiba.go.jp/KeibaWeb/TodayRaceInfo/Odds3LenFuku?k_babaCode=20&k_raceDate=2026%2F10%2F07&k_raceNo=12
2026-10-07 20:48:00,20:47,2026-10-07,oi,12,2,三連複,6-7-13,254.1,254.1,58,https://www.keiba.go.jp/KeibaWeb/TodayRaceInfo/Odds3LenFuku?k_babaCode=20&k_raceDate=2026%2F10%2F07&k_raceNo=12
2026-10-07 20:48:00,20:47,2026-10-07,oi,12,2,三連複,2-9-14,262.1,262.1,59,https://www.keiba.go.jp/KeibaWeb/TodayRaceInfo/Odds3LenFuku?k_babaCode=20&k_raceDate=2026%2F10%2F07&k_raceNo=12
2026-10-07 20:48:00,20:47,2026-10-07,oi,12,2,三連複,1-7-10,262.5,262.5,60,https://www.keiba.go.jp/KeibaWeb/TodayRaceInfo/Odds3LenFuku?k_babaCode=20&k_raceDate=2026%2F10%2F07&k_raceNo=12
2026-10-07 20:48:00,20:47,2026-10-07,oi,12,2,三連複,6-10-13,262.5,262.5,60,https://www.keiba.go.jp/KeibaWeb/TodayRaceInfo/Odds3LenFuku?k_babaCode=20&k_raceDate=2026%2F10%2F07&k_raceNo=12
2026-10-07 20:48:00,20:47,2026-10-07,oi,12,2,三連複,4-10-13,265.0,265.0,62,https://www.keiba.go.jp/KeibaWeb/TodayRaceInfo/Odds3LenFuku?k_babaCode=20&k_raceDate=2026%2F10%2F07&k_raceNo=12
2026-10-07 20:48:00,20:47,2026-10-07,oi,12,2,三連複,2-7-9,276.5,276.5,63,https://www.keiba.go.jp/KeibaWeb/TodayRaceInfo/Odds3LenFuku?k_babaCode=20&k_raceDate=2026%2F10%2F07&k_raceNo=12
2026-10-07 20:48:00,20:47,2026-10-07,oi,12,2,三連複,6-7-14,293.1,293.1,64,https://www.keiba.go.jp/KeibaWeb/TodayRaceInfo/Odds3LenFuku?k_babaCode=20&k_raceDate=2026%2F10%2F07&k_raceNo=12
2026-10-07 20:48:00,20:47,2026-10-07,oi,12,2,三連複,4-7-14,298.3,298.3,65,https://www.keiba.go.jp/KeibaWeb/TodayRaceInfo/Odds3LenFuku?k_babaCode=20&k_raceDate=2026%2F10%2F07&k_raceNo=12
2026-10-07 20:48:00,20:47,2026-10-07,oi,12,2,三連複,6-10-14,304.5,304.5,66,https://www.keiba.go.jp/KeibaWeb/TodayRaceInfo/Odds3LenFuku?k_babaCode=20&k_raceDate=2026%2F10%2F07&k_raceNo=12
2026-10-07 20:48:00,20:47,2026-10-07,oi,12,2,三連複,12-13-14,306.9,306.9,67,https://www.keiba.go.jp/KeibaWeb/TodayRaceInfo/Odds3LenFuku?k_babaCode=20&k_raceDate=2026%2F10%2F07&k_raceNo=12
2026-10-07 20:48:00,20:47,2026-10-07,oi,12,2,三連複,2-9-10,311.2,311.2,68,https://www.keiba.go.jp/KeibaWeb/TodayRaceInfo/Odds3LenFuku?k_babaCode=20&k_raceDate=2026%2F10%2F07&k_raceNo=12
2026-10-07 20:48:00,20:47,2026-10-07,oi,12,2,三連複,4-7-10,313.9,313.9,69,https://www.keiba.go.jp/KeibaWeb/TodayRaceInfo/Odds3LenFuku?k_babaCode=20&k_raceDate=2026%2F10%2F07&k_raceNo=12
2026-10-07 20:48:00,20:47,2026-10-07,oi,12,2,三連複,3-5-9,323.8,323.8,70,https://www.keiba.go.jp/KeibaWeb/TodayRaceInfo/Odds3LenFuku?k_babaCode=20&k_raceDate=2026%2F10%2F07&k_raceNo=12
2026-10-07 20:48:00,20:47,2026-10-07,oi,12,2,三連複,4-10-14,345.9,345.9,71,https://www.keiba.go.jp/KeibaWeb/TodayRaceInfo/Odds3LenFuku?k_babaCode=20&k_raceDate=2026%2F10%2F07&k_raceNo=12
2026-10-07 20:48:00,20:47,2026-10-07,oi,12,2,三連複,8-13-14,349.3,349.3,72,https://www.keiba.go.jp/KeibaWeb/TodayRaceInfo/Odds3LenFuku?k_babaCode=20&k_raceDate=2026%2F10%2F07&k_raceNo=12
2026-10-07 20:48:00,20:47,2026-10-07,oi,12,2,三連複,2-3-5,401.8,401.8,73,https://www.keiba.go.jp/KeibaWeb/TodayRaceInfo/Odds3LenFuku?k_babaCode=20&k_raceDate=2026%2F10%2F07&k_raceNo=12
2026-10-07 20:48:00,20:47,2026-10-07,oi,12,2,三連複,6-7-10,403.3,403.3,74,https://www.keiba.go.jp/KeibaWeb/TodayRaceInfo/Odds3LenFuku?k_babaCode=20&k_raceDate=2026%2F10%2F07&k_raceNo=12
2026-10-07 20:48:00,20:47,2026-10-07,oi,12,2,三連複,5-6-13,430.5,430.5,75,https://www.keiba.go.jp/KeibaWeb/TodayRaceInfo/Odds3LenFuku?k_babaCode=20&k_raceDate=2026%2F10%2F07&k_raceNo=12
2026-10-07 20:48:00,20:47,2026-10-07,oi,12,2,三連複,1-5-14,432.6,432.6,76,https://www.keiba.go.jp/KeibaWeb/TodayRaceInfo/Odds3LenFuku?k_babaCode=20&k_raceDate=2026%2F10%2F07&k_raceNo=12
2026-10-07 20:48:00,20:47,2026-10-07,oi,12,2,三連複,7-8-13,435.7,435.7,77,https://www.keiba.go.jp/KeibaWeb/TodayRaceInfo/Odds3LenFuku?k_babaCode=20&k_raceDate=2026%2F10%2F07&k_raceNo=12
2026-10-07 20:48:00,20:47,2026-10-07,oi,12,2,三連複,1-5-13,469.1,469.1,78,https://www.keiba.go.jp/KeibaWeb/TodayRaceInfo/Odds3LenFuku?k_babaCode=20&k_raceDate=2026%2F10%2F07&k_raceNo=12
2026-10-07 20:48:00,20:47,2026-10-07,oi,12,2,三連複,2-5-9,480.3,480.3,79,https://www.keiba.go.jp/KeibaWeb/TodayRaceInfo/Odds3LenFuku?k_babaCode=20&k_raceDate=2026%2F10%2F07&k_raceNo=12
2026-10-07 20:48:00,20:47,2026-10-07,oi,12,2,三連複,5-6-14,481.5,481.5,80,https://www.keiba.go.jp/KeibaWeb/TodayRaceInfo/Odds3LenFuku?k_babaCode=20&k_raceDate=2026%2F10%2F07&k_raceNo=12
2026-10-07 20:48:00,20:47,2026-10-07,oi,12,2,三連複,7-12-13,483.5,483.5,81,https://www.keiba.go.jp/KeibaWeb/TodayRaceInfo/Odds3LenFuku?k_babaCode=20&k_raceDate=2026%2F10%2F07&k_raceNo=12
2026-10-07 20:48:00,20:47,2026-10-07,oi,12,2,三連複,8-10-13,534.4,534.4,82,https://www.keiba.go.jp/KeibaWeb/TodayRaceInfo/Odds3LenFuku?k_babaCode=20&k_raceDate=2026%2F10%2F07&k_raceNo=12
2026-10-07 20:48:00,20:47,2026-10-07,oi,12,2,三連複,6-9-13,540.1,540.1,83,https://www.keiba.go.jp/KeibaWeb/TodayRaceInfo/Odds3LenFuku?k_babaCode=20&k_raceDate=2026%2F10%2F07&k_raceNo=12
2026-10-07 20:48:00,20:47,2026-10-07,oi,12,2,三連複,10-12-13,567.3,567.3,84,https://www.keiba.go.jp/KeibaWeb/TodayRaceInfo/Odds3LenFuku?k_babaCode=20&k_raceDate=2026%2F10%2F07&k_raceNo=12
2026-10-07 20:48:00,20:47,2026-10-07,oi,12,2,三連複,11-13-14,570.5,570.5,85,https://www.keiba.go.jp/KeibaWeb/TodayRaceInfo/Odds3LenFuku?k_babaCode=20&k_raceDate=2026%2F10%2F07&k_raceNo=12
2026-10-07 20:48:00,20:47,2026-10-07,oi,12,2,三連複,1-2-13,571.3,571.3,86,https://www.keiba.go.jp/KeibaWeb/TodayRaceInfo/Odds3LenFuku?k_babaCode=20&k_raceDate=2026%2F10%2F07&k_raceNo=12
2026-10-07 20:48:00,20:47,2026-10-07,oi,12,2,三連複,7-10-12,574.2,574.2,87,https://www.keiba.go.jp/KeibaWeb/TodayRaceInfo/Odds3LenFuku?k_babaCode=20&k_raceDate=2026%2F10%2F07&k_raceNo=12
2026-10-07 20:48:00,20:47,2026-10-07,oi,12,2,三連複,4-7-9,584.6,584.6,88,https://www.keiba.go.jp/KeibaWeb/TodayRaceInfo/Odds3LenFuku?k_babaCode=20&k_raceDate=2026%2F10%2F07&k_raceNo=12
2026-10-07 20:48:00,20:47,2026-10-07,oi,12,2,三連複,1-2-14,586.3,586.3,89,https://www.keiba.go.jp/KeibaWeb/TodayRaceInfo/Odds3LenFuku?k_babaCode=20&k_raceDate=2026%2F10%2F07&k_raceNo=12
2026-10-07 20:48:00,20:47,2026-10-07,oi,12,2,三連複,1-3-13,587.2,587.2,90,https://www.keiba.go.jp/KeibaWeb/TodayRaceInfo/Odds3LenFuku?k_babaCode=20&k_raceDate=2026%2F10%2F07&k_raceNo=12
2026-10-07 20:48:00,20:47,2026-10-07,oi,12,2,三連複,2-3-9,602.2,602.2,91,https://www.keiba.go.jp/KeibaWeb/TodayRaceInfo/Odds3LenFuku?k_babaCode=20&k_raceDate=2026%2F10%2F07&k_raceNo=12
2026-10-07 20:48:00,20:47,2026-10-07,oi,12,2,三連複,1-5-10,622.3,622.3,92,https://www.keiba.go.jp/KeibaWeb/TodayRaceInfo/Odds3LenFuku?k_babaCode=20&k_raceDate=2026%2F10%2F07&k_raceNo=12
2026-10-07 20:48:00,20:47,2026-10-07,oi,12,2,三連複,1-9-13,627.1,627.1,93,https://www.keiba.go.jp/KeibaWeb/TodayRaceInfo/Odds3LenFuku?k_babaCode=20&k_raceDate=2026%2F10%2F07&k_raceNo=12
2026-10-07 20:48:00,20:47,2026-10-07,oi,12,2,三連複,1-5-7,636.1,636.1,94,https://www.keiba.go.jp/KeibaWeb/TodayRaceInfo/Odds3LenFuku?k_babaCode=20&k_raceDate=2026%2F10%2F07&k_raceNo=12
2026-10-07 20:48:00,20:47,2026-10-07,oi,12,2,三連複,4-5-13,640.7,640.7,95,https://www.keiba.go.jp/KeibaWeb/TodayRaceInfo/Odds3LenFuku?k_babaCode=20&k_raceDate=2026%2F10%2F07&k_raceNo=12
2026-10-07 20:48:00,20:47,2026-10-07,oi,12,2,三連複,1-9-14,642.7,642.7,96,https://www.keiba.go.jp/KeibaWeb/TodayRaceInfo/Odds3LenFuku?k_babaCode=20&k_raceDate=2026%2F10%2F07&k_raceNo=12
2026-10-07 20:48:00,20:47,2026-10-07,oi,12,2,三連複,7-8-10,651.1,651.1,97,https://www.keiba.go.jp/KeibaWeb/TodayRaceInfo/Odds3LenFuku?k_babaCode=20&k_raceDate=2026%2F10%2F07&k_raceNo=12
2026-10-07 20:48:00,20:47,2026-10-07,oi,12,2,三連複,7-12-14,652.1,652.1,98,https://www.keiba.go.jp/KeibaWeb/TodayRaceInfo/Odds3LenFuku?k_babaCode=20&k_raceDate=2026%2F10%2F07&k_raceNo=12
2026-10-07 20:48:00,20:47,2026-10-07,oi,12,2,三連複,1-3-14,656.4,656.4,99,https://www.keiba.go.jp/KeibaWeb/TodayRaceInfo/Odds3LenFuku?k_babaCode=20&k_raceDate=2026%2F10%2F07&k_raceNo=12
2026-10-07 20:48:00,20:47,2026-10-07,oi,12,2,三連複,4-5-7,659.1,659.1,100,https://www.keiba.go.jp/KeibaWeb/TodayRaceInfo/Odds3LenFuku?k_babaCode=20&k_raceDate=2026%2F10%2F07&k_raceNo=12
2026-10-07 20:48:00,20:47,2026-10-07,oi,12,2,三連複,6-9-14,661.8,661.8,101,https://www.keiba.go.jp/KeibaWeb/TodayRaceInfo/Odds3LenFuku?k_babaCode=20&k_raceDate=2026%2F10%2F07&k_raceNo=12
2026-10-07 20:48:00,20:47,2026-10-07,oi,12,2,三連複,1-7-9,662.4,662.4,102,https://www.keiba.go.jp/KeibaWeb/TodayRaceInfo/Odds3LenFuku?k_babaCode=20&k_raceDate=2026%2F10%2F07&k_raceNo=12
2026-10-07 20:48:00,20:47,2026-10-07,oi,12,2,三連複,4-9-13,665.7,665.7,103,https://www.keiba.go.jp/KeibaWeb/TodayRaceInfo/Odds3LenFuku?k_babaCode=20&k_raceDate=2026%2F10%2F07&k_raceNo=12
2026-10-07 20:48:00,20:47,2026-10-07,oi,12,2,三連複,7-8-14,668.4,668.4,104,https://www.keiba.go.jp/KeibaWeb/TodayRaceInfo/Odds3LenFuku?k_babaCode=20&k_raceDate=2026%2F10%2F07&k_raceNo=12
2026-10-07 20:48:00,20:47,2026-10-07,oi,12,2,三連複,5-6-7,675.2,675.2,105,https://www.keiba.go.jp/KeibaWeb/TodayRaceInfo/Odds3LenFuku?k_babaCode=20&k_raceDate=2026%2F10%2F07&k_raceNo=12
2026-10-07 20:48:00,20:47,2026-10-07,oi,12,2,三連複,10-12-14,681.5,681.5,106,https://www.keiba.go.jp/KeibaWeb/TodayRaceInfo/Odds3LenFuku?k_babaCode=20&k_raceDate=2026%2F10%2F07&k_raceNo=12
2026-10-07 20:48:00,20:47,2026-10-07,oi,12,2,三連複,3-4-13,682.7,682.7,107,https://www.keiba.go.jp/KeibaWeb/TodayRaceInfo/Odds3LenFuku?k_babaCode=20&k_raceDate=2026%2F10%2F07&k_raceNo=12
2026-10-07 20:48:00,20:47,2026-10-07,oi,12,2,三連複,4-5-14,685.6,685.6,108,https://www.keiba.go.jp/KeibaWeb/TodayRaceInfo/Odds3LenFuku?k_babaCode=20&k_raceDate=2026%2F10%2F07&k_raceNo=12
2026-10-07 20:48:00,20:47,2026-10-07,oi,12,2,三連複,2-6-13,686.8,686.8,109,https://www.keiba.go.jp/KeibaWeb/TodayRaceInfo/Odds3LenFuku?k_babaCode=20&k_raceDate=2026%2F10%2F07&k_raceNo=12
2026-10-07 20:48:00,20:47,2026-10-07,oi,12,2,三連複,3-6-14,697.5,697.5,110,https://www.keiba.go.jp/KeibaWeb/TodayRaceInfo/Odds3LenFuku?k_babaCode=20&k_raceDate=2026%2F10%2F07&k_raceNo=12
2026-10-07 20:48:00,20:47,2026-10-07,oi,12,2,三連複,3-6-13,704.2,704.2,111,https://www.keiba.go.jp/KeibaWeb/TodayRaceInfo/Odds3LenFuku?k_babaCode=20&k_raceDate=2026%2F10%2F07&k_raceNo=12
2026-10-07 20:48:00,20:47,2026-10-07,oi,12,2,三連複,5-6-10,709.2,709.2,112,https://www.keiba.go.jp/KeibaWeb/TodayRaceInfo/Odds3LenFuku?k_babaCode=20&k_raceDate=2026%2F10%2F07&k_raceNo=12
2026-10-07 20:48:00,20:47,2026-10-07,oi,12,2,三連複,8-10-14,716.2,716.2,113,https://www.keiba.go.jp/KeibaWeb/TodayRaceInfo/Odds3LenFuku?k_babaCode=20&k_raceDate=2026%2F10%2F07&k_raceNo=12
2026-10-07 20:48:00,20:47,2026-10-07,oi,12,2,三連複,2-6-14,729.2,729.2,114,https://www.keiba.go.jp/KeibaWeb/TodayRaceInfo/Odds3LenFuku?k_babaCode=20&k_raceDate=2026%2F10%2F07&k_raceNo=12
2026-10-07 20:48:00,20:47,2026-10-07,oi,12,2,三連複,1-2-10,732.5,732.5,115,https://www.keiba.go.jp/KeibaWeb/TodayRaceInfo/Odds3LenFuku?k_babaCode=20&k_raceDate=2026%2F10%2F07&k_raceNo=12
2026-10-07 20:48:00,20:47,2026-10-07,oi,12,2,三連複,1-3-7,740.0,740.0,116,https://www.keiba.go.jp/KeibaWeb/TodayRaceInfo/Odds3LenFuku?k_babaCode=20&k_raceDate=2026%2F10%2F07&k_raceNo=12
2026-10-07 20:48:00,20:47,2026-10-07,oi,12,2,三連複,1-2-7,784.1,784.1,117,https://www.keiba.go.jp/KeibaWeb/TodayRaceInfo/Odds3LenFuku?k_babaCode=20&k_raceDate=2026%2F10%2F07&k_raceNo=12
2026-10-07 20:48:00,20:47,2026-10-07,oi,12,2,三連複,3-4-7,789.5,789.5,118,https://www.keiba.go.jp/KeibaWeb/TodayRaceInfo/Odds3LenFuku?k_babaCode=20&k_raceDate=2026%2F10%2F07&k_raceNo=12
2026-10-07 20:48:00,20:47,2026-10-07,oi,12,2,三連複,5-8-13,801.3,801.3,119,https://www.keiba.go.jp/KeibaWeb/TodayRaceInfo/Odds3LenFuku?k_babaCode=20&k_raceDate=2026%2F10%2F07&k_raceNo=12
2026-10-07 20:48:00,20:47,2026-10-07,oi,12,2,三連複,3-4-10,847.9,847.9,120,https://www.keiba.go.jp/KeibaWeb/TodayRaceInfo/Odds3LenFuku?k_babaCode=20&k_raceDate=2026%2F10%2F07&k_raceNo=12
2026-10-07 20:48:00,20:47,2026-10-07,oi,12,2,三連複,2-4-14,848.8,848.8,121,https://www.keiba.go.jp/KeibaWeb/TodayRaceInfo/Odds3LenFuku?k_babaCode=20&k_raceDate=2026%2F10%2F07&k_raceNo=12
2026-10-07 20:48:00,20:47,2026-10-07,oi,12,2,三連複,6-7-9,852.4,852.4,122,https://www.keiba.go.jp/KeibaWeb/TodayRaceInfo/Odds3LenFuku?k_babaCode=20&k_raceDate=2026%2F10%2F07&k_raceNo=12
2026-10-07 20:48:00,20:47,2026-10-07,oi,12,2,三連複,3-6-7,881.5,881.5,123,https://www.keiba.go.jp/KeibaWeb/TodayRaceInfo/Odds3LenFuku?k_babaCode=20&k_raceDate=2026%2F10%2F07&k_raceNo=12
2026-10-07 20:48:00,20:47,2026-10-07,oi,12,2,三連複,1-3-10,886.3,886.3,124,https://www.keiba.go.jp/KeibaWeb/TodayRaceInfo/Odds3LenFuku?k_babaCode=20&k_raceDate=2026%2F10%2F07&k_raceNo=12
2026-10-07 20:48:00,20:47,2026-10-07,oi,12,2,三連複,2-4-13,892.3,892.3,125,https://www.keiba.go.jp/KeibaWeb/TodayRaceInfo/Odds3LenFuku?k_babaCode=20&k_raceDate=2026%2F10%2F07&k_raceNo=12
2026-10-07 20:48:00,20:47,2026-10-07,oi,12,2,三連複,3-4-14,933.8,933.8,126,https://www.keiba.go.jp/KeibaWeb/TodayRaceInfo/Odds3LenFuku?k_babaCode=20&k_raceDate=2026%2F10%2F07&k_raceNo=12
2026-10-07 20:48:00,20:47,2026-10-07,oi,12,2,三連複,4-9-14,945.9,945.9,127,https://www.keiba.go.jp/KeibaWeb/TodayRaceInfo/Odds3LenFuku?k_babaCode=20&k_raceDate=2026%2F10%2F07&k_raceNo=12
2026-10-07 20:48:00,20:47,2026-10-07,oi,12,2,三連複,4-5-10,957.2,957.2,128,https://www.keiba.go.jp/KeibaWeb/TodayRaceInfo/Odds3LenFuku?k_babaCode=20&k_raceDate=2026%2F10%2F07&k_raceNo=12
2026-10-07 20:48:00,20:47,2026-10-07,oi,12,2,三連複,1-9-10,960.6,960.6,129,https://www.keiba.go.jp/KeibaWeb/TodayRaceInfo/Odds3LenFuku?k_babaCode=20&k_raceDate=2026%2F10%2F07&k_raceNo=12
2026-10-07 20:48:00,20:47,2026-10-07,oi,12,2,三連複,2-4-7,966.4,966.4,130,https://www.keiba.go.jp/KeibaWeb/TodayRaceInfo/Odds3LenFuku?k_babaCode=20&k_raceDate=2026%2F10%2F07&k_raceNo=12
2026-10-07 20:48:00,20:47,2026-10-07,oi,12,2,三連複,3-6-10,1023.1,1023.1,131,https://www.keiba.go.jp/KeibaWeb/TodayRaceInfo/Odds3LenFuku?k_babaCode=20&k_raceDate=2026%2F10%2F07&k_raceNo=12
2026-10-07 20:48:00,20:47,2026-10-07,oi,12,2,三連複,4-9-10,1023.1,1023.1,131,https://www.keiba.go.jp/KeibaWeb/TodayRaceInfo/Odds3LenFuku?k_babaCode=20&k_raceDate=2026%2F10%2F07&k_raceNo=12
2026-10-07 20:48:00,20:47,2026-10-07,oi,12,2,三連複,7-11-13,1029.7,1029.7,133,https://www.keiba.go.jp/KeibaWeb/TodayRaceInfo/Odds3LenFuku?k_babaCode=20&k_raceDate=2026%2F10%2F07&k_raceNo=12
2026-10-07 20:48:00,20:47,2026-10-07,oi,12,2,三連複,5-7-12,1044.5,1044.5,134,https://www.keiba.go.jp/KeibaWeb/TodayRaceInfo/Odds3LenFuku?k_babaCode=20&k_raceDate=2026%2F10%2F07&k_raceNo=12
2026-10-07 20:48:00,20:47,2026-10-07,oi,12,2,三連複,6-9-10,1059.6,1059.6,135,https://www.keiba.go.jp/KeibaWeb/TodayRaceInfo/Odds3LenFuku?k_babaCode=20&k_raceDate=2026%2F10%2F07&k_raceNo=12
2026-10-07 20:48:00,20:47,2026-10-07,oi,12,2,三連複,2-6-7,1075.3,1075.3,136,https://www.keiba.go.jp/KeibaWeb/TodayRaceInfo/Odds3LenFuku?k_babaCode=20&k_raceDate=2026%2F10%2F07&k_raceNo=12
2026-10-07 20:48:00,20:47,2026-10-07,oi,12,2,三連複,5-6-9,1089.9,1089.9,137,https://www.keiba.go.jp/KeibaWeb/TodayRaceInfo/Odds3LenFuku?k_babaCode=20&k_raceDate=2026%2F10%2F07&k_raceNo=12
2026-10-07 20:48:00,20:47,2026-10-07,oi,12,2,三連複,2-8-13,1162.5,1162.5,138,https://www.keiba.go.jp/KeibaWeb/TodayRaceInfo/Odds3LenFuku?k_babaCode=20&k_raceDate=2026%2F10%2F07&k_raceNo=12
2026-10-07 20:48:00,20:47,2026-10-07,oi,12,2,三連複,1-3-9,1174.5,1174.5,139,https://www.keiba.go.jp/KeibaWeb/TodayRaceInfo/Odds3LenFuku?k_babaCode=20&k_raceDate=2026%2F10%2F07&k_raceNo=12
2026-10-07 20:48:00,20:47,2026-10-07,oi,12,2,三連複,10-11-13,1184.9,1184.9,140,https://www.keiba.go.jp/KeibaWeb/TodayRaceInfo/Odds3LenFuku?k_babaCode=20&k_raceDate=2026%2F10%2F07&k_raceNo=12
2026-10-07 20:48:00,20:47,2026-10-07,oi,12,2,三連複,5-7-8,1199.0,1199.0,141,https://www.keiba.go.jp/KeibaWeb/TodayRaceInfo/Odds3LenFuku?k_babaCode=20&k_raceDate=2026%2F10%2F07&k_raceNo=12
2026-10-07 20:48:00,20:47,2026-10-07,oi,12,2,三連複,5-12-13,1215.4,1215.4,142,https://www.keiba.go.jp/KeibaWeb/TodayRaceInfo/Odds3LenFuku?k_babaCode=20&k_raceDate=2026%2F10%2F07&k_raceNo=12
2026-10-07 20:48:00,20:47,2026-10-07,oi,12,2,三連複,1-3-5,1217.2,1217.2,143,https://www.keiba.go.jp/KeibaWeb/TodayRaceInfo/Odds3LenFuku?k_babaCode=20&k_raceDate=2026%2F10%2F07&k_raceNo=12
2026-10-07 20:48:00,20:47,2026-10-07,oi,12,2,三連複,3-4-9,1228.4,1228.4,144,https://www.keiba.go.jp/KeibaWeb/TodayRaceInfo/Odds3LenFuku?k_babaCode=20&k_raceDate=2026%2F10%2F07&k_raceNo=12
2026-10-07 20:48:00,20:47,2026-10-07,oi,12,2,三連複,3-8-13,1249.5,1249.5,145,https://www.keiba.go.jp/KeibaWeb/TodayRaceInfo/Odds3LenFuku?k_babaCode=20&k_raceDate=2026%2F10%2F07&k_raceNo=12
2026-10-07 20:48:00,20:47,2026-10-07,oi,12,2,三連複,1-2-5,1267.2,1267.2,146,https://www.keiba.go.jp/KeibaWeb/TodayRaceInfo/Odds3LenFuku?k_babaCode=20&k_raceDate=2026%2F10%2F07&k_raceNo=12
2026-10-07 20:48:00,20:47,2026-10-07,oi,12,2,三連複,2-6-10,1289.6,1289.6,147,https://www.keiba.go.jp/KeibaWeb/TodayRaceInfo/Odds3LenFuku?k_babaCode=20&k_raceDate=2026%2F10%2F07&k_raceNo=12
2026-10-07 20:48:00,20:47,2026-10-07,oi,12,2,三連複,8-9-13,1293.8,1293.8,148,https://www.keiba.go.jp/KeibaWeb/TodayRaceInfo/Odds3LenFuku?k_babaCode=20&k_raceDate=2026%2F10%2F07&k_raceNo=12
2026-10-07 20:48:00,20:47,2026-10-07,oi,12,2,三連複,3-12-13,1336.9,1336.9,149,https://www.keiba.go.jp/KeibaWeb/TodayRaceInfo/Odds3LenFuku?k_babaCode=20&k_raceDate=2026%2F10%2F07&k_raceNo=12
2026-10-07 20:48:00,20:47,2026-10-07,oi,12,2,三連複,3-7-8,1339.2,1339.2,150,https://www.keiba.go.jp/KeibaWeb/TodayRaceInfo/Odds3LenFuku?k_babaCode=20&k_raceDate=2026%2F10%2F07&k_raceNo=12
2026-10-07 20:48:00,20:47,2026-10-07,oi,12,2,三連複,2-4-10,1341.4,1341.4,151,https://www.keiba.go.jp/KeibaWeb/TodayRaceInfo/Odds3LenFuku?k_babaCode=20&k_raceDate=2026%2F10%2F07&k_raceNo=12
2026-10-07 20:48:00,20:47,2026-10-07,oi,12,2,三連複,7-9-12,1364.2,1364.2,152,https://www.keiba.go.jp/KeibaWeb/TodayRaceInfo/Odds3LenFuku?k_babaCode=20&k_raceDate=2026%2F10%2F07&k_raceNo=12
2026-10-07 20:48:00,20:47,2026-10-07,oi,12,2,三連複,7-11-14,1407.3,1407.3,153,https://www.keiba.go.jp/KeibaWeb/TodayRaceInfo/Odds3LenFuku?k_babaCode=20&k_raceDate=2026%2F10%2F07&k_raceNo=12
2026-10-07 20:48:00,20:47,2026-10-07,oi,12,2,三連複,9-12-13,1407.3,1407.3,153,https://www.keiba.go.jp/KeibaWeb/TodayRaceInfo/Odds3LenFuku?k_babaCode=20&k_raceDate=2026%2F10%2F07&k_raceNo=12
2026-10-07 20:48:00,20:47,2026-10-07,oi,12,2,三連複,5-8-14,1409.8,1409.8,155,https://www.keiba.go.jp/KeibaWeb/TodayRaceInfo/Odds3LenFuku?k_babaCode=20&k_raceDate=2026%2F10%2F07&k_raceNo=12
2026-10-07 20:48:00,20:47,2026-10-07,oi,12,2,三連複,5-8-10,1429.9,1429.9,156,https://www.keiba.go.jp/KeibaWeb/TodayRaceInfo/Odds3LenFuku?k_babaCode=20&k_raceDate=2026%2F10%2F07&k_raceNo=12
2026-10-07 20:48:00,20:47,2026-10-07,oi,12,2,三連複,7-8-9,1440.1,1440.1,157,https://www.keiba.go.jp/KeibaWeb/TodayRaceInfo/Odds3LenFuku?k_babaCode=20&k_raceDate=2026%2F10%2F07&k_raceNo=12
2026-10-07 20:48:00,20:47,2026-10-07,oi,12,2,三連複,1-6-14,1445.3,1445.3,158,https://www.keiba.go.jp/KeibaWeb/TodayRaceInfo/Odds3LenFuku?k_babaCode=20&k_raceDate=2026%2F10%2F07&k_raceNo=12
2026-10-07 20:48:00,20:47,2026-10-07,oi,12,2,三連複,4-5-9,1453.2,1453.2,159,https://www.keiba.go.jp/KeibaWeb/TodayRaceInfo/Odds3LenFuku?k_babaCode=20&k_raceDate=2026%2F10%2F07&k_raceNo=12
2026-10-07 20:48:00,20:47,2026-10-07,oi,12,2,三連複,1-5-9,1463.8,1463.8,160,https://www.keiba.go.jp/KeibaWeb/TodayRaceInfo/Odds3LenFuku?k_babaCode=20&k_raceDate=2026%2F10%2F07&k_raceNo=12
2026-10-07 20:48:00,20:47,2026-10-07,oi,12,2,三連複,2-5-6,1463.8,1463.8,160,https://www.keiba.go.jp/KeibaWeb/TodayRaceInfo/Odds3LenFuku?k_babaCode=20&k_raceDate=2026%2F10%2F07&k_raceNo=12
2026-10-07 20:48:00,20:47,2026-10-07,oi,12,2,三連複,7-10-11,1466.5,1466.5,162,https://www.keiba.go.jp/KeibaWeb/TodayRaceInfo/Odds3LenFuku?k_babaCode=20&k_raceDate=2026%2F10%2F07&k_raceNo=12
2026-10-07 20:48:00,20:47,2026-10-07,oi,12,2,三連複,10-11-14,1519.2,1519.2,163,https://www.keiba.go.jp/KeibaWeb/TodayRaceInfo/Odds3LenFuku?k_babaCode=20&k_raceDate=2026%2F10%2F07&k_raceNo=12
2026-10-07 20:48:00,20:47,2026-10-07,oi,12,2,三連複,3-4-5,1551.6,1551.6,164,https://www.keiba.go.jp/KeibaWeb/TodayRaceInfo/Odds3LenFuku?k_babaCode=20&k_raceDate=2026%2F10%2F07&k_raceNo=12
2026-10-07 20:48:00,20:47,2026-10-07,oi,12,2,三連複,1-2-3,1576.0,1576.0,165,https://www.keiba.go.jp/KeibaWeb/TodayRaceInfo/Odds3LenFuku?k_babaCode=20&k_raceDate=2026%2F10%2F07&k_raceNo=12
2026-10-07 20:48:00,20:47,2026-10-07,oi,12,2,三連複,3-5-6,1597.9,1597.9,166,https://www.keiba.go.jp/KeibaWeb/TodayRaceInfo/Odds3LenFuku?k_babaCode=20&k_raceDate=2026%2F10%2F07&k_raceNo=12
2026-10-07 20:48:00,20:47,2026-10-07,oi,12,2,三連複,1-6-13,1604.3,1604.3,167,https://www.keiba.go.jp/KeibaWeb/TodayRaceInfo/Odds3LenFuku?k_babaCode=20&k_raceDate=2026%2F10%2F07&k_raceNo=12
2026-10-07 20:48:00,20:47,2026-10-07,oi,12,2,三連複,5-10-12,1664.2,1664.2,168,https://www.keiba.go.jp/KeibaWeb/TodayRaceInfo/Odds3LenFuku?k_babaCode=20&k_raceDate=2026%2F10%2F07&k_raceNo=12
2026-10-07 20:48:00,20:47,2026-10-07,oi,12,2,三連複,3-6-9,1688.8,1688.8,169,https://www.keiba.go.jp/KeibaWeb/TodayRaceInfo/Odds3LenFuku?k_babaCode=20&k_raceDate=2026%2F10%2F07&k_raceNo=12
2026-10-07 20:48:00,20:47,2026-10-07,oi,12,2,三連複,2-7-8,1699.5,1699.5,170,https://www.keiba.go.jp/KeibaWeb/TodayRaceInfo/Odds3LenFuku?k_babaCode=20&k_raceDate=2026%2F10%2F07&k_raceNo=12
2026-10-07 20:48:00,20:47,2026-10-07,oi,12,2,三連複,3-10-12,1751.4,1751.4,171,https://www.keiba.go.jp/KeibaWeb/TodayRaceInfo/Odds3LenFuku?k_babaCode=20&k_raceDate=2026%2F10%2F07&k_raceNo=12
2026-10-07 20:48:00,20:47,2026-10-07,oi,12,2,三連複,5-12-14,1794.5,1794.5,172,https://www.keiba.go.jp/KeibaWeb/TodayRaceInfo/Odds3LenFuku?k_babaCode=20&k_raceDate=2026%2F10%2F07&k_raceNo=12
2026-10-07 20:48:00,20:47,2026-10-07,oi,12,2,三連複,2-12-13,1852.6,1852.6,173,https://www.keiba.go.jp/KeibaWeb/TodayRaceInfo/Odds3LenFuku?k_babaCode=20&k_raceDate=2026%2F10%2F07&k_raceNo=12
2026-10-07 20:48:00,20:47,2026-10-07,oi,12,2,三連複,3-7-12,1874.2,1874.2,174,https://www.keiba.go.jp/KeibaWeb/TodayRaceInfo/Odds3LenFuku?k_babaCode=20&k_raceDate=2026%2F10%2F07&k_raceNo=12
2026-10-07 20:48:00,20:47,2026-10-07,oi,12,2,三連複,2-3-4,1891.9,1891.9,175,https://www.keiba.go.jp/KeibaWeb/TodayRaceInfo/Odds3LenFuku?k_babaCode=20&k_raceDate=2026%2F10%2F07&k_raceNo=12
2026-10-07 20:48:00,20:47,2026-10-07,oi,12,2,三連複,2-4-5,1891.9,1891.9,175,https://www.keiba.go.jp/KeibaWeb/TodayRaceInfo/Odds3LenFuku?k_babaCode=20&k_raceDate=2026%2F10%2F07&k_raceNo=12
2026-10-07 20:48:00,20:47,2026-10-07,oi,12,2,三連複,2-8-14,1900.9,1900.9,177,https://www.keiba.go.jp/KeibaWeb/TodayRaceInfo/Odds3LenFuku?k_babaCode=20&k_raceDate=2026%2F10%2F07&k_raceNo=12
2026-10-07 20:48:00,20:47,2026-10-07,oi,12,2,三連複,3-8-14,1900.9,1900.9,177,https://www.keiba.go.jp/KeibaWeb/TodayRaceInfo/Odds3LenFuku?k_babaCode=20&k_raceDate=2026%2F10%2F07&k_raceNo=12
2026-10-07 20:48:00,20:47,2026-10-07,oi,12,2,三連複,5-11-13,1956.5,1956.5,179,https://www.keiba.go.jp/KeibaWeb/TodayRaceInfo/Odds3LenFuku?k_babaCode=20&k_raceDate=2026%2F10%2F07&k_raceNo=12
2026-10-07 20:48:00,20:47,2026-10-07,oi,12,2,三連複,8-9-14,2015.5,2015.5,180,https://www.keiba.go.jp/KeibaWeb/TodayRaceInfo/Odds3LenFuku?k_babaCode=20&k_raceDate=2026%2F10%2F07&k_raceNo=12
2026-10-07 20:48:00,20:47,2026-10-07,oi,12,2,三連複,3-8-10,2056.8,2056.8,181,https://www.keiba.go.jp/KeibaWeb/TodayRaceInfo/Odds3LenFuku?k_babaCode=20&k_raceDate=2026%2F10%2F07&k_raceNo=12
2026-10-07 20:48:00,20:47,2026-10-07,oi,12,2,三連複,9-11-13,2067.4,2067.4,182,https://www.keiba.go.jp/KeibaWeb/TodayRaceInfo/Odds3LenFuku?k_babaCode=20&k_raceDate=2026%2F10%2F07&k_raceNo=12
2026-10-07 20:48:00,20:47,2026-10-07,oi,12,2,三連複,4-7-12,2111.0,2111.0,183,https://www.keiba.go.jp/KeibaWeb/TodayRaceInfo/Odds3LenFuku?k_babaCode=20&k_raceDate=2026%2F10%2F07&k_raceNo=12
2026-10-07 20:48:00,20:47,2026-10-07,oi,12,2,三連複,5-8-9,2122.1,2122.1,184,https://www.keiba.go.jp/KeibaWeb/TodayRaceInfo/Odds3LenFuku?k_babaCode=20&k_raceDate=2026%2F10%2F07&k_raceNo=12
2026-10-07 20:48:00,20:47,2026-10-07,oi,12,2,三連複,3-5-8,2127.8,2127.8,185,https://www.keiba.go.jp/KeibaWeb/TodayRaceInfo/Odds3LenFuku?k_babaCode=20&k_raceDate=2026%2F10%2F07&k_raceNo=12
2026-10-07 20:48:00,20:47,2026-10-07,oi,12,2,三連複,2-6-9,2162.2,2162.2,186,https://www.keiba.go.jp/KeibaWeb/TodayRaceInfo/Odds3LenFuku?k_babaCode=20&k_raceDate=2026%2F10%2F07&k_raceNo=12
2026-10-07 20:48:00,20:47,2026-10-07,oi,12,2,三連複,9-10-12,2168.0,2168.0,187,https://www.keiba.go.jp/KeibaWeb/TodayRaceInfo/Odds3LenFuku?k_babaCode=20&k_raceDate=2026%2F10%2F07&k_raceNo=12
2026-10-07 20:48:00,20:47,2026-10-07,oi,12,2,三連複,3-12-14,2215.9,2215.9,188,https://www.keiba.go.jp/KeibaWeb/TodayRaceInfo/Odds3LenFuku?k_babaCode=20&k_raceDate=2026%2F10%2F07&k_raceNo=12
2026-10-07 20:48:00,20:47,2026-10-07,oi,12,2,三連複,2-8-10,2222.1,2222.1,189,https://www.keiba.go.jp/KeibaWeb/TodayRaceInfo/Odds3LenFuku?k_babaCode=20&k_raceDate=2026%2F10%2F07&k_raceNo=12
2026-10-07 20:48:00,20:47,2026-10-07,oi,12,2,三連複,1-4-7,2247.0,2247.0,190,https://www.keiba.go.jp/KeibaWeb/TodayRaceInfo/Odds3LenFuku?k_babaCode=20&k_raceDate=2026%2F10%2F07&k_raceNo=12
2026-10-07 20:48:00,20:47,2026-10-07,oi,12,2,三連複,8-9-10,2247.0,2247.0,190,https://www.keiba.go.jp/KeibaWeb/TodayRaceInfo/Odds3LenFuku?k_babaCode=20&k_raceDate=2026%2F10%2F07&k_raceNo=12
2026-10-07 20:48:00,20:47,2026-10-07,oi,12,2,三連複,2-12-14,2259.6,2259.6,192,https://www.keiba.go.jp/KeibaWeb/TodayRaceInfo/Odds3LenFuku?k_babaCode=20&k_raceDate=2026%2F10%2F07&k_raceNo=12
2026-10-07 20:48:00,20:47,2026-10-07,oi,12,2,三連複,2-3-6,2272.4,2272.4,193,https://www.keiba.go.jp/KeibaWeb/TodayRaceInfo/Odds3LenFuku?k_babaCode=20&k_raceDate=2026%2F10%2F07&k_raceNo=12
2026-10-07 20:48:00,20:47,2026-10-07,oi,12,2,三連複,2-7-12,2311.7,2311.7,194,https://www.keiba.go.jp/KeibaWeb/TodayRaceInfo/Odds3LenFuku?k_babaCode=20&k_raceDate=2026%2F10%2F07&k_raceNo=12
2026-10-07 20:48:00,20:47,2026-10-07,oi,12,2,三連複,9-12-14,2352.4,2352.4,195,https://www.keiba.go.jp/KeibaWeb/TodayRaceInfo/Odds3LenFuku?k_babaCode=20&k_raceDate=2026%2F10%2F07&k_raceNo=12
2026-10-07 20:48:00,20:47,2026-10-07,oi,12,2,三連複,1-2-9,2373.3,2373.3,196,https://www.keiba.go.jp/KeibaWeb/TodayRaceInfo/Odds3LenFuku?k_babaCode=20&k_raceDate=2026%2F10%2F07&k_raceNo=12
2026-10-07 20:48:00,20:47,2026-10-07,oi,12,2,三連複,1-4-13,2401.7,2401.7,197,https://www.keiba.go.jp/KeibaWeb/TodayRaceInfo/Odds3LenFuku?k_babaCode=20&k_raceDate=2026%2F10%2F07&k_raceNo=12
2026-10-07 20:48:00,20:47,2026-10-07,oi,12,2,三連複,4-6-13,2416.2,2416.2,198,https://www.keiba.go.jp/KeibaWeb/TodayRaceInfo/Odds3LenFuku?k_babaCode=20&k_raceDate=2026%2F10%2F07&k_raceNo=12
2026-10-07 20:48:00,20:47,2026-10-07,oi,12,2,三連複,1-6-7,2491.2,2491.2,199,https://www.keiba.go.jp/KeibaWeb/TodayRaceInfo/Odds3LenFuku?k_babaCode=20&k_raceDate=2026%2F10%2F07&k_raceNo=12
2026-10-07 20:48:00,20:47,2026-10-07,oi,12,2,三連複,1-4-14,2546.6,2546.6,200,https://www.keiba.go.jp/KeibaWeb/TodayRaceInfo/Odds3LenFuku?k_babaCode=20&k_raceDate=2026%2F10%2F07&k_raceNo=12
2026-10-07 20:48:00,20:47,2026-10-07,oi,12,2,三連複,2-11-13,2691.8,2691.8,201,https://www.keiba.go.jp/KeibaWeb/TodayRaceInfo/Odds3LenFuku?k_babaCode=20&k_raceDate=2026%2F10%2F07&k_raceNo=12
2026-10-07 20:48:00,20:47,2026-10-07,oi,12,2,三連複,5-7-11,2747.2,2747.2,202,https://www.keiba.go.jp/KeibaWeb/TodayRaceInfo/Odds3LenFuku?k_babaCode=20&k_raceDate=2026%2F10%2F07&k_raceNo=12
2026-10-07 20:48:00,20:47,2026-10-07,oi,12,2,三連複,2-5-8,2795.0,2795.0,203,https://www.keiba.go.jp/KeibaWeb/TodayRaceInfo/Odds3LenFuku?k_babaCode=20&k_raceDate=2026%2F10%2F07&k_raceNo=12
2026-10-07 20:48:00,20:47,2026-10-07,oi,12,2,三連複,1-4-9,2814.6,2814.6,204,https://www.keiba.go.jp/KeibaWeb/TodayRaceInfo/Odds3LenFuku?k_babaCode=20&k_raceDate=2026%2F10%2F07&k_raceNo=12
2026-10-07 20:48:00,20:47,2026-10-07,oi,12,2,三連複,2-4-9,2814.6,2814.6,204,https://www.keiba.go.jp/KeibaWeb/TodayRaceInfo/Odds3LenFuku?k_babaCode=20&k_raceDate=2026%2F10%2F07&k_raceNo=12
2026-10-07 20:48:00,20:47,2026-10-07,oi,12,2,三連複,2-10-12,2814.6,2814.6,204,https://www.keiba.go.jp/KeibaWeb/TodayRaceInfo/Odds3LenFuku?k_babaCode=20&k_raceDate=2026%2F10%2F07&k_raceNo=12
2026-10-07 20:48:00,20:47,2026-10-07,oi,12,2,三連複,3-11-13,2824.5,2824.5,207,https://www.keiba.go.jp/KeibaWeb/TodayRaceInfo/Odds3LenFuku?k_babaCode=20&k_raceDate=2026%2F10%2F07&k_raceNo=12
2026-10-07 20:48:00,20:47,2026-10-07,oi,12,2,三連複,5-11-14,2864.9,2864.9,208,https://www.keiba.go.jp/KeibaWeb/TodayRaceInfo/Odds3LenFuku?k_babaCode=20&k_raceDate=2026%2F10%2F07&k_raceNo=12
2026-10-07 20:48:00,20:47,2026-10-07,oi,12,2,三連複,3-8-9,2971.0,2971.0,209,https://www.keiba.go.jp/KeibaWeb/TodayRaceInfo/Odds3LenFuku?k_babaCode=20&k_raceDate=2026%2F10%2F07&k_raceNo=12
2026-10-07 20:48:00,20:47,2026-10-07,oi,12,2,三連複,3-7-11,2982.0,2982.0,210,https://www.keiba.go.jp/KeibaWeb/TodayRaceInfo/Odds3LenFuku?k_babaCode=20&k_raceDate=2026%2F10%2F07&k_raceNo=12
2026-10-07 20:48:00,20:47,2026-10-07,oi,12,2,三連複,5-9-12,2982.0,2982.0,210,https://www.keiba.go.jp/KeibaWeb/TodayRaceInfo/Odds3LenFuku?k_babaCode=20&k_raceDate=2026%2F10%2F07&k_raceNo=12
2026-10-07 20:48:00,20:47,2026-10-07,oi,12,2,三連複,1-4-10,3004.4,3004.4,212,https://www.keiba.go.jp/KeibaWeb/TodayRaceInfo/Odds3LenFuku?k_babaCode=20&k_raceDate=2026%2F10%2F07&k_raceNo=12
2026-10-07 20:48:00,20:47,2026-10-07,oi,12,2,三連複,4-6-14,3050.1,3050.1,213,https://www.keiba.go.jp/KeibaWeb/TodayRaceInfo/Odds3LenFuku?k_babaCode=20&k_raceDate=2026%2F10%2F07&k_raceNo=12
2026-10-07 20:48:00,20:47,2026-10-07,oi,12,2,三連複,7-9-11,3097.2,3097.2,214,https://www.keiba.go.jp/KeibaWeb/TodayRaceInfo/Odds3LenFuku?k_babaCode=20&k_raceDate=2026%2F10%2F07&k_raceNo=12
2026-10-07 20:48:00,20:47,2026-10-07,oi,12,2,三連複,1-8-13,3109.2,3109.2,215,https://www.keiba.go.jp/KeibaWeb/TodayRaceInfo/Odds3LenFuku?k_babaCode=20&k_raceDate=2026%2F10%2F07&k_raceNo=12
2026-10-07 20:48:00,20:47,2026-10-07,oi,12,2,三連複,1-6-10,3158.2,3158.2,216,https://www.keiba.go.jp/KeibaWeb/TodayRaceInfo/Odds3LenFuku?k_babaCode=20&k_raceDate=2026%2F10%2F07&k_raceNo=12
2026-10-07 20:48:00,20:47,2026-10-07,oi,12,2,三連複,2-3-12,3183.2,3183.2,217,https://www.keiba.go.jp/KeibaWeb/TodayRaceInfo/Odds3LenFuku?k_babaCode=20&k_raceDate=2026%2F10%2F07&k_raceNo=12
2026-10-07 20:48:00,20:47,2026-10-07,oi,12,2,三連複,5-10-11,3195.9,3195.9,218,https://www.keiba.go.jp/KeibaWeb/TodayRaceInfo/Odds3LenFuku?k_babaCode=20&k_raceDate=2026%2F10%2F07&k_raceNo=12
2026-10-07 20:48:00,20:47,2026-10-07,oi,12,2,三連複,4-6-7,3413.5,3413.5,219,https://www.keiba.go.jp/KeibaWeb/TodayRaceInfo/Odds3LenFuku?k_babaCode=20&k_raceDate=2026%2F10%2F07&k_raceNo=12
2026-10-07 20:48:00,20:47,2026-10-07,oi,12,2,三連複,3-5-12,3428.1,3428.1,220,https://www.keiba.go.jp/KeibaWeb/TodayRaceInfo/Odds3LenFuku?k_babaCode=20&k_raceDate=2026%2F10%2F07&k_raceNo=12
2026-10-07 20:48:00,20:47,2026-10-07,oi,12,2,三連複,6-8-13,3487.7,3487.7,221,https://www.keiba.go.jp/KeibaWeb/TodayRaceInfo/Odds3LenFuku?k_babaCode=20&k_raceDate=2026%2F10%2F07&k_raceNo=12
2026-10-07 20:48:00,20:47,2026-10-07,oi,12,2,三連複,4-6-10,3502.9,3502.9,222,https://www.keiba.go.jp/KeibaWeb/TodayRaceInfo/Odds3LenFuku?k_babaCode=20&k_raceDate=2026%2F10%2F07&k_raceNo=12
2026-10-07 20:48:00,20:47,2026-10-07,oi,12,2,三連複,4-7-8,3581.1,3581.1,223,https://www.keiba.go.jp/KeibaWeb/TodayRaceInfo/Odds3LenFuku?k_babaCode=20&k_raceDate=2026%2F10%2F07&k_raceNo=12
2026-10-07 20:48:00,20:47,2026-10-07,oi,12,2,三連複,1-2-4,3597.2,3597.2,224,https://www.keiba.go.jp/KeibaWeb/TodayRaceInfo/Odds3LenFuku?k_babaCode=20&k_raceDate=2026%2F10%2F07&k_raceNo=12
2026-10-07 20:48:00,20:47,2026-10-07,oi,12,2,三連複,9-11-14,3748.5,3748.5,225,https://www.keiba.go.jp/KeibaWeb/TodayRaceInfo/Odds3LenFuku?k_babaCode=20&k_raceDate=2026%2F10%2F07&k_raceNo=12
2026-10-07 20:48:00,20:47,2026-10-07,oi,12,2,三連複,1-3-6,3783.8,3783.8,226,https://www.keiba.go.jp/KeibaWeb/TodayRaceInfo/Odds3LenFuku?k_babaCode=20&k_raceDate=2026%2F10%2F07&k_raceNo=12
2026-10-07 20:48:00,20:47,2026-10-07,oi,12,2,三連複,4-8-13,3783.8,3783.8,226,https://www.keiba.go.jp/KeibaWeb/TodayRaceInfo/Odds3LenFuku?k_babaCode=20&k_raceDate=2026%2F10%2F07&k_raceNo=12
2026-10-07 20:48:00,20:47,2026-10-07,oi,12,2,三連複,1-5-6,3801.8,3801.8,228,https://www.keiba.go.jp/KeibaWeb/TodayRaceInfo/Odds3LenFuku?k_babaCode=20&k_raceDate=2026%2F10%2F07&k_raceNo=12
2026-10-07 20:48:00,20:47,2026-10-07,oi,12,2,三連複,2-5-12,3801.8,3801.8,228,https://www.keiba.go.jp/KeibaWeb/TodayRaceInfo/Odds3LenFuku?k_babaCode=20&k_raceDate=2026%2F10%2F07&k_raceNo=12
2026-10-07 20:48:00,20:47,2026-10-07,oi,12,2,三連複,3-5-11,3819.9,3819.9,230,https://www.keiba.go.jp/KeibaWeb/TodayRaceInfo/Odds3LenFuku?k_babaCode=20&k_raceDate=2026%2F10%2F07&k_raceNo=12
2026-10-07 20:48:00,20:47,2026-10-07,oi,12,2,三連複,1-12-13,3856.6,3856.6,231,https://www.keiba.go.jp/KeibaWeb/TodayRaceInfo/Odds3LenFuku?k_babaCode=20&k_raceDate=2026%2F10%2F07&k_raceNo=12
2026-10-07 20:48:00,20:47,2026-10-07,oi,12,2,三連複,2-11-14,3875.2,3875.2,232,https://www.keiba.go.jp/KeibaWeb/TodayRaceInfo/Odds3LenFuku?k_babaCode=20&k_raceDate=2026%2F10%2F07&k_raceNo=12
2026-10-07 20:48:00,20:47,2026-10-07,oi,12,2,三連複,3-11-14,3875.2,3875.2,232,https://www.keiba.go.jp/KeibaWeb/TodayRaceInfo/Odds3LenFuku?k_babaCode=20&k_raceDate=2026%2F10%2F07&k_raceNo=12
2026-10-07 20:48:00,20:47,2026-10-07,oi,12,2,三連複,2-8-9,4134.9,4134.9,234,https://www.keiba.go.jp/KeibaWeb/TodayRaceInfo/Odds3LenFuku?k_babaCode=20&k_raceDate=2026%2F10%2F07&k_raceNo=12
2026-10-07 20:48:00,20:47,2026-10-07,oi,12,2,三連複,1-7-8,4222.0,4222.0,235,https://www.keiba.go.jp/KeibaWeb/TodayRaceInfo/Odds3LenFuku?k_babaCode=20&k_raceDate=2026%2F10%2F07&k_raceNo=12
2026-10-07 20:48:00,20:47,2026-10-07,oi,12,2,三連複,6-7-8,4244.3,4244.3,236,https://www.keiba.go.jp/KeibaWeb/TodayRaceInfo/Odds3LenFuku?k_babaCode=20&k_raceDate=2026%2F10%2F07&k_raceNo=12
2026-10-07 20:48:00,20:47,2026-10-07,oi,12,2,三連複,1-2-6,4336.1,4336.1,237,https://www.keiba.go.jp/KeibaWeb/TodayRaceInfo/Odds3LenFuku?k_babaCode=20&k_raceDate=2026%2F10%2F07&k_raceNo=12
2026-10-07 20:48:00,20:47,2026-10-07,oi,12,2,三連複,1-3-4,4336.1,4336.1,237,https://www.keiba.go.jp/KeibaWeb/TodayRaceInfo/Odds3LenFuku?k_babaCode=20&k_raceDate=2026%2F10%2F07&k_raceNo=12
2026-10-07 20:48:00,20:47,2026-10-07,oi,12,2,三連複,4-8-14,4336.1,4336.1,237,https://www.keiba.go.jp/KeibaWeb/TodayRaceInfo/Odds3LenFuku?k_babaCode=20&k_raceDate=2026%2F10%2F07&k_raceNo=12
2026-10-07 20:48:00,20:47,2026-10-07,oi,12,2,三連複,1-4-5,4383.5,4383.5,240,https://www.keiba.go.jp/KeibaWeb/TodayRaceInfo/Odds3LenFuku?k_babaCode=20&k_raceDate=2026%2F10%2F07&k_raceNo=12
2026-10-07 20:48:00,20:47,2026-10-07,oi,12,2,三連複,2-7-11,4383.5,4383.5,240,https://www.keiba.go.jp/KeibaWeb/TodayRaceInfo/Odds3LenFuku?k_babaCode=20&k_raceDate=2026%2F10%2F07&k_raceNo=12
2026-10-07 20:48:00,20:47,2026-10-07,oi,12,2,三連複,3-9-12,4407.6,4407.6,242,https://www.keiba.go.jp/KeibaWeb/TodayRaceInfo/Odds3LenFuku?k_babaCode=20&k_raceDate=2026%2F10%2F07&k_raceNo=12
2026-10-07 20:48:00,20:47,2026-10-07,oi,12,2,三連複,5-9-11,4431.9,4431.9,243,https://www.keiba.go.jp/KeibaWeb/TodayRaceInfo/Odds3LenFuku?k_babaCode=20&k_raceDate=2026%2F10%2F07&k_raceNo=12
2026-10-07 20:48:00,20:47,2026-10-07,oi,12,2,三連複,2-3-8,4456.5,4456.5,244,https://www.keiba.go.jp/KeibaWeb/TodayRaceInfo/Odds3LenFuku?k_babaCode=20&k_raceDate=2026%2F10%2F07&k_raceNo=12
2026-10-07 20:48:00,20:47,2026-10-07,oi,12,2,三連複,3-10-11,4481.4,4481.4,245,https://www.keiba.go.jp/KeibaWeb/TodayRaceInfo/Odds3LenFuku?k_babaCode=20&k_raceDate=2026%2F10%2F07&k_raceNo=12
2026-10-07 20:48:00,20:47,2026-10-07,oi,12,2,三連複,6-12-13,4532.1,4532.1,246,https://www.keiba.go.jp/KeibaWeb/TodayRaceInfo/Odds3LenFuku?k_babaCode=20&k_raceDate=2026%2F10%2F07&k_raceNo=12
2026-10-07 20:48:00,20:47,2026-10-07,oi,12,2,三連複,1-8-14,4557.8,4557.8,247,https://www.keiba.go.jp/KeibaWeb/TodayRaceInfo/Odds3LenFuku?k_babaCode=20&k_raceDate=2026%2F10%2F07&k_raceNo=12
2026-10-07 20:48:00,20:47,2026-10-07,oi,12,2,三連複,4-5-6,4583.9,4583.9,248,https://www.keiba.go.jp/KeibaWeb/TodayRaceInfo/Odds3LenFuku?k_babaCode=20&k_raceDate=2026%2F10%2F07&k_raceNo=12
2026-10-07 20:48:00,20:47,2026-10-07,oi,12,2,三連複,1-11-13,4746.6,4746.6,249,https://www.keiba.go.jp/KeibaWeb/TodayRaceInfo/Odds3LenFuku?k_babaCode=20&k_raceDate=2026%2F10%2F07&k_raceNo=12
2026-10-07 20:48:00,20:47,2026-10-07,oi,12,2,三連複,6-8-14,4746.6,4746.6,249,https://www.keiba.go.jp/KeibaWeb/TodayRaceInfo/Odds3LenFuku?k_babaCode=20&k_raceDate=2026%2F10%2F07&k_raceNo=12
2026-10-07 20:48:00,20:47,2026-10-07,oi,12,2,三連複,1-6-9,4861.7,4861.7,251,https://www.keiba.go.jp/KeibaWeb/TodayRaceInfo/Odds3LenFuku?k_babaCode=20&k_raceDate=2026%2F10%2F07&k_raceNo=12
2026-10-07 20:48:00,20:47,2026-10-07,oi,12,2,三連複,2-4-6,4921.3,4921.3,252,https://www.keiba.go.jp/KeibaWeb/TodayRaceInfo/Odds3LenFuku?k_babaCode=20&k_raceDate=2026%2F10%2F07&k_raceNo=12
2026-10-07 20:48:00,20:47,2026-10-07,oi,12,2,三連複,2-4-8,4982.5,4982.5,253,https://www.keiba.go.jp/KeibaWeb/TodayRaceInfo/Odds3LenFuku?k_babaCode=20&k_raceDate=2026%2F10%2F07&k_raceNo=12
2026-10-07 20:48:00,20:47,2026-10-07,oi,12,2,三連複,2-9-12,5045.1,5045.1,254,https://www.keiba.go.jp/KeibaWeb/TodayRaceInfo/Odds3LenFuku?k_babaCode=20&k_raceDate=2026%2F10%2F07&k_raceNo=12
2026-10-07 20:48:00,20:47,2026-10-07,oi,12,2,三連複,1-4-6,5243.0,5243.0,255,https://www.keiba.go.jp/KeibaWeb/TodayRaceInfo/Odds3LenFuku?k_babaCode=20&k_raceDate=2026%2F10%2F07&k_raceNo=12
2026-10-07 20:48:00,20:47,2026-10-07,oi,12,2,三連複,4-6-9,5347.8,5347.8,256,https://www.keiba.go.jp/KeibaWeb/TodayRaceInfo/Odds3LenFuku?k_babaCode=20&k_raceDate=2026%2F10%2F07&k_raceNo=12
2026-10-07 20:48:00,20:47,2026-10-07,oi,12,2,三連複,3-4-6,5420.1,5420.1,257,https://www.keiba.go.jp/KeibaWeb/TodayRaceInfo/Odds3LenFuku?k_babaCode=20&k_raceDate=2026%2F10%2F07&k_raceNo=12
2026-10-07 20:48:00,20:47,2026-10-07,oi,12,2,三連複,3-9-11,5420.1,5420.1,257,https://www.keiba.go.jp/KeibaWeb/TodayRaceInfo/Odds3LenFuku?k_babaCode=20&k_raceDate=2026%2F10%2F07&k_raceNo=12
2026-10-07 20:48:00,20:47,2026-10-07,oi,12,2,三連複,1-12-14,5532.3,5532.3,259,https://www.keiba.go.jp/KeibaWeb/TodayRaceInfo/Odds3LenFuku?k_babaCode=20&k_raceDate=2026%2F10%2F07&k_raceNo=12
2026-10-07 20:48:00,20:47,2026-10-07,oi,12,2,三連複,9-10-11,5609.6,5609.6,260,https://www.keiba.go.jp/KeibaWeb/TodayRaceInfo/Odds3LenFuku?k_babaCode=20&k_raceDate=2026%2F10%2F07&k_raceNo=12
2026-10-07 20:48:00,20:47,2026-10-07,oi,12,2,三連複,4-12-13,5649.1,5649.1,261,https://www.keiba.go.jp/KeibaWeb/TodayRaceInfo/Odds3LenFuku?k_babaCode=20&k_raceDate=2026%2F10%2F07&k_raceNo=12
2026-10-07 20:48:00,20:47,2026-10-07,oi,12,2,三連複,1-5-12,5689.2,5689.2,262,https://www.keiba.go.jp/KeibaWeb/TodayRaceInfo/Odds3LenFuku?k_babaCode=20&k_raceDate=2026%2F10%2F07&k_raceNo=12
2026-10-07 20:48:00,20:47,2026-10-07,oi,12,2,三連複,4-8-10,5689.2,5689.2,262,https://www.keiba.go.jp/KeibaWeb/TodayRaceInfo/Odds3LenFuku?k_babaCode=20&k_raceDate=2026%2F10%2F07&k_raceNo=12
2026-10-07 20:48:00,20:47,2026-10-07,oi,12,2,三連複,6-8-10,5812.9,5812.9,264,https://www.keiba.go.jp/KeibaWeb/TodayRaceInfo/Odds3LenFuku?k_babaCode=20&k_raceDate=2026%2F10%2F07&k_raceNo=12
2026-10-07 20:48:00,20:47,2026-10-07,oi,12,2,三連複,11-12-13,5942.1,5942.1,265,https://www.keiba.go.jp/KeibaWeb/TodayRaceInfo/Odds3LenFuku?k_babaCode=20&k_raceDate=2026%2F10%2F07&k_raceNo=12
2026-10-07 20:48:00,20:47,2026-10-07,oi,12,2,三連複,5-6-8,5986.4,5986.4,266,https://www.keiba.go.jp/KeibaWeb/TodayRaceInfo/Odds3LenFuku?k_babaCode=20&k_raceDate=2026%2F10%2F07&k_raceNo=12
2026-10-07 20:48:00,20:47,2026-10-07,oi,12,2,三連複,1-7-12,6123.5,6123.5,267,https://www.keiba.go.jp/KeibaWeb/TodayRaceInfo/Odds3LenFuku?k_babaCode=20&k_raceDate=2026%2F10%2F07&k_raceNo=12
2026-10-07 20:48:00,20:47,2026-10-07,oi,12,2,三連複,8-12-13,6267.0,6267.0,268,https://www.keiba.go.jp/KeibaWeb/TodayRaceInfo/Odds3LenFuku?k_babaCode=20&k_raceDate=2026%2F10%2F07&k_raceNo=12
2026-10-07 20:48:00,20:47,2026-10-07,oi,12,2,三連複,2-5-11,6316.4,6316.4,269,https://www.keiba.go.jp/KeibaWeb/TodayRaceInfo/Odds3LenFuku?k_babaCode=20&k_raceDate=2026%2F10%2F07&k_raceNo=12
2026-10-07 20:48:00,20:47,2026-10-07,oi,12,2,三連複,1-3-8,6417.4,6417.4,270,https://www.keiba.go.jp/KeibaWeb/TodayRaceInfo/Odds3LenFuku?k_babaCode=20&k_raceDate=2026%2F10%2F07&k_raceNo=12
2026-10-07 20:48:00,20:47,2026-10-07,oi,12,2,三連複,2-10-11,6575.2,6575.2,271,https://www.keiba.go.jp/KeibaWeb/TodayRaceInfo/Odds3LenFuku?k_babaCode=20&k_raceDate=2026%2F10%2F07&k_raceNo=12
2026-10-07 20:48:00,20:47,2026-10-07,oi,12,2,三連複,4-12-14,6629.6,6629.6,272,https://www.keiba.go.jp/KeibaWeb/TodayRaceInfo/Odds3LenFuku?k_babaCode=20&k_raceDate=2026%2F10%2F07&k_raceNo=12
2026-10-07 20:48:00,20:47,2026-10-07,oi,12,2,三連複,1-8-10,6798.1,6798.1,273,https://www.keiba.go.jp/KeibaWeb/TodayRaceInfo/Odds3LenFuku?k_babaCode=20&k_raceDate=2026%2F10%2F07&k_raceNo=12
2026-10-07 20:48:00,20:47,2026-10-07,oi,12,2,三連複,1-10-12,6856.2,6856.2,274,https://www.keiba.go.jp/KeibaWeb/TodayRaceInfo/Odds3LenFuku?k_babaCode=20&k_raceDate=2026%2F10%2F07&k_raceNo=12
2026-10-07 20:48:00,20:47,2026-10-07,oi,12,2,三連複,4-8-9,6915.3,6915.3,275,https://www.keiba.go.jp/KeibaWeb/TodayRaceInfo/Odds3LenFuku?k_babaCode=20&k_raceDate=2026%2F10%2F07&k_raceNo=12
2026-10-07 20:48:00,20:47,2026-10-07,oi,12,2,三連複,6-7-12,6915.3,6915.3,275,https://www.keiba.go.jp/KeibaWeb/TodayRaceInfo/Odds3LenFuku?k_babaCode=20&k_raceDate=2026%2F10%2F07&k_raceNo=12
2026-10-07 20:48:00,20:47,2026-10-07,oi,12,2,三連複,2-9-11,7036.7,7036.7,277,https://www.keiba.go.jp/KeibaWeb/TodayRaceInfo/Odds3LenFuku?k_babaCode=20&k_raceDate=2026%2F10%2F07&k_raceNo=12
2026-10-07 20:48:00,20:47,2026-10-07,oi,12,2,三連複,6-12-14,7036.7,7036.7,277,https://www.keiba.go.jp/KeibaWeb/TodayRaceInfo/Odds3LenFuku?k_babaCode=20&k_raceDate=2026%2F10%2F07&k_raceNo=12
2026-10-07 20:48:00,20:47,2026-10-07,oi,12,2,三連複,4-7-11,7098.9,7098.9,279,https://www.keiba.go.jp/KeibaWeb/TodayRaceInfo/Odds3LenFuku?k_babaCode=20&k_raceDate=2026%2F10%2F07&k_raceNo=12
2026-10-07 20:48:00,20:47,2026-10-07,oi,12,2,三連複,1-2-8,7162.3,7162.3,280,https://www.keiba.go.jp/KeibaWeb/TodayRaceInfo/Odds3LenFuku?k_babaCode=20&k_raceDate=2026%2F10%2F07&k_raceNo=12
2026-10-07 20:48:00,20:47,2026-10-07,oi,12,2,三連複,6-8-9,7226.8,7226.8,281,https://www.keiba.go.jp/KeibaWeb/TodayRaceInfo/Odds3LenFuku?k_babaCode=20&k_raceDate=2026%2F10%2F07&k_raceNo=12
2026-10-07 20:48:00,20:47,2026-10-07,oi,12,2,三連複,2-6-8,7292.5,7292.5,282,https://www.keiba.go.jp/KeibaWeb/TodayRaceInfo/Odds3LenFuku?k_babaCode=20&k_raceDate=2026%2F10%2F07&k_raceNo=12
2026-10-07 20:48:00,20:47,2026-10-07,oi,12,2,三連複,4-11-14,7497.0,7497.0,283,https://www.keiba.go.jp/KeibaWeb/TodayRaceInfo/Odds3LenFuku?k_babaCode=20&k_raceDate=2026%2F10%2F07&k_raceNo=12
2026-10-07 20:48:00,20:47,2026-10-07,oi,12,2,三連複,4-11-13,7639.8,7639.8,284,https://www.keiba.go.jp/KeibaWeb/TodayRaceInfo/Odds3LenFuku?k_babaCode=20&k_raceDate=2026%2F10%2F07&k_raceNo=12
2026-10-07 20:48:00,20:47,2026-10-07,oi,12,2,三連複,4-5-8,7864.5,7864.5,285,https://www.keiba.go.jp/KeibaWeb/TodayRaceInfo/Odds3LenFuku?k_babaCode=20&k_raceDate=2026%2F10%2F07&k_raceNo=12
2026-10-07 20:48:00,20:47,2026-10-07,oi,12,2,三連複,1-5-8,7942.4,7942.4,286,https://www.keiba.go.jp/KeibaWeb/TodayRaceInfo/Odds3LenFuku?k_babaCode=20&k_raceDate=2026%2F10%2F07&k_raceNo=12
2026-10-07 20:48:00,20:47,2026-10-07,oi,12,2,三連複,1-2-12,8185.5,8185.5,287,https://www.keiba.go.jp/KeibaWeb/TodayRaceInfo/Odds3LenFuku?k_babaCode=20&k_raceDate=2026%2F10%2F07&k_raceNo=12
2026-10-07 20:48:00,20:47,2026-10-07,oi,12,2,三連複,1-11-14,8185.5,8185.5,287,https://www.keiba.go.jp/KeibaWeb/TodayRaceInfo/Odds3LenFuku?k_babaCode=20&k_raceDate=2026%2F10%2F07&k_raceNo=12
2026-10-07 20:48:00,20:47,2026-10-07,oi,12,2,三連複,3-6-8,8185.5,8185.5,287,https://www.keiba.go.jp/KeibaWeb/TodayRaceInfo/Odds3LenFuku?k_babaCode=20&k_raceDate=2026%2F10%2F07&k_raceNo=12
2026-10-07 20:48:00,20:47,2026-10-07,oi,12,2,三連複,11-12-14,8185.5,8185.5,287,https://www.keiba.go.jp/KeibaWeb/TodayRaceInfo/Odds3LenFuku?k_babaCode=20&k_raceDate=2026%2F10%2F07&k_raceNo=12
2026-10-07 20:48:00,20:47,2026-10-07,oi,12,2,三連複,8-12-14,8269.9,8269.9,291,https://www.keiba.go.jp/KeibaWeb/TodayRaceInfo/Odds3LenFuku?k_babaCode=20&k_raceDate=2026%2F10%2F07&k_raceNo=12
2026-10-07 20:48:00,20:47,2026-10-07,oi,12,2,三連複,7-8-12,8533.8,8533.8,292,https://www.keiba.go.jp/KeibaWeb/TodayRaceInfo/Odds3LenFuku?k_babaCode=20&k_raceDate=2026%2F10%2F07&k_raceNo=12
2026-10-07 20:48:00,20:47,2026-10-07,oi,12,2,三連複,6-11-13,8625.6,8625.6,293,https://www.keiba.go.jp/KeibaWeb/TodayRaceInfo/Odds3LenFuku?k_babaCode=20&k_raceDate=2026%2F10%2F07&k_raceNo=12
2026-10-07 20:48:00,20:47,2026-10-07,oi,12,2,三連複,5-6-12,8719.3,8719.3,294,https://www.keiba.go.jp/KeibaWeb/TodayRaceInfo/Odds3LenFuku?k_babaCode=20&k_raceDate=2026%2F10%2F07&k_raceNo=12
2026-10-07 20:48:00,20:47,2026-10-07,oi,12,2,三連複,8-11-13,8719.3,8719.3,294,https://www.keiba.go.jp/KeibaWeb/TodayRaceInfo/Odds3LenFuku?k_babaCode=20&k_raceDate=2026%2F10%2F07&k_raceNo=12
2026-10-07 20:48:00,20:47,2026-10-07,oi,12,2,三連複,6-10-12,9013.3,9013.3,296,https://www.keiba.go.jp/KeibaWeb/TodayRaceInfo/Odds3LenFuku?k_babaCode=20&k_raceDate=2026%2F10%2F07&k_raceNo=12
2026-10-07 20:48:00,20:47,2026-10-07,oi,12,2,三連複,1-4-8,9115.7,9115.7,297,https://www.keiba.go.jp/KeibaWeb/TodayRaceInfo/Odds3LenFuku?k_babaCode=20&k_raceDate=2026%2F10%2F07&k_raceNo=12
2026-10-07 20:48:00,20:47,2026-10-07,oi,12,2,三連複,2-3-11,9220.5,9220.5,298,https://www.keiba.go.jp/KeibaWeb/TodayRaceInfo/Odds3LenFuku?k_babaCode=20&k_raceDate=2026%2F10%2F07&k_raceNo=12
2026-10-07 20:48:00,20:47,2026-10-07,oi,12,2,三連複,1-8-9,9437.4,9437.4,299,https://www.keiba.go.jp/KeibaWeb/TodayRaceInfo/Odds3LenFuku?k_babaCode=20&k_raceDate=2026%2F10%2F07&k_raceNo=12
2026-10-07 20:48:00,20:47,2026-10-07,oi,12,2,三連複,6-9-12,9437.4,9437.4,299,https://www.keiba.go.jp/KeibaWeb/TodayRaceInfo/Odds3LenFuku?k_babaCode=20&k_raceDate=2026%2F10%2F07&k_raceNo=12
2026-10-07 20:48:00,20:47,2026-10-07,oi,12,2,三連複,4-10-12,9549.8,9549.8,301,https://www.keiba.go.jp/KeibaWeb/TodayRaceInfo/Odds3LenFuku?k_babaCode=20&k_raceDate=2026%2F10%2F07&k_raceNo=12
2026-10-07 20:48:00,20:47,2026-10-07,oi,12,2,三連複,1-7-11,9664.8,9664.8,302,https://www.keiba.go.jp/KeibaWeb/TodayRaceInfo/Odds3LenFuku?k_babaCode=20&k_raceDate=2026%2F10%2F07&k_raceNo=12
2026-10-07 20:48:00,20:47,2026-10-07,oi,12,2,三連複,6-11-14,9664.8,9664.8,302,https://www.keiba.go.jp/KeibaWeb/TodayRaceInfo/Odds3LenFuku?k_babaCode=20&k_raceDate=2026%2F10%2F07&k_raceNo=12
2026-10-07 20:48:00,20:47,2026-10-07,oi,12,2,三連複,2-6-12,9903.5,9903.5,304,https://www.keiba.go.jp/KeibaWeb/TodayRaceInfo/Odds3LenFuku?k_babaCode=20&k_raceDate=2026%2F10%2F07&k_raceNo=12
2026-10-07 20:48:00,20:47,2026-10-07,oi,12,2,三連複,3-4-8,9903.5,9903.5,304,https://www.keiba.go.jp/KeibaWeb/TodayRaceInfo/Odds3LenFuku?k_babaCode=20&k_raceDate=2026%2F10%2F07&k_raceNo=12
2026-10-07 20:48:00,20:47,2026-10-07,oi,12,2,三連複,7-8-11,10154.2,10154.2,306,https://www.keiba.go.jp/KeibaWeb/TodayRaceInfo/Odds3LenFuku?k_babaCode=20&k_raceDate=2026%2F10%2F07&k_raceNo=12
2026-10-07 20:48:00,20:47,2026-10-07,oi,12,2,三連複,7-11-12,10284.4,10284.4,307,https://www.keiba.go.jp/KeibaWeb/TodayRaceInfo/Odds3LenFuku?k_babaCode=20&k_raceDate=2026%2F10%2F07&k_raceNo=12
2026-10-07 20:48:00,20:47,2026-10-07,oi,12,2,三連複,1-9-12,10417.9,10417.9,308,https://www.keiba.go.jp/KeibaWeb/TodayRaceInfo/Odds3LenFuku?k_babaCode=20&k_raceDate=2026%2F10%2F07&k_raceNo=12
2026-10-07 20:48:00,20:47,2026-10-07,oi,12,2,三連複,3-6-11,10417.9,10417.9,308,https://www.keiba.go.jp/KeibaWeb/TodayRaceInfo/Odds3LenFuku?k_babaCode=20&k_raceDate=2026%2F10%2F07&k_raceNo=12
2026-10-07 20:48:00,20:47,2026-10-07,oi,12,2,三連複,8-11-14,10417.9,10417.9,308,https://www.keiba.go.jp/KeibaWeb/TodayRaceInfo/Odds3LenFuku?k_babaCode=20&k_raceDate=2026%2F10%2F07&k_raceNo=12
2026-10-07 20:48:00,20:47,2026-10-07,oi,12,2,三連複,1-10-11,10840.3,10840.3,311,https://www.keiba.go.jp/KeibaWeb/TodayRaceInfo/Odds3LenFuku?k_babaCode=20&k_raceDate=2026%2F10%2F07&k_raceNo=12
2026-10-07 20:48:00,20:47,2026-10-07,oi,12,2,三連複,4-9-12,10840.3,10840.3,311,https://www.keiba.go.jp/KeibaWeb/TodayRaceInfo/Odds3LenFuku?k_babaCode=20&k_raceDate=2026%2F10%2F07&k_raceNo=12
2026-10-07 20:48:00,20:47,2026-10-07,oi,12,2,三連複,1-3-12,11459.7,11459.7,313,https://www.keiba.go.jp/KeibaWeb/TodayRaceInfo/Odds3LenFuku?k_babaCode=20&k_raceDate=2026%2F10%2F07&k_raceNo=12
2026-10-07 20:48:00,20:47,2026-10-07,oi,12,2,三連複,5-8-12,11625.8,11625.8,314,https://www.keiba.go.jp/KeibaWeb/TodayRaceInfo/Odds3LenFuku?k_babaCode=20&k_raceDate=2026%2F10%2F07&k_raceNo=12
2026-10-07 20:48:00,20:47,2026-10-07,oi,12,2,三連複,5-11-12,11972.8,11972.8,315,https://www.keiba.go.jp/KeibaWeb/TodayRaceInfo/Odds3LenFuku?k_babaCode=20&k_raceDate=2026%2F10%2F07&k_raceNo=12
2026-10-07 20:48:00,20:47,2026-10-07,oi,12,2,三連複,10-11-12,11972.8,11972.8,315,https://www.keiba.go.jp/KeibaWeb/TodayRaceInfo/Odds3LenFuku?k_babaCode=20&k_raceDate=2026%2F10%2F07&k_raceNo=12
2026-10-07 20:48:00,20:47,2026-10-07,oi,12,2,三連複,6-7-11,12154.3,12154.3,317,https://www.keiba.go.jp/KeibaWeb/TodayRaceInfo/Odds3LenFuku?k_babaCode=20&k_raceDate=2026%2F10%2F07&k_raceNo=12
2026-10-07 20:48:00,20:47,2026-10-07,oi,12,2,三連複,2-8-12,12341.2,12341.2,318,https://www.keiba.go.jp/KeibaWeb/TodayRaceInfo/Odds3LenFuku?k_babaCode=20&k_raceDate=2026%2F10%2F07&k_raceNo=12
2026-10-07 20:48:00,20:47,2026-10-07,oi,12,2,三連複,4-10-11,12341.2,12341.2,318,https://www.keiba.go.jp/KeibaWeb/TodayRaceInfo/Odds3LenFuku?k_babaCode=20&k_raceDate=2026%2F10%2F07&k_raceNo=12
2026-10-07 20:48:00,20:47,2026-10-07,oi,12,2,三連複,1-3-11,12534.1,12534.1,320,https://www.keiba.go.jp/KeibaWeb/TodayRaceInfo/Odds3LenFuku?k_babaCode=20&k_raceDate=2026%2F10%2F07&k_raceNo=12
2026-10-07 20:48:00,20:47,2026-10-07,oi,12,2,三連複,1-5-11,12534.1,12534.1,320,https://www.keiba.go.jp/KeibaWeb/TodayRaceInfo/Odds3LenFuku?k_babaCode=20&k_raceDate=2026%2F10%2F07&k_raceNo=12
2026-10-07 20:48:00,20:47,2026-10-07,oi,12,2,三連複,1-9-11,12534.1,12534.1,320,https://www.keiba.go.jp/KeibaWeb/TodayRaceInfo/Odds3LenFuku?k_babaCode=20&k_raceDate=2026%2F10%2F07&k_raceNo=12
2026-10-07 20:48:00,20:47,2026-10-07,oi,12,2,三連複,8-10-12,12534.1,12534.1,320,https://www.keiba.go.jp/KeibaWeb/TodayRaceInfo/Odds3LenFuku?k_babaCode=20&k_raceDate=2026%2F10%2F07&k_raceNo=12
2026-10-07 20:48:00,20:47,2026-10-07,oi,12,2,三連複,4-9-11,12733.0,12733.0,324,https://www.keiba.go.jp/KeibaWeb/TodayRaceInfo/Odds3LenFuku?k_babaCode=20&k_raceDate=2026%2F10%2F07&k_raceNo=12
2026-10-07 20:48:00,20:47,2026-10-07,oi,12,2,三連複,2-4-12,12938.4,12938.4,325,https://www.keiba.go.jp/KeibaWeb/TodayRaceInfo/Odds3LenFuku?k_babaCode=20&k_raceDate=2026%2F10%2F07&k_raceNo=12
2026-10-07 20:48:00,20:47,2026-10-07,oi,12,2,三連複,5-6-11,13150.5,13150.5,326,https://www.keiba.go.jp/KeibaWeb/TodayRaceInfo/Odds3LenFuku?k_babaCode=20&k_raceDate=2026%2F10%2F07&k_raceNo=12
2026-10-07 20:48:00,20:47,2026-10-07,oi,12,2,三連複,3-4-12,13369.7,13369.7,327,https://www.keiba.go.jp/KeibaWeb/TodayRaceInfo/Odds3LenFuku?k_babaCode=20&k_raceDate=2026%2F10%2F07&k_raceNo=12
2026-10-07 20:48:00,20:47,2026-10-07,oi,12,2,三連複,4-5-12,13369.7,13369.7,327,https://www.keiba.go.jp/KeibaWeb/TodayRaceInfo/Odds3LenFuku?k_babaCode=20&k_raceDate=2026%2F10%2F07&k_raceNo=12
2026-10-07 20:48:00,20:47,2026-10-07,oi,12,2,三連複,6-9-11,13830.7,13830.7,329,https://www.keiba.go.jp/KeibaWeb/TodayRaceInfo/Odds3LenFuku?k_babaCode=20&k_raceDate=2026%2F10%2F07&k_raceNo=12
2026-10-07 20:48:00,20:47,2026-10-07,oi,12,2,三連複,8-9-12,13830.7,13830.7,329,https://www.keiba.go.jp/KeibaWeb/TodayRaceInfo/Odds3LenFuku?k_babaCode=20&k_raceDate=2026%2F10%2F07&k_raceNo=12
2026-10-07 20:48:00,20:47,2026-10-07,oi,12,2,三連複,9-11-12,14324.7,14324.7,331,https://www.keiba.go.jp/KeibaWeb/TodayRaceInfo/Odds3LenFuku?k_babaCode=20&k_raceDate=2026%2F10%2F07&k_raceNo=12
2026-10-07 20:48:00,20:47,2026-10-07,oi,12,2,三連複,2-4-11,14585.1,14585.1,332,https://www.keiba.go.jp/KeibaWeb/TodayRaceInfo/Odds3LenFuku?k_babaCode=20&k_raceDate=2026%2F10%2F07&k_raceNo=12
2026-10-07 20:48:00,20:47,2026-10-07,oi,12,2,三連複,3-6-12,14585.1,14585.1,332,https://www.keiba.go.jp/KeibaWeb/TodayRaceInfo/Odds3LenFuku?k_babaCode=20&k_raceDate=2026%2F10%2F07&k_raceNo=12
2026-10-07 20:48:00,20:47,2026-10-07,oi,12,2,三連複,1-6-8,14855.2,14855.2,334,https://www.keiba.go.jp/KeibaWeb/TodayRaceInfo/Odds3LenFuku?k_babaCode=20&k_raceDate=2026%2F10%2F07&k_raceNo=12
2026-10-07 20:48:00,20:47,2026-10-07,oi,12,2,三連複,4-6-8,14855.2,14855.2,334,https://www.keiba.go.jp/KeibaWeb/TodayRaceInfo/Odds3LenFuku?k_babaCode=20&k_raceDate=2026%2F10%2F07&k_raceNo=12
2026-10-07 20:48:00,20:47,2026-10-07,oi,12,2,三連複,2-6-11,15729.1,15729.1,336,https://www.keiba.go.jp/KeibaWeb/TodayRaceInfo/Odds3LenFuku?k_babaCode=20&k_raceDate=2026%2F10%2F07&k_raceNo=12
2026-10-07 20:48:00,20:47,2026-10-07,oi,12,2,三連複,3-8-11,16371.1,16371.1,337,https://www.keiba.go.jp/KeibaWeb/TodayRaceInfo/Odds3LenFuku?k_babaCode=20&k_raceDate=2026%2F10%2F07&k_raceNo=12
2026-10-07 20:48:00,20:47,2026-10-07,oi,12,2,三連複,8-10-11,16371.1,16371.1,337,https://www.keiba.go.jp/KeibaWeb/TodayRaceInfo/Odds3LenFuku?k_babaCode=20&k_raceDate=2026%2F10%2F07&k_raceNo=12
2026-10-07 20:48:00,20:47,2026-10-07,oi,12,2,三連複,3-4-11,16712.1,16712.1,339,https://www.keiba.go.jp/KeibaWeb/TodayRaceInfo/Odds3LenFuku?k_babaCode=20&k_raceDate=2026%2F10%2F07&k_raceNo=12
2026-10-07 20:48:00,20:47,2026-10-07,oi,12,2,三連複,1-2-11,17438.7,17438.7,340,https://www.keiba.go.jp/KeibaWeb/TodayRaceInfo/Odds3LenFuku?k_babaCode=20&k_raceDate=2026%2F10%2F07&k_raceNo=12
2026-10-07 20:48:00,20:47,2026-10-07,oi,12,2,三連複,3-8-12,17826.3,17826.3,341,https://www.keiba.go.jp/KeibaWeb/TodayRaceInfo/Odds3LenFuku?k_babaCode=20&k_raceDate=2026%2F10%2F07&k_raceNo=12
2026-10-07 20:48:00,20:47,2026-10-07,oi,12,2,三連複,1-4-11,18655.4,18655.4,342,https://www.keiba.go.jp/KeibaWeb/TodayRaceInfo/Odds3LenFuku?k_babaCode=20&k_raceDate=2026%2F10%2F07&k_raceNo=12
2026-10-07 20:48:00,20:47,2026-10-07,oi,12,2,三連複,8-9-11,18655.4,18655.4,342,https://www.keiba.go.jp/KeibaWeb/TodayRaceInfo/Odds3LenFuku?k_babaCode=20&k_raceDate=2026%2F10%2F07&k_raceNo=12
2026-10-07 20:48:00,20:47,2026-10-07,oi,12,2,三連複,4-8-12,19099.6,19099.6,344,https://www.keiba.go.jp/KeibaWeb/TodayRaceInfo/Odds3LenFuku?k_babaCode=20&k_raceDate=2026%2F10%2F07&k_raceNo=12
2026-10-07 20:48:00,20:47,2026-10-07,oi,12,2,三連複,8-11-12,19099.6,19099.6,344,https://www.keiba.go.jp/KeibaWeb/TodayRaceInfo/Odds3LenFuku?k_babaCode=20&k_raceDate=2026%2F10%2F07&k_raceNo=12
2026-10-07 20:48:00,20:47,2026-10-07,oi,12,2,三連複,6-10-11,19565.4,19565.4,346,https://www.keiba.go.jp/KeibaWeb/TodayRaceInfo/Odds3LenFuku?k_babaCode=20&k_raceDate=2026%2F10%2F07&k_raceNo=12
2026-10-07 20:48:00,20:47,2026-10-07,oi,12,2,三連複,3-11-12,20568.8,20568.8,347,https://www.keiba.go.jp/KeibaWeb/TodayRaceInfo/Odds3LenFuku?k_babaCode=20&k_raceDate=2026%2F10%2F07&k_raceNo=12
2026-10-07 20:48:00,20:47,2026-10-07,oi,12,2,三連複,5-8-11,20568.8,20568.8,347,https://www.keiba.go.jp/KeibaWeb/TodayRaceInfo/Odds3LenFuku?k_babaCode=20&k_raceDate=2026%2F10%2F07&k_raceNo=12
2026-10-07 20:48:00,20:47,2026-10-07,oi,12,2,三連複,1-8-12,21110.1,21110.1,349,https://www.keiba.go.jp/KeibaWeb/TodayRaceInfo/Odds3LenFuku?k_babaCode=20&k_raceDate=2026%2F10%2F07&k_raceNo=12
2026-10-07 20:48:00,20:47,2026-10-07,oi,12,2,三連複,1-4-12,21680.6,21680.6,350,https://www.keiba.go.jp/KeibaWeb/TodayRaceInfo/Odds3LenFuku?k_babaCode=20&k_raceDate=2026%2F10%2F07&k_raceNo=12
2026-10-07 20:48:00,20:47,2026-10-07,oi,12,2,三連複,1-6-12,21680.6,21680.6,350,https://www.keiba.go.jp/KeibaWeb/TodayRaceInfo/Odds3LenFuku?k_babaCode=20&k_raceDate=2026%2F10%2F07&k_raceNo=12
2026-10-07 20:48:00,20:47,2026-10-07,oi,12,2,三連複,2-11-12,21680.6,21680.6,350,https://www.keiba.go.jp/KeibaWeb/TodayRaceInfo/Odds3LenFuku?k_babaCode=20&k_raceDate=2026%2F10%2F07&k_raceNo=12
2026-10-07 20:48:00,20:47,2026-10-07,oi,12,2,三連複,4-6-12,21680.6,21680.6,350,https://www.keiba.go.jp/KeibaWeb/TodayRaceInfo/Odds3LenFuku?k_babaCode=20&k_raceDate=2026%2F10%2F07&k_raceNo=12
2026-10-07 20:48:00,20:47,2026-10-07,oi,12,2,三連複,4-11-12,21680.6,21680.6,350,https://www.keiba.go.jp/KeibaWeb/TodayRaceInfo/Odds3LenFuku?k_babaCode=20&k_raceDate=2026%2F10%2F07&k_raceNo=12
2026-10-07 20:48:00,20:47,2026-10-07,oi,12,2,三連複,6-8-12,21680.6,21680.6,350,https://www.keiba.go.jp/KeibaWeb/TodayRaceInfo/Odds3LenFuku?k_babaCode=20&k_raceDate=2026%2F10%2F07&k_raceNo=12
2026-10-07 20:48:00,20:47,2026-10-07,oi,12,2,三連複,1-8-11,22919.5,22919.5,356,https://www.keiba.go.jp/KeibaWeb/TodayRaceInfo/Odds3LenFuku?k_babaCode=20&k_raceDate=2026%2F10%2F07&k_raceNo=12
2026-10-07 20:48:00,20:47,2026-10-07,oi,12,2,三連複,2-8-11,23593.6,23593.6,357,https://www.keiba.go.jp/KeibaWeb/TodayRaceInfo/Odds3LenFuku?k_babaCode=20&k_raceDate=2026%2F10%2F07&k_raceNo=12
2026-10-07 20:48:00,20:47,2026-10-07,oi,12,2,三連複,4-5-11,23593.6,23593.6,357,https://www.keiba.go.jp/KeibaWeb/TodayRaceInfo/Odds3LenFuku?k_babaCode=20&k_raceDate=2026%2F10%2F07&k_raceNo=12
2026-10-07 20:48:00,20:47,2026-10-07,oi,12,2,三連複,4-6-11,25068.2,25068.2,359,https://www.keiba.go.jp/KeibaWeb/TodayRaceInfo/Odds3LenFuku?k_babaCode=20&k_raceDate=2026%2F10%2F07&k_raceNo=12
2026-10-07 20:48:00,20:47,2026-10-07,oi,12,2,三連複,1-6-11,25876.9,25876.9,360,https://www.keiba.go.jp/KeibaWeb/TodayRaceInfo/Odds3LenFuku?k_babaCode=20&k_raceDate=2026%2F10%2F07&k_raceNo=12
2026-10-07 20:48:00,20:47,2026-10-07,oi,12,2,三連複,4-8-11,27661.5,27661.5,361,https://www.keiba.go.jp/KeibaWeb/TodayRaceInfo/Odds3LenFuku?k_babaCode=20&k_raceDate=2026%2F10%2F07&k_raceNo=12
2026-10-07 20:48:00,20:47,2026-10-07,oi,12,2,三連複,1-11-12,32087.3,32087.3,362,https://www.keiba.go.jp/KeibaWeb/TodayRaceInfo/Odds3LenFuku?k_babaCode=20&k_raceDate=2026%2F10%2F07&k_raceNo=12
2026-10-07 20:48:00,20:47,2026-10-07,oi,12,2,三連複,6-8-11,33424.3,33424.3,363,https://www.keiba.go.jp/KeibaWeb/TodayRaceInfo/Odds3LenFuku?k_babaCode=20&k_raceDate=2026%2F10%2F07&k_raceNo=12
2026-10-07 20:48:00,20:47,2026-10-07,oi,12,2,三連複,6-11-12,42220.2,42220.2,364,https://www.keiba.go.jp/KeibaWeb/TodayRaceInfo/Odds3LenFuku?k_babaCode=20&k_raceDate=2026%2F10%2F07&k_raceNo=12
