captured_at,source_time,race_date,track,race_no,minutes_before,bet_type,combination,odds_low,odds_high,popularity,source_url
2026-09-21 20:40:00,20:39,2026-09-21,saga,9,10,馬連,4-6,3.0,3.0,1,https://www.keiba.go.jp/KeibaWeb/TodayRaceInfo/OddsUmLenFuku?k_babaCode=32&k_raceDate=2026%2F09%2F21&k_raceNo=9
2026-09-21 20:40:00,20:39,2026-09-21,saga,9,10,馬連,4-9,10.7,10.7,2,https://www.keiba.go.jp/KeibaWeb/TodayRaceInfo/OddsUmLenFuku?k_babaCode=32&k_raceDate=2026%2F09%2F21&k_raceNo=9
2026-09-21 20:40:00,20:39,2026-09-21,saga,9,10,馬連,6-10,12.4,12.4,3,https://www.keiba.go.jp/KeibaWeb/TodayRaceInfo/OddsUmLenFuku?k_babaCode=32&k_raceDate=2026%2F09%2F21&k_raceNo=9
2026-09-21 20:40:00,20:39,2026-09-21,saga,9,10,馬連,1-4,15.2,15.2,4,https://www.keiba.go.jp/KeibaWeb/TodayRaceInfo/OddsUmLenFuku?k_babaCode=32&k_raceDate=2026%2F09%2F21&k_raceNo=9
2026-09-21 20:40:00,20:39,2026-09-21,saga,9,10,馬連,6-12,16.8,16.8,5,https://www.keiba.go.jp/KeibaWeb/TodayRaceInfo/OddsUmLenFuku?k_babaCode=32&k_raceDate=2026%2F09%2F21&k_raceNo=9
2026-09-21 20:40:00,20:39,2026-09-21,saga,9,10,馬連,3-4,17.6,17.6,6,https://www.keiba.go.jp/KeibaWeb/TodayRaceInfo/OddsUmLenFuku?k_babaCode=32&k_raceDate=2026%2F09%2F21&k_raceNo=9
2026-09-21 20:40:00,20:39,2026-09-21,saga,9,10,馬連,4-12,17.9,17.9,7,https://www.keiba.go.jp/KeibaWeb/TodayRaceInfo/OddsUmLenFuku?k_babaCode=32&k_raceDate=2026%2F09%2F21&k_raceNo=9
2026-09-21 20:40:00,20:39,2026-09-21,saga,9,10,馬連,4-10,18.9,18.9,8,https://www.keiba.go.jp/KeibaWeb/TodayRaceInfo/OddsUmLenFuku?k_babaCode=32&k_raceDate=2026%2F09%2F21&k_raceNo=9
2026-09-21 20:40:00,20:39,2026-09-21,saga,9,10,馬連,6-9,22.6,22.6,9,https://www.keiba.go.jp/KeibaWeb/TodayRaceInfo/OddsUmLenFuku?k_babaCode=32&k_raceDate=2026%2F09%2F21&k_raceNo=9
2026-09-21 20:40:00,20:39,2026-09-21,saga,9,10,馬連,2-4,26.6,26.6,10,https://www.keiba.go.jp/KeibaWeb/TodayRaceInfo/OddsUmLenFuku?k_babaCode=32&k_raceDate=2026%2F09%2F21&k_raceNo=9
2026-09-21 20:40:00,20:39,2026-09-21,saga,9,10,馬連,3-6,29.5,29.5,11,https://www.keiba.go.jp/KeibaWeb/TodayRaceInfo/OddsUmLenFuku?k_babaCode=32&k_raceDate=2026%2F09%2F21&k_raceNo=9
2026-09-21 20:40:00,20:39,2026-09-21,saga,9,10,馬連,6-7,32.4,32.4,12,https://www.keiba.go.jp/KeibaWeb/TodayRaceInfo/OddsUmLenFuku?k_babaCode=32&k_raceDate=2026%2F09%2F21&k_raceNo=9
2026-09-21 20:40:00,20:39,2026-09-21,saga,9,10,馬連,6-14,33.3,33.3,13,https://www.keiba.go.jp/KeibaWeb/TodayRaceInfo/OddsUmLenFuku?k_babaCode=32&k_raceDate=2026%2F09%2F21&k_raceNo=9
2026-09-21 20:40:00,20:39,2026-09-21,saga,9,10,馬連,4-13,35.5,35.5,14,https://www.keiba.go.jp/KeibaWeb/TodayRaceInfo/OddsUmLenFuku?k_babaCode=32&k_raceDate=2026%2F09%2F21&k_raceNo=9
2026-09-21 20:40:00,20:39,2026-09-21,saga,9,10,馬連,2-6,46.7,46.7,15,https://www.keiba.go.jp/KeibaWeb/TodayRaceInfo/OddsUmLenFuku?k_babaCode=32&k_raceDate=2026%2F09%2F21&k_raceNo=9
2026-09-21 20:40:00,20:39,2026-09-21,saga,9,10,馬連,4-14,55.6,55.6,16,https://www.keiba.go.jp/KeibaWeb/TodayRaceInfo/OddsUmLenFuku?k_babaCode=32&k_raceDate=2026%2F09%2F21&k_raceNo=9
2026-09-21 20:40:00,20:39,2026-09-21,saga,9,10,馬連,4-7,59.6,59.6,17,https://www.keiba.go.jp/KeibaWeb/TodayRaceInfo/OddsUmLenFuku?k_babaCode=32&k_raceDate=2026%2F09%2F21&k_raceNo=9
2026-09-21 20:40:00,20:39,2026-09-21,saga,9,10,馬連,9-10,69.1,69.1,18,https://www.keiba.go.jp/KeibaWeb/TodayRaceInfo/OddsUmLenFuku?k_babaCode=32&k_raceDate=2026%2F09%2F21&k_raceNo=9
2026-09-21 20:40:00,20:39,2026-09-21,saga,9,10,馬連,10-12,73.4,73.4,19,https://www.keiba.go.jp/KeibaWeb/TodayRaceInfo/OddsUmLenFuku?k_babaCode=32&k_raceDate=2026%2F09%2F21&k_raceNo=9
2026-09-21 20:40:00,20:39,2026-09-21,saga,9,10,馬連,2-12,80.4,80.4,20,https://www.keiba.go.jp/KeibaWeb/TodayRaceInfo/OddsUmLenFuku?k_babaCode=32&k_raceDate=2026%2F09%2F21&k_raceNo=9
2026-09-21 20:40:00,20:39,2026-09-21,saga,9,10,馬連,1-6,84.4,84.4,21,https://www.keiba.go.jp/KeibaWeb/TodayRaceInfo/OddsUmLenFuku?k_babaCode=32&k_raceDate=2026%2F09%2F21&k_raceNo=9
2026-09-21 20:40:00,20:39,2026-09-21,saga,9,10,馬連,9-12,98.0,98.0,22,https://www.keiba.go.jp/KeibaWeb/TodayRaceInfo/OddsUmLenFuku?k_babaCode=32&k_raceDate=2026%2F09%2F21&k_raceNo=9
2026-09-21 20:40:00,20:39,2026-09-21,saga,9,10,馬連,2-10,100.0,100.0,23,https://www.keiba.go.jp/KeibaWeb/TodayRaceInfo/OddsUmLenFuku?k_babaCode=32&k_raceDate=2026%2F09%2F21&k_raceNo=9
2026-09-21 20:40:00,20:39,2026-09-21,saga,9,10,馬連,2-9,111.3,111.3,24,https://www.keiba.go.jp/KeibaWeb/TodayRaceInfo/OddsUmLenFuku?k_babaCode=32&k_raceDate=2026%2F09%2F21&k_raceNo=9
2026-09-21 20:40:00,20:39,2026-09-21,saga,9,10,馬連,10-14,131.0,131.0,25,https://www.keiba.go.jp/KeibaWeb/TodayRaceInfo/OddsUmLenFuku?k_babaCode=32&k_raceDate=2026%2F09%2F21&k_raceNo=9
2026-09-21 20:40:00,20:39,2026-09-21,saga,9,10,馬連,3-12,131.7,131.7,26,https://www.keiba.go.jp/KeibaWeb/TodayRaceInfo/OddsUmLenFuku?k_babaCode=32&k_raceDate=2026%2F09%2F21&k_raceNo=9
2026-09-21 20:40:00,20:39,2026-09-21,saga,9,10,馬連,3-9,133.2,133.2,27,https://www.keiba.go.jp/KeibaWeb/TodayRaceInfo/OddsUmLenFuku?k_babaCode=32&k_raceDate=2026%2F09%2F21&k_raceNo=9
2026-09-21 20:40:00,20:39,2026-09-21,saga,9,10,馬連,4-11,135.5,135.5,28,https://www.keiba.go.jp/KeibaWeb/TodayRaceInfo/OddsUmLenFuku?k_babaCode=32&k_raceDate=2026%2F09%2F21&k_raceNo=9
2026-09-21 20:40:00,20:39,2026-09-21,saga,9,10,馬連,6-13,137.9,137.9,29,https://www.keiba.go.jp/KeibaWeb/TodayRaceInfo/OddsUmLenFuku?k_babaCode=32&k_raceDate=2026%2F09%2F21&k_raceNo=9
2026-09-21 20:40:00,20:39,2026-09-21,saga,9,10,馬連,4-8,149.1,149.1,30,https://www.keiba.go.jp/KeibaWeb/TodayRaceInfo/OddsUmLenFuku?k_babaCode=32&k_raceDate=2026%2F09%2F21&k_raceNo=9
2026-09-21 20:40:00,20:39,2026-09-21,saga,9,10,馬連,4-5,159.2,159.2,31,https://www.keiba.go.jp/KeibaWeb/TodayRaceInfo/OddsUmLenFuku?k_babaCode=32&k_raceDate=2026%2F09%2F21&k_raceNo=9
2026-09-21 20:40:00,20:39,2026-09-21,saga,9,10,馬連,1-2,173.1,173.1,32,https://www.keiba.go.jp/KeibaWeb/TodayRaceInfo/OddsUmLenFuku?k_babaCode=32&k_raceDate=2026%2F09%2F21&k_raceNo=9
2026-09-21 20:40:00,20:39,2026-09-21,saga,9,10,馬連,3-10,173.1,173.1,32,https://www.keiba.go.jp/KeibaWeb/TodayRaceInfo/OddsUmLenFuku?k_babaCode=32&k_raceDate=2026%2F09%2F21&k_raceNo=9
2026-09-21 20:40:00,20:39,2026-09-21,saga,9,10,馬連,6-11,178.3,178.3,34,https://www.keiba.go.jp/KeibaWeb/TodayRaceInfo/OddsUmLenFuku?k_babaCode=32&k_raceDate=2026%2F09%2F21&k_raceNo=9
2026-09-21 20:40:00,20:39,2026-09-21,saga,9,10,馬連,6-8,186.7,186.7,35,https://www.keiba.go.jp/KeibaWeb/TodayRaceInfo/OddsUmLenFuku?k_babaCode=32&k_raceDate=2026%2F09%2F21&k_raceNo=9
2026-09-21 20:40:00,20:39,2026-09-21,saga,9,10,馬連,1-12,189.7,189.7,36,https://www.keiba.go.jp/KeibaWeb/TodayRaceInfo/OddsUmLenFuku?k_babaCode=32&k_raceDate=2026%2F09%2F21&k_raceNo=9
2026-09-21 20:40:00,20:39,2026-09-21,saga,9,10,馬連,7-10,199.3,199.3,37,https://www.keiba.go.jp/KeibaWeb/TodayRaceInfo/OddsUmLenFuku?k_babaCode=32&k_raceDate=2026%2F09%2F21&k_raceNo=9
2026-09-21 20:40:00,20:39,2026-09-21,saga,9,10,馬連,7-9,209.9,209.9,38,https://www.keiba.go.jp/KeibaWeb/TodayRaceInfo/OddsUmLenFuku?k_babaCode=32&k_raceDate=2026%2F09%2F21&k_raceNo=9
2026-09-21 20:40:00,20:39,2026-09-21,saga,9,10,馬連,7-12,232.5,232.5,39,https://www.keiba.go.jp/KeibaWeb/TodayRaceInfo/OddsUmLenFuku?k_babaCode=32&k_raceDate=2026%2F09%2F21&k_raceNo=9
2026-09-21 20:40:00,20:39,2026-09-21,saga,9,10,馬連,1-3,234.8,234.8,40,https://www.keiba.go.jp/KeibaWeb/TodayRaceInfo/OddsUmLenFuku?k_babaCode=32&k_raceDate=2026%2F09%2F21&k_raceNo=9
2026-09-21 20:40:00,20:39,2026-09-21,saga,9,10,馬連,1-9,242.0,242.0,41,https://www.keiba.go.jp/KeibaWeb/TodayRaceInfo/OddsUmLenFuku?k_babaCode=32&k_raceDate=2026%2F09%2F21&k_raceNo=9
2026-09-21 20:40:00,20:39,2026-09-21,saga,9,10,馬連,5-6,244.5,244.5,42,https://www.keiba.go.jp/KeibaWeb/TodayRaceInfo/OddsUmLenFuku?k_babaCode=32&k_raceDate=2026%2F09%2F21&k_raceNo=9
2026-09-21 20:40:00,20:39,2026-09-21,saga,9,10,馬連,1-10,252.3,252.3,43,https://www.keiba.go.jp/KeibaWeb/TodayRaceInfo/OddsUmLenFuku?k_babaCode=32&k_raceDate=2026%2F09%2F21&k_raceNo=9
2026-09-21 20:40:00,20:39,2026-09-21,saga,9,10,馬連,2-3,252.3,252.3,43,https://www.keiba.go.jp/KeibaWeb/TodayRaceInfo/OddsUmLenFuku?k_babaCode=32&k_raceDate=2026%2F09%2F21&k_raceNo=9
2026-09-21 20:40:00,20:39,2026-09-21,saga,9,10,馬連,12-14,252.3,252.3,43,https://www.keiba.go.jp/KeibaWeb/TodayRaceInfo/OddsUmLenFuku?k_babaCode=32&k_raceDate=2026%2F09%2F21&k_raceNo=9
2026-09-21 20:40:00,20:39,2026-09-21,saga,9,10,馬連,9-14,279.0,279.0,46,https://www.keiba.go.jp/KeibaWeb/TodayRaceInfo/OddsUmLenFuku?k_babaCode=32&k_raceDate=2026%2F09%2F21&k_raceNo=9
2026-09-21 20:40:00,20:39,2026-09-21,saga,9,10,馬連,2-7,285.8,285.8,47,https://www.keiba.go.jp/KeibaWeb/TodayRaceInfo/OddsUmLenFuku?k_babaCode=32&k_raceDate=2026%2F09%2F21&k_raceNo=9
2026-09-21 20:40:00,20:39,2026-09-21,saga,9,10,馬連,9-13,296.5,296.5,48,https://www.keiba.go.jp/KeibaWeb/TodayRaceInfo/OddsUmLenFuku?k_babaCode=32&k_raceDate=2026%2F09%2F21&k_raceNo=9
2026-09-21 20:40:00,20:39,2026-09-21,saga,9,10,馬連,3-7,312.1,312.1,49,https://www.keiba.go.jp/KeibaWeb/TodayRaceInfo/OddsUmLenFuku?k_babaCode=32&k_raceDate=2026%2F09%2F21&k_raceNo=9
2026-09-21 20:40:00,20:39,2026-09-21,saga,9,10,馬連,12-13,334.1,334.1,50,https://www.keiba.go.jp/KeibaWeb/TodayRaceInfo/OddsUmLenFuku?k_babaCode=32&k_raceDate=2026%2F09%2F21&k_raceNo=9
2026-09-21 20:40:00,20:39,2026-09-21,saga,9,10,馬連,2-14,359.4,359.4,51,https://www.keiba.go.jp/KeibaWeb/TodayRaceInfo/OddsUmLenFuku?k_babaCode=32&k_raceDate=2026%2F09%2F21&k_raceNo=9
2026-09-21 20:40:00,20:39,2026-09-21,saga,9,10,馬連,2-8,364.9,364.9,52,https://www.keiba.go.jp/KeibaWeb/TodayRaceInfo/OddsUmLenFuku?k_babaCode=32&k_raceDate=2026%2F09%2F21&k_raceNo=9
2026-09-21 20:40:00,20:39,2026-09-21,saga,9,10,馬連,2-11,388.8,388.8,53,https://www.keiba.go.jp/KeibaWeb/TodayRaceInfo/OddsUmLenFuku?k_babaCode=32&k_raceDate=2026%2F09%2F21&k_raceNo=9
2026-09-21 20:40:00,20:39,2026-09-21,saga,9,10,馬連,5-9,388.8,388.8,53,https://www.keiba.go.jp/KeibaWeb/TodayRaceInfo/OddsUmLenFuku?k_babaCode=32&k_raceDate=2026%2F09%2F21&k_raceNo=9
2026-09-21 20:40:00,20:39,2026-09-21,saga,9,10,馬連,3-13,395.3,395.3,55,https://www.keiba.go.jp/KeibaWeb/TodayRaceInfo/OddsUmLenFuku?k_babaCode=32&k_raceDate=2026%2F09%2F21&k_raceNo=9
2026-09-21 20:40:00,20:39,2026-09-21,saga,9,10,馬連,8-12,395.3,395.3,55,https://www.keiba.go.jp/KeibaWeb/TodayRaceInfo/OddsUmLenFuku?k_babaCode=32&k_raceDate=2026%2F09%2F21&k_raceNo=9
2026-09-21 20:40:00,20:39,2026-09-21,saga,9,10,馬連,7-14,408.9,408.9,57,https://www.keiba.go.jp/KeibaWeb/TodayRaceInfo/OddsUmLenFuku?k_babaCode=32&k_raceDate=2026%2F09%2F21&k_raceNo=9
2026-09-21 20:40:00,20:39,2026-09-21,saga,9,10,馬連,3-5,439.2,439.2,58,https://www.keiba.go.jp/KeibaWeb/TodayRaceInfo/OddsUmLenFuku?k_babaCode=32&k_raceDate=2026%2F09%2F21&k_raceNo=9
2026-09-21 20:40:00,20:39,2026-09-21,saga,9,10,馬連,10-13,439.2,439.2,58,https://www.keiba.go.jp/KeibaWeb/TodayRaceInfo/OddsUmLenFuku?k_babaCode=32&k_raceDate=2026%2F09%2F21&k_raceNo=9
2026-09-21 20:40:00,20:39,2026-09-21,saga,9,10,馬連,3-8,474.4,474.4,60,https://www.keiba.go.jp/KeibaWeb/TodayRaceInfo/OddsUmLenFuku?k_babaCode=32&k_raceDate=2026%2F09%2F21&k_raceNo=9
2026-09-21 20:40:00,20:39,2026-09-21,saga,9,10,馬連,3-14,484.1,484.1,61,https://www.keiba.go.jp/KeibaWeb/TodayRaceInfo/OddsUmLenFuku?k_babaCode=32&k_raceDate=2026%2F09%2F21&k_raceNo=9
2026-09-21 20:40:00,20:39,2026-09-21,saga,9,10,馬連,9-11,484.1,484.1,61,https://www.keiba.go.jp/KeibaWeb/TodayRaceInfo/OddsUmLenFuku?k_babaCode=32&k_raceDate=2026%2F09%2F21&k_raceNo=9
2026-09-21 20:40:00,20:39,2026-09-21,saga,9,10,馬連,2-5,515.6,515.6,63,https://www.keiba.go.jp/KeibaWeb/TodayRaceInfo/OddsUmLenFuku?k_babaCode=32&k_raceDate=2026%2F09%2F21&k_raceNo=9
2026-09-21 20:40:00,20:39,2026-09-21,saga,9,10,馬連,8-10,527.1,527.1,64,https://www.keiba.go.jp/KeibaWeb/TodayRaceInfo/OddsUmLenFuku?k_babaCode=32&k_raceDate=2026%2F09%2F21&k_raceNo=9
2026-09-21 20:40:00,20:39,2026-09-21,saga,9,10,馬連,13-14,527.1,527.1,64,https://www.keiba.go.jp/KeibaWeb/TodayRaceInfo/OddsUmLenFuku?k_babaCode=32&k_raceDate=2026%2F09%2F21&k_raceNo=9
2026-09-21 20:40:00,20:39,2026-09-21,saga,9,10,馬連,5-12,539.1,539.1,66,https://www.keiba.go.jp/KeibaWeb/TodayRaceInfo/OddsUmLenFuku?k_babaCode=32&k_raceDate=2026%2F09%2F21&k_raceNo=9
2026-09-21 20:40:00,20:39,2026-09-21,saga,9,10,馬連,8-9,539.1,539.1,66,https://www.keiba.go.jp/KeibaWeb/TodayRaceInfo/OddsUmLenFuku?k_babaCode=32&k_raceDate=2026%2F09%2F21&k_raceNo=9
2026-09-21 20:40:00,20:39,2026-09-21,saga,9,10,馬連,1-7,564.8,564.8,68,https://www.keiba.go.jp/KeibaWeb/TodayRaceInfo/OddsUmLenFuku?k_babaCode=32&k_raceDate=2026%2F09%2F21&k_raceNo=9
2026-09-21 20:40:00,20:39,2026-09-21,saga,9,10,馬連,10-11,608.2,608.2,69,https://www.keiba.go.jp/KeibaWeb/TodayRaceInfo/OddsUmLenFuku?k_babaCode=32&k_raceDate=2026%2F09%2F21&k_raceNo=9
2026-09-21 20:40:00,20:39,2026-09-21,saga,9,10,馬連,2-13,624.2,624.2,70,https://www.keiba.go.jp/KeibaWeb/TodayRaceInfo/OddsUmLenFuku?k_babaCode=32&k_raceDate=2026%2F09%2F21&k_raceNo=9
2026-09-21 20:40:00,20:39,2026-09-21,saga,9,10,馬連,1-5,658.9,658.9,71,https://www.keiba.go.jp/KeibaWeb/TodayRaceInfo/OddsUmLenFuku?k_babaCode=32&k_raceDate=2026%2F09%2F21&k_raceNo=9
2026-09-21 20:40:00,20:39,2026-09-21,saga,9,10,馬連,5-10,677.7,677.7,72,https://www.keiba.go.jp/KeibaWeb/TodayRaceInfo/OddsUmLenFuku?k_babaCode=32&k_raceDate=2026%2F09%2F21&k_raceNo=9
2026-09-21 20:40:00,20:39,2026-09-21,saga,9,10,馬連,7-11,697.6,697.6,73,https://www.keiba.go.jp/KeibaWeb/TodayRaceInfo/OddsUmLenFuku?k_babaCode=32&k_raceDate=2026%2F09%2F21&k_raceNo=9
2026-09-21 20:40:00,20:39,2026-09-21,saga,9,10,馬連,3-11,741.3,741.3,74,https://www.keiba.go.jp/KeibaWeb/TodayRaceInfo/OddsUmLenFuku?k_babaCode=32&k_raceDate=2026%2F09%2F21&k_raceNo=9
2026-09-21 20:40:00,20:39,2026-09-21,saga,9,10,馬連,11-14,741.3,741.3,74,https://www.keiba.go.jp/KeibaWeb/TodayRaceInfo/OddsUmLenFuku?k_babaCode=32&k_raceDate=2026%2F09%2F21&k_raceNo=9
2026-09-21 20:40:00,20:39,2026-09-21,saga,9,10,馬連,11-12,765.2,765.2,76,https://www.keiba.go.jp/KeibaWeb/TodayRaceInfo/OddsUmLenFuku?k_babaCode=32&k_raceDate=2026%2F09%2F21&k_raceNo=9
2026-09-21 20:40:00,20:39,2026-09-21,saga,9,10,馬連,1-8,790.7,790.7,77,https://www.keiba.go.jp/KeibaWeb/TodayRaceInfo/OddsUmLenFuku?k_babaCode=32&k_raceDate=2026%2F09%2F21&k_raceNo=9
2026-09-21 20:40:00,20:39,2026-09-21,saga,9,10,馬連,5-8,790.7,790.7,77,https://www.keiba.go.jp/KeibaWeb/TodayRaceInfo/OddsUmLenFuku?k_babaCode=32&k_raceDate=2026%2F09%2F21&k_raceNo=9
2026-09-21 20:40:00,20:39,2026-09-21,saga,9,10,馬連,8-11,790.7,790.7,77,https://www.keiba.go.jp/KeibaWeb/TodayRaceInfo/OddsUmLenFuku?k_babaCode=32&k_raceDate=2026%2F09%2F21&k_raceNo=9
2026-09-21 20:40:00,20:39,2026-09-21,saga,9,10,馬連,1-11,912.3,912.3,80,https://www.keiba.go.jp/KeibaWeb/TodayRaceInfo/OddsUmLenFuku?k_babaCode=32&k_raceDate=2026%2F09%2F21&k_raceNo=9
2026-09-21 20:40:00,20:39,2026-09-21,saga,9,10,馬連,1-13,912.3,912.3,80,https://www.keiba.go.jp/KeibaWeb/TodayRaceInfo/OddsUmLenFuku?k_babaCode=32&k_raceDate=2026%2F09%2F21&k_raceNo=9
2026-09-21 20:40:00,20:39,2026-09-21,saga,9,10,馬連,1-14,912.3,912.3,80,https://www.keiba.go.jp/KeibaWeb/TodayRaceInfo/OddsUmLenFuku?k_babaCode=32&k_raceDate=2026%2F09%2F21&k_raceNo=9
2026-09-21 20:40:00,20:39,2026-09-21,saga,9,10,馬連,5-7,1031.3,1031.3,83,https://www.keiba.go.jp/KeibaWeb/TodayRaceInfo/OddsUmLenFuku?k_babaCode=32&k_raceDate=2026%2F09%2F21&k_raceNo=9
2026-09-21 20:40:00,20:39,2026-09-21,saga,9,10,馬連,5-13,1129.6,1129.6,84,https://www.keiba.go.jp/KeibaWeb/TodayRaceInfo/OddsUmLenFuku?k_babaCode=32&k_raceDate=2026%2F09%2F21&k_raceNo=9
2026-09-21 20:40:00,20:39,2026-09-21,saga,9,10,馬連,7-8,1129.6,1129.6,84,https://www.keiba.go.jp/KeibaWeb/TodayRaceInfo/OddsUmLenFuku?k_babaCode=32&k_raceDate=2026%2F09%2F21&k_raceNo=9
2026-09-21 20:40:00,20:39,2026-09-21,saga,9,10,馬連,8-14,1248.5,1248.5,86,https://www.keiba.go.jp/KeibaWeb/TodayRaceInfo/OddsUmLenFuku?k_babaCode=32&k_raceDate=2026%2F09%2F21&k_raceNo=9
2026-09-21 20:40:00,20:39,2026-09-21,saga,9,10,馬連,11-13,1395.3,1395.3,87,https://www.keiba.go.jp/KeibaWeb/TodayRaceInfo/OddsUmLenFuku?k_babaCode=32&k_raceDate=2026%2F09%2F21&k_raceNo=9
2026-09-21 20:40:00,20:39,2026-09-21,saga,9,10,馬連,7-13,1482.6,1482.6,88,https://www.keiba.go.jp/KeibaWeb/TodayRaceInfo/OddsUmLenFuku?k_babaCode=32&k_raceDate=2026%2F09%2F21&k_raceNo=9
2026-09-21 20:40:00,20:39,2026-09-21,saga,9,10,馬連,8-13,1694.4,1694.4,89,https://www.keiba.go.jp/KeibaWeb/TodayRaceInfo/OddsUmLenFuku?k_babaCode=32&k_raceDate=2026%2F09%2F21&k_raceNo=9
2026-09-21 20:40:00,20:39,2026-09-21,saga,9,10,馬連,5-11,1976.8,1976.8,90,https://www.keiba.go.jp/KeibaWeb/TodayRaceInfo/OddsUmLenFuku?k_babaCode=32&k_raceDate=2026%2F09%2F21&k_raceNo=9
2026-09-21 20:40:00,20:39,2026-09-21,saga,9,10,馬連,5-14,2372.1,2372.1,91,https://www.keiba.go.jp/KeibaWeb/TodayRaceInfo/OddsUmLenFuku?k_babaCode=32&k_raceDate=2026%2F09%2F21&k_raceNo=9
2026-09-21 20:40:00,20:39,2026-09-21,saga,9,10,ワイド,4-6,1.9,2.1,1,https://www.keiba.go.jp/KeibaWeb/TodayRaceInfo/OddsWide?k_babaCode=32&k_raceDate=2026%2F09%2F21&k_raceNo=9
2026-09-21 20:40:00,20:39,2026-09-21,saga,9,10,ワイド,4-9,3.5,4.2,2,https://www.keiba.go.jp/KeibaWeb/TodayRaceInfo/OddsWide?k_babaCode=32&k_raceDate=2026%2F09%2F21&k_raceNo=9
2026-09-21 20:40:00,20:39,2026-09-21,saga,9,10,ワイド,6-10,3.8,4.6,3,https://www.keiba.go.jp/KeibaWeb/TodayRaceInfo/OddsWide?k_babaCode=32&k_raceDate=2026%2F09%2F21&k_raceNo=9
2026-09-21 20:40:00,20:39,2026-09-21,saga,9,10,ワイド,1-4,4.6,5.3,4,https://www.keiba.go.jp/KeibaWeb/TodayRaceInfo/OddsWide?k_babaCode=32&k_raceDate=2026%2F09%2F21&k_raceNo=9
2026-09-21 20:40:00,20:39,2026-09-21,saga,9,10,ワイド,4-10,4.6,5.7,5,https://www.keiba.go.jp/KeibaWeb/TodayRaceInfo/OddsWide?k_babaCode=32&k_raceDate=2026%2F09%2F21&k_raceNo=9
2026-09-21 20:40:00,20:39,2026-09-21,saga,9,10,ワイド,6-9,5.2,6.5,6,https://www.keiba.go.jp/KeibaWeb/TodayRaceInfo/OddsWide?k_babaCode=32&k_raceDate=2026%2F09%2F21&k_raceNo=9
2026-09-21 20:40:00,20:39,2026-09-21,saga,9,10,ワイド,6-12,5.6,6.8,7,https://www.keiba.go.jp/KeibaWeb/TodayRaceInfo/OddsWide?k_babaCode=32&k_raceDate=2026%2F09%2F21&k_raceNo=9
2026-09-21 20:40:00,20:39,2026-09-21,saga,9,10,ワイド,4-12,6.0,7.3,8,https://www.keiba.go.jp/KeibaWeb/TodayRaceInfo/OddsWide?k_babaCode=32&k_raceDate=2026%2F09%2F21&k_raceNo=9
2026-09-21 20:40:00,20:39,2026-09-21,saga,9,10,ワイド,3-4,6.5,7.7,9,https://www.keiba.go.jp/KeibaWeb/TodayRaceInfo/OddsWide?k_babaCode=32&k_raceDate=2026%2F09%2F21&k_raceNo=9
2026-09-21 20:40:00,20:39,2026-09-21,saga,9,10,ワイド,2-6,7.4,8.7,10,https://www.keiba.go.jp/KeibaWeb/TodayRaceInfo/OddsWide?k_babaCode=32&k_raceDate=2026%2F09%2F21&k_raceNo=9
2026-09-21 20:40:00,20:39,2026-09-21,saga,9,10,ワイド,3-6,9.0,10.9,11,https://www.keiba.go.jp/KeibaWeb/TodayRaceInfo/OddsWide?k_babaCode=32&k_raceDate=2026%2F09%2F21&k_raceNo=9
2026-09-21 20:40:00,20:39,2026-09-21,saga,9,10,ワイド,6-14,11.8,13.9,12,https://www.keiba.go.jp/KeibaWeb/TodayRaceInfo/OddsWide?k_babaCode=32&k_raceDate=2026%2F09%2F21&k_raceNo=9
2026-09-21 20:40:00,20:39,2026-09-21,saga,9,10,ワイド,2-4,13.9,16.8,13,https://www.keiba.go.jp/KeibaWeb/TodayRaceInfo/OddsWide?k_babaCode=32&k_raceDate=2026%2F09%2F21&k_raceNo=9
2026-09-21 20:40:00,20:39,2026-09-21,saga,9,10,ワイド,9-10,14.1,15.8,14,https://www.keiba.go.jp/KeibaWeb/TodayRaceInfo/OddsWide?k_babaCode=32&k_raceDate=2026%2F09%2F21&k_raceNo=9
2026-09-21 20:40:00,20:39,2026-09-21,saga,9,10,ワイド,6-7,14.3,16.8,15,https://www.keiba.go.jp/KeibaWeb/TodayRaceInfo/OddsWide?k_babaCode=32&k_raceDate=2026%2F09%2F21&k_raceNo=9
2026-09-21 20:40:00,20:39,2026-09-21,saga,9,10,ワイド,10-12,14.9,16.4,16,https://www.keiba.go.jp/KeibaWeb/TodayRaceInfo/OddsWide?k_babaCode=32&k_raceDate=2026%2F09%2F21&k_raceNo=9
2026-09-21 20:40:00,20:39,2026-09-21,saga,9,10,ワイド,2-10,15.2,16.6,17,https://www.keiba.go.jp/KeibaWeb/TodayRaceInfo/OddsWide?k_babaCode=32&k_raceDate=2026%2F09%2F21&k_raceNo=9
2026-09-21 20:40:00,20:39,2026-09-21,saga,9,10,ワイド,4-14,16.1,19.2,18,https://www.keiba.go.jp/KeibaWeb/TodayRaceInfo/OddsWide?k_babaCode=32&k_raceDate=2026%2F09%2F21&k_raceNo=9
2026-09-21 20:40:00,20:39,2026-09-21,saga,9,10,ワイド,1-6,16.2,20.0,19,https://www.keiba.go.jp/KeibaWeb/TodayRaceInfo/OddsWide?k_babaCode=32&k_raceDate=2026%2F09%2F21&k_raceNo=9
2026-09-21 20:40:00,20:39,2026-09-21,saga,9,10,ワイド,9-12,17.9,19.8,20,https://www.keiba.go.jp/KeibaWeb/TodayRaceInfo/OddsWide?k_babaCode=32&k_raceDate=2026%2F09%2F21&k_raceNo=9
2026-09-21 20:40:00,20:39,2026-09-21,saga,9,10,ワイド,4-13,17.9,21.1,21,https://www.keiba.go.jp/KeibaWeb/TodayRaceInfo/OddsWide?k_babaCode=32&k_raceDate=2026%2F09%2F21&k_raceNo=9
2026-09-21 20:40:00,20:39,2026-09-21,saga,9,10,ワイド,4-7,19.7,23.4,22,https://www.keiba.go.jp/KeibaWeb/TodayRaceInfo/OddsWide?k_babaCode=32&k_raceDate=2026%2F09%2F21&k_raceNo=9
2026-09-21 20:40:00,20:39,2026-09-21,saga,9,10,ワイド,2-9,20.4,22.1,23,https://www.keiba.go.jp/KeibaWeb/TodayRaceInfo/OddsWide?k_babaCode=32&k_raceDate=2026%2F09%2F21&k_raceNo=9
2026-09-21 20:40:00,20:39,2026-09-21,saga,9,10,ワイド,6-11,21.9,25.7,24,https://www.keiba.go.jp/KeibaWeb/TodayRaceInfo/OddsWide?k_babaCode=32&k_raceDate=2026%2F09%2F21&k_raceNo=9
2026-09-21 20:40:00,20:39,2026-09-21,saga,9,10,ワイド,6-13,23.4,27.6,25,https://www.keiba.go.jp/KeibaWeb/TodayRaceInfo/OddsWide?k_babaCode=32&k_raceDate=2026%2F09%2F21&k_raceNo=9
2026-09-21 20:40:00,20:39,2026-09-21,saga,9,10,ワイド,10-14,26.8,29.0,26,https://www.keiba.go.jp/KeibaWeb/TodayRaceInfo/OddsWide?k_babaCode=32&k_raceDate=2026%2F09%2F21&k_raceNo=9
2026-09-21 20:40:00,20:39,2026-09-21,saga,9,10,ワイド,3-12,27.6,29.5,27,https://www.keiba.go.jp/KeibaWeb/TodayRaceInfo/OddsWide?k_babaCode=32&k_raceDate=2026%2F09%2F21&k_raceNo=9
2026-09-21 20:40:00,20:39,2026-09-21,saga,9,10,ワイド,3-9,28.6,31.6,28,https://www.keiba.go.jp/KeibaWeb/TodayRaceInfo/OddsWide?k_babaCode=32&k_raceDate=2026%2F09%2F21&k_raceNo=9
2026-09-21 20:40:00,20:39,2026-09-21,saga,9,10,ワイド,4-11,29.0,34.2,29,https://www.keiba.go.jp/KeibaWeb/TodayRaceInfo/OddsWide?k_babaCode=32&k_raceDate=2026%2F09%2F21&k_raceNo=9
2026-09-21 20:40:00,20:39,2026-09-21,saga,9,10,ワイド,2-12,29.9,32.0,30,https://www.keiba.go.jp/KeibaWeb/TodayRaceInfo/OddsWide?k_babaCode=32&k_raceDate=2026%2F09%2F21&k_raceNo=9
2026-09-21 20:40:00,20:39,2026-09-21,saga,9,10,ワイド,3-10,30.8,33.5,31,https://www.keiba.go.jp/KeibaWeb/TodayRaceInfo/OddsWide?k_babaCode=32&k_raceDate=2026%2F09%2F21&k_raceNo=9
2026-09-21 20:40:00,20:39,2026-09-21,saga,9,10,ワイド,1-9,33.7,38.0,32,https://www.keiba.go.jp/KeibaWeb/TodayRaceInfo/OddsWide?k_babaCode=32&k_raceDate=2026%2F09%2F21&k_raceNo=9
2026-09-21 20:40:00,20:39,2026-09-21,saga,9,10,ワイド,5-6,34.5,40.5,33,https://www.keiba.go.jp/KeibaWeb/TodayRaceInfo/OddsWide?k_babaCode=32&k_raceDate=2026%2F09%2F21&k_raceNo=9
2026-09-21 20:40:00,20:39,2026-09-21,saga,9,10,ワイド,4-8,35.2,41.3,34,https://www.keiba.go.jp/KeibaWeb/TodayRaceInfo/OddsWide?k_babaCode=32&k_raceDate=2026%2F09%2F21&k_raceNo=9
2026-09-21 20:40:00,20:39,2026-09-21,saga,9,10,ワイド,7-10,36.2,39.0,35,https://www.keiba.go.jp/KeibaWeb/TodayRaceInfo/OddsWide?k_babaCode=32&k_raceDate=2026%2F09%2F21&k_raceNo=9
2026-09-21 20:40:00,20:39,2026-09-21,saga,9,10,ワイド,7-12,40.0,42.2,36,https://www.keiba.go.jp/KeibaWeb/TodayRaceInfo/OddsWide?k_babaCode=32&k_raceDate=2026%2F09%2F21&k_raceNo=9
2026-09-21 20:40:00,20:39,2026-09-21,saga,9,10,ワイド,12-13,40.4,42.3,37,https://www.keiba.go.jp/KeibaWeb/TodayRaceInfo/OddsWide?k_babaCode=32&k_raceDate=2026%2F09%2F21&k_raceNo=9
2026-09-21 20:40:00,20:39,2026-09-21,saga,9,10,ワイド,9-14,42.1,45.6,38,https://www.keiba.go.jp/KeibaWeb/TodayRaceInfo/OddsWide?k_babaCode=32&k_raceDate=2026%2F09%2F21&k_raceNo=9
2026-09-21 20:40:00,20:39,2026-09-21,saga,9,10,ワイド,3-7,43.6,45.5,39,https://www.keiba.go.jp/KeibaWeb/TodayRaceInfo/OddsWide?k_babaCode=32&k_raceDate=2026%2F09%2F21&k_raceNo=9
2026-09-21 20:40:00,20:39,2026-09-21,saga,9,10,ワイド,2-11,45.8,47.6,40,https://www.keiba.go.jp/KeibaWeb/TodayRaceInfo/OddsWide?k_babaCode=32&k_raceDate=2026%2F09%2F21&k_raceNo=9
2026-09-21 20:40:00,20:39,2026-09-21,saga,9,10,ワイド,12-14,49.1,52.0,41,https://www.keiba.go.jp/KeibaWeb/TodayRaceInfo/OddsWide?k_babaCode=32&k_raceDate=2026%2F09%2F21&k_raceNo=9
2026-09-21 20:40:00,20:39,2026-09-21,saga,9,10,ワイド,7-14,49.4,51.0,42,https://www.keiba.go.jp/KeibaWeb/TodayRaceInfo/OddsWide?k_babaCode=32&k_raceDate=2026%2F09%2F21&k_raceNo=9
2026-09-21 20:40:00,20:39,2026-09-21,saga,9,10,ワイド,1-12,49.5,54.0,43,https://www.keiba.go.jp/KeibaWeb/TodayRaceInfo/OddsWide?k_babaCode=32&k_raceDate=2026%2F09%2F21&k_raceNo=9
2026-09-21 20:40:00,20:39,2026-09-21,saga,9,10,ワイド,6-8,50.4,59.1,44,https://www.keiba.go.jp/KeibaWeb/TodayRaceInfo/OddsWide?k_babaCode=32&k_raceDate=2026%2F09%2F21&k_raceNo=9
2026-09-21 20:40:00,20:39,2026-09-21,saga,9,10,ワイド,4-5,50.7,59.5,45,https://www.keiba.go.jp/KeibaWeb/TodayRaceInfo/OddsWide?k_babaCode=32&k_raceDate=2026%2F09%2F21&k_raceNo=9
2026-09-21 20:40:00,20:39,2026-09-21,saga,9,10,ワイド,2-7,51.7,54.0,46,https://www.keiba.go.jp/KeibaWeb/TodayRaceInfo/OddsWide?k_babaCode=32&k_raceDate=2026%2F09%2F21&k_raceNo=9
2026-09-21 20:40:00,20:39,2026-09-21,saga,9,10,ワイド,7-9,52.7,56.9,47,https://www.keiba.go.jp/KeibaWeb/TodayRaceInfo/OddsWide?k_babaCode=32&k_raceDate=2026%2F09%2F21&k_raceNo=9
2026-09-21 20:40:00,20:39,2026-09-21,saga,9,10,ワイド,2-3,52.9,55.6,48,https://www.keiba.go.jp/KeibaWeb/TodayRaceInfo/OddsWide?k_babaCode=32&k_raceDate=2026%2F09%2F21&k_raceNo=9
2026-09-21 20:40:00,20:39,2026-09-21,saga,9,10,ワイド,9-13,53.5,57.8,49,https://www.keiba.go.jp/KeibaWeb/TodayRaceInfo/OddsWide?k_babaCode=32&k_raceDate=2026%2F09%2F21&k_raceNo=9
2026-09-21 20:40:00,20:39,2026-09-21,saga,9,10,ワイド,1-3,57.4,62.5,50,https://www.keiba.go.jp/KeibaWeb/TodayRaceInfo/OddsWide?k_babaCode=32&k_raceDate=2026%2F09%2F21&k_raceNo=9
2026-09-21 20:40:00,20:39,2026-09-21,saga,9,10,ワイド,2-14,59.7,62.5,51,https://www.keiba.go.jp/KeibaWeb/TodayRaceInfo/OddsWide?k_babaCode=32&k_raceDate=2026%2F09%2F21&k_raceNo=9
2026-09-21 20:40:00,20:39,2026-09-21,saga,9,10,ワイド,1-10,60.9,67.2,52,https://www.keiba.go.jp/KeibaWeb/TodayRaceInfo/OddsWide?k_babaCode=32&k_raceDate=2026%2F09%2F21&k_raceNo=9
2026-09-21 20:40:00,20:39,2026-09-21,saga,9,10,ワイド,10-13,62.8,67.3,53,https://www.keiba.go.jp/KeibaWeb/TodayRaceInfo/OddsWide?k_babaCode=32&k_raceDate=2026%2F09%2F21&k_raceNo=9
2026-09-21 20:40:00,20:39,2026-09-21,saga,9,10,ワイド,3-14,65.5,68.5,54,https://www.keiba.go.jp/KeibaWeb/TodayRaceInfo/OddsWide?k_babaCode=32&k_raceDate=2026%2F09%2F21&k_raceNo=9
2026-09-21 20:40:00,20:39,2026-09-21,saga,9,10,ワイド,1-2,70.1,74.7,55,https://www.keiba.go.jp/KeibaWeb/TodayRaceInfo/OddsWide?k_babaCode=32&k_raceDate=2026%2F09%2F21&k_raceNo=9
2026-09-21 20:40:00,20:39,2026-09-21,saga,9,10,ワイド,11-12,73.9,77.5,56,https://www.keiba.go.jp/KeibaWeb/TodayRaceInfo/OddsWide?k_babaCode=32&k_raceDate=2026%2F09%2F21&k_raceNo=9
2026-09-21 20:40:00,20:39,2026-09-21,saga,9,10,ワイド,3-13,79.3,82.9,57,https://www.keiba.go.jp/KeibaWeb/TodayRaceInfo/OddsWide?k_babaCode=32&k_raceDate=2026%2F09%2F21&k_raceNo=9
2026-09-21 20:40:00,20:39,2026-09-21,saga,9,10,ワイド,13-14,79.6,81.7,58,https://www.keiba.go.jp/KeibaWeb/TodayRaceInfo/OddsWide?k_babaCode=32&k_raceDate=2026%2F09%2F21&k_raceNo=9
2026-09-21 20:40:00,20:39,2026-09-21,saga,9,10,ワイド,7-11,81.7,83.7,59,https://www.keiba.go.jp/KeibaWeb/TodayRaceInfo/OddsWide?k_babaCode=32&k_raceDate=2026%2F09%2F21&k_raceNo=9
2026-09-21 20:40:00,20:39,2026-09-21,saga,9,10,ワイド,10-11,86.0,92.3,60,https://www.keiba.go.jp/KeibaWeb/TodayRaceInfo/OddsWide?k_babaCode=32&k_raceDate=2026%2F09%2F21&k_raceNo=9
2026-09-21 20:40:00,20:39,2026-09-21,saga,9,10,ワイド,2-13,87.4,90.6,61,https://www.keiba.go.jp/KeibaWeb/TodayRaceInfo/OddsWide?k_babaCode=32&k_raceDate=2026%2F09%2F21&k_raceNo=9
2026-09-21 20:40:00,20:39,2026-09-21,saga,9,10,ワイド,7-8,89.2,90.7,62,https://www.keiba.go.jp/KeibaWeb/TodayRaceInfo/OddsWide?k_babaCode=32&k_raceDate=2026%2F09%2F21&k_raceNo=9
2026-09-21 20:40:00,20:39,2026-09-21,saga,9,10,ワイド,2-8,93.4,96.3,63,https://www.keiba.go.jp/KeibaWeb/TodayRaceInfo/OddsWide?k_babaCode=32&k_raceDate=2026%2F09%2F21&k_raceNo=9
2026-09-21 20:40:00,20:39,2026-09-21,saga,9,10,ワイド,8-10,93.9,100.0,64,https://www.keiba.go.jp/KeibaWeb/TodayRaceInfo/OddsWide?k_babaCode=32&k_raceDate=2026%2F09%2F21&k_raceNo=9
2026-09-21 20:40:00,20:39,2026-09-21,saga,9,10,ワイド,8-12,95.1,99.1,65,https://www.keiba.go.jp/KeibaWeb/TodayRaceInfo/OddsWide?k_babaCode=32&k_raceDate=2026%2F09%2F21&k_raceNo=9
2026-09-21 20:40:00,20:39,2026-09-21,saga,9,10,ワイド,1-7,106.1,112.8,66,https://www.keiba.go.jp/KeibaWeb/TodayRaceInfo/OddsWide?k_babaCode=32&k_raceDate=2026%2F09%2F21&k_raceNo=9
2026-09-21 20:40:00,20:39,2026-09-21,saga,9,10,ワイド,3-5,108.7,112.8,67,https://www.keiba.go.jp/KeibaWeb/TodayRaceInfo/OddsWide?k_babaCode=32&k_raceDate=2026%2F09%2F21&k_raceNo=9
2026-09-21 20:40:00,20:39,2026-09-21,saga,9,10,ワイド,2-5,111.3,115.1,68,https://www.keiba.go.jp/KeibaWeb/TodayRaceInfo/OddsWide?k_babaCode=32&k_raceDate=2026%2F09%2F21&k_raceNo=9
2026-09-21 20:40:00,20:39,2026-09-21,saga,9,10,ワイド,1-13,111.9,119.1,69,https://www.keiba.go.jp/KeibaWeb/TodayRaceInfo/OddsWide?k_babaCode=32&k_raceDate=2026%2F09%2F21&k_raceNo=9
2026-09-21 20:40:00,20:39,2026-09-21,saga,9,10,ワイド,9-11,113.2,121.8,70,https://www.keiba.go.jp/KeibaWeb/TodayRaceInfo/OddsWide?k_babaCode=32&k_raceDate=2026%2F09%2F21&k_raceNo=9
2026-09-21 20:40:00,20:39,2026-09-21,saga,9,10,ワイド,1-8,113.9,120.4,71,https://www.keiba.go.jp/KeibaWeb/TodayRaceInfo/OddsWide?k_babaCode=32&k_raceDate=2026%2F09%2F21&k_raceNo=9
2026-09-21 20:40:00,20:39,2026-09-21,saga,9,10,ワイド,8-9,120.2,129.1,72,https://www.keiba.go.jp/KeibaWeb/TodayRaceInfo/OddsWide?k_babaCode=32&k_raceDate=2026%2F09%2F21&k_raceNo=9
2026-09-21 20:40:00,20:39,2026-09-21,saga,9,10,ワイド,5-9,126.6,135.8,73,https://www.keiba.go.jp/KeibaWeb/TodayRaceInfo/OddsWide?k_babaCode=32&k_raceDate=2026%2F09%2F21&k_raceNo=9
2026-09-21 20:40:00,20:39,2026-09-21,saga,9,10,ワイド,1-14,127.4,135.9,74,https://www.keiba.go.jp/KeibaWeb/TodayRaceInfo/OddsWide?k_babaCode=32&k_raceDate=2026%2F09%2F21&k_raceNo=9
2026-09-21 20:40:00,20:39,2026-09-21,saga,9,10,ワイド,3-8,130.7,135.7,75,https://www.keiba.go.jp/KeibaWeb/TodayRaceInfo/OddsWide?k_babaCode=32&k_raceDate=2026%2F09%2F21&k_raceNo=9
2026-09-21 20:40:00,20:39,2026-09-21,saga,9,10,ワイド,3-11,133.9,139.3,76,https://www.keiba.go.jp/KeibaWeb/TodayRaceInfo/OddsWide?k_babaCode=32&k_raceDate=2026%2F09%2F21&k_raceNo=9
2026-09-21 20:40:00,20:39,2026-09-21,saga,9,10,ワイド,5-10,137.7,147.0,77,https://www.keiba.go.jp/KeibaWeb/TodayRaceInfo/OddsWide?k_babaCode=32&k_raceDate=2026%2F09%2F21&k_raceNo=9
2026-09-21 20:40:00,20:39,2026-09-21,saga,9,10,ワイド,11-14,139.4,143.3,78,https://www.keiba.go.jp/KeibaWeb/TodayRaceInfo/OddsWide?k_babaCode=32&k_raceDate=2026%2F09%2F21&k_raceNo=9
2026-09-21 20:40:00,20:39,2026-09-21,saga,9,10,ワイド,7-13,143.9,147.2,79,https://www.keiba.go.jp/KeibaWeb/TodayRaceInfo/OddsWide?k_babaCode=32&k_raceDate=2026%2F09%2F21&k_raceNo=9
2026-09-21 20:40:00,20:39,2026-09-21,saga,9,10,ワイド,5-12,151.2,157.8,80,https://www.keiba.go.jp/KeibaWeb/TodayRaceInfo/OddsWide?k_babaCode=32&k_raceDate=2026%2F09%2F21&k_raceNo=9
2026-09-21 20:40:00,20:39,2026-09-21,saga,9,10,ワイド,8-13,162.8,165.5,81,https://www.keiba.go.jp/KeibaWeb/TodayRaceInfo/OddsWide?k_babaCode=32&k_raceDate=2026%2F09%2F21&k_raceNo=9
2026-09-21 20:40:00,20:39,2026-09-21,saga,9,10,ワイド,1-11,169.4,179.5,82,https://www.keiba.go.jp/KeibaWeb/TodayRaceInfo/OddsWide?k_babaCode=32&k_raceDate=2026%2F09%2F21&k_raceNo=9
2026-09-21 20:40:00,20:39,2026-09-21,saga,9,10,ワイド,8-11,186.8,189.1,83,https://www.keiba.go.jp/KeibaWeb/TodayRaceInfo/OddsWide?k_babaCode=32&k_raceDate=2026%2F09%2F21&k_raceNo=9
2026-09-21 20:40:00,20:39,2026-09-21,saga,9,10,ワイド,1-5,204.5,216.0,84,https://www.keiba.go.jp/KeibaWeb/TodayRaceInfo/OddsWide?k_babaCode=32&k_raceDate=2026%2F09%2F21&k_raceNo=9
2026-09-21 20:40:00,20:39,2026-09-21,saga,9,10,ワイド,5-8,209.9,211.8,85,https://www.keiba.go.jp/KeibaWeb/TodayRaceInfo/OddsWide?k_babaCode=32&k_raceDate=2026%2F09%2F21&k_raceNo=9
2026-09-21 20:40:00,20:39,2026-09-21,saga,9,10,ワイド,8-14,252.7,258.1,86,https://www.keiba.go.jp/KeibaWeb/TodayRaceInfo/OddsWide?k_babaCode=32&k_raceDate=2026%2F09%2F21&k_raceNo=9
2026-09-21 20:40:00,20:39,2026-09-21,saga,9,10,ワイド,5-7,253.1,257.9,87,https://www.keiba.go.jp/KeibaWeb/TodayRaceInfo/OddsWide?k_babaCode=32&k_raceDate=2026%2F09%2F21&k_raceNo=9
2026-09-21 20:40:00,20:39,2026-09-21,saga,9,10,ワイド,5-13,281.8,286.1,88,https://www.keiba.go.jp/KeibaWeb/TodayRaceInfo/OddsWide?k_babaCode=32&k_raceDate=2026%2F09%2F21&k_raceNo=9
2026-09-21 20:40:00,20:39,2026-09-21,saga,9,10,ワイド,11-13,324.8,330.7,89,https://www.keiba.go.jp/KeibaWeb/TodayRaceInfo/OddsWide?k_babaCode=32&k_raceDate=2026%2F09%2F21&k_raceNo=9
2026-09-21 20:40:00,20:39,2026-09-21,saga,9,10,ワイド,5-14,333.4,341.1,90,https://www.keiba.go.jp/KeibaWeb/TodayRaceInfo/OddsWide?k_babaCode=32&k_raceDate=2026%2F09%2F21&k_raceNo=9
2026-09-21 20:40:00,20:39,2026-09-21,saga,9,10,ワイド,5-11,386.1,391.8,91,https://www.keiba.go.jp/KeibaWeb/TodayRaceInfo/OddsWide?k_babaCode=32&k_raceDate=2026%2F09%2F21&k_raceNo=9
2026-09-21 20:40:00,20:39,2026-09-21,saga,9,10,三連複,4-6-10,9.9,9.9,1,https://www.keiba.go.jp/KeibaWeb/TodayRaceInfo/Odds3LenFuku?k_babaCode=32&k_raceDate=2026%2F09%2F21&k_raceNo=9
2026-09-21 20:40:00,20:39,2026-09-21,saga,9,10,三連複,4-6-9,11.3,11.3,2,https://www.keiba.go.jp/KeibaWeb/TodayRaceInfo/Odds3LenFuku?k_babaCode=32&k_raceDate=2026%2F09%2F21&k_raceNo=9
2026-09-21 20:40:00,20:39,2026-09-21,saga,9,10,三連複,4-6-12,14.2,14.2,3,https://www.keiba.go.jp/KeibaWeb/TodayRaceInfo/Odds3LenFuku?k_babaCode=32&k_raceDate=2026%2F09%2F21&k_raceNo=9
2026-09-21 20:40:00,20:39,2026-09-21,saga,9,10,三連複,3-4-6,14.9,14.9,4,https://www.keiba.go.jp/KeibaWeb/TodayRaceInfo/Odds3LenFuku?k_babaCode=32&k_raceDate=2026%2F09%2F21&k_raceNo=9
2026-09-21 20:40:00,20:39,2026-09-21,saga,9,10,三連複,2-4-6,20.1,20.1,5,https://www.keiba.go.jp/KeibaWeb/TodayRaceInfo/Odds3LenFuku?k_babaCode=32&k_raceDate=2026%2F09%2F21&k_raceNo=9
2026-09-21 20:40:00,20:39,2026-09-21,saga,9,10,三連複,4-6-7,26.5,26.5,6,https://www.keiba.go.jp/KeibaWeb/TodayRaceInfo/Odds3LenFuku?k_babaCode=32&k_raceDate=2026%2F09%2F21&k_raceNo=9
2026-09-21 20:40:00,20:39,2026-09-21,saga,9,10,三連複,4-6-14,26.9,26.9,7,https://www.keiba.go.jp/KeibaWeb/TodayRaceInfo/Odds3LenFuku?k_babaCode=32&k_raceDate=2026%2F09%2F21&k_raceNo=9
2026-09-21 20:40:00,20:39,2026-09-21,saga,9,10,三連複,1-4-6,38.5,38.5,8,https://www.keiba.go.jp/KeibaWeb/TodayRaceInfo/Odds3LenFuku?k_babaCode=32&k_raceDate=2026%2F09%2F21&k_raceNo=9
2026-09-21 20:40:00,20:39,2026-09-21,saga,9,10,三連複,4-9-10,39.3,39.3,9,https://www.keiba.go.jp/KeibaWeb/TodayRaceInfo/Odds3LenFuku?k_babaCode=32&k_raceDate=2026%2F09%2F21&k_raceNo=9
2026-09-21 20:40:00,20:39,2026-09-21,saga,9,10,三連複,6-10-12,42.1,42.1,10,https://www.keiba.go.jp/KeibaWeb/TodayRaceInfo/Odds3LenFuku?k_babaCode=32&k_raceDate=2026%2F09%2F21&k_raceNo=9
2026-09-21 20:40:00,20:39,2026-09-21,saga,9,10,三連複,4-9-12,49.4,49.4,11,https://www.keiba.go.jp/KeibaWeb/TodayRaceInfo/Odds3LenFuku?k_babaCode=32&k_raceDate=2026%2F09%2F21&k_raceNo=9
2026-09-21 20:40:00,20:39,2026-09-21,saga,9,10,三連複,3-6-10,53.2,53.2,12,https://www.keiba.go.jp/KeibaWeb/TodayRaceInfo/Odds3LenFuku?k_babaCode=32&k_raceDate=2026%2F09%2F21&k_raceNo=9
2026-09-21 20:40:00,20:39,2026-09-21,saga,9,10,三連複,6-9-12,54.7,54.7,13,https://www.keiba.go.jp/KeibaWeb/TodayRaceInfo/Odds3LenFuku?k_babaCode=32&k_raceDate=2026%2F09%2F21&k_raceNo=9
2026-09-21 20:40:00,20:39,2026-09-21,saga,9,10,三連複,6-9-10,54.8,54.8,14,https://www.keiba.go.jp/KeibaWeb/TodayRaceInfo/Odds3LenFuku?k_babaCode=32&k_raceDate=2026%2F09%2F21&k_raceNo=9
2026-09-21 20:40:00,20:39,2026-09-21,saga,9,10,三連複,4-10-12,55.8,55.8,15,https://www.keiba.go.jp/KeibaWeb/TodayRaceInfo/Odds3LenFuku?k_babaCode=32&k_raceDate=2026%2F09%2F21&k_raceNo=9
2026-09-21 20:40:00,20:39,2026-09-21,saga,9,10,三連複,3-4-9,57.1,57.1,16,https://www.keiba.go.jp/KeibaWeb/TodayRaceInfo/Odds3LenFuku?k_babaCode=32&k_raceDate=2026%2F09%2F21&k_raceNo=9
2026-09-21 20:40:00,20:39,2026-09-21,saga,9,10,三連複,4-6-13,58.2,58.2,17,https://www.keiba.go.jp/KeibaWeb/TodayRaceInfo/Odds3LenFuku?k_babaCode=32&k_raceDate=2026%2F09%2F21&k_raceNo=9
2026-09-21 20:40:00,20:39,2026-09-21,saga,9,10,三連複,6-10-14,60.7,60.7,18,https://www.keiba.go.jp/KeibaWeb/TodayRaceInfo/Odds3LenFuku?k_babaCode=32&k_raceDate=2026%2F09%2F21&k_raceNo=9
2026-09-21 20:40:00,20:39,2026-09-21,saga,9,10,三連複,3-6-9,63.7,63.7,19,https://www.keiba.go.jp/KeibaWeb/TodayRaceInfo/Odds3LenFuku?k_babaCode=32&k_raceDate=2026%2F09%2F21&k_raceNo=9
2026-09-21 20:40:00,20:39,2026-09-21,saga,9,10,三連複,2-4-9,66.3,66.3,20,https://www.keiba.go.jp/KeibaWeb/TodayRaceInfo/Odds3LenFuku?k_babaCode=32&k_raceDate=2026%2F09%2F21&k_raceNo=9
2026-09-21 20:40:00,20:39,2026-09-21,saga,9,10,三連複,2-4-10,67.6,67.6,21,https://www.keiba.go.jp/KeibaWeb/TodayRaceInfo/Odds3LenFuku?k_babaCode=32&k_raceDate=2026%2F09%2F21&k_raceNo=9
2026-09-21 20:40:00,20:39,2026-09-21,saga,9,10,三連複,6-7-10,70.0,70.0,22,https://www.keiba.go.jp/KeibaWeb/TodayRaceInfo/Odds3LenFuku?k_babaCode=32&k_raceDate=2026%2F09%2F21&k_raceNo=9
2026-09-21 20:40:00,20:39,2026-09-21,saga,9,10,三連複,3-4-10,70.1,70.1,23,https://www.keiba.go.jp/KeibaWeb/TodayRaceInfo/Odds3LenFuku?k_babaCode=32&k_raceDate=2026%2F09%2F21&k_raceNo=9
2026-09-21 20:40:00,20:39,2026-09-21,saga,9,10,三連複,2-6-10,75.8,75.8,24,https://www.keiba.go.jp/KeibaWeb/TodayRaceInfo/Odds3LenFuku?k_babaCode=32&k_raceDate=2026%2F09%2F21&k_raceNo=9
2026-09-21 20:40:00,20:39,2026-09-21,saga,9,10,三連複,3-4-12,78.5,78.5,25,https://www.keiba.go.jp/KeibaWeb/TodayRaceInfo/Odds3LenFuku?k_babaCode=32&k_raceDate=2026%2F09%2F21&k_raceNo=9
2026-09-21 20:40:00,20:39,2026-09-21,saga,9,10,三連複,3-6-12,81.2,81.2,26,https://www.keiba.go.jp/KeibaWeb/TodayRaceInfo/Odds3LenFuku?k_babaCode=32&k_raceDate=2026%2F09%2F21&k_raceNo=9
2026-09-21 20:40:00,20:39,2026-09-21,saga,9,10,三連複,4-6-11,83.9,83.9,27,https://www.keiba.go.jp/KeibaWeb/TodayRaceInfo/Odds3LenFuku?k_babaCode=32&k_raceDate=2026%2F09%2F21&k_raceNo=9
2026-09-21 20:40:00,20:39,2026-09-21,saga,9,10,三連複,1-4-9,85.2,85.2,28,https://www.keiba.go.jp/KeibaWeb/TodayRaceInfo/Odds3LenFuku?k_babaCode=32&k_raceDate=2026%2F09%2F21&k_raceNo=9
2026-09-21 20:40:00,20:39,2026-09-21,saga,9,10,三連複,6-9-14,85.4,85.4,29,https://www.keiba.go.jp/KeibaWeb/TodayRaceInfo/Odds3LenFuku?k_babaCode=32&k_raceDate=2026%2F09%2F21&k_raceNo=9
2026-09-21 20:40:00,20:39,2026-09-21,saga,9,10,三連複,4-10-14,87.3,87.3,30,https://www.keiba.go.jp/KeibaWeb/TodayRaceInfo/Odds3LenFuku?k_babaCode=32&k_raceDate=2026%2F09%2F21&k_raceNo=9
2026-09-21 20:40:00,20:39,2026-09-21,saga,9,10,三連複,4-6-8,88.7,88.7,31,https://www.keiba.go.jp/KeibaWeb/TodayRaceInfo/Odds3LenFuku?k_babaCode=32&k_raceDate=2026%2F09%2F21&k_raceNo=9
2026-09-21 20:40:00,20:39,2026-09-21,saga,9,10,三連複,4-9-14,92.7,92.7,32,https://www.keiba.go.jp/KeibaWeb/TodayRaceInfo/Odds3LenFuku?k_babaCode=32&k_raceDate=2026%2F09%2F21&k_raceNo=9
2026-09-21 20:40:00,20:39,2026-09-21,saga,9,10,三連複,4-5-6,94.1,94.1,33,https://www.keiba.go.jp/KeibaWeb/TodayRaceInfo/Odds3LenFuku?k_babaCode=32&k_raceDate=2026%2F09%2F21&k_raceNo=9
2026-09-21 20:40:00,20:39,2026-09-21,saga,9,10,三連複,6-12-14,96.1,96.1,34,https://www.keiba.go.jp/KeibaWeb/TodayRaceInfo/Odds3LenFuku?k_babaCode=32&k_raceDate=2026%2F09%2F21&k_raceNo=9
2026-09-21 20:40:00,20:39,2026-09-21,saga,9,10,三連複,4-7-9,97.7,97.7,35,https://www.keiba.go.jp/KeibaWeb/TodayRaceInfo/Odds3LenFuku?k_babaCode=32&k_raceDate=2026%2F09%2F21&k_raceNo=9
2026-09-21 20:40:00,20:39,2026-09-21,saga,9,10,三連複,2-6-9,103.3,103.3,36,https://www.keiba.go.jp/KeibaWeb/TodayRaceInfo/Odds3LenFuku?k_babaCode=32&k_raceDate=2026%2F09%2F21&k_raceNo=9
2026-09-21 20:40:00,20:39,2026-09-21,saga,9,10,三連複,4-7-10,108.8,108.8,37,https://www.keiba.go.jp/KeibaWeb/TodayRaceInfo/Odds3LenFuku?k_babaCode=32&k_raceDate=2026%2F09%2F21&k_raceNo=9
2026-09-21 20:40:00,20:39,2026-09-21,saga,9,10,三連複,2-4-12,108.9,108.9,38,https://www.keiba.go.jp/KeibaWeb/TodayRaceInfo/Odds3LenFuku?k_babaCode=32&k_raceDate=2026%2F09%2F21&k_raceNo=9
2026-09-21 20:40:00,20:39,2026-09-21,saga,9,10,三連複,1-4-10,113.7,113.7,39,https://www.keiba.go.jp/KeibaWeb/TodayRaceInfo/Odds3LenFuku?k_babaCode=32&k_raceDate=2026%2F09%2F21&k_raceNo=9
2026-09-21 20:40:00,20:39,2026-09-21,saga,9,10,三連複,6-7-9,114.3,114.3,40,https://www.keiba.go.jp/KeibaWeb/TodayRaceInfo/Odds3LenFuku?k_babaCode=32&k_raceDate=2026%2F09%2F21&k_raceNo=9
2026-09-21 20:40:00,20:39,2026-09-21,saga,9,10,三連複,2-3-4,115.0,115.0,41,https://www.keiba.go.jp/KeibaWeb/TodayRaceInfo/Odds3LenFuku?k_babaCode=32&k_raceDate=2026%2F09%2F21&k_raceNo=9
2026-09-21 20:40:00,20:39,2026-09-21,saga,9,10,三連複,6-7-12,115.5,115.5,42,https://www.keiba.go.jp/KeibaWeb/TodayRaceInfo/Odds3LenFuku?k_babaCode=32&k_raceDate=2026%2F09%2F21&k_raceNo=9
2026-09-21 20:40:00,20:39,2026-09-21,saga,9,10,三連複,2-6-12,120.8,120.8,43,https://www.keiba.go.jp/KeibaWeb/TodayRaceInfo/Odds3LenFuku?k_babaCode=32&k_raceDate=2026%2F09%2F21&k_raceNo=9
2026-09-21 20:40:00,20:39,2026-09-21,saga,9,10,三連複,1-4-12,121.7,121.7,44,https://www.keiba.go.jp/KeibaWeb/TodayRaceInfo/Odds3LenFuku?k_babaCode=32&k_raceDate=2026%2F09%2F21&k_raceNo=9
2026-09-21 20:40:00,20:39,2026-09-21,saga,9,10,三連複,3-6-14,124.6,124.6,45,https://www.keiba.go.jp/KeibaWeb/TodayRaceInfo/Odds3LenFuku?k_babaCode=32&k_raceDate=2026%2F09%2F21&k_raceNo=9
2026-09-21 20:40:00,20:39,2026-09-21,saga,9,10,三連複,1-3-4,126.0,126.0,46,https://www.keiba.go.jp/KeibaWeb/TodayRaceInfo/Odds3LenFuku?k_babaCode=32&k_raceDate=2026%2F09%2F21&k_raceNo=9
2026-09-21 20:40:00,20:39,2026-09-21,saga,9,10,三連複,6-7-14,136.9,136.9,47,https://www.keiba.go.jp/KeibaWeb/TodayRaceInfo/Odds3LenFuku?k_babaCode=32&k_raceDate=2026%2F09%2F21&k_raceNo=9
2026-09-21 20:40:00,20:39,2026-09-21,saga,9,10,三連複,1-2-4,137.3,137.3,48,https://www.keiba.go.jp/KeibaWeb/TodayRaceInfo/Odds3LenFuku?k_babaCode=32&k_raceDate=2026%2F09%2F21&k_raceNo=9
2026-09-21 20:40:00,20:39,2026-09-21,saga,9,10,三連複,4-9-13,144.3,144.3,49,https://www.keiba.go.jp/KeibaWeb/TodayRaceInfo/Odds3LenFuku?k_babaCode=32&k_raceDate=2026%2F09%2F21&k_raceNo=9
2026-09-21 20:40:00,20:39,2026-09-21,saga,9,10,三連複,3-6-7,148.4,148.4,50,https://www.keiba.go.jp/KeibaWeb/TodayRaceInfo/Odds3LenFuku?k_babaCode=32&k_raceDate=2026%2F09%2F21&k_raceNo=9
2026-09-21 20:40:00,20:39,2026-09-21,saga,9,10,三連複,4-12-14,160.5,160.5,51,https://www.keiba.go.jp/KeibaWeb/TodayRaceInfo/Odds3LenFuku?k_babaCode=32&k_raceDate=2026%2F09%2F21&k_raceNo=9
2026-09-21 20:40:00,20:39,2026-09-21,saga,9,10,三連複,1-6-10,161.1,161.1,52,https://www.keiba.go.jp/KeibaWeb/TodayRaceInfo/Odds3LenFuku?k_babaCode=32&k_raceDate=2026%2F09%2F21&k_raceNo=9
2026-09-21 20:40:00,20:39,2026-09-21,saga,9,10,三連複,2-3-6,173.3,173.3,53,https://www.keiba.go.jp/KeibaWeb/TodayRaceInfo/Odds3LenFuku?k_babaCode=32&k_raceDate=2026%2F09%2F21&k_raceNo=9
2026-09-21 20:40:00,20:39,2026-09-21,saga,9,10,三連複,2-4-7,178.2,178.2,54,https://www.keiba.go.jp/KeibaWeb/TodayRaceInfo/Odds3LenFuku?k_babaCode=32&k_raceDate=2026%2F09%2F21&k_raceNo=9
2026-09-21 20:40:00,20:39,2026-09-21,saga,9,10,三連複,4-7-12,188.5,188.5,55,https://www.keiba.go.jp/KeibaWeb/TodayRaceInfo/Odds3LenFuku?k_babaCode=32&k_raceDate=2026%2F09%2F21&k_raceNo=9
2026-09-21 20:40:00,20:39,2026-09-21,saga,9,10,三連複,3-4-7,193.8,193.8,56,https://www.keiba.go.jp/KeibaWeb/TodayRaceInfo/Odds3LenFuku?k_babaCode=32&k_raceDate=2026%2F09%2F21&k_raceNo=9
2026-09-21 20:40:00,20:39,2026-09-21,saga,9,10,三連複,3-4-14,193.8,193.8,56,https://www.keiba.go.jp/KeibaWeb/TodayRaceInfo/Odds3LenFuku?k_babaCode=32&k_raceDate=2026%2F09%2F21&k_raceNo=9
2026-09-21 20:40:00,20:39,2026-09-21,saga,9,10,三連複,4-12-13,196.0,196.0,58,https://www.keiba.go.jp/KeibaWeb/TodayRaceInfo/Odds3LenFuku?k_babaCode=32&k_raceDate=2026%2F09%2F21&k_raceNo=9
2026-09-21 20:40:00,20:39,2026-09-21,saga,9,10,三連複,1-4-7,214.5,214.5,59,https://www.keiba.go.jp/KeibaWeb/TodayRaceInfo/Odds3LenFuku?k_babaCode=32&k_raceDate=2026%2F09%2F21&k_raceNo=9
2026-09-21 20:40:00,20:39,2026-09-21,saga,9,10,三連複,4-9-11,216.6,216.6,60,https://www.keiba.go.jp/KeibaWeb/TodayRaceInfo/Odds3LenFuku?k_babaCode=32&k_raceDate=2026%2F09%2F21&k_raceNo=9
2026-09-21 20:40:00,20:39,2026-09-21,saga,9,10,三連複,2-4-14,222.0,222.0,61,https://www.keiba.go.jp/KeibaWeb/TodayRaceInfo/Odds3LenFuku?k_babaCode=32&k_raceDate=2026%2F09%2F21&k_raceNo=9
2026-09-21 20:40:00,20:39,2026-09-21,saga,9,10,三連複,4-8-9,224.8,224.8,62,https://www.keiba.go.jp/KeibaWeb/TodayRaceInfo/Odds3LenFuku?k_babaCode=32&k_raceDate=2026%2F09%2F21&k_raceNo=9
2026-09-21 20:40:00,20:39,2026-09-21,saga,9,10,三連複,2-6-14,228.3,228.3,63,https://www.keiba.go.jp/KeibaWeb/TodayRaceInfo/Odds3LenFuku?k_babaCode=32&k_raceDate=2026%2F09%2F21&k_raceNo=9
2026-09-21 20:40:00,20:39,2026-09-21,saga,9,10,三連複,1-6-9,231.3,231.3,64,https://www.keiba.go.jp/KeibaWeb/TodayRaceInfo/Odds3LenFuku?k_babaCode=32&k_raceDate=2026%2F09%2F21&k_raceNo=9
2026-09-21 20:40:00,20:39,2026-09-21,saga,9,10,三連複,3-4-13,240.7,240.7,65,https://www.keiba.go.jp/KeibaWeb/TodayRaceInfo/Odds3LenFuku?k_babaCode=32&k_raceDate=2026%2F09%2F21&k_raceNo=9
2026-09-21 20:40:00,20:39,2026-09-21,saga,9,10,三連複,1-4-13,241.4,241.4,66,https://www.keiba.go.jp/KeibaWeb/TodayRaceInfo/Odds3LenFuku?k_babaCode=32&k_raceDate=2026%2F09%2F21&k_raceNo=9
2026-09-21 20:40:00,20:39,2026-09-21,saga,9,10,三連複,4-10-13,242.7,242.7,67,https://www.keiba.go.jp/KeibaWeb/TodayRaceInfo/Odds3LenFuku?k_babaCode=32&k_raceDate=2026%2F09%2F21&k_raceNo=9
2026-09-21 20:40:00,20:39,2026-09-21,saga,9,10,三連複,4-5-9,244.7,244.7,68,https://www.keiba.go.jp/KeibaWeb/TodayRaceInfo/Odds3LenFuku?k_babaCode=32&k_raceDate=2026%2F09%2F21&k_raceNo=9
2026-09-21 20:40:00,20:39,2026-09-21,saga,9,10,三連複,2-6-7,250.2,250.2,69,https://www.keiba.go.jp/KeibaWeb/TodayRaceInfo/Odds3LenFuku?k_babaCode=32&k_raceDate=2026%2F09%2F21&k_raceNo=9
2026-09-21 20:40:00,20:39,2026-09-21,saga,9,10,三連複,4-7-14,250.2,250.2,69,https://www.keiba.go.jp/KeibaWeb/TodayRaceInfo/Odds3LenFuku?k_babaCode=32&k_raceDate=2026%2F09%2F21&k_raceNo=9
2026-09-21 20:40:00,20:39,2026-09-21,saga,9,10,三連複,1-2-6,265.2,265.2,71,https://www.keiba.go.jp/KeibaWeb/TodayRaceInfo/Odds3LenFuku?k_babaCode=32&k_raceDate=2026%2F09%2F21&k_raceNo=9
2026-09-21 20:40:00,20:39,2026-09-21,saga,9,10,三連複,1-4-8,268.5,268.5,72,https://www.keiba.go.jp/KeibaWeb/TodayRaceInfo/Odds3LenFuku?k_babaCode=32&k_raceDate=2026%2F09%2F21&k_raceNo=9
2026-09-21 20:40:00,20:39,2026-09-21,saga,9,10,三連複,1-4-14,271.7,271.7,73,https://www.keiba.go.jp/KeibaWeb/TodayRaceInfo/Odds3LenFuku?k_babaCode=32&k_raceDate=2026%2F09%2F21&k_raceNo=9
2026-09-21 20:40:00,20:39,2026-09-21,saga,9,10,三連複,9-10-12,283.9,283.9,74,https://www.keiba.go.jp/KeibaWeb/TodayRaceInfo/Odds3LenFuku?k_babaCode=32&k_raceDate=2026%2F09%2F21&k_raceNo=9
2026-09-21 20:40:00,20:39,2026-09-21,saga,9,10,三連複,2-4-8,285.8,285.8,75,https://www.keiba.go.jp/KeibaWeb/TodayRaceInfo/Odds3LenFuku?k_babaCode=32&k_raceDate=2026%2F09%2F21&k_raceNo=9
2026-09-21 20:40:00,20:39,2026-09-21,saga,9,10,三連複,1-3-6,287.6,287.6,76,https://www.keiba.go.jp/KeibaWeb/TodayRaceInfo/Odds3LenFuku?k_babaCode=32&k_raceDate=2026%2F09%2F21&k_raceNo=9
2026-09-21 20:40:00,20:39,2026-09-21,saga,9,10,三連複,6-10-11,290.5,290.5,77,https://www.keiba.go.jp/KeibaWeb/TodayRaceInfo/Odds3LenFuku?k_babaCode=32&k_raceDate=2026%2F09%2F21&k_raceNo=9
2026-09-21 20:40:00,20:39,2026-09-21,saga,9,10,三連複,6-10-13,293.3,293.3,78,https://www.keiba.go.jp/KeibaWeb/TodayRaceInfo/Odds3LenFuku?k_babaCode=32&k_raceDate=2026%2F09%2F21&k_raceNo=9
2026-09-21 20:40:00,20:39,2026-09-21,saga,9,10,三連複,2-9-10,297.3,297.3,79,https://www.keiba.go.jp/KeibaWeb/TodayRaceInfo/Odds3LenFuku?k_babaCode=32&k_raceDate=2026%2F09%2F21&k_raceNo=9
2026-09-21 20:40:00,20:39,2026-09-21,saga,9,10,三連複,1-6-12,300.3,300.3,80,https://www.keiba.go.jp/KeibaWeb/TodayRaceInfo/Odds3LenFuku?k_babaCode=32&k_raceDate=2026%2F09%2F21&k_raceNo=9
2026-09-21 20:40:00,20:39,2026-09-21,saga,9,10,三連複,2-4-13,301.3,301.3,81,https://www.keiba.go.jp/KeibaWeb/TodayRaceInfo/Odds3LenFuku?k_babaCode=32&k_raceDate=2026%2F09%2F21&k_raceNo=9
2026-09-21 20:40:00,20:39,2026-09-21,saga,9,10,三連複,6-9-13,306.5,306.5,82,https://www.keiba.go.jp/KeibaWeb/TodayRaceInfo/Odds3LenFuku?k_babaCode=32&k_raceDate=2026%2F09%2F21&k_raceNo=9
2026-09-21 20:40:00,20:39,2026-09-21,saga,9,10,三連複,4-10-11,316.4,316.4,83,https://www.keiba.go.jp/KeibaWeb/TodayRaceInfo/Odds3LenFuku?k_babaCode=32&k_raceDate=2026%2F09%2F21&k_raceNo=9
2026-09-21 20:40:00,20:39,2026-09-21,saga,9,10,三連複,4-8-12,319.8,319.8,84,https://www.keiba.go.jp/KeibaWeb/TodayRaceInfo/Odds3LenFuku?k_babaCode=32&k_raceDate=2026%2F09%2F21&k_raceNo=9
2026-09-21 20:40:00,20:39,2026-09-21,saga,9,10,三連複,2-10-12,333.1,333.1,85,https://www.keiba.go.jp/KeibaWeb/TodayRaceInfo/Odds3LenFuku?k_babaCode=32&k_raceDate=2026%2F09%2F21&k_raceNo=9
2026-09-21 20:40:00,20:39,2026-09-21,saga,9,10,三連複,3-4-8,348.8,348.8,86,https://www.keiba.go.jp/KeibaWeb/TodayRaceInfo/Odds3LenFuku?k_babaCode=32&k_raceDate=2026%2F09%2F21&k_raceNo=9
2026-09-21 20:40:00,20:39,2026-09-21,saga,9,10,三連複,1-4-11,355.8,355.8,87,https://www.keiba.go.jp/KeibaWeb/TodayRaceInfo/Odds3LenFuku?k_babaCode=32&k_raceDate=2026%2F09%2F21&k_raceNo=9
2026-09-21 20:40:00,20:39,2026-09-21,saga,9,10,三連複,6-12-13,367.6,367.6,88,https://www.keiba.go.jp/KeibaWeb/TodayRaceInfo/Odds3LenFuku?k_babaCode=32&k_raceDate=2026%2F09%2F21&k_raceNo=9
2026-09-21 20:40:00,20:39,2026-09-21,saga,9,10,三連複,2-4-11,372.2,372.2,89,https://www.keiba.go.jp/KeibaWeb/TodayRaceInfo/Odds3LenFuku?k_babaCode=32&k_raceDate=2026%2F09%2F21&k_raceNo=9
2026-09-21 20:40:00,20:39,2026-09-21,saga,9,10,三連複,4-8-10,378.6,378.6,90,https://www.keiba.go.jp/KeibaWeb/TodayRaceInfo/Odds3LenFuku?k_babaCode=32&k_raceDate=2026%2F09%2F21&k_raceNo=9
2026-09-21 20:40:00,20:39,2026-09-21,saga,9,10,三連複,9-10-14,380.2,380.2,91,https://www.keiba.go.jp/KeibaWeb/TodayRaceInfo/Odds3LenFuku?k_babaCode=32&k_raceDate=2026%2F09%2F21&k_raceNo=9
2026-09-21 20:40:00,20:39,2026-09-21,saga,9,10,三連複,10-12-14,380.2,380.2,91,https://www.keiba.go.jp/KeibaWeb/TodayRaceInfo/Odds3LenFuku?k_babaCode=32&k_raceDate=2026%2F09%2F21&k_raceNo=9
2026-09-21 20:40:00,20:39,2026-09-21,saga,9,10,三連複,3-9-12,385.2,385.2,93,https://www.keiba.go.jp/KeibaWeb/TodayRaceInfo/Odds3LenFuku?k_babaCode=32&k_raceDate=2026%2F09%2F21&k_raceNo=9
2026-09-21 20:40:00,20:39,2026-09-21,saga,9,10,三連複,1-4-5,388.6,388.6,94,https://www.keiba.go.jp/KeibaWeb/TodayRaceInfo/Odds3LenFuku?k_babaCode=32&k_raceDate=2026%2F09%2F21&k_raceNo=9
2026-09-21 20:40:00,20:39,2026-09-21,saga,9,10,三連複,6-8-10,392.0,392.0,95,https://www.keiba.go.jp/KeibaWeb/TodayRaceInfo/Odds3LenFuku?k_babaCode=32&k_raceDate=2026%2F09%2F21&k_raceNo=9
2026-09-21 20:40:00,20:39,2026-09-21,saga,9,10,三連複,6-9-11,397.3,397.3,96,https://www.keiba.go.jp/KeibaWeb/TodayRaceInfo/Odds3LenFuku?k_babaCode=32&k_raceDate=2026%2F09%2F21&k_raceNo=9
2026-09-21 20:40:00,20:39,2026-09-21,saga,9,10,三連複,5-6-9,408.3,408.3,97,https://www.keiba.go.jp/KeibaWeb/TodayRaceInfo/Odds3LenFuku?k_babaCode=32&k_raceDate=2026%2F09%2F21&k_raceNo=9
2026-09-21 20:40:00,20:39,2026-09-21,saga,9,10,三連複,4-11-12,410.2,410.2,98,https://www.keiba.go.jp/KeibaWeb/TodayRaceInfo/Odds3LenFuku?k_babaCode=32&k_raceDate=2026%2F09%2F21&k_raceNo=9
2026-09-21 20:40:00,20:39,2026-09-21,saga,9,10,三連複,3-9-10,415.9,415.9,99,https://www.keiba.go.jp/KeibaWeb/TodayRaceInfo/Odds3LenFuku?k_babaCode=32&k_raceDate=2026%2F09%2F21&k_raceNo=9
2026-09-21 20:40:00,20:39,2026-09-21,saga,9,10,三連複,2-6-11,417.9,417.9,100,https://www.keiba.go.jp/KeibaWeb/TodayRaceInfo/Odds3LenFuku?k_babaCode=32&k_raceDate=2026%2F09%2F21&k_raceNo=9
2026-09-21 20:40:00,20:39,2026-09-21,saga,9,10,三連複,9-12-14,436.4,436.4,101,https://www.keiba.go.jp/KeibaWeb/TodayRaceInfo/Odds3LenFuku?k_babaCode=32&k_raceDate=2026%2F09%2F21&k_raceNo=9
2026-09-21 20:40:00,20:39,2026-09-21,saga,9,10,三連複,6-8-9,454.3,454.3,102,https://www.keiba.go.jp/KeibaWeb/TodayRaceInfo/Odds3LenFuku?k_babaCode=32&k_raceDate=2026%2F09%2F21&k_raceNo=9
2026-09-21 20:40:00,20:39,2026-09-21,saga,9,10,三連複,2-6-8,468.8,468.8,103,https://www.keiba.go.jp/KeibaWeb/TodayRaceInfo/Odds3LenFuku?k_babaCode=32&k_raceDate=2026%2F09%2F21&k_raceNo=9
2026-09-21 20:40:00,20:39,2026-09-21,saga,9,10,三連複,3-4-11,468.8,468.8,103,https://www.keiba.go.jp/KeibaWeb/TodayRaceInfo/Odds3LenFuku?k_babaCode=32&k_raceDate=2026%2F09%2F21&k_raceNo=9
2026-09-21 20:40:00,20:39,2026-09-21,saga,9,10,三連複,4-7-11,471.3,471.3,105,https://www.keiba.go.jp/KeibaWeb/TodayRaceInfo/Odds3LenFuku?k_babaCode=32&k_raceDate=2026%2F09%2F21&k_raceNo=9
2026-09-21 20:40:00,20:39,2026-09-21,saga,9,10,三連複,5-6-12,471.3,471.3,105,https://www.keiba.go.jp/KeibaWeb/TodayRaceInfo/Odds3LenFuku?k_babaCode=32&k_raceDate=2026%2F09%2F21&k_raceNo=9
2026-09-21 20:40:00,20:39,2026-09-21,saga,9,10,三連複,2-4-5,476.3,476.3,107,https://www.keiba.go.jp/KeibaWeb/TodayRaceInfo/Odds3LenFuku?k_babaCode=32&k_raceDate=2026%2F09%2F21&k_raceNo=9
2026-09-21 20:40:00,20:39,2026-09-21,saga,9,10,三連複,5-6-10,476.3,476.3,107,https://www.keiba.go.jp/KeibaWeb/TodayRaceInfo/Odds3LenFuku?k_babaCode=32&k_raceDate=2026%2F09%2F21&k_raceNo=9
2026-09-21 20:40:00,20:39,2026-09-21,saga,9,10,三連複,2-6-13,478.9,478.9,109,https://www.keiba.go.jp/KeibaWeb/TodayRaceInfo/Odds3LenFuku?k_babaCode=32&k_raceDate=2026%2F09%2F21&k_raceNo=9
2026-09-21 20:40:00,20:39,2026-09-21,saga,9,10,三連複,3-10-12,481.5,481.5,110,https://www.keiba.go.jp/KeibaWeb/TodayRaceInfo/Odds3LenFuku?k_babaCode=32&k_raceDate=2026%2F09%2F21&k_raceNo=9
2026-09-21 20:40:00,20:39,2026-09-21,saga,9,10,三連複,3-4-5,484.1,484.1,111,https://www.keiba.go.jp/KeibaWeb/TodayRaceInfo/Odds3LenFuku?k_babaCode=32&k_raceDate=2026%2F09%2F21&k_raceNo=9
2026-09-21 20:40:00,20:39,2026-09-21,saga,9,10,三連複,4-7-8,509.2,509.2,112,https://www.keiba.go.jp/KeibaWeb/TodayRaceInfo/Odds3LenFuku?k_babaCode=32&k_raceDate=2026%2F09%2F21&k_raceNo=9
2026-09-21 20:40:00,20:39,2026-09-21,saga,9,10,三連複,6-11-14,512.1,512.1,113,https://www.keiba.go.jp/KeibaWeb/TodayRaceInfo/Odds3LenFuku?k_babaCode=32&k_raceDate=2026%2F09%2F21&k_raceNo=9
2026-09-21 20:40:00,20:39,2026-09-21,saga,9,10,三連複,2-9-12,518.1,518.1,114,https://www.keiba.go.jp/KeibaWeb/TodayRaceInfo/Odds3LenFuku?k_babaCode=32&k_raceDate=2026%2F09%2F21&k_raceNo=9
2026-09-21 20:40:00,20:39,2026-09-21,saga,9,10,三連複,4-5-10,524.2,524.2,115,https://www.keiba.go.jp/KeibaWeb/TodayRaceInfo/Odds3LenFuku?k_babaCode=32&k_raceDate=2026%2F09%2F21&k_raceNo=9
2026-09-21 20:40:00,20:39,2026-09-21,saga,9,10,三連複,4-5-12,530.5,530.5,116,https://www.keiba.go.jp/KeibaWeb/TodayRaceInfo/Odds3LenFuku?k_babaCode=32&k_raceDate=2026%2F09%2F21&k_raceNo=9
2026-09-21 20:40:00,20:39,2026-09-21,saga,9,10,三連複,6-8-12,540.2,540.2,117,https://www.keiba.go.jp/KeibaWeb/TodayRaceInfo/Odds3LenFuku?k_babaCode=32&k_raceDate=2026%2F09%2F21&k_raceNo=9
2026-09-21 20:40:00,20:39,2026-09-21,saga,9,10,三連複,1-6-14,546.9,546.9,118,https://www.keiba.go.jp/KeibaWeb/TodayRaceInfo/Odds3LenFuku?k_babaCode=32&k_raceDate=2026%2F09%2F21&k_raceNo=9
2026-09-21 20:40:00,20:39,2026-09-21,saga,9,10,三連複,6-7-11,553.7,553.7,119,https://www.keiba.go.jp/KeibaWeb/TodayRaceInfo/Odds3LenFuku?k_babaCode=32&k_raceDate=2026%2F09%2F21&k_raceNo=9
2026-09-21 20:40:00,20:39,2026-09-21,saga,9,10,三連複,4-8-13,579.1,579.1,120,https://www.keiba.go.jp/KeibaWeb/TodayRaceInfo/Odds3LenFuku?k_babaCode=32&k_raceDate=2026%2F09%2F21&k_raceNo=9
2026-09-21 20:40:00,20:39,2026-09-21,saga,9,10,三連複,1-6-7,586.7,586.7,121,https://www.keiba.go.jp/KeibaWeb/TodayRaceInfo/Odds3LenFuku?k_babaCode=32&k_raceDate=2026%2F09%2F21&k_raceNo=9
2026-09-21 20:40:00,20:39,2026-09-21,saga,9,10,三連複,1-2-9,594.6,594.6,122,https://www.keiba.go.jp/KeibaWeb/TodayRaceInfo/Odds3LenFuku?k_babaCode=32&k_raceDate=2026%2F09%2F21&k_raceNo=9
2026-09-21 20:40:00,20:39,2026-09-21,saga,9,10,三連複,1-9-10,594.6,594.6,122,https://www.keiba.go.jp/KeibaWeb/TodayRaceInfo/Odds3LenFuku?k_babaCode=32&k_raceDate=2026%2F09%2F21&k_raceNo=9
2026-09-21 20:40:00,20:39,2026-09-21,saga,9,10,三連複,3-10-14,598.6,598.6,124,https://www.keiba.go.jp/KeibaWeb/TodayRaceInfo/Odds3LenFuku?k_babaCode=32&k_raceDate=2026%2F09%2F21&k_raceNo=9
2026-09-21 20:40:00,20:39,2026-09-21,saga,9,10,三連複,3-6-8,606.8,606.8,125,https://www.keiba.go.jp/KeibaWeb/TodayRaceInfo/Odds3LenFuku?k_babaCode=32&k_raceDate=2026%2F09%2F21&k_raceNo=9
2026-09-21 20:40:00,20:39,2026-09-21,saga,9,10,三連複,4-5-7,606.8,606.8,125,https://www.keiba.go.jp/KeibaWeb/TodayRaceInfo/Odds3LenFuku?k_babaCode=32&k_raceDate=2026%2F09%2F21&k_raceNo=9
2026-09-21 20:40:00,20:39,2026-09-21,saga,9,10,三連複,2-7-10,615.3,615.3,127,https://www.keiba.go.jp/KeibaWeb/TodayRaceInfo/Odds3LenFuku?k_babaCode=32&k_raceDate=2026%2F09%2F21&k_raceNo=9
2026-09-21 20:40:00,20:39,2026-09-21,saga,9,10,三連複,4-11-14,615.3,615.3,127,https://www.keiba.go.jp/KeibaWeb/TodayRaceInfo/Odds3LenFuku?k_babaCode=32&k_raceDate=2026%2F09%2F21&k_raceNo=9
2026-09-21 20:40:00,20:39,2026-09-21,saga,9,10,三連複,2-10-14,619.6,619.6,129,https://www.keiba.go.jp/KeibaWeb/TodayRaceInfo/Odds3LenFuku?k_babaCode=32&k_raceDate=2026%2F09%2F21&k_raceNo=9
2026-09-21 20:40:00,20:39,2026-09-21,saga,9,10,三連複,4-13-14,632.8,632.8,130,https://www.keiba.go.jp/KeibaWeb/TodayRaceInfo/Odds3LenFuku?k_babaCode=32&k_raceDate=2026%2F09%2F21&k_raceNo=9
2026-09-21 20:40:00,20:39,2026-09-21,saga,9,10,三連複,1-2-10,642.0,642.0,131,https://www.keiba.go.jp/KeibaWeb/TodayRaceInfo/Odds3LenFuku?k_babaCode=32&k_raceDate=2026%2F09%2F21&k_raceNo=9
2026-09-21 20:40:00,20:39,2026-09-21,saga,9,10,三連複,6-11-12,646.7,646.7,132,https://www.keiba.go.jp/KeibaWeb/TodayRaceInfo/Odds3LenFuku?k_babaCode=32&k_raceDate=2026%2F09%2F21&k_raceNo=9
2026-09-21 20:40:00,20:39,2026-09-21,saga,9,10,三連複,2-3-10,651.5,651.5,133,https://www.keiba.go.jp/KeibaWeb/TodayRaceInfo/Odds3LenFuku?k_babaCode=32&k_raceDate=2026%2F09%2F21&k_raceNo=9
2026-09-21 20:40:00,20:39,2026-09-21,saga,9,10,三連複,3-6-11,651.5,651.5,133,https://www.keiba.go.jp/KeibaWeb/TodayRaceInfo/Odds3LenFuku?k_babaCode=32&k_raceDate=2026%2F09%2F21&k_raceNo=9
2026-09-21 20:40:00,20:39,2026-09-21,saga,9,10,三連複,3-7-10,666.2,666.2,135,https://www.keiba.go.jp/KeibaWeb/TodayRaceInfo/Odds3LenFuku?k_babaCode=32&k_raceDate=2026%2F09%2F21&k_raceNo=9
2026-09-21 20:40:00,20:39,2026-09-21,saga,9,10,三連複,3-9-14,676.3,676.3,136,https://www.keiba.go.jp/KeibaWeb/TodayRaceInfo/Odds3LenFuku?k_babaCode=32&k_raceDate=2026%2F09%2F21&k_raceNo=9
2026-09-21 20:40:00,20:39,2026-09-21,saga,9,10,三連複,4-8-14,681.5,681.5,137,https://www.keiba.go.jp/KeibaWeb/TodayRaceInfo/Odds3LenFuku?k_babaCode=32&k_raceDate=2026%2F09%2F21&k_raceNo=9
2026-09-21 20:40:00,20:39,2026-09-21,saga,9,10,三連複,7-10-12,686.8,686.8,138,https://www.keiba.go.jp/KeibaWeb/TodayRaceInfo/Odds3LenFuku?k_babaCode=32&k_raceDate=2026%2F09%2F21&k_raceNo=9
2026-09-21 20:40:00,20:39,2026-09-21,saga,9,10,三連複,7-10-14,686.8,686.8,138,https://www.keiba.go.jp/KeibaWeb/TodayRaceInfo/Odds3LenFuku?k_babaCode=32&k_raceDate=2026%2F09%2F21&k_raceNo=9
2026-09-21 20:40:00,20:39,2026-09-21,saga,9,10,三連複,7-9-10,697.6,697.6,140,https://www.keiba.go.jp/KeibaWeb/TodayRaceInfo/Odds3LenFuku?k_babaCode=32&k_raceDate=2026%2F09%2F21&k_raceNo=9
2026-09-21 20:40:00,20:39,2026-09-21,saga,9,10,三連複,6-7-8,703.2,703.2,141,https://www.keiba.go.jp/KeibaWeb/TodayRaceInfo/Odds3LenFuku?k_babaCode=32&k_raceDate=2026%2F09%2F21&k_raceNo=9
2026-09-21 20:40:00,20:39,2026-09-21,saga,9,10,三連複,3-5-6,708.8,708.8,142,https://www.keiba.go.jp/KeibaWeb/TodayRaceInfo/Odds3LenFuku?k_babaCode=32&k_raceDate=2026%2F09%2F21&k_raceNo=9
2026-09-21 20:40:00,20:39,2026-09-21,saga,9,10,三連複,4-7-13,714.5,714.5,143,https://www.keiba.go.jp/KeibaWeb/TodayRaceInfo/Odds3LenFuku?k_babaCode=32&k_raceDate=2026%2F09%2F21&k_raceNo=9
2026-09-21 20:40:00,20:39,2026-09-21,saga,9,10,三連複,3-6-13,720.3,720.3,144,https://www.keiba.go.jp/KeibaWeb/TodayRaceInfo/Odds3LenFuku?k_babaCode=32&k_raceDate=2026%2F09%2F21&k_raceNo=9
2026-09-21 20:40:00,20:39,2026-09-21,saga,9,10,三連複,10-12-13,720.3,720.3,144,https://www.keiba.go.jp/KeibaWeb/TodayRaceInfo/Odds3LenFuku?k_babaCode=32&k_raceDate=2026%2F09%2F21&k_raceNo=9
2026-09-21 20:40:00,20:39,2026-09-21,saga,9,10,三連複,6-8-14,750.8,750.8,146,https://www.keiba.go.jp/KeibaWeb/TodayRaceInfo/Odds3LenFuku?k_babaCode=32&k_raceDate=2026%2F09%2F21&k_raceNo=9
2026-09-21 20:40:00,20:39,2026-09-21,saga,9,10,三連複,2-12-14,757.3,757.3,147,https://www.keiba.go.jp/KeibaWeb/TodayRaceInfo/Odds3LenFuku?k_babaCode=32&k_raceDate=2026%2F09%2F21&k_raceNo=9
2026-09-21 20:40:00,20:39,2026-09-21,saga,9,10,三連複,2-3-9,770.4,770.4,148,https://www.keiba.go.jp/KeibaWeb/TodayRaceInfo/Odds3LenFuku?k_babaCode=32&k_raceDate=2026%2F09%2F21&k_raceNo=9
2026-09-21 20:40:00,20:39,2026-09-21,saga,9,10,三連複,1-3-10,777.2,777.2,149,https://www.keiba.go.jp/KeibaWeb/TodayRaceInfo/Odds3LenFuku?k_babaCode=32&k_raceDate=2026%2F09%2F21&k_raceNo=9
2026-09-21 20:40:00,20:39,2026-09-21,saga,9,10,三連複,2-9-14,777.2,777.2,149,https://www.keiba.go.jp/KeibaWeb/TodayRaceInfo/Odds3LenFuku?k_babaCode=32&k_raceDate=2026%2F09%2F21&k_raceNo=9
2026-09-21 20:40:00,20:39,2026-09-21,saga,9,10,三連複,2-5-6,798.2,798.2,151,https://www.keiba.go.jp/KeibaWeb/TodayRaceInfo/Odds3LenFuku?k_babaCode=32&k_raceDate=2026%2F09%2F21&k_raceNo=9
2026-09-21 20:40:00,20:39,2026-09-21,saga,9,10,三連複,6-13-14,798.2,798.2,151,https://www.keiba.go.jp/KeibaWeb/TodayRaceInfo/Odds3LenFuku?k_babaCode=32&k_raceDate=2026%2F09%2F21&k_raceNo=9
2026-09-21 20:40:00,20:39,2026-09-21,saga,9,10,三連複,1-10-12,820.4,820.4,153,https://www.keiba.go.jp/KeibaWeb/TodayRaceInfo/Odds3LenFuku?k_babaCode=32&k_raceDate=2026%2F09%2F21&k_raceNo=9
2026-09-21 20:40:00,20:39,2026-09-21,saga,9,10,三連複,5-6-7,843.8,843.8,154,https://www.keiba.go.jp/KeibaWeb/TodayRaceInfo/Odds3LenFuku?k_babaCode=32&k_raceDate=2026%2F09%2F21&k_raceNo=9
2026-09-21 20:40:00,20:39,2026-09-21,saga,9,10,三連複,1-2-12,868.6,868.6,155,https://www.keiba.go.jp/KeibaWeb/TodayRaceInfo/Odds3LenFuku?k_babaCode=32&k_raceDate=2026%2F09%2F21&k_raceNo=9
2026-09-21 20:40:00,20:39,2026-09-21,saga,9,10,三連複,7-9-12,868.6,868.6,155,https://www.keiba.go.jp/KeibaWeb/TodayRaceInfo/Odds3LenFuku?k_babaCode=32&k_raceDate=2026%2F09%2F21&k_raceNo=9
2026-09-21 20:40:00,20:39,2026-09-21,saga,9,10,三連複,3-12-14,877.2,877.2,157,https://www.keiba.go.jp/KeibaWeb/TodayRaceInfo/Odds3LenFuku?k_babaCode=32&k_raceDate=2026%2F09%2F21&k_raceNo=9
2026-09-21 20:40:00,20:39,2026-09-21,saga,9,10,三連複,2-3-12,895.0,895.0,158,https://www.keiba.go.jp/KeibaWeb/TodayRaceInfo/Odds3LenFuku?k_babaCode=32&k_raceDate=2026%2F09%2F21&k_raceNo=9
2026-09-21 20:40:00,20:39,2026-09-21,saga,9,10,三連複,2-7-9,913.4,913.4,159,https://www.keiba.go.jp/KeibaWeb/TodayRaceInfo/Odds3LenFuku?k_babaCode=32&k_raceDate=2026%2F09%2F21&k_raceNo=9
2026-09-21 20:40:00,20:39,2026-09-21,saga,9,10,三連複,4-5-14,932.6,932.6,160,https://www.keiba.go.jp/KeibaWeb/TodayRaceInfo/Odds3LenFuku?k_babaCode=32&k_raceDate=2026%2F09%2F21&k_raceNo=9
2026-09-21 20:40:00,20:39,2026-09-21,saga,9,10,三連複,9-10-13,942.6,942.6,161,https://www.keiba.go.jp/KeibaWeb/TodayRaceInfo/Odds3LenFuku?k_babaCode=32&k_raceDate=2026%2F09%2F21&k_raceNo=9
2026-09-21 20:40:00,20:39,2026-09-21,saga,9,10,三連複,3-7-9,952.7,952.7,162,https://www.keiba.go.jp/KeibaWeb/TodayRaceInfo/Odds3LenFuku?k_babaCode=32&k_raceDate=2026%2F09%2F21&k_raceNo=9
2026-09-21 20:40:00,20:39,2026-09-21,saga,9,10,三連複,1-2-3,973.6,973.6,163,https://www.keiba.go.jp/KeibaWeb/TodayRaceInfo/Odds3LenFuku?k_babaCode=32&k_raceDate=2026%2F09%2F21&k_raceNo=9
2026-09-21 20:40:00,20:39,2026-09-21,saga,9,10,三連複,1-3-9,973.6,973.6,163,https://www.keiba.go.jp/KeibaWeb/TodayRaceInfo/Odds3LenFuku?k_babaCode=32&k_raceDate=2026%2F09%2F21&k_raceNo=9
2026-09-21 20:40:00,20:39,2026-09-21,saga,9,10,三連複,7-12-14,984.5,984.5,165,https://www.keiba.go.jp/KeibaWeb/TodayRaceInfo/Odds3LenFuku?k_babaCode=32&k_raceDate=2026%2F09%2F21&k_raceNo=9
2026-09-21 20:40:00,20:39,2026-09-21,saga,9,10,三連複,1-9-12,995.5,995.5,166,https://www.keiba.go.jp/KeibaWeb/TodayRaceInfo/Odds3LenFuku?k_babaCode=32&k_raceDate=2026%2F09%2F21&k_raceNo=9
2026-09-21 20:40:00,20:39,2026-09-21,saga,9,10,三連複,4-8-11,995.5,995.5,166,https://www.keiba.go.jp/KeibaWeb/TodayRaceInfo/Odds3LenFuku?k_babaCode=32&k_raceDate=2026%2F09%2F21&k_raceNo=9
2026-09-21 20:40:00,20:39,2026-09-21,saga,9,10,三連複,4-11-13,1006.8,1006.8,168,https://www.keiba.go.jp/KeibaWeb/TodayRaceInfo/Odds3LenFuku?k_babaCode=32&k_raceDate=2026%2F09%2F21&k_raceNo=9
2026-09-21 20:40:00,20:39,2026-09-21,saga,9,10,三連複,6-7-13,1006.8,1006.8,168,https://www.keiba.go.jp/KeibaWeb/TodayRaceInfo/Odds3LenFuku?k_babaCode=32&k_raceDate=2026%2F09%2F21&k_raceNo=9
2026-09-21 20:40:00,20:39,2026-09-21,saga,9,10,三連複,9-12-13,1006.8,1006.8,168,https://www.keiba.go.jp/KeibaWeb/TodayRaceInfo/Odds3LenFuku?k_babaCode=32&k_raceDate=2026%2F09%2F21&k_raceNo=9
2026-09-21 20:40:00,20:39,2026-09-21,saga,9,10,三連複,3-9-13,1054.8,1054.8,171,https://www.keiba.go.jp/KeibaWeb/TodayRaceInfo/Odds3LenFuku?k_babaCode=32&k_raceDate=2026%2F09%2F21&k_raceNo=9
2026-09-21 20:40:00,20:39,2026-09-21,saga,9,10,三連複,7-9-14,1054.8,1054.8,171,https://www.keiba.go.jp/KeibaWeb/TodayRaceInfo/Odds3LenFuku?k_babaCode=32&k_raceDate=2026%2F09%2F21&k_raceNo=9
2026-09-21 20:40:00,20:39,2026-09-21,saga,9,10,三連複,10-11-14,1067.5,1067.5,173,https://www.keiba.go.jp/KeibaWeb/TodayRaceInfo/Odds3LenFuku?k_babaCode=32&k_raceDate=2026%2F09%2F21&k_raceNo=9
2026-09-21 20:40:00,20:39,2026-09-21,saga,9,10,三連複,1-6-8,1080.5,1080.5,174,https://www.keiba.go.jp/KeibaWeb/TodayRaceInfo/Odds3LenFuku?k_babaCode=32&k_raceDate=2026%2F09%2F21&k_raceNo=9
2026-09-21 20:40:00,20:39,2026-09-21,saga,9,10,三連複,1-5-6,1093.8,1093.8,175,https://www.keiba.go.jp/KeibaWeb/TodayRaceInfo/Odds3LenFuku?k_babaCode=32&k_raceDate=2026%2F09%2F21&k_raceNo=9
2026-09-21 20:40:00,20:39,2026-09-21,saga,9,10,三連複,2-10-13,1093.8,1093.8,175,https://www.keiba.go.jp/KeibaWeb/TodayRaceInfo/Odds3LenFuku?k_babaCode=32&k_raceDate=2026%2F09%2F21&k_raceNo=9
2026-09-21 20:40:00,20:39,2026-09-21,saga,9,10,三連複,4-5-8,1135.9,1135.9,177,https://www.keiba.go.jp/KeibaWeb/TodayRaceInfo/Odds3LenFuku?k_babaCode=32&k_raceDate=2026%2F09%2F21&k_raceNo=9
2026-09-21 20:40:00,20:39,2026-09-21,saga,9,10,三連複,1-6-13,1165.8,1165.8,178,https://www.keiba.go.jp/KeibaWeb/TodayRaceInfo/Odds3LenFuku?k_babaCode=32&k_raceDate=2026%2F09%2F21&k_raceNo=9
2026-09-21 20:40:00,20:39,2026-09-21,saga,9,10,三連複,10-11-12,1197.3,1197.3,179,https://www.keiba.go.jp/KeibaWeb/TodayRaceInfo/Odds3LenFuku?k_babaCode=32&k_raceDate=2026%2F09%2F21&k_raceNo=9
2026-09-21 20:40:00,20:39,2026-09-21,saga,9,10,三連複,12-13-14,1197.3,1197.3,179,https://www.keiba.go.jp/KeibaWeb/TodayRaceInfo/Odds3LenFuku?k_babaCode=32&k_raceDate=2026%2F09%2F21&k_raceNo=9
2026-09-21 20:40:00,20:39,2026-09-21,saga,9,10,三連複,3-8-9,1213.7,1213.7,181,https://www.keiba.go.jp/KeibaWeb/TodayRaceInfo/Odds3LenFuku?k_babaCode=32&k_raceDate=2026%2F09%2F21&k_raceNo=9
2026-09-21 20:40:00,20:39,2026-09-21,saga,9,10,三連複,6-8-13,1213.7,1213.7,181,https://www.keiba.go.jp/KeibaWeb/TodayRaceInfo/Odds3LenFuku?k_babaCode=32&k_raceDate=2026%2F09%2F21&k_raceNo=9
2026-09-21 20:40:00,20:39,2026-09-21,saga,9,10,三連複,5-6-14,1230.6,1230.6,183,https://www.keiba.go.jp/KeibaWeb/TodayRaceInfo/Odds3LenFuku?k_babaCode=32&k_raceDate=2026%2F09%2F21&k_raceNo=9
2026-09-21 20:40:00,20:39,2026-09-21,saga,9,10,三連複,2-9-13,1247.9,1247.9,184,https://www.keiba.go.jp/KeibaWeb/TodayRaceInfo/Odds3LenFuku?k_babaCode=32&k_raceDate=2026%2F09%2F21&k_raceNo=9
2026-09-21 20:40:00,20:39,2026-09-21,saga,9,10,三連複,3-7-14,1247.9,1247.9,184,https://www.keiba.go.jp/KeibaWeb/TodayRaceInfo/Odds3LenFuku?k_babaCode=32&k_raceDate=2026%2F09%2F21&k_raceNo=9
2026-09-21 20:40:00,20:39,2026-09-21,saga,9,10,三連複,2-8-10,1265.7,1265.7,186,https://www.keiba.go.jp/KeibaWeb/TodayRaceInfo/Odds3LenFuku?k_babaCode=32&k_raceDate=2026%2F09%2F21&k_raceNo=9
2026-09-21 20:40:00,20:39,2026-09-21,saga,9,10,三連複,1-10-14,1284.1,1284.1,187,https://www.keiba.go.jp/KeibaWeb/TodayRaceInfo/Odds3LenFuku?k_babaCode=32&k_raceDate=2026%2F09%2F21&k_raceNo=9
2026-09-21 20:40:00,20:39,2026-09-21,saga,9,10,三連複,10-13-14,1303.0,1303.0,188,https://www.keiba.go.jp/KeibaWeb/TodayRaceInfo/Odds3LenFuku?k_babaCode=32&k_raceDate=2026%2F09%2F21&k_raceNo=9
2026-09-21 20:40:00,20:39,2026-09-21,saga,9,10,三連複,2-7-12,1322.4,1322.4,189,https://www.keiba.go.jp/KeibaWeb/TodayRaceInfo/Odds3LenFuku?k_babaCode=32&k_raceDate=2026%2F09%2F21&k_raceNo=9
2026-09-21 20:40:00,20:39,2026-09-21,saga,9,10,三連複,2-7-14,1322.4,1322.4,189,https://www.keiba.go.jp/KeibaWeb/TodayRaceInfo/Odds3LenFuku?k_babaCode=32&k_raceDate=2026%2F09%2F21&k_raceNo=9
2026-09-21 20:40:00,20:39,2026-09-21,saga,9,10,三連複,2-12-13,1322.4,1322.4,189,https://www.keiba.go.jp/KeibaWeb/TodayRaceInfo/Odds3LenFuku?k_babaCode=32&k_raceDate=2026%2F09%2F21&k_raceNo=9
2026-09-21 20:40:00,20:39,2026-09-21,saga,9,10,三連複,1-3-5,1342.5,1342.5,192,https://www.keiba.go.jp/KeibaWeb/TodayRaceInfo/Odds3LenFuku?k_babaCode=32&k_raceDate=2026%2F09%2F21&k_raceNo=9
2026-09-21 20:40:00,20:39,2026-09-21,saga,9,10,三連複,6-8-11,1342.5,1342.5,192,https://www.keiba.go.jp/KeibaWeb/TodayRaceInfo/Odds3LenFuku?k_babaCode=32&k_raceDate=2026%2F09%2F21&k_raceNo=9
2026-09-21 20:40:00,20:39,2026-09-21,saga,9,10,三連複,4-5-11,1363.1,1363.1,194,https://www.keiba.go.jp/KeibaWeb/TodayRaceInfo/Odds3LenFuku?k_babaCode=32&k_raceDate=2026%2F09%2F21&k_raceNo=9
2026-09-21 20:40:00,20:39,2026-09-21,saga,9,10,三連複,3-7-12,1384.4,1384.4,195,https://www.keiba.go.jp/KeibaWeb/TodayRaceInfo/Odds3LenFuku?k_babaCode=32&k_raceDate=2026%2F09%2F21&k_raceNo=9
2026-09-21 20:40:00,20:39,2026-09-21,saga,9,10,三連複,3-12-13,1429.1,1429.1,196,https://www.keiba.go.jp/KeibaWeb/TodayRaceInfo/Odds3LenFuku?k_babaCode=32&k_raceDate=2026%2F09%2F21&k_raceNo=9
2026-09-21 20:40:00,20:39,2026-09-21,saga,9,10,三連複,2-8-9,1452.5,1452.5,197,https://www.keiba.go.jp/KeibaWeb/TodayRaceInfo/Odds3LenFuku?k_babaCode=32&k_raceDate=2026%2F09%2F21&k_raceNo=9
2026-09-21 20:40:00,20:39,2026-09-21,saga,9,10,三連複,2-10-11,1452.5,1452.5,197,https://www.keiba.go.jp/KeibaWeb/TodayRaceInfo/Odds3LenFuku?k_babaCode=32&k_raceDate=2026%2F09%2F21&k_raceNo=9
2026-09-21 20:40:00,20:39,2026-09-21,saga,9,10,三連複,1-9-13,1476.7,1476.7,199,https://www.keiba.go.jp/KeibaWeb/TodayRaceInfo/Odds3LenFuku?k_babaCode=32&k_raceDate=2026%2F09%2F21&k_raceNo=9
2026-09-21 20:40:00,20:39,2026-09-21,saga,9,10,三連複,2-5-9,1476.7,1476.7,199,https://www.keiba.go.jp/KeibaWeb/TodayRaceInfo/Odds3LenFuku?k_babaCode=32&k_raceDate=2026%2F09%2F21&k_raceNo=9
2026-09-21 20:40:00,20:39,2026-09-21,saga,9,10,三連複,4-5-13,1476.7,1476.7,199,https://www.keiba.go.jp/KeibaWeb/TodayRaceInfo/Odds3LenFuku?k_babaCode=32&k_raceDate=2026%2F09%2F21&k_raceNo=9
2026-09-21 20:40:00,20:39,2026-09-21,saga,9,10,三連複,1-6-11,1501.7,1501.7,202,https://www.keiba.go.jp/KeibaWeb/TodayRaceInfo/Odds3LenFuku?k_babaCode=32&k_raceDate=2026%2F09%2F21&k_raceNo=9
2026-09-21 20:40:00,20:39,2026-09-21,saga,9,10,三連複,2-3-14,1554.4,1554.4,203,https://www.keiba.go.jp/KeibaWeb/TodayRaceInfo/Odds3LenFuku?k_babaCode=32&k_raceDate=2026%2F09%2F21&k_raceNo=9
2026-09-21 20:40:00,20:39,2026-09-21,saga,9,10,三連複,5-6-8,1554.4,1554.4,203,https://www.keiba.go.jp/KeibaWeb/TodayRaceInfo/Odds3LenFuku?k_babaCode=32&k_raceDate=2026%2F09%2F21&k_raceNo=9
2026-09-21 20:40:00,20:39,2026-09-21,saga,9,10,三連複,8-9-10,1554.4,1554.4,203,https://www.keiba.go.jp/KeibaWeb/TodayRaceInfo/Odds3LenFuku?k_babaCode=32&k_raceDate=2026%2F09%2F21&k_raceNo=9
2026-09-21 20:40:00,20:39,2026-09-21,saga,9,10,三連複,1-3-12,1582.2,1582.2,206,https://www.keiba.go.jp/KeibaWeb/TodayRaceInfo/Odds3LenFuku?k_babaCode=32&k_raceDate=2026%2F09%2F21&k_raceNo=9
2026-09-21 20:40:00,20:39,2026-09-21,saga,9,10,三連複,1-7-10,1582.2,1582.2,206,https://www.keiba.go.jp/KeibaWeb/TodayRaceInfo/Odds3LenFuku?k_babaCode=32&k_raceDate=2026%2F09%2F21&k_raceNo=9
2026-09-21 20:40:00,20:39,2026-09-21,saga,9,10,三連複,2-5-10,1582.2,1582.2,206,https://www.keiba.go.jp/KeibaWeb/TodayRaceInfo/Odds3LenFuku?k_babaCode=32&k_raceDate=2026%2F09%2F21&k_raceNo=9
2026-09-21 20:40:00,20:39,2026-09-21,saga,9,10,三連複,2-7-8,1582.2,1582.2,206,https://www.keiba.go.jp/KeibaWeb/TodayRaceInfo/Odds3LenFuku?k_babaCode=32&k_raceDate=2026%2F09%2F21&k_raceNo=9
2026-09-21 20:40:00,20:39,2026-09-21,saga,9,10,三連複,7-8-9,1582.2,1582.2,206,https://www.keiba.go.jp/KeibaWeb/TodayRaceInfo/Odds3LenFuku?k_babaCode=32&k_raceDate=2026%2F09%2F21&k_raceNo=9
2026-09-21 20:40:00,20:39,2026-09-21,saga,9,10,三連複,2-3-7,1611.0,1611.0,211,https://www.keiba.go.jp/KeibaWeb/TodayRaceInfo/Odds3LenFuku?k_babaCode=32&k_raceDate=2026%2F09%2F21&k_raceNo=9
2026-09-21 20:40:00,20:39,2026-09-21,saga,9,10,三連複,11-12-14,1611.0,1611.0,211,https://www.keiba.go.jp/KeibaWeb/TodayRaceInfo/Odds3LenFuku?k_babaCode=32&k_raceDate=2026%2F09%2F21&k_raceNo=9
2026-09-21 20:40:00,20:39,2026-09-21,saga,9,10,三連複,1-2-5,1640.8,1640.8,213,https://www.keiba.go.jp/KeibaWeb/TodayRaceInfo/Odds3LenFuku?k_babaCode=32&k_raceDate=2026%2F09%2F21&k_raceNo=9
2026-09-21 20:40:00,20:39,2026-09-21,saga,9,10,三連複,1-3-7,1640.8,1640.8,213,https://www.keiba.go.jp/KeibaWeb/TodayRaceInfo/Odds3LenFuku?k_babaCode=32&k_raceDate=2026%2F09%2F21&k_raceNo=9
2026-09-21 20:40:00,20:39,2026-09-21,saga,9,10,三連複,6-11-13,1640.8,1640.8,213,https://www.keiba.go.jp/KeibaWeb/TodayRaceInfo/Odds3LenFuku?k_babaCode=32&k_raceDate=2026%2F09%2F21&k_raceNo=9
2026-09-21 20:40:00,20:39,2026-09-21,saga,9,10,三連複,1-2-8,1671.8,1671.8,216,https://www.keiba.go.jp/KeibaWeb/TodayRaceInfo/Odds3LenFuku?k_babaCode=32&k_raceDate=2026%2F09%2F21&k_raceNo=9
2026-09-21 20:40:00,20:39,2026-09-21,saga,9,10,三連複,2-3-5,1671.8,1671.8,216,https://www.keiba.go.jp/KeibaWeb/TodayRaceInfo/Odds3LenFuku?k_babaCode=32&k_raceDate=2026%2F09%2F21&k_raceNo=9
2026-09-21 20:40:00,20:39,2026-09-21,saga,9,10,三連複,1-2-7,1703.9,1703.9,218,https://www.keiba.go.jp/KeibaWeb/TodayRaceInfo/Odds3LenFuku?k_babaCode=32&k_raceDate=2026%2F09%2F21&k_raceNo=9
2026-09-21 20:40:00,20:39,2026-09-21,saga,9,10,三連複,7-10-11,1703.9,1703.9,218,https://www.keiba.go.jp/KeibaWeb/TodayRaceInfo/Odds3LenFuku?k_babaCode=32&k_raceDate=2026%2F09%2F21&k_raceNo=9
2026-09-21 20:40:00,20:39,2026-09-21,saga,9,10,三連複,8-9-12,1737.3,1737.3,220,https://www.keiba.go.jp/KeibaWeb/TodayRaceInfo/Odds3LenFuku?k_babaCode=32&k_raceDate=2026%2F09%2F21&k_raceNo=9
2026-09-21 20:40:00,20:39,2026-09-21,saga,9,10,三連複,8-10-12,1737.3,1737.3,220,https://www.keiba.go.jp/KeibaWeb/TodayRaceInfo/Odds3LenFuku?k_babaCode=32&k_raceDate=2026%2F09%2F21&k_raceNo=9
2026-09-21 20:40:00,20:39,2026-09-21,saga,9,10,三連複,1-9-14,1772.1,1772.1,222,https://www.keiba.go.jp/KeibaWeb/TodayRaceInfo/Odds3LenFuku?k_babaCode=32&k_raceDate=2026%2F09%2F21&k_raceNo=9
2026-09-21 20:40:00,20:39,2026-09-21,saga,9,10,三連複,3-13-14,1772.1,1772.1,222,https://www.keiba.go.jp/KeibaWeb/TodayRaceInfo/Odds3LenFuku?k_babaCode=32&k_raceDate=2026%2F09%2F21&k_raceNo=9
2026-09-21 20:40:00,20:39,2026-09-21,saga,9,10,三連複,2-9-11,1845.9,1845.9,224,https://www.keiba.go.jp/KeibaWeb/TodayRaceInfo/Odds3LenFuku?k_babaCode=32&k_raceDate=2026%2F09%2F21&k_raceNo=9
2026-09-21 20:40:00,20:39,2026-09-21,saga,9,10,三連複,3-10-13,1845.9,1845.9,224,https://www.keiba.go.jp/KeibaWeb/TodayRaceInfo/Odds3LenFuku?k_babaCode=32&k_raceDate=2026%2F09%2F21&k_raceNo=9
2026-09-21 20:40:00,20:39,2026-09-21,saga,9,10,三連複,1-12-14,1885.2,1885.2,226,https://www.keiba.go.jp/KeibaWeb/TodayRaceInfo/Odds3LenFuku?k_babaCode=32&k_raceDate=2026%2F09%2F21&k_raceNo=9
2026-09-21 20:40:00,20:39,2026-09-21,saga,9,10,三連複,2-11-12,1885.2,1885.2,226,https://www.keiba.go.jp/KeibaWeb/TodayRaceInfo/Odds3LenFuku?k_babaCode=32&k_raceDate=2026%2F09%2F21&k_raceNo=9
2026-09-21 20:40:00,20:39,2026-09-21,saga,9,10,三連複,3-5-10,1885.2,1885.2,226,https://www.keiba.go.jp/KeibaWeb/TodayRaceInfo/Odds3LenFuku?k_babaCode=32&k_raceDate=2026%2F09%2F21&k_raceNo=9
2026-09-21 20:40:00,20:39,2026-09-21,saga,9,10,三連複,1-8-9,1926.2,1926.2,229,https://www.keiba.go.jp/KeibaWeb/TodayRaceInfo/Odds3LenFuku?k_babaCode=32&k_raceDate=2026%2F09%2F21&k_raceNo=9
2026-09-21 20:40:00,20:39,2026-09-21,saga,9,10,三連複,3-10-11,1926.2,1926.2,229,https://www.keiba.go.jp/KeibaWeb/TodayRaceInfo/Odds3LenFuku?k_babaCode=32&k_raceDate=2026%2F09%2F21&k_raceNo=9
2026-09-21 20:40:00,20:39,2026-09-21,saga,9,10,三連複,8-9-13,1926.2,1926.2,229,https://www.keiba.go.jp/KeibaWeb/TodayRaceInfo/Odds3LenFuku?k_babaCode=32&k_raceDate=2026%2F09%2F21&k_raceNo=9
2026-09-21 20:40:00,20:39,2026-09-21,saga,9,10,三連複,9-10-11,1926.2,1926.2,229,https://www.keiba.go.jp/KeibaWeb/TodayRaceInfo/Odds3LenFuku?k_babaCode=32&k_raceDate=2026%2F09%2F21&k_raceNo=9
2026-09-21 20:40:00,20:39,2026-09-21,saga,9,10,三連複,2-11-14,1969.0,1969.0,233,https://www.keiba.go.jp/KeibaWeb/TodayRaceInfo/Odds3LenFuku?k_babaCode=32&k_raceDate=2026%2F09%2F21&k_raceNo=9
2026-09-21 20:40:00,20:39,2026-09-21,saga,9,10,三連複,11-13-14,1969.0,1969.0,233,https://www.keiba.go.jp/KeibaWeb/TodayRaceInfo/Odds3LenFuku?k_babaCode=32&k_raceDate=2026%2F09%2F21&k_raceNo=9
2026-09-21 20:40:00,20:39,2026-09-21,saga,9,10,三連複,1-7-12,2013.7,2013.7,235,https://www.keiba.go.jp/KeibaWeb/TodayRaceInfo/Odds3LenFuku?k_babaCode=32&k_raceDate=2026%2F09%2F21&k_raceNo=9
2026-09-21 20:40:00,20:39,2026-09-21,saga,9,10,三連複,1-12-13,2013.7,2013.7,235,https://www.keiba.go.jp/KeibaWeb/TodayRaceInfo/Odds3LenFuku?k_babaCode=32&k_raceDate=2026%2F09%2F21&k_raceNo=9
2026-09-21 20:40:00,20:39,2026-09-21,saga,9,10,三連複,5-9-10,2013.7,2013.7,235,https://www.keiba.go.jp/KeibaWeb/TodayRaceInfo/Odds3LenFuku?k_babaCode=32&k_raceDate=2026%2F09%2F21&k_raceNo=9
2026-09-21 20:40:00,20:39,2026-09-21,saga,9,10,三連複,2-3-13,2060.6,2060.6,238,https://www.keiba.go.jp/KeibaWeb/TodayRaceInfo/Odds3LenFuku?k_babaCode=32&k_raceDate=2026%2F09%2F21&k_raceNo=9
2026-09-21 20:40:00,20:39,2026-09-21,saga,9,10,三連複,2-8-12,2060.6,2060.6,238,https://www.keiba.go.jp/KeibaWeb/TodayRaceInfo/Odds3LenFuku?k_babaCode=32&k_raceDate=2026%2F09%2F21&k_raceNo=9
2026-09-21 20:40:00,20:39,2026-09-21,saga,9,10,三連複,2-11-13,2060.6,2060.6,238,https://www.keiba.go.jp/KeibaWeb/TodayRaceInfo/Odds3LenFuku?k_babaCode=32&k_raceDate=2026%2F09%2F21&k_raceNo=9
2026-09-21 20:40:00,20:39,2026-09-21,saga,9,10,三連複,3-7-8,2060.6,2060.6,238,https://www.keiba.go.jp/KeibaWeb/TodayRaceInfo/Odds3LenFuku?k_babaCode=32&k_raceDate=2026%2F09%2F21&k_raceNo=9
2026-09-21 20:40:00,20:39,2026-09-21,saga,9,10,三連複,1-2-14,2109.6,2109.6,242,https://www.keiba.go.jp/KeibaWeb/TodayRaceInfo/Odds3LenFuku?k_babaCode=32&k_raceDate=2026%2F09%2F21&k_raceNo=9
2026-09-21 20:40:00,20:39,2026-09-21,saga,9,10,三連複,5-6-13,2109.6,2109.6,242,https://www.keiba.go.jp/KeibaWeb/TodayRaceInfo/Odds3LenFuku?k_babaCode=32&k_raceDate=2026%2F09%2F21&k_raceNo=9
2026-09-21 20:40:00,20:39,2026-09-21,saga,9,10,三連複,1-7-9,2161.1,2161.1,244,https://www.keiba.go.jp/KeibaWeb/TodayRaceInfo/Odds3LenFuku?k_babaCode=32&k_raceDate=2026%2F09%2F21&k_raceNo=9
2026-09-21 20:40:00,20:39,2026-09-21,saga,9,10,三連複,3-8-10,2161.1,2161.1,244,https://www.keiba.go.jp/KeibaWeb/TodayRaceInfo/Odds3LenFuku?k_babaCode=32&k_raceDate=2026%2F09%2F21&k_raceNo=9
2026-09-21 20:40:00,20:39,2026-09-21,saga,9,10,三連複,3-11-14,2161.1,2161.1,244,https://www.keiba.go.jp/KeibaWeb/TodayRaceInfo/Odds3LenFuku?k_babaCode=32&k_raceDate=2026%2F09%2F21&k_raceNo=9
2026-09-21 20:40:00,20:39,2026-09-21,saga,9,10,三連複,5-10-12,2161.1,2161.1,244,https://www.keiba.go.jp/KeibaWeb/TodayRaceInfo/Odds3LenFuku?k_babaCode=32&k_raceDate=2026%2F09%2F21&k_raceNo=9
2026-09-21 20:40:00,20:39,2026-09-21,saga,9,10,三連複,9-13-14,2161.1,2161.1,244,https://www.keiba.go.jp/KeibaWeb/TodayRaceInfo/Odds3LenFuku?k_babaCode=32&k_raceDate=2026%2F09%2F21&k_raceNo=9
2026-09-21 20:40:00,20:39,2026-09-21,saga,9,10,三連複,1-2-13,2215.1,2215.1,249,https://www.keiba.go.jp/KeibaWeb/TodayRaceInfo/Odds3LenFuku?k_babaCode=32&k_raceDate=2026%2F09%2F21&k_raceNo=9
2026-09-21 20:40:00,20:39,2026-09-21,saga,9,10,三連複,1-10-11,2215.1,2215.1,249,https://www.keiba.go.jp/KeibaWeb/TodayRaceInfo/Odds3LenFuku?k_babaCode=32&k_raceDate=2026%2F09%2F21&k_raceNo=9
2026-09-21 20:40:00,20:39,2026-09-21,saga,9,10,三連複,2-7-11,2215.1,2215.1,249,https://www.keiba.go.jp/KeibaWeb/TodayRaceInfo/Odds3LenFuku?k_babaCode=32&k_raceDate=2026%2F09%2F21&k_raceNo=9
2026-09-21 20:40:00,20:39,2026-09-21,saga,9,10,三連複,7-8-10,2215.1,2215.1,249,https://www.keiba.go.jp/KeibaWeb/TodayRaceInfo/Odds3LenFuku?k_babaCode=32&k_raceDate=2026%2F09%2F21&k_raceNo=9
2026-09-21 20:40:00,20:39,2026-09-21,saga,9,10,三連複,7-8-12,2215.1,2215.1,249,https://www.keiba.go.jp/KeibaWeb/TodayRaceInfo/Odds3LenFuku?k_babaCode=32&k_raceDate=2026%2F09%2F21&k_raceNo=9
2026-09-21 20:40:00,20:39,2026-09-21,saga,9,10,三連複,2-3-8,2271.9,2271.9,254,https://www.keiba.go.jp/KeibaWeb/TodayRaceInfo/Odds3LenFuku?k_babaCode=32&k_raceDate=2026%2F09%2F21&k_raceNo=9
2026-09-21 20:40:00,20:39,2026-09-21,saga,9,10,三連複,2-13-14,2271.9,2271.9,254,https://www.keiba.go.jp/KeibaWeb/TodayRaceInfo/Odds3LenFuku?k_babaCode=32&k_raceDate=2026%2F09%2F21&k_raceNo=9
2026-09-21 20:40:00,20:39,2026-09-21,saga,9,10,三連複,7-11-14,2271.9,2271.9,254,https://www.keiba.go.jp/KeibaWeb/TodayRaceInfo/Odds3LenFuku?k_babaCode=32&k_raceDate=2026%2F09%2F21&k_raceNo=9
2026-09-21 20:40:00,20:39,2026-09-21,saga,9,10,三連複,2-5-7,2331.7,2331.7,257,https://www.keiba.go.jp/KeibaWeb/TodayRaceInfo/Odds3LenFuku?k_babaCode=32&k_raceDate=2026%2F09%2F21&k_raceNo=9
2026-09-21 20:40:00,20:39,2026-09-21,saga,9,10,三連複,1-7-8,2394.7,2394.7,258,https://www.keiba.go.jp/KeibaWeb/TodayRaceInfo/Odds3LenFuku?k_babaCode=32&k_raceDate=2026%2F09%2F21&k_raceNo=9
2026-09-21 20:40:00,20:39,2026-09-21,saga,9,10,三連複,2-5-12,2461.2,2461.2,259,https://www.keiba.go.jp/KeibaWeb/TodayRaceInfo/Odds3LenFuku?k_babaCode=32&k_raceDate=2026%2F09%2F21&k_raceNo=9
2026-09-21 20:40:00,20:39,2026-09-21,saga,9,10,三連複,10-11-13,2461.2,2461.2,259,https://www.keiba.go.jp/KeibaWeb/TodayRaceInfo/Odds3LenFuku?k_babaCode=32&k_raceDate=2026%2F09%2F21&k_raceNo=9
2026-09-21 20:40:00,20:39,2026-09-21,saga,9,10,三連複,2-3-11,2531.5,2531.5,261,https://www.keiba.go.jp/KeibaWeb/TodayRaceInfo/Odds3LenFuku?k_babaCode=32&k_raceDate=2026%2F09%2F21&k_raceNo=9
2026-09-21 20:40:00,20:39,2026-09-21,saga,9,10,三連複,3-11-12,2531.5,2531.5,261,https://www.keiba.go.jp/KeibaWeb/TodayRaceInfo/Odds3LenFuku?k_babaCode=32&k_raceDate=2026%2F09%2F21&k_raceNo=9
2026-09-21 20:40:00,20:39,2026-09-21,saga,9,10,三連複,11-12-13,2531.5,2531.5,261,https://www.keiba.go.jp/KeibaWeb/TodayRaceInfo/Odds3LenFuku?k_babaCode=32&k_raceDate=2026%2F09%2F21&k_raceNo=9
2026-09-21 20:40:00,20:39,2026-09-21,saga,9,10,三連複,1-3-14,2606.0,2606.0,264,https://www.keiba.go.jp/KeibaWeb/TodayRaceInfo/Odds3LenFuku?k_babaCode=32&k_raceDate=2026%2F09%2F21&k_raceNo=9
2026-09-21 20:40:00,20:39,2026-09-21,saga,9,10,三連複,1-8-10,2606.0,2606.0,264,https://www.keiba.go.jp/KeibaWeb/TodayRaceInfo/Odds3LenFuku?k_babaCode=32&k_raceDate=2026%2F09%2F21&k_raceNo=9
2026-09-21 20:40:00,20:39,2026-09-21,saga,9,10,三連複,5-6-11,2606.0,2606.0,264,https://www.keiba.go.jp/KeibaWeb/TodayRaceInfo/Odds3LenFuku?k_babaCode=32&k_raceDate=2026%2F09%2F21&k_raceNo=9
2026-09-21 20:40:00,20:39,2026-09-21,saga,9,10,三連複,5-7-9,2606.0,2606.0,264,https://www.keiba.go.jp/KeibaWeb/TodayRaceInfo/Odds3LenFuku?k_babaCode=32&k_raceDate=2026%2F09%2F21&k_raceNo=9
2026-09-21 20:40:00,20:39,2026-09-21,saga,9,10,三連複,9-11-12,2606.0,2606.0,264,https://www.keiba.go.jp/KeibaWeb/TodayRaceInfo/Odds3LenFuku?k_babaCode=32&k_raceDate=2026%2F09%2F21&k_raceNo=9
2026-09-21 20:40:00,20:39,2026-09-21,saga,9,10,三連複,9-11-14,2606.0,2606.0,264,https://www.keiba.go.jp/KeibaWeb/TodayRaceInfo/Odds3LenFuku?k_babaCode=32&k_raceDate=2026%2F09%2F21&k_raceNo=9
2026-09-21 20:40:00,20:39,2026-09-21,saga,9,10,三連複,1-5-7,2685.0,2685.0,270,https://www.keiba.go.jp/KeibaWeb/TodayRaceInfo/Odds3LenFuku?k_babaCode=32&k_raceDate=2026%2F09%2F21&k_raceNo=9
2026-09-21 20:40:00,20:39,2026-09-21,saga,9,10,三連複,1-10-13,2685.0,2685.0,270,https://www.keiba.go.jp/KeibaWeb/TodayRaceInfo/Odds3LenFuku?k_babaCode=32&k_raceDate=2026%2F09%2F21&k_raceNo=9
2026-09-21 20:40:00,20:39,2026-09-21,saga,9,10,三連複,3-5-9,2685.0,2685.0,270,https://www.keiba.go.jp/KeibaWeb/TodayRaceInfo/Odds3LenFuku?k_babaCode=32&k_raceDate=2026%2F09%2F21&k_raceNo=9
2026-09-21 20:40:00,20:39,2026-09-21,saga,9,10,三連複,5-9-12,2685.0,2685.0,270,https://www.keiba.go.jp/KeibaWeb/TodayRaceInfo/Odds3LenFuku?k_babaCode=32&k_raceDate=2026%2F09%2F21&k_raceNo=9
2026-09-21 20:40:00,20:39,2026-09-21,saga,9,10,三連複,7-10-13,2685.0,2685.0,270,https://www.keiba.go.jp/KeibaWeb/TodayRaceInfo/Odds3LenFuku?k_babaCode=32&k_raceDate=2026%2F09%2F21&k_raceNo=9
2026-09-21 20:40:00,20:39,2026-09-21,saga,9,10,三連複,8-10-14,2768.9,2768.9,275,https://www.keiba.go.jp/KeibaWeb/TodayRaceInfo/Odds3LenFuku?k_babaCode=32&k_raceDate=2026%2F09%2F21&k_raceNo=9
2026-09-21 20:40:00,20:39,2026-09-21,saga,9,10,三連複,1-8-12,2858.2,2858.2,276,https://www.keiba.go.jp/KeibaWeb/TodayRaceInfo/Odds3LenFuku?k_babaCode=32&k_raceDate=2026%2F09%2F21&k_raceNo=9
2026-09-21 20:40:00,20:39,2026-09-21,saga,9,10,三連複,3-5-7,2858.2,2858.2,276,https://www.keiba.go.jp/KeibaWeb/TodayRaceInfo/Odds3LenFuku?k_babaCode=32&k_raceDate=2026%2F09%2F21&k_raceNo=9
2026-09-21 20:40:00,20:39,2026-09-21,saga,9,10,三連複,3-7-11,2858.2,2858.2,276,https://www.keiba.go.jp/KeibaWeb/TodayRaceInfo/Odds3LenFuku?k_babaCode=32&k_raceDate=2026%2F09%2F21&k_raceNo=9
2026-09-21 20:40:00,20:39,2026-09-21,saga,9,10,三連複,5-12-14,2858.2,2858.2,276,https://www.keiba.go.jp/KeibaWeb/TodayRaceInfo/Odds3LenFuku?k_babaCode=32&k_raceDate=2026%2F09%2F21&k_raceNo=9
2026-09-21 20:40:00,20:39,2026-09-21,saga,9,10,三連複,7-9-11,2858.2,2858.2,276,https://www.keiba.go.jp/KeibaWeb/TodayRaceInfo/Odds3LenFuku?k_babaCode=32&k_raceDate=2026%2F09%2F21&k_raceNo=9
2026-09-21 20:40:00,20:39,2026-09-21,saga,9,10,三連複,8-12-14,2858.2,2858.2,276,https://www.keiba.go.jp/KeibaWeb/TodayRaceInfo/Odds3LenFuku?k_babaCode=32&k_raceDate=2026%2F09%2F21&k_raceNo=9
2026-09-21 20:40:00,20:39,2026-09-21,saga,9,10,三連複,1-2-11,2953.5,2953.5,282,https://www.keiba.go.jp/KeibaWeb/TodayRaceInfo/Odds3LenFuku?k_babaCode=32&k_raceDate=2026%2F09%2F21&k_raceNo=9
2026-09-21 20:40:00,20:39,2026-09-21,saga,9,10,三連複,1-8-11,2953.5,2953.5,282,https://www.keiba.go.jp/KeibaWeb/TodayRaceInfo/Odds3LenFuku?k_babaCode=32&k_raceDate=2026%2F09%2F21&k_raceNo=9
2026-09-21 20:40:00,20:39,2026-09-21,saga,9,10,三連複,5-9-14,2953.5,2953.5,282,https://www.keiba.go.jp/KeibaWeb/TodayRaceInfo/Odds3LenFuku?k_babaCode=32&k_raceDate=2026%2F09%2F21&k_raceNo=9
2026-09-21 20:40:00,20:39,2026-09-21,saga,9,10,三連複,5-10-14,2953.5,2953.5,282,https://www.keiba.go.jp/KeibaWeb/TodayRaceInfo/Odds3LenFuku?k_babaCode=32&k_raceDate=2026%2F09%2F21&k_raceNo=9
2026-09-21 20:40:00,20:39,2026-09-21,saga,9,10,三連複,1-3-8,3055.3,3055.3,286,https://www.keiba.go.jp/KeibaWeb/TodayRaceInfo/Odds3LenFuku?k_babaCode=32&k_raceDate=2026%2F09%2F21&k_raceNo=9
2026-09-21 20:40:00,20:39,2026-09-21,saga,9,10,三連複,1-5-9,3055.3,3055.3,286,https://www.keiba.go.jp/KeibaWeb/TodayRaceInfo/Odds3LenFuku?k_babaCode=32&k_raceDate=2026%2F09%2F21&k_raceNo=9
2026-09-21 20:40:00,20:39,2026-09-21,saga,9,10,三連複,3-8-12,3055.3,3055.3,286,https://www.keiba.go.jp/KeibaWeb/TodayRaceInfo/Odds3LenFuku?k_babaCode=32&k_raceDate=2026%2F09%2F21&k_raceNo=9
2026-09-21 20:40:00,20:39,2026-09-21,saga,9,10,三連複,5-7-10,3055.3,3055.3,286,https://www.keiba.go.jp/KeibaWeb/TodayRaceInfo/Odds3LenFuku?k_babaCode=32&k_raceDate=2026%2F09%2F21&k_raceNo=9
2026-09-21 20:40:00,20:39,2026-09-21,saga,9,10,三連複,5-7-12,3164.4,3164.4,290,https://www.keiba.go.jp/KeibaWeb/TodayRaceInfo/Odds3LenFuku?k_babaCode=32&k_raceDate=2026%2F09%2F21&k_raceNo=9
2026-09-21 20:40:00,20:39,2026-09-21,saga,9,10,三連複,3-5-8,3281.6,3281.6,291,https://www.keiba.go.jp/KeibaWeb/TodayRaceInfo/Odds3LenFuku?k_babaCode=32&k_raceDate=2026%2F09%2F21&k_raceNo=9
2026-09-21 20:40:00,20:39,2026-09-21,saga,9,10,三連複,3-5-12,3281.6,3281.6,291,https://www.keiba.go.jp/KeibaWeb/TodayRaceInfo/Odds3LenFuku?k_babaCode=32&k_raceDate=2026%2F09%2F21&k_raceNo=9
2026-09-21 20:40:00,20:39,2026-09-21,saga,9,10,三連複,7-9-13,3281.6,3281.6,291,https://www.keiba.go.jp/KeibaWeb/TodayRaceInfo/Odds3LenFuku?k_babaCode=32&k_raceDate=2026%2F09%2F21&k_raceNo=9
2026-09-21 20:40:00,20:39,2026-09-21,saga,9,10,三連複,2-8-11,3407.9,3407.9,294,https://www.keiba.go.jp/KeibaWeb/TodayRaceInfo/Odds3LenFuku?k_babaCode=32&k_raceDate=2026%2F09%2F21&k_raceNo=9
2026-09-21 20:40:00,20:39,2026-09-21,saga,9,10,三連複,3-9-11,3407.9,3407.9,294,https://www.keiba.go.jp/KeibaWeb/TodayRaceInfo/Odds3LenFuku?k_babaCode=32&k_raceDate=2026%2F09%2F21&k_raceNo=9
2026-09-21 20:40:00,20:39,2026-09-21,saga,9,10,三連複,7-8-14,3407.9,3407.9,294,https://www.keiba.go.jp/KeibaWeb/TodayRaceInfo/Odds3LenFuku?k_babaCode=32&k_raceDate=2026%2F09%2F21&k_raceNo=9
2026-09-21 20:40:00,20:39,2026-09-21,saga,9,10,三連複,7-12-13,3407.9,3407.9,294,https://www.keiba.go.jp/KeibaWeb/TodayRaceInfo/Odds3LenFuku?k_babaCode=32&k_raceDate=2026%2F09%2F21&k_raceNo=9
2026-09-21 20:40:00,20:39,2026-09-21,saga,9,10,三連複,2-5-8,3544.2,3544.2,298,https://www.keiba.go.jp/KeibaWeb/TodayRaceInfo/Odds3LenFuku?k_babaCode=32&k_raceDate=2026%2F09%2F21&k_raceNo=9
2026-09-21 20:40:00,20:39,2026-09-21,saga,9,10,三連複,3-11-13,3544.2,3544.2,298,https://www.keiba.go.jp/KeibaWeb/TodayRaceInfo/Odds3LenFuku?k_babaCode=32&k_raceDate=2026%2F09%2F21&k_raceNo=9
2026-09-21 20:40:00,20:39,2026-09-21,saga,9,10,三連複,5-7-8,3544.2,3544.2,298,https://www.keiba.go.jp/KeibaWeb/TodayRaceInfo/Odds3LenFuku?k_babaCode=32&k_raceDate=2026%2F09%2F21&k_raceNo=9
2026-09-21 20:40:00,20:39,2026-09-21,saga,9,10,三連複,7-13-14,3544.2,3544.2,298,https://www.keiba.go.jp/KeibaWeb/TodayRaceInfo/Odds3LenFuku?k_babaCode=32&k_raceDate=2026%2F09%2F21&k_raceNo=9
2026-09-21 20:40:00,20:39,2026-09-21,saga,9,10,三連複,8-10-13,3544.2,3544.2,298,https://www.keiba.go.jp/KeibaWeb/TodayRaceInfo/Odds3LenFuku?k_babaCode=32&k_raceDate=2026%2F09%2F21&k_raceNo=9
2026-09-21 20:40:00,20:39,2026-09-21,saga,9,10,三連複,1-3-13,3691.9,3691.9,303,https://www.keiba.go.jp/KeibaWeb/TodayRaceInfo/Odds3LenFuku?k_babaCode=32&k_raceDate=2026%2F09%2F21&k_raceNo=9
2026-09-21 20:40:00,20:39,2026-09-21,saga,9,10,三連複,1-5-10,3691.9,3691.9,303,https://www.keiba.go.jp/KeibaWeb/TodayRaceInfo/Odds3LenFuku?k_babaCode=32&k_raceDate=2026%2F09%2F21&k_raceNo=9
2026-09-21 20:40:00,20:39,2026-09-21,saga,9,10,三連複,1-9-11,3852.4,3852.4,305,https://www.keiba.go.jp/KeibaWeb/TodayRaceInfo/Odds3LenFuku?k_babaCode=32&k_raceDate=2026%2F09%2F21&k_raceNo=9
2026-09-21 20:40:00,20:39,2026-09-21,saga,9,10,三連複,2-7-13,3852.4,3852.4,305,https://www.keiba.go.jp/KeibaWeb/TodayRaceInfo/Odds3LenFuku?k_babaCode=32&k_raceDate=2026%2F09%2F21&k_raceNo=9
2026-09-21 20:40:00,20:39,2026-09-21,saga,9,10,三連複,3-8-14,3852.4,3852.4,305,https://www.keiba.go.jp/KeibaWeb/TodayRaceInfo/Odds3LenFuku?k_babaCode=32&k_raceDate=2026%2F09%2F21&k_raceNo=9
2026-09-21 20:40:00,20:39,2026-09-21,saga,9,10,三連複,8-9-14,3852.4,3852.4,305,https://www.keiba.go.jp/KeibaWeb/TodayRaceInfo/Odds3LenFuku?k_babaCode=32&k_raceDate=2026%2F09%2F21&k_raceNo=9
2026-09-21 20:40:00,20:39,2026-09-21,saga,9,10,三連複,2-8-13,4027.5,4027.5,309,https://www.keiba.go.jp/KeibaWeb/TodayRaceInfo/Odds3LenFuku?k_babaCode=32&k_raceDate=2026%2F09%2F21&k_raceNo=9
2026-09-21 20:40:00,20:39,2026-09-21,saga,9,10,三連複,5-8-9,4027.5,4027.5,309,https://www.keiba.go.jp/KeibaWeb/TodayRaceInfo/Odds3LenFuku?k_babaCode=32&k_raceDate=2026%2F09%2F21&k_raceNo=9
2026-09-21 20:40:00,20:39,2026-09-21,saga,9,10,三連複,5-12-13,4027.5,4027.5,309,https://www.keiba.go.jp/KeibaWeb/TodayRaceInfo/Odds3LenFuku?k_babaCode=32&k_raceDate=2026%2F09%2F21&k_raceNo=9
2026-09-21 20:40:00,20:39,2026-09-21,saga,9,10,三連複,7-11-12,4027.5,4027.5,309,https://www.keiba.go.jp/KeibaWeb/TodayRaceInfo/Odds3LenFuku?k_babaCode=32&k_raceDate=2026%2F09%2F21&k_raceNo=9
2026-09-21 20:40:00,20:39,2026-09-21,saga,9,10,三連複,1-3-11,4219.3,4219.3,313,https://www.keiba.go.jp/KeibaWeb/TodayRaceInfo/Odds3LenFuku?k_babaCode=32&k_raceDate=2026%2F09%2F21&k_raceNo=9
2026-09-21 20:40:00,20:39,2026-09-21,saga,9,10,三連複,1-5-8,4219.3,4219.3,313,https://www.keiba.go.jp/KeibaWeb/TodayRaceInfo/Odds3LenFuku?k_babaCode=32&k_raceDate=2026%2F09%2F21&k_raceNo=9
2026-09-21 20:40:00,20:39,2026-09-21,saga,9,10,三連複,1-5-12,4219.3,4219.3,313,https://www.keiba.go.jp/KeibaWeb/TodayRaceInfo/Odds3LenFuku?k_babaCode=32&k_raceDate=2026%2F09%2F21&k_raceNo=9
2026-09-21 20:40:00,20:39,2026-09-21,saga,9,10,三連複,5-8-10,4219.3,4219.3,313,https://www.keiba.go.jp/KeibaWeb/TodayRaceInfo/Odds3LenFuku?k_babaCode=32&k_raceDate=2026%2F09%2F21&k_raceNo=9
2026-09-21 20:40:00,20:39,2026-09-21,saga,9,10,三連複,7-8-11,4219.3,4219.3,313,https://www.keiba.go.jp/KeibaWeb/TodayRaceInfo/Odds3LenFuku?k_babaCode=32&k_raceDate=2026%2F09%2F21&k_raceNo=9
2026-09-21 20:40:00,20:39,2026-09-21,saga,9,10,三連複,1-13-14,4430.2,4430.2,318,https://www.keiba.go.jp/KeibaWeb/TodayRaceInfo/Odds3LenFuku?k_babaCode=32&k_raceDate=2026%2F09%2F21&k_raceNo=9
2026-09-21 20:40:00,20:39,2026-09-21,saga,9,10,三連複,2-5-13,4430.2,4430.2,318,https://www.keiba.go.jp/KeibaWeb/TodayRaceInfo/Odds3LenFuku?k_babaCode=32&k_raceDate=2026%2F09%2F21&k_raceNo=9
2026-09-21 20:40:00,20:39,2026-09-21,saga,9,10,三連複,5-8-12,4430.2,4430.2,318,https://www.keiba.go.jp/KeibaWeb/TodayRaceInfo/Odds3LenFuku?k_babaCode=32&k_raceDate=2026%2F09%2F21&k_raceNo=9
2026-09-21 20:40:00,20:39,2026-09-21,saga,9,10,三連複,5-9-13,4430.2,4430.2,318,https://www.keiba.go.jp/KeibaWeb/TodayRaceInfo/Odds3LenFuku?k_babaCode=32&k_raceDate=2026%2F09%2F21&k_raceNo=9
2026-09-21 20:40:00,20:39,2026-09-21,saga,9,10,三連複,8-12-13,4430.2,4430.2,318,https://www.keiba.go.jp/KeibaWeb/TodayRaceInfo/Odds3LenFuku?k_babaCode=32&k_raceDate=2026%2F09%2F21&k_raceNo=9
2026-09-21 20:40:00,20:39,2026-09-21,saga,9,10,三連複,1-7-14,4663.4,4663.4,323,https://www.keiba.go.jp/KeibaWeb/TodayRaceInfo/Odds3LenFuku?k_babaCode=32&k_raceDate=2026%2F09%2F21&k_raceNo=9
2026-09-21 20:40:00,20:39,2026-09-21,saga,9,10,三連複,1-11-14,4663.4,4663.4,323,https://www.keiba.go.jp/KeibaWeb/TodayRaceInfo/Odds3LenFuku?k_babaCode=32&k_raceDate=2026%2F09%2F21&k_raceNo=9
2026-09-21 20:40:00,20:39,2026-09-21,saga,9,10,三連複,2-8-14,4663.4,4663.4,323,https://www.keiba.go.jp/KeibaWeb/TodayRaceInfo/Odds3LenFuku?k_babaCode=32&k_raceDate=2026%2F09%2F21&k_raceNo=9
2026-09-21 20:40:00,20:39,2026-09-21,saga,9,10,三連複,3-5-14,4663.4,4663.4,323,https://www.keiba.go.jp/KeibaWeb/TodayRaceInfo/Odds3LenFuku?k_babaCode=32&k_raceDate=2026%2F09%2F21&k_raceNo=9
2026-09-21 20:40:00,20:39,2026-09-21,saga,9,10,三連複,3-8-13,4663.4,4663.4,323,https://www.keiba.go.jp/KeibaWeb/TodayRaceInfo/Odds3LenFuku?k_babaCode=32&k_raceDate=2026%2F09%2F21&k_raceNo=9
2026-09-21 20:40:00,20:39,2026-09-21,saga,9,10,三連複,1-11-12,4922.5,4922.5,328,https://www.keiba.go.jp/KeibaWeb/TodayRaceInfo/Odds3LenFuku?k_babaCode=32&k_raceDate=2026%2F09%2F21&k_raceNo=9
2026-09-21 20:40:00,20:39,2026-09-21,saga,9,10,三連複,5-10-13,4922.5,4922.5,328,https://www.keiba.go.jp/KeibaWeb/TodayRaceInfo/Odds3LenFuku?k_babaCode=32&k_raceDate=2026%2F09%2F21&k_raceNo=9
2026-09-21 20:40:00,20:39,2026-09-21,saga,9,10,三連複,1-7-11,5212.1,5212.1,330,https://www.keiba.go.jp/KeibaWeb/TodayRaceInfo/Odds3LenFuku?k_babaCode=32&k_raceDate=2026%2F09%2F21&k_raceNo=9
2026-09-21 20:40:00,20:39,2026-09-21,saga,9,10,三連複,7-8-13,5212.1,5212.1,330,https://www.keiba.go.jp/KeibaWeb/TodayRaceInfo/Odds3LenFuku?k_babaCode=32&k_raceDate=2026%2F09%2F21&k_raceNo=9
2026-09-21 20:40:00,20:39,2026-09-21,saga,9,10,三連複,8-9-11,5212.1,5212.1,330,https://www.keiba.go.jp/KeibaWeb/TodayRaceInfo/Odds3LenFuku?k_babaCode=32&k_raceDate=2026%2F09%2F21&k_raceNo=9
2026-09-21 20:40:00,20:39,2026-09-21,saga,9,10,三連複,8-11-14,5212.1,5212.1,330,https://www.keiba.go.jp/KeibaWeb/TodayRaceInfo/Odds3LenFuku?k_babaCode=32&k_raceDate=2026%2F09%2F21&k_raceNo=9
2026-09-21 20:40:00,20:39,2026-09-21,saga,9,10,三連複,1-7-13,5907.0,5907.0,334,https://www.keiba.go.jp/KeibaWeb/TodayRaceInfo/Odds3LenFuku?k_babaCode=32&k_raceDate=2026%2F09%2F21&k_raceNo=9
2026-09-21 20:40:00,20:39,2026-09-21,saga,9,10,三連複,5-7-14,5907.0,5907.0,334,https://www.keiba.go.jp/KeibaWeb/TodayRaceInfo/Odds3LenFuku?k_babaCode=32&k_raceDate=2026%2F09%2F21&k_raceNo=9
2026-09-21 20:40:00,20:39,2026-09-21,saga,9,10,三連複,9-11-13,5907.0,5907.0,334,https://www.keiba.go.jp/KeibaWeb/TodayRaceInfo/Odds3LenFuku?k_babaCode=32&k_raceDate=2026%2F09%2F21&k_raceNo=9
2026-09-21 20:40:00,20:39,2026-09-21,saga,9,10,三連複,1-5-13,6328.9,6328.9,337,https://www.keiba.go.jp/KeibaWeb/TodayRaceInfo/Odds3LenFuku?k_babaCode=32&k_raceDate=2026%2F09%2F21&k_raceNo=9
2026-09-21 20:40:00,20:39,2026-09-21,saga,9,10,三連複,3-8-11,6328.9,6328.9,337,https://www.keiba.go.jp/KeibaWeb/TodayRaceInfo/Odds3LenFuku?k_babaCode=32&k_raceDate=2026%2F09%2F21&k_raceNo=9
2026-09-21 20:40:00,20:39,2026-09-21,saga,9,10,三連複,1-8-13,6815.8,6815.8,339,https://www.keiba.go.jp/KeibaWeb/TodayRaceInfo/Odds3LenFuku?k_babaCode=32&k_raceDate=2026%2F09%2F21&k_raceNo=9
2026-09-21 20:40:00,20:39,2026-09-21,saga,9,10,三連複,1-8-14,6815.8,6815.8,339,https://www.keiba.go.jp/KeibaWeb/TodayRaceInfo/Odds3LenFuku?k_babaCode=32&k_raceDate=2026%2F09%2F21&k_raceNo=9
2026-09-21 20:40:00,20:39,2026-09-21,saga,9,10,三連複,2-5-14,6815.8,6815.8,339,https://www.keiba.go.jp/KeibaWeb/TodayRaceInfo/Odds3LenFuku?k_babaCode=32&k_raceDate=2026%2F09%2F21&k_raceNo=9
2026-09-21 20:40:00,20:39,2026-09-21,saga,9,10,三連複,3-7-13,6815.8,6815.8,339,https://www.keiba.go.jp/KeibaWeb/TodayRaceInfo/Odds3LenFuku?k_babaCode=32&k_raceDate=2026%2F09%2F21&k_raceNo=9
2026-09-21 20:40:00,20:39,2026-09-21,saga,9,10,三連複,5-7-11,6815.8,6815.8,339,https://www.keiba.go.jp/KeibaWeb/TodayRaceInfo/Odds3LenFuku?k_babaCode=32&k_raceDate=2026%2F09%2F21&k_raceNo=9
2026-09-21 20:40:00,20:39,2026-09-21,saga,9,10,三連複,8-11-13,6815.8,6815.8,339,https://www.keiba.go.jp/KeibaWeb/TodayRaceInfo/Odds3LenFuku?k_babaCode=32&k_raceDate=2026%2F09%2F21&k_raceNo=9
2026-09-21 20:40:00,20:39,2026-09-21,saga,9,10,三連複,8-13-14,6815.8,6815.8,339,https://www.keiba.go.jp/KeibaWeb/TodayRaceInfo/Odds3LenFuku?k_babaCode=32&k_raceDate=2026%2F09%2F21&k_raceNo=9
2026-09-21 20:40:00,20:39,2026-09-21,saga,9,10,三連複,1-5-11,7383.8,7383.8,346,https://www.keiba.go.jp/KeibaWeb/TodayRaceInfo/Odds3LenFuku?k_babaCode=32&k_raceDate=2026%2F09%2F21&k_raceNo=9
2026-09-21 20:40:00,20:39,2026-09-21,saga,9,10,三連複,2-5-11,7383.8,7383.8,346,https://www.keiba.go.jp/KeibaWeb/TodayRaceInfo/Odds3LenFuku?k_babaCode=32&k_raceDate=2026%2F09%2F21&k_raceNo=9
2026-09-21 20:40:00,20:39,2026-09-21,saga,9,10,三連複,5-8-11,7383.8,7383.8,346,https://www.keiba.go.jp/KeibaWeb/TodayRaceInfo/Odds3LenFuku?k_babaCode=32&k_raceDate=2026%2F09%2F21&k_raceNo=9
2026-09-21 20:40:00,20:39,2026-09-21,saga,9,10,三連複,5-13-14,7383.8,7383.8,346,https://www.keiba.go.jp/KeibaWeb/TodayRaceInfo/Odds3LenFuku?k_babaCode=32&k_raceDate=2026%2F09%2F21&k_raceNo=9
2026-09-21 20:40:00,20:39,2026-09-21,saga,9,10,三連複,8-10-11,7383.8,7383.8,346,https://www.keiba.go.jp/KeibaWeb/TodayRaceInfo/Odds3LenFuku?k_babaCode=32&k_raceDate=2026%2F09%2F21&k_raceNo=9
2026-09-21 20:40:00,20:39,2026-09-21,saga,9,10,三連複,1-11-13,8055.0,8055.0,351,https://www.keiba.go.jp/KeibaWeb/TodayRaceInfo/Odds3LenFuku?k_babaCode=32&k_raceDate=2026%2F09%2F21&k_raceNo=9
2026-09-21 20:40:00,20:39,2026-09-21,saga,9,10,三連複,5-8-13,8055.0,8055.0,351,https://www.keiba.go.jp/KeibaWeb/TodayRaceInfo/Odds3LenFuku?k_babaCode=32&k_raceDate=2026%2F09%2F21&k_raceNo=9
2026-09-21 20:40:00,20:39,2026-09-21,saga,9,10,三連複,5-9-11,8055.0,8055.0,351,https://www.keiba.go.jp/KeibaWeb/TodayRaceInfo/Odds3LenFuku?k_babaCode=32&k_raceDate=2026%2F09%2F21&k_raceNo=9
2026-09-21 20:40:00,20:39,2026-09-21,saga,9,10,三連複,7-11-13,8055.0,8055.0,351,https://www.keiba.go.jp/KeibaWeb/TodayRaceInfo/Odds3LenFuku?k_babaCode=32&k_raceDate=2026%2F09%2F21&k_raceNo=9
2026-09-21 20:40:00,20:39,2026-09-21,saga,9,10,三連複,5-10-11,8860.5,8860.5,355,https://www.keiba.go.jp/KeibaWeb/TodayRaceInfo/Odds3LenFuku?k_babaCode=32&k_raceDate=2026%2F09%2F21&k_raceNo=9
2026-09-21 20:40:00,20:39,2026-09-21,saga,9,10,三連複,8-11-12,8860.5,8860.5,355,https://www.keiba.go.jp/KeibaWeb/TodayRaceInfo/Odds3LenFuku?k_babaCode=32&k_raceDate=2026%2F09%2F21&k_raceNo=9
2026-09-21 20:40:00,20:39,2026-09-21,saga,9,10,三連複,3-5-13,9845.0,9845.0,357,https://www.keiba.go.jp/KeibaWeb/TodayRaceInfo/Odds3LenFuku?k_babaCode=32&k_raceDate=2026%2F09%2F21&k_raceNo=9
2026-09-21 20:40:00,20:39,2026-09-21,saga,9,10,三連複,5-7-13,9845.0,9845.0,357,https://www.keiba.go.jp/KeibaWeb/TodayRaceInfo/Odds3LenFuku?k_babaCode=32&k_raceDate=2026%2F09%2F21&k_raceNo=9
2026-09-21 20:40:00,20:39,2026-09-21,saga,9,10,三連複,5-11-12,9845.0,9845.0,357,https://www.keiba.go.jp/KeibaWeb/TodayRaceInfo/Odds3LenFuku?k_babaCode=32&k_raceDate=2026%2F09%2F21&k_raceNo=9
2026-09-21 20:40:00,20:39,2026-09-21,saga,9,10,三連複,1-5-14,11075.7,11075.7,360,https://www.keiba.go.jp/KeibaWeb/TodayRaceInfo/Odds3LenFuku?k_babaCode=32&k_raceDate=2026%2F09%2F21&k_raceNo=9
2026-09-21 20:40:00,20:39,2026-09-21,saga,9,10,三連複,5-11-13,12657.9,12657.9,361,https://www.keiba.go.jp/KeibaWeb/TodayRaceInfo/Odds3LenFuku?k_babaCode=32&k_raceDate=2026%2F09%2F21&k_raceNo=9
2026-09-21 20:40:00,20:39,2026-09-21,saga,9,10,三連複,3-5-11,14767.6,14767.6,362,https://www.keiba.go.jp/KeibaWeb/TodayRaceInfo/Odds3LenFuku?k_babaCode=32&k_raceDate=2026%2F09%2F21&k_raceNo=9
2026-09-21 20:40:00,20:39,2026-09-21,saga,9,10,三連複,5-8-14,17721.1,17721.1,363,https://www.keiba.go.jp/KeibaWeb/TodayRaceInfo/Odds3LenFuku?k_babaCode=32&k_raceDate=2026%2F09%2F21&k_raceNo=9
2026-09-21 20:40:00,20:39,2026-09-21,saga,9,10,三連複,5-11-14,17721.1,17721.1,363,https://www.keiba.go.jp/KeibaWeb/TodayRaceInfo/Odds3LenFuku?k_babaCode=32&k_raceDate=2026%2F09%2F21&k_raceNo=9
