captured_at,source_time,race_date,track,race_no,minutes_before,bet_type,combination,odds_low,odds_high,popularity,source_url
2026-09-21 20:21:07,20:20,2026-09-21,saga,9,30,馬連,4-6,3.3,3.3,1,https://www.keiba.go.jp/KeibaWeb/TodayRaceInfo/OddsUmLenFuku?k_babaCode=32&k_raceDate=2026%2F09%2F21&k_raceNo=9
2026-09-21 20:21:07,20:20,2026-09-21,saga,9,30,馬連,1-4,9.7,9.7,2,https://www.keiba.go.jp/KeibaWeb/TodayRaceInfo/OddsUmLenFuku?k_babaCode=32&k_raceDate=2026%2F09%2F21&k_raceNo=9
2026-09-21 20:21:07,20:20,2026-09-21,saga,9,30,馬連,4-9,12.1,12.1,3,https://www.keiba.go.jp/KeibaWeb/TodayRaceInfo/OddsUmLenFuku?k_babaCode=32&k_raceDate=2026%2F09%2F21&k_raceNo=9
2026-09-21 20:21:07,20:20,2026-09-21,saga,9,30,馬連,6-10,14.4,14.4,4,https://www.keiba.go.jp/KeibaWeb/TodayRaceInfo/OddsUmLenFuku?k_babaCode=32&k_raceDate=2026%2F09%2F21&k_raceNo=9
2026-09-21 20:21:07,20:20,2026-09-21,saga,9,30,馬連,3-4,14.7,14.7,5,https://www.keiba.go.jp/KeibaWeb/TodayRaceInfo/OddsUmLenFuku?k_babaCode=32&k_raceDate=2026%2F09%2F21&k_raceNo=9
2026-09-21 20:21:07,20:20,2026-09-21,saga,9,30,馬連,4-12,15.3,15.3,6,https://www.keiba.go.jp/KeibaWeb/TodayRaceInfo/OddsUmLenFuku?k_babaCode=32&k_raceDate=2026%2F09%2F21&k_raceNo=9
2026-09-21 20:21:07,20:20,2026-09-21,saga,9,30,馬連,6-12,20.8,20.8,7,https://www.keiba.go.jp/KeibaWeb/TodayRaceInfo/OddsUmLenFuku?k_babaCode=32&k_raceDate=2026%2F09%2F21&k_raceNo=9
2026-09-21 20:21:07,20:20,2026-09-21,saga,9,30,馬連,6-7,23.9,23.9,8,https://www.keiba.go.jp/KeibaWeb/TodayRaceInfo/OddsUmLenFuku?k_babaCode=32&k_raceDate=2026%2F09%2F21&k_raceNo=9
2026-09-21 20:21:07,20:20,2026-09-21,saga,9,30,馬連,3-6,24.5,24.5,9,https://www.keiba.go.jp/KeibaWeb/TodayRaceInfo/OddsUmLenFuku?k_babaCode=32&k_raceDate=2026%2F09%2F21&k_raceNo=9
2026-09-21 20:21:07,20:20,2026-09-21,saga,9,30,馬連,4-13,28.0,28.0,10,https://www.keiba.go.jp/KeibaWeb/TodayRaceInfo/OddsUmLenFuku?k_babaCode=32&k_raceDate=2026%2F09%2F21&k_raceNo=9
2026-09-21 20:21:07,20:20,2026-09-21,saga,9,30,馬連,6-14,28.1,28.1,11,https://www.keiba.go.jp/KeibaWeb/TodayRaceInfo/OddsUmLenFuku?k_babaCode=32&k_raceDate=2026%2F09%2F21&k_raceNo=9
2026-09-21 20:21:07,20:20,2026-09-21,saga,9,30,馬連,6-9,28.5,28.5,12,https://www.keiba.go.jp/KeibaWeb/TodayRaceInfo/OddsUmLenFuku?k_babaCode=32&k_raceDate=2026%2F09%2F21&k_raceNo=9
2026-09-21 20:21:07,20:20,2026-09-21,saga,9,30,馬連,2-4,29.2,29.2,13,https://www.keiba.go.jp/KeibaWeb/TodayRaceInfo/OddsUmLenFuku?k_babaCode=32&k_raceDate=2026%2F09%2F21&k_raceNo=9
2026-09-21 20:21:07,20:20,2026-09-21,saga,9,30,馬連,4-10,29.9,29.9,14,https://www.keiba.go.jp/KeibaWeb/TodayRaceInfo/OddsUmLenFuku?k_babaCode=32&k_raceDate=2026%2F09%2F21&k_raceNo=9
2026-09-21 20:21:07,20:20,2026-09-21,saga,9,30,馬連,4-14,54.7,54.7,15,https://www.keiba.go.jp/KeibaWeb/TodayRaceInfo/OddsUmLenFuku?k_babaCode=32&k_raceDate=2026%2F09%2F21&k_raceNo=9
2026-09-21 20:21:07,20:20,2026-09-21,saga,9,30,馬連,4-7,57.1,57.1,16,https://www.keiba.go.jp/KeibaWeb/TodayRaceInfo/OddsUmLenFuku?k_babaCode=32&k_raceDate=2026%2F09%2F21&k_raceNo=9
2026-09-21 20:21:07,20:20,2026-09-21,saga,9,30,馬連,2-6,69.1,69.1,17,https://www.keiba.go.jp/KeibaWeb/TodayRaceInfo/OddsUmLenFuku?k_babaCode=32&k_raceDate=2026%2F09%2F21&k_raceNo=9
2026-09-21 20:21:07,20:20,2026-09-21,saga,9,30,馬連,9-10,70.0,70.0,18,https://www.keiba.go.jp/KeibaWeb/TodayRaceInfo/OddsUmLenFuku?k_babaCode=32&k_raceDate=2026%2F09%2F21&k_raceNo=9
2026-09-21 20:21:07,20:20,2026-09-21,saga,9,30,馬連,2-12,79.3,79.3,19,https://www.keiba.go.jp/KeibaWeb/TodayRaceInfo/OddsUmLenFuku?k_babaCode=32&k_raceDate=2026%2F09%2F21&k_raceNo=9
2026-09-21 20:21:07,20:20,2026-09-21,saga,9,30,馬連,1-6,81.1,81.1,20,https://www.keiba.go.jp/KeibaWeb/TodayRaceInfo/OddsUmLenFuku?k_babaCode=32&k_raceDate=2026%2F09%2F21&k_raceNo=9
2026-09-21 20:21:07,20:20,2026-09-21,saga,9,30,馬連,9-12,95.5,95.5,21,https://www.keiba.go.jp/KeibaWeb/TodayRaceInfo/OddsUmLenFuku?k_babaCode=32&k_raceDate=2026%2F09%2F21&k_raceNo=9
2026-09-21 20:21:07,20:20,2026-09-21,saga,9,30,馬連,10-14,97.2,97.2,22,https://www.keiba.go.jp/KeibaWeb/TodayRaceInfo/OddsUmLenFuku?k_babaCode=32&k_raceDate=2026%2F09%2F21&k_raceNo=9
2026-09-21 20:21:07,20:20,2026-09-21,saga,9,30,馬連,3-12,109.0,109.0,23,https://www.keiba.go.jp/KeibaWeb/TodayRaceInfo/OddsUmLenFuku?k_babaCode=32&k_raceDate=2026%2F09%2F21&k_raceNo=9
2026-09-21 20:21:07,20:20,2026-09-21,saga,9,30,馬連,10-12,112.4,112.4,24,https://www.keiba.go.jp/KeibaWeb/TodayRaceInfo/OddsUmLenFuku?k_babaCode=32&k_raceDate=2026%2F09%2F21&k_raceNo=9
2026-09-21 20:21:07,20:20,2026-09-21,saga,9,30,馬連,4-8,116.0,116.0,25,https://www.keiba.go.jp/KeibaWeb/TodayRaceInfo/OddsUmLenFuku?k_babaCode=32&k_raceDate=2026%2F09%2F21&k_raceNo=9
2026-09-21 20:21:07,20:20,2026-09-21,saga,9,30,馬連,3-9,118.6,118.6,26,https://www.keiba.go.jp/KeibaWeb/TodayRaceInfo/OddsUmLenFuku?k_babaCode=32&k_raceDate=2026%2F09%2F21&k_raceNo=9
2026-09-21 20:21:07,20:20,2026-09-21,saga,9,30,馬連,2-10,124.0,124.0,27,https://www.keiba.go.jp/KeibaWeb/TodayRaceInfo/OddsUmLenFuku?k_babaCode=32&k_raceDate=2026%2F09%2F21&k_raceNo=9
2026-09-21 20:21:07,20:20,2026-09-21,saga,9,30,馬連,4-5,124.0,124.0,27,https://www.keiba.go.jp/KeibaWeb/TodayRaceInfo/OddsUmLenFuku?k_babaCode=32&k_raceDate=2026%2F09%2F21&k_raceNo=9
2026-09-21 20:21:07,20:20,2026-09-21,saga,9,30,馬連,1-2,134.9,134.9,29,https://www.keiba.go.jp/KeibaWeb/TodayRaceInfo/OddsUmLenFuku?k_babaCode=32&k_raceDate=2026%2F09%2F21&k_raceNo=9
2026-09-21 20:21:07,20:20,2026-09-21,saga,9,30,馬連,1-12,134.9,134.9,29,https://www.keiba.go.jp/KeibaWeb/TodayRaceInfo/OddsUmLenFuku?k_babaCode=32&k_raceDate=2026%2F09%2F21&k_raceNo=9
2026-09-21 20:21:07,20:20,2026-09-21,saga,9,30,馬連,6-13,136.6,136.6,31,https://www.keiba.go.jp/KeibaWeb/TodayRaceInfo/OddsUmLenFuku?k_babaCode=32&k_raceDate=2026%2F09%2F21&k_raceNo=9
2026-09-21 20:21:07,20:20,2026-09-21,saga,9,30,馬連,7-9,145.8,145.8,32,https://www.keiba.go.jp/KeibaWeb/TodayRaceInfo/OddsUmLenFuku?k_babaCode=32&k_raceDate=2026%2F09%2F21&k_raceNo=9
2026-09-21 20:21:07,20:20,2026-09-21,saga,9,30,馬連,4-11,156.4,156.4,33,https://www.keiba.go.jp/KeibaWeb/TodayRaceInfo/OddsUmLenFuku?k_babaCode=32&k_raceDate=2026%2F09%2F21&k_raceNo=9
2026-09-21 20:21:07,20:20,2026-09-21,saga,9,30,馬連,6-8,156.4,156.4,33,https://www.keiba.go.jp/KeibaWeb/TodayRaceInfo/OddsUmLenFuku?k_babaCode=32&k_raceDate=2026%2F09%2F21&k_raceNo=9
2026-09-21 20:21:07,20:20,2026-09-21,saga,9,30,馬連,2-9,161.1,161.1,35,https://www.keiba.go.jp/KeibaWeb/TodayRaceInfo/OddsUmLenFuku?k_babaCode=32&k_raceDate=2026%2F09%2F21&k_raceNo=9
2026-09-21 20:21:07,20:20,2026-09-21,saga,9,30,馬連,6-11,174.0,174.0,36,https://www.keiba.go.jp/KeibaWeb/TodayRaceInfo/OddsUmLenFuku?k_babaCode=32&k_raceDate=2026%2F09%2F21&k_raceNo=9
2026-09-21 20:21:07,20:20,2026-09-21,saga,9,30,馬連,7-10,189.3,189.3,37,https://www.keiba.go.jp/KeibaWeb/TodayRaceInfo/OddsUmLenFuku?k_babaCode=32&k_raceDate=2026%2F09%2F21&k_raceNo=9
2026-09-21 20:21:07,20:20,2026-09-21,saga,9,30,馬連,3-10,192.7,192.7,38,https://www.keiba.go.jp/KeibaWeb/TodayRaceInfo/OddsUmLenFuku?k_babaCode=32&k_raceDate=2026%2F09%2F21&k_raceNo=9
2026-09-21 20:21:07,20:20,2026-09-21,saga,9,30,馬連,7-12,207.5,207.5,39,https://www.keiba.go.jp/KeibaWeb/TodayRaceInfo/OddsUmLenFuku?k_babaCode=32&k_raceDate=2026%2F09%2F21&k_raceNo=9
2026-09-21 20:21:07,20:20,2026-09-21,saga,9,30,馬連,12-14,211.6,211.6,40,https://www.keiba.go.jp/KeibaWeb/TodayRaceInfo/OddsUmLenFuku?k_babaCode=32&k_raceDate=2026%2F09%2F21&k_raceNo=9
2026-09-21 20:21:07,20:20,2026-09-21,saga,9,30,馬連,1-3,215.8,215.8,41,https://www.keiba.go.jp/KeibaWeb/TodayRaceInfo/OddsUmLenFuku?k_babaCode=32&k_raceDate=2026%2F09%2F21&k_raceNo=9
2026-09-21 20:21:07,20:20,2026-09-21,saga,9,30,馬連,5-6,224.8,224.8,42,https://www.keiba.go.jp/KeibaWeb/TodayRaceInfo/OddsUmLenFuku?k_babaCode=32&k_raceDate=2026%2F09%2F21&k_raceNo=9
2026-09-21 20:21:07,20:20,2026-09-21,saga,9,30,馬連,1-9,245.3,245.3,43,https://www.keiba.go.jp/KeibaWeb/TodayRaceInfo/OddsUmLenFuku?k_babaCode=32&k_raceDate=2026%2F09%2F21&k_raceNo=9
2026-09-21 20:21:07,20:20,2026-09-21,saga,9,30,馬連,2-7,245.3,245.3,43,https://www.keiba.go.jp/KeibaWeb/TodayRaceInfo/OddsUmLenFuku?k_babaCode=32&k_raceDate=2026%2F09%2F21&k_raceNo=9
2026-09-21 20:21:07,20:20,2026-09-21,saga,9,30,馬連,9-13,245.3,245.3,43,https://www.keiba.go.jp/KeibaWeb/TodayRaceInfo/OddsUmLenFuku?k_babaCode=32&k_raceDate=2026%2F09%2F21&k_raceNo=9
2026-09-21 20:21:07,20:20,2026-09-21,saga,9,30,馬連,5-9,251.0,251.0,46,https://www.keiba.go.jp/KeibaWeb/TodayRaceInfo/OddsUmLenFuku?k_babaCode=32&k_raceDate=2026%2F09%2F21&k_raceNo=9
2026-09-21 20:21:07,20:20,2026-09-21,saga,9,30,馬連,9-14,257.0,257.0,47,https://www.keiba.go.jp/KeibaWeb/TodayRaceInfo/OddsUmLenFuku?k_babaCode=32&k_raceDate=2026%2F09%2F21&k_raceNo=9
2026-09-21 20:21:07,20:20,2026-09-21,saga,9,30,馬連,12-13,276.7,276.7,48,https://www.keiba.go.jp/KeibaWeb/TodayRaceInfo/OddsUmLenFuku?k_babaCode=32&k_raceDate=2026%2F09%2F21&k_raceNo=9
2026-09-21 20:21:07,20:20,2026-09-21,saga,9,30,馬連,3-5,284.0,284.0,49,https://www.keiba.go.jp/KeibaWeb/TodayRaceInfo/OddsUmLenFuku?k_babaCode=32&k_raceDate=2026%2F09%2F21&k_raceNo=9
2026-09-21 20:21:07,20:20,2026-09-21,saga,9,30,馬連,3-7,299.8,299.8,50,https://www.keiba.go.jp/KeibaWeb/TodayRaceInfo/OddsUmLenFuku?k_babaCode=32&k_raceDate=2026%2F09%2F21&k_raceNo=9
2026-09-21 20:21:07,20:20,2026-09-21,saga,9,30,馬連,2-14,308.4,308.4,51,https://www.keiba.go.jp/KeibaWeb/TodayRaceInfo/OddsUmLenFuku?k_babaCode=32&k_raceDate=2026%2F09%2F21&k_raceNo=9
2026-09-21 20:21:07,20:20,2026-09-21,saga,9,30,馬連,3-13,327.0,327.0,52,https://www.keiba.go.jp/KeibaWeb/TodayRaceInfo/OddsUmLenFuku?k_babaCode=32&k_raceDate=2026%2F09%2F21&k_raceNo=9
2026-09-21 20:21:07,20:20,2026-09-21,saga,9,30,馬連,2-11,337.3,337.3,53,https://www.keiba.go.jp/KeibaWeb/TodayRaceInfo/OddsUmLenFuku?k_babaCode=32&k_raceDate=2026%2F09%2F21&k_raceNo=9
2026-09-21 20:21:07,20:20,2026-09-21,saga,9,30,馬連,7-14,337.3,337.3,53,https://www.keiba.go.jp/KeibaWeb/TodayRaceInfo/OddsUmLenFuku?k_babaCode=32&k_raceDate=2026%2F09%2F21&k_raceNo=9
2026-09-21 20:21:07,20:20,2026-09-21,saga,9,30,馬連,1-10,348.1,348.1,55,https://www.keiba.go.jp/KeibaWeb/TodayRaceInfo/OddsUmLenFuku?k_babaCode=32&k_raceDate=2026%2F09%2F21&k_raceNo=9
2026-09-21 20:21:07,20:20,2026-09-21,saga,9,30,馬連,13-14,359.8,359.8,56,https://www.keiba.go.jp/KeibaWeb/TodayRaceInfo/OddsUmLenFuku?k_babaCode=32&k_raceDate=2026%2F09%2F21&k_raceNo=9
2026-09-21 20:21:07,20:20,2026-09-21,saga,9,30,馬連,2-3,372.2,372.2,57,https://www.keiba.go.jp/KeibaWeb/TodayRaceInfo/OddsUmLenFuku?k_babaCode=32&k_raceDate=2026%2F09%2F21&k_raceNo=9
2026-09-21 20:21:07,20:20,2026-09-21,saga,9,30,馬連,8-12,372.2,372.2,57,https://www.keiba.go.jp/KeibaWeb/TodayRaceInfo/OddsUmLenFuku?k_babaCode=32&k_raceDate=2026%2F09%2F21&k_raceNo=9
2026-09-21 20:21:07,20:20,2026-09-21,saga,9,30,馬連,2-8,399.7,399.7,59,https://www.keiba.go.jp/KeibaWeb/TodayRaceInfo/OddsUmLenFuku?k_babaCode=32&k_raceDate=2026%2F09%2F21&k_raceNo=9
2026-09-21 20:21:07,20:20,2026-09-21,saga,9,30,馬連,3-14,449.7,449.7,60,https://www.keiba.go.jp/KeibaWeb/TodayRaceInfo/OddsUmLenFuku?k_babaCode=32&k_raceDate=2026%2F09%2F21&k_raceNo=9
2026-09-21 20:21:07,20:20,2026-09-21,saga,9,30,馬連,5-12,469.3,469.3,61,https://www.keiba.go.jp/KeibaWeb/TodayRaceInfo/OddsUmLenFuku?k_babaCode=32&k_raceDate=2026%2F09%2F21&k_raceNo=9
2026-09-21 20:21:07,20:20,2026-09-21,saga,9,30,馬連,10-13,469.3,469.3,61,https://www.keiba.go.jp/KeibaWeb/TodayRaceInfo/OddsUmLenFuku?k_babaCode=32&k_raceDate=2026%2F09%2F21&k_raceNo=9
2026-09-21 20:21:07,20:20,2026-09-21,saga,9,30,馬連,1-8,514.0,514.0,63,https://www.keiba.go.jp/KeibaWeb/TodayRaceInfo/OddsUmLenFuku?k_babaCode=32&k_raceDate=2026%2F09%2F21&k_raceNo=9
2026-09-21 20:21:07,20:20,2026-09-21,saga,9,30,馬連,2-5,514.0,514.0,63,https://www.keiba.go.jp/KeibaWeb/TodayRaceInfo/OddsUmLenFuku?k_babaCode=32&k_raceDate=2026%2F09%2F21&k_raceNo=9
2026-09-21 20:21:07,20:20,2026-09-21,saga,9,30,馬連,1-5,539.7,539.7,65,https://www.keiba.go.jp/KeibaWeb/TodayRaceInfo/OddsUmLenFuku?k_babaCode=32&k_raceDate=2026%2F09%2F21&k_raceNo=9
2026-09-21 20:21:07,20:20,2026-09-21,saga,9,30,馬連,5-8,539.7,539.7,65,https://www.keiba.go.jp/KeibaWeb/TodayRaceInfo/OddsUmLenFuku?k_babaCode=32&k_raceDate=2026%2F09%2F21&k_raceNo=9
2026-09-21 20:21:07,20:20,2026-09-21,saga,9,30,馬連,9-11,539.7,539.7,65,https://www.keiba.go.jp/KeibaWeb/TodayRaceInfo/OddsUmLenFuku?k_babaCode=32&k_raceDate=2026%2F09%2F21&k_raceNo=9
2026-09-21 20:21:07,20:20,2026-09-21,saga,9,30,馬連,8-11,568.1,568.1,68,https://www.keiba.go.jp/KeibaWeb/TodayRaceInfo/OddsUmLenFuku?k_babaCode=32&k_raceDate=2026%2F09%2F21&k_raceNo=9
2026-09-21 20:21:07,20:20,2026-09-21,saga,9,30,馬連,11-14,568.1,568.1,68,https://www.keiba.go.jp/KeibaWeb/TodayRaceInfo/OddsUmLenFuku?k_babaCode=32&k_raceDate=2026%2F09%2F21&k_raceNo=9
2026-09-21 20:21:07,20:20,2026-09-21,saga,9,30,馬連,3-8,599.6,599.6,70,https://www.keiba.go.jp/KeibaWeb/TodayRaceInfo/OddsUmLenFuku?k_babaCode=32&k_raceDate=2026%2F09%2F21&k_raceNo=9
2026-09-21 20:21:07,20:20,2026-09-21,saga,9,30,馬連,1-14,634.9,634.9,71,https://www.keiba.go.jp/KeibaWeb/TodayRaceInfo/OddsUmLenFuku?k_babaCode=32&k_raceDate=2026%2F09%2F21&k_raceNo=9
2026-09-21 20:21:07,20:20,2026-09-21,saga,9,30,馬連,2-13,634.9,634.9,71,https://www.keiba.go.jp/KeibaWeb/TodayRaceInfo/OddsUmLenFuku?k_babaCode=32&k_raceDate=2026%2F09%2F21&k_raceNo=9
2026-09-21 20:21:07,20:20,2026-09-21,saga,9,30,馬連,7-11,634.9,634.9,71,https://www.keiba.go.jp/KeibaWeb/TodayRaceInfo/OddsUmLenFuku?k_babaCode=32&k_raceDate=2026%2F09%2F21&k_raceNo=9
2026-09-21 20:21:07,20:20,2026-09-21,saga,9,30,馬連,11-12,634.9,634.9,71,https://www.keiba.go.jp/KeibaWeb/TodayRaceInfo/OddsUmLenFuku?k_babaCode=32&k_raceDate=2026%2F09%2F21&k_raceNo=9
2026-09-21 20:21:07,20:20,2026-09-21,saga,9,30,馬連,1-11,674.6,674.6,75,https://www.keiba.go.jp/KeibaWeb/TodayRaceInfo/OddsUmLenFuku?k_babaCode=32&k_raceDate=2026%2F09%2F21&k_raceNo=9
2026-09-21 20:21:07,20:20,2026-09-21,saga,9,30,馬連,5-10,674.6,674.6,75,https://www.keiba.go.jp/KeibaWeb/TodayRaceInfo/OddsUmLenFuku?k_babaCode=32&k_raceDate=2026%2F09%2F21&k_raceNo=9
2026-09-21 20:21:07,20:20,2026-09-21,saga,9,30,馬連,8-9,674.6,674.6,75,https://www.keiba.go.jp/KeibaWeb/TodayRaceInfo/OddsUmLenFuku?k_babaCode=32&k_raceDate=2026%2F09%2F21&k_raceNo=9
2026-09-21 20:21:07,20:20,2026-09-21,saga,9,30,馬連,8-10,771.0,771.0,78,https://www.keiba.go.jp/KeibaWeb/TodayRaceInfo/OddsUmLenFuku?k_babaCode=32&k_raceDate=2026%2F09%2F21&k_raceNo=9
2026-09-21 20:21:07,20:20,2026-09-21,saga,9,30,馬連,3-11,830.3,830.3,79,https://www.keiba.go.jp/KeibaWeb/TodayRaceInfo/OddsUmLenFuku?k_babaCode=32&k_raceDate=2026%2F09%2F21&k_raceNo=9
2026-09-21 20:21:07,20:20,2026-09-21,saga,9,30,馬連,1-7,899.5,899.5,80,https://www.keiba.go.jp/KeibaWeb/TodayRaceInfo/OddsUmLenFuku?k_babaCode=32&k_raceDate=2026%2F09%2F21&k_raceNo=9
2026-09-21 20:21:07,20:20,2026-09-21,saga,9,30,馬連,10-11,899.5,899.5,80,https://www.keiba.go.jp/KeibaWeb/TodayRaceInfo/OddsUmLenFuku?k_babaCode=32&k_raceDate=2026%2F09%2F21&k_raceNo=9
2026-09-21 20:21:07,20:20,2026-09-21,saga,9,30,馬連,5-13,981.2,981.2,82,https://www.keiba.go.jp/KeibaWeb/TodayRaceInfo/OddsUmLenFuku?k_babaCode=32&k_raceDate=2026%2F09%2F21&k_raceNo=9
2026-09-21 20:21:07,20:20,2026-09-21,saga,9,30,馬連,7-13,1199.3,1199.3,83,https://www.keiba.go.jp/KeibaWeb/TodayRaceInfo/OddsUmLenFuku?k_babaCode=32&k_raceDate=2026%2F09%2F21&k_raceNo=9
2026-09-21 20:21:07,20:20,2026-09-21,saga,9,30,馬連,8-14,1199.3,1199.3,83,https://www.keiba.go.jp/KeibaWeb/TodayRaceInfo/OddsUmLenFuku?k_babaCode=32&k_raceDate=2026%2F09%2F21&k_raceNo=9
2026-09-21 20:21:07,20:20,2026-09-21,saga,9,30,馬連,1-13,1349.2,1349.2,85,https://www.keiba.go.jp/KeibaWeb/TodayRaceInfo/OddsUmLenFuku?k_babaCode=32&k_raceDate=2026%2F09%2F21&k_raceNo=9
2026-09-21 20:21:07,20:20,2026-09-21,saga,9,30,馬連,5-7,1349.2,1349.2,85,https://www.keiba.go.jp/KeibaWeb/TodayRaceInfo/OddsUmLenFuku?k_babaCode=32&k_raceDate=2026%2F09%2F21&k_raceNo=9
2026-09-21 20:21:07,20:20,2026-09-21,saga,9,30,馬連,7-8,1542.0,1542.0,87,https://www.keiba.go.jp/KeibaWeb/TodayRaceInfo/OddsUmLenFuku?k_babaCode=32&k_raceDate=2026%2F09%2F21&k_raceNo=9
2026-09-21 20:21:07,20:20,2026-09-21,saga,9,30,馬連,8-13,1542.0,1542.0,87,https://www.keiba.go.jp/KeibaWeb/TodayRaceInfo/OddsUmLenFuku?k_babaCode=32&k_raceDate=2026%2F09%2F21&k_raceNo=9
2026-09-21 20:21:07,20:20,2026-09-21,saga,9,30,馬連,11-13,1542.0,1542.0,87,https://www.keiba.go.jp/KeibaWeb/TodayRaceInfo/OddsUmLenFuku?k_babaCode=32&k_raceDate=2026%2F09%2F21&k_raceNo=9
2026-09-21 20:21:07,20:20,2026-09-21,saga,9,30,馬連,5-11,1799.0,1799.0,90,https://www.keiba.go.jp/KeibaWeb/TodayRaceInfo/OddsUmLenFuku?k_babaCode=32&k_raceDate=2026%2F09%2F21&k_raceNo=9
2026-09-21 20:21:07,20:20,2026-09-21,saga,9,30,馬連,5-14,1799.0,1799.0,90,https://www.keiba.go.jp/KeibaWeb/TodayRaceInfo/OddsUmLenFuku?k_babaCode=32&k_raceDate=2026%2F09%2F21&k_raceNo=9
2026-09-21 20:21:07,20:20,2026-09-21,saga,9,30,ワイド,4-6,1.9,2.0,1,https://www.keiba.go.jp/KeibaWeb/TodayRaceInfo/OddsWide?k_babaCode=32&k_raceDate=2026%2F09%2F21&k_raceNo=9
2026-09-21 20:21:07,20:20,2026-09-21,saga,9,30,ワイド,4-9,3.9,4.7,2,https://www.keiba.go.jp/KeibaWeb/TodayRaceInfo/OddsWide?k_babaCode=32&k_raceDate=2026%2F09%2F21&k_raceNo=9
2026-09-21 20:21:07,20:20,2026-09-21,saga,9,30,ワイド,6-10,5.1,6.1,3,https://www.keiba.go.jp/KeibaWeb/TodayRaceInfo/OddsWide?k_babaCode=32&k_raceDate=2026%2F09%2F21&k_raceNo=9
2026-09-21 20:21:07,20:20,2026-09-21,saga,9,30,ワイド,6-9,5.5,6.8,4,https://www.keiba.go.jp/KeibaWeb/TodayRaceInfo/OddsWide?k_babaCode=32&k_raceDate=2026%2F09%2F21&k_raceNo=9
2026-09-21 20:21:07,20:20,2026-09-21,saga,9,30,ワイド,4-10,5.8,7.0,5,https://www.keiba.go.jp/KeibaWeb/TodayRaceInfo/OddsWide?k_babaCode=32&k_raceDate=2026%2F09%2F21&k_raceNo=9
2026-09-21 20:21:07,20:20,2026-09-21,saga,9,30,ワイド,3-4,6.2,7.4,6,https://www.keiba.go.jp/KeibaWeb/TodayRaceInfo/OddsWide?k_babaCode=32&k_raceDate=2026%2F09%2F21&k_raceNo=9
2026-09-21 20:21:07,20:20,2026-09-21,saga,9,30,ワイド,6-12,6.7,8.1,7,https://www.keiba.go.jp/KeibaWeb/TodayRaceInfo/OddsWide?k_babaCode=32&k_raceDate=2026%2F09%2F21&k_raceNo=9
2026-09-21 20:21:07,20:20,2026-09-21,saga,9,30,ワイド,3-6,6.8,8.2,8,https://www.keiba.go.jp/KeibaWeb/TodayRaceInfo/OddsWide?k_babaCode=32&k_raceDate=2026%2F09%2F21&k_raceNo=9
2026-09-21 20:21:07,20:20,2026-09-21,saga,9,30,ワイド,1-4,6.9,8.1,9,https://www.keiba.go.jp/KeibaWeb/TodayRaceInfo/OddsWide?k_babaCode=32&k_raceDate=2026%2F09%2F21&k_raceNo=9
2026-09-21 20:21:07,20:20,2026-09-21,saga,9,30,ワイド,4-12,7.0,8.4,10,https://www.keiba.go.jp/KeibaWeb/TodayRaceInfo/OddsWide?k_babaCode=32&k_raceDate=2026%2F09%2F21&k_raceNo=9
2026-09-21 20:21:07,20:20,2026-09-21,saga,9,30,ワイド,6-14,9.3,11.1,11,https://www.keiba.go.jp/KeibaWeb/TodayRaceInfo/OddsWide?k_babaCode=32&k_raceDate=2026%2F09%2F21&k_raceNo=9
2026-09-21 20:21:07,20:20,2026-09-21,saga,9,30,ワイド,2-6,9.5,11.3,12,https://www.keiba.go.jp/KeibaWeb/TodayRaceInfo/OddsWide?k_babaCode=32&k_raceDate=2026%2F09%2F21&k_raceNo=9
2026-09-21 20:21:07,20:20,2026-09-21,saga,9,30,ワイド,6-7,11.7,13.9,13,https://www.keiba.go.jp/KeibaWeb/TodayRaceInfo/OddsWide?k_babaCode=32&k_raceDate=2026%2F09%2F21&k_raceNo=9
2026-09-21 20:21:07,20:20,2026-09-21,saga,9,30,ワイド,6-11,14.1,16.7,14,https://www.keiba.go.jp/KeibaWeb/TodayRaceInfo/OddsWide?k_babaCode=32&k_raceDate=2026%2F09%2F21&k_raceNo=9
2026-09-21 20:21:07,20:20,2026-09-21,saga,9,30,ワイド,4-14,14.1,16.9,15,https://www.keiba.go.jp/KeibaWeb/TodayRaceInfo/OddsWide?k_babaCode=32&k_raceDate=2026%2F09%2F21&k_raceNo=9
2026-09-21 20:21:07,20:20,2026-09-21,saga,9,30,ワイド,2-4,15.1,18.1,16,https://www.keiba.go.jp/KeibaWeb/TodayRaceInfo/OddsWide?k_babaCode=32&k_raceDate=2026%2F09%2F21&k_raceNo=9
2026-09-21 20:21:07,20:20,2026-09-21,saga,9,30,ワイド,6-13,15.3,18.2,17,https://www.keiba.go.jp/KeibaWeb/TodayRaceInfo/OddsWide?k_babaCode=32&k_raceDate=2026%2F09%2F21&k_raceNo=9
2026-09-21 20:21:07,20:20,2026-09-21,saga,9,30,ワイド,2-10,17.8,18.9,18,https://www.keiba.go.jp/KeibaWeb/TodayRaceInfo/OddsWide?k_babaCode=32&k_raceDate=2026%2F09%2F21&k_raceNo=9
2026-09-21 20:21:07,20:20,2026-09-21,saga,9,30,ワイド,9-12,18.4,20.0,19,https://www.keiba.go.jp/KeibaWeb/TodayRaceInfo/OddsWide?k_babaCode=32&k_raceDate=2026%2F09%2F21&k_raceNo=9
2026-09-21 20:21:07,20:20,2026-09-21,saga,9,30,ワイド,10-14,18.5,19.7,20,https://www.keiba.go.jp/KeibaWeb/TodayRaceInfo/OddsWide?k_babaCode=32&k_raceDate=2026%2F09%2F21&k_raceNo=9
2026-09-21 20:21:07,20:20,2026-09-21,saga,9,30,ワイド,9-10,19.0,20.9,21,https://www.keiba.go.jp/KeibaWeb/TodayRaceInfo/OddsWide?k_babaCode=32&k_raceDate=2026%2F09%2F21&k_raceNo=9
2026-09-21 20:21:07,20:20,2026-09-21,saga,9,30,ワイド,4-7,19.6,23.3,22,https://www.keiba.go.jp/KeibaWeb/TodayRaceInfo/OddsWide?k_babaCode=32&k_raceDate=2026%2F09%2F21&k_raceNo=9
2026-09-21 20:21:07,20:20,2026-09-21,saga,9,30,ワイド,1-6,20.3,24.7,23,https://www.keiba.go.jp/KeibaWeb/TodayRaceInfo/OddsWide?k_babaCode=32&k_raceDate=2026%2F09%2F21&k_raceNo=9
2026-09-21 20:21:07,20:20,2026-09-21,saga,9,30,ワイド,3-12,20.7,22.1,24,https://www.keiba.go.jp/KeibaWeb/TodayRaceInfo/OddsWide?k_babaCode=32&k_raceDate=2026%2F09%2F21&k_raceNo=9
2026-09-21 20:21:07,20:20,2026-09-21,saga,9,30,ワイド,3-9,22.2,24.4,25,https://www.keiba.go.jp/KeibaWeb/TodayRaceInfo/OddsWide?k_babaCode=32&k_raceDate=2026%2F09%2F21&k_raceNo=9
2026-09-21 20:21:07,20:20,2026-09-21,saga,9,30,ワイド,10-12,23.0,24.7,26,https://www.keiba.go.jp/KeibaWeb/TodayRaceInfo/OddsWide?k_babaCode=32&k_raceDate=2026%2F09%2F21&k_raceNo=9
2026-09-21 20:21:07,20:20,2026-09-21,saga,9,30,ワイド,4-13,23.0,27.4,27,https://www.keiba.go.jp/KeibaWeb/TodayRaceInfo/OddsWide?k_babaCode=32&k_raceDate=2026%2F09%2F21&k_raceNo=9
2026-09-21 20:21:07,20:20,2026-09-21,saga,9,30,ワイド,3-10,24.3,26.1,28,https://www.keiba.go.jp/KeibaWeb/TodayRaceInfo/OddsWide?k_babaCode=32&k_raceDate=2026%2F09%2F21&k_raceNo=9
2026-09-21 20:21:07,20:20,2026-09-21,saga,9,30,ワイド,4-11,25.1,29.9,29,https://www.keiba.go.jp/KeibaWeb/TodayRaceInfo/OddsWide?k_babaCode=32&k_raceDate=2026%2F09%2F21&k_raceNo=9
2026-09-21 20:21:07,20:20,2026-09-21,saga,9,30,ワイド,12-13,27.0,28.2,30,https://www.keiba.go.jp/KeibaWeb/TodayRaceInfo/OddsWide?k_babaCode=32&k_raceDate=2026%2F09%2F21&k_raceNo=9
2026-09-21 20:21:07,20:20,2026-09-21,saga,9,30,ワイド,4-5,27.0,31.7,31,https://www.keiba.go.jp/KeibaWeb/TodayRaceInfo/OddsWide?k_babaCode=32&k_raceDate=2026%2F09%2F21&k_raceNo=9
2026-09-21 20:21:07,20:20,2026-09-21,saga,9,30,ワイド,4-8,27.4,32.2,32,https://www.keiba.go.jp/KeibaWeb/TodayRaceInfo/OddsWide?k_babaCode=32&k_raceDate=2026%2F09%2F21&k_raceNo=9
2026-09-21 20:21:07,20:20,2026-09-21,saga,9,30,ワイド,12-14,28.7,30.3,33,https://www.keiba.go.jp/KeibaWeb/TodayRaceInfo/OddsWide?k_babaCode=32&k_raceDate=2026%2F09%2F21&k_raceNo=9
2026-09-21 20:21:07,20:20,2026-09-21,saga,9,30,ワイド,2-11,29.5,30.5,34,https://www.keiba.go.jp/KeibaWeb/TodayRaceInfo/OddsWide?k_babaCode=32&k_raceDate=2026%2F09%2F21&k_raceNo=9
2026-09-21 20:21:07,20:20,2026-09-21,saga,9,30,ワイド,2-12,30.7,32.4,35,https://www.keiba.go.jp/KeibaWeb/TodayRaceInfo/OddsWide?k_babaCode=32&k_raceDate=2026%2F09%2F21&k_raceNo=9
2026-09-21 20:21:07,20:20,2026-09-21,saga,9,30,ワイド,9-14,32.2,34.6,36,https://www.keiba.go.jp/KeibaWeb/TodayRaceInfo/OddsWide?k_babaCode=32&k_raceDate=2026%2F09%2F21&k_raceNo=9
2026-09-21 20:21:07,20:20,2026-09-21,saga,9,30,ワイド,1-9,33.5,36.6,37,https://www.keiba.go.jp/KeibaWeb/TodayRaceInfo/OddsWide?k_babaCode=32&k_raceDate=2026%2F09%2F21&k_raceNo=9
2026-09-21 20:21:07,20:20,2026-09-21,saga,9,30,ワイド,2-7,33.6,34.9,38,https://www.keiba.go.jp/KeibaWeb/TodayRaceInfo/OddsWide?k_babaCode=32&k_raceDate=2026%2F09%2F21&k_raceNo=9
2026-09-21 20:21:07,20:20,2026-09-21,saga,9,30,ワイド,7-10,33.8,35.9,39,https://www.keiba.go.jp/KeibaWeb/TodayRaceInfo/OddsWide?k_babaCode=32&k_raceDate=2026%2F09%2F21&k_raceNo=9
2026-09-21 20:21:07,20:20,2026-09-21,saga,9,30,ワイド,9-13,35.0,37.4,40,https://www.keiba.go.jp/KeibaWeb/TodayRaceInfo/OddsWide?k_babaCode=32&k_raceDate=2026%2F09%2F21&k_raceNo=9
2026-09-21 20:21:07,20:20,2026-09-21,saga,9,30,ワイド,7-14,36.4,37.8,41,https://www.keiba.go.jp/KeibaWeb/TodayRaceInfo/OddsWide?k_babaCode=32&k_raceDate=2026%2F09%2F21&k_raceNo=9
2026-09-21 20:21:07,20:20,2026-09-21,saga,9,30,ワイド,7-9,36.5,39.0,42,https://www.keiba.go.jp/KeibaWeb/TodayRaceInfo/OddsWide?k_babaCode=32&k_raceDate=2026%2F09%2F21&k_raceNo=9
2026-09-21 20:21:07,20:20,2026-09-21,saga,9,30,ワイド,2-9,39.3,42.1,43,https://www.keiba.go.jp/KeibaWeb/TodayRaceInfo/OddsWide?k_babaCode=32&k_raceDate=2026%2F09%2F21&k_raceNo=9
2026-09-21 20:21:07,20:20,2026-09-21,saga,9,30,ワイド,13-14,39.4,40.8,44,https://www.keiba.go.jp/KeibaWeb/TodayRaceInfo/OddsWide?k_babaCode=32&k_raceDate=2026%2F09%2F21&k_raceNo=9
2026-09-21 20:21:07,20:20,2026-09-21,saga,9,30,ワイド,7-12,40.7,42.7,45,https://www.keiba.go.jp/KeibaWeb/TodayRaceInfo/OddsWide?k_babaCode=32&k_raceDate=2026%2F09%2F21&k_raceNo=9
2026-09-21 20:21:07,20:20,2026-09-21,saga,9,30,ワイド,3-13,41.9,43.7,46,https://www.keiba.go.jp/KeibaWeb/TodayRaceInfo/OddsWide?k_babaCode=32&k_raceDate=2026%2F09%2F21&k_raceNo=9
2026-09-21 20:21:07,20:20,2026-09-21,saga,9,30,ワイド,3-14,44.1,46.5,47,https://www.keiba.go.jp/KeibaWeb/TodayRaceInfo/OddsWide?k_babaCode=32&k_raceDate=2026%2F09%2F21&k_raceNo=9
2026-09-21 20:21:07,20:20,2026-09-21,saga,9,30,ワイド,10-13,47.7,50.4,48,https://www.keiba.go.jp/KeibaWeb/TodayRaceInfo/OddsWide?k_babaCode=32&k_raceDate=2026%2F09%2F21&k_raceNo=9
2026-09-21 20:21:07,20:20,2026-09-21,saga,9,30,ワイド,5-6,47.8,56.6,49,https://www.keiba.go.jp/KeibaWeb/TodayRaceInfo/OddsWide?k_babaCode=32&k_raceDate=2026%2F09%2F21&k_raceNo=9
2026-09-21 20:21:07,20:20,2026-09-21,saga,9,30,ワイド,6-8,48.6,57.5,50,https://www.keiba.go.jp/KeibaWeb/TodayRaceInfo/OddsWide?k_babaCode=32&k_raceDate=2026%2F09%2F21&k_raceNo=9
2026-09-21 20:21:07,20:20,2026-09-21,saga,9,30,ワイド,1-3,49.2,52.6,51,https://www.keiba.go.jp/KeibaWeb/TodayRaceInfo/OddsWide?k_babaCode=32&k_raceDate=2026%2F09%2F21&k_raceNo=9
2026-09-21 20:21:07,20:20,2026-09-21,saga,9,30,ワイド,2-3,51.4,54.1,52,https://www.keiba.go.jp/KeibaWeb/TodayRaceInfo/OddsWide?k_babaCode=32&k_raceDate=2026%2F09%2F21&k_raceNo=9
2026-09-21 20:21:07,20:20,2026-09-21,saga,9,30,ワイド,3-7,51.7,54.1,53,https://www.keiba.go.jp/KeibaWeb/TodayRaceInfo/OddsWide?k_babaCode=32&k_raceDate=2026%2F09%2F21&k_raceNo=9
2026-09-21 20:21:07,20:20,2026-09-21,saga,9,30,ワイド,7-8,54.8,55.9,54,https://www.keiba.go.jp/KeibaWeb/TodayRaceInfo/OddsWide?k_babaCode=32&k_raceDate=2026%2F09%2F21&k_raceNo=9
2026-09-21 20:21:07,20:20,2026-09-21,saga,9,30,ワイド,2-14,56.1,58.6,55,https://www.keiba.go.jp/KeibaWeb/TodayRaceInfo/OddsWide?k_babaCode=32&k_raceDate=2026%2F09%2F21&k_raceNo=9
2026-09-21 20:21:07,20:20,2026-09-21,saga,9,30,ワイド,1-2,60.0,62.7,56,https://www.keiba.go.jp/KeibaWeb/TodayRaceInfo/OddsWide?k_babaCode=32&k_raceDate=2026%2F09%2F21&k_raceNo=9
2026-09-21 20:21:07,20:20,2026-09-21,saga,9,30,ワイド,10-11,60.3,63.8,57,https://www.keiba.go.jp/KeibaWeb/TodayRaceInfo/OddsWide?k_babaCode=32&k_raceDate=2026%2F09%2F21&k_raceNo=9
2026-09-21 20:21:07,20:20,2026-09-21,saga,9,30,ワイド,1-8,63.7,66.2,58,https://www.keiba.go.jp/KeibaWeb/TodayRaceInfo/OddsWide?k_babaCode=32&k_raceDate=2026%2F09%2F21&k_raceNo=9
2026-09-21 20:21:07,20:20,2026-09-21,saga,9,30,ワイド,7-11,65.4,67.4,59,https://www.keiba.go.jp/KeibaWeb/TodayRaceInfo/OddsWide?k_babaCode=32&k_raceDate=2026%2F09%2F21&k_raceNo=9
2026-09-21 20:21:07,20:20,2026-09-21,saga,9,30,ワイド,2-8,65.8,67.3,60,https://www.keiba.go.jp/KeibaWeb/TodayRaceInfo/OddsWide?k_babaCode=32&k_raceDate=2026%2F09%2F21&k_raceNo=9
2026-09-21 20:21:07,20:20,2026-09-21,saga,9,30,ワイド,1-12,68.5,72.8,61,https://www.keiba.go.jp/KeibaWeb/TodayRaceInfo/OddsWide?k_babaCode=32&k_raceDate=2026%2F09%2F21&k_raceNo=9
2026-09-21 20:21:07,20:20,2026-09-21,saga,9,30,ワイド,3-5,71.4,74.4,62,https://www.keiba.go.jp/KeibaWeb/TodayRaceInfo/OddsWide?k_babaCode=32&k_raceDate=2026%2F09%2F21&k_raceNo=9
2026-09-21 20:21:07,20:20,2026-09-21,saga,9,30,ワイド,5-9,74.3,79.4,63,https://www.keiba.go.jp/KeibaWeb/TodayRaceInfo/OddsWide?k_babaCode=32&k_raceDate=2026%2F09%2F21&k_raceNo=9
2026-09-21 20:21:07,20:20,2026-09-21,saga,9,30,ワイド,2-5,75.7,77.6,64,https://www.keiba.go.jp/KeibaWeb/TodayRaceInfo/OddsWide?k_babaCode=32&k_raceDate=2026%2F09%2F21&k_raceNo=9
2026-09-21 20:21:07,20:20,2026-09-21,saga,9,30,ワイド,1-10,85.3,91.4,65,https://www.keiba.go.jp/KeibaWeb/TodayRaceInfo/OddsWide?k_babaCode=32&k_raceDate=2026%2F09%2F21&k_raceNo=9
2026-09-21 20:21:07,20:20,2026-09-21,saga,9,30,ワイド,1-14,92.1,96.4,66,https://www.keiba.go.jp/KeibaWeb/TodayRaceInfo/OddsWide?k_babaCode=32&k_raceDate=2026%2F09%2F21&k_raceNo=9
2026-09-21 20:21:07,20:20,2026-09-21,saga,9,30,ワイド,11-12,94.6,99.0,67,https://www.keiba.go.jp/KeibaWeb/TodayRaceInfo/OddsWide?k_babaCode=32&k_raceDate=2026%2F09%2F21&k_raceNo=9
2026-09-21 20:21:07,20:20,2026-09-21,saga,9,30,ワイド,1-7,95.1,99.0,68,https://www.keiba.go.jp/KeibaWeb/TodayRaceInfo/OddsWide?k_babaCode=32&k_raceDate=2026%2F09%2F21&k_raceNo=9
2026-09-21 20:21:07,20:20,2026-09-21,saga,9,30,ワイド,8-12,95.5,99.0,69,https://www.keiba.go.jp/KeibaWeb/TodayRaceInfo/OddsWide?k_babaCode=32&k_raceDate=2026%2F09%2F21&k_raceNo=9
2026-09-21 20:21:07,20:20,2026-09-21,saga,9,30,ワイド,11-14,98.2,101.9,70,https://www.keiba.go.jp/KeibaWeb/TodayRaceInfo/OddsWide?k_babaCode=32&k_raceDate=2026%2F09%2F21&k_raceNo=9
2026-09-21 20:21:07,20:20,2026-09-21,saga,9,30,ワイド,8-13,100.3,101.9,71,https://www.keiba.go.jp/KeibaWeb/TodayRaceInfo/OddsWide?k_babaCode=32&k_raceDate=2026%2F09%2F21&k_raceNo=9
2026-09-21 20:21:07,20:20,2026-09-21,saga,9,30,ワイド,7-13,104.8,108.0,72,https://www.keiba.go.jp/KeibaWeb/TodayRaceInfo/OddsWide?k_babaCode=32&k_raceDate=2026%2F09%2F21&k_raceNo=9
2026-09-21 20:21:07,20:20,2026-09-21,saga,9,30,ワイド,8-10,106.3,111.3,73,https://www.keiba.go.jp/KeibaWeb/TodayRaceInfo/OddsWide?k_babaCode=32&k_raceDate=2026%2F09%2F21&k_raceNo=9
2026-09-21 20:21:07,20:20,2026-09-21,saga,9,30,ワイド,3-8,106.9,111.3,74,https://www.keiba.go.jp/KeibaWeb/TodayRaceInfo/OddsWide?k_babaCode=32&k_raceDate=2026%2F09%2F21&k_raceNo=9
2026-09-21 20:21:07,20:20,2026-09-21,saga,9,30,ワイド,5-12,122.7,127.1,75,https://www.keiba.go.jp/KeibaWeb/TodayRaceInfo/OddsWide?k_babaCode=32&k_raceDate=2026%2F09%2F21&k_raceNo=9
2026-09-21 20:21:07,20:20,2026-09-21,saga,9,30,ワイド,5-10,126.0,131.8,76,https://www.keiba.go.jp/KeibaWeb/TodayRaceInfo/OddsWide?k_babaCode=32&k_raceDate=2026%2F09%2F21&k_raceNo=9
2026-09-21 20:21:07,20:20,2026-09-21,saga,9,30,ワイド,1-11,126.9,131.9,77,https://www.keiba.go.jp/KeibaWeb/TodayRaceInfo/OddsWide?k_babaCode=32&k_raceDate=2026%2F09%2F21&k_raceNo=9
2026-09-21 20:21:07,20:20,2026-09-21,saga,9,30,ワイド,8-9,128.3,136.9,78,https://www.keiba.go.jp/KeibaWeb/TodayRaceInfo/OddsWide?k_babaCode=32&k_raceDate=2026%2F09%2F21&k_raceNo=9
2026-09-21 20:21:07,20:20,2026-09-21,saga,9,30,ワイド,1-13,131.7,137.0,79,https://www.keiba.go.jp/KeibaWeb/TodayRaceInfo/OddsWide?k_babaCode=32&k_raceDate=2026%2F09%2F21&k_raceNo=9
2026-09-21 20:21:07,20:20,2026-09-21,saga,9,30,ワイド,2-13,132.3,136.8,80,https://www.keiba.go.jp/KeibaWeb/TodayRaceInfo/OddsWide?k_babaCode=32&k_raceDate=2026%2F09%2F21&k_raceNo=9
2026-09-21 20:21:07,20:20,2026-09-21,saga,9,30,ワイド,8-11,134.7,137.0,81,https://www.keiba.go.jp/KeibaWeb/TodayRaceInfo/OddsWide?k_babaCode=32&k_raceDate=2026%2F09%2F21&k_raceNo=9
2026-09-21 20:21:07,20:20,2026-09-21,saga,9,30,ワイド,1-5,137.1,142.5,82,https://www.keiba.go.jp/KeibaWeb/TodayRaceInfo/OddsWide?k_babaCode=32&k_raceDate=2026%2F09%2F21&k_raceNo=9
2026-09-21 20:21:07,20:20,2026-09-21,saga,9,30,ワイド,9-11,138.8,148.3,83,https://www.keiba.go.jp/KeibaWeb/TodayRaceInfo/OddsWide?k_babaCode=32&k_raceDate=2026%2F09%2F21&k_raceNo=9
2026-09-21 20:21:07,20:20,2026-09-21,saga,9,30,ワイド,3-11,147.9,154.6,84,https://www.keiba.go.jp/KeibaWeb/TodayRaceInfo/OddsWide?k_babaCode=32&k_raceDate=2026%2F09%2F21&k_raceNo=9
2026-09-21 20:21:07,20:20,2026-09-21,saga,9,30,ワイド,5-7,151.7,154.7,85,https://www.keiba.go.jp/KeibaWeb/TodayRaceInfo/OddsWide?k_babaCode=32&k_raceDate=2026%2F09%2F21&k_raceNo=9
2026-09-21 20:21:07,20:20,2026-09-21,saga,9,30,ワイド,5-8,152.8,154.9,86,https://www.keiba.go.jp/KeibaWeb/TodayRaceInfo/OddsWide?k_babaCode=32&k_raceDate=2026%2F09%2F21&k_raceNo=9
2026-09-21 20:21:07,20:20,2026-09-21,saga,9,30,ワイド,11-13,203.7,209.4,87,https://www.keiba.go.jp/KeibaWeb/TodayRaceInfo/OddsWide?k_babaCode=32&k_raceDate=2026%2F09%2F21&k_raceNo=9
2026-09-21 20:21:07,20:20,2026-09-21,saga,9,30,ワイド,5-14,204.1,209.3,88,https://www.keiba.go.jp/KeibaWeb/TodayRaceInfo/OddsWide?k_babaCode=32&k_raceDate=2026%2F09%2F21&k_raceNo=9
2026-09-21 20:21:07,20:20,2026-09-21,saga,9,30,ワイド,8-14,204.1,209.3,88,https://www.keiba.go.jp/KeibaWeb/TodayRaceInfo/OddsWide?k_babaCode=32&k_raceDate=2026%2F09%2F21&k_raceNo=9
2026-09-21 20:21:07,20:20,2026-09-21,saga,9,30,ワイド,5-11,233.1,237.3,90,https://www.keiba.go.jp/KeibaWeb/TodayRaceInfo/OddsWide?k_babaCode=32&k_raceDate=2026%2F09%2F21&k_raceNo=9
2026-09-21 20:21:07,20:20,2026-09-21,saga,9,30,ワイド,5-13,233.4,237.3,91,https://www.keiba.go.jp/KeibaWeb/TodayRaceInfo/OddsWide?k_babaCode=32&k_raceDate=2026%2F09%2F21&k_raceNo=9
2026-09-21 20:21:07,20:20,2026-09-21,saga,9,30,三連複,4-6-10,11.1,11.1,1,https://www.keiba.go.jp/KeibaWeb/TodayRaceInfo/Odds3LenFuku?k_babaCode=32&k_raceDate=2026%2F09%2F21&k_raceNo=9
2026-09-21 20:21:07,20:20,2026-09-21,saga,9,30,三連複,4-6-9,12.8,12.8,2,https://www.keiba.go.jp/KeibaWeb/TodayRaceInfo/Odds3LenFuku?k_babaCode=32&k_raceDate=2026%2F09%2F21&k_raceNo=9
2026-09-21 20:21:07,20:20,2026-09-21,saga,9,30,三連複,3-4-6,12.8,12.8,3,https://www.keiba.go.jp/KeibaWeb/TodayRaceInfo/Odds3LenFuku?k_babaCode=32&k_raceDate=2026%2F09%2F21&k_raceNo=9
2026-09-21 20:21:07,20:20,2026-09-21,saga,9,30,三連複,4-6-12,15.1,15.1,4,https://www.keiba.go.jp/KeibaWeb/TodayRaceInfo/Odds3LenFuku?k_babaCode=32&k_raceDate=2026%2F09%2F21&k_raceNo=9
2026-09-21 20:21:07,20:20,2026-09-21,saga,9,30,三連複,4-6-7,22.6,22.6,5,https://www.keiba.go.jp/KeibaWeb/TodayRaceInfo/Odds3LenFuku?k_babaCode=32&k_raceDate=2026%2F09%2F21&k_raceNo=9
2026-09-21 20:21:07,20:20,2026-09-21,saga,9,30,三連複,4-6-14,25.3,25.3,6,https://www.keiba.go.jp/KeibaWeb/TodayRaceInfo/Odds3LenFuku?k_babaCode=32&k_raceDate=2026%2F09%2F21&k_raceNo=9
2026-09-21 20:21:07,20:20,2026-09-21,saga,9,30,三連複,2-4-6,30.5,30.5,7,https://www.keiba.go.jp/KeibaWeb/TodayRaceInfo/Odds3LenFuku?k_babaCode=32&k_raceDate=2026%2F09%2F21&k_raceNo=9
2026-09-21 20:21:07,20:20,2026-09-21,saga,9,30,三連複,4-9-10,40.5,40.5,8,https://www.keiba.go.jp/KeibaWeb/TodayRaceInfo/Odds3LenFuku?k_babaCode=32&k_raceDate=2026%2F09%2F21&k_raceNo=9
2026-09-21 20:21:07,20:20,2026-09-21,saga,9,30,三連複,1-4-6,42.0,42.0,9,https://www.keiba.go.jp/KeibaWeb/TodayRaceInfo/Odds3LenFuku?k_babaCode=32&k_raceDate=2026%2F09%2F21&k_raceNo=9
2026-09-21 20:21:07,20:20,2026-09-21,saga,9,30,三連複,6-10-12,44.0,44.0,10,https://www.keiba.go.jp/KeibaWeb/TodayRaceInfo/Odds3LenFuku?k_babaCode=32&k_raceDate=2026%2F09%2F21&k_raceNo=9
2026-09-21 20:21:07,20:20,2026-09-21,saga,9,30,三連複,3-6-10,47.5,47.5,11,https://www.keiba.go.jp/KeibaWeb/TodayRaceInfo/Odds3LenFuku?k_babaCode=32&k_raceDate=2026%2F09%2F21&k_raceNo=9
2026-09-21 20:21:07,20:20,2026-09-21,saga,9,30,三連複,4-9-12,47.6,47.6,12,https://www.keiba.go.jp/KeibaWeb/TodayRaceInfo/Odds3LenFuku?k_babaCode=32&k_raceDate=2026%2F09%2F21&k_raceNo=9
2026-09-21 20:21:07,20:20,2026-09-21,saga,9,30,三連複,3-4-9,53.2,53.2,13,https://www.keiba.go.jp/KeibaWeb/TodayRaceInfo/Odds3LenFuku?k_babaCode=32&k_raceDate=2026%2F09%2F21&k_raceNo=9
2026-09-21 20:21:07,20:20,2026-09-21,saga,9,30,三連複,6-7-10,55.2,55.2,14,https://www.keiba.go.jp/KeibaWeb/TodayRaceInfo/Odds3LenFuku?k_babaCode=32&k_raceDate=2026%2F09%2F21&k_raceNo=9
2026-09-21 20:21:07,20:20,2026-09-21,saga,9,30,三連複,6-9-12,55.8,55.8,15,https://www.keiba.go.jp/KeibaWeb/TodayRaceInfo/Odds3LenFuku?k_babaCode=32&k_raceDate=2026%2F09%2F21&k_raceNo=9
2026-09-21 20:21:07,20:20,2026-09-21,saga,9,30,三連複,6-10-14,57.1,57.1,16,https://www.keiba.go.jp/KeibaWeb/TodayRaceInfo/Odds3LenFuku?k_babaCode=32&k_raceDate=2026%2F09%2F21&k_raceNo=9
2026-09-21 20:21:07,20:20,2026-09-21,saga,9,30,三連複,4-6-13,60.5,60.5,17,https://www.keiba.go.jp/KeibaWeb/TodayRaceInfo/Odds3LenFuku?k_babaCode=32&k_raceDate=2026%2F09%2F21&k_raceNo=9
2026-09-21 20:21:07,20:20,2026-09-21,saga,9,30,三連複,4-10-12,62.7,62.7,18,https://www.keiba.go.jp/KeibaWeb/TodayRaceInfo/Odds3LenFuku?k_babaCode=32&k_raceDate=2026%2F09%2F21&k_raceNo=9
2026-09-21 20:21:07,20:20,2026-09-21,saga,9,30,三連複,3-4-10,65.2,65.2,19,https://www.keiba.go.jp/KeibaWeb/TodayRaceInfo/Odds3LenFuku?k_babaCode=32&k_raceDate=2026%2F09%2F21&k_raceNo=9
2026-09-21 20:21:07,20:20,2026-09-21,saga,9,30,三連複,3-6-9,66.2,66.2,20,https://www.keiba.go.jp/KeibaWeb/TodayRaceInfo/Odds3LenFuku?k_babaCode=32&k_raceDate=2026%2F09%2F21&k_raceNo=9
2026-09-21 20:21:07,20:20,2026-09-21,saga,9,30,三連複,3-4-12,69.7,69.7,21,https://www.keiba.go.jp/KeibaWeb/TodayRaceInfo/Odds3LenFuku?k_babaCode=32&k_raceDate=2026%2F09%2F21&k_raceNo=9
2026-09-21 20:21:07,20:20,2026-09-21,saga,9,30,三連複,6-9-10,70.7,70.7,22,https://www.keiba.go.jp/KeibaWeb/TodayRaceInfo/Odds3LenFuku?k_babaCode=32&k_raceDate=2026%2F09%2F21&k_raceNo=9
2026-09-21 20:21:07,20:20,2026-09-21,saga,9,30,三連複,1-4-9,71.1,71.1,23,https://www.keiba.go.jp/KeibaWeb/TodayRaceInfo/Odds3LenFuku?k_babaCode=32&k_raceDate=2026%2F09%2F21&k_raceNo=9
2026-09-21 20:21:07,20:20,2026-09-21,saga,9,30,三連複,4-7-9,73.4,73.4,24,https://www.keiba.go.jp/KeibaWeb/TodayRaceInfo/Odds3LenFuku?k_babaCode=32&k_raceDate=2026%2F09%2F21&k_raceNo=9
2026-09-21 20:21:07,20:20,2026-09-21,saga,9,30,三連複,6-9-14,83.1,83.1,25,https://www.keiba.go.jp/KeibaWeb/TodayRaceInfo/Odds3LenFuku?k_babaCode=32&k_raceDate=2026%2F09%2F21&k_raceNo=9
2026-09-21 20:21:07,20:20,2026-09-21,saga,9,30,三連複,4-10-14,83.4,83.4,26,https://www.keiba.go.jp/KeibaWeb/TodayRaceInfo/Odds3LenFuku?k_babaCode=32&k_raceDate=2026%2F09%2F21&k_raceNo=9
2026-09-21 20:21:07,20:20,2026-09-21,saga,9,30,三連複,2-4-9,84.0,84.0,27,https://www.keiba.go.jp/KeibaWeb/TodayRaceInfo/Odds3LenFuku?k_babaCode=32&k_raceDate=2026%2F09%2F21&k_raceNo=9
2026-09-21 20:21:07,20:20,2026-09-21,saga,9,30,三連複,4-6-11,84.3,84.3,28,https://www.keiba.go.jp/KeibaWeb/TodayRaceInfo/Odds3LenFuku?k_babaCode=32&k_raceDate=2026%2F09%2F21&k_raceNo=9
2026-09-21 20:21:07,20:20,2026-09-21,saga,9,30,三連複,4-7-10,85.5,85.5,29,https://www.keiba.go.jp/KeibaWeb/TodayRaceInfo/Odds3LenFuku?k_babaCode=32&k_raceDate=2026%2F09%2F21&k_raceNo=9
2026-09-21 20:21:07,20:20,2026-09-21,saga,9,30,三連複,3-6-12,85.7,85.7,30,https://www.keiba.go.jp/KeibaWeb/TodayRaceInfo/Odds3LenFuku?k_babaCode=32&k_raceDate=2026%2F09%2F21&k_raceNo=9
2026-09-21 20:21:07,20:20,2026-09-21,saga,9,30,三連複,4-5-6,86.1,86.1,31,https://www.keiba.go.jp/KeibaWeb/TodayRaceInfo/Odds3LenFuku?k_babaCode=32&k_raceDate=2026%2F09%2F21&k_raceNo=9
2026-09-21 20:21:07,20:20,2026-09-21,saga,9,30,三連複,4-9-14,86.4,86.4,32,https://www.keiba.go.jp/KeibaWeb/TodayRaceInfo/Odds3LenFuku?k_babaCode=32&k_raceDate=2026%2F09%2F21&k_raceNo=9
2026-09-21 20:21:07,20:20,2026-09-21,saga,9,30,三連複,6-7-9,87.2,87.2,33,https://www.keiba.go.jp/KeibaWeb/TodayRaceInfo/Odds3LenFuku?k_babaCode=32&k_raceDate=2026%2F09%2F21&k_raceNo=9
2026-09-21 20:21:07,20:20,2026-09-21,saga,9,30,三連複,4-6-8,90.0,90.0,34,https://www.keiba.go.jp/KeibaWeb/TodayRaceInfo/Odds3LenFuku?k_babaCode=32&k_raceDate=2026%2F09%2F21&k_raceNo=9
2026-09-21 20:21:07,20:20,2026-09-21,saga,9,30,三連複,6-12-14,98.2,98.2,35,https://www.keiba.go.jp/KeibaWeb/TodayRaceInfo/Odds3LenFuku?k_babaCode=32&k_raceDate=2026%2F09%2F21&k_raceNo=9
2026-09-21 20:21:07,20:20,2026-09-21,saga,9,30,三連複,2-4-10,102.7,102.7,36,https://www.keiba.go.jp/KeibaWeb/TodayRaceInfo/Odds3LenFuku?k_babaCode=32&k_raceDate=2026%2F09%2F21&k_raceNo=9
2026-09-21 20:21:07,20:20,2026-09-21,saga,9,30,三連複,1-3-4,102.9,102.9,37,https://www.keiba.go.jp/KeibaWeb/TodayRaceInfo/Odds3LenFuku?k_babaCode=32&k_raceDate=2026%2F09%2F21&k_raceNo=9
2026-09-21 20:21:07,20:20,2026-09-21,saga,9,30,三連複,1-4-12,104.2,104.2,38,https://www.keiba.go.jp/KeibaWeb/TodayRaceInfo/Odds3LenFuku?k_babaCode=32&k_raceDate=2026%2F09%2F21&k_raceNo=9
2026-09-21 20:21:07,20:20,2026-09-21,saga,9,30,三連複,6-7-12,106.7,106.7,39,https://www.keiba.go.jp/KeibaWeb/TodayRaceInfo/Odds3LenFuku?k_babaCode=32&k_raceDate=2026%2F09%2F21&k_raceNo=9
2026-09-21 20:21:07,20:20,2026-09-21,saga,9,30,三連複,1-4-10,111.0,111.0,40,https://www.keiba.go.jp/KeibaWeb/TodayRaceInfo/Odds3LenFuku?k_babaCode=32&k_raceDate=2026%2F09%2F21&k_raceNo=9
2026-09-21 20:21:07,20:20,2026-09-21,saga,9,30,三連複,3-6-14,112.8,112.8,41,https://www.keiba.go.jp/KeibaWeb/TodayRaceInfo/Odds3LenFuku?k_babaCode=32&k_raceDate=2026%2F09%2F21&k_raceNo=9
2026-09-21 20:21:07,20:20,2026-09-21,saga,9,30,三連複,6-7-14,114.4,114.4,42,https://www.keiba.go.jp/KeibaWeb/TodayRaceInfo/Odds3LenFuku?k_babaCode=32&k_raceDate=2026%2F09%2F21&k_raceNo=9
2026-09-21 20:21:07,20:20,2026-09-21,saga,9,30,三連複,2-3-4,119.0,119.0,43,https://www.keiba.go.jp/KeibaWeb/TodayRaceInfo/Odds3LenFuku?k_babaCode=32&k_raceDate=2026%2F09%2F21&k_raceNo=9
2026-09-21 20:21:07,20:20,2026-09-21,saga,9,30,三連複,3-6-7,122.6,122.6,44,https://www.keiba.go.jp/KeibaWeb/TodayRaceInfo/Odds3LenFuku?k_babaCode=32&k_raceDate=2026%2F09%2F21&k_raceNo=9
2026-09-21 20:21:07,20:20,2026-09-21,saga,9,30,三連複,2-6-10,125.6,125.6,45,https://www.keiba.go.jp/KeibaWeb/TodayRaceInfo/Odds3LenFuku?k_babaCode=32&k_raceDate=2026%2F09%2F21&k_raceNo=9
2026-09-21 20:21:07,20:20,2026-09-21,saga,9,30,三連複,4-9-13,133.3,133.3,46,https://www.keiba.go.jp/KeibaWeb/TodayRaceInfo/Odds3LenFuku?k_babaCode=32&k_raceDate=2026%2F09%2F21&k_raceNo=9
2026-09-21 20:21:07,20:20,2026-09-21,saga,9,30,三連複,2-4-12,135.1,135.1,47,https://www.keiba.go.jp/KeibaWeb/TodayRaceInfo/Odds3LenFuku?k_babaCode=32&k_raceDate=2026%2F09%2F21&k_raceNo=9
2026-09-21 20:21:07,20:20,2026-09-21,saga,9,30,三連複,4-12-14,151.5,151.5,48,https://www.keiba.go.jp/KeibaWeb/TodayRaceInfo/Odds3LenFuku?k_babaCode=32&k_raceDate=2026%2F09%2F21&k_raceNo=9
2026-09-21 20:21:07,20:20,2026-09-21,saga,9,30,三連複,1-6-10,157.4,157.4,49,https://www.keiba.go.jp/KeibaWeb/TodayRaceInfo/Odds3LenFuku?k_babaCode=32&k_raceDate=2026%2F09%2F21&k_raceNo=9
2026-09-21 20:21:07,20:20,2026-09-21,saga,9,30,三連複,4-7-12,157.4,157.4,49,https://www.keiba.go.jp/KeibaWeb/TodayRaceInfo/Odds3LenFuku?k_babaCode=32&k_raceDate=2026%2F09%2F21&k_raceNo=9
2026-09-21 20:21:07,20:20,2026-09-21,saga,9,30,三連複,2-4-7,159.8,159.8,51,https://www.keiba.go.jp/KeibaWeb/TodayRaceInfo/Odds3LenFuku?k_babaCode=32&k_raceDate=2026%2F09%2F21&k_raceNo=9
2026-09-21 20:21:07,20:20,2026-09-21,saga,9,30,三連複,1-4-7,163.6,163.6,52,https://www.keiba.go.jp/KeibaWeb/TodayRaceInfo/Odds3LenFuku?k_babaCode=32&k_raceDate=2026%2F09%2F21&k_raceNo=9
2026-09-21 20:21:07,20:20,2026-09-21,saga,9,30,三連複,3-4-14,164.3,164.3,53,https://www.keiba.go.jp/KeibaWeb/TodayRaceInfo/Odds3LenFuku?k_babaCode=32&k_raceDate=2026%2F09%2F21&k_raceNo=9
2026-09-21 20:21:07,20:20,2026-09-21,saga,9,30,三連複,1-2-4,165.6,165.6,54,https://www.keiba.go.jp/KeibaWeb/TodayRaceInfo/Odds3LenFuku?k_babaCode=32&k_raceDate=2026%2F09%2F21&k_raceNo=9
2026-09-21 20:21:07,20:20,2026-09-21,saga,9,30,三連複,3-4-7,166.3,166.3,55,https://www.keiba.go.jp/KeibaWeb/TodayRaceInfo/Odds3LenFuku?k_babaCode=32&k_raceDate=2026%2F09%2F21&k_raceNo=9
2026-09-21 20:21:07,20:20,2026-09-21,saga,9,30,三連複,1-4-13,174.8,174.8,56,https://www.keiba.go.jp/KeibaWeb/TodayRaceInfo/Odds3LenFuku?k_babaCode=32&k_raceDate=2026%2F09%2F21&k_raceNo=9
2026-09-21 20:21:07,20:20,2026-09-21,saga,9,30,三連複,4-12-13,180.9,180.9,57,https://www.keiba.go.jp/KeibaWeb/TodayRaceInfo/Odds3LenFuku?k_babaCode=32&k_raceDate=2026%2F09%2F21&k_raceNo=9
2026-09-21 20:21:07,20:20,2026-09-21,saga,9,30,三連複,2-6-9,181.7,181.7,58,https://www.keiba.go.jp/KeibaWeb/TodayRaceInfo/Odds3LenFuku?k_babaCode=32&k_raceDate=2026%2F09%2F21&k_raceNo=9
2026-09-21 20:21:07,20:20,2026-09-21,saga,9,30,三連複,4-9-11,182.5,182.5,59,https://www.keiba.go.jp/KeibaWeb/TodayRaceInfo/Odds3LenFuku?k_babaCode=32&k_raceDate=2026%2F09%2F21&k_raceNo=9
2026-09-21 20:21:07,20:20,2026-09-21,saga,9,30,三連複,2-6-12,191.0,191.0,60,https://www.keiba.go.jp/KeibaWeb/TodayRaceInfo/Odds3LenFuku?k_babaCode=32&k_raceDate=2026%2F09%2F21&k_raceNo=9
2026-09-21 20:21:07,20:20,2026-09-21,saga,9,30,三連複,4-7-14,191.9,191.9,61,https://www.keiba.go.jp/KeibaWeb/TodayRaceInfo/Odds3LenFuku?k_babaCode=32&k_raceDate=2026%2F09%2F21&k_raceNo=9
2026-09-21 20:21:07,20:20,2026-09-21,saga,9,30,三連複,4-8-9,198.4,198.4,62,https://www.keiba.go.jp/KeibaWeb/TodayRaceInfo/Odds3LenFuku?k_babaCode=32&k_raceDate=2026%2F09%2F21&k_raceNo=9
2026-09-21 20:21:07,20:20,2026-09-21,saga,9,30,三連複,4-5-9,199.4,199.4,63,https://www.keiba.go.jp/KeibaWeb/TodayRaceInfo/Odds3LenFuku?k_babaCode=32&k_raceDate=2026%2F09%2F21&k_raceNo=9
2026-09-21 20:21:07,20:20,2026-09-21,saga,9,30,三連複,1-4-8,200.3,200.3,64,https://www.keiba.go.jp/KeibaWeb/TodayRaceInfo/Odds3LenFuku?k_babaCode=32&k_raceDate=2026%2F09%2F21&k_raceNo=9
2026-09-21 20:21:07,20:20,2026-09-21,saga,9,30,三連複,3-4-13,204.3,204.3,65,https://www.keiba.go.jp/KeibaWeb/TodayRaceInfo/Odds3LenFuku?k_babaCode=32&k_raceDate=2026%2F09%2F21&k_raceNo=9
2026-09-21 20:21:07,20:20,2026-09-21,saga,9,30,三連複,1-3-6,229.5,229.5,66,https://www.keiba.go.jp/KeibaWeb/TodayRaceInfo/Odds3LenFuku?k_babaCode=32&k_raceDate=2026%2F09%2F21&k_raceNo=9
2026-09-21 20:21:07,20:20,2026-09-21,saga,9,30,三連複,4-10-13,236.1,236.1,67,https://www.keiba.go.jp/KeibaWeb/TodayRaceInfo/Odds3LenFuku?k_babaCode=32&k_raceDate=2026%2F09%2F21&k_raceNo=9
2026-09-21 20:21:07,20:20,2026-09-21,saga,9,30,三連複,1-4-14,238.8,238.8,68,https://www.keiba.go.jp/KeibaWeb/TodayRaceInfo/Odds3LenFuku?k_babaCode=32&k_raceDate=2026%2F09%2F21&k_raceNo=9
2026-09-21 20:21:07,20:20,2026-09-21,saga,9,30,三連複,2-3-6,241.6,241.6,69,https://www.keiba.go.jp/KeibaWeb/TodayRaceInfo/Odds3LenFuku?k_babaCode=32&k_raceDate=2026%2F09%2F21&k_raceNo=9
2026-09-21 20:21:07,20:20,2026-09-21,saga,9,30,三連複,1-6-9,258.3,258.3,70,https://www.keiba.go.jp/KeibaWeb/TodayRaceInfo/Odds3LenFuku?k_babaCode=32&k_raceDate=2026%2F09%2F21&k_raceNo=9
2026-09-21 20:21:07,20:20,2026-09-21,saga,9,30,三連複,4-8-12,266.7,266.7,71,https://www.keiba.go.jp/KeibaWeb/TodayRaceInfo/Odds3LenFuku?k_babaCode=32&k_raceDate=2026%2F09%2F21&k_raceNo=9
2026-09-21 20:21:07,20:20,2026-09-21,saga,9,30,三連複,2-4-14,275.7,275.7,72,https://www.keiba.go.jp/KeibaWeb/TodayRaceInfo/Odds3LenFuku?k_babaCode=32&k_raceDate=2026%2F09%2F21&k_raceNo=9
2026-09-21 20:21:07,20:20,2026-09-21,saga,9,30,三連複,1-4-5,285.2,285.2,73,https://www.keiba.go.jp/KeibaWeb/TodayRaceInfo/Odds3LenFuku?k_babaCode=32&k_raceDate=2026%2F09%2F21&k_raceNo=9
2026-09-21 20:21:07,20:20,2026-09-21,saga,9,30,三連複,2-4-8,293.4,293.4,74,https://www.keiba.go.jp/KeibaWeb/TodayRaceInfo/Odds3LenFuku?k_babaCode=32&k_raceDate=2026%2F09%2F21&k_raceNo=9
2026-09-21 20:21:07,20:20,2026-09-21,saga,9,30,三連複,6-10-13,295.5,295.5,75,https://www.keiba.go.jp/KeibaWeb/TodayRaceInfo/Odds3LenFuku?k_babaCode=32&k_raceDate=2026%2F09%2F21&k_raceNo=9
2026-09-21 20:21:07,20:20,2026-09-21,saga,9,30,三連複,3-4-8,297.6,297.6,76,https://www.keiba.go.jp/KeibaWeb/TodayRaceInfo/Odds3LenFuku?k_babaCode=32&k_raceDate=2026%2F09%2F21&k_raceNo=9
2026-09-21 20:21:07,20:20,2026-09-21,saga,9,30,三連複,2-6-7,302.0,302.0,77,https://www.keiba.go.jp/KeibaWeb/TodayRaceInfo/Odds3LenFuku?k_babaCode=32&k_raceDate=2026%2F09%2F21&k_raceNo=9
2026-09-21 20:21:07,20:20,2026-09-21,saga,9,30,三連複,1-4-11,311.2,311.2,78,https://www.keiba.go.jp/KeibaWeb/TodayRaceInfo/Odds3LenFuku?k_babaCode=32&k_raceDate=2026%2F09%2F21&k_raceNo=9
2026-09-21 20:21:07,20:20,2026-09-21,saga,9,30,三連複,4-10-11,313.5,313.5,79,https://www.keiba.go.jp/KeibaWeb/TodayRaceInfo/Odds3LenFuku?k_babaCode=32&k_raceDate=2026%2F09%2F21&k_raceNo=9
2026-09-21 20:21:07,20:20,2026-09-21,saga,9,30,三連複,9-10-12,313.5,313.5,79,https://www.keiba.go.jp/KeibaWeb/TodayRaceInfo/Odds3LenFuku?k_babaCode=32&k_raceDate=2026%2F09%2F21&k_raceNo=9
2026-09-21 20:21:07,20:20,2026-09-21,saga,9,30,三連複,2-4-13,320.9,320.9,81,https://www.keiba.go.jp/KeibaWeb/TodayRaceInfo/Odds3LenFuku?k_babaCode=32&k_raceDate=2026%2F09%2F21&k_raceNo=9
2026-09-21 20:21:07,20:20,2026-09-21,saga,9,30,三連複,3-9-12,328.6,328.6,82,https://www.keiba.go.jp/KeibaWeb/TodayRaceInfo/Odds3LenFuku?k_babaCode=32&k_raceDate=2026%2F09%2F21&k_raceNo=9
2026-09-21 20:21:07,20:20,2026-09-21,saga,9,30,三連複,6-9-13,328.6,328.6,82,https://www.keiba.go.jp/KeibaWeb/TodayRaceInfo/Odds3LenFuku?k_babaCode=32&k_raceDate=2026%2F09%2F21&k_raceNo=9
2026-09-21 20:21:07,20:20,2026-09-21,saga,9,30,三連複,6-10-11,328.6,328.6,82,https://www.keiba.go.jp/KeibaWeb/TodayRaceInfo/Odds3LenFuku?k_babaCode=32&k_raceDate=2026%2F09%2F21&k_raceNo=9
2026-09-21 20:21:07,20:20,2026-09-21,saga,9,30,三連複,4-11-12,333.9,333.9,85,https://www.keiba.go.jp/KeibaWeb/TodayRaceInfo/Odds3LenFuku?k_babaCode=32&k_raceDate=2026%2F09%2F21&k_raceNo=9
2026-09-21 20:21:07,20:20,2026-09-21,saga,9,30,三連複,3-4-5,354.1,354.1,86,https://www.keiba.go.jp/KeibaWeb/TodayRaceInfo/Odds3LenFuku?k_babaCode=32&k_raceDate=2026%2F09%2F21&k_raceNo=9
2026-09-21 20:21:07,20:20,2026-09-21,saga,9,30,三連複,3-4-11,357.2,357.2,87,https://www.keiba.go.jp/KeibaWeb/TodayRaceInfo/Odds3LenFuku?k_babaCode=32&k_raceDate=2026%2F09%2F21&k_raceNo=9
2026-09-21 20:21:07,20:20,2026-09-21,saga,9,30,三連複,10-12-14,363.5,363.5,88,https://www.keiba.go.jp/KeibaWeb/TodayRaceInfo/Odds3LenFuku?k_babaCode=32&k_raceDate=2026%2F09%2F21&k_raceNo=9
2026-09-21 20:21:07,20:20,2026-09-21,saga,9,30,三連複,2-6-14,366.7,366.7,89,https://www.keiba.go.jp/KeibaWeb/TodayRaceInfo/Odds3LenFuku?k_babaCode=32&k_raceDate=2026%2F09%2F21&k_raceNo=9
2026-09-21 20:21:07,20:20,2026-09-21,saga,9,30,三連複,4-7-11,370.1,370.1,90,https://www.keiba.go.jp/KeibaWeb/TodayRaceInfo/Odds3LenFuku?k_babaCode=32&k_raceDate=2026%2F09%2F21&k_raceNo=9
2026-09-21 20:21:07,20:20,2026-09-21,saga,9,30,三連複,4-7-8,373.4,373.4,91,https://www.keiba.go.jp/KeibaWeb/TodayRaceInfo/Odds3LenFuku?k_babaCode=32&k_raceDate=2026%2F09%2F21&k_raceNo=9
2026-09-21 20:21:07,20:20,2026-09-21,saga,9,30,三連複,6-12-13,376.8,376.8,92,https://www.keiba.go.jp/KeibaWeb/TodayRaceInfo/Odds3LenFuku?k_babaCode=32&k_raceDate=2026%2F09%2F21&k_raceNo=9
2026-09-21 20:21:07,20:20,2026-09-21,saga,9,30,三連複,1-6-12,387.5,387.5,93,https://www.keiba.go.jp/KeibaWeb/TodayRaceInfo/Odds3LenFuku?k_babaCode=32&k_raceDate=2026%2F09%2F21&k_raceNo=9
2026-09-21 20:21:07,20:20,2026-09-21,saga,9,30,三連複,2-4-11,391.2,391.2,94,https://www.keiba.go.jp/KeibaWeb/TodayRaceInfo/Odds3LenFuku?k_babaCode=32&k_raceDate=2026%2F09%2F21&k_raceNo=9
2026-09-21 20:21:07,20:20,2026-09-21,saga,9,30,三連複,9-10-14,395.0,395.0,95,https://www.keiba.go.jp/KeibaWeb/TodayRaceInfo/Odds3LenFuku?k_babaCode=32&k_raceDate=2026%2F09%2F21&k_raceNo=9
2026-09-21 20:21:07,20:20,2026-09-21,saga,9,30,三連複,4-5-7,402.7,402.7,96,https://www.keiba.go.jp/KeibaWeb/TodayRaceInfo/Odds3LenFuku?k_babaCode=32&k_raceDate=2026%2F09%2F21&k_raceNo=9
2026-09-21 20:21:07,20:20,2026-09-21,saga,9,30,三連複,9-12-14,402.7,402.7,96,https://www.keiba.go.jp/KeibaWeb/TodayRaceInfo/Odds3LenFuku?k_babaCode=32&k_raceDate=2026%2F09%2F21&k_raceNo=9
2026-09-21 20:21:07,20:20,2026-09-21,saga,9,30,三連複,4-8-10,406.7,406.7,98,https://www.keiba.go.jp/KeibaWeb/TodayRaceInfo/Odds3LenFuku?k_babaCode=32&k_raceDate=2026%2F09%2F21&k_raceNo=9
2026-09-21 20:21:07,20:20,2026-09-21,saga,9,30,三連複,1-2-6,410.8,410.8,99,https://www.keiba.go.jp/KeibaWeb/TodayRaceInfo/Odds3LenFuku?k_babaCode=32&k_raceDate=2026%2F09%2F21&k_raceNo=9
2026-09-21 20:21:07,20:20,2026-09-21,saga,9,30,三連複,2-10-12,410.8,410.8,99,https://www.keiba.go.jp/KeibaWeb/TodayRaceInfo/Odds3LenFuku?k_babaCode=32&k_raceDate=2026%2F09%2F21&k_raceNo=9
2026-09-21 20:21:07,20:20,2026-09-21,saga,9,30,三連複,4-5-12,419.1,419.1,101,https://www.keiba.go.jp/KeibaWeb/TodayRaceInfo/Odds3LenFuku?k_babaCode=32&k_raceDate=2026%2F09%2F21&k_raceNo=9
2026-09-21 20:21:07,20:20,2026-09-21,saga,9,30,三連複,6-9-11,437.0,437.0,102,https://www.keiba.go.jp/KeibaWeb/TodayRaceInfo/Odds3LenFuku?k_babaCode=32&k_raceDate=2026%2F09%2F21&k_raceNo=9
2026-09-21 20:21:07,20:20,2026-09-21,saga,9,30,三連複,3-9-10,456.4,456.4,103,https://www.keiba.go.jp/KeibaWeb/TodayRaceInfo/Odds3LenFuku?k_babaCode=32&k_raceDate=2026%2F09%2F21&k_raceNo=9
2026-09-21 20:21:07,20:20,2026-09-21,saga,9,30,三連複,6-8-9,472.2,472.2,104,https://www.keiba.go.jp/KeibaWeb/TodayRaceInfo/Odds3LenFuku?k_babaCode=32&k_raceDate=2026%2F09%2F21&k_raceNo=9
2026-09-21 20:21:07,20:20,2026-09-21,saga,9,30,三連複,5-6-9,477.6,477.6,105,https://www.keiba.go.jp/KeibaWeb/TodayRaceInfo/Odds3LenFuku?k_babaCode=32&k_raceDate=2026%2F09%2F21&k_raceNo=9
2026-09-21 20:21:07,20:20,2026-09-21,saga,9,30,三連複,2-4-5,489.0,489.0,106,https://www.keiba.go.jp/KeibaWeb/TodayRaceInfo/Odds3LenFuku?k_babaCode=32&k_raceDate=2026%2F09%2F21&k_raceNo=9
2026-09-21 20:21:07,20:20,2026-09-21,saga,9,30,三連複,3-7-10,489.0,489.0,106,https://www.keiba.go.jp/KeibaWeb/TodayRaceInfo/Odds3LenFuku?k_babaCode=32&k_raceDate=2026%2F09%2F21&k_raceNo=9
2026-09-21 20:21:07,20:20,2026-09-21,saga,9,30,三連複,3-10-12,489.0,489.0,106,https://www.keiba.go.jp/KeibaWeb/TodayRaceInfo/Odds3LenFuku?k_babaCode=32&k_raceDate=2026%2F09%2F21&k_raceNo=9
2026-09-21 20:21:07,20:20,2026-09-21,saga,9,30,三連複,4-8-13,489.0,489.0,106,https://www.keiba.go.jp/KeibaWeb/TodayRaceInfo/Odds3LenFuku?k_babaCode=32&k_raceDate=2026%2F09%2F21&k_raceNo=9
2026-09-21 20:21:07,20:20,2026-09-21,saga,9,30,三連複,2-9-10,494.9,494.9,110,https://www.keiba.go.jp/KeibaWeb/TodayRaceInfo/Odds3LenFuku?k_babaCode=32&k_raceDate=2026%2F09%2F21&k_raceNo=9
2026-09-21 20:21:07,20:20,2026-09-21,saga,9,30,三連複,6-8-10,494.9,494.9,110,https://www.keiba.go.jp/KeibaWeb/TodayRaceInfo/Odds3LenFuku?k_babaCode=32&k_raceDate=2026%2F09%2F21&k_raceNo=9
2026-09-21 20:21:07,20:20,2026-09-21,saga,9,30,三連複,4-5-10,507.1,507.1,112,https://www.keiba.go.jp/KeibaWeb/TodayRaceInfo/Odds3LenFuku?k_babaCode=32&k_raceDate=2026%2F09%2F21&k_raceNo=9
2026-09-21 20:21:07,20:20,2026-09-21,saga,9,30,三連複,4-7-13,513.5,513.5,113,https://www.keiba.go.jp/KeibaWeb/TodayRaceInfo/Odds3LenFuku?k_babaCode=32&k_raceDate=2026%2F09%2F21&k_raceNo=9
2026-09-21 20:21:07,20:20,2026-09-21,saga,9,30,三連複,7-9-10,513.5,513.5,113,https://www.keiba.go.jp/KeibaWeb/TodayRaceInfo/Odds3LenFuku?k_babaCode=32&k_raceDate=2026%2F09%2F21&k_raceNo=9
2026-09-21 20:21:07,20:20,2026-09-21,saga,9,30,三連複,3-9-14,520.0,520.0,115,https://www.keiba.go.jp/KeibaWeb/TodayRaceInfo/Odds3LenFuku?k_babaCode=32&k_raceDate=2026%2F09%2F21&k_raceNo=9
2026-09-21 20:21:07,20:20,2026-09-21,saga,9,30,三連複,1-6-7,526.6,526.6,116,https://www.keiba.go.jp/KeibaWeb/TodayRaceInfo/Odds3LenFuku?k_babaCode=32&k_raceDate=2026%2F09%2F21&k_raceNo=9
2026-09-21 20:21:07,20:20,2026-09-21,saga,9,30,三連複,2-6-13,526.6,526.6,116,https://www.keiba.go.jp/KeibaWeb/TodayRaceInfo/Odds3LenFuku?k_babaCode=32&k_raceDate=2026%2F09%2F21&k_raceNo=9
2026-09-21 20:21:07,20:20,2026-09-21,saga,9,30,三連複,7-10-14,533.5,533.5,118,https://www.keiba.go.jp/KeibaWeb/TodayRaceInfo/Odds3LenFuku?k_babaCode=32&k_raceDate=2026%2F09%2F21&k_raceNo=9
2026-09-21 20:21:07,20:20,2026-09-21,saga,9,30,三連複,2-7-10,540.5,540.5,119,https://www.keiba.go.jp/KeibaWeb/TodayRaceInfo/Odds3LenFuku?k_babaCode=32&k_raceDate=2026%2F09%2F21&k_raceNo=9
2026-09-21 20:21:07,20:20,2026-09-21,saga,9,30,三連複,1-3-10,547.7,547.7,120,https://www.keiba.go.jp/KeibaWeb/TodayRaceInfo/Odds3LenFuku?k_babaCode=32&k_raceDate=2026%2F09%2F21&k_raceNo=9
2026-09-21 20:21:07,20:20,2026-09-21,saga,9,30,三連複,2-6-11,547.7,547.7,120,https://www.keiba.go.jp/KeibaWeb/TodayRaceInfo/Odds3LenFuku?k_babaCode=32&k_raceDate=2026%2F09%2F21&k_raceNo=9
2026-09-21 20:21:07,20:20,2026-09-21,saga,9,30,三連複,5-6-10,547.7,547.7,120,https://www.keiba.go.jp/KeibaWeb/TodayRaceInfo/Odds3LenFuku?k_babaCode=32&k_raceDate=2026%2F09%2F21&k_raceNo=9
2026-09-21 20:21:07,20:20,2026-09-21,saga,9,30,三連複,10-12-13,562.7,562.7,123,https://www.keiba.go.jp/KeibaWeb/TodayRaceInfo/Odds3LenFuku?k_babaCode=32&k_raceDate=2026%2F09%2F21&k_raceNo=9
2026-09-21 20:21:07,20:20,2026-09-21,saga,9,30,三連複,6-11-14,586.8,586.8,124,https://www.keiba.go.jp/KeibaWeb/TodayRaceInfo/Odds3LenFuku?k_babaCode=32&k_raceDate=2026%2F09%2F21&k_raceNo=9
2026-09-21 20:21:07,20:20,2026-09-21,saga,9,30,三連複,7-9-12,586.8,586.8,124,https://www.keiba.go.jp/KeibaWeb/TodayRaceInfo/Odds3LenFuku?k_babaCode=32&k_raceDate=2026%2F09%2F21&k_raceNo=9
2026-09-21 20:21:07,20:20,2026-09-21,saga,9,30,三連複,4-13-14,595.3,595.3,126,https://www.keiba.go.jp/KeibaWeb/TodayRaceInfo/Odds3LenFuku?k_babaCode=32&k_raceDate=2026%2F09%2F21&k_raceNo=9
2026-09-21 20:21:07,20:20,2026-09-21,saga,9,30,三連複,1-9-10,604.1,604.1,127,https://www.keiba.go.jp/KeibaWeb/TodayRaceInfo/Odds3LenFuku?k_babaCode=32&k_raceDate=2026%2F09%2F21&k_raceNo=9
2026-09-21 20:21:07,20:20,2026-09-21,saga,9,30,三連複,3-10-14,604.1,604.1,127,https://www.keiba.go.jp/KeibaWeb/TodayRaceInfo/Odds3LenFuku?k_babaCode=32&k_raceDate=2026%2F09%2F21&k_raceNo=9
2026-09-21 20:21:07,20:20,2026-09-21,saga,9,30,三連複,6-7-11,613.1,613.1,129,https://www.keiba.go.jp/KeibaWeb/TodayRaceInfo/Odds3LenFuku?k_babaCode=32&k_raceDate=2026%2F09%2F21&k_raceNo=9
2026-09-21 20:21:07,20:20,2026-09-21,saga,9,30,三連複,1-6-14,622.4,622.4,130,https://www.keiba.go.jp/KeibaWeb/TodayRaceInfo/Odds3LenFuku?k_babaCode=32&k_raceDate=2026%2F09%2F21&k_raceNo=9
2026-09-21 20:21:07,20:20,2026-09-21,saga,9,30,三連複,2-9-12,622.4,622.4,130,https://www.keiba.go.jp/KeibaWeb/TodayRaceInfo/Odds3LenFuku?k_babaCode=32&k_raceDate=2026%2F09%2F21&k_raceNo=9
2026-09-21 20:21:07,20:20,2026-09-21,saga,9,30,三連複,2-6-8,632.0,632.0,132,https://www.keiba.go.jp/KeibaWeb/TodayRaceInfo/Odds3LenFuku?k_babaCode=32&k_raceDate=2026%2F09%2F21&k_raceNo=9
2026-09-21 20:21:07,20:20,2026-09-21,saga,9,30,三連複,2-10-14,632.0,632.0,132,https://www.keiba.go.jp/KeibaWeb/TodayRaceInfo/Odds3LenFuku?k_babaCode=32&k_raceDate=2026%2F09%2F21&k_raceNo=9
2026-09-21 20:21:07,20:20,2026-09-21,saga,9,30,三連複,2-3-9,641.8,641.8,134,https://www.keiba.go.jp/KeibaWeb/TodayRaceInfo/Odds3LenFuku?k_babaCode=32&k_raceDate=2026%2F09%2F21&k_raceNo=9
2026-09-21 20:21:07,20:20,2026-09-21,saga,9,30,三連複,4-11-14,641.8,641.8,134,https://www.keiba.go.jp/KeibaWeb/TodayRaceInfo/Odds3LenFuku?k_babaCode=32&k_raceDate=2026%2F09%2F21&k_raceNo=9
2026-09-21 20:21:07,20:20,2026-09-21,saga,9,30,三連複,3-6-11,652.0,652.0,136,https://www.keiba.go.jp/KeibaWeb/TodayRaceInfo/Odds3LenFuku?k_babaCode=32&k_raceDate=2026%2F09%2F21&k_raceNo=9
2026-09-21 20:21:07,20:20,2026-09-21,saga,9,30,三連複,2-12-14,662.6,662.6,137,https://www.keiba.go.jp/KeibaWeb/TodayRaceInfo/Odds3LenFuku?k_babaCode=32&k_raceDate=2026%2F09%2F21&k_raceNo=9
2026-09-21 20:21:07,20:20,2026-09-21,saga,9,30,三連複,3-12-14,662.6,662.6,137,https://www.keiba.go.jp/KeibaWeb/TodayRaceInfo/Odds3LenFuku?k_babaCode=32&k_raceDate=2026%2F09%2F21&k_raceNo=9
2026-09-21 20:21:07,20:20,2026-09-21,saga,9,30,三連複,2-3-10,673.4,673.4,139,https://www.keiba.go.jp/KeibaWeb/TodayRaceInfo/Odds3LenFuku?k_babaCode=32&k_raceDate=2026%2F09%2F21&k_raceNo=9
2026-09-21 20:21:07,20:20,2026-09-21,saga,9,30,三連複,6-8-12,673.4,673.4,139,https://www.keiba.go.jp/KeibaWeb/TodayRaceInfo/Odds3LenFuku?k_babaCode=32&k_raceDate=2026%2F09%2F21&k_raceNo=9
2026-09-21 20:21:07,20:20,2026-09-21,saga,9,30,三連複,7-10-12,684.6,684.6,141,https://www.keiba.go.jp/KeibaWeb/TodayRaceInfo/Odds3LenFuku?k_babaCode=32&k_raceDate=2026%2F09%2F21&k_raceNo=9
2026-09-21 20:21:07,20:20,2026-09-21,saga,9,30,三連複,3-7-9,696.2,696.2,142,https://www.keiba.go.jp/KeibaWeb/TodayRaceInfo/Odds3LenFuku?k_babaCode=32&k_raceDate=2026%2F09%2F21&k_raceNo=9
2026-09-21 20:21:07,20:20,2026-09-21,saga,9,30,三連複,5-6-12,696.2,696.2,142,https://www.keiba.go.jp/KeibaWeb/TodayRaceInfo/Odds3LenFuku?k_babaCode=32&k_raceDate=2026%2F09%2F21&k_raceNo=9
2026-09-21 20:21:07,20:20,2026-09-21,saga,9,30,三連複,7-9-14,696.2,696.2,142,https://www.keiba.go.jp/KeibaWeb/TodayRaceInfo/Odds3LenFuku?k_babaCode=32&k_raceDate=2026%2F09%2F21&k_raceNo=9
2026-09-21 20:21:07,20:20,2026-09-21,saga,9,30,三連複,3-6-13,720.7,720.7,145,https://www.keiba.go.jp/KeibaWeb/TodayRaceInfo/Odds3LenFuku?k_babaCode=32&k_raceDate=2026%2F09%2F21&k_raceNo=9
2026-09-21 20:21:07,20:20,2026-09-21,saga,9,30,三連複,3-6-8,733.5,733.5,146,https://www.keiba.go.jp/KeibaWeb/TodayRaceInfo/Odds3LenFuku?k_babaCode=32&k_raceDate=2026%2F09%2F21&k_raceNo=9
2026-09-21 20:21:07,20:20,2026-09-21,saga,9,30,三連複,4-5-14,733.5,733.5,146,https://www.keiba.go.jp/KeibaWeb/TodayRaceInfo/Odds3LenFuku?k_babaCode=32&k_raceDate=2026%2F09%2F21&k_raceNo=9
2026-09-21 20:21:07,20:20,2026-09-21,saga,9,30,三連複,4-8-14,733.5,733.5,146,https://www.keiba.go.jp/KeibaWeb/TodayRaceInfo/Odds3LenFuku?k_babaCode=32&k_raceDate=2026%2F09%2F21&k_raceNo=9
2026-09-21 20:21:07,20:20,2026-09-21,saga,9,30,三連複,1-2-9,746.9,746.9,149,https://www.keiba.go.jp/KeibaWeb/TodayRaceInfo/Odds3LenFuku?k_babaCode=32&k_raceDate=2026%2F09%2F21&k_raceNo=9
2026-09-21 20:21:07,20:20,2026-09-21,saga,9,30,三連複,1-3-9,760.7,760.7,150,https://www.keiba.go.jp/KeibaWeb/TodayRaceInfo/Odds3LenFuku?k_babaCode=32&k_raceDate=2026%2F09%2F21&k_raceNo=9
2026-09-21 20:21:07,20:20,2026-09-21,saga,9,30,三連複,6-13-14,775.1,775.1,151,https://www.keiba.go.jp/KeibaWeb/TodayRaceInfo/Odds3LenFuku?k_babaCode=32&k_raceDate=2026%2F09%2F21&k_raceNo=9
2026-09-21 20:21:07,20:20,2026-09-21,saga,9,30,三連複,7-12-14,775.1,775.1,151,https://www.keiba.go.jp/KeibaWeb/TodayRaceInfo/Odds3LenFuku?k_babaCode=32&k_raceDate=2026%2F09%2F21&k_raceNo=9
2026-09-21 20:21:07,20:20,2026-09-21,saga,9,30,三連複,5-6-7,790.0,790.0,153,https://www.keiba.go.jp/KeibaWeb/TodayRaceInfo/Odds3LenFuku?k_babaCode=32&k_raceDate=2026%2F09%2F21&k_raceNo=9
2026-09-21 20:21:07,20:20,2026-09-21,saga,9,30,三連複,6-7-8,805.5,805.5,154,https://www.keiba.go.jp/KeibaWeb/TodayRaceInfo/Odds3LenFuku?k_babaCode=32&k_raceDate=2026%2F09%2F21&k_raceNo=9
2026-09-21 20:21:07,20:20,2026-09-21,saga,9,30,三連複,9-10-13,805.5,805.5,154,https://www.keiba.go.jp/KeibaWeb/TodayRaceInfo/Odds3LenFuku?k_babaCode=32&k_raceDate=2026%2F09%2F21&k_raceNo=9
2026-09-21 20:21:07,20:20,2026-09-21,saga,9,30,三連複,3-5-6,821.6,821.6,156,https://www.keiba.go.jp/KeibaWeb/TodayRaceInfo/Odds3LenFuku?k_babaCode=32&k_raceDate=2026%2F09%2F21&k_raceNo=9
2026-09-21 20:21:07,20:20,2026-09-21,saga,9,30,三連複,10-11-14,838.3,838.3,157,https://www.keiba.go.jp/KeibaWeb/TodayRaceInfo/Odds3LenFuku?k_babaCode=32&k_raceDate=2026%2F09%2F21&k_raceNo=9
2026-09-21 20:21:07,20:20,2026-09-21,saga,9,30,三連複,1-10-12,855.8,855.8,158,https://www.keiba.go.jp/KeibaWeb/TodayRaceInfo/Odds3LenFuku?k_babaCode=32&k_raceDate=2026%2F09%2F21&k_raceNo=9
2026-09-21 20:21:07,20:20,2026-09-21,saga,9,30,三連複,2-5-6,855.8,855.8,158,https://www.keiba.go.jp/KeibaWeb/TodayRaceInfo/Odds3LenFuku?k_babaCode=32&k_raceDate=2026%2F09%2F21&k_raceNo=9
2026-09-21 20:21:07,20:20,2026-09-21,saga,9,30,三連複,6-11-12,855.8,855.8,158,https://www.keiba.go.jp/KeibaWeb/TodayRaceInfo/Odds3LenFuku?k_babaCode=32&k_raceDate=2026%2F09%2F21&k_raceNo=9
2026-09-21 20:21:07,20:20,2026-09-21,saga,9,30,三連複,2-3-12,874.0,874.0,161,https://www.keiba.go.jp/KeibaWeb/TodayRaceInfo/Odds3LenFuku?k_babaCode=32&k_raceDate=2026%2F09%2F21&k_raceNo=9
2026-09-21 20:21:07,20:20,2026-09-21,saga,9,30,三連複,2-7-9,874.0,874.0,161,https://www.keiba.go.jp/KeibaWeb/TodayRaceInfo/Odds3LenFuku?k_babaCode=32&k_raceDate=2026%2F09%2F21&k_raceNo=9
2026-09-21 20:21:07,20:20,2026-09-21,saga,9,30,三連複,3-9-13,874.0,874.0,161,https://www.keiba.go.jp/KeibaWeb/TodayRaceInfo/Odds3LenFuku?k_babaCode=32&k_raceDate=2026%2F09%2F21&k_raceNo=9
2026-09-21 20:21:07,20:20,2026-09-21,saga,9,30,三連複,4-5-8,912.9,912.9,164,https://www.keiba.go.jp/KeibaWeb/TodayRaceInfo/Odds3LenFuku?k_babaCode=32&k_raceDate=2026%2F09%2F21&k_raceNo=9
2026-09-21 20:21:07,20:20,2026-09-21,saga,9,30,三連複,4-8-11,912.9,912.9,164,https://www.keiba.go.jp/KeibaWeb/TodayRaceInfo/Odds3LenFuku?k_babaCode=32&k_raceDate=2026%2F09%2F21&k_raceNo=9
2026-09-21 20:21:07,20:20,2026-09-21,saga,9,30,三連複,12-13-14,912.9,912.9,164,https://www.keiba.go.jp/KeibaWeb/TodayRaceInfo/Odds3LenFuku?k_babaCode=32&k_raceDate=2026%2F09%2F21&k_raceNo=9
2026-09-21 20:21:07,20:20,2026-09-21,saga,9,30,三連複,1-2-10,933.6,933.6,167,https://www.keiba.go.jp/KeibaWeb/TodayRaceInfo/Odds3LenFuku?k_babaCode=32&k_raceDate=2026%2F09%2F21&k_raceNo=9
2026-09-21 20:21:07,20:20,2026-09-21,saga,9,30,三連複,1-6-8,933.6,933.6,167,https://www.keiba.go.jp/KeibaWeb/TodayRaceInfo/Odds3LenFuku?k_babaCode=32&k_raceDate=2026%2F09%2F21&k_raceNo=9
2026-09-21 20:21:07,20:20,2026-09-21,saga,9,30,三連複,2-9-14,933.6,933.6,167,https://www.keiba.go.jp/KeibaWeb/TodayRaceInfo/Odds3LenFuku?k_babaCode=32&k_raceDate=2026%2F09%2F21&k_raceNo=9
2026-09-21 20:21:07,20:20,2026-09-21,saga,9,30,三連複,3-7-14,955.3,955.3,170,https://www.keiba.go.jp/KeibaWeb/TodayRaceInfo/Odds3LenFuku?k_babaCode=32&k_raceDate=2026%2F09%2F21&k_raceNo=9
2026-09-21 20:21:07,20:20,2026-09-21,saga,9,30,三連複,6-7-13,955.3,955.3,170,https://www.keiba.go.jp/KeibaWeb/TodayRaceInfo/Odds3LenFuku?k_babaCode=32&k_raceDate=2026%2F09%2F21&k_raceNo=9
2026-09-21 20:21:07,20:20,2026-09-21,saga,9,30,三連複,2-10-13,978.1,978.1,172,https://www.keiba.go.jp/KeibaWeb/TodayRaceInfo/Odds3LenFuku?k_babaCode=32&k_raceDate=2026%2F09%2F21&k_raceNo=9
2026-09-21 20:21:07,20:20,2026-09-21,saga,9,30,三連複,6-8-14,978.1,978.1,172,https://www.keiba.go.jp/KeibaWeb/TodayRaceInfo/Odds3LenFuku?k_babaCode=32&k_raceDate=2026%2F09%2F21&k_raceNo=9
2026-09-21 20:21:07,20:20,2026-09-21,saga,9,30,三連複,2-12-13,1027.0,1027.0,174,https://www.keiba.go.jp/KeibaWeb/TodayRaceInfo/Odds3LenFuku?k_babaCode=32&k_raceDate=2026%2F09%2F21&k_raceNo=9
2026-09-21 20:21:07,20:20,2026-09-21,saga,9,30,三連複,7-8-9,1027.0,1027.0,174,https://www.keiba.go.jp/KeibaWeb/TodayRaceInfo/Odds3LenFuku?k_babaCode=32&k_raceDate=2026%2F09%2F21&k_raceNo=9
2026-09-21 20:21:07,20:20,2026-09-21,saga,9,30,三連複,10-13-14,1027.0,1027.0,174,https://www.keiba.go.jp/KeibaWeb/TodayRaceInfo/Odds3LenFuku?k_babaCode=32&k_raceDate=2026%2F09%2F21&k_raceNo=9
2026-09-21 20:21:07,20:20,2026-09-21,saga,9,30,三連複,1-6-13,1053.3,1053.3,177,https://www.keiba.go.jp/KeibaWeb/TodayRaceInfo/Odds3LenFuku?k_babaCode=32&k_raceDate=2026%2F09%2F21&k_raceNo=9
2026-09-21 20:21:07,20:20,2026-09-21,saga,9,30,三連複,9-12-13,1053.3,1053.3,177,https://www.keiba.go.jp/KeibaWeb/TodayRaceInfo/Odds3LenFuku?k_babaCode=32&k_raceDate=2026%2F09%2F21&k_raceNo=9
2026-09-21 20:21:07,20:20,2026-09-21,saga,9,30,三連複,1-9-12,1081.0,1081.0,179,https://www.keiba.go.jp/KeibaWeb/TodayRaceInfo/Odds3LenFuku?k_babaCode=32&k_raceDate=2026%2F09%2F21&k_raceNo=9
2026-09-21 20:21:07,20:20,2026-09-21,saga,9,30,三連複,3-7-12,1081.0,1081.0,179,https://www.keiba.go.jp/KeibaWeb/TodayRaceInfo/Odds3LenFuku?k_babaCode=32&k_raceDate=2026%2F09%2F21&k_raceNo=9
2026-09-21 20:21:07,20:20,2026-09-21,saga,9,30,三連複,3-12-13,1081.0,1081.0,179,https://www.keiba.go.jp/KeibaWeb/TodayRaceInfo/Odds3LenFuku?k_babaCode=32&k_raceDate=2026%2F09%2F21&k_raceNo=9
2026-09-21 20:21:07,20:20,2026-09-21,saga,9,30,三連複,4-11-13,1081.0,1081.0,179,https://www.keiba.go.jp/KeibaWeb/TodayRaceInfo/Odds3LenFuku?k_babaCode=32&k_raceDate=2026%2F09%2F21&k_raceNo=9
2026-09-21 20:21:07,20:20,2026-09-21,saga,9,30,三連複,1-2-3,1110.3,1110.3,183,https://www.keiba.go.jp/KeibaWeb/TodayRaceInfo/Odds3LenFuku?k_babaCode=32&k_raceDate=2026%2F09%2F21&k_raceNo=9
2026-09-21 20:21:07,20:20,2026-09-21,saga,9,30,三連複,1-2-12,1110.3,1110.3,183,https://www.keiba.go.jp/KeibaWeb/TodayRaceInfo/Odds3LenFuku?k_babaCode=32&k_raceDate=2026%2F09%2F21&k_raceNo=9
2026-09-21 20:21:07,20:20,2026-09-21,saga,9,30,三連複,2-7-12,1110.3,1110.3,183,https://www.keiba.go.jp/KeibaWeb/TodayRaceInfo/Odds3LenFuku?k_babaCode=32&k_raceDate=2026%2F09%2F21&k_raceNo=9
2026-09-21 20:21:07,20:20,2026-09-21,saga,9,30,三連複,6-8-13,1110.3,1110.3,183,https://www.keiba.go.jp/KeibaWeb/TodayRaceInfo/Odds3LenFuku?k_babaCode=32&k_raceDate=2026%2F09%2F21&k_raceNo=9
2026-09-21 20:21:07,20:20,2026-09-21,saga,9,30,三連複,10-11-12,1110.3,1110.3,183,https://www.keiba.go.jp/KeibaWeb/TodayRaceInfo/Odds3LenFuku?k_babaCode=32&k_raceDate=2026%2F09%2F21&k_raceNo=9
2026-09-21 20:21:07,20:20,2026-09-21,saga,9,30,三連複,2-3-7,1173.7,1173.7,188,https://www.keiba.go.jp/KeibaWeb/TodayRaceInfo/Odds3LenFuku?k_babaCode=32&k_raceDate=2026%2F09%2F21&k_raceNo=9
2026-09-21 20:21:07,20:20,2026-09-21,saga,9,30,三連複,2-7-8,1173.7,1173.7,188,https://www.keiba.go.jp/KeibaWeb/TodayRaceInfo/Odds3LenFuku?k_babaCode=32&k_raceDate=2026%2F09%2F21&k_raceNo=9
2026-09-21 20:21:07,20:20,2026-09-21,saga,9,30,三連複,3-5-10,1173.7,1173.7,188,https://www.keiba.go.jp/KeibaWeb/TodayRaceInfo/Odds3LenFuku?k_babaCode=32&k_raceDate=2026%2F09%2F21&k_raceNo=9
2026-09-21 20:21:07,20:20,2026-09-21,saga,9,30,三連複,3-8-9,1173.7,1173.7,188,https://www.keiba.go.jp/KeibaWeb/TodayRaceInfo/Odds3LenFuku?k_babaCode=32&k_raceDate=2026%2F09%2F21&k_raceNo=9
2026-09-21 20:21:07,20:20,2026-09-21,saga,9,30,三連複,3-13-14,1173.7,1173.7,188,https://www.keiba.go.jp/KeibaWeb/TodayRaceInfo/Odds3LenFuku?k_babaCode=32&k_raceDate=2026%2F09%2F21&k_raceNo=9
2026-09-21 20:21:07,20:20,2026-09-21,saga,9,30,三連複,4-5-11,1173.7,1173.7,188,https://www.keiba.go.jp/KeibaWeb/TodayRaceInfo/Odds3LenFuku?k_babaCode=32&k_raceDate=2026%2F09%2F21&k_raceNo=9
2026-09-21 20:21:07,20:20,2026-09-21,saga,9,30,三連複,1-12-14,1208.2,1208.2,194,https://www.keiba.go.jp/KeibaWeb/TodayRaceInfo/Odds3LenFuku?k_babaCode=32&k_raceDate=2026%2F09%2F21&k_raceNo=9
2026-09-21 20:21:07,20:20,2026-09-21,saga,9,30,三連複,5-6-14,1208.2,1208.2,194,https://www.keiba.go.jp/KeibaWeb/TodayRaceInfo/Odds3LenFuku?k_babaCode=32&k_raceDate=2026%2F09%2F21&k_raceNo=9
2026-09-21 20:21:07,20:20,2026-09-21,saga,9,30,三連複,2-3-14,1244.8,1244.8,196,https://www.keiba.go.jp/KeibaWeb/TodayRaceInfo/Odds3LenFuku?k_babaCode=32&k_raceDate=2026%2F09%2F21&k_raceNo=9
2026-09-21 20:21:07,20:20,2026-09-21,saga,9,30,三連複,2-5-10,1244.8,1244.8,196,https://www.keiba.go.jp/KeibaWeb/TodayRaceInfo/Odds3LenFuku?k_babaCode=32&k_raceDate=2026%2F09%2F21&k_raceNo=9
2026-09-21 20:21:07,20:20,2026-09-21,saga,9,30,三連複,1-2-5,1283.7,1283.7,198,https://www.keiba.go.jp/KeibaWeb/TodayRaceInfo/Odds3LenFuku?k_babaCode=32&k_raceDate=2026%2F09%2F21&k_raceNo=9
2026-09-21 20:21:07,20:20,2026-09-21,saga,9,30,三連複,1-9-13,1283.7,1283.7,198,https://www.keiba.go.jp/KeibaWeb/TodayRaceInfo/Odds3LenFuku?k_babaCode=32&k_raceDate=2026%2F09%2F21&k_raceNo=9
2026-09-21 20:21:07,20:20,2026-09-21,saga,9,30,三連複,1-10-14,1283.7,1283.7,198,https://www.keiba.go.jp/KeibaWeb/TodayRaceInfo/Odds3LenFuku?k_babaCode=32&k_raceDate=2026%2F09%2F21&k_raceNo=9
2026-09-21 20:21:07,20:20,2026-09-21,saga,9,30,三連複,2-7-14,1283.7,1283.7,198,https://www.keiba.go.jp/KeibaWeb/TodayRaceInfo/Odds3LenFuku?k_babaCode=32&k_raceDate=2026%2F09%2F21&k_raceNo=9
2026-09-21 20:21:07,20:20,2026-09-21,saga,9,30,三連複,4-5-13,1283.7,1283.7,198,https://www.keiba.go.jp/KeibaWeb/TodayRaceInfo/Odds3LenFuku?k_babaCode=32&k_raceDate=2026%2F09%2F21&k_raceNo=9
2026-09-21 20:21:07,20:20,2026-09-21,saga,9,30,三連複,11-12-14,1283.7,1283.7,198,https://www.keiba.go.jp/KeibaWeb/TodayRaceInfo/Odds3LenFuku?k_babaCode=32&k_raceDate=2026%2F09%2F21&k_raceNo=9
2026-09-21 20:21:07,20:20,2026-09-21,saga,9,30,三連複,1-3-7,1325.2,1325.2,204,https://www.keiba.go.jp/KeibaWeb/TodayRaceInfo/Odds3LenFuku?k_babaCode=32&k_raceDate=2026%2F09%2F21&k_raceNo=9
2026-09-21 20:21:07,20:20,2026-09-21,saga,9,30,三連複,1-3-12,1325.2,1325.2,204,https://www.keiba.go.jp/KeibaWeb/TodayRaceInfo/Odds3LenFuku?k_babaCode=32&k_raceDate=2026%2F09%2F21&k_raceNo=9
2026-09-21 20:21:07,20:20,2026-09-21,saga,9,30,三連複,1-5-6,1325.2,1325.2,204,https://www.keiba.go.jp/KeibaWeb/TodayRaceInfo/Odds3LenFuku?k_babaCode=32&k_raceDate=2026%2F09%2F21&k_raceNo=9
2026-09-21 20:21:07,20:20,2026-09-21,saga,9,30,三連複,1-7-10,1325.2,1325.2,204,https://www.keiba.go.jp/KeibaWeb/TodayRaceInfo/Odds3LenFuku?k_babaCode=32&k_raceDate=2026%2F09%2F21&k_raceNo=9
2026-09-21 20:21:07,20:20,2026-09-21,saga,9,30,三連複,1-2-8,1369.3,1369.3,208,https://www.keiba.go.jp/KeibaWeb/TodayRaceInfo/Odds3LenFuku?k_babaCode=32&k_raceDate=2026%2F09%2F21&k_raceNo=9
2026-09-21 20:21:07,20:20,2026-09-21,saga,9,30,三連複,1-3-5,1369.3,1369.3,208,https://www.keiba.go.jp/KeibaWeb/TodayRaceInfo/Odds3LenFuku?k_babaCode=32&k_raceDate=2026%2F09%2F21&k_raceNo=9
2026-09-21 20:21:07,20:20,2026-09-21,saga,9,30,三連複,2-8-10,1369.3,1369.3,208,https://www.keiba.go.jp/KeibaWeb/TodayRaceInfo/Odds3LenFuku?k_babaCode=32&k_raceDate=2026%2F09%2F21&k_raceNo=9
2026-09-21 20:21:07,20:20,2026-09-21,saga,9,30,三連複,2-9-13,1369.3,1369.3,208,https://www.keiba.go.jp/KeibaWeb/TodayRaceInfo/Odds3LenFuku?k_babaCode=32&k_raceDate=2026%2F09%2F21&k_raceNo=9
2026-09-21 20:21:07,20:20,2026-09-21,saga,9,30,三連複,1-2-7,1416.6,1416.6,212,https://www.keiba.go.jp/KeibaWeb/TodayRaceInfo/Odds3LenFuku?k_babaCode=32&k_raceDate=2026%2F09%2F21&k_raceNo=9
2026-09-21 20:21:07,20:20,2026-09-21,saga,9,30,三連複,2-8-9,1416.6,1416.6,212,https://www.keiba.go.jp/KeibaWeb/TodayRaceInfo/Odds3LenFuku?k_babaCode=32&k_raceDate=2026%2F09%2F21&k_raceNo=9
2026-09-21 20:21:07,20:20,2026-09-21,saga,9,30,三連複,1-12-13,1467.1,1467.1,214,https://www.keiba.go.jp/KeibaWeb/TodayRaceInfo/Odds3LenFuku?k_babaCode=32&k_raceDate=2026%2F09%2F21&k_raceNo=9
2026-09-21 20:21:07,20:20,2026-09-21,saga,9,30,三連複,2-5-9,1467.1,1467.1,214,https://www.keiba.go.jp/KeibaWeb/TodayRaceInfo/Odds3LenFuku?k_babaCode=32&k_raceDate=2026%2F09%2F21&k_raceNo=9
2026-09-21 20:21:07,20:20,2026-09-21,saga,9,30,三連複,1-7-12,1521.5,1521.5,216,https://www.keiba.go.jp/KeibaWeb/TodayRaceInfo/Odds3LenFuku?k_babaCode=32&k_raceDate=2026%2F09%2F21&k_raceNo=9
2026-09-21 20:21:07,20:20,2026-09-21,saga,9,30,三連複,1-9-14,1521.5,1521.5,216,https://www.keiba.go.jp/KeibaWeb/TodayRaceInfo/Odds3LenFuku?k_babaCode=32&k_raceDate=2026%2F09%2F21&k_raceNo=9
2026-09-21 20:21:07,20:20,2026-09-21,saga,9,30,三連複,2-10-11,1521.5,1521.5,216,https://www.keiba.go.jp/KeibaWeb/TodayRaceInfo/Odds3LenFuku?k_babaCode=32&k_raceDate=2026%2F09%2F21&k_raceNo=9
2026-09-21 20:21:07,20:20,2026-09-21,saga,9,30,三連複,5-6-8,1521.5,1521.5,216,https://www.keiba.go.jp/KeibaWeb/TodayRaceInfo/Odds3LenFuku?k_babaCode=32&k_raceDate=2026%2F09%2F21&k_raceNo=9
2026-09-21 20:21:07,20:20,2026-09-21,saga,9,30,三連複,3-10-11,1580.0,1580.0,220,https://www.keiba.go.jp/KeibaWeb/TodayRaceInfo/Odds3LenFuku?k_babaCode=32&k_raceDate=2026%2F09%2F21&k_raceNo=9
2026-09-21 20:21:07,20:20,2026-09-21,saga,9,30,三連複,3-10-13,1580.0,1580.0,220,https://www.keiba.go.jp/KeibaWeb/TodayRaceInfo/Odds3LenFuku?k_babaCode=32&k_raceDate=2026%2F09%2F21&k_raceNo=9
2026-09-21 20:21:07,20:20,2026-09-21,saga,9,30,三連複,5-9-10,1580.0,1580.0,220,https://www.keiba.go.jp/KeibaWeb/TodayRaceInfo/Odds3LenFuku?k_babaCode=32&k_raceDate=2026%2F09%2F21&k_raceNo=9
2026-09-21 20:21:07,20:20,2026-09-21,saga,9,30,三連複,8-9-12,1580.0,1580.0,220,https://www.keiba.go.jp/KeibaWeb/TodayRaceInfo/Odds3LenFuku?k_babaCode=32&k_raceDate=2026%2F09%2F21&k_raceNo=9
2026-09-21 20:21:07,20:20,2026-09-21,saga,9,30,三連複,1-3-14,1643.2,1643.2,224,https://www.keiba.go.jp/KeibaWeb/TodayRaceInfo/Odds3LenFuku?k_babaCode=32&k_raceDate=2026%2F09%2F21&k_raceNo=9
2026-09-21 20:21:07,20:20,2026-09-21,saga,9,30,三連複,2-3-5,1643.2,1643.2,224,https://www.keiba.go.jp/KeibaWeb/TodayRaceInfo/Odds3LenFuku?k_babaCode=32&k_raceDate=2026%2F09%2F21&k_raceNo=9
2026-09-21 20:21:07,20:20,2026-09-21,saga,9,30,三連複,3-7-8,1643.2,1643.2,224,https://www.keiba.go.jp/KeibaWeb/TodayRaceInfo/Odds3LenFuku?k_babaCode=32&k_raceDate=2026%2F09%2F21&k_raceNo=9
2026-09-21 20:21:07,20:20,2026-09-21,saga,9,30,三連複,2-3-13,1711.7,1711.7,227,https://www.keiba.go.jp/KeibaWeb/TodayRaceInfo/Odds3LenFuku?k_babaCode=32&k_raceDate=2026%2F09%2F21&k_raceNo=9
2026-09-21 20:21:07,20:20,2026-09-21,saga,9,30,三連複,2-8-12,1711.7,1711.7,227,https://www.keiba.go.jp/KeibaWeb/TodayRaceInfo/Odds3LenFuku?k_babaCode=32&k_raceDate=2026%2F09%2F21&k_raceNo=9
2026-09-21 20:21:07,20:20,2026-09-21,saga,9,30,三連複,2-11-12,1711.7,1711.7,227,https://www.keiba.go.jp/KeibaWeb/TodayRaceInfo/Odds3LenFuku?k_babaCode=32&k_raceDate=2026%2F09%2F21&k_raceNo=9
2026-09-21 20:21:07,20:20,2026-09-21,saga,9,30,三連複,6-8-11,1711.7,1711.7,227,https://www.keiba.go.jp/KeibaWeb/TodayRaceInfo/Odds3LenFuku?k_babaCode=32&k_raceDate=2026%2F09%2F21&k_raceNo=9
2026-09-21 20:21:07,20:20,2026-09-21,saga,9,30,三連複,7-8-10,1711.7,1711.7,227,https://www.keiba.go.jp/KeibaWeb/TodayRaceInfo/Odds3LenFuku?k_babaCode=32&k_raceDate=2026%2F09%2F21&k_raceNo=9
2026-09-21 20:21:07,20:20,2026-09-21,saga,9,30,三連複,8-9-10,1711.7,1711.7,227,https://www.keiba.go.jp/KeibaWeb/TodayRaceInfo/Odds3LenFuku?k_babaCode=32&k_raceDate=2026%2F09%2F21&k_raceNo=9
2026-09-21 20:21:07,20:20,2026-09-21,saga,9,30,三連複,1-8-9,1786.1,1786.1,233,https://www.keiba.go.jp/KeibaWeb/TodayRaceInfo/Odds3LenFuku?k_babaCode=32&k_raceDate=2026%2F09%2F21&k_raceNo=9
2026-09-21 20:21:07,20:20,2026-09-21,saga,9,30,三連複,1-10-13,1786.1,1786.1,233,https://www.keiba.go.jp/KeibaWeb/TodayRaceInfo/Odds3LenFuku?k_babaCode=32&k_raceDate=2026%2F09%2F21&k_raceNo=9
2026-09-21 20:21:07,20:20,2026-09-21,saga,9,30,三連複,3-11-12,1786.1,1786.1,233,https://www.keiba.go.jp/KeibaWeb/TodayRaceInfo/Odds3LenFuku?k_babaCode=32&k_raceDate=2026%2F09%2F21&k_raceNo=9
2026-09-21 20:21:07,20:20,2026-09-21,saga,9,30,三連複,6-11-13,1786.1,1786.1,233,https://www.keiba.go.jp/KeibaWeb/TodayRaceInfo/Odds3LenFuku?k_babaCode=32&k_raceDate=2026%2F09%2F21&k_raceNo=9
2026-09-21 20:21:07,20:20,2026-09-21,saga,9,30,三連複,7-10-11,1786.1,1786.1,233,https://www.keiba.go.jp/KeibaWeb/TodayRaceInfo/Odds3LenFuku?k_babaCode=32&k_raceDate=2026%2F09%2F21&k_raceNo=9
2026-09-21 20:21:07,20:20,2026-09-21,saga,9,30,三連複,1-6-11,1867.3,1867.3,238,https://www.keiba.go.jp/KeibaWeb/TodayRaceInfo/Odds3LenFuku?k_babaCode=32&k_raceDate=2026%2F09%2F21&k_raceNo=9
2026-09-21 20:21:07,20:20,2026-09-21,saga,9,30,三連複,1-7-8,1867.3,1867.3,238,https://www.keiba.go.jp/KeibaWeb/TodayRaceInfo/Odds3LenFuku?k_babaCode=32&k_raceDate=2026%2F09%2F21&k_raceNo=9
2026-09-21 20:21:07,20:20,2026-09-21,saga,9,30,三連複,1-7-9,1867.3,1867.3,238,https://www.keiba.go.jp/KeibaWeb/TodayRaceInfo/Odds3LenFuku?k_babaCode=32&k_raceDate=2026%2F09%2F21&k_raceNo=9
2026-09-21 20:21:07,20:20,2026-09-21,saga,9,30,三連複,2-3-8,1867.3,1867.3,238,https://www.keiba.go.jp/KeibaWeb/TodayRaceInfo/Odds3LenFuku?k_babaCode=32&k_raceDate=2026%2F09%2F21&k_raceNo=9
2026-09-21 20:21:07,20:20,2026-09-21,saga,9,30,三連複,2-5-7,1867.3,1867.3,238,https://www.keiba.go.jp/KeibaWeb/TodayRaceInfo/Odds3LenFuku?k_babaCode=32&k_raceDate=2026%2F09%2F21&k_raceNo=9
2026-09-21 20:21:07,20:20,2026-09-21,saga,9,30,三連複,3-8-10,1867.3,1867.3,238,https://www.keiba.go.jp/KeibaWeb/TodayRaceInfo/Odds3LenFuku?k_babaCode=32&k_raceDate=2026%2F09%2F21&k_raceNo=9
2026-09-21 20:21:07,20:20,2026-09-21,saga,9,30,三連複,3-11-14,1867.3,1867.3,238,https://www.keiba.go.jp/KeibaWeb/TodayRaceInfo/Odds3LenFuku?k_babaCode=32&k_raceDate=2026%2F09%2F21&k_raceNo=9
2026-09-21 20:21:07,20:20,2026-09-21,saga,9,30,三連複,5-7-9,1867.3,1867.3,238,https://www.keiba.go.jp/KeibaWeb/TodayRaceInfo/Odds3LenFuku?k_babaCode=32&k_raceDate=2026%2F09%2F21&k_raceNo=9
2026-09-21 20:21:07,20:20,2026-09-21,saga,9,30,三連複,5-12-14,1867.3,1867.3,238,https://www.keiba.go.jp/KeibaWeb/TodayRaceInfo/Odds3LenFuku?k_babaCode=32&k_raceDate=2026%2F09%2F21&k_raceNo=9
2026-09-21 20:21:07,20:20,2026-09-21,saga,9,30,三連複,7-9-11,1867.3,1867.3,238,https://www.keiba.go.jp/KeibaWeb/TodayRaceInfo/Odds3LenFuku?k_babaCode=32&k_raceDate=2026%2F09%2F21&k_raceNo=9
2026-09-21 20:21:07,20:20,2026-09-21,saga,9,30,三連複,9-10-11,1867.3,1867.3,238,https://www.keiba.go.jp/KeibaWeb/TodayRaceInfo/Odds3LenFuku?k_babaCode=32&k_raceDate=2026%2F09%2F21&k_raceNo=9
2026-09-21 20:21:07,20:20,2026-09-21,saga,9,30,三連複,2-5-12,1956.2,1956.2,249,https://www.keiba.go.jp/KeibaWeb/TodayRaceInfo/Odds3LenFuku?k_babaCode=32&k_raceDate=2026%2F09%2F21&k_raceNo=9
2026-09-21 20:21:07,20:20,2026-09-21,saga,9,30,三連複,2-11-14,1956.2,1956.2,249,https://www.keiba.go.jp/KeibaWeb/TodayRaceInfo/Odds3LenFuku?k_babaCode=32&k_raceDate=2026%2F09%2F21&k_raceNo=9
2026-09-21 20:21:07,20:20,2026-09-21,saga,9,30,三連複,2-13-14,1956.2,1956.2,249,https://www.keiba.go.jp/KeibaWeb/TodayRaceInfo/Odds3LenFuku?k_babaCode=32&k_raceDate=2026%2F09%2F21&k_raceNo=9
2026-09-21 20:21:07,20:20,2026-09-21,saga,9,30,三連複,3-5-9,1956.2,1956.2,249,https://www.keiba.go.jp/KeibaWeb/TodayRaceInfo/Odds3LenFuku?k_babaCode=32&k_raceDate=2026%2F09%2F21&k_raceNo=9
2026-09-21 20:21:07,20:20,2026-09-21,saga,9,30,三連複,5-7-10,1956.2,1956.2,249,https://www.keiba.go.jp/KeibaWeb/TodayRaceInfo/Odds3LenFuku?k_babaCode=32&k_raceDate=2026%2F09%2F21&k_raceNo=9
2026-09-21 20:21:07,20:20,2026-09-21,saga,9,30,三連複,5-10-14,1956.2,1956.2,249,https://www.keiba.go.jp/KeibaWeb/TodayRaceInfo/Odds3LenFuku?k_babaCode=32&k_raceDate=2026%2F09%2F21&k_raceNo=9
2026-09-21 20:21:07,20:20,2026-09-21,saga,9,30,三連複,7-10-13,1956.2,1956.2,249,https://www.keiba.go.jp/KeibaWeb/TodayRaceInfo/Odds3LenFuku?k_babaCode=32&k_raceDate=2026%2F09%2F21&k_raceNo=9
2026-09-21 20:21:07,20:20,2026-09-21,saga,9,30,三連複,7-11-14,1956.2,1956.2,249,https://www.keiba.go.jp/KeibaWeb/TodayRaceInfo/Odds3LenFuku?k_babaCode=32&k_raceDate=2026%2F09%2F21&k_raceNo=9
2026-09-21 20:21:07,20:20,2026-09-21,saga,9,30,三連複,9-13-14,1956.2,1956.2,249,https://www.keiba.go.jp/KeibaWeb/TodayRaceInfo/Odds3LenFuku?k_babaCode=32&k_raceDate=2026%2F09%2F21&k_raceNo=9
2026-09-21 20:21:07,20:20,2026-09-21,saga,9,30,三連複,11-12-13,1956.2,1956.2,249,https://www.keiba.go.jp/KeibaWeb/TodayRaceInfo/Odds3LenFuku?k_babaCode=32&k_raceDate=2026%2F09%2F21&k_raceNo=9
2026-09-21 20:21:07,20:20,2026-09-21,saga,9,30,三連複,1-10-11,2054.0,2054.0,259,https://www.keiba.go.jp/KeibaWeb/TodayRaceInfo/Odds3LenFuku?k_babaCode=32&k_raceDate=2026%2F09%2F21&k_raceNo=9
2026-09-21 20:21:07,20:20,2026-09-21,saga,9,30,三連複,2-7-11,2054.0,2054.0,259,https://www.keiba.go.jp/KeibaWeb/TodayRaceInfo/Odds3LenFuku?k_babaCode=32&k_raceDate=2026%2F09%2F21&k_raceNo=9
2026-09-21 20:21:07,20:20,2026-09-21,saga,9,30,三連複,3-5-7,2054.0,2054.0,259,https://www.keiba.go.jp/KeibaWeb/TodayRaceInfo/Odds3LenFuku?k_babaCode=32&k_raceDate=2026%2F09%2F21&k_raceNo=9
2026-09-21 20:21:07,20:20,2026-09-21,saga,9,30,三連複,3-5-8,2054.0,2054.0,259,https://www.keiba.go.jp/KeibaWeb/TodayRaceInfo/Odds3LenFuku?k_babaCode=32&k_raceDate=2026%2F09%2F21&k_raceNo=9
2026-09-21 20:21:07,20:20,2026-09-21,saga,9,30,三連複,5-6-13,2054.0,2054.0,259,https://www.keiba.go.jp/KeibaWeb/TodayRaceInfo/Odds3LenFuku?k_babaCode=32&k_raceDate=2026%2F09%2F21&k_raceNo=9
2026-09-21 20:21:07,20:20,2026-09-21,saga,9,30,三連複,7-8-12,2054.0,2054.0,259,https://www.keiba.go.jp/KeibaWeb/TodayRaceInfo/Odds3LenFuku?k_babaCode=32&k_raceDate=2026%2F09%2F21&k_raceNo=9
2026-09-21 20:21:07,20:20,2026-09-21,saga,9,30,三連複,8-10-12,2054.0,2054.0,259,https://www.keiba.go.jp/KeibaWeb/TodayRaceInfo/Odds3LenFuku?k_babaCode=32&k_raceDate=2026%2F09%2F21&k_raceNo=9
2026-09-21 20:21:07,20:20,2026-09-21,saga,9,30,三連複,8-10-14,2054.0,2054.0,259,https://www.keiba.go.jp/KeibaWeb/TodayRaceInfo/Odds3LenFuku?k_babaCode=32&k_raceDate=2026%2F09%2F21&k_raceNo=9
2026-09-21 20:21:07,20:20,2026-09-21,saga,9,30,三連複,1-2-14,2162.1,2162.1,267,https://www.keiba.go.jp/KeibaWeb/TodayRaceInfo/Odds3LenFuku?k_babaCode=32&k_raceDate=2026%2F09%2F21&k_raceNo=9
2026-09-21 20:21:07,20:20,2026-09-21,saga,9,30,三連複,1-5-7,2162.1,2162.1,267,https://www.keiba.go.jp/KeibaWeb/TodayRaceInfo/Odds3LenFuku?k_babaCode=32&k_raceDate=2026%2F09%2F21&k_raceNo=9
2026-09-21 20:21:07,20:20,2026-09-21,saga,9,30,三連複,3-5-12,2162.1,2162.1,267,https://www.keiba.go.jp/KeibaWeb/TodayRaceInfo/Odds3LenFuku?k_babaCode=32&k_raceDate=2026%2F09%2F21&k_raceNo=9
2026-09-21 20:21:07,20:20,2026-09-21,saga,9,30,三連複,3-7-11,2162.1,2162.1,267,https://www.keiba.go.jp/KeibaWeb/TodayRaceInfo/Odds3LenFuku?k_babaCode=32&k_raceDate=2026%2F09%2F21&k_raceNo=9
2026-09-21 20:21:07,20:20,2026-09-21,saga,9,30,三連複,5-7-12,2162.1,2162.1,267,https://www.keiba.go.jp/KeibaWeb/TodayRaceInfo/Odds3LenFuku?k_babaCode=32&k_raceDate=2026%2F09%2F21&k_raceNo=9
2026-09-21 20:21:07,20:20,2026-09-21,saga,9,30,三連複,8-12-14,2162.1,2162.1,267,https://www.keiba.go.jp/KeibaWeb/TodayRaceInfo/Odds3LenFuku?k_babaCode=32&k_raceDate=2026%2F09%2F21&k_raceNo=9
2026-09-21 20:21:07,20:20,2026-09-21,saga,9,30,三連複,9-11-14,2162.1,2162.1,267,https://www.keiba.go.jp/KeibaWeb/TodayRaceInfo/Odds3LenFuku?k_babaCode=32&k_raceDate=2026%2F09%2F21&k_raceNo=9
2026-09-21 20:21:07,20:20,2026-09-21,saga,9,30,三連複,11-13-14,2162.1,2162.1,267,https://www.keiba.go.jp/KeibaWeb/TodayRaceInfo/Odds3LenFuku?k_babaCode=32&k_raceDate=2026%2F09%2F21&k_raceNo=9
2026-09-21 20:21:07,20:20,2026-09-21,saga,9,30,三連複,1-2-13,2282.3,2282.3,275,https://www.keiba.go.jp/KeibaWeb/TodayRaceInfo/Odds3LenFuku?k_babaCode=32&k_raceDate=2026%2F09%2F21&k_raceNo=9
2026-09-21 20:21:07,20:20,2026-09-21,saga,9,30,三連複,1-5-9,2282.3,2282.3,275,https://www.keiba.go.jp/KeibaWeb/TodayRaceInfo/Odds3LenFuku?k_babaCode=32&k_raceDate=2026%2F09%2F21&k_raceNo=9
2026-09-21 20:21:07,20:20,2026-09-21,saga,9,30,三連複,2-9-11,2282.3,2282.3,275,https://www.keiba.go.jp/KeibaWeb/TodayRaceInfo/Odds3LenFuku?k_babaCode=32&k_raceDate=2026%2F09%2F21&k_raceNo=9
2026-09-21 20:21:07,20:20,2026-09-21,saga,9,30,三連複,3-5-14,2282.3,2282.3,275,https://www.keiba.go.jp/KeibaWeb/TodayRaceInfo/Odds3LenFuku?k_babaCode=32&k_raceDate=2026%2F09%2F21&k_raceNo=9
2026-09-21 20:21:07,20:20,2026-09-21,saga,9,30,三連複,7-12-13,2282.3,2282.3,275,https://www.keiba.go.jp/KeibaWeb/TodayRaceInfo/Odds3LenFuku?k_babaCode=32&k_raceDate=2026%2F09%2F21&k_raceNo=9
2026-09-21 20:21:07,20:20,2026-09-21,saga,9,30,三連複,1-8-10,2416.5,2416.5,280,https://www.keiba.go.jp/KeibaWeb/TodayRaceInfo/Odds3LenFuku?k_babaCode=32&k_raceDate=2026%2F09%2F21&k_raceNo=9
2026-09-21 20:21:07,20:20,2026-09-21,saga,9,30,三連複,2-3-11,2416.5,2416.5,280,https://www.keiba.go.jp/KeibaWeb/TodayRaceInfo/Odds3LenFuku?k_babaCode=32&k_raceDate=2026%2F09%2F21&k_raceNo=9
2026-09-21 20:21:07,20:20,2026-09-21,saga,9,30,三連複,5-7-8,2416.5,2416.5,280,https://www.keiba.go.jp/KeibaWeb/TodayRaceInfo/Odds3LenFuku?k_babaCode=32&k_raceDate=2026%2F09%2F21&k_raceNo=9
2026-09-21 20:21:07,20:20,2026-09-21,saga,9,30,三連複,5-10-12,2416.5,2416.5,280,https://www.keiba.go.jp/KeibaWeb/TodayRaceInfo/Odds3LenFuku?k_babaCode=32&k_raceDate=2026%2F09%2F21&k_raceNo=9
2026-09-21 20:21:07,20:20,2026-09-21,saga,9,30,三連複,5-12-13,2416.5,2416.5,280,https://www.keiba.go.jp/KeibaWeb/TodayRaceInfo/Odds3LenFuku?k_babaCode=32&k_raceDate=2026%2F09%2F21&k_raceNo=9
2026-09-21 20:21:07,20:20,2026-09-21,saga,9,30,三連複,7-9-13,2416.5,2416.5,280,https://www.keiba.go.jp/KeibaWeb/TodayRaceInfo/Odds3LenFuku?k_babaCode=32&k_raceDate=2026%2F09%2F21&k_raceNo=9
2026-09-21 20:21:07,20:20,2026-09-21,saga,9,30,三連複,7-11-12,2416.5,2416.5,280,https://www.keiba.go.jp/KeibaWeb/TodayRaceInfo/Odds3LenFuku?k_babaCode=32&k_raceDate=2026%2F09%2F21&k_raceNo=9
2026-09-21 20:21:07,20:20,2026-09-21,saga,9,30,三連複,3-8-12,2567.5,2567.5,287,https://www.keiba.go.jp/KeibaWeb/TodayRaceInfo/Odds3LenFuku?k_babaCode=32&k_raceDate=2026%2F09%2F21&k_raceNo=9
2026-09-21 20:21:07,20:20,2026-09-21,saga,9,30,三連複,3-8-14,2567.5,2567.5,287,https://www.keiba.go.jp/KeibaWeb/TodayRaceInfo/Odds3LenFuku?k_babaCode=32&k_raceDate=2026%2F09%2F21&k_raceNo=9
2026-09-21 20:21:07,20:20,2026-09-21,saga,9,30,三連複,5-9-14,2567.5,2567.5,287,https://www.keiba.go.jp/KeibaWeb/TodayRaceInfo/Odds3LenFuku?k_babaCode=32&k_raceDate=2026%2F09%2F21&k_raceNo=9
2026-09-21 20:21:07,20:20,2026-09-21,saga,9,30,三連複,7-13-14,2567.5,2567.5,287,https://www.keiba.go.jp/KeibaWeb/TodayRaceInfo/Odds3LenFuku?k_babaCode=32&k_raceDate=2026%2F09%2F21&k_raceNo=9
2026-09-21 20:21:07,20:20,2026-09-21,saga,9,30,三連複,1-5-8,2738.7,2738.7,291,https://www.keiba.go.jp/KeibaWeb/TodayRaceInfo/Odds3LenFuku?k_babaCode=32&k_raceDate=2026%2F09%2F21&k_raceNo=9
2026-09-21 20:21:07,20:20,2026-09-21,saga,9,30,三連複,1-8-12,2738.7,2738.7,291,https://www.keiba.go.jp/KeibaWeb/TodayRaceInfo/Odds3LenFuku?k_babaCode=32&k_raceDate=2026%2F09%2F21&k_raceNo=9
2026-09-21 20:21:07,20:20,2026-09-21,saga,9,30,三連複,1-13-14,2738.7,2738.7,291,https://www.keiba.go.jp/KeibaWeb/TodayRaceInfo/Odds3LenFuku?k_babaCode=32&k_raceDate=2026%2F09%2F21&k_raceNo=9
2026-09-21 20:21:07,20:20,2026-09-21,saga,9,30,三連複,2-7-13,2738.7,2738.7,291,https://www.keiba.go.jp/KeibaWeb/TodayRaceInfo/Odds3LenFuku?k_babaCode=32&k_raceDate=2026%2F09%2F21&k_raceNo=9
2026-09-21 20:21:07,20:20,2026-09-21,saga,9,30,三連複,2-8-11,2738.7,2738.7,291,https://www.keiba.go.jp/KeibaWeb/TodayRaceInfo/Odds3LenFuku?k_babaCode=32&k_raceDate=2026%2F09%2F21&k_raceNo=9
2026-09-21 20:21:07,20:20,2026-09-21,saga,9,30,三連複,2-11-13,2738.7,2738.7,291,https://www.keiba.go.jp/KeibaWeb/TodayRaceInfo/Odds3LenFuku?k_babaCode=32&k_raceDate=2026%2F09%2F21&k_raceNo=9
2026-09-21 20:21:07,20:20,2026-09-21,saga,9,30,三連複,5-6-11,2738.7,2738.7,291,https://www.keiba.go.jp/KeibaWeb/TodayRaceInfo/Odds3LenFuku?k_babaCode=32&k_raceDate=2026%2F09%2F21&k_raceNo=9
2026-09-21 20:21:07,20:20,2026-09-21,saga,9,30,三連複,5-9-12,2738.7,2738.7,291,https://www.keiba.go.jp/KeibaWeb/TodayRaceInfo/Odds3LenFuku?k_babaCode=32&k_raceDate=2026%2F09%2F21&k_raceNo=9
2026-09-21 20:21:07,20:20,2026-09-21,saga,9,30,三連複,8-9-13,2738.7,2738.7,291,https://www.keiba.go.jp/KeibaWeb/TodayRaceInfo/Odds3LenFuku?k_babaCode=32&k_raceDate=2026%2F09%2F21&k_raceNo=9
2026-09-21 20:21:07,20:20,2026-09-21,saga,9,30,三連複,8-9-14,2738.7,2738.7,291,https://www.keiba.go.jp/KeibaWeb/TodayRaceInfo/Odds3LenFuku?k_babaCode=32&k_raceDate=2026%2F09%2F21&k_raceNo=9
2026-09-21 20:21:07,20:20,2026-09-21,saga,9,30,三連複,9-11-12,2738.7,2738.7,291,https://www.keiba.go.jp/KeibaWeb/TodayRaceInfo/Odds3LenFuku?k_babaCode=32&k_raceDate=2026%2F09%2F21&k_raceNo=9
2026-09-21 20:21:07,20:20,2026-09-21,saga,9,30,三連複,10-11-13,2738.7,2738.7,291,https://www.keiba.go.jp/KeibaWeb/TodayRaceInfo/Odds3LenFuku?k_babaCode=32&k_raceDate=2026%2F09%2F21&k_raceNo=9
2026-09-21 20:21:07,20:20,2026-09-21,saga,9,30,三連複,1-3-13,2934.3,2934.3,303,https://www.keiba.go.jp/KeibaWeb/TodayRaceInfo/Odds3LenFuku?k_babaCode=32&k_raceDate=2026%2F09%2F21&k_raceNo=9
2026-09-21 20:21:07,20:20,2026-09-21,saga,9,30,三連複,2-5-8,2934.3,2934.3,303,https://www.keiba.go.jp/KeibaWeb/TodayRaceInfo/Odds3LenFuku?k_babaCode=32&k_raceDate=2026%2F09%2F21&k_raceNo=9
2026-09-21 20:21:07,20:20,2026-09-21,saga,9,30,三連複,5-8-10,2934.3,2934.3,303,https://www.keiba.go.jp/KeibaWeb/TodayRaceInfo/Odds3LenFuku?k_babaCode=32&k_raceDate=2026%2F09%2F21&k_raceNo=9
2026-09-21 20:21:07,20:20,2026-09-21,saga,9,30,三連複,5-10-13,2934.3,2934.3,303,https://www.keiba.go.jp/KeibaWeb/TodayRaceInfo/Odds3LenFuku?k_babaCode=32&k_raceDate=2026%2F09%2F21&k_raceNo=9
2026-09-21 20:21:07,20:20,2026-09-21,saga,9,30,三連複,8-10-13,2934.3,2934.3,303,https://www.keiba.go.jp/KeibaWeb/TodayRaceInfo/Odds3LenFuku?k_babaCode=32&k_raceDate=2026%2F09%2F21&k_raceNo=9
2026-09-21 20:21:07,20:20,2026-09-21,saga,9,30,三連複,2-5-13,3160.1,3160.1,308,https://www.keiba.go.jp/KeibaWeb/TodayRaceInfo/Odds3LenFuku?k_babaCode=32&k_raceDate=2026%2F09%2F21&k_raceNo=9
2026-09-21 20:21:07,20:20,2026-09-21,saga,9,30,三連複,2-8-13,3160.1,3160.1,308,https://www.keiba.go.jp/KeibaWeb/TodayRaceInfo/Odds3LenFuku?k_babaCode=32&k_raceDate=2026%2F09%2F21&k_raceNo=9
2026-09-21 20:21:07,20:20,2026-09-21,saga,9,30,三連複,3-9-11,3160.1,3160.1,308,https://www.keiba.go.jp/KeibaWeb/TodayRaceInfo/Odds3LenFuku?k_babaCode=32&k_raceDate=2026%2F09%2F21&k_raceNo=9
2026-09-21 20:21:07,20:20,2026-09-21,saga,9,30,三連複,3-11-13,3160.1,3160.1,308,https://www.keiba.go.jp/KeibaWeb/TodayRaceInfo/Odds3LenFuku?k_babaCode=32&k_raceDate=2026%2F09%2F21&k_raceNo=9
2026-09-21 20:21:07,20:20,2026-09-21,saga,9,30,三連複,8-12-13,3160.1,3160.1,308,https://www.keiba.go.jp/KeibaWeb/TodayRaceInfo/Odds3LenFuku?k_babaCode=32&k_raceDate=2026%2F09%2F21&k_raceNo=9
2026-09-21 20:21:07,20:20,2026-09-21,saga,9,30,三連複,1-2-11,3423.4,3423.4,313,https://www.keiba.go.jp/KeibaWeb/TodayRaceInfo/Odds3LenFuku?k_babaCode=32&k_raceDate=2026%2F09%2F21&k_raceNo=9
2026-09-21 20:21:07,20:20,2026-09-21,saga,9,30,三連複,1-3-8,3423.4,3423.4,313,https://www.keiba.go.jp/KeibaWeb/TodayRaceInfo/Odds3LenFuku?k_babaCode=32&k_raceDate=2026%2F09%2F21&k_raceNo=9
2026-09-21 20:21:07,20:20,2026-09-21,saga,9,30,三連複,1-5-10,3423.4,3423.4,313,https://www.keiba.go.jp/KeibaWeb/TodayRaceInfo/Odds3LenFuku?k_babaCode=32&k_raceDate=2026%2F09%2F21&k_raceNo=9
2026-09-21 20:21:07,20:20,2026-09-21,saga,9,30,三連複,7-8-14,3423.4,3423.4,313,https://www.keiba.go.jp/KeibaWeb/TodayRaceInfo/Odds3LenFuku?k_babaCode=32&k_raceDate=2026%2F09%2F21&k_raceNo=9
2026-09-21 20:21:07,20:20,2026-09-21,saga,9,30,三連複,1-7-14,3734.6,3734.6,317,https://www.keiba.go.jp/KeibaWeb/TodayRaceInfo/Odds3LenFuku?k_babaCode=32&k_raceDate=2026%2F09%2F21&k_raceNo=9
2026-09-21 20:21:07,20:20,2026-09-21,saga,9,30,三連複,3-8-13,3734.6,3734.6,317,https://www.keiba.go.jp/KeibaWeb/TodayRaceInfo/Odds3LenFuku?k_babaCode=32&k_raceDate=2026%2F09%2F21&k_raceNo=9
2026-09-21 20:21:07,20:20,2026-09-21,saga,9,30,三連複,5-9-13,3734.6,3734.6,317,https://www.keiba.go.jp/KeibaWeb/TodayRaceInfo/Odds3LenFuku?k_babaCode=32&k_raceDate=2026%2F09%2F21&k_raceNo=9
2026-09-21 20:21:07,20:20,2026-09-21,saga,9,30,三連複,5-13-14,3734.6,3734.6,317,https://www.keiba.go.jp/KeibaWeb/TodayRaceInfo/Odds3LenFuku?k_babaCode=32&k_raceDate=2026%2F09%2F21&k_raceNo=9
2026-09-21 20:21:07,20:20,2026-09-21,saga,9,30,三連複,1-3-11,4108.1,4108.1,321,https://www.keiba.go.jp/KeibaWeb/TodayRaceInfo/Odds3LenFuku?k_babaCode=32&k_raceDate=2026%2F09%2F21&k_raceNo=9
2026-09-21 20:21:07,20:20,2026-09-21,saga,9,30,三連複,1-5-12,4108.1,4108.1,321,https://www.keiba.go.jp/KeibaWeb/TodayRaceInfo/Odds3LenFuku?k_babaCode=32&k_raceDate=2026%2F09%2F21&k_raceNo=9
2026-09-21 20:21:07,20:20,2026-09-21,saga,9,30,三連複,1-5-13,4108.1,4108.1,321,https://www.keiba.go.jp/KeibaWeb/TodayRaceInfo/Odds3LenFuku?k_babaCode=32&k_raceDate=2026%2F09%2F21&k_raceNo=9
2026-09-21 20:21:07,20:20,2026-09-21,saga,9,30,三連複,1-7-11,4108.1,4108.1,321,https://www.keiba.go.jp/KeibaWeb/TodayRaceInfo/Odds3LenFuku?k_babaCode=32&k_raceDate=2026%2F09%2F21&k_raceNo=9
2026-09-21 20:21:07,20:20,2026-09-21,saga,9,30,三連複,1-7-13,4108.1,4108.1,321,https://www.keiba.go.jp/KeibaWeb/TodayRaceInfo/Odds3LenFuku?k_babaCode=32&k_raceDate=2026%2F09%2F21&k_raceNo=9
2026-09-21 20:21:07,20:20,2026-09-21,saga,9,30,三連複,1-8-11,4108.1,4108.1,321,https://www.keiba.go.jp/KeibaWeb/TodayRaceInfo/Odds3LenFuku?k_babaCode=32&k_raceDate=2026%2F09%2F21&k_raceNo=9
2026-09-21 20:21:07,20:20,2026-09-21,saga,9,30,三連複,5-7-11,4108.1,4108.1,321,https://www.keiba.go.jp/KeibaWeb/TodayRaceInfo/Odds3LenFuku?k_babaCode=32&k_raceDate=2026%2F09%2F21&k_raceNo=9
2026-09-21 20:21:07,20:20,2026-09-21,saga,9,30,三連複,8-13-14,4108.1,4108.1,321,https://www.keiba.go.jp/KeibaWeb/TodayRaceInfo/Odds3LenFuku?k_babaCode=32&k_raceDate=2026%2F09%2F21&k_raceNo=9
2026-09-21 20:21:07,20:20,2026-09-21,saga,9,30,三連複,1-5-11,4564.6,4564.6,329,https://www.keiba.go.jp/KeibaWeb/TodayRaceInfo/Odds3LenFuku?k_babaCode=32&k_raceDate=2026%2F09%2F21&k_raceNo=9
2026-09-21 20:21:07,20:20,2026-09-21,saga,9,30,三連複,1-9-11,4564.6,4564.6,329,https://www.keiba.go.jp/KeibaWeb/TodayRaceInfo/Odds3LenFuku?k_babaCode=32&k_raceDate=2026%2F09%2F21&k_raceNo=9
2026-09-21 20:21:07,20:20,2026-09-21,saga,9,30,三連複,5-7-14,4564.6,4564.6,329,https://www.keiba.go.jp/KeibaWeb/TodayRaceInfo/Odds3LenFuku?k_babaCode=32&k_raceDate=2026%2F09%2F21&k_raceNo=9
2026-09-21 20:21:07,20:20,2026-09-21,saga,9,30,三連複,5-8-9,4564.6,4564.6,329,https://www.keiba.go.jp/KeibaWeb/TodayRaceInfo/Odds3LenFuku?k_babaCode=32&k_raceDate=2026%2F09%2F21&k_raceNo=9
2026-09-21 20:21:07,20:20,2026-09-21,saga,9,30,三連複,7-8-11,4564.6,4564.6,329,https://www.keiba.go.jp/KeibaWeb/TodayRaceInfo/Odds3LenFuku?k_babaCode=32&k_raceDate=2026%2F09%2F21&k_raceNo=9
2026-09-21 20:21:07,20:20,2026-09-21,saga,9,30,三連複,8-11-13,4564.6,4564.6,329,https://www.keiba.go.jp/KeibaWeb/TodayRaceInfo/Odds3LenFuku?k_babaCode=32&k_raceDate=2026%2F09%2F21&k_raceNo=9
2026-09-21 20:21:07,20:20,2026-09-21,saga,9,30,三連複,8-11-14,4564.6,4564.6,329,https://www.keiba.go.jp/KeibaWeb/TodayRaceInfo/Odds3LenFuku?k_babaCode=32&k_raceDate=2026%2F09%2F21&k_raceNo=9
2026-09-21 20:21:07,20:20,2026-09-21,saga,9,30,三連複,1-11-12,5135.1,5135.1,336,https://www.keiba.go.jp/KeibaWeb/TodayRaceInfo/Odds3LenFuku?k_babaCode=32&k_raceDate=2026%2F09%2F21&k_raceNo=9
2026-09-21 20:21:07,20:20,2026-09-21,saga,9,30,三連複,2-5-11,5135.1,5135.1,336,https://www.keiba.go.jp/KeibaWeb/TodayRaceInfo/Odds3LenFuku?k_babaCode=32&k_raceDate=2026%2F09%2F21&k_raceNo=9
2026-09-21 20:21:07,20:20,2026-09-21,saga,9,30,三連複,3-5-13,5135.1,5135.1,336,https://www.keiba.go.jp/KeibaWeb/TodayRaceInfo/Odds3LenFuku?k_babaCode=32&k_raceDate=2026%2F09%2F21&k_raceNo=9
2026-09-21 20:21:07,20:20,2026-09-21,saga,9,30,三連複,3-8-11,5135.1,5135.1,336,https://www.keiba.go.jp/KeibaWeb/TodayRaceInfo/Odds3LenFuku?k_babaCode=32&k_raceDate=2026%2F09%2F21&k_raceNo=9
2026-09-21 20:21:07,20:20,2026-09-21,saga,9,30,三連複,5-8-11,5135.1,5135.1,336,https://www.keiba.go.jp/KeibaWeb/TodayRaceInfo/Odds3LenFuku?k_babaCode=32&k_raceDate=2026%2F09%2F21&k_raceNo=9
2026-09-21 20:21:07,20:20,2026-09-21,saga,9,30,三連複,5-8-13,5135.1,5135.1,336,https://www.keiba.go.jp/KeibaWeb/TodayRaceInfo/Odds3LenFuku?k_babaCode=32&k_raceDate=2026%2F09%2F21&k_raceNo=9
2026-09-21 20:21:07,20:20,2026-09-21,saga,9,30,三連複,5-9-11,5135.1,5135.1,336,https://www.keiba.go.jp/KeibaWeb/TodayRaceInfo/Odds3LenFuku?k_babaCode=32&k_raceDate=2026%2F09%2F21&k_raceNo=9
2026-09-21 20:21:07,20:20,2026-09-21,saga,9,30,三連複,5-11-12,5135.1,5135.1,336,https://www.keiba.go.jp/KeibaWeb/TodayRaceInfo/Odds3LenFuku?k_babaCode=32&k_raceDate=2026%2F09%2F21&k_raceNo=9
2026-09-21 20:21:07,20:20,2026-09-21,saga,9,30,三連複,7-8-13,5135.1,5135.1,336,https://www.keiba.go.jp/KeibaWeb/TodayRaceInfo/Odds3LenFuku?k_babaCode=32&k_raceDate=2026%2F09%2F21&k_raceNo=9
2026-09-21 20:21:07,20:20,2026-09-21,saga,9,30,三連複,8-11-12,5135.1,5135.1,336,https://www.keiba.go.jp/KeibaWeb/TodayRaceInfo/Odds3LenFuku?k_babaCode=32&k_raceDate=2026%2F09%2F21&k_raceNo=9
2026-09-21 20:21:07,20:20,2026-09-21,saga,9,30,三連複,1-8-13,5868.7,5868.7,346,https://www.keiba.go.jp/KeibaWeb/TodayRaceInfo/Odds3LenFuku?k_babaCode=32&k_raceDate=2026%2F09%2F21&k_raceNo=9
2026-09-21 20:21:07,20:20,2026-09-21,saga,9,30,三連複,1-11-14,5868.7,5868.7,346,https://www.keiba.go.jp/KeibaWeb/TodayRaceInfo/Odds3LenFuku?k_babaCode=32&k_raceDate=2026%2F09%2F21&k_raceNo=9
2026-09-21 20:21:07,20:20,2026-09-21,saga,9,30,三連複,2-5-14,5868.7,5868.7,346,https://www.keiba.go.jp/KeibaWeb/TodayRaceInfo/Odds3LenFuku?k_babaCode=32&k_raceDate=2026%2F09%2F21&k_raceNo=9
2026-09-21 20:21:07,20:20,2026-09-21,saga,9,30,三連複,2-8-14,5868.7,5868.7,346,https://www.keiba.go.jp/KeibaWeb/TodayRaceInfo/Odds3LenFuku?k_babaCode=32&k_raceDate=2026%2F09%2F21&k_raceNo=9
2026-09-21 20:21:07,20:20,2026-09-21,saga,9,30,三連複,5-7-13,5868.7,5868.7,346,https://www.keiba.go.jp/KeibaWeb/TodayRaceInfo/Odds3LenFuku?k_babaCode=32&k_raceDate=2026%2F09%2F21&k_raceNo=9
2026-09-21 20:21:07,20:20,2026-09-21,saga,9,30,三連複,3-7-13,6846.9,6846.9,351,https://www.keiba.go.jp/KeibaWeb/TodayRaceInfo/Odds3LenFuku?k_babaCode=32&k_raceDate=2026%2F09%2F21&k_raceNo=9
2026-09-21 20:21:07,20:20,2026-09-21,saga,9,30,三連複,5-8-12,6846.9,6846.9,351,https://www.keiba.go.jp/KeibaWeb/TodayRaceInfo/Odds3LenFuku?k_babaCode=32&k_raceDate=2026%2F09%2F21&k_raceNo=9
2026-09-21 20:21:07,20:20,2026-09-21,saga,9,30,三連複,8-9-11,6846.9,6846.9,351,https://www.keiba.go.jp/KeibaWeb/TodayRaceInfo/Odds3LenFuku?k_babaCode=32&k_raceDate=2026%2F09%2F21&k_raceNo=9
2026-09-21 20:21:07,20:20,2026-09-21,saga,9,30,三連複,1-11-13,8216.2,8216.2,354,https://www.keiba.go.jp/KeibaWeb/TodayRaceInfo/Odds3LenFuku?k_babaCode=32&k_raceDate=2026%2F09%2F21&k_raceNo=9
2026-09-21 20:21:07,20:20,2026-09-21,saga,9,30,三連複,5-11-13,8216.2,8216.2,354,https://www.keiba.go.jp/KeibaWeb/TodayRaceInfo/Odds3LenFuku?k_babaCode=32&k_raceDate=2026%2F09%2F21&k_raceNo=9
2026-09-21 20:21:07,20:20,2026-09-21,saga,9,30,三連複,7-11-13,8216.2,8216.2,354,https://www.keiba.go.jp/KeibaWeb/TodayRaceInfo/Odds3LenFuku?k_babaCode=32&k_raceDate=2026%2F09%2F21&k_raceNo=9
2026-09-21 20:21:07,20:20,2026-09-21,saga,9,30,三連複,9-11-13,8216.2,8216.2,354,https://www.keiba.go.jp/KeibaWeb/TodayRaceInfo/Odds3LenFuku?k_babaCode=32&k_raceDate=2026%2F09%2F21&k_raceNo=9
2026-09-21 20:21:07,20:20,2026-09-21,saga,9,30,三連複,1-5-14,10270.3,10270.3,358,https://www.keiba.go.jp/KeibaWeb/TodayRaceInfo/Odds3LenFuku?k_babaCode=32&k_raceDate=2026%2F09%2F21&k_raceNo=9
2026-09-21 20:21:07,20:20,2026-09-21,saga,9,30,三連複,3-5-11,10270.3,10270.3,358,https://www.keiba.go.jp/KeibaWeb/TodayRaceInfo/Odds3LenFuku?k_babaCode=32&k_raceDate=2026%2F09%2F21&k_raceNo=9
2026-09-21 20:21:07,20:20,2026-09-21,saga,9,30,三連複,5-10-11,10270.3,10270.3,358,https://www.keiba.go.jp/KeibaWeb/TodayRaceInfo/Odds3LenFuku?k_babaCode=32&k_raceDate=2026%2F09%2F21&k_raceNo=9
2026-09-21 20:21:07,20:20,2026-09-21,saga,9,30,三連複,5-11-14,10270.3,10270.3,358,https://www.keiba.go.jp/KeibaWeb/TodayRaceInfo/Odds3LenFuku?k_babaCode=32&k_raceDate=2026%2F09%2F21&k_raceNo=9
2026-09-21 20:21:07,20:20,2026-09-21,saga,9,30,三連複,8-10-11,10270.3,10270.3,358,https://www.keiba.go.jp/KeibaWeb/TodayRaceInfo/Odds3LenFuku?k_babaCode=32&k_raceDate=2026%2F09%2F21&k_raceNo=9
2026-09-21 20:21:07,20:20,2026-09-21,saga,9,30,三連複,1-8-14,13693.8,13693.8,363,https://www.keiba.go.jp/KeibaWeb/TodayRaceInfo/Odds3LenFuku?k_babaCode=32&k_raceDate=2026%2F09%2F21&k_raceNo=9
2026-09-21 20:21:07,20:20,2026-09-21,saga,9,30,三連複,5-8-14,20540.7,20540.7,364,https://www.keiba.go.jp/KeibaWeb/TodayRaceInfo/Odds3LenFuku?k_babaCode=32&k_raceDate=2026%2F09%2F21&k_raceNo=9
