captured_at,source_time,race_date,track,race_no,minutes_before,bet_type,combination,odds_low,odds_high,popularity,source_url
2026-09-21 20:35:00,20:34,2026-09-21,saga,9,15,馬連,4-6,3.3,3.3,1,https://www.keiba.go.jp/KeibaWeb/TodayRaceInfo/OddsUmLenFuku?k_babaCode=32&k_raceDate=2026%2F09%2F21&k_raceNo=9
2026-09-21 20:35:00,20:34,2026-09-21,saga,9,15,馬連,4-9,10.7,10.7,2,https://www.keiba.go.jp/KeibaWeb/TodayRaceInfo/OddsUmLenFuku?k_babaCode=32&k_raceDate=2026%2F09%2F21&k_raceNo=9
2026-09-21 20:35:00,20:34,2026-09-21,saga,9,15,馬連,6-10,12.5,12.5,3,https://www.keiba.go.jp/KeibaWeb/TodayRaceInfo/OddsUmLenFuku?k_babaCode=32&k_raceDate=2026%2F09%2F21&k_raceNo=9
2026-09-21 20:35:00,20:34,2026-09-21,saga,9,15,馬連,1-4,12.9,12.9,4,https://www.keiba.go.jp/KeibaWeb/TodayRaceInfo/OddsUmLenFuku?k_babaCode=32&k_raceDate=2026%2F09%2F21&k_raceNo=9
2026-09-21 20:35:00,20:34,2026-09-21,saga,9,15,馬連,3-4,16.8,16.8,5,https://www.keiba.go.jp/KeibaWeb/TodayRaceInfo/OddsUmLenFuku?k_babaCode=32&k_raceDate=2026%2F09%2F21&k_raceNo=9
2026-09-21 20:35:00,20:34,2026-09-21,saga,9,15,馬連,4-12,17.2,17.2,6,https://www.keiba.go.jp/KeibaWeb/TodayRaceInfo/OddsUmLenFuku?k_babaCode=32&k_raceDate=2026%2F09%2F21&k_raceNo=9
2026-09-21 20:35:00,20:34,2026-09-21,saga,9,15,馬連,6-12,17.4,17.4,7,https://www.keiba.go.jp/KeibaWeb/TodayRaceInfo/OddsUmLenFuku?k_babaCode=32&k_raceDate=2026%2F09%2F21&k_raceNo=9
2026-09-21 20:35:00,20:34,2026-09-21,saga,9,15,馬連,4-10,22.7,22.7,8,https://www.keiba.go.jp/KeibaWeb/TodayRaceInfo/OddsUmLenFuku?k_babaCode=32&k_raceDate=2026%2F09%2F21&k_raceNo=9
2026-09-21 20:35:00,20:34,2026-09-21,saga,9,15,馬連,6-9,23.2,23.2,9,https://www.keiba.go.jp/KeibaWeb/TodayRaceInfo/OddsUmLenFuku?k_babaCode=32&k_raceDate=2026%2F09%2F21&k_raceNo=9
2026-09-21 20:35:00,20:34,2026-09-21,saga,9,15,馬連,3-6,27.5,27.5,10,https://www.keiba.go.jp/KeibaWeb/TodayRaceInfo/OddsUmLenFuku?k_babaCode=32&k_raceDate=2026%2F09%2F21&k_raceNo=9
2026-09-21 20:35:00,20:34,2026-09-21,saga,9,15,馬連,2-4,27.8,27.8,11,https://www.keiba.go.jp/KeibaWeb/TodayRaceInfo/OddsUmLenFuku?k_babaCode=32&k_raceDate=2026%2F09%2F21&k_raceNo=9
2026-09-21 20:35:00,20:34,2026-09-21,saga,9,15,馬連,6-7,28.8,28.8,12,https://www.keiba.go.jp/KeibaWeb/TodayRaceInfo/OddsUmLenFuku?k_babaCode=32&k_raceDate=2026%2F09%2F21&k_raceNo=9
2026-09-21 20:35:00,20:34,2026-09-21,saga,9,15,馬連,6-14,31.1,31.1,13,https://www.keiba.go.jp/KeibaWeb/TodayRaceInfo/OddsUmLenFuku?k_babaCode=32&k_raceDate=2026%2F09%2F21&k_raceNo=9
2026-09-21 20:35:00,20:34,2026-09-21,saga,9,15,馬連,4-13,33.6,33.6,14,https://www.keiba.go.jp/KeibaWeb/TodayRaceInfo/OddsUmLenFuku?k_babaCode=32&k_raceDate=2026%2F09%2F21&k_raceNo=9
2026-09-21 20:35:00,20:34,2026-09-21,saga,9,15,馬連,4-7,53.3,53.3,15,https://www.keiba.go.jp/KeibaWeb/TodayRaceInfo/OddsUmLenFuku?k_babaCode=32&k_raceDate=2026%2F09%2F21&k_raceNo=9
2026-09-21 20:35:00,20:34,2026-09-21,saga,9,15,馬連,2-6,54.7,54.7,16,https://www.keiba.go.jp/KeibaWeb/TodayRaceInfo/OddsUmLenFuku?k_babaCode=32&k_raceDate=2026%2F09%2F21&k_raceNo=9
2026-09-21 20:35:00,20:34,2026-09-21,saga,9,15,馬連,4-14,57.5,57.5,17,https://www.keiba.go.jp/KeibaWeb/TodayRaceInfo/OddsUmLenFuku?k_babaCode=32&k_raceDate=2026%2F09%2F21&k_raceNo=9
2026-09-21 20:35:00,20:34,2026-09-21,saga,9,15,馬連,9-10,67.3,67.3,18,https://www.keiba.go.jp/KeibaWeb/TodayRaceInfo/OddsUmLenFuku?k_babaCode=32&k_raceDate=2026%2F09%2F21&k_raceNo=9
2026-09-21 20:35:00,20:34,2026-09-21,saga,9,15,馬連,2-12,76.5,76.5,19,https://www.keiba.go.jp/KeibaWeb/TodayRaceInfo/OddsUmLenFuku?k_babaCode=32&k_raceDate=2026%2F09%2F21&k_raceNo=9
2026-09-21 20:35:00,20:34,2026-09-21,saga,9,15,馬連,1-6,78.2,78.2,20,https://www.keiba.go.jp/KeibaWeb/TodayRaceInfo/OddsUmLenFuku?k_babaCode=32&k_raceDate=2026%2F09%2F21&k_raceNo=9
2026-09-21 20:35:00,20:34,2026-09-21,saga,9,15,馬連,10-12,81.0,81.0,21,https://www.keiba.go.jp/KeibaWeb/TodayRaceInfo/OddsUmLenFuku?k_babaCode=32&k_raceDate=2026%2F09%2F21&k_raceNo=9
2026-09-21 20:35:00,20:34,2026-09-21,saga,9,15,馬連,9-12,92.8,92.8,22,https://www.keiba.go.jp/KeibaWeb/TodayRaceInfo/OddsUmLenFuku?k_babaCode=32&k_raceDate=2026%2F09%2F21&k_raceNo=9
2026-09-21 20:35:00,20:34,2026-09-21,saga,9,15,馬連,2-10,99.5,99.5,23,https://www.keiba.go.jp/KeibaWeb/TodayRaceInfo/OddsUmLenFuku?k_babaCode=32&k_raceDate=2026%2F09%2F21&k_raceNo=9
2026-09-21 20:35:00,20:34,2026-09-21,saga,9,15,馬連,10-14,109.2,109.2,24,https://www.keiba.go.jp/KeibaWeb/TodayRaceInfo/OddsUmLenFuku?k_babaCode=32&k_raceDate=2026%2F09%2F21&k_raceNo=9
2026-09-21 20:35:00,20:34,2026-09-21,saga,9,15,馬連,2-9,111.9,111.9,25,https://www.keiba.go.jp/KeibaWeb/TodayRaceInfo/OddsUmLenFuku?k_babaCode=32&k_raceDate=2026%2F09%2F21&k_raceNo=9
2026-09-21 20:35:00,20:34,2026-09-21,saga,9,15,馬連,3-12,124.3,124.3,26,https://www.keiba.go.jp/KeibaWeb/TodayRaceInfo/OddsUmLenFuku?k_babaCode=32&k_raceDate=2026%2F09%2F21&k_raceNo=9
2026-09-21 20:35:00,20:34,2026-09-21,saga,9,15,馬連,4-11,128.8,128.8,27,https://www.keiba.go.jp/KeibaWeb/TodayRaceInfo/OddsUmLenFuku?k_babaCode=32&k_raceDate=2026%2F09%2F21&k_raceNo=9
2026-09-21 20:35:00,20:34,2026-09-21,saga,9,15,馬連,3-9,133.6,133.6,28,https://www.keiba.go.jp/KeibaWeb/TodayRaceInfo/OddsUmLenFuku?k_babaCode=32&k_raceDate=2026%2F09%2F21&k_raceNo=9
2026-09-21 20:35:00,20:34,2026-09-21,saga,9,15,馬連,6-13,136.7,136.7,29,https://www.keiba.go.jp/KeibaWeb/TodayRaceInfo/OddsUmLenFuku?k_babaCode=32&k_raceDate=2026%2F09%2F21&k_raceNo=9
2026-09-21 20:35:00,20:34,2026-09-21,saga,9,15,馬連,4-8,143.3,143.3,30,https://www.keiba.go.jp/KeibaWeb/TodayRaceInfo/OddsUmLenFuku?k_babaCode=32&k_raceDate=2026%2F09%2F21&k_raceNo=9
2026-09-21 20:35:00,20:34,2026-09-21,saga,9,15,馬連,4-5,145.6,145.6,31,https://www.keiba.go.jp/KeibaWeb/TodayRaceInfo/OddsUmLenFuku?k_babaCode=32&k_raceDate=2026%2F09%2F21&k_raceNo=9
2026-09-21 20:35:00,20:34,2026-09-21,saga,9,15,馬連,1-2,159.9,159.9,32,https://www.keiba.go.jp/KeibaWeb/TodayRaceInfo/OddsUmLenFuku?k_babaCode=32&k_raceDate=2026%2F09%2F21&k_raceNo=9
2026-09-21 20:35:00,20:34,2026-09-21,saga,9,15,馬連,1-12,172.2,172.2,33,https://www.keiba.go.jp/KeibaWeb/TodayRaceInfo/OddsUmLenFuku?k_babaCode=32&k_raceDate=2026%2F09%2F21&k_raceNo=9
2026-09-21 20:35:00,20:34,2026-09-21,saga,9,15,馬連,7-10,175.6,175.6,34,https://www.keiba.go.jp/KeibaWeb/TodayRaceInfo/OddsUmLenFuku?k_babaCode=32&k_raceDate=2026%2F09%2F21&k_raceNo=9
2026-09-21 20:35:00,20:34,2026-09-21,saga,9,15,馬連,6-8,177.3,177.3,35,https://www.keiba.go.jp/KeibaWeb/TodayRaceInfo/OddsUmLenFuku?k_babaCode=32&k_raceDate=2026%2F09%2F21&k_raceNo=9
2026-09-21 20:35:00,20:34,2026-09-21,saga,9,15,馬連,3-10,180.9,180.9,36,https://www.keiba.go.jp/KeibaWeb/TodayRaceInfo/OddsUmLenFuku?k_babaCode=32&k_raceDate=2026%2F09%2F21&k_raceNo=9
2026-09-21 20:35:00,20:34,2026-09-21,saga,9,15,馬連,7-9,180.9,180.9,36,https://www.keiba.go.jp/KeibaWeb/TodayRaceInfo/OddsUmLenFuku?k_babaCode=32&k_raceDate=2026%2F09%2F21&k_raceNo=9
2026-09-21 20:35:00,20:34,2026-09-21,saga,9,15,馬連,6-11,190.5,190.5,38,https://www.keiba.go.jp/KeibaWeb/TodayRaceInfo/OddsUmLenFuku?k_babaCode=32&k_raceDate=2026%2F09%2F21&k_raceNo=9
2026-09-21 20:35:00,20:34,2026-09-21,saga,9,15,馬連,5-6,205.8,205.8,39,https://www.keiba.go.jp/KeibaWeb/TodayRaceInfo/OddsUmLenFuku?k_babaCode=32&k_raceDate=2026%2F09%2F21&k_raceNo=9
2026-09-21 20:35:00,20:34,2026-09-21,saga,9,15,馬連,7-12,208.2,208.2,40,https://www.keiba.go.jp/KeibaWeb/TodayRaceInfo/OddsUmLenFuku?k_babaCode=32&k_raceDate=2026%2F09%2F21&k_raceNo=9
2026-09-21 20:35:00,20:34,2026-09-21,saga,9,15,馬連,12-14,215.8,215.8,41,https://www.keiba.go.jp/KeibaWeb/TodayRaceInfo/OddsUmLenFuku?k_babaCode=32&k_raceDate=2026%2F09%2F21&k_raceNo=9
2026-09-21 20:35:00,20:34,2026-09-21,saga,9,15,馬連,1-10,229.6,229.6,42,https://www.keiba.go.jp/KeibaWeb/TodayRaceInfo/OddsUmLenFuku?k_babaCode=32&k_raceDate=2026%2F09%2F21&k_raceNo=9
2026-09-21 20:35:00,20:34,2026-09-21,saga,9,15,馬連,1-9,238.8,238.8,43,https://www.keiba.go.jp/KeibaWeb/TodayRaceInfo/OddsUmLenFuku?k_babaCode=32&k_raceDate=2026%2F09%2F21&k_raceNo=9
2026-09-21 20:35:00,20:34,2026-09-21,saga,9,15,馬連,1-3,255.9,255.9,44,https://www.keiba.go.jp/KeibaWeb/TodayRaceInfo/OddsUmLenFuku?k_babaCode=32&k_raceDate=2026%2F09%2F21&k_raceNo=9
2026-09-21 20:35:00,20:34,2026-09-21,saga,9,15,馬連,9-13,255.9,255.9,44,https://www.keiba.go.jp/KeibaWeb/TodayRaceInfo/OddsUmLenFuku?k_babaCode=32&k_raceDate=2026%2F09%2F21&k_raceNo=9
2026-09-21 20:35:00,20:34,2026-09-21,saga,9,15,馬連,2-7,271.4,271.4,46,https://www.keiba.go.jp/KeibaWeb/TodayRaceInfo/OddsUmLenFuku?k_babaCode=32&k_raceDate=2026%2F09%2F21&k_raceNo=9
2026-09-21 20:35:00,20:34,2026-09-21,saga,9,15,馬連,2-3,275.5,275.5,47,https://www.keiba.go.jp/KeibaWeb/TodayRaceInfo/OddsUmLenFuku?k_babaCode=32&k_raceDate=2026%2F09%2F21&k_raceNo=9
2026-09-21 20:35:00,20:34,2026-09-21,saga,9,15,馬連,9-14,275.5,275.5,47,https://www.keiba.go.jp/KeibaWeb/TodayRaceInfo/OddsUmLenFuku?k_babaCode=32&k_raceDate=2026%2F09%2F21&k_raceNo=9
2026-09-21 20:35:00,20:34,2026-09-21,saga,9,15,馬連,3-7,284.3,284.3,49,https://www.keiba.go.jp/KeibaWeb/TodayRaceInfo/OddsUmLenFuku?k_babaCode=32&k_raceDate=2026%2F09%2F21&k_raceNo=9
2026-09-21 20:35:00,20:34,2026-09-21,saga,9,15,馬連,2-8,298.5,298.5,50,https://www.keiba.go.jp/KeibaWeb/TodayRaceInfo/OddsUmLenFuku?k_babaCode=32&k_raceDate=2026%2F09%2F21&k_raceNo=9
2026-09-21 20:35:00,20:34,2026-09-21,saga,9,15,馬連,12-13,298.5,298.5,50,https://www.keiba.go.jp/KeibaWeb/TodayRaceInfo/OddsUmLenFuku?k_babaCode=32&k_raceDate=2026%2F09%2F21&k_raceNo=9
2026-09-21 20:35:00,20:34,2026-09-21,saga,9,15,馬連,5-9,308.8,308.8,52,https://www.keiba.go.jp/KeibaWeb/TodayRaceInfo/OddsUmLenFuku?k_babaCode=32&k_raceDate=2026%2F09%2F21&k_raceNo=9
2026-09-21 20:35:00,20:34,2026-09-21,saga,9,15,馬連,2-14,331.7,331.7,53,https://www.keiba.go.jp/KeibaWeb/TodayRaceInfo/OddsUmLenFuku?k_babaCode=32&k_raceDate=2026%2F09%2F21&k_raceNo=9
2026-09-21 20:35:00,20:34,2026-09-21,saga,9,15,馬連,3-5,344.4,344.4,54,https://www.keiba.go.jp/KeibaWeb/TodayRaceInfo/OddsUmLenFuku?k_babaCode=32&k_raceDate=2026%2F09%2F21&k_raceNo=9
2026-09-21 20:35:00,20:34,2026-09-21,saga,9,15,馬連,3-13,358.2,358.2,55,https://www.keiba.go.jp/KeibaWeb/TodayRaceInfo/OddsUmLenFuku?k_babaCode=32&k_raceDate=2026%2F09%2F21&k_raceNo=9
2026-09-21 20:35:00,20:34,2026-09-21,saga,9,15,馬連,7-14,358.2,358.2,55,https://www.keiba.go.jp/KeibaWeb/TodayRaceInfo/OddsUmLenFuku?k_babaCode=32&k_raceDate=2026%2F09%2F21&k_raceNo=9
2026-09-21 20:35:00,20:34,2026-09-21,saga,9,15,馬連,8-12,389.4,389.4,57,https://www.keiba.go.jp/KeibaWeb/TodayRaceInfo/OddsUmLenFuku?k_babaCode=32&k_raceDate=2026%2F09%2F21&k_raceNo=9
2026-09-21 20:35:00,20:34,2026-09-21,saga,9,15,馬連,2-11,398.0,398.0,58,https://www.keiba.go.jp/KeibaWeb/TodayRaceInfo/OddsUmLenFuku?k_babaCode=32&k_raceDate=2026%2F09%2F21&k_raceNo=9
2026-09-21 20:35:00,20:34,2026-09-21,saga,9,15,馬連,3-14,426.5,426.5,59,https://www.keiba.go.jp/KeibaWeb/TodayRaceInfo/OddsUmLenFuku?k_babaCode=32&k_raceDate=2026%2F09%2F21&k_raceNo=9
2026-09-21 20:35:00,20:34,2026-09-21,saga,9,15,馬連,10-13,426.5,426.5,59,https://www.keiba.go.jp/KeibaWeb/TodayRaceInfo/OddsUmLenFuku?k_babaCode=32&k_raceDate=2026%2F09%2F21&k_raceNo=9
2026-09-21 20:35:00,20:34,2026-09-21,saga,9,15,馬連,2-5,447.8,447.8,61,https://www.keiba.go.jp/KeibaWeb/TodayRaceInfo/OddsUmLenFuku?k_babaCode=32&k_raceDate=2026%2F09%2F21&k_raceNo=9
2026-09-21 20:35:00,20:34,2026-09-21,saga,9,15,馬連,9-11,459.3,459.3,62,https://www.keiba.go.jp/KeibaWeb/TodayRaceInfo/OddsUmLenFuku?k_babaCode=32&k_raceDate=2026%2F09%2F21&k_raceNo=9
2026-09-21 20:35:00,20:34,2026-09-21,saga,9,15,馬連,13-14,497.5,497.5,63,https://www.keiba.go.jp/KeibaWeb/TodayRaceInfo/OddsUmLenFuku?k_babaCode=32&k_raceDate=2026%2F09%2F21&k_raceNo=9
2026-09-21 20:35:00,20:34,2026-09-21,saga,9,15,馬連,1-5,511.8,511.8,64,https://www.keiba.go.jp/KeibaWeb/TodayRaceInfo/OddsUmLenFuku?k_babaCode=32&k_raceDate=2026%2F09%2F21&k_raceNo=9
2026-09-21 20:35:00,20:34,2026-09-21,saga,9,15,馬連,5-12,511.8,511.8,64,https://www.keiba.go.jp/KeibaWeb/TodayRaceInfo/OddsUmLenFuku?k_babaCode=32&k_raceDate=2026%2F09%2F21&k_raceNo=9
2026-09-21 20:35:00,20:34,2026-09-21,saga,9,15,馬連,10-11,511.8,511.8,64,https://www.keiba.go.jp/KeibaWeb/TodayRaceInfo/OddsUmLenFuku?k_babaCode=32&k_raceDate=2026%2F09%2F21&k_raceNo=9
2026-09-21 20:35:00,20:34,2026-09-21,saga,9,15,馬連,3-8,526.8,526.8,67,https://www.keiba.go.jp/KeibaWeb/TodayRaceInfo/OddsUmLenFuku?k_babaCode=32&k_raceDate=2026%2F09%2F21&k_raceNo=9
2026-09-21 20:35:00,20:34,2026-09-21,saga,9,15,馬連,1-7,577.8,577.8,68,https://www.keiba.go.jp/KeibaWeb/TodayRaceInfo/OddsUmLenFuku?k_babaCode=32&k_raceDate=2026%2F09%2F21&k_raceNo=9
2026-09-21 20:35:00,20:34,2026-09-21,saga,9,15,馬連,5-8,597.1,597.1,69,https://www.keiba.go.jp/KeibaWeb/TodayRaceInfo/OddsUmLenFuku?k_babaCode=32&k_raceDate=2026%2F09%2F21&k_raceNo=9
2026-09-21 20:35:00,20:34,2026-09-21,saga,9,15,馬連,5-10,597.1,597.1,69,https://www.keiba.go.jp/KeibaWeb/TodayRaceInfo/OddsUmLenFuku?k_babaCode=32&k_raceDate=2026%2F09%2F21&k_raceNo=9
2026-09-21 20:35:00,20:34,2026-09-21,saga,9,15,馬連,8-9,597.1,597.1,69,https://www.keiba.go.jp/KeibaWeb/TodayRaceInfo/OddsUmLenFuku?k_babaCode=32&k_raceDate=2026%2F09%2F21&k_raceNo=9
2026-09-21 20:35:00,20:34,2026-09-21,saga,9,15,馬連,1-8,617.6,617.6,72,https://www.keiba.go.jp/KeibaWeb/TodayRaceInfo/OddsUmLenFuku?k_babaCode=32&k_raceDate=2026%2F09%2F21&k_raceNo=9
2026-09-21 20:35:00,20:34,2026-09-21,saga,9,15,馬連,8-11,617.6,617.6,72,https://www.keiba.go.jp/KeibaWeb/TodayRaceInfo/OddsUmLenFuku?k_babaCode=32&k_raceDate=2026%2F09%2F21&k_raceNo=9
2026-09-21 20:35:00,20:34,2026-09-21,saga,9,15,馬連,11-14,617.6,617.6,72,https://www.keiba.go.jp/KeibaWeb/TodayRaceInfo/OddsUmLenFuku?k_babaCode=32&k_raceDate=2026%2F09%2F21&k_raceNo=9
2026-09-21 20:35:00,20:34,2026-09-21,saga,9,15,馬連,7-11,639.7,639.7,75,https://www.keiba.go.jp/KeibaWeb/TodayRaceInfo/OddsUmLenFuku?k_babaCode=32&k_raceDate=2026%2F09%2F21&k_raceNo=9
2026-09-21 20:35:00,20:34,2026-09-21,saga,9,15,馬連,8-10,639.7,639.7,75,https://www.keiba.go.jp/KeibaWeb/TodayRaceInfo/OddsUmLenFuku?k_babaCode=32&k_raceDate=2026%2F09%2F21&k_raceNo=9
2026-09-21 20:35:00,20:34,2026-09-21,saga,9,15,馬連,11-12,639.7,639.7,75,https://www.keiba.go.jp/KeibaWeb/TodayRaceInfo/OddsUmLenFuku?k_babaCode=32&k_raceDate=2026%2F09%2F21&k_raceNo=9
2026-09-21 20:35:00,20:34,2026-09-21,saga,9,15,馬連,3-11,663.4,663.4,78,https://www.keiba.go.jp/KeibaWeb/TodayRaceInfo/OddsUmLenFuku?k_babaCode=32&k_raceDate=2026%2F09%2F21&k_raceNo=9
2026-09-21 20:35:00,20:34,2026-09-21,saga,9,15,馬連,2-13,688.9,688.9,79,https://www.keiba.go.jp/KeibaWeb/TodayRaceInfo/OddsUmLenFuku?k_babaCode=32&k_raceDate=2026%2F09%2F21&k_raceNo=9
2026-09-21 20:35:00,20:34,2026-09-21,saga,9,15,馬連,1-11,716.5,716.5,80,https://www.keiba.go.jp/KeibaWeb/TodayRaceInfo/OddsUmLenFuku?k_babaCode=32&k_raceDate=2026%2F09%2F21&k_raceNo=9
2026-09-21 20:35:00,20:34,2026-09-21,saga,9,15,馬連,1-14,814.2,814.2,81,https://www.keiba.go.jp/KeibaWeb/TodayRaceInfo/OddsUmLenFuku?k_babaCode=32&k_raceDate=2026%2F09%2F21&k_raceNo=9
2026-09-21 20:35:00,20:34,2026-09-21,saga,9,15,馬連,1-13,853.0,853.0,82,https://www.keiba.go.jp/KeibaWeb/TodayRaceInfo/OddsUmLenFuku?k_babaCode=32&k_raceDate=2026%2F09%2F21&k_raceNo=9
2026-09-21 20:35:00,20:34,2026-09-21,saga,9,15,馬連,5-7,895.6,895.6,83,https://www.keiba.go.jp/KeibaWeb/TodayRaceInfo/OddsUmLenFuku?k_babaCode=32&k_raceDate=2026%2F09%2F21&k_raceNo=9
2026-09-21 20:35:00,20:34,2026-09-21,saga,9,15,馬連,5-13,995.1,995.1,84,https://www.keiba.go.jp/KeibaWeb/TodayRaceInfo/OddsUmLenFuku?k_babaCode=32&k_raceDate=2026%2F09%2F21&k_raceNo=9
2026-09-21 20:35:00,20:34,2026-09-21,saga,9,15,馬連,7-8,995.1,995.1,84,https://www.keiba.go.jp/KeibaWeb/TodayRaceInfo/OddsUmLenFuku?k_babaCode=32&k_raceDate=2026%2F09%2F21&k_raceNo=9
2026-09-21 20:35:00,20:34,2026-09-21,saga,9,15,馬連,8-14,1119.5,1119.5,86,https://www.keiba.go.jp/KeibaWeb/TodayRaceInfo/OddsUmLenFuku?k_babaCode=32&k_raceDate=2026%2F09%2F21&k_raceNo=9
2026-09-21 20:35:00,20:34,2026-09-21,saga,9,15,馬連,11-13,1194.2,1194.2,87,https://www.keiba.go.jp/KeibaWeb/TodayRaceInfo/OddsUmLenFuku?k_babaCode=32&k_raceDate=2026%2F09%2F21&k_raceNo=9
2026-09-21 20:35:00,20:34,2026-09-21,saga,9,15,馬連,7-13,1377.9,1377.9,88,https://www.keiba.go.jp/KeibaWeb/TodayRaceInfo/OddsUmLenFuku?k_babaCode=32&k_raceDate=2026%2F09%2F21&k_raceNo=9
2026-09-21 20:35:00,20:34,2026-09-21,saga,9,15,馬連,5-11,1492.7,1492.7,89,https://www.keiba.go.jp/KeibaWeb/TodayRaceInfo/OddsUmLenFuku?k_babaCode=32&k_raceDate=2026%2F09%2F21&k_raceNo=9
2026-09-21 20:35:00,20:34,2026-09-21,saga,9,15,馬連,8-13,1628.4,1628.4,90,https://www.keiba.go.jp/KeibaWeb/TodayRaceInfo/OddsUmLenFuku?k_babaCode=32&k_raceDate=2026%2F09%2F21&k_raceNo=9
2026-09-21 20:35:00,20:34,2026-09-21,saga,9,15,馬連,5-14,2559.0,2559.0,91,https://www.keiba.go.jp/KeibaWeb/TodayRaceInfo/OddsUmLenFuku?k_babaCode=32&k_raceDate=2026%2F09%2F21&k_raceNo=9
2026-09-21 20:35:00,20:34,2026-09-21,saga,9,15,ワイド,4-6,1.8,2.0,1,https://www.keiba.go.jp/KeibaWeb/TodayRaceInfo/OddsWide?k_babaCode=32&k_raceDate=2026%2F09%2F21&k_raceNo=9
2026-09-21 20:35:00,20:34,2026-09-21,saga,9,15,ワイド,4-9,3.3,4.0,2,https://www.keiba.go.jp/KeibaWeb/TodayRaceInfo/OddsWide?k_babaCode=32&k_raceDate=2026%2F09%2F21&k_raceNo=9
2026-09-21 20:35:00,20:34,2026-09-21,saga,9,15,ワイド,6-10,4.3,5.3,3,https://www.keiba.go.jp/KeibaWeb/TodayRaceInfo/OddsWide?k_babaCode=32&k_raceDate=2026%2F09%2F21&k_raceNo=9
2026-09-21 20:35:00,20:34,2026-09-21,saga,9,15,ワイド,4-10,4.6,5.6,4,https://www.keiba.go.jp/KeibaWeb/TodayRaceInfo/OddsWide?k_babaCode=32&k_raceDate=2026%2F09%2F21&k_raceNo=9
2026-09-21 20:35:00,20:34,2026-09-21,saga,9,15,ワイド,6-9,5.0,6.3,5,https://www.keiba.go.jp/KeibaWeb/TodayRaceInfo/OddsWide?k_babaCode=32&k_raceDate=2026%2F09%2F21&k_raceNo=9
2026-09-21 20:35:00,20:34,2026-09-21,saga,9,15,ワイド,1-4,5.4,6.4,6,https://www.keiba.go.jp/KeibaWeb/TodayRaceInfo/OddsWide?k_babaCode=32&k_raceDate=2026%2F09%2F21&k_raceNo=9
2026-09-21 20:35:00,20:34,2026-09-21,saga,9,15,ワイド,4-12,6.0,7.3,7,https://www.keiba.go.jp/KeibaWeb/TodayRaceInfo/OddsWide?k_babaCode=32&k_raceDate=2026%2F09%2F21&k_raceNo=9
2026-09-21 20:35:00,20:34,2026-09-21,saga,9,15,ワイド,6-12,6.8,8.3,8,https://www.keiba.go.jp/KeibaWeb/TodayRaceInfo/OddsWide?k_babaCode=32&k_raceDate=2026%2F09%2F21&k_raceNo=9
2026-09-21 20:35:00,20:34,2026-09-21,saga,9,15,ワイド,3-4,7.1,8.6,9,https://www.keiba.go.jp/KeibaWeb/TodayRaceInfo/OddsWide?k_babaCode=32&k_raceDate=2026%2F09%2F21&k_raceNo=9
2026-09-21 20:35:00,20:34,2026-09-21,saga,9,15,ワイド,2-6,7.3,8.7,10,https://www.keiba.go.jp/KeibaWeb/TodayRaceInfo/OddsWide?k_babaCode=32&k_raceDate=2026%2F09%2F21&k_raceNo=9
2026-09-21 20:35:00,20:34,2026-09-21,saga,9,15,ワイド,3-6,8.6,10.4,11,https://www.keiba.go.jp/KeibaWeb/TodayRaceInfo/OddsWide?k_babaCode=32&k_raceDate=2026%2F09%2F21&k_raceNo=9
2026-09-21 20:35:00,20:34,2026-09-21,saga,9,15,ワイド,6-14,11.0,13.2,12,https://www.keiba.go.jp/KeibaWeb/TodayRaceInfo/OddsWide?k_babaCode=32&k_raceDate=2026%2F09%2F21&k_raceNo=9
2026-09-21 20:35:00,20:34,2026-09-21,saga,9,15,ワイド,2-4,13.0,15.8,13,https://www.keiba.go.jp/KeibaWeb/TodayRaceInfo/OddsWide?k_babaCode=32&k_raceDate=2026%2F09%2F21&k_raceNo=9
2026-09-21 20:35:00,20:34,2026-09-21,saga,9,15,ワイド,6-7,13.4,16.1,14,https://www.keiba.go.jp/KeibaWeb/TodayRaceInfo/OddsWide?k_babaCode=32&k_raceDate=2026%2F09%2F21&k_raceNo=9
2026-09-21 20:35:00,20:34,2026-09-21,saga,9,15,ワイド,2-10,14.3,15.4,15,https://www.keiba.go.jp/KeibaWeb/TodayRaceInfo/OddsWide?k_babaCode=32&k_raceDate=2026%2F09%2F21&k_raceNo=9
2026-09-21 20:35:00,20:34,2026-09-21,saga,9,15,ワイド,4-14,15.7,18.9,16,https://www.keiba.go.jp/KeibaWeb/TodayRaceInfo/OddsWide?k_babaCode=32&k_raceDate=2026%2F09%2F21&k_raceNo=9
2026-09-21 20:35:00,20:34,2026-09-21,saga,9,15,ワイド,1-6,16.4,20.3,17,https://www.keiba.go.jp/KeibaWeb/TodayRaceInfo/OddsWide?k_babaCode=32&k_raceDate=2026%2F09%2F21&k_raceNo=9
2026-09-21 20:35:00,20:34,2026-09-21,saga,9,15,ワイド,4-7,16.7,20.1,18,https://www.keiba.go.jp/KeibaWeb/TodayRaceInfo/OddsWide?k_babaCode=32&k_raceDate=2026%2F09%2F21&k_raceNo=9
2026-09-21 20:35:00,20:34,2026-09-21,saga,9,15,ワイド,10-12,19.0,20.7,19,https://www.keiba.go.jp/KeibaWeb/TodayRaceInfo/OddsWide?k_babaCode=32&k_raceDate=2026%2F09%2F21&k_raceNo=9
2026-09-21 20:35:00,20:34,2026-09-21,saga,9,15,ワイド,6-11,19.5,23.2,20,https://www.keiba.go.jp/KeibaWeb/TodayRaceInfo/OddsWide?k_babaCode=32&k_raceDate=2026%2F09%2F21&k_raceNo=9
2026-09-21 20:35:00,20:34,2026-09-21,saga,9,15,ワイド,2-9,19.7,21.4,21,https://www.keiba.go.jp/KeibaWeb/TodayRaceInfo/OddsWide?k_babaCode=32&k_raceDate=2026%2F09%2F21&k_raceNo=9
2026-09-21 20:35:00,20:34,2026-09-21,saga,9,15,ワイド,9-10,19.8,22.3,22,https://www.keiba.go.jp/KeibaWeb/TodayRaceInfo/OddsWide?k_babaCode=32&k_raceDate=2026%2F09%2F21&k_raceNo=9
2026-09-21 20:35:00,20:34,2026-09-21,saga,9,15,ワイド,6-13,20.9,24.8,23,https://www.keiba.go.jp/KeibaWeb/TodayRaceInfo/OddsWide?k_babaCode=32&k_raceDate=2026%2F09%2F21&k_raceNo=9
2026-09-21 20:35:00,20:34,2026-09-21,saga,9,15,ワイド,9-12,21.0,23.4,24,https://www.keiba.go.jp/KeibaWeb/TodayRaceInfo/OddsWide?k_babaCode=32&k_raceDate=2026%2F09%2F21&k_raceNo=9
2026-09-21 20:35:00,20:34,2026-09-21,saga,9,15,ワイド,10-14,24.6,26.4,25,https://www.keiba.go.jp/KeibaWeb/TodayRaceInfo/OddsWide?k_babaCode=32&k_raceDate=2026%2F09%2F21&k_raceNo=9
2026-09-21 20:35:00,20:34,2026-09-21,saga,9,15,ワイド,4-13,24.9,29.8,26,https://www.keiba.go.jp/KeibaWeb/TodayRaceInfo/OddsWide?k_babaCode=32&k_raceDate=2026%2F09%2F21&k_raceNo=9
2026-09-21 20:35:00,20:34,2026-09-21,saga,9,15,ワイド,3-12,25.1,26.8,27,https://www.keiba.go.jp/KeibaWeb/TodayRaceInfo/OddsWide?k_babaCode=32&k_raceDate=2026%2F09%2F21&k_raceNo=9
2026-09-21 20:35:00,20:34,2026-09-21,saga,9,15,ワイド,3-9,26.7,29.5,28,https://www.keiba.go.jp/KeibaWeb/TodayRaceInfo/OddsWide?k_babaCode=32&k_raceDate=2026%2F09%2F21&k_raceNo=9
2026-09-21 20:35:00,20:34,2026-09-21,saga,9,15,ワイド,4-11,26.7,32.0,29,https://www.keiba.go.jp/KeibaWeb/TodayRaceInfo/OddsWide?k_babaCode=32&k_raceDate=2026%2F09%2F21&k_raceNo=9
2026-09-21 20:35:00,20:34,2026-09-21,saga,9,15,ワイド,3-10,28.4,30.6,30,https://www.keiba.go.jp/KeibaWeb/TodayRaceInfo/OddsWide?k_babaCode=32&k_raceDate=2026%2F09%2F21&k_raceNo=9
2026-09-21 20:35:00,20:34,2026-09-21,saga,9,15,ワイド,1-9,29.6,33.1,31,https://www.keiba.go.jp/KeibaWeb/TodayRaceInfo/OddsWide?k_babaCode=32&k_raceDate=2026%2F09%2F21&k_raceNo=9
2026-09-21 20:35:00,20:34,2026-09-21,saga,9,15,ワイド,7-10,30.7,32.7,32,https://www.keiba.go.jp/KeibaWeb/TodayRaceInfo/OddsWide?k_babaCode=32&k_raceDate=2026%2F09%2F21&k_raceNo=9
2026-09-21 20:35:00,20:34,2026-09-21,saga,9,15,ワイド,2-12,33.4,35.4,33,https://www.keiba.go.jp/KeibaWeb/TodayRaceInfo/OddsWide?k_babaCode=32&k_raceDate=2026%2F09%2F21&k_raceNo=9
2026-09-21 20:35:00,20:34,2026-09-21,saga,9,15,ワイド,12-13,33.6,35.1,34,https://www.keiba.go.jp/KeibaWeb/TodayRaceInfo/OddsWide?k_babaCode=32&k_raceDate=2026%2F09%2F21&k_raceNo=9
2026-09-21 20:35:00,20:34,2026-09-21,saga,9,15,ワイド,4-8,35.3,41.8,35,https://www.keiba.go.jp/KeibaWeb/TodayRaceInfo/OddsWide?k_babaCode=32&k_raceDate=2026%2F09%2F21&k_raceNo=9
2026-09-21 20:35:00,20:34,2026-09-21,saga,9,15,ワイド,7-12,36.3,38.1,36,https://www.keiba.go.jp/KeibaWeb/TodayRaceInfo/OddsWide?k_babaCode=32&k_raceDate=2026%2F09%2F21&k_raceNo=9
2026-09-21 20:35:00,20:34,2026-09-21,saga,9,15,ワイド,9-14,37.8,41.1,37,https://www.keiba.go.jp/KeibaWeb/TodayRaceInfo/OddsWide?k_babaCode=32&k_raceDate=2026%2F09%2F21&k_raceNo=9
2026-09-21 20:35:00,20:34,2026-09-21,saga,9,15,ワイド,2-11,38.7,40.2,38,https://www.keiba.go.jp/KeibaWeb/TodayRaceInfo/OddsWide?k_babaCode=32&k_raceDate=2026%2F09%2F21&k_raceNo=9
2026-09-21 20:35:00,20:34,2026-09-21,saga,9,15,ワイド,4-5,43.6,51.6,39,https://www.keiba.go.jp/KeibaWeb/TodayRaceInfo/OddsWide?k_babaCode=32&k_raceDate=2026%2F09%2F21&k_raceNo=9
2026-09-21 20:35:00,20:34,2026-09-21,saga,9,15,ワイド,2-7,43.7,45.7,40,https://www.keiba.go.jp/KeibaWeb/TodayRaceInfo/OddsWide?k_babaCode=32&k_raceDate=2026%2F09%2F21&k_raceNo=9
2026-09-21 20:35:00,20:34,2026-09-21,saga,9,15,ワイド,7-14,45.3,46.8,41,https://www.keiba.go.jp/KeibaWeb/TodayRaceInfo/OddsWide?k_babaCode=32&k_raceDate=2026%2F09%2F21&k_raceNo=9
2026-09-21 20:35:00,20:34,2026-09-21,saga,9,15,ワイド,7-9,45.3,49.2,42,https://www.keiba.go.jp/KeibaWeb/TodayRaceInfo/OddsWide?k_babaCode=32&k_raceDate=2026%2F09%2F21&k_raceNo=9
2026-09-21 20:35:00,20:34,2026-09-21,saga,9,15,ワイド,12-14,45.7,48.0,43,https://www.keiba.go.jp/KeibaWeb/TodayRaceInfo/OddsWide?k_babaCode=32&k_raceDate=2026%2F09%2F21&k_raceNo=9
2026-09-21 20:35:00,20:34,2026-09-21,saga,9,15,ワイド,6-8,46.6,55.5,44,https://www.keiba.go.jp/KeibaWeb/TodayRaceInfo/OddsWide?k_babaCode=32&k_raceDate=2026%2F09%2F21&k_raceNo=9
2026-09-21 20:35:00,20:34,2026-09-21,saga,9,15,ワイド,1-12,46.7,50.5,45,https://www.keiba.go.jp/KeibaWeb/TodayRaceInfo/OddsWide?k_babaCode=32&k_raceDate=2026%2F09%2F21&k_raceNo=9
2026-09-21 20:35:00,20:34,2026-09-21,saga,9,15,ワイド,3-7,48.1,50.1,46,https://www.keiba.go.jp/KeibaWeb/TodayRaceInfo/OddsWide?k_babaCode=32&k_raceDate=2026%2F09%2F21&k_raceNo=9
2026-09-21 20:35:00,20:34,2026-09-21,saga,9,15,ワイド,5-6,50.3,59.8,47,https://www.keiba.go.jp/KeibaWeb/TodayRaceInfo/OddsWide?k_babaCode=32&k_raceDate=2026%2F09%2F21&k_raceNo=9
2026-09-21 20:35:00,20:34,2026-09-21,saga,9,15,ワイド,9-13,50.7,54.8,48,https://www.keiba.go.jp/KeibaWeb/TodayRaceInfo/OddsWide?k_babaCode=32&k_raceDate=2026%2F09%2F21&k_raceNo=9
2026-09-21 20:35:00,20:34,2026-09-21,saga,9,15,ワイド,2-14,51.5,54.0,49,https://www.keiba.go.jp/KeibaWeb/TodayRaceInfo/OddsWide?k_babaCode=32&k_raceDate=2026%2F09%2F21&k_raceNo=9
2026-09-21 20:35:00,20:34,2026-09-21,saga,9,15,ワイド,3-14,55.3,57.7,50,https://www.keiba.go.jp/KeibaWeb/TodayRaceInfo/OddsWide?k_babaCode=32&k_raceDate=2026%2F09%2F21&k_raceNo=9
2026-09-21 20:35:00,20:34,2026-09-21,saga,9,15,ワイド,2-3,56.0,58.9,51,https://www.keiba.go.jp/KeibaWeb/TodayRaceInfo/OddsWide?k_babaCode=32&k_raceDate=2026%2F09%2F21&k_raceNo=9
2026-09-21 20:35:00,20:34,2026-09-21,saga,9,15,ワイド,1-3,57.6,61.9,52,https://www.keiba.go.jp/KeibaWeb/TodayRaceInfo/OddsWide?k_babaCode=32&k_raceDate=2026%2F09%2F21&k_raceNo=9
2026-09-21 20:35:00,20:34,2026-09-21,saga,9,15,ワイド,11-12,57.9,60.5,53,https://www.keiba.go.jp/KeibaWeb/TodayRaceInfo/OddsWide?k_babaCode=32&k_raceDate=2026%2F09%2F21&k_raceNo=9
2026-09-21 20:35:00,20:34,2026-09-21,saga,9,15,ワイド,1-10,61.5,67.3,54,https://www.keiba.go.jp/KeibaWeb/TodayRaceInfo/OddsWide?k_babaCode=32&k_raceDate=2026%2F09%2F21&k_raceNo=9
2026-09-21 20:35:00,20:34,2026-09-21,saga,9,15,ワイド,10-13,64.0,67.9,55,https://www.keiba.go.jp/KeibaWeb/TodayRaceInfo/OddsWide?k_babaCode=32&k_raceDate=2026%2F09%2F21&k_raceNo=9
2026-09-21 20:35:00,20:34,2026-09-21,saga,9,15,ワイド,13-14,66.1,68.0,56,https://www.keiba.go.jp/KeibaWeb/TodayRaceInfo/OddsWide?k_babaCode=32&k_raceDate=2026%2F09%2F21&k_raceNo=9
2026-09-21 20:35:00,20:34,2026-09-21,saga,9,15,ワイド,3-13,66.6,69.2,57,https://www.keiba.go.jp/KeibaWeb/TodayRaceInfo/OddsWide?k_babaCode=32&k_raceDate=2026%2F09%2F21&k_raceNo=9
2026-09-21 20:35:00,20:34,2026-09-21,saga,9,15,ワイド,1-2,66.6,70.3,58,https://www.keiba.go.jp/KeibaWeb/TodayRaceInfo/OddsWide?k_babaCode=32&k_raceDate=2026%2F09%2F21&k_raceNo=9
2026-09-21 20:35:00,20:34,2026-09-21,saga,9,15,ワイド,7-8,72.5,73.8,59,https://www.keiba.go.jp/KeibaWeb/TodayRaceInfo/OddsWide?k_babaCode=32&k_raceDate=2026%2F09%2F21&k_raceNo=9
2026-09-21 20:35:00,20:34,2026-09-21,saga,9,15,ワイド,7-11,75.7,77.6,60,https://www.keiba.go.jp/KeibaWeb/TodayRaceInfo/OddsWide?k_babaCode=32&k_raceDate=2026%2F09%2F21&k_raceNo=9
2026-09-21 20:35:00,20:34,2026-09-21,saga,9,15,ワイド,10-11,76.9,81.7,61,https://www.keiba.go.jp/KeibaWeb/TodayRaceInfo/OddsWide?k_babaCode=32&k_raceDate=2026%2F09%2F21&k_raceNo=9
2026-09-21 20:35:00,20:34,2026-09-21,saga,9,15,ワイド,2-8,81.7,84.3,62,https://www.keiba.go.jp/KeibaWeb/TodayRaceInfo/OddsWide?k_babaCode=32&k_raceDate=2026%2F09%2F21&k_raceNo=9
2026-09-21 20:35:00,20:34,2026-09-21,saga,9,15,ワイド,2-13,87.0,90.3,63,https://www.keiba.go.jp/KeibaWeb/TodayRaceInfo/OddsWide?k_babaCode=32&k_raceDate=2026%2F09%2F21&k_raceNo=9
2026-09-21 20:35:00,20:34,2026-09-21,saga,9,15,ワイド,8-10,88.8,93.7,64,https://www.keiba.go.jp/KeibaWeb/TodayRaceInfo/OddsWide?k_babaCode=32&k_raceDate=2026%2F09%2F21&k_raceNo=9
2026-09-21 20:35:00,20:34,2026-09-21,saga,9,15,ワイド,1-7,91.2,96.1,65,https://www.keiba.go.jp/KeibaWeb/TodayRaceInfo/OddsWide?k_babaCode=32&k_raceDate=2026%2F09%2F21&k_raceNo=9
2026-09-21 20:35:00,20:34,2026-09-21,saga,9,15,ワイド,9-11,92.5,99.9,66,https://www.keiba.go.jp/KeibaWeb/TodayRaceInfo/OddsWide?k_babaCode=32&k_raceDate=2026%2F09%2F21&k_raceNo=9
2026-09-21 20:35:00,20:34,2026-09-21,saga,9,15,ワイド,8-12,94.7,98.6,67,https://www.keiba.go.jp/KeibaWeb/TodayRaceInfo/OddsWide?k_babaCode=32&k_raceDate=2026%2F09%2F21&k_raceNo=9
2026-09-21 20:35:00,20:34,2026-09-21,saga,9,15,ワイド,2-5,95.5,98.5,68,https://www.keiba.go.jp/KeibaWeb/TodayRaceInfo/OddsWide?k_babaCode=32&k_raceDate=2026%2F09%2F21&k_raceNo=9
2026-09-21 20:35:00,20:34,2026-09-21,saga,9,15,ワイド,1-13,100.4,105.5,69,https://www.keiba.go.jp/KeibaWeb/TodayRaceInfo/OddsWide?k_babaCode=32&k_raceDate=2026%2F09%2F21&k_raceNo=9
2026-09-21 20:35:00,20:34,2026-09-21,saga,9,15,ワイド,1-8,100.7,105.4,70,https://www.keiba.go.jp/KeibaWeb/TodayRaceInfo/OddsWide?k_babaCode=32&k_raceDate=2026%2F09%2F21&k_raceNo=9
2026-09-21 20:35:00,20:34,2026-09-21,saga,9,15,ワイド,5-9,111.8,120.4,71,https://www.keiba.go.jp/KeibaWeb/TodayRaceInfo/OddsWide?k_babaCode=32&k_raceDate=2026%2F09%2F21&k_raceNo=9
2026-09-21 20:35:00,20:34,2026-09-21,saga,9,15,ワイド,3-5,112.9,116.8,72,https://www.keiba.go.jp/KeibaWeb/TodayRaceInfo/OddsWide?k_babaCode=32&k_raceDate=2026%2F09%2F21&k_raceNo=9
2026-09-21 20:35:00,20:34,2026-09-21,saga,9,15,ワイド,5-10,114.1,120.3,73,https://www.keiba.go.jp/KeibaWeb/TodayRaceInfo/OddsWide?k_babaCode=32&k_raceDate=2026%2F09%2F21&k_raceNo=9
2026-09-21 20:35:00,20:34,2026-09-21,saga,9,15,ワイド,8-9,121.3,130.7,74,https://www.keiba.go.jp/KeibaWeb/TodayRaceInfo/OddsWide?k_babaCode=32&k_raceDate=2026%2F09%2F21&k_raceNo=9
2026-09-21 20:35:00,20:34,2026-09-21,saga,9,15,ワイド,11-14,129.3,133.2,75,https://www.keiba.go.jp/KeibaWeb/TodayRaceInfo/OddsWide?k_babaCode=32&k_raceDate=2026%2F09%2F21&k_raceNo=9
2026-09-21 20:35:00,20:34,2026-09-21,saga,9,15,ワイド,1-14,133.0,140.5,76,https://www.keiba.go.jp/KeibaWeb/TodayRaceInfo/OddsWide?k_babaCode=32&k_raceDate=2026%2F09%2F21&k_raceNo=9
2026-09-21 20:35:00,20:34,2026-09-21,saga,9,15,ワイド,3-8,135.6,140.3,77,https://www.keiba.go.jp/KeibaWeb/TodayRaceInfo/OddsWide?k_babaCode=32&k_raceDate=2026%2F09%2F21&k_raceNo=9
2026-09-21 20:35:00,20:34,2026-09-21,saga,9,15,ワイド,8-13,138.7,140.5,78,https://www.keiba.go.jp/KeibaWeb/TodayRaceInfo/OddsWide?k_babaCode=32&k_raceDate=2026%2F09%2F21&k_raceNo=9
2026-09-21 20:35:00,20:34,2026-09-21,saga,9,15,ワイド,1-11,144.5,151.7,79,https://www.keiba.go.jp/KeibaWeb/TodayRaceInfo/OddsWide?k_babaCode=32&k_raceDate=2026%2F09%2F21&k_raceNo=9
2026-09-21 20:35:00,20:34,2026-09-21,saga,9,15,ワイド,3-11,152.2,157.9,80,https://www.keiba.go.jp/KeibaWeb/TodayRaceInfo/OddsWide?k_babaCode=32&k_raceDate=2026%2F09%2F21&k_raceNo=9
2026-09-21 20:35:00,20:34,2026-09-21,saga,9,15,ワイド,8-11,152.7,154.8,81,https://www.keiba.go.jp/KeibaWeb/TodayRaceInfo/OddsWide?k_babaCode=32&k_raceDate=2026%2F09%2F21&k_raceNo=9
2026-09-21 20:35:00,20:34,2026-09-21,saga,9,15,ワイド,7-13,157.5,161.4,82,https://www.keiba.go.jp/KeibaWeb/TodayRaceInfo/OddsWide?k_babaCode=32&k_raceDate=2026%2F09%2F21&k_raceNo=9
2026-09-21 20:35:00,20:34,2026-09-21,saga,9,15,ワイド,5-12,165.5,172.0,83,https://www.keiba.go.jp/KeibaWeb/TodayRaceInfo/OddsWide?k_babaCode=32&k_raceDate=2026%2F09%2F21&k_raceNo=9
2026-09-21 20:35:00,20:34,2026-09-21,saga,9,15,ワイド,1-5,181.1,189.4,84,https://www.keiba.go.jp/KeibaWeb/TodayRaceInfo/OddsWide?k_babaCode=32&k_raceDate=2026%2F09%2F21&k_raceNo=9
2026-09-21 20:35:00,20:34,2026-09-21,saga,9,15,ワイド,5-8,214.6,216.5,85,https://www.keiba.go.jp/KeibaWeb/TodayRaceInfo/OddsWide?k_babaCode=32&k_raceDate=2026%2F09%2F21&k_raceNo=9
2026-09-21 20:35:00,20:34,2026-09-21,saga,9,15,ワイド,5-7,225.4,229.5,86,https://www.keiba.go.jp/KeibaWeb/TodayRaceInfo/OddsWide?k_babaCode=32&k_raceDate=2026%2F09%2F21&k_raceNo=9
2026-09-21 20:35:00,20:34,2026-09-21,saga,9,15,ワイド,8-14,239.0,244.4,87,https://www.keiba.go.jp/KeibaWeb/TodayRaceInfo/OddsWide?k_babaCode=32&k_raceDate=2026%2F09%2F21&k_raceNo=9
2026-09-21 20:35:00,20:34,2026-09-21,saga,9,15,ワイド,5-14,285.0,291.2,88,https://www.keiba.go.jp/KeibaWeb/TodayRaceInfo/OddsWide?k_babaCode=32&k_raceDate=2026%2F09%2F21&k_raceNo=9
2026-09-21 20:35:00,20:34,2026-09-21,saga,9,15,ワイド,11-13,285.7,291.4,89,https://www.keiba.go.jp/KeibaWeb/TodayRaceInfo/OddsWide?k_babaCode=32&k_raceDate=2026%2F09%2F21&k_raceNo=9
2026-09-21 20:35:00,20:34,2026-09-21,saga,9,15,ワイド,5-13,299.2,303.1,90,https://www.keiba.go.jp/KeibaWeb/TodayRaceInfo/OddsWide?k_babaCode=32&k_raceDate=2026%2F09%2F21&k_raceNo=9
2026-09-21 20:35:00,20:34,2026-09-21,saga,9,15,ワイド,5-11,373.6,378.7,91,https://www.keiba.go.jp/KeibaWeb/TodayRaceInfo/OddsWide?k_babaCode=32&k_raceDate=2026%2F09%2F21&k_raceNo=9
2026-09-21 20:35:00,20:34,2026-09-21,saga,9,15,三連複,4-6-10,10.5,10.5,1,https://www.keiba.go.jp/KeibaWeb/TodayRaceInfo/Odds3LenFuku?k_babaCode=32&k_raceDate=2026%2F09%2F21&k_raceNo=9
2026-09-21 20:35:00,20:34,2026-09-21,saga,9,15,三連複,4-6-9,11.8,11.8,2,https://www.keiba.go.jp/KeibaWeb/TodayRaceInfo/Odds3LenFuku?k_babaCode=32&k_raceDate=2026%2F09%2F21&k_raceNo=9
2026-09-21 20:35:00,20:34,2026-09-21,saga,9,15,三連複,3-4-6,14.3,14.3,3,https://www.keiba.go.jp/KeibaWeb/TodayRaceInfo/Odds3LenFuku?k_babaCode=32&k_raceDate=2026%2F09%2F21&k_raceNo=9
2026-09-21 20:35:00,20:34,2026-09-21,saga,9,15,三連複,4-6-12,14.5,14.5,4,https://www.keiba.go.jp/KeibaWeb/TodayRaceInfo/Odds3LenFuku?k_babaCode=32&k_raceDate=2026%2F09%2F21&k_raceNo=9
2026-09-21 20:35:00,20:34,2026-09-21,saga,9,15,三連複,2-4-6,21.2,21.2,5,https://www.keiba.go.jp/KeibaWeb/TodayRaceInfo/Odds3LenFuku?k_babaCode=32&k_raceDate=2026%2F09%2F21&k_raceNo=9
2026-09-21 20:35:00,20:34,2026-09-21,saga,9,15,三連複,4-6-7,26.7,26.7,6,https://www.keiba.go.jp/KeibaWeb/TodayRaceInfo/Odds3LenFuku?k_babaCode=32&k_raceDate=2026%2F09%2F21&k_raceNo=9
2026-09-21 20:35:00,20:34,2026-09-21,saga,9,15,三連複,4-6-14,27.7,27.7,7,https://www.keiba.go.jp/KeibaWeb/TodayRaceInfo/Odds3LenFuku?k_babaCode=32&k_raceDate=2026%2F09%2F21&k_raceNo=9
2026-09-21 20:35:00,20:34,2026-09-21,saga,9,15,三連複,4-9-10,40.3,40.3,8,https://www.keiba.go.jp/KeibaWeb/TodayRaceInfo/Odds3LenFuku?k_babaCode=32&k_raceDate=2026%2F09%2F21&k_raceNo=9
2026-09-21 20:35:00,20:34,2026-09-21,saga,9,15,三連複,1-4-6,40.7,40.7,9,https://www.keiba.go.jp/KeibaWeb/TodayRaceInfo/Odds3LenFuku?k_babaCode=32&k_raceDate=2026%2F09%2F21&k_raceNo=9
2026-09-21 20:35:00,20:34,2026-09-21,saga,9,15,三連複,6-10-12,42.1,42.1,10,https://www.keiba.go.jp/KeibaWeb/TodayRaceInfo/Odds3LenFuku?k_babaCode=32&k_raceDate=2026%2F09%2F21&k_raceNo=9
2026-09-21 20:35:00,20:34,2026-09-21,saga,9,15,三連複,3-6-10,49.6,49.6,11,https://www.keiba.go.jp/KeibaWeb/TodayRaceInfo/Odds3LenFuku?k_babaCode=32&k_raceDate=2026%2F09%2F21&k_raceNo=9
2026-09-21 20:35:00,20:34,2026-09-21,saga,9,15,三連複,4-9-12,50.3,50.3,12,https://www.keiba.go.jp/KeibaWeb/TodayRaceInfo/Odds3LenFuku?k_babaCode=32&k_raceDate=2026%2F09%2F21&k_raceNo=9
2026-09-21 20:35:00,20:34,2026-09-21,saga,9,15,三連複,6-9-12,53.6,53.6,13,https://www.keiba.go.jp/KeibaWeb/TodayRaceInfo/Odds3LenFuku?k_babaCode=32&k_raceDate=2026%2F09%2F21&k_raceNo=9
2026-09-21 20:35:00,20:34,2026-09-21,saga,9,15,三連複,6-9-10,58.1,58.1,14,https://www.keiba.go.jp/KeibaWeb/TodayRaceInfo/Odds3LenFuku?k_babaCode=32&k_raceDate=2026%2F09%2F21&k_raceNo=9
2026-09-21 20:35:00,20:34,2026-09-21,saga,9,15,三連複,6-10-14,58.6,58.6,15,https://www.keiba.go.jp/KeibaWeb/TodayRaceInfo/Odds3LenFuku?k_babaCode=32&k_raceDate=2026%2F09%2F21&k_raceNo=9
2026-09-21 20:35:00,20:34,2026-09-21,saga,9,15,三連複,3-4-9,58.9,58.9,16,https://www.keiba.go.jp/KeibaWeb/TodayRaceInfo/Odds3LenFuku?k_babaCode=32&k_raceDate=2026%2F09%2F21&k_raceNo=9
2026-09-21 20:35:00,20:34,2026-09-21,saga,9,15,三連複,4-10-12,59.2,59.2,17,https://www.keiba.go.jp/KeibaWeb/TodayRaceInfo/Odds3LenFuku?k_babaCode=32&k_raceDate=2026%2F09%2F21&k_raceNo=9
2026-09-21 20:35:00,20:34,2026-09-21,saga,9,15,三連複,4-6-13,60.9,60.9,18,https://www.keiba.go.jp/KeibaWeb/TodayRaceInfo/Odds3LenFuku?k_babaCode=32&k_raceDate=2026%2F09%2F21&k_raceNo=9
2026-09-21 20:35:00,20:34,2026-09-21,saga,9,15,三連複,3-6-9,63.2,63.2,19,https://www.keiba.go.jp/KeibaWeb/TodayRaceInfo/Odds3LenFuku?k_babaCode=32&k_raceDate=2026%2F09%2F21&k_raceNo=9
2026-09-21 20:35:00,20:34,2026-09-21,saga,9,15,三連複,6-7-10,64.0,64.0,20,https://www.keiba.go.jp/KeibaWeb/TodayRaceInfo/Odds3LenFuku?k_babaCode=32&k_raceDate=2026%2F09%2F21&k_raceNo=9
2026-09-21 20:35:00,20:34,2026-09-21,saga,9,15,三連複,3-4-10,66.4,66.4,21,https://www.keiba.go.jp/KeibaWeb/TodayRaceInfo/Odds3LenFuku?k_babaCode=32&k_raceDate=2026%2F09%2F21&k_raceNo=9
2026-09-21 20:35:00,20:34,2026-09-21,saga,9,15,三連複,2-4-9,68.8,68.8,22,https://www.keiba.go.jp/KeibaWeb/TodayRaceInfo/Odds3LenFuku?k_babaCode=32&k_raceDate=2026%2F09%2F21&k_raceNo=9
2026-09-21 20:35:00,20:34,2026-09-21,saga,9,15,三連複,2-4-10,72.8,72.8,23,https://www.keiba.go.jp/KeibaWeb/TodayRaceInfo/Odds3LenFuku?k_babaCode=32&k_raceDate=2026%2F09%2F21&k_raceNo=9
2026-09-21 20:35:00,20:34,2026-09-21,saga,9,15,三連複,3-4-12,74.4,74.4,24,https://www.keiba.go.jp/KeibaWeb/TodayRaceInfo/Odds3LenFuku?k_babaCode=32&k_raceDate=2026%2F09%2F21&k_raceNo=9
2026-09-21 20:35:00,20:34,2026-09-21,saga,9,15,三連複,2-6-10,79.2,79.2,25,https://www.keiba.go.jp/KeibaWeb/TodayRaceInfo/Odds3LenFuku?k_babaCode=32&k_raceDate=2026%2F09%2F21&k_raceNo=9
2026-09-21 20:35:00,20:34,2026-09-21,saga,9,15,三連複,3-6-12,79.8,79.8,26,https://www.keiba.go.jp/KeibaWeb/TodayRaceInfo/Odds3LenFuku?k_babaCode=32&k_raceDate=2026%2F09%2F21&k_raceNo=9
2026-09-21 20:35:00,20:34,2026-09-21,saga,9,15,三連複,1-4-9,80.8,80.8,27,https://www.keiba.go.jp/KeibaWeb/TodayRaceInfo/Odds3LenFuku?k_babaCode=32&k_raceDate=2026%2F09%2F21&k_raceNo=9
2026-09-21 20:35:00,20:34,2026-09-21,saga,9,15,三連複,4-6-11,85.4,85.4,28,https://www.keiba.go.jp/KeibaWeb/TodayRaceInfo/Odds3LenFuku?k_babaCode=32&k_raceDate=2026%2F09%2F21&k_raceNo=9
2026-09-21 20:35:00,20:34,2026-09-21,saga,9,15,三連複,6-9-14,86.7,86.7,29,https://www.keiba.go.jp/KeibaWeb/TodayRaceInfo/Odds3LenFuku?k_babaCode=32&k_raceDate=2026%2F09%2F21&k_raceNo=9
2026-09-21 20:35:00,20:34,2026-09-21,saga,9,15,三連複,4-10-14,89.3,89.3,30,https://www.keiba.go.jp/KeibaWeb/TodayRaceInfo/Odds3LenFuku?k_babaCode=32&k_raceDate=2026%2F09%2F21&k_raceNo=9
2026-09-21 20:35:00,20:34,2026-09-21,saga,9,15,三連複,4-7-9,89.5,89.5,31,https://www.keiba.go.jp/KeibaWeb/TodayRaceInfo/Odds3LenFuku?k_babaCode=32&k_raceDate=2026%2F09%2F21&k_raceNo=9
2026-09-21 20:35:00,20:34,2026-09-21,saga,9,15,三連複,4-6-8,93.0,93.0,32,https://www.keiba.go.jp/KeibaWeb/TodayRaceInfo/Odds3LenFuku?k_babaCode=32&k_raceDate=2026%2F09%2F21&k_raceNo=9
2026-09-21 20:35:00,20:34,2026-09-21,saga,9,15,三連複,6-12-14,95.0,95.0,33,https://www.keiba.go.jp/KeibaWeb/TodayRaceInfo/Odds3LenFuku?k_babaCode=32&k_raceDate=2026%2F09%2F21&k_raceNo=9
2026-09-21 20:35:00,20:34,2026-09-21,saga,9,15,三連複,4-5-6,96.2,96.2,34,https://www.keiba.go.jp/KeibaWeb/TodayRaceInfo/Odds3LenFuku?k_babaCode=32&k_raceDate=2026%2F09%2F21&k_raceNo=9
2026-09-21 20:35:00,20:34,2026-09-21,saga,9,15,三連複,4-9-14,97.4,97.4,35,https://www.keiba.go.jp/KeibaWeb/TodayRaceInfo/Odds3LenFuku?k_babaCode=32&k_raceDate=2026%2F09%2F21&k_raceNo=9
2026-09-21 20:35:00,20:34,2026-09-21,saga,9,15,三連複,4-7-10,101.5,101.5,36,https://www.keiba.go.jp/KeibaWeb/TodayRaceInfo/Odds3LenFuku?k_babaCode=32&k_raceDate=2026%2F09%2F21&k_raceNo=9
2026-09-21 20:35:00,20:34,2026-09-21,saga,9,15,三連複,6-7-9,104.9,104.9,37,https://www.keiba.go.jp/KeibaWeb/TodayRaceInfo/Odds3LenFuku?k_babaCode=32&k_raceDate=2026%2F09%2F21&k_raceNo=9
2026-09-21 20:35:00,20:34,2026-09-21,saga,9,15,三連複,2-3-4,105.8,105.8,38,https://www.keiba.go.jp/KeibaWeb/TodayRaceInfo/Odds3LenFuku?k_babaCode=32&k_raceDate=2026%2F09%2F21&k_raceNo=9
2026-09-21 20:35:00,20:34,2026-09-21,saga,9,15,三連複,2-6-9,109.0,109.0,39,https://www.keiba.go.jp/KeibaWeb/TodayRaceInfo/Odds3LenFuku?k_babaCode=32&k_raceDate=2026%2F09%2F21&k_raceNo=9
2026-09-21 20:35:00,20:34,2026-09-21,saga,9,15,三連複,2-4-12,114.5,114.5,40,https://www.keiba.go.jp/KeibaWeb/TodayRaceInfo/Odds3LenFuku?k_babaCode=32&k_raceDate=2026%2F09%2F21&k_raceNo=9
2026-09-21 20:35:00,20:34,2026-09-21,saga,9,15,三連複,1-4-12,114.9,114.9,41,https://www.keiba.go.jp/KeibaWeb/TodayRaceInfo/Odds3LenFuku?k_babaCode=32&k_raceDate=2026%2F09%2F21&k_raceNo=9
2026-09-21 20:35:00,20:34,2026-09-21,saga,9,15,三連複,1-4-10,115.1,115.1,42,https://www.keiba.go.jp/KeibaWeb/TodayRaceInfo/Odds3LenFuku?k_babaCode=32&k_raceDate=2026%2F09%2F21&k_raceNo=9
2026-09-21 20:35:00,20:34,2026-09-21,saga,9,15,三連複,3-6-14,117.3,117.3,43,https://www.keiba.go.jp/KeibaWeb/TodayRaceInfo/Odds3LenFuku?k_babaCode=32&k_raceDate=2026%2F09%2F21&k_raceNo=9
2026-09-21 20:35:00,20:34,2026-09-21,saga,9,15,三連複,6-7-12,118.3,118.3,44,https://www.keiba.go.jp/KeibaWeb/TodayRaceInfo/Odds3LenFuku?k_babaCode=32&k_raceDate=2026%2F09%2F21&k_raceNo=9
2026-09-21 20:35:00,20:34,2026-09-21,saga,9,15,三連複,1-3-4,120.0,120.0,45,https://www.keiba.go.jp/KeibaWeb/TodayRaceInfo/Odds3LenFuku?k_babaCode=32&k_raceDate=2026%2F09%2F21&k_raceNo=9
2026-09-21 20:35:00,20:34,2026-09-21,saga,9,15,三連複,2-6-12,123.7,123.7,46,https://www.keiba.go.jp/KeibaWeb/TodayRaceInfo/Odds3LenFuku?k_babaCode=32&k_raceDate=2026%2F09%2F21&k_raceNo=9
2026-09-21 20:35:00,20:34,2026-09-21,saga,9,15,三連複,6-7-14,127.6,127.6,47,https://www.keiba.go.jp/KeibaWeb/TodayRaceInfo/Odds3LenFuku?k_babaCode=32&k_raceDate=2026%2F09%2F21&k_raceNo=9
2026-09-21 20:35:00,20:34,2026-09-21,saga,9,15,三連複,1-2-4,135.0,135.0,48,https://www.keiba.go.jp/KeibaWeb/TodayRaceInfo/Odds3LenFuku?k_babaCode=32&k_raceDate=2026%2F09%2F21&k_raceNo=9
2026-09-21 20:35:00,20:34,2026-09-21,saga,9,15,三連複,3-6-7,145.7,145.7,49,https://www.keiba.go.jp/KeibaWeb/TodayRaceInfo/Odds3LenFuku?k_babaCode=32&k_raceDate=2026%2F09%2F21&k_raceNo=9
2026-09-21 20:35:00,20:34,2026-09-21,saga,9,15,三連複,4-9-13,147.6,147.6,50,https://www.keiba.go.jp/KeibaWeb/TodayRaceInfo/Odds3LenFuku?k_babaCode=32&k_raceDate=2026%2F09%2F21&k_raceNo=9
2026-09-21 20:35:00,20:34,2026-09-21,saga,9,15,三連複,2-3-6,159.8,159.8,51,https://www.keiba.go.jp/KeibaWeb/TodayRaceInfo/Odds3LenFuku?k_babaCode=32&k_raceDate=2026%2F09%2F21&k_raceNo=9
2026-09-21 20:35:00,20:34,2026-09-21,saga,9,15,三連複,4-12-14,160.9,160.9,52,https://www.keiba.go.jp/KeibaWeb/TodayRaceInfo/Odds3LenFuku?k_babaCode=32&k_raceDate=2026%2F09%2F21&k_raceNo=9
2026-09-21 20:35:00,20:34,2026-09-21,saga,9,15,三連複,1-6-10,162.9,162.9,53,https://www.keiba.go.jp/KeibaWeb/TodayRaceInfo/Odds3LenFuku?k_babaCode=32&k_raceDate=2026%2F09%2F21&k_raceNo=9
2026-09-21 20:35:00,20:34,2026-09-21,saga,9,15,三連複,2-4-7,164.8,164.8,54,https://www.keiba.go.jp/KeibaWeb/TodayRaceInfo/Odds3LenFuku?k_babaCode=32&k_raceDate=2026%2F09%2F21&k_raceNo=9
2026-09-21 20:35:00,20:34,2026-09-21,saga,9,15,三連複,3-4-7,177.3,177.3,55,https://www.keiba.go.jp/KeibaWeb/TodayRaceInfo/Odds3LenFuku?k_babaCode=32&k_raceDate=2026%2F09%2F21&k_raceNo=9
2026-09-21 20:35:00,20:34,2026-09-21,saga,9,15,三連複,4-12-13,184.1,184.1,56,https://www.keiba.go.jp/KeibaWeb/TodayRaceInfo/Odds3LenFuku?k_babaCode=32&k_raceDate=2026%2F09%2F21&k_raceNo=9
2026-09-21 20:35:00,20:34,2026-09-21,saga,9,15,三連複,4-7-12,187.1,187.1,57,https://www.keiba.go.jp/KeibaWeb/TodayRaceInfo/Odds3LenFuku?k_babaCode=32&k_raceDate=2026%2F09%2F21&k_raceNo=9
2026-09-21 20:35:00,20:34,2026-09-21,saga,9,15,三連複,3-4-14,188.1,188.1,58,https://www.keiba.go.jp/KeibaWeb/TodayRaceInfo/Odds3LenFuku?k_babaCode=32&k_raceDate=2026%2F09%2F21&k_raceNo=9
2026-09-21 20:35:00,20:34,2026-09-21,saga,9,15,三連複,1-4-7,190.8,190.8,59,https://www.keiba.go.jp/KeibaWeb/TodayRaceInfo/Odds3LenFuku?k_babaCode=32&k_raceDate=2026%2F09%2F21&k_raceNo=9
2026-09-21 20:35:00,20:34,2026-09-21,saga,9,15,三連複,4-9-11,202.7,202.7,60,https://www.keiba.go.jp/KeibaWeb/TodayRaceInfo/Odds3LenFuku?k_babaCode=32&k_raceDate=2026%2F09%2F21&k_raceNo=9
2026-09-21 20:35:00,20:34,2026-09-21,saga,9,15,三連複,1-4-13,222.7,222.7,61,https://www.keiba.go.jp/KeibaWeb/TodayRaceInfo/Odds3LenFuku?k_babaCode=32&k_raceDate=2026%2F09%2F21&k_raceNo=9
2026-09-21 20:35:00,20:34,2026-09-21,saga,9,15,三連複,2-4-14,227.2,227.2,62,https://www.keiba.go.jp/KeibaWeb/TodayRaceInfo/Odds3LenFuku?k_babaCode=32&k_raceDate=2026%2F09%2F21&k_raceNo=9
2026-09-21 20:35:00,20:34,2026-09-21,saga,9,15,三連複,3-4-13,227.9,227.9,63,https://www.keiba.go.jp/KeibaWeb/TodayRaceInfo/Odds3LenFuku?k_babaCode=32&k_raceDate=2026%2F09%2F21&k_raceNo=9
2026-09-21 20:35:00,20:34,2026-09-21,saga,9,15,三連複,4-7-14,227.9,227.9,63,https://www.keiba.go.jp/KeibaWeb/TodayRaceInfo/Odds3LenFuku?k_babaCode=32&k_raceDate=2026%2F09%2F21&k_raceNo=9
2026-09-21 20:35:00,20:34,2026-09-21,saga,9,15,三連複,4-8-9,230.2,230.2,65,https://www.keiba.go.jp/KeibaWeb/TodayRaceInfo/Odds3LenFuku?k_babaCode=32&k_raceDate=2026%2F09%2F21&k_raceNo=9
2026-09-21 20:35:00,20:34,2026-09-21,saga,9,15,三連複,4-5-9,231.8,231.8,66,https://www.keiba.go.jp/KeibaWeb/TodayRaceInfo/Odds3LenFuku?k_babaCode=32&k_raceDate=2026%2F09%2F21&k_raceNo=9
2026-09-21 20:35:00,20:34,2026-09-21,saga,9,15,三連複,4-10-13,231.8,231.8,66,https://www.keiba.go.jp/KeibaWeb/TodayRaceInfo/Odds3LenFuku?k_babaCode=32&k_raceDate=2026%2F09%2F21&k_raceNo=9
2026-09-21 20:35:00,20:34,2026-09-21,saga,9,15,三連複,1-6-9,232.6,232.6,68,https://www.keiba.go.jp/KeibaWeb/TodayRaceInfo/Odds3LenFuku?k_babaCode=32&k_raceDate=2026%2F09%2F21&k_raceNo=9
2026-09-21 20:35:00,20:34,2026-09-21,saga,9,15,三連複,1-4-8,247.9,247.9,69,https://www.keiba.go.jp/KeibaWeb/TodayRaceInfo/Odds3LenFuku?k_babaCode=32&k_raceDate=2026%2F09%2F21&k_raceNo=9
2026-09-21 20:35:00,20:34,2026-09-21,saga,9,15,三連複,1-4-14,251.6,251.6,70,https://www.keiba.go.jp/KeibaWeb/TodayRaceInfo/Odds3LenFuku?k_babaCode=32&k_raceDate=2026%2F09%2F21&k_raceNo=9
2026-09-21 20:35:00,20:34,2026-09-21,saga,9,15,三連複,1-3-6,259.2,259.2,71,https://www.keiba.go.jp/KeibaWeb/TodayRaceInfo/Odds3LenFuku?k_babaCode=32&k_raceDate=2026%2F09%2F21&k_raceNo=9
2026-09-21 20:35:00,20:34,2026-09-21,saga,9,15,三連複,2-6-7,260.2,260.2,72,https://www.keiba.go.jp/KeibaWeb/TodayRaceInfo/Odds3LenFuku?k_babaCode=32&k_raceDate=2026%2F09%2F21&k_raceNo=9
2026-09-21 20:35:00,20:34,2026-09-21,saga,9,15,三連複,2-6-14,266.4,266.4,73,https://www.keiba.go.jp/KeibaWeb/TodayRaceInfo/Odds3LenFuku?k_babaCode=32&k_raceDate=2026%2F09%2F21&k_raceNo=9
2026-09-21 20:35:00,20:34,2026-09-21,saga,9,15,三連複,6-10-13,272.8,272.8,74,https://www.keiba.go.jp/KeibaWeb/TodayRaceInfo/Odds3LenFuku?k_babaCode=32&k_raceDate=2026%2F09%2F21&k_raceNo=9
2026-09-21 20:35:00,20:34,2026-09-21,saga,9,15,三連複,1-2-6,277.2,277.2,75,https://www.keiba.go.jp/KeibaWeb/TodayRaceInfo/Odds3LenFuku?k_babaCode=32&k_raceDate=2026%2F09%2F21&k_raceNo=9
2026-09-21 20:35:00,20:34,2026-09-21,saga,9,15,三連複,2-4-8,280.7,280.7,76,https://www.keiba.go.jp/KeibaWeb/TodayRaceInfo/Odds3LenFuku?k_babaCode=32&k_raceDate=2026%2F09%2F21&k_raceNo=9
2026-09-21 20:35:00,20:34,2026-09-21,saga,9,15,三連複,2-4-13,292.8,292.8,77,https://www.keiba.go.jp/KeibaWeb/TodayRaceInfo/Odds3LenFuku?k_babaCode=32&k_raceDate=2026%2F09%2F21&k_raceNo=9
2026-09-21 20:35:00,20:34,2026-09-21,saga,9,15,三連複,4-8-12,295.3,295.3,78,https://www.keiba.go.jp/KeibaWeb/TodayRaceInfo/Odds3LenFuku?k_babaCode=32&k_raceDate=2026%2F09%2F21&k_raceNo=9
2026-09-21 20:35:00,20:34,2026-09-21,saga,9,15,三連複,6-10-11,297.9,297.9,79,https://www.keiba.go.jp/KeibaWeb/TodayRaceInfo/Odds3LenFuku?k_babaCode=32&k_raceDate=2026%2F09%2F21&k_raceNo=9
2026-09-21 20:35:00,20:34,2026-09-21,saga,9,15,三連複,9-10-12,303.2,303.2,80,https://www.keiba.go.jp/KeibaWeb/TodayRaceInfo/Odds3LenFuku?k_babaCode=32&k_raceDate=2026%2F09%2F21&k_raceNo=9
2026-09-21 20:35:00,20:34,2026-09-21,saga,9,15,三連複,1-6-12,310.1,310.1,81,https://www.keiba.go.jp/KeibaWeb/TodayRaceInfo/Odds3LenFuku?k_babaCode=32&k_raceDate=2026%2F09%2F21&k_raceNo=9
2026-09-21 20:35:00,20:34,2026-09-21,saga,9,15,三連複,4-10-11,313.0,313.0,82,https://www.keiba.go.jp/KeibaWeb/TodayRaceInfo/Odds3LenFuku?k_babaCode=32&k_raceDate=2026%2F09%2F21&k_raceNo=9
2026-09-21 20:35:00,20:34,2026-09-21,saga,9,15,三連複,6-9-13,317.4,317.4,83,https://www.keiba.go.jp/KeibaWeb/TodayRaceInfo/Odds3LenFuku?k_babaCode=32&k_raceDate=2026%2F09%2F21&k_raceNo=9
2026-09-21 20:35:00,20:34,2026-09-21,saga,9,15,三連複,3-4-8,320.4,320.4,84,https://www.keiba.go.jp/KeibaWeb/TodayRaceInfo/Odds3LenFuku?k_babaCode=32&k_raceDate=2026%2F09%2F21&k_raceNo=9
2026-09-21 20:35:00,20:34,2026-09-21,saga,9,15,三連複,1-4-11,329.7,329.7,85,https://www.keiba.go.jp/KeibaWeb/TodayRaceInfo/Odds3LenFuku?k_babaCode=32&k_raceDate=2026%2F09%2F21&k_raceNo=9
2026-09-21 20:35:00,20:34,2026-09-21,saga,9,15,三連複,2-10-12,333.0,333.0,86,https://www.keiba.go.jp/KeibaWeb/TodayRaceInfo/Odds3LenFuku?k_babaCode=32&k_raceDate=2026%2F09%2F21&k_raceNo=9
2026-09-21 20:35:00,20:34,2026-09-21,saga,9,15,三連複,2-9-10,336.3,336.3,87,https://www.keiba.go.jp/KeibaWeb/TodayRaceInfo/Odds3LenFuku?k_babaCode=32&k_raceDate=2026%2F09%2F21&k_raceNo=9
2026-09-21 20:35:00,20:34,2026-09-21,saga,9,15,三連複,1-4-5,346.5,346.5,88,https://www.keiba.go.jp/KeibaWeb/TodayRaceInfo/Odds3LenFuku?k_babaCode=32&k_raceDate=2026%2F09%2F21&k_raceNo=9
2026-09-21 20:35:00,20:34,2026-09-21,saga,9,15,三連複,3-9-12,355.6,355.6,89,https://www.keiba.go.jp/KeibaWeb/TodayRaceInfo/Odds3LenFuku?k_babaCode=32&k_raceDate=2026%2F09%2F21&k_raceNo=9
2026-09-21 20:35:00,20:34,2026-09-21,saga,9,15,三連複,6-12-13,355.6,355.6,89,https://www.keiba.go.jp/KeibaWeb/TodayRaceInfo/Odds3LenFuku?k_babaCode=32&k_raceDate=2026%2F09%2F21&k_raceNo=9
2026-09-21 20:35:00,20:34,2026-09-21,saga,9,15,三連複,4-8-10,388.1,388.1,91,https://www.keiba.go.jp/KeibaWeb/TodayRaceInfo/Odds3LenFuku?k_babaCode=32&k_raceDate=2026%2F09%2F21&k_raceNo=9
2026-09-21 20:35:00,20:34,2026-09-21,saga,9,15,三連複,4-11-12,388.1,388.1,91,https://www.keiba.go.jp/KeibaWeb/TodayRaceInfo/Odds3LenFuku?k_babaCode=32&k_raceDate=2026%2F09%2F21&k_raceNo=9
2026-09-21 20:35:00,20:34,2026-09-21,saga,9,15,三連複,2-4-11,390.4,390.4,93,https://www.keiba.go.jp/KeibaWeb/TodayRaceInfo/Odds3LenFuku?k_babaCode=32&k_raceDate=2026%2F09%2F21&k_raceNo=9
2026-09-21 20:35:00,20:34,2026-09-21,saga,9,15,三連複,6-9-11,394.9,394.9,94,https://www.keiba.go.jp/KeibaWeb/TodayRaceInfo/Odds3LenFuku?k_babaCode=32&k_raceDate=2026%2F09%2F21&k_raceNo=9
2026-09-21 20:35:00,20:34,2026-09-21,saga,9,15,三連複,10-12-14,394.9,394.9,94,https://www.keiba.go.jp/KeibaWeb/TodayRaceInfo/Odds3LenFuku?k_babaCode=32&k_raceDate=2026%2F09%2F21&k_raceNo=9
2026-09-21 20:35:00,20:34,2026-09-21,saga,9,15,三連複,9-12-14,409.2,409.2,96,https://www.keiba.go.jp/KeibaWeb/TodayRaceInfo/Odds3LenFuku?k_babaCode=32&k_raceDate=2026%2F09%2F21&k_raceNo=9
2026-09-21 20:35:00,20:34,2026-09-21,saga,9,15,三連複,3-9-10,411.7,411.7,97,https://www.keiba.go.jp/KeibaWeb/TodayRaceInfo/Odds3LenFuku?k_babaCode=32&k_raceDate=2026%2F09%2F21&k_raceNo=9
2026-09-21 20:35:00,20:34,2026-09-21,saga,9,15,三連複,9-10-14,414.2,414.2,98,https://www.keiba.go.jp/KeibaWeb/TodayRaceInfo/Odds3LenFuku?k_babaCode=32&k_raceDate=2026%2F09%2F21&k_raceNo=9
2026-09-21 20:35:00,20:34,2026-09-21,saga,9,15,三連複,6-8-10,424.5,424.5,99,https://www.keiba.go.jp/KeibaWeb/TodayRaceInfo/Odds3LenFuku?k_babaCode=32&k_raceDate=2026%2F09%2F21&k_raceNo=9
2026-09-21 20:35:00,20:34,2026-09-21,saga,9,15,三連複,3-4-5,432.6,432.6,100,https://www.keiba.go.jp/KeibaWeb/TodayRaceInfo/Odds3LenFuku?k_babaCode=32&k_raceDate=2026%2F09%2F21&k_raceNo=9
2026-09-21 20:35:00,20:34,2026-09-21,saga,9,15,三連複,3-4-11,432.6,432.6,100,https://www.keiba.go.jp/KeibaWeb/TodayRaceInfo/Odds3LenFuku?k_babaCode=32&k_raceDate=2026%2F09%2F21&k_raceNo=9
2026-09-21 20:35:00,20:34,2026-09-21,saga,9,15,三連複,5-6-10,432.6,432.6,100,https://www.keiba.go.jp/KeibaWeb/TodayRaceInfo/Odds3LenFuku?k_babaCode=32&k_raceDate=2026%2F09%2F21&k_raceNo=9
2026-09-21 20:35:00,20:34,2026-09-21,saga,9,15,三連複,4-7-11,435.4,435.4,103,https://www.keiba.go.jp/KeibaWeb/TodayRaceInfo/Odds3LenFuku?k_babaCode=32&k_raceDate=2026%2F09%2F21&k_raceNo=9
2026-09-21 20:35:00,20:34,2026-09-21,saga,9,15,三連複,2-6-11,438.2,438.2,104,https://www.keiba.go.jp/KeibaWeb/TodayRaceInfo/Odds3LenFuku?k_babaCode=32&k_raceDate=2026%2F09%2F21&k_raceNo=9
2026-09-21 20:35:00,20:34,2026-09-21,saga,9,15,三連複,2-6-8,459.0,459.0,105,https://www.keiba.go.jp/KeibaWeb/TodayRaceInfo/Odds3LenFuku?k_babaCode=32&k_raceDate=2026%2F09%2F21&k_raceNo=9
2026-09-21 20:35:00,20:34,2026-09-21,saga,9,15,三連複,2-4-5,462.1,462.1,106,https://www.keiba.go.jp/KeibaWeb/TodayRaceInfo/Odds3LenFuku?k_babaCode=32&k_raceDate=2026%2F09%2F21&k_raceNo=9
2026-09-21 20:35:00,20:34,2026-09-21,saga,9,15,三連複,5-6-9,462.1,462.1,106,https://www.keiba.go.jp/KeibaWeb/TodayRaceInfo/Odds3LenFuku?k_babaCode=32&k_raceDate=2026%2F09%2F21&k_raceNo=9
2026-09-21 20:35:00,20:34,2026-09-21,saga,9,15,三連複,2-6-13,468.5,468.5,108,https://www.keiba.go.jp/KeibaWeb/TodayRaceInfo/Odds3LenFuku?k_babaCode=32&k_raceDate=2026%2F09%2F21&k_raceNo=9
2026-09-21 20:35:00,20:34,2026-09-21,saga,9,15,三連複,4-7-8,468.5,468.5,108,https://www.keiba.go.jp/KeibaWeb/TodayRaceInfo/Odds3LenFuku?k_babaCode=32&k_raceDate=2026%2F09%2F21&k_raceNo=9
2026-09-21 20:35:00,20:34,2026-09-21,saga,9,15,三連複,6-8-9,468.5,468.5,108,https://www.keiba.go.jp/KeibaWeb/TodayRaceInfo/Odds3LenFuku?k_babaCode=32&k_raceDate=2026%2F09%2F21&k_raceNo=9
2026-09-21 20:35:00,20:34,2026-09-21,saga,9,15,三連複,4-5-12,488.7,488.7,111,https://www.keiba.go.jp/KeibaWeb/TodayRaceInfo/Odds3LenFuku?k_babaCode=32&k_raceDate=2026%2F09%2F21&k_raceNo=9
2026-09-21 20:35:00,20:34,2026-09-21,saga,9,15,三連複,3-10-12,495.8,495.8,112,https://www.keiba.go.jp/KeibaWeb/TodayRaceInfo/Odds3LenFuku?k_babaCode=32&k_raceDate=2026%2F09%2F21&k_raceNo=9
2026-09-21 20:35:00,20:34,2026-09-21,saga,9,15,三連複,4-5-10,495.8,495.8,112,https://www.keiba.go.jp/KeibaWeb/TodayRaceInfo/Odds3LenFuku?k_babaCode=32&k_raceDate=2026%2F09%2F21&k_raceNo=9
2026-09-21 20:35:00,20:34,2026-09-21,saga,9,15,三連複,2-9-12,526.6,526.6,114,https://www.keiba.go.jp/KeibaWeb/TodayRaceInfo/Odds3LenFuku?k_babaCode=32&k_raceDate=2026%2F09%2F21&k_raceNo=9
2026-09-21 20:35:00,20:34,2026-09-21,saga,9,15,三連複,4-5-7,526.6,526.6,114,https://www.keiba.go.jp/KeibaWeb/TodayRaceInfo/Odds3LenFuku?k_babaCode=32&k_raceDate=2026%2F09%2F21&k_raceNo=9
2026-09-21 20:35:00,20:34,2026-09-21,saga,9,15,三連複,6-11-14,530.7,530.7,116,https://www.keiba.go.jp/KeibaWeb/TodayRaceInfo/Odds3LenFuku?k_babaCode=32&k_raceDate=2026%2F09%2F21&k_raceNo=9
2026-09-21 20:35:00,20:34,2026-09-21,saga,9,15,三連複,5-6-12,543.4,543.4,117,https://www.keiba.go.jp/KeibaWeb/TodayRaceInfo/Odds3LenFuku?k_babaCode=32&k_raceDate=2026%2F09%2F21&k_raceNo=9
2026-09-21 20:35:00,20:34,2026-09-21,saga,9,15,三連複,4-8-13,547.8,547.8,118,https://www.keiba.go.jp/KeibaWeb/TodayRaceInfo/Odds3LenFuku?k_babaCode=32&k_raceDate=2026%2F09%2F21&k_raceNo=9
2026-09-21 20:35:00,20:34,2026-09-21,saga,9,15,三連複,2-7-10,556.8,556.8,119,https://www.keiba.go.jp/KeibaWeb/TodayRaceInfo/Odds3LenFuku?k_babaCode=32&k_raceDate=2026%2F09%2F21&k_raceNo=9
2026-09-21 20:35:00,20:34,2026-09-21,saga,9,15,三連複,3-10-14,570.8,570.8,120,https://www.keiba.go.jp/KeibaWeb/TodayRaceInfo/Odds3LenFuku?k_babaCode=32&k_raceDate=2026%2F09%2F21&k_raceNo=9
2026-09-21 20:35:00,20:34,2026-09-21,saga,9,15,三連複,6-8-12,575.7,575.7,121,https://www.keiba.go.jp/KeibaWeb/TodayRaceInfo/Odds3LenFuku?k_babaCode=32&k_raceDate=2026%2F09%2F21&k_raceNo=9
2026-09-21 20:35:00,20:34,2026-09-21,saga,9,15,三連複,3-7-10,585.6,585.6,122,https://www.keiba.go.jp/KeibaWeb/TodayRaceInfo/Odds3LenFuku?k_babaCode=32&k_raceDate=2026%2F09%2F21&k_raceNo=9
2026-09-21 20:35:00,20:34,2026-09-21,saga,9,15,三連複,1-2-9,595.9,595.9,123,https://www.keiba.go.jp/KeibaWeb/TodayRaceInfo/Odds3LenFuku?k_babaCode=32&k_raceDate=2026%2F09%2F21&k_raceNo=9
2026-09-21 20:35:00,20:34,2026-09-21,saga,9,15,三連複,1-6-14,595.9,595.9,123,https://www.keiba.go.jp/KeibaWeb/TodayRaceInfo/Odds3LenFuku?k_babaCode=32&k_raceDate=2026%2F09%2F21&k_raceNo=9
2026-09-21 20:35:00,20:34,2026-09-21,saga,9,15,三連複,2-3-10,595.9,595.9,123,https://www.keiba.go.jp/KeibaWeb/TodayRaceInfo/Odds3LenFuku?k_babaCode=32&k_raceDate=2026%2F09%2F21&k_raceNo=9
2026-09-21 20:35:00,20:34,2026-09-21,saga,9,15,三連複,6-7-11,601.1,601.1,126,https://www.keiba.go.jp/KeibaWeb/TodayRaceInfo/Odds3LenFuku?k_babaCode=32&k_raceDate=2026%2F09%2F21&k_raceNo=9
2026-09-21 20:35:00,20:34,2026-09-21,saga,9,15,三連複,1-6-7,606.5,606.5,127,https://www.keiba.go.jp/KeibaWeb/TodayRaceInfo/Odds3LenFuku?k_babaCode=32&k_raceDate=2026%2F09%2F21&k_raceNo=9
2026-09-21 20:35:00,20:34,2026-09-21,saga,9,15,三連複,1-9-10,606.5,606.5,127,https://www.keiba.go.jp/KeibaWeb/TodayRaceInfo/Odds3LenFuku?k_babaCode=32&k_raceDate=2026%2F09%2F21&k_raceNo=9
2026-09-21 20:35:00,20:34,2026-09-21,saga,9,15,三連複,4-11-14,623.2,623.2,129,https://www.keiba.go.jp/KeibaWeb/TodayRaceInfo/Odds3LenFuku?k_babaCode=32&k_raceDate=2026%2F09%2F21&k_raceNo=9
2026-09-21 20:35:00,20:34,2026-09-21,saga,9,15,三連複,7-9-10,629.0,629.0,130,https://www.keiba.go.jp/KeibaWeb/TodayRaceInfo/Odds3LenFuku?k_babaCode=32&k_raceDate=2026%2F09%2F21&k_raceNo=9
2026-09-21 20:35:00,20:34,2026-09-21,saga,9,15,三連複,4-13-14,640.8,640.8,131,https://www.keiba.go.jp/KeibaWeb/TodayRaceInfo/Odds3LenFuku?k_babaCode=32&k_raceDate=2026%2F09%2F21&k_raceNo=9
2026-09-21 20:35:00,20:34,2026-09-21,saga,9,15,三連複,7-10-14,646.9,646.9,132,https://www.keiba.go.jp/KeibaWeb/TodayRaceInfo/Odds3LenFuku?k_babaCode=32&k_raceDate=2026%2F09%2F21&k_raceNo=9
2026-09-21 20:35:00,20:34,2026-09-21,saga,9,15,三連複,1-3-10,653.2,653.2,133,https://www.keiba.go.jp/KeibaWeb/TodayRaceInfo/Odds3LenFuku?k_babaCode=32&k_raceDate=2026%2F09%2F21&k_raceNo=9
2026-09-21 20:35:00,20:34,2026-09-21,saga,9,15,三連複,3-6-11,653.2,653.2,133,https://www.keiba.go.jp/KeibaWeb/TodayRaceInfo/Odds3LenFuku?k_babaCode=32&k_raceDate=2026%2F09%2F21&k_raceNo=9
2026-09-21 20:35:00,20:34,2026-09-21,saga,9,15,三連複,3-6-8,659.5,659.5,135,https://www.keiba.go.jp/KeibaWeb/TodayRaceInfo/Odds3LenFuku?k_babaCode=32&k_raceDate=2026%2F09%2F21&k_raceNo=9
2026-09-21 20:35:00,20:34,2026-09-21,saga,9,15,三連複,3-9-14,659.5,659.5,135,https://www.keiba.go.jp/KeibaWeb/TodayRaceInfo/Odds3LenFuku?k_babaCode=32&k_raceDate=2026%2F09%2F21&k_raceNo=9
2026-09-21 20:35:00,20:34,2026-09-21,saga,9,15,三連複,3-6-13,672.6,672.6,137,https://www.keiba.go.jp/KeibaWeb/TodayRaceInfo/Odds3LenFuku?k_babaCode=32&k_raceDate=2026%2F09%2F21&k_raceNo=9
2026-09-21 20:35:00,20:34,2026-09-21,saga,9,15,三連複,4-7-13,672.6,672.6,137,https://www.keiba.go.jp/KeibaWeb/TodayRaceInfo/Odds3LenFuku?k_babaCode=32&k_raceDate=2026%2F09%2F21&k_raceNo=9
2026-09-21 20:35:00,20:34,2026-09-21,saga,9,15,三連複,10-12-13,672.6,672.6,137,https://www.keiba.go.jp/KeibaWeb/TodayRaceInfo/Odds3LenFuku?k_babaCode=32&k_raceDate=2026%2F09%2F21&k_raceNo=9
2026-09-21 20:35:00,20:34,2026-09-21,saga,9,15,三連複,1-2-10,679.3,679.3,140,https://www.keiba.go.jp/KeibaWeb/TodayRaceInfo/Odds3LenFuku?k_babaCode=32&k_raceDate=2026%2F09%2F21&k_raceNo=9
2026-09-21 20:35:00,20:34,2026-09-21,saga,9,15,三連複,2-3-9,686.1,686.1,141,https://www.keiba.go.jp/KeibaWeb/TodayRaceInfo/Odds3LenFuku?k_babaCode=32&k_raceDate=2026%2F09%2F21&k_raceNo=9
2026-09-21 20:35:00,20:34,2026-09-21,saga,9,15,三連複,4-8-14,693.1,693.1,142,https://www.keiba.go.jp/KeibaWeb/TodayRaceInfo/Odds3LenFuku?k_babaCode=32&k_raceDate=2026%2F09%2F21&k_raceNo=9
2026-09-21 20:35:00,20:34,2026-09-21,saga,9,15,三連複,6-11-12,700.3,700.3,143,https://www.keiba.go.jp/KeibaWeb/TodayRaceInfo/Odds3LenFuku?k_babaCode=32&k_raceDate=2026%2F09%2F21&k_raceNo=9
2026-09-21 20:35:00,20:34,2026-09-21,saga,9,15,三連複,7-10-12,707.6,707.6,144,https://www.keiba.go.jp/KeibaWeb/TodayRaceInfo/Odds3LenFuku?k_babaCode=32&k_raceDate=2026%2F09%2F21&k_raceNo=9
2026-09-21 20:35:00,20:34,2026-09-21,saga,9,15,三連複,2-10-14,715.0,715.0,145,https://www.keiba.go.jp/KeibaWeb/TodayRaceInfo/Odds3LenFuku?k_babaCode=32&k_raceDate=2026%2F09%2F21&k_raceNo=9
2026-09-21 20:35:00,20:34,2026-09-21,saga,9,15,三連複,6-7-8,715.0,715.0,145,https://www.keiba.go.jp/KeibaWeb/TodayRaceInfo/Odds3LenFuku?k_babaCode=32&k_raceDate=2026%2F09%2F21&k_raceNo=9
2026-09-21 20:35:00,20:34,2026-09-21,saga,9,15,三連複,2-5-6,771.9,771.9,147,https://www.keiba.go.jp/KeibaWeb/TodayRaceInfo/Odds3LenFuku?k_babaCode=32&k_raceDate=2026%2F09%2F21&k_raceNo=9
2026-09-21 20:35:00,20:34,2026-09-21,saga,9,15,三連複,3-5-6,799.2,799.2,148,https://www.keiba.go.jp/KeibaWeb/TodayRaceInfo/Odds3LenFuku?k_babaCode=32&k_raceDate=2026%2F09%2F21&k_raceNo=9
2026-09-21 20:35:00,20:34,2026-09-21,saga,9,15,三連複,6-8-14,799.2,799.2,148,https://www.keiba.go.jp/KeibaWeb/TodayRaceInfo/Odds3LenFuku?k_babaCode=32&k_raceDate=2026%2F09%2F21&k_raceNo=9
2026-09-21 20:35:00,20:34,2026-09-21,saga,9,15,三連複,1-2-12,808.7,808.7,150,https://www.keiba.go.jp/KeibaWeb/TodayRaceInfo/Odds3LenFuku?k_babaCode=32&k_raceDate=2026%2F09%2F21&k_raceNo=9
2026-09-21 20:35:00,20:34,2026-09-21,saga,9,15,三連複,2-3-12,808.7,808.7,150,https://www.keiba.go.jp/KeibaWeb/TodayRaceInfo/Odds3LenFuku?k_babaCode=32&k_raceDate=2026%2F09%2F21&k_raceNo=9
2026-09-21 20:35:00,20:34,2026-09-21,saga,9,15,三連複,2-12-14,808.7,808.7,150,https://www.keiba.go.jp/KeibaWeb/TodayRaceInfo/Odds3LenFuku?k_babaCode=32&k_raceDate=2026%2F09%2F21&k_raceNo=9
2026-09-21 20:35:00,20:34,2026-09-21,saga,9,15,三連複,1-3-9,818.4,818.4,153,https://www.keiba.go.jp/KeibaWeb/TodayRaceInfo/Odds3LenFuku?k_babaCode=32&k_raceDate=2026%2F09%2F21&k_raceNo=9
2026-09-21 20:35:00,20:34,2026-09-21,saga,9,15,三連複,6-13-14,818.4,818.4,153,https://www.keiba.go.jp/KeibaWeb/TodayRaceInfo/Odds3LenFuku?k_babaCode=32&k_raceDate=2026%2F09%2F21&k_raceNo=9
2026-09-21 20:35:00,20:34,2026-09-21,saga,9,15,三連複,2-9-14,828.4,828.4,155,https://www.keiba.go.jp/KeibaWeb/TodayRaceInfo/Odds3LenFuku?k_babaCode=32&k_raceDate=2026%2F09%2F21&k_raceNo=9
2026-09-21 20:35:00,20:34,2026-09-21,saga,9,15,三連複,3-12-14,828.4,828.4,155,https://www.keiba.go.jp/KeibaWeb/TodayRaceInfo/Odds3LenFuku?k_babaCode=32&k_raceDate=2026%2F09%2F21&k_raceNo=9
2026-09-21 20:35:00,20:34,2026-09-21,saga,9,15,三連複,7-9-12,828.4,828.4,155,https://www.keiba.go.jp/KeibaWeb/TodayRaceInfo/Odds3LenFuku?k_babaCode=32&k_raceDate=2026%2F09%2F21&k_raceNo=9
2026-09-21 20:35:00,20:34,2026-09-21,saga,9,15,三連複,1-10-12,838.6,838.6,158,https://www.keiba.go.jp/KeibaWeb/TodayRaceInfo/Odds3LenFuku?k_babaCode=32&k_raceDate=2026%2F09%2F21&k_raceNo=9
2026-09-21 20:35:00,20:34,2026-09-21,saga,9,15,三連複,2-7-9,849.1,849.1,159,https://www.keiba.go.jp/KeibaWeb/TodayRaceInfo/Odds3LenFuku?k_babaCode=32&k_raceDate=2026%2F09%2F21&k_raceNo=9
2026-09-21 20:35:00,20:34,2026-09-21,saga,9,15,三連複,4-5-14,870.9,870.9,160,https://www.keiba.go.jp/KeibaWeb/TodayRaceInfo/Odds3LenFuku?k_babaCode=32&k_raceDate=2026%2F09%2F21&k_raceNo=9
2026-09-21 20:35:00,20:34,2026-09-21,saga,9,15,三連複,5-6-7,870.9,870.9,160,https://www.keiba.go.jp/KeibaWeb/TodayRaceInfo/Odds3LenFuku?k_babaCode=32&k_raceDate=2026%2F09%2F21&k_raceNo=9
2026-09-21 20:35:00,20:34,2026-09-21,saga,9,15,三連複,1-2-3,882.2,882.2,162,https://www.keiba.go.jp/KeibaWeb/TodayRaceInfo/Odds3LenFuku?k_babaCode=32&k_raceDate=2026%2F09%2F21&k_raceNo=9
2026-09-21 20:35:00,20:34,2026-09-21,saga,9,15,三連複,3-7-9,930.5,930.5,163,https://www.keiba.go.jp/KeibaWeb/TodayRaceInfo/Odds3LenFuku?k_babaCode=32&k_raceDate=2026%2F09%2F21&k_raceNo=9
2026-09-21 20:35:00,20:34,2026-09-21,saga,9,15,三連複,10-11-14,930.5,930.5,163,https://www.keiba.go.jp/KeibaWeb/TodayRaceInfo/Odds3LenFuku?k_babaCode=32&k_raceDate=2026%2F09%2F21&k_raceNo=9
2026-09-21 20:35:00,20:34,2026-09-21,saga,9,15,三連複,7-9-14,956.8,956.8,165,https://www.keiba.go.jp/KeibaWeb/TodayRaceInfo/Odds3LenFuku?k_babaCode=32&k_raceDate=2026%2F09%2F21&k_raceNo=9
2026-09-21 20:35:00,20:34,2026-09-21,saga,9,15,三連複,7-12-14,984.5,984.5,166,https://www.keiba.go.jp/KeibaWeb/TodayRaceInfo/Odds3LenFuku?k_babaCode=32&k_raceDate=2026%2F09%2F21&k_raceNo=9
2026-09-21 20:35:00,20:34,2026-09-21,saga,9,15,三連複,9-10-13,984.5,984.5,166,https://www.keiba.go.jp/KeibaWeb/TodayRaceInfo/Odds3LenFuku?k_babaCode=32&k_raceDate=2026%2F09%2F21&k_raceNo=9
2026-09-21 20:35:00,20:34,2026-09-21,saga,9,15,三連複,2-10-13,999.0,999.0,168,https://www.keiba.go.jp/KeibaWeb/TodayRaceInfo/Odds3LenFuku?k_babaCode=32&k_raceDate=2026%2F09%2F21&k_raceNo=9
2026-09-21 20:35:00,20:34,2026-09-21,saga,9,15,三連複,4-8-11,1029.2,1029.2,169,https://www.keiba.go.jp/KeibaWeb/TodayRaceInfo/Odds3LenFuku?k_babaCode=32&k_raceDate=2026%2F09%2F21&k_raceNo=9
2026-09-21 20:35:00,20:34,2026-09-21,saga,9,15,三連複,4-11-13,1029.2,1029.2,169,https://www.keiba.go.jp/KeibaWeb/TodayRaceInfo/Odds3LenFuku?k_babaCode=32&k_raceDate=2026%2F09%2F21&k_raceNo=9
2026-09-21 20:35:00,20:34,2026-09-21,saga,9,15,三連複,6-7-13,1029.2,1029.2,169,https://www.keiba.go.jp/KeibaWeb/TodayRaceInfo/Odds3LenFuku?k_babaCode=32&k_raceDate=2026%2F09%2F21&k_raceNo=9
2026-09-21 20:35:00,20:34,2026-09-21,saga,9,15,三連複,1-9-12,1045.1,1045.1,172,https://www.keiba.go.jp/KeibaWeb/TodayRaceInfo/Odds3LenFuku?k_babaCode=32&k_raceDate=2026%2F09%2F21&k_raceNo=9
2026-09-21 20:35:00,20:34,2026-09-21,saga,9,15,三連複,1-6-8,1061.4,1061.4,173,https://www.keiba.go.jp/KeibaWeb/TodayRaceInfo/Odds3LenFuku?k_babaCode=32&k_raceDate=2026%2F09%2F21&k_raceNo=9
2026-09-21 20:35:00,20:34,2026-09-21,saga,9,15,三連複,3-9-13,1061.4,1061.4,173,https://www.keiba.go.jp/KeibaWeb/TodayRaceInfo/Odds3LenFuku?k_babaCode=32&k_raceDate=2026%2F09%2F21&k_raceNo=9
2026-09-21 20:35:00,20:34,2026-09-21,saga,9,15,三連複,12-13-14,1078.3,1078.3,175,https://www.keiba.go.jp/KeibaWeb/TodayRaceInfo/Odds3LenFuku?k_babaCode=32&k_raceDate=2026%2F09%2F21&k_raceNo=9
2026-09-21 20:35:00,20:34,2026-09-21,saga,9,15,三連複,6-8-13,1095.6,1095.6,176,https://www.keiba.go.jp/KeibaWeb/TodayRaceInfo/Odds3LenFuku?k_babaCode=32&k_raceDate=2026%2F09%2F21&k_raceNo=9
2026-09-21 20:35:00,20:34,2026-09-21,saga,9,15,三連複,1-5-6,1113.6,1113.6,177,https://www.keiba.go.jp/KeibaWeb/TodayRaceInfo/Odds3LenFuku?k_babaCode=32&k_raceDate=2026%2F09%2F21&k_raceNo=9
2026-09-21 20:35:00,20:34,2026-09-21,saga,9,15,三連複,4-5-8,1132.2,1132.2,178,https://www.keiba.go.jp/KeibaWeb/TodayRaceInfo/Odds3LenFuku?k_babaCode=32&k_raceDate=2026%2F09%2F21&k_raceNo=9
2026-09-21 20:35:00,20:34,2026-09-21,saga,9,15,三連複,9-12-13,1151.4,1151.4,179,https://www.keiba.go.jp/KeibaWeb/TodayRaceInfo/Odds3LenFuku?k_babaCode=32&k_raceDate=2026%2F09%2F21&k_raceNo=9
2026-09-21 20:35:00,20:34,2026-09-21,saga,9,15,三連複,10-11-12,1171.2,1171.2,180,https://www.keiba.go.jp/KeibaWeb/TodayRaceInfo/Odds3LenFuku?k_babaCode=32&k_raceDate=2026%2F09%2F21&k_raceNo=9
2026-09-21 20:35:00,20:34,2026-09-21,saga,9,15,三連複,1-6-13,1191.8,1191.8,181,https://www.keiba.go.jp/KeibaWeb/TodayRaceInfo/Odds3LenFuku?k_babaCode=32&k_raceDate=2026%2F09%2F21&k_raceNo=9
2026-09-21 20:35:00,20:34,2026-09-21,saga,9,15,三連複,2-7-12,1213.0,1213.0,182,https://www.keiba.go.jp/KeibaWeb/TodayRaceInfo/Odds3LenFuku?k_babaCode=32&k_raceDate=2026%2F09%2F21&k_raceNo=9
2026-09-21 20:35:00,20:34,2026-09-21,saga,9,15,三連複,2-12-13,1235.1,1235.1,183,https://www.keiba.go.jp/KeibaWeb/TodayRaceInfo/Odds3LenFuku?k_babaCode=32&k_raceDate=2026%2F09%2F21&k_raceNo=9
2026-09-21 20:35:00,20:34,2026-09-21,saga,9,15,三連複,3-7-14,1235.1,1235.1,183,https://www.keiba.go.jp/KeibaWeb/TodayRaceInfo/Odds3LenFuku?k_babaCode=32&k_raceDate=2026%2F09%2F21&k_raceNo=9
2026-09-21 20:35:00,20:34,2026-09-21,saga,9,15,三連複,2-5-9,1258.0,1258.0,185,https://www.keiba.go.jp/KeibaWeb/TodayRaceInfo/Odds3LenFuku?k_babaCode=32&k_raceDate=2026%2F09%2F21&k_raceNo=9
2026-09-21 20:35:00,20:34,2026-09-21,saga,9,15,三連複,3-12-13,1258.0,1258.0,185,https://www.keiba.go.jp/KeibaWeb/TodayRaceInfo/Odds3LenFuku?k_babaCode=32&k_raceDate=2026%2F09%2F21&k_raceNo=9
2026-09-21 20:35:00,20:34,2026-09-21,saga,9,15,三連複,5-6-14,1258.0,1258.0,185,https://www.keiba.go.jp/KeibaWeb/TodayRaceInfo/Odds3LenFuku?k_babaCode=32&k_raceDate=2026%2F09%2F21&k_raceNo=9
2026-09-21 20:35:00,20:34,2026-09-21,saga,9,15,三連複,10-13-14,1258.0,1258.0,185,https://www.keiba.go.jp/KeibaWeb/TodayRaceInfo/Odds3LenFuku?k_babaCode=32&k_raceDate=2026%2F09%2F21&k_raceNo=9
2026-09-21 20:35:00,20:34,2026-09-21,saga,9,15,三連複,2-9-13,1281.7,1281.7,189,https://www.keiba.go.jp/KeibaWeb/TodayRaceInfo/Odds3LenFuku?k_babaCode=32&k_raceDate=2026%2F09%2F21&k_raceNo=9
2026-09-21 20:35:00,20:34,2026-09-21,saga,9,15,三連複,6-8-11,1306.4,1306.4,190,https://www.keiba.go.jp/KeibaWeb/TodayRaceInfo/Odds3LenFuku?k_babaCode=32&k_raceDate=2026%2F09%2F21&k_raceNo=9
2026-09-21 20:35:00,20:34,2026-09-21,saga,9,15,三連複,2-3-7,1332.0,1332.0,191,https://www.keiba.go.jp/KeibaWeb/TodayRaceInfo/Odds3LenFuku?k_babaCode=32&k_raceDate=2026%2F09%2F21&k_raceNo=9
2026-09-21 20:35:00,20:34,2026-09-21,saga,9,15,三連複,2-7-8,1332.0,1332.0,191,https://www.keiba.go.jp/KeibaWeb/TodayRaceInfo/Odds3LenFuku?k_babaCode=32&k_raceDate=2026%2F09%2F21&k_raceNo=9
2026-09-21 20:35:00,20:34,2026-09-21,saga,9,15,三連複,2-8-10,1358.6,1358.6,193,https://www.keiba.go.jp/KeibaWeb/TodayRaceInfo/Odds3LenFuku?k_babaCode=32&k_raceDate=2026%2F09%2F21&k_raceNo=9
2026-09-21 20:35:00,20:34,2026-09-21,saga,9,15,三連複,7-8-9,1358.6,1358.6,193,https://www.keiba.go.jp/KeibaWeb/TodayRaceInfo/Odds3LenFuku?k_babaCode=32&k_raceDate=2026%2F09%2F21&k_raceNo=9
2026-09-21 20:35:00,20:34,2026-09-21,saga,9,15,三連複,11-12-14,1358.6,1358.6,193,https://www.keiba.go.jp/KeibaWeb/TodayRaceInfo/Odds3LenFuku?k_babaCode=32&k_raceDate=2026%2F09%2F21&k_raceNo=9
2026-09-21 20:35:00,20:34,2026-09-21,saga,9,15,三連複,1-3-5,1386.3,1386.3,196,https://www.keiba.go.jp/KeibaWeb/TodayRaceInfo/Odds3LenFuku?k_babaCode=32&k_raceDate=2026%2F09%2F21&k_raceNo=9
2026-09-21 20:35:00,20:34,2026-09-21,saga,9,15,三連複,1-3-12,1386.3,1386.3,196,https://www.keiba.go.jp/KeibaWeb/TodayRaceInfo/Odds3LenFuku?k_babaCode=32&k_raceDate=2026%2F09%2F21&k_raceNo=9
2026-09-21 20:35:00,20:34,2026-09-21,saga,9,15,三連複,2-10-11,1386.3,1386.3,196,https://www.keiba.go.jp/KeibaWeb/TodayRaceInfo/Odds3LenFuku?k_babaCode=32&k_raceDate=2026%2F09%2F21&k_raceNo=9
2026-09-21 20:35:00,20:34,2026-09-21,saga,9,15,三連複,3-7-12,1386.3,1386.3,196,https://www.keiba.go.jp/KeibaWeb/TodayRaceInfo/Odds3LenFuku?k_babaCode=32&k_raceDate=2026%2F09%2F21&k_raceNo=9
2026-09-21 20:35:00,20:34,2026-09-21,saga,9,15,三連複,2-3-14,1415.2,1415.2,200,https://www.keiba.go.jp/KeibaWeb/TodayRaceInfo/Odds3LenFuku?k_babaCode=32&k_raceDate=2026%2F09%2F21&k_raceNo=9
2026-09-21 20:35:00,20:34,2026-09-21,saga,9,15,三連複,3-8-9,1415.2,1415.2,200,https://www.keiba.go.jp/KeibaWeb/TodayRaceInfo/Odds3LenFuku?k_babaCode=32&k_raceDate=2026%2F09%2F21&k_raceNo=9
2026-09-21 20:35:00,20:34,2026-09-21,saga,9,15,三連複,4-5-11,1415.2,1415.2,200,https://www.keiba.go.jp/KeibaWeb/TodayRaceInfo/Odds3LenFuku?k_babaCode=32&k_raceDate=2026%2F09%2F21&k_raceNo=9
2026-09-21 20:35:00,20:34,2026-09-21,saga,9,15,三連複,2-7-14,1445.3,1445.3,203,https://www.keiba.go.jp/KeibaWeb/TodayRaceInfo/Odds3LenFuku?k_babaCode=32&k_raceDate=2026%2F09%2F21&k_raceNo=9
2026-09-21 20:35:00,20:34,2026-09-21,saga,9,15,三連複,2-5-10,1476.8,1476.8,204,https://www.keiba.go.jp/KeibaWeb/TodayRaceInfo/Odds3LenFuku?k_babaCode=32&k_raceDate=2026%2F09%2F21&k_raceNo=9
2026-09-21 20:35:00,20:34,2026-09-21,saga,9,15,三連複,2-8-9,1476.8,1476.8,204,https://www.keiba.go.jp/KeibaWeb/TodayRaceInfo/Odds3LenFuku?k_babaCode=32&k_raceDate=2026%2F09%2F21&k_raceNo=9
2026-09-21 20:35:00,20:34,2026-09-21,saga,9,15,三連複,1-2-8,1509.6,1509.6,206,https://www.keiba.go.jp/KeibaWeb/TodayRaceInfo/Odds3LenFuku?k_babaCode=32&k_raceDate=2026%2F09%2F21&k_raceNo=9
2026-09-21 20:35:00,20:34,2026-09-21,saga,9,15,三連複,1-7-10,1509.6,1509.6,206,https://www.keiba.go.jp/KeibaWeb/TodayRaceInfo/Odds3LenFuku?k_babaCode=32&k_raceDate=2026%2F09%2F21&k_raceNo=9
2026-09-21 20:35:00,20:34,2026-09-21,saga,9,15,三連複,1-9-13,1509.6,1509.6,206,https://www.keiba.go.jp/KeibaWeb/TodayRaceInfo/Odds3LenFuku?k_babaCode=32&k_raceDate=2026%2F09%2F21&k_raceNo=9
2026-09-21 20:35:00,20:34,2026-09-21,saga,9,15,三連複,2-3-5,1509.6,1509.6,206,https://www.keiba.go.jp/KeibaWeb/TodayRaceInfo/Odds3LenFuku?k_babaCode=32&k_raceDate=2026%2F09%2F21&k_raceNo=9
2026-09-21 20:35:00,20:34,2026-09-21,saga,9,15,三連複,1-10-14,1543.9,1543.9,210,https://www.keiba.go.jp/KeibaWeb/TodayRaceInfo/Odds3LenFuku?k_babaCode=32&k_raceDate=2026%2F09%2F21&k_raceNo=9
2026-09-21 20:35:00,20:34,2026-09-21,saga,9,15,三連複,1-2-5,1579.8,1579.8,211,https://www.keiba.go.jp/KeibaWeb/TodayRaceInfo/Odds3LenFuku?k_babaCode=32&k_raceDate=2026%2F09%2F21&k_raceNo=9
2026-09-21 20:35:00,20:34,2026-09-21,saga,9,15,三連複,1-9-14,1579.8,1579.8,211,https://www.keiba.go.jp/KeibaWeb/TodayRaceInfo/Odds3LenFuku?k_babaCode=32&k_raceDate=2026%2F09%2F21&k_raceNo=9
2026-09-21 20:35:00,20:34,2026-09-21,saga,9,15,三連複,3-5-10,1579.8,1579.8,211,https://www.keiba.go.jp/KeibaWeb/TodayRaceInfo/Odds3LenFuku?k_babaCode=32&k_raceDate=2026%2F09%2F21&k_raceNo=9
2026-09-21 20:35:00,20:34,2026-09-21,saga,9,15,三連複,1-2-7,1617.4,1617.4,214,https://www.keiba.go.jp/KeibaWeb/TodayRaceInfo/Odds3LenFuku?k_babaCode=32&k_raceDate=2026%2F09%2F21&k_raceNo=9
2026-09-21 20:35:00,20:34,2026-09-21,saga,9,15,三連複,1-12-14,1617.4,1617.4,214,https://www.keiba.go.jp/KeibaWeb/TodayRaceInfo/Odds3LenFuku?k_babaCode=32&k_raceDate=2026%2F09%2F21&k_raceNo=9
2026-09-21 20:35:00,20:34,2026-09-21,saga,9,15,三連複,3-13-14,1617.4,1617.4,214,https://www.keiba.go.jp/KeibaWeb/TodayRaceInfo/Odds3LenFuku?k_babaCode=32&k_raceDate=2026%2F09%2F21&k_raceNo=9
2026-09-21 20:35:00,20:34,2026-09-21,saga,9,15,三連複,6-11-13,1617.4,1617.4,214,https://www.keiba.go.jp/KeibaWeb/TodayRaceInfo/Odds3LenFuku?k_babaCode=32&k_raceDate=2026%2F09%2F21&k_raceNo=9
2026-09-21 20:35:00,20:34,2026-09-21,saga,9,15,三連複,1-3-7,1656.9,1656.9,218,https://www.keiba.go.jp/KeibaWeb/TodayRaceInfo/Odds3LenFuku?k_babaCode=32&k_raceDate=2026%2F09%2F21&k_raceNo=9
2026-09-21 20:35:00,20:34,2026-09-21,saga,9,15,三連複,3-10-11,1656.9,1656.9,218,https://www.keiba.go.jp/KeibaWeb/TodayRaceInfo/Odds3LenFuku?k_babaCode=32&k_raceDate=2026%2F09%2F21&k_raceNo=9
2026-09-21 20:35:00,20:34,2026-09-21,saga,9,15,三連複,4-5-13,1656.9,1656.9,218,https://www.keiba.go.jp/KeibaWeb/TodayRaceInfo/Odds3LenFuku?k_babaCode=32&k_raceDate=2026%2F09%2F21&k_raceNo=9
2026-09-21 20:35:00,20:34,2026-09-21,saga,9,15,三連複,5-6-8,1698.3,1698.3,221,https://www.keiba.go.jp/KeibaWeb/TodayRaceInfo/Odds3LenFuku?k_babaCode=32&k_raceDate=2026%2F09%2F21&k_raceNo=9
2026-09-21 20:35:00,20:34,2026-09-21,saga,9,15,三連複,7-10-11,1698.3,1698.3,221,https://www.keiba.go.jp/KeibaWeb/TodayRaceInfo/Odds3LenFuku?k_babaCode=32&k_raceDate=2026%2F09%2F21&k_raceNo=9
2026-09-21 20:35:00,20:34,2026-09-21,saga,9,15,三連複,8-9-10,1698.3,1698.3,221,https://www.keiba.go.jp/KeibaWeb/TodayRaceInfo/Odds3LenFuku?k_babaCode=32&k_raceDate=2026%2F09%2F21&k_raceNo=9
2026-09-21 20:35:00,20:34,2026-09-21,saga,9,15,三連複,11-13-14,1698.3,1698.3,221,https://www.keiba.go.jp/KeibaWeb/TodayRaceInfo/Odds3LenFuku?k_babaCode=32&k_raceDate=2026%2F09%2F21&k_raceNo=9
2026-09-21 20:35:00,20:34,2026-09-21,saga,9,15,三連複,1-6-11,1741.8,1741.8,225,https://www.keiba.go.jp/KeibaWeb/TodayRaceInfo/Odds3LenFuku?k_babaCode=32&k_raceDate=2026%2F09%2F21&k_raceNo=9
2026-09-21 20:35:00,20:34,2026-09-21,saga,9,15,三連複,2-11-12,1741.8,1741.8,225,https://www.keiba.go.jp/KeibaWeb/TodayRaceInfo/Odds3LenFuku?k_babaCode=32&k_raceDate=2026%2F09%2F21&k_raceNo=9
2026-09-21 20:35:00,20:34,2026-09-21,saga,9,15,三連複,2-9-11,1787.7,1787.7,227,https://www.keiba.go.jp/KeibaWeb/TodayRaceInfo/Odds3LenFuku?k_babaCode=32&k_raceDate=2026%2F09%2F21&k_raceNo=9
2026-09-21 20:35:00,20:34,2026-09-21,saga,9,15,三連複,5-9-10,1787.7,1787.7,227,https://www.keiba.go.jp/KeibaWeb/TodayRaceInfo/Odds3LenFuku?k_babaCode=32&k_raceDate=2026%2F09%2F21&k_raceNo=9
2026-09-21 20:35:00,20:34,2026-09-21,saga,9,15,三連複,1-12-13,1836.0,1836.0,229,https://www.keiba.go.jp/KeibaWeb/TodayRaceInfo/Odds3LenFuku?k_babaCode=32&k_raceDate=2026%2F09%2F21&k_raceNo=9
2026-09-21 20:35:00,20:34,2026-09-21,saga,9,15,三連複,2-8-12,1836.0,1836.0,229,https://www.keiba.go.jp/KeibaWeb/TodayRaceInfo/Odds3LenFuku?k_babaCode=32&k_raceDate=2026%2F09%2F21&k_raceNo=9
2026-09-21 20:35:00,20:34,2026-09-21,saga,9,15,三連複,2-11-14,1836.0,1836.0,229,https://www.keiba.go.jp/KeibaWeb/TodayRaceInfo/Odds3LenFuku?k_babaCode=32&k_raceDate=2026%2F09%2F21&k_raceNo=9
2026-09-21 20:35:00,20:34,2026-09-21,saga,9,15,三連複,3-10-13,1836.0,1836.0,229,https://www.keiba.go.jp/KeibaWeb/TodayRaceInfo/Odds3LenFuku?k_babaCode=32&k_raceDate=2026%2F09%2F21&k_raceNo=9
2026-09-21 20:35:00,20:34,2026-09-21,saga,9,15,三連複,9-10-11,1836.0,1836.0,229,https://www.keiba.go.jp/KeibaWeb/TodayRaceInfo/Odds3LenFuku?k_babaCode=32&k_raceDate=2026%2F09%2F21&k_raceNo=9
2026-09-21 20:35:00,20:34,2026-09-21,saga,9,15,三連複,2-3-8,1887.0,1887.0,234,https://www.keiba.go.jp/KeibaWeb/TodayRaceInfo/Odds3LenFuku?k_babaCode=32&k_raceDate=2026%2F09%2F21&k_raceNo=9
2026-09-21 20:35:00,20:34,2026-09-21,saga,9,15,三連複,1-7-12,1940.9,1940.9,235,https://www.keiba.go.jp/KeibaWeb/TodayRaceInfo/Odds3LenFuku?k_babaCode=32&k_raceDate=2026%2F09%2F21&k_raceNo=9
2026-09-21 20:35:00,20:34,2026-09-21,saga,9,15,三連複,1-10-11,1940.9,1940.9,235,https://www.keiba.go.jp/KeibaWeb/TodayRaceInfo/Odds3LenFuku?k_babaCode=32&k_raceDate=2026%2F09%2F21&k_raceNo=9
2026-09-21 20:35:00,20:34,2026-09-21,saga,9,15,三連複,2-3-13,1940.9,1940.9,235,https://www.keiba.go.jp/KeibaWeb/TodayRaceInfo/Odds3LenFuku?k_babaCode=32&k_raceDate=2026%2F09%2F21&k_raceNo=9
2026-09-21 20:35:00,20:34,2026-09-21,saga,9,15,三連複,2-5-7,1940.9,1940.9,235,https://www.keiba.go.jp/KeibaWeb/TodayRaceInfo/Odds3LenFuku?k_babaCode=32&k_raceDate=2026%2F09%2F21&k_raceNo=9
2026-09-21 20:35:00,20:34,2026-09-21,saga,9,15,三連複,3-7-8,1940.9,1940.9,235,https://www.keiba.go.jp/KeibaWeb/TodayRaceInfo/Odds3LenFuku?k_babaCode=32&k_raceDate=2026%2F09%2F21&k_raceNo=9
2026-09-21 20:35:00,20:34,2026-09-21,saga,9,15,三連複,7-8-10,1940.9,1940.9,235,https://www.keiba.go.jp/KeibaWeb/TodayRaceInfo/Odds3LenFuku?k_babaCode=32&k_raceDate=2026%2F09%2F21&k_raceNo=9
2026-09-21 20:35:00,20:34,2026-09-21,saga,9,15,三連複,8-10-12,1940.9,1940.9,235,https://www.keiba.go.jp/KeibaWeb/TodayRaceInfo/Odds3LenFuku?k_babaCode=32&k_raceDate=2026%2F09%2F21&k_raceNo=9
2026-09-21 20:35:00,20:34,2026-09-21,saga,9,15,三連複,1-7-8,1998.0,1998.0,242,https://www.keiba.go.jp/KeibaWeb/TodayRaceInfo/Odds3LenFuku?k_babaCode=32&k_raceDate=2026%2F09%2F21&k_raceNo=9
2026-09-21 20:35:00,20:34,2026-09-21,saga,9,15,三連複,1-7-9,1998.0,1998.0,242,https://www.keiba.go.jp/KeibaWeb/TodayRaceInfo/Odds3LenFuku?k_babaCode=32&k_raceDate=2026%2F09%2F21&k_raceNo=9
2026-09-21 20:35:00,20:34,2026-09-21,saga,9,15,三連複,2-7-11,1998.0,1998.0,242,https://www.keiba.go.jp/KeibaWeb/TodayRaceInfo/Odds3LenFuku?k_babaCode=32&k_raceDate=2026%2F09%2F21&k_raceNo=9
2026-09-21 20:35:00,20:34,2026-09-21,saga,9,15,三連複,3-8-10,1998.0,1998.0,242,https://www.keiba.go.jp/KeibaWeb/TodayRaceInfo/Odds3LenFuku?k_babaCode=32&k_raceDate=2026%2F09%2F21&k_raceNo=9
2026-09-21 20:35:00,20:34,2026-09-21,saga,9,15,三連複,8-9-12,1998.0,1998.0,242,https://www.keiba.go.jp/KeibaWeb/TodayRaceInfo/Odds3LenFuku?k_babaCode=32&k_raceDate=2026%2F09%2F21&k_raceNo=9
2026-09-21 20:35:00,20:34,2026-09-21,saga,9,15,三連複,1-8-9,2058.5,2058.5,247,https://www.keiba.go.jp/KeibaWeb/TodayRaceInfo/Odds3LenFuku?k_babaCode=32&k_raceDate=2026%2F09%2F21&k_raceNo=9
2026-09-21 20:35:00,20:34,2026-09-21,saga,9,15,三連複,1-3-14,2122.9,2122.9,248,https://www.keiba.go.jp/KeibaWeb/TodayRaceInfo/Odds3LenFuku?k_babaCode=32&k_raceDate=2026%2F09%2F21&k_raceNo=9
2026-09-21 20:35:00,20:34,2026-09-21,saga,9,15,三連複,2-13-14,2122.9,2122.9,248,https://www.keiba.go.jp/KeibaWeb/TodayRaceInfo/Odds3LenFuku?k_babaCode=32&k_raceDate=2026%2F09%2F21&k_raceNo=9
2026-09-21 20:35:00,20:34,2026-09-21,saga,9,15,三連複,3-11-14,2122.9,2122.9,248,https://www.keiba.go.jp/KeibaWeb/TodayRaceInfo/Odds3LenFuku?k_babaCode=32&k_raceDate=2026%2F09%2F21&k_raceNo=9
2026-09-21 20:35:00,20:34,2026-09-21,saga,9,15,三連複,7-8-12,2122.9,2122.9,248,https://www.keiba.go.jp/KeibaWeb/TodayRaceInfo/Odds3LenFuku?k_babaCode=32&k_raceDate=2026%2F09%2F21&k_raceNo=9
2026-09-21 20:35:00,20:34,2026-09-21,saga,9,15,三連複,7-11-14,2122.9,2122.9,248,https://www.keiba.go.jp/KeibaWeb/TodayRaceInfo/Odds3LenFuku?k_babaCode=32&k_raceDate=2026%2F09%2F21&k_raceNo=9
2026-09-21 20:35:00,20:34,2026-09-21,saga,9,15,三連複,10-11-13,2122.9,2122.9,248,https://www.keiba.go.jp/KeibaWeb/TodayRaceInfo/Odds3LenFuku?k_babaCode=32&k_raceDate=2026%2F09%2F21&k_raceNo=9
2026-09-21 20:35:00,20:34,2026-09-21,saga,9,15,三連複,11-12-13,2122.9,2122.9,248,https://www.keiba.go.jp/KeibaWeb/TodayRaceInfo/Odds3LenFuku?k_babaCode=32&k_raceDate=2026%2F09%2F21&k_raceNo=9
2026-09-21 20:35:00,20:34,2026-09-21,saga,9,15,三連複,1-2-13,2191.3,2191.3,255,https://www.keiba.go.jp/KeibaWeb/TodayRaceInfo/Odds3LenFuku?k_babaCode=32&k_raceDate=2026%2F09%2F21&k_raceNo=9
2026-09-21 20:35:00,20:34,2026-09-21,saga,9,15,三連複,5-6-13,2191.3,2191.3,255,https://www.keiba.go.jp/KeibaWeb/TodayRaceInfo/Odds3LenFuku?k_babaCode=32&k_raceDate=2026%2F09%2F21&k_raceNo=9
2026-09-21 20:35:00,20:34,2026-09-21,saga,9,15,三連複,1-10-13,2264.4,2264.4,257,https://www.keiba.go.jp/KeibaWeb/TodayRaceInfo/Odds3LenFuku?k_babaCode=32&k_raceDate=2026%2F09%2F21&k_raceNo=9
2026-09-21 20:35:00,20:34,2026-09-21,saga,9,15,三連複,5-7-9,2264.4,2264.4,257,https://www.keiba.go.jp/KeibaWeb/TodayRaceInfo/Odds3LenFuku?k_babaCode=32&k_raceDate=2026%2F09%2F21&k_raceNo=9
2026-09-21 20:35:00,20:34,2026-09-21,saga,9,15,三連複,5-10-12,2264.4,2264.4,257,https://www.keiba.go.jp/KeibaWeb/TodayRaceInfo/Odds3LenFuku?k_babaCode=32&k_raceDate=2026%2F09%2F21&k_raceNo=9
2026-09-21 20:35:00,20:34,2026-09-21,saga,9,15,三連複,9-13-14,2264.4,2264.4,257,https://www.keiba.go.jp/KeibaWeb/TodayRaceInfo/Odds3LenFuku?k_babaCode=32&k_raceDate=2026%2F09%2F21&k_raceNo=9
2026-09-21 20:35:00,20:34,2026-09-21,saga,9,15,三連複,2-5-12,2342.5,2342.5,261,https://www.keiba.go.jp/KeibaWeb/TodayRaceInfo/Odds3LenFuku?k_babaCode=32&k_raceDate=2026%2F09%2F21&k_raceNo=9
2026-09-21 20:35:00,20:34,2026-09-21,saga,9,15,三連複,3-5-9,2342.5,2342.5,261,https://www.keiba.go.jp/KeibaWeb/TodayRaceInfo/Odds3LenFuku?k_babaCode=32&k_raceDate=2026%2F09%2F21&k_raceNo=9
2026-09-21 20:35:00,20:34,2026-09-21,saga,9,15,三連複,3-11-12,2342.5,2342.5,261,https://www.keiba.go.jp/KeibaWeb/TodayRaceInfo/Odds3LenFuku?k_babaCode=32&k_raceDate=2026%2F09%2F21&k_raceNo=9
2026-09-21 20:35:00,20:34,2026-09-21,saga,9,15,三連複,7-10-13,2342.5,2342.5,261,https://www.keiba.go.jp/KeibaWeb/TodayRaceInfo/Odds3LenFuku?k_babaCode=32&k_raceDate=2026%2F09%2F21&k_raceNo=9
2026-09-21 20:35:00,20:34,2026-09-21,saga,9,15,三連複,1-8-10,2426.1,2426.1,265,https://www.keiba.go.jp/KeibaWeb/TodayRaceInfo/Odds3LenFuku?k_babaCode=32&k_raceDate=2026%2F09%2F21&k_raceNo=9
2026-09-21 20:35:00,20:34,2026-09-21,saga,9,15,三連複,1-8-12,2426.1,2426.1,265,https://www.keiba.go.jp/KeibaWeb/TodayRaceInfo/Odds3LenFuku?k_babaCode=32&k_raceDate=2026%2F09%2F21&k_raceNo=9
2026-09-21 20:35:00,20:34,2026-09-21,saga,9,15,三連複,2-3-11,2426.1,2426.1,265,https://www.keiba.go.jp/KeibaWeb/TodayRaceInfo/Odds3LenFuku?k_babaCode=32&k_raceDate=2026%2F09%2F21&k_raceNo=9
2026-09-21 20:35:00,20:34,2026-09-21,saga,9,15,三連複,5-12-14,2426.1,2426.1,265,https://www.keiba.go.jp/KeibaWeb/TodayRaceInfo/Odds3LenFuku?k_babaCode=32&k_raceDate=2026%2F09%2F21&k_raceNo=9
2026-09-21 20:35:00,20:34,2026-09-21,saga,9,15,三連複,9-11-12,2426.1,2426.1,265,https://www.keiba.go.jp/KeibaWeb/TodayRaceInfo/Odds3LenFuku?k_babaCode=32&k_raceDate=2026%2F09%2F21&k_raceNo=9
2026-09-21 20:35:00,20:34,2026-09-21,saga,9,15,三連複,9-11-14,2426.1,2426.1,265,https://www.keiba.go.jp/KeibaWeb/TodayRaceInfo/Odds3LenFuku?k_babaCode=32&k_raceDate=2026%2F09%2F21&k_raceNo=9
2026-09-21 20:35:00,20:34,2026-09-21,saga,9,15,三連複,1-5-7,2516.0,2516.0,271,https://www.keiba.go.jp/KeibaWeb/TodayRaceInfo/Odds3LenFuku?k_babaCode=32&k_raceDate=2026%2F09%2F21&k_raceNo=9
2026-09-21 20:35:00,20:34,2026-09-21,saga,9,15,三連複,1-8-11,2516.0,2516.0,271,https://www.keiba.go.jp/KeibaWeb/TodayRaceInfo/Odds3LenFuku?k_babaCode=32&k_raceDate=2026%2F09%2F21&k_raceNo=9
2026-09-21 20:35:00,20:34,2026-09-21,saga,9,15,三連複,3-7-11,2516.0,2516.0,271,https://www.keiba.go.jp/KeibaWeb/TodayRaceInfo/Odds3LenFuku?k_babaCode=32&k_raceDate=2026%2F09%2F21&k_raceNo=9
2026-09-21 20:35:00,20:34,2026-09-21,saga,9,15,三連複,1-2-14,2612.8,2612.8,274,https://www.keiba.go.jp/KeibaWeb/TodayRaceInfo/Odds3LenFuku?k_babaCode=32&k_raceDate=2026%2F09%2F21&k_raceNo=9
2026-09-21 20:35:00,20:34,2026-09-21,saga,9,15,三連複,1-5-9,2612.8,2612.8,274,https://www.keiba.go.jp/KeibaWeb/TodayRaceInfo/Odds3LenFuku?k_babaCode=32&k_raceDate=2026%2F09%2F21&k_raceNo=9
2026-09-21 20:35:00,20:34,2026-09-21,saga,9,15,三連複,2-11-13,2612.8,2612.8,274,https://www.keiba.go.jp/KeibaWeb/TodayRaceInfo/Odds3LenFuku?k_babaCode=32&k_raceDate=2026%2F09%2F21&k_raceNo=9
2026-09-21 20:35:00,20:34,2026-09-21,saga,9,15,三連複,3-5-8,2612.8,2612.8,274,https://www.keiba.go.jp/KeibaWeb/TodayRaceInfo/Odds3LenFuku?k_babaCode=32&k_raceDate=2026%2F09%2F21&k_raceNo=9
2026-09-21 20:35:00,20:34,2026-09-21,saga,9,15,三連複,5-10-14,2612.8,2612.8,274,https://www.keiba.go.jp/KeibaWeb/TodayRaceInfo/Odds3LenFuku?k_babaCode=32&k_raceDate=2026%2F09%2F21&k_raceNo=9
2026-09-21 20:35:00,20:34,2026-09-21,saga,9,15,三連複,7-9-11,2612.8,2612.8,274,https://www.keiba.go.jp/KeibaWeb/TodayRaceInfo/Odds3LenFuku?k_babaCode=32&k_raceDate=2026%2F09%2F21&k_raceNo=9
2026-09-21 20:35:00,20:34,2026-09-21,saga,9,15,三連複,1-3-8,2717.3,2717.3,280,https://www.keiba.go.jp/KeibaWeb/TodayRaceInfo/Odds3LenFuku?k_babaCode=32&k_raceDate=2026%2F09%2F21&k_raceNo=9
2026-09-21 20:35:00,20:34,2026-09-21,saga,9,15,三連複,3-5-12,2717.3,2717.3,280,https://www.keiba.go.jp/KeibaWeb/TodayRaceInfo/Odds3LenFuku?k_babaCode=32&k_raceDate=2026%2F09%2F21&k_raceNo=9
2026-09-21 20:35:00,20:34,2026-09-21,saga,9,15,三連複,5-6-11,2717.3,2717.3,280,https://www.keiba.go.jp/KeibaWeb/TodayRaceInfo/Odds3LenFuku?k_babaCode=32&k_raceDate=2026%2F09%2F21&k_raceNo=9
2026-09-21 20:35:00,20:34,2026-09-21,saga,9,15,三連複,5-7-10,2717.3,2717.3,280,https://www.keiba.go.jp/KeibaWeb/TodayRaceInfo/Odds3LenFuku?k_babaCode=32&k_raceDate=2026%2F09%2F21&k_raceNo=9
2026-09-21 20:35:00,20:34,2026-09-21,saga,9,15,三連複,5-9-12,2717.3,2717.3,280,https://www.keiba.go.jp/KeibaWeb/TodayRaceInfo/Odds3LenFuku?k_babaCode=32&k_raceDate=2026%2F09%2F21&k_raceNo=9
2026-09-21 20:35:00,20:34,2026-09-21,saga,9,15,三連複,8-10-14,2717.3,2717.3,280,https://www.keiba.go.jp/KeibaWeb/TodayRaceInfo/Odds3LenFuku?k_babaCode=32&k_raceDate=2026%2F09%2F21&k_raceNo=9
2026-09-21 20:35:00,20:34,2026-09-21,saga,9,15,三連複,8-12-14,2717.3,2717.3,280,https://www.keiba.go.jp/KeibaWeb/TodayRaceInfo/Odds3LenFuku?k_babaCode=32&k_raceDate=2026%2F09%2F21&k_raceNo=9
2026-09-21 20:35:00,20:34,2026-09-21,saga,9,15,三連複,3-5-7,2830.5,2830.5,287,https://www.keiba.go.jp/KeibaWeb/TodayRaceInfo/Odds3LenFuku?k_babaCode=32&k_raceDate=2026%2F09%2F21&k_raceNo=9
2026-09-21 20:35:00,20:34,2026-09-21,saga,9,15,三連複,5-9-14,2830.5,2830.5,287,https://www.keiba.go.jp/KeibaWeb/TodayRaceInfo/Odds3LenFuku?k_babaCode=32&k_raceDate=2026%2F09%2F21&k_raceNo=9
2026-09-21 20:35:00,20:34,2026-09-21,saga,9,15,三連複,8-9-13,2830.5,2830.5,287,https://www.keiba.go.jp/KeibaWeb/TodayRaceInfo/Odds3LenFuku?k_babaCode=32&k_raceDate=2026%2F09%2F21&k_raceNo=9
2026-09-21 20:35:00,20:34,2026-09-21,saga,9,15,三連複,1-2-11,2953.6,2953.6,290,https://www.keiba.go.jp/KeibaWeb/TodayRaceInfo/Odds3LenFuku?k_babaCode=32&k_raceDate=2026%2F09%2F21&k_raceNo=9
2026-09-21 20:35:00,20:34,2026-09-21,saga,9,15,三連複,2-5-8,2953.6,2953.6,290,https://www.keiba.go.jp/KeibaWeb/TodayRaceInfo/Odds3LenFuku?k_babaCode=32&k_raceDate=2026%2F09%2F21&k_raceNo=9
2026-09-21 20:35:00,20:34,2026-09-21,saga,9,15,三連複,5-7-8,2953.6,2953.6,290,https://www.keiba.go.jp/KeibaWeb/TodayRaceInfo/Odds3LenFuku?k_babaCode=32&k_raceDate=2026%2F09%2F21&k_raceNo=9
2026-09-21 20:35:00,20:34,2026-09-21,saga,9,15,三連複,5-7-12,2953.6,2953.6,290,https://www.keiba.go.jp/KeibaWeb/TodayRaceInfo/Odds3LenFuku?k_babaCode=32&k_raceDate=2026%2F09%2F21&k_raceNo=9
2026-09-21 20:35:00,20:34,2026-09-21,saga,9,15,三連複,2-8-11,3087.8,3087.8,294,https://www.keiba.go.jp/KeibaWeb/TodayRaceInfo/Odds3LenFuku?k_babaCode=32&k_raceDate=2026%2F09%2F21&k_raceNo=9
2026-09-21 20:35:00,20:34,2026-09-21,saga,9,15,三連複,3-8-12,3087.8,3087.8,294,https://www.keiba.go.jp/KeibaWeb/TodayRaceInfo/Odds3LenFuku?k_babaCode=32&k_raceDate=2026%2F09%2F21&k_raceNo=9
2026-09-21 20:35:00,20:34,2026-09-21,saga,9,15,三連複,3-11-13,3087.8,3087.8,294,https://www.keiba.go.jp/KeibaWeb/TodayRaceInfo/Odds3LenFuku?k_babaCode=32&k_raceDate=2026%2F09%2F21&k_raceNo=9
2026-09-21 20:35:00,20:34,2026-09-21,saga,9,15,三連複,7-12-13,3087.8,3087.8,294,https://www.keiba.go.jp/KeibaWeb/TodayRaceInfo/Odds3LenFuku?k_babaCode=32&k_raceDate=2026%2F09%2F21&k_raceNo=9
2026-09-21 20:35:00,20:34,2026-09-21,saga,9,15,三連複,8-10-13,3087.8,3087.8,294,https://www.keiba.go.jp/KeibaWeb/TodayRaceInfo/Odds3LenFuku?k_babaCode=32&k_raceDate=2026%2F09%2F21&k_raceNo=9
2026-09-21 20:35:00,20:34,2026-09-21,saga,9,15,三連複,1-3-13,3234.9,3234.9,299,https://www.keiba.go.jp/KeibaWeb/TodayRaceInfo/Odds3LenFuku?k_babaCode=32&k_raceDate=2026%2F09%2F21&k_raceNo=9
2026-09-21 20:35:00,20:34,2026-09-21,saga,9,15,三連複,1-5-10,3234.9,3234.9,299,https://www.keiba.go.jp/KeibaWeb/TodayRaceInfo/Odds3LenFuku?k_babaCode=32&k_raceDate=2026%2F09%2F21&k_raceNo=9
2026-09-21 20:35:00,20:34,2026-09-21,saga,9,15,三連複,7-9-13,3234.9,3234.9,299,https://www.keiba.go.jp/KeibaWeb/TodayRaceInfo/Odds3LenFuku?k_babaCode=32&k_raceDate=2026%2F09%2F21&k_raceNo=9
2026-09-21 20:35:00,20:34,2026-09-21,saga,9,15,三連複,7-11-12,3234.9,3234.9,299,https://www.keiba.go.jp/KeibaWeb/TodayRaceInfo/Odds3LenFuku?k_babaCode=32&k_raceDate=2026%2F09%2F21&k_raceNo=9
2026-09-21 20:35:00,20:34,2026-09-21,saga,9,15,三連複,7-13-14,3234.9,3234.9,299,https://www.keiba.go.jp/KeibaWeb/TodayRaceInfo/Odds3LenFuku?k_babaCode=32&k_raceDate=2026%2F09%2F21&k_raceNo=9
2026-09-21 20:35:00,20:34,2026-09-21,saga,9,15,三連複,1-5-8,3396.6,3396.6,304,https://www.keiba.go.jp/KeibaWeb/TodayRaceInfo/Odds3LenFuku?k_babaCode=32&k_raceDate=2026%2F09%2F21&k_raceNo=9
2026-09-21 20:35:00,20:34,2026-09-21,saga,9,15,三連複,1-9-11,3396.6,3396.6,304,https://www.keiba.go.jp/KeibaWeb/TodayRaceInfo/Odds3LenFuku?k_babaCode=32&k_raceDate=2026%2F09%2F21&k_raceNo=9
2026-09-21 20:35:00,20:34,2026-09-21,saga,9,15,三連複,7-8-14,3396.6,3396.6,304,https://www.keiba.go.jp/KeibaWeb/TodayRaceInfo/Odds3LenFuku?k_babaCode=32&k_raceDate=2026%2F09%2F21&k_raceNo=9
2026-09-21 20:35:00,20:34,2026-09-21,saga,9,15,三連複,1-13-14,3575.4,3575.4,307,https://www.keiba.go.jp/KeibaWeb/TodayRaceInfo/Odds3LenFuku?k_babaCode=32&k_raceDate=2026%2F09%2F21&k_raceNo=9
2026-09-21 20:35:00,20:34,2026-09-21,saga,9,15,三連複,2-7-13,3575.4,3575.4,307,https://www.keiba.go.jp/KeibaWeb/TodayRaceInfo/Odds3LenFuku?k_babaCode=32&k_raceDate=2026%2F09%2F21&k_raceNo=9
2026-09-21 20:35:00,20:34,2026-09-21,saga,9,15,三連複,2-8-13,3575.4,3575.4,307,https://www.keiba.go.jp/KeibaWeb/TodayRaceInfo/Odds3LenFuku?k_babaCode=32&k_raceDate=2026%2F09%2F21&k_raceNo=9
2026-09-21 20:35:00,20:34,2026-09-21,saga,9,15,三連複,3-8-14,3575.4,3575.4,307,https://www.keiba.go.jp/KeibaWeb/TodayRaceInfo/Odds3LenFuku?k_babaCode=32&k_raceDate=2026%2F09%2F21&k_raceNo=9
2026-09-21 20:35:00,20:34,2026-09-21,saga,9,15,三連複,3-9-11,3575.4,3575.4,307,https://www.keiba.go.jp/KeibaWeb/TodayRaceInfo/Odds3LenFuku?k_babaCode=32&k_raceDate=2026%2F09%2F21&k_raceNo=9
2026-09-21 20:35:00,20:34,2026-09-21,saga,9,15,三連複,5-8-9,3575.4,3575.4,307,https://www.keiba.go.jp/KeibaWeb/TodayRaceInfo/Odds3LenFuku?k_babaCode=32&k_raceDate=2026%2F09%2F21&k_raceNo=9
2026-09-21 20:35:00,20:34,2026-09-21,saga,9,15,三連複,5-8-10,3575.4,3575.4,307,https://www.keiba.go.jp/KeibaWeb/TodayRaceInfo/Odds3LenFuku?k_babaCode=32&k_raceDate=2026%2F09%2F21&k_raceNo=9
2026-09-21 20:35:00,20:34,2026-09-21,saga,9,15,三連複,5-8-12,3575.4,3575.4,307,https://www.keiba.go.jp/KeibaWeb/TodayRaceInfo/Odds3LenFuku?k_babaCode=32&k_raceDate=2026%2F09%2F21&k_raceNo=9
2026-09-21 20:35:00,20:34,2026-09-21,saga,9,15,三連複,8-9-14,3575.4,3575.4,307,https://www.keiba.go.jp/KeibaWeb/TodayRaceInfo/Odds3LenFuku?k_babaCode=32&k_raceDate=2026%2F09%2F21&k_raceNo=9
2026-09-21 20:35:00,20:34,2026-09-21,saga,9,15,三連複,1-11-12,3774.0,3774.0,316,https://www.keiba.go.jp/KeibaWeb/TodayRaceInfo/Odds3LenFuku?k_babaCode=32&k_raceDate=2026%2F09%2F21&k_raceNo=9
2026-09-21 20:35:00,20:34,2026-09-21,saga,9,15,三連複,3-5-14,3774.0,3774.0,316,https://www.keiba.go.jp/KeibaWeb/TodayRaceInfo/Odds3LenFuku?k_babaCode=32&k_raceDate=2026%2F09%2F21&k_raceNo=9
2026-09-21 20:35:00,20:34,2026-09-21,saga,9,15,三連複,5-12-13,3774.0,3774.0,316,https://www.keiba.go.jp/KeibaWeb/TodayRaceInfo/Odds3LenFuku?k_babaCode=32&k_raceDate=2026%2F09%2F21&k_raceNo=9
2026-09-21 20:35:00,20:34,2026-09-21,saga,9,15,三連複,7-8-11,3774.0,3774.0,316,https://www.keiba.go.jp/KeibaWeb/TodayRaceInfo/Odds3LenFuku?k_babaCode=32&k_raceDate=2026%2F09%2F21&k_raceNo=9
2026-09-21 20:35:00,20:34,2026-09-21,saga,9,15,三連複,1-3-11,3996.0,3996.0,320,https://www.keiba.go.jp/KeibaWeb/TodayRaceInfo/Odds3LenFuku?k_babaCode=32&k_raceDate=2026%2F09%2F21&k_raceNo=9
2026-09-21 20:35:00,20:34,2026-09-21,saga,9,15,三連複,5-10-13,3996.0,3996.0,320,https://www.keiba.go.jp/KeibaWeb/TodayRaceInfo/Odds3LenFuku?k_babaCode=32&k_raceDate=2026%2F09%2F21&k_raceNo=9
2026-09-21 20:35:00,20:34,2026-09-21,saga,9,15,三連複,1-11-14,4245.8,4245.8,322,https://www.keiba.go.jp/KeibaWeb/TodayRaceInfo/Odds3LenFuku?k_babaCode=32&k_raceDate=2026%2F09%2F21&k_raceNo=9
2026-09-21 20:35:00,20:34,2026-09-21,saga,9,15,三連複,2-5-13,4245.8,4245.8,322,https://www.keiba.go.jp/KeibaWeb/TodayRaceInfo/Odds3LenFuku?k_babaCode=32&k_raceDate=2026%2F09%2F21&k_raceNo=9
2026-09-21 20:35:00,20:34,2026-09-21,saga,9,15,三連複,8-12-13,4245.8,4245.8,322,https://www.keiba.go.jp/KeibaWeb/TodayRaceInfo/Odds3LenFuku?k_babaCode=32&k_raceDate=2026%2F09%2F21&k_raceNo=9
2026-09-21 20:35:00,20:34,2026-09-21,saga,9,15,三連複,1-7-14,4528.8,4528.8,325,https://www.keiba.go.jp/KeibaWeb/TodayRaceInfo/Odds3LenFuku?k_babaCode=32&k_raceDate=2026%2F09%2F21&k_raceNo=9
2026-09-21 20:35:00,20:34,2026-09-21,saga,9,15,三連複,3-8-13,4528.8,4528.8,325,https://www.keiba.go.jp/KeibaWeb/TodayRaceInfo/Odds3LenFuku?k_babaCode=32&k_raceDate=2026%2F09%2F21&k_raceNo=9
2026-09-21 20:35:00,20:34,2026-09-21,saga,9,15,三連複,5-9-13,4528.8,4528.8,325,https://www.keiba.go.jp/KeibaWeb/TodayRaceInfo/Odds3LenFuku?k_babaCode=32&k_raceDate=2026%2F09%2F21&k_raceNo=9
2026-09-21 20:35:00,20:34,2026-09-21,saga,9,15,三連複,1-7-11,4852.3,4852.3,328,https://www.keiba.go.jp/KeibaWeb/TodayRaceInfo/Odds3LenFuku?k_babaCode=32&k_raceDate=2026%2F09%2F21&k_raceNo=9
2026-09-21 20:35:00,20:34,2026-09-21,saga,9,15,三連複,2-8-14,4852.3,4852.3,328,https://www.keiba.go.jp/KeibaWeb/TodayRaceInfo/Odds3LenFuku?k_babaCode=32&k_raceDate=2026%2F09%2F21&k_raceNo=9
2026-09-21 20:35:00,20:34,2026-09-21,saga,9,15,三連複,8-11-14,4852.3,4852.3,328,https://www.keiba.go.jp/KeibaWeb/TodayRaceInfo/Odds3LenFuku?k_babaCode=32&k_raceDate=2026%2F09%2F21&k_raceNo=9
2026-09-21 20:35:00,20:34,2026-09-21,saga,9,15,三連複,1-5-12,5225.6,5225.6,331,https://www.keiba.go.jp/KeibaWeb/TodayRaceInfo/Odds3LenFuku?k_babaCode=32&k_raceDate=2026%2F09%2F21&k_raceNo=9
2026-09-21 20:35:00,20:34,2026-09-21,saga,9,15,三連複,1-5-13,5225.6,5225.6,331,https://www.keiba.go.jp/KeibaWeb/TodayRaceInfo/Odds3LenFuku?k_babaCode=32&k_raceDate=2026%2F09%2F21&k_raceNo=9
2026-09-21 20:35:00,20:34,2026-09-21,saga,9,15,三連複,1-7-13,5225.6,5225.6,331,https://www.keiba.go.jp/KeibaWeb/TodayRaceInfo/Odds3LenFuku?k_babaCode=32&k_raceDate=2026%2F09%2F21&k_raceNo=9
2026-09-21 20:35:00,20:34,2026-09-21,saga,9,15,三連複,5-7-11,5225.6,5225.6,331,https://www.keiba.go.jp/KeibaWeb/TodayRaceInfo/Odds3LenFuku?k_babaCode=32&k_raceDate=2026%2F09%2F21&k_raceNo=9
2026-09-21 20:35:00,20:34,2026-09-21,saga,9,15,三連複,7-8-13,5225.6,5225.6,331,https://www.keiba.go.jp/KeibaWeb/TodayRaceInfo/Odds3LenFuku?k_babaCode=32&k_raceDate=2026%2F09%2F21&k_raceNo=9
2026-09-21 20:35:00,20:34,2026-09-21,saga,9,15,三連複,1-8-13,5661.1,5661.1,336,https://www.keiba.go.jp/KeibaWeb/TodayRaceInfo/Odds3LenFuku?k_babaCode=32&k_raceDate=2026%2F09%2F21&k_raceNo=9
2026-09-21 20:35:00,20:34,2026-09-21,saga,9,15,三連複,3-8-11,5661.1,5661.1,336,https://www.keiba.go.jp/KeibaWeb/TodayRaceInfo/Odds3LenFuku?k_babaCode=32&k_raceDate=2026%2F09%2F21&k_raceNo=9
2026-09-21 20:35:00,20:34,2026-09-21,saga,9,15,三連複,5-7-14,5661.1,5661.1,336,https://www.keiba.go.jp/KeibaWeb/TodayRaceInfo/Odds3LenFuku?k_babaCode=32&k_raceDate=2026%2F09%2F21&k_raceNo=9
2026-09-21 20:35:00,20:34,2026-09-21,saga,9,15,三連複,5-13-14,5661.1,5661.1,336,https://www.keiba.go.jp/KeibaWeb/TodayRaceInfo/Odds3LenFuku?k_babaCode=32&k_raceDate=2026%2F09%2F21&k_raceNo=9
2026-09-21 20:35:00,20:34,2026-09-21,saga,9,15,三連複,8-11-13,5661.1,5661.1,336,https://www.keiba.go.jp/KeibaWeb/TodayRaceInfo/Odds3LenFuku?k_babaCode=32&k_raceDate=2026%2F09%2F21&k_raceNo=9
2026-09-21 20:35:00,20:34,2026-09-21,saga,9,15,三連複,8-13-14,5661.1,5661.1,336,https://www.keiba.go.jp/KeibaWeb/TodayRaceInfo/Odds3LenFuku?k_babaCode=32&k_raceDate=2026%2F09%2F21&k_raceNo=9
2026-09-21 20:35:00,20:34,2026-09-21,saga,9,15,三連複,9-11-13,5661.1,5661.1,336,https://www.keiba.go.jp/KeibaWeb/TodayRaceInfo/Odds3LenFuku?k_babaCode=32&k_raceDate=2026%2F09%2F21&k_raceNo=9
2026-09-21 20:35:00,20:34,2026-09-21,saga,9,15,三連複,1-5-11,6175.7,6175.7,343,https://www.keiba.go.jp/KeibaWeb/TodayRaceInfo/Odds3LenFuku?k_babaCode=32&k_raceDate=2026%2F09%2F21&k_raceNo=9
2026-09-21 20:35:00,20:34,2026-09-21,saga,9,15,三連複,1-8-14,6175.7,6175.7,343,https://www.keiba.go.jp/KeibaWeb/TodayRaceInfo/Odds3LenFuku?k_babaCode=32&k_raceDate=2026%2F09%2F21&k_raceNo=9
2026-09-21 20:35:00,20:34,2026-09-21,saga,9,15,三連複,2-5-11,6175.7,6175.7,343,https://www.keiba.go.jp/KeibaWeb/TodayRaceInfo/Odds3LenFuku?k_babaCode=32&k_raceDate=2026%2F09%2F21&k_raceNo=9
2026-09-21 20:35:00,20:34,2026-09-21,saga,9,15,三連複,2-5-14,6175.7,6175.7,343,https://www.keiba.go.jp/KeibaWeb/TodayRaceInfo/Odds3LenFuku?k_babaCode=32&k_raceDate=2026%2F09%2F21&k_raceNo=9
2026-09-21 20:35:00,20:34,2026-09-21,saga,9,15,三連複,5-8-11,6175.7,6175.7,343,https://www.keiba.go.jp/KeibaWeb/TodayRaceInfo/Odds3LenFuku?k_babaCode=32&k_raceDate=2026%2F09%2F21&k_raceNo=9
2026-09-21 20:35:00,20:34,2026-09-21,saga,9,15,三連複,5-8-13,6175.7,6175.7,343,https://www.keiba.go.jp/KeibaWeb/TodayRaceInfo/Odds3LenFuku?k_babaCode=32&k_raceDate=2026%2F09%2F21&k_raceNo=9
2026-09-21 20:35:00,20:34,2026-09-21,saga,9,15,三連複,5-9-11,6175.7,6175.7,343,https://www.keiba.go.jp/KeibaWeb/TodayRaceInfo/Odds3LenFuku?k_babaCode=32&k_raceDate=2026%2F09%2F21&k_raceNo=9
2026-09-21 20:35:00,20:34,2026-09-21,saga,9,15,三連複,8-9-11,6175.7,6175.7,343,https://www.keiba.go.jp/KeibaWeb/TodayRaceInfo/Odds3LenFuku?k_babaCode=32&k_raceDate=2026%2F09%2F21&k_raceNo=9
2026-09-21 20:35:00,20:34,2026-09-21,saga,9,15,三連複,8-10-11,6175.7,6175.7,343,https://www.keiba.go.jp/KeibaWeb/TodayRaceInfo/Odds3LenFuku?k_babaCode=32&k_raceDate=2026%2F09%2F21&k_raceNo=9
2026-09-21 20:35:00,20:34,2026-09-21,saga,9,15,三連複,1-11-13,6793.3,6793.3,352,https://www.keiba.go.jp/KeibaWeb/TodayRaceInfo/Odds3LenFuku?k_babaCode=32&k_raceDate=2026%2F09%2F21&k_raceNo=9
2026-09-21 20:35:00,20:34,2026-09-21,saga,9,15,三連複,8-11-12,6793.3,6793.3,352,https://www.keiba.go.jp/KeibaWeb/TodayRaceInfo/Odds3LenFuku?k_babaCode=32&k_raceDate=2026%2F09%2F21&k_raceNo=9
2026-09-21 20:35:00,20:34,2026-09-21,saga,9,15,三連複,3-5-13,7548.1,7548.1,354,https://www.keiba.go.jp/KeibaWeb/TodayRaceInfo/Odds3LenFuku?k_babaCode=32&k_raceDate=2026%2F09%2F21&k_raceNo=9
2026-09-21 20:35:00,20:34,2026-09-21,saga,9,15,三連複,5-10-11,7548.1,7548.1,354,https://www.keiba.go.jp/KeibaWeb/TodayRaceInfo/Odds3LenFuku?k_babaCode=32&k_raceDate=2026%2F09%2F21&k_raceNo=9
2026-09-21 20:35:00,20:34,2026-09-21,saga,9,15,三連複,7-11-13,7548.1,7548.1,354,https://www.keiba.go.jp/KeibaWeb/TodayRaceInfo/Odds3LenFuku?k_babaCode=32&k_raceDate=2026%2F09%2F21&k_raceNo=9
2026-09-21 20:35:00,20:34,2026-09-21,saga,9,15,三連複,5-7-13,8491.6,8491.6,357,https://www.keiba.go.jp/KeibaWeb/TodayRaceInfo/Odds3LenFuku?k_babaCode=32&k_raceDate=2026%2F09%2F21&k_raceNo=9
2026-09-21 20:35:00,20:34,2026-09-21,saga,9,15,三連複,5-11-12,8491.6,8491.6,357,https://www.keiba.go.jp/KeibaWeb/TodayRaceInfo/Odds3LenFuku?k_babaCode=32&k_raceDate=2026%2F09%2F21&k_raceNo=9
2026-09-21 20:35:00,20:34,2026-09-21,saga,9,15,三連複,3-7-13,9704.7,9704.7,359,https://www.keiba.go.jp/KeibaWeb/TodayRaceInfo/Odds3LenFuku?k_babaCode=32&k_raceDate=2026%2F09%2F21&k_raceNo=9
2026-09-21 20:35:00,20:34,2026-09-21,saga,9,15,三連複,5-11-13,9704.7,9704.7,359,https://www.keiba.go.jp/KeibaWeb/TodayRaceInfo/Odds3LenFuku?k_babaCode=32&k_raceDate=2026%2F09%2F21&k_raceNo=9
2026-09-21 20:35:00,20:34,2026-09-21,saga,9,15,三連複,1-5-14,11322.2,11322.2,361,https://www.keiba.go.jp/KeibaWeb/TodayRaceInfo/Odds3LenFuku?k_babaCode=32&k_raceDate=2026%2F09%2F21&k_raceNo=9
2026-09-21 20:35:00,20:34,2026-09-21,saga,9,15,三連複,3-5-11,11322.2,11322.2,361,https://www.keiba.go.jp/KeibaWeb/TodayRaceInfo/Odds3LenFuku?k_babaCode=32&k_raceDate=2026%2F09%2F21&k_raceNo=9
2026-09-21 20:35:00,20:34,2026-09-21,saga,9,15,三連複,5-11-14,13586.6,13586.6,363,https://www.keiba.go.jp/KeibaWeb/TodayRaceInfo/Odds3LenFuku?k_babaCode=32&k_raceDate=2026%2F09%2F21&k_raceNo=9
2026-09-21 20:35:00,20:34,2026-09-21,saga,9,15,三連複,5-8-14,22644.4,22644.4,364,https://www.keiba.go.jp/KeibaWeb/TodayRaceInfo/Odds3LenFuku?k_babaCode=32&k_raceDate=2026%2F09%2F21&k_raceNo=9
